HIERARCHY
ROOT Hips
{
	OFFSET 0.00000 0.00000 0.00000
	CHANNELS 6 Xposition Yposition Zposition Zrotation Yrotation Xrotation 
	JOINT LHipJoint
	{
		OFFSET 0 0 0
		CHANNELS 3 Zrotation Yrotation Xrotation
		JOINT LeftUpLeg
		{
			OFFSET 1.65674 -1.80282 0.62477
			CHANNELS 3 Zrotation Yrotation Xrotation
			JOINT LeftLeg
			{
				OFFSET 2.59720 -7.13576 0.00000
				CHANNELS 3 Zrotation Yrotation Xrotation
				JOINT LeftFoot
				{
					OFFSET 2.49236 -6.84770 0.00000
					CHANNELS 3 Zrotation Yrotation Xrotation
					JOINT LeftToeBase
					{
						OFFSET 0.19704 -0.54136 2.14581
						CHANNELS 3 Zrotation Yrotation Xrotation
						End Site
						{
							OFFSET 0.00000 -0.00000 1.11249
						}
					}
				}
			}
		}
	}
	JOINT RHipJoint
	{
		OFFSET 0 0 0
		CHANNELS 3 Zrotation Yrotation Xrotation
		JOINT RightUpLeg
		{
			OFFSET -1.61070 -1.80282 0.62476
			CHANNELS 3 Zrotation Yrotation Xrotation
			JOINT RightLeg
			{
				OFFSET -2.59502 -7.12977 0.00000
				CHANNELS 3 Zrotation Yrotation Xrotation
				JOINT RightFoot
				{
					OFFSET -2.46780 -6.78024 0.00000
					CHANNELS 3 Zrotation Yrotation Xrotation
					JOINT RightToeBase
					{
						OFFSET -0.23024 -0.63258 2.13368
						CHANNELS 3 Zrotation Yrotation Xrotation
						End Site
						{
							OFFSET -0.00000 -0.00000 1.11569
						}
					}
				}
			}
		}
	}
	JOINT LowerBack
	{
		OFFSET 0 0 0
		CHANNELS 3 Zrotation Yrotation Xrotation
		JOINT Spine
		{
			OFFSET 0.01961 2.05450 -0.14112
			CHANNELS 3 Zrotation Yrotation Xrotation
			JOINT Spine1
			{
				OFFSET 0.01021 2.06436 -0.05921
				CHANNELS 3 Zrotation Yrotation Xrotation
				JOINT Neck
				{
					OFFSET 0 0 0
					CHANNELS 3 Zrotation Yrotation Xrotation
					JOINT Neck1
					{
						OFFSET 0.00713 1.56711 0.14968
						CHANNELS 3 Zrotation Yrotation Xrotation
						JOINT Head
						{
							OFFSET 0.03429 1.56041 -0.10006
							CHANNELS 3 Zrotation Yrotation Xrotation
							End Site
							{
								OFFSET 0.01305 1.62560 -0.05265
							}
						}
					}
				}
				JOINT LeftShoulder
				{
					OFFSET 0 0 0
					CHANNELS 3 Zrotation Yrotation Xrotation
					JOINT LeftArm
					{
						OFFSET 3.54205 0.90436 -0.17364
						CHANNELS 3 Zrotation Yrotation Xrotation
						JOINT LeftForeArm
						{
							OFFSET 4.86513 -0.00000 -0.00000
							CHANNELS 3 Zrotation Yrotation Xrotation
							JOINT LeftHand
							{
								OFFSET 3.35554 -0.00000 0.00000
								CHANNELS 3 Zrotation Yrotation Xrotation
								JOINT LeftFingerBase
								{
									OFFSET 0 0 0
									CHANNELS 3 Zrotation Yrotation Xrotation
									JOINT LeftHandIndex1
									{
										OFFSET 0.66117 -0.00000 0.00000
										CHANNELS 3 Zrotation Yrotation Xrotation
										End Site
										{
											OFFSET 0.53306 -0.00000 0.00000
										}
									}
								}
								JOINT LThumb
								{
									OFFSET 0 0 0
									CHANNELS 3 Zrotation Yrotation Xrotation
									End Site
									{
										OFFSET 0.54120 -0.00000 0.54120
									}
								}
							}
						}
					}
				}
				JOINT RightShoulder
				{
					OFFSET 0 0 0
					CHANNELS 3 Zrotation Yrotation Xrotation
					JOINT RightArm
					{
						OFFSET -3.49802 0.75994 -0.32616
						CHANNELS 3 Zrotation Yrotation Xrotation
						JOINT RightForeArm
						{
							OFFSET -5.02649 -0.00000 0.00000
							CHANNELS 3 Zrotation Yrotation Xrotation
							JOINT RightHand
							{
								OFFSET -3.36431 -0.00000 0.00000
								CHANNELS 3 Zrotation Yrotation Xrotation
								JOINT RightFingerBase
								{
									OFFSET 0 0 0
									CHANNELS 3 Zrotation Yrotation Xrotation
									JOINT RightHandIndex1
									{
										OFFSET -0.73041 -0.00000 0.00000
										CHANNELS 3 Zrotation Yrotation Xrotation
										End Site
										{
											OFFSET -0.58887 -0.00000 0.00000
										}
									}
								}
								JOINT RThumb
								{
									OFFSET 0 0 0
									CHANNELS 3 Zrotation Yrotation Xrotation
									End Site
									{
										OFFSET -0.59786 -0.00000 0.59786
									}
								}
							}
						}
					}
				}
			}
		}
	}
}
MOTION
Frames: 564
Frame Time: .0333333
9.9324 17.6232 -3.5891 0 0 0 0 0 0 -21 0 0 0 0 0 0 0 0 0 0 0 0 0 0 21 0 0 0 0 0 0 0 0 0 0 0 0 0 0 0 0 0 0 0 0 0 0 -16 0 0 21 0 0 11 0 0 0 -8 0 0 0 0 0 0 0 0 0 0 0 0 0 0 0 0 0 0 0 0 8 0 0 0 0 0 0 0 0 0 0 0 0 0 0 0 0 0
9.9324 17.6232 -3.5891 4.5012 -20.7942 -9.3999 0.0000 0.0000 0.0000 -21.6091 -3.9603 -5.8644 0.6179 5.0307 13.9961 -0.8051 15.7936 -3.6233 0.1898 -2.8056 -7.7381 0.0000 0.0000 0.0000 16.8915 -5.7067 7.2738 -1.0749 -6.5903 18.5072 -0.9487 -12.5371 -26.8328 -0.0087 -0.6016 1.6532 0.7643 0.4051 1.0083 0.5546 0.5339 1.6880 0.1396 0.2712 1.1644 -1.7824 2.9136 -12.6377 0.7149 4.1115 4.7087 0.8501 2.0283 3.7451 -0.0000 -0.0000 0.0000 -97.8979 -33.3605 53.3336 36.7217 -46.0031 -16.0395 -0.0000 0.0000 -45.5834 49.4056 19.0786 20.8786 -7.1250 0.0000 -0.0000 24.0049 56.3109 6.9388 -0.0000 -0.0000 0.0000 96.3534 28.9423 97.0396 -26.4315 37.6317 -9.1499 0.0000 -0.0000 -40.6166 -49.0399 14.5825 -16.1743 7.1250 -0.0000 -0.0000 -13.9351 -8.8364 -11.9992
9.9068 17.6271 -3.6396 2.0070 -21.1604 -8.0273 0.0000 0.0000 0.0000 -18.6267 -4.4487 -8.0158 0.8789 5.9768 16.7171 -0.7502 15.1373 -5.0051 0.1777 -2.7154 -7.4875 0.0000 0.0000 0.0000 19.9803 -5.1224 7.7282 -0.8619 -5.9202 16.5531 -0.7342 -13.7266 -26.3543 -0.0225 -0.9677 2.6599 3.0876 0.4579 0.6581 1.1699 0.5981 1.2996 -0.5299 0.3206 0.9825 -1.6812 3.0875 -11.9987 1.0118 4.2942 4.6488 0.9263 2.1365 3.5908 -0.0000 -0.0000 0.0000 -97.0942 -35.9767 54.4826 38.2930 -47.0254 -17.1797 -0.0000 0.0000 -45.6904 50.4711 18.7938 21.3264 -7.1250 0.0000 -0.0000 25.2985 56.2610 7.3156 -0.0000 -0.0000 0.0000 97.2392 30.8917 95.7202 -26.5567 37.7531 -9.2264 0.0000 -0.0000 -38.4580 -48.3282 13.9705 -15.1756 7.1250 -0.0000 -0.0000 -13.6450 -9.9128 -11.4301
9.8943 17.6147 -3.6311 3.3101 -20.8324 -9.1768 0.0000 0.0000 0.0000 -20.1039 -4.2331 -6.9903 0.8380 5.8395 16.3196 -0.7604 15.2434 -4.8903 0.1656 -2.6218 -7.2276 0.0000 0.0000 0.0000 18.4318 -5.7280 8.2115 -0.9048 -6.0617 16.9636 -0.7705 -13.4018 -26.3069 -0.0107 -0.6665 1.8315 1.9746 0.5114 1.0790 0.8598 0.6873 1.1674 -0.2298 0.3533 0.6033 -0.6002 2.8532 -12.2621 -0.5219 3.9504 5.5766 0.2216 1.9076 4.0360 0.0000 -0.0000 0.0000 -96.4604 -38.7180 55.6754 39.5297 -47.7888 -18.0901 -0.0000 0.0000 -45.1748 50.4619 18.1102 20.6352 -7.1250 0.0000 -0.0000 24.9797 55.3686 6.6609 0.0000 -0.0000 0.0000 97.8182 33.1040 94.6573 -26.8065 37.9940 -9.3797 0.0000 -0.0000 -36.7701 -48.5342 14.6935 -16.0157 7.1250 -0.0000 -0.0000 -13.6012 -8.8546 -11.6887
9.8596 17.6108 -3.6602 3.3427 -20.7385 -9.3763 0.0000 0.0000 0.0000 -20.0259 -4.3432 -6.5632 0.7942 5.6884 15.8828 -0.7792 15.4289 -4.8505 0.1403 -2.4141 -6.6516 0.0000 0.0000 0.0000 18.5515 -5.8351 8.0121 -0.9619 -6.2449 17.4965 -0.7389 -13.6286 -26.2907 -0.0037 -0.3906 1.0732 1.7550 0.5887 1.0058 0.9182 0.7899 1.0317 -0.0478 0.4017 0.5032 -1.7176 2.9398 -12.0384 1.0600 4.1057 5.9404 0.9617 2.0369 4.0601 -0.0000 -0.0000 0.0000 -95.2832 -42.2701 57.2701 41.5203 -48.9453 -19.5781 -0.0000 0.0000 -45.7071 50.3800 19.2229 21.6880 -7.1250 0.0000 -0.0000 25.3707 56.7881 7.6694 -0.0000 -0.0000 0.0000 98.4110 36.1265 94.3573 -27.0684 38.2444 -9.5415 0.0000 -0.0000 -35.3301 -49.7365 15.5758 -17.5901 7.1250 -0.0000 -0.0000 -14.1146 -7.2194 -12.6282
9.8396 17.6111 -3.6563 3.9353 -20.5436 -9.6096 0.0000 0.0000 0.0000 -20.6828 -4.6421 -5.9710 0.7246 5.4390 15.1650 -0.8242 15.9327 -4.0088 0.2816 -3.4130 -9.4308 0.0000 0.0000 0.0000 17.8707 -6.0692 7.7865 -1.0101 -6.3948 17.9344 -0.7676 -13.3600 -26.2426 -0.0012 -0.2259 0.6206 1.4971 0.7386 0.5135 0.6834 0.9822 0.8452 -0.1392 0.4972 0.5904 -1.4875 2.8607 -12.5333 1.0495 3.9731 7.3504 0.8447 1.9757 4.1813 0.0000 0.0000 0.0000 -94.7258 -45.5801 58.4387 43.2979 -49.9068 -20.9284 -0.0000 0.0000 -46.1113 51.1522 17.0514 20.0056 -7.1250 0.0000 -0.0000 25.3886 54.1770 6.0224 0.0000 0.0000 0.0000 98.8957 39.4166 93.4696 -27.6444 38.7868 -9.9001 0.0000 -0.0000 -36.0125 -49.1771 16.6274 -18.3268 7.1250 -0.0000 -0.0000 -13.5249 -5.9897 -12.3985
9.8056 17.6002 -3.6643 4.1125 -20.3934 -10.0458 0.0000 0.0000 0.0000 -20.7933 -4.4419 -5.8317 0.7674 5.5940 15.6108 -0.7995 15.6523 -4.4598 0.2061 -2.9234 -8.0655 0.0000 0.0000 0.0000 17.7005 -6.4856 8.4006 -0.9600 -6.2387 17.4786 -0.7816 -13.2020 -26.1937 -0.0041 -0.4119 1.1317 1.2232 0.7317 0.4799 0.6025 0.9739 0.7547 -0.0690 0.4912 0.5133 -1.0711 2.9823 -12.5373 0.7904 4.0956 8.0633 0.7164 2.0290 4.4143 0.0000 -0.0000 0.0000 -93.3438 -49.5178 59.4701 45.0760 -50.8057 -22.2976 -0.0000 0.0000 -46.2211 50.9128 17.1619 19.9637 -7.1250 0.0000 -0.0000 25.1347 54.2535 6.0044 0.0000 -0.0000 0.0000 99.8976 42.3818 92.8369 -28.5057 39.5776 -10.4443 0.0000 -0.0000 -33.7140 -51.3107 17.2114 -20.2784 7.1250 -0.0000 -0.0000 -14.6333 -4.3344 -13.9576
9.7756 17.6074 -3.6749 2.8328 -20.7781 -9.9037 0.0000 0.0000 0.0000 -19.2654 -4.4979 -6.0424 0.8764 5.9684 16.6926 -0.7772 15.4056 -4.9289 0.2503 -3.2195 -8.8904 0.0000 0.0000 0.0000 19.1496 -6.7212 9.0500 -0.8576 -5.9057 16.5109 -0.6067 -13.7539 -25.3657 -0.0001 0.0495 -0.1361 2.8410 1.0571 0.2862 0.7880 1.4026 0.6685 -0.7806 0.7130 0.5730 -1.1228 2.8971 -11.5029 1.0492 3.9544 7.3686 0.8547 1.9706 4.4838 0.0000 -0.0000 0.0000 -93.1794 -53.3256 60.9548 47.3247 -51.8578 -24.0536 -0.0000 0.0000 -45.9411 51.4507 17.4297 20.6014 -7.1250 0.0000 -0.0000 25.9510 54.7673 6.5553 0.0000 -0.0000 0.0000 100.6612 45.9342 92.3903 -28.8566 39.8930 -10.6686 0.0000 -0.0000 -32.3411 -52.6306 18.1436 -22.1828 7.1250 -0.0000 -0.0000 -15.1514 -2.4526 -15.0312
9.7407 17.5959 -3.6804 4.1901 -20.2318 -10.5932 0.0000 0.0000 0.0000 -20.7101 -4.3814 -5.1779 0.7524 5.5402 15.4560 -0.7926 15.6203 -4.0653 0.3301 -3.6924 -10.2129 0.0000 0.0000 0.0000 17.7804 -6.8296 8.7753 -0.9801 -6.3020 17.6632 -0.7190 -13.5176 -26.0213 -0.0001 -0.0673 0.1848 1.5273 1.1096 0.1608 0.3851 1.4767 0.4543 -0.4582 0.7429 0.4032 -1.2125 2.6281 -11.5490 1.1769 3.5947 8.4881 0.8110 1.8005 4.3792 0.0000 -0.0000 0.0000 -92.0738 -57.1999 61.9429 49.5650 -52.8186 -25.8272 -0.0000 0.0000 -45.5588 52.1497 17.8043 21.4786 -7.1250 0.0000 -0.0000 27.0612 55.4756 7.3484 0.0000 -0.0000 0.0000 101.6686 49.5823 92.3158 -29.2796 40.2679 -10.9410 0.0000 -0.0000 -32.0166 -52.3410 18.7178 -22.5786 7.1250 -0.0000 -0.0000 -14.8353 -1.7942 -14.8758
9.7070 17.6025 -3.6871 4.2979 -20.1673 -10.7103 0.0000 0.0000 0.0000 -20.7362 -4.6071 -4.7825 0.7122 5.3933 15.0337 -0.8243 15.9267 -4.0778 0.2826 -3.4191 -9.4477 0.0000 0.0000 0.0000 17.7380 -7.0124 8.6928 -1.0053 -6.3800 17.8911 -0.7439 -13.3996 -26.0968 -0.0018 -0.2750 0.7555 1.7110 1.3878 -0.1955 0.0639 1.8427 0.3501 -0.8800 0.9276 0.5197 -0.2523 2.6829 -11.9219 0.8763 3.5457 9.0411 0.5732 1.7886 4.6348 -0.0000 -0.0000 0.0000 -91.3626 -61.6011 63.4161 51.6041 -53.6223 -27.4605 -0.0000 0.0000 -45.5523 51.3223 17.8231 20.9246 -7.1250 0.0000 -0.0000 25.9730 55.2487 6.8747 -0.0000 -0.0000 0.0000 102.3870 53.1343 91.0520 -30.0813 40.9630 -11.4629 0.0000 -0.0000 -30.2001 -52.6774 20.2764 -24.4437 7.1250 -0.0000 -0.0000 -14.6114 0.4966 -15.2401
9.6720 17.5939 -3.6843 4.2075 -20.0324 -10.7932 0.0000 0.0000 0.0000 -20.5909 -4.4716 -4.4916 0.6963 5.3339 14.8634 -0.8068 15.7772 -3.8928 0.2563 -3.2575 -8.9964 0.0000 0.0000 0.0000 17.8244 -7.4834 8.6164 -1.0312 -6.4591 18.1225 -0.7381 -13.3588 -26.0099 -0.0012 0.2277 -0.6256 1.8292 1.4387 -0.3513 0.0403 1.9095 0.0849 -0.9699 0.9581 0.3421 -0.6640 2.5107 -11.5033 1.6502 3.2932 9.1017 0.8539 1.6989 4.5658 0.0000 0.0000 0.0000 -89.9530 -65.5367 63.9192 53.6216 -54.3557 -29.0926 -0.0000 0.0000 -44.3770 51.9274 17.8563 21.3777 -7.1250 0.0000 -0.0000 26.7910 55.4761 7.2673 0.0000 0.0000 0.0000 103.6448 56.5962 91.2771 -31.0278 41.7583 -12.0884 0.0000 -0.0000 -29.7157 -54.9217 22.3654 -28.4511 7.1250 -0.0000 -0.0000 -15.2764 4.5203 -17.0292
9.6323 17.5865 -3.6812 4.1331 -20.3210 -11.1375 0.0000 0.0000 0.0000 -20.3073 -4.3421 -4.2617 0.7273 5.4492 15.1943 -0.8181 15.8411 -4.3481 0.2306 -3.0908 -8.5317 0.0000 0.0000 0.0000 18.0148 -7.5066 9.2560 -0.9940 -6.3453 17.7896 -0.7733 -13.1665 -26.0933 -0.0007 -0.1652 0.4539 1.9624 1.6582 -0.3008 0.1761 2.2054 -0.2027 -0.9100 1.1011 0.0280 -0.2683 2.4843 -11.0707 1.2505 3.2377 9.6917 0.6630 1.6598 4.6909 0.0000 -0.0000 0.0000 -87.4234 -69.3730 63.2858 56.5452 -55.3168 -31.4829 -0.0000 0.0000 -43.5914 52.7196 18.1116 22.2133 -7.1250 0.0000 -0.0000 28.0009 56.0597 8.0429 0.0000 -0.0000 0.0000 104.5903 59.6189 90.7895 -31.6401 42.2584 -12.4981 0.0000 -0.0000 -27.7742 -54.5320 22.1041 -27.8414 7.1250 -0.0000 -0.0000 -15.1372 3.9476 -16.7210
9.5931 17.5819 -3.7028 3.7640 -20.2930 -11.1074 0.0000 0.0000 0.0000 -19.7322 -4.6470 -4.4578 0.7796 5.6371 15.7351 -0.8406 15.9912 -5.3663 0.0825 -1.8523 -5.0977 0.0000 0.0000 0.0000 18.7773 -7.0905 9.4499 -0.9874 -6.3248 17.7296 -0.7057 -13.9066 -26.3174 -0.0053 0.4689 -1.2884 2.3205 1.9459 -0.2046 0.3354 2.5924 -0.3451 -0.9514 1.2911 -0.1515 -1.0758 2.2083 -11.3222 2.0894 2.8952 9.9880 1.0348 1.5161 4.8020 0.0000 -0.0000 0.0000 -85.6639 -73.7875 63.3303 59.4177 -56.1528 -33.8571 -0.0000 0.0000 -43.5352 53.9892 18.8022 23.9141 -7.1250 0.0000 -0.0000 30.2190 57.3797 9.7586 0.0000 -0.0000 0.0000 105.3477 63.6704 90.6408 -31.8479 42.4256 -12.6381 0.0000 -0.0000 -26.5998 -54.3946 22.6067 -28.2278 7.1250 -0.0000 -0.0000 -14.9204 4.5416 -16.6093
9.5546 17.5788 -3.6831 4.4695 -20.3466 -11.7017 0.0000 0.0000 0.0000 -20.3851 -4.5014 -3.9589 0.7828 5.6485 15.7679 -0.8284 15.9063 -4.7774 0.1556 -2.5419 -7.0058 0.0000 0.0000 0.0000 17.9595 -7.4384 9.7944 -1.0164 -6.4141 17.9909 -0.8208 -13.1320 -26.4287 -0.0025 0.3216 -0.8836 1.7251 2.0175 -0.3348 0.1200 2.6859 -0.3766 -0.8349 1.3391 -0.1245 -0.7206 2.3552 -11.7666 2.5093 2.9712 10.9314 1.1314 1.5986 5.1666 -0.0000 -0.0000 0.0000 -78.3437 -77.8924 57.5559 61.5137 -56.7000 -35.6035 -0.0000 0.0000 -42.7032 52.6816 17.5958 21.6313 -7.1250 0.0000 -0.0000 27.6630 55.3633 7.4529 -0.0000 -0.0000 0.0000 108.4344 67.4652 93.0447 -32.0653 42.5992 -12.7850 0.0000 -0.0000 -25.6012 -58.2970 24.8780 -34.2576 7.1250 -0.0000 -0.0000 -16.3524 9.9876 -19.6869
9.5307 17.5428 -3.6726 4.7360 -19.9538 -11.9939 0.0000 0.0000 0.0000 -20.7567 -4.3042 -3.7214 0.7875 5.6649 15.8151 -0.7609 15.4204 -3.1533 0.5577 -4.7836 -13.2924 0.0000 0.0000 0.0000 17.6247 -7.8297 9.7540 -1.0789 -6.6021 18.5418 -0.8729 -13.1214 -26.8158 -0.0008 0.1813 -0.4982 1.5580 2.0936 -0.4009 0.1996 2.7882 -0.5760 -0.6622 1.3881 -0.3008 -0.5364 2.1085 -11.2353 1.7433 2.7076 10.8587 0.8348 1.4225 5.0736 -0.0000 0.0000 0.0000 -72.6045 -81.6468 52.7505 63.6410 -57.2046 -37.3866 -0.0000 0.0000 -41.3962 53.8321 18.0157 22.9319 -7.1250 0.0000 -0.0000 29.4921 56.2877 8.6939 -0.0000 0.0000 0.0000 111.7086 70.9672 95.0946 -32.1288 42.6496 -12.8280 0.0000 -0.0000 -23.8252 -63.4167 28.0857 -43.2539 7.1250 -0.0000 -0.0000 -18.0241 17.9922 -23.6734
9.4988 17.5652 -3.6724 4.4149 -19.8242 -11.9415 0.0000 0.0000 0.0000 -20.2617 -4.8502 -4.1257 0.8745 5.9620 16.6742 -0.7777 15.4501 -4.3228 0.3436 -3.7663 -10.4202 0.0000 0.0000 0.0000 17.9827 -8.1811 10.0832 -1.0051 -6.3795 17.8897 -0.8241 -13.2306 -26.5505 -0.0000 -0.0004 0.0010 1.9289 2.1532 -0.5599 0.3857 2.8648 -0.7216 -0.6755 1.4237 -0.3506 -0.3752 2.1638 -10.7838 1.5158 2.7884 10.3579 0.7329 1.4522 4.8478 0.0000 0.0000 0.0000 -53.5007 -85.4797 34.4966 64.8772 -57.4754 -38.4274 -0.0000 0.0000 -40.3645 53.2693 17.4017 21.8401 -7.1250 0.0000 -0.0000 28.3464 55.2880 7.6059 0.0000 0.0000 0.0000 115.5591 74.7057 98.6307 -32.7722 43.1542 -13.2660 0.0000 -0.0000 -23.2015 -57.2152 23.9207 -32.1919 7.1250 -0.0000 -0.0000 -16.0636 8.0022 -18.8492
9.4657 17.5270 -3.6561 5.1458 -19.2687 -12.2617 0.0000 0.0000 0.0000 -21.0755 -4.3068 -4.2346 0.8986 6.0414 16.9046 -0.6995 14.6537 -4.4098 0.3559 -3.8327 -10.6064 0.0000 0.0000 0.0000 17.2399 -8.3878 9.9850 -1.0873 -6.6271 18.6153 -0.9912 -12.7595 -27.3560 -0.0006 -0.1575 0.4327 1.1798 2.1768 -0.8484 0.2854 2.8945 -0.8689 -0.3523 1.4410 -0.3707 -1.3238 2.0165 -11.3934 2.4355 2.6174 11.6844 1.1825 1.3939 5.3374 0.0000 0.0000 0.0000 -1.3332 -86.9642 -17.0542 67.8482 -58.0622 -40.9408 -0.0000 0.0000 -40.2506 53.2784 16.7303 21.1015 -7.1250 0.0000 -0.0000 27.9751 54.3873 6.8591 0.0000 0.0000 0.0000 121.6483 77.9451 104.1683 -33.3528 43.5995 -13.6648 0.0000 -0.0000 -21.8178 -57.6820 24.0367 -32.7763 7.1250 -0.0000 -0.0000 -16.2785 8.4626 -19.2329
9.4257 17.5069 -3.6431 4.5280 -19.2980 -12.2302 0.0000 0.0000 0.0000 -20.3487 -4.3599 -4.1556 0.9549 6.2226 17.4318 -0.6845 14.4974 -4.4090 0.4030 -4.0756 -11.2895 0.0000 0.0000 0.0000 18.0364 -8.4195 10.2405 -1.0918 -6.6403 18.6541 -0.9597 -13.0996 -27.4430 -0.0000 0.0395 -0.1084 1.6907 2.3038 -1.0271 0.5908 3.0580 -0.9513 -0.3179 1.5203 -0.3428 -0.4772 1.9708 -11.2465 1.2374 2.5746 11.8173 0.6670 1.3246 5.3837 -0.0000 -0.0000 0.0000 48.2127 -85.5058 -66.2502 69.8509 -58.4090 -42.6436 -0.0000 0.0000 -38.7614 52.6645 15.1014 18.8577 -7.1250 0.0000 -0.0000 26.3283 51.9810 4.8006 -0.0000 -0.0000 0.0000 129.8116 81.1545 112.0356 -34.4448 44.4116 -14.4234 0.0000 -0.0000 -21.8103 -59.0157 25.7489 -35.8842 7.1250 -0.0000 -0.0000 -16.4651 11.6232 -20.2046
9.4005 17.4923 -3.6388 5.4146 -18.5651 -12.8461 0.0000 0.0000 0.0000 -21.3159 -4.0380 -3.9134 0.9541 6.2202 17.4246 -0.6247 13.8654 -4.2306 0.3691 -3.9022 -10.8017 0.0000 0.0000 0.0000 16.9384 -9.0167 10.1118 -1.2000 -6.9504 19.5684 -1.1074 -12.5195 -27.9798 -0.0007 -0.1742 0.4786 0.9636 2.3927 -0.6973 0.2228 3.1856 -0.9330 -0.3026 1.5865 -0.5248 0.3897 1.9003 -13.2668 0.3592 2.4459 14.0057 0.2799 1.2334 6.4422 0.0000 -0.0000 0.0000 69.0042 -82.5477 -86.3439 72.6746 -58.8349 -45.0545 -0.0000 0.0000 -37.8691 53.4697 16.4257 20.8930 -7.1250 0.0000 -0.0000 28.0535 54.0336 6.6295 0.0000 -0.0000 0.0000 152.7269 83.3873 132.8994 -33.0525 43.3704 -13.4581 0.0000 -0.0000 -20.3838 -58.7221 26.6248 -36.4166 7.1250 -0.0000 -0.0000 -16.0360 12.5374 -19.8320
9.3689 17.4636 -3.6342 5.6082 -18.0992 -13.3122 0.0000 0.0000 0.0000 -21.4943 -3.8516 -4.0735 1.0620 6.5519 18.3944 -0.5566 13.0882 -4.3913 0.2730 -3.3607 -9.2847 0.0000 0.0000 0.0000 16.7995 -9.1981 10.4394 -1.2443 -7.0729 19.9316 -1.1578 -12.7622 -28.5518 -0.0004 0.1234 -0.3392 0.7554 2.3696 -0.3912 0.2246 3.1587 -0.8608 -0.1973 1.5743 -0.6338 -0.9676 1.9486 -13.2576 1.9571 2.5251 13.8196 1.0163 1.3342 6.3402 0.0000 -0.0000 0.0000 77.0824 -80.0120 -94.8156 74.7287 -59.1002 -46.8146 -0.0000 0.0000 -36.9808 51.7647 13.8566 16.9069 -7.1250 0.0000 -0.0000 24.6758 50.0134 3.2231 0.0000 -0.0000 0.0000 166.7997 84.8978 146.8599 -35.9284 45.4638 -15.4714 0.0000 -0.0000 -17.2207 -62.1626 24.6510 -38.3028 7.1250 -0.0000 -0.0000 -18.4674 12.5580 -23.1258
9.3281 17.4598 -3.6180 4.7830 -17.9856 -13.0205 0.0000 0.0000 0.0000 -20.4478 -3.6950 -5.0584 1.2602 7.1162 20.0601 -0.4815 12.1863 -4.5139 0.3140 -3.6023 -9.9604 0.0000 0.0000 0.0000 17.7110 -9.7175 10.6715 -1.1676 -6.8591 19.2986 -1.0900 -12.9869 -28.2776 -0.0000 -0.0337 0.0926 1.5373 2.2733 -0.8748 0.4517 3.0205 -0.8438 -0.3788 1.5029 -0.3190 -0.4311 2.1548 -14.4781 1.5320 2.7627 15.0151 0.8459 1.4422 6.9448 0.0000 0.0000 0.0000 78.8501 -77.7779 -96.4947 77.3823 -59.3898 -49.0951 -0.0000 0.0000 -36.1165 52.4398 13.9761 17.4358 -7.1250 0.0000 -0.0000 25.5092 50.3605 3.5735 0.0000 0.0000 0.0000 -168.3270 84.2644 169.7019 -36.8711 46.1029 -16.1471 0.0000 -0.0000 -18.1038 -58.0635 26.4547 -35.5532 7.1250 -0.0000 -0.0000 -15.7426 11.8631 -19.3029
9.2995 17.4434 -3.6117 5.1437 -18.0714 -13.4612 0.0000 0.0000 0.0000 -20.6766 -3.4755 -5.1199 1.3507 7.3574 20.7787 -0.4634 11.9696 -4.9371 0.2312 -3.0949 -8.5430 0.0000 0.0000 0.0000 17.3439 -9.7794 10.8052 -1.2322 -7.0396 19.8326 -1.1191 -12.9186 -28.4211 -0.0055 0.4781 -1.3136 1.4772 2.2215 -0.8036 0.2913 2.9538 -0.9249 -0.5148 1.4682 -0.4376 -0.6633 2.2535 -14.4241 1.8785 2.8859 15.2924 1.0107 1.5191 7.0145 0.0000 0.0000 0.0000 78.9008 -76.3725 -96.3067 79.4591 -59.5760 -50.8844 -0.0000 0.0000 -34.2890 52.6026 13.8015 17.3306 -7.1250 0.0000 -0.0000 25.6146 50.1612 3.4584 0.0000 0.0000 0.0000 -155.1212 83.0410 -178.0310 -36.7464 46.0196 -16.0573 0.0000 -0.0000 -17.7100 -59.3790 28.6144 -38.9770 7.1250 -0.0000 -0.0000 -15.7353 15.4854 -20.0114
9.2735 17.4162 -3.6058 4.9935 -18.3557 -13.9076 0.0000 0.0000 0.0000 -20.3084 -3.0553 -5.5790 1.5782 7.9260 22.4895 -0.4089 11.3218 -5.5699 0.1607 -2.5825 -7.1185 0.0000 0.0000 0.0000 17.3763 -10.1486 11.1252 -1.2670 -7.1345 20.1146 -1.2549 -12.1742 -28.7137 -0.0005 0.1473 -0.4048 1.9219 2.4817 -0.3505 0.3461 3.3116 -1.0586 -0.7294 1.6404 -0.7996 -1.0250 2.3518 -14.0709 2.5196 2.9828 15.4470 1.2833 1.6022 6.9851 -0.0000 -0.0000 0.0000 81.8359 -75.8179 -99.6705 80.8521 -59.6814 -52.0861 -0.0000 0.0000 -34.2849 51.1491 12.4925 15.0320 -7.1250 0.0000 -0.0000 23.4116 47.9599 1.8028 -0.0000 -0.0000 0.0000 -146.0907 82.8930 -169.4974 -36.9299 46.1421 -16.1895 0.0000 -0.0000 -17.2448 -59.7700 28.7281 -39.5175 7.1250 -0.0000 -0.0000 -15.9010 15.9097 -20.3160
9.2580 17.3780 -3.5946 4.5620 -18.7497 -14.1481 0.0000 0.0000 0.0000 -19.6700 -2.9514 -6.2551 1.8892 8.6313 24.6485 -0.3592 10.8045 -6.4610 0.1362 -2.3788 -6.5538 0.0000 0.0000 0.0000 17.7658 -10.3280 11.5105 -1.2941 -7.2075 20.3317 -1.3934 -11.5240 -29.1196 -0.0001 -0.0541 0.1485 2.6236 2.5297 -0.2753 0.4760 3.3785 -0.9972 -0.9885 1.6697 -0.7450 -0.9127 2.1998 -13.4761 2.0628 2.8333 14.8709 1.0859 1.4948 6.7084 -0.0000 0.0000 0.0000 81.9931 -75.0272 -99.9542 81.9817 -59.7557 -53.0616 -0.0000 0.0000 -33.9766 51.0366 11.9000 14.3042 -7.1250 0.0000 -0.0000 23.0544 47.1040 1.2619 -0.0000 0.0000 0.0000 -143.0489 82.1905 -166.4991 -37.1156 46.2651 -16.3235 0.0000 -0.0000 -17.6718 -60.8751 30.2868 -42.1505 7.1250 -0.0000 -0.0000 -15.9395 18.6047 -20.8445
9.2465 17.3424 -3.5879 5.0092 -18.6553 -14.8348 0.0000 0.0000 0.0000 -20.1044 -3.0658 -6.4486 2.1354 9.1426 26.2424 -0.3317 10.6332 -7.3137 0.0870 -1.9023 -5.2357 0.0000 0.0000 0.0000 16.8251 -11.3195 11.5304 -1.3754 -7.4217 20.9710 -1.4800 -10.6085 -28.9849 -0.0006 -0.1630 0.4477 2.2508 2.4798 0.2604 0.3523 3.3225 -0.7116 -0.9254 1.6465 -0.7678 -0.3267 2.4302 -14.1519 1.6418 3.0992 14.5408 0.8870 1.6207 6.7314 -0.0000 0.0000 0.0000 82.6919 -74.3499 -101.0228 82.8031 -59.8034 -53.7714 -0.0000 0.0000 -33.4905 50.3500 12.3859 14.5108 -7.1250 0.0000 -0.0000 22.5130 47.6239 1.5314 -0.0000 0.0000 0.0000 -138.1522 81.6145 -161.4816 -37.1182 46.2668 -16.3254 0.0000 -0.0000 -18.1498 -62.7813 31.6489 -45.5718 7.1250 -0.0000 -0.0000 -16.4305 21.6724 -22.0247
9.2418 17.3137 -3.5838 4.7217 -19.0299 -14.5824 0.0000 0.0000 0.0000 -19.5978 -3.2782 -7.7988 2.4836 9.8080 28.3573 -0.3056 10.3235 -7.4364 0.1303 -2.3271 -6.4105 0.0000 0.0000 0.0000 17.0926 -11.4313 11.1131 -1.4237 -7.5455 21.3418 -1.5339 -10.1541 -29.0061 -0.0002 -0.0843 0.2316 2.6157 2.3039 0.3458 0.5650 3.0937 -0.6710 -0.9127 1.5306 -0.7741 -0.4301 2.6555 -14.8831 1.7815 3.4036 14.6590 0.9925 1.7746 6.8870 -0.0000 -0.0000 0.0000 82.2031 -74.2542 -101.3826 82.6764 -59.7964 -53.6619 -0.0000 0.0000 -33.2217 49.6887 11.7075 13.4510 -7.1250 0.0000 -0.0000 21.5741 46.5366 0.8573 -0.0000 -0.0000 0.0000 -138.7391 81.0866 -161.5933 -37.2282 46.3392 -16.4049 0.0000 -0.0000 -18.8769 -61.9960 31.5504 -44.5357 7.1250 -0.0000 -0.0000 -16.0626 20.9364 -21.3901
9.2422 17.3076 -3.5710 4.2232 -19.4950 -14.4273 0.0000 0.0000 0.0000 -18.8851 -2.9911 -8.9072 2.7757 10.3228 30.0284 -0.2546 9.7277 -7.7502 0.0326 -1.1659 -3.2055 0.0000 0.0000 0.0000 17.7115 -11.1227 11.1040 -1.4518 -7.6163 21.5546 -1.6329 -9.6816 -29.3225 -0.0041 -0.4142 1.1381 3.1259 2.1407 0.5576 0.8149 2.8838 -0.4107 -0.9424 1.4277 -0.6213 -0.5113 2.8009 -15.7660 1.7474 3.6262 14.6013 1.0320 1.8747 7.0159 -0.0000 0.0000 0.0000 81.5815 -74.2767 -101.3613 82.7823 -59.8022 -53.7535 -0.0000 0.0000 -33.1488 50.0435 12.9435 14.9681 -7.1250 0.0000 -0.0000 22.3921 48.3222 1.9251 -0.0000 0.0000 0.0000 -140.2120 80.5448 -162.8961 -37.1684 46.2999 -16.3617 0.0000 -0.0000 -18.3309 -60.3694 29.6741 -41.0360 7.1250 -0.0000 -0.0000 -15.8911 17.4961 -20.5878
9.2559 17.2863 -3.5497 4.1563 -19.8597 -14.5383 0.0000 0.0000 0.0000 -18.8037 -3.0533 -9.2049 2.9203 10.5648 30.8259 -0.2045 9.1797 -8.1843 0.2324 -3.1031 -8.5658 0.0000 0.0000 0.0000 17.5902 -11.2683 10.9839 -1.5186 -7.7818 22.0532 -1.6511 -9.5689 -29.3628 -0.0020 -0.2892 0.7947 3.3408 1.9906 0.8502 0.7985 2.6917 -0.1440 -1.0827 1.3353 -0.5086 -0.3965 3.1178 -15.0283 1.7247 4.0379 13.0903 1.0110 2.0801 6.4003 0.0000 0.0000 0.0000 81.1227 -74.6040 -101.2149 82.0244 -59.7583 -53.0986 -0.0000 0.0000 -33.3272 49.6966 13.3155 15.1920 -7.1250 0.0000 -0.0000 22.1517 48.7499 2.1456 0.0000 0.0000 0.0000 -143.1821 80.7749 -166.2562 -37.1140 46.2640 -16.3224 0.0000 -0.0000 -18.1280 -58.3577 28.7939 -38.0123 7.1250 -0.0000 -0.0000 -15.1440 14.9766 -19.1192
9.2639 17.2997 -3.5329 3.7092 -20.6674 -14.4618 0.0000 0.0000 0.0000 -18.1405 -3.3630 -9.4311 2.9659 10.6396 31.0738 -0.0407 7.3398 -9.4909 0.1266 -2.2939 -6.3187 0.0000 0.0000 0.0000 18.2189 -10.7706 11.3681 -1.4524 -7.6178 21.5591 -1.5675 -9.9162 -29.0567 -0.0001 -0.0780 0.2144 3.8471 1.9505 1.5410 1.0101 2.6736 0.0238 -1.1710 1.3230 -0.7114 -1.0654 2.9362 -14.9419 2.3199 3.8424 13.0008 1.2868 2.0027 6.3332 -0.0000 -0.0000 0.0000 80.9696 -75.7555 -101.5358 80.9223 -59.6863 -52.1468 -0.0000 0.0000 -34.6303 48.9577 11.0686 12.4360 -7.1250 0.0000 -0.0000 20.6158 45.5019 0.2668 -0.0000 -0.0000 0.0000 -150.0434 81.0798 -173.4208 -36.5070 45.8588 -15.8853 0.0000 -0.0000 -18.2178 -57.8094 27.7818 -36.5174 7.1250 -0.0000 -0.0000 -15.1879 13.3547 -18.8722
9.2892 17.3057 -3.4980 3.7804 -21.5110 -14.1056 0.0000 0.0000 0.0000 -18.1500 -3.9495 -9.6143 2.8250 10.4062 30.3025 -0.0026 6.7923 -9.6242 0.0989 -2.0276 -5.5819 0.0000 0.0000 0.0000 17.9824 -10.5510 10.9578 -1.4635 -7.6455 21.6423 -1.6074 -9.2755 -28.8660 -0.0029 0.3495 -0.9604 3.9305 1.9492 1.5597 1.0907 2.6588 0.5149 -1.1238 1.3297 -0.2186 -1.3532 2.9036 -15.7350 2.1831 3.8915 12.2133 1.2968 2.0042 6.2107 -0.0000 0.0000 0.0000 81.9096 -76.2525 -103.0092 78.7590 -59.5171 -50.2808 -0.0000 0.0000 -35.0907 49.0055 12.6754 14.1694 -7.1250 0.0000 -0.0000 21.1886 47.7169 1.4836 -0.0000 0.0000 0.0000 -153.7583 81.4600 -176.3845 -35.7118 45.3138 -15.3173 0.0000 -0.0000 -18.7292 -60.4619 27.7045 -39.3673 7.1250 -0.0000 -0.0000 -16.6011 15.1650 -21.1309
9.3273 17.3215 -3.4690 4.0120 -22.7633 -13.6762 0.0000 0.0000 0.0000 -18.2938 -3.9033 -10.0416 2.6158 10.0456 29.1244 -0.0753 7.2294 -8.3327 0.1980 -2.8657 -7.9050 0.0000 0.0000 0.0000 17.7485 -9.7617 10.2850 -1.5068 -7.7528 21.9658 -1.5618 -8.9376 -28.3207 -0.0197 0.9070 -2.4930 3.6562 1.9577 2.1587 1.2931 2.6900 0.6914 -0.7839 1.3437 -0.3937 -0.4454 2.9198 -16.4302 0.6077 3.9587 12.5707 0.6722 1.9426 6.4936 -0.0000 -0.0000 0.0000 80.6999 -77.3966 -102.2819 76.8787 -59.3394 -48.6618 -0.0000 0.0000 -35.6536 48.5878 13.7847 15.1177 -7.1250 0.0000 -0.0000 21.1055 49.1233 2.2366 -0.0000 -0.0000 0.0000 -166.8578 81.4293 169.9189 -35.9285 45.4639 -15.4715 0.0000 -0.0000 -19.8398 -58.4354 27.6684 -37.0835 7.1250 -0.0000 -0.0000 -15.5523 13.6470 -19.4134
9.3838 17.3333 -3.4477 3.5325 -24.0298 -12.9277 0.0000 0.0000 0.0000 -17.6908 -4.1501 -10.5412 2.4638 9.7718 28.2407 -0.1429 7.7029 -6.8901 0.0930 -1.9666 -5.4132 0.0000 0.0000 0.0000 18.1349 -9.2349 9.5734 -1.5104 -7.7616 21.9922 -1.5341 -8.4322 -27.7815 -0.0306 1.1290 -3.1038 4.1435 1.6549 3.0750 1.3867 2.3409 0.8462 -0.9802 1.1641 -0.7459 2.6560 3.3148 -17.7855 -2.7551 4.2966 13.2131 -0.8477 1.9440 7.0767 0.0000 0.0000 0.0000 77.6716 -78.9819 -99.5362 73.4749 -58.9426 -45.7397 -0.0000 0.0000 -36.6300 47.7656 15.0511 15.9628 -7.1250 0.0000 -0.0000 20.5969 50.6139 2.9581 0.0000 0.0000 0.0000 -178.9774 80.6423 157.7336 -34.9808 44.7984 -14.7998 0.0000 -0.0000 -20.0400 -57.7361 27.2916 -35.9916 7.1250 -0.0000 -0.0000 -15.3062 12.6945 -18.8988
9.4383 17.3440 -3.4187 2.0821 -25.5350 -11.6568 0.0000 0.0000 0.0000 -16.1573 -3.9870 -11.4664 2.4780 9.7978 28.3243 -0.1448 7.3234 -5.7532 0.0669 -1.6682 -4.5895 0.0000 0.0000 0.0000 19.7159 -8.2072 8.8312 -1.5152 -7.7735 22.0282 -1.4631 -8.3831 -27.2474 -0.0353 1.2136 -3.3366 4.8317 1.2372 3.7359 2.7862 1.8453 1.0712 0.0751 0.9103 -0.9316 -6.0753 3.5858 -11.0442 4.3672 5.3212 5.4577 2.8978 2.6998 3.4850 -0.0000 0.0000 0.0000 65.5010 -80.6395 -89.0431 71.4991 -58.6663 -44.0495 -0.0000 0.0000 -37.4597 47.9025 15.0946 16.0786 -7.1250 0.0000 -0.0000 20.7641 50.7049 3.0318 -0.0000 0.0000 0.0000 165.4986 78.9672 143.5691 -34.6418 44.5547 -14.5615 0.0000 -0.0000 -20.9451 -56.6805 26.3776 -34.0531 7.1250 -0.0000 -0.0000 -15.0361 10.8410 -18.1698
9.5092 17.3657 -3.3697 2.8184 -26.5058 -11.2598 0.0000 0.0000 0.0000 -17.0581 -3.9032 -12.0810 2.5435 9.9166 28.7070 -0.1857 8.4106 -6.8880 0.0916 -1.9519 -5.3728 0.0000 0.0000 0.0000 18.7732 -7.3200 8.1695 -1.5286 -7.8061 22.1268 -1.4488 -7.9328 -26.8376 -0.0521 1.4730 -4.0514 4.1925 1.4484 4.5098 2.1084 2.1054 1.9301 -0.2830 1.0581 -0.4696 0.8194 3.3594 -17.5719 -1.4843 4.5370 10.4445 -0.1439 2.1083 6.0777 -0.0000 -0.0000 0.0000 69.3836 -82.3213 -92.5093 68.8015 -58.2320 -41.7505 -0.0000 0.0000 -38.1792 48.9874 17.0749 18.6559 -7.1250 0.0000 -0.0000 22.7025 53.5929 4.9979 -0.0000 -0.0000 0.0000 158.5536 79.1960 136.5801 -33.5869 43.7763 -13.8265 0.0000 -0.0000 -22.5115 -55.4048 25.4347 -31.9097 7.1250 -0.0000 -0.0000 -14.6443 8.8327 -17.2490
9.5939 17.3771 -3.3161 1.9798 -27.7295 -9.8534 0.0000 0.0000 0.0000 -16.2396 -3.5600 -13.1904 2.5892 9.9983 28.9711 -0.1844 8.6176 -7.5090 0.0036 -0.3886 -1.0679 0.0000 0.0000 0.0000 19.4897 -6.2312 7.1636 -1.5425 -7.8398 22.2286 -1.4224 -7.5674 -26.4004 -0.0493 1.4332 -3.9417 4.2873 0.7928 5.3409 3.0457 1.2795 2.1396 0.6535 0.6357 -0.7651 -4.6467 3.9476 -14.0718 3.5713 5.7701 6.8374 2.2668 2.9330 4.0762 0.0000 0.0000 0.0000 46.0387 -84.5559 -71.4723 65.1437 -57.5317 -38.6522 -0.0000 0.0000 -39.5649 48.2327 17.6316 18.7349 -7.1250 0.0000 -0.0000 21.9756 54.1101 5.1094 0.0000 0.0000 0.0000 146.0531 76.1709 126.1055 -33.3268 43.5797 -13.6469 0.0000 -0.0000 -24.5318 -54.6553 25.4162 -31.1809 7.1250 -0.0000 -0.0000 -14.2485 8.3561 -16.6545
9.6872 17.4239 -3.2714 2.2356 -29.0374 -8.6847 0.0000 0.0000 0.0000 -16.5085 -3.1824 -14.3914 2.5055 9.8479 28.4856 -0.2299 9.2908 -7.4923 0.0610 -1.5935 -4.3834 0.0000 0.0000 0.0000 19.0627 -4.8556 5.8710 -1.5585 -7.8787 22.3461 -1.3737 -7.3230 -25.8778 -0.0827 1.8545 -5.1038 4.2128 1.2401 6.4062 2.2987 1.9025 2.6693 -0.1272 0.9535 -0.7764 -0.2744 3.4877 -16.7933 -0.0448 4.7311 8.3450 0.4641 2.2959 5.2227 0.0000 -0.0000 0.0000 43.4392 -87.8520 -69.1404 60.4285 -56.4230 -34.6979 -0.0000 0.0000 -40.3507 47.6072 18.7585 19.4055 -7.1250 0.0000 -0.0000 21.5708 55.3846 5.6917 0.0000 -0.0000 0.0000 136.3575 74.9370 114.9682 -32.4559 42.9077 -13.0502 0.0000 -0.0000 -25.7016 -57.3016 26.3967 -34.7046 7.1250 -0.0000 -0.0000 -15.3586 11.2740 -18.6773
9.8054 17.4602 -3.2271 1.7167 -30.5578 -6.8950 0.0000 0.0000 0.0000 -16.1183 -2.0794 -16.2082 2.4755 9.7933 28.3098 -0.2334 9.2965 -7.3553 0.0352 -1.2113 -3.3303 0.0000 0.0000 0.0000 19.4666 -2.8595 4.3192 -1.5842 -7.9401 22.5323 -1.2547 -7.5842 -25.1496 -0.0654 1.6495 -4.5378 4.2993 1.0504 7.4646 2.5424 1.6823 3.3239 0.0763 0.8452 -0.6982 0.9457 3.5645 -17.7922 -2.1839 4.8019 7.6473 -0.3837 2.2079 5.2479 0.0000 -0.0000 0.0000 -43.1355 -87.9944 14.9506 56.0023 -55.1470 -31.0369 -0.0000 0.0000 -42.2556 47.0149 18.5229 18.8217 -7.1250 0.0000 -0.0000 20.7592 54.9207 5.2249 0.0000 -0.0000 0.0000 130.9009 72.4116 111.1858 -31.1904 41.8922 -12.1968 0.0000 -0.0000 -26.2184 -54.4504 24.2561 -29.8942 7.1250 -0.0000 -0.0000 -14.4785 6.7420 -16.5878
9.9379 17.5061 -3.1706 2.1535 -32.1483 -5.5662 0.0000 0.0000 0.0000 -16.6836 -2.0912 -17.3849 2.3305 9.5229 27.4452 -0.3174 10.4963 -7.4984 0.0162 -0.8207 -2.2557 0.0000 0.0000 0.0000 18.7101 -0.8636 2.7220 -1.6157 -8.0151 22.7598 -1.1532 -7.8755 -24.5584 -0.1368 2.3836 -6.5671 3.7969 1.1518 8.9730 2.3371 1.8263 3.9431 0.1080 0.9112 -0.8954 0.4933 3.5436 -17.8434 -1.8206 4.7922 6.1043 -0.2152 2.2296 4.7488 0.0000 -0.0000 0.0000 -81.8093 -85.4284 51.2748 51.2914 -53.5033 -27.2089 -0.0000 0.0000 -44.1105 46.1681 18.3222 18.1309 -7.1250 0.0000 -0.0000 19.6675 54.4377 4.6981 0.0000 -0.0000 0.0000 126.2021 70.0996 107.9030 -29.9571 40.8566 -11.3815 0.0000 -0.0000 -28.5260 -51.1521 20.3120 -23.3163 7.1250 -0.0000 -0.0000 -13.7413 -0.1923 -14.1074
10.0857 17.5415 -3.1034 1.8224 -34.1243 -3.4160 0.0000 0.0000 0.0000 -16.6784 -1.2890 -19.8281 2.3622 9.5830 27.6366 -0.3400 10.8408 -7.6984 0.0262 -1.0445 -2.8713 0.0000 0.0000 0.0000 18.4992 1.4796 0.4994 -1.6813 -8.1682 23.2260 -1.0654 -7.7244 -23.7357 -0.1332 2.3529 -6.4819 3.5707 1.1069 10.7933 2.3569 1.8200 4.2117 0.2183 0.8910 -1.6224 1.0202 3.8224 -17.4692 -2.7708 5.1041 4.6875 -0.5870 2.3473 4.2914 0.0000 -0.0000 0.0000 -85.4340 -81.6311 52.5056 47.7609 -52.0515 -24.3970 -0.0000 0.0000 -45.5598 46.5805 20.1604 20.0120 -7.1250 0.0000 -0.0000 20.6862 56.8669 6.1979 0.0000 -0.0000 0.0000 122.2365 66.3056 104.4631 -29.1013 40.1105 -10.8259 0.0000 -0.0000 -29.1889 -50.3984 19.9051 -22.3685 7.1250 -0.0000 -0.0000 -13.4175 -1.0788 -13.5414
10.2458 17.5633 -3.0765 1.0645 -35.5885 0.0122 0.0000 0.0000 0.0000 -16.2168 -1.4351 -23.7425 2.4709 9.7847 28.2824 -0.3639 11.0955 -7.5199 0.0560 -1.5272 -4.2008 0.0000 0.0000 0.0000 18.5993 4.0989 -2.9180 -1.7580 -8.3427 23.7598 -1.0127 -7.6669 -23.2517 -0.1294 2.3190 -6.3880 3.6350 0.9624 11.7896 2.2768 1.6464 4.7451 0.1075 0.8021 -1.6079 0.8793 4.1425 -17.9105 -2.7023 5.4874 2.8678 -0.5244 2.5493 3.7929 0.0000 0.0000 0.0000 -90.1941 -78.6438 53.7542 43.6704 -50.1002 -21.2138 -0.0000 0.0000 -45.2550 45.0890 20.4887 19.3468 -7.1250 0.0000 -0.0000 18.8574 56.8588 5.6176 0.0000 0.0000 0.0000 119.9882 63.5480 102.9944 -28.2278 39.3251 -10.2677 0.0000 -0.0000 -29.8575 -50.1241 19.2573 -21.5435 7.1250 -0.0000 -0.0000 -13.4256 -2.0631 -13.3082
10.4031 17.5710 -3.0273 -0.5498 -37.9995 4.0470 0.0000 0.0000 0.0000 -15.1916 -0.2351 -28.1394 2.6531 10.1111 29.3372 -0.3562 10.9373 -7.2707 0.0290 -1.0992 -3.0218 0.0000 0.0000 0.0000 19.0777 7.0165 -6.6087 -1.8638 -8.5763 24.4788 -0.8449 -7.6682 -21.7781 -0.1433 2.4396 -6.7223 3.8152 1.0674 13.0748 2.2027 1.8282 5.2263 -0.1142 0.8854 -1.7860 1.1873 4.6516 -17.5789 -2.6597 6.0286 0.4667 -0.5924 2.8471 3.3894 -0.0000 0.0000 0.0000 -87.3175 -75.8677 49.4794 40.4525 -48.3357 -18.7766 -0.0000 0.0000 -47.4905 46.1884 21.0153 20.4963 -7.1250 0.0000 -0.0000 20.4120 57.8198 6.5860 -0.0000 0.0000 0.0000 119.0354 60.7670 102.7628 -27.2683 38.4338 -9.6654 0.0000 -0.0000 -30.7091 -46.8232 16.5413 -16.8792 7.1250 -0.0000 -0.0000 -12.1323 -6.9461 -10.8278
10.5604 17.6069 -2.9755 -0.2888 -40.2558 7.0512 0.0000 0.0000 0.0000 -16.2533 1.0374 -32.2657 2.7217 10.2303 29.7257 -0.3348 10.6329 -7.1484 0.0579 -1.5525 -4.2705 0.0000 0.0000 0.0000 17.4412 9.8947 -11.1101 -2.1257 -9.1231 26.1811 -0.7403 -7.3251 -20.5232 -0.4166 4.1430 -11.4794 2.2166 1.2294 13.9823 1.6059 1.8173 5.9223 0.1536 0.8635 -1.5807 1.4528 5.1008 -15.8400 -3.0119 6.4935 -3.3209 -0.8028 3.1035 1.7876 -0.0000 0.0000 0.0000 -86.0209 -73.4087 46.5503 37.5077 -46.5220 -16.6074 -0.0000 0.0000 -49.2076 46.8433 22.0162 21.7915 -7.1250 0.0000 -0.0000 21.5867 59.2473 7.7363 -0.0000 0.0000 0.0000 118.7268 58.4045 103.3896 -26.3669 37.5687 -9.1105 0.0000 -0.0000 -32.6573 -45.4897 13.9905 -13.8166 7.1250 -0.0000 -0.0000 -11.8762 -10.7356 -9.6716
10.7275 17.6146 -2.9072 -1.3146 -41.6933 10.8018 0.0000 0.0000 0.0000 -16.2416 1.7280 -36.8395 2.9085 10.5454 30.7616 -0.2888 9.9798 -7.0085 0.0285 -1.0889 -2.9934 0.0000 0.0000 0.0000 16.7601 11.5686 -15.2684 -2.2705 -9.4081 27.0804 -0.7272 -6.1696 -19.5119 -0.4788 4.4376 -12.3113 1.4340 1.0565 15.1098 1.5445 1.4663 6.6127 0.5718 0.6660 -1.4790 1.4493 5.5998 -15.3749 -3.5213 7.1053 -5.3349 -0.9639 3.4107 1.0679 0.0000 -0.0000 0.0000 -86.5276 -71.2177 44.2515 34.2506 -44.2696 -14.2877 -0.0000 0.0000 -50.2498 46.4030 23.5423 22.7572 -7.1250 0.0000 -0.0000 21.4204 60.9805 8.5642 0.0000 -0.0000 0.0000 118.3168 56.0092 104.1149 -25.4778 36.6884 -8.5737 0.0000 -0.0000 -33.8264 -43.6518 12.2625 -11.4544 7.1250 -0.0000 -0.0000 -11.0601 -13.4818 -8.3369
10.8745 17.5706 -2.8324 -3.7814 -43.6758 15.1185 0.0000 0.0000 0.0000 -15.6797 3.9152 -41.8534 3.3310 11.2126 33.0002 -0.1980 8.5348 -6.6721 0.0205 -0.9238 -2.5393 0.0000 0.0000 0.0000 17.0442 13.6229 -18.1881 -2.2433 -9.3554 26.9135 -0.7039 -4.7884 -18.3035 -0.3478 3.7894 -10.4849 1.3075 0.9941 16.6246 1.5186 1.3317 7.4068 0.6245 0.5767 -1.4389 1.4536 6.1639 -14.2006 -4.5503 7.7781 -7.8088 -1.3219 3.7621 0.1328 -0.0000 -0.0000 0.0000 -85.2756 -68.8912 40.8934 31.5951 -42.2220 -12.4679 -0.0000 0.0000 -51.0443 47.6946 24.4474 24.4531 -7.1250 0.0000 -0.0000 23.6514 62.4702 10.3478 -0.0000 -0.0000 0.0000 118.0448 53.4259 104.6743 -24.4136 35.5986 -7.9461 0.0000 -0.0000 -33.8605 -42.1613 9.6755 -8.6533 7.1250 -0.0000 -0.0000 -10.5642 -17.1605 -7.0994
11.0394 17.5377 -2.7431 -5.7890 -44.5105 19.2634 0.0000 0.0000 0.0000 -14.8575 3.8357 -46.0267 3.5831 11.5840 34.2758 -0.1779 8.3082 -6.9520 0.0008 0.1802 0.4950 0.0000 0.0000 0.0000 16.9742 14.7583 -21.4820 -2.2153 -9.3009 26.7411 -0.6385 -3.9856 -17.0671 -0.4537 4.3210 -11.9816 1.5816 0.7711 18.0029 1.0052 1.0401 8.0585 -0.0284 0.4297 -1.4453 2.3559 6.6505 -13.7178 -5.6532 8.2318 -9.2799 -1.8439 3.9767 -0.3080 0.0000 -0.0000 0.0000 -85.3680 -66.8847 40.4563 28.6475 -39.7055 -10.5348 -0.0000 0.0000 -52.6742 48.0380 21.3520 22.0435 -7.1250 0.0000 -0.0000 23.0232 58.7803 8.0243 0.0000 -0.0000 0.0000 117.0167 51.3789 105.1355 -23.5358 34.6695 -7.4409 0.0000 -0.0000 -33.7705 -42.9605 10.0616 -9.2406 7.1250 -0.0000 -0.0000 -11.0298 -16.5096 -7.5838
11.1506 17.4944 -2.6819 -8.0650 -45.5998 23.6545 0.0000 0.0000 0.0000 -13.7111 4.0591 -50.1325 3.8031 11.8937 35.3571 -0.1840 8.5356 -7.3087 0.0926 1.9623 5.4015 0.0000 0.0000 0.0000 17.0290 16.9050 -24.5554 -2.2139 -9.2981 26.7323 -0.5605 -3.9569 -16.1389 -0.3897 4.0085 -11.1006 0.8982 0.8675 19.0925 0.8048 1.0147 8.5720 0.1439 0.3878 -1.4668 2.2359 7.0090 -13.2721 -5.8536 8.7065 -10.1122 -1.9002 4.2381 -0.6248 -0.0000 0.0000 0.0000 -86.2529 -64.5758 39.9983 26.4103 -37.6110 -9.1369 -0.0000 0.0000 -53.5843 41.1632 31.0013 24.2428 -7.1250 0.0000 -0.0000 14.3326 68.0689 8.0059 -0.0000 0.0000 0.0000 116.8360 49.0877 103.9577 -22.8879 33.9660 -7.0756 0.0000 -0.0000 -35.7454 -42.3945 7.1281 -6.4633 7.1250 -0.0000 -0.0000 -11.1795 -20.4502 -6.6957
11.2520 17.4603 -2.5847 -10.2627 -46.8608 27.4665 0.0000 0.0000 0.0000 -13.4073 5.1076 -53.6898 4.1265 12.3269 36.8985 -0.1445 8.0481 -7.6558 0.0383 1.2635 3.4741 0.0000 0.0000 0.0000 16.8115 18.7656 -26.5762 -2.1209 -9.1135 26.1510 -0.4670 -3.6606 -14.7710 -0.5669 4.8223 -13.4024 0.4624 0.8981 19.9903 0.2099 0.8987 9.4027 -0.2191 0.3088 -1.0280 2.0194 7.4790 -13.2728 -5.8951 9.3512 -10.7155 -1.8653 4.5825 -0.8046 -0.0000 0.0000 0.0000 -86.3437 -62.7485 38.9848 24.2529 -35.4305 -7.8527 -0.0000 0.0000 -53.6359 47.3850 23.3066 23.2697 -7.1250 0.0000 -0.0000 22.7779 60.9914 9.1449 -0.0000 0.0000 0.0000 116.4390 47.0905 104.4043 -22.3872 33.4119 -6.7978 0.0000 -0.0000 -37.1675 -40.1426 5.4913 -4.6140 7.1250 -0.0000 -0.0000 -9.8567 -22.8388 -5.3351
11.3413 17.4307 -2.4918 -12.4579 -47.5631 31.4091 0.0000 0.0000 0.0000 -12.6616 5.3749 -57.0351 4.4328 12.7151 38.3111 -0.1162 7.8673 -8.2528 0.0321 1.1561 3.1784 0.0000 0.0000 0.0000 16.9264 19.5979 -28.8153 -1.9701 -8.8036 25.1828 -0.4102 -2.6971 -13.3888 -0.9641 6.2516 -17.5162 0.2758 0.9617 20.7690 -0.3147 0.8842 9.8814 -0.6723 0.2911 -0.8961 2.1507 7.7368 -12.7522 -6.3025 9.6509 -11.6031 -2.0527 4.7539 -1.1343 0.0000 0.0000 0.0000 -87.9287 -61.1904 37.5485 22.5224 -33.5624 -6.8724 -0.0000 0.0000 -50.7929 44.2621 26.3205 23.3699 -7.1250 0.0000 -0.0000 18.9103 63.6478 8.7066 0.0000 0.0000 0.0000 115.4291 45.1923 103.7013 -22.0479 33.0311 -6.6119 0.0000 -0.0000 -37.8438 -39.8875 5.7654 -4.7991 7.1250 -0.0000 -0.0000 -9.6319 -22.5143 -5.2826
11.4184 17.4086 -2.4170 -14.7895 -48.3131 34.8591 0.0000 0.0000 0.0000 -11.9087 6.1166 -59.6255 4.6623 12.9931 39.3428 -0.0953 7.6400 -8.4707 0.0256 1.0332 2.8401 0.0000 0.0000 0.0000 17.3221 20.5009 -30.3691 -1.8451 -8.5357 24.3534 -0.3578 -2.0858 -12.2570 -0.8144 5.7587 -16.0857 -0.2129 1.1819 21.9471 -0.6064 1.0117 10.2263 -0.7461 0.3254 -1.1093 1.8193 7.8410 -12.1741 -6.8711 9.7978 -12.1437 -2.2180 4.8696 -1.3816 0.0000 -0.0000 0.0000 -89.6147 -59.0574 37.5203 21.5480 -32.4624 -6.3415 -0.0000 0.0000 -51.2779 45.8801 24.7040 23.3147 -7.1250 0.0000 -0.0000 20.9786 62.2218 8.9965 0.0000 -0.0000 0.0000 114.6401 43.0479 102.4371 -21.4680 32.3706 -6.2987 0.0000 -0.0000 -37.5516 -37.5396 1.4463 -1.1111 7.1250 -0.0000 -0.0000 -8.4664 -28.1195 -3.5120
11.5106 17.3842 -2.3387 -16.0970 -47.8858 37.8797 0.0000 0.0000 0.0000 -10.5684 4.6590 -61.8069 4.8143 13.1716 40.0143 -0.1365 8.6339 -9.1648 0.0425 1.3311 3.6603 0.0000 0.0000 0.0000 17.0861 21.1978 -32.3751 -1.7385 -8.2987 23.6250 -0.3157 -2.0412 -11.5607 -0.7200 5.4224 -15.1172 0.4551 0.7853 22.0954 -1.1632 0.5761 10.7836 -1.6232 0.1386 -0.5617 1.8149 7.8792 -12.1683 -7.4530 9.7923 -12.7886 -2.4304 4.8873 -1.5638 -0.0000 0.0000 0.0000 -90.9572 -57.7562 37.3347 21.0418 -31.8771 -6.0720 -0.0000 0.0000 -51.9955 46.8937 23.5436 23.1111 -7.1250 0.0000 -0.0000 22.1354 61.1305 8.9454 -0.0000 0.0000 0.0000 114.1798 42.0471 101.7720 -20.9655 31.7881 -6.0318 0.0000 -0.0000 -37.1429 -36.6680 1.7685 -1.3162 7.1250 -0.0000 -0.0000 -7.7643 -27.7481 -3.2843
11.5630 17.3532 -2.2747 -17.1615 -48.1383 39.7152 0.0000 0.0000 0.0000 -10.4414 4.9069 -63.2734 4.9637 13.3427 40.6654 -0.1115 8.4389 -9.4946 0.0145 0.7767 2.1345 0.0000 0.0000 0.0000 16.2281 23.1462 -32.8987 -1.6971 -8.2044 23.3368 -0.3339 -2.0803 -11.8782 -0.6163 5.0243 -13.9778 -0.0199 0.7065 22.8993 -1.7461 0.3205 11.1731 -1.9279 -0.0025 -0.5354 2.5993 8.1141 -11.9975 -8.1820 9.9826 -13.0513 -2.8103 4.9699 -1.5895 -0.0000 0.0000 0.0000 -91.2539 -56.7031 35.3854 20.1043 -30.7678 -5.5846 -0.0000 0.0000 -49.6437 44.4531 24.4585 22.1072 -7.1250 0.0000 -0.0000 18.8397 61.5003 7.7199 -0.0000 0.0000 0.0000 114.0701 41.1740 102.2490 -20.4601 31.1927 -5.7678 0.0000 -0.0000 -37.5745 -36.8283 3.3517 -2.5070 7.1250 -0.0000 -0.0000 -7.7112 -25.7854 -3.6200
11.6172 17.3336 -2.2414 -18.1654 -48.2513 41.0770 0.0000 0.0000 0.0000 -9.6824 4.6895 -64.0447 5.0317 13.4194 40.9593 -0.1256 8.8980 -9.9712 0.0255 1.0313 2.8350 0.0000 0.0000 0.0000 16.2882 23.1760 -33.7971 -1.6664 -8.1336 23.1207 -0.2902 -1.1110 -10.6416 -0.6742 5.2506 -14.6246 -0.0543 0.8356 23.7535 -2.2259 0.4093 11.5166 -2.4539 0.0398 -0.5617 2.7517 8.1947 -12.2219 -8.2559 10.1118 -12.5391 -2.8240 5.0266 -1.3645 0.0000 0.0000 0.0000 -92.2982 -55.6127 35.8341 19.6883 -30.2649 -5.3734 -0.0000 0.0000 -49.6132 44.9278 23.9301 22.0283 -7.1250 0.0000 -0.0000 19.4057 61.0081 7.7344 0.0000 0.0000 0.0000 113.5635 40.5105 101.1155 -20.2323 30.9212 -5.6502 0.0000 -0.0000 -37.3690 -37.2627 4.1375 -3.1418 7.1250 -0.0000 -0.0000 -7.9421 -24.7855 -3.9169
11.6377 17.3236 -2.2142 -18.6284 -48.1387 42.0916 0.0000 0.0000 0.0000 -9.5062 4.6539 -64.9656 5.1038 13.4997 41.2691 -0.1123 8.7858 -10.1080 0.0487 1.4242 3.9169 0.0000 0.0000 0.0000 16.0739 23.4789 -34.3000 -1.6027 -7.9842 22.6661 -0.2708 -0.8352 -10.1697 -0.9506 6.2090 -17.3921 -0.8829 0.6682 23.5333 -2.1574 0.0353 11.7521 -1.8199 -0.1825 -0.2163 2.2600 8.2805 -12.4079 -8.5556 10.2870 -12.1233 -2.8066 5.1323 -1.1963 -0.0000 -0.0000 0.0000 -93.0657 -54.9448 33.4212 19.2529 -29.7317 -5.1557 -0.0000 0.0000 -47.9296 44.6290 24.7699 22.4692 -7.1250 0.0000 -0.0000 19.1550 61.9240 8.0468 -0.0000 -0.0000 0.0000 113.0441 39.9101 102.6840 -19.9925 30.6333 -5.5275 0.0000 -0.0000 -38.5336 -37.9656 2.9840 -2.3261 7.1250 -0.0000 -0.0000 -8.6061 -26.1801 -3.9684
11.6609 17.3125 -2.2166 -19.1292 -48.0914 42.7946 0.0000 0.0000 0.0000 -9.1629 4.6087 -65.2511 5.0712 13.4635 41.1293 -0.0968 8.8224 -10.5514 0.0401 1.2931 3.5557 0.0000 0.0000 0.0000 15.2573 25.3152 -34.3994 -1.6041 -7.9875 22.6761 -0.2930 -1.7299 -11.0061 -0.6833 5.2853 -14.7240 -1.1019 0.6878 23.7133 -2.1906 0.0071 11.7469 -1.7254 -0.2063 -0.3101 1.3263 8.3088 -12.2870 -8.2967 10.4703 -11.8096 -2.5512 5.2640 -1.1694 -0.0000 0.0000 0.0000 -94.5501 -54.5113 32.6223 18.4873 -28.7766 -4.7815 -0.0000 0.0000 -46.3725 45.3482 23.6290 22.0831 -7.1250 0.0000 -0.0000 19.9327 60.7701 7.8409 -0.0000 0.0000 0.0000 112.6678 39.3802 101.9524 -19.6161 30.1770 -5.3370 0.0000 -0.0000 -38.6721 -37.1521 4.1127 -3.1105 7.1250 -0.0000 -0.0000 -7.8632 -24.8238 -3.8703
11.6646 17.3276 -2.2326 -18.6489 -47.8619 42.1739 0.0000 0.0000 0.0000 -9.5613 4.5656 -65.0499 4.9978 13.3813 40.8130 -0.1085 8.7779 -10.1886 0.0318 1.1509 3.1642 0.0000 0.0000 0.0000 14.7466 25.6563 -33.7600 -1.5394 -7.8323 22.2059 -0.2784 -1.8150 -10.7998 -0.9082 6.0727 -16.9955 -1.5131 0.6279 23.8474 -2.3839 -0.1602 11.7979 -1.6615 -0.2993 -0.3213 1.9687 8.5257 -12.2287 -8.7561 10.6799 -11.7267 -2.7975 5.3492 -1.0779 -0.0000 0.0000 0.0000 -94.2411 -54.6193 32.0868 17.7904 -27.8880 -4.4508 -0.0000 0.0000 -46.0703 44.6970 24.3964 22.2300 -7.1250 0.0000 -0.0000 19.1762 61.4984 7.8627 -0.0000 0.0000 0.0000 112.9340 39.2023 102.3764 -19.1173 29.5642 -5.0886 0.0000 -0.0000 -38.2842 -36.7377 3.8216 -2.8480 7.1250 -0.0000 -0.0000 -7.5901 -25.2107 -3.6647
11.6619 17.3511 -2.2549 -17.7658 -47.0054 40.8601 0.0000 0.0000 0.0000 -9.8138 4.1282 -64.1326 4.8322 13.1923 40.0927 -0.1315 8.7197 -9.4759 0.0212 0.9400 2.5839 0.0000 0.0000 0.0000 14.5746 25.3117 -32.7492 -1.4847 -7.6983 21.8015 -0.3136 -1.3244 -11.1454 -0.7168 5.4105 -15.0831 -0.9867 0.3449 23.5266 -2.5409 -0.3978 11.9350 -2.0756 -0.3848 -0.0225 2.6691 8.4930 -12.1378 -9.1932 10.5382 -11.7155 -3.0708 5.2536 -1.0302 -0.0000 0.0000 0.0000 -94.3900 -54.6454 32.7328 17.2296 -27.1595 -4.1916 -0.0000 0.0000 -46.0675 45.3071 23.3620 21.8415 -7.1250 0.0000 -0.0000 19.8111 60.4355 7.6325 -0.0000 0.0000 0.0000 113.0379 39.0852 102.7613 -18.9871 29.4027 -5.0245 0.0000 -0.0000 -39.3894 -36.7925 3.6450 -2.7222 7.1250 -0.0000 -0.0000 -7.6512 -25.4252 -3.6561
11.6491 17.3504 -2.3009 -17.1113 -46.0988 39.5267 0.0000 0.0000 0.0000 -9.5011 3.5586 -62.8771 4.6719 13.0045 39.3854 -0.0978 8.1674 -9.3705 0.1109 2.1470 5.9121 0.0000 0.0000 0.0000 15.2173 24.4916 -31.2609 -1.3683 -7.4032 20.9155 -0.3169 -1.3456 -11.2105 -1.2728 7.1503 -20.1614 -0.6436 0.1246 23.2237 -2.1846 -0.5731 11.9525 -1.8482 -0.4616 0.1373 1.5785 8.5252 -12.8100 -8.4863 10.7529 -11.3033 -2.5981 5.3773 -0.8819 -0.0000 0.0000 0.0000 -94.4425 -55.0045 33.0387 16.9400 -26.7786 -4.0603 -0.0000 0.0000 -45.2552 44.5455 23.2992 21.2713 -7.1250 0.0000 -0.0000 18.7390 60.1367 7.0676 -0.0000 0.0000 0.0000 112.6903 39.0676 102.6017 -19.3139 29.8069 -5.1860 0.0000 -0.0000 -39.3015 -37.7939 4.1068 -3.1789 7.1250 -0.0000 -0.0000 -8.3382 -24.7871 -4.1159
11.6013 17.4071 -2.3811 -15.1998 -46.1459 36.7699 0.0000 0.0000 0.0000 -10.8580 3.5169 -60.7921 4.3674 12.6339 38.0131 -0.1323 8.3866 -8.7926 0.1061 2.1003 5.7829 0.0000 0.0000 0.0000 14.5483 24.0945 -29.6130 -1.3716 -7.4116 20.9408 -0.4100 -1.0009 -12.4999 -0.5536 4.7663 -13.2432 -1.4315 0.5195 23.0710 -2.3057 -0.2079 11.7423 -1.6102 -0.3037 -0.0087 2.6456 8.3898 -12.5137 -9.1766 10.4080 -11.3709 -3.0381 5.1686 -0.8658 0.0000 -0.0000 0.0000 -94.9488 -54.7618 35.0064 17.3697 -27.3426 -4.2558 -0.0000 0.0000 -45.5370 44.3227 24.0211 21.6808 -7.1250 0.0000 -0.0000 18.5707 60.9389 7.3574 0.0000 -0.0000 0.0000 113.0780 38.9783 101.4734 -19.0918 29.5326 -5.0760 0.0000 -0.0000 -38.6052 -38.1579 3.8688 -3.0347 7.1250 -0.0000 -0.0000 -8.6375 -25.0598 -4.2115
11.5308 17.4226 -2.4855 -14.6220 -45.8079 34.6537 0.0000 0.0000 0.0000 -10.5318 3.4416 -58.3008 4.1474 12.3540 36.9962 -0.1536 8.7398 -8.8678 0.0907 1.9426 5.3470 0.0000 0.0000 0.0000 15.6154 23.7844 -27.4294 -1.3461 -7.3453 20.7425 -0.4019 -2.1403 -12.9489 -0.8304 5.8136 -16.2445 -1.5306 0.8324 23.0025 -2.0401 0.1970 11.4520 -1.3578 -0.1079 -0.2897 2.8138 8.3316 -13.3725 -9.1577 10.3469 -10.4336 -2.9957 5.0885 -0.4147 -0.0000 0.0000 0.0000 -94.7940 -55.1451 35.8344 17.7725 -27.8648 -4.4424 -0.0000 0.0000 -44.8264 44.6090 24.2330 22.0423 -7.1250 0.0000 -0.0000 19.0170 61.2770 7.6946 -0.0000 0.0000 0.0000 113.3479 39.0636 101.2852 -19.1739 29.6341 -5.1165 0.0000 -0.0000 -38.2290 -38.4002 2.6506 -2.0992 7.1250 -0.0000 -0.0000 -8.9739 -26.5758 -4.0576
11.4701 17.4457 -2.5881 -13.5751 -44.8029 32.3196 0.0000 0.0000 0.0000 -10.6883 3.2995 -56.4030 3.9517 12.0959 36.0721 -0.1480 8.3527 -8.2155 0.0944 1.9815 5.4545 0.0000 0.0000 0.0000 16.3581 23.0386 -25.7289 -1.3712 -7.4106 20.9377 -0.4519 -2.8569 -14.0655 -0.7107 5.3879 -15.0184 -1.1727 1.0202 22.0559 -1.3874 0.5864 11.2084 -0.9397 0.0941 -0.0948 2.6143 8.1752 -12.3566 -9.4466 10.1087 -11.1852 -3.1386 5.0119 -0.8323 -0.0000 -0.0000 0.0000 -95.8294 -55.6295 38.2758 18.6550 -28.9877 -4.8625 -0.0000 0.0000 -45.7123 44.8907 22.8637 21.1595 -7.1250 0.0000 -0.0000 19.1214 59.7106 7.0226 -0.0000 -0.0000 0.0000 112.9802 39.9044 100.6069 -19.0630 29.4969 -5.0618 0.0000 -0.0000 -37.8991 -40.2842 7.8658 -6.6164 7.1250 -0.0000 -0.0000 -9.5857 -19.7855 -5.8569
11.3808 17.4859 -2.7002 -11.9780 -44.5965 29.3314 0.0000 0.0000 0.0000 -11.6045 3.6451 -53.6317 3.6373 11.6615 34.5446 -0.1696 8.3472 -7.4057 0.0345 1.1995 3.2980 0.0000 0.0000 0.0000 16.4739 22.6999 -23.8287 -1.4568 -7.6288 21.5923 -0.4732 -3.8873 -15.0027 -0.7132 5.3972 -15.0451 -1.6626 1.2825 21.0431 -1.3367 0.8970 10.8035 -0.6618 0.2438 -0.0426 3.5299 8.2548 -11.9163 -9.7325 10.0892 -11.4359 -3.4237 4.9787 -0.9206 -0.0000 0.0000 0.0000 -95.0733 -56.0230 39.9757 19.8570 -30.4697 -5.4586 -0.0000 0.0000 -45.3404 45.5626 23.1704 21.8641 -7.1250 0.0000 -0.0000 20.1228 60.2789 7.6828 -0.0000 0.0000 0.0000 114.0825 40.3257 100.1206 -18.9979 29.4160 -5.0298 0.0000 -0.0000 -36.4960 -39.8241 6.3508 -5.2701 7.1250 -0.0000 -0.0000 -9.4980 -21.7746 -5.3695
11.3086 17.5173 -2.7950 -10.8848 -42.7008 26.3781 0.0000 0.0000 0.0000 -11.1255 2.4100 -50.3552 3.3380 11.2230 33.0358 -0.2072 8.7613 -6.9239 0.0285 1.0908 2.9986 0.0000 0.0000 0.0000 17.6932 20.7807 -21.5909 -1.4713 -7.6651 21.7013 -0.5320 -4.1209 -15.9016 -0.5277 4.6553 -12.9279 -0.1622 0.9164 20.1191 -0.8811 0.7534 10.6389 -0.9874 0.2355 0.2519 3.9989 8.3561 -12.0512 -9.8674 10.1550 -11.4934 -3.5446 4.9868 -0.8794 -0.0000 -0.0000 0.0000 -95.2566 -57.2956 42.0021 21.0194 -31.8509 -6.0602 -0.0000 0.0000 -46.1755 45.2233 23.7364 22.0814 -7.1250 0.0000 -0.0000 19.7808 60.8626 7.8221 -0.0000 -0.0000 0.0000 114.1712 41.5792 99.7647 -19.2639 29.7453 -5.1611 0.0000 -0.0000 -35.6302 -41.2820 7.2091 -6.2873 7.1250 -0.0000 -0.0000 -10.3894 -20.4952 -6.1954
11.2172 17.5467 -2.8982 -8.7663 -41.4167 22.1595 0.0000 0.0000 0.0000 -11.9413 1.7457 -46.5186 3.0961 10.8491 31.7725 -0.2068 8.6096 -6.4600 0.0002 0.0970 0.2664 0.0000 0.0000 0.0000 17.9911 18.6743 -18.8818 -1.5040 -7.7460 21.9452 -0.5282 -4.9724 -16.4473 -0.5868 4.9045 -13.6363 -0.1172 0.8738 19.8791 -0.5106 0.7575 10.1695 -0.6205 0.2446 -0.1424 3.4883 8.1757 -12.2606 -9.1409 10.0239 -10.8894 -3.1866 4.9170 -0.7266 0.0000 -0.0000 0.0000 -95.3300 -58.2048 44.2411 22.4618 -33.4949 -6.8389 -0.0000 0.0000 -46.1738 46.8646 23.7208 23.2365 -7.1250 0.0000 -0.0000 22.1489 61.3365 9.0598 0.0000 -0.0000 0.0000 114.3779 42.8072 99.5475 -19.3142 29.8072 -5.1861 0.0000 -0.0000 -34.6554 -41.4858 8.5631 -7.5009 7.1250 -0.0000 -0.0000 -10.3008 -18.7144 -6.5577
11.1081 17.5829 -2.9984 -6.8289 -40.0632 18.6450 0.0000 0.0000 0.0000 -12.7146 0.7817 -43.0947 2.8324 10.4186 30.3433 -0.2505 9.2222 -6.2174 0.0034 -0.3791 -1.0417 0.0000 0.0000 0.0000 18.0650 16.8232 -16.6383 -1.5469 -7.8506 22.2612 -0.6360 -4.8596 -17.6133 -0.4653 4.3752 -12.1346 -0.1109 0.8684 18.8033 -0.1306 0.8212 9.4961 -0.2264 0.2888 -0.3303 2.6341 8.0869 -11.2271 -7.9718 10.0425 -11.3321 -2.7122 4.9778 -1.1526 0.0000 -0.0000 0.0000 -95.4922 -59.4883 46.1557 23.8679 -35.0242 -7.6306 -0.0000 0.0000 -45.2495 45.4703 24.9617 23.2192 -7.1250 0.0000 -0.0000 20.4345 62.4056 8.8411 0.0000 -0.0000 0.0000 114.2581 44.1170 98.7745 -19.9373 30.5667 -5.4994 0.0000 -0.0000 -34.1039 -41.7580 10.3358 -9.1004 7.1250 -0.0000 -0.0000 -10.1743 -16.3791 -7.0048
10.9952 17.5966 -3.0806 -5.4600 -38.5489 14.9611 0.0000 0.0000 0.0000 -13.1435 0.1528 -39.0466 2.5913 10.0021 28.9835 -0.2618 9.2902 -5.7523 0.0255 -1.0303 -2.8322 0.0000 0.0000 0.0000 18.5998 14.7660 -13.6498 -1.5512 -7.8609 22.2924 -0.6472 -5.5382 -18.2141 -0.4208 4.1634 -11.5368 0.4064 0.9125 17.9564 0.3946 1.0125 9.0244 0.0062 0.4041 -0.4027 3.5475 7.8900 -11.5143 -8.5573 9.7031 -10.2685 -3.0297 4.7510 -0.6951 0.0000 -0.0000 0.0000 -96.3445 -61.0072 48.8312 25.7583 -36.9691 -8.7419 -0.0000 0.0000 -45.8774 48.6787 22.2656 23.3147 -7.1250 0.0000 -0.0000 24.2847 60.1094 9.2771 0.0000 -0.0000 0.0000 114.0633 45.9720 98.0699 -20.2881 30.9879 -5.6789 0.0000 -0.0000 -33.0586 -42.3365 13.2258 -11.7746 7.1250 -0.0000 -0.0000 -10.0212 -12.5411 -7.7280
10.8382 17.6118 -3.1839 -4.6167 -37.8784 12.1805 0.0000 0.0000 0.0000 -13.2249 0.4811 -35.9685 2.4084 9.6694 27.9126 -0.2718 9.3351 -5.1440 0.0868 -1.9001 -5.2298 0.0000 0.0000 0.0000 19.3308 13.5898 -11.1310 -1.5628 -7.8890 22.3776 -0.7020 -5.7977 -18.9821 -0.4625 4.3623 -12.0983 0.2749 1.3522 16.3796 0.8115 1.6053 8.6087 0.4387 0.7007 -0.0453 3.7773 7.8023 -12.0589 -8.0387 9.5972 -9.5429 -2.8595 4.6641 -0.3943 -0.0000 0.0000 0.0000 -95.8905 -63.2759 51.3997 27.5995 -38.7449 -9.8720 -0.0000 0.0000 -46.0866 48.1216 22.2572 22.9022 -7.1250 0.0000 -0.0000 23.4737 59.9284 8.8439 -0.0000 0.0000 0.0000 115.2165 48.1851 97.2210 -20.6406 31.4064 -5.8615 0.0000 -0.0000 -29.3109 -47.4390 4.9742 -5.3940 7.1250 -0.0000 -0.0000 -15.1264 -22.7034 -8.4044
10.7435 17.6098 -3.2294 -2.9452 -35.7749 8.4566 0.0000 0.0000 0.0000 -14.0190 -1.1064 -31.9367 2.2079 9.2863 26.6950 -0.3026 9.7945 -5.0689 0.0303 -1.1229 -3.0870 0.0000 0.0000 0.0000 19.1555 10.7133 -8.5901 -1.5886 -7.9507 22.5643 -0.7901 -5.8125 -19.8845 -0.3827 3.9728 -11.0002 1.2176 1.0465 15.7090 1.0048 1.3792 7.9572 0.1494 0.6275 -0.3662 3.0035 7.2361 -12.4854 -6.9839 9.0158 -8.1004 -2.3575 4.3700 0.0119 0.0000 -0.0000 0.0000 -95.9499 -65.3669 53.5048 29.4865 -40.4491 -11.0749 -0.0000 0.0000 -45.5761 51.2536 22.9154 25.8831 -7.1250 0.0000 -0.0000 28.5423 61.7242 12.1579 0.0000 -0.0000 0.0000 114.6363 50.0508 97.1149 -21.8889 32.8512 -6.5255 0.0000 -0.0000 -30.5018 -43.3956 14.1896 -13.0492 7.1250 -0.0000 -0.0000 -10.5114 -11.0402 -8.4511
10.6207 17.6032 -3.3107 -1.7291 -34.3444 5.6483 0.0000 0.0000 0.0000 -14.5741 -1.9265 -28.7984 2.0271 8.9223 25.5526 -0.3248 10.1018 -4.8930 0.0490 -1.4284 -3.9284 0.0000 0.0000 0.0000 19.0878 8.9645 -6.6179 -1.6277 -8.0434 22.8459 -0.8616 -5.7517 -20.5344 -0.1893 2.8017 -7.7272 1.5339 1.2588 14.2850 1.2682 1.7219 7.3354 0.2145 0.8161 -0.2687 2.5187 6.9374 -12.7303 -6.0093 8.7533 -6.7230 -1.9366 4.2383 0.4060 -0.0000 0.0000 0.0000 -96.5189 -67.7642 56.3421 31.7934 -42.3819 -12.6013 -0.0000 0.0000 -45.5443 49.4346 21.3815 23.0681 -7.1250 0.0000 -0.0000 25.0101 59.2415 9.0511 -0.0000 0.0000 0.0000 114.9522 52.8498 96.8195 -22.6739 33.7303 -6.9564 0.0000 -0.0000 -29.8853 -43.8408 14.5098 -13.5287 7.1250 -0.0000 -0.0000 -10.7285 -10.5084 -8.7508
10.5122 17.5846 -3.3734 -1.7034 -32.8499 3.5599 0.0000 0.0000 0.0000 -14.1537 -2.7037 -26.3028 2.0231 8.9140 25.5268 -0.3309 10.1670 -4.6001 0.0664 -1.6624 -4.5735 0.0000 0.0000 0.0000 20.0045 7.1721 -4.2740 -1.5633 -7.8901 22.3807 -0.8593 -6.2414 -20.8518 -0.2026 2.8983 -7.9958 3.0236 1.3189 12.8699 1.6575 1.9752 6.7895 -0.2255 0.9840 -0.0437 2.5928 6.4938 -12.7313 -5.9980 8.1965 -5.7291 -1.9586 3.9458 0.7099 0.0000 0.0000 0.0000 -95.9034 -70.5328 58.1959 34.3798 -44.3642 -14.3780 -0.0000 0.0000 -46.3679 49.7865 21.6462 23.5714 -7.1250 0.0000 -0.0000 25.6392 59.6818 9.5709 0.0000 0.0000 0.0000 115.4184 55.4852 96.9315 -23.7003 34.8458 -7.5347 0.0000 -0.0000 -29.2911 -45.4639 15.9953 -15.6453 7.1250 -0.0000 -0.0000 -11.4250 -8.1050 -9.9043
10.3845 17.5776 -3.4242 -0.5541 -31.6871 0.4321 0.0000 0.0000 0.0000 -15.0005 -2.8198 -23.1070 1.9617 8.7858 25.1275 -0.3147 9.9708 -5.0499 0.0310 -1.1361 -3.1234 0.0000 0.0000 0.0000 19.8412 5.5345 -1.3427 -1.4904 -7.7124 21.8439 -0.7945 -7.3396 -21.0548 -0.2727 3.3591 -9.2801 3.0336 1.5512 11.8950 1.7508 2.2762 6.3976 -0.1502 1.1406 0.0730 1.4149 6.2270 -12.5694 -4.2153 8.0385 -4.7330 -1.1896 3.9073 0.8492 0.0000 -0.0000 0.0000 -96.6776 -73.0586 59.8587 36.9017 -46.1233 -16.1691 -0.0000 0.0000 -45.3853 48.9817 21.3204 22.6841 -7.1250 0.0000 -0.0000 24.3368 59.0261 8.6618 0.0000 -0.0000 0.0000 115.8961 58.3019 96.9789 -24.7587 35.9563 -8.1478 0.0000 -0.0000 -28.0536 -45.6821 17.1776 -16.8280 7.1250 -0.0000 -0.0000 -11.2963 -6.4944 -10.1503
10.2698 17.5760 -3.4791 -0.0148 -30.2757 -1.2267 0.0000 0.0000 0.0000 -15.2412 -3.7421 -21.0290 1.9006 8.6559 24.7247 -0.3280 10.1218 -4.5790 0.0727 -1.7399 -4.7874 0.0000 0.0000 0.0000 19.9758 4.1608 0.2498 -1.4468 -7.6036 21.5165 -0.8299 -7.5829 -21.5739 -0.1860 2.7774 -7.6595 3.8267 1.4601 10.1027 1.4586 2.1876 5.8251 -0.8434 1.1315 0.4897 1.5650 6.0949 -12.3918 -3.1135 7.8607 -4.0025 -0.8723 3.8329 1.0036 0.0000 -0.0000 0.0000 -92.5817 -76.1737 58.3201 39.7932 -47.9469 -18.2855 -0.0000 0.0000 -45.2290 50.0673 20.9915 23.1680 -7.1250 0.0000 -0.0000 25.7459 58.9471 9.1557 0.0000 -0.0000 0.0000 119.0224 61.0289 99.3410 -25.6386 36.8496 -8.6700 0.0000 -0.0000 -26.9214 -45.8462 17.5928 -17.2920 7.1250 -0.0000 -0.0000 -11.3021 -5.9006 -10.2872
10.1621 17.5614 -3.5400 0.4449 -28.8494 -3.2543 0.0000 0.0000 0.0000 -15.4156 -4.6126 -18.4642 1.8044 8.4463 24.0780 -0.3191 10.0481 -5.1530 0.0049 -0.4526 -1.2437 0.0000 0.0000 0.0000 20.1950 2.9480 2.2363 -1.4256 -7.5500 21.3555 -0.8322 -8.3364 -22.1930 -0.2182 3.0068 -8.2976 4.5977 1.5339 9.2278 1.1980 2.3290 5.3939 -1.5355 1.2269 0.5710 2.0751 5.9465 -12.4456 -2.8037 7.6081 -3.2625 -0.8594 3.7038 1.2573 0.0000 -0.0000 0.0000 -88.9297 -79.1861 57.0332 43.2120 -49.8619 -20.8627 -0.0000 0.0000 -45.3678 50.4500 19.8521 22.3538 -7.1250 0.0000 -0.0000 25.7571 57.6177 8.3237 0.0000 -0.0000 0.0000 122.2218 64.5247 102.7246 -26.3274 37.5302 -9.0864 0.0000 -0.0000 -27.1629 -48.2049 20.2484 -21.1638 7.1250 -0.0000 -0.0000 -12.0675 -1.5687 -12.0042
10.0557 17.5570 -3.5899 0.9319 -27.5951 -4.8787 0.0000 0.0000 0.0000 -15.8525 -4.9890 -16.1630 1.6165 8.0168 22.7651 -0.3429 10.3200 -4.1619 0.0264 -1.0492 -2.8843 0.0000 0.0000 0.0000 20.2027 1.7382 3.6978 -1.4175 -7.5297 21.2944 -0.8846 -8.6372 -22.9023 -0.2703 3.3440 -9.2381 5.0674 1.6702 8.0710 1.0689 2.5095 4.8319 -1.9157 1.3290 0.6613 1.7055 5.6373 -12.6932 -2.1052 7.2596 -1.8219 -0.5682 3.5438 1.7210 -0.0000 0.0000 0.0000 -85.7764 -81.9101 55.4237 46.3993 -51.4359 -23.3278 -0.0000 0.0000 -43.4489 51.3566 22.1238 25.2222 -7.1250 0.0000 -0.0000 28.2570 60.7753 11.3859 -0.0000 0.0000 0.0000 125.2609 67.0257 104.4976 -27.1466 38.3186 -9.5899 0.0000 -0.0000 -25.4655 -48.9109 21.2211 -22.5429 7.1250 -0.0000 -0.0000 -12.2296 -0.0096 -12.5160
9.9581 17.5524 -3.6296 1.3921 -26.3755 -6.0669 0.0000 0.0000 0.0000 -16.2719 -5.1941 -14.3049 1.4054 7.4988 21.2017 -0.3560 10.5181 -3.3492 0.0039 -0.4020 -1.1046 0.0000 0.0000 0.0000 20.1111 0.7336 4.7092 -1.4217 -7.5403 21.3262 -0.9225 -9.0204 -23.5399 -0.2350 3.1202 -8.6136 5.3876 1.9359 7.0940 1.0406 2.8788 3.7467 -2.1355 1.4948 0.1182 1.0444 5.2190 -12.2135 -1.2109 6.8077 -0.1169 -0.1867 3.3456 2.1343 0.0000 -0.0000 0.0000 -80.3428 -83.8438 51.3665 49.4698 -52.7794 -25.7514 -0.0000 0.0000 -43.5404 50.7810 20.1306 22.8650 -7.1250 0.0000 -0.0000 26.3555 58.0762 8.8319 0.0000 -0.0000 0.0000 125.7426 68.7817 104.2913 -28.6060 39.6682 -10.5083 0.0000 -0.0000 -23.9814 -48.9247 22.7141 -23.8942 7.1250 -0.0000 -0.0000 -11.8527 1.9117 -12.5087
9.8777 17.5217 -3.6726 1.9848 -25.0179 -7.7314 0.0000 0.0000 0.0000 -17.0401 -5.0872 -12.2489 1.2285 7.0296 19.8030 -0.3588 10.7416 -1.7757 0.1104 -2.1428 -5.9004 0.0000 0.0000 0.0000 19.8117 -0.5753 6.2264 -1.4100 -7.5104 21.2365 -1.0179 -9.1634 -24.4476 -0.1608 2.5837 -7.1218 5.1401 2.1856 6.8907 1.0611 3.2210 3.0085 -2.0098 1.6379 -0.5243 0.4536 4.7968 -12.7191 -0.6943 6.3330 1.9483 0.1005 3.1153 2.8863 0.0000 -0.0000 0.0000 -68.8507 -86.1434 41.3270 53.0804 -54.1648 -28.6533 -0.0000 0.0000 -43.1332 50.7974 20.2062 22.9509 -7.1250 0.0000 -0.0000 26.4159 58.1779 8.9198 0.0000 -0.0000 0.0000 126.5188 71.3614 105.3791 -29.6542 40.5951 -11.1839 0.0000 -0.0000 -23.3023 -52.6904 24.7375 -28.7720 7.1250 -0.0000 -0.0000 -13.3852 6.3687 -15.1868
9.7950 17.5119 -3.6898 2.5829 -23.5611 -9.2052 0.0000 0.0000 0.0000 -17.8427 -5.4103 -10.2420 1.1148 6.7076 18.8518 -0.3969 11.1695 -2.6385 0.1487 -2.4846 -6.8471 0.0000 0.0000 0.0000 19.3557 -1.9832 7.8523 -1.3430 -7.3371 20.7180 -1.1199 -8.9637 -25.1066 -0.1555 2.5407 -7.0025 4.6556 2.5031 6.7987 1.0971 3.6639 1.7703 -1.7678 1.8121 -1.7564 0.8888 4.1987 -12.0251 -1.1127 5.5363 4.0052 -0.1490 2.7041 3.4966 0.0000 -0.0000 0.0000 -62.2473 -86.9991 36.0438 57.1470 -55.5005 -31.9783 -0.0000 0.0000 -41.6598 51.4955 20.5393 23.7979 -7.1250 0.0000 -0.0000 27.5966 58.8224 9.7932 0.0000 -0.0000 0.0000 125.8494 73.1241 104.8493 -30.7084 41.4929 -11.8762 0.0000 -0.0000 -22.5313 -51.3991 24.2621 -27.2359 7.1250 -0.0000 -0.0000 -12.8134 5.0781 -14.2446
9.7226 17.4844 -3.7211 2.9693 -22.4822 -10.5324 0.0000 0.0000 0.0000 -18.3319 -4.7169 -9.1217 1.1145 6.7068 18.8497 -0.3648 10.6338 -3.9288 0.4160 -4.1401 -11.4712 0.0000 0.0000 0.0000 19.1943 -2.7855 9.2730 -1.3303 -7.3038 20.6187 -1.1551 -9.2827 -25.6271 -0.0886 1.9203 -5.2854 5.0894 2.4028 5.6343 0.7106 3.4732 2.0081 -2.3253 1.7461 -0.8238 0.1243 4.0229 -12.8606 -0.3494 5.3688 4.8447 0.2582 2.6348 3.9069 0.0000 0.0000 0.0000 17.3387 -86.8123 -41.9249 61.3762 -56.6656 -35.4885 -0.0000 0.0000 -41.0424 52.2639 19.1810 23.0035 -7.1250 0.0000 -0.0000 27.9623 57.3181 8.9041 0.0000 0.0000 0.0000 136.3249 75.4986 114.7500 -31.3175 41.9963 -12.2817 0.0000 -0.0000 -20.8492 -56.2764 26.8942 -34.1238 7.1250 -0.0000 -0.0000 -14.6622 11.2308 -17.7676
9.6442 17.4671 -3.7317 3.0672 -21.1767 -11.5915 0.0000 0.0000 0.0000 -18.5364 -4.6464 -8.3549 1.2002 6.9508 19.5697 -0.4142 11.3548 -5.1526 0.1096 -2.1348 -5.8783 0.0000 0.0000 0.0000 19.1581 -3.9740 10.7942 -1.2247 -7.0190 19.7717 -1.2179 -9.3020 -26.1201 -0.0608 1.5905 -4.3753 4.3056 2.4854 5.1107 1.4267 3.5445 1.4510 -1.1508 1.7628 -1.1963 -1.0039 3.8136 -13.3435 -0.3336 5.3121 7.0880 0.4517 2.5645 4.2643 0.0000 -0.0000 0.0000 39.5613 -85.6710 -64.5369 65.0316 -57.5081 -38.5577 -0.0000 0.0000 -39.5087 52.0239 19.7355 23.3924 -7.1250 0.0000 -0.0000 27.9267 57.9601 9.3331 0.0000 -0.0000 0.0000 141.9290 76.9111 120.9073 -31.9789 42.5303 -12.7265 0.0000 -0.0000 -19.2694 -53.9777 26.0857 -31.1622 7.1250 -0.0000 -0.0000 -13.6861 8.8048 -16.0495
9.5785 17.4269 -3.7582 4.1782 -19.7941 -12.5521 0.0000 0.0000 0.0000 -19.7872 -3.8742 -7.9777 1.1918 6.9276 19.5010 -0.5282 12.7613 -5.2732 0.1768 -2.7084 -7.4680 0.0000 0.0000 0.0000 18.1316 -4.6315 11.0259 -1.3288 -7.2998 20.6067 -1.4030 -9.0328 -27.2784 -0.0290 1.0999 -3.0236 3.2520 2.5591 4.3572 1.0391 3.5651 1.1037 -0.9366 1.7734 -1.1726 -0.8562 3.8261 -13.4166 -0.5686 5.3446 7.9811 0.3731 2.5608 4.5633 0.0000 -0.0000 0.0000 50.6419 -83.7805 -74.7996 69.8809 -58.4139 -42.6692 -0.0000 0.0000 -38.6425 51.3027 17.0320 20.0845 -7.1250 0.0000 -0.0000 25.5712 54.1954 6.0822 0.0000 -0.0000 0.0000 149.4010 78.7355 128.8546 -34.0581 44.1277 -14.1535 0.0000 -0.0000 -20.3168 -49.7345 23.9469 -25.6035 7.1250 -0.0000 -0.0000 -11.9794 3.8514 -13.0373
9.5198 17.3945 -3.7625 2.7605 -19.1396 -13.1023 0.0000 0.0000 0.0000 -18.2158 -2.5345 -8.3399 1.4183 7.5318 21.3006 -0.4854 12.3081 -5.9957 0.0264 -1.0490 -2.8838 0.0000 0.0000 0.0000 19.6664 -5.7220 12.4921 -1.2243 -7.0177 19.7679 -1.3712 -9.5189 -27.4080 -0.0550 1.5131 -4.1618 4.8511 2.6945 3.8339 1.2050 3.7898 0.9579 -1.6385 1.8854 -0.9281 -0.4347 3.5251 -13.6596 -0.6731 4.8903 8.6734 0.2528 2.3366 4.8321 0.0000 0.0000 0.0000 57.2481 -82.2431 -80.6681 75.9743 -59.2435 -47.8842 -0.0000 0.0000 -36.7759 51.9140 18.0654 21.5881 -7.1250 0.0000 -0.0000 26.8808 55.7480 7.4770 0.0000 0.0000 0.0000 158.7174 79.6605 137.1746 -35.5806 45.2223 -15.2240 0.0000 -0.0000 -18.8954 -55.0006 28.1354 -33.9590 7.1250 -0.0000 -0.0000 -13.6008 11.9639 -16.5446
9.4779 17.3623 -3.7863 2.9524 -17.7148 -14.0042 0.0000 0.0000 0.0000 -18.5035 -2.2016 -8.3947 1.5655 7.8953 22.3966 -0.3934 11.0614 -4.8932 0.1320 -2.3419 -6.4517 0.0000 0.0000 0.0000 19.3547 -6.9050 13.2224 -1.2330 -7.0419 19.8395 -1.4375 -9.6501 -27.9733 -0.0199 0.9110 -2.5039 4.3611 2.4531 3.7139 1.1878 3.4519 0.7318 -1.3734 1.7104 -1.1432 0.9535 3.7891 -14.0553 -2.2612 5.2045 9.7659 -0.4139 2.4152 5.3200 -0.0000 -0.0000 0.0000 58.2586 -80.0869 -80.7580 81.1004 -59.6986 -52.3005 -0.0000 0.0000 -35.1183 52.4770 17.4239 21.3014 -7.1250 0.0000 -0.0000 27.2963 55.0710 7.1426 -0.0000 -0.0000 0.0000 168.5806 79.5609 146.2593 -37.0723 46.2365 -16.2923 0.0000 -0.0000 -17.7096 -55.7849 29.4767 -35.8913 7.1250 -0.0000 -0.0000 -13.5803 14.0803 -16.8901
9.4336 17.3377 -3.7838 3.3019 -16.7429 -15.0134 0.0000 0.0000 0.0000 -18.9416 -1.7976 -7.9811 1.6449 8.0836 22.9682 -0.3503 10.4239 -3.9141 0.1577 -2.5590 -7.0534 0.0000 0.0000 0.0000 18.8668 -7.7574 13.8535 -1.2975 -7.2168 20.3592 -1.4554 -9.9256 -28.3021 -0.0180 0.8660 -2.3802 4.1029 2.6043 3.6033 0.9609 3.6391 0.6260 -1.4670 1.8032 -1.1813 0.9101 3.4630 -13.3511 -2.6444 4.8108 9.2378 -0.5775 2.2068 5.0424 0.0000 -0.0000 0.0000 61.3871 -78.9263 -83.2946 85.3648 -59.9187 -55.9869 -0.0000 0.0000 -33.6613 51.1938 14.3923 17.1752 -7.1250 0.0000 -0.0000 24.2541 50.6002 3.5271 0.0000 -0.0000 0.0000 179.2026 80.1685 156.8544 -37.6788 46.6329 -16.7317 0.0000 -0.0000 -17.5408 -56.1465 29.5410 -36.3165 7.1250 -0.0000 -0.0000 -13.7472 14.3899 -17.1613
9.4094 17.2791 -3.7701 2.5575 -16.0485 -15.2328 0.0000 0.0000 0.0000 -18.2751 -1.9092 -7.8696 1.7704 8.3706 23.8455 -0.2785 9.3832 -4.7167 0.0134 0.7463 2.0509 0.0000 0.0000 0.0000 19.4296 -8.7299 13.8994 -1.3743 -7.4188 20.9621 -1.5684 -9.5554 -28.8023 -0.0223 0.9632 -2.6476 4.7897 2.6635 2.6686 0.9379 3.6564 1.4858 -1.7930 1.8554 0.2720 0.2855 3.1772 -17.0705 -2.2482 4.5056 9.5893 -0.3204 2.0220 5.7314 0.0000 0.0000 0.0000 67.0540 -76.5439 -88.5125 89.2374 -59.9978 -59.3396 -0.0000 0.0000 -32.3654 50.6872 13.2087 15.5914 -7.1250 0.0000 -0.0000 23.1951 48.8426 2.3124 0.0000 0.0000 0.0000 -164.1832 79.4483 172.5675 -38.9836 47.4561 -17.6867 0.0000 -0.0000 -16.4141 -56.9025 30.7477 -38.1087 7.1250 -0.0000 -0.0000 -13.7328 16.3155 -17.4593
9.3761 17.2467 -3.7769 2.6712 -15.6129 -16.2956 0.0000 0.0000 0.0000 -18.4289 -1.6805 -7.4187 1.8641 8.5771 24.4811 -0.2586 8.9758 -3.0905 0.0906 -1.9412 -5.3433 0.0000 0.0000 0.0000 19.4852 -8.7727 14.7388 -1.4760 -7.6767 21.7364 -1.6723 -9.8047 -29.6688 -0.0092 0.6196 -1.7028 4.4069 2.7274 2.9619 1.0085 3.7479 1.5555 -1.5241 1.8973 0.1557 1.0459 3.5690 -16.0256 -3.0988 4.9591 8.9804 -0.6868 2.2238 5.4172 0.0000 -0.0000 0.0000 65.7673 -75.8459 -86.4928 92.6839 -59.9728 -62.3241 -0.0000 0.0000 -30.6286 51.7397 13.7987 16.8273 -7.1250 0.0000 -0.0000 24.6215 49.9265 3.1601 0.0000 -0.0000 0.0000 -161.8499 78.8992 174.1831 -39.7337 47.9113 -18.2414 0.0000 -0.0000 -15.7397 -58.8072 32.6100 -41.6727 7.1250 -0.0000 -0.0000 -14.0451 19.7641 -18.4028
9.3640 17.2265 -3.7761 2.4118 -15.5862 -16.9429 0.0000 0.0000 0.0000 -18.1162 -1.4336 -7.5767 2.0968 9.0648 25.9982 -0.2228 8.3357 -2.9220 0.1411 -2.4211 -6.6711 0.0000 0.0000 0.0000 19.4968 -9.4478 15.2359 -1.4963 -7.7270 21.8879 -1.7127 -9.4452 -29.6805 -0.0037 0.3903 -1.0725 4.8592 2.9265 3.0709 0.8992 4.0298 1.5940 -1.8957 2.0432 0.1910 0.2217 3.2922 -14.9663 -2.1116 4.6121 8.1503 -0.3034 2.1186 4.9332 0.0000 -0.0000 0.0000 66.3037 -75.5743 -86.2787 94.7190 -59.9157 -64.0856 -0.0000 0.0000 -29.7955 52.0647 14.4313 17.7307 -7.1250 0.0000 -0.0000 25.2858 50.8889 3.8820 0.0000 -0.0000 0.0000 -161.9967 78.3719 172.8743 -39.9323 48.0298 -18.3889 0.0000 -0.0000 -14.8973 -58.1516 32.0062 -40.4712 7.1250 -0.0000 -0.0000 -13.9312 18.6204 -18.0809
9.3594 17.1952 -3.7935 2.2010 -15.3000 -17.0229 0.0000 0.0000 0.0000 -17.9582 -1.6913 -7.8639 2.2237 9.3173 26.7930 -0.1996 7.9216 -2.1944 0.2931 -3.4812 -9.6215 0.0000 0.0000 0.0000 19.6900 -9.6992 15.0160 -1.5733 -7.9142 22.4537 -1.8031 -9.1955 -30.0928 -0.0112 0.6819 -1.8740 4.9394 2.9572 3.1322 0.8216 4.0726 1.7088 -2.0195 2.0698 0.2895 0.5454 3.3115 -15.6076 -2.8480 4.6546 7.9970 -0.5718 2.0935 5.0163 -0.0000 -0.0000 0.0000 66.4905 -75.3037 -86.2386 96.2496 -59.8519 -65.4096 -0.0000 0.0000 -29.5113 52.2928 14.4884 17.9325 -7.1250 0.0000 -0.0000 25.5815 51.0307 4.0260 -0.0000 -0.0000 0.0000 -159.5617 78.5262 175.9507 -40.6478 48.4490 -18.9226 0.0000 -0.0000 -15.4089 -59.7102 32.7450 -42.8003 7.1250 -0.0000 -0.0000 -14.4529 20.5619 -19.0791
9.3546 17.1785 -3.7969 2.2930 -15.2994 -17.0633 0.0000 0.0000 0.0000 -18.1240 -1.5308 -8.1969 2.3016 9.4679 27.2704 -0.2331 8.5269 -3.3913 0.1323 -2.3446 -6.4590 0.0000 0.0000 0.0000 19.6215 -9.6415 14.8770 -1.6178 -8.0199 22.7745 -1.7667 -9.4580 -30.0382 -0.0139 0.7621 -2.0945 4.5205 3.0763 2.7703 0.7767 4.1898 2.0575 -1.8000 2.1423 0.8315 0.7871 3.2939 -16.4298 -2.7698 4.5720 8.1265 -0.5801 2.0560 5.1909 -0.0000 -0.0000 0.0000 65.9256 -75.0569 -85.6532 95.9219 -59.8671 -65.1263 -0.0000 0.0000 -29.1462 52.0388 13.6549 16.8349 -7.1250 0.0000 -0.0000 24.8982 49.8056 3.1221 -0.0000 -0.0000 0.0000 -159.5192 78.1738 176.2121 -40.5111 48.3698 -18.8203 0.0000 -0.0000 -15.9170 -59.3746 33.0987 -42.6897 7.1250 -0.0000 -0.0000 -14.1510 20.7153 -18.6819
9.3611 17.1743 -3.7924 2.1245 -15.4991 -17.1054 0.0000 0.0000 0.0000 -17.8966 -1.8682 -8.1949 2.3716 9.6006 27.6929 -0.2460 8.7733 -3.8512 0.0225 -0.9686 -2.6625 0.0000 0.0000 0.0000 19.7343 -9.6871 14.8455 -1.6451 -8.0840 22.9695 -1.8243 -9.2330 -30.2531 -0.0046 0.4357 -1.1971 4.2626 2.8221 2.7038 1.0901 3.8406 2.0557 -1.3303 1.9614 0.8046 -0.4432 3.6194 -14.5614 -1.9333 5.1222 6.9235 -0.1208 2.3788 4.4696 -0.0000 -0.0000 0.0000 59.8120 -75.5403 -80.3126 93.9672 -59.9404 -63.4350 -0.0000 0.0000 -28.9566 50.6211 11.0714 13.1681 -7.1250 0.0000 -0.0000 22.3046 45.8474 0.4910 -0.0000 -0.0000 0.0000 -168.3636 77.2839 168.3764 -40.5983 48.4204 -18.8856 0.0000 -0.0000 -16.5526 -58.9057 32.4473 -41.6564 7.1250 -0.0000 -0.0000 -14.1548 19.6499 -18.5372
9.3743 17.1615 -3.8001 2.3865 -15.7620 -16.9870 0.0000 0.0000 0.0000 -18.2276 -2.1050 -8.3847 2.4124 9.6768 27.9363 -0.2590 9.0007 -3.9615 0.0759 -1.7768 -4.8893 0.0000 0.0000 0.0000 19.2859 -9.7428 14.3149 -1.7038 -8.2198 23.3837 -1.8567 -8.6254 -30.0587 -0.0054 0.4724 -1.2981 3.7053 2.9097 2.8985 1.0869 3.9499 2.2644 -1.0305 2.0136 0.8777 -0.2541 3.4525 -14.4309 -2.9592 4.9394 6.0554 -0.4924 2.2432 4.2123 0.0000 -0.0000 0.0000 57.6652 -76.0326 -78.5700 94.7733 -59.9137 -64.1326 -0.0000 0.0000 -30.2680 51.3876 13.7686 16.5944 -7.1250 0.0000 -0.0000 24.2079 49.7927 3.0178 0.0000 -0.0000 0.0000 -172.8380 77.4357 164.9476 -40.8041 48.5392 -19.0397 0.0000 -0.0000 -17.6362 -58.4577 30.7502 -39.7935 7.1250 -0.0000 -0.0000 -14.5317 17.3810 -18.7061
9.3989 17.1595 -3.8129 1.8845 -15.8664 -16.5173 0.0000 0.0000 0.0000 -17.7170 -2.7745 -8.9622 2.5070 9.8506 28.4943 -0.2669 9.1805 -4.5396 0.0309 -1.1349 -3.1201 0.0000 0.0000 0.0000 19.7389 -9.8283 13.9020 -1.6871 -8.1814 23.2663 -1.8942 -8.3533 -30.1227 -0.0071 0.5441 -1.4952 3.9575 2.8125 3.1073 1.2023 3.8235 2.6103 -1.0497 1.9603 1.1207 -0.9839 3.6024 -15.0475 -1.9943 5.1897 6.0935 -0.0500 2.4009 4.2782 -0.0000 -0.0000 0.0000 54.5593 -76.6384 -76.3253 92.8622 -59.9690 -62.4785 -0.0000 0.0000 -30.6610 50.3188 13.8203 16.0623 -7.1250 0.0000 -0.0000 23.0268 49.5915 2.7368 -0.0000 -0.0000 0.0000 -177.4251 77.1582 160.9744 -40.6427 48.4461 -18.9188 0.0000 -0.0000 -18.3649 -57.6575 30.3259 -38.5686 7.1250 -0.0000 -0.0000 -14.2660 16.3283 -18.1754
9.4346 17.1668 -3.8098 1.5111 -16.1469 -16.0032 0.0000 0.0000 0.0000 -17.3496 -2.9020 -9.6532 2.5916 10.0026 28.9851 -0.2556 9.0300 -4.8045 0.0297 -1.1132 -3.0605 0.0000 0.0000 0.0000 19.9782 -9.9026 13.4502 -1.6551 -8.1073 23.0405 -1.8328 -8.2226 -29.6457 -0.0307 1.1319 -3.1117 4.1143 2.6639 3.6218 1.1413 3.6505 2.7512 -1.2195 1.8759 0.9846 -0.1441 3.8066 -14.8151 -2.4665 5.3273 5.5265 -0.3276 2.4700 4.1020 0.0000 -0.0000 0.0000 48.2663 -77.2710 -70.4371 91.4218 -59.9924 -61.2313 -0.0000 0.0000 -32.2678 49.9438 14.4847 16.5672 -7.1250 0.0000 -0.0000 22.8600 50.4004 3.1879 0.0000 -0.0000 0.0000 174.6909 75.9379 152.6726 -39.6576 47.8657 -18.1849 0.0000 -0.0000 -18.8719 -57.4312 30.0064 -38.0581 7.1250 -0.0000 -0.0000 -14.2577 15.7960 -18.0758
9.4772 17.1806 -3.8064 1.0894 -16.4033 -14.9895 0.0000 0.0000 0.0000 -16.9413 -3.2857 -10.7980 2.6739 10.1475 29.4557 -0.2620 9.1528 -4.9510 0.0347 -1.2029 -3.3073 0.0000 0.0000 0.0000 20.4838 -9.3936 12.4735 -1.6494 -8.0941 23.0004 -1.7556 -8.7143 -29.4642 -0.0648 1.6423 -4.5180 4.4693 2.7554 3.5187 1.0577 3.7622 3.1318 -1.4839 1.9521 1.4710 -0.0876 3.7311 -15.0359 -2.7203 5.2114 4.6431 -0.4296 2.4092 3.8717 -0.0000 -0.0000 0.0000 43.7309 -78.4943 -66.8494 89.7376 -59.9997 -59.7728 -0.0000 0.0000 -33.4735 50.0244 15.4708 17.6497 -7.1250 0.0000 -0.0000 23.3349 51.7499 4.0631 -0.0000 -0.0000 0.0000 168.6739 75.5316 146.7819 -39.2490 47.6186 -17.8825 0.0000 -0.0000 -19.4906 -56.2646 28.2709 -35.3459 7.1250 -0.0000 -0.0000 -14.2215 12.9292 -17.5229
9.5156 17.1705 -3.8122 0.1295 -16.5257 -14.1543 0.0000 0.0000 0.0000 -15.9635 -3.6984 -11.7225 2.7875 10.3428 30.0941 -0.2493 9.0841 -5.6893 0.0027 -0.3364 -0.9244 0.0000 0.0000 0.0000 21.5868 -9.0747 11.9255 -1.6419 -8.0764 22.9465 -1.7788 -8.7310 -29.6263 -0.0461 1.3853 -3.8097 4.7026 2.5365 4.1645 1.4627 3.4944 3.4962 -1.2160 1.8215 1.4607 -0.6088 3.7287 -14.5809 -2.4345 5.2417 3.3113 -0.2970 2.4546 3.7440 0.0000 -0.0000 0.0000 36.0978 -79.3694 -60.3315 87.2614 -59.9716 -57.6285 -0.0000 0.0000 -35.3970 49.8847 15.6526 17.7566 -7.1250 0.0000 -0.0000 23.2415 51.9559 4.1667 0.0000 -0.0000 0.0000 162.4073 74.4121 140.6977 -37.9700 46.8202 -16.9438 0.0000 -0.0000 -20.0605 -55.2833 28.3801 -34.4509 7.1250 -0.0000 -0.0000 -13.6720 12.4384 -16.7219
9.5754 17.1799 -3.8110 -0.4361 -16.6661 -13.0296 0.0000 0.0000 0.0000 -15.4097 -3.8209 -13.3287 2.9020 10.5346 30.7260 -0.2328 8.6905 -5.0206 0.0365 -1.2328 -3.3896 0.0000 0.0000 0.0000 22.2096 -8.5303 10.7707 -1.6609 -8.1208 23.0817 -1.7360 -8.9266 -29.4782 -0.0471 1.4009 -3.8527 4.8828 2.5658 4.9702 1.5264 3.5830 3.5885 -1.2916 1.8624 1.1202 -0.2637 3.7217 -14.2797 -2.5581 5.1633 2.8258 -0.4159 2.4252 3.5270 -0.0000 -0.0000 0.0000 27.8310 -81.0516 -52.7731 83.2675 -59.8280 -54.1729 -0.0000 0.0000 -36.1152 50.2304 17.0250 19.3817 -7.1250 0.0000 -0.0000 24.2161 53.8754 5.5343 -0.0000 -0.0000 0.0000 153.8288 73.5468 132.3063 -37.6995 46.6463 -16.7467 0.0000 -0.0000 -20.5063 -57.6720 28.6875 -37.1809 7.1250 -0.0000 -0.0000 -14.8219 14.3735 -18.5785
9.6439 17.1806 -3.7818 -0.8601 -16.7404 -12.1216 0.0000 0.0000 0.0000 -15.0872 -3.8396 -14.4218 2.9623 10.6338 31.0545 -0.2054 8.3643 -5.6489 0.0111 -0.6810 -1.8714 0.0000 0.0000 0.0000 22.5637 -8.0422 10.1237 -1.6509 -8.0976 23.0108 -1.7206 -9.0284 -29.4459 -0.0510 1.4580 -4.0101 4.5852 2.3726 6.0789 1.8594 3.3782 3.6082 -0.8339 1.7375 0.4734 -0.3442 4.0696 -13.5735 -2.5753 5.6259 2.5000 -0.3913 2.6639 3.2784 0.0000 -0.0000 0.0000 8.5615 -82.1043 -34.5695 79.8352 -59.6060 -51.2087 -0.0000 0.0000 -37.3764 50.6874 19.4345 22.1135 -7.1250 0.0000 -0.0000 25.8892 57.1545 8.0752 0.0000 -0.0000 0.0000 145.3443 71.3774 123.9431 -36.7831 46.0442 -16.0837 0.0000 -0.0000 -21.7491 -55.3869 26.9643 -33.3037 7.1250 -0.0000 -0.0000 -14.1700 10.7564 -17.0435
9.7170 17.2074 -3.7425 -1.4215 -16.5578 -10.9382 0.0000 0.0000 0.0000 -14.7390 -3.8813 -15.9259 3.0656 10.8004 31.6097 -0.1838 7.8377 -5.0091 0.0731 -1.7442 -4.7993 0.0000 0.0000 0.0000 22.9932 -7.7555 9.3066 -1.5822 -7.9355 22.5183 -1.5622 -9.7379 -28.8914 -0.0457 1.3794 -3.7935 4.5076 2.3233 7.0949 2.3003 3.3563 3.9038 -0.3772 1.7172 0.1842 -1.2056 3.6657 -13.6486 -2.6881 5.2144 1.7338 -0.3142 2.4566 2.9973 0.0000 -0.0000 0.0000 -14.7190 -83.0021 -13.2950 76.0313 -59.2497 -47.9332 -0.0000 0.0000 -38.7546 49.3004 18.8755 20.6124 -7.1250 0.0000 -0.0000 23.7851 56.0189 6.6982 0.0000 -0.0000 0.0000 137.8758 69.8349 117.0013 -36.0257 45.5308 -15.5408 0.0000 -0.0000 -22.2316 -54.5133 26.7294 -32.2468 7.1250 -0.0000 -0.0000 -13.7781 9.9293 -16.3863
9.8021 17.2145 -3.6814 -2.2645 -16.8298 -9.4682 0.0000 0.0000 0.0000 -14.0033 -3.5862 -17.7836 3.2053 11.0201 32.3478 -0.1537 7.3456 -5.2774 0.0254 -1.0288 -2.8280 0.0000 0.0000 0.0000 23.6016 -7.4122 8.3486 -1.5241 -7.7951 22.0935 -1.5473 -9.3349 -28.5013 -0.0516 1.4656 -4.0309 4.8300 2.0728 7.9165 2.4164 3.0783 4.2062 -0.4462 1.5804 0.0455 -0.1860 3.9805 -14.0588 -3.2350 5.4851 1.2405 -0.6480 2.5805 2.9588 0.0000 -0.0000 0.0000 -36.6817 -81.9281 7.2915 71.7002 -58.6960 -44.2213 -0.0000 0.0000 -40.5610 48.8040 19.3915 20.7726 -7.1250 0.0000 -0.0000 23.3338 56.5349 6.8582 0.0000 -0.0000 0.0000 133.2243 67.4264 112.7962 -35.2033 44.9568 -14.9568 0.0000 -0.0000 -23.9034 -53.2272 25.7248 -30.1472 7.1250 -0.0000 -0.0000 -13.3897 7.9189 -15.5081
9.8808 17.2420 -3.5966 -2.1115 -17.0949 -8.2934 0.0000 0.0000 0.0000 -14.3152 -2.9823 -19.2797 3.2491 11.0878 32.5766 -0.1104 6.4612 -5.2115 0.0088 -0.6047 -1.6616 0.0000 0.0000 0.0000 23.3623 -6.2731 7.5379 -1.5232 -7.7930 22.0871 -1.4880 -9.9310 -28.5301 -0.0634 1.6242 -4.4683 4.3184 2.0322 8.8311 2.3695 3.0297 4.4603 -0.2388 1.5450 -0.2226 -0.2267 3.9285 -13.3400 -3.4128 5.3958 0.3697 -0.7264 2.5507 2.5281 0.0000 -0.0000 0.0000 -56.3665 -80.0551 25.5717 66.6881 -57.8436 -39.9575 -0.0000 0.0000 -40.4873 48.9042 20.1779 21.5772 -7.1250 0.0000 -0.0000 23.7717 57.5644 7.5991 0.0000 -0.0000 0.0000 128.0859 64.4371 107.2486 -33.9303 44.0330 -14.0646 0.0000 -0.0000 -24.5755 -51.9264 24.1302 -27.5588 7.1250 -0.0000 -0.0000 -13.1399 5.1841 -14.6488
9.9759 17.2524 -3.5169 -2.0284 -17.1005 -6.7880 0.0000 0.0000 0.0000 -14.7051 -2.9218 -20.8531 3.2300 11.0583 32.4768 -0.0877 5.9444 -5.1503 0.0116 -0.6949 -1.9095 0.0000 0.0000 0.0000 23.0654 -5.2561 5.9945 -1.5965 -7.9695 22.6213 -1.6305 -9.4687 -29.1563 -0.0525 1.4785 -4.0664 4.0491 1.8933 9.8361 1.9878 2.8515 4.9239 -0.4948 1.4570 -0.2923 0.1644 3.9262 -13.5441 -3.3510 5.2922 -0.7616 -0.7868 2.5168 2.1895 -0.0000 -0.0000 0.0000 -66.3725 -77.9665 34.8319 63.0676 -57.0735 -36.9050 -0.0000 0.0000 -43.1507 48.6006 20.0482 21.2485 -7.1250 0.0000 -0.0000 23.3114 57.3098 7.2954 -0.0000 -0.0000 0.0000 125.1105 62.0601 104.1315 -32.6717 43.0762 -13.1973 0.0000 -0.0000 -25.3523 -49.8745 22.1272 -24.0798 7.1250 -0.0000 -0.0000 -12.5424 1.5945 -13.2036
10.0835 17.2728 -3.4041 -3.1715 -17.6437 -4.8431 0.0000 0.0000 0.0000 -13.7848 -2.5292 -22.7988 3.3362 11.2204 33.0268 -0.0482 5.4043 -5.9593 0.0001 0.0560 0.1539 0.0000 0.0000 0.0000 23.9791 -4.2184 5.1062 -1.4961 -7.7265 21.8863 -1.4973 -9.8904 -28.5636 -0.0717 1.7270 -4.7516 5.2333 1.7254 10.7839 1.7254 2.7577 5.4284 -1.4387 1.4381 -0.2087 -1.2085 4.3817 -11.6714 -0.9182 5.9500 -4.0960 0.1486 2.9670 0.6423 -0.0000 -0.0000 0.0000 -73.7634 -75.2000 41.2289 58.8444 -55.9941 -33.3813 -0.0000 0.0000 -43.9915 48.7016 21.9555 23.0551 -7.1250 0.0000 -0.0000 24.1932 59.7321 9.0198 -0.0000 -0.0000 0.0000 122.2772 59.3200 101.0639 -31.7250 42.3269 -12.5553 0.0000 -0.0000 -26.3692 -49.2182 21.7837 -23.2775 7.1250 -0.0000 -0.0000 -12.2604 0.8524 -12.7349
10.2010 17.3229 -3.2872 -2.6093 -18.3056 -2.5722 0.0000 0.0000 0.0000 -14.8634 -2.2534 -25.2770 3.3067 11.1757 32.8746 -0.0544 5.3445 -5.5569 0.0169 -0.8382 -2.3038 0.0000 0.0000 0.0000 23.0143 -2.5904 2.9636 -1.5287 -7.8064 22.1274 -1.4123 -10.1180 -28.1483 -0.0575 1.5470 -4.2552 4.4366 1.6081 11.2923 1.3700 2.5199 6.0083 -1.3428 1.3188 0.0836 0.3658 4.0678 -13.8438 -3.3509 5.3473 -3.9759 -0.8429 2.5800 1.1764 0.0000 0.0000 0.0000 -79.1869 -72.7891 44.7800 53.5942 -54.3461 -29.0703 -0.0000 0.0000 -44.9338 48.9201 20.2554 21.6602 -7.1250 0.0000 -0.0000 23.8238 57.6673 7.6771 0.0000 0.0000 0.0000 120.2850 56.5983 99.1066 -30.7369 41.5167 -11.8951 0.0000 -0.0000 -27.3933 -47.4468 19.3743 -19.8676 7.1250 -0.0000 -0.0000 -11.8388 -3.0063 -11.4525
10.3080 17.3454 -3.1904 -4.0873 -19.0062 0.5711 0.0000 0.0000 0.0000 -13.6366 -1.8969 -28.5495 3.3688 11.2694 33.1938 -0.0335 4.6489 -5.2382 0.0793 -1.8160 -4.9974 0.0000 0.0000 0.0000 24.2793 -0.7017 0.5821 -1.5041 -7.7462 21.9460 -1.2733 -10.7839 -27.6899 -0.0717 1.7276 -4.7533 5.0418 1.3540 12.1109 1.5066 2.2627 6.4589 -1.5281 1.2030 0.1236 -1.3640 4.4909 -12.0790 -1.8895 6.0473 -7.7743 -0.1735 3.0407 -0.4282 -0.0000 0.0000 0.0000 -82.0341 -70.2048 45.2902 48.6546 -52.4383 -25.1037 -0.0000 0.0000 -45.4466 47.4022 22.4143 22.5235 -7.1250 0.0000 -0.0000 22.4995 59.9043 8.4405 -0.0000 0.0000 0.0000 119.2763 53.8420 98.8551 -29.1525 40.1558 -10.8589 0.0000 -0.0000 -29.0684 -47.6560 18.6567 -19.3421 7.1250 -0.0000 -0.0000 -12.1344 -3.8618 -11.5565
10.4383 17.3956 -3.0287 -3.6480 -20.2939 2.8861 0.0000 0.0000 0.0000 -14.6669 -1.3287 -30.7064 3.3628 11.2605 33.1634 -0.0060 4.1189 -5.6292 0.1270 -2.2974 -6.3284 0.0000 0.0000 0.0000 22.9891 0.6034 -1.1766 -1.4269 -7.5535 21.3658 -1.2060 -10.3108 -26.8220 -0.0452 1.3722 -3.7735 3.9938 1.2549 13.0484 0.8427 2.0287 7.0199 -1.6218 1.0739 0.1758 -0.1118 4.7561 -12.1170 -3.1312 6.1777 -9.3291 -0.7726 3.0826 -0.8255 0.0000 -0.0000 0.0000 -84.3818 -67.5520 45.1633 43.1899 -49.8502 -20.8458 -0.0000 0.0000 -46.2976 46.7126 21.6122 21.3568 -7.1250 0.0000 -0.0000 21.2850 58.7104 7.3454 0.0000 -0.0000 0.0000 118.3470 51.1353 98.2401 -28.1099 39.2172 -10.1931 0.0000 -0.0000 -30.5988 -45.0098 15.5526 -15.0142 7.1250 -0.0000 -0.0000 -11.2408 -8.8213 -9.5752
10.5384 17.4291 -2.8942 -4.2255 -22.0420 6.3797 0.0000 0.0000 0.0000 -14.5443 -0.4902 -34.3964 3.4588 11.4031 33.6516 0.0182 3.6748 -6.0001 0.1046 -2.0856 -5.7423 0.0000 0.0000 0.0000 22.7924 3.1264 -3.9929 -1.4202 -7.5364 21.3147 -1.1421 -9.8051 -25.9380 -0.0003 -0.1145 0.3146 2.8266 1.4454 13.4076 0.5875 2.1324 7.4529 -1.2478 1.0990 0.4050 -0.2369 5.3194 -11.8601 -2.6680 6.9215 -11.6068 -0.6486 3.4799 -1.6034 -0.0000 0.0000 0.0000 -86.7408 -65.5684 44.1200 37.7260 -46.6634 -16.7660 -0.0000 0.0000 -47.1301 45.3808 22.7025 21.3610 -7.1250 0.0000 -0.0000 19.7564 59.6574 7.2417 -0.0000 0.0000 0.0000 117.4665 48.8734 97.9159 -26.5466 37.7433 -9.2202 0.0000 -0.0000 -31.0965 -43.8856 13.8479 -12.9642 7.1250 -0.0000 -0.0000 -10.8921 -11.3559 -8.6968
10.6634 17.4617 -2.7616 -5.1328 -23.0783 9.3093 0.0000 0.0000 0.0000 -14.1237 -0.2729 -37.0054 3.4717 11.4220 33.7168 0.0317 3.5941 -6.3961 0.0043 0.4244 1.1661 0.0000 0.0000 0.0000 22.7351 4.3699 -6.6147 -1.4434 -7.5951 21.4907 -1.1102 -9.1206 -25.1518 -0.0517 1.4673 -4.0356 2.3402 1.1178 15.0233 0.2992 1.6605 7.7676 -1.2500 0.8418 -0.1462 -2.8386 6.5331 -6.7260 -1.2892 8.7590 -17.7151 -0.1374 4.5537 -4.8219 -0.0000 0.0000 0.0000 -87.1256 -63.6058 41.2096 32.7640 -43.1479 -13.2604 -0.0000 0.0000 -47.1531 43.7950 28.4443 24.5452 -7.1250 0.0000 -0.0000 18.5268 65.9765 9.5228 -0.0000 0.0000 0.0000 117.0879 46.4342 98.2272 -25.3313 36.5407 -8.4864 0.0000 -0.0000 -32.9130 -42.5227 12.3569 -11.1033 7.1250 -0.0000 -0.0000 -10.3075 -13.6161 -7.7198
10.7658 17.4742 -2.6404 -6.1793 -24.1711 12.8163 0.0000 0.0000 0.0000 -13.6930 0.0211 -40.5281 3.5160 11.4869 33.9402 0.0279 3.7584 -6.4557 0.1186 2.2205 6.1155 0.0000 0.0000 0.0000 22.6904 5.8584 -9.5873 -1.4203 -7.5367 21.3155 -0.9181 -8.9716 -23.4623 -0.1563 2.5476 -7.0218 1.8975 1.1557 15.6983 -0.0447 1.6339 8.1997 -1.3658 0.8182 -0.0474 0.5675 6.1700 -10.9914 -4.1128 7.8402 -14.1646 -1.3140 3.9561 -2.4926 0.0000 -0.0000 0.0000 -89.1005 -63.3235 41.1413 26.6609 -37.8539 -9.2903 -0.0000 0.0000 -49.4606 48.5401 24.9407 25.5149 -7.1250 0.0000 -0.0000 25.1847 63.3278 11.5707 0.0000 -0.0000 0.0000 116.6803 45.2400 98.8511 -23.9789 35.1419 -7.6944 0.0000 -0.0000 -35.5933 -40.3987 8.7266 -7.3572 7.1250 -0.0000 -0.0000 -9.5257 -18.6706 -6.0591
10.8721 17.4876 -2.5134 -7.2646 -25.0554 15.4749 0.0000 0.0000 0.0000 -13.3209 0.4468 -43.1961 3.6455 11.6731 34.5851 0.0445 3.3730 -6.5837 0.0834 1.8625 5.1258 0.0000 0.0000 0.0000 22.6723 6.7884 -11.3961 -1.3572 -7.3744 20.8295 -0.9532 -7.6715 -22.7446 -0.1007 2.0463 -5.6336 1.5006 0.8676 17.1689 -0.4007 1.1890 8.6207 -1.4699 0.5810 -0.3830 0.3288 6.6408 -9.7556 -4.1941 8.4765 -15.4398 -1.3885 4.3138 -3.1339 -0.0000 0.0000 0.0000 -90.0337 -62.9443 37.8056 21.1776 -32.0351 -6.1439 -0.0000 0.0000 -47.7501 43.9901 26.6557 23.4167 -7.1250 0.0000 -0.0000 18.5545 63.9583 8.6715 -0.0000 0.0000 0.0000 116.4670 43.3818 99.4022 -22.9631 34.0485 -7.1176 0.0000 -0.0000 -36.4582 -39.9299 6.4546 -5.3754 7.1250 -0.0000 -0.0000 -9.5575 -21.6304 -5.4358
10.9479 17.4682 -2.3938 -8.1577 -25.8254 18.5117 0.0000 0.0000 0.0000 -13.3797 1.1255 -46.7995 3.8764 11.9941 35.7109 0.0590 2.7833 -6.4678 0.0126 0.7248 1.9919 0.0000 0.0000 0.0000 22.6267 8.1387 -13.6646 -1.3150 -7.2633 20.4979 -0.8723 -7.6485 -22.0115 -0.0785 1.8072 -4.9731 0.5275 0.7039 17.6873 -0.7858 0.8050 9.0465 -1.2638 0.3630 -0.2203 0.9839 7.1332 -10.3028 -4.6952 9.0590 -15.1888 -1.6142 4.5837 -2.8862 -0.0000 0.0000 0.0000 -90.8519 -62.7229 33.9910 16.7792 -26.5658 -3.9881 -0.0000 0.0000 -45.9007 42.2775 26.1673 21.8487 -7.1250 0.0000 -0.0000 15.9566 62.8741 7.0192 -0.0000 0.0000 0.0000 116.2349 41.7413 99.7310 -22.3604 33.3820 -6.7831 0.0000 -0.0000 -38.0092 -38.0662 3.7055 -2.8975 7.1250 -0.0000 -0.0000 -8.5905 -25.2705 -4.1455
11.0199 17.4807 -2.2605 -8.7517 -26.4031 20.6587 0.0000 0.0000 0.0000 -13.5335 1.4415 -49.0605 4.0440 12.2187 36.5100 0.0747 2.4058 -6.6299 0.0008 0.1828 0.5023 0.0000 0.0000 0.0000 22.4081 8.5954 -15.0089 -1.2037 -6.9606 19.5986 -0.7534 -7.7814 -21.0140 -0.2012 2.8881 -7.9674 -0.1080 0.4319 18.7272 -1.3254 0.3135 9.6299 -1.3945 0.1017 -0.1395 2.1509 7.4174 -11.5969 -6.0087 9.2345 -14.3356 -2.1277 4.6248 -2.2566 -0.0000 0.0000 0.0000 -90.8870 -62.5030 30.5281 13.4694 -21.9712 -2.6263 -0.0000 0.0000 -44.8190 40.7567 26.3749 20.9506 -7.1250 0.0000 -0.0000 13.8040 62.6698 5.9856 -0.0000 0.0000 0.0000 115.7343 40.5242 100.9209 -21.8639 32.8228 -6.5119 0.0000 -0.0000 -39.4656 -37.7654 1.5684 -1.2147 7.1250 -0.0000 -0.0000 -8.6250 -27.9597 -3.6122
11.0811 17.4623 -2.1354 -9.6040 -27.1580 22.7940 0.0000 0.0000 0.0000 -13.2990 1.6377 -51.2270 4.2909 12.5378 37.6620 0.0951 2.4590 -7.2730 0.0003 -0.1078 -0.2961 0.0000 0.0000 0.0000 22.5747 8.4913 -16.2933 -1.0488 -6.5124 18.2786 -0.5754 -7.6204 -19.0884 -0.5206 4.6240 -12.8393 -0.5454 0.3273 19.4828 -1.8614 0.0649 10.0973 -1.6729 -0.0326 -0.0229 2.5835 7.8972 -11.5290 -6.6466 9.7950 -14.6554 -2.4052 4.9087 -2.3000 0.0000 0.0000 0.0000 -91.8734 -61.8940 25.6873 11.1975 -18.5903 -1.8384 -0.0000 0.0000 -41.2639 39.4261 26.2760 20.0001 -7.1250 0.0000 -0.0000 11.9667 62.1729 5.0357 0.0000 0.0000 0.0000 115.5891 39.1025 101.0748 -21.4381 32.3362 -6.2826 0.0000 -0.0000 -41.1497 -36.9598 0.8157 -0.6138 7.1250 -0.0000 -0.0000 -8.0894 -28.9183 -3.1980
11.1354 17.4627 -2.0180 -9.9764 -27.8029 24.4488 0.0000 0.0000 0.0000 -13.1520 1.3466 -52.7763 4.4501 12.7364 38.3897 0.1064 2.7482 -7.8095 0.0261 1.0433 2.8680 0.0000 0.0000 0.0000 22.1934 8.9972 -17.4266 -1.0039 -6.3758 17.8788 -0.5531 -7.5193 -18.7613 -0.7501 5.5321 -15.4326 -0.9545 0.2003 20.1107 -2.5447 -0.2127 10.5808 -2.1183 -0.1754 0.1797 2.0998 8.0152 -11.3519 -6.5064 10.0103 -15.1557 -2.3057 5.0536 -2.5221 -0.0000 0.0000 0.0000 -92.4855 -61.4103 21.4204 9.5372 -16.0123 -1.3445 -0.0000 0.0000 -37.6560 37.4530 26.9028 19.1168 -7.1250 0.0000 -0.0000 9.2507 62.3312 3.9152 -0.0000 0.0000 0.0000 115.0662 37.7747 100.9520 -21.4720 32.3752 -6.3008 0.0000 -0.0000 -41.5480 -35.3720 -2.9538 2.0951 7.1250 -0.0000 -0.0000 -7.1625 -33.5376 -2.0264
11.1566 17.4492 -1.9288 -11.4146 -28.2353 26.0344 0.0000 0.0000 0.0000 -12.0931 1.9074 -54.0653 4.6711 13.0035 39.3816 0.1282 2.5572 -8.2100 0.0152 0.7966 2.1893 0.0000 0.0000 0.0000 22.9690 10.3013 -17.3835 -0.9341 -6.1563 17.2387 -0.5725 -7.4981 -18.9527 -0.5707 4.8381 -13.4474 -0.9585 0.3620 21.1300 -2.7344 -0.0582 10.9922 -2.3566 -0.1047 0.1259 2.1086 7.9303 -10.1664 -6.7614 9.8563 -16.5075 -2.5198 5.0147 -3.1852 0.0000 -0.0000 0.0000 -93.3839 -60.4031 19.0717 8.7629 -14.7817 -1.1389 -0.0000 0.0000 -34.7516 36.1726 27.9268 18.9028 -7.1250 0.0000 -0.0000 7.3641 63.1241 3.2488 0.0000 -0.0000 0.0000 114.2002 36.9867 100.4508 -21.5237 32.4345 -6.3285 0.0000 -0.0000 -41.9080 -33.7037 -4.7020 3.1296 7.1250 -0.0000 -0.0000 -5.8818 -35.5753 -1.3680
11.2014 17.4562 -1.8554 -11.7550 -28.6307 27.0765 0.0000 0.0000 0.0000 -11.8569 1.6010 -54.9433 4.7733 13.1239 39.8341 0.1229 3.0005 -8.4299 0.0663 1.6613 4.5704 0.0000 0.0000 0.0000 22.7249 10.7570 -17.8037 -0.8605 -5.9153 16.5388 -0.5500 -6.9973 -18.2842 -0.3669 3.8909 -10.7698 -1.2114 0.3508 21.5973 -3.2724 -0.1594 11.5831 -2.7751 -0.1575 0.5421 2.7813 8.0464 -10.1740 -7.3256 9.9035 -16.8916 -2.8360 5.0243 -3.2552 0.0000 -0.0000 0.0000 -93.8629 -60.1244 16.9116 8.1504 -13.7964 -0.9877 -0.0000 0.0000 -32.4668 36.9043 27.4147 19.0730 -7.1250 0.0000 -0.0000 8.4404 62.7556 3.6538 0.0000 -0.0000 0.0000 113.9616 37.2521 102.0039 -21.2977 32.1742 -6.2077 0.0000 -0.0000 -44.3467 -35.0937 -1.2809 0.8998 7.1250 -0.0000 -0.0000 -6.8141 -31.5002 -2.2636
11.2099 17.4416 -1.7832 -12.8237 -28.3209 28.1760 0.0000 0.0000 0.0000 -10.6535 1.2221 -55.6097 4.8704 13.2364 40.2598 0.1292 3.3189 -8.8458 0.0131 0.7378 2.0276 0.0000 0.0000 0.0000 23.7234 10.5505 -17.5684 -0.7235 -5.4350 15.1536 -0.4260 -7.4569 -17.2583 -0.5845 4.8953 -13.6103 -0.0705 0.6796 22.0122 -3.5790 0.4311 11.8812 -3.8845 0.1945 0.7120 4.0950 7.5344 -10.2000 -7.8307 9.0714 -16.6812 -3.2375 4.5434 -3.1374 0.0000 -0.0000 0.0000 -95.5412 -59.6851 18.9482 7.5045 -12.7465 -0.8394 -0.0000 0.0000 -31.2199 35.7040 27.6783 18.4606 -7.1250 0.0000 -0.0000 6.7932 62.7146 2.9303 0.0000 -0.0000 0.0000 113.5924 37.1883 100.0827 -20.9228 31.7381 -6.0093 0.0000 -0.0000 -43.0342 -35.3673 -2.0187 1.4323 7.1250 -0.0000 -0.0000 -7.0898 -32.4002 -2.2018
11.2224 17.4463 -1.7490 -11.7039 -28.6830 28.3203 0.0000 0.0000 0.0000 -11.9012 0.7728 -55.8597 4.7617 13.1104 39.7830 0.1249 3.4710 -8.8763 0.0210 0.9361 2.5731 0.0000 0.0000 0.0000 22.3171 10.5646 -18.7092 -0.7879 -5.6665 15.8197 -0.4865 -7.0361 -17.5978 -0.6266 5.0651 -14.0945 -2.5159 0.3997 22.5440 -3.3695 -0.3814 11.7999 -2.0981 -0.3276 0.3173 3.3157 8.1285 -10.0806 -8.4521 9.8692 -16.8386 -3.3067 5.0161 -3.1672 0.0000 0.0000 0.0000 -95.0760 -59.4482 12.1887 7.0197 -11.9516 -0.7357 -0.0000 0.0000 -26.6145 34.1212 27.4550 17.3490 -7.1250 0.0000 -0.0000 4.7898 62.0300 1.9863 0.0000 0.0000 0.0000 112.8002 36.2156 102.4647 -20.9053 31.7177 -6.0001 0.0000 -0.0000 -43.6158 -35.5598 -2.2705 1.6223 7.1250 -0.0000 -0.0000 -7.2645 -32.7106 -2.2020
11.2188 17.4441 -1.7162 -12.6302 -28.0414 29.4633 0.0000 0.0000 0.0000 -10.8108 0.6491 -56.8315 4.8502 13.2130 40.1713 0.1510 2.8444 -8.9603 0.0496 1.4378 3.9542 0.0000 0.0000 0.0000 23.2870 10.5600 -19.0969 -0.7307 -5.4615 15.2297 -0.4380 -7.1729 -17.1449 -0.7320 5.4664 -15.2436 -1.0839 0.4850 22.2368 -3.1672 0.0115 11.7039 -2.7761 -0.0735 0.3680 2.9585 7.5144 -9.8288 -8.0493 9.1046 -16.8084 -3.1415 4.6430 -3.2834 0.0000 -0.0000 0.0000 -97.2209 -59.0939 13.5790 6.6954 -11.4169 -0.6700 -0.0000 0.0000 -25.3042 34.5244 26.7864 17.2243 -7.1250 0.0000 -0.0000 5.4660 61.3958 2.1856 0.0000 -0.0000 0.0000 112.2109 36.1165 101.7006 -21.0730 31.9134 -6.0885 0.0000 -0.0000 -45.3560 -38.2174 -1.0344 0.8144 7.1250 -0.0000 -0.0000 -9.2757 -31.2150 -3.1623
11.1876 17.4507 -1.6990 -11.5676 -28.3745 28.9127 0.0000 0.0000 0.0000 -12.1168 0.8118 -56.4501 4.7448 13.0905 39.7080 0.1518 2.6434 -8.8273 0.0337 1.1856 3.2597 0.0000 0.0000 0.0000 22.1641 10.7467 -18.7491 -0.7287 -5.4543 15.2091 -0.4700 -7.2405 -17.5839 -0.5069 4.5640 -12.6691 -1.7823 0.7240 22.2154 -3.6084 0.1748 11.6622 -2.8881 -0.0079 0.3422 3.7686 7.4203 -9.9821 -8.7890 8.8744 -16.1103 -3.4957 4.4937 -2.9521 0.0000 -0.0000 0.0000 -97.5497 -59.2917 12.8921 6.6712 -11.3769 -0.6653 -0.0000 0.0000 -23.9108 33.8537 26.6449 16.7426 -7.1250 0.0000 -0.0000 4.6558 61.0593 1.8237 0.0000 -0.0000 0.0000 112.5734 35.8573 100.6030 -20.8903 31.7001 -5.9922 0.0000 -0.0000 -44.6735 -38.1235 -0.3557 0.2791 7.1250 -0.0000 -0.0000 -9.1245 -30.3629 -3.2982
11.1558 17.4614 -1.6976 -11.3909 -27.5721 28.6457 0.0000 0.0000 0.0000 -11.6572 -0.0689 -55.7564 4.6310 12.9558 39.2033 0.1244 3.1513 -8.5913 0.0389 1.2723 3.4982 0.0000 0.0000 0.0000 22.4990 10.3156 -18.3523 -0.6891 -5.3071 14.7865 -0.4085 -7.7978 -17.3655 -0.5848 4.8966 -13.6139 -1.3539 0.4166 21.5087 -3.3560 -0.0889 11.8250 -2.7994 -0.1224 0.8561 3.2487 7.7104 -10.4919 -8.6832 9.3395 -15.5110 -3.2992 4.7416 -2.6537 -0.0000 0.0000 0.0000 -96.8303 -59.2755 17.6494 7.2366 -12.3081 -0.7813 -0.0000 0.0000 -28.7763 35.3811 25.0228 16.7195 -7.1250 0.0000 -0.0000 6.8728 59.6408 2.4638 -0.0000 0.0000 0.0000 112.9509 36.1003 100.6717 -20.4840 31.2210 -5.7801 0.0000 -0.0000 -43.4376 -37.6422 1.1457 -0.8835 7.1250 -0.0000 -0.0000 -8.5794 -28.4915 -3.4835
11.0998 17.4776 -1.6801 -11.3252 -26.8976 27.7190 0.0000 0.0000 0.0000 -11.6081 0.0404 -54.7257 4.6332 12.9584 39.2129 0.1330 2.8098 -8.5196 0.0090 0.6117 1.6808 0.0000 0.0000 0.0000 22.9795 9.8534 -16.8112 -0.6338 -5.0938 14.1762 -0.4000 -8.2477 -17.6954 -0.5368 4.6944 -13.0390 -0.7965 0.4579 21.2197 -2.8607 0.0913 11.7310 -2.6182 -0.0192 0.8997 3.3466 7.7271 -10.7544 -9.5831 9.3059 -14.7602 -3.5738 4.7232 -2.3014 -0.0000 -0.0000 0.0000 -97.4373 -58.6820 21.2961 8.4290 -14.2459 -1.0552 -0.0000 0.0000 -31.2717 35.4599 26.0823 17.3876 -7.1250 0.0000 -0.0000 6.7926 60.8575 2.6318 -0.0000 -0.0000 0.0000 112.9643 36.5435 100.0058 -19.9759 30.6133 -5.5191 0.0000 -0.0000 -40.9468 -35.9755 -0.9805 0.7117 7.1250 -0.0000 -0.0000 -7.4916 -31.1395 -2.5573
11.0430 17.4829 -1.7314 -9.4434 -26.5115 26.0384 0.0000 0.0000 0.0000 -13.0873 -0.6340 -53.3100 4.4379 12.7214 38.3343 0.1294 2.7496 -8.3856 0.0164 0.8281 2.2760 0.0000 0.0000 0.0000 21.5760 10.1481 -16.5722 -0.7629 -5.5780 15.5647 -0.4406 -9.3329 -19.2220 -0.5754 4.8575 -13.5025 -1.6845 0.4438 20.9411 -2.8652 -0.0546 11.4554 -2.0864 -0.1238 0.7287 2.9644 7.8192 -10.7361 -9.3062 9.5087 -14.3843 -3.3879 4.8333 -2.1946 0.0000 -0.0000 0.0000 -96.7232 -58.2730 24.5509 9.7036 -16.2746 -1.3907 -0.0000 0.0000 -35.1820 36.7363 24.3784 17.1224 -7.1250 0.0000 -0.0000 8.6270 59.2591 3.0190 0.0000 -0.0000 0.0000 113.7708 36.5671 99.5805 -19.3761 29.8834 -5.2169 0.0000 -0.0000 -38.9811 -36.8122 10.1395 -7.5059 7.1250 -0.0000 -0.0000 -6.8426 -17.4426 -4.5093
10.9705 17.4885 -1.7827 -8.5280 -25.4959 24.0779 0.0000 0.0000 0.0000 -13.4099 -1.2153 -51.3589 4.3059 12.5567 37.7310 0.0888 3.1281 -7.6665 0.0099 0.6439 1.7694 0.0000 0.0000 0.0000 21.6230 9.2238 -15.0723 -0.7883 -5.6677 15.8233 -0.4817 -9.8078 -20.1314 -0.4464 4.2868 -11.8851 -1.3923 0.5619 20.7965 -2.3851 0.1763 11.4208 -1.7837 -0.0058 0.7650 2.5514 7.7096 -11.2988 -9.2761 9.4094 -13.9788 -3.2647 4.7817 -1.9909 -0.0000 -0.0000 0.0000 -97.3695 -58.9282 28.1571 10.6618 -17.7681 -1.6713 -0.0000 0.0000 -36.7675 35.9910 24.5932 16.8184 -7.1250 0.0000 -0.0000 7.6841 59.3111 2.6960 -0.0000 -0.0000 0.0000 113.8335 37.9849 99.6635 -19.0967 29.5386 -5.0784 0.0000 -0.0000 -38.1235 -37.5645 0.1046 -0.0804 7.1250 -0.0000 -0.0000 -8.6356 -29.7922 -3.2367
10.8871 17.4825 -1.8544 -7.5987 -24.2770 22.3734 0.0000 0.0000 0.0000 -13.7071 -1.8888 -49.7854 4.1954 12.4160 37.2198 0.0767 3.1823 -7.3798 0.0422 1.3265 3.6478 0.0000 0.0000 0.0000 21.6376 8.6916 -14.4536 -0.9259 -6.1301 17.1623 -0.5970 -10.2319 -21.6918 -0.4708 4.4009 -12.2075 -1.0920 0.5196 20.3857 -2.0343 0.2123 10.9203 -1.5827 0.0266 0.4209 3.3783 7.8275 -10.7150 -9.8675 9.4506 -14.1764 -3.6447 4.7861 -2.0815 -0.0000 0.0000 0.0000 -96.3432 -58.5619 32.1274 12.6881 -20.8285 -2.3412 -0.0000 0.0000 -40.8872 39.1643 21.7211 16.7756 -7.1250 0.0000 -0.0000 11.6984 56.7900 3.4126 -0.0000 0.0000 0.0000 114.1989 38.7965 99.8051 -18.8313 29.2085 -4.9482 0.0000 -0.0000 -37.1480 -37.6696 2.5448 -1.9633 7.1250 -0.0000 -0.0000 -8.4369 -26.7440 -3.7760
10.8057 17.4912 -1.9106 -5.5157 -23.1252 19.9891 0.0000 0.0000 0.0000 -15.4241 -2.6103 -47.4963 3.9978 12.1575 36.2915 0.0701 2.9692 -6.9871 0.0441 1.3547 3.7253 0.0000 0.0000 0.0000 20.5252 7.1352 -13.7187 -1.0715 -6.5801 18.4773 -0.7700 -10.0797 -23.1304 -0.3691 3.9023 -10.8020 -1.2396 0.5895 19.2621 -1.9683 0.3320 10.7601 -1.4420 0.0890 0.8119 2.3822 7.4318 -10.6478 -8.4989 9.0955 -14.3307 -3.0323 4.6308 -2.2839 -0.0000 -0.0000 0.0000 -96.4253 -58.9086 35.7046 15.0138 -24.1654 -3.2316 -0.0000 0.0000 -42.6026 40.4023 23.8959 19.0229 -7.1250 0.0000 -0.0000 13.2792 59.6781 4.8102 -0.0000 -0.0000 0.0000 114.9554 40.3085 98.4796 -18.3088 28.5508 -4.6959 0.0000 -0.0000 -34.3182 -38.4016 4.9459 -3.9094 7.1250 -0.0000 -0.0000 -8.6747 -23.6899 -4.5083
10.6868 17.4930 -2.0204 -5.7415 -21.2192 17.7862 0.0000 0.0000 0.0000 -14.4243 -3.1091 -45.0132 3.8853 12.0062 35.7541 0.0470 2.9445 -6.2210 0.0162 0.8225 2.2606 0.0000 0.0000 0.0000 22.0629 6.2550 -11.6973 -1.1453 -6.7957 19.1117 -0.8835 -10.8818 -24.8096 -0.2656 3.3156 -9.1588 -0.0123 0.6303 19.3245 -1.0744 0.6121 10.4841 -1.2415 0.2604 0.4860 1.8331 7.0942 -10.9511 -7.8782 8.7495 -13.8556 -2.7089 4.4545 -2.1447 -0.0000 -0.0000 0.0000 -96.3874 -59.6026 38.9017 17.2998 -27.2514 -4.2237 -0.0000 0.0000 -43.4448 41.5145 24.8858 20.4300 -7.1250 0.0000 -0.0000 14.7980 61.1519 5.8950 -0.0000 -0.0000 0.0000 115.2129 42.3617 98.8861 -18.3924 28.6566 -4.7359 0.0000 -0.0000 -33.6935 -38.8283 7.3078 -5.8452 7.1250 -0.0000 -0.0000 -8.6498 -20.6790 -5.0955
10.5855 17.4959 -2.1024 -4.5721 -19.3862 15.2429 0.0000 0.0000 0.0000 -15.1540 -3.8682 -42.2235 3.7049 11.7570 34.8776 0.0481 2.4340 -5.7666 0.0001 -0.0656 -0.1802 0.0000 0.0000 0.0000 21.9677 4.5757 -10.1252 -1.2437 -7.0712 19.9264 -0.9373 -11.3356 -25.6472 -0.3056 3.5540 -9.8252 0.3616 0.5820 18.6437 -0.5972 0.6458 10.2235 -0.9484 0.2891 0.5475 2.1169 7.0598 -10.9058 -8.0515 8.6702 -13.7350 -2.8139 4.4002 -2.0949 -0.0000 0.0000 0.0000 -95.6955 -60.7743 42.0433 19.7925 -30.3915 -5.4260 -0.0000 0.0000 -45.1801 43.7532 23.7126 21.0575 -7.1250 0.0000 -0.0000 17.7255 60.4036 6.7837 -0.0000 0.0000 0.0000 115.6907 44.1200 98.7533 -18.2265 28.4462 -4.6566 0.0000 -0.0000 -31.3618 -39.9552 9.0689 -7.5225 7.1250 -0.0000 -0.0000 -9.1651 -18.3026 -5.8993
10.4700 17.5104 -2.1751 -3.0100 -17.5919 12.9701 0.0000 0.0000 0.0000 -16.2371 -5.0140 -39.1333 3.3940 11.3071 33.3226 0.0357 1.8689 -4.7608 0.2138 -2.9765 -8.2134 0.0000 0.0000 0.0000 21.2964 3.1323 -8.9545 -1.3550 -7.3686 20.8120 -0.9998 -11.8614 -26.6005 -0.2155 2.9887 -8.2473 0.6657 0.7436 16.9562 -0.5266 0.9263 10.0643 -1.0718 0.4544 1.2502 1.8439 6.7284 -11.5435 -7.1477 8.3315 -13.2296 -2.4337 4.2078 -1.8901 0.0000 -0.0000 0.0000 -95.9010 -62.2318 45.7207 22.6457 -33.6991 -6.9407 -0.0000 0.0000 -45.9507 43.6923 23.0490 20.5080 -7.1250 0.0000 -0.0000 17.5336 59.5898 6.3655 0.0000 -0.0000 0.0000 116.2845 46.5115 98.4633 -18.4892 28.7790 -4.7824 0.0000 -0.0000 -30.6890 -43.2485 12.1793 -11.2246 7.1250 -0.0000 -0.0000 -10.8145 -13.6832 -8.0979
10.3553 17.5052 -2.2644 -2.4690 -15.3449 10.4142 0.0000 0.0000 0.0000 -16.3662 -6.0682 -35.9428 3.1715 10.9677 32.1710 0.0219 2.1592 -4.3993 0.0420 -1.3233 -3.6389 0.0000 0.0000 0.0000 21.8008 1.0256 -7.0036 -1.4008 -7.4869 21.1662 -0.9254 -12.9469 -27.0435 -0.3035 3.5421 -9.7918 1.5978 0.7267 16.2584 -0.0648 1.0583 9.4998 -1.1266 0.5533 1.0191 2.0189 6.2383 -10.7998 -6.8385 7.6975 -12.8680 -2.3974 3.8807 -1.9250 0.0000 -0.0000 0.0000 -94.0279 -62.8787 49.2966 26.3885 -37.5898 -9.1236 -0.0000 0.0000 -48.7309 49.2082 23.0185 24.3773 -7.1250 0.0000 -0.0000 25.3932 61.2020 10.3978 0.0000 -0.0000 0.0000 116.2998 48.0032 97.5364 -18.9481 29.3541 -5.0054 0.0000 -0.0000 -29.0331 -44.0084 12.1144 -11.4598 7.1250 -0.0000 -0.0000 -11.3207 -13.5930 -8.5143
10.2344 17.5321 -2.3579 -1.2211 -13.2535 8.0471 0.0000 0.0000 0.0000 -17.5328 -6.8794 -32.8779 2.8818 10.5013 30.6158 0.0083 2.4136 -3.9658 0.0037 0.3931 1.0800 0.0000 0.0000 0.0000 21.2902 -0.3771 -5.3149 -1.4705 -7.6629 21.6949 -0.9408 -13.4898 -27.6756 -0.3710 3.9123 -10.8301 1.3944 0.8178 15.1826 0.3608 1.1643 9.1863 -0.5677 0.5963 1.2336 1.6100 5.7618 -12.1994 -6.6513 7.1513 -11.4260 -2.1889 3.5751 -1.2695 0.0000 0.0000 0.0000 -93.5799 -64.9464 51.1474 28.8282 -39.8676 -10.6504 -0.0000 0.0000 -47.6150 51.3595 23.4230 26.4384 -7.1250 0.0000 -0.0000 29.0099 62.3827 12.8281 0.0000 0.0000 0.0000 116.0373 50.6699 98.1495 -19.6431 30.2099 -5.3506 0.0000 -0.0000 -28.4515 -49.7668 15.0367 -17.0478 7.1250 -0.0000 -0.0000 -14.2644 -7.9536 -12.5595
10.1286 17.5148 -2.4519 -0.1894 -11.2197 5.6519 0.0000 0.0000 0.0000 -18.5885 -7.8068 -29.8407 2.6896 10.1748 29.5446 -0.0086 2.7165 -3.2859 0.0012 0.2213 0.6081 0.0000 0.0000 0.0000 20.7874 -1.1739 -3.0180 -1.5053 -7.7492 21.9550 -1.0588 -13.4970 -28.5280 -0.5074 4.5661 -12.6751 1.3727 1.0028 14.5026 0.6649 1.4257 8.5218 -0.2695 0.7228 0.8798 1.6256 5.3383 -12.5155 -6.6822 6.6354 -10.1335 -2.1786 3.2879 -0.8185 0.0000 0.0000 0.0000 -92.7890 -66.4847 53.2441 31.9549 -42.5112 -12.7104 -0.0000 0.0000 -47.5455 46.1226 24.6528 23.4508 -7.1250 0.0000 -0.0000 21.3267 62.2342 9.1594 0.0000 0.0000 0.0000 116.1574 52.9261 98.0144 -20.0064 30.6501 -5.5346 0.0000 -0.0000 -26.4380 -45.5278 16.1210 -15.7925 7.1250 -0.0000 -0.0000 -11.4366 -7.9206 -9.9572
10.0281 17.4927 -2.5437 0.4573 -9.2842 3.5733 0.0000 0.0000 0.0000 -19.3848 -8.3364 -27.2706 2.5300 9.8922 28.6284 -0.0116 2.4057 -2.4373 0.0649 -1.6434 -4.5213 0.0000 0.0000 0.0000 20.5795 -2.2501 -1.2234 -1.5632 -7.8900 22.3803 -1.2865 -13.0515 -29.6846 -0.2469 3.1972 -8.8283 1.9784 0.9087 13.2060 0.6264 1.3675 8.0665 -0.6234 0.7232 1.1018 0.6538 4.7997 -13.4348 -4.9219 6.1794 -7.9614 -1.4021 3.0443 -0.0945 0.0000 -0.0000 0.0000 -89.6906 -68.4815 53.0528 35.3588 -45.0666 -15.0668 -0.0000 0.0000 -48.2217 48.2808 21.8963 22.6987 -7.1250 0.0000 -0.0000 23.5661 59.5302 8.6549 0.0000 -0.0000 0.0000 117.4066 55.0633 99.0687 -21.1483 32.0011 -6.1284 0.0000 -0.0000 -26.5487 -46.6749 17.3521 -17.5475 7.1250 -0.0000 -0.0000 -11.8564 -5.9297 -10.8076
9.9228 17.4556 -2.6415 0.5560 -7.4367 1.7119 0.0000 0.0000 0.0000 -19.4940 -9.0772 -25.0217 2.4440 9.7354 28.1240 -0.0120 2.2428 -2.0123 0.2003 -2.8821 -7.9506 0.0000 0.0000 0.0000 21.0133 -4.5520 0.1632 -1.5305 -7.8109 22.1410 -1.2361 -13.8746 -30.0806 -0.4523 4.3146 -11.9635 2.6502 1.1209 11.8740 1.0204 1.7014 7.5541 -0.6066 0.9091 1.2935 0.2325 4.2610 -13.6689 -4.6970 5.5827 -6.3806 -1.2615 2.7283 0.4133 0.0000 -0.0000 0.0000 -89.7788 -70.7079 54.4050 38.3768 -47.0783 -17.2410 -0.0000 0.0000 -47.4082 48.3088 19.9593 20.9690 -7.1250 0.0000 -0.0000 22.8885 57.1116 7.0420 0.0000 -0.0000 0.0000 117.9085 57.3155 98.6076 -22.1388 33.1335 -6.6615 0.0000 -0.0000 -24.1400 -46.5099 17.1056 -17.2266 7.1250 -0.0000 -0.0000 -11.8136 -6.3098 -10.6787
9.8246 17.4342 -2.7385 1.9177 -6.1588 0.0641 0.0000 0.0000 0.0000 -20.8939 -9.5373 -22.8797 2.2281 9.3258 26.8198 -0.0154 2.2228 -1.1557 0.1758 -2.7012 -7.4478 0.0000 0.0000 0.0000 19.9304 -5.8782 1.2860 -1.5336 -7.8183 22.1634 -1.5151 -13.4948 -31.5340 -0.1200 2.2337 -6.1519 1.9270 1.4663 10.6138 0.8702 2.0805 6.9644 -0.3712 1.0795 1.3417 -0.1974 4.0677 -14.8328 -4.1251 5.4955 -3.7519 -0.9643 2.6427 1.4328 -0.0000 0.0000 0.0000 -88.1019 -72.7325 54.1179 42.3240 -49.3881 -20.1862 -0.0000 0.0000 -47.2675 47.7163 19.0327 19.7275 -7.1250 0.0000 -0.0000 21.7982 55.7647 5.9610 -0.0000 0.0000 0.0000 119.0886 60.0163 101.0039 -23.1530 34.2557 -7.2242 0.0000 -0.0000 -24.3021 -48.9505 17.1738 -18.7307 7.1250 -0.0000 -0.0000 -13.2575 -5.3370 -12.3084
9.7368 17.4093 -2.8416 1.7438 -5.1367 -1.7175 0.0000 0.0000 0.0000 -20.7580 -9.5929 -20.7510 2.0995 9.0703 26.0154 -0.0184 2.4091 -0.8040 0.0800 -1.8242 -5.0200 0.0000 0.0000 0.0000 20.4004 -7.3096 2.6950 -1.4967 -7.7278 21.8904 -1.2311 -15.0219 -31.1016 -0.2301 3.0873 -8.5218 3.0169 1.7701 9.8425 0.7505 2.5635 6.4761 -1.1297 1.3569 1.3191 -0.7213 3.4818 -15.6504 -2.6664 4.8373 -1.8677 -0.4164 2.3233 2.1377 -0.0000 -0.0000 0.0000 -83.5215 -75.0948 51.6610 46.1298 -51.3101 -23.1173 -0.0000 0.0000 -45.0452 48.8769 19.3096 20.7441 -7.1250 0.0000 -0.0000 23.3988 56.4517 6.8308 -0.0000 -0.0000 0.0000 122.0515 62.5564 102.4831 -23.7525 34.9014 -7.5645 0.0000 -0.0000 -24.5603 -48.6507 21.0367 -22.1902 7.1250 -0.0000 -0.0000 -12.1273 -0.3605 -12.3308
9.6829 17.3951 -2.9540 2.3178 -4.0845 -3.1935 0.0000 0.0000 0.0000 -21.5003 -9.9870 -18.6928 1.8931 8.6398 24.6750 -0.0197 2.5044 -0.6229 0.0365 -1.2323 -3.3883 0.0000 0.0000 0.0000 19.8677 -8.0023 3.3529 -1.6347 -8.0598 22.8958 -1.5987 -14.0209 -32.4871 -0.1327 2.3480 -6.4685 3.2549 2.0776 9.2069 0.7082 2.9852 5.8962 -1.3287 1.5689 1.0938 -1.2079 3.2944 -15.3191 -2.1439 4.6648 -1.2747 -0.1757 2.2507 2.2505 -0.0000 -0.0000 0.0000 -79.9539 -76.8804 48.8261 50.6797 -53.2660 -26.7179 -0.0000 0.0000 -43.0911 50.1975 19.4437 21.7767 -7.1250 0.0000 -0.0000 25.2224 57.0170 7.7629 -0.0000 -0.0000 0.0000 124.3514 64.4548 103.4827 -24.9042 36.1059 -8.2334 0.0000 -0.0000 -22.5384 -49.4594 22.6494 -24.2390 7.1250 -0.0000 -0.0000 -12.1711 2.0734 -12.8938
9.6121 17.3792 -3.0629 2.2181 -3.1980 -4.6639 0.0000 0.0000 0.0000 -21.4827 -10.2274 -17.2529 1.8664 8.5820 24.4963 -0.0144 2.6014 0.6430 0.2050 -2.9151 -8.0425 0.0000 0.0000 0.0000 20.2702 -8.6896 4.6003 -1.6099 -8.0013 22.7181 -1.4690 -14.9948 -32.5493 -0.1470 2.4706 -6.8082 3.7110 2.2863 9.1239 0.7866 3.3135 5.2564 -1.5424 1.7276 0.5118 -0.8813 3.0700 -14.6440 -2.0868 4.2982 -1.2748 -0.2491 2.0742 2.1339 0.0000 0.0000 0.0000 -74.7671 -78.0603 44.1067 55.9695 -55.1366 -31.0100 -0.0000 0.0000 -41.6141 50.3434 17.9933 20.4380 -7.1250 0.0000 -0.0000 24.7743 55.1807 6.4849 0.0000 0.0000 0.0000 127.1769 66.2823 106.5838 -26.0362 37.2444 -8.9095 0.0000 -0.0000 -21.7118 -50.4638 24.4797 -26.6579 7.1250 -0.0000 -0.0000 -12.2380 4.8800 -13.5359
9.5560 17.3635 -3.1449 2.2592 -2.3319 -5.8668 0.0000 0.0000 0.0000 -21.6418 -10.2091 -16.2555 1.8605 8.5691 24.4566 -0.0119 2.5059 0.7871 0.1913 -2.8170 -7.7696 0.0000 0.0000 0.0000 20.3699 -9.6367 6.1604 -1.4584 -7.6327 21.6039 -1.3931 -15.4660 -32.5160 -0.1397 2.4089 -6.6373 3.9457 2.5719 8.6783 0.7921 3.7117 4.6181 -1.6957 1.9173 0.1297 -0.8911 2.8839 -14.6450 -1.5506 4.0453 -0.5851 -0.0841 1.9585 2.3546 -0.0000 -0.0000 0.0000 -68.2413 -78.9942 38.5443 62.0658 -56.8357 -36.0652 -0.0000 0.0000 -39.6788 50.3947 17.5913 20.0652 -7.1250 0.0000 -0.0000 24.6651 54.6689 6.1381 -0.0000 -0.0000 0.0000 129.9576 68.0121 109.0102 -27.3222 38.4847 -9.6990 0.0000 -0.0000 -20.1035 -51.5744 28.5641 -31.0779 7.1250 -0.0000 -0.0000 -11.6566 10.4901 -13.8465
9.5284 17.3656 -3.2095 1.8595 -1.3846 -6.7051 0.0000 0.0000 0.0000 -21.4619 -10.5039 -15.0859 1.7875 8.4088 23.9627 -0.0187 2.7111 0.3073 0.1393 -2.4055 -6.6278 0.0000 0.0000 0.0000 20.7641 -10.4958 7.1552 -1.3662 -7.3977 20.8992 -1.5428 -14.7834 -32.8053 -0.0388 1.2722 -3.4980 4.4923 2.6720 7.6617 1.2067 3.8522 4.1229 -1.5439 1.9869 0.1927 -1.4512 2.9062 -14.7103 -1.0785 4.1564 -0.1565 0.1783 2.0246 2.4892 -0.0000 0.0000 0.0000 -58.7429 -79.7735 29.7088 68.0279 -58.0949 -41.0933 -0.0000 0.0000 -37.6141 51.1897 17.7323 20.7402 -7.1250 0.0000 -0.0000 25.7559 55.0892 6.7086 -0.0000 0.0000 0.0000 133.1520 69.4491 113.0227 -28.5410 39.6096 -10.4668 0.0000 -0.0000 -19.3979 -52.6041 27.4274 -31.0715 7.1250 -0.0000 -0.0000 -12.5492 9.6832 -14.8104
9.5021 17.3723 -3.2791 2.2643 -0.7172 -7.3571 0.0000 0.0000 0.0000 -22.1130 -10.5761 -13.9067 1.6118 8.0058 22.7316 -0.0265 3.4870 0.8089 0.3668 -3.8903 -10.7681 0.0000 0.0000 0.0000 20.3575 -10.6145 7.8239 -1.3515 -7.3596 20.7851 -1.6692 -14.6137 -33.4039 -0.0062 -0.5076 1.3947 4.0987 2.9167 6.8361 1.2771 4.1307 3.5549 -1.2443 2.1097 0.0421 -2.0940 2.8433 -14.3108 -0.3561 4.1378 -0.3534 0.5103 2.0446 2.3185 -0.0000 -0.0000 0.0000 -48.8427 -79.9382 20.4368 73.3491 -58.9260 -45.6319 -0.0000 0.0000 -36.2352 51.5893 17.2992 20.5577 -7.1250 0.0000 -0.0000 26.0676 54.6357 6.5018 -0.0000 -0.0000 0.0000 136.6824 70.0029 116.2540 -29.9448 40.8461 -11.3735 0.0000 -0.0000 -17.6832 -54.8244 27.1629 -32.9330 7.1250 -0.0000 -0.0000 -13.8107 10.6574 -16.5681
9.4795 17.3530 -3.3229 2.2919 -0.1542 -8.2988 0.0000 0.0000 0.0000 -22.3625 -10.4983 -13.0524 1.6613 8.1217 23.0844 -0.0816 5.2270 -0.5162 0.0630 -1.6197 -4.4558 0.0000 0.0000 0.0000 20.1302 -11.7152 9.0404 -1.2187 -7.0024 19.7223 -1.5322 -15.0655 -32.9889 -0.0000 -0.0204 0.0559 4.0793 3.1532 5.8855 1.5342 4.3876 3.8344 -0.9129 2.2540 0.8486 -3.1749 2.6198 -15.4987 0.3597 4.0287 -0.6749 0.9443 2.0180 2.3927 -0.0000 -0.0000 0.0000 -32.9276 -80.8189 4.9768 76.9047 -59.3420 -48.6842 -0.0000 0.0000 -34.6644 52.9903 15.9957 20.0803 -7.1250 0.0000 -0.0000 27.1985 53.3020 5.8979 -0.0000 -0.0000 0.0000 143.4291 71.3887 123.4922 -30.9773 41.7165 -12.0547 0.0000 -0.0000 -17.6135 -56.2319 28.0375 -35.1072 7.1250 -0.0000 -0.0000 -14.2790 12.6217 -17.5407
9.4741 17.3513 -3.3664 1.9652 0.1631 -8.6012 0.0000 0.0000 0.0000 -22.0999 -10.6330 -13.0282 1.7301 8.2797 23.5669 -0.1312 6.5131 -1.1449 0.0041 -0.4130 -1.1347 0.0000 0.0000 0.0000 20.3381 -12.3888 9.4268 -1.1339 -6.7629 19.0149 -1.5339 -14.9295 -32.8802 -0.0001 0.0477 -0.1311 4.7122 3.4230 4.9249 1.5342 4.7454 3.1161 -1.2404 2.4304 0.7101 -2.3989 2.8314 -14.1379 -0.0406 4.1468 -1.3823 0.6444 2.0731 1.9258 0.0000 0.0000 0.0000 -26.2936 -80.4103 -1.0532 81.8825 -59.7495 -52.9760 -0.0000 0.0000 -33.4850 50.8218 15.0984 17.7251 -7.1250 0.0000 -0.0000 24.1212 51.4624 4.0371 0.0000 0.0000 0.0000 146.2760 71.3466 126.3073 -32.2408 42.7383 -12.9039 0.0000 -0.0000 -13.5341 -58.6329 21.9977 -31.5680 7.1250 -0.0000 -0.0000 -17.3876 6.3319 -20.1003
9.4658 17.2979 -3.4208 2.0047 0.6124 -9.5379 0.0000 0.0000 0.0000 -22.3556 -10.1354 -12.8903 1.9176 8.6923 24.8376 -0.1477 6.8512 -1.5864 0.0112 -0.6833 -1.8779 0.0000 0.0000 0.0000 20.1275 -13.0705 10.3649 -1.1249 -6.7369 18.9383 -1.6840 -14.3823 -33.2952 -0.0108 -0.6712 1.8445 4.8383 3.4238 4.8914 1.5899 4.7503 3.1142 -1.2506 2.4350 0.7331 -2.9623 3.1100 -14.3341 0.1343 4.6004 -2.0516 0.8149 2.3145 1.7131 0.0000 -0.0000 0.0000 -16.4840 -79.4480 -10.7921 86.2034 -59.9455 -56.7126 -0.0000 0.0000 -33.2753 51.3632 17.2124 20.3144 -7.1250 0.0000 -0.0000 25.7338 54.4529 6.2916 0.0000 -0.0000 0.0000 151.5955 70.9408 130.7407 -32.9339 43.2792 -13.3768 0.0000 -0.0000 -17.4200 -56.5669 28.7731 -36.0949 7.1250 -0.0000 -0.0000 -14.2175 13.7383 -17.6649
9.4384 17.2645 -3.4768 2.2977 0.9774 -10.1960 0.0000 0.0000 0.0000 -22.7035 -9.5101 -13.0711 2.0618 8.9937 25.7756 -0.1250 6.2703 -1.8463 0.0114 -0.6894 -1.8945 0.0000 0.0000 0.0000 19.9138 -12.9929 10.3900 -1.2453 -7.0755 19.9392 -1.7492 -14.5355 -33.8001 -0.0015 -0.2512 0.6902 4.8468 3.7224 4.6836 1.2386 5.1294 3.3332 -1.5981 2.6409 1.1304 -4.0124 3.3924 -13.3964 0.9167 5.0806 -4.4175 1.1930 2.6171 0.7218 0.0000 -0.0000 0.0000 -8.2387 -78.8731 -18.4598 90.1694 -59.9999 -60.1467 -0.0000 0.0000 -33.5461 51.0934 15.8219 18.6658 -7.1250 0.0000 -0.0000 24.7589 52.5150 4.8190 0.0000 -0.0000 0.0000 154.7350 71.0299 133.5852 -33.6843 43.8495 -13.8939 0.0000 -0.0000 -16.4205 -57.1950 28.0425 -36.1053 7.1250 -0.0000 -0.0000 -14.7822 13.2612 -18.3190
9.4261 17.2148 -3.5503 2.3375 1.4356 -11.0352 0.0000 0.0000 0.0000 -22.8924 -9.2961 -12.8715 2.1516 9.1749 26.3440 -0.1187 6.1255 -1.6090 0.0063 -0.5136 -1.4113 0.0000 0.0000 0.0000 19.7297 -13.3700 10.1074 -1.4618 -7.6414 21.6301 -1.9092 -14.1768 -34.4139 -0.0001 0.0502 -0.1380 4.6106 3.6826 5.0392 1.4795 5.0733 3.7903 -1.2261 2.6181 1.3582 -4.5623 3.9350 -12.0580 0.2827 5.7992 -7.3609 1.0139 3.0225 -0.4552 -0.0000 -0.0000 0.0000 -2.5932 -77.6839 -24.6434 93.2360 -59.9604 -62.8021 -0.0000 0.0000 -33.3567 51.7222 18.1215 21.5119 -7.1250 0.0000 -0.0000 26.6518 55.7630 7.4164 -0.0000 -0.0000 0.0000 157.1313 70.9030 137.7242 -35.0101 44.8193 -14.8205 0.0000 -0.0000 -17.9584 -57.4357 28.2095 -36.5070 7.1250 -0.0000 -0.0000 -14.8542 13.6283 -18.4832
9.4255 17.1659 -3.6232 1.5165 1.3006 -11.8069 0.0000 0.0000 0.0000 -21.9824 -9.5608 -13.1174 2.3840 9.6239 27.7673 -0.1188 6.1228 -1.6861 0.0002 -0.0876 -0.2408 0.0000 0.0000 0.0000 20.4959 -13.6786 9.9519 -1.5997 -7.9771 22.6445 -1.9425 -14.1329 -34.5655 -0.0008 -0.1789 0.4914 5.6774 3.8666 5.8069 1.6602 5.4014 4.0202 -1.6809 2.8040 1.2765 -4.6804 4.3295 -10.4832 -0.2451 6.2288 -10.0261 0.7942 3.2878 -1.5532 -0.0000 -0.0000 0.0000 -1.3339 -76.5356 -25.4570 95.0406 -59.9038 -64.3639 -0.0000 0.0000 -33.3349 53.4886 18.0441 22.7058 -7.1250 0.0000 -0.0000 29.0274 56.2148 8.4869 -0.0000 -0.0000 0.0000 156.9478 70.1309 137.0703 -35.9432 45.4740 -15.4820 0.0000 -0.0000 -17.4340 -55.4009 28.9864 -35.0878 7.1250 -0.0000 -0.0000 -13.5395 13.2474 -16.6938
9.4175 17.1205 -3.6640 2.0634 1.5456 -12.3541 0.0000 0.0000 0.0000 -22.6936 -9.8918 -12.7697 2.4635 9.7713 28.2393 -0.1087 5.9310 -1.0384 0.0187 -0.8829 -2.4267 0.0000 0.0000 0.0000 19.6545 -14.1433 9.4918 -1.8362 -8.5162 24.2932 -2.1541 -13.3587 -35.1343 -0.0004 -0.1236 0.3396 5.0357 4.0014 6.2886 1.5358 5.5740 4.3189 -1.4868 2.8853 1.2795 -5.7988 4.6469 -10.3301 0.8121 6.8068 -10.8185 1.3109 3.6222 -1.9426 -0.0000 0.0000 0.0000 -1.5479 -75.9175 -25.5002 94.8787 -59.9099 -64.2238 -0.0000 0.0000 -33.9238 53.3470 14.3847 18.4624 -7.1250 0.0000 -0.0000 26.7853 51.1840 4.3456 -0.0000 0.0000 0.0000 155.6858 69.3177 136.0882 -36.7234 46.0042 -16.0407 0.0000 -0.0000 -19.0995 -56.1171 29.1267 -35.9352 7.1250 -0.0000 -0.0000 -13.8677 13.8733 -17.2304
9.4186 17.1049 -3.6728 1.6822 1.7407 -12.0592 0.0000 0.0000 0.0000 -22.2697 -10.8741 -13.0569 2.5177 9.8700 28.5567 -0.1141 6.1790 -0.5950 0.0033 0.3715 1.0208 0.0000 0.0000 0.0000 19.9600 -14.5718 8.7650 -1.9088 -8.6734 24.7789 -2.2685 -12.7697 -35.3231 -0.0007 0.1756 -0.4826 5.1163 4.1077 5.8249 1.5960 5.6848 4.4477 -1.4270 2.9522 1.6795 -5.7662 4.8380 -10.1957 0.8996 7.0615 -11.1460 1.3268 3.7539 -2.0861 -0.0000 -0.0000 0.0000 -4.1448 -75.1660 -22.4189 94.7610 -59.9142 -64.1219 -0.0000 0.0000 -34.7627 52.1334 17.2603 20.8870 -7.1250 0.0000 -0.0000 26.7570 54.7479 6.7685 -0.0000 -0.0000 0.0000 153.7608 68.1877 134.2752 -36.8604 46.0958 -16.1394 0.0000 -0.0000 -19.9918 -56.4462 27.6115 -34.9461 7.1250 -0.0000 -0.0000 -14.5268 12.2349 -17.7893
9.4087 17.1035 -3.6652 0.9912 2.0269 -11.8070 0.0000 0.0000 0.0000 -21.4682 -11.9206 -13.4162 2.6057 10.0277 29.0663 -0.1144 6.1163 -0.8992 0.0218 0.9542 2.6228 0.0000 0.0000 0.0000 20.7347 -14.9694 8.5431 -1.8516 -8.5500 24.3974 -2.2241 -12.7996 -35.1039 -0.0003 0.1034 -0.2840 5.1334 4.0435 6.1967 1.9258 5.6555 3.6473 -1.1739 2.8966 0.6087 -5.4977 5.2175 -7.8639 0.6654 7.3918 -11.1870 1.1392 3.9015 -2.4821 -0.0000 0.0000 0.0000 -14.7705 -74.0462 -11.7011 94.6676 -59.9175 -64.0412 -0.0000 0.0000 -35.2495 51.9075 15.9658 19.3358 -7.1250 0.0000 -0.0000 25.8243 52.9417 5.3299 -0.0000 0.0000 0.0000 147.9298 65.8069 128.3674 -36.2642 45.6940 -15.7112 0.0000 -0.0000 -19.8043 -54.5693 25.9556 -31.5986 7.1250 -0.0000 -0.0000 -14.0415 8.9902 -16.5285
9.3995 17.0849 -3.6518 0.6836 2.4737 -11.5946 0.0000 0.0000 0.0000 -21.2128 -12.8423 -13.4012 2.6717 10.1436 29.4430 -0.0881 5.2599 -1.6889 0.0016 -0.2562 -0.7038 0.0000 0.0000 0.0000 21.2719 -14.9459 8.2805 -1.8657 -8.5805 24.4918 -2.1711 -13.3022 -35.1845 -0.0027 0.3383 -0.9296 5.0502 4.1138 5.7173 1.8469 5.6783 4.5584 -1.1197 2.9483 1.8210 -4.5450 5.2827 -11.2369 0.0830 7.5495 -9.3637 0.9250 3.9344 -1.2628 -0.0000 -0.0000 0.0000 -16.6974 -73.7442 -9.4937 92.1742 -59.9821 -61.8828 -0.0000 0.0000 -35.9105 51.4776 20.5310 23.7761 -7.1250 0.0000 -0.0000 27.5659 58.8062 9.7704 -0.0000 -0.0000 0.0000 146.0530 64.9500 126.8229 -35.9077 45.4495 -15.4567 0.0000 -0.0000 -19.5500 -55.0383 24.8856 -31.0409 7.1250 -0.0000 -0.0000 -14.6112 7.9043 -17.0073
9.3882 17.0959 -3.6623 -0.3608 2.6907 -11.4060 0.0000 0.0000 0.0000 -19.9739 -13.4978 -14.0905 2.8207 10.3990 30.2787 -0.0943 5.4711 -1.3648 0.0122 0.7140 1.9623 0.0000 0.0000 0.0000 22.6875 -14.8738 8.0947 -1.8035 -8.4442 24.0716 -2.0306 -14.1287 -35.0485 -0.0008 0.1820 -0.5001 5.9358 4.0213 6.0596 1.8418 5.5976 4.9725 -1.6095 2.9465 2.1511 -3.4436 5.3041 -12.8318 -0.8603 7.4963 -7.7182 0.5353 3.8482 -0.4092 0.0000 0.0000 0.0000 -21.4443 -72.5830 -4.2671 91.0373 -59.9959 -60.8983 -0.0000 0.0000 -37.4072 52.1148 21.4419 25.1655 -7.1250 0.0000 -0.0000 29.0422 60.1649 11.3076 0.0000 0.0000 0.0000 142.8234 63.2443 123.9991 -35.4170 45.1076 -15.1080 0.0000 -0.0000 -20.4583 -56.8720 25.5934 -33.5027 7.1250 -0.0000 -0.0000 -15.3781 9.9643 -18.4235
9.3734 17.0701 -3.6944 -1.1638 2.8382 -10.9219 0.0000 0.0000 0.0000 -18.8123 -13.8976 -15.3900 3.0159 10.7208 31.3439 -0.0661 4.5777 -1.1985 0.0011 -0.2189 -0.6014 0.0000 0.0000 0.0000 23.9989 -14.3801 7.2879 -1.8458 -8.5372 24.3579 -2.0595 -14.5071 -35.5023 -0.0024 -0.3192 0.8771 6.5630 3.9583 7.0284 1.7179 5.5947 5.4926 -2.1281 2.9798 2.2385 -1.3920 4.9773 -15.6284 -2.9011 6.8574 -5.8099 -0.3163 3.4098 0.8092 -0.0000 -0.0000 0.0000 -25.8661 -71.6341 0.1848 88.5150 -59.9917 -58.7140 -0.0000 0.0000 -38.2033 50.7897 20.6082 23.3357 -7.1250 0.0000 -0.0000 26.6039 58.6873 9.3202 -0.0000 -0.0000 0.0000 140.7056 61.8214 121.6532 -34.5984 44.5232 -14.5310 0.0000 -0.0000 -21.8927 -55.1463 25.5278 -31.7499 7.1250 -0.0000 -0.0000 -14.4782 8.7940 -17.0329
9.3710 17.0972 -3.6837 -1.2058 3.5806 -9.9701 0.0000 0.0000 0.0000 -18.6733 -14.5240 -16.3449 2.9737 10.6523 31.1161 -0.0518 4.1322 -0.5522 0.0091 -0.6158 -1.6923 0.0000 0.0000 0.0000 24.0919 -14.8287 6.0660 -1.8391 -8.5227 24.3132 -2.0540 -14.3158 -35.3221 -0.0004 0.1311 -0.3603 6.4390 3.9960 7.3839 1.3222 5.6661 5.5878 -2.4931 3.0209 2.1766 -0.2100 4.9119 -16.3767 -3.6786 6.6239 -4.6201 -0.7296 3.2290 1.4073 0.0000 0.0000 0.0000 -34.1906 -71.0654 8.2230 84.0798 -59.8671 -54.8753 -0.0000 0.0000 -39.4825 49.6484 21.0741 22.9392 -7.1250 0.0000 -0.0000 25.1821 58.9216 8.9230 0.0000 0.0000 0.0000 137.2313 60.0198 117.7480 -33.8083 43.9422 -13.9799 0.0000 -0.0000 -22.6364 -56.5525 23.7510 -31.3715 7.1250 -0.0000 -0.0000 -15.7587 7.3528 -18.3100
9.3662 17.0919 -3.6648 -2.1646 4.1020 -8.7044 0.0000 0.0000 0.0000 -17.3474 -14.9023 -17.9635 3.0095 10.7104 31.3092 -0.0296 3.0529 -1.1717 0.0133 -0.7448 -2.0469 0.0000 0.0000 0.0000 25.5450 -14.7686 4.7521 -1.7817 -8.3957 23.9224 -2.0429 -14.4965 -35.4038 -0.0000 0.0273 -0.0749 6.7532 3.8190 7.7155 1.4175 5.4602 5.8554 -2.5720 2.9347 2.2795 0.2264 5.3131 -16.6649 -4.5241 7.0982 -4.6406 -1.0345 3.4357 1.5144 -0.0000 0.0000 0.0000 -40.0127 -70.0946 13.3443 78.5984 -59.5031 -50.1424 -0.0000 0.0000 -40.5680 49.1838 20.3739 21.9543 -7.1250 0.0000 -0.0000 24.2326 57.8964 7.9552 -0.0000 0.0000 0.0000 135.0461 57.9287 115.3546 -32.7835 43.1630 -13.2737 0.0000 -0.0000 -23.9941 -54.4377 22.4596 -28.1182 7.1250 -0.0000 -0.0000 -14.9854 4.3701 -16.6450
9.3612 17.1209 -3.6315 -2.1630 4.9093 -7.2639 0.0000 0.0000 0.0000 -17.2470 -15.1772 -19.5316 2.9970 10.6902 31.2421 -0.0308 3.2303 -0.2611 0.0075 -0.5602 -1.5394 0.0000 0.0000 0.0000 25.8551 -14.7423 3.1981 -1.7570 -8.3404 23.7529 -2.0062 -14.7411 -35.3992 -0.0002 0.0913 -0.2509 5.7048 3.7953 8.6823 1.4596 5.4438 5.6563 -2.0456 2.8668 1.4229 0.6127 5.5980 -16.6284 -5.0765 7.4442 -4.0113 -1.2456 3.5767 1.7740 0.0000 -0.0000 0.0000 -48.8902 -68.8019 21.0885 72.1694 -58.7639 -44.6223 -0.0000 0.0000 -41.7715 48.3944 21.8600 22.7480 -7.1250 0.0000 -0.0000 23.7146 59.5197 8.7073 0.0000 -0.0000 0.0000 130.9763 55.1225 110.8065 -32.1091 42.6340 -12.8147 0.0000 -0.0000 -25.9646 -53.3711 22.1277 -26.8694 7.1250 -0.0000 -0.0000 -14.4927 3.3405 -15.8151
9.3689 17.1313 -3.6096 -3.1775 5.8195 -6.2563 0.0000 0.0000 0.0000 -16.0016 -15.7511 -20.9042 3.0380 10.7563 31.4624 -0.0153 2.5295 0.4149 0.0121 -0.7108 -1.9535 0.0000 0.0000 0.0000 27.2783 -14.8807 2.3142 -1.6400 -8.0720 22.9331 -1.9649 -14.9879 -35.3740 -0.0078 -0.5720 1.5719 6.5689 3.4861 9.7455 1.3379 5.1442 6.3664 -2.6711 2.7675 1.6620 0.6881 5.8291 -16.7757 -5.3811 7.7418 -4.3313 -1.3361 3.7249 1.7182 -0.0000 0.0000 0.0000 -53.4384 -68.2382 25.0544 67.1024 -57.9232 -40.3084 -0.0000 0.0000 -43.0791 49.2067 24.5058 25.6711 -7.1250 0.0000 -0.0000 26.0672 63.0138 11.8125 -0.0000 0.0000 0.0000 129.5803 53.4047 108.6417 -30.6117 41.4120 -11.8122 0.0000 -0.0000 -25.6191 -53.5445 21.7432 -26.6312 7.1250 -0.0000 -0.0000 -14.6948 2.9207 -15.9474
9.3667 17.1509 -3.5738 -2.7734 7.2764 -4.6287 0.0000 0.0000 0.0000 -16.3741 -16.5681 -22.2512 2.8962 10.5252 30.6947 0.0022 1.6030 1.3405 0.0400 -1.2904 -3.5482 0.0000 0.0000 0.0000 27.2444 -15.1143 0.2925 -1.6798 -8.1647 23.2154 -1.9686 -15.1484 -35.5244 -0.0000 -0.0102 0.0280 5.5899 3.1657 10.5777 0.9498 4.6745 7.1369 -2.5257 2.5348 1.9205 1.7788 5.9941 -18.0350 -6.5864 7.8127 -3.9721 -1.8802 3.6862 2.1850 -0.0000 0.0000 0.0000 -57.5967 -68.0108 28.1314 59.7007 -56.2296 -34.0922 -0.0000 0.0000 -44.3010 48.7413 24.3545 25.1775 -7.1250 0.0000 -0.0000 25.2536 62.6843 11.2231 -0.0000 0.0000 0.0000 127.9923 51.8425 106.6854 -29.8999 40.8074 -11.3441 0.0000 -0.0000 -27.8294 -51.2987 19.6224 -22.7411 7.1250 -0.0000 -0.0000 -14.0049 -1.0483 -14.1790
9.3849 17.1755 -3.5423 -2.8200 7.9891 -2.7203 0.0000 0.0000 0.0000 -15.9254 -17.0273 -24.0611 2.7912 10.3491 30.1148 0.0118 1.3707 2.0171 0.0045 0.4318 1.1864 0.0000 0.0000 0.0000 27.7455 -14.6016 -1.7191 -1.6700 -8.1420 23.1462 -2.0157 -15.1378 -35.7693 -0.0054 -0.4730 1.2997 5.1396 3.2056 12.2852 0.9476 4.7785 7.4719 -2.3918 2.5632 1.3199 1.0060 6.0461 -18.7580 -6.4954 8.0480 -3.9623 -1.6776 3.8082 2.2797 -0.0000 0.0000 0.0000 -64.2920 -67.6096 33.0545 52.5081 -53.9583 -28.1899 -0.0000 0.0000 -44.8644 46.6142 26.1270 24.9808 -7.1250 0.0000 -0.0000 22.5300 64.1415 10.7113 -0.0000 0.0000 0.0000 124.8324 50.4356 104.1926 -29.2477 40.2398 -10.9204 0.0000 -0.0000 -28.9000 -49.8237 17.5727 -19.6755 7.1250 -0.0000 -0.0000 -13.6742 -4.4557 -12.9524
9.3910 17.2221 -3.5015 -3.0463 8.9652 -0.0130 0.0000 0.0000 0.0000 -15.0526 -17.7730 -26.5731 2.6021 10.0212 29.0454 0.0293 1.0358 3.0373 0.0062 0.5085 1.3973 0.0000 0.0000 0.0000 28.7031 -14.1496 -4.9460 -1.7154 -8.2463 23.4647 -1.9626 -15.1912 -35.5268 -0.0017 -0.2690 0.7390 4.4675 2.9863 12.4976 1.0407 4.4206 7.8801 -1.8859 2.3700 1.5434 1.0160 6.4373 -17.8833 -6.9566 8.5496 -4.7165 -1.8208 4.0857 1.9115 -0.0000 -0.0000 0.0000 -68.4767 -67.1196 35.5205 45.6315 -51.0741 -22.7289 -0.0000 0.0000 -46.1716 46.7733 26.8438 25.6603 -7.1250 0.0000 -0.0000 23.0234 65.0366 11.4353 -0.0000 -0.0000 0.0000 123.0809 48.5217 102.4147 -28.5901 39.6538 -10.4981 0.0000 -0.0000 -30.0540 -48.1996 15.4306 -16.5720 7.1250 -0.0000 -0.0000 -13.2242 -7.9641 -11.5856
9.4106 17.2880 -3.4153 -2.9055 10.1977 2.7788 0.0000 0.0000 0.0000 -14.7676 -18.7607 -28.6147 2.3499 9.5597 27.5623 0.0424 0.4746 3.7468 0.0001 0.0518 0.1423 0.0000 0.0000 0.0000 29.1111 -14.1801 -7.9626 -1.6755 -8.1546 23.1847 -1.7858 -15.5483 -34.8569 -0.0000 0.0023 -0.0064 4.0403 2.7749 12.7960 0.7072 4.1072 8.0814 -1.9741 2.2095 1.5681 1.6459 6.3430 -15.4820 -7.6838 8.2329 -6.6261 -2.2810 4.0034 0.9220 0.0000 -0.0000 0.0000 -73.5801 -66.2308 39.5321 39.7894 -47.9446 -18.2827 -0.0000 0.0000 -47.5681 46.6164 26.8174 25.5175 -7.1250 0.0000 -0.0000 22.7556 64.9568 11.2538 0.0000 -0.0000 0.0000 121.4608 46.3462 100.0080 -28.1069 39.2144 -10.1912 0.0000 -0.0000 -32.1747 -47.3730 12.6905 -13.4242 7.1250 -0.0000 -0.0000 -13.3456 -11.9541 -10.5903
9.4102 17.3212 -3.3519 -3.2587 10.7700 4.9893 0.0000 0.0000 0.0000 -13.9545 -18.5357 -30.8003 2.2266 9.3229 26.8106 0.0577 -0.3529 4.6809 0.0095 -0.6289 -1.7281 0.0000 0.0000 0.0000 30.2048 -13.7351 -9.8206 -1.5309 -7.8117 22.1435 -1.5225 -16.2180 -33.9606 -0.0066 0.5259 -1.4451 3.2560 2.4064 14.4056 0.6494 3.5883 8.7232 -1.6062 1.9265 1.3101 1.3770 6.7123 -14.5914 -7.5297 8.6857 -8.6395 -2.2187 4.3193 0.1103 0.0000 0.0000 0.0000 -76.0335 -66.1735 39.7390 34.5558 -44.4923 -14.5012 -0.0000 0.0000 -48.4366 46.8951 29.0240 27.4014 -7.1250 0.0000 -0.0000 23.9954 67.6116 13.3508 0.0000 0.0000 0.0000 120.9915 45.1850 100.9460 -27.0944 38.2691 -9.5575 0.0000 -0.0000 -33.5214 -47.4872 12.0278 -12.8064 7.1250 -0.0000 -0.0000 -13.5674 -12.8312 -10.5216
9.4180 17.3750 -3.2671 -3.7722 10.8134 7.8909 0.0000 0.0000 0.0000 -12.6118 -18.3188 -33.3872 2.0168 8.9009 25.4858 0.0561 -0.9741 4.9450 0.0039 -0.4025 -1.1059 0.0000 0.0000 0.0000 31.4052 -12.8755 -12.3934 -1.4230 -7.5437 21.3364 -1.3526 -16.3438 -33.0859 -0.0055 0.4768 -1.3101 2.7429 2.2596 15.0660 0.1353 3.3430 9.0377 -1.8474 1.7991 1.2851 2.0437 7.1522 -13.5140 -7.2276 9.1486 -10.1326 -2.2828 4.5968 -0.5118 -0.0000 -0.0000 0.0000 -77.2927 -65.7927 39.8329 29.5702 -40.5222 -11.1293 -0.0000 0.0000 -49.5330 45.7904 29.7874 27.0526 -7.1250 0.0000 -0.0000 22.2320 68.1414 12.5944 -0.0000 -0.0000 0.0000 120.7878 43.6426 101.1680 -26.1420 37.3486 -8.9737 0.0000 -0.0000 -34.4524 -48.7025 10.7378 -11.9748 7.1250 -0.0000 -0.0000 -14.6353 -14.3012 -10.9359
9.4301 17.4090 -3.1772 -3.7134 10.7504 10.7917 0.0000 0.0000 0.0000 -11.8940 -18.3049 -35.9420 1.8433 8.5319 24.3416 0.0653 -1.3317 5.5127 0.0036 -0.3871 -1.0637 0.0000 0.0000 0.0000 31.9728 -12.0232 -14.6715 -1.3114 -7.2538 20.4694 -1.2665 -16.3032 -32.5315 -0.0092 0.6195 -1.7024 1.6049 2.1298 15.8889 -0.4809 3.0361 9.3638 -1.8417 1.6178 1.1576 2.4867 7.3403 -12.2718 -7.4116 9.3133 -11.6648 -2.5066 4.7252 -1.1699 -0.0000 0.0000 0.0000 -79.4013 -65.1314 39.8877 25.3734 -36.5832 -8.5115 -0.0000 0.0000 -48.6393 46.6100 30.3407 28.1181 -7.1250 0.0000 -0.0000 23.9371 69.0288 14.0749 -0.0000 0.0000 0.0000 120.7504 42.5128 101.1639 -25.6931 36.9040 -8.7027 0.0000 -0.0000 -37.4282 -48.0699 9.1359 -10.0248 7.1250 -0.0000 -0.0000 -14.6001 -16.7120 -10.1219
9.4527 17.4396 -3.0841 -4.0330 10.7348 13.0519 0.0000 0.0000 0.0000 -11.0117 -18.3279 -38.0005 1.7788 8.3892 23.9025 0.0631 -1.2377 5.3705 0.0234 0.9867 2.7123 0.0000 0.0000 0.0000 32.7864 -12.0138 -16.3792 -1.1417 -6.7853 19.0809 -1.1180 -16.0775 -31.3928 -0.0549 1.5123 -4.1596 0.9100 1.9989 16.6635 -0.6989 2.7804 10.2548 -1.6531 1.4793 1.6786 1.5451 7.5246 -12.2622 -6.9778 9.6806 -12.6365 -2.2310 4.9784 -1.5435 -0.0000 -0.0000 0.0000 -82.2950 -65.8176 39.3085 21.5444 -32.4583 -6.3396 -0.0000 0.0000 -48.2287 43.8186 30.8367 26.1915 -7.1250 0.0000 -0.0000 18.8964 68.7161 10.8920 -0.0000 -0.0000 0.0000 120.0099 42.4242 101.7845 -24.7813 35.9797 -8.1611 0.0000 -0.0000 -37.7892 -48.5773 9.5671 -10.6678 7.1250 -0.0000 -0.0000 -14.8296 -15.9862 -10.5350
9.4742 17.4522 -2.9990 -4.5380 10.8913 15.5267 0.0000 0.0000 0.0000 -9.9975 -18.1327 -40.7802 1.7689 8.3673 23.8352 0.0526 -2.1037 5.6381 0.0035 -0.3807 -1.0459 0.0000 0.0000 0.0000 33.8928 -11.3624 -18.1346 -0.9854 -6.3185 17.7115 -1.1179 -15.4237 -30.7559 -0.0237 0.9936 -2.7312 0.6483 1.6677 17.7024 -1.2462 2.3094 10.4791 -2.0454 1.2486 1.3843 2.0193 7.6463 -11.3286 -7.4222 9.7480 -13.9079 -2.5473 5.0460 -2.0684 0.0000 -0.0000 0.0000 -83.4945 -65.0708 38.0421 18.7298 -29.0816 -4.8988 -0.0000 0.0000 -47.4040 41.8945 29.5738 23.8811 -7.1250 0.0000 -0.0000 15.5519 66.6830 8.2096 0.0000 -0.0000 0.0000 120.0245 41.2832 102.0140 -24.1555 35.3282 -7.7963 0.0000 -0.0000 -38.5320 -43.4939 3.9752 -3.7631 7.1250 -0.0000 -0.0000 -12.5279 -24.5069 -6.3488
9.4900 17.4662 -2.8999 -5.2289 10.8588 17.3772 0.0000 0.0000 0.0000 -9.0983 -17.3212 -42.9327 1.7777 8.3869 23.8954 0.0290 -3.0462 5.6721 0.0011 -0.2179 -0.5988 0.0000 0.0000 0.0000 34.9716 -10.6117 -19.1707 -0.8492 -5.8774 16.4291 -1.0608 -15.3713 -30.3318 -0.0003 -0.1116 0.3066 0.1687 1.5043 19.1258 -1.5555 2.0166 10.8415 -2.0950 1.0905 1.0372 2.5516 7.6116 -10.8559 -8.2063 9.5733 -14.9540 -2.9727 4.9838 -2.4452 -0.0000 0.0000 0.0000 -85.1873 -64.2132 35.7079 16.8317 -26.6354 -4.0116 -0.0000 0.0000 -45.4021 40.7249 29.6135 23.0452 -7.1250 0.0000 -0.0000 13.7000 66.3684 7.1168 -0.0000 0.0000 0.0000 119.6199 40.1766 101.8373 -23.8816 35.0388 -7.6385 0.0000 -0.0000 -39.0955 -42.5239 2.1089 -1.9329 7.1250 -0.0000 -0.0000 -12.1460 -27.0622 -5.4039
9.5241 17.4760 -2.8086 -4.8402 10.3351 19.7038 0.0000 0.0000 0.0000 -9.4115 -16.8203 -44.9398 1.6968 8.2037 23.3346 0.0237 -3.3112 5.7679 0.0010 0.1993 0.5477 0.0000 0.0000 0.0000 34.7935 -9.9028 -20.7893 -0.7849 -5.6560 15.7895 -1.0533 -14.6567 -29.5889 -0.0000 -0.0254 0.0699 -1.0617 1.4709 19.7950 -2.1145 1.7624 11.1213 -1.9638 0.9274 0.9802 2.4475 7.6529 -10.6740 -8.6282 9.5950 -15.4800 -3.1311 5.0326 -2.6394 0.0000 0.0000 0.0000 -85.7599 -63.2989 34.4083 15.6583 -25.0551 -3.5000 -0.0000 0.0000 -44.8918 38.7594 31.7446 22.8996 -7.1250 0.0000 -0.0000 10.3183 68.1470 5.7598 0.0000 0.0000 0.0000 118.5811 39.4495 101.7668 -23.8267 34.9804 -7.6070 0.0000 -0.0000 -39.2770 -42.2652 1.7532 -1.5927 7.1250 -0.0000 -0.0000 -12.0122 -27.5454 -5.2019
9.5562 17.4792 -2.7419 -5.2785 10.8041 21.4775 0.0000 0.0000 0.0000 -8.5243 -17.0386 -46.9386 1.6975 8.2053 23.3393 0.0140 -3.8103 6.0107 0.0070 -0.5418 -1.4889 0.0000 0.0000 0.0000 35.8693 -9.9751 -21.9531 -0.6439 -5.1335 14.2897 -0.8701 -14.6773 -28.3343 -0.0190 0.8900 -2.4462 -1.0141 1.0668 20.7993 -2.2030 1.2458 11.6980 -2.0078 0.6809 1.1006 1.9581 7.8050 -12.5528 -8.7871 9.8679 -14.6121 -2.9568 5.1584 -2.0325 -0.0000 0.0000 0.0000 -86.3104 -62.9333 33.0244 14.9474 -24.0728 -3.2045 -0.0000 0.0000 -44.9233 38.0093 30.9451 21.8944 -7.1250 0.0000 -0.0000 9.3283 67.0293 4.9660 -0.0000 0.0000 0.0000 117.7828 40.5465 103.8186 -23.9119 35.0709 -7.6559 0.0000 -0.0000 -41.2788 -41.8205 0.6696 -0.5991 7.1250 -0.0000 -0.0000 -11.8524 -28.9883 -4.7156
9.5653 17.5079 -2.6716 -5.2948 10.6104 23.1362 0.0000 0.0000 0.0000 -8.1257 -16.9438 -48.3975 1.6552 8.1076 23.0412 0.0307 -3.2954 6.0150 0.0482 1.4161 3.8946 0.0000 0.0000 0.0000 36.1217 -9.2505 -22.8009 -0.5441 -4.7258 13.1282 -0.6995 -15.1005 -27.5272 -0.0051 0.4627 -1.2713 -2.0636 0.9512 21.3870 -2.4033 0.8929 11.6151 -1.5709 0.4628 0.7006 2.7073 7.9729 -10.7558 -9.8873 9.9020 -15.5974 -3.5929 5.2189 -2.5680 0.0000 -0.0000 0.0000 -86.3956 -62.0088 30.7001 13.7313 -22.3493 -2.7251 -0.0000 0.0000 -43.2969 37.5046 30.7124 21.4033 -7.1250 0.0000 -0.0000 8.6219 66.6174 4.5063 0.0000 -0.0000 0.0000 116.8794 38.6281 103.1686 -23.9976 35.1617 -7.7052 0.0000 -0.0000 -40.4277 -40.5445 -0.1785 0.1527 7.1250 -0.0000 -0.0000 -10.9952 -30.1167 -4.0611
9.5797 17.4981 -2.6112 -5.7062 11.0635 24.2765 0.0000 0.0000 0.0000 -7.7531 -16.5290 -49.9647 1.6895 8.1869 23.2833 0.0167 -4.0507 6.4226 0.0139 0.7609 2.0911 0.0000 0.0000 0.0000 37.1909 -9.5688 -23.2878 -0.4217 -4.1680 11.5497 -0.5878 -15.1854 -26.7712 -0.0356 1.2187 -3.3508 -1.9178 0.7119 22.1854 -2.5169 0.5910 11.7461 -1.7255 0.3265 0.4509 2.3265 7.9262 -11.0233 -9.6223 9.9181 -15.0673 -3.3951 5.2260 -2.3720 -0.0000 0.0000 0.0000 -87.2988 -61.8562 29.4669 12.8053 -21.0013 -2.3831 -0.0000 0.0000 -42.6749 37.7712 30.2844 21.3438 -7.1250 0.0000 -0.0000 9.1175 66.2231 4.6846 -0.0000 0.0000 0.0000 116.6652 38.1725 102.8962 -24.1430 35.3151 -7.7891 0.0000 -0.0000 -40.6691 -40.8178 -0.6596 0.5696 7.1250 -0.0000 -0.0000 -11.2785 -30.7371 -3.9987
9.6162 17.5107 -2.5673 -5.6787 11.1659 25.5624 0.0000 0.0000 0.0000 -7.0597 -17.4278 -50.8415 1.6493 8.0938 22.9992 0.0188 -3.6229 5.9573 0.0013 -0.2329 -0.6398 0.0000 0.0000 0.0000 37.4812 -9.7169 -24.6789 -0.4091 -4.1061 11.3755 -0.5250 -14.8685 -25.9229 -0.0724 1.7362 -4.7772 -1.5837 0.5514 22.5040 -2.7507 0.4354 11.8276 -2.1371 0.2742 0.3869 2.0852 7.7742 -11.0573 -9.7738 9.7300 -14.9102 -3.4025 5.1457 -2.3277 -0.0000 0.0000 0.0000 -88.4394 -61.8425 29.4790 12.2911 -20.2397 -2.2020 -0.0000 0.0000 -42.1625 37.3413 30.9277 21.4109 -7.1250 0.0000 -0.0000 8.3231 66.8060 4.3851 -0.0000 0.0000 0.0000 116.3742 37.9889 102.3487 -24.2431 35.4203 -7.8470 0.0000 -0.0000 -40.9951 -40.5762 -1.3408 1.1480 7.1250 -0.0000 -0.0000 -11.1857 -31.6180 -3.7236
9.6280 17.5032 -2.5326 -5.5140 10.8642 26.5145 0.0000 0.0000 0.0000 -7.5709 -16.7571 -51.9667 1.6605 8.1199 23.0788 0.0201 -3.9183 6.3751 0.0192 0.8935 2.4559 0.0000 0.0000 0.0000 37.3560 -9.2695 -25.2961 -0.3943 -4.0318 11.1662 -0.4835 -14.7076 -25.4036 -0.1485 2.4837 -6.8443 -2.2971 0.4148 22.5342 -2.7844 0.1331 11.9239 -1.7039 0.0935 0.4722 1.3102 7.9099 -10.9633 -9.7443 9.9859 -14.8280 -3.2519 5.3158 -2.3404 -0.0000 -0.0000 0.0000 -88.7633 -62.1221 26.6494 11.6341 -19.2536 -1.9800 -0.0000 0.0000 -40.2172 38.6714 30.3953 22.0449 -7.1250 0.0000 -0.0000 10.4481 66.6199 5.4694 -0.0000 -0.0000 0.0000 116.0646 37.7740 103.4601 -24.3774 35.5608 -7.9250 0.0000 -0.0000 -41.2530 -40.5645 -1.8523 1.5849 7.1250 -0.0000 -0.0000 -11.2483 -32.2781 -3.5629
9.6340 17.4971 -2.5041 -5.6051 11.0012 26.7316 0.0000 0.0000 0.0000 -7.3738 -16.7762 -52.3049 1.7043 8.2209 23.3872 0.0097 -4.1677 6.3216 0.0284 1.0887 2.9928 0.0000 0.0000 0.0000 37.7032 -9.5471 -25.4430 -0.3714 -3.9146 10.8365 -0.3395 -15.2992 -24.8858 -0.2564 3.2579 -8.9975 -2.0386 0.4602 22.9378 -2.8595 0.2236 11.9723 -1.9552 0.1541 0.3314 2.7820 7.7203 -9.8175 -10.7477 9.4958 -15.3610 -3.9538 5.0516 -2.6234 0.0000 0.0000 0.0000 -89.2724 -62.0012 27.7578 11.5737 -19.1623 -1.9601 -0.0000 0.0000 -40.2975 38.0185 30.2906 21.5210 -7.1250 0.0000 -0.0000 9.4842 66.3048 4.8923 0.0000 0.0000 0.0000 116.2861 37.8030 102.9860 -24.0883 35.2575 -7.7575 0.0000 -0.0000 -41.3701 -40.6049 -2.1843 1.8714 7.1250 -0.0000 -0.0000 -11.3271 -32.7074 -3.4691
9.6456 17.4966 -2.4750 -5.1536 10.6513 26.9140 0.0000 0.0000 0.0000 -7.6613 -17.3096 -52.1552 1.7062 8.2251 23.4000 0.0157 -3.4158 5.5767 0.0285 1.0907 2.9985 0.0000 0.0000 0.0000 36.9696 -9.3483 -25.8728 -0.4410 -4.2609 11.8119 -0.4771 -14.8003 -25.4557 -0.1577 2.5583 -7.0515 -2.4746 0.5154 22.6999 -2.9246 0.2283 12.1434 -1.7764 0.1383 0.6384 2.6864 7.6549 -10.5189 -10.8009 9.4261 -14.9538 -3.9000 4.9963 -2.3698 -0.0000 -0.0000 0.0000 -89.9016 -62.4766 27.2910 11.2125 -18.6132 -1.8432 -0.0000 0.0000 -39.2696 37.3293 29.2895 20.4597 -7.1250 0.0000 -0.0000 8.6834 64.9821 4.2113 -0.0000 -0.0000 0.0000 116.2316 38.1207 103.5993 -23.9719 35.1345 -7.6904 0.0000 -0.0000 -41.4319 -41.0416 -1.9896 1.7312 7.1250 -0.0000 -0.0000 -11.6501 -32.4638 -3.6415
9.6623 17.5028 -2.4536 -5.2078 10.5844 26.1962 0.0000 0.0000 0.0000 -7.5821 -17.6265 -51.7395 1.8569 8.5614 24.4327 0.0173 -3.0225 5.1599 0.0197 0.9070 2.4929 0.0000 0.0000 0.0000 36.7056 -9.5488 -24.8606 -0.4281 -4.1989 11.6370 -0.5150 -14.8048 -25.7702 -0.1603 2.5794 -7.1098 -2.0912 0.5892 22.7437 -2.6434 0.3930 12.1086 -1.7277 0.2263 0.5775 2.0420 7.2929 -10.4765 -10.3289 9.0291 -14.6846 -3.6273 4.8060 -2.3655 -0.0000 0.0000 0.0000 -90.4857 -62.0518 28.5946 11.1610 -18.5346 -1.8268 -0.0000 0.0000 -39.1169 37.5179 29.7521 20.8584 -7.1250 0.0000 -0.0000 8.8593 65.5543 4.4145 -0.0000 0.0000 0.0000 116.0509 37.8821 103.2389 -23.5891 34.7267 -7.4712 0.0000 -0.0000 -41.0455 -41.1122 -2.0420 1.7812 7.1250 -0.0000 -0.0000 -11.7145 -32.5331 -3.6424
9.6887 17.4929 -2.4405 -5.0639 10.2432 25.4555 0.0000 0.0000 0.0000 -8.3165 -17.2078 -51.3507 2.0243 8.9165 25.5344 -0.0242 -3.9492 4.4487 0.0109 0.6752 1.8555 0.0000 0.0000 0.0000 36.2426 -10.0305 -24.5253 -0.5020 -4.5423 12.6076 -0.5893 -14.5737 -26.1111 -0.2565 3.2586 -8.9994 -1.8084 0.6187 22.1655 -2.5808 0.5008 12.1185 -1.8360 0.2884 0.8719 2.1252 7.0816 -10.6011 -10.3495 8.7117 -14.9636 -3.6686 4.6437 -2.4572 0.0000 -0.0000 0.0000 -90.5908 -61.9453 29.5339 11.4947 -19.0425 -1.9342 -0.0000 0.0000 -38.9956 37.1511 30.1550 20.8379 -7.1250 0.0000 -0.0000 8.2352 65.8926 4.1658 0.0000 -0.0000 0.0000 116.6419 38.1225 103.8688 -22.9698 34.0557 -7.1214 0.0000 -0.0000 -41.3113 -41.8914 -0.5229 0.4690 7.1250 -0.0000 -0.0000 -12.0983 -30.5533 -4.3553
9.6864 17.4638 -2.4164 -5.2288 9.3788 24.4486 0.0000 0.0000 0.0000 -8.9320 -15.9363 -50.6606 2.1209 9.1135 26.1512 -0.0477 -4.5154 4.1192 0.0104 0.6579 1.8080 0.0000 0.0000 0.0000 35.8431 -9.8542 -24.3623 -0.6834 -5.2856 14.7251 -0.7165 -14.3830 -26.8975 -0.3362 3.7264 -10.3081 -1.8461 0.9181 21.5158 -2.5859 0.8760 11.8291 -1.8871 0.4669 0.8788 2.1122 6.8698 -10.4281 -9.8392 8.4619 -14.8417 -3.5010 4.4984 -2.4846 0.0000 0.0000 0.0000 -89.9485 -61.5600 30.4029 12.2249 -20.1411 -2.1791 -0.0000 0.0000 -40.3332 38.4786 29.3178 21.2655 -7.1250 0.0000 -0.0000 10.3382 65.3551 5.1105 0.0000 0.0000 0.0000 117.2794 37.7206 102.3659 -22.9097 33.9899 -7.0877 0.0000 -0.0000 -39.8702 -41.4072 -0.7205 0.6353 7.1250 -0.0000 -0.0000 -11.7501 -30.8143 -4.1500
9.7030 17.5055 -2.4066 -4.2928 8.0983 23.0259 0.0000 0.0000 0.0000 -10.1221 -16.2270 -48.1949 2.0462 8.9617 25.6757 -0.0085 -2.8058 3.4507 0.0108 0.6721 1.8471 0.0000 0.0000 0.0000 33.7074 -9.2887 -23.4658 -0.9405 -6.1770 17.2988 -1.2112 -13.2853 -29.3849 -0.0842 1.8718 -5.1514 -2.7296 1.1668 20.9929 -2.7245 1.0485 11.6888 -1.5604 0.5124 0.9795 2.5747 6.8830 -10.5312 -10.3774 8.3937 -14.6596 -3.7569 4.4373 -2.3647 0.0000 -0.0000 0.0000 -89.3930 -61.2680 31.1253 13.3740 -21.8328 -2.5907 -0.0000 0.0000 -41.1841 37.9576 29.4655 20.9932 -7.1250 0.0000 -0.0000 9.5537 65.3652 4.7215 0.0000 -0.0000 0.0000 117.2277 37.7256 101.7765 -23.0411 34.1337 -7.1613 0.0000 -0.0000 -38.6678 -40.9586 -0.1171 0.1017 7.1250 -0.0000 -0.0000 -11.3087 -30.0323 -4.2042
9.7001 17.4892 -2.4244 -4.9650 7.3169 21.1817 0.0000 0.0000 0.0000 -9.5774 -15.7081 -47.3811 2.3740 9.6051 27.7073 -0.0234 -2.9210 2.2201 0.0168 0.8367 2.2996 0.0000 0.0000 0.0000 34.0758 -9.9340 -21.3796 -0.8853 -5.9977 16.7778 -0.8968 -14.5802 -28.4275 -0.2322 3.1015 -8.5615 -1.8192 1.5175 20.5152 -2.1816 1.6580 11.4659 -1.6042 0.8327 0.9782 1.4221 6.2112 -10.1626 -9.9585 7.5614 -15.1083 -3.4724 4.0806 -2.7023 0.0000 0.0000 0.0000 -90.2727 -60.4600 34.4753 15.6198 -25.0024 -3.4837 -0.0000 0.0000 -43.5364 39.5271 29.2288 21.9450 -7.1250 0.0000 -0.0000 11.9003 65.5693 5.9509 0.0000 0.0000 0.0000 116.3090 38.9563 101.2395 -23.2608 34.3727 -7.2850 0.0000 -0.0000 -38.8931 -41.7433 0.8877 -0.7921 7.1250 -0.0000 -0.0000 -11.7583 -28.7041 -4.7578
9.7071 17.4729 -2.4407 -5.9816 6.5905 18.8640 0.0000 0.0000 0.0000 -8.9227 -14.9349 -45.7696 2.6482 10.1026 29.3095 -0.0230 -2.7066 1.3331 0.0021 0.2978 0.8181 0.0000 0.0000 0.0000 34.5654 -10.3958 -19.0239 -0.8986 -6.0416 16.9051 -0.8621 -15.5156 -29.1320 -0.3632 3.8712 -10.7145 -0.8019 1.2952 20.1256 -1.9611 1.5464 11.4425 -1.9133 0.8136 1.1610 1.8512 6.3937 -11.3261 -9.6062 7.8142 -14.7663 -3.3534 4.1349 -2.3693 -0.0000 0.0000 0.0000 -87.6225 -60.4402 34.2006 18.0275 -28.1923 -4.5622 -0.0000 0.0000 -45.0060 41.9485 31.2351 24.9884 -7.1250 0.0000 -0.0000 15.6492 68.5775 8.9341 -0.0000 0.0000 0.0000 117.3682 40.0730 103.0292 -23.0945 34.1919 -7.1913 0.0000 -0.0000 -38.4130 -42.1605 2.0397 -1.8459 7.1250 -0.0000 -0.0000 -11.8856 -27.1724 -5.2517
9.7221 17.4866 -2.4770 -4.8722 5.5510 17.5293 0.0000 0.0000 0.0000 -10.8940 -14.1645 -43.9932 2.5801 9.9821 28.9187 -0.0253 -2.8223 1.1810 0.0017 -0.2632 -0.7233 0.0000 0.0000 0.0000 32.6897 -10.4937 -19.1512 -1.2344 -7.0457 19.8508 -1.0845 -15.3557 -30.4728 -0.1915 2.8183 -7.7733 -1.5064 1.4062 19.1036 -1.8461 1.5874 10.8536 -1.3812 0.7940 1.0106 1.9315 6.0641 -11.1866 -10.1300 7.2733 -15.1034 -3.5877 3.8697 -2.5197 -0.0000 -0.0000 0.0000 -86.8107 -60.3649 36.1121 20.1081 -30.7724 -5.5865 -0.0000 0.0000 -46.3320 42.3125 30.5407 24.8245 -7.1250 0.0000 -0.0000 16.2614 67.9091 9.0454 -0.0000 -0.0000 0.0000 117.2133 40.6463 102.3363 -23.1030 34.2013 -7.1961 0.0000 -0.0000 -36.2595 -43.0907 3.3817 -3.1585 7.1250 -0.0000 -0.0000 -12.3423 -25.3337 -6.0072
9.7231 17.4486 -2.5175 -4.0793 5.0981 15.9126 0.0000 0.0000 0.0000 -12.3631 -13.6292 -42.1381 2.5542 9.9357 28.7689 -0.0244 -2.7757 1.1907 0.0001 0.0739 0.2031 0.0000 0.0000 0.0000 31.5735 -11.2376 -18.8876 -1.5051 -7.7487 21.9532 -1.1352 -16.0667 -31.4915 -0.2618 3.2915 -9.0914 -1.6865 1.3061 17.9148 -1.5331 1.4615 10.4682 -0.9028 0.7123 1.1807 1.0531 5.5947 -10.4709 -9.5010 6.6712 -16.2755 -3.3143 3.6370 -3.1445 0.0000 -0.0000 0.0000 -86.6364 -60.7122 38.4461 22.7104 -33.7706 -6.9766 -0.0000 0.0000 -46.8531 44.3569 30.4266 26.3442 -7.1250 0.0000 -0.0000 19.7952 68.4204 11.2938 0.0000 -0.0000 0.0000 117.0873 42.1819 101.9631 -23.2399 34.3502 -7.2732 0.0000 -0.0000 -34.7644 -43.3309 4.5265 -4.2579 7.1250 -0.0000 -0.0000 -12.3092 -23.7847 -6.4436
9.7241 17.4363 -2.6155 -3.9095 3.6652 14.6429 0.0000 0.0000 0.0000 -12.8000 -12.8329 -40.9888 2.5498 9.9279 28.7434 -0.0126 -2.0004 0.8843 0.0030 -0.3551 -0.9757 0.0000 0.0000 0.0000 30.9325 -10.8786 -18.2661 -1.6472 -8.0888 22.9842 -1.4207 -15.3336 -32.5623 -0.0547 1.5089 -4.1501 -1.1120 1.4944 16.6017 -1.6552 1.7953 9.7891 -1.3822 0.9032 1.1453 0.5396 4.8689 -10.2728 -8.1669 5.8267 -16.3271 -2.7901 3.1967 -3.2996 0.0000 -0.0000 0.0000 -86.1866 -61.6903 40.5419 25.2943 -36.5032 -8.4643 -0.0000 0.0000 -46.2069 44.0055 29.4532 25.4045 -7.1250 0.0000 -0.0000 19.0262 67.2007 10.3189 0.0000 -0.0000 0.0000 117.3821 43.1340 100.6748 -23.9498 35.1111 -7.6776 0.0000 -0.0000 -34.3656 -46.3170 8.1162 -8.4089 7.1250 -0.0000 -0.0000 -13.6673 -18.4907 -8.8831
9.7289 17.4620 -2.6451 -3.0627 2.4250 12.1020 0.0000 0.0000 0.0000 -14.2688 -12.0629 -37.4856 2.4447 9.7366 28.1279 -0.0038 -1.1040 0.2607 0.0005 0.1456 0.4000 0.0000 0.0000 0.0000 29.4256 -12.2654 -15.9491 -1.6513 -8.0984 23.0134 -1.4435 -15.3667 -32.7288 -0.0082 0.5841 -1.6050 -1.3000 1.6064 15.7532 -1.5465 1.9320 9.5765 -1.1610 0.9586 1.3501 0.1154 4.3319 -8.6241 -7.7367 5.0621 -17.4958 -2.6836 2.8677 -4.0750 -0.0000 -0.0000 0.0000 -86.5711 -62.5448 42.5737 28.8345 -39.8732 -10.6544 -0.0000 0.0000 -45.4894 63.1624 28.3254 43.1608 -7.1250 0.0000 -0.0000 63.2348 70.9951 44.2309 -0.0000 -0.0000 0.0000 116.7607 44.6868 100.1644 -24.9993 36.2033 -8.2895 0.0000 -0.0000 -33.8258 -48.4537 9.8437 -10.9194 7.1250 -0.0000 -0.0000 -14.6852 -15.6249 -10.5440
9.7162 17.4511 -2.7296 -3.1929 0.4767 10.0961 0.0000 0.0000 0.0000 -14.2421 -10.9782 -35.4954 2.4721 9.7869 28.2895 0.0008 0.0476 -0.5667 0.0006 -0.1537 -0.4224 0.0000 0.0000 0.0000 28.9174 -11.8340 -13.5632 -1.6110 -8.0040 22.7262 -1.1366 -16.3565 -31.7841 -0.0788 1.8104 -4.9818 -0.5325 1.8837 14.6212 -1.5514 2.3967 9.1912 -1.6290 1.2190 1.5674 -0.4168 3.9072 -7.9640 -6.7655 4.5896 -17.4847 -2.2758 2.6264 -4.2454 -0.0000 0.0000 0.0000 -86.2780 -63.7096 44.4539 32.5616 -42.9903 -13.1222 -0.0000 0.0000 -44.2928 51.7827 27.0542 30.0121 -7.1250 0.0000 -0.0000 32.1638 66.8595 17.6857 -0.0000 0.0000 0.0000 117.4072 46.1085 98.3441 -25.6880 36.8990 -8.6996 0.0000 -0.0000 -30.3148 -46.1932 10.1250 -10.3856 7.1250 -0.0000 -0.0000 -13.1546 -15.7590 -9.3401
9.6907 17.4728 -2.8184 -2.4872 -1.4130 8.0833 0.0000 0.0000 0.0000 -15.0788 -9.8527 -33.5992 2.4653 9.7745 28.2496 -0.0032 1.1596 -1.0413 0.0001 -0.0710 -0.1951 0.0000 0.0000 0.0000 27.4546 -11.6699 -10.5489 -1.4087 -7.5072 21.2268 -0.9983 -16.1551 -30.7006 -0.0281 1.0812 -2.9724 -1.0362 2.1500 13.8290 -1.3956 2.6913 8.6039 -1.2030 1.3379 1.3364 -1.3558 3.8322 -8.7778 -5.9030 4.7088 -15.6090 -1.7292 2.6467 -3.4534 -0.0000 -0.0000 0.0000 -86.8007 -64.6072 46.5039 36.6423 -45.9499 -15.9824 -0.0000 0.0000 -43.0694 44.4199 28.3821 24.9770 -7.1250 0.0000 -0.0000 19.5375 66.0981 10.1138 -0.0000 -0.0000 0.0000 117.6717 47.2838 97.1916 -26.3715 37.5732 -9.1133 0.0000 -0.0000 -27.3155 -49.0160 14.1514 -15.7170 7.1250 -0.0000 -0.0000 -14.0236 -9.4394 -11.9057
9.6705 17.4604 -2.9082 -1.1633 -3.0636 6.4630 0.0000 0.0000 0.0000 -16.6781 -9.0364 -31.3452 2.3216 9.5060 27.3913 -0.0193 2.5295 -1.5160 0.0114 -0.6898 -1.8957 0.0000 0.0000 0.0000 25.2210 -11.2348 -8.7405 -1.4683 -7.6576 21.6787 -1.3976 -13.4117 -30.7227 -0.0070 0.5402 -1.4845 -1.7617 2.1354 12.2039 -1.6374 2.6348 8.2029 -0.9864 1.2860 1.7577 -1.1385 3.4966 -7.6597 -5.9167 4.1475 -16.5320 -1.8311 2.3783 -3.9971 0.0000 -0.0000 0.0000 -86.2534 -66.0601 48.0817 40.6852 -48.4707 -18.9506 -0.0000 0.0000 -42.3627 47.1704 25.6427 25.0256 -7.1250 0.0000 -0.0000 23.2583 63.7394 10.8580 0.0000 -0.0000 0.0000 118.2892 48.8502 96.4178 -28.1753 39.2771 -10.2345 0.0000 -0.0000 -27.9675 -46.2867 12.3236 -12.5844 7.1250 -0.0000 -0.0000 -12.7402 -12.7491 -9.8672
9.6374 17.4647 -3.0172 -1.9379 -4.8220 4.4881 0.0000 0.0000 0.0000 -15.4986 -8.3261 -29.2768 2.2943 9.4539 27.2257 -0.0504 4.0174 -2.0682 0.0271 -1.0625 -2.9207 0.0000 0.0000 0.0000 25.6498 -10.6816 -6.4624 -1.4185 -7.5321 21.3018 -1.1670 -14.0775 -29.8069 -0.0396 1.2844 -3.5318 -0.8962 2.0654 11.7441 -1.0664 2.6214 7.6447 -0.8708 1.2970 1.4222 -1.8766 3.5564 -7.9035 -5.2220 4.3527 -15.8265 -1.4434 2.4696 -3.7229 0.0000 -0.0000 0.0000 -84.6458 -68.3074 49.2952 43.5079 -50.0162 -21.0891 -0.0000 0.0000 -40.9925 47.7590 25.8584 25.6556 -7.1250 0.0000 -0.0000 24.2906 64.1797 11.6170 0.0000 -0.0000 0.0000 118.5490 49.9636 95.8320 -29.8229 40.7411 -11.2938 0.0000 -0.0000 -27.8070 -48.4537 15.3221 -16.6041 7.1250 -0.0000 -0.0000 -13.4038 -8.0242 -11.7359
9.5946 17.4562 -3.1012 -1.2594 -6.5630 2.5119 0.0000 0.0000 0.0000 -16.1245 -7.2887 -27.2128 2.2956 9.4563 27.2335 -0.0806 5.1110 -2.8300 0.0846 -1.8765 -5.1645 0.0000 0.0000 0.0000 24.5794 -10.5004 -4.4107 -1.4109 -7.5128 21.2438 -1.1603 -13.6297 -29.3514 -0.0765 1.7847 -4.9109 -1.3479 2.0514 11.1085 -1.1173 2.5654 6.9684 -0.6556 1.2558 1.0366 -1.3351 3.4594 -7.5116 -5.0650 4.2040 -15.2289 -1.4738 2.3416 -3.5709 -0.0000 0.0000 0.0000 -85.2629 -69.6874 52.3159 46.0525 -51.2738 -23.0570 -0.0000 0.0000 -39.9502 47.0238 24.6108 24.0829 -7.1250 0.0000 -0.0000 22.6772 62.4597 9.8918 -0.0000 0.0000 0.0000 118.4336 50.6010 93.9868 -31.6546 42.2700 -12.5078 0.0000 -0.0000 -26.3642 -48.8934 15.7680 -17.2983 7.1250 -0.0000 -0.0000 -13.5628 -7.2627 -12.0920
9.5331 17.4385 -3.2120 -1.6521 -8.1286 0.9328 0.0000 0.0000 0.0000 -15.3287 -6.2926 -25.8725 2.3191 9.5013 27.3765 -0.1169 6.1225 -3.2269 0.0345 -1.1983 -3.2946 0.0000 0.0000 0.0000 24.9843 -9.7288 -2.3319 -1.3430 -7.3372 20.7181 -1.0695 -13.6298 -28.7264 -0.0794 1.8177 -5.0022 -0.7951 1.9774 10.2479 -0.8577 2.5282 6.6065 -0.6684 1.2488 1.1341 -2.0966 3.1971 -8.9461 -3.6363 4.1097 -13.5773 -0.8053 2.2404 -2.7887 -0.0000 0.0000 0.0000 -85.9352 -71.9864 55.6710 48.6018 -52.4158 -25.0618 -0.0000 0.0000 -38.9785 47.8717 24.8817 24.9472 -7.1250 0.0000 -0.0000 24.0928 63.0479 10.8804 -0.0000 0.0000 0.0000 118.1024 52.5804 93.3357 -33.3106 43.5674 -13.6357 0.0000 -0.0000 -27.3792 -51.2969 17.4217 -20.4894 7.1250 -0.0000 -0.0000 -14.5716 -4.0498 -13.9743
9.5182 17.4522 -3.2598 -0.6352 -10.3637 -1.1786 0.0000 0.0000 0.0000 -16.2355 -5.6010 -23.0360 2.1857 9.2427 26.5575 -0.2203 8.3366 -4.0048 0.0683 -1.6860 -4.6386 0.0000 0.0000 0.0000 23.4388 -9.0804 -0.0687 -1.3280 -7.2978 20.6007 -0.9895 -13.3578 -27.9039 -0.0995 2.0341 -5.6000 -1.2265 1.8435 9.5713 -0.9795 2.3226 6.0806 -0.5214 1.1362 0.9404 -2.4053 3.1169 -8.7519 -3.2457 4.0556 -12.6426 -0.6147 2.1939 -2.5187 0.0000 -0.0000 0.0000 -85.5549 -73.5281 57.4977 50.2068 -53.0786 -26.3394 -0.0000 0.0000 -37.8591 47.2586 23.9419 23.7080 -7.1250 0.0000 -0.0000 22.8075 61.7247 9.5553 0.0000 -0.0000 0.0000 118.2650 53.4778 92.9866 -34.8137 44.6786 -14.6822 0.0000 -0.0000 -27.8940 -51.7147 18.5103 -21.9103 7.1250 -0.0000 -0.0000 -14.5319 -2.3683 -14.3955
9.4857 17.4536 -3.3133 -0.4587 -12.0990 -2.8689 0.0000 0.0000 0.0000 -16.0922 -4.7198 -20.9878 2.1244 9.1205 26.1729 -0.2995 9.6951 -4.5868 0.0271 -1.0620 -2.9194 0.0000 0.0000 0.0000 22.9608 -9.0566 1.9028 -1.2950 -7.2101 20.3392 -1.0735 -12.2585 -27.5026 -0.0333 1.1781 -3.2390 -0.5728 1.6195 8.2669 -1.0775 2.0940 5.9394 -0.9305 1.0414 1.5335 -2.1396 2.9995 -9.5510 -2.9182 3.9463 -11.5146 -0.5208 2.0902 -2.0096 0.0000 -0.0000 0.0000 -88.2708 -75.7446 62.3285 51.1084 -53.4329 -27.0619 -0.0000 0.0000 -36.0924 47.3627 23.1814 23.1479 -7.1250 0.0000 -0.0000 22.7025 60.8321 9.0264 0.0000 -0.0000 0.0000 118.6812 55.4339 93.2994 -35.4629 45.1398 -15.1405 0.0000 -0.0000 -27.5308 -53.2100 18.9361 -23.4582 7.1250 -0.0000 -0.0000 -15.2699 -1.0749 -15.5467
9.4405 17.4326 -3.3851 -0.4059 -14.5275 -4.8070 0.0000 0.0000 0.0000 -15.5799 -3.2605 -19.0480 2.1505 9.1727 26.3370 -0.3712 10.8240 -5.5505 0.0374 -1.2477 -3.4305 0.0000 0.0000 0.0000 22.9286 -7.8745 4.3669 -1.2761 -7.1593 20.1883 -1.0777 -11.9384 -27.2487 -0.0355 1.2170 -3.3460 -0.3960 1.5988 8.2254 -0.9243 2.0714 5.3545 -0.8790 1.0313 0.9481 -1.6160 3.1978 -9.2393 -2.6427 4.1870 -10.8229 -0.5121 2.1724 -1.8272 -0.0000 0.0000 0.0000 -90.4598 -77.1881 66.3112 51.8253 -53.7056 -27.6386 -0.0000 0.0000 -34.5961 47.4441 22.8235 22.9033 -7.1250 0.0000 -0.0000 22.6987 60.4192 8.8006 -0.0000 0.0000 0.0000 118.5345 56.8143 92.5210 -36.2769 45.7027 -15.7203 0.0000 -0.0000 -27.6652 -54.4284 19.2140 -24.7100 7.1250 -0.0000 -0.0000 -15.8787 -0.0688 -16.5067
9.3945 17.4220 -3.4339 0.1514 -16.3843 -6.0143 0.0000 0.0000 0.0000 -15.6416 -2.4915 -17.7800 2.1533 9.1783 26.3547 -0.4529 11.9314 -6.1056 0.0264 -1.0488 -2.8831 0.0000 0.0000 0.0000 22.3698 -7.3242 5.4296 -1.3147 -7.2626 20.4958 -1.2131 -10.7339 -27.2158 -0.0699 1.7058 -4.6934 -1.1800 1.6026 5.9747 -0.1668 2.0662 5.6162 0.4104 0.9886 2.4068 -3.7647 3.3572 -8.2572 -1.5088 4.5566 -11.9000 0.1631 2.4376 -2.4332 0.0000 -0.0000 0.0000 -101.3975 -80.0728 77.7569 51.7487 -53.6769 -27.5769 -0.0000 0.0000 -33.6986 46.9446 21.3579 21.2955 -7.1250 0.0000 -0.0000 21.5234 58.4637 7.3038 0.0000 -0.0000 0.0000 117.7087 60.1318 92.6149 -36.8061 46.0595 -16.1002 0.0000 -0.0000 -28.6443 -54.1839 19.3510 -24.6628 7.1250 -0.0000 -0.0000 -15.7049 -0.0057 -16.3290
9.3567 17.4082 -3.4786 0.3512 -18.7139 -7.0268 0.0000 0.0000 0.0000 -15.2205 -1.4818 -16.8164 2.2093 9.2890 26.7036 -0.5421 13.0453 -6.8174 0.0970 -2.0089 -5.5303 0.0000 0.0000 0.0000 22.2843 -6.2183 6.2614 -1.4074 -7.5039 21.2170 -1.2181 -10.3482 -26.9411 -0.0953 1.9906 -5.4797 -0.1440 1.4926 6.2482 -0.8362 1.9604 4.3970 -0.8797 0.9808 1.0510 -3.5742 4.1304 -6.2751 0.1522 5.6264 -13.0269 0.6029 2.9341 -3.2322 0.0000 -0.0000 0.0000 -105.8147 -81.1483 85.5186 52.4444 -53.9350 -28.1384 -0.0000 0.0000 -31.7732 47.4610 21.3380 21.6309 -7.1250 0.0000 -0.0000 22.2216 58.5909 7.6246 0.0000 -0.0000 0.0000 118.5416 61.0375 91.0540 -37.7382 46.6713 -16.7749 0.0000 -0.0000 -28.4380 -55.9022 20.5111 -27.3645 7.1250 -0.0000 -0.0000 -16.3346 2.5545 -17.7717
9.3256 17.4120 -3.5123 1.2386 -20.6580 -8.6979 0.0000 0.0000 0.0000 -15.4760 -0.8016 -15.4057 2.2774 9.4214 27.1227 -0.6504 14.2189 -7.1508 0.0560 -1.5275 -4.2016 0.0000 0.0000 0.0000 21.3501 -5.7818 7.8658 -1.3942 -7.4701 21.1158 -1.2163 -9.4569 -26.2269 -0.0547 1.5089 -4.1502 -0.9612 0.8030 5.7142 -0.2535 1.0081 4.0714 0.2306 0.4800 0.9727 -6.5675 4.9835 -4.2358 2.1402 6.9212 -14.0827 1.6934 3.6507 -4.2613 0.0000 0.0000 0.0000 -109.6823 -83.0311 89.1109 52.0005 -53.7711 -27.7799 -0.0000 0.0000 -30.6885 46.9249 21.4394 21.3525 -7.1250 0.0000 -0.0000 21.5218 58.5588 7.3529 0.0000 0.0000 0.0000 119.5369 62.2321 92.7939 -38.3458 47.0587 -17.2183 0.0000 -0.0000 -28.0441 -57.3576 21.7592 -30.0585 7.1250 -0.0000 -0.0000 -16.7711 5.1680 -19.0145
9.2835 17.4096 -3.5367 1.7485 -23.0377 -9.9381 0.0000 0.0000 0.0000 -15.1808 -0.1304 -14.2291 2.3874 9.6303 27.7877 -0.6921 14.5583 -4.7769 0.6485 -5.1515 -14.3412 0.0000 0.0000 0.0000 20.9180 -5.1074 9.0159 -1.4007 -7.4867 21.1656 -1.2342 -8.2786 -25.4830 -0.0532 1.4891 -4.0957 -0.7517 1.0254 4.8101 -0.5099 1.3250 3.9759 -0.1486 0.6453 1.3840 -5.3518 5.2718 -4.0383 2.2206 7.2955 -14.2854 1.4882 3.7656 -4.3316 -0.0000 -0.0000 0.0000 -133.8808 -84.0537 115.5133 52.4362 -53.9320 -28.1317 -0.0000 0.0000 -29.7922 46.4358 20.8930 20.5540 -7.1250 0.0000 -0.0000 20.7049 57.7390 6.6452 -0.0000 -0.0000 0.0000 119.4480 64.6837 90.5574 -39.0672 47.5075 -17.7483 0.0000 -0.0000 -27.5891 -56.4414 20.5379 -27.8728 7.1250 -0.0000 -0.0000 -16.6218 2.9086 -18.2119
9.2537 17.3927 -3.5464 1.7849 -24.9678 -10.8283 0.0000 0.0000 0.0000 -14.4024 0.2382 -13.2099 2.5362 9.9035 28.6647 -0.7285 14.9246 -6.2360 0.3138 -3.6012 -9.9572 0.0000 0.0000 0.0000 21.0806 -4.3544 9.8639 -1.4489 -7.6090 21.5325 -1.2521 -7.9976 -25.4195 -0.1566 2.5497 -7.0274 -0.7632 0.9056 4.6250 0.1637 1.1635 3.4186 0.5518 0.5607 0.8992 -3.4237 4.7904 -5.3203 0.2930 6.4552 -11.8773 0.6044 3.3093 -3.0235 0.0000 0.0000 0.0000 -151.6676 -83.6163 133.6751 53.4584 -54.2986 -28.9600 -0.0000 0.0000 -28.4952 46.5798 20.6403 20.4301 -7.1250 0.0000 -0.0000 20.8228 57.4659 6.5465 0.0000 0.0000 0.0000 116.3292 66.5417 88.0365 -39.7115 47.8981 -18.2249 0.0000 -0.0000 -29.1011 -58.2744 23.1652 -32.4689 7.1250 -0.0000 -0.0000 -16.8534 7.6901 -19.7768
9.2330 17.3917 -3.5349 2.6075 -26.7360 -11.9707 0.0000 0.0000 0.0000 -14.4202 -0.1695 -11.6157 2.6165 10.0466 29.1279 -0.7168 15.0516 -8.5862 0.0378 -1.2545 -3.4493 0.0000 0.0000 0.0000 20.1943 -4.0793 10.6498 -1.4843 -7.6973 21.7984 -1.2610 -6.9122 -24.7433 -0.1337 2.3566 -6.4923 -1.0173 0.3897 3.6489 0.2589 0.4779 3.2845 0.8236 0.2107 1.3136 2.4720 4.4676 -7.7204 -6.6453 5.3455 -9.5093 -2.4696 2.6255 -1.4319 -0.0000 0.0000 0.0000 -166.5196 -83.9625 149.2330 54.5063 -54.6588 -29.8128 -0.0000 0.0000 -27.4206 46.8086 19.8573 19.8917 -7.1250 0.0000 -0.0000 20.8928 56.5514 6.1018 -0.0000 0.0000 0.0000 117.7045 68.1036 88.7618 -41.1810 48.7542 -19.3225 0.0000 -0.0000 -27.9118 -59.7530 25.5667 -36.5051 7.1250 -0.0000 -0.0000 -16.9109 11.9179 -20.8637
9.2134 17.3770 -3.5292 3.0846 -28.6977 -12.9692 0.0000 0.0000 0.0000 -13.6729 -0.8706 -9.4358 2.7552 10.2877 29.9136 -0.3120 12.2247 -12.2255 0.3076 3.5654 9.8572 0.0000 0.0000 0.0000 20.0056 -3.0636 11.4804 -1.5497 -7.8574 22.2819 -1.3330 -6.2486 -24.8752 -0.1183 2.2177 -6.1076 -0.7632 0.2444 3.3309 0.2230 0.2943 2.8807 0.6492 0.1272 1.0812 3.4505 4.3631 -7.2787 -7.1268 5.1373 -9.3086 -2.8177 2.4984 -1.4142 -0.0000 -0.0000 0.0000 -177.2954 -82.6083 160.9317 55.0481 -54.8391 -30.2553 -0.0000 0.0000 -26.2514 46.3673 18.9267 18.7894 -7.1250 0.0000 -0.0000 20.0728 55.2565 5.2081 -0.0000 -0.0000 0.0000 117.1181 69.5350 86.7187 -40.9035 48.5961 -19.1141 0.0000 -0.0000 -27.3474 -57.9474 22.9501 -31.9124 7.1250 -0.0000 -0.0000 -16.7419 7.1801 -19.5053
9.1852 17.3571 -3.5141 4.1664 -30.7063 -13.8053 0.0000 0.0000 0.0000 -14.3271 1.0377 -9.4371 2.6220 10.0565 29.1598 -0.6761 14.6148 -8.2398 0.1560 -2.5452 -7.0150 0.0000 0.0000 0.0000 19.3890 -1.5835 11.8538 -1.6467 -8.0877 22.9807 -1.4236 -5.7007 -25.2349 -0.1780 2.7178 -7.4940 -0.6071 0.3269 2.2569 -0.4918 0.4231 2.5787 -0.1680 0.2019 1.3760 3.8306 5.1305 -6.5519 -4.5951 6.3171 -8.9015 -2.0363 3.0564 -1.4113 0.0000 0.0000 0.0000 176.4308 -81.2002 169.0414 56.7802 -55.3891 -31.6762 -0.0000 0.0000 -25.3751 46.1642 18.1091 17.9380 -7.1250 0.0000 -0.0000 19.6070 54.1663 4.5507 0.0000 0.0000 0.0000 117.4104 71.2178 84.1778 -40.8548 48.5682 -19.0777 0.0000 -0.0000 -26.9634 -59.8454 25.2113 -36.2491 7.1250 -0.0000 -0.0000 -17.0700 11.5219 -20.9863
9.1776 17.3628 -3.4753 4.7430 -32.6166 -14.7214 0.0000 0.0000 0.0000 -14.4079 2.5972 -8.2677 2.5088 9.8539 28.5051 -0.6957 15.0642 -9.6714 0.1585 -2.5651 -7.0701 0.0000 0.0000 0.0000 18.8988 -1.0122 12.4977 -1.6887 -8.1851 23.2776 -1.4441 -4.4937 -24.7088 -0.1260 2.2879 -6.3021 -0.7412 0.3017 2.0864 -0.0749 0.3862 2.1023 0.3340 0.1812 0.9789 -0.9503 4.8500 -3.4702 0.8277 6.4826 -11.4696 0.3195 3.1872 -3.1383 -0.0000 0.0000 0.0000 173.4881 -79.9336 172.5954 58.8996 -56.0095 -33.4271 -0.0000 0.0000 -23.8543 44.9955 17.1505 16.4274 -7.1250 0.0000 -0.0000 18.0048 52.6511 3.4811 -0.0000 0.0000 0.0000 115.0421 72.3185 80.9536 -41.9558 49.1869 -19.9071 0.0000 -0.0000 -26.3056 -58.3897 25.3861 -34.8606 7.1250 -0.0000 -0.0000 -16.2463 10.7146 -19.7139
9.1670 17.3448 -3.4185 5.1952 -34.1866 -15.5386 0.0000 0.0000 0.0000 -14.7200 3.9639 -7.0303 2.3539 9.5674 27.5868 -0.8229 16.5131 -11.2818 0.1030 -2.0691 -5.6967 0.0000 0.0000 0.0000 18.6184 -0.3069 13.1864 -1.7440 -8.3112 23.6634 -1.5379 -3.7151 -25.0152 -0.0835 1.8636 -5.1290 -0.6640 -0.1962 1.9790 0.1428 -0.2771 1.7514 0.5219 -0.1487 0.6876 4.1411 5.6688 -4.1479 -4.1103 7.1253 -9.6796 -2.0296 3.4566 -2.0464 -0.0000 -0.0000 0.0000 169.9219 -79.6379 176.7566 60.4787 -56.4362 -34.7397 -0.0000 0.0000 -22.6421 44.6438 15.0457 14.3799 -7.1250 0.0000 -0.0000 17.1672 49.8817 2.1214 -0.0000 -0.0000 0.0000 115.5167 73.1086 81.3003 -43.2068 49.8591 -20.8587 0.0000 -0.0000 -26.3303 -61.3973 26.5477 -39.3401 7.1250 -0.0000 -0.0000 -17.4671 14.4256 -22.1692
9.1561 17.3239 -3.3476 6.3975 -35.0217 -16.5620 0.0000 0.0000 0.0000 -15.9943 4.9749 -5.8631 2.1748 9.2210 26.4890 -0.9364 17.7523 -12.7392 0.0762 -1.7810 -4.9008 0.0000 0.0000 0.0000 17.5194 0.1169 13.5176 -1.8211 -8.4830 24.1911 -1.5577 -3.2278 -24.9260 -0.1303 2.3267 -6.4094 -1.0635 -0.5308 0.6578 0.1262 -0.7128 2.1870 0.7178 -0.3794 1.8862 3.0578 5.8743 -4.8034 -2.5029 7.4903 -9.8035 -1.3116 3.6297 -2.0566 0.0000 0.0000 0.0000 162.5345 -78.6240 -174.8181 63.4794 -57.1680 -37.2509 -0.0000 0.0000 -21.5651 45.2249 15.4789 15.0555 -7.1250 0.0000 -0.0000 17.8924 50.5697 2.5259 0.0000 0.0000 0.0000 116.4123 74.8836 81.1545 -44.6016 50.5718 -21.9306 0.0000 -0.0000 -25.3734 -61.8905 26.9878 -40.3497 7.1250 -0.0000 -0.0000 -17.5844 15.3738 -22.5312
9.1589 17.3288 -3.2787 6.7725 -35.5139 -17.4448 0.0000 0.0000 0.0000 -16.4978 4.5076 -4.1656 2.0964 9.0640 25.9957 -1.0454 18.8222 -13.8581 0.0632 -1.6222 -4.4627 0.0000 0.0000 0.0000 17.1698 0.2534 14.2157 -1.8745 -8.5995 24.5504 -1.6106 -3.1637 -25.2881 -0.2260 3.0598 -8.4452 -1.5465 -1.3399 1.0129 0.7524 -1.8056 1.9463 1.6304 -0.9355 1.4987 -0.0758 6.1398 -3.3093 0.4452 8.1425 -11.0019 0.0284 3.9777 -2.9679 -0.0000 0.0000 0.0000 158.9343 -78.4360 -171.4045 64.9127 -57.4829 -38.4573 -0.0000 0.0000 -20.0610 45.1990 14.9681 14.5786 -7.1250 0.0000 -0.0000 17.7501 49.9054 2.2081 -0.0000 0.0000 0.0000 118.5820 75.0158 83.3210 -46.4805 51.4735 -23.3914 0.0000 -0.0000 -25.5055 -63.1192 27.6029 -42.4290 7.1250 -0.0000 -0.0000 -18.0290 17.1463 -23.5156
9.1599 17.2946 -3.2271 7.3285 -36.5874 -18.2644 0.0000 0.0000 0.0000 -16.7844 4.7397 -3.7030 2.2018 9.2743 26.6572 -0.9804 18.9496 -15.6642 0.0322 -1.1585 -3.1851 0.0000 0.0000 0.0000 16.8923 0.9445 14.7890 -1.9308 -8.7204 24.9246 -1.6029 -3.1008 -25.2020 -0.1857 2.7757 -7.6549 -1.6896 -1.3929 0.6579 1.0539 -1.8775 2.1560 2.0066 -0.9832 1.9317 -2.7968 6.4730 -2.4768 3.1708 8.8460 -12.0916 1.2928 4.3278 -3.8118 0.0000 -0.0000 0.0000 158.4222 -76.8994 -170.7450 65.7203 -57.6510 -39.1390 -0.0000 0.0000 -18.1263 43.7126 13.8630 12.9020 -7.1250 0.0000 -0.0000 15.9554 48.1667 1.2768 0.0000 -0.0000 0.0000 117.9869 75.7402 81.6515 -48.5612 52.3985 -25.0296 0.0000 -0.0000 -25.4070 -62.6492 28.0735 -42.2958 7.1250 -0.0000 -0.0000 -17.6246 17.3410 -22.9810
9.1720 17.2580 -3.1838 8.3177 -37.3301 -19.1992 0.0000 0.0000 0.0000 -17.4102 5.8822 -3.7780 2.2991 9.4632 27.2552 -0.8817 18.4272 -16.0326 0.0153 -0.7996 -2.1976 0.0000 0.0000 0.0000 16.1324 1.5723 14.8390 -2.0895 -9.0500 25.9520 -1.7197 -2.7915 -25.9090 -0.2441 3.1796 -8.7791 -2.0383 -1.2738 0.8760 1.1317 -1.7210 1.9802 2.2919 -0.9061 1.6345 -4.5429 6.5684 -1.1848 4.7486 9.1331 -13.4319 1.8649 4.4417 -4.2551 0.0000 0.0000 0.0000 158.6829 -76.4923 -169.7166 68.2164 -58.1288 -41.2534 -0.0000 0.0000 -17.9962 47.8187 16.6771 17.5730 -7.1250 0.0000 -0.0000 21.1641 52.7595 4.1920 0.0000 0.0000 0.0000 116.2344 75.9219 79.1209 -49.5527 52.8135 -25.8174 0.0000 -0.0000 -24.9262 -65.2143 29.1918 -46.5669 7.1250 -0.0000 -0.0000 -18.5932 20.8830 -25.0221
9.1997 17.2249 -3.1358 8.5684 -37.7419 -19.8285 0.0000 0.0000 0.0000 -17.6193 6.1826 -3.6064 2.4205 9.6919 27.9847 -0.8224 18.2544 -16.6140 0.0044 -0.4295 -1.1801 0.0000 0.0000 0.0000 15.6632 1.4462 15.1014 -2.1662 -9.2041 26.4359 -1.8269 -1.7616 -26.2324 -0.1714 2.6671 -7.3533 -1.8607 -1.3916 1.0032 1.2126 -1.8837 2.1522 2.2747 -0.9895 1.7457 -5.0375 7.1930 -0.3058 5.1172 10.0051 -14.1296 1.9662 4.8512 -4.7014 -0.0000 -0.0000 0.0000 158.4869 -76.1842 -169.0850 67.9961 -58.0891 -41.0663 -0.0000 0.0000 -16.8420 43.4190 14.1929 13.0624 -7.1250 0.0000 -0.0000 15.7089 48.5295 1.3995 -0.0000 -0.0000 0.0000 115.9264 76.0511 78.3949 -49.9158 52.9615 -26.1070 0.0000 -0.0000 -24.5535 -64.7838 28.1252 -45.0299 7.1250 -0.0000 -0.0000 -18.7334 19.2184 -24.9270
9.2226 17.2020 -3.1004 7.9335 -38.2311 -19.4046 0.0000 0.0000 0.0000 -16.9954 6.6271 -4.4433 2.6631 10.1286 29.3942 -0.7671 17.8154 -16.4557 0.0049 -0.4541 -1.2478 0.0000 0.0000 0.0000 16.1868 1.5943 15.0628 -2.1784 -9.2281 26.5115 -1.8246 -1.8189 -26.2392 -0.1733 2.6820 -7.3946 -1.3725 -1.6897 1.0562 1.4957 -2.2897 2.2442 2.2884 -1.1900 1.8246 -4.7583 7.4714 -0.0442 4.6833 10.3362 -14.4266 1.7573 5.0112 -4.8183 -0.0000 -0.0000 0.0000 157.6341 -76.1268 -168.0833 66.9786 -57.8995 -40.2035 -0.0000 0.0000 -16.7475 42.9648 13.7403 12.4741 -7.1250 0.0000 -0.0000 15.1642 47.8618 1.0944 -0.0000 -0.0000 0.0000 119.0408 75.5990 81.1977 -50.4269 53.1662 -26.5155 0.0000 -0.0000 -25.9981 -64.4926 29.6144 -46.0043 7.1250 -0.0000 -0.0000 -18.0623 20.7498 -24.2259
9.2555 17.1859 -3.0740 8.1609 -38.2062 -19.4507 0.0000 0.0000 0.0000 -17.3044 6.9188 -5.2899 2.8314 10.4170 30.3380 -0.7376 17.7062 -16.6819 0.0126 -0.7248 -1.9918 0.0000 0.0000 0.0000 15.9039 1.7967 14.9208 -2.2073 -9.2851 26.6914 -1.8063 -2.2998 -26.3087 -0.2713 3.3508 -9.2569 -1.5099 -1.6716 0.9677 1.3307 -2.2662 2.6117 2.1864 -1.1874 2.2501 -4.1718 7.2592 -0.6912 4.0525 9.9899 -13.8023 1.5308 4.8638 -4.4410 -0.0000 0.0000 0.0000 156.7947 -75.7918 -166.4655 65.7743 -57.6619 -39.1846 -0.0000 0.0000 -17.0013 43.3333 14.9022 13.6380 -7.1250 0.0000 -0.0000 15.7403 49.4150 1.7526 -0.0000 0.0000 0.0000 119.4694 75.3011 81.1776 -50.5955 53.2329 -26.6505 0.0000 -0.0000 -26.1341 -64.4862 28.2859 -44.7951 7.1250 -0.0000 -0.0000 -18.5209 19.1530 -24.6067
9.2973 17.1814 -3.0479 7.2808 -37.8328 -18.6340 0.0000 0.0000 0.0000 -16.7468 6.5497 -6.0373 2.9910 10.6804 31.2094 -0.5001 16.5289 -17.7576 0.0035 0.3817 1.0487 0.0000 0.0000 0.0000 16.2915 1.2382 14.4986 -2.1820 -9.2352 26.5339 -1.7743 -2.5566 -26.1934 -0.3186 3.6284 -10.0334 -0.9466 -1.6068 1.1130 1.5802 -2.1903 2.7547 2.1303 -1.1434 2.3000 -3.5497 7.2150 -1.2166 2.6933 9.7770 -12.5355 1.1740 4.8238 -4.2637 0.0000 -0.0000 0.0000 159.3930 -75.5245 -169.1569 64.2500 -57.3400 -37.8990 -0.0000 0.0000 -17.4590 43.4587 14.5608 13.4000 -7.1250 0.0000 -0.0000 15.8142 49.0070 1.5992 0.0000 -0.0000 0.0000 117.1017 74.5216 78.8879 -50.9767 53.3819 -26.9561 0.0000 -0.0000 -27.0512 -63.8137 28.1533 -43.8150 7.1250 -0.0000 -0.0000 -18.2105 18.4112 -24.0200
9.3497 17.1869 -3.0320 6.1382 -37.3185 -17.5684 0.0000 0.0000 0.0000 -16.0648 6.1070 -6.9316 3.1282 10.8998 31.9427 -0.4421 15.9309 -17.4251 0.0001 0.0491 0.1350 0.0000 0.0000 0.0000 16.9614 0.7699 13.9860 -2.1669 -9.2054 26.4399 -1.6966 -3.2574 -25.9563 -0.3930 4.0254 -11.1483 -0.3424 -1.7774 1.4269 1.5087 -2.4228 2.9921 1.7223 -1.2485 2.3499 -0.9626 7.0666 -1.7689 0.5459 9.4087 -11.5253 0.1052 4.6279 -3.4937 0.0000 0.0000 0.0000 161.6259 -75.8650 -171.0831 60.9983 -56.5701 -35.1730 -0.0000 0.0000 -17.4714 43.3569 15.8939 14.4982 -7.1250 0.0000 -0.0000 15.9334 50.6761 2.2785 0.0000 0.0000 0.0000 118.4779 73.0060 80.0469 -50.6945 53.2718 -26.7298 0.0000 -0.0000 -28.1855 -63.6772 27.9063 -43.4115 7.1250 -0.0000 -0.0000 -18.2218 17.9914 -23.9558
9.3972 17.1946 -3.0261 6.3963 -36.5126 -17.3446 0.0000 0.0000 0.0000 -16.6694 6.1259 -7.6172 3.1298 10.9023 31.9510 -0.4104 15.4298 -16.9285 0.0003 0.1095 0.3008 0.0000 0.0000 0.0000 16.4770 0.6734 13.5674 -2.1837 -9.2387 26.5450 -1.7465 -3.2768 -26.3208 -0.3228 3.6517 -10.0988 -1.3064 -1.6086 1.9815 1.5217 -2.2048 3.2461 2.2904 -1.1652 2.3316 0.8192 6.7562 -2.7514 -1.6704 8.8220 -9.8671 -0.7782 4.3587 -2.5363 0.0000 0.0000 0.0000 164.6248 -76.1143 -174.4710 58.0063 -55.7548 -32.6876 -0.0000 0.0000 -18.1475 42.7804 16.0452 14.3470 -7.1250 0.0000 -0.0000 15.3320 50.7391 2.2130 0.0000 0.0000 0.0000 117.8836 71.4154 79.8763 -50.1646 53.0617 -26.3057 0.0000 -0.0000 -30.1570 -62.0227 27.3232 -40.8302 7.1250 -0.0000 -0.0000 -17.5445 15.9015 -22.5838
9.4725 17.2109 -3.0343 5.4437 -35.6553 -15.7530 0.0000 0.0000 0.0000 -16.3292 5.2179 -9.2106 3.2284 11.0559 32.4686 -0.4124 15.0368 -16.1342 0.0038 -0.3961 -1.0885 0.0000 0.0000 0.0000 16.9268 0.4355 12.3411 -2.1770 -9.2255 26.5032 -1.7241 -3.5154 -26.2738 -0.3192 3.6314 -10.0420 -1.2145 -1.8107 2.3005 1.8729 -2.4916 3.6032 2.6036 -1.3199 2.5489 1.5195 6.8561 -5.0810 -3.1114 8.8540 -7.8014 -1.1706 4.3792 -1.3648 -0.0000 -0.0000 0.0000 165.2659 -77.8629 -175.7307 55.5103 -54.9898 -30.6335 -0.0000 0.0000 -18.3937 44.1912 18.2365 16.9212 -7.1250 0.0000 -0.0000 17.2952 53.8192 3.8388 -0.0000 -0.0000 0.0000 120.7088 68.9465 83.1645 -49.1660 52.6535 -25.5096 0.0000 -0.0000 -30.2326 -61.8188 26.1081 -39.3985 7.1250 -0.0000 -0.0000 -17.8296 14.1936 -22.6198
9.5472 17.2146 -3.0692 4.4955 -34.7604 -14.4294 0.0000 0.0000 0.0000 -15.8743 4.5277 -10.7327 3.3391 11.2247 33.0416 -0.3988 14.4699 -15.2248 0.0311 -1.1384 -3.1296 0.0000 0.0000 0.0000 17.6827 0.4580 11.2336 -2.1799 -9.2312 26.5213 -1.6630 -4.5206 -26.3384 -0.3044 3.5470 -9.8057 -1.3118 -1.8970 3.3991 2.2223 -2.6340 4.1450 3.0487 -1.4104 2.5247 2.6210 7.1268 -7.2736 -4.9524 9.1171 -5.7838 -1.7714 4.4716 -0.2265 0.0000 -0.0000 0.0000 165.7826 -79.5195 -177.3512 51.6793 -53.6508 -27.5211 -0.0000 0.0000 -19.1085 42.8494 18.1551 16.1212 -7.1250 0.0000 -0.0000 15.7266 53.3871 3.3083 0.0000 -0.0000 0.0000 122.3418 67.0359 86.5241 -48.2850 52.2800 -24.8110 0.0000 -0.0000 -32.6196 -58.7193 24.3414 -34.1538 7.1250 -0.0000 -0.0000 -16.7393 9.5713 -20.0927
9.6253 17.2259 -3.0932 3.6106 -33.2181 -12.8028 0.0000 0.0000 0.0000 -15.6506 3.4254 -12.4684 3.3969 11.3114 33.3373 -0.3684 13.7474 -14.2923 0.0610 -1.5942 -4.3854 0.0000 0.0000 0.0000 18.1153 -0.0286 9.7310 -2.1888 -9.2487 26.5763 -1.6377 -5.1173 -26.4754 -0.2308 3.0923 -8.5357 -1.9440 -1.7798 4.5699 2.8893 -2.5163 4.3692 4.1344 -1.3829 2.1586 0.1260 7.2554 -8.0377 -3.2447 9.5341 -4.6839 -0.7761 4.7164 0.0352 -0.0000 0.0000 0.0000 172.4325 -80.0551 173.8707 47.7883 -52.0636 -24.4186 -0.0000 0.0000 -19.1518 42.6027 19.7925 17.2967 -7.1250 0.0000 -0.0000 15.6706 55.3423 4.0513 -0.0000 0.0000 0.0000 120.9113 64.7228 87.4059 -47.7555 52.0491 -24.3928 0.0000 -0.0000 -34.9277 -58.0236 22.9861 -32.0266 7.1250 -0.0000 -0.0000 -16.7721 7.2796 -19.5689
9.7058 17.2343 -3.1312 2.0669 -31.2420 -10.5965 0.0000 0.0000 0.0000 -14.7901 1.5882 -14.6322 3.5271 11.5030 33.9958 -0.3216 12.9158 -13.4762 0.0777 -1.7985 -4.9490 0.0000 0.0000 0.0000 19.3130 -0.5339 8.1599 -2.1256 -9.1229 26.1806 -1.5763 -6.0909 -26.5893 -0.2426 3.1696 -8.7514 -0.6816 -1.5064 5.4622 2.3188 -2.1101 4.8127 2.8439 -1.1380 2.0110 -0.1057 7.2176 -7.5031 -1.5175 9.5231 -5.4360 -0.2671 4.7346 -0.3836 0.0000 0.0000 0.0000 -178.4440 -79.9593 164.5945 43.8709 -50.2032 -21.3677 -0.0000 0.0000 -18.5867 44.1850 22.5702 20.4580 -7.1250 0.0000 -0.0000 18.1091 59.1524 6.3921 0.0000 0.0000 0.0000 120.9448 62.2447 86.7989 -46.8534 51.6448 -23.6834 0.0000 -0.0000 -36.9959 -57.5568 22.0352 -30.5491 7.1250 -0.0000 -0.0000 -16.7988 5.6755 -19.1846
9.7609 17.2751 -3.1795 1.7820 -28.0995 -8.8457 0.0000 0.0000 0.0000 -15.2657 -0.7428 -16.5263 3.4430 11.3799 33.5720 -0.3646 12.4586 -11.5281 0.1186 -2.2204 -6.1152 0.0000 0.0000 0.0000 19.3238 -1.5506 5.8610 -2.1820 -9.2352 26.5339 -1.5416 -7.3084 -27.0905 -0.2528 3.2353 -8.9345 -0.7404 -1.1242 6.1926 1.3937 -1.5935 5.3078 1.9162 -0.8675 2.0621 2.3700 6.8238 -7.8505 -2.3068 8.8233 -4.5987 -0.8720 4.3462 0.0784 -0.0000 -0.0000 0.0000 -169.5042 -78.5165 155.1806 39.2580 -47.6241 -17.8891 -0.0000 0.0000 -18.2166 42.1140 21.6994 18.4821 -7.1250 0.0000 -0.0000 15.3063 57.5292 4.7706 -0.0000 -0.0000 0.0000 121.4360 60.1543 85.8822 -45.1598 50.8465 -22.3626 0.0000 -0.0000 -39.8703 -54.2784 19.0382 -24.3987 7.1250 -0.0000 -0.0000 -15.8428 -0.3929 -16.3739
9.8323 17.2803 -3.2215 0.2737 -25.2200 -6.7150 0.0000 0.0000 0.0000 -14.2690 -2.9203 -18.7654 3.5603 11.5512 34.1621 -0.2651 11.0176 -10.6949 0.0449 -1.3682 -3.7626 0.0000 0.0000 0.0000 20.6666 -2.4294 3.9618 -2.1927 -9.2565 26.6011 -1.5478 -8.2350 -27.7426 -0.1909 2.8140 -7.7615 0.5355 -0.7995 7.4390 1.2508 -1.1080 6.1131 1.0475 -0.5881 2.1631 1.3466 6.3347 -8.4118 -0.7552 8.2704 -4.7204 -0.2427 4.0957 0.0012 0.0000 0.0000 0.0000 -162.9683 -76.9166 145.9803 34.6925 -44.5913 -14.5971 -0.0000 0.0000 -16.9018 41.1948 22.7077 18.6692 -7.1250 0.0000 -0.0000 14.2375 58.4891 4.7585 0.0000 0.0000 0.0000 120.3528 57.8837 85.5390 -44.8082 50.6742 -22.0903 0.0000 -0.0000 -42.7818 -54.7167 17.7171 -23.2710 7.1250 -0.0000 -0.0000 -16.4469 -2.0367 -16.5566
9.8753 17.2660 -3.2776 0.4368 -21.8002 -5.0408 0.0000 0.0000 0.0000 -14.9084 -4.8137 -21.1457 3.5353 11.5149 34.0369 -0.2071 9.4728 -8.8152 0.0621 -1.6075 -4.4221 0.0000 0.0000 0.0000 20.5119 -3.3784 1.1071 -2.3659 -9.5899 27.6585 -1.6206 -9.1189 -28.8452 -0.1246 2.2752 -6.2668 -0.4384 -0.4153 9.0710 1.2266 -0.6499 6.6806 1.5591 -0.3933 1.8631 2.2912 5.7646 -9.0151 -2.4815 7.4123 -4.4075 -0.9178 3.6430 0.3038 -0.0000 0.0000 0.0000 -156.8064 -76.0018 137.9019 31.0598 -41.7847 -12.1097 -0.0000 0.0000 -16.0363 41.0897 24.1091 19.6062 -7.1250 0.0000 -0.0000 14.1856 60.1188 5.2960 -0.0000 0.0000 0.0000 119.6299 55.9365 86.4910 -42.7457 49.6151 -20.5069 0.0000 -0.0000 -45.9006 -55.0866 17.5481 -23.3635 7.1250 -0.0000 -0.0000 -16.7005 -2.0902 -16.8190
9.8993 17.2489 -3.3213 0.2382 -18.4247 -3.0338 0.0000 0.0000 0.0000 -14.9462 -6.6837 -23.4741 3.4225 11.3495 33.4679 -0.1405 7.5750 -6.6737 0.0535 -1.4931 -4.1068 0.0000 0.0000 0.0000 20.8260 -4.3781 -2.0136 -2.5946 -10.0079 29.0023 -1.7235 -9.6706 -29.9070 -0.0547 1.5095 -4.1519 0.3809 -0.3799 10.9643 0.3222 -0.5295 7.0522 0.1700 -0.2855 1.2004 1.5185 5.5994 -9.0419 -0.4150 7.2926 -4.4148 -0.1692 3.6175 0.1835 -0.0000 0.0000 0.0000 -146.6791 -75.3504 126.4832 27.1102 -38.2841 -9.5673 -0.0000 0.0000 -15.7878 41.9865 24.2933 20.3175 -7.1250 0.0000 -0.0000 15.3944 60.5883 5.9323 -0.0000 0.0000 0.0000 121.3016 52.3982 87.3936 -40.9499 48.6227 -19.1490 0.0000 -0.0000 -48.9318 -54.4726 17.2486 -22.5523 7.1250 -0.0000 -0.0000 -16.4360 -2.8307 -16.2993
9.9108 17.2378 -3.3676 -1.0734 -14.6773 -0.4145 0.0000 0.0000 0.0000 -13.6726 -8.9713 -26.5611 3.4112 11.3327 33.4103 -0.0980 5.9392 -4.4426 0.1053 -2.0922 -5.7604 0.0000 0.0000 0.0000 22.6869 -5.1110 -5.2979 -2.7356 -10.2542 29.8040 -1.6481 -11.5703 -30.8183 -0.0475 1.4072 -3.8700 0.8618 -0.3528 12.1770 1.0493 -0.4454 7.9712 0.6512 -0.2431 1.5177 1.4123 5.2092 -9.6087 -1.5814 6.7673 -5.1970 -0.5179 3.3490 0.0697 0.0000 -0.0000 0.0000 -141.6772 -75.3315 118.7987 23.5176 -34.6500 -7.4305 -0.0000 0.0000 -15.3157 42.8397 24.6385 21.1356 -7.1250 0.0000 -0.0000 16.5967 61.2414 6.6683 0.0000 -0.0000 0.0000 121.6397 50.2291 90.0641 -38.2800 47.0172 -17.1701 0.0000 -0.0000 -51.7690 -55.1077 17.0066 -22.7523 7.1250 -0.0000 -0.0000 -16.8598 -2.8623 -16.7495
9.8914 17.2430 -3.3843 0.0676 -10.7275 2.0382 0.0000 0.0000 0.0000 -14.8740 -11.8899 -29.0631 3.2416 11.0763 32.5375 -0.0630 4.5860 -2.8655 0.3122 -3.5918 -9.9309 0.0000 0.0000 0.0000 22.0219 -5.9829 -9.5341 -3.0754 -10.8161 31.6620 -1.8155 -11.9642 -32.1497 -0.0399 1.2885 -3.5430 -0.1816 -0.0257 12.9034 0.8410 -0.1069 8.7791 0.9879 -0.1068 1.9836 0.0460 4.6714 -9.6586 -0.6127 6.2112 -5.8811 -0.0355 3.1087 -0.2196 0.0000 -0.0000 0.0000 -136.5010 -74.4601 110.1375 20.0764 -30.7343 -5.5703 -0.0000 0.0000 -13.9747 42.6123 25.0746 21.2993 -7.1250 0.0000 -0.0000 16.3292 61.6904 6.7315 0.0000 -0.0000 0.0000 122.1599 48.6623 92.6201 -35.2299 44.9756 -14.9756 0.0000 -0.0000 -55.2217 -52.5378 13.8930 -17.3981 7.1250 -0.0000 -0.0000 -16.2062 -8.5386 -14.2168
9.8427 17.2372 -3.3777 -0.7853 -7.0051 4.8531 0.0000 0.0000 0.0000 -13.4787 -14.5050 -32.0184 3.1523 10.9375 32.0695 -0.0340 3.2681 -1.2659 0.3338 -3.7131 -10.2708 0.0000 0.0000 0.0000 23.7895 -6.8569 -13.2238 -3.2209 -11.0444 32.4298 -1.8126 -12.9399 -32.8818 -0.0399 1.2892 -3.5448 1.2800 0.3915 14.2909 1.0235 0.6171 9.2482 0.2711 0.3180 1.7488 2.3272 3.1806 -12.1824 -3.2340 3.9522 -3.6973 -1.2337 1.8927 1.0070 -0.0000 -0.0000 0.0000 -129.6030 -73.4687 101.8281 17.4176 -27.4049 -4.2778 -0.0000 0.0000 -13.7084 41.9933 26.7625 22.0652 -7.1250 0.0000 -0.0000 15.5872 63.4828 7.0750 -0.0000 -0.0000 0.0000 122.5818 45.4155 91.7785 -33.3143 43.5703 -13.6382 0.0000 -0.0000 -55.2561 -52.6544 14.1611 -17.7767 7.1250 -0.0000 -0.0000 -16.2054 -8.1033 -14.3616
9.7833 17.2443 -3.3131 -0.6539 -4.0362 6.9864 0.0000 0.0000 0.0000 -13.2629 -16.2005 -34.0320 3.0324 10.7472 31.4321 -0.0121 1.9663 -0.4523 0.1691 -2.6492 -7.3035 0.0000 0.0000 0.0000 24.3882 -7.7336 -15.8528 -3.3213 -11.1978 32.9498 -2.0210 -12.7616 -33.9482 -0.0291 1.1014 -3.0280 1.7088 1.0263 15.5789 1.1179 1.5190 10.1487 0.0067 0.7949 2.0537 1.4274 2.2517 -11.9305 -2.6508 2.8230 -4.7329 -0.9514 1.3597 0.5689 0.0000 -0.0000 0.0000 -125.3409 -71.6955 91.0007 14.6229 -23.6182 -3.0733 -0.0000 0.0000 -9.1211 43.2583 25.5270 22.0726 -7.1250 0.0000 -0.0000 17.3011 62.4133 7.4408 0.0000 -0.0000 0.0000 122.5663 44.8159 97.2021 -30.1758 41.0436 -11.5249 0.0000 -0.0000 -62.0103 -53.9516 14.4913 -18.9732 7.1250 -0.0000 -0.0000 -16.8776 -7.0841 -15.3670
9.6901 17.2484 -3.2539 -0.3559 -0.8717 9.1218 0.0000 0.0000 0.0000 -13.1637 -17.6366 -36.0961 2.9060 10.5413 30.7480 0.0033 0.4183 1.0252 0.2520 -3.2302 -8.9203 0.0000 0.0000 0.0000 25.0736 -8.4807 -18.7290 -3.4840 -11.4401 33.7790 -1.9698 -13.8486 -34.4931 -0.0826 1.8538 -5.1017 1.5129 1.5359 16.9436 1.4890 2.1867 11.0732 0.3995 1.1181 2.3324 0.8499 1.2573 -12.2786 -2.4440 1.5721 -4.9555 -0.8387 0.7459 0.5205 0.0000 0.0000 0.0000 -119.1036 -70.9098 79.6262 12.3464 -20.3222 -2.2211 -0.0000 0.0000 -6.2950 42.8593 26.6389 22.5900 -7.1250 0.0000 -0.0000 16.8512 63.5974 7.7099 0.0000 0.0000 0.0000 123.4826 42.6858 100.5764 -27.7113 38.8491 -9.9421 0.0000 -0.0000 -65.0147 -53.6476 16.5943 -21.2085 7.1250 -0.0000 -0.0000 -16.1421 -4.1644 -15.5703
9.5963 17.2262 -3.1688 -0.6332 1.8434 11.0522 0.0000 0.0000 0.0000 -12.3379 -18.5080 -38.5270 2.9272 10.5763 30.8639 0.0048 -1.1128 2.1647 0.1455 -2.4581 -6.7735 0.0000 0.0000 0.0000 26.3071 -9.2841 -21.2768 -3.6629 -11.6977 34.6709 -2.3309 -12.6189 -35.5513 -0.0112 0.6841 -1.8799 2.4805 2.3015 18.8626 1.7011 3.3654 11.6152 -0.1526 1.7564 2.0000 0.4332 0.0356 -11.8163 -1.6946 -0.0030 -5.5156 -0.5944 -0.0204 0.2347 -0.0000 0.0000 0.0000 -112.1231 -68.8033 68.3893 11.1279 -18.4841 -1.8163 -0.0000 0.0000 -3.3216 42.4753 29.6723 24.3813 -7.1250 0.0000 -0.0000 16.4973 66.9749 8.8297 -0.0000 0.0000 0.0000 123.7013 40.4915 103.4974 -25.9629 37.1721 -8.8652 0.0000 -0.0000 -68.8781 -53.9630 17.9606 -22.9696 7.1250 -0.0000 -0.0000 -15.9564 -2.0684 -16.0107
9.4957 17.1771 -3.0583 -0.3692 5.1285 12.8035 0.0000 0.0000 0.0000 -11.9656 -20.2556 -40.7104 3.0420 10.7627 31.4837 -0.0168 -2.8799 2.8921 0.2660 -3.3180 -9.1655 0.0000 0.0000 0.0000 27.3256 -11.0279 -23.4103 -3.6664 -11.7027 34.6883 -2.2117 -13.1446 -35.2883 -0.1104 2.1420 -5.8983 3.3261 2.9210 20.0505 2.1978 4.3378 12.4085 -0.2856 2.2891 2.3295 -0.0860 -1.2720 -11.3109 -1.2888 -1.6936 -6.4778 -0.4320 -0.8487 -0.1635 -0.0000 0.0000 0.0000 -108.3331 -66.9394 59.8369 9.8849 -16.5593 -1.4420 -0.0000 0.0000 -0.8285 42.7031 29.2668 24.2836 -7.1250 0.0000 -0.0000 16.8441 66.5830 8.8691 -0.0000 0.0000 0.0000 123.2905 38.4535 105.2383 -24.8476 36.0478 -8.2000 0.0000 -0.0000 -70.8993 -51.7138 10.4755 -12.9708 7.1250 -0.0000 -0.0000 -16.5929 -13.8332 -12.6992
9.3987 17.1445 -2.9152 0.0239 7.6247 14.3307 0.0000 0.0000 0.0000 -11.7471 -21.5216 -42.3582 3.1296 10.9019 31.9499 -0.0478 -4.1936 3.2330 0.1772 -2.7114 -7.4763 0.0000 0.0000 0.0000 27.9162 -11.3849 -25.0167 -3.7674 -11.8443 35.1835 -2.4983 -13.0518 -36.7369 -0.0860 1.8916 -5.2063 3.7599 3.6075 21.2497 2.3867 5.3319 13.2236 -0.5262 2.8260 2.7007 -0.4002 -2.3248 -11.9272 -0.1132 -3.0344 -6.6902 -0.0686 -1.5075 -0.1207 0.0000 0.0000 0.0000 -103.7070 -64.8556 50.7770 8.8757 -14.9620 -1.1678 -0.0000 -0.0000 1.4754 42.5188 29.0360 23.9911 -7.1250 0.0000 -0.0000 16.5314 66.2623 8.5793 0.0000 0.0000 0.0000 123.2635 37.0872 110.7354 -23.6322 34.7729 -7.4957 0.0000 -0.0000 -76.6521 -50.2043 9.2450 -10.9157 7.1250 -0.0000 -0.0000 -15.9538 -16.0509 -11.3756
9.3006 17.0806 -2.7944 0.6657 10.6361 16.5033 0.0000 0.0000 0.0000 -11.4614 -23.1887 -44.5823 3.2218 11.0458 32.4344 -0.1034 -5.8103 3.3571 0.2668 -3.3226 -9.1781 0.0000 0.0000 0.0000 28.7369 -12.3051 -27.8130 -4.0022 -12.1634 36.3124 -3.1861 -10.8972 -38.7869 -0.0000 0.0228 -0.0628 4.2526 4.0942 21.8523 2.6558 6.0783 13.5851 -0.6626 3.2351 2.8671 -0.8786 -3.7532 -11.4174 1.1403 -4.8643 -8.0009 0.3554 -2.4129 -0.5659 -0.0000 -0.0000 0.0000 -100.7423 -62.9058 42.0514 7.6419 -12.9707 -0.8700 -0.0000 -0.0000 5.9619 42.5685 28.9269 23.9550 -7.1250 0.0000 -0.0000 16.6038 66.1527 8.5761 -0.0000 -0.0000 0.0000 123.4958 34.6228 111.7935 -22.7866 33.8547 -7.0191 0.0000 -0.0000 -77.3078 -49.1906 5.6583 -6.5142 7.1250 -0.0000 -0.0000 -16.1715 -21.4713 -9.5074
9.2170 17.0527 -2.6603 1.1345 13.1707 17.8260 0.0000 0.0000 0.0000 -11.0781 -24.7428 -45.8271 3.3204 11.1965 32.9455 -0.1853 -7.6347 3.4720 0.6805 -5.2743 -14.6926 0.0000 0.0000 0.0000 29.9606 -13.9705 -29.6904 -3.9753 -12.1274 36.1843 -2.8996 -13.1437 -38.8060 -0.1143 2.1800 -6.0035 4.9348 4.5549 22.5537 2.9030 6.8215 14.1840 -0.9147 3.6664 3.2966 -1.3429 -4.6136 -10.8554 2.5495 -5.9162 -8.7945 0.8577 -2.9347 -0.8328 0.0000 0.0000 0.0000 -98.8165 -61.4665 33.1054 6.4904 -11.0775 -0.6300 -0.0000 -0.0000 11.1652 42.6421 29.3339 24.2825 -7.1250 0.0000 -0.0000 16.7496 66.6408 8.8403 0.0000 0.0000 0.0000 123.5598 32.3051 111.2628 -22.3556 33.3766 -6.7805 0.0000 -0.0000 -77.8885 -47.7798 4.4270 -4.8623 7.1250 -0.0000 -0.0000 -15.4905 -23.4374 -8.3497
9.1283 17.0425 -2.5277 1.3952 15.4709 18.9949 0.0000 0.0000 0.0000 -10.7784 -25.7393 -47.0141 3.3708 11.2725 33.2044 -0.2747 -9.2459 3.4467 1.0382 -6.4804 -18.1848 0.0000 0.0000 0.0000 31.1725 -14.9452 -31.0136 -3.9564 -12.1022 36.0945 -3.2439 -12.8196 -40.2307 -0.0056 0.4852 -1.3331 5.3541 5.0161 23.0869 3.3077 7.5226 14.5388 -0.8541 4.0431 3.4851 -0.9472 -5.3940 -10.9004 2.4589 -7.0116 -8.9412 0.7378 -3.5016 -0.8711 -0.0000 -0.0000 0.0000 -96.2009 -59.6243 26.9996 5.6074 -9.6057 -0.4715 -0.0000 -0.0000 13.7040 42.4295 26.9146 22.4780 -7.1250 0.0000 -0.0000 16.2398 63.7896 7.4955 -0.0000 -0.0000 0.0000 123.4125 31.0075 113.8570 -22.0186 32.9980 -6.5960 0.0000 -0.0000 -80.5877 -46.1148 0.0047 -0.0049 7.1250 -0.0000 -0.0000 -15.2667 -29.7833 -5.8556
9.0648 17.0586 -2.4160 2.3117 17.1135 20.2495 0.0000 0.0000 0.0000 -10.6582 -27.3423 -47.7723 3.4068 11.3262 33.3881 -0.2621 -9.0456 3.8292 0.6808 -5.2756 -14.6964 0.0000 0.0000 0.0000 31.5634 -16.3138 -32.3363 -3.8341 -11.9363 35.5071 -3.2263 -12.9256 -40.2154 -0.0186 0.8805 -2.4201 5.1941 5.3828 23.7099 3.4644 8.0092 14.6622 -0.7416 4.2731 3.3056 -2.3832 -6.1779 -10.1286 4.2854 -7.8496 -9.5537 1.5541 -3.8980 -1.0408 -0.0000 -0.0000 0.0000 -94.8744 -57.3696 26.5183 5.8594 -10.0274 -0.5145 -0.0000 -0.0000 11.4214 42.7791 27.7837 23.3320 -7.1250 0.0000 -0.0000 16.8432 64.9022 8.2175 -0.0000 -0.0000 0.0000 123.0079 29.4014 114.4500 -22.3855 33.4099 -6.7969 0.0000 -0.0000 -80.8268 -45.1395 -2.7032 2.7134 7.1250 -0.0000 -0.0000 -15.0732 -33.5137 -4.3747
9.0319 17.0163 -2.3193 2.5021 18.6533 21.2583 0.0000 0.0000 0.0000 -10.1015 -28.7929 -48.7645 3.4828 11.4384 33.7731 -0.1524 -7.0628 4.1664 0.1048 -2.0875 -5.7476 0.0000 0.0000 0.0000 32.3891 -17.0342 -33.2255 -3.7442 -11.8120 35.0703 -3.2537 -13.1054 -40.4560 -0.0165 0.8286 -2.2772 5.9127 5.5457 23.6219 3.5666 8.3472 14.8402 -1.0475 4.5024 3.6713 -2.4612 -6.5431 -10.2196 4.0261 -8.3461 -9.5512 1.4671 -4.1440 -1.0192 -0.0000 0.0000 0.0000 -94.1737 -55.9712 25.9209 6.0432 -10.3342 -0.5470 -0.0000 -0.0000 10.3801 43.6067 27.3117 23.6073 -7.1250 0.0000 -0.0000 18.0662 64.6071 8.7084 -0.0000 0.0000 0.0000 122.7793 28.2670 113.7630 -22.4723 33.5066 -6.8447 0.0000 -0.0000 -81.4848 -45.1579 -2.9459 2.9583 7.1250 -0.0000 -0.0000 -15.1381 -33.8463 -4.2683
8.9988 17.0220 -2.2334 2.1602 19.7740 21.4887 0.0000 0.0000 0.0000 -9.3549 -29.5869 -48.9457 3.5441 11.5277 34.0811 -0.0930 -5.7503 4.2070 0.0115 -0.6939 -1.9068 0.0000 0.0000 0.0000 33.4188 -17.6276 -33.0718 -3.5644 -11.5571 34.1825 -3.2713 -13.0790 -40.5208 -0.0826 1.8535 -5.1011 6.4860 5.6064 23.8329 3.7372 8.5538 14.8266 -1.2304 4.6371 3.6369 -2.4987 -6.5810 -10.1647 3.7051 -8.4128 -9.3710 1.3678 -4.1736 -0.9820 -0.0000 -0.0000 0.0000 -93.8196 -54.6991 25.4073 6.2706 -10.7127 -0.5885 -0.0000 -0.0000 9.4271 42.7371 25.9235 21.9955 -7.1250 0.0000 -0.0000 16.5965 62.7248 7.2504 -0.0000 -0.0000 0.0000 122.2915 27.3554 114.3703 -22.6649 33.7203 -6.9514 0.0000 -0.0000 -82.5353 -46.8518 -3.1719 3.3782 7.1250 -0.0000 -0.0000 -16.5660 -34.2260 -4.5406
8.9662 17.0353 -2.1724 2.0516 20.2976 21.5665 0.0000 0.0000 0.0000 -9.3264 -29.8536 -49.2789 3.6386 11.6633 34.5509 -0.0809 -5.2749 3.5865 0.0380 -1.2588 -3.4612 0.0000 0.0000 0.0000 33.9087 -17.9253 -32.4493 -3.3085 -11.1784 32.8839 -3.0565 -13.7811 -39.9766 -0.1643 2.6114 -7.1985 6.7306 5.7581 23.8975 3.5528 8.7958 14.8893 -1.5946 4.7922 3.7719 -1.8967 -6.5543 -9.9928 3.2240 -8.4511 -9.6764 1.1352 -4.2099 -1.1521 0.0000 -0.0000 0.0000 -93.4199 -53.9389 28.7672 6.8737 -11.7112 -0.7058 -0.0000 -0.0000 5.3181 41.8311 26.9725 22.0959 -7.1250 0.0000 -0.0000 15.3619 63.6781 7.0404 0.0000 -0.0000 0.0000 121.9012 27.4153 115.6599 -22.7722 33.8388 -7.0110 0.0000 -0.0000 -82.6783 -51.2247 -1.2512 1.5570 7.1250 -0.0000 -0.0000 -19.5210 -31.5492 -6.7721
8.9543 17.0480 -2.1190 2.3318 20.6804 21.8083 0.0000 0.0000 0.0000 -9.3803 -30.6817 -49.4347 3.7785 11.8596 35.2371 -0.0800 -5.0766 2.7293 0.1681 -2.6414 -7.2819 0.0000 0.0000 0.0000 33.8014 -18.1413 -32.1928 -3.2039 -11.0181 32.3409 -2.9986 -13.7572 -39.6887 -0.2063 2.9242 -8.0677 6.4421 5.6882 23.8657 3.2553 8.6673 14.6194 -1.7594 4.7118 3.4666 -2.3577 -6.3965 -9.6954 3.8994 -8.1645 -9.6973 1.4389 -4.0551 -1.1643 0.0000 0.0000 0.0000 -93.6421 -53.4947 29.1291 7.4082 -12.5890 -0.8183 -0.0000 -0.0000 4.3723 41.1669 26.3837 21.2347 -7.1250 0.0000 -0.0000 14.3823 62.7995 6.2856 0.0000 0.0000 0.0000 121.4465 27.3572 116.4355 -22.8080 33.8781 -7.0310 0.0000 -0.0000 -83.0590 -51.1354 0.5380 -0.6675 7.1250 -0.0000 -0.0000 -18.9169 -28.8559 -7.8341
8.9542 17.0576 -2.0886 1.5747 20.7249 21.2988 0.0000 0.0000 0.0000 -9.0041 -30.3173 -49.3450 3.9306 12.0675 35.9711 -0.0493 -4.1617 2.9607 0.1441 -2.4464 -6.7411 0.0000 0.0000 0.0000 34.4392 -18.3174 -31.4998 -3.1146 -10.8784 31.8708 -2.9315 -13.4933 -39.1927 -0.1664 2.6282 -7.2452 6.7032 5.5332 23.7302 3.1587 8.5086 14.6350 -1.9544 4.6591 3.5982 -2.7618 -6.2348 -9.8900 3.9455 -7.8925 -9.9918 1.5285 -3.9003 -1.2177 -0.0000 0.0000 0.0000 -94.7188 -54.1892 29.2614 7.5889 -12.8843 -0.8581 -0.0000 -0.0000 4.6013 40.5942 25.3476 20.1460 -7.1250 0.0000 -0.0000 13.5661 61.4299 5.4830 -0.0000 0.0000 0.0000 121.0595 27.9981 116.7924 -22.7393 33.8025 -6.9927 0.0000 -0.0000 -82.1506 -51.2821 0.0644 -0.0804 7.1250 -0.0000 -0.0000 -19.1665 -29.5649 -7.6045
8.9667 17.0904 -2.0731 1.5814 20.7858 20.8290 0.0000 0.0000 0.0000 -9.5841 -30.2229 -48.3960 3.8885 12.0105 35.7691 -0.0554 -4.2402 2.3605 0.1257 -2.2855 -6.2955 0.0000 0.0000 0.0000 34.0665 -18.7534 -31.1201 -3.1597 -10.9492 32.1089 -2.9267 -13.0543 -38.8782 -0.1116 2.1544 -5.9326 6.8532 5.1135 24.1386 2.6517 8.0484 14.2328 -2.5749 4.4402 3.0095 -3.3736 -5.9852 -9.5129 4.3362 -7.4886 -10.0608 1.7810 -3.6795 -1.2753 0.0000 -0.0000 0.0000 -95.2868 -54.5594 31.2632 7.9161 -13.4168 -0.9326 -0.0000 -0.0000 2.7692 41.7643 24.8041 20.5370 -7.1250 0.0000 -0.0000 15.1329 61.1272 6.0230 0.0000 -0.0000 0.0000 121.1136 28.2005 113.4989 -22.6193 33.6699 -6.9261 0.0000 -0.0000 -79.5377 -45.8137 -4.8658 4.9874 7.1250 -0.0000 -0.0000 -16.0906 -36.5121 -3.4700
8.9899 17.1267 -2.0774 1.6781 20.2434 20.5816 0.0000 0.0000 0.0000 -10.0726 -30.0037 -48.0866 3.8543 11.9639 35.6044 -0.0109 -2.9918 3.5897 0.0598 -1.5785 -4.3420 0.0000 0.0000 0.0000 33.5438 -18.8845 -30.5957 -3.1085 -10.8686 31.8380 -2.7146 -12.9580 -37.7709 -0.1354 2.3716 -6.5339 6.1649 4.8680 23.7936 2.3282 7.5869 14.0211 -2.4513 4.1710 2.8300 -3.8485 -5.5710 -9.8093 4.1121 -6.8955 -9.6099 1.7855 -3.3571 -1.0971 -0.0000 0.0000 0.0000 -95.8909 -55.1958 33.3482 8.4185 -14.2290 -1.0526 -0.0000 -0.0000 1.2751 42.0221 24.8965 20.7740 -7.1250 0.0000 -0.0000 15.4931 61.3098 6.2375 -0.0000 0.0000 0.0000 120.9309 28.9112 113.1699 -21.8893 32.8517 -6.5257 0.0000 -0.0000 -78.5289 -46.9005 0.5880 -0.6284 7.1250 -0.0000 -0.0000 -15.7340 -28.9450 -6.3748
9.0382 17.1452 -2.0681 0.3712 18.9614 19.8093 0.0000 0.0000 0.0000 -8.9174 -29.2692 -47.6214 3.9334 12.0712 35.9844 -0.0270 -2.9598 1.6401 0.1831 -2.7560 -7.6003 0.0000 0.0000 0.0000 33.9734 -18.2618 -29.3556 -3.0109 -10.7128 31.3171 -2.6269 -12.5495 -37.0514 -0.1310 2.3327 -6.4260 6.1521 4.7282 23.0114 2.0708 7.3384 14.0392 -2.5932 4.0638 3.2414 -3.5597 -4.8785 -10.0584 3.7052 -5.9773 -10.2037 1.6387 -2.8917 -1.3044 0.0000 0.0000 0.0000 -96.3650 -56.3752 35.1302 9.1724 -15.4348 -1.2456 -0.0000 0.0000 -0.7758 42.4491 25.2135 21.2886 -7.1250 0.0000 -0.0000 16.1146 61.8065 6.6848 0.0000 0.0000 0.0000 120.9234 30.7208 114.6465 -22.0052 32.9829 -6.5887 0.0000 -0.0000 -75.9640 -46.9910 -1.9140 2.0506 7.1250 -0.0000 -0.0000 -16.3823 -32.4660 -5.2142
9.0850 17.1651 -2.0789 0.3500 17.6437 19.5140 0.0000 0.0000 0.0000 -9.1972 -28.7727 -46.9475 3.8842 12.0047 35.7485 -0.0189 -2.4522 1.1764 0.1983 -2.8673 -7.9095 0.0000 0.0000 0.0000 33.2621 -17.6538 -28.5346 -2.9605 -10.6308 31.0446 -2.5000 -12.8915 -36.6337 -0.1581 2.5617 -7.0608 4.9732 4.4007 22.2019 1.6724 6.6684 13.6023 -2.2228 3.6501 2.9675 -5.7546 -4.5032 -10.3193 5.0989 -5.1972 -9.6985 2.4866 -2.4303 -1.0320 0.0000 -0.0000 0.0000 -96.5538 -57.1171 35.9775 9.6138 -16.1332 -1.3657 -0.0000 0.0000 -3.5597 43.2374 24.4718 21.2815 -7.1250 0.0000 -0.0000 17.1279 61.1592 6.8553 0.0000 -0.0000 0.0000 120.7985 31.3047 113.4816 -21.2204 32.0847 -6.1666 0.0000 -0.0000 -75.5331 -44.7866 0.6911 -0.6860 7.1250 -0.0000 -0.0000 -14.1117 -28.8723 -5.7023
9.1486 17.1857 -2.0971 -0.3668 16.2525 18.5579 0.0000 0.0000 0.0000 -8.9613 -27.9765 -46.0869 3.9242 12.0588 35.9404 -0.0064 -1.5103 1.1101 0.1154 -2.1898 -6.0304 0.0000 0.0000 0.0000 33.0731 -17.2776 -27.1010 -2.8500 -10.4482 30.4407 -2.3250 -13.2365 -35.9626 -0.1625 2.5970 -7.1588 4.9996 4.1440 21.9328 1.0096 6.3247 13.0948 -2.8933 3.4847 2.5892 -4.0321 -3.7536 -9.6832 3.6734 -4.4168 -10.7785 1.7703 -2.0828 -1.5991 -0.0000 0.0000 0.0000 -97.0011 -58.1098 37.6163 10.1397 -16.9578 -1.5154 -0.0000 0.0000 -5.4771 42.2595 24.4587 20.6168 -7.1250 0.0000 -0.0000 15.7793 60.8616 6.1878 -0.0000 0.0000 0.0000 121.1458 32.5064 113.2817 -20.8460 31.6482 -5.9689 0.0000 -0.0000 -71.5456 -46.3754 0.9771 -1.0251 7.1250 -0.0000 -0.0000 -15.2517 -28.4190 -6.3637
9.2313 17.1969 -2.1173 -0.3804 14.8570 17.8916 0.0000 0.0000 0.0000 -9.5775 -27.3568 -45.3366 3.9485 12.0916 36.0567 -0.0117 -1.9171 0.7679 0.3593 -3.8506 -10.6566 0.0000 0.0000 0.0000 32.3754 -17.6029 -26.2872 -2.7669 -10.3078 29.9792 -2.1556 -13.4757 -35.2300 -0.1563 2.5477 -7.0218 3.8852 3.6906 21.0162 0.6059 5.5155 12.5883 -2.5285 3.0114 2.3208 -4.3668 -3.2010 -9.5593 3.6218 -3.6396 -11.3853 1.8429 -1.6733 -1.8452 -0.0000 -0.0000 0.0000 -96.8836 -58.7338 38.5849 10.8396 -18.0420 -1.7259 -0.0000 0.0000 -9.2074 43.5418 22.8890 20.2862 -7.1250 0.0000 -0.0000 17.3066 59.3546 6.1822 -0.0000 -0.0000 0.0000 120.6037 32.9131 112.1815 -21.2864 32.1612 -6.2017 0.0000 -0.0000 -68.2492 -46.0003 2.3140 -2.3942 7.1250 -0.0000 -0.0000 -14.6838 -26.5761 -6.7732
9.2935 17.2328 -2.1372 -0.7047 13.2296 16.5204 0.0000 0.0000 0.0000 -10.3008 -26.1732 -43.7359 3.9609 12.1082 36.1157 -0.0087 -1.7275 0.1123 0.6242 -5.0556 -14.0672 0.0000 0.0000 0.0000 31.7416 -17.7247 -24.5535 -2.6694 -10.1395 29.4298 -2.2789 -13.0041 -35.5481 -0.0226 0.9699 -2.6661 2.8581 3.4973 20.2518 0.3735 5.0695 12.4000 -2.0857 2.7326 2.3779 -4.2908 -2.5740 -9.9522 3.1062 -2.8054 -11.7738 1.6766 -1.2403 -1.9509 -0.0000 0.0000 0.0000 -96.7980 -60.1429 40.4229 11.7659 -19.4526 -2.0236 -0.0000 0.0000 -12.5517 43.0758 26.2624 22.4758 -7.1250 0.0000 -0.0000 17.1285 63.2224 7.6901 -0.0000 0.0000 0.0000 120.1295 34.9344 113.4907 -21.3310 32.2127 -6.2255 0.0000 -0.0000 -67.7073 -48.7841 5.8749 -6.6651 7.1250 -0.0000 -0.0000 -15.8421 -21.2226 -9.3913
9.3818 17.2304 -2.1677 -1.9158 11.2122 15.3432 0.0000 0.0000 0.0000 -9.9073 -24.5213 -42.6931 3.9823 12.1368 36.2177 0.0020 -1.2015 -1.1002 0.5916 -4.9244 -13.6931 0.0000 0.0000 0.0000 32.0671 -17.4916 -23.4221 -2.6821 -10.1617 29.5020 -2.2563 -12.9753 -35.4056 -0.0619 1.6052 -4.4156 3.0893 3.4328 18.9105 0.0351 4.9730 12.0585 -2.4774 2.7031 2.7235 -4.0127 -2.0399 -9.9650 2.8543 -2.1148 -12.3123 1.5656 -0.8948 -2.1586 -0.0000 -0.0000 0.0000 -96.6458 -61.0998 44.3732 13.0120 -21.3049 -2.4577 -0.0000 0.0000 -17.1470 43.9351 27.7033 24.1289 -7.1250 0.0000 -0.0000 18.6389 65.1626 9.2330 -0.0000 -0.0000 0.0000 119.8407 36.8081 112.6875 -21.2240 32.0889 -6.1685 0.0000 -0.0000 -64.0194 -46.5762 4.7366 -4.9863 7.1250 -0.0000 -0.0000 -14.5751 -23.1453 -7.9241
9.4627 17.2272 -2.2253 -2.2858 9.5043 14.1659 0.0000 0.0000 0.0000 -10.6013 -23.0119 -41.4262 3.9373 12.0765 36.0032 0.0058 -0.7645 -1.3701 0.7493 -5.5290 -15.4238 0.0000 0.0000 0.0000 31.6780 -17.1538 -22.1592 -2.6739 -10.1475 29.4556 -2.2027 -13.2215 -35.2965 -0.0004 0.1241 -0.3410 2.4761 3.2153 18.3196 -0.2172 4.5832 11.2838 -2.3413 2.4565 2.1119 -4.0949 -1.6252 -10.2599 2.8127 -1.5460 -12.1151 1.5692 -0.6059 -2.0650 -0.0000 0.0000 0.0000 -96.3389 -61.4309 45.6735 14.5303 -23.4877 -3.0363 -0.0000 0.0000 -20.8722 48.2099 26.8997 26.8481 -7.1250 0.0000 -0.0000 25.4797 65.5526 13.0280 -0.0000 0.0000 0.0000 119.3846 38.0988 111.9289 -21.1120 31.9588 -6.1091 0.0000 -0.0000 -61.6753 -47.7453 6.8385 -7.4669 7.1250 -0.0000 -0.0000 -14.9115 -20.0194 -9.2196
9.5438 17.2865 -2.2521 -2.1661 7.8058 13.1565 0.0000 0.0000 0.0000 -11.5476 -22.0769 -39.5431 3.7500 11.8201 35.0985 0.0078 0.6685 -2.0575 0.1682 -2.6424 -7.2847 0.0000 0.0000 0.0000 30.7997 -17.2011 -21.2375 -2.6343 -10.0781 29.2300 -1.9961 -14.6997 -35.3117 -0.0213 0.9423 -2.5901 1.6176 3.0368 16.5778 -0.6534 4.2064 10.8403 -2.1757 2.2342 2.4658 -3.5017 -1.1673 -9.6792 2.2613 -1.0355 -13.0010 1.3091 -0.3642 -2.4794 -0.0000 0.0000 0.0000 -95.6095 -62.6859 47.5580 16.3096 -25.9387 -3.7804 -0.0000 0.0000 -24.7211 46.1054 26.8110 25.1171 -7.1250 0.0000 -0.0000 21.9179 64.7903 10.7362 -0.0000 0.0000 0.0000 119.3448 39.9228 110.8639 -21.3541 32.2393 -6.2378 0.0000 -0.0000 -57.0460 -48.1862 6.1483 -6.8275 7.1250 -0.0000 -0.0000 -15.3701 -20.9264 -9.1974
9.6016 17.3120 -2.3204 -2.0188 5.9176 11.5575 0.0000 0.0000 0.0000 -12.6868 -20.4311 -37.5511 3.6194 11.6359 34.4558 0.0071 1.0620 -2.3405 0.1593 -2.5715 -7.0878 0.0000 0.0000 0.0000 29.8981 -17.0645 -19.2339 -2.4892 -9.8183 28.3902 -1.8793 -15.7169 -35.5111 -0.0262 1.0446 -2.8716 0.5055 2.9666 15.9292 -0.8224 3.9639 10.2967 -1.6829 2.0502 2.1320 -3.2412 -0.7614 -10.0675 1.3624 -0.5750 -12.9142 0.9735 -0.1294 -2.3990 0.0000 0.0000 0.0000 -94.5283 -63.5790 48.3280 18.5962 -28.9138 -4.8340 -0.0000 0.0000 -28.0638 46.1180 25.8642 24.3993 -7.1250 0.0000 -0.0000 21.6645 63.6767 10.0458 0.0000 0.0000 0.0000 118.7367 41.8687 110.4380 -21.6297 32.5559 -6.3854 0.0000 -0.0000 -53.1744 -49.1912 7.8141 -8.9484 7.1250 -0.0000 -0.0000 -15.6469 -18.3532 -10.3158
9.6634 17.3394 -2.3853 -2.3320 4.2246 9.8968 0.0000 0.0000 0.0000 -13.2753 -18.8169 -35.6241 3.5426 11.5254 34.0731 0.0101 1.1476 -2.6729 0.3026 -3.5368 -9.7770 0.0000 0.0000 0.0000 29.5681 -17.6130 -17.1808 -2.2778 -9.4222 27.1250 -1.6876 -16.7118 -35.3271 -0.0069 0.5370 -1.4756 0.5634 2.9510 15.0260 -1.0708 3.9434 9.6120 -1.9441 2.0404 1.8885 -3.9631 -0.6212 -11.0281 2.1398 -0.2423 -11.7332 1.3401 0.0472 -1.8599 0.0000 -0.0000 0.0000 -94.0007 -64.4407 49.6407 21.1929 -32.0528 -6.1520 -0.0000 0.0000 -31.1444 45.3685 23.8670 22.2864 -7.1250 0.0000 -0.0000 20.0188 61.0630 8.0162 0.0000 -0.0000 0.0000 118.3461 43.9732 109.0803 -21.9845 32.9595 -6.5774 0.0000 -0.0000 -49.2345 -48.9238 8.7747 -9.9272 7.1250 -0.0000 -0.0000 -15.2415 -17.0329 -10.4887
9.7177 17.3388 -2.4728 -2.6297 2.2890 8.4267 0.0000 0.0000 0.0000 -13.5782 -17.3426 -34.1253 3.4875 11.4452 33.7966 0.0083 1.6656 -3.0770 0.3677 -3.8951 -10.7817 0.0000 0.0000 0.0000 29.0632 -17.2359 -15.0003 -2.1078 -9.0870 26.0679 -1.7132 -16.6794 -35.4382 -0.0043 -0.4227 1.1616 0.5249 3.0695 14.0690 -1.2760 4.0864 8.7668 -2.1274 2.1037 1.5074 -2.9547 -0.3831 -11.0696 1.2928 -0.0854 -11.2924 0.8947 0.0873 -1.7084 0.0000 -0.0000 0.0000 -92.6150 -65.7510 50.3670 23.8603 -35.0162 -7.6263 -0.0000 0.0000 -34.2750 45.0492 25.6871 23.4706 -7.1250 0.0000 -0.0000 19.9741 63.1399 8.9782 0.0000 -0.0000 0.0000 118.1965 46.2940 107.7659 -22.2603 33.2700 -6.7281 0.0000 -0.0000 -44.7268 -48.7537 9.8302 -11.0178 7.1250 -0.0000 -0.0000 -14.8815 -15.5709 -10.7132
9.7730 17.3680 -2.5720 -1.5461 0.4103 6.8319 0.0000 0.0000 0.0000 -15.3376 -16.3533 -31.9573 3.3254 11.2041 32.9712 -0.0129 2.8721 -3.2272 0.4382 -4.2478 -11.7748 0.0000 0.0000 0.0000 26.7713 -16.1451 -12.3330 -1.9488 -8.7586 25.0429 -1.4962 -17.3259 -34.8297 -0.0140 0.7629 -2.0966 -0.5055 3.1916 13.0602 -1.6314 4.1386 8.1927 -1.8881 2.0937 1.3885 -3.4306 -0.2284 -11.4524 1.4187 0.1825 -10.9934 1.0191 0.2350 -1.5586 -0.0000 0.0000 0.0000 -92.4451 -67.3966 49.2528 26.1781 -37.3841 -8.9956 -0.0000 0.0000 -32.0195 35.6215 26.6227 17.8004 -7.1250 0.0000 -0.0000 6.8988 61.5090 2.7798 -0.0000 0.0000 0.0000 117.6582 49.0251 107.2407 -22.7891 33.8574 -7.0204 0.0000 -0.0000 -40.8161 -47.6899 8.9583 -9.7076 7.1250 -0.0000 -0.0000 -14.3921 -17.0449 -9.8594
9.8099 17.3611 -2.6738 -2.3969 -1.5220 4.8947 0.0000 0.0000 0.0000 -14.7660 -15.0569 -30.0971 3.3068 11.1759 32.8754 -0.0273 3.7940 -3.9505 0.4320 -4.2180 -11.6907 0.0000 0.0000 0.0000 26.6296 -15.3550 -9.1700 -1.7695 -8.3685 23.8391 -1.5596 -16.6729 -34.5837 -0.0006 0.1614 -0.4434 0.2790 3.2617 12.5290 -1.4721 4.3074 7.4728 -2.1712 2.1940 0.9612 -3.2273 0.0623 -11.1041 1.4571 0.5336 -11.0037 1.0039 0.3982 -1.6257 0.0000 -0.0000 0.0000 -90.3949 -68.2114 49.0706 30.5305 -41.3438 -11.7585 -0.0000 0.0000 -39.5909 45.7474 22.3103 21.2888 -7.1250 0.0000 -0.0000 20.1614 59.2863 7.2173 0.0000 -0.0000 0.0000 117.9059 51.6223 107.0906 -23.2185 34.3268 -7.2611 0.0000 -0.0000 -36.5423 -47.4155 10.2900 -10.9991 7.1250 -0.0000 -0.0000 -13.9129 -15.2502 -10.0692
9.8440 17.3644 -2.7973 -2.8401 -3.3550 3.1711 0.0000 0.0000 0.0000 -14.4623 -14.1214 -28.4855 3.3199 11.1958 32.9431 -0.0547 4.8240 -4.3878 0.4757 -4.4234 -12.2710 0.0000 0.0000 0.0000 26.3309 -15.0825 -6.8649 -1.6179 -8.0201 22.7751 -1.2704 -16.8900 -33.1177 -0.0304 1.1258 -3.0950 0.9180 3.3574 11.7214 -1.4057 4.4979 6.9335 -2.4455 2.3028 0.8793 -3.1549 0.3913 -11.9135 1.7607 0.9938 -9.7901 1.0976 0.6162 -1.1192 -0.0000 0.0000 0.0000 -88.0126 -70.1866 46.9475 33.5647 -43.7596 -13.8111 -0.0000 0.0000 -40.3455 46.3099 23.6310 22.7631 -7.1250 0.0000 -0.0000 21.3112 61.0599 8.5586 -0.0000 0.0000 0.0000 119.1900 54.6679 106.9356 -23.3265 34.4439 -7.3221 0.0000 -0.0000 -33.3525 -45.8720 12.0156 -12.1127 7.1250 -0.0000 -0.0000 -12.5419 -13.2716 -9.5647
9.8844 17.3393 -2.8872 -2.3814 -5.0706 1.5745 0.0000 0.0000 0.0000 -15.2350 -13.3180 -26.8784 3.3319 11.2138 33.0044 -0.0978 6.1759 -5.1697 0.3098 -3.5781 -9.8927 0.0000 0.0000 0.0000 25.0845 -14.7540 -4.9929 -1.5863 -7.9452 22.5477 -1.3961 -15.8096 -32.8486 -0.0003 0.1088 -0.2991 0.7286 3.5388 10.5112 -1.4093 4.7230 6.2939 -2.3082 2.4052 0.8574 -2.7389 0.7864 -11.9203 1.7727 1.4628 -9.1444 1.0429 0.8313 -0.9215 -0.0000 0.0000 0.0000 -84.5846 -71.8386 44.4197 37.1261 -46.2720 -16.3311 -0.0000 0.0000 -43.0349 47.8388 22.8883 23.2446 -7.1250 0.0000 -0.0000 23.2959 60.6188 9.1584 -0.0000 0.0000 0.0000 120.0529 57.5285 107.5257 -23.5744 34.7110 -7.4628 0.0000 -0.0000 -30.0290 -45.7313 14.5722 -14.4725 7.1250 -0.0000 -0.0000 -11.9015 -9.8960 -9.9008
9.8922 17.3369 -2.9888 -2.8330 -6.5001 -0.1304 0.0000 0.0000 0.0000 -14.8210 -12.1613 -25.1394 3.2901 11.1504 32.7889 -0.1164 6.4841 -4.8878 0.3094 -3.5759 -9.8863 0.0000 0.0000 0.0000 25.1885 -14.0308 -2.5004 -1.4646 -7.6484 21.6511 -1.3627 -15.7693 -32.6108 -0.0001 -0.0492 0.1352 1.5302 3.6268 9.5864 -1.2139 4.9068 5.8244 -2.5200 2.5131 0.9293 -2.7360 0.8863 -12.3319 2.1811 1.6013 -8.0269 1.1837 0.8965 -0.5085 0.0000 -0.0000 0.0000 -79.3325 -73.7016 39.6329 41.0638 -48.6877 -19.2345 -0.0000 0.0000 -45.5522 47.0439 24.3396 23.8766 -7.1250 0.0000 -0.0000 22.6176 62.1393 9.6932 0.0000 -0.0000 0.0000 121.6724 60.4927 108.9473 -23.9253 35.0852 -7.6636 0.0000 -0.0000 -25.6225 -46.0289 16.2212 -16.1491 7.1250 -0.0000 -0.0000 -11.7213 -7.6301 -10.2845
9.8809 17.3349 -3.0998 -2.4028 -7.7120 -1.8361 0.0000 0.0000 0.0000 -15.2209 -10.8565 -23.5953 3.2325 11.0622 32.4901 -0.1233 6.5695 -4.6696 0.1944 -2.8393 -7.8317 0.0000 0.0000 0.0000 24.4333 -13.5490 -0.4027 -1.3847 -7.4457 21.0428 -1.2281 -16.0797 -32.0832 -0.0037 -0.3918 1.0766 1.4988 3.8167 9.3528 -1.4207 5.1553 4.9553 -2.7568 2.6233 0.1824 -2.6190 1.0705 -12.3182 3.0040 1.8330 -7.0140 1.4409 1.0115 -0.1995 0.0000 -0.0000 0.0000 -74.5072 -74.2688 35.2186 45.8838 -51.1942 -22.9254 -0.0000 0.0000 -46.6590 47.2169 21.8899 21.9421 -7.1250 0.0000 -0.0000 22.0655 59.2024 7.8944 0.0000 -0.0000 0.0000 123.8481 63.5043 112.0932 -24.4155 35.6006 -7.9472 0.0000 -0.0000 -24.2205 -46.1309 16.2345 -16.2159 7.1250 -0.0000 -0.0000 -11.7808 -7.5797 -10.3509
9.8687 17.3407 -3.1605 -1.8301 -8.3497 -3.4371 0.0000 0.0000 0.0000 -15.7062 -10.2972 -21.9556 3.1700 10.9652 32.1627 -0.1007 5.7847 -3.5816 0.5285 -4.6585 -12.9372 0.0000 0.0000 0.0000 23.4955 -13.5414 1.5047 -1.3187 -7.2732 20.5274 -1.3134 -15.4059 -31.9743 -0.0183 -0.8736 2.4010 1.4743 3.9096 8.6799 -1.6956 5.2739 4.3419 -3.0115 2.6782 -0.0551 -2.4134 1.0905 -13.0364 3.7093 1.8255 -5.7772 1.6532 1.0188 0.3115 0.0000 -0.0000 0.0000 -68.0730 -75.7005 29.0418 50.1075 -53.0387 -26.2600 -0.0000 0.0000 -48.0452 47.5446 19.8288 20.3429 -7.1250 0.0000 -0.0000 21.8371 56.7249 6.4892 0.0000 -0.0000 0.0000 126.8416 65.9989 114.3923 -24.9422 36.1449 -8.2558 0.0000 -0.0000 -21.6966 -46.6165 18.9017 -18.9197 7.1250 -0.0000 -0.0000 -11.4613 -3.9326 -10.8720
9.8570 17.3321 -3.2504 -2.4219 -9.2488 -4.9213 0.0000 0.0000 0.0000 -14.2886 -10.7623 -20.2897 3.2295 11.0577 32.4746 -0.0829 5.1687 -2.7865 0.3314 -3.6995 -10.2328 0.0000 0.0000 0.0000 23.9545 -13.5865 3.5387 -1.1843 -6.9064 19.4384 -1.1043 -15.9277 -31.1588 -0.0140 -0.7642 2.1002 2.8329 4.1127 8.6889 -1.6416 5.6537 3.7542 -3.7659 2.8728 -0.5154 -2.4778 1.0483 -13.4391 4.2998 1.7601 -4.8806 1.8710 1.0041 0.6691 -0.0000 0.0000 0.0000 -61.4854 -77.0879 22.1405 54.9344 -54.8016 -30.1624 -0.0000 0.0000 -48.9898 47.0500 19.2452 19.4983 -7.1250 0.0000 -0.0000 21.0187 55.8473 5.7765 -0.0000 0.0000 0.0000 130.2454 68.7382 118.0095 -25.5312 36.7421 -8.6057 0.0000 -0.0000 -18.1930 -48.2076 19.8158 -20.7692 7.1250 -0.0000 -0.0000 -12.1759 -2.1301 -11.9919
9.8303 17.3591 -3.2931 -2.4924 -10.1530 -5.6237 0.0000 0.0000 0.0000 -13.3832 -11.2136 -19.6398 3.3982 11.3134 33.3441 -0.0377 3.7158 -2.8403 0.5533 -4.7650 -13.2395 0.0000 0.0000 0.0000 24.0380 -13.3431 5.2054 -0.9910 -6.3359 17.7622 -0.9620 -16.0318 -30.3373 -0.0198 -0.9084 2.4967 3.4518 4.3639 7.5443 -1.7871 6.0159 2.8487 -4.2292 3.0441 -0.7120 -3.0244 1.0103 -12.4802 5.4382 1.7794 -5.1083 2.3295 1.0276 0.4287 -0.0000 0.0000 0.0000 -55.4237 -77.1323 15.4323 60.4385 -56.4256 -34.7062 -0.0000 0.0000 -49.0459 47.2478 19.1433 19.5310 -7.1250 0.0000 -0.0000 21.2383 55.7736 5.8022 -0.0000 0.0000 0.0000 134.8845 70.4165 122.2523 -26.3210 37.5240 -9.0825 0.0000 -0.0000 -15.9037 -48.3635 20.2952 -21.3145 7.1250 -0.0000 -0.0000 -12.1477 -1.4423 -12.1158
9.8038 17.3490 -3.3328 -0.8893 -10.7849 -7.1339 0.0000 0.0000 0.0000 -14.5553 -11.8452 -17.4177 3.2892 11.1491 32.7844 -0.0092 2.1644 -2.2155 1.0299 -6.4554 -18.1117 0.0000 0.0000 0.0000 22.1139 -13.2878 6.5876 -1.0101 -6.3948 17.9344 -1.1841 -15.3309 -31.0927 -0.0176 -0.8557 2.3519 2.2897 4.6451 7.1833 -2.2215 6.2964 2.2469 -4.0537 3.1614 -1.1860 -3.0375 0.9297 -12.3715 5.6425 1.6475 -4.5361 2.3998 0.9669 0.6014 0.0000 -0.0000 0.0000 -48.4404 -77.3274 7.4246 65.9564 -57.6988 -39.3385 -0.0000 0.0000 -48.3595 46.4946 18.5535 18.5331 -7.1250 0.0000 -0.0000 20.1274 54.8185 5.0050 0.0000 -0.0000 0.0000 140.4437 71.6670 127.6989 -27.1537 38.3254 -9.5943 0.0000 -0.0000 -13.7729 -48.1143 21.4441 -22.1790 7.1250 -0.0000 -0.0000 -11.7167 -0.0649 -11.9562
9.7652 17.3390 -3.3663 -1.2897 -11.5719 -7.7695 0.0000 0.0000 0.0000 -13.5018 -11.9251 -16.0568 3.2179 11.0397 32.4137 0.0180 0.4984 -2.7713 0.8206 -5.7800 -16.1474 0.0000 0.0000 0.0000 22.5808 -13.2728 7.8248 -0.9221 -6.1178 17.1267 -1.3657 -14.6561 -31.6152 -0.0011 -0.2108 0.5790 2.8197 4.8259 6.6251 -2.0919 6.5700 1.6859 -4.2074 3.2864 -1.3893 -2.4693 0.9762 -13.6512 5.1191 1.5923 -3.0881 2.1603 0.9495 1.2987 -0.0000 0.0000 0.0000 -38.7934 -77.4728 -3.1262 71.9743 -58.7359 -44.4555 -0.0000 0.0000 -48.7809 46.7478 18.1009 18.2758 -7.1250 0.0000 -0.0000 20.3099 54.3109 4.7973 -0.0000 0.0000 0.0000 148.2479 72.7698 135.7259 -28.2137 39.3122 -10.2588 0.0000 -0.0000 -11.9237 -48.3756 21.8421 -22.7186 7.1250 -0.0000 -0.0000 -11.7655 0.5563 -12.1370
9.7306 17.3261 -3.3584 -1.3243 -12.2902 -8.5690 0.0000 0.0000 0.0000 -13.3364 -11.5969 -14.2373 3.0532 10.7806 31.5436 0.0346 -0.0077 -3.5073 0.9874 -6.3246 -17.7291 0.0000 0.0000 0.0000 22.5075 -13.3356 9.0965 -0.8725 -5.9553 16.6548 -1.3856 -14.6929 -31.7718 -0.0002 -0.1014 0.2785 3.2686 5.0677 5.8349 -2.1855 6.9058 1.4802 -4.4983 3.4610 -1.0681 -3.6864 0.7609 -13.8662 6.5902 1.4793 -3.2720 2.8782 0.9422 1.2820 0.0000 -0.0000 0.0000 -30.3637 -77.9797 -13.3261 76.7522 -59.3264 -48.5531 -0.0000 0.0000 -48.4173 47.3676 18.9254 19.4080 -7.1250 0.0000 -0.0000 21.3218 55.5304 5.6984 0.0000 -0.0000 0.0000 156.8976 73.8468 144.8163 -29.3535 40.3328 -10.9888 0.0000 -0.0000 -11.8993 -48.4303 22.9391 -23.7234 7.1250 -0.0000 -0.0000 -11.5147 1.9750 -12.1495
9.6848 17.3116 -3.3421 -1.3130 -12.9883 -9.2742 0.0000 0.0000 0.0000 -13.4120 -10.7093 -12.8182 2.8435 10.4373 30.4047 0.0552 0.8579 -4.8414 0.8438 -5.8590 -16.3760 0.0000 0.0000 0.0000 22.5435 -13.0796 10.3973 -0.8167 -5.7666 16.1088 -1.4248 -14.7535 -32.0668 -0.0026 0.3273 -0.8992 3.4692 5.2226 5.2646 -2.3864 7.1090 1.5587 -4.7560 3.5788 -0.5995 -3.4208 0.7674 -15.9619 6.8026 1.4531 -2.7052 2.9534 0.9728 1.8448 -0.0000 0.0000 0.0000 -16.5981 -77.9998 -28.2153 81.2979 -59.7119 -52.4710 -0.0000 0.0000 -49.2488 47.2715 18.5971 19.0476 -7.1250 0.0000 -0.0000 21.0999 55.0859 5.4029 -0.0000 0.0000 0.0000 167.9835 74.1197 156.3033 -29.9505 40.8509 -11.3772 0.0000 -0.0000 -10.5291 -49.7700 23.2749 -25.0369 7.1250 -0.0000 -0.0000 -12.1797 3.0167 -13.0970
9.6494 17.2987 -3.3393 -1.1559 -13.1507 -9.8703 0.0000 0.0000 0.0000 -13.7397 -10.7093 -11.7849 2.7649 10.3043 29.9680 0.0372 2.4023 -5.3214 0.4199 -4.1590 -11.5244 0.0000 0.0000 0.0000 22.3575 -13.2873 11.1113 -0.7982 -5.7024 15.9232 -1.5124 -14.3411 -32.2393 -0.0080 0.5777 -1.5875 3.3824 5.2098 4.8376 -2.5227 7.0774 1.7584 -4.7886 3.5791 -0.1526 -3.9387 0.6470 -18.3392 7.5338 1.3710 -1.4953 3.0524 1.0245 2.3721 0.0000 0.0000 0.0000 -6.1147 -77.7267 -40.4783 84.2789 -59.8760 -55.0474 -0.0000 0.0000 -49.4944 48.5323 17.6832 18.9690 -7.1250 0.0000 -0.0000 22.3624 54.2595 5.2899 0.0000 0.0000 0.0000 177.1351 73.6080 164.6943 -30.4589 41.2835 -11.7112 0.0000 -0.0000 -7.7168 -47.5158 23.4043 -23.4477 7.1250 -0.0000 -0.0000 -10.8771 2.1570 -11.4847
9.6160 17.2837 -3.3434 -1.0091 -12.8260 -10.1501 0.0000 0.0000 0.0000 -13.9692 -11.4027 -11.4707 2.8320 10.4179 30.3411 0.0401 2.7808 -5.8104 0.3903 -4.0116 -11.1094 0.0000 0.0000 0.0000 22.3442 -13.2214 11.0972 -0.8761 -5.9675 16.6903 -1.7412 -13.6219 -33.0043 -0.0005 -0.1408 0.3869 3.2371 5.1210 4.6091 -2.6957 6.9462 1.6147 -4.8687 3.5104 -0.1838 -5.5207 0.6960 -18.4883 8.8891 1.7175 -1.4942 3.7580 1.2613 2.3626 0.0000 -0.0000 0.0000 -1.5738 -77.5786 -46.6568 87.3412 -59.9733 -57.6976 -0.0000 0.0000 -49.7437 46.8342 18.2798 18.4905 -7.1250 0.0000 -0.0000 20.4662 54.5620 4.9643 0.0000 -0.0000 0.0000 -176.9802 73.3562 171.5954 -30.6290 41.4265 -11.8236 0.0000 -0.0000 -7.4906 -48.8661 24.8457 -25.6914 7.1250 -0.0000 -0.0000 -11.2538 4.5634 -12.3460
9.5740 17.2479 -3.3464 -1.5967 -12.6275 -10.6818 0.0000 0.0000 0.0000 -13.2817 -11.4170 -11.2190 2.9849 10.6705 31.1765 0.0487 2.4184 -5.7728 0.3461 -3.7800 -10.4584 0.0000 0.0000 0.0000 23.1520 -13.2653 11.6235 -0.9198 -6.1103 17.1048 -1.7983 -13.8935 -33.5567 -0.0009 0.1953 -0.5365 3.5681 4.9540 4.4894 -2.5186 6.7379 2.1701 -4.8177 3.4339 0.4511 -6.9064 0.6912 -19.5566 9.7260 2.0300 -1.5771 4.2867 1.4804 2.4579 0.0000 -0.0000 0.0000 1.3946 -77.2088 -51.6554 91.4989 -59.9915 -61.2981 -0.0000 0.0000 -50.6619 48.5120 19.5052 20.6844 -7.1250 0.0000 -0.0000 22.9920 56.5946 6.7839 0.0000 -0.0000 0.0000 -171.4381 72.4052 177.7734 -30.4998 41.3179 -11.7382 0.0000 -0.0000 -5.9511 -48.0972 24.1928 -24.5459 7.1250 -0.0000 -0.0000 -10.9993 3.3973 -11.8470
9.5338 17.2283 -3.3372 -1.5350 -12.9210 -10.7948 0.0000 0.0000 0.0000 -13.0863 -10.8548 -11.3592 3.0467 10.7702 31.5088 0.0638 2.1316 -6.0518 0.4209 -4.1639 -11.5381 0.0000 0.0000 0.0000 23.2761 -12.8893 11.4063 -1.0142 -6.4075 17.9715 -1.8783 -13.8180 -33.9538 -0.0377 1.2529 -3.4450 3.3196 4.9382 3.9433 -2.5865 6.6965 2.4478 -4.6789 3.4291 1.0163 -7.4096 0.7999 -20.2277 9.8280 2.2975 -1.2329 4.4365 1.6361 2.6310 -0.0000 -0.0000 0.0000 1.5822 -76.9343 -53.8626 92.3416 -59.9793 -62.0278 -0.0000 0.0000 -50.4639 47.9765 18.5512 19.4457 -7.1250 0.0000 -0.0000 21.9677 55.2231 5.7160 -0.0000 -0.0000 0.0000 -170.1995 71.6032 179.8118 -30.7749 41.5484 -11.9203 0.0000 -0.0000 -5.6134 -47.6136 24.9595 -24.8132 7.1250 -0.0000 -0.0000 -10.5261 4.1269 -11.4454
9.5159 17.2136 -3.3258 -1.7277 -13.0558 -10.8372 0.0000 0.0000 0.0000 -12.7890 -10.2471 -11.4933 3.0784 10.8209 31.6782 0.0725 1.8248 -6.1022 0.5211 -4.6265 -12.8462 0.0000 0.0000 0.0000 23.2806 -13.3391 11.0816 -1.0834 -6.6155 18.5810 -1.9742 -13.1084 -33.9456 -0.0395 1.2830 -3.5277 3.6163 4.9391 3.6745 -2.5675 6.7023 2.6999 -4.7813 3.4519 1.4603 -7.3663 0.8105 -20.6476 9.1702 2.3561 -1.2370 4.2325 1.6418 2.6847 0.0000 0.0000 0.0000 -3.1252 -76.5569 -50.7585 93.8676 -59.9434 -63.3488 -0.0000 0.0000 -50.6739 47.3375 18.1558 18.6816 -7.1250 0.0000 -0.0000 21.0462 54.5401 5.1031 0.0000 0.0000 0.0000 -170.3664 71.4212 -179.0928 -30.8797 41.6356 -11.9898 0.0000 -0.0000 -5.7458 -46.2950 23.9815 -23.0373 7.1250 -0.0000 -0.0000 -10.0376 2.3509 -10.6023
9.4951 17.1871 -3.3320 -1.9863 -13.3704 -11.0279 0.0000 0.0000 0.0000 -12.3254 -9.7003 -11.8048 3.2311 11.0600 32.4826 0.0859 1.6257 -6.3879 0.4018 -4.0698 -11.2732 0.0000 0.0000 0.0000 23.6910 -13.2191 11.2218 -1.1238 -6.7337 18.9289 -1.9612 -13.2626 -33.9901 -0.0542 1.5018 -4.1307 3.8583 4.8257 3.9858 -2.6359 6.5671 3.0157 -4.9981 3.4008 1.6363 -6.7888 0.8140 -21.8183 8.6413 2.2276 0.3094 4.0014 1.5798 3.3452 0.0000 -0.0000 0.0000 -9.3146 -76.4643 -45.9171 95.4669 -59.8868 -64.7327 -0.0000 0.0000 -51.7375 48.0662 19.0453 19.9638 -7.1250 0.0000 -0.0000 22.2495 55.8800 6.1569 0.0000 -0.0000 0.0000 -172.8061 71.1822 178.8747 -31.4620 42.1140 -12.3785 0.0000 -0.0000 -6.0952 -44.1971 24.1048 -21.6589 7.1250 -0.0000 -0.0000 -8.8103 1.6536 -9.1688
9.4764 17.1756 -3.3357 -2.0578 -13.7166 -10.8541 0.0000 0.0000 0.0000 -12.0119 -9.2741 -12.2714 3.2989 11.1639 32.8346 0.0929 1.4832 -6.5034 0.4309 -4.2124 -11.6749 0.0000 0.0000 0.0000 23.9324 -12.8620 10.8980 -1.1832 -6.9032 19.4288 -2.0150 -13.0377 -34.1225 -0.0804 1.8285 -5.0319 3.6586 4.7936 4.1534 -2.5155 6.5203 3.1365 -4.7729 3.3732 1.6248 -6.5466 0.6242 -22.6050 8.1947 1.9063 1.8742 3.8268 1.4141 3.9716 -0.0000 0.0000 0.0000 -18.5845 -76.4141 -38.6030 94.9348 -59.9078 -64.2724 -0.0000 0.0000 -51.8553 47.1964 19.4602 19.7850 -7.1250 0.0000 -0.0000 21.2705 56.1603 6.0145 -0.0000 0.0000 0.0000 -178.2097 70.9815 174.0890 -31.2576 41.9473 -12.2417 0.0000 -0.0000 -5.8972 -43.7933 23.9685 -21.2796 7.1250 -0.0000 -0.0000 -8.6113 1.3334 -8.9097
9.4747 17.1586 -3.3579 -2.2248 -14.2095 -10.6131 0.0000 0.0000 0.0000 -11.6357 -8.9171 -12.7968 3.3427 11.2302 33.0603 0.0895 1.6742 -6.5276 0.4026 -4.0734 -11.2833 0.0000 0.0000 0.0000 24.2448 -12.3473 10.4728 -1.2490 -7.0858 19.9698 -2.0337 -12.7799 -34.0339 -0.0517 1.4669 -4.0344 3.5438 4.6455 4.7695 -2.4554 6.3309 3.2397 -4.6991 3.2703 1.3478 -4.3556 0.5833 -22.7447 5.5885 1.4665 2.2207 2.6065 1.0503 4.1484 0.0000 0.0000 0.0000 -27.3916 -75.4240 -30.8635 92.7053 -59.9723 -62.3426 -0.0000 0.0000 -51.9866 46.9299 19.8506 19.9636 -7.1250 0.0000 -0.0000 21.0469 56.5771 6.1629 0.0000 0.0000 0.0000 175.3926 70.4509 167.8406 -30.7365 41.5164 -11.8948 0.0000 -0.0000 -5.7586 -44.2551 23.6979 -21.3852 7.1250 -0.0000 -0.0000 -8.9422 1.1831 -9.2373
9.4764 17.1792 -3.3958 -2.3316 -14.7584 -10.0239 0.0000 0.0000 0.0000 -11.2468 -8.6985 -13.5575 3.3235 11.2011 32.9612 0.0869 1.8342 -6.5611 0.3080 -3.5680 -9.8643 0.0000 0.0000 0.0000 24.6562 -11.2799 9.3397 -1.3659 -7.3970 20.8970 -1.8911 -13.1415 -33.4961 -0.0294 1.1065 -3.0420 3.3416 4.6197 5.3418 -2.2754 6.2979 3.3540 -4.4490 3.2430 1.1011 -4.3024 0.4496 -21.5693 4.9837 1.2924 1.9997 2.3733 0.9099 3.9183 0.0000 -0.0000 0.0000 -39.6941 -74.3563 -19.8695 92.2999 -59.9800 -61.9916 -0.0000 0.0000 -53.1718 46.8213 18.4928 18.6763 -7.1250 0.0000 -0.0000 20.5117 54.8299 5.1124 0.0000 -0.0000 0.0000 167.8201 70.2126 160.6642 -30.6398 41.4355 -11.8308 0.0000 -0.0000 -6.6822 -42.5460 22.7744 -19.5595 7.1250 -0.0000 -0.0000 -8.1666 -0.5666 -8.1691
9.5071 17.1810 -3.4200 -1.5582 -16.0343 -9.5667 0.0000 0.0000 0.0000 -11.8861 -7.8359 -14.2621 3.2757 11.1285 32.7144 0.0567 2.7029 -6.3153 0.6066 -4.9853 -13.8665 0.0000 0.0000 0.0000 23.8864 -10.0835 8.3078 -1.5084 -7.7567 21.9774 -1.8414 -12.6762 -32.8466 -0.0004 0.1209 -0.3321 2.5863 4.8312 5.9038 -2.3661 6.5512 3.4943 -4.1794 3.3542 0.8848 -4.5399 0.6942 -21.1337 5.6437 1.5664 3.2325 2.6520 1.0801 4.2237 -0.0000 0.0000 0.0000 -50.3927 -72.4864 -9.7586 91.1209 -59.9953 -60.9707 -0.0000 0.0000 -54.1996 45.7126 18.7814 18.2664 -7.1250 0.0000 -0.0000 19.2310 54.8970 4.8065 -0.0000 0.0000 0.0000 158.3529 69.5161 150.6941 -30.3716 41.2097 -11.6536 0.0000 -0.0000 -6.2946 -41.0649 21.5490 -17.7456 7.1250 -0.0000 -0.0000 -7.5605 -2.5444 -7.2819
9.5639 17.2015 -3.4722 -1.5337 -17.4242 -8.6621 0.0000 0.0000 0.0000 -11.6701 -7.0865 -15.3102 3.2242 11.0495 32.4469 0.0381 3.2454 -6.2279 0.6255 -5.0609 -14.0824 0.0000 0.0000 0.0000 23.8463 -8.8450 6.5714 -1.6812 -8.1679 23.2252 -1.7150 -11.8868 -31.4785 -0.0063 -0.5117 1.4060 2.7665 4.7183 6.9940 -2.5975 6.4184 3.2766 -4.6314 3.2722 0.0933 -4.4234 0.8933 -17.8806 6.5289 1.6785 1.7558 2.8613 1.1395 3.2727 -0.0000 0.0000 0.0000 -58.2878 -69.3926 -1.6907 89.7142 -59.9997 -59.7525 -0.0000 0.0000 -55.0965 45.4687 19.3300 18.5965 -7.1250 0.0000 -0.0000 19.0648 55.5205 5.0560 -0.0000 0.0000 0.0000 148.7745 67.3029 139.6458 -29.9096 40.8158 -11.3505 0.0000 -0.0000 -6.8140 -39.8651 20.9261 -16.6080 7.1250 -0.0000 -0.0000 -6.9689 -3.6664 -6.5585
9.6279 17.2328 -3.5222 -1.9819 -19.7320 -7.1378 0.0000 0.0000 0.0000 -10.7526 -6.0718 -16.7248 3.1627 10.9538 32.1243 0.0045 4.1757 -6.1356 0.5517 -4.7583 -13.2204 0.0000 0.0000 0.0000 24.4018 -6.7586 4.5590 -1.8342 -8.5118 24.2798 -1.4272 -12.3076 -29.9837 -0.0037 0.3908 -1.0739 3.3335 4.9481 7.8490 -2.5776 6.7730 2.9619 -5.0482 3.4321 -0.6026 -4.0525 1.0697 -13.9623 6.2707 1.8049 -0.0138 2.9202 1.1126 2.3737 0.0000 0.0000 0.0000 -66.0293 -65.8761 6.4035 86.9625 -59.9651 -57.3698 -0.0000 0.0000 -56.3951 45.8195 19.1999 18.6963 -7.1250 0.0000 -0.0000 19.4663 55.4521 5.1356 0.0000 0.0000 0.0000 139.4402 65.1368 130.0287 -29.1773 40.1777 -10.8749 0.0000 -0.0000 -7.2183 -40.2772 19.8691 -16.0664 7.1250 -0.0000 -0.0000 -7.4330 -4.8150 -6.8419
9.7075 17.2548 -3.5922 -2.6347 -22.4855 -5.5612 0.0000 0.0000 0.0000 -9.6056 -4.8527 -18.3568 3.1839 10.9870 32.2360 -0.0124 4.9859 -6.6857 0.5759 -4.8595 -13.5083 0.0000 0.0000 0.0000 25.0790 -4.5040 3.0342 -1.9014 -8.6575 24.7297 -1.3384 -11.6339 -28.8357 -0.0073 0.5520 -1.5169 3.4438 4.9673 9.0745 -2.3137 6.8241 3.5410 -4.9311 3.4598 -0.6875 -4.3021 1.2337 -14.4834 6.7826 2.0396 0.3197 3.1812 1.2558 2.5701 -0.0000 0.0000 0.0000 -70.0219 -63.1013 10.4267 83.9880 -59.8630 -54.7958 -0.0000 0.0000 -58.4780 45.6568 18.9798 18.4064 -7.1250 0.0000 -0.0000 19.2116 55.1318 4.9128 -0.0000 0.0000 0.0000 133.7694 62.9238 123.7057 -28.4293 39.5085 -10.3957 0.0000 -0.0000 -6.5526 -39.2642 18.5951 -14.6100 7.1250 -0.0000 -0.0000 -7.0580 -6.6411 -6.2431
9.8053 17.2865 -3.6479 -3.2151 -25.2084 -3.3469 0.0000 0.0000 0.0000 -8.6650 -4.0386 -20.4890 3.1936 11.0020 32.2866 -0.0585 6.1195 -6.8814 0.5945 -4.9362 -13.7267 0.0000 0.0000 0.0000 25.5978 -1.6525 0.8394 -2.0067 -8.8800 25.4206 -1.2503 -11.0250 -27.7215 -0.0151 0.7947 -2.1840 3.2683 4.7742 9.6199 -2.1289 6.5512 4.0446 -4.6477 3.3265 -0.5340 -3.5635 1.7103 -13.6896 5.8743 2.5980 -0.3783 2.7226 1.4875 2.1568 -0.0000 0.0000 0.0000 -75.5451 -60.1354 14.8709 79.1287 -59.5487 -50.5995 -0.0000 0.0000 -57.4027 43.1435 20.5559 18.2150 -7.1250 0.0000 -0.0000 16.4358 56.4160 4.6893 -0.0000 0.0000 0.0000 128.9753 60.6098 119.2479 -27.7940 38.9259 -9.9940 0.0000 -0.0000 -8.7156 -39.4187 17.8681 -14.1547 7.1250 -0.0000 -0.0000 -7.2912 -7.4800 -6.3328
9.9251 17.3215 -3.7068 -4.1350 -28.5006 -0.6159 0.0000 0.0000 0.0000 -7.4750 -3.0485 -22.9697 3.2434 11.0790 32.5468 -0.1177 7.6044 -7.6565 0.4148 -4.1341 -11.4542 0.0000 0.0000 0.0000 26.0988 1.5285 -1.7627 -2.1270 -9.1257 26.1893 -1.1769 -10.1228 -26.4548 -0.0076 0.5643 -1.5508 3.1522 4.6217 10.1615 -1.9399 6.3293 4.7204 -4.3835 3.2233 -0.1827 -2.8194 2.4291 -14.1941 4.6389 3.4806 -0.1196 2.2375 1.8915 2.3084 -0.0000 0.0000 0.0000 -79.3865 -57.4464 17.9690 73.8627 -58.9928 -46.0719 -0.0000 0.0000 -58.5437 41.1363 18.9834 15.8617 -7.1250 0.0000 -0.0000 13.8626 53.9921 3.1101 -0.0000 0.0000 0.0000 124.6920 57.8351 113.3983 -26.7882 37.9764 -9.3685 0.0000 -0.0000 -7.9655 -38.1604 16.4617 -12.5536 7.1250 -0.0000 -0.0000 -6.7496 -9.4976 -5.5832
10.0688 17.3464 -3.7721 -3.5446 -32.1017 1.5678 0.0000 0.0000 0.0000 -7.9531 -1.9202 -25.3962 3.2472 11.0849 32.5666 -0.2052 9.1461 -8.0753 0.2913 -3.4706 -9.5919 0.0000 0.0000 0.0000 24.8315 4.8775 -5.1530 -2.4219 -9.6946 27.9932 -1.1328 -8.8779 -25.1422 -0.0526 1.4798 -4.0702 1.4078 4.3480 10.8767 -2.5298 5.7722 5.3475 -4.0131 2.9191 -0.0868 -1.2517 3.1678 -14.8335 3.0703 4.2623 0.0753 1.5062 2.2312 2.5101 0.0000 -0.0000 0.0000 -81.1560 -54.6386 19.4555 68.6670 -58.2086 -41.6362 -0.0000 0.0000 -61.9759 46.2377 17.3640 17.3082 -7.1250 0.0000 -0.0000 19.4994 53.2356 4.0725 0.0000 -0.0000 0.0000 121.8257 55.0267 109.8047 -25.9867 37.1956 -8.8796 0.0000 -0.0000 -9.3187 -37.4110 15.7695 -11.7426 7.1250 -0.0000 -0.0000 -6.3857 -10.5034 -5.1475
10.2207 17.3496 -3.8328 -5.3068 -35.8451 4.4350 0.0000 0.0000 0.0000 -6.3010 -0.5700 -27.7534 3.3956 11.3095 33.3310 -0.2961 10.6488 -8.8501 0.2254 -3.0558 -8.4342 0.0000 0.0000 0.0000 25.5709 7.9038 -7.4959 -2.5582 -9.9430 28.7923 -0.9983 -7.8649 -23.2775 -0.0899 1.9343 -5.3240 1.6376 4.1675 12.2975 -2.5054 5.5232 5.9538 -4.1827 2.7896 -0.2170 -0.4696 3.7211 -14.4085 1.3302 4.9430 0.1976 0.8362 2.5043 2.5136 0.0000 -0.0000 0.0000 -84.1699 -52.4153 22.6887 61.6522 -56.7344 -35.7192 -0.0000 0.0000 -62.9712 56.3774 28.4050 35.5790 -7.1250 0.0000 -0.0000 43.7715 69.7464 27.6687 0.0000 -0.0000 0.0000 117.5766 52.3429 104.3992 -25.0306 36.2352 -8.3080 0.0000 -0.0000 -8.8957 -37.5178 14.5277 -10.9020 7.1250 -0.0000 -0.0000 -6.6577 -11.9797 -5.1667
10.3914 17.3465 -3.8827 -6.7068 -39.8653 7.7353 0.0000 0.0000 0.0000 -5.2887 1.0630 -30.6578 3.5517 11.5387 34.1191 -0.4055 12.2477 -9.8167 0.1230 -2.2610 -6.2275 0.0000 0.0000 0.0000 25.5061 10.9491 -10.5017 -2.6848 -10.1664 29.5174 -0.8393 -6.7245 -21.0122 -0.2152 2.9865 -8.2411 0.8318 3.7552 13.5571 -3.0452 4.8269 6.4193 -4.2957 2.4148 -0.4793 0.2373 4.9037 -14.0145 0.6440 6.4327 -0.3489 0.5647 3.2238 2.2819 -0.0000 0.0000 0.0000 -85.0873 -50.3529 24.5000 54.8335 -54.7682 -30.0800 -0.0000 0.0000 -64.8372 48.6283 30.3038 29.8088 -7.1250 0.0000 -0.0000 27.9211 69.6134 16.8994 -0.0000 0.0000 0.0000 115.5675 50.0375 101.6666 -23.8317 34.9858 -7.6099 0.0000 -0.0000 -9.2879 -37.7390 13.2089 -10.0293 7.1250 -0.0000 -0.0000 -7.0133 -13.5386 -5.2166
10.5355 17.3565 -3.9231 -7.9178 -44.1032 10.8698 0.0000 0.0000 0.0000 -4.9260 3.4499 -33.3261 3.7302 11.7925 35.0019 -0.4695 13.2611 -10.8597 0.0402 -1.2945 -3.5594 0.0000 0.0000 0.0000 25.0001 13.5205 -13.4745 -2.7756 -10.3227 30.0282 -0.7518 -5.0981 -19.0102 -0.2661 3.3182 -9.1659 -1.4145 3.0606 14.0316 -3.1431 3.5909 6.9129 -2.9886 1.7301 -0.4477 -0.3933 6.5144 -12.6048 -0.4501 8.7184 -1.1696 0.3831 4.3374 1.7605 -0.0000 0.0000 0.0000 -86.0131 -48.3495 24.3468 47.7076 -52.0280 -24.3550 -0.0000 0.0000 -65.2962 38.9013 25.3715 19.0734 -7.1250 0.0000 -0.0000 11.3069 60.9830 4.4355 -0.0000 0.0000 0.0000 113.2464 47.3445 101.0461 -22.9019 33.9813 -7.0834 0.0000 -0.0000 -10.6151 -37.0123 12.6304 -9.3609 7.1250 -0.0000 -0.0000 -6.6186 -14.3778 -4.8005
10.6843 17.3510 -3.9468 -11.0049 -47.9041 15.3181 0.0000 0.0000 0.0000 -3.2421 5.6755 -36.2773 4.0621 12.2425 36.5955 -0.5119 14.0401 -11.9212 0.0235 -0.9892 -2.7192 0.0000 0.0000 0.0000 25.8123 15.1694 -15.9773 -2.6644 -10.1309 29.4015 -0.6217 -3.3368 -16.4784 -0.4691 4.3927 -12.1843 -2.1820 2.7855 14.7987 -4.0629 3.0341 7.4143 -3.4730 1.4253 -0.3308 2.7875 7.9284 -12.3989 -2.8148 10.2233 -1.5502 -0.7967 5.0191 1.9156 0.0000 -0.0000 0.0000 -86.6989 -47.7478 27.4549 41.1890 -48.7588 -19.3286 -0.0000 0.0000 -67.8971 35.5085 17.9044 12.3722 -7.1250 0.0000 -0.0000 7.6640 51.4687 1.2271 0.0000 -0.0000 0.0000 111.2212 46.0750 98.2449 -22.0695 33.0554 -6.6237 0.0000 -0.0000 -11.0970 -37.2506 12.9119 -9.6437 7.1250 -0.0000 -0.0000 -6.7350 -13.9925 -4.9416
10.8079 17.2957 -3.9742 -14.7602 -51.1205 20.0605 0.0000 0.0000 0.0000 -1.4670 8.0711 -39.1579 4.4763 12.7686 38.5085 -0.5186 14.4264 -12.7882 0.0049 -0.4540 -1.2474 0.0000 0.0000 0.0000 27.0224 16.8720 -17.8662 -2.5682 -9.9608 28.8499 -0.5333 -1.5920 -14.4628 -0.3773 3.9449 -10.9218 -2.6522 1.9824 15.7947 -4.8425 1.8020 7.8179 -3.8815 0.7881 -0.4656 2.3133 9.1701 -12.6402 -2.7351 11.9487 -1.3434 -0.5704 5.8862 2.0306 0.0000 0.0000 0.0000 -86.8983 -47.0242 28.6797 35.9771 -45.4974 -15.5061 -0.0000 0.0000 -69.8826 32.6223 20.4913 12.6296 -7.1250 0.0000 -0.0000 4.3610 53.8549 0.9508 0.0000 0.0000 0.0000 109.2914 44.3576 95.9334 -21.3859 32.2760 -6.2547 0.0000 -0.0000 -10.7657 -36.1697 10.1272 -7.3251 7.1250 -0.0000 -0.0000 -6.4015 -17.5508 -4.1995
10.9294 17.2606 -3.9702 -19.3442 -53.2835 25.2327 0.0000 0.0000 0.0000 0.7997 9.6678 -41.3841 4.8706 13.2366 40.2607 -0.5391 15.0287 -13.8555 0.0000 0.0351 0.0965 0.0000 0.0000 0.0000 28.7695 17.5784 -19.2014 -2.4134 -9.6787 27.9424 -0.4604 0.5991 -12.6230 -0.3195 3.6332 -10.0468 -2.4637 0.9374 16.5494 -5.6030 0.3662 8.3794 -4.5845 0.0692 -0.3194 3.0164 10.7169 -11.9225 -4.0890 13.9620 -2.2037 -1.0268 6.8741 1.8280 -0.0000 -0.0000 0.0000 -88.8326 -46.1225 30.9936 32.0758 -42.6076 -12.7921 -0.0000 0.0000 -73.1307 33.3045 20.0465 12.6916 -7.1250 0.0000 -0.0000 5.1529 53.4926 1.0784 -0.0000 -0.0000 0.0000 106.0891 42.7912 93.7135 -21.8639 32.8229 -6.5119 0.0000 -0.0000 -11.5072 -35.8829 7.7942 -5.6032 7.1250 -0.0000 -0.0000 -6.4995 -20.4195 -3.8480
10.9975 17.2283 -4.0162 -24.4292 -57.2068 31.9171 0.0000 0.0000 0.0000 1.8876 13.2899 -44.0882 5.3156 13.7307 42.1691 -0.4396 15.0061 -15.6286 0.0184 0.8764 2.4088 0.0000 0.0000 0.0000 29.7020 20.4423 -21.0564 -2.3792 -9.6150 27.7386 -0.3315 2.4885 -10.3004 -0.2745 3.3703 -9.3115 -4.2593 0.8551 15.9607 -6.6577 -0.0379 8.4410 -4.6236 -0.1932 0.0394 3.0464 11.7257 -11.8360 -4.7649 15.3050 -2.9906 -1.1786 7.5455 1.6559 -0.0000 -0.0000 0.0000 -90.8757 -45.1280 33.1083 29.1253 -40.1317 -10.8414 -0.0000 0.0000 -72.9864 31.2866 22.0080 12.8288 -7.1250 0.0000 -0.0000 2.6580 55.2727 0.6707 -0.0000 -0.0000 0.0000 103.6552 41.4070 91.1799 -21.6327 32.5594 -6.3870 0.0000 -0.0000 -10.7429 -34.7373 6.8308 -4.7146 7.1250 -0.0000 -0.0000 -5.7916 -21.7024 -3.2557
11.0782 17.2095 -4.0031 -26.1797 -59.0286 33.5844 0.0000 0.0000 0.0000 2.1126 13.9835 -44.0594 5.5518 13.9795 43.1553 -0.4454 15.6608 -16.8510 0.0635 1.6264 4.4743 0.0000 0.0000 0.0000 29.9418 19.7861 -21.4480 -2.3297 -9.5215 27.4408 -0.2359 4.2605 -8.6928 -0.3005 3.5248 -9.7434 -5.7965 -0.2501 17.9621 -8.0392 -2.0026 8.8825 -4.9206 -1.2243 -0.6111 3.0896 12.7666 -11.4579 -5.5748 16.6934 -3.7489 -1.3863 8.2463 1.4709 -0.0000 -0.0000 0.0000 -92.3647 -43.3610 32.9581 26.7314 -37.9219 -9.3336 -0.0000 0.0000 -70.6437 24.0517 19.8253 8.6074 -7.1250 0.0000 -0.0000 -4.4085 51.4714 -0.7038 -0.0000 -0.0000 0.0000 101.4020 39.6949 89.8579 -21.9871 32.9625 -6.5788 0.0000 -0.0000 -10.5378 -34.1784 7.4526 -5.0334 7.1250 -0.0000 -0.0000 -5.3232 -21.0114 -3.0737
11.1312 17.1751 -4.0049 -30.2393 -60.5767 37.9720 0.0000 0.0000 0.0000 3.5005 15.0657 -44.7477 5.7026 14.1338 43.7760 -0.6390 17.1426 -16.9676 0.0026 0.3299 0.9066 0.0000 0.0000 0.0000 30.9243 21.0355 -21.6887 -2.2430 -9.3550 26.9122 -0.1610 5.4443 -7.5636 -0.2652 3.3131 -9.1517 -6.2502 -0.9967 18.7173 -9.1195 -3.2281 9.0693 -5.6055 -1.8514 -0.8867 3.1486 13.6055 -10.8922 -6.8168 17.7763 -5.1502 -1.7862 8.8074 1.0933 0.0000 0.0000 0.0000 -94.1810 -41.6488 34.1749 26.5692 -37.7653 -9.2341 -0.0000 0.0000 -72.8834 28.7219 19.3221 10.2769 -7.1250 0.0000 -0.0000 0.4445 51.7718 0.0741 0.0000 0.0000 0.0000 98.8284 38.2602 88.3259 -22.3549 33.3758 -6.7801 0.0000 -0.0000 -10.7144 -34.3931 7.3269 -4.9892 7.1250 -0.0000 -0.0000 -5.4906 -21.1404 -3.1551
11.1787 17.1508 -4.0115 -33.5085 -62.3652 42.0653 0.0000 0.0000 0.0000 4.2323 15.4012 -45.0840 5.7472 14.1788 43.9586 -0.7241 18.4171 -18.4960 0.0133 0.7442 2.0452 0.0000 0.0000 0.0000 31.0707 22.5129 -22.7214 -2.2603 -9.3885 27.0183 -0.0726 6.4445 -6.1968 -0.1780 2.7179 -7.4944 -7.0670 -1.3148 19.1193 -10.0685 -3.9342 9.1653 -6.0453 -2.2338 -1.0349 2.7257 13.7338 -11.3255 -8.0292 17.9238 -6.1179 -2.0886 8.8847 0.9448 -0.0000 -0.0000 0.0000 -96.8856 -40.2403 36.1027 25.8626 -37.0727 -8.8047 -0.0000 0.0000 -72.1255 27.4664 23.0326 11.4962 -7.1250 0.0000 -0.0000 -1.7500 55.5730 -0.4542 -0.0000 -0.0000 0.0000 95.4946 37.4736 86.3336 -22.7943 33.8631 -7.0233 0.0000 -0.0000 -11.2095 -33.7908 6.4874 -4.3239 7.1250 -0.0000 -0.0000 -5.1432 -22.1992 -2.8298
11.1891 17.1239 -4.0276 -35.6520 -63.4460 44.2817 0.0000 0.0000 0.0000 4.6966 16.1384 -44.9699 5.8547 14.2860 44.3956 -0.6132 18.2212 -19.5747 0.0489 1.4266 3.9234 0.0000 0.0000 0.0000 31.4594 23.2223 -22.6467 -2.2313 -9.3321 26.8398 -0.0338 6.8735 -5.5978 -0.2685 3.3331 -9.2076 -7.7502 -1.8191 20.0795 -11.0592 -4.9555 9.2351 -6.5194 -2.7606 -1.5385 2.3575 14.1224 -11.9113 -8.2082 18.4707 -6.1693 -2.0117 9.1561 1.0310 -0.0000 -0.0000 0.0000 -98.5218 -38.7153 36.8969 25.1669 -36.3741 -8.3887 -0.0000 0.0000 -71.6418 28.9650 18.7924 10.1100 -7.1250 0.0000 -0.0000 0.7881 51.2306 0.1210 -0.0000 -0.0000 0.0000 93.4506 35.8488 85.0173 -23.3848 34.5069 -7.3551 0.0000 -0.0000 -11.2505 -33.6615 7.4896 -4.9611 7.1250 -0.0000 -0.0000 -4.9488 -21.0184 -2.8551
11.1919 17.0972 -4.0544 -38.4567 -63.6602 47.2180 0.0000 0.0000 0.0000 5.9810 16.3048 -45.0139 5.9386 14.3685 44.7346 -0.6371 18.6862 -20.1904 0.0352 1.2119 3.3320 0.0000 0.0000 0.0000 32.2963 24.8407 -22.3602 -2.1920 -9.2550 26.5962 -0.0420 6.4148 -5.5134 -0.2564 3.2580 -8.9978 -7.8370 -2.2072 20.6873 -11.2716 -5.5896 9.2809 -6.5413 -3.0751 -1.8535 1.2908 14.2368 -12.1089 -8.4201 18.6901 -6.9075 -1.9310 9.3019 0.7458 0.0000 0.0000 0.0000 -101.0579 -37.5018 36.9367 24.4736 -35.6611 -7.9810 -0.0000 0.0000 -70.6111 28.2444 17.3573 9.1048 -7.1250 0.0000 -0.0000 0.3016 49.5145 0.0336 0.0000 0.0000 0.0000 91.1864 34.3599 83.8933 -23.9892 35.1528 -7.7003 0.0000 -0.0000 -11.4854 -33.2548 7.8108 -5.0926 7.1250 -0.0000 -0.0000 -4.6249 -20.6779 -2.7026
11.1837 17.1098 -4.0792 -39.5710 -64.4833 48.2715 0.0000 0.0000 0.0000 6.0229 16.4744 -44.3401 5.8764 14.3075 44.4837 -0.7254 19.3921 -20.5171 0.0324 1.1623 3.1954 0.0000 0.0000 0.0000 32.3086 25.5806 -21.8401 -2.1499 -9.1716 26.3336 -0.0310 6.2742 -5.1769 -0.2325 3.1036 -8.5674 -8.7233 -2.1750 21.3327 -11.4245 -5.8543 9.2468 -6.1264 -3.2239 -2.1619 2.1948 14.4196 -11.3613 -10.4473 18.7311 -7.8432 -2.7601 9.3243 0.6451 0.0000 0.0000 0.0000 -102.8887 -35.8013 37.4926 24.9803 -36.1838 -8.2783 -0.0000 0.0000 -69.6398 28.8331 18.1668 9.7393 -7.1250 0.0000 -0.0000 0.7596 50.5132 0.1032 0.0000 0.0000 0.0000 88.8174 32.7516 83.3410 -24.6276 35.8210 -8.0710 0.0000 -0.0000 -12.2359 -33.8998 7.8911 -5.2709 7.1250 -0.0000 -0.0000 -5.0773 -20.5169 -2.9873
11.1747 17.1148 -4.1169 -39.4524 -65.1519 49.0935 0.0000 0.0000 0.0000 5.4857 16.4761 -44.8385 5.7661 14.1978 44.0357 -0.7685 19.8335 -20.8926 0.0487 1.4238 3.9156 0.0000 0.0000 0.0000 31.5418 26.4458 -22.7578 -2.1754 -9.2222 26.4929 -0.0151 6.5044 -4.9363 -0.1301 2.3246 -6.4037 -8.9566 -2.2384 20.6197 -11.7931 -5.9111 9.2654 -6.4339 -3.2692 -1.7954 2.8620 14.5144 -11.9387 -10.7319 18.7933 -7.6626 -2.8866 9.3157 0.9039 0.0000 0.0000 0.0000 -103.9297 -35.2799 38.3553 24.2250 -35.4013 -7.8365 -0.0000 0.0000 -68.5525 28.4325 17.9102 9.4532 -7.1250 0.0000 -0.0000 0.3992 50.1587 0.0508 0.0000 0.0000 0.0000 87.9327 31.7082 82.2332 -24.6798 35.8749 -8.1015 0.0000 -0.0000 -12.3633 -34.3209 7.7154 -5.2367 7.1250 -0.0000 -0.0000 -5.3967 -20.6827 -3.1566
11.1540 17.1382 -4.1404 -39.3975 -64.9633 48.7024 0.0000 0.0000 0.0000 5.8652 16.1131 -44.0257 5.6376 14.0677 43.5093 -0.7387 19.8578 -21.2920 0.0908 1.9433 5.3489 0.0000 0.0000 0.0000 31.9358 26.2591 -22.0709 -2.1037 -9.0788 26.0421 -0.0233 6.1292 -4.9016 -0.2278 3.0723 -8.4802 -8.2668 -2.2890 20.8857 -11.4603 -5.8272 9.5225 -6.4616 -3.2188 -1.6805 1.8552 14.3469 -11.9952 -10.4178 18.6560 -7.9498 -2.6664 9.2801 0.6700 -0.0000 -0.0000 0.0000 -105.1806 -34.9476 38.6031 23.1845 -34.2900 -7.2420 -0.0000 0.0000 -67.1605 26.7493 19.0070 9.3222 -7.1250 0.0000 -0.0000 -1.4995 51.0677 -0.2242 -0.0000 -0.0000 0.0000 86.7588 30.7121 81.6458 -25.2895 36.4984 -8.4615 0.0000 -0.0000 -13.3053 -34.7522 6.8675 -4.7423 7.1250 -0.0000 -0.0000 -5.7983 -21.6569 -3.2656
11.1208 17.1633 -4.1713 -37.6632 -65.5439 47.0716 0.0000 0.0000 0.0000 4.7369 16.1270 -43.5728 5.4786 13.9033 42.8514 -0.8280 20.1984 -20.9329 0.0471 1.4007 3.8522 0.0000 0.0000 0.0000 31.0120 26.7622 -21.7954 -2.1083 -9.0880 26.0711 -0.0535 5.6702 -5.3871 -0.2651 3.3125 -9.1499 -8.3598 -2.1365 20.5809 -11.2287 -5.5784 9.5020 -6.2206 -3.1009 -1.4994 2.5533 14.4176 -11.9358 -11.1812 18.6777 -7.7359 -2.9937 9.2562 0.8937 0.0000 0.0000 0.0000 -105.7968 -34.5268 39.0605 22.7076 -33.7675 -6.9751 -0.0000 0.0000 -66.0319 29.3407 14.9998 8.2774 -7.1250 0.0000 -0.0000 1.6882 47.0587 0.0858 0.0000 0.0000 0.0000 86.5574 29.8811 81.6174 -25.2666 36.4753 -8.4479 0.0000 -0.0000 -14.0493 -35.3405 9.2998 -6.5371 7.1250 -0.0000 -0.0000 -5.9322 -18.6631 -3.7420
11.0917 17.1740 -4.2154 -36.7039 -65.8481 46.1341 0.0000 0.0000 0.0000 4.2509 16.3752 -43.2241 5.3394 13.7561 42.2692 -0.5980 19.2600 -21.7369 0.1954 2.8466 7.8519 0.0000 0.0000 0.0000 30.6349 27.2690 -21.5987 -2.1418 -9.1555 26.2828 -0.0773 4.9379 -5.6320 -0.1570 2.5533 -7.0376 -7.5649 -2.0736 20.0141 -10.9657 -5.2484 9.3720 -6.4617 -2.9161 -1.3843 2.6238 14.2770 -11.3287 -11.0238 18.4414 -8.3429 -3.0472 9.1723 0.5686 0.0000 -0.0000 0.0000 -105.6801 -34.8104 38.3526 22.2277 -33.2334 -6.7102 -0.0000 0.0000 -64.0686 27.6326 16.1741 8.2969 -7.1250 0.0000 -0.0000 -0.1159 48.1071 -0.0089 0.0000 -0.0000 0.0000 87.6609 29.3829 81.5713 -25.1938 36.4014 -8.4046 0.0000 -0.0000 -14.0714 -35.8943 7.7858 -5.5996 7.1250 -0.0000 -0.0000 -6.5086 -20.4285 -3.8521
11.0493 17.1930 -4.2689 -33.2272 -66.0577 42.7103 0.0000 0.0000 0.0000 2.7459 16.1074 -42.7289 5.1122 13.5090 41.3051 -0.7173 19.5167 -20.8647 0.1317 2.3390 6.4436 0.0000 0.0000 0.0000 29.3067 28.1070 -21.6543 -2.3058 -9.4759 27.2956 -0.1597 3.6242 -7.1629 -0.2397 3.1505 -8.6979 -7.7055 -1.8594 19.1217 -10.2866 -4.7690 9.6359 -5.7812 -2.6977 -0.5358 3.3930 14.0836 -12.4013 -11.5347 18.1357 -7.5088 -3.2325 8.9251 1.1400 -0.0000 -0.0000 0.0000 -105.4744 -35.6333 39.2576 22.3685 -33.3910 -6.7875 -0.0000 0.0000 -63.4949 28.7320 16.5984 8.9004 -7.1250 0.0000 -0.0000 0.8971 48.7525 0.0830 -0.0000 -0.0000 0.0000 88.3052 30.2597 82.0049 -24.8523 36.0527 -8.2028 0.0000 -0.0000 -15.2027 -36.3087 8.5794 -6.2557 7.1250 -0.0000 -0.0000 -6.7014 -19.4137 -4.1211
11.0085 17.2135 -4.2871 -29.1028 -65.8544 38.1879 0.0000 0.0000 0.0000 1.3966 15.5311 -41.6951 4.8813 13.2488 40.3072 -0.8197 19.6952 -19.9727 0.0749 1.7656 4.8584 0.0000 0.0000 0.0000 28.2305 27.4452 -20.9237 -2.3244 -9.5113 27.4083 -0.2014 2.9926 -7.9732 -0.2110 2.9570 -8.1592 -6.9582 -1.8744 18.5229 -9.4415 -4.4841 9.7669 -5.3543 -2.5390 -0.0667 2.3911 13.6134 -12.6011 -10.9701 17.6017 -7.5995 -2.9399 8.6735 0.9427 0.0000 0.0000 0.0000 -105.5580 -36.3980 40.0888 22.2776 -33.2893 -6.7376 -0.0000 0.0000 -62.0520 28.1883 15.3906 8.0952 -7.1250 0.0000 -0.0000 0.5316 47.3232 0.0305 0.0000 0.0000 0.0000 88.7915 30.6249 81.7310 -24.6514 35.8455 -8.0849 0.0000 -0.0000 -15.2705 -37.2885 8.6274 -6.5165 7.1250 -0.0000 -0.0000 -7.3815 -19.2304 -4.5764
10.9569 17.2539 -4.3218 -23.6004 -66.8969 32.7112 0.0000 0.0000 0.0000 -1.1937 15.4332 -40.3942 4.5456 12.8530 38.8208 -0.9197 20.0690 -19.4882 0.0611 1.5950 4.3877 0.0000 0.0000 0.0000 25.8277 27.9553 -20.5822 -2.4823 -9.8056 28.3494 -0.2668 2.3902 -9.2210 -0.1799 2.7320 -7.5336 -8.0170 -1.4267 17.5756 -8.8822 -3.9265 9.2356 -4.2705 -2.2853 -0.0100 4.5056 13.7078 -12.1932 -12.2200 17.5470 -6.8919 -3.6708 8.5638 1.4659 0.0000 0.0000 0.0000 -104.8053 -36.9509 40.1805 23.3179 -34.4346 -7.3172 -0.0000 0.0000 -62.4713 31.2535 18.3064 10.7925 -7.1250 0.0000 -0.0000 3.2032 51.1089 0.4825 0.0000 0.0000 0.0000 90.1726 30.5939 82.3182 -24.6935 35.8891 -8.1096 0.0000 -0.0000 -16.5369 -37.3592 9.0325 -6.8346 7.1250 -0.0000 -0.0000 -7.3749 -18.7221 -4.6561
10.8922 17.2820 -4.2907 -23.3419 -65.6688 30.6215 0.0000 0.0000 0.0000 -0.2798 14.2606 -37.7336 4.4876 12.7825 38.5596 -0.7022 19.4549 -20.9199 0.2163 2.9942 8.2627 0.0000 0.0000 0.0000 27.1272 27.0747 -17.8990 -2.3908 -9.6365 27.8075 -0.3104 1.2430 -10.1615 -0.1501 2.4967 -6.8806 -4.9613 -1.3319 17.7860 -7.5198 -3.2467 9.3442 -4.6154 -1.8529 -0.1036 2.7945 13.0621 -12.4382 -10.2258 16.8519 -7.0920 -2.8186 8.2688 0.9979 0.0000 0.0000 0.0000 -105.0943 -38.2447 42.2457 23.7932 -34.9448 -7.5878 -0.0000 0.0000 -61.9319 32.5632 18.7299 11.5887 -7.1250 0.0000 -0.0000 4.5113 51.8400 0.7611 0.0000 0.0000 0.0000 91.1767 31.1543 81.2013 -24.5005 35.6890 -7.9967 0.0000 -0.0000 -16.6322 -38.2782 8.5222 -6.6701 7.1250 -0.0000 -0.0000 -8.0874 -19.2298 -5.0225
10.8263 17.3040 -4.2864 -20.1080 -64.8030 26.0762 0.0000 0.0000 0.0000 -0.8424 13.1089 -35.0322 4.1588 12.3688 37.0496 -0.6452 19.2901 -21.2626 0.3963 4.0419 11.1944 0.0000 0.0000 0.0000 26.9281 25.9295 -16.0604 -2.4121 -9.6763 27.9346 -0.3465 0.4121 -10.9819 -0.1388 2.4008 -6.6147 -3.2913 -1.1810 17.5647 -6.4656 -2.7022 9.0913 -4.5163 -1.5238 -0.2702 2.9672 12.6174 -12.0886 -9.3774 16.2660 -6.7786 -2.6347 7.9763 0.9375 0.0000 0.0000 0.0000 -104.8451 -39.5989 44.3190 24.4155 -35.6006 -7.9472 -0.0000 0.0000 -59.6786 34.6282 18.8374 12.5700 -7.1250 0.0000 -0.0000 6.6818 52.3771 1.2177 0.0000 0.0000 0.0000 92.5113 31.3756 80.6236 -24.4232 35.6086 -7.9516 0.0000 -0.0000 -17.7795 -38.3829 9.9304 -7.7785 7.1250 -0.0000 -0.0000 -7.9517 -17.4632 -5.2500
10.7445 17.3339 -4.2916 -14.6060 -64.0995 20.3206 0.0000 0.0000 0.0000 -3.0450 12.2098 -33.1040 3.7399 11.8060 35.0490 -0.7162 19.5080 -20.8596 0.3539 3.8220 10.5764 0.0000 0.0000 0.0000 25.1632 25.6058 -15.3657 -2.5807 -9.9833 28.9225 -0.4340 -0.5958 -12.6738 -0.1177 2.2116 -6.0907 -3.2468 -0.8723 16.2211 -5.3193 -2.1200 8.7092 -3.4322 -1.2277 0.0880 2.6657 12.0753 -12.4753 -8.6798 15.5952 -6.2407 -2.3767 7.6226 1.0461 -0.0000 0.0000 0.0000 -105.4365 -41.5518 46.6425 24.8638 -36.0645 -8.2096 -0.0000 0.0000 -57.4601 33.6501 22.0266 14.0172 -7.1250 0.0000 -0.0000 5.2833 55.8219 1.4057 -0.0000 0.0000 0.0000 93.7171 32.4112 80.1146 -24.4624 35.6494 -7.9744 0.0000 -0.0000 -19.0280 -40.0789 10.6901 -8.8715 7.1250 -0.0000 -0.0000 -8.9841 -16.2311 -6.1923
10.6618 17.3893 -4.2654 -10.2846 -63.2366 15.0892 0.0000 0.0000 0.0000 -4.8047 11.5122 -30.5421 3.4088 11.3291 33.3979 -0.8376 19.9588 -20.3093 0.1943 2.8386 7.8297 0.0000 0.0000 0.0000 24.0237 24.6192 -13.8290 -2.6532 -10.1113 29.3380 -0.4940 -1.2333 -13.7804 -0.2211 3.0269 -8.3538 -2.4302 -0.5554 15.4140 -4.4262 -1.4928 8.1418 -3.0452 -0.8802 -0.0708 3.0461 11.5889 -12.0628 -7.6645 14.9645 -5.3115 -2.1566 7.3033 1.1881 -0.0000 0.0000 0.0000 -105.7449 -43.3319 49.7916 25.2095 -36.4173 -8.4139 -0.0000 0.0000 -55.4248 38.6794 17.3546 13.4305 -7.1250 0.0000 -0.0000 11.0352 51.4668 1.7758 -0.0000 0.0000 0.0000 94.9357 32.9477 78.8723 -24.6481 35.8421 -8.0829 0.0000 -0.0000 -20.0402 -40.4606 11.7263 -9.8339 7.1250 -0.0000 -0.0000 -9.0640 -14.8513 -6.5215
10.5631 17.4207 -4.2338 -5.7876 -62.4084 9.6841 0.0000 0.0000 0.0000 -6.5834 10.1538 -26.9975 2.9053 10.5402 30.7445 -0.9722 20.8057 -20.4735 0.1998 2.8786 7.9410 0.0000 0.0000 0.0000 22.6753 23.7791 -12.1845 -2.7678 -10.3093 29.9843 -0.5699 -1.6879 -14.9713 -0.1986 2.8696 -7.9158 -2.2615 -0.2630 14.5420 -3.4165 -0.9897 7.6096 -2.1525 -0.6194 -0.1451 2.9235 11.0374 -12.1127 -7.1152 14.2711 -4.5801 -1.9888 6.9472 1.3452 0.0000 0.0000 0.0000 -105.9932 -45.5238 52.7098 26.2862 -37.4899 -9.0613 -0.0000 0.0000 -53.9882 38.8696 20.9080 16.0476 -7.1250 0.0000 -0.0000 11.3409 55.7550 3.0209 0.0000 0.0000 0.0000 96.1350 34.1497 78.7885 -24.8144 36.0137 -8.1805 0.0000 -0.0000 -21.3563 -42.1310 12.4126 -11.0030 7.1250 -0.0000 -0.0000 -10.0413 -13.6310 -7.5107
10.4719 17.4500 -4.1854 -3.5166 -60.6141 6.1897 0.0000 0.0000 0.0000 -7.3346 8.9690 -24.2377 2.6113 10.0375 29.0981 -1.0581 21.1088 -20.0667 0.2358 3.1252 8.6275 0.0000 0.0000 0.0000 22.3963 22.1532 -10.0535 -2.7166 -10.2215 29.6970 -0.6162 -2.0449 -15.7086 -0.2531 3.2371 -8.9396 -0.8645 -0.2845 13.6372 -2.3595 -0.7600 7.2052 -1.8681 -0.4647 -0.0925 3.3074 10.4968 -12.5470 -6.6034 13.5293 -3.5766 -1.8908 6.5529 1.7057 -0.0000 0.0000 0.0000 -105.9949 -48.4743 56.9805 27.0767 -38.2522 -9.5466 -0.0000 0.0000 -52.3589 41.3537 19.8291 16.6242 -7.1250 0.0000 -0.0000 14.1946 55.0727 3.5639 -0.0000 0.0000 0.0000 97.3337 35.8600 78.1339 -25.3325 36.5419 -8.4871 0.0000 -0.0000 -23.1521 -42.0227 13.3589 -11.7612 7.1250 -0.0000 -0.0000 -9.7931 -12.4439 -7.5667
10.3863 17.4901 -4.1256 -0.1629 -58.6409 1.9061 0.0000 0.0000 0.0000 -9.1052 7.6795 -21.2726 2.2598 9.3874 27.0149 -1.0928 21.3069 -20.0816 0.2007 2.8848 7.9583 0.0000 0.0000 0.0000 21.1790 20.4589 -8.2038 -2.7095 -10.2092 29.6567 -0.6335 -2.6895 -16.2492 -0.0848 1.8780 -5.1687 0.1725 -0.0595 12.9101 -1.6749 -0.2834 6.4952 -1.8006 -0.1944 -0.4379 3.0026 9.4211 -12.7240 -5.5683 12.1472 -2.6828 -1.5825 5.8736 1.8680 -0.0000 0.0000 0.0000 -107.8219 -51.1801 62.5242 27.3974 -38.5555 -9.7458 -0.0000 0.0000 -47.0823 44.4980 20.4273 18.9296 -7.1250 0.0000 -0.0000 18.0977 56.6212 5.2754 -0.0000 0.0000 0.0000 97.8535 37.3382 76.4205 -26.0974 37.3047 -8.9466 0.0000 -0.0000 -25.8624 -43.8209 14.7905 -13.7657 7.1250 -0.0000 -0.0000 -10.6584 -10.1506 -8.7704
10.2981 17.5079 -4.0748 3.5148 -56.8920 -2.1284 0.0000 0.0000 0.0000 -11.4856 6.9745 -19.1015 1.9666 8.7961 25.1596 -1.3752 22.2526 -18.5288 0.0353 1.2128 3.3346 0.0000 0.0000 0.0000 19.3331 19.1204 -7.0218 -2.7536 -10.2850 29.9048 -0.7259 -2.7722 -17.3313 -0.1091 2.1302 -5.8656 -0.4056 -0.0696 11.4556 -0.8226 -0.2964 5.9730 -0.5895 -0.2098 -0.1964 2.7805 8.9878 -12.8999 -5.5057 11.6056 -2.2982 -1.5480 5.5943 1.9869 0.0000 0.0000 0.0000 -109.9300 -54.4537 67.0312 28.5986 -39.6615 -10.5036 -0.0000 0.0000 -45.3676 45.6502 21.3307 20.4103 -7.1250 0.0000 -0.0000 19.7835 58.0558 6.4859 0.0000 0.0000 0.0000 99.2670 39.3895 76.5903 -27.0135 38.1921 -9.5075 0.0000 -0.0000 -28.0131 -47.1369 16.6349 -17.1430 7.1250 -0.0000 -0.0000 -12.3005 -6.7152 -11.0417
10.2314 17.5078 -4.0015 3.9174 -55.2880 -3.7808 0.0000 0.0000 0.0000 -11.9595 7.3481 -17.1814 1.8331 8.5095 24.2727 -1.3454 21.7468 -17.4878 0.0127 0.7269 1.9977 0.0000 0.0000 0.0000 19.4758 17.6717 -5.0869 -2.7174 -10.2229 29.7015 -0.7719 -3.3111 -18.1178 -0.1361 2.3776 -6.5504 1.0225 -0.1446 10.8200 0.0519 -0.2220 5.5023 -0.4968 -0.1463 -0.3417 2.6515 8.4496 -13.0178 -5.2246 10.8710 -2.5764 -1.4899 5.2320 1.8570 0.0000 -0.0000 0.0000 -111.8375 -57.6540 72.6387 29.8343 -40.7509 -11.3013 -0.0000 0.0000 -41.3878 49.1041 20.9549 22.4368 -7.1250 0.0000 -0.0000 24.3600 58.6050 8.4215 0.0000 -0.0000 0.0000 101.2301 41.5014 75.8793 -28.1178 39.2244 -10.1981 0.0000 -0.0000 -29.3515 -45.2008 17.2366 -16.6153 7.1250 -0.0000 -0.0000 -10.9906 -6.5759 -9.8471
10.1608 17.5224 -3.9414 6.0882 -53.3786 -6.4829 0.0000 0.0000 0.0000 -13.6264 7.2870 -15.6992 1.7005 8.2122 23.3605 -1.2001 20.8138 -17.1650 0.0320 1.1545 3.1741 0.0000 0.0000 0.0000 18.1183 15.9046 -3.8246 -2.7109 -10.2117 29.6652 -0.8375 -3.3566 -18.8168 -0.0907 1.9419 -5.3452 0.8488 0.1393 9.8644 0.8764 0.1633 5.0493 0.4116 0.0415 -0.2894 1.4311 7.5123 -13.2088 -4.5462 9.7452 -3.0296 -1.1494 4.6940 1.5821 -0.0000 -0.0000 0.0000 -116.7014 -60.6860 81.3397 30.5057 -41.3229 -11.7421 -0.0000 0.0000 -37.0077 48.5794 20.3320 21.4961 -7.1250 0.0000 -0.0000 23.3900 57.6625 7.5240 -0.0000 -0.0000 0.0000 101.7253 44.0767 74.4654 -29.5448 40.5000 -11.1128 0.0000 -0.0000 -30.2880 -46.5869 17.5531 -17.6810 7.1250 -0.0000 -0.0000 -11.7572 -5.6973 -10.7664
10.1223 17.5269 -3.8667 6.0184 -51.7196 -7.4572 0.0000 0.0000 0.0000 -13.8595 7.1536 -14.7107 1.7419 8.3065 23.6488 -1.1588 20.3030 -16.3617 0.0172 0.8464 2.3263 0.0000 0.0000 0.0000 18.1444 14.1322 -2.3785 -2.6441 -10.0954 29.2862 -0.8920 -3.6898 -19.5415 -0.1722 2.6735 -7.3709 2.1084 -0.1199 9.9578 1.3984 -0.0207 4.1685 0.2623 -0.0365 -1.2511 1.5370 7.2471 -12.4479 -3.9859 9.3326 -3.9550 -1.0605 4.5157 1.1074 0.0000 -0.0000 0.0000 -119.3810 -63.4792 88.3011 31.1372 -41.8485 -12.1613 -0.0000 0.0000 -32.7479 48.4979 20.6659 21.7457 -7.1250 0.0000 -0.0000 23.4050 58.0590 7.7560 0.0000 -0.0000 0.0000 104.1716 45.5995 74.1993 -31.3190 41.9974 -12.2827 0.0000 -0.0000 -32.3786 -48.2655 17.7058 -18.8260 7.1250 -0.0000 -0.0000 -12.7231 -4.8855 -11.8966
10.0990 17.5113 -3.8015 8.1080 -50.0636 -9.9918 0.0000 0.0000 0.0000 -15.8325 8.1382 -13.9894 1.7721 8.3744 23.8570 -1.0441 19.4433 -15.9106 0.0158 0.8111 2.2291 0.0000 0.0000 0.0000 16.4497 12.5095 -1.6738 -2.7479 -10.2752 29.8727 -1.0147 -3.2763 -20.4759 -0.1234 2.2647 -6.2379 1.9125 0.0872 9.8100 1.4124 0.2605 3.6288 0.3560 0.1038 -1.7281 1.7316 6.5926 -12.5835 -3.8422 8.4106 -4.3547 -1.0996 4.0533 0.9794 -0.0000 -0.0000 0.0000 -125.3803 -65.8867 99.6575 31.5895 -42.2175 -12.4641 -0.0000 0.0000 -29.7812 48.8960 20.7905 22.1381 -7.1250 0.0000 -0.0000 24.0027 58.3353 8.1310 -0.0000 -0.0000 0.0000 106.6766 47.6277 72.7874 -32.7953 43.1721 -13.2818 0.0000 -0.0000 -32.0853 -51.4711 18.4456 -21.6711 7.1250 -0.0000 -0.0000 -14.4089 -2.5668 -14.2120
10.0749 17.5157 -3.7249 8.1624 -48.6507 -10.5723 0.0000 0.0000 0.0000 -16.3325 8.7164 -14.0256 1.9181 8.6933 24.8406 -1.0963 19.7537 -15.8529 0.0153 0.7996 2.1975 0.0000 0.0000 0.0000 16.1383 11.1467 -0.7835 -2.7163 -10.2210 29.6954 -1.0482 -3.4237 -20.8581 -0.1002 2.0414 -5.6201 1.7887 -0.0128 9.0046 2.3759 0.1220 3.3928 1.4360 0.0308 -1.5326 1.4846 6.4755 -12.6154 -4.0972 8.2345 -5.3693 -1.1644 3.9631 0.6527 0.0000 -0.0000 0.0000 -133.0042 -68.6390 110.9923 31.0681 -41.7915 -12.1152 -0.0000 0.0000 -24.0736 48.3910 20.6322 21.6410 -7.1250 0.0000 -0.0000 23.2461 57.9846 7.6572 0.0000 -0.0000 0.0000 108.8754 49.8519 72.6869 -34.6312 44.5470 -14.5540 0.0000 -0.0000 -34.0448 -52.6978 20.9721 -25.1637 7.1250 -0.0000 -0.0000 -14.4355 1.4447 -15.2835
10.0630 17.5052 -3.6325 9.6141 -46.6347 -12.2673 0.0000 0.0000 0.0000 -18.0975 9.2813 -13.7133 1.9891 8.8434 25.3066 -1.0157 19.0916 -15.4007 0.0286 1.0925 3.0033 0.0000 0.0000 0.0000 14.4882 9.2910 0.0502 -2.7168 -10.2218 29.6982 -1.1298 -3.4553 -21.5990 -0.0904 1.9394 -5.3383 0.0590 -0.2244 8.6418 3.2289 -0.2765 2.9622 3.3365 -0.1735 -1.7602 0.6533 6.3571 -12.9819 -3.7436 8.1773 -5.3154 -0.9094 3.9453 0.6718 -0.0000 0.0000 0.0000 -140.2105 -70.4674 122.4288 31.2651 -41.9534 -12.2467 -0.0000 0.0000 -21.4207 46.8018 19.4253 19.5033 -7.1250 0.0000 -0.0000 20.7575 56.0056 5.7811 -0.0000 0.0000 0.0000 110.2450 51.3775 72.5400 -36.9260 46.1394 -16.1866 0.0000 -0.0000 -36.3988 -52.1879 21.4382 -25.2199 7.1250 -0.0000 -0.0000 -14.0246 1.8093 -14.9088
10.0766 17.4912 -3.5354 9.1108 -45.1167 -12.0732 0.0000 0.0000 0.0000 -18.4357 9.7973 -14.2440 2.1510 9.1737 26.3401 -0.7790 16.9050 -13.7937 0.0015 -0.2460 -0.6758 0.0000 0.0000 0.0000 14.2192 7.6224 0.3750 -2.6702 -10.1411 29.4348 -1.1438 -3.7835 -21.8939 -0.1798 2.7313 -7.5316 0.9664 -0.4721 7.7816 3.2924 -0.5358 2.6111 2.9057 -0.2968 -1.6402 1.5123 6.0653 -12.9389 -3.6548 7.6599 -5.6537 -1.0547 3.6749 0.5796 0.0000 0.0000 0.0000 -150.8037 -70.0375 135.9415 28.6993 -39.7521 -10.5679 -0.0000 0.0000 -15.5585 45.0713 18.8311 17.9308 -7.1250 0.0000 -0.0000 18.4647 54.7899 4.5560 0.0000 0.0000 0.0000 113.3490 52.8209 72.0131 -39.2005 47.5890 -17.8466 0.0000 -0.0000 -38.3050 -52.3695 22.1415 -26.0526 7.1250 -0.0000 -0.0000 -13.9347 2.8323 -15.0495
10.1192 17.4912 -3.4412 7.9573 -44.0066 -11.5173 0.0000 0.0000 0.0000 -18.0310 8.8843 -13.7179 2.1263 9.1244 26.1853 -0.7349 16.5041 -13.6014 0.0080 0.5770 1.5855 0.0000 0.0000 0.0000 14.6990 6.6203 1.1769 -2.5373 -9.9055 28.6711 -1.1627 -4.3729 -22.3794 -0.1898 2.8060 -7.7391 1.7231 -0.8321 7.4057 3.7662 -0.9531 2.3221 3.0053 -0.5051 -1.7153 2.3801 6.2082 -12.3482 -4.0978 7.7240 -6.2476 -1.3602 3.6920 0.3537 -0.0000 0.0000 0.0000 -156.0389 -71.0419 145.4929 28.1703 -39.2725 -10.2313 -0.0000 0.0000 -12.5613 45.1060 19.2816 18.3370 -7.1250 0.0000 -0.0000 18.6075 55.3628 4.8562 -0.0000 0.0000 0.0000 117.0395 53.9653 73.1634 -40.8763 48.5806 -19.0938 0.0000 -0.0000 -41.5341 -53.7167 22.8487 -27.8757 7.1250 -0.0000 -0.0000 -14.4812 4.4835 -16.0740
10.1576 17.5062 -3.3363 7.8299 -42.9071 -11.5554 0.0000 0.0000 0.0000 -18.4557 7.9901 -12.8989 2.0291 8.9263 25.5651 -0.7245 16.4815 -13.7685 0.0000 0.0194 0.0534 0.0000 0.0000 0.0000 14.2131 5.4381 1.7554 -2.4226 -9.6957 27.9969 -1.1057 -4.8900 -22.1917 -0.1174 2.2089 -6.0834 1.7349 -0.8108 6.9851 4.2393 -0.9141 1.9333 3.4848 -0.4845 -1.8768 1.6294 5.4347 -12.7625 -3.5192 6.8071 -5.7730 -1.0788 3.2515 0.4917 0.0000 0.0000 0.0000 -163.1604 -70.1201 155.8698 26.5017 -37.6999 -9.1928 -0.0000 0.0000 -10.8213 46.8691 21.1313 21.0481 -7.1250 0.0000 -0.0000 21.3521 58.1602 7.0847 0.0000 0.0000 0.0000 118.5467 54.5663 72.5673 -43.4061 49.9633 -21.0112 0.0000 -0.0000 -44.5332 -52.6663 21.9375 -26.0963 7.1250 -0.0000 -0.0000 -14.1552 2.7161 -15.2750
10.2169 17.5066 -3.2390 7.5433 -41.7719 -11.3836 0.0000 0.0000 0.0000 -18.7422 7.0257 -12.5020 2.0273 8.9228 25.5542 -0.6661 15.8903 -13.3921 0.0023 -0.3070 -0.8435 0.0000 0.0000 0.0000 13.8504 4.6800 2.0257 -2.4059 -9.6647 27.8978 -1.1943 -4.7215 -22.8443 -0.1140 2.1767 -5.9942 1.7782 -1.2126 6.6082 4.5831 -1.4542 1.8295 3.8557 -0.7559 -1.7400 1.8016 5.6338 -13.6003 -3.3007 7.0300 -5.5531 -1.0048 3.3492 0.7031 -0.0000 0.0000 0.0000 -168.5566 -70.0583 163.6864 24.2437 -35.4209 -7.8473 -0.0000 0.0000 -7.0513 44.9330 19.3162 18.2633 -7.1250 0.0000 -0.0000 18.4034 55.3600 4.7989 -0.0000 0.0000 0.0000 121.2308 54.7758 74.9871 -45.8909 51.1975 -22.9310 0.0000 -0.0000 -46.8471 -53.6089 21.3132 -26.2504 7.1250 -0.0000 -0.0000 -14.8489 2.3778 -15.9901
10.2849 17.5091 -3.1416 8.9975 -40.5238 -12.6061 0.0000 0.0000 0.0000 -20.6421 6.3580 -11.6548 1.9750 8.8138 25.2147 -0.6295 15.5572 -13.2892 0.0075 -0.5585 -1.5346 0.0000 0.0000 0.0000 12.0029 3.7275 2.4980 -2.3916 -9.6381 27.8127 -1.1812 -5.3867 -23.1292 -0.2249 3.0526 -8.4253 0.4474 -0.9655 6.5699 4.7916 -1.2028 1.7281 4.8100 -0.6254 -1.8049 1.6385 5.0760 -14.1861 -3.5730 6.3371 -4.7912 -1.0770 2.9951 1.0403 0.0000 0.0000 0.0000 -172.8546 -69.0044 169.9495 22.7028 -33.7623 -6.9724 -0.0000 0.0000 -5.0142 43.2840 20.0029 17.8573 -7.1250 0.0000 -0.0000 16.5224 55.7757 4.4559 0.0000 0.0000 0.0000 121.9442 55.0474 74.3353 -48.1851 52.2368 -24.7320 0.0000 -0.0000 -49.2232 -49.5376 18.9857 -20.8780 7.1250 -0.0000 -0.0000 -13.1550 -2.6751 -12.8753
10.3676 17.5078 -3.0644 7.8705 -39.5069 -11.5897 0.0000 0.0000 0.0000 -20.2807 5.0061 -12.0660 2.0627 8.9955 25.7812 -0.6249 15.4514 -13.1025 0.0048 -0.4494 -1.2348 0.0000 0.0000 0.0000 12.4962 3.1933 2.7368 -2.2790 -9.4245 27.1324 -1.0999 -6.4742 -23.1466 -0.2866 3.4430 -9.5145 1.4922 -1.0950 6.1655 5.1782 -1.3143 1.5826 4.6227 -0.6853 -1.7349 1.8753 4.9112 -14.2921 -3.9584 6.0821 -4.8652 -1.2528 2.8553 1.0529 -0.0000 0.0000 0.0000 -175.6959 -69.2759 175.0667 21.4924 -32.3986 -6.3117 -0.0000 0.0000 -5.0428 42.0902 19.4164 16.7135 -7.1250 0.0000 -0.0000 15.0155 54.7532 3.6589 -0.0000 0.0000 0.0000 124.5203 54.7161 76.3980 -49.1790 52.6590 -25.5200 0.0000 -0.0000 -49.3275 -48.0216 15.0271 -16.0756 7.1250 -0.0000 -0.0000 -13.2106 -8.5712 -11.4099
10.4442 17.4947 -3.0010 7.8594 -37.8944 -11.7241 0.0000 0.0000 0.0000 -20.9993 4.3596 -11.7397 2.0781 9.0269 25.8794 -0.5233 14.4640 -12.7787 0.0195 -0.9012 -2.4771 0.0000 0.0000 0.0000 12.0791 2.5997 3.1733 -2.2848 -9.4357 27.1680 -1.1514 -7.0566 -23.9672 -0.2572 3.2629 -9.0115 1.1540 -1.1829 6.4398 5.5432 -1.4299 1.4783 5.2197 -0.7405 -1.9699 0.6570 4.6195 -13.9415 -2.9561 5.8660 -5.2471 -0.7540 2.7941 0.7798 -0.0000 -0.0000 0.0000 -177.5017 -69.9094 178.4142 20.5111 -31.2532 -5.7942 -0.0000 0.0000 -4.6837 43.6613 20.3230 18.3378 -7.1250 0.0000 -0.0000 17.0368 56.2681 4.8061 -0.0000 -0.0000 0.0000 125.4130 54.4871 78.4109 -50.2507 53.0961 -26.3745 0.0000 -0.0000 -50.9705 -46.9421 12.3341 -12.8769 7.1250 -0.0000 -0.0000 -13.1537 -12.5601 -10.2589
10.5172 17.4901 -2.9345 8.6425 -35.6652 -12.0767 0.0000 0.0000 0.0000 -22.5596 3.0364 -11.2787 1.9587 8.7794 25.1078 -0.5059 14.1132 -12.2662 0.0384 -1.2640 -3.4756 0.0000 0.0000 0.0000 10.6931 1.4660 3.4064 -2.2733 -9.4135 27.0975 -1.1456 -8.0504 -24.6251 -0.2473 3.2003 -8.8368 0.9057 -1.3419 5.8466 5.0610 -1.6916 1.6611 4.8475 -0.8728 -1.4365 1.2605 4.2871 -14.6654 -3.0994 5.3730 -4.1979 -0.9020 2.5295 1.2646 -0.0000 0.0000 0.0000 -179.6058 -70.7460 -178.4320 19.3819 -29.8904 -5.2198 -0.0000 0.0000 -4.5169 43.5475 21.3116 19.0582 -7.1250 0.0000 -0.0000 17.0597 57.4463 5.3032 -0.0000 0.0000 0.0000 128.0239 54.1580 80.6024 -50.1938 53.0734 -26.3290 0.0000 -0.0000 -52.3102 -45.8112 11.7774 -11.8582 7.1250 -0.0000 -0.0000 -12.5538 -13.6077 -9.4830
10.5846 17.4776 -2.8963 7.1652 -33.1199 -10.8771 0.0000 0.0000 0.0000 -22.0938 1.8313 -12.0033 2.0916 9.0542 25.9652 -0.4368 12.8536 -10.6285 0.1437 -2.4428 -6.7312 0.0000 0.0000 0.0000 11.5698 0.1732 3.5240 -2.2115 -9.2933 26.7171 -1.0821 -9.5202 -25.2455 -0.2603 3.2826 -9.0664 2.3751 -0.7348 5.6864 4.8649 -0.7982 1.5840 3.7456 -0.4236 -1.5183 1.9108 3.5645 -15.3995 -2.7351 4.3278 -3.5507 -0.9440 2.0106 1.5933 -0.0000 -0.0000 0.0000 179.1962 -69.8501 -176.0397 18.7630 -29.1232 -4.9150 -0.0000 0.0000 -4.4167 44.7608 22.7077 20.9478 -7.1250 0.0000 -0.0000 18.9110 59.4839 6.8388 -0.0000 -0.0000 0.0000 127.7159 55.4713 79.5479 -49.9249 52.9652 -26.1142 0.0000 -0.0000 -53.9868 -45.6397 12.8498 -12.8122 7.1250 -0.0000 -0.0000 -12.2153 -12.2126 -9.5804
10.6341 17.4625 -2.8710 5.9171 -29.5437 -10.1378 0.0000 0.0000 0.0000 -21.8506 -0.1156 -12.3153 2.2810 9.4283 27.1444 -0.2812 11.0780 -10.4057 0.0681 -1.6833 -4.6313 0.0000 0.0000 0.0000 12.2815 -1.9137 4.1592 -2.1051 -9.0817 26.0511 -1.0624 -11.1859 -26.4784 -0.2923 3.4765 -9.6084 3.0419 -1.0394 5.1199 5.1091 -1.2057 1.7013 3.6371 -0.6276 -1.0692 1.1551 3.0973 -15.1752 -1.9359 3.8431 -3.2898 -0.5891 1.8067 1.5900 0.0000 -0.0000 0.0000 177.0437 -71.6486 -174.1803 18.3212 -28.5665 -4.7018 -0.0000 0.0000 -5.2274 44.9761 24.1196 22.2103 -7.1250 0.0000 -0.0000 19.5162 61.2498 7.8927 0.0000 -0.0000 0.0000 129.9398 54.7497 81.7594 -48.3446 52.3057 -24.8582 0.0000 -0.0000 -54.7600 -45.2366 15.8512 -15.3978 7.1250 -0.0000 -0.0000 -11.3164 -8.3632 -9.7473
10.6519 17.4264 -2.8514 5.1569 -25.4677 -9.7915 0.0000 0.0000 0.0000 -21.9931 -2.1424 -12.6241 2.4665 9.7768 28.2568 -0.1298 8.9767 -10.0083 0.0389 -1.2738 -3.5024 0.0000 0.0000 0.0000 12.6610 -4.1230 4.8833 -2.0229 -8.9136 25.5253 -1.0691 -12.2623 -27.4738 -0.1081 2.1197 -5.8367 2.2754 -1.0615 5.2435 6.0545 -1.2447 1.5252 5.0723 -0.6497 -1.2803 -0.4081 2.1785 -16.4786 -2.3447 2.9845 -1.1472 -0.4803 1.3586 2.5197 0.0000 0.0000 0.0000 174.3381 -72.8389 -174.0922 17.6314 -27.6826 -4.3766 -0.0000 0.0000 -5.0486 45.0581 23.6309 21.8832 -7.1250 0.0000 -0.0000 19.5234 60.6866 7.6337 0.0000 0.0000 0.0000 129.2827 55.2234 84.6001 -45.5718 51.0456 -22.6826 0.0000 -0.0000 -57.6866 -44.6430 17.9743 -16.9496 7.1250 -0.0000 -0.0000 -10.4888 -5.8105 -9.5380
10.6472 17.4003 -2.8367 4.5825 -20.5190 -9.1171 0.0000 0.0000 0.0000 -22.4400 -4.9690 -12.9016 2.5523 9.9324 28.7582 -0.0629 7.1830 -8.6225 0.1088 -2.1267 -5.8560 0.0000 0.0000 0.0000 12.8627 -7.1043 4.8449 -1.9717 -8.8069 25.1932 -1.1151 -13.3811 -28.8137 -0.0831 1.8594 -5.1171 2.2496 -1.1265 4.5076 5.6984 -1.3515 1.2677 4.7016 -0.6956 -1.1357 0.5123 1.5155 -16.4719 -2.7860 2.0014 -0.1117 -0.8598 0.8536 2.8906 -0.0000 0.0000 0.0000 172.8139 -74.6503 -172.9759 17.0433 -26.9149 -4.1069 -0.0000 0.0000 -5.9559 46.3007 24.5173 23.4730 -7.1250 0.0000 -0.0000 21.5543 62.1259 9.2069 -0.0000 0.0000 0.0000 130.9407 53.7382 85.9463 -45.1528 50.8431 -22.3572 0.0000 -0.0000 -57.3081 -43.2780 18.3233 -16.4902 7.1250 -0.0000 -0.0000 -9.5835 -5.8060 -8.6901
10.6237 17.3646 -2.8291 3.7659 -14.9255 -8.6986 0.0000 0.0000 0.0000 -22.6613 -8.2480 -12.7948 2.6730 10.1459 29.4504 -0.0110 5.2721 -7.1663 0.1111 -2.1495 -5.9189 0.0000 0.0000 0.0000 13.5394 -10.3777 5.3335 -1.8711 -8.5922 24.5279 -1.2094 -14.5372 -30.5118 -0.0375 1.2493 -3.4349 2.1823 -0.9696 4.1609 5.7331 -1.1368 0.9747 4.7609 -0.5816 -1.2561 -0.2012 0.4379 -16.4664 -2.4200 0.7436 1.2163 -0.7120 0.2393 3.3261 -0.0000 -0.0000 0.0000 172.1112 -76.1993 -173.6135 16.6995 -26.4600 -3.9525 -0.0000 0.0000 -6.5294 46.0631 27.5639 25.6520 -7.1250 0.0000 -0.0000 22.0676 65.6587 11.2544 -0.0000 -0.0000 0.0000 132.2555 53.5172 88.6924 -42.7563 49.6207 -20.5149 0.0000 -0.0000 -57.3339 -43.7144 19.0132 -17.3010 7.1250 -0.0000 -0.0000 -9.6992 -4.7994 -8.9861
10.5646 17.3279 -2.8143 3.3017 -9.5695 -8.5993 0.0000 0.0000 0.0000 -23.1626 -11.0849 -12.3191 2.7111 10.2121 29.6662 0.0264 3.3785 -5.9507 0.0827 -1.8552 -5.1056 0.0000 0.0000 0.0000 14.1729 -12.9529 5.7680 -1.8436 -8.5324 24.3433 -1.4331 -15.5800 -32.8594 -0.0001 -0.0725 0.1992 2.2460 -0.3790 3.9793 5.2991 -0.3491 0.9402 4.2262 -0.1825 -1.2456 -0.9744 -0.8770 -16.9654 -1.4285 -0.8670 2.4583 -0.3818 -0.5223 3.8515 -0.0000 -0.0000 0.0000 171.6213 -77.0429 -175.9110 15.3654 -24.6527 -3.3769 -0.0000 0.0000 -6.2909 46.4897 26.2930 25.0145 -7.1250 0.0000 -0.0000 22.3825 64.2992 10.7198 -0.0000 -0.0000 0.0000 133.7686 52.7577 90.5131 -40.3597 48.2816 -18.7073 0.0000 -0.0000 -57.0531 -41.7293 18.8595 -16.0823 7.1250 -0.0000 -0.0000 -8.5255 -5.6146 -7.7386
10.4860 17.2961 -2.8012 2.5572 -4.5087 -7.9648 0.0000 0.0000 0.0000 -23.0881 -13.7288 -12.6510 2.7978 10.3604 30.1518 0.0557 1.1325 -5.0268 0.1355 -2.3728 -6.5371 0.0000 0.0000 0.0000 15.5609 -14.8961 5.6009 -1.8242 -8.4898 24.2121 -1.8626 -16.2492 -35.8712 -0.0888 -1.9221 5.2905 3.8036 0.2971 3.0639 3.9772 0.5488 0.8609 1.9338 0.2686 -0.8374 -1.3053 -2.6376 -16.1486 0.5770 -3.2821 2.0774 0.1599 -1.6098 3.5913 0.0000 0.0000 0.0000 170.8935 -79.2703 -175.4098 14.4297 -23.3456 -2.9963 -0.0000 0.0000 -5.6935 46.4838 25.1988 24.1516 -7.1250 0.0000 -0.0000 22.0355 62.9978 9.8760 0.0000 0.0000 0.0000 138.0316 51.2651 93.4448 -37.8488 46.7425 -16.8554 0.0000 -0.0000 -56.5550 -40.9385 17.1435 -14.3422 7.1250 -0.0000 -0.0000 -8.3799 -7.9610 -7.2182
10.3981 17.2660 -2.7867 2.3657 0.1874 -7.4929 0.0000 0.0000 0.0000 -23.4597 -15.3413 -13.1856 2.8633 10.4704 30.5138 0.0505 -1.4743 -3.9885 0.1309 -2.3324 -6.4251 0.0000 0.0000 0.0000 16.3397 -16.8572 5.0643 -1.8265 -8.4950 24.2279 -2.0770 -17.1961 -37.7844 -0.1165 -2.2006 6.0603 5.0856 1.2502 2.2552 2.3982 1.7709 1.1548 -0.4232 0.8993 0.0011 -1.3035 -4.1779 -16.2550 2.6045 -5.4548 2.0672 0.6540 -2.5760 3.6998 -0.0000 0.0000 0.0000 165.3498 -81.3548 -170.4704 13.1225 -21.4664 -2.4979 -0.0000 0.0000 -4.5716 47.2688 25.0374 24.6138 -7.1250 0.0000 -0.0000 23.2018 63.0472 10.4544 -0.0000 0.0000 0.0000 142.0190 51.6202 100.2298 -35.7895 45.3677 -15.3725 0.0000 -0.0000 -60.3819 -41.1951 17.5598 -14.7926 7.1250 -0.0000 -0.0000 -8.4582 -7.3754 -7.3855
10.2981 17.2323 -2.7659 1.8117 4.0287 -7.5197 0.0000 0.0000 0.0000 -23.2813 -16.2454 -13.4535 2.9473 10.6092 30.9731 0.0107 -3.6780 -3.0370 0.1400 -2.4118 -6.6453 0.0000 0.0000 0.0000 17.3655 -19.2258 4.8968 -1.8014 -8.4396 24.0574 -1.9379 -18.5270 -38.2397 -0.1452 -2.4555 6.7664 6.7427 2.3724 2.1510 1.0404 3.2564 1.7869 -2.7304 1.6962 0.9547 -1.2359 -5.9317 -16.6258 4.4762 -7.9040 1.7571 1.0485 -3.6822 3.8036 0.0000 0.0000 0.0000 144.4721 -84.0905 -148.0524 12.5201 -20.5800 -2.2818 -0.0000 0.0000 -6.5873 44.5268 25.3389 22.8291 -7.1250 0.0000 -0.0000 19.1198 62.5695 8.3229 0.0000 0.0000 0.0000 148.1664 50.4196 106.8754 -32.6524 43.0612 -13.1841 0.0000 -0.0000 -62.4045 -40.5309 16.0782 -13.3220 7.1250 -0.0000 -0.0000 -8.3267 -9.3872 -6.9327
10.1985 17.1880 -2.7458 1.4909 6.6183 -7.4525 0.0000 0.0000 0.0000 -23.0220 -16.5116 -14.0738 3.0577 10.7879 31.5678 -0.0414 -5.4506 -2.3649 0.2411 -3.1598 -8.7240 0.0000 0.0000 0.0000 18.0182 -21.2662 4.3933 -1.8320 -8.5069 24.2647 -2.2455 -17.6222 -38.9710 -0.2176 -3.0031 8.2873 8.3615 3.8820 2.1354 -0.1478 5.2605 2.6729 -4.7862 2.8118 2.3530 -1.2683 -7.7816 -17.2371 6.8094 -10.4455 1.0574 1.4537 -4.8029 3.4702 0.0000 0.0000 0.0000 103.6350 -84.5885 -106.1335 11.6641 -19.2990 -1.9899 -0.0000 0.0000 -6.5848 48.0283 26.0844 26.0501 -7.1250 0.0000 -0.0000 24.8261 64.5326 12.0915 0.0000 0.0000 0.0000 153.8760 49.6159 115.0274 -29.8865 40.7959 -11.3354 0.0000 -0.0000 -65.6795 -39.4482 14.2678 -11.4634 7.1250 -0.0000 -0.0000 -7.9592 -11.8852 -6.2111
10.1035 17.1621 -2.7111 1.4696 8.1830 -6.8604 0.0000 0.0000 0.0000 -22.8067 -17.2283 -14.9681 3.1743 10.9719 32.1853 -0.0519 -6.1342 -2.6819 0.1689 -2.6472 -7.2981 0.0000 0.0000 0.0000 18.4717 -22.4251 3.4187 -1.8568 -8.5613 24.4323 -2.3926 -17.3198 -39.4303 -0.1759 -2.7017 7.4494 9.4079 5.3791 1.9081 -1.2231 7.2498 3.2479 -6.3370 3.9321 3.6695 -1.4253 -9.0274 -18.1345 9.2300 -12.2164 0.8501 2.0064 -5.5141 3.7933 0.0000 -0.0000 0.0000 76.4029 -82.8284 -83.7996 9.8540 -16.5109 -1.4332 -0.0000 0.0000 -1.7838 46.4429 26.8712 25.4239 -7.1250 0.0000 -0.0000 22.4872 64.9659 11.1195 0.0000 -0.0000 0.0000 158.6136 47.7380 122.4690 -27.8617 38.9886 -10.0365 0.0000 -0.0000 -69.7851 -37.8311 14.1494 -10.7485 7.1250 -0.0000 -0.0000 -6.9239 -12.3743 -5.3192
10.0113 17.1395 -2.6480 0.9200 9.1143 -6.3518 0.0000 0.0000 0.0000 -21.9722 -18.2644 -15.6703 3.3085 11.1784 32.8840 -0.0438 -5.6914 -2.5213 0.1865 -2.7817 -7.6715 0.0000 0.0000 0.0000 19.5454 -23.4154 2.6501 -1.8451 -8.5357 24.3534 -2.4409 -17.0314 -39.4302 -0.1394 -2.4065 6.6304 10.4794 6.9368 1.5219 -1.6167 9.2911 3.9269 -7.0665 5.1006 5.2518 -1.7077 -10.6267 -18.5758 10.7887 -14.2593 -0.4163 2.3138 -6.4543 3.7183 -0.0000 0.0000 0.0000 64.7465 -80.1023 -77.6405 8.0067 -13.5637 -0.9537 -0.0000 -0.0000 2.2826 46.6860 28.6336 26.9430 -7.1250 0.0000 -0.0000 23.4806 67.0957 12.7784 -0.0000 0.0000 0.0000 161.4249 45.9111 128.7232 -26.8593 38.0447 -9.4123 0.0000 -0.0000 -72.4693 -36.6588 11.5276 -8.4597 7.1250 -0.0000 -0.0000 -6.5421 -15.7771 -4.5470
9.9281 17.1210 -2.5787 0.8675 10.2567 -6.1123 0.0000 0.0000 0.0000 -21.7868 -19.5475 -15.8498 3.4645 11.4116 33.6808 -0.0246 -5.8858 -3.3786 0.0749 -1.7651 -4.8569 0.0000 0.0000 0.0000 20.0297 -24.2910 2.8745 -1.7035 -8.2192 23.3818 -2.5916 -16.6518 -39.8473 -0.1695 -2.6522 7.3118 10.6609 7.8985 1.2763 -2.0634 10.5647 4.6668 -7.3868 5.8560 6.5957 -1.3181 -11.3335 -19.3169 12.1097 -15.3126 -0.8962 2.5111 -6.8793 3.8356 -0.0000 -0.0000 0.0000 55.0238 -76.7052 -70.8828 6.4644 -11.0344 -0.6251 -0.0000 -0.0000 3.1844 46.5396 29.1652 27.2145 -7.1250 0.0000 -0.0000 23.3987 67.6627 13.0311 -0.0000 -0.0000 0.0000 163.4609 43.8487 134.2954 -26.2096 37.4149 -9.0147 0.0000 -0.0000 -75.4732 -35.3326 10.0023 -7.0193 7.1250 -0.0000 -0.0000 -5.8387 -17.8189 -3.7917
9.8510 17.1235 -2.4934 0.1058 12.1313 -5.9817 0.0000 0.0000 0.0000 -21.0037 -20.6859 -16.0340 3.5855 11.5873 34.2873 -0.0500 -6.7680 -3.3786 0.1160 -2.1962 -6.0482 0.0000 0.0000 0.0000 21.4798 -25.1122 3.0722 -1.5631 -7.8897 22.3796 -2.6361 -17.2825 -40.5412 -0.1954 -2.8467 7.8522 11.1708 8.5184 0.4530 -2.0999 11.2994 5.2133 -7.4065 6.3295 7.9564 -2.7051 -12.0042 -18.6653 14.5372 -15.9982 -1.6417 3.3791 -7.1387 3.9041 -0.0000 -0.0000 0.0000 49.9436 -74.7631 -74.6802 5.1955 -8.9139 -0.4052 -0.0000 -0.0000 9.6340 47.4954 28.8392 27.7583 -7.1250 0.0000 -0.0000 25.0242 67.5866 13.9372 -0.0000 -0.0000 0.0000 163.5736 42.3326 137.6442 -25.9010 37.1108 -8.8279 0.0000 -0.0000 -77.2347 -34.7117 8.9533 -6.1533 7.1250 -0.0000 -0.0000 -5.5334 -19.1575 -3.4270
9.7702 17.1042 -2.4332 0.2933 14.4001 -5.5157 0.0000 0.0000 0.0000 -21.1692 -22.0436 -16.4688 3.6882 11.7335 34.7956 -0.0964 -7.8135 -3.0682 0.1959 -2.8500 -7.8615 0.0000 0.0000 0.0000 22.1856 -25.7421 2.9466 -1.4498 -7.6112 21.5392 -2.6762 -18.1797 -41.4244 -0.2158 -2.9909 8.2535 10.5934 8.9952 -0.0758 -2.7733 11.9586 5.2100 -7.6257 6.6741 8.4405 -2.1159 -12.3376 -16.7328 15.6121 -16.3862 -3.2959 3.7000 -7.4528 3.2017 0.0000 -0.0000 0.0000 43.8483 -74.3960 -76.3770 5.4405 -9.3259 -0.4441 -0.0000 -0.0000 15.1054 48.1594 29.8162 29.0442 -7.1250 0.0000 -0.0000 26.7269 68.9142 15.7282 0.0000 -0.0000 0.0000 163.4327 41.4686 138.8518 -25.3878 36.5977 -8.5200 0.0000 -0.0000 -76.9187 -33.6493 7.5777 -5.0165 7.1250 -0.0000 -0.0000 -4.9311 -20.9150 -2.8563
9.7206 17.0693 -2.3741 -0.2037 16.3818 -5.7508 0.0000 0.0000 0.0000 -20.9959 -22.9284 -16.3798 3.8061 11.8978 35.3715 -0.1328 -8.6113 -2.9422 0.2367 -3.1310 -8.6437 0.0000 0.0000 0.0000 23.2029 -26.4008 3.4012 -1.3503 -7.3562 20.7752 -2.7891 -18.9853 -42.5568 -0.2681 -3.3306 9.2005 11.0551 9.3668 -0.2433 -2.9966 12.4552 5.4655 -7.9599 7.0018 9.1143 -3.8644 -12.4529 -16.3092 17.5829 -16.3963 -3.0250 4.5235 -7.3616 3.5762 -0.0000 -0.0000 0.0000 41.7928 -74.1438 -76.5629 5.2761 -9.0495 -0.4178 -0.0000 -0.0000 14.6514 47.4133 29.6769 28.3104 -7.1250 0.0000 -0.0000 25.2165 68.5227 14.5777 -0.0000 -0.0000 0.0000 162.5929 41.7875 139.6323 -25.0309 36.2356 -8.3082 0.0000 -0.0000 -77.0187 -33.0668 7.3568 -4.7656 7.1250 -0.0000 -0.0000 -4.5351 -21.2329 -2.5928
9.6770 17.0592 -2.3339 0.2227 18.4815 -5.8137 0.0000 0.0000 0.0000 -21.8094 -24.5055 -15.6805 3.8147 11.9097 35.4134 -0.1737 -9.0010 -2.2256 0.1375 -2.3895 -6.5834 0.0000 0.0000 0.0000 23.0562 -27.2478 3.2535 -1.3872 -7.4521 21.0618 -2.4043 -20.4860 -42.1164 -0.2030 -2.9010 8.0031 10.5269 9.3896 -0.4147 -3.4786 12.5361 5.5960 -8.1446 7.0561 9.3764 -4.2474 -12.3032 -14.7831 17.7368 -16.0797 -3.5461 4.7490 -7.3101 3.1983 0.0000 -0.0000 0.0000 39.0618 -74.3753 -73.4343 5.5861 -9.5700 -0.4680 -0.0000 -0.0000 10.5130 45.4830 29.7969 26.8110 -7.1250 0.0000 -0.0000 21.6785 68.0560 12.2277 0.0000 -0.0000 0.0000 161.1155 42.0869 138.9771 -24.8613 36.0619 -8.2081 0.0000 -0.0000 -75.1131 -33.3687 6.8598 -4.4978 7.1250 -0.0000 -0.0000 -4.8010 -21.7936 -2.6847
9.6342 17.0442 -2.3228 0.3666 20.2983 -5.8682 0.0000 0.0000 0.0000 -22.2176 -25.4267 -15.4015 3.7996 11.8888 35.3398 -0.2240 -9.6643 -1.6431 0.0362 -1.2279 -3.3761 0.0000 0.0000 0.0000 23.4654 -27.5216 3.2556 -1.3692 -7.4056 20.9226 -2.6499 -21.2285 -43.7930 -0.2085 -2.9397 8.1110 10.0650 9.1432 -0.4723 -3.7151 12.2348 5.5095 -8.2128 6.8814 9.1842 -5.3225 -11.5891 -13.7487 18.2632 -15.0061 -3.5024 5.2333 -6.8119 3.0756 -0.0000 -0.0000 0.0000 34.1255 -74.7821 -65.3670 6.2236 -10.6347 -0.5798 -0.0000 -0.0000 2.9493 47.7682 30.0205 28.8614 -7.1250 0.0000 -0.0000 26.0531 69.0255 15.3760 -0.0000 -0.0000 0.0000 159.2685 42.2556 137.6378 -24.5714 35.7627 -8.0381 0.0000 -0.0000 -73.1979 -33.5272 6.9168 -4.5620 7.1250 -0.0000 -0.0000 -4.9099 -21.7117 -2.7552
9.6101 17.0346 -2.3196 0.1354 21.2528 -6.2589 0.0000 0.0000 0.0000 -22.2395 -26.0387 -15.0120 3.8489 11.9566 35.5787 -0.2624 -10.1681 -1.2473 0.0524 -1.4775 -4.0637 0.0000 0.0000 0.0000 23.9565 -27.5414 3.7649 -1.3268 -7.2946 20.5912 -2.5242 -21.9344 -43.8730 -0.2530 -3.2361 8.9367 10.4080 9.0830 -0.3523 -4.0103 12.1817 5.4300 -8.7503 6.8970 9.1723 -4.8276 -10.8854 -12.8621 17.4227 -14.1221 -3.3621 5.0452 -6.4522 2.7633 -0.0000 -0.0000 0.0000 29.8725 -75.7223 -58.5450 7.4151 -12.6004 -0.8198 -0.0000 0.0000 -5.2881 50.3583 29.9305 31.0577 -7.1250 0.0000 -0.0000 31.3204 69.7187 19.1612 -0.0000 -0.0000 0.0000 157.7040 43.7799 136.9257 -24.4166 35.6017 -7.9478 0.0000 -0.0000 -70.6603 -33.5813 6.1889 -4.0940 7.1250 -0.0000 -0.0000 -5.0202 -22.5723 -2.7188
9.5930 17.0312 -2.3346 0.8763 22.2897 -6.0613 0.0000 0.0000 0.0000 -23.2184 -26.6051 -14.6270 3.7827 11.8654 35.2576 -0.2956 -10.4918 -0.7075 0.0460 -1.3837 -3.8053 0.0000 0.0000 0.0000 23.3261 -28.0474 3.2073 -1.4322 -7.5668 21.4059 -2.6783 -21.9654 -44.5310 -0.2667 -3.3224 9.1777 9.5868 8.5885 -0.3387 -4.3927 11.5674 5.2520 -8.8566 6.5375 8.7078 -3.8429 -9.8209 -12.7590 15.6197 -12.8147 -2.8471 4.4855 -5.8582 2.5437 0.0000 -0.0000 0.0000 20.2660 -75.9181 -47.4158 9.6176 -16.1392 -1.3667 -0.0000 0.0000 -12.5543 54.5013 30.8538 35.7170 -7.1250 0.0000 -0.0000 42.1496 71.8998 28.3988 0.0000 -0.0000 0.0000 155.9250 44.4482 135.7290 -24.0165 35.1817 -7.7160 0.0000 -0.0000 -67.0025 -35.2024 7.4234 -5.2081 7.1250 -0.0000 -0.0000 -6.0590 -20.9421 -3.5125
9.5570 17.0105 -2.3556 1.0422 22.5582 -6.2243 0.0000 0.0000 0.0000 -23.3530 -26.7384 -14.4720 3.7691 11.8466 35.1914 -0.3257 -10.9711 -0.6594 0.0322 -1.1585 -3.1849 0.0000 0.0000 0.0000 23.3880 -27.7992 2.7985 -1.5826 -7.9365 22.5212 -2.8960 -21.9343 -45.3776 -0.3031 -3.5399 9.7856 8.9910 8.2027 -0.0237 -4.3162 11.0719 5.0514 -8.5993 6.2140 8.0271 -4.3336 -8.4767 -13.6445 14.5757 -11.0680 -1.3807 4.3498 -4.9357 2.9093 0.0000 -0.0000 0.0000 10.9799 -76.1195 -39.1319 11.7354 -19.4066 -2.0135 -0.0000 0.0000 -18.7135 53.1298 29.0434 32.9145 -7.1250 0.0000 -0.0000 36.7131 69.5437 22.6062 0.0000 -0.0000 0.0000 153.5490 45.1085 132.8907 -23.6622 34.8050 -7.5129 0.0000 -0.0000 -61.4418 -34.7366 5.3404 -3.6924 7.1250 -0.0000 -0.0000 -5.9484 -23.4972 -3.0996
9.5395 17.0067 -2.3846 1.0560 21.9373 -6.3773 0.0000 0.0000 0.0000 -23.2216 -26.4152 -14.4198 3.7298 11.7919 34.9998 -0.3384 -10.9608 -0.1294 0.0624 -1.6121 -4.4348 0.0000 0.0000 0.0000 23.4760 -26.9732 2.8270 -1.6499 -8.0951 23.0034 -2.9433 -22.2976 -45.8624 -0.2192 -3.0140 8.3178 8.7797 7.9039 0.3171 -4.4413 10.6933 4.5560 -8.7663 5.9635 7.1770 -3.3445 -6.6407 -13.0825 12.9322 -8.7120 -1.0644 3.9114 -3.8500 2.5566 0.0000 -0.0000 0.0000 -0.4760 -75.9344 -29.9505 14.6077 -23.5968 -3.0672 -0.0000 0.0000 -23.8511 49.4667 28.7872 29.3868 -7.1250 0.0000 -0.0000 28.7513 68.1423 16.4979 0.0000 -0.0000 0.0000 151.4593 45.8906 131.0450 -23.8526 35.0080 -7.6218 0.0000 -0.0000 -56.8399 -35.6171 4.7991 -3.4299 7.1250 -0.0000 -0.0000 -6.6523 -24.0879 -3.3799
9.5221 17.0249 -2.4068 1.0888 21.2424 -6.8615 0.0000 0.0000 0.0000 -23.3213 -26.2451 -13.6399 3.6674 11.7041 34.6931 -0.3038 -10.4810 -0.3497 0.0677 -1.6786 -4.6181 0.0000 0.0000 0.0000 23.1890 -26.7659 3.6908 -1.5871 -7.9472 22.5539 -3.0136 -21.7608 -45.6998 -0.2516 -3.2277 8.9133 8.5604 7.7638 0.9775 -4.4193 10.5434 4.1615 -8.7711 5.8238 6.2837 -2.7552 -4.8921 -12.6733 11.5037 -6.3997 -1.0133 3.5618 -2.7719 2.2377 -0.0000 -0.0000 0.0000 -12.9755 -75.6701 -19.7972 17.9853 -28.1384 -4.5423 -0.0000 0.0000 -28.9963 48.2493 28.0130 27.7538 -7.1250 0.0000 -0.0000 26.0467 66.8666 14.1145 -0.0000 -0.0000 0.0000 148.8569 47.1462 128.0903 -23.7636 34.9133 -7.5708 0.0000 -0.0000 -50.9937 -36.8362 3.7874 -2.8327 7.1250 -0.0000 -0.0000 -7.6672 -25.2467 -3.6961
9.5030 17.0487 -2.4329 1.5181 19.8996 -6.5512 0.0000 0.0000 0.0000 -23.3060 -25.9782 -13.5683 3.5297 11.5068 34.0089 -0.2437 -9.4792 -0.5121 0.0297 -1.1133 -3.0607 0.0000 0.0000 0.0000 22.9271 -25.3422 3.8122 -1.5939 -7.9635 22.6031 -2.9658 -21.8743 -45.6039 -0.2804 -3.4057 9.4105 7.7010 7.6384 0.8928 -4.4454 10.3665 3.7533 -8.3711 5.6503 5.6836 -1.7688 -2.8804 -12.8959 9.4382 -3.7801 -1.1508 3.2132 -1.5491 2.1568 -0.0000 0.0000 0.0000 -21.5125 -74.3321 -13.1021 21.9881 -32.9636 -6.5794 -0.0000 0.0000 -34.9306 48.3468 28.1398 27.9331 -7.1250 0.0000 -0.0000 26.2837 67.0445 14.3560 -0.0000 0.0000 0.0000 146.8372 48.1386 126.3809 -23.5467 34.6812 -7.4470 0.0000 -0.0000 -43.9326 -37.6724 4.5443 -3.5007 7.1250 -0.0000 -0.0000 -8.1937 -24.2504 -4.1460
9.4855 17.0847 -2.4494 0.9538 18.3301 -6.9259 0.0000 0.0000 0.0000 -22.3852 -25.4294 -13.2759 3.4475 11.3865 33.5947 -0.2000 -8.7083 -0.7210 0.0958 -1.9964 -5.4958 0.0000 0.0000 0.0000 23.3749 -24.6871 4.6619 -1.4801 -7.6868 21.7668 -2.8346 -21.5840 -44.8440 -0.2935 -3.4838 9.6286 7.9184 7.6375 1.3974 -4.4569 10.3821 3.0710 -8.6279 5.5998 4.7139 -0.7219 -1.0624 -12.9103 8.3401 -1.5011 -0.7808 2.7802 -0.4439 2.1008 0.0000 -0.0000 0.0000 -31.5133 -73.4395 -6.6723 25.8955 -37.1054 -8.8245 -0.0000 0.0000 -39.0742 47.0081 27.5269 26.3700 -7.1250 0.0000 -0.0000 23.6556 65.9107 12.2403 0.0000 -0.0000 0.0000 145.1175 49.3071 124.2015 -23.0073 34.0968 -7.1424 0.0000 -0.0000 -36.1735 -39.1366 4.6311 -3.7590 7.1250 -0.0000 -0.0000 -9.2540 -24.0260 -4.7441
9.4647 17.0973 -2.4754 0.9869 16.6340 -7.2169 0.0000 0.0000 0.0000 -22.0693 -24.4865 -13.0978 3.4371 11.3711 33.5419 -0.1532 -7.9411 -1.2492 0.0767 -1.7861 -4.9150 0.0000 0.0000 0.0000 23.0743 -24.2545 5.6544 -1.3541 -7.3663 20.8051 -2.6866 -20.9988 -43.7538 -0.3317 -3.7012 10.2375 7.3786 7.4908 1.8014 -4.1255 10.1858 2.8891 -8.0751 5.4361 4.0817 -1.5256 0.6257 -13.0358 8.0374 0.8783 -0.8781 2.9642 0.7257 1.9700 -0.0000 0.0000 0.0000 -39.0870 -72.7910 -4.6875 30.4219 -41.2523 -11.6868 -0.0000 0.0000 -43.4036 44.5041 27.6269 24.5013 -7.1250 0.0000 -0.0000 19.5318 65.2488 9.7295 -0.0000 0.0000 0.0000 144.0140 50.6558 123.2648 -22.2715 33.2825 -6.7342 0.0000 -0.0000 -28.4611 -38.4311 6.0846 -4.8076 7.1250 -0.0000 -0.0000 -8.5407 -22.2583 -4.7205
9.4506 17.1216 -2.5038 0.4594 14.8688 -7.1660 0.0000 0.0000 0.0000 -20.9509 -24.1314 -13.4026 3.4410 11.3768 33.5616 -0.1030 -7.0566 -1.8846 0.0702 -1.7093 -4.7029 0.0000 0.0000 0.0000 23.5942 -23.4725 5.8798 -1.2612 -7.1188 20.0678 -2.4430 -21.0503 -42.7686 -0.3021 -3.5339 9.7688 7.5222 7.5214 1.8886 -3.9073 10.2166 2.2676 -7.9848 5.3928 3.3636 -1.3117 2.4433 -11.8481 7.1935 3.3621 -1.9142 2.7090 1.8938 1.2871 -0.0000 0.0000 0.0000 -47.7688 -72.1602 -1.4272 34.8429 -44.6996 -14.7027 -0.0000 0.0000 -47.3081 42.9361 26.1676 22.3093 -7.1250 0.0000 -0.0000 16.9125 63.0698 7.5297 -0.0000 0.0000 0.0000 142.8186 52.2288 122.2793 -21.7530 32.6968 -6.4519 0.0000 -0.0000 -20.3870 -39.0501 6.5987 -5.3259 7.1250 -0.0000 -0.0000 -8.9103 -21.5462 -5.0758
9.4444 17.1419 -2.5103 0.6749 13.3697 -7.4074 0.0000 0.0000 0.0000 -21.0472 -23.2051 -12.8826 3.3453 11.2341 33.0737 -0.0682 -6.3900 -2.3664 0.1275 -2.3018 -6.3404 0.0000 0.0000 0.0000 22.8178 -23.6827 6.5529 -1.1991 -6.9479 19.5612 -2.0908 -20.8693 -41.0594 -0.1237 -2.2675 6.2456 6.9553 7.4417 2.2102 -3.9220 10.1180 1.9736 -7.7728 5.2937 2.7538 -0.9200 3.7878 -10.9655 6.6526 5.1825 -3.0089 2.4754 2.7528 0.7076 -0.0000 -0.0000 0.0000 -54.5843 -71.9091 -0.1049 39.0254 -47.4818 -17.7175 -0.0000 0.0000 -50.7528 37.4393 24.4124 17.5596 -7.1250 0.0000 -0.0000 9.4973 59.4825 3.3776 -0.0000 -0.0000 0.0000 142.1811 54.2852 121.9955 -21.6694 32.6013 -6.4068 0.0000 -0.0000 -13.9044 -39.3933 8.2577 -6.7268 7.1250 -0.0000 -0.0000 -8.9038 -19.4100 -5.5053
9.4232 17.1877 -2.5070 1.7009 12.0053 -7.1730 0.0000 0.0000 0.0000 -21.7949 -22.4517 -12.4882 3.1736 10.9709 32.1818 -0.0376 -5.4309 -2.4971 0.1118 -2.1559 -5.9368 0.0000 0.0000 0.0000 21.6360 -22.5541 6.9217 -1.1899 -6.9220 19.4846 -2.0056 -20.7224 -40.5375 -0.1234 -2.2642 6.2364 5.4558 7.5276 2.1979 -4.2130 10.2082 1.5658 -7.2938 5.2772 2.1350 -0.9135 4.8519 -12.1156 6.4785 6.4963 -1.6173 2.5443 3.4418 1.3068 0.0000 -0.0000 0.0000 -60.6978 -71.2610 2.0644 43.7568 -50.1447 -21.2800 -0.0000 0.0000 -54.9501 36.1581 22.3044 15.5011 -7.1250 0.0000 -0.0000 8.1254 56.7294 2.3467 0.0000 -0.0000 0.0000 142.0440 56.4496 122.1412 -21.3307 32.2123 -6.2253 0.0000 -0.0000 -5.7058 -38.6465 10.8411 -8.5530 7.1250 -0.0000 -0.0000 -7.9919 -16.2895 -5.4836
9.4115 17.1773 -2.5206 1.4704 10.4194 -7.5609 0.0000 0.0000 0.0000 -21.3019 -21.1556 -12.2647 3.1632 10.9547 32.1273 -0.0078 -4.7742 -3.0615 0.2480 -3.2044 -8.8484 0.0000 0.0000 0.0000 21.7530 -21.6633 7.7166 -1.1518 -6.8143 19.1663 -1.9486 -20.5052 -40.0748 -0.0955 -1.9929 5.4859 5.3964 7.5760 2.7899 -4.2964 10.2851 0.9626 -7.4875 5.2649 1.1947 -0.0304 5.8909 -10.9325 5.7760 7.8131 -2.0916 2.1437 4.0506 0.9444 -0.0000 -0.0000 0.0000 -66.4126 -70.8247 2.9789 46.0594 -51.2770 -23.0623 -0.0000 0.0000 -57.8186 32.7728 22.5519 13.8692 -7.1250 0.0000 -0.0000 4.2131 56.2147 1.1603 -0.0000 -0.0000 0.0000 141.9848 58.2610 121.9651 -21.6012 32.5233 -6.3701 0.0000 -0.0000 -0.2986 -36.7048 14.1509 -10.3293 7.1250 -0.0000 -0.0000 -6.1835 -12.5984 -4.7141
9.3988 17.2027 -2.5203 1.8343 8.5212 -7.6040 0.0000 0.0000 0.0000 -21.2418 -20.0261 -12.2737 3.1183 10.8841 31.8899 0.0183 -3.7696 -3.3829 0.1444 -2.4493 -6.7491 0.0000 0.0000 0.0000 21.2258 -20.7542 8.3920 -1.0885 -6.6306 18.6256 -1.8189 -20.3390 -39.3080 -0.0464 -1.3896 3.8215 4.6106 7.6780 2.6841 -4.2389 10.3914 0.8807 -6.9928 5.2989 1.0337 0.4374 6.7927 -10.2332 4.5646 9.0298 -3.2995 1.6481 4.6024 0.4665 0.0000 -0.0000 0.0000 -68.8374 -71.0026 1.0205 47.8934 -52.1097 -24.5016 -0.0000 0.0000 -61.2532 32.2768 21.6687 13.1276 -7.1250 0.0000 -0.0000 3.8081 55.1098 0.9464 0.0000 -0.0000 0.0000 142.5882 60.4188 124.6719 -22.4056 33.4324 -6.8079 0.0000 0.0000 4.7265 -34.9307 12.6698 -8.7090 7.1250 -0.0000 -0.0000 -5.2152 -14.6903 -3.7379
9.3865 17.1998 -2.5237 1.7038 6.7222 -7.5260 0.0000 0.0000 0.0000 -20.5811 -18.5141 -12.8924 3.1666 10.9599 32.1449 0.0436 -3.5919 -4.1865 0.2677 -3.3284 -9.1945 0.0000 0.0000 0.0000 21.3068 -19.8002 8.8652 -1.0235 -6.4357 18.0540 -1.8246 -19.4632 -38.5252 -0.1309 -2.3320 6.4241 4.6767 8.1280 2.6396 -4.3110 10.9875 0.3801 -7.1209 5.5732 0.6579 0.4801 6.9390 -9.2118 3.8964 9.2534 -3.8017 1.3765 4.6837 0.1646 0.0000 0.0000 0.0000 -73.6632 -70.7750 2.3300 48.9731 -52.5729 -25.3564 -0.0000 0.0000 -65.6303 29.7596 21.5404 11.8559 -7.1250 0.0000 -0.0000 1.0937 54.4273 0.2534 0.0000 0.0000 0.0000 142.1598 62.7737 124.7568 -22.4136 33.4413 -6.8124 0.0000 0.0000 10.3792 -33.0544 11.4132 -7.3378 7.1250 -0.0000 -0.0000 -4.0950 -16.4601 -2.7740
9.3672 17.2158 -2.5277 2.0928 4.5626 -7.3853 0.0000 0.0000 0.0000 -20.3609 -16.8261 -13.1884 3.1059 10.8645 31.8243 0.0592 -3.0792 -4.5252 0.1993 -2.8744 -7.9292 0.0000 0.0000 0.0000 20.7644 -18.7491 8.5288 -1.1115 -6.6979 18.8233 -1.7997 -18.6567 -37.6644 -0.0616 -1.6012 4.4047 3.7397 8.1123 2.6422 -4.2297 10.9246 -0.0856 -6.5895 5.4994 -0.0282 0.7802 7.7146 -9.2684 3.1154 10.2200 -3.3819 1.1281 5.1551 0.3386 0.0000 0.0000 0.0000 -73.3082 -69.8689 -1.5787 51.4948 -53.5809 -27.3725 -0.0000 0.0000 -69.6833 28.6821 23.8680 12.4820 -7.1250 0.0000 -0.0000 -0.6613 56.7430 -0.1903 0.0000 0.0000 0.0000 143.2271 63.7202 128.4698 -23.3377 34.4560 -7.3285 0.0000 0.0000 12.6366 -31.4583 12.2545 -7.3989 7.1250 -0.0000 -0.0000 -2.9060 -15.7066 -2.0134
9.3524 17.2052 -2.5441 1.2636 2.2884 -7.7349 0.0000 0.0000 0.0000 -18.9780 -14.8570 -13.5007 3.1612 10.9515 32.1166 0.0881 -2.7646 -5.3270 0.3703 -3.9084 -10.8191 0.0000 0.0000 0.0000 21.6571 -17.5196 9.0788 -1.1217 -6.7276 18.9110 -1.6625 -18.4315 -36.7534 -0.0350 -1.2080 3.3214 4.5268 8.1961 2.4803 -4.0337 11.0562 -0.1265 -6.7782 5.5690 0.1460 0.6337 8.2194 -8.8263 3.2807 10.9219 -3.6134 1.1890 5.5018 0.1646 -0.0000 -0.0000 0.0000 -73.9171 -69.6036 -3.4420 51.4322 -53.5571 -27.3222 -0.0000 0.0000 -72.4305 28.6198 23.3211 12.1898 -7.1250 0.0000 -0.0000 -0.5759 56.1350 -0.1573 -0.0000 -0.0000 0.0000 145.1281 65.2108 132.4235 -23.6569 34.7994 -7.5099 0.0000 0.0000 14.4602 -30.4219 12.4973 -7.2417 7.1250 -0.0000 -0.0000 -2.1709 -15.5719 -1.5096
9.3481 17.2083 -2.5397 1.9565 0.2457 -8.0114 0.0000 0.0000 0.0000 -19.3962 -12.9597 -13.2999 3.1373 10.9141 31.9908 0.1047 -2.2657 -5.7480 0.6120 -5.0069 -13.9282 0.0000 0.0000 0.0000 20.6676 -16.2527 9.3382 -1.2246 -7.0186 19.7705 -1.6353 -18.0738 -36.2797 -0.0126 -0.7257 1.9944 3.9031 8.0685 2.3581 -4.2852 10.8614 -0.2280 -6.7019 5.4651 0.0136 1.5271 8.5430 -7.7747 2.1359 11.3027 -4.3305 0.6397 5.6527 -0.1225 0.0000 -0.0000 0.0000 -73.1805 -68.9901 -6.0581 50.2274 -53.0868 -26.3558 -0.0000 0.0000 -75.9065 27.4693 22.7720 11.3777 -7.1250 0.0000 -0.0000 -1.6724 55.2921 -0.4227 0.0000 -0.0000 0.0000 146.5157 65.6509 134.9376 -24.0872 35.2563 -7.7568 0.0000 0.0000 17.6937 -27.8251 10.5133 -5.5009 7.1250 -0.0000 -0.0000 -0.5415 -18.1290 -0.3462
9.3382 17.2062 -2.5695 1.5836 -2.1942 -8.2238 0.0000 0.0000 0.0000 -18.3992 -11.1428 -13.7227 3.2444 11.0806 32.5521 0.1397 -2.0197 -6.6463 0.7150 -5.4037 -15.0636 0.0000 0.0000 0.0000 21.0010 -15.0789 9.4971 -1.2703 -7.1435 20.1413 -1.6880 -17.0693 -35.6481 -0.0156 -0.8077 2.2197 4.0820 8.0378 2.0470 -3.9555 10.8176 -0.0454 -6.3922 5.4528 0.3369 1.2607 8.4794 -7.3758 2.0104 11.2759 -5.4409 0.5889 5.6268 -0.5348 -0.0000 0.0000 0.0000 -73.4615 -69.0660 -7.1058 49.1979 -52.6668 -25.5350 -0.0000 0.0000 -78.6525 27.6937 23.3176 11.7367 -7.1250 0.0000 -0.0000 -1.5864 55.9294 -0.4255 -0.0000 0.0000 0.0000 147.3263 66.3160 136.8528 -23.7716 34.9218 -7.5754 0.0000 0.0000 19.8276 -27.2707 9.6519 -4.9397 7.1250 -0.0000 -0.0000 -0.2085 -19.1480 -0.1286
9.3489 17.1871 -2.5891 1.4721 -5.3016 -8.8311 0.0000 0.0000 0.0000 -17.7299 -8.6473 -13.7268 3.3426 11.2300 33.0597 0.1766 -1.4218 -7.5659 0.9186 -6.1065 -17.0937 0.0000 0.0000 0.0000 20.7775 -13.7862 9.9227 -1.3777 -7.4276 20.9884 -1.7312 -15.9194 -34.8724 -0.0005 -0.1430 0.3928 4.3390 8.0050 2.2619 -3.7725 10.7831 -0.1672 -6.3886 5.4231 0.0980 1.5476 7.9913 -6.1803 2.0164 10.6411 -5.6353 0.4791 5.2910 -0.7636 -0.0000 -0.0000 0.0000 -74.3306 -68.4150 -6.8418 47.1788 -51.7923 -23.9388 -0.0000 0.0000 -80.1923 26.4216 23.4899 11.2023 -7.1250 0.0000 -0.0000 -3.0166 55.8414 -0.8029 -0.0000 -0.0000 0.0000 147.0069 66.5860 137.3147 -23.5490 34.6837 -7.4483 0.0000 0.0000 20.8604 -25.6860 9.1612 -4.3789 7.1250 -0.0000 -0.0000 0.8930 -19.8344 0.5371
9.3661 17.1749 -2.6327 2.0704 -8.6905 -9.3255 0.0000 0.0000 0.0000 -17.7022 -6.3483 -13.6637 3.3810 11.2877 33.2565 0.1964 -0.3552 -8.2519 0.6647 -5.2142 -14.5206 0.0000 0.0000 0.0000 19.9490 -11.8099 9.5305 -1.6509 -8.0975 23.0106 -1.8743 -14.5912 -34.5534 -0.0000 0.0341 -0.0938 3.7289 7.7520 2.2994 -3.6497 10.4243 -0.2166 -5.9602 5.2306 -0.1564 2.7945 8.0003 -6.0354 1.3433 10.5473 -5.2577 0.0972 5.2248 -0.5685 -0.0000 0.0000 0.0000 -73.8753 -67.6560 -7.6131 46.4805 -51.4735 -23.3914 -0.0000 0.0000 -81.5464 26.0326 23.1390 10.8651 -7.1250 0.0000 -0.0000 -3.3225 55.3844 -0.8476 -0.0000 0.0000 0.0000 145.9980 66.3809 137.0027 -23.7633 34.9129 -7.5706 0.0000 0.0000 21.7884 -25.4266 8.4491 -3.9957 7.1250 -0.0000 -0.0000 1.0463 -20.6403 0.6104
9.4054 17.1227 -2.7005 1.4092 -12.9315 -9.5673 0.0000 0.0000 0.0000 -16.0578 -3.9580 -13.8634 3.4811 11.4359 33.7646 0.2349 0.5135 -9.3545 0.5879 -4.9094 -13.6502 0.0000 0.0000 0.0000 20.5901 -9.5476 8.8249 -1.9764 -8.8168 25.2238 -2.0206 -13.2947 -34.3493 -0.0232 0.9831 -2.7024 4.6443 7.5178 2.1703 -2.9763 10.1335 0.1398 -5.7134 5.1010 0.2806 1.3026 8.3893 -10.5927 3.7441 10.8881 -0.5047 1.4341 5.5307 1.4710 0.0000 -0.0000 0.0000 -75.9163 -67.5931 -6.0250 46.4221 -51.4464 -23.3456 -0.0000 0.0000 -81.0854 25.8192 23.2948 10.8319 -7.1250 0.0000 -0.0000 -3.6006 55.5060 -0.9293 0.0000 -0.0000 0.0000 145.3391 66.8170 137.0773 -23.6248 34.7650 -7.4916 0.0000 0.0000 20.7891 -26.6065 8.0640 -4.0194 7.1250 -0.0000 -0.0000 0.1769 -20.9755 0.1019
9.4511 17.1204 -2.7593 2.6042 -17.7688 -10.5444 0.0000 0.0000 0.0000 -16.5322 -0.7092 -13.2361 3.3830 11.2907 33.2665 0.2196 2.5499 -10.1708 0.3513 -3.8080 -10.5372 0.0000 0.0000 0.0000 19.1735 -6.7711 8.4874 -2.3296 -9.5213 27.4402 -1.9863 -11.5457 -32.8549 -0.0574 1.5453 -4.2506 4.0246 7.3065 2.3606 -2.9343 9.8405 0.4375 -5.3499 4.9591 0.3324 2.2965 8.0329 -10.6945 2.9525 10.2800 0.1986 1.0380 5.2140 1.8262 -0.0000 -0.0000 0.0000 -74.4183 -68.3517 -6.3104 44.9618 -50.7498 -22.2092 -0.0000 0.0000 -80.8731 25.3758 23.4540 10.6907 -7.1250 0.0000 -0.0000 -4.1270 55.5823 -1.0732 -0.0000 -0.0000 0.0000 143.9652 66.5884 134.6919 -23.6050 34.7437 -7.4802 0.0000 0.0000 21.0466 -27.1123 6.9407 -3.5404 7.1250 -0.0000 -0.0000 -0.2452 -22.1922 -0.1344
9.5072 17.1228 -2.8302 4.0246 -23.4829 -11.6365 0.0000 0.0000 0.0000 -16.9896 3.4197 -13.4869 3.4024 11.3196 33.3654 0.1639 4.8177 -10.9295 0.9009 -6.0490 -16.9266 0.0000 0.0000 0.0000 18.0894 -2.8214 8.3589 -2.6612 -10.1252 29.3832 -2.0024 -10.1916 -32.0011 -0.0742 1.7570 -4.8345 3.3365 7.0493 3.0329 -2.7767 9.4896 0.2589 -4.9396 4.7558 -0.4067 3.6242 8.1341 -9.5885 1.7407 10.3345 0.3848 0.4106 5.2062 1.8317 0.0000 0.0000 0.0000 -73.6113 -67.9789 -5.4242 44.5808 -50.5614 -21.9145 -0.0000 0.0000 -81.1299 25.3048 23.5093 10.6805 -7.1250 0.0000 -0.0000 -4.2215 55.6259 -1.1023 0.0000 0.0000 0.0000 141.4076 65.7568 130.4827 -23.6733 34.8169 -7.5192 0.0000 0.0000 21.4551 -27.5118 7.5920 -3.9364 7.1250 -0.0000 -0.0000 -0.5029 -21.4334 -0.2844
9.5933 17.1475 -2.8848 5.1737 -29.2924 -12.9744 0.0000 0.0000 0.0000 -17.0007 6.3911 -12.9567 3.4272 11.3564 33.4914 0.1549 6.8687 -12.8731 0.4452 -4.2812 -11.8690 0.0000 0.0000 0.0000 17.0573 0.1775 8.2570 -2.8740 -10.4883 30.5728 -1.8571 -8.6341 -30.0667 -0.1231 2.2621 -6.2306 2.8989 6.5110 3.3079 -2.0551 8.7646 0.5593 -3.9831 4.3899 -0.5081 3.9633 8.5827 -8.7141 0.8619 10.9620 0.4558 0.0799 5.4941 1.7790 0.0000 -0.0000 0.0000 -75.7506 -68.0140 -3.0297 44.1300 -50.3351 -21.5669 -0.0000 0.0000 -79.9013 24.6245 23.4921 10.3543 -7.1250 0.0000 -0.0000 -4.9402 55.4658 -1.2713 0.0000 -0.0000 0.0000 138.7076 65.4252 127.2969 -23.9645 35.1267 -7.6861 0.0000 0.0000 20.7466 -27.5470 7.2167 -3.7490 7.1250 -0.0000 -0.0000 -0.5485 -21.8521 -0.3050
9.7036 17.1518 -2.9243 6.7124 -35.4585 -14.3597 0.0000 0.0000 0.0000 -17.3486 9.1993 -12.3245 3.3465 11.2359 33.0796 0.0739 9.6271 -14.9005 0.3218 -3.6463 -10.0836 0.0000 0.0000 0.0000 15.9343 3.6525 7.5369 -3.1781 -10.9780 32.2057 -1.9128 -6.0963 -28.8956 -0.2021 2.8945 -7.9851 2.4961 6.0377 3.3585 -1.3713 8.1228 0.8332 -3.0518 4.0689 -0.4673 3.9073 9.0545 -8.2430 0.4714 11.6252 1.1690 0.0010 5.8219 1.9627 0.0000 -0.0000 0.0000 -81.2253 -68.2280 2.0152 43.8736 -50.2046 -21.3697 -0.0000 0.0000 -79.3987 22.2372 26.8814 10.4734 -7.1250 0.0000 -0.0000 -8.9429 58.4635 -2.9598 0.0000 -0.0000 0.0000 134.9408 65.4037 122.3304 -24.2980 35.4778 -7.8789 0.0000 0.0000 20.3766 -27.9707 6.7730 -3.5838 7.1250 -0.0000 -0.0000 -0.8811 -22.3213 -0.4805
9.8314 17.1503 -2.9523 8.8808 -41.6296 -16.0873 0.0000 0.0000 0.0000 -18.0866 12.1650 -11.9719 3.2514 11.0913 32.5885 -0.0348 12.1581 -16.8260 0.1155 -2.1908 -6.0333 0.0000 0.0000 0.0000 14.7361 7.6458 6.5527 -3.5087 -11.4762 33.9034 -1.9097 -3.8033 -27.6928 -0.3984 4.0526 -11.2246 1.6147 5.3834 3.7146 -0.5320 7.2316 0.6798 -1.7566 3.6092 -1.1032 3.2189 9.6083 -5.8349 0.2352 12.5486 0.8814 -0.0622 6.2751 1.4280 0.0000 0.0000 0.0000 -84.5263 -68.2291 6.2858 41.7245 -49.0590 -19.7321 -0.0000 0.0000 -78.2157 22.7061 24.3775 9.7987 -7.1250 0.0000 -0.0000 -7.3090 55.9918 -1.9783 0.0000 0.0000 0.0000 129.6051 65.2879 116.1006 -24.1059 35.2761 -7.7676 0.0000 0.0000 20.7992 -28.6280 7.1261 -3.8739 7.1250 -0.0000 -0.0000 -1.3405 -21.8744 -0.7448
9.9703 17.1794 -2.9637 10.8101 -47.2732 -17.7956 0.0000 0.0000 0.0000 -18.5150 14.7119 -11.6483 3.1371 10.9137 31.9895 -0.1097 14.1868 -18.8685 0.0179 -0.8634 -2.3729 0.0000 0.0000 0.0000 13.9242 11.0205 5.5912 -3.7131 -11.7685 34.9179 -1.8672 -1.4932 -26.4077 -0.3864 3.9920 -11.0542 1.3894 4.4176 3.0190 0.2460 5.9197 1.6478 -0.6838 2.9670 0.1195 2.0965 10.7252 -5.0209 0.4233 14.1359 0.0198 0.1281 7.0605 0.9338 0.0000 -0.0000 0.0000 -89.0687 -70.2716 11.6557 39.1094 -47.5333 -17.7795 -0.0000 0.0000 -77.1108 21.8084 25.3681 9.7278 -7.1250 0.0000 -0.0000 -8.6867 56.8221 -2.5300 0.0000 -0.0000 0.0000 126.9483 66.1327 110.9724 -24.6070 35.7995 -8.0589 0.0000 0.0000 21.7878 -29.6513 6.2162 -3.5273 7.1250 -0.0000 -0.0000 -2.1447 -22.8374 -1.1449
10.1196 17.1838 -2.9738 13.1944 -51.8612 -19.8391 0.0000 0.0000 0.0000 -19.3354 16.6312 -11.6512 3.0857 10.8325 31.7171 -0.1935 15.8731 -20.4799 0.0019 0.2819 0.7745 0.0000 0.0000 0.0000 12.9663 13.9760 4.3954 -3.9194 -12.0524 35.9177 -1.8261 0.5639 -25.4070 -0.2336 3.1105 -8.5865 0.7962 2.8962 3.2771 0.5083 3.8686 2.1365 -0.0351 1.9348 0.3745 4.2954 11.8343 -5.0022 -2.2637 15.5465 0.3428 -0.9076 7.7283 1.4634 0.0000 0.0000 0.0000 -92.8494 -71.8669 17.1651 36.3507 -45.7529 -15.7732 -0.0000 0.0000 -76.8961 21.3641 25.4660 9.5475 -7.1250 0.0000 -0.0000 -9.2045 56.8272 -2.6836 0.0000 0.0000 0.0000 124.5863 66.4938 106.0872 -25.1838 36.3912 -8.3987 0.0000 0.0000 22.1608 -27.3113 4.9273 -2.5396 7.1250 -0.0000 -0.0000 -0.4778 -24.4380 -0.2373
10.2527 17.2035 -2.9669 15.3535 -55.5964 -21.8299 0.0000 0.0000 0.0000 -19.9073 17.9425 -11.7896 3.0291 10.7420 31.4147 -0.2843 17.5940 -22.2249 0.0401 1.2933 3.5562 0.0000 0.0000 0.0000 12.3775 16.3268 3.6775 -4.0026 -12.1639 36.3143 -1.7034 1.2436 -24.3280 -0.3994 4.0578 -11.2392 0.4256 1.3259 3.8828 0.7423 1.7577 2.5074 0.4609 0.8694 0.3854 9.6941 12.6056 -5.9831 -8.5908 16.5147 2.2532 -3.1566 8.0731 3.1317 -0.0000 -0.0000 0.0000 -98.2206 -74.0021 26.1925 32.6114 -43.0292 -13.1562 -0.0000 0.0000 -77.3256 22.2565 24.2549 9.5431 -7.1250 0.0000 -0.0000 -7.7341 55.7716 -2.0530 -0.0000 -0.0000 0.0000 119.9434 66.3559 97.4815 -25.7613 36.9721 -8.7437 0.0000 0.0000 22.6758 -29.4128 6.6948 -3.7603 7.1250 -0.0000 -0.0000 -1.9395 -22.3069 -1.0588
10.3632 17.2008 -2.9710 16.1017 -58.7620 -22.5441 0.0000 0.0000 0.0000 -19.4511 19.0092 -12.3711 3.1170 10.8821 31.8834 -0.2169 18.0003 -23.5323 0.0924 1.9604 5.3961 0.0000 0.0000 0.0000 12.5108 17.7688 2.6256 -4.0578 -12.2370 36.5755 -1.5506 2.1730 -22.9463 -0.4706 4.3996 -12.2038 0.6144 -0.4269 4.4152 0.9464 -0.5884 3.0318 0.6476 -0.3108 0.6406 8.8375 14.0525 -5.3869 -8.5212 18.4980 1.1095 -2.9328 9.0711 2.7773 0.0000 -0.0000 0.0000 -106.7252 -75.4366 38.9313 30.0498 -40.9361 -11.4422 -0.0000 0.0000 -76.4234 21.5487 25.6599 9.7037 -7.1250 0.0000 -0.0000 -9.0975 57.0646 -2.7044 0.0000 -0.0000 0.0000 115.9545 65.7032 86.8397 -26.9977 38.1770 -9.4977 0.0000 0.0000 25.1578 -27.2484 6.6837 -3.4302 7.1250 -0.0000 -0.0000 -0.3569 -22.4709 -0.1934
10.4703 17.2155 -2.9463 19.5999 -60.2085 -25.0185 0.0000 0.0000 0.0000 -21.3823 20.0635 -13.4682 3.0572 10.7871 31.5653 -0.3280 18.6744 -23.5188 0.0730 1.7427 4.7950 0.0000 0.0000 0.0000 10.3391 18.7343 0.6258 -4.2479 -12.4832 37.4635 -1.4980 2.7461 -22.4134 -0.5666 4.8209 -13.3985 -0.6548 -2.4421 4.8248 0.3384 -3.3263 3.2012 0.8495 -1.6983 0.6446 9.8871 15.4042 -5.1530 -10.0772 20.3135 0.4516 -3.3624 9.9441 2.9595 -0.0000 0.0000 0.0000 -113.1874 -76.2351 50.0955 28.2043 -39.3036 -10.2528 -0.0000 0.0000 -76.6469 21.9627 26.3483 10.1475 -7.1250 0.0000 -0.0000 -8.9791 57.8580 -2.8409 -0.0000 0.0000 0.0000 112.0211 64.7072 79.4807 -27.9796 39.0974 -10.1108 0.0000 0.0000 24.8630 -29.8352 3.6921 -2.1151 7.1250 -0.0000 -0.0000 -2.4268 -25.7246 -1.1339
10.5507 17.2052 -2.9235 22.2651 -61.7692 -26.8124 0.0000 0.0000 0.0000 -22.5773 21.5339 -14.6292 2.9938 10.6850 31.2247 -0.3882 18.8627 -23.2353 0.0644 1.6379 4.5061 0.0000 0.0000 0.0000 9.0599 19.9754 -0.9458 -4.3996 -12.6739 38.1599 -1.4767 3.2160 -22.1539 -0.6191 5.0353 -14.0092 -1.6600 -4.1900 5.1650 0.1433 -5.7101 3.4730 1.3074 -2.9142 0.8653 10.3445 16.8355 -4.6722 -11.7813 22.2504 -0.8607 -3.7672 10.8910 2.9201 -0.0000 0.0000 0.0000 -124.5054 -75.7107 63.2257 27.0156 -38.1941 -9.5088 -0.0000 0.0000 -75.3335 21.0272 27.7353 10.1428 -7.1250 0.0000 -0.0000 -10.7152 59.0518 -3.7059 -0.0000 0.0000 0.0000 106.8158 63.7292 71.8119 -29.6170 40.5628 -11.1597 0.0000 0.0000 23.3516 -29.7722 4.7707 -2.7239 7.1250 -0.0000 -0.0000 -2.3211 -24.4880 -1.1511
10.5896 17.2129 -2.8801 25.7211 -64.2272 -29.0941 0.0000 0.0000 0.0000 -23.5794 23.9521 -16.4567 3.0000 10.6950 31.2580 -0.1726 18.0668 -24.0515 0.1224 2.2556 6.2125 0.0000 0.0000 0.0000 7.7807 21.5940 -2.8660 -4.4622 -12.7513 38.4446 -1.4203 4.3796 -21.5238 -0.6648 5.2145 -14.5214 -2.0691 -5.3089 5.0350 0.0700 -7.2223 3.6453 1.4811 -3.6859 1.2119 10.2550 17.7193 -4.8681 -13.6263 23.4420 -1.7867 -4.1306 11.4450 3.0224 0.0000 -0.0000 0.0000 -132.1811 -74.4855 73.3249 26.3010 -37.5044 -9.0703 -0.0000 0.0000 -72.8792 20.0942 25.6347 8.9937 -7.1250 0.0000 -0.0000 -10.6295 56.7285 -3.0797 0.0000 -0.0000 0.0000 102.8108 62.2931 66.0551 -30.4803 41.3015 -11.7253 0.0000 0.0000 21.8704 -30.9126 4.0944 -2.4481 7.1250 -0.0000 -0.0000 -3.2144 -25.2097 -1.5414
10.6185 17.2184 -2.8538 26.9451 -68.2347 -30.1365 0.0000 0.0000 0.0000 -22.2518 26.7988 -17.7949 3.1366 10.9130 31.9871 -0.0186 17.6553 -24.8473 0.1174 2.2087 6.0829 0.0000 0.0000 0.0000 9.0657 23.8550 -3.6191 -4.4356 -12.7186 38.3239 -1.3148 5.4799 -20.5648 -0.6605 5.1980 -14.4740 -0.9173 -5.6912 5.9422 0.5917 -7.7065 3.7964 1.4942 -3.9171 0.8082 9.9774 18.1104 -4.6380 -15.3313 23.9982 -2.6161 -4.5358 11.7146 2.9994 0.0000 0.0000 0.0000 -138.9106 -72.8367 81.1682 25.4678 -36.6784 -8.5678 -0.0000 0.0000 -70.4820 22.1996 23.9211 9.3956 -7.1250 0.0000 -0.0000 -7.6593 55.4151 -1.9666 0.0000 0.0000 0.0000 99.3980 60.6165 61.1475 -31.1560 41.8639 -12.1738 0.0000 0.0000 20.0807 -31.6439 4.7656 -2.9309 7.1250 -0.0000 -0.0000 -3.7149 -24.3877 -1.8532
10.6292 17.2023 -2.8527 35.9613 -69.8513 -38.0441 0.0000 0.0000 0.0000 -24.9196 28.4176 -18.8047 3.0336 10.7493 31.4388 -0.1138 18.6316 -25.4123 0.1526 2.5173 6.9375 0.0000 0.0000 0.0000 6.1902 25.6091 -5.5566 -4.6210 -12.9438 39.1586 -1.2641 7.6270 -20.0968 -0.6139 5.0147 -13.9506 -3.5737 -6.1376 6.3903 0.4001 -8.4440 3.3530 2.8381 -4.3161 0.4861 9.8515 18.4607 -4.1982 -16.0998 24.5801 -2.4154 -4.6764 12.0032 3.1518 0.0000 -0.0000 0.0000 -138.9427 -71.9540 82.0221 24.6333 -35.8268 -8.0743 -0.0000 0.0000 -68.2057 22.7290 23.7542 9.5778 -7.1250 0.0000 -0.0000 -7.0383 55.3501 -1.7948 0.0000 -0.0000 0.0000 98.8075 58.3880 59.8269 -31.6355 42.2546 -12.4950 0.0000 0.0000 18.3714 -32.9803 4.6639 -3.0203 7.1250 -0.0000 -0.0000 -4.7156 -24.4264 -2.3511
10.6196 17.1991 -2.8306 37.3403 -73.4361 -39.4971 0.0000 0.0000 0.0000 -23.0723 29.7637 -19.3808 3.2194 11.0421 32.4219 0.1173 18.6490 -27.3313 0.3321 3.7036 10.2442 0.0000 0.0000 0.0000 8.3910 28.2994 -5.2925 -4.5442 -12.8514 38.8145 -1.1634 7.9007 -19.2879 -0.5508 4.7545 -13.2096 -1.9692 -6.0726 6.3303 1.1766 -8.2911 3.9513 2.7068 -4.2499 1.0138 9.2868 18.4170 -4.3811 -17.4952 24.5019 -3.0947 -5.0031 11.9504 3.1004 0.0000 0.0000 0.0000 -143.7814 -71.4253 87.2247 23.6179 -34.7576 -7.4876 -0.0000 0.0000 -65.7002 22.6242 24.3315 9.7432 -7.1250 0.0000 -0.0000 -7.3770 55.9271 -1.9853 0.0000 0.0000 0.0000 98.3295 57.5628 57.9290 -32.2284 42.7285 -12.8956 0.0000 0.0000 17.6217 -32.5153 4.7477 -3.0202 7.1250 -0.0000 -0.0000 -4.3635 -24.3560 -2.1817
10.6139 17.2210 -2.8127 45.7766 -75.4567 -47.8387 0.0000 0.0000 0.0000 -23.6794 30.8700 -18.9776 3.0716 10.8101 31.6419 0.0762 19.8594 -28.6443 0.3609 3.8592 10.6808 0.0000 0.0000 0.0000 7.9808 30.1140 -5.4648 -4.5016 -12.7995 38.6225 -1.1109 9.0826 -18.9439 -0.7815 5.6439 -15.7545 -2.5309 -6.0357 6.4454 1.1290 -8.2910 4.2846 2.9483 -4.2782 1.3699 9.7068 18.8848 -3.7091 -18.1501 25.1837 -3.3045 -5.1976 12.3163 3.1619 -0.0000 0.0000 0.0000 -141.6137 -72.0277 86.8928 23.4513 -34.5787 -7.3929 -0.0000 0.0000 -65.1075 22.9721 25.0513 10.1758 -7.1250 0.0000 -0.0000 -7.3046 56.7456 -2.1107 -0.0000 0.0000 0.0000 100.9157 56.6293 59.3427 -32.2721 42.7630 -12.9252 0.0000 0.0000 16.5368 -33.1078 4.6528 -3.0279 7.1250 -0.0000 -0.0000 -4.8112 -24.4317 -2.3985
10.6035 17.2273 -2.8187 52.3200 -77.2201 -53.6089 0.0000 0.0000 0.0000 -23.9651 31.2925 -19.7350 3.0714 10.8098 31.6411 0.3535 19.7567 -30.4670 0.5369 4.6950 13.0407 0.0000 0.0000 0.0000 7.8386 31.6040 -6.5666 -4.4703 -12.7613 38.4813 -0.9590 10.2161 -17.8343 -0.6724 5.2436 -14.6046 -2.3885 -5.9658 5.7900 1.3255 -8.1791 4.2342 2.9921 -4.2241 1.6798 9.5617 18.9981 -3.6395 -18.1635 25.3674 -3.1699 -5.1607 12.4066 3.1986 0.0000 0.0000 0.0000 -140.5918 -72.1622 86.8885 23.0901 -34.1872 -7.1888 -0.0000 0.0000 -63.5901 23.6047 25.5301 10.6659 -7.1250 0.0000 -0.0000 -6.8262 57.3795 -2.0761 0.0000 0.0000 0.0000 102.2090 54.9581 59.9889 -33.1155 43.4186 -13.5014 0.0000 0.0000 14.9526 -34.1514 4.3004 -2.9119 7.1250 -0.0000 -0.0000 -5.6176 -24.7878 -2.7575
10.5892 17.2433 -2.8136 57.3578 -78.9437 -58.8279 0.0000 0.0000 0.0000 -23.0818 31.3529 -19.1768 3.0630 10.7964 31.5963 0.4627 20.5620 -32.1694 0.5792 4.8733 13.5475 0.0000 0.0000 0.0000 8.6038 31.8434 -6.5386 -4.3478 -12.6093 37.9232 -0.7851 12.2028 -16.8138 -0.4807 4.4460 -12.3350 -1.7005 -5.6377 6.0441 1.5581 -7.7284 4.3863 2.8650 -3.9921 1.6053 10.3356 18.8744 -3.4981 -18.2824 25.2718 -2.6797 -5.2742 12.3445 3.4237 -0.0000 0.0000 0.0000 -139.6873 -71.5769 86.7642 23.2030 -34.3100 -7.2524 -0.0000 0.0000 -60.9568 25.0600 26.4147 11.7506 -7.1250 0.0000 -0.0000 -5.6081 58.6299 -1.8727 -0.0000 0.0000 0.0000 103.5779 53.6851 60.1862 -33.3046 43.5629 -13.6316 0.0000 0.0000 12.3459 -35.2469 5.1440 -3.6253 7.1250 -0.0000 -0.0000 -6.3433 -23.6960 -3.2786
10.5651 17.2570 -2.8451 63.1489 -79.8182 -64.3601 0.0000 0.0000 0.0000 -22.9435 31.9407 -19.4948 3.0530 10.7804 31.5427 0.4840 20.7976 -32.5884 0.5593 4.7901 13.3110 0.0000 0.0000 0.0000 8.7948 32.6127 -6.8262 -4.2737 -12.5159 37.5824 -0.6763 13.0046 -16.1285 -0.4295 4.2059 -11.6567 -2.5241 -5.3753 5.7908 2.2970 -7.4357 4.4780 4.0233 -3.8942 2.0320 9.1221 18.7054 -5.0843 -17.2648 25.1078 -1.3315 -4.6913 12.1516 3.7608 0.0000 -0.0000 0.0000 -139.0147 -71.5454 86.5197 23.9242 -35.0840 -7.6629 -0.0000 0.0000 -58.1722 27.7201 27.4779 13.6284 -7.1250 0.0000 -0.0000 -3.0302 60.3887 -1.1378 0.0000 -0.0000 0.0000 103.5623 52.8286 61.8943 -34.0033 44.0872 -14.1154 0.0000 0.0000 6.8149 -36.8687 4.9723 -3.7192 7.1250 -0.0000 -0.0000 -7.5517 -23.7814 -3.8979
10.5516 17.2680 -2.8419 65.8589 -79.5805 -66.8488 0.0000 0.0000 0.0000 -23.5466 32.0352 -19.3733 2.9472 10.6091 30.9727 0.4741 20.9880 -32.7583 0.7022 5.3561 14.9270 0.0000 0.0000 0.0000 8.0216 32.2666 -7.0130 -4.1662 -12.3783 37.0837 -0.5953 13.7410 -15.6931 -0.3077 3.5662 -9.8594 -2.1876 -5.2426 5.8996 1.5911 -7.2155 4.2410 3.1412 -3.7424 1.5667 9.8711 18.2743 -5.3175 -16.0329 24.4474 -0.8461 -4.4979 11.8352 3.7777 0.0000 -0.0000 0.0000 -136.3295 -71.0617 88.0469 24.4714 -35.6588 -7.9797 -0.0000 0.0000 -55.6161 32.5466 29.8612 17.6286 -7.1250 0.0000 -0.0000 1.9577 64.2278 0.9119 0.0000 -0.0000 0.0000 106.0518 50.5521 61.9289 -35.2521 44.9913 -14.9913 0.0000 0.0000 1.3993 -35.1260 5.9279 -4.1555 7.1250 -0.0000 -0.0000 -6.1709 -22.7566 -3.3222
10.5245 17.2701 -2.8643 63.5131 -79.6790 -64.3533 0.0000 0.0000 0.0000 -23.2226 31.9001 -19.3926 2.9106 10.5489 30.7732 0.4359 21.0074 -32.5461 0.6193 5.0363 14.0121 0.0000 0.0000 0.0000 8.2286 31.6854 -7.2266 -4.1312 -12.3330 36.9204 -0.5503 14.0218 -15.4104 -0.3501 3.8018 -10.5197 -2.2528 -5.1542 5.6640 1.8086 -7.1033 4.3174 3.3659 -3.6972 1.8050 9.1493 17.7372 -5.8382 -15.2961 23.6140 -1.2185 -4.3091 11.4316 3.4663 -0.0000 0.0000 0.0000 -137.3862 -70.4522 91.8081 24.6739 -35.8688 -8.0981 -0.0000 0.0000 -49.8589 38.7278 29.7678 21.7103 -7.1250 0.0000 -0.0000 10.6371 65.9349 5.4020 -0.0000 0.0000 0.0000 107.1118 49.2273 62.7146 -36.5325 45.8759 -15.9036 0.0000 -0.0000 -7.8316 -36.4034 5.3915 -3.9632 7.1250 -0.0000 -0.0000 -7.1618 -23.3032 -3.7729
10.5093 17.2828 -2.8814 56.6232 -79.8434 -57.6639 0.0000 0.0000 0.0000 -22.0983 31.4238 -19.1984 2.9720 10.6495 31.1068 0.3919 20.7998 -32.0143 0.5991 4.9549 13.7800 0.0000 0.0000 0.0000 9.2820 30.9217 -6.5195 -3.9930 -12.1511 36.2687 -0.5789 13.8517 -15.5933 -0.3827 3.9729 -11.0006 -2.0937 -5.0958 5.9397 2.4071 -7.0455 4.4765 3.9093 -3.6865 1.8729 7.8777 17.0312 -7.0815 -13.9409 22.6028 -0.9158 -3.8146 10.9053 3.3260 0.0000 -0.0000 0.0000 -140.5783 -70.1417 98.3936 23.6836 -34.8278 -7.5251 -0.0000 0.0000 -42.5475 44.2728 30.0227 26.0032 -7.1250 0.0000 -0.0000 19.5781 67.9345 10.9524 0.0000 -0.0000 0.0000 108.1720 48.0932 63.6999 -37.3689 46.4315 -16.5068 0.0000 -0.0000 -16.7129 -36.1321 4.9558 -3.6088 7.1250 -0.0000 -0.0000 -7.0136 -23.8586 -3.6034
10.4942 17.3042 -2.9007 50.3896 -79.1040 -50.9508 0.0000 0.0000 0.0000 -22.1622 30.4188 -19.3884 2.8732 10.4869 30.5682 0.2976 20.8240 -31.4388 0.5885 4.9115 13.6563 0.0000 0.0000 0.0000 9.4570 31.2344 -6.3117 -3.9269 -12.0624 35.9532 -0.7261 11.8711 -16.2039 -0.3869 3.9942 -11.0602 -2.3711 -5.2136 5.7516 2.6511 -7.2066 4.3058 4.3058 -3.7736 1.8820 8.1015 16.3131 -6.9201 -14.5219 21.5642 -1.6157 -4.1620 10.4035 3.0838 0.0000 0.0000 0.0000 -140.9419 -69.7105 101.6216 22.7089 -33.7689 -6.9758 -0.0000 0.0000 -32.8965 46.5372 29.5033 27.4579 -7.1250 0.0000 -0.0000 23.5092 68.0501 13.2998 0.0000 0.0000 0.0000 110.1284 46.9305 65.4124 -37.9282 46.7934 -16.9133 0.0000 -0.0000 -24.4282 -35.3484 4.6518 -3.2923 7.1250 -0.0000 -0.0000 -6.4699 -24.2858 -3.2562
10.4839 17.3249 -2.9146 47.1090 -77.4191 -47.5822 0.0000 0.0000 0.0000 -22.9747 29.8338 -18.7466 2.6044 10.0253 29.0587 0.0275 21.2447 -30.1802 0.5658 4.8174 13.3886 0.0000 0.0000 0.0000 8.6954 30.7939 -6.0608 -3.9738 -12.1254 36.1771 -0.8489 10.8632 -17.0201 -0.3868 3.9936 -11.0585 -3.0064 -5.1096 6.1861 2.5611 -7.0954 4.2432 4.6089 -3.7249 1.6343 5.9483 15.2104 -8.0144 -13.3327 20.0255 -2.2026 -3.6883 9.6472 2.5742 -0.0000 0.0000 0.0000 -144.7904 -68.3934 106.7372 20.9140 -31.7279 -6.0047 -0.0000 0.0000 -21.3251 48.3755 27.6874 27.6048 -7.1250 0.0000 -0.0000 26.1258 66.5272 13.9590 -0.0000 0.0000 0.0000 111.3685 46.1549 66.8265 -38.3242 47.0451 -17.2025 0.0000 -0.0000 -32.8980 -34.3845 7.4021 -5.0383 7.1250 -0.0000 -0.0000 -5.4762 -21.0511 -3.1579
10.4644 17.3246 -2.9310 39.1354 -75.8540 -39.2009 0.0000 0.0000 0.0000 -22.6492 28.5145 -19.0916 2.5869 9.9943 28.9582 -0.0842 20.8350 -28.8116 0.5145 4.5976 12.7644 0.0000 0.0000 0.0000 8.9137 29.6056 -6.1206 -3.9061 -12.0345 35.8540 -0.9424 9.4565 -17.5687 -0.5711 4.8397 -13.4520 -2.2809 -5.2709 5.8205 2.4995 -7.2644 4.2520 4.1129 -3.7892 1.7612 5.9147 14.2381 -8.4789 -14.2104 18.6079 -3.0539 -4.0651 8.9241 2.3618 0.0000 -0.0000 0.0000 -147.4880 -67.2810 111.2235 19.2636 -29.7449 -5.1610 -0.0000 0.0000 -11.4238 48.2433 25.4706 25.7208 -7.1250 0.0000 -0.0000 24.9267 63.8694 11.7597 0.0000 -0.0000 0.0000 114.4445 45.7672 68.7321 -38.6008 47.2187 -17.4052 0.0000 -0.0000 -38.1469 -34.6782 9.2611 -6.3534 7.1250 -0.0000 -0.0000 -5.4736 -18.7931 -3.4341
10.4663 17.3566 -2.9496 39.0913 -73.4674 -38.7298 0.0000 0.0000 0.0000 -24.3941 27.8724 -19.2202 2.4656 9.7750 28.2513 -0.5363 21.7901 -26.7295 0.2232 3.0411 8.3932 0.0000 0.0000 0.0000 7.0878 28.3313 -6.3350 -3.8714 -11.9872 35.6869 -0.9577 9.2298 -17.6691 -0.5396 4.7064 -13.0731 -3.5008 -5.0479 6.1244 2.3453 -7.0152 4.1142 4.6574 -3.6809 1.5593 5.7322 13.3216 -8.6189 -15.5995 17.3215 -3.6827 -4.5667 8.2651 2.2084 -0.0000 0.0000 0.0000 -151.5681 -65.8496 115.5917 17.2377 -27.1701 -4.1953 -0.0000 0.0000 -0.7199 47.3259 25.6532 25.1537 -7.1250 0.0000 -0.0000 23.5110 63.8002 11.0159 -0.0000 0.0000 0.0000 116.5315 45.4504 69.7396 -40.1581 48.1633 -18.5569 0.0000 -0.0000 -43.8279 -32.7889 9.2135 -5.8888 7.1250 -0.0000 -0.0000 -4.1510 -19.0746 -2.5733
10.4774 17.3600 -2.9634 32.4171 -72.0893 -31.8980 0.0000 0.0000 0.0000 -23.4359 26.5741 -19.6070 2.4960 9.8307 28.4302 -0.4610 20.8607 -25.8425 0.2623 3.2947 9.1002 0.0000 0.0000 0.0000 7.9333 27.2382 -6.4884 -3.8812 -12.0006 35.7339 -1.0533 7.8944 -18.3610 -0.5210 4.6262 -12.8453 -2.4278 -5.1143 6.1756 2.7807 -7.0660 4.2633 4.5148 -3.6963 1.6148 5.3081 12.7050 -9.1834 -16.1249 16.5093 -3.6673 -4.6996 7.8246 2.2411 -0.0000 0.0000 0.0000 -155.0947 -64.4259 117.7348 15.2817 -24.5371 -3.3421 -0.0000 -0.0000 9.7422 44.4226 22.9031 20.8772 -7.1250 0.0000 -0.0000 18.4921 59.6229 6.7426 -0.0000 0.0000 0.0000 119.5622 45.3296 71.4171 -41.4863 48.9262 -19.5524 0.0000 -0.0000 -48.0668 -33.6104 11.0361 -7.2510 7.1250 -0.0000 -0.0000 -4.5218 -16.8256 -3.0289
10.4810 17.3653 -2.9852 32.3883 -69.9246 -31.4758 0.0000 0.0000 0.0000 -24.7303 25.7020 -19.7524 2.4212 9.6931 27.9887 -0.5645 20.7031 -24.6474 0.1898 2.8059 7.7390 0.0000 0.0000 0.0000 6.5100 25.7737 -7.1711 -3.9653 -12.1141 36.1369 -1.0468 7.6283 -18.2903 -0.5161 4.6044 -12.7837 -3.7440 -5.2070 6.4807 2.9579 -7.2563 4.1180 5.4674 -3.8210 1.5093 4.0600 12.1040 -10.3790 -15.9054 15.9166 -2.6201 -4.4158 7.4405 2.5628 0.0000 -0.0000 0.0000 -156.4034 -64.0158 118.3007 13.8584 -22.5320 -2.7736 -0.0000 -0.0000 17.1766 43.9269 21.4767 19.4257 -7.1250 0.0000 -0.0000 17.5720 57.7516 5.5995 0.0000 -0.0000 0.0000 122.3705 44.7126 72.7338 -43.3693 49.9441 -20.9830 0.0000 -0.0000 -53.3445 -34.5376 10.5359 -7.1728 7.1250 -0.0000 -0.0000 -5.2219 -17.2897 -3.4484
10.4826 17.3604 -2.9888 25.6379 -68.6425 -25.5651 0.0000 0.0000 0.0000 -22.6620 24.7830 -19.2553 2.5302 9.8926 28.6296 -0.4181 19.5909 -24.1473 0.2396 3.1503 8.6974 0.0000 0.0000 0.0000 8.6291 24.3086 -6.0403 -3.8986 -12.0242 35.8177 -1.1283 6.5214 -18.9680 -0.6551 5.1769 -14.4137 -1.4670 -5.2567 6.8687 3.1584 -7.2447 4.7800 4.4251 -3.7898 1.7181 4.1361 11.8066 -10.8408 -15.7628 15.5653 -2.1738 -4.3809 7.2361 2.7290 0.0000 -0.0000 0.0000 -157.4765 -63.6638 120.5342 12.9965 -21.2821 -2.4520 -0.0000 -0.0000 22.7828 42.6662 21.2578 18.4781 -7.1250 0.0000 -0.0000 15.9434 57.1433 4.8263 0.0000 -0.0000 0.0000 125.3704 44.7300 73.3844 -45.0886 50.8118 -22.3074 0.0000 -0.0000 -56.1435 -34.4405 11.0285 -7.4735 7.1250 -0.0000 -0.0000 -5.0941 -16.7172 -3.4272
10.4882 17.3487 -3.0033 27.8560 -65.7226 -27.4747 0.0000 0.0000 0.0000 -24.9422 23.5703 -18.6214 2.3565 9.5722 27.6021 -0.5736 19.6868 -22.7739 0.1239 2.2693 6.2505 0.0000 0.0000 0.0000 6.1910 22.5808 -6.4948 -4.0855 -12.2733 36.7059 -1.1784 6.5812 -19.3915 -0.4786 4.4365 -12.3080 -3.2849 -5.2773 6.9431 2.7740 -7.3627 4.9229 5.0266 -3.8982 2.0218 4.0228 11.2284 -11.2865 -15.8758 14.8996 -1.4410 -4.4189 6.8530 2.9595 0.0000 -0.0000 0.0000 -156.9714 -63.9991 121.1575 12.3296 -20.2971 -2.2153 -0.0000 -0.0000 25.6108 45.8649 24.2890 22.9745 -7.1250 0.0000 -0.0000 20.8449 61.7194 8.6886 0.0000 -0.0000 0.0000 126.4074 44.1387 74.6328 -47.0567 51.7372 -23.8430 0.0000 -0.0000 -60.1608 -37.6197 13.0399 -9.8641 7.1250 -0.0000 -0.0000 -6.9607 -13.7675 -5.1431
10.5076 17.3569 -3.0136 24.7387 -64.0238 -23.8950 0.0000 0.0000 0.0000 -24.5939 21.8196 -19.2513 2.4173 9.6860 27.9659 -0.5841 19.3125 -21.9854 0.0944 1.9811 5.4533 0.0000 0.0000 0.0000 6.4117 20.8518 -7.3942 -4.1384 -12.3423 36.9539 -1.2152 6.2572 -19.7058 -0.5366 4.6938 -13.0374 -2.2776 -5.1923 6.7661 3.1628 -7.1985 4.9383 4.8517 -3.7951 2.0400 3.2277 10.8303 -11.9490 -15.3760 14.5674 -0.4971 -4.1331 6.6367 3.2144 0.0000 -0.0000 0.0000 -157.0385 -63.9971 120.5893 11.7187 -19.3814 -2.0080 -0.0000 -0.0000 27.8830 44.3459 22.8000 20.7451 -7.1250 0.0000 -0.0000 18.3685 59.4763 6.6309 0.0000 -0.0000 0.0000 126.6876 43.8476 75.2130 -47.7626 52.0523 -24.3984 0.0000 -0.0000 -61.7117 -38.4025 12.5286 -9.7566 7.1250 -0.0000 -0.0000 -7.5618 -14.2458 -5.5176
10.5197 17.3547 -3.0461 21.7229 -61.9239 -20.9755 0.0000 0.0000 0.0000 -23.9091 19.6992 -18.9915 2.4099 9.6722 27.9217 -0.7838 19.6838 -20.3997 0.0375 1.2502 3.4376 0.0000 0.0000 0.0000 7.0670 19.1620 -7.5708 -4.1742 -12.3887 37.1214 -1.2496 5.0069 -20.0703 -0.5986 4.9530 -13.7746 -1.5204 -5.1637 6.8294 3.3691 -7.1379 5.2075 4.6382 -3.7573 2.2126 3.1907 10.4175 -11.9928 -15.0231 14.0851 0.0815 -4.0550 6.3934 3.3192 -0.0000 0.0000 0.0000 -156.6949 -64.4200 118.9882 10.9836 -18.2632 -1.7708 -0.0000 -0.0000 29.8850 43.2972 22.0586 19.4874 -7.1250 0.0000 -0.0000 16.8572 58.2842 5.5805 -0.0000 0.0000 0.0000 126.9237 43.3537 76.4240 -47.9028 52.1138 -24.5090 0.0000 -0.0000 -63.0240 -39.6988 13.0545 -10.6207 7.1250 -0.0000 -0.0000 -8.3322 -13.3377 -6.2532
10.5375 17.3549 -3.0787 21.4661 -58.6258 -20.7428 0.0000 0.0000 0.0000 -24.9201 17.6974 -18.4611 2.3877 9.6308 27.7893 -0.6902 18.8669 -19.8901 0.0992 2.0309 5.5912 0.0000 0.0000 0.0000 6.0364 16.8930 -7.3543 -4.2109 -12.4359 37.2918 -1.2854 4.2256 -20.4552 -0.5785 4.8706 -13.5397 -2.1721 -5.0301 7.4019 3.0548 -6.9836 5.2934 4.7214 -3.6887 2.0112 4.2552 9.9511 -11.0995 -15.6790 13.3674 0.0214 -4.5178 6.0724 3.2199 -0.0000 0.0000 0.0000 -154.9235 -64.9094 117.2763 10.5623 -17.6143 -1.6410 -0.0000 -0.0000 30.1384 44.0190 22.8339 20.5558 -7.1250 0.0000 -0.0000 17.9351 59.4237 6.4454 -0.0000 0.0000 0.0000 126.6685 42.7020 76.7534 -46.8005 51.6207 -23.6420 0.0000 -0.0000 -64.1442 -39.7773 14.6203 -11.8671 7.1250 -0.0000 -0.0000 -8.1106 -11.3752 -6.4179
10.5467 17.3433 -3.1298 17.1300 -54.7764 -16.8174 0.0000 0.0000 0.0000 -23.5760 14.7662 -18.6413 2.5639 9.9531 28.8250 -0.6035 17.7942 -18.8505 0.0442 1.3575 3.7329 0.0000 0.0000 0.0000 7.5077 14.0968 -6.8704 -4.1455 -12.3515 36.9871 -1.3661 2.4839 -21.4238 -0.4165 4.1424 -11.4775 -0.9663 -4.8701 7.4932 3.8951 -6.7297 5.5513 4.9140 -3.5553 2.1712 3.3575 8.9394 -11.9270 -15.1325 12.2379 1.2043 -4.2692 5.4458 3.5027 0.0000 -0.0000 0.0000 -156.2314 -64.3315 115.2970 10.1410 -16.9598 -1.5158 -0.0000 -0.0000 31.8855 44.8705 23.9075 21.9708 -7.1250 0.0000 -0.0000 19.3195 60.9640 7.6783 0.0000 -0.0000 0.0000 124.7634 42.9211 76.2074 -46.1039 51.2979 -23.0971 0.0000 -0.0000 -65.5072 -35.1138 12.9746 -8.9715 7.1250 -0.0000 -0.0000 -5.2968 -14.2971 -3.8415
10.5589 17.3377 -3.1911 13.7750 -49.9033 -13.9181 0.0000 0.0000 0.0000 -22.6267 11.5241 -18.5934 2.6551 10.1146 29.3485 -0.6673 16.9982 -16.1802 0.0019 0.2801 0.7695 0.0000 0.0000 0.0000 8.6205 10.5958 -6.5638 -4.1073 -12.3018 36.8080 -1.4118 0.7225 -22.2514 -0.4419 4.2653 -11.8241 0.1638 -5.2955 7.7287 4.1125 -7.2302 5.6964 4.5552 -3.7754 2.1310 2.9038 8.3940 -12.7633 -13.8667 11.6627 2.5414 -3.8206 5.1294 3.8706 0.0000 0.0000 0.0000 -153.8935 -65.6650 113.5656 10.1261 -16.9366 -1.5115 -0.0000 -0.0000 30.5149 46.2537 24.9601 23.7912 -7.1250 0.0000 -0.0000 21.6123 62.6420 9.4962 0.0000 0.0000 0.0000 125.9115 41.6111 76.6696 -46.1046 51.2983 -23.0977 0.0000 -0.0000 -64.2247 -34.6393 13.2355 -8.9884 7.1250 -0.0000 -0.0000 -4.9429 -14.0684 -3.6068
10.5535 17.3043 -3.2845 11.6726 -44.1187 -12.0560 0.0000 0.0000 0.0000 -22.2990 8.0595 -18.8050 2.7329 10.2495 29.7886 -0.5664 15.2560 -13.8572 0.0021 -0.2968 -0.8154 0.0000 0.0000 0.0000 9.3439 7.3675 -6.1607 -4.1121 -12.3081 36.8308 -1.5111 -1.2897 -23.7319 -0.2569 3.2612 -9.0069 0.7156 -5.0248 8.0505 4.7313 -6.8112 5.5390 4.9186 -3.5528 1.7725 1.4182 7.4354 -12.7920 -12.8938 10.6202 3.3220 -3.3807 4.6149 3.8843 0.0000 -0.0000 0.0000 -154.5242 -64.8527 110.6567 9.9265 -16.6246 -1.4539 -0.0000 -0.0000 32.2916 45.7540 22.8878 21.7669 -7.1250 0.0000 -0.0000 20.3188 59.9923 7.6218 0.0000 -0.0000 0.0000 124.2448 41.7212 76.1299 -44.0302 50.2844 -21.4901 0.0000 -0.0000 -63.0539 -58.2190 29.8123 -38.7447 7.1250 -0.0000 -0.0000 -14.7309 16.1062 -18.7636
10.5157 17.2860 -3.3777 9.9903 -37.3041 -10.7877 0.0000 0.0000 0.0000 -22.3269 4.7072 -18.3601 2.6462 10.0990 29.2980 -0.4272 12.9509 -11.1674 0.0377 -1.2538 -3.4474 0.0000 0.0000 0.0000 10.0643 3.6034 -5.8057 -4.1832 -12.4003 37.1632 -1.5907 -4.1727 -25.6367 -0.2563 3.2576 -8.9966 0.7561 -4.9379 8.0856 5.1460 -6.6846 5.6057 5.3235 -3.4941 1.8628 1.1862 6.4087 -13.0626 -12.5871 9.3291 3.9211 -3.3505 3.9605 3.9902 -0.0000 0.0000 0.0000 -153.7490 -65.1416 108.3358 10.1773 -17.0165 -1.5264 -0.0000 -0.0000 32.3884 45.6500 23.6235 22.2897 -7.1250 0.0000 -0.0000 20.3603 60.8531 8.0576 -0.0000 0.0000 0.0000 124.2011 41.6791 76.9106 -43.4228 49.9720 -21.0240 0.0000 -0.0000 -61.9766 -31.4507 15.3019 -9.1690 7.1250 -0.0000 -0.0000 -2.5505 -12.2109 -1.9553
10.4610 17.2796 -3.4826 8.0207 -29.9464 -9.4242 0.0000 0.0000 0.0000 -21.8890 0.7032 -18.0215 2.5820 9.9855 28.9297 -0.3228 10.7511 -8.1415 0.0365 -1.2326 -3.3892 0.0000 0.0000 0.0000 11.3822 -0.6140 -5.3883 -4.1183 -12.3162 36.8600 -1.7308 -6.4692 -27.8925 -0.1564 2.5484 -7.0238 1.9660 -4.6741 7.9196 5.1297 -6.2440 5.7145 4.5931 -3.2226 1.8959 1.8296 5.4217 -14.0710 -12.2325 8.0080 4.9903 -3.4311 3.2682 4.3957 -0.0000 0.0000 0.0000 -152.3555 -65.5563 108.2240 10.5232 -17.5537 -1.6292 -0.0000 -0.0000 31.2405 46.0636 24.5964 23.3629 -7.1250 0.0000 -0.0000 21.2226 62.1485 9.0695 -0.0000 0.0000 0.0000 124.6634 41.9761 77.7103 -42.4065 49.4328 -20.2488 0.0000 -0.0000 -61.9249 -33.1813 15.3417 -9.8156 7.1250 -0.0000 -0.0000 -3.6896 -11.8592 -2.8587
10.3708 17.2394 -3.5870 6.1524 -21.8857 -8.5456 0.0000 0.0000 0.0000 -21.4105 -3.0191 -17.8616 2.5723 9.9682 28.8737 -0.1592 7.3359 -4.8227 0.1593 -2.5718 -7.0888 0.0000 0.0000 0.0000 12.9633 -5.4572 -5.0447 -4.0819 -12.2686 36.6889 -1.8895 -8.5049 -30.1895 -0.0455 1.3765 -3.7853 3.6885 -4.4815 7.7547 4.9249 -5.8622 5.7713 3.3928 -2.9562 1.8274 1.7032 4.4743 -14.0732 -11.0517 6.6876 5.3493 -3.1616 2.6818 4.3542 -0.0000 0.0000 0.0000 -151.7101 -65.6702 105.7390 10.1518 -16.9767 -1.5190 -0.0000 -0.0000 33.0040 46.1644 23.1418 22.2601 -7.1250 0.0000 -0.0000 20.9641 60.4228 8.0930 -0.0000 0.0000 0.0000 125.9373 42.0040 78.4726 -41.8847 49.1477 -19.8533 0.0000 -0.0000 -62.3480 -32.3738 11.3899 -7.1363 7.1250 -0.0000 -0.0000 -3.6290 -16.5814 -2.4474
10.2765 17.2053 -3.6663 5.6756 -13.8394 -8.1800 0.0000 0.0000 0.0000 -22.3448 -7.2361 -17.1063 2.4166 9.6846 27.9614 -0.0774 4.9420 -2.2063 0.0767 -1.7868 -4.9169 0.0000 0.0000 0.0000 13.3475 -9.7937 -5.0198 -4.0730 -12.2570 36.6472 -2.1166 -10.1274 -32.6354 -0.0080 0.5771 -1.5857 3.8346 -3.9005 7.3248 5.0962 -5.0853 5.7551 3.4113 -2.5511 2.0236 0.2962 3.1040 -14.5237 -9.9274 5.0549 5.8942 -2.7200 1.8845 4.4169 0.0000 -0.0000 0.0000 -152.5055 -66.6249 105.0033 9.6592 -16.2047 -1.3783 -0.0000 -0.0000 33.1990 47.0446 23.2374 22.9650 -7.1250 0.0000 -0.0000 22.2573 60.8037 8.8239 0.0000 -0.0000 0.0000 125.9801 42.2244 80.6559 -40.2702 48.2292 -18.6405 0.0000 -0.0000 -63.0098 -31.8644 12.4007 -7.6031 7.1250 -0.0000 -0.0000 -3.1676 -15.4801 -2.2107
10.1298 17.1434 -3.7459 4.4023 -5.5638 -7.4178 0.0000 0.0000 0.0000 -22.2846 -10.9595 -17.3454 2.4008 9.6553 27.8677 -0.0023 1.2487 0.5259 0.2983 -3.5117 -9.7068 0.0000 0.0000 0.0000 15.1927 -14.1604 -5.6047 -4.0459 -12.2212 36.5191 -2.2479 -12.7446 -35.1934 -0.0000 0.0238 -0.0653 4.4923 -3.3245 7.0427 5.2842 -4.2528 5.4236 3.1888 -2.1051 1.7732 -1.6410 2.1218 -13.2206 -6.8683 3.6952 5.0652 -1.5841 1.4165 3.7674 -0.0000 0.0000 0.0000 -150.2351 -67.7753 101.2765 9.4846 -15.9293 -1.3300 -0.0000 -0.0000 33.9268 47.6063 22.7996 22.9998 -7.1250 0.0000 -0.0000 22.9253 60.4392 8.9049 -0.0000 0.0000 0.0000 127.3900 41.8190 82.2466 -39.4858 47.7623 -18.0576 0.0000 -0.0000 -65.5810 -32.7474 14.4030 -9.0891 7.1250 -0.0000 -0.0000 -3.5247 -13.0240 -2.6448
9.9826 17.0812 -3.7744 4.3811 1.5233 -7.2756 0.0000 0.0000 0.0000 -23.5151 -13.9359 -16.9385 2.3696 9.5968 27.6807 0.0009 -1.4577 2.1843 0.4124 -4.1223 -11.4211 0.0000 0.0000 0.0000 15.6486 -17.9471 -5.6652 -4.0052 -12.1673 36.3263 -2.7497 -13.4283 -38.2657 -0.0272 -1.0643 2.9257 4.3309 -2.2930 6.9379 5.0380 -2.8681 5.3887 2.9397 -1.4004 1.7519 -1.8356 1.1830 -12.6446 -5.6857 2.3306 4.4788 -1.4106 0.8386 3.7983 -0.0000 0.0000 0.0000 -148.4567 -69.1793 94.4629 8.9763 -15.1227 -1.1939 -0.0000 -0.0000 38.0120 46.1477 22.4968 21.7163 -7.1250 0.0000 -0.0000 20.7621 59.6316 7.6167 -0.0000 0.0000 0.0000 129.2366 41.7290 83.9546 -37.9576 46.8122 -16.9346 0.0000 -0.0000 -68.8389 -26.7164 8.5678 -4.2881 7.1250 -0.0000 -0.0000 0.1239 -20.4060 0.0729
9.8220 17.0339 -3.7769 4.3064 7.1132 -7.1091 0.0000 0.0000 0.0000 -24.2448 -15.8022 -16.6596 2.2952 9.4556 27.2312 -0.0041 -3.0026 4.0498 0.0175 -0.8530 -2.3445 0.0000 0.0000 0.0000 16.5867 -20.3279 -6.1309 -4.0521 -12.2294 36.5482 -2.9366 -15.5062 -40.6052 -0.0843 -1.8733 5.1555 4.7871 -0.8638 7.0474 4.5438 -0.9227 5.5289 2.0649 -0.3940 1.7819 -1.1637 -0.2225 -13.8061 -5.6599 0.4299 5.5960 -1.5252 -0.1371 3.9245 0.0000 -0.0000 0.0000 -145.3193 -71.2102 86.2070 8.7089 -14.6953 -1.1251 -0.0000 -0.0000 41.1748 45.6007 21.2559 20.3154 -7.1250 0.0000 -0.0000 19.6997 57.9496 6.4062 0.0000 -0.0000 0.0000 132.4550 41.3490 86.2058 -36.1297 45.6022 -15.6151 0.0000 -0.0000 -71.2635 -21.3612 0.9275 -0.3627 7.1250 -0.0000 -0.0000 4.0625 -28.9738 1.5898
9.6662 16.9983 -3.7619 4.1205 10.8338 -7.3334 0.0000 0.0000 0.0000 -24.6283 -16.6811 -16.4869 2.3545 9.5683 27.5899 -0.0576 -5.2417 5.1735 0.1303 -2.3272 -6.4108 0.0000 0.0000 0.0000 17.5171 -21.7893 -6.2190 -4.1101 -12.3055 36.8214 -3.1474 -16.8569 -42.5113 -0.0920 -1.9558 5.3834 5.4848 0.9746 8.1798 4.2870 1.6573 5.6874 1.2495 0.9225 1.3519 -1.8617 -1.4570 -13.4808 -3.9127 -1.2900 4.6735 -1.0823 -0.8750 3.9532 -0.0000 -0.0000 0.0000 -140.7531 -73.7978 75.0424 8.4278 -14.2440 -1.0549 -0.0000 -0.0000 46.6369 45.6488 21.8808 20.8676 -7.1250 0.0000 -0.0000 19.9192 58.7317 6.8594 -0.0000 -0.0000 0.0000 134.8572 40.5086 88.9352 -34.2636 44.2791 -14.2968 0.0000 -0.0000 -72.3951 -17.6721 -4.7861 1.5227 7.1250 -0.0000 -0.0000 7.4510 -34.9240 1.8566
9.5324 16.9686 -3.7072 3.4688 13.5253 -7.1775 0.0000 0.0000 0.0000 -24.0730 -17.6879 -16.6548 2.4170 9.6854 27.9640 -0.0913 -6.2149 5.6337 0.0538 -1.4965 -4.1162 0.0000 0.0000 0.0000 18.9279 -23.0222 -6.8877 -4.1909 -12.4102 37.1991 -3.1918 -17.7111 -43.3178 -0.1229 -2.2597 6.2238 6.7278 2.8836 8.4267 4.0729 4.2838 5.9083 0.1781 2.2863 1.6181 -2.0474 -2.5158 -13.7263 -2.2643 -2.7999 4.5995 -0.6114 -1.5401 3.9799 0.0000 0.0000 0.0000 -134.2432 -76.4648 60.8453 7.5417 -12.8072 -0.8476 -0.0000 -0.0000 52.1145 47.0101 24.9613 24.3565 -7.1250 0.0000 -0.0000 22.7730 62.8761 10.1591 0.0000 0.0000 0.0000 136.9203 39.6501 92.8200 -32.1507 42.6670 -12.8428 0.0000 -0.0000 -73.1794 -17.3006 -10.4287 3.2270 7.1250 -0.0000 -0.0000 8.6088 -40.7413 0.9117
9.4432 16.9609 -3.6063 3.9817 15.7450 -7.0222 0.0000 0.0000 0.0000 -24.9860 -18.4448 -16.1330 2.4147 9.6812 27.9505 -0.1542 -7.5429 5.8988 0.1504 -2.4993 -6.8877 0.0000 0.0000 0.0000 18.3669 -25.1895 -7.0634 -4.1907 -12.4099 37.1980 -3.2558 -17.4239 -43.3824 -0.1210 -2.2422 6.1754 7.0167 4.8404 8.8688 3.4927 6.9348 6.0719 -0.7410 3.6404 1.7856 -2.3052 -3.5077 -13.7711 -0.5448 -4.2196 4.3982 -0.0976 -2.1556 3.9612 0.0000 0.0000 0.0000 -127.0079 -78.5810 43.2744 6.3659 -10.8710 -0.6064 -0.0000 -0.0000 58.6564 47.1363 25.6764 25.0263 -7.1250 0.0000 -0.0000 23.2157 63.7690 10.8531 0.0000 0.0000 0.0000 137.7070 38.0397 95.2639 -31.1497 41.8587 -12.1696 0.0000 -0.0000 -72.6910 -16.5808 -10.5052 3.1074 7.1250 -0.0000 -0.0000 9.2500 -40.7566 0.9774
9.3814 16.9416 -3.5088 3.2391 17.8101 -6.8015 0.0000 0.0000 0.0000 -24.2899 -19.6980 -16.4123 2.5482 9.9251 28.7345 -0.1926 -8.1892 5.8056 0.0149 -0.7892 -2.1690 0.0000 0.0000 0.0000 19.5826 -26.9159 -6.9214 -3.9143 -12.0454 35.8929 -3.5221 -16.7077 -44.0031 -0.2027 -2.8988 7.9971 8.2443 6.3216 9.0376 3.2859 9.0062 6.0032 -1.7084 4.7209 1.9962 -1.3454 -3.8953 -14.2874 -0.4368 -4.9010 4.5737 -0.3003 -2.4660 4.1066 -0.0000 -0.0000 0.0000 -117.0502 -80.2298 20.8809 5.5082 -9.4395 -0.4551 -0.0000 -0.0000 69.5320 47.7258 25.4445 25.2950 -7.1250 0.0000 -0.0000 24.0765 63.6762 11.2265 -0.0000 -0.0000 0.0000 137.7428 36.3933 98.3364 -30.9396 41.6853 -12.0297 0.0000 -0.0000 -73.0554 -17.4690 -11.2505 3.5135 7.1250 -0.0000 -0.0000 8.6174 -41.6036 0.7280
9.3377 16.9567 -3.3913 3.3171 19.5249 -6.4119 0.0000 0.0000 0.0000 -24.6202 -20.5348 -16.3291 2.5622 9.9501 28.8154 -0.2551 -9.2174 5.8916 0.1104 -2.1424 -5.8994 0.0000 0.0000 0.0000 19.9473 -27.6850 -6.5218 -3.6814 -11.7239 34.7620 -3.8501 -16.2739 -45.0666 -0.2413 -3.1610 8.7273 8.4029 7.8032 9.0619 2.9004 11.0002 5.7870 -2.2586 5.7255 2.0483 -1.0877 -4.2230 -14.1469 0.1086 -5.4278 4.1701 -0.1951 -2.6908 3.9439 0.0000 -0.0000 0.0000 -104.6950 -79.8499 8.8345 5.4126 -9.2789 -0.4396 -0.0000 -0.0000 66.8524 47.4069 24.9992 24.6879 -7.1250 0.0000 -0.0000 23.4046 63.0443 10.5495 0.0000 -0.0000 0.0000 137.3945 34.9245 99.9120 -30.5062 41.3233 -11.7424 0.0000 -0.0000 -73.0919 -19.2699 -7.6578 2.6673 7.1250 -0.0000 -0.0000 6.4738 -38.0133 1.1192
9.3146 16.9620 -3.2841 3.7120 21.1813 -6.0052 0.0000 0.0000 0.0000 -25.2810 -21.8818 -15.7812 2.5695 9.9632 28.8577 -0.2577 -9.2531 5.8755 0.0154 -0.8021 -2.2045 0.0000 0.0000 0.0000 20.0379 -28.1710 -6.0115 -3.4448 -11.3824 33.5807 -3.4698 -18.2227 -44.8401 -0.1681 -2.6415 7.2822 7.8519 8.7077 9.0427 2.2904 12.1844 5.3830 -2.6593 6.2946 1.7697 -1.0938 -4.3147 -13.6331 1.2687 -5.6530 4.3219 0.1853 -2.7440 3.9394 0.0000 -0.0000 0.0000 -93.1649 -78.8748 0.8838 5.3563 -9.1843 -0.4305 -0.0000 -0.0000 62.2516 47.0180 26.6244 25.6816 -7.1250 0.0000 -0.0000 23.3537 64.8547 11.5096 0.0000 -0.0000 0.0000 137.3344 33.4838 102.1114 -29.8620 40.7748 -11.3194 0.0000 -0.0000 -73.8538 -24.3151 -1.1183 0.5052 7.1250 -0.0000 -0.0000 1.8002 -31.2039 0.6074
9.3042 16.9759 -3.1923 2.8893 22.8268 -6.2949 0.0000 0.0000 0.0000 -24.8490 -23.4053 -15.0192 2.5878 9.9959 28.9633 -0.2872 -9.7349 6.0751 0.0660 -1.6581 -4.5616 0.0000 0.0000 0.0000 21.2830 -28.5165 -5.3966 -3.2725 -11.1236 32.6978 -3.6509 -18.6524 -45.8688 -0.2776 -3.3886 9.3627 8.1838 8.9464 8.8372 2.1312 12.5210 5.1556 -2.9766 6.4689 1.7865 -1.1444 -3.9188 -13.2547 1.9250 -5.1788 4.5182 0.4565 -2.4788 3.9540 -0.0000 0.0000 0.0000 -86.6048 -77.9282 -4.6714 5.3957 -9.2506 -0.4368 -0.0000 -0.0000 58.5554 48.2770 26.1420 26.2947 -7.1250 0.0000 -0.0000 25.2668 64.6789 12.4048 -0.0000 0.0000 0.0000 137.0219 32.6452 104.8330 -28.9191 39.9487 -10.7087 0.0000 -0.0000 -74.0674 -27.7630 3.6249 -1.9062 7.1250 -0.0000 -0.0000 -0.8636 -25.8846 -0.4000
9.3196 16.9841 -3.1134 3.5480 24.3878 -5.7526 0.0000 0.0000 0.0000 -25.8859 -24.8106 -14.3707 2.5569 9.9407 28.7848 -0.2775 -9.6336 6.2596 0.0248 -1.0164 -2.7939 0.0000 0.0000 0.0000 20.9840 -28.4198 -5.4067 -3.2651 -11.1124 32.6598 -3.9511 -18.9003 -47.2052 -0.3971 -4.0458 11.2055 7.3023 9.1989 8.2824 1.3276 12.7653 4.8313 -3.2775 6.5764 1.7628 0.2276 -3.3359 -11.1854 1.3289 -4.5431 3.0049 0.1204 -2.1921 2.9526 0.0000 -0.0000 0.0000 -82.9226 -76.1533 2.9653 6.1820 -10.5654 -0.5722 -0.0000 -0.0000 45.9140 48.8361 28.1313 28.3366 -7.1250 0.0000 -0.0000 27.1862 67.1880 14.9664 0.0000 -0.0000 0.0000 136.8762 32.8172 107.0762 -27.9416 39.0624 -10.0868 0.0000 -0.0000 -73.7741 -30.5448 7.4144 -4.3546 7.1250 -0.0000 -0.0000 -2.7111 -21.3913 -1.5372
9.3229 16.9835 -3.0704 2.9554 25.6825 -6.0899 0.0000 0.0000 0.0000 -25.6558 -25.7556 -14.1970 2.6633 10.1290 29.3954 -0.3255 -10.3042 6.2123 0.0045 -0.4347 -1.1944 0.0000 0.0000 0.0000 21.8706 -28.6122 -5.0753 -3.1962 -11.0060 32.3002 -3.9418 -19.9084 -47.8633 -0.3931 -4.0258 11.1493 7.3843 9.0800 8.7124 1.1331 12.6730 4.2057 -3.6646 6.4879 0.9237 -1.2781 -3.4075 -11.7405 2.3717 -4.5519 5.4026 0.6973 -2.1582 3.9780 0.0000 0.0000 0.0000 -84.7134 -75.5795 0.8518 5.9925 -10.2496 -0.5379 -0.0000 -0.0000 48.7084 45.4140 24.9672 23.1827 -7.1250 0.0000 -0.0000 20.3521 62.3950 8.7987 0.0000 0.0000 0.0000 135.4670 32.9495 107.8379 -28.1564 39.2598 -10.2225 0.0000 -0.0000 -74.2252 -32.5145 7.1244 -4.5202 7.1250 -0.0000 -0.0000 -4.1589 -21.5575 -2.3459
9.3382 16.9671 -3.0261 3.0756 26.8063 -6.0995 0.0000 0.0000 0.0000 -26.1726 -26.8029 -13.7695 2.7399 10.2615 29.8279 -0.3524 -10.6510 6.1003 0.0244 -1.0088 -2.7731 0.0000 0.0000 0.0000 21.9563 -28.7037 -4.9488 -3.2078 -11.0241 32.3612 -4.1474 -20.4476 -48.9921 -0.5143 -4.5965 12.7611 6.6967 8.8299 8.3030 0.8313 12.2612 4.1914 -3.5409 6.2782 1.0032 -1.1646 -3.2225 -10.7019 1.6404 -4.2532 4.4080 0.4782 -2.0559 3.3908 -0.0000 -0.0000 0.0000 -85.2170 -74.6077 6.8150 6.9188 -11.7855 -0.7150 -0.0000 -0.0000 39.8880 45.4246 24.2544 22.6324 -7.1250 0.0000 -0.0000 20.1934 61.5455 8.3211 -0.0000 -0.0000 0.0000 134.4793 33.1723 107.2193 -28.4725 39.5476 -10.4232 0.0000 -0.0000 -72.6345 -32.5045 6.3048 -4.0027 7.1250 -0.0000 -0.0000 -4.2250 -22.5224 -2.2905
9.3574 16.9596 -3.0101 2.9746 27.4755 -5.9228 0.0000 0.0000 0.0000 -26.1884 -27.3244 -14.1937 2.8362 10.4251 30.3647 -0.3795 -11.0879 6.5730 0.0061 -0.5034 -1.3832 0.0000 0.0000 0.0000 22.3912 -28.3121 -5.1026 -3.2059 -11.0211 32.3512 -4.1792 -21.2466 -49.6577 -0.5026 -4.5448 12.6148 6.1191 8.4261 7.7927 0.6870 11.6525 4.0873 -3.3039 5.9623 1.0178 -2.9068 -2.6420 -11.5408 2.5636 -3.3046 5.5793 1.1482 -1.5741 4.0216 0.0000 -0.0000 0.0000 -84.0681 -72.6958 14.8849 8.6318 -14.5717 -1.1056 -0.0000 -0.0000 25.6005 45.3294 24.7670 22.9660 -7.1250 0.0000 -0.0000 20.1783 62.1306 8.5943 0.0000 -0.0000 0.0000 133.3453 33.2723 106.7509 -28.6965 39.7496 -10.5661 0.0000 -0.0000 -68.8347 -34.1558 2.6076 -1.7680 7.1250 -0.0000 -0.0000 -5.7712 -26.8195 -2.5587
9.3929 16.9260 -3.0314 4.2069 27.6060 -5.1448 0.0000 0.0000 0.0000 -27.4245 -27.5152 -14.0723 2.7354 10.2538 29.8027 -0.3825 -11.0986 6.4166 0.0138 0.7588 2.0855 0.0000 0.0000 0.0000 21.1136 -28.1037 -5.4824 -3.3215 -11.1982 32.9513 -4.3342 -20.7652 -49.8769 -0.5549 -4.7715 13.2581 4.4574 7.8702 7.3972 0.2589 10.7850 4.0294 -2.8009 5.4983 0.8553 -3.6045 -1.7182 -11.0759 2.6726 -1.9843 5.3114 1.4074 -0.9362 3.8071 -0.0000 -0.0000 0.0000 -82.3045 -71.0738 15.9620 10.3966 -17.3576 -1.5912 -0.0000 -0.0000 15.9059 44.6322 26.7313 23.9445 -7.1250 0.0000 -0.0000 19.5578 64.2426 9.2872 -0.0000 -0.0000 0.0000 131.7052 33.6476 107.2609 -29.0710 40.0837 -10.8064 0.0000 -0.0000 -66.5466 -34.5584 1.1014 -0.7585 7.1250 -0.0000 -0.0000 -6.2053 -28.6206 -2.4880
9.3985 16.9326 -3.0264 2.5285 26.1866 -6.4952 0.0000 0.0000 0.0000 -25.5414 -26.3438 -14.2355 2.8272 10.4099 30.3145 -0.4355 -11.7386 6.2532 0.0246 -1.0117 -2.7811 0.0000 0.0000 0.0000 22.5816 -27.1825 -4.1371 -3.1771 -10.9763 32.2001 -4.1574 -21.3018 -49.6189 -0.4765 -4.4270 12.2812 5.4436 7.8804 7.3500 0.4472 10.8515 4.3516 -3.0812 5.5692 1.3727 -3.7693 -1.2202 -11.3871 2.7664 -1.2916 5.3718 1.5184 -0.5912 3.8690 0.0000 -0.0000 0.0000 -89.0116 -71.4125 12.6106 11.7510 -19.4301 -2.0187 -0.0000 -0.0000 17.6069 43.9368 25.9975 22.8972 -7.1250 0.0000 -0.0000 18.3654 63.1697 8.2415 0.0000 -0.0000 0.0000 130.1530 33.9280 103.5045 -29.4204 40.3914 -11.0321 0.0000 -0.0000 -59.0806 -34.1679 -2.7480 1.8639 7.1250 -0.0000 -0.0000 -6.1666 -33.2547 -1.7841
9.4250 16.9365 -3.0425 2.8062 24.9089 -6.3189 0.0000 0.0000 0.0000 -25.5101 -25.6205 -14.5394 2.8173 10.3932 30.2597 -0.4211 -11.5110 5.8695 0.0221 -0.9603 -2.6395 0.0000 0.0000 0.0000 21.9207 -27.0700 -3.9683 -3.1479 -10.9307 32.0464 -3.9389 -20.6199 -48.3511 -0.4045 -4.0831 11.3105 4.3384 7.3665 7.0518 0.0674 10.0879 4.3437 -2.8272 5.1674 1.3291 -2.9618 0.0241 -11.6202 2.4644 0.2857 5.1230 1.3765 0.1953 3.7602 -0.0000 0.0000 0.0000 -80.6603 -67.6893 16.3966 15.1788 -24.3945 -3.2994 -0.0000 0.0000 -3.8908 43.4405 28.3053 24.1818 -7.1250 0.0000 -0.0000 17.9373 65.7069 9.1000 -0.0000 0.0000 0.0000 128.5315 34.1801 104.7166 -29.5796 40.5303 -11.1354 0.0000 -0.0000 -53.5066 -36.0108 -2.5963 1.8857 7.1250 -0.0000 -0.0000 -7.6559 -33.1191 -2.2462
9.4496 16.9628 -3.0576 1.9191 22.8189 -6.6577 0.0000 0.0000 0.0000 -24.0959 -25.1885 -14.9565 2.9247 10.5721 30.8501 -0.3606 -10.5883 4.5171 0.0286 -1.0912 -2.9997 0.0000 0.0000 0.0000 22.5293 -26.4167 -3.0704 -2.8905 -10.5157 30.6633 -3.5252 -20.6326 -46.8090 -0.3442 -3.7698 10.4298 4.6695 7.1322 6.5829 0.1045 9.7690 4.3947 -2.8822 5.0211 1.6635 -3.0645 0.8706 -11.4805 2.2502 1.4470 4.9196 1.3957 0.7578 3.6233 -0.0000 0.0000 0.0000 -81.1747 -65.2019 15.7362 18.3713 -28.6299 -4.7258 -0.0000 0.0000 -14.5746 43.3938 28.3363 24.1683 -7.1250 0.0000 -0.0000 17.8665 65.7282 9.0718 -0.0000 0.0000 0.0000 126.5980 34.0854 103.2321 -28.7188 39.7696 -10.5803 0.0000 -0.0000 -43.9032 -36.0681 -2.0212 1.4715 7.1250 -0.0000 -0.0000 -7.6549 -32.4158 -2.3770
9.4817 16.9915 -3.0837 1.8801 20.4745 -6.5844 0.0000 0.0000 0.0000 -23.5623 -24.8256 -14.9941 2.9186 10.5621 30.8167 -0.2669 -9.1141 3.3667 0.0572 -1.5437 -4.2462 0.0000 0.0000 0.0000 22.2179 -25.3683 -2.3134 -2.7087 -10.2079 29.6526 -3.4188 -19.8289 -45.8003 -0.3849 -3.9843 11.0325 4.6999 7.1246 6.1664 -0.4699 9.7440 4.5122 -3.4054 5.0332 2.1217 -2.9988 1.7010 -12.0686 2.8259 2.5157 5.0360 1.6616 1.3178 3.7424 0.0000 -0.0000 0.0000 -82.9085 -63.2164 14.3150 22.0885 -33.0769 -6.6341 -0.0000 0.0000 -23.7252 39.6679 29.1656 22.0053 -7.1250 0.0000 -0.0000 12.1171 65.5404 6.0527 0.0000 -0.0000 0.0000 125.6971 34.6517 100.5502 -27.3096 38.4729 -9.6911 0.0000 -0.0000 -32.4012 -36.1333 -0.8521 0.6221 7.1250 -0.0000 -0.0000 -7.6055 -30.9826 -2.6257
9.4989 17.0186 -3.1069 1.0262 18.2838 -7.0506 0.0000 0.0000 0.0000 -22.2562 -23.9394 -14.9829 2.9034 10.5369 30.7336 -0.2185 -8.2714 2.4921 0.0911 -1.9465 -5.3579 0.0000 0.0000 0.0000 22.7503 -24.7822 -1.4863 -2.5387 -9.9080 28.6792 -2.6646 -20.6844 -43.4004 -0.1438 -2.4442 6.7348 5.2698 6.8560 6.6465 -0.8024 9.4411 4.2030 -4.1332 4.8832 1.6595 -1.7008 2.8078 -11.9717 2.4532 3.8201 4.9503 1.3844 1.9734 3.6743 0.0000 0.0000 0.0000 -83.2037 -60.1479 13.2455 26.1377 -37.3444 -8.9710 -0.0000 0.0000 -33.9646 35.9714 29.3960 19.6082 -7.1250 0.0000 -0.0000 6.7472 64.7024 3.2239 0.0000 0.0000 0.0000 124.7167 35.1464 98.0254 -25.7849 36.9955 -8.7579 0.0000 -0.0000 -20.1399 -34.7055 -0.1030 0.0713 7.1250 -0.0000 -0.0000 -6.4160 -30.0733 -2.3504
9.5159 17.0724 -3.1299 1.0989 15.4890 -6.9456 0.0000 0.0000 0.0000 -21.6654 -22.5480 -15.0156 2.7941 10.3540 30.1308 -0.1541 -7.0048 1.5642 0.1385 -2.3988 -6.6090 0.0000 0.0000 0.0000 22.3963 -23.2423 -0.8497 -2.4276 -9.7051 28.0270 -2.5328 -20.1427 -42.3857 -0.1369 -2.3848 6.5705 5.0818 6.9660 6.8774 -1.4348 9.5934 3.7929 -4.7461 4.9438 1.2025 -0.8701 3.5637 -11.7721 2.5183 4.6912 5.2313 1.3166 2.4246 3.7296 0.0000 -0.0000 0.0000 -85.6971 -57.2933 12.1528 30.7386 -41.5181 -11.8962 -0.0000 0.0000 -41.8186 28.3561 31.3458 15.6825 -7.1250 0.0000 -0.0000 -4.2004 64.6223 -1.9965 0.0000 -0.0000 0.0000 124.0742 36.1109 95.3669 -23.8809 35.0381 -7.6381 0.0000 -0.0000 -4.5925 -34.3091 0.7861 -0.5364 7.1250 -0.0000 -0.0000 -6.0372 -29.0054 -2.3645
9.5291 17.0784 -3.1379 1.3130 13.2396 -6.5579 0.0000 0.0000 0.0000 -21.2118 -21.3496 -15.6918 2.8221 10.4014 30.2865 -0.1172 -6.2750 0.5540 0.1419 -2.4277 -6.6893 0.0000 0.0000 0.0000 21.9195 -22.5230 -0.6209 -2.3441 -9.5488 27.5276 -2.8724 -18.0588 -42.1998 -0.2269 -3.0659 8.4624 4.2626 6.7375 6.4104 -1.9186 9.2247 3.6472 -4.7440 4.7464 1.2117 -1.2841 4.3750 -12.8119 3.7725 5.7300 5.8318 1.9360 2.9980 4.0809 0.0000 0.0000 0.0000 -87.4491 -55.0722 9.9352 35.6538 -45.2734 -15.2760 -0.0000 0.0000 -48.7062 26.3888 27.3945 12.8597 -7.1250 0.0000 -0.0000 -4.5371 59.9725 -1.6598 0.0000 0.0000 0.0000 123.3419 38.0938 94.0407 -22.9572 34.0419 -7.1143 0.0000 0.0000 5.6063 -31.7477 4.8480 -2.9935 7.1250 -0.0000 -0.0000 -3.7860 -24.2851 -1.8978
9.5359 17.1101 -3.1681 0.4990 10.4777 -6.8658 0.0000 0.0000 0.0000 -19.7263 -19.7545 -16.2802 2.9647 10.6376 31.0673 -0.0808 -5.5782 -0.5246 0.3176 -3.6225 -10.0170 0.0000 0.0000 0.0000 22.5403 -21.4706 0.2076 -2.1643 -9.2001 26.4234 -2.4785 -17.9845 -40.3689 -0.0962 -2.0006 5.5074 4.9953 6.5429 6.3902 -2.2865 9.0056 3.9654 -5.4811 4.6828 1.7099 -0.8134 4.9153 -13.8006 3.9008 6.3556 6.1300 1.7835 3.3465 3.9015 0.0000 0.0000 0.0000 -88.0963 -54.0402 7.6571 39.9548 -48.0431 -18.4056 -0.0000 0.0000 -55.2404 21.9733 26.2217 10.1084 -7.1250 0.0000 -0.0000 -8.9067 57.7310 -2.7905 0.0000 0.0000 0.0000 122.8214 41.2505 95.8201 -22.8252 33.8971 -7.0405 0.0000 0.0000 13.2975 -31.6747 6.5045 -3.9982 7.1250 -0.0000 -0.0000 -3.6033 -22.3542 -1.9659
9.5318 17.1168 -3.1964 0.5900 7.5308 -7.1693 0.0000 0.0000 0.0000 -19.2726 -18.0675 -16.2546 2.9618 10.6330 31.0520 -0.0286 -3.7503 -1.0289 0.1827 -2.7531 -7.5920 0.0000 0.0000 0.0000 22.2785 -19.8300 1.0085 -2.1424 -9.1566 26.2865 -2.3344 -17.5866 -39.3686 -0.0555 -1.5198 4.1802 4.1515 6.4705 7.2769 -2.4171 8.8840 3.5627 -5.3105 4.5646 0.6735 -0.3881 5.4557 -12.3737 3.3795 7.0818 4.8515 1.6864 3.6632 3.6472 -0.0000 0.0000 0.0000 -89.6523 -51.3362 5.6799 44.2159 -50.3785 -21.6331 -0.0000 0.0000 -61.7097 18.6034 24.1465 7.8400 -7.1250 0.0000 -0.0000 -11.4811 54.9262 -2.8265 -0.0000 0.0000 0.0000 121.5341 43.2904 96.4082 -23.2380 34.3480 -7.2721 0.0000 0.0000 21.3671 -29.6116 8.4838 -4.7929 7.1250 -0.0000 -0.0000 -1.9584 -20.2471 -1.1603
9.5543 17.1317 -3.1910 1.4044 4.8239 -7.2452 0.0000 0.0000 0.0000 -19.7617 -16.2324 -16.0442 2.9200 10.5644 30.8245 0.0003 -2.6587 -1.8790 0.2880 -3.4513 -9.5379 0.0000 0.0000 0.0000 20.9556 -18.6409 1.6138 -2.1538 -9.1794 26.3580 -2.2992 -16.3872 -38.2303 -0.0682 -1.6845 4.6346 3.3771 6.3995 7.0222 -3.1679 8.7369 3.7693 -5.6101 4.5042 1.0144 -0.0440 5.8832 -12.8916 3.5017 7.5826 4.8445 1.7239 3.9271 3.7432 0.0000 0.0000 0.0000 -90.3139 -50.7075 3.5604 47.0550 -51.7364 -23.8416 -0.0000 0.0000 -67.6485 17.3045 23.4008 7.0537 -7.1250 0.0000 -0.0000 -12.4642 53.9309 -2.7696 0.0000 0.0000 0.0000 121.7100 46.4904 99.6354 -23.6583 34.8009 -7.5107 0.0000 0.0000 26.0937 -29.7754 10.1776 -5.7728 7.1250 -0.0000 -0.0000 -1.9388 -18.2979 -1.2328
9.5477 17.1274 -3.2474 -0.0688 1.2824 -6.9701 0.0000 0.0000 0.0000 -17.0722 -14.3274 -17.6489 3.1410 10.9199 32.0102 0.0297 -1.8642 -3.1335 0.2643 -3.3075 -9.1361 0.0000 0.0000 0.0000 22.8992 -16.2371 1.5486 -2.1357 -9.1432 26.2442 -2.0751 -16.3326 -37.0558 -0.0412 -1.3095 3.6008 4.2559 6.4396 7.4250 -2.9070 8.8452 3.3609 -5.9055 4.5420 0.4751 -0.2233 6.0820 -13.0833 3.4840 7.8708 5.0982 1.7869 4.0658 3.8576 0.0000 -0.0000 0.0000 -91.3197 -49.6838 1.8754 48.8517 -52.5217 -25.2600 -0.0000 0.0000 -72.6503 17.1237 23.5330 7.0130 -7.1250 0.0000 -0.0000 -12.7055 54.0287 -2.8551 0.0000 -0.0000 0.0000 120.9898 48.9824 102.4672 -24.6591 35.8535 -8.0894 0.0000 0.0000 29.7757 -28.3582 10.7470 -5.7474 7.1250 -0.0000 -0.0000 -0.8981 -17.8092 -0.5804
9.5631 17.1367 -3.2490 0.8936 -2.3590 -7.0494 0.0000 0.0000 0.0000 -17.5241 -11.6938 -17.8497 3.1993 11.0108 32.3165 0.0542 -0.8388 -4.1810 0.3819 -3.9685 -10.9881 0.0000 0.0000 0.0000 21.5252 -14.2388 1.7825 -2.2710 -9.4091 27.0835 -2.0112 -15.2772 -35.8575 -0.0107 -0.6682 1.8363 3.1736 6.6826 7.3977 -3.4660 9.0877 3.2335 -5.9118 4.6471 0.3121 0.3766 6.1947 -12.2531 3.1178 7.9701 4.7326 1.5168 4.1045 3.6029 0.0000 0.0000 0.0000 -91.2484 -48.7793 0.6772 48.5272 -52.3840 -25.0027 -0.0000 0.0000 -77.5522 16.3929 22.2722 6.3620 -7.1250 0.0000 -0.0000 -12.8826 52.6408 -2.4553 0.0000 0.0000 0.0000 120.8554 50.9099 105.5425 -25.2580 36.4665 -8.4428 0.0000 0.0000 31.2763 -27.3573 10.5626 -5.4181 7.1250 -0.0000 -0.0000 -0.2091 -18.1226 -0.1337
9.5799 17.1358 -3.2717 0.5792 -6.5289 -7.0119 0.0000 0.0000 0.0000 -16.3664 -8.7287 -18.5827 3.2893 11.1493 32.7850 0.0776 -0.0446 -5.2450 0.4132 -4.1263 -11.4322 0.0000 0.0000 0.0000 21.8645 -11.5780 1.9823 -2.3749 -9.6068 27.7126 -1.9817 -14.2751 -34.8949 -0.0142 -0.7681 2.1109 3.6212 6.8764 6.8128 -3.6671 9.3713 3.7146 -6.2466 4.8385 1.2811 0.5010 6.2729 -12.9629 3.1730 8.0391 4.6528 1.5489 4.1465 3.7155 0.0000 -0.0000 0.0000 -91.3023 -49.5858 -0.2222 47.0174 -51.7194 -23.8121 -0.0000 0.0000 -80.5849 16.4579 22.6337 6.4859 -7.1250 0.0000 -0.0000 -12.9730 53.0118 -2.5918 0.0000 -0.0000 0.0000 121.6802 53.8269 109.9455 -25.5542 36.7651 -8.6195 0.0000 0.0000 30.7278 -25.5039 10.3428 -4.8954 7.1250 -0.0000 -0.0000 1.0837 -18.5495 0.6828
9.6008 17.1514 -3.2945 0.8209 -10.6828 -7.1772 0.0000 0.0000 0.0000 -15.8916 -5.8638 -18.6514 3.2649 11.1120 32.6585 0.0874 1.0773 -6.0896 0.4211 -4.1651 -11.5417 0.0000 0.0000 0.0000 21.4591 -9.2652 2.0701 -2.5188 -9.8721 28.5635 -1.9766 -12.8871 -33.7911 -0.0036 -0.3888 1.0684 3.1079 6.7589 6.8825 -3.6922 9.1753 3.6828 -6.0042 4.7203 1.1035 1.0122 6.5711 -13.0143 2.6289 8.3844 5.0540 1.3234 4.3008 3.9111 -0.0000 0.0000 0.0000 -90.7057 -49.3067 -1.7772 45.2854 -50.9075 -22.4601 -0.0000 0.0000 -82.0993 15.4043 23.8305 6.3521 -7.1250 0.0000 -0.0000 -14.5685 54.0013 -3.2769 -0.0000 0.0000 0.0000 121.8767 54.1654 111.4714 -25.4870 36.6976 -8.5792 0.0000 0.0000 31.5437 -24.6713 10.2467 -4.6713 7.1250 -0.0000 -0.0000 1.6677 -18.7315 1.0443
9.6448 17.1461 -3.3457 0.2304 -15.4208 -7.0619 0.0000 0.0000 0.0000 -14.3890 -3.0417 -19.4193 3.4335 11.3657 33.5234 0.1072 2.3697 -7.5337 0.3446 -3.7721 -10.4362 0.0000 0.0000 0.0000 22.1702 -6.1161 2.1746 -2.6219 -10.0563 29.1591 -1.8971 -12.0164 -32.6755 -0.0014 0.2378 -0.6533 3.3914 6.7308 7.0824 -3.2518 9.1478 3.6200 -5.7350 4.6933 0.8943 1.1460 6.7234 -12.6636 2.0568 8.6166 5.2149 1.1180 4.3879 3.9304 -0.0000 -0.0000 0.0000 -90.3958 -48.6947 -1.0205 43.3784 -49.9488 -20.9899 -0.0000 0.0000 -83.7795 14.9531 22.7687 5.9012 -7.1250 0.0000 -0.0000 -14.5203 52.8768 -2.8624 -0.0000 -0.0000 0.0000 120.8068 53.9138 110.6440 -25.3788 36.5886 -8.5147 0.0000 0.0000 32.0258 -24.1079 9.5323 -4.2382 7.1250 -0.0000 -0.0000 2.0367 -19.5592 1.2381
9.6955 17.1600 -3.3773 2.0361 -20.9386 -7.9284 0.0000 0.0000 0.0000 -15.5270 0.2196 -18.5496 3.2939 11.1562 32.8086 0.0604 4.8505 -8.6923 0.4105 -4.1127 -11.3940 0.0000 0.0000 0.0000 20.2441 -2.5153 2.2670 -2.9020 -10.5347 30.7261 -1.9467 -10.2709 -31.7195 -0.0068 0.5325 -1.4631 1.6301 6.7671 7.0060 -3.5237 9.0805 4.0681 -5.0191 4.6357 1.1601 1.3163 7.0102 -13.6058 2.0833 8.9326 6.5151 1.0871 4.5603 4.0968 0.0000 -0.0000 0.0000 -91.4408 -49.1045 -0.5160 42.8717 -49.6822 -20.6029 -0.0000 0.0000 -82.6891 14.1003 23.2036 5.6520 -7.1250 0.0000 -0.0000 -15.5619 53.1502 -3.1810 0.0000 -0.0000 0.0000 120.7492 53.6813 109.8896 -25.2105 36.4183 -8.4145 0.0000 0.0000 31.8717 -24.1180 7.9847 -3.5586 7.1250 -0.0000 -0.0000 1.9747 -21.2449 1.1256
9.7774 17.1626 -3.4094 2.7356 -27.0989 -8.4245 0.0000 0.0000 0.0000 -15.3112 3.5765 -18.4655 3.3085 11.1785 32.8842 -0.0024 7.2520 -10.2868 0.3830 -3.9744 -11.0046 0.0000 0.0000 0.0000 19.5744 1.2693 2.0598 -3.1462 -10.9281 32.0377 -1.9142 -8.7456 -30.5001 -0.0012 0.2270 -0.6236 1.1725 6.7100 6.9870 -3.3647 8.9646 4.0712 -4.6042 4.5573 1.0634 2.1148 7.3371 -13.2564 1.3619 9.3038 7.1761 0.7809 4.7214 4.3151 -0.0000 0.0000 0.0000 -92.0848 -48.7661 0.3758 42.9897 -49.7448 -20.6929 -0.0000 0.0000 -81.7599 13.9009 23.8146 5.7067 -7.1250 0.0000 -0.0000 -16.0553 53.7081 -3.5078 -0.0000 0.0000 0.0000 119.8642 52.8221 108.2193 -25.0029 36.2069 -8.2916 0.0000 0.0000 30.9735 -25.1754 8.6418 -4.0399 7.1250 -0.0000 -0.0000 1.2354 -20.4478 0.7261
9.8782 17.1834 -3.4329 3.0263 -33.5344 -8.5196 0.0000 0.0000 0.0000 -14.6449 6.2738 -18.4865 3.3507 11.2422 33.1010 -0.1238 10.0537 -12.0696 0.2751 -3.3739 -9.3215 0.0000 0.0000 0.0000 19.3175 4.7173 1.3940 -3.3038 -11.1714 32.8600 -1.7663 -7.1620 -28.5472 -0.1099 2.1380 -5.8871 1.5187 6.3750 6.6802 -3.1440 8.5343 4.3284 -4.4902 4.3502 1.4767 1.3153 7.5907 -12.9846 1.6290 9.7639 6.8664 0.9950 4.9423 4.1230 -0.0000 0.0000 0.0000 -92.3571 -49.8092 1.3465 41.3862 -48.8700 -19.4770 -0.0000 0.0000 -79.2295 10.2366 24.2384 4.2400 -7.1250 0.0000 -0.0000 -19.8687 53.4494 -4.2605 -0.0000 0.0000 0.0000 118.4841 51.7520 104.2256 -25.1789 36.3863 -8.3958 0.0000 0.0000 32.3930 -25.0252 7.6436 -3.5532 7.1250 -0.0000 -0.0000 1.3050 -21.5560 0.7344
9.9872 17.2033 -3.4459 4.9000 -39.9963 -9.8107 0.0000 0.0000 0.0000 -15.3127 9.1854 -17.8868 3.3046 11.1726 32.8642 -0.2268 12.3400 -14.1378 0.0979 -2.0178 -5.5547 0.0000 0.0000 0.0000 17.7471 8.1722 0.5998 -3.5451 -11.5291 34.0857 -1.6519 -5.2153 -26.6307 -0.3070 3.5625 -9.8489 0.4021 5.8974 6.6890 -3.0324 7.8231 4.5196 -3.7361 3.9569 1.4354 1.1022 8.1628 -11.3068 1.0139 10.6563 5.5138 0.8709 5.3425 3.8120 0.0000 0.0000 0.0000 -93.1215 -49.9562 3.5571 41.4591 -48.9110 -19.5319 -0.0000 0.0000 -78.1914 8.1448 22.1521 3.0890 -7.1250 0.0000 -0.0000 -20.7814 51.1363 -3.2613 0.0000 0.0000 0.0000 117.1208 51.4135 102.5734 -25.3727 36.5825 -8.5110 0.0000 0.0000 30.4786 -26.8775 6.8255 -3.4471 7.1250 -0.0000 -0.0000 -0.0789 -22.3368 -0.0430
10.1142 17.2037 -3.4310 6.3225 -46.2359 -10.5192 0.0000 0.0000 0.0000 -15.7134 11.7049 -18.1801 3.3455 11.2344 33.0744 -0.2833 14.5213 -17.1190 0.0371 -1.2440 -3.4204 0.0000 0.0000 0.0000 16.7524 11.7370 -0.4880 -3.7228 -11.7821 34.9655 -1.6404 -2.7670 -25.3250 -0.3862 3.9909 -11.0512 -0.0506 5.2003 6.1584 -2.7786 6.8732 4.7652 -3.1226 3.4620 1.8286 2.6682 9.0613 -11.1095 -1.2297 11.8242 5.6183 -0.0264 5.8433 4.0804 0.0000 -0.0000 0.0000 -93.2291 -51.9912 5.5915 39.3402 -47.6741 -17.9499 -0.0000 0.0000 -76.4356 5.6981 21.7354 2.1161 -7.1250 0.0000 -0.0000 -22.8565 50.3629 -3.1655 0.0000 -0.0000 0.0000 116.3171 50.9549 98.6892 -25.6778 36.8888 -8.6935 0.0000 0.0000 31.0173 -27.2445 6.4405 -3.3057 7.1250 -0.0000 -0.0000 -0.3654 -22.7437 -0.1957
10.2316 17.2150 -3.4218 7.8953 -51.9657 -12.3231 0.0000 0.0000 0.0000 -15.8730 14.7823 -17.5064 3.3024 11.1691 32.8524 -0.3817 16.2304 -18.8049 0.0001 -0.0660 -0.1814 0.0000 0.0000 0.0000 16.2196 14.8917 -0.7766 -3.8856 -12.0066 35.7552 -1.5295 -1.0740 -23.7892 -0.5335 4.6802 -12.9988 -0.4187 4.2459 6.7621 -2.4251 5.5552 5.1276 -2.5414 2.7769 1.7242 -0.0909 10.2746 -9.1267 0.5782 13.6793 3.6487 0.8888 6.8190 2.6775 -0.0000 0.0000 0.0000 -94.2404 -53.9510 9.1292 37.7440 -46.6750 -16.7791 -0.0000 0.0000 -77.0778 8.0367 25.8194 3.5190 -7.1250 0.0000 -0.0000 -22.9258 54.5156 -5.5808 -0.0000 0.0000 0.0000 115.3287 50.9973 94.9286 -25.8905 37.1004 -8.8215 0.0000 0.0000 31.4319 -28.9201 5.5548 -3.0613 7.1250 -0.0000 -0.0000 -1.6448 -23.6400 -0.8476
10.3577 17.2101 -3.4148 9.6068 -57.1843 -13.6510 0.0000 0.0000 0.0000 -16.1325 17.5529 -18.1182 3.3746 11.2780 33.2233 -0.3491 17.1823 -20.8482 0.0525 1.4786 4.0668 0.0000 0.0000 0.0000 15.9808 18.6787 -1.5700 -4.0574 -12.2364 36.5733 -1.4401 -0.2181 -22.7814 -0.4873 4.4763 -12.4206 -1.1662 2.9289 6.8123 -2.1901 3.7483 5.3170 -1.7954 1.8377 1.7502 5.9009 11.4372 -9.1119 -6.3551 15.0861 5.0764 -1.8410 7.3029 3.9041 0.0000 -0.0000 0.0000 -95.2786 -57.0306 11.4187 35.0342 -44.8366 -14.8375 -0.0000 0.0000 -74.9782 5.6877 33.1456 3.1171 -7.1250 0.0000 -0.0000 -31.0062 60.4975 -12.4088 0.0000 -0.0000 0.0000 115.5711 50.9215 90.7050 -26.1969 37.4025 -9.0070 0.0000 0.0000 33.4331 -27.1287 6.2825 -3.2091 7.1250 -0.0000 -0.0000 -0.2873 -22.9282 -0.1527
10.4703 17.2166 -3.3958 10.3296 -61.2229 -14.1463 0.0000 0.0000 0.0000 -15.9049 18.5537 -18.4997 3.4797 11.4339 33.7575 -0.3610 18.4760 -22.8708 0.0608 1.5915 4.3780 0.0000 0.0000 0.0000 16.1292 20.9926 -2.4068 -4.1048 -12.2985 36.7963 -1.2967 0.3805 -21.4171 -0.5286 4.6592 -12.9390 -1.5899 1.2693 7.1186 -1.7957 1.4955 5.4911 -1.0416 0.6826 1.6868 6.5482 12.9585 -7.5452 -7.8804 17.1999 3.8833 -2.3149 8.3479 3.6067 0.0000 -0.0000 0.0000 -96.8803 -60.1794 15.9442 32.4109 -42.8724 -13.0196 -0.0000 0.0000 -75.7701 4.4362 38.1765 2.7453 -7.1250 0.0000 -0.0000 -38.0593 64.2612 -19.0618 0.0000 -0.0000 0.0000 114.1373 51.6175 87.5402 -27.3484 38.5094 -9.7153 0.0000 0.0000 32.2033 -28.4667 4.9686 -2.6886 7.1250 -0.0000 -0.0000 -1.3377 -24.3321 -0.6679
10.5516 17.2255 -3.3641 11.3622 -63.7977 -15.1442 0.0000 0.0000 0.0000 -15.9249 19.5302 -18.7113 3.5938 11.5993 34.3289 -0.3449 19.0104 -23.8962 0.1067 2.1060 5.7986 0.0000 0.0000 0.0000 15.8201 21.7973 -3.1101 -4.1450 -12.3510 36.9851 -1.2277 1.3749 -20.5395 -0.6961 5.3333 -14.8616 -1.8299 -0.5360 7.7585 -1.9185 -0.9533 5.6738 -0.8926 -0.5577 1.5116 6.4814 14.3402 -6.3021 -7.9769 19.0704 2.6777 -2.5601 9.3356 3.5234 0.0000 0.0000 0.0000 -99.4712 -63.5731 22.1006 29.4335 -40.4028 -11.0406 -0.0000 0.0000 -77.1424 5.5587 38.3654 3.4568 -7.1250 0.0000 -0.0000 -37.1901 64.7182 -18.9557 0.0000 0.0000 0.0000 112.7641 52.5582 82.7757 -27.9460 39.0665 -10.0897 0.0000 0.0000 32.5124 -28.0697 5.6490 -3.0048 7.1250 -0.0000 -0.0000 -1.0107 -23.5838 -0.5220
10.6305 17.2030 -3.3468 15.1498 -66.2836 -18.4739 0.0000 0.0000 0.0000 -17.1627 20.9190 -19.4254 3.7025 11.7537 34.8660 -0.3378 19.5635 -24.8453 0.1028 2.0676 5.6925 0.0000 0.0000 0.0000 14.3491 23.2158 -4.4322 -4.3642 -12.6299 37.9985 -1.1718 2.5668 -19.7706 -0.6436 5.1322 -14.2859 -3.6521 -1.7720 8.7013 -2.1809 -2.7724 5.5242 0.0066 -1.5139 0.9150 7.6401 15.2467 -5.5183 -9.8084 20.3761 2.8511 -2.8775 9.9384 3.5037 0.0000 0.0000 0.0000 -107.1937 -65.6311 31.1238 26.8703 -38.0552 -9.4190 -0.0000 0.0000 -76.1001 7.3852 33.7704 4.1210 -7.1250 0.0000 -0.0000 -29.9107 61.4385 -12.5955 0.0000 0.0000 0.0000 108.8474 53.0969 76.8579 -29.4615 40.4274 -11.0588 0.0000 0.0000 32.2457 -28.3010 5.2122 -2.8005 7.1250 -0.0000 -0.0000 -1.2030 -24.0648 -0.6080
10.6682 17.1903 -3.2903 14.5867 -69.2625 -18.1274 0.0000 0.0000 0.0000 -16.1257 22.9668 -19.7291 3.7822 11.8648 35.2554 -0.2081 19.4674 -25.8367 0.1361 2.3774 6.5499 0.0000 0.0000 0.0000 15.4165 24.4580 -4.6861 -4.4327 -12.7149 38.3105 -1.1613 3.4733 -19.5117 -0.7037 5.3618 -14.9434 -2.8083 -3.0504 9.6951 -2.0062 -4.4639 5.8060 -0.1073 -2.3515 0.6592 7.6369 16.3521 -5.3566 -11.2151 21.9026 1.9851 -3.1522 10.6697 3.5060 0.0000 0.0000 0.0000 -113.3037 -67.1712 39.6995 25.1677 -36.3749 -8.3892 -0.0000 0.0000 -75.0379 10.5083 27.8006 4.9444 -7.1250 0.0000 -0.0000 -21.7628 56.8259 -6.5196 0.0000 0.0000 0.0000 106.4952 53.4911 72.8937 -30.3083 41.1562 -11.6120 0.0000 0.0000 31.9688 -29.5433 3.5545 -2.0125 7.1250 -0.0000 -0.0000 -2.2131 -25.8949 -1.0251
10.6823 17.1860 -3.2371 17.0785 -72.8614 -19.8251 0.0000 0.0000 0.0000 -16.2928 25.4838 -21.0201 3.8888 12.0109 35.7707 -0.0466 19.2706 -26.8871 0.2309 3.0931 8.5380 0.0000 0.0000 0.0000 15.1593 26.5777 -5.8142 -4.4643 -12.7539 38.4541 -1.0656 5.3278 -18.4623 -0.5564 4.7782 -13.2769 -2.4661 -3.9935 9.4574 -2.1927 -5.6884 5.6875 -0.3955 -2.9539 0.6361 7.9634 17.1933 -4.1891 -13.0371 23.0725 0.6744 -3.7071 11.2763 3.2945 -0.0000 0.0000 0.0000 -116.0317 -67.7388 43.7052 24.1782 -35.3521 -7.8094 -0.0000 0.0000 -72.9517 12.6044 24.3695 5.2715 -7.1250 0.0000 -0.0000 -17.6203 54.0047 -3.9954 -0.0000 0.0000 0.0000 106.5453 52.7098 70.0168 -30.7724 41.5463 -11.9186 0.0000 0.0000 32.1765 -29.1198 4.4768 -2.4897 7.1250 -0.0000 -0.0000 -1.8495 -24.8585 -0.9011
10.6807 17.1856 -3.1953 22.7375 -76.7403 -25.0037 0.0000 0.0000 0.0000 -16.6298 27.9397 -21.5156 3.9451 12.0870 36.0405 0.3654 18.6964 -29.2349 0.5609 4.7969 13.3301 0.0000 0.0000 0.0000 14.7706 28.7100 -6.5857 -4.4501 -12.7364 38.3895 -0.9246 7.3498 -17.1874 -0.5240 4.6392 -12.8822 -2.2158 -4.1807 9.3109 -2.3498 -5.9287 5.8844 -0.6968 -3.0773 0.8812 7.2356 17.7112 -4.8283 -13.4540 23.7927 0.6230 -3.6009 11.5893 3.4212 -0.0000 0.0000 0.0000 -117.5035 -67.5226 46.7014 24.1471 -35.3195 -7.7915 -0.0000 0.0000 -71.0546 10.0657 26.8588 4.5852 -7.1250 0.0000 -0.0000 -21.5859 55.8649 -5.9523 -0.0000 0.0000 0.0000 107.4463 51.5748 66.9806 -30.7076 41.4922 -11.8756 0.0000 0.0000 32.7098 -29.6620 5.5403 -3.1472 7.1250 -0.0000 -0.0000 -2.1944 -23.6113 -1.1325
10.6692 17.2013 -3.1559 33.6634 -79.9595 -35.4977 0.0000 0.0000 0.0000 -17.4351 29.8259 -21.6017 3.8810 12.0003 35.7330 0.4899 19.4079 -30.9505 0.7129 5.3961 15.0418 0.0000 0.0000 0.0000 13.7904 29.6478 -7.6931 -4.4063 -12.6823 38.1906 -0.7123 10.1796 -15.6301 -0.5483 4.7439 -13.1795 -2.5307 -4.0167 8.8277 -2.4038 -5.7327 6.2302 -0.6555 -3.0043 1.5305 7.6093 17.9598 -4.9130 -14.9556 24.1724 0.3640 -3.9898 11.7359 3.6388 0.0000 0.0000 0.0000 -118.7351 -67.5765 49.9468 23.7252 -34.8723 -7.5489 -0.0000 0.0000 -69.1007 8.3327 27.5398 3.8743 -7.1250 0.0000 -0.0000 -23.7533 56.1449 -6.7626 0.0000 0.0000 0.0000 102.7810 52.0380 69.4403 -31.7718 42.3645 -12.5868 0.0000 0.0000 23.2768 -32.0614 1.1637 -0.7288 7.1250 -0.0000 -0.0000 -4.2669 -28.5966 -1.7084
10.6579 17.2153 -3.1318 42.9082 -82.6429 -44.5357 0.0000 0.0000 0.0000 -16.9062 30.2640 -21.0490 3.7474 11.8165 35.0859 0.6740 20.2369 -33.0863 0.7173 5.4122 15.0880 0.0000 0.0000 0.0000 14.4201 31.2489 -7.6982 -4.2868 -12.5326 37.6431 -0.5784 10.9518 -14.5570 -0.5527 4.7623 -13.2319 -1.5535 -4.1064 9.2929 -2.5281 -5.8071 6.0707 -1.2635 -3.0103 0.9998 8.1417 18.0818 -4.6058 -14.9811 24.3413 0.4600 -4.0559 11.8316 3.7027 -0.0000 -0.0000 0.0000 -118.1785 -66.9266 49.9421 23.6176 -34.7572 -7.4874 -0.0000 0.0000 -64.3412 11.4796 29.1020 5.6409 -7.1250 0.0000 -0.0000 -21.6879 58.2345 -7.2423 -0.0000 -0.0000 0.0000 108.0351 48.3748 65.8403 -31.4267 42.0853 -12.3548 0.0000 0.0000 25.6516 -30.7858 5.4201 -3.2210 7.1250 -0.0000 -0.0000 -3.0327 -23.6790 -1.5615
10.6516 17.2689 -3.0950 62.2857 -83.0890 -63.5425 0.0000 0.0000 0.0000 -18.7034 30.3433 -20.3182 3.4705 11.4204 33.7110 0.7949 21.5929 -35.3397 0.9911 6.3363 17.7633 0.0000 0.0000 0.0000 12.8815 31.9693 -7.9990 -4.1286 -12.3296 36.9081 -0.3682 12.5904 -13.0749 -0.4164 4.1421 -11.4767 -2.2950 -4.0018 9.2970 -2.6765 -5.7407 6.2628 -1.0259 -3.0065 1.2565 8.5198 18.0987 -4.7629 -15.6719 24.3773 0.3659 -4.2609 11.8253 3.8427 -0.0000 -0.0000 0.0000 -116.3603 -66.3399 51.1834 24.1152 -35.2859 -7.7730 -0.0000 0.0000 -61.7298 16.9297 29.8676 8.6196 -7.1250 0.0000 -0.0000 -16.5116 60.1931 -6.2203 -0.0000 -0.0000 0.0000 108.6100 46.6675 66.6644 -31.7323 42.3327 -12.5602 0.0000 0.0000 17.3625 -29.9320 5.3083 -3.0491 7.1250 -0.0000 -0.0000 -2.4082 -23.8611 -1.2292
10.6619 17.2850 -3.0635 74.7085 -83.6318 -75.2542 0.0000 0.0000 0.0000 -19.2975 29.2058 -20.3900 3.3916 11.3034 33.3102 0.8528 23.0483 -37.3070 1.0173 6.4168 17.9986 0.0000 0.0000 0.0000 12.2728 33.1781 -8.5268 -4.0040 -12.1658 36.3209 -0.2710 13.4018 -12.4668 -0.3659 3.8858 -10.7555 -1.9797 -3.8418 9.3535 -2.3079 -5.5011 6.1098 -0.8269 -2.8778 1.0723 7.8142 17.9232 -5.3879 -15.2640 24.2067 1.0786 -4.0103 11.6915 4.0007 -0.0000 0.0000 0.0000 -116.0166 -65.0070 54.1245 24.6895 -35.8849 -8.1072 -0.0000 0.0000 -57.6554 26.6243 29.0699 13.6888 -7.1250 0.0000 -0.0000 -5.0674 61.7847 -2.0724 -0.0000 0.0000 0.0000 107.8934 44.7848 66.9163 -32.4060 42.8685 -13.0162 0.0000 0.0000 6.8108 -31.9925 3.7790 -2.3577 7.1250 -0.0000 -0.0000 -4.0462 -25.5248 -1.9123
10.6692 17.2936 -3.0364 79.1578 -81.8215 -79.6339 0.0000 0.0000 0.0000 -21.7051 29.7560 -20.2777 3.2420 11.0769 32.5398 0.5738 23.7651 -36.6909 0.8508 5.8829 16.4451 0.0000 0.0000 0.0000 9.8385 32.9457 -8.9266 -4.0720 -12.2557 36.6425 -0.2615 13.9804 -12.6731 -0.3785 3.9514 -10.9399 -3.4272 -3.6813 10.0370 -2.7898 -5.4581 6.3561 -0.4915 -2.9048 1.0478 8.7141 17.7565 -5.9140 -15.5884 23.9755 1.4078 -4.1612 11.5341 4.3083 -0.0000 0.0000 0.0000 -115.7891 -64.0633 59.7879 24.7599 -35.9576 -8.1485 -0.0000 0.0000 -51.8360 36.5610 30.3684 20.5523 -7.1250 0.0000 -0.0000 7.3235 65.9523 3.7124 -0.0000 0.0000 0.0000 107.3958 42.5900 67.1061 -33.5135 43.7211 -13.7757 0.0000 -0.0000 -5.6953 -32.1482 3.6729 -2.3055 7.1250 -0.0000 -0.0000 -4.1708 -25.6419 -1.9600
10.7212 17.2897 -3.0322 70.5064 -83.7278 -69.8959 0.0000 0.0000 0.0000 -20.0340 29.6097 -23.0140 3.6063 11.6172 34.3910 0.6993 22.7394 -36.1416 0.7171 5.4114 15.0857 0.0000 0.0000 0.0000 11.2580 32.8932 -10.4296 -4.0111 -12.1751 36.3543 -0.2838 13.5921 -12.6961 -0.4171 4.1456 -11.4866 -0.8053 -3.8490 10.3396 -2.1271 -5.4484 6.3084 -1.2256 -2.8273 0.6523 8.7924 17.2580 -6.6099 -15.3698 23.2165 1.2406 -4.1605 11.1449 4.2621 -0.0000 -0.0000 0.0000 -116.7642 -62.7894 66.7147 24.3636 -35.5464 -7.9169 -0.0000 0.0000 -43.7887 44.4117 31.1790 26.8937 -7.1250 0.0000 -0.0000 20.0249 69.2895 11.8175 -0.0000 -0.0000 0.0000 107.8348 40.5599 66.4512 -34.0495 44.1213 -14.1475 0.0000 -0.0000 -17.2723 -32.4677 4.4141 -2.8036 7.1250 -0.0000 -0.0000 -4.3545 -24.7522 -2.1371
10.7934 17.2632 -3.0492 61.5693 -82.3003 -60.3039 0.0000 0.0000 0.0000 -21.5714 29.5689 -24.9090 3.7659 11.8422 35.1761 0.7694 21.3507 -34.9214 0.8962 6.0336 16.8821 0.0000 0.0000 0.0000 9.5801 32.3723 -11.9113 -4.1961 -12.4169 37.2233 -0.3833 13.3114 -13.5528 -0.5349 4.6864 -13.0163 -2.4312 -3.6518 10.9461 -1.2631 -5.3592 6.9679 0.5563 -2.8662 1.2488 7.5528 16.9730 -7.8612 -15.9767 22.7971 0.3791 -4.1677 10.8810 4.0960 0.0000 -0.0000 0.0000 -123.8246 -62.2364 76.2894 22.4731 -33.5076 -6.8452 -0.0000 0.0000 -32.4457 48.6497 30.5972 30.0432 -7.1250 0.0000 -0.0000 28.1266 69.9517 17.2385 0.0000 -0.0000 0.0000 107.4798 39.8096 65.5567 -34.0211 44.1004 -14.1278 0.0000 -0.0000 -25.7675 -32.7814 5.2013 -3.3412 7.1250 -0.0000 -0.0000 -4.5231 -23.8034 -2.3198
10.9073 17.1951 -3.0665 46.7301 -81.4293 -45.0109 0.0000 0.0000 0.0000 -21.4054 29.3307 -27.7854 4.2631 12.5025 37.5335 0.4802 20.8550 -32.6346 0.5957 4.9411 13.7406 0.0000 0.0000 0.0000 9.3672 31.0879 -13.8564 -4.4982 -12.7954 38.6072 -0.4664 12.9923 -14.2150 -0.5724 4.8450 -13.4669 -1.9413 -3.9289 12.5306 -0.6764 -5.7342 7.2885 1.0365 -3.0589 0.7584 7.6456 16.7517 -7.6192 -16.7162 22.3405 -1.1918 -4.5225 10.7148 3.6399 0.0000 0.0000 0.0000 -128.3288 -60.9353 83.1426 20.6269 -31.3903 -5.8544 -0.0000 0.0000 -21.3405 50.6211 28.1598 29.8976 -7.1250 0.0000 -0.0000 30.6427 67.7785 17.4118 0.0000 0.0000 0.0000 108.6366 38.6695 66.3351 -34.0272 44.1048 -14.1320 0.0000 -0.0000 -32.0140 -35.0991 8.0413 -5.6147 7.1250 -0.0000 -0.0000 -5.9137 -20.2080 -3.5255
11.0466 17.0897 -3.0572 43.4078 -78.7065 -41.0118 0.0000 0.0000 0.0000 -23.7526 29.1567 -30.6591 4.7158 13.0564 39.5801 0.3606 19.8455 -30.6254 0.3081 3.5685 9.8657 0.0000 0.0000 0.0000 6.7198 30.4700 -16.2144 -5.0829 -13.4766 41.1798 -0.7331 12.2478 -16.3779 -0.7725 5.6120 -15.6627 -2.9128 -3.9148 14.2487 -0.6178 -5.9016 7.7747 1.7665 -3.1924 0.4712 6.9849 16.4748 -8.0630 -17.1843 21.7880 -2.8703 -4.6752 10.4823 3.1342 -0.0000 0.0000 0.0000 -134.3794 -59.0225 89.8584 19.2282 -29.7012 -5.1434 -0.0000 0.0000 -9.3384 50.9117 25.1400 27.6083 -7.1250 0.0000 -0.0000 29.2726 64.3198 14.2799 -0.0000 0.0000 0.0000 109.8005 38.6270 66.2065 -34.8459 44.7017 -14.7048 0.0000 -0.0000 -37.7468 -35.1247 9.1820 -6.4047 7.1250 -0.0000 -0.0000 -5.7958 -18.8322 -3.6332
11.1879 16.9772 -3.0563 34.1982 -76.3842 -31.1888 0.0000 0.0000 0.0000 -24.1526 28.5699 -33.7441 5.3201 13.7355 42.1879 0.6217 16.9148 -28.9520 0.4299 4.2078 11.6619 0.0000 0.0000 0.0000 6.0595 30.0291 -18.1016 -5.6231 -14.0528 43.4495 -1.0048 10.2437 -18.2238 -1.0604 6.5470 -18.3802 -1.6992 -4.3962 15.7525 -0.6633 -6.4642 8.7047 1.2056 -3.4693 0.5584 7.0961 16.4661 -9.1357 -17.8515 21.5384 -4.3906 -4.8797 10.3518 2.9182 -0.0000 0.0000 0.0000 -139.8518 -57.6477 96.0037 17.3035 -27.2561 -4.2254 -0.0000 -0.0000 4.0826 49.4524 24.1666 25.5725 -7.1250 0.0000 -0.0000 26.3034 62.6808 11.7214 -0.0000 0.0000 0.0000 113.0111 39.0152 66.1171 -35.9726 45.4943 -15.5030 0.0000 -0.0000 -42.4085 -36.5177 11.6664 -8.5154 7.1250 -0.0000 -0.0000 -6.4267 -15.6320 -4.4860
11.3437 16.8402 -3.0504 28.6009 -73.9941 -24.2622 0.0000 0.0000 0.0000 -25.2141 28.1323 -38.0987 6.0036 14.4318 44.9961 0.5799 14.7775 -26.2594 0.2152 2.9866 8.2415 0.0000 0.0000 0.0000 4.6333 29.7499 -21.2876 -6.2899 -14.7036 46.1346 -1.2368 8.8488 -19.9384 -1.2544 7.1005 -20.0134 -0.3227 -5.1700 16.7769 -0.9722 -7.3221 9.2320 0.3289 -3.8528 0.4106 7.5715 16.6580 -8.6733 -18.8032 21.4985 -6.6338 -5.3335 10.4342 2.3488 0.0000 0.0000 0.0000 -143.3104 -56.6356 99.3267 15.2416 -24.4815 -3.3254 -0.0000 -0.0000 16.2777 46.6553 22.1087 21.7404 -7.1250 0.0000 -0.0000 21.3543 59.3055 7.6782 0.0000 0.0000 0.0000 116.1108 39.4025 67.7717 -38.2413 46.9927 -17.1418 0.0000 -0.0000 -48.6197 -38.7327 13.6532 -10.7209 7.1250 -0.0000 -0.0000 -7.5966 -12.7959 -5.7776
11.4978 16.6896 -3.0514 29.9417 -71.4118 -23.4722 0.0000 0.0000 0.0000 -28.5846 27.8297 -42.9315 6.5234 14.9170 47.0477 0.6495 12.6177 -24.5337 0.0163 0.8247 2.2667 0.0000 0.0000 0.0000 0.9687 29.3325 -25.6398 -7.0685 -15.3893 49.1329 -1.4280 7.8243 -21.3755 -1.4618 7.6414 -21.6300 -4.8226 -4.5244 17.2671 1.6903 -7.1264 9.5531 5.5506 -4.0511 1.4431 5.4301 16.6567 -8.6895 -21.5005 21.5183 -7.8387 -5.8490 10.5124 2.1306 0.0000 -0.0000 0.0000 -151.7313 -55.7525 105.1984 13.4942 -22.0070 -2.6356 -0.0000 -0.0000 24.4647 44.3136 20.0353 18.4945 -7.1250 0.0000 -0.0000 17.7902 56.0877 4.9494 0.0000 -0.0000 0.0000 115.6828 41.3189 67.1890 -40.0185 48.0809 -18.4530 0.0000 -0.0000 -52.7326 -39.3514 15.6053 -12.4394 7.1250 -0.0000 -0.0000 -7.6617 -10.2595 -6.2321
11.6494 16.5515 -3.0192 30.4828 -69.2938 -22.4231 0.0000 0.0000 0.0000 -31.6172 28.1418 -46.9041 6.9390 15.2803 48.6431 0.6747 10.3513 -22.5284 0.0094 -0.6258 -1.7196 0.0000 0.0000 0.0000 -1.9562 28.7469 -28.9369 -7.7530 -15.9345 51.6679 -1.6533 6.6758 -23.0664 -1.6387 8.0692 -22.9244 -5.8480 -5.2249 18.7438 2.0267 -8.2645 9.6126 6.7879 -4.6744 1.1278 3.5898 17.1952 -8.2217 -22.3264 22.1181 -9.3789 -5.8921 10.9805 1.5769 -0.0000 0.0000 0.0000 -154.2403 -56.9422 107.3101 11.6661 -19.3020 -1.9905 -0.0000 -0.0000 30.5331 42.6040 18.7666 16.4820 -7.1250 0.0000 -0.0000 15.5314 54.0828 3.5326 -0.0000 0.0000 0.0000 117.8722 40.8084 69.1029 -43.6041 50.0660 -21.1629 0.0000 -0.0000 -56.7634 -40.3230 14.6748 -12.1348 7.1250 -0.0000 -0.0000 -8.4527 -11.1815 -6.7287
11.8185 16.4269 -2.9778 24.2147 -67.9330 -15.4943 0.0000 0.0000 0.0000 -31.1965 27.7319 -50.3365 7.6115 15.8259 51.1509 0.8671 7.4070 -21.7793 0.0031 0.3590 0.9863 0.0000 0.0000 0.0000 -1.4127 28.4480 -31.1129 -8.2719 -16.3157 53.5363 -1.7279 4.3918 -23.8355 -1.5841 7.9399 -22.5317 -2.9598 -5.3764 20.2102 1.7983 -8.0751 10.5953 5.0402 -4.4882 0.9632 6.9144 16.9340 -8.1522 -24.8983 21.3594 -10.8078 -7.1578 10.6040 1.7951 -0.0000 0.0000 0.0000 -154.9119 -56.5692 113.7048 11.0989 -18.4396 -1.8071 -0.0000 -0.0000 32.0570 43.3328 20.0602 17.9319 -7.1250 0.0000 -0.0000 16.5909 55.8590 4.5090 -0.0000 0.0000 0.0000 121.9238 41.7445 67.8117 -46.4722 51.4696 -23.3848 0.0000 -0.0000 -58.7675 -39.5191 12.5895 -10.1927 7.1250 -0.0000 -0.0000 -8.2926 -13.9537 -6.1138
11.9525 16.2966 -2.9479 25.7764 -66.1336 -15.9841 0.0000 0.0000 0.0000 -33.6676 27.4169 -52.8648 7.9832 16.1069 52.5021 0.9980 4.9507 -21.2788 0.0037 0.3950 1.0853 0.0000 0.0000 0.0000 -4.0125 28.0856 -33.3120 -8.8968 -16.7409 55.7326 -1.8763 3.5609 -25.0234 -1.3701 7.4080 -20.9298 -3.2421 -5.6953 21.3687 0.6400 -8.6154 11.4209 4.1370 -4.7660 1.2022 7.3400 17.0290 -9.2878 -24.2803 21.4276 -10.9357 -6.9435 10.5709 1.9052 -0.0000 0.0000 0.0000 -155.1598 -57.7077 114.8813 9.9688 -16.6908 -1.4660 -0.0000 -0.0000 35.9983 43.6996 21.1436 19.0187 -7.1250 0.0000 -0.0000 17.2243 57.2829 5.2879 -0.0000 0.0000 0.0000 125.0740 42.2033 70.8267 -47.5582 51.9619 -24.2373 0.0000 -0.0000 -59.2275 -43.4199 12.3904 -11.4779 7.1250 -0.0000 -0.0000 -10.8845 -13.3688 -8.2258
12.0817 16.1865 -2.9012 21.6839 -63.6630 -11.5170 0.0000 0.0000 0.0000 -33.3193 25.4644 -54.2581 8.4264 16.4241 54.0844 1.0255 3.7100 -20.8071 0.0192 0.8955 2.4613 0.0000 0.0000 0.0000 -3.7460 26.7653 -34.5864 -9.4570 -17.0929 57.6574 -1.9863 1.0815 -26.3626 -1.8883 8.6294 -24.6428 -1.3004 -6.5467 22.3683 0.2225 -9.4311 12.5747 2.8262 -5.1073 1.6842 7.1589 17.0725 -10.3113 -23.6703 21.3633 -11.5905 -6.7137 10.5302 1.7533 -0.0000 -0.0000 0.0000 -155.0520 -59.3880 116.0622 9.5145 -15.9766 -1.3382 -0.0000 -0.0000 36.2463 44.8269 21.2997 19.8525 -7.1250 0.0000 -0.0000 18.6989 57.7851 5.9903 -0.0000 -0.0000 0.0000 127.8078 43.0018 73.1210 -47.9927 52.1531 -24.5799 0.0000 -0.0000 -61.7187 -43.0632 11.8536 -10.8670 7.1250 -0.0000 -0.0000 -10.7567 -14.1486 -7.9450
12.1810 16.0962 -2.8769 20.8542 -60.3256 -9.7167 0.0000 0.0000 0.0000 -34.1592 22.4178 -55.1665 8.7686 16.6565 55.2865 1.0109 3.0464 -20.3216 0.0145 0.7781 2.1385 0.0000 0.0000 0.0000 -5.1889 25.1704 -35.8149 -9.9898 -17.4041 59.4541 -2.1144 -0.2930 -27.6409 -1.6712 8.1447 -23.1546 -0.8843 -7.0920 22.7881 -0.3288 -10.0648 13.2810 2.1368 -5.3894 2.1358 7.5588 16.8051 -10.0362 -23.3795 20.9394 -11.9660 -6.7845 10.3675 1.5453 -0.0000 0.0000 0.0000 -154.5876 -60.7323 116.3487 9.1790 -15.4452 -1.2474 -0.0000 -0.0000 35.9762 43.2580 21.5837 19.0930 -7.1250 0.0000 -0.0000 16.7349 57.6982 5.3008 -0.0000 0.0000 0.0000 129.6928 43.0444 74.8473 -46.2035 51.3446 -23.1748 0.0000 -0.0000 -61.5624 -42.3738 10.1902 -9.1684 7.1250 -0.0000 -0.0000 -10.6134 -16.4529 -7.3004
12.2551 15.9890 -2.8800 16.5236 -56.8866 -4.6371 0.0000 0.0000 0.0000 -32.5555 18.6729 -56.4769 9.2633 16.9742 56.9962 0.9910 2.5568 -19.8905 0.0107 0.6693 1.8394 0.0000 0.0000 0.0000 -4.2016 23.9808 -37.0917 -10.5156 -17.6897 61.1980 -2.1939 -2.9306 -29.1569 -1.6579 8.1139 -23.0606 1.5304 -7.5968 23.0273 -0.5041 -10.2492 13.9409 0.6860 -5.3229 2.3406 8.3071 16.5610 -10.9594 -22.2671 20.6659 -11.1395 -6.5040 10.1271 1.8159 0.0000 -0.0000 0.0000 -153.6291 -61.8683 113.6395 8.8769 -14.9640 -1.1681 -0.0000 -0.0000 37.4933 43.2490 21.1129 18.7182 -7.1250 0.0000 -0.0000 16.6517 57.1235 5.0407 0.0000 -0.0000 0.0000 130.4014 43.9628 76.8192 -43.2709 49.8927 -20.9077 0.0000 -0.0000 -64.1713 -40.8310 10.3380 -8.8147 7.1250 -0.0000 -0.0000 -9.5505 -16.5444 -6.5277
12.2957 15.8936 -2.8932 16.3218 -51.9051 -3.5437 0.0000 0.0000 0.0000 -33.0567 14.3441 -56.1215 9.4366 17.0806 57.5881 0.9341 2.2694 -19.2099 0.0063 0.5110 1.4042 0.0000 0.0000 0.0000 -5.2088 21.5380 -37.5173 -11.1065 -17.9868 63.1269 -2.3482 -4.7661 -30.9443 -1.3187 7.2732 -20.5273 2.0948 -7.8797 23.3378 -0.4836 -10.4554 14.3999 0.4494 -5.3697 2.6305 8.0996 15.7285 -11.7559 -21.6652 19.6449 -10.2952 -6.3591 9.5574 1.9490 0.0000 0.0000 0.0000 -153.8254 -62.8251 110.8588 8.5940 -14.5110 -1.0962 -0.0000 -0.0000 37.9626 44.6485 22.7605 20.9150 -7.1250 0.0000 -0.0000 18.7698 59.5155 6.7998 0.0000 0.0000 0.0000 129.4239 44.4215 77.6388 -40.3715 48.2884 -18.7161 0.0000 -0.0000 -65.0442 -36.3361 10.5132 -7.6439 7.1250 -0.0000 -0.0000 -6.4637 -17.0585 -4.3110
12.3035 15.8073 -2.9257 15.4459 -46.4555 -1.7195 0.0000 0.0000 0.0000 -33.1890 9.9614 -55.7448 9.5184 17.1300 57.8662 0.8490 1.7663 -18.1300 0.0081 0.5801 1.5941 0.0000 0.0000 0.0000 -5.3583 18.7240 -37.7303 -11.6692 -18.2473 64.9364 -2.4840 -7.1343 -32.9565 -1.2987 7.2199 -20.3685 3.0554 -8.0510 23.3740 -0.1738 -10.4748 15.1953 0.1944 -5.3039 3.4387 7.4618 14.9568 -13.7261 -20.7204 18.6534 -9.6980 -5.9919 8.9584 2.1123 0.0000 0.0000 0.0000 -156.1738 -64.7059 110.9979 8.0101 -13.5692 -0.9545 -0.0000 -0.0000 36.9098 45.4470 22.5237 21.2605 -7.1250 0.0000 -0.0000 19.8039 59.4591 7.1654 0.0000 0.0000 0.0000 131.6393 44.6523 79.6967 -39.2847 47.6404 -17.9089 0.0000 -0.0000 -63.2250 -35.8705 10.9995 -7.8553 7.1250 -0.0000 -0.0000 -6.0787 -16.5404 -4.1201
12.2587 15.7431 -3.0239 14.9181 -40.9501 -0.4551 0.0000 0.0000 0.0000 -33.1447 6.0194 -55.0478 9.5093 17.1245 57.8352 0.7566 0.2960 -16.5478 0.0360 1.2243 3.3660 0.0000 0.0000 0.0000 -5.2067 17.0034 -37.4378 -12.2851 -18.5086 66.8896 -2.6127 -9.5683 -35.0688 -0.8115 5.7487 -16.0570 3.4393 -7.5021 24.3003 0.4761 -9.5771 15.4470 0.5807 -4.8293 3.3759 7.8176 13.5669 -14.3231 -20.3467 16.7420 -9.2747 -6.1389 7.9596 2.0772 -0.0000 0.0000 0.0000 -158.7285 -66.1783 107.7563 7.1929 -12.2362 -0.7720 -0.0000 -0.0000 38.9782 44.9868 21.7254 20.3039 -7.1250 0.0000 -0.0000 19.0008 58.3519 6.3532 -0.0000 0.0000 0.0000 131.0543 45.6653 81.9094 -36.8945 46.1185 -16.1640 0.0000 -0.0000 -63.3948 -34.3131 11.1168 -7.4965 7.1250 -0.0000 -0.0000 -4.9956 -16.6307 -3.3698
12.1809 15.6525 -3.1090 14.1572 -34.7663 1.2821 0.0000 0.0000 0.0000 -33.1394 2.0632 -54.6125 9.4886 17.1120 57.7649 0.6311 -1.1165 -14.6665 0.0914 1.9496 5.3665 0.0000 0.0000 0.0000 -4.5961 14.3001 -37.3839 -12.8838 -18.7398 68.7643 -2.7328 -11.7411 -37.0574 -0.7369 5.4839 -15.2942 4.6933 -7.2268 24.6564 1.5314 -8.8537 15.4824 0.9128 -4.3903 3.2868 7.0085 12.0271 -15.9652 -19.3390 14.8877 -7.8019 -5.8326 6.9256 2.3570 0.0000 0.0000 0.0000 -161.5164 -67.5291 101.3962 6.2654 -10.7041 -0.5875 -0.0000 -0.0000 42.0157 50.5410 24.1154 26.3982 -7.1250 0.0000 -0.0000 28.0524 62.9647 12.7519 0.0000 0.0000 0.0000 132.2794 45.8973 83.5631 -33.6121 43.7952 -13.8439 0.0000 -0.0000 -61.6008 -31.7951 10.5991 -6.5050 7.1250 -0.0000 -0.0000 -3.3123 -17.5759 -2.1611
12.0555 15.6095 -3.2151 13.9314 -28.9358 2.2289 0.0000 0.0000 0.0000 -33.2155 -1.1284 -53.7236 9.3286 17.0146 57.2198 0.4804 -2.7478 -12.4379 0.0956 1.9944 5.4901 0.0000 0.0000 0.0000 -3.9275 11.7696 -36.8781 -13.3745 -18.9132 70.2846 -3.0438 -12.7465 -39.2407 -0.4958 4.5146 -12.5291 5.2123 -6.3128 25.6856 2.5713 -7.3830 15.3322 1.5337 -3.6380 2.7568 5.9045 10.0561 -17.5029 -17.2465 12.5381 -5.9980 -5.2125 5.6792 2.5756 -0.0000 0.0000 0.0000 -163.8584 -69.8884 93.3192 5.2706 -9.0403 -0.4170 -0.0000 -0.0000 46.3703 50.9985 23.4169 26.1393 -7.1250 0.0000 -0.0000 28.4145 62.2590 12.4584 -0.0000 0.0000 0.0000 131.4863 46.3170 86.5336 -33.4339 43.6609 -13.7207 0.0000 -0.0000 -61.5074 -30.2381 4.6097 -2.6822 7.1250 -0.0000 -0.0000 -2.6781 -24.6481 -1.3186
11.9012 15.5674 -3.2880 14.5104 -23.7943 2.9315 0.0000 0.0000 0.0000 -33.9944 -4.0189 -52.7325 9.0771 16.8571 56.3564 0.3664 -3.9873 -10.7628 0.0271 1.0629 2.9218 0.0000 0.0000 0.0000 -3.9042 9.5250 -36.4425 -13.8069 -19.0544 71.6138 -3.2133 -14.3515 -41.0776 -0.3057 3.5547 -9.8271 5.4342 -5.0560 26.5675 3.1201 -5.5403 15.0583 1.6574 -2.6946 2.0867 6.5368 8.1582 -18.0789 -16.6648 9.9437 -4.9378 -5.3873 4.3306 2.6854 -0.0000 0.0000 0.0000 -165.3228 -72.5441 91.4271 4.0063 -6.8999 -0.2416 -0.0000 -0.0000 44.7574 53.2559 25.7201 30.1689 -7.1250 0.0000 -0.0000 34.0106 65.7605 17.9561 -0.0000 0.0000 0.0000 132.2896 46.5610 90.3385 -31.4449 42.1001 -12.3671 0.0000 -0.0000 -64.7001 -24.3822 -0.8362 0.3790 7.1250 -0.0000 -0.0000 1.7393 -30.8951 0.5997
11.6987 15.5296 -3.3782 14.9367 -18.8312 3.7470 0.0000 0.0000 0.0000 -34.3925 -6.6782 -51.9866 8.8580 16.7155 55.5977 0.2478 -5.2177 -9.0310 0.0272 1.0650 2.9275 0.0000 0.0000 0.0000 -3.2478 6.6736 -36.7257 -14.2755 -19.1955 73.0441 -3.4629 -15.9075 -43.2129 -0.2304 3.0892 -8.5272 5.5358 -3.6355 27.9961 4.2560 -3.4329 14.4686 2.4201 -1.6702 0.8477 5.7959 6.2915 -19.1235 -15.9290 7.7159 -3.2842 -5.2344 3.1506 3.0146 -0.0000 -0.0000 0.0000 -162.7661 -76.1727 86.2366 3.0316 -5.2339 -0.1386 -0.0000 -0.0000 40.6597 54.5038 26.3974 31.9389 -7.1250 0.0000 -0.0000 37.1478 66.9448 20.7934 -0.0000 -0.0000 0.0000 134.4043 46.4000 95.2285 -27.5412 38.6904 -9.8355 0.0000 -0.0000 -66.0739 -20.9962 -4.1241 1.5810 7.1250 -0.0000 -0.0000 4.6523 -34.3675 1.2173
11.4861 15.5156 -3.3956 15.3224 -15.1443 4.3435 0.0000 0.0000 0.0000 -34.6966 -8.3804 -51.0682 8.7118 16.6186 55.0879 0.1750 -6.3070 -8.0785 0.1928 2.8280 7.8003 0.0000 0.0000 0.0000 -2.5385 4.3856 -36.3846 -14.5095 -19.2613 73.7546 -3.6961 -16.8937 -44.8466 -0.0823 1.8506 -5.0931 3.1444 -2.9320 29.4267 6.7872 -2.7646 13.4647 6.5393 -1.5593 -0.7017 -0.6420 4.8691 -16.2509 -14.2834 6.8873 -4.0619 -3.8016 3.0246 1.9344 -0.0000 -0.0000 0.0000 -133.6930 -82.6841 49.6582 1.9154 -3.3132 -0.0554 -0.0000 -0.0000 36.6098 55.8755 30.3666 36.7222 -7.1250 0.0000 -0.0000 45.1878 71.7185 30.5099 -0.0000 -0.0000 0.0000 132.5261 41.2596 102.9210 -25.7791 36.9898 -8.7544 0.0000 -0.0000 -68.4876 -20.4067 -4.5272 1.6820 7.1250 -0.0000 -0.0000 5.1723 -34.7721 1.3033
11.2831 15.5134 -3.3879 15.4355 -11.5519 5.7264 0.0000 0.0000 0.0000 -34.4662 -10.7853 -50.8823 8.6034 16.5456 54.7082 0.0973 -6.8474 -6.8810 0.2152 2.9863 8.2405 0.0000 0.0000 0.0000 -1.8388 1.8804 -37.2481 -14.7628 -19.3293 74.5212 -4.3525 -15.4443 -46.5581 -0.0179 0.8631 -2.3722 5.7182 -0.8199 29.5699 6.4504 0.5817 13.5127 3.6909 0.2634 -0.9712 2.8235 2.6374 -19.4705 -14.4373 3.4991 -2.1284 -4.6665 1.0763 2.8482 0.0000 0.0000 0.0000 -119.3502 -84.1035 36.3450 0.6455 -1.1180 -0.0063 -0.0000 -0.0000 33.0841 58.5386 31.8616 40.7846 -7.1250 0.0000 -0.0000 55.8390 73.7169 40.9422 0.0000 0.0000 0.0000 135.8092 42.0577 104.3233 -22.9816 34.0687 -7.1280 0.0000 -0.0000 -67.6920 -21.0695 -2.1644 0.8336 7.1250 -0.0000 -0.0000 4.4495 -32.2781 1.3894
11.0842 15.5043 -3.3333 15.1400 -8.8796 6.1995 0.0000 0.0000 0.0000 -33.8407 -11.9462 -50.3201 8.6722 16.5921 54.9493 0.0627 -7.6670 -6.6426 0.2098 2.9492 8.1373 0.0000 0.0000 0.0000 -0.6135 0.1317 -36.5893 -14.8049 -19.3402 74.6482 -4.5526 -15.1616 -47.1723 -0.0060 0.4999 -1.3736 6.5349 0.8398 30.4570 7.1171 3.0206 13.5125 3.2399 1.4825 -1.4126 2.6279 1.0550 -19.9811 -13.2223 1.4107 -1.6730 -4.4327 0.0577 2.8431 -0.0000 -0.0000 0.0000 -77.9493 -83.4188 -6.6877 -0.4589 0.7948 -0.0032 -0.0000 -0.0000 27.6614 59.2763 31.5696 41.3768 -7.1250 0.0000 -0.0000 57.6528 73.5351 42.2812 -0.0000 -0.0000 0.0000 136.2421 40.5909 107.7697 -21.9649 32.9373 -6.5667 0.0000 -0.0000 -69.1281 -26.7112 -0.4533 0.2281 7.1250 -0.0000 -0.0000 -0.1151 -30.4871 -0.0408
10.9069 15.5491 -3.2634 14.9912 -5.6975 7.1305 0.0000 0.0000 0.0000 -33.3852 -13.7905 -49.4416 8.4819 16.4625 54.2804 -0.0024 -8.3286 -5.7887 0.2386 3.1433 8.6780 0.0000 0.0000 0.0000 0.5407 -2.2345 -36.2135 -14.5987 -19.2857 74.0247 -4.5877 -15.4820 -47.4928 -0.0200 0.9139 -2.5118 7.2064 2.1430 30.4814 8.0857 4.9415 13.3435 3.3494 2.4310 -1.6702 1.3359 -0.3056 -19.0296 -11.6044 -0.2902 -2.5810 -3.8247 -0.6448 2.2611 0.0000 -0.0000 0.0000 -60.6912 -80.4237 -25.9885 -1.4985 2.5934 -0.0339 -0.0000 -0.0000 23.7366 62.1151 32.6498 45.5559 -7.1250 0.0000 -0.0000 70.3774 74.5704 54.7001 0.0000 -0.0000 0.0000 135.3539 38.8974 109.6805 -20.1411 30.8120 -5.6034 0.0000 -0.0000 -68.4825 -19.8325 -12.6507 4.5163 7.1250 -0.0000 -0.0000 6.7855 -43.2975 0.2865
10.7405 15.5770 -3.1834 15.1401 -2.8041 7.9523 0.0000 0.0000 0.0000 -33.3315 -15.2815 -48.8093 8.3432 16.3660 53.7897 -0.0773 -9.0643 -4.8071 0.3172 3.6201 10.0103 0.0000 0.0000 0.0000 1.2893 -3.9873 -36.0444 -14.5947 -19.2846 74.0127 -4.9075 -15.1059 -48.4933 -0.0066 -0.5242 1.4404 7.8930 3.2889 30.3297 8.4152 6.5869 13.3788 2.8420 3.2758 -1.5416 0.9186 -1.6101 -19.3723 -10.0945 -1.9962 -2.6967 -3.4104 -1.4365 2.1552 0.0000 0.0000 0.0000 -56.4280 -77.9535 -31.2893 -1.9643 3.3976 -0.0583 -0.0000 -0.0000 20.2264 64.2250 34.0384 49.2165 -7.1250 0.0000 -0.0000 82.6580 75.2507 67.2837 0.0000 0.0000 0.0000 134.2702 37.7152 111.0226 -19.6286 30.1923 -5.3433 0.0000 -0.0000 -68.7888 -20.5026 -13.4842 4.9832 7.1250 -0.0000 -0.0000 6.3406 -44.2468 0.1184
10.6003 15.6131 -3.1003 14.6136 0.1632 8.3724 0.0000 0.0000 0.0000 -32.4155 -17.1801 -47.7160 8.2658 16.3113 53.5145 -0.1210 -9.3852 -4.1287 0.1768 2.7081 7.4671 0.0000 0.0000 0.0000 2.7119 -5.6562 -35.2295 -14.4712 -19.2508 73.6386 -5.1074 -14.6297 -48.9817 -0.0055 -0.4810 1.3218 9.3355 3.8870 30.2069 8.5148 7.7285 13.4015 1.8423 3.9121 -1.2622 1.9342 -1.6814 -19.9828 -10.5016 -2.2407 -2.2873 -3.7360 -1.6016 2.3453 -0.0000 -0.0000 0.0000 -54.7493 -75.9967 -33.8468 -2.2544 3.8977 -0.0767 -0.0000 -0.0000 17.9754 67.9639 35.4248 55.0733 -7.1250 0.0000 -0.0000 85.9266 -74.8164 -101.4828 -0.0000 -0.0000 0.0000 134.1846 36.7982 111.4422 -18.9302 29.3318 -4.9966 0.0000 -0.0000 -67.7169 -24.4538 -17.9086 7.9604 7.1250 -0.0000 -0.0000 3.5408 -49.4920 -0.3926
10.4580 15.6653 -3.0240 14.4153 2.9695 8.3137 0.0000 0.0000 0.0000 -31.9967 -18.6634 -45.9390 8.0505 16.1563 52.7444 -0.1745 -10.1060 -3.6698 0.2172 3.0002 8.2794 0.0000 0.0000 0.0000 3.7729 -6.6313 -33.6227 -14.2681 -19.1933 73.0216 -4.7701 -16.5490 -48.8008 -0.0006 0.1629 -0.4476 9.6536 4.2751 30.3861 8.7210 8.3653 13.4819 1.7084 4.2503 -1.2192 1.3109 -1.6076 -20.2156 -9.6356 -1.9890 -2.1050 -3.3517 -1.4352 2.4528 -0.0000 -0.0000 0.0000 -56.0371 -74.1762 -34.2963 -1.7369 3.0052 -0.0456 -0.0000 -0.0000 16.5385 64.7027 32.8564 48.9386 -7.1250 0.0000 -0.0000 80.7949 74.4134 64.4826 -0.0000 -0.0000 0.0000 132.8020 36.3087 112.3854 -18.8421 29.2220 -4.9535 0.0000 -0.0000 -67.3265 -24.3476 -23.4050 10.1903 7.1250 -0.0000 -0.0000 5.2033 -55.3169 -1.3205
10.3343 15.7144 -2.9576 14.2289 5.3785 8.6126 0.0000 0.0000 0.0000 -31.5203 -20.0698 -44.9526 7.9105 16.0530 52.2395 -0.2309 -10.6852 -3.0257 0.1620 2.5933 7.1485 0.0000 0.0000 0.0000 4.8728 -7.5661 -32.8213 -14.0654 -19.1338 72.4042 -5.0996 -15.4246 -49.3818 -0.0042 -0.4184 1.1496 9.5057 4.5107 29.6748 8.5776 8.5514 13.5698 1.6415 4.3804 -0.7978 0.9589 -1.3460 -19.8583 -8.9479 -1.6073 -2.6384 -3.0403 -1.1786 2.2595 -0.0000 -0.0000 0.0000 -56.9849 -73.0835 -35.7696 -1.1744 2.0331 -0.0208 -0.0000 -0.0000 16.3650 64.2926 33.2035 48.6801 -7.1250 0.0000 -0.0000 80.2898 74.7134 64.3291 -0.0000 -0.0000 0.0000 131.5982 36.1704 113.5578 -19.4051 29.9189 -5.2314 0.0000 -0.0000 -67.6010 -22.7090 -26.8378 10.6991 7.1250 -0.0000 -0.0000 8.4047 -58.5265 -2.7927
10.2300 15.7432 -2.8808 14.6549 7.8906 8.9914 0.0000 0.0000 0.0000 -31.9129 -21.4604 -43.6777 7.6772 15.8766 51.3914 -0.2880 -11.1720 -2.2481 0.1794 2.7282 7.5231 0.0000 0.0000 0.0000 5.4758 -9.1765 -31.7505 -13.6207 -18.9949 71.0428 -5.3665 -16.0999 -50.7133 -0.0207 -0.9289 2.5531 8.6915 4.3307 28.7585 8.1832 8.0600 13.4067 1.8363 4.1466 -0.6550 1.0635 -1.0237 -20.5914 -9.3525 -1.0759 -1.4867 -3.1654 -0.9775 2.7484 -0.0000 -0.0000 0.0000 -58.4794 -71.7333 -37.5582 -0.1144 0.1981 -0.0002 -0.0000 -0.0000 16.6240 62.3770 31.8091 45.2069 -7.1250 0.0000 -0.0000 69.0560 73.9033 52.7293 -0.0000 -0.0000 0.0000 130.3476 35.9827 113.9720 -19.7186 30.3019 -5.3887 0.0000 -0.0000 -65.5307 -19.3344 -18.1282 6.2304 7.1250 -0.0000 -0.0000 8.5522 -48.9248 -0.8334
10.1498 15.8208 -2.8209 13.3799 10.3539 8.4837 0.0000 0.0000 0.0000 -30.4759 -23.0726 -41.8203 7.4910 15.7318 50.7080 -0.2951 -11.1719 -2.0465 0.2317 3.0979 8.5513 0.0000 0.0000 0.0000 7.8679 -11.2630 -29.9742 -12.8856 -18.7405 68.7698 -5.4766 -16.5790 -51.3604 -0.0001 -0.0532 0.1461 9.5026 3.6440 28.7241 7.8983 7.4399 13.1990 1.2445 3.8904 -0.7278 0.1655 -0.8318 -20.0991 -8.3751 -0.6757 -1.8069 -2.6740 -0.7024 2.5941 0.0000 0.0000 0.0000 -60.4037 -70.4398 -39.1853 1.4735 -2.5503 -0.0328 -0.0000 -0.0000 16.9156 58.7106 31.8300 40.9510 -7.1250 0.0000 -0.0000 56.3382 73.7091 41.3534 0.0000 0.0000 0.0000 129.3047 36.4006 113.4324 -20.2998 31.0019 -5.6850 0.0000 -0.0000 -61.8336 -19.0379 -9.7726 3.3521 7.1250 -0.0000 -0.0000 6.9834 -40.2103 0.8293
10.0661 15.8688 -2.7848 12.2845 11.9785 8.4001 0.0000 0.0000 0.0000 -28.9207 -24.6679 -40.9796 7.4162 15.6726 50.4315 -0.2751 -11.3680 -2.8928 0.0155 0.8043 2.2104 0.0000 0.0000 0.0000 9.8601 -13.0321 -29.5018 -12.3827 -18.5478 67.1968 -5.2715 -16.7745 -50.7456 -0.0271 -1.0625 2.9209 9.7128 3.2606 28.3062 7.3833 6.9799 12.9454 0.7018 3.6925 -0.7449 -0.2996 -0.5702 -20.2110 -7.7654 -0.2261 -1.6641 -2.3766 -0.4504 2.6682 -0.0000 -0.0000 0.0000 -65.6956 -68.6560 -37.3949 4.6650 -8.0184 -0.3271 -0.0000 -0.0000 14.9908 54.3592 31.3206 35.9419 -7.1250 0.0000 -0.0000 42.3836 72.3610 28.9694 -0.0000 -0.0000 0.0000 128.0076 37.5421 113.9271 -21.1309 31.9808 -6.1191 0.0000 -0.0000 -57.9664 -20.4551 -9.4405 3.5009 7.1250 -0.0000 -0.0000 5.7009 -39.9801 0.7081
9.9960 15.9340 -2.7337 11.7297 12.7102 8.3766 0.0000 0.0000 0.0000 -28.0019 -25.5285 -40.1875 7.2784 15.5619 49.9194 -0.2382 -11.2005 -3.5443 0.0384 1.2653 3.4792 0.0000 0.0000 0.0000 10.9967 -14.4427 -29.0166 -11.8760 -18.3377 65.5953 -5.4906 -16.1623 -51.1858 -0.0165 -0.8289 2.2782 8.7243 3.0976 27.6290 6.7837 6.4464 12.8702 0.7597 3.4213 -0.6025 -0.8784 -0.2941 -19.6536 -7.3327 0.2069 -2.5488 -2.2820 -0.1649 2.6253 -0.0000 0.0000 0.0000 -68.8292 -66.5957 -23.7444 7.8914 -13.3766 -0.9268 -0.0000 0.0000 -3.5066 49.1787 29.5985 29.7601 -7.1250 0.0000 -0.0000 28.6470 68.9816 16.9662 -0.0000 0.0000 0.0000 126.8847 38.5835 113.7703 -22.0273 33.0078 -6.6007 0.0000 -0.0000 -50.6492 -21.0801 -8.1171 3.1154 7.1250 -0.0000 -0.0000 4.9862 -38.6258 0.7852
9.9326 15.9771 -2.6985 10.8871 12.8288 8.1697 0.0000 0.0000 0.0000 -26.8347 -25.7071 -39.8584 7.2460 15.5356 49.7987 -0.1862 -11.2878 -4.7578 0.0059 -0.4963 -1.3637 0.0000 0.0000 0.0000 12.3996 -16.0950 -28.6266 -11.2461 -18.0534 63.5782 -5.5735 -15.3430 -51.0485 -0.0026 -0.3282 0.9019 7.6964 2.9893 26.9395 5.9967 5.9692 12.7736 0.6232 3.1754 -0.4491 -0.5699 0.2031 -19.7889 -7.0045 0.8116 -2.1579 -2.1815 0.1362 2.8090 0.0000 0.0000 0.0000 -70.0633 -63.7911 -13.2633 12.0219 -19.8375 -2.1097 -0.0000 0.0000 -21.4222 47.6570 31.0064 29.4783 -7.1250 0.0000 -0.0000 26.2829 70.1081 16.1437 0.0000 0.0000 0.0000 126.6046 39.9856 114.9996 -22.1787 33.1783 -6.6833 0.0000 -0.0000 -40.2526 -22.7610 -8.4218 3.5163 7.1250 -0.0000 -0.0000 3.5738 -39.0777 0.5223
9.8864 16.0532 -2.6639 9.7612 12.5060 7.5964 0.0000 0.0000 0.0000 -25.3915 -25.7857 -39.1585 7.1178 15.4303 49.3185 -0.1578 -10.6151 -4.6148 0.0066 0.5251 1.4430 0.0000 0.0000 0.0000 13.8573 -17.6024 -28.1655 -10.6431 -17.7559 61.6169 -5.0734 -16.4312 -49.8439 -0.0000 -0.0439 0.1205 6.9670 2.8506 26.4964 5.1587 5.5518 12.6777 0.2414 2.9663 -0.3609 -1.2025 0.2817 -19.7392 -5.8243 1.0253 -1.5635 -1.6487 0.2787 2.9918 -0.0000 -0.0000 0.0000 -70.3148 -61.1922 -8.9061 16.4212 -26.0885 -3.8293 -0.0000 0.0000 -35.5168 42.5276 32.7867 26.4129 -7.1250 0.0000 -0.0000 16.6742 70.4946 10.2431 -0.0000 -0.0000 0.0000 126.5853 41.4494 115.6245 -22.1891 33.1901 -6.6891 0.0000 -0.0000 -27.0767 -23.3175 -9.3204 3.9932 7.1250 -0.0000 -0.0000 3.1895 -40.0929 0.3863
9.8582 16.1284 -2.6259 7.9251 11.4537 6.9407 0.0000 0.0000 0.0000 -23.1177 -25.3206 -38.8643 7.1188 15.4312 49.3224 -0.1024 -9.9908 -5.1303 0.0093 0.6221 1.7094 0.0000 0.0000 0.0000 16.0000 -18.4491 -27.2813 -9.9642 -17.3897 59.3686 -4.9010 -15.9359 -48.9331 -0.0016 -0.2548 0.7001 6.8625 2.7713 25.8481 4.4429 5.3278 12.6077 -0.3829 2.8755 -0.0824 -2.3715 -0.0673 -19.3427 -3.7061 0.6986 -1.3649 -0.7504 0.2090 2.9481 -0.0000 0.0000 0.0000 -70.9424 -58.4712 -7.3778 21.7991 -32.7493 -6.4768 -0.0000 0.0000 -48.7690 36.8646 32.9719 22.2000 -7.1250 0.0000 -0.0000 6.9435 68.9001 3.9854 -0.0000 0.0000 0.0000 127.0487 42.6717 115.8583 -21.7551 32.6992 -6.4531 0.0000 -0.0000 -13.6305 -23.5521 -7.0270 3.0524 7.1250 -0.0000 -0.0000 2.7593 -37.6252 0.5014
9.8211 16.2018 -2.5972 6.7454 9.9256 7.0770 0.0000 0.0000 0.0000 -21.1519 -25.1204 -39.2149 7.0954 15.4117 49.2341 0.0042 -9.1974 -6.5223 0.0093 -0.6231 -1.7122 0.0000 0.0000 0.0000 17.4889 -18.5398 -27.4424 -9.4692 -17.1003 57.6990 -4.3905 -16.7482 -47.4923 -0.0367 1.2361 -3.3988 6.3081 2.9367 24.9740 3.2627 5.3093 12.1170 -1.3135 2.8619 -0.1595 -2.5815 -0.8248 -18.6762 -2.1206 -0.3722 -0.8825 -0.2740 -0.2645 2.9868 -0.0000 0.0000 0.0000 -70.9675 -55.6240 -7.8371 26.5410 -37.7379 -9.2168 -0.0000 0.0000 -59.2101 29.5276 33.4080 17.3208 -7.1250 0.0000 -0.0000 -3.9895 67.1032 -2.1244 -0.0000 0.0000 0.0000 128.2767 43.6253 115.2625 -21.0889 31.9320 -6.0969 0.0000 -0.0000 -0.8332 -24.2130 -3.5120 1.5779 7.1250 -0.0000 -0.0000 1.9732 -33.8246 0.5411
9.8103 16.2800 -2.5619 5.6397 7.3169 6.2599 0.0000 0.0000 0.0000 -19.9461 -23.5003 -38.5693 7.1390 15.4479 49.3982 0.1429 -8.1172 -8.2586 0.0710 -1.7187 -4.7289 0.0000 0.0000 0.0000 18.3139 -18.0149 -25.7637 -8.8028 -16.6791 55.4057 -4.3083 -15.8767 -46.6441 -0.0227 0.9730 -2.6745 5.7267 3.4308 24.3671 2.2144 5.7041 12.3007 -2.1458 3.0818 0.4132 -3.9634 -2.0831 -17.7793 0.6492 -1.9438 -0.6974 0.7669 -0.9322 2.9440 -0.0000 -0.0000 0.0000 -71.7262 -54.3082 -9.7676 29.5066 -40.4667 -11.0880 -0.0000 0.0000 -66.7454 22.3230 31.8589 12.2284 -7.1250 0.0000 -0.0000 -11.8995 63.4918 -5.3759 -0.0000 -0.0000 0.0000 129.6684 45.6037 116.2077 -20.8293 31.6286 -5.9602 0.0000 0.0000 9.0948 -21.4858 -1.9162 0.7541 7.1250 -0.0000 -0.0000 4.0996 -32.0217 1.3050
9.7914 16.3310 -2.5470 4.6928 4.4894 5.9551 0.0000 0.0000 0.0000 -18.5685 -21.6492 -38.6176 7.1484 15.4556 49.4335 0.2068 -7.5219 -9.0126 0.1245 -2.2747 -6.2654 0.0000 0.0000 0.0000 19.1322 -16.6213 -24.8474 -8.3903 -16.3989 53.9565 -4.1386 -15.7551 -45.9003 -0.0442 1.3563 -3.7296 4.9351 3.8384 23.7423 0.9321 5.9759 12.0506 -3.0992 3.2154 0.5148 -3.9319 -3.0405 -16.9757 2.5307 -3.3741 -0.0995 1.2771 -1.5750 3.0891 0.0000 -0.0000 0.0000 -71.8824 -52.9994 -12.8304 31.8954 -42.4637 -12.6702 -0.0000 0.0000 -71.7297 19.8697 31.3973 10.6626 -7.1250 0.0000 -0.0000 -14.3798 62.3964 -6.1480 0.0000 -0.0000 0.0000 131.5208 47.0341 120.1968 -20.7758 31.5657 -5.9322 0.0000 0.0000 15.2848 -20.6331 -0.5125 0.1930 7.1250 -0.0000 -0.0000 4.6998 -30.5091 1.6681
9.7829 16.3802 -2.5291 4.4689 1.1161 5.7582 0.0000 0.0000 0.0000 -18.2446 -19.3938 -38.5458 7.0085 15.3391 48.9065 0.2521 -6.1767 -9.3023 0.0349 -1.2052 -3.3136 0.0000 0.0000 0.0000 18.7356 -14.3437 -23.9091 -8.2548 -16.3035 53.4753 -3.9433 -15.1451 -44.7342 -0.0669 1.6692 -4.5924 3.4885 4.4760 23.2944 -0.2719 6.4357 11.7622 -3.6555 3.4038 0.4296 -4.9826 -4.1551 -16.4800 5.1940 -4.8535 0.9715 2.0306 -2.1945 3.1494 0.0000 -0.0000 0.0000 -72.4299 -51.6811 -15.4638 33.1553 -43.4491 -13.5288 -0.0000 0.0000 -77.5140 17.6251 30.6810 9.2081 -7.1250 0.0000 -0.0000 -16.3441 61.1415 -6.5249 0.0000 -0.0000 0.0000 133.4943 48.2745 123.6413 -21.0270 31.8598 -6.0642 0.0000 0.0000 21.7612 -19.1700 0.4040 -0.1404 7.1250 -0.0000 -0.0000 5.7986 -29.5287 2.1977
9.7756 16.3961 -2.5518 4.1687 -1.8693 5.7419 0.0000 0.0000 0.0000 -17.7538 -17.1655 -38.9561 7.0449 15.3696 49.0441 0.3194 -5.5135 -10.1902 0.1185 -2.2190 -6.1112 0.0000 0.0000 0.0000 18.5081 -11.7953 -23.1249 -8.1289 -16.2133 53.0257 -4.0507 -13.4922 -44.1885 -0.0259 1.0395 -2.8574 2.8070 4.7008 22.3753 -1.6237 6.5238 11.9095 -4.6402 3.4813 1.1471 -5.2821 -5.0698 -16.0089 6.8539 -6.1306 0.5834 2.4950 -2.7663 3.0948 0.0000 -0.0000 0.0000 -72.8707 -52.0976 -20.2864 33.2351 -43.5099 -13.5836 -0.0000 0.0000 -81.3216 14.2254 32.4607 7.7483 -7.1250 0.0000 -0.0000 -21.4895 61.9736 -9.1004 0.0000 -0.0000 0.0000 136.6483 49.4913 129.4334 -21.4405 32.3389 -6.2839 0.0000 0.0000 25.0826 -16.2073 0.2700 -0.0785 7.1250 -0.0000 -0.0000 8.1227 -29.6509 3.0685
9.7908 16.4216 -2.5717 3.0383 -4.8218 5.6648 0.0000 0.0000 0.0000 -16.3888 -15.1017 -39.5361 7.3342 15.6070 50.1273 0.4207 -4.6229 -11.5440 0.2015 -2.8904 -7.9737 0.0000 0.0000 0.0000 19.2529 -9.3359 -21.9583 -7.7929 -15.9648 51.8132 -3.8978 -13.1029 -43.3155 -0.0018 0.2762 -0.7589 2.9515 4.7775 22.0969 -2.4542 6.6032 11.8081 -5.6040 3.5539 1.3150 -5.2151 -5.5271 -15.5726 7.7910 -6.8104 0.1245 2.7284 -3.0794 2.9674 0.0000 -0.0000 0.0000 -73.8175 -51.8758 -23.5754 32.6123 -43.0300 -13.1568 -0.0000 0.0000 -84.6237 13.5450 32.4904 7.3735 -7.1250 0.0000 -0.0000 -22.2476 61.8311 -9.3637 0.0000 -0.0000 0.0000 139.0308 50.2476 134.7221 -21.7492 32.6924 -6.4499 0.0000 0.0000 28.0927 -11.9854 -0.3380 0.0718 7.1250 -0.0000 -0.0000 11.4755 -30.2162 4.2171
9.7857 16.4422 -2.6073 2.1746 -8.1184 5.5701 0.0000 0.0000 0.0000 -15.3699 -12.5657 -40.1025 7.5574 15.7839 50.9525 0.5061 -3.7029 -12.6845 0.3239 -3.6578 -10.1160 0.0000 0.0000 0.0000 19.8266 -6.6889 -21.1517 -7.6078 -15.8231 51.1375 -3.6118 -13.4778 -42.3003 -0.0114 0.6905 -1.8976 2.3521 5.0477 21.9877 -3.1141 6.7941 11.6733 -6.0129 3.6283 1.2621 -5.7035 -5.7953 -15.1426 9.2706 -7.1987 0.2509 3.2322 -3.2213 3.0515 -0.0000 0.0000 0.0000 -74.4953 -51.6113 -26.0819 30.5427 -41.3540 -11.7666 -0.0000 0.0000 -86.5010 14.1715 31.4190 7.4988 -7.1250 0.0000 -0.0000 -20.6600 60.9987 -8.2538 -0.0000 0.0000 0.0000 140.5548 50.1553 138.7598 -21.5152 32.4247 -6.3239 0.0000 0.0000 29.3142 -9.3858 -0.4405 0.0728 7.1250 -0.0000 -0.0000 13.5070 -30.2697 4.9815
9.8260 16.4322 -2.6978 1.6031 -11.9068 6.1356 0.0000 0.0000 0.0000 -14.7107 -10.0549 -41.5803 7.7228 15.9115 51.5580 0.5610 -1.9937 -13.6045 0.3646 -3.8787 -10.7356 0.0000 0.0000 0.0000 19.8324 -3.3806 -21.5703 -7.7264 -15.9143 51.5711 -3.2312 -13.4967 -40.6018 -0.0925 1.9611 -5.3982 1.9725 5.3648 21.6790 -3.9707 7.0804 11.6183 -6.7497 3.7788 1.4719 -5.4750 -5.9593 -15.9932 9.5907 -7.4699 0.5253 3.2501 -3.3158 3.2933 0.0000 -0.0000 0.0000 -75.8568 -52.1403 -27.5787 28.5549 -39.6221 -10.4757 -0.0000 0.0000 -86.9879 13.1221 32.8635 7.2094 -7.1250 0.0000 -0.0000 -23.0384 62.0653 -9.8437 0.0000 -0.0000 0.0000 142.0376 50.9930 142.3468 -20.9449 31.7639 -6.0209 0.0000 0.0000 29.2905 -6.8981 -1.1469 0.1387 7.1250 -0.0000 -0.0000 15.5387 -30.9009 5.5351
9.8756 16.4236 -2.7821 1.1394 -15.9441 6.1197 0.0000 0.0000 0.0000 -13.8887 -7.6023 -41.7954 7.8753 16.0268 52.1122 0.6498 -1.9903 -14.6779 0.1071 -2.1097 -5.8090 0.0000 0.0000 0.0000 19.6082 -0.3942 -21.7327 -7.8994 -16.0448 52.1996 -2.9707 -13.3597 -39.2917 -0.2163 2.9939 -8.2618 1.1172 5.5013 22.0418 -4.5380 7.0285 11.5656 -6.9236 3.7048 1.2048 -5.0568 -5.5148 -16.0409 9.2940 -6.9168 0.2028 3.1438 -3.0613 3.1344 -0.0000 0.0000 0.0000 -76.8214 -51.9412 -28.0530 26.5093 -37.7072 -9.1974 -0.0000 0.0000 -87.0710 11.2284 33.4745 6.2489 -7.1250 0.0000 -0.0000 -25.6289 62.1371 -11.0707 -0.0000 0.0000 0.0000 141.4502 50.7699 142.6261 -20.5674 31.3199 -5.8234 0.0000 0.0000 29.7539 -5.9579 -2.0580 0.2147 7.1250 -0.0000 -0.0000 16.4233 -31.7535 5.5226
9.9602 16.4372 -2.8744 0.5094 -20.7937 6.3536 0.0000 0.0000 0.0000 -13.5120 -4.5293 -42.9016 8.0107 16.1271 52.6011 0.5784 1.1763 -14.8398 0.6081 -4.9914 -13.8840 0.0000 0.0000 0.0000 19.3572 3.0116 -21.7466 -7.9019 -16.0466 52.2086 -2.8916 -11.6965 -37.8287 -0.1808 2.7386 -7.5518 0.2482 5.5684 21.8749 -5.0424 6.8895 11.6556 -6.9387 3.5900 1.3353 -5.3289 -4.8903 -16.3623 9.1927 -6.0188 0.2284 3.2276 -2.6152 3.1320 0.0000 -0.0000 0.0000 -77.7476 -52.4094 -28.4717 25.1205 -36.3269 -8.3612 -0.0000 0.0000 -86.0289 11.4866 33.2604 6.3593 -7.1250 0.0000 -0.0000 -25.1497 62.0114 -10.7743 0.0000 -0.0000 0.0000 140.6065 50.7267 141.7702 -20.2197 30.9061 -5.6437 0.0000 0.0000 30.1987 -5.7001 -1.5947 0.1592 7.1250 -0.0000 -0.0000 16.5409 -31.2985 5.7543
10.0772 16.4573 -2.9716 -0.3194 -26.4118 6.5818 0.0000 0.0000 0.0000 -12.7220 -1.3481 -43.4413 8.2074 16.2697 53.3062 0.5835 2.8526 -15.7473 0.3171 -3.6197 -10.0093 0.0000 0.0000 0.0000 19.1968 6.8753 -21.6568 -7.9059 -16.0496 52.2232 -2.7801 -10.1851 -36.3270 -0.2437 3.1768 -8.7714 -0.7912 5.6226 22.0402 -5.3729 6.6732 11.6200 -6.6980 3.4032 1.1101 -4.6035 -3.6934 -16.9960 7.5453 -4.4536 0.4047 2.7244 -1.8952 3.1001 0.0000 -0.0000 0.0000 -78.9079 -52.2429 -27.1078 24.5911 -35.7832 -8.0496 -0.0000 0.0000 -85.3508 7.7820 34.6039 4.4379 -7.1250 0.0000 -0.0000 -30.3700 62.2455 -13.3907 0.0000 -0.0000 0.0000 138.7562 50.6731 139.2163 -20.0267 30.6745 -5.5450 0.0000 0.0000 29.8264 -6.8486 -2.2837 0.2742 7.1250 -0.0000 -0.0000 15.7692 -32.0018 5.1888
10.2189 16.4592 -3.0744 -0.5344 -32.8491 6.7146 0.0000 0.0000 0.0000 -12.6652 1.8945 -43.6852 8.2868 16.3262 53.5891 0.5884 5.1604 -17.2885 0.1515 -2.5084 -6.9130 0.0000 0.0000 0.0000 18.3370 11.4729 -22.1394 -8.0627 -16.1652 52.7882 -2.6493 -8.6806 -34.7441 -0.3892 4.0059 -11.0933 -2.4703 5.6567 21.6787 -6.1152 6.3273 11.8209 -6.4579 3.1379 1.3894 -3.6191 -2.1461 -17.4690 5.5881 -2.4636 0.4063 2.1162 -0.9880 3.0004 0.0000 0.0000 0.0000 -78.9235 -53.3636 -25.7202 24.3791 -35.5626 -7.9260 -0.0000 0.0000 -83.9071 10.5754 30.4376 5.4031 -7.1250 0.0000 -0.0000 -23.6314 59.2558 -8.5239 0.0000 0.0000 0.0000 137.7873 51.0157 136.2357 -20.0101 30.6546 -5.5365 0.0000 0.0000 29.8379 -8.8849 -1.7504 0.2736 7.1250 -0.0000 -0.0000 14.0894 -31.5458 4.7633
10.3807 16.4512 -3.1800 -1.7536 -39.5154 7.2847 0.0000 0.0000 0.0000 -11.5900 5.2599 -43.9255 8.4867 16.4658 54.2972 0.6193 7.0473 -19.0746 0.0082 -0.5864 -1.6113 0.0000 0.0000 0.0000 18.4917 15.5393 -22.2290 -8.0236 -16.1366 52.6475 -2.3959 -7.2111 -32.4909 -0.4104 4.1122 -11.3927 -3.8746 5.4273 21.7047 -6.3569 5.6641 11.8022 -5.8113 2.6927 1.1828 -2.3101 0.1318 -16.8255 2.8529 0.4546 -0.7725 1.3860 0.3270 2.6853 0.0000 -0.0000 0.0000 -77.8791 -54.4948 -24.3713 23.8718 -35.0283 -7.6328 -0.0000 0.0000 -82.7274 7.3915 32.8567 4.0260 -7.1250 0.0000 -0.0000 -29.0056 60.6564 -11.6347 0.0000 -0.0000 0.0000 136.1953 51.2279 133.0608 -20.0585 30.7128 -5.5612 0.0000 0.0000 29.7848 -10.8174 -2.3899 0.4565 7.1250 -0.0000 -0.0000 12.6653 -32.2349 4.0438
10.5613 16.4592 -3.2803 -2.6862 -46.1644 8.2192 0.0000 0.0000 0.0000 -11.0318 8.2484 -44.4754 8.6541 16.5799 54.8859 0.5839 9.4040 -20.7784 0.0116 -0.6946 -1.9089 0.0000 0.0000 0.0000 18.0121 19.9285 -22.8797 -7.9523 -16.0841 52.3908 -2.2589 -4.7389 -30.3869 -0.3803 3.9605 -10.9656 -5.6889 5.0912 21.1885 -6.4937 4.8536 11.6579 -4.7466 2.1561 1.0841 -1.3960 2.5172 -16.2995 0.1488 3.5596 -1.4232 0.5385 1.7696 2.3249 0.0000 -0.0000 0.0000 -78.0982 -56.3722 -22.2959 23.7589 -34.9082 -7.5681 -0.0000 0.0000 -80.3621 6.1280 32.9223 3.3396 -7.1250 0.0000 -0.0000 -30.3467 60.4125 -12.0530 0.0000 -0.0000 0.0000 134.6752 50.9791 127.2164 -20.3258 31.0329 -5.6984 0.0000 0.0000 31.7150 -12.7089 -1.9660 0.4433 7.1250 -0.0000 -0.0000 11.1095 -31.8661 3.6298
10.7611 16.4423 -3.3595 -4.1268 -53.0233 9.2244 0.0000 0.0000 0.0000 -10.2937 11.7721 -44.5920 8.9232 16.7581 55.8243 0.6711 10.5938 -22.7250 0.0048 0.4488 1.2332 0.0000 0.0000 0.0000 17.8114 23.5995 -23.3117 -7.8256 -15.9894 51.9319 -1.9492 -3.1885 -27.6750 -0.7474 5.5223 -15.4046 -7.1034 4.7360 21.3407 -6.6940 4.0047 11.5130 -4.0204 1.6277 0.7412 -0.5384 4.7551 -16.5430 -2.2653 6.4625 -1.5928 -0.1834 3.1238 2.3959 0.0000 -0.0000 0.0000 -77.0417 -59.5161 -19.9012 22.7416 -33.8051 -6.9940 -0.0000 0.0000 -79.7538 9.6152 31.9512 5.1229 -7.1250 0.0000 -0.0000 -25.8957 60.3928 -10.1180 0.0000 -0.0000 0.0000 133.9924 51.4767 122.6184 -20.3132 31.0179 -5.6919 0.0000 0.0000 31.2355 -14.9106 -2.8011 0.7455 7.1250 -0.0000 -0.0000 9.4588 -32.7754 2.8661
10.9410 16.4135 -3.4167 -9.4992 -59.4381 13.5684 0.0000 0.0000 0.0000 -7.6501 16.0503 -45.1613 9.3282 17.0143 57.2184 0.7706 11.6382 -24.5798 0.0216 0.9491 2.6087 0.0000 0.0000 0.0000 20.0315 27.2671 -23.2145 -7.6008 -15.8176 51.1116 -1.6592 -1.6301 -24.9790 -0.8339 5.8254 -16.2786 -7.0983 4.0424 21.3680 -6.3463 3.0344 11.3548 -3.4419 1.1010 0.4977 1.5386 7.5831 -15.2747 -6.3020 9.9252 -3.0831 -1.6431 4.7417 2.0529 0.0000 0.0000 0.0000 -76.4183 -63.3669 -18.4918 21.2257 -32.0909 -6.1694 -0.0000 0.0000 -75.8277 12.3891 10.4039 2.2716 -7.1250 0.0000 -0.0000 -12.8508 40.2937 1.5198 0.0000 0.0000 0.0000 132.8440 50.9574 115.7336 -20.7759 31.5658 -5.9322 0.0000 0.0000 31.9754 -17.5098 -2.7967 0.8819 7.1250 -0.0000 -0.0000 7.3683 -32.8499 2.2089
11.1406 16.3925 -3.4466 -10.9045 -64.7045 15.1798 0.0000 0.0000 0.0000 -8.1281 18.6909 -45.6022 9.4969 17.1171 57.7932 0.8645 12.7445 -26.3884 0.0987 2.0257 5.5768 0.0000 0.0000 0.0000 19.0415 29.8575 -24.2524 -7.5609 -15.7866 50.9652 -1.5144 1.1099 -22.9450 -0.6990 5.3443 -14.8933 -8.6842 3.0735 21.6182 -6.4051 1.3804 11.0030 -2.2801 0.2029 -0.0507 2.0694 9.8701 -13.4315 -9.1976 12.8698 -4.5469 -2.5502 6.2054 1.6311 0.0000 0.0000 0.0000 -78.1919 -67.3640 -15.3324 19.0777 -29.5152 -5.0691 -0.0000 0.0000 -71.4498 20.7801 0.4998 0.1897 -7.1250 0.0000 -0.0000 -4.5829 30.4971 1.6277 0.0000 0.0000 0.0000 130.8856 50.3152 106.8672 -21.6664 32.5980 -6.4052 0.0000 0.0000 33.9848 -17.0608 -3.7451 1.1484 7.1250 -0.0000 -0.0000 7.8318 -33.8189 2.1648
11.3120 16.3745 -3.4504 -13.0702 -68.9559 17.4604 0.0000 0.0000 0.0000 -8.4480 20.8654 -45.9047 9.4987 17.1181 57.7993 1.0099 13.2019 -27.9043 0.2664 3.3204 9.1720 0.0000 0.0000 0.0000 18.2906 31.0898 -25.7181 -7.5582 -15.7845 50.9551 -1.3593 3.3207 -21.2015 -1.2463 7.0784 -19.9480 -9.9086 1.5135 21.6508 -6.4529 -0.9077 10.8042 -1.1560 -0.9851 -0.2006 3.1309 12.5610 -11.6309 -12.4782 16.2931 -5.7100 -3.6479 7.9291 1.5664 -0.0000 -0.0000 0.0000 -79.0340 -70.7102 -12.0838 17.3904 -27.3696 -4.2653 -0.0000 0.0000 -69.5298 25.4051 5.7391 2.7191 -7.1250 0.0000 -0.0000 -1.0988 36.3268 0.2344 -0.0000 -0.0000 0.0000 130.0442 49.5125 101.0331 -22.8219 33.8935 -7.0387 0.0000 0.0000 33.4666 -18.8249 -3.3423 1.1386 7.1250 -0.0000 -0.0000 6.3570 -33.4613 1.8078
11.4379 16.3471 -3.4236 -16.0063 -72.6222 19.8130 0.0000 0.0000 0.0000 -8.6904 23.7182 -45.8562 9.7094 17.2432 58.5127 1.0684 13.6345 -28.7232 0.1950 2.8436 7.8436 0.0000 0.0000 0.0000 18.1713 32.4386 -25.6405 -7.4975 -15.7369 50.7319 -1.1960 5.2130 -19.6027 -0.9262 6.1310 -17.1651 -10.8814 0.3441 22.4115 -6.2454 -2.7485 10.7082 0.0118 -1.9379 -0.5220 4.5217 14.6241 -9.5078 -16.7454 18.8668 -6.5270 -4.6222 9.2381 1.6690 0.0000 0.0000 0.0000 -83.5304 -73.9085 -6.2701 15.0137 -24.1652 -3.2315 -0.0000 0.0000 -63.5397 18.1678 22.3053 7.0997 -7.1250 0.0000 -0.0000 -11.1333 52.9915 -2.2108 0.0000 0.0000 0.0000 127.2308 48.7968 93.2254 -24.3209 35.5017 -7.8921 0.0000 0.0000 33.0398 -18.1873 -4.7605 1.5618 7.1250 -0.0000 -0.0000 7.0242 -34.9204 1.7495
11.5162 16.3463 -3.3836 -19.8487 -75.7209 23.2490 0.0000 0.0000 0.0000 -8.8443 26.6497 -45.8990 9.8097 17.3014 58.8504 1.1575 13.6046 -29.3089 0.1496 2.4923 6.8682 0.0000 0.0000 0.0000 18.2873 33.8578 -25.2944 -7.4061 -15.6646 50.3942 -1.0557 6.5999 -18.3397 -0.8503 5.8810 -16.4396 -12.9278 -0.6470 23.0333 -4.8245 -4.4684 10.5718 3.0476 -2.8894 -0.5185 3.1129 16.4209 -9.2633 -19.9938 21.3889 -6.4936 -5.0728 10.4582 2.1516 0.0000 0.0000 0.0000 -94.2296 -76.2988 3.9290 13.1716 -21.5381 -2.5159 -0.0000 0.0000 -60.9732 10.9753 27.6380 5.1406 -7.1250 0.0000 -0.0000 -21.1841 56.7716 -6.3069 0.0000 0.0000 0.0000 122.3033 48.4589 87.0749 -25.8888 37.0987 -8.8205 0.0000 0.0000 31.7937 -20.0556 -3.1497 1.1491 7.1250 -0.0000 -0.0000 5.3408 -33.2984 1.5376
11.5662 16.3378 -3.3396 -21.5856 -78.4398 24.8458 0.0000 0.0000 0.0000 -9.6435 28.7741 -45.7249 9.7974 17.2943 58.8091 1.2020 13.5547 -29.5650 0.1470 2.4710 6.8094 0.0000 0.0000 0.0000 17.6100 35.2766 -25.1166 -7.4194 -15.6751 50.4433 -0.9917 7.6033 -17.8069 -0.7383 5.4894 -15.3098 -15.0131 -1.5598 23.4870 -3.8524 -6.1206 10.3171 5.5852 -3.7969 -0.3878 1.8122 17.8593 -7.7822 -23.2327 23.0696 -7.9861 -5.7853 11.4440 1.9491 0.0000 0.0000 0.0000 -110.4356 -77.7698 16.4971 11.5519 -19.1293 -1.9530 -0.0000 0.0000 -54.0758 6.2835 34.0856 3.5312 -7.1250 0.0000 -0.0000 -31.3535 61.4345 -13.2676 0.0000 0.0000 0.0000 117.2575 48.4321 82.2087 -27.2144 38.3829 -9.6319 0.0000 0.0000 29.7301 -20.6023 -4.8207 1.8095 7.1250 -0.0000 -0.0000 5.0377 -35.0924 1.2297
11.5857 16.3073 -3.3005 -25.9038 -80.9639 28.9127 0.0000 0.0000 0.0000 -10.0062 30.8844 -45.5449 9.8312 17.3139 58.9228 1.2896 13.4791 -30.0802 0.1926 2.8260 7.7946 0.0000 0.0000 0.0000 17.4920 37.1893 -24.6216 -7.4589 -15.7065 50.5893 -1.0039 7.7197 -17.9211 -0.8144 5.7589 -16.0863 -16.5478 -2.3540 23.8273 -3.1248 -7.5122 10.3918 7.4557 -4.6214 0.1751 -0.2159 18.7099 -8.3363 -25.3225 24.0338 -8.9968 -6.0063 11.9534 1.8998 -0.0000 0.0000 0.0000 -125.3577 -78.3529 29.0617 10.3936 -17.3528 -1.5903 -0.0000 0.0000 -49.6695 1.5634 35.7233 0.9130 -7.1250 0.0000 -0.0000 -37.8401 61.5956 -16.5801 -0.0000 0.0000 0.0000 112.9664 49.1994 79.0234 -28.4069 39.4881 -10.3814 0.0000 0.0000 27.3400 -20.8405 -5.0144 1.9057 7.1250 -0.0000 -0.0000 4.8583 -35.3094 1.1600
11.5892 16.2964 -3.2592 -34.7200 -83.0001 37.5082 0.0000 0.0000 0.0000 -9.9078 32.9249 -45.3197 9.7772 17.2826 58.7411 1.3154 13.4589 -30.2316 0.2416 3.1631 8.7332 0.0000 0.0000 0.0000 17.8197 38.7249 -24.1428 -7.4792 -15.7225 50.6642 -0.9630 7.8030 -17.5645 -0.8918 6.0192 -16.8403 -16.9621 -3.0972 24.0171 -2.6424 -8.5894 10.3201 8.3951 -5.2104 0.4261 -0.6654 19.0325 -8.1356 -28.0457 24.0593 -10.2157 -6.7620 12.0319 1.8620 0.0000 -0.0000 0.0000 -137.8386 -77.4921 38.0631 9.8836 -16.5573 -1.4416 -0.0000 0.0000 -45.0674 0.0282 36.3008 0.0167 -7.1250 0.0000 -0.0000 -40.0060 61.6590 -17.7613 0.0000 -0.0000 0.0000 109.4125 49.6302 75.5660 -28.8604 39.8964 -10.6711 0.0000 0.0000 26.1559 -21.6495 -4.6941 1.8605 7.1250 -0.0000 -0.0000 4.1604 -35.0042 1.0235
11.5837 16.2758 -3.2274 -45.3904 -85.7982 47.9851 0.0000 0.0000 0.0000 -11.0563 35.2097 -44.8922 9.7433 17.2630 58.6270 1.4085 13.4542 -30.8284 0.2036 2.9053 8.0151 0.0000 0.0000 0.0000 17.0591 40.7105 -23.8380 -7.6208 -15.8332 51.1852 -0.9563 8.5995 -17.5784 -0.8780 5.9736 -16.7078 -18.1718 -3.2004 23.9850 -2.4362 -9.0130 10.3901 9.2977 -5.5437 0.9057 -1.7757 19.2728 -10.5412 -28.9716 24.7800 -9.2669 -6.5244 12.0488 2.6292 -0.0000 0.0000 0.0000 -147.5695 -76.3986 48.3038 9.5489 -16.0309 -1.3477 -0.0000 0.0000 -45.9005 5.0432 33.5963 2.7956 -7.1250 0.0000 -0.0000 -32.1000 60.7223 -13.0740 -0.0000 0.0000 0.0000 105.4493 50.7789 73.0361 -29.2559 40.2470 -10.9256 0.0000 0.0000 24.4181 -22.1823 -4.7298 1.9256 7.1250 -0.0000 -0.0000 3.7222 -35.0663 0.9097
11.5716 16.3016 -3.1862 -74.9922 -87.6004 77.5220 0.0000 0.0000 0.0000 -11.9172 36.5940 -44.4965 9.7070 17.2418 58.5045 1.4319 14.1937 -31.6171 0.1739 2.6864 7.4069 0.0000 0.0000 0.0000 16.4641 41.8156 -23.5919 -7.5882 -15.8078 51.0653 -0.8768 9.3853 -16.9802 -0.8271 5.8023 -16.2120 -18.2339 -3.4950 23.4980 -2.2794 -9.3209 10.7335 9.4324 -5.8242 1.6742 -3.2521 19.1887 -11.9803 -30.1173 24.5998 -9.9818 -6.6195 11.8801 2.6114 -0.0000 -0.0000 0.0000 -155.3140 -75.8728 54.4366 9.1552 -15.4074 -1.2410 -0.0000 0.0000 -45.7181 6.4733 34.4494 3.6724 -7.1250 0.0000 -0.0000 -31.5421 61.7867 -13.6206 -0.0000 -0.0000 0.0000 102.6935 51.6451 70.5960 -29.7229 40.6547 -11.2287 0.0000 0.0000 23.9431 -22.0984 -4.2551 1.7256 7.1250 -0.0000 -0.0000 3.7558 -34.5520 0.9649
11.5628 16.2925 -3.1801 -136.6970 -87.4921 139.5660 0.0000 0.0000 0.0000 -12.8145 37.4309 -44.4475 9.6182 17.1895 58.2045 1.3649 15.4323 -32.3141 0.2139 2.9778 8.2169 0.0000 0.0000 0.0000 15.5832 43.3523 -24.1871 -7.6381 -15.8465 51.2484 -0.7732 10.4841 -16.2630 -0.7464 5.5184 -15.3933 -18.6281 -3.4631 22.5321 -2.0296 -9.1710 10.9206 9.7369 -5.8796 2.4580 -3.7989 19.2497 -13.0740 -30.9755 24.7069 -10.2851 -6.7011 11.8275 2.7777 -0.0000 0.0000 0.0000 -159.0392 -75.7066 56.7923 8.8461 -14.9148 -1.1602 -0.0000 0.0000 -44.1217 5.4089 34.1313 3.0411 -7.1250 0.0000 -0.0000 -32.2829 61.2581 -13.5718 -0.0000 0.0000 0.0000 101.2496 52.4014 69.6921 -29.6729 40.6114 -11.1961 0.0000 0.0000 23.8101 -22.3611 -4.7182 1.9380 7.1250 -0.0000 -0.0000 3.5731 -35.0617 0.8735
11.5559 16.2833 -3.1621 -152.4070 -85.5191 155.8400 0.0000 0.0000 0.0000 -12.6537 37.6918 -44.6913 9.6770 17.2242 58.4033 1.4848 15.9973 -33.5427 0.3796 3.9567 10.9550 0.0000 0.0000 0.0000 15.4684 44.6936 -24.9905 -7.6050 -15.8209 51.1270 -0.6474 11.6862 -15.4380 -0.7120 5.3928 -15.0325 -17.5595 -3.4911 21.3091 -1.5473 -8.7384 11.1633 9.4754 -5.7135 3.1043 -4.5645 19.4470 -13.5025 -31.5006 24.8736 -10.9835 -6.7432 11.9496 2.6352 0.0000 0.0000 0.0000 -158.4615 -75.2662 61.0357 9.0846 -15.2952 -1.2224 -0.0000 0.0000 -50.2672 11.6731 31.2813 6.1230 -7.1250 0.0000 -0.0000 -23.1835 60.2754 -8.9206 0.0000 0.0000 0.0000 99.4618 52.8780 68.9450 -29.9184 40.8234 -11.3563 0.0000 0.0000 23.2555 -22.4975 -3.9206 1.6221 7.1250 -0.0000 -0.0000 3.4039 -34.2071 0.9028
11.5305 16.3209 -3.1669 -162.0290 -84.5650 165.2820 0.0000 0.0000 0.0000 -12.7040 37.5336 -43.5256 9.5299 17.1369 57.9052 1.7105 16.0784 -34.8955 0.5527 4.7622 13.2316 0.0000 0.0000 0.0000 15.3824 44.6933 -24.4976 -7.4734 -15.7179 50.6429 -0.5647 12.4374 -14.9248 -0.7215 5.4277 -15.1327 -17.1061 -3.3859 20.6777 -1.4693 -8.4151 11.5592 9.1663 -5.6285 3.7122 -3.6758 19.4849 -13.6748 -32.0451 24.8823 -11.0897 -6.9617 11.9031 2.8492 -0.0000 0.0000 0.0000 -160.0865 -75.5448 55.4395 8.5129 -14.3808 -1.0759 -0.0000 0.0000 -41.3154 5.8278 34.6122 3.3180 -7.1250 0.0000 -0.0000 -32.3695 61.7617 -14.0007 -0.0000 0.0000 0.0000 99.2011 52.6677 69.1688 -30.4277 41.2572 -11.6906 0.0000 0.0000 22.6514 -21.8001 -4.1338 1.6515 7.1250 -0.0000 -0.0000 3.9923 -34.4096 1.0398
11.5236 16.3387 -3.1832 -169.8900 -83.8684 173.2060 0.0000 0.0000 0.0000 -13.2487 37.2855 -42.9580 9.3610 17.0345 57.3304 1.8762 16.1185 -35.8328 0.6412 5.1229 14.2594 0.0000 0.0000 0.0000 14.7342 45.0560 -24.5372 -7.4053 -15.6639 50.3910 -0.4849 12.9333 -14.3663 -0.5884 4.9113 -13.6558 -16.6945 -3.0351 20.0807 -1.4054 -7.7813 11.6447 8.8827 -5.3122 3.8660 -3.5125 19.2665 -13.2692 -31.6461 24.6007 -10.9687 -6.9423 11.8043 2.7393 0.0000 0.0000 0.0000 -155.2179 -74.7324 50.8692 8.9852 -15.1368 -1.1962 -0.0000 0.0000 -41.1290 5.3805 33.8983 3.0069 -7.1250 0.0000 -0.0000 -32.0701 61.0566 -13.3171 0.0000 0.0000 0.0000 99.1239 51.9364 68.6777 -30.1086 40.9863 -11.4808 0.0000 0.0000 23.5012 -21.5275 -3.9262 1.5472 7.1250 -0.0000 -0.0000 4.2005 -34.1765 1.1180
11.4960 16.3693 -3.2226 -167.5810 -84.4463 170.7320 0.0000 0.0000 0.0000 -12.6444 36.3487 -42.0367 9.1893 16.9280 56.7425 1.7823 16.4053 -35.5730 0.6940 5.3255 14.8393 0.0000 0.0000 0.0000 15.2949 44.4653 -23.8519 -7.2782 -15.5618 49.9189 -0.4731 12.8700 -14.2291 -0.5291 4.6613 -12.9449 -15.5389 -3.0959 19.6583 -1.0228 -7.5782 11.9529 8.5884 -5.2130 4.2377 -3.8312 19.0951 -13.9655 -30.7572 24.7620 -10.1011 -6.5416 11.7503 2.9460 -0.0000 -0.0000 0.0000 -149.8089 -74.2818 44.9566 8.9390 -15.0631 -1.1842 -0.0000 0.0000 -40.1939 4.1410 31.7475 2.1817 -7.1250 0.0000 -0.0000 -31.2256 58.9566 -11.3405 -0.0000 -0.0000 0.0000 98.8519 51.6981 69.7621 -29.8606 40.7736 -11.3185 0.0000 0.0000 22.4466 -20.9827 -3.0275 1.1604 7.1250 -0.0000 -0.0000 4.5787 -33.1972 1.3281
11.4741 16.4079 -3.2686 -169.8730 -85.4234 173.0910 0.0000 0.0000 0.0000 -13.0684 35.6723 -41.6058 8.8988 16.7421 55.7394 1.7228 16.4860 -35.3200 0.6353 5.0998 14.1934 0.0000 0.0000 0.0000 15.0174 44.0156 -23.6594 -7.2035 -15.5009 49.6399 -0.5258 12.8141 -14.7034 -0.6000 4.9584 -13.7899 -14.7702 -2.9447 19.1083 -1.2217 -7.1406 11.9417 7.8609 -4.9188 4.2240 -0.5669 19.1088 -11.7098 -31.8699 24.2564 -10.7481 -7.4795 11.7031 2.9500 -0.0000 -0.0000 0.0000 -141.8300 -74.0398 38.2896 8.2319 -13.9280 -1.0072 -0.0000 0.0000 -40.5288 4.5136 33.8910 2.5204 -7.1250 0.0000 -0.0000 -32.9292 60.8403 -13.5485 -0.0000 -0.0000 0.0000 98.6225 50.2584 70.0946 -30.0515 40.9375 -11.4433 0.0000 0.0000 21.0561 -20.8857 -1.8366 0.7007 7.1250 -0.0000 -0.0000 4.5763 -31.9242 1.4683
11.4334 16.4873 -3.3423 -181.9050 -87.1604 185.0470 0.0000 0.0000 0.0000 -13.9056 35.1025 -40.9399 8.4231 16.4218 54.0729 1.0729 18.2601 -33.3140 0.3790 3.9537 10.9466 0.0000 0.0000 0.0000 14.5283 43.2415 -22.9819 -7.1024 -15.4175 49.2604 -0.6596 11.2743 -15.4262 -0.7481 5.5248 -15.4118 -13.9436 -2.5938 18.5950 -1.4904 -6.4365 11.7823 7.0238 -4.4519 3.9602 0.3623 18.6851 -11.3572 -30.5538 23.9659 -9.6588 -7.2418 11.5083 3.0852 0.0000 -0.0000 0.0000 -135.5086 -71.4185 32.5908 8.3894 -14.1820 -1.0455 -0.0000 0.0000 -40.8329 6.0943 32.6295 3.2949 -7.1250 0.0000 -0.0000 -30.1008 60.1552 -11.7580 0.0000 -0.0000 0.0000 98.5392 48.3427 68.7638 -29.4807 40.4441 -11.0712 0.0000 0.0000 21.3386 -20.3237 -3.6808 1.3621 7.1250 -0.0000 -0.0000 5.1664 -33.8705 1.4152
11.3882 16.5415 -3.4031 -256.3780 -89.3214 259.5090 0.0000 0.0000 0.0000 -14.4795 33.9553 -40.1018 7.9195 16.0598 52.2724 1.2324 16.5782 -32.5888 0.4836 4.4595 12.3732 0.0000 0.0000 0.0000 14.2549 42.0285 -22.1528 -6.9452 -15.2855 48.6666 -0.7603 10.1784 -16.0763 -0.6745 5.2515 -14.6273 -13.2594 -3.1226 18.3032 -1.3093 -6.9249 11.5567 6.8858 -4.6174 3.8868 0.3260 18.8116 -10.0260 -29.8425 23.9097 -10.3965 -7.2013 11.7139 2.5151 -0.0000 -0.0000 0.0000 -126.2168 -69.8140 24.3801 8.8839 -14.9752 -1.1699 -0.0000 0.0000 -42.9828 7.8679 32.3436 4.2282 -7.1250 0.0000 -0.0000 -28.0402 60.3255 -10.9875 -0.0000 -0.0000 0.0000 98.5822 46.6137 71.6334 -29.2508 40.2425 -10.9224 0.0000 0.0000 19.2124 -19.3528 -4.0524 1.4218 7.1250 -0.0000 -0.0000 5.9937 -34.2269 1.5917
11.3307 16.6095 -3.4888 -339.3260 -86.9236 342.6420 0.0000 0.0000 0.0000 -14.9268 32.8038 -39.6369 7.3943 15.6552 50.3505 0.9009 16.5554 -30.4719 0.4573 4.3378 12.0291 0.0000 0.0000 0.0000 14.1647 41.1470 -21.2107 -6.7270 -15.0976 47.8341 -0.8993 7.7150 -16.9810 -0.7068 5.3735 -14.9770 -12.1400 -3.1310 17.3016 -1.0725 -6.5798 11.7295 6.3879 -4.4046 4.3891 0.5596 18.5226 -10.7491 -28.8590 23.7614 -9.7838 -6.8851 11.5453 2.6700 -0.0000 -0.0000 0.0000 -122.0843 -67.8514 21.2039 9.1803 -15.4473 -1.2477 -0.0000 0.0000 -43.5097 9.3966 32.3471 5.0600 -7.1250 0.0000 -0.0000 -26.4771 60.6909 -10.5536 -0.0000 -0.0000 0.0000 97.6299 45.7371 73.2735 -28.8579 39.8941 -10.6695 0.0000 0.0000 17.0416 -20.4301 -5.3365 1.9841 7.1250 -0.0000 -0.0000 5.2297 -35.6320 1.2080
11.2691 16.7129 -3.5626 -344.5000 -82.9994 347.7940 0.0000 0.0000 0.0000 -15.8633 31.3460 -38.7821 6.9320 15.2744 48.6167 0.8071 15.2302 -28.4490 0.3960 4.0402 11.1899 0.0000 0.0000 0.0000 13.8301 39.1969 -19.9289 -6.4169 -14.8205 46.6327 -0.9780 5.6183 -17.6554 -0.4784 4.4356 -12.3055 -10.8543 -3.2628 16.8128 -1.1347 -6.4546 11.5565 5.5829 -4.2091 4.2238 1.4608 18.1503 -10.2709 -27.9644 23.2664 -9.6183 -6.8467 11.3416 2.5512 -0.0000 -0.0000 0.0000 -118.0579 -65.4510 17.2768 9.0889 -15.3020 -1.2235 -0.0000 0.0000 -42.1285 9.2449 32.3316 4.9751 -7.1250 0.0000 -0.0000 -26.6195 60.6411 -10.5833 -0.0000 -0.0000 0.0000 97.7145 43.6580 73.4044 -28.6281 39.6881 -10.5224 0.0000 0.0000 16.8112 -18.7278 -4.2454 1.4377 7.1250 -0.0000 -0.0000 6.5248 -34.4048 1.7059
11.1831 16.8117 -3.6454 -347.7300 -79.1947 350.9820 0.0000 0.0000 0.0000 -16.1533 29.8482 -37.8495 6.3959 14.8013 46.5507 0.4180 15.5653 -25.8573 0.1297 2.3212 6.3941 0.0000 0.0000 0.0000 14.1953 38.0709 -17.9500 -6.0057 -14.4338 45.0045 -1.0473 2.6640 -18.6341 -0.3759 3.9377 -10.9014 -9.5404 -3.2674 16.0022 -1.1249 -6.1329 11.2723 4.8002 -3.9132 4.0916 3.0297 17.8649 -8.8844 -27.3440 22.7969 -9.6478 -7.0440 11.2185 2.3553 -0.0000 -0.0000 0.0000 -113.8926 -63.2949 13.7792 9.0198 -15.1919 -1.2053 -0.0000 0.0000 -41.5186 12.4481 31.9729 6.6669 -7.1250 0.0000 -0.0000 -22.9597 61.0903 -9.2764 -0.0000 -0.0000 0.0000 97.6549 41.5196 74.7810 -28.6753 39.7305 -10.5525 0.0000 0.0000 11.9784 -17.6180 -3.3876 1.0750 7.1250 -0.0000 -0.0000 7.3409 -33.4677 2.0901
11.1105 16.9296 -3.6983 -349.1390 -74.8873 352.2610 0.0000 0.0000 0.0000 -16.4978 27.4647 -36.0564 5.6509 14.0813 43.5640 0.0495 16.0567 -23.2533 0.0454 1.3758 3.7833 0.0000 0.0000 0.0000 14.2909 35.7498 -16.2325 -5.5882 -14.0170 43.3057 -1.1008 0.7107 -19.6132 -0.5352 4.6875 -13.0193 -8.1780 -3.3956 15.4066 -1.0419 -6.0149 10.9614 4.1069 -3.7225 3.8731 3.5404 17.6329 -9.0301 -25.3678 22.7499 -8.5040 -6.5056 11.1246 2.4768 -0.0000 -0.0000 0.0000 -109.9166 -61.1977 11.4447 9.2097 -15.4940 -1.2556 -0.0000 0.0000 -40.0834 13.8011 32.6672 7.5527 -7.1250 0.0000 -0.0000 -22.1312 62.0570 -9.4304 -0.0000 -0.0000 0.0000 98.5440 39.9007 77.1764 -28.1030 39.2109 -10.1888 0.0000 0.0000 7.9617 -17.5249 -3.7688 1.1891 7.1250 -0.0000 -0.0000 7.4569 -33.8607 2.0521
11.0221 17.0594 -3.7344 -351.1910 -70.1512 354.0970 0.0000 0.0000 0.0000 -16.4017 24.5462 -33.7395 4.7786 13.1300 39.8572 -0.2228 16.3287 -20.8691 0.0291 1.1018 3.0288 0.0000 0.0000 0.0000 14.7207 32.5842 -14.5777 -5.1218 -13.5197 41.3463 -1.0333 -1.5263 -19.8117 -0.4644 4.3710 -12.1229 -5.7427 -3.3106 14.6840 -0.9922 -5.5041 10.6720 2.7437 -3.2771 3.5892 4.5178 17.0370 -8.8646 -23.9674 22.0174 -7.9179 -6.3292 10.7466 2.4405 0.0000 -0.0000 0.0000 -108.6234 -58.7277 12.3552 9.8706 -16.5369 -1.4379 -0.0000 0.0000 -39.6868 14.0684 32.5682 7.6827 -7.1250 0.0000 -0.0000 -21.7543 62.0330 -9.2490 0.0000 -0.0000 0.0000 98.9026 38.4036 77.4545 -27.7190 38.8563 -9.9469 0.0000 0.0000 5.6792 -19.3182 -3.1876 1.1167 7.1250 -0.0000 -0.0000 5.9426 -33.3149 1.7100
10.9254 17.1727 -3.7658 -351.6120 -66.1906 354.0250 0.0000 0.0000 0.0000 -16.6095 22.4719 -31.2010 4.0865 12.2746 36.7105 -0.3384 16.1950 -19.2917 0.0083 0.5888 1.6179 0.0000 0.0000 0.0000 15.0078 29.7539 -12.3929 -4.6310 -12.9558 39.2032 -1.0003 -2.9924 -20.1955 -0.3476 3.7881 -10.4812 -4.4320 -3.0365 14.0379 -0.9363 -4.9147 10.3707 1.9972 -2.8745 3.4233 5.0608 16.4929 -9.0447 -22.2998 21.3940 -7.0661 -5.9725 10.3936 2.4708 0.0000 -0.0000 0.0000 -105.2645 -56.4862 14.7309 11.2410 -18.6568 -1.8523 -0.0000 0.0000 -43.4974 16.4632 34.0636 9.3985 -7.1250 0.0000 -0.0000 -20.5184 64.0319 -9.6611 0.0000 -0.0000 0.0000 100.1442 36.9648 78.7036 -27.9543 39.0742 -10.0949 0.0000 0.0000 1.3886 -20.0087 -3.6683 1.3346 7.1250 -0.0000 -0.0000 5.4225 -33.8459 1.4891
10.8172 17.2561 -3.7939 -353.2430 -61.5445 355.0060 0.0000 0.0000 0.0000 -16.0917 19.6995 -28.7861 3.5260 11.5014 33.9901 -0.3983 15.9937 -18.1560 0.0107 0.6677 1.8349 0.0000 0.0000 0.0000 15.8849 26.3968 -10.1718 -4.1371 -12.3406 36.9479 -0.9767 -4.3031 -20.6956 -0.1763 2.7043 -7.4565 -2.3044 -2.7865 13.4576 -0.6894 -4.2864 9.8857 1.0061 -2.4117 3.0085 5.3592 15.7379 -9.3522 -20.0381 20.5553 -5.5975 -5.4134 9.9168 2.5861 -0.0000 0.0000 0.0000 -103.4369 -53.7402 18.7981 12.9416 -21.2016 -2.4321 -0.0000 0.0000 -45.8093 21.4359 32.5142 11.9166 -7.1250 0.0000 -0.0000 -13.4465 63.8982 -6.2146 -0.0000 0.0000 0.0000 101.1590 36.1066 79.2953 -27.1109 38.2847 -9.5677 0.0000 -0.0000 -0.8662 -20.7678 -1.9685 0.7463 7.1250 -0.0000 -0.0000 4.6793 -32.0624 1.4859
10.7210 17.3442 -3.8031 -353.2860 -57.5302 354.4880 0.0000 0.0000 0.0000 -16.3403 17.1400 -26.0822 2.9701 10.6464 31.0965 -0.6469 16.6421 -15.6939 0.0030 -0.3518 -0.9665 0.0000 0.0000 0.0000 15.7786 22.5385 -8.7022 -3.7553 -11.8274 35.1241 -0.9483 -4.5931 -20.6050 -0.2339 3.1128 -8.5929 -1.2672 -2.3760 12.8772 -0.5274 -3.5847 9.4944 0.5136 -1.9854 2.8158 5.8502 15.1978 -9.3761 -18.5746 19.8239 -5.1222 -5.1417 9.5560 2.5131 -0.0000 0.0000 0.0000 -100.8671 -53.2835 21.3624 13.6741 -22.2669 -2.7034 -0.0000 0.0000 -47.6195 18.7860 35.8532 11.2676 -7.1250 0.0000 -0.0000 -19.7118 66.3330 -10.3131 -0.0000 0.0000 0.0000 102.0143 35.9780 81.3531 -26.3797 37.5812 -9.1183 0.0000 -0.0000 -3.0179 -23.3018 -1.9133 0.8239 7.1250 -0.0000 -0.0000 2.6401 -32.0558 0.8371
10.6333 17.4236 -3.7898 -354.2540 -53.1302 354.8140 0.0000 0.0000 0.0000 -16.0192 13.7945 -23.4735 2.5375 9.9058 28.6724 -0.7487 16.8934 -14.4087 0.0015 0.2482 0.6818 0.0000 0.0000 0.0000 16.0816 18.2686 -7.1036 -3.3038 -11.1712 32.8596 -0.9638 -4.6523 -20.7845 -0.1657 2.6228 -7.2304 0.6281 -2.2439 12.2795 -0.4329 -3.1665 8.7485 -0.4877 -1.6604 2.2361 6.7778 14.7154 -8.5902 -17.2140 19.1672 -4.5723 -4.9964 9.2659 2.4058 -0.0000 -0.0000 0.0000 -99.3164 -52.2080 22.7940 14.8898 -23.9924 -3.1810 -0.0000 0.0000 -47.1180 24.4171 33.5423 14.0819 -7.1250 0.0000 -0.0000 -10.6967 65.7406 -5.3847 -0.0000 -0.0000 0.0000 103.8942 35.3739 81.0936 -25.5857 36.7967 -8.6383 0.0000 -0.0000 -3.6173 -21.2601 0.8200 -0.3190 7.1250 -0.0000 -0.0000 4.1455 -29.0892 1.6110
10.4979 17.4770 -3.8021 -354.1190 -49.8581 353.7490 0.0000 0.0000 0.0000 -16.1221 11.9228 -20.4758 2.1177 9.1070 26.1305 -0.8421 17.1961 -13.2267 0.0001 0.0653 0.1795 0.0000 0.0000 0.0000 16.3203 15.4725 -4.7742 -2.9569 -10.6249 31.0250 -0.9267 -5.6576 -21.0800 -0.2072 2.9307 -8.0860 0.5889 -1.5124 12.1988 -0.0477 -2.1640 8.1945 -0.1577 -1.1546 1.7208 7.2073 13.8557 -9.3784 -16.1496 18.0356 -3.4709 -4.7878 8.6391 2.6526 -0.0000 0.0000 0.0000 -98.8985 -51.0833 26.6407 16.6057 -26.3351 -3.9108 -0.0000 0.0000 -49.6943 30.9028 29.1370 16.2480 -7.1250 0.0000 -0.0000 0.1330 62.9900 0.0581 -0.0000 0.0000 0.0000 104.2698 35.5344 83.3701 -25.8424 37.0527 -8.7925 0.0000 -0.0000 -8.9727 -25.6250 -0.2078 0.0997 7.1250 -0.0000 -0.0000 0.7430 -30.2098 0.2683
10.4156 17.5254 -3.7684 -354.9140 -45.5921 353.8870 0.0000 0.0000 0.0000 -16.0300 8.8519 -18.2308 1.8113 8.4614 24.1246 -0.9538 17.5727 -11.4716 0.0281 -1.0821 -2.9748 0.0000 0.0000 0.0000 16.6386 12.0259 -3.2583 -2.6300 -10.0705 29.2052 -0.9449 -6.1738 -21.5945 -0.0989 2.0278 -5.5825 1.7077 -1.5417 11.7672 0.4179 -2.0527 7.5016 -0.3124 -1.0540 1.2049 6.6806 13.5441 -10.2454 -14.4636 17.6867 -2.3847 -4.1870 8.4337 2.8473 -0.0000 0.0000 0.0000 -97.1032 -50.7634 28.5166 18.5347 -28.8365 -4.8044 -0.0000 0.0000 -50.9677 32.5833 32.5659 18.9841 -7.1250 0.0000 -0.0000 0.7493 67.1400 0.3994 -0.0000 0.0000 0.0000 105.2883 35.0191 83.1723 -25.7466 36.9574 -8.7349 0.0000 -0.0000 -7.5807 -28.1539 0.4558 -0.2439 7.1250 -0.0000 -0.0000 -1.2454 -29.4618 -0.4719
10.3198 17.5633 -3.7400 -354.5730 -41.7441 353.3720 0.0000 0.0000 0.0000 -16.7351 6.2892 -16.3615 1.5499 7.8577 22.2828 -0.9689 17.4607 -10.3139 0.0291 -1.1008 -3.0261 0.0000 0.0000 0.0000 16.2470 9.2229 -2.0906 -2.3919 -9.6387 27.8145 -0.8938 -7.3139 -21.9511 -0.0363 1.2292 -3.3796 1.8276 -1.0599 10.9393 0.8930 -1.3717 6.7582 0.0328 -0.7063 0.8924 3.1249 12.5667 -10.1516 -10.5175 16.5406 -3.0603 -2.9954 8.0212 2.0042 0.0000 -0.0000 0.0000 -97.1415 -50.0257 32.4037 20.6685 -31.4393 -5.8761 -0.0000 0.0000 -50.1735 34.5766 31.5904 19.8526 -7.1250 0.0000 -0.0000 4.0473 66.6944 2.1173 0.0000 -0.0000 0.0000 105.2258 35.1461 82.5101 -25.6860 36.8969 -8.6984 0.0000 -0.0000 -8.8261 -26.6168 1.3191 -0.6610 7.1250 -0.0000 -0.0000 -0.0343 -28.5043 -0.0138
10.1967 17.5867 -3.7167 -353.6500 -38.2229 352.3330 0.0000 0.0000 0.0000 -17.8701 4.4654 -14.0323 1.2355 7.0486 19.8594 -0.9930 17.4508 -8.9165 0.0422 -1.3251 -3.6438 0.0000 0.0000 0.0000 15.6090 7.0722 -0.2872 -2.1757 -9.2229 26.4950 -0.8918 -8.3182 -22.7094 -0.0290 1.0992 -3.0217 1.1087 -0.5332 9.8567 0.9350 -0.7278 6.4477 0.4051 -0.3943 1.1704 2.9493 11.6060 -10.6198 -10.2231 15.2274 -3.3188 -2.9578 7.3661 1.8657 0.0000 -0.0000 0.0000 -96.4587 -50.1655 36.2703 22.9106 -33.9909 -7.0882 -0.0000 0.0000 -51.2298 37.4630 33.3841 22.8631 -7.1250 0.0000 -0.0000 7.7501 69.5372 4.5613 0.0000 -0.0000 0.0000 105.4120 35.4357 82.4608 -25.9620 37.1712 -8.8647 0.0000 -0.0000 -10.9603 -29.4385 3.5988 -2.0288 7.1250 -0.0000 -0.0000 -2.1319 -25.8484 -0.9898
10.0968 17.6134 -3.6464 -354.4360 -35.3225 352.0010 0.0000 0.0000 0.0000 -17.5603 2.3495 -11.7193 1.1091 6.6911 18.8034 -0.9973 17.4870 -8.9417 0.0474 -1.4056 -3.8655 0.0000 0.0000 0.0000 16.3166 4.7655 2.0668 -1.8474 -8.5407 24.3690 -0.8341 -9.3453 -23.0491 -0.0185 0.8773 -2.4113 1.8344 -0.3364 9.3863 1.2568 -0.3894 5.8526 0.2996 -0.2042 0.8064 2.1845 10.9232 -10.9856 -8.7420 14.3654 -3.1169 -2.3963 6.9579 1.7339 -0.0000 0.0000 0.0000 -95.3016 -49.3650 38.1538 25.3790 -36.5889 -8.5148 -0.0000 0.0000 -50.7508 44.3664 29.0885 25.4323 -7.1250 0.0000 -0.0000 19.5766 66.8950 10.4908 -0.0000 0.0000 0.0000 105.2609 33.9990 81.9295 -27.6007 38.7461 -9.8728 0.0000 -0.0000 -12.0185 -30.5824 3.0076 -1.7761 7.1250 -0.0000 -0.0000 -3.0288 -26.4850 -1.3620
10.0073 17.6179 -3.5778 -354.1370 -32.0278 350.9320 0.0000 0.0000 0.0000 -18.4672 1.2281 -9.5430 0.9446 6.1901 17.3370 -0.9532 16.9826 -6.8097 0.1789 -2.7245 -7.5127 0.0000 0.0000 0.0000 15.8317 2.0342 4.2116 -1.6256 -8.0383 22.8303 -0.7940 -10.3233 -23.5588 -0.0207 0.9299 -2.5561 1.9066 -0.2244 8.9858 1.2191 -0.2162 5.3142 0.2045 -0.1110 0.4665 1.6522 10.1782 -11.3336 -7.5849 13.4122 -2.8866 -1.9852 6.4981 1.6765 -0.0000 0.0000 0.0000 -95.4367 -48.8451 39.8142 27.1022 -38.2765 -9.5623 -0.0000 0.0000 -48.3982 42.8555 31.3986 25.7981 -7.1250 0.0000 -0.0000 17.2339 69.0473 10.0394 -0.0000 0.0000 0.0000 105.5538 33.9099 82.2803 -27.8006 38.9320 -9.9981 0.0000 -0.0000 -15.2617 -31.7406 3.8042 -2.3502 7.1250 -0.0000 -0.0000 -3.8551 -25.5075 -1.8231
9.9319 17.6301 -3.5097 -354.1920 -28.8883 350.7430 0.0000 0.0000 0.0000 -19.0116 -0.0032 -7.9154 0.7558 5.5523 15.4909 -0.8724 16.2913 -5.2059 0.2626 -3.2965 -9.1052 0.0000 0.0000 0.0000 15.7280 -0.0056 5.3411 -1.4965 -7.7275 21.8893 -0.8347 -10.9853 -24.5022 -0.0021 0.2975 -0.8173 2.3744 -0.1603 7.9114 1.1477 -0.0977 4.6281 -0.1437 -0.0371 0.3468 2.3582 9.3428 -11.1551 -8.0617 12.2307 -2.8282 -2.3396 5.8961 1.7046 -0.0000 -0.0000 0.0000 -95.4620 -48.0993 42.2455 29.5242 -40.4821 -11.0994 -0.0000 0.0000 -47.7038 42.5067 32.0637 25.9457 -7.1250 0.0000 -0.0000 16.6315 69.6824 9.9170 -0.0000 -0.0000 0.0000 105.2885 33.1940 81.7651 -28.8085 39.8500 -10.6378 0.0000 -0.0000 -15.7321 -32.4910 4.2733 -2.7169 7.1250 -0.0000 -0.0000 -4.3828 -24.9170 -2.1343
9.8533 17.6351 -3.4148 -354.0280 -26.3513 349.8920 0.0000 0.0000 0.0000 -19.7413 -1.0741 -5.6450 0.6247 5.0577 14.0732 -0.8380 16.0258 -4.3989 0.2954 -3.4950 -9.6601 0.0000 0.0000 0.0000 15.2861 -2.2242 7.3225 -1.3193 -7.2749 20.5323 -1.0025 -10.6143 -25.5262 -0.0066 -0.5256 1.4444 2.4872 0.0158 6.7467 0.9609 0.1145 4.5152 -0.4135 0.0820 0.8777 1.9328 8.8378 -11.9572 -6.7202 11.6266 -1.8173 -1.8227 5.5931 2.0177 -0.0000 0.0000 0.0000 -95.9269 -47.8563 43.7015 31.8065 -42.3924 -12.6102 -0.0000 0.0000 -46.2590 41.8893 30.3245 24.3633 -7.1250 0.0000 -0.0000 15.5522 67.5332 8.5108 -0.0000 0.0000 0.0000 105.0837 33.4107 82.0737 -29.4252 40.3956 -11.0352 0.0000 -0.0000 -17.0338 -34.5577 6.0678 -4.1642 7.1250 -0.0000 -0.0000 -5.7428 -22.6359 -3.1053
9.7569 17.6238 -3.3493 -354.3270 -23.9665 349.6830 0.0000 0.0000 0.0000 -19.7802 -1.4627 -4.5550 0.5514 4.7568 13.2161 -0.7119 14.8697 -3.4811 0.2576 -3.2657 -9.0194 0.0000 0.0000 0.0000 15.6478 -3.7323 8.9335 -1.1540 -6.8207 19.1851 -0.9557 -11.9757 -26.3685 -0.0313 -1.1420 3.1396 2.2522 -0.0139 5.7204 1.1759 0.0560 3.8355 -0.0582 0.0449 0.7415 0.8698 8.2785 -10.9913 -5.3557 10.9599 -2.1775 -1.3067 5.3266 1.5328 0.0000 -0.0000 0.0000 -96.9095 -46.4217 44.1554 34.3484 -44.3412 -14.3560 -0.0000 0.0000 -43.9524 42.8133 28.4827 23.8365 -7.1250 0.0000 -0.0000 16.9590 65.7184 8.5950 0.0000 -0.0000 0.0000 104.6382 32.4243 82.7018 -30.2442 41.1018 -11.5698 0.0000 -0.0000 -18.0159 -36.7353 6.7431 -5.0082 7.1250 -0.0000 -0.0000 -7.2376 -21.6128 -4.0950
9.6837 17.6316 -3.2807 -353.7700 -22.2587 349.3980 0.0000 0.0000 0.0000 -20.6076 -2.1304 -3.5285 0.4699 4.3968 12.1957 -0.6824 14.6223 -3.0111 0.1871 -2.7861 -7.6838 0.0000 0.0000 0.0000 15.1263 -4.6206 10.0470 -1.0355 -6.4721 18.1606 -0.9226 -12.6545 -26.7465 -0.0260 -1.0414 2.8627 1.7496 0.2971 4.5718 0.8413 0.4394 3.2262 -0.1347 0.2329 0.7571 3.3386 7.9008 -12.1567 -7.0425 10.3151 0.0419 -2.2238 4.8954 2.7461 -0.0000 0.0000 0.0000 -96.9892 -45.2634 45.9764 37.1493 -46.2873 -16.3479 -0.0000 0.0000 -42.4729 44.0793 28.3334 24.6830 -7.1250 0.0000 -0.0000 18.9715 65.9363 9.7411 -0.0000 0.0000 0.0000 104.5523 31.4578 82.0776 -31.1803 41.8838 -12.1900 0.0000 -0.0000 -19.0642 -37.4890 7.4851 -5.7060 7.1250 -0.0000 -0.0000 -7.6779 -20.6158 -4.5230
9.5926 17.6256 -3.1950 -354.5980 -20.5520 350.0650 0.0000 0.0000 0.0000 -19.9469 -3.1387 -3.7071 0.5160 4.6042 12.7831 -0.5892 13.6258 -2.7160 0.3640 -3.8754 -10.7265 0.0000 0.0000 0.0000 16.2540 -5.3566 11.3294 -0.8201 -5.7781 16.1420 -0.7979 -13.9468 -27.0660 -0.0310 -1.1370 3.1257 2.0337 0.4120 2.6570 0.9908 0.5705 2.4033 -0.1344 0.3020 0.9842 3.9918 7.6079 -12.5351 -6.9039 9.9356 2.0173 -2.2885 4.6807 3.5185 -0.0000 0.0000 0.0000 -97.3965 -43.5387 47.1913 39.7845 -47.9417 -18.2790 -0.0000 0.0000 -41.3536 44.9188 27.7625 24.9144 -7.1250 0.0000 -0.0000 20.2299 65.5345 10.2233 -0.0000 0.0000 0.0000 104.0691 29.8440 81.2287 -32.2270 42.7274 -12.8946 0.0000 -0.0000 -19.6023 -38.8275 8.1286 -6.4922 7.1250 -0.0000 -0.0000 -8.5286 -19.6485 -5.2220
9.5362 17.6253 -3.0968 -353.2930 -18.7564 350.0920 0.0000 0.0000 0.0000 -21.6444 -3.8282 -2.9283 0.4082 4.1013 11.3619 -0.5637 13.4141 -2.2027 0.2015 -2.8904 -7.9736 0.0000 0.0000 0.0000 14.7013 -6.5232 11.4613 -0.7718 -5.6097 15.6559 -0.8022 -14.2790 -27.4355 -0.0088 -0.6048 1.6619 0.6730 0.4670 0.5137 0.4373 0.6111 1.8839 0.0764 0.3108 1.6433 3.9424 7.4111 -13.4054 -6.1104 9.7241 4.5442 -1.7645 4.5465 4.0088 -0.0000 -0.0000 0.0000 -97.1547 -42.6481 48.9951 41.9166 -49.1653 -19.8774 -0.0000 0.0000 -40.6896 45.2236 26.5197 24.2280 -7.1250 0.0000 -0.0000 20.4350 64.1758 9.6887 -0.0000 -0.0000 0.0000 103.5216 28.8127 80.8545 -33.3439 43.5927 -13.6586 0.0000 -0.0000 -20.3812 -40.1006 9.4523 -7.8737 7.1250 -0.0000 -0.0000 -9.2027 -17.7939 -6.0287
9.4808 17.6321 -3.0362 -354.3700 -17.9715 350.4800 0.0000 0.0000 0.0000 -20.5387 -4.5677 -2.8876 0.4620 4.3601 12.0922 -0.5258 12.7731 -3.5233 0.0698 -1.7040 -4.6882 0.0000 0.0000 0.0000 15.9249 -7.2343 12.6029 -0.5960 -4.9422 13.7439 -0.4659 -15.7990 -26.5137 -0.0011 0.2166 -0.5951 1.5178 0.5890 -0.3269 0.6015 0.7621 1.0919 -0.2233 0.3929 1.3127 3.4452 7.3090 -12.6280 -5.0107 9.6190 4.9828 -1.3845 4.5540 3.9319 0.0000 -0.0000 0.0000 -97.2781 -40.8608 50.0636 43.8390 -50.1869 -21.3432 -0.0000 0.0000 -39.6959 45.6951 25.6602 23.9254 -7.1250 0.0000 -0.0000 20.9528 63.3052 9.5189 0.0000 -0.0000 0.0000 103.1117 27.1826 80.4832 -34.1974 44.2305 -14.2506 0.0000 -0.0000 -20.5478 -41.5440 9.7210 -8.5094 7.1250 -0.0000 -0.0000 -10.1391 -17.2101 -6.7931
9.4255 17.6358 -2.9966 -353.9640 -17.2284 350.3610 0.0000 0.0000 0.0000 -20.9919 -4.8279 -2.8862 0.4822 4.4531 12.3550 -0.4762 12.2318 -2.7535 0.2338 -3.1118 -8.5903 0.0000 0.0000 0.0000 15.7630 -7.2960 13.4179 -0.5228 -4.6338 12.8670 -0.4746 -16.4004 -27.2809 -0.0072 -0.5480 1.5059 0.8613 0.7650 -1.1826 0.4020 1.0002 0.5959 -0.0483 0.5052 1.2802 3.9566 6.6132 -12.5049 -5.8651 8.7295 5.7505 -1.7840 4.0732 4.1765 -0.0000 -0.0000 0.0000 -97.1146 -39.6175 51.4826 45.8831 -51.1939 -22.9249 -0.0000 0.0000 -39.3184 46.0648 25.4851 24.0642 -7.1250 0.0000 -0.0000 21.4736 63.2102 9.7188 -0.0000 -0.0000 0.0000 102.7371 25.8658 79.6626 -34.8874 44.7316 -14.7341 0.0000 -0.0000 -20.3451 -42.1425 10.7906 -9.6157 7.1250 -0.0000 -0.0000 -10.3490 -15.7189 -7.2795
9.3961 17.6223 -2.9621 -353.3280 -16.3016 350.0870 0.0000 0.0000 0.0000 -21.8074 -5.3288 -2.5670 0.4847 4.4645 12.3873 -0.4578 12.0067 -2.6357 0.2110 -2.9571 -8.1593 0.0000 0.0000 0.0000 15.0998 -7.6891 13.8633 -0.5144 -4.5973 12.7633 -0.6056 -16.2302 -28.0677 -0.0136 -0.7537 2.0714 0.0285 0.7120 -2.0433 0.0009 0.9488 0.6337 0.0188 0.4741 1.7947 3.0284 6.2659 -12.3351 -4.5133 8.2632 5.1920 -1.2834 3.9067 3.8551 0.0000 0.0000 0.0000 -97.3538 -38.9328 51.7509 47.2894 -51.8420 -24.0257 -0.0000 0.0000 -37.8598 46.4593 24.8718 23.8731 -7.1250 0.0000 -0.0000 21.8984 62.5989 9.6060 0.0000 0.0000 0.0000 102.6303 25.9717 80.5006 -35.2046 44.9577 -14.9578 0.0000 -0.0000 -20.7356 -43.4175 10.7962 -10.0510 7.1250 -0.0000 -0.0000 -11.1934 -15.4555 -7.9613
9.3777 17.6154 -2.9571 -353.8030 -16.1269 349.8200 0.0000 0.0000 0.0000 -21.3326 -5.4498 -2.3456 0.5227 4.6333 12.8657 -0.4475 11.8387 -2.8839 0.1612 -2.5866 -7.1300 0.0000 0.0000 0.0000 15.6822 -7.8035 14.5382 -0.4886 -4.4820 12.4369 -0.6580 -16.2737 -28.4967 -0.0459 -1.3827 3.8024 0.5295 0.7876 -1.6946 0.0562 1.0380 0.3325 -0.2101 0.5224 1.2984 3.6433 5.9938 -12.7407 -5.5762 7.9355 6.1545 -1.7009 3.6817 4.2757 -0.0000 0.0000 0.0000 -97.7220 -37.8865 52.4002 48.5352 -52.3874 -25.0090 -0.0000 0.0000 -36.9246 46.9000 24.7609 24.1121 -7.1250 0.0000 -0.0000 22.5370 62.6015 9.9026 -0.0000 0.0000 0.0000 102.2988 25.1074 80.1056 -35.6606 45.2781 -15.2808 0.0000 -0.0000 -20.8050 -44.4279 12.3209 -11.8141 7.1250 -0.0000 -0.0000 -11.5501 -13.2211 -8.7866
9.3787 17.5997 -2.9545 -354.0720 -15.9730 349.5380 0.0000 0.0000 0.0000 -21.1346 -5.5499 -2.3944 0.5996 4.9569 13.7858 -0.4295 11.5678 -3.1698 0.2958 -3.4974 -9.6666 0.0000 0.0000 0.0000 15.7690 -8.4000 15.1116 -0.4460 -4.2848 11.8794 -0.5401 -16.4587 -27.8419 -0.0271 -1.0627 2.9214 0.8725 0.7441 -1.5826 0.0898 0.9729 0.3995 -0.3706 0.4926 1.3089 2.6260 5.8563 -12.7506 -4.9515 7.8286 5.5706 -1.3695 3.6479 4.0265 0.0000 0.0000 0.0000 -97.8791 -37.2411 52.2352 49.9620 -52.9802 -26.1438 -0.0000 0.0000 -36.8075 47.2636 24.8951 24.4944 -7.1250 0.0000 -0.0000 23.1442 62.8754 10.3337 0.0000 0.0000 0.0000 101.9751 24.7156 80.3601 -35.9284 45.4638 -15.4714 0.0000 -0.0000 -21.0547 -44.2662 12.2239 -11.6609 7.1250 -0.0000 -0.0000 -11.4655 -13.3880 -8.6784
9.3758 17.5895 -2.9582 -353.9790 -15.9777 349.0690 0.0000 0.0000 0.0000 -21.2485 -5.2927 -2.1876 0.6289 5.0742 14.1204 -0.4020 11.2194 -2.8457 0.4803 -4.4445 -12.3307 0.0000 0.0000 0.0000 15.5803 -8.6285 15.5545 -0.4456 -4.2830 11.8742 -0.4447 -16.6947 -27.3988 -0.0023 -0.3077 0.8455 0.8091 0.7097 -1.2909 0.0644 0.9308 0.5622 -0.3649 0.4717 1.3108 1.8453 5.8608 -11.9112 -4.4320 7.8648 4.0693 -1.2451 3.7180 3.7403 0.0000 0.0000 0.0000 -97.8669 -36.6729 52.2329 51.0594 -53.4139 -27.0225 -0.0000 0.0000 -36.2460 47.0681 25.0762 24.4930 -7.1250 0.0000 -0.0000 22.9014 63.0312 10.3030 0.0000 0.0000 0.0000 101.7016 24.5021 80.6564 -36.2726 45.6997 -15.7173 0.0000 -0.0000 -21.6122 -44.7070 13.2966 -12.8249 7.1250 -0.0000 -0.0000 -11.5280 -11.8642 -9.1024
9.3736 17.6139 -2.9754 -354.2440 -16.4473 349.4560 0.0000 0.0000 0.0000 -20.7766 -5.6457 -2.5849 0.6490 5.1535 14.3469 -0.4343 11.6117 -3.4405 0.2059 -2.9217 -8.0609 0.0000 0.0000 0.0000 15.9550 -8.4020 15.1586 -0.4353 -4.2340 11.7359 -0.3659 -16.8673 -26.9987 -0.0000 -0.0118 0.0325 1.0736 0.7537 -1.5124 0.1474 0.9813 0.4559 -0.4246 0.4984 1.3298 1.4933 5.8855 -11.1472 -4.4048 7.8977 2.8600 -1.2065 3.7574 3.1497 -0.0000 -0.0000 0.0000 -98.0385 -36.1188 51.6892 51.8918 -53.7306 -27.6923 -0.0000 0.0000 -35.3678 46.6551 25.9730 24.8918 -7.1250 0.0000 -0.0000 22.5464 63.9718 10.6305 -0.0000 -0.0000 0.0000 101.5215 24.4047 80.8966 -36.0814 45.5691 -15.5806 0.0000 -0.0000 -21.2569 -44.7537 13.6612 -13.1788 7.1250 -0.0000 -0.0000 -11.4816 -11.3718 -9.1834
9.3871 17.6081 -2.9924 -354.3510 -16.9558 349.6560 0.0000 0.0000 0.0000 -20.6358 -5.9744 -2.4940 0.6273 5.0681 14.1028 -0.5033 12.4769 -3.8007 0.1985 -2.8690 -7.9142 0.0000 0.0000 0.0000 16.0438 -8.1565 14.6372 -0.4700 -4.3972 12.1970 -0.4139 -16.4699 -26.8946 -0.0000 -0.0261 0.0718 1.3781 0.7738 -1.6090 0.1459 1.0002 0.4632 -0.5947 0.5108 1.3971 1.6772 6.0249 -10.5153 -4.8027 8.0456 1.9287 -1.3864 3.8399 2.7464 -0.0000 -0.0000 0.0000 -97.7901 -35.8236 51.4744 52.6602 -54.0136 -28.3129 -0.0000 0.0000 -34.9745 46.0699 25.5000 24.0797 -7.1250 0.0000 -0.0000 21.4862 63.2300 9.7347 -0.0000 -0.0000 0.0000 101.4525 24.3597 81.2953 -36.1662 45.6271 -15.6412 0.0000 -0.0000 -21.6720 -43.9844 11.2155 -10.6321 7.1250 -0.0000 -0.0000 -11.4843 -14.7827 -8.3461
9.3865 17.6096 -3.0018 -353.7170 -17.2793 349.2000 0.0000 0.0000 0.0000 -21.2663 -5.8655 -1.9990 0.5989 4.9542 13.7779 -0.5417 12.9454 -3.7570 0.1586 -2.5660 -7.0726 0.0000 0.0000 0.0000 15.2223 -8.2787 14.7292 -0.4824 -4.4538 12.3569 -0.5704 -15.5696 -27.0648 -0.0002 0.0965 -0.2652 0.7699 0.7739 -1.3419 -0.0403 1.0178 0.6307 -0.4466 0.5158 1.4119 1.8100 6.1442 -10.5269 -4.9695 8.1991 1.9659 -1.4532 3.9106 2.7829 0.0000 0.0000 0.0000 -97.1831 -35.7179 51.3057 53.1870 -54.2027 -28.7397 -0.0000 0.0000 -35.5126 46.8605 25.0713 24.3325 -7.1250 0.0000 -0.0000 22.5773 62.9613 10.1123 0.0000 0.0000 0.0000 101.4638 24.6408 81.9009 -35.9192 45.4575 -15.4649 0.0000 -0.0000 -21.4287 -44.6364 12.4712 -12.0366 7.1250 -0.0000 -0.0000 -11.6535 -12.9718 -8.9311
9.3921 17.6017 -3.0213 -353.6680 -17.8660 349.1320 0.0000 0.0000 0.0000 -21.2295 -5.4606 -1.8144 0.5620 4.8019 13.3443 -0.5687 13.2771 -3.5991 0.2111 -2.9583 -8.1627 0.0000 0.0000 0.0000 15.1738 -7.9797 14.4967 -0.5111 -4.5823 12.7209 -0.5220 -15.5906 -26.7144 -0.0013 0.2310 -0.6347 0.6424 0.7979 -1.1454 0.0352 1.0524 0.7048 -0.2994 0.5317 1.3742 1.4078 5.9572 -10.4334 -4.9783 8.0022 1.9713 -1.4016 3.8100 2.7402 0.0000 0.0000 0.0000 -97.2929 -35.1763 50.8905 54.1456 -54.5365 -29.5188 -0.0000 0.0000 -35.4075 47.3587 24.1664 23.9681 -7.1250 0.0000 -0.0000 23.0361 62.0272 9.8219 0.0000 0.0000 0.0000 101.4143 24.7964 82.1303 -35.7814 45.3621 -15.3667 0.0000 -0.0000 -21.2292 -44.1963 13.3160 -12.6231 7.1250 -0.0000 -0.0000 -11.1985 -11.9702 -8.8064
9.3991 17.6082 -3.0486 -353.5070 -18.2652 349.3370 0.0000 0.0000 0.0000 -21.2856 -5.3227 -1.8827 0.5142 4.5963 12.7607 -0.6031 13.7010 -3.3426 0.1599 -2.5763 -7.1012 0.0000 0.0000 0.0000 15.0699 -7.6304 13.6292 -0.5864 -4.9029 13.6319 -0.6060 -15.1637 -26.8874 -0.0107 0.6680 -1.8357 0.6262 0.7715 -1.3016 -0.1487 1.0186 0.8208 -0.4760 0.5165 1.5835 1.3941 6.0127 -11.1648 -4.6066 8.0781 2.5318 -1.2464 3.8413 3.0510 -0.0000 -0.0000 0.0000 -96.6286 -35.3555 50.4626 54.8289 -54.7666 -30.0762 -0.0000 0.0000 -35.5877 47.9376 24.8693 24.9877 -7.1250 0.0000 -0.0000 24.1921 63.0533 10.9310 -0.0000 -0.0000 0.0000 101.6321 25.1214 82.4845 -35.7213 45.3204 -15.3240 0.0000 -0.0000 -21.0700 -45.1537 13.9188 -13.5954 7.1250 -0.0000 -0.0000 -11.6801 -10.9240 -9.4588
9.4074 17.6215 -3.0697 -354.4770 -18.7081 349.6700 0.0000 0.0000 0.0000 -20.1924 -5.3522 -2.4091 0.5840 4.8933 13.6045 -0.6024 13.6398 -3.8903 0.2731 -3.3617 -9.2875 0.0000 0.0000 0.0000 16.2202 -7.3203 13.8206 -0.5333 -4.6793 12.9960 -0.4561 -15.8746 -26.5246 -0.0107 0.6671 -1.8332 1.5676 0.7158 -1.1795 0.1337 0.9231 0.8665 -0.7179 0.4774 1.5712 1.6956 6.0533 -11.0545 -4.8902 8.1107 2.5369 -1.3923 3.8518 3.0648 0.0000 -0.0000 0.0000 -96.9102 -34.9678 50.0605 55.3595 -54.9409 -30.5101 -0.0000 0.0000 -34.8524 47.5951 25.0015 24.8333 -7.1250 0.0000 -0.0000 23.7014 63.1057 10.7252 0.0000 -0.0000 0.0000 101.4412 25.0709 82.4736 -35.8968 45.4420 -15.4489 0.0000 -0.0000 -21.5271 -44.4007 13.9027 -13.2408 7.1250 -0.0000 -0.0000 -11.2078 -11.1489 -9.0076
9.4227 17.6138 -3.0995 -354.7470 -18.6987 349.8360 0.0000 0.0000 0.0000 -19.8616 -5.9756 -2.7298 0.6232 5.0518 14.0565 -0.6266 13.8800 -4.3485 0.1618 -2.5916 -7.1437 0.0000 0.0000 0.0000 16.5614 -7.2076 13.8906 -0.5059 -4.5596 12.6566 -0.3666 -16.2048 -26.2022 -0.0147 0.7823 -2.1499 1.8751 0.5468 -0.8638 0.1115 0.6997 0.8208 -0.9222 0.3670 1.3459 1.9684 6.1200 -10.7952 -5.0675 8.1968 2.9066 -1.4954 3.8904 3.1716 0.0000 -0.0000 0.0000 -96.4825 -34.8951 49.6558 55.5518 -55.0031 -30.6675 -0.0000 0.0000 -35.0509 47.3902 24.6856 24.4191 -7.1250 0.0000 -0.0000 23.2667 62.6627 10.2751 0.0000 -0.0000 0.0000 101.6559 24.7563 82.1175 -36.1628 45.6248 -15.6388 0.0000 -0.0000 -20.6701 -43.0942 12.7707 -11.6847 7.1250 -0.0000 -0.0000 -10.5992 -12.9504 -8.0971
9.4275 17.6179 -3.1079 -353.9710 -18.7569 349.6240 0.0000 0.0000 0.0000 -20.6750 -5.6563 -2.3269 0.5357 4.6899 13.0263 -0.6483 14.1639 -3.7213 0.1560 -2.5452 -7.0151 0.0000 0.0000 0.0000 15.7366 -6.9878 13.2891 -0.5932 -4.9311 13.7120 -0.5005 -15.6936 -26.6641 -0.0084 0.5915 -1.6255 1.0761 0.5594 -0.6802 -0.1035 0.7336 0.7953 -0.6962 0.3766 1.2102 1.6492 6.2159 -11.1521 -4.2857 8.3557 3.8604 -1.1500 3.9783 3.5159 0.0000 -0.0000 0.0000 -96.4118 -34.5837 49.6976 55.9218 -55.1215 -30.9708 -0.0000 0.0000 -35.1856 47.4580 24.4845 24.3051 -7.1250 0.0000 -0.0000 23.3001 62.4420 10.1695 0.0000 -0.0000 0.0000 101.4866 24.6729 81.8510 -36.0858 45.5721 -15.5837 0.0000 -0.0000 -20.1852 -43.5593 12.9195 -12.0030 7.1250 -0.0000 -0.0000 -10.8699 -12.6462 -8.3822
9.4317 17.6143 -3.1103 -353.6720 -18.8074 349.6940 0.0000 0.0000 0.0000 -21.0029 -5.6094 -2.2141 0.4900 4.4883 12.4547 -0.6725 14.4354 -3.6347 0.2237 -3.0446 -8.4028 0.0000 0.0000 0.0000 15.3768 -6.9275 12.8227 -0.6351 -5.0989 14.1909 -0.4876 -15.6784 -26.5452 -0.0211 0.9389 -2.5808 0.6869 0.4700 -0.8355 -0.1827 0.6188 0.8515 -0.5595 0.3168 1.3491 0.4965 6.1151 -11.6598 -2.8604 8.3095 4.7253 -0.4575 3.9810 3.7777 0.0000 0.0000 0.0000 -96.7255 -34.0616 49.2291 56.7396 -55.3766 -31.6428 -0.0000 0.0000 -34.1748 47.3082 25.2169 24.7891 -7.1250 0.0000 -0.0000 23.3271 63.2743 10.6383 0.0000 0.0000 0.0000 101.5097 24.7187 82.2082 -35.9283 45.4637 -15.4713 0.0000 -0.0000 -20.8023 -43.5085 13.1183 -12.1581 7.1250 -0.0000 -0.0000 -10.7977 -12.3999 -8.3809
9.4361 17.6254 -3.1132 -354.0850 -18.9394 350.0670 0.0000 0.0000 0.0000 -20.5458 -5.8250 -2.7703 0.5460 4.7338 13.1508 -0.6606 14.2840 -3.8620 0.3137 -3.6006 -9.9556 0.0000 0.0000 0.0000 15.7606 -7.1412 12.9716 -0.5495 -4.7490 13.1940 -0.4704 -15.5180 -26.2244 -0.0038 0.3984 -1.0948 1.0539 0.3777 -0.9928 -0.1402 0.4879 0.8662 -0.7232 0.2554 1.4534 0.0370 6.2455 -11.5368 -1.8244 8.4730 4.9039 -0.0298 4.1017 3.7393 0.0000 -0.0000 0.0000 -96.4028 -34.1530 49.1258 56.8289 -55.4039 -31.7163 -0.0000 0.0000 -34.5928 47.9362 24.0922 24.3394 -7.1250 0.0000 -0.0000 23.8906 62.1160 10.2591 0.0000 -0.0000 0.0000 101.4299 24.5600 82.4352 -36.1334 45.6047 -15.6177 0.0000 -0.0000 -21.1561 -43.1195 13.2600 -12.1223 7.1250 -0.0000 -0.0000 -10.5197 -12.3107 -8.1772
9.4424 17.6246 -3.1157 -354.0030 -18.9650 349.9790 0.0000 0.0000 0.0000 -20.6571 -5.6735 -2.6320 0.5294 4.6625 12.9483 -0.6606 14.2841 -3.8603 0.3635 -3.8730 -10.7197 0.0000 0.0000 0.0000 15.6068 -7.1613 12.8640 -0.5667 -4.8215 13.4000 -0.4934 -15.3266 -26.1882 -0.0078 0.5718 -1.5714 0.8944 0.3797 -0.6219 -0.1792 0.4977 0.7430 -0.6766 0.2569 1.1181 -0.5076 6.1933 -10.9848 -0.7631 8.3910 4.7071 0.3748 4.1076 3.4798 0.0000 -0.0000 0.0000 -96.4217 -33.5827 49.0967 57.8738 -55.7162 -32.5781 -0.0000 0.0000 -34.4452 49.1794 23.6135 24.8782 -7.1250 0.0000 -0.0000 25.6148 61.9217 10.9336 0.0000 -0.0000 0.0000 101.3480 24.3287 82.0642 -35.8800 45.4304 -15.4370 0.0000 -0.0000 -20.3534 -43.1501 13.9336 -12.7201 7.1250 -0.0000 -0.0000 -10.4062 -11.4333 -8.2780
9.4471 17.6181 -3.1125 -354.1820 -18.8829 349.9230 0.0000 0.0000 0.0000 -20.4939 -5.5171 -2.6216 0.5336 4.6805 12.9996 -0.6381 14.0805 -3.4548 0.2978 -3.5089 -9.6989 0.0000 0.0000 0.0000 15.7609 -7.2649 12.9989 -0.5669 -4.8221 13.4017 -0.3296 -16.0566 -25.7218 -0.1173 2.2081 -6.0811 1.0444 0.4132 -0.5026 -0.1207 0.5413 0.7786 -0.7009 0.2796 1.0893 -0.6702 6.0481 -11.2053 -0.4399 8.2123 5.4660 0.5241 4.0219 3.7678 -0.0000 -0.0000 0.0000 -97.1191 -33.2187 49.2783 57.8371 -55.7055 -32.5477 -0.0000 0.0000 -34.2461 47.5433 25.3624 25.0872 -7.1250 0.0000 -0.0000 23.7531 63.5215 10.9812 -0.0000 -0.0000 0.0000 101.0954 24.3455 81.8998 -35.6010 45.2365 -15.2385 0.0000 -0.0000 -20.7084 -43.4798 14.8899 -13.6947 7.1250 -0.0000 -0.0000 -10.4231 -10.1150 -8.5775
9.4483 17.6281 -3.1083 -354.3650 -18.7667 350.0830 0.0000 0.0000 0.0000 -20.3281 -5.9453 -2.6605 0.5447 4.7286 13.1359 -0.6513 14.2049 -3.6421 0.3174 -3.6215 -10.0142 0.0000 0.0000 0.0000 15.9445 -7.3687 13.0024 -0.5444 -4.7272 13.1321 -0.3064 -16.0419 -25.5116 -0.0654 1.6495 -4.5381 0.9040 0.0952 -0.5446 -0.0833 0.1177 0.7898 -0.5901 0.0667 1.1154 -0.8726 6.3831 -11.6975 0.7370 8.6035 6.3789 1.0183 4.2592 4.1214 0.0000 -0.0000 0.0000 -97.1924 -32.6927 48.1232 58.3249 -55.8468 -32.9511 -0.0000 0.0000 -33.2379 46.5826 24.8529 23.9495 -7.1250 0.0000 -0.0000 22.0808 62.6142 9.6981 0.0000 -0.0000 0.0000 101.2503 24.0922 82.5525 -35.7351 45.3300 -15.3338 0.0000 -0.0000 -20.3503 -43.2148 14.4537 -13.1979 7.1250 -0.0000 -0.0000 -10.3436 -10.7467 -8.3746
9.4524 17.6261 -3.0919 -354.4430 -18.8045 350.0710 0.0000 0.0000 0.0000 -20.2826 -5.4881 -2.8492 0.5683 4.8280 13.4186 -0.6232 13.8845 -3.7507 0.2963 -3.5003 -9.6748 0.0000 0.0000 0.0000 15.9461 -7.4861 13.1177 -0.5371 -4.6960 13.0434 -0.3336 -15.8788 -25.5384 -0.0550 1.5135 -4.1630 1.0332 0.2479 -0.6350 -0.1502 0.3197 0.7897 -0.7275 0.1693 1.1707 -0.1953 6.0935 -11.1766 0.3587 8.1469 6.3670 0.7241 4.0340 4.0683 0.0000 -0.0000 0.0000 -97.2433 -32.5112 48.7883 58.3749 -55.8611 -32.9924 -0.0000 0.0000 -33.2611 47.9538 23.9582 24.2399 -7.1250 0.0000 -0.0000 23.8660 61.9586 10.1589 0.0000 -0.0000 0.0000 100.9664 24.2558 82.5037 -35.4791 45.1513 -15.1521 0.0000 -0.0000 -20.5182 -43.3510 13.6862 -12.5911 7.1250 -0.0000 -0.0000 -10.5837 -11.7021 -8.3646
9.4608 17.6197 -3.0829 -354.7250 -18.7822 350.3120 0.0000 0.0000 0.0000 -20.0082 -5.6032 -3.1547 0.5951 4.9385 13.7332 -0.6126 13.7545 -3.8870 0.3677 -3.8951 -10.7818 0.0000 0.0000 0.0000 16.1904 -7.5859 13.0629 -0.5144 -4.5972 12.7631 -0.3120 -15.8746 -25.3530 -0.0337 1.1853 -3.2588 1.3210 0.2501 -0.8375 -0.1607 0.3164 0.7685 -0.8987 0.1708 1.2643 -0.3889 5.9899 -10.9185 0.7691 8.0011 6.4550 0.8740 3.9788 4.0212 -0.0000 -0.0000 0.0000 -97.2959 -32.3279 48.9155 58.4321 -55.8775 -33.0398 -0.0000 0.0000 -33.2115 46.0681 25.1569 23.8095 -7.1250 0.0000 -0.0000 21.3865 62.8206 9.4819 -0.0000 -0.0000 0.0000 100.9662 24.2426 82.2265 -35.2615 44.9979 -14.9979 0.0000 -0.0000 -20.6232 -43.2619 14.7495 -13.4739 7.1250 -0.0000 -0.0000 -10.3140 -10.3539 -8.4337
9.4702 17.6259 -3.0713 -354.8180 -18.6930 350.3190 0.0000 0.0000 0.0000 -19.9894 -5.4526 -3.1848 0.6018 4.9660 13.8116 -0.5938 13.5458 -3.8460 0.3333 -3.7101 -10.2624 0.0000 0.0000 0.0000 16.1580 -7.9064 13.1169 -0.5006 -4.5359 12.5893 -0.4200 -15.4063 -25.6866 -0.0051 0.4616 -1.2683 1.4058 0.1274 -0.7370 -0.1465 0.1536 0.6888 -0.9352 0.0886 1.1223 -0.8619 5.8097 -10.5171 1.2662 7.7840 6.5065 1.0885 3.8855 3.9189 -0.0000 -0.0000 0.0000 -97.4540 -31.6146 48.1679 59.2105 -56.0958 -33.6850 -0.0000 0.0000 -32.8592 46.4597 24.8956 23.8924 -7.1250 0.0000 -0.0000 21.9063 62.6278 9.6246 -0.0000 -0.0000 0.0000 100.8731 24.0749 82.8113 -35.4061 45.1000 -15.1003 0.0000 -0.0000 -21.1993 -43.9250 14.8190 -13.8390 7.1250 -0.0000 -0.0000 -10.7181 -10.0852 -8.8358
9.4789 17.6320 -3.0570 -354.7210 -18.8020 350.2470 0.0000 0.0000 0.0000 -20.0904 -5.7305 -3.1315 0.6223 5.0480 14.0456 -0.6129 13.7246 -4.4582 0.1993 -2.8744 -7.9293 0.0000 0.0000 0.0000 15.9432 -8.0048 13.3141 -0.4786 -4.4367 12.3087 -0.3768 -15.3806 -25.2985 -0.0116 0.6962 -1.9131 1.3932 0.1241 -0.7865 -0.1618 0.1483 0.7510 -0.9437 0.0869 1.2137 -0.3901 5.7137 -10.7746 0.4934 7.6640 7.0154 0.7706 3.7951 4.2094 0.0000 -0.0000 0.0000 -97.1015 -31.6308 48.1236 59.4500 -56.1616 -33.8838 -0.0000 0.0000 -32.9784 46.9526 23.7902 23.3578 -7.1250 0.0000 -0.0000 22.3014 61.4478 9.1847 0.0000 -0.0000 0.0000 100.9531 24.0075 82.9486 -35.4601 45.1379 -15.1385 0.0000 -0.0000 -21.5485 -43.7978 15.3598 -14.2513 7.1250 -0.0000 -0.0000 -10.5266 -9.4222 -8.8154
9.4821 17.6322 -3.0497 -354.6800 -18.8701 350.3320 0.0000 0.0000 0.0000 -20.1502 -5.4187 -3.3298 0.6242 5.0556 14.0673 -0.5874 13.4736 -3.8391 0.4195 -4.1573 -11.5197 0.0000 0.0000 0.0000 15.9266 -7.8492 13.1550 -0.4922 -4.4984 12.4831 -0.3845 -15.3929 -25.3778 -0.0171 0.8438 -2.3191 1.3528 0.1328 -0.9636 -0.1182 0.1568 0.8232 -0.8758 0.0922 1.3869 -0.2764 5.6978 -10.7500 -0.0266 7.6782 7.1349 0.5821 3.7770 4.2765 -0.0000 0.0000 0.0000 -97.0870 -31.6358 48.0668 59.6612 -56.2190 -34.0593 -0.0000 0.0000 -33.0928 46.9571 24.3329 23.8068 -7.1250 0.0000 -0.0000 22.4843 62.1048 9.6146 -0.0000 0.0000 0.0000 100.9649 24.2983 83.1699 -35.3104 45.0325 -15.0325 0.0000 -0.0000 -21.6899 -43.9161 15.0415 -14.0298 7.1250 -0.0000 -0.0000 -10.6665 -9.7999 -8.8543
9.4858 17.6228 -3.0446 -354.4310 -18.8325 350.1490 0.0000 0.0000 0.0000 -20.4333 -5.0981 -3.2041 0.6042 4.9755 13.8386 -0.5734 13.3071 -3.9096 0.4180 -4.1500 -11.4991 0.0000 0.0000 0.0000 15.7258 -7.5942 13.1449 -0.5306 -4.6677 12.9633 -0.4442 -15.2901 -25.7489 -0.0125 0.7219 -1.9840 1.1270 0.1738 -0.7728 -0.2183 0.2188 0.7910 -0.8510 0.1205 1.2479 0.0112 5.6889 -10.7233 -0.4690 7.6736 7.4636 0.3926 3.7567 4.4244 -0.0000 -0.0000 0.0000 -96.9879 -31.5725 48.1353 59.5319 -56.1839 -33.9519 -0.0000 0.0000 -33.5828 47.5328 23.9989 23.9587 -7.1250 0.0000 -0.0000 23.2408 61.8783 9.8324 -0.0000 -0.0000 0.0000 101.0102 24.0823 82.8702 -35.3453 45.0571 -15.0572 0.0000 -0.0000 -21.3438 -43.8041 14.3369 -13.3600 7.1250 -0.0000 -0.0000 -10.7407 -10.7423 -8.7089
9.4936 17.6256 -3.0342 -354.1480 -18.8022 350.2320 0.0000 0.0000 0.0000 -20.7485 -5.2261 -3.4321 0.6167 5.0258 13.9821 -0.5749 13.3337 -3.7800 0.3318 -3.7021 -10.2401 0.0000 0.0000 0.0000 15.2974 -7.7923 12.9874 -0.5163 -4.6056 12.7870 -0.3821 -15.3847 -25.3477 -0.0357 1.2199 -3.3541 0.9560 0.1560 -1.0603 -0.3361 0.1961 0.8103 -0.8755 0.1092 1.4283 0.2564 5.7867 -10.9205 -0.7476 7.8045 8.1458 0.2594 3.8085 4.2514 0.0000 -0.0000 0.0000 -96.5773 -31.5575 48.1703 60.1181 -56.3413 -34.4394 -0.0000 0.0000 -34.1652 48.0908 24.4485 24.7555 -7.1250 0.0000 -0.0000 24.2678 62.5942 10.7054 0.0000 -0.0000 0.0000 101.1663 24.0311 83.0823 -35.1338 44.9074 -14.9077 0.0000 -0.0000 -20.6474 -43.5679 12.9979 -12.0760 7.1250 -0.0000 -0.0000 -10.8599 -12.5421 -8.3982
9.5057 17.6252 -3.0335 -354.7350 -18.7639 350.2570 0.0000 0.0000 0.0000 -20.1743 -5.0627 -3.6457 0.6687 5.2295 14.5644 -0.5341 12.8374 -4.0567 0.3618 -3.8639 -10.6940 0.0000 0.0000 0.0000 15.9144 -7.8452 13.4408 -0.4768 -4.4281 12.2844 -0.3292 -15.6751 -25.2540 -0.0224 0.9669 -2.6577 1.6726 0.1424 -0.8407 -0.2712 0.1680 0.9018 -1.2117 0.1024 1.4005 0.3655 5.8114 -11.1272 -0.6603 7.8053 7.5987 0.2958 3.8177 4.5824 0.0000 -0.0000 0.0000 -96.7318 -31.4541 48.0982 60.1757 -56.3566 -34.4874 -0.0000 0.0000 -33.7745 47.6113 24.1144 24.1136 -7.1250 0.0000 -0.0000 23.4015 62.0424 9.9955 0.0000 -0.0000 0.0000 101.2794 23.9587 82.7682 -35.2284 44.9745 -14.9746 0.0000 -0.0000 -20.2971 -43.9470 14.8575 -13.8830 7.1250 -0.0000 -0.0000 -10.7240 -10.0294 -8.8531
9.5145 17.6307 -3.0300 -354.9490 -18.8195 350.3300 0.0000 0.0000 0.0000 -19.9563 -5.2352 -3.6453 0.6781 5.2654 14.6671 -0.5492 13.0032 -4.3638 0.2506 -3.2212 -8.8953 0.0000 0.0000 0.0000 16.1366 -7.7405 13.6095 -0.4568 -4.3357 12.0230 -0.4504 -15.3673 -25.8889 -0.0115 0.6914 -1.9000 1.9496 0.1661 -0.8045 -0.1967 0.1955 0.8728 -1.2903 0.1178 1.3523 0.2937 5.8545 -10.9255 -0.8357 7.8907 7.4901 0.2460 3.8504 4.5071 0.0000 0.0000 0.0000 -96.5701 -31.4074 48.3629 59.9351 -56.2926 -34.2871 -0.0000 0.0000 -33.7879 48.3696 23.6893 24.3253 -7.1250 0.0000 -0.0000 24.3966 61.7609 10.2853 0.0000 0.0000 0.0000 101.1038 23.8492 82.8417 -35.1797 44.9400 -14.9401 0.0000 -0.0000 -21.7128 -43.8619 16.4025 -15.1833 7.1250 -0.0000 -0.0000 -10.3488 -8.0645 -8.9457
