HIERARCHY
ROOT Hips
{
	OFFSET 0.00000 0.00000 0.00000
	CHANNELS 6 Xposition Yposition Zposition Zrotation Yrotation Xrotation 
	JOINT LHipJoint
	{
		OFFSET 0 0 0
		CHANNELS 3 Zrotation Yrotation Xrotation
		JOINT LeftUpLeg
		{
			OFFSET 1.57338 -1.94743 0.52196
			CHANNELS 3 Zrotation Yrotation Xrotation
			JOINT LeftLeg
			{
				OFFSET 2.60333 -7.15259 0.00000
				CHANNELS 3 Zrotation Yrotation Xrotation
				JOINT LeftFoot
				{
					OFFSET 2.77855 -7.63400 0.00000
					CHANNELS 3 Zrotation Yrotation Xrotation
					JOINT LeftToeBase
					{
						OFFSET 0.19847 -0.54529 2.28466
						CHANNELS 3 Zrotation Yrotation Xrotation
						End Site
						{
							OFFSET 0.00000 -0.00000 1.17993
						}
					}
				}
			}
		}
	}
	JOINT RHipJoint
	{
		OFFSET 0 0 0
		CHANNELS 3 Zrotation Yrotation Xrotation
		JOINT RightUpLeg
		{
			OFFSET -1.61527 -1.94743 0.52196
			CHANNELS 3 Zrotation Yrotation Xrotation
			JOINT RightLeg
			{
				OFFSET -2.53829 -6.97390 0.00000
				CHANNELS 3 Zrotation Yrotation Xrotation
				JOINT RightFoot
				{
					OFFSET -2.80762 -7.71387 0.00000
					CHANNELS 3 Zrotation Yrotation Xrotation
					JOINT RightToeBase
					{
						OFFSET -0.30536 -0.83898 2.28801
						CHANNELS 3 Zrotation Yrotation Xrotation
						End Site
						{
							OFFSET -0.00000 -0.00000 1.21323
						}
					}
				}
			}
		}
	}
	JOINT LowerBack
	{
		OFFSET 0 0 0
		CHANNELS 3 Zrotation Yrotation Xrotation
		JOINT Spine
		{
			OFFSET -0.04381 1.99497 -0.19778
			CHANNELS 3 Zrotation Yrotation Xrotation
			JOINT Spine1
			{
				OFFSET -0.01959 2.01295 -0.04372
				CHANNELS 3 Zrotation Yrotation Xrotation
				JOINT Neck
				{
					OFFSET 0 0 0
					CHANNELS 3 Zrotation Yrotation Xrotation
					JOINT Neck1
					{
						OFFSET -0.05459 1.76913 0.09708
						CHANNELS 3 Zrotation Yrotation Xrotation
						JOINT Head
						{
							OFFSET 0.09461 1.77368 -0.11172
							CHANNELS 3 Zrotation Yrotation Xrotation
							End Site
							{
								OFFSET 0.03812 1.78157 -0.04834
							}
						}
					}
				}
				JOINT LeftShoulder
				{
					OFFSET 0 0 0
					CHANNELS 3 Zrotation Yrotation Xrotation
					JOINT LeftArm
					{
						OFFSET 3.50922 1.24034 -0.28866
						CHANNELS 3 Zrotation Yrotation Xrotation
						JOINT LeftForeArm
						{
							OFFSET 5.40188 -0.00000 0.00000
							CHANNELS 3 Zrotation Yrotation Xrotation
							JOINT LeftHand
							{
								OFFSET 3.68559 -0.00000 0.00000
								CHANNELS 3 Zrotation Yrotation Xrotation
								JOINT LeftFingerBase
								{
									OFFSET 0 0 0
									CHANNELS 3 Zrotation Yrotation Xrotation
									JOINT LeftHandIndex1
									{
										OFFSET 0.61753 -0.00000 0.00000
										CHANNELS 3 Zrotation Yrotation Xrotation
										End Site
										{
											OFFSET 0.49787 -0.00000 0.00000
										}
									}
								}
								JOINT LThumb
								{
									OFFSET 0 0 0
									CHANNELS 3 Zrotation Yrotation Xrotation
									End Site
									{
										OFFSET 0.50547 -0.00000 0.50547
									}
								}
							}
						}
					}
				}
				JOINT RightShoulder
				{
					OFFSET 0 0 0
					CHANNELS 3 Zrotation Yrotation Xrotation
					JOINT RightArm
					{
						OFFSET -2.95373 1.39649 -0.27346
						CHANNELS 3 Zrotation Yrotation Xrotation
						JOINT RightForeArm
						{
							OFFSET -6.10670 -0.00000 -0.00000
							CHANNELS 3 Zrotation Yrotation Xrotation
							JOINT RightHand
							{
								OFFSET -3.63052 -0.00000 0.00000
								CHANNELS 3 Zrotation Yrotation Xrotation
								JOINT RightFingerBase
								{
									OFFSET 0 0 0
									CHANNELS 3 Zrotation Yrotation Xrotation
									JOINT RightHandIndex1
									{
										OFFSET -0.58385 -0.00000 0.00000
										CHANNELS 3 Zrotation Yrotation Xrotation
										End Site
										{
											OFFSET -0.47071 -0.00000 0.00000
										}
									}
								}
								JOINT RThumb
								{
									OFFSET 0 0 0
									CHANNELS 3 Zrotation Yrotation Xrotation
									End Site
									{
										OFFSET -0.47790 -0.00000 0.47790
									}
								}
							}
						}
					}
				}
			}
		}
	}
}
MOTION
Frames: 601
Frame Time: .0333333
1.014 18.7761 -0.1486 0 0 0 0 0 0 -21 0 0 0 0 0 0 0 0 0 0 0 0 0 0 21 0 0 0 0 0 0 0 0 0 0 0 0 0 0 0 0 0 0 0 0 0 0 -16 0 0 21 0 0 11 0 0 0 -8 0 0 0 0 0 0 0 0 0 0 0 0 0 0 0 0 0 0 0 0 8 0 0 0 0 0 0 0 0 0 0 0 0 0 0 0 0 0
1.0140 18.7761 -0.1486 7.1270 -60.3876 1.0966 0.0000 0.0000 0.0000 -21.6770 3.9875 -2.8506 0.6648 5.2146 14.5217 0.0447 19.2977 -27.6437 0.0920 -1.9565 -5.3853 0.0000 0.0000 0.0000 5.2898 30.9175 -15.0021 -1.3876 -7.4532 21.0651 1.7197 -26.1713 -24.6291 -0.2591 -3.2750 9.0452 1.7595 -1.7939 6.7162 2.6519 -2.2924 2.6614 1.9122 -1.1720 -0.9774 -6.9674 -1.4283 -9.9128 3.9462 -2.2229 28.0172 2.3221 -1.4729 10.7394 0.0000 -0.0000 0.0000 -78.0387 -15.3208 24.3153 9.6169 -16.1380 -1.3665 -0.0000 -0.0000 30.1562 40.2765 15.9770 13.1287 -7.1250 0.0000 -0.0000 12.6466 50.1223 1.6195 0.0000 -0.0000 0.0000 73.7542 -1.5008 38.7028 -142.4622 46.5416 -103.3707 0.0000 -0.0000 -59.8385 -37.4275 -5.3967 4.1170 7.1250 -0.0000 -0.0000 -9.0646 -36.6319 -1.8846
0.7329 18.8128 -0.1570 7.8637 -61.3560 0.2713 0.0000 0.0000 0.0000 -21.3589 4.9837 -2.6026 0.7523 5.5400 15.4554 -0.3955 20.1905 -25.3306 0.3637 -3.8742 -10.7231 0.0000 0.0000 0.0000 6.1083 30.2478 -14.4024 -1.4029 -7.4923 21.1824 1.5212 -24.9724 -23.7991 -0.2230 -3.0395 8.3886 2.0268 -1.8309 6.1752 2.8816 -2.3495 2.7057 1.9821 -1.2013 -0.6310 -6.0885 -1.1950 -10.1570 3.5303 -1.9803 28.4079 2.0516 -1.3278 10.9038 -0.0000 0.0000 0.0000 -77.4193 -14.8365 27.1655 10.3721 -17.3195 -1.5839 -0.0000 -0.0000 28.3960 40.9102 17.0935 14.2896 -7.1250 0.0000 -0.0000 13.4294 51.6290 2.2260 -0.0000 0.0000 0.0000 73.8570 -1.6523 37.8225 -142.5667 46.4735 -103.4465 0.0000 -0.0000 -60.7935 -36.3322 -5.1305 3.7627 7.1250 -0.0000 -0.0000 -8.1165 -36.2368 -1.7631
0.4431 18.8542 -0.1786 8.6709 -62.1042 -0.6417 0.0000 0.0000 0.0000 -20.9275 5.5965 -2.3172 0.8588 5.9098 16.5229 -0.6425 20.4942 -23.5260 0.5108 -4.5810 -12.7173 0.0000 0.0000 0.0000 6.9505 29.9895 -13.5928 -1.4252 -7.5492 21.3530 1.4389 -24.3995 -23.3205 -0.1623 -2.5952 7.1537 2.2862 -2.0064 5.7511 3.0933 -2.5844 2.6278 2.0552 -1.3186 -0.4719 -5.7792 -0.9073 -10.2085 3.5743 -1.7035 28.9889 2.0536 -1.1829 11.1142 -0.0000 0.0000 0.0000 -76.9450 -14.3187 28.2696 11.1064 -18.4512 -1.8095 -0.0000 -0.0000 26.6290 38.4384 15.2570 11.7970 -7.1250 0.0000 -0.0000 10.6888 48.8819 1.0341 -0.0000 0.0000 0.0000 73.9057 -2.2435 37.1303 -142.6257 46.4350 -103.4893 0.0000 -0.0000 -60.9556 -35.9895 -4.2544 3.0840 7.1250 -0.0000 -0.0000 -7.7654 -35.1466 -1.8937
0.1453 18.9014 -0.2137 9.2929 -62.8747 -1.6149 0.0000 0.0000 0.0000 -20.0612 6.0590 -2.1315 1.0374 6.4780 18.1779 -0.4649 19.3104 -23.2225 0.3089 -3.5731 -9.8787 0.0000 0.0000 0.0000 8.0219 29.5138 -12.4758 -1.4497 -7.6111 21.5388 1.1667 -23.0855 -23.2674 -0.1347 -2.3655 6.5169 2.6837 -2.1117 5.6492 3.1516 -2.7132 2.6587 1.8962 -1.3812 -0.3959 -5.4245 -0.8202 -10.3797 3.7361 -1.7317 29.3272 2.0512 -1.1478 11.2761 -0.0000 -0.0000 0.0000 -76.3030 -13.6508 29.6888 11.9219 -19.6874 -2.0759 -0.0000 -0.0000 25.7809 38.9476 16.0533 12.5992 -7.1250 0.0000 -0.0000 11.2570 49.9473 1.3884 -0.0000 -0.0000 0.0000 74.2780 -2.8391 36.9296 -142.4855 46.5264 -103.3876 0.0000 -0.0000 -60.6771 -34.8774 -2.6842 1.8696 7.1250 -0.0000 -0.0000 -6.7405 -33.1967 -1.9615
-0.1339 18.9232 -0.2465 10.9938 -63.5861 -3.6323 0.0000 0.0000 0.0000 -19.8488 6.9710 -2.6944 1.3621 7.3871 20.8675 -0.6522 19.0478 -20.7137 0.6536 -5.1713 -14.3977 0.0000 0.0000 0.0000 8.4165 28.4414 -11.8143 -1.5249 -7.7972 22.0999 0.7468 -20.9386 -23.2937 -0.1639 -2.6086 7.1909 2.8984 -2.2959 5.6553 2.8664 -2.9556 2.8178 1.4936 -1.4972 -0.2578 -5.0715 -0.6728 -10.8774 4.0853 -1.7191 29.8014 2.1266 -1.0685 11.5580 0.0000 0.0000 0.0000 -75.6824 -13.1796 29.1610 12.6856 -20.8249 -2.3403 -0.0000 -0.0000 23.8438 39.8038 15.9397 12.8897 -7.1250 0.0000 -0.0000 12.1461 49.9803 1.5109 0.0000 0.0000 0.0000 74.4971 -3.1761 37.3192 -142.4781 46.5313 -103.3822 0.0000 -0.0000 -59.8646 -35.8386 -2.7078 1.9542 7.1250 -0.0000 -0.0000 -7.5246 -33.2508 -2.1830
-0.4154 18.9241 -0.2897 11.7019 -64.3062 -4.7662 0.0000 0.0000 0.0000 -18.9746 7.8114 -4.2038 1.9513 8.7639 25.0595 -0.8528 18.8523 -17.5956 0.7187 -5.4174 -15.1029 0.0000 0.0000 0.0000 9.4263 27.4141 -11.1466 -1.5880 -7.9493 22.5603 0.6266 -19.9123 -22.6295 -0.0585 -1.5609 4.2935 3.3425 -2.4982 5.5820 2.7326 -3.2179 2.9865 1.1165 -1.6218 -0.0729 -5.6683 -0.6394 -10.5546 5.4456 -1.9300 29.1965 2.6979 -1.0661 11.2824 0.0000 0.0000 0.0000 -75.2018 -12.5901 28.0766 13.3590 -21.8110 -2.5852 -0.0000 -0.0000 22.9433 41.5455 16.9814 14.5102 -7.1250 0.0000 -0.0000 14.1118 51.6316 2.3437 0.0000 0.0000 0.0000 74.3441 -3.2086 38.7128 -142.3628 46.6061 -103.2985 0.0000 -0.0000 -58.7444 -37.3627 -2.7036 2.0626 7.1250 -0.0000 -0.0000 -8.7645 -33.2871 -2.5417
-0.6851 18.9323 -0.3486 12.4882 -64.6960 -5.9194 0.0000 0.0000 0.0000 -18.0462 8.1435 -6.6692 2.8570 10.4600 30.4794 -1.0867 18.9161 -13.1497 0.8678 -5.9397 -16.6095 0.0000 0.0000 0.0000 10.2502 26.5574 -10.4053 -1.6613 -8.1218 23.0847 0.3422 -18.4496 -23.0166 -0.0649 -1.6443 4.5236 3.5373 -2.6480 5.5178 2.5475 -3.4195 3.1331 0.8226 -1.7167 0.0907 -5.5466 -0.5396 -10.5143 5.7357 -1.9057 29.1104 2.7847 -1.0105 11.2391 0.0000 0.0000 0.0000 -74.4445 -12.4138 27.0967 13.9337 -22.6399 -2.8025 -0.0000 -0.0000 21.5986 41.8519 17.6655 15.2067 -7.1250 0.0000 -0.0000 14.5315 52.5457 2.7456 0.0000 0.0000 0.0000 74.3816 -2.7554 40.5611 -141.6986 47.0307 -102.8142 0.0000 -0.0000 -57.9153 -40.9046 -2.9499 2.5529 7.1250 -0.0000 -0.0000 -11.6779 -33.7051 -3.2928
-0.9401 18.9311 -0.3949 11.7650 -65.3046 -5.9021 0.0000 0.0000 0.0000 -16.3589 7.7060 -8.9840 3.9830 12.1378 36.2211 -1.1330 18.5513 -9.1991 0.3867 -3.9932 -11.0576 0.0000 0.0000 0.0000 11.7973 25.7326 -9.3064 -1.7031 -8.2182 23.3788 0.0449 -16.7452 -23.3184 -0.1061 -2.1007 5.7840 4.0073 -2.8285 5.8585 2.7800 -3.6260 3.1770 0.8302 -1.8213 -0.0669 -5.6003 -0.2532 -10.5429 5.6992 -1.5136 29.4906 2.8373 -0.8545 11.3633 -0.0000 0.0000 0.0000 -73.9895 -12.2082 26.8077 14.2491 -23.0897 -2.9251 -0.0000 -0.0000 20.8905 42.8560 18.7042 16.5698 -7.1250 0.0000 -0.0000 15.8157 54.0681 3.5940 -0.0000 0.0000 0.0000 73.5321 -2.1155 43.1878 -140.7991 47.5893 -102.1530 0.0000 -0.0000 -57.8755 -42.8464 -4.3298 4.0056 7.1250 -0.0000 -0.0000 -13.4936 -35.5972 -3.1906
-1.1682 18.9253 -0.4249 11.3070 -66.0148 -6.2881 0.0000 0.0000 0.0000 -14.9890 6.8635 -11.0055 5.1458 13.5461 41.4486 -1.0792 18.0231 -6.3262 0.0763 -1.7817 -4.9028 0.0000 0.0000 0.0000 13.1575 24.5524 -8.1741 -1.7103 -8.2346 23.4288 -0.1396 -15.2282 -22.9992 -0.1004 -2.0432 5.6251 4.5605 -2.7882 6.3434 2.7173 -3.5294 3.3740 0.4736 -1.7692 -0.1651 -5.3458 -0.0881 -10.4637 5.8243 -1.3923 29.5723 2.8552 -0.7627 11.3682 0.0000 -0.0000 0.0000 -73.2168 -12.7681 26.9962 14.3461 -23.2273 -2.9632 -0.0000 -0.0000 21.7506 44.0558 19.0046 17.4889 -7.1250 0.0000 -0.0000 17.2805 54.7427 4.2299 0.0000 -0.0000 0.0000 73.2609 -1.0303 45.6012 -139.5093 48.3579 -101.1949 0.0000 -0.0000 -57.4071 -44.6509 -3.9852 3.9276 7.1250 -0.0000 -0.0000 -14.9326 -35.2373 -3.6850
-1.3881 18.9143 -0.4385 10.9545 -66.9142 -6.3666 0.0000 0.0000 0.0000 -13.9374 5.6527 -13.2213 6.1007 14.5252 45.3845 -0.7174 14.8138 -4.8650 0.2750 -3.3733 -9.3199 0.0000 0.0000 0.0000 14.2583 23.7066 -7.4166 -1.6991 -8.2091 23.3510 -0.1700 -14.4728 -22.3142 -0.0360 -1.2253 3.3689 4.8698 -2.6475 6.4741 2.6919 -3.3252 3.4588 0.2663 -1.6644 -0.1620 -5.0312 0.1942 -10.2605 5.8434 -1.0822 29.5711 2.8434 -0.5917 11.3023 -0.0000 0.0000 0.0000 -72.6063 -13.5061 27.3932 14.3418 -23.2212 -2.9615 -0.0000 -0.0000 22.8810 44.7036 19.1256 17.9662 -7.1250 0.0000 -0.0000 18.0835 55.0617 4.5784 -0.0000 0.0000 0.0000 72.9000 0.0836 48.7773 -138.3086 49.0407 -100.2928 0.0000 -0.0000 -56.2551 -46.0868 -3.6894 3.8237 7.1250 -0.0000 -0.0000 -16.0577 -34.9091 -4.1143
-1.6023 18.9074 -0.4333 11.6885 -67.9128 -7.3200 0.0000 0.0000 0.0000 -13.5141 4.1895 -14.8752 6.5778 14.9658 47.2587 -0.4307 11.6758 -6.2268 0.2563 -3.2575 -8.9965 0.0000 0.0000 0.0000 14.7360 22.9970 -7.0687 -1.7815 -8.3954 23.9216 -0.3244 -13.1240 -22.1600 -0.0155 -0.8031 2.2072 4.6383 -2.3776 6.5359 2.6082 -2.9806 3.5243 0.2851 -1.4937 -0.1118 -4.8757 0.4697 -10.1982 5.9262 -0.7633 29.6963 2.8882 -0.4254 11.3150 0.0000 -0.0000 0.0000 -72.3031 -14.4861 28.0019 14.2669 -23.1150 -2.9321 -0.0000 -0.0000 22.9957 45.0449 19.8976 18.8229 -7.1250 0.0000 -0.0000 18.6697 56.1139 5.2181 0.0000 -0.0000 0.0000 72.6237 1.4086 52.1860 -137.2609 49.6115 -99.4982 0.0000 -0.0000 -54.5792 -47.2360 -3.5398 3.8194 7.1250 -0.0000 -0.0000 -16.9683 -34.7599 -4.4294
-1.8075 18.8945 -0.4094 11.6202 -68.7464 -7.1937 0.0000 0.0000 0.0000 -12.9608 2.6449 -16.6069 6.6268 15.0094 47.4484 -0.2602 9.5236 -6.8187 0.3350 -3.7195 -10.2887 0.0000 0.0000 0.0000 15.2926 22.8105 -6.7969 -1.8317 -8.5065 24.2633 -0.4224 -12.3031 -22.1669 -0.0020 -0.2868 0.7880 4.7295 -2.1959 6.4027 2.5128 -2.7404 3.4870 0.1149 -1.3708 -0.0783 -4.5216 0.7515 -10.0524 6.0039 -0.4574 29.5411 2.8861 -0.2396 11.2038 0.0000 -0.0000 0.0000 -72.2146 -15.5240 27.8640 13.9879 -22.7175 -2.8235 -0.0000 -0.0000 23.5393 45.2957 20.3513 19.3607 -7.1250 0.0000 -0.0000 19.0886 56.7456 5.6370 0.0000 -0.0000 0.0000 72.5660 2.7478 55.8928 -136.3116 50.1095 -98.7724 0.0000 -0.0000 -52.1270 -48.8837 -2.8759 3.2898 7.1250 -0.0000 -0.0000 -18.1398 -33.8900 -5.1648
-2.0027 18.8709 -0.3634 11.9943 -69.9560 -7.8036 0.0000 0.0000 0.0000 -12.5196 1.7507 -17.6696 6.2220 14.6401 45.8663 -0.1390 7.8129 -7.3206 0.2375 -3.1364 -8.6587 0.0000 0.0000 0.0000 15.7763 22.6810 -6.1993 -1.8797 -8.6108 24.5852 -0.5548 -11.2377 -22.2884 -0.0026 -0.3271 0.8989 4.7239 -1.9656 6.7508 2.3815 -2.4191 3.5761 -0.0280 -1.2115 -0.1738 -4.4678 1.1708 -10.0444 6.0407 0.1364 29.4249 2.9579 0.0424 11.1172 -0.0000 -0.0000 0.0000 -72.4636 -16.5609 27.0531 13.7070 -22.3143 -2.7159 -0.0000 -0.0000 23.9436 45.0505 21.1134 19.8420 -7.1250 0.0000 -0.0000 18.9479 57.6188 5.9972 -0.0000 -0.0000 0.0000 72.6956 4.3044 59.6027 -135.5505 50.4959 -98.1868 0.0000 -0.0000 -49.5760 -49.7125 -2.7454 3.2341 7.1250 -0.0000 -0.0000 -18.7715 -33.7331 -5.4375
-2.1993 18.8497 -0.2927 11.9419 -71.1546 -7.7313 0.0000 0.0000 0.0000 -11.9630 1.0787 -18.6253 5.4707 13.8950 42.8185 -0.0465 7.6207 -9.7885 0.1053 -2.0921 -5.7602 0.0000 0.0000 0.0000 16.1449 22.3367 -5.9954 -1.9256 -8.7093 24.8901 -0.6975 -9.9286 -22.3440 -0.0005 -0.1385 0.3806 4.9294 -1.7225 6.7972 2.1588 -2.0885 3.6738 -0.3957 -1.0400 -0.1014 -4.1580 1.5122 -10.1380 6.1354 0.5650 29.1310 2.9822 0.2900 10.9963 0.0000 0.0000 0.0000 -72.6249 -17.8836 25.6960 13.0809 -21.4057 -2.4827 -0.0000 -0.0000 24.5955 44.1265 21.6727 19.7082 -7.1250 0.0000 -0.0000 17.8651 58.0458 5.8245 0.0000 0.0000 0.0000 73.0840 5.8971 63.2364 -135.0462 50.7458 -97.7970 0.0000 -0.0000 -45.9441 -51.5937 -2.5545 3.2177 7.1250 -0.0000 -0.0000 -20.2212 -33.5204 -6.0153
-2.4021 18.8368 -0.1893 11.8291 -70.9611 -7.9470 0.0000 0.0000 0.0000 -11.6982 -0.4599 -18.8877 4.5016 12.7995 38.6226 -0.0460 8.6067 -11.3416 0.0508 -1.4547 -4.0008 0.0000 0.0000 0.0000 16.4858 21.5697 -4.8683 -1.9243 -8.7066 24.8818 -0.8013 -9.3758 -22.7868 -0.0001 -0.0699 0.1922 5.0162 -2.0570 7.0035 1.9754 -2.5269 3.8655 -0.5972 -1.2541 -0.0469 -3.9742 1.9682 -10.1283 6.1484 1.1917 28.9318 3.0214 0.6001 10.8795 -0.0000 0.0000 0.0000 -72.8576 -19.3329 23.8181 12.0089 -19.8180 -2.1053 -0.0000 -0.0000 26.2138 43.5567 22.3641 19.8895 -7.1250 0.0000 -0.0000 17.2424 58.7257 5.8970 -0.0000 0.0000 0.0000 73.3862 7.7005 66.6552 -134.6965 50.9163 -97.5259 0.0000 -0.0000 -42.2560 -53.1307 -2.9318 3.9014 7.1250 -0.0000 -0.0000 -21.5824 -34.1633 -6.1101
-2.5930 18.8271 -0.0959 11.9764 -73.0697 -7.9142 0.0000 0.0000 0.0000 -10.9797 -0.6303 -19.1219 3.4022 11.3194 33.3646 -0.1296 10.1371 -12.0925 0.1899 -2.8067 -7.7411 0.0000 0.0000 0.0000 16.7770 21.7412 -4.5656 -1.8875 -8.6277 24.6376 -0.8265 -8.2220 -22.0497 -0.0020 0.2905 -0.7981 4.8122 -1.5979 7.2633 1.6488 -1.9213 3.9776 -0.8591 -0.9511 -0.0516 -3.5386 2.3586 -10.1678 6.2898 1.6321 28.6894 3.0404 0.8675 10.7718 0.0000 0.0000 0.0000 -72.6347 -21.1328 19.8673 10.5843 -17.6483 -1.6477 -0.0000 -0.0000 29.7608 41.5434 20.5795 17.2998 -7.1250 0.0000 -0.0000 14.4917 56.0289 3.9800 0.0000 0.0000 0.0000 74.4172 9.3590 69.2698 -134.7241 50.9029 -97.5474 0.0000 -0.0000 -38.7281 -54.1499 -3.1581 4.3601 7.1250 -0.0000 -0.0000 -22.4901 -34.5719 -6.1617
-2.7905 18.8331 0.0411 10.9204 -74.1875 -6.6673 0.0000 0.0000 0.0000 -9.9550 -2.3653 -18.7440 2.3640 9.5863 27.6473 -0.2900 12.0727 -12.3853 0.1756 -2.6990 -7.4418 0.0000 0.0000 0.0000 17.1602 21.4806 -3.7415 -1.7447 -8.3128 23.6683 -0.8872 -7.4020 -21.9577 -0.0025 0.3207 -0.8810 4.9837 -1.6261 7.2995 1.4172 -1.9603 4.1706 -1.1924 -0.9619 0.1142 -2.9576 2.8609 -10.4182 6.0659 2.3059 28.5544 2.9365 1.2163 10.7451 0.0000 0.0000 0.0000 -72.3193 -22.6731 16.6318 9.4668 -15.9013 -1.3251 -0.0000 -0.0000 33.5742 40.6328 21.0884 17.1581 -7.1250 0.0000 -0.0000 13.4372 56.4090 3.8071 0.0000 0.0000 0.0000 74.8441 11.4108 71.7614 -134.4417 51.0391 -97.3280 0.0000 -0.0000 -36.0129 -55.6896 -2.7162 3.9724 7.1250 -0.0000 -0.0000 -23.5488 -33.9509 -6.8851
-2.9765 18.8433 0.2062 9.0341 -76.0465 -4.6580 0.0000 0.0000 0.0000 -8.2780 -4.4443 -17.7372 1.4801 7.6868 21.7666 -0.5841 14.4801 -11.2736 0.1996 -2.8768 -7.9359 0.0000 0.0000 0.0000 17.5995 21.5067 -2.7152 -1.5642 -7.8923 22.3873 -0.9688 -5.8099 -21.5649 -0.0014 -0.2453 0.6739 5.2975 -1.3458 7.6250 1.0789 -1.5639 4.3585 -1.7412 -0.7550 0.1374 -2.2877 3.1975 -10.6326 6.1677 2.6068 28.5281 2.8962 1.4366 10.7739 0.0000 0.0000 0.0000 -71.2213 -23.0727 18.5882 9.4258 -15.8364 -1.3139 -0.0000 -0.0000 32.5853 38.2164 19.8286 14.9539 -7.1250 0.0000 -0.0000 10.5821 54.3210 2.4446 0.0000 0.0000 0.0000 75.8907 12.6668 72.9565 -134.7267 50.9017 -97.5493 0.0000 -0.0000 -33.5427 -56.2691 -2.8629 4.2780 7.1250 -0.0000 -0.0000 -24.0750 -34.2215 -6.8911
-3.1821 18.8474 0.3971 7.7124 -77.5366 -2.3964 0.0000 0.0000 0.0000 -6.0936 -8.8058 -16.3574 0.7821 5.6461 15.7609 -0.8334 16.2303 -9.5033 0.1535 -2.5243 -6.9571 0.0000 0.0000 0.0000 17.4756 21.9231 -2.4065 -1.4019 -7.4897 21.1746 -0.9883 -5.1279 -21.3009 -0.0113 -0.6855 1.8839 4.5692 -1.6147 6.9345 1.2752 -2.0003 4.2712 -1.1170 -0.9812 0.4241 -2.8278 3.9885 -10.2792 6.1700 3.8452 28.3338 3.1104 1.9391 10.5475 -0.0000 0.0000 0.0000 -71.0206 -22.4222 18.8990 9.5554 -16.0412 -1.3495 -0.0000 -0.0000 32.4532 37.7014 19.5031 14.4694 -7.1250 0.0000 -0.0000 10.0043 53.8180 2.1858 -0.0000 0.0000 0.0000 75.5718 14.4177 75.3793 -134.6474 50.9401 -97.4878 0.0000 -0.0000 -31.7382 -57.0402 -3.5597 5.4697 7.1250 -0.0000 -0.0000 -25.0182 -35.4247 -6.4003
-3.3905 18.8374 0.6234 6.2903 -79.7620 -0.5093 0.0000 0.0000 0.0000 -3.2002 -15.1453 -13.2257 0.3316 3.7008 10.2364 -1.0281 17.7563 -9.1892 0.1682 -2.6421 -7.2839 0.0000 0.0000 0.0000 17.3147 22.2051 -1.6971 -1.2435 -7.0706 19.9248 -1.0230 -3.9419 -20.9128 -0.0002 -0.1006 0.2764 3.9209 -1.4466 7.0695 0.9610 -1.8010 4.1970 -1.0875 -0.8911 0.2886 -2.2134 4.5796 -10.0884 6.1707 4.5028 28.5554 3.0781 2.2876 10.5756 -0.0000 0.0000 0.0000 -69.8149 -21.7523 20.8579 9.9262 -16.6240 -1.4538 -0.0000 -0.0000 29.9456 35.1154 18.2257 12.4040 -7.1250 0.0000 -0.0000 7.2349 51.7652 1.2106 -0.0000 0.0000 0.0000 75.9479 15.4509 76.6831 -134.2301 51.1402 -97.1633 0.0000 -0.0000 -30.0728 -57.2233 -2.5780 3.9960 7.1250 -0.0000 -0.0000 -24.7066 -33.8013 -7.3823
-3.5895 18.8233 0.8718 2.9605 -82.0811 3.8072 0.0000 0.0000 0.0000 -1.1552 -15.6319 -13.1808 0.1318 2.3401 6.4465 -0.7773 15.4555 -4.2206 0.3496 -3.7988 -10.5112 0.0000 0.0000 0.0000 16.9673 22.8576 -1.8284 -1.1294 -6.7499 18.9766 -0.9974 -2.8551 -20.0984 -0.0117 0.6989 -1.9206 3.3578 -1.1391 6.5822 0.5954 -1.4377 4.1145 -1.1833 -0.7096 0.4912 -1.8402 5.0221 -9.8703 6.5146 4.9233 28.5276 3.1724 2.5469 10.5016 0.0000 0.0000 0.0000 -69.0054 -21.6832 21.5241 10.0948 -16.8877 -1.5024 -0.0000 -0.0000 28.8952 34.3765 18.2526 12.0938 -7.1250 0.0000 -0.0000 6.4540 51.6485 1.0604 0.0000 0.0000 0.0000 76.4733 16.5671 77.3207 -133.3728 51.5412 -96.4939 0.0000 -0.0000 -28.8932 -55.4909 -3.2135 4.6613 7.1250 -0.0000 -0.0000 -23.5992 -34.7436 -6.4053
-3.7978 18.7907 1.1732 -0.9933 -84.7905 7.8900 0.0000 0.0000 0.0000 0.0852 -16.1070 -13.1006 0.1156 2.1921 6.0368 -0.7356 15.7151 -0.7489 0.7540 -5.5461 -15.4729 0.0000 0.0000 0.0000 16.4251 22.9663 -1.2814 -1.0505 -6.5175 18.2936 -0.9940 -1.0190 -19.2332 -0.0346 1.2003 -3.3001 2.7115 -0.8021 6.9743 -0.0721 -1.0178 4.1659 -1.5289 -0.5068 0.3430 -1.3744 5.6179 -9.5140 6.9099 5.5180 28.5304 3.2815 2.8960 10.4053 0.0000 -0.0000 0.0000 -67.6348 -21.5365 21.9393 10.1286 -16.9406 -1.5122 -0.0000 -0.0000 28.5032 32.7569 17.6769 11.0544 -7.1250 0.0000 -0.0000 4.8155 50.6729 0.6745 0.0000 -0.0000 0.0000 77.1742 17.3340 77.9813 -132.6096 51.8872 -95.8948 0.0000 -0.0000 -29.1578 -54.2178 -2.9884 4.1372 7.1250 -0.0000 -0.0000 -22.4791 -34.3085 -6.3140
-4.0089 18.7318 1.5137 -13.6796 -87.2155 20.7150 0.0000 0.0000 0.0000 1.1906 -17.2164 -14.0484 0.2395 3.1495 8.6951 -0.8105 17.2260 1.2076 0.3399 -3.7467 -10.3650 0.0000 0.0000 0.0000 15.8889 23.6819 -0.7525 -1.0360 -6.4739 18.1657 -1.0327 0.1444 -19.1684 -0.0875 1.9075 -5.2501 1.8878 -0.4365 7.3431 -0.4907 -0.5806 4.1897 -1.5237 -0.3021 0.1852 -1.0236 6.1983 -9.3077 6.8875 6.2380 28.6598 3.2850 3.2453 10.3926 0.0000 -0.0000 0.0000 -66.5365 -21.6734 22.5808 10.0075 -16.7513 -1.4771 -0.0000 -0.0000 28.2187 31.3826 17.7563 10.5381 -7.1250 0.0000 -0.0000 3.4013 50.5100 0.4623 0.0000 -0.0000 0.0000 77.6239 17.9584 78.3511 -131.5150 52.3659 -95.0307 0.0000 -0.0000 -29.1138 -53.7280 -2.1960 2.9891 7.1250 -0.0000 -0.0000 -21.7901 -33.0418 -6.8161
-4.2301 18.6569 1.9150 -82.8032 -88.2217 90.0236 0.0000 0.0000 0.0000 2.0868 -16.9792 -15.6197 0.5223 4.6318 12.8614 -0.6414 15.1333 0.5102 0.5836 -4.8917 -13.5998 0.0000 0.0000 0.0000 15.5706 24.1147 -0.6427 -1.0484 -6.5112 18.2751 -1.0817 1.7075 -19.1637 -0.1359 2.3756 -6.5449 1.8776 0.0143 7.5794 -0.8370 0.0123 4.1928 -1.9169 -0.0063 0.0830 -1.0010 6.6163 -9.2464 7.2444 6.7315 28.4220 3.4425 3.5124 10.2531 0.0000 -0.0000 0.0000 -65.7003 -22.1717 23.4473 9.7733 -16.3842 -1.4103 -0.0000 -0.0000 27.6741 30.5958 18.9870 10.8896 -7.1250 0.0000 -0.0000 2.4319 51.7515 0.4045 0.0000 -0.0000 0.0000 77.9354 18.3198 78.3512 -130.6210 52.7420 -94.3209 0.0000 -0.0000 -28.8884 -53.2270 -1.7105 2.2871 7.1250 -0.0000 -0.0000 -21.2239 -32.2715 -7.0407
-4.4826 18.5507 2.3610 -139.6790 -86.6307 146.5590 0.0000 0.0000 0.0000 0.6385 -14.0129 -16.8298 1.0092 6.3922 17.9266 -0.4081 11.2836 -3.0582 1.5586 -7.8787 -22.3463 0.0000 0.0000 0.0000 14.6307 24.8469 0.2495 -1.0783 -6.6005 18.5372 -1.1343 3.1233 -19.3346 -0.1249 2.2784 -6.2757 0.9785 0.4903 7.9596 -1.1883 0.5693 4.3224 -1.8173 0.2547 0.0265 -0.8524 7.2173 -9.0802 7.0766 7.5816 28.4399 3.4360 3.8904 10.2002 0.0000 0.0000 0.0000 -65.5277 -22.5030 22.0737 9.3251 -15.6770 -1.2866 -0.0000 -0.0000 29.0956 30.5694 18.6519 10.6976 -7.1250 0.0000 -0.0000 2.4534 51.3704 0.3852 0.0000 0.0000 0.0000 78.0771 18.6152 78.8845 -129.8736 53.0464 -93.7249 0.0000 -0.0000 -28.9665 -53.1375 -1.7884 2.3835 7.1250 -0.0000 -0.0000 -21.1815 -32.3912 -6.9589
-4.7034 18.4702 2.8140 -142.4300 -83.9555 149.0010 0.0000 0.0000 0.0000 0.3153 -10.3983 -18.7821 1.5980 7.9732 22.6327 -0.1606 7.6308 -5.8123 1.7343 -8.2892 -23.5959 0.0000 0.0000 0.0000 15.1406 25.9960 1.4392 -1.0626 -6.5539 18.4003 -1.1528 3.0977 -19.5017 -0.0754 1.7715 -4.8747 0.9041 0.8065 8.7909 -1.1403 0.9713 4.3700 -1.7694 0.4445 -0.3678 -0.4603 7.8054 -8.9916 6.8974 8.3668 28.4380 3.3825 4.2636 10.1772 0.0000 -0.0000 0.0000 -65.5423 -22.8450 20.1504 8.9689 -15.1108 -1.1920 -0.0000 -0.0000 30.3605 30.9450 19.6660 11.4075 -7.1250 0.0000 -0.0000 2.6936 52.5812 0.5029 0.0000 -0.0000 0.0000 77.9802 18.9829 79.3781 -129.4318 53.2221 -93.3714 0.0000 -0.0000 -28.7970 -52.7950 -1.7251 2.2708 7.1250 -0.0000 -0.0000 -20.8927 -32.2871 -6.9082
-4.8977 18.4479 3.2363 -150.9920 -83.1972 158.0020 0.0000 0.0000 0.0000 -1.9453 -8.4808 -21.1001 2.1303 9.1323 26.2102 -0.0088 6.0782 -8.4259 1.4767 -7.6784 -21.7416 0.0000 0.0000 0.0000 13.3686 25.9909 0.7896 -1.1345 -6.7645 19.0196 -1.1676 1.7591 -19.9185 -0.1164 2.2000 -6.0586 -1.0433 1.1729 9.1842 -1.5790 1.2767 4.3760 -1.1630 0.5663 -0.6010 -0.8808 7.9434 -9.1359 7.5290 8.5035 28.0359 3.6685 4.3641 9.9909 -0.0000 0.0000 0.0000 -65.6913 -24.2705 17.8782 8.4569 -14.2907 -1.0621 -0.0000 -0.0000 32.0423 31.6402 20.0725 11.9408 -7.1250 0.0000 -0.0000 3.3670 53.1779 0.6779 -0.0000 0.0000 0.0000 78.1605 19.0075 79.0041 -129.0834 53.3586 -93.0921 0.0000 -0.0000 -27.7587 -53.4606 -2.0170 2.7192 7.1250 -0.0000 -0.0000 -21.5150 -32.7542 -6.8797
-5.0528 18.4404 3.6439 -149.5560 -82.0848 157.4400 0.0000 0.0000 0.0000 -2.6061 -7.1593 -23.3561 2.5526 9.9328 28.7595 0.1167 4.6939 -9.8457 1.3756 -7.4222 -20.9723 0.0000 0.0000 0.0000 12.6363 25.2267 -1.1058 -1.2517 -7.0930 19.9911 -1.0766 -0.1185 -19.6638 -0.1772 2.7116 -7.4768 -1.9257 1.5823 9.6653 -1.7688 1.7146 4.3014 -0.9199 0.7715 -0.9558 -1.0553 7.9375 -8.7717 7.7771 8.5526 26.8255 3.7043 4.4190 9.4593 0.0000 -0.0000 0.0000 -65.8385 -26.0323 15.2191 8.0008 -13.5542 -0.9523 -0.0000 -0.0000 33.7786 32.5021 19.4651 11.9865 -7.1250 0.0000 -0.0000 4.3633 52.6651 0.8243 0.0000 -0.0000 0.0000 78.6475 18.2688 78.0475 -129.4960 53.1968 -93.4228 0.0000 -0.0000 -26.6159 -53.6909 -2.3353 3.1739 7.1250 -0.0000 -0.0000 -21.8120 -33.2588 -6.7001
-5.1681 18.4593 4.0369 -147.8570 -80.3071 156.7040 0.0000 0.0000 0.0000 -2.5433 -6.3989 -24.5354 2.7614 10.2985 29.9487 0.2174 3.8718 -11.1042 1.0068 -6.3846 -17.9045 0.0000 0.0000 0.0000 12.3911 25.0176 -3.3032 -1.3888 -7.4561 21.0740 -0.8750 -2.1872 -18.5890 -0.2430 3.1722 -8.7585 -2.6570 1.9268 10.3002 -2.0853 2.0488 4.3639 -0.8915 0.9231 -1.2505 -0.5179 8.2298 -8.7354 7.5180 9.0101 25.6770 3.5145 4.6765 9.0731 0.0000 -0.0000 0.0000 -64.7035 -27.5388 13.2620 7.8416 -13.2958 -0.9154 -0.0000 -0.0000 35.1293 31.5962 19.2405 11.4586 -7.1250 0.0000 -0.0000 3.4376 52.2302 0.6124 0.0000 -0.0000 0.0000 80.2978 17.8614 78.0895 -129.7961 53.0774 -93.6629 0.0000 -0.0000 -25.1596 -55.0331 -1.5787 2.2560 7.1250 -0.0000 -0.0000 -22.5732 -32.0904 -7.6613
-5.2587 18.5106 4.4013 -148.5320 -78.6572 158.5680 0.0000 0.0000 0.0000 -2.9879 -5.9661 -25.4287 2.8116 10.3836 30.2282 0.2702 4.2806 -12.3436 0.8273 -5.8029 -16.2135 0.0000 0.0000 0.0000 11.5567 25.2244 -6.0858 -1.5734 -7.9144 22.4545 -0.6760 -3.8409 -17.3971 -0.1222 2.2534 -6.2065 -3.8774 2.0660 10.5638 -2.3594 2.0735 4.4045 -0.5038 0.9160 -1.3832 -0.9398 8.6874 -8.4033 7.4019 9.8000 24.8716 3.5499 5.0029 8.6747 -0.0000 -0.0000 0.0000 -63.2896 -28.1037 13.1669 8.1470 -13.7908 -0.9869 -0.0000 -0.0000 33.0923 31.8305 19.0702 11.4652 -7.1250 0.0000 -0.0000 3.7051 52.0835 0.6469 -0.0000 -0.0000 0.0000 81.8713 17.8633 78.8409 -130.0697 52.9674 -93.8815 0.0000 -0.0000 -23.5694 -54.8917 -0.4301 0.6117 7.1250 -0.0000 -0.0000 -22.0286 -30.2398 -8.5126
-5.3179 18.5874 4.7327 -150.4020 -77.4502 161.8040 0.0000 0.0000 0.0000 -3.8504 -5.8060 -26.3372 2.7015 10.1954 29.6119 0.2602 5.0114 -12.7909 0.6117 -5.0056 -13.9246 0.0000 0.0000 0.0000 10.0432 26.6676 -8.9921 -1.8187 -8.4778 24.1749 -0.4389 -5.4841 -15.7282 -0.1063 2.1026 -5.7893 -5.1706 2.5877 11.0251 -3.2042 2.5317 4.5229 -0.7306 1.1160 -1.5339 -0.5242 8.6161 -8.8231 7.1531 9.7067 24.5383 3.4038 4.9790 8.6843 0.0000 -0.0000 0.0000 -61.0705 -29.8690 14.4980 8.3750 -14.1589 -1.0419 -0.0000 -0.0000 30.4889 31.8780 19.9413 11.9754 -7.1250 0.0000 -0.0000 3.6388 53.0781 0.7239 0.0000 -0.0000 0.0000 84.5597 18.2222 78.5658 -129.8819 53.0430 -93.7315 0.0000 -0.0000 -21.7734 -56.6222 -0.2316 0.3516 7.1250 -0.0000 -0.0000 -23.2317 -29.8684 -9.2802
-5.3615 18.6787 5.0576 -149.8780 -76.0088 162.4890 0.0000 0.0000 0.0000 -3.9950 -6.5603 -26.4737 2.5474 9.9236 28.7297 0.2044 6.9037 -13.7147 0.6713 -5.2392 -14.5921 0.0000 0.0000 0.0000 9.0059 28.3475 -11.4512 -1.9815 -8.8274 25.2568 -0.1509 -6.9826 -12.9325 -0.0726 1.7388 -4.7844 -5.7262 2.8502 11.8083 -3.7171 2.6954 4.6648 -1.0079 1.1776 -1.8147 -0.8260 8.7850 -9.1310 6.6092 10.1189 24.6525 3.3292 5.0868 8.7760 -0.0000 0.0000 0.0000 -59.5243 -31.4160 12.7606 8.4251 -14.2396 -1.0542 -0.0000 -0.0000 30.5882 32.2629 21.6655 13.1190 -7.1250 0.0000 -0.0000 3.7932 55.1032 0.9420 -0.0000 0.0000 0.0000 86.6367 19.2713 79.4064 -129.8487 53.0563 -93.7050 0.0000 -0.0000 -19.5945 -59.2919 -1.0143 1.7071 7.1250 -0.0000 -0.0000 -25.5511 -31.1636 -9.5020
-5.4069 18.7703 5.3311 -146.3970 -74.0828 159.9670 0.0000 0.0000 0.0000 -2.9696 -6.9191 -26.4410 2.4428 9.7331 28.1167 0.0904 8.9199 -14.2487 0.7076 -5.3763 -14.9851 0.0000 0.0000 0.0000 9.4254 30.1849 -12.8139 -1.9684 -8.8000 25.1717 0.1535 -9.1969 -9.8039 -0.0316 1.1477 -3.1554 -5.6573 3.1800 12.4501 -3.9021 3.0464 4.9186 -1.3126 1.3342 -1.8920 -1.0520 9.0610 -9.0107 6.1719 10.6153 24.8450 3.2639 5.2389 8.8119 0.0000 0.0000 0.0000 -57.9861 -33.2301 10.4756 8.1153 -13.7396 -0.9793 -0.0000 -0.0000 30.8791 30.6902 17.8741 10.3243 -7.1250 0.0000 -0.0000 2.6824 50.5176 0.3650 0.0000 0.0000 0.0000 88.4319 20.6411 80.5934 -129.9897 52.9997 -93.8176 0.0000 -0.0000 -17.6726 -56.2277 0.3078 -0.4603 7.1250 -0.0000 -0.0000 -22.7289 -28.9862 -9.5701
-5.4501 18.8559 5.5763 -143.5100 -72.6734 157.9560 0.0000 0.0000 0.0000 -2.1831 -6.8786 -26.6747 2.3438 9.5482 27.5257 0.0445 9.7919 -14.6657 0.6743 -5.2508 -14.6252 0.0000 0.0000 0.0000 9.6296 31.7731 -13.7840 -1.8792 -8.6097 24.5819 0.3647 -11.0379 -7.2367 -0.0022 0.3049 -0.8378 -6.0401 3.3027 12.7470 -3.8843 3.1184 5.3283 -1.0959 1.3389 -1.6438 -1.3245 9.4583 -9.2153 5.9313 11.2306 25.3425 3.3145 5.4548 8.9938 -0.0000 -0.0000 0.0000 -56.4717 -34.4247 10.1489 8.1736 -13.8338 -0.9932 -0.0000 -0.0000 29.2164 30.4790 17.5605 10.0692 -7.1250 0.0000 -0.0000 2.5086 50.1264 0.3172 -0.0000 -0.0000 0.0000 89.1934 22.7134 82.3690 -130.2115 52.9098 -93.9946 0.0000 -0.0000 -15.8880 -56.8700 -1.0103 1.5476 7.1250 -0.0000 -0.0000 -23.7398 -31.1666 -8.7042
-5.4892 18.9341 5.8237 -141.7430 -71.4222 156.9550 0.0000 0.0000 0.0000 -1.5431 -8.0012 -26.4076 2.2337 9.3367 26.8545 -0.0670 11.6638 -15.6313 0.5022 -4.5428 -12.6090 0.0000 0.0000 0.0000 9.5747 32.7411 -14.7018 -1.7804 -8.3927 23.9135 0.5430 -12.9376 -4.1803 -0.0093 0.6227 -1.7111 -6.2799 3.3829 13.4292 -4.1485 3.0861 5.4367 -1.2668 1.3086 -1.8934 -1.0993 9.8070 -9.2111 5.9883 11.5954 25.8348 3.3532 5.6222 9.1614 0.0000 -0.0000 0.0000 -55.1049 -35.1428 10.9406 8.3379 -14.0991 -1.0329 -0.0000 -0.0000 26.5682 30.3932 17.2340 9.8582 -7.1250 0.0000 -0.0000 2.4633 49.7437 0.2882 0.0000 -0.0000 0.0000 89.9696 24.3781 83.8212 -130.1936 52.9171 -93.9804 0.0000 -0.0000 -14.3777 -56.0585 -1.2952 1.9236 7.1250 -0.0000 -0.0000 -23.2451 -31.6390 -8.2029
-5.5330 18.9924 6.0374 -140.4280 -69.9662 156.3720 0.0000 0.0000 0.0000 -1.0918 -7.0520 -26.8516 2.1648 9.2012 26.4268 -0.0724 11.8191 -15.7843 0.3771 -3.9442 -10.9197 0.0000 0.0000 0.0000 9.6846 33.8171 -15.3871 -1.6687 -8.1390 23.1369 0.6436 -14.3999 -1.9187 -0.0001 -0.0691 0.1899 -6.5433 3.5073 13.7594 -4.5566 3.1304 5.5083 -1.5720 1.3144 -1.9863 -0.5907 10.0950 -9.2191 6.1670 11.8229 25.8351 3.3548 5.7818 9.1784 0.0000 0.0000 0.0000 -53.6236 -35.7865 11.9850 8.4670 -14.3070 -1.0646 -0.0000 -0.0000 23.8830 30.3630 17.6113 10.0511 -7.1250 0.0000 -0.0000 2.3850 50.1632 0.3037 0.0000 0.0000 0.0000 90.5352 26.2363 85.0064 -130.0049 52.9935 -93.8297 0.0000 -0.0000 -13.1669 -55.9204 -1.2304 1.8179 7.1250 -0.0000 -0.0000 -23.1137 -31.5319 -8.2142
-5.5841 19.0516 6.2165 -140.5080 -68.5907 156.6650 0.0000 0.0000 0.0000 -1.0007 -6.6859 -26.2619 2.0556 8.9810 25.7358 -0.1463 12.8141 -16.2406 0.3194 -3.6329 -10.0461 0.0000 0.0000 0.0000 9.7544 35.1085 -15.3241 -1.5689 -7.9037 22.4219 0.7785 -16.1246 -0.8667 -0.0109 -0.6726 1.8484 -7.4377 4.0182 14.1288 -5.2406 3.5464 5.6477 -1.8847 1.4822 -2.0509 0.7035 10.0272 -9.0155 6.2996 11.4442 25.3669 3.1335 5.7358 9.0788 -0.0000 -0.0000 0.0000 -52.6929 -36.5625 16.6921 9.1600 -15.4151 -1.2423 -0.0000 -0.0000 15.9964 34.5161 20.6516 13.6332 -7.1250 0.0000 -0.0000 6.4116 54.4465 1.4928 -0.0000 -0.0000 0.0000 90.9942 27.6140 84.9343 -130.4994 52.7921 -94.2241 0.0000 -0.0000 -12.1030 -56.1288 -1.4100 2.0994 7.1250 -0.0000 -0.0000 -23.3460 -31.8284 -8.1276
-5.6274 19.0695 6.4439 -140.1430 -67.1104 157.1170 0.0000 0.0000 0.0000 -0.6594 -6.2677 -26.9091 2.0673 9.0049 25.8107 -0.1492 13.1935 -16.8063 0.2391 -3.1466 -8.6872 0.0000 0.0000 0.0000 9.4629 35.1166 -16.6377 -1.4683 -7.6575 21.6784 0.7797 -17.0274 1.4563 -0.0271 -1.0629 2.9219 -7.7893 4.2697 13.9298 -5.3452 3.8287 5.5263 -1.8413 1.6167 -2.0929 -0.0995 9.8806 -9.0843 6.9591 11.2311 25.2527 3.4477 5.6322 8.9544 0.0000 -0.0000 0.0000 -54.3640 -38.3032 15.6777 9.3127 -15.6574 -1.2832 -0.0000 -0.0000 15.9024 34.2986 20.7065 13.5599 -7.1250 0.0000 -0.0000 6.1661 54.4616 1.4376 0.0000 -0.0000 0.0000 89.6467 28.2092 83.3041 -132.1772 52.0787 -95.5541 0.0000 -0.0000 -11.8415 -56.9230 -2.8487 4.3635 7.1250 -0.0000 -0.0000 -24.5920 -34.2362 -7.0554
-5.6685 19.0899 6.6292 -139.2600 -66.0158 156.2740 0.0000 0.0000 0.0000 -0.2923 -6.0281 -26.7002 2.0614 8.9928 25.7729 -0.1885 13.6253 -16.9488 0.2509 -3.2231 -8.9006 0.0000 0.0000 0.0000 10.0045 35.3139 -16.7581 -1.4291 -7.5591 21.3827 0.8312 -18.1131 2.6103 -0.0593 -1.5714 4.3225 -8.1197 4.4818 14.5087 -5.5685 3.9385 5.5196 -1.9547 1.6593 -2.4177 -0.4586 9.7906 -8.9804 7.4843 11.0432 25.0879 3.6408 5.5619 8.8240 0.0000 0.0000 0.0000 -56.9224 -40.7797 11.8060 9.3151 -15.6612 -1.2839 -0.0000 -0.0000 19.8797 30.1693 19.9892 11.2390 -7.1250 0.0000 -0.0000 1.8267 52.7895 0.3502 0.0000 0.0000 0.0000 88.6940 27.7320 79.7064 -133.1149 51.6592 -96.2918 0.0000 -0.0000 -12.7745 -59.2197 -5.8310 9.6792 7.1250 -0.0000 -0.0000 -28.1133 -39.5142 -4.1944
-5.7216 19.1062 6.7975 -138.0930 -65.8250 155.0630 0.0000 0.0000 0.0000 -0.1558 -7.1058 -26.0248 2.0258 8.9195 25.5440 -0.1826 13.9959 -17.6332 0.1261 -2.2887 -6.3041 0.0000 0.0000 0.0000 10.3620 35.1093 -16.8918 -1.4411 -7.5894 21.4738 0.8663 -19.1475 3.8438 -0.0803 -1.8285 5.0319 -8.2948 4.3261 15.1390 -6.0429 3.5612 5.4472 -2.3399 1.4688 -2.8017 -0.2323 9.8781 -8.2120 7.5322 11.1163 24.5834 3.5519 5.6102 8.5189 -0.0000 -0.0000 0.0000 -59.5084 -43.1814 11.4409 9.2351 -15.5343 -1.2623 -0.0000 -0.0000 21.0176 31.0669 21.2806 12.3337 -7.1250 0.0000 -0.0000 2.5541 54.4138 0.5911 -0.0000 -0.0000 0.0000 87.1222 25.8469 74.8742 -134.5894 50.9680 -97.4428 0.0000 -0.0000 -14.9833 -60.9352 -7.3615 12.9820 7.1250 -0.0000 -0.0000 -30.7677 -42.4840 -2.1342
-5.7681 19.1341 6.9265 -136.2100 -66.0360 153.2840 0.0000 0.0000 0.0000 0.0089 -7.6253 -25.6935 1.9505 8.7621 25.0541 -0.1808 13.8604 -17.4389 0.1180 -2.2144 -6.0985 0.0000 0.0000 0.0000 10.9142 34.6135 -17.4830 -1.5663 -7.8974 22.4027 0.9326 -20.0507 4.3274 -0.1625 -2.5972 7.1592 -8.6729 4.0537 15.6100 -6.2489 3.0511 5.2756 -2.2920 1.2253 -3.2330 -0.7963 9.9401 -7.9905 7.9524 11.1711 24.7759 3.7707 5.6111 8.4712 -0.0000 -0.0000 0.0000 -62.6148 -44.0748 15.6018 10.0648 -16.8408 -1.4937 -0.0000 -0.0000 21.3152 32.3547 23.1807 14.0023 -7.1250 0.0000 -0.0000 3.6252 56.8234 1.0514 -0.0000 -0.0000 0.0000 86.0388 23.1559 69.2560 -136.3456 50.0920 -98.7986 0.0000 -0.0000 -16.2888 -60.6273 -8.2423 14.2898 7.1250 -0.0000 -0.0000 -31.1020 -43.8964 -0.9448
-5.8434 19.1537 7.0306 -133.6690 -66.5132 150.9640 0.0000 0.0000 0.0000 0.1848 -8.1839 -25.4818 1.8731 8.5965 24.5412 -0.2314 13.8177 -16.6534 0.2457 -3.1896 -8.8071 0.0000 0.0000 0.0000 11.6825 33.2600 -18.3025 -1.7089 -8.2314 23.4193 1.0140 -20.7985 4.3829 -0.3220 -3.6473 10.0865 -8.3314 3.9895 15.5432 -6.9281 2.9586 5.1279 -3.1919 1.1806 -3.3009 1.0834 9.7461 -6.7645 7.2145 10.7651 24.2086 3.1136 5.4910 8.2569 -0.0000 -0.0000 0.0000 -65.2403 -44.7301 23.3878 11.1774 -18.5596 -1.8320 -0.0000 -0.0000 20.0715 31.8990 23.9422 14.1757 -7.1250 0.0000 -0.0000 2.9465 57.5653 0.9070 -0.0000 -0.0000 0.0000 84.2693 19.9424 63.8679 -139.5885 48.3118 -101.2541 0.0000 -0.0000 -17.6427 -59.3764 -8.5004 14.0206 7.1250 -0.0000 -0.0000 -29.9835 -43.9950 -0.8224
-5.9046 19.1680 7.1304 -129.7210 -67.9425 147.1040 0.0000 0.0000 0.0000 0.2555 -9.9034 -25.0425 1.7658 8.3602 23.8135 -0.2232 13.4942 -16.2236 0.2413 -3.1614 -8.7285 0.0000 0.0000 0.0000 12.2380 31.1724 -18.9081 -1.8512 -8.5491 24.3947 1.0544 -21.0250 4.1892 -0.5911 -4.9221 13.6866 -7.6601 3.7097 16.2952 -7.3307 2.5602 5.0024 -3.9706 0.9973 -3.7883 2.0453 9.5563 -6.7058 7.5203 10.2050 24.8314 3.0476 5.3202 8.5275 0.0000 0.0000 0.0000 -67.7906 -44.9364 33.2772 12.6023 -20.7017 -2.3108 -0.0000 -0.0000 17.2573 31.9475 25.5837 15.0715 -7.1250 0.0000 -0.0000 2.6051 59.3940 0.9162 0.0000 0.0000 0.0000 83.1183 16.1325 59.3135 -141.6631 47.0531 -102.7882 0.0000 -0.0000 -15.4424 -60.0784 -7.2451 12.3598 7.1250 -0.0000 -0.0000 -29.8340 -42.0810 -2.3862
-5.9895 19.2123 7.2307 -126.4870 -69.0007 143.8720 0.0000 0.0000 0.0000 0.0833 -11.2695 -24.3368 1.6779 8.1603 23.2019 -0.1208 12.8384 -16.6489 0.0694 -1.6997 -4.6764 0.0000 0.0000 0.0000 12.5566 29.9878 -18.6694 -1.8536 -8.5542 24.4105 0.9502 -20.3097 4.4921 -0.6626 -5.2061 14.4973 -6.6693 3.1726 16.4633 -7.7354 1.9688 4.5972 -4.8697 0.7290 -4.2720 2.6197 9.6794 -5.3361 7.8037 10.1669 25.1853 2.9833 5.3307 8.4240 0.0000 -0.0000 0.0000 -68.3487 -43.7108 41.5636 14.4710 -23.4040 -3.0127 -0.0000 -0.0000 16.5018 32.5663 26.4907 15.9019 -7.1250 0.0000 -0.0000 3.1058 60.5514 1.1783 0.0000 -0.0000 0.0000 81.0305 11.9710 56.2403 -145.2766 44.6136 -105.3812 0.0000 -0.0000 -15.2194 -57.1733 -2.9382 4.5429 7.1250 -0.0000 -0.0000 -24.8340 -34.4005 -7.0278
-6.0778 19.2087 7.3260 -121.8940 -69.9178 139.4420 0.0000 0.0000 0.0000 0.4152 -12.9985 -23.9474 1.6039 7.9872 22.6752 -0.1837 13.0369 -16.0479 0.1097 -2.1352 -5.8793 0.0000 0.0000 0.0000 13.1979 27.5974 -18.9923 -1.8800 -8.6114 24.5872 0.7927 -18.8772 4.5357 -0.7040 -5.3628 14.9462 -6.7738 1.3237 15.9727 -6.3755 -0.1734 5.2313 -2.8815 -0.3036 -3.3940 -0.8717 10.8575 -7.5596 7.5260 12.3826 26.3649 3.7887 6.0478 8.9046 -0.0000 -0.0000 0.0000 -68.3352 -42.0128 41.2026 17.2785 -27.2235 -4.2140 -0.0000 -0.0000 16.0698 34.6197 26.8096 17.2951 -7.1250 0.0000 -0.0000 5.5815 61.4473 2.2388 -0.0000 -0.0000 0.0000 77.4348 12.4516 55.1757 -148.2821 42.3211 -107.4495 0.0000 -0.0000 -17.5596 -54.3005 -0.1725 0.2401 7.1250 -0.0000 -0.0000 -21.4950 -29.8421 -8.4982
-6.1809 19.2342 7.4062 -121.8260 -70.3920 138.8840 0.0000 0.0000 0.0000 -0.4271 -14.0120 -22.3100 1.4766 7.6783 21.7411 -0.2350 13.7003 -16.3990 0.0940 -1.9769 -5.4418 0.0000 0.0000 0.0000 13.1901 26.2962 -18.3847 -1.8526 -8.5521 24.4040 0.8942 -19.5940 4.1521 -0.9025 -6.0541 16.9416 -6.7437 1.2443 15.7531 -6.2034 -0.2193 5.3183 -2.7013 -0.3269 -3.1830 -0.9988 10.9195 -7.7349 7.3355 12.4861 27.1219 3.8078 6.0402 9.2017 0.0000 0.0000 0.0000 -69.6386 -39.6111 43.4314 20.9953 -31.8229 -6.0475 -0.0000 -0.0000 15.5061 31.4702 24.4353 14.2086 -7.1250 0.0000 -0.0000 2.3381 58.0096 0.7446 0.0000 0.0000 0.0000 76.7022 11.1691 50.4027 -151.0654 39.9625 -109.2813 0.0000 -0.0000 -21.4047 -52.1296 0.7763 -0.9982 7.1250 -0.0000 -0.0000 -19.5785 -28.4469 -8.3427
-6.2760 19.2534 7.4749 -121.8860 -70.0890 138.6710 0.0000 0.0000 0.0000 -0.7856 -13.5364 -21.6457 1.4577 7.6309 21.5985 -0.2000 13.6090 -16.7579 0.0452 -1.3727 -3.7748 0.0000 0.0000 0.0000 13.6820 25.8037 -17.6638 -1.7658 -8.3603 23.8139 1.1612 -21.8403 4.0851 -1.1342 -6.7639 19.0177 -6.4886 1.2373 15.2874 -5.8265 -0.0939 5.1177 -2.4592 -0.2477 -3.1463 -0.6717 10.9122 -7.3104 6.9595 12.4500 27.6098 3.6302 5.9865 9.3531 0.0000 0.0000 0.0000 -70.7311 -36.7072 45.6305 24.6929 -35.8885 -8.1092 -0.0000 -0.0000 13.3583 33.8616 26.0372 16.4117 -7.1250 0.0000 -0.0000 4.8083 60.3851 1.8065 0.0000 0.0000 0.0000 77.2812 10.3444 46.6412 -153.5428 37.6566 -110.8345 0.0000 -0.0000 -24.3246 -50.5826 0.1310 -0.1594 7.1250 -0.0000 -0.0000 -18.6225 -29.4864 -7.4028
-6.3592 19.2511 7.5454 -123.8730 -70.1431 140.2540 0.0000 0.0000 0.0000 -1.8527 -12.9585 -20.8118 1.3917 7.4637 21.0967 -0.1996 13.5609 -16.6839 0.0797 -1.8210 -5.0111 0.0000 0.0000 0.0000 13.2766 25.0744 -17.2521 -1.7175 -8.2511 23.4795 1.3898 -23.5512 4.0317 -1.3246 -7.2889 20.5741 -6.3175 1.7100 14.9561 -5.8994 0.5714 4.9114 -2.7477 0.0856 -3.1866 0.2244 10.3822 -6.8100 6.9068 11.5353 27.8084 3.3809 5.6311 9.4436 -0.0000 -0.0000 0.0000 -71.9829 -34.1229 46.9127 27.9043 -39.0280 -10.0634 -0.0000 -0.0000 12.2599 37.3164 29.1962 20.3964 -7.1250 0.0000 -0.0000 8.6838 64.8741 4.1897 -0.0000 -0.0000 0.0000 78.6697 9.6439 42.0371 -155.1350 36.0657 -111.7897 0.0000 -0.0000 -28.8103 -49.9010 -0.6709 0.7967 7.1250 -0.0000 -0.0000 -18.3325 -30.6898 -6.7181
-6.4369 19.2605 7.6012 -127.1930 -70.3471 142.9730 0.0000 0.0000 0.0000 -3.5687 -11.4115 -20.2585 1.3569 7.3736 20.8270 -0.1574 12.8895 -16.1991 0.1039 -2.0785 -5.7226 0.0000 0.0000 0.0000 12.4823 24.5191 -16.7683 -1.6784 -8.1614 23.2054 1.5135 -24.6842 4.4889 -1.3683 -7.4033 20.9157 -6.2288 2.7095 14.8772 -6.2281 1.8477 4.6556 -3.3807 0.7133 -3.3965 1.7703 9.3298 -5.7113 6.6936 9.8929 27.3748 2.8475 4.9988 9.2693 0.0000 0.0000 0.0000 -72.6067 -31.5060 48.7594 31.1441 -41.8541 -12.1659 -0.0000 -0.0000 12.2002 38.4151 31.5505 22.5359 -7.1250 0.0000 -0.0000 9.8169 67.8250 5.4060 0.0000 0.0000 0.0000 80.9531 8.7242 37.4225 -155.6050 35.5792 -112.0648 0.0000 -0.0000 -31.9435 -48.8118 -1.6056 1.8340 7.1250 -0.0000 -0.0000 -17.7420 -32.0532 -5.8696
-6.4874 19.2640 7.6464 -129.2470 -70.2356 144.6850 0.0000 0.0000 0.0000 -4.5228 -10.1468 -20.3007 1.3943 7.4703 21.1163 -0.0711 12.2112 -16.3951 0.0527 -1.4814 -4.0744 0.0000 0.0000 0.0000 12.0820 25.7810 -15.7713 -1.6001 -7.9780 22.6472 1.8574 -26.2552 3.2321 -1.5301 -7.8097 22.1375 -6.4623 2.8711 14.8426 -5.4674 2.1039 4.7734 -2.4803 0.8449 -3.2862 0.4134 9.0964 -6.2515 6.3562 9.9226 27.2981 2.9767 4.8752 9.2677 0.0000 0.0000 0.0000 -73.1576 -29.2105 46.8656 33.5423 -43.7427 -13.7956 -0.0000 -0.0000 11.5570 38.3759 34.8895 24.3690 -7.1250 0.0000 -0.0000 8.7219 71.4642 5.5096 0.0000 0.0000 0.0000 80.1072 9.2270 37.7369 -155.0599 36.1427 -111.7455 0.0000 -0.0000 -34.1670 -48.6910 -1.7038 1.9378 7.1250 -0.0000 -0.0000 -17.6731 -32.1935 -5.7820
-6.5196 19.2391 7.6692 -131.5790 -70.0138 146.7340 0.0000 0.0000 0.0000 -5.3937 -8.7242 -20.6182 1.4496 7.6107 21.5376 -0.0337 11.6988 -16.1722 0.1122 -2.1596 -5.9468 0.0000 0.0000 0.0000 11.8221 26.6476 -15.2891 -1.5956 -7.9674 22.6150 1.9898 -26.1172 1.1592 -1.1986 -6.9465 19.5570 -6.8484 2.9998 14.8449 -4.7281 2.2820 5.0820 -1.5052 0.9223 -3.0052 -1.0355 9.0107 -7.0815 6.0575 10.2049 27.0192 3.1635 4.8735 9.2348 0.0000 0.0000 0.0000 -73.7785 -27.6150 43.1302 34.1327 -44.1828 -14.2055 -0.0000 -0.0000 11.8000 36.9053 36.3838 24.0114 -7.1250 0.0000 -0.0000 5.3552 72.5780 3.5090 0.0000 0.0000 0.0000 80.0211 10.3987 39.7057 -153.8202 37.3857 -111.0034 0.0000 -0.0000 -35.0868 -48.8020 -1.8971 2.1658 7.1250 -0.0000 -0.0000 -17.8117 -32.4745 -5.7044
-6.5299 19.2190 7.6738 -133.3590 -69.6197 148.3850 0.0000 0.0000 0.0000 -5.8574 -7.4858 -21.2829 1.5651 7.8944 22.3937 0.0232 11.3278 -16.4500 0.1267 -2.2949 -6.3214 0.0000 0.0000 0.0000 12.0311 27.3336 -15.4676 -1.6717 -8.1458 23.1578 2.1972 -26.9727 0.2687 -1.0234 -6.4354 18.0532 -6.7489 3.3693 14.9888 -4.3554 2.7892 5.2871 -1.2584 1.1626 -2.8911 -1.7172 8.5043 -7.3185 5.8502 9.7552 26.3523 3.1494 4.6180 9.0330 -0.0000 -0.0000 0.0000 -73.8920 -26.6463 39.8853 33.2933 -43.5543 -13.6237 -0.0000 -0.0000 11.6539 36.6943 36.9962 24.1537 -7.1250 0.0000 -0.0000 4.5771 73.1542 3.0560 -0.0000 -0.0000 0.0000 80.2606 10.8829 42.8881 -152.2430 38.8916 -110.0292 0.0000 -0.0000 -35.0263 -48.5791 -2.0942 2.3718 7.1250 -0.0000 -0.0000 -17.6871 -32.7541 -5.5354
-6.5156 19.1787 7.6688 -135.3630 -69.6328 150.1690 0.0000 0.0000 0.0000 -6.6758 -6.0785 -22.2822 1.7127 8.2400 23.4456 0.1328 10.2140 -16.4889 0.1385 -2.3989 -6.6094 0.0000 0.0000 0.0000 12.1134 27.3050 -15.9842 -1.8562 -8.5600 24.4283 2.5329 -28.2394 -1.3069 -1.0183 -6.4199 18.0076 -6.6185 3.6595 15.6029 -4.5340 3.0896 5.4947 -1.6002 1.2950 -2.9908 -2.1579 8.0205 -7.4574 6.3181 9.1218 25.6039 3.2985 4.3653 8.7726 -0.0000 -0.0000 0.0000 -73.0865 -26.3645 36.5826 31.3460 -42.0195 -12.3008 -0.0000 -0.0000 11.8603 35.2303 36.5897 22.8292 -7.1250 0.0000 -0.0000 2.3000 72.2345 1.4888 -0.0000 -0.0000 0.0000 81.2899 11.2557 46.7379 -150.2578 40.6714 -108.7588 0.0000 -0.0000 -34.2839 -49.3731 -1.2200 1.4217 7.1250 -0.0000 -0.0000 -18.0769 -31.4972 -6.2458
-6.4797 19.1223 7.6431 -137.5470 -69.5126 152.3600 0.0000 0.0000 0.0000 -7.1304 -5.5042 -23.4341 1.9091 8.6741 24.7809 0.2263 9.6408 -17.0317 0.0990 -2.0291 -5.5862 0.0000 0.0000 0.0000 12.1591 27.4295 -16.9639 -2.0763 -9.0233 25.8682 2.8850 -29.5553 -2.7458 -0.7498 -5.5309 15.4292 -7.1480 3.8576 16.2674 -4.6195 3.1611 5.6206 -1.4443 1.3137 -3.2331 -2.2565 7.6880 -7.2888 5.8753 8.8605 24.5826 3.0978 4.2261 8.4239 -0.0000 -0.0000 0.0000 -71.9340 -26.6302 33.5763 28.8245 -39.8643 -10.6481 -0.0000 -0.0000 11.6716 34.7235 35.8132 22.0740 -7.1250 0.0000 -0.0000 2.0103 71.2513 1.2577 -0.0000 -0.0000 0.0000 81.6931 12.0248 50.4998 -148.0666 42.4940 -107.3042 0.0000 -0.0000 -34.1237 -49.7594 -0.9989 1.1801 7.1250 -0.0000 -0.0000 -18.3151 -31.1734 -6.4866
-6.4427 19.0882 7.6202 -139.4980 -68.8296 154.5390 0.0000 0.0000 0.0000 -7.2295 -4.5401 -24.7881 2.1308 9.1333 26.2132 0.3307 8.9593 -17.5823 0.0658 -1.6546 -4.5521 0.0000 0.0000 0.0000 12.4168 28.4782 -17.8842 -2.2225 -9.3149 26.7853 3.3440 -31.1912 -4.4562 -0.7870 -5.6634 15.8107 -7.2007 4.2161 16.7160 -5.1143 3.4965 5.6458 -2.0345 1.4640 -3.4248 -2.9360 7.4244 -8.1009 7.4080 8.2401 25.1565 3.7280 4.0211 8.6796 0.0000 0.0000 0.0000 -70.7858 -27.7597 31.6769 25.8601 -37.0702 -8.8032 -0.0000 -0.0000 11.8296 34.8499 35.2662 21.9018 -7.1250 0.0000 -0.0000 2.5776 70.7159 1.5821 0.0000 0.0000 0.0000 82.8345 12.5970 52.6626 -145.6254 44.3604 -105.6256 0.0000 -0.0000 -34.7964 -49.4074 -0.2722 0.3177 7.1250 -0.0000 -0.0000 -17.8465 -30.1116 -6.7836
-6.3854 19.0207 7.6346 -141.2270 -67.2329 156.4100 0.0000 0.0000 0.0000 -6.7158 -4.1544 -25.9393 2.4048 9.6627 27.8913 0.3607 9.4511 -18.4489 0.0943 -1.9800 -5.4503 0.0000 0.0000 0.0000 12.8104 29.2347 -19.0352 -2.3228 -9.5084 27.3990 3.5432 -32.1409 -3.9656 -0.5814 -4.8826 13.5740 -7.6542 4.6991 17.0360 -5.2143 3.9671 5.9063 -1.9989 1.6624 -3.3450 -3.0693 7.2539 -8.5439 7.1367 8.1473 24.8092 3.6593 3.9591 8.6563 0.0000 -0.0000 0.0000 -70.9933 -29.4510 29.7713 23.0869 -34.1837 -7.1870 -0.0000 -0.0000 12.1794 34.6148 34.5057 21.3560 -7.1250 0.0000 -0.0000 2.6695 69.8344 1.5860 0.0000 -0.0000 0.0000 82.6570 13.8346 54.5712 -143.7934 45.6548 -104.3299 0.0000 -0.0000 -34.7684 -50.9881 -2.4924 3.0726 7.1250 -0.0000 -0.0000 -19.7181 -33.4057 -5.9072
-6.3271 18.9865 7.6282 -143.0590 -65.5864 158.6010 0.0000 0.0000 0.0000 -6.2927 -3.4117 -27.2272 2.6777 10.1540 29.4770 0.4005 9.7942 -19.2527 0.0807 -1.8323 -5.0425 0.0000 0.0000 0.0000 12.7670 29.7441 -20.7937 -2.4657 -9.7752 28.2519 3.2107 -31.2855 -1.9077 -0.5877 -4.9085 13.6477 -8.2690 4.8385 17.0056 -5.9510 3.9411 5.8744 -2.4427 1.6232 -3.3487 -2.6088 7.5933 -8.1319 7.0580 8.5709 24.0664 3.5389 4.1953 8.3322 0.0000 0.0000 0.0000 -70.8367 -30.8351 28.2374 20.4796 -31.2158 -5.7779 -0.0000 -0.0000 12.4413 34.5060 33.1932 20.6236 -7.1250 0.0000 -0.0000 3.2162 68.3999 1.8071 0.0000 0.0000 0.0000 83.0445 14.4587 56.4709 -143.0843 46.1326 -103.8207 0.0000 -0.0000 -33.6022 -52.3903 -3.5608 4.6092 7.1250 -0.0000 -0.0000 -21.2043 -35.0859 -5.4791
-6.2825 18.9499 7.6289 -143.6190 -63.8670 158.9430 0.0000 0.0000 0.0000 -5.4088 -2.8466 -27.3953 2.8870 10.5098 30.6440 0.5228 9.6397 -20.3885 0.0183 -0.8744 -2.4033 0.0000 0.0000 0.0000 13.3509 30.1436 -21.6647 -2.6341 -10.0777 29.2287 2.6986 -29.4338 -0.2479 -0.5724 -4.8452 13.4677 -10.3630 4.0082 17.2618 -5.1128 2.5398 6.4268 -0.1010 0.8761 -2.9755 -5.7481 8.9270 -9.8645 6.9979 11.0958 24.3487 4.3063 5.1145 8.4049 -0.0000 -0.0000 0.0000 -72.5620 -31.8635 24.7636 18.4119 -28.6814 -4.7453 -0.0000 -0.0000 12.0214 34.9947 31.5730 20.1302 -7.1250 0.0000 -0.0000 4.6568 66.8015 2.4481 -0.0000 -0.0000 0.0000 80.2330 16.7524 60.9782 -143.4821 45.8661 -104.1069 0.0000 -0.0000 -30.7162 -52.0027 -3.7753 4.8177 7.1250 -0.0000 -0.0000 -20.9598 -35.3854 -5.2446
-6.2400 18.9164 7.6284 -143.5790 -62.3303 159.1380 0.0000 0.0000 0.0000 -4.2989 -2.5501 -27.9772 3.1054 10.8638 31.8219 0.5961 9.5732 -21.0567 0.0098 -0.6405 -1.7601 0.0000 0.0000 0.0000 13.4196 31.2158 -22.7521 -2.7811 -10.3320 30.0587 2.1862 -27.5383 1.8197 -0.5227 -4.6334 12.8660 -10.8870 4.1706 17.0042 -5.6120 2.6296 6.7967 -0.3461 0.8553 -2.4446 -5.3894 9.1424 -10.3702 7.4321 11.2821 23.8899 4.4125 5.3011 8.3197 0.0000 -0.0000 0.0000 -73.9575 -34.3199 27.2366 16.5192 -26.2195 -3.8725 -0.0000 -0.0000 11.4148 35.7845 30.0940 19.8713 -7.1250 0.0000 -0.0000 6.2914 65.4188 3.1097 0.0000 -0.0000 0.0000 78.4209 17.7852 59.9620 -144.7452 44.9932 -105.0068 0.0000 -0.0000 -27.9414 -51.7192 -4.6773 5.8990 7.1250 -0.0000 -0.0000 -21.0329 -36.7197 -4.5331
-6.2177 18.9069 7.6298 -143.1690 -61.6113 158.6680 0.0000 0.0000 0.0000 -3.5582 -2.6687 -27.9488 3.2053 11.0201 32.3478 0.5859 9.8225 -21.1926 0.0257 -1.0359 -2.8476 0.0000 0.0000 0.0000 13.1000 32.0630 -23.3266 -2.9527 -10.6181 31.0025 1.7696 -25.0717 1.9002 -0.9060 -6.0656 16.9750 -10.8103 4.2755 17.2860 -6.8291 2.5631 6.5232 -1.7030 0.8239 -2.8290 -2.6005 9.4008 -8.1550 7.5725 10.9411 23.1375 3.8298 5.3518 7.8611 0.0000 0.0000 0.0000 -74.6928 -35.7589 32.5329 15.0221 -24.1768 -3.2350 -0.0000 -0.0000 10.7969 32.5757 27.5148 16.4451 -7.1250 0.0000 -0.0000 2.8196 61.6799 1.1450 0.0000 0.0000 0.0000 78.4751 16.2240 57.9661 -145.7377 44.2781 -105.7041 0.0000 -0.0000 -26.0504 -51.6071 -4.0828 5.1344 7.1250 -0.0000 -0.0000 -20.7365 -35.8199 -4.9476
-6.2063 18.8874 7.6375 -142.4050 -61.6129 157.9880 0.0000 0.0000 0.0000 -3.0769 -3.3276 -28.1935 3.3365 11.2208 33.0283 0.5424 10.2893 -21.2203 0.0577 -1.5503 -4.2645 0.0000 0.0000 0.0000 12.6582 31.2640 -24.1164 -3.0362 -10.7534 31.4525 1.2110 -22.1304 3.9037 -0.7646 -5.5838 15.5816 -10.9750 3.5345 17.0718 -7.0218 1.6116 6.8568 -1.6088 0.3225 -2.3070 -3.6426 9.9522 -8.3148 8.3802 11.6562 23.4849 4.3164 5.6586 7.8315 -0.0000 0.0000 0.0000 -76.6569 -38.2545 35.7266 13.8631 -22.5387 -2.7754 -0.0000 -0.0000 11.7512 31.0039 25.4782 14.4942 -7.1250 0.0000 -0.0000 1.5208 59.0444 0.5220 -0.0000 0.0000 0.0000 76.2491 15.7771 55.7409 -147.0389 43.3001 -106.6046 0.0000 -0.0000 -25.6508 -53.2344 -4.7194 6.2840 7.1250 -0.0000 -0.0000 -22.3331 -36.9254 -4.7290
-6.2058 18.9066 7.6357 -140.9320 -61.9396 156.5240 0.0000 0.0000 0.0000 -2.5661 -3.8289 -28.1941 3.4064 11.3256 33.3859 0.5553 10.1936 -21.2522 0.0991 -2.0305 -5.5900 0.0000 0.0000 0.0000 12.2829 30.9388 -24.0391 -2.9647 -10.6376 31.0673 0.9359 -20.3985 4.8314 -0.8645 -5.9286 16.5774 -10.2577 2.9729 17.4872 -7.4196 0.9010 6.8426 -2.3020 -0.0082 -2.4950 -2.9113 10.2528 -8.0486 8.3509 11.8351 24.2489 4.2300 5.7518 8.0813 0.0000 0.0000 0.0000 -77.8846 -40.0653 40.8003 13.8585 -22.5320 -2.7736 -0.0000 -0.0000 12.9995 29.0808 25.8345 13.6234 -7.1250 0.0000 -0.0000 -0.8250 58.9645 -0.2816 0.0000 0.0000 0.0000 75.0784 14.4566 50.8039 -148.0933 42.4727 -107.3222 0.0000 -0.0000 -26.5269 -50.0793 -3.9791 4.7408 7.1250 -0.0000 -0.0000 -19.4339 -35.5576 -4.7356
-6.2208 18.9398 7.6126 -140.2460 -62.4333 155.6430 0.0000 0.0000 0.0000 -2.4883 -4.4440 -27.2839 3.2293 11.0572 32.4731 0.4778 10.6237 -20.9172 0.1232 -2.2626 -6.2320 0.0000 0.0000 0.0000 11.6513 30.8463 -23.5748 -2.8513 -10.4503 30.4477 0.5350 -17.8042 6.6856 -0.8541 -5.8940 16.4773 -9.8897 2.5883 18.0963 -7.5892 0.3481 6.6319 -2.5931 -0.2477 -3.0246 -2.5896 10.3910 -7.8062 8.3255 11.8605 25.1359 4.2056 5.7399 8.3603 0.0000 -0.0000 0.0000 -79.4669 -40.2471 44.9400 15.0105 -24.1607 -3.2302 -0.0000 -0.0000 13.1936 29.6673 25.8014 13.9248 -7.1250 0.0000 -0.0000 -0.1356 59.0705 -0.0466 0.0000 -0.0000 0.0000 73.9164 12.9266 45.3637 -149.7468 41.1094 -108.4243 0.0000 -0.0000 -30.1450 -47.8930 -2.3573 2.6057 7.1250 -0.0000 -0.0000 -17.2082 -33.1133 -5.2164
-6.2454 18.9602 7.5703 -139.2270 -62.9641 154.5190 0.0000 0.0000 0.0000 -2.1994 -5.1975 -26.2022 2.9619 10.6332 31.0526 0.3686 11.2141 -20.4291 0.1471 -2.4718 -6.8115 0.0000 0.0000 0.0000 11.3724 30.9450 -22.6305 -2.6723 -10.1447 29.4467 0.6491 -18.1034 5.5082 -0.7051 -5.3669 14.9581 -9.2127 2.3042 18.6320 -7.4065 0.0488 6.2785 -2.7211 -0.3423 -3.6829 -2.6823 10.3504 -7.6146 8.3833 11.6829 26.2369 4.2724 5.6020 8.7007 -0.0000 -0.0000 0.0000 -81.8046 -38.3686 47.3480 17.6275 -27.6776 -4.3748 -0.0000 -0.0000 12.3188 31.3772 26.3746 15.1588 -7.1250 0.0000 -0.0000 1.7007 60.1193 0.6274 -0.0000 -0.0000 0.0000 73.1314 11.3798 39.0158 -151.1640 39.8745 -109.3446 0.0000 -0.0000 -34.2661 -45.2736 -0.6866 0.6932 7.1250 -0.0000 -0.0000 -14.7642 -30.7508 -5.2967
-6.2778 18.9997 7.5189 -138.8830 -63.9281 153.8100 0.0000 0.0000 0.0000 -2.5195 -6.5119 -24.5785 2.6728 10.1456 29.4494 0.2864 11.8835 -20.3233 0.1131 -2.1682 -5.9708 0.0000 0.0000 0.0000 11.0202 29.5212 -21.6517 -2.4521 -9.7504 28.1721 0.7835 -18.2886 3.7434 -0.6296 -5.0771 14.1285 -9.1999 1.9831 19.0375 -6.9385 -0.3519 6.2314 -2.1390 -0.5132 -3.9345 -2.6184 10.4930 -7.4677 7.7830 11.9484 26.8612 4.1106 5.6414 8.9248 -0.0000 0.0000 0.0000 -83.1940 -36.0068 48.1551 21.1898 -32.0492 -6.1503 -0.0000 -0.0000 11.3689 31.1764 26.8262 15.2726 -7.1250 0.0000 -0.0000 1.3183 60.5613 0.5002 -0.0000 0.0000 0.0000 72.3537 10.4499 33.1135 -152.4077 38.7382 -110.1325 0.0000 -0.0000 -40.7797 -44.0971 0.2874 -0.2784 7.1250 -0.0000 -0.0000 -13.6640 -29.4404 -5.3211
-6.3140 19.0400 7.4399 -138.7600 -64.5630 153.8210 0.0000 0.0000 0.0000 -2.6484 -7.2312 -23.6099 2.4229 9.6963 27.9988 0.1930 12.5201 -20.0842 0.0926 -1.9623 -5.4013 0.0000 0.0000 0.0000 10.6329 29.0929 -20.8952 -2.1779 -9.2271 26.5085 1.0310 -19.7357 2.1887 -0.6227 -5.0497 14.0504 -8.8392 2.1257 18.2238 -6.6201 0.0831 6.3722 -2.0737 -0.3052 -3.3662 -2.4628 10.0331 -7.1632 7.9549 11.2484 26.7090 4.0660 5.3570 8.8553 0.0000 -0.0000 0.0000 -83.8849 -34.1200 50.9965 24.8886 -36.0899 -8.2242 -0.0000 -0.0000 10.2390 32.3911 29.0241 17.1082 -7.1250 0.0000 -0.0000 2.0760 63.2769 0.9209 0.0000 -0.0000 0.0000 72.5173 9.3639 27.4612 -153.8883 37.3189 -111.0447 0.0000 -0.0000 -43.9533 -41.9543 0.2127 -0.1912 7.1250 -0.0000 -0.0000 -12.0289 -29.5856 -4.6137
-6.3449 19.0676 7.3417 -139.4010 -65.2499 154.6750 0.0000 0.0000 0.0000 -3.1148 -7.4237 -22.9157 2.1839 9.2390 26.5459 0.1692 12.5658 -19.8797 0.0471 -1.4014 -3.8539 0.0000 0.0000 0.0000 9.9106 28.6251 -20.5515 -1.9367 -8.7330 24.9637 1.1804 -21.1187 2.4581 -0.6531 -5.1693 14.3921 -8.7076 2.2500 17.6779 -6.2727 0.3998 6.2308 -1.8288 -0.1323 -3.2397 -2.6956 9.6664 -6.9746 8.1066 10.7431 26.7528 4.1069 5.1195 8.8384 0.0000 -0.0000 0.0000 -84.5202 -31.6408 51.5711 28.3269 -39.4154 -10.3306 -0.0000 -0.0000 10.5822 36.8002 32.6993 22.0059 -7.1250 0.0000 -0.0000 6.9433 68.5829 3.9356 0.0000 -0.0000 0.0000 72.5198 8.4037 23.5901 -155.3098 35.8857 -111.8924 0.0000 -0.0000 -47.3539 -40.1850 0.0940 -0.0794 7.1250 -0.0000 -0.0000 -10.6769 -29.7700 -4.0297
-6.3687 19.0930 7.2287 -139.0610 -65.8831 154.7100 0.0000 0.0000 0.0000 -3.0174 -7.5460 -22.7120 2.0300 8.9283 25.5714 0.1446 12.5150 -19.5403 0.0623 -1.6100 -4.4289 0.0000 0.0000 0.0000 9.7801 28.0763 -20.2338 -1.6856 -8.1781 23.2562 1.1346 -21.5363 3.9307 -0.5266 -4.6503 12.9138 -8.2176 2.2114 17.1624 -5.8151 0.5759 6.0672 -1.6357 -0.0184 -3.1489 -2.6053 9.3270 -6.6708 7.7941 10.3432 26.6311 3.9382 4.9178 8.7920 -0.0000 -0.0000 0.0000 -83.9875 -28.5042 49.8757 32.4404 -42.8955 -13.0396 -0.0000 -0.0000 11.5273 35.6601 33.3841 21.5448 -7.1250 0.0000 -0.0000 4.8840 68.9668 2.8081 -0.0000 -0.0000 0.0000 72.9302 7.7049 21.1867 -155.6435 35.5390 -112.0872 0.0000 -0.0000 -50.4547 -39.2814 -0.7829 0.6403 7.1250 -0.0000 -0.0000 -10.0868 -30.8987 -3.5239
-6.3843 19.1101 7.0934 -140.0940 -66.6105 155.8680 0.0000 0.0000 0.0000 -3.5612 -7.3730 -22.5091 1.9044 8.6641 24.7501 0.0517 12.9133 -18.9890 0.1107 -2.1448 -5.9060 0.0000 0.0000 0.0000 9.1674 28.4574 -19.6539 -1.4954 -7.7248 21.8813 1.0471 -20.8850 4.0582 -0.3776 -3.9465 10.9263 -8.2079 2.4916 16.9481 -5.4573 1.0134 6.0526 -1.3407 0.2026 -3.0692 -2.8840 8.7993 -6.5916 7.4556 9.7899 26.3625 3.8153 4.6238 8.7216 0.0000 -0.0000 0.0000 -83.0251 -26.2168 48.7147 35.6651 -45.2812 -15.2840 -0.0000 -0.0000 11.4979 35.1390 33.8962 21.4309 -7.1250 0.0000 -0.0000 3.8235 69.3518 2.2308 0.0000 -0.0000 0.0000 73.4991 7.3659 20.9648 -155.7784 35.3977 -112.1655 0.0000 -0.0000 -51.5693 -39.1027 -1.4702 1.1946 7.1250 -0.0000 -0.0000 -10.0307 -31.7710 -3.2904
-6.3731 19.1046 6.9392 -141.4920 -67.2823 157.3380 0.0000 0.0000 0.0000 -4.0579 -6.7239 -22.6265 1.8293 8.5011 24.2466 0.0944 12.3010 -18.6793 0.1040 -2.0799 -5.7266 0.0000 0.0000 0.0000 8.6106 28.8192 -19.7143 -1.4375 -7.5803 21.4465 0.8808 -19.0929 3.5220 -0.2513 -3.2253 8.9067 -8.1506 2.9364 16.7963 -5.2585 1.6423 6.2406 -1.2767 0.4990 -2.8133 -3.1267 8.0411 -6.6839 7.2454 8.9070 25.9398 3.7089 4.2027 8.6435 -0.0000 -0.0000 0.0000 -81.7804 -24.9841 46.7476 37.0628 -46.2302 -16.2854 -0.0000 -0.0000 11.8747 35.4896 33.5011 21.4822 -7.1250 0.0000 -0.0000 4.5646 69.0387 2.6316 -0.0000 -0.0000 0.0000 74.6418 7.0700 22.6233 -155.6231 35.5603 -112.0753 0.0000 -0.0000 -51.2348 -38.8706 -1.7015 1.3711 7.1250 -0.0000 -0.0000 -9.8732 -32.0614 -3.1674
-6.3402 19.0715 6.7687 -142.5400 -68.3382 158.1170 0.0000 0.0000 0.0000 -4.5385 -6.2066 -22.9287 1.8571 8.5618 24.4339 0.2004 11.0315 -18.3458 0.0744 -1.7601 -4.8432 0.0000 0.0000 0.0000 8.3282 29.0760 -19.6373 -1.4798 -7.6861 21.7645 0.8654 -17.6551 0.9553 -0.1751 -2.6951 7.4311 -8.5094 3.2832 17.7473 -4.7046 1.9486 6.3953 -0.5819 0.6456 -3.1870 -3.9607 7.2440 -6.7428 6.8921 8.1049 25.4664 3.6529 3.7527 8.5158 0.0000 -0.0000 0.0000 -80.8122 -24.3430 43.7361 36.6734 -45.9707 -16.0048 -0.0000 -0.0000 12.4711 37.4923 34.5392 23.5057 -7.1250 0.0000 -0.0000 7.3366 70.7983 4.5233 0.0000 -0.0000 0.0000 75.2512 7.2306 26.8719 -154.7559 36.4525 -111.5655 0.0000 -0.0000 -49.4371 -39.5433 -1.3576 1.1206 7.1250 -0.0000 -0.0000 -10.3673 -31.6316 -3.4394
-6.3015 19.0386 6.5725 -142.6550 -69.4139 157.8650 0.0000 0.0000 0.0000 -4.7241 -5.4032 -23.6260 1.9702 8.8037 25.1833 0.2141 10.1029 -17.4116 0.2074 -2.9321 -8.0896 0.0000 0.0000 0.0000 8.8197 28.7071 -19.4170 -1.4939 -7.7211 21.8703 0.8630 -17.2312 -0.0665 -0.0849 -1.8799 5.1739 -8.5916 3.4969 18.7479 -4.0773 2.1299 6.6312 0.0610 0.7287 -3.4905 -5.0513 6.5776 -6.9989 6.7880 7.4465 25.3272 3.7565 3.3598 8.5114 -0.0000 0.0000 0.0000 -79.8200 -24.7243 41.0440 34.1994 -44.2319 -14.2519 -0.0000 -0.0000 12.1517 38.5271 33.8797 23.9339 -7.1250 0.0000 -0.0000 9.3529 70.4177 5.6937 -0.0000 0.0000 0.0000 75.6371 7.8612 31.8370 -152.9859 38.1926 -110.4922 0.0000 -0.0000 -47.6435 -40.4241 -0.8505 0.7244 7.1250 -0.0000 -0.0000 -10.9963 -30.9847 -3.8288
-6.2377 18.9802 6.3321 -143.5260 -69.9701 159.2010 0.0000 0.0000 0.0000 -4.6674 -3.3641 -25.7971 2.1628 9.1972 26.4143 0.3222 8.0843 -16.5792 0.2637 -3.3037 -9.1255 0.0000 0.0000 0.0000 8.6426 31.1790 -19.9785 -1.5835 -7.9386 22.5277 1.1821 -19.3815 -2.2995 -0.0371 -1.2433 3.4186 -8.8325 3.5073 18.3698 -3.9526 2.1679 6.8448 0.3381 0.7261 -3.0768 -5.9255 6.2484 -7.3563 6.9350 7.1823 24.9398 3.9312 3.2028 8.4182 -0.0000 -0.0000 0.0000 -78.4576 -27.1367 37.2014 29.2572 -40.2482 -10.9265 -0.0000 -0.0000 11.6831 38.3037 32.3818 22.9290 -7.1250 0.0000 -0.0000 9.4315 68.7072 5.3806 -0.0000 -0.0000 0.0000 76.5525 9.2286 37.8075 -150.8161 40.1835 -109.1208 0.0000 -0.0000 -46.6683 -42.3235 -1.1661 1.0617 7.1250 -0.0000 -0.0000 -12.5419 -31.3996 -4.2610
-6.1714 18.8985 6.0684 -144.8490 -70.5934 160.6050 0.0000 0.0000 0.0000 -4.6876 -2.0381 -27.5052 2.4263 9.7027 28.0191 0.4287 6.4123 -16.3658 0.2812 -3.4104 -9.4235 0.0000 0.0000 0.0000 9.1002 31.7615 -20.8179 -1.8938 -8.6412 24.6792 1.4598 -20.8318 -6.5752 -0.0335 -1.1815 3.2485 -8.3046 3.8277 18.7571 -4.9525 2.5209 6.7199 -1.1202 0.9071 -3.3748 -4.4427 5.6754 -6.8127 7.3781 6.0367 24.5076 3.7116 2.8451 8.2900 0.0000 -0.0000 0.0000 -76.4313 -30.2008 34.3849 23.5222 -34.6549 -7.4331 -0.0000 -0.0000 12.7348 35.1170 28.6849 18.6525 -7.1250 0.0000 -0.0000 5.7689 63.6691 2.6159 0.0000 -0.0000 0.0000 79.3459 9.2158 43.5117 -147.9146 42.6152 -107.2014 0.0000 -0.0000 -40.7528 -45.9375 -0.7070 0.7304 7.1250 -0.0000 -0.0000 -15.2842 -30.7746 -5.4864
-6.1020 18.8159 5.7968 -145.3260 -70.6566 161.0270 0.0000 0.0000 0.0000 -3.9171 -1.4772 -28.5882 2.6947 10.1836 29.5734 0.4510 6.1030 -16.3817 0.4686 -4.3906 -12.1784 0.0000 0.0000 0.0000 10.2786 31.6670 -21.5740 -2.2425 -9.3539 26.9089 1.4720 -20.8809 -8.5488 -0.0572 1.5432 -4.2450 -8.3674 3.9989 19.1003 -5.1505 2.6527 6.8448 -1.3411 0.9581 -3.4167 -4.2794 5.5116 -6.9900 7.2824 5.8376 24.3644 3.6400 2.7679 8.2981 0.0000 -0.0000 0.0000 -76.1928 -33.8188 30.3477 17.9519 -28.0955 -4.5265 -0.0000 -0.0000 14.4874 34.1231 24.9040 15.9262 -7.1250 0.0000 -0.0000 5.3622 59.1845 1.8616 0.0000 -0.0000 0.0000 80.4450 9.8341 49.2591 -145.9022 44.1571 -105.8188 0.0000 -0.0000 -36.2403 -45.9842 0.1442 -0.1492 7.1250 -0.0000 -0.0000 -15.1367 -29.5923 -5.8740
-6.0367 18.7540 5.5156 -145.4710 -69.9611 161.1760 0.0000 0.0000 0.0000 -2.5029 -1.1579 -29.1674 2.9717 10.6491 31.1055 0.5097 6.2386 -17.2007 0.4622 -4.3608 -12.0940 0.0000 0.0000 0.0000 11.7635 31.7058 -22.0932 -2.4165 -9.6845 27.9609 1.2889 -19.7024 -9.5960 -0.1757 2.7001 -7.4448 -8.9267 3.9694 19.0888 -5.0519 2.5103 7.0415 -0.8879 0.8622 -3.2171 -4.3302 6.0589 -7.1521 6.7816 6.7556 24.0025 3.5427 3.1598 8.1675 -0.0000 0.0000 0.0000 -76.2562 -36.6932 28.1954 13.6571 -22.2423 -2.6969 -0.0000 -0.0000 15.4257 35.1142 22.0517 14.7889 -7.1250 0.0000 -0.0000 6.9427 56.1897 1.9119 -0.0000 0.0000 0.0000 79.8131 10.8145 54.4108 -146.5172 43.6979 -106.2455 0.0000 -0.0000 -32.1866 -45.1411 1.7646 -1.7724 7.1250 -0.0000 -0.0000 -14.1628 -27.3870 -6.2388
-5.9828 18.6827 5.2313 -146.1780 -69.1930 161.9140 0.0000 0.0000 0.0000 -1.3350 -0.5438 -29.5258 3.1744 10.9721 32.1860 0.5479 6.3109 -17.6995 0.5746 -4.8541 -13.4929 0.0000 0.0000 0.0000 12.8493 31.4039 -22.8023 -2.6052 -10.0268 29.0634 0.9361 -17.1955 -10.2568 -0.1835 2.7588 -7.6079 -9.7490 3.6931 18.7072 -5.0531 2.0522 7.3352 -0.3110 0.5924 -2.7002 -4.2885 6.9312 -7.4483 6.2051 8.1035 23.8074 3.4493 3.7480 8.1061 -0.0000 -0.0000 0.0000 -76.5988 -38.4331 27.7849 11.4113 -18.9159 -1.9071 -0.0000 -0.0000 15.1422 35.6399 19.9988 13.7776 -7.1250 0.0000 -0.0000 7.7032 53.9399 1.7007 -0.0000 -0.0000 0.0000 78.3356 11.8733 57.6583 -147.2207 43.1598 -106.7291 0.0000 -0.0000 -27.9430 -46.7393 2.1862 -2.3213 7.1250 -0.0000 -0.0000 -15.2542 -26.7048 -7.0065
-5.9544 18.6248 4.9376 -146.6680 -68.5427 162.2590 0.0000 0.0000 0.0000 -0.0154 -0.6017 -29.0775 3.3116 11.1832 32.9003 0.5611 6.8358 -18.2730 0.6083 -4.9923 -13.8866 0.0000 0.0000 0.0000 13.9167 30.9722 -22.6612 -2.6583 -10.1202 29.3668 0.6233 -14.6873 -10.7823 -0.4975 4.5220 -12.5501 -10.1035 3.2840 18.2336 -5.4828 1.4903 7.5607 -0.4370 0.2773 -2.1690 -3.8895 7.7016 -7.3859 6.5849 8.9591 24.0182 3.5738 4.1978 8.1141 0.0000 -0.0000 0.0000 -77.6474 -38.8673 29.1926 10.9872 -18.2686 -1.7719 -0.0000 -0.0000 15.4644 35.4425 19.9194 13.6312 -7.1250 0.0000 -0.0000 7.4909 53.8043 1.6285 0.0000 -0.0000 0.0000 77.1445 11.6150 57.2669 -148.1217 42.4499 -107.3414 0.0000 -0.0000 -25.9180 -47.3482 -0.4973 0.5399 7.1250 -0.0000 -0.0000 -16.3274 -30.4677 -6.0139
-5.9418 18.5746 4.6303 -145.9950 -68.6467 161.6360 0.0000 0.0000 0.0000 1.4905 -1.6120 -28.4146 3.3593 11.2552 33.1455 0.6078 7.0675 -18.9698 0.5179 -4.6123 -12.8059 0.0000 0.0000 0.0000 15.0618 29.5441 -22.2709 -2.5987 -10.0151 29.0257 0.2971 -11.8715 -11.7974 -0.6344 5.0960 -14.1825 -10.4040 2.6436 17.5259 -5.4501 0.7479 7.6787 -0.0698 -0.1093 -1.6244 -4.1697 8.1421 -6.8959 7.1192 9.3976 24.3261 3.8068 4.3965 8.0529 -0.0000 0.0000 0.0000 -79.9281 -39.1797 33.9223 11.3734 -18.8583 -1.8948 -0.0000 -0.0000 13.4253 35.5226 20.9618 14.3265 -7.1250 0.0000 -0.0000 7.5058 55.0296 1.8564 -0.0000 0.0000 0.0000 74.6737 10.7889 52.7924 -149.2897 41.4945 -108.1225 0.0000 -0.0000 -28.6826 -45.7574 -1.3627 1.3988 7.1250 -0.0000 -0.0000 -15.2845 -31.6826 -5.1406
-5.9260 18.5315 4.3033 -144.8610 -69.9381 160.4860 0.0000 0.0000 0.0000 2.5285 -3.4377 -27.8081 3.3094 11.1799 32.8890 0.5007 8.2621 -18.8529 0.7594 -5.5655 -15.5287 0.0000 0.0000 0.0000 15.8265 27.8350 -21.3098 -2.4146 -9.6809 27.9494 0.0099 -9.4825 -13.3390 -0.5551 4.7725 -13.2609 -11.6532 1.8565 17.3280 -4.4189 -0.3208 7.6157 1.9193 -0.6477 -1.4711 -5.2759 8.5136 -6.2911 6.8193 10.0360 24.8523 3.9126 4.5302 8.0343 -0.0000 -0.0000 0.0000 -84.5674 -39.2042 37.1420 12.1735 -20.0643 -2.1614 -0.0000 -0.0000 13.5082 32.5078 20.3341 12.4863 -7.1250 0.0000 -0.0000 4.2587 53.6525 0.9073 -0.0000 -0.0000 0.0000 70.7027 9.7969 49.3974 -150.1115 40.7976 -108.6633 0.0000 -0.0000 -28.2781 -46.9835 -1.3051 1.3984 7.1250 -0.0000 -0.0000 -16.2339 -31.6094 -5.5128
-5.9166 18.4970 3.9550 -141.8890 -71.5596 157.3300 0.0000 0.0000 0.0000 3.8254 -4.5388 -27.3411 3.2140 11.0337 32.3936 0.4023 8.5212 -17.9885 0.9885 -6.3280 -17.7392 0.0000 0.0000 0.0000 17.4527 26.8951 -19.3223 -2.1760 -9.2234 26.4965 -0.1968 -8.8900 -15.7813 -0.4008 4.0645 -11.2583 -11.2341 1.3403 17.3091 -3.9074 -0.8449 7.7174 2.3279 -0.8979 -1.2905 -5.1526 8.3196 -6.1273 6.7911 9.6841 25.5103 3.8827 4.3387 8.2586 -0.0000 -0.0000 0.0000 -88.0839 -40.3342 42.6618 12.4360 -20.4553 -2.2523 -0.0000 -0.0000 13.2485 31.2365 20.0116 11.7252 -7.1250 0.0000 -0.0000 2.9479 53.0275 0.5826 -0.0000 -0.0000 0.0000 68.6812 8.8851 45.5737 -151.5231 39.5516 -109.5741 0.0000 -0.0000 -28.9872 -45.5939 0.1634 -0.1669 7.1250 -0.0000 -0.0000 -14.8344 -29.5748 -5.7556
-5.8882 18.4877 3.6010 -139.4590 -73.4565 154.7610 0.0000 0.0000 0.0000 4.7098 -6.0061 -26.6095 2.9782 10.6597 31.1406 0.3134 8.7060 -17.1074 0.8470 -5.8699 -16.4075 0.0000 0.0000 0.0000 18.8763 24.8628 -18.3673 -1.9936 -8.8528 25.3360 -0.3226 -9.1341 -17.6686 -0.2491 3.2116 -8.8684 -10.8465 0.5087 17.3278 -3.4753 -1.7978 7.7286 2.7409 -1.3511 -1.1724 -5.9161 8.2698 -6.1286 6.9319 9.6473 26.1152 4.0746 4.2356 8.4143 0.0000 -0.0000 0.0000 -90.6415 -41.2634 46.7303 12.8546 -21.0738 -2.4007 -0.0000 -0.0000 13.3028 30.0157 21.0919 11.7444 -7.1250 0.0000 -0.0000 1.4597 53.9842 0.3224 0.0000 -0.0000 0.0000 66.7592 8.9853 43.6125 -153.1281 38.0567 -110.5800 0.0000 -0.0000 -29.2442 -44.0853 2.4366 -2.3580 7.1250 -0.0000 -0.0000 -13.2478 -26.5332 -6.0880
-5.8522 18.5260 3.2610 -137.3620 -75.2828 153.0020 0.0000 0.0000 0.0000 5.2220 -7.3875 -26.2715 2.6811 10.1599 29.4962 0.1234 9.8889 -15.9541 0.8495 -5.8783 -16.4318 0.0000 0.0000 0.0000 19.7560 23.9700 -17.7728 -1.8101 -8.4587 24.1162 -0.3656 -10.4085 -19.5203 -0.1246 2.2757 -6.2682 -9.1511 -0.2522 17.5371 -3.8131 -2.5375 7.2211 1.5955 -1.6065 -1.8508 -5.7949 8.1578 -6.0641 7.0520 9.3733 26.9307 4.1120 4.0896 8.7009 0.0000 -0.0000 0.0000 -91.4095 -40.3639 51.3174 14.6248 -23.6208 -3.0740 -0.0000 -0.0000 10.5353 29.5411 21.6736 11.8214 -7.1250 0.0000 -0.0000 0.8301 54.5286 0.1943 0.0000 -0.0000 0.0000 67.1843 8.5829 39.9355 -154.8045 36.4031 -111.5944 0.0000 -0.0000 -31.2130 -41.4892 3.6760 -3.2453 7.1250 -0.0000 -0.0000 -11.1192 -25.0679 -5.4590
-5.8108 18.5776 2.9508 -137.7470 -77.0703 153.7660 0.0000 0.0000 0.0000 4.7850 -8.3256 -26.0234 2.3419 9.5446 27.5141 -0.1565 11.9000 -14.5856 0.8232 -5.7889 -16.1733 0.0000 0.0000 0.0000 19.4528 23.0820 -17.8961 -1.7054 -8.2233 23.3945 -0.4015 -10.1424 -19.6263 -0.0932 1.9685 -5.4187 -8.0593 -0.6230 17.2191 -3.9059 -2.7889 7.1095 0.9309 -1.6952 -1.8487 -5.8470 7.8146 -5.9341 6.5172 9.0519 26.8696 3.9143 3.8925 8.7116 0.0000 0.0000 0.0000 -92.4663 -40.3327 55.5389 16.1594 -25.7363 -3.7149 -0.0000 -0.0000 8.1533 30.3986 23.1717 12.9988 -7.1250 0.0000 -0.0000 1.4274 56.3664 0.3979 0.0000 0.0000 0.0000 67.7606 8.7745 34.1063 -156.2020 34.9499 -112.4095 0.0000 -0.0000 -35.7615 -39.6830 3.4339 -2.8451 7.1250 -0.0000 -0.0000 -9.8252 -25.5084 -4.7020
-5.7794 18.6471 2.6419 -137.3570 -78.4756 153.2900 0.0000 0.0000 0.0000 4.5017 -8.7751 -25.2928 2.0289 8.9259 25.5639 -0.4565 13.9664 -13.0247 0.8803 -5.9814 -16.7305 0.0000 0.0000 0.0000 19.5438 22.3767 -17.3415 -1.5960 -7.9684 22.6182 -0.4864 -9.1821 -19.5671 -0.0150 0.7904 -2.1724 -6.3259 -0.8685 16.9335 -4.0585 -2.7975 7.2485 -0.2035 -1.6726 -1.6543 -5.7099 7.5466 -5.8862 6.2322 8.7480 26.8710 3.7770 3.7459 8.7498 0.0000 0.0000 0.0000 -92.2408 -39.9036 59.2781 17.8945 -28.0218 -4.4995 -0.0000 -0.0000 6.2722 30.4772 25.2214 14.0779 -7.1250 0.0000 -0.0000 0.9808 58.6351 0.3270 0.0000 0.0000 0.0000 68.5075 9.2208 28.5158 -157.1692 33.9033 -112.9563 0.0000 -0.0000 -40.9095 -38.0811 2.5920 -2.0294 7.1250 -0.0000 -0.0000 -8.7413 -26.6654 -3.9315
-5.7386 18.7208 2.3446 -137.3510 -79.7311 153.3780 0.0000 0.0000 0.0000 4.4805 -9.8286 -24.5804 1.7557 8.3375 23.7438 -0.7837 16.3407 -11.8289 0.7017 -5.3544 -14.9221 0.0000 0.0000 0.0000 19.8182 22.0731 -17.1771 -1.5236 -7.7941 22.0903 -0.4246 -9.9933 -19.7186 -0.0066 0.5262 -1.4459 -4.8518 -0.9956 16.4490 -4.0780 -2.6809 7.3860 -1.0846 -1.5905 -1.3340 -5.3981 7.1476 -5.9043 5.9667 8.2351 26.8945 3.6066 3.5209 8.8271 0.0000 0.0000 0.0000 -92.1545 -39.1793 61.7863 19.1465 -29.6003 -5.1030 -0.0000 -0.0000 5.3206 33.5816 28.4798 17.5676 -7.1250 0.0000 -0.0000 3.8020 63.0122 1.6639 0.0000 0.0000 0.0000 69.5877 9.9381 24.8833 -158.0455 32.9256 -113.4389 0.0000 -0.0000 -44.1109 -36.7735 1.4522 -1.0851 7.1250 -0.0000 -0.0000 -7.8786 -28.1354 -3.2608
-5.6970 18.7768 2.0661 -141.6070 -80.9014 157.6820 0.0000 0.0000 0.0000 4.0145 -11.4849 -23.3176 1.4618 7.6413 21.6296 -1.1889 19.2313 -11.3037 0.5106 -4.5805 -12.7159 0.0000 0.0000 0.0000 19.4353 21.7783 -17.3696 -1.5172 -7.7783 22.0427 -0.3986 -10.3889 -19.8543 -0.0012 0.2273 -0.6246 -4.0216 -1.0241 16.0762 -4.2447 -2.5664 7.2750 -1.7519 -1.5077 -1.3036 -5.1208 6.7700 -5.4246 5.8485 7.6706 26.8368 3.4585 3.2746 8.7733 -0.0000 0.0000 0.0000 -91.4703 -37.3487 60.5904 20.5649 -31.3169 -5.8221 -0.0000 -0.0000 6.1026 34.9460 29.1554 18.8008 -7.1250 0.0000 -0.0000 5.4071 64.1401 2.5108 -0.0000 0.0000 0.0000 70.0975 10.7253 22.1196 -157.8534 33.1423 -113.3342 0.0000 -0.0000 -47.3671 -35.9552 0.2255 -0.1636 7.1250 -0.0000 -0.0000 -7.3672 -29.6621 -2.7766
-5.6540 18.8194 1.8189 -148.9360 -81.4711 164.8890 0.0000 0.0000 0.0000 3.4133 -12.9747 -21.7060 1.2071 6.9702 19.6271 -1.6491 22.2151 -11.7762 0.2283 -3.0752 -8.4881 0.0000 0.0000 0.0000 18.9695 21.5492 -17.6822 -1.5629 -7.8892 22.3780 -0.4041 -10.3212 -19.8419 -0.0000 0.0005 -0.0015 -3.1827 -0.5814 15.7863 -4.6030 -1.8702 7.2835 -2.7244 -1.1449 -1.1772 -4.2475 6.0231 -5.4839 5.6405 6.5659 27.0377 3.1753 2.8275 8.9683 -0.0000 0.0000 0.0000 -90.6165 -35.3421 59.7423 21.9609 -32.9328 -6.5645 -0.0000 -0.0000 6.3450 36.2681 30.5718 20.4646 -7.1250 0.0000 -0.0000 6.8421 66.0891 3.4888 -0.0000 0.0000 0.0000 70.7459 10.9418 20.8331 -157.2728 33.7891 -113.0140 0.0000 -0.0000 -49.4232 -36.0832 -0.8908 0.6491 7.1250 -0.0000 -0.0000 -7.5692 -31.0300 -2.6043
-5.6147 18.8415 1.5973 -159.2140 -81.7012 175.3920 0.0000 0.0000 0.0000 2.2842 -13.7060 -20.8408 1.0233 6.4351 18.0522 -1.9232 23.8559 -12.7192 0.0047 -0.4413 -1.2126 0.0000 0.0000 0.0000 18.0317 21.1441 -19.0235 -1.7103 -8.2346 23.4291 -0.4280 -9.9706 -19.7322 -0.0016 0.2570 -0.7060 -3.1272 -0.3850 15.3585 -4.6282 -1.5740 7.1433 -2.8347 -0.9911 -1.0938 -4.4683 5.5881 -5.4780 5.2893 6.1176 26.8443 3.0538 2.5799 8.9328 0.0000 0.0000 0.0000 -89.5572 -33.3083 56.9027 22.8509 -33.9254 -7.0549 -0.0000 -0.0000 7.0464 36.6089 30.9641 20.9182 -7.1250 0.0000 -0.0000 7.2242 66.6237 3.7733 0.0000 0.0000 0.0000 70.8440 11.3298 22.4765 -156.3884 34.7509 -112.5160 0.0000 -0.0000 -49.8393 -38.2520 -0.3112 0.2453 7.1250 -0.0000 -0.0000 -9.2202 -30.3062 -3.3462
-5.5642 18.8432 1.4094 -164.7640 -81.3279 180.7300 0.0000 0.0000 0.0000 1.3512 -13.3747 -20.4730 1.0616 6.5507 18.3910 -1.4502 21.4938 -14.3762 0.0001 0.0724 0.1990 0.0000 0.0000 0.0000 17.8911 21.6323 -19.3856 -1.8390 -8.5224 24.3124 -0.4412 -9.9994 -19.9015 -0.0004 0.1277 -0.3509 -3.1397 -0.3051 15.6848 -4.0645 -1.4629 7.1352 -2.2465 -0.9389 -1.2581 -5.2219 5.2689 -5.8815 4.5357 6.0473 26.6024 2.9280 2.4238 8.9356 0.0000 -0.0000 0.0000 -88.5531 -31.4855 52.9039 22.9424 -34.0258 -7.1060 -0.0000 -0.0000 7.3687 36.6320 30.2666 20.5439 -7.1250 0.0000 -0.0000 7.4536 65.8610 3.7629 0.0000 -0.0000 0.0000 70.3678 12.0706 26.5083 -154.9501 36.2549 -111.6806 0.0000 -0.0000 -48.7166 -37.7470 -0.9062 0.7015 7.1250 -0.0000 -0.0000 -8.8890 -31.0531 -3.0625
-5.5032 18.8241 1.2785 -170.3020 -80.0584 186.0920 0.0000 0.0000 0.0000 -1.0335 -10.2495 -21.3788 1.2795 7.1685 20.2155 -0.6407 16.5823 -15.6613 0.3244 -3.6606 -10.1238 0.0000 0.0000 0.0000 17.4523 22.4396 -20.3763 -2.0936 -9.0584 25.9783 -0.4735 -9.5891 -19.8291 -0.0003 0.1115 -0.3063 -3.2542 0.0690 16.0812 -3.7426 -1.0142 7.2362 -1.9150 -0.7293 -1.3445 -5.4104 5.0403 -6.1747 3.5481 6.0876 25.9409 2.6223 2.3663 8.7975 0.0000 0.0000 0.0000 -87.2133 -30.1633 50.1333 22.1855 -33.1860 -6.6871 -0.0000 -0.0000 6.3056 37.0391 29.6731 20.4845 -7.1250 0.0000 -0.0000 8.1860 65.3239 4.0333 0.0000 0.0000 0.0000 70.2041 13.0081 31.4961 -153.0862 38.0969 -110.5541 0.0000 -0.0000 -46.6467 -38.2274 -0.0605 0.0477 7.1250 -0.0000 -0.0000 -9.1718 -29.9913 -3.3981
-5.4454 18.7989 1.1817 -175.7240 -77.2447 190.7140 0.0000 0.0000 0.0000 -4.8609 -4.2673 -22.5434 1.7122 8.2390 23.4424 0.0602 12.3048 -18.2677 0.7053 -5.3677 -14.9604 0.0000 0.0000 0.0000 16.9939 22.9681 -21.1349 -2.4219 -9.6944 27.9927 -0.5153 -8.2436 -18.9947 -0.0076 0.5634 -1.5481 -3.9294 0.5746 16.9295 -4.0826 -0.5832 7.5149 -1.9683 -0.5556 -1.4842 -5.0543 5.2587 -6.6429 2.5932 6.6555 25.1161 2.2847 2.6130 8.6301 -0.0000 -0.0000 0.0000 -84.8543 -29.0057 46.9064 20.4546 -31.1862 -5.7649 -0.0000 -0.0000 3.6849 37.8235 28.2559 20.1796 -7.1250 0.0000 -0.0000 9.5642 63.9669 4.4161 -0.0000 -0.0000 0.0000 71.1863 14.5720 38.4480 -150.8632 40.1420 -109.1512 0.0000 -0.0000 -44.1754 -37.8850 0.5844 -0.4547 7.1250 -0.0000 -0.0000 -8.8310 -29.1875 -3.4402
-5.3683 18.7790 1.0945 -177.3400 -74.2494 192.2940 0.0000 0.0000 0.0000 -8.1915 1.5760 -25.2354 2.4855 9.8116 28.3687 0.7885 8.8820 -22.2506 0.0949 -1.9864 -5.4680 0.0000 0.0000 0.0000 16.8255 23.0086 -22.9275 -2.7213 -10.2296 29.7235 -0.5519 -6.2405 -17.6886 -0.0163 0.8248 -2.2667 -4.8057 0.8166 17.1874 -4.4360 -0.4911 7.7316 -1.8677 -0.5538 -1.3812 -4.6938 5.8045 -7.7806 1.6298 7.7182 24.2881 2.0157 3.0927 8.5777 -0.0000 -0.0000 0.0000 -81.9391 -28.4973 44.0128 17.7445 -27.8288 -4.4293 -0.0000 0.0000 -0.1462 38.9815 26.7456 20.0109 -7.1250 0.0000 -0.0000 11.3328 62.5851 4.8753 -0.0000 -0.0000 0.0000 72.2036 16.7614 46.9504 -148.5428 42.1101 -107.6247 0.0000 -0.0000 -40.9284 -38.9686 1.7921 -1.4490 7.1250 -0.0000 -0.0000 -9.5138 -27.6348 -4.0676
-5.2911 18.7636 1.0420 -177.5840 -71.9434 192.4500 0.0000 0.0000 0.0000 -11.0158 5.7633 -27.6989 3.4795 11.4335 33.7561 0.9711 9.1519 -24.0538 0.0882 -1.9157 -5.2726 0.0000 0.0000 0.0000 16.8243 23.1409 -24.0027 -2.9019 -10.5346 30.7259 -0.5481 -4.4915 -16.3468 -0.0353 1.2125 -3.3338 -5.6414 0.8379 17.6251 -4.4635 -0.6780 7.9769 -1.3959 -0.6921 -1.3355 -4.5441 6.3504 -8.4644 0.6858 8.7533 23.1183 1.7682 3.5565 8.3312 -0.0000 0.0000 0.0000 -81.2538 -29.8408 39.7058 13.0943 -21.4252 -2.4876 -0.0000 0.0000 -1.1118 38.9341 23.0833 17.5754 -7.1250 0.0000 -0.0000 11.4174 58.3325 3.7551 -0.0000 0.0000 0.0000 72.7234 18.7216 55.7904 -146.6899 43.5670 -106.3647 0.0000 -0.0000 -35.8063 -40.3607 2.3152 -1.9663 7.1250 -0.0000 -0.0000 -10.4925 -26.9042 -4.6824
-5.2030 18.7315 1.0069 -172.8990 -70.3746 188.3020 0.0000 0.0000 0.0000 -11.3261 8.5500 -30.2949 4.6731 13.0059 39.3905 1.0309 9.1114 -24.5114 0.0326 -1.1658 -3.2052 0.0000 0.0000 0.0000 18.4847 23.6281 -24.7290 -2.8911 -10.5166 30.6664 -0.5166 -3.0279 -15.0197 -0.0344 1.1970 -3.2910 -4.8963 0.6572 18.0006 -4.3159 -0.8361 8.1277 -1.6284 -0.7660 -1.3791 -3.4053 6.8481 -9.2647 -0.2318 9.5288 22.2206 1.3696 3.9704 8.2632 0.0000 0.0000 0.0000 -80.8769 -32.5931 35.8327 8.7110 -14.6986 -1.1257 -0.0000 -0.0000 0.8000 38.2253 19.2235 14.5384 -7.1250 0.0000 -0.0000 10.5871 53.6045 2.2598 0.0000 0.0000 0.0000 73.3047 20.4294 62.6236 -145.9769 44.1018 -105.8709 0.0000 -0.0000 -31.6700 -39.3985 3.8668 -3.1704 7.1250 -0.0000 -0.0000 -9.5536 -24.9762 -4.6885
-5.1410 18.7195 0.9945 -171.7110 -69.0784 187.2140 0.0000 0.0000 0.0000 -12.3246 10.3310 -30.8994 5.4500 13.8733 42.7323 1.0192 8.4734 -23.9158 0.0202 -0.9179 -2.5230 0.0000 0.0000 0.0000 19.1680 23.1076 -25.1229 -2.8323 -10.4185 30.3429 -0.4639 -1.2954 -13.4007 -0.0318 1.1510 -3.1644 -4.4620 0.1495 18.4270 -4.9720 -1.5241 8.0324 -2.4344 -1.0939 -1.7279 -2.1856 7.6302 -8.7459 -0.5802 10.4263 21.1927 1.0984 4.5044 7.8974 -0.0000 -0.0000 0.0000 -81.5355 -34.0689 27.8425 6.5514 -11.1786 -0.6418 -0.0000 -0.0000 8.0321 38.1164 15.8860 12.1204 -7.1250 0.0000 -0.0000 10.3854 49.5819 1.1847 -0.0000 -0.0000 0.0000 73.3020 21.2239 68.4402 -146.6099 43.6278 -106.3095 0.0000 -0.0000 -23.9025 -41.5433 4.3026 -3.8033 7.1250 -0.0000 -0.0000 -11.0567 -24.2454 -5.6423
-5.0876 18.7287 0.9914 -170.6180 -68.2996 186.8000 0.0000 0.0000 0.0000 -13.0493 11.3938 -31.0606 5.7501 14.1817 43.9703 0.9743 8.2218 -23.3455 0.0409 -1.3049 -3.5881 0.0000 0.0000 0.0000 19.6522 23.1919 -25.7138 -2.7226 -10.2318 29.7308 -0.3798 -1.1052 -12.0957 -0.1329 2.3501 -6.4743 -5.2039 -0.3769 17.4532 -4.8310 -2.2287 8.1673 -1.7542 -1.4706 -1.0521 -2.5187 8.2654 -8.8516 -0.5852 11.3429 20.8568 1.2239 4.9230 7.7784 0.0000 0.0000 0.0000 -82.8078 -34.8806 28.8055 6.9691 -11.8684 -0.7253 -0.0000 -0.0000 5.4239 37.0718 15.1302 11.1556 -7.1250 0.0000 -0.0000 9.2955 48.4775 0.8038 0.0000 0.0000 0.0000 74.3255 21.7733 69.5470 -147.0861 43.2638 -106.6369 0.0000 -0.0000 -20.1432 -39.8234 3.7996 -3.1628 7.1250 -0.0000 -0.0000 -9.8763 -25.0315 -4.8384
-5.0250 18.7505 1.0035 -169.7840 -68.3127 186.3780 0.0000 0.0000 0.0000 -13.5352 11.9142 -30.0757 5.5315 13.9585 43.0713 0.9533 7.9982 -22.9941 0.0197 -0.9060 -2.4901 0.0000 0.0000 0.0000 19.9460 23.5215 -25.7602 -2.5705 -9.9649 28.8633 -0.3558 -1.8653 -12.1045 -0.0545 1.5059 -4.1421 -5.9937 -0.9191 16.7332 -4.5679 -2.9667 8.4994 -0.9421 -1.8841 -0.2602 -3.4795 8.6922 -9.4332 -0.3847 12.0806 20.6509 1.5197 5.2254 7.7334 0.0000 0.0000 0.0000 -85.0814 -36.9543 30.5607 7.5468 -12.8156 -0.8488 -0.0000 -0.0000 4.0730 38.1521 15.2396 11.6671 -7.1250 0.0000 -0.0000 10.3955 48.8073 0.9859 0.0000 0.0000 0.0000 72.9092 22.9794 67.1411 -148.3306 42.2821 -107.4821 0.0000 -0.0000 -21.2243 -36.4618 4.5046 -3.3215 7.1250 -0.0000 -0.0000 -7.3075 -24.3878 -3.6667
-4.9769 18.7977 1.0522 -170.8460 -68.9542 187.5210 0.0000 0.0000 0.0000 -14.4669 11.1613 -27.6931 4.8362 13.1969 40.1100 0.8911 8.6625 -22.9786 0.0022 -0.3058 -0.8403 0.0000 0.0000 0.0000 19.2015 23.7168 -25.6522 -2.4345 -9.7178 28.0675 -0.2974 -3.1707 -11.9679 -0.0523 1.4765 -4.0609 -5.7090 -2.0072 16.7159 -5.4470 -4.3893 8.4183 -1.7922 -2.5660 -0.3935 -2.8325 9.3540 -8.8661 -0.6923 12.8723 20.1910 1.3472 5.6393 7.5341 -0.0000 -0.0000 0.0000 -85.1777 -38.7783 33.4905 7.8484 -13.3069 -0.9169 -0.0000 -0.0000 2.9379 38.9991 14.4569 11.4288 -7.1250 0.0000 -0.0000 11.2116 48.0102 0.8426 -0.0000 -0.0000 0.0000 72.9720 23.8583 65.7347 -149.3093 41.4781 -108.1355 0.0000 -0.0000 -20.4134 -36.4905 4.0966 -3.0249 7.1250 -0.0000 -0.0000 -7.3753 -24.8876 -3.6151
-4.9132 18.8477 1.1122 -171.8510 -70.3361 189.0000 0.0000 0.0000 0.0000 -14.7849 8.2255 -24.9167 3.9578 12.1041 36.1012 0.7728 9.3488 -22.5090 0.0015 -0.2483 -0.6822 0.0000 0.0000 0.0000 18.1482 24.0626 -26.1974 -2.3483 -9.5567 27.5528 -0.2089 -5.0141 -11.9357 -0.0428 1.3355 -3.6725 -6.1452 -2.5659 16.0495 -5.5374 -5.0970 8.4188 -1.5761 -2.9259 -0.0061 -2.2114 9.4783 -8.6595 -1.0824 12.9967 20.2587 1.1345 5.7008 7.5897 0.0000 0.0000 0.0000 -87.5024 -41.7576 34.3987 7.3916 -12.5620 -0.8147 -0.0000 -0.0000 7.8946 36.1805 12.9678 9.3204 -7.1250 0.0000 -0.0000 8.3681 45.7337 0.1526 0.0000 0.0000 0.0000 70.4914 24.5857 63.7256 -150.2161 40.7075 -108.7316 0.0000 -0.0000 -19.0308 -36.8531 4.3014 -3.2177 7.1250 -0.0000 -0.0000 -7.6199 -24.6108 -3.7864
-4.8514 18.8956 1.1990 -175.2190 -71.6561 192.3320 0.0000 0.0000 0.0000 -15.6217 4.1521 -20.9805 2.9790 10.6610 31.1450 0.4807 10.4882 -20.8074 0.0190 -0.8896 -2.4451 0.0000 0.0000 0.0000 16.2650 24.3487 -26.6531 -2.3747 -9.6064 27.7112 -0.1344 -6.6584 -12.2862 -0.0293 1.1041 -3.0352 -7.4945 -2.9635 15.5963 -5.2304 -5.7186 8.5358 -0.4721 -3.2904 0.5414 -2.9344 9.4783 -9.1220 -1.0550 13.1362 20.9310 1.3084 5.6718 7.8439 0.0000 0.0000 0.0000 -91.3536 -45.1767 35.2064 6.8098 -11.6058 -0.6929 -0.0000 -0.0000 13.2155 35.3180 12.9599 9.0286 -7.1250 0.0000 -0.0000 7.5389 45.5938 0.1111 0.0000 0.0000 0.0000 67.2068 25.7052 61.9531 -151.3334 39.7227 -109.4530 0.0000 -0.0000 -18.1408 -36.6614 5.2787 -3.9174 7.1250 -0.0000 -0.0000 -7.3634 -23.4206 -3.8608
-4.7742 18.9249 1.3121 -175.5680 -73.1174 192.5450 0.0000 0.0000 0.0000 -15.3931 -0.0376 -17.5267 2.3189 9.5009 27.3751 0.3220 12.5849 -21.5060 0.2105 -2.9536 -8.1497 0.0000 0.0000 0.0000 15.3863 25.3197 -26.3953 -2.3394 -9.5398 27.4990 0.0026 -8.8955 -12.6294 -0.0239 0.9990 -2.7460 -7.4162 -3.2296 15.6530 -4.9350 -6.0254 8.5625 -0.1633 -3.4372 0.5789 -3.0320 9.3910 -9.3956 -0.6716 12.9772 21.5612 1.4647 5.5897 8.0684 -0.0000 -0.0000 0.0000 -95.1718 -47.8791 36.6472 6.3641 -10.8680 -0.6060 -0.0000 -0.0000 17.9983 36.1535 14.2310 10.1827 -7.1250 0.0000 -0.0000 8.3639 47.2419 0.4658 -0.0000 -0.0000 0.0000 64.8058 26.1017 58.9131 -152.8903 38.2836 -110.4330 0.0000 -0.0000 -18.7250 -35.0291 5.6844 -3.9717 7.1250 -0.0000 -0.0000 -6.1264 -23.0589 -3.2554
-4.6933 18.9468 1.4390 -176.2720 -74.0710 193.0420 0.0000 0.0000 0.0000 -15.5305 -2.5711 -15.0448 1.8845 8.6213 24.6178 0.1640 13.7152 -21.2831 0.5471 -4.7385 -13.1642 0.0000 0.0000 0.0000 14.5828 25.4830 -26.3940 -2.3070 -9.4782 27.3030 0.0776 -9.9209 -12.7642 -0.0199 0.9108 -2.5034 -7.5554 -3.2461 15.5504 -4.6945 -6.0281 8.4929 0.1585 -3.4376 0.6019 -3.3667 9.0593 -9.4937 0.0271 12.4381 22.2337 1.7148 5.3408 8.2438 0.0000 0.0000 0.0000 -98.7729 -49.3038 39.6678 6.4632 -11.0325 -0.6248 -0.0000 -0.0000 18.8743 35.6668 14.5091 10.1932 -7.1250 0.0000 -0.0000 7.8851 47.4918 0.4877 0.0000 0.0000 0.0000 63.5872 25.6589 54.3648 -154.2290 36.9816 -111.2505 0.0000 -0.0000 -20.3404 -36.3286 5.7948 -4.2461 7.1250 -0.0000 -0.0000 -7.0598 -22.8150 -3.7980
-4.6073 18.9602 1.5598 -178.1510 -74.7415 194.7120 0.0000 0.0000 0.0000 -16.2126 -3.5104 -13.4234 1.5089 7.7580 21.9814 0.0834 14.1000 -20.9442 0.7294 -5.4568 -15.2161 0.0000 0.0000 0.0000 13.4388 25.7292 -26.5322 -2.3051 -9.4746 27.2914 0.1477 -10.7828 -12.8470 -0.0143 0.7716 -2.1207 -8.3044 -3.1522 15.2678 -4.4321 -5.9493 8.3445 0.8112 -3.4179 0.7023 -3.0560 8.9674 -8.8622 -0.3051 12.2703 22.5371 1.5215 5.2347 8.2798 0.0000 -0.0000 0.0000 -100.3954 -49.3323 46.3235 7.5184 -12.7693 -0.8425 -0.0000 -0.0000 14.9455 35.4251 15.3374 10.6554 -7.1250 0.0000 -0.0000 7.6400 48.4321 0.6503 0.0000 -0.0000 0.0000 62.9030 24.7351 47.4203 -155.5414 35.6454 -112.0278 0.0000 -0.0000 -25.3686 -33.8438 4.6830 -3.1335 7.1250 -0.0000 -0.0000 -5.3541 -24.3490 -2.6816
-4.5198 18.9752 1.6984 -178.5410 -75.4936 194.7420 0.0000 0.0000 0.0000 -16.4484 -5.0033 -11.8866 1.2939 7.2071 20.3305 0.0587 14.4927 -21.2127 0.6236 -5.0534 -14.0609 0.0000 0.0000 0.0000 12.7634 26.1415 -26.1197 -2.2448 -9.3584 26.9229 0.2356 -11.8691 -13.1007 -0.0011 0.2128 -0.5847 -8.4846 -3.0177 15.1500 -4.1566 -5.7600 8.2748 1.1665 -3.3267 0.7269 -3.3398 8.5630 -8.6745 0.0922 11.6604 22.9096 1.6389 4.9445 8.3341 0.0000 0.0000 0.0000 -100.1267 -48.1105 56.2524 9.8670 -16.5313 -1.4369 -0.0000 -0.0000 8.0628 36.1703 17.2104 12.2059 -7.1250 0.0000 -0.0000 8.3771 50.7839 1.2011 0.0000 0.0000 0.0000 63.3404 23.7466 41.4962 -156.6835 34.4331 -112.6835 0.0000 -0.0000 -29.0907 -33.3478 4.4485 -2.9219 7.1250 -0.0000 -0.0000 -5.0069 -24.6596 -2.4703
-4.4183 18.9826 1.8598 -176.8290 -76.1795 192.7850 0.0000 0.0000 0.0000 -16.2371 -6.0226 -11.3653 1.2300 7.0335 19.8146 0.1507 14.3448 -21.9582 0.5026 -4.5446 -12.6141 0.0000 0.0000 0.0000 12.7281 25.8890 -26.0280 -2.1700 -9.2115 26.4592 0.3132 -12.3520 -12.4726 -0.0040 0.4082 -1.1215 -8.2582 -2.8822 14.9743 -3.6624 -5.4957 8.2051 1.5170 -3.1858 0.7521 -3.0734 8.3208 -8.5866 -0.0957 11.3104 23.4766 1.5184 4.7510 8.5462 0.0000 -0.0000 0.0000 -100.5160 -46.6758 58.6536 11.6112 -19.2190 -1.9724 -0.0000 -0.0000 6.8290 33.5989 16.4043 10.6267 -7.1250 0.0000 -0.0000 5.7658 49.3589 0.6216 0.0000 -0.0000 0.0000 63.6517 22.4621 35.6504 -157.5750 33.4540 -113.1813 0.0000 -0.0000 -33.4909 -31.9542 3.4328 -2.1389 7.1250 -0.0000 -0.0000 -4.0415 -25.9331 -1.8715
-4.3063 18.9878 2.0353 -177.2880 -76.5496 192.8270 0.0000 0.0000 0.0000 -16.9925 -5.4892 -11.7058 1.2124 6.9849 19.6705 -0.0156 14.9481 -21.0582 0.8115 -5.7486 -16.0568 0.0000 0.0000 0.0000 11.8680 26.4503 -25.8704 -2.1638 -9.1992 26.4204 0.4136 -13.2999 -12.3833 -0.0089 0.6092 -1.6740 -8.4442 -2.6050 14.9246 -3.4130 -5.1364 8.1024 1.8371 -3.0079 0.6818 -3.2957 7.8868 -8.2332 0.2639 10.6381 23.7826 1.6000 4.4378 8.5594 0.0000 -0.0000 0.0000 -100.1762 -44.4273 58.8580 13.5267 -22.0541 -2.6478 -0.0000 -0.0000 6.7027 34.5039 18.3266 12.1961 -7.1250 0.0000 -0.0000 6.5834 51.7599 1.0999 0.0000 -0.0000 0.0000 64.0733 20.5517 30.7677 -157.7842 33.2201 -113.2963 0.0000 -0.0000 -37.9214 -32.2042 2.6904 -1.6934 7.1250 -0.0000 -0.0000 -4.2813 -26.7956 -1.8965
-4.1858 18.9755 2.2195 -177.9690 -77.0781 192.9980 0.0000 0.0000 0.0000 -17.7713 -5.0205 -12.0763 1.2355 7.0488 19.8600 0.0440 14.5383 -21.1208 0.8639 -5.9267 -16.5720 0.0000 0.0000 0.0000 11.1705 26.0443 -26.0278 -2.1860 -9.2433 26.5594 0.4712 -13.6613 -11.9205 -0.0062 0.5105 -1.4028 -8.3328 -2.3572 14.8892 -3.2508 -4.7835 8.1049 1.9006 -2.8302 0.6753 -3.5502 7.4141 -7.7073 0.5029 9.9398 23.7273 1.6304 4.1179 8.4285 -0.0000 -0.0000 0.0000 -98.5304 -42.0659 59.1053 15.5713 -24.9359 -3.4632 -0.0000 -0.0000 6.0997 39.0268 23.9573 18.2180 -7.1250 0.0000 -0.0000 11.5182 59.3774 4.0781 -0.0000 -0.0000 0.0000 64.4567 18.3630 27.3038 -157.6819 33.3347 -113.2402 0.0000 -0.0000 -41.5264 -32.0319 2.2037 -1.3781 7.1250 -0.0000 -0.0000 -4.1814 -27.3742 -1.7950
-4.0588 18.9582 2.4144 -177.0050 -77.4661 191.8640 0.0000 0.0000 0.0000 -18.3335 -3.9325 -13.3153 1.3172 7.2693 20.5157 0.2551 13.5227 -21.9599 0.5832 -4.8898 -13.5946 0.0000 0.0000 0.0000 10.3792 27.2205 -25.9093 -2.1672 -9.2060 26.4419 0.5839 -14.9916 -12.7849 -0.0000 -0.0416 0.1143 -7.5798 -2.0429 14.6823 -3.1471 -4.2430 8.1070 1.5183 -2.5359 0.6812 -4.3719 6.8149 -8.8062 1.7389 9.0428 25.0173 2.1743 3.6935 8.9818 0.0000 -0.0000 0.0000 -96.7409 -39.3220 58.1408 17.4581 -27.4577 -4.2964 -0.0000 -0.0000 6.5096 33.5007 22.1463 14.0104 -7.1250 0.0000 -0.0000 5.0979 55.9234 1.3687 0.0000 -0.0000 0.0000 65.2903 16.0565 25.8165 -157.2410 33.8242 -112.9963 0.0000 -0.0000 -43.9290 -32.9086 2.2890 -1.4806 7.1250 -0.0000 -0.0000 -4.8462 -27.2453 -2.0969
-3.9148 18.9272 2.5994 -177.7800 -77.8331 192.4010 0.0000 0.0000 0.0000 -19.0764 -3.4083 -14.2133 1.3645 7.3933 20.8859 0.5297 12.1044 -22.9527 0.2326 -3.1039 -8.5681 0.0000 0.0000 0.0000 9.5874 27.0896 -26.3521 -2.1983 -9.2674 26.6355 0.6426 -15.5814 -13.0593 -0.0000 0.0306 -0.0840 -6.9135 -1.9170 14.9759 -3.3149 -4.0249 7.8248 0.9807 -2.3736 0.1410 -3.9511 6.4349 -7.8870 1.5338 8.4256 24.6935 1.9355 3.4358 8.7497 -0.0000 0.0000 0.0000 -93.4723 -35.9494 55.9704 19.2589 -29.7390 -5.1586 -0.0000 -0.0000 6.4990 34.8061 23.9123 15.7369 -7.1250 0.0000 -0.0000 6.3475 58.2368 2.0608 -0.0000 0.0000 0.0000 66.6489 13.7476 26.7097 -156.4520 34.6826 -112.5522 0.0000 -0.0000 -45.3173 -33.4521 2.1284 -1.4056 7.1250 -0.0000 -0.0000 -5.2734 -27.4183 -2.2616
-3.7448 18.8874 2.7651 -176.7140 -77.9451 191.5880 0.0000 0.0000 0.0000 -19.2726 -2.2139 -16.1589 1.4556 7.6257 21.5828 0.5877 10.8346 -22.1917 0.2170 -2.9989 -8.2757 0.0000 0.0000 0.0000 8.8655 27.2038 -27.4863 -2.2228 -9.3154 26.7871 0.6459 -15.5346 -12.8464 -0.0041 -0.4131 1.1350 -6.3333 -1.7106 15.2734 -3.1818 -3.6908 7.4166 0.7871 -2.1545 -0.5044 -4.3604 6.0807 -7.5523 1.6365 7.9639 24.5696 1.9794 3.2009 8.6363 -0.0000 0.0000 0.0000 -90.8698 -33.0744 52.9466 20.1338 -30.8033 -5.5997 -0.0000 -0.0000 6.9542 34.8317 25.0277 16.4033 -7.1250 0.0000 -0.0000 6.1989 59.5045 2.2008 -0.0000 0.0000 0.0000 68.0194 11.8836 29.4324 -155.5240 35.6636 -112.0176 0.0000 -0.0000 -46.0432 -34.0936 2.2629 -1.5310 7.1250 -0.0000 -0.0000 -5.7527 -27.2357 -2.4939
-3.5615 18.8526 2.9289 -175.1150 -77.4238 190.1930 0.0000 0.0000 0.0000 -19.1994 -1.2887 -18.0581 1.6132 8.0092 22.7420 0.7298 9.1166 -21.9145 0.1401 -2.4123 -6.6466 0.0000 0.0000 0.0000 8.3545 26.7792 -28.3227 -2.1177 -9.1071 26.1310 0.5296 -14.2559 -12.0716 -0.0264 -1.0482 2.8815 -5.9643 -1.1305 15.5751 -2.9585 -2.9033 7.3809 0.7146 -1.7517 -0.7556 -4.3463 5.5283 -7.0478 1.0522 7.3484 23.4382 1.6895 2.9161 8.2079 0.0000 -0.0000 0.0000 -87.8927 -31.2039 51.1973 20.4455 -31.1754 -5.7602 -0.0000 -0.0000 6.2686 33.7711 25.4630 16.0399 -7.1250 0.0000 -0.0000 4.8239 59.7210 1.7360 0.0000 -0.0000 0.0000 69.3861 11.0106 32.7922 -154.2478 36.9629 -111.2618 0.0000 -0.0000 -46.3189 -35.2563 2.6592 -1.8784 7.1250 -0.0000 -0.0000 -6.6010 -26.7116 -2.9477
-3.3904 18.8477 3.0743 -174.2380 -76.6355 189.0380 0.0000 0.0000 0.0000 -19.4346 -0.5798 -18.7848 1.6550 8.1072 23.0401 0.6869 9.1413 -21.5350 0.1802 -2.7344 -7.5402 0.0000 0.0000 0.0000 7.4799 26.7523 -27.8577 -1.8953 -8.6445 24.6894 0.3408 -11.9865 -10.9885 -0.0250 -1.0205 2.8053 -5.6630 -0.2430 16.1247 -2.8747 -1.7660 7.5721 0.4685 -1.1949 -0.9106 -4.5164 4.8191 -6.3490 1.0942 6.3738 22.6151 1.6148 2.4893 7.8254 -0.0000 -0.0000 0.0000 -85.2616 -30.0991 49.8125 19.4022 -29.9154 -5.2299 -0.0000 -0.0000 6.1250 32.9795 25.9001 15.8250 -7.1250 0.0000 -0.0000 3.7628 60.0050 1.3789 -0.0000 -0.0000 0.0000 71.9672 9.7190 39.0256 -152.9778 38.2003 -110.4872 0.0000 -0.0000 -42.8987 -36.4273 2.9759 -2.1941 7.1250 -0.0000 -0.0000 -7.4523 -26.2700 -3.4113
-3.2247 18.8587 3.1907 -174.8660 -75.9459 189.7740 0.0000 0.0000 0.0000 -20.0156 0.0846 -19.9049 1.6712 8.1448 23.1547 0.7042 8.8901 -21.4780 0.0967 -2.0053 -5.5202 0.0000 0.0000 0.0000 4.9577 28.2184 -27.2394 -1.6517 -8.0993 23.0162 -0.0696 -6.2170 -10.5191 -0.0005 0.1382 -0.3797 -5.8905 0.6219 16.6317 -2.7872 -0.7318 7.7050 0.5216 -0.6993 -1.0773 -4.6392 4.1527 -6.3588 0.8466 5.5629 22.2188 1.4858 2.0991 7.7259 0.0000 -0.0000 0.0000 -83.1217 -29.8933 47.3715 17.3889 -27.3676 -4.2646 -0.0000 -0.0000 6.7074 32.3831 25.4851 15.2635 -7.1250 0.0000 -0.0000 3.1488 59.3941 1.1077 0.0000 -0.0000 0.0000 73.7015 9.5882 43.8176 -150.9478 40.0670 -109.2057 0.0000 -0.0000 -40.4020 -36.5385 4.3033 -3.1825 7.1250 -0.0000 -0.0000 -7.3872 -24.6302 -3.6655
-3.0580 18.8615 3.2558 -174.2400 -75.9201 189.4740 0.0000 0.0000 0.0000 -19.9910 0.4183 -21.5050 1.7701 8.3698 23.8429 0.6499 8.7608 -20.8425 0.1558 -2.5431 -7.0092 0.0000 0.0000 0.0000 3.1086 28.7871 -26.7571 -1.4654 -7.6502 21.6567 -0.2987 1.0770 -10.0016 -0.2396 3.1499 -8.6964 -5.8689 1.1356 16.8260 -2.6705 -0.0786 7.8132 0.5196 -0.3836 -1.0956 -5.2048 3.6264 -6.7501 1.4768 4.8237 22.6241 1.7449 1.7529 7.9192 -0.0000 0.0000 0.0000 -80.8616 -29.8117 44.5643 15.3929 -24.6906 -3.3884 -0.0000 -0.0000 7.1141 32.0595 25.0640 14.8597 -7.1250 0.0000 -0.0000 2.8703 58.8477 0.9720 -0.0000 0.0000 0.0000 75.4109 10.4710 48.9740 -148.6589 42.0155 -107.7025 0.0000 -0.0000 -37.8263 -36.7400 4.2343 -3.1547 7.1250 -0.0000 -0.0000 -7.5441 -24.7013 -3.7321
-2.8913 18.8729 3.2801 -173.0960 -76.0259 188.3750 0.0000 0.0000 0.0000 -19.6565 0.6692 -22.2401 1.7470 8.3180 23.6842 0.6360 8.2691 -20.2738 0.0805 -1.8307 -5.0381 0.0000 0.0000 0.0000 2.0264 29.0993 -26.3782 -1.5376 -7.8281 22.1930 -0.3695 4.3895 -10.8168 -0.1622 2.5949 -7.1529 -6.0094 1.6785 17.6765 -2.5362 0.5220 7.8221 0.6271 -0.0886 -1.5599 -4.9177 3.1612 -6.8700 1.3541 4.1912 22.6266 1.6091 1.4732 7.9743 0.0000 -0.0000 0.0000 -78.9663 -29.9741 40.7954 13.3305 -21.7695 -2.5746 -0.0000 -0.0000 9.2061 31.0444 23.2476 13.3645 -7.1250 0.0000 -0.0000 2.1317 56.5963 0.6062 0.0000 -0.0000 0.0000 76.4515 11.5656 53.4726 -146.6604 43.5894 -106.3444 0.0000 -0.0000 -35.3211 -37.2518 4.1715 -3.1663 7.1250 -0.0000 -0.0000 -7.9299 -24.7440 -3.9185
-2.7254 18.8991 3.2682 -171.6710 -76.4406 187.3090 0.0000 0.0000 0.0000 -19.1417 0.2919 -23.1628 1.7369 8.2951 23.6141 0.5665 8.4489 -19.7236 0.0732 -1.7452 -4.8021 0.0000 0.0000 0.0000 1.2993 29.1083 -26.4936 -1.8293 -8.5012 24.2469 -0.6186 1.6215 -14.3901 -0.0285 1.0901 -2.9967 -6.3396 2.0111 18.1776 -2.2703 0.8642 7.8048 1.0220 0.0759 -1.8619 -5.2402 2.7935 -7.0293 1.3940 3.7622 22.3892 1.6413 1.2641 7.9323 0.0000 -0.0000 0.0000 -77.4186 -30.4455 36.7058 11.7294 -19.3976 -2.0115 -0.0000 -0.0000 11.1836 31.6358 21.8464 12.9119 -7.1250 0.0000 -0.0000 3.0718 55.1686 0.7675 0.0000 -0.0000 0.0000 76.6961 12.8923 57.6104 -144.7942 44.9585 -105.0414 0.0000 -0.0000 -33.7596 -38.8646 4.9140 -3.9489 7.1250 -0.0000 -0.0000 -9.0164 -23.6909 -4.6898
-2.5768 18.8940 3.2138 -168.5450 -77.2214 184.7200 0.0000 0.0000 0.0000 -18.0876 -0.3903 -24.4999 1.8334 8.5100 24.2743 0.5467 8.5436 -19.6024 0.0688 -1.6917 -4.6543 0.0000 0.0000 0.0000 1.8270 28.0116 -26.6975 -2.1153 -9.1022 26.1156 -0.6569 -3.3779 -16.9058 -0.0174 0.8518 -2.3410 -6.0331 2.0678 18.1166 -2.3086 0.9894 8.0296 0.7868 0.1295 -1.5942 -5.3680 2.4443 -7.1965 1.9004 3.2533 21.7401 1.7827 1.0940 7.7504 0.0000 0.0000 0.0000 -75.7931 -31.6799 32.6014 10.6403 -17.7348 -1.6647 -0.0000 -0.0000 12.9672 31.5691 20.3758 12.0758 -7.1250 0.0000 -0.0000 3.2455 53.5047 0.6793 0.0000 0.0000 0.0000 75.7931 14.2450 60.9160 -143.5779 45.8013 -104.1757 0.0000 -0.0000 -32.3848 -40.9728 5.0159 -4.3422 7.1250 -0.0000 -0.0000 -10.5285 -23.3701 -5.5799
-2.4422 18.9289 3.1328 -165.4590 -78.0122 181.8370 0.0000 0.0000 0.0000 -17.0572 -0.8715 -25.1388 1.8311 8.5049 24.2586 0.4660 8.8575 -19.0334 0.0780 -1.8018 -4.9584 0.0000 0.0000 0.0000 2.2856 27.7362 -26.4110 -2.3820 -9.6200 27.7549 -0.2585 -8.1963 -15.8601 -0.0038 -0.3998 1.0985 -5.8177 2.2833 18.5806 -2.5282 1.2472 8.0255 0.3744 0.2669 -1.8447 -4.8049 1.9945 -6.9203 2.0011 2.5398 21.2830 1.6539 0.8285 7.5817 0.0000 0.0000 0.0000 -74.5162 -32.9971 30.0753 9.9565 -16.6714 -1.4624 -0.0000 -0.0000 14.4932 32.1754 18.9120 11.5253 -7.1250 0.0000 -0.0000 4.0852 51.9715 0.7022 0.0000 0.0000 0.0000 76.6420 14.1911 61.9079 -142.8378 46.2958 -103.6428 0.0000 -0.0000 -30.1541 -42.5313 4.8306 -4.4173 7.1250 -0.0000 -0.0000 -11.6807 -23.4600 -6.1899
-2.3202 18.9354 3.0129 -162.0490 -78.5375 179.2230 0.0000 0.0000 0.0000 -16.0461 -0.4785 -26.7862 1.8658 8.5809 24.4927 0.4283 8.1841 -17.9654 0.1086 -2.1249 -5.8510 0.0000 0.0000 0.0000 2.4068 27.9095 -26.9098 -2.5153 -9.8658 28.5431 0.2555 -11.5582 -12.0779 -0.0989 -2.0284 5.5843 -6.1098 2.3466 18.3516 -2.7170 1.3018 7.8640 0.3305 0.3018 -1.9017 -4.6479 1.7554 -7.1611 2.5270 2.1052 21.3051 1.7688 0.6867 7.6406 -0.0000 0.0000 0.0000 -73.7822 -34.4584 27.7639 9.6706 -16.2227 -1.3815 -0.0000 -0.0000 16.1152 32.2119 18.7076 11.4241 -7.1250 0.0000 -0.0000 4.1469 51.7462 0.6899 -0.0000 0.0000 0.0000 76.9605 13.7936 62.3810 -142.9121 46.2468 -103.6965 0.0000 -0.0000 -28.5120 -41.4049 5.5877 -4.9073 7.1250 -0.0000 -0.0000 -10.7457 -22.5841 -5.8963
-2.2033 18.9137 2.8688 -157.7280 -79.0034 175.3240 0.0000 0.0000 0.0000 -14.5867 -0.6153 -28.2623 2.0415 8.9520 25.6453 0.4509 7.6153 -17.6979 0.1346 -2.3648 -6.5150 0.0000 0.0000 0.0000 2.9361 28.2387 -26.5555 -2.4454 -9.7380 28.1324 0.4820 -13.1813 -10.2391 -0.1089 -2.1279 5.8593 -6.3863 2.3133 18.7318 -2.7687 1.1778 7.6102 0.4457 0.2574 -2.3662 -4.8971 1.5897 -7.2145 3.1668 1.8122 20.9579 1.9933 0.5984 7.5348 -0.0000 -0.0000 0.0000 -73.6838 -35.5949 27.6214 9.8522 -16.5081 -1.4327 -0.0000 -0.0000 14.8053 34.0907 19.0020 12.4277 -7.1250 0.0000 -0.0000 6.0969 52.4573 1.1224 -0.0000 -0.0000 0.0000 78.0054 13.1134 61.9504 -143.2142 46.0460 -103.9143 0.0000 -0.0000 -26.1525 -40.7488 6.3653 -5.4566 7.1250 -0.0000 -0.0000 -10.1525 -21.6510 -5.7798
-2.0869 18.8712 2.7314 -149.1510 -78.6306 166.4350 0.0000 0.0000 0.0000 -12.0673 0.2407 -29.4482 2.3553 9.5700 27.5952 0.5319 6.5287 -17.6936 0.1516 -2.5089 -6.9145 0.0000 0.0000 0.0000 5.1153 28.3389 -25.4490 -2.2623 -9.3923 27.0302 0.3593 -11.8937 -10.2399 -0.0694 -1.6993 4.6755 -5.5251 2.1253 19.2431 -2.6254 1.0346 7.8625 0.1372 0.1850 -2.3454 -5.2343 1.5751 -7.3301 3.4985 1.8216 20.3488 2.1525 0.6258 7.3474 -0.0000 -0.0000 0.0000 -73.7936 -37.5361 27.0009 9.7985 -16.4238 -1.4175 -0.0000 -0.0000 14.4017 34.6539 18.8755 12.6054 -7.1250 0.0000 -0.0000 6.7065 52.4266 1.2304 -0.0000 -0.0000 0.0000 77.0041 13.3437 62.8702 -144.3120 45.2972 -104.6997 0.0000 -0.0000 -23.4225 -41.2129 5.3361 -4.6565 7.1250 -0.0000 -0.0000 -10.6495 -22.9312 -5.7555
-1.9841 18.8184 2.5679 -148.1710 -78.3444 165.4640 0.0000 0.0000 0.0000 -11.0274 0.5397 -30.5125 2.5806 9.9830 28.9216 0.5635 6.2077 -17.7933 0.1868 -2.7839 -7.6777 0.0000 0.0000 0.0000 5.1885 28.6742 -25.4751 -2.1293 -9.1303 26.2038 0.2552 -11.4514 -11.8641 -0.1014 -2.0534 5.6532 -6.0004 1.8475 19.3065 -3.0002 0.5515 7.9330 0.1069 -0.0667 -2.2801 -4.8656 1.8230 -7.8284 3.4864 2.1454 20.2609 2.1181 0.8129 7.3968 -0.0000 0.0000 0.0000 -73.6483 -39.3593 27.7369 9.9933 -16.7291 -1.4730 -0.0000 -0.0000 12.8525 35.7959 19.2249 13.3573 -7.1250 0.0000 -0.0000 7.9158 53.0725 1.5799 -0.0000 0.0000 0.0000 77.3647 13.8660 63.7791 -145.2094 44.6620 -105.3341 0.0000 -0.0000 -19.9730 -41.5427 5.4744 -4.8318 7.1250 -0.0000 -0.0000 -10.8629 -22.7171 -5.9293
-1.8890 18.7602 2.3864 -147.2780 -77.5902 164.5230 0.0000 0.0000 0.0000 -9.7842 1.4461 -31.4961 2.7935 10.3530 30.1275 0.5949 5.4871 -17.5994 0.2582 -3.2692 -9.0290 0.0000 0.0000 0.0000 5.6241 28.8498 -25.8191 -2.0189 -8.9052 25.4994 0.3097 -13.1050 -14.0817 -0.1384 -2.3980 6.6070 -6.1125 1.6186 19.5334 -3.3691 0.1795 7.8715 -0.1464 -0.2479 -2.4454 -4.9203 2.0163 -8.1131 3.7311 2.4014 19.9970 2.2279 0.9607 7.3445 -0.0000 0.0000 0.0000 -73.8632 -41.5338 27.0960 9.8021 -16.4295 -1.4185 -0.0000 -0.0000 14.2878 33.9511 17.5413 11.4706 -7.1250 0.0000 -0.0000 6.0566 50.7415 0.8596 -0.0000 0.0000 0.0000 77.7215 14.2780 63.5438 -146.2407 43.9056 -106.0542 0.0000 -0.0000 -18.3840 -42.4713 5.5637 -5.0717 7.1250 -0.0000 -0.0000 -11.5094 -22.4989 -6.3548
-1.8036 18.7036 2.1929 -148.9200 -76.8955 165.9110 0.0000 0.0000 0.0000 -9.0985 2.2753 -32.0102 2.9729 10.6511 31.1121 0.6137 5.3330 -17.6976 0.3289 -3.6858 -10.1944 0.0000 0.0000 0.0000 5.5394 28.7942 -26.3547 -1.9450 -8.7505 25.0179 0.6890 -16.2783 -13.9666 -0.1086 -2.1246 5.8503 -6.9988 1.3313 19.7162 -3.5726 -0.4032 7.9790 0.2569 -0.5625 -2.3892 -5.0470 2.4388 -8.7175 3.8665 3.0191 19.8475 2.3513 1.2659 7.3696 0.0000 0.0000 0.0000 -74.8293 -43.6347 26.3106 9.7787 -16.3927 -1.4119 -0.0000 -0.0000 15.3322 35.3143 17.6538 12.1249 -7.1250 0.0000 -0.0000 7.4693 51.1367 1.1346 0.0000 0.0000 0.0000 78.0935 14.8708 62.6485 -146.8657 43.4330 -106.4857 0.0000 -0.0000 -17.0888 -44.1210 5.3368 -5.1541 7.1250 -0.0000 -0.0000 -12.7205 -22.6122 -7.0214
-1.7274 18.6226 1.9693 -151.1520 -76.0639 167.8980 0.0000 0.0000 0.0000 -8.3431 2.8964 -32.4750 3.2304 11.0590 32.4792 0.6676 5.1546 -18.1625 0.3559 -3.8328 -10.6067 0.0000 0.0000 0.0000 5.4259 28.6617 -26.9785 -1.8542 -8.5556 24.4148 0.8980 -17.2826 -12.0255 -0.0087 0.6014 -1.6526 -7.9292 1.0997 19.8659 -3.7826 -0.9223 8.0109 0.6637 -0.8424 -2.3851 -5.2918 2.9043 -9.2316 4.0397 3.7057 19.6465 2.5111 1.5993 7.3532 -0.0000 -0.0000 0.0000 -75.4461 -45.5623 27.4772 9.5592 -16.0472 -1.3505 -0.0000 -0.0000 14.8350 32.8969 15.3746 9.7315 -7.1250 0.0000 -0.0000 5.1235 48.0457 0.3859 -0.0000 -0.0000 0.0000 79.4083 14.8997 60.2399 -147.5379 42.9125 -106.9456 0.0000 -0.0000 -17.8658 -43.7465 5.8437 -5.5662 7.1250 -0.0000 -0.0000 -12.3601 -21.9761 -6.9970
-1.6747 18.5391 1.7293 -152.8500 -75.1557 169.1640 0.0000 0.0000 0.0000 -7.3519 3.3965 -32.6183 3.5310 11.5087 34.0155 0.6502 5.8086 -18.4434 0.9927 -6.3411 -17.7774 0.0000 0.0000 0.0000 6.4937 27.0449 -27.3201 -1.8807 -8.6129 24.5918 0.5734 -14.3523 -11.1765 -0.1795 2.7287 -7.5242 -8.6890 0.7806 20.0003 -3.8332 -1.5148 8.3181 1.1548 -1.1836 -2.0562 -5.7496 3.4965 -10.1897 4.2990 4.6334 19.3269 2.7635 2.0518 7.3536 0.0000 0.0000 0.0000 -76.4098 -47.6209 26.5495 9.2780 -15.6024 -1.2739 -0.0000 -0.0000 16.7767 33.8793 16.4154 10.7442 -7.1250 0.0000 -0.0000 6.0485 49.4220 0.6617 0.0000 0.0000 0.0000 78.7962 15.3758 59.1837 -148.1869 42.3977 -107.3854 0.0000 -0.0000 -18.0610 -44.1977 5.9041 -5.7118 7.1250 -0.0000 -0.0000 -12.6653 -21.8381 -7.2192
-1.6378 18.4649 1.4798 -154.0730 -74.2045 169.9150 0.0000 0.0000 0.0000 -6.3382 4.1492 -32.3202 3.7087 11.7623 34.8961 0.7006 5.7699 -18.9478 0.9772 -6.2930 -17.6370 0.0000 0.0000 0.0000 7.8323 25.7805 -27.4533 -1.9704 -8.8042 25.1847 0.2581 -10.7051 -10.1724 -0.3210 3.6419 -10.0712 -8.9173 0.2870 20.7585 -4.0355 -2.3264 8.2949 1.2544 -1.5803 -2.4019 -5.6220 4.2822 -10.8833 4.0963 5.7755 19.2393 2.7887 2.5928 7.3975 -0.0000 0.0000 0.0000 -77.1873 -48.7199 25.5977 8.8349 -14.8969 -1.1573 -0.0000 -0.0000 18.0736 35.4588 17.5991 12.1525 -7.1250 0.0000 -0.0000 7.6228 51.1011 1.1514 -0.0000 0.0000 0.0000 78.2586 14.8890 60.4800 -148.9162 41.8044 -107.8744 0.0000 -0.0000 -15.9136 -44.6242 5.0652 -4.9801 7.1250 -0.0000 -0.0000 -13.1293 -22.9215 -7.1632
-1.6240 18.4267 1.2238 -152.5640 -73.0175 168.4410 0.0000 0.0000 0.0000 -4.3458 4.4597 -31.8538 3.7856 11.8694 35.2717 0.7374 6.0814 -19.5505 0.8499 -5.8798 -16.4360 0.0000 0.0000 0.0000 9.7865 26.1851 -26.9048 -1.8893 -8.6317 24.6498 0.1358 -9.2771 -10.4181 -0.3061 3.5572 -9.8340 -8.1696 -0.4568 21.0996 -4.0749 -3.1875 8.3470 0.9937 -1.9888 -2.4993 -4.8369 5.3178 -11.2414 3.1249 7.2701 18.6595 2.4685 3.2894 7.2673 -0.0000 -0.0000 0.0000 -77.0040 -49.0815 25.7793 8.7650 -14.7852 -1.1394 -0.0000 -0.0000 17.9195 35.3069 17.0529 11.7329 -7.1250 0.0000 -0.0000 7.4826 50.4309 1.0064 -0.0000 -0.0000 0.0000 77.6435 14.9387 63.0323 -149.4142 41.3902 -108.2050 0.0000 -0.0000 -12.0170 -45.8921 4.3600 -4.4844 7.1250 -0.0000 -0.0000 -14.1721 -23.7469 -7.4880
-1.6322 18.4089 0.9336 -151.0010 -72.0683 166.9630 0.0000 0.0000 0.0000 -2.4916 4.7699 -30.8491 3.6621 11.6966 34.6671 0.6891 6.9511 -19.7202 0.9944 -6.3463 -17.7924 0.0000 0.0000 0.0000 11.7896 27.3495 -25.6185 -1.7449 -8.3132 23.6696 0.0638 -9.0956 -11.7329 -0.1853 2.7728 -7.6469 -9.3789 -0.8613 21.4368 -2.5122 -3.8593 8.2727 3.4963 -2.3447 -2.4863 -6.2397 6.1318 -11.4136 2.1892 8.8366 18.1979 2.5109 3.8692 7.0695 -0.0000 0.0000 0.0000 -80.0177 -48.8998 24.7120 8.6555 -14.6098 -1.1116 -0.0000 -0.0000 20.1745 34.4267 16.0561 10.7340 -7.1250 0.0000 -0.0000 6.6180 49.1009 0.6720 -0.0000 0.0000 0.0000 74.9228 14.8334 66.4025 -150.0775 40.8269 -108.6411 0.0000 -0.0000 -5.6517 -49.1055 -0.5618 0.6487 7.1250 -0.0000 -0.0000 -17.6934 -30.5390 -6.5294
-1.6643 18.4518 0.6952 -155.1600 -72.0380 171.5350 0.0000 0.0000 0.0000 -3.0923 4.0989 -29.5010 3.2636 11.1101 32.6520 0.6016 8.1845 -19.8513 0.8741 -5.9608 -16.6707 0.0000 0.0000 0.0000 11.2368 27.7677 -25.1973 -1.5953 -7.9666 22.6127 0.0154 -8.9335 -12.4444 -0.1352 2.3696 -6.5282 -10.6846 -1.5671 21.0977 -2.1817 -4.9522 8.2491 4.7730 -2.9263 -2.0386 -6.5157 6.8867 -11.2930 1.0534 10.1022 17.4199 2.2638 4.3849 6.7978 0.0000 0.0000 0.0000 -82.4121 -49.0019 25.3583 8.3353 -14.0949 -1.0322 -0.0000 -0.0000 21.8402 32.4940 12.9529 8.1250 -7.1250 0.0000 -0.0000 4.8488 45.1776 0.0213 0.0000 0.0000 0.0000 73.1277 14.8538 70.0724 -150.8067 40.1919 -109.1147 0.0000 -0.0000 -1.5862 -54.1104 -4.3296 5.9562 7.1250 -0.0000 -0.0000 -22.9203 -36.4052 -5.1862
-1.7040 18.5149 0.4781 -155.7860 -71.4867 172.5860 0.0000 0.0000 0.0000 -2.4600 3.0522 -27.4521 2.7841 10.3370 30.0751 0.3739 10.7096 -19.9338 0.9277 -6.1358 -17.1790 0.0000 0.0000 0.0000 12.2554 27.2655 -24.8394 -1.4208 -7.5380 21.3194 0.0505 -8.4825 -11.0516 -0.1822 2.7493 -7.5816 -10.4234 -2.1180 21.0485 -1.7181 -5.5646 8.1448 5.2449 -3.2185 -2.0084 -6.3166 7.4607 -11.2598 0.0536 11.0043 17.4631 1.9901 4.7291 6.8481 -0.0000 0.0000 0.0000 -84.2964 -48.4772 31.4472 8.4981 -14.3571 -1.0723 -0.0000 -0.0000 20.4965 30.4073 12.6647 7.3318 -7.1250 0.0000 -0.0000 2.9020 44.5641 -0.0313 -0.0000 0.0000 0.0000 72.5259 14.2185 70.7182 -151.4280 39.6375 -109.5134 0.0000 -0.0000 -0.5811 -53.1904 -2.4389 3.2546 7.1250 -0.0000 -0.0000 -21.4530 -33.4025 -6.4947
-1.7614 18.5935 0.2792 -156.5870 -71.0662 174.1950 0.0000 0.0000 0.0000 -1.8921 0.8474 -25.2169 2.2939 9.4531 27.2233 0.1620 13.6414 -21.1676 0.7211 -5.4263 -15.1286 0.0000 0.0000 0.0000 12.5871 27.8188 -24.3297 -1.2097 -6.9775 19.6486 0.1083 -9.0037 -10.5929 -0.1629 2.6001 -7.1674 -10.3643 -2.8105 20.5048 -0.9107 -6.3090 7.9733 6.1739 -3.5932 -1.7008 -6.8139 8.1805 -11.4247 -0.8153 12.2233 17.6552 1.9025 5.1778 6.9352 0.0000 -0.0000 0.0000 -86.3259 -48.6953 35.3584 8.4027 -14.2035 -1.0487 -0.0000 -0.0000 23.0095 25.6289 11.6325 5.5251 -7.1250 0.0000 -0.0000 -1.3964 42.8371 0.0745 0.0000 -0.0000 0.0000 71.0960 14.4708 68.4666 -152.0261 39.0922 -109.8928 0.0000 -0.0000 -2.5405 -50.7253 1.1996 -1.4665 7.1250 -0.0000 -0.0000 -18.4240 -27.8826 -8.0594
-1.8375 18.6592 0.0998 -158.1240 -70.5767 176.4640 0.0000 0.0000 0.0000 -1.8922 -0.3997 -23.3220 1.8680 8.5856 24.5074 -0.1101 16.1827 -21.8532 0.6712 -5.2390 -14.5914 0.0000 0.0000 0.0000 12.4872 28.7880 -23.9538 -1.0779 -6.5993 18.5335 0.1521 -9.6853 -10.7807 -0.1429 2.4363 -6.7131 -9.9128 -3.3571 19.5560 -0.5402 -6.7803 7.7760 6.3185 -3.8198 -1.3545 -6.5512 8.5544 -11.1195 -1.5836 12.7740 17.8618 1.6600 5.3673 7.0079 0.0000 0.0000 0.0000 -88.1724 -48.8260 42.1341 8.8832 -14.9741 -1.1698 -0.0000 -0.0000 21.6906 27.5262 13.7730 7.0727 -7.1250 0.0000 -0.0000 0.1030 45.4314 0.0011 0.0000 0.0000 0.0000 70.1809 14.0965 63.8636 -153.1829 38.0042 -110.6137 0.0000 -0.0000 -6.8295 -49.3477 1.8628 -2.1680 7.1250 -0.0000 -0.0000 -17.2385 -26.9894 -7.8746
-1.9064 18.7049 -0.0679 -160.8750 -69.4980 179.1510 0.0000 0.0000 0.0000 -2.4338 -0.7275 -20.8329 1.5013 7.7392 21.9246 -0.4459 18.7140 -22.3993 0.6956 -5.3315 -14.8565 0.0000 0.0000 0.0000 12.5090 29.0834 -23.4675 -1.0282 -6.4501 18.0961 0.1419 -9.2129 -10.1425 -0.1367 2.3827 -6.5646 -9.7329 -3.5350 19.1959 -0.5162 -6.9418 7.7092 6.2377 -3.8995 -1.2348 -6.4150 8.7675 -10.9133 -1.8795 13.0659 18.3878 1.5772 5.4473 7.1681 0.0000 -0.0000 0.0000 -90.9160 -48.0904 44.7203 10.1675 -17.0011 -1.5235 -0.0000 -0.0000 19.0886 28.9609 14.9206 8.1097 -7.1250 0.0000 -0.0000 1.3319 46.9134 0.0629 0.0000 -0.0000 0.0000 70.3307 13.7254 55.9297 -154.4268 36.7842 -111.3692 0.0000 -0.0000 -14.0884 -45.9405 2.4819 -2.5622 7.1250 -0.0000 -0.0000 -14.6042 -26.3470 -6.8155
-1.9568 18.7462 -0.2169 -164.6700 -67.5311 182.9020 0.0000 0.0000 0.0000 -3.4584 -0.5846 -18.5789 1.2309 7.0362 19.8226 -0.7259 20.9308 -23.4905 0.6747 -5.2522 -14.6293 0.0000 0.0000 0.0000 11.9198 30.1262 -23.4368 -1.0394 -6.4841 18.1956 0.1133 -8.5437 -9.6400 -0.1403 2.4139 -6.6510 -10.0527 -3.2323 18.5510 -0.8007 -6.5624 7.7289 5.9855 -3.7370 -0.9444 -6.2891 8.6496 -10.9506 -2.0297 12.9189 18.6916 1.5118 5.3475 7.2971 0.0000 0.0000 0.0000 -93.9441 -46.6332 48.2943 12.7150 -20.8683 -2.3508 -0.0000 -0.0000 10.9413 32.3898 18.1011 11.1499 -7.1250 0.0000 -0.0000 4.3969 51.0893 0.6607 0.0000 0.0000 0.0000 70.7643 13.8689 46.2718 -155.5293 35.6581 -112.0207 0.0000 -0.0000 -22.4819 -41.6068 2.8016 -2.4855 7.1250 -0.0000 -0.0000 -11.3476 -26.2027 -5.2685
-1.9991 18.7622 -0.3450 -167.2850 -65.4866 185.4290 0.0000 0.0000 0.0000 -3.9835 -1.9859 -16.2301 1.0970 6.6555 18.6986 -0.6999 22.6417 -26.8007 0.3788 -3.9530 -10.9444 0.0000 0.0000 0.0000 11.5486 31.1975 -23.5271 -1.0778 -6.5989 18.5323 0.0943 -7.8761 -8.9396 -0.2147 2.9833 -8.2322 -10.0003 -2.9402 18.1267 -1.1107 -6.1563 7.6944 5.5299 -3.5367 -0.8784 -6.2556 8.4882 -10.6581 -2.3590 12.7134 18.7280 1.3732 5.2156 7.2898 -0.0000 0.0000 0.0000 -96.2285 -45.1617 51.8693 15.3938 -24.6919 -3.3888 -0.0000 -0.0000 4.8020 36.2434 20.8223 14.6053 -7.1250 0.0000 -0.0000 8.3273 55.0328 2.0622 -0.0000 0.0000 0.0000 70.6598 14.9692 37.9253 -156.5200 34.6096 -112.5909 0.0000 -0.0000 -29.0688 -36.8150 3.0216 -2.2595 7.1250 -0.0000 -0.0000 -7.7387 -26.1940 -3.5585
-2.0237 18.7626 -0.4660 -168.8780 -63.6490 186.7300 0.0000 0.0000 0.0000 -4.4683 -1.5828 -15.1136 1.0839 6.6170 18.5855 -0.7918 23.6578 -27.8167 0.4084 -4.1025 -11.3651 0.0000 0.0000 0.0000 11.5499 32.0770 -23.4351 -1.1375 -6.7733 19.0454 0.0434 -6.8500 -8.6333 -0.2162 2.9936 -8.2608 -10.2818 -2.8353 18.3885 -1.0847 -6.1171 7.5949 5.7377 -3.5143 -1.0926 -6.9111 8.5420 -10.5925 -2.5791 12.9137 18.7796 1.4145 5.2320 7.2701 -0.0000 0.0000 0.0000 -98.2658 -44.3540 54.2745 17.3255 -27.2848 -4.2355 -0.0000 -0.0000 1.1377 40.2628 22.8288 18.1904 -7.1250 0.0000 -0.0000 13.0683 58.3831 4.3253 -0.0000 0.0000 0.0000 69.1480 17.8965 33.0908 -157.5965 33.4300 -113.1932 0.0000 -0.0000 -33.2530 -33.8811 2.9003 -1.9459 7.1250 -0.0000 -0.0000 -5.5382 -26.4798 -2.4987
-2.0442 18.7730 -0.5780 -169.8100 -62.3365 187.6030 0.0000 0.0000 0.0000 -4.5874 -1.3415 -14.6449 1.1294 6.7498 18.9761 -0.5103 23.2676 -29.3281 0.2272 -3.0683 -8.4690 0.0000 0.0000 0.0000 11.8098 31.8354 -23.6824 -1.1708 -6.8682 19.3255 -0.0212 -5.1956 -8.0575 -0.2189 3.0118 -8.3117 -9.9729 -2.8202 18.6519 -1.3813 -6.0974 7.2795 5.2959 -3.4450 -1.6485 -6.3248 8.4733 -9.8585 -3.0221 12.6997 18.8655 1.1370 5.1222 7.2418 -0.0000 0.0000 0.0000 -99.9840 -43.6554 56.0553 18.7829 -29.1480 -4.9246 -0.0000 0.0000 -1.9800 42.3117 23.2675 19.7782 -7.1250 0.0000 -0.0000 15.7288 59.4623 5.6409 -0.0000 0.0000 0.0000 67.9382 20.9329 30.3177 -158.2924 32.6450 -113.5726 0.0000 -0.0000 -35.1563 -32.1192 3.5139 -2.2034 7.1250 -0.0000 -0.0000 -4.1603 -25.8302 -1.9368
-2.0342 18.7798 -0.6930 -169.7110 -61.4231 187.7950 0.0000 0.0000 0.0000 -4.2046 -0.3480 -15.3924 1.2313 7.0370 19.8252 -0.8339 23.9404 -27.9762 0.4354 -4.2343 -11.7367 0.0000 0.0000 0.0000 12.1693 32.2654 -23.9321 -1.1727 -6.8738 19.3420 -0.0472 -4.3883 -7.8009 -0.1442 2.4471 -6.7429 -9.9236 -3.1835 18.7365 -1.1397 -6.5722 7.5434 5.5898 -3.7227 -1.3057 -7.8804 8.4842 -11.6710 -2.1629 13.0730 19.4929 1.7765 5.2061 7.6015 -0.0000 -0.0000 0.0000 -101.9320 -45.3859 56.9927 19.3293 -29.8259 -5.1936 -0.0000 0.0000 -4.7303 41.9527 22.6992 19.1308 -7.1250 0.0000 -0.0000 15.2045 58.6847 5.1629 -0.0000 -0.0000 0.0000 66.4182 26.3535 29.7868 -158.5720 32.3245 -113.7228 0.0000 -0.0000 -35.4877 -29.3531 2.9579 -1.6623 7.1250 -0.0000 -0.0000 -2.0961 -26.5860 -0.9370
-1.9921 18.7901 -0.7931 -170.6400 -60.6549 188.9790 0.0000 0.0000 0.0000 -4.2269 -0.1956 -15.9324 1.3237 7.2865 20.5668 -0.4985 22.9349 -28.8859 0.2150 -2.9850 -8.2370 0.0000 0.0000 0.0000 11.9335 32.3989 -24.5587 -1.1811 -6.8975 19.4121 -0.0569 -3.6916 -7.3122 -0.1164 2.1992 -6.0565 -10.0079 -3.2573 18.9498 -1.6282 -6.7543 7.6577 5.1601 -3.8205 -1.3184 -7.3692 8.4129 -11.9528 -2.1104 12.9125 19.3936 1.7172 5.1810 7.6486 0.0000 0.0000 0.0000 -103.1538 -47.7367 58.7042 18.4653 -28.7489 -4.7709 -0.0000 0.0000 -7.4077 41.9872 21.6434 18.3634 -7.1250 0.0000 -0.0000 15.1420 57.4279 4.6805 0.0000 0.0000 0.0000 66.0961 30.7439 32.0054 -158.4402 32.4760 -113.6521 0.0000 -0.0000 -31.5270 -29.0108 3.5760 -1.9810 7.1250 -0.0000 -0.0000 -1.8095 -25.8918 -0.8381
-1.9448 18.7980 -0.8760 -170.1460 -60.0609 189.3410 0.0000 0.0000 0.0000 -3.6360 0.4265 -17.2768 1.4032 7.4932 21.1850 -0.9815 24.0404 -26.9427 0.4305 -4.2105 -11.6697 0.0000 0.0000 0.0000 12.2277 32.3942 -25.5974 -1.1574 -6.8302 19.2133 -0.0501 -3.1552 -6.5405 -0.1160 2.1962 -6.0481 -9.3358 -3.6334 19.1082 -2.0597 -7.1609 7.4234 4.4385 -3.9610 -1.7421 -6.3981 8.5912 -11.4256 -2.5838 12.9815 18.9942 1.3929 5.2688 7.5169 -0.0000 -0.0000 0.0000 -103.5363 -50.0489 58.8429 16.8508 -26.6606 -4.0201 -0.0000 0.0000 -9.5522 39.1837 18.4079 14.4343 -7.1250 0.0000 -0.0000 11.6276 52.8442 2.2688 -0.0000 -0.0000 0.0000 66.2703 34.3879 37.8724 -157.7456 33.2634 -113.2751 0.0000 -0.0000 -24.5923 -28.0110 3.3364 -1.7733 7.1250 -0.0000 -0.0000 -1.0613 -26.2016 -0.4837
-1.8904 18.8100 -0.9640 -171.2860 -59.9596 190.9390 0.0000 0.0000 0.0000 -3.7775 -0.1873 -17.5202 1.3528 7.3630 20.7952 -0.8906 23.9182 -27.4778 0.2634 -3.3018 -9.1201 0.0000 0.0000 0.0000 11.8119 31.7065 -26.5822 -1.1463 -6.7986 19.1200 -0.0564 -2.4410 -6.0654 -0.0773 1.7931 -4.9342 -9.7097 -4.0562 19.4666 -2.3865 -7.8571 7.6749 4.4282 -4.3379 -1.5538 -5.4902 8.8795 -11.3272 -3.7055 13.3744 17.9020 0.9103 5.4894 7.2806 -0.0000 -0.0000 0.0000 -104.2953 -53.6757 57.4447 14.6011 -23.5875 -3.0645 -0.0000 0.0000 -9.0774 36.2718 16.4414 11.7333 -7.1250 0.0000 -0.0000 8.4907 49.8936 1.0309 -0.0000 -0.0000 0.0000 66.0509 38.4762 45.1315 -156.1148 35.0426 -112.3595 0.0000 -0.0000 -18.2602 -28.1974 3.4328 -1.8387 7.1250 -0.0000 -0.0000 -1.1992 -26.0858 -0.5499
-1.8332 18.8285 -1.0421 -171.4450 -60.0164 192.1230 0.0000 0.0000 0.0000 -3.5507 -0.3657 -18.7261 1.3351 7.3164 20.6561 -1.2546 24.8534 -26.1458 0.3322 -3.7042 -10.2458 0.0000 0.0000 0.0000 11.2172 32.5055 -27.4954 -1.0880 -6.6290 18.6209 -0.0263 -3.3472 -5.9123 -0.0819 1.8456 -5.0793 -9.2990 -4.5107 19.6846 -2.7727 -8.4331 8.0031 3.8952 -4.6406 -1.3563 -5.8451 8.9191 -13.3043 -3.4203 13.6783 17.6878 1.1779 5.6365 7.5087 0.0000 0.0000 0.0000 -104.1679 -57.2844 56.0452 12.6938 -20.8369 -2.3432 -0.0000 0.0000 -7.0575 32.9857 13.8640 8.8401 -7.1250 0.0000 -0.0000 5.2829 46.3076 0.1710 0.0000 0.0000 0.0000 66.3731 41.9888 52.8187 -153.6233 37.5783 -110.8836 0.0000 -0.0000 -11.8401 -29.7116 4.9876 -2.8403 7.1250 -0.0000 -0.0000 -2.2636 -24.2424 -1.1354
-1.7728 18.8334 -1.0985 -171.6010 -60.1483 193.3840 0.0000 0.0000 0.0000 -3.2426 -1.3506 -19.7067 1.3053 7.2374 20.4207 -1.3977 25.5125 -26.2302 0.2865 -3.4420 -9.5119 0.0000 0.0000 0.0000 10.6252 32.6945 -28.8120 -1.0387 -6.4820 18.1896 -0.0054 -3.6947 -5.5102 -0.0453 1.3732 -3.7764 -8.7422 -4.9999 20.0567 -3.2235 -9.0440 8.2160 3.2577 -4.9336 -1.4075 -5.2297 9.1055 -13.5180 -3.7799 13.8606 16.3707 0.9683 5.8287 7.1801 -0.0000 0.0000 0.0000 -102.4871 -60.0358 55.3237 11.6908 -19.3393 -1.9987 -0.0000 0.0000 -5.9279 32.7062 13.1106 8.2873 -7.1250 0.0000 -0.0000 5.0441 45.3906 0.0488 -0.0000 0.0000 0.0000 67.1887 44.6201 59.4409 -150.8015 40.1964 -109.1114 0.0000 -0.0000 -6.7422 -30.0942 5.5445 -3.2049 7.1250 -0.0000 -0.0000 -2.5135 -23.5793 -1.2994
-1.7114 18.8319 -1.1659 -171.9600 -59.8143 194.8320 0.0000 0.0000 0.0000 -2.9885 -2.0987 -20.3771 1.2599 7.1155 20.0580 -1.1435 25.3202 -28.0202 0.1205 -2.2378 -6.1634 0.0000 0.0000 0.0000 9.7600 33.4735 -30.2864 -1.0296 -6.4543 18.1085 0.0096 -3.9723 -5.2474 -0.0826 1.8543 -5.1031 -8.7617 -5.3416 20.2360 -3.7579 -9.5635 8.4555 2.8012 -5.2065 -1.2761 -5.5888 9.1674 -14.6917 -3.3729 14.0470 15.5613 1.2000 5.9845 7.0580 0.0000 0.0000 0.0000 -99.1800 -62.5177 52.6028 10.9811 -18.2593 -1.7700 -0.0000 0.0000 -3.1238 30.8963 11.1195 6.5831 -7.1250 0.0000 -0.0000 3.4371 42.8549 -0.1822 0.0000 0.0000 0.0000 69.5635 46.6566 65.2193 -147.8979 42.6284 -107.1901 0.0000 -0.0000 -2.4317 -30.4318 6.8500 -4.0078 7.1250 -0.0000 -0.0000 -2.6715 -22.0514 -1.4747
-1.6489 18.8258 -1.2299 -172.1430 -59.7070 195.9780 0.0000 0.0000 0.0000 -2.6306 -2.3608 -21.1945 1.2174 6.9987 19.7117 -1.2738 25.6965 -27.6844 0.1357 -2.3744 -6.5414 0.0000 0.0000 0.0000 9.1900 33.7728 -31.7670 -1.0423 -6.4929 18.2215 0.0178 -4.0303 -4.9386 -0.0562 1.5300 -4.2084 -8.3667 -5.4628 20.5094 -4.5064 -9.7560 8.7593 1.8615 -5.3071 -1.2749 -4.8612 9.0881 -14.9796 -3.1645 13.7530 14.4625 1.1130 5.9863 6.7819 -0.0000 0.0000 0.0000 -94.6523 -64.2764 51.9993 10.7659 -17.9285 -1.7031 -0.0000 0.0000 -2.6838 31.3989 12.2960 7.4062 -7.1250 0.0000 -0.0000 3.8481 44.2705 -0.0694 -0.0000 0.0000 0.0000 72.0664 47.5709 67.9575 -145.5509 44.4147 -105.5736 0.0000 -0.0000 -0.1078 -31.4796 8.4289 -5.1288 7.1250 -0.0000 -0.0000 -3.2980 -20.1308 -1.9647
-1.5950 18.8219 -1.2829 -171.7510 -60.0515 196.6180 0.0000 0.0000 0.0000 -1.7090 -3.6303 -21.7270 1.1823 6.9008 19.4219 -1.1134 25.6244 -28.8335 0.0813 -1.8394 -5.0619 0.0000 0.0000 0.0000 8.9699 33.8508 -33.1017 -1.0345 -6.4694 18.1525 0.0255 -4.1242 -4.6910 -0.0593 1.5714 -4.3225 -8.1681 -5.6757 20.9306 -4.5984 -10.0412 8.7660 1.7684 -5.4272 -1.5088 -5.0113 8.9723 -14.9707 -2.8333 13.5569 13.9472 1.1998 5.9517 6.5789 -0.0000 0.0000 0.0000 -90.5005 -65.2658 49.5690 10.4719 -17.4743 -1.6138 -0.0000 0.0000 -1.9482 31.3142 12.0098 7.2144 -7.1250 0.0000 -0.0000 3.7827 43.9301 -0.1000 -0.0000 0.0000 0.0000 73.9498 47.9900 69.0328 -144.0688 45.4657 -104.5266 0.0000 0.0000 0.1954 -32.6284 8.9284 -5.6745 7.1250 -0.0000 -0.0000 -4.0667 -19.4272 -2.4888
-1.5613 18.8190 -1.3396 -171.7820 -60.3811 197.2940 0.0000 0.0000 0.0000 -1.2345 -4.0233 -22.1114 1.1253 6.7381 18.9418 -0.9735 25.4399 -29.5599 0.0351 -1.2095 -3.3255 0.0000 0.0000 0.0000 8.9436 33.4718 -33.9654 -1.0235 -6.4358 18.0543 0.0224 -3.8689 -4.4043 -0.0565 1.5332 -4.2172 -8.2380 -5.6888 21.5107 -4.6074 -10.1346 8.7038 1.8956 -5.4538 -1.8500 -4.8412 8.8170 -14.7550 -2.9631 13.3047 13.6708 1.0932 5.8475 6.4773 -0.0000 0.0000 0.0000 -88.3823 -66.0486 44.5861 9.4309 -15.8445 -1.3153 -0.0000 -0.0000 1.3412 31.2712 10.2901 6.1916 -7.1250 0.0000 -0.0000 3.8081 41.9411 -0.2878 -0.0000 0.0000 0.0000 75.7882 47.5871 67.8946 -142.9623 46.2136 -103.7327 0.0000 -0.0000 -1.8401 -34.7839 8.9203 -6.1473 7.1250 -0.0000 -0.0000 -5.5880 -19.1883 -3.4573
-1.5328 18.8320 -1.3918 -172.1810 -61.5147 198.3340 0.0000 0.0000 0.0000 -1.0167 -5.1085 -22.7006 1.0359 6.4735 18.1645 -1.2789 26.7476 -29.6898 0.0447 -1.3646 -3.7526 0.0000 0.0000 0.0000 7.7687 34.3069 -34.6155 -1.0097 -6.3936 17.9309 0.0779 -5.7515 -5.2304 -0.0362 1.2289 -3.3788 -7.6041 -6.0337 21.8248 -4.6298 -10.4683 8.7041 1.6498 -5.5839 -2.0993 -5.5226 8.5865 -15.1248 -2.1048 13.0502 14.1071 1.4626 5.7402 6.5750 0.0000 0.0000 0.0000 -86.8359 -66.4177 38.4851 8.4856 -14.3369 -1.0692 -0.0000 -0.0000 5.6503 31.3151 9.6440 5.8194 -7.1250 0.0000 -0.0000 3.8649 41.1988 -0.3630 0.0000 0.0000 0.0000 76.5275 46.9853 63.5615 -142.1876 46.7191 -103.1711 0.0000 -0.0000 -6.8868 -36.1464 8.4069 -6.0957 7.1250 -0.0000 -0.0000 -6.6094 -19.6438 -4.0295
-1.5240 18.8460 -1.4659 -172.7550 -62.3483 199.1210 0.0000 0.0000 0.0000 -0.8845 -6.2244 -22.3462 0.9286 6.1387 17.1873 -1.1053 26.9437 -31.2959 0.0100 -0.6461 -1.7754 0.0000 0.0000 0.0000 7.2814 34.5037 -34.7684 -1.0093 -6.3924 17.9273 0.1050 -6.5582 -5.7806 -0.0137 0.7549 -2.0747 -7.2857 -5.8663 22.1734 -4.5246 -10.2028 8.5727 1.5990 -5.4221 -2.4720 -5.5651 8.2035 -14.5270 -1.5407 12.4084 14.4253 1.5654 5.4701 6.5445 -0.0000 0.0000 0.0000 -86.4608 -65.4355 32.8785 7.8863 -13.3684 -0.9257 -0.0000 -0.0000 11.0183 30.4165 9.4257 5.4919 -7.1250 0.0000 -0.0000 3.0683 40.8573 -0.3138 -0.0000 0.0000 0.0000 77.0469 45.5377 56.4230 -141.1472 47.3753 -102.4096 0.0000 -0.0000 -14.9697 -36.3316 7.9608 -5.8157 7.1250 -0.0000 -0.0000 -6.7966 -20.1655 -4.0653
-1.5318 18.8589 -1.5496 -173.2120 -63.2907 199.6080 0.0000 0.0000 0.0000 -0.4435 -8.0795 -21.5234 0.8251 5.7955 16.1922 -1.2183 28.0725 -32.5546 0.0046 -0.4389 -1.2060 0.0000 0.0000 0.0000 6.7926 35.1340 -34.4832 -1.0091 -6.3916 17.9250 0.1556 -7.8137 -6.6108 -0.0106 0.6649 -1.8272 -7.1381 -5.5559 22.0250 -3.9571 -9.6920 8.5387 1.9891 -5.1702 -2.3885 -6.4174 7.5486 -14.4773 -0.9286 11.6180 15.3238 1.8372 5.0450 6.7549 -0.0000 -0.0000 0.0000 -84.5982 -61.6997 37.4092 10.1254 -16.9355 -1.5113 -0.0000 -0.0000 4.5979 33.1161 11.3540 7.3177 -7.1250 0.0000 -0.0000 5.4715 43.3948 -0.2174 -0.0000 -0.0000 0.0000 76.0055 44.4453 49.5812 -141.0140 47.4575 -102.3115 0.0000 -0.0000 -22.7271 -36.9381 6.1376 -4.5959 7.1250 -0.0000 -0.0000 -7.4592 -22.3381 -4.0983
-1.5646 18.8730 -1.6473 -174.2040 -63.9433 200.2900 0.0000 0.0000 0.0000 -0.2908 -10.3638 -20.0623 0.7451 5.5140 15.3806 -0.6578 27.9996 -35.7972 0.0262 1.0453 2.8735 0.0000 0.0000 0.0000 6.5977 35.3034 -33.8261 -1.0159 -6.4126 17.9865 0.1757 -8.4141 -7.3315 -0.0028 0.3433 -0.9432 -6.4023 -4.9010 21.6635 -3.9751 -8.6658 8.5416 1.3266 -4.6561 -2.3957 -6.2156 6.7495 -14.3695 -0.2576 10.3936 16.2112 1.9323 4.4870 7.0279 0.0000 -0.0000 0.0000 -82.7003 -56.2199 43.4879 14.1683 -22.9749 -2.8935 -0.0000 0.0000 -1.6269 32.9695 11.0916 7.1130 -7.1250 0.0000 -0.0000 5.3398 43.0692 -0.2552 0.0000 -0.0000 0.0000 74.7597 42.5733 42.9598 -143.0395 46.1624 -103.7884 0.0000 -0.0000 -28.4057 -36.8366 4.3156 -3.2263 7.1250 -0.0000 -0.0000 -7.6060 -24.5944 -3.7823
-1.6051 18.8901 -1.7495 -175.1900 -64.4624 200.6770 0.0000 0.0000 0.0000 -0.4807 -11.8541 -18.8985 0.7118 5.3920 15.0302 -0.7532 29.3740 -37.4065 0.0152 0.7958 2.1870 0.0000 0.0000 0.0000 6.6843 35.3101 -32.9323 -1.0511 -6.5193 18.2989 0.1602 -8.4128 -7.9245 -0.0002 0.0932 -0.2562 -6.1261 -4.1868 21.3403 -3.5172 -7.6178 8.4538 1.4120 -4.1378 -2.3602 -6.2878 5.9347 -13.7106 -0.1962 9.2394 16.6792 1.8465 3.9128 7.0970 0.0000 -0.0000 0.0000 -83.1350 -50.7170 46.3195 18.7539 -29.1118 -4.9106 -0.0000 0.0000 -5.0514 36.8787 14.4447 10.5999 -7.1250 0.0000 -0.0000 9.0861 47.6204 0.5921 0.0000 -0.0000 0.0000 72.6203 40.9427 38.1408 -145.4911 44.4582 -105.5317 0.0000 -0.0000 -32.8269 -36.1138 2.9166 -2.1260 7.1250 -0.0000 -0.0000 -7.2227 -26.3582 -3.2896
-1.6560 18.8919 -1.8494 -175.3100 -64.5232 200.1060 0.0000 0.0000 0.0000 -0.9244 -10.7210 -18.8490 0.7762 5.6252 15.7008 -1.1457 30.1584 -36.5786 0.0044 0.4294 1.1799 0.0000 0.0000 0.0000 7.5686 35.1302 -31.8368 -1.0875 -6.6276 18.6167 0.1140 -7.8376 -8.2629 -0.0035 -0.3816 1.0484 -5.7004 -3.5406 20.9094 -3.0095 -6.6182 8.3281 1.4749 -3.6383 -2.3238 -6.2008 5.3903 -12.9104 -0.6155 8.4811 17.0202 1.6113 3.4975 7.1196 0.0000 0.0000 0.0000 -83.2297 -45.3527 46.3592 23.2618 -34.3739 -7.2856 -0.0000 0.0000 -6.1102 38.8795 16.3463 12.7856 -7.1250 0.0000 -0.0000 11.2014 50.2893 1.4765 0.0000 0.0000 0.0000 71.4316 39.8154 35.4829 -147.1162 43.2405 -106.6576 0.0000 -0.0000 -36.8864 -36.2420 1.3033 -0.9551 7.1250 -0.0000 -0.0000 -7.4856 -28.3340 -3.0600
-1.7069 18.8951 -1.9414 -175.6590 -64.0588 199.4630 0.0000 0.0000 0.0000 -1.6876 -9.0231 -18.7405 0.9011 6.0497 16.9287 0.1656 27.1739 -38.9064 0.2315 3.0967 8.5482 0.0000 0.0000 0.0000 8.5295 34.9440 -30.4694 -1.1288 -6.7483 18.9719 0.0558 -6.9260 -8.3942 -0.0106 -0.6633 1.8229 -5.0596 -2.9434 20.4574 -3.0780 -5.7044 8.3856 0.8233 -3.1887 -2.1593 -5.8494 4.8961 -12.2516 -0.2444 7.6163 17.2417 1.5812 3.1347 7.0960 -0.0000 -0.0000 0.0000 -82.4924 -41.3641 46.3204 26.7648 -37.9540 -9.3541 -0.0000 0.0000 -7.6776 40.6136 18.2821 15.0562 -7.1250 0.0000 -0.0000 13.2093 53.0159 2.6416 -0.0000 -0.0000 0.0000 71.4308 39.1215 33.9340 -148.3150 42.2946 -107.4717 0.0000 -0.0000 -39.6764 -35.4097 -0.6406 0.4554 7.1250 -0.0000 -0.0000 -7.0143 -30.7232 -2.4627
-1.7426 18.8933 -2.0094 -176.4290 -63.6735 199.3300 0.0000 0.0000 0.0000 -2.8010 -6.6029 -19.6696 1.0685 6.5715 18.4519 -1.3697 29.9571 -34.9722 0.0188 0.8855 2.4339 0.0000 0.0000 0.0000 9.2574 34.1898 -29.6980 -1.2112 -6.9817 19.6612 -0.0203 -5.4993 -8.4322 -0.0101 -0.6483 1.7816 -4.3709 -2.3727 20.4305 -3.0726 -4.8301 8.1734 0.2741 -2.7314 -2.4711 -5.8103 4.2814 -11.8363 -0.0421 6.6991 17.7771 1.5575 2.6928 7.2171 -0.0000 -0.0000 0.0000 -81.8950 -38.5914 47.7716 29.4132 -40.3850 -11.0274 -0.0000 0.0000 -10.3386 44.3236 19.8552 18.3516 -7.1250 0.0000 -0.0000 17.7674 55.8677 4.8468 -0.0000 -0.0000 0.0000 71.3243 38.1242 32.8738 -149.7389 41.1161 -108.4191 0.0000 -0.0000 -41.3948 -34.9465 -2.1387 1.4938 7.1250 -0.0000 -0.0000 -6.7590 -32.5380 -2.0752
-1.7714 18.8966 -2.0891 -176.8250 -63.3399 198.8110 0.0000 0.0000 0.0000 -3.7339 -3.3902 -21.0894 1.2877 7.1904 20.2808 -0.8874 28.4422 -35.1996 0.1774 2.7133 7.4815 0.0000 0.0000 0.0000 9.8490 34.5662 -28.5717 -1.2883 -7.1921 20.2856 -0.0465 -5.4146 -9.0115 -0.0141 -0.7675 2.1092 -3.4824 -2.1686 20.4143 -3.4944 -4.4360 8.1806 -0.7529 -2.5220 -2.5700 -5.3547 4.0120 -11.6882 0.2130 6.1890 17.9349 1.5204 2.4990 7.2605 -0.0000 -0.0000 0.0000 -80.5824 -37.5346 47.9941 30.9605 -41.7026 -12.0436 -0.0000 0.0000 -10.5865 46.6303 21.7888 21.4516 -7.1250 0.0000 -0.0000 21.2251 58.9042 7.4232 -0.0000 -0.0000 0.0000 72.4116 37.9156 33.1584 -151.3427 39.7143 -109.4590 0.0000 -0.0000 -42.3826 -34.2768 -2.7823 1.8949 7.1250 -0.0000 -0.0000 -6.2575 -33.2988 -1.8039
-1.7913 18.8940 -2.1453 -177.3740 -63.0792 198.7560 0.0000 0.0000 0.0000 -4.3293 -1.6112 -22.1802 1.4919 7.7161 21.8551 -0.7729 27.8210 -34.8631 0.3474 3.7871 10.4785 0.0000 0.0000 0.0000 10.2349 34.2763 -28.0057 -1.3409 -7.3316 20.7016 -0.0768 -4.8369 -9.0835 -0.0181 -0.8681 2.3859 -2.3303 -2.2968 20.2856 -4.2115 -4.4310 8.1017 -2.1638 -2.4937 -2.7318 -4.9099 3.8879 -11.3829 0.8082 5.8021 17.9114 1.5978 2.4022 7.1994 0.0000 0.0000 0.0000 -79.0640 -36.8749 48.1443 32.4431 -42.8976 -13.0414 -0.0000 0.0000 -10.9793 47.7560 22.8348 23.1383 -7.1250 0.0000 -0.0000 23.1554 60.5279 9.0493 0.0000 0.0000 0.0000 74.0229 38.2509 34.2548 -152.7065 38.4577 -110.3189 0.0000 -0.0000 -41.6413 -35.2791 -3.9253 2.7728 7.1250 -0.0000 -0.0000 -7.1526 -34.7142 -1.8180
-1.8081 18.8855 -2.1873 -176.9500 -62.5944 198.0900 0.0000 0.0000 0.0000 -4.2942 -0.4765 -22.7927 1.6436 8.0806 22.9591 -2.5508 31.2233 -29.6328 0.0003 0.1179 0.3238 0.0000 0.0000 0.0000 11.0517 33.7680 -27.7055 -1.3564 -7.3723 20.8230 -0.1046 -3.8440 -8.7337 -0.0156 -0.8062 2.2157 -1.6278 -2.3080 20.2866 -4.3771 -4.3131 7.8381 -2.7529 -2.4136 -3.0739 -4.7450 3.8971 -11.1980 0.9149 5.7406 18.1663 1.5997 2.3815 7.2519 0.0000 0.0000 0.0000 -78.7584 -36.4936 48.8071 33.8571 -43.9786 -14.0138 -0.0000 0.0000 -11.7158 47.5931 22.9451 23.1145 -7.1250 0.0000 -0.0000 22.9572 60.6134 9.0139 0.0000 0.0000 0.0000 74.7215 38.5821 34.4907 -154.5085 36.7021 -111.4181 0.0000 -0.0000 -40.8811 -34.1218 -4.5647 3.0868 7.1250 -0.0000 -0.0000 -6.2255 -35.4321 -1.4705
-1.8196 18.8760 -2.2278 -176.5600 -62.2203 197.6640 0.0000 0.0000 0.0000 -4.0840 -0.1814 -22.7000 1.6729 8.1487 23.1668 -1.3433 28.7744 -33.0131 0.2794 3.4000 9.3943 0.0000 0.0000 0.0000 11.6136 33.4318 -27.7207 -1.3818 -7.4382 21.0203 -0.1215 -3.0839 -8.4655 -0.0141 -0.7654 2.1035 -1.5265 -2.2539 20.2666 -4.2006 -4.1921 7.5699 -2.6414 -2.3414 -3.3407 -4.4936 3.9929 -10.9102 0.5723 5.8588 18.2925 1.4534 2.4150 7.2583 0.0000 -0.0000 0.0000 -80.3171 -37.2756 50.4901 34.2320 -44.2559 -14.2747 -0.0000 0.0000 -12.0458 47.8861 23.1801 23.5291 -7.1250 0.0000 -0.0000 23.4723 60.9904 9.4408 0.0000 -0.0000 0.0000 74.8867 38.9072 35.5192 -156.8566 34.2453 -112.7811 0.0000 -0.0000 -36.5736 -32.1808 -6.0604 3.8009 7.1250 -0.0000 -0.0000 -4.6340 -37.0946 -0.9037
-1.8287 18.8857 -2.2301 -176.9370 -62.8023 198.2830 0.0000 0.0000 0.0000 -3.8745 -2.1779 -22.1941 1.5847 7.9415 22.5365 -2.9237 32.4932 -29.9221 0.0107 0.6676 1.8345 0.0000 0.0000 0.0000 11.6645 32.1737 -28.4320 -1.4036 -7.4941 21.1876 -0.1224 -2.6325 -8.1255 -0.0081 -0.5814 1.5977 -1.3851 -2.8995 20.2373 -3.9378 -4.9539 7.3819 -2.2599 -2.6986 -3.5449 -4.5172 4.3446 -11.1510 0.2173 6.4177 18.5596 1.4033 2.6326 7.3869 0.0000 0.0000 0.0000 -82.6999 -38.4795 51.4107 34.2036 -44.2350 -14.2549 -0.0000 0.0000 -11.0054 49.1785 24.3992 25.5575 -7.1250 0.0000 -0.0000 25.9722 62.8760 11.6823 0.0000 0.0000 0.0000 74.7501 39.8556 37.6782 -158.8303 32.0259 -113.8603 0.0000 -0.0000 -31.4508 -33.7524 -6.4219 4.2745 7.1250 -0.0000 -0.0000 -5.9872 -37.6284 -1.0911
-1.8183 18.9051 -2.2282 -177.7120 -63.9475 199.6240 0.0000 0.0000 0.0000 -3.3140 -5.8393 -21.0090 1.3674 7.4009 20.9086 -1.7374 31.0997 -34.8994 0.4617 4.3588 12.0883 0.0000 0.0000 0.0000 10.8940 32.1367 -29.3558 -1.4179 -7.5306 21.2972 -0.0876 -4.1779 -8.6477 -0.0063 -0.5134 1.4106 -1.1699 -3.5697 20.1409 -3.8660 -5.7444 7.2218 -2.1200 -3.0685 -3.7066 -4.4238 4.3961 -11.0616 0.4720 6.4207 18.2533 1.4624 2.6782 7.2632 0.0000 0.0000 0.0000 -85.9613 -41.0643 53.7720 32.3878 -42.8541 -13.0038 -0.0000 0.0000 -9.5926 37.0838 16.0587 11.8095 -7.1250 0.0000 -0.0000 9.3251 49.5920 1.0640 0.0000 0.0000 0.0000 74.3482 40.3199 39.6160 -160.2850 30.2975 -114.6132 0.0000 -0.0000 -25.5462 -33.9807 -6.1004 4.0971 7.1250 -0.0000 -0.0000 -6.1716 -37.2608 -1.1808
-1.8079 18.9463 -2.2418 -178.7300 -65.6559 201.2700 0.0000 0.0000 0.0000 -2.8426 -8.3903 -20.3831 1.1115 6.6980 18.8238 -2.0807 32.1146 -34.8309 0.5277 4.6554 12.9282 0.0000 0.0000 0.0000 10.2703 31.8850 -29.9106 -1.3746 -7.4197 20.9647 -0.0025 -6.3211 -9.0832 -0.0040 -0.4102 1.1272 -0.7692 -4.6247 19.8890 -3.9845 -7.0242 7.4107 -2.2002 -3.6888 -3.4770 -4.0000 4.8121 -11.3656 0.6974 6.8947 17.9372 1.5115 2.9694 7.2058 -0.0000 -0.0000 0.0000 -88.7638 -44.7684 55.8766 29.3846 -40.3600 -11.0089 -0.0000 0.0000 -8.1412 36.6024 16.7010 12.0486 -7.1250 0.0000 -0.0000 8.8317 50.2652 1.1540 -0.0000 -0.0000 0.0000 74.5440 41.0776 43.2305 -160.9429 29.4895 -114.9411 0.0000 -0.0000 -19.0637 -34.0961 -6.5558 4.4195 7.1250 -0.0000 -0.0000 -6.2872 -37.8128 -1.1177
-1.7652 18.9795 -2.2641 -179.5340 -67.1101 202.7060 0.0000 0.0000 0.0000 -2.4642 -9.5594 -20.1157 0.8641 5.9273 16.5737 -3.5308 34.8026 -31.5209 0.1589 2.5681 7.0784 0.0000 0.0000 0.0000 9.3817 32.5483 -30.2131 -1.2948 -7.2096 20.3378 0.1167 -8.6596 -9.7628 -0.0090 -0.6141 1.6875 -0.7490 -5.3497 19.9759 -4.0537 -7.9623 7.6148 -2.0724 -4.1479 -3.3504 -3.3350 4.9985 -11.5363 0.5838 7.0605 17.6624 1.3835 3.0945 7.1705 0.0000 0.0000 0.0000 -92.3959 -48.8321 59.2040 25.5515 -36.7624 -8.6178 -0.0000 0.0000 -7.2545 33.5890 14.9694 9.7341 -7.1250 0.0000 -0.0000 5.8260 47.6892 0.3878 0.0000 0.0000 0.0000 74.4254 41.8123 46.9174 -160.6369 29.8674 -114.7896 0.0000 -0.0000 -12.6593 -35.3043 -6.5058 4.5874 7.1250 -0.0000 -0.0000 -7.3254 -37.8419 -1.2992
-1.7281 18.9803 -2.2706 -178.3220 -68.3455 202.3190 0.0000 0.0000 0.0000 -0.8667 -12.0048 -18.8264 0.6088 4.9942 13.8919 -3.0793 34.7914 -34.5624 0.3199 3.6355 10.0533 0.0000 0.0000 0.0000 9.3158 33.0357 -30.8128 -1.2344 -7.0458 19.8511 0.2143 -10.1367 -10.1029 -0.0166 -0.8326 2.2883 -0.0716 -6.0651 19.9441 -3.9909 -8.7488 7.8385 -2.2127 -4.5237 -3.2076 -3.2802 5.2474 -11.7868 0.8469 7.3587 17.3972 1.4879 3.2760 7.1122 0.0000 0.0000 0.0000 -96.1817 -52.5752 62.3528 21.7897 -32.7385 -6.4717 -0.0000 0.0000 -6.6386 30.2151 12.6932 7.2922 -7.1250 0.0000 -0.0000 2.7206 44.5716 -0.0288 0.0000 0.0000 0.0000 74.6011 42.5609 51.2315 -159.5800 31.1451 -114.2530 0.0000 -0.0000 -6.3745 -36.3695 -5.8606 4.3003 7.1250 -0.0000 -0.0000 -8.2001 -37.1330 -1.6004
-1.6755 18.9894 -2.2388 -180.6530 -69.6675 205.3960 0.0000 0.0000 0.0000 0.2476 -19.2011 -16.0898 0.3801 3.9595 10.9627 -1.8019 35.0131 -41.6068 0.5831 4.8893 13.5931 0.0000 0.0000 0.0000 7.9590 32.1635 -32.3261 -1.2420 -7.0666 19.9128 0.2794 -10.9238 -10.0871 -0.0116 -0.6956 1.9117 -0.3807 -7.0049 19.9362 -3.9195 -10.0186 8.2149 -1.7104 -5.1554 -2.7904 -3.5786 5.7036 -12.7675 0.4567 8.1845 16.8932 1.5081 3.6395 7.1088 0.0000 0.0000 0.0000 -100.3265 -56.4789 65.2443 18.4106 -28.6797 -4.7447 -0.0000 0.0000 -6.5586 27.7818 11.2805 5.8838 -7.1250 0.0000 -0.0000 0.5901 42.6841 -0.0337 0.0000 0.0000 0.0000 75.1921 44.4153 55.4166 -157.7677 33.2386 -113.2873 0.0000 -0.0000 -1.3021 -37.3331 -5.1049 3.8825 7.1250 -0.0000 -0.0000 -8.9596 -36.2646 -1.9436
-1.6153 18.9505 -2.2350 -179.9940 -69.9245 205.1220 0.0000 0.0000 0.0000 1.1429 -23.2805 -13.1146 0.2384 3.1420 8.6743 1.5928 30.3995 -48.5093 1.2533 7.0976 20.0047 0.0000 0.0000 0.0000 7.8229 32.7067 -33.1422 -1.2986 -7.2198 20.3681 0.3183 -11.4238 -10.2084 -0.0013 -0.2286 0.6281 -0.8971 -7.2820 20.3533 -3.7582 -10.4952 8.7051 -1.1540 -5.4179 -2.3692 -3.9085 6.0841 -13.5547 0.1256 8.8864 16.5239 1.5393 3.9400 7.1136 -0.0000 0.0000 0.0000 -103.1987 -59.6080 69.3132 15.8200 -25.2760 -3.5688 -0.0000 0.0000 -7.7578 26.3932 10.0340 4.9417 -7.1250 0.0000 -0.0000 -0.5496 41.1528 0.0522 -0.0000 0.0000 0.0000 76.2852 46.2975 58.5594 -155.6397 35.5429 -112.0850 0.0000 0.0000 2.0132 -37.9715 -3.7454 2.9186 7.1250 -0.0000 -0.0000 -9.3662 -34.6062 -2.4167
-1.5438 18.9277 -2.1806 -181.4750 -70.0690 207.2790 0.0000 0.0000 0.0000 0.8346 -23.6919 -12.3196 0.1407 2.4172 6.6600 1.2164 30.5073 -47.2970 1.0916 6.6396 18.6520 0.0000 0.0000 0.0000 6.4379 32.4515 -35.0676 -1.3961 -7.4748 21.1300 0.2988 -11.1721 -10.1382 -0.0001 -0.0710 0.1949 -2.0611 -7.7517 20.8050 -3.3575 -11.3051 8.8200 0.0948 -5.8442 -2.1878 -4.9535 6.3977 -15.0214 -0.3092 9.7313 16.8489 1.7091 4.2143 7.4328 -0.0000 -0.0000 0.0000 -105.0623 -61.8921 71.0338 13.7460 -22.3705 -2.7307 -0.0000 0.0000 -8.1232 25.5903 8.8288 4.2039 -7.1250 0.0000 -0.0000 -1.1542 39.7487 0.1494 -0.0000 -0.0000 0.0000 77.1782 48.4565 60.8504 -153.1668 38.0197 -110.6038 0.0000 0.0000 3.0560 -39.3254 -3.1672 2.5915 7.1250 -0.0000 -0.0000 -10.4163 -33.9301 -2.8686
-1.4666 18.8959 -2.1288 -180.2850 -70.1563 206.9550 0.0000 0.0000 0.0000 1.7968 -24.0223 -13.0153 0.1326 2.3475 6.4670 2.0729 29.3170 -49.0530 1.0252 6.4411 18.0697 0.0000 0.0000 0.0000 5.5769 33.1960 -36.5445 -1.4247 -7.5478 21.3488 0.2745 -11.0629 -10.5504 -0.0265 -1.0502 2.8870 -2.6352 -8.0904 21.1766 -2.7676 -11.8153 8.8312 1.1549 -6.1093 -2.1128 -5.4763 6.7503 -15.8281 -1.0095 10.5251 16.6286 1.6713 4.4933 7.4995 0.0000 -0.0000 0.0000 -104.3077 -63.0441 69.8282 12.9156 -21.1635 -2.4227 -0.0000 0.0000 -6.6622 24.4579 7.2415 3.2814 -7.1250 0.0000 -0.0000 -2.0039 37.9195 0.3495 0.0000 -0.0000 0.0000 78.5327 49.9869 61.6781 -150.6590 40.3218 -109.0193 0.0000 0.0000 2.4388 -40.7805 -2.6396 2.2749 7.1250 -0.0000 -0.0000 -11.5330 -33.2998 -3.3659
-1.3904 18.8844 -2.0972 -179.7230 -69.9056 206.8010 0.0000 0.0000 0.0000 2.6604 -24.4786 -14.5494 0.2001 2.8802 7.9453 2.3553 29.2070 -49.9038 0.9811 6.3049 17.6718 0.0000 0.0000 0.0000 5.0946 33.4546 -37.1787 -1.3893 -7.4575 21.0779 0.2368 -10.5305 -10.3571 -0.0470 -1.3998 3.8495 -3.8194 -8.3661 21.9931 -2.2852 -12.3914 8.6120 2.5254 -6.4016 -2.3783 -6.2204 7.1768 -15.5144 -1.2472 11.2641 16.0975 1.7496 4.8053 7.2290 -0.0000 0.0000 0.0000 -103.7990 -63.8069 65.1011 11.5521 -19.1296 -1.9530 -0.0000 0.0000 -2.8973 23.8284 7.1981 3.1674 -7.1250 0.0000 -0.0000 -2.5384 37.8295 0.4484 -0.0000 0.0000 0.0000 80.5501 50.0185 61.5941 -148.2190 42.3719 -107.4070 0.0000 0.0000 0.7797 -42.7725 -2.1995 2.0334 7.1250 -0.0000 -0.0000 -13.0721 -32.7728 -4.0055
-1.3280 18.8785 -2.0891 -179.7550 -69.6582 207.3150 0.0000 0.0000 0.0000 3.8438 -24.9870 -16.6605 0.3032 3.5402 9.7864 1.0114 32.1171 -48.3996 0.5018 4.5412 12.6044 0.0000 0.0000 0.0000 4.6615 33.4793 -37.5567 -1.2973 -7.2162 20.3576 0.2424 -10.3299 -9.7446 -0.0351 -1.2094 3.3252 -4.5013 -8.3466 21.6977 -2.2571 -12.4912 8.7088 2.8581 -6.4835 -1.9699 -7.0340 6.9257 -15.4117 -0.4096 10.9434 16.0428 2.0977 4.6905 7.1035 -0.0000 -0.0000 0.0000 -103.5165 -64.1807 60.1867 9.9002 -16.5833 -1.4463 -0.0000 -0.0000 2.2244 23.5279 7.3468 3.1867 -7.1250 0.0000 -0.0000 -2.8080 37.9709 0.4864 -0.0000 -0.0000 0.0000 81.4808 48.7523 58.5237 -146.1182 43.9969 -105.9691 0.0000 -0.0000 -2.2806 -44.9410 -2.0952 2.0895 7.1250 -0.0000 -0.0000 -14.7897 -32.6778 -4.5967
-1.3006 18.8913 -2.1032 -178.5280 -69.3911 205.8620 0.0000 0.0000 0.0000 3.6158 -21.8474 -17.5094 0.3388 3.7406 10.3479 -0.4966 32.7588 -43.5954 0.2670 3.3241 9.1823 0.0000 0.0000 0.0000 5.2611 33.8994 -36.5769 -1.1839 -6.9053 19.4352 0.2614 -10.4797 -9.5377 -0.0360 -1.2255 3.3694 -4.4510 -8.0192 21.5523 -2.1704 -12.0704 8.9889 2.7820 -6.3095 -1.6144 -7.4994 6.4950 -15.2159 -0.1699 10.4039 16.5160 2.2003 4.3969 7.2062 -0.0000 0.0000 0.0000 -101.5066 -63.4936 55.0328 8.9459 -15.0741 -1.1860 -0.0000 -0.0000 6.5446 23.9737 7.8493 3.4753 -7.1250 0.0000 -0.0000 -2.4709 38.5487 0.3929 -0.0000 0.0000 0.0000 81.1879 46.3843 53.3988 -144.8191 44.9409 -105.0590 0.0000 -0.0000 -7.2933 -45.8817 -2.4417 2.5157 7.1250 -0.0000 -0.0000 -15.6160 -33.1764 -4.6749
-1.3058 18.9098 -2.1292 -178.8880 -68.6636 205.9430 0.0000 0.0000 0.0000 2.6635 -18.8270 -17.8465 0.3386 3.7392 10.3440 -1.6842 33.3580 -39.2794 0.1135 2.1722 5.9817 0.0000 0.0000 0.0000 5.6682 33.4093 -35.8146 -1.1056 -6.6807 18.7728 0.1873 -9.3217 -9.0926 -0.0423 -1.3266 3.6480 -4.3472 -7.6489 21.2688 -2.2525 -11.5665 8.8325 2.5216 -6.0516 -1.7192 -7.5353 6.4216 -14.8429 -0.2333 10.2852 17.2584 2.1812 4.2841 7.3925 0.0000 -0.0000 0.0000 -97.0626 -60.5360 51.3588 10.0583 -16.8307 -1.4918 -0.0000 -0.0000 7.3207 24.5257 8.5601 3.8852 -7.1250 0.0000 -0.0000 -2.0584 39.3665 0.2859 0.0000 -0.0000 0.0000 79.7973 42.8704 49.2973 -144.6982 45.0264 -104.9735 0.0000 -0.0000 -10.9167 -47.1793 -3.2738 3.5265 7.1250 -0.0000 -0.0000 -16.8574 -34.3834 -4.5593
-1.3240 18.9175 -2.1738 -178.9670 -67.7610 205.5850 0.0000 0.0000 0.0000 1.9454 -16.8126 -17.4747 0.3411 3.7529 10.3826 -1.4254 31.9495 -38.1319 0.1700 2.6561 7.3227 0.0000 0.0000 0.0000 6.1341 33.3336 -34.9355 -1.0620 -6.5521 18.3950 0.1365 -8.3588 -8.6043 -0.0371 -1.2435 3.4190 -3.9978 -7.1500 20.8244 -2.2639 -10.8421 8.7211 2.1348 -5.6879 -1.7341 -7.4944 6.1025 -14.2641 -0.3624 9.8014 17.6046 2.0756 4.0216 7.4345 -0.0000 0.0000 0.0000 -91.6591 -56.2525 50.6584 13.0606 -21.3760 -2.4753 -0.0000 -0.0000 5.4126 24.5358 9.4616 4.2914 -7.1250 0.0000 -0.0000 -2.1368 40.3521 0.2450 -0.0000 0.0000 0.0000 78.2463 39.3579 46.5092 -146.5717 43.6567 -106.2831 0.0000 -0.0000 -14.5079 -47.5398 -3.3859 3.6929 7.1250 -0.0000 -0.0000 -17.1796 -34.5582 -4.5770
-1.3454 18.9383 -2.2344 -180.6110 -66.7841 206.5820 0.0000 0.0000 0.0000 0.5174 -14.4935 -17.5029 0.3581 3.8442 10.6389 -2.4348 32.8766 -34.2545 0.0851 1.8812 5.1774 0.0000 0.0000 0.0000 6.0753 33.0815 -34.3070 -1.0748 -6.5902 18.5068 0.0939 -7.4713 -8.1950 -0.0246 -1.0118 2.7813 -4.0879 -6.3615 20.1849 -2.3828 -9.8287 8.6509 1.7845 -5.2001 -1.5547 -7.0366 5.4308 -13.6069 -0.1751 8.6880 18.2421 1.9549 3.5061 7.5790 -0.0000 -0.0000 0.0000 -86.8337 -51.5889 53.7780 17.7027 -27.7748 -4.4098 -0.0000 -0.0000 1.1901 25.0780 11.5993 5.3753 -7.1250 0.0000 -0.0000 -1.8908 42.7408 0.1055 -0.0000 -0.0000 0.0000 77.1473 35.9426 43.6975 -149.4293 41.3775 -108.2150 0.0000 -0.0000 -17.2208 -47.5296 -3.6121 3.9371 7.1250 -0.0000 -0.0000 -17.2275 -34.8770 -4.4512
-1.3552 18.9416 -2.2865 -181.3110 -66.0526 206.3010 0.0000 0.0000 0.0000 -0.6525 -11.7599 -17.9125 0.4399 4.2558 11.7976 -3.4023 33.6873 -29.3298 0.0050 0.4567 1.2548 0.0000 0.0000 0.0000 6.5329 33.1257 -33.3474 -1.1302 -6.7521 18.9831 0.0622 -6.9369 -8.2189 -0.0279 -1.0781 2.9637 -3.7498 -5.9372 20.1983 -2.3489 -9.2174 8.4180 1.5467 -4.8783 -1.8934 -7.2364 4.7989 -13.0934 0.3437 7.7042 19.1870 2.0675 3.0209 7.8033 0.0000 0.0000 0.0000 -83.1999 -47.4291 54.3217 21.5417 -32.4552 -6.3381 -0.0000 0.0000 -0.8378 25.2974 13.9708 6.5098 -7.1250 0.0000 -0.0000 -2.0081 45.3558 -0.0176 0.0000 0.0000 0.0000 77.3834 32.9291 41.6845 -151.4886 39.5828 -109.5521 0.0000 -0.0000 -19.0782 -46.5612 -4.2149 4.4381 7.1250 -0.0000 -0.0000 -16.5707 -35.6645 -3.9377
-1.3625 18.9452 -2.3210 -181.3210 -65.3798 205.8320 0.0000 0.0000 0.0000 -1.4639 -9.0640 -19.8693 0.6621 5.2041 14.4916 -3.8432 33.7652 -25.1926 0.0122 -0.7146 -1.9637 0.0000 0.0000 0.0000 6.7144 33.6121 -32.8334 -1.1583 -6.8329 19.2213 0.0562 -6.7429 -8.0700 -0.0322 -1.1585 3.1851 -3.2476 -5.5705 19.5063 -1.8981 -8.5844 8.2422 1.5534 -4.5577 -1.7621 -7.8940 4.0909 -12.8689 0.7942 6.7450 20.0589 2.2420 2.5115 8.0529 0.0000 -0.0000 0.0000 -82.2269 -44.6431 53.4632 23.5395 -34.6735 -7.4430 -0.0000 0.0000 -0.3065 26.6871 15.4731 7.6380 -7.1250 0.0000 -0.0000 -0.9218 47.1919 -0.0499 0.0000 -0.0000 0.0000 77.7298 31.2409 39.6922 -151.8522 39.2519 -109.7829 0.0000 -0.0000 -20.9671 -46.6409 -5.3672 5.6570 7.1250 -0.0000 -0.0000 -16.9087 -37.2688 -3.3333
-1.3566 18.9384 -2.3621 -181.0000 -63.6163 204.4960 0.0000 0.0000 0.0000 -2.6155 -5.6393 -21.1271 0.9361 6.1628 17.2576 -4.0000 33.6385 -22.4409 0.0412 -1.3107 -3.6042 0.0000 0.0000 0.0000 7.3619 34.4526 -31.6739 -1.1948 -6.9358 19.5254 0.0294 -6.0583 -7.7798 -0.0405 -1.2996 3.5736 -3.6028 -4.6674 19.4897 -1.5713 -7.4782 8.1497 1.8801 -4.0308 -1.8102 -7.9650 3.5610 -12.3212 0.8757 5.9364 20.5460 2.1981 2.1013 8.1501 0.0000 -0.0000 0.0000 -82.6462 -42.7911 52.2407 24.1597 -35.3327 -7.7987 -0.0000 -0.0000 0.9796 27.7215 16.4434 8.4607 -7.1250 0.0000 -0.0000 -0.0703 48.4185 -0.0059 0.0000 -0.0000 0.0000 78.5628 30.2013 37.6962 -151.1173 39.9163 -109.3146 0.0000 -0.0000 -23.1984 -46.7109 -6.0707 6.4057 7.1250 -0.0000 -0.0000 -17.1372 -38.2489 -2.9530
-1.3492 18.9347 -2.4015 -181.3790 -61.9095 203.8180 0.0000 0.0000 0.0000 -3.6586 -3.4341 -21.8278 1.2170 6.9977 19.7086 -4.0442 33.5302 -21.0365 0.0063 -0.5145 -1.4136 0.0000 0.0000 0.0000 7.5678 35.4942 -30.5272 -1.2466 -7.0792 19.9503 0.0154 -5.6764 -7.6295 -0.0249 -1.0179 2.7981 -4.0673 -3.6623 19.5961 -1.3167 -6.2630 7.9801 2.1899 -3.4419 -2.0300 -8.3781 2.9818 -11.9453 1.3342 5.0633 21.2465 2.3383 1.6633 8.3337 -0.0000 0.0000 0.0000 -83.5902 -41.3779 52.1592 24.6025 -35.7949 -8.0562 -0.0000 -0.0000 2.3536 28.5666 17.3151 9.2045 -7.1250 0.0000 -0.0000 0.6281 49.5220 0.0700 -0.0000 0.0000 0.0000 78.9762 29.1637 35.4987 -150.9264 40.0860 -109.1919 0.0000 -0.0000 -25.4246 -46.2502 -6.7507 7.0006 7.1250 -0.0000 -0.0000 -16.8943 -39.1369 -2.5254
-1.3285 18.9406 -2.3867 -181.6860 -61.1953 203.7290 0.0000 0.0000 0.0000 -4.0012 -3.1018 -23.7315 1.6709 8.1440 23.1523 -3.9064 32.8031 -19.0150 0.0191 0.8931 2.4546 0.0000 0.0000 0.0000 7.3803 35.9698 -30.2505 -1.2576 -7.1092 20.0394 0.0204 -5.7286 -7.5521 -0.0251 -1.0227 2.8113 -3.2723 -3.3051 19.4718 -1.1627 -5.6256 7.7053 1.7933 -3.0942 -2.3620 -8.3536 2.5435 -11.7136 1.4399 4.3940 21.5919 2.3063 1.3420 8.4406 0.0000 -0.0000 0.0000 -83.6978 -40.6583 53.4251 25.5123 -36.7230 -8.5943 -0.0000 -0.0000 1.7479 29.4495 18.6085 10.2132 -7.1250 0.0000 -0.0000 1.3130 51.1148 0.1978 0.0000 -0.0000 0.0000 78.8223 28.6574 34.0450 -152.0286 39.0899 -109.8943 0.0000 -0.0000 -26.3801 -44.4868 -7.0209 6.8462 7.1250 -0.0000 -0.0000 -15.3938 -39.3127 -2.2189
-1.3260 18.9445 -2.3625 -182.6690 -60.0728 203.8120 0.0000 0.0000 0.0000 -4.9546 -2.5364 -24.6538 2.1080 9.0875 26.0693 -3.3986 30.8004 -16.9317 0.1059 2.0981 5.7767 0.0000 0.0000 0.0000 7.2227 35.9375 -29.6494 -1.3074 -7.2431 20.4377 -0.0120 -5.0555 -7.5963 -0.0524 -1.4767 4.0615 -3.1071 -3.1884 19.5082 -1.2537 -5.4540 7.5814 1.5818 -3.0009 -2.5473 -8.4960 2.5654 -11.2521 1.3223 4.4011 21.7417 2.2828 1.3057 8.4079 -0.0000 0.0000 0.0000 -83.3430 -40.1300 54.3107 26.3934 -37.5946 -9.1266 -0.0000 -0.0000 0.9713 30.4613 19.3672 11.0363 -7.1250 0.0000 -0.0000 2.2344 52.1518 0.3936 -0.0000 0.0000 0.0000 78.2246 29.5366 34.1559 -153.4829 37.7148 -110.7978 0.0000 -0.0000 -26.5411 -43.1641 -8.0199 7.4548 7.1250 -0.0000 -0.0000 -14.3981 -40.4884 -1.6404
-1.3286 18.9217 -2.2955 -182.4400 -58.8291 203.0700 0.0000 0.0000 0.0000 -5.7296 -1.9376 -25.4990 2.6003 10.0181 29.0354 -2.2264 25.6867 -15.0076 0.0269 1.0589 2.9108 0.0000 0.0000 0.0000 7.7704 35.1660 -29.7620 -1.3849 -7.4461 21.0438 -0.0507 -3.3056 -6.7159 -0.0164 -0.8270 2.2730 -2.2890 -3.2582 19.1820 -1.4709 -5.3937 7.4660 0.8694 -2.9518 -2.6031 -7.9427 2.7741 -10.7006 0.5972 4.6320 22.0691 1.9634 1.3536 8.4411 0.0000 -0.0000 0.0000 -82.4992 -39.0820 55.0854 28.1256 -39.2316 -10.2030 -0.0000 -0.0000 0.0314 32.0461 20.8933 12.5847 -7.1250 0.0000 -0.0000 3.6791 54.1870 0.8316 0.0000 -0.0000 0.0000 77.8101 31.1682 33.8785 -154.4860 36.7248 -111.4046 0.0000 -0.0000 -26.6277 -41.8521 -9.2716 8.2121 7.1250 -0.0000 -0.0000 -13.4024 -41.9525 -1.0280
-1.3115 18.8909 -2.2312 -182.6630 -57.1324 202.5150 0.0000 0.0000 0.0000 -7.4653 -0.3633 -26.0816 3.0773 10.8192 31.6724 -1.0564 18.8533 -13.6998 0.1664 -2.6280 -7.2448 0.0000 0.0000 0.0000 7.8435 34.8946 -30.0310 -1.5397 -7.8331 22.2083 -0.0831 -1.4787 -6.2027 -0.0080 -0.5775 1.5868 -3.0021 -3.1405 19.0991 -1.2851 -5.3766 7.5253 1.4476 -2.9702 -2.4142 -8.7383 2.9946 -11.0796 0.4630 5.1257 22.8357 2.1149 1.4474 8.7399 0.0000 -0.0000 0.0000 -83.6487 -39.4693 56.8711 28.7748 -39.8198 -10.6162 -0.0000 0.0000 -1.3021 30.9921 20.6477 11.9590 -7.1250 0.0000 -0.0000 2.5847 53.6908 0.5526 0.0000 -0.0000 0.0000 76.4594 33.6944 33.2724 -155.4763 35.7132 -111.9898 0.0000 -0.0000 -26.0787 -39.4923 -9.9540 8.1075 7.1250 -0.0000 -0.0000 -11.3092 -42.5113 -0.7042
-1.2959 18.8611 -2.1440 -182.1840 -55.8060 201.3710 0.0000 0.0000 0.0000 -8.9508 0.8799 -26.5194 3.5657 11.5589 34.1887 -0.5402 14.8387 -13.3619 0.2389 -3.1456 -8.6843 0.0000 0.0000 0.0000 8.2103 34.8674 -30.0830 -1.6609 -8.1209 23.0818 -0.0948 0.0329 -5.8040 -0.0143 -0.7715 2.1202 -2.8089 -3.0580 18.9422 -1.4293 -5.2536 7.5850 1.1505 -2.9152 -2.3069 -8.1276 3.2021 -10.8152 0.2005 5.2783 23.3519 1.9421 1.5022 8.8833 -0.0000 -0.0000 0.0000 -86.0807 -40.4345 60.2672 28.6119 -39.6735 -10.5121 -0.0000 0.0000 -2.1977 32.0930 20.8329 12.5732 -7.1250 0.0000 -0.0000 3.7393 54.1288 0.8399 -0.0000 -0.0000 0.0000 75.4451 35.7260 32.2958 -156.5524 34.5746 -112.6093 0.0000 -0.0000 -24.2408 -38.4986 -10.2075 8.0232 7.1250 -0.0000 -0.0000 -10.4133 -42.6979 -0.5985
-1.2818 18.8322 -2.0382 -182.1670 -55.0333 200.9310 0.0000 0.0000 0.0000 -10.9209 1.2945 -27.2189 4.1040 12.2975 36.7928 -0.2525 14.4205 -17.3787 0.0815 -1.8414 -5.0674 0.0000 0.0000 0.0000 7.7965 35.0590 -30.5742 -1.7988 -8.4339 24.0398 -0.1032 0.8785 -5.8214 -0.0312 -1.1407 3.1360 -2.7880 -3.4218 19.0368 -1.4913 -5.7120 7.2821 1.1883 -3.1198 -2.6710 -7.7172 3.6447 -10.5973 0.1516 5.7424 23.9836 1.9065 1.6973 9.0508 0.0000 0.0000 0.0000 -87.7663 -40.3836 62.9311 29.1255 -40.1320 -10.8415 -0.0000 0.0000 -3.3013 31.1605 20.8234 12.1315 -7.1250 0.0000 -0.0000 2.7352 53.9222 0.6003 0.0000 0.0000 0.0000 74.5542 37.4050 31.9776 -157.4894 33.5493 -113.1341 0.0000 -0.0000 -22.6830 -36.3278 -9.6528 7.0289 7.1250 -0.0000 -0.0000 -8.3874 -41.7525 -0.6772
-1.2532 18.7905 -1.9116 -182.0430 -54.6580 200.2590 0.0000 0.0000 0.0000 -13.0129 1.9042 -28.0787 4.6643 12.9954 39.3514 -0.0483 14.5471 -20.1250 0.0758 -1.7762 -4.8874 0.0000 0.0000 0.0000 7.7955 34.7614 -30.9788 -1.9504 -8.7619 25.0533 -0.0907 1.7766 -5.3485 -0.0012 -0.2235 0.6140 -2.5872 -4.0062 19.0865 -1.5918 -6.4656 7.4658 1.1162 -3.5022 -2.5063 -7.2910 4.0899 -10.9650 0.0590 6.3297 24.1126 1.8753 1.9866 9.1546 -0.0000 0.0000 0.0000 -89.4919 -40.7557 65.3602 29.3688 -40.3462 -10.9987 -0.0000 0.0000 -4.6224 28.2994 19.5459 10.2117 -7.1250 0.0000 -0.0000 -0.0322 51.9396 -0.0055 -0.0000 0.0000 0.0000 73.7560 39.3658 32.8876 -158.6210 32.2681 -113.7490 0.0000 -0.0000 -19.8057 -34.2694 -10.0996 6.8137 7.1250 -0.0000 -0.0000 -6.5291 -42.0525 -0.4770
-1.2116 18.7352 -1.7724 -182.0550 -54.7038 200.0500 0.0000 0.0000 0.0000 -14.9815 2.0793 -29.0267 5.0498 13.4397 41.0376 0.4070 10.9735 -20.5657 0.1689 -2.6477 -7.2995 0.0000 0.0000 0.0000 7.1100 35.2095 -31.7820 -2.1210 -9.1136 26.1514 -0.1077 1.5359 -5.8537 -0.0005 0.1480 -0.4067 -2.4470 -4.7004 18.8950 -1.6372 -7.3456 7.5715 1.1399 -3.9409 -2.2881 -6.8253 4.6636 -11.0689 -0.0109 7.0429 24.1997 1.8512 2.3419 9.1931 0.0000 0.0000 0.0000 -91.7953 -42.3289 68.3479 27.8121 -38.9426 -10.0053 -0.0000 0.0000 -4.7685 25.9299 17.6843 8.4018 -7.1250 0.0000 -0.0000 -2.0443 49.4898 -0.2264 0.0000 0.0000 0.0000 72.7987 40.7216 35.2582 -159.4240 31.3300 -114.1721 0.0000 -0.0000 -17.0531 -33.2338 -9.1183 5.9281 7.1250 -0.0000 -0.0000 -5.5858 -40.7794 -0.5834
-1.1548 18.6710 -1.6286 -181.1140 -54.6137 199.1070 0.0000 0.0000 0.0000 -16.3152 2.6364 -30.0320 5.2424 13.6517 41.8598 0.8068 3.2915 -18.4681 0.5399 -4.7076 -13.0765 0.0000 0.0000 0.0000 7.2195 35.0683 -32.8189 -2.2842 -9.4345 27.1641 -0.1365 2.1251 -6.5662 -0.0609 -1.5927 4.3812 -1.7820 -5.1867 18.8300 -1.8006 -7.9047 7.9643 0.6818 -4.2294 -1.9275 -5.9682 4.9379 -11.5960 -0.3406 7.3990 24.0018 1.6511 2.5633 9.2562 -0.0000 0.0000 0.0000 -94.6672 -44.8756 72.0518 25.2997 -36.5087 -8.4676 -0.0000 0.0000 -5.0432 24.3517 15.1934 6.7647 -7.1250 0.0000 -0.0000 -3.0952 46.5552 -0.1189 -0.0000 0.0000 0.0000 72.1104 41.3392 39.0120 -159.9137 30.7462 -114.4246 0.0000 -0.0000 -13.4912 -32.6356 -8.0307 5.1125 7.1250 -0.0000 -0.0000 -5.0491 -39.4428 -0.6935
-1.0721 18.6191 -1.4731 -180.6840 -54.6958 198.7510 0.0000 0.0000 0.0000 -17.7761 2.1786 -30.9810 5.2177 13.6248 41.7548 0.8439 -5.3023 -16.3851 0.6870 -5.2993 -14.7641 0.0000 0.0000 0.0000 6.2509 36.3923 -33.7150 -2.3993 -9.6525 27.8586 -0.1243 1.0676 -6.3670 -0.0087 -0.6013 1.6523 -1.9354 -5.8322 19.0439 -1.7327 -8.7886 8.1130 1.0177 -4.6790 -1.8248 -5.9894 5.4589 -11.6382 -0.3060 8.1260 23.5238 1.7327 2.9322 9.0716 -0.0000 -0.0000 0.0000 -96.4058 -46.0903 73.7219 23.2536 -34.3650 -7.2809 -0.0000 0.0000 -4.4597 21.2997 12.5476 4.8415 -7.1250 0.0000 -0.0000 -5.4441 43.3490 0.2225 -0.0000 -0.0000 0.0000 71.5841 41.1140 45.6487 -160.0374 30.5973 -114.4877 0.0000 -0.0000 -8.0916 -34.4448 -10.0982 6.8573 7.1250 -0.0000 -0.0000 -6.6887 -42.0710 -0.4857
-0.9753 18.5629 -1.2889 -180.6100 -54.5449 198.7830 0.0000 0.0000 0.0000 -19.4693 1.2207 -31.7107 5.0377 13.4261 40.9853 0.5422 -11.2324 -14.2919 0.4961 -4.5160 -12.5330 0.0000 0.0000 0.0000 5.2190 36.7429 -35.0549 -2.5119 -9.8596 28.5233 -0.1121 0.9726 -6.0551 -0.0000 -0.0283 0.0778 -1.9727 -6.4829 19.5135 -2.0097 -9.6988 8.3545 0.9675 -5.1405 -1.8223 -6.0891 6.0449 -12.1291 -0.2874 9.0211 23.0312 1.8535 3.3767 8.9588 -0.0000 0.0000 0.0000 -97.7641 -48.2246 76.0162 20.5221 -31.2662 -5.7999 -0.0000 0.0000 -4.2325 20.7202 11.6314 4.3612 -7.1250 0.0000 -0.0000 -5.8073 42.3190 0.3856 -0.0000 0.0000 0.0000 72.0862 40.7054 51.7516 -159.0834 31.7309 -113.9940 0.0000 -0.0000 -4.7277 -35.4136 -5.8055 4.1137 7.1250 -0.0000 -0.0000 -7.3809 -37.0018 -1.4621
-0.8566 18.4986 -1.0801 -179.9600 -53.6688 198.4490 0.0000 0.0000 0.0000 -20.8262 1.0648 -32.9318 4.9021 13.2726 40.3978 0.4848 -11.9487 -13.9794 0.0755 -1.7726 -4.8775 0.0000 0.0000 0.0000 4.6595 36.6366 -36.7474 -2.5815 -9.9846 28.9270 -0.0799 2.0024 -5.0197 -0.0022 0.3041 -0.8354 -2.1909 -6.7747 20.3680 -2.3491 -10.1876 8.4236 0.9416 -5.3848 -2.1941 -5.5248 6.6706 -12.2570 -0.5454 9.8454 22.4504 1.7539 3.8212 8.7996 0.0000 -0.0000 0.0000 -99.2312 -50.0959 78.0332 17.6073 -27.6515 -4.3655 -0.0000 0.0000 -4.1230 22.1554 9.7815 3.9572 -7.1250 0.0000 -0.0000 -4.2629 40.4883 0.4752 0.0000 -0.0000 0.0000 73.2426 39.7078 56.6055 -157.7613 33.2458 -113.2838 0.0000 0.0000 0.1978 -38.0607 -5.8922 4.5956 7.1250 -0.0000 -0.0000 -9.6486 -37.2905 -1.8514
-0.7323 18.4540 -0.8456 -179.7590 -52.3285 198.4420 0.0000 0.0000 0.0000 -21.8568 -1.6262 -32.9747 4.8511 13.2141 40.1755 0.9984 -4.4653 -17.9189 0.0009 -0.1970 -0.5414 0.0000 0.0000 0.0000 3.4009 37.2433 -38.0299 -2.5454 -9.9199 28.7179 -0.0432 2.4780 -3.8261 -0.0081 0.5814 -1.5977 -2.8660 -6.8319 21.4662 -2.8054 -10.5096 8.5749 1.0331 -5.5639 -2.5456 -5.3658 7.0859 -12.6663 -0.5715 10.4522 21.6168 1.7789 4.1753 8.5828 0.0000 0.0000 0.0000 -99.4702 -51.7109 78.4878 15.7389 -25.1654 -3.5342 -0.0000 0.0000 -3.6767 30.7929 14.7168 8.6090 -7.1250 0.0000 -0.0000 3.1159 46.9574 0.1507 0.0000 0.0000 0.0000 74.5582 38.9466 57.7067 -155.8941 35.2760 -112.2324 0.0000 0.0000 2.6485 -39.9815 -3.8353 3.2103 7.1250 -0.0000 -0.0000 -11.0389 -34.8077 -2.8059
-0.5963 18.3917 -0.6035 -179.2420 -50.6682 198.2130 0.0000 0.0000 0.0000 -22.0899 -4.1233 -32.8517 4.8232 13.1818 40.0530 1.2839 -1.0781 -21.0992 0.0020 -0.2895 -0.7954 0.0000 0.0000 0.0000 2.2700 37.9270 -39.6784 -2.5336 -9.8987 28.6493 -0.0053 3.1987 -2.5074 -0.0099 0.6413 -1.7623 -3.8977 -6.7999 22.4556 -3.1091 -10.7930 8.6398 1.4561 -5.7277 -2.8359 -5.5994 7.5810 -12.9034 -0.2924 11.1443 21.1199 1.9702 4.5457 8.4058 -0.0000 -0.0000 0.0000 -98.8620 -53.2394 76.4308 14.1911 -23.0073 -2.9024 -0.0000 0.0000 -1.4728 21.9202 8.7959 3.5212 -7.1250 0.0000 -0.0000 -4.3443 39.4138 0.5994 -0.0000 -0.0000 0.0000 76.2967 38.1091 57.4747 -153.7956 37.4098 -110.9885 0.0000 0.0000 2.3984 -41.5239 -2.0621 1.8249 7.1250 -0.0000 -0.0000 -12.0478 -32.5668 -3.7400
-0.4533 18.3617 -0.3720 -179.2340 -49.6633 198.0180 0.0000 0.0000 0.0000 -22.2624 -4.4867 -32.4647 4.5321 12.8367 38.7602 1.3208 -0.8784 -21.4643 0.0159 -0.8134 -2.2356 0.0000 0.0000 0.0000 1.0369 38.6545 -40.4211 -2.4586 -9.7622 28.2100 0.0143 3.2279 -1.4166 -0.0216 0.9493 -2.6094 -4.8582 -6.8269 23.3874 -3.4499 -11.1845 8.9825 1.7916 -5.9703 -2.7983 -5.5664 7.9457 -12.4339 -0.4141 11.6097 20.1664 1.9179 4.8200 7.9975 0.0000 -0.0000 0.0000 -98.1080 -54.7441 72.1069 12.5947 -20.6905 -2.3081 -0.0000 -0.0000 2.7227 21.9970 8.6258 3.4671 -7.1250 0.0000 -0.0000 -4.2574 39.2376 0.6058 0.0000 -0.0000 0.0000 78.0553 37.3405 55.8686 -151.1742 39.8654 -109.3511 0.0000 0.0000 0.6588 -43.3240 -1.7537 1.6532 7.1250 -0.0000 -0.0000 -13.4354 -32.1889 -4.3169
-0.3176 18.3471 -0.1520 -179.0260 -49.0692 197.8380 0.0000 0.0000 0.0000 -22.1481 -4.3493 -32.3860 4.1974 12.4186 37.2293 1.3017 -2.2786 -20.9400 0.0032 -0.3630 -0.9975 0.0000 0.0000 0.0000 -0.2216 38.8470 -41.2621 -2.3482 -9.5565 27.5521 0.0363 3.6002 -0.0099 -0.0000 0.0179 -0.0492 -5.0634 -6.9420 23.2924 -3.7502 -11.4715 9.6630 1.5638 -6.1926 -2.0181 -6.1978 8.0484 -12.5864 0.1211 11.7796 20.0062 2.2005 4.9204 7.8903 -0.0000 0.0000 0.0000 -97.1088 -56.2615 64.9480 11.0158 -18.3125 -1.7809 -0.0000 -0.0000 8.9122 22.5518 8.7571 3.6176 -7.1250 0.0000 -0.0000 -3.7923 39.4224 0.5221 -0.0000 0.0000 0.0000 79.4707 36.4195 53.5153 -148.5819 42.0783 -107.6509 0.0000 -0.0000 -2.4854 -44.7104 0.0560 -0.0555 7.1250 -0.0000 -0.0000 -14.1792 -29.7413 -5.4281
-0.1947 18.3767 0.0535 -179.4100 -48.9866 198.3280 0.0000 0.0000 0.0000 -23.1490 -2.7958 -33.5111 4.0144 12.1795 36.3700 1.1637 -3.6296 -19.5081 0.0252 1.0247 2.8167 0.0000 0.0000 0.0000 -2.0798 38.9573 -41.7756 -2.1667 -9.2049 26.4385 0.0487 3.9918 0.5966 -0.0175 0.8535 -2.3459 -4.7734 -7.0291 23.0137 -3.9105 -11.5704 10.1966 1.1684 -6.2904 -1.3843 -6.2968 7.9185 -12.2082 0.0084 11.6023 19.6712 2.1339 4.8411 7.7203 0.0000 -0.0000 0.0000 -95.9042 -56.8018 57.0926 10.1524 -16.9776 -1.5192 -0.0000 -0.0000 13.2588 23.3285 10.3486 4.4299 -7.1250 0.0000 -0.0000 -3.3018 41.2049 0.3094 0.0000 -0.0000 0.0000 79.4289 35.0822 49.7870 -146.6337 43.6097 -106.3259 0.0000 -0.0000 -7.4448 -44.5862 1.4691 -1.4476 7.1250 -0.0000 -0.0000 -13.8070 -27.8189 -5.9279
-0.0561 18.3813 0.2267 -180.2810 -50.3243 198.8010 0.0000 0.0000 0.0000 -23.9615 -2.7293 -34.3250 4.0179 12.1842 36.3867 1.0179 -4.1907 -18.1272 0.0134 0.7468 2.0525 0.0000 0.0000 0.0000 -3.7021 38.7426 -41.1710 -2.1974 -9.2657 26.6300 -0.0200 4.2864 -3.7270 -0.0569 1.5393 -4.2341 -4.2230 -7.2314 23.4429 -3.5940 -11.7335 10.4553 1.2788 -6.3743 -1.3376 -6.5570 7.5530 -11.5605 0.4195 10.9976 19.7205 2.2212 4.5748 7.5990 -0.0000 -0.0000 0.0000 -94.6050 -55.8883 52.3235 10.6894 -17.8106 -1.6797 -0.0000 -0.0000 14.9257 24.4853 11.1280 5.0232 -7.1250 0.0000 -0.0000 -2.3673 42.1640 0.1657 -0.0000 -0.0000 0.0000 78.1823 33.0361 47.0861 -145.7777 44.2488 -105.7320 0.0000 -0.0000 -10.6552 -45.2572 2.7786 -2.8004 7.1250 -0.0000 -0.0000 -14.0423 -25.9864 -6.6599
0.0862 18.3650 0.3564 -180.9150 -51.3336 198.7270 0.0000 0.0000 0.0000 -24.2092 -3.0477 -34.5057 4.0966 12.2879 36.7580 0.9284 -4.8118 -17.2311 0.0214 0.9437 2.5940 0.0000 0.0000 0.0000 -3.0039 37.0428 -40.0761 -2.7443 -10.2691 29.8526 -0.2538 5.3700 -9.1559 -0.2689 3.3360 -9.2155 -3.5991 -7.0538 23.3723 -3.3149 -11.3759 10.7600 1.1183 -6.2117 -1.0413 -6.8951 6.8751 -10.7841 1.2084 9.8895 19.9131 2.4025 4.0887 7.4987 -0.0000 0.0000 0.0000 -93.0165 -54.2432 50.7895 12.0762 -19.9188 -2.1282 -0.0000 -0.0000 15.1913 26.8325 11.1577 5.5907 -7.1250 0.0000 -0.0000 -0.2583 42.4436 0.0163 -0.0000 0.0000 0.0000 76.8524 30.4978 44.7955 -146.5487 43.6740 -106.2673 0.0000 -0.0000 -13.0934 -45.5371 3.4398 -3.4984 7.1250 -0.0000 -0.0000 -14.1099 -25.0535 -7.0114
0.2424 18.3300 0.4466 -181.3630 -51.7134 199.0580 0.0000 0.0000 0.0000 -24.4653 -3.1182 -35.4490 4.1832 12.4003 37.1631 0.8892 -5.0836 -16.8374 0.0662 1.6597 4.5660 0.0000 0.0000 0.0000 -2.3521 35.9222 -39.8854 -3.8506 -11.9589 35.5867 -0.6251 4.3725 -14.0926 -0.2252 3.0550 -8.4318 -3.3337 -6.6218 22.4693 -3.0913 -10.6691 10.6217 0.9433 -5.8480 -0.7826 -6.6952 6.0816 -10.0051 1.6843 8.5637 20.4749 2.4004 3.4790 7.5825 -0.0000 -0.0000 0.0000 -90.7319 -51.4760 51.1477 14.3890 -23.2881 -2.9802 -0.0000 -0.0000 12.5274 28.7595 11.9024 6.4581 -7.1250 0.0000 -0.0000 1.4314 43.4945 -0.0532 -0.0000 -0.0000 0.0000 76.5328 27.8175 43.3331 -147.9653 42.5748 -107.2357 0.0000 -0.0000 -14.6285 -45.8090 3.7196 -3.8178 7.1250 -0.0000 -0.0000 -14.2475 -24.6419 -7.2250
0.3981 18.3219 0.5090 -182.0700 -51.7578 199.2630 0.0000 0.0000 0.0000 -24.8434 -3.0099 -35.7582 4.2116 12.4368 37.2954 0.8642 -4.8728 -16.6047 0.0298 1.1147 3.0644 0.0000 0.0000 0.0000 -1.1711 34.3877 -38.9022 -5.3296 -13.7457 42.2281 -0.8854 0.3821 -17.6617 -0.1921 2.8226 -7.7852 -3.8073 -5.9156 22.0764 -2.7469 -9.7698 10.2884 1.3429 -5.4031 -0.8437 -7.0414 5.2069 -9.4607 2.2358 7.2319 20.9977 2.5206 2.8375 7.6777 -0.0000 0.0000 0.0000 -89.4594 -48.7354 51.0199 16.2684 -25.8832 -3.7624 -0.0000 -0.0000 10.8991 29.7703 12.7919 7.2181 -7.1250 0.0000 -0.0000 2.2982 44.6257 -0.0212 -0.0000 0.0000 0.0000 76.7433 25.4674 41.5971 -148.8280 41.8771 -107.8155 0.0000 -0.0000 -16.3387 -45.9349 2.5672 -2.6496 7.1250 -0.0000 -0.0000 -14.5820 -26.2289 -6.8463
0.5506 18.3168 0.5653 -182.0770 -51.4393 199.0620 0.0000 0.0000 0.0000 -24.7361 -3.0318 -36.0113 4.1827 12.3996 37.1607 0.8490 -4.5101 -16.4781 0.0168 0.8370 2.3004 0.0000 0.0000 0.0000 0.3659 32.1267 -37.7083 -6.7946 -15.1565 48.0933 -0.9411 -2.7747 -19.5257 -0.1974 2.8611 -7.8922 -4.0668 -5.2838 21.4425 -2.3997 -8.8987 9.8992 1.6232 -4.9573 -0.8954 -7.2145 4.5210 -8.9738 2.3383 6.2311 21.2493 2.4919 2.3390 7.7137 0.0000 -0.0000 0.0000 -88.2906 -46.7333 48.7461 16.9925 -26.8479 -4.0840 -0.0000 -0.0000 11.6194 30.4259 13.4347 7.7701 -7.1250 0.0000 -0.0000 2.8659 45.4442 0.0315 0.0000 -0.0000 0.0000 77.5639 23.8020 40.7298 -148.3479 42.2680 -107.4938 0.0000 -0.0000 -18.1864 -45.8950 1.8416 -1.8990 7.1250 -0.0000 -0.0000 -14.7066 -27.2387 -6.5468
0.6960 18.3733 0.6046 -181.1190 -50.1870 198.0580 0.0000 0.0000 0.0000 -23.9856 -2.8829 -35.8402 4.0279 12.1974 36.4339 0.8489 -2.9981 -16.6558 0.0016 0.2569 0.7057 0.0000 0.0000 0.0000 1.7794 31.3688 -36.0650 -7.9908 -16.1125 52.5297 -0.8709 -5.1087 -20.1968 -0.1478 2.4775 -6.8273 -4.3519 -4.4260 20.6634 -2.0170 -7.7508 9.6432 1.8858 -4.3936 -0.7492 -7.9039 4.0372 -9.4690 2.6151 5.6599 21.9495 2.6800 2.0066 8.0372 0.0000 0.0000 0.0000 -86.4198 -45.3693 45.4040 17.0484 -26.9215 -4.1092 -0.0000 -0.0000 11.8062 30.9549 14.4250 8.4980 -7.1250 0.0000 -0.0000 3.2954 46.6492 0.1343 0.0000 0.0000 0.0000 78.2636 23.3971 41.1660 -146.3427 43.8292 -106.1248 0.0000 -0.0000 -19.8765 -46.1538 1.0972 -1.1420 7.1250 -0.0000 -0.0000 -15.0592 -28.2608 -6.3366
0.8167 18.4186 0.6633 -180.0620 -47.8591 196.9370 0.0000 0.0000 0.0000 -23.1668 -2.6614 -35.3413 3.8481 11.9555 35.5746 0.8548 -1.2529 -17.0931 0.0034 0.3761 1.0333 0.0000 0.0000 0.0000 2.4264 30.3814 -34.5346 -8.6288 -16.5628 54.7972 -0.8573 -4.7614 -19.8434 -0.0004 -0.1305 0.3586 -3.8852 -3.4053 19.7906 -2.2878 -6.2781 9.2971 1.0123 -3.6235 -0.8531 -7.2453 3.8153 -9.2044 2.1985 5.2599 22.4696 2.4034 1.7956 8.2186 -0.0000 0.0000 0.0000 -84.0680 -44.0180 42.5422 16.7256 -26.4946 -3.9641 -0.0000 -0.0000 11.7869 30.6054 15.1068 8.7639 -7.1250 0.0000 -0.0000 2.9003 47.3723 0.1699 -0.0000 0.0000 0.0000 79.2643 22.7263 42.8354 -144.6662 45.0490 -104.9509 0.0000 -0.0000 -21.6025 -46.1076 0.2453 -0.2549 7.1250 -0.0000 -0.0000 -15.2090 -29.4487 -5.9580
0.9265 18.4796 0.7333 -179.3010 -44.9491 196.6090 0.0000 0.0000 0.0000 -22.6958 -2.2354 -35.4112 3.6340 11.6568 34.5285 0.8378 0.6527 -17.5437 0.0065 0.5203 1.4298 0.0000 0.0000 0.0000 2.0355 28.4964 -34.0367 -8.5468 -16.5071 54.5091 -0.7158 -4.7692 -18.4170 -0.0012 -0.2263 0.6217 -3.4044 -2.2699 18.9912 -2.5413 -4.6199 8.5451 0.1505 -2.7315 -1.3804 -7.0540 3.6752 -9.3661 2.1814 5.0190 23.1520 2.3630 1.6599 8.4968 0.0000 0.0000 0.0000 -81.8459 -42.2378 41.2029 16.9803 -26.8318 -4.0784 -0.0000 -0.0000 11.1172 31.6545 16.3120 9.8239 -7.1250 0.0000 -0.0000 3.8226 48.9147 0.3696 0.0000 0.0000 0.0000 79.4265 21.9457 44.9044 -144.3140 45.2958 -104.7011 0.0000 -0.0000 -21.9408 -46.2109 0.7338 -0.7655 7.1250 -0.0000 -0.0000 -15.1810 -28.7649 -6.2028
1.0464 18.5649 0.7388 -178.9790 -42.2648 195.5640 0.0000 0.0000 0.0000 -22.6867 -0.4239 -34.3111 3.3288 11.2092 32.9886 0.7771 2.2011 -17.5882 0.0000 0.0344 0.0944 0.0000 0.0000 0.0000 2.1528 26.8287 -31.5935 -7.7966 -15.9676 51.8267 -0.5645 -6.3391 -17.9090 -0.0000 -0.0086 0.0236 -4.3701 -1.0170 19.2045 -2.2875 -3.1561 8.1619 0.7006 -2.0168 -1.8648 -6.8542 3.7892 -9.6082 1.6168 5.2641 23.7045 2.1795 1.7017 8.7458 0.0000 0.0000 0.0000 -80.4036 -40.3123 40.0170 17.8086 -27.9113 -4.4593 -0.0000 -0.0000 9.7504 32.5074 17.0866 10.6050 -7.1250 0.0000 -0.0000 4.6119 49.9502 0.5639 0.0000 0.0000 0.0000 79.0360 21.7416 47.4611 -145.3525 44.5588 -105.4345 0.0000 -0.0000 -21.7753 -45.2944 0.8614 -0.8702 7.1250 -0.0000 -0.0000 -14.4619 -28.6215 -5.9415
1.1414 18.6136 0.7757 -179.3860 -41.4390 195.3560 0.0000 0.0000 0.0000 -22.8704 -0.6225 -33.1824 3.0611 10.7933 31.5858 0.6929 3.7356 -17.5186 0.0003 0.1023 0.2811 0.0000 0.0000 0.0000 1.3742 23.9887 -29.7202 -6.7316 -15.1017 47.8519 -0.3374 -8.0118 -16.6999 -0.0267 1.0542 -2.8981 -3.7657 -0.9228 18.7442 -2.4730 -2.9005 8.0938 0.0998 -1.8721 -1.7521 -6.6705 3.9156 -9.4269 1.2871 5.4687 23.5431 2.0494 1.7863 8.6654 -0.0000 -0.0000 0.0000 -79.0153 -38.6304 39.2387 19.1682 -29.6271 -5.1137 -0.0000 -0.0000 8.6128 33.2691 17.5452 11.1881 -7.1250 0.0000 -0.0000 5.3529 50.6174 0.7428 -0.0000 -0.0000 0.0000 79.2015 22.3509 49.0523 -146.4617 43.7398 -106.2071 0.0000 -0.0000 -21.8956 -45.1184 0.3992 -0.4008 7.1250 -0.0000 -0.0000 -14.4227 -29.2622 -5.6972
1.2926 18.7099 0.6988 -179.2460 -40.3155 194.2330 0.0000 0.0000 0.0000 -22.3531 0.5824 -31.4359 2.7816 10.3328 30.0612 0.7117 3.7399 -17.7254 0.0769 1.7887 4.9221 0.0000 0.0000 0.0000 1.3613 24.0712 -26.2275 -5.4582 -13.8819 42.7665 -0.0933 -9.8715 -15.5046 -0.0183 0.8741 -2.4026 -4.5322 -0.2040 18.5436 -2.3089 -2.0764 8.0185 0.5399 -1.4844 -1.7152 -6.6405 3.8924 -9.2847 1.6496 5.2749 24.3016 2.1574 1.6857 8.8940 -0.0000 0.0000 0.0000 -78.4215 -36.9438 41.4610 20.7144 -31.4935 -5.9001 -0.0000 -0.0000 5.5968 34.4817 18.8939 12.5385 -7.1250 0.0000 -0.0000 6.5217 52.4124 1.1940 -0.0000 0.0000 0.0000 79.5284 22.0979 48.9016 -148.0657 42.4948 -107.3036 0.0000 -0.0000 -22.6410 -44.2632 0.2569 -0.2504 7.1250 -0.0000 -0.0000 -13.7970 -29.4779 -5.3631
1.4354 18.7607 0.6339 -178.5630 -40.9018 193.1930 0.0000 0.0000 0.0000 -21.2614 0.6183 -30.1575 2.5085 9.8533 28.5028 0.6054 4.5354 -17.0487 0.0650 1.6455 4.5270 0.0000 0.0000 0.0000 1.5822 25.1739 -22.9277 -4.2551 -12.4923 37.4965 0.3290 -12.1734 -11.7237 -0.0508 1.4546 -4.0006 -3.8042 -0.3704 18.3562 -1.9746 -2.0827 7.6661 0.4875 -1.4380 -2.0074 -6.7414 3.7245 -8.7587 1.8595 4.8869 24.8639 2.2036 1.4699 8.9973 0.0000 -0.0000 0.0000 -79.2206 -35.8345 44.1977 21.8561 -32.8140 -6.5077 -0.0000 -0.0000 3.7470 38.7881 22.6317 17.1847 -7.1250 0.0000 -0.0000 11.2438 57.7657 3.5432 0.0000 -0.0000 0.0000 79.5118 21.3378 48.7800 -150.5772 40.3935 -108.9663 0.0000 -0.0000 -22.3246 -44.4512 -0.7979 0.7827 7.1250 -0.0000 -0.0000 -14.1459 -30.9070 -5.0074
1.5897 18.8073 0.5330 -178.5620 -41.9917 192.7550 0.0000 0.0000 0.0000 -20.5601 0.2577 -29.0340 2.3221 9.5071 27.3948 0.5296 4.8751 -16.3949 0.0591 1.5687 4.3151 0.0000 0.0000 0.0000 1.3993 27.7269 -19.5792 -3.4514 -11.3922 33.6144 0.3010 -11.9587 -11.8990 -0.4543 4.3240 -11.9900 -3.6196 -0.8896 17.3327 -1.7935 -2.6299 7.7160 0.6402 -1.7033 -1.4033 -7.2718 3.7149 -8.9765 2.3272 4.8189 25.5883 2.4631 1.3903 9.2644 -0.0000 -0.0000 0.0000 -80.3992 -35.6470 46.5811 22.9270 -34.0088 -7.0974 -0.0000 -0.0000 2.4845 35.7480 18.7669 13.0391 -7.1250 0.0000 -0.0000 7.8846 52.5272 1.4681 -0.0000 -0.0000 0.0000 79.2485 21.4036 48.4554 -152.6999 38.4639 -110.3148 0.0000 -0.0000 -22.1628 -44.0301 -0.0531 0.0514 7.1250 -0.0000 -0.0000 -13.6768 -29.9022 -5.1712
1.7517 18.8473 0.4262 -177.9700 -42.9223 191.8340 0.0000 0.0000 0.0000 -19.2278 -0.4204 -27.8534 2.1695 9.2105 26.4561 0.4606 5.5675 -16.0688 0.0593 1.5714 4.3227 0.0000 0.0000 0.0000 2.0797 29.5650 -17.3842 -3.1510 -10.9356 32.0631 0.2624 -11.4772 -11.7554 -0.7649 5.5852 -15.5854 -3.1119 -1.3795 16.7528 -1.6892 -3.0973 7.3827 0.5330 -1.8917 -1.4584 -7.0452 3.7406 -8.5160 2.2067 4.6810 26.3925 2.3706 1.2634 9.4772 0.0000 0.0000 0.0000 -82.1408 -35.2166 50.1684 23.5861 -34.7235 -7.4695 -0.0000 -0.0000 0.6819 34.4586 18.4381 12.2454 -7.1250 0.0000 -0.0000 6.5285 51.8800 1.1099 0.0000 0.0000 0.0000 79.0676 21.0947 47.4877 -154.5521 36.6583 -111.4441 0.0000 -0.0000 -18.6691 -41.3305 -1.4963 1.3156 7.1250 -0.0000 -0.0000 -11.8076 -31.8261 -3.8779
1.9103 18.8731 0.3333 -177.7530 -43.4080 191.2830 0.0000 0.0000 0.0000 -18.2332 -1.5200 -26.5859 2.0209 8.9094 25.5124 0.3817 6.8943 -16.1980 0.0594 1.5721 4.3245 0.0000 0.0000 0.0000 2.6612 29.6653 -16.2722 -2.9959 -10.6885 31.2364 0.1682 -10.2391 -11.4444 -0.9693 6.2680 -17.5640 -2.6400 -1.8641 16.0667 -1.9547 -3.6016 7.1634 0.0520 -2.1090 -1.3618 -6.8018 3.7708 -8.3255 2.2996 4.5800 26.7268 2.3513 1.2167 9.5661 0.0000 0.0000 0.0000 -84.0130 -35.2550 53.5487 23.7164 -34.8630 -7.5439 -0.0000 0.0000 -0.7877 34.0908 18.9034 12.3676 -7.1250 0.0000 -0.0000 6.1049 52.3437 1.1069 0.0000 0.0000 0.0000 78.6914 21.2020 48.2288 -156.2355 34.9143 -112.4286 0.0000 -0.0000 -15.8040 -40.6477 -2.1112 1.8115 7.1250 -0.0000 -0.0000 -11.3513 -32.6138 -3.5029
2.0624 18.8987 0.2317 -177.9950 -43.4176 190.9530 0.0000 0.0000 0.0000 -17.7940 -2.3950 -25.3028 1.8878 8.6283 24.6392 0.1982 9.0295 -15.9597 0.0005 0.1455 0.3998 0.0000 0.0000 0.0000 3.2120 27.8224 -15.7755 -2.8118 -10.3840 30.2295 0.0767 -8.5200 -10.5168 -1.1270 6.7431 -18.9565 -2.8430 -2.3052 15.5512 -2.2425 -4.1775 7.0057 -0.0627 -2.3853 -1.2540 -6.5391 4.0311 -8.2496 2.1525 4.8786 26.9610 2.2847 1.3362 9.6312 0.0000 -0.0000 0.0000 -86.3421 -35.5145 56.2462 23.1544 -34.2572 -7.2250 -0.0000 0.0000 -1.2612 29.7228 15.3842 8.6125 -7.1250 0.0000 -0.0000 2.0160 47.5495 0.1269 0.0000 -0.0000 0.0000 77.7916 21.8123 49.6858 -157.4527 33.5901 -113.1138 0.0000 -0.0000 -12.7571 -40.5203 -3.2189 2.7476 7.1250 -0.0000 -0.0000 -11.4014 -34.0390 -3.1181
2.2206 18.9280 0.1328 -176.9510 -42.9491 190.4620 0.0000 0.0000 0.0000 -15.9144 -3.6612 -24.9750 1.8856 8.6237 24.6250 0.2209 9.9200 -17.2841 0.0231 0.9823 2.7001 0.0000 0.0000 0.0000 4.5634 26.4774 -15.9550 -2.5568 -9.9405 28.7842 0.0384 -7.5328 -9.8497 -1.0081 6.3888 -17.9168 -2.5811 -2.7566 14.6504 -2.1941 -4.6524 6.7658 -0.1294 -2.5965 -1.0384 -6.2127 4.3526 -8.7218 2.0781 5.3141 27.1752 2.2619 1.5446 9.7885 -0.0000 -0.0000 0.0000 -88.6115 -36.0476 58.8136 22.2648 -33.2750 -6.7306 -0.0000 0.0000 -1.3955 27.2116 14.8703 7.5171 -7.1250 0.0000 -0.0000 -0.3339 46.6035 -0.0132 -0.0000 -0.0000 0.0000 76.7626 22.7380 51.5343 -158.2705 32.6700 -113.5608 0.0000 -0.0000 -9.9043 -40.6933 -4.1841 3.5901 7.1250 -0.0000 -0.0000 -11.6758 -35.2898 -2.8337
2.3767 18.9315 0.0370 -177.6350 -42.3374 190.7670 0.0000 0.0000 0.0000 -15.8450 -3.5789 -24.4326 1.8213 8.4835 24.1925 0.2185 10.1367 -17.5059 0.0475 1.4069 3.8691 0.0000 0.0000 0.0000 4.9070 25.0946 -15.6091 -2.3745 -9.6060 27.7100 -0.0354 -6.6046 -10.2597 -0.8415 5.8513 -16.3537 -3.4439 -3.1049 14.3035 -2.5253 -5.2225 6.7121 0.0661 -2.8963 -0.8574 -6.0314 4.5922 -8.6614 2.2079 5.6298 26.4693 2.2912 1.7629 9.5083 -0.0000 -0.0000 0.0000 -90.7905 -36.8517 61.7803 21.0182 -31.8496 -6.0596 -0.0000 0.0000 -1.2345 26.7171 13.8530 6.8716 -7.1250 0.0000 -0.0000 -0.6652 45.4124 -0.0068 -0.0000 -0.0000 0.0000 75.8111 23.5310 53.0129 -158.6811 32.1987 -113.7810 0.0000 -0.0000 -8.3550 -40.8376 -4.4884 3.8696 7.1250 -0.0000 -0.0000 -11.8381 -35.6899 -2.7568
2.5670 18.9017 -0.0698 -177.1390 -42.2796 190.7500 0.0000 0.0000 0.0000 -14.6041 -3.4829 -25.3084 1.9041 8.6635 24.7482 0.2430 9.8083 -17.4324 0.0757 1.7748 4.8836 0.0000 0.0000 0.0000 6.2992 25.3165 -15.3356 -2.2463 -9.3612 26.9319 -0.0734 -7.4952 -12.1657 -0.9104 6.0799 -17.0165 -3.6276 -3.6638 14.3213 -2.5039 -5.9537 6.3779 0.3119 -3.2375 -1.1791 -6.1102 4.8253 -8.7227 2.8018 5.8874 25.7773 2.5189 1.9815 9.2337 -0.0000 -0.0000 0.0000 -93.1497 -37.8705 64.5475 19.2673 -29.7494 -5.1628 -0.0000 -0.0000 0.2447 25.6837 12.3015 5.8503 -7.1250 0.0000 -0.0000 -1.4257 43.5777 0.0501 -0.0000 -0.0000 0.0000 75.2457 23.6088 54.5015 -158.8233 32.0340 -113.8566 0.0000 -0.0000 -8.2556 -40.7381 -4.2566 3.6579 7.1250 -0.0000 -0.0000 -11.7230 -35.3856 -2.8177
2.7677 18.8649 -0.1750 -177.7720 -42.7918 191.3690 0.0000 0.0000 0.0000 -14.3139 -3.4493 -26.2642 1.9864 8.8377 25.2891 0.2421 9.3202 -16.8706 0.0863 1.8944 5.2139 0.0000 0.0000 0.0000 6.9912 25.8546 -14.9485 -2.2186 -9.3073 26.7614 -0.1249 -9.2125 -15.1389 -0.9722 6.2772 -17.5908 -4.0326 -4.3122 14.4615 -3.0574 -6.9044 6.3934 0.1091 -3.7163 -1.2314 -5.6672 4.9008 -8.4203 3.6204 5.7972 24.5050 2.6753 2.1401 8.7173 0.0000 -0.0000 0.0000 -94.8334 -39.2088 67.4926 17.5423 -27.5672 -4.3353 -0.0000 -0.0000 0.5915 24.8430 11.8222 5.4184 -7.1250 0.0000 -0.0000 -2.1308 42.9586 0.1074 0.0000 -0.0000 0.0000 75.6062 23.3130 55.2603 -158.5426 32.3583 -113.7071 0.0000 -0.0000 -7.3297 -41.4841 -4.4276 3.9051 7.1250 -0.0000 -0.0000 -12.3704 -35.6477 -2.8985
2.9792 18.8170 -0.2685 -175.3160 -43.1007 190.3350 0.0000 0.0000 0.0000 -11.2221 -3.5551 -28.6107 2.3455 9.5514 27.5359 0.2957 8.6812 -16.8591 0.0835 1.8638 5.1293 0.0000 0.0000 0.0000 9.9290 26.1901 -15.1532 -2.0773 -9.0253 25.8746 -0.1986 -10.2770 -17.4224 -0.5673 4.8237 -13.4064 -2.5114 -4.9166 14.5175 -2.8264 -7.4770 6.5525 -0.4008 -3.9731 -1.2379 -5.9022 4.8493 -8.7035 4.7804 5.6477 23.3585 3.0704 2.2395 8.3317 -0.0000 0.0000 0.0000 -97.6194 -40.9037 68.6857 15.5305 -24.8799 -3.4460 -0.0000 -0.0000 1.9089 24.2603 11.9775 5.3433 -7.1250 0.0000 -0.0000 -2.6786 43.0633 0.1281 -0.0000 0.0000 0.0000 75.8663 22.8565 55.1535 -158.0533 32.9168 -113.4431 0.0000 -0.0000 -6.6415 -42.7367 -4.5488 4.1910 7.1250 -0.0000 -0.0000 -13.4387 -35.8800 -3.0819
3.2009 18.7679 -0.3324 -174.8130 -42.5957 190.7920 0.0000 0.0000 0.0000 -9.9096 -3.3710 -30.7104 2.5801 9.9822 28.9191 0.3003 8.4637 -16.6891 0.0383 1.2633 3.4737 0.0000 0.0000 0.0000 10.5607 27.2740 -16.2756 -2.0613 -8.9927 25.7725 -0.3367 -10.5009 -19.3023 -0.2652 3.3126 -9.1503 -2.4006 -5.3271 14.8806 -3.1696 -8.0514 6.6619 -0.6952 -4.2611 -1.3750 -5.7356 4.8640 -8.9482 5.3177 5.6534 22.2364 3.1990 2.3716 7.9836 0.0000 0.0000 0.0000 -99.3462 -42.3199 68.1586 13.7736 -22.4101 -2.7412 -0.0000 -0.0000 4.0384 24.2784 10.7533 4.8106 -7.1250 0.0000 -0.0000 -2.5072 41.7354 0.2021 0.0000 0.0000 0.0000 76.6626 22.4453 55.0110 -157.3336 33.7220 -113.0478 0.0000 -0.0000 -5.6385 -43.9610 -4.9628 4.7689 7.1250 -0.0000 -0.0000 -14.5433 -36.5104 -3.1179
3.4128 18.7389 -0.4001 -176.6860 -41.7841 192.3620 0.0000 0.0000 0.0000 -10.7340 -3.5696 -31.0992 2.5581 9.9427 28.7914 0.1977 9.4417 -16.4292 0.0113 0.6853 1.8833 0.0000 0.0000 0.0000 9.2704 26.9591 -17.8346 -2.2057 -9.2821 26.6817 -0.4046 -9.5201 -19.0156 -0.4070 4.0956 -11.3458 -4.4089 -5.4518 15.3091 -3.7254 -8.6251 7.2211 -0.0990 -4.6379 -0.8059 -5.7293 5.0128 -9.0771 5.4545 5.9614 20.9955 3.2364 2.5951 7.5731 0.0000 0.0000 0.0000 -100.6231 -43.9710 66.9367 12.2306 -20.1496 -2.1811 -0.0000 -0.0000 6.5039 23.9401 9.7693 4.3082 -7.1250 0.0000 -0.0000 -2.6936 40.6339 0.2902 0.0000 0.0000 0.0000 77.0960 22.6495 54.6398 -156.3691 34.7715 -112.5050 0.0000 -0.0000 -5.0147 -45.1271 -5.3136 5.3143 7.1250 -0.0000 -0.0000 -15.6033 -37.0709 -3.1376
3.5864 18.7395 -0.4489 -175.8510 -40.5234 192.5270 0.0000 0.0000 0.0000 -9.2853 -4.0388 -31.4850 2.5115 9.8588 28.5206 0.0212 11.5475 -16.7280 0.0035 0.3799 1.0440 0.0000 0.0000 0.0000 9.7352 27.5547 -19.2415 -2.1813 -9.2339 26.5297 -0.4627 -8.4175 -18.5774 -0.2451 3.1857 -8.7963 -4.1888 -5.6777 16.0694 -3.8157 -8.9736 7.3302 -0.1740 -4.8122 -1.1287 -6.0620 5.4199 -9.7860 5.9059 6.5484 20.9809 3.5086 2.9040 7.6275 -0.0000 0.0000 0.0000 -99.5717 -44.9357 65.7313 11.6024 -19.2057 -1.9695 -0.0000 -0.0000 8.4667 22.9109 9.6886 4.0685 -7.1250 0.0000 -0.0000 -3.5887 40.4549 0.4028 -0.0000 0.0000 0.0000 77.6003 22.5818 54.9030 -155.1656 36.0343 -111.8077 0.0000 -0.0000 -4.7440 -45.7954 -5.1947 5.3183 7.1250 -0.0000 -0.0000 -16.1475 -36.9617 -3.2990
3.7549 18.7472 -0.4960 -175.7480 -39.6285 193.0590 0.0000 0.0000 0.0000 -8.2419 -5.3682 -31.2545 2.4161 9.6837 27.9584 -0.0504 13.1915 -18.1273 0.0177 0.8598 2.3631 0.0000 0.0000 0.0000 10.1256 27.0619 -20.0253 -2.0315 -8.9314 25.5809 -0.3957 -7.9076 -17.3164 -0.3037 3.5435 -9.7958 -4.4868 -6.0137 17.2226 -3.8149 -9.5534 7.2124 0.2329 -5.0910 -1.7938 -5.9007 5.9036 -9.4937 5.6119 7.2164 20.7406 3.4166 3.2047 7.4724 0.0000 -0.0000 0.0000 -96.8106 -45.4646 64.9051 11.3276 -18.7886 -1.8801 -0.0000 -0.0000 9.3753 22.4289 10.7468 4.4012 -7.1250 0.0000 -0.0000 -4.1516 41.5473 0.3543 0.0000 -0.0000 0.0000 77.9992 22.2946 55.5072 -153.4093 37.7860 -110.7528 0.0000 -0.0000 -5.7058 -46.9937 -4.1458 4.4321 7.1250 -0.0000 -0.0000 -16.9147 -35.5955 -4.0552
3.8883 18.7843 -0.5452 -175.8930 -38.9099 193.6870 0.0000 0.0000 0.0000 -7.3615 -7.5450 -30.1551 2.1889 9.2489 26.5772 -0.1759 15.6260 -20.2951 0.1277 2.3036 6.3455 0.0000 0.0000 0.0000 10.1101 28.2381 -20.0218 -1.8753 -8.6013 24.5560 -0.3175 -8.7861 -17.2415 -0.2463 3.1934 -8.8176 -4.8519 -6.1632 17.5064 -3.4976 -9.8398 7.5410 0.8032 -5.2722 -1.4639 -6.3204 5.9861 -9.7030 5.3473 7.4788 20.7214 3.4259 3.2781 7.4834 -0.0000 -0.0000 0.0000 -94.3789 -46.3619 62.7907 10.9541 -18.2179 -1.7616 -0.0000 -0.0000 11.9689 21.9026 9.8788 3.9459 -7.1250 0.0000 -0.0000 -4.4975 40.5700 0.4924 -0.0000 -0.0000 0.0000 77.6337 22.1146 55.5746 -151.4254 39.6398 -109.5118 0.0000 -0.0000 -9.3006 -46.6681 -1.1786 1.2491 7.1250 -0.0000 -0.0000 -15.9580 -31.4307 -5.4837
4.0037 18.8112 -0.5990 -176.3450 -38.2117 194.3720 0.0000 0.0000 0.0000 -6.9151 -9.7873 -28.6485 1.9346 8.7285 24.9498 -0.3022 17.9735 -22.6498 0.1972 2.8597 7.8883 0.0000 0.0000 0.0000 9.9795 27.8135 -20.7485 -1.8115 -8.4618 24.1259 -0.3446 -8.0056 -16.7846 -0.1701 2.6568 -7.3247 -4.2381 -6.2183 17.6268 -3.8135 -9.8875 7.9000 0.1494 -5.3142 -1.3023 -6.3091 5.8500 -10.0039 5.9138 7.1606 21.0690 3.6081 3.1679 7.6443 0.0000 0.0000 0.0000 -91.5798 -47.0829 59.1557 10.3294 -17.2532 -1.5712 -0.0000 -0.0000 14.2478 22.2981 9.5087 3.8756 -7.1250 0.0000 -0.0000 -4.1032 40.2084 0.4857 0.0000 0.0000 0.0000 78.2125 21.0406 54.9051 -150.2778 40.6541 -108.7718 0.0000 -0.0000 -12.4276 -47.6517 -0.0907 0.0995 7.1250 -0.0000 -0.0000 -16.4629 -29.8853 -6.3075
4.0948 18.8397 -0.6553 -177.4800 -37.2229 195.3500 0.0000 0.0000 0.0000 -7.3706 -11.2213 -27.3225 1.7065 8.2259 23.4024 -0.4320 19.9762 -24.6517 0.2952 3.4940 9.6572 0.0000 0.0000 0.0000 9.0445 28.6614 -21.0652 -1.8074 -8.4529 24.0983 -0.3280 -8.1733 -16.7435 -0.1308 2.3310 -6.4215 -3.9646 -5.5676 17.8687 -4.0791 -9.0550 7.8794 -0.3787 -4.9018 -1.5581 -5.4339 5.2419 -9.3211 5.7993 6.1084 21.1320 3.3231 2.7069 7.6478 -0.0000 -0.0000 0.0000 -90.3999 -46.5076 54.5573 10.0912 -16.8821 -1.5013 -0.0000 -0.0000 15.8779 22.1991 11.8478 4.7892 -7.1250 0.0000 -0.0000 -4.5187 42.7017 0.2568 -0.0000 -0.0000 0.0000 78.4818 18.5488 51.8210 -149.1406 41.6188 -108.0236 0.0000 -0.0000 -16.7520 -46.9343 1.3303 -1.4229 7.1250 -0.0000 -0.0000 -15.5906 -27.8978 -6.7156
4.1875 18.8339 -0.6817 -178.0660 -36.6116 196.0430 0.0000 0.0000 0.0000 -7.0306 -13.4243 -26.4441 1.6015 7.9814 22.6577 -0.5601 21.9379 -26.7761 0.3703 3.9085 10.8194 0.0000 0.0000 0.0000 8.3493 29.7161 -21.6690 -1.8507 -8.5479 24.3910 -0.3236 -8.4615 -16.9814 -0.1274 2.3007 -6.3373 -3.3156 -5.2683 18.0987 -3.7249 -8.5463 7.8270 -0.4222 -4.6335 -1.7770 -5.5974 4.7387 -8.7551 5.5250 5.4863 20.8518 3.1853 2.3786 7.4980 0.0000 0.0000 0.0000 -89.3159 -46.0380 47.8767 9.7760 -16.3884 -1.4111 -0.0000 -0.0000 19.5383 24.1820 10.7219 4.7754 -7.1250 0.0000 -0.0000 -2.5894 41.6917 0.2115 0.0000 0.0000 0.0000 77.9086 16.9375 50.2544 -147.9367 42.5976 -107.2164 0.0000 -0.0000 -19.4348 -47.6598 2.1600 -2.3685 7.1250 -0.0000 -0.0000 -15.9341 -26.6786 -7.3525
4.2725 18.8100 -0.7194 -178.5340 -36.1926 196.3730 0.0000 0.0000 0.0000 -7.3627 -12.4446 -26.7347 1.5642 7.8923 22.3873 -0.8366 22.4815 -25.3137 0.1923 2.8238 7.7887 0.0000 0.0000 0.0000 8.0287 30.3169 -22.1214 -1.9467 -8.7541 25.0290 -0.3638 -8.3480 -17.3608 -0.1033 2.0722 -5.7052 -2.5738 -5.0137 17.8933 -3.3667 -8.0653 7.9541 -0.5738 -4.3919 -1.5859 -5.6634 4.3030 -8.4745 5.4553 4.8684 21.0497 3.1229 2.0611 7.5508 0.0000 0.0000 0.0000 -86.7551 -45.1816 44.0823 10.0598 -16.8331 -1.4922 -0.0000 -0.0000 20.1780 25.5127 11.6611 5.5098 -7.1250 0.0000 -0.0000 -1.5049 42.8557 0.0797 0.0000 0.0000 0.0000 77.6967 16.5223 49.9852 -146.3629 43.8141 -106.1388 0.0000 -0.0000 -21.2811 -48.8609 0.5271 -0.6034 7.1250 -0.0000 -0.0000 -17.2237 -28.9622 -7.0218
4.3590 18.7866 -0.7607 -178.9670 -34.9039 196.2920 0.0000 0.0000 0.0000 -7.7315 -11.4556 -26.4893 1.5835 7.9385 22.5275 -0.8972 22.7964 -25.3467 0.1374 2.3895 6.5833 0.0000 0.0000 0.0000 7.7501 31.6359 -22.5091 -2.1485 -9.1688 26.3249 -0.3944 -8.1806 -17.5635 -0.1097 2.1356 -5.8806 -2.4600 -4.3861 17.8301 -2.9826 -7.2212 8.0154 -0.4041 -3.9868 -1.4528 -5.7694 3.8633 -8.2386 5.1672 4.2647 21.5586 3.0046 1.7128 7.7192 -0.0000 -0.0000 0.0000 -83.8997 -44.0048 41.4467 10.1981 -17.0489 -1.5325 -0.0000 -0.0000 20.0970 27.2333 11.7385 5.9774 -7.1250 0.0000 -0.0000 0.0499 43.1335 -0.0023 -0.0000 -0.0000 0.0000 77.8055 16.0686 50.3627 -144.2665 45.3288 -104.6674 0.0000 -0.0000 -22.8842 -49.7190 0.4715 -0.5563 7.1250 -0.0000 -0.0000 -17.8808 -29.0115 -7.2927
4.4530 18.7492 -0.7910 -179.8440 -33.2827 196.3340 0.0000 0.0000 0.0000 -8.7552 -9.4585 -26.3109 1.5842 7.9403 22.5330 -0.8688 22.5062 -25.0613 0.1262 2.2899 6.3076 0.0000 0.0000 0.0000 7.0849 32.3986 -23.4353 -2.4527 -9.7514 28.1753 -0.4821 -7.1535 -17.6484 -0.0838 1.8668 -5.1376 -2.9834 -3.6909 17.9823 -2.6790 -6.4027 7.9119 0.0693 -3.5993 -1.5555 -5.8206 3.6145 -7.9809 4.6961 3.9468 22.0721 2.8369 1.4842 7.8747 0.0000 0.0000 0.0000 -81.0064 -42.7220 38.5628 10.0529 -16.8222 -1.4902 -0.0000 -0.0000 19.7287 28.0018 12.1222 6.3716 -7.1250 0.0000 -0.0000 0.7169 43.6511 -0.0239 0.0000 0.0000 0.0000 77.7398 15.9862 51.2748 -141.4503 47.1868 -102.6323 0.0000 -0.0000 -24.6478 -50.7875 1.4806 -1.8138 7.1250 -0.0000 -0.0000 -18.3901 -27.4578 -8.2386
4.5025 18.7069 -0.7994 -180.4990 -31.8011 196.4300 0.0000 0.0000 0.0000 -9.4063 -8.7180 -26.2072 1.6455 8.0851 22.9728 -0.7376 22.4711 -26.1797 0.1493 2.4895 6.8606 0.0000 0.0000 0.0000 6.2952 32.7436 -24.5844 -2.7195 -10.2265 29.7135 -0.5544 -5.7318 -17.3210 -0.0603 1.5845 -4.3587 -2.5732 -3.3047 17.5286 -2.5149 -5.7938 7.8143 -0.1273 -3.2873 -1.4574 -5.8242 3.5308 -8.3479 4.0772 3.9056 23.0401 2.6577 1.3654 8.2871 -0.0000 0.0000 0.0000 -78.4155 -41.3946 34.8417 9.9712 -16.6945 -1.4667 -0.0000 -0.0000 21.1682 27.8826 13.3128 6.9461 -7.1250 0.0000 -0.0000 0.4884 44.9661 -0.0004 -0.0000 0.0000 0.0000 78.5113 16.3192 52.6932 -138.2259 49.0865 -100.2304 0.0000 -0.0000 -25.9199 -49.8073 -1.0644 1.2596 7.1250 -0.0000 -0.0000 -18.3704 -31.2696 -6.4632
4.6006 18.6621 -0.8714 -180.6480 -29.9984 196.3510 0.0000 0.0000 0.0000 -9.8243 -6.0448 -26.7197 1.6998 8.2106 23.3557 -1.1336 23.3549 -24.1860 0.0049 0.4515 1.2407 0.0000 0.0000 0.0000 6.1524 34.0553 -25.2108 -2.9278 -10.5773 30.8673 -0.6318 -4.7396 -17.4847 -0.0363 1.2298 -3.3814 -2.7208 -2.4750 16.7300 -2.1820 -4.6571 7.6746 0.0538 -2.7235 -1.1633 -5.7239 3.3083 -8.5191 3.5459 3.6674 23.5916 2.4568 1.1862 8.5368 -0.0000 -0.0000 0.0000 -76.2045 -39.9056 34.0469 10.1694 -17.0041 -1.5241 -0.0000 -0.0000 20.3263 29.1297 12.6932 6.9811 -7.1250 0.0000 -0.0000 1.7093 44.4316 -0.0240 -0.0000 -0.0000 0.0000 79.1073 15.7283 53.7596 -137.6263 49.4150 -99.7761 0.0000 -0.0000 -27.0369 -49.4995 -0.8534 0.9990 7.1250 -0.0000 -0.0000 -18.0746 -30.9610 -6.4905
4.7170 18.6157 -0.9320 -180.4770 -26.3181 195.7420 0.0000 0.0000 0.0000 -10.4720 -1.3109 -26.9493 1.7584 8.3437 23.7629 -0.7981 21.7550 -24.3192 0.0282 1.0841 2.9801 0.0000 0.0000 0.0000 6.2092 36.2509 -25.5053 -3.0878 -10.8359 31.7284 -0.6546 -3.2035 -16.7786 -0.0308 1.1322 -3.1125 -3.7081 -0.8052 16.8209 -1.8015 -2.6078 7.3822 0.6702 -1.7243 -1.4913 -5.7830 3.1242 -8.6953 2.6227 3.6183 24.0536 2.1625 1.0442 8.7568 -0.0000 0.0000 0.0000 -75.0358 -38.3462 34.0462 10.8005 -17.9817 -1.7138 -0.0000 -0.0000 19.1564 29.9533 12.0577 6.8642 -7.1250 0.0000 -0.0000 2.5199 43.8150 -0.0737 -0.0000 0.0000 0.0000 79.7906 14.8884 54.8581 -137.9910 49.2161 -100.0526 0.0000 -0.0000 -27.1733 -49.8696 -1.1033 1.3084 7.1250 -0.0000 -0.0000 -18.4295 -31.3267 -6.4593
4.7548 18.6156 -0.9906 -181.9150 -27.4109 195.0240 0.0000 0.0000 0.0000 -11.3644 -2.4112 -25.0730 1.7602 8.3476 23.7749 -0.7974 21.8455 -24.4961 0.0221 0.9608 2.6410 0.0000 0.0000 0.0000 6.5123 34.5167 -24.1081 -3.2621 -11.1077 32.6441 -0.7447 -2.6146 -17.4523 -0.0190 0.8900 -2.4462 -2.6475 -1.2175 17.8300 -1.8264 -3.0600 7.4905 0.1672 -1.9365 -1.9413 -5.8567 3.2127 -8.6513 2.0606 3.8756 24.1890 2.0097 1.0927 8.7995 0.0000 -0.0000 0.0000 -73.5710 -36.6817 36.0154 12.1369 -20.0097 -2.1489 -0.0000 -0.0000 16.2337 30.7096 13.4402 7.8606 -7.1250 0.0000 -0.0000 3.1339 45.4899 0.0379 0.0000 -0.0000 0.0000 80.6666 14.2454 53.9666 -138.8085 48.7602 -100.6695 0.0000 -0.0000 -28.8558 -48.4225 -0.5519 0.6221 7.1250 -0.0000 -0.0000 -17.1668 -30.5328 -6.3209
4.8721 18.5991 -1.1002 -181.6030 -27.7788 193.9410 0.0000 0.0000 0.0000 -10.4417 -2.3642 -23.9098 1.7504 8.3256 23.7076 -0.7018 21.4872 -24.7447 0.0246 1.0133 2.7854 0.0000 0.0000 0.0000 8.2953 34.2750 -23.0817 -3.3767 -11.2812 33.2344 -0.7501 -3.1099 -17.7755 -0.0204 0.9230 -2.5369 -2.2978 -0.9758 17.8970 -1.1182 -2.6543 7.5604 0.6387 -1.7390 -1.8892 -5.7373 3.4117 -8.5123 1.3272 4.2853 24.2832 1.7782 1.2123 8.8152 0.0000 0.0000 0.0000 -73.9435 -35.0475 38.8756 14.0858 -22.8573 -2.8614 -0.0000 -0.0000 11.1322 31.1024 14.2232 8.4315 -7.1250 0.0000 -0.0000 3.4524 46.4406 0.1229 0.0000 0.0000 0.0000 80.5658 13.9595 53.1753 -141.1342 47.3834 -102.4000 0.0000 -0.0000 -28.6945 -46.2862 -0.0332 0.0347 7.1250 -0.0000 -0.0000 -15.4062 -29.8326 -5.8939
4.9914 18.6121 -1.1757 -182.5790 -28.4719 194.5910 0.0000 0.0000 0.0000 -10.7422 -3.2942 -22.8513 1.5167 7.7770 22.0387 -0.4546 20.7495 -25.7162 0.1779 2.7171 7.4922 0.0000 0.0000 0.0000 7.9473 32.9722 -23.8111 -3.4587 -11.4030 33.6515 -0.7452 -3.0784 -17.7060 -0.0270 1.0614 -2.9177 -2.5028 -1.0169 17.0026 -1.1378 -2.6591 7.4391 0.7027 -1.7263 -1.5442 -5.5506 3.7433 -8.5494 1.3775 4.7135 24.4123 1.8074 1.4331 8.8522 0.0000 -0.0000 0.0000 -75.1424 -34.1770 39.6377 16.3062 -25.9340 -3.7789 -0.0000 -0.0000 9.7587 31.9602 15.5254 9.4808 -7.1250 0.0000 -0.0000 4.1900 48.0655 0.3174 0.0000 -0.0000 0.0000 80.5454 14.2681 52.4976 -144.0525 45.4770 -104.5150 0.0000 -0.0000 -27.8750 -44.7326 0.3402 -0.3370 7.1250 -0.0000 -0.0000 -14.1401 -29.3531 -5.5474
5.1190 18.6616 -1.2485 -184.2580 -31.6415 194.9210 0.0000 0.0000 0.0000 -11.2134 -5.9658 -20.3473 1.1482 6.8039 19.1357 -0.7519 21.5754 -24.4301 0.1374 2.3888 6.5814 0.0000 0.0000 0.0000 7.9461 30.0343 -23.1441 -3.4747 -11.4265 33.7323 -0.7638 -3.7767 -18.3009 -0.0271 1.0623 -2.9203 -2.3761 -1.8750 17.1567 -1.3105 -3.7669 7.5122 0.6501 -2.2680 -1.5335 -4.9987 4.1625 -8.2942 1.3712 5.1982 24.3088 1.7512 1.7187 8.7645 -0.0000 0.0000 0.0000 -76.9702 -34.0325 41.0733 18.4293 -28.7034 -4.7536 -0.0000 -0.0000 8.2563 32.5750 16.2892 10.1599 -7.1250 0.0000 -0.0000 4.7435 49.0463 0.4743 -0.0000 0.0000 0.0000 80.3571 14.8872 51.7933 -147.0474 43.2936 -106.6104 0.0000 -0.0000 -26.2849 -42.9340 1.5076 -1.4022 7.1250 -0.0000 -0.0000 -12.5579 -27.8412 -5.3588
5.2257 18.7046 -1.3220 -185.2200 -33.8438 195.8360 0.0000 0.0000 0.0000 -10.8330 -9.0031 -18.3727 0.8586 5.9089 16.5203 -0.6247 21.3285 -25.1761 0.0670 1.6699 4.5942 0.0000 0.0000 0.0000 7.9004 28.4444 -23.3263 -3.4312 -11.3624 33.5120 -0.7187 -5.0031 -18.6034 -0.0396 1.2839 -3.5302 -2.1119 -2.4115 16.1111 -1.4855 -4.3436 7.4207 0.3607 -2.5253 -1.1012 -4.7614 4.6668 -8.3358 1.4210 5.8440 24.6091 1.7946 2.0365 8.8580 0.0000 0.0000 0.0000 -79.3270 -34.7233 43.3997 20.3375 -31.0469 -5.7044 -0.0000 -0.0000 6.3242 32.7058 17.1652 10.7309 -7.1250 0.0000 -0.0000 4.8070 50.0763 0.6027 0.0000 0.0000 0.0000 79.5965 16.2244 51.3044 -150.0486 40.8517 -108.6222 0.0000 -0.0000 -24.0099 -41.6441 2.3698 -2.1057 7.1250 -0.0000 -0.0000 -11.4451 -26.7658 -5.1612
5.3360 18.7376 -1.3654 -185.6050 -36.2684 196.5610 0.0000 0.0000 0.0000 -10.1021 -10.8022 -17.3960 0.7520 5.5389 15.4522 0.1959 17.6998 -26.7041 0.0016 0.2576 0.7079 0.0000 0.0000 0.0000 8.2664 27.4146 -23.4373 -3.3315 -11.2133 33.0026 -0.6317 -6.6992 -18.9270 -0.0347 1.2025 -3.3062 -1.6237 -3.1916 15.3336 -1.5125 -5.2351 7.4016 0.1501 -2.9418 -0.7391 -4.6584 5.5685 -8.8621 1.3472 7.1784 24.6910 1.8968 2.6741 8.9469 0.0000 0.0000 0.0000 -81.6865 -36.4122 45.3972 21.4804 -32.3849 -6.3053 -0.0000 -0.0000 4.5291 30.9711 16.1418 9.4730 -7.1250 0.0000 -0.0000 3.1604 48.6063 0.2814 0.0000 0.0000 0.0000 78.0429 18.8482 51.7130 -152.5913 38.5662 -110.2472 0.0000 -0.0000 -21.0168 -40.1264 2.9209 -2.4594 7.1250 -0.0000 -0.0000 -10.2285 -26.1377 -4.7479
5.4566 18.7561 -1.3691 -186.0490 -38.7014 197.1800 0.0000 0.0000 0.0000 -10.1804 -10.6959 -17.2128 0.7731 5.6141 15.6688 0.5625 16.6782 -28.2578 0.0000 0.0239 0.0657 0.0000 0.0000 0.0000 8.4937 26.7344 -23.5739 -3.2933 -11.1553 32.8055 -0.5468 -8.3899 -19.4638 -0.0223 0.9647 -2.6516 -1.1456 -3.9103 15.0679 -1.9111 -6.0830 7.2733 -0.4099 -3.3285 -0.8149 -4.0086 6.5248 -8.7645 1.5281 8.3500 24.7270 1.9583 3.3062 8.9210 0.0000 -0.0000 0.0000 -83.5867 -38.0761 47.9151 22.3669 -33.3892 -6.7867 -0.0000 -0.0000 2.9561 29.9490 15.7357 8.8810 -7.1250 0.0000 -0.0000 2.1980 47.9810 0.1617 0.0000 -0.0000 0.0000 76.4325 21.6123 52.1701 -154.4408 36.7701 -111.3776 0.0000 -0.0000 -17.7573 -38.1802 3.2145 -2.5248 7.1250 -0.0000 -0.0000 -8.7376 -25.8792 -4.0926
5.5811 18.7724 -1.3677 -186.4090 -40.6876 197.3770 0.0000 0.0000 0.0000 -11.4300 -4.4963 -19.1736 0.9729 6.2793 17.5969 0.6337 15.2930 -27.2410 0.0455 1.3765 3.7854 0.0000 0.0000 0.0000 8.9218 25.8032 -23.5074 -3.2723 -11.1234 32.6972 -0.4927 -9.3735 -19.8194 -0.0158 0.8114 -2.2299 -1.4422 -4.5055 15.1940 -2.2051 -6.9397 7.5369 -0.4253 -3.7709 -0.6057 -3.5199 7.5395 -8.7742 1.0470 9.8383 24.1700 1.8453 4.0407 8.7429 -0.0000 -0.0000 0.0000 -85.3452 -40.4134 49.9284 22.5215 -33.5614 -6.8720 -0.0000 -0.0000 1.0926 29.6141 15.1524 8.4508 -7.1250 0.0000 -0.0000 1.9356 47.2717 0.1085 -0.0000 -0.0000 0.0000 74.2843 24.8491 53.9753 -155.6458 35.5366 -112.0885 0.0000 -0.0000 -14.4362 -37.1371 3.5846 -2.7109 7.1250 -0.0000 -0.0000 -7.9148 -25.4792 -3.7743
5.7023 18.7581 -1.3218 -185.9060 -42.0445 197.1930 0.0000 0.0000 0.0000 -12.2074 1.0674 -21.7771 1.3406 7.3310 20.6997 0.1379 17.4182 -25.8636 0.0161 0.8196 2.2525 0.0000 0.0000 0.0000 9.5629 25.3813 -24.1363 -3.3143 -11.1872 32.9140 -0.3246 -10.3219 -18.9717 -0.0709 1.7177 -4.7261 -1.1569 -4.9647 15.3835 -2.8259 -7.5550 7.7822 -1.1226 -4.0747 -0.5646 -2.9552 8.5631 -8.8286 0.9281 11.2327 23.5341 1.8308 4.7814 8.5441 -0.0000 -0.0000 0.0000 -86.2069 -42.9945 50.9273 21.8637 -32.8226 -6.5118 -0.0000 -0.0000 0.5290 26.7602 15.3181 7.5880 -7.1250 0.0000 -0.0000 -0.8284 47.0322 -0.0415 -0.0000 -0.0000 0.0000 72.6184 27.4185 56.5759 -156.0924 35.0664 -112.3466 0.0000 -0.0000 -11.1516 -36.2900 3.8867 -2.8495 7.1250 -0.0000 -0.0000 -7.2499 -25.1583 -3.5068
5.8288 18.7466 -1.2717 -185.9280 -42.8507 197.4800 0.0000 0.0000 0.0000 -13.0633 5.2847 -23.9695 1.8667 8.5828 24.4988 -0.2808 18.4660 -23.6434 0.0290 1.1001 3.0242 0.0000 0.0000 0.0000 9.5646 25.0849 -25.1602 -3.3940 -11.3070 33.3225 -0.3158 -10.5206 -19.0915 -0.0428 1.3355 -3.6724 -1.7851 -5.1836 15.5051 -3.6645 -8.0090 8.1039 -1.5854 -4.3315 -0.3325 -2.4514 9.5533 -9.0281 0.9576 12.5562 22.8868 1.8740 5.4989 8.3656 0.0000 -0.0000 0.0000 -86.9098 -45.9843 51.2052 20.2989 -31.0007 -5.6845 -0.0000 -0.0000 0.4975 25.9559 13.1584 6.3233 -7.1250 0.0000 -0.0000 -1.2833 44.5506 0.0142 0.0000 -0.0000 0.0000 70.9378 29.1920 59.7077 -155.8341 35.3392 -112.1977 0.0000 -0.0000 -9.1520 -35.7512 5.0507 -3.6266 7.1250 -0.0000 -0.0000 -6.7234 -23.7714 -3.4659
5.9457 18.7204 -1.2047 -185.5300 -43.2826 196.9680 0.0000 0.0000 0.0000 -12.9565 7.2989 -24.2963 2.4328 9.7148 28.0579 -0.5094 18.4713 -21.2855 0.2179 3.0048 8.2920 0.0000 0.0000 0.0000 10.1160 24.4697 -25.7636 -3.4777 -11.4308 33.7470 -0.3625 -10.1504 -19.2087 -0.0148 0.7861 -2.1606 -2.1042 -5.2124 16.3824 -4.7393 -8.2549 8.4977 -2.4180 -4.4900 -0.4926 -2.6318 10.1538 -9.3987 1.6889 13.3039 22.2968 2.1988 5.9520 8.1479 -0.0000 -0.0000 0.0000 -87.6962 -48.6128 50.3760 18.2400 -28.4634 -4.6630 -0.0000 -0.0000 1.6108 23.9091 12.0648 5.2941 -7.1250 0.0000 -0.0000 -3.0086 43.1193 0.1398 -0.0000 -0.0000 0.0000 69.7945 29.9329 62.8344 -154.8778 36.3287 -111.6378 0.0000 -0.0000 -8.0070 -36.6338 6.0675 -4.4940 7.1250 -0.0000 -0.0000 -7.2481 -22.4530 -3.9613
6.0491 18.6979 -1.1262 -185.6200 -43.6905 197.0120 0.0000 0.0000 0.0000 -13.1720 8.3074 -24.2221 2.9301 10.5810 30.8793 -0.7637 18.0354 -17.0413 0.1539 2.5282 6.9680 0.0000 0.0000 0.0000 9.9531 24.8112 -26.3869 -3.5944 -11.6002 34.3319 -0.3076 -10.7157 -19.2173 -0.0165 0.8299 -2.2810 -2.9645 -5.3747 16.9930 -5.8409 -8.7687 8.8644 -2.9701 -4.8018 -0.4847 -2.6413 10.9554 -9.6828 1.5095 14.4917 21.4917 2.2315 6.5456 7.9174 -0.0000 0.0000 0.0000 -87.9924 -50.7639 47.5869 16.1344 -25.7026 -3.7041 -0.0000 -0.0000 3.2715 23.1414 11.1680 4.7322 -7.1250 0.0000 -0.0000 -3.5753 42.0701 0.2588 -0.0000 0.0000 0.0000 69.4232 30.5083 65.7745 -153.0417 38.1394 -110.5267 0.0000 -0.0000 -5.6960 -38.7225 6.4802 -5.1707 7.1250 -0.0000 -0.0000 -8.6939 -21.7312 -4.9127
6.1363 18.6586 -1.0242 -185.5350 -44.0391 196.9750 0.0000 0.0000 0.0000 -13.2701 7.8521 -23.1365 3.2213 11.0450 32.4317 -0.8274 17.5385 -14.6076 0.1614 -2.5884 -7.1348 0.0000 0.0000 0.0000 9.7281 24.8933 -27.4070 -3.7557 -11.8281 35.1265 -0.2875 -10.7874 -19.0727 -0.0182 0.8706 -2.3928 -4.3713 -5.2563 17.5617 -6.2898 -8.9646 9.2822 -2.6218 -4.9805 -0.2030 -2.6933 11.7398 -9.8173 0.4452 15.8382 20.4089 1.9906 7.1459 7.6486 0.0000 0.0000 0.0000 -89.1980 -52.6346 44.0616 14.2830 -23.1378 -2.9384 -0.0000 -0.0000 5.7782 23.3206 10.6931 4.5733 -7.1250 0.0000 -0.0000 -3.3526 41.5760 0.2835 0.0000 0.0000 0.0000 68.9517 31.1556 66.3013 -150.9085 40.1019 -109.1804 0.0000 -0.0000 -4.8667 -40.2465 6.9270 -5.8289 7.1250 -0.0000 -0.0000 -9.7082 -20.9899 -5.6670
6.2038 18.6169 -0.8946 -184.7430 -44.0862 196.5570 0.0000 0.0000 0.0000 -13.0583 6.3543 -21.2211 3.1607 10.9507 32.1138 -0.8462 18.2172 -16.1076 0.8393 -5.8440 -16.3326 0.0000 0.0000 0.0000 9.8673 25.2496 -28.4629 -3.8818 -12.0015 35.7372 -0.2570 -10.9055 -18.8600 -0.0124 0.7186 -1.9748 -3.3305 -5.4477 17.6611 -8.2289 -9.3177 9.8401 -5.1873 -5.1772 -0.1459 -0.8952 12.9481 -9.8669 -0.3705 17.3547 19.0273 1.5801 8.0029 7.4214 -0.0000 -0.0000 0.0000 -86.2635 -53.7366 39.5292 12.8386 -21.0502 -2.3950 -0.0000 -0.0000 8.0852 24.8115 9.9713 4.5768 -7.1250 0.0000 -0.0000 -1.9463 40.9339 0.1953 -0.0000 -0.0000 0.0000 72.1089 31.7607 66.3297 -148.5492 42.1049 -107.6290 0.0000 -0.0000 -5.6317 -41.3176 7.0233 -6.1350 7.1250 -0.0000 -0.0000 -10.4456 -20.7310 -6.1735
6.2502 18.5935 -0.7623 -184.0010 -44.2564 196.1520 0.0000 0.0000 0.0000 -12.7207 3.5188 -18.5098 2.6502 10.1061 29.3210 -0.6987 19.2488 -20.5528 1.0272 -6.4471 -18.0874 0.0000 0.0000 0.0000 10.0027 25.2269 -29.1770 -3.8968 -12.0219 35.8094 -0.2147 -10.8897 -18.3468 -0.0178 0.8623 -2.3701 -4.2061 -5.3028 18.4602 -8.1677 -9.3352 9.7227 -4.5429 -5.2096 -0.5420 -1.6757 14.2461 -9.3466 -1.4077 19.4088 17.5770 1.4452 8.9408 6.8915 -0.0000 -0.0000 0.0000 -86.0893 -53.9178 34.7603 11.7577 -19.4403 -2.0209 -0.0000 -0.0000 10.8409 25.4176 10.3882 4.8976 -7.1250 0.0000 -0.0000 -1.4514 41.4488 0.1272 -0.0000 -0.0000 0.0000 72.4427 32.2303 64.6271 -145.9070 44.1535 -105.8222 0.0000 -0.0000 -8.4992 -41.1087 7.8637 -6.8083 7.1250 -0.0000 -0.0000 -10.1593 -19.6733 -6.2442
6.2878 18.5772 -0.6184 -183.9000 -44.5082 196.4700 0.0000 0.0000 0.0000 -13.0183 1.5513 -16.9828 2.1858 9.2428 26.5579 -0.4485 19.7418 -24.1097 0.6321 -5.0872 -14.1573 0.0000 0.0000 0.0000 9.4178 25.1913 -30.0987 -3.8801 -11.9991 35.7288 -0.1805 -11.0807 -18.1670 -0.0312 1.1407 -3.1361 -4.6191 -5.0441 18.6033 -8.6442 -9.1503 9.7824 -4.8516 -5.1443 -0.5580 -0.9338 15.4493 -8.2254 -3.2272 21.1425 15.5065 0.7932 9.8167 6.3272 0.0000 0.0000 0.0000 -84.5828 -53.8151 30.4381 10.6567 -17.7601 -1.6697 -0.0000 -0.0000 13.6521 26.0393 10.7101 5.1881 -7.1250 0.0000 -0.0000 -0.9284 41.8653 0.0718 0.0000 0.0000 0.0000 73.7172 32.5150 62.1178 -142.9111 46.2474 -103.6958 0.0000 -0.0000 -12.5585 -40.9271 8.5788 -7.3696 7.1250 -0.0000 -0.0000 -9.9141 -18.7799 -6.2892
6.3344 18.5805 -0.4977 -182.9640 -45.5516 196.4060 0.0000 0.0000 0.0000 -12.4459 1.1283 -17.3946 2.0211 8.9099 25.5140 -0.0978 18.8443 -25.8575 0.4079 -4.0998 -11.3577 0.0000 0.0000 0.0000 9.6223 25.1679 -30.7577 -3.7557 -11.8281 35.1265 -0.0881 -11.7240 -17.8420 -0.0299 1.1153 -3.0662 -4.7586 -4.6011 18.7862 -8.3902 -8.5484 9.5855 -4.5897 -4.8243 -0.7695 -1.1236 16.6148 -8.4182 -3.2448 22.7654 16.0969 0.9925 10.5575 6.5527 -0.0000 0.0000 0.0000 -84.2222 -52.5020 27.2761 10.0391 -16.8007 -1.4862 -0.0000 -0.0000 14.8039 26.2075 12.2542 5.9643 -7.1250 0.0000 -0.0000 -0.9413 43.5864 0.0328 -0.0000 0.0000 0.0000 73.4234 31.7651 59.7115 -140.2604 47.9148 -101.7543 0.0000 -0.0000 -17.2950 -40.8139 8.6435 -7.3949 7.1250 -0.0000 -0.0000 -9.8254 -18.7141 -6.2458
6.3688 18.5999 -0.3932 -182.8550 -47.3328 196.9430 0.0000 0.0000 0.0000 -12.4523 0.8744 -18.2866 1.8225 8.4862 24.2009 -0.1962 19.2285 -25.5814 0.3656 -3.8840 -10.7505 0.0000 0.0000 0.0000 9.2081 25.0523 -31.1655 -3.6321 -11.6541 34.5191 0.0335 -13.0293 -18.1067 -0.0274 1.0687 -2.9379 -4.9715 -4.1818 18.7445 -8.2612 -7.9828 9.5567 -4.4524 -4.5350 -0.7012 -0.0576 17.2762 -8.6255 -4.5083 23.7748 16.8048 0.6860 10.9435 7.1220 0.0000 0.0000 0.0000 -84.4359 -50.2246 24.5195 10.5681 -17.6233 -1.6428 -0.0000 -0.0000 16.4524 26.8481 11.5209 5.7729 -7.1250 0.0000 -0.0000 -0.2793 42.8484 0.0148 0.0000 0.0000 0.0000 71.9176 30.6598 58.9976 -139.8545 48.1559 -101.4524 0.0000 -0.0000 -20.0089 -40.3167 9.7575 -8.1838 7.1250 -0.0000 -0.0000 -9.3000 -17.3714 -6.1816
6.4140 18.6259 -0.2947 -183.0770 -49.8630 197.5750 0.0000 0.0000 0.0000 -12.4146 0.0545 -19.1909 1.6915 8.1915 23.2974 -0.5579 20.0052 -23.4972 0.6282 -5.0716 -14.1130 0.0000 0.0000 0.0000 8.7670 24.6405 -31.1984 -3.4756 -11.4279 33.7369 0.1767 -14.7152 -18.8587 -0.0090 0.6134 -1.6856 -4.6967 -3.7485 18.7026 -8.2272 -7.3176 9.5810 -4.7053 -4.1806 -0.6473 0.0887 17.0093 -8.5688 -4.5035 23.4067 16.7734 0.6294 10.7824 7.1094 -0.0000 0.0000 0.0000 -83.9410 -46.8772 26.2283 12.1832 -20.0789 -2.1648 -0.0000 -0.0000 13.7945 27.6787 9.1711 4.7790 -7.1250 0.0000 -0.0000 0.6539 40.3110 -0.0756 -0.0000 0.0000 0.0000 70.0452 28.7130 59.4632 -141.5304 47.1366 -102.6910 0.0000 -0.0000 -19.5589 -40.7318 10.0057 -8.5091 7.1250 -0.0000 -0.0000 -9.5402 -16.9855 -6.4275
6.4253 18.6431 -0.2132 -182.7340 -52.9323 197.4600 0.0000 0.0000 0.0000 -11.5640 -1.6040 -19.1614 1.5581 7.8777 22.3434 -0.3699 18.6661 -23.0938 0.4011 -4.0660 -11.2624 0.0000 0.0000 0.0000 9.1191 23.8501 -30.5573 -3.3252 -11.2037 32.9699 0.3684 -16.5322 -19.5050 -0.0089 0.6096 -1.6751 -3.7119 -3.3594 18.4486 -8.0332 -6.5344 9.5633 -5.2181 -3.7337 -0.5722 -0.1909 16.5726 -8.7471 -3.9017 22.7949 17.3570 0.8126 10.4841 7.2069 0.0000 -0.0000 0.0000 -83.5197 -43.2403 29.9787 14.2411 -23.0783 -2.9219 -0.0000 -0.0000 9.9809 28.9930 9.7574 5.3652 -7.1250 0.0000 -0.0000 1.7849 41.0960 -0.1719 0.0000 -0.0000 0.0000 68.6877 26.5560 60.8706 -144.0444 45.4826 -104.5092 0.0000 -0.0000 -18.4824 -41.9007 10.1545 -8.9892 7.1250 -0.0000 -0.0000 -10.3026 -16.5869 -7.0487
6.4392 18.6670 -0.1331 -183.8500 -55.9272 198.2890 0.0000 0.0000 0.0000 -11.7888 -2.7159 -19.2663 1.4549 7.6241 21.5781 -0.5112 18.1622 -20.7052 0.5748 -4.8551 -13.4956 0.0000 0.0000 0.0000 8.5864 22.7515 -30.0231 -3.2665 -11.1144 32.6668 0.5131 -18.1094 -20.5862 -0.0079 0.5728 -1.5740 -5.1977 -2.4720 18.2449 -6.9051 -5.4342 9.4643 -3.4046 -3.2091 -0.2540 -1.3684 16.2390 -8.9044 -3.6013 22.5259 18.4915 1.0729 10.2312 7.4327 -0.0000 0.0000 0.0000 -85.4847 -40.4664 32.3185 16.2278 -25.8285 -3.7446 -0.0000 -0.0000 8.2170 29.8091 11.5321 6.5340 -7.1250 0.0000 -0.0000 2.4203 43.1995 -0.1076 -0.0000 0.0000 0.0000 66.2443 25.1159 61.2300 -146.3878 43.7953 -106.1561 0.0000 -0.0000 -17.9559 -42.3072 9.6913 -8.7109 7.1250 -0.0000 -0.0000 -10.6597 -17.1137 -7.1770
6.4432 18.6688 -0.0508 -182.8400 -59.3544 197.2980 0.0000 0.0000 0.0000 -10.6834 -4.1768 -19.7460 1.4668 7.6539 21.6676 -0.4651 17.3274 -19.7342 0.6231 -5.0513 -14.0550 0.0000 0.0000 0.0000 9.4857 21.6035 -29.3541 -3.2028 -11.0163 32.3350 0.6508 -19.4706 -21.5429 -0.0022 0.3016 -0.8287 -3.0887 -2.2326 17.7851 -7.4472 -4.7206 9.2543 -5.3128 -2.7506 -0.4282 0.1823 16.0447 -8.7514 -2.8361 21.9221 19.6615 1.1019 10.0359 7.8616 0.0000 0.0000 0.0000 -84.0478 -37.4063 34.5463 18.4441 -28.7220 -4.7607 -0.0000 -0.0000 6.2686 30.2188 13.1033 7.5222 -7.1250 0.0000 -0.0000 2.6951 45.0388 0.0026 0.0000 0.0000 0.0000 68.0821 23.7572 61.5568 -148.3717 42.2489 -107.5098 0.0000 -0.0000 -17.4078 -41.7379 8.2043 -7.2555 7.1250 -0.0000 -0.0000 -10.5363 -19.1405 -6.6113
6.4476 18.6575 0.0421 -181.3890 -63.1815 195.8030 0.0000 0.0000 0.0000 -9.4775 -6.0331 -20.0453 1.4634 7.6453 21.6419 -0.3835 16.4522 -19.1763 0.5634 -4.8074 -13.3599 0.0000 0.0000 0.0000 10.6180 20.0762 -28.6847 -3.1499 -10.9339 32.0572 0.8038 -20.9314 -22.6846 -0.0009 0.1952 -0.5364 -2.3842 -1.7548 17.2488 -6.8039 -3.8214 9.1923 -5.2059 -2.2481 -0.1490 0.6581 15.6186 -9.1043 -2.6343 21.2979 20.5257 1.1169 9.7317 8.2297 0.0000 -0.0000 0.0000 -84.6579 -35.1532 36.2890 21.6257 -32.5514 -6.3833 -0.0000 -0.0000 5.3146 30.2633 15.6515 8.9460 -7.1250 0.0000 -0.0000 2.5141 47.9358 0.1822 0.0000 -0.0000 0.0000 68.1937 23.5728 59.5275 -150.4131 40.5367 -108.8598 0.0000 -0.0000 -18.8833 -40.9741 7.3119 -6.3075 7.1250 -0.0000 -0.0000 -10.1571 -20.4032 -6.0737
6.4456 18.6660 0.1440 -181.2700 -66.9678 195.6650 0.0000 0.0000 0.0000 -8.7716 -8.5937 -20.0380 1.4127 7.5174 21.2574 -0.2243 14.8427 -18.4617 0.4315 -4.2155 -11.6836 0.0000 0.0000 0.0000 10.8804 18.4691 -28.1600 -3.0781 -10.8205 31.6768 0.9832 -22.5096 -23.9602 -0.0004 -0.1309 0.3595 -3.3032 -1.4084 17.0029 -5.6312 -3.3348 8.9175 -3.5141 -2.0060 -0.1659 0.1110 15.2301 -8.9807 -3.5733 21.0724 20.3860 0.8672 9.5060 8.2118 0.0000 0.0000 0.0000 -85.8493 -32.6877 37.1560 26.3051 -37.5084 -9.0728 -0.0000 -0.0000 4.4242 28.1728 17.3250 9.0619 -7.1250 0.0000 -0.0000 0.2357 49.4668 0.0260 0.0000 0.0000 0.0000 67.6214 23.9963 57.2748 -152.6706 38.4916 -110.2965 0.0000 -0.0000 -21.3774 -39.9637 5.8032 -4.8433 7.1250 -0.0000 -0.0000 -9.6809 -22.4581 -5.3228
6.4310 18.6902 0.2431 -183.8290 -70.2498 197.6370 0.0000 0.0000 0.0000 -9.4452 -9.5050 -19.7472 1.2677 7.1366 20.1207 -0.1179 12.5262 -16.2020 0.3703 -3.9085 -10.8193 0.0000 0.0000 0.0000 10.1252 17.3952 -26.9221 -3.0044 -10.7021 31.2817 1.1191 -24.2105 -26.0685 -0.0121 -0.7110 1.9539 -3.4299 0.1579 17.0163 -6.4106 -1.3484 8.9551 -4.6210 -1.0119 -0.0555 2.3242 13.7018 -8.6663 -2.6188 18.4628 20.3016 0.5699 8.5354 8.1833 0.0000 0.0000 0.0000 -85.3257 -31.5365 41.9612 30.8705 -41.6279 -11.9837 -0.0000 -0.0000 3.4562 25.2091 19.2979 8.8429 -7.1250 0.0000 -0.0000 -3.1139 51.1110 -0.4692 0.0000 0.0000 0.0000 69.5395 22.4958 51.3863 -154.6250 36.5848 -111.4876 0.0000 -0.0000 -23.0402 -39.7600 4.7169 -3.9138 7.1250 -0.0000 -0.0000 -9.6959 -23.8645 -5.0135
6.4204 18.7091 0.3594 -183.2300 -73.8877 197.1620 0.0000 0.0000 0.0000 -8.9971 -9.4594 -20.8837 1.2309 7.0360 19.8219 0.0366 9.5424 -14.2049 0.7087 -5.3802 -14.9963 0.0000 0.0000 0.0000 10.5535 16.5504 -25.8585 -2.8315 -10.4172 30.3386 1.2575 -25.8756 -28.1724 -0.0428 -1.3352 3.6715 -3.7884 0.1816 16.7639 -5.6708 -1.2480 8.8454 -3.6401 -0.9543 -0.0166 0.0974 13.3038 -9.1343 -1.5443 18.0884 20.4397 1.1834 8.2953 7.9779 0.0000 0.0000 0.0000 -84.6724 -30.5555 42.4035 34.4266 -44.3983 -14.4107 -0.0000 -0.0000 0.8564 26.1132 20.7152 9.8366 -7.1250 0.0000 -0.0000 -2.5462 52.8010 -0.4890 0.0000 0.0000 0.0000 69.4115 23.5739 48.8705 -156.1975 34.9547 -112.4069 0.0000 -0.0000 -27.2537 -40.3760 3.0636 -2.6021 7.1250 -0.0000 -0.0000 -10.3931 -25.9390 -4.8759
6.3871 18.7413 0.5120 -182.8840 -77.1187 196.9990 0.0000 0.0000 0.0000 -8.7478 -10.3859 -21.6635 1.2398 7.0606 19.8951 0.2309 7.8520 -15.1119 0.5413 -4.7140 -13.0947 0.0000 0.0000 0.0000 10.6478 15.9644 -24.6657 -2.6132 -10.0409 29.1093 1.5652 -27.8929 -29.7884 -0.0468 -1.3957 3.8383 -3.6559 0.2474 16.4359 -5.3786 -1.0506 8.6055 -3.4331 -0.8272 -0.0922 -1.7355 12.8350 -9.5633 -0.1635 17.5082 20.9499 1.8379 7.9944 7.9103 0.0000 0.0000 0.0000 -83.1669 -29.2770 42.0867 37.7306 -46.6664 -16.7694 -0.0000 0.0000 -1.5663 27.1923 21.5469 10.6852 -7.1250 0.0000 -0.0000 -1.6367 53.9097 -0.3586 0.0000 0.0000 0.0000 69.3818 24.2096 46.3582 -156.9318 34.1633 -112.8235 0.0000 -0.0000 -30.9008 -40.3495 2.3353 -1.9826 7.1250 -0.0000 -0.0000 -10.4811 -26.8788 -4.6836
6.2915 18.7819 0.6940 -176.2400 -79.8956 190.3630 0.0000 0.0000 0.0000 -8.1953 -8.6237 -22.9173 1.3471 7.3480 20.7506 0.0496 10.8138 -16.1185 1.0181 -6.4193 -18.0058 0.0000 0.0000 0.0000 11.8648 15.0381 -22.9184 -2.3553 -9.5700 27.5951 1.7815 -29.0742 -30.6080 -0.0459 -1.3826 3.8023 -2.0309 0.3996 16.1416 -5.1580 -0.5390 8.2842 -4.1989 -0.4956 -0.2729 -1.3028 12.6041 -9.2061 -0.9543 17.2854 21.2838 1.5104 7.8247 8.0802 0.0000 0.0000 0.0000 -81.6107 -27.8040 41.6803 39.8500 -47.9808 -18.3277 -0.0000 0.0000 -2.0811 27.8157 22.5090 11.4188 -7.1250 0.0000 -0.0000 -1.2275 55.0803 -0.3039 0.0000 0.0000 0.0000 69.4636 24.1068 44.7575 -157.1902 33.8801 -112.9680 0.0000 -0.0000 -33.2037 -38.2379 0.9026 -0.7112 7.1250 -0.0000 -0.0000 -9.0662 -28.7807 -3.6227
6.2054 18.7995 0.8656 -181.8920 -82.0342 195.9240 0.0000 0.0000 0.0000 -10.4219 -5.9167 -24.2162 1.3980 7.4799 21.1450 -0.0820 13.5056 -18.1901 0.6223 -5.0483 -14.0463 0.0000 0.0000 0.0000 10.0538 16.9208 -20.9955 -2.2877 -9.4413 27.1858 1.7384 -30.6687 -34.0735 -0.1033 -2.0728 5.7068 -3.1098 1.0989 16.3520 -5.5298 0.2022 7.7729 -4.1059 -0.1375 -0.8840 -1.3699 12.2276 -8.6923 -0.4524 16.6630 21.1957 1.5735 7.5888 7.9049 0.0000 -0.0000 0.0000 -79.8655 -26.5118 41.2605 40.5090 -48.3686 -18.8188 -0.0000 0.0000 -0.5425 27.5784 22.4646 11.2868 -7.1250 0.0000 -0.0000 -1.4701 54.9825 -0.3605 0.0000 -0.0000 0.0000 70.0851 23.5769 45.0978 -156.6165 34.5055 -112.6456 0.0000 -0.0000 -34.3659 -40.3007 0.4488 -0.3806 7.1250 -0.0000 -0.0000 -10.7165 -29.3113 -4.1644
6.1127 18.7867 1.0684 -173.2200 -84.6223 187.5180 0.0000 0.0000 0.0000 -10.5292 -3.4902 -26.6213 1.5797 7.9294 22.4999 -0.4203 15.1316 -16.1949 0.4773 -4.4306 -12.2913 0.0000 0.0000 0.0000 10.5909 15.2429 -20.5165 -2.2107 -9.2919 26.7127 1.9661 -30.8951 -33.0838 -0.0628 -1.6172 4.4488 -2.4748 1.0181 15.9869 -5.2463 0.2712 7.3883 -4.1695 -0.0646 -1.0967 -1.3691 12.4045 -8.6812 -0.4537 16.9194 21.3740 1.6028 7.7030 7.9623 0.0000 -0.0000 0.0000 -78.0883 -25.6404 38.3651 39.5168 -47.7810 -18.0805 -0.0000 -0.0000 0.6136 26.8976 22.5649 11.0153 -7.1250 0.0000 -0.0000 -2.2258 54.9491 -0.5440 0.0000 -0.0000 0.0000 70.9901 23.7579 47.4185 -154.8122 36.3953 -111.5989 0.0000 -0.0000 -34.4216 -42.1454 -0.0179 0.0162 7.1250 -0.0000 -0.0000 -12.2142 -29.8860 -4.5982
6.0167 18.7619 1.3031 -153.9800 -86.5456 168.3760 0.0000 0.0000 0.0000 -10.6356 -1.9894 -29.0711 1.8781 8.6074 24.5748 -0.3300 12.6948 -12.8452 0.3357 -3.7233 -10.2996 0.0000 0.0000 0.0000 10.9897 14.5531 -19.7850 -2.1798 -9.2309 26.5203 2.1765 -31.5867 -33.1501 -0.0383 -1.2631 3.4730 -1.6473 1.1577 15.6528 -5.0388 0.6307 7.2685 -4.4729 0.1464 -1.0195 -1.2738 12.1173 -9.1698 -0.2853 16.5237 21.6486 1.6541 7.5235 8.1342 0.0000 -0.0000 0.0000 -75.9212 -25.6408 35.9487 37.2538 -46.3561 -16.4235 -0.0000 -0.0000 1.5517 24.3000 22.4409 9.7793 -7.1250 0.0000 -0.0000 -4.9271 54.2904 -1.1270 0.0000 -0.0000 0.0000 71.7290 23.8063 49.9521 -152.1785 38.9514 -109.9887 0.0000 -0.0000 -34.1142 -44.1413 -0.1758 0.1706 7.1250 -0.0000 -0.0000 -13.7858 -30.0664 -5.1589
5.9322 18.7396 1.5431 -104.8460 -87.2088 119.3860 0.0000 0.0000 0.0000 -9.9298 -2.6461 -30.7950 2.2320 9.3335 26.8441 -0.2268 11.5011 -12.5749 0.4792 -4.4394 -12.3164 0.0000 0.0000 0.0000 11.7541 14.1881 -19.4527 -2.2389 -9.3469 26.8867 2.3455 -32.5110 -34.0296 -0.0269 -1.0580 2.9085 -0.9748 1.1105 15.5302 -4.6303 0.7145 7.2224 -4.4317 0.2114 -0.9951 -1.0872 12.0176 -9.4524 -0.5353 16.4334 21.3016 1.5505 7.4881 8.1081 0.0000 0.0000 0.0000 -73.6590 -25.6103 32.7638 34.6032 -44.5267 -14.5344 -0.0000 -0.0000 3.1947 21.4652 21.6291 8.2468 -7.1250 0.0000 -0.0000 -7.5655 52.9002 -1.4773 0.0000 0.0000 0.0000 73.2147 24.1720 53.8530 -148.5610 42.0953 -107.6369 0.0000 -0.0000 -33.2378 -46.4472 -0.5852 0.6155 7.1250 -0.0000 -0.0000 -15.6524 -30.6009 -5.6955
5.8475 18.7454 1.7798 -84.6294 -87.3787 98.9561 0.0000 0.0000 0.0000 -10.8991 -2.7491 -31.2343 2.4323 9.7137 28.0545 -0.1372 10.5948 -12.7285 0.5107 -4.5809 -12.7171 0.0000 0.0000 0.0000 11.0729 13.3618 -19.5619 -2.3812 -9.6186 27.7504 2.6932 -33.1536 -33.2176 -0.0000 0.0197 -0.0541 -2.0675 1.6080 15.8035 -4.7903 1.1787 7.3757 -4.0613 0.4116 -0.9641 -1.0570 11.7312 -9.6697 -0.3751 16.0141 20.6968 1.5470 7.3390 7.9320 0.0000 0.0000 0.0000 -70.2126 -25.7782 30.2539 31.6911 -42.2995 -12.5324 -0.0000 -0.0000 4.3595 20.7620 21.3559 7.8603 -7.1250 0.0000 -0.0000 -8.1793 52.4899 -1.5160 0.0000 0.0000 0.0000 75.2032 24.7798 58.2596 -144.1713 45.3949 -104.5996 0.0000 -0.0000 -32.1548 -50.2478 -1.3624 1.6373 7.1250 -0.0000 -0.0000 -18.7966 -31.7104 -6.4173
5.7688 18.7529 2.0163 -88.0475 -87.1094 102.1120 0.0000 0.0000 0.0000 -11.6620 -1.7285 -31.5781 2.5995 10.0165 29.0303 -0.0347 9.6745 -13.1777 0.5211 -4.6263 -12.8456 0.0000 0.0000 0.0000 10.4781 13.0877 -19.7632 -2.5142 -9.8637 28.5366 3.0738 -33.4849 -31.3717 -0.0054 0.4736 -1.3013 -3.1803 2.3371 16.2212 -5.0381 1.9071 7.4891 -3.8290 0.7372 -1.0476 -1.0257 11.4431 -9.9360 -0.4114 15.6347 20.3464 1.5008 7.1724 7.8690 0.0000 -0.0000 0.0000 -66.8035 -25.7419 26.7779 28.5202 -39.5908 -10.4536 -0.0000 -0.0000 5.8575 20.5222 20.1535 7.3488 -7.1250 0.0000 -0.0000 -8.0167 51.2060 -1.2323 0.0000 -0.0000 0.0000 77.9767 25.6013 63.0427 -139.1066 48.5904 -100.8934 0.0000 -0.0000 -32.4239 -51.9563 -0.6914 0.8835 7.1250 -0.0000 -0.0000 -19.9076 -30.6981 -7.3563
5.7046 18.7675 2.2188 -80.8806 -85.7443 95.8426 0.0000 0.0000 0.0000 -10.7995 -2.0802 -33.0008 2.7748 10.3212 30.0234 0.0357 9.3204 -13.8885 0.5562 -4.7772 -13.2741 0.0000 0.0000 0.0000 10.8238 13.9804 -20.5399 -2.5684 -9.9612 28.8512 3.3824 -34.0279 -30.4827 -0.0023 -0.3108 0.8541 -3.8250 2.8259 16.0113 -4.8040 2.4835 7.2363 -3.3100 1.0150 -1.2186 -1.2330 11.0842 -10.0848 -0.2561 15.1518 19.8092 1.5214 6.9681 7.6878 0.0000 -0.0000 0.0000 -63.7789 -26.3316 22.6975 24.9522 -36.1551 -8.2617 -0.0000 -0.0000 7.2134 20.7130 19.0666 7.0416 -7.1250 0.0000 -0.0000 -7.4955 50.1110 -0.9490 0.0000 -0.0000 0.0000 80.6071 26.7777 67.9175 -133.8731 51.3088 -96.8850 0.0000 -0.0000 -31.7912 -52.1971 -1.2839 1.6544 7.1250 -0.0000 -0.0000 -20.2822 -31.6026 -7.0397
5.6279 18.7901 2.4186 -81.4823 -84.4187 96.4200 0.0000 0.0000 0.0000 -10.1482 -1.5801 -33.2994 2.9010 10.5331 30.7208 0.1107 8.8893 -14.5266 0.3989 -4.0548 -11.2310 0.0000 0.0000 0.0000 11.4951 13.9661 -19.9587 -2.4473 -9.7415 28.1437 3.8698 -34.4708 -27.5835 -0.0078 -0.5717 1.5709 -4.2978 3.5465 16.2901 -4.6897 3.3201 7.4415 -3.0765 1.4056 -1.1524 -1.7834 10.5242 -10.2497 0.0282 14.4315 19.2082 1.6089 6.6414 7.4566 -0.0000 0.0000 0.0000 -61.4678 -27.2803 17.5959 21.6589 -32.5894 -6.4012 -0.0000 -0.0000 9.3447 21.2524 17.3421 6.6128 -7.1250 0.0000 -0.0000 -6.5036 48.3952 -0.5468 -0.0000 0.0000 0.0000 83.1775 27.9212 72.5045 -129.4806 53.2028 -93.4105 0.0000 -0.0000 -30.6864 -52.8465 -0.6679 0.8813 7.1250 -0.0000 -0.0000 -20.5756 -30.6511 -7.6588
5.5663 18.8219 2.6052 -76.2763 -82.9588 91.6276 0.0000 0.0000 0.0000 -9.1934 -1.9741 -33.8924 3.0042 10.7019 31.2808 0.1607 8.5929 -14.9234 0.2766 -3.3829 -9.3466 0.0000 0.0000 0.0000 12.3055 13.7399 -19.4258 -2.2483 -9.3651 26.9443 3.9519 -34.5342 -26.9768 -0.0320 -1.1551 3.1756 -4.6466 4.0230 16.4885 -4.4343 3.8805 7.4615 -2.7211 1.6710 -1.2623 -2.5534 9.7447 -10.4248 0.3245 13.4565 18.6702 1.7170 6.1756 7.2435 -0.0000 0.0000 0.0000 -59.1557 -29.2762 11.8978 18.1461 -28.3438 -4.6184 -0.0000 -0.0000 12.0254 20.0241 15.2463 5.4744 -7.1250 0.0000 -0.0000 -7.1551 46.0328 -0.1833 -0.0000 0.0000 0.0000 85.1738 29.2211 76.6617 -125.8581 54.5353 -90.4842 0.0000 -0.0000 -29.5105 -53.4598 -0.6564 0.8857 7.1250 -0.0000 -0.0000 -21.0355 -30.6251 -7.8667
5.4966 18.8433 2.7738 -71.6984 -81.6841 87.4779 0.0000 0.0000 0.0000 -8.6978 -1.8464 -34.6179 3.0768 10.8184 31.6697 0.2243 7.9569 -15.1294 0.1590 -2.5689 -7.0807 0.0000 0.0000 0.0000 12.8628 13.1674 -18.8654 -2.0583 -8.9865 25.7532 3.8219 -34.0587 -26.5780 -0.0360 -1.2242 3.3660 -4.8199 4.7266 16.7609 -4.5127 4.7302 7.4771 -2.8794 2.0849 -1.3793 -2.6614 8.8380 -10.7040 0.5918 12.2124 18.2017 1.7103 5.6197 7.1326 -0.0000 0.0000 0.0000 -56.4423 -32.4735 6.8423 14.9461 -24.0710 -3.2039 -0.0000 -0.0000 15.8878 18.4591 13.1756 4.3510 -7.1250 0.0000 -0.0000 -8.1279 43.6934 0.2639 -0.0000 0.0000 0.0000 87.6478 29.8814 79.0129 -123.2904 55.3674 -88.3819 0.0000 -0.0000 -28.0617 -53.7034 -1.1758 1.6003 7.1250 -0.0000 -0.0000 -21.4026 -31.4391 -7.5709
5.4330 18.8602 2.9326 -66.9542 -80.6168 83.2729 0.0000 0.0000 0.0000 -8.6456 -1.3532 -35.5852 3.1091 10.8696 31.8414 0.2622 6.9320 -14.6125 0.1969 -2.8576 -7.8824 0.0000 0.0000 0.0000 12.8116 13.4606 -18.1474 -1.8860 -8.6245 24.6275 3.6922 -33.6811 -26.5699 -0.0814 -1.8401 5.0640 -5.3325 5.2061 17.0522 -4.5139 5.2383 7.3832 -2.7203 2.3265 -1.6651 -3.0447 8.1229 -11.1810 0.6738 11.3273 18.0120 1.7372 5.1864 7.1423 -0.0000 0.0000 0.0000 -54.2952 -35.5442 1.8934 12.4374 -20.4574 -2.2528 -0.0000 -0.0000 20.0880 17.0628 11.4584 3.4892 -7.1250 0.0000 -0.0000 -9.0158 41.7789 0.7229 -0.0000 0.0000 0.0000 89.5689 30.4068 80.9023 -121.4092 55.9226 -86.8288 0.0000 -0.0000 -26.2270 -55.4504 -1.3536 1.9650 7.1250 -0.0000 -0.0000 -22.8050 -31.7307 -7.9679
5.3743 18.8831 3.0808 -64.2660 -78.9670 81.0489 0.0000 0.0000 0.0000 -7.7270 -1.2224 -36.3384 3.1481 10.9310 32.0476 0.2998 6.2437 -14.4951 0.2028 -2.8998 -8.0000 0.0000 0.0000 0.0000 13.1980 14.8864 -17.1314 -1.7411 -8.3045 23.6430 3.8473 -33.9810 -26.0041 -0.1677 -2.6382 7.2730 -5.0665 5.4686 17.2076 -4.5507 5.6034 7.2865 -2.9933 2.5167 -1.8174 -3.4232 7.6044 -11.4093 0.8181 10.6811 17.4156 1.7771 4.8902 6.9720 0.0000 -0.0000 0.0000 -52.3590 -38.1342 -1.3996 10.8505 -18.0587 -1.7293 -0.0000 -0.0000 22.4883 16.1504 10.4898 3.0180 -7.1250 0.0000 -0.0000 -9.6212 40.7030 1.0303 0.0000 -0.0000 0.0000 91.2064 30.9650 82.0827 -119.8078 56.3609 -85.4989 0.0000 -0.0000 -23.8002 -55.0361 0.2315 -0.3311 7.1250 -0.0000 -0.0000 -21.8906 -29.1663 -9.0610
5.3168 18.9006 3.2357 -62.9995 -77.5728 80.1523 0.0000 0.0000 0.0000 -7.0143 -0.9703 -37.0416 3.2200 11.0429 32.4246 0.3642 5.3082 -14.5916 0.2311 -3.0943 -8.5413 0.0000 0.0000 0.0000 13.3826 15.1809 -16.6991 -1.6355 -8.0616 22.9015 4.1296 -34.1016 -22.8370 -0.2493 -3.2131 8.8725 -4.9722 5.5072 17.0422 -4.6741 5.6780 7.2989 -3.1742 2.5565 -1.6948 -3.3471 7.4727 -11.5597 0.3164 10.5841 16.7734 1.5884 4.8270 6.8283 0.0000 0.0000 0.0000 -51.3214 -40.0789 -3.9664 10.2536 -17.1352 -1.5488 -0.0000 -0.0000 22.8916 15.5846 9.9879 2.7695 -7.1250 0.0000 -0.0000 -10.0131 40.1428 1.2129 0.0000 0.0000 0.0000 91.8328 32.1822 82.1944 -120.1962 56.2574 -85.8221 0.0000 -0.0000 -21.9714 -54.1817 0.2724 -0.3774 7.1250 -0.0000 -0.0000 -21.2500 -29.1374 -8.7740
5.2755 18.9093 3.3749 -63.6681 -75.9525 80.5120 0.0000 0.0000 0.0000 -5.8476 -0.3370 -37.2279 3.3416 11.2285 33.0543 0.4319 4.2963 -14.7401 0.1886 -2.7969 -7.7137 0.0000 0.0000 0.0000 13.9492 15.7501 -16.0802 -1.6160 -8.0156 22.7615 4.2437 -33.7250 -17.3472 -0.2397 -3.1510 8.6993 -4.6004 5.4944 17.2856 -4.7279 5.6861 7.4591 -3.4509 2.5604 -1.6092 -2.2891 7.6217 -10.5438 -1.4170 10.8068 14.8102 0.8098 4.9273 6.1855 -0.0000 -0.0000 0.0000 -51.4986 -42.0317 -5.7795 10.2039 -17.0579 -1.5342 -0.0000 -0.0000 21.6454 15.9441 10.2294 2.9044 -7.1250 0.0000 -0.0000 -9.7493 40.4193 1.1131 -0.0000 -0.0000 0.0000 93.0588 33.1817 82.0992 -120.7724 56.1006 -86.3008 0.0000 -0.0000 -18.5948 -52.4377 0.9511 -1.2364 7.1250 -0.0000 -0.0000 -19.7496 -28.1613 -8.5674
5.2434 18.9138 3.5292 -65.3865 -74.9427 82.1297 0.0000 0.0000 0.0000 -5.2208 0.0865 -37.4240 3.4419 11.3782 33.5662 0.4461 4.2500 -14.8957 0.1436 -2.4419 -6.7286 0.0000 0.0000 0.0000 13.7264 16.4014 -16.5973 -1.7312 -8.2823 23.5748 3.7212 -31.7783 -12.0973 -0.4456 -4.2831 11.8745 -4.9943 5.4262 17.1023 -4.4867 5.5624 7.6493 -2.9296 2.4792 -1.3760 -3.5537 7.7583 -11.4435 -1.2916 11.2345 14.8732 1.1153 5.0629 6.2800 0.0000 -0.0000 0.0000 -53.2649 -44.1907 -6.5280 10.6115 -17.6904 -1.6559 -0.0000 -0.0000 19.6936 15.5940 10.2255 2.8364 -7.1250 0.0000 -0.0000 -10.0515 40.3855 1.1569 0.0000 -0.0000 0.0000 92.8505 34.3523 81.2619 -122.5806 55.5821 -87.7972 0.0000 -0.0000 -14.9925 -50.1278 2.0957 -2.5067 7.1250 -0.0000 -0.0000 -17.7423 -26.5886 -8.3033
5.2303 18.8978 3.6514 -67.9014 -73.9619 84.8430 0.0000 0.0000 0.0000 -4.4338 0.8631 -38.3632 3.6459 11.6737 34.5871 0.5050 3.6194 -15.2369 0.1063 -2.1023 -5.7885 0.0000 0.0000 0.0000 13.2903 18.2450 -17.6141 -1.8535 -8.5540 24.4099 3.1807 -29.8675 -8.2205 -0.3137 -3.6007 9.9560 -5.1332 5.3222 16.5470 -4.9593 5.4316 7.4173 -3.2918 2.4223 -1.3002 -3.1890 8.0661 -11.4253 -0.8722 11.5107 14.7389 1.2059 5.2557 6.2230 0.0000 0.0000 0.0000 -54.1718 -46.2944 -5.3380 11.2496 -18.6698 -1.8550 -0.0000 -0.0000 18.7378 16.3054 10.1068 2.9386 -7.1250 0.0000 -0.0000 -9.4129 40.3247 1.0961 0.0000 0.0000 0.0000 93.2880 35.0205 79.9414 -125.1394 54.7772 -89.8979 0.0000 -0.0000 -12.9298 -49.5919 2.4765 -2.9056 7.1250 -0.0000 -0.0000 -17.2557 -26.0707 -8.2749
5.2153 18.9095 3.7740 -70.6109 -73.3765 86.9148 0.0000 0.0000 0.0000 -3.8297 1.1100 -37.8707 3.7977 11.8862 35.3304 0.5958 3.2289 -16.1117 0.0223 -0.9639 -2.6495 0.0000 0.0000 0.0000 12.7529 20.3711 -17.2058 -1.8027 -8.4423 24.0659 2.8735 -28.7652 -6.1844 -0.3170 -3.6195 10.0086 -5.8480 5.1344 16.5204 -5.3933 5.0391 7.4497 -3.2848 2.2054 -1.2752 -2.8685 8.6506 -11.2226 -0.7137 12.1929 14.3752 1.2386 5.6290 6.0721 -0.0000 0.0000 0.0000 -54.7003 -48.0169 -2.9686 11.9800 -19.7746 -2.0955 -0.0000 -0.0000 16.4763 16.8329 10.2093 3.0695 -7.1250 0.0000 -0.0000 -8.9748 40.4750 1.0106 -0.0000 0.0000 0.0000 93.4585 35.2316 77.5026 -127.5924 53.9216 -91.8913 0.0000 -0.0000 -12.1454 -48.5525 1.3382 -1.5148 7.1250 -0.0000 -0.0000 -16.7888 -27.8018 -7.3138
5.2043 18.9070 3.8733 -72.7701 -72.8476 88.3986 0.0000 0.0000 0.0000 -3.3238 1.1896 -37.1793 3.8923 12.0158 35.7878 0.6473 3.3518 -16.7818 0.0122 -0.7123 -1.9576 0.0000 0.0000 0.0000 12.4853 20.0681 -18.0711 -1.7539 -8.3335 23.7316 2.3536 -26.8875 -2.7155 -0.0959 -1.9969 5.4971 -6.4761 5.0059 16.7224 -5.8198 4.7058 7.3914 -3.3515 2.0234 -1.4560 -2.7182 9.0438 -11.0136 -0.5581 12.6531 14.2155 1.2825 5.8766 5.9787 -0.0000 -0.0000 0.0000 -55.0571 -50.3162 1.7081 11.7810 -19.4753 -2.0287 -0.0000 -0.0000 11.8516 20.0258 10.4724 3.7902 -7.1250 0.0000 -0.0000 -6.2321 41.0308 0.6127 -0.0000 -0.0000 0.0000 92.7829 34.2976 73.3485 -130.4529 52.8112 -94.1871 0.0000 -0.0000 -12.4982 -48.0056 1.6252 -1.8044 7.1250 -0.0000 -0.0000 -16.3150 -27.4202 -7.2444
5.1888 18.8897 3.9673 -73.7281 -72.0146 88.6830 0.0000 0.0000 0.0000 -2.6634 1.1423 -36.3712 3.9190 12.0518 35.9154 0.6311 3.8785 -16.9163 0.0861 -1.8926 -5.2090 0.0000 0.0000 0.0000 12.5996 20.6621 -18.6761 -1.7243 -8.2665 23.5266 2.2051 -26.0372 -2.8559 -0.0715 -1.7255 4.7477 -6.7715 4.5862 16.8868 -5.9779 4.0798 7.3490 -3.2544 1.7083 -1.6012 -3.0258 9.6399 -10.5698 -0.3432 13.4368 14.0049 1.4169 6.2643 5.7912 0.0000 -0.0000 0.0000 -56.0774 -52.2835 5.6712 11.3366 -18.8023 -1.8830 -0.0000 -0.0000 9.7713 22.0652 9.9944 4.0241 -7.1250 0.0000 -0.0000 -4.3702 40.7080 0.4635 0.0000 -0.0000 0.0000 90.5907 32.7373 69.7257 -133.6435 51.4160 -96.7057 0.0000 -0.0000 -13.4441 -48.6728 0.8025 -0.9125 7.1250 -0.0000 -0.0000 -17.0128 -28.5706 -7.0945
5.1830 18.8975 4.0455 -74.1026 -71.4873 88.7633 0.0000 0.0000 0.0000 -1.9336 -0.0580 -35.4462 3.9111 12.0412 35.8778 0.6862 4.5678 -17.9685 0.0156 -0.8069 -2.2177 0.0000 0.0000 0.0000 12.3494 21.8458 -19.6809 -1.6670 -8.1351 23.1251 2.1826 -26.0450 -2.3458 -0.0887 -1.9205 5.2859 -7.3259 4.2672 16.9462 -6.1364 3.5528 7.0860 -3.0309 1.4501 -1.9377 -3.0331 10.1969 -10.5301 0.0609 14.1252 14.6499 1.6086 6.5977 5.9459 0.0000 -0.0000 0.0000 -58.3802 -54.3557 8.2330 10.2419 -17.1171 -1.5454 -0.0000 -0.0000 13.1320 22.0159 9.6123 3.8627 -7.1250 0.0000 -0.0000 -4.3632 40.2950 0.5072 0.0000 -0.0000 0.0000 87.3961 30.2396 66.8617 -136.1350 50.2002 -98.6369 0.0000 -0.0000 -13.9070 -49.2559 0.6085 -0.7063 7.1250 -0.0000 -0.0000 -17.4981 -28.8286 -7.2024
5.1497 18.9082 4.1276 -74.7328 -70.9728 88.9907 0.0000 0.0000 0.0000 -1.5744 -0.1492 -34.6448 3.8701 11.9855 35.6807 0.6756 4.9388 -18.1012 0.0379 -1.2571 -3.4566 0.0000 0.0000 0.0000 12.1485 23.5968 -20.2815 -1.5616 -7.8861 22.3686 2.1374 -26.8344 0.7924 -0.1634 -2.6043 7.1789 -7.2060 3.6729 16.9959 -6.4174 2.7736 6.8524 -3.2581 1.0825 -2.1943 -3.1547 11.0041 -10.5400 0.1508 15.2150 15.1914 1.7517 7.0942 6.0846 0.0000 0.0000 0.0000 -60.0153 -55.4962 11.3320 8.9149 -15.0248 -1.1780 -0.0000 -0.0000 16.1134 21.3018 9.2512 3.5869 -7.1250 0.0000 -0.0000 -4.9386 39.8495 0.6288 0.0000 0.0000 0.0000 84.8740 26.9686 66.4087 -138.2620 49.0665 -100.2576 0.0000 -0.0000 -12.7390 -51.7892 -0.7558 0.9600 7.1250 -0.0000 -0.0000 -19.8007 -30.7980 -7.2615
5.1034 18.9520 4.1965 -74.6149 -71.0706 88.3938 0.0000 0.0000 0.0000 -1.8282 -0.6806 -33.1447 3.6907 11.7371 34.8081 0.6721 5.4073 -18.3880 0.0297 -1.1128 -3.0591 0.0000 0.0000 0.0000 11.2739 25.9812 -20.3935 -1.4817 -7.6910 21.7793 1.9562 -27.0150 3.5471 -0.3851 -3.9851 11.0347 -7.6984 3.1884 16.8732 -6.5870 2.0738 6.8724 -3.0251 0.7289 -2.1192 -2.7699 11.7278 -10.6341 -0.4916 16.2327 15.6173 1.6094 7.5239 6.3084 0.0000 -0.0000 0.0000 -63.1047 -55.3314 15.8681 8.7557 -14.7703 -1.1370 -0.0000 -0.0000 18.7724 19.8054 9.7730 3.4981 -7.1250 0.0000 -0.0000 -6.3156 40.2759 0.7389 0.0000 -0.0000 0.0000 82.8511 23.4630 66.0708 -140.4038 47.8289 -101.8606 0.0000 -0.0000 -11.1422 -53.5154 -1.7746 2.3978 7.1250 -0.0000 -0.0000 -21.4711 -32.3765 -7.0750
5.0405 18.9793 4.2394 -72.8963 -70.6676 86.1767 0.0000 0.0000 0.0000 -1.5651 -1.4059 -31.8034 3.5575 11.5471 34.1481 0.6514 5.7693 -18.4269 0.0182 -0.8705 -2.3925 0.0000 0.0000 0.0000 12.3953 25.1595 -21.0908 -1.5037 -7.7452 21.9428 2.3428 -29.5927 4.3092 -0.3597 -3.8531 10.6636 -7.2624 2.8134 16.7514 -6.6141 1.6903 7.0643 -3.2148 0.5417 -1.8377 -2.6142 11.9636 -10.5924 -0.6653 16.5503 15.7670 1.5653 7.6606 6.3744 0.0000 0.0000 0.0000 -66.8869 -54.4463 25.6621 9.6888 -16.2512 -1.3866 -0.0000 -0.0000 16.8203 17.8503 10.9416 3.4978 -7.1250 0.0000 -0.0000 -8.2235 41.3204 0.7520 0.0000 0.0000 0.0000 81.4240 20.5164 63.1994 -142.9361 46.2309 -103.7139 0.0000 -0.0000 -11.8369 -55.3266 -2.6213 3.7825 7.1250 -0.0000 -0.0000 -23.2201 -33.7795 -6.8791
4.9784 19.0081 4.2715 -68.3374 -70.6875 81.3917 0.0000 0.0000 0.0000 -1.9816 -2.9253 -30.6089 3.3877 11.2977 33.2906 0.6211 5.9220 -18.2125 0.0282 -1.0847 -2.9818 0.0000 0.0000 0.0000 12.9561 23.4471 -22.0036 -1.7286 -8.2763 23.5564 2.8984 -32.0023 3.5685 -0.4135 -4.1275 11.4358 -7.3878 2.0846 16.8118 -6.6547 0.7389 7.0915 -3.0124 0.0790 -1.8435 -2.3158 12.3818 -10.2479 -0.4972 17.0199 16.0808 1.5997 7.9018 6.4210 -0.0000 -0.0000 0.0000 -68.6857 -52.2905 36.3844 11.6492 -19.2764 -1.9849 -0.0000 -0.0000 12.1309 16.4939 12.3790 3.6321 -7.1250 0.0000 -0.0000 -9.7123 42.6656 0.5652 -0.0000 -0.0000 0.0000 80.6481 16.5487 60.0235 -145.6840 44.3175 -105.6666 0.0000 -0.0000 -12.7105 -55.2779 -3.6971 5.3159 7.1250 -0.0000 -0.0000 -23.6304 -35.5052 -5.9368
4.9107 19.0229 4.3145 -62.7942 -70.7502 75.0157 0.0000 0.0000 0.0000 -2.8160 -4.8631 -28.6262 3.2289 11.0567 32.4713 0.6074 6.1808 -18.2603 0.0205 -0.9245 -2.5411 0.0000 0.0000 0.0000 13.3698 21.2990 -21.6795 -1.9840 -8.8327 25.2735 3.4632 -33.6979 1.7538 -0.4919 -4.4970 12.4793 -7.0755 1.4305 17.8227 -6.6550 -0.1664 7.2126 -3.0340 -0.3532 -2.2460 -2.3835 12.4893 -9.9172 -0.4805 17.1580 16.4228 1.6150 7.9487 6.4662 -0.0000 0.0000 0.0000 -69.5357 -49.9930 45.3597 14.4846 -23.4233 -3.0181 -0.0000 -0.0000 7.6788 15.2451 13.8027 3.7203 -7.1250 0.0000 -0.0000 -11.1628 43.9781 0.2853 -0.0000 0.0000 0.0000 80.3242 13.1485 55.1699 -148.4036 42.2231 -107.5312 0.0000 -0.0000 -16.1810 -54.9941 -2.9526 4.2064 7.1250 -0.0000 -0.0000 -23.0897 -34.2945 -6.5201
4.8507 19.0376 4.3467 -60.3022 -70.4726 72.2839 0.0000 0.0000 0.0000 -3.0097 -5.5413 -27.6864 3.1072 10.8666 31.8313 0.5775 6.2369 -17.9732 0.0311 -1.1385 -3.1299 0.0000 0.0000 0.0000 13.6221 20.7654 -21.5294 -2.1020 -9.0754 26.0315 3.6577 -34.5079 1.7701 -0.4771 -4.4295 12.2883 -6.5512 0.9521 17.6710 -6.5184 -0.6481 7.2618 -3.0841 -0.5768 -2.1224 -2.3336 12.6160 -9.7772 -0.6145 17.3403 16.7990 1.5898 8.0068 6.5791 0.0000 0.0000 0.0000 -70.0031 -47.6087 48.7963 18.0599 -28.2338 -4.5776 -0.0000 -0.0000 5.8380 14.8487 14.6198 3.8284 -7.1250 0.0000 -0.0000 -11.7339 44.7559 0.0717 0.0000 0.0000 0.0000 79.8072 10.9214 50.4399 -151.1394 39.8965 -109.3288 0.0000 -0.0000 -19.5077 -57.1556 -2.2912 3.5438 7.1250 -0.0000 -0.0000 -24.5220 -33.3178 -7.6345
4.8055 19.0464 4.3863 -59.2602 -70.6520 71.2301 0.0000 0.0000 0.0000 -3.5364 -5.5738 -27.2270 3.0097 10.7107 31.3102 0.5768 6.0910 -17.8520 0.0406 -1.3008 -3.5767 0.0000 0.0000 0.0000 12.9026 21.1204 -21.5093 -2.1361 -9.1440 26.2469 3.7641 -34.8837 1.6457 -0.6463 -5.1427 14.3161 -6.2787 0.6395 17.3107 -6.3979 -0.9465 7.2245 -3.0479 -0.7145 -1.9800 -2.5478 12.7907 -9.8650 -0.6710 17.6298 17.0792 1.6427 8.1111 6.6689 0.0000 0.0000 0.0000 -70.2022 -44.8339 48.7489 22.3843 -33.4086 -6.7962 -0.0000 -0.0000 4.3007 13.9132 17.0414 4.1522 -7.1250 0.0000 -0.0000 -13.3077 47.0576 -0.6874 0.0000 0.0000 0.0000 79.2331 9.8069 47.1849 -152.9260 38.2497 -110.4551 0.0000 -0.0000 -21.2547 -54.4333 -3.6226 5.0497 7.1250 -0.0000 -0.0000 -22.9046 -35.3223 -5.8379
4.7695 19.0543 4.4236 -60.3030 -70.9894 72.1810 0.0000 0.0000 0.0000 -3.8572 -5.5922 -26.6567 2.9577 10.6262 31.0294 0.5850 6.4050 -18.1894 0.0263 -1.0472 -2.8786 0.0000 0.0000 0.0000 12.2887 21.6549 -21.4359 -2.1407 -9.1533 26.2759 3.4128 -34.2811 3.5451 -0.6100 -4.9989 13.9053 -6.1559 0.7328 17.0841 -6.1708 -0.7674 7.0564 -2.9052 -0.6173 -2.0386 -2.2520 12.8757 -9.6242 -1.1106 17.7594 17.0045 1.4655 8.1588 6.6732 -0.0000 -0.0000 0.0000 -70.6214 -42.6033 48.2967 26.0194 -37.2279 -8.8994 -0.0000 -0.0000 3.7462 14.4369 19.8530 4.9966 -7.1250 0.0000 -0.0000 -13.8072 49.9179 -1.7026 -0.0000 -0.0000 0.0000 78.8114 9.5988 45.3273 -154.4774 36.7334 -111.3995 0.0000 -0.0000 -22.3348 -53.5383 -3.4103 4.6025 7.1250 -0.0000 -0.0000 -22.0892 -34.9283 -5.8298
4.7508 19.0560 4.4589 -61.6238 -71.5583 73.3190 0.0000 0.0000 0.0000 -4.3956 -5.5018 -26.1544 2.9315 10.5834 30.8873 0.5921 6.7824 -18.5689 0.0236 -0.9920 -2.7267 0.0000 0.0000 0.0000 11.6295 21.9098 -21.1050 -2.0951 -9.0614 25.9876 2.8990 -33.2098 5.8903 -0.4424 -4.2677 11.8309 -6.1876 1.0769 17.1528 -5.8128 -0.3148 6.9811 -2.5897 -0.3934 -2.1495 -2.1497 12.7598 -9.4292 -1.6684 17.6707 16.8444 1.2621 8.0864 6.6537 -0.0000 0.0000 0.0000 -70.1780 -40.3512 47.5307 29.9633 -40.8619 -11.3856 -0.0000 -0.0000 3.2382 16.0528 21.6219 6.0523 -7.1250 0.0000 -0.0000 -12.9462 51.9347 -2.2416 -0.0000 0.0000 0.0000 78.5092 10.1326 43.9096 -155.7174 35.4616 -112.1301 0.0000 -0.0000 -24.0200 -53.3484 -2.8292 3.7953 7.1250 -0.0000 -0.0000 -21.7201 -34.0150 -6.2386
4.7253 19.0588 4.4812 -63.3263 -72.1192 75.1494 0.0000 0.0000 0.0000 -4.8536 -5.1808 -25.9345 2.8716 10.4843 30.5596 0.5971 7.0383 -18.8314 0.0166 -0.8328 -2.2889 0.0000 0.0000 0.0000 11.0239 22.6961 -20.8067 -2.0309 -8.9301 25.5769 2.9272 -33.0201 5.3043 -0.5333 -4.6793 12.9960 -6.3123 1.4850 16.6906 -5.4662 0.2674 6.9613 -2.2517 -0.1122 -1.9282 -2.1673 12.4713 -9.7283 -1.8363 17.3476 17.1547 1.2251 7.8976 6.8206 0.0000 0.0000 0.0000 -69.8644 -38.9853 44.9214 33.0538 -43.3714 -13.4590 -0.0000 -0.0000 4.1836 14.8577 23.3052 5.9916 -7.1250 0.0000 -0.0000 -14.8622 53.3859 -3.1194 0.0000 0.0000 0.0000 78.3519 11.2175 42.9561 -156.2451 34.9040 -112.4342 0.0000 -0.0000 -26.6334 -52.4059 -3.5364 4.5804 7.1250 -0.0000 -0.0000 -21.2086 -35.0498 -5.5004
4.7186 19.0537 4.5092 -64.3621 -72.3401 76.2187 0.0000 0.0000 0.0000 -5.0691 -5.0215 -25.8389 2.8434 10.4371 30.4041 0.5985 7.2654 -19.0336 0.0089 -0.6085 -1.6721 0.0000 0.0000 0.0000 10.9174 23.0555 -20.2936 -1.9301 -8.7190 24.9201 3.1657 -33.5766 4.2951 -0.4939 -4.5059 12.5044 -5.8287 1.8091 16.6716 -5.2218 0.7802 6.9813 -2.3555 0.1468 -1.8991 -1.9112 12.1139 -9.5469 -2.0396 16.8484 16.8475 1.0654 7.6801 6.7316 -0.0000 -0.0000 0.0000 -68.3496 -38.3921 42.2919 34.9964 -44.8095 -14.8108 -0.0000 -0.0000 5.1710 14.3816 24.4522 6.0586 -7.1250 0.0000 -0.0000 -15.8986 54.4162 -3.7502 -0.0000 -0.0000 0.0000 79.3214 12.5486 42.8694 -155.4345 35.7565 -111.9654 0.0000 -0.0000 -27.8242 -53.5219 -4.6185 6.2153 7.1250 -0.0000 -0.0000 -22.5380 -36.7983 -4.8539
4.7239 19.0505 4.5335 -64.4146 -72.8305 76.5861 0.0000 0.0000 0.0000 -5.6985 -4.9098 -26.2188 2.8461 10.4416 30.4191 0.5767 7.5583 -19.0487 0.0110 -0.6773 -1.8612 0.0000 0.0000 0.0000 10.4955 23.0198 -20.2387 -1.8310 -8.5049 24.2585 3.3099 -34.0052 3.8870 -0.4616 -4.3579 12.0859 -5.8240 2.0301 16.5282 -4.8719 1.1075 7.0233 -2.0415 0.3053 -1.7864 -2.1510 11.7776 -9.3190 -2.4285 16.4685 16.2287 0.9127 7.4903 6.5097 0.0000 -0.0000 0.0000 -67.1861 -38.5586 38.6792 35.0037 -44.8148 -14.8160 -0.0000 -0.0000 7.1918 13.5052 24.9818 5.7919 -7.1250 0.0000 -0.0000 -17.0522 54.7616 -4.1794 0.0000 -0.0000 0.0000 79.8593 14.2956 44.3579 -153.9996 37.2092 -111.1121 0.0000 -0.0000 -28.7513 -54.5025 -5.5410 7.7099 7.1250 -0.0000 -0.0000 -23.7600 -38.3384 -4.1833
4.7308 19.0360 4.5405 -65.7377 -72.8917 78.3793 0.0000 0.0000 0.0000 -5.6863 -4.0606 -27.4035 2.9702 10.6466 31.0970 0.6230 7.0935 -19.1516 0.0202 -0.9180 -2.5232 0.0000 0.0000 0.0000 10.5583 23.7209 -20.1809 -1.7375 -8.2964 23.6179 3.7761 -34.8974 1.5628 -0.5480 -4.7424 13.1754 -5.3886 2.4502 16.1816 -4.6401 1.7682 7.0862 -2.1456 0.6344 -1.5373 -1.8596 11.2708 -9.5537 -2.5851 15.7819 15.9368 0.7765 7.1819 6.4911 0.0000 0.0000 0.0000 -65.0646 -39.5319 35.3040 33.5937 -43.7815 -13.8312 -0.0000 -0.0000 8.9220 13.6289 25.1337 5.8796 -7.1250 0.0000 -0.0000 -17.0106 54.9314 -4.2400 0.0000 0.0000 0.0000 80.7337 16.1091 46.7537 -151.2734 39.7766 -109.4146 0.0000 -0.0000 -28.1955 -57.1132 -7.9014 12.0024 7.1250 -0.0000 -0.0000 -27.3336 -42.4992 -1.8381
4.7603 19.0016 4.5395 -67.7906 -72.7985 81.2221 0.0000 0.0000 0.0000 -5.4688 -2.5471 -29.5660 3.1908 10.9978 32.2723 0.7067 5.8159 -19.0447 0.0185 -0.8789 -2.4155 0.0000 0.0000 0.0000 10.7411 23.7179 -21.0678 -1.6613 -8.1218 23.0847 3.8606 -35.1017 1.2444 -0.4489 -4.2986 11.9184 -5.0077 2.8973 15.6250 -4.3887 2.4729 7.1451 -2.1904 0.9851 -1.1793 -1.6375 10.7548 -9.6163 -2.8486 15.0831 15.2109 0.5891 6.8776 6.3052 -0.0000 -0.0000 0.0000 -63.0609 -40.9179 31.2045 31.4252 -42.0841 -12.3539 -0.0000 -0.0000 11.6416 14.6084 23.9893 6.0488 -7.1250 0.0000 -0.0000 -15.4397 54.0085 -3.4827 -0.0000 -0.0000 0.0000 82.0079 18.1570 49.5243 -148.2061 42.3822 -107.3983 0.0000 -0.0000 -28.0828 -57.8745 -7.0044 10.9904 7.1250 -0.0000 -0.0000 -27.5549 -41.2114 -2.8186
4.7904 18.9676 4.5856 -71.2547 -73.3155 84.7704 0.0000 0.0000 0.0000 -5.8006 -2.0692 -30.4696 3.4572 11.4007 33.6436 0.8447 5.2963 -20.0670 0.0038 0.3983 1.0943 0.0000 0.0000 0.0000 10.2310 24.1434 -20.7164 -1.5142 -7.7709 22.0202 3.8122 -34.7782 0.9069 -0.4947 -4.5093 12.5142 -5.1275 3.5448 15.8727 -4.2220 3.2648 7.4118 -2.0871 1.3544 -1.0396 -1.7996 10.2590 -9.5324 -3.2580 14.4712 14.2819 0.4053 6.5913 6.0132 0.0000 -0.0000 0.0000 -61.8999 -42.8326 26.7664 29.4579 -40.4242 -11.0564 -0.0000 -0.0000 14.3909 17.2122 23.0257 6.9089 -7.1250 0.0000 -0.0000 -12.3914 53.5394 -2.6337 0.0000 -0.0000 0.0000 83.1992 20.5034 52.2497 -144.3797 45.2500 -104.7478 0.0000 -0.0000 -28.7019 -57.4616 -5.8181 9.0280 7.1250 -0.0000 -0.0000 -26.5160 -39.1998 -4.1362
4.8268 18.9316 4.6341 -75.8159 -73.7571 89.1095 0.0000 0.0000 0.0000 -6.1522 -1.6599 -30.8370 3.6692 11.7066 34.7019 0.9090 5.5332 -20.8339 0.0072 0.5460 1.5005 0.0000 0.0000 0.0000 9.6238 24.8326 -20.2282 -1.3876 -7.4531 21.0648 3.7030 -34.3078 0.8164 -0.5282 -4.6573 12.9336 -5.3232 4.2328 16.5880 -4.0841 4.0379 7.7076 -2.0017 1.7075 -1.1205 -2.4931 9.8586 -9.4234 -3.0529 13.9802 13.7844 0.5046 6.3626 5.7706 0.0000 -0.0000 0.0000 -60.9889 -44.6955 23.1805 27.7348 -38.8709 -9.9568 -0.0000 -0.0000 17.1846 20.1183 22.2990 7.9130 -7.1250 0.0000 -0.0000 -9.1704 53.3417 -1.8940 0.0000 -0.0000 0.0000 84.5374 22.9801 54.9542 -139.6552 48.2729 -101.3038 0.0000 -0.0000 -29.5548 -55.2050 -3.8014 5.4501 7.1250 -0.0000 -0.0000 -23.6146 -35.6662 -5.8311
4.8767 18.8935 4.7200 -83.0818 -74.6089 97.0765 0.0000 0.0000 0.0000 -7.2864 -0.4430 -32.3101 3.8123 11.9063 35.4015 0.9551 5.6439 -21.3310 0.0161 0.8203 2.2545 0.0000 0.0000 0.0000 7.7293 25.9945 -21.1974 -1.2968 -7.2149 20.3536 3.3293 -33.2451 2.0330 -0.4693 -4.3938 12.1872 -6.0540 4.8158 16.3004 -4.4903 4.6655 7.7089 -2.1196 1.9909 -0.9871 -2.0620 9.7521 -9.2149 -3.4812 13.8146 13.5154 0.2835 6.2874 5.7118 0.0000 -0.0000 0.0000 -59.2487 -46.6692 20.0599 25.0770 -36.2826 -8.3354 -0.0000 -0.0000 16.7414 24.2337 21.1172 9.2114 -7.1250 0.0000 -0.0000 -4.5862 52.8767 -0.8903 0.0000 -0.0000 0.0000 86.4612 25.7306 58.7386 -134.1487 51.1788 -97.0999 0.0000 -0.0000 -30.5565 -56.4784 -2.7452 4.1353 7.1250 -0.0000 -0.0000 -24.1903 -34.0396 -7.0472
4.9296 18.8638 4.7721 -89.0228 -74.9338 102.6680 0.0000 0.0000 0.0000 -7.9151 0.2917 -32.5753 3.9723 12.1235 36.1703 0.9967 6.0390 -21.9659 0.0258 1.0376 2.8523 0.0000 0.0000 0.0000 7.0105 26.8063 -20.6507 -1.2002 -6.9511 19.5705 3.2331 -32.5930 1.4771 -0.4447 -4.2789 11.8626 -6.6576 5.3780 17.2089 -4.6416 5.1479 7.9248 -2.0999 2.1901 -1.2637 -1.7842 9.6197 -9.0143 -3.7033 13.6166 13.5037 0.1513 6.1916 5.7078 0.0000 -0.0000 0.0000 -58.4912 -48.9533 17.5840 21.8579 -32.8161 -6.5087 -0.0000 -0.0000 12.9748 27.9047 21.1151 10.8009 -7.1250 0.0000 -0.0000 -0.7813 53.5824 -0.1649 0.0000 -0.0000 0.0000 88.6583 28.6356 62.1457 -127.5246 53.9464 -91.8365 0.0000 -0.0000 -30.1825 -58.4684 -2.8034 4.5575 7.1250 -0.0000 -0.0000 -25.8048 -34.2546 -7.4577
4.9786 18.8306 4.8156 -94.8868 -74.6783 108.5940 0.0000 0.0000 0.0000 -8.0937 1.5912 -33.5626 4.1689 12.3818 37.0963 1.0514 5.6954 -22.2205 0.0337 1.1852 3.2584 0.0000 0.0000 0.0000 6.6016 27.6218 -20.7461 -1.1131 -6.7027 18.8376 3.2509 -32.1078 0.0225 -0.6765 -5.2591 14.6490 -7.3111 5.5943 17.4135 -4.7369 5.2637 8.0851 -1.8765 2.2106 -1.2417 -1.6151 9.7682 -9.0305 -4.0135 13.8275 13.3593 0.0475 6.2842 5.7024 -0.0000 0.0000 0.0000 -57.0978 -51.7077 11.4552 18.4015 -28.6682 -4.7403 -0.0000 -0.0000 13.2727 30.3699 21.2261 11.9781 -7.1250 0.0000 -0.0000 1.8129 54.2066 0.4103 -0.0000 0.0000 0.0000 91.6192 31.1523 66.2022 -121.5205 55.8910 -86.9210 0.0000 -0.0000 -28.9128 -59.6477 -3.9578 6.7225 7.1250 -0.0000 -0.0000 -27.3874 -36.3567 -6.4329
5.0262 18.7893 4.8415 -97.7333 -73.3005 111.4930 0.0000 0.0000 0.0000 -6.7852 2.4691 -34.5259 4.4184 12.6972 38.2455 1.1254 5.2263 -22.5634 0.0578 1.5509 4.2661 0.0000 0.0000 0.0000 7.7515 28.3231 -20.5975 -1.0227 -6.4332 18.0467 3.0440 -31.7214 1.4240 -0.6185 -5.0329 14.0025 -6.8206 5.7012 17.7606 -4.6312 5.4265 8.1911 -2.0886 2.2906 -1.2807 -2.7486 9.3941 -10.8186 -1.9297 13.3348 14.8289 0.9375 6.0613 6.2347 -0.0000 -0.0000 0.0000 -55.3088 -55.2703 4.0232 15.0255 -24.1817 -3.2364 -0.0000 -0.0000 17.5066 29.2562 19.5738 10.6289 -7.1250 0.0000 -0.0000 0.9490 52.1509 0.1671 -0.0000 -0.0000 0.0000 94.7094 32.6394 68.9183 -117.5564 56.9267 -83.6183 0.0000 -0.0000 -26.6932 -60.6286 -4.3935 7.7511 7.1250 -0.0000 -0.0000 -28.4792 -37.2467 -6.0459
5.0591 18.7602 4.8547 -102.5100 -73.5265 116.5010 0.0000 0.0000 0.0000 -7.5281 2.9328 -35.2462 4.5391 12.8451 38.7915 1.1760 5.4699 -23.1365 0.0706 1.7148 4.7181 0.0000 0.0000 0.0000 6.6579 29.5859 -21.4577 -1.0635 -6.5564 18.4076 3.1263 -31.8112 0.7103 -0.6555 -5.1786 14.4186 -8.7169 5.8897 17.3121 -4.5894 5.4051 8.4223 -0.9623 2.2003 -0.9564 -3.5268 9.3229 -10.7498 -1.9770 13.3460 14.1982 1.0118 6.0512 5.9757 0.0000 -0.0000 0.0000 -52.7279 -58.0293 -1.2472 12.1004 -19.9551 -2.1364 -0.0000 -0.0000 21.3969 26.7993 17.9928 8.8684 -7.1250 0.0000 -0.0000 -1.2450 49.9702 -0.1526 0.0000 -0.0000 0.0000 96.7338 33.7646 70.9645 -115.2261 57.4534 -81.6597 0.0000 -0.0000 -23.2583 -60.4775 -4.2980 7.5388 7.1250 -0.0000 -0.0000 -28.2908 -37.0569 -6.1454
5.0883 18.7239 4.8770 -105.8760 -72.7122 119.7700 0.0000 0.0000 0.0000 -7.0536 3.1759 -35.5067 4.7225 13.0643 39.6098 1.2163 6.2428 -23.9512 0.0464 1.3897 3.8218 0.0000 0.0000 0.0000 7.2161 29.7930 -22.1195 -1.1027 -6.6723 18.7482 2.8413 -31.1069 2.2115 -0.4815 -4.4496 12.3452 -9.1810 6.1281 17.3915 -4.6238 5.6030 8.3679 -0.7971 2.2809 -1.0991 -3.5456 9.1462 -10.8770 -1.7090 13.0894 14.6969 1.0982 5.9204 6.1365 -0.0000 -0.0000 0.0000 -51.7341 -59.6316 -0.8812 10.0871 -16.8757 -1.5001 -0.0000 -0.0000 23.7179 24.7966 16.6865 7.5564 -7.1250 0.0000 -0.0000 -2.9510 48.2309 -0.2354 -0.0000 -0.0000 0.0000 97.6536 33.8364 71.8032 -115.9195 57.3027 -82.2437 0.0000 -0.0000 -17.6817 -59.4039 -2.9721 5.0112 7.1250 -0.0000 -0.0000 -26.6412 -34.6117 -7.4904
5.1008 18.6991 4.9096 -108.6370 -71.8664 122.4370 0.0000 0.0000 0.0000 -6.6251 3.6579 -35.6760 4.8510 13.2141 40.1752 1.2337 6.7824 -24.4424 0.0250 1.0212 2.8070 0.0000 0.0000 0.0000 7.7439 29.8741 -22.9473 -1.1604 -6.8389 19.2390 2.8775 -31.2353 2.1108 -0.6546 -5.1752 14.4088 -9.5089 6.2078 17.2148 -4.6499 5.6652 8.3026 -0.6487 2.3003 -1.1058 -3.4724 9.2835 -10.7160 -1.7324 13.2592 15.1389 1.0992 5.9802 6.2548 -0.0000 0.0000 0.0000 -53.9764 -59.9498 2.9705 9.3509 -15.7180 -1.2935 -0.0000 -0.0000 23.1023 24.1585 15.4338 6.8071 -7.1250 0.0000 -0.0000 -3.3215 46.7874 -0.1467 -0.0000 0.0000 0.0000 96.5568 33.7780 71.6853 -118.8401 56.6112 -84.6921 0.0000 -0.0000 -12.1897 -57.2309 -2.9706 4.6030 7.1250 -0.0000 -0.0000 -24.8953 -34.4584 -7.0096
5.0977 18.6899 4.9608 -111.8950 -71.0283 125.1880 0.0000 0.0000 0.0000 -6.3696 3.7602 -34.8403 4.8531 13.2164 40.1841 1.2039 7.9791 -25.0326 0.0029 0.3495 0.9603 0.0000 0.0000 0.0000 8.3822 29.4540 -23.4624 -1.2126 -6.9855 19.6724 2.3763 -30.4360 5.5337 -0.5298 -4.6644 12.9538 -9.7474 6.2064 17.2142 -4.8463 5.5916 8.3440 -0.7122 2.2453 -1.0560 -3.4388 9.5745 -10.4060 -1.7739 13.6246 15.2677 1.0968 6.1469 6.2451 -0.0000 0.0000 0.0000 -58.3263 -59.0856 8.9287 10.1699 -17.0049 -1.5243 -0.0000 -0.0000 19.2291 24.2354 15.4859 6.8537 -7.1250 0.0000 -0.0000 -3.2583 46.8544 -0.1493 -0.0000 0.0000 0.0000 94.3730 33.2980 69.8769 -122.5963 55.5775 -87.8101 0.0000 -0.0000 -8.6052 -54.6234 -1.4351 2.0201 7.1250 -0.0000 -0.0000 -22.2029 -31.8552 -7.6537
5.0918 18.6890 5.0122 -113.8690 -70.4242 126.7400 0.0000 0.0000 0.0000 -6.1350 3.3755 -33.8264 4.8075 13.1637 39.9844 1.1587 9.1248 -25.5327 0.0000 0.0150 0.0413 0.0000 0.0000 0.0000 8.6697 29.3734 -24.0367 -1.2847 -7.1823 20.2567 2.1647 -30.0518 6.8032 -0.7097 -5.3841 15.0073 -9.6600 6.0680 17.2428 -5.1870 5.3855 8.2348 -1.0864 2.1507 -1.1373 -3.2981 9.7493 -10.0522 -1.1851 13.7211 15.7342 1.2559 6.2271 6.2958 0.0000 0.0000 0.0000 -63.9773 -57.4867 17.0311 11.9823 -19.7781 -2.0963 -0.0000 -0.0000 14.0975 25.6725 16.5166 7.7814 -7.1250 0.0000 -0.0000 -2.0727 48.1803 -0.1627 0.0000 0.0000 0.0000 90.5561 32.0119 66.5834 -126.8917 54.1747 -91.3242 0.0000 -0.0000 -8.1339 -53.9295 -0.1309 0.1798 7.1250 -0.0000 -0.0000 -21.2049 -29.7869 -8.3977
5.0740 18.7035 5.0415 -115.7030 -70.0658 128.1050 0.0000 0.0000 0.0000 -6.1995 3.5437 -32.7945 4.7011 13.0390 39.5147 1.1799 9.2416 -25.7854 0.0031 0.3603 0.9900 0.0000 0.0000 0.0000 8.7098 29.9883 -24.5847 -1.4001 -7.4852 21.1612 1.9282 -29.5171 8.0287 -0.9713 -6.2743 17.5824 -9.9626 5.7734 17.2194 -5.4899 4.9283 8.1024 -1.1568 1.9243 -1.2392 -3.4641 10.0450 -9.6734 -0.7674 14.0447 15.9390 1.4129 6.3961 6.2479 -0.0000 -0.0000 0.0000 -69.0254 -55.4932 23.4189 13.8738 -22.5540 -2.7795 -0.0000 -0.0000 10.1329 27.0272 17.1129 8.5367 -7.1250 0.0000 -0.0000 -0.8591 49.0447 -0.0857 -0.0000 -0.0000 0.0000 86.5541 30.4226 63.1013 -130.8727 52.6374 -94.5212 0.0000 -0.0000 -8.3341 -52.5866 -0.5650 0.7386 7.1250 -0.0000 -0.0000 -20.3450 -30.4957 -7.6435
5.0533 18.7173 5.0474 -115.5080 -69.9176 127.9260 0.0000 0.0000 0.0000 -5.8731 3.0862 -32.2762 4.6181 12.9403 39.1455 1.2228 9.1750 -26.0607 0.0146 0.7797 2.1430 0.0000 0.0000 0.0000 8.8076 31.1640 -25.2313 -1.4962 -7.7268 21.8872 1.7918 -28.5396 7.7724 -0.8560 -5.9002 16.4952 -9.7251 5.2021 16.9416 -5.8795 4.2516 7.7213 -1.5587 1.6308 -1.4275 -2.5428 10.3753 -8.7817 -1.0147 14.3232 16.0734 1.1791 6.5557 6.2201 0.0000 -0.0000 0.0000 -72.4994 -53.6292 29.9980 15.0112 -24.1618 -3.2305 -0.0000 -0.0000 7.0534 27.1721 18.3117 9.1616 -7.1250 0.0000 -0.0000 -0.9346 50.3827 -0.1240 0.0000 -0.0000 0.0000 82.9533 28.5555 60.2466 -134.5945 50.9656 -97.4467 0.0000 -0.0000 -8.7463 -51.6942 -0.4646 0.5882 7.1250 -0.0000 -0.0000 -19.6376 -30.3565 -7.4164
5.0074 18.7325 5.0606 -113.9950 -70.8772 125.3920 0.0000 0.0000 0.0000 -6.4740 1.9388 -30.2007 4.4271 12.7080 38.2851 1.1915 9.3684 -25.9715 0.0064 0.5155 1.4166 0.0000 0.0000 0.0000 9.0358 31.0711 -24.2390 -1.5347 -7.8211 22.1720 1.3613 -24.9545 6.6294 -0.3896 -4.0080 11.0991 -9.6372 4.5554 17.7737 -6.0855 3.2901 7.8924 -1.6827 1.1558 -1.6179 -2.5232 10.5928 -8.7955 -1.0562 14.6203 16.6440 1.2067 6.6624 6.4073 0.0000 -0.0000 0.0000 -75.5209 -52.5471 37.1279 15.4826 -24.8141 -3.4259 -0.0000 -0.0000 4.2113 27.7324 18.6813 9.5586 -7.1250 0.0000 -0.0000 -0.4422 50.8859 -0.0641 0.0000 -0.0000 0.0000 79.0556 27.1518 58.2075 -137.9617 49.2322 -100.0305 0.0000 -0.0000 -8.1876 -50.3030 0.5243 -0.6316 7.1250 -0.0000 -0.0000 -18.3021 -28.9107 -7.5281
4.9699 18.7432 5.0209 -111.5260 -71.6070 123.0710 0.0000 0.0000 0.0000 -6.6147 1.2818 -29.8635 4.3064 12.5573 37.7332 1.1565 8.9881 -25.4109 0.0056 0.4851 1.3328 0.0000 0.0000 0.0000 9.3047 31.1537 -24.8199 -1.5492 -7.8561 22.2778 1.2108 -22.5639 4.6458 -0.2856 -3.4369 9.4975 -9.7912 3.6671 17.3339 -6.0880 2.2197 7.6990 -1.3688 0.6507 -1.5578 -2.6301 10.9352 -8.7032 -0.9874 15.0766 17.1084 1.2866 6.8515 6.5233 0.0000 0.0000 0.0000 -76.9068 -51.8083 43.2747 15.4402 -24.7557 -3.4081 -0.0000 -0.0000 2.6336 24.5930 18.8474 8.4106 -7.1250 0.0000 -0.0000 -3.6208 50.5214 -0.4932 0.0000 0.0000 0.0000 76.2137 25.5850 56.8713 -140.6604 47.6737 -102.0505 0.0000 -0.0000 -8.3801 -48.4925 1.5305 -1.7287 7.1250 -0.0000 -0.0000 -16.6967 -27.5275 -7.3837
4.9156 18.7586 4.9942 -108.3640 -72.2029 119.6490 0.0000 0.0000 0.0000 -6.5482 -0.0035 -28.7132 4.1794 12.3953 37.1452 1.1368 9.1067 -25.3488 0.0038 0.3961 1.0882 0.0000 0.0000 0.0000 10.0283 31.8002 -24.2390 -1.4629 -7.6439 21.6377 1.0277 -20.7555 4.1179 -0.1283 -2.3089 6.3601 -9.1167 2.9046 17.3503 -6.1555 1.3654 7.7264 -1.6467 0.2550 -1.4871 -2.6755 10.9605 -8.7810 -1.0615 15.1360 17.3869 1.2905 6.8522 6.6286 0.0000 -0.0000 0.0000 -77.2832 -51.6036 50.1822 15.6181 -25.0001 -3.4830 -0.0000 -0.0000 0.6423 22.9474 17.5012 7.2561 -7.1250 0.0000 -0.0000 -4.9128 48.8197 -0.4639 0.0000 -0.0000 0.0000 73.3608 23.9120 55.1384 -143.3789 45.9356 -104.0328 0.0000 -0.0000 -9.2346 -46.1239 4.0817 -4.2338 7.1250 -0.0000 -0.0000 -14.3961 -24.1084 -7.4894
4.8555 18.7720 4.9584 -106.2630 -73.0665 117.1020 0.0000 0.0000 0.0000 -6.9816 -1.1816 -27.1971 4.0018 12.1627 36.3101 1.1651 9.0093 -25.4938 0.0062 0.5091 1.3989 0.0000 0.0000 0.0000 10.6344 31.8303 -23.8608 -1.3869 -7.4514 21.0597 0.7121 -17.8947 4.2653 -0.0012 -0.2245 0.6169 -9.0313 2.2294 17.3670 -6.3447 0.5076 7.7260 -1.7340 -0.1579 -1.4630 -2.6412 11.0201 -8.6264 -1.0265 15.1939 17.7233 1.3026 6.8637 6.7095 0.0000 0.0000 0.0000 -76.7525 -51.1827 55.0113 16.4994 -26.1930 -3.8637 -0.0000 -0.0000 0.2145 22.2400 17.0656 6.8428 -7.1250 0.0000 -0.0000 -5.4907 48.2512 -0.4416 0.0000 0.0000 0.0000 72.0304 22.3919 53.3959 -145.5392 44.4233 -105.5654 0.0000 -0.0000 -10.5373 -44.9098 4.8298 -4.7976 7.1250 -0.0000 -0.0000 -13.3784 -23.2095 -7.2154
4.7985 18.7837 4.9194 -105.7390 -73.8722 116.3120 0.0000 0.0000 0.0000 -7.6693 -1.5296 -26.1787 3.8336 11.9356 35.5045 1.1606 8.9922 -25.4460 0.0051 0.4601 1.2642 0.0000 0.0000 0.0000 10.8812 31.9824 -23.9547 -1.3383 -7.3250 20.6818 0.5286 -14.6385 2.2960 -0.0041 -0.4153 1.1412 -9.0430 1.8334 17.3334 -6.3589 0.0090 7.7140 -1.6486 -0.3987 -1.4413 -2.9409 10.9744 -8.7600 -1.4406 15.2596 18.1247 1.2487 6.8110 6.8754 0.0000 0.0000 0.0000 -77.4554 -50.3745 57.1790 18.5465 -28.8513 -4.8101 -0.0000 0.0000 -1.2647 23.2418 18.4324 7.7329 -7.1250 0.0000 -0.0000 -4.8520 49.8546 -0.5819 0.0000 0.0000 0.0000 71.4727 21.0719 50.4626 -147.5267 42.9212 -106.9380 0.0000 -0.0000 -12.3640 -45.3274 3.9240 -3.9597 7.1250 -0.0000 -0.0000 -13.8593 -24.4062 -7.0947
4.7395 18.7946 4.8727 -106.9530 -74.6799 117.4100 0.0000 0.0000 0.0000 -8.5820 -1.2894 -25.3463 3.6296 11.6504 34.5063 1.1625 8.7660 -25.2890 0.0117 0.6991 1.9214 0.0000 0.0000 0.0000 10.7819 32.6031 -24.5062 -1.3116 -7.2543 20.4710 0.4112 -12.5637 1.3005 -0.0092 0.6208 -1.7060 -9.3457 1.6679 17.2110 -6.3394 -0.2315 7.6741 -1.4146 -0.5214 -1.4072 -3.0765 10.8810 -8.9398 -2.0156 15.2701 18.2135 1.1107 6.7460 6.9760 -0.0000 0.0000 0.0000 -78.4127 -49.8061 58.6055 20.6776 -31.4501 -5.8808 -0.0000 0.0000 -2.1816 23.0776 19.5647 8.1201 -7.1250 0.0000 -0.0000 -5.3106 51.0261 -0.7903 -0.0000 0.0000 0.0000 71.8633 19.9957 47.0181 -149.2076 41.5630 -108.0681 0.0000 -0.0000 -14.8471 -46.8028 2.6460 -2.8147 7.1250 -0.0000 -0.0000 -15.1980 -26.0539 -7.2201
4.6878 18.8012 4.8393 -107.2070 -75.5994 117.7590 0.0000 0.0000 0.0000 -9.5782 -1.1279 -25.0348 3.4924 11.4524 33.8214 1.1310 8.7846 -25.0561 0.0098 0.6396 1.7577 0.0000 0.0000 0.0000 10.6483 32.4966 -25.2250 -1.2258 -7.0221 19.7809 0.3299 -11.4015 1.4283 -0.0252 1.0253 -2.8185 -9.0129 1.4836 17.2264 -6.3596 -0.4130 7.6966 -1.5866 -0.6016 -1.3896 -3.0961 10.7876 -9.0249 -2.5297 15.2462 18.1282 0.9596 6.6916 7.0072 -0.0000 -0.0000 0.0000 -78.9689 -49.8728 59.8515 22.5114 -33.5502 -6.8663 -0.0000 0.0000 -2.7600 23.2610 21.2045 8.8376 -7.1250 0.0000 -0.0000 -5.6048 52.7878 -1.0768 -0.0000 -0.0000 0.0000 72.6908 18.9869 43.5817 -150.6513 40.3286 -109.0143 0.0000 -0.0000 -17.0365 -47.5513 1.7424 -1.9039 7.1250 -0.0000 -0.0000 -15.9524 -27.2802 -7.1259
4.6381 18.8118 4.7971 -107.9400 -77.1393 118.7090 0.0000 0.0000 0.0000 -11.2556 -0.7634 -24.9451 3.3309 11.2124 32.9996 1.0886 8.4964 -24.4998 0.0175 0.8547 2.3490 0.0000 0.0000 0.0000 9.5851 32.4965 -26.1860 -1.1603 -6.8384 19.2374 0.2941 -10.8597 1.5166 -0.0545 1.5061 -4.1425 -9.1330 1.3376 17.3664 -6.4085 -0.6408 7.7608 -1.5321 -0.7184 -1.3836 -3.1496 10.6634 -9.3115 -3.0955 15.2146 18.0769 0.8107 6.6228 7.0867 0.0000 0.0000 0.0000 -79.2224 -50.4423 59.6077 24.1572 -35.3301 -7.7973 -0.0000 0.0000 -2.1461 24.0458 22.9856 9.8837 -7.1250 0.0000 -0.0000 -5.3755 54.8138 -1.2985 0.0000 0.0000 0.0000 73.7230 18.4952 40.4516 -151.2607 39.7880 -109.4065 0.0000 -0.0000 -19.3274 -48.6520 0.6662 -0.7570 7.1250 -0.0000 -0.0000 -17.0318 -28.7686 -7.0190
4.5928 18.8080 4.7302 -107.0660 -78.4235 118.1750 0.0000 0.0000 0.0000 -12.3536 -0.4594 -25.2462 3.2549 11.0967 32.6067 1.0360 7.9702 -23.6730 0.0146 0.7810 2.1464 0.0000 0.0000 0.0000 9.1701 32.2819 -27.1878 -1.0991 -6.6619 18.7175 0.2736 -11.2059 2.6877 -0.1600 2.5773 -7.1040 -9.0555 1.1233 17.4909 -6.0449 -0.8780 7.9395 -1.1445 -0.8411 -1.2429 -3.9744 10.4770 -9.8121 -3.3382 15.1824 18.0968 0.8830 6.5245 7.1418 0.0000 -0.0000 0.0000 -78.7218 -51.9218 58.6578 24.8793 -36.0803 -8.2187 -0.0000 0.0000 -1.2536 24.1492 24.4827 10.5258 -7.1250 0.0000 -0.0000 -5.8119 56.4064 -1.6293 0.0000 -0.0000 0.0000 75.1767 19.2339 39.1713 -150.7192 40.2689 -109.0582 0.0000 -0.0000 -20.2228 -50.6254 -0.5418 0.6602 7.1250 -0.0000 -0.0000 -18.8492 -30.4895 -7.0229
4.5557 18.8077 4.6558 -102.7370 -79.5711 114.4040 0.0000 0.0000 0.0000 -13.0388 -0.7012 -25.8782 3.2434 11.0790 32.5469 0.9533 7.6562 -22.7339 0.0001 -0.0512 -0.1405 0.0000 0.0000 0.0000 7.9484 33.4629 -28.2877 -1.1297 -6.7508 18.9791 0.4945 -14.2785 2.4204 -0.0032 0.3655 -1.0043 -8.5219 0.6202 17.5688 -5.6534 -1.3981 8.1096 -0.9293 -1.0880 -1.0854 -3.8980 10.3527 -10.0527 -4.2896 15.2077 18.3544 0.6087 6.4280 7.3598 0.0000 0.0000 0.0000 -76.8111 -53.6551 56.0839 24.7379 -35.9349 -8.1356 -0.0000 -0.0000 0.0630 23.4322 25.4371 10.5452 -7.1250 0.0000 -0.0000 -6.9734 57.2451 -2.0985 0.0000 0.0000 0.0000 78.0841 21.1622 39.6029 -149.0097 41.7272 -107.9366 0.0000 -0.0000 -21.0210 -52.1423 -1.3908 1.7885 7.1250 -0.0000 -0.0000 -20.2746 -31.7658 -6.9515
4.5213 18.7943 4.5656 -97.6736 -80.4065 109.9970 0.0000 0.0000 0.0000 -13.3121 -1.1888 -26.7851 3.3244 11.2025 32.9658 0.9379 7.1648 -22.2348 0.0017 -0.2640 -0.7253 0.0000 0.0000 0.0000 7.1725 34.5810 -30.0298 -1.3140 -7.2608 20.4903 0.5149 -15.9885 4.6706 -0.0002 0.0974 -0.2677 -7.7746 0.1764 17.7049 -5.1381 -1.8112 8.2061 -0.7206 -1.2713 -1.0478 -4.2183 10.0302 -10.4657 -4.8502 14.9952 18.9054 0.5042 6.2022 7.6420 0.0000 0.0000 0.0000 -74.7960 -55.6616 52.8047 23.5025 -34.6337 -7.4219 -0.0000 -0.0000 1.2553 24.1468 25.5914 10.9593 -7.1250 0.0000 -0.0000 -6.2625 57.5635 -1.9315 0.0000 0.0000 0.0000 81.3201 23.7644 41.5457 -146.2744 43.8804 -106.0775 0.0000 -0.0000 -20.3717 -53.7422 -1.9768 2.6927 7.1250 -0.0000 -0.0000 -21.7210 -32.6983 -6.9863
4.4949 18.7375 4.4519 -94.6775 -81.3481 107.6620 0.0000 0.0000 0.0000 -13.7011 -1.7750 -27.9027 3.5087 11.4762 33.9034 0.9550 6.7458 -22.0835 0.0067 -0.5282 -1.4514 0.0000 0.0000 0.0000 5.7948 36.3656 -31.5782 -1.6580 -8.1142 23.0615 0.6411 -16.0783 2.5081 -0.0746 1.7622 -4.8489 -7.6262 0.0738 17.8738 -4.7748 -1.9070 8.1781 -0.3964 -1.3084 -1.1547 -4.0388 9.5145 -11.0009 -5.2285 14.4647 20.2093 0.3746 5.8186 8.2178 -0.0000 -0.0000 0.0000 -73.3809 -57.7078 48.8942 21.3697 -32.2573 -6.2461 -0.0000 -0.0000 3.5852 25.7737 24.8601 11.4747 -7.1250 0.0000 -0.0000 -4.1931 57.1576 -1.2504 -0.0000 -0.0000 0.0000 85.1092 26.4022 44.3128 -142.3575 46.6095 -103.2947 0.0000 -0.0000 -19.3627 -55.3367 -2.3329 3.3689 7.1250 -0.0000 -0.0000 -23.1101 -33.3147 -7.1255
4.4599 18.6779 4.3269 -96.0490 -82.2307 109.5140 0.0000 0.0000 0.0000 -14.1776 -2.1251 -28.6862 3.6785 11.7199 34.7482 1.0067 6.6237 -22.4519 0.0180 -0.8664 -2.3811 0.0000 0.0000 0.0000 4.9624 37.0263 -32.5411 -1.8607 -8.5698 24.4585 0.6372 -15.3989 1.2416 -0.1835 2.7594 -7.6096 -7.5835 0.6752 17.9473 -4.6073 -1.1253 8.3304 -0.3868 -0.9351 -1.0615 -3.8788 8.4347 -11.5430 -5.2443 13.0954 21.3181 0.2583 5.1020 8.6943 -0.0000 -0.0000 0.0000 -73.5349 -60.3261 46.4345 19.2485 -29.7263 -5.1535 -0.0000 -0.0000 6.1191 24.8553 24.0224 10.6795 -7.1250 0.0000 -0.0000 -4.8821 56.0734 -1.3283 -0.0000 -0.0000 0.0000 88.3010 28.9387 46.0890 -137.5589 49.4515 -99.7249 0.0000 -0.0000 -18.8541 -57.4242 -2.9217 4.5611 7.1250 -0.0000 -0.0000 -25.0274 -34.3888 -7.1005
4.4156 18.6447 4.2086 -99.9483 -82.9955 113.7340 0.0000 0.0000 0.0000 -14.7307 -2.0455 -29.1371 3.7722 11.8509 35.2065 1.0298 6.7098 -22.7114 0.0301 -1.1203 -3.0798 0.0000 0.0000 0.0000 3.6882 37.9266 -32.8258 -1.9226 -8.7030 24.8706 0.6201 -14.4938 -0.5840 -0.1444 2.4492 -6.7489 -7.7328 1.0295 18.1886 -4.3834 -0.7138 8.4783 -0.1427 -0.7492 -1.0392 -4.7637 7.8403 -12.2639 -4.7638 12.4876 22.4651 0.5403 4.7046 9.1297 0.0000 0.0000 0.0000 -73.9490 -61.7949 42.5218 17.6232 -27.6720 -4.3728 -0.0000 -0.0000 9.1232 25.6980 22.9617 10.6325 -7.1250 0.0000 -0.0000 -3.6229 55.1258 -0.9017 0.0000 0.0000 0.0000 90.7708 31.1837 49.0318 -131.8145 52.2369 -95.2677 0.0000 -0.0000 -18.5071 -58.5979 -3.8980 6.3543 7.1250 -0.0000 -0.0000 -26.4766 -36.1391 -6.3321
4.3678 18.6085 4.0853 -102.8690 -83.5724 117.1820 0.0000 0.0000 0.0000 -15.0623 -1.3792 -30.2018 3.9051 12.0331 35.8491 1.0594 6.0366 -22.5113 0.0554 -1.5190 -4.1782 0.0000 0.0000 0.0000 2.7660 38.0487 -33.0344 -1.8845 -8.6212 24.6173 0.4951 -12.7475 -1.3419 -0.2211 3.0266 -8.3529 -7.4993 1.3570 18.7356 -4.3462 -0.3224 8.3988 -0.3068 -0.5399 -1.4306 -5.2431 7.2764 -12.3365 -4.7896 11.8357 22.5213 0.5388 4.3573 9.1383 0.0000 0.0000 0.0000 -74.6225 -63.2749 39.5696 15.7919 -25.2377 -3.5568 -0.0000 -0.0000 11.0811 26.5780 22.7668 10.9569 -7.1250 0.0000 -0.0000 -2.6258 55.0998 -0.6515 0.0000 0.0000 0.0000 92.0031 33.0761 51.3286 -126.3743 54.3571 -90.9041 0.0000 -0.0000 -17.7102 -59.4888 -5.5166 9.2651 7.1250 -0.0000 -0.0000 -28.1667 -39.0257 -4.5824
4.2789 18.5777 3.9189 -101.4690 -84.7842 116.7700 0.0000 0.0000 0.0000 -15.8116 -1.2872 -31.2449 3.9296 12.0662 35.9665 1.0646 5.3883 -22.1404 0.0754 -1.7710 -4.8733 0.0000 0.0000 0.0000 0.8827 38.0092 -33.4367 -1.8300 -8.5026 24.2514 0.3607 -10.6170 -2.8962 -0.2402 3.1538 -8.7072 -8.0496 1.4996 18.2618 -4.4851 -0.1749 8.3971 -0.1755 -0.4821 -1.1867 -5.3580 6.8839 -12.6343 -4.7369 11.3674 22.8328 0.5412 4.1124 9.2940 -0.0000 0.0000 0.0000 -76.1973 -64.2830 36.1913 13.9465 -22.6582 -2.8075 -0.0000 -0.0000 12.9927 27.3592 22.1989 11.0620 -7.1250 0.0000 -0.0000 -1.6320 54.6495 -0.3870 -0.0000 0.0000 0.0000 92.9025 34.3252 53.2576 -124.1439 55.1006 -89.0831 0.0000 -0.0000 -15.8835 -59.5746 -6.1016 10.2587 7.1250 -0.0000 -0.0000 -28.6054 -40.0379 -3.8709
4.1597 18.5640 3.7403 -88.4539 -85.7252 104.3160 0.0000 0.0000 0.0000 -15.9483 -1.7107 -31.4013 3.8982 12.0237 35.8160 1.1017 4.5048 -21.9316 0.0555 -1.5204 -4.1819 0.0000 0.0000 0.0000 -0.1755 38.2900 -32.6165 -1.7465 -8.3169 23.6807 0.2396 -8.7801 -4.8831 -0.2303 3.0891 -8.5268 -8.3730 1.2924 18.2450 -4.3304 -0.4696 8.3067 0.2253 -0.6239 -1.2509 -6.0562 6.7526 -12.6628 -4.3115 11.2500 22.9619 0.7812 4.0394 9.2778 0.0000 0.0000 0.0000 -77.0144 -63.9890 33.7734 12.8256 -21.0312 -2.3903 -0.0000 -0.0000 14.0060 27.3431 20.3286 10.1839 -7.1250 0.0000 -0.0000 -1.1839 52.6158 -0.2219 0.0000 0.0000 0.0000 93.0633 34.8198 54.8696 -124.0598 55.1273 -89.0141 0.0000 -0.0000 -14.3378 -58.6165 -6.8025 10.9886 7.1250 -0.0000 -0.0000 -28.1391 -41.0268 -3.0323
4.0265 18.5590 3.5282 -68.9274 -85.5905 85.2263 0.0000 0.0000 0.0000 -15.0324 -1.8443 -31.8729 4.0043 12.1661 36.3222 1.2173 2.3866 -21.8266 0.0020 0.2873 0.7893 0.0000 0.0000 0.0000 0.1646 38.3096 -31.6656 -1.6383 -8.0680 22.9209 0.1511 -7.6707 -6.4318 -0.1732 2.6812 -7.3925 -8.1018 1.1342 18.2160 -4.1977 -0.5994 8.0611 0.2427 -0.6545 -1.4960 -6.3879 6.5679 -12.3603 -3.6815 10.9049 23.2739 0.9982 3.9093 9.2705 0.0000 0.0000 0.0000 -76.2206 -62.4530 36.9008 13.0688 -21.3879 -2.4783 -0.0000 -0.0000 10.2731 26.8447 21.0297 10.2939 -7.1250 0.0000 -0.0000 -1.8688 53.2812 -0.3808 0.0000 0.0000 0.0000 92.8028 34.5288 54.9102 -124.8924 54.8587 -89.6961 0.0000 -0.0000 -12.9821 -57.4177 -7.3378 11.3014 7.1250 -0.0000 -0.0000 -27.3098 -41.6604 -2.4561
3.8663 18.5461 3.2884 -57.7592 -84.9761 74.1559 0.0000 0.0000 0.0000 -13.9840 -1.6762 -31.9055 4.0782 12.2638 36.6716 1.1646 2.5552 -21.4531 0.0657 -1.6538 -4.5498 0.0000 0.0000 0.0000 1.6833 38.0090 -30.7686 -1.6054 -7.9908 22.6860 0.0961 -7.0572 -7.2998 -0.2243 3.0487 -8.4143 -8.0902 1.2550 17.9803 -4.1468 -0.3980 7.8779 0.2535 -0.5386 -1.5820 -6.5290 6.3051 -12.2052 -2.8121 10.3857 23.9218 1.2617 3.7171 9.4076 0.0000 0.0000 0.0000 -78.3055 -60.3249 41.1279 12.7176 -20.8721 -2.3517 -0.0000 -0.0000 8.0281 26.2742 20.6204 9.8628 -7.1250 0.0000 -0.0000 -2.3565 52.7293 -0.4484 0.0000 0.0000 0.0000 91.2719 34.1321 54.6248 -127.0127 54.1315 -91.4222 0.0000 -0.0000 -12.0186 -56.3091 -8.6840 12.7605 7.1250 -0.0000 -0.0000 -26.9736 -43.5556 -1.0429
3.6988 18.5543 3.0626 -52.1475 -84.4306 68.0250 0.0000 0.0000 0.0000 -12.9690 -1.6772 -30.8414 4.0882 12.2768 36.7185 1.1587 2.8307 -21.5346 0.0845 -1.8748 -5.1599 0.0000 0.0000 0.0000 4.6288 35.9474 -29.6555 -1.6615 -8.1223 23.0863 0.0114 -5.7816 -7.9142 -0.2309 3.0928 -8.5371 -8.0410 1.3908 17.9785 -4.3663 -0.2261 7.8466 -0.0397 -0.4479 -1.6268 -6.4127 6.2571 -12.0922 -2.0884 10.1334 24.5035 1.4674 3.6587 9.5509 0.0000 0.0000 0.0000 -81.6211 -57.3390 44.4833 12.2210 -20.1352 -2.1778 -0.0000 -0.0000 6.1642 26.5399 20.4058 9.8785 -7.1250 0.0000 -0.0000 -2.0299 52.5475 -0.3772 0.0000 0.0000 0.0000 89.1543 33.8034 55.1529 -129.3062 53.2715 -93.2707 0.0000 -0.0000 -10.4438 -54.5631 -10.0432 13.7694 7.1250 -0.0000 -0.0000 -25.9107 -45.2306 0.1584
3.5257 18.5764 2.7991 -50.8654 -83.2234 66.5399 0.0000 0.0000 0.0000 -10.8604 -1.8731 -30.2780 4.1576 12.3672 37.0436 1.1646 2.8682 -21.6038 0.0903 -1.9376 -5.3332 0.0000 0.0000 0.0000 8.0978 34.3258 -29.0967 -1.7147 -8.2448 23.4600 -0.0110 -5.5924 -8.2982 -0.2105 2.9540 -8.1508 -7.8233 1.2358 17.7808 -4.4839 -0.3676 7.5685 -0.2565 -0.4900 -1.8192 -6.4658 6.6067 -11.7281 -1.4370 10.4292 24.7593 1.7152 3.8507 9.5156 0.0000 0.0000 0.0000 -83.3213 -53.2298 46.4239 12.3493 -20.3265 -2.2221 -0.0000 -0.0000 1.7815 26.1795 19.5661 9.3493 -7.1250 0.0000 -0.0000 -2.1989 51.5726 -0.3561 0.0000 0.0000 0.0000 86.7317 33.2513 57.4296 -131.5311 52.3590 -95.0435 0.0000 -0.0000 -9.0215 -53.9237 -11.2022 14.9303 7.1250 -0.0000 -0.0000 -25.8161 -46.7902 1.2201
3.3458 18.6093 2.5369 -49.9214 -82.3203 65.3284 0.0000 0.0000 0.0000 -9.1024 -1.9411 -29.6100 4.2035 12.4264 37.2574 1.0864 3.1847 -21.0764 0.2165 -2.9951 -8.2651 0.0000 0.0000 0.0000 10.9192 32.9088 -28.5530 -1.7780 -8.3875 23.8972 -0.0370 -4.7628 -7.9591 -0.1522 2.5141 -6.9288 -7.6424 1.1755 17.4278 -4.9486 -0.4020 7.4170 -0.8428 -0.4929 -1.8022 -5.9957 6.9084 -10.9979 -1.2799 10.6194 24.5711 1.6751 4.0169 9.3174 -0.0000 -0.0000 0.0000 -86.1654 -49.6404 45.5540 12.2899 -20.2381 -2.2016 -0.0000 -0.0000 1.5171 26.4067 17.7967 8.6297 -7.1250 0.0000 -0.0000 -1.5961 49.6906 -0.1846 -0.0000 -0.0000 0.0000 84.4417 32.2631 59.1753 -134.2224 51.1438 -97.1573 0.0000 -0.0000 -7.5216 -52.6127 -11.1960 14.2557 7.1250 -0.0000 -0.0000 -24.4213 -46.4674 0.9397
3.1747 18.6372 2.2680 -44.3472 -81.4885 59.4708 0.0000 0.0000 0.0000 -7.7498 -2.7682 -28.7047 4.1959 12.4167 37.2224 0.9573 3.7690 -20.2099 0.3685 -3.8992 -10.7931 0.0000 0.0000 0.0000 13.1847 30.4901 -28.3760 -1.8675 -8.5845 24.5040 -0.0877 -3.4043 -7.8919 -0.1590 2.5695 -7.0825 -7.7566 0.9464 17.3064 -5.3587 -0.7283 7.1838 -1.1530 -0.6372 -1.9788 -6.0926 7.4456 -9.9868 -1.1238 11.2156 24.7993 1.7565 4.2895 9.1763 -0.0000 -0.0000 0.0000 -86.4065 -47.0175 49.6587 12.3227 -20.2868 -2.2129 -0.0000 0.0000 -4.7119 28.4941 16.3189 8.6722 -7.1250 0.0000 -0.0000 0.7030 48.4032 0.0590 -0.0000 -0.0000 0.0000 81.2708 30.7055 60.0647 -138.0460 49.1859 -100.0943 0.0000 -0.0000 -6.8916 -53.3104 -10.8966 14.2360 7.1250 -0.0000 -0.0000 -25.0185 -46.1969 0.7881
3.0110 18.6751 1.9915 -34.3637 -80.0413 49.1846 0.0000 0.0000 0.0000 -6.5194 -4.3922 -27.5009 4.0732 12.2572 36.6480 0.8275 3.6570 -18.8849 0.4480 -4.2941 -11.9055 0.0000 0.0000 0.0000 14.9669 28.1026 -28.0026 -1.9431 -8.7466 25.0059 -0.1092 -3.0544 -8.1360 -0.1346 2.3647 -6.5147 -7.8495 0.4733 16.7244 -5.7572 -1.2868 7.3411 -1.4275 -0.9231 -1.4912 -5.7627 7.9540 -9.3319 -1.2065 11.8008 25.5538 1.7199 4.5298 9.3302 -0.0000 -0.0000 0.0000 -87.7351 -45.9284 48.7955 12.0885 -19.9372 -2.1324 -0.0000 0.0000 -2.8300 27.2868 14.9049 7.5581 -7.1250 0.0000 -0.0000 -0.2670 46.6525 -0.0109 -0.0000 -0.0000 0.0000 78.0981 29.2797 59.8476 -141.7717 46.9845 -102.8677 0.0000 -0.0000 -7.2682 -50.9110 -9.0608 10.9711 7.1250 -0.0000 -0.0000 -21.8537 -43.0444 -1.1120
2.8663 18.7106 1.7047 -25.6255 -77.3115 40.0911 0.0000 0.0000 0.0000 -4.8370 -6.8719 -26.2180 3.8434 11.9491 35.5522 0.6946 3.5870 -17.4487 0.4077 -4.0990 -11.3553 0.0000 0.0000 0.0000 16.4105 27.3641 -26.8617 -1.9493 -8.7598 25.0467 -0.0733 -5.3431 -9.5701 -0.1081 2.1196 -5.8362 -7.2490 -0.3187 16.5434 -6.1147 -2.1887 7.5341 -1.9905 -1.3559 -1.2023 -5.4159 8.5009 -9.0610 -0.8252 12.3809 26.5809 1.8620 4.8011 9.6215 0.0000 -0.0000 0.0000 -87.1901 -45.2170 50.7893 13.0279 -21.3281 -2.4634 -0.0000 0.0000 -2.7645 26.4934 14.5827 7.1529 -7.1250 0.0000 -0.0000 -0.9747 46.1857 -0.0285 0.0000 -0.0000 0.0000 75.4911 27.8476 58.2493 -144.8221 44.9387 -105.0612 0.0000 -0.0000 -8.5836 -48.7767 -8.2439 9.2944 7.1250 -0.0000 -0.0000 -19.5710 -41.5341 -1.7481
2.7285 18.7451 1.4372 -19.9474 -73.9073 34.4765 0.0000 0.0000 0.0000 -3.1186 -9.6236 -25.2151 3.4890 11.4474 33.8041 0.6131 3.6143 -16.5460 0.2213 -3.0284 -8.3578 0.0000 0.0000 0.0000 17.8361 25.7343 -26.4608 -1.9079 -8.6715 24.7730 -0.0292 -6.9902 -10.6311 -0.0651 1.6461 -4.5287 -5.9904 -0.9355 16.2454 -6.3244 -2.7462 7.5506 -2.8265 -1.5899 -1.0954 -4.8271 8.5339 -8.5663 -0.5465 12.2207 27.1262 1.8389 4.7883 9.7410 0.0000 -0.0000 0.0000 -87.1833 -43.6471 54.4647 16.0055 -25.5282 -3.6483 -0.0000 0.0000 -4.0886 26.3682 15.7509 7.6639 -7.1250 0.0000 -0.0000 -1.2711 47.4496 -0.0768 0.0000 -0.0000 0.0000 73.2931 25.4047 53.8919 -147.9256 42.6064 -107.2089 0.0000 -0.0000 -11.4417 -47.7654 -6.9747 7.6184 7.1250 -0.0000 -0.0000 -18.2949 -39.6201 -2.5243
2.6214 18.7725 1.1884 -14.4952 -70.8302 29.2444 0.0000 0.0000 0.0000 -2.6516 -11.3047 -24.3458 2.9969 10.6900 31.2413 0.5134 3.8865 -15.5160 0.2254 -3.0562 -8.4353 0.0000 0.0000 0.0000 18.4606 23.3003 -26.7940 -1.8967 -8.6475 24.6988 -0.0181 -7.6475 -11.2858 -0.0568 1.5385 -4.2317 -5.7172 -1.1860 16.3068 -6.2802 -3.0060 7.5932 -2.8878 -1.7019 -1.0965 -4.5149 8.2944 -7.6976 -0.7937 11.8277 26.2788 1.6021 4.6834 9.3205 -0.0000 -0.0000 0.0000 -87.9627 -41.4317 56.3449 20.9813 -31.8066 -6.0401 -0.0000 0.0000 -5.9895 26.6438 16.8079 8.2549 -7.1250 0.0000 -0.0000 -1.1815 48.6492 -0.1064 -0.0000 -0.0000 0.0000 71.6229 23.0889 47.2229 -151.5256 39.5493 -109.5757 0.0000 -0.0000 -15.8366 -46.7131 -6.3669 6.7147 7.1250 -0.0000 -0.0000 -17.2105 -38.6584 -2.7865
2.5145 18.7901 0.9468 -11.4444 -68.0278 26.4698 0.0000 0.0000 0.0000 -2.1113 -11.9895 -23.6217 2.4818 9.8048 28.3468 0.4419 3.6445 -14.4266 0.1031 -2.0701 -5.6993 0.0000 0.0000 0.0000 18.5795 23.9626 -26.2150 -1.8557 -8.5588 24.4246 0.1285 -10.5734 -12.8605 -0.0343 1.1952 -3.2860 -5.8555 -1.5955 16.5010 -5.6270 -3.5193 7.3127 -2.0153 -1.9358 -1.4530 -5.8110 8.3852 -7.6534 -0.6828 12.1497 26.2039 1.8631 4.7340 9.1942 -0.0000 -0.0000 0.0000 -89.6309 -38.6091 55.4823 26.3217 -37.5246 -9.0829 -0.0000 0.0000 -3.1855 29.9408 19.3634 10.8116 -7.1250 0.0000 -0.0000 1.6945 52.0477 0.2941 -0.0000 -0.0000 0.0000 70.3265 21.2653 41.6161 -154.7187 36.4901 -111.5434 0.0000 -0.0000 -20.7991 -46.1710 -6.5754 6.8026 7.1250 -0.0000 -0.0000 -16.7839 -38.8883 -2.6142
2.4336 18.8051 0.7140 -9.1110 -65.7407 24.5846 0.0000 0.0000 0.0000 -1.7459 -12.7729 -22.9970 2.0463 8.9619 25.6762 0.3770 3.9956 -13.7645 0.0236 -0.9918 -2.7263 0.0000 0.0000 0.0000 18.5142 24.3164 -26.2693 -1.8383 -8.5208 24.3074 0.2391 -12.4358 -14.0931 -0.0078 0.5700 -1.5662 -5.6324 -1.6258 16.0303 -5.6592 -3.4639 7.2777 -2.1993 -1.8981 -1.2582 -5.4399 8.1442 -7.7390 -0.4195 11.7355 26.3299 1.8671 4.6089 9.2657 -0.0000 -0.0000 0.0000 -90.0571 -36.8120 56.0320 30.5872 -41.3914 -11.7960 -0.0000 0.0000 -0.7011 31.9957 21.6082 12.9568 -7.1250 0.0000 -0.0000 3.5089 54.9803 0.8608 -0.0000 -0.0000 0.0000 70.6606 20.1532 37.2069 -156.8038 34.3026 -112.7515 0.0000 -0.0000 -23.6160 -45.7656 -6.2921 6.4225 7.1250 -0.0000 -0.0000 -16.3646 -38.4595 -2.7231
2.3916 18.7891 0.5001 -8.3447 -65.0174 23.7330 0.0000 0.0000 0.0000 -1.7082 -12.2600 -22.0665 1.8578 8.5634 24.4390 0.4559 3.4318 -14.4766 0.0001 -0.0479 -0.1316 0.0000 0.0000 0.0000 18.9136 24.3938 -26.3923 -1.8809 -8.6134 24.5933 0.2440 -12.6183 -14.3398 -0.0051 0.4614 -1.2678 -6.0383 -1.1684 16.1321 -5.6281 -2.9421 7.0470 -2.0179 -1.6363 -1.5324 -5.5699 7.9308 -7.3747 0.0303 11.3342 26.3589 1.9836 4.4688 9.1763 -0.0000 0.0000 0.0000 -91.0345 -35.4008 55.0395 32.6208 -43.0365 -13.1625 -0.0000 -0.0000 1.2798 33.2539 23.6145 14.7175 -7.1250 0.0000 -0.0000 4.5754 57.5219 1.4049 -0.0000 0.0000 0.0000 71.2567 19.6496 35.8744 -157.4455 33.5981 -113.1098 0.0000 -0.0000 -25.1117 -45.7704 -6.4012 6.5336 7.1250 -0.0000 -0.0000 -16.3931 -38.6088 -2.6658
2.3945 18.7694 0.3485 -7.6696 -64.2853 23.1776 0.0000 0.0000 0.0000 -2.1862 -11.0719 -22.0845 2.0271 8.9223 25.5527 0.6774 1.6724 -16.2408 0.0088 -0.6060 -1.6654 0.0000 0.0000 0.0000 19.0448 24.0862 -27.1604 -1.9752 -8.8141 25.2156 0.2109 -12.4013 -14.5248 -0.0004 -0.1326 0.3643 -5.8320 -1.0961 15.7818 -5.7361 -2.7864 6.9569 -2.2808 -1.5515 -1.4599 -5.8954 7.7681 -7.6201 0.5476 11.0819 26.3507 2.1972 4.3831 9.1694 -0.0000 -0.0000 0.0000 -91.8134 -35.0408 51.9263 32.3716 -42.8414 -12.9928 -0.0000 -0.0000 3.9689 34.8034 24.6526 16.1690 -7.1250 0.0000 -0.0000 6.2280 59.0739 2.1470 -0.0000 -0.0000 0.0000 72.1607 19.6045 36.7723 -156.2035 34.9483 -112.4103 0.0000 -0.0000 -24.8816 -47.0055 -6.8612 7.3018 7.1250 -0.0000 -0.0000 -17.5896 -39.3734 -2.5306
2.4204 18.7462 0.1946 -7.7204 -64.4855 22.9263 0.0000 0.0000 0.0000 -3.2989 -7.6788 -22.5051 2.5210 9.8759 28.5758 0.7893 1.4389 -17.3627 0.1051 -2.0901 -5.7548 0.0000 0.0000 0.0000 19.3368 24.8481 -27.1581 -2.0320 -8.9323 25.5839 0.2580 -12.7693 -14.3710 -0.0000 0.0405 -0.1112 -6.5306 -0.9672 15.5997 -5.5355 -2.6880 6.9730 -1.7013 -1.5209 -1.3002 -7.3984 7.8574 -8.4132 1.0755 11.4306 26.4535 2.6796 4.4511 9.2172 0.0000 -0.0000 0.0000 -92.4265 -36.2298 47.8653 28.7382 -39.7870 -10.5928 -0.0000 -0.0000 6.0762 36.7794 24.4938 17.2194 -7.1250 0.0000 -0.0000 8.6683 59.4026 3.0634 0.0000 -0.0000 0.0000 72.8556 20.1068 39.6696 -153.3821 37.8124 -110.7361 0.0000 -0.0000 -23.8703 -48.1901 -7.5174 8.3217 7.1250 -0.0000 -0.0000 -18.8245 -40.4324 -2.2097
2.4596 18.7410 0.0856 -6.8575 -64.2846 21.5902 0.0000 0.0000 0.0000 -4.9796 -3.9823 -22.8827 3.1369 10.9134 31.9884 0.8175 0.8205 -17.3991 0.0818 -1.8446 -5.0765 0.0000 0.0000 0.0000 19.3032 24.8651 -26.9088 -2.0736 -9.0178 25.8510 0.2578 -12.9435 -14.6958 -0.0033 -0.3732 1.0255 -6.7086 -0.6971 15.5393 -5.8573 -2.3707 7.0936 -1.9985 -1.3739 -1.1494 -7.5829 7.6147 -9.0072 1.6231 11.0887 26.8611 2.9096 4.3130 9.4360 -0.0000 0.0000 0.0000 -92.9650 -38.4203 45.5991 23.3839 -34.5060 -7.3546 -0.0000 -0.0000 7.0387 35.9659 23.6291 16.2168 -7.1250 0.0000 -0.0000 7.7696 58.2040 2.5197 -0.0000 0.0000 0.0000 74.1259 19.5218 42.2668 -149.7283 41.1251 -108.4121 0.0000 -0.0000 -21.5270 -48.3602 -7.8171 8.6976 7.1250 -0.0000 -0.0000 -19.0637 -40.8753 -2.0225
2.5108 18.7333 -0.0268 -6.8276 -64.5171 21.0223 0.0000 0.0000 0.0000 -6.1616 -0.4052 -22.9380 3.7541 11.8258 35.1183 0.7639 -0.0267 -16.5124 0.1719 -2.6711 -7.3643 0.0000 0.0000 0.0000 19.5663 25.1149 -26.5688 -2.0903 -9.0517 25.9572 0.2464 -12.7693 -14.5731 -0.0089 -0.6101 1.6766 -7.1204 -0.1011 15.4221 -6.0883 -1.6522 7.2419 -2.1346 -1.0382 -0.9282 -7.0699 7.5729 -8.7304 1.4937 10.9458 26.0736 2.7318 4.3382 9.1490 -0.0000 -0.0000 0.0000 -93.4580 -40.4623 44.7363 18.4500 -28.7295 -4.7636 -0.0000 -0.0000 8.1584 33.7035 22.4678 14.3005 -7.1250 0.0000 -0.0000 5.2802 56.3344 1.4705 -0.0000 -0.0000 0.0000 74.8708 19.4159 44.5680 -146.3946 43.7903 -106.1607 0.0000 -0.0000 -20.1454 -49.1709 -8.3183 9.5050 7.1250 -0.0000 -0.0000 -19.9595 -41.6985 -1.7011
2.5668 18.7399 -0.1146 -6.3248 -63.4983 20.4555 0.0000 0.0000 0.0000 -6.8773 1.0686 -22.9813 4.2093 12.4339 37.2846 0.5493 0.1854 -14.0717 0.0767 -1.7863 -4.9154 0.0000 0.0000 0.0000 19.6138 24.7063 -26.6805 -2.0423 -8.9537 25.6506 0.3399 -13.4280 -14.1679 -0.0017 -0.2655 0.7294 -7.4499 -0.2952 15.0535 -6.0352 -1.8910 7.2842 -1.8646 -1.1673 -0.6688 -6.8825 7.8741 -8.9313 1.3996 11.3781 25.7851 2.7081 4.5644 9.0829 0.0000 -0.0000 0.0000 -93.1425 -41.0788 46.4653 15.5923 -24.9647 -3.4721 -0.0000 -0.0000 6.8604 31.6733 20.6321 12.2652 -7.1250 0.0000 -0.0000 3.3174 53.8145 0.7195 0.0000 -0.0000 0.0000 75.3886 20.7173 47.5469 -145.1333 44.7167 -105.2805 0.0000 -0.0000 -17.5937 -48.3818 -7.5516 8.4146 7.1250 -0.0000 -0.0000 -19.0080 -40.5061 -2.1970
2.6293 18.7373 -0.1850 -6.6217 -62.6198 20.7427 0.0000 0.0000 0.0000 -7.1068 2.1839 -22.2862 4.2701 12.5115 37.5662 0.3982 -0.2772 -11.8261 0.2273 -3.0688 -8.4703 0.0000 0.0000 0.0000 19.8951 24.5651 -26.8279 -1.9792 -8.8226 25.2420 0.4391 -14.1306 -13.7641 -0.0000 0.0379 -0.1043 -7.4810 -0.6530 14.4529 -6.2559 -2.2952 7.1886 -2.0311 -1.3647 -0.4499 -5.8071 8.3737 -9.3467 1.4314 11.9151 26.2949 2.6416 4.8814 9.3777 0.0000 0.0000 0.0000 -92.5541 -40.0691 47.7731 15.1089 -24.2976 -3.2706 -0.0000 -0.0000 3.7635 29.8388 19.0284 10.5929 -7.1250 0.0000 -0.0000 1.6440 51.6548 0.2695 0.0000 0.0000 0.0000 75.6856 22.5107 52.1102 -145.1986 44.6698 -105.3264 0.0000 -0.0000 -13.0500 -46.5124 -7.2422 7.5703 7.1250 -0.0000 -0.0000 -17.2433 -39.8407 -2.2711
2.6958 18.7566 -0.2229 -5.5782 -60.5096 19.6531 0.0000 0.0000 0.0000 -7.5156 1.8622 -20.6917 3.8729 11.9894 35.6944 0.4218 -2.0913 -11.7236 0.2831 -3.4218 -9.4553 0.0000 0.0000 0.0000 19.5132 23.9795 -26.7753 -1.9289 -8.7164 24.9120 0.5479 -15.4113 -14.5968 -0.0047 -0.4421 1.2148 -7.7191 -1.4226 14.0119 -6.2659 -3.2539 7.2209 -1.7922 -1.8454 -0.1473 -5.3916 8.5933 -9.3183 1.7651 12.0565 26.5556 2.7087 5.0062 9.4575 0.0000 0.0000 0.0000 -93.1947 -38.7310 49.3735 15.5057 -24.8459 -3.4356 -0.0000 -0.0000 0.4709 28.6044 18.2322 9.6822 -7.1250 0.0000 -0.0000 0.5182 50.5451 0.0708 0.0000 0.0000 0.0000 74.5626 24.5361 56.3814 -145.9070 44.1535 -105.8222 0.0000 -0.0000 -9.0781 -44.2047 -6.6179 6.3957 7.1250 -0.0000 -0.0000 -15.0670 -38.7448 -2.3857
2.7858 18.7748 -0.2328 -5.7225 -58.7886 19.6715 0.0000 0.0000 0.0000 -7.3209 -0.3020 -18.3356 3.1832 10.9858 32.2321 0.5523 -1.4067 -13.6239 0.4470 -4.2894 -11.8922 0.0000 0.0000 0.0000 19.6967 23.1076 -26.6351 -1.8059 -8.4494 24.0877 0.6594 -16.3282 -14.6953 -0.0045 -0.4325 1.1884 -7.1886 -1.9316 13.3742 -6.5114 -3.7705 7.3041 -2.3059 -2.0908 0.2399 -4.8018 8.4726 -9.2613 2.3230 11.6360 26.8761 2.7746 4.9132 9.5689 0.0000 0.0000 0.0000 -92.6922 -37.6340 52.1177 17.1395 -27.0413 -4.1506 -0.0000 0.0000 -1.8998 27.5085 16.9707 8.6428 -7.1250 0.0000 -0.0000 -0.3624 48.9663 -0.0354 0.0000 0.0000 0.0000 73.4678 26.4549 59.7405 -147.2563 43.1321 -106.7535 0.0000 -0.0000 -5.6240 -43.5329 -7.4416 7.0148 7.1250 -0.0000 -0.0000 -14.6267 -39.7688 -1.9338
2.9116 18.7806 -0.2248 -6.2089 -56.8582 19.7463 0.0000 0.0000 0.0000 -6.6671 -3.9405 -15.6249 2.6233 10.0587 29.1671 0.7095 -0.3020 -15.8189 0.5002 -4.5340 -12.5840 0.0000 0.0000 0.0000 19.9789 22.4215 -26.3758 -1.7213 -8.2598 23.5059 0.7957 -17.4860 -15.0938 -0.0093 -0.6231 1.7123 -6.3703 -2.5187 13.6921 -6.4492 -4.4748 7.0604 -2.5723 -2.3982 -0.2454 -4.7866 8.3382 -8.9273 2.6357 11.3384 27.2071 2.8434 4.7941 9.6126 0.0000 -0.0000 0.0000 -92.0349 -36.3177 54.9116 19.2590 -29.7392 -5.1587 -0.0000 0.0000 -2.6406 26.7476 16.4354 8.1155 -7.1250 0.0000 -0.0000 -1.0169 48.2573 -0.0817 0.0000 -0.0000 0.0000 71.4613 27.7812 62.6620 -149.2879 41.4960 -108.1214 0.0000 -0.0000 -3.3325 -42.1625 -6.1346 5.5274 7.1250 -0.0000 -0.0000 -13.2062 -37.9195 -2.3514
3.0442 18.7591 -0.2145 -6.2008 -55.8579 19.4367 0.0000 0.0000 0.0000 -6.8137 -6.7876 -13.2767 2.2308 9.3312 26.8368 0.8661 0.6117 -17.8178 0.5846 -4.8956 -13.6109 0.0000 0.0000 0.0000 19.7642 21.8758 -26.7662 -1.7796 -8.3910 23.9082 0.8166 -17.7186 -15.3232 -0.0055 -0.4784 1.3145 -6.3805 -2.4450 13.5992 -6.4895 -4.3727 6.9348 -2.6219 -2.3408 -0.3307 -4.5093 7.9743 -8.6541 2.9584 10.6832 27.4485 2.8443 4.5466 9.6667 0.0000 0.0000 0.0000 -91.5088 -34.0889 56.8160 22.8969 -33.9759 -7.0806 -0.0000 0.0000 -4.1956 27.3238 17.0377 8.6082 -7.1250 0.0000 -0.0000 -0.5550 49.0101 -0.0549 0.0000 0.0000 0.0000 69.8842 28.8842 64.1649 -151.6273 39.4571 -109.6403 0.0000 -0.0000 -2.6804 -42.6426 -6.4086 5.8689 7.1250 -0.0000 -0.0000 -13.6663 -38.3200 -2.2994
3.2121 18.7519 -0.2281 -6.1732 -54.7156 19.2410 0.0000 0.0000 0.0000 -7.0174 -7.7663 -13.3168 2.1562 9.1840 26.3727 0.9522 1.1999 -18.9070 0.3883 -4.0016 -11.0812 0.0000 0.0000 0.0000 19.4339 21.5892 -27.1608 -1.7766 -8.3843 23.8876 0.9396 -18.5179 -15.1915 -0.0006 -0.1549 0.4255 -6.5416 -2.4129 13.7401 -6.3422 -4.3565 6.8367 -2.3688 -2.3291 -0.4854 -4.5993 7.6731 -8.4902 3.2687 10.1976 27.4716 2.9120 4.3518 9.6371 0.0000 -0.0000 0.0000 -91.2874 -32.3161 58.5106 26.6636 -37.8565 -9.2919 -0.0000 0.0000 -4.9536 27.8716 17.8168 9.1914 -7.1250 0.0000 -0.0000 -0.1456 49.9591 -0.0178 0.0000 -0.0000 0.0000 69.3012 29.4126 62.9869 -153.7187 37.4851 -110.9417 0.0000 -0.0000 -3.6995 -40.5669 -5.2207 4.4543 7.1250 -0.0000 -0.0000 -11.7089 -36.6155 -2.4560
3.4005 18.7301 -0.2083 -6.3455 -53.9699 19.1426 0.0000 0.0000 0.0000 -7.4298 -7.5827 -13.7227 2.1212 9.1141 26.1529 1.0710 1.3848 -20.0986 0.2958 -3.4975 -9.6670 0.0000 0.0000 0.0000 19.1077 21.3399 -27.3657 -1.7597 -8.3466 23.7718 1.0243 -19.0447 -15.0801 -0.0000 -0.0138 0.0380 -6.5559 -2.2921 13.8125 -6.2826 -4.2078 6.7234 -2.3099 -2.2488 -0.6390 -4.4390 7.4063 -8.1624 3.5618 9.7040 27.4481 2.9239 4.1765 9.5770 -0.0000 -0.0000 0.0000 -91.5559 -30.8193 59.9967 29.6357 -40.5791 -11.1719 -0.0000 0.0000 -6.1737 28.7342 19.6346 10.4384 -7.1250 0.0000 -0.0000 0.3983 52.1191 0.0698 -0.0000 -0.0000 0.0000 69.9516 29.3055 60.1457 -155.6835 35.4972 -112.1104 0.0000 -0.0000 -7.2620 -38.3054 -4.4750 3.5268 7.1250 -0.0000 -0.0000 -9.7175 -35.5349 -2.2870
3.6020 18.7189 -0.1728 -7.0365 -53.2722 19.2739 0.0000 0.0000 0.0000 -7.5828 -7.0970 -14.4552 2.2009 9.2725 26.6514 1.1691 1.2192 -20.9058 0.2012 -2.8880 -7.9670 0.0000 0.0000 0.0000 19.1464 20.8280 -27.1239 -1.6678 -8.1369 23.1308 1.0810 -19.3584 -14.8976 -0.0001 0.0555 -0.1526 -6.6271 -2.1253 14.0285 -5.9308 -4.0018 6.7038 -1.9179 -2.1459 -0.7458 -4.4016 7.1087 -7.8017 3.5586 9.2643 27.3571 2.8570 3.9829 9.4981 0.0000 0.0000 0.0000 -92.3198 -29.2189 58.3990 32.0101 -42.5552 -12.7476 -0.0000 0.0000 -4.6384 30.3413 20.8715 11.7793 -7.1250 0.0000 -0.0000 1.8498 53.8065 0.4006 0.0000 0.0000 0.0000 70.6247 28.3358 55.8836 -156.8551 34.2469 -112.7803 0.0000 -0.0000 -11.6556 -38.4213 -4.5437 3.5956 7.1250 -0.0000 -0.0000 -9.8215 -35.6272 -2.2897
3.8165 18.7142 -0.1297 -7.3166 -52.6643 19.1508 0.0000 0.0000 0.0000 -7.9473 -6.6146 -15.3266 2.2830 9.4322 27.1570 1.2139 0.8494 -21.1476 0.1557 -2.5422 -7.0067 0.0000 0.0000 0.0000 18.7139 20.8007 -26.9154 -1.6087 -7.9986 22.7097 1.1694 -19.9308 -14.9267 -0.0000 0.0410 -0.1128 -6.7085 -1.9946 14.0527 -5.7329 -3.8294 6.7302 -1.6890 -2.0635 -0.7131 -4.8078 6.9022 -7.4473 4.0663 8.8949 27.3968 3.0464 3.8272 9.4096 -0.0000 0.0000 0.0000 -91.8686 -28.2739 57.2636 32.9660 -43.3039 -13.3988 -0.0000 0.0000 -3.6713 32.2144 22.8394 13.7429 -7.1250 0.0000 -0.0000 3.5319 56.4093 0.9889 -0.0000 0.0000 0.0000 71.0933 26.7311 51.1215 -156.8016 34.3050 -112.7502 0.0000 -0.0000 -16.0073 -37.8404 -4.9464 3.8319 7.1250 -0.0000 -0.0000 -9.3732 -36.0978 -2.0739
4.0448 18.7075 -0.0745 -7.3741 -52.2002 18.8089 0.0000 0.0000 0.0000 -8.3762 -6.1676 -16.2047 2.3987 9.6514 27.8549 1.2054 0.0342 -20.7792 0.1183 -2.2177 -6.1076 0.0000 0.0000 0.0000 18.0150 20.8175 -26.4610 -1.5088 -7.7577 21.9804 1.3053 -20.7197 -14.7433 -0.0005 0.1420 -0.3902 -6.3905 -1.6563 14.0739 -5.7201 -3.3467 6.7663 -1.9187 -1.8186 -0.7137 -4.6331 6.6918 -6.9859 4.1228 8.5270 27.5614 2.9915 3.6754 9.4046 -0.0000 -0.0000 0.0000 -90.4596 -27.3486 56.5042 33.1067 -43.4119 -13.4953 -0.0000 0.0000 -3.0314 34.1719 24.4008 15.6666 -7.1250 0.0000 -0.0000 5.5128 58.6308 1.8409 -0.0000 -0.0000 0.0000 71.6588 23.5653 46.4468 -155.5081 35.6801 -112.0083 0.0000 -0.0000 -20.6168 -37.3725 -3.7688 2.8741 7.1250 -0.0000 -0.0000 -8.8731 -34.6102 -2.2860
4.2811 18.7000 -0.0206 -7.2249 -52.0277 18.0810 0.0000 0.0000 0.0000 -8.8488 -6.2958 -16.3543 2.4614 9.7674 28.2266 1.2082 -1.2475 -20.4071 0.0210 0.9352 2.5704 0.0000 0.0000 0.0000 17.2068 20.9293 -25.8265 -1.4289 -7.5586 21.3811 1.3856 -21.2655 -15.0084 -0.0001 0.0662 -0.1820 -6.4526 -1.2838 14.3707 -5.6187 -2.8917 6.8586 -1.8350 -1.5973 -0.7703 -4.7715 6.5944 -6.6786 4.1423 8.3895 27.7297 3.0019 3.5955 9.4059 0.0000 0.0000 0.0000 -88.1488 -25.9532 54.7985 33.4190 -43.6496 -13.7104 -0.0000 0.0000 -1.9379 35.9308 26.4367 17.8819 -7.1250 0.0000 -0.0000 7.3297 61.3836 2.9327 0.0000 0.0000 0.0000 72.1313 20.9802 44.3042 -153.2505 37.9393 -110.6553 0.0000 -0.0000 -24.7162 -37.1039 -2.2292 1.6853 7.1250 -0.0000 -0.0000 -8.5092 -32.6921 -2.5898
4.5376 18.6997 0.0381 -6.4686 -52.0037 17.3677 0.0000 0.0000 0.0000 -9.7652 -7.0415 -16.8304 2.4895 9.8188 28.3918 1.2220 -1.9267 -20.3501 0.1592 2.5709 7.0863 0.0000 0.0000 0.0000 15.5623 21.1763 -25.8853 -1.3826 -7.4401 21.0259 1.3230 -21.0133 -15.4518 -0.0248 -1.0175 2.7971 -6.6362 -0.9487 14.3250 -5.5408 -2.4652 6.9523 -1.7164 -1.3959 -0.6391 -4.8273 6.6285 -6.7529 3.9595 8.5067 27.8422 2.9675 3.6256 9.4631 -0.0000 0.0000 0.0000 -85.7420 -24.2399 52.3757 33.8286 -43.9573 -13.9939 -0.0000 0.0000 -1.2786 37.2048 27.4510 19.2886 -7.1250 0.0000 -0.0000 8.8388 62.8816 3.8538 -0.0000 0.0000 0.0000 72.5629 19.1030 43.9548 -150.6960 40.2893 -109.0432 0.0000 -0.0000 -28.3534 -36.2983 0.3089 -0.2269 7.1250 -0.0000 -0.0000 -7.6270 -29.5554 -2.8956
4.8052 18.6937 0.1003 -6.1956 -52.4777 17.1323 0.0000 0.0000 0.0000 -10.9420 -6.6587 -17.8558 2.5851 9.9910 28.9475 1.2273 -1.0090 -20.6386 0.0691 1.6957 4.6654 0.0000 0.0000 0.0000 14.1965 21.4341 -25.9655 -1.2915 -7.2006 20.3111 1.3768 -20.9395 -13.8482 -0.0002 0.0997 -0.2741 -6.4332 -0.2707 14.3960 -5.4188 -1.5579 7.0226 -1.8315 -0.9468 -0.6199 -4.7115 6.6487 -6.6011 3.7085 8.5870 27.6448 2.8575 3.6633 9.3812 0.0000 0.0000 0.0000 -83.5387 -22.1317 49.8366 34.7690 -44.6465 -14.6508 -0.0000 0.0000 -0.4324 37.8945 27.9213 20.0246 -7.1250 0.0000 -0.0000 9.7119 63.6100 4.4040 0.0000 0.0000 0.0000 73.1034 17.4295 44.5522 -148.7684 41.9260 -107.7757 0.0000 -0.0000 -31.0705 -36.0494 2.3191 -1.6871 7.1250 -0.0000 -0.0000 -7.2359 -27.0936 -3.1698
5.0848 18.7006 0.1247 -7.5868 -52.9696 19.0535 0.0000 0.0000 0.0000 -10.7848 -5.6210 -20.3806 2.7310 10.2463 29.7782 1.1731 -0.6643 -20.2707 0.0263 1.0467 2.8774 0.0000 0.0000 0.0000 13.1803 22.9265 -26.4394 -1.1252 -6.7378 18.9408 1.3438 -20.5538 -12.9732 -0.0014 0.2456 -0.6747 -5.9036 0.3102 13.9541 -4.6864 -0.6601 6.9448 -1.4857 -0.4958 -0.4804 -4.7972 6.7215 -6.9965 3.0918 8.9033 27.6891 2.7112 3.7414 9.4921 0.0000 0.0000 0.0000 -81.9529 -19.9897 46.1614 35.9563 -45.4831 -15.4913 -0.0000 0.0000 -0.0242 39.2674 28.9322 21.5791 -7.1250 0.0000 -0.0000 11.5462 65.1564 5.6615 0.0000 0.0000 0.0000 73.6280 17.0826 46.8517 -147.0464 43.2943 -106.6098 0.0000 -0.0000 -33.4113 -36.2794 3.3573 -2.4614 7.1250 -0.0000 -0.0000 -7.3001 -25.8089 -3.4199
5.3289 18.7285 0.2010 -7.2318 -54.2780 18.5540 0.0000 0.0000 0.0000 -12.2067 -4.7104 -20.2969 2.6135 10.0415 29.1111 1.1422 0.1598 -20.2690 0.0602 -1.5837 -4.3564 0.0000 0.0000 0.0000 11.0124 23.6006 -25.4314 -0.9745 -6.2843 17.6116 0.7900 -17.0217 -13.8959 -0.0019 0.2808 -0.7716 -6.4824 1.2724 13.7676 -4.4097 0.5560 7.2240 -1.0424 0.0715 -0.1058 -3.9371 6.8334 -6.4207 1.8010 9.2140 27.0689 2.1185 3.8643 9.2747 -0.0000 0.0000 0.0000 -80.4633 -18.1374 42.2044 36.3565 -45.7568 -15.7774 -0.0000 -0.0000 0.3780 40.7038 29.1508 22.7354 -7.1250 0.0000 -0.0000 13.6880 65.8373 6.9435 -0.0000 0.0000 0.0000 74.2866 17.6137 49.9034 -144.4794 45.1803 -104.8186 0.0000 -0.0000 -34.8268 -36.8348 3.4600 -2.5883 7.1250 -0.0000 -0.0000 -7.7038 -25.6514 -3.6408
5.5499 18.7473 0.2284 -9.1467 -54.7520 20.1765 0.0000 0.0000 0.0000 -11.7394 -3.9484 -21.3437 2.6866 10.1695 29.5273 1.0891 0.7080 -19.9929 0.0484 -1.4203 -3.9060 0.0000 0.0000 0.0000 10.1801 24.6321 -23.5035 -0.7183 -5.4159 15.0986 0.1485 -12.9408 -16.4126 -0.0776 1.7964 -4.9434 -6.0968 2.0748 13.4989 -3.7255 1.6971 7.2002 -0.6906 0.6389 -0.0328 -3.9422 6.5370 -6.2629 2.3976 8.6443 27.7301 2.2861 3.6423 9.4626 0.0000 0.0000 0.0000 -78.8912 -16.8912 38.6258 34.8501 -44.7048 -14.7078 -0.0000 -0.0000 0.1837 40.2382 29.6712 22.7284 -7.1250 0.0000 -0.0000 12.9411 66.2849 6.6920 0.0000 0.0000 0.0000 75.8772 18.3526 52.8814 -140.5842 47.7199 -101.9942 0.0000 -0.0000 -34.8652 -37.2262 2.6844 -2.0379 7.1250 -0.0000 -0.0000 -8.0863 -26.5912 -3.6453
5.7222 18.7939 0.2376 -9.7186 -55.0894 20.3663 0.0000 0.0000 0.0000 -11.9593 -4.3460 -21.1905 2.6411 10.0901 29.2689 1.0025 2.6852 -20.0610 0.1091 -2.1295 -5.8636 0.0000 0.0000 0.0000 9.3067 24.2433 -22.1503 -0.6962 -5.3337 14.8629 -0.2615 -7.8856 -15.5742 -0.5920 4.9259 -13.6974 -6.6536 2.7541 13.1918 -3.4484 2.5591 7.2893 -0.1976 1.0396 0.1681 -3.4954 6.1329 -6.4755 2.5771 7.9764 28.4967 2.2498 3.3730 9.8129 -0.0000 -0.0000 0.0000 -75.9322 -17.2664 35.4897 31.2436 -41.9358 -12.2323 -0.0000 0.0000 -0.3988 40.2547 28.8204 22.2036 -7.1250 0.0000 -0.0000 13.0226 65.3260 6.4472 -0.0000 -0.0000 0.0000 78.1832 19.6790 56.6002 -135.5838 50.4792 -98.2126 0.0000 -0.0000 -34.8257 -37.6903 1.9926 -1.5388 7.1250 -0.0000 -0.0000 -8.5180 -27.4325 -3.6736
5.8699 18.8266 0.2179 -10.8789 -54.9073 20.7190 0.0000 0.0000 0.0000 -11.4985 -4.5507 -21.0380 2.6742 10.1480 29.4572 1.0056 3.0402 -20.2694 0.0153 -0.7997 -2.1978 0.0000 0.0000 0.0000 10.2903 21.5510 -21.8625 -1.0097 -6.3935 17.9304 -0.3159 -5.1063 -13.7310 -0.8141 5.7577 -16.0831 -6.8511 3.3892 13.4781 -3.0075 3.3449 7.2408 0.2490 1.4241 -0.1058 -3.6822 5.6047 -6.7658 3.1714 7.1335 29.1643 2.4428 3.0145 10.1042 0.0000 0.0000 0.0000 -73.0844 -17.6839 33.4342 27.6013 -38.7466 -9.8731 -0.0000 0.0000 -0.6112 38.7501 27.7513 20.4914 -7.1250 0.0000 -0.0000 10.9258 63.6654 4.9748 0.0000 0.0000 0.0000 80.0098 20.8227 60.6850 -130.0973 52.9562 -93.9035 0.0000 -0.0000 -34.0462 -37.6301 1.6958 -1.3070 7.1250 -0.0000 -0.0000 -8.5068 -27.8052 -3.5930
5.9936 18.8395 0.1743 -11.8625 -54.5531 21.1951 0.0000 0.0000 0.0000 -10.9029 -4.7752 -21.3666 2.7506 10.2800 29.8882 0.9980 3.1461 -20.2537 0.0000 -0.0334 -0.0916 0.0000 0.0000 0.0000 11.2080 19.2253 -21.9584 -1.6173 -8.0188 22.7711 -0.3717 -5.2446 -14.6432 -0.8228 5.7874 -16.1689 -6.6905 3.7998 13.3822 -2.9880 3.9111 7.2848 0.1060 1.7061 -0.0302 -3.7935 5.1731 -7.3732 3.6532 6.4723 29.2867 2.5958 2.7585 10.2664 0.0000 -0.0000 0.0000 -70.2871 -19.4623 30.7973 23.2626 -34.3747 -7.2860 -0.0000 0.0000 -0.3846 38.1709 26.2574 19.1763 -7.1250 0.0000 -0.0000 10.2797 61.7974 4.2258 0.0000 -0.0000 0.0000 82.5159 22.4045 65.2058 -124.6369 54.9421 -89.4870 0.0000 -0.0000 -32.0884 -39.0739 1.4501 -1.1771 7.1250 -0.0000 -0.0000 -9.6386 -28.0647 -4.0231
6.0957 18.8652 0.1128 -12.5125 -54.0280 21.4196 0.0000 0.0000 0.0000 -10.4014 -4.9535 -21.5138 2.7559 10.2890 29.9179 0.9542 3.4476 -20.0032 0.0000 -0.0167 -0.0458 0.0000 0.0000 0.0000 11.8420 17.6813 -21.9784 -2.4887 -9.8174 28.3874 -0.1699 -8.5431 -15.0007 -0.2947 3.4909 -9.6486 -6.5736 4.1871 13.4793 -3.1146 4.4138 7.1987 -0.1718 1.9660 -0.1796 -3.7156 4.9157 -7.0868 3.7172 6.1049 28.4109 2.5323 2.6392 9.9045 0.0000 -0.0000 0.0000 -68.3116 -21.5641 27.8376 19.3303 -29.8271 -5.1941 -0.0000 0.0000 -0.1167 35.8154 22.7350 15.5832 -7.1250 0.0000 -0.0000 7.6853 57.1417 2.2952 0.0000 -0.0000 0.0000 84.9974 23.4232 69.7533 -120.5953 56.1492 -86.1538 0.0000 -0.0000 -29.0017 -40.4311 2.7066 -2.3039 7.1250 -0.0000 -0.0000 -10.4873 -26.3958 -4.8074
6.1862 18.9089 0.0303 -12.7634 -53.0843 21.7729 0.0000 0.0000 0.0000 -9.8154 -5.4978 -21.8840 2.6513 10.1079 29.3268 0.8668 3.6012 -19.2450 0.0006 0.1602 0.4402 0.0000 0.0000 0.0000 11.9217 17.2988 -22.0098 -3.4208 -11.3470 33.4592 0.2839 -12.8395 -14.0394 -0.0477 -1.4099 3.8773 -6.5308 4.3686 13.3461 -3.3208 4.6643 7.1095 -0.4408 2.0986 -0.1932 -3.5798 4.7067 -7.1678 3.6786 5.8437 27.6255 2.4514 2.5589 9.6531 -0.0000 0.0000 0.0000 -67.3072 -24.2908 23.9471 15.9517 -25.4551 -3.6252 -0.0000 -0.0000 1.9021 33.6387 20.4864 13.1088 -7.1250 0.0000 -0.0000 5.4656 54.0659 1.2207 -0.0000 0.0000 0.0000 87.4722 25.0451 74.1899 -117.0359 57.0494 -83.1818 0.0000 -0.0000 -24.7793 -40.7238 3.9118 -3.3610 7.1250 -0.0000 -0.0000 -10.5209 -24.8201 -5.2169
6.2547 18.9404 -0.0376 -12.7625 -52.4438 21.8815 0.0000 0.0000 0.0000 -9.5574 -5.7881 -22.1637 2.5446 9.9185 28.7133 0.7783 3.8141 -18.4741 0.0002 0.0822 0.2259 0.0000 0.0000 0.0000 12.2431 16.7517 -21.4712 -3.9539 -12.0989 36.0826 1.0985 -18.2320 -8.4912 -0.0455 -1.3764 3.7850 -7.0445 4.5621 13.1568 -3.4391 4.8734 7.0606 -0.3017 2.1916 -0.1778 -3.9256 4.5819 -7.3958 3.9837 5.6884 27.2358 2.5967 2.5026 9.5391 0.0000 -0.0000 0.0000 -67.2527 -26.9736 20.3597 13.1601 -21.5214 -2.5117 -0.0000 -0.0000 4.1954 32.1970 17.5443 10.7473 -7.1250 0.0000 -0.0000 4.2543 50.4175 0.5689 0.0000 -0.0000 0.0000 89.0290 26.5038 78.1416 -115.7360 57.3431 -82.0892 0.0000 -0.0000 -20.2384 -40.0587 2.8893 -2.4270 7.1250 -0.0000 -0.0000 -10.1827 -26.1822 -4.7152
6.3230 18.9608 -0.1007 -12.0899 -52.3622 21.5297 0.0000 0.0000 0.0000 -9.8781 -6.4494 -22.2977 2.4752 9.7926 28.3077 0.7275 4.3236 -18.2527 0.0050 0.4563 1.2539 0.0000 0.0000 0.0000 11.6739 16.7804 -19.7822 -3.8840 -12.0045 35.7478 1.5003 -21.0619 -8.0330 -0.0442 1.3562 -3.7294 -7.8623 4.7320 12.8818 -4.0843 5.0087 7.0407 -0.5286 2.2402 -0.0568 -3.6788 4.6224 -7.5273 4.2753 5.6481 26.9622 2.6476 2.5481 9.4643 0.0000 0.0000 0.0000 -66.7399 -29.5398 19.2191 11.1962 -18.5884 -1.8380 -0.0000 -0.0000 4.6161 31.4862 15.2352 9.1431 -7.1250 0.0000 -0.0000 3.7472 47.6568 0.2460 0.0000 0.0000 0.0000 90.4869 27.6685 81.0106 -116.5391 57.1638 -82.7647 0.0000 -0.0000 -15.9841 -40.8186 3.0315 -2.6154 7.1250 -0.0000 -0.0000 -10.7265 -25.9528 -5.0340
6.3956 18.9726 -0.2216 -15.5080 -51.6798 24.6815 0.0000 0.0000 0.0000 -6.9971 -6.1036 -23.7515 2.5708 9.9654 28.8649 0.6916 4.0499 -17.6971 0.0009 0.1934 0.5315 0.0000 0.0000 0.0000 14.0200 18.0246 -17.7921 -3.2421 -11.0771 32.5403 1.6689 -22.1493 -7.7642 -0.2903 3.4649 -9.5758 -6.7807 4.6363 12.6439 -3.9719 5.0319 6.8329 -0.9938 2.2885 -0.0828 -3.5899 4.7979 -7.6117 4.4858 5.8331 26.7582 2.7174 2.6677 9.3934 -0.0000 0.0000 0.0000 -67.4617 -31.0328 20.7402 10.5853 -17.6498 -1.6480 -0.0000 -0.0000 2.8227 31.6054 15.2714 9.2061 -7.1250 0.0000 -0.0000 3.8611 47.7171 0.2592 -0.0000 0.0000 0.0000 91.2367 29.2131 83.2984 -117.6822 56.8966 -83.7237 0.0000 -0.0000 -11.1525 -40.0234 3.4540 -2.8964 7.1250 -0.0000 -0.0000 -10.0742 -25.4600 -4.8362
6.4655 19.0058 -0.2718 -16.5960 -52.6153 25.8593 0.0000 0.0000 0.0000 -6.4385 -6.9290 -23.7800 2.6023 10.0215 29.0465 0.6589 5.9098 -18.6108 0.0346 -1.2002 -3.3000 0.0000 0.0000 0.0000 13.9425 19.0773 -16.6102 -2.6829 -10.1632 29.5068 1.6034 -21.7490 -7.3211 -0.3020 3.5333 -9.7673 -7.1051 4.6786 11.8877 -4.8016 5.1038 6.7777 -1.6355 2.3161 0.3172 -2.8965 5.2480 -7.4532 4.6666 6.2779 26.6355 2.6923 2.9531 9.3173 0.0000 0.0000 0.0000 -68.8951 -32.0774 20.9248 10.8394 -18.0416 -1.7258 -0.0000 0.0000 -0.4023 34.1657 13.6081 9.0729 -7.1250 0.0000 -0.0000 6.4274 46.1869 0.1890 0.0000 0.0000 0.0000 91.4678 30.5326 83.2614 -119.3009 56.4934 -85.0766 0.0000 -0.0000 -7.5696 -40.1136 1.5976 -1.3455 7.1250 -0.0000 -0.0000 -10.4098 -27.8387 -4.4112
6.5530 19.0228 -0.3295 -21.7959 -52.8190 30.1216 0.0000 0.0000 0.0000 -2.9898 -7.0559 -24.0230 2.7119 10.2135 29.6708 0.6678 6.9575 -19.5077 0.0157 -0.8083 -2.2216 0.0000 0.0000 0.0000 16.9689 18.8176 -16.2352 -2.2879 -9.4417 27.1871 1.5054 -21.3211 -4.7851 -0.3884 4.0022 -11.0828 -5.5758 4.6051 11.6599 -4.6117 5.1848 6.5573 -2.2725 2.4028 0.3066 -2.6997 5.7806 -7.3659 4.9715 6.8807 26.8609 2.8200 3.2665 9.3479 0.0000 -0.0000 0.0000 -71.4764 -32.3001 21.5007 12.2586 -20.1913 -2.1907 -0.0000 0.0000 -3.6034 35.9170 13.9223 9.8861 -7.1250 0.0000 -0.0000 8.1280 46.8344 0.3703 0.0000 -0.0000 0.0000 90.1123 30.9711 80.5509 -122.4051 55.6342 -87.6523 0.0000 -0.0000 -6.9634 -41.1785 -1.4555 1.2729 7.1250 -0.0000 -0.0000 -11.6807 -31.7716 -3.8503
6.6487 19.0557 -0.4227 -24.2817 -53.9233 32.0834 0.0000 0.0000 0.0000 -1.8355 -6.6766 -23.6224 2.6577 10.1191 29.3633 0.7025 7.3187 -20.1461 0.0436 1.3477 3.7061 0.0000 0.0000 0.0000 17.8523 18.0186 -16.9599 -2.1648 -9.2012 26.4266 1.2305 -19.6965 -2.5985 -0.3880 3.9997 -11.0759 -6.6882 4.4956 11.7696 -4.6118 4.8972 6.4732 -1.6414 2.2276 0.0745 -2.8787 6.5984 -7.1254 4.8620 8.0514 26.6036 2.8911 3.7718 9.1571 -0.0000 -0.0000 0.0000 -73.9662 -32.5250 22.0840 13.9501 -22.6633 -2.8089 -0.0000 0.0000 -5.6222 37.6466 15.0139 11.3008 -7.1250 0.0000 -0.0000 9.8732 48.4415 0.8458 -0.0000 -0.0000 0.0000 87.8669 31.0712 76.8673 -125.4064 54.6881 -90.1159 0.0000 -0.0000 -8.1059 -40.4137 -2.8476 2.4223 7.1250 -0.0000 -0.0000 -11.2639 -33.5574 -3.2131
6.7481 19.0985 -0.4750 -26.1059 -54.8047 33.4208 0.0000 0.0000 0.0000 -1.1754 -6.9547 -22.8306 2.5765 9.9757 28.8982 0.7231 7.9897 -20.8935 0.0390 1.2741 3.5033 0.0000 0.0000 0.0000 18.0522 18.7763 -16.9674 -2.0463 -8.9619 25.6763 1.0917 -19.3997 0.2019 -0.4009 4.0651 -11.2598 -7.3538 4.2851 11.7139 -4.8362 4.5453 6.5776 -1.4603 2.0265 0.1956 -2.8914 7.3524 -7.1590 4.9603 9.0600 26.5207 3.0065 4.2392 9.0833 -0.0000 0.0000 0.0000 -75.9664 -33.3542 24.1152 14.9786 -24.1163 -3.2172 -0.0000 0.0000 -6.0879 38.1259 16.5099 12.5731 -7.1250 0.0000 -0.0000 10.4177 50.3359 1.3831 -0.0000 0.0000 0.0000 84.8217 31.2117 73.1638 -128.5346 53.5697 -92.6512 0.0000 -0.0000 -8.9966 -41.2132 -4.3410 3.7928 7.1250 -0.0000 -0.0000 -12.1314 -35.5202 -2.8789
6.8518 19.1176 -0.5304 -26.9437 -54.8280 33.7987 0.0000 0.0000 0.0000 -0.5923 -7.5972 -22.0788 2.4616 9.7678 28.2281 0.7296 8.1882 -21.1206 0.0765 1.7845 4.9104 0.0000 0.0000 0.0000 17.9552 19.7994 -17.0834 -2.0620 -8.9940 25.7766 0.9707 -19.1034 1.9854 -0.4256 4.1870 -11.6034 -6.9136 3.7957 11.7515 -5.6168 3.9250 6.7717 -2.4398 1.7268 0.4818 -1.7696 8.0370 -6.7511 4.9449 9.7988 26.2390 2.8490 4.6783 8.9437 -0.0000 -0.0000 0.0000 -77.2442 -34.6588 26.0353 15.1826 -24.3998 -3.3010 -0.0000 0.0000 -5.9928 38.5574 16.2744 12.5914 -7.1250 0.0000 -0.0000 10.8602 50.1377 1.3897 -0.0000 -0.0000 0.0000 83.2702 31.8853 70.9309 -130.9121 52.6210 -94.5524 0.0000 -0.0000 -9.2520 -40.6540 -5.0467 4.3200 7.1250 -0.0000 -0.0000 -11.7595 -36.3978 -2.5307
6.9406 19.1337 -0.5608 -26.3582 -54.9041 33.0682 0.0000 0.0000 0.0000 -1.0034 -7.9045 -21.5856 2.3257 9.5138 27.4162 0.5891 8.8330 -20.3032 0.1493 2.4897 6.8611 0.0000 0.0000 0.0000 17.2183 19.7127 -17.6941 -2.1375 -9.1467 26.2555 0.8838 -19.0277 3.3595 -0.4377 4.2451 -11.7673 -7.5619 3.4657 12.0507 -5.9246 3.3636 6.5562 -2.3617 1.4441 0.0848 -1.0864 8.5962 -6.1132 4.6990 10.4732 26.6707 2.6978 5.0022 9.0116 0.0000 -0.0000 0.0000 -79.2102 -35.9750 28.5194 14.2989 -23.1605 -2.9447 -0.0000 0.0000 -5.1603 37.7323 15.9323 11.9918 -7.1250 0.0000 -0.0000 9.9904 49.5639 1.1343 0.0000 -0.0000 0.0000 81.3078 31.7546 69.7891 -133.0382 51.6941 -96.2316 0.0000 -0.0000 -8.5035 -40.9225 -4.4001 3.8052 7.1250 -0.0000 -0.0000 -11.8969 -35.5808 -2.8033
7.0169 19.1502 -0.5649 -26.2023 -54.0541 32.8215 0.0000 0.0000 0.0000 -0.6111 -9.5951 -21.1500 2.2476 9.3638 26.9402 0.5472 9.4708 -20.4735 0.1497 2.4930 6.8701 0.0000 0.0000 0.0000 17.2438 19.5405 -17.8086 -2.1077 -9.0870 26.0678 0.9583 -19.7941 3.5089 -0.4359 4.2365 -11.7430 -6.9971 2.9041 12.2103 -5.9162 2.6710 6.3456 -2.5879 1.1304 -0.1952 -1.1621 9.1071 -6.0563 5.0237 11.0749 27.5793 2.9016 5.2720 9.2745 0.0000 -0.0000 0.0000 -81.6578 -37.3430 30.8733 13.8560 -22.5285 -2.7727 -0.0000 0.0000 -3.8537 36.4746 15.1996 10.9693 -7.1250 0.0000 -0.0000 8.6945 48.4536 0.7459 0.0000 -0.0000 0.0000 79.9794 31.2215 68.3408 -134.9887 50.7740 -97.7525 0.0000 -0.0000 -7.6402 -40.3275 -3.6423 3.0869 7.1250 -0.0000 -0.0000 -11.2998 -34.5757 -2.9393
7.0675 19.1685 -0.5600 -25.3818 -53.2425 31.6382 0.0000 0.0000 0.0000 -0.9045 -10.1328 -20.7156 2.1930 9.2570 26.6025 0.4280 9.7925 -19.5490 0.1000 2.0397 5.6153 0.0000 0.0000 0.0000 17.1535 19.6471 -16.9256 -2.0471 -8.9635 25.6814 1.1041 -20.9022 3.2445 -0.5160 4.6042 -12.7829 -6.2075 2.5813 12.3856 -6.4003 2.3087 6.4856 -3.4976 0.9718 -0.0914 -0.6615 9.4904 -5.9431 5.6159 11.3756 27.6526 3.0413 5.5161 9.2620 0.0000 0.0000 0.0000 -81.9963 -38.9333 36.5065 14.4505 -23.3751 -3.0046 -0.0000 0.0000 -5.2808 35.1763 15.4052 10.6045 -7.1250 0.0000 -0.0000 7.3896 48.4687 0.6355 0.0000 0.0000 0.0000 79.4500 30.2193 64.4846 -137.7548 49.3452 -99.8737 0.0000 -0.0000 -8.6983 -38.3948 -3.2428 2.5667 7.1250 -0.0000 -0.0000 -9.6624 -33.9930 -2.6407
7.1079 19.1829 -0.5484 -24.3330 -51.5558 30.6884 0.0000 0.0000 0.0000 -0.6716 -11.4515 -20.6026 2.0627 8.9954 25.7811 0.3815 9.5596 -18.7986 0.1628 2.5993 7.1652 0.0000 0.0000 0.0000 17.3059 19.2015 -16.5606 -1.9855 -8.8359 25.2833 1.1990 -21.7894 3.4597 -0.4522 4.3140 -11.9616 -5.3419 1.8611 11.9964 -6.3740 1.5243 6.4865 -3.8410 0.6111 0.1239 -0.6743 9.9401 -5.5918 5.6996 11.9631 27.9106 3.1077 5.7822 9.2607 -0.0000 0.0000 0.0000 -82.4085 -38.2331 41.7260 17.0227 -26.8877 -4.0976 -0.0000 0.0000 -6.2075 35.5527 15.8250 11.0284 -7.1250 0.0000 -0.0000 7.7623 49.0310 0.7759 -0.0000 0.0000 0.0000 78.3900 28.9018 58.9419 -140.8946 47.5308 -102.2235 0.0000 -0.0000 -12.2874 -36.7547 -2.4362 1.8183 7.1250 -0.0000 -0.0000 -8.2459 -32.9404 -2.4583
7.1406 19.2016 -0.5352 -23.3852 -50.2798 29.6710 0.0000 0.0000 0.0000 -0.7950 -11.9694 -20.3848 1.9463 8.7533 25.0267 0.3273 9.1242 -17.7147 0.1497 2.4930 6.8701 0.0000 0.0000 0.0000 17.2896 19.0403 -15.9997 -1.9341 -8.7275 24.9465 1.4348 -23.2499 2.8500 -0.4444 4.2770 -11.8573 -5.3822 1.4084 12.1896 -5.9287 0.9254 6.2289 -3.2791 0.3230 -0.2801 -1.1266 10.3895 -5.2519 5.6654 12.6376 28.5003 3.2241 6.0237 9.3517 -0.0000 0.0000 0.0000 -83.4087 -36.3530 44.8669 21.0372 -31.8717 -6.0696 -0.0000 0.0000 -6.6797 35.6646 18.0854 12.5592 -7.1250 0.0000 -0.0000 7.8223 51.7123 1.2996 -0.0000 0.0000 0.0000 77.0797 27.1626 52.1035 -143.7012 45.7176 -104.2640 0.0000 -0.0000 -17.7880 -35.0612 -2.4791 1.7387 7.1250 -0.0000 -0.0000 -6.8758 -32.9529 -2.0421
7.1827 19.2212 -0.5065 -22.7047 -49.4019 28.8348 0.0000 0.0000 0.0000 -1.1269 -12.2287 -19.9536 1.8448 8.5350 24.3512 0.2844 8.7715 -16.8107 0.0878 1.9112 5.2603 0.0000 0.0000 0.0000 17.1329 18.6080 -15.6595 -1.9004 -8.6555 24.7234 1.5346 -24.1249 3.1883 -0.4095 4.1077 -11.3799 -5.3662 1.2261 12.3544 -5.6355 0.6858 6.1141 -2.9516 0.2099 -0.4993 -1.2293 10.4697 -5.2738 5.3288 12.8531 28.7879 3.1630 6.0702 9.4710 -0.0000 0.0000 0.0000 -84.0786 -34.0782 46.7938 26.3757 -37.5773 -9.1158 -0.0000 0.0000 -7.0099 35.4952 21.4282 14.6034 -7.1250 0.0000 -0.0000 7.4368 55.5617 1.9355 -0.0000 0.0000 0.0000 76.0872 25.2240 44.5998 -145.9604 44.1140 -105.8594 0.0000 -0.0000 -24.3132 -33.9021 -2.7619 1.8547 7.1250 -0.0000 -0.0000 -5.9508 -33.2641 -1.7197
7.2458 19.2408 -0.4939 -22.0548 -48.1384 27.9797 0.0000 0.0000 0.0000 -1.1240 -13.4929 -19.5459 1.7736 8.3776 23.8669 0.2686 8.6795 -16.5099 0.1654 2.6205 7.2238 0.0000 0.0000 0.0000 17.0181 17.8613 -15.4981 -1.8850 -8.6223 24.6207 1.6355 -24.7200 3.0098 -0.3701 3.9076 -10.8167 -5.2026 1.0061 13.0670 -5.1660 0.3744 6.1054 -2.5184 0.0631 -0.9012 -2.1091 10.2517 -5.8126 5.5709 12.6627 28.8064 3.3980 5.9316 9.4961 0.0000 0.0000 0.0000 -84.2971 -32.0739 48.9365 32.3193 -42.8002 -12.9572 -0.0000 0.0000 -8.2599 34.4202 24.0106 15.5798 -7.1250 0.0000 -0.0000 5.8741 58.2524 1.9086 0.0000 0.0000 0.0000 74.6682 23.5057 38.2996 -148.4127 42.2157 -107.5374 0.0000 -0.0000 -29.8055 -33.4572 -2.8004 1.8492 7.1250 -0.0000 -0.0000 -5.5902 -33.2979 -1.6100
7.3036 19.2336 -0.4572 -22.0741 -47.8991 28.5117 0.0000 0.0000 0.0000 -0.9267 -13.9282 -20.2177 1.7632 8.3544 23.7958 0.3295 8.2660 -16.8553 0.3404 3.7490 10.3716 0.0000 0.0000 0.0000 16.5761 18.1005 -16.4353 -1.9334 -8.7260 24.9418 1.7221 -25.2426 2.9165 -0.4004 4.0627 -11.2531 -4.9111 1.0605 12.4103 -4.9046 0.5474 5.9217 -2.4199 0.1575 -0.7415 -2.3459 9.8632 -6.1435 4.9992 12.3468 28.4184 3.2244 5.7248 9.4607 0.0000 -0.0000 0.0000 -84.5060 -29.9778 49.1720 37.6821 -46.6351 -16.7341 -0.0000 0.0000 -6.5013 34.0608 27.1256 17.1314 -7.1250 0.0000 -0.0000 4.7973 61.6484 1.9462 0.0000 -0.0000 0.0000 73.7298 22.0223 33.7319 -150.4485 40.5058 -108.8829 0.0000 -0.0000 -34.1556 -33.5457 -4.1169 2.7252 7.1250 -0.0000 -0.0000 -5.7249 -34.8703 -1.4299
7.3503 19.2259 -0.4378 -21.7991 -47.5345 28.4714 0.0000 0.0000 0.0000 -1.1128 -13.3930 -21.0008 1.7923 8.4193 23.9950 0.3341 7.4763 -16.1308 0.3104 3.5820 9.9034 0.0000 0.0000 0.0000 16.3705 17.7873 -17.0289 -1.9986 -8.8631 25.3680 1.6986 -25.2455 3.2286 -0.4882 4.4803 -12.4319 -4.7760 1.0489 12.2001 -4.5406 0.5845 5.9524 -2.1145 0.1760 -0.5996 -2.9331 9.6181 -6.3998 4.5204 12.2606 27.6850 3.1307 5.6141 9.2464 0.0000 0.0000 0.0000 -84.0664 -27.5387 47.4343 44.3432 -50.4427 -21.7312 -0.0000 0.0000 -4.6082 34.4021 30.0711 18.9381 -7.1250 0.0000 -0.0000 4.3747 64.9886 2.1167 0.0000 0.0000 0.0000 73.4158 21.0145 30.9956 -151.4819 39.5889 -109.5478 0.0000 -0.0000 -38.2100 -32.0865 -4.9164 3.0757 7.1250 -0.0000 -0.0000 -4.5330 -35.7465 -1.0335
7.3932 19.2171 -0.4182 -20.9277 -47.7619 27.5850 0.0000 0.0000 0.0000 -2.0321 -13.4670 -20.7621 1.7742 8.3789 23.8710 0.3133 7.6186 -15.9989 0.3024 3.5357 9.7740 0.0000 0.0000 0.0000 15.6117 17.9680 -16.9199 -2.0519 -8.9733 25.7118 1.7972 -25.6109 2.6850 -0.4322 4.2187 -11.6929 -5.0049 1.2285 12.4588 -4.4921 0.7722 5.9572 -1.9642 0.2648 -0.7363 -3.1012 9.4187 -6.3281 4.2487 12.0876 27.2915 3.0316 5.5104 9.1108 -0.0000 -0.0000 0.0000 -82.4638 -25.0933 45.2819 49.7700 -52.9023 -25.9906 -0.0000 0.0000 -3.3313 34.8741 31.3060 19.9070 -7.1250 0.0000 -0.0000 4.5866 66.4748 2.3768 -0.0000 -0.0000 0.0000 74.1795 20.3666 31.3252 -151.5929 39.4884 -109.6184 0.0000 -0.0000 -39.9276 -32.6448 -5.5971 3.5753 7.1250 -0.0000 -0.0000 -5.0194 -36.5785 -1.0428
7.4190 19.2137 -0.4243 -20.8877 -47.8842 27.9064 0.0000 0.0000 0.0000 -2.0886 -13.0635 -21.5060 1.8019 8.4406 24.0607 0.3418 7.0898 -15.8626 0.2229 3.0390 8.3874 0.0000 0.0000 0.0000 15.5131 18.7275 -17.0447 -2.0260 -8.9200 25.5453 1.8511 -26.0263 2.8465 -0.3685 3.8991 -10.7930 -5.0108 1.5654 12.3549 -4.1742 1.2291 5.8353 -1.6861 0.4927 -0.8167 -3.4934 9.1051 -6.3564 4.1406 11.7528 27.1929 3.0286 5.3168 9.0766 -0.0000 0.0000 0.0000 -81.0777 -23.1180 42.0650 52.6127 -53.9964 -28.2745 -0.0000 0.0000 -1.8887 34.5559 31.5636 19.8245 -7.1250 0.0000 -0.0000 4.0285 66.6589 2.1042 -0.0000 0.0000 0.0000 75.5538 20.0183 34.4848 -150.9213 40.0905 -109.1886 0.0000 -0.0000 -38.8670 -34.3851 -5.6628 3.8630 7.1250 -0.0000 -0.0000 -6.4984 -36.7633 -1.3234
7.4358 19.2152 -0.4026 -20.6711 -48.2448 27.8844 0.0000 0.0000 0.0000 -2.5095 -12.8909 -21.5217 1.7855 8.4042 23.9488 0.3366 7.2227 -15.9203 0.2309 3.0926 8.5366 0.0000 0.0000 0.0000 15.3289 18.8818 -16.8048 -1.9773 -8.8185 25.2293 2.0950 -26.7648 1.2260 -0.2404 3.1551 -8.7109 -5.0674 1.9100 12.1403 -3.9779 1.7021 5.9464 -1.5031 0.7192 -0.5948 -3.6107 8.6377 -6.5741 3.7983 11.2307 27.1051 2.9040 5.0369 9.1257 0.0000 0.0000 0.0000 -78.9150 -21.7116 37.8908 52.5711 -53.9813 -28.2408 -0.0000 0.0000 -0.9361 34.0466 31.6899 19.5427 -7.1250 0.0000 -0.0000 3.2483 66.6425 1.6950 0.0000 0.0000 0.0000 77.4877 20.0128 40.4619 -149.4941 41.3231 -108.2578 0.0000 -0.0000 -36.5510 -35.5198 -4.2796 3.0491 7.1250 -0.0000 -0.0000 -7.3759 -35.1553 -1.7958
7.4613 19.2153 -0.4192 -20.0203 -48.5470 27.5687 0.0000 0.0000 0.0000 -3.0688 -12.7456 -21.7088 1.7469 8.3177 23.6834 0.2426 7.9622 -15.3941 0.1107 2.1449 5.9064 0.0000 0.0000 0.0000 14.9251 18.8970 -17.0043 -1.9452 -8.7511 25.0196 2.2842 -27.4770 0.3200 -0.1888 2.7981 -7.7172 -5.3308 2.3587 12.5183 -3.7982 2.2285 5.9146 -1.2510 0.9760 -0.8530 -4.0117 7.9360 -6.8125 3.5594 10.4078 27.2185 2.8416 4.5946 9.2369 -0.0000 0.0000 0.0000 -76.5619 -20.7114 33.6374 49.6128 -52.8382 -25.8653 -0.0000 0.0000 -0.6526 32.5755 30.6815 18.0571 -7.1250 0.0000 -0.0000 1.6536 65.1213 0.8046 -0.0000 0.0000 0.0000 79.7374 20.1493 47.6981 -146.9529 43.3662 -106.5456 0.0000 -0.0000 -33.3165 -37.7139 -2.6886 2.0774 7.1250 -0.0000 -0.0000 -9.0486 -33.2779 -2.6278
7.4917 19.2169 -0.4294 -19.5924 -48.5582 27.4783 0.0000 0.0000 0.0000 -3.3277 -12.9477 -22.0135 1.7324 8.2850 23.5830 0.2023 8.4049 -15.3091 0.0831 1.8590 5.1161 0.0000 0.0000 0.0000 14.7205 18.4257 -17.1458 -1.8671 -8.5836 24.5011 2.4369 -27.8252 -1.0372 -0.0938 1.9752 -5.4372 -4.8801 2.6558 12.7499 -3.8211 2.6526 6.1551 -1.5876 1.1873 -0.7125 -3.9795 7.2336 -6.9328 3.0334 9.5833 26.5004 2.5740 4.1968 9.0762 0.0000 0.0000 0.0000 -73.2652 -20.7811 29.2765 44.3583 -50.4502 -21.7428 -0.0000 0.0000 -1.6098 32.1237 28.5573 16.7070 -7.1250 0.0000 -0.0000 1.9035 62.6963 0.8184 0.0000 0.0000 0.0000 82.7279 21.2906 55.7183 -142.7718 46.3392 -103.5951 0.0000 -0.0000 -29.2697 -39.5005 -2.2619 1.8634 7.1250 -0.0000 -0.0000 -10.4475 -32.7837 -3.1719
7.5051 19.2146 -0.4920 -19.9829 -48.8970 28.6730 0.0000 0.0000 0.0000 -2.9247 -11.9328 -23.5875 1.7710 8.3718 23.8492 0.2082 7.9751 -14.9189 0.0766 1.7855 4.9133 0.0000 0.0000 0.0000 14.7663 18.9808 -17.9275 -1.8111 -8.4610 24.1234 2.5512 -28.0296 -2.3262 -0.0487 1.4248 -3.9185 -4.9140 3.3471 12.8464 -3.7533 3.5385 6.0450 -1.6276 1.6274 -0.8919 -3.3186 6.3193 -7.6117 2.4974 8.4005 26.1450 2.2083 3.6777 9.1851 0.0000 0.0000 0.0000 -69.3794 -21.1111 25.7375 38.5598 -47.1931 -17.3751 -0.0000 0.0000 -2.2463 29.4926 26.4993 14.1637 -7.1250 0.0000 -0.0000 -0.5748 59.7825 -0.2074 0.0000 0.0000 0.0000 85.7991 22.3363 63.0632 -136.7941 49.8586 -99.1420 0.0000 -0.0000 -25.5710 -41.5442 -0.3874 0.3433 7.1250 -0.0000 -0.0000 -11.8058 -30.3783 -4.2964
7.5303 19.1908 -0.5416 -20.8210 -49.4105 30.3705 0.0000 0.0000 0.0000 -2.3791 -10.8876 -25.5857 1.8847 8.6217 24.6189 0.1995 7.8133 -14.6134 0.1202 2.2350 6.1555 0.0000 0.0000 0.0000 14.8262 19.5679 -18.9471 -1.7506 -8.3261 23.7091 2.3892 -27.3282 -1.8193 -0.0811 1.8370 -5.0553 -4.8044 3.6549 12.8546 -3.6124 3.9506 5.8983 -1.6044 1.8359 -1.0572 -3.4815 5.7833 -8.4416 2.1326 7.8381 25.3967 2.0741 3.3960 9.1087 -0.0000 -0.0000 0.0000 -65.3625 -21.5107 22.0143 32.3378 -42.8149 -12.9699 -0.0000 0.0000 -3.5470 27.3950 25.6691 12.6524 -7.1250 0.0000 -0.0000 -2.6892 58.3866 -0.8809 -0.0000 -0.0000 0.0000 88.6599 24.0255 71.2769 -129.2488 53.2940 -93.2248 0.0000 -0.0000 -23.3537 -44.8012 0.2574 -0.2556 7.1250 -0.0000 -0.0000 -14.2089 -29.4645 -5.5370
7.5259 19.1814 -0.5543 -20.9079 -50.6612 30.4702 0.0000 0.0000 0.0000 -2.8470 -10.5198 -25.6141 1.9676 8.7983 25.1665 0.2430 8.1443 -15.5929 0.0839 1.8687 5.1429 0.0000 0.0000 0.0000 14.2392 20.0831 -18.2560 -1.6267 -8.0409 22.8385 2.2039 -26.1167 -2.5249 -0.0365 1.2337 -3.3922 -5.4689 4.3005 13.1700 -3.9410 4.6665 6.1614 -1.6950 2.1667 -0.9730 -3.3341 5.0796 -9.3548 2.3857 6.8429 24.6385 2.0555 3.0065 9.0402 -0.0000 -0.0000 0.0000 -61.4859 -22.8177 18.2813 25.8839 -37.0938 -8.8175 -0.0000 0.0000 -3.0756 26.3797 22.3851 10.6959 -7.1250 0.0000 -0.0000 -2.7242 54.6493 -0.6461 -0.0000 -0.0000 0.0000 91.5166 26.7204 78.9416 -120.1362 56.2735 -85.7722 0.0000 -0.0000 -21.6846 -47.5757 0.3635 -0.3977 7.1250 -0.0000 -0.0000 -16.2964 -29.2408 -6.5003
7.5213 19.1554 -0.5948 -22.0142 -51.3263 31.6048 0.0000 0.0000 0.0000 -2.1952 -10.2386 -26.3113 2.1050 9.0814 26.0504 0.2967 8.3219 -16.4955 0.0801 1.8258 5.0244 0.0000 0.0000 0.0000 14.5820 20.8537 -17.5417 -1.4565 -7.6280 21.5898 2.0950 -25.4217 -2.8188 -0.0751 1.7683 -4.8659 -5.7306 4.9608 13.3527 -3.8784 5.4722 6.2245 -1.6176 2.5542 -1.0400 -3.4901 4.1871 -10.1028 2.6360 5.6335 24.1744 2.0617 2.4792 9.0442 0.0000 -0.0000 0.0000 -59.5210 -24.8312 14.1709 20.2778 -30.9756 -5.6737 -0.0000 0.0000 -1.9419 24.9901 20.6669 9.3416 -7.1250 0.0000 -0.0000 -3.6856 52.5384 -0.6845 0.0000 -0.0000 0.0000 93.4021 28.6687 84.5411 -113.5166 57.8036 -80.2158 0.0000 -0.0000 -20.0057 -50.1393 -0.0244 0.0292 7.1250 -0.0000 -0.0000 -18.3330 -29.7301 -7.1633
7.5251 19.1371 -0.6639 -22.5823 -51.5837 32.2873 0.0000 0.0000 0.0000 -1.8647 -9.1865 -27.4072 2.2211 9.3121 26.7766 0.2797 8.1128 -16.0556 0.0542 1.5017 4.1304 0.0000 0.0000 0.0000 14.6694 21.4878 -17.3796 -1.3744 -7.4191 20.9632 1.9848 -24.8769 -2.4234 -0.0901 1.9359 -5.3284 -6.2846 5.4104 13.7331 -3.7380 5.9482 6.2916 -1.2737 2.7733 -1.2447 -3.6885 3.6232 -10.8454 2.7522 4.9177 23.7771 2.0748 2.1595 9.0618 0.0000 0.0000 0.0000 -58.5602 -27.4542 9.6179 15.9094 -25.3976 -3.6070 -0.0000 0.0000 -2.3808 28.0769 15.5723 8.1495 -7.1250 0.0000 -0.0000 0.4000 47.5083 0.0248 0.0000 0.0000 0.0000 95.0945 31.3145 89.1691 -107.3800 58.8273 -74.9923 0.0000 -0.0000 -17.7094 -50.2572 2.1485 -2.5816 7.1250 -0.0000 -0.0000 -17.8214 -26.5000 -8.3831
7.5405 19.1261 -0.6838 -23.0909 -51.6185 32.6573 0.0000 0.0000 0.0000 -1.5126 -9.0146 -27.8213 2.2999 9.4647 27.2599 0.2754 8.2349 -16.1272 0.0354 1.2140 3.3377 0.0000 0.0000 0.0000 14.7062 22.0533 -17.0071 -1.3063 -7.2404 20.4294 1.8857 -24.4697 -1.7220 -0.0975 2.0132 -5.5422 -6.0479 5.6603 14.2819 -3.7614 6.2411 6.3701 -1.5212 2.9192 -1.4336 -3.7038 3.3980 -10.9709 2.7914 4.6216 23.0822 2.0481 2.0453 8.8547 -0.0000 0.0000 0.0000 -58.4734 -29.6328 6.2234 13.5496 -22.0872 -2.6564 -0.0000 0.0000 -2.9064 28.8777 13.2515 7.2053 -7.1250 0.0000 -0.0000 1.4248 45.0279 0.0010 -0.0000 0.0000 0.0000 95.8516 33.7056 91.5453 -105.7056 59.0471 -73.5579 0.0000 -0.0000 -15.0145 -48.9082 2.4173 -2.7688 7.1250 -0.0000 -0.0000 -16.7783 -26.2142 -7.9667
7.5582 19.1177 -0.6888 -23.9144 -51.8735 33.4974 0.0000 0.0000 0.0000 -1.0713 -8.7285 -28.2936 2.3809 9.6180 27.7485 0.3171 8.1419 -16.5733 0.0598 1.5775 4.3395 0.0000 0.0000 0.0000 14.6602 22.7260 -17.0075 -1.2559 -7.1045 20.0253 1.7670 -23.9473 -0.9860 -0.0830 1.8580 -5.1135 -5.4721 5.8516 14.1762 -4.0751 6.5624 6.5294 -2.1926 3.0837 -1.1158 -3.5761 3.3674 -10.7825 2.9980 4.5116 22.2530 2.0617 2.0455 8.5370 0.0000 -0.0000 0.0000 -59.2267 -30.7799 6.1509 13.8503 -22.5203 -2.7705 -0.0000 0.0000 -5.7462 29.4813 13.6508 7.5997 -7.1250 0.0000 -0.0000 1.9560 45.5591 0.0270 0.0000 -0.0000 0.0000 96.3433 36.3090 92.1881 -106.3277 58.9683 -74.0912 0.0000 -0.0000 -13.3113 -47.2713 3.0913 -3.3413 7.1250 -0.0000 -0.0000 -15.4366 -25.3868 -7.5921
7.5921 19.1168 -0.6676 -24.4818 -52.5593 33.7195 0.0000 0.0000 0.0000 -1.1727 -8.5250 -27.9258 2.4043 9.6618 27.8882 0.3448 8.3773 -17.1585 0.0690 1.6952 4.6641 0.0000 0.0000 0.0000 14.4869 22.6869 -16.7127 -1.1755 -6.8815 19.3649 1.6092 -23.4692 0.6031 -0.1062 2.1018 -5.7870 -4.9116 5.8069 14.2606 -4.7844 6.5357 6.7220 -3.2308 3.0809 -0.8089 -2.8707 3.6589 -10.7310 3.1321 4.7401 22.0340 2.0049 2.2254 8.4588 0.0000 -0.0000 0.0000 -59.8362 -31.3560 7.4209 15.3912 -24.6882 -3.3876 -0.0000 0.0000 -9.0628 30.2678 14.5647 8.3491 -7.1250 0.0000 -0.0000 2.6232 46.7059 0.1105 0.0000 -0.0000 0.0000 96.7004 38.9358 92.0928 -108.1701 58.7150 -75.6678 0.0000 -0.0000 -11.5522 -45.3882 3.2652 -3.3043 7.1250 -0.0000 -0.0000 -14.0381 -25.3068 -6.8880
7.6219 19.1188 -0.6406 -25.3369 -53.2624 34.4527 0.0000 0.0000 0.0000 -1.1515 -8.1681 -27.8095 2.4202 9.6913 27.9827 0.3514 8.7291 -17.5949 0.0796 1.8198 5.0078 0.0000 0.0000 0.0000 14.2935 23.0125 -17.1098 -1.1932 -6.9313 19.5120 1.5398 -23.3206 1.4051 -0.0901 1.9362 -5.3294 -5.3729 5.7775 14.3883 -4.9530 6.3996 6.4161 -3.1666 3.0095 -1.2314 -2.8090 4.0444 -10.7499 3.6047 5.1381 22.4329 2.2008 2.4531 8.5696 -0.0000 0.0000 0.0000 -61.2953 -31.6281 10.3737 17.0527 -26.9272 -4.1112 -0.0000 0.0000 -13.6147 31.9359 14.0312 8.5937 -7.1250 0.0000 -0.0000 4.2652 46.3441 0.1417 -0.0000 0.0000 0.0000 95.5436 40.7286 90.9849 -110.4931 58.3521 -77.6494 0.0000 -0.0000 -10.3170 -44.4286 3.5190 -3.4432 7.1250 -0.0000 -0.0000 -13.2914 -25.0409 -6.5862
7.6472 19.1265 -0.6577 -26.3349 -54.5184 35.2177 0.0000 0.0000 0.0000 -1.3341 -7.0635 -27.6519 2.4227 9.6959 27.9975 0.3609 8.8770 -17.8591 0.1445 2.4496 6.7500 0.0000 0.0000 0.0000 14.0866 23.9612 -17.9255 -1.3169 -7.2684 20.5130 1.4157 -23.0435 2.7139 -0.1108 2.1463 -5.9102 -6.4644 5.8275 14.5547 -5.4416 6.2452 6.1407 -3.0961 2.9165 -1.6658 -2.7400 4.4109 -10.6134 4.2692 5.4651 22.4517 2.4381 2.6730 8.5169 0.0000 -0.0000 0.0000 -62.3016 -32.3831 12.3941 18.8457 -29.2265 -4.9553 -0.0000 0.0000 -16.3574 33.4847 14.6611 9.5047 -7.1250 0.0000 -0.0000 5.7359 47.3130 0.3284 0.0000 -0.0000 0.0000 94.4176 42.1565 88.6063 -113.5500 57.7970 -80.2441 0.0000 -0.0000 -9.1589 -43.0642 2.6133 -2.4401 7.1250 -0.0000 -0.0000 -12.4598 -26.3604 -5.7605
7.6850 19.1232 -0.6356 -27.9251 -55.8785 36.5347 0.0000 0.0000 0.0000 -1.2840 -6.5185 -27.3740 2.4777 9.7973 28.3227 0.3128 9.8310 -18.2997 0.0112 0.6836 1.8786 0.0000 0.0000 0.0000 14.0158 24.7924 -18.7710 -1.4085 -7.5067 21.2255 1.2708 -22.8161 4.2928 -0.1035 2.0742 -5.7107 -7.2419 5.6162 14.0051 -5.9119 5.8985 6.2505 -3.0527 2.7201 -1.2793 -2.5264 5.0691 -10.6130 4.4455 6.2959 21.8956 2.5219 3.1019 8.2962 0.0000 -0.0000 0.0000 -63.0061 -33.6144 13.4638 20.7713 -31.5604 -5.9298 -0.0000 0.0000 -17.8618 33.4313 16.0734 10.3581 -7.1250 0.0000 -0.0000 5.6157 48.9456 0.5481 0.0000 -0.0000 0.0000 92.8434 43.4082 85.9851 -116.9276 57.0746 -83.0910 0.0000 -0.0000 -9.5281 -43.0972 2.5842 -2.4157 7.1250 -0.0000 -0.0000 -12.4895 -26.3972 -5.7637
7.7286 19.1176 -0.6281 -30.7401 -55.9047 38.6347 0.0000 0.0000 0.0000 0.2035 -6.1990 -27.2615 2.5839 9.9889 28.9408 0.4176 9.5382 -19.1774 0.2148 2.9835 8.2327 0.0000 0.0000 0.0000 15.4210 25.8548 -18.9465 -1.4671 -7.6544 21.6693 1.3264 -23.7150 5.1015 -0.0393 1.2801 -3.5199 -6.8543 5.0993 14.1390 -5.9735 5.2561 6.3367 -3.2328 2.4051 -1.2219 -2.1298 5.7694 -10.5519 4.2854 7.2230 21.2514 2.4661 3.5591 8.0562 -0.0000 0.0000 0.0000 -63.3958 -35.8759 14.0992 21.5519 -32.4669 -6.3436 -0.0000 0.0000 -17.2550 34.9165 15.7257 10.7132 -7.1250 0.0000 -0.0000 7.1220 48.8004 0.6707 -0.0000 0.0000 0.0000 90.8743 44.0777 82.6509 -119.5695 56.4236 -85.3005 0.0000 -0.0000 -9.8359 -42.8290 2.0776 -1.9247 7.1250 -0.0000 -0.0000 -12.3794 -27.0876 -5.5048
7.8000 19.1235 -0.5726 -31.0100 -57.8689 39.0999 0.0000 0.0000 0.0000 -1.0397 -5.9580 -26.8913 2.5638 9.9530 28.8245 0.4600 9.9665 -20.0650 0.1749 2.6941 7.4281 0.0000 0.0000 0.0000 13.9763 26.2145 -20.2418 -1.5473 -7.8515 22.2639 1.0488 -23.0792 7.3011 -0.0456 1.3778 -3.7890 -8.6886 5.1729 14.5463 -6.5472 4.9597 5.8863 -2.8523 2.2390 -2.0072 -1.8838 6.3030 -10.1422 3.9166 7.9709 21.0671 2.3497 3.8898 7.9226 0.0000 -0.0000 0.0000 -64.6694 -38.9085 14.7499 20.9485 -31.7681 -6.0228 -0.0000 0.0000 -13.7198 34.2520 16.0198 10.6426 -7.1250 0.0000 -0.0000 6.4432 49.0274 0.6424 0.0000 -0.0000 0.0000 87.8443 42.7972 77.9309 -121.7570 55.8233 -87.1167 0.0000 -0.0000 -10.4697 -42.8370 2.8977 -2.6837 7.1250 -0.0000 -0.0000 -12.2417 -25.9965 -5.7620
7.8605 19.1191 -0.5567 -32.9118 -58.3832 40.7480 0.0000 0.0000 0.0000 -0.4085 -6.0824 -26.8077 2.6329 10.0757 29.2221 0.4189 10.8685 -20.5759 0.2396 3.1499 8.6964 0.0000 0.0000 0.0000 14.3375 26.8354 -20.6676 -1.5475 -7.8520 22.2653 0.9620 -23.3290 8.5146 -0.0284 1.0882 -2.9915 -8.6128 4.7436 14.3882 -7.0225 4.4092 6.0908 -3.2823 1.9531 -1.6523 -1.2633 7.0001 -10.0848 3.5959 8.8836 20.3593 2.2015 4.3457 7.6966 0.0000 -0.0000 0.0000 -63.5874 -42.9709 15.0949 19.1773 -29.6384 -5.1182 -0.0000 0.0000 -9.9831 33.2078 15.0695 9.6583 -7.1250 0.0000 -0.0000 5.4462 47.7433 0.3697 0.0000 -0.0000 0.0000 86.2031 41.3570 74.7761 -123.3786 55.3403 -88.4545 0.0000 -0.0000 -10.3061 -44.4950 2.9154 -2.8609 7.1250 -0.0000 -0.0000 -13.4572 -25.8557 -6.4094
7.9184 19.1293 -0.5332 -34.4438 -58.7134 42.0670 0.0000 0.0000 0.0000 0.0538 -6.0485 -26.7334 2.6641 10.1304 29.3999 0.4162 11.2218 -20.9261 0.2668 3.3230 9.1794 0.0000 0.0000 0.0000 14.6956 26.9647 -20.8731 -1.5103 -7.7613 21.9913 0.7733 -23.1534 10.1153 -0.0638 1.6301 -4.4845 -9.3865 4.0959 14.7361 -6.6358 3.4227 5.9815 -2.3057 1.4634 -2.0128 -2.1243 7.9376 -9.8459 3.1539 10.3914 20.2435 2.3048 4.9472 7.5520 0.0000 0.0000 0.0000 -64.1099 -46.7215 12.5684 16.1845 -25.7702 -3.7258 -0.0000 0.0000 -2.5962 31.2148 13.2533 7.9091 -7.1250 0.0000 -0.0000 3.6238 45.3462 0.0310 0.0000 0.0000 0.0000 84.6095 39.8409 73.8312 -123.3183 55.3588 -88.4049 0.0000 -0.0000 -10.3386 -47.0663 3.3556 -3.6000 7.1250 -0.0000 -0.0000 -15.2293 -25.0321 -7.6137
7.9856 19.1311 -0.5013 -36.3346 -59.1828 44.0706 0.0000 0.0000 0.0000 0.5495 -5.8063 -26.9846 2.6774 10.1536 29.4754 0.4037 11.5974 -21.2081 0.2844 3.4300 9.4784 0.0000 0.0000 0.0000 14.6833 27.7390 -21.2557 -1.4495 -7.6105 21.5370 0.6866 -23.3582 11.1072 -0.0113 0.6868 -1.8873 -9.4972 3.5960 14.7058 -6.7441 2.7493 5.9437 -2.2421 1.1305 -2.0171 -1.9751 8.6568 -9.8706 2.6320 11.4467 19.7505 2.1868 5.4176 7.4086 0.0000 0.0000 0.0000 -63.2678 -50.3999 11.9726 13.4271 -21.9098 -2.6105 -0.0000 -0.0000 1.9293 31.0757 11.6784 6.9551 -7.1250 0.0000 -0.0000 3.5772 43.5189 -0.1309 0.0000 0.0000 0.0000 84.5222 38.1242 73.4966 -122.8540 55.5002 -88.0225 0.0000 -0.0000 -9.4137 -49.1419 3.7074 -4.2753 7.1250 -0.0000 -0.0000 -16.6215 -24.3149 -8.6574
8.0386 19.1391 -0.4463 -37.9685 -60.0624 45.7101 0.0000 0.0000 0.0000 0.4322 -5.3158 -26.9020 2.6573 10.1185 29.3612 0.3827 12.1128 -21.5698 0.2649 3.3109 9.1455 0.0000 0.0000 0.0000 14.3517 28.4448 -21.2913 -1.3520 -7.3609 20.7890 0.4085 -22.9372 13.0522 -0.0264 1.0496 -2.8854 -9.7939 3.1862 14.7993 -6.9687 2.1358 5.9381 -2.2180 0.8217 -2.0545 -2.0359 9.2718 -10.3068 2.4747 12.3364 19.7045 2.2418 5.8164 7.4555 0.0000 -0.0000 0.0000 -63.1937 -53.2438 10.2465 11.1611 -18.5348 -1.8268 -0.0000 -0.0000 7.8686 30.7309 10.0164 5.9034 -7.1250 0.0000 -0.0000 3.3296 41.5680 -0.2822 0.0000 -0.0000 0.0000 84.8927 36.1678 73.4538 -122.8945 55.4880 -88.0559 0.0000 -0.0000 -7.6684 -50.5200 4.1393 -5.0078 7.1250 -0.0000 -0.0000 -17.4721 -23.5110 -9.4846
8.0852 19.1468 -0.3907 -39.6506 -61.2312 47.7000 0.0000 0.0000 0.0000 0.1980 -5.1018 -26.8381 2.6105 10.0361 29.0939 0.4464 12.4464 -22.5519 0.3916 4.0181 11.1277 0.0000 0.0000 0.0000 13.6546 29.3464 -21.6931 -1.2700 -7.1428 20.1391 0.2574 -22.9524 14.2619 -0.0043 0.4236 -1.1638 -10.0848 2.8989 14.4913 -7.2417 1.7497 6.0357 -2.2697 0.6121 -1.7700 -2.4696 9.6767 -11.0794 2.1587 13.0589 19.4414 2.3021 6.1034 7.4813 0.0000 0.0000 0.0000 -64.8078 -55.1912 9.3500 10.2776 -17.1726 -1.5559 -0.0000 -0.0000 9.9221 28.6640 9.7662 5.2979 -7.1250 0.0000 -0.0000 1.4912 41.0736 -0.1444 0.0000 0.0000 0.0000 85.1407 34.4601 73.4073 -123.7132 55.2364 -88.7295 0.0000 -0.0000 -5.7878 -51.9339 4.0875 -5.2006 7.1250 -0.0000 -0.0000 -18.4597 -23.3964 -10.1298
8.1131 19.1627 -0.3322 -42.6638 -61.8837 50.4963 0.0000 0.0000 0.0000 0.7420 -4.8529 -26.3291 2.6214 10.0553 29.1560 0.4599 13.1575 -23.4602 0.3737 3.9264 10.8698 0.0000 0.0000 0.0000 14.3081 29.8649 -21.2880 -1.1539 -6.8202 19.1839 0.2078 -23.4624 15.0440 -0.0002 0.0908 -0.2494 -9.7846 2.6673 14.6082 -7.3750 1.4462 5.9419 -2.5320 0.4704 -1.9161 -2.3522 10.1747 -11.3049 2.0297 13.7450 19.2059 2.3065 6.4292 7.4449 -0.0000 -0.0000 0.0000 -68.2378 -54.5245 11.3732 10.7197 -17.8573 -1.6890 -0.0000 -0.0000 9.9070 28.7163 9.4524 5.1413 -7.1250 0.0000 -0.0000 1.5553 40.7239 -0.1640 -0.0000 -0.0000 0.0000 85.2795 32.7011 73.5539 -125.3810 54.6967 -90.0952 0.0000 -0.0000 -4.1335 -52.1262 4.1970 -5.3757 7.1250 -0.0000 -0.0000 -18.5599 -23.2017 -10.2794
8.1330 19.1677 -0.2765 -44.1010 -62.7312 51.9116 0.0000 0.0000 0.0000 0.3640 -4.0333 -26.2641 2.6192 10.0515 29.1436 0.5222 12.8383 -23.6668 0.5025 4.5444 12.6135 0.0000 0.0000 0.0000 14.3236 29.6688 -21.4627 -1.1378 -6.7741 19.0477 0.1937 -23.7027 15.3363 -0.0034 -0.3755 1.0317 -10.1685 2.1868 14.4644 -7.8371 0.7493 5.9358 -2.6970 0.1148 -1.8223 -1.4476 10.7978 -11.2609 1.6863 14.4811 18.8186 2.1158 6.8173 7.3902 0.0000 0.0000 0.0000 -69.9745 -53.1641 14.7316 11.4454 -18.9677 -1.9182 -0.0000 -0.0000 7.4687 27.5215 9.6594 4.9965 -7.1250 0.0000 -0.0000 0.4822 40.8436 -0.0494 0.0000 0.0000 0.0000 85.6536 31.5301 73.9213 -127.3279 54.0179 -91.6775 0.0000 -0.0000 -3.0759 -51.9579 1.9515 -2.4919 7.1250 -0.0000 -0.0000 -19.0981 -26.6581 -8.9744
8.1457 19.1589 -0.2235 -44.6958 -62.7123 52.4541 0.0000 0.0000 0.0000 0.5222 -4.4228 -26.0914 2.6482 10.1026 29.3096 0.5931 12.6737 -24.1109 0.5786 4.8707 13.5401 0.0000 0.0000 0.0000 14.8472 29.0631 -21.3093 -1.1113 -6.6974 18.8218 0.2290 -23.9591 15.2795 -0.0001 -0.0575 0.1579 -9.7510 1.6476 14.3233 -8.0298 0.1361 6.1312 -3.0290 -0.1934 -1.5232 -0.5752 11.0866 -11.6459 1.0745 14.8383 19.1130 1.8764 6.9681 7.6690 0.0000 -0.0000 0.0000 -72.2373 -52.1423 21.0798 11.6780 -19.3200 -1.9945 -0.0000 -0.0000 4.3538 26.5618 10.3829 5.1484 -7.1250 0.0000 -0.0000 -0.4302 41.5560 0.0365 0.0000 -0.0000 0.0000 84.6304 30.9759 72.9338 -129.5906 53.1593 -93.4986 0.0000 -0.0000 -3.3863 -51.4226 1.2329 -1.5452 7.1250 -0.0000 -0.0000 -18.9241 -27.7907 -8.3456
8.1397 19.1504 -0.1810 -44.1344 -62.9043 52.1327 0.0000 0.0000 0.0000 0.0945 -4.5212 -26.2397 2.6577 10.1191 29.3634 0.5904 12.5107 -23.9178 0.4873 4.4763 12.4207 0.0000 0.0000 0.0000 14.6386 28.4053 -21.4834 -1.1203 -6.7235 18.8989 0.3743 -24.1929 14.3964 -0.0018 -0.2719 0.7470 -10.0183 1.2786 13.9788 -7.9936 -0.3165 6.0830 -2.7671 -0.4194 -1.3775 -1.0068 11.1029 -11.9314 1.6169 14.8469 19.8385 2.1541 6.9632 7.8787 -0.0000 -0.0000 0.0000 -74.6006 -51.3103 28.9061 11.3937 -18.8892 -1.9014 -0.0000 -0.0000 2.0497 25.9025 10.7505 5.1760 -7.1250 0.0000 -0.0000 -1.0549 41.8959 0.0808 -0.0000 -0.0000 0.0000 82.0847 30.2571 70.7542 -131.5003 52.3722 -95.0191 0.0000 -0.0000 -5.2993 -50.6168 3.1023 -3.7717 7.1250 -0.0000 -0.0000 -17.8186 -25.0458 -9.0218
8.1370 19.1451 -0.1456 -43.3073 -62.3839 50.8499 0.0000 0.0000 0.0000 0.1088 -4.9944 -25.7975 2.6914 10.1779 29.5549 0.6322 12.1201 -23.8793 0.5445 4.7276 13.1333 0.0000 0.0000 0.0000 15.0926 28.0184 -20.6883 -1.1426 -6.7879 19.0885 0.4294 -24.0300 13.8394 -0.0002 0.0899 -0.2470 -9.6371 0.8224 14.5750 -7.8303 -0.9215 6.2138 -2.7109 -0.7061 -1.5503 -1.2344 11.1444 -11.9606 1.7011 14.9314 20.0449 2.2304 6.9849 7.9257 -0.0000 0.0000 0.0000 -76.9384 -50.3420 35.2940 11.6002 -19.2024 -1.9688 -0.0000 -0.0000 1.1126 25.0252 11.5601 5.3447 -7.1250 0.0000 -0.0000 -1.9338 42.6923 0.1102 -0.0000 0.0000 0.0000 80.1826 29.1231 68.0800 -133.6731 51.4022 -96.7288 0.0000 -0.0000 -6.8377 -50.0825 4.1246 -4.9135 7.1250 -0.0000 -0.0000 -17.1727 -23.5897 -9.2738
8.1197 19.1311 -0.1094 -42.6204 -61.8804 50.0172 0.0000 0.0000 0.0000 0.0877 -4.9235 -25.9314 2.7477 10.2750 29.8719 0.6467 11.5320 -23.4166 0.4719 4.4058 12.2212 0.0000 0.0000 0.0000 15.4864 27.2520 -20.5642 -1.1883 -6.9176 19.4715 0.4356 -23.7260 13.5265 -0.0008 0.1772 -0.4868 -8.8824 0.3799 14.6258 -7.7526 -1.3756 6.3008 -2.9717 -0.9161 -1.4966 -1.2854 11.2859 -11.9395 1.5373 15.1665 20.0917 2.2094 7.0719 7.9441 -0.0000 0.0000 0.0000 -79.1029 -48.4142 40.4406 13.2857 -21.7044 -2.5580 -0.0000 0.0000 -1.8026 25.2418 12.5525 5.8503 -7.1250 0.0000 -0.0000 -1.8615 43.8008 0.0551 -0.0000 0.0000 0.0000 78.8397 27.5412 64.3233 -136.2800 50.1258 -98.7482 0.0000 -0.0000 -8.8566 -48.6155 3.8304 -4.3356 7.1250 -0.0000 -0.0000 -16.2202 -24.1956 -8.4778
8.1001 19.1325 -0.0824 -41.4513 -61.8772 49.0632 0.0000 0.0000 0.0000 -0.4026 -5.3048 -25.9293 2.7334 10.2504 29.7913 0.6091 11.7031 -23.2551 0.4450 4.2798 11.8653 0.0000 0.0000 0.0000 14.9359 27.2833 -20.8570 -1.2684 -7.1386 20.1266 0.5012 -23.6180 12.9096 -0.0000 -0.0319 0.0877 -8.8853 0.1430 14.5138 -7.6176 -1.6537 6.2444 -2.7815 -1.0476 -1.4893 -0.9510 11.5309 -11.7475 0.8924 15.5578 20.0287 1.9859 7.2163 7.9692 -0.0000 -0.0000 0.0000 -81.3998 -45.6453 43.4424 16.3770 -26.0292 -3.8099 -0.0000 0.0000 -4.4216 26.5008 14.8033 7.2599 -7.1250 0.0000 -0.0000 -0.9994 46.4292 -0.0353 -0.0000 -0.0000 0.0000 77.5509 25.5972 60.4074 -139.4561 48.3889 -101.1551 0.0000 -0.0000 -10.8056 -47.8887 3.4610 -3.8208 7.1250 -0.0000 -0.0000 -15.7933 -24.8031 -8.0048
8.0576 19.1413 -0.0590 -40.0050 -62.0290 47.6829 0.0000 0.0000 0.0000 -1.1674 -5.6053 -25.3567 2.6478 10.1019 29.3072 0.6027 11.6907 -23.1856 0.4416 4.2639 11.8204 0.0000 0.0000 0.0000 14.3365 27.2389 -20.9899 -1.3892 -7.4571 21.0769 0.4368 -22.5574 12.4829 -0.0038 0.3998 -1.0986 -9.2769 0.0072 14.4220 -7.3558 -1.8471 6.2130 -2.2565 -1.1460 -1.4461 -1.2697 11.6154 -11.4454 0.6027 15.7775 19.8901 1.9343 7.2757 7.8676 0.0000 0.0000 0.0000 -83.1806 -42.1055 45.2374 20.4317 -31.1589 -5.7530 -0.0000 0.0000 -6.2615 29.1421 16.4205 8.9569 -7.1250 0.0000 -0.0000 1.3246 48.6205 0.1183 0.0000 0.0000 0.0000 76.1406 23.5565 56.8851 -142.8839 46.2654 -103.6761 0.0000 -0.0000 -12.6259 -46.1122 4.6275 -4.7943 7.1250 -0.0000 -0.0000 -14.2715 -23.3516 -7.6783
8.0105 19.1355 -0.0599 -40.2001 -61.3386 47.7738 0.0000 0.0000 0.0000 -0.5542 -5.4344 -25.5078 2.6942 10.1828 29.5707 0.6082 11.2757 -22.8183 0.3988 4.0543 11.2296 0.0000 0.0000 0.0000 15.0331 27.4013 -20.6705 -1.4124 -7.5167 21.2554 0.5373 -22.6813 11.7412 -0.0006 0.1597 -0.4387 -8.2149 -0.1398 14.4748 -6.9856 -1.8699 6.1660 -2.4417 -1.1310 -1.5536 -1.4517 11.6468 -11.3520 0.6795 15.8391 20.0811 1.9903 7.2921 7.8919 -0.0000 -0.0000 0.0000 -84.4462 -38.2735 45.7569 25.4719 -36.6824 -8.5702 -0.0000 0.0000 -7.3228 31.6835 18.6944 11.1903 -7.1250 0.0000 -0.0000 3.5989 51.6293 0.5882 -0.0000 -0.0000 0.0000 75.2179 21.2228 54.0341 -146.6251 43.6162 -106.3200 0.0000 -0.0000 -14.0752 -45.7217 4.3572 -4.4550 7.1250 -0.0000 -0.0000 -14.0516 -23.7692 -7.4129
7.9496 19.1281 -0.0568 -39.9695 -60.6083 47.9008 0.0000 0.0000 0.0000 -0.0288 -5.4205 -26.0395 2.7137 10.2166 29.6809 0.6254 10.7832 -22.4907 0.4517 4.3117 11.9552 0.0000 0.0000 0.0000 15.4289 27.2740 -21.0110 -1.4618 -7.6413 21.6299 0.5878 -22.4687 11.0925 -0.0001 0.0544 -0.1495 -7.1988 0.0867 14.1412 -6.5472 -1.3716 5.9312 -2.6153 -0.8559 -1.6507 -1.9095 11.2581 -11.8806 1.9935 15.1706 21.7162 2.5084 7.0055 8.3879 0.0000 0.0000 0.0000 -86.0916 -34.2125 46.7576 31.3397 -42.0144 -12.2966 -0.0000 0.0000 -5.7273 33.9814 21.2790 13.7455 -7.1250 0.0000 -0.0000 5.7512 55.0461 1.4223 0.0000 0.0000 0.0000 74.3826 18.1638 50.4662 -150.2795 40.6526 -108.7729 0.0000 -0.0000 -16.0014 -42.3444 6.0860 -5.5189 7.1250 -0.0000 -0.0000 -11.3281 -21.8259 -6.4282
7.8878 19.1500 -0.0583 -35.7902 -61.3385 43.7861 0.0000 0.0000 0.0000 -2.3380 -6.2270 -24.7039 2.5064 9.8496 28.4911 0.5661 11.1367 -22.2922 0.4498 4.3029 11.9304 0.0000 0.0000 0.0000 13.4754 26.8426 -20.9042 -1.6203 -8.0257 22.7923 0.6178 -21.9351 10.2821 -0.0048 0.4487 -1.2330 -8.4726 0.4034 14.5874 -6.6835 -1.2034 5.9440 -2.0789 -0.7897 -1.8456 -2.3616 10.9607 -11.4678 2.4798 14.7319 22.0019 2.6679 6.8096 8.3411 0.0000 -0.0000 0.0000 -86.2772 -30.4371 47.3091 38.0414 -46.8658 -16.9958 -0.0000 0.0000 -4.3224 40.8660 22.3930 18.2422 -7.1250 0.0000 -0.0000 13.8032 58.0267 4.4556 0.0000 -0.0000 0.0000 74.0286 15.5245 46.9758 -153.5165 37.6822 -110.8184 0.0000 -0.0000 -19.1466 -41.3745 6.0973 -5.3450 7.1250 -0.0000 -0.0000 -10.6398 -21.9252 -5.9991
7.8127 19.1564 -0.0783 -34.6505 -60.5149 42.2866 0.0000 0.0000 0.0000 -2.2410 -6.4803 -23.9982 2.4514 9.7489 28.1674 0.5637 10.8261 -21.9585 0.4006 4.0636 11.2557 0.0000 0.0000 0.0000 13.9946 26.4143 -20.0817 -1.6559 -8.1093 23.0466 0.6982 -21.9100 9.4828 -0.0086 0.5986 -1.6448 -7.5400 0.6885 14.7819 -6.5186 -0.7091 5.9893 -2.5006 -0.5306 -1.9284 -1.8869 10.5749 -10.6053 2.8373 13.9933 22.3457 2.6043 6.5293 8.3283 -0.0000 0.0000 0.0000 -84.9897 -27.1342 48.1620 45.2721 -50.9011 -22.4497 -0.0000 0.0000 -3.9780 41.9926 25.3483 21.0757 -7.1250 0.0000 -0.0000 15.4882 61.8321 6.4273 -0.0000 0.0000 0.0000 74.5689 13.1965 42.9871 -155.9384 35.2294 -112.2579 0.0000 -0.0000 -23.7142 -39.8856 5.2988 -4.4132 7.1250 -0.0000 -0.0000 -9.7008 -23.1101 -5.1870
7.7486 19.1509 -0.1029 -33.3115 -59.9973 40.9023 0.0000 0.0000 0.0000 -2.3853 -6.7206 -23.7741 2.4357 9.7200 28.0747 0.5865 10.3738 -21.7290 0.4386 4.2497 11.7802 0.0000 0.0000 0.0000 13.9945 25.8494 -19.9477 -1.7312 -8.2821 23.5744 0.7099 -21.4982 8.9121 -0.0062 0.5098 -1.4008 -6.9720 1.0423 14.7900 -6.3064 -0.1547 5.9229 -2.6820 -0.2439 -2.0124 -1.5526 10.1398 -9.8693 3.0304 13.2583 22.8449 2.5266 6.2160 8.3930 0.0000 0.0000 0.0000 -83.5227 -23.8106 48.6526 52.7412 -54.0430 -28.3785 -0.0000 0.0000 -4.1945 41.8657 28.6106 23.2258 -7.1250 0.0000 -0.0000 15.4825 65.5751 7.7787 0.0000 0.0000 0.0000 75.0885 11.7981 39.0732 -157.1314 33.9448 -112.9352 0.0000 -0.0000 -29.0837 -38.2113 4.1538 -3.2636 7.1250 -0.0000 -0.0000 -8.6401 -24.6987 -4.2860
7.6824 19.1430 -0.1514 -32.0919 -59.6048 40.0053 0.0000 0.0000 0.0000 -2.5506 -6.6295 -24.1805 2.4472 9.7413 28.1430 0.5309 10.3580 -21.1761 0.2974 3.5063 9.6917 0.0000 0.0000 0.0000 13.7073 25.7447 -20.3836 -1.8396 -8.5236 24.3161 0.7230 -21.0762 8.2955 -0.0102 0.6512 -1.7894 -7.1074 1.3879 14.3802 -5.7909 0.3616 5.8382 -2.1366 0.0128 -1.8875 -2.2261 9.7420 -9.8204 3.7794 12.6640 23.5372 2.8401 5.9395 8.5285 0.0000 0.0000 0.0000 -81.7288 -21.3724 48.0701 58.7332 -55.9628 -33.2892 -0.0000 0.0000 -3.0215 43.2015 30.6267 25.5675 -7.1250 0.0000 -0.0000 17.7871 68.2848 10.0648 0.0000 0.0000 0.0000 75.3594 11.7377 36.3427 -156.9508 34.1426 -112.8341 0.0000 -0.0000 -34.1275 -37.4892 3.3343 -2.5543 7.1250 -0.0000 -0.0000 -8.2070 -25.7695 -3.8603
7.6357 19.1366 -0.1934 -30.7762 -59.4647 38.8130 0.0000 0.0000 0.0000 -2.8169 -7.3805 -23.8669 2.4209 9.6927 27.9873 0.5998 10.2003 -21.6876 0.3824 3.9711 10.9955 0.0000 0.0000 0.0000 13.2067 25.6467 -20.4947 -1.9106 -8.6773 24.7909 0.7558 -20.7265 7.5180 -0.0470 1.3999 -3.8498 -7.2344 1.7496 14.0037 -5.5374 0.8825 5.8960 -1.8714 0.2631 -1.6360 -2.0597 9.4869 -9.2615 3.7739 12.2599 23.6317 2.7490 5.7632 8.4843 0.0000 0.0000 0.0000 -78.7469 -19.5086 47.0836 63.0428 -57.0677 -36.8842 -0.0000 0.0000 -2.3324 44.1427 33.6575 28.2752 -7.1250 0.0000 -0.0000 19.8822 71.9740 12.9029 0.0000 0.0000 0.0000 76.0564 12.6239 35.4043 -155.6216 35.5619 -112.0744 0.0000 -0.0000 -38.3361 -37.1776 1.8654 -1.4142 7.1250 -0.0000 -0.0000 -8.1425 -27.6103 -3.4740
7.5973 19.1312 -0.2616 -28.9969 -59.2257 37.4667 0.0000 0.0000 0.0000 -3.2388 -7.9108 -23.9703 2.3648 9.5878 27.6519 0.5380 10.6045 -21.4909 0.3069 3.5615 9.8461 0.0000 0.0000 0.0000 12.4665 25.3997 -21.1008 -2.0370 -8.9427 25.6162 0.8166 -20.3517 6.3185 -0.0168 0.8374 -2.3016 -7.2324 2.2773 13.9641 -5.3573 1.5810 5.7502 -1.7925 0.6160 -1.7869 -2.3351 8.9806 -9.2756 4.2889 11.4961 24.1852 2.9175 5.4246 8.6456 0.0000 -0.0000 0.0000 -75.5569 -18.5728 46.4665 62.7786 -57.0060 -36.6625 -0.0000 0.0000 -1.4072 44.5722 34.8045 29.3498 -7.1250 0.0000 -0.0000 20.9668 73.3724 14.2539 0.0000 -0.0000 0.0000 76.9097 13.6460 35.7632 -153.2610 37.9292 -110.6617 0.0000 -0.0000 -41.0744 -33.8229 1.7208 -1.1527 7.1250 -0.0000 -0.0000 -5.5890 -27.8942 -2.3351
7.5488 19.1240 -0.3112 -27.3912 -59.1771 35.9281 0.0000 0.0000 0.0000 -3.9527 -7.4994 -24.0755 2.3450 9.5505 27.5331 0.5646 9.9100 -21.0678 0.2134 2.9741 8.2066 0.0000 0.0000 0.0000 11.9933 25.2272 -21.2049 -2.1648 -9.2012 26.4267 0.6838 -19.2394 6.5299 -0.0246 1.0117 -2.7809 -7.3855 2.8218 13.8395 -5.1474 2.3073 5.9583 -1.5915 0.9606 -1.5277 -2.4000 8.7109 -9.2328 4.0824 11.1961 24.0473 2.8277 5.2698 8.6121 0.0000 -0.0000 0.0000 -72.8414 -18.1344 45.2911 59.8322 -56.2651 -34.2015 -0.0000 0.0000 -3.2348 46.7107 34.8414 31.2361 -7.1250 0.0000 -0.0000 25.9271 74.0703 18.1131 0.0000 -0.0000 0.0000 77.6413 15.6403 38.2903 -149.7776 41.0832 -108.4445 0.0000 -0.0000 -42.3795 -34.8707 0.9976 -0.6951 7.1250 -0.0000 -0.0000 -6.4555 -28.7394 -2.5712
7.5071 19.1063 -0.3820 -26.2546 -59.0040 35.0205 0.0000 0.0000 0.0000 -4.2035 -7.4182 -24.5520 2.3966 9.6475 27.8424 0.5409 9.8588 -20.7835 0.1698 2.6543 7.3178 0.0000 0.0000 0.0000 11.9899 24.9450 -21.2353 -2.2125 -9.2954 26.7239 0.8830 -20.0434 5.0163 -0.0594 1.5728 -4.3265 -7.2445 3.4640 13.6341 -4.7235 3.2139 5.9765 -1.3540 1.4090 -1.4389 -2.6849 8.5528 -8.2729 3.5411 11.1316 23.1335 2.6005 5.1977 8.1492 0.0000 -0.0000 0.0000 -71.6580 -18.2365 43.4832 54.5430 -54.6712 -29.8428 -0.0000 0.0000 -4.5044 46.5466 35.4755 31.4901 -7.1250 0.0000 -0.0000 25.8029 74.7106 18.3679 0.0000 -0.0000 0.0000 77.7681 17.6855 41.4625 -145.7387 44.2774 -105.7048 0.0000 -0.0000 -43.6776 -35.0868 0.5372 -0.3773 7.1250 -0.0000 -0.0000 -6.6623 -29.2938 -2.5663
7.4684 19.0812 -0.4584 -25.4818 -58.9001 34.2113 0.0000 0.0000 0.0000 -4.4262 -6.3411 -25.3244 2.5076 9.8517 28.4978 0.3946 10.0374 -19.4412 0.0145 0.7766 2.1343 0.0000 0.0000 0.0000 12.3822 24.4364 -21.0938 -2.2402 -9.3494 26.8945 1.0895 -20.9102 3.4791 -0.1054 2.0930 -5.7627 -7.0591 4.0273 13.7243 -4.6267 3.9743 6.2518 -1.4693 1.7741 -1.2125 -2.5003 8.5201 -9.0653 3.5478 11.1011 23.3974 2.6282 5.1993 8.3945 -0.0000 0.0000 0.0000 -70.6817 -19.7862 41.1992 46.8603 -51.6479 -23.6888 -0.0000 0.0000 -5.6124 48.5467 34.3881 32.5963 -7.1250 0.0000 -0.0000 30.2331 74.1149 21.2736 -0.0000 0.0000 0.0000 78.6989 20.6407 45.7400 -141.6178 47.0817 -102.7551 0.0000 -0.0000 -43.5270 -34.3950 2.1707 -1.4854 7.1250 -0.0000 -0.0000 -5.9905 -27.3360 -2.5837
7.4330 19.0577 -0.5251 -23.5470 -58.3688 32.5538 0.0000 0.0000 0.0000 -5.0380 -5.6883 -26.2351 2.5793 9.9807 28.9142 0.4186 8.8248 -18.4739 0.0167 0.8348 2.2944 0.0000 0.0000 0.0000 12.0547 23.8588 -21.1129 -2.3048 -9.4740 27.2897 1.4053 -21.8734 0.1998 -0.0698 1.7042 -4.6888 -6.8725 4.3991 13.9949 -4.6783 4.4503 6.2158 -1.7214 2.0183 -1.3894 -2.6077 8.3891 -9.2164 3.9028 10.8743 23.7045 2.7620 5.1171 8.5035 0.0000 -0.0000 0.0000 -70.8474 -21.5722 39.6680 39.5769 -47.8172 -18.1251 -0.0000 0.0000 -7.3736 48.0936 32.7672 31.0930 -7.1250 0.0000 -0.0000 28.1266 72.2074 18.6048 0.0000 -0.0000 0.0000 78.7712 22.6491 49.8967 -138.9784 48.6636 -100.7972 0.0000 -0.0000 -41.1821 -35.0983 3.9198 -2.7504 7.1250 -0.0000 -0.0000 -6.3592 -25.1898 -3.0658
7.3934 19.0458 -0.6034 -22.9729 -58.0901 32.2053 0.0000 0.0000 0.0000 -4.7220 -5.5263 -27.0881 2.6791 10.1565 29.4850 0.5056 7.6536 -18.3564 0.0915 1.9508 5.3696 0.0000 0.0000 0.0000 12.1220 23.9406 -21.1772 -2.3123 -9.4884 27.3354 1.4061 -21.7095 -0.2673 -0.1318 2.3398 -6.4458 -6.5028 4.8754 13.9771 -4.7709 5.1138 6.0813 -2.1325 2.3600 -1.4964 -3.2514 8.2732 -9.1235 4.7877 10.6380 23.6265 3.1196 5.0516 8.3699 0.0000 -0.0000 0.0000 -71.5245 -23.3749 39.2254 34.6346 -44.5495 -14.5564 -0.0000 0.0000 -9.7077 48.0444 29.6101 28.7934 -7.1250 0.0000 -0.0000 26.4028 68.6432 15.3692 0.0000 -0.0000 0.0000 79.0267 24.2646 53.2407 -138.1816 49.1111 -100.1969 0.0000 -0.0000 -37.5586 -34.3846 4.8150 -3.2875 7.1250 -0.0000 -0.0000 -5.7417 -24.1548 -2.9034
7.3600 19.0465 -0.6600 -21.2490 -57.4098 30.8925 0.0000 0.0000 0.0000 -5.1747 -5.8393 -27.3654 2.6426 10.0927 29.2773 0.4739 7.3119 -17.6930 0.0979 2.0174 5.5537 0.0000 0.0000 0.0000 11.5680 23.2508 -21.4652 -2.3636 -9.5856 27.6450 1.3019 -20.9519 -0.1955 -0.2138 2.9771 -8.2151 -6.9327 4.7762 13.8410 -5.1466 4.9247 5.9753 -2.2557 2.2659 -1.5320 -2.6943 8.4232 -9.0779 4.8542 10.7246 23.8439 3.0695 5.1389 8.4614 -0.0000 0.0000 0.0000 -72.1226 -24.7639 38.9655 31.8260 -42.4080 -12.6233 -0.0000 0.0000 -11.7806 46.5019 27.8823 26.2360 -7.1250 0.0000 -0.0000 22.9083 66.1668 11.9694 -0.0000 0.0000 0.0000 78.8672 26.3285 56.9256 -138.7002 48.8214 -100.5880 0.0000 -0.0000 -33.3070 -34.5350 5.0588 -3.4726 7.1250 -0.0000 -0.0000 -5.8287 -23.8512 -2.9889
7.3281 19.0586 -0.7284 -22.0214 -56.5752 31.4517 0.0000 0.0000 0.0000 -3.9482 -6.8103 -27.0017 2.6049 10.0262 29.0616 0.5382 7.1110 -18.2483 0.2711 3.3491 9.2521 0.0000 0.0000 0.0000 12.5619 23.3177 -21.2681 -2.3585 -9.5760 27.6142 1.2688 -20.9502 0.4905 -0.2745 3.3700 -9.3106 -6.3518 4.7213 13.4079 -5.4987 4.9648 5.9399 -2.9165 2.2986 -1.2604 -2.1183 8.3798 -8.6135 5.2261 10.4547 23.9303 3.0564 5.0918 8.4280 0.0000 0.0000 0.0000 -73.1135 -26.5213 40.3558 29.3084 -40.2932 -10.9596 -0.0000 0.0000 -13.5668 43.5079 25.5534 22.2667 -7.1250 0.0000 -0.0000 17.6658 62.5186 7.6468 0.0000 0.0000 0.0000 78.3635 28.3943 59.3186 -139.3323 48.4605 -101.0625 0.0000 -0.0000 -28.8688 -34.6447 4.8496 -3.3433 7.1250 -0.0000 -0.0000 -5.9303 -24.0952 -3.0080
7.3247 19.0678 -0.8007 -21.6185 -54.4364 30.7367 0.0000 0.0000 0.0000 -2.9999 -8.3772 -26.6422 2.5472 9.9232 28.7285 0.4205 7.6473 -17.3684 0.0659 1.6566 4.5574 0.0000 0.0000 0.0000 13.5903 22.1772 -21.0650 -2.3865 -9.6286 27.7821 1.4435 -21.8269 -0.7253 -0.1519 2.5117 -6.9220 -6.0630 3.6925 13.5687 -5.4359 3.6555 5.8291 -2.8258 1.6667 -1.4564 -2.3295 8.6499 -8.3912 5.5667 10.7469 24.7706 3.2475 5.2136 8.6253 -0.0000 0.0000 0.0000 -75.3487 -28.2860 41.8486 26.3274 -37.5302 -9.0864 -0.0000 0.0000 -14.9917 39.9538 22.8474 18.0182 -7.1250 0.0000 -0.0000 12.6825 58.3233 4.1766 -0.0000 0.0000 0.0000 76.9899 30.5524 62.4912 -140.1445 47.9840 -101.6682 0.0000 -0.0000 -24.7947 -35.2994 4.0269 -2.8465 7.1250 -0.0000 -0.0000 -6.4982 -25.0478 -3.1552
7.3195 19.0765 -0.8252 -21.5984 -52.8795 29.9954 0.0000 0.0000 0.0000 -2.2074 -9.6915 -25.8424 2.5079 9.8522 28.4995 0.3448 8.1071 -16.8875 0.0689 1.6932 4.6585 0.0000 0.0000 0.0000 14.6001 20.9980 -20.3238 -2.3600 -9.5788 27.6233 1.4755 -22.0529 -0.7385 -0.1034 2.0739 -5.7101 -5.0818 2.8470 13.3791 -6.1333 2.6781 5.9772 -3.9501 1.2024 -1.1250 -1.6258 8.7630 -8.2557 6.1578 10.6143 25.1993 3.3327 5.2548 8.7593 -0.0000 0.0000 0.0000 -76.8422 -30.7603 44.2032 23.6002 -34.7387 -7.4775 -0.0000 0.0000 -14.8533 37.5665 20.1638 14.8496 -7.1250 0.0000 -0.0000 9.8462 54.5671 2.3313 -0.0000 0.0000 0.0000 76.4952 33.0360 63.7127 -140.4115 47.8242 -101.8663 0.0000 -0.0000 -22.2842 -37.2038 2.9285 -2.2211 7.1250 -0.0000 -0.0000 -8.0413 -26.2894 -3.6821
7.3007 19.0829 -0.8793 -21.7600 -51.5002 29.5507 0.0000 0.0000 0.0000 -1.3021 -10.6627 -25.2384 2.4813 9.8038 28.3436 0.2986 8.2478 -16.4433 0.0675 1.6760 4.6111 0.0000 0.0000 0.0000 15.6220 20.7318 -19.3545 -2.3323 -9.5264 27.4564 1.5684 -22.4261 -1.6455 -0.1315 2.3370 -6.4380 -5.3076 2.2942 13.4746 -6.0883 1.9195 5.7805 -3.6733 0.8309 -1.4166 -1.6748 8.8344 -8.2613 6.3302 10.6646 25.6764 3.4239 5.2759 8.9082 0.0000 -0.0000 0.0000 -78.5584 -31.9874 47.9651 23.2726 -34.3856 -7.2917 -0.0000 0.0000 -14.6913 38.5059 18.2933 14.0214 -7.1250 0.0000 -0.0000 10.8787 52.5568 2.0428 0.0000 -0.0000 0.0000 73.5777 33.7052 61.8267 -142.1269 46.7581 -103.1269 0.0000 -0.0000 -22.5838 -35.9403 1.4132 -1.0243 7.1250 -0.0000 -0.0000 -7.2429 -28.2074 -2.9812
7.3016 19.0739 -0.9291 -20.7932 -49.4697 27.7782 0.0000 0.0000 0.0000 -0.9867 -12.0387 -24.5671 2.4545 9.7546 28.1858 0.2860 7.7400 -15.7569 0.0691 1.6958 4.6658 0.0000 0.0000 0.0000 16.2189 20.2605 -17.8704 -2.3309 -9.5237 27.4478 1.6189 -22.6332 -2.1402 -0.1590 2.5694 -7.0822 -4.8907 1.4904 14.5292 -6.3264 0.8124 5.6903 -4.0278 0.2989 -2.0966 -1.8658 8.9478 -7.9053 6.5170 10.8103 25.5431 3.4975 5.3445 8.7638 0.0000 0.0000 0.0000 -79.7300 -32.5569 51.5301 24.7503 -35.9477 -8.1429 -0.0000 0.0000 -12.3118 37.1759 19.2563 14.0421 -7.1250 0.0000 -0.0000 9.4245 53.4092 1.9628 0.0000 0.0000 0.0000 71.1863 33.8100 57.3722 -144.6010 45.0950 -104.9047 0.0000 -0.0000 -25.4377 -34.2327 1.1089 -0.7544 7.1250 -0.0000 -0.0000 -5.9527 -28.6185 -2.3860
7.2972 19.0579 -0.9862 -20.3409 -47.7958 26.8613 0.0000 0.0000 0.0000 -0.5141 -12.5375 -24.7239 2.4907 9.8209 28.3988 0.2743 6.8141 -14.6701 0.0347 1.2022 3.3052 0.0000 0.0000 0.0000 16.9739 19.5205 -16.9244 -2.2747 -9.4163 27.1064 1.7081 -23.0173 -2.9691 -0.1061 2.1003 -5.7829 -4.6146 1.1004 15.1128 -6.2441 0.2893 5.4393 -4.0259 0.0541 -2.6932 -2.0781 8.8738 -7.5633 6.2950 10.7829 25.8326 3.4492 5.2790 8.8030 0.0000 0.0000 0.0000 -81.4204 -31.5850 54.5459 28.7575 -39.8043 -10.6052 -0.0000 0.0000 -11.1200 38.8058 21.7098 16.5664 -7.1250 0.0000 -0.0000 11.2704 56.6867 3.2572 0.0000 0.0000 0.0000 68.9887 32.5464 49.9685 -147.5034 42.9395 -106.9221 0.0000 -0.0000 -30.6579 -32.1410 1.9795 -1.2433 7.1250 -0.0000 -0.0000 -4.2792 -27.6347 -1.8109
7.3009 19.0367 -1.0590 -20.3482 -46.8130 26.6665 0.0000 0.0000 0.0000 0.2045 -13.1028 -25.0983 2.5309 9.8939 28.6339 0.2732 6.3687 -14.2252 0.0364 1.2320 3.3874 0.0000 0.0000 0.0000 17.7436 19.1127 -16.4769 -2.2261 -9.3220 26.8078 1.8526 -23.5549 -4.8986 -0.0369 1.2400 -3.4095 -4.2111 0.8937 14.6088 -6.2597 0.1425 5.7139 -4.2324 -0.0172 -2.1375 -2.4308 8.9579 -7.8512 6.2090 10.9998 25.8070 3.5085 5.3435 8.8196 -0.0000 0.0000 0.0000 -82.4476 -30.8002 56.4458 33.5567 -43.7536 -13.8056 -0.0000 0.0000 -9.7450 40.2320 24.2544 19.1642 -7.1250 0.0000 -0.0000 13.0659 60.0518 4.8481 -0.0000 0.0000 0.0000 67.7036 31.7575 42.2457 -150.1995 40.7218 -108.7208 0.0000 -0.0000 -36.0918 -30.1644 1.5239 -0.8855 7.1250 -0.0000 -0.0000 -2.7797 -28.2135 -1.1366
7.2975 19.0260 -1.1265 -19.6972 -46.1935 25.7829 0.0000 0.0000 0.0000 0.1555 -13.5551 -24.9859 2.5375 9.9057 28.6719 0.2691 6.0041 -13.8215 0.0191 0.8926 2.4534 0.0000 0.0000 0.0000 18.0202 18.0803 -15.7760 -2.1471 -9.1659 26.3157 1.8080 -23.0899 -6.4367 -0.0165 0.8291 -2.2787 -4.7166 1.0166 14.7218 -5.8819 0.2542 5.8529 -3.5623 0.0302 -2.0500 -3.0576 9.0042 -8.0445 5.8819 11.2652 25.9532 3.5381 5.3761 8.8748 -0.0000 -0.0000 0.0000 -84.1048 -29.5053 59.2159 37.9857 -46.8302 -16.9552 -0.0000 0.0000 -9.7706 43.6370 28.2102 24.2628 -7.1250 0.0000 -0.0000 18.2390 65.6577 9.2369 -0.0000 -0.0000 0.0000 66.1650 30.5630 35.9069 -152.7545 38.4123 -110.3488 0.0000 -0.0000 -40.3383 -28.7284 0.2940 -0.1611 7.1250 -0.0000 -0.0000 -1.6994 -29.6425 -0.6368
7.2906 19.0047 -1.2065 -19.9557 -46.0089 26.6424 0.0000 0.0000 0.0000 0.9792 -13.8194 -26.0939 2.6070 10.0300 29.0739 0.2729 5.9669 -13.8444 0.0101 0.6493 1.7842 0.0000 0.0000 0.0000 18.3522 18.0790 -15.9970 -2.0618 -8.9937 25.7755 1.5087 -21.1174 -8.1166 -0.0222 0.9615 -2.6429 -4.4132 1.2109 13.7809 -5.7006 0.6288 5.4219 -3.5840 0.2279 -1.9898 -2.7962 9.1984 -7.7544 5.5040 11.5622 26.3823 3.4019 5.4832 9.0022 0.0000 0.0000 0.0000 -84.1130 -27.0222 58.6819 42.1949 -49.3178 -20.0882 -0.0000 0.0000 -7.8251 45.4466 33.4711 29.2567 -7.1250 0.0000 -0.0000 22.5739 72.1771 14.7975 0.0000 0.0000 0.0000 66.2828 28.5740 31.7861 -154.0877 37.1219 -111.1654 0.0000 -0.0000 -43.9544 -28.0214 -0.7392 0.3934 7.1250 -0.0000 -0.0000 -1.1561 -30.8160 -0.4007
7.2662 18.9813 -1.3191 -19.0261 -46.3033 25.7822 0.0000 0.0000 0.0000 0.4785 -13.7569 -26.2594 2.6663 10.1341 29.4121 0.2530 6.0507 -13.6204 0.0014 -0.2412 -0.6628 0.0000 0.0000 0.0000 17.8794 18.6837 -14.9095 -1.9742 -8.8120 25.2091 0.7504 -15.5774 -9.8099 -0.0504 1.4493 -3.9861 -4.9399 1.6861 13.6395 -5.6468 1.1912 5.3261 -3.3147 0.5009 -2.0074 -3.2572 9.1949 -7.1053 5.7297 11.5589 26.2131 3.4968 5.4702 8.7751 -0.0000 -0.0000 0.0000 -83.3186 -23.9376 57.1571 46.5071 -51.4858 -23.4121 -0.0000 0.0000 -6.0045 47.8803 33.0563 31.1008 -7.1250 0.0000 -0.0000 27.7981 72.4629 18.5287 -0.0000 -0.0000 0.0000 66.7467 26.8146 30.2878 -154.1310 37.0791 -111.1914 0.0000 -0.0000 -45.7339 -26.8040 -1.0382 0.5245 7.1250 -0.0000 -0.0000 -0.1868 -31.1428 -0.0633
7.2447 18.9716 -1.4789 -17.3259 -46.4189 24.2067 0.0000 0.0000 0.0000 -0.1070 -14.2209 -26.1874 2.6268 10.0650 29.1874 0.2685 5.6442 -13.4822 0.1008 2.0472 5.6362 0.0000 0.0000 0.0000 17.1421 19.2184 -14.0892 -2.0365 -8.9417 25.6132 0.1163 -9.8321 -11.8460 -0.2181 3.0065 -8.2969 -5.7430 2.2213 13.8826 -5.6690 1.7653 5.4964 -2.9832 0.7702 -1.9652 -2.1920 9.1632 -7.7239 4.7287 11.6023 27.2435 3.1010 5.4546 9.3992 -0.0000 0.0000 0.0000 -81.9979 -21.3265 54.1981 49.2764 -52.6995 -25.5974 -0.0000 0.0000 -3.4004 47.5275 35.5353 32.4108 -7.1250 0.0000 -0.0000 28.3413 75.0632 20.4444 -0.0000 0.0000 0.0000 68.4136 25.8340 32.1524 -153.7251 37.4789 -110.9456 0.0000 -0.0000 -45.8968 -28.0559 -2.0524 1.0935 7.1250 -0.0000 -0.0000 -1.1888 -32.3036 -0.3696
7.2176 18.9001 -1.6643 -18.0941 -46.3275 24.8398 0.0000 0.0000 0.0000 1.0267 -13.5918 -27.0553 2.7233 10.2331 29.7350 0.2758 5.0360 -13.0603 0.0171 0.8432 2.3175 0.0000 0.0000 0.0000 18.3293 20.4955 -13.7400 -2.1596 -9.1909 26.3942 -0.3067 -3.5758 -12.4015 -0.4097 4.1091 -11.3839 -4.7886 2.7100 13.7239 -5.3113 2.5675 5.5649 -3.2537 1.1766 -1.7782 -2.0402 9.0726 -7.5438 4.5231 11.5098 26.8597 2.9741 5.4243 9.2590 0.0000 -0.0000 0.0000 -79.9506 -18.5366 51.2213 51.2404 -53.4837 -27.1679 -0.0000 0.0000 -4.4465 50.8473 33.9033 34.4141 -7.1250 0.0000 -0.0000 35.8910 74.2226 25.5605 0.0000 -0.0000 0.0000 70.9267 25.7641 36.7047 -152.3608 38.7820 -110.1031 0.0000 -0.0000 -45.2171 -29.8550 -0.5366 0.3080 7.1250 -0.0000 -0.0000 -2.6085 -30.5928 -0.9187
7.1894 18.8302 -1.8901 -16.8888 -46.3094 24.1031 0.0000 0.0000 0.0000 0.9609 -13.5089 -28.2853 2.8431 10.4366 30.4026 0.2039 5.4566 -12.2600 0.0427 -1.3331 -3.6658 0.0000 0.0000 0.0000 18.3225 21.3502 -13.8915 -2.3348 -9.5311 27.4713 -0.4953 1.9130 -12.7723 -0.5535 4.7656 -13.2412 -4.7117 3.1777 13.5310 -5.5863 3.2089 5.9431 -3.6628 1.4882 -1.2391 -1.7252 8.9278 -7.9392 4.7241 11.2414 26.2582 2.9664 5.3802 9.1374 -0.0000 0.0000 0.0000 -77.3112 -16.8284 47.5139 50.6455 -53.2525 -26.6905 -0.0000 0.0000 -4.1663 50.9098 33.5017 34.1932 -7.1250 0.0000 -0.0000 35.6513 73.8093 25.0802 -0.0000 0.0000 0.0000 73.3321 26.1952 42.2842 -150.0626 40.8397 -108.6313 0.0000 -0.0000 -43.0067 -31.2651 -0.3219 0.1955 7.1250 -0.0000 -0.0000 -3.7175 -30.3453 -1.3326
7.1347 18.7542 -2.1226 -16.4663 -46.3679 23.5384 0.0000 0.0000 0.0000 1.4490 -13.3438 -29.0691 3.0245 10.7346 31.3900 0.2142 5.1694 -12.1679 0.1210 -2.2425 -6.1763 0.0000 0.0000 0.0000 19.2942 22.3036 -13.4948 -2.5395 -9.9094 28.6840 -0.4848 7.1042 -12.6175 -0.4755 4.4225 -12.2683 -5.0043 3.9962 14.0366 -5.1173 4.2139 6.0549 -3.1849 1.9745 -1.4173 -2.0008 8.4745 -8.0273 4.6839 10.6949 25.9284 2.9406 5.1179 9.0432 0.0000 0.0000 0.0000 -75.9524 -15.7816 44.7201 46.3267 -51.4021 -23.2710 -0.0000 0.0000 -4.4241 52.9743 31.1667 34.4558 -7.1250 0.0000 -0.0000 38.5529 71.8403 25.7140 0.0000 0.0000 0.0000 74.1950 25.3261 47.7108 -147.2460 43.1401 -106.7465 0.0000 -0.0000 -40.9559 -32.4283 0.8138 -0.5170 7.1250 -0.0000 -0.0000 -4.5724 -29.0027 -1.7873
7.0957 18.6528 -2.4241 -13.9452 -45.1901 21.6880 0.0000 0.0000 0.0000 0.9450 -13.6903 -30.6418 3.1207 10.8880 31.9030 0.2054 4.0020 -10.9894 0.0053 0.4690 1.2888 0.0000 0.0000 0.0000 19.3201 23.1726 -13.7532 -2.8403 -10.4319 30.3869 -0.4809 9.6902 -13.1768 -0.3573 3.8403 -10.6278 -5.5475 4.1254 14.5253 -5.2359 4.2675 6.2400 -3.0463 1.9909 -1.5067 -2.3884 8.1279 -7.5707 4.9628 10.2255 25.0252 2.9886 4.9252 8.6214 0.0000 0.0000 0.0000 -74.3702 -17.1051 42.4499 38.1496 -46.9346 -17.0748 -0.0000 0.0000 -4.7869 53.2893 28.4425 32.5674 -7.1250 0.0000 -0.0000 36.4909 68.9146 21.9616 0.0000 0.0000 0.0000 75.6270 26.0920 52.9382 -143.1394 46.0959 -103.8605 0.0000 -0.0000 -39.0064 -34.3900 0.2689 -0.1841 7.1250 -0.0000 -0.0000 -6.1401 -29.6271 -2.3139
7.0222 18.5396 -2.7436 -11.7517 -44.4381 19.7631 0.0000 0.0000 0.0000 0.4428 -13.6417 -31.9543 3.2405 11.0745 32.5317 0.1703 3.1973 -9.6515 0.0000 -0.0177 -0.0486 0.0000 0.0000 0.0000 19.7253 24.7411 -13.1621 -3.0890 -10.8377 31.7344 -0.5643 10.3996 -14.2527 -0.0501 1.4444 -3.9725 -6.4614 4.5702 14.7470 -5.3490 4.7085 6.5605 -2.7380 2.1844 -1.3335 -2.9273 7.6694 -7.6802 5.5186 9.5754 24.8403 3.2021 4.6441 8.5397 -0.0000 -0.0000 0.0000 -73.5030 -20.0832 41.8516 30.6358 -41.4322 -11.8281 -0.0000 0.0000 -6.1646 53.7704 26.7941 31.6020 -7.1250 0.0000 -0.0000 35.9821 67.1768 20.2551 -0.0000 -0.0000 0.0000 76.1117 26.0750 55.9225 -139.1158 48.5851 -100.9003 0.0000 -0.0000 -38.6315 -35.4078 1.2142 -0.8630 7.1250 -0.0000 -0.0000 -6.8517 -28.4644 -2.7760
6.9363 18.4230 -3.1102 -10.1686 -42.9128 18.5030 0.0000 0.0000 0.0000 0.8625 -14.0668 -33.3562 3.2705 11.1205 32.6874 0.1251 2.4368 -8.0425 0.0323 1.1608 3.1913 0.0000 0.0000 0.0000 20.8035 26.4638 -13.0699 -3.3392 -11.2249 33.0420 -1.0660 4.3092 -18.5532 -0.0463 1.3894 -3.8209 -6.8332 4.5064 14.7725 -5.5591 4.5807 6.7433 -2.7291 2.1130 -1.1592 -2.6202 7.6373 -7.8533 5.3484 9.5398 24.6948 3.0988 4.6460 8.5515 0.0000 -0.0000 0.0000 -73.3619 -23.0553 41.2731 25.6356 -36.8466 -8.6682 -0.0000 0.0000 -6.9294 52.1152 27.6884 30.8462 -7.1250 0.0000 -0.0000 33.3178 67.6979 19.0001 0.0000 -0.0000 0.0000 76.8112 27.0219 58.4589 -135.4540 50.5441 -98.1124 0.0000 -0.0000 -37.6726 -36.3300 1.9787 -1.4545 7.1250 -0.0000 -0.0000 -7.4844 -27.5009 -3.2080
6.8436 18.3355 -3.4794 -9.2189 -41.3108 17.6081 0.0000 0.0000 0.0000 2.0130 -15.6669 -33.9885 3.2246 11.0500 32.4486 0.0805 2.7563 -7.1052 0.0181 0.8691 2.3887 0.0000 0.0000 0.0000 22.1117 27.3654 -13.4022 -3.5565 -11.5456 34.1429 -1.3831 1.1644 -21.8918 -0.0724 1.7365 -4.7779 -6.7964 4.2692 14.6763 -5.8894 4.2989 6.9910 -3.0362 1.9727 -0.8131 -2.6524 7.8702 -7.7713 5.8327 9.7679 24.3432 3.2599 4.8085 8.3742 -0.0000 0.0000 0.0000 -74.1528 -26.0853 40.6507 22.3190 -33.3357 -6.7603 -0.0000 0.0000 -6.7966 49.6490 25.5275 26.8958 -7.1250 0.0000 -0.0000 27.3042 64.3811 13.2861 -0.0000 0.0000 0.0000 77.5931 27.4884 60.6152 -134.8810 50.8266 -97.6691 0.0000 -0.0000 -33.7636 -36.8450 2.7669 -2.0716 7.1250 -0.0000 -0.0000 -7.7898 -26.5074 -3.5248
6.7550 18.2933 -3.8564 -8.4109 -39.4750 16.8285 0.0000 0.0000 0.0000 3.5775 -19.0704 -33.5360 2.9714 10.6486 31.1037 0.0162 4.4225 -6.8867 0.1873 -2.7874 -7.6874 0.0000 0.0000 0.0000 23.0587 26.1447 -14.0419 -3.5171 -11.4885 33.9455 -1.4765 -0.4696 -23.1565 -0.0601 1.5825 -4.3531 -6.7054 3.8478 14.7361 -6.2871 3.7541 7.0345 -3.4249 1.7134 -0.7654 -2.4853 8.2591 -7.1478 6.1076 10.2018 24.1695 3.3129 5.0520 8.1737 -0.0000 0.0000 0.0000 -75.8372 -29.0684 40.7971 19.8620 -30.4757 -5.4612 -0.0000 0.0000 -7.0203 45.3356 22.5285 21.1892 -7.1250 0.0000 -0.0000 19.6528 59.4325 7.0955 -0.0000 0.0000 0.0000 78.0047 28.0264 63.3612 -136.2885 50.1214 -98.7547 0.0000 -0.0000 -27.2097 -37.3342 2.0629 -1.5728 7.1250 -0.0000 -0.0000 -8.2394 -27.3588 -3.5655
6.6666 18.3228 -4.1605 -7.6468 -37.3487 16.0249 0.0000 0.0000 0.0000 4.8252 -23.4068 -32.7184 2.7973 10.3595 30.1490 -0.0642 6.6436 -7.6337 0.0556 -1.5212 -4.1842 0.0000 0.0000 0.0000 23.5487 24.2336 -13.6673 -3.1151 -10.8791 31.8733 -1.5177 -0.8076 -23.5985 -0.0396 1.2845 -3.5320 -6.1869 3.3032 14.1249 -6.7256 3.1981 7.2012 -4.0520 1.4563 -0.2162 -2.4628 8.5176 -7.1553 6.7723 10.3855 25.1011 3.5833 5.1860 8.4400 -0.0000 0.0000 0.0000 -78.3190 -32.2492 41.4446 17.9242 -28.0600 -4.5135 -0.0000 0.0000 -6.1465 43.0591 18.9550 16.8847 -7.1250 0.0000 -0.0000 16.0908 54.4282 3.8021 -0.0000 0.0000 0.0000 77.2137 28.4512 64.4047 -138.2446 49.0762 -100.2444 0.0000 -0.0000 -23.0082 -37.6420 3.0647 -2.3613 7.1250 -0.0000 -0.0000 -8.3538 -26.0967 -3.8661
6.6189 18.3134 -4.5308 -7.1870 -34.4655 15.8415 0.0000 0.0000 0.0000 4.9348 -23.3312 -34.8287 3.0146 10.7187 31.3370 0.1361 3.0221 -8.7609 0.1261 2.2893 6.3060 0.0000 0.0000 0.0000 24.2338 22.8805 -15.5275 -3.1955 -11.0050 32.2969 -1.4404 -2.3218 -23.6138 -0.0538 1.4972 -4.1181 -5.7939 2.5200 14.6349 -6.8346 2.1605 6.8298 -4.2661 0.9714 -0.8939 -2.3465 8.7642 -7.1548 7.0062 10.6387 25.9309 3.7027 5.3211 8.7034 -0.0000 0.0000 0.0000 -80.1515 -34.2303 44.0388 17.9913 -28.1460 -4.5451 -0.0000 0.0000 -5.9604 41.8101 16.1443 13.9662 -7.1250 0.0000 -0.0000 14.2982 50.6517 2.0271 -0.0000 0.0000 0.0000 75.5733 28.4768 61.9249 -140.3960 47.8335 -101.8548 0.0000 -0.0000 -21.9009 -37.8677 3.6406 -2.8266 7.1250 -0.0000 -0.0000 -8.4513 -25.3645 -4.0582
6.5928 18.2870 -4.8186 -6.4451 -32.8033 14.7406 0.0000 0.0000 0.0000 1.1623 -18.5336 -37.2280 4.0339 12.2054 36.4624 0.3451 -0.1852 -11.0339 0.0089 0.6078 1.6702 0.0000 0.0000 0.0000 24.3169 22.4596 -16.9485 -3.6017 -11.6106 34.3679 -1.4490 -3.0864 -24.0321 -0.0622 1.6089 -4.4260 -5.5665 2.1529 15.3210 -7.1610 1.6384 6.9216 -4.6902 0.7254 -1.1603 -2.4983 9.0363 -7.5567 7.0556 11.0472 26.2655 3.8157 5.5005 8.8584 0.0000 0.0000 0.0000 -80.7819 -35.7846 47.5152 20.0469 -30.6988 -5.5553 -0.0000 0.0000 -3.1078 40.8865 15.2770 12.8509 -7.1250 0.0000 -0.0000 13.2194 49.3818 1.4511 0.0000 0.0000 0.0000 73.1314 27.9905 55.5274 -143.5543 45.8173 -104.1587 0.0000 -0.0000 -24.4524 -36.2945 3.1910 -2.3410 7.1250 -0.0000 -0.0000 -7.3294 -26.0124 -3.3987
6.6104 18.2272 -5.0779 -5.7223 -30.6270 14.2215 0.0000 0.0000 0.0000 -3.3883 -12.9760 -40.8433 5.9064 14.3370 44.6048 0.3652 -4.8860 -10.7841 0.0050 -0.4582 -1.2590 0.0000 0.0000 0.0000 24.0975 22.1280 -18.8688 -3.9810 -12.1351 36.2117 -1.4765 -4.3382 -24.8719 -0.0456 1.3778 -3.7888 -4.3988 1.5139 15.2773 -7.3314 0.9590 6.5603 -5.4272 0.4248 -1.5319 -2.5595 9.2941 -6.5289 6.6403 11.4840 26.5567 3.6726 5.6429 8.7733 0.0000 -0.0000 0.0000 -80.8864 -36.1347 51.8762 23.2982 -34.4133 -7.3061 -0.0000 0.0000 -0.2357 40.5701 20.3554 16.5847 -7.1250 0.0000 -0.0000 13.3149 55.5138 3.4807 0.0000 -0.0000 0.0000 70.6644 26.4787 46.5433 -146.7604 43.5134 -106.4132 0.0000 -0.0000 -30.6179 -34.5460 2.8970 -1.9928 7.1250 -0.0000 -0.0000 -6.0415 -26.4548 -2.7317
6.6524 18.1936 -5.2591 -5.6117 -30.1344 13.2445 0.0000 0.0000 0.0000 -7.4260 -7.3432 -42.1668 8.2527 16.3020 53.4679 0.4264 -5.3314 -11.6614 0.0066 -0.5229 -1.4368 0.0000 0.0000 0.0000 24.3940 21.9612 -19.1537 -4.2143 -12.4402 37.3077 -1.4970 -5.0125 -25.3914 -0.0747 1.7631 -4.8514 -3.5093 1.4212 15.2971 -6.9789 0.9772 6.4501 -5.5570 0.4489 -1.6542 -2.9932 9.8629 -5.9515 5.7685 12.5270 27.2819 3.5313 5.9758 8.9068 -0.0000 0.0000 0.0000 -82.7017 -34.2110 53.6936 27.8643 -38.9910 -10.0382 -0.0000 -0.0000 1.1952 40.5732 25.7701 20.4195 -7.1250 0.0000 -0.0000 13.5433 61.9155 5.6293 -0.0000 0.0000 0.0000 67.7017 25.5082 37.2348 -148.4510 42.1847 -107.5631 0.0000 -0.0000 -38.6307 -32.5046 1.5099 -0.9619 7.1250 -0.0000 -0.0000 -4.5887 -28.1790 -1.8834
6.7213 18.1905 -5.4399 -5.0538 -29.9433 12.9407 0.0000 0.0000 0.0000 -10.6265 -3.3320 -42.9752 10.5292 17.6969 61.2431 0.5399 -3.0451 -13.1728 0.0042 -0.4203 -1.1550 0.0000 0.0000 0.0000 23.7506 22.1336 -20.0969 -4.3157 -12.5691 37.7761 -1.4133 -5.3843 -24.9712 -0.0522 1.4739 -4.0538 -3.3482 1.2747 14.9370 -6.6608 0.8456 6.2554 -5.2738 0.3860 -1.6841 -3.0408 10.6795 -6.1774 4.9533 13.8885 27.8766 3.4219 6.4980 9.1647 0.0000 -0.0000 0.0000 -83.5398 -32.1100 55.4652 32.9122 -43.2624 -13.3618 -0.0000 -0.0000 1.8893 43.9386 25.0718 22.2120 -7.1250 0.0000 -0.0000 18.2131 62.0771 7.7022 0.0000 -0.0000 0.0000 65.4520 25.1442 30.1909 -149.6640 41.1797 -108.3698 0.0000 -0.0000 -43.8945 -29.8111 -0.2877 0.1648 7.1250 -0.0000 -0.0000 -2.5670 -30.3061 -0.9217
6.7995 18.2537 -5.5654 -4.9320 -30.6981 12.6764 0.0000 0.0000 0.0000 -12.5435 0.1716 -41.9001 12.1721 18.4625 66.5334 0.6633 -0.9466 -15.0921 0.0002 0.0895 0.2460 0.0000 0.0000 0.0000 23.4728 22.4541 -19.8172 -4.1110 -12.3067 36.8257 -1.2886 -5.4243 -24.0235 -0.0531 1.4870 -4.0898 -3.2818 1.5291 14.8034 -6.1825 1.1963 5.8334 -4.8561 0.5580 -2.0480 -2.8505 11.3469 -5.6179 4.0989 14.9799 28.0212 3.1683 6.9294 9.1679 0.0000 -0.0000 0.0000 -84.3017 -29.2755 56.0862 37.2933 -46.3820 -16.4520 -0.0000 -0.0000 1.7832 46.3710 28.0605 26.2650 -7.1250 0.0000 -0.0000 22.7403 66.3331 11.9640 0.0000 -0.0000 0.0000 64.3168 23.7381 26.1366 -150.7174 40.2705 -109.0571 0.0000 -0.0000 -48.7906 -29.7213 -1.0146 0.5792 7.1250 -0.0000 -0.0000 -2.5140 -31.1423 -0.8523
6.8837 18.3394 -5.6975 -4.5530 -31.2765 12.6685 0.0000 0.0000 0.0000 -13.6242 1.9642 -39.8661 12.7114 18.6755 68.2266 0.6135 1.4513 -15.3907 0.0002 0.1012 0.2782 0.0000 0.0000 0.0000 22.8721 23.1502 -19.6371 -3.8168 -11.9126 35.4235 -1.0668 -6.2260 -22.7002 -0.0676 1.6770 -4.6139 -3.0785 1.5423 14.3052 -6.1048 1.2753 5.6866 -4.8859 0.6004 -1.9301 -2.6898 11.9031 -5.6799 3.7567 15.8245 28.2083 3.1150 7.2924 9.2661 -0.0000 -0.0000 0.0000 -83.4302 -26.5825 54.0313 41.5091 -48.9390 -19.5696 -0.0000 -0.0000 3.1517 47.3987 30.6484 29.0015 -7.1250 0.0000 -0.0000 25.6000 69.6237 15.4336 -0.0000 -0.0000 0.0000 66.0511 22.7640 25.0959 -150.0871 40.8187 -108.6473 0.0000 -0.0000 -51.2214 -28.9389 -1.5207 0.8406 7.1250 -0.0000 -0.0000 -1.8966 -31.7137 -0.6167
6.9748 18.4471 -5.8164 -3.5745 -31.8767 12.5297 0.0000 0.0000 0.0000 -14.7023 2.0583 -36.5553 12.0607 18.4162 66.1809 0.5284 4.0681 -15.8216 0.0092 0.6180 1.6981 0.0000 0.0000 0.0000 21.5577 23.8596 -19.5517 -3.4898 -11.4486 33.8083 -0.8588 -6.9600 -21.3674 -0.0810 1.8356 -5.0515 -3.5044 1.6035 13.9291 -6.0874 1.3236 5.6066 -4.6208 0.6192 -1.8197 -2.6100 12.2546 -5.8134 3.1036 16.4750 28.1526 2.9550 7.5329 9.3268 0.0000 -0.0000 0.0000 -82.0479 -23.9539 51.8840 43.7484 -50.1404 -21.2736 -0.0000 -0.0000 1.8355 49.7346 29.6264 30.2688 -7.1250 0.0000 -0.0000 29.8010 69.1843 17.8255 0.0000 -0.0000 0.0000 69.3239 22.0801 27.7536 -149.5216 41.3000 -108.2759 0.0000 -0.0000 -50.8873 -28.6332 -2.1632 1.1806 7.1250 -0.0000 -0.0000 -1.6554 -32.4411 -0.5092
7.0870 18.5464 -5.9524 -2.7069 -32.3854 12.8875 0.0000 0.0000 0.0000 -15.2754 0.8536 -33.1618 10.6666 17.7680 61.6940 0.5602 5.7608 -17.4098 0.0357 1.2200 3.3544 0.0000 0.0000 0.0000 20.0281 25.0210 -19.9816 -3.1724 -10.9691 32.1758 -0.6434 -7.8349 -19.9773 -0.0706 1.7139 -4.7157 -3.7636 1.7626 13.9842 -6.1304 1.4754 5.3355 -4.5511 0.6928 -2.1319 -2.7107 12.2527 -6.2301 2.7747 16.6042 28.2429 2.9147 7.5420 9.4580 0.0000 -0.0000 0.0000 -80.8855 -21.4503 48.0582 43.6589 -50.0943 -21.2049 -0.0000 -0.0000 2.1602 49.9488 29.8617 30.6386 -7.1250 0.0000 -0.0000 30.4013 69.5167 18.4289 0.0000 -0.0000 0.0000 73.5441 20.7255 32.9804 -148.5374 42.1146 -107.6211 0.0000 -0.0000 -48.4193 -30.1850 -0.7526 0.4377 7.1250 -0.0000 -0.0000 -2.8765 -30.8432 -0.9960
7.2237 18.6450 -6.0869 -1.9786 -32.9219 13.4674 0.0000 0.0000 0.0000 -15.7966 -0.8425 -29.6037 8.7920 16.6720 55.3681 0.3973 9.4928 -18.9063 0.0406 1.3007 3.5766 0.0000 0.0000 0.0000 18.4658 26.4076 -20.4778 -2.8452 -10.4401 30.4139 -0.4124 -9.2036 -18.7822 -0.0830 1.8589 -5.1157 -3.5439 1.8666 13.8578 -6.3950 1.6398 5.3809 -4.9791 0.7779 -1.9921 -2.8655 12.1003 -6.7133 2.4432 16.5095 27.6386 2.8297 7.4739 9.3533 0.0000 0.0000 0.0000 -79.6653 -19.9416 43.1345 41.2528 -48.7949 -19.3766 -0.0000 -0.0000 2.4867 49.0490 29.1522 29.3076 -7.1250 0.0000 -0.0000 28.1355 68.4314 16.3034 0.0000 0.0000 0.0000 79.0256 19.8386 39.8890 -146.7128 43.5496 -106.3805 0.0000 -0.0000 -44.1162 -28.9808 -0.7880 0.4364 7.1250 -0.0000 -0.0000 -1.9197 -30.8773 -0.6627
7.3800 18.7257 -6.2184 -1.5235 -33.3861 14.2536 0.0000 0.0000 0.0000 -15.9736 -2.9565 -26.0770 6.8119 15.1715 48.1594 0.0717 13.3658 -19.8313 0.0207 0.9290 2.5535 0.0000 0.0000 0.0000 16.9059 27.8855 -21.1712 -2.5568 -9.9404 28.7840 -0.2154 -10.4010 -17.7768 -0.0767 1.7866 -4.9162 -3.1744 2.0404 13.9716 -6.6298 1.8971 5.4254 -5.4859 0.9110 -1.9690 -3.2590 11.7622 -7.5070 2.5617 16.1122 27.2905 2.9332 7.2787 9.3377 -0.0000 -0.0000 0.0000 -78.7970 -19.6441 37.6221 36.5301 -45.8743 -15.9019 -0.0000 -0.0000 3.9822 47.6732 28.3572 27.5417 -7.1250 0.0000 -0.0000 25.1498 67.0853 13.7267 -0.0000 -0.0000 0.0000 83.4458 19.0224 47.5440 -143.5398 45.8271 -104.1483 0.0000 -0.0000 -38.8401 -29.3210 1.8432 -1.0350 7.1250 -0.0000 -0.0000 -2.1159 -27.8639 -0.8822
7.5514 18.7719 -6.3669 -1.0042 -33.8189 15.4110 0.0000 0.0000 0.0000 -16.2067 -4.9413 -23.6319 5.2780 13.6902 42.0102 0.3064 12.2537 -20.9634 0.2232 -3.0410 -8.3930 0.0000 0.0000 0.0000 14.8644 29.2503 -22.8967 -2.3773 -9.6113 27.7268 -0.0775 -11.1467 -16.9445 -0.0526 1.4800 -4.0706 -3.5254 2.2062 13.6535 -6.6459 2.0866 5.3160 -5.3203 1.0017 -1.9114 -3.5758 11.3667 -7.8477 2.2643 15.6949 26.8128 2.8502 7.0448 9.2457 -0.0000 0.0000 0.0000 -78.7312 -20.3043 31.0061 30.7943 -41.5646 -11.9331 -0.0000 -0.0000 4.6542 46.9022 25.9905 25.0951 -7.1250 0.0000 -0.0000 22.9477 64.0692 10.8816 -0.0000 0.0000 0.0000 86.1514 19.9374 55.7837 -137.6534 49.4003 -99.7967 0.0000 -0.0000 -35.5090 -31.4981 4.2086 -2.5748 7.1250 -0.0000 -0.0000 -3.6455 -25.0467 -1.7627
7.7342 18.8018 -6.5229 -1.0794 -35.1745 16.0494 0.0000 0.0000 0.0000 -16.6566 -4.2066 -21.7686 4.2787 12.5223 37.6055 0.5246 11.2508 -22.0173 0.9272 -6.1341 -17.1741 0.0000 0.0000 0.0000 13.6087 30.6356 -23.5984 -2.1635 -9.1987 26.4189 0.0297 -11.2316 -15.5508 -0.0459 1.3830 -3.8032 -4.2021 2.7430 13.8704 -6.8130 2.6707 5.4123 -5.2153 1.2803 -1.9072 -3.1036 11.0725 -8.1843 2.0298 15.2673 26.3963 2.6769 6.8792 9.2343 0.0000 -0.0000 0.0000 -78.5069 -22.2146 23.2854 24.9758 -36.1793 -8.2756 -0.0000 -0.0000 6.5038 45.8167 24.9336 23.4493 -7.1250 0.0000 -0.0000 20.9452 62.4772 9.1077 0.0000 -0.0000 0.0000 87.5954 22.2980 63.3906 -130.2335 52.9009 -94.0122 0.0000 -0.0000 -33.4385 -33.5557 5.5249 -3.6539 7.1250 -0.0000 -0.0000 -5.0641 -23.3648 -2.6505
7.9344 18.8165 -6.6963 -0.9715 -34.9019 16.8402 0.0000 0.0000 0.0000 -16.8198 -4.1698 -21.4117 3.5109 11.4794 33.9144 0.6725 10.2315 -22.3963 1.0788 -6.6020 -18.5414 0.0000 0.0000 0.0000 12.0208 31.9164 -24.8562 -2.0132 -8.8935 25.4628 0.2178 -12.6347 -14.8198 -0.0439 1.3520 -3.7179 -4.8245 2.7879 13.8055 -6.8250 2.6636 5.5897 -4.8668 1.2671 -1.7111 -3.2125 10.5906 -8.8425 2.3676 14.5641 26.1814 2.7758 6.5844 9.2576 -0.0000 0.0000 0.0000 -78.1526 -25.2810 17.3753 19.0958 -29.5375 -5.0780 -0.0000 -0.0000 6.7164 43.7408 19.8787 18.0251 -7.1250 0.0000 -0.0000 17.0579 55.7426 4.5926 -0.0000 0.0000 0.0000 87.6526 24.3771 69.1172 -124.9211 54.8492 -89.7195 0.0000 -0.0000 -32.2534 -35.2379 6.2857 -4.4226 7.1250 -0.0000 -0.0000 -6.2129 -22.3140 -3.4083
8.1236 18.8264 -6.8531 -1.6763 -34.5456 17.4375 0.0000 0.0000 0.0000 -16.6032 -2.6696 -21.9821 3.1708 10.9665 32.1669 0.8885 8.5226 -22.8431 0.7957 -5.6939 -15.8988 0.0000 0.0000 0.0000 11.5355 33.4064 -25.0202 -1.8529 -8.5527 24.4059 0.4094 -14.1695 -14.4160 -0.0132 0.7411 -2.0366 -5.0096 3.0347 14.0197 -6.8053 2.9561 5.8467 -4.7912 1.4061 -1.5485 -3.0625 10.2949 -9.2248 2.6800 14.0608 25.7627 2.8160 6.4151 9.1785 -0.0000 -0.0000 0.0000 -77.5867 -28.2417 14.4135 15.1232 -24.3174 -3.2765 -0.0000 -0.0000 7.4275 41.8945 17.3109 14.9455 -7.1250 0.0000 -0.0000 14.5355 52.1174 2.5920 -0.0000 -0.0000 0.0000 86.9997 26.4609 72.3109 -122.1646 55.7050 -87.4537 0.0000 -0.0000 -30.6474 -36.8835 7.1283 -5.3198 7.1250 -0.0000 -0.0000 -7.2945 -21.1236 -4.2092
8.3052 18.8113 -7.0241 -2.3227 -33.2679 18.0090 0.0000 0.0000 0.0000 -16.4679 -1.4444 -23.2498 3.0177 10.7237 31.3536 0.9564 7.7165 -22.8067 0.7184 -5.4164 -15.1002 0.0000 0.0000 0.0000 11.2231 33.8252 -25.2626 -1.6851 -8.1767 23.2522 0.5391 -15.2407 -14.3639 -0.0004 0.1212 -0.3330 -5.4817 2.8470 14.0532 -6.6052 2.6638 5.9385 -4.2657 1.2520 -1.5134 -2.9241 10.3798 -9.1809 2.6015 14.1576 25.3035 2.7535 6.4818 9.0243 0.0000 -0.0000 0.0000 -78.0612 -30.1216 15.0175 13.1302 -21.4777 -2.5008 -0.0000 -0.0000 6.6319 42.7527 14.7554 13.2495 -7.1250 0.0000 -0.0000 15.1047 49.1081 1.5626 0.0000 -0.0000 0.0000 85.9269 28.0675 73.0979 -122.7526 55.5307 -87.9389 0.0000 -0.0000 -28.8027 -36.6298 7.1826 -5.3109 7.1250 -0.0000 -0.0000 -7.1067 -21.0842 -4.1055
8.4761 18.7932 -7.1496 -3.3009 -32.2785 18.0281 0.0000 0.0000 0.0000 -15.8565 -1.2311 -23.6662 3.0090 10.7096 31.3067 1.1451 6.8897 -23.8012 0.3468 -3.7837 -10.4690 0.0000 0.0000 0.0000 11.9151 33.3188 -24.8492 -1.5624 -7.8880 22.3745 0.5628 -15.3058 -14.0522 -0.0092 -0.6202 1.7043 -5.6334 2.7343 14.0848 -6.6381 2.4927 5.9139 -4.1918 1.1663 -1.5664 -2.6451 10.6560 -8.6680 2.9627 14.3826 25.6697 2.8296 6.6350 9.0406 0.0000 -0.0000 0.0000 -80.0592 -30.2526 17.1587 13.8638 -22.5397 -2.7757 -0.0000 -0.0000 4.4133 43.9700 16.0449 14.9294 -7.1250 0.0000 -0.0000 16.6301 51.0054 2.5200 0.0000 -0.0000 0.0000 84.6785 28.7809 71.7109 -124.7776 54.8963 -89.6022 0.0000 -0.0000 -27.1046 -36.5427 6.8145 -5.0255 7.1250 -0.0000 -0.0000 -7.0906 -21.5447 -4.0215
8.6308 18.7955 -7.2520 -3.6286 -30.1924 17.6990 0.0000 0.0000 0.0000 -15.4365 -1.9353 -23.9797 3.0698 10.8071 31.6321 1.1827 6.2959 -23.7134 0.2180 -3.0055 -8.2940 0.0000 0.0000 0.0000 12.2731 32.1391 -24.3406 -1.4522 -7.6174 21.5578 0.6807 -16.1990 -13.9263 -0.0119 -0.7058 1.9397 -5.6901 2.1176 13.5736 -6.9671 1.7367 5.9696 -4.3720 0.7946 -1.2463 -2.3471 10.8943 -8.4981 3.6855 14.4944 26.6604 3.0658 6.7487 9.3123 0.0000 0.0000 0.0000 -82.3174 -30.7416 19.9457 15.2893 -24.5475 -3.3452 -0.0000 -0.0000 2.3751 43.4694 17.8868 16.2330 -7.1250 0.0000 -0.0000 16.3955 53.2039 3.3805 0.0000 0.0000 0.0000 83.1433 29.1553 68.9614 -127.7666 53.8575 -92.0321 0.0000 -0.0000 -26.1483 -35.4106 5.9230 -4.1959 7.1250 -0.0000 -0.0000 -6.3783 -22.7382 -3.4380
8.7551 18.7991 -7.3129 -3.9311 -28.5307 16.6035 0.0000 0.0000 0.0000 -14.9311 -2.7951 -23.3092 3.1934 11.0018 32.2860 1.1789 5.5756 -23.2259 0.1493 -2.4899 -6.8616 0.0000 0.0000 0.0000 13.1572 30.7032 -23.1303 -1.4195 -7.5347 21.3095 0.6956 -16.4752 -14.3607 -0.0369 -1.2403 3.4102 -5.8240 1.8555 13.1570 -7.4461 1.4237 6.1005 -4.7478 0.6401 -0.8812 -2.0578 11.0654 -7.7490 4.3262 14.5055 27.2700 3.2085 6.8277 9.3542 0.0000 0.0000 0.0000 -84.1667 -31.9191 24.0577 16.5323 -26.2371 -3.8783 -0.0000 -0.0000 1.0893 42.7740 18.2838 16.1852 -7.1250 0.0000 -0.0000 15.6590 53.5281 3.3482 0.0000 0.0000 0.0000 81.0145 28.6654 65.2160 -131.7612 52.2600 -95.2255 0.0000 -0.0000 -25.6215 -34.8832 5.8671 -4.0763 7.1250 -0.0000 -0.0000 -6.0007 -22.8504 -3.2167
8.8599 18.7897 -7.3106 -4.6749 -26.9588 15.0547 0.0000 0.0000 0.0000 -14.1014 -3.8399 -21.6264 3.3232 11.2007 32.9599 1.1991 5.0325 -23.0654 0.1725 -2.6758 -7.3774 0.0000 0.0000 0.0000 14.8322 28.9188 -21.1693 -1.4241 -7.5463 21.3441 0.6454 -16.2813 -14.8482 -0.0461 -1.3857 3.8108 -5.1192 1.8738 12.9998 -7.8554 1.5644 6.3770 -5.5978 0.7283 -0.4661 -2.0393 11.1020 -7.0556 5.0632 14.3637 27.7132 3.4047 6.8320 9.3220 0.0000 -0.0000 0.0000 -85.4206 -32.1737 30.7439 18.7613 -29.1209 -4.9141 -0.0000 0.0000 -0.5493 42.0952 18.0412 15.6311 -7.1250 0.0000 -0.0000 14.8516 53.0660 2.9996 0.0000 -0.0000 0.0000 78.0936 27.8013 60.0885 -136.4379 50.0443 -98.8693 0.0000 -0.0000 -26.0053 -32.7031 5.2574 -3.3670 7.1250 -0.0000 -0.0000 -4.4606 -23.7424 -2.2938
8.9549 18.7536 -7.4611 -4.3872 -22.9714 14.9072 0.0000 0.0000 0.0000 -13.4181 -5.6973 -23.2523 3.5585 11.5485 34.1528 1.1118 3.2756 -21.3479 0.2384 -3.1423 -8.6751 0.0000 0.0000 0.0000 14.5533 26.9994 -22.3172 -1.5212 -7.7882 22.0725 0.7675 -17.6612 -16.0671 -0.0503 -1.4477 3.9816 -5.1656 1.2296 13.2083 -7.7734 0.6745 5.8278 -5.3711 0.2985 -1.2167 -2.3070 11.0397 -6.2055 5.3943 14.2339 28.1248 3.5009 6.7756 9.2639 -0.0000 0.0000 0.0000 -86.3472 -31.8593 38.1866 21.5259 -32.4371 -6.3297 -0.0000 -0.0000 1.3912 41.4269 19.3297 16.2828 -7.1250 0.0000 -0.0000 14.2314 54.4839 3.3677 -0.0000 0.0000 0.0000 74.7062 26.3983 53.4279 -141.0479 47.4367 -102.3365 0.0000 -0.0000 -28.3916 -30.8789 6.9063 -4.1128 7.1250 -0.0000 -0.0000 -2.9924 -21.9506 -1.6591
9.0212 18.7232 -7.5323 -4.9179 -20.7350 14.0055 0.0000 0.0000 0.0000 -12.7157 -5.6269 -23.1841 3.6573 11.6898 34.6434 1.1217 1.8810 -20.7680 0.0938 -1.9756 -5.4383 0.0000 0.0000 0.0000 15.6251 25.7060 -21.6383 -1.5819 -7.9347 22.5161 0.7993 -18.3023 -17.1094 -0.0551 -1.5143 4.1652 -4.8297 1.1933 12.9596 -7.6678 0.7195 5.9447 -5.4456 0.3291 -0.9549 -2.6754 11.1257 -6.0938 5.8706 14.3193 28.7650 3.7443 6.8153 9.3932 0.0000 -0.0000 0.0000 -86.2899 -32.0528 45.1907 24.7285 -35.9252 -8.1301 -0.0000 -0.0000 1.9395 39.5578 22.2721 17.3838 -7.1250 0.0000 -0.0000 12.1819 57.5409 3.7782 0.0000 -0.0000 0.0000 72.1754 25.9332 45.2319 -144.3716 45.2557 -104.7420 0.0000 -0.0000 -34.3016 -27.3955 8.1988 -4.2269 7.1250 -0.0000 -0.0000 -0.3852 -20.7622 -0.2236
9.0802 18.6929 -7.6015 -5.1796 -19.0141 12.9097 0.0000 0.0000 0.0000 -12.5047 -5.7014 -22.5081 3.6628 11.6977 34.6707 1.1588 0.9723 -20.7172 0.0284 -1.0880 -2.9910 0.0000 0.0000 0.0000 16.3903 24.1666 -21.0419 -1.6323 -8.0540 22.8782 0.7980 -18.4351 -17.4477 -0.0630 -1.6194 4.4550 -4.9822 1.2307 13.2924 -7.5483 0.7160 5.7789 -5.2405 0.3288 -1.3136 -2.6920 11.4881 -5.6411 6.1050 14.7801 29.3306 3.8562 7.0375 9.4682 -0.0000 0.0000 0.0000 -86.1022 -31.3898 49.9528 28.1892 -39.2899 -10.2433 -0.0000 -0.0000 1.8853 39.9761 23.6702 18.6027 -7.1250 0.0000 -0.0000 12.7265 59.2972 4.4896 -0.0000 0.0000 0.0000 71.0241 24.7825 37.1321 -146.2475 43.9005 -106.0588 0.0000 -0.0000 -41.1536 -24.2890 6.7467 -3.0348 7.1250 -0.0000 -0.0000 1.8156 -22.5860 0.9795
9.1341 18.6646 -7.6761 -5.3700 -17.3586 12.2117 0.0000 0.0000 0.0000 -12.2287 -6.6296 -21.8841 3.5964 11.6030 34.3418 1.2085 0.6030 -21.0084 0.0270 -1.0617 -2.9185 0.0000 0.0000 0.0000 16.7582 23.0088 -21.0242 -1.7166 -8.2491 23.4731 0.7692 -18.5341 -18.1087 -0.0661 -1.6592 4.5646 -5.0647 1.2351 13.1960 -7.5101 0.7328 5.7868 -5.1521 0.3387 -1.2536 -2.5411 11.9414 -5.4752 6.2988 15.3603 29.3823 3.9279 7.3453 9.4237 -0.0000 0.0000 0.0000 -85.4311 -31.2811 54.5050 31.6765 -42.2877 -12.5226 -0.0000 -0.0000 0.8147 41.1938 27.4539 21.9749 -7.1250 0.0000 -0.0000 14.4436 64.0443 6.7339 -0.0000 0.0000 0.0000 70.4844 24.5212 30.3538 -147.0625 43.2820 -106.6208 0.0000 -0.0000 -46.5712 -23.3836 5.0500 -2.1797 7.1250 -0.0000 -0.0000 2.4589 -24.4809 1.2200
9.1778 18.6384 -7.7385 -5.5081 -16.2862 11.7360 0.0000 0.0000 0.0000 -12.0245 -7.5812 -21.1347 3.4935 11.4540 33.8268 1.3006 0.1361 -21.6212 0.0035 -0.3808 -1.0463 0.0000 0.0000 0.0000 16.9606 22.4218 -21.1766 -1.8237 -8.4889 24.2091 0.7645 -18.6771 -18.4962 -0.0405 -1.2990 3.5720 -5.2572 1.5073 13.0029 -7.4185 1.0817 5.6099 -4.9908 0.5117 -1.3225 -2.5276 12.1092 -4.9795 6.7953 15.4728 29.7311 4.0758 7.4490 9.4041 -0.0000 0.0000 0.0000 -85.6778 -30.4141 56.2866 33.7599 -43.9061 -13.9463 -0.0000 -0.0000 1.2249 42.6787 29.9249 24.7022 -7.1250 0.0000 -0.0000 16.8473 67.3254 9.1557 -0.0000 0.0000 0.0000 70.6408 23.3477 25.0050 -146.7556 43.5170 -106.4099 0.0000 -0.0000 -50.5522 -22.9659 3.8937 -1.6483 7.1250 -0.0000 -0.0000 2.7707 -25.7510 1.2932
9.2091 18.6388 -7.7965 -5.4148 -15.7079 11.4785 0.0000 0.0000 0.0000 -12.0461 -8.1493 -20.8010 3.4726 11.4234 33.7214 1.3111 -0.2151 -21.5908 0.0022 0.3006 0.8260 0.0000 0.0000 0.0000 16.8736 22.1303 -21.4122 -1.8764 -8.6037 24.5633 0.8289 -19.1303 -18.6011 -0.0284 -1.0885 2.9923 -5.6472 1.9593 12.5520 -7.3586 1.6746 5.5023 -4.7747 0.8011 -1.1740 -2.6225 12.3404 -4.7633 7.0053 15.7747 29.9607 4.1740 7.6023 9.4022 -0.0000 -0.0000 0.0000 -85.5197 -28.7492 55.9279 36.1334 -45.6047 -15.6177 -0.0000 -0.0000 2.3441 43.6575 34.4878 28.3823 -7.1250 0.0000 -0.0000 18.9593 72.7357 12.6032 -0.0000 -0.0000 0.0000 70.7919 22.0285 22.3576 -146.0254 44.0659 -105.9046 0.0000 -0.0000 -53.3232 -22.3296 2.7733 -1.1385 7.1250 -0.0000 -0.0000 3.2657 -26.9786 1.4310
9.2398 18.6325 -7.8419 -5.0063 -15.3006 10.9621 0.0000 0.0000 0.0000 -12.5213 -8.1884 -20.3889 3.3442 11.2324 33.0678 1.2037 -0.1349 -20.7070 0.0030 -0.3556 -0.9771 0.0000 0.0000 0.0000 16.5727 21.7502 -21.4904 -1.9477 -8.7563 25.0359 0.8611 -19.4081 -18.7802 -0.0343 -1.1951 3.2858 -5.8904 2.3622 12.4630 -7.5166 2.1845 5.5158 -4.8738 1.0530 -1.0895 -3.0369 12.6400 -4.5046 7.3049 16.1863 29.9733 4.3298 7.7908 9.2675 -0.0000 -0.0000 0.0000 -84.8721 -26.4554 53.8374 38.1504 -46.9351 -17.0754 -0.0000 -0.0000 2.7248 46.3293 33.0680 29.7504 -7.1250 0.0000 -0.0000 24.3443 72.0040 15.9057 -0.0000 -0.0000 0.0000 71.8733 20.5162 23.5084 -145.8234 44.2151 -105.7639 0.0000 -0.0000 -54.0905 -22.6042 2.6373 -1.0975 7.1250 -0.0000 -0.0000 3.0576 -27.1202 1.3294
9.2524 18.6503 -7.8914 -4.9343 -15.0258 10.9521 0.0000 0.0000 0.0000 -12.5322 -8.2972 -20.4270 3.2639 11.1105 32.6535 1.1458 -0.0823 -20.2177 0.0016 -0.2567 -0.7053 0.0000 0.0000 0.0000 16.5061 21.9098 -21.3459 -1.8880 -8.6287 24.6406 0.9889 -20.1188 -18.6371 -0.0179 -0.8629 2.3717 -5.7148 2.8426 12.0466 -7.6038 2.8902 5.5929 -5.1358 1.4073 -0.7381 -3.3156 12.8007 -4.6818 7.3939 16.4619 30.2353 4.4469 7.8976 9.3430 -0.0000 0.0000 0.0000 -83.4085 -23.6495 50.6017 39.9745 -48.0548 -18.4203 -0.0000 -0.0000 3.0404 46.7303 32.8459 29.9493 -7.1250 0.0000 -0.0000 25.1286 71.8810 16.3703 -0.0000 0.0000 0.0000 74.0669 19.5200 26.8091 -146.0157 44.0731 -105.8978 0.0000 -0.0000 -52.8867 -22.1197 3.2385 -1.3154 7.1250 -0.0000 -0.0000 3.4188 -26.4817 1.5381
9.2606 18.6623 -7.9364 -4.9821 -14.8992 11.1067 0.0000 0.0000 0.0000 -12.4506 -8.6510 -20.5753 3.2123 11.0311 32.3848 1.1176 0.4549 -20.1551 0.0015 -0.2501 -0.6872 0.0000 0.0000 0.0000 16.5190 21.8191 -21.1372 -1.7507 -8.3263 23.7097 1.1065 -20.6077 -18.1199 -0.0059 -0.4942 1.3579 -5.6479 3.3654 11.8076 -7.4542 3.6170 5.5918 -5.0899 1.7690 -0.5807 -3.0598 12.8467 -4.9630 6.6226 16.7329 30.5551 4.2352 7.9545 9.6075 0.0000 -0.0000 0.0000 -82.0446 -20.4728 46.9278 40.6769 -48.4659 -18.9444 -0.0000 -0.0000 2.9473 46.4595 31.5510 28.8380 -7.1250 0.0000 -0.0000 24.0717 70.3504 14.8582 0.0000 -0.0000 0.0000 76.4521 18.8687 33.3197 -146.1028 44.0084 -105.9584 0.0000 -0.0000 -49.2274 -23.5583 3.6549 -1.5921 7.1250 -0.0000 -0.0000 2.3227 -25.9926 1.0707
9.2638 18.6862 -7.9759 -4.7659 -14.7510 11.1710 0.0000 0.0000 0.0000 -12.7327 -9.0344 -20.4857 3.1017 10.8579 31.8022 1.0692 1.4257 -20.0995 0.0125 -0.7222 -1.9847 0.0000 0.0000 0.0000 16.2477 21.5263 -20.8526 -1.6160 -8.0157 22.7618 1.1093 -20.5908 -18.0308 -0.0058 -0.4933 1.3555 -5.8423 3.8602 11.7839 -7.3967 4.2503 5.5803 -4.9982 2.0806 -0.5663 -3.1908 12.7588 -5.0824 6.6581 16.6397 30.4391 4.2618 7.9151 9.5752 -0.0000 -0.0000 0.0000 -80.2890 -17.6850 43.1427 39.8364 -47.9727 -18.3176 -0.0000 -0.0000 0.7636 47.9795 30.8116 29.6167 -7.1250 0.0000 -0.0000 26.8518 69.9877 16.4393 -0.0000 -0.0000 0.0000 78.5773 18.4049 41.6712 -145.4430 44.4932 -105.4980 0.0000 -0.0000 -44.5285 -25.2862 5.1319 -2.4197 7.1250 -0.0000 -0.0000 1.0396 -24.3075 0.5196
9.2493 18.6976 -8.0402 -4.9492 -14.6634 11.6877 0.0000 0.0000 0.0000 -12.3681 -9.2203 -21.1629 3.0716 10.8100 31.6418 1.0528 1.7617 -20.0940 0.0042 -0.4201 -1.1543 0.0000 0.0000 0.0000 16.2428 22.0608 -20.9063 -1.5060 -7.7508 21.9598 1.1543 -20.9141 -18.2011 -0.0175 -0.8549 2.3497 -5.8412 4.2489 11.6052 -7.5118 4.7797 5.5838 -5.1733 2.3458 -0.4297 -2.7732 12.5528 -5.7310 6.6332 16.3269 29.9986 4.2035 7.8294 9.5927 0.0000 0.0000 0.0000 -78.0109 -16.7383 39.5404 35.3177 -45.0377 -15.0377 -0.0000 0.0000 -2.2608 48.0426 27.8689 27.4714 -7.1250 0.0000 -0.0000 25.6080 66.6341 13.7288 0.0000 0.0000 0.0000 80.3809 18.4597 50.9979 -143.6601 45.7455 -104.2346 0.0000 -0.0000 -38.7638 -27.0260 5.1420 -2.6176 7.1250 -0.0000 -0.0000 -0.2571 -24.2115 -0.1290
9.2288 18.7166 -8.0877 -4.9076 -14.2715 11.9919 0.0000 0.0000 0.0000 -12.2505 -9.2268 -21.6513 3.0524 10.7794 31.5396 1.0176 1.9084 -19.8345 0.0141 -0.7656 -2.1039 0.0000 0.0000 0.0000 16.1770 22.0542 -20.9081 -1.3980 -7.4798 21.1448 1.2999 -21.5667 -17.7116 -0.0080 -0.5780 1.5883 -6.3348 4.7071 11.5814 -7.5284 5.3317 5.5856 -4.9848 2.6109 -0.4272 -2.7226 12.1471 -6.0907 6.9409 15.6883 29.4691 4.2463 7.6003 9.4716 -0.0000 0.0000 0.0000 -76.6656 -16.9812 36.9520 29.4180 -40.3893 -11.0305 -0.0000 0.0000 -5.6013 45.8674 24.5717 23.2008 -7.1250 0.0000 -0.0000 20.9240 62.0595 8.8917 -0.0000 0.0000 0.0000 80.9109 18.8451 59.4634 -141.1254 47.3888 -102.3936 0.0000 -0.0000 -33.1382 -30.9510 6.1990 -3.7051 7.1250 -0.0000 -0.0000 -3.0985 -22.7646 -1.6605
9.2030 18.7205 -8.1571 -4.9380 -13.2847 12.2139 0.0000 0.0000 0.0000 -11.8888 -9.2140 -22.3962 3.0399 10.7594 31.4728 0.9696 1.3436 -19.1350 0.0422 -1.3258 -3.6457 0.0000 0.0000 0.0000 16.1611 22.0996 -21.0721 -1.3734 -7.4164 20.9551 1.3539 -22.1042 -18.4285 -0.0219 -0.9553 2.6258 -6.8280 5.0400 11.6687 -7.4227 5.7165 5.6599 -4.6546 2.7909 -0.4351 -2.2811 11.6484 -6.3610 6.6226 15.0255 29.4253 4.0576 7.3088 9.6119 0.0000 0.0000 0.0000 -76.2249 -18.5286 36.0217 23.7910 -34.9425 -7.5865 -0.0000 0.0000 -6.9070 43.8585 21.2982 19.2405 -7.1250 0.0000 -0.0000 17.4529 57.5150 5.4597 0.0000 0.0000 0.0000 81.0512 18.7585 65.2407 -138.5766 48.8910 -100.4950 0.0000 -0.0000 -27.8307 -32.2687 7.3622 -4.6257 7.1250 -0.0000 -0.0000 -3.9598 -21.3004 -2.2562
9.1967 18.7265 -8.2165 -4.9970 -11.7912 12.4884 0.0000 0.0000 0.0000 -11.4590 -10.0362 -23.1394 3.0772 10.8190 31.6719 0.9262 0.9696 -18.5593 0.0337 -1.1844 -3.2563 0.0000 0.0000 0.0000 16.1409 21.6498 -21.1716 -1.2916 -7.2009 20.3118 1.4981 -22.9565 -18.7046 -0.0247 -1.0154 2.7912 -7.1920 4.8954 11.6352 -7.2693 5.5217 5.8754 -4.2539 2.6814 -0.2422 -2.8233 11.5303 -6.9801 6.8566 14.9205 29.5197 4.2588 7.2309 9.6947 -0.0000 0.0000 0.0000 -76.4154 -20.2244 37.3713 20.6764 -31.4486 -5.8802 -0.0000 0.0000 -7.7204 44.2367 20.5803 18.8948 -7.1250 0.0000 -0.0000 17.7997 56.7387 5.2358 -0.0000 0.0000 0.0000 80.7256 19.1488 67.9357 -138.7924 48.7693 -100.6574 0.0000 -0.0000 -24.9611 -32.7986 7.0764 -4.5391 7.1250 -0.0000 -0.0000 -4.3685 -21.5885 -2.4617
9.2025 18.7429 -8.2617 -5.3579 -10.7347 12.5072 0.0000 0.0000 0.0000 -10.9026 -10.7506 -23.1455 3.0489 10.7738 31.5207 0.8871 0.9191 -18.1508 0.0335 -1.1819 -3.2494 0.0000 0.0000 0.0000 16.5167 21.1463 -20.7933 -1.1918 -6.9274 19.5004 1.5171 -23.1723 -19.0663 -0.0475 -1.4059 3.8663 -7.1449 4.7457 11.6426 -7.3448 5.3367 5.9157 -4.3354 2.5927 -0.1957 -2.6615 11.7817 -6.4310 6.7084 15.2664 29.3665 4.1569 7.3928 9.5486 -0.0000 0.0000 0.0000 -77.8205 -20.9110 38.6466 20.6987 -31.4750 -5.8918 -0.0000 0.0000 -8.6186 44.7872 21.7996 20.2346 -7.1250 0.0000 -0.0000 18.7537 58.3861 6.2823 -0.0000 0.0000 0.0000 79.9064 19.4184 68.0890 -140.2782 47.9042 -101.7675 0.0000 -0.0000 -22.0667 -31.9793 6.6390 -4.1288 7.1250 -0.0000 -0.0000 -3.8139 -22.1725 -2.0970
9.2266 18.7648 -8.3112 -5.7326 -9.9097 12.5396 0.0000 0.0000 0.0000 -10.3201 -11.6492 -23.1072 3.0292 10.7421 31.4151 0.8502 0.9146 -17.7756 0.0237 -0.9929 -2.7293 0.0000 0.0000 0.0000 16.6554 21.1118 -20.5467 -1.1363 -6.7698 19.0351 1.6553 -23.6496 -18.3625 -0.0169 -0.8384 2.3043 -7.0307 4.4090 11.6023 -7.6428 4.8938 5.7359 -4.6650 2.3845 -0.3382 -2.6573 12.0687 -5.9034 7.1715 15.5404 29.7211 4.3033 7.5565 9.5181 0.0000 -0.0000 0.0000 -79.7991 -22.2720 39.2063 20.5663 -31.3185 -5.8228 -0.0000 0.0000 -8.2024 42.5785 19.4483 17.0109 -7.1250 0.0000 -0.0000 15.5952 54.9144 3.8672 0.0000 -0.0000 0.0000 78.5660 20.2060 67.5699 -141.6394 47.0681 -102.7709 0.0000 -0.0000 -20.4177 -32.1920 6.8506 -4.2944 7.1250 -0.0000 -0.0000 -3.9500 -21.9069 -2.1962
9.2808 18.7844 -8.3599 -5.1548 -9.0998 12.3231 0.0000 0.0000 0.0000 -10.9734 -12.6520 -22.5735 2.8711 10.4834 30.5568 0.7823 1.2897 -17.2229 0.0568 -1.5373 -4.2285 0.0000 0.0000 0.0000 15.5471 20.3380 -21.0088 -1.1965 -6.9405 19.5391 1.5838 -22.8991 -17.0251 -0.0000 0.0412 -0.1133 -7.3672 4.0800 11.5695 -8.3695 4.4119 5.6319 -5.2016 2.1532 -0.4029 -2.3049 12.0943 -5.9271 7.4480 15.4775 30.5642 4.4019 7.5632 9.8378 0.0000 0.0000 0.0000 -81.7375 -24.1304 40.9477 20.9317 -31.7485 -6.0139 -0.0000 0.0000 -9.0124 41.2512 18.6127 15.6378 -7.1250 0.0000 -0.0000 13.9582 53.5675 2.9861 0.0000 0.0000 0.0000 76.7224 21.3020 65.8327 -143.4625 45.8793 -104.0929 0.0000 -0.0000 -19.4370 -31.3347 6.0342 -3.6621 7.1250 -0.0000 -0.0000 -3.3921 -22.9282 -1.8057
9.3080 18.8018 -8.4250 -5.8781 -7.8492 11.8266 0.0000 0.0000 0.0000 -10.0705 -13.3855 -21.9773 2.7778 10.3263 30.0401 0.7060 1.1720 -16.3393 0.0434 -1.3447 -3.6977 0.0000 0.0000 0.0000 16.1188 20.0262 -20.5079 -1.2130 -6.9865 19.6753 1.5886 -22.8225 -16.6470 -0.0145 0.7762 -2.1332 -6.7133 3.6864 12.1314 -8.5138 3.8888 5.5810 -5.6983 1.9140 -0.7312 -2.2237 12.0418 -5.7963 7.3709 15.4222 30.7069 4.3610 7.5304 9.8846 -0.0000 -0.0000 0.0000 -83.1885 -26.2828 43.6783 21.4678 -32.3704 -6.2985 -0.0000 0.0000 -9.3775 41.0479 19.6437 16.3159 -7.1250 0.0000 -0.0000 13.8200 54.7726 3.3654 -0.0000 -0.0000 0.0000 74.4120 22.6521 63.2150 -145.3348 44.5716 -105.4221 0.0000 -0.0000 -20.4948 -31.5314 5.9021 -3.6101 7.1250 -0.0000 -0.0000 -3.5465 -23.0679 -1.8768
9.3358 18.8130 -8.4985 -6.1521 -6.8583 11.5590 0.0000 0.0000 0.0000 -9.6969 -13.9195 -21.9769 2.7853 10.3392 30.0822 0.6858 0.8404 -15.9711 0.0369 -1.2400 -3.4094 0.0000 0.0000 0.0000 16.1583 19.6445 -20.5428 -1.2169 -6.9973 19.7075 1.7131 -23.2060 -15.5002 -0.0571 1.5417 -4.2407 -6.7422 3.3645 12.7133 -8.5278 3.3651 5.3417 -5.6767 1.6595 -1.3280 -2.6853 11.9485 -5.8980 7.2030 15.4262 30.7494 4.3826 7.4640 9.8931 0.0000 -0.0000 0.0000 -83.8887 -27.5326 47.8433 23.5031 -34.6344 -7.4222 -0.0000 0.0000 -9.9764 39.9390 21.6656 17.1773 -7.1250 0.0000 -0.0000 12.6291 56.9205 3.7299 0.0000 -0.0000 0.0000 72.1159 24.0223 58.4870 -147.3810 43.0351 -106.8387 0.0000 -0.0000 -23.1412 -28.2312 6.1886 -3.3125 7.1250 -0.0000 -0.0000 -1.1029 -22.9638 -0.5853
9.3598 18.8302 -8.5594 -6.2649 -5.2466 11.3119 0.0000 0.0000 0.0000 -9.4194 -14.8739 -22.0127 2.8123 10.3848 30.2320 0.6428 0.1617 -15.2098 0.0059 -0.4942 -1.3580 0.0000 0.0000 0.0000 16.1107 19.0810 -20.7122 -1.2690 -7.1400 20.1307 1.7676 -23.5923 -15.9533 -0.0483 1.4183 -3.9006 -6.7007 3.0439 12.9763 -8.2992 2.9380 5.4048 -5.4049 1.4490 -1.4366 -3.0547 11.8182 -6.1665 6.7312 15.4522 30.7262 4.3046 7.3857 9.9487 -0.0000 -0.0000 0.0000 -83.6037 -28.1873 53.7158 27.2040 -38.3731 -9.6255 -0.0000 0.0000 -11.3252 41.4754 24.1560 19.8869 -7.1250 0.0000 -0.0000 14.6992 60.2819 5.5499 -0.0000 -0.0000 0.0000 70.4846 24.8427 51.3300 -149.8726 41.0024 -108.5069 0.0000 -0.0000 -29.3722 -25.2654 6.4992 -3.0579 7.1250 -0.0000 -0.0000 1.0915 -22.8002 0.5833
9.3727 18.8215 -8.6222 -6.7870 -4.0170 11.1623 0.0000 0.0000 0.0000 -8.5492 -16.0005 -22.0062 2.7571 10.2910 29.9244 0.6116 -0.2029 -14.7103 0.0167 -0.8338 -2.2915 0.0000 0.0000 0.0000 16.5842 18.6986 -21.0990 -1.3404 -7.3304 20.6981 1.8687 -24.0630 -15.7358 -0.0793 1.8169 -4.9999 -6.6083 2.8645 13.2434 -7.7719 2.7076 5.4625 -4.8658 1.3321 -1.5561 -3.2276 11.8546 -6.6515 6.0779 15.7399 30.7085 4.1778 7.4231 10.0719 -0.0000 0.0000 0.0000 -83.3332 -28.4621 57.5058 30.9994 -41.7348 -12.0695 -0.0000 0.0000 -11.3254 40.2333 27.3647 21.2508 -7.1250 0.0000 -0.0000 13.0531 63.6576 5.9563 -0.0000 0.0000 0.0000 69.5470 26.0567 42.7366 -151.7963 39.3031 -109.7476 0.0000 -0.0000 -37.4483 -21.7632 6.0917 -2.4259 7.1250 -0.0000 -0.0000 3.6681 -23.4274 1.9111
9.4046 18.8453 -8.6605 -7.0813 -3.3151 10.9505 0.0000 0.0000 0.0000 -8.2451 -16.6417 -21.8235 2.7555 10.2883 29.9153 0.5841 -0.1496 -14.3912 0.0078 -0.5692 -1.5641 0.0000 0.0000 0.0000 16.7933 18.0761 -21.1046 -1.3452 -7.3431 20.7359 1.8310 -23.7600 -15.1919 -0.0672 1.6729 -4.6024 -6.3438 2.7825 13.1600 -7.5678 2.6576 5.5092 -4.7796 1.3090 -1.4644 -2.9905 11.9878 -6.1626 5.5558 15.9995 30.3918 3.9324 7.5212 9.9292 0.0000 -0.0000 0.0000 -82.5203 -27.6912 60.2501 35.5372 -45.1919 -15.1932 -0.0000 0.0000 -11.3686 41.3199 30.2013 23.8569 -7.1250 0.0000 -0.0000 14.6223 67.2166 7.8877 0.0000 -0.0000 0.0000 69.1797 27.5357 35.7433 -152.8123 38.3576 -110.3846 0.0000 -0.0000 -44.8744 -16.8192 5.7888 -1.7463 7.1250 -0.0000 -0.0000 7.3324 -23.9407 3.7557
9.4410 18.8690 -8.6770 -7.2532 -3.3227 10.8487 0.0000 0.0000 0.0000 -8.1726 -17.1631 -21.4642 2.7440 10.2686 29.8511 0.5843 0.2864 -14.5489 0.0005 0.1502 0.4127 0.0000 0.0000 0.0000 16.7065 17.9226 -20.8422 -1.3024 -7.2297 20.3977 1.7653 -23.2373 -14.2574 -0.1183 2.2178 -6.1080 -6.1170 2.9070 12.6095 -7.5824 2.9225 5.5969 -4.9249 1.4411 -1.0532 -2.8846 12.0415 -6.0886 5.7339 16.0167 30.5000 3.9778 7.5584 9.9454 0.0000 -0.0000 0.0000 -82.3497 -26.2972 60.7197 39.0630 -47.5048 -17.7452 -0.0000 0.0000 -10.9714 44.8942 32.8645 28.3980 -7.1250 0.0000 -0.0000 21.2798 71.3309 13.5363 0.0000 -0.0000 0.0000 69.0802 28.6864 31.6075 -153.1539 38.0320 -110.5959 0.0000 -0.0000 -49.3125 -15.4995 4.8032 -1.3302 7.1250 -0.0000 -0.0000 8.3571 -24.9930 4.0850
9.4707 18.8695 -8.7036 -7.1306 -3.6300 10.7435 0.0000 0.0000 0.0000 -8.3860 -17.2374 -21.0889 2.6160 10.0459 29.1254 0.5530 0.5760 -14.2689 0.0007 0.1760 0.4835 0.0000 0.0000 0.0000 16.2818 17.9577 -21.0871 -1.3537 -7.3653 20.8023 1.6808 -22.6090 -13.2975 -0.2137 2.9758 -8.2114 -6.3542 3.1348 12.5434 -7.5513 3.1872 5.4560 -4.7962 1.5692 -1.1691 -2.9328 11.8433 -5.8862 5.7048 15.7547 30.6050 3.9470 7.4309 9.9572 -0.0000 -0.0000 0.0000 -82.1996 -23.3313 58.4444 43.7326 -50.1322 -21.2614 -0.0000 0.0000 -12.6685 47.2577 32.0744 29.8821 -7.1250 0.0000 -0.0000 25.9351 71.1837 16.5268 -0.0000 -0.0000 0.0000 69.3200 29.0847 30.4159 -152.4101 38.7359 -110.1340 0.0000 -0.0000 -52.5248 -14.0754 4.8520 -1.2149 7.1250 -0.0000 -0.0000 9.4154 -24.9738 4.6194
9.5046 18.8690 -8.7137 -6.7931 -3.6862 10.5594 0.0000 0.0000 0.0000 -8.8756 -17.3740 -20.5778 2.5131 9.8616 28.5297 0.5319 0.5570 -13.9909 0.0004 -0.1255 -0.3449 0.0000 0.0000 0.0000 15.7060 17.6971 -21.1854 -1.4063 -7.5010 21.2083 1.5357 -21.8032 -13.4425 -0.2176 3.0028 -8.2866 -6.6389 3.3736 12.7428 -7.4803 3.4301 5.3141 -4.6141 1.6876 -1.4377 -3.3660 11.8448 -5.6340 5.9078 15.7648 30.5716 4.0508 7.4230 9.8361 0.0000 -0.0000 0.0000 -81.6144 -19.6329 55.4933 47.9907 -52.1522 -24.5784 -0.0000 0.0000 -14.5579 50.1947 33.7462 33.6884 -7.1250 0.0000 -0.0000 33.9884 73.8802 23.8918 0.0000 -0.0000 0.0000 70.0557 28.8534 32.4266 -151.4069 39.6566 -109.5000 0.0000 -0.0000 -53.7121 -13.6612 5.0972 -1.2371 7.1250 -0.0000 -0.0000 9.7077 -24.7335 4.8217
9.5185 18.8710 -8.7196 -6.8144 -3.8040 10.6211 0.0000 0.0000 0.0000 -8.8859 -17.1477 -20.6780 2.5094 9.8550 28.5085 0.5184 0.3630 -13.7383 0.0000 0.0063 0.0172 0.0000 0.0000 0.0000 15.6403 17.8969 -21.2248 -1.4154 -7.5242 21.2780 1.5154 -21.7527 -13.7970 -0.1941 2.8373 -7.8261 -6.5238 3.8234 12.3202 -7.4431 4.0982 5.4289 -4.6970 2.0172 -1.0609 -2.9127 11.6998 -5.5183 5.6527 15.5717 30.7397 3.8946 7.3504 9.9546 0.0000 0.0000 0.0000 -80.4907 -16.9178 52.8784 50.2355 -53.0901 -26.3624 -0.0000 0.0000 -17.1797 72.1863 38.2083 62.5476 -7.1250 0.0000 -0.0000 110.5399 -74.2430 -126.5159 0.0000 0.0000 0.0000 71.7599 28.8705 36.2692 -149.9752 40.9147 -108.5741 0.0000 -0.0000 -52.3598 -12.4847 5.3810 -1.1895 7.1250 -0.0000 -0.0000 10.5595 -24.4712 5.3237
9.5071 18.8647 -8.7310 -6.6853 -3.4388 10.8127 0.0000 0.0000 0.0000 -8.8628 -17.2780 -20.9786 2.4847 9.8101 28.3639 0.4988 0.1676 -13.4058 0.0030 -0.3540 -0.9727 0.0000 0.0000 0.0000 15.5646 17.9659 -21.5495 -1.4441 -7.5969 21.4962 1.5822 -22.2611 -14.4195 -0.1923 2.8243 -7.7900 -6.6029 4.1238 12.2923 -7.3617 4.4907 5.4343 -4.6175 2.2105 -1.0386 -3.0538 11.6892 -5.6046 5.6830 15.5884 30.7804 3.9363 7.3505 9.9692 0.0000 0.0000 0.0000 -78.9231 -14.0982 50.1473 51.0749 -53.4199 -27.0350 -0.0000 0.0000 -20.4079 64.4403 36.6469 51.2963 -7.1250 0.0000 -0.0000 92.4863 76.6080 78.7960 0.0000 0.0000 0.0000 74.5014 28.9263 42.3197 -148.0252 42.5271 -107.2762 0.0000 -0.0000 -49.7705 -14.6109 5.8749 -1.5284 7.1250 -0.0000 -0.0000 8.9602 -23.9192 4.6121
9.4676 18.8562 -8.7360 -6.6612 -2.7466 10.9637 0.0000 0.0000 0.0000 -8.5645 -17.9311 -21.2189 2.4926 9.8244 28.4099 0.4967 0.1700 -13.3784 0.0091 -0.6154 -1.6910 0.0000 0.0000 0.0000 15.6219 18.6031 -21.3003 -1.4375 -7.5804 21.4467 1.6387 -22.9166 -15.9636 -0.1390 2.4029 -6.6205 -6.5732 4.6467 12.1108 -7.4053 5.2207 5.5901 -4.7559 2.5736 -0.7428 -2.6556 11.4945 -5.7038 6.1040 15.1641 30.8247 3.9992 7.2530 10.0162 -0.0000 -0.0000 0.0000 -77.0435 -11.8406 47.5508 49.5656 -52.8188 -25.8276 -0.0000 0.0000 -21.7183 59.6544 35.6855 44.8978 -7.1250 0.0000 -0.0000 69.7668 77.0456 56.8580 -0.0000 -0.0000 0.0000 77.9746 29.4230 48.4993 -145.2094 44.6620 -105.3341 0.0000 -0.0000 -46.5647 -15.1415 5.9088 -1.5956 7.1250 -0.0000 -0.0000 8.5672 -23.8693 4.4153
9.4127 18.8496 -8.7397 -6.7045 -1.6715 11.2621 0.0000 0.0000 0.0000 -8.0849 -18.4373 -21.9278 2.5780 9.9783 28.9065 0.5009 -0.4070 -13.2358 0.0005 0.1459 0.4009 0.0000 0.0000 0.0000 15.7037 19.1176 -20.8631 -1.3989 -7.4821 21.1517 1.6388 -23.0853 -16.6366 -0.1262 2.2896 -6.3067 -7.0604 4.9402 11.6819 -6.8433 5.6583 5.9881 -3.8891 2.7636 -0.1782 -3.5733 11.3349 -6.5222 6.3758 15.0659 30.9826 4.2900 7.1422 10.1233 -0.0000 -0.0000 0.0000 -76.6048 -10.9350 43.9232 45.9331 -51.2175 -22.9638 -0.0000 0.0000 -23.0288 57.1945 34.3418 41.1915 -7.1250 0.0000 -0.0000 56.6836 75.8679 43.8411 -0.0000 -0.0000 0.0000 80.7390 30.9945 55.3242 -141.1799 47.3551 -102.4337 0.0000 -0.0000 -44.2495 -15.9772 6.8218 -1.9478 7.1250 -0.0000 -0.0000 7.9150 -22.9042 4.2499
9.3363 18.8336 -8.7434 -6.5182 -0.0357 11.5895 0.0000 0.0000 0.0000 -7.6951 -19.1614 -22.7794 2.6005 10.0184 29.0365 0.4844 -0.8945 -12.8680 0.0040 -0.4075 -1.1197 0.0000 0.0000 0.0000 15.3288 20.1061 -20.5133 -1.4330 -7.5689 21.4121 1.6229 -23.2470 -17.5406 -0.1315 2.3371 -6.4382 -7.7783 5.3291 11.5952 -6.2775 6.1277 6.1008 -2.9496 2.9695 -0.1372 -4.1326 10.9016 -6.6084 6.4111 14.5605 30.8522 4.3455 6.8745 10.0674 0.0000 -0.0000 0.0000 -76.8739 -11.1468 40.4571 40.4864 -48.3554 -18.8019 -0.0000 0.0000 -25.0338 57.5707 33.8069 41.2102 -7.1250 0.0000 -0.0000 56.7903 75.4144 43.4777 0.0000 -0.0000 0.0000 83.2699 32.1416 62.0346 -136.1606 50.1871 -98.6565 0.0000 -0.0000 -40.7094 -18.6954 7.7943 -2.6276 7.1250 -0.0000 -0.0000 5.9101 -21.7734 3.3135
9.2601 18.8138 -8.7381 -6.2998 1.6063 11.9185 0.0000 0.0000 0.0000 -7.4206 -19.7523 -23.7028 2.6808 10.1594 29.4944 0.4836 -1.4438 -12.7158 0.0043 -0.4226 -1.1612 0.0000 0.0000 0.0000 14.7524 21.1270 -19.9167 -1.3851 -7.4466 21.0453 1.8089 -24.1485 -17.3990 -0.2936 3.4845 -9.6306 -7.9903 6.2229 11.4949 -6.1425 7.3028 6.1527 -2.8343 3.5470 -0.0712 -4.1113 9.9539 -6.5007 6.9138 13.1117 30.5764 4.3822 6.3034 9.9849 -0.0000 -0.0000 0.0000 -77.2845 -12.2476 36.9787 35.1511 -44.9198 -14.9200 -0.0000 0.0000 -26.6117 55.7076 30.9998 37.0611 -7.1250 0.0000 -0.0000 45.6590 72.3421 31.4362 -0.0000 -0.0000 0.0000 85.7617 33.2268 65.6995 -130.4680 52.8050 -94.1991 0.0000 -0.0000 -40.9291 -15.3544 8.9241 -2.4391 7.1250 -0.0000 -0.0000 8.3018 -20.7735 4.8682
9.2000 18.8068 -8.7007 -6.7400 2.7694 12.0250 0.0000 0.0000 0.0000 -6.6164 -20.0296 -24.2799 2.7774 10.3257 30.0379 0.4850 -1.9701 -12.6226 0.0041 -0.4148 -1.1397 0.0000 0.0000 0.0000 15.0528 21.3256 -19.0949 -1.3009 -7.2257 20.3859 1.5352 -23.1543 -18.7267 -0.1195 2.2282 -6.1367 -7.0730 7.3107 11.2069 -6.2512 8.8635 6.1265 -3.5972 4.3503 0.1953 -3.8600 8.9410 -6.1069 7.4998 11.5112 30.2122 4.3782 5.6960 9.8453 -0.0000 0.0000 0.0000 -77.8689 -14.8110 32.8197 29.8657 -40.7780 -11.3218 -0.0000 0.0000 -27.9814 52.5349 27.6970 31.2367 -7.1250 0.0000 -0.0000 34.1940 67.8371 19.6506 -0.0000 0.0000 0.0000 88.2199 34.3884 69.2664 -125.0462 54.8080 -89.8217 0.0000 -0.0000 -39.7597 -18.6538 8.7075 -2.9257 7.1250 -0.0000 -0.0000 5.9338 -20.8194 3.4556
9.1303 18.7800 -8.6682 -6.9418 3.9308 12.2988 0.0000 0.0000 0.0000 -5.8953 -20.5545 -25.1023 2.8790 10.4965 30.5999 0.5079 -2.3936 -12.8521 0.0215 -0.9471 -2.6034 0.0000 0.0000 0.0000 15.2351 21.2361 -18.8707 -1.2386 -7.0573 19.8854 1.5831 -23.1257 -17.8344 -0.3712 3.9131 -10.8323 -6.9100 8.2602 10.9635 -6.3860 10.1738 6.2691 -3.9324 5.0089 0.5535 -3.6598 7.9978 -7.1490 7.6967 10.1665 29.9583 4.3681 5.1465 10.0379 -0.0000 0.0000 0.0000 -78.4420 -18.4525 28.6332 25.6039 -36.8149 -8.6492 -0.0000 0.0000 -29.3245 49.9891 23.8231 25.6959 -7.1250 0.0000 -0.0000 26.9974 62.4332 11.8971 -0.0000 0.0000 0.0000 89.8327 36.7913 72.6581 -120.3580 56.2138 -85.9566 0.0000 -0.0000 -38.6126 -17.3445 8.1286 -2.5285 7.1250 -0.0000 -0.0000 6.8854 -21.4937 3.9115
9.0723 18.7977 -8.6097 -6.5959 5.3763 12.1324 0.0000 0.0000 0.0000 -6.1982 -20.9271 -24.9304 2.9402 10.5976 30.9345 0.5068 -3.0268 -12.7517 0.0050 -0.4568 -1.2552 0.0000 0.0000 0.0000 15.1436 20.3996 -17.9495 -1.1677 -6.8594 19.2996 1.4610 -22.6474 -18.3474 -0.3307 3.6961 -10.2233 -7.3363 9.2197 10.4488 -6.3856 11.4970 6.5676 -3.7539 5.6501 1.1051 -2.8053 7.1029 -6.3586 7.5208 8.8113 28.8238 3.9532 4.6246 9.6222 0.0000 -0.0000 0.0000 -78.8402 -21.4314 26.4574 22.5020 -33.5397 -6.8611 -0.0000 0.0000 -30.7831 48.1391 21.5362 22.2784 -7.1250 0.0000 -0.0000 23.2315 59.0399 8.2482 0.0000 -0.0000 0.0000 90.5974 38.2465 75.1164 -117.1558 57.0214 -83.2824 0.0000 -0.0000 -36.3817 -17.9212 8.1819 -2.6352 7.1250 -0.0000 -0.0000 6.4672 -21.4086 3.6834
9.0100 18.8056 -8.5827 -6.8254 6.5276 11.8717 0.0000 0.0000 0.0000 -5.7917 -21.0225 -24.7964 2.8986 10.5291 30.7076 0.4795 -3.3940 -12.3597 0.0106 -0.6640 -1.8246 0.0000 0.0000 0.0000 15.8106 19.8060 -17.4493 -1.1404 -6.7815 19.0696 1.4864 -22.8515 -18.5673 -0.3500 3.8012 -10.5181 -6.9690 9.4552 11.2878 -7.0228 11.7143 6.3233 -4.7925 5.8011 0.6164 -2.3752 7.0653 -6.7436 7.8233 8.6367 28.3473 3.9678 4.6317 9.5405 -0.0000 -0.0000 0.0000 -77.6079 -23.0813 23.8959 20.5109 -31.2530 -5.7941 -0.0000 0.0000 -30.9616 46.9479 19.4635 19.6298 -7.1250 0.0000 -0.0000 20.9544 56.0946 5.8854 -0.0000 -0.0000 0.0000 92.4312 39.8102 79.2034 -115.3711 57.4223 -81.7819 0.0000 -0.0000 -33.9715 -19.2943 8.4690 -2.9515 7.1250 -0.0000 -0.0000 5.4726 -21.0324 3.1581
8.9669 18.8230 -8.5640 -7.5010 7.3022 11.9226 0.0000 0.0000 0.0000 -4.7910 -21.1859 -24.9997 2.8798 10.4980 30.6048 0.4678 -3.4896 -12.1974 0.0118 -0.7024 -1.9304 0.0000 0.0000 0.0000 16.7280 19.4335 -17.3792 -1.0994 -6.6626 18.7196 1.4680 -22.8237 -18.7738 -0.2875 3.4479 -9.5285 -6.9365 9.2766 11.0175 -7.1556 11.5262 6.3603 -4.8723 5.7101 0.8282 -3.1003 7.3497 -7.4420 8.3827 9.0321 28.1936 4.3350 4.8054 9.5167 0.0000 -0.0000 0.0000 -76.9380 -25.1732 21.0864 18.7032 -29.0483 -4.8859 -0.0000 0.0000 -30.4399 47.0040 17.1541 17.5539 -7.1250 0.0000 -0.0000 20.3459 53.1646 4.2248 0.0000 -0.0000 0.0000 93.7916 41.4920 83.6196 -114.9562 57.5107 -81.4321 0.0000 -0.0000 -31.1800 -20.5954 9.0991 -3.4009 7.1250 -0.0000 -0.0000 4.5394 -20.2855 2.6924
8.9522 18.8531 -8.5412 -7.9972 7.7432 11.6751 0.0000 0.0000 0.0000 -4.2856 -21.4808 -24.4434 2.8258 10.4075 30.3067 0.4698 -3.2405 -12.2426 0.0197 -0.9061 -2.4905 0.0000 0.0000 0.0000 17.3500 19.0199 -16.9291 -1.0551 -6.5314 18.3343 1.4638 -22.6077 -18.1768 -0.2528 3.2350 -8.9338 -7.3392 9.2557 10.6426 -7.1245 11.5205 6.4595 -4.5599 5.6883 1.0533 -3.2961 7.5423 -7.5798 8.2191 9.3835 28.1055 4.3402 4.9295 9.4866 -0.0000 0.0000 0.0000 -77.3392 -27.4469 19.8521 17.7654 -27.8558 -4.4391 -0.0000 0.0000 -29.7367 45.3273 15.5418 15.1641 -7.1250 0.0000 -0.0000 18.0193 50.6743 2.5922 -0.0000 0.0000 0.0000 94.0403 42.1251 85.6815 -116.0907 57.2647 -82.3877 0.0000 -0.0000 -26.5057 -20.7833 9.4920 -3.5814 7.1250 -0.0000 -0.0000 4.4102 -19.8555 2.6579
8.9521 18.8751 -8.5448 -8.7902 7.8928 11.5372 0.0000 0.0000 0.0000 -3.3968 -21.5866 -24.2192 2.7683 10.3102 29.9871 0.4664 -2.8593 -12.2359 0.0270 -1.0608 -2.9161 0.0000 0.0000 0.0000 17.9119 19.0770 -16.9787 -1.0528 -6.5244 18.3139 1.4178 -21.9415 -16.8133 -0.2766 3.3827 -9.3461 -7.1215 8.7545 10.5943 -7.6500 10.8574 6.1139 -5.1686 5.3831 0.8361 -3.0010 8.0633 -7.5652 8.3722 10.0256 28.1222 4.3932 5.2641 9.4551 -0.0000 0.0000 0.0000 -76.4436 -28.9481 18.4314 17.6550 -27.7132 -4.3876 -0.0000 0.0000 -29.1433 45.1364 14.5117 14.1319 -7.1250 0.0000 -0.0000 17.5818 49.3014 1.9184 -0.0000 0.0000 0.0000 95.5096 41.7209 87.1589 -117.4825 56.9443 -83.5564 0.0000 -0.0000 -23.7603 -21.9556 9.8939 -3.9624 7.1250 -0.0000 -0.0000 3.5825 -19.3405 2.1981
8.9848 18.9084 -8.5426 -9.0174 7.5887 11.0463 0.0000 0.0000 0.0000 -3.5449 -21.6708 -23.0719 2.6626 10.1277 29.3914 0.4712 -2.2663 -12.3836 0.0268 -1.0574 -2.9068 0.0000 0.0000 0.0000 17.7763 18.9173 -16.5539 -1.0607 -6.5482 18.3836 1.2629 -20.5174 -14.9535 -0.3884 4.0017 -11.0815 -7.9112 8.5475 10.2964 -7.7102 10.5555 6.1683 -4.7397 5.2037 0.9210 -2.9607 8.5520 -7.6441 7.9571 10.8018 28.0129 4.3032 5.5741 9.4131 0.0000 -0.0000 0.0000 -77.1913 -31.4006 17.8319 17.4020 -27.3847 -4.2706 -0.0000 0.0000 -26.6371 45.9997 15.3243 15.3053 -7.1250 0.0000 -0.0000 18.7089 50.5497 2.6388 0.0000 -0.0000 0.0000 93.8535 42.5512 84.2501 -119.3436 56.4823 -85.1122 0.0000 -0.0000 -23.8828 -23.1007 9.4702 -4.0146 7.1250 -0.0000 -0.0000 2.7536 -19.7071 1.6657
9.0264 18.9380 -8.5589 -9.3653 7.0446 10.6137 0.0000 0.0000 0.0000 -3.5671 -21.5472 -22.1230 2.5753 9.9735 28.8911 0.4722 -1.7167 -12.5001 0.0247 -1.0151 -2.7905 0.0000 0.0000 0.0000 17.7020 18.9226 -16.3589 -1.0959 -6.6524 18.6897 1.0886 -18.9869 -13.3799 -0.4432 4.2715 -11.8418 -8.0823 8.2256 10.5739 -8.1835 10.0300 5.7955 -5.1667 4.9559 0.4224 -2.5927 8.9947 -7.2974 7.8177 11.3839 27.8265 4.2082 5.8583 9.2820 -0.0000 0.0000 0.0000 -76.9481 -32.1257 18.7807 18.3941 -28.6589 -4.7367 -0.0000 0.0000 -25.4052 46.8653 15.4907 15.9110 -7.1250 0.0000 -0.0000 19.7157 50.9722 3.0007 -0.0000 0.0000 0.0000 93.8150 40.9875 81.0408 -121.7491 55.8255 -87.1102 0.0000 -0.0000 -23.6137 -23.7244 9.6353 -4.2070 7.1250 -0.0000 -0.0000 2.3142 -19.4786 1.4112
9.0650 18.9459 -8.5956 -10.3623 6.6128 10.2570 0.0000 0.0000 0.0000 -2.6877 -21.0120 -21.8687 2.5657 9.9563 28.8355 0.4706 -1.7686 -12.4673 0.0194 -0.9002 -2.4741 0.0000 0.0000 0.0000 18.4310 18.9329 -16.5808 -1.1362 -6.7695 19.0344 1.0347 -18.1919 -11.5721 -0.4788 4.4376 -12.3113 -7.9536 7.9397 10.5841 -8.0690 9.6560 5.7657 -5.0735 4.7671 0.3681 -2.1774 9.4823 -7.0664 6.7124 12.2384 27.2121 3.7912 6.1715 9.0914 0.0000 0.0000 0.0000 -77.4116 -33.7359 20.6174 18.9784 -29.3919 -5.0203 -0.0000 0.0000 -23.9009 47.2331 15.7685 16.3731 -7.1250 0.0000 -0.0000 20.2098 51.4250 3.3122 0.0000 0.0000 0.0000 91.6222 40.6156 76.8050 -124.6762 54.9293 -89.5192 0.0000 -0.0000 -24.3714 -25.7453 8.3152 -3.9894 7.1250 -0.0000 -0.0000 0.8106 -20.7635 0.4706
9.1368 18.9656 -8.6277 -8.8878 6.3578 10.0310 0.0000 0.0000 0.0000 -4.8368 -21.4603 -20.7842 2.4092 9.6709 27.9175 0.4437 -1.0465 -12.2622 0.0691 -1.6963 -4.6670 0.0000 0.0000 0.0000 16.4329 17.9533 -17.3670 -1.3012 -7.2265 20.3883 0.8654 -16.7704 -10.9278 -0.4898 4.4874 -12.4520 -9.8092 7.5793 10.7109 -8.4584 9.0187 6.0798 -4.4388 4.4015 0.4270 -2.3236 9.8547 -7.3770 6.4360 12.8367 26.9768 3.7738 6.4008 9.0483 -0.0000 0.0000 0.0000 -77.8695 -35.9039 23.3846 18.8457 -29.2265 -4.9553 -0.0000 0.0000 -22.5745 48.1885 16.5492 17.6638 -7.1250 0.0000 -0.0000 21.5597 52.6898 4.2386 -0.0000 0.0000 0.0000 88.8343 40.5598 72.8880 -127.3685 54.0032 -91.7103 0.0000 -0.0000 -24.1096 -26.0763 8.5902 -4.1807 7.1250 -0.0000 -0.0000 0.5851 -20.4333 0.3440
9.1795 18.9632 -8.6770 -10.6475 5.8122 9.8298 0.0000 0.0000 0.0000 -2.9502 -20.9998 -21.0484 2.4588 9.7625 28.2111 0.4524 -0.9520 -12.4093 0.1049 -2.0884 -5.7499 0.0000 0.0000 0.0000 18.0494 18.5728 -17.6281 -1.3093 -7.2481 20.4526 0.9308 -17.1071 -9.9853 -0.4282 4.1993 -11.6381 -8.7256 7.1911 10.8035 -8.1653 8.5623 5.8190 -4.6693 4.2006 0.1820 -2.3729 10.2998 -7.3280 6.3331 13.4815 27.0099 3.7930 6.6752 9.0247 -0.0000 0.0000 0.0000 -77.8738 -38.0124 26.1664 18.1321 -28.3260 -4.6118 -0.0000 0.0000 -21.6931 47.3186 16.0213 16.6618 -7.1250 0.0000 -0.0000 20.3816 51.7763 3.5228 -0.0000 0.0000 0.0000 86.4651 39.8951 70.1915 -130.5896 52.7549 -94.2959 0.0000 -0.0000 -23.8795 -26.2295 8.9359 -4.3764 7.1250 -0.0000 -0.0000 0.4926 -20.0377 0.2940
9.2354 18.9788 -8.7188 -10.6741 5.6492 9.6745 0.0000 0.0000 0.0000 -3.1572 -21.0999 -20.6039 2.3824 9.6209 27.7578 0.4243 -0.7048 -12.0780 0.0479 -1.4122 -3.8836 0.0000 0.0000 0.0000 17.8570 18.0455 -18.2524 -1.4028 -7.4921 21.1818 0.8985 -16.7198 -9.1687 -0.6676 5.2252 -14.5519 -9.1295 6.5791 10.9902 -8.0938 7.6829 5.7708 -4.2986 3.7536 -0.0478 -2.8903 10.7956 -7.2234 6.3490 14.2449 27.2009 3.9306 6.9696 8.9918 -0.0000 0.0000 0.0000 -78.1121 -39.9185 27.7805 17.2592 -27.1983 -4.2051 -0.0000 0.0000 -20.1011 46.2077 16.2142 16.2385 -7.1250 0.0000 -0.0000 19.1665 51.7510 3.2869 -0.0000 0.0000 0.0000 84.9811 39.2662 69.1587 -132.9835 51.7190 -96.1887 0.0000 -0.0000 -22.7294 -27.9505 8.0568 -4.2531 7.1250 -0.0000 -0.0000 -0.7936 -20.8762 -0.4587
9.2939 18.9834 -8.7567 -10.7767 5.7051 9.5184 0.0000 0.0000 0.0000 -3.1904 -21.5712 -20.3224 2.3526 9.5649 27.5790 0.4252 -0.4415 -12.1724 0.0778 -1.7999 -4.9529 0.0000 0.0000 0.0000 17.6118 18.1591 -18.5352 -1.4581 -7.6321 21.6020 0.9145 -16.8024 -8.7950 -0.6628 5.2067 -14.4990 -9.2933 6.1366 11.0139 -8.0205 7.0894 5.8132 -4.0581 3.4523 -0.0501 -2.9441 10.9977 -7.2335 6.3096 14.5454 27.4421 3.9622 7.0874 9.0626 0.0000 -0.0000 0.0000 -78.6204 -41.9855 30.3528 16.1402 -25.7103 -3.7066 -0.0000 0.0000 -17.9349 44.1423 14.6615 13.8009 -7.1250 0.0000 -0.0000 16.5544 49.2797 1.7914 0.0000 -0.0000 0.0000 84.0032 38.1559 67.8179 -134.6172 50.9547 -97.4643 0.0000 -0.0000 -21.5241 -29.9472 7.6016 -4.3582 7.1250 -0.0000 -0.0000 -2.2652 -21.2267 -1.2924
9.3490 18.9873 -8.7986 -10.6596 6.2493 9.3766 0.0000 0.0000 0.0000 -3.4215 -21.8164 -20.2958 2.3147 9.4929 27.3498 0.3945 -0.8998 -11.5831 0.0016 -0.2591 -0.7119 0.0000 0.0000 0.0000 17.1992 18.3570 -18.8140 -1.5550 -7.8702 22.3205 0.9660 -17.2078 -8.6695 -0.7250 5.4406 -15.1697 -8.8565 5.4099 11.9425 -8.3955 5.9944 5.4499 -4.6704 2.9463 -0.8625 -2.8991 11.2279 -7.2683 6.8267 14.7561 28.0603 4.1785 7.2259 9.2312 0.0000 -0.0000 0.0000 -78.5585 -44.2029 31.8169 14.1438 -22.9399 -2.8839 -0.0000 0.0000 -13.2932 39.9485 13.6262 11.1622 -7.1250 0.0000 -0.0000 12.0989 47.1574 0.6533 0.0000 -0.0000 0.0000 84.4080 36.5094 66.9964 -135.6862 50.4278 -98.2915 0.0000 -0.0000 -21.5163 -31.3896 8.2336 -4.9938 7.1250 -0.0000 -0.0000 -3.2510 -20.3665 -1.9194
9.4072 18.9877 -8.8202 -10.4899 7.1250 9.3229 0.0000 0.0000 0.0000 -3.7018 -22.1898 -20.5616 2.3393 9.5396 27.4983 0.3764 -1.5594 -11.1508 0.0012 0.2269 0.6234 0.0000 0.0000 0.0000 16.9311 18.2490 -18.9350 -1.5984 -7.9741 22.6353 1.0744 -18.0532 -8.5687 -0.7790 5.6350 -15.7290 -8.4201 4.9190 12.2906 -8.5678 5.3216 5.1934 -5.0465 2.6345 -1.2834 -2.7456 11.0081 -6.7466 7.0149 14.3709 28.2222 4.1606 7.0828 9.2081 0.0000 -0.0000 0.0000 -79.8991 -47.0104 34.8745 11.7928 -19.4931 -2.0326 -0.0000 0.0000 -7.5002 38.7039 15.0457 11.7499 -7.1250 0.0000 -0.0000 10.9486 48.6746 1.0034 0.0000 -0.0000 0.0000 84.6318 34.3239 64.2215 -136.1350 50.2002 -98.6369 0.0000 -0.0000 -22.0451 -33.6228 7.3306 -4.8497 7.1250 -0.0000 -0.0000 -4.9373 -21.2112 -2.8268
9.4578 18.9749 -8.8441 -10.2193 8.5952 9.1629 0.0000 0.0000 0.0000 -4.0528 -22.5836 -20.9129 2.3504 9.5607 27.5655 0.3292 -2.7097 -10.2421 0.0009 0.1979 0.5437 0.0000 0.0000 0.0000 16.8452 17.5458 -18.9445 -1.6427 -8.0785 22.9528 1.2327 -19.3450 -9.9303 -0.5554 4.7737 -13.2643 -8.3106 4.3197 12.1047 -8.3119 4.6327 5.5181 -4.6992 2.2867 -0.8707 -2.7271 10.9102 -6.8099 6.6949 14.3083 28.2673 4.0587 7.0181 9.2708 -0.0000 -0.0000 0.0000 -81.7999 -49.9487 38.3017 10.2312 -17.1004 -1.5422 -0.0000 0.0000 -2.4621 31.6212 14.7881 8.9314 -7.1250 0.0000 -0.0000 3.9124 47.1660 0.2094 -0.0000 -0.0000 0.0000 84.9170 32.4818 60.0012 -136.5928 49.9639 -98.9880 0.0000 -0.0000 -22.9095 -35.5552 5.8236 -4.1479 7.1250 -0.0000 -0.0000 -6.4946 -22.8466 -3.4852
9.5030 18.9637 -8.8560 -10.1906 9.7530 8.9278 0.0000 0.0000 0.0000 -4.2277 -22.4010 -21.2197 2.3483 9.5567 27.5527 0.2670 -4.0717 -9.2078 0.0086 0.5977 1.6425 0.0000 0.0000 0.0000 17.0916 16.9833 -18.7791 -1.6444 -8.0823 22.9644 1.4392 -20.8452 -11.0178 -0.4591 4.3463 -12.0531 -8.0588 3.7621 12.2738 -7.9856 3.9375 5.6764 -4.3968 1.9416 -0.8206 -3.1510 10.9689 -7.1279 6.6389 14.4805 28.2954 4.1399 7.0487 9.3000 -0.0000 0.0000 0.0000 -82.2079 -51.1401 44.5819 10.1245 -16.9342 -1.5110 -0.0000 0.0000 -1.9601 30.4426 14.8853 8.5851 -7.1250 0.0000 -0.0000 2.7628 47.0959 0.1430 -0.0000 0.0000 0.0000 85.5274 30.8993 55.1815 -137.3989 49.5377 -99.6032 0.0000 -0.0000 -23.8749 -36.9648 4.6142 -3.4646 7.1250 -0.0000 -0.0000 -7.6651 -24.2164 -3.8798
9.5635 18.9522 -8.8492 -10.0726 10.0597 8.7063 0.0000 0.0000 0.0000 -4.6278 -22.2660 -21.1583 2.3753 9.6076 27.7150 0.2492 -4.5820 -8.9575 0.0075 0.5602 1.5394 0.0000 0.0000 0.0000 17.0674 16.8371 -18.5842 -1.6882 -8.1840 23.2743 1.5327 -21.5503 -11.9913 -0.4455 4.2822 -11.8720 -7.9991 3.4040 12.2920 -7.5992 3.4983 5.8327 -3.9505 1.7154 -0.6973 -3.9240 11.1014 -7.5322 6.1287 14.9317 28.3073 4.1500 7.1203 9.3388 -0.0000 -0.0000 0.0000 -83.2120 -50.0642 46.2469 12.0847 -19.9315 -2.1311 -0.0000 0.0000 -0.7560 30.6970 14.7413 8.5905 -7.1250 0.0000 -0.0000 3.0212 46.9710 0.1471 -0.0000 -0.0000 0.0000 86.1431 29.5726 49.8921 -139.3755 48.4356 -101.0948 0.0000 -0.0000 -27.8079 -36.1687 4.0688 -2.9694 7.1250 -0.0000 -0.0000 -7.1397 -24.9426 -3.4887
9.6330 18.9568 -8.8409 -9.9019 9.8148 8.9841 0.0000 0.0000 0.0000 -4.9504 -21.9719 -21.3430 2.3628 9.5842 27.6403 0.2304 -4.8917 -8.6841 0.0378 1.2556 3.4523 0.0000 0.0000 0.0000 16.7880 16.6682 -18.8951 -1.6932 -8.1954 23.3091 1.6077 -21.9954 -11.9691 -0.4196 4.1577 -11.5208 -7.6772 3.3100 12.1086 -7.4771 3.4116 5.6178 -3.9805 1.6791 -0.8213 -3.8402 10.9828 -7.4946 5.4115 14.9311 28.3367 3.9077 7.0457 9.4210 -0.0000 0.0000 0.0000 -83.5138 -46.8563 47.7968 16.3953 -26.0538 -3.8179 -0.0000 0.0000 -2.8397 31.4501 17.1739 10.2367 -7.1250 0.0000 -0.0000 3.5337 49.8610 0.4239 -0.0000 0.0000 0.0000 86.3342 28.1062 45.2093 -141.4330 47.1976 -102.6196 0.0000 -0.0000 -30.1678 -35.9204 3.3691 -2.4378 7.1250 -0.0000 -0.0000 -7.0299 -25.8139 -3.2906
9.7050 18.9664 -8.8175 -9.9003 8.6627 8.8551 0.0000 0.0000 0.0000 -5.3818 -21.3216 -20.7056 2.3182 9.4995 27.3707 0.2559 -4.6335 -9.0763 0.0703 1.7109 4.7074 0.0000 0.0000 0.0000 16.7193 16.5531 -18.5143 -1.6756 -8.1550 23.1857 1.5321 -21.4837 -11.5133 -0.3748 3.9323 -10.8863 -7.3392 3.4890 12.0701 -7.3514 3.6820 5.6013 -4.0670 1.8147 -0.8056 -3.8415 10.8175 -7.5384 4.8079 14.8269 27.9033 3.6832 6.9447 9.3385 -0.0000 0.0000 0.0000 -83.0796 -43.2058 47.9600 21.7272 -32.6674 -6.4380 -0.0000 0.0000 -2.8527 32.6540 21.6686 13.3130 -7.1250 0.0000 -0.0000 4.2247 55.1929 1.0587 -0.0000 0.0000 0.0000 85.6610 27.0688 41.8735 -143.9068 45.5771 -104.4110 0.0000 -0.0000 -32.5648 -34.4510 2.8497 -1.9534 7.1250 -0.0000 -0.0000 -5.9739 -26.5159 -2.6922
9.7752 18.9709 -8.7828 -9.7781 7.0562 8.9832 0.0000 0.0000 0.0000 -5.9484 -20.3967 -20.3596 2.2992 9.4634 27.2559 0.2998 -4.1402 -9.7486 0.0677 1.6791 4.6196 0.0000 0.0000 0.0000 16.4151 16.5003 -18.3858 -1.6962 -8.2024 23.3306 1.4101 -20.5734 -10.2248 -0.5984 4.9519 -13.7714 -7.0574 3.7541 11.8019 -7.3114 4.0665 5.4074 -4.2189 2.0083 -0.8457 -4.0307 10.6095 -7.4731 4.5219 14.6108 27.5223 3.5751 6.8111 9.2130 -0.0000 0.0000 0.0000 -82.5930 -39.3438 46.5570 26.8188 -38.0058 -9.3873 -0.0000 0.0000 -1.2447 37.1707 24.4509 17.4241 -7.1250 0.0000 -0.0000 9.1589 59.4559 3.2502 -0.0000 0.0000 0.0000 84.3659 26.2105 39.6382 -146.1144 43.9998 -105.9664 0.0000 -0.0000 -35.3147 -33.2614 2.9581 -1.9387 7.1250 -0.0000 -0.0000 -5.0644 -26.4372 -2.2884
9.8396 18.9731 -8.7617 -9.2980 5.3348 9.0453 0.0000 0.0000 0.0000 -6.9593 -19.5584 -19.8622 2.2517 9.3718 26.9654 0.3502 -3.3064 -10.5309 0.0764 1.7830 4.9063 0.0000 0.0000 0.0000 15.7431 16.6746 -18.2829 -1.7677 -8.3644 23.8264 1.4264 -20.6217 -9.4917 -0.6786 5.2671 -14.6721 -6.9440 4.1070 11.8769 -7.5184 4.5127 5.3284 -4.5707 2.2338 -0.9332 -3.7060 10.2885 -7.6030 4.3578 14.1362 27.2619 3.4345 6.6136 9.2067 -0.0000 0.0000 0.0000 -81.9240 -36.3718 45.1159 31.0403 -41.7686 -12.0967 -0.0000 0.0000 -0.4486 39.0339 25.7987 19.4355 -7.1250 0.0000 -0.0000 11.4611 61.5125 4.6409 -0.0000 0.0000 0.0000 83.7568 25.5279 38.5333 -147.4829 42.9556 -106.9081 0.0000 -0.0000 -38.4592 -32.4963 2.5918 -1.6499 7.1250 -0.0000 -0.0000 -4.5104 -26.9012 -1.9873
9.9050 18.9707 -8.7336 -9.1035 3.7055 9.2818 0.0000 0.0000 0.0000 -7.6131 -19.0889 -19.8584 2.2944 9.4540 27.2261 0.4088 -2.0183 -11.5470 0.0083 0.5873 1.6139 0.0000 0.0000 0.0000 15.3114 17.2908 -17.9379 -1.7072 -8.2276 23.4074 1.4927 -21.0520 -9.4587 -0.7201 5.4226 -15.1179 -6.6265 4.4841 11.5450 -7.2900 5.0923 5.4524 -4.5425 2.5173 -0.6026 -3.7474 9.9808 -7.7132 3.5235 13.8961 26.8515 3.1392 6.4203 9.1649 -0.0000 0.0000 0.0000 -81.6826 -34.0198 43.5333 34.0990 -44.1579 -14.1820 -0.0000 -0.0000 0.9494 40.5360 28.3773 22.1188 -7.1250 0.0000 -0.0000 13.4629 64.9062 6.5380 -0.0000 0.0000 0.0000 83.1761 25.7516 37.8973 -147.2836 43.1110 -106.7721 0.0000 -0.0000 -40.7832 -31.3187 2.5279 -1.5372 7.1250 -0.0000 -0.0000 -3.6165 -27.0171 -1.5820
9.9651 18.9634 -8.7125 -8.9962 1.3367 9.4696 0.0000 0.0000 0.0000 -8.2304 -18.2551 -19.9092 2.4028 9.6591 27.8796 0.4695 -0.4846 -12.7854 0.0058 0.4921 1.3522 0.0000 0.0000 0.0000 15.0077 18.1239 -17.5806 -1.5209 -7.7875 22.0704 1.4973 -21.0492 -8.6441 -0.6776 5.2634 -14.6614 -6.5831 5.1239 11.3642 -6.9794 5.9386 5.3238 -4.3325 2.9301 -0.6457 -3.9280 9.5937 -7.6364 2.9150 13.5202 26.7191 2.9284 6.1705 9.1591 -0.0000 0.0000 0.0000 -81.7693 -32.0440 41.2987 35.1503 -44.9192 -14.9194 -0.0000 -0.0000 1.6431 43.4079 30.5402 25.6717 -7.1250 0.0000 -0.0000 18.1379 68.2516 10.2548 -0.0000 0.0000 0.0000 83.4374 25.7429 38.9747 -146.1047 44.0070 -105.9597 0.0000 -0.0000 -41.8556 -31.2926 2.1113 -1.2828 7.1250 -0.0000 -0.0000 -3.6202 -27.5042 -1.5420
10.0203 18.9418 -8.6986 -9.0926 -0.7795 9.6638 0.0000 0.0000 0.0000 -8.5507 -17.2086 -20.2080 2.5250 9.8832 28.5993 0.5217 0.5516 -13.8560 0.0011 0.2183 0.5999 0.0000 0.0000 0.0000 15.0799 18.5658 -17.4831 -1.4272 -7.5542 21.3680 1.4404 -20.6827 -8.8884 -0.5449 4.7293 -13.1381 -6.0697 5.5935 11.4231 -6.7840 6.6015 5.3883 -4.4902 3.2622 -0.5610 -3.9559 9.1366 -8.0084 2.5203 12.9877 26.5570 2.7776 5.8811 9.2214 0.0000 -0.0000 0.0000 -81.5751 -30.9655 38.8769 34.4148 -44.3897 -14.4024 -0.0000 -0.0000 1.3046 58.1066 37.0939 44.1042 -7.1250 0.0000 -0.0000 67.8894 78.2313 56.3672 0.0000 -0.0000 0.0000 84.4389 26.7587 41.0185 -143.6714 45.7378 -104.2427 0.0000 -0.0000 -42.1667 -31.0035 1.8503 -1.1116 7.1250 -0.0000 -0.0000 -3.4120 -27.8162 -1.4279
10.0683 18.9251 -8.6867 -8.8649 -3.3457 10.1011 0.0000 0.0000 0.0000 -9.2064 -15.2613 -20.9207 2.6133 10.0411 29.1099 0.5587 1.0829 -14.5522 0.0002 -0.0884 -0.2429 0.0000 0.0000 0.0000 14.5808 19.8449 -17.5337 -1.3488 -7.3523 20.7633 1.3908 -20.3711 -9.2673 -0.4240 4.1790 -11.5808 -6.2093 6.2046 11.2695 -6.7422 7.3933 5.3704 -4.4523 3.6474 -0.4910 -3.9672 8.5877 -8.4735 2.3802 12.2687 26.4468 2.6960 5.5322 9.3039 -0.0000 0.0000 0.0000 -80.9579 -30.1680 36.3269 32.4237 -42.8824 -13.0282 -0.0000 -0.0000 1.3978 46.5697 31.0201 28.5629 -7.1250 0.0000 -0.0000 24.1016 69.7862 14.5789 -0.0000 0.0000 0.0000 85.6524 27.3816 44.3473 -141.0424 47.4400 -102.3325 0.0000 -0.0000 -41.3420 -31.0492 2.1686 -1.3050 7.1250 -0.0000 -0.0000 -3.4304 -27.4444 -1.4657
10.1104 18.9064 -8.6720 -8.9424 -5.5149 10.5321 0.0000 0.0000 0.0000 -9.4618 -13.5599 -21.7045 2.7180 10.2239 29.7050 0.5938 1.3395 -15.1023 0.0002 -0.0957 -0.2629 0.0000 0.0000 0.0000 14.4212 20.8465 -17.4162 -1.2186 -7.0021 19.7215 1.3578 -20.1098 -8.4897 -0.4375 4.2443 -11.7650 -6.2625 6.5319 11.2382 -6.5763 7.8198 5.4666 -4.2915 3.8496 -0.3895 -3.5507 7.9818 -8.7976 1.4490 11.5474 25.7352 2.2505 5.1548 9.2334 -0.0000 0.0000 0.0000 -80.3407 -30.1982 33.3563 29.8494 -40.7639 -11.3111 -0.0000 0.0000 -0.4153 44.0973 27.6967 24.2455 -7.1250 0.0000 -0.0000 18.8950 65.2047 9.3825 -0.0000 0.0000 0.0000 86.8035 28.1409 48.8625 -138.4596 48.9565 -100.4068 0.0000 -0.0000 -38.5666 -31.7997 3.4629 -2.1448 7.1250 -0.0000 -0.0000 -3.9228 -25.9047 -1.8189
10.1491 18.8844 -8.6541 -8.6543 -7.3346 10.9543 0.0000 0.0000 0.0000 -10.1388 -12.1170 -22.4467 2.7957 10.3568 30.1401 0.6252 1.5207 -15.5630 0.0049 -0.4513 -1.2400 0.0000 0.0000 0.0000 13.6504 22.0759 -17.2150 -1.1185 -6.7182 18.8832 1.2751 -19.5902 -9.3972 -0.1696 2.6531 -7.3144 -6.7882 6.6906 11.3984 -6.4449 7.9491 5.5371 -3.9052 3.8954 -0.4841 -4.1544 7.4356 -9.4158 1.6730 10.8545 25.5805 2.3811 4.8014 9.2622 0.0000 0.0000 0.0000 -80.0248 -30.4345 31.0414 26.8987 -38.0824 -9.4366 -0.0000 0.0000 -1.5490 43.3564 25.1986 21.9004 -7.1250 0.0000 -0.0000 17.3970 62.0549 7.3362 0.0000 0.0000 0.0000 87.2039 27.9309 53.1063 -137.1094 49.6922 -99.3828 0.0000 -0.0000 -35.9834 -31.7758 4.5654 -2.8227 7.1250 -0.0000 -0.0000 -3.8276 -24.6143 -1.8896
10.1774 18.8681 -8.6172 -8.6287 -8.9819 11.4248 0.0000 0.0000 0.0000 -10.4562 -11.0343 -23.0423 2.8653 10.4738 30.5251 0.6485 1.9123 -16.0225 0.0078 -0.5691 -1.5637 0.0000 0.0000 0.0000 13.3863 22.8320 -17.2093 -1.0396 -6.4846 18.1972 1.2497 -19.3393 -8.2420 -0.2198 3.0182 -8.3295 -7.0560 6.7550 11.1569 -6.5392 8.0343 5.6459 -3.8339 3.9259 -0.2568 -4.3997 6.8456 -9.9898 2.0480 10.0119 25.6828 2.4978 4.4193 9.3945 -0.0000 -0.0000 0.0000 -80.0267 -31.1686 29.3905 23.7500 -34.8987 -7.5630 -0.0000 0.0000 -2.6162 42.8118 22.6636 19.6444 -7.1250 0.0000 -0.0000 16.3124 58.8789 5.6280 -0.0000 -0.0000 0.0000 87.4488 27.3037 56.8244 -136.3978 50.0650 -98.8386 0.0000 -0.0000 -32.3630 -31.9902 5.6447 -3.5157 7.1250 -0.0000 -0.0000 -3.9038 -23.3362 -2.0426
10.2054 18.8720 -8.5847 -8.7373 -10.4272 11.6831 0.0000 0.0000 0.0000 -10.6517 -10.1340 -23.1429 2.8699 10.4814 30.5502 0.6623 2.2495 -16.3495 0.0064 -0.5184 -1.4244 0.0000 0.0000 0.0000 13.2478 23.5675 -17.0175 -0.9854 -6.3184 17.7112 1.1939 -18.9211 -7.9738 -0.2411 3.1598 -8.7241 -7.6260 6.6656 11.2200 -6.3359 7.8414 5.6362 -3.3034 3.8105 -0.4060 -5.2264 6.5917 -10.3653 2.4208 9.7690 26.3372 2.7743 4.2416 9.6404 0.0000 -0.0000 0.0000 -81.3426 -31.9992 27.9477 20.1553 -30.8289 -5.6107 -0.0000 0.0000 -2.2699 38.0941 17.7411 13.4349 -7.1250 0.0000 -0.0000 10.4184 51.8073 1.7623 0.0000 -0.0000 0.0000 86.7593 25.7781 59.8406 -136.2520 50.1402 -98.7267 0.0000 -0.0000 -29.0598 -32.6185 6.7207 -4.2832 7.1250 -0.0000 -0.0000 -4.2709 -22.0235 -2.3641
10.2233 18.8761 -8.5461 -8.7491 -11.8172 11.9178 0.0000 0.0000 0.0000 -10.8567 -9.9352 -22.9320 2.8457 10.4411 30.4171 0.6652 3.1591 -16.8727 0.0048 -0.4453 -1.2237 0.0000 0.0000 0.0000 13.0460 24.2347 -16.9257 -0.9443 -6.1891 17.3340 1.1605 -18.6534 -6.9408 -0.3632 3.8712 -10.7146 -8.0843 6.5241 11.1297 -6.4024 7.6147 5.6802 -3.0866 3.6831 -0.3565 -5.4831 6.6574 -10.7227 2.4375 9.9469 26.9045 2.8780 4.2699 9.8907 -0.0000 0.0000 0.0000 -82.8387 -33.1524 28.6193 16.9304 -26.7659 -4.0559 -0.0000 0.0000 -1.7391 37.7399 16.8629 12.6545 -7.1250 0.0000 -0.0000 10.0223 50.6827 1.4157 -0.0000 0.0000 0.0000 86.3388 24.0104 61.3606 -136.8062 49.8523 -99.1512 0.0000 -0.0000 -25.8460 -33.9885 7.5938 -5.0915 7.1250 -0.0000 -0.0000 -5.1722 -20.8619 -3.0033
10.2410 18.8795 -8.5070 -8.8192 -13.0993 12.0418 0.0000 0.0000 0.0000 -10.9933 -9.6845 -22.7120 2.8683 10.4787 30.5411 0.6844 3.6615 -17.3804 0.0022 -0.3040 -0.8353 0.0000 0.0000 0.0000 12.9028 24.7376 -17.0044 -0.9376 -6.1675 17.2713 1.0788 -18.0198 -6.3486 -0.3632 3.8715 -10.7155 -8.4718 5.9829 11.1919 -6.5440 6.8506 5.7215 -2.9332 3.2928 -0.3658 -5.5145 7.3360 -10.9460 2.0942 10.9930 26.9919 2.8827 4.6896 9.9426 0.0000 -0.0000 0.0000 -84.6044 -34.0143 29.1211 14.7485 -23.7946 -3.1238 -0.0000 0.0000 -0.6106 36.7685 16.1560 11.7457 -7.1250 0.0000 -0.0000 9.0018 49.6485 1.0392 0.0000 -0.0000 0.0000 85.9322 22.4215 61.1015 -137.4843 49.4917 -99.6682 0.0000 -0.0000 -24.8255 -35.7360 5.6153 -4.0273 7.1250 -0.0000 -0.0000 -6.6495 -23.0847 -3.5329
10.2611 18.8861 -8.4703 -9.2503 -14.2776 12.1986 0.0000 0.0000 0.0000 -10.7172 -9.4599 -22.4413 2.9049 10.5395 30.7420 0.7096 4.1646 -17.9629 0.0030 -0.3534 -0.9711 0.0000 0.0000 0.0000 13.1066 24.9091 -17.4330 -0.9652 -6.2552 17.5267 0.9525 -17.0681 -4.4549 -0.7715 5.6083 -15.6521 -8.2206 5.3426 11.2672 -6.9407 6.0158 5.7461 -3.3832 2.8858 -0.3041 -5.0285 8.0330 -11.1412 1.9961 11.8752 26.8389 2.8632 5.1220 9.9240 0.0000 -0.0000 0.0000 -86.6154 -34.6866 30.6613 13.5077 -22.0265 -2.6406 -0.0000 0.0000 -0.6925 42.9450 19.9422 17.6117 -7.1250 0.0000 -0.0000 16.1028 55.6133 4.2743 0.0000 -0.0000 0.0000 85.6456 21.4700 59.3591 -138.3958 48.9921 -100.3586 0.0000 -0.0000 -24.2688 -37.2632 4.7844 -3.6308 7.1250 -0.0000 -0.0000 -7.8635 -23.9832 -4.0248
10.2724 18.8731 -8.4389 -9.5000 -15.9095 12.0429 0.0000 0.0000 0.0000 -10.7343 -9.0663 -21.8709 2.9501 10.6139 30.9884 0.7238 4.8869 -18.5788 0.0015 -0.2528 -0.6946 0.0000 0.0000 0.0000 13.1516 25.0907 -17.8363 -1.0302 -6.4561 18.1137 0.7642 -15.4856 -2.9560 -0.9269 6.1333 -17.1718 -8.7095 4.9036 11.1521 -7.1041 5.4217 6.0267 -3.1927 2.5657 0.0340 -4.8756 8.6662 -11.2115 1.8822 12.7233 26.5532 2.8740 5.5129 9.8201 -0.0000 -0.0000 0.0000 -89.5092 -35.3433 31.9485 13.2314 -21.6253 -2.5379 -0.0000 0.0000 -0.6954 43.0966 19.7047 17.5096 -7.1250 0.0000 -0.0000 16.2498 55.3610 4.2142 -0.0000 -0.0000 0.0000 84.4728 21.7467 57.8437 -139.7206 48.2346 -101.3526 0.0000 -0.0000 -23.8900 -36.7071 3.9302 -2.9254 7.1250 -0.0000 -0.0000 -7.5549 -25.0785 -3.6708
10.2882 18.8803 -8.4151 -9.5947 -17.1913 12.0340 0.0000 0.0000 0.0000 -10.8816 -8.8840 -21.4547 2.9750 10.6544 31.1231 0.7542 5.5512 -19.3430 0.0090 -0.6125 -1.6830 0.0000 0.0000 0.0000 12.9676 24.9811 -18.8364 -1.1575 -6.8306 19.2146 0.5989 -13.8711 -1.9985 -0.8301 5.8124 -16.2412 -8.8244 4.2623 11.4484 -7.5412 4.4811 5.7530 -3.5114 2.1118 -0.3813 -4.5863 9.2271 -10.2566 2.1391 13.2806 26.3326 2.8952 5.8367 9.5370 0.0000 -0.0000 0.0000 -91.2230 -35.0979 34.0702 13.5007 -22.0165 -2.6380 -0.0000 0.0000 -2.2868 38.2467 16.3384 12.5025 -7.1250 0.0000 -0.0000 10.5379 50.1533 1.3517 0.0000 -0.0000 0.0000 83.5666 22.5895 57.7934 -140.9286 47.5100 -102.2486 0.0000 -0.0000 -22.5470 -35.8699 2.7821 -2.0100 7.1250 -0.0000 -0.0000 -7.0527 -26.5345 -3.1817
10.2866 18.8672 -8.4063 -9.5095 -18.5276 11.8816 0.0000 0.0000 0.0000 -11.1448 -8.6059 -20.8797 2.9325 10.5849 30.8925 0.7883 5.8653 -19.9037 0.0193 -0.8970 -2.4656 0.0000 0.0000 0.0000 12.6883 24.9012 -19.9725 -1.3382 -7.3246 20.6806 0.4036 -11.8662 -0.1020 -1.0891 6.6323 -18.6305 -9.0140 3.7983 11.6294 -8.0666 3.7985 5.7046 -3.8961 1.7751 -0.5003 -4.5738 9.3899 -10.2654 3.0265 13.2940 27.0742 3.2207 5.9037 9.7253 -0.0000 0.0000 0.0000 -91.8912 -35.8486 38.0663 13.8268 -22.4866 -2.7615 -0.0000 0.0000 -5.6471 36.7579 15.5775 11.3423 -7.1250 0.0000 -0.0000 8.9853 48.9561 0.8832 -0.0000 0.0000 0.0000 82.7976 24.4971 58.7962 -142.1131 46.7670 -103.1168 0.0000 -0.0000 -20.2830 -35.0594 1.5789 -1.1077 7.1250 -0.0000 -0.0000 -6.5506 -28.0302 -2.7202
10.2781 18.8662 -8.3977 -9.4351 -19.4711 11.6740 0.0000 0.0000 0.0000 -11.3886 -8.2864 -20.3132 2.8901 10.5150 30.6611 0.7783 6.3750 -20.1709 0.0047 -0.4410 -1.2118 0.0000 0.0000 0.0000 12.4841 24.6938 -21.0404 -1.5329 -7.8165 22.1582 0.2865 -10.3342 0.7019 -1.1126 6.7012 -18.8332 -8.8742 3.2929 11.9042 -8.5501 3.0852 5.6684 -4.4178 1.4307 -0.6544 -4.2784 9.4226 -10.1489 3.4863 13.1643 27.7819 3.3440 5.8867 9.9448 -0.0000 0.0000 0.0000 -91.7207 -37.0710 41.6342 14.2910 -23.1491 -2.9415 -0.0000 0.0000 -7.4374 33.6719 15.2172 9.9188 -7.1250 0.0000 -0.0000 5.8974 47.9916 0.4367 -0.0000 0.0000 0.0000 81.9886 26.6859 61.1708 -143.2090 46.0495 -103.9106 0.0000 -0.0000 -17.1475 -34.3906 2.0982 -1.4355 7.1250 -0.0000 -0.0000 -5.9933 -27.4234 -2.5725
10.2645 18.8638 -8.3866 -9.4964 -19.9176 11.6034 0.0000 0.0000 0.0000 -11.3996 -8.2038 -20.0192 2.8832 10.5035 30.6230 0.7713 6.7836 -20.4068 0.0056 -0.4827 -1.3263 0.0000 0.0000 0.0000 12.4382 24.0887 -22.1251 -1.7132 -8.2411 23.4489 0.1770 -8.6884 1.6151 -1.0623 6.5530 -18.3976 -8.0323 2.7371 12.3958 -9.0371 2.3460 5.5528 -5.3424 1.0907 -1.0040 -3.7176 9.3839 -10.0754 3.8294 12.9082 28.3644 3.3753 5.8340 10.1651 0.0000 0.0000 0.0000 -90.9845 -38.3475 45.1015 14.8493 -23.9357 -3.1645 -0.0000 0.0000 -8.8238 31.7355 14.2006 8.6272 -7.1250 0.0000 -0.0000 4.0623 46.5089 0.1515 0.0000 0.0000 0.0000 81.2979 28.2736 63.8068 -144.6341 45.0717 -104.9282 0.0000 -0.0000 -14.1929 -34.1472 3.4131 -2.3123 7.1250 -0.0000 -0.0000 -5.6949 -25.8527 -2.6540
10.2365 18.8582 -8.3695 -9.3048 -20.2114 11.4386 0.0000 0.0000 0.0000 -11.5942 -8.1275 -19.7660 2.8877 10.5109 30.6476 0.7881 6.8749 -20.6377 0.0042 -0.4173 -1.1465 0.0000 0.0000 0.0000 12.2587 23.1857 -23.1982 -1.8956 -8.6452 24.6915 0.0873 -6.9176 2.2969 -0.9773 6.2930 -17.6371 -7.7315 2.3106 12.9320 -9.1530 1.7309 5.4909 -5.5774 0.7956 -1.3716 -3.3584 9.2119 -9.7058 3.6844 12.5983 28.3105 3.2154 5.7117 10.1260 0.0000 0.0000 0.0000 -90.9395 -38.8950 47.6705 16.0932 -25.6468 -3.6862 -0.0000 0.0000 -8.6821 28.6211 17.7748 9.4580 -7.1250 0.0000 -0.0000 0.6102 50.0412 0.0758 0.0000 0.0000 0.0000 80.2543 29.5173 64.9675 -146.1684 43.9595 -106.0040 0.0000 -0.0000 -11.8296 -33.3195 3.7428 -2.4571 7.1250 -0.0000 -0.0000 -5.0452 -25.5007 -2.3904
10.1922 18.8493 -8.3475 -8.9629 -20.5793 11.1803 0.0000 0.0000 0.0000 -11.9356 -7.8314 -19.4383 2.8705 10.4823 30.5533 0.8018 6.8381 -20.7412 0.0034 -0.3746 -1.0294 0.0000 0.0000 0.0000 11.8984 22.4016 -24.0949 -2.0973 -9.0659 26.0017 0.0683 -6.1486 2.0688 -0.7356 5.4795 -15.2815 -8.1645 2.1881 13.4192 -8.7048 1.4355 5.2477 -4.8291 0.6497 -1.9298 -4.1253 8.7665 -9.1708 4.4974 11.8848 29.1165 3.5470 5.3745 10.2297 -0.0000 0.0000 0.0000 -92.0574 -38.3230 49.4057 17.7461 -27.8308 -4.4300 -0.0000 0.0000 -8.2887 29.5587 17.1143 9.4750 -7.1250 0.0000 -0.0000 1.6443 49.4659 0.1811 -0.0000 0.0000 0.0000 78.9915 29.8343 64.7454 -147.7999 42.7061 -107.1237 0.0000 -0.0000 -11.0488 -32.3349 3.3254 -2.1029 7.1250 -0.0000 -0.0000 -4.3363 -26.0424 -1.9976
10.1412 18.8609 -8.3034 -8.8533 -20.9048 11.0806 0.0000 0.0000 0.0000 -12.0319 -7.6413 -18.9885 2.8249 10.4061 30.3021 0.8010 7.0209 -20.8718 0.0072 -0.5497 -1.5106 0.0000 0.0000 0.0000 11.5910 22.3117 -24.3219 -2.1898 -9.2507 26.5828 0.1347 -7.2460 0.7836 -0.5969 4.9458 -13.7540 -7.9378 1.9500 13.3595 -8.4320 1.2007 5.5045 -4.6148 0.5268 -1.6340 -3.9765 8.5058 -9.2995 4.0310 11.6038 28.8144 3.3328 5.2170 10.2045 0.0000 0.0000 0.0000 -92.8988 -39.2510 52.4018 18.5760 -28.8884 -4.8243 -0.0000 0.0000 -10.2575 28.7978 20.8453 11.0679 -7.1250 0.0000 -0.0000 0.2188 53.4648 0.0456 0.0000 0.0000 0.0000 78.7381 30.8966 64.0491 -149.4382 41.3701 -108.2208 0.0000 -0.0000 -10.8283 -31.8431 3.0242 -1.8767 7.1250 -0.0000 -0.0000 -3.9849 -26.4172 -1.8000
10.0754 18.8805 -8.2489 -8.7291 -21.4452 11.1687 0.0000 0.0000 0.0000 -12.1561 -7.2305 -18.5804 2.7350 10.2532 29.8005 0.7873 7.2712 -20.9333 0.0084 -0.5907 -1.6233 0.0000 0.0000 0.0000 11.0636 22.6151 -24.2110 -2.1250 -9.1218 26.1770 0.2690 -9.6665 -0.2169 -0.5252 4.6444 -12.8972 -7.6989 1.6530 13.1236 -8.2829 0.8906 5.6091 -4.5300 0.3701 -1.4037 -4.0581 8.1350 -9.4082 3.8974 11.1171 28.2415 3.2330 4.9932 10.0422 -0.0000 -0.0000 0.0000 -93.3278 -39.2622 51.1169 19.8372 -30.4457 -5.4486 -0.0000 0.0000 -9.5210 28.5061 24.0946 12.5011 -7.1250 0.0000 -0.0000 -0.9229 56.9491 -0.2702 -0.0000 -0.0000 0.0000 79.4782 31.4569 61.8387 -150.3238 40.6142 -108.8018 0.0000 -0.0000 -11.8939 -31.6110 2.3384 -1.4385 7.1250 -0.0000 -0.0000 -3.8510 -27.2291 -1.6657
10.0019 18.8940 -8.1885 -8.3188 -22.0079 11.0923 0.0000 0.0000 0.0000 -12.5587 -6.6213 -18.0659 2.6142 10.0426 29.1148 0.7743 7.3702 -20.8868 0.0099 -0.6433 -1.7679 0.0000 0.0000 0.0000 10.3361 22.7618 -23.7163 -1.9362 -8.7318 24.9599 0.6897 -14.6779 -3.1659 -0.1384 2.3976 -6.6059 -7.4496 1.6441 13.0317 -7.9962 0.9264 5.5542 -4.3621 0.3899 -1.4160 -4.2787 7.6883 -9.1375 3.9888 10.4852 28.1734 3.2216 4.6986 9.9744 0.0000 0.0000 0.0000 -93.4396 -38.7925 51.2966 20.7196 -31.4996 -5.9027 -0.0000 0.0000 -8.8447 28.7776 24.9351 13.0374 -7.1250 0.0000 -0.0000 -0.8770 57.9210 -0.2774 0.0000 0.0000 0.0000 79.9011 30.9768 58.8751 -150.7372 40.2531 -109.0699 0.0000 -0.0000 -14.2042 -31.8549 0.0312 -0.0194 7.1250 -0.0000 -0.0000 -4.1664 -29.9301 -1.5356
9.9172 18.9087 -8.1324 -7.9870 -22.5442 11.1992 0.0000 0.0000 0.0000 -12.8399 -6.3452 -17.5230 2.4726 9.7880 28.2929 0.7593 7.7021 -21.0058 0.0096 -0.6340 -1.7422 0.0000 0.0000 0.0000 9.7383 22.7301 -23.3817 -1.7154 -8.2464 23.4649 1.1922 -18.9809 -5.2183 -0.0093 0.6231 -1.7123 -7.1784 1.7313 13.0519 -7.5057 1.0786 5.4358 -4.0099 0.4691 -1.5582 -4.4835 7.1947 -8.9841 3.9982 9.8148 28.0843 3.1839 4.3797 9.9323 0.0000 0.0000 0.0000 -92.9758 -38.2009 51.6720 21.2771 -32.1504 -6.1967 -0.0000 0.0000 -8.8699 29.7214 26.0084 14.0543 -7.1250 0.0000 -0.0000 -0.1404 59.3080 -0.0491 0.0000 0.0000 0.0000 79.4596 29.9032 55.7734 -150.6297 40.3475 -109.0004 0.0000 -0.0000 -16.7330 -31.8938 -0.0076 0.0047 7.1250 -0.0000 -0.0000 -4.1989 -29.9754 -1.5431
9.8063 18.9139 -8.0559 -7.5753 -23.8456 11.3148 0.0000 0.0000 0.0000 -13.2696 -5.3113 -17.1453 2.3663 9.5907 27.6613 0.7501 8.1273 -21.2644 0.0152 -0.7956 -2.1865 0.0000 0.0000 0.0000 9.3508 22.5854 -23.2184 -1.4983 -7.7319 21.9026 1.8968 -23.5417 -7.4784 -0.0024 -0.3136 0.8616 -6.9595 2.0364 12.4084 -7.0741 1.6050 5.5119 -3.7200 0.7218 -1.1295 -4.6763 6.7888 -9.1525 3.7076 9.3668 28.0839 3.0835 4.1245 9.9959 -0.0000 -0.0000 0.0000 -91.6553 -36.9342 51.2240 22.2620 -33.2719 -6.7290 -0.0000 0.0000 -8.5081 30.3183 26.3889 14.5695 -7.1250 0.0000 -0.0000 0.4353 59.8683 0.1580 -0.0000 -0.0000 0.0000 79.1917 29.4052 53.4634 -149.8164 41.0503 -108.4700 0.0000 -0.0000 -19.3626 -32.9559 0.0132 -0.0086 7.1250 -0.0000 -0.0000 -5.0331 -29.9451 -1.8552
9.6797 18.9125 -8.0086 -7.0517 -24.5416 11.7312 0.0000 0.0000 0.0000 -13.5965 -4.8954 -17.3393 2.3123 9.4883 27.3351 0.7426 8.4648 -21.4746 0.0309 -1.1349 -3.1199 0.0000 0.0000 0.0000 8.8002 22.5338 -23.3523 -1.3297 -7.3022 20.6137 2.6662 -27.4568 -9.7024 -0.0775 -1.7964 4.9432 -6.8044 1.9734 12.0833 -6.7227 1.5797 5.3719 -3.4187 0.7107 -1.1105 -4.4111 6.5442 -8.9984 3.3627 9.0406 27.7609 2.8714 3.9755 9.8999 0.0000 -0.0000 0.0000 -89.4304 -34.4923 49.2245 24.1035 -35.2735 -7.7662 -0.0000 0.0000 -8.1457 31.4778 27.5079 15.7903 -7.1250 0.0000 -0.0000 1.4610 61.3819 0.5828 0.0000 -0.0000 0.0000 79.2423 28.6869 51.8697 -148.7765 41.9193 -107.7811 0.0000 -0.0000 -22.7763 -32.9317 0.3609 -0.2338 7.1250 -0.0000 -0.0000 -4.9929 -29.5325 -1.8896
9.5267 18.9053 -7.9345 -6.5340 -25.9773 12.0026 0.0000 0.0000 0.0000 -14.0557 -4.1052 -17.1981 2.2730 9.4129 27.0957 0.7689 9.1549 -22.3060 0.0752 -1.7694 -4.8688 0.0000 0.0000 0.0000 8.5023 22.9543 -23.3088 -1.2027 -6.9579 19.5906 3.4130 -30.6829 -9.9431 -0.1017 -2.0566 5.6621 -7.0006 2.2585 11.6833 -6.3605 1.9935 5.4457 -2.9625 0.9026 -0.8309 -4.3077 6.2650 -9.4641 3.3003 8.6635 27.3887 2.8051 3.8206 9.8797 0.0000 0.0000 0.0000 -87.7000 -31.8269 47.2112 26.4046 -37.6054 -9.1334 -0.0000 0.0000 -8.1652 33.2991 29.4427 17.8941 -7.1250 0.0000 -0.0000 3.1099 63.9864 1.4316 0.0000 0.0000 0.0000 79.2994 27.9441 50.0738 -148.0804 42.4830 -107.3135 0.0000 -0.0000 -26.6037 -33.1923 0.5782 -0.3783 7.1250 -0.0000 -0.0000 -5.1826 -29.2712 -1.9942
9.3349 18.8786 -7.8850 -5.9029 -26.9983 12.4537 0.0000 0.0000 0.0000 -14.3456 -3.5206 -17.6450 2.2860 9.4379 27.1751 0.7913 9.5519 -22.8512 0.1588 -2.5672 -7.0760 0.0000 0.0000 0.0000 8.5061 23.2196 -23.6213 -1.2112 -6.9816 19.6608 3.1535 -29.5750 -10.8361 -0.0205 -0.9233 2.5379 -7.1850 2.6760 11.2566 -5.9922 2.5755 5.3568 -2.5277 1.1839 -0.7173 -4.6681 5.4141 -9.1477 3.8507 7.3746 27.0958 2.9048 3.2697 9.7256 0.0000 -0.0000 0.0000 -86.7987 -27.9476 45.4702 29.6859 -40.6227 -11.2046 -0.0000 0.0000 -7.2413 37.9738 25.8779 18.8127 -7.1250 0.0000 -0.0000 10.0543 61.3086 4.0157 0.0000 -0.0000 0.0000 79.2638 26.1094 47.0319 -147.7647 42.7340 -107.0998 0.0000 -0.0000 -31.1538 -32.4244 0.9472 -0.6016 7.1250 -0.0000 -0.0000 -4.5614 -28.8453 -1.8000
9.1256 18.8543 -7.8250 -5.3094 -27.5452 12.8350 0.0000 0.0000 0.0000 -14.4657 -3.5138 -17.8055 2.2894 9.4445 27.1959 0.8343 9.8431 -23.4797 0.1159 -2.1948 -6.0444 0.0000 0.0000 0.0000 8.5353 23.9848 -23.4401 -1.2363 -7.0510 19.8665 2.9538 -28.7277 -12.3657 -0.0045 0.4352 -1.1958 -6.9908 2.8158 10.9640 -5.6549 2.8116 5.1850 -2.2986 1.3058 -0.7515 -5.1987 4.4926 -8.4295 4.0943 6.0746 26.7866 2.9167 2.6564 9.5131 -0.0000 0.0000 0.0000 -85.8763 -23.8144 43.5769 33.1559 -43.4495 -13.5292 -0.0000 0.0000 -6.1265 40.5871 27.2289 21.4044 -7.1250 0.0000 -0.0000 13.5629 63.6056 6.1767 -0.0000 0.0000 0.0000 79.8989 23.5894 44.5478 -147.5286 42.9198 -106.9393 0.0000 -0.0000 -35.5209 -30.7039 1.4760 -0.8764 7.1250 -0.0000 -0.0000 -3.1992 -28.2580 -1.3052
8.8936 18.8251 -7.7537 -4.5780 -27.7509 12.8669 0.0000 0.0000 0.0000 -14.6731 -3.4293 -17.5390 2.2546 9.3774 26.9832 0.7886 10.4601 -23.6357 0.1968 -2.8567 -7.8801 0.0000 0.0000 0.0000 8.6433 24.0218 -22.7058 -1.2024 -6.9570 19.5880 2.6174 -27.4270 -14.6848 -0.0034 0.3743 -1.0285 -6.5274 2.7313 10.8642 -5.4437 2.7697 5.2349 -2.3215 1.2898 -0.6373 -5.6849 3.4972 -8.6719 3.9703 4.8179 27.3548 2.8644 2.0021 9.8246 -0.0000 0.0000 0.0000 -84.6861 -21.5722 42.5161 34.7676 -44.6455 -14.6498 -0.0000 0.0000 -6.2844 43.4290 29.8495 25.2276 -7.1250 0.0000 -0.0000 18.1006 67.4735 9.9152 -0.0000 0.0000 0.0000 80.3719 21.9903 43.3537 -146.4636 43.7383 -106.2085 0.0000 -0.0000 -39.4772 -29.5357 2.0819 -1.1792 7.1250 -0.0000 -0.0000 -2.2721 -27.5851 -0.9624
8.6551 18.8036 -7.7069 -3.6461 -28.0730 12.8656 0.0000 0.0000 0.0000 -15.0364 -2.8974 -17.5214 2.2373 9.3438 26.8768 0.8222 10.1750 -23.6683 0.1969 -2.8577 -7.8829 0.0000 0.0000 0.0000 8.3277 24.2669 -22.1674 -1.1437 -6.7910 19.0977 2.3877 -26.5623 -15.8544 -0.0016 0.2544 -0.6989 -6.3841 2.7558 11.0532 -5.2116 2.7972 5.1537 -2.1719 1.3086 -0.8323 -6.6109 2.5120 -8.5614 4.0445 3.5840 27.5973 2.9325 1.3456 9.9439 0.0000 0.0000 0.0000 -84.1129 -19.5538 41.1772 35.2361 -44.9800 -14.9800 -0.0000 0.0000 -7.5502 45.2942 27.9375 25.3303 -7.1250 0.0000 -0.0000 20.8873 65.8545 10.7220 0.0000 0.0000 0.0000 80.4979 19.8361 42.8733 -145.0480 44.7778 -105.2205 0.0000 -0.0000 -41.5182 -28.4123 1.7280 -0.9346 7.1250 -0.0000 -0.0000 -1.4180 -28.0143 -0.5860
8.4095 18.7986 -7.6747 -2.6192 -28.1381 12.9994 0.0000 0.0000 0.0000 -15.3795 -2.6935 -17.6755 2.2464 9.3615 26.9329 0.8754 9.6857 -23.6953 0.1879 -2.7921 -7.7005 0.0000 0.0000 0.0000 8.0556 23.9764 -22.1047 -1.1069 -6.6847 18.7845 2.2244 -25.8071 -15.8115 -0.0203 0.9196 -2.5276 -6.2107 2.6183 10.9798 -4.9360 2.6605 5.2968 -1.9556 1.2373 -0.6484 -7.0762 1.6937 -8.7054 3.4843 2.6862 27.4517 2.7243 0.8324 9.9870 -0.0000 0.0000 0.0000 -84.2187 -19.1723 39.2385 33.7336 -43.8863 -13.9280 -0.0000 0.0000 -6.2806 45.9354 29.7795 27.1647 -7.1250 0.0000 -0.0000 22.4939 68.1778 12.7669 -0.0000 0.0000 0.0000 80.7996 18.3367 43.7950 -142.8650 46.2778 -103.6625 0.0000 -0.0000 -43.7119 -28.0673 3.1597 -1.6835 7.1250 -0.0000 -0.0000 -1.1100 -26.3996 -0.5008
8.1705 18.8027 -7.6577 -1.7091 -28.4744 13.1888 0.0000 0.0000 0.0000 -15.6269 -2.8070 -17.5804 2.1718 9.2152 26.4709 0.7755 10.2839 -23.3628 0.2643 -3.3072 -9.1352 0.0000 0.0000 0.0000 7.9020 23.9035 -22.5622 -1.1303 -6.7526 18.9845 2.0370 -25.1735 -17.0670 -0.0005 -0.1378 0.3786 -5.7828 2.6105 11.3640 -4.9163 2.6546 5.2949 -2.1894 1.2445 -0.8436 -7.2480 0.9321 -8.8020 3.4709 1.6648 27.1866 2.6397 0.3558 9.9730 -0.0000 -0.0000 0.0000 -84.3943 -19.4900 37.4945 30.5752 -41.3813 -11.7880 -0.0000 0.0000 -5.2409 45.5030 27.9727 25.5179 -7.1250 0.0000 -0.0000 21.2438 65.9603 10.9638 -0.0000 -0.0000 0.0000 81.7005 17.4225 45.5642 -140.1691 47.9694 -101.6864 0.0000 -0.0000 -43.0465 -28.3236 4.2804 -2.3037 7.1250 -0.0000 -0.0000 -1.2614 -25.1197 -0.6068
7.9289 18.8122 -7.6677 -1.2888 -29.1851 13.9942 0.0000 0.0000 0.0000 -15.3179 -3.1451 -17.8552 2.0944 9.0599 25.9829 0.6855 11.0301 -23.2702 0.2914 -3.4713 -9.5936 0.0000 0.0000 0.0000 7.9872 24.4108 -23.8810 -1.1976 -6.9437 19.5486 1.9919 -25.0900 -17.6281 -0.0012 -0.2262 0.6216 -5.3558 2.5435 11.4208 -4.7139 2.6067 5.2333 -2.2127 1.2278 -0.9329 -7.7078 0.5086 -8.9935 3.7001 1.1195 26.6169 2.7326 0.1026 9.8340 -0.0000 0.0000 0.0000 -84.6171 -21.1288 35.8650 26.5409 -37.7378 -9.2167 -0.0000 0.0000 -5.5587 44.6630 26.0224 23.4412 -7.1250 0.0000 -0.0000 19.4612 63.4187 8.8655 -0.0000 0.0000 0.0000 82.3402 17.0126 48.3257 -138.0425 49.1878 -100.0917 0.0000 -0.0000 -40.9620 -28.6073 5.1496 -2.8025 7.1250 -0.0000 -0.0000 -1.4337 -24.1191 -0.7229
7.6839 18.8266 -7.7189 -1.0853 -30.3489 14.9233 0.0000 0.0000 0.0000 -14.7500 -3.2428 -18.3475 2.0700 9.0104 25.8279 0.6007 11.7013 -23.1783 0.3937 -4.0288 -11.1577 0.0000 0.0000 0.0000 8.1336 25.3884 -25.2042 -1.2457 -7.0767 19.9427 1.9868 -24.9954 -17.3307 -0.0005 -0.1389 0.3817 -5.3773 2.4284 11.6960 -4.6715 2.4329 5.4090 -2.1426 1.1357 -0.9006 -7.1577 0.3359 -9.9583 3.4923 0.9071 25.9067 2.5383 0.0590 9.7817 -0.0000 0.0000 0.0000 -84.2198 -23.3601 33.7336 23.0363 -34.1284 -7.1586 -0.0000 0.0000 -5.4907 41.3756 23.2410 19.1668 -7.1250 0.0000 -0.0000 14.5059 59.1717 5.0891 -0.0000 0.0000 0.0000 83.4672 18.4454 52.3956 -136.5819 49.9696 -98.9796 0.0000 -0.0000 -37.3049 -29.3765 5.9638 -3.3474 7.1250 -0.0000 -0.0000 -1.9583 -23.1447 -1.0315
7.4704 18.8341 -7.7509 -1.0288 -31.9086 15.7606 0.0000 0.0000 0.0000 -14.2783 -3.5820 -18.4834 2.0577 8.9852 25.7491 0.5532 12.7199 -23.8134 0.4266 -4.1919 -11.6171 0.0000 0.0000 0.0000 8.3487 25.7926 -26.0435 -1.2123 -6.9846 19.6699 1.7191 -23.4370 -16.3655 -0.0036 -0.3888 1.0682 -5.2012 2.3707 11.9876 -4.5214 2.3497 5.4431 -2.0844 1.0945 -1.0236 -7.1337 0.2349 -9.9092 3.3924 0.7830 25.1044 2.4696 0.0105 9.4954 0.0000 -0.0000 0.0000 -84.8527 -26.1199 31.9740 19.0669 -29.5017 -5.0638 -0.0000 0.0000 -5.9263 37.6254 20.1126 14.8452 -7.1250 0.0000 -0.0000 9.9135 54.5204 2.3361 0.0000 -0.0000 0.0000 83.6919 19.6982 57.3430 -136.0250 50.2563 -98.5523 0.0000 -0.0000 -32.2710 -29.8898 7.0103 -4.0128 7.1250 -0.0000 -0.0000 -2.2659 -21.9095 -1.2577
7.2625 18.8313 -7.8085 -0.9974 -33.2249 16.6993 0.0000 0.0000 0.0000 -13.7294 -3.6701 -19.0105 2.0634 8.9969 25.7857 0.4673 13.6144 -24.0350 0.4683 -4.3890 -12.1738 0.0000 0.0000 0.0000 8.5839 26.0874 -26.6844 -1.1268 -6.7424 18.9543 1.4760 -21.8376 -15.2111 -0.0095 -0.6284 1.7268 -5.1578 2.0513 12.3842 -4.4948 1.8936 5.4181 -2.0359 0.8693 -1.2637 -6.9101 0.4018 -9.7965 3.5549 0.9180 24.4126 2.4873 0.1220 9.2193 -0.0000 0.0000 0.0000 -85.1948 -28.7194 30.8976 15.8623 -25.3335 -3.5868 -0.0000 0.0000 -7.4758 36.8505 13.9299 10.2275 -7.1250 0.0000 -0.0000 9.0449 46.9968 0.4492 -0.0000 0.0000 0.0000 84.1206 21.3853 63.0517 -135.8424 50.3490 -98.4118 0.0000 -0.0000 -26.3779 -30.3586 8.0038 -4.6625 7.1250 -0.0000 -0.0000 -2.5310 -20.7287 -1.4728
7.0431 18.8383 -7.8400 -0.9749 -34.8900 17.0010 0.0000 0.0000 0.0000 -13.4446 -3.2208 -18.4288 1.9850 8.8347 25.2795 0.4115 14.3814 -24.4212 0.6567 -5.1833 -14.4321 0.0000 0.0000 0.0000 9.2193 26.4743 -26.6704 -1.0834 -6.6157 18.5816 1.2746 -20.4021 -14.2282 -0.0076 -0.5643 1.5507 -5.6101 1.7721 12.7401 -4.3569 1.4459 5.5353 -1.5869 0.6354 -1.3445 -7.2431 0.6945 -9.5654 4.2370 1.1944 24.0905 2.7971 0.2911 9.0338 -0.0000 0.0000 0.0000 -85.6930 -30.9650 31.2038 13.4151 -21.8923 -2.6060 -0.0000 0.0000 -6.8604 36.0637 10.3098 7.4257 -7.1250 0.0000 -0.0000 8.1749 42.5167 -0.5046 -0.0000 0.0000 0.0000 83.9663 23.4866 68.9022 -135.9491 50.2949 -98.4940 0.0000 -0.0000 -20.2104 -32.7659 8.3684 -5.3513 7.1250 -0.0000 -0.0000 -4.2204 -20.0702 -2.5225
6.8606 18.8557 -7.8415 -1.0722 -35.5937 17.5602 0.0000 0.0000 0.0000 -12.9425 -3.4795 -18.2655 1.9385 8.7368 24.9755 0.2260 15.6381 -24.3182 0.5585 -4.7868 -13.3014 0.0000 0.0000 0.0000 9.8780 26.4787 -26.8739 -1.0494 -6.5143 18.2840 1.1984 -19.7784 -13.6493 -0.0047 -0.4433 1.2182 -4.7895 1.0032 12.5479 -4.4285 0.5548 5.7084 -1.9925 0.2001 -1.0430 -6.9334 0.9187 -9.6866 4.4913 1.3653 24.5513 2.8600 0.4082 9.2019 -0.0000 0.0000 0.0000 -85.8722 -32.8302 32.5920 12.5266 -20.5896 -2.2841 -0.0000 0.0000 -5.0707 30.8351 14.9632 8.7621 -7.1250 0.0000 -0.0000 3.1359 47.2445 0.1738 -0.0000 0.0000 0.0000 83.7225 25.4911 70.7046 -136.5468 49.9878 -98.9528 0.0000 -0.0000 -18.0540 -33.7499 6.8751 -4.5730 7.1250 -0.0000 -0.0000 -5.0749 -21.7411 -2.8450
6.6831 18.8881 -7.8137 0.1024 -37.0218 17.1964 0.0000 0.0000 0.0000 -13.9406 -2.8090 -18.0721 1.9068 8.6692 24.7660 0.0543 16.4520 -23.8374 0.6960 -5.3330 -14.8609 0.0000 0.0000 0.0000 9.2812 26.4309 -27.0723 -1.0599 -6.5456 18.3758 1.0328 -18.5142 -13.0289 -0.0074 -0.5543 1.5230 -5.1947 0.5658 12.2384 -4.5858 -0.0441 5.7644 -1.8485 -0.1081 -0.8145 -6.8980 1.1811 -10.0671 4.5165 1.6989 25.7586 2.9308 0.5358 9.6778 0.0000 -0.0000 0.0000 -86.8013 -32.8819 36.5464 14.0906 -22.8641 -2.8632 -0.0000 0.0000 -9.2515 33.3488 13.9648 9.0241 -7.1250 0.0000 -0.0000 5.6295 46.4801 0.2063 0.0000 -0.0000 0.0000 82.4277 27.1291 67.6459 -137.7501 49.3478 -99.8701 0.0000 -0.0000 -19.4389 -32.3210 5.2974 -3.3430 7.1250 -0.0000 -0.0000 -4.1754 -23.7212 -2.1484
6.5023 18.9162 -7.7760 -0.5810 -38.4994 17.5346 0.0000 0.0000 0.0000 -13.1122 -1.8969 -17.9944 2.0179 8.9032 25.4930 -0.0833 16.8485 -23.0984 0.8147 -5.7598 -16.0890 0.0000 0.0000 0.0000 10.4478 27.2603 -26.2546 -1.0165 -6.4145 17.9918 0.9475 -17.7946 -12.5911 -0.0131 -0.7392 2.0316 -3.8757 0.3289 11.8812 -4.4502 -0.1833 5.7709 -2.4258 -0.1578 -0.6241 -7.2540 1.3749 -10.1968 5.0581 1.8542 27.1715 3.2397 0.5892 10.1876 0.0000 -0.0000 0.0000 -87.6831 -32.7643 40.9261 16.4761 -26.1620 -3.8535 -0.0000 0.0000 -11.0529 34.5568 16.5380 11.0922 -7.1250 0.0000 -0.0000 6.7310 49.6875 0.7810 0.0000 -0.0000 0.0000 80.1027 28.4630 61.6093 -139.2173 48.5268 -100.9764 0.0000 -0.0000 -23.4683 -31.4779 4.7320 -2.8915 7.1250 -0.0000 -0.0000 -3.5939 -24.4367 -1.7886
6.3259 18.9497 -7.7169 0.7227 -39.7413 16.4942 0.0000 0.0000 0.0000 -13.9602 -0.8516 -17.6869 2.0901 9.0512 25.9556 -0.2735 16.8782 -21.1878 0.9955 -6.3497 -17.8024 0.0000 0.0000 0.0000 9.8817 27.7699 -25.8121 -1.0920 -6.6408 18.6555 0.9182 -17.4265 -11.9923 -0.0023 0.3066 -0.8424 -3.7525 -0.0193 11.4964 -4.5306 -0.6110 5.6329 -2.5263 -0.3672 -0.5690 -7.0629 1.7848 -10.1519 4.5242 2.4771 28.3872 3.1166 0.7890 10.5978 0.0000 0.0000 0.0000 -88.1487 -32.7125 46.2317 18.8134 -29.1861 -4.9395 -0.0000 0.0000 -12.6983 36.3067 19.0517 13.4871 -7.1250 0.0000 -0.0000 8.4779 52.9793 1.6739 0.0000 0.0000 0.0000 76.8178 29.2744 55.0978 -141.0719 47.4218 -102.3542 0.0000 -0.0000 -28.5862 -30.2007 3.4277 -1.9930 7.1250 -0.0000 -0.0000 -2.7168 -26.0141 -1.2513
6.1499 18.9690 -7.6541 1.5935 -40.8009 15.4586 0.0000 0.0000 0.0000 -14.3055 0.2505 -17.5141 2.2755 9.4179 27.1114 -0.4041 16.5912 -19.1634 1.1539 -6.8203 -19.1840 0.0000 0.0000 0.0000 9.9495 28.1660 -25.1731 -1.1895 -6.9210 19.4815 0.8621 -17.1202 -12.4439 -0.0027 0.3354 -0.9215 -3.4147 -0.1670 11.3364 -4.1358 -0.7602 5.3407 -2.2837 -0.4342 -0.7914 -7.1025 2.0997 -9.9443 3.7339 3.0934 29.4728 2.9317 0.9296 10.9472 0.0000 0.0000 0.0000 -89.5752 -33.1145 51.6936 20.4644 -31.1978 -5.7700 -0.0000 0.0000 -13.9328 37.7494 21.1552 15.6119 -7.1250 0.0000 -0.0000 10.0361 55.7757 2.6730 0.0000 0.0000 0.0000 72.6683 30.1664 48.9619 -142.6099 46.4453 -103.4779 0.0000 -0.0000 -33.1564 -28.5115 1.8630 -1.0117 7.1250 -0.0000 -0.0000 -1.4908 -27.8589 -0.6216
5.9871 18.9822 -7.5907 2.4499 -41.5916 14.1245 0.0000 0.0000 0.0000 -14.5532 1.2119 -17.4277 2.5565 9.9400 28.7826 -0.5518 16.5492 -17.0377 1.3513 -7.3590 -20.7833 0.0000 0.0000 0.0000 10.2500 27.9028 -24.2246 -1.2775 -7.1631 20.1994 0.6948 -16.0480 -13.1880 -0.0003 -0.1023 0.2809 -2.5382 -0.5988 11.3535 -3.9003 -1.2386 5.1905 -2.4721 -0.6582 -0.9804 -7.2328 2.5347 -9.6242 3.0399 3.8791 29.9349 2.7931 1.1635 11.0318 0.0000 0.0000 0.0000 -90.2474 -34.0961 56.5486 21.4536 -32.3540 -6.2909 -0.0000 0.0000 -15.9001 37.4041 21.0263 15.3422 -7.1250 0.0000 -0.0000 9.6411 55.5421 2.5115 0.0000 0.0000 0.0000 69.1604 31.2334 44.8890 -144.2544 45.3373 -104.6587 0.0000 -0.0000 -35.9582 -25.6029 0.7085 -0.3395 7.1250 -0.0000 -0.0000 0.7543 -29.1937 0.2906
5.8074 18.9833 -7.5283 3.3141 -43.1870 12.8354 0.0000 0.0000 0.0000 -14.9411 2.9960 -17.7602 2.9153 10.5567 30.7989 -0.5839 16.0625 -15.4492 1.2534 -7.0978 -20.0053 0.0000 0.0000 0.0000 10.4475 28.2121 -23.4069 -1.3909 -7.4617 21.0905 0.5378 -14.8709 -13.4932 -0.0003 -0.1082 0.2973 -2.7040 -0.7603 11.5059 -3.3690 -1.4726 4.7968 -1.7898 -0.7748 -1.4623 -7.2328 3.0512 -9.3600 1.7841 4.9222 30.2905 2.4527 1.4615 11.1080 -0.0000 0.0000 0.0000 -91.3179 -34.8903 60.8045 21.9218 -32.8885 -6.5433 -0.0000 0.0000 -18.5316 36.1651 21.4206 14.9467 -7.1250 0.0000 -0.0000 8.2004 55.7091 2.1655 -0.0000 0.0000 0.0000 65.3314 32.1101 43.0992 -146.3974 43.7881 -106.1627 0.0000 -0.0000 -37.1969 -26.5384 -0.3341 0.1668 7.1250 -0.0000 -0.0000 0.0215 -30.3531 0.0077
5.6376 18.9822 -7.4923 3.9252 -44.6272 11.9338 0.0000 0.0000 0.0000 -14.9578 4.6379 -18.8632 3.4013 11.3179 33.3597 -0.7263 16.2527 -13.0522 1.2158 -6.9942 -19.6983 0.0000 0.0000 0.0000 10.7833 28.4652 -22.9357 -1.4955 -7.7249 21.8815 0.3933 -13.5780 -13.4539 -0.0028 -0.3411 0.9372 -1.7513 -1.2789 10.6659 -3.6024 -2.0266 5.0055 -2.5210 -1.0422 -0.8364 -6.6684 3.5808 -9.5635 0.9410 5.7945 30.0062 2.1456 1.8205 11.0485 -0.0000 0.0000 0.0000 -90.7705 -36.2588 63.6964 22.3149 -33.3311 -6.7581 -0.0000 0.0000 -20.6861 35.2763 20.2535 13.7604 -7.1250 0.0000 -0.0000 7.2850 54.1551 1.6459 -0.0000 0.0000 0.0000 63.6182 33.6171 42.9146 -148.2958 42.3101 -107.4588 0.0000 -0.0000 -36.2562 -25.1869 -1.0533 0.4953 7.1250 -0.0000 -0.0000 1.1033 -31.1426 0.3738
5.4728 18.9767 -7.4354 4.6183 -46.2632 10.7708 0.0000 0.0000 0.0000 -14.9649 6.3484 -19.5788 3.8662 11.9802 35.6619 -0.8005 16.2505 -10.9409 1.0251 -6.4406 -18.0684 0.0000 0.0000 0.0000 11.1778 28.2638 -22.3963 -1.6208 -8.0270 22.7961 0.1988 -11.6112 -13.3318 -0.0030 -0.3508 0.9638 -2.1484 -1.6328 11.0620 -2.9006 -2.5375 4.6136 -1.4909 -1.3008 -1.4279 -7.0347 4.1155 -9.8381 0.0468 6.8971 30.4376 2.0233 2.1338 11.2631 -0.0000 -0.0000 0.0000 -92.3551 -36.7328 65.7347 22.0601 -33.0449 -6.6186 -0.0000 0.0000 -22.0068 34.3710 19.5172 12.8715 -7.1250 0.0000 -0.0000 6.3549 53.1094 1.2718 -0.0000 -0.0000 0.0000 61.4817 34.1545 44.3408 -150.2082 40.7143 -108.7264 0.0000 -0.0000 -34.7725 -26.0034 -1.9786 0.9649 7.1250 -0.0000 -0.0000 0.4667 -32.1807 0.1464
5.3232 18.9637 -7.3786 5.1125 -48.4701 9.6936 0.0000 0.0000 0.0000 -14.8947 8.1258 -20.2114 4.3800 12.6496 38.0704 -0.8990 16.7140 -9.0997 0.4759 -4.4242 -12.2734 0.0000 0.0000 0.0000 11.7995 27.8059 -21.8600 -1.7219 -8.2610 23.5098 0.0047 -9.0960 -12.8768 -0.0002 -0.0905 0.2487 -2.4666 -1.7597 11.2702 -2.4129 -2.7358 4.5527 -0.7751 -1.4048 -1.5680 -7.1600 4.4773 -10.1800 -0.5467 7.6214 30.2278 1.9168 2.3735 11.2543 -0.0000 0.0000 0.0000 -94.1225 -37.9209 67.5472 21.4192 -32.3144 -6.2725 -0.0000 0.0000 -22.6552 34.6733 19.5243 13.0172 -7.1250 0.0000 -0.0000 6.6807 53.1814 1.3493 -0.0000 0.0000 0.0000 60.5549 35.4703 46.5609 -151.6759 39.4129 -109.6712 0.0000 -0.0000 -31.3297 -27.6478 -3.7960 1.9863 7.1250 -0.0000 -0.0000 -0.8403 -34.2623 -0.2214
5.2029 18.9444 -7.3261 5.4360 -50.7388 8.9649 0.0000 0.0000 0.0000 -14.7866 9.7032 -21.1181 4.9428 13.3191 40.5749 -0.9143 16.6849 -7.5661 0.2426 -3.1698 -8.7519 0.0000 0.0000 0.0000 12.3286 27.5625 -21.6874 -1.8156 -8.4708 24.1536 -0.1275 -6.7434 -12.2581 -0.0003 -0.1116 0.3065 -1.2141 -2.2956 10.7084 -3.1643 -3.3215 4.9623 -2.2167 -1.6880 -0.9500 -6.2982 5.0082 -10.5429 -0.4174 8.1449 29.4281 1.8736 2.7545 11.0188 -0.0000 -0.0000 0.0000 -93.7712 -39.8684 68.7408 20.6629 -31.4327 -5.8732 -0.0000 0.0000 -23.9200 32.7143 18.2055 11.3476 -7.1250 0.0000 -0.0000 4.7223 51.2703 0.7308 -0.0000 -0.0000 0.0000 62.2035 37.1193 49.1978 -152.6011 38.5569 -110.2533 0.0000 -0.0000 -27.8959 -27.8512 -5.5524 2.9266 7.1250 -0.0000 -0.0000 -0.9690 -36.2526 -0.2084
5.1128 18.9239 -7.2749 5.3470 -53.1983 8.7093 0.0000 0.0000 0.0000 -14.4458 10.4912 -21.7140 5.3304 13.7465 42.2314 -0.6584 14.4563 -8.3050 0.1386 -2.3998 -6.6119 0.0000 0.0000 0.0000 12.9388 27.7436 -21.5867 -1.8917 -8.6368 24.6657 -0.2090 -4.9131 -11.8452 -0.0004 0.1232 -0.3385 -0.8616 -2.5606 10.8741 -2.9869 -3.6417 5.0653 -2.1885 -1.8469 -0.9531 -6.1910 5.3468 -10.8705 -0.9152 8.7377 28.8736 1.7446 2.9935 10.8902 0.0000 0.0000 0.0000 -95.5217 -41.1974 69.5695 20.1174 -30.7836 -5.5913 -0.0000 0.0000 -23.8370 31.0253 16.9155 9.9264 -7.1250 0.0000 -0.0000 3.1341 49.4933 0.3475 0.0000 0.0000 0.0000 63.0242 38.8448 51.6158 -152.7097 38.4546 -110.3209 0.0000 -0.0000 -24.4422 -28.5712 -6.6392 3.6026 7.1250 -0.0000 -0.0000 -1.5475 -37.5256 -0.2848
5.0468 18.9054 -7.2353 5.6900 -55.8716 8.3207 0.0000 0.0000 0.0000 -14.4563 10.5420 -22.0712 5.4515 13.8749 42.7388 -0.4262 12.6209 -10.2720 0.0832 -1.8611 -5.1218 0.0000 0.0000 0.0000 13.0262 28.2950 -21.8206 -1.9643 -8.7913 25.1445 -0.2553 -3.1323 -11.2261 -0.0076 0.5613 -1.5423 -0.6289 -2.8263 10.9199 -3.2850 -3.9862 5.4187 -2.5969 -2.0191 -0.6576 -5.9808 5.6349 -11.5296 -0.9799 9.1451 28.1098 1.7413 3.2242 10.7319 -0.0000 0.0000 0.0000 -96.3097 -42.9904 70.3761 19.7578 -30.3495 -5.4085 -0.0000 0.0000 -23.8415 30.5555 15.9644 9.2226 -7.1250 0.0000 -0.0000 2.7682 48.3368 0.2280 -0.0000 0.0000 0.0000 64.5782 40.9502 53.2626 -152.3238 38.8165 -110.0799 0.0000 -0.0000 -21.5359 -28.4788 -6.7827 3.6659 7.1250 -0.0000 -0.0000 -1.4639 -37.6820 -0.2638
5.0027 18.8809 -7.1912 6.1740 -58.6918 8.1055 0.0000 0.0000 0.0000 -14.6699 10.3037 -22.6921 5.3478 13.7651 42.3046 -0.3161 11.7894 -11.1543 0.1352 -2.3698 -6.5289 0.0000 0.0000 0.0000 12.7980 28.8942 -22.7050 -2.0879 -9.0467 25.9417 -0.2713 -1.2412 -10.3702 -0.0187 0.8824 -2.4254 -0.8369 -3.1969 11.1714 -3.4595 -4.5158 5.5294 -2.5894 -2.2902 -0.6988 -5.8710 6.1152 -11.6672 -1.4606 9.8769 26.9241 1.6154 3.5721 10.3359 -0.0000 0.0000 0.0000 -98.0144 -44.6154 67.8314 18.9836 -29.3983 -5.0228 -0.0000 0.0000 -22.8129 26.5275 14.9558 7.3407 -7.1250 0.0000 -0.0000 -0.9963 46.6005 -0.0394 -0.0000 0.0000 0.0000 67.2976 42.9962 56.0074 -151.1784 39.8616 -109.3538 0.0000 -0.0000 -19.4241 -27.5293 -7.8104 4.0516 7.1250 -0.0000 -0.0000 -0.6023 -38.7721 -0.0924
4.9641 18.8644 -7.1582 6.4808 -61.6333 8.1608 0.0000 0.0000 0.0000 -14.6550 10.4810 -23.2836 4.9821 13.3636 40.7451 -0.1974 11.3274 -12.8429 0.1650 -2.6170 -7.2142 0.0000 0.0000 0.0000 12.7001 29.7955 -23.4575 -2.1685 -9.2086 26.4499 -0.2751 0.3537 -9.7873 -0.0662 1.6600 -4.5668 -1.2468 -3.5228 11.3687 -3.7697 -5.0111 5.7483 -2.6203 -2.5487 -0.5898 -5.3126 6.5030 -12.4580 -1.9805 10.4701 26.2624 1.4322 3.8571 10.2974 -0.0000 0.0000 0.0000 -98.9961 -46.3840 65.6353 18.0744 -28.2523 -4.5844 -0.0000 0.0000 -20.7690 26.1081 13.6413 6.5930 -7.1250 0.0000 -0.0000 -1.2059 45.1001 -0.0030 -0.0000 0.0000 0.0000 70.4760 45.2051 59.5399 -149.1817 41.5846 -108.0509 0.0000 -0.0000 -16.7156 -28.7094 -6.9297 3.7806 7.1250 -0.0000 -0.0000 -1.6569 -37.8645 -0.2912
4.9439 18.8476 -7.1161 7.3203 -64.1036 7.8982 0.0000 0.0000 0.0000 -14.6756 9.7879 -23.6450 4.4028 12.6780 38.1747 -0.0615 10.5717 -14.0632 0.2594 -3.2767 -9.0501 0.0000 0.0000 0.0000 11.9282 30.6355 -24.4493 -2.2481 -9.3648 26.9433 -0.2741 2.1794 -9.3730 -0.0106 0.6661 -1.8304 -1.8746 -4.0189 11.5224 -3.9991 -5.7490 5.9018 -2.4181 -2.9321 -0.5026 -5.4820 6.8188 -13.1119 -2.0496 10.9883 25.6286 1.5076 4.0924 10.1781 0.0000 -0.0000 0.0000 -100.1876 -47.6646 62.5467 17.1350 -27.0355 -4.1485 -0.0000 0.0000 -17.7505 25.3492 12.4552 5.8340 -7.1250 0.0000 -0.0000 -1.7507 43.7072 0.0559 0.0000 -0.0000 0.0000 73.3524 47.2812 63.6650 -146.8439 43.4497 -106.4707 0.0000 -0.0000 -14.2243 -29.2308 -6.7796 3.7795 7.1250 -0.0000 -0.0000 -2.1084 -37.7298 -0.3775
4.9377 18.8395 -7.0596 6.9444 -65.9430 8.5455 0.0000 0.0000 0.0000 -13.8149 8.2388 -23.2967 3.6875 11.7326 34.7924 0.0449 11.2070 -16.5845 0.1855 -2.7741 -7.6504 0.0000 0.0000 0.0000 11.9497 30.9321 -24.9789 -2.2496 -9.3677 26.9524 -0.2406 3.6052 -8.7256 -0.0033 0.3726 -1.0238 -1.4807 -4.4943 11.9433 -4.2475 -6.3656 6.1392 -2.7947 -3.2363 -0.5699 -5.2848 6.8751 -13.5826 -2.2567 11.0821 25.0086 1.4226 4.1565 10.0671 -0.0000 0.0000 0.0000 -101.2010 -49.2624 60.1281 16.1970 -25.7870 -3.7312 -0.0000 0.0000 -15.6253 24.5176 12.0181 5.4250 -7.1250 0.0000 -0.0000 -2.4509 43.1359 0.1128 -0.0000 0.0000 0.0000 75.6068 48.6481 67.1780 -144.0749 45.4615 -104.5309 0.0000 -0.0000 -11.2357 -29.9174 -6.1608 3.5338 7.1250 -0.0000 -0.0000 -2.7061 -37.0668 -0.5287
4.9221 18.8474 -7.0181 6.6117 -68.0094 9.1149 0.0000 0.0000 0.0000 -12.5697 6.0810 -22.3813 2.9150 10.5562 30.7975 0.2715 11.7222 -19.9741 0.1039 -2.0787 -5.7233 0.0000 0.0000 0.0000 11.9971 31.7080 -25.0329 -2.1759 -9.2232 26.4960 -0.1990 4.5834 -8.0751 -0.0010 0.2023 -0.5557 -1.7560 -4.7582 12.2950 -4.4487 -6.7693 6.5009 -2.7914 -3.4506 -0.3885 -5.2069 6.9676 -14.1363 -2.2763 11.2118 24.2806 1.4258 4.2566 9.9126 0.0000 0.0000 0.0000 -100.6259 -50.6607 59.3533 15.4365 -24.7506 -3.4066 -0.0000 0.0000 -14.5218 24.1157 11.1524 4.9486 -7.1250 0.0000 -0.0000 -2.7015 42.1525 0.1899 0.0000 0.0000 0.0000 76.7192 49.9028 69.6693 -141.6167 47.0823 -102.7543 0.0000 -0.0000 -9.4605 -30.6842 -5.4477 3.2243 7.1250 -0.0000 -0.0000 -3.3594 -36.2902 -0.7204
4.9215 18.8411 -6.9714 6.5622 -69.0993 9.6878 0.0000 0.0000 0.0000 -11.2108 2.8966 -21.4955 2.2025 9.2757 26.6617 0.2827 12.4972 -21.0059 0.1281 -2.3072 -6.3554 0.0000 0.0000 0.0000 11.6086 32.1439 -25.6281 -2.1457 -9.1632 26.3070 -0.1916 4.9479 -8.0087 -0.0028 0.3432 -0.9431 -2.1268 -5.2554 12.6038 -4.3930 -7.4751 6.6941 -2.4242 -3.8142 -0.3232 -5.6208 6.9434 -14.5643 -2.2262 11.2727 23.7060 1.5179 4.2810 9.7603 -0.0000 0.0000 0.0000 -99.5644 -52.0374 59.8561 14.7161 -23.7492 -3.1107 -0.0000 0.0000 -13.8045 24.1349 11.2129 4.9794 -7.1250 0.0000 -0.0000 -2.6919 42.2201 0.1848 -0.0000 0.0000 0.0000 77.2421 50.6333 71.4514 -139.4130 48.4139 -101.1229 0.0000 -0.0000 -8.2879 -31.6671 -4.2833 2.6377 7.1250 -0.0000 -0.0000 -4.1690 -34.9847 -1.0276
4.9168 18.8633 -6.9176 6.4796 -70.1570 9.9286 0.0000 0.0000 0.0000 -9.4332 -1.4321 -19.9620 1.6553 8.1077 23.0418 0.2347 14.3302 -22.7575 0.1182 -2.2165 -6.1044 0.0000 0.0000 0.0000 11.4673 32.5460 -25.4668 -2.0628 -8.9956 25.7816 -0.1627 5.2785 -7.5496 -0.0096 0.6311 -1.7344 -2.3418 -5.6206 13.2225 -4.5549 -8.0169 6.9136 -2.3544 -4.0927 -0.4319 -5.7208 6.8166 -14.8970 -1.9793 11.0816 23.6326 1.6065 4.2104 9.7759 0.0000 0.0000 0.0000 -98.4637 -52.9436 59.5320 13.9795 -22.7054 -2.8202 -0.0000 0.0000 -10.7485 24.1996 10.8573 4.8387 -7.1250 0.0000 -0.0000 -2.5900 41.8405 0.2020 0.0000 0.0000 0.0000 77.8628 50.9874 72.2890 -137.2288 49.6287 -99.4737 0.0000 -0.0000 -7.9131 -32.0920 -3.3474 2.0971 7.1250 -0.0000 -0.0000 -4.4953 -33.9037 -1.2267
4.9087 18.8842 -6.8572 7.5670 -71.0358 9.2208 0.0000 0.0000 0.0000 -7.4907 -7.4192 -18.3557 1.2836 7.1795 20.2483 0.7346 15.2185 -27.9122 0.0676 1.6774 4.6149 0.0000 0.0000 0.0000 10.6791 33.2403 -25.3979 -1.9828 -8.8302 25.2655 -0.1643 5.0647 -7.5246 -0.0001 0.0716 -0.1966 -2.8946 -5.8857 13.5695 -4.7804 -8.4600 7.0323 -2.1995 -4.3277 -0.4578 -5.9798 6.7460 -15.3254 -1.5332 10.9816 23.8188 1.8089 4.1751 9.8779 -0.0000 0.0000 0.0000 -97.4656 -53.7988 59.4673 13.0560 -21.3692 -2.4737 -0.0000 0.0000 -8.0692 24.9279 10.8442 4.9974 -7.1250 0.0000 -0.0000 -1.9375 41.8997 0.1483 -0.0000 0.0000 0.0000 78.4671 50.8887 72.0681 -134.8622 50.8358 -97.6545 0.0000 -0.0000 -8.0014 -33.1680 -2.1735 1.4199 7.1250 -0.0000 -0.0000 -5.3237 -32.5447 -1.6299
4.9028 18.8961 -6.7923 6.8167 -71.9051 10.1968 0.0000 0.0000 0.0000 -5.2670 -11.9380 -17.7477 1.1163 6.7119 18.8645 1.2332 16.9489 -32.9534 0.1501 2.4963 6.8795 0.0000 0.0000 0.0000 10.7266 33.4434 -25.4257 -1.9123 -8.6809 24.8020 -0.1444 5.4879 -7.2611 -0.0012 0.2263 -0.6218 -2.9560 -6.1615 13.8657 -4.8055 -8.8472 7.1490 -2.1140 -4.5240 -0.4943 -6.0725 6.9359 -15.5203 -1.5613 11.2729 23.4020 1.8446 4.3203 9.7550 0.0000 0.0000 0.0000 -96.6499 -54.5316 56.7516 11.9329 -19.7039 -2.0796 -0.0000 0.0000 -1.6018 26.6761 9.4880 4.7345 -7.1250 0.0000 -0.0000 -0.2536 40.5736 0.0277 0.0000 0.0000 0.0000 78.7850 50.4995 71.2605 -133.0590 51.6847 -96.2479 0.0000 -0.0000 -9.1853 -33.6301 -0.8547 0.5685 7.1250 -0.0000 -0.0000 -5.6192 -30.9781 -1.9337
4.9057 18.8955 -6.7076 7.0896 -72.6500 9.9420 0.0000 0.0000 0.0000 -3.9072 -14.8196 -17.3933 1.0017 6.3691 17.8591 1.9471 17.5668 -37.4447 0.1372 2.3876 6.5782 0.0000 0.0000 0.0000 10.5509 33.3674 -25.3728 -1.8833 -8.6187 24.6095 -0.1277 5.9829 -7.1055 -0.0059 0.4946 -1.3591 -3.1621 -6.2814 14.3892 -4.9728 -9.0706 7.2498 -2.0900 -4.6408 -0.6645 -5.8045 7.0862 -15.4044 -1.7972 11.4311 22.7784 1.7198 4.4303 9.5403 0.0000 0.0000 0.0000 -96.0109 -54.7376 54.6311 10.9858 -18.2666 -1.7715 -0.0000 -0.0000 2.2969 26.8250 8.7025 4.3753 -7.1250 0.0000 -0.0000 -0.0649 39.7126 0.0085 0.0000 0.0000 0.0000 78.7728 49.4501 69.5561 -131.7452 52.2669 -95.2129 0.0000 -0.0000 -10.8059 -34.2225 0.3568 -0.2427 7.1250 -0.0000 -0.0000 -6.0025 -29.5232 -2.2765
4.9068 18.8883 -6.6254 5.3019 -73.3883 11.6511 0.0000 0.0000 0.0000 -2.2827 -15.1202 -18.1826 1.0092 6.3921 17.9263 1.7654 18.5427 -37.3866 0.1101 2.1391 5.8901 0.0000 0.0000 0.0000 11.0300 33.5429 -25.2260 -1.8526 -8.5520 24.4035 -0.1023 6.3749 -6.7673 -0.0068 0.5307 -1.4583 -2.9849 -6.3456 14.8492 -4.8561 -9.1528 7.3342 -2.0043 -4.6791 -0.8276 -5.7925 7.3125 -15.1882 -2.0473 11.7421 22.0177 1.6387 4.5985 9.2457 -0.0000 0.0000 0.0000 -94.5096 -54.0338 51.9048 10.5925 -17.6609 -1.6502 -0.0000 -0.0000 4.2668 28.4113 8.9814 4.8272 -7.1250 0.0000 -0.0000 1.3110 40.1635 -0.1563 -0.0000 0.0000 0.0000 78.7140 48.3079 67.8317 -131.0219 52.5750 -94.6396 0.0000 -0.0000 -13.1115 -34.9929 1.0654 -0.7457 7.1250 -0.0000 -0.0000 -6.5444 -28.6547 -2.6202
4.9079 18.8880 -6.5158 4.2834 -74.6226 12.6457 0.0000 0.0000 0.0000 -1.3529 -14.2187 -19.1990 1.0593 6.5438 18.3706 1.1899 18.3243 -34.0632 0.3427 3.7618 10.4074 0.0000 0.0000 0.0000 11.0417 34.1583 -24.8976 -1.7932 -8.4214 24.0014 -0.0941 6.5993 -6.7047 -0.0198 0.9074 -2.4940 -2.8292 -6.1053 15.1126 -4.8507 -8.8396 7.3369 -2.0996 -4.5221 -0.9805 -5.6071 7.5760 -14.9415 -2.3707 12.0891 21.6305 1.5204 4.7659 9.0944 -0.0000 -0.0000 0.0000 -93.5539 -52.8464 47.4679 10.3346 -17.2613 -1.5728 -0.0000 -0.0000 6.8164 28.7379 8.9952 4.9002 -7.1250 0.0000 -0.0000 1.5981 40.2084 -0.1888 -0.0000 -0.0000 0.0000 78.6117 46.8065 65.7270 -130.3913 52.8365 -94.1380 0.0000 -0.0000 -15.3704 -35.7213 2.0131 -1.4471 7.1250 -0.0000 -0.0000 -7.0168 -27.4805 -3.0081
4.9065 18.8898 -6.3924 3.5451 -75.6337 13.2156 0.0000 0.0000 0.0000 -1.1279 -12.1423 -20.3918 1.0862 6.6237 18.6053 -0.6863 20.2094 -22.5503 0.0138 -0.7574 -2.0816 0.0000 0.0000 0.0000 11.0941 34.1174 -24.5694 -1.7648 -8.3579 23.8066 -0.0652 7.3537 -6.5183 -0.0233 0.9856 -2.7091 -2.6699 -5.7631 15.3080 -4.7863 -8.3848 7.4047 -2.1744 -4.2980 -1.0150 -5.3081 7.7725 -14.4248 -2.6560 12.2854 21.3201 1.3703 4.8776 8.9287 0.0000 0.0000 0.0000 -91.6497 -51.0690 44.9000 10.9919 -18.2758 -1.7734 -0.0000 -0.0000 5.9831 29.5256 9.1532 5.1481 -7.1250 0.0000 -0.0000 2.2871 40.4602 -0.2562 0.0000 0.0000 0.0000 78.1697 45.3271 64.6220 -130.0407 52.9791 -93.8584 0.0000 -0.0000 -17.3551 -35.7502 2.9738 -2.1389 7.1250 -0.0000 -0.0000 -6.9430 -26.3059 -3.1689
4.9094 18.8873 -6.2482 1.6359 -76.3390 14.7681 0.0000 0.0000 0.0000 -0.5438 -12.0048 -20.7892 1.1252 6.7379 18.9412 -0.8909 17.7180 -13.7657 0.0052 -0.4639 -1.2746 0.0000 0.0000 0.0000 11.3783 34.3735 -23.9214 -1.7442 -8.3117 23.6648 -0.0537 7.7732 -6.5332 -0.0282 1.0840 -2.9800 -1.8295 -5.4773 15.6963 -4.6891 -7.9155 7.5015 -2.5722 -4.0517 -1.2035 -4.8722 7.9664 -13.9661 -2.8525 12.4474 21.2088 1.2334 4.9820 8.8455 -0.0000 -0.0000 0.0000 -89.6491 -49.2772 42.8824 11.4857 -19.0289 -1.9313 -0.0000 -0.0000 6.3783 30.8936 8.9833 5.3375 -7.1250 0.0000 -0.0000 3.5047 40.3937 -0.3986 -0.0000 -0.0000 0.0000 77.6750 44.0340 65.4884 -130.5404 52.7752 -94.2568 0.0000 -0.0000 -17.4948 -36.3893 4.3981 -3.2346 7.1250 -0.0000 -0.0000 -7.2662 -24.5239 -3.6226
4.9155 18.8774 -6.0807 0.9714 -76.6719 15.4873 0.0000 0.0000 0.0000 -1.3554 -9.9319 -22.7032 1.3359 7.3187 20.6629 -0.7924 16.4737 -12.0618 0.0032 -0.3670 -1.0084 0.0000 0.0000 0.0000 10.9169 34.5862 -23.9405 -1.7614 -8.3503 23.7832 -0.0748 7.7543 -6.9172 -0.0377 1.2529 -3.4448 -1.2280 -5.3245 15.6181 -4.3092 -7.6106 7.4789 -2.5637 -3.8898 -1.1998 -4.5279 8.2908 -13.4225 -3.4627 12.8922 21.0901 1.0026 5.1654 8.7725 -0.0000 -0.0000 0.0000 -87.4318 -47.1286 41.9227 12.4008 -20.4029 -2.2400 -0.0000 -0.0000 5.3375 32.1279 8.4203 5.2540 -7.1250 0.0000 -0.0000 4.6033 39.8542 -0.5853 -0.0000 -0.0000 0.0000 77.0898 43.0552 68.0523 -131.8292 52.2306 -95.2793 0.0000 -0.0000 -16.7473 -36.6393 5.2907 -3.9231 7.1250 -0.0000 -0.0000 -7.3458 -23.4076 -3.8536
4.9049 18.8741 -5.8972 0.6018 -77.2146 15.6397 0.0000 0.0000 0.0000 -3.1676 -5.6916 -24.9371 1.6538 8.1043 23.0315 -0.6469 14.8648 -10.6551 0.1293 -2.3182 -6.3858 0.0000 0.0000 0.0000 10.5410 34.8725 -23.4178 -1.7680 -8.3651 23.8285 -0.1081 7.8156 -7.5393 -0.0417 1.3179 -3.6239 -0.7725 -4.8737 15.4533 -3.8503 -6.9377 7.5771 -2.4725 -3.5532 -0.9774 -4.8713 8.2290 -13.4446 -2.8614 12.7875 21.7919 1.2577 5.1139 8.9489 0.0000 0.0000 0.0000 -86.4231 -45.0993 41.5559 13.3741 -21.8329 -2.5908 -0.0000 -0.0000 4.8410 31.0497 8.0208 4.8018 -7.1250 0.0000 -0.0000 3.6597 39.2950 -0.5153 0.0000 0.0000 0.0000 76.9571 42.0621 71.3424 -133.0213 51.7018 -96.2183 0.0000 -0.0000 -14.9465 -37.4909 6.1865 -4.7256 7.1250 -0.0000 -0.0000 -7.8512 -22.2244 -4.3382
4.8999 18.8912 -5.7061 2.8449 -77.9354 13.1033 0.0000 0.0000 0.0000 -5.2697 -3.5091 -25.6031 1.8014 8.4395 24.0571 -0.6552 15.1576 -11.4316 0.3450 -3.7743 -10.4426 0.0000 0.0000 0.0000 9.6513 34.8881 -22.6877 -1.7367 -8.2947 23.6129 -0.1142 8.0463 -7.7567 -0.0319 1.1538 -3.1720 -0.3895 -4.2385 15.5205 -3.9422 -6.0706 7.5832 -2.9201 -3.1174 -1.0180 -4.0224 8.2915 -13.0564 -2.4916 12.6014 22.3516 1.2269 5.1153 9.0950 0.0000 -0.0000 0.0000 -84.8709 -42.7014 42.7914 14.8719 -23.9674 -3.1737 -0.0000 -0.0000 2.7224 31.0382 8.1596 4.8818 -7.1250 0.0000 -0.0000 3.6477 39.4548 -0.4993 0.0000 -0.0000 0.0000 78.1594 40.9547 74.0733 -134.0570 51.2222 -97.0284 0.0000 -0.0000 -12.9615 -37.5523 6.9387 -5.3061 7.1250 -0.0000 -0.0000 -7.7961 -21.2853 -4.4750
4.8822 18.9103 -5.5257 2.9553 -78.8860 12.7649 0.0000 0.0000 0.0000 -6.1081 -2.7496 -25.0311 1.7860 8.4053 23.9522 -0.5976 15.0132 -12.5168 0.2502 -3.2183 -8.8872 0.0000 0.0000 0.0000 9.1581 35.9704 -21.6498 -1.6743 -8.1519 23.1765 -0.1613 7.2567 -8.1891 -0.0445 1.3618 -3.7449 0.0037 -3.5441 15.2068 -3.6217 -5.0931 7.5176 -2.9857 -2.6261 -0.8749 -3.7651 8.2124 -12.6602 -2.4959 12.4215 22.6316 1.1550 5.0451 9.1368 0.0000 -0.0000 0.0000 -84.5719 -40.7248 41.8483 15.9167 -25.4076 -3.6102 -0.0000 -0.0000 2.0634 30.3669 8.1694 4.7594 -7.1250 0.0000 -0.0000 3.0595 39.4088 -0.4220 0.0000 -0.0000 0.0000 79.8129 39.8443 76.2778 -134.8271 50.8529 -97.6273 0.0000 -0.0000 -11.9293 -36.8143 6.9443 -5.1709 7.1250 -0.0000 -0.0000 -7.2686 -21.3573 -4.1552
4.8792 18.9284 -5.3220 3.6158 -79.3857 12.0263 0.0000 0.0000 0.0000 -6.7469 -3.2760 -24.1581 1.7483 8.3209 23.6931 -0.5810 15.0910 -13.1178 0.4921 -4.4978 -12.4815 0.0000 0.0000 0.0000 8.5627 35.6622 -21.1830 -1.5985 -7.9744 22.6363 -0.1581 7.2494 -8.1339 -0.0340 1.1906 -3.2734 0.7751 -3.1691 15.0647 -3.2885 -4.4746 7.1680 -3.1643 -2.3011 -1.1641 -3.8269 8.2773 -12.5837 -2.4263 12.5274 23.1243 1.2088 5.0711 9.2851 -0.0000 0.0000 0.0000 -84.3369 -38.3053 40.9212 17.3248 -27.2839 -4.2351 -0.0000 -0.0000 0.6309 30.7129 8.5758 5.0623 -7.1250 0.0000 -0.0000 3.3542 39.9070 -0.4216 -0.0000 0.0000 0.0000 81.4968 38.5337 77.0820 -135.2468 50.6470 -97.9523 0.0000 -0.0000 -11.6671 -36.8092 7.0001 -5.2110 7.1250 -0.0000 -0.0000 -7.2579 -21.2893 -4.1603
4.8731 18.9319 -5.1474 4.3555 -80.1693 11.0884 0.0000 0.0000 0.0000 -7.6759 -2.1938 -23.7252 1.7086 8.2308 23.4174 -0.5640 14.8929 -12.9750 0.8893 -6.0110 -16.8163 0.0000 0.0000 0.0000 7.9524 36.3289 -20.5338 -1.5722 -7.9116 22.4459 -0.1856 6.9406 -8.4700 -0.0113 0.6867 -1.8871 0.9328 -2.5081 14.6739 -2.8600 -3.5673 7.0662 -2.9668 -1.8485 -0.9893 -3.5308 8.0919 -12.3207 -2.7346 12.2690 23.0839 1.0206 4.9523 9.2664 0.0000 -0.0000 0.0000 -83.8307 -36.1930 41.2118 19.3321 -29.8293 -5.1950 -0.0000 0.0000 -1.5920 31.3800 10.6815 6.4498 -7.1250 0.0000 -0.0000 3.8946 42.4056 -0.2497 0.0000 -0.0000 0.0000 82.0054 37.6159 75.3688 -136.0935 50.2214 -98.6050 0.0000 -0.0000 -12.7395 -36.9382 6.5907 -4.9322 7.1250 -0.0000 -0.0000 -7.4022 -21.7797 -4.1613
4.8730 18.9223 -4.9897 6.7047 -81.0767 8.6359 0.0000 0.0000 0.0000 -8.8708 -1.1545 -23.3247 1.6690 8.1396 23.1389 -0.4116 14.3401 -14.7345 0.7572 -5.5575 -15.5058 0.0000 0.0000 0.0000 7.1094 36.6651 -20.4509 -1.6025 -7.9837 22.6646 -0.1938 7.2718 -8.7207 -0.0204 0.9225 -2.5355 0.3792 -1.7917 14.3111 -2.3439 -2.6760 6.9480 -2.2628 -1.4203 -0.8217 -3.4185 7.9535 -12.5023 -2.7552 12.0961 23.3410 0.9937 4.8658 9.3997 -0.0000 -0.0000 0.0000 -83.1137 -34.3392 41.9514 21.5381 -32.4511 -6.3362 -0.0000 0.0000 -3.0697 31.3973 12.5175 7.5355 -7.1250 0.0000 -0.0000 3.8359 44.5254 -0.0450 -0.0000 -0.0000 0.0000 81.0893 36.7375 72.0442 -137.9652 49.2303 -100.0331 0.0000 -0.0000 -15.3698 -37.2849 5.8754 -4.4565 7.1250 -0.0000 -0.0000 -7.7427 -22.6296 -4.2048
4.8716 18.9008 -4.8391 4.1143 -81.9319 10.9694 0.0000 0.0000 0.0000 -9.0776 -0.6783 -22.7619 1.6709 8.1441 23.1526 -0.2863 14.0466 -16.2336 1.0422 -6.4927 -18.2207 0.0000 0.0000 0.0000 7.1288 37.2810 -20.1329 -1.6064 -7.9931 22.6930 -0.1988 7.4947 -8.8793 -0.0372 1.2457 -3.4252 0.6159 -0.8949 13.8009 -1.5132 -1.4449 6.9810 -1.7214 -0.8108 -0.4458 -3.4924 7.4812 -12.1188 -2.9726 11.4792 22.9811 0.8389 4.5815 9.2157 0.0000 0.0000 0.0000 -83.2099 -33.2438 43.8630 23.4674 -34.5960 -7.4020 -0.0000 0.0000 -3.7676 32.7259 13.9761 8.8222 -7.1250 0.0000 -0.0000 5.0279 46.3985 0.1740 0.0000 0.0000 0.0000 78.4539 35.8895 66.3490 -140.3683 47.8502 -101.8343 0.0000 -0.0000 -18.6842 -36.2777 4.1702 -3.0552 7.1250 -0.0000 -0.0000 -7.2093 -24.8112 -3.5454
4.8903 18.8618 -4.6990 4.9839 -82.9233 9.3786 0.0000 0.0000 0.0000 -9.8211 -0.1972 -21.3911 1.6234 8.0332 22.8148 -0.1248 13.3992 -17.4669 0.8996 -6.0447 -16.9142 0.0000 0.0000 0.0000 6.9202 37.8123 -19.5168 -1.6750 -8.1536 23.1816 -0.1945 8.1822 -9.0801 -0.0463 1.3883 -3.8178 0.5870 -0.3368 14.2748 -1.1406 -0.7119 6.8661 -1.4142 -0.4561 -0.7882 -3.8219 7.5922 -11.1010 -2.5822 11.5081 22.4064 0.9605 4.6638 8.7801 -0.0000 0.0000 0.0000 -82.7714 -32.3047 45.1724 24.9755 -36.1790 -8.2755 -0.0000 0.0000 -5.3805 34.7719 15.2849 10.3719 -7.1250 0.0000 -0.0000 6.9877 48.2570 0.5640 -0.0000 0.0000 0.0000 77.0335 35.4324 62.1949 -141.5693 47.1122 -102.7195 0.0000 -0.0000 -21.1524 -35.1547 1.7906 -1.2606 7.1250 -0.0000 -0.0000 -6.6047 -27.7704 -2.7837
4.9108 18.8193 -4.5638 3.2765 -83.5417 10.7629 0.0000 0.0000 0.0000 -10.0152 -0.3966 -20.6353 1.6185 8.0215 22.7795 0.0851 12.8172 -19.2520 0.6704 -5.2360 -14.5828 0.0000 0.0000 0.0000 6.6678 38.2762 -19.3581 -1.7133 -8.2414 23.4496 -0.1762 8.9172 -9.1278 -0.0178 0.8606 -2.3652 0.9793 -0.3459 14.3284 -0.8644 -0.6568 6.6415 -1.3536 -0.4227 -1.0512 -3.5375 7.8503 -11.2502 -2.4857 11.8236 23.2037 1.0075 4.7962 9.0914 -0.0000 0.0000 0.0000 -82.8224 -31.7175 44.5874 25.2704 -36.4790 -8.4501 -0.0000 0.0000 -6.5772 36.9586 14.9825 11.0077 -7.1250 0.0000 -0.0000 9.1783 48.2801 0.7485 -0.0000 0.0000 0.0000 76.4292 35.6977 59.7416 -141.5196 47.1434 -102.6831 0.0000 -0.0000 -24.1939 -36.7991 0.9287 -0.6946 7.1250 -0.0000 -0.0000 -7.9534 -28.7820 -3.1693
4.9289 18.7853 -4.4616 -2.2119 -84.3416 15.9109 0.0000 0.0000 0.0000 -9.8905 0.0875 -20.1567 1.6213 8.0282 22.7999 0.1619 12.9035 -20.2264 0.7421 -5.5029 -15.3486 0.0000 0.0000 0.0000 7.0533 38.6119 -19.1029 -1.7240 -8.2658 23.5245 -0.1452 9.5525 -8.9856 -0.0201 0.9160 -2.5176 1.1290 -0.2817 14.4954 -0.5658 -0.5421 6.5158 -1.1419 -0.3684 -1.2668 -2.8483 8.0346 -11.0457 -2.9109 12.0267 23.3652 0.7774 4.8941 9.1827 0.0000 -0.0000 0.0000 -82.2387 -31.0920 44.5944 26.1619 -37.3681 -8.9857 -0.0000 0.0000 -8.1377 40.6563 16.5839 13.7728 -7.1250 0.0000 -0.0000 13.1060 50.9478 1.9492 0.0000 -0.0000 0.0000 76.0270 35.9187 58.2163 -141.6135 47.0844 -102.7519 0.0000 -0.0000 -26.5120 -35.2125 1.0969 -0.7741 7.1250 -0.0000 -0.0000 -6.7114 -28.6115 -2.6948
4.9466 18.7788 -4.3847 -0.2475 -85.1450 13.8764 0.0000 0.0000 0.0000 -10.5876 -0.0441 -19.1626 1.4841 7.6969 21.7971 0.3577 12.8628 -22.1779 0.4976 -4.5223 -12.5509 0.0000 0.0000 0.0000 6.3485 39.2832 -19.3069 -1.7744 -8.3794 23.8726 -0.1402 9.7626 -9.0224 -0.0145 0.7781 -2.1385 0.6466 -0.1638 14.4507 -0.6864 -0.4550 6.4958 -1.0088 -0.3329 -1.2608 -2.5048 8.0780 -11.0577 -2.9421 12.0265 23.4082 0.7158 4.9166 9.2229 0.0000 0.0000 0.0000 -82.2652 -31.3897 44.6938 26.5323 -37.7296 -9.2115 -0.0000 0.0000 -8.2528 40.7742 16.5638 13.8124 -7.1250 0.0000 -0.0000 13.2308 50.9483 1.9685 0.0000 0.0000 0.0000 75.9637 36.0563 58.3559 -142.7959 46.3234 -103.6125 0.0000 -0.0000 -26.8135 -34.9526 0.7136 -0.4987 7.1250 -0.0000 -0.0000 -6.5430 -29.0820 -2.5529
4.9644 18.7621 -4.3292 -5.7113 -85.2365 19.4451 0.0000 0.0000 0.0000 -10.2557 -0.8695 -18.1626 1.3237 7.2865 20.5670 0.4430 13.3828 -23.5604 0.5327 -4.6769 -12.9893 0.0000 0.0000 0.0000 6.7217 38.7995 -19.6533 -1.7608 -8.3491 23.7795 -0.1216 10.0604 -8.9164 -0.0651 1.6464 -4.5294 1.2701 -0.2345 14.2045 -0.7292 -0.4639 6.4256 -1.4050 -0.3227 -1.2062 -2.6165 7.9372 -10.8593 -2.7253 11.7823 23.3386 0.7663 4.8229 9.1376 0.0000 0.0000 0.0000 -82.9716 -32.5773 45.5544 26.2876 -37.4913 -9.0621 -0.0000 0.0000 -8.1020 40.1422 15.7726 12.9112 -7.1250 0.0000 -0.0000 12.4878 49.8438 1.5121 0.0000 0.0000 0.0000 75.5485 36.1111 58.8275 -144.2200 45.3612 -104.6342 0.0000 -0.0000 -25.1926 -35.2718 1.3885 -0.9819 7.1250 -0.0000 -0.0000 -6.7310 -28.2557 -2.7599
4.9800 18.7399 -4.2881 -8.3171 -85.1615 22.0356 0.0000 0.0000 0.0000 -9.9803 -2.1241 -16.5052 1.1062 6.6826 18.7783 0.5883 13.6505 -25.1039 0.4143 -4.1318 -11.4478 0.0000 0.0000 0.0000 6.7721 39.3407 -19.5953 -1.7874 -8.4085 23.9619 -0.1804 9.5585 -9.4852 -0.0898 1.9329 -5.3203 1.2203 -0.3838 14.1503 -0.6828 -0.6609 6.3698 -1.2991 -0.4209 -1.2419 -2.7330 7.6183 -11.0315 -2.4688 11.3219 23.8054 0.8374 4.5946 9.3069 -0.0000 0.0000 0.0000 -83.9835 -34.3082 47.4960 25.6345 -36.8455 -8.6675 -0.0000 0.0000 -7.3093 38.0893 15.3908 11.7511 -7.1250 0.0000 -0.0000 10.3378 48.9784 1.0243 -0.0000 0.0000 0.0000 74.6955 36.4424 59.2503 -145.8866 44.1685 -105.8080 0.0000 -0.0000 -22.8092 -34.2910 1.3394 -0.9132 7.1250 -0.0000 -0.0000 -5.9794 -28.3398 -2.4365
5.0014 18.7418 -4.2783 -4.7658 -84.8817 18.7576 0.0000 0.0000 0.0000 -10.1277 -3.1875 -15.6380 0.9433 6.1858 17.3246 0.6655 13.6453 -25.7277 0.4410 -4.2608 -11.8117 0.0000 0.0000 0.0000 5.9411 39.7286 -20.0200 -1.8200 -8.4806 24.1837 -0.1988 9.3695 -9.6505 -0.0315 1.1452 -3.1485 0.7412 -0.6934 13.9873 -1.0600 -1.1340 6.3466 -1.3533 -0.6575 -1.1943 -2.4910 7.7652 -10.6025 -2.5512 11.4477 23.4367 0.7571 4.6883 9.1175 0.0000 -0.0000 0.0000 -85.2980 -36.6482 49.7106 24.8162 -36.0155 -8.1816 -0.0000 0.0000 -6.1347 34.2765 12.6979 8.5203 -7.1250 0.0000 -0.0000 6.5448 45.1309 0.0212 0.0000 -0.0000 0.0000 74.5329 36.8424 59.4334 -147.4661 42.9687 -106.8967 0.0000 -0.0000 -19.8735 -33.8904 0.7055 -0.4739 7.1250 -0.0000 -0.0000 -5.7177 -29.1092 -2.2240
5.0203 18.7626 -4.2834 -2.9056 -83.9241 17.3172 0.0000 0.0000 0.0000 -9.9936 -4.6224 -15.9936 0.9350 6.1593 17.2473 0.3934 15.1113 -25.1194 0.3945 -4.0329 -11.1693 0.0000 0.0000 0.0000 5.7163 39.2405 -20.2718 -1.7688 -8.3670 23.8344 -0.2645 8.3442 -10.1369 -0.1094 2.1324 -5.8717 0.9546 -1.0872 13.7967 -1.5929 -1.6420 6.4961 -1.9604 -0.8986 -0.9701 -2.5983 7.4983 -10.8617 -2.0988 11.0073 23.3507 0.8860 4.5240 9.0971 0.0000 -0.0000 0.0000 -86.1229 -39.5598 54.1798 24.3620 -35.5447 -7.9160 -0.0000 0.0000 -5.7945 33.0281 12.4730 7.9926 -7.1250 0.0000 -0.0000 5.3679 44.6926 -0.0409 0.0000 -0.0000 0.0000 74.3022 36.9077 58.2644 -149.0761 41.6723 -107.9808 0.0000 -0.0000 -16.9383 -33.6216 0.2970 -0.1975 7.1250 -0.0000 -0.0000 -5.5369 -29.6015 -2.0880
5.0513 18.7584 -4.2990 -5.1140 -82.0175 19.9411 0.0000 0.0000 0.0000 -9.0969 -5.2034 -17.4083 1.0064 6.3835 17.9012 0.2907 14.3136 -23.2620 0.3016 -3.5313 -9.7616 0.0000 0.0000 0.0000 6.1098 39.4136 -20.4085 -1.7760 -8.3830 23.8834 -0.3926 6.4291 -11.3533 -0.1140 2.1769 -5.9948 1.3828 -1.9631 13.9774 -1.6939 -2.7348 6.5361 -2.1416 -1.4309 -1.0912 -2.9999 7.5247 -10.9474 -1.7747 11.0403 23.0488 1.0549 4.5532 8.9629 -0.0000 -0.0000 0.0000 -88.4515 -42.3625 58.5640 23.2931 -34.4078 -7.3032 -0.0000 0.0000 -4.2040 30.6746 11.2207 6.5841 -7.1250 0.0000 -0.0000 3.2298 42.9453 -0.1639 -0.0000 -0.0000 0.0000 73.9135 37.0186 57.0172 -150.7252 40.2637 -109.0621 0.0000 -0.0000 -14.8638 -33.7828 -0.1061 0.0710 7.1250 -0.0000 -0.0000 -5.6909 -30.0825 -2.0810
5.0749 18.7317 -4.3432 -4.9936 -79.7851 20.7100 0.0000 0.0000 0.0000 -8.2918 -5.5224 -20.1292 1.1906 6.9241 19.4908 0.2751 12.3346 -20.7348 0.2303 -3.0887 -8.5257 0.0000 0.0000 0.0000 5.8414 39.5920 -21.3727 -1.8435 -8.5322 24.3425 -0.5045 4.4997 -12.6383 -0.1252 2.2811 -6.2832 1.0202 -3.0455 13.7959 -1.5864 -4.1827 6.5473 -1.6184 -2.1519 -1.0188 -3.5232 7.6385 -10.9032 -1.8268 11.2824 22.3796 1.1241 4.6498 8.6968 0.0000 0.0000 0.0000 -91.6921 -45.0040 62.1459 22.2224 -33.2275 -6.7073 -0.0000 0.0000 -1.9335 29.3909 10.2408 5.7185 -7.1250 0.0000 -0.0000 2.1152 41.6848 -0.1731 0.0000 0.0000 0.0000 73.2903 37.6283 55.8842 -152.1247 39.0012 -109.9549 0.0000 -0.0000 -14.0968 -33.7975 -0.8291 0.5549 7.1250 -0.0000 -0.0000 -5.7505 -30.9480 -1.9834
