HIERARCHY
ROOT Hips
{
	OFFSET 0.00000 0.00000 0.00000
	CHANNELS 6 Xposition Yposition Zposition Zrotation Yrotation Xrotation 
	JOINT LHipJoint
	{
		OFFSET 0 0 0
		CHANNELS 3 Zrotation Yrotation Xrotation
		JOINT LeftUpLeg
		{
			OFFSET 1.57338 -1.94743 0.52196
			CHANNELS 3 Zrotation Yrotation Xrotation
			JOINT LeftLeg
			{
				OFFSET 2.60333 -7.15259 0.00000
				CHANNELS 3 Zrotation Yrotation Xrotation
				JOINT LeftFoot
				{
					OFFSET 2.77855 -7.63400 0.00000
					CHANNELS 3 Zrotation Yrotation Xrotation
					JOINT LeftToeBase
					{
						OFFSET 0.19847 -0.54529 2.28466
						CHANNELS 3 Zrotation Yrotation Xrotation
						End Site
						{
							OFFSET 0.00000 -0.00000 1.17993
						}
					}
				}
			}
		}
	}
	JOINT RHipJoint
	{
		OFFSET 0 0 0
		CHANNELS 3 Zrotation Yrotation Xrotation
		JOINT RightUpLeg
		{
			OFFSET -1.61527 -1.94743 0.52196
			CHANNELS 3 Zrotation Yrotation Xrotation
			JOINT RightLeg
			{
				OFFSET -2.53829 -6.97390 0.00000
				CHANNELS 3 Zrotation Yrotation Xrotation
				JOINT RightFoot
				{
					OFFSET -2.80762 -7.71387 0.00000
					CHANNELS 3 Zrotation Yrotation Xrotation
					JOINT RightToeBase
					{
						OFFSET -0.30536 -0.83898 2.28801
						CHANNELS 3 Zrotation Yrotation Xrotation
						End Site
						{
							OFFSET -0.00000 -0.00000 1.21323
						}
					}
				}
			}
		}
	}
	JOINT LowerBack
	{
		OFFSET 0 0 0
		CHANNELS 3 Zrotation Yrotation Xrotation
		JOINT Spine
		{
			OFFSET -0.04381 1.99497 -0.19778
			CHANNELS 3 Zrotation Yrotation Xrotation
			JOINT Spine1
			{
				OFFSET -0.01959 2.01295 -0.04372
				CHANNELS 3 Zrotation Yrotation Xrotation
				JOINT Neck
				{
					OFFSET 0 0 0
					CHANNELS 3 Zrotation Yrotation Xrotation
					JOINT Neck1
					{
						OFFSET -0.05459 1.76913 0.09708
						CHANNELS 3 Zrotation Yrotation Xrotation
						JOINT Head
						{
							OFFSET 0.09461 1.77368 -0.11172
							CHANNELS 3 Zrotation Yrotation Xrotation
							End Site
							{
								OFFSET 0.03812 1.78157 -0.04834
							}
						}
					}
				}
				JOINT LeftShoulder
				{
					OFFSET 0 0 0
					CHANNELS 3 Zrotation Yrotation Xrotation
					JOINT LeftArm
					{
						OFFSET 3.50922 1.24034 -0.28866
						CHANNELS 3 Zrotation Yrotation Xrotation
						JOINT LeftForeArm
						{
							OFFSET 5.40188 -0.00000 0.00000
							CHANNELS 3 Zrotation Yrotation Xrotation
							JOINT LeftHand
							{
								OFFSET 3.68559 -0.00000 0.00000
								CHANNELS 3 Zrotation Yrotation Xrotation
								JOINT LeftFingerBase
								{
									OFFSET 0 0 0
									CHANNELS 3 Zrotation Yrotation Xrotation
									JOINT LeftHandIndex1
									{
										OFFSET 0.61753 -0.00000 0.00000
										CHANNELS 3 Zrotation Yrotation Xrotation
										End Site
										{
											OFFSET 0.49787 -0.00000 0.00000
										}
									}
								}
								JOINT LThumb
								{
									OFFSET 0 0 0
									CHANNELS 3 Zrotation Yrotation Xrotation
									End Site
									{
										OFFSET 0.50547 -0.00000 0.50547
									}
								}
							}
						}
					}
				}
				JOINT RightShoulder
				{
					OFFSET 0 0 0
					CHANNELS 3 Zrotation Yrotation Xrotation
					JOINT RightArm
					{
						OFFSET -2.95373 1.39649 -0.27346
						CHANNELS 3 Zrotation Yrotation Xrotation
						JOINT RightForeArm
						{
							OFFSET -6.10670 -0.00000 -0.00000
							CHANNELS 3 Zrotation Yrotation Xrotation
							JOINT RightHand
							{
								OFFSET -3.63052 -0.00000 0.00000
								CHANNELS 3 Zrotation Yrotation Xrotation
								JOINT RightFingerBase
								{
									OFFSET 0 0 0
									CHANNELS 3 Zrotation Yrotation Xrotation
									JOINT RightHandIndex1
									{
										OFFSET -0.58385 -0.00000 0.00000
										CHANNELS 3 Zrotation Yrotation Xrotation
										End Site
										{
											OFFSET -0.47071 -0.00000 0.00000
										}
									}
								}
								JOINT RThumb
								{
									OFFSET 0 0 0
									CHANNELS 3 Zrotation Yrotation Xrotation
									End Site
									{
										OFFSET -0.47790 -0.00000 0.47790
									}
								}
							}
						}
					}
				}
			}
		}
	}
}
MOTION
Frames: 376
Frame Time: .0333333
7.9838 18.6758 8.8223 0 0 0 0 0 0 -21 0 0 0 0 0 0 0 0 0 0 0 0 0 0 21 0 0 0 0 0 0 0 0 0 0 0 0 0 0 0 0 0 0 0 0 0 0 -16 0 0 21 0 0 11 0 0 0 -8 0 0 0 0 0 0 0 0 0 0 0 0 0 0 0 0 0 0 0 0 8 0 0 0 0 0 0 0 0 0 0 0 0 0 0 0 0 0
7.9838 18.6758 8.8223 176.3270 -79.1323 -175.2830 0.0000 0.0000 0.0000 -24.4434 -4.1051 -7.6762 1.8011 8.4389 24.0552 0.8016 7.0334 -20.8866 0.0516 -1.4654 -4.0303 0.0000 0.0000 0.0000 11.9625 18.6323 -10.2840 -3.8621 -11.9745 35.6420 -0.7647 -4.8268 -18.9630 -0.0754 1.7711 -4.8735 -3.4870 2.0238 6.7413 -3.0451 2.2776 1.6933 -1.3742 1.1025 -2.0431 -6.5918 -1.7996 -8.8479 9.8358 -3.2778 15.4028 3.9746 -1.2988 6.3813 -0.0000 -0.0000 0.0000 -80.5154 5.9581 11.9174 11.5148 -19.0730 -1.9408 -0.0000 -0.0000 1.5859 22.8573 28.9700 11.5396 -7.1250 0.0000 -0.0000 -9.3782 60.7341 -3.6150 -0.0000 -0.0000 0.0000 83.1888 -3.4396 24.5610 -21.9765 32.9505 -6.5731 0.0000 0.0000 3.3995 -25.5321 5.1717 -2.4655 7.1250 -0.0000 -0.0000 0.8572 -24.2519 0.4295
8.0263 18.6463 8.8625 175.2960 -77.9207 -174.7670 0.0000 0.0000 0.0000 -24.8745 -3.1014 -8.0014 1.9062 8.6679 24.7618 0.8545 6.9902 -21.3506 0.0523 -1.4752 -4.0573 0.0000 0.0000 0.0000 10.9682 19.9148 -12.5315 -4.6938 -13.0304 39.4825 -0.6274 -3.3926 -16.5777 -0.1040 2.0791 -5.7244 -4.2871 1.7037 7.6969 -3.1444 1.7218 2.1599 -1.0022 0.8120 -2.1113 -7.0328 -2.4646 -8.3416 10.6678 -4.2246 14.5363 4.2316 -1.7467 6.1296 -0.0000 0.0000 0.0000 -79.9976 5.9998 13.3626 11.5884 -19.1845 -1.9649 -0.0000 -0.0000 0.6846 22.2062 28.9326 11.1715 -7.1250 0.0000 -0.0000 -10.0913 60.5372 -3.8457 -0.0000 0.0000 0.0000 83.0928 -3.1436 23.0494 -23.1809 34.2860 -7.2399 0.0000 0.0000 2.7949 -26.3230 3.9079 -1.9311 7.1250 -0.0000 -0.0000 0.2333 -25.6214 0.1095
8.0666 18.6141 8.9064 169.7150 -76.7362 -169.9850 0.0000 0.0000 0.0000 -26.5354 -2.0041 -7.3400 1.7963 8.4282 24.0225 0.8204 7.2513 -21.2304 0.0471 -1.4005 -3.8515 0.0000 0.0000 0.0000 8.7130 21.2201 -14.8090 -5.6583 -14.0888 43.5943 -0.4864 -1.9430 -14.0241 -0.1003 2.0423 -5.6225 -6.2830 1.2331 8.8221 -3.4463 0.8075 2.6833 -0.1281 0.3317 -2.2006 -7.6939 -2.9510 -8.5307 11.7157 -4.9447 14.2496 4.6201 -2.0603 6.1829 0.0000 0.0000 0.0000 -79.7759 5.6407 13.6117 11.2549 -18.6779 -1.8567 -0.0000 -0.0000 0.9752 22.1154 28.9604 11.1317 -7.1250 0.0000 -0.0000 -10.2097 60.5431 -3.8928 0.0000 0.0000 0.0000 82.5442 -2.7552 22.0026 -24.4284 35.6140 -7.9546 0.0000 0.0000 1.3152 -25.2325 5.3414 -2.5119 7.1250 -0.0000 -0.0000 1.0844 -24.0788 0.5477
8.0952 18.5785 8.9369 165.2740 -75.5757 -166.2600 0.0000 0.0000 0.0000 -28.0314 -1.1468 -6.8810 1.7377 8.2970 23.6198 0.8163 7.4106 -21.3145 0.0422 -1.3258 -3.6457 0.0000 0.0000 0.0000 6.7388 22.5782 -16.5001 -6.3879 -14.7940 46.5193 -0.3881 -0.6499 -12.0211 -0.0948 1.9859 -5.4667 -8.1365 0.9059 9.9761 -3.6945 0.0433 3.0248 0.7189 -0.0686 -2.4470 -8.1216 -3.3189 -8.5402 12.6737 -5.5004 13.6946 4.9514 -2.2989 6.1076 -0.0000 0.0000 0.0000 -79.5276 5.1024 13.4328 10.7879 -17.9624 -1.7099 -0.0000 -0.0000 2.4805 21.7938 28.5249 10.8101 -7.1250 0.0000 -0.0000 -10.3152 60.0267 -3.8065 -0.0000 0.0000 0.0000 81.8132 -2.7737 20.6884 -25.5133 36.7240 -8.5949 0.0000 0.0000 0.3088 -26.6205 3.3339 -1.6696 7.1250 -0.0000 -0.0000 -0.0052 -26.2516 -0.0024
8.0899 18.5671 8.9631 165.1210 -75.0737 -166.1220 0.0000 0.0000 0.0000 -28.3045 -0.8068 -7.0949 1.7571 8.3407 23.7537 0.8093 7.4116 -21.2497 0.0110 -0.6783 -1.8640 0.0000 0.0000 0.0000 5.9600 23.5932 -17.8614 -6.6226 -15.0057 47.4323 -0.3507 1.4677 -10.7704 -0.0785 1.8077 -4.9746 -8.3279 0.4345 10.4684 -3.8431 -0.6728 3.1062 0.7571 -0.4274 -2.5819 -8.6387 -3.6145 -8.7490 13.8395 -6.0356 13.6735 5.3751 -2.5100 6.2492 -0.0000 0.0000 0.0000 -78.8239 4.1076 13.6848 9.9275 -16.6260 -1.4541 -0.0000 -0.0000 3.4586 19.8871 27.6194 9.5200 -7.1250 0.0000 -0.0000 -11.8892 58.6751 -4.0112 -0.0000 0.0000 0.0000 81.3891 -3.1226 18.3151 -26.5035 37.7016 -9.1939 0.0000 -0.0000 -0.3336 -25.7728 3.1452 -1.5175 7.1250 -0.0000 -0.0000 0.6363 -26.4878 0.2857
8.0554 18.5786 8.9853 167.6230 -74.8732 -168.1650 0.0000 0.0000 0.0000 -27.6978 -0.4915 -7.6615 1.7953 8.4260 24.0157 0.8744 6.8571 -21.4353 0.0109 -0.6727 -1.8487 0.0000 0.0000 0.0000 6.0631 24.4198 -18.8893 -6.4327 -14.8349 46.6946 -0.3385 2.2203 -10.4444 -0.1330 2.3504 -6.4749 -7.9250 -0.3377 10.3193 -3.4347 -1.6012 2.9499 1.0721 -0.8710 -2.5934 -9.3272 -3.5439 -8.4975 14.0660 -5.8930 13.6620 5.5853 -2.4728 6.2085 -0.0000 -0.0000 0.0000 -79.0474 2.9872 11.5777 8.9126 -15.0210 -1.1774 -0.0000 -0.0000 6.7466 20.2415 27.8913 9.7872 -7.1250 0.0000 -0.0000 -11.6595 59.0275 -4.0311 -0.0000 -0.0000 0.0000 80.0963 -3.8366 16.4893 -27.6337 38.7768 -9.8934 0.0000 -0.0000 -1.5798 -27.7853 1.2962 -0.6829 7.1250 -0.0000 -0.0000 -0.9424 -28.5142 -0.3783
8.0314 18.5664 8.9866 167.0450 -74.1345 -168.0370 0.0000 0.0000 0.0000 -28.1373 -0.5093 -7.0356 1.7902 8.4146 23.9807 0.9028 7.3823 -22.0829 0.0104 -0.6600 -1.8136 0.0000 0.0000 0.0000 5.8493 24.8209 -19.0210 -6.0851 -14.5103 45.3224 -0.3630 1.2530 -11.0112 -0.2234 3.0424 -8.3969 -8.3791 -0.4065 10.9886 -3.5426 -1.8281 3.2411 1.2486 -1.0001 -2.6291 -9.2493 -3.9355 -8.9311 14.3513 -6.4420 13.4411 5.6071 -2.7034 6.2953 -0.0000 -0.0000 0.0000 -78.4688 0.5120 8.6267 7.8076 -13.2405 -0.9075 -0.0000 -0.0000 9.6010 21.0150 28.0393 10.2365 -7.1250 0.0000 -0.0000 -10.8987 59.3546 -3.8495 -0.0000 -0.0000 0.0000 79.5995 -3.7529 12.8114 -28.0257 39.1399 -10.1399 0.0000 -0.0000 -2.5195 -28.1146 1.7774 -0.9494 7.1250 -0.0000 -0.0000 -1.1868 -27.9641 -0.4918
7.9878 18.5809 8.9867 167.5700 -73.5218 -168.5410 0.0000 0.0000 0.0000 -28.2025 -0.1155 -6.7185 1.7023 8.2164 23.3733 0.8006 8.1609 -21.7627 0.0385 -1.2663 -3.4817 0.0000 0.0000 0.0000 5.4993 25.5544 -19.3752 -5.6378 -14.0679 43.5102 -0.3772 0.2155 -11.5281 -0.0185 0.8784 -2.4144 -8.2790 -0.5017 11.1905 -3.6949 -1.9777 3.3613 1.0562 -1.0836 -2.6118 -8.4393 -4.2583 -9.1782 14.0176 -6.9022 13.1148 5.3032 -2.9040 6.2589 -0.0000 -0.0000 0.0000 -77.6502 -1.6401 6.7891 7.1425 -12.1536 -0.7614 -0.0000 -0.0000 11.4059 21.6414 28.2514 10.6365 -7.1250 0.0000 -0.0000 -10.3281 59.7149 -3.7343 -0.0000 -0.0000 0.0000 79.1668 -3.6029 9.1377 -28.6066 39.6687 -10.5087 0.0000 -0.0000 -4.5793 -25.7864 4.5417 -2.1908 7.1250 -0.0000 -0.0000 0.6519 -24.9382 0.3163
7.9330 18.5964 8.9770 167.7930 -73.0131 -169.0480 0.0000 0.0000 0.0000 -28.2758 0.6302 -5.9366 1.5712 7.9091 22.4384 0.7615 8.2963 -21.5114 0.0266 -1.0537 -2.8966 0.0000 0.0000 0.0000 5.5727 25.3492 -19.2430 -4.9719 -13.3521 40.7013 -0.3216 -2.3381 -11.8294 -0.0155 0.8042 -2.2101 -8.5121 -0.6442 11.5240 -3.5947 -2.2207 3.6743 1.3239 -1.2250 -2.4334 -8.2571 -4.5563 -9.6388 13.9606 -7.2446 12.6895 5.2070 -3.0512 6.2424 -0.0000 -0.0000 0.0000 -77.5987 -4.3423 0.2021 6.4845 -11.0678 -0.6289 -0.0000 -0.0000 18.7512 19.9084 28.0386 9.6614 -7.1250 0.0000 -0.0000 -12.1065 59.0978 -4.2089 -0.0000 -0.0000 0.0000 78.0228 -3.1366 6.0485 -29.5236 40.4816 -11.0991 0.0000 -0.0000 -6.1849 -27.8135 0.8849 -0.4668 7.1250 -0.0000 -0.0000 -0.9718 -28.9787 -0.3794
7.8703 18.6166 8.9775 168.3620 -72.2638 -169.4800 0.0000 0.0000 0.0000 -28.3568 1.1273 -5.4097 1.4243 7.5470 21.3463 0.7481 8.5155 -21.5691 0.0034 -0.3740 -1.0276 0.0000 0.0000 0.0000 5.4859 25.3634 -19.4836 -4.2805 -12.5246 37.6140 -0.2012 -4.4912 -11.3291 -0.0034 0.3739 -1.0274 -8.6476 -1.1258 11.6221 -3.1756 -2.8575 3.5169 1.9225 -1.5229 -2.5688 -9.4394 -4.4867 -9.5601 14.3150 -7.0035 12.5895 5.5516 -2.9684 6.2212 -0.0000 -0.0000 0.0000 -77.8148 -5.2316 3.9568 6.8932 -11.7434 -0.7098 -0.0000 -0.0000 11.6625 19.9722 27.6341 9.5680 -7.1250 0.0000 -0.0000 -11.8056 58.7092 -3.9921 -0.0000 -0.0000 0.0000 75.6488 -2.5680 5.0166 -30.2878 41.1388 -11.5985 0.0000 -0.0000 -8.5222 -30.4333 1.7952 -1.0544 7.1250 -0.0000 -0.0000 -2.9754 -27.8939 -1.2393
7.7998 18.6446 8.9500 168.6090 -71.3506 -169.6530 0.0000 0.0000 0.0000 -28.5798 0.9713 -4.3788 1.2609 7.1180 20.0655 0.7200 9.4605 -22.1280 0.0000 -0.0323 -0.0888 0.0000 0.0000 0.0000 5.5352 25.6011 -19.4447 -3.6008 -11.6093 34.3636 -0.0976 -5.9865 -10.8329 -0.0007 0.1660 -0.4560 -8.8116 -1.3301 11.6609 -3.1578 -3.1529 3.5324 2.0695 -1.6725 -2.5356 -9.1113 -4.4084 -9.7260 14.2190 -6.8948 12.3730 5.4686 -2.9048 6.1550 -0.0000 -0.0000 0.0000 -77.5624 -6.8509 5.9470 7.2999 -12.4118 -0.7949 -0.0000 -0.0000 8.8915 21.0009 27.8084 10.1533 -7.1250 0.0000 -0.0000 -10.7846 59.1193 -3.7477 -0.0000 -0.0000 0.0000 74.6052 -1.7580 3.0564 -31.6223 42.2440 -12.4862 0.0000 -0.0000 -9.7738 -30.2651 1.3226 -0.7717 7.1250 -0.0000 -0.0000 -2.8662 -28.4441 -1.1563
7.7264 18.6707 8.9148 168.6420 -70.4304 -169.4290 0.0000 0.0000 0.0000 -28.7548 1.7613 -3.9149 1.0972 6.6562 18.7007 0.6487 9.9483 -21.9110 0.0024 -0.3140 -0.8627 0.0000 0.0000 0.0000 5.4654 26.5383 -19.3220 -3.0211 -10.7291 31.3717 0.0010 -7.4347 -10.5813 -0.0000 0.0334 -0.0919 -8.9361 -1.4481 11.6931 -2.9706 -3.3174 3.4875 2.3564 -1.7495 -2.5650 -9.5478 -4.5162 -9.9633 14.3677 -6.9292 12.0373 5.5820 -2.9238 6.1178 -0.0000 0.0000 0.0000 -77.3022 -7.8683 10.4806 8.2090 -13.8910 -1.0017 -0.0000 -0.0000 4.7125 20.9171 28.0495 10.1888 -7.1250 0.0000 -0.0000 -11.0119 59.3420 -3.8868 -0.0000 0.0000 0.0000 72.6661 -0.2882 1.6808 -32.4350 42.8912 -13.0359 0.0000 -0.0000 -10.5648 -30.8690 0.8484 -0.5071 7.1250 -0.0000 -0.0000 -3.3560 -28.9845 -1.3115
7.6435 18.6990 8.8475 170.0460 -69.6697 -170.3820 0.0000 0.0000 0.0000 -28.3817 1.7270 -3.2749 0.9640 6.2515 17.5158 0.5711 11.1191 -22.3206 0.0364 -1.2315 -3.3860 0.0000 0.0000 0.0000 6.1380 27.4572 -19.3159 -2.5615 -9.9489 28.8113 0.2024 -10.2252 -10.6010 -0.0288 -1.0958 3.0124 -8.8268 -1.6308 11.5528 -2.8062 -3.5182 3.4045 2.4877 -1.8429 -2.5502 -9.3747 -4.4881 -9.8968 14.4301 -6.8838 11.6157 5.5727 -2.9016 5.9666 0.0000 0.0000 0.0000 -76.8347 -9.0575 14.5141 9.1616 -15.4176 -1.2427 -0.0000 -0.0000 0.8436 22.4447 28.1488 11.0274 -7.1250 0.0000 -0.0000 -9.3784 59.8015 -3.4065 0.0000 0.0000 0.0000 72.3907 0.1254 0.3854 -34.8910 44.7341 -14.7366 0.0000 -0.0000 -10.3552 -32.0580 1.4469 -0.9060 7.1250 -0.0000 -0.0000 -4.2478 -28.2635 -1.7343
7.5645 18.7216 8.7973 171.4210 -69.2833 -170.8510 0.0000 0.0000 0.0000 -27.8566 1.8598 -3.7593 0.9338 6.1554 17.2359 0.5944 11.0882 -22.5053 0.0316 -1.1480 -3.1560 0.0000 0.0000 0.0000 7.0398 26.9868 -20.1204 -2.2162 -9.3026 26.7466 0.6189 -14.8527 -11.4720 -0.1312 -2.3346 6.4314 -8.0995 -2.0686 11.4458 -2.8423 -4.0037 3.1055 2.1123 -2.0577 -2.8094 -8.2565 -4.3615 -9.6408 13.9743 -6.7496 10.9104 5.2394 -2.8437 5.6345 0.0000 -0.0000 0.0000 -75.8975 -9.9072 18.8840 10.3333 -17.2593 -1.5724 -0.0000 0.0000 -2.7803 22.5545 28.5689 11.2337 -7.1250 0.0000 -0.0000 -9.4898 60.2539 -3.5499 0.0000 -0.0000 0.0000 72.3684 0.9990 -0.5522 -37.3403 46.4128 -16.4861 0.0000 -0.0000 -9.9892 -32.2691 1.3296 -0.8394 7.1250 -0.0000 -0.0000 -4.4180 -28.3971 -1.7902
7.4652 18.7278 8.7015 171.4120 -68.8622 -170.3110 0.0000 0.0000 0.0000 -27.8493 1.6821 -3.5785 0.8825 5.9885 16.7512 0.5430 11.8547 -22.8130 0.0272 -1.0656 -2.9292 0.0000 0.0000 0.0000 8.0802 25.9841 -20.8182 -2.0748 -9.0201 25.8582 1.1837 -19.6465 -13.4981 -0.2429 -3.1717 8.7573 -8.4219 -2.4176 11.2515 -2.2344 -4.4412 2.8741 2.9700 -2.2540 -2.8282 -9.5461 -4.3843 -9.0412 14.1553 -6.5196 9.9834 5.5397 -2.8014 5.2662 -0.0000 -0.0000 0.0000 -76.8593 -11.6851 21.6443 10.7861 -17.9597 -1.7094 -0.0000 0.0000 -3.0929 24.3251 29.2533 12.4567 -7.1250 0.0000 -0.0000 -7.8605 61.3879 -3.1473 -0.0000 -0.0000 0.0000 70.8499 1.4962 -0.8373 -40.5211 48.3756 -18.8279 0.0000 -0.0000 -9.1195 -32.3977 1.7704 -1.1231 7.1250 -0.0000 -0.0000 -4.4897 -27.8741 -1.8750
7.3422 18.7262 8.6032 171.8790 -68.7835 -170.3100 0.0000 0.0000 0.0000 -27.4988 1.5472 -3.1534 0.8352 5.8298 16.2915 0.6132 11.6863 -23.2746 0.0245 -1.0098 -2.7759 0.0000 0.0000 0.0000 9.5269 24.4461 -21.2644 -1.9479 -8.7567 25.0371 1.7832 -23.4967 -15.1218 -0.4659 -4.3780 12.1427 -8.0221 -2.6515 11.1664 -2.1570 -4.6847 2.9779 2.8486 -2.3846 -2.6716 -9.0184 -4.8066 -9.9533 13.8693 -7.0649 9.9511 5.2920 -3.0270 5.4548 -0.0000 -0.0000 0.0000 -76.6958 -13.9366 24.9385 11.4937 -19.0410 -1.9339 -0.0000 0.0000 -5.5646 25.8186 30.7866 13.9088 -7.1250 0.0000 -0.0000 -7.0031 63.3473 -3.1253 -0.0000 -0.0000 0.0000 70.7625 2.2801 -1.8601 -44.2556 50.3985 -21.6636 0.0000 -0.0000 -8.2326 -32.4091 1.4995 -0.9518 7.1250 -0.0000 -0.0000 -4.5157 -28.1935 -1.8518
7.1926 18.7170 8.4904 171.6880 -68.5196 -169.8710 0.0000 0.0000 0.0000 -27.4208 1.6951 -2.3408 0.7612 5.5716 15.5465 0.6600 11.6450 -23.6454 0.0292 -1.1031 -3.0325 0.0000 0.0000 0.0000 10.7425 24.0281 -20.8632 -1.9113 -8.6789 24.7958 2.1050 -25.6716 -17.8643 -0.8756 -5.9657 16.6849 -7.8139 -2.8609 11.1426 -1.8508 -4.9151 2.9170 3.0787 -2.4923 -2.6877 -9.4924 -4.9199 -10.1894 13.8597 -7.1004 9.8123 5.3611 -3.0505 5.4736 -0.0000 -0.0000 0.0000 -77.3697 -15.9418 27.2067 11.9879 -19.7865 -2.0982 -0.0000 0.0000 -5.8200 23.9849 29.8272 12.4781 -7.1250 0.0000 -0.0000 -8.5909 61.8868 -3.5435 -0.0000 -0.0000 0.0000 69.7123 2.9615 -2.6904 -47.8243 52.0794 -24.4470 0.0000 -0.0000 -7.5693 -32.3885 1.9961 -1.2658 7.1250 -0.0000 -0.0000 -4.4680 -27.6080 -1.8940
7.0085 18.7171 8.3676 171.7220 -68.1106 -169.4670 0.0000 0.0000 0.0000 -27.3840 1.9268 -0.9000 0.5843 4.8942 13.6071 0.5710 12.3413 -23.5713 0.0343 -1.1951 -3.2857 0.0000 0.0000 0.0000 11.6377 25.1123 -20.3759 -1.9927 -8.8509 25.3301 2.3078 -26.8577 -19.0765 -0.9907 -6.3350 17.7595 -7.3903 -3.1226 10.7238 -1.4660 -5.1467 2.8322 3.2428 -2.6059 -2.5224 -9.6823 -4.8475 -10.6742 13.5750 -6.8846 9.8608 5.3145 -2.9437 5.5408 -0.0000 -0.0000 0.0000 -78.2614 -17.7497 29.3861 12.5504 -20.6249 -2.2925 -0.0000 0.0000 -5.9308 22.5603 28.7231 11.2909 -7.1250 0.0000 -0.0000 -9.5711 60.4116 -3.6166 -0.0000 -0.0000 0.0000 68.3368 4.7145 -3.5612 -50.4720 53.1841 -26.5516 0.0000 -0.0000 -7.6176 -32.6070 2.2527 -1.4403 7.1250 -0.0000 -0.0000 -4.6182 -27.2982 -1.9919
6.7880 18.7012 8.2257 173.1130 -67.8270 -170.5140 0.0000 0.0000 0.0000 -26.7026 2.1729 -0.0650 0.5587 4.7878 13.3042 0.5812 12.5764 -23.9066 0.1281 -2.3069 -6.3546 0.0000 0.0000 0.0000 13.2860 25.3375 -19.0852 -1.9566 -8.7751 25.0943 2.1655 -26.1052 -18.5344 -0.7781 -5.6319 15.7199 -6.1637 -3.1649 10.0876 -1.1675 -4.9949 2.8060 2.8146 -2.5340 -2.2952 -8.9699 -5.0240 -10.6093 12.9332 -7.1313 9.6853 4.9613 -3.0783 5.4554 0.0000 -0.0000 0.0000 -79.0912 -19.1200 32.7009 13.3892 -21.8548 -2.5964 -0.0000 0.0000 -6.9565 22.5247 27.7895 10.9432 -7.1250 0.0000 -0.0000 -9.0951 59.4554 -3.2272 0.0000 -0.0000 0.0000 67.3349 5.7607 -5.3190 -53.9031 54.4533 -29.3214 0.0000 -0.0000 -7.5040 -32.4933 1.0096 -0.6430 7.1250 -0.0000 -0.0000 -4.6111 -28.7703 -1.8280
6.5666 18.6915 8.0669 173.7710 -67.3370 -170.4680 0.0000 0.0000 0.0000 -26.2196 2.1206 -0.1410 0.6105 5.0008 13.9109 0.8114 11.7228 -24.9959 0.0597 -1.5760 -4.3353 0.0000 0.0000 0.0000 13.8444 25.5677 -18.4297 -1.8375 -8.5191 24.3022 1.9475 -25.3545 -19.4185 -0.9134 -6.0897 17.0448 -5.3853 -3.3099 9.1802 -0.6856 -5.0163 2.5171 2.8303 -2.5349 -2.1170 -9.0814 -5.0441 -10.7289 12.8007 -7.1306 9.8748 4.9363 -3.0806 5.5325 0.0000 -0.0000 0.0000 -80.5800 -20.0241 34.4708 14.2989 -23.1605 -2.9447 -0.0000 0.0000 -7.7373 23.9659 28.3440 11.9169 -7.1250 0.0000 -0.0000 -7.7721 60.3671 -2.9232 0.0000 -0.0000 0.0000 65.6814 7.2146 -6.6356 -56.8382 55.4068 -31.7239 0.0000 -0.0000 -7.7550 -33.2501 2.0318 -1.3316 7.1250 -0.0000 -0.0000 -5.1261 -27.5399 -2.1832
6.3304 18.7039 7.9075 175.7640 -66.3359 -172.4810 0.0000 0.0000 0.0000 -25.2105 2.7344 0.7651 0.6405 5.1200 14.2510 0.9562 11.2466 -25.7152 0.0478 -1.4104 -3.8787 0.0000 0.0000 0.0000 15.2902 25.0903 -17.3914 -1.7932 -8.4213 24.0013 1.6651 -23.9170 -19.0817 -0.8537 -5.8925 16.4729 -3.9208 -3.1915 9.0484 -0.2453 -4.6961 2.4005 2.4399 -2.3678 -2.2744 -9.2803 -5.1411 -10.7203 12.9491 -7.2932 10.1906 5.0038 -3.1553 5.6602 -0.0000 -0.0000 0.0000 -81.8734 -20.5035 36.7319 15.4242 -24.7337 -3.4014 -0.0000 0.0000 -8.8205 23.6007 28.0291 11.6022 -7.1250 0.0000 -0.0000 -8.0187 59.9558 -2.9380 -0.0000 -0.0000 0.0000 64.1781 8.5856 -7.8768 -60.2742 56.3826 -34.5693 0.0000 -0.0000 -7.9268 -34.6652 0.0877 -0.0607 7.1250 -0.0000 -0.0000 -6.3696 -29.8431 -2.3684
6.0987 18.7172 7.7325 176.5190 -64.7052 -173.2640 0.0000 0.0000 0.0000 -24.7679 3.3462 1.3405 0.7191 5.4190 15.1076 1.0217 11.0628 -26.0624 0.1075 -2.1139 -5.8205 0.0000 0.0000 0.0000 16.2867 24.5579 -16.8213 -1.8543 -8.5557 24.4150 1.2934 -21.7379 -18.3209 -0.7157 -5.4064 15.0714 -2.7693 -3.0108 8.9357 -0.2364 -4.3421 2.1739 1.7776 -2.1827 -2.5568 -8.9820 -5.0803 -10.6241 13.2330 -7.3858 10.6704 5.0414 -3.1764 5.8033 0.0000 -0.0000 0.0000 -82.3312 -20.3244 38.8470 16.7911 -26.5815 -3.9934 -0.0000 0.0000 -10.4071 23.5837 27.8391 11.5227 -7.1250 0.0000 -0.0000 -7.9387 59.7570 -2.8707 0.0000 -0.0000 0.0000 63.0732 10.2053 -8.5767 -63.2901 57.1248 -37.0919 0.0000 -0.0000 -8.3107 -35.5717 -0.4541 0.3248 7.1250 -0.0000 -0.0000 -7.1265 -30.4957 -2.5417
5.8823 18.7348 7.5135 179.1830 -62.9163 -175.6710 0.0000 0.0000 0.0000 -22.9096 4.8224 0.2173 1.0391 6.4833 18.1932 1.0156 10.2442 -25.3157 0.2871 -3.4459 -9.5227 0.0000 0.0000 0.0000 18.6538 25.2013 -15.2799 -1.7723 -8.3749 23.8586 1.2630 -21.2902 -17.5059 -0.5174 -4.6100 12.7996 -1.4340 -2.7822 8.4704 0.2900 -3.8864 2.0623 1.5067 -1.9588 -2.4888 -8.7632 -5.0553 -10.4271 13.0371 -7.4091 10.9315 4.9434 -3.1965 5.8362 -0.0000 0.0000 0.0000 -83.0855 -19.8210 40.4787 18.3082 -28.5499 -4.6956 -0.0000 0.0000 -11.4731 23.6345 28.2409 11.6987 -7.1250 0.0000 -0.0000 -8.0927 60.1809 -3.0088 -0.0000 0.0000 0.0000 61.9013 12.4936 -9.1513 -65.0750 57.5172 -38.5942 0.0000 -0.0000 -8.2391 -37.1693 -0.7841 0.5945 7.1250 -0.0000 -0.0000 -8.4191 -30.9002 -2.9285
5.6601 18.7564 7.2642 178.6010 -61.0099 -175.2570 0.0000 0.0000 0.0000 -22.4331 6.3769 -1.0107 1.4608 7.6387 21.6221 1.0138 8.7559 -24.0916 0.7113 -5.3900 -15.0244 0.0000 0.0000 0.0000 19.4250 25.1744 -14.4715 -1.8558 -8.5590 24.4252 1.0122 -19.7526 -17.3424 -0.4332 -4.2235 11.7063 -1.5348 -2.6522 7.8635 0.3343 -3.7037 1.8510 1.5634 -1.8635 -2.3676 -8.6730 -4.8680 -10.3248 12.7924 -7.2526 11.8242 4.8723 -3.1271 6.0631 -0.0000 -0.0000 0.0000 -83.5744 -18.6473 41.2244 19.7577 -30.3493 -5.4084 -0.0000 0.0000 -12.4244 22.9355 27.9318 11.2113 -7.1250 0.0000 -0.0000 -8.7133 59.6974 -3.1409 -0.0000 -0.0000 0.0000 61.0050 14.8152 -8.7487 -66.6401 57.8342 -39.9169 0.0000 -0.0000 -8.1334 -38.4286 -1.1218 0.8899 7.1250 -0.0000 -0.0000 -9.4533 -31.3258 -3.1988
5.4596 18.7618 7.0184 177.2630 -58.7458 -174.3590 0.0000 0.0000 0.0000 -22.1766 8.8883 -3.5881 2.2277 9.3250 26.8174 0.8468 7.3054 -21.5161 1.0762 -6.5943 -18.5189 0.0000 0.0000 0.0000 19.5987 24.2803 -14.2259 -2.0121 -8.8913 25.4558 0.6054 -16.7877 -16.7153 -0.3601 -3.8549 10.6688 -1.9982 -2.4213 7.4628 0.1384 -3.4277 1.7260 1.5779 -1.7224 -2.2692 -8.5382 -4.7451 -10.3118 12.5390 -7.1421 12.3939 4.7824 -3.0802 6.2104 0.0000 0.0000 0.0000 -83.4431 -17.4564 42.6589 21.3465 -32.2305 -6.2337 -0.0000 0.0000 -14.3594 23.0058 28.3084 11.3843 -7.1250 0.0000 -0.0000 -8.8379 60.0981 -3.2708 0.0000 0.0000 0.0000 60.4345 17.2787 -8.0486 -68.8396 58.2386 -41.7829 0.0000 -0.0000 -7.4347 -38.7024 -2.8789 2.3044 7.1250 -0.0000 -0.0000 -9.8737 -33.5450 -2.8087
5.2566 18.7465 6.7795 178.2800 -56.8471 -175.9040 0.0000 0.0000 0.0000 -20.2397 10.8413 -6.8622 3.6003 11.6086 34.3610 0.5945 5.8894 -17.8946 1.4592 -7.6347 -21.6099 0.0000 0.0000 0.0000 21.3293 23.2971 -12.9400 -2.0815 -9.0337 25.9009 0.3165 -14.4316 -16.4707 -0.3355 -3.7225 10.2973 -0.9759 -2.4053 7.3340 0.2234 -3.3258 1.7613 1.0788 -1.6777 -2.2184 -8.5975 -4.5575 -10.0240 12.3545 -6.8786 12.4867 4.7635 -2.9785 6.1537 -0.0000 -0.0000 0.0000 -83.1476 -16.3468 43.6725 22.8185 -33.8897 -7.0368 -0.0000 0.0000 -16.1174 22.0543 28.3972 10.9056 -7.1250 0.0000 -0.0000 -9.9521 59.9600 -3.6550 -0.0000 -0.0000 0.0000 60.0063 19.7130 -7.0305 -69.8110 58.4024 -42.6096 0.0000 -0.0000 -6.4696 -39.0725 -1.5636 1.2691 7.1250 -0.0000 -0.0000 -10.0180 -31.8892 -3.2573
5.0890 18.7205 6.5523 179.0310 -54.6641 -177.3030 0.0000 0.0000 0.0000 -18.1672 11.6222 -10.4641 5.4714 13.8958 42.8215 0.2146 5.6415 -12.6181 1.4318 -7.5659 -21.4032 0.0000 0.0000 0.0000 22.8669 22.1665 -11.7859 -2.1442 -9.1602 26.2977 0.0607 -11.7356 -15.8329 -0.2958 -3.4974 9.6666 -0.2084 -2.2185 7.6578 0.2659 -3.0221 1.7393 0.6825 -1.5298 -2.4655 -8.2495 -4.3831 -9.6637 11.7256 -6.6145 12.4781 4.5304 -2.8879 6.0246 -0.0000 0.0000 0.0000 -82.8872 -15.6426 44.7619 23.8622 -35.0182 -7.6273 -0.0000 0.0000 -17.6262 22.1589 28.9372 11.1474 -7.1250 0.0000 -0.0000 -10.1472 60.5303 -3.8656 -0.0000 0.0000 0.0000 59.6781 22.1609 -5.9988 -70.3028 58.4820 -43.0286 0.0000 -0.0000 -5.3561 -39.9872 -2.4281 2.0351 7.1250 -0.0000 -0.0000 -10.8619 -33.0071 -3.2420
4.9451 18.6906 6.3459 180.3550 -52.6396 -178.9400 0.0000 0.0000 0.0000 -15.8154 10.0597 -14.2589 7.7283 15.9157 51.5779 -0.1252 6.7391 -5.1172 1.3620 -7.3868 -20.8664 0.0000 0.0000 0.0000 24.6988 22.0153 -10.3181 -2.1469 -9.1655 26.3146 -0.0744 -10.2334 -15.6996 -0.2956 -3.4961 9.6632 0.8009 -2.1105 7.9785 0.4411 -2.7919 1.6568 0.2925 -1.4217 -2.7703 -7.4229 -4.2113 -9.0756 10.9975 -6.4156 12.3006 4.1819 -2.8250 5.7953 0.0000 -0.0000 0.0000 -82.7306 -15.2940 44.9137 24.5259 -35.7155 -8.0115 -0.0000 0.0000 -17.4318 19.9238 28.4774 9.8055 -7.1250 0.0000 -0.0000 -12.3494 59.5378 -4.4253 0.0000 -0.0000 0.0000 59.6101 24.4563 -4.6212 -70.2781 58.4781 -43.0076 0.0000 -0.0000 -4.9950 -41.5060 -3.2621 2.8826 7.1250 -0.0000 -0.0000 -12.2149 -34.1317 -3.3209
4.8170 18.6711 6.1739 181.4830 -50.3017 -180.5400 0.0000 0.0000 0.0000 -13.7010 7.4945 -17.5220 10.0797 17.4544 59.7545 -0.0379 3.5420 -2.1435 1.0652 -6.5615 -18.4227 0.0000 0.0000 0.0000 26.3919 21.2503 -8.9135 -2.1307 -9.1332 26.2128 -0.1805 -8.3493 -14.9335 -0.2365 -3.1299 8.6407 1.4980 -1.9903 8.1927 0.6508 -2.5865 1.9619 0.0987 -1.3307 -2.5937 -7.1939 -3.9122 -8.4455 11.3397 -6.0995 11.8451 4.2879 -2.6748 5.5177 0.0000 -0.0000 0.0000 -82.7547 -15.9029 44.7824 24.9226 -36.1248 -8.2442 -0.0000 0.0000 -18.4022 21.0722 28.8682 10.5381 -7.1250 0.0000 -0.0000 -11.3201 60.1986 -4.2292 0.0000 -0.0000 0.0000 59.5649 27.3667 -2.9968 -68.9468 58.2571 -41.8741 0.0000 -0.0000 -4.3498 -42.3835 -5.0221 4.5676 7.1250 -0.0000 -0.0000 -13.2189 -36.4802 -2.8307
4.7152 18.6567 6.0265 181.6870 -47.7639 -181.3220 0.0000 0.0000 0.0000 -12.1901 5.0394 -20.9409 12.3739 18.5443 67.1693 0.0105 1.1640 -2.7205 1.0108 -6.3971 -17.9409 0.0000 0.0000 0.0000 27.3993 21.8748 -7.6625 -2.1885 -9.2481 26.5747 -0.1693 -7.3983 -13.6944 -0.1671 -2.6337 7.2606 1.6803 -1.6345 8.6674 0.5893 -2.1039 2.1078 -0.1046 -1.0970 -2.7091 -8.2128 -4.0352 -8.0635 13.0580 -6.4942 12.0789 4.9879 -2.8409 5.6505 -0.0000 -0.0000 0.0000 -82.8540 -16.6011 44.6399 24.9979 -36.2019 -8.2887 -0.0000 0.0000 -18.7655 20.8071 29.3327 10.5453 -7.1250 0.0000 -0.0000 -11.9013 60.5982 -4.5634 -0.0000 -0.0000 0.0000 60.2125 29.5632 -1.8080 -66.2163 57.7508 -39.5582 0.0000 -0.0000 -2.6515 -43.3582 -4.5547 4.2884 7.1250 -0.0000 -0.0000 -13.9610 -35.9260 -3.1915
4.6083 18.6675 5.9043 180.6720 -45.2235 -181.0670 0.0000 0.0000 0.0000 -11.7849 2.2401 -24.4355 14.5811 19.2809 73.9717 0.0364 0.1663 -3.6658 0.8816 -5.9855 -16.7423 0.0000 0.0000 0.0000 27.4475 22.5352 -6.4466 -2.2822 -9.4307 27.1523 -0.2859 -6.1591 -14.2154 -0.1676 -2.6371 7.2700 1.0335 -1.2708 8.9772 0.3102 -1.6916 2.2388 -0.0693 -0.8920 -2.7291 -8.1209 -4.1404 -8.6669 13.2907 -6.9586 13.9774 5.0157 -3.0201 6.4036 -0.0000 -0.0000 0.0000 -82.8046 -17.2606 44.8690 25.3159 -36.5251 -8.4772 -0.0000 0.0000 -19.5760 22.0179 28.7876 11.0198 -7.1250 0.0000 -0.0000 -10.2175 60.3453 -3.8476 -0.0000 -0.0000 0.0000 61.4432 31.4772 -0.5985 -64.5878 57.4134 -38.1835 0.0000 -0.0000 -0.5345 -43.4571 -6.0771 5.7283 7.1250 -0.0000 -0.0000 -14.3160 -37.9553 -2.5458
4.5161 18.6633 5.8236 180.3580 -42.8792 -181.1130 0.0000 0.0000 0.0000 -10.7319 -0.5041 -28.8666 16.9217 19.7713 80.9666 0.0845 -0.6186 -5.3031 1.1206 -6.7245 -18.9017 0.0000 0.0000 0.0000 27.6408 22.6546 -5.5808 -2.2826 -9.4314 27.1542 -0.3459 -4.6856 -13.8321 -0.1958 -2.8494 7.8598 1.1636 -1.0389 9.5192 0.0850 -1.3783 2.2403 -0.3990 -0.7413 -3.0328 -8.4991 -4.3099 -9.0476 13.8425 -7.4669 15.3572 5.2257 -3.2363 7.0008 0.0000 -0.0000 0.0000 -82.7507 -17.8470 44.7246 25.9145 -37.1241 -8.8360 -0.0000 0.0000 -19.7866 21.3905 28.4647 10.5750 -7.1250 0.0000 -0.0000 -10.7284 59.8700 -3.9209 0.0000 -0.0000 0.0000 62.7994 32.9632 0.4085 -63.4917 57.1708 -37.2611 0.0000 -0.0000 -0.1218 -43.7765 -7.0770 6.7327 7.1250 -0.0000 -0.0000 -14.7766 -39.3124 -2.1253
4.4237 18.6708 5.7464 180.5360 -40.3897 -181.5090 0.0000 0.0000 0.0000 -8.9762 -2.5322 -33.6346 19.1938 19.9844 87.6424 0.1361 -1.4081 -6.6170 1.2666 -7.1336 -20.1119 0.0000 0.0000 0.0000 28.1460 22.5232 -4.6005 -2.1960 -9.2628 26.6211 -0.3585 -3.1053 -12.8829 -0.2260 -3.0597 8.4450 1.5390 -0.7572 10.0208 0.0136 -0.9773 2.3575 -0.7259 -0.5515 -3.1885 -8.5972 -4.3681 -9.2937 13.9676 -7.6702 16.0224 5.2694 -3.3231 7.2912 -0.0000 0.0000 0.0000 -82.5642 -18.4074 45.1881 27.3405 -38.5020 -9.7104 -0.0000 0.0000 -21.7722 28.8506 32.9929 16.6986 -7.1250 0.0000 -0.0000 -4.6086 66.4727 -2.3880 -0.0000 0.0000 0.0000 64.0202 34.2656 1.2714 -62.9325 57.0420 -36.7917 0.0000 -0.0000 -0.6348 -43.0287 -8.1717 7.5579 7.1250 -0.0000 -0.0000 -14.3018 -40.6714 -1.5628
4.3454 18.6884 5.6978 180.1890 -38.1008 -181.6530 0.0000 0.0000 0.0000 -7.5939 -4.3146 -38.4782 21.2516 19.9624 93.6616 0.1729 -3.5074 -7.4256 1.1034 -6.6745 -18.7545 0.0000 0.0000 0.0000 28.3081 23.0807 -3.5742 -2.1859 -9.2431 26.5587 -0.3574 -2.2494 -12.3432 -0.1524 -2.5153 6.9320 1.5236 -0.5184 10.8889 -0.1022 -0.6724 2.4650 -0.8681 -0.4107 -3.5492 -8.7146 -4.3221 -9.5306 13.8504 -7.5971 16.3389 5.2594 -3.2914 7.4261 0.0000 -0.0000 0.0000 -82.3087 -19.1175 45.5138 28.9998 -40.0205 -10.7606 -0.0000 0.0000 -23.0607 28.5875 32.4176 16.2847 -7.1250 0.0000 -0.0000 -4.5697 65.8010 -2.2971 0.0000 -0.0000 0.0000 65.2287 35.4829 1.9453 -62.1853 56.8647 -36.1653 0.0000 -0.0000 -1.7429 -42.7546 -8.2604 7.5663 7.1250 -0.0000 -0.0000 -14.0691 -40.7548 -1.5066
4.2641 18.7184 5.6501 179.3720 -36.1520 -181.3450 0.0000 0.0000 0.0000 -6.8173 -5.7655 -43.4099 22.9356 19.7921 98.6117 0.1911 -5.4518 -8.1141 1.2132 -6.9872 -19.6775 0.0000 0.0000 0.0000 27.8847 23.7215 -2.6452 -2.1663 -9.2042 26.4362 -0.3786 -1.3633 -12.1990 -0.1811 -2.7414 7.5595 1.1193 -0.4635 11.4617 -0.3576 -0.6661 2.5568 -0.9020 -0.4127 -3.7679 -8.5122 -3.9635 -9.6768 13.5746 -7.0793 16.4647 5.1865 -3.0452 7.4103 -0.0000 0.0000 0.0000 -81.7187 -20.0060 45.5150 30.8754 -41.6320 -11.9870 -0.0000 0.0000 -24.4031 27.7298 31.5481 15.3784 -7.1250 0.0000 -0.0000 -5.1154 64.6565 -2.4365 -0.0000 0.0000 0.0000 66.3738 36.4208 3.2942 -61.5281 56.7036 -35.6155 0.0000 -0.0000 -1.5661 -41.3393 -8.0743 7.0441 7.1250 -0.0000 -0.0000 -12.7672 -40.3507 -1.4913
4.1931 18.7288 5.6420 178.9970 -33.6963 -181.0410 0.0000 0.0000 0.0000 -5.7464 -6.3354 -48.9875 24.3781 19.5341 102.8970 0.1948 -7.1295 -8.6857 1.3837 -7.4431 -21.0350 0.0000 0.0000 0.0000 27.5035 24.4177 -2.6040 -2.2136 -9.2975 26.7305 -0.3831 0.2305 -11.6135 -0.2106 -2.9544 8.1518 1.1209 -0.2274 11.9244 -0.5743 -0.3766 2.6562 -1.1687 -0.2782 -3.9129 -8.4260 -3.7645 -9.7843 13.4801 -6.7639 16.3268 5.1693 -2.8918 7.3405 -0.0000 0.0000 0.0000 -80.9003 -21.3720 45.5165 32.8567 -43.2196 -13.3238 -0.0000 0.0000 -25.3933 26.7642 30.4240 14.3272 -7.1250 0.0000 -0.0000 -5.6386 63.2280 -2.4984 -0.0000 0.0000 0.0000 67.2139 37.2522 4.8801 -60.5522 56.4553 -34.8009 0.0000 -0.0000 -0.3708 -41.4422 -7.1886 6.3048 7.1250 -0.0000 -0.0000 -12.7347 -39.2210 -1.8485
4.1280 18.7416 5.6328 178.3260 -32.0897 -180.7870 0.0000 0.0000 0.0000 -5.3127 -7.6257 -53.9723 25.3651 19.2954 105.8657 0.1606 -8.7695 -8.8318 1.3744 -7.4190 -20.9626 0.0000 0.0000 0.0000 27.0656 25.4096 -1.9394 -2.2273 -9.3242 26.8149 -0.3630 0.5916 -11.1875 -0.1793 -2.7277 7.5215 0.7779 -0.2603 12.6512 -0.8628 -0.4958 2.7401 -1.2547 -0.3460 -4.2279 -8.2343 -3.5713 -9.8478 13.2812 -6.4608 16.2009 5.0975 -2.7478 7.2620 0.0000 -0.0000 0.0000 -79.8816 -23.0238 45.1900 34.7423 -44.6272 -14.6320 -0.0000 0.0000 -26.1486 24.2713 28.9517 12.3132 -7.1250 0.0000 -0.0000 -7.7531 61.0655 -3.0447 0.0000 -0.0000 0.0000 68.1118 37.7255 6.9310 -59.4555 56.1631 -33.8884 0.0000 0.0000 1.6793 -42.8446 -6.4402 5.9391 7.1250 -0.0000 -0.0000 -13.8474 -38.3799 -2.3104
4.0565 18.7592 5.6238 177.7820 -30.7235 -180.5710 0.0000 0.0000 0.0000 -5.2007 -9.1086 -58.6386 25.9681 19.1237 107.6982 0.1426 -10.3137 -9.3449 1.5637 -7.8912 -22.3841 0.0000 0.0000 0.0000 26.6305 26.1831 -1.3788 -2.2315 -9.3325 26.8411 -0.3671 1.0966 -11.1140 -0.2080 -2.9366 8.1024 0.4461 -0.3325 13.1460 -1.0644 -0.6681 2.8579 -1.2471 -0.4383 -4.3796 -8.0160 -3.3892 -9.7727 13.0093 -6.1530 15.9492 4.9959 -2.6104 7.1161 -0.0000 0.0000 0.0000 -79.0175 -25.0972 44.4651 36.3633 -45.7614 -15.7822 -0.0000 0.0000 -26.4818 22.5815 27.0333 10.7038 -7.1250 0.0000 -0.0000 -8.6416 58.6973 -2.9077 -0.0000 0.0000 0.0000 68.7664 38.1140 9.1085 -58.9631 56.0272 -33.4798 0.0000 0.0000 2.6156 -44.0285 -6.6970 6.4317 7.1250 -0.0000 -0.0000 -14.9276 -38.8328 -2.3292
3.9821 18.7708 5.6314 177.6400 -29.1911 -180.5190 0.0000 0.0000 0.0000 -5.0941 -10.1025 -62.9609 26.2519 19.0359 108.5662 0.1660 -12.1348 -10.6305 1.5509 -7.8603 -22.2905 0.0000 0.0000 0.0000 26.5913 27.4476 -0.6192 -2.2003 -9.2714 26.6480 -0.3658 1.2326 -11.0596 -0.2203 -3.0215 8.3387 0.5595 -0.2614 13.5278 -1.1522 -0.5853 3.0006 -1.4150 -0.4085 -4.4382 -8.0363 -3.3383 -9.5369 12.6964 -5.9560 15.5207 4.9099 -2.5452 6.9053 0.0000 0.0000 0.0000 -78.3485 -27.5820 43.9450 37.6410 -46.6085 -16.7042 -0.0000 0.0000 -26.7606 23.2426 26.9718 11.0227 -7.1250 0.0000 -0.0000 -7.8830 58.7865 -2.6672 0.0000 0.0000 0.0000 68.9269 38.6846 10.3366 -58.9424 56.0215 -33.4626 0.0000 0.0000 3.1235 -44.2114 -6.3384 6.1302 7.1250 -0.0000 -0.0000 -15.0191 -38.3720 -2.5194
3.9039 18.7966 5.6355 177.9000 -27.5100 -180.7710 0.0000 0.0000 0.0000 -4.9018 -10.9398 -66.1975 26.2193 19.0462 108.4663 0.2640 -12.6406 -12.0052 1.4542 -7.6223 -21.5725 0.0000 0.0000 0.0000 27.2105 29.1940 0.9050 -2.0853 -9.0415 25.9251 -0.3889 0.9379 -11.4897 -0.2920 -3.4750 9.6042 1.0134 -0.1924 14.0479 -1.1097 -0.4392 3.0133 -1.6509 -0.3486 -4.7064 -7.9661 -3.1390 -9.2680 12.2201 -5.5874 15.3769 4.7752 -2.4048 6.7539 0.0000 0.0000 0.0000 -77.7482 -29.8891 43.3596 38.7187 -47.2922 -17.4918 -0.0000 0.0000 -27.1905 23.0539 26.3622 10.7015 -7.1250 0.0000 -0.0000 -7.7991 58.1165 -2.5129 0.0000 0.0000 0.0000 69.3878 39.3251 11.5859 -58.9058 56.0112 -33.4322 0.0000 0.0000 3.2169 -43.9171 -6.3097 6.0409 7.1250 -0.0000 -0.0000 -14.7575 -38.3061 -2.4977
3.8125 18.7793 5.6233 177.5910 -26.1710 -180.7620 0.0000 0.0000 0.0000 -5.4734 -11.9561 -68.7143 25.9619 19.1255 107.6793 0.2381 -14.5196 -12.7318 1.4317 -7.5655 -21.4019 0.0000 0.0000 0.0000 26.2109 27.6257 0.1008 -2.1323 -9.1364 26.2231 -0.3533 3.7264 -10.5674 -0.2195 -3.0160 8.3232 0.8560 -0.1453 14.3580 -1.1486 -0.4116 3.0112 -1.6068 -0.3389 -4.8764 -7.7611 -2.8841 -9.2505 11.5855 -5.1736 15.6238 4.5721 -2.2365 6.7618 0.0000 -0.0000 0.0000 -77.1385 -32.0227 42.8272 40.0131 -48.0777 -18.4490 -0.0000 0.0000 -27.5798 23.8114 26.8479 11.2712 -7.1250 0.0000 -0.0000 -7.1939 58.7903 -2.4331 0.0000 -0.0000 0.0000 69.9419 39.7313 12.7392 -58.8441 55.9940 -33.3811 0.0000 0.0000 3.0333 -43.2810 -5.9136 5.5418 7.1250 -0.0000 -0.0000 -14.1350 -37.7236 -2.5944
3.7312 18.7897 5.5998 177.8860 -24.7153 -180.8990 0.0000 0.0000 0.0000 -5.5659 -12.7290 -70.1308 25.3282 19.3053 105.7539 0.1328 -16.3739 -12.8093 1.4362 -7.5769 -21.4362 0.0000 0.0000 0.0000 26.3540 27.7153 0.5344 -2.0609 -8.9917 25.7694 -0.3305 4.7816 -10.2688 -0.2592 -3.2754 9.0465 1.1521 -0.0460 14.3736 -1.0506 -0.2355 3.0388 -1.7034 -0.2574 -4.8496 -7.3148 -2.6328 -9.2759 10.8783 -4.7604 15.6799 4.3009 -2.0583 6.7145 0.0000 0.0000 0.0000 -76.3040 -34.1881 42.3584 41.3294 -48.8381 -19.4342 -0.0000 0.0000 -28.4600 25.3009 26.3068 11.8322 -7.1250 0.0000 -0.0000 -5.2928 58.5729 -1.7598 0.0000 0.0000 0.0000 70.5855 40.4071 13.4496 -58.2065 55.8128 -32.8531 0.0000 0.0000 3.0833 -43.4453 -5.2766 4.9781 7.1250 -0.0000 -0.0000 -14.1630 -36.8917 -2.8964
3.6410 18.8025 5.5688 177.8870 -23.7036 -181.0070 0.0000 0.0000 0.0000 -6.0493 -13.9308 -70.3066 24.5301 19.5007 103.3518 -0.0159 -17.5255 -12.1692 1.3194 -7.2752 -20.5331 0.0000 0.0000 0.0000 26.1481 27.4700 1.0009 -1.9972 -8.8603 25.3594 -0.2939 5.8117 -9.8618 -0.2755 -3.3761 9.3278 1.1152 -0.1059 14.4550 -0.9517 -0.3223 3.0845 -1.5622 -0.3024 -4.8484 -7.7143 -2.4863 -9.3620 11.0090 -4.4897 15.5781 4.4358 -1.9358 6.6814 0.0000 -0.0000 0.0000 -75.3863 -36.5325 41.8163 42.1704 -49.3045 -20.0697 -0.0000 0.0000 -29.0963 26.6291 26.4320 12.5816 -7.1250 0.0000 -0.0000 -3.8512 59.0163 -1.3203 0.0000 -0.0000 0.0000 71.3469 40.9769 14.3238 -57.6428 55.6484 -32.3872 0.0000 0.0000 2.9920 -43.2657 -4.4715 4.1969 7.1250 -0.0000 -0.0000 -13.8688 -35.8097 -3.2099
3.5613 18.8121 5.5227 178.0550 -22.8392 -181.0020 0.0000 0.0000 0.0000 -6.1943 -15.1749 -70.1028 23.6364 19.6800 100.6869 -0.2911 -17.4348 -9.2545 1.0759 -6.5933 -18.5161 0.0000 0.0000 0.0000 26.2361 27.6337 1.6217 -1.9045 -8.6642 24.7505 -0.2686 6.3178 -9.5885 -0.2670 -3.3242 9.1826 1.0414 -0.1771 14.2697 -0.8461 -0.4195 3.0659 -1.3919 -0.3470 -4.7694 -7.8425 -2.3572 -9.5016 11.0784 -4.2783 15.4943 4.4983 -1.8304 6.6619 -0.0000 -0.0000 0.0000 -74.1555 -38.3849 40.8664 43.2757 -49.8952 -20.9114 -0.0000 0.0000 -29.3786 26.3884 26.2088 12.3595 -7.1250 0.0000 -0.0000 -4.0324 58.7237 -1.3543 -0.0000 -0.0000 0.0000 72.4145 41.2652 15.0045 -57.2971 55.5456 -32.1020 0.0000 0.0000 2.8942 -42.7577 -3.7681 3.4774 7.1250 -0.0000 -0.0000 -13.3253 -34.8498 -3.3978
3.4770 18.8299 5.4618 178.0290 -22.1654 -181.0600 0.0000 0.0000 0.0000 -6.6572 -16.1542 -68.9294 22.6797 19.8270 97.8567 -0.7761 -17.4379 -2.3668 0.4721 -4.4066 -12.2233 0.0000 0.0000 0.0000 26.1111 27.3605 2.3523 -1.7959 -8.4273 24.0196 -0.2437 7.0813 -9.4219 -0.3368 -3.7295 10.3169 0.8979 -0.2260 14.3259 -0.8536 -0.5002 2.9681 -1.3036 -0.3840 -4.9051 -8.3291 -2.5413 -9.6703 11.5806 -4.5497 15.5559 4.7233 -1.9501 6.7605 0.0000 0.0000 0.0000 -72.9808 -41.1529 40.2927 42.8760 -49.6845 -20.6061 -0.0000 0.0000 -30.1087 26.3213 26.3797 12.3965 -7.1250 0.0000 -0.0000 -4.1779 58.8883 -1.4198 0.0000 0.0000 0.0000 73.4543 41.1413 15.3008 -57.2985 55.5460 -32.1032 0.0000 0.0000 2.9447 -41.9898 -1.9643 1.7671 7.1250 -0.0000 -0.0000 -12.4060 -32.4472 -3.8925
3.3900 18.8496 5.3938 178.5330 -21.5974 -181.0770 0.0000 0.0000 0.0000 -6.3725 -16.8847 -67.8057 22.4424 19.8564 97.1576 -0.7236 -17.9355 -4.1440 0.4002 -4.0618 -11.2507 0.0000 0.0000 0.0000 26.4213 27.1793 2.9051 -1.6626 -8.1248 23.0937 -0.2260 7.4341 -9.2709 -0.3851 -3.9852 11.0349 1.1406 -0.2033 13.9854 -0.7445 -0.4209 2.9308 -1.3420 -0.3427 -4.7564 -8.6598 -2.9608 -10.0628 11.9133 -5.1071 15.5550 4.8354 -2.1980 6.9083 0.0000 0.0000 0.0000 -72.0957 -44.0817 39.8977 42.4427 -49.4523 -20.2763 -0.0000 0.0000 -31.1228 26.2617 26.2214 12.2983 -7.1250 0.0000 -0.0000 -4.1804 58.7073 -1.4025 0.0000 0.0000 0.0000 74.1934 40.8189 15.1118 -57.7657 55.6845 -32.4887 0.0000 0.0000 2.7659 -40.7326 -0.5036 0.4336 7.1250 -0.0000 -0.0000 -11.1890 -30.5355 -4.0209
3.2943 18.8782 5.3179 178.6390 -20.7741 -180.8790 0.0000 0.0000 0.0000 -6.2944 -16.9127 -66.7355 22.6632 19.8291 97.8080 -0.7353 -19.1481 -5.7386 0.6738 -5.2491 -14.6204 0.0000 0.0000 0.0000 26.3811 27.4149 3.7104 -1.5210 -7.7876 22.0708 -0.1914 7.7944 -8.8800 -0.4373 -4.2433 11.7622 1.1614 -0.1424 13.4922 -0.7893 -0.3458 3.0280 -1.4153 -0.3036 -4.3825 -8.8100 -3.2394 -10.2931 11.5113 -5.2703 15.0403 4.7023 -2.2908 6.7992 -0.0000 -0.0000 0.0000 -70.8158 -47.3021 38.8006 41.6328 -49.0081 -19.6629 -0.0000 0.0000 -31.7552 25.9700 25.5813 11.8773 -7.1250 0.0000 -0.0000 -4.2511 57.9640 -1.3503 -0.0000 -0.0000 0.0000 75.0036 40.6489 15.1772 -58.7267 55.9610 -33.2838 0.0000 0.0000 2.5460 -40.5841 0.6483 -0.5553 7.1250 -0.0000 -0.0000 -10.9063 -29.0475 -4.3103
3.2163 18.9134 5.2634 178.1210 -20.2945 -180.3980 0.0000 0.0000 0.0000 -7.0408 -16.9467 -66.0656 22.6427 19.8317 97.7475 -0.7030 -19.4498 -6.5559 0.7370 -5.4846 -15.2962 0.0000 0.0000 0.0000 25.4868 27.2687 3.5939 -1.4914 -7.7149 21.8515 -0.1439 8.3519 -8.3830 -0.4047 -4.0839 11.3128 0.2003 -0.1809 13.7841 -0.8024 -0.5266 2.8561 -0.8529 -0.3814 -4.7228 -9.2445 -3.2904 -10.6163 11.7071 -5.1978 14.6092 4.8410 -2.2452 6.7287 0.0000 -0.0000 0.0000 -68.7942 -49.8750 37.9599 41.7132 -49.0528 -19.7236 -0.0000 0.0000 -34.4851 26.7326 25.0733 12.0484 -7.1250 0.0000 -0.0000 -3.2139 57.5992 -0.9921 0.0000 -0.0000 0.0000 75.7369 40.2992 15.6158 -59.7292 56.2373 -34.1158 0.0000 0.0000 2.2906 -40.0252 0.6606 -0.5548 7.1250 -0.0000 -0.0000 -10.4742 -29.0450 -4.1347
3.1430 18.9434 5.2280 178.0190 -19.9784 -179.9060 0.0000 0.0000 0.0000 -7.2435 -16.8097 -66.5836 22.6233 19.8342 97.6903 -0.7038 -19.3577 -6.4275 0.3226 -3.6510 -10.0968 0.0000 0.0000 0.0000 24.8199 26.8494 3.0563 -1.4712 -7.6648 21.7005 -0.0936 8.9633 -7.8953 -0.4377 -4.2454 11.7682 -0.1713 -0.3947 14.0983 -0.8524 -0.8746 2.8317 -0.6305 -0.5510 -4.9224 -9.2781 -3.1802 -11.2641 11.5889 -4.8759 14.1561 4.8293 -2.0655 6.6625 -0.0000 0.0000 0.0000 -67.2205 -52.7280 35.9285 41.3163 -48.8307 -19.4244 -0.0000 0.0000 -35.9032 24.2104 24.8701 10.7082 -7.1250 0.0000 -0.0000 -5.8977 56.8247 -1.7132 -0.0000 0.0000 0.0000 76.0623 40.5461 16.1851 -60.5343 56.4506 -34.7861 0.0000 0.0000 1.4228 -39.4106 0.6346 -0.5214 7.1250 -0.0000 -0.0000 -10.0041 -29.0924 -3.9323
3.0832 18.9698 5.2003 178.3400 -19.3281 -179.8480 0.0000 0.0000 0.0000 -7.1075 -15.4473 -68.0211 22.9714 19.7870 98.7175 -0.6821 -18.2822 -5.2820 0.0225 -0.9682 -2.6614 0.0000 0.0000 0.0000 25.0302 27.0645 3.3898 -1.3871 -7.4519 21.0613 -0.0533 8.7989 -7.1318 -0.5308 -4.6687 12.9659 -0.6340 -0.4088 14.8380 -0.5740 -0.9796 2.9517 -0.0481 -0.6051 -5.1890 -9.6781 -3.0016 -11.5896 11.7371 -4.4327 13.3615 4.9779 -1.8382 6.4319 0.0000 0.0000 0.0000 -65.1837 -55.3042 33.6569 41.6437 -49.0141 -19.6712 -0.0000 0.0000 -36.3000 21.2729 25.6178 9.5554 -7.1250 0.0000 -0.0000 -9.3721 56.9624 -2.7638 0.0000 0.0000 0.0000 76.0340 40.6271 16.9095 -61.7423 56.7566 -35.7946 0.0000 0.0000 0.8684 -40.8048 0.7771 -0.6709 7.1250 -0.0000 -0.0000 -11.0569 -28.8751 -4.4180
3.0128 18.9862 5.1926 178.4500 -18.4978 -179.8930 0.0000 0.0000 0.0000 -7.6451 -13.6218 -69.8569 23.5278 19.6990 100.3644 -0.5469 -16.5698 -4.9531 0.0417 1.3181 3.6245 0.0000 0.0000 0.0000 24.7728 26.7327 3.0819 -1.4117 -7.5148 21.2498 0.0273 9.6894 -6.3116 -0.6020 -4.9667 13.8135 -0.9002 -0.3546 15.7135 -0.7703 -1.0161 3.1442 -0.0859 -0.6379 -5.4615 -9.2117 -2.8109 -11.5681 11.7087 -4.1982 12.8514 4.9039 -1.7053 6.2314 0.0000 -0.0000 0.0000 -62.9948 -57.8280 31.9046 41.8153 -49.1093 -19.8008 -0.0000 0.0000 -37.5453 20.7763 25.0249 9.1175 -7.1250 0.0000 -0.0000 -9.6245 56.2536 -2.6737 0.0000 -0.0000 0.0000 76.1596 40.4609 17.5039 -63.5630 57.1869 -37.3211 0.0000 -0.0000 -0.1342 -41.3737 0.2382 -0.2098 7.1250 -0.0000 -0.0000 -11.5765 -29.5632 -4.4398
2.9220 19.0122 5.1761 178.6210 -17.0536 -180.0380 0.0000 0.0000 0.0000 -8.4481 -11.1076 -71.1370 23.9009 19.6312 101.4732 -0.2218 -13.9982 -6.9123 0.0951 1.9890 5.4753 0.0000 0.0000 0.0000 24.5509 26.3308 2.9072 -1.4315 -7.5652 21.4011 0.1514 10.8891 -5.0290 -0.5826 -4.8874 13.5876 -1.1075 -0.2183 16.2935 -0.8618 -0.9280 3.3574 -0.0762 -0.6108 -5.5489 -9.1922 -2.6580 -11.4845 11.5036 -3.9898 13.0821 4.8561 -1.6208 6.2605 -0.0000 0.0000 0.0000 -61.2893 -59.6537 29.9326 42.0023 -49.2125 -19.9423 -0.0000 0.0000 -39.2435 20.4309 25.2949 9.0436 -7.1250 0.0000 -0.0000 -10.1127 56.4557 -2.8609 -0.0000 0.0000 0.0000 76.2473 40.5878 18.3584 -64.7860 57.4559 -38.3505 0.0000 -0.0000 -1.3609 -41.0673 0.1442 -0.1256 7.1250 -0.0000 -0.0000 -11.3538 -29.6912 -4.3159
2.8151 19.0238 5.1477 179.3530 -15.4525 -180.1970 0.0000 0.0000 0.0000 -8.0369 -9.2077 -71.9390 23.9763 19.6166 101.6977 -0.1911 -14.0582 -7.4096 0.1520 2.5121 6.9233 0.0000 0.0000 0.0000 24.9372 26.3595 2.7668 -1.4401 -7.5869 21.4664 0.2634 11.8320 -3.8036 -0.5845 -4.8952 13.6098 -0.8583 -0.0764 16.7009 -0.6836 -0.7252 3.5362 -0.0668 -0.5289 -5.5801 -9.3247 -2.3980 -12.2080 11.0635 -3.5868 14.2595 4.7894 -1.4421 6.7071 0.0000 0.0000 0.0000 -60.9270 -61.0859 28.5207 42.2155 -49.3291 -20.1038 -0.0000 0.0000 -40.6814 20.2903 25.8120 9.1452 -7.1250 0.0000 -0.0000 -10.5085 56.9492 -3.1004 0.0000 0.0000 0.0000 75.9691 40.7899 19.2140 -65.4147 57.5882 -38.8809 0.0000 -0.0000 -2.4590 -40.5294 0.2759 -0.2359 7.1250 -0.0000 -0.0000 -10.9180 -29.5298 -4.1874
2.6938 19.0655 5.1245 179.0290 -14.6074 -180.0350 0.0000 0.0000 0.0000 -8.6120 -9.4220 -71.3029 23.4920 19.7051 100.2583 -0.2712 -14.3004 -6.4813 0.1385 2.3984 6.6081 0.0000 0.0000 0.0000 24.2186 26.6209 2.8484 -1.4310 -7.5638 21.3968 0.3172 12.0487 -2.8807 -0.5789 -4.8722 13.5445 -1.3415 -0.1734 17.2567 -0.8051 -0.9696 3.4543 0.1382 -0.6441 -5.9621 -9.4604 -2.2213 -11.8742 10.6472 -3.3181 14.6624 4.7067 -1.3661 6.7412 0.0000 0.0000 0.0000 -61.3178 -61.3009 27.8709 43.0017 -49.7511 -20.7020 -0.0000 0.0000 -40.0723 21.3217 26.5876 9.9092 -7.1250 0.0000 -0.0000 -9.7898 57.9590 -3.1244 0.0000 0.0000 0.0000 75.5586 40.7883 20.2903 -65.4734 57.6003 -38.9305 0.0000 -0.0000 -3.3772 -40.6008 0.5505 -0.4718 7.1250 -0.0000 -0.0000 -10.9333 -29.1735 -4.2879
2.5569 19.0966 5.0961 179.3570 -13.8882 -179.6910 0.0000 0.0000 0.0000 -8.2513 -10.0787 -70.3106 22.9502 19.7900 98.6548 -0.3429 -14.5803 -5.6792 0.0099 0.6422 1.7649 0.0000 0.0000 0.0000 24.0358 27.0305 2.2945 -1.4903 -7.7123 21.8435 0.3449 12.0710 -2.2196 -0.5417 -4.7154 13.0985 -0.7314 -0.4208 17.3363 -1.0789 -1.2167 3.4860 -0.4433 -0.7811 -5.9859 -9.0514 -2.0075 -11.6688 10.4441 -3.0510 14.3318 4.5892 -1.2351 6.5623 -0.0000 0.0000 0.0000 -61.4121 -62.2650 26.7452 43.1273 -49.8173 -20.7979 -0.0000 0.0000 -39.5361 20.9998 27.2624 9.9726 -7.1250 0.0000 -0.0000 -10.4879 58.5692 -3.5046 -0.0000 0.0000 0.0000 75.5275 40.6045 20.8926 -66.2205 57.7517 -39.5618 0.0000 -0.0000 -3.9510 -39.8790 1.5014 -1.2541 7.1250 -0.0000 -0.0000 -10.2451 -27.9709 -4.3067
2.4095 19.1294 5.0706 179.1100 -13.1256 -179.5280 0.0000 0.0000 0.0000 -8.8695 -10.6476 -68.1418 22.4786 19.8521 97.2641 -0.1484 -15.4401 -9.1624 0.2263 -3.0622 -8.4521 0.0000 0.0000 0.0000 23.6000 28.0599 2.1424 -1.6159 -8.0154 22.7610 0.3362 11.8321 -2.0414 -0.4280 -4.1984 11.6355 -0.3209 -0.5537 17.6817 -1.7084 -1.4174 3.7309 -1.2970 -0.9127 -5.9362 -8.9531 -2.0155 -11.9069 11.0690 -3.1542 14.0604 4.7654 -1.2292 6.5372 -0.0000 0.0000 0.0000 -61.4511 -63.0668 25.9579 43.3606 -49.9396 -20.9764 -0.0000 0.0000 -39.9546 20.9244 26.8779 9.8071 -7.1250 0.0000 -0.0000 -10.3670 58.1642 -3.3625 -0.0000 0.0000 0.0000 75.8016 40.4113 21.3121 -67.8155 58.0562 -40.9130 0.0000 -0.0000 -4.6916 -40.2783 0.8351 -0.7076 7.1250 -0.0000 -0.0000 -10.6443 -28.8142 -4.2634
2.2516 19.1454 5.0361 179.0630 -12.1796 -179.3030 0.0000 0.0000 0.0000 -9.6524 -10.7201 -66.6591 22.1757 19.8861 96.3731 0.1325 -15.6847 -12.3728 0.3658 -3.8853 -10.7542 0.0000 0.0000 0.0000 23.4076 29.1600 1.9355 -1.7718 -8.3737 23.8550 0.3259 11.5998 -1.9170 -0.1860 -2.7778 7.6607 0.3919 -0.6309 17.7978 -2.2965 -1.4805 3.9879 -2.3144 -0.9787 -5.7557 -8.5722 -1.9829 -11.8001 11.2108 -3.1349 13.2970 4.7360 -1.1922 6.2735 -0.0000 -0.0000 0.0000 -60.8901 -64.0186 25.0352 43.1622 -49.8357 -20.8246 -0.0000 0.0000 -41.3692 20.0585 26.4545 9.2388 -7.1250 0.0000 -0.0000 -11.0769 57.5466 -3.4311 -0.0000 -0.0000 0.0000 76.3520 40.0016 21.4539 -70.0765 58.4457 -42.8358 0.0000 -0.0000 -5.2630 -40.2631 0.5706 -0.4833 7.1250 -0.0000 -0.0000 -10.6703 -29.1552 -4.1861
2.1090 19.1944 5.0183 178.5650 -11.5564 -178.8650 0.0000 0.0000 0.0000 -11.0775 -10.6941 -66.4708 22.0245 19.9014 95.9285 0.3162 -14.4969 -13.4811 0.3576 -3.8419 -10.6324 0.0000 0.0000 0.0000 22.5245 30.2252 1.6250 -1.8881 -8.6289 24.6412 0.3087 11.0617 -1.4359 -0.2312 -3.0946 8.5422 0.5006 -0.7978 18.1176 -2.8158 -1.7646 4.1092 -2.8629 -1.1413 -5.8292 -8.3932 -1.8672 -11.6047 11.0614 -2.9332 12.7302 4.6655 -1.0994 6.0364 -0.0000 -0.0000 0.0000 -59.7477 -64.3930 23.5816 43.5800 -50.0535 -21.1444 -0.0000 0.0000 -42.2043 19.0639 28.7542 9.4385 -7.1250 0.0000 -0.0000 -13.4565 59.6109 -4.8541 -0.0000 -0.0000 0.0000 77.0730 40.0371 21.7058 -71.2075 58.6226 -43.8005 0.0000 -0.0000 -5.3664 -40.3115 0.2715 -0.2303 7.1250 -0.0000 -0.0000 -10.7501 -29.5395 -4.1183
1.9639 19.2602 5.0021 178.3320 -10.8221 -178.5210 0.0000 0.0000 0.0000 -12.2365 -10.0834 -66.8485 22.0646 19.8975 96.0464 0.3906 -13.0032 -13.4845 0.4724 -4.4083 -12.2284 0.0000 0.0000 0.0000 21.7277 30.7565 1.1484 -1.9423 -8.7448 25.0002 0.3299 10.9509 -0.4501 -0.1730 -2.6793 7.3870 0.7785 -0.8817 18.6317 -3.2430 -1.9096 4.2400 -3.4400 -1.2409 -5.9936 -7.7211 -1.6484 -11.6057 10.5673 -2.6006 12.0755 4.4096 -0.9367 5.7845 -0.0000 0.0000 0.0000 -58.7203 -64.5204 22.6209 44.7702 -50.6554 -22.0609 -0.0000 0.0000 -42.4330 20.5371 30.4044 10.7357 -7.1250 0.0000 -0.0000 -12.9097 61.5931 -5.2625 -0.0000 0.0000 0.0000 77.8114 39.9561 21.8366 -72.6173 58.8269 -45.0055 0.0000 -0.0000 -5.1298 -40.3822 0.1840 -0.1565 7.1250 -0.0000 -0.0000 -10.8172 -29.6512 -4.1156
1.8103 19.3417 4.9773 178.2040 -10.0378 -178.0540 0.0000 0.0000 0.0000 -12.8022 -9.6200 -67.1092 21.9961 19.9042 95.8452 0.3076 -13.0033 -12.6459 0.4547 -4.3261 -11.9959 0.0000 0.0000 0.0000 20.9273 31.4241 0.6505 -1.9641 -8.7908 25.1432 0.3448 10.6818 1.0745 -0.1547 -2.5341 6.9842 1.2145 -0.8504 19.0266 -3.6193 -1.8295 4.1004 -4.1122 -1.2213 -6.3725 -6.9440 -1.5399 -11.0624 9.9616 -2.5068 11.7921 4.0856 -0.9141 5.5779 0.0000 0.0000 0.0000 -59.5363 -63.7647 24.0034 47.5183 -51.9442 -24.2059 -0.0000 0.0000 -41.7675 23.3608 32.7337 13.1463 -7.1250 0.0000 -0.0000 -11.3356 64.6404 -5.4213 0.0000 0.0000 0.0000 78.2787 39.2538 21.3202 -74.0663 59.0186 -46.2465 0.0000 -0.0000 -5.2272 -39.4394 0.4460 -0.3669 7.1250 -0.0000 -0.0000 -10.0513 -29.3322 -3.8932
1.6600 19.4436 4.9332 177.3200 -9.2408 -177.3380 0.0000 0.0000 0.0000 -14.1083 -9.4746 -66.6933 21.6006 19.9385 94.6844 0.2534 -13.3928 -12.2790 0.4816 -4.4500 -12.3463 0.0000 0.0000 0.0000 19.2288 32.0342 0.0434 -1.9794 -8.8231 25.2435 0.3161 9.9533 2.6471 -0.2034 -2.9042 8.0122 0.2899 -0.8247 19.3781 -3.6988 -1.9976 3.8762 -3.6214 -1.2933 -6.7945 -7.3031 -1.3215 -11.0770 9.7468 -2.0959 11.7560 4.1106 -0.7376 5.5330 -0.0000 0.0000 0.0000 -60.7655 -62.4729 25.1215 50.3131 -53.1210 -26.4244 -0.0000 0.0000 -38.3952 26.9619 33.0656 15.5114 -7.1250 0.0000 -0.0000 -7.1184 65.9946 -3.6149 -0.0000 0.0000 0.0000 78.1595 38.5112 21.4515 -74.7571 59.1036 -46.8390 0.0000 -0.0000 -5.1275 -39.5420 1.5644 -1.2912 7.1250 -0.0000 -0.0000 -9.9801 -27.9026 -4.2085
1.5248 19.5789 4.8480 177.2780 -8.7065 -176.6220 0.0000 0.0000 0.0000 -14.7649 -9.3074 -65.8776 21.0973 19.9711 93.2097 0.3165 -13.7250 -13.0921 0.5985 -4.9524 -13.7730 0.0000 0.0000 0.0000 18.5943 32.6965 -0.4437 -1.9413 -8.7428 24.9940 0.2538 8.9670 4.5345 -0.2160 -2.9918 8.2558 -1.8818 -0.1266 18.1289 -2.1324 -1.3224 4.3703 -0.8776 -0.9135 -5.4716 -8.9055 -1.7396 -11.0625 9.2601 -2.2059 11.0001 4.2059 -0.8664 5.3190 0.0000 0.0000 0.0000 -67.1114 -62.3044 27.8377 53.4512 -54.2960 -28.9541 -0.0000 0.0000 -36.5803 27.2611 34.1831 16.1459 -7.1250 0.0000 -0.0000 -7.5956 67.2157 -4.0711 0.0000 0.0000 0.0000 74.8369 38.2181 19.8157 -75.2634 59.1633 -47.2736 0.0000 -0.0000 -5.6078 -39.4809 1.6816 -1.3848 7.1250 -0.0000 -0.0000 -9.9177 -27.7554 -4.2164
1.3950 19.7616 4.7813 176.6720 -8.1499 -175.8390 0.0000 0.0000 0.0000 -16.3394 -9.2312 -64.8201 20.3660 19.9968 91.0701 0.3847 -13.2091 -13.5194 0.4507 -4.3071 -11.9424 0.0000 0.0000 0.0000 17.2628 33.7975 -1.0153 -1.8969 -8.6479 24.6999 0.0896 7.0518 7.5273 -0.3052 -3.5519 9.8193 -2.6775 0.0243 18.2401 -2.3488 -1.3080 4.3020 -0.6578 -0.9031 -5.5947 -9.1859 -1.9160 -11.1104 9.9089 -2.4434 10.4362 4.4362 -0.9500 5.1873 -0.0000 0.0000 0.0000 -69.8578 -60.9928 29.9217 57.0703 -55.4773 -31.9151 -0.0000 0.0000 -34.8568 29.6760 36.8380 18.8626 -7.1250 0.0000 -0.0000 -6.6510 70.6472 -4.0770 -0.0000 0.0000 0.0000 74.2483 37.1829 19.5837 -74.9647 59.1284 -47.0172 0.0000 -0.0000 -5.4725 -39.7431 1.5136 -1.2582 7.1250 -0.0000 -0.0000 -10.1400 -27.9603 -4.2638
1.2490 20.0155 4.7089 176.6070 -7.3580 -174.9700 0.0000 0.0000 0.0000 -17.3590 -9.1237 -63.5965 19.4367 19.9924 88.3527 0.4843 -12.3861 -14.1430 0.4952 -4.5116 -12.5206 0.0000 0.0000 0.0000 16.0020 34.1131 -2.3978 -1.7923 -8.4194 23.9955 -0.2604 4.2931 12.1934 -0.1381 -2.3953 6.5995 -2.7829 0.1743 18.3016 -2.5015 -1.1467 4.1899 -0.7964 -0.8210 -5.7502 -9.3626 -2.2288 -11.0106 10.3053 -2.8147 9.3887 4.5522 -1.1139 4.8952 -0.0000 0.0000 0.0000 -72.1991 -59.2596 31.8803 61.0566 -56.5850 -35.2217 -0.0000 0.0000 -33.4234 30.8715 37.4149 19.9620 -7.1250 0.0000 -0.0000 -5.4530 71.6227 -3.4589 -0.0000 0.0000 0.0000 74.3573 35.8171 19.3120 -75.2773 59.1649 -47.2855 0.0000 -0.0000 -4.1546 -39.7407 1.7585 -1.4615 7.1250 -0.0000 -0.0000 -10.1043 -27.6469 -4.3243
1.1298 20.2849 4.6275 176.0940 -5.7884 -173.9250 0.0000 0.0000 0.0000 -18.5774 -8.4933 -62.2300 18.3366 19.9335 85.1314 0.5657 -11.9100 -14.7471 0.5685 -4.8289 -13.4212 0.0000 0.0000 0.0000 14.0205 34.2989 -5.1629 -1.8419 -8.5287 24.3320 -0.9120 0.1992 18.1255 -0.2977 -3.5081 9.6967 -3.7706 0.4882 18.0297 -2.8313 -0.9431 4.0212 -0.6363 -0.7128 -5.7799 -9.6266 -2.2099 -10.9525 10.5815 -2.7244 8.6215 4.6844 -1.0640 4.6498 0.0000 0.0000 0.0000 -72.5310 -57.2511 32.3402 64.7777 -57.4542 -38.3435 -0.0000 0.0000 -32.3189 29.4927 36.2913 18.5093 -7.1250 0.0000 -0.0000 -6.3832 70.0379 -3.8257 0.0000 0.0000 0.0000 75.2274 34.7049 19.7347 -74.8283 59.1121 -46.9001 0.0000 -0.0000 -2.9112 -39.4245 2.6942 -2.2131 7.1250 -0.0000 -0.0000 -9.7365 -26.4673 -4.4368
1.0026 20.5750 4.5468 175.9500 -4.3833 -173.6170 0.0000 0.0000 0.0000 -19.5794 -7.6656 -60.2230 17.2063 19.8118 81.8071 0.6006 -11.1475 -14.8318 0.5625 -4.8037 -13.3496 0.0000 0.0000 0.0000 13.0003 32.9058 -8.0978 -2.0852 -9.0413 25.9245 -1.5215 -2.7718 22.5894 -0.3594 -3.8511 10.6581 -4.2711 0.6551 18.1483 -2.9218 -0.8621 4.0561 -0.4667 -0.6805 -5.8035 -9.3656 -2.2112 -11.0622 9.6177 -2.6168 8.5246 4.3400 -1.0457 4.6106 0.0000 0.0000 0.0000 -72.3981 -54.5937 32.2737 68.2003 -58.1259 -41.2397 -0.0000 0.0000 -31.4487 30.3099 36.0778 18.9962 -7.1250 0.0000 -0.0000 -5.0029 70.0855 -3.0022 0.0000 0.0000 0.0000 76.4443 33.5965 20.3176 -72.8078 58.8532 -45.1685 0.0000 -0.0000 -1.8059 -39.5881 4.1884 -3.4562 7.1250 -0.0000 -0.0000 -9.6473 -24.5527 -4.8319
0.9298 20.8438 4.5049 175.7840 -1.5051 -174.0410 0.0000 0.0000 0.0000 -20.7278 -4.9526 -58.3224 16.2029 19.6508 78.8357 0.6211 -10.4976 -14.8408 0.5499 -4.7505 -13.1983 0.0000 0.0000 0.0000 12.7968 31.7833 -10.7744 -2.7555 -10.2883 29.9154 -0.7560 -8.4241 15.7114 -0.0711 -1.7205 4.7340 -5.6158 1.5877 19.2050 -3.0818 -0.0857 4.0891 -0.0607 -0.3163 -6.3526 -9.3609 -2.1371 -10.8137 9.4242 -2.5109 8.4903 4.2856 -1.0094 4.5454 0.0000 0.0000 0.0000 -72.5004 -52.6911 32.3862 70.0387 -58.4396 -42.8036 -0.0000 0.0000 -30.4186 30.9696 36.3117 19.5646 -7.1250 0.0000 -0.0000 -4.2407 70.5374 -2.5870 0.0000 0.0000 0.0000 77.1838 33.6717 21.0913 -70.4036 58.4981 -43.1146 0.0000 -0.0000 -0.8634 -39.8718 4.4684 -3.7234 7.1250 -0.0000 -0.0000 -9.8140 -24.1725 -5.0054
0.8095 21.0863 4.4681 175.7860 -0.9634 -174.4430 0.0000 0.0000 0.0000 -21.5658 -4.7828 -56.1498 15.2951 19.4608 76.1239 0.6635 -9.1309 -14.9287 0.5626 -4.8042 -13.3510 0.0000 0.0000 0.0000 12.6041 28.6769 -14.0121 -3.8623 -11.9748 35.6430 0.1056 -9.1665 4.2636 -0.0138 -0.7575 2.0819 -5.1842 1.4544 20.1967 -3.2406 -0.3250 4.2169 -0.4192 -0.4620 -6.7372 -9.0918 -2.0813 -10.6924 9.0828 -2.4662 8.7771 4.1382 -1.0013 4.6004 0.0000 -0.0000 0.0000 -73.2055 -50.8653 32.3768 71.3900 -58.6501 -43.9563 -0.0000 0.0000 -29.2160 31.3336 36.5548 19.9309 -7.1250 0.0000 -0.0000 -3.9143 70.9045 -2.4196 0.0000 -0.0000 0.0000 78.4043 34.2164 21.6314 -65.5230 57.6105 -38.9724 0.0000 0.0000 0.0661 -40.4709 5.0028 -4.2551 7.1250 -0.0000 -0.0000 -10.1683 -23.4344 -5.3676
0.6970 21.3335 4.4253 175.5800 -0.1781 -173.5970 0.0000 0.0000 0.0000 -22.3791 -5.1890 -55.1060 14.3257 19.2098 73.1966 0.6669 -7.6156 -14.7073 0.6397 -5.1172 -14.2431 0.0000 0.0000 0.0000 11.1497 26.8780 -19.3054 -5.3539 -13.7716 42.3303 0.2329 -8.5246 -2.8109 -0.0001 -0.0714 0.1960 -5.1511 1.3273 19.3328 -3.4450 -0.4180 4.1822 -0.6309 -0.5096 -6.3146 -8.9362 -2.0061 -10.8251 9.0750 -2.4105 9.2083 4.1175 -0.9692 4.7470 -0.0000 -0.0000 0.0000 -74.1760 -49.2857 32.5993 72.3026 -58.7829 -44.7362 -0.0000 0.0000 -28.0783 31.3241 35.6929 19.5486 -7.1250 0.0000 -0.0000 -3.1792 70.0188 -1.9021 -0.0000 -0.0000 0.0000 78.9403 34.1341 22.4531 -63.1997 57.1040 -37.0159 0.0000 0.0000 0.0564 -40.5989 5.4087 -4.6187 7.1250 -0.0000 -0.0000 -10.1973 -22.8995 -5.5108
0.5783 21.6075 4.4039 175.6620 1.0077 -173.9890 0.0000 0.0000 0.0000 -23.2474 -4.6125 -52.8407 13.2966 18.8866 70.0441 0.6654 -5.7778 -14.5367 0.6803 -5.2737 -14.6907 0.0000 0.0000 0.0000 10.3552 25.1301 -23.2635 -6.9445 -15.2850 48.6640 0.2350 -8.6718 -4.6717 -0.0082 0.5830 -1.6019 -5.3424 0.2824 20.2518 -3.4229 -0.0862 4.2205 -0.6764 0.4200 -6.7012 -9.1059 -1.9887 -10.8277 9.0353 -2.3591 9.3024 4.1379 -0.9517 4.7729 0.0000 0.0000 0.0000 -75.7197 -47.5539 32.4529 72.9058 -58.8666 -45.2523 -0.0000 0.0000 -27.0045 31.2020 34.9919 19.1536 -7.1250 0.0000 -0.0000 -2.8002 69.2572 -1.6274 0.0000 0.0000 0.0000 79.1338 34.4709 23.3242 -59.2786 56.1146 -33.7415 0.0000 0.0000 0.1896 -40.7941 6.0635 -5.2086 7.1250 -0.0000 -0.0000 -10.2330 -22.0348 -5.7363
0.4757 21.8798 4.3920 175.3660 2.0872 -173.9730 0.0000 0.0000 0.0000 -24.4508 -4.1525 -51.1542 12.2645 18.5002 66.8247 0.5965 -3.7853 -13.7938 0.7430 -5.5062 -15.3581 0.0000 0.0000 0.0000 8.8475 24.6082 -27.4264 -8.7489 -16.6434 55.2177 0.1470 -7.5332 -6.2501 -0.0302 1.1215 -3.0831 -5.6940 0.2964 20.6097 -3.4562 -0.1789 4.1532 -0.4974 0.3868 -6.9577 -8.7342 -1.8942 -10.5853 8.7041 -2.1567 9.4291 3.9913 -0.8146 4.7464 -0.0000 0.0000 0.0000 -76.7107 -45.6919 31.9934 73.0853 -58.8909 -45.4060 -0.0000 0.0000 -25.9020 31.3997 34.9040 19.2528 -7.1250 0.0000 -0.0000 -2.4460 69.2288 -1.4199 -0.0000 0.0000 0.0000 79.3296 34.7280 24.7188 -55.6735 55.0423 -30.7673 0.0000 0.0000 0.5393 -40.6812 5.9509 -5.0925 7.1250 -0.0000 -0.0000 -10.1706 -22.1924 -5.6630
0.3692 22.1614 4.3335 175.6440 4.4391 -174.4260 0.0000 0.0000 0.0000 -25.0036 -1.8126 -49.3208 11.2818 18.0702 63.6933 0.5362 -2.8652 -13.1483 0.7148 -5.4030 -15.0616 0.0000 0.0000 0.0000 8.2194 24.9444 -30.5133 -10.5130 -17.6884 61.1897 0.0069 -5.8795 -8.1923 -0.0458 1.3807 -3.7971 -5.7519 0.8519 20.4909 -3.4051 0.5757 4.3508 -0.5985 0.7491 -6.7024 -8.6982 -1.8922 -10.4131 8.8069 -2.1890 9.7226 4.0191 -0.8218 4.8112 -0.0000 -0.0000 0.0000 -77.4205 -44.3164 31.6989 72.2015 -58.7685 -44.6498 -0.0000 0.0000 -25.6246 29.6828 33.7147 17.5563 -7.1250 0.0000 -0.0000 -3.9943 67.4668 -2.1601 -0.0000 -0.0000 0.0000 79.1988 35.1917 25.6170 -52.3640 53.9055 -28.0734 0.0000 0.0000 1.4483 -40.3988 4.9235 -4.1775 7.1250 -0.0000 -0.0000 -10.1284 -23.5430 -5.3202
0.2903 22.4131 4.2847 175.7760 5.4279 -174.6520 0.0000 0.0000 0.0000 -25.4593 -0.6828 -47.4613 10.3326 17.5927 60.5944 0.4555 -2.4410 -12.1413 0.8595 -5.9119 -16.5290 0.0000 0.0000 0.0000 7.4752 24.1010 -33.8708 -12.3233 -18.5240 67.0099 -0.1655 -4.8344 -10.9764 -0.1680 2.6409 -7.2806 -5.7659 0.8908 20.5129 -3.3771 0.6174 4.3697 -0.5708 0.7661 -6.6954 -8.6133 -1.8480 -10.2725 9.0444 -2.1808 10.0162 4.0851 -0.7957 4.8784 0.0000 -0.0000 0.0000 -77.5197 -42.7859 31.5029 71.3588 -58.6454 -43.9297 -0.0000 0.0000 -26.3249 30.6405 33.1796 17.9613 -7.1250 0.0000 -0.0000 -2.3195 67.2003 -1.2397 0.0000 -0.0000 0.0000 79.4469 35.3255 27.1158 -48.8270 52.5113 -25.2404 0.0000 0.0000 1.6757 -41.4901 5.7049 -5.0243 7.1250 -0.0000 -0.0000 -10.7871 -22.4224 -5.9604
0.2049 22.6529 4.2349 175.6860 6.1599 -175.0970 0.0000 0.0000 0.0000 -26.1436 0.3333 -45.3361 9.3941 17.0547 57.4432 0.3620 -1.9504 -10.8560 0.8653 -5.9313 -16.5852 0.0000 0.0000 0.0000 6.5273 22.8608 -37.1181 -14.2561 -19.1899 72.9852 -0.3714 -4.7896 -14.2779 -0.2343 3.1152 -8.5997 -5.7354 0.9431 20.7017 -3.3858 0.6800 4.3845 -0.6188 0.7983 -6.7808 -8.2981 -1.8536 -9.7902 8.7494 -2.2283 9.9311 3.9346 -0.8351 4.7688 0.0000 -0.0000 0.0000 -78.3008 -41.2901 31.6506 70.2316 -58.4706 -42.9680 -0.0000 0.0000 -25.6315 30.6909 32.7129 17.7846 -7.1250 0.0000 -0.0000 -1.9575 66.7270 -1.0249 0.0000 -0.0000 0.0000 79.6078 35.5872 28.1101 -45.2882 50.9089 -22.4622 0.0000 0.0000 2.4051 -42.5196 4.8681 -4.4495 7.1250 -0.0000 -0.0000 -11.6658 -23.4116 -6.1950
0.1222 22.9120 4.1921 175.6440 6.8696 -175.6190 0.0000 0.0000 0.0000 -26.7588 1.4598 -42.9947 8.3745 16.3879 53.9005 0.2667 -1.4605 -9.3525 0.8668 -5.9364 -16.6001 0.0000 0.0000 0.0000 5.6375 21.7402 -40.0430 -16.0014 -19.6123 78.2358 -0.5957 -5.0264 -17.2759 -0.2347 3.1178 -8.6070 -5.7098 1.0369 21.0325 -3.3447 0.8076 4.4761 -0.6300 0.8673 -6.8590 -8.2930 -2.0172 -9.7137 8.6884 -2.4474 9.8053 3.8972 -0.9502 4.7362 -0.0000 -0.0000 0.0000 -79.2236 -40.4711 31.8115 67.1359 -57.9295 -40.3368 -0.0000 0.0000 -24.1034 31.4606 31.1633 17.5689 -7.1250 0.0000 -0.0000 -0.0646 65.3150 -0.0317 -0.0000 -0.0000 0.0000 79.5915 35.7979 28.7159 -42.2061 49.3239 -20.0967 0.0000 0.0000 3.2456 -42.8989 3.9741 -3.6848 7.1250 -0.0000 -0.0000 -12.0969 -24.5607 -6.1051
0.0380 23.1605 4.1689 175.3780 6.7360 -176.3940 0.0000 0.0000 0.0000 -27.5469 1.7393 -39.8677 7.2644 15.5505 49.8672 0.1808 -0.6379 -7.8284 0.8810 -5.9835 -16.7366 0.0000 0.0000 0.0000 4.5098 19.7241 -42.9413 -17.7519 -19.8784 83.4141 -0.7371 -4.6267 -18.5474 -0.3291 3.6872 -10.1982 -5.5747 0.8499 21.7194 -3.2961 0.6151 4.7201 -0.6169 0.7967 -6.9448 -8.8525 -2.1522 -9.6432 9.1123 -2.5947 9.5325 4.1117 -1.0222 4.6665 0.0000 -0.0000 0.0000 -80.4920 -40.4222 31.8702 63.0512 -57.0697 -36.8913 -0.0000 0.0000 -23.1462 31.0874 29.3116 16.4452 -7.1250 0.0000 -0.0000 0.2940 63.2281 0.1301 0.0000 -0.0000 0.0000 79.5651 36.1454 29.2936 -39.4469 47.7388 -18.0289 0.0000 0.0000 3.8785 -43.8516 3.4957 -3.3524 7.1250 -0.0000 -0.0000 -12.8766 -25.1205 -6.3457
-0.0393 23.3632 4.1689 175.3230 6.5786 -176.9140 0.0000 0.0000 0.0000 -28.0268 1.7804 -37.2829 6.3199 14.7314 46.2526 0.1040 0.3148 -6.2129 0.9485 -6.2023 -17.3725 0.0000 0.0000 0.0000 3.2332 18.1789 -46.2795 -19.4986 -19.9940 88.5339 -0.8056 -3.5250 -18.5870 -0.4157 4.1387 -11.4673 -5.2005 0.7914 22.4929 -3.1767 0.5834 4.7056 -0.7124 0.7872 -7.3657 -8.9681 -2.2523 -9.4230 9.0316 -2.7135 9.2413 4.0945 -1.0984 4.5522 0.0000 -0.0000 0.0000 -82.2655 -40.3529 32.4232 58.6460 -55.9382 -33.2169 -0.0000 0.0000 -21.8939 31.8916 28.6985 16.6362 -7.1250 0.0000 -0.0000 1.5573 62.7863 0.6728 0.0000 -0.0000 0.0000 79.4336 36.1227 29.0460 -37.3369 46.4106 -16.4836 0.0000 0.0000 4.4615 -44.7024 3.5720 -3.5284 7.1250 -0.0000 -0.0000 -13.4794 -24.9452 -6.7154
-0.1155 23.5716 4.1796 175.1870 5.8636 -177.3700 0.0000 0.0000 0.0000 -28.5558 1.5223 -34.7513 5.5197 13.9462 43.0223 0.0432 1.0722 -4.4781 0.8106 -5.7455 -16.0479 0.0000 0.0000 0.0000 1.6389 16.4465 -49.9702 -21.2312 -19.9636 93.6020 -0.9426 -1.0138 -18.7373 -0.7601 5.5677 -15.5352 -4.6433 0.5198 23.3230 -3.0541 0.3504 4.7950 -0.8484 0.6840 -7.6957 -9.2252 -2.3293 -9.4643 8.8002 -2.7441 8.6800 4.0562 -1.1437 4.3913 0.0000 -0.0000 0.0000 -83.5709 -40.4317 33.1890 55.2553 -54.9070 -30.4248 -0.0000 0.0000 -21.2762 32.2598 25.6657 15.2900 -7.1250 0.0000 -0.0000 2.9556 59.5628 1.0515 0.0000 -0.0000 0.0000 79.2361 36.1216 28.6467 -35.9440 45.4746 -15.4826 0.0000 0.0000 4.6425 -45.1502 2.8694 -2.8809 7.1250 -0.0000 -0.0000 -13.9456 -25.8698 -6.6507
-0.1647 23.7543 4.2155 175.1620 5.6024 -177.8980 0.0000 0.0000 0.0000 -28.8655 1.6710 -32.5350 4.7801 13.1318 39.8638 0.0002 1.9648 -2.8187 0.8282 -5.8062 -16.2230 0.0000 0.0000 0.0000 0.1442 15.5902 -54.0329 -22.9120 -19.7955 98.5420 -1.1832 1.3527 -20.1612 -0.8939 6.0261 -16.8600 -4.4974 0.3884 24.5934 -2.8199 0.2114 4.9054 -0.6615 0.6452 -8.2282 -9.1410 -2.2193 -10.3188 8.1271 -2.4641 8.1322 3.8416 -1.0328 4.3310 -0.0000 0.0000 0.0000 -84.8776 -40.4308 33.1630 53.8686 -54.4414 -29.2934 -0.0000 0.0000 -20.1179 32.8460 25.0764 15.3027 -7.1250 0.0000 -0.0000 3.7976 59.0564 1.3056 -0.0000 0.0000 0.0000 79.0626 36.5239 28.5500 -34.6013 44.5254 -14.5331 0.0000 0.0000 4.7008 -45.3246 3.3461 -3.3784 7.1250 -0.0000 -0.0000 -13.9755 -25.2010 -6.8911
-0.1950 23.9153 4.2599 174.9490 4.9604 -178.1590 0.0000 0.0000 0.0000 -29.3086 1.3320 -30.4818 4.0888 12.2776 36.7212 -0.0282 2.9792 -0.9314 0.7945 -5.6897 -15.8866 0.0000 0.0000 0.0000 -1.2971 14.6459 -58.6366 -24.6031 -19.4842 103.5707 -1.5236 1.9199 -22.8006 -0.8347 5.8282 -16.2866 -4.6836 0.1521 25.4144 -2.6381 -0.1079 5.0832 -0.2686 0.5283 -8.4393 -8.7909 -2.0555 -10.9352 7.5287 -2.1719 7.6358 3.6110 -0.9028 4.2448 -0.0000 -0.0000 0.0000 -85.9683 -39.9554 33.0370 53.6960 -54.3816 -29.1530 -0.0000 0.0000 -19.4973 32.7111 24.1327 14.7131 -7.1250 0.0000 -0.0000 3.8441 57.9716 1.2215 -0.0000 -0.0000 0.0000 78.8376 37.1063 28.5083 -33.5086 43.7173 -13.7723 0.0000 0.0000 4.4947 -44.8156 3.9217 -3.8875 7.1250 -0.0000 -0.0000 -13.4921 -24.4583 -6.8793
-0.2186 24.0627 4.3028 175.0800 4.3706 -178.6070 0.0000 0.0000 0.0000 -29.2911 0.6328 -28.2060 3.5145 11.4847 33.9324 -0.0506 4.4436 0.4672 0.8236 -5.7902 -16.1770 0.0000 0.0000 0.0000 -1.8716 14.0385 -62.7681 -25.9516 -19.1287 107.6477 -1.9552 1.4384 -26.0523 -0.6579 5.1877 -14.4447 -4.5434 -0.0028 26.3332 -2.5364 -0.2180 5.3327 -0.2145 0.5125 -8.6238 -8.1900 -1.9235 -10.9848 7.5188 -2.0393 6.7574 3.5139 -0.8155 3.9683 0.0000 0.0000 0.0000 -86.2848 -40.2922 33.5210 52.4659 -53.9429 -28.1558 -0.0000 0.0000 -19.1543 31.7841 23.8139 14.0465 -7.1250 0.0000 -0.0000 2.8433 57.3957 0.8636 0.0000 0.0000 0.0000 78.7621 37.1152 28.0670 -33.2610 43.5297 -13.6015 0.0000 0.0000 4.1687 -44.6640 4.4418 -4.3771 7.1250 -0.0000 -0.0000 -13.2804 -23.7645 -6.9849
-0.2206 24.1762 4.3390 175.1550 3.4741 -178.9300 0.0000 0.0000 0.0000 -29.4439 0.3307 -26.4404 3.0574 10.7875 31.5664 -0.0593 5.5519 1.6990 0.7229 -5.4329 -15.1474 0.0000 0.0000 0.0000 -2.1783 13.7773 -66.5433 -26.9080 -18.8151 110.5889 -2.2886 1.0752 -28.3427 -0.5205 4.6240 -12.8392 -4.6609 -0.1949 27.0902 -2.3215 -0.4808 5.3826 0.1687 0.4164 -8.9369 -7.7280 -1.9017 -10.7511 7.4487 -2.0708 6.4280 3.4132 -0.8249 3.8271 -0.0000 0.0000 0.0000 -86.3593 -40.0614 34.0798 51.9654 -53.7581 -27.7517 -0.0000 0.0000 -19.3059 32.1910 22.0888 13.3182 -7.1250 0.0000 -0.0000 3.6421 55.5629 0.9451 -0.0000 0.0000 0.0000 78.5818 37.2071 27.8351 -32.6046 43.0239 -13.1515 0.0000 0.0000 3.7281 -44.0984 4.6428 -4.4848 7.1250 -0.0000 -0.0000 -12.8373 -23.5510 -6.8048
-0.2026 24.2592 4.3720 175.4410 2.0969 -178.9710 0.0000 0.0000 0.0000 -29.3809 0.0426 -25.5557 2.7910 10.3488 30.1139 -0.0359 6.0478 3.1513 0.7563 -5.5544 -15.4968 0.0000 0.0000 0.0000 -2.0245 13.8369 -69.7150 -27.3388 -18.6564 111.9301 -2.4277 1.8198 -29.0107 -0.6033 4.9718 -13.8282 -4.4482 -0.6022 27.5313 -2.0630 -0.9201 5.4321 0.4813 0.2210 -9.0875 -7.8311 -2.0814 -11.0197 7.9143 -2.3207 6.5439 3.5587 -0.9180 3.9335 -0.0000 -0.0000 0.0000 -86.1211 -39.6310 34.5993 52.3967 -53.9175 -28.0998 -0.0000 0.0000 -19.7106 32.7500 23.2873 14.2675 -7.1250 0.0000 -0.0000 4.0556 57.0351 1.1973 -0.0000 -0.0000 0.0000 78.2984 37.3887 27.5367 -32.0120 42.5568 -12.7490 0.0000 0.0000 3.4699 -43.6077 4.6258 -4.3928 7.1250 -0.0000 -0.0000 -12.4895 -23.6243 -6.5899
-0.1756 24.3302 4.3541 175.1360 0.8711 -178.9750 0.0000 0.0000 0.0000 -29.9005 0.2384 -24.8676 2.5856 9.9920 28.9507 0.0186 5.9378 4.6641 0.7922 -5.6814 -15.8628 0.0000 0.0000 0.0000 -2.2502 14.1340 -71.8104 -27.1639 -18.7222 111.3845 -2.3859 4.3937 -28.2090 -0.5769 4.8639 -13.5209 -4.7875 -0.8340 27.3667 -2.0580 -1.2989 5.4283 0.8099 0.0532 -8.9811 -7.7383 -2.2233 -10.8705 8.0783 -2.5407 6.4104 3.5796 -1.0169 3.8878 -0.0000 -0.0000 0.0000 -86.2499 -39.5675 35.1391 52.0009 -53.7713 -27.7803 -0.0000 0.0000 -19.5875 32.7739 23.5380 14.4191 -7.1250 0.0000 -0.0000 4.0356 57.3217 1.2193 -0.0000 -0.0000 0.0000 78.2182 37.0979 27.1428 -31.6316 42.2515 -12.4924 0.0000 0.0000 3.0922 -43.4940 4.9214 -4.6532 7.1250 -0.0000 -0.0000 -12.3534 -23.2402 -6.6267
-0.1459 24.3661 4.3373 174.7600 0.0632 -178.8490 0.0000 0.0000 0.0000 -30.1845 -0.4412 -24.3445 2.4910 9.8214 28.4004 0.0466 6.1829 5.4915 0.8059 -5.7292 -16.0007 0.0000 0.0000 0.0000 -2.6397 15.7601 -73.2077 -26.5180 -18.9493 109.3839 -2.3581 7.1259 -27.7045 -0.7444 5.5113 -15.3729 -5.1333 -0.8788 27.0744 -2.1453 -1.4549 5.3707 0.9616 -0.0170 -8.8808 -7.8933 -2.4550 -10.5841 8.5391 -2.8740 6.1961 3.7267 -1.1651 3.8131 -0.0000 0.0000 0.0000 -86.8432 -39.4901 35.5684 50.6888 -53.2696 -26.7252 -0.0000 0.0000 -19.1742 31.8355 20.6856 12.3703 -7.1250 0.0000 -0.0000 3.4836 53.9086 0.7636 -0.0000 0.0000 0.0000 78.1654 36.2761 26.7144 -32.0752 42.6070 -12.7917 0.0000 0.0000 2.7130 -43.2302 5.5136 -5.1611 7.1250 -0.0000 -0.0000 -12.0570 -22.4789 -6.6759
-0.1110 24.3482 4.3095 173.8660 -1.0362 -179.4270 0.0000 0.0000 0.0000 -31.0292 -0.8785 -23.4605 2.5183 9.8712 28.5605 0.0809 5.9477 6.1388 0.6852 -5.2924 -14.7444 0.0000 0.0000 0.0000 -3.4513 17.9312 -72.9523 -25.6246 -19.2240 106.6523 -2.1904 9.7565 -26.5903 -0.7155 5.4057 -15.0694 -4.6605 0.6392 27.8450 -2.3887 -2.2294 5.5776 0.8800 -1.5607 -9.1207 -8.2126 -2.8350 -10.6951 8.9526 -3.3605 6.0971 3.8740 -1.3876 3.8559 -0.0000 -0.0000 0.0000 -87.0293 -38.9358 36.2392 51.9260 -53.7433 -27.7198 -0.0000 0.0000 -19.0403 31.9169 21.8773 13.0664 -7.1250 0.0000 -0.0000 3.3759 55.2649 0.8515 -0.0000 -0.0000 0.0000 78.0590 35.0307 26.1352 -33.5938 43.7815 -13.8313 0.0000 0.0000 1.5736 -42.2022 5.9582 -5.3774 7.1250 -0.0000 -0.0000 -11.2498 -22.0107 -6.3337
-0.0773 24.3640 4.2716 173.0640 -1.9295 -179.5290 0.0000 0.0000 0.0000 -31.9647 -0.2648 -23.1477 2.4711 9.7851 28.2836 0.1419 5.3369 7.1649 0.5440 -4.7255 -13.1271 0.0000 0.0000 0.0000 -3.8541 19.7938 -72.0959 -24.5724 -19.4912 103.4787 -2.0585 9.9222 -25.7685 -0.5128 4.5902 -12.7432 -4.8845 0.5797 27.9787 -2.7118 -2.4302 5.5603 0.7201 -1.6557 -9.2079 -8.3370 -2.9556 -11.4478 8.8415 -3.4532 6.2929 3.8486 -1.4243 4.0468 -0.0000 -0.0000 0.0000 -87.5608 -38.4371 36.7426 51.8828 -53.7272 -27.6850 -0.0000 0.0000 -19.0333 31.5052 21.9974 12.9299 -7.1250 0.0000 -0.0000 2.9004 55.3088 0.7345 -0.0000 -0.0000 0.0000 77.9341 33.2475 25.4968 -35.8390 45.4020 -15.4078 0.0000 0.0000 0.1095 -39.7897 6.7884 -5.6225 7.1250 -0.0000 -0.0000 -9.4071 -21.2215 -5.4364
-0.0260 24.3708 4.2118 172.1720 -3.0925 -179.4870 0.0000 0.0000 0.0000 -32.9695 0.5586 -22.9137 2.3958 9.6459 27.8374 0.2381 4.0618 8.7116 0.6068 -4.9861 -13.8689 0.0000 0.0000 0.0000 -3.5919 19.5535 -71.1787 -23.7780 -19.6543 101.1077 -1.9760 8.9127 -25.2213 -0.4488 4.2981 -11.9168 -5.2720 0.3675 28.1113 -2.9678 -2.8404 5.3811 0.8023 -1.8208 -9.4598 -8.7836 -2.9164 -11.1967 8.8835 -3.4002 5.7576 3.9367 -1.4536 3.8454 0.0000 -0.0000 0.0000 -87.5048 -36.9143 36.9670 53.5353 -54.3255 -29.0224 -0.0000 0.0000 -19.3324 31.4098 21.4530 12.5895 -7.1250 0.0000 -0.0000 2.8952 54.6796 0.6889 0.0000 -0.0000 0.0000 77.1062 31.5094 25.7946 -38.0595 46.8773 -17.0090 0.0000 -0.0000 -1.1358 -38.6869 6.3948 -5.0967 7.1250 -0.0000 -0.0000 -8.6805 -21.8425 -4.8827
0.0285 24.3582 4.1384 171.6280 -4.5016 -179.1420 0.0000 0.0000 0.0000 -33.5219 1.2500 -23.2658 2.4263 9.7026 28.0188 0.2863 2.5779 9.5454 0.5116 -4.5846 -12.7275 0.0000 0.0000 0.0000 -3.5363 20.6999 -69.9768 -23.2810 -19.7399 99.6331 -1.6820 5.9837 -23.3204 -0.1775 2.7139 -7.4831 -5.3604 0.0354 27.5524 -2.9573 -3.1991 5.3481 0.9685 -1.9731 -9.1935 -9.1705 -2.9420 -11.7294 8.6781 -3.3207 6.0637 3.9391 -1.4178 4.0203 -0.0000 -0.0000 0.0000 -88.1203 -36.8404 37.4057 53.8300 -54.4281 -29.2620 -0.0000 0.0000 -19.0097 31.4742 21.8857 12.8545 -7.1250 0.0000 -0.0000 2.8872 55.1772 0.7219 -0.0000 -0.0000 0.0000 75.8662 30.1236 26.1387 -39.9676 48.0507 -18.4151 0.0000 -0.0000 -2.0155 -37.5306 6.5664 -5.0202 7.1250 -0.0000 -0.0000 -7.8299 -21.7493 -4.4116
0.0683 24.3391 4.0468 171.4000 -7.1915 -178.7230 0.0000 0.0000 0.0000 -33.7497 0.4280 -22.9347 2.4893 9.8183 28.3904 0.3083 1.3295 10.1074 0.4566 -4.3348 -12.0205 0.0000 0.0000 0.0000 -3.1671 21.3690 -67.9533 -23.0242 -19.7793 98.8736 -1.6379 1.9743 -23.6530 -0.0193 0.8974 -2.4666 -4.2593 -0.8406 26.9822 -3.1646 -3.9308 5.3423 0.3325 -2.3265 -8.9597 -8.8876 -3.0532 -11.5967 8.6737 -3.5055 5.5441 3.8769 -1.5097 3.8528 0.0000 0.0000 0.0000 -88.2002 -36.9838 38.5396 53.2774 -54.2347 -28.8130 -0.0000 0.0000 -19.1822 31.3429 21.1217 12.3783 -7.1250 0.0000 -0.0000 2.8806 54.2945 0.6584 0.0000 0.0000 0.0000 75.0214 28.4753 25.6172 -41.9254 49.1702 -19.8841 0.0000 -0.0000 -1.9179 -36.0247 6.2531 -4.5288 7.1250 -0.0000 -0.0000 -6.7857 -22.2819 -3.7317
0.1288 24.3216 3.9734 170.7430 -8.7483 -178.4270 0.0000 0.0000 0.0000 -34.4310 0.3333 -22.8257 2.5454 9.9199 28.7179 0.3195 0.4710 10.5215 0.4695 -4.3947 -12.1898 0.0000 0.0000 0.0000 -3.9105 23.5644 -66.4774 -22.9825 -19.7854 98.7504 -1.9497 -1.5112 -26.9800 -0.0734 1.7482 -4.8102 -4.3070 -0.9968 26.8349 -3.2634 -4.1346 5.3984 0.3093 -2.4234 -8.8213 -8.8925 -3.3014 -11.9372 8.8033 -3.8120 5.1356 3.8919 -1.6531 3.8147 -0.0000 0.0000 0.0000 -88.6186 -36.3047 39.6674 53.9717 -54.4770 -29.3773 -0.0000 0.0000 -18.9685 31.1957 21.0379 12.2637 -7.1250 0.0000 -0.0000 2.7362 54.1697 0.6170 -0.0000 0.0000 0.0000 73.7632 27.0150 24.3350 -44.6076 50.5748 -21.9352 0.0000 -0.0000 -1.9323 -32.2872 6.8880 -4.3335 7.1250 -0.0000 -0.0000 -4.0158 -21.8549 -2.2376
0.1871 24.3254 3.9038 170.7850 -10.0184 -178.2100 0.0000 0.0000 0.0000 -34.2287 0.0222 -22.8268 2.6329 10.0756 29.2220 0.3245 0.4902 10.5982 0.3116 -3.5889 -9.9227 0.0000 0.0000 0.0000 -4.6111 26.1466 -65.2684 -23.0358 -19.7776 98.9076 -2.1240 -2.8885 -28.6919 -0.1316 2.3387 -6.4428 -3.9632 -1.1890 26.8356 -3.1037 -4.2351 5.3812 0.3227 -2.4615 -8.8468 -8.9790 -3.0629 -11.3812 8.9931 -3.4947 3.9522 3.9918 -1.5133 3.3437 -0.0000 -0.0000 0.0000 -89.2524 -35.7656 40.3926 54.4903 -54.6534 -29.7998 -0.0000 0.0000 -18.7665 30.8841 20.8299 12.0070 -7.1250 0.0000 -0.0000 2.4377 53.8721 0.5319 -0.0000 -0.0000 0.0000 72.6522 25.9380 22.2889 -47.4101 51.8960 -24.1207 0.0000 -0.0000 -0.3410 -27.1888 4.4477 -2.2812 7.1250 -0.0000 -0.0000 -0.4032 -24.9821 -0.1952
0.2491 24.3535 3.8501 170.9220 -11.6849 -177.7410 0.0000 0.0000 0.0000 -33.8402 -0.8624 -22.9649 2.7132 10.2155 29.6776 0.3710 0.1635 11.4499 0.3145 -3.6049 -9.9677 0.0000 0.0000 0.0000 -5.4749 27.4864 -64.7388 -23.0710 -19.7724 99.0117 -2.1312 -3.0131 -28.7921 -0.2656 3.3153 -9.1579 -3.5942 -1.5780 26.6013 -2.8625 -4.5669 5.5107 0.4721 -2.6228 -8.5785 -8.4320 -2.9067 -11.6787 8.5923 -3.2958 3.0001 3.7886 -1.4332 3.0689 -0.0000 0.0000 0.0000 -89.8156 -35.9389 40.9799 54.7352 -54.7355 -29.9997 -0.0000 0.0000 -18.9757 30.3567 20.8184 11.7585 -7.1250 0.0000 -0.0000 1.8761 53.7506 0.4038 -0.0000 0.0000 0.0000 71.4103 26.0040 18.8406 -50.2694 53.1036 -26.3894 0.0000 0.0000 2.1489 -11.4239 9.9579 -2.0012 7.1250 -0.0000 -0.0000 11.0616 -19.9151 6.7580
0.3160 24.4066 3.7924 170.9410 -13.0586 -177.1830 0.0000 0.0000 0.0000 -33.4788 -1.7111 -22.9869 2.6853 10.1673 29.5203 0.4677 -0.0292 12.9326 0.3412 -3.7535 -10.3842 0.0000 0.0000 0.0000 -6.1214 27.7348 -64.3978 -22.9859 -19.7849 98.7604 -2.1794 -1.8414 -28.6213 -0.3444 3.7710 -10.4332 -3.6307 -1.8204 26.3153 -2.6469 -4.8189 5.5455 0.7934 -2.7325 -8.3647 -8.4206 -3.1431 -11.6561 8.9130 -3.6362 2.7527 3.8636 -1.5958 3.0277 0.0000 -0.0000 0.0000 -90.1467 -35.9494 41.6036 54.5743 -54.6817 -29.8683 -0.0000 0.0000 -19.2445 30.3456 20.1487 11.4010 -7.1250 0.0000 -0.0000 1.9843 53.0024 0.3908 0.0000 -0.0000 0.0000 70.1708 26.9670 14.6628 -53.7397 54.3968 -29.1885 0.0000 -0.0000 -0.2460 11.0288 7.3763 1.4334 7.1250 -0.0000 -0.0000 26.7353 -22.4531 16.3136
0.3723 24.4537 3.7354 171.0550 -14.2394 -176.6640 0.0000 0.0000 0.0000 -33.0254 -2.6224 -22.9207 2.6106 10.0363 29.0942 0.5697 0.0998 14.2287 0.3396 -3.7450 -10.3603 0.0000 0.0000 0.0000 -6.1434 27.1951 -64.0550 -22.8584 -19.8030 98.3839 -2.2912 -0.5144 -28.8509 -0.3512 3.8078 -10.5365 -3.4573 -2.0345 25.9891 -2.5478 -4.9914 5.5772 0.8373 -2.8116 -8.1623 -8.5135 -3.3998 -11.4616 9.5074 -4.0235 2.6772 4.0388 -1.7739 3.0254 0.0000 -0.0000 0.0000 -90.2495 -36.2132 42.3809 53.7947 -54.4159 -29.2333 -0.0000 0.0000 -19.2141 30.2555 19.8743 11.2163 -7.1250 0.0000 -0.0000 1.9367 52.6784 0.3661 0.0000 -0.0000 0.0000 68.8925 28.5015 10.3062 -57.9751 55.7458 -32.6617 0.0000 -0.0000 -6.5827 27.9510 5.5814 2.9543 7.1250 -0.0000 -0.0000 36.8779 -22.3296 25.9559
0.4287 24.4898 3.6795 170.8080 -14.9252 -176.2960 0.0000 0.0000 0.0000 -33.0112 -3.2980 -22.6237 2.5177 9.8700 28.5567 0.6599 0.2937 15.2529 0.4060 -4.0904 -11.3310 0.0000 0.0000 0.0000 -6.2189 26.7971 -63.5458 -22.6898 -19.8256 97.8863 -2.4128 0.0115 -29.4358 -0.4174 4.1469 -11.4904 -3.7400 -2.0459 25.9746 -2.5931 -5.0868 5.6155 0.9749 -2.8551 -8.0911 -8.6086 -3.5820 -11.2181 9.8538 -4.2805 2.1714 4.1479 -1.9064 2.8698 -0.0000 0.0000 0.0000 -90.0274 -36.3637 42.9950 53.3661 -54.2661 -28.8851 -0.0000 0.0000 -19.2853 30.4654 20.4119 11.5937 -7.1250 0.0000 -0.0000 2.0651 53.3198 0.4227 -0.0000 0.0000 0.0000 67.5272 30.3263 6.8918 -64.9750 57.4961 -38.5099 0.0000 -0.0000 -13.5563 30.9495 5.1131 3.0592 7.1250 -0.0000 -0.0000 38.3806 -22.1136 28.0808
0.4730 24.5438 3.6297 170.6220 -15.8413 -175.9320 0.0000 0.0000 0.0000 -33.0118 -4.2482 -21.8845 2.3403 9.5415 27.5044 0.7512 1.2651 15.9947 0.3497 -3.7994 -10.5129 0.0000 0.0000 0.0000 -6.0986 25.8657 -62.7658 -22.4033 -19.8609 97.0425 -2.5994 0.6947 -30.3570 -0.5025 4.5442 -12.6131 -3.7512 -2.3121 26.0294 -2.6310 -5.4351 5.6137 1.0522 -3.0169 -8.1125 -9.0909 -4.1545 -11.1135 10.4966 -5.0515 2.7354 4.3723 -2.2616 3.1268 0.0000 0.0000 0.0000 -90.2167 -37.1311 43.1823 52.1319 -53.8200 -27.8860 -0.0000 0.0000 -18.9311 30.4012 20.2223 11.4646 -7.1250 0.0000 -0.0000 2.0303 53.0955 0.4045 0.0000 0.0000 0.0000 66.1025 32.9751 4.3993 -73.4447 58.9386 -45.7138 0.0000 -0.0000 -19.1003 17.3793 8.7357 2.7215 7.1250 -0.0000 -0.0000 30.3473 -20.8515 20.6138
0.5176 24.5893 3.5728 170.3160 -16.5815 -175.5580 0.0000 0.0000 0.0000 -33.3781 -3.7925 -21.7812 2.2069 9.2843 26.6887 0.8614 1.7285 17.0386 0.2965 -3.5013 -9.6778 0.0000 0.0000 0.0000 -6.0841 24.9893 -62.0689 -22.0589 -19.8981 96.0296 -2.7595 1.1095 -31.1779 -0.4583 4.3428 -12.0430 -3.8301 -2.5873 25.9993 -2.7323 -5.8216 5.6390 1.1038 -3.2020 -8.0603 -8.5856 -3.5892 -11.3307 9.7944 -4.2829 2.1881 4.1243 -1.9069 2.8909 -0.0000 -0.0000 0.0000 -90.1024 -37.2097 42.8483 51.6917 -53.6554 -27.5310 -0.0000 0.0000 -18.7081 30.7558 19.6356 11.3081 -7.1250 0.0000 -0.0000 2.4998 52.5099 0.4623 -0.0000 -0.0000 0.0000 64.5961 37.0291 1.9999 -81.6706 59.7362 -52.7930 0.0000 -0.0000 -23.0367 8.2127 7.3175 1.0531 7.1250 -0.0000 -0.0000 24.9142 -22.6077 14.8445
0.5458 24.6214 3.5075 170.4060 -17.3382 -175.3670 0.0000 0.0000 0.0000 -33.3939 -3.3927 -21.7826 2.1701 9.2118 26.4603 0.8991 1.7408 17.4158 0.2522 -3.2315 -8.9240 0.0000 0.0000 0.0000 -5.5540 24.3515 -61.1835 -21.7456 -19.9268 95.1099 -2.9673 1.6441 -32.2162 -0.3184 3.6273 -10.0303 -3.3725 -3.0064 25.9663 -2.6581 -6.2107 5.5997 1.0484 -3.3833 -8.1105 -8.7406 -3.5255 -10.9577 9.5042 -4.1573 1.6678 4.0738 -1.8699 2.6584 -0.0000 0.0000 0.0000 -90.0895 -36.8737 42.1678 51.7223 -53.6670 -27.5557 -0.0000 0.0000 -18.3321 30.6990 19.2103 11.0541 -7.1250 0.0000 -0.0000 2.5058 52.0219 0.4334 -0.0000 0.0000 0.0000 62.5006 41.5864 0.0430 -88.4039 59.9904 -58.6178 0.0000 -0.0000 -26.5050 0.5016 5.3219 0.0465 7.1250 -0.0000 -0.0000 19.9843 -24.6026 10.4728
0.5897 24.5870 3.4398 170.3420 -18.1375 -175.3160 0.0000 0.0000 0.0000 -33.3028 -4.1283 -21.5771 2.2929 9.4512 27.2172 0.8130 1.9689 16.4835 0.2185 -3.0091 -8.3040 0.0000 0.0000 0.0000 -4.9462 24.1063 -60.6117 -21.8090 -19.9214 95.2959 -3.1874 0.9636 -33.6058 -0.2684 3.3327 -9.2065 -3.1842 -3.3258 26.1125 -2.7182 -6.5897 5.6332 1.0065 -3.5672 -8.1636 -8.1112 -3.5699 -10.6521 9.1229 -4.2889 1.3957 3.8493 -1.9536 2.5167 -0.0000 -0.0000 0.0000 -89.2381 -35.5912 41.9082 53.6913 -54.3800 -29.1492 -0.0000 0.0000 -18.5693 31.1018 19.0436 11.1359 -7.1250 0.0000 -0.0000 2.9487 51.9121 0.5022 -0.0000 -0.0000 0.0000 60.5395 46.1002 -1.4131 -92.0939 59.9834 -61.8133 0.0000 -0.0000 -27.4234 -5.0539 2.0413 -0.1805 7.1250 -0.0000 -0.0000 16.4450 -27.7823 7.1596
0.6341 24.6181 3.3640 170.1150 -18.4540 -174.8100 0.0000 0.0000 0.0000 -33.3099 -4.7659 -21.4311 2.2718 9.4107 27.0885 0.7845 2.0989 16.1544 0.2408 -3.1579 -8.7187 0.0000 0.0000 0.0000 -4.5106 24.1122 -60.1723 -21.6274 -19.9364 94.7630 -3.3763 0.0794 -34.8622 -0.0699 1.7056 -4.6926 -3.5215 -3.2181 25.4710 -2.6411 -6.4760 5.6614 1.1896 -3.5117 -7.7647 -8.0092 -3.5447 -10.7104 9.1030 -4.2659 1.4445 3.8270 -1.9401 2.5360 0.0000 0.0000 0.0000 -89.0555 -35.1590 42.4858 54.2287 -54.5649 -29.5865 -0.0000 0.0000 -18.6360 31.3447 18.7446 11.0744 -7.1250 0.0000 -0.0000 3.2412 51.6214 0.5290 0.0000 0.0000 0.0000 58.1115 48.7340 -1.9970 -94.3836 59.9273 -63.7954 0.0000 -0.0000 -25.4548 -11.0100 -1.5674 0.3049 7.1250 -0.0000 -0.0000 12.3964 -31.4227 4.2024
0.6817 24.6110 3.2852 170.0990 -19.5816 -174.4950 0.0000 0.0000 0.0000 -33.0436 -5.6197 -21.2863 2.3035 9.4714 27.2815 0.8048 1.9242 16.4073 0.2324 -3.1028 -8.5650 0.0000 0.0000 0.0000 -3.6261 23.6457 -59.2594 -21.4348 -19.9506 94.1985 -3.6051 -1.1906 -36.4329 -0.0849 1.8795 -5.1728 -3.3399 -3.5964 25.4205 -2.6345 -6.8637 5.3925 1.2221 -3.6621 -8.0441 -8.0857 -3.7066 -10.3571 9.5568 -4.5358 2.0258 3.9640 -2.0547 2.6919 -0.0000 0.0000 0.0000 -88.3949 -34.4015 42.7931 54.1408 -54.5349 -29.5150 -0.0000 0.0000 -18.9349 31.9426 18.4692 11.1729 -7.1250 0.0000 -0.0000 3.8944 51.4234 0.6169 -0.0000 0.0000 0.0000 57.2522 49.9756 -0.5137 -94.9915 59.9056 -64.3214 0.0000 -0.0000 -23.4195 -16.7093 -6.0330 1.8071 7.1250 -0.0000 -0.0000 8.4060 -36.1671 1.8415
0.7305 24.6476 3.1947 170.5310 -20.5435 -174.4960 0.0000 0.0000 0.0000 -32.4417 -5.6782 -21.2444 2.2944 9.4542 27.2266 0.8762 1.5540 17.2316 0.2517 -3.2279 -8.9140 0.0000 0.0000 0.0000 -2.4798 23.4890 -58.4922 -21.3333 -19.9573 93.9011 -3.6959 -1.9327 -37.1348 -0.0706 1.7141 -4.7163 -2.9162 -3.9193 25.3120 -2.4745 -7.1328 5.4379 1.2293 -3.7940 -7.9563 -8.4071 -4.1359 -10.1630 10.0732 -5.1101 1.8707 4.1418 -2.3349 2.6900 0.0000 -0.0000 0.0000 -87.5179 -33.6253 42.9217 54.7593 -54.7435 -30.0194 -0.0000 0.0000 -19.3551 32.3367 17.9343 11.0308 -7.1250 0.0000 -0.0000 4.3590 50.8888 0.6335 0.0000 -0.0000 0.0000 58.2822 49.9040 1.8086 -96.8312 59.8229 -65.9125 0.0000 -0.0000 -20.9463 -21.5931 -11.5942 4.5480 7.1250 -0.0000 -0.0000 5.0219 -42.3685 0.3270
0.7631 24.7138 3.0972 170.5940 -21.5444 -174.2980 0.0000 0.0000 0.0000 -32.2292 -6.8950 -20.3753 2.1692 9.2100 26.4546 0.9639 2.5491 17.8727 0.2865 -3.4422 -9.5125 0.0000 0.0000 0.0000 -1.9363 23.0186 -57.5815 -21.1521 -19.9681 93.3702 -3.7671 -2.0282 -37.5191 -0.0932 1.9686 -5.4188 -2.5593 -4.3405 25.2761 -2.4275 -7.5524 5.3446 1.2119 -3.9834 -8.0666 -9.1161 -4.7393 -9.6677 10.9338 -5.9001 1.4654 4.4812 -2.7282 2.6150 -0.0000 0.0000 0.0000 -86.8989 -32.8092 42.8562 54.9042 -54.7916 -30.1377 -0.0000 0.0000 -19.5591 32.3648 17.3591 10.7075 -7.1250 0.0000 -0.0000 4.4430 50.2364 0.5744 -0.0000 0.0000 0.0000 61.0905 48.1092 3.8293 -100.9906 59.5386 -69.5034 0.0000 -0.0000 -20.9568 -22.6004 -12.6269 5.1994 7.1250 -0.0000 -0.0000 4.2797 -43.5781 0.1505
0.7927 24.7942 3.0048 170.8740 -22.3037 -173.9140 0.0000 0.0000 0.0000 -31.7271 -7.7234 -20.2827 2.1111 9.0937 26.0890 1.1047 4.1020 18.9235 0.2290 -3.0802 -8.5021 0.0000 0.0000 0.0000 -1.2221 22.2808 -57.0796 -20.8326 -19.9834 92.4349 -3.8625 -1.6853 -37.8707 -0.0562 1.5304 -4.2094 -1.8403 -4.5668 25.1723 -2.3290 -7.6335 5.4168 0.9304 -4.0340 -8.0054 -8.4814 -5.3683 -9.6899 10.0210 -6.7259 0.5915 4.0492 -3.1775 2.3817 0.0000 0.0000 0.0000 -86.5890 -32.3306 43.3416 55.1723 -54.8799 -30.3569 -0.0000 0.0000 -19.5699 32.7564 17.3347 10.8517 -7.1250 0.0000 -0.0000 4.8444 50.2800 0.6317 0.0000 0.0000 0.0000 62.6567 47.2782 4.2124 -103.6013 59.2893 -71.7509 0.0000 -0.0000 -20.8152 -22.4786 -13.8006 5.6371 7.1250 -0.0000 -0.0000 4.5912 -44.8173 0.0208
0.8135 24.9244 2.9124 170.7320 -23.0004 -173.5270 0.0000 0.0000 0.0000 -31.7108 -7.0641 -19.9987 1.8957 8.6454 24.6922 1.3839 7.1468 21.0383 0.0225 -0.9677 -2.6600 0.0000 0.0000 0.0000 -0.6395 20.8826 -56.2782 -20.3088 -19.9977 90.9028 -3.9558 -1.6658 -38.3158 -0.0180 0.8673 -2.3838 -1.4005 -4.8680 25.3135 -2.1952 -7.8837 5.3495 0.9269 -4.1468 -8.1839 -8.8486 -5.8293 -9.2554 10.1643 -7.3027 -0.3365 4.1349 -3.4926 2.1079 0.0000 -0.0000 0.0000 -86.4518 -31.6763 43.3917 54.8263 -54.7658 -30.0741 -0.0000 0.0000 -19.1899 33.4330 16.3739 10.5430 -7.1250 0.0000 -0.0000 5.6000 49.2942 0.5947 0.0000 -0.0000 0.0000 63.2786 46.1556 5.2281 -105.5645 59.0646 -73.4369 0.0000 -0.0000 -19.3540 -23.0844 -13.6559 5.7460 7.1250 -0.0000 -0.0000 4.0081 -44.7366 0.0261
0.8230 25.0877 2.8296 170.3070 -23.7331 -173.0390 0.0000 0.0000 0.0000 -31.9631 -5.4311 -19.8087 1.6172 8.0184 22.7701 1.7348 11.2111 23.7473 0.1255 2.2834 6.2895 0.0000 0.0000 0.0000 -0.4050 19.3402 -55.5447 -19.7140 -19.9980 89.1639 -4.0365 -1.9235 -38.7876 -0.0037 0.3933 -1.0806 -1.0817 -5.4159 25.4716 -1.9171 -8.5007 5.4686 1.2531 -4.4518 -8.1222 -10.1091 -5.9468 -9.4275 10.7340 -7.3142 -1.3888 4.5206 -3.5127 1.8935 0.0000 0.0000 0.0000 -86.6267 -31.9585 42.4139 53.1830 -54.2013 -28.7365 -0.0000 0.0000 -18.6216 33.5128 15.0789 9.7746 -7.1250 0.0000 -0.0000 5.7462 47.8044 0.3988 0.0000 0.0000 0.0000 63.2855 45.6288 6.6383 -107.8414 58.7624 -75.3869 0.0000 -0.0000 -19.4555 -23.6768 -14.0355 6.0702 7.1250 -0.0000 -0.0000 3.5253 -45.2181 -0.0190
0.8463 25.2108 2.7526 170.1440 -24.5981 -172.8300 0.0000 0.0000 0.0000 -31.8285 -4.4149 -20.2877 1.5823 7.9357 22.5189 1.9109 13.1058 25.1102 0.3375 3.7335 10.3281 0.0000 0.0000 0.0000 0.1172 18.4623 -54.3930 -19.2402 -19.9862 87.7779 -4.0317 -2.1238 -38.8318 -0.0001 -0.0753 0.2068 -0.4942 -5.8211 26.0433 -1.6676 -8.8868 5.6478 1.3742 -4.6541 -8.2460 -10.5627 -5.9274 -9.7624 10.8171 -7.2137 -2.2955 4.6308 -3.4822 1.6856 0.0000 -0.0000 0.0000 -86.3583 -31.8512 42.1339 52.8359 -54.0771 -28.4551 -0.0000 0.0000 -18.5920 33.8672 14.3319 9.4326 -7.1250 0.0000 -0.0000 6.1209 46.9896 0.3016 0.0000 -0.0000 0.0000 63.6374 44.6058 7.7337 -111.5646 58.1678 -78.5606 0.0000 -0.0000 -19.2123 -24.5472 -13.9703 6.2921 7.1250 -0.0000 -0.0000 2.7065 -45.2586 -0.0173
0.8751 25.3348 2.6822 169.7610 -25.3334 -172.0670 0.0000 0.0000 0.0000 -31.7013 -5.0377 -21.0564 1.6457 8.0853 22.9736 1.9622 13.6501 25.5063 0.4262 4.1900 11.6118 0.0000 0.0000 0.0000 0.0941 18.3048 -53.5922 -18.7522 -19.9626 86.3496 -4.0675 -2.2525 -39.0451 -0.0023 -0.3101 0.8521 -0.1100 -6.2213 25.8501 -1.4937 -9.2895 5.7608 1.4488 -4.8599 -8.0441 -10.9460 -5.7918 -9.6457 11.1856 -7.0121 -3.7699 4.8454 -3.4248 1.2387 -0.0000 0.0000 0.0000 -85.5684 -31.3984 42.0770 53.3033 -54.2439 -28.8340 -0.0000 0.0000 -19.2364 34.0006 13.8542 9.1750 -7.1250 0.0000 -0.0000 6.2630 46.4507 0.2251 -0.0000 0.0000 0.0000 64.9471 44.2689 8.9406 -114.4243 57.6214 -80.9832 0.0000 -0.0000 -18.8019 -25.2135 -13.1193 6.1003 7.1250 -0.0000 -0.0000 1.9636 -44.4164 0.0283
0.9088 25.4511 2.6124 169.1850 -25.3514 -171.6220 0.0000 0.0000 0.0000 -31.7706 -4.7747 -21.6052 1.6728 8.1483 23.1655 1.8272 13.1768 24.5945 0.1065 2.1042 5.7938 0.0000 0.0000 0.0000 -0.0368 18.6823 -52.5767 -18.2553 -19.9269 84.8929 -4.1540 -2.5954 -39.5695 -0.0109 -0.6727 1.8486 -0.2884 -6.0957 26.2541 -1.4943 -9.1931 5.7846 1.5614 -4.8116 -8.1947 -10.7528 -5.5814 -9.6716 11.3181 -6.7617 -4.6622 4.8854 -3.3339 0.9517 0.0000 -0.0000 0.0000 -85.5108 -31.6047 42.5333 52.2652 -53.8692 -27.9936 -0.0000 0.0000 -18.9104 34.1153 13.0213 8.6784 -7.1250 0.0000 -0.0000 6.3880 45.4890 0.0774 0.0000 -0.0000 0.0000 66.7251 43.2895 9.6308 -116.8870 57.0840 -83.0569 0.0000 -0.0000 -17.6433 -25.7665 -12.9328 6.1659 7.1250 -0.0000 -0.0000 1.4290 -44.2799 0.0254
0.9345 25.5518 2.5237 168.5790 -24.7467 -171.2940 0.0000 0.0000 0.0000 -31.4846 -5.4184 -21.3927 1.6373 8.0658 22.9140 1.4998 14.6131 22.7486 0.0072 0.5476 1.5047 0.0000 0.0000 0.0000 -0.1713 19.1551 -51.6364 -17.8154 -19.8852 83.6009 -4.2143 -2.7056 -39.8885 -0.0203 -0.9199 2.5285 -0.8000 -5.7854 26.3595 -1.6596 -8.9486 5.7162 1.6015 -4.6841 -8.2822 -10.4523 -5.4115 -10.8575 11.0332 -6.5011 -3.9963 4.7274 -3.1761 1.2831 -0.0000 0.0000 0.0000 -85.3460 -31.2134 42.5555 51.2750 -53.4970 -27.1958 -0.0000 0.0000 -19.1234 34.0795 11.8363 7.9004 -7.1250 0.0000 -0.0000 6.3635 44.0865 -0.1441 -0.0000 0.0000 0.0000 68.2523 42.4768 10.5111 -118.5606 56.6815 -84.4586 0.0000 -0.0000 -16.7373 -25.8143 -13.0633 6.2397 7.1250 -0.0000 -0.0000 1.4018 -44.4288 0.0198
0.9452 25.6744 2.4268 168.3750 -24.3213 -171.2870 0.0000 0.0000 0.0000 -30.5289 -6.2413 -20.8851 1.6279 8.0438 22.8472 1.4301 13.1351 21.9630 0.0259 -1.0393 -2.8570 0.0000 0.0000 0.0000 0.2772 19.1251 -50.3402 -17.3063 -19.8251 82.1020 -4.2956 -2.5318 -40.2054 -0.0406 -1.2999 3.5745 -0.7861 -5.6621 26.2793 -1.7689 -8.8073 5.7764 1.4171 -4.6270 -8.1976 -8.9212 -4.3856 -11.6661 8.7926 -5.2482 -3.8568 3.8529 -2.5867 1.1934 -0.0000 0.0000 0.0000 -85.4283 -30.3638 42.1814 51.2410 -53.4839 -27.1684 -0.0000 0.0000 -18.9793 34.0646 11.4424 7.6399 -7.1250 0.0000 -0.0000 6.3502 43.6190 -0.2174 -0.0000 0.0000 0.0000 69.2540 41.6872 11.6031 -119.7736 56.3700 -85.4705 0.0000 -0.0000 -15.9290 -25.5228 -12.1536 5.7402 7.1250 -0.0000 -0.0000 1.5544 -43.3968 0.0615
0.9517 25.7874 2.3316 167.9860 -24.0006 -171.0970 0.0000 0.0000 0.0000 -29.6886 -7.1502 -20.6037 1.6595 8.1177 23.0721 1.4519 10.4007 21.7032 0.2011 -2.8879 -7.9668 0.0000 0.0000 0.0000 0.3914 18.8220 -49.5113 -16.9239 -19.7716 80.9731 -4.2365 -2.7090 -39.9926 -0.0474 -1.4051 3.8641 -0.7723 -5.6632 26.1568 -2.0035 -8.8198 5.7096 1.1517 -4.6304 -8.2530 -8.7462 -4.3765 -11.5674 8.7644 -5.2618 -3.8630 3.8170 -2.5965 1.1725 0.0000 -0.0000 0.0000 -85.7017 -29.9817 41.5529 50.0363 -53.0101 -26.2031 -0.0000 0.0000 -18.3789 33.6789 10.3289 6.8135 -7.1250 0.0000 -0.0000 5.9933 42.2563 -0.4073 0.0000 -0.0000 0.0000 70.3089 40.6569 12.9651 -120.4130 56.1989 -86.0023 0.0000 -0.0000 -14.9069 -26.1176 -11.7818 5.7167 7.1250 -0.0000 -0.0000 0.9699 -43.0555 0.0465
0.9573 25.8936 2.2339 167.3760 -23.5030 -171.0700 0.0000 0.0000 0.0000 -29.1687 -7.6579 -20.4246 1.8086 8.4554 24.1061 1.1919 9.6158 19.6540 0.1853 -2.7727 -7.6465 0.0000 0.0000 0.0000 0.2707 18.5879 -48.4750 -16.6143 -19.7229 80.0569 -4.1510 -2.4436 -39.5032 -0.0273 -1.0675 2.9345 -1.1127 -5.4747 25.9508 -2.2345 -8.7205 5.8968 1.0216 -4.6058 -7.9327 -8.9203 -4.3441 -11.8626 8.8503 -5.2076 -4.3609 3.8762 -2.5858 1.0715 0.0000 0.0000 0.0000 -85.9676 -29.8738 41.0441 48.7508 -52.4791 -25.1799 -0.0000 0.0000 -17.8349 33.2491 9.7755 6.3517 -7.1250 0.0000 -0.0000 5.6022 41.5554 -0.4777 0.0000 0.0000 0.0000 71.2672 39.7810 13.9981 -120.9072 56.0633 -86.4127 0.0000 -0.0000 -13.6203 -26.0572 -11.2872 5.4668 7.1250 -0.0000 -0.0000 0.9712 -42.5036 0.0598
0.9733 26.0305 2.1283 166.9290 -23.1276 -171.0450 0.0000 0.0000 0.0000 -28.7749 -7.2157 -20.8676 2.0284 8.9249 25.5608 1.1423 10.9268 19.4476 0.1719 -2.6710 -7.3642 0.0000 0.0000 0.0000 0.4279 18.4422 -47.2359 -16.1478 -19.6404 78.6717 -4.1043 -2.4613 -39.2898 -0.0372 -1.2445 3.4219 -1.2333 -5.3219 25.6149 -2.4678 -8.5928 6.0561 0.7490 -4.5671 -7.6100 -8.9804 -4.0427 -11.8720 8.5645 -4.7963 -4.4635 3.8234 -2.3855 0.9976 -0.0000 0.0000 0.0000 -86.0971 -29.7059 40.7386 47.2759 -51.8359 -24.0151 -0.0000 0.0000 -17.3830 33.1710 8.6912 5.6410 -7.1250 0.0000 -0.0000 5.5267 40.2694 -0.6468 -0.0000 0.0000 0.0000 72.2441 38.8435 14.9767 -121.2992 55.9537 -86.7377 0.0000 -0.0000 -12.7369 -26.7736 -10.9861 5.4923 7.1250 -0.0000 -0.0000 0.2953 -42.2469 0.0201
0.9819 26.1879 2.0293 166.5490 -23.0304 -171.1930 0.0000 0.0000 0.0000 -28.5042 -6.8313 -21.1287 2.3217 9.5063 27.3922 0.9356 12.7232 18.2035 0.1210 -2.2423 -6.1756 0.0000 0.0000 0.0000 0.6957 18.1960 -45.4874 -15.5504 -19.5185 76.8891 -4.0590 -2.3906 -39.0520 -0.0535 -1.4925 4.1049 -1.0777 -5.2804 25.4320 -2.6786 -8.5397 6.2257 0.3898 -4.5650 -7.3860 -9.3910 -4.2903 -12.0994 8.9238 -5.0594 -4.2414 3.9780 -2.4980 1.1436 -0.0000 -0.0000 0.0000 -86.0433 -29.7979 40.8528 45.0734 -50.8044 -22.2956 -0.0000 0.0000 -17.1124 33.5081 7.0319 4.6339 -7.1250 0.0000 -0.0000 5.7939 38.3353 -0.9548 -0.0000 -0.0000 0.0000 73.0967 37.4700 15.9565 -121.6873 55.8433 -87.0590 0.0000 -0.0000 -11.7460 -27.6420 -10.3783 5.3897 7.1250 -0.0000 -0.0000 -0.5367 -41.6599 -0.0442
1.0002 26.3377 1.9405 166.3260 -22.9474 -171.3650 0.0000 0.0000 0.0000 -28.0059 -6.2564 -22.1403 2.8098 10.3807 30.2185 0.7900 13.0579 17.1141 0.1794 -2.7285 -7.5238 0.0000 0.0000 0.0000 1.0207 18.4266 -43.9137 -15.0674 -19.4064 75.4397 -4.0105 -2.3964 -38.8234 -0.0717 -1.7279 4.7543 -0.9552 -5.2995 25.3471 -2.8400 -8.5687 6.3570 0.1407 -4.5964 -7.2410 -9.5085 -4.2839 -12.1198 8.8007 -5.0355 -4.3130 3.9613 -2.4888 1.1209 0.0000 0.0000 0.0000 -85.8485 -29.6531 40.6405 43.2243 -49.8683 -20.8721 -0.0000 0.0000 -16.7499 33.3720 5.7383 3.7679 -7.1250 0.0000 -0.0000 5.6404 36.7900 -1.1435 0.0000 0.0000 0.0000 73.9514 36.1407 17.2733 -121.9690 55.7620 -87.2921 0.0000 -0.0000 -10.8326 -28.5459 -9.5432 5.1535 7.1250 -0.0000 -0.0000 -1.3989 -40.8102 -0.1446
1.0281 26.4775 1.8483 166.5090 -22.1026 -171.3160 0.0000 0.0000 0.0000 -27.2018 -5.1538 -24.1418 3.4589 11.4033 33.6524 0.8516 11.9512 17.3089 0.2722 -3.3559 -9.2713 0.0000 0.0000 0.0000 1.5996 19.2151 -42.7586 -14.4773 -19.2525 73.6570 -3.8743 -2.6373 -38.2539 -0.0748 -1.7644 4.8551 -0.9354 -5.0257 24.9947 -2.8411 -8.1882 6.3057 -0.0211 -4.4125 -7.1209 -9.8807 -4.3362 -12.0082 8.7191 -5.0690 -4.5453 3.9996 -2.5100 1.0421 0.0000 0.0000 0.0000 -85.7314 -29.3923 40.4889 41.4489 -48.9052 -19.5242 -0.0000 0.0000 -16.1913 35.3882 4.6486 3.2949 -7.1250 0.0000 -0.0000 7.2899 35.5971 -1.6956 0.0000 0.0000 0.0000 74.6099 34.7739 18.5803 -121.5364 55.8864 -86.9342 0.0000 -0.0000 -9.9921 -29.6730 -8.7886 4.9753 7.1250 -0.0000 -0.0000 -2.4316 -40.0578 -0.2965
1.0535 26.7082 1.7689 166.6760 -22.3402 -171.3350 0.0000 0.0000 0.0000 -26.4531 -4.6297 -25.4052 4.0600 12.2398 36.5856 1.1375 10.2334 19.3013 0.0399 -1.2885 -3.5431 0.0000 0.0000 0.0000 2.3923 19.1364 -40.8955 -13.6265 -18.9968 71.0606 -3.7103 -2.7322 -37.4870 -0.1035 -2.0745 5.7115 -0.5309 -5.3112 24.8389 -2.8356 -8.4424 6.2939 -0.1754 -4.5352 -7.1108 -10.2158 -4.1186 -12.5680 8.8877 -4.6914 -3.9787 4.1120 -2.2950 1.2753 0.0000 0.0000 0.0000 -85.5899 -29.3659 40.1024 39.0175 -47.4769 -17.7117 -0.0000 0.0000 -15.7394 34.9027 5.1038 3.5516 -7.1250 0.0000 -0.0000 6.9087 36.1217 -1.5169 0.0000 0.0000 0.0000 75.5006 33.6268 20.0766 -120.8559 56.0775 -86.3701 0.0000 -0.0000 -9.1327 -30.1860 -8.0966 4.6836 7.1250 -0.0000 -0.0000 -2.9030 -39.3099 -0.4074
1.0799 26.8457 1.6846 166.9220 -22.4197 -171.5120 0.0000 0.0000 0.0000 -25.5290 -4.0751 -27.9265 5.3379 13.7545 42.2628 0.9726 9.3520 17.8144 0.2914 -3.4712 -9.5934 0.0000 0.0000 0.0000 3.2396 19.0303 -39.2346 -13.0131 -18.7869 69.1660 -3.6277 -2.3608 -36.9441 -0.1728 -2.6782 7.3840 -0.1167 -5.4331 24.6600 -2.9088 -8.4983 6.3295 -0.4855 -4.5683 -7.0496 -9.8484 -3.9112 -12.4893 8.5040 -4.4717 -4.1594 3.9510 -2.2022 1.1686 -0.0000 -0.0000 0.0000 -85.4350 -29.2107 39.8635 36.9848 -46.1785 -16.2291 -0.0000 0.0000 -15.1418 35.3964 5.2468 3.7178 -7.1250 0.0000 -0.0000 7.3336 36.3233 -1.5751 -0.0000 -0.0000 0.0000 76.5120 32.3006 21.2858 -120.0209 56.3044 -85.6763 0.0000 -0.0000 -8.3188 -30.5261 -7.3927 4.3388 7.1250 -0.0000 -0.0000 -3.2126 -38.5271 -0.5128
1.1078 27.0133 1.6109 167.0940 -22.2574 -171.6790 0.0000 0.0000 0.0000 -24.9034 -3.0594 -30.8153 6.9600 15.2981 48.7229 0.6913 8.9760 15.1730 0.1753 -2.6970 -7.4363 0.0000 0.0000 0.0000 4.0352 18.7936 -37.6634 -12.3250 -18.5247 67.0152 -3.4253 -2.4733 -35.9596 -0.2168 -2.9974 8.2716 -0.1480 -5.3647 24.6378 -2.8772 -8.3926 6.1900 -0.4599 -4.5049 -7.1813 -9.4701 -3.8801 -12.4530 8.3234 -4.4663 -3.8190 3.8311 -2.1949 1.2514 -0.0000 -0.0000 0.0000 -85.3945 -28.9109 39.9636 34.7644 -44.6432 -14.6475 -0.0000 0.0000 -14.7473 35.4509 4.4902 3.1904 -7.1250 0.0000 -0.0000 7.3323 35.4078 -1.7396 -0.0000 -0.0000 0.0000 77.3540 30.8748 22.2296 -118.7707 56.6287 -84.6342 0.0000 -0.0000 -7.5849 -31.2422 -6.2420 3.7736 7.1250 -0.0000 -0.0000 -3.8351 -37.2456 -0.7331
1.1424 27.2010 1.5347 167.7050 -21.9236 -171.9830 0.0000 0.0000 0.0000 -23.9018 -2.1876 -33.8828 8.9039 16.7455 55.7572 0.4383 7.4951 12.1326 0.0797 -1.8213 -5.0121 0.0000 0.0000 0.0000 5.2455 18.9201 -36.0366 -11.5873 -18.2107 64.6746 -3.2249 -2.8923 -35.0735 -0.2041 -2.9089 8.0252 0.0697 -5.1389 24.3714 -2.6800 -8.0079 6.1784 -0.5122 -4.3185 -7.0480 -9.7657 -3.7394 -12.6235 8.4319 -4.2110 -3.3405 3.9201 -2.0446 1.4075 0.0000 0.0000 0.0000 -85.3989 -29.4640 40.5873 31.9424 -42.5012 -12.7019 -0.0000 0.0000 -14.2686 35.7254 3.7167 2.6694 -7.1250 0.0000 -0.0000 7.5075 34.4787 -1.9528 0.0000 0.0000 0.0000 77.9472 29.5989 22.6317 -117.4472 56.9527 -83.5268 0.0000 -0.0000 -7.1718 -32.2857 -5.3242 3.3553 7.1250 -0.0000 -0.0000 -4.7095 -36.2363 -1.0175
1.1761 27.4106 1.4563 166.8130 -22.3097 -172.6210 0.0000 0.0000 0.0000 -24.6243 -1.4527 -35.9099 11.0671 17.9678 62.9994 0.1998 5.5459 8.2909 0.2809 -3.4090 -9.4195 0.0000 0.0000 0.0000 5.3018 17.7990 -33.2077 -10.8353 -17.8535 62.2455 -3.0615 -3.0200 -34.2517 -0.2056 -2.9196 8.0550 -0.8119 -5.0224 24.7912 -2.8810 -8.1624 6.4154 -0.1672 -4.4136 -6.9193 -9.4925 -3.9253 -12.4374 8.2957 -4.4988 -3.2902 3.8187 -2.1918 1.4100 0.0000 -0.0000 0.0000 -85.0231 -29.7917 41.2104 29.5432 -40.4987 -11.1118 -0.0000 0.0000 -13.5121 35.6057 3.9681 2.8369 -7.1250 0.0000 -0.0000 7.4262 34.7800 -1.8765 0.0000 -0.0000 0.0000 78.4056 28.4553 23.0205 -115.7617 57.3374 -82.1109 0.0000 -0.0000 -6.7723 -32.4647 -4.6370 2.9443 7.1250 -0.0000 -0.0000 -4.8429 -35.4368 -1.1412
1.2526 27.6014 1.4430 167.8060 -22.5858 -172.8340 0.0000 0.0000 0.0000 -23.2494 -1.3262 -40.3362 13.7316 19.0306 71.3832 0.0919 4.3250 5.7748 0.4011 -4.0659 -11.2621 0.0000 0.0000 0.0000 6.8828 18.0540 -31.9024 -10.0089 -17.4149 59.5182 -2.7206 -4.1797 -32.8508 -0.2255 -3.0566 8.4363 -0.3897 -5.0779 24.9855 -2.5662 -8.0620 6.2202 -0.0615 -4.3424 -7.2368 -9.6742 -3.9621 -12.4913 8.6592 -4.5145 -2.9105 3.9540 -2.1780 1.5495 -0.0000 0.0000 0.0000 -84.1605 -29.9053 41.5935 27.7589 -38.8933 -9.9719 -0.0000 0.0000 -11.8136 34.3850 3.3697 2.3034 -7.1250 0.0000 -0.0000 6.3804 34.0085 -1.7295 -0.0000 0.0000 0.0000 78.9676 27.4862 23.6125 -113.6873 57.7700 -80.3602 0.0000 -0.0000 -6.3250 -32.0547 -3.4036 2.1291 7.1250 -0.0000 -0.0000 -4.4663 -33.9684 -1.2117
1.3058 27.8523 1.3967 168.5990 -22.3825 -173.2120 0.0000 0.0000 0.0000 -22.4264 -0.4887 -44.2962 16.3606 19.6794 79.3042 0.0358 2.9834 3.6946 0.5202 -4.6225 -12.8349 0.0000 0.0000 0.0000 8.3339 18.1471 -29.6358 -8.9869 -16.7993 56.0449 -2.3599 -5.0927 -31.1729 -0.1713 -2.6661 7.3504 -0.1317 -4.9700 24.8207 -2.3977 -7.8273 6.2151 -0.1112 -4.2293 -7.1628 -9.5873 -3.8705 -12.2711 8.4205 -4.4086 -2.9420 3.8764 -2.1315 1.4872 -0.0000 0.0000 0.0000 -82.9442 -29.5713 42.1296 27.0493 -38.2262 -9.5296 -0.0000 0.0000 -9.7642 34.1141 5.0392 3.4052 -7.1250 0.0000 -0.0000 6.2412 35.9999 -1.3875 -0.0000 0.0000 0.0000 79.0768 26.8277 24.1140 -111.0763 58.2532 -78.1456 0.0000 -0.0000 -6.2049 -32.9310 -2.4992 1.6178 7.1250 -0.0000 -0.0000 -5.1473 -32.9263 -1.5279
1.3500 28.0666 1.3745 169.2590 -22.0570 -173.3950 0.0000 0.0000 0.0000 -21.8452 0.1143 -48.5263 19.0272 19.9773 87.1547 -0.0030 -1.0722 -0.0843 0.7282 -5.4523 -15.2031 0.0000 0.0000 0.0000 9.4230 18.2137 -27.8239 -8.0674 -16.1686 52.8050 -2.0015 -5.8934 -29.3597 -0.1320 -2.3420 6.4519 0.0155 -4.9086 24.8585 -2.3098 -7.6693 6.0061 -0.1303 -4.1351 -7.4157 -9.5677 -3.9924 -12.1497 8.7158 -4.5817 -2.7569 3.9533 -2.2073 1.5492 -0.0000 0.0000 0.0000 -81.4568 -28.6605 42.2265 27.0134 -38.1920 -9.5074 -0.0000 0.0000 -6.9180 32.8654 6.6315 4.2670 -7.1250 0.0000 -0.0000 5.2302 37.8134 -0.9284 -0.0000 0.0000 0.0000 79.2645 25.9358 25.0632 -108.9114 58.6046 -76.3010 0.0000 -0.0000 -6.5441 -33.5516 -2.4404 1.6175 7.1250 -0.0000 -0.0000 -5.6482 -32.8710 -1.6854
1.3933 28.2641 1.3428 169.9710 -21.7234 -173.7000 0.0000 0.0000 0.0000 -21.2492 0.6441 -52.5823 21.4734 19.9479 94.3115 0.0042 -4.4685 -3.2847 0.9910 -6.3358 -17.7620 0.0000 0.0000 0.0000 10.5485 18.3143 -26.2222 -7.3175 -15.5935 50.0651 -1.7342 -6.4057 -27.8784 -0.1475 -2.4751 6.8206 0.0420 -4.7909 24.9016 -2.2110 -7.4925 5.9493 -0.0858 -4.0450 -7.4864 -9.3637 -4.0035 -12.6143 8.6409 -4.5906 -2.1776 3.8844 -2.1963 1.7884 0.0000 -0.0000 0.0000 -79.9357 -27.5310 42.0531 27.9514 -39.0715 -10.0931 -0.0000 0.0000 -4.4556 31.4814 7.0765 4.3142 -7.1250 0.0000 -0.0000 4.0414 38.2333 -0.6747 0.0000 -0.0000 0.0000 79.4845 25.4843 25.7559 -105.9724 59.0137 -73.7867 0.0000 -0.0000 -6.6852 -33.8508 -1.7019 1.1412 7.1250 -0.0000 -0.0000 -5.8477 -31.9936 -1.8697
1.4269 28.4408 1.3280 170.6830 -21.5391 -173.7230 0.0000 0.0000 0.0000 -20.6707 0.4501 -56.7185 23.5811 19.6897 100.5228 0.0443 -6.7707 -5.7676 1.0966 -6.6545 -18.6957 0.0000 0.0000 0.0000 11.3255 18.3746 -25.4338 -6.7391 -15.1082 47.8804 -1.5180 -6.3130 -26.3011 -0.1821 -2.7488 7.5802 0.2288 -4.7938 24.8142 -2.0826 -7.4157 5.8596 -0.0779 -4.0002 -7.5440 -9.3237 -3.9401 -12.8334 8.7718 -4.5120 -2.2381 3.9208 -2.1570 1.8005 0.0000 -0.0000 0.0000 -78.5203 -26.2244 41.6532 30.5899 -41.3937 -11.7978 -0.0000 0.0000 -3.6639 31.0924 7.8705 4.7208 -7.1250 0.0000 -0.0000 3.6989 39.1246 -0.5363 0.0000 -0.0000 0.0000 79.7339 25.0836 26.1316 -103.1226 59.3392 -71.3393 0.0000 -0.0000 -6.0938 -33.3768 0.1101 -0.0725 7.1250 -0.0000 -0.0000 -5.3575 -29.8269 -1.9909
1.4638 28.6474 1.3173 171.4780 -21.2890 -173.4370 0.0000 0.0000 0.0000 -20.0671 -0.0097 -60.8672 25.0618 19.3743 104.9496 0.0353 -10.1085 -7.6568 1.1755 -6.8815 -19.3649 0.0000 0.0000 0.0000 12.2947 18.2058 -24.4548 -5.9569 -14.3865 44.8085 -1.1824 -7.0704 -24.2267 -0.1366 -2.3824 6.5637 0.4374 -4.6291 24.4708 -1.9243 -7.0808 5.6390 -0.1459 -3.8196 -7.6102 -9.5844 -4.0272 -12.7173 9.2697 -4.6096 -2.1738 4.1113 -2.1909 1.8332 0.0000 0.0000 0.0000 -77.5975 -25.1542 41.3388 34.7696 -44.6469 -14.6512 -0.0000 0.0000 -3.0913 33.1034 7.8661 5.0989 -7.1250 0.0000 -0.0000 5.4576 39.2896 -0.7706 0.0000 0.0000 0.0000 79.9388 24.5641 26.0117 -101.1263 59.5270 -69.6204 0.0000 -0.0000 -5.7413 -32.5911 -0.8103 0.5180 7.1250 -0.0000 -0.0000 -4.7911 -30.9213 -1.6533
1.4945 28.8418 1.3118 172.1710 -19.5740 -173.9230 0.0000 0.0000 0.0000 -19.6404 0.8406 -63.7976 26.0040 19.1128 107.8077 -0.1231 -14.1858 -8.4398 1.0240 -6.4374 -18.0590 0.0000 0.0000 0.0000 13.3131 18.8178 -22.6103 -5.2363 -13.6451 41.8340 -0.8218 -7.6716 -21.5685 -0.0821 -1.8486 5.0874 0.0582 -3.8154 25.1999 -1.9336 -6.1564 5.6101 -0.1688 -3.3778 -7.9588 -9.4837 -4.1367 -12.6953 9.4365 -4.7851 -2.4845 4.1381 -2.2870 1.7569 0.0000 0.0000 0.0000 -77.2302 -25.1405 40.2609 40.5853 -48.4129 -18.8759 -0.0000 0.0000 -3.6859 33.5780 9.4915 6.2472 -7.1250 0.0000 -0.0000 5.8970 41.2556 -0.5467 0.0000 0.0000 0.0000 80.3061 24.0626 26.0958 -99.3147 59.6696 -68.0578 0.0000 -0.0000 -6.1547 -33.3390 -1.1358 0.7471 7.1250 -0.0000 -0.0000 -5.4045 -31.3120 -1.8157
1.5108 29.0113 1.3041 172.4610 -20.7032 -173.7130 0.0000 0.0000 0.0000 -19.2996 -1.9234 -66.3449 26.4576 18.9693 109.1980 -0.3224 -17.2748 -8.7476 1.3868 -7.4510 -21.0586 0.0000 0.0000 0.0000 13.7791 17.7044 -21.6959 -4.6782 -13.0120 39.4133 -0.5861 -8.2969 -19.7910 -0.0837 -1.8659 5.1351 0.6062 -4.1552 25.1956 -1.8453 -6.4015 5.4273 -0.2951 -3.4814 -8.2079 -9.5430 -4.1559 -12.7258 9.5024 -4.8003 -2.4455 4.1663 -2.2905 1.7783 -0.0000 -0.0000 0.0000 -77.4023 -25.6051 39.3918 48.2040 -52.2450 -24.7469 -0.0000 0.0000 -5.2473 34.5607 9.7217 6.6348 -7.1250 0.0000 -0.0000 6.7869 41.6355 -0.5662 -0.0000 -0.0000 0.0000 80.3059 23.0935 25.9828 -97.9596 59.7592 -66.8877 0.0000 -0.0000 -7.5848 -34.1003 0.3028 -0.2050 7.1250 -0.0000 -0.0000 -5.9110 -29.5896 -2.2321
1.5352 29.1636 1.2929 172.9280 -20.6385 -173.7320 0.0000 0.0000 0.0000 -18.8548 -3.2836 -68.5036 26.4907 18.9584 109.2999 -0.8576 -21.5674 -7.4199 0.9087 -6.0745 -17.0008 0.0000 0.0000 0.0000 14.4828 17.3870 -20.6014 -4.1546 -12.3634 37.0299 -0.3406 -9.1749 -17.9268 -0.0611 -1.5953 4.3884 0.7095 -3.9152 25.3494 -1.7796 -6.0358 5.2953 -0.3813 -3.2973 -8.4272 -9.3327 -4.3736 -12.5263 9.7388 -5.1417 -2.7074 4.1881 -2.4682 1.7055 -0.0000 -0.0000 0.0000 -77.6531 -27.1531 38.8735 56.6750 -55.3568 -31.5897 -0.0000 0.0000 -5.8480 36.1903 10.1243 7.3285 -7.1250 0.0000 -0.0000 8.2833 42.3077 -0.5544 -0.0000 -0.0000 0.0000 80.1211 22.3015 25.5495 -96.7208 59.8286 -65.8170 0.0000 -0.0000 -8.1282 -34.1803 0.1161 -0.0788 7.1250 -0.0000 -0.0000 -5.9873 -29.8131 -2.2291
1.5630 29.2891 1.2902 173.3410 -20.1638 -173.4950 0.0000 0.0000 0.0000 -18.5277 -4.2168 -70.5768 26.2025 19.0515 108.4148 -1.2143 -23.9128 -6.6769 0.9113 -6.0828 -17.0248 0.0000 0.0000 0.0000 14.9082 17.6119 -19.9602 -3.7309 -11.7934 35.0049 -0.1443 -9.8143 -16.1526 -0.0427 -1.3339 3.6680 0.5239 -3.5352 25.2265 -1.6354 -5.5416 5.1020 -0.2792 -3.0413 -8.5365 -9.5434 -4.4041 -12.4870 9.5683 -5.1393 -2.4821 4.1682 -2.4590 1.7649 0.0000 -0.0000 0.0000 -77.9639 -29.3673 38.4427 65.7963 -57.6664 -39.2032 -0.0000 0.0000 -7.4604 36.1290 11.1002 8.0000 -7.1250 0.0000 -0.0000 8.2649 43.4792 -0.3125 0.0000 -0.0000 0.0000 79.8426 21.7397 25.3090 -95.0762 59.9024 -64.3947 0.0000 -0.0000 -8.4209 -34.2021 0.2636 -0.1792 7.1250 -0.0000 -0.0000 -5.9935 -29.6356 -2.2569
1.5827 29.3937 1.2693 173.7570 -19.6045 -173.4630 0.0000 0.0000 0.0000 -18.4796 -4.6028 -71.8585 25.6936 19.2043 106.8620 -1.3926 -24.9294 -6.2598 0.6882 -5.3036 -14.7765 0.0000 0.0000 0.0000 15.3134 17.8764 -19.2287 -3.4172 -11.3416 33.4408 -0.0432 -9.9439 -14.8502 -0.0440 -1.3535 3.7219 0.4075 -3.2392 25.1283 -1.6286 -5.1648 4.9652 -0.3284 -2.8499 -8.6210 -9.4899 -4.3090 -12.8087 9.4286 -4.9966 -2.1833 4.1180 -2.3791 1.8841 0.0000 0.0000 0.0000 -77.8930 -32.1547 38.1530 73.9085 -58.9986 -46.1112 -0.0000 0.0000 -9.7074 35.9111 12.4973 8.9062 -7.1250 0.0000 -0.0000 8.0994 45.1291 0.0260 0.0000 0.0000 0.0000 79.9655 21.3590 25.2122 -93.6413 59.9498 -63.1529 0.0000 -0.0000 -8.3434 -33.8904 -0.1229 0.0826 7.1250 -0.0000 -0.0000 -5.7767 -30.1021 -2.1100
1.5985 29.4496 1.2477 174.1550 -19.0697 -173.3800 0.0000 0.0000 0.0000 -18.6621 -4.8449 -72.8634 25.0674 19.3729 104.9665 -1.1712 -24.2798 -7.6369 0.6909 -5.3138 -14.8059 0.0000 0.0000 0.0000 15.6315 17.8852 -19.0835 -3.2475 -11.0853 32.5681 0.0115 -9.6531 -13.5558 -0.0138 -0.7593 2.0866 0.2128 -3.0895 24.9008 -1.5385 -4.9840 4.8131 -0.1863 -2.7468 -8.6465 -9.3931 -4.0641 -12.5708 9.0062 -4.6796 -2.2168 3.9969 -2.2326 1.7912 0.0000 0.0000 0.0000 -77.5955 -34.5875 37.5403 81.6836 -59.7370 -52.8042 -0.0000 0.0000 -12.5890 34.8832 14.2169 9.7160 -7.1250 0.0000 -0.0000 7.1159 47.0169 0.3559 0.0000 0.0000 0.0000 79.9898 21.2224 25.6216 -92.0531 59.9841 -61.7780 0.0000 -0.0000 -8.5977 -33.4332 0.1813 -0.1197 7.1250 -0.0000 -0.0000 -5.3971 -29.7415 -2.0168
1.5950 29.5076 1.2253 174.4580 -18.8321 -173.3000 0.0000 0.0000 0.0000 -19.1520 -5.2681 -73.1319 24.3718 19.5355 102.8780 -0.9099 -21.8580 -7.2104 0.4383 -4.2483 -11.7764 0.0000 0.0000 0.0000 15.7811 17.5837 -19.0091 -3.1008 -10.8565 31.7973 0.0482 -9.2766 -12.3268 -0.0075 -0.5589 1.5357 0.4298 -3.0918 24.7100 -1.6643 -4.9148 4.6544 -0.4756 -2.7084 -8.7528 -8.9092 -4.0441 -12.4472 8.5917 -4.7161 -2.2546 3.7909 -2.2653 1.7398 0.0000 -0.0000 0.0000 -77.2881 -37.4015 37.2770 87.1681 -59.9697 -57.5478 -0.0000 0.0000 -16.2110 33.2126 16.2489 10.3809 -7.1250 0.0000 -0.0000 5.3859 49.1107 0.5474 0.0000 -0.0000 0.0000 80.1955 20.8734 25.7135 -91.0559 59.9958 -60.9144 0.0000 -0.0000 -8.4057 -32.8854 0.1245 -0.0805 7.1250 -0.0000 -0.0000 -4.9710 -29.8135 -1.8478
1.5944 29.5341 1.1911 174.6530 -18.4833 -173.2570 0.0000 0.0000 0.0000 -20.0663 -5.1863 -72.8716 23.6910 19.6702 100.8491 -0.5030 -19.4008 -8.8331 0.3281 -3.6815 -10.1822 0.0000 0.0000 0.0000 15.9611 17.6687 -18.9733 -3.0322 -10.7470 31.4313 0.0977 -9.3607 -11.4451 -0.0001 -0.0664 0.1826 0.2118 -3.0767 24.4322 -1.6039 -4.9279 4.5809 -0.2964 -2.7028 -8.6686 -9.3662 -3.9301 -12.4268 8.8736 -4.5098 -2.2483 3.9648 -2.1535 1.7392 -0.0000 0.0000 0.0000 -77.1493 -39.7594 36.5657 91.2591 -59.9940 -61.0903 -0.0000 0.0000 -19.9062 30.1721 18.6090 10.5099 -7.1250 0.0000 -0.0000 2.0517 51.2485 0.3159 -0.0000 0.0000 0.0000 79.9971 20.7350 26.1268 -89.9922 60.0000 -59.9932 0.0000 -0.0000 -8.7513 -31.9131 1.2230 -0.7615 7.1250 -0.0000 -0.0000 -4.1486 -28.5297 -1.6674
1.5824 29.5607 1.1553 174.8500 -18.2179 -173.3110 0.0000 0.0000 0.0000 -20.8945 -5.1719 -72.0581 23.0022 19.7825 98.8084 -0.3408 -17.9786 -9.2060 0.3273 -3.6771 -10.1700 0.0000 0.0000 0.0000 16.1619 17.7871 -18.8311 -3.0132 -10.7164 31.3292 0.1249 -9.4647 -11.0184 -0.0009 0.1884 -0.5176 0.2744 -2.9834 24.2562 -1.6919 -4.7910 4.5513 -0.4806 -2.6385 -8.6208 -9.4411 -4.0062 -12.5584 9.0208 -4.6022 -2.2917 4.0150 -2.1975 1.7613 0.0000 0.0000 0.0000 -77.2965 -41.9915 36.7163 93.5366 -59.9527 -63.0623 -0.0000 0.0000 -22.8541 27.2362 21.6144 10.7361 -7.1250 0.0000 -0.0000 -1.6079 53.9917 -0.3555 0.0000 0.0000 0.0000 79.8186 20.4848 26.3611 -89.0437 59.9965 -59.1718 0.0000 -0.0000 -9.1830 -32.0221 2.7135 -1.6959 7.1250 -0.0000 -0.0000 -4.1411 -26.7752 -1.8360
1.5642 29.5700 1.1148 174.9000 -17.8607 -173.2780 0.0000 0.0000 0.0000 -21.7333 -5.1144 -70.9932 22.4389 19.8568 97.1473 -0.4398 -17.7037 -7.7785 0.0772 -1.7921 -4.9313 0.0000 0.0000 0.0000 16.0600 18.0586 -18.7570 -2.9893 -10.6778 31.2006 0.1166 -9.1514 -10.6550 -0.0001 -0.0561 0.1541 -0.3742 -2.8075 24.2285 -1.3361 -4.6713 4.4105 0.2417 -2.5501 -8.6808 -9.6969 -3.9334 -12.8231 8.5948 -4.4419 -2.2531 3.9315 -2.1234 1.7892 -0.0000 0.0000 0.0000 -78.1315 -43.4966 37.1086 94.9084 -59.9088 -64.2495 -0.0000 0.0000 -25.4106 25.7815 24.3029 11.2434 -7.1250 0.0000 -0.0000 -3.9827 56.5691 -1.1308 -0.0000 0.0000 0.0000 79.0309 20.2626 26.7294 -88.3395 59.9896 -58.5621 0.0000 -0.0000 -9.2833 -32.1848 3.1529 -1.9825 7.1250 -0.0000 -0.0000 -4.2350 -26.2520 -1.9299
1.5347 29.5808 1.0784 175.4150 -17.6805 -173.2560 0.0000 0.0000 0.0000 -21.7716 -5.1286 -70.2806 22.3033 19.8723 96.7483 -0.1654 -16.9838 -10.2433 0.0576 -1.5484 -4.2592 0.0000 0.0000 0.0000 16.5146 17.8264 -18.9448 -2.9921 -10.6823 31.2156 0.1090 -8.8056 -10.2260 -0.0001 -0.0647 0.1778 0.2863 -3.1376 24.3447 -1.5754 -4.9281 4.1632 -0.2986 -2.6748 -9.0925 -9.4749 -3.7246 -12.8058 8.8166 -4.2147 -2.4507 3.9804 -2.0148 1.7102 -0.0000 0.0000 0.0000 -77.5760 -43.6598 37.1600 97.6399 -59.7783 -66.6114 -0.0000 0.0000 -25.5933 25.9921 27.7197 12.7778 -7.1250 0.0000 -0.0000 -5.1425 60.2162 -1.9118 -0.0000 0.0000 0.0000 79.6322 19.9810 27.5167 -87.8619 59.9827 -58.1485 0.0000 -0.0000 -9.1769 -32.0458 2.9433 -1.8410 7.1250 -0.0000 -0.0000 -4.1440 -26.5042 -1.8637
1.5073 29.5992 1.0434 175.4200 -17.4436 -172.9200 0.0000 0.0000 0.0000 -22.1685 -5.2571 -70.0556 22.2503 19.8782 96.5924 -0.0129 -16.4061 -11.3964 0.0026 -0.3271 -0.8986 0.0000 0.0000 0.0000 16.4408 17.7355 -19.3146 -3.0481 -10.7724 31.5162 0.1063 -8.5949 -9.9157 -0.0054 0.4759 -1.3076 0.0776 -3.1280 24.2566 -1.5734 -4.9519 4.0419 -0.1720 -2.6715 -9.1657 -9.6112 -3.6362 -12.9039 8.9395 -4.0935 -2.9239 4.0511 -1.9674 1.5786 -0.0000 0.0000 0.0000 -78.0998 -43.8434 37.7461 99.2680 -59.6729 -68.0175 -0.0000 0.0000 -23.5598 28.9798 30.7069 15.7920 -7.1250 0.0000 -0.0000 -3.0479 64.1287 -1.4131 -0.0000 0.0000 0.0000 79.6699 19.6114 27.7191 -88.1773 59.9874 -58.4215 0.0000 -0.0000 -9.4452 -32.2514 3.2446 -2.0454 7.1250 -0.0000 -0.0000 -4.2790 -26.1412 -1.9612
1.4800 29.6308 1.0094 175.6010 -17.2527 -172.4990 0.0000 0.0000 0.0000 -22.2129 -5.2733 -70.4544 22.2648 19.8766 96.6349 0.0739 -15.8097 -11.8681 0.0018 -0.2752 -0.7562 0.0000 0.0000 0.0000 16.4525 17.9876 -19.6010 -3.0168 -10.7222 31.3488 0.1247 -8.7176 -9.6561 -0.0062 0.5096 -1.4004 0.0169 -3.1669 24.0077 -1.6149 -5.0003 3.9307 -0.1798 -2.6847 -9.1595 -9.6022 -3.5638 -12.8575 9.1101 -4.0243 -3.4193 4.1117 -1.9487 1.4222 0.0000 0.0000 0.0000 -78.6638 -43.6639 37.9784 100.2236 -59.6013 -68.8420 -0.0000 0.0000 -21.7492 29.9270 32.8456 17.3394 -7.1250 0.0000 -0.0000 -3.0748 66.6383 -1.6041 0.0000 0.0000 0.0000 80.0613 19.3221 27.8094 -88.3138 59.9893 -58.5397 0.0000 -0.0000 -9.7102 -32.1021 3.3068 -2.0724 7.1250 -0.0000 -0.0000 -4.1618 -26.0746 -1.9137
1.4419 29.6675 0.9748 175.7510 -17.0485 -172.0970 0.0000 0.0000 0.0000 -22.1892 -5.3253 -71.0849 22.3454 19.8676 96.8721 0.0642 -15.0644 -11.2748 0.0001 0.0473 0.1300 0.0000 0.0000 0.0000 16.4013 18.0629 -19.9650 -2.9884 -10.6762 31.1956 0.1515 -8.7511 -8.9586 -0.0192 0.8954 -2.4610 0.0022 -3.0655 23.5000 -1.6322 -4.8667 4.0150 -0.2662 -2.6262 -8.7979 -9.3951 -3.7322 -12.7348 8.9746 -4.3091 -4.1477 4.0282 -2.1247 1.2030 -0.0000 -0.0000 0.0000 -79.6479 -43.8707 38.4648 99.8133 -59.6330 -68.4881 -0.0000 0.0000 -21.5723 29.6375 35.0980 18.1145 -7.1250 0.0000 -0.0000 -5.1196 68.8735 -2.9331 -0.0000 -0.0000 0.0000 79.9244 19.0999 27.6168 -88.8037 59.9946 -58.9640 0.0000 -0.0000 -10.4168 -32.6711 3.1785 -2.0364 7.1250 -0.0000 -0.0000 -4.6010 -26.2010 -2.1032
1.4127 29.6957 0.9384 175.9520 -16.8203 -171.6650 0.0000 0.0000 0.0000 -21.7112 -5.4978 -72.0772 22.5572 19.8425 97.4958 0.0342 -14.1209 -10.3119 0.0066 -0.5256 -1.4442 0.0000 0.0000 0.0000 16.4100 18.4434 -20.2048 -2.9522 -10.6173 30.9997 0.1795 -8.9550 -8.5136 -0.0083 0.5895 -1.6198 0.0411 -2.9965 23.3031 -1.7567 -4.7592 3.8955 -0.4650 -2.5699 -8.8399 -9.6164 -3.7279 -12.6511 9.4068 -4.2924 -4.3931 4.2022 -2.1170 1.1344 -0.0000 0.0000 0.0000 -80.3292 -43.4884 38.9356 99.3946 -59.6639 -68.1268 -0.0000 0.0000 -21.9104 26.1752 34.6227 15.6034 -7.1250 0.0000 -0.0000 -9.3859 67.3313 -5.0616 -0.0000 0.0000 0.0000 80.0393 18.4493 27.5160 -89.4768 59.9990 -59.5469 0.0000 -0.0000 -10.8263 -32.9515 2.9895 -1.9362 7.1250 -0.0000 -0.0000 -4.8274 -26.4128 -2.1833
1.3660 29.7485 0.9009 175.9480 -16.6979 -171.4860 0.0000 0.0000 0.0000 -21.3293 -6.0680 -72.6827 22.7694 19.8151 98.1212 -0.0194 -12.7814 -8.7127 0.0018 -0.2774 -0.7623 0.0000 0.0000 0.0000 16.3049 18.0951 -20.1490 -2.8611 -10.4667 30.5018 0.2081 -9.0804 -7.7934 -0.0119 0.7042 -1.9352 0.1880 -3.0673 23.5253 -2.1022 -4.8662 3.9022 -0.8801 -2.6345 -8.9955 -9.3253 -3.6429 -12.4509 9.6362 -4.2590 -5.0713 4.2380 -2.1323 0.9014 -0.0000 0.0000 0.0000 -80.5718 -43.1570 39.3274 99.4172 -59.6622 -68.1463 -0.0000 0.0000 -22.2843 25.4448 34.9536 15.2477 -7.1250 0.0000 -0.0000 -10.6280 67.4402 -5.7636 -0.0000 0.0000 0.0000 80.0102 17.9207 27.7038 -90.1980 59.9999 -60.1715 0.0000 -0.0000 -11.8787 -33.1396 3.0426 -1.9847 7.1250 -0.0000 -0.0000 -4.9656 -26.3419 -2.2546
1.3354 29.7903 0.8561 176.3530 -16.5698 -171.6270 0.0000 0.0000 0.0000 -20.2695 -6.7860 -73.4923 23.0617 19.7737 98.9845 -0.0305 -11.4261 -7.5605 0.0005 0.1430 0.3928 0.0000 0.0000 0.0000 16.7740 18.2460 -19.6384 -2.7590 -10.2943 29.9352 0.2530 -9.5901 -7.3971 -0.0129 0.7346 -2.0188 0.8604 -3.2794 24.3214 -2.7470 -5.0788 3.8897 -1.8572 -2.7763 -9.5518 -8.5804 -3.4924 -12.6568 10.0691 -4.1897 -5.4602 4.2552 -2.1307 0.8127 0.0000 0.0000 0.0000 -79.7477 -42.8032 39.5594 100.0182 -59.6173 -68.6649 -0.0000 0.0000 -22.5108 27.5218 36.2915 17.1401 -7.1250 0.0000 -0.0000 -9.1515 69.4073 -5.3639 0.0000 0.0000 0.0000 80.5399 17.0541 27.9479 -91.4042 59.9925 -61.2160 0.0000 -0.0000 -12.6028 -32.8052 3.6999 -2.3819 7.1250 -0.0000 -0.0000 -4.6626 -25.5777 -2.1996
1.3029 29.8279 0.8088 176.8240 -16.3811 -171.9270 0.0000 0.0000 0.0000 -19.3099 -7.2624 -73.6570 23.1995 19.7528 99.3919 0.0646 -10.6211 -8.4234 0.0631 1.6214 4.4604 0.0000 0.0000 0.0000 17.3751 18.4025 -18.8878 -2.6347 -10.0788 29.2322 0.3099 -10.2147 -6.7935 -0.0488 1.4262 -3.9222 1.8236 -3.4212 25.2416 -3.5848 -5.1681 4.0156 -3.2624 -2.8932 -10.0597 -8.1137 -3.5327 -12.7021 11.1809 -4.3634 -6.1345 4.5189 -2.2647 0.6677 -0.0000 -0.0000 0.0000 -78.6991 -43.0033 40.2051 101.0522 -59.5334 -69.5565 -0.0000 0.0000 -22.4935 26.2894 34.5700 15.6583 -7.1250 0.0000 -0.0000 -9.1914 67.3129 -4.9521 -0.0000 -0.0000 0.0000 81.1315 15.7876 27.8845 -93.5073 59.9535 -63.0369 0.0000 -0.0000 -13.4766 -32.2504 3.6339 -2.2901 7.1250 -0.0000 -0.0000 -4.2505 -25.6829 -1.9936
1.2574 29.8806 0.7583 176.7220 -15.8354 -171.9320 0.0000 0.0000 0.0000 -19.2319 -7.3449 -72.9428 22.7453 19.8183 98.0501 0.2305 -10.4095 -10.5396 0.0583 1.5585 4.2870 0.0000 0.0000 0.0000 17.2326 18.6098 -18.3502 -2.5288 -9.8901 28.6215 0.3371 -10.4673 -6.2305 -0.0456 1.3777 -3.7886 1.6609 -3.1102 26.1245 -4.0695 -4.9243 4.0628 -3.7590 -2.8084 -10.4810 -7.7686 -3.6250 -12.6046 11.3592 -4.5619 -6.8095 4.5169 -2.4132 0.4712 -0.0000 -0.0000 0.0000 -78.4578 -43.0966 41.6007 102.2218 -59.4280 -70.5640 -0.0000 0.0000 -21.8481 25.4413 33.4885 14.7076 -7.1250 0.0000 -0.0000 -9.3742 65.9813 -4.7653 -0.0000 -0.0000 0.0000 80.9028 14.5034 27.3116 -95.3028 59.8935 -64.5907 0.0000 -0.0000 -14.6785 -31.8939 4.2467 -2.6384 7.1250 -0.0000 -0.0000 -3.9389 -24.9811 -1.9112
1.2060 29.8897 0.6962 176.8170 -15.1413 -171.0910 0.0000 0.0000 0.0000 -18.9028 -7.4972 -72.3750 21.8641 19.9165 95.4574 0.0792 -13.1056 -10.1722 0.0309 1.1338 3.1171 0.0000 0.0000 0.0000 16.9857 19.0917 -19.0534 -2.5249 -9.8831 28.5991 0.3376 -10.4348 -6.0111 -0.0318 1.1506 -3.1633 1.0736 -2.5868 25.9606 -4.0351 -4.3823 3.8648 -3.5775 -2.5249 -10.5291 -7.8882 -3.7755 -12.5720 11.3681 -4.7598 -7.3372 4.5375 -2.5391 0.3310 -0.0000 0.0000 0.0000 -78.7712 -43.0047 43.1675 103.5821 -59.2914 -71.7344 -0.0000 0.0000 -21.2158 25.9354 33.2733 14.9396 -7.1250 0.0000 -0.0000 -8.5816 65.9077 -4.3451 -0.0000 0.0000 0.0000 80.2090 13.2815 26.4584 -96.7145 59.8290 -65.8116 0.0000 -0.0000 -15.4239 -31.2104 4.6195 -2.7936 7.1250 -0.0000 -0.0000 -3.4026 -24.5833 -1.6815
1.1337 29.9181 0.6167 177.1950 -14.7162 -170.3970 0.0000 0.0000 0.0000 -18.7612 -7.2522 -71.4813 21.3482 19.9564 93.9446 0.1445 -14.9506 -12.0389 0.0233 0.9854 2.7087 0.0000 0.0000 0.0000 17.0408 19.4597 -19.4473 -2.4651 -9.7741 28.2484 0.3560 -10.6771 -5.9659 -0.0484 1.4201 -3.9056 0.5832 -2.1329 25.6656 -3.6249 -3.8342 3.7093 -3.0335 -2.2232 -10.4458 -8.2693 -3.8582 -12.4724 11.1260 -4.8315 -7.9182 4.5341 -2.5942 0.1482 -0.0000 0.0000 0.0000 -79.6062 -42.7067 44.7175 104.7615 -59.1604 -72.7478 -0.0000 0.0000 -20.7867 26.6678 33.2801 15.4081 -7.1250 0.0000 -0.0000 -7.6553 66.1269 -3.9121 -0.0000 0.0000 0.0000 79.0978 12.2366 25.5142 -97.7354 59.7727 -66.6939 0.0000 -0.0000 -16.5350 -30.0399 4.8611 -2.8055 7.1250 -0.0000 -0.0000 -2.5153 -24.3693 -1.2545
1.0513 29.9751 0.5164 177.1460 -14.7790 -170.0360 0.0000 0.0000 0.0000 -19.8548 -6.6816 -70.6504 21.1960 19.9657 93.4988 0.3107 -15.1999 -13.7980 0.0150 0.7918 2.1761 0.0000 0.0000 0.0000 16.8018 19.3823 -18.9298 -2.3366 -9.5345 27.4820 0.3670 -10.7824 -5.6719 -0.0565 1.5340 -4.2195 -0.3589 -1.8331 25.4619 -3.0617 -3.6176 3.7781 -1.9417 -2.0679 -10.1528 -8.6959 -3.9452 -12.7136 10.5891 -4.9053 -8.2896 4.4387 -2.6368 0.0672 0.0000 0.0000 0.0000 -80.4432 -42.0850 46.1361 107.2615 -58.8437 -74.8908 -0.0000 0.0000 -19.9755 27.8228 33.9996 16.4419 -7.1250 0.0000 -0.0000 -6.7078 67.1984 -3.5907 0.0000 0.0000 0.0000 77.4833 11.2390 24.9188 -98.8230 59.7038 -67.6333 0.0000 -0.0000 -18.4995 -29.4038 4.9650 -2.7923 7.1250 -0.0000 -0.0000 -2.0359 -24.2855 -1.0190
0.9619 30.0443 0.4055 176.6520 -15.9639 -169.5280 0.0000 0.0000 0.0000 -21.8620 -6.8416 -70.2092 20.9948 19.9763 92.9097 0.4908 -13.4253 -14.6246 0.0179 0.8641 2.3749 0.0000 0.0000 0.0000 16.0634 19.1747 -18.3620 -2.2316 -9.3327 26.8416 0.4246 -11.5843 -6.1106 -0.0385 1.2663 -3.4820 -1.0137 -1.8421 25.0105 -2.6579 -3.7495 4.0615 -1.0936 -2.1069 -9.5340 -9.2528 -4.1757 -12.3640 10.6359 -5.2111 -9.5860 4.5615 -2.8437 -0.3287 0.0000 0.0000 0.0000 -81.7556 -41.5628 48.3102 109.2497 -58.5525 -76.5897 -0.0000 0.0000 -19.3667 27.6336 33.6167 16.1641 -7.1250 0.0000 -0.0000 -6.6609 66.7524 -3.4975 0.0000 0.0000 0.0000 76.0466 10.0343 23.5845 -100.3624 59.5903 -68.9617 0.0000 -0.0000 -22.2180 -28.1546 5.1408 -2.7455 7.1250 -0.0000 -0.0000 -1.0974 -24.1536 -0.5524
0.8844 30.0961 0.3124 176.6900 -16.3910 -168.9690 0.0000 0.0000 0.0000 -22.7306 -6.4017 -70.6862 20.9706 19.9774 92.8389 0.5450 -12.4563 -14.7480 0.0098 0.6385 1.7547 0.0000 0.0000 0.0000 15.7745 19.9205 -18.2863 -2.1899 -9.2510 26.5836 0.5201 -12.7225 -6.1097 -0.0385 1.2661 -3.4812 -1.6433 -1.6684 24.7391 -2.2252 -3.6216 4.1429 -0.3099 -2.0188 -9.2314 -9.7929 -4.3909 -12.3603 10.8682 -5.4683 -10.2662 4.7245 -2.9954 -0.4844 -0.0000 0.0000 0.0000 -83.3864 -40.9705 50.2425 110.3041 -58.3835 -77.4884 -0.0000 0.0000 -18.6697 27.9288 33.5506 16.3296 -7.1250 0.0000 -0.0000 -6.2237 66.7726 -3.2701 -0.0000 0.0000 0.0000 74.4936 9.2465 22.6381 -100.8997 59.5463 -69.4250 0.0000 -0.0000 -25.3502 -26.1940 5.6296 -2.7628 7.1250 -0.0000 -0.0000 0.3781 -23.7108 0.1942
0.7970 30.1686 0.2103 176.7940 -17.2844 -168.5860 0.0000 0.0000 0.0000 -22.8178 -6.7005 -69.9027 20.6580 19.9896 91.9242 0.4814 -13.3271 -14.4965 0.0100 0.6447 1.7716 0.0000 0.0000 0.0000 15.6938 20.0747 -18.1285 -2.1701 -9.2118 26.4601 0.6230 -13.8383 -5.8957 -0.0567 1.5360 -4.2251 -1.7007 -1.7701 24.7549 -1.9135 -3.7147 4.1069 0.0964 -2.0459 -9.2537 -10.1472 -4.6715 -12.4438 11.0129 -5.8046 -10.4381 4.8121 -3.1628 -0.4745 -0.0000 -0.0000 0.0000 -84.8686 -39.5127 52.1574 112.0451 -58.0816 -78.9686 -0.0000 0.0000 -17.6315 29.0142 33.6502 17.0839 -7.1250 0.0000 -0.0000 -4.8538 67.1986 -2.5960 -0.0000 -0.0000 0.0000 73.1785 7.7078 21.8117 -101.5512 59.4898 -69.9865 0.0000 -0.0000 -27.4055 -24.5346 5.7408 -2.6142 7.1250 -0.0000 -0.0000 1.6117 -23.6741 0.8292
0.6987 30.2836 0.1026 176.9320 -17.1401 -168.2020 0.0000 0.0000 0.0000 -22.8188 -6.3726 -68.8413 20.0860 19.9998 90.2514 0.3620 -14.8409 -14.0873 0.0145 0.7768 2.1350 0.0000 0.0000 0.0000 15.1971 21.1607 -17.9136 -2.0696 -9.0096 25.8253 0.7594 -15.2267 -5.0430 -0.0392 1.2775 -3.5128 -1.9163 -1.6368 24.6552 -2.0096 -3.6032 4.0830 0.0742 -1.9879 -9.2235 -9.8459 -4.8642 -12.4034 11.2106 -6.1169 -10.7014 4.8142 -3.3506 -0.5251 0.0000 0.0000 0.0000 -85.7109 -38.0148 53.5212 112.7207 -57.9566 -79.5417 -0.0000 0.0000 -16.4703 28.9048 33.1086 16.7830 -7.1250 0.0000 -0.0000 -4.6163 66.6080 -2.4063 0.0000 0.0000 0.0000 72.8681 6.4675 21.2378 -101.2423 59.5170 -69.7204 0.0000 -0.0000 -27.8962 -22.1885 5.9799 -2.4331 7.1250 -0.0000 -0.0000 3.3531 -23.5278 1.7387
0.6087 30.4050 0.0199 177.1600 -16.5200 -167.7840 0.0000 0.0000 0.0000 -23.0388 -5.8412 -68.3635 19.5655 19.9955 88.7296 0.3523 -15.0733 -14.1159 0.0151 0.7936 2.1811 0.0000 0.0000 0.0000 14.7537 22.0839 -18.2308 -2.0580 -8.9858 25.7509 0.8713 -16.5690 -2.7660 -0.0613 1.5976 -4.3949 -2.0747 -1.5829 25.2936 -2.2501 -3.6079 3.6687 -0.0664 -1.9609 -10.0316 -9.8743 -4.7875 -12.6183 11.6345 -5.9947 -10.5498 4.9474 -3.2884 -0.4377 0.0000 0.0000 0.0000 -85.7511 -36.2235 54.1002 112.8981 -57.9231 -79.6921 -0.0000 0.0000 -15.0496 29.5387 32.7492 17.0427 -7.1250 0.0000 -0.0000 -3.5325 66.4232 -1.8257 0.0000 0.0000 0.0000 72.6239 5.4692 21.2802 -99.9960 59.6191 -68.6457 0.0000 -0.0000 -28.2181 -20.1888 5.3797 -1.9745 7.1250 -0.0000 -0.0000 4.8412 -24.2521 2.4337
0.4732 30.6126 -0.1543 176.7670 -16.3893 -167.5560 0.0000 0.0000 0.0000 -24.5984 -5.3480 -66.2811 18.8553 19.9686 86.6516 0.5221 -14.1323 -15.2072 0.0041 0.4136 1.1365 0.0000 0.0000 0.0000 13.7678 21.7561 -17.8393 -1.9862 -8.8373 25.2876 0.9905 -18.2409 -0.5789 -0.0640 1.6326 -4.4914 -2.4266 -1.6192 24.6501 -2.6727 -3.7921 3.8321 -0.3012 -2.0651 -9.5201 -9.6814 -4.8789 -12.9442 12.0630 -6.1430 -10.5828 5.0331 -3.3835 -0.3664 0.0000 0.0000 0.0000 -85.8927 -34.6412 55.0278 112.3808 -58.0201 -79.2535 -0.0000 0.0000 -13.2238 30.5239 31.6040 17.1702 -7.1250 0.0000 -0.0000 -1.5392 65.5115 -0.7628 0.0000 0.0000 0.0000 72.7085 4.6591 21.2132 -98.8426 59.7025 -67.6503 0.0000 -0.0000 -27.0408 -19.3241 4.9416 -1.7302 7.1250 -0.0000 -0.0000 5.4948 -24.7448 2.7021
0.3604 30.8027 -0.2921 177.2070 -15.9669 -167.3760 0.0000 0.0000 0.0000 -24.7657 -4.8141 -64.8741 18.1640 19.9190 84.6250 0.5978 -13.9627 -15.8024 0.0006 0.1565 0.4300 0.0000 0.0000 0.0000 13.3637 22.8523 -17.2195 -1.7735 -8.3774 23.8662 1.4078 -21.7524 -0.1810 -0.0018 -0.2732 0.7506 -2.2944 -1.7584 24.3192 -2.8865 -3.9408 3.7427 -0.5769 -2.1401 -9.4710 -9.1534 -4.8198 -13.0223 11.9700 -6.1659 -10.7673 4.9194 -3.4347 -0.4266 -0.0000 -0.0000 0.0000 -85.2048 -32.6950 54.9723 112.1863 -58.0559 -79.0885 -0.0000 0.0000 -11.9855 30.5167 30.9633 16.8704 -7.1250 0.0000 -0.0000 -1.2085 64.8316 -0.5798 -0.0000 -0.0000 0.0000 72.7665 4.1487 21.5197 -97.6642 59.7769 -66.6324 0.0000 -0.0000 -25.2224 -18.7555 4.4656 -1.5145 7.1250 -0.0000 -0.0000 5.9341 -25.2622 2.8486
0.2567 30.9706 -0.4365 177.7340 -15.7575 -167.3890 0.0000 0.0000 0.0000 -24.4323 -4.6198 -63.1977 17.5556 19.8561 82.8366 0.5961 -14.4655 -15.9904 0.0051 0.4596 1.2628 0.0000 0.0000 0.0000 13.2456 23.7838 -16.6867 -1.6557 -8.1087 23.0448 1.7250 -24.1639 0.4059 -0.0829 -1.8577 5.1125 -2.1943 -1.9471 24.0224 -2.8487 -4.1114 3.5100 -0.5476 -2.2039 -9.5787 -9.3708 -4.8646 -13.1431 12.1619 -6.1665 -10.1466 4.9956 -3.3924 -0.2079 -0.0000 0.0000 0.0000 -84.6477 -30.6509 54.9103 111.6275 -58.1567 -78.6140 -0.0000 0.0000 -10.6360 30.5041 29.8221 16.3298 -7.1250 0.0000 -0.0000 -0.6714 63.6143 -0.3031 -0.0000 0.0000 0.0000 72.5741 3.3954 22.1054 -97.1673 59.8050 -66.2030 0.0000 -0.0000 -23.0962 -19.9731 4.1217 -1.4964 7.1250 -0.0000 -0.0000 5.0276 -25.5922 2.3712
0.1799 31.1228 -0.5588 178.2870 -15.3663 -167.4180 0.0000 0.0000 0.0000 -24.1314 -4.1286 -62.0933 17.0965 19.7967 81.4831 0.5913 -14.4529 -15.9438 0.0053 0.4713 1.2950 0.0000 0.0000 0.0000 13.5755 24.0609 -16.4940 -1.6855 -8.1778 23.2555 1.6129 -23.8061 1.3657 -0.0267 -1.0546 2.8990 -2.4949 -1.9010 23.5879 -2.6249 -4.0584 3.3993 -0.1647 -2.1542 -9.4341 -9.5686 -4.8553 -12.8963 12.2550 -6.1530 -10.4274 5.0702 -3.4012 -0.3196 0.0000 -0.0000 0.0000 -84.2200 -28.9869 54.9385 111.0239 -58.2622 -78.1010 -0.0000 0.0000 -9.6398 30.8035 29.2268 16.2306 -7.1250 0.0000 -0.0000 -0.0300 63.0595 -0.0132 0.0000 -0.0000 0.0000 71.9969 2.6894 22.9369 -98.7245 59.7104 -67.5483 0.0000 -0.0000 -21.8584 -23.9706 4.1837 -1.8578 7.1250 -0.0000 -0.0000 2.0125 -25.4025 0.9552
0.1012 31.2683 -0.6707 178.6840 -14.9947 -167.6020 0.0000 0.0000 0.0000 -24.1224 -3.5924 -60.9163 16.6793 19.7335 80.2493 0.6279 -13.8865 -16.0318 0.0020 -0.2907 -0.7988 0.0000 0.0000 0.0000 14.0671 22.8164 -16.5085 -1.7883 -8.4104 23.9676 1.2907 -21.8521 2.1816 -0.0128 0.7294 -2.0045 -2.6354 -2.0077 23.2992 -2.6590 -4.2128 3.2994 -0.0863 -2.2176 -9.3846 -9.2414 -4.8368 -12.8367 12.2300 -6.1851 -10.3482 5.0059 -3.4308 -0.3120 -0.0000 0.0000 0.0000 -83.3716 -27.5552 54.8152 110.0436 -58.4262 -77.2665 -0.0000 0.0000 -8.8583 30.8838 29.3265 16.3275 -7.1250 0.0000 -0.0000 0.0293 63.1883 0.0129 -0.0000 0.0000 0.0000 72.1646 2.0644 23.4254 -101.0536 59.5333 -69.5577 0.0000 -0.0000 -20.4490 -27.1385 4.2700 -2.1856 7.1250 -0.0000 -0.0000 -0.3712 -25.1838 -0.1780
0.0353 31.4076 -0.7742 178.9570 -14.5087 -167.7350 0.0000 0.0000 0.0000 -24.1419 -3.0782 -59.6424 16.1881 19.6480 78.7915 0.6475 -13.6585 -16.1146 0.0061 -0.5050 -1.3876 0.0000 0.0000 0.0000 14.4218 21.7670 -16.5264 -1.9372 -8.7339 24.9665 0.9878 -19.4775 2.4328 -0.1079 2.1183 -5.8328 -2.8584 -1.9069 22.9602 -2.6959 -4.1058 3.0995 -0.0448 -2.1478 -9.4157 -9.3877 -5.0223 -12.5414 12.6481 -6.4031 -10.1420 5.1467 -3.5277 -0.2457 0.0000 0.0000 0.0000 -83.0654 -25.9011 55.1219 108.9947 -58.5918 -76.3721 -0.0000 0.0000 -8.0669 30.9722 28.7298 16.0931 -7.1250 0.0000 -0.0000 0.3857 62.5707 0.1647 0.0000 0.0000 0.0000 72.5355 1.5860 22.5450 -102.7879 59.3730 -71.0514 0.0000 -0.0000 -19.2994 -29.1647 4.0871 -2.2778 7.1250 -0.0000 -0.0000 -1.9021 -25.3014 -0.9072
-0.0311 31.5560 -0.8707 179.1840 -14.0845 -167.9740 0.0000 0.0000 0.0000 -24.2173 -2.6378 -58.0950 15.6223 19.5342 77.1044 0.6595 -13.5259 -16.1687 0.0060 -0.4995 -1.3724 0.0000 0.0000 0.0000 14.7389 20.9402 -16.5465 -2.1590 -9.1896 26.3903 0.6946 -17.7745 4.3582 -0.1607 2.5828 -7.1193 -2.9648 -1.9708 22.6863 -2.7901 -4.1968 2.8883 -0.0691 -2.1764 -9.5041 -9.3828 -5.0182 -12.7368 12.7020 -6.3674 -9.3833 5.1411 -3.4631 0.0080 -0.0000 -0.0000 0.0000 -82.7429 -24.2437 54.9206 107.2473 -58.8456 -74.8787 -0.0000 0.0000 -7.4461 30.9310 28.3214 15.8695 -7.1250 0.0000 -0.0000 0.4934 62.1192 0.2054 -0.0000 -0.0000 0.0000 73.1725 1.0251 21.8334 -104.8249 59.1531 -72.8022 0.0000 -0.0000 -19.5300 -30.7541 4.5493 -2.7021 7.1250 -0.0000 -0.0000 -3.0669 -24.6902 -1.5075
-0.0867 31.7166 -0.9578 179.7720 -12.9878 -167.7850 0.0000 0.0000 0.0000 -24.0707 -1.6562 -57.4751 15.0780 19.4090 75.4715 0.7092 -13.0135 -16.4162 0.0264 -1.0488 -2.8832 0.0000 0.0000 0.0000 15.2336 20.8349 -17.1630 -2.4992 -9.8365 28.4488 0.4549 -15.6625 5.2095 -0.1163 2.1983 -6.0541 -3.2152 -1.7306 21.7886 -2.6598 -3.8443 2.6293 0.0756 -1.9818 -9.2863 -9.4522 -5.1394 -12.7755 12.7667 -6.5160 -9.0947 5.1553 -3.5204 0.1206 -0.0000 -0.0000 0.0000 -82.6840 -22.7464 54.6626 105.4161 -59.0827 -73.3096 -0.0000 0.0000 -6.6943 30.8199 28.1550 15.7223 -7.1250 0.0000 -0.0000 0.4191 61.9100 0.1724 -0.0000 -0.0000 0.0000 73.4650 1.1308 20.8111 -106.1694 58.9887 -73.9555 0.0000 -0.0000 -21.2087 -32.1217 4.1787 -2.6193 7.1250 -0.0000 -0.0000 -4.1141 -25.0486 -1.9902
-0.1445 31.8885 -1.0493 180.1380 -12.1373 -167.9450 0.0000 0.0000 0.0000 -24.0579 -0.7273 -56.1264 14.4357 19.2409 73.5309 0.7088 -12.7627 -16.3298 0.0369 -1.2397 -3.4086 0.0000 0.0000 0.0000 15.6332 21.0533 -17.0843 -2.8002 -10.3644 30.1652 0.3765 -14.7697 5.3612 -0.1298 2.3224 -6.3975 -3.3383 -1.5319 21.2464 -2.6495 -3.5667 2.4980 0.0570 -1.8396 -9.1348 -9.3951 -5.1001 -12.5837 12.7544 -6.4902 -9.3262 5.1537 -3.5271 0.0178 0.0000 0.0000 0.0000 -82.7052 -21.3966 54.5762 103.1292 -59.3385 -71.3449 -0.0000 0.0000 -5.8745 30.4231 26.9891 14.9226 -7.1250 0.0000 -0.0000 0.3580 60.5458 0.1357 0.0000 0.0000 0.0000 74.1537 1.7026 19.8577 -106.4413 58.9536 -74.1885 0.0000 -0.0000 -22.9569 -32.7714 4.1367 -2.6588 7.1250 -0.0000 -0.0000 -4.6030 -25.0628 -2.2266
-0.1978 32.0691 -1.1243 180.3850 -11.7308 -168.2540 0.0000 0.0000 0.0000 -23.9562 -0.3763 -54.3421 13.7504 19.0366 71.4407 0.6747 -12.7084 -16.0143 0.0305 -1.1277 -3.1004 0.0000 0.0000 0.0000 16.0479 20.6472 -17.0600 -3.1320 -10.9057 31.9627 0.4540 -15.2788 4.7243 -0.0899 1.9341 -5.3235 -3.5136 -1.5917 20.9816 -2.5725 -3.6524 2.4256 0.2546 -1.8682 -9.0536 -9.4267 -5.1118 -12.7818 12.7959 -6.5008 -9.0565 5.1601 -3.5188 0.1317 0.0000 0.0000 0.0000 -82.3089 -20.1437 53.9265 100.6409 -59.5678 -69.2019 -0.0000 0.0000 -5.3436 30.1427 26.4913 14.5215 -7.1250 0.0000 -0.0000 0.1937 59.9355 0.0706 0.0000 0.0000 0.0000 74.2010 2.5679 19.7521 -106.0795 59.0002 -73.8785 0.0000 -0.0000 -25.0726 -32.7700 3.3189 -2.1343 7.1250 -0.0000 -0.0000 -4.6653 -26.0304 -2.1514
-0.2373 32.2516 -1.1766 180.8870 -11.2184 -169.0750 0.0000 0.0000 0.0000 -23.5678 0.2921 -52.2401 13.0533 18.8013 69.2908 0.6330 -12.4341 -15.5499 0.0338 -1.1860 -3.2606 0.0000 0.0000 0.0000 17.1112 19.6892 -16.3553 -3.4702 -11.4199 33.7096 0.6224 -16.1756 3.0505 -0.0124 0.7183 -1.9739 -3.3028 -1.5192 21.5295 -2.5738 -3.5440 2.3293 0.1263 -1.8149 -9.4726 -9.2852 -5.0600 -12.5913 12.7705 -6.4522 -8.9552 5.1336 -3.4940 0.1225 -0.0000 -0.0000 0.0000 -81.9508 -18.8087 53.6168 97.8271 -59.7672 -66.7732 -0.0000 0.0000 -5.1706 29.9214 25.3156 13.8255 -7.1250 0.0000 -0.0000 0.3106 58.6042 0.1033 -0.0000 -0.0000 0.0000 74.3871 3.0646 19.8411 -105.7891 59.0368 -73.6295 0.0000 -0.0000 -27.4861 -33.1395 3.1802 -2.0743 7.1250 -0.0000 -0.0000 -4.9548 -26.1783 -2.2686
-0.2750 32.4343 -1.2249 181.2090 -11.2790 -169.5930 0.0000 0.0000 0.0000 -23.2937 0.0767 -50.1611 12.3060 18.5170 66.9556 0.5909 -11.8675 -14.9705 0.0284 -1.0876 -2.9899 0.0000 0.0000 0.0000 17.7796 18.4278 -16.3136 -3.8026 -11.8930 35.3547 0.7830 -17.1528 1.6528 -0.0303 1.1231 -3.0877 -3.0144 -1.7005 21.6557 -2.4344 -3.6921 2.2620 0.1637 -1.8829 -9.6201 -9.3929 -5.0368 -12.4660 12.7141 -6.4075 -8.8770 5.1377 -3.4635 0.1220 0.0000 -0.0000 0.0000 -81.6785 -18.1839 53.3011 93.9840 -59.9399 -63.4495 -0.0000 0.0000 -4.7488 29.0003 24.9064 13.1400 -7.1250 0.0000 -0.0000 -0.6161 57.9418 -0.1951 0.0000 -0.0000 0.0000 74.2208 3.5266 20.0031 -105.8312 59.0315 -73.6656 0.0000 -0.0000 -30.2837 -32.3361 2.8576 -1.8077 7.1250 -0.0000 -0.0000 -4.3701 -26.5937 -1.9568
-0.3175 32.6342 -1.2760 181.2720 -11.2775 -170.3620 0.0000 0.0000 0.0000 -23.4332 0.0764 -47.6142 11.4904 18.1668 64.3642 0.5887 -10.9834 -14.6675 0.0514 -1.4633 -4.0247 0.0000 0.0000 0.0000 18.2455 16.9868 -15.7917 -4.1581 -12.3679 37.0460 0.9170 -17.5030 -0.7807 -0.0003 0.1165 -0.3201 -2.8792 -1.6728 21.9928 -2.4166 -3.6450 2.2848 0.1062 -1.8655 -9.7854 -9.3061 -5.2426 -12.9182 12.5712 -6.6601 -8.1304 5.0362 -3.5429 0.4282 -0.0000 -0.0000 0.0000 -81.4877 -17.6732 53.4122 90.5658 -59.9988 -60.4900 -0.0000 0.0000 -5.7374 28.3508 24.6194 12.6687 -7.1250 0.0000 -0.0000 -1.2571 57.4813 -0.3843 -0.0000 -0.0000 0.0000 74.1959 3.9213 20.4674 -105.7664 59.0396 -73.6101 0.0000 -0.0000 -31.9352 -32.1222 2.2927 -1.4387 7.1250 -0.0000 -0.0000 -4.2448 -27.2667 -1.8331
-0.3530 32.8287 -1.3201 181.3510 -10.9331 -171.0250 0.0000 0.0000 0.0000 -23.5790 0.2526 -45.2326 10.6680 17.7688 61.6987 0.5936 -9.9955 -14.4344 0.0820 -1.8472 -5.0836 0.0000 0.0000 0.0000 18.6709 15.6073 -15.3958 -4.5821 -12.8971 38.9844 0.9467 -17.0890 -3.8436 -0.0006 0.1586 -0.4359 -3.0276 -1.6569 22.1507 -2.3366 -3.6541 2.1733 0.2889 -1.8530 -9.9808 -10.9121 -5.2307 -13.1610 14.5362 -6.3926 -6.7714 5.8967 -3.2818 0.9918 0.0000 0.0000 0.0000 -81.2037 -16.8456 53.1728 87.4411 -59.9752 -57.7841 -0.0000 0.0000 -5.2827 26.9524 25.1083 12.1757 -7.1250 0.0000 -0.0000 -2.9821 57.6863 -0.9267 0.0000 0.0000 0.0000 74.1378 4.7021 21.4926 -104.7965 59.1564 -72.7779 0.0000 -0.0000 -32.7887 -32.4761 1.8708 -1.1904 7.1250 -0.0000 -0.0000 -4.5435 -27.7534 -1.9106
-0.3922 33.0220 -1.3867 181.7040 -10.3537 -171.6290 0.0000 0.0000 0.0000 -23.4428 0.6900 -42.8972 9.8279 17.3119 58.9115 0.5943 -9.0252 -14.2045 0.1118 -2.1563 -5.9379 0.0000 0.0000 0.0000 19.2560 14.3790 -15.1735 -5.0045 -13.3888 40.8419 1.0489 -17.7920 -5.8593 -0.0125 0.7206 -1.9803 -2.7571 -1.6436 21.7905 -2.3390 -3.5383 2.0613 0.0853 -1.8024 -9.9276 -13.0435 -5.5399 -15.1965 17.1801 -6.5168 -2.5156 7.0014 -3.0034 2.7922 -0.0000 -0.0000 0.0000 -80.9249 -16.2386 52.7459 83.9202 -59.8599 -54.7372 -0.0000 0.0000 -4.3390 26.0238 25.5017 11.8713 -7.1250 0.0000 -0.0000 -4.1604 57.8923 -1.3143 -0.0000 -0.0000 0.0000 74.4869 5.4738 22.5345 -102.8731 59.3645 -71.1246 0.0000 -0.0000 -33.0842 -33.2941 0.2338 -0.1536 7.1250 -0.0000 -0.0000 -5.2847 -29.6801 -1.9822
-0.4329 33.2213 -1.4601 181.9170 -9.1671 -171.8110 0.0000 0.0000 0.0000 -23.5356 1.4878 -40.9493 8.9556 16.7791 55.9366 0.5986 -7.8795 -14.0266 0.2232 -3.0411 -8.3933 0.0000 0.0000 0.0000 19.4784 14.1026 -15.1098 -5.4401 -13.8630 42.6912 1.0558 -17.9746 -9.2368 -0.0074 0.5550 -1.5251 -2.9893 -1.3330 20.7980 -2.0893 -3.0770 1.9106 0.3216 -1.5601 -9.5316 -14.5470 -6.0570 -19.1275 17.8381 -6.9759 4.6763 7.4189 -2.7539 5.7443 0.0000 0.0000 0.0000 -81.2823 -15.4640 52.2509 80.7846 -59.6767 -52.0279 -0.0000 0.0000 -3.5643 25.2541 25.2160 11.3632 -7.1250 0.0000 -0.0000 -4.8982 57.4174 -1.4919 0.0000 0.0000 0.0000 74.4904 6.5389 23.1979 -99.8526 59.6300 -68.5220 0.0000 -0.0000 -33.1561 -34.1416 -0.3772 0.2558 7.1250 -0.0000 -0.0000 -5.9924 -30.4062 -2.1457
-0.4842 33.4156 -1.5649 182.3700 -7.4827 -171.7300 0.0000 0.0000 0.0000 -23.4105 2.5974 -39.2795 8.1052 16.1961 52.9409 0.6135 -6.9564 -14.0586 0.2277 -3.0716 -8.4780 0.0000 0.0000 0.0000 19.6558 13.3209 -15.5179 -5.8385 -14.2700 44.3300 0.8484 -16.9909 -12.3529 -0.0469 1.3975 -3.8431 -2.8637 -0.9145 18.8913 -2.0591 -2.3622 1.7608 0.0333 -1.2192 -8.6664 -15.4030 -6.2846 -22.9141 18.3629 -7.3852 11.8604 7.8838 -2.5965 8.8125 0.0000 -0.0000 0.0000 -81.3737 -14.9441 51.9116 76.7365 -59.3247 -48.5395 -0.0000 0.0000 -2.2487 24.8277 25.5627 11.2897 -7.1250 0.0000 -0.0000 -5.5051 57.6857 -1.7131 0.0000 -0.0000 0.0000 74.8761 6.8735 23.9614 -97.6946 59.7751 -66.6586 0.0000 -0.0000 -33.4376 -35.1051 -1.7098 1.2015 7.1250 -0.0000 -0.0000 -6.8556 -32.0208 -2.1912
-0.5162 33.6160 -1.6398 182.5790 -6.5938 -171.9900 0.0000 0.0000 0.0000 -23.3653 2.8235 -36.9714 7.2398 15.5305 49.7756 0.6067 -5.8115 -13.8886 0.2983 -3.5121 -9.7079 0.0000 0.0000 0.0000 19.9415 13.4326 -15.2115 -6.2199 -14.6381 45.8581 0.7872 -17.6550 -15.7012 -0.0384 1.2653 -3.4790 -2.9177 -0.7621 18.0224 -1.9296 -2.0937 1.6355 0.1153 -1.0782 -8.3210 -16.4775 -6.5283 -26.7686 18.9364 -7.8939 18.6499 8.6131 -2.6406 12.1018 0.0000 0.0000 0.0000 -81.6409 -14.1825 51.0226 73.5411 -58.9513 -45.7963 -0.0000 0.0000 -1.3036 23.5828 24.9787 10.4446 -7.1250 0.0000 -0.0000 -6.6184 56.8020 -1.9201 0.0000 0.0000 0.0000 75.0253 7.5785 24.8642 -94.2310 59.9322 -63.6633 0.0000 -0.0000 -33.2101 -36.1718 -2.0188 1.4754 7.1250 -0.0000 -0.0000 -7.7382 -32.4147 -2.4035
-0.5418 33.7923 -1.7081 183.0260 -5.7879 -172.4940 0.0000 0.0000 0.0000 -22.9726 2.9397 -34.4305 6.4791 14.8771 46.8755 0.5984 -4.5724 -13.7765 0.2893 -3.4589 -9.5590 0.0000 0.0000 0.0000 20.4489 13.4120 -14.7517 -6.5225 -14.9162 47.0443 0.7509 -18.7085 -18.7556 -0.0012 0.2278 -0.6259 -2.7431 -0.7268 17.5144 -1.7203 -1.9380 1.3777 0.1932 -0.9867 -8.3207 -17.0592 -6.1115 -29.1135 19.2306 -7.8192 24.2465 9.3893 -2.6646 14.8781 0.0000 0.0000 0.0000 -81.9342 -13.4248 49.9915 70.4175 -58.5003 -43.1265 -0.0000 0.0000 -1.8889 22.2639 23.9045 9.4191 -7.1250 0.0000 -0.0000 -7.5852 55.4111 -1.9466 0.0000 0.0000 0.0000 75.1964 7.7257 26.1907 -90.5922 59.9987 -60.5128 0.0000 -0.0000 -31.9925 -36.9030 -1.2267 0.9210 7.1250 -0.0000 -0.0000 -8.2518 -31.4478 -2.7598
-0.5653 33.9577 -1.7829 183.4000 -4.9256 -172.7810 0.0000 0.0000 0.0000 -22.6112 2.6320 -31.9094 5.7497 14.1813 43.9685 0.5992 -3.0745 -13.8973 0.3402 -3.7478 -10.3683 0.0000 0.0000 0.0000 20.7718 13.4766 -14.5130 -6.6977 -15.0719 47.7214 0.7146 -19.6543 -21.1686 -0.0001 -0.0633 0.1739 -2.5857 -0.6853 16.7385 -1.6118 -1.7850 1.2183 0.1686 -0.9065 -8.0663 -15.5973 -5.7786 -29.4135 16.2135 -7.1874 26.3561 8.0274 -2.6260 15.4466 0.0000 0.0000 0.0000 -81.7248 -13.0470 48.8598 67.8473 -58.0620 -40.9400 -0.0000 0.0000 -2.2810 20.2420 24.1136 8.5675 -7.1250 0.0000 -0.0000 -9.7789 55.2173 -2.4704 0.0000 0.0000 0.0000 75.2418 7.8119 27.6011 -87.5278 59.9769 -57.8591 0.0000 -0.0000 -31.5295 -37.3555 -0.8073 0.6162 7.1250 -0.0000 -0.0000 -8.5688 -30.9292 -2.9757
-0.5894 34.0896 -1.8625 183.7380 -3.8480 -172.7710 0.0000 0.0000 0.0000 -22.2980 2.1879 -29.6183 5.0868 13.4809 41.1965 0.6138 -1.6733 -14.3205 0.2886 -3.4547 -9.5472 0.0000 0.0000 0.0000 20.8653 13.9673 -14.4891 -6.7678 -15.1332 47.9907 0.4866 -19.5295 -23.3803 -0.0069 -0.5366 1.4745 -2.2740 -0.6062 15.7012 -1.5393 -1.5446 0.9675 -0.0032 -0.7858 -7.7693 -16.6415 -5.5134 -28.0519 16.5201 -6.6629 26.3044 8.4407 -2.5356 15.0741 -0.0000 -0.0000 0.0000 -81.5615 -12.3730 47.7894 66.1757 -57.7428 -39.5239 -0.0000 0.0000 -2.2654 18.4719 23.3469 7.5412 -7.1250 0.0000 -0.0000 -11.2616 54.0967 -2.5426 -0.0000 -0.0000 0.0000 74.9813 7.7960 29.0654 -84.9576 59.9037 -55.6345 0.0000 -0.0000 -31.5569 -37.1418 -1.8041 1.3661 7.1250 -0.0000 -0.0000 -8.4988 -32.1657 -2.6956
-0.6032 34.1974 -1.9430 184.0290 -2.8484 -173.1490 0.0000 0.0000 0.0000 -22.0576 2.0725 -27.4402 4.5543 12.8636 38.8600 0.5939 0.0930 -14.5968 0.3239 -3.6582 -10.1170 0.0000 0.0000 0.0000 21.0408 14.1409 -13.7388 -6.5533 -14.9439 47.1639 0.1029 -17.7232 -24.1869 -0.0013 -0.2369 0.6508 -2.3644 -0.6284 14.9506 -1.2897 -1.5190 0.8502 0.2953 -0.7576 -7.4669 -17.2228 -5.7612 -26.7173 16.3993 -5.5872 26.5119 8.8314 -1.6892 14.6971 -0.0000 -0.0000 0.0000 -81.3210 -11.6491 46.6261 64.5634 -57.4082 -38.1629 -0.0000 0.0000 -1.6293 16.9994 23.7153 7.0098 -7.1250 0.0000 -0.0000 -12.9137 54.1866 -2.9532 -0.0000 -0.0000 0.0000 74.4032 8.0169 31.0915 -82.0404 59.7592 -53.1123 0.0000 -0.0000 -31.2186 -37.7097 -1.5023 1.1612 7.1250 -0.0000 -0.0000 -8.9229 -31.7973 -2.9130
-0.6229 34.2697 -2.0318 184.2520 -1.9170 -173.9220 0.0000 0.0000 0.0000 -21.9293 2.2214 -25.0043 4.1308 12.3324 36.9184 0.5966 1.3720 -15.1504 0.3517 -3.8105 -10.5441 0.0000 0.0000 0.0000 21.0991 13.9931 -12.4213 -6.0474 -14.4741 45.1715 -0.3911 -14.2688 -24.1123 -0.0086 0.5991 -1.6462 -2.1398 -0.6800 14.6507 -1.2576 -1.5276 0.7676 0.1992 -0.7645 -7.3921 -17.9464 -5.2757 -25.2580 16.5670 -4.8087 26.4852 9.1538 -1.4304 14.2232 0.0000 0.0000 0.0000 -80.5609 -10.5097 45.9811 63.6202 -57.1999 -37.3692 -0.0000 0.0000 -1.5610 16.3970 23.3958 6.6645 -7.1250 0.0000 -0.0000 -13.3725 53.7570 -2.9196 0.0000 0.0000 0.0000 74.0547 8.1705 32.9964 -79.2197 59.5563 -50.6779 0.0000 -0.0000 -30.9116 -37.0189 -2.2203 1.6734 7.1250 -0.0000 -0.0000 -8.4397 -32.6793 -2.5709
-0.6291 34.3317 -2.1478 184.3820 -0.1415 -174.1350 0.0000 0.0000 0.0000 -21.9789 3.2864 -23.6237 3.8012 11.8911 35.3478 0.5847 2.6403 -15.6433 0.3689 -3.9013 -10.7992 0.0000 0.0000 0.0000 20.8952 14.8372 -11.1659 -5.3306 -13.7467 42.2321 -0.7673 -9.7254 -22.7908 -0.1083 2.1221 -5.8432 -2.2340 -0.7691 13.3623 -1.2368 -1.2897 0.7878 0.1902 -0.5152 -6.6456 -18.9451 -4.8622 -24.7232 16.8366 -3.9462 26.6952 9.6269 -1.1372 14.0304 -0.0000 -0.0000 0.0000 -79.9145 -9.6012 44.9121 63.0497 -57.0693 -36.8900 -0.0000 0.0000 -2.0369 16.1392 23.1411 6.4880 -7.1250 0.0000 -0.0000 -13.5142 53.4575 -2.8517 -0.0000 -0.0000 0.0000 73.6225 9.0574 35.1858 -75.9615 59.2421 -47.8732 0.0000 -0.0000 -29.7977 -37.3890 -1.5442 1.1798 7.1250 -0.0000 -0.0000 -8.6710 -31.8460 -2.8188
-0.6164 34.3681 -2.2519 184.8410 2.4613 -174.0540 0.0000 0.0000 0.0000 -21.6223 4.4361 -22.8854 3.5769 11.5751 34.2448 0.6069 3.8052 -16.5916 0.3112 -3.5863 -9.9156 0.0000 0.0000 0.0000 21.0271 16.8471 -9.9127 -4.4895 -12.7847 38.5678 -1.0479 -5.4754 -22.0497 -0.2508 3.2226 -8.8990 -2.4054 -0.2612 11.9927 -0.9820 -0.6199 0.6185 0.4253 -0.2013 -6.0661 -20.1353 -4.4957 -24.1536 17.1249 -3.0949 26.9626 10.1394 -0.8655 13.8483 -0.0000 0.0000 0.0000 -79.4121 -8.4292 44.0146 62.7304 -56.9947 -36.6221 -0.0000 0.0000 -3.1426 14.9474 23.4684 6.0687 -7.1250 0.0000 -0.0000 -14.8505 53.5620 -3.1815 -0.0000 0.0000 0.0000 73.1735 9.8488 36.8647 -73.1140 58.8947 -45.4305 0.0000 -0.0000 -29.8471 -36.2605 -0.9687 0.7105 7.1250 -0.0000 -0.0000 -7.7168 -31.1261 -2.6379
-0.6095 34.3973 -2.3700 185.2020 4.1831 -174.1400 0.0000 0.0000 0.0000 -21.2779 4.8518 -21.6727 3.3698 11.2709 33.1989 0.6084 4.9809 -17.3883 0.3551 -3.8283 -10.5942 0.0000 0.0000 0.0000 21.2371 18.3266 -8.4496 -3.6097 -11.6220 34.4076 -1.1100 -3.2711 -21.3294 -0.3671 3.8921 -10.7732 -2.1032 -0.2545 10.6994 -0.7774 -0.5541 0.4817 0.4532 -0.1930 -5.4881 -21.6422 -4.0069 -23.5676 17.5985 -2.0017 27.2911 10.8325 -0.4931 13.6153 0.0000 0.0000 0.0000 -78.8732 -6.9422 42.5467 62.5335 -56.9481 -36.4570 -0.0000 0.0000 -3.8826 14.5931 22.5480 5.7012 -7.1250 0.0000 -0.0000 -14.7743 52.5969 -2.8118 0.0000 0.0000 0.0000 72.9272 11.1634 38.7810 -69.5178 58.3539 -42.3599 0.0000 -0.0000 -29.0952 -34.9551 -0.9340 0.6529 7.1250 -0.0000 -0.0000 -6.6773 -31.0788 -2.2856
-0.5854 34.4315 -2.4953 185.4170 6.2493 -174.1190 0.0000 0.0000 0.0000 -21.1401 5.4629 -20.4761 3.1525 10.9380 32.0710 0.6340 5.9946 -18.4071 0.3386 -3.7392 -10.3439 0.0000 0.0000 0.0000 21.4084 20.3252 -6.8591 -2.8326 -10.4190 30.3447 -1.1139 -3.2438 -21.3497 -0.3040 3.5447 -9.7992 -2.1312 -0.0889 9.3271 -0.6142 -0.3227 0.2363 0.6013 -0.0923 -4.9797 -23.0159 -3.4894 -22.9277 18.0119 -0.9214 27.6601 11.4579 -0.1134 13.3610 0.0000 -0.0000 0.0000 -78.4438 -5.3258 40.9016 62.5374 -56.9490 -36.4603 -0.0000 0.0000 -4.7084 13.4608 22.1505 5.1568 -7.1250 0.0000 -0.0000 -15.6995 52.0135 -2.7672 0.0000 -0.0000 0.0000 72.8562 11.9185 40.4333 -67.0377 57.9108 -40.2536 0.0000 -0.0000 -28.7987 -32.8568 -0.5276 0.3407 7.1250 -0.0000 -0.0000 -4.9865 -30.5869 -1.7612
-0.5604 34.4518 -2.5968 185.6370 7.5214 -174.2110 0.0000 0.0000 0.0000 -20.9404 4.8872 -18.9281 2.9514 10.6160 30.9956 0.6137 7.7276 -19.5821 0.3247 -3.6627 -10.1296 0.0000 0.0000 0.0000 21.7414 21.3491 -5.9988 -2.3226 -9.5080 27.3976 -1.0924 -4.6553 -21.9383 -0.2096 2.9475 -8.1325 -1.7497 -0.1779 8.4515 -0.4377 -0.3947 0.0076 0.5771 -0.1444 -4.7259 -24.8223 -3.0974 -22.5092 18.6783 0.1034 28.0636 12.2767 0.2292 13.1612 -0.0000 -0.0000 0.0000 -78.0399 -3.7132 39.3353 62.9430 -57.0445 -36.8005 -0.0000 0.0000 -4.7883 12.7325 21.9957 4.8374 -7.1250 0.0000 -0.0000 -16.3338 51.7403 -2.7727 -0.0000 -0.0000 0.0000 72.8850 13.1512 42.1022 -63.9981 57.2845 -37.6870 0.0000 -0.0000 -27.5962 -32.3720 -0.4493 0.2848 7.1250 -0.0000 -0.0000 -4.5987 -30.4943 -1.6336
-0.5269 34.4706 -2.6788 185.5360 8.5529 -174.4250 0.0000 0.0000 0.0000 -21.0878 4.1399 -17.5305 2.8211 10.3996 30.2808 0.6152 9.2053 -20.9023 0.2475 -3.2015 -8.8403 0.0000 0.0000 0.0000 21.8239 21.4324 -5.7316 -2.0177 -8.9028 25.4919 -0.8130 -6.7049 -20.7486 -0.1779 2.7166 -7.4907 -1.4855 -0.3413 7.9453 -0.4196 -0.5923 -0.2850 0.4694 -0.2522 -4.7441 -26.7737 -2.6848 -21.9860 19.5113 1.1317 28.4198 13.1770 0.5863 12.8819 0.0000 0.0000 0.0000 -77.6428 -1.9816 37.8370 63.2660 -57.1192 -37.0716 -0.0000 0.0000 -4.6260 11.5133 21.7870 4.3235 -7.1250 0.0000 -0.0000 -17.4093 51.3373 -2.7890 0.0000 0.0000 0.0000 73.1477 13.9715 43.9205 -61.9130 56.7985 -35.9374 0.0000 -0.0000 -26.4106 -31.0485 -0.5648 0.3400 7.1250 -0.0000 -0.0000 -3.5557 -30.6284 -1.2503
-0.4725 34.4820 -2.7221 185.0060 9.1459 -175.0760 0.0000 0.0000 0.0000 -21.5829 3.5564 -15.8886 2.6624 10.1274 29.3903 0.5677 10.4660 -21.6398 0.2408 -3.1580 -8.7190 0.0000 0.0000 0.0000 21.8053 20.9711 -5.7915 -2.0298 -8.9278 25.5699 -0.3466 -9.5251 -18.3647 -0.0149 0.7870 -2.1629 -1.7530 -0.6256 8.2507 -0.4799 -1.0143 -0.5684 0.6134 -0.4509 -5.2015 -28.9322 -2.2572 -21.4326 20.5152 2.1840 28.7205 14.1730 0.9627 12.5214 0.0000 -0.0000 0.0000 -77.0666 -0.2371 36.4243 63.5817 -57.1912 -37.3368 -0.0000 0.0000 -4.5351 10.8032 21.4315 3.9884 -7.1250 0.0000 -0.0000 -17.9229 50.8815 -2.6708 0.0000 -0.0000 0.0000 73.7816 14.5389 45.8801 -60.3700 56.4077 -34.6491 0.0000 -0.0000 -24.7785 -30.9531 -0.4120 0.2471 7.1250 -0.0000 -0.0000 -3.4744 -30.4504 -1.2364
-0.3965 34.4760 -2.7989 184.2960 10.5708 -175.7650 0.0000 0.0000 0.0000 -22.2772 3.9739 -14.4116 2.5373 9.9054 28.6710 0.5369 11.4777 -22.3673 0.2485 -3.2077 -8.8576 0.0000 0.0000 0.0000 21.7369 20.3867 -5.7494 -2.2323 -9.3341 26.8461 -0.2829 -9.7376 -17.8416 -0.1043 2.0824 -5.7335 -2.3530 -0.6241 7.9971 -0.5953 -1.0722 -0.6938 0.8348 -0.4636 -5.1801 -31.2972 -1.9265 -21.2243 21.6623 3.2172 29.1040 15.2967 1.3264 12.2249 -0.0000 0.0000 0.0000 -76.6786 1.3045 34.9708 63.6621 -57.2093 -37.4044 -0.0000 0.0000 -5.0454 10.7443 20.9218 3.8764 -7.1250 0.0000 -0.0000 -17.7496 50.3842 -2.4219 -0.0000 0.0000 0.0000 74.6303 14.9231 47.7547 -59.2066 56.0948 -33.6818 0.0000 -0.0000 -23.0397 -31.2130 -0.7738 0.4689 7.1250 -0.0000 -0.0000 -3.6943 -30.8727 -1.2775
-0.2851 34.4845 -2.8883 183.8890 13.4780 -176.1470 0.0000 0.0000 0.0000 -22.6349 5.3460 -13.6148 2.4654 9.7747 28.2501 0.5271 12.4638 -23.3101 0.2524 -3.2326 -8.9270 0.0000 0.0000 0.0000 22.0100 21.6119 -5.2188 -2.3523 -9.5642 27.5768 -0.2683 -9.9023 -17.8483 -0.1488 2.4854 -6.8492 -3.2433 -0.0671 7.0449 -0.5344 -0.3801 -0.8357 1.3091 -0.1016 -4.8064 -33.8638 -1.6086 -20.9340 22.8852 4.2553 29.4522 16.4685 1.6894 11.8418 0.0000 0.0000 0.0000 -76.3139 3.1515 33.7849 63.8531 -57.2522 -37.5650 -0.0000 0.0000 -5.6576 10.4546 20.7128 3.7339 -7.1250 0.0000 -0.0000 -17.9302 50.1391 -2.3373 0.0000 0.0000 0.0000 75.6700 15.3247 49.3895 -57.6563 55.6524 -32.3984 0.0000 -0.0000 -22.0153 -30.4167 -0.7030 0.4127 7.1250 -0.0000 -0.0000 -3.0591 -30.7869 -1.0636
-0.2247 34.5079 -2.9840 183.6410 14.8145 -176.5660 0.0000 0.0000 0.0000 -22.8654 5.4985 -12.5996 2.4095 9.6715 27.9192 0.4874 13.4784 -24.0590 0.2249 -3.0526 -8.4252 0.0000 0.0000 0.0000 22.0889 21.1946 -4.8908 -2.3845 -9.6247 27.7698 -0.2074 -9.6162 -16.7588 -0.2638 3.3041 -9.1265 -2.9390 -0.1814 6.5214 -0.4551 -0.4936 -1.0567 1.2302 -0.1662 -4.7369 -36.7656 -1.3285 -21.0148 24.1932 5.4853 30.0143 17.7981 2.1130 11.4863 -0.0000 0.0000 0.0000 -76.4264 5.0487 32.2742 63.1572 -57.0942 -36.9802 -0.0000 0.0000 -6.0722 10.6602 20.2524 3.7280 -7.1250 0.0000 -0.0000 -17.5374 49.7294 -2.1024 -0.0000 0.0000 0.0000 76.7683 15.3783 51.3621 -56.0784 55.1710 -31.0994 0.0000 -0.0000 -21.6346 -32.6372 -2.4246 1.5520 7.1250 -0.0000 -0.0000 -4.9055 -32.8311 -1.4670
-0.1127 34.5351 -3.0799 183.5970 18.8670 -177.0980 0.0000 0.0000 0.0000 -22.9388 7.8415 -11.8965 2.3612 9.5811 27.6307 0.5507 14.3071 -25.5077 0.1736 -2.6836 -7.3992 0.0000 0.0000 0.0000 22.5191 23.0617 -3.8132 -2.4585 -9.7620 28.2095 -0.2083 -8.3534 -15.3373 -0.3540 3.8227 -10.5783 -3.4421 0.6807 5.7091 -0.1635 0.6592 -0.9950 1.7015 0.4127 -4.2725 -40.2283 -1.0893 -20.9366 26.3306 6.3647 30.3264 18.6425 2.5839 10.8124 -0.0000 -0.0000 0.0000 -76.8154 6.7942 30.5914 62.1502 -56.8562 -36.1359 -0.0000 0.0000 -6.4683 10.8641 19.1673 3.6056 -7.1250 0.0000 -0.0000 -16.8990 48.7154 -1.5903 -0.0000 -0.0000 0.0000 77.8522 16.1154 53.0764 -53.9306 54.4628 -29.3438 0.0000 -0.0000 -21.5745 -34.0325 -3.5305 2.3814 7.1250 -0.0000 -0.0000 -6.0993 -34.1890 -1.6257
-0.0593 34.5759 -3.1270 183.6400 18.2625 -177.4720 0.0000 0.0000 0.0000 -22.6897 6.2393 -10.6187 2.3588 9.5765 27.6160 0.3422 15.6031 -25.2754 0.2637 -3.3037 -9.1254 0.0000 0.0000 0.0000 22.5944 21.8829 -3.5807 -2.4590 -9.7629 28.2124 -0.2059 -7.4748 -14.3421 -0.3432 3.7645 -10.4149 -2.8346 -0.0871 6.0553 0.1687 -0.3263 -1.1859 1.7995 -0.0819 -4.6119 -43.1357 -1.0643 -21.7801 27.6650 7.5623 31.0671 19.8906 3.0169 10.5656 -0.0000 -0.0000 0.0000 -77.2723 8.9140 29.3633 61.2365 -56.6305 -35.3719 -0.0000 0.0000 -6.4310 12.0398 18.3570 3.8428 -7.1250 0.0000 -0.0000 -15.4966 48.0962 -1.2109 -0.0000 -0.0000 0.0000 79.0404 16.4692 54.8118 -52.2652 53.8692 -27.9936 0.0000 -0.0000 -21.1837 -32.1365 -4.1509 2.6035 7.1250 -0.0000 -0.0000 -4.5559 -34.8498 -1.1384
-0.0090 34.6157 -3.2194 183.1510 18.8897 -177.9440 0.0000 0.0000 0.0000 -23.1126 5.7341 -9.4293 2.2994 9.4637 27.2568 0.1998 16.6257 -25.3506 0.3404 -3.7490 -10.3715 0.0000 0.0000 0.0000 22.0296 21.5714 -3.2330 -2.4665 -9.7768 28.2568 -0.2243 -5.7923 -12.9217 -0.4643 4.3706 -12.1218 -2.5558 -0.5582 5.6043 0.1712 -0.9208 -1.1942 1.6970 -0.3882 -4.3378 -45.4201 -1.2622 -23.4909 28.5512 8.9655 32.0829 21.4973 3.4441 10.5866 0.0000 0.0000 0.0000 -77.3552 11.1271 29.0018 60.1989 -56.3627 -34.5066 -0.0000 0.0000 -6.8770 16.7683 16.9502 5.0203 -7.1250 0.0000 -0.0000 -10.6310 47.3515 -0.6236 0.0000 0.0000 0.0000 80.6801 16.8417 56.6596 -50.7967 53.3118 -26.8117 0.0000 -0.0000 -19.0361 -33.2945 -4.0491 2.6551 7.1250 -0.0000 -0.0000 -5.5135 -34.7788 -1.3890
0.0447 34.6358 -3.2849 183.3960 19.6238 -178.0490 0.0000 0.0000 0.0000 -22.7662 4.8886 -8.6614 2.3299 9.5218 27.4416 0.1855 17.1720 -25.9358 0.3164 -3.6160 -9.9987 0.0000 0.0000 0.0000 22.3015 21.6897 -2.9125 -2.4630 -9.7704 28.2364 -0.2316 -5.0126 -12.3217 -0.6118 5.0064 -13.9268 -1.7815 -1.0684 5.4514 0.4302 -1.5333 -1.2255 1.5827 -0.7099 -4.2664 -47.4863 -1.5865 -25.5564 29.6411 10.2357 33.1822 22.7341 3.9128 10.6234 -0.0000 -0.0000 0.0000 -77.6506 13.7424 28.9126 60.0895 -56.3337 -34.4155 -0.0000 0.0000 -7.9767 21.6593 16.3940 6.3953 -7.1250 0.0000 -0.0000 -5.8869 47.4581 -0.3582 -0.0000 -0.0000 0.0000 81.9862 17.5757 58.9667 -49.6143 52.8388 -25.8665 0.0000 -0.0000 -17.0245 -33.2346 -5.0840 3.3232 7.1250 -0.0000 -0.0000 -5.5026 -36.0052 -1.2212
0.1202 34.6440 -3.3686 182.9610 21.4523 -179.0560 0.0000 0.0000 0.0000 -23.0707 5.7469 -7.1091 2.2477 9.3641 26.9409 0.1003 17.9610 -26.2759 0.3726 -3.9209 -10.8541 0.0000 0.0000 0.0000 22.3697 21.8379 -1.7192 -2.4959 -9.8304 28.4294 -0.2585 -3.8254 -11.7921 -0.7345 5.4754 -15.2697 -2.0611 -1.1989 5.6180 0.5438 -1.7231 -0.9737 1.8739 -0.8001 -4.0802 -48.9915 -1.9374 -27.8079 30.5197 11.5044 34.3452 23.7915 4.3945 10.7181 -0.0000 0.0000 0.0000 -78.0030 16.1322 29.3785 59.6601 -56.2187 -34.0584 -0.0000 0.0000 -9.3198 27.4432 16.9076 8.5885 -7.1250 0.0000 -0.0000 -0.4161 48.8862 -0.0399 -0.0000 0.0000 0.0000 83.2575 18.3204 60.9362 -48.3294 52.2991 -24.8461 0.0000 -0.0000 -16.3718 -31.9332 -5.8407 3.6290 7.1250 -0.0000 -0.0000 -4.4202 -36.8213 -0.8914
0.1809 34.6561 -3.4312 183.3390 22.8793 -178.7370 0.0000 0.0000 0.0000 -22.6644 5.8602 -6.8795 2.2298 9.3291 26.8303 0.0716 18.5143 -26.7891 0.3520 -3.8119 -10.5481 0.0000 0.0000 0.0000 22.7632 22.0497 -1.9103 -2.5091 -9.8545 28.5068 -0.2573 -2.8666 -11.0785 -0.8047 5.7250 -15.9885 -1.5091 -1.5247 5.0446 0.7512 -2.1015 -0.9375 1.7918 -1.0033 -3.7130 -49.8025 -2.3788 -30.4404 31.2483 12.6622 35.5278 24.7455 4.8457 10.9569 0.0000 -0.0000 0.0000 -78.3151 17.8675 29.4703 58.9972 -56.0367 -33.5080 -0.0000 0.0000 -11.6041 31.6251 17.4358 10.4546 -7.1250 0.0000 -0.0000 3.6832 50.1901 0.4718 0.0000 -0.0000 0.0000 84.2576 19.3261 63.4573 -47.0425 51.7308 -23.8318 0.0000 -0.0000 -15.7213 -31.6512 -5.2430 3.2240 7.1250 -0.0000 -0.0000 -4.1730 -36.1058 -0.9144
0.2593 34.6689 -3.4821 183.3860 24.6096 -178.4990 0.0000 0.0000 0.0000 -22.6578 6.0047 -6.6883 2.2161 9.3023 26.7457 0.0078 19.4202 -27.5262 0.3804 -3.9612 -10.9676 0.0000 0.0000 0.0000 22.9051 22.6196 -2.0900 -2.5371 -9.9050 28.6696 -0.2554 -1.8596 -10.4143 -0.9156 6.0968 -17.0656 -1.5446 -1.5945 4.6463 0.8549 -2.1878 -1.0537 1.9142 -1.0449 -3.5999 -50.2470 -2.7304 -32.7050 31.8911 13.6550 36.6686 25.5982 5.2322 11.2021 -0.0000 -0.0000 0.0000 -78.7619 19.5317 29.3619 57.9043 -55.7251 -32.6032 -0.0000 0.0000 -13.3202 35.5798 17.0999 11.8792 -7.1250 0.0000 -0.0000 7.7643 50.5386 1.0653 -0.0000 -0.0000 0.0000 85.1780 19.5542 65.6408 -46.6635 51.5579 -23.5346 0.0000 -0.0000 -14.5316 -32.4150 -6.4699 4.0926 7.1250 -0.0000 -0.0000 -4.8406 -37.5912 -0.8852
0.3184 34.6761 -3.5176 183.4660 25.8027 -178.5910 0.0000 0.0000 0.0000 -22.5429 6.0164 -6.1157 2.2023 9.2754 26.6605 0.1886 19.4033 -28.8618 0.2795 -3.4002 -9.3949 0.0000 0.0000 0.0000 23.0579 22.4343 -2.0539 -2.5403 -9.9109 28.6885 -0.2575 -0.6833 -9.8578 -0.9648 6.2541 -17.5233 -1.4654 -1.8329 4.7843 0.9259 -2.4997 -1.0845 1.9722 -1.1992 -3.6963 -50.4660 -3.0159 -34.8910 32.4805 14.6180 37.7401 26.3700 5.6199 11.4190 0.0000 0.0000 0.0000 -79.3305 20.8837 28.6653 56.8840 -55.4208 -31.7616 -0.0000 0.0000 -15.4167 37.3417 18.1011 13.3354 -7.1250 0.0000 -0.0000 9.6129 52.0777 1.6879 0.0000 0.0000 0.0000 85.6985 19.9089 68.0827 -46.2228 51.3537 -23.1899 0.0000 -0.0000 -13.3689 -33.2814 -6.9082 4.5143 7.1250 -0.0000 -0.0000 -5.5948 -38.1714 -0.9443
0.3712 34.6748 -3.5440 183.7600 27.2178 -178.3030 0.0000 0.0000 0.0000 -22.2389 6.3723 -6.2760 2.2515 9.3714 26.9640 0.2514 19.5443 -29.4939 0.3198 -3.6350 -10.0520 0.0000 0.0000 0.0000 23.3622 22.9277 -2.0871 -2.5472 -9.9232 28.7285 -0.2446 0.2244 -9.2641 -0.9966 6.3532 -17.8127 -1.3173 -2.0110 4.6640 1.0868 -2.7194 -1.1170 2.0674 -1.3097 -3.6516 -50.4271 -3.2849 -37.1723 32.9463 15.5543 38.7561 27.0333 5.9950 11.6649 0.0000 0.0000 0.0000 -80.0358 21.9552 27.4602 55.9131 -55.1187 -30.9637 -0.0000 0.0000 -17.4477 39.8607 15.9370 12.9127 -7.1250 0.0000 -0.0000 12.2055 49.9885 1.5209 0.0000 0.0000 0.0000 86.2794 20.5085 70.3116 -45.6710 51.0930 -22.7597 0.0000 -0.0000 -12.5092 -33.4534 -7.1840 4.7234 7.1250 -0.0000 -0.0000 -5.7501 -38.5115 -0.9225
0.4362 34.6668 -3.5493 184.1920 29.1026 -177.9720 0.0000 0.0000 0.0000 -21.7260 7.5010 -6.7522 2.3216 9.5060 27.3913 0.2474 19.6559 -29.6088 0.3931 -4.0256 -11.1488 0.0000 0.0000 0.0000 23.8488 23.8129 -1.9778 -2.5502 -9.9285 28.7457 -0.2348 1.2536 -8.7969 -0.8762 5.9676 -16.6905 -1.3926 -1.9136 4.8880 1.2550 -2.5884 -1.1561 2.2839 -1.2377 -3.8133 -49.9221 -3.5454 -39.4771 33.2268 16.3047 39.7766 27.6255 6.2598 12.0855 -0.0000 0.0000 0.0000 -80.3592 22.9254 26.5242 55.2095 -54.8921 -30.3873 -0.0000 0.0000 -18.5017 41.1828 16.2760 13.7774 -7.1250 0.0000 -0.0000 13.6399 50.6805 1.9404 -0.0000 0.0000 0.0000 86.7559 21.1923 72.3169 -45.5502 51.0352 -22.6658 0.0000 -0.0000 -12.1448 -32.9542 -6.2750 4.0530 7.1250 -0.0000 -0.0000 -5.2988 -37.3986 -0.9946
0.4897 34.6483 -3.5590 184.2040 30.6324 -177.8220 0.0000 0.0000 0.0000 -21.6847 8.5237 -7.2369 2.3679 9.5937 27.6707 0.1119 20.2207 -29.3889 0.5609 -4.7971 -13.3308 0.0000 0.0000 0.0000 23.8255 24.4308 -2.0079 -2.5639 -9.9532 28.8253 -0.2236 2.3106 -8.4306 -0.7955 5.6930 -15.8961 -1.6569 -1.8485 4.7946 1.2991 -2.5159 -1.0431 2.4651 -1.1990 -3.6339 -49.7859 -3.8603 -41.4246 33.6085 16.9045 40.4355 28.1868 6.4887 12.3128 -0.0000 0.0000 0.0000 -80.2832 23.5972 26.3537 54.4307 -54.6333 -29.7512 -0.0000 0.0000 -19.4540 43.8776 14.9981 13.9738 -7.1250 0.0000 -0.0000 16.3360 49.6534 1.9199 -0.0000 0.0000 0.0000 87.0657 21.9684 74.1083 -45.5951 51.0567 -22.7007 0.0000 -0.0000 -11.3000 -31.0235 -3.2227 1.9365 7.1250 -0.0000 -0.0000 -3.6150 -33.7228 -1.0014
0.5385 34.6475 -3.5758 184.1550 31.6585 -177.6320 0.0000 0.0000 0.0000 -21.7501 9.2355 -7.6094 2.3878 9.6311 27.7900 0.2617 19.9254 -30.0533 0.4661 -4.3791 -12.1456 0.0000 0.0000 0.0000 23.8452 25.0646 -1.9022 -2.5395 -9.9093 28.6835 -0.2078 2.5916 -8.1038 -0.7340 5.4737 -15.2648 -1.9510 -1.9954 4.5191 1.2693 -2.7279 -0.9052 2.5988 -1.3057 -3.3128 -49.2415 -4.0558 -43.5066 33.8787 17.5128 41.1421 28.6779 6.7244 12.6254 0.0000 0.0000 0.0000 -80.3143 24.4754 25.5423 54.2366 -54.5675 -29.5929 -0.0000 0.0000 -20.2414 44.9420 13.6508 13.2531 -7.1250 0.0000 -0.0000 17.1901 48.1433 1.3709 0.0000 0.0000 0.0000 87.6254 22.9217 76.0160 -45.0407 50.7884 -22.2703 0.0000 -0.0000 -10.0819 -30.3627 -3.1661 1.8532 7.1250 -0.0000 -0.0000 -3.0724 -33.6362 -0.8572
0.5658 34.6561 -3.5859 184.4860 32.4917 -177.3250 0.0000 0.0000 0.0000 -21.6457 8.9356 -7.5154 2.3818 9.6198 27.7541 0.1579 20.9710 -30.7034 0.5293 -4.6622 -12.9476 0.0000 0.0000 0.0000 24.1100 25.1219 -1.8522 -2.4708 -9.7846 28.2819 -0.1846 3.1557 -7.6409 -0.7600 5.5677 -15.5350 -1.7993 -2.1511 4.7293 1.3587 -2.9254 -0.9836 2.6317 -1.4018 -3.5037 -48.7783 -4.1029 -45.1863 34.1622 18.1416 41.8715 29.1269 6.9733 12.8550 -0.0000 -0.0000 0.0000 -80.1720 25.4555 25.1912 54.0969 -54.5199 -29.4792 -0.0000 0.0000 -21.1045 45.6296 13.4754 13.3985 -7.1250 0.0000 -0.0000 17.8679 48.0572 1.3892 -0.0000 -0.0000 0.0000 87.9234 23.6547 77.9209 -44.5582 50.5502 -21.8971 0.0000 -0.0000 -9.4157 -30.5627 -3.2790 1.9345 7.1250 -0.0000 -0.0000 -3.2381 -33.7734 -0.8928
0.5936 34.6588 -3.6047 184.5950 33.4474 -177.0600 0.0000 0.0000 0.0000 -21.7223 9.1671 -7.5112 2.3390 9.5392 27.4969 0.1809 21.3538 -31.3596 0.5016 -4.5402 -12.6016 0.0000 0.0000 0.0000 24.1472 25.3079 -1.8754 -2.4337 -9.7163 28.0628 -0.1667 3.7967 -7.3299 -0.7722 5.6110 -15.6597 -1.6771 -2.2303 4.4628 1.1695 -3.0284 -0.8838 2.3596 -1.4628 -3.2608 -48.0917 -4.1237 -46.8003 34.4161 18.5565 42.3539 29.5357 7.1657 13.1047 -0.0000 -0.0000 0.0000 -79.6397 26.2483 24.9082 54.0595 -54.5071 -29.4487 -0.0000 0.0000 -20.8332 46.8151 13.8274 14.2862 -7.1250 0.0000 -0.0000 19.2071 48.7757 1.8513 -0.0000 -0.0000 0.0000 88.5605 24.3877 79.4763 -44.1163 50.3282 -21.5564 0.0000 -0.0000 -9.1727 -30.9192 -3.6233 2.1677 7.1250 -0.0000 -0.0000 -3.5371 -34.1850 -0.9401
0.6122 34.6670 -3.6131 184.7010 34.1691 -177.1380 0.0000 0.0000 0.0000 -21.7675 8.8332 -6.8617 2.2800 9.4264 27.1384 0.2783 21.6006 -32.3047 0.3579 -3.8434 -10.6366 0.0000 0.0000 0.0000 24.3304 25.3883 -1.4865 -2.3922 -9.6393 27.8162 -0.1499 4.1457 -7.0370 -0.7214 5.4274 -15.1317 -1.8599 -2.3511 4.7313 1.2043 -3.2024 -0.7814 2.5194 -1.5460 -3.2853 -47.5764 -4.0935 -48.2426 34.6178 19.0687 42.8961 29.8583 7.3796 13.2915 0.0000 0.0000 0.0000 -79.6693 27.0281 24.4825 53.8973 -54.4513 -29.3167 -0.0000 0.0000 -20.1050 47.9739 13.8384 14.8635 -7.1250 0.0000 -0.0000 20.4557 49.0525 2.1253 0.0000 0.0000 0.0000 88.6365 24.8266 81.0617 -44.0655 50.3023 -21.5173 0.0000 -0.0000 -9.0983 -30.3140 -2.8360 1.6570 7.1250 -0.0000 -0.0000 -3.0275 -33.2532 -0.8727
0.6228 34.6699 -3.6120 184.6460 34.6114 -177.2050 0.0000 0.0000 0.0000 -21.9460 8.3646 -6.3679 2.2335 9.3365 26.8536 0.3785 21.7173 -33.0719 0.2874 -3.4474 -9.5270 0.0000 0.0000 0.0000 24.2192 25.3396 -1.5371 -2.3873 -9.6301 27.7871 -0.1331 4.5397 -6.7665 -0.7170 5.4113 -15.0855 -2.1280 -2.5942 5.0157 1.0186 -3.5538 -0.5978 2.5112 -1.7205 -3.2316 -46.5265 -4.0548 -50.1210 34.6960 19.4427 43.3851 30.1972 7.5223 13.6939 -0.0000 -0.0000 0.0000 -79.4321 27.6620 23.9789 54.0912 -54.5180 -29.4746 -0.0000 0.0000 -19.6880 48.7738 14.1831 15.6225 -7.1250 0.0000 -0.0000 21.4412 49.7032 2.5926 -0.0000 -0.0000 0.0000 89.2718 25.5439 82.7194 -43.7503 50.1414 -21.2751 0.0000 -0.0000 -9.2789 -29.9734 -2.7043 1.5587 7.1250 -0.0000 -0.0000 -2.7478 -33.0920 -0.8026
0.6292 34.6710 -3.6125 184.5370 34.8515 -177.3630 0.0000 0.0000 0.0000 -22.0954 8.2204 -6.0109 2.1858 9.2428 26.5580 0.3313 22.1262 -33.2998 0.3322 -3.7041 -10.2456 0.0000 0.0000 0.0000 24.1050 25.4080 -1.4371 -2.3918 -9.6384 27.8135 -0.1272 4.7252 -6.6892 -0.7031 5.3596 -14.9370 -2.4889 -2.6849 5.3422 0.9339 -3.7054 -0.4509 2.6492 -1.7913 -3.2375 -45.8794 -4.0125 -51.2341 34.7272 19.6496 43.6498 30.3841 7.6008 13.9371 0.0000 -0.0000 0.0000 -79.3847 28.0139 23.9673 54.2169 -54.5609 -29.5769 -0.0000 0.0000 -19.3686 49.1359 14.1409 15.7693 -7.1250 0.0000 -0.0000 21.8278 49.7343 2.6607 0.0000 -0.0000 0.0000 89.2833 26.1182 83.5901 -43.7462 50.1392 -21.2719 0.0000 -0.0000 -9.8533 -29.9877 -2.1921 1.2644 7.1250 -0.0000 -0.0000 -2.7514 -32.5020 -0.8429
0.6219 34.6717 -3.6033 184.5140 34.8095 -177.3340 0.0000 0.0000 0.0000 -22.1661 8.1076 -6.0333 2.1790 9.2295 26.5158 0.2897 22.2287 -33.1774 0.3527 -3.8154 -10.5579 0.0000 0.0000 0.0000 23.9409 25.3612 -1.7162 -2.4124 -9.6769 27.9367 -0.1166 4.8204 -6.4903 -0.7326 5.4684 -15.2495 -2.6826 -2.8788 5.5945 0.8303 -3.9848 -0.3650 2.6826 -1.9277 -3.2673 -45.2864 -3.9287 -52.2016 34.7868 19.8289 43.8252 30.5384 7.6955 14.1129 0.0000 -0.0000 0.0000 -79.5278 28.6095 23.4502 54.9761 -54.8154 -30.1965 -0.0000 0.0000 -19.2273 49.1996 14.2338 15.8996 -7.1250 0.0000 -0.0000 21.9311 49.8752 2.7533 0.0000 -0.0000 0.0000 89.4312 26.5354 84.2904 -43.7242 50.1279 -21.2550 0.0000 -0.0000 -10.5351 -30.3390 -2.0061 1.1737 7.1250 -0.0000 -0.0000 -3.0317 -32.2941 -0.9442
0.6094 34.6634 -3.5961 184.5000 34.5854 -177.2930 0.0000 0.0000 0.0000 -22.2119 8.0072 -6.1506 2.1943 9.2596 26.6108 0.3116 22.1203 -33.1725 0.3602 -3.8555 -10.6706 0.0000 0.0000 0.0000 23.8139 25.3376 -2.0100 -2.4595 -9.7638 28.2152 -0.1215 4.8473 -6.6028 -0.7147 5.4025 -15.0601 -2.9702 -3.1464 5.9489 0.7895 -4.3713 -0.3367 2.8515 -2.1123 -3.3944 -44.3404 -3.6409 -53.2008 34.6434 20.0836 44.1218 30.5511 7.7964 14.4005 0.0000 -0.0000 0.0000 -79.5732 29.1248 22.9826 55.5942 -55.0168 -30.7023 -0.0000 0.0000 -18.9362 49.1337 14.4216 16.0590 -7.1250 0.0000 -0.0000 21.9233 50.1116 2.8844 0.0000 -0.0000 0.0000 89.8271 26.8738 85.0951 -43.6891 50.1099 -21.2281 0.0000 -0.0000 -11.1370 -30.9455 -1.9590 1.1742 7.1250 -0.0000 -0.0000 -3.5199 -32.2505 -1.1004
0.5904 34.6557 -3.5848 184.3630 34.1217 -177.3850 0.0000 0.0000 0.0000 -22.3466 7.6166 -6.2121 2.2258 9.3213 26.8056 0.3596 21.9685 -33.2717 0.3473 -3.7867 -10.4774 0.0000 0.0000 0.0000 23.6446 25.2850 -2.2754 -2.5209 -9.8758 28.5755 -0.1332 4.6463 -6.7969 -0.7569 5.5565 -15.5030 -3.1773 -3.1665 6.1987 0.6701 -4.4185 -0.1366 2.8555 -2.1356 -3.3178 -44.1993 -3.7795 -53.4245 34.5799 19.8516 43.8322 30.5080 7.7205 14.4588 0.0000 -0.0000 0.0000 -79.1348 28.7901 23.2393 56.1674 -55.1990 -31.1724 -0.0000 0.0000 -19.5561 49.5893 14.3836 16.2658 -7.1250 0.0000 -0.0000 22.4213 50.1740 2.9916 0.0000 -0.0000 0.0000 89.7973 26.8639 84.3707 -43.9128 50.2246 -21.3998 0.0000 -0.0000 -11.2428 -31.0271 -2.7311 1.6417 7.1250 -0.0000 -0.0000 -3.6066 -33.1508 -1.0491
0.5622 34.6482 -3.5652 184.2790 33.5120 -177.3200 0.0000 0.0000 0.0000 -22.4092 7.3492 -6.5851 2.2577 9.3835 27.0023 0.3559 21.7867 -33.0213 0.3514 -3.8088 -10.5394 0.0000 0.0000 0.0000 23.4606 25.3869 -2.6971 -2.5874 -9.9951 28.9608 -0.1547 4.2851 -7.1615 -0.7612 5.5717 -15.5467 -3.3293 -3.1984 6.5314 0.6234 -4.4829 -0.1094 2.9186 -2.1613 -3.4639 -44.1655 -3.8479 -53.3459 34.5303 19.6424 43.5544 30.4251 7.6655 14.4446 -0.0000 0.0000 0.0000 -79.0493 28.3675 23.2007 56.3653 -55.2609 -31.3349 -0.0000 0.0000 -18.7214 49.5505 14.1462 15.9957 -7.1250 0.0000 -0.0000 22.2913 49.8435 2.7846 -0.0000 0.0000 0.0000 89.6969 26.4351 83.3982 -44.3811 50.4617 -21.7604 0.0000 -0.0000 -12.1673 -31.5276 -2.4576 1.5069 7.1250 -0.0000 -0.0000 -4.0061 -32.8442 -1.1955
0.5274 34.6503 -3.5552 184.5990 32.5952 -177.0460 0.0000 0.0000 0.0000 -22.0962 6.8630 -6.8965 2.3167 9.4967 27.3617 0.3991 21.4540 -32.8705 0.3270 -3.6752 -10.1647 0.0000 0.0000 0.0000 23.6219 25.1644 -3.0099 -2.6009 -10.0191 29.0387 -0.1711 3.8431 -7.4257 -0.7677 5.5950 -15.6137 -3.0181 -3.2242 6.6617 0.6705 -4.4887 0.0853 2.7953 -2.1723 -3.3541 -44.2755 -4.0607 -53.0922 34.3753 19.2588 43.1024 30.2451 7.5158 14.4328 -0.0000 -0.0000 0.0000 -79.0002 27.1839 23.4251 56.0938 -55.1759 -31.1120 -0.0000 0.0000 -17.2453 49.7111 14.2418 16.1829 -7.1250 0.0000 -0.0000 22.5062 50.0128 2.9114 -0.0000 -0.0000 0.0000 89.3593 26.0641 81.9426 -44.9833 50.7603 -22.2258 0.0000 -0.0000 -13.1121 -31.3841 -2.6988 1.6453 7.1250 -0.0000 -0.0000 -3.8966 -33.1225 -1.1364
0.4914 34.6371 -3.5336 184.7090 31.5834 -176.7930 0.0000 0.0000 0.0000 -21.8652 6.8126 -7.5930 2.3851 9.6260 27.7739 0.3203 21.0605 -31.8846 0.3904 -4.0121 -11.1108 0.0000 0.0000 0.0000 23.6168 25.2047 -3.4473 -2.6581 -10.1198 29.3657 -0.1953 3.1073 -7.8531 -0.7510 5.5353 -15.4418 -2.8862 -3.1119 6.8468 0.6525 -4.3338 0.0876 2.7025 -2.0942 -3.4770 -44.5971 -4.2287 -52.1354 34.2324 18.6919 42.4278 29.9679 7.3284 14.2828 -0.0000 -0.0000 0.0000 -78.8296 26.0403 24.0625 55.8579 -55.1012 -30.9184 -0.0000 0.0000 -17.1161 49.7510 13.2409 15.1400 -7.1250 0.0000 -0.0000 22.1840 48.6609 2.0984 -0.0000 -0.0000 0.0000 88.8090 25.1331 79.9345 -45.4334 50.9790 -22.5750 0.0000 -0.0000 -14.2114 -31.2163 -2.1485 1.3015 7.1250 -0.0000 -0.0000 -3.7443 -32.4763 -1.1503
0.4436 34.6303 -3.5174 184.0380 30.5335 -177.0270 0.0000 0.0000 0.0000 -22.4756 6.4434 -7.6773 2.3443 9.5491 27.5285 0.1836 21.0069 -30.9234 0.4437 -4.2741 -11.8491 0.0000 0.0000 0.0000 22.7609 24.7941 -4.0685 -2.7513 -10.2811 29.8919 -0.2217 2.8306 -8.3669 -0.7870 5.6633 -15.8105 -3.3009 -2.9783 7.0731 0.4003 -4.2032 0.1027 2.6755 -2.0204 -3.5860 -44.8165 -4.2888 -50.9848 34.0072 18.0913 41.6857 29.5724 7.1392 14.1140 0.0000 -0.0000 0.0000 -78.7681 24.7193 24.7344 55.7447 -55.0651 -30.8256 -0.0000 0.0000 -16.3177 49.7858 13.7775 15.7311 -7.1250 0.0000 -0.0000 22.4180 49.4011 2.5483 0.0000 -0.0000 0.0000 88.2507 24.5222 78.3278 -45.8867 51.1955 -22.9277 0.0000 -0.0000 -15.0248 -32.2880 -1.8513 1.1694 7.1250 -0.0000 -0.0000 -4.5983 -32.1473 -1.4506
0.4006 34.6213 -3.4985 184.4030 29.0862 -176.5740 0.0000 0.0000 0.0000 -21.9637 6.1962 -8.4124 2.4185 9.6883 27.9730 0.1552 20.3216 -29.8283 0.5076 -4.5668 -12.6770 0.0000 0.0000 0.0000 23.0090 24.5887 -4.4118 -2.7555 -10.2883 29.9155 -0.2491 1.8077 -8.9697 -0.8078 5.7360 -16.0202 -2.7406 -2.8914 7.0707 0.3545 -4.0412 0.1661 2.2993 -1.9503 -3.5715 -45.1433 -4.4783 -49.6842 33.7926 17.2969 40.7965 29.1999 6.8554 13.9563 0.0000 0.0000 0.0000 -78.3593 22.9675 25.8813 55.3616 -54.9416 -30.5118 -0.0000 0.0000 -15.6104 50.1253 14.5313 16.7179 -7.1250 0.0000 -0.0000 23.0845 50.5101 3.2870 0.0000 0.0000 0.0000 87.7685 23.5339 75.8337 -46.5181 51.4909 -23.4207 0.0000 -0.0000 -14.4922 -33.7985 -1.5608 1.0446 7.1250 -0.0000 -0.0000 -5.7972 -31.8240 -1.8772
0.3291 34.6193 -3.4898 184.0000 26.2365 -176.6140 0.0000 0.0000 0.0000 -22.2526 4.4314 -8.2580 2.4008 9.6553 27.8676 0.1484 19.8049 -29.0982 0.4875 -4.4769 -12.4223 0.0000 0.0000 0.0000 22.3711 23.1286 -5.1896 -2.8027 -10.3686 30.1788 -0.2843 0.8158 -9.8172 -0.8386 5.8415 -16.3253 -2.3876 -3.1507 7.2843 0.1845 -4.3633 0.2781 1.9672 -2.1157 -3.5958 -45.6999 -4.7577 -48.1041 33.5422 16.3771 39.7536 28.7538 6.5030 13.7392 0.0000 0.0000 0.0000 -78.1995 20.8158 27.2549 54.9427 -54.8043 -30.1692 -0.0000 0.0000 -14.7186 50.4059 14.7433 17.1026 -7.1250 0.0000 -0.0000 23.4902 50.8704 3.5667 0.0000 0.0000 0.0000 87.0608 22.6188 72.9313 -47.7330 52.0392 -24.3750 0.0000 -0.0000 -14.2731 -33.0351 -2.3148 1.5045 7.1250 -0.0000 -0.0000 -5.2231 -32.7099 -1.5780
0.2864 34.6083 -3.4394 184.2670 25.0792 -176.2720 0.0000 0.0000 0.0000 -21.8300 4.4695 -9.1627 2.4713 9.7856 28.2852 0.1439 19.1788 -28.2379 0.5568 -4.7797 -13.2814 0.0000 0.0000 0.0000 22.5794 23.3002 -5.6781 -2.8625 -10.4691 30.5097 -0.2941 -0.2234 -10.3276 -0.8306 5.8142 -16.2464 -2.2810 -2.6968 7.5582 0.2084 -3.7511 0.3435 1.8871 -1.8100 -3.7158 -46.1083 -4.9699 -46.2533 33.2052 15.3013 38.6302 28.2256 6.0749 13.5620 -0.0000 -0.0000 0.0000 -77.8175 18.4352 28.9998 54.4022 -54.6237 -29.7280 -0.0000 0.0000 -14.1421 50.6111 14.6795 17.1518 -7.1250 0.0000 -0.0000 23.7012 50.8377 3.5822 -0.0000 -0.0000 0.0000 86.7016 22.0053 69.7207 -48.3470 52.3067 -24.8601 0.0000 -0.0000 -14.0509 -34.3913 -1.7265 1.1815 7.1250 -0.0000 -0.0000 -6.2835 -32.0309 -2.0048
0.2353 34.5868 -3.3948 184.3400 23.4288 -175.9790 0.0000 0.0000 0.0000 -21.6545 4.2162 -10.1472 2.5988 10.0155 29.0268 0.4038 17.6541 -28.2395 0.4436 -4.2735 -11.8475 0.0000 0.0000 0.0000 22.5409 23.0461 -6.2269 -2.9154 -10.5569 30.7995 -0.3115 -1.1629 -11.0299 -0.8420 5.8531 -16.3587 -2.3015 -2.4076 7.8536 0.2397 -3.3700 0.3772 1.9065 -1.6163 -3.8607 -46.1695 -5.0408 -44.4359 32.6976 14.2308 37.5336 27.5340 5.6441 13.4440 -0.0000 0.0000 0.0000 -77.7193 16.4101 30.5748 54.7535 -54.7416 -30.0146 -0.0000 0.0000 -13.4487 50.7151 14.7934 17.3345 -7.1250 0.0000 -0.0000 23.8688 51.0201 3.7213 -0.0000 0.0000 0.0000 86.1862 21.0845 66.6463 -49.3796 52.7422 -25.6795 0.0000 -0.0000 -13.6547 -35.9842 -1.4443 1.0485 7.1250 -0.0000 -0.0000 -7.5387 -31.7078 -2.4699
0.1766 34.5562 -3.3489 184.0190 21.4039 -175.9150 0.0000 0.0000 0.0000 -21.8475 4.2708 -11.0842 2.6741 10.1478 29.4565 0.4404 16.5037 -27.1400 0.4355 -4.2346 -11.7376 0.0000 0.0000 0.0000 22.1058 22.4303 -6.9189 -3.0127 -10.7156 31.3266 -0.3444 -2.1319 -12.0738 -0.7925 5.6824 -15.8656 -2.5836 -2.1926 8.1809 0.1102 -3.1200 0.3655 1.9196 -1.4827 -4.0602 -45.8507 -4.8335 -42.2112 32.0311 13.1161 36.3640 26.6021 5.2257 13.2738 -0.0000 -0.0000 0.0000 -77.7226 14.3966 32.3266 54.9311 -54.8005 -30.1597 -0.0000 0.0000 -12.7352 50.6010 15.6634 18.1955 -7.1250 0.0000 -0.0000 24.0971 52.1649 4.4633 -0.0000 -0.0000 0.0000 85.7793 19.9969 63.5141 -50.1058 53.0381 -26.2587 0.0000 -0.0000 -13.6337 -37.8861 -0.3324 0.2586 7.1250 -0.0000 -0.0000 -8.9355 -30.3351 -3.2343
0.1688 34.5222 -3.2570 184.1320 21.1236 -175.5530 0.0000 0.0000 0.0000 -21.5174 5.8589 -12.8003 2.7750 10.3215 30.0244 0.5085 15.0892 -26.0388 0.4376 -4.2448 -11.7664 0.0000 0.0000 0.0000 22.3286 23.4071 -7.3485 -3.0878 -10.8358 31.7281 -0.3580 -3.1241 -12.8878 -0.6582 5.1890 -14.4485 -3.5332 -1.2378 8.6334 0.1164 -1.9498 0.3566 2.3431 -0.8762 -4.3492 -45.2395 -4.7305 -40.1319 31.3404 11.7858 35.1049 25.6638 4.7138 13.2042 -0.0000 -0.0000 0.0000 -77.4220 12.1586 34.4692 55.4390 -54.9667 -30.5751 -0.0000 0.0000 -12.5975 50.3313 15.7825 18.1581 -7.1250 0.0000 -0.0000 23.8240 52.2507 4.4596 -0.0000 -0.0000 0.0000 85.6289 18.8599 60.3482 -50.4791 53.1869 -26.5572 0.0000 -0.0000 -13.2382 -40.2230 0.1518 -0.1283 7.1250 -0.0000 -0.0000 -10.6983 -29.6952 -4.0574
0.1156 34.4943 -3.1964 184.0760 18.9943 -175.4570 0.0000 0.0000 0.0000 -21.4615 5.5961 -13.5975 2.8489 10.4464 30.4348 0.6005 13.8455 -25.4130 0.3618 -3.8641 -10.6948 0.0000 0.0000 0.0000 22.2214 22.9506 -7.8700 -3.1470 -10.9294 32.0420 -0.3750 -4.3285 -13.9783 -0.5320 4.6739 -12.9807 -3.7691 -1.0171 9.0891 -0.1420 -1.6889 0.5829 2.1839 -0.7395 -4.3860 -43.6521 -4.5293 -38.5078 30.3287 10.3664 33.9140 24.4472 4.1844 13.3431 -0.0000 0.0000 0.0000 -76.9766 9.5818 36.4560 55.5162 -54.9917 -30.6384 -0.0000 0.0000 -11.5618 50.1200 16.2294 18.4949 -7.1250 0.0000 -0.0000 23.7523 52.7895 4.7687 -0.0000 0.0000 0.0000 85.8025 18.3961 57.5100 -50.4437 53.1729 -26.5289 0.0000 -0.0000 -13.9418 -43.0643 -0.3446 0.3220 7.1250 -0.0000 -0.0000 -12.9823 -30.3070 -4.7667
0.0620 34.4664 -3.1336 183.9380 16.9921 -175.0340 0.0000 0.0000 0.0000 -21.6791 5.0145 -14.7120 2.9156 10.5571 30.8004 0.6179 13.3004 -24.9775 0.4159 -4.1397 -11.4700 0.0000 0.0000 0.0000 21.7752 22.3739 -8.6767 -3.1692 -10.9640 32.1587 -0.4006 -5.0602 -14.8915 -0.3826 3.9721 -10.9981 -4.2438 -0.7781 9.2881 -0.3392 -1.4332 0.5399 2.2183 -0.5981 -4.5524 -41.7578 -4.1132 -36.6508 29.2091 9.0989 32.8419 23.0660 3.7438 13.3764 -0.0000 -0.0000 0.0000 -76.9032 7.4723 38.4895 55.7087 -55.0536 -30.7961 -0.0000 0.0000 -11.1172 50.0258 16.4097 18.6230 -7.1250 0.0000 -0.0000 23.7110 53.0031 4.8876 -0.0000 -0.0000 0.0000 85.8330 17.4908 54.3561 -51.0391 53.4061 -27.0063 0.0000 -0.0000 -13.0257 -46.0679 -1.0185 1.0570 7.1250 -0.0000 -0.0000 -15.4533 -31.2065 -5.3848
0.0151 34.4551 -3.0783 184.1040 15.5098 -174.8550 0.0000 0.0000 0.0000 -21.5517 5.0579 -15.3971 2.9460 10.6072 30.9663 0.6943 12.3759 -24.6646 0.4032 -4.0766 -11.2922 0.0000 0.0000 0.0000 21.8650 22.2807 -8.7512 -3.1219 -10.8898 31.9092 -0.4117 -5.9290 -15.7410 -0.2861 3.4398 -9.5057 -4.6325 -0.4914 9.7840 -0.4734 -1.1112 0.6101 2.2630 -0.4221 -4.7739 -39.4640 -3.7548 -35.4527 28.0537 7.9747 32.0749 21.7413 3.3651 13.5600 -0.0000 -0.0000 0.0000 -77.0820 5.6842 39.8922 56.0942 -55.1760 -31.1123 -0.0000 0.0000 -10.3101 49.3619 16.2869 18.0955 -7.1250 0.0000 -0.0000 22.8627 52.6583 4.4986 -0.0000 -0.0000 0.0000 85.7803 16.6677 51.1889 -52.1712 53.8345 -27.9177 0.0000 -0.0000 -10.8692 -46.9137 -1.6453 1.7582 7.1250 -0.0000 -0.0000 -16.2583 -32.0871 -5.3267
-0.0380 34.4482 -3.0092 184.7260 14.0067 -174.2760 0.0000 0.0000 0.0000 -20.9423 4.7738 -16.3706 2.9856 10.6717 31.1806 0.7750 11.4312 -24.4204 0.3051 -3.5514 -9.8178 0.0000 0.0000 0.0000 22.1930 22.2658 -9.2467 -3.0523 -10.7792 31.5389 -0.3690 -6.8914 -16.0322 -0.2374 3.1357 -8.6567 -4.6727 -0.4150 9.9657 -0.4179 -1.0168 0.6482 2.3333 -0.3716 -4.8408 -36.8242 -3.2513 -34.5411 26.7565 7.1209 31.3950 20.2927 3.1341 13.6743 0.0000 0.0000 0.0000 -77.5361 4.1319 40.7452 56.6808 -55.3586 -31.5944 -0.0000 0.0000 -9.3504 49.5098 16.9761 18.8794 -7.1250 0.0000 -0.0000 23.3047 53.6079 5.1509 0.0000 0.0000 0.0000 85.6116 16.2700 48.6508 -52.9282 54.1103 -28.5299 0.0000 -0.0000 -9.8708 -47.8634 -0.5417 0.5987 7.1250 -0.0000 -0.0000 -16.7345 -30.5246 -6.1521
-0.1343 34.4556 -2.9600 185.1460 11.3674 -174.2490 0.0000 0.0000 0.0000 -20.5430 3.1928 -16.1672 2.9583 10.6272 31.0325 0.7567 11.0789 -23.9337 0.2704 -3.3450 -9.2409 0.0000 0.0000 0.0000 22.1708 20.8903 -9.1989 -2.8893 -10.5137 30.6569 -0.4105 -7.1716 -16.8100 -0.1319 2.3407 -6.4481 -3.8795 -0.7897 10.7722 -0.5860 -1.4544 0.7679 1.7864 -0.5942 -5.1572 -34.2365 -2.7723 -33.4913 25.8185 6.1102 30.8431 18.5664 2.9744 13.5437 0.0000 0.0000 0.0000 -77.9709 2.6700 41.8071 56.6256 -55.3416 -31.5489 -0.0000 0.0000 -8.5719 49.4548 17.5984 19.4651 -7.1250 0.0000 -0.0000 23.4789 54.4079 5.6638 0.0000 0.0000 0.0000 85.2876 15.9858 46.6321 -53.3316 54.2539 -28.8570 0.0000 -0.0000 -8.9985 -49.2004 0.4700 -0.5445 7.1250 -0.0000 -0.0000 -17.4931 -29.0329 -7.1106
-0.1896 34.4497 -2.8923 185.6310 10.3411 -173.7330 0.0000 0.0000 0.0000 -20.1435 2.8445 -17.1095 2.9860 10.6723 31.1825 0.7411 10.8587 -23.5938 0.2431 -3.1727 -8.7599 0.0000 0.0000 0.0000 22.0558 20.7370 -9.5005 -2.7887 -10.3450 30.1012 -0.5279 -6.2938 -17.4568 -0.2396 3.1503 -8.6975 -3.8860 -0.6833 11.0832 -0.6202 -1.3389 0.6012 1.7449 -0.5293 -5.5145 -31.5010 -2.2036 -32.5706 24.5205 5.5232 30.3166 17.2645 2.8468 13.5677 -0.0000 0.0000 0.0000 -78.3153 1.5403 42.8014 56.5475 -55.3175 -31.4848 -0.0000 0.0000 -8.3431 49.5321 17.8065 19.7205 -7.1250 0.0000 -0.0000 23.6582 54.7013 5.8843 -0.0000 0.0000 0.0000 84.9213 15.6688 44.7370 -53.6100 54.3516 -29.0831 0.0000 -0.0000 -8.8953 -49.3284 -3.1883 3.7034 7.1250 -0.0000 -0.0000 -18.5867 -34.3616 -5.0796
-0.2440 34.4221 -2.8420 185.6710 9.0003 -173.4110 0.0000 0.0000 0.0000 -20.2212 2.2615 -17.6840 3.0146 10.7187 31.3369 0.7785 10.3339 -23.4342 0.2715 -3.3518 -9.2599 0.0000 0.0000 0.0000 21.3632 20.4851 -9.7155 -2.7932 -10.3525 30.1259 -0.9419 -2.1649 -19.2357 -0.5135 4.5933 -12.7521 -3.9814 -0.5911 11.1534 -0.8124 -1.2237 0.7351 1.5789 -0.4697 -5.4213 -28.7752 -2.0402 -32.3630 22.7761 4.8973 29.6250 16.5211 2.4742 14.1465 -0.0000 -0.0000 0.0000 -78.3349 0.0578 44.3996 56.7912 -55.3924 -31.6852 -0.0000 0.0000 -7.7387 49.9435 18.7311 20.9038 -7.1250 0.0000 -0.0000 24.5702 56.0221 6.9406 -0.0000 -0.0000 0.0000 84.5351 15.5134 42.5282 -54.0939 54.5189 -29.4768 0.0000 -0.0000 -8.8646 -48.9400 -2.9572 3.3892 7.1250 -0.0000 -0.0000 -18.2075 -34.0097 -5.1302
-0.2836 34.3869 -2.7832 185.6090 8.1203 -173.3650 0.0000 0.0000 0.0000 -20.3899 2.3491 -18.2836 3.0340 10.7498 31.4408 0.8169 9.7762 -23.2713 0.3401 -3.7477 -10.3679 0.0000 0.0000 0.0000 20.6248 20.3350 -9.8201 -2.8431 -10.4366 30.4024 -1.1488 0.8675 -19.9958 -0.7738 5.6168 -15.6766 -4.3723 -0.3705 11.6663 -0.9580 -0.9956 0.8025 1.6162 -0.3378 -5.6454 -26.5036 -1.8244 -31.7892 21.7247 4.1624 29.1789 15.3445 2.2800 14.1889 -0.0000 0.0000 0.0000 -78.3291 -1.2173 45.9673 57.4695 -55.5970 -32.2442 -0.0000 0.0000 -7.6885 49.5795 20.0962 21.9708 -7.1250 0.0000 -0.0000 24.6617 57.6637 7.9671 -0.0000 0.0000 0.0000 84.2198 14.9828 40.3585 -55.0748 54.8479 -30.2772 0.0000 -0.0000 -8.5133 -48.6952 -3.7089 4.2105 7.1250 -0.0000 -0.0000 -18.2123 -35.0795 -4.6335
-0.3161 34.3294 -2.7285 185.5400 6.8802 -173.5100 0.0000 0.0000 0.0000 -20.4974 2.3872 -18.7868 3.1124 10.8748 31.8587 0.9553 8.5836 -23.4668 0.2112 -2.9590 -8.1647 0.0000 0.0000 0.0000 20.2466 20.5610 -9.4644 -2.9958 -10.6883 31.2358 -1.3145 3.0630 -20.8829 -0.7880 5.6669 -15.8209 -4.4534 -0.2003 12.2959 -1.2021 -0.8099 0.8234 1.3799 -0.2316 -5.9885 -24.2401 -1.6016 -30.6031 20.7307 3.3350 28.5712 14.1267 2.0622 14.0279 0.0000 0.0000 0.0000 -77.8544 -2.3500 47.9989 58.4720 -55.8888 -33.0728 -0.0000 0.0000 -7.5266 48.8687 20.1178 21.4967 -7.1250 0.0000 -0.0000 23.6999 57.4776 7.5240 0.0000 0.0000 0.0000 84.3890 14.2835 37.9693 -55.8454 55.0972 -30.9082 0.0000 -0.0000 -8.0139 -48.8418 -3.3276 3.7989 7.1250 -0.0000 -0.0000 -18.2287 -34.5391 -4.8901
-0.3356 34.2835 -2.6904 185.5600 5.9862 -173.5940 0.0000 0.0000 0.0000 -20.5743 2.8460 -19.5013 3.2061 11.0215 32.3525 0.9732 8.1432 -23.2757 0.3251 -3.6649 -10.1359 0.0000 0.0000 0.0000 20.0801 20.7094 -9.1311 -3.1909 -10.9978 32.2724 -1.3142 3.4251 -20.8152 -0.6989 5.3438 -14.8917 -4.6760 0.0453 12.6328 -1.1959 -0.5045 1.0310 1.4602 -0.0699 -5.9707 -22.7222 -1.6944 -30.2255 19.9433 2.5893 28.1807 13.2743 1.8012 14.0574 0.0000 -0.0000 0.0000 -77.9083 -4.0414 49.4532 58.5740 -55.9178 -33.1573 -0.0000 0.0000 -6.2918 48.4557 21.1718 22.1752 -7.1250 0.0000 -0.0000 23.5380 58.6806 8.1596 0.0000 -0.0000 0.0000 84.1510 13.6774 35.7768 -57.4406 55.5885 -32.2204 0.0000 -0.0000 -8.2855 -48.8174 -3.1415 3.5842 7.1250 -0.0000 -0.0000 -18.1582 -34.2700 -4.9943
-0.3322 34.2318 -2.5593 185.2100 2.2657 -173.3860 0.0000 0.0000 0.0000 -20.6556 1.0102 -20.5298 3.3599 11.2560 33.1483 0.9722 6.7637 -22.2485 0.2520 -3.2299 -8.9194 0.0000 0.0000 0.0000 19.8440 19.5447 -9.7279 -3.4913 -11.4508 33.8156 -1.3126 0.7414 -21.4375 -0.4598 4.3497 -12.0628 -4.6954 -0.6443 14.1580 -1.2470 -1.5165 0.7986 1.6212 -0.5315 -7.0104 -21.1091 -1.7148 -29.4274 19.2544 1.8247 27.6769 12.4100 1.5636 13.9308 0.0000 0.0000 0.0000 -77.9722 -5.2671 50.5135 58.8546 -55.9969 -33.3898 -0.0000 0.0000 -5.4068 47.6309 20.7319 21.2110 -7.1250 0.0000 -0.0000 22.2502 57.8850 7.2528 0.0000 0.0000 0.0000 84.5321 13.0224 32.9545 -59.0769 56.0589 -33.5741 0.0000 -0.0000 -9.6659 -46.4130 -3.8000 3.9829 7.1250 -0.0000 -0.0000 -16.3518 -35.0798 -4.1243
-0.3446 34.2025 -2.5947 185.0970 2.4766 -173.4280 0.0000 0.0000 0.0000 -20.9398 2.7053 -21.2872 3.4605 11.4056 33.6605 1.0687 5.4350 -22.2056 0.2387 -3.1442 -8.6805 0.0000 0.0000 0.0000 19.9047 20.3153 -8.9811 -3.7358 -11.8003 35.0293 -0.9058 -2.2688 -18.9337 -0.1488 2.4859 -6.8507 -5.0766 -0.0332 13.3139 -1.4081 -0.6895 1.0748 1.4965 -0.1321 -6.2901 -19.9916 -1.8741 -28.6026 18.7662 1.0621 27.1670 11.7418 1.2931 13.7689 -0.0000 -0.0000 0.0000 -78.3291 -6.5411 51.6993 58.9428 -56.0216 -33.4629 -0.0000 0.0000 -5.0720 46.6231 21.4900 21.1916 -7.1250 0.0000 -0.0000 21.1274 58.5332 7.1971 -0.0000 -0.0000 0.0000 84.5063 11.9940 30.8380 -60.1353 56.3459 -34.4537 0.0000 -0.0000 -9.3298 -47.4428 -2.6577 2.8910 7.1250 -0.0000 -0.0000 -16.9214 -33.5257 -4.9459
-0.2680 34.1648 -2.3888 184.3180 -3.6345 -172.1050 0.0000 0.0000 0.0000 -21.0111 -1.4574 -23.4693 3.6612 11.6954 34.6628 0.9130 3.9219 -19.8761 0.2724 -3.3571 -9.2747 0.0000 0.0000 0.0000 19.3716 17.6210 -11.7676 -4.0442 -12.2190 36.5111 -0.4769 -7.4834 -17.8800 -0.0821 1.8482 -5.0864 -5.3297 -1.3009 15.0032 -1.3465 -2.9313 0.3147 2.2092 -1.3147 -7.9067 -18.6451 -1.9405 -27.6596 18.3127 0.3471 26.7026 11.0634 1.0718 13.5742 0.0000 0.0000 0.0000 -78.5277 -7.5647 52.6766 58.5374 -55.9074 -33.1269 -0.0000 0.0000 -4.2963 45.9773 21.1538 20.4755 -7.1250 0.0000 -0.0000 20.1702 57.9308 6.5582 0.0000 0.0000 0.0000 84.6918 11.1351 29.1353 -61.3280 56.6535 -35.4483 0.0000 -0.0000 -9.6513 -48.0916 -2.9566 3.2892 7.1250 -0.0000 -0.0000 -17.5204 -33.9739 -4.9359
-0.3048 34.1594 -2.4958 185.0310 -2.2124 -173.6800 0.0000 0.0000 0.0000 -20.5748 2.1024 -22.6309 3.7523 11.8233 35.1097 1.0316 2.5419 -20.2597 0.2947 -3.4908 -9.6483 0.0000 0.0000 0.0000 20.8958 18.1949 -8.6107 -3.9480 -12.0908 36.0540 -0.0384 -9.7006 -14.4473 -0.0087 0.6008 -1.6511 -4.8753 -0.2077 14.8170 -1.4806 -1.4345 1.2031 1.4893 -0.6762 -6.9661 -17.7695 -2.2884 -27.1902 18.0374 -0.5304 26.2420 10.5630 0.7449 13.5061 0.0000 -0.0000 0.0000 -78.9577 -9.0305 53.9311 57.6762 -55.6582 -32.4148 -0.0000 0.0000 -3.9153 45.5425 20.6229 19.7456 -7.1250 0.0000 -0.0000 19.4690 57.1509 5.9483 0.0000 -0.0000 0.0000 84.4938 10.6133 26.4757 -62.6999 56.9875 -36.5965 0.0000 -0.0000 -13.6191 -40.4939 3.1614 -2.6962 7.1250 -0.0000 -0.0000 -10.4659 -25.8054 -4.9444
-0.2840 34.1298 -2.4876 185.1250 -3.4889 -173.1650 0.0000 0.0000 0.0000 -20.4545 3.0697 -24.3584 3.9510 12.0949 36.0684 1.0656 0.7178 -19.7817 0.2230 -3.0397 -8.3893 0.0000 0.0000 0.0000 21.3140 18.2375 -8.8656 -3.9514 -12.0955 36.0706 0.3993 -12.2772 -10.0977 -0.0014 -0.2403 0.6602 -4.8301 -0.1991 14.3553 -1.5219 -1.3765 1.1418 1.4003 -0.6475 -6.7798 -17.3158 -1.7713 -26.6966 18.1218 -1.5049 25.6515 10.1384 -0.1643 13.3351 -0.0000 0.0000 0.0000 -79.1402 -10.0548 54.9975 57.4544 -55.5926 -32.2318 -0.0000 0.0000 -3.2989 45.0960 20.5403 19.3943 -7.1250 0.0000 -0.0000 18.8779 56.9245 5.6543 -0.0000 0.0000 0.0000 84.0224 9.7444 25.5101 -64.0603 57.2982 -37.7393 0.0000 -0.0000 -13.5121 -41.3326 2.3355 -2.0527 7.1250 -0.0000 -0.0000 -11.2177 -26.8275 -5.0382
-0.2382 34.0554 -2.4481 185.3070 -4.9642 -172.7550 0.0000 0.0000 0.0000 -20.4289 4.2408 -26.8489 4.3614 12.6264 37.9855 1.1276 -0.7057 -19.8551 0.1748 -2.6935 -7.4265 0.0000 0.0000 0.0000 21.7963 18.1875 -9.3991 -3.9667 -12.1159 36.1434 0.5678 -13.2676 -6.2583 -0.0017 -0.2656 0.7297 -4.9008 -0.2641 14.6798 -1.4706 -1.4877 1.0491 1.5227 -0.6875 -7.0504 -16.2982 -2.0809 -27.0383 17.8233 -2.2834 25.6841 9.7046 -0.4393 13.5946 -0.0000 0.0000 0.0000 -78.9494 -10.9756 56.2090 57.5624 -55.6246 -32.3209 -0.0000 0.0000 -2.6352 44.9483 20.1677 18.9908 -7.1250 0.0000 -0.0000 18.6084 56.4229 5.3412 -0.0000 0.0000 0.0000 83.5214 8.9395 24.9708 -65.7184 57.6506 -39.1374 0.0000 -0.0000 -12.6747 -44.1784 0.4144 -0.4027 7.1250 -0.0000 -0.0000 -13.7021 -29.2665 -5.3953
-0.1906 33.9553 -2.4121 185.7920 -5.7416 -171.7770 0.0000 0.0000 0.0000 -20.5013 6.5799 -31.0850 5.0239 13.4107 40.9260 1.1598 -2.5355 -19.6723 0.0911 -1.9463 -5.3572 0.0000 0.0000 0.0000 22.2823 19.2082 -10.6387 -3.9026 -12.0297 35.8370 0.5217 -12.9743 -1.8246 -0.0097 0.6350 -1.7451 -4.7335 -0.2446 14.1709 -1.4702 -1.3892 1.0148 1.4000 -0.6441 -6.8122 -14.9819 -2.3873 -28.2071 17.4442 -3.0607 25.8946 9.2215 -0.6630 14.0843 0.0000 0.0000 0.0000 -78.1541 -12.3733 57.1161 58.5544 -55.9123 -33.1410 -0.0000 0.0000 -1.7793 44.3070 20.2172 18.6403 -7.1250 0.0000 -0.0000 17.8175 56.3105 5.0546 0.0000 0.0000 0.0000 83.1793 8.5492 24.5286 -67.9603 58.0826 -41.0359 0.0000 -0.0000 -12.4630 -45.7228 -1.2962 1.3290 7.1250 -0.0000 -0.0000 -15.2430 -31.5905 -5.1608
-0.1217 33.8080 -2.3495 185.9130 -7.1247 -170.9500 0.0000 0.0000 0.0000 -20.8607 8.1212 -35.2562 5.8234 14.2550 44.2689 1.1255 -4.0439 -19.1152 0.0000 -0.0260 -0.0716 0.0000 0.0000 0.0000 22.4587 19.7678 -11.8515 -3.9059 -12.0342 35.8530 0.3483 -10.9920 -0.2190 -0.1125 2.1621 -5.9539 -4.8639 -0.3572 14.4411 -1.5362 -1.5835 0.9201 1.4471 -0.7276 -7.0524 -13.5313 -2.7124 -29.6067 17.0277 -3.9433 26.1844 8.6777 -0.9124 14.6638 -0.0000 0.0000 0.0000 -76.9962 -13.6794 58.4032 60.2533 -56.3771 -34.5519 -0.0000 0.0000 -1.1595 44.4915 20.0728 18.6328 -7.1250 0.0000 -0.0000 18.0182 56.1816 5.0573 -0.0000 0.0000 0.0000 82.7864 7.9219 23.8435 -71.4421 58.6579 -44.0008 0.0000 -0.0000 -13.4272 -45.3960 -1.3606 1.3791 7.1250 -0.0000 -0.0000 -14.9997 -31.6773 -5.0406
-0.0216 33.6432 -2.2243 185.7550 -9.7594 -170.1290 0.0000 0.0000 0.0000 -20.8460 7.2949 -38.7632 6.6594 15.0382 47.5740 1.0703 -6.0525 -18.4738 0.0113 0.6872 1.8884 0.0000 0.0000 0.0000 22.3871 19.8628 -13.3255 -3.7980 -11.8867 35.3322 0.2576 -10.4124 1.8568 -0.0485 1.4208 -3.9073 -5.0607 -0.9128 15.8632 -1.5326 -2.4603 0.8599 1.7818 -1.1270 -7.8521 -12.9025 -3.1526 -27.3625 16.7972 -4.1729 20.8347 7.9054 -0.9048 12.0597 -0.0000 0.0000 0.0000 -75.6559 -15.1218 59.4904 63.0568 -57.0710 -36.8960 -0.0000 0.0000 -1.5713 44.9318 19.6999 18.5874 -7.1250 0.0000 -0.0000 18.4856 55.8375 5.0387 -0.0000 0.0000 0.0000 82.4607 8.0003 23.2227 -74.9712 59.1291 -47.0227 0.0000 -0.0000 -14.2518 -45.7471 -1.0982 1.1270 7.1250 -0.0000 -0.0000 -15.2198 -31.3169 -5.2562
0.0726 33.4506 -2.1568 185.7290 -10.1082 -169.2910 0.0000 0.0000 0.0000 -20.8381 8.7012 -42.2942 7.4627 15.7094 50.6032 1.0076 -9.0074 -18.0703 0.0210 0.9361 2.5730 0.0000 0.0000 0.0000 22.3081 21.3214 -14.1682 -3.5908 -11.5950 34.3140 0.1699 -9.7432 3.3408 -0.0864 1.8955 -5.2168 -6.0875 -0.7649 16.1504 -1.5030 -2.4842 0.9642 2.4053 -1.1110 -7.8569 -14.6053 -5.5448 -24.6715 19.1481 -6.8890 13.6549 8.2161 -2.1783 9.6523 -0.0000 0.0000 0.0000 -74.4937 -16.1724 60.2711 67.5269 -58.0029 -40.6682 -0.0000 0.0000 -2.4862 45.4835 19.4273 18.6892 -7.1250 0.0000 -0.0000 19.1063 55.6462 5.1268 -0.0000 0.0000 0.0000 81.8352 7.6070 22.9516 -80.6675 59.6683 -51.9268 0.0000 -0.0000 -15.6114 -45.2534 -1.8240 1.8393 7.1250 -0.0000 -0.0000 -14.9831 -32.3123 -4.7974
0.1741 33.2502 -2.0654 185.5030 -11.7469 -168.3610 0.0000 0.0000 0.0000 -20.7712 8.3314 -45.4579 8.2933 16.3308 53.6125 0.8628 -11.4906 -17.2863 0.0727 1.7393 4.7857 0.0000 0.0000 0.0000 22.0322 22.7102 -15.0480 -3.3474 -11.2373 33.0844 0.2598 -10.8265 2.4709 -0.0978 2.0164 -5.5509 -6.4643 -1.0538 16.9724 -1.7521 -3.0510 1.0305 2.5061 -1.3754 -8.1934 -13.6957 -5.9289 -19.7845 19.4114 -7.2708 4.3700 7.7683 -2.8323 5.8737 -0.0000 0.0000 0.0000 -72.8734 -16.9423 61.1080 74.7966 -59.1083 -46.8729 -0.0000 0.0000 -3.1894 45.7976 20.6131 19.9001 -7.1250 0.0000 -0.0000 19.7956 57.2103 6.0822 -0.0000 0.0000 0.0000 81.8123 7.5407 22.2155 -85.8889 59.9360 -56.4404 0.0000 -0.0000 -16.7527 -45.4342 -2.2502 2.2828 7.1250 -0.0000 -0.0000 -15.2162 -32.9010 -4.6525
0.2703 33.0502 -1.9801 184.9790 -13.4057 -167.2140 0.0000 0.0000 0.0000 -21.1377 7.6852 -48.9534 9.2587 16.9714 56.9806 0.7316 -13.1615 -16.6573 0.1519 2.5116 6.9218 0.0000 0.0000 0.0000 21.2117 23.9539 -16.1325 -3.0462 -10.7695 31.5065 0.4186 -13.0060 1.9567 -0.0123 0.7174 -1.9714 -7.0749 -1.3015 17.5147 -1.9017 -3.5765 1.0064 2.8330 -1.6029 -8.4528 -11.9124 -6.1759 -16.1678 17.8279 -7.6557 -2.1786 6.8829 -3.5485 3.2166 0.0000 0.0000 0.0000 -71.9357 -17.7375 61.8451 82.3339 -59.7768 -53.3659 -0.0000 0.0000 -2.9738 46.4047 23.7969 22.9664 -7.1250 0.0000 -0.0000 21.4973 61.2893 8.7548 0.0000 0.0000 0.0000 81.4235 7.0310 21.2085 -92.2783 59.9804 -61.9729 0.0000 -0.0000 -17.5076 -45.1889 -3.3286 3.3450 7.1250 -0.0000 -0.0000 -15.2426 -34.3705 -4.0988
0.3592 32.8296 -1.8878 185.0500 -15.1420 -166.4140 0.0000 0.0000 0.0000 -20.6551 6.7261 -52.2491 10.3351 17.5940 60.6025 0.6310 -14.3121 -16.2247 0.1558 2.5437 7.0109 0.0000 0.0000 0.0000 21.0364 24.8853 -16.9118 -2.7189 -10.2255 29.7102 0.4784 -13.4833 1.2944 -0.0044 0.4269 -1.1730 -6.9971 -1.5576 18.0480 -1.8057 -3.9364 1.1625 3.0003 -1.7779 -8.5409 -9.7531 -6.4844 -15.5397 15.4177 -8.2782 -4.3582 5.7259 -4.0793 2.3160 -0.0000 -0.0000 0.0000 -71.4496 -19.2019 62.1438 88.7759 -59.9943 -58.9400 -0.0000 0.0000 -2.7235 45.9591 25.5509 24.0368 -7.1250 0.0000 -0.0000 21.3292 63.2561 9.6733 -0.0000 -0.0000 0.0000 80.7727 6.7704 19.9571 -98.4309 59.7297 -67.2948 0.0000 -0.0000 -18.3725 -45.1945 -4.3928 4.4097 7.1250 -0.0000 -0.0000 -15.4684 -35.8231 -3.5967
0.4337 32.5920 -1.8068 184.9420 -16.6342 -166.3370 0.0000 0.0000 0.0000 -20.1795 5.7137 -54.3411 11.3969 18.1239 64.0637 0.5791 -15.3771 -16.2340 0.1791 2.7258 7.5163 0.0000 0.0000 0.0000 20.9223 25.5219 -16.5506 -2.3992 -9.6523 27.8580 0.5570 -14.0694 0.3358 -0.0008 0.1800 -0.4945 -6.8356 -1.6000 18.9400 -1.8764 -4.0617 1.4270 2.9054 -1.8535 -8.7486 -10.3119 -7.0488 -15.5442 16.0606 -8.9622 -4.5101 5.9527 -4.4109 2.4230 0.0000 -0.0000 0.0000 -71.4161 -21.0869 62.7348 94.4465 -59.9252 -63.8498 -0.0000 0.0000 -2.8408 45.3477 27.7510 25.2352 -7.1250 0.0000 -0.0000 20.9303 65.6543 10.6487 0.0000 -0.0000 0.0000 80.3469 6.1814 18.3285 -104.6422 59.1742 -72.6453 0.0000 -0.0000 -19.0732 -45.6909 -5.1229 5.2265 7.1250 -0.0000 -0.0000 -16.0428 -36.8552 -3.3195
0.5105 32.3236 -1.7408 184.6490 -17.6040 -165.8840 0.0000 0.0000 0.0000 -19.9829 4.8346 -56.7016 12.4331 18.5678 67.3552 0.6046 -16.3526 -16.8757 0.1869 2.7841 7.6782 0.0000 0.0000 0.0000 20.4683 26.0681 -16.6098 -2.1356 -9.1431 26.2439 0.5213 -13.8204 0.8137 -0.0073 0.5501 -1.5116 -6.9100 -1.5356 18.8557 -1.9674 -3.9969 1.5172 2.8259 -1.8330 -8.6111 -10.4795 -7.5610 -15.3190 16.1053 -9.6125 -4.4438 5.9312 -4.7252 2.5022 0.0000 0.0000 0.0000 -71.6861 -22.8781 63.3853 99.0325 -59.6895 -67.8142 -0.0000 0.0000 -2.9383 44.8103 29.2451 25.8883 -7.1250 0.0000 -0.0000 20.3647 67.2134 11.0747 0.0000 0.0000 0.0000 79.8271 5.8622 16.6149 -109.8519 58.4572 -77.1032 0.0000 -0.0000 -19.8898 -45.6135 -5.6342 5.7277 7.1250 -0.0000 -0.0000 -16.0882 -37.5476 -3.0467
0.5672 32.0551 -1.6698 183.7540 -18.9988 -165.3270 0.0000 0.0000 0.0000 -20.2768 3.0316 -58.5096 13.3910 18.9188 70.3358 0.6361 -17.0079 -17.4199 0.2161 2.9927 8.2583 0.0000 0.0000 0.0000 19.4181 25.9814 -16.8509 -1.9568 -8.7756 25.0958 0.5792 -14.3739 0.4248 -0.0512 1.4597 -4.0147 -6.9763 -1.8637 18.7272 -2.1899 -4.4585 1.5398 2.7272 -2.0646 -8.4875 -10.5107 -7.6327 -14.9946 15.9135 -9.6847 -4.6287 5.8815 -4.7755 2.3942 -0.0000 -0.0000 0.0000 -72.0482 -24.5820 63.5093 102.3377 -59.4169 -70.6638 -0.0000 0.0000 -3.4530 44.8130 29.6056 26.1423 -7.1250 0.0000 -0.0000 20.4446 67.6274 11.3111 -0.0000 -0.0000 0.0000 79.2957 5.7209 15.1893 -114.4243 57.6214 -80.9832 0.0000 -0.0000 -21.0604 -45.2894 -6.9087 6.9280 7.1250 -0.0000 -0.0000 -16.0806 -39.2478 -2.3505
0.6425 31.7922 -1.6038 182.9490 -20.0193 -165.6740 0.0000 0.0000 0.0000 -20.4793 2.2090 -59.6448 14.3920 19.2286 73.3981 0.6102 -17.6307 -17.5129 0.2558 3.2542 8.9873 0.0000 0.0000 0.0000 18.9755 26.2643 -15.6409 -1.7962 -8.4281 24.0221 0.7819 -15.9246 -1.7113 -0.0020 -0.2905 0.7982 -7.2819 -1.9693 19.5449 -2.4194 -4.7904 1.6101 2.7792 -2.2140 -8.8297 -10.6056 -7.7343 -15.0487 15.8159 -9.7907 -4.1016 5.8445 -4.7872 2.5705 0.0000 -0.0000 0.0000 -72.2363 -25.8790 63.5607 105.1108 -59.1194 -73.0476 -0.0000 0.0000 -4.3471 44.6017 30.4656 26.5659 -7.1250 0.0000 -0.0000 20.2415 68.5415 11.6112 0.0000 -0.0000 0.0000 78.8174 5.7123 14.0818 -118.0635 56.8043 -84.0429 0.0000 -0.0000 -21.6076 -44.6246 -8.7393 8.5285 7.1250 -0.0000 -0.0000 -15.8612 -41.6233 -1.3592
0.7094 31.5411 -1.5516 182.2640 -20.6115 -165.7650 0.0000 0.0000 0.0000 -20.8099 2.0282 -61.2298 15.4293 19.4916 76.5266 0.5809 -18.3773 -17.6578 0.2507 3.2217 8.8967 0.0000 0.0000 0.0000 18.5914 26.3419 -14.9863 -1.6964 -8.2028 23.3317 0.9730 -17.4919 -2.8350 -0.0016 -0.2582 0.7094 -7.3396 -1.9870 19.5788 -2.6695 -4.8709 1.6964 2.5611 -2.2691 -8.7659 -10.7012 -7.9066 -15.0894 15.9081 -10.0049 -4.0077 5.8630 -4.8816 2.6435 -0.0000 0.0000 0.0000 -72.2045 -27.4034 63.7678 107.6295 -58.7924 -75.2057 -0.0000 0.0000 -5.4272 44.7174 31.6744 27.4716 -7.1250 0.0000 -0.0000 20.6901 69.9438 12.5218 -0.0000 0.0000 0.0000 78.3464 5.8370 13.1405 -121.0066 56.0357 -86.4951 0.0000 -0.0000 -21.8104 -45.1729 -9.0843 9.0257 7.1250 -0.0000 -0.0000 -16.4398 -42.1599 -1.1872
0.7714 31.2923 -1.5007 181.7980 -21.0213 -166.0330 0.0000 0.0000 0.0000 -20.9242 2.1078 -62.6919 16.4376 19.6930 79.5329 0.5516 -19.0456 -17.7809 0.2494 3.2132 8.8729 0.0000 0.0000 0.0000 18.5707 26.0158 -14.4410 -1.6302 -8.0492 22.8636 1.2134 -19.3386 -3.7347 -0.0050 -0.4557 1.2521 -7.2853 -2.0638 19.3503 -2.8033 -4.9565 1.9322 2.3870 -2.3460 -8.3904 -10.6773 -7.9860 -15.2837 15.7474 -10.0959 -4.0259 5.7942 -4.9259 2.6657 0.0000 -0.0000 0.0000 -71.7655 -29.0576 63.4196 109.6709 -58.4862 -76.9489 -0.0000 0.0000 -6.9979 44.8242 31.9613 27.7492 -7.1250 0.0000 -0.0000 20.9533 70.2996 12.8500 0.0000 -0.0000 0.0000 77.9482 6.4937 12.4310 -124.3437 55.0368 -89.2468 0.0000 -0.0000 -22.1404 -42.6551 -10.4653 9.5003 7.1250 -0.0000 -0.0000 -14.3337 -43.6045 -0.5046
0.8356 31.0619 -1.4458 181.0960 -21.2075 -166.1830 0.0000 0.0000 0.0000 -21.4990 2.3522 -64.1756 17.3066 19.8252 82.1030 0.5523 -19.1975 -17.8647 0.2045 2.9116 8.0328 0.0000 0.0000 0.0000 18.1496 26.4648 -13.8477 -1.5986 -7.9746 22.6371 1.4575 -21.1407 -3.8237 -0.0259 -1.0397 2.8579 -7.4202 -1.9750 19.0557 -2.9626 -4.8630 2.0162 2.2477 -2.3189 -8.1495 -10.6238 -8.1401 -14.7712 15.5874 -10.3063 -4.3843 5.7358 -5.0616 2.4923 0.0000 0.0000 0.0000 -71.2913 -30.6688 63.1297 110.5839 -58.3369 -77.7266 -0.0000 0.0000 -7.8863 44.2892 32.6509 27.7576 -7.1250 0.0000 -0.0000 20.0328 70.9023 12.5353 0.0000 0.0000 0.0000 77.1722 6.9181 11.8160 -126.0924 54.4549 -90.6749 0.0000 -0.0000 -21.6003 -44.1379 -10.4672 9.9977 7.1250 -0.0000 -0.0000 -15.7451 -43.8361 -0.4644
0.9019 30.8389 -1.3983 180.4740 -21.3481 -166.5880 0.0000 0.0000 0.0000 -21.8613 2.8719 -65.4480 18.2169 19.9236 84.7801 0.3714 -20.5881 -17.3231 0.3134 3.5986 9.9499 0.0000 0.0000 0.0000 18.0002 26.7973 -13.0300 -1.5853 -7.9428 22.5405 1.3519 -20.8725 -1.6422 -0.0026 -0.3289 0.9038 -7.2538 -2.0185 19.2983 -3.2342 -4.9547 1.8513 1.9045 -2.3574 -8.4975 -10.7999 -8.2051 -14.5382 15.8417 -10.3878 -3.9442 5.8326 -5.0695 2.6271 -0.0000 0.0000 0.0000 -70.2205 -32.1431 62.4864 110.9570 -58.2737 -78.0441 -0.0000 0.0000 -8.8384 43.5870 33.1490 27.4966 -7.1250 0.0000 -0.0000 18.7132 71.2344 11.8267 -0.0000 0.0000 0.0000 77.1476 7.1066 11.5599 -127.8398 53.8304 -92.0912 0.0000 -0.0000 -21.3086 -44.2781 -10.6707 10.2348 7.1250 -0.0000 -0.0000 -15.9186 -44.1257 -0.3528
0.9742 30.6205 -1.3558 179.7120 -21.6579 -166.8420 0.0000 0.0000 0.0000 -22.2492 3.2363 -66.6887 19.0991 19.9805 87.3650 0.3304 -20.4523 -16.9442 0.2414 3.1618 8.7294 0.0000 0.0000 0.0000 17.6371 27.3340 -12.3596 -1.5979 -7.9727 22.6313 1.2634 -20.2212 -1.5522 -0.0000 0.0368 -0.1012 -7.3413 -1.9665 19.1245 -3.2042 -4.8792 1.7389 1.9594 -2.3096 -8.5214 -11.2354 -8.3822 -14.2021 15.7738 -10.5468 -3.6619 5.8700 -5.1240 2.6967 -0.0000 -0.0000 0.0000 -69.7829 -33.4456 61.9831 110.8992 -58.2836 -77.9949 -0.0000 0.0000 -10.0119 43.1729 33.7281 27.5160 -7.1250 0.0000 -0.0000 17.9306 71.7441 11.5215 -0.0000 -0.0000 0.0000 75.7343 7.8780 11.1078 -129.9151 53.0297 -93.7580 0.0000 -0.0000 -22.5653 -43.8121 -13.6483 12.7553 7.1250 -0.0000 -0.0000 -16.0191 -47.9110 1.1790
1.0610 30.3952 -1.3065 179.1910 -22.0720 -167.6500 0.0000 0.0000 0.0000 -22.1883 3.7158 -67.3679 19.9411 19.9999 89.8279 -0.0415 -22.4756 -15.5337 0.5132 4.5917 12.7474 0.0000 0.0000 0.0000 18.2215 26.2817 -11.3816 -1.6973 -8.2049 23.3381 1.2311 -19.2664 -5.3746 -0.0022 -0.3038 0.8348 -7.6124 -1.7472 19.6867 -2.8468 -4.6581 1.5643 2.4775 -2.1504 -8.9870 -11.5597 -8.6104 -13.7488 15.3068 -10.7733 -3.2448 5.7601 -5.2126 2.7611 0.0000 0.0000 0.0000 -70.1490 -34.2450 61.6054 110.1420 -58.4101 -77.3504 -0.0000 0.0000 -10.5365 42.0746 33.2327 26.3240 -7.1250 0.0000 -0.0000 15.8192 70.8454 9.8314 0.0000 0.0000 0.0000 74.9910 8.2216 10.3882 -131.2232 52.4901 -94.7994 0.0000 -0.0000 -23.1658 -42.2307 -10.6271 9.5031 7.1250 -0.0000 -0.0000 -13.9562 -43.7488 -0.4400
1.1542 30.1909 -1.2671 178.8260 -22.5046 -168.6360 0.0000 0.0000 0.0000 -22.1604 4.6128 -67.8494 20.7266 19.9873 92.1249 -0.0940 -22.7191 -15.3225 0.4125 4.1227 11.4221 0.0000 0.0000 0.0000 19.1241 25.1292 -10.1834 -1.7996 -8.4355 24.0447 1.0037 -17.5381 -8.9417 -0.0109 0.6746 -1.8538 -7.5414 -1.6090 20.7048 -2.5555 -4.5265 1.1399 2.7873 -2.0097 -10.0130 -11.9213 -8.6235 -12.9023 14.9938 -10.7430 -2.9250 5.7469 -5.1867 2.7166 -0.0000 0.0000 0.0000 -70.4705 -34.2600 61.1505 109.0950 -58.5764 -76.4577 -0.0000 0.0000 -11.4657 40.5970 32.2809 24.5938 -7.1250 0.0000 -0.0000 13.2619 69.3195 7.7725 -0.0000 0.0000 0.0000 73.9731 8.2397 10.3487 -132.6961 51.8485 -95.9628 0.0000 -0.0000 -22.9991 -41.7784 -9.0711 8.0178 7.1250 -0.0000 -0.0000 -13.3058 -41.6850 -1.1099
1.2397 29.9975 -1.2133 178.6650 -23.1096 -169.4840 0.0000 0.0000 0.0000 -22.0157 5.0283 -68.5698 21.4528 19.9493 94.2510 -0.0859 -22.7906 -15.4358 0.2532 3.2378 8.9415 0.0000 0.0000 0.0000 19.9467 23.6698 -10.0227 -1.9579 -8.7779 25.1030 0.7726 -16.3532 -12.1898 -0.0676 -1.6776 4.6155 -6.8036 -1.7248 21.5355 -2.4030 -4.5536 0.6528 2.6053 -1.9761 -11.0615 -11.9012 -8.5552 -12.0177 14.4473 -10.6667 -2.4547 5.6047 -5.1432 2.6681 0.0000 0.0000 0.0000 -70.2413 -34.2846 60.4560 108.4072 -58.6802 -75.8704 -0.0000 0.0000 -12.3701 39.4674 33.7197 24.5644 -7.1250 0.0000 -0.0000 11.0278 70.5455 6.7522 0.0000 0.0000 0.0000 73.0705 8.2251 11.2051 -134.5478 50.9881 -97.4104 0.0000 -0.0000 -21.1813 -43.8179 -15.0082 13.9546 7.1250 -0.0000 -0.0000 -16.2741 -49.6534 1.9123
1.3456 29.8232 -1.1776 178.6740 -23.5290 -170.4990 0.0000 0.0000 0.0000 -21.4201 5.6477 -69.0911 22.1125 19.8927 96.1872 -0.1969 -23.0621 -14.8119 0.2198 3.0183 8.3297 0.0000 0.0000 0.0000 20.9990 22.2607 -9.8448 -2.1137 -9.0991 26.1058 0.5455 -15.4338 -14.6937 -0.0073 -0.5526 1.5184 -6.4276 -1.7805 21.8009 -2.0607 -4.4958 0.6365 2.7699 -1.9412 -11.2277 -12.3358 -8.5752 -11.9328 14.3329 -10.6272 -2.0434 5.6378 -5.0999 2.7861 -0.0000 -0.0000 0.0000 -69.6882 -34.1292 58.7866 106.9698 -58.8834 -74.6411 -0.0000 0.0000 -13.8767 37.8154 31.0939 21.8417 -7.1250 0.0000 -0.0000 8.9979 67.1348 4.8106 -0.0000 -0.0000 0.0000 71.9322 9.4178 11.8847 -135.1348 50.7023 -97.8656 0.0000 -0.0000 -20.7259 -43.0357 -16.3697 14.7428 7.1250 -0.0000 -0.0000 -15.6608 -51.2035 2.4441
1.4505 29.6547 -1.1276 178.7380 -23.8250 -171.3600 0.0000 0.0000 0.0000 -20.6652 6.0875 -69.8915 22.7915 19.8121 98.1863 -0.3313 -23.4220 -14.0773 0.2467 3.1964 8.8259 0.0000 0.0000 0.0000 21.8371 21.1335 -9.7684 -2.2365 -9.3423 26.8719 0.2026 -14.2498 -17.7760 -0.0346 -1.1999 3.2991 -5.8370 -1.8845 21.6118 -1.8769 -4.4304 0.6832 2.6090 -1.9372 -11.0997 -12.0551 -8.4397 -11.4332 13.6190 -10.4727 -1.7002 5.4000 -5.0276 2.7258 -0.0000 -0.0000 0.0000 -68.7893 -34.7281 57.3517 105.6335 -59.0561 -73.4961 -0.0000 0.0000 -16.1940 38.2896 31.8216 22.6001 -7.1250 0.0000 -0.0000 9.5545 68.0856 5.3170 -0.0000 -0.0000 0.0000 71.3510 10.6716 12.7328 -135.4788 50.5318 -98.1315 0.0000 -0.0000 -19.3038 -42.5464 -16.7142 14.7867 7.1250 -0.0000 -0.0000 -15.1756 -51.5242 2.4865
1.5650 29.4859 -1.0693 178.8190 -24.5344 -172.4310 0.0000 0.0000 0.0000 -19.8062 6.1057 -70.5618 23.4832 19.7066 100.2323 -0.3742 -23.0506 -13.4267 0.1045 2.0844 5.7389 0.0000 0.0000 0.0000 22.7126 20.4066 -9.2262 -2.3617 -9.5819 27.6332 -0.0605 -13.6191 -20.0475 -0.0428 -1.3350 3.6712 -4.9619 -2.1900 21.8459 -1.6499 -4.5881 0.6743 2.4268 -2.0360 -11.2717 -12.3457 -8.3001 -10.5324 13.2768 -10.2806 -1.6368 5.3894 -4.9453 2.5701 -0.0000 -0.0000 0.0000 -68.1114 -36.0057 55.9132 102.6806 -59.3836 -70.9590 -0.0000 0.0000 -18.1254 37.5465 31.1107 21.6600 -7.1250 0.0000 -0.0000 8.5850 67.0710 4.5759 -0.0000 -0.0000 0.0000 70.2963 12.0912 13.5291 -135.2157 50.6624 -97.9282 0.0000 -0.0000 -17.9012 -40.9054 -16.7300 14.0039 7.1250 -0.0000 -0.0000 -13.3885 -51.1810 2.0701
1.6959 29.3171 -1.0049 178.7860 -25.1496 -173.6220 0.0000 0.0000 0.0000 -18.9652 6.3042 -70.9986 24.1358 19.5849 102.1731 -0.5507 -23.1869 -12.1048 0.0690 1.6951 4.6638 0.0000 0.0000 0.0000 23.3294 20.0502 -8.6645 -2.5414 -9.9128 28.6947 -0.3250 -12.9597 -21.9727 -0.0148 -0.7847 2.1566 -4.4589 -2.3600 21.7158 -1.6093 -4.6863 1.3324 2.1908 -2.1634 -10.4838 -11.7412 -8.2181 -10.3232 12.8567 -10.2297 -2.0250 5.1847 -4.9468 2.3575 0.0000 0.0000 0.0000 -66.8479 -37.9910 53.9558 100.0849 -59.6122 -68.7224 -0.0000 0.0000 -19.3838 35.7801 31.4886 20.6283 -7.1250 0.0000 -0.0000 5.8338 66.9475 3.0879 0.0000 0.0000 0.0000 70.2910 13.9843 13.7137 -134.2008 51.1540 -97.1405 0.0000 -0.0000 -14.9958 -39.9036 -17.0357 13.7658 7.1250 -0.0000 -0.0000 -12.3336 -51.3399 1.9511
1.8121 29.1840 -0.9371 178.7950 -25.2198 -173.9870 0.0000 0.0000 0.0000 -17.9415 6.4683 -72.2049 24.7602 19.4478 104.0422 -0.8499 -23.7227 -10.0376 0.1256 2.2844 6.2922 0.0000 0.0000 0.0000 23.5047 20.1814 -9.1346 -2.7323 -10.2486 29.7856 -0.5431 -12.1393 -23.1110 -0.0064 -0.5161 1.4181 -3.6608 -2.4059 21.0773 -1.7096 -4.5261 1.5278 1.5415 -2.1492 -9.9917 -11.7572 -8.2370 -9.7231 13.1242 -10.2972 -2.4623 5.2931 -5.0022 2.1602 -0.0000 0.0000 0.0000 -66.6454 -39.1547 52.4679 97.5371 -59.7843 -66.5225 -0.0000 0.0000 -20.7467 35.0340 29.6655 19.1365 -7.1250 0.0000 -0.0000 5.3749 64.7274 2.5693 -0.0000 0.0000 0.0000 70.3103 15.0203 13.8481 -132.9601 51.7296 -96.1702 0.0000 -0.0000 -14.0864 -38.6101 -14.5269 11.3271 7.1250 -0.0000 -0.0000 -10.8235 -48.0252 0.8168
1.9480 29.0911 -0.8676 178.4310 -25.4194 -174.3880 0.0000 0.0000 0.0000 -17.4215 6.5732 -72.7794 25.0387 19.3801 104.8799 -1.3382 -25.1875 -7.2044 0.2412 3.1606 8.7261 0.0000 0.0000 0.0000 23.6997 20.4787 -9.4599 -2.9526 -10.6180 31.0021 -0.5988 -12.7252 -24.2139 -0.0253 -1.0277 2.8249 -3.4463 -2.3846 20.7790 -1.8597 -4.4710 2.0105 1.2119 -2.1776 -9.3230 -11.6983 -8.3609 -9.7472 13.5375 -10.4825 -2.8646 5.4012 -5.1067 2.0928 0.0000 -0.0000 0.0000 -66.2405 -40.3944 50.7206 95.5289 -59.8842 -64.7863 -0.0000 0.0000 -21.6154 33.8545 29.4287 18.2422 -7.1250 0.0000 -0.0000 3.8531 64.1287 1.7869 0.0000 -0.0000 0.0000 71.2215 15.5563 14.2560 -132.0725 52.1246 -95.4715 0.0000 -0.0000 -15.1980 -37.8358 -9.8597 7.5756 7.1250 -0.0000 -0.0000 -9.7763 -42.1848 -0.6862
2.0876 29.0491 -0.7903 178.3610 -25.5735 -174.7210 0.0000 0.0000 0.0000 -16.7227 6.7675 -73.4329 25.1826 19.3435 105.3138 -1.5363 -25.3152 -5.2972 0.2816 3.4128 9.4302 0.0000 0.0000 0.0000 24.2569 20.9065 -9.7855 -3.0907 -10.8404 31.7436 -0.5497 -13.7240 -24.8618 -0.0780 -1.8015 4.9575 -3.0875 -2.4343 20.5160 -1.8232 -4.4530 2.4197 1.0186 -2.2134 -8.7520 -12.0083 -8.3503 -9.9131 13.9338 -10.4284 -3.3540 5.5804 -5.0892 2.0103 -0.0000 -0.0000 0.0000 -66.1262 -41.3082 48.8536 94.0878 -59.9368 -63.5394 -0.0000 0.0000 -22.7266 31.4982 28.1986 16.1481 -7.1250 0.0000 -0.0000 1.2449 62.1379 0.5188 -0.0000 -0.0000 0.0000 72.4991 15.8533 14.7757 -130.8198 52.6595 -94.4791 0.0000 -0.0000 -17.0096 -35.3424 -7.4356 5.2435 7.1250 -0.0000 -0.0000 -7.4044 -38.9686 -1.1074
2.2219 29.0130 -0.7205 178.1150 -25.6020 -175.1160 0.0000 0.0000 0.0000 -16.7084 7.3215 -73.7015 25.2469 19.3267 105.5080 -1.5345 -25.0373 -4.8517 0.2330 3.1069 8.5766 0.0000 0.0000 0.0000 24.6470 21.7426 -9.8226 -3.2104 -11.0281 32.3747 -0.4112 -15.1854 -25.3550 -0.1470 -2.4708 6.8086 -2.9262 -2.3449 20.6131 -1.8602 -4.3316 2.7514 0.8517 -2.1863 -8.4584 -11.8715 -8.3980 -9.7503 13.8621 -10.5027 -3.9594 5.5499 -5.1552 1.8029 0.0000 0.0000 0.0000 -66.0599 -41.8932 47.4182 93.1943 -59.9614 -62.7660 -0.0000 0.0000 -23.4852 30.5047 27.8610 15.3938 -7.1250 0.0000 -0.0000 0.1426 61.5097 0.0573 0.0000 0.0000 0.0000 74.6170 14.4938 15.0969 -129.5043 53.1935 -93.4295 0.0000 -0.0000 -18.8250 -32.1247 -6.2673 3.9212 7.1250 -0.0000 -0.0000 -4.5891 -37.3336 -0.8680
2.3399 28.9701 -0.6421 177.6300 -25.5897 -175.0640 0.0000 0.0000 0.0000 -17.1922 7.6715 -74.3569 25.2821 19.3175 105.6146 -1.4739 -24.5447 -4.7225 0.1737 2.6847 7.4022 0.0000 0.0000 0.0000 24.4144 22.4246 -10.2470 -3.3519 -11.2440 33.1074 -0.4187 -15.5841 -25.8850 -0.1892 -2.8012 7.7259 -3.0154 -2.3780 20.4131 -1.8570 -4.4036 3.0457 0.9053 -2.2431 -8.0193 -11.9680 -8.2778 -10.0471 13.9525 -10.3096 -4.2965 5.6065 -5.0659 1.7366 -0.0000 0.0000 0.0000 -65.6432 -42.7306 45.4990 91.7682 -59.9882 -61.5312 -0.0000 0.0000 -23.7686 29.3941 27.4360 14.5506 -7.1250 0.0000 -0.0000 -1.0362 60.7655 -0.3982 -0.0000 0.0000 0.0000 76.4009 13.6276 16.2492 -128.0218 53.7628 -92.2381 0.0000 -0.0000 -20.9180 -27.7771 -6.1563 3.2330 7.1250 -0.0000 -0.0000 -0.8869 -36.9291 -0.1761
2.4628 28.9306 -0.5798 177.1170 -25.2155 -175.2650 0.0000 0.0000 0.0000 -17.4646 8.7629 -74.7458 25.3020 19.3122 105.6747 -1.5204 -24.5639 -4.1921 0.0470 1.3993 3.8482 0.0000 0.0000 0.0000 24.2610 23.1030 -10.2380 -3.4572 -11.4008 33.6438 -0.4693 -15.6425 -26.3592 -0.2352 -3.1216 8.6174 -3.3898 -2.1861 20.6654 -1.8330 -4.2591 3.1084 1.1165 -2.1691 -8.0623 -12.0829 -8.3455 -9.9528 13.8125 -10.3852 -4.1298 5.5749 -5.0951 1.7763 0.0000 -0.0000 0.0000 -65.2833 -42.9468 44.1919 90.6592 -59.9984 -60.5709 -0.0000 0.0000 -23.9810 28.4059 26.9955 13.7930 -7.1250 0.0000 -0.0000 -2.0316 60.0459 -0.7460 0.0000 -0.0000 0.0000 77.9717 11.7624 17.9966 -125.6260 54.6142 -90.2950 0.0000 -0.0000 -22.1567 -26.5225 -2.2958 1.1453 7.1250 -0.0000 -0.0000 0.0530 -32.5452 0.0162
2.5754 28.8784 -0.4964 176.7120 -24.9734 -175.3180 0.0000 0.0000 0.0000 -17.4439 9.4445 -75.4808 25.4073 19.2840 105.9933 -1.7426 -25.1907 -2.5348 0.0361 1.2272 3.3741 0.0000 0.0000 0.0000 23.9388 23.2304 -10.9078 -3.6054 -11.6160 34.3866 -0.5248 -15.3715 -26.4874 -0.2556 -3.2531 8.9843 -3.4413 -2.1693 21.0482 -1.8617 -4.2860 3.1629 1.1416 -2.1846 -8.2061 -11.9789 -8.2784 -10.0239 13.6639 -10.2957 -4.1695 5.5192 -5.0526 1.7490 0.0000 0.0000 0.0000 -64.5527 -43.4677 42.6013 89.0331 -59.9965 -59.1626 -0.0000 0.0000 -24.2750 28.0482 27.1062 13.6452 -7.1250 0.0000 -0.0000 -2.4931 60.0753 -0.9174 0.0000 0.0000 0.0000 78.7770 10.6677 20.5224 -123.1354 55.4148 -88.2544 0.0000 -0.0000 -22.0192 -27.2162 -1.8150 0.9332 7.1250 -0.0000 -0.0000 -0.5126 -32.0203 -0.1628
2.6820 28.8440 -0.4156 176.4040 -24.6422 -175.6400 0.0000 0.0000 0.0000 -17.0870 10.4448 -75.8421 25.4463 19.2734 106.1114 -1.9958 -25.9573 -0.6705 0.0008 -0.1868 -0.5132 0.0000 0.0000 0.0000 23.7671 22.9241 -11.4710 -3.7667 -11.8433 35.1798 -0.6164 -14.7490 -26.5151 -0.2939 -3.4860 9.6349 -3.4766 -2.0849 21.7122 -1.7618 -4.2309 3.2778 1.2882 -2.1618 -8.4269 -12.3250 -8.3689 -10.4355 13.7539 -10.3517 -4.0746 5.5795 -5.0638 1.8712 -0.0000 -0.0000 0.0000 -63.9174 -43.7219 41.0289 87.8671 -59.9828 -58.1530 -0.0000 0.0000 -25.0456 27.6079 26.2593 13.0276 -7.1250 0.0000 -0.0000 -2.6686 59.0663 -0.9177 -0.0000 -0.0000 0.0000 79.9382 8.7747 22.8231 -121.6857 55.8438 -87.0577 0.0000 -0.0000 -20.5275 -26.3067 -0.4095 0.2025 7.1250 -0.0000 -0.0000 0.2052 -30.4365 0.0730
2.7756 28.8118 -0.3295 175.5610 -24.7498 -175.3920 0.0000 0.0000 0.0000 -17.0294 10.4932 -76.1929 25.4303 19.2778 106.0629 -2.4505 -27.3259 3.0090 0.0003 -0.1101 -0.3026 0.0000 0.0000 0.0000 22.7758 22.2131 -12.5711 -3.9368 -12.0758 36.0006 -0.7172 -13.7065 -26.2005 -0.2911 -3.4696 9.5891 -3.6854 -2.1805 21.9699 -1.8344 -4.4486 3.4371 1.3981 -2.2757 -8.3715 -12.3271 -8.2616 -10.6570 13.7006 -10.1871 -4.5525 5.5813 -4.9984 1.7394 0.0000 0.0000 0.0000 -63.1953 -44.0707 39.3418 87.0044 -59.9661 -57.4061 -0.0000 0.0000 -25.6016 26.8350 25.9786 12.4951 -7.1250 0.0000 -0.0000 -3.4379 58.5848 -1.1428 0.0000 0.0000 0.0000 80.4405 7.6429 25.4853 -120.1735 56.2635 -85.8032 0.0000 -0.0000 -20.0333 -27.9776 0.5727 -0.3042 7.1250 -0.0000 -0.0000 -1.1053 -29.3305 -0.4223
2.8618 28.7813 -0.2331 174.6710 -24.7231 -175.4270 0.0000 0.0000 0.0000 -16.8688 10.6916 -75.9451 25.3407 19.3019 105.7918 -2.8429 -28.5913 6.3879 0.0350 -1.2069 -3.3182 0.0000 0.0000 0.0000 21.6494 21.5598 -13.3302 -4.0966 -12.2878 36.7579 -0.8770 -12.0374 -25.8163 -0.3195 -3.6336 10.0479 -3.9314 -2.2195 22.7446 -1.9028 -4.6351 3.4783 1.5602 -2.3596 -8.7180 -12.5708 -8.2136 -10.4979 13.8413 -10.1043 -4.7380 5.6803 -4.9613 1.6709 -0.0000 0.0000 0.0000 -62.8484 -43.9601 37.9774 86.1220 -59.9431 -56.6422 -0.0000 0.0000 -25.8241 26.2446 25.1196 11.8211 -7.1250 0.0000 -0.0000 -3.7711 57.5379 -1.1588 -0.0000 0.0000 0.0000 80.4451 7.1372 27.5608 -117.3732 56.9702 -83.4647 0.0000 -0.0000 -18.0273 -29.9522 2.2372 -1.2886 7.1250 -0.0000 -0.0000 -2.5855 -27.3956 -1.1069
2.9238 28.7521 -0.1526 173.8300 -24.8242 -175.4390 0.0000 0.0000 0.0000 -16.6398 10.8530 -75.2172 25.2957 19.3139 105.6557 -3.1235 -29.4994 9.7033 0.1805 -2.7362 -7.5452 0.0000 0.0000 0.0000 20.6462 20.4270 -14.1745 -4.2782 -12.5217 37.6033 -0.9679 -10.7159 -25.3418 -0.2818 -3.4142 9.4343 -4.1091 -2.3303 23.1639 -1.8169 -4.8614 3.6222 1.8411 -2.4724 -8.7479 -12.8304 -8.2085 -10.5630 13.6928 -10.0526 -4.9014 5.6821 -4.9361 1.6274 -0.0000 0.0000 0.0000 -62.7717 -43.7277 36.5377 85.5603 -59.9254 -56.1560 -0.0000 0.0000 -25.8631 25.8835 24.6610 11.4452 -7.1250 0.0000 -0.0000 -3.9999 56.9711 -1.1746 -0.0000 0.0000 0.0000 80.3965 6.9182 28.9534 -114.5550 57.5944 -81.0935 0.0000 -0.0000 -15.3367 -30.8502 3.8255 -2.2821 7.1250 -0.0000 -0.0000 -3.1841 -25.5250 -1.5035
2.9472 28.7337 -0.0595 173.1690 -24.4658 -175.4170 0.0000 0.0000 0.0000 -16.6451 11.6542 -73.9458 25.3847 19.2902 105.9248 -3.2668 -30.2425 8.1353 0.5352 -4.6874 -13.0192 0.0000 0.0000 0.0000 19.6097 19.1795 -15.4492 -4.4903 -12.7858 38.5717 -1.1040 -8.9824 -24.9958 -0.3283 -3.6825 10.1850 -3.3167 -2.6916 23.1377 -2.2171 -5.2026 3.7910 1.0525 -2.6828 -8.6387 -12.5982 -8.0633 -10.7202 13.5121 -9.8722 -4.6142 5.5936 -4.8375 1.6908 -0.0000 0.0000 0.0000 -61.5593 -43.3136 34.5419 84.6330 -59.8909 -55.3537 -0.0000 0.0000 -26.1515 25.4772 24.2240 11.0621 -7.1250 0.0000 -0.0000 -4.2845 56.4196 -1.2012 -0.0000 0.0000 0.0000 81.0631 6.0443 30.5334 -113.3085 57.8442 -80.0397 0.0000 -0.0000 -11.9265 -30.6745 3.4035 -2.0168 7.1250 -0.0000 -0.0000 -3.0765 -26.0224 -1.4168
2.9295 28.7285 0.0293 172.3890 -22.4914 -175.5730 0.0000 0.0000 0.0000 -17.0739 14.0224 -71.4016 25.4407 19.2750 106.0946 -3.0315 -30.2904 2.5544 1.0544 -6.5293 -18.3282 0.0000 0.0000 0.0000 18.3333 18.4405 -16.4668 -4.6990 -13.0366 39.5058 -1.1658 -6.8772 -23.9617 -0.3597 -3.8531 10.6637 -3.2006 -2.5319 23.3374 -2.3766 -5.0164 3.7693 0.7732 -2.6051 -8.7997 -12.8824 -7.6900 -10.7776 13.0792 -9.3167 -4.3261 5.5456 -4.5454 1.6988 -0.0000 0.0000 0.0000 -61.2734 -42.1053 32.2721 84.2275 -59.8737 -55.0030 -0.0000 0.0000 -26.1644 25.1086 23.6793 10.6586 -7.1250 0.0000 -0.0000 -4.4894 55.7646 -1.1875 -0.0000 0.0000 0.0000 80.3718 7.2448 32.9142 -108.7128 58.6346 -76.1315 0.0000 -0.0000 -10.4409 -31.1180 3.9040 -2.3536 7.1250 -0.0000 -0.0000 -3.3806 -25.4211 -1.6048
2.9289 28.6803 0.1454 172.0410 -19.9597 -175.3540 0.0000 0.0000 0.0000 -17.0391 16.4533 -69.1545 25.3561 19.2978 105.8383 -1.8953 -26.9710 -4.1656 1.5917 -7.9580 -22.5867 0.0000 0.0000 0.0000 17.5117 18.6630 -18.3982 -4.9930 -13.3759 40.7926 -1.1227 -5.6976 -22.8328 -0.2754 -3.3755 9.3260 -3.1775 -2.3418 23.2870 -2.3713 -4.7728 3.7164 0.6933 -2.4931 -8.8396 -12.8580 -7.0590 -11.0143 12.6808 -8.4587 -4.9057 5.4948 -4.1419 1.4300 -0.0000 -0.0000 0.0000 -60.6237 -40.4383 28.9691 85.5097 -59.9237 -56.1123 -0.0000 0.0000 -25.7464 24.8078 24.5676 10.8784 -7.1250 0.0000 -0.0000 -5.1348 56.6372 -1.4675 -0.0000 -0.0000 0.0000 79.8368 9.3317 35.7286 -104.9235 59.1415 -72.8869 0.0000 -0.0000 -9.3665 -32.3777 4.1025 -2.5973 7.1250 -0.0000 -0.0000 -4.3113 -25.1246 -2.0785
2.8727 28.6702 0.1874 171.1780 -17.3835 -175.2720 0.0000 0.0000 0.0000 -17.6122 18.6498 -64.5157 24.5714 19.4914 103.4756 -1.1681 -24.2656 -7.6491 1.8019 -8.4407 -24.0610 0.0000 0.0000 0.0000 16.2767 18.1666 -19.7117 -5.2952 -13.7087 42.0828 -1.2296 -3.6028 -22.5261 -0.4109 -4.1150 11.4003 -3.2517 -2.2276 22.6309 -2.6140 -4.6605 3.8445 0.3992 -2.4688 -8.3710 -13.0465 -6.2055 -11.3073 12.6215 -7.2882 -5.3897 5.5991 -3.5723 1.1893 0.0000 0.0000 0.0000 -60.6743 -38.6607 25.4117 86.4368 -59.9520 -56.9147 -0.0000 0.0000 -24.1240 21.2641 22.3792 8.4281 -7.1250 0.0000 -0.0000 -8.0367 53.6387 -1.7158 0.0000 0.0000 0.0000 79.5237 11.3718 38.0825 -103.6317 59.2861 -71.7771 0.0000 -0.0000 -7.1272 -32.4825 2.6941 -1.7140 7.1250 -0.0000 -0.0000 -4.4928 -26.7810 -1.9922
2.8276 28.6199 0.2391 171.0980 -14.3954 -175.0410 0.0000 0.0000 0.0000 -17.4388 19.9605 -60.1371 23.0419 19.7767 98.9259 -1.3196 -23.4806 -4.7982 1.6728 -8.1484 -23.1658 0.0000 0.0000 0.0000 15.8845 18.4906 -21.3183 -5.5931 -14.0221 43.3262 -1.2610 -2.0574 -22.0463 -0.4176 -4.1479 11.4931 -3.1876 -1.9643 21.6809 -2.4750 -4.2440 3.9898 0.3431 -2.2917 -7.7098 -13.0110 -5.4530 -11.7244 11.8969 -6.2835 -6.1072 5.4437 -3.1043 0.8762 0.0000 0.0000 0.0000 -61.1073 -37.0987 21.8287 88.5069 -59.9916 -58.7069 -0.0000 0.0000 -22.9644 20.2740 22.6203 8.0863 -7.1250 0.0000 -0.0000 -9.1357 53.6998 -1.9670 0.0000 0.0000 0.0000 79.2016 14.3734 39.8089 -102.1294 59.4367 -70.4845 0.0000 -0.0000 -2.4046 -30.8734 2.3346 -1.3951 7.1250 -0.0000 -0.0000 -3.2868 -27.2564 -1.4187
2.7801 28.5535 0.2923 170.9540 -11.6095 -174.8230 0.0000 0.0000 0.0000 -17.7844 20.0233 -55.3800 20.7302 19.9872 92.1355 -1.3961 -21.5599 0.4881 2.0708 -9.0120 -25.8329 0.0000 0.0000 0.0000 15.2328 19.2355 -22.7819 -5.9096 -14.3402 44.6178 -1.2864 -0.2339 -21.5367 -0.3885 -4.0023 11.0832 -2.8335 -1.9095 21.3671 -2.7199 -4.1041 3.8431 -0.1704 -2.2342 -7.7502 -12.6240 -4.8737 -11.8042 11.8039 -5.6000 -6.7903 5.4075 -2.8066 0.5889 -0.0000 0.0000 0.0000 -61.0699 -35.0949 18.5585 90.9811 -59.9964 -60.8497 -0.0000 0.0000 -22.5872 19.9072 22.6307 7.9329 -7.1250 0.0000 -0.0000 -9.5121 53.6414 -2.0355 -0.0000 0.0000 0.0000 79.5974 16.4851 42.3344 -101.0993 59.5293 -69.5971 0.0000 0.0000 0.9560 -30.2841 1.8265 -1.0663 7.1250 -0.0000 -0.0000 -2.8590 -27.8612 -1.1929
2.7346 28.4806 0.3636 170.8130 -9.5195 -174.8180 0.0000 0.0000 0.0000 -18.4280 18.6777 -50.1595 17.8322 19.8870 83.6502 -0.9130 -16.6408 5.5971 2.0794 -9.0295 -25.8878 0.0000 0.0000 0.0000 14.5240 19.7735 -24.1207 -6.2565 -14.6724 46.0026 -1.3471 1.5867 -21.4839 -0.4461 -4.2853 11.8806 -2.7628 -1.8200 21.5720 -2.6169 -3.9786 3.7511 -0.1211 -2.1713 -7.9578 -12.7130 -4.5666 -12.2494 11.6263 -5.1641 -6.7029 5.3847 -2.5878 0.6239 -0.0000 -0.0000 0.0000 -61.3544 -33.6707 15.8909 93.0604 -59.9646 -62.6501 -0.0000 0.0000 -22.5238 19.1176 22.7922 7.6479 -7.1250 0.0000 -0.0000 -10.3761 53.6579 -2.2276 -0.0000 -0.0000 0.0000 79.2291 18.4246 44.6137 -99.9432 59.6231 -68.6001 0.0000 0.0000 2.8627 -30.5606 0.6143 -0.3627 7.1250 -0.0000 -0.0000 -3.1254 -29.2600 -1.2006
2.6980 28.3759 0.4521 170.6250 -8.8918 -174.8040 0.0000 0.0000 0.0000 -19.2181 15.4109 -44.7177 14.7943 19.3375 74.6164 -0.4619 -12.2526 7.4715 1.7700 -8.3696 -23.8424 0.0000 0.0000 0.0000 13.7854 19.4599 -25.8409 -6.7074 -15.0805 47.7588 -1.4108 3.1490 -21.6477 -0.9088 -6.0749 17.0018 -2.4566 -2.1264 22.1518 -2.4203 -4.3251 3.7149 0.0455 -2.3375 -8.3069 -13.1659 -4.5041 -12.4289 11.8699 -5.0455 -7.1126 5.5476 -2.5409 0.5343 0.0000 0.0000 0.0000 -61.3421 -32.7575 13.6321 94.4927 -59.9236 -63.8898 -0.0000 0.0000 -22.8653 18.4764 22.6412 7.3297 -7.1250 0.0000 -0.0000 -10.9607 53.3862 -2.2822 0.0000 0.0000 0.0000 78.8905 20.0177 46.1134 -99.7104 59.6407 -68.3993 0.0000 0.0000 4.0201 -30.5216 0.2780 -0.1639 7.1250 -0.0000 -0.0000 -3.1080 -29.6503 -1.1650
2.6663 28.3036 0.5311 170.7540 -7.9838 -174.9090 0.0000 0.0000 0.0000 -19.7465 12.1448 -39.2497 11.6224 18.2264 64.7869 -0.0282 -7.6229 10.2354 1.7606 -8.3485 -23.7777 0.0000 0.0000 0.0000 13.4678 19.4212 -26.9483 -6.9760 -15.3116 48.7835 -1.4067 4.7390 -21.3714 -0.9771 -6.2927 17.6360 -1.9119 -2.1546 22.5898 -2.2639 -4.2574 3.8339 -0.0922 -2.3267 -8.4326 -13.2801 -4.5968 -12.6474 11.7665 -5.1774 -7.5335 5.5300 -2.6289 0.4546 0.0000 0.0000 0.0000 -60.5681 -32.6405 11.9406 94.9104 -59.9087 -64.2512 -0.0000 0.0000 -23.5610 17.8833 22.6300 7.0774 -7.1250 0.0000 -0.0000 -11.5510 53.2662 -2.3736 0.0000 0.0000 0.0000 78.8515 21.5589 46.8846 -99.6828 59.6428 -68.3755 0.0000 0.0000 4.7057 -30.8399 0.0238 -0.0142 7.1250 -0.0000 -0.0000 -3.3680 -29.9436 -1.2392
2.6281 28.2171 0.5907 171.0040 -6.4799 -175.2920 0.0000 0.0000 0.0000 -20.0763 9.1961 -33.5487 8.6354 16.5673 54.8206 0.5907 -2.3274 15.5477 1.5641 -7.8922 -22.3870 0.0000 0.0000 0.0000 13.4805 19.7237 -27.5622 -7.2106 -15.5067 49.6663 -1.3882 6.1638 -21.1041 -1.0536 -6.5269 18.3210 -1.2246 -1.8653 23.0725 -2.2237 -3.7532 3.9340 -0.5660 -2.1156 -8.6156 -13.6066 -4.4652 -12.3377 11.8493 -4.9885 -7.7810 5.6315 -2.5360 0.3215 -0.0000 0.0000 0.0000 -59.5426 -32.5574 10.9101 94.9617 -59.9068 -64.2956 -0.0000 0.0000 -24.5911 17.5138 22.5385 6.8968 -7.1250 0.0000 -0.0000 -11.8819 53.1071 -2.3965 -0.0000 0.0000 0.0000 78.9979 22.4025 47.2583 -100.4722 59.5815 -69.0564 0.0000 0.0000 4.7322 -31.2263 0.3706 -0.2246 7.1250 -0.0000 -0.0000 -3.6568 -29.5372 -1.3813
2.5905 28.1525 0.6448 170.3130 -5.1970 -175.5910 0.0000 0.0000 0.0000 -21.4517 4.7269 -27.5466 6.1563 14.5781 45.6059 0.9720 1.8154 18.1112 0.9478 -6.2002 -17.3664 0.0000 0.0000 0.0000 12.6085 19.9396 -28.1384 -7.4187 -15.6746 50.4408 -1.3771 6.6427 -20.9968 -0.9821 -6.3082 17.6814 -1.4396 -1.5308 23.4845 -2.3716 -3.4442 4.0579 -0.6824 -1.9852 -8.6907 -13.4176 -4.3404 -12.5709 11.2177 -4.8313 -7.6189 5.4049 -2.4571 0.3532 0.0000 -0.0000 0.0000 -58.3952 -32.7155 9.8757 94.1870 -59.9337 -63.6252 -0.0000 0.0000 -25.4529 17.1820 22.4442 6.7326 -7.1250 0.0000 -0.0000 -12.1730 52.9529 -2.4104 0.0000 -0.0000 0.0000 79.1203 23.4735 47.7582 -100.8518 59.5503 -69.3837 0.0000 0.0000 4.4975 -32.0863 0.0152 -0.0095 7.1250 -0.0000 -0.0000 -4.3492 -29.9477 -1.6015
2.5648 28.0931 0.6821 169.9900 -4.2915 -175.5610 0.0000 0.0000 0.0000 -22.5521 0.0126 -22.4768 4.4796 12.7726 38.5230 0.8598 5.9236 16.5326 0.8368 -5.8353 -16.3073 0.0000 0.0000 0.0000 11.9999 20.3770 -29.1253 -7.6981 -15.8926 51.4677 -1.3855 7.0465 -21.0517 -1.1198 -6.7222 18.8951 -1.4535 -1.3610 23.3560 -2.3228 -3.2183 4.0606 -0.6939 -1.8783 -8.6142 -13.3649 -4.0411 -12.4120 10.7127 -4.4490 -7.5735 5.2621 -2.2647 0.2752 -0.0000 -0.0000 0.0000 -57.5496 -32.6798 8.9821 93.5907 -59.9512 -63.1091 -0.0000 0.0000 -26.3294 17.1075 22.3958 6.6883 -7.1250 0.0000 -0.0000 -12.2266 52.8910 -2.4026 -0.0000 -0.0000 0.0000 78.9804 24.4833 48.2476 -100.6284 59.5688 -69.1911 0.0000 0.0000 4.4447 -32.7213 -0.3394 0.2181 7.1250 -0.0000 -0.0000 -4.8688 -30.3642 -1.7454
2.5445 28.0393 0.7274 170.3560 -3.8653 -175.4740 0.0000 0.0000 0.0000 -22.9128 -3.4353 -19.0971 3.5077 11.4748 33.8985 0.6186 9.4507 14.5493 0.7813 -5.6433 -15.7528 0.0000 0.0000 0.0000 12.1425 20.2803 -30.1585 -7.9365 -16.0723 52.3336 -1.3373 7.6625 -20.6760 -1.1596 -6.8366 19.2322 -0.6905 -1.4048 23.1391 -2.1654 -3.0487 4.0646 -1.0161 -1.8101 -8.5199 -13.4353 -4.0190 -12.4791 10.7027 -4.3827 -7.2437 5.2675 -2.2155 0.3768 -0.0000 0.0000 0.0000 -56.7952 -32.8002 8.3377 93.1796 -59.9618 -62.7532 -0.0000 0.0000 -27.0559 17.3074 22.6315 6.8375 -7.1250 0.0000 -0.0000 -12.1270 53.1630 -2.4638 -0.0000 0.0000 0.0000 79.0866 25.2373 48.2989 -100.6789 59.5647 -69.2346 0.0000 0.0000 4.7011 -32.7196 0.1090 -0.0700 7.1250 -0.0000 -0.0000 -4.8417 -29.8330 -1.7972
2.5467 27.9581 0.7875 170.2490 -4.1304 -175.4690 0.0000 0.0000 0.0000 -23.6815 -6.0677 -16.8840 2.9377 10.5935 30.9209 0.5719 10.4450 14.3416 0.8165 -5.7659 -16.1067 0.0000 0.0000 0.0000 11.8588 19.2641 -31.4107 -8.2709 -16.3149 53.5326 -1.3065 8.5445 -20.4653 -1.1754 -6.8814 19.3645 -0.5479 -1.5428 23.2330 -2.0600 -3.1916 4.1191 -0.9368 -1.8832 -8.5121 -12.9895 -3.9556 -12.4745 10.1594 -4.3595 -7.1945 5.0250 -2.2154 0.3591 0.0000 -0.0000 0.0000 -56.0455 -33.2643 7.6196 92.7590 -59.9712 -62.3891 -0.0000 0.0000 -27.6420 17.2188 22.8805 6.8709 -7.1250 0.0000 -0.0000 -12.3219 53.3957 -2.5750 0.0000 -0.0000 0.0000 79.1613 26.1422 48.2389 -100.5122 59.5783 -69.0909 0.0000 0.0000 5.0479 -33.0189 0.0470 -0.0305 7.1250 -0.0000 -0.0000 -5.0805 -29.9045 -1.8778
2.5747 27.8849 0.8543 170.1260 -4.4613 -175.4770 0.0000 0.0000 0.0000 -24.3164 -7.2705 -15.7884 2.6393 10.0868 29.2583 0.5877 9.9455 14.3615 0.6774 -5.2628 -14.6597 0.0000 0.0000 0.0000 11.5787 19.3134 -32.3448 -8.6162 -16.5543 54.7530 -1.3142 8.7342 -20.5361 -1.2014 -6.9542 19.5797 -0.7927 -1.5857 23.3569 -1.8752 -3.3220 4.3172 -0.5544 -1.9515 -8.3360 -13.3626 -4.0694 -12.6879 10.7092 -4.4666 -7.4771 5.2538 -2.2717 0.3469 -0.0000 -0.0000 0.0000 -55.5139 -33.8300 6.7727 92.7927 -59.9705 -62.4183 -0.0000 0.0000 -28.0605 17.0575 23.2226 6.8983 -7.1250 0.0000 -0.0000 -12.6330 53.7072 -2.7385 -0.0000 -0.0000 0.0000 79.1023 27.1260 48.5360 -100.6401 59.5679 -69.2012 0.0000 0.0000 3.9775 -34.3879 -1.0253 0.7017 7.1250 -0.0000 -0.0000 -6.2330 -31.1863 -2.1157
2.6057 27.8061 0.9402 170.4760 -5.0764 -175.2400 0.0000 0.0000 0.0000 -24.4000 -7.6151 -15.9313 2.5207 9.8755 28.5746 0.6352 9.7408 14.7835 0.5332 -4.6791 -12.9956 0.0000 0.0000 0.0000 11.6940 19.5378 -33.3778 -8.8390 -16.7030 55.5318 -1.3278 8.6368 -20.6358 -1.2055 -6.9658 19.6140 -0.3087 -1.7347 23.5599 -1.7041 -3.3699 4.2722 -0.6204 -1.9766 -8.5062 -13.0853 -4.1416 -12.4502 10.5347 -4.6235 -7.6749 5.1518 -2.3637 0.2588 0.0000 -0.0000 0.0000 -54.6989 -34.7080 6.4400 92.2975 -59.9800 -61.9895 -0.0000 0.0000 -28.6234 17.4855 24.1092 7.3325 -7.1250 0.0000 -0.0000 -12.6040 54.6714 -3.0306 0.0000 -0.0000 0.0000 79.2519 27.8907 48.1575 -100.5231 59.5774 -69.1003 0.0000 0.0000 3.7604 -34.9135 -1.0116 0.7060 7.1250 -0.0000 -0.0000 -6.6502 -31.1725 -2.2612
2.6351 27.7522 1.0200 170.6000 -6.1183 -174.8110 0.0000 0.0000 0.0000 -24.6952 -7.0527 -16.7161 2.4594 9.7636 28.2146 0.7333 10.0594 15.7991 0.4055 -4.0880 -11.3244 0.0000 0.0000 0.0000 11.4609 19.5285 -34.3610 -9.0053 -16.8111 56.1084 -1.3810 8.6581 -21.0442 -1.3031 -7.2318 20.4039 0.0454 -2.0327 23.4797 -1.4912 -3.6448 4.3444 -0.5118 -2.1128 -8.3934 -13.4742 -4.2225 -12.5310 10.8896 -4.6934 -8.0089 5.3277 -2.4022 0.2007 -0.0000 -0.0000 0.0000 -53.9829 -35.6338 5.8854 92.1375 -59.9827 -61.8510 -0.0000 0.0000 -29.0037 17.4572 24.4874 7.4265 -7.1250 0.0000 -0.0000 -12.8115 55.0421 -3.1981 -0.0000 -0.0000 0.0000 79.1600 28.6990 47.7889 -100.8820 59.5478 -69.4098 0.0000 0.0000 2.8761 -35.6716 -1.1288 0.8102 7.1250 -0.0000 -0.0000 -7.2626 -31.3194 -2.4465
2.6543 27.6678 1.0972 169.3000 -6.7899 -174.8730 0.0000 0.0000 0.0000 -26.6858 -6.0275 -16.6879 2.3746 9.6063 27.7111 0.6272 11.7508 15.2715 0.3236 -3.6563 -10.1115 0.0000 0.0000 0.0000 9.7656 18.9952 -34.8296 -9.3779 -17.0449 57.3882 -1.4918 9.7578 -21.9336 -0.9831 -6.3114 17.6906 -0.8757 -1.9868 24.0305 -1.8624 -3.9184 4.5295 -0.2876 -2.2490 -8.4524 -13.0517 -4.2769 -12.3371 10.6352 -4.8668 -8.5024 5.1818 -2.5207 0.0261 0.0000 -0.0000 0.0000 -52.7995 -36.5919 5.4924 91.8909 -59.9865 -61.6375 -0.0000 0.0000 -29.5736 17.4994 24.4838 7.4445 -7.1250 0.0000 -0.0000 -12.7668 55.0469 -3.1881 0.0000 -0.0000 0.0000 79.3847 29.3477 47.3873 -101.3566 59.5070 -69.8188 0.0000 0.0000 2.7167 -36.3320 -2.0840 1.5320 7.1250 -0.0000 -0.0000 -7.8730 -32.4978 -2.4301
2.6684 27.6033 1.1881 169.2260 -7.4846 -174.8580 0.0000 0.0000 0.0000 -27.1450 -5.8638 -16.6714 2.2833 9.4329 27.1590 0.4423 13.1976 14.0722 0.2851 -3.4342 -9.4900 0.0000 0.0000 0.0000 9.2365 19.1426 -35.4217 -9.6278 -17.1952 58.2369 -1.5438 10.5292 -22.3724 -1.1175 -6.7154 18.8751 -0.6261 -2.2066 24.5930 -1.7930 -4.1857 4.7054 -0.2471 -2.3972 -8.5611 -13.1477 -4.3630 -12.8385 10.5823 -4.9612 -8.6546 5.1705 -2.5778 0.0646 0.0000 0.0000 0.0000 -51.4431 -37.3584 4.5159 91.8841 -59.9866 -61.6316 -0.0000 0.0000 -30.0496 17.2092 24.8277 7.4098 -7.1250 0.0000 -0.0000 -13.2300 55.3311 -3.3988 0.0000 0.0000 0.0000 79.3039 30.3453 47.1204 -101.4257 59.5009 -69.8783 0.0000 0.0000 2.5447 -36.5775 -0.6720 0.4987 7.1250 -0.0000 -0.0000 -7.9402 -30.7614 -2.7857
2.6668 27.5229 1.2821 168.8080 -7.4745 -174.8540 0.0000 0.0000 0.0000 -27.8431 -6.9030 -16.2731 2.1501 9.1719 26.3346 0.3733 13.8194 13.6928 0.2604 -3.2830 -9.0676 0.0000 0.0000 0.0000 8.3473 19.5841 -36.2047 -9.9298 -17.3702 59.2535 -1.5795 11.1660 -22.6889 -0.8645 -5.9287 16.5778 -0.6642 -2.0898 25.1233 -1.9031 -4.1075 4.8409 -0.3470 -2.3771 -8.6895 -13.3381 -4.3063 -12.4317 10.5917 -4.9434 -9.4727 5.2306 -2.5965 -0.2389 -0.0000 -0.0000 0.0000 -50.2212 -38.2369 3.8275 91.6127 -59.9902 -61.3966 -0.0000 0.0000 -30.7457 17.1266 24.7928 7.3629 -7.1250 0.0000 -0.0000 -13.2974 55.2802 -3.4000 -0.0000 -0.0000 0.0000 79.0562 31.1973 46.6872 -102.0772 59.4416 -70.4395 0.0000 0.0000 3.5008 -37.0763 -1.1338 0.8567 7.1250 -0.0000 -0.0000 -8.3805 -31.3338 -2.8268
2.6474 27.4099 1.3662 168.8540 -7.7751 -174.8150 0.0000 0.0000 0.0000 -27.9393 -7.8028 -16.5489 2.1001 9.0715 26.0193 0.5541 12.6022 14.8869 0.4249 -4.1837 -11.5940 0.0000 0.0000 0.0000 8.0166 19.7803 -37.4788 -10.4043 -17.6310 60.8311 -1.6060 10.9913 -22.8524 -1.0190 -6.4220 18.0139 -0.0930 -2.2825 25.5383 -1.7756 -4.2254 4.9509 -0.4760 -2.4547 -8.8073 -13.5608 -4.2339 -12.1244 10.2663 -4.9024 -10.0973 5.1879 -2.5944 -0.4879 0.0000 0.0000 0.0000 -49.0923 -39.1238 2.6155 91.1317 -59.9952 -60.9801 -0.0000 0.0000 -31.3823 16.9780 25.5618 7.5048 -7.1250 0.0000 -0.0000 -13.8395 56.0102 -3.7896 0.0000 0.0000 0.0000 78.8742 32.0230 46.5218 -102.6500 59.3866 -70.9326 0.0000 0.0000 4.4369 -37.4586 -1.0099 0.7737 7.1250 -0.0000 -0.0000 -8.6715 -31.1816 -2.9590
2.6230 27.3186 1.4466 168.5650 -7.8627 -174.8090 0.0000 0.0000 0.0000 -28.4162 -8.2970 -16.6554 2.0555 8.9808 25.7353 0.6422 12.4987 15.6541 0.4531 -4.3182 -11.9735 0.0000 0.0000 0.0000 7.3602 19.3984 -38.8942 -10.9203 -17.8958 62.5223 -1.6090 11.2087 -22.8971 -0.9507 -6.2095 17.3934 0.0262 -2.3552 25.7460 -1.7978 -4.3400 5.1734 -0.5257 -2.5335 -8.6762 -13.2784 -4.0286 -11.9332 9.8250 -4.7415 -10.6487 5.0292 -2.5447 -0.7245 -0.0000 0.0000 0.0000 -47.8921 -39.7022 1.4588 91.3896 -59.9927 -61.2034 -0.0000 0.0000 -32.5964 18.2322 26.2438 8.2875 -7.1250 0.0000 -0.0000 -12.8962 56.9444 -3.8181 -0.0000 0.0000 0.0000 78.9152 33.2097 46.5170 -103.3294 59.3179 -71.5171 0.0000 0.0000 4.7624 -37.8401 -1.5929 1.2370 7.1250 -0.0000 -0.0000 -9.0367 -31.9119 -2.9258
2.5942 27.1620 1.5312 168.4250 -7.4686 -174.9990 0.0000 0.0000 0.0000 -28.7063 -8.0075 -17.4106 2.1849 9.2411 26.5526 0.5297 13.3133 14.9372 0.3875 -3.9972 -11.0686 0.0000 0.0000 0.0000 6.8135 19.3559 -40.5498 -11.5799 -18.2074 64.6509 -1.5996 11.8377 -22.9102 -0.9674 -6.2621 17.5468 -0.0815 -2.2266 26.1768 -1.7837 -4.2482 5.2929 -0.4590 -2.5040 -8.7520 -13.2082 -3.8447 -11.5511 9.6170 -4.5538 -10.9026 4.9747 -2.4574 -0.8881 -0.0000 -0.0000 0.0000 -46.7217 -40.0288 0.3714 91.8104 -59.9876 -61.5677 -0.0000 0.0000 -33.5891 18.9466 27.0916 8.8855 -7.1250 0.0000 -0.0000 -12.6022 57.9399 -4.0330 -0.0000 -0.0000 0.0000 79.0373 34.3521 46.5122 -103.9794 59.2485 -72.0760 0.0000 0.0000 4.8899 -38.0768 -2.0079 1.5724 7.1250 -0.0000 -0.0000 -9.2710 -32.4350 -2.8850
2.5477 27.0521 1.6015 168.6630 -6.8423 -175.1080 0.0000 0.0000 0.0000 -28.6321 -7.9441 -17.5327 2.1562 9.1842 26.3731 0.3655 14.9932 14.1960 0.3496 -3.7992 -10.5124 0.0000 0.0000 0.0000 6.7884 19.1484 -41.9354 -12.0022 -18.3916 65.9957 -1.5629 12.3503 -22.7355 -1.1763 -6.8839 19.3720 0.0205 -2.1860 26.3149 -1.5954 -4.1784 5.3953 -0.3277 -2.4836 -8.6971 -13.0401 -3.7524 -11.6893 9.3505 -4.4513 -10.7784 4.8636 -2.4096 -0.8555 0.0000 -0.0000 0.0000 -45.6559 -40.1291 -1.0479 92.1758 -59.9821 -61.8842 -0.0000 0.0000 -34.3414 19.2148 27.6753 9.1951 -7.1250 0.0000 -0.0000 -12.6455 58.5790 -4.2421 0.0000 -0.0000 0.0000 79.1690 35.5637 47.0761 -104.6803 59.1698 -72.6780 0.0000 0.0000 4.7029 -38.0314 -3.1654 2.4731 7.1250 -0.0000 -0.0000 -9.3564 -33.8833 -2.5804
2.4949 26.9358 1.6757 169.0640 -5.8664 -175.2530 0.0000 0.0000 0.0000 -28.2470 -8.1906 -17.7703 2.1793 9.2301 26.5176 0.2349 16.1756 13.6422 0.3426 -3.7613 -10.4060 0.0000 0.0000 0.0000 7.0459 18.8664 -43.4925 -12.4266 -18.5652 67.3346 -1.5030 12.7286 -22.3891 -1.1364 -6.7702 19.0363 0.1264 -1.9321 26.5591 -1.3838 -3.8229 5.4394 -0.2609 -2.3242 -8.7556 -12.9386 -3.5950 -11.5892 9.1304 -4.2775 -10.8496 4.7897 -2.3274 -0.9210 -0.0000 0.0000 0.0000 -45.0339 -40.0065 -2.0742 93.0562 -59.9647 -62.6465 -0.0000 0.0000 -34.9472 19.0706 28.1498 9.2632 -7.1250 0.0000 -0.0000 -13.0793 59.0162 -4.5284 -0.0000 0.0000 0.0000 79.2191 36.6114 47.1882 -105.3189 59.0945 -73.2262 0.0000 0.0000 3.8222 -37.9630 -3.7513 2.9223 7.1250 -0.0000 -0.0000 -9.3597 -34.6133 -2.4134
2.4318 26.8087 1.7446 169.1510 -4.6325 -175.4860 0.0000 0.0000 0.0000 -28.1816 -8.5922 -17.7069 2.1677 9.2069 26.4448 0.1410 16.6761 13.0776 0.3549 -3.8276 -10.5922 0.0000 0.0000 0.0000 6.7625 18.6470 -45.1344 -12.9489 -18.7637 68.9669 -1.2895 14.0443 -21.1852 -1.2634 -7.1250 20.0862 -0.1942 -1.5729 26.9485 -1.2689 -3.4739 5.4782 -0.0489 -2.1640 -8.8795 -13.0998 -3.4804 -11.9150 9.2762 -4.0611 -10.5642 4.8593 -2.2079 -0.8022 0.0000 0.0000 0.0000 -43.7826 -40.1804 -3.3419 92.9734 -59.9666 -62.5747 -0.0000 0.0000 -35.6533 19.4070 28.6016 9.5728 -7.1250 0.0000 -0.0000 -12.9885 59.5403 -4.6598 0.0000 0.0000 0.0000 79.1608 37.7276 47.5087 -105.8999 59.0229 -73.7245 0.0000 0.0000 2.9846 -38.1311 -3.9683 3.1095 7.1250 -0.0000 -0.0000 -9.5208 -34.8919 -2.3906
2.3730 26.6649 1.8190 169.9480 -2.7798 -175.3360 0.0000 0.0000 0.0000 -27.1640 -9.4497 -18.3311 2.2100 9.2905 26.7085 0.1282 16.1784 12.6420 0.3186 -3.6280 -10.0325 0.0000 0.0000 0.0000 7.1829 19.3065 -46.8972 -13.4131 -18.9263 70.4038 -1.2035 15.0646 -20.8550 -1.2166 -6.9965 19.7051 -0.1937 -1.0058 26.9431 -0.9246 -2.7202 5.5230 0.0783 -1.8130 -8.8008 -13.5092 -3.6152 -12.4921 9.2568 -4.1862 -10.5749 4.9062 -2.2727 -0.7038 -0.0000 0.0000 0.0000 -42.5253 -40.4082 -4.8651 93.3061 -59.9587 -62.8627 -0.0000 0.0000 -36.3797 19.3864 28.9704 9.6725 -7.1250 0.0000 -0.0000 -13.2408 59.8996 -4.8662 -0.0000 0.0000 0.0000 78.8618 39.2409 47.1695 -106.6774 58.9225 -74.3908 0.0000 0.0000 3.0753 -37.0811 -4.7155 3.5553 7.1250 -0.0000 -0.0000 -8.7142 -35.7686 -1.9959
2.2916 26.5366 1.9029 170.0170 -2.2962 -175.9520 0.0000 0.0000 0.0000 -27.2711 -10.3191 -17.6883 2.1459 9.1635 26.3081 0.2055 15.6459 13.0571 0.2969 -3.5034 -9.6836 0.0000 0.0000 0.0000 7.1421 18.5834 -47.6879 -13.8338 -19.0629 71.6963 -1.2376 15.5485 -21.2317 -1.0819 -6.6112 18.5684 0.1157 -0.9180 27.8602 -0.9544 -2.6462 5.8428 -0.1283 -1.8326 -8.9124 -12.8313 -5.3609 -12.7055 9.3148 -3.8027 -10.7752 4.8048 -0.8356 -0.7092 -0.0000 -0.0000 0.0000 -40.5154 -41.1557 -6.5702 92.9175 -59.9678 -62.5264 -0.0000 0.0000 -37.0482 19.5502 29.1360 9.8092 -7.1250 0.0000 -0.0000 -13.1665 60.1016 -4.9019 -0.0000 -0.0000 0.0000 78.7238 40.9622 46.4521 -107.8877 58.7558 -75.4265 0.0000 0.0000 2.9187 -36.2446 -3.3618 2.4616 7.1250 -0.0000 -0.0000 -7.9085 -34.0644 -2.1389
2.2111 26.4045 2.0154 170.3550 -2.2208 -176.6290 0.0000 0.0000 0.0000 -27.2056 -10.8501 -17.6796 2.2080 9.2866 26.6960 0.2547 14.8553 13.0802 0.2462 -3.1927 -8.8158 0.0000 0.0000 0.0000 7.2355 18.0857 -48.3042 -14.2602 -19.1911 72.9976 -1.1914 16.3023 -21.1488 -1.2365 -7.0515 19.8681 0.8652 -0.9992 29.2797 -0.7782 -2.6873 6.2817 -0.3022 -1.9346 -9.1333 -12.7073 -5.5361 -12.9345 8.9029 -3.8218 -11.8581 4.6663 -0.7416 -1.0103 -0.0000 0.0000 0.0000 -38.5185 -42.0115 -8.7901 93.2582 -59.9598 -62.8213 -0.0000 0.0000 -37.9797 19.5911 30.0578 10.1077 -7.1250 0.0000 -0.0000 -13.7301 61.0182 -5.4164 -0.0000 0.0000 0.0000 78.0806 42.9533 45.9225 -108.7818 58.6242 -76.1904 0.0000 0.0000 3.6032 -37.7601 -5.8646 4.5251 7.1250 -0.0000 -0.0000 -9.3889 -37.2348 -1.8134
2.1363 26.2946 2.1391 170.4630 -2.6009 -176.9940 0.0000 0.0000 0.0000 -27.6276 -10.7215 -18.3345 2.2773 9.4213 27.1224 0.4206 14.7295 14.5677 0.1605 -2.5809 -7.1141 0.0000 0.0000 0.0000 6.8501 17.7223 -49.1577 -14.6445 -19.2980 74.1634 -1.1857 16.3984 -21.1408 -1.1769 -6.8856 19.3769 1.4998 -1.1782 30.3459 -0.5917 -2.8709 6.7561 -0.3582 -2.0993 -9.1246 -12.6572 -5.5791 -13.1649 8.7511 -3.6623 -12.7784 4.6269 -0.5644 -1.2707 -0.0000 -0.0000 0.0000 -36.4005 -42.9790 -11.1542 93.4126 -59.9560 -62.9549 -0.0000 0.0000 -38.7545 20.1080 30.7794 10.6113 -7.1250 0.0000 -0.0000 -13.6565 61.8539 -5.6574 -0.0000 -0.0000 0.0000 77.5733 45.2888 44.7804 -109.3058 58.5438 -76.6375 0.0000 0.0000 3.3812 -37.1748 -5.6917 4.3011 7.1250 -0.0000 -0.0000 -8.8745 -36.9802 -1.7680
2.0559 26.1722 2.2652 170.8560 -3.2035 -177.0840 0.0000 0.0000 0.0000 -27.8465 -10.0335 -19.8631 2.4261 9.7023 28.0180 0.5170 15.8845 15.9488 0.0652 -1.6472 -4.5316 0.0000 0.0000 0.0000 6.6186 17.6153 -50.0199 -15.0256 -19.3961 75.3139 -1.2334 16.4684 -21.4849 -1.1664 -6.8558 19.2888 2.1971 -1.3543 31.3285 0.0391 -2.9022 6.9564 0.0017 -2.1641 -9.3533 -13.1700 -3.1537 -13.2856 7.7928 -4.0775 -13.5292 4.4649 -2.4017 -1.5620 0.0000 -0.0000 0.0000 -35.2134 -44.0108 -13.0350 93.3304 -59.9580 -62.8838 -0.0000 0.0000 -39.6439 20.6564 31.3566 11.0991 -7.1250 0.0000 -0.0000 -13.4548 62.5594 -5.7962 0.0000 -0.0000 0.0000 77.3866 47.2575 43.3460 -111.3396 58.2074 -78.3694 0.0000 0.0000 1.7085 -34.2067 -4.7749 3.2386 7.1250 -0.0000 -0.0000 -6.3067 -35.6882 -1.4503
1.9718 26.0635 2.3768 170.6030 -3.6989 -177.2260 0.0000 0.0000 0.0000 -29.0069 -8.6015 -20.7443 2.3555 9.5702 27.5960 0.4769 17.9929 16.6727 0.0033 -0.3717 -1.0212 0.0000 0.0000 0.0000 5.7892 17.3673 -51.0641 -15.3723 -19.4786 76.3557 -1.3668 16.1344 -22.2682 -1.1068 -6.6842 18.7830 2.1960 -1.3825 32.4411 0.5146 -2.9403 6.6191 0.5796 -2.2161 -9.4170 -12.9635 -3.0948 -13.5024 7.2156 -4.0107 -13.1983 4.2418 -2.3609 -1.4621 0.0000 -0.0000 0.0000 -33.8534 -45.2766 -14.7953 91.7462 -59.9885 -61.5122 -0.0000 0.0000 -40.1386 20.6696 31.5024 11.1518 -7.1250 0.0000 -0.0000 -13.5484 62.7056 -5.8840 0.0000 -0.0000 0.0000 77.0970 48.8087 42.2969 -112.4164 58.0135 -79.2837 0.0000 0.0000 1.2874 -33.7574 -5.3273 3.5509 7.1250 -0.0000 -0.0000 -5.9523 -36.3241 -1.2754
1.8842 25.9382 2.4841 170.4030 -4.0506 -177.4080 0.0000 0.0000 0.0000 -29.9302 -7.6867 -21.1056 2.2758 9.4183 27.1127 0.2887 20.1351 16.4432 0.0089 0.6081 1.6709 0.0000 0.0000 0.0000 5.0306 17.1943 -51.8460 -15.7205 -19.5551 77.3978 -1.4944 15.9570 -23.0476 -1.0032 -6.3734 17.8719 2.1984 -1.3093 32.8538 0.9526 -2.8905 6.8466 1.0345 -2.2332 -9.3032 -12.9972 -2.9934 -13.5415 7.0747 -3.8507 -13.0644 4.2058 -2.2690 -1.4360 0.0000 0.0000 0.0000 -32.4546 -46.0464 -16.1402 90.6200 -59.9985 -60.5369 -0.0000 0.0000 -41.2556 22.0010 31.7215 11.9938 -7.1250 0.0000 -0.0000 -12.1738 63.2702 -5.4385 0.0000 0.0000 0.0000 76.5521 50.7978 40.9357 -112.5037 57.9972 -79.3577 0.0000 0.0000 0.7069 -33.0336 -5.3415 3.4640 7.1250 -0.0000 -0.0000 -5.3414 -36.2993 -1.1467
1.7775 25.8128 2.5790 170.3940 -3.9834 -177.6740 0.0000 0.0000 0.0000 -30.4050 -7.4746 -20.9149 2.2496 9.3678 26.9526 0.1234 21.3750 15.9946 0.0243 1.0060 2.7652 0.0000 0.0000 0.0000 4.3124 17.1970 -52.7746 -16.1410 -19.6392 78.6516 -1.4848 16.3070 -23.0811 -1.0076 -6.3872 17.9120 2.3006 -1.2696 33.0487 1.2969 -2.8501 7.0310 1.3327 -2.2510 -9.1596 -13.0817 -2.9590 -13.4298 6.9880 -3.7018 -12.3973 4.1830 -2.1527 -1.2653 0.0000 -0.0000 0.0000 -30.8329 -46.3049 -17.6346 89.1125 -59.9970 -59.2314 -0.0000 0.0000 -40.9962 19.4260 31.3917 10.4091 -7.1250 0.0000 -0.0000 -14.8769 62.2779 -6.3239 0.0000 -0.0000 0.0000 76.1741 52.5812 40.0093 -112.2595 58.0424 -79.1506 0.0000 -0.0000 -0.1524 -32.1206 -5.4481 3.4111 7.1250 -0.0000 -0.0000 -4.5726 -36.3724 -0.9726
1.6658 25.6814 2.6686 170.7230 -4.1718 -178.0490 0.0000 0.0000 0.0000 -30.4465 -7.6238 -20.0982 2.1195 9.1106 26.1420 0.3398 21.4961 17.6395 0.0688 1.6924 4.6564 0.0000 0.0000 0.0000 4.0790 16.7052 -53.5514 -16.5825 -19.7176 79.9626 -1.5034 16.8026 -23.3383 -0.9928 -6.3416 17.7787 2.7921 -1.4673 33.0039 1.5849 -3.0173 7.3140 1.4262 -2.3789 -8.8247 -12.3403 -4.9742 -12.9550 7.2839 -3.1161 -12.3047 4.1353 -0.3547 -1.2742 0.0000 0.0000 0.0000 -28.9371 -46.3001 -18.8112 88.0108 -59.9850 -58.2774 -0.0000 0.0000 -42.4866 21.9009 32.3558 12.1421 -7.1250 0.0000 -0.0000 -12.7755 63.8685 -5.8905 0.0000 0.0000 0.0000 75.5509 54.7577 39.0755 -110.9136 58.2811 -78.0072 0.0000 -0.0000 -0.5726 -31.7234 -6.1939 3.8158 7.1250 -0.0000 -0.0000 -4.2455 -37.2211 -0.8144
1.5530 25.5491 2.7406 170.8990 -4.4155 -178.7490 0.0000 0.0000 0.0000 -30.6002 -7.7711 -18.4987 1.9239 8.7057 24.8790 0.5917 21.9233 19.5932 0.0742 1.7573 4.8353 0.0000 0.0000 0.0000 3.8880 15.8607 -53.9718 -17.0038 -19.7834 81.2092 -1.5255 17.2942 -23.6192 -1.0800 -6.6055 18.5518 2.7826 -1.5578 32.9408 2.0287 -3.2320 7.6424 1.9629 -2.5348 -8.4132 -11.9686 -4.6994 -12.2516 6.6699 -2.9275 -12.7096 3.9023 -0.2820 -1.5408 0.0000 0.0000 0.0000 -27.1916 -46.2234 -20.1801 86.1474 -59.9438 -56.6641 -0.0000 0.0000 -43.5024 22.2660 32.3969 12.3729 -7.1250 0.0000 -0.0000 -12.3775 64.0076 -5.7443 0.0000 0.0000 0.0000 74.9040 56.8532 38.2120 -108.9339 58.6011 -76.3202 0.0000 -0.0000 -1.3235 -31.0781 -6.1429 3.6902 7.1250 -0.0000 -0.0000 -3.6948 -37.1200 -0.7176
1.4291 25.4367 2.8226 171.3050 -4.8598 -179.2880 0.0000 0.0000 0.0000 -30.5053 -8.0041 -17.2702 2.0142 8.8956 25.4692 0.2897 20.9066 16.9220 0.4326 4.2206 11.6981 0.0000 0.0000 0.0000 3.9080 14.7367 -54.4326 -17.3444 -19.8301 82.2145 -1.4757 17.7743 -23.4569 -1.0926 -6.6427 18.6612 3.0490 -1.7736 32.1725 2.4169 -3.5626 8.4775 2.4446 -2.7333 -7.8700 -11.6962 -4.5423 -11.7498 6.2136 -2.8393 -13.0672 3.7281 -0.2460 -1.7473 -0.0000 -0.0000 0.0000 -25.7486 -46.5036 -21.5889 84.5357 -59.8869 -55.2695 -0.0000 0.0000 -44.0240 22.5542 32.8972 12.7118 -7.1250 0.0000 -0.0000 -12.4338 64.5789 -5.9362 -0.0000 -0.0000 0.0000 75.1450 58.7786 37.5893 -107.3912 58.8257 -75.0019 0.0000 -0.0000 -1.8246 -29.7114 -6.4223 3.6523 7.1250 -0.0000 -0.0000 -2.5268 -37.3536 -0.4758
1.3107 25.3118 2.8954 171.5140 -4.3668 -180.0610 0.0000 0.0000 0.0000 -30.6977 -7.4383 -16.4309 1.9976 8.8612 25.3620 0.3312 18.1693 15.6157 0.3073 3.5641 9.8534 0.0000 0.0000 0.0000 3.6289 14.4821 -55.1241 -17.8181 -19.8855 83.6089 -1.3114 18.2757 -22.5956 -1.0721 -6.5819 18.4825 2.7885 -1.5277 32.0809 2.6437 -3.4559 8.8125 2.7878 -2.7390 -7.4173 -11.5938 -4.5165 -11.5940 6.3024 -2.9256 -12.6698 3.7344 -0.3468 -1.6439 0.0000 -0.0000 0.0000 -24.4047 -47.1858 -22.8018 82.3828 -59.7796 -53.4082 -0.0000 0.0000 -44.5410 22.7530 32.5251 12.7074 -7.1250 0.0000 -0.0000 -11.9003 64.2667 -5.5915 0.0000 -0.0000 0.0000 75.6393 60.3107 37.0480 -105.4104 59.0834 -73.3047 0.0000 -0.0000 -2.1971 -28.5899 -6.1547 3.3440 7.1250 -0.0000 -0.0000 -1.5772 -36.9771 -0.3114
1.1835 25.1790 2.9651 171.6940 -3.8220 -180.8190 0.0000 0.0000 0.0000 -31.0628 -6.5449 -15.4074 1.9147 8.6860 24.8180 0.1177 17.1803 13.1837 0.0992 2.0308 5.5909 0.0000 0.0000 0.0000 3.3019 13.9723 -55.9115 -18.2923 -19.9299 85.0015 -1.1428 18.9301 -21.7649 -1.0828 -6.6137 18.5759 2.5756 -1.2372 32.2302 2.8405 -3.2359 9.0172 3.0523 -2.6793 -7.2341 -11.4924 -4.5436 -11.6660 6.6129 -3.0280 -12.2053 3.8055 -0.4493 -1.4780 0.0000 0.0000 0.0000 -23.1592 -48.1875 -23.7390 80.0574 -59.6232 -51.4004 -0.0000 0.0000 -45.0425 24.2515 32.5656 13.6304 -7.1250 0.0000 -0.0000 -10.1270 64.7203 -4.8561 0.0000 0.0000 0.0000 74.9953 61.7856 35.7191 -103.4474 59.3056 -71.6187 0.0000 -0.0000 -3.3661 -27.8924 -6.3035 3.3260 7.1250 -0.0000 -0.0000 -0.9797 -37.1022 -0.1904
1.0663 25.0334 3.0385 172.1570 -2.7900 -181.5670 0.0000 0.0000 0.0000 -31.0093 -4.7947 -15.0020 1.8947 8.6431 24.6853 0.0452 15.6118 11.4414 0.0005 0.1462 0.4018 0.0000 0.0000 0.0000 3.4548 14.1186 -56.6582 -18.7139 -19.9603 86.2372 -1.0747 19.2338 -21.4486 -0.9908 -6.3351 17.7599 2.2705 -0.7359 32.9535 3.3118 -2.7652 8.7854 3.3805 -2.5371 -7.1063 -11.3550 -4.3776 -11.3298 6.2247 -2.8586 -12.5650 3.6755 -0.3555 -1.6635 0.0000 -0.0000 0.0000 -21.8932 -48.8345 -25.0299 78.2530 -59.4721 -49.8448 -0.0000 0.0000 -44.8068 23.8333 33.1012 13.5632 -7.1250 0.0000 -0.0000 -11.0550 65.1366 -5.4128 0.0000 -0.0000 0.0000 73.3139 63.2234 34.1148 -101.4862 59.4956 -69.9305 0.0000 -0.0000 -3.9198 -27.4284 -6.2494 3.2335 7.1250 -0.0000 -0.0000 -0.5874 -37.0126 -0.1154
0.9056 24.8792 3.0977 172.6890 -2.5452 -181.6090 0.0000 0.0000 0.0000 -31.1282 -4.7383 -14.5716 1.8767 8.6043 24.5651 -0.0109 12.7008 8.7674 0.0133 -0.7451 -2.0478 0.0000 0.0000 0.0000 3.2323 13.2077 -58.0575 -19.1811 -19.9839 87.6051 -0.9447 20.4499 -21.1386 -0.9705 -6.2718 17.5752 2.8323 -0.9480 32.1807 3.2691 -2.8418 9.0991 3.2394 -2.5360 -7.1084 -11.1765 -4.3229 -11.3107 6.0196 -2.8986 -12.1504 3.9156 -0.3997 -1.7125 0.0000 -0.0000 0.0000 -20.4458 -49.0655 -25.9140 76.3552 -59.2847 -48.2117 -0.0000 0.0000 -44.8464 24.1528 33.4409 13.8807 -7.1250 0.0000 -0.0000 -10.9396 65.5640 -5.4637 0.0000 -0.0000 0.0000 71.9672 64.3918 32.5501 -98.9799 59.6931 -67.7688 0.0000 -0.0000 -4.8232 -27.0663 -6.1418 3.1292 7.1250 -0.0000 -0.0000 -0.2846 -36.8699 -0.0569
0.7618 24.7098 3.1525 172.9530 -1.7297 -182.2120 0.0000 0.0000 0.0000 -31.5282 -4.3730 -13.9576 1.8976 8.6494 24.7046 -0.1220 11.1556 5.8353 0.0832 -1.8605 -5.1203 0.0000 0.0000 0.0000 2.7903 12.8026 -59.1880 -19.7646 -19.9987 89.3118 -0.6743 21.7689 -20.0474 -0.9357 -6.1615 17.2537 2.8514 -0.8270 32.1687 3.2066 -2.7447 9.2059 3.1165 -2.5129 -6.9867 -10.8702 -4.1960 -11.2462 5.7566 -2.8009 -12.0990 3.7649 -0.3730 -1.7231 -0.0000 -0.0000 0.0000 -18.6621 -49.4394 -27.1528 74.5383 -59.0771 -46.6513 -0.0000 0.0000 -44.7441 24.8052 34.0179 14.4971 -7.1250 0.0000 -0.0000 -10.6119 66.3243 -5.4841 -0.0000 -0.0000 0.0000 70.4251 65.8133 31.0641 -95.7743 59.8736 -64.9986 0.0000 -0.0000 -5.5661 -26.9674 -6.2936 3.1925 7.1250 -0.0000 -0.0000 -0.1940 -37.0339 -0.0380
0.6260 24.5378 3.2198 173.2550 -0.7812 -182.8500 0.0000 0.0000 0.0000 -31.8929 -3.4814 -13.9314 2.0169 8.9011 25.4865 -0.2024 9.9713 2.7807 0.2314 -3.0961 -8.5464 0.0000 0.0000 0.0000 2.4268 12.5655 -60.3940 -20.3421 -19.9972 91.0004 -0.3065 23.0649 -18.3794 -1.0491 -6.5133 18.2814 2.6274 -0.5707 32.0848 3.2371 -2.5941 9.4320 3.2098 -2.4846 -6.6863 -10.6578 -4.1185 -11.4886 5.5907 -2.7359 -11.7751 3.6600 -0.3681 -1.5829 0.0000 -0.0000 0.0000 -16.9776 -49.9995 -28.7864 72.8626 -58.8607 -45.2154 -0.0000 0.0000 -44.4447 24.9601 34.4988 14.7689 -7.1250 0.0000 -0.0000 -10.8360 66.8460 -5.7305 0.0000 -0.0000 0.0000 68.1524 67.4825 29.0867 -92.4147 59.9780 -62.0911 0.0000 -0.0000 -6.4564 -26.8598 -6.2669 3.1643 7.1250 -0.0000 -0.0000 -0.1038 -36.9974 -0.0204
0.4913 24.3632 3.2833 173.4420 0.1389 -183.5300 0.0000 0.0000 0.0000 -32.2544 -2.2216 -14.4788 2.2133 9.2969 26.7284 -0.2214 8.8347 -0.0308 0.3255 -3.6672 -10.1423 0.0000 0.0000 0.0000 1.8755 12.2923 -61.5490 -20.9539 -19.9782 92.7899 0.0282 24.4254 -17.0446 -0.9749 -6.2857 17.6157 0.4337 -3.6807 32.3001 2.5395 -1.4354 9.6342 2.9967 0.4799 -6.6151 -10.3306 -3.8236 -10.8614 5.5637 -2.4959 -11.8351 3.6041 -0.2939 -1.7349 0.0000 -0.0000 0.0000 -15.5426 -50.8529 -29.9982 71.1778 -58.6181 -43.7751 -0.0000 0.0000 -43.9234 25.1020 35.6202 15.2614 -7.1250 0.0000 -0.0000 -11.7065 67.9920 -6.5013 0.0000 -0.0000 0.0000 66.5077 68.5627 27.4229 -88.8413 59.9949 -58.9966 0.0000 -0.0000 -7.3675 -27.0442 -6.5229 3.3190 7.1250 -0.0000 -0.0000 -0.2489 -37.2952 -0.0472
0.3601 24.2169 3.3348 173.5710 1.1050 -184.4160 0.0000 0.0000 0.0000 -32.6062 -0.5285 -14.9300 2.4191 9.6893 27.9763 -0.1773 7.5358 -1.4949 0.3159 -3.6129 -9.9900 0.0000 0.0000 0.0000 1.2958 12.0887 -62.3532 -21.4586 -19.9489 94.2681 0.4721 25.9632 -15.1959 -0.9615 -6.2437 17.4931 0.1264 -3.4710 32.2928 2.3928 -1.2374 9.8896 2.9337 0.5898 -6.3218 -9.9595 -3.7837 -11.0596 5.4327 -2.5134 -11.4492 3.4790 -0.3431 -1.5749 -0.0000 -0.0000 0.0000 -13.7059 -51.9597 -31.9229 69.0209 -58.2699 -41.9371 -0.0000 0.0000 -43.0251 25.1689 36.4330 15.5926 -7.1250 0.0000 -0.0000 -12.4552 68.8049 -7.1505 -0.0000 -0.0000 0.0000 63.8235 69.5003 24.8806 -85.4703 59.9223 -56.0782 0.0000 -0.0000 -8.1983 -26.3985 -5.9383 2.9398 7.1250 -0.0000 -0.0000 0.2714 -36.6034 0.0561
0.2455 24.0665 3.4072 174.0090 1.7980 -185.1460 0.0000 0.0000 0.0000 -32.3568 0.6500 -16.0493 2.7847 10.3380 30.0784 -0.1316 6.4435 -2.9519 0.3770 -3.9434 -10.9174 0.0000 0.0000 0.0000 0.9465 11.8065 -63.1348 -21.9353 -19.9100 95.6666 0.9824 27.6603 -13.1508 -0.7315 -5.4643 15.2378 0.0529 -3.4050 32.4530 2.3007 -1.2034 9.8602 2.8641 0.6002 -6.4291 -9.5838 -3.5242 -10.6536 5.4731 -2.3248 -11.1725 3.4295 -0.3128 -1.5697 -0.0000 0.0000 0.0000 -12.2384 -52.9057 -33.2407 66.5819 -57.8229 -39.8676 -0.0000 0.0000 -41.9643 25.1895 36.8032 15.7360 -7.1250 0.0000 -0.0000 -12.8313 69.1699 -7.4741 -0.0000 0.0000 0.0000 61.6598 70.4165 23.0701 -81.1128 59.6994 -52.3112 0.0000 -0.0000 -9.1837 -26.4793 -5.3874 2.6777 7.1250 -0.0000 -0.0000 0.1787 -35.9942 0.0396
0.1427 23.9363 3.4590 174.0770 2.4753 -186.1440 0.0000 0.0000 0.0000 -32.3986 2.0637 -16.8904 3.1648 10.9571 32.1355 -0.0720 5.1005 -3.8263 0.3438 -3.7677 -10.4241 0.0000 0.0000 0.0000 0.4853 11.2675 -63.6859 -22.3611 -19.8658 96.9181 1.4347 28.8273 -11.0809 -0.5199 -4.6211 12.8311 -0.4509 -3.2696 32.4549 2.0588 -1.1591 10.1317 2.8643 0.6404 -6.1078 -9.4936 -3.5091 -10.6063 6.0517 -2.3325 -10.9562 3.6157 -0.3495 -1.4975 0.0000 0.0000 0.0000 -10.4272 -53.8989 -34.9371 64.1835 -57.3254 -37.8430 -0.0000 0.0000 -40.7791 24.6931 37.1774 15.5281 -7.1250 0.0000 -0.0000 -13.9091 69.3727 -8.1735 0.0000 0.0000 0.0000 59.2130 71.2040 20.8709 -77.1955 59.3713 -48.9344 0.0000 -0.0000 -10.1564 -27.0193 -4.7553 2.4208 7.1250 -0.0000 -0.0000 -0.2961 -35.3144 -0.0704
0.0397 23.8660 3.5033 174.0280 3.2380 -187.0330 0.0000 0.0000 0.0000 -32.5658 3.6883 -17.5148 3.4135 11.3362 33.4222 -0.0355 4.1005 -4.0273 0.3509 -3.8061 -10.5318 0.0000 0.0000 0.0000 -0.0917 10.5523 -64.0134 -22.6912 -19.8255 97.8906 2.0364 30.2385 -8.1889 -0.5278 -4.6556 12.9288 -0.8175 -3.0743 32.5847 1.7193 -1.0929 10.0954 2.6732 0.6621 -6.2057 -9.2838 -3.4238 -10.7548 6.2339 -2.3269 -10.1472 3.6310 -0.4100 -1.2023 0.0000 -0.0000 0.0000 -8.9505 -54.8957 -35.8887 61.6873 -56.7430 -35.7485 -0.0000 0.0000 -39.5453 24.1956 37.2788 15.2246 -7.1250 0.0000 -0.0000 -14.6779 69.3117 -8.6120 0.0000 -0.0000 0.0000 57.8429 71.2537 19.7283 -73.8540 58.9917 -46.0645 0.0000 -0.0000 -10.8152 -26.7072 -4.6223 2.3217 7.1250 -0.0000 -0.0000 -0.0405 -35.1513 -0.0098
-0.0475 23.7927 3.5477 174.1420 4.1571 -187.7440 0.0000 0.0000 0.0000 -32.4300 5.2777 -18.2358 3.6521 11.6825 34.6179 0.0013 2.9686 -4.3115 0.3057 -3.5545 -9.8266 0.0000 0.0000 0.0000 -0.6175 10.3302 -64.6434 -23.0247 -19.7792 98.8750 2.5804 31.5058 -5.5794 -0.4108 -4.1143 11.3985 -1.2675 -2.9113 32.6747 1.5543 -1.1071 9.9850 2.7570 0.6319 -6.3581 -9.6141 -3.1936 -10.9284 6.4560 -2.0537 -9.4151 3.7779 -0.3082 -0.9465 0.0000 0.0000 0.0000 -8.3035 -55.6668 -36.4493 58.9452 -56.0222 -33.4649 -0.0000 0.0000 -37.8575 23.8175 37.0172 14.8828 -7.1250 0.0000 -0.0000 -14.8615 68.9434 -8.5988 0.0000 0.0000 0.0000 58.0135 71.5952 20.2922 -70.0692 58.4445 -42.8295 0.0000 -0.0000 -11.2845 -26.4656 -4.0251 2.0014 7.1250 -0.0000 -0.0000 0.1406 -34.4741 0.0363
-0.1311 23.7390 3.5794 174.2650 4.7229 -188.4000 0.0000 0.0000 0.0000 -32.3583 6.4069 -18.4750 3.7933 11.8801 35.3092 0.0253 2.1503 -4.5566 0.3011 -3.5283 -9.7532 0.0000 0.0000 0.0000 -1.1042 9.9546 -65.1356 -23.2100 -19.7511 99.4229 3.1302 32.5782 -2.5134 -0.2815 -3.4127 9.4298 -1.4420 -2.6427 32.1551 1.2850 -0.8912 10.0359 2.4711 0.7160 -6.0786 -9.1570 -3.2417 -10.5894 6.5110 -2.2489 -9.2169 3.7019 -0.4507 -0.9262 -0.0000 0.0000 0.0000 -6.9615 -57.1891 -37.0649 56.2822 -55.2350 -31.2667 -0.0000 0.0000 -36.5029 23.7834 37.0389 14.8670 -7.1250 0.0000 -0.0000 -14.9306 68.9533 -8.6429 -0.0000 0.0000 0.0000 56.2328 71.5108 18.4728 -66.2486 57.7573 -39.5856 0.0000 -0.0000 -11.5741 -26.4239 -3.5587 1.7667 7.1250 -0.0000 -0.0000 0.1614 -33.9523 0.0437
-0.2063 23.6734 3.5897 174.5050 5.4449 -189.0080 0.0000 0.0000 0.0000 -32.1578 7.2228 -18.4707 3.9135 12.0444 35.8893 0.0560 1.7060 -5.4428 0.2672 -3.3250 -9.1849 0.0000 0.0000 0.0000 -1.4464 9.9714 -65.6378 -23.4632 -19.7100 100.1730 3.4992 33.2445 -0.2191 -0.1045 -2.0846 5.7396 -1.7389 -2.2882 31.4789 1.3044 -0.5599 10.1567 2.5435 0.8518 -5.6436 -8.9383 -3.2179 -10.5140 6.2300 -2.2996 -8.9465 3.5565 -0.5037 -0.8527 0.0000 0.0000 0.0000 -6.0672 -58.7358 -37.6813 53.6405 -54.3623 -29.1079 -0.0000 0.0000 -35.1185 23.4355 36.7852 14.5513 -7.1250 0.0000 -0.0000 -15.0849 68.6033 -8.6150 0.0000 0.0000 0.0000 54.4999 71.4080 16.9260 -62.6831 56.9835 -36.5824 0.0000 -0.0000 -12.0121 -26.7750 -2.5287 1.2753 7.1250 -0.0000 -0.0000 -0.1478 -32.8116 -0.0441
-0.2684 23.6203 3.6063 174.6330 5.9178 -189.6050 0.0000 0.0000 0.0000 -32.1236 7.6305 -18.2165 3.9875 12.1438 36.2425 0.0822 1.7058 -6.3259 0.2721 -3.3554 -9.2697 0.0000 0.0000 0.0000 -1.6832 9.6579 -65.9283 -23.8076 -19.6488 101.1956 3.1954 33.0857 -2.9951 -0.0539 1.4982 -4.1207 -2.0750 -2.2946 31.3131 1.0599 -0.7511 10.0681 2.5308 0.7375 -5.6511 -8.5636 -3.0452 -10.6914 6.0032 -2.1268 -8.6687 3.4070 -0.4406 -0.7529 0.0000 0.0000 0.0000 -5.6754 -58.5983 -37.3254 52.1913 -53.8420 -27.9340 -0.0000 0.0000 -34.7381 23.3741 36.9007 14.5478 -7.1250 0.0000 -0.0000 -15.2953 68.6940 -8.7685 0.0000 0.0000 0.0000 56.1020 71.5277 18.4699 -59.6982 56.2290 -34.0901 0.0000 -0.0000 -12.3013 -26.6415 -1.2185 0.6112 7.1250 -0.0000 -0.0000 -0.0559 -31.3429 -0.0187
-0.3080 23.5676 3.6238 174.6930 6.2417 -189.7250 0.0000 0.0000 0.0000 -32.1479 7.7640 -18.5187 4.1115 12.3073 36.8278 0.1067 1.5451 -6.9423 0.2265 -3.0632 -8.4547 0.0000 0.0000 0.0000 -1.7798 9.3147 -66.2389 -24.5001 -19.5074 103.2619 1.8716 29.9619 -9.1329 -0.4326 4.2209 -11.6990 -2.3879 -2.1587 30.9151 0.8507 -0.8132 9.8020 2.4984 0.6607 -5.7621 -8.6937 -3.0219 -10.8163 6.2553 -2.0941 -8.3779 3.5200 -0.4333 -0.6333 -0.0000 0.0000 0.0000 -5.2134 -58.7255 -36.7816 50.6328 -53.2475 -26.6803 -0.0000 0.0000 -34.5739 23.0203 36.7989 14.2794 -7.1250 0.0000 -0.0000 -15.6277 68.4874 -8.8899 -0.0000 0.0000 0.0000 56.9513 71.3696 19.1555 -57.0607 55.4744 -31.9072 0.0000 -0.0000 -12.5451 -26.7698 -0.3468 0.1749 7.1250 -0.0000 -0.0000 -0.1617 -30.3681 -0.0578
-0.3397 23.5391 3.6415 175.1010 6.4136 -189.6180 0.0000 0.0000 0.0000 -31.7830 7.6880 -18.9465 4.2146 12.4406 37.3091 0.1239 1.4567 -7.3516 0.2444 -3.1813 -8.7840 0.0000 0.0000 0.0000 -1.5107 8.7110 -66.1100 -25.5763 -19.2375 106.5058 0.4092 25.1395 -14.9399 -0.6844 5.2892 -14.7353 -2.3459 -2.0858 30.3854 0.7317 -0.8256 9.5793 2.3435 0.6125 -5.7757 -8.7897 -3.0662 -10.5056 6.5424 -2.1124 -8.8779 3.6446 -0.4234 -0.8437 0.0000 0.0000 0.0000 -4.1710 -59.3006 -36.9512 49.2019 -52.6685 -25.5381 -0.0000 0.0000 -34.2590 22.6829 36.9633 14.1074 -7.1250 0.0000 -0.0000 -16.2436 68.5384 -9.2658 0.0000 0.0000 0.0000 57.8488 71.0607 19.5992 -55.6149 55.0235 -30.7192 0.0000 -0.0000 -12.7488 -26.6904 -0.2149 0.1080 7.1250 -0.0000 -0.0000 -0.0989 -30.2202 -0.0357
-0.3506 23.5034 3.6525 175.6880 6.6254 -189.2300 0.0000 0.0000 0.0000 -31.1458 7.5686 -19.8634 4.4178 12.6965 38.2429 0.1436 1.1524 -7.6767 0.2170 -2.9990 -8.2760 0.0000 0.0000 0.0000 -0.8391 8.4605 -65.5664 -26.7093 -18.8846 109.9741 -0.7873 18.1658 -19.0552 -0.5968 4.9457 -13.7537 -2.1754 -1.9831 29.7217 0.6788 -0.7602 9.3627 2.1617 0.5979 -5.7247 -9.0884 -3.1170 -10.8540 6.8828 -2.0844 -8.8386 3.8229 -0.3853 -0.7647 0.0000 0.0000 0.0000 -3.2595 -60.2653 -37.5217 47.7795 -52.0597 -24.4117 -0.0000 0.0000 -32.6937 21.5584 36.4554 13.2115 -7.1250 0.0000 -0.0000 -17.0597 67.7155 -9.4247 0.0000 0.0000 0.0000 58.7275 70.5922 19.7321 -54.9123 54.7943 -30.1443 0.0000 -0.0000 -12.8731 -26.5020 0.3560 -0.1775 7.1250 -0.0000 -0.0000 0.0500 -29.5819 0.0188
-0.3581 23.4901 3.6765 176.3230 6.5293 -188.6070 0.0000 0.0000 0.0000 -30.5213 7.2151 -20.9402 4.6158 12.9376 39.1355 0.1618 0.8053 -7.9357 0.2289 -3.0797 -8.5008 0.0000 0.0000 0.0000 -0.3024 7.9411 -64.0457 -27.5875 -18.5596 112.7095 -1.0445 16.7542 -20.2938 -0.9059 6.0653 -16.9740 -1.9407 -1.9241 29.3187 0.7363 -0.7421 9.0024 2.0839 0.5587 -5.9512 -8.9995 -3.1516 -10.7933 6.6542 -2.0425 -9.6134 3.7306 -0.3196 -1.0392 0.0000 -0.0000 0.0000 -2.6772 -61.1606 -38.0892 46.8461 -51.6415 -23.6777 -0.0000 0.0000 -31.5461 20.8415 36.2580 12.6886 -7.1250 0.0000 -0.0000 -17.7130 67.3149 -9.6337 0.0000 -0.0000 0.0000 58.7013 70.0612 19.3039 -54.4600 54.6432 -29.7751 0.0000 -0.0000 -13.0165 -26.3043 0.5991 -0.2962 7.1250 -0.0000 -0.0000 0.2054 -29.3114 0.0786
-0.3507 23.4775 3.6961 177.3190 6.4738 -187.5650 0.0000 0.0000 0.0000 -29.4508 6.5859 -22.5047 4.8620 13.2267 40.2232 0.1778 0.4966 -8.1604 0.2221 -3.0334 -8.3719 0.0000 0.0000 0.0000 0.7741 8.3624 -61.6114 -27.8548 -18.4513 113.5518 -0.7260 15.5125 -17.4760 -0.5958 4.9414 -13.7414 -1.2703 -1.7920 28.3957 0.7397 -0.4949 8.7977 1.6175 0.6309 -5.7762 -8.3154 -3.2767 -11.0148 6.3648 -2.1553 -10.2320 3.4933 -0.3436 -1.2075 0.0000 -0.0000 0.0000 -1.1894 -62.6253 -39.2964 46.2983 -51.3889 -23.2489 -0.0000 0.0000 -30.7761 20.0192 35.9742 12.0806 -7.1250 0.0000 -0.0000 -18.3874 66.8057 -9.7976 0.0000 -0.0000 0.0000 57.4682 69.3781 17.1967 -54.7289 54.7334 -29.9945 0.0000 -0.0000 -13.3448 -26.3957 0.7950 -0.3946 7.1250 -0.0000 -0.0000 0.1345 -29.0922 0.0521
-0.3376 23.4372 3.7283 178.3190 6.2737 -186.5360 0.0000 0.0000 0.0000 -28.3363 5.7002 -23.9291 5.1021 13.4979 41.2619 0.2136 -0.0143 -8.7243 0.1990 -2.8725 -7.9239 0.0000 0.0000 0.0000 2.2092 9.0311 -58.5017 -27.6779 -18.5235 112.9939 -0.3367 13.2052 -13.0396 -0.6157 5.0217 -13.9705 -0.8616 -1.7338 27.9650 0.9233 -0.4255 8.3971 1.5631 0.6123 -6.0298 -8.2009 -3.0092 -11.3322 6.2329 -1.7140 -10.4699 3.4387 -0.0920 -1.2699 0.0000 -0.0000 0.0000 -0.8599 -63.4392 -39.4861 46.3034 -51.3913 -23.2529 -0.0000 0.0000 -30.5980 19.8815 35.7388 11.9269 -7.1250 0.0000 -0.0000 -18.2952 66.5458 -9.6386 0.0000 -0.0000 0.0000 57.0129 68.7204 16.2545 -55.5362 54.9981 -30.6547 0.0000 -0.0000 -14.0516 -26.3603 0.4467 -0.2213 7.1250 -0.0000 -0.0000 0.1614 -29.4812 0.0611
-0.3085 23.4088 3.7550 179.2750 6.2815 -185.4480 0.0000 0.0000 0.0000 -27.2091 4.7925 -25.0017 5.2252 13.6330 41.7866 0.2988 -1.3317 -9.9439 0.2315 -3.0969 -8.5486 0.0000 0.0000 0.0000 4.2064 10.3946 -54.3945 -26.8240 -18.8448 110.3288 -0.0980 10.0157 -8.5504 -0.2234 3.0424 -8.3967 -0.7631 -1.5310 27.3481 1.1470 -0.2313 8.1163 1.6914 0.6584 -6.0535 -7.8163 -2.8430 -11.8825 5.7048 -1.4679 -10.4286 3.1838 0.0454 -1.1904 -0.0000 -0.0000 0.0000 -0.1258 -64.1269 -40.0385 46.7056 -51.5772 -23.5675 -0.0000 0.0000 -30.4572 19.4689 35.4866 11.5970 -7.1250 0.0000 -0.0000 -18.5137 66.1905 -9.6066 -0.0000 -0.0000 0.0000 56.2486 68.3833 15.0312 -56.2971 55.2396 -31.2789 0.0000 -0.0000 -14.2612 -26.3647 0.1511 -0.0749 7.1250 -0.0000 -0.0000 0.1578 -29.8111 0.0585
-0.2716 23.3494 3.8028 180.1480 5.8474 -184.0950 0.0000 0.0000 0.0000 -26.2450 3.0879 -26.2756 5.3511 13.7686 42.3182 0.3290 -0.1313 -10.7898 0.1037 -2.0763 -5.7166 0.0000 0.0000 0.0000 6.2670 11.0717 -50.6864 -25.5343 -19.2492 106.3782 -0.0645 6.2204 -5.9132 -0.1723 2.6739 -7.3720 -0.5209 -1.4363 26.7241 1.2802 -0.1182 7.9089 1.6631 0.6774 -5.9891 -7.5404 -2.9375 -12.5782 5.3173 -1.5191 -10.4588 2.9910 0.0516 -1.0866 -0.0000 0.0000 0.0000 1.1946 -64.5509 -40.6152 47.4427 -51.9106 -24.1464 -0.0000 0.0000 -30.1863 19.0769 34.8855 11.1883 -7.1250 0.0000 -0.0000 -18.3503 65.5168 -9.2355 -0.0000 0.0000 0.0000 55.1898 68.3167 12.8660 -57.6450 55.6490 -32.3890 0.0000 -0.0000 -14.6557 -25.8384 -0.3519 0.1704 7.1250 -0.0000 -0.0000 0.5756 -30.3705 0.2056
-0.2260 23.2659 3.8683 180.6060 5.5302 -182.9740 0.0000 0.0000 0.0000 -25.7588 2.1374 -28.1892 5.6592 14.0897 43.5981 0.3847 -0.2483 -11.6321 0.1104 -2.1421 -5.8985 0.0000 0.0000 0.0000 7.9729 11.9249 -46.5092 -23.6800 -19.6722 100.8162 -0.1013 3.2499 -5.7546 -0.0818 1.8451 -5.0778 -0.6702 -1.2287 26.6066 1.2792 0.0501 7.6830 1.6966 0.7345 -6.1864 -7.3727 -3.0074 -12.7715 5.0972 -1.5185 -10.9779 2.8843 0.0983 -1.2296 -0.0000 -0.0000 0.0000 1.9242 -64.8318 -40.7950 48.7407 -52.4748 -25.1719 -0.0000 0.0000 -29.4234 18.0672 32.9464 10.0604 -7.1250 0.0000 -0.0000 -17.6812 63.4151 -8.0260 -0.0000 -0.0000 0.0000 54.2798 68.3946 10.3795 -59.3944 56.1464 -33.8377 0.0000 -0.0000 -14.7183 -24.4357 -0.2376 0.1080 7.1250 -0.0000 -0.0000 1.6833 -30.2385 0.6068
-0.1672 23.1870 3.9573 181.6190 5.1259 -181.9620 0.0000 0.0000 0.0000 -24.4376 1.1118 -30.2397 6.1191 14.5427 45.4577 0.4449 -0.6075 -12.4028 0.0844 -1.8735 -5.1562 0.0000 0.0000 0.0000 10.5237 12.8895 -41.7100 -21.1673 -19.9673 93.4148 -0.0895 1.4783 -5.3292 -0.1985 2.8693 -7.9150 -0.3706 -1.0739 26.9736 1.4788 0.3221 7.4440 1.6583 0.8547 -6.6450 -7.4511 -3.0991 -12.9555 5.3234 -1.4620 -11.6555 2.9818 0.1962 -1.4250 -0.0000 0.0000 0.0000 0.9630 -64.8947 -39.5623 51.0863 -53.4243 -27.0441 -0.0000 0.0000 -27.9637 17.6769 30.6737 9.2345 -7.1250 0.0000 -0.0000 -16.2820 61.1476 -6.5017 -0.0000 0.0000 0.0000 52.4631 68.4455 7.4205 -61.1708 56.6139 -35.3170 0.0000 -0.0000 -15.1476 -23.8447 -1.2419 0.5488 7.1250 -0.0000 -0.0000 2.1795 -31.3330 0.7287
-0.1037 23.0658 4.0268 182.4830 5.0453 -180.6810 0.0000 0.0000 0.0000 -23.0670 -0.0555 -32.8032 6.7013 15.0752 47.7355 0.5165 -0.9185 -13.2894 0.0532 -1.4885 -4.0941 0.0000 0.0000 0.0000 12.6573 13.8713 -37.1577 -18.3686 -19.9361 85.2252 -0.0788 0.1586 -5.2456 -0.1898 2.8059 -7.7388 -0.2381 -0.7988 26.4447 1.6598 0.6779 7.3554 1.6721 1.0040 -6.4981 -7.5497 -3.2029 -12.2291 5.4321 -1.5237 -12.6646 3.0480 0.2141 -1.8780 0.0000 -0.0000 0.0000 -1.7731 -64.7984 -37.2444 54.6198 -54.6969 -29.9055 -0.0000 0.0000 -26.5623 19.9819 28.0098 9.6904 -7.1250 0.0000 -0.0000 -12.0099 59.0860 -4.1713 0.0000 -0.0000 0.0000 50.3704 68.6560 4.2795 -63.1382 57.0898 -36.9643 0.0000 -0.0000 -15.6809 -23.4319 -2.2174 0.9607 7.1250 -0.0000 -0.0000 2.5486 -32.3893 0.7876
-0.0263 22.9483 4.1050 182.9010 4.6856 -179.6260 0.0000 0.0000 0.0000 -22.0626 -1.3141 -35.1122 7.2512 15.5399 49.8183 0.5556 -1.1154 -13.7404 0.0513 -1.4622 -4.0216 0.0000 0.0000 0.0000 14.2991 14.5032 -32.3411 -15.4777 -19.5024 76.6714 -0.0860 -1.0211 -6.0133 -0.2328 3.1053 -8.5721 -0.1869 -0.6578 26.1952 1.5222 0.7924 7.1188 1.4576 1.0311 -6.6396 -7.5451 -3.3121 -11.5827 5.8591 -1.7316 -12.7566 3.1974 0.0823 -1.9989 0.0000 0.0000 0.0000 -5.5804 -64.4544 -33.9201 59.2061 -56.0946 -33.6814 -0.0000 0.0000 -25.8558 22.3811 26.8262 10.5273 -7.1250 0.0000 -0.0000 -8.7581 58.4400 -2.8931 0.0000 0.0000 0.0000 49.8547 68.9970 2.1502 -64.3690 57.3660 -37.9992 0.0000 -0.0000 -15.7536 -23.2071 -2.4558 1.0525 7.1250 -0.0000 -0.0000 2.7412 -32.6431 0.8304
0.0701 22.8161 4.1812 183.0200 4.5400 -178.5860 0.0000 0.0000 0.0000 -21.2691 -2.2073 -37.4506 7.7819 15.9565 51.7734 0.5893 -1.5426 -14.0531 0.0506 -1.4518 -3.9927 0.0000 0.0000 0.0000 15.3300 15.1702 -27.8319 -12.5798 -18.6251 67.8152 0.0113 -2.7852 -3.1927 -0.2384 3.1423 -8.6752 -0.6878 -0.3413 25.6840 1.3407 0.9819 6.9410 1.4933 1.0950 -6.5878 -7.5241 -3.5996 -11.0250 6.3466 -2.1962 -12.6679 3.3574 -0.1893 -2.0236 -0.0000 -0.0000 0.0000 -10.1243 -63.7943 -29.9023 63.7001 -57.2179 -37.4364 -0.0000 0.0000 -25.5965 24.0849 26.3653 11.2279 -7.1250 0.0000 -0.0000 -6.6682 58.3538 -2.1843 -0.0000 -0.0000 0.0000 48.6049 69.4142 -0.2924 -65.4067 57.5865 -38.8742 0.0000 -0.0000 -15.5936 -23.2842 -2.9668 1.2759 7.1250 -0.0000 -0.0000 2.7042 -33.2005 0.7828
0.1616 22.6658 4.2663 183.4320 4.5870 -177.5560 0.0000 0.0000 0.0000 -20.0095 -3.2033 -39.8324 8.3534 16.3731 53.8257 0.6734 -2.0098 -14.9471 0.0535 -1.4919 -4.1035 0.0000 0.0000 0.0000 16.5514 16.1596 -23.4934 -9.8442 -17.3213 58.9664 0.0615 -4.4194 -1.1191 -0.3871 3.9954 -11.0637 -0.6722 -0.0658 25.3128 1.1220 1.2227 6.5902 1.1752 1.1701 -6.7941 -7.8142 -3.7849 -10.2811 7.2181 -2.5360 -12.3387 3.7189 -0.4165 -1.9989 -0.0000 -0.0000 0.0000 -15.0656 -62.4953 -25.2346 68.1038 -58.1086 -41.1578 -0.0000 0.0000 -26.3689 24.9262 26.1140 11.5609 -7.1250 0.0000 -0.0000 -5.6271 58.2848 -1.8324 -0.0000 -0.0000 0.0000 47.0487 69.4987 -2.5951 -66.4204 57.7912 -39.7309 0.0000 -0.0000 -15.6873 -23.2626 -3.5438 1.5221 7.1250 -0.0000 -0.0000 2.7532 -33.8268 0.7552
0.2637 22.5027 4.3530 183.4760 4.1533 -176.2690 0.0000 0.0000 0.0000 -19.0319 -4.8300 -42.4057 8.9750 16.7916 56.0038 0.7529 -2.5025 -15.7351 0.0174 -0.8520 -2.3418 0.0000 0.0000 0.0000 17.3301 16.6819 -19.8166 -7.4798 -15.7230 50.6666 0.0869 -5.6308 0.1951 -0.4077 4.0990 -11.3554 -0.8216 -0.0389 24.7273 0.7508 1.0895 6.2744 0.9029 1.0671 -6.8386 -7.8662 -3.9903 -10.4705 7.9341 -2.8224 -11.7829 3.9660 -0.5867 -1.7428 -0.0000 0.0000 0.0000 -18.2654 -60.5925 -21.7907 71.6117 -58.6830 -44.1457 -0.0000 0.0000 -26.4583 25.4770 26.3179 11.9283 -7.1250 0.0000 -0.0000 -5.1008 58.6255 -1.7022 -0.0000 0.0000 0.0000 44.5726 70.0716 -5.5928 -67.4861 57.9954 -40.6337 0.0000 -0.0000 -16.1520 -23.6348 -4.8253 2.1082 7.1250 -0.0000 -0.0000 2.5240 -35.2354 0.6059
0.3880 22.3369 4.4752 183.7260 3.4996 -175.1250 0.0000 0.0000 0.0000 -17.7597 -6.3148 -45.4910 9.7690 17.2779 58.7133 0.7315 -2.5702 -15.4901 0.0334 -1.1794 -3.2425 0.0000 0.0000 0.0000 18.3580 17.1648 -16.7144 -5.7029 -14.1341 43.7772 0.1197 -6.8568 0.7844 -0.2929 3.4800 -9.6182 -0.8029 0.0014 24.4760 0.5238 1.0910 6.1324 0.6470 1.0519 -6.8635 -7.7216 -4.2355 -10.4750 8.2842 -3.0647 -12.1417 4.0611 -0.6839 -1.8377 0.0000 0.0000 0.0000 -20.0950 -58.9455 -19.4141 73.9077 -58.9985 -46.1105 -0.0000 0.0000 -26.2521 26.1115 25.7542 12.0229 -7.1250 0.0000 -0.0000 -4.1614 58.1791 -1.3433 0.0000 0.0000 0.0000 40.3405 70.6236 -10.4256 -68.9288 58.2540 -41.8587 0.0000 -0.0000 -16.4040 -24.0235 -6.4728 2.8765 7.1250 -0.0000 -0.0000 2.3138 -37.0518 0.4528
0.5251 22.1173 4.6157 183.7720 3.0426 -174.0730 0.0000 0.0000 0.0000 -16.5658 -7.4799 -48.5873 10.5822 17.7245 61.4170 0.7723 -2.9757 -15.8632 0.0580 -1.5544 -4.2756 0.0000 0.0000 0.0000 19.0916 17.7234 -14.6606 -4.5639 -12.8752 38.9031 0.1760 -8.6214 1.5371 -0.1310 2.3326 -6.4257 -0.9360 0.2323 24.3014 0.2488 1.3098 6.0138 0.3607 1.1469 -6.9049 -7.8429 -4.4682 -10.7117 9.0162 -3.1956 -12.5186 3.9567 -0.7288 -1.6732 -0.0000 -0.0000 0.0000 -22.4386 -57.0061 -16.2037 76.6261 -59.3133 -48.4446 -0.0000 0.0000 -26.2882 27.2587 24.4111 12.0207 -7.1250 0.0000 -0.0000 -2.4031 57.0103 -0.7075 -0.0000 -0.0000 0.0000 34.5632 70.6899 -16.7310 -70.4446 58.5046 -43.1496 0.0000 -0.0000 -17.1467 -24.4179 -7.7427 3.5001 7.1250 -0.0000 -0.0000 2.0793 -38.4648 0.3348
0.6673 21.8908 4.7652 183.8260 2.3633 -173.1680 0.0000 0.0000 0.0000 -15.2745 -8.9873 -51.4412 11.3532 18.1036 63.9234 0.8264 -3.1273 -16.4047 0.0644 -1.6370 -4.5035 0.0000 0.0000 0.0000 19.8385 18.1134 -12.9301 -3.7310 -11.7936 35.0057 0.2652 -10.7311 2.1670 -0.0437 1.3488 -3.7091 -0.8580 0.3800 24.3088 -0.0345 1.4796 5.8780 -0.0457 1.2196 -7.0520 -7.6932 -4.5008 -11.2742 8.6938 -3.2916 -11.8226 4.1770 -0.7525 -1.5641 -0.0000 0.0000 0.0000 -25.1519 -54.8380 -12.4313 78.2634 -59.4731 -49.8538 -0.0000 0.0000 -26.2679 27.5501 24.3867 12.1557 -7.1250 0.0000 -0.0000 -2.0733 57.0494 -0.6123 -0.0000 0.0000 0.0000 27.8995 70.7271 -23.9259 -70.9641 58.5855 -43.5927 0.0000 -0.0000 -17.9865 -24.5690 -9.1045 4.1377 7.1250 -0.0000 -0.0000 2.0722 -39.9649 0.2573
0.8256 21.6484 4.9237 183.1040 0.5769 -172.8410 0.0000 0.0000 0.0000 -14.9852 -11.2479 -53.4057 12.0521 18.4126 66.1540 0.8812 -3.2374 -16.9429 0.0238 -0.9956 -2.7367 0.0000 0.0000 0.0000 20.1321 19.1978 -10.5510 -3.1504 -10.9346 32.0598 0.4586 -13.6215 2.0814 -0.0000 0.0329 -0.0903 -1.0322 0.1496 24.6301 -0.4454 1.1436 5.9012 -0.3037 1.0779 -7.1791 -7.7988 -2.6180 -11.3985 8.2585 -3.7164 -11.8132 4.0665 -2.2921 -1.5606 0.0000 0.0000 0.0000 -28.0428 -52.8479 -8.4135 78.3276 -59.4789 -49.9091 -0.0000 0.0000 -25.1727 27.1830 24.9784 12.2359 -7.1250 0.0000 -0.0000 -2.6796 57.6003 -0.8271 0.0000 0.0000 0.0000 21.3276 70.3417 -30.9879 -70.8432 58.5669 -43.4896 0.0000 -0.0000 -18.7494 -24.5909 -9.8946 4.4965 7.1250 -0.0000 -0.0000 2.1332 -40.8297 0.2195
0.9968 21.3845 5.0535 183.1270 -0.2846 -172.0900 0.0000 0.0000 0.0000 -13.8910 -12.0009 -56.4106 12.8959 18.7443 68.8019 0.9429 -3.7196 -17.4784 0.0271 -1.0627 -2.9214 0.0000 0.0000 0.0000 20.9732 21.0491 -8.6834 -2.6203 -10.0534 29.1497 0.4617 -14.5175 3.5043 -0.0064 -0.5172 1.4212 -0.3381 1.7998 23.5248 -0.4309 1.0159 6.0652 -0.5054 -0.0135 -6.4351 -7.5897 -2.6793 -11.2932 8.1413 -3.7894 -11.7406 3.9800 -2.3187 -1.5520 -0.0000 0.0000 0.0000 -31.5417 -50.6986 -4.3454 77.4247 -59.3939 -49.1316 -0.0000 0.0000 -23.9256 25.7009 23.8776 11.0241 -7.1250 0.0000 -0.0000 -3.9218 56.1005 -1.0690 -0.0000 0.0000 0.0000 14.5503 69.6261 -37.8055 -70.3469 58.4890 -43.0662 0.0000 -0.0000 -19.4948 -25.2045 -11.0994 5.1773 7.1250 -0.0000 -0.0000 1.7186 -42.2073 0.1185
1.1772 21.1098 5.2016 183.2500 -1.4516 -172.0620 0.0000 0.0000 0.0000 -12.7247 -12.6064 -58.8402 13.7857 19.0477 71.5488 0.9817 -4.4668 -17.7629 0.0144 -0.7753 -2.1308 0.0000 0.0000 0.0000 21.9869 21.2275 -6.9187 -2.1991 -9.2691 26.6408 0.2864 -14.2816 6.2307 -0.0144 -0.7736 2.1260 0.1139 1.7420 23.1156 -0.6083 1.0217 6.2911 -0.9515 -0.0173 -5.9645 -7.2883 -2.9688 -12.1668 7.8861 -4.0426 -10.0009 3.7615 -2.3546 -0.8077 0.0000 0.0000 0.0000 -34.5461 -48.3572 -0.4088 75.4403 -59.1837 -47.4255 -0.0000 0.0000 -24.2114 25.2989 24.8671 11.2420 -7.1250 0.0000 -0.0000 -4.7148 57.0599 -1.3952 0.0000 0.0000 0.0000 8.3328 68.7560 -43.8142 -68.8648 58.2430 -41.8044 0.0000 -0.0000 -20.2741 -24.9649 -13.0243 5.9896 7.1250 -0.0000 -0.0000 2.1792 -44.2827 0.0386
1.3812 20.7591 5.3577 183.0130 -3.0088 -172.4770 0.0000 0.0000 0.0000 -11.5822 -13.8518 -61.3145 14.9554 19.3786 75.1023 0.9676 -5.2419 -17.5750 0.0230 -0.9783 -2.6891 0.0000 0.0000 0.0000 23.0569 22.3329 -4.7296 -1.9929 -8.8512 25.3309 0.3433 -15.0334 6.1852 -0.0646 -1.6401 4.5120 0.5673 1.5125 23.5283 -1.0588 0.8369 6.0535 -1.6569 -0.0944 -6.4198 -6.8881 -2.7947 -12.4469 7.9207 -3.7478 -8.9593 3.6871 -2.1535 -0.4424 0.0000 -0.0000 0.0000 -37.6328 -45.2236 4.5387 73.2120 -58.9078 -45.5145 -0.0000 0.0000 -26.0269 26.3455 25.0697 11.8507 -7.1250 0.0000 -0.0000 -3.6412 57.5077 -1.1162 0.0000 -0.0000 0.0000 5.3083 67.7131 -46.6822 -65.6125 57.6289 -39.0479 0.0000 -0.0000 -20.1516 -26.0614 -12.1180 5.8618 7.1250 -0.0000 -0.0000 1.0590 -43.4195 0.0413
1.5884 20.4212 5.5239 182.5740 -4.6364 -172.8860 0.0000 0.0000 0.0000 -10.7286 -14.9044 -64.0272 16.1037 19.6321 78.5404 0.9087 -5.9843 -17.0009 0.0404 -1.2967 -3.5657 0.0000 0.0000 0.0000 23.7247 22.3991 -3.2160 -1.7947 -8.4247 24.0117 0.3558 -15.6055 6.6296 -0.0904 -1.9393 5.3378 0.7199 1.3902 23.1233 -1.3421 0.7106 6.1311 -2.0118 -0.1456 -6.1251 -6.7861 -3.0065 -12.6289 8.3674 -3.9806 -8.3985 3.8032 -2.2380 -0.1955 -0.0000 -0.0000 0.0000 -40.4807 -42.1961 8.8971 70.3055 -58.4825 -43.0310 -0.0000 0.0000 -26.7234 26.1479 25.4535 11.9142 -7.1250 0.0000 -0.0000 -4.0042 57.8694 -1.2626 -0.0000 -0.0000 0.0000 1.7816 66.6100 -49.7567 -62.3644 56.9078 -36.3153 0.0000 -0.0000 -20.1390 -26.7034 -11.9366 5.9397 7.1250 -0.0000 -0.0000 0.4534 -43.2929 0.0191
1.8100 20.0243 5.7005 182.0870 -6.0987 -173.8680 0.0000 0.0000 0.0000 -10.0973 -15.6328 -66.2536 17.3098 19.8256 82.1124 0.8800 -6.8272 -16.7456 0.0145 -0.7786 -2.1397 0.0000 0.0000 0.0000 24.3973 20.8225 -1.8564 -1.7827 -8.3979 23.9292 0.3930 -12.1960 1.0804 -0.0990 2.0286 -5.5848 0.5008 1.4874 23.5534 -1.3339 0.8134 5.9706 -1.9148 -0.0871 -6.5213 -6.9936 -2.9716 -11.0515 8.6256 -3.9239 -9.3169 3.9769 -2.2289 -0.7602 0.0000 0.0000 0.0000 -43.7288 -38.8704 14.1155 67.4828 -57.9947 -40.6308 -0.0000 0.0000 -27.1148 27.0043 25.9760 12.5827 -7.1250 0.0000 -0.0000 -3.2458 58.6217 -1.0818 0.0000 0.0000 0.0000 -0.2949 65.1653 -50.9175 -58.8326 55.9907 -33.3715 0.0000 -0.0000 -17.9164 -27.0068 -10.9829 5.5461 7.1250 -0.0000 -0.0000 0.0848 -42.2681 0.0057
2.0310 19.5871 5.8974 181.8960 -7.3780 -174.7190 0.0000 0.0000 0.0000 -9.0554 -16.1573 -68.8832 18.5278 19.9480 85.6920 0.8557 -7.4677 -16.5550 0.0012 -0.2194 -0.6028 0.0000 0.0000 0.0000 24.9781 17.9421 -1.8304 -2.0699 -9.0102 25.8273 0.1750 -8.2243 -6.8503 -0.5400 4.7082 -13.0780 0.5924 1.7911 23.5690 -1.3259 1.3012 5.6865 -2.1038 0.1715 -6.8199 -6.0957 -2.7765 -10.6912 7.6969 -3.6964 -8.5876 3.4760 -2.0797 -0.6363 0.0000 -0.0000 0.0000 -46.4729 -35.8706 20.2738 63.3708 -57.1432 -37.1596 -0.0000 0.0000 -27.0290 26.9125 25.2133 12.2014 -7.1250 0.0000 -0.0000 -3.0643 57.7892 -0.9599 0.0000 -0.0000 0.0000 0.8729 63.5313 -50.0455 -57.2214 55.5229 -32.0396 0.0000 -0.0000 -14.0542 -26.1831 -10.0709 4.9143 7.1250 -0.0000 -0.0000 0.7396 -41.1734 0.0698
2.2529 19.1614 6.1444 181.7830 -8.8825 -175.9230 0.0000 0.0000 0.0000 -7.9371 -17.0885 -71.0521 19.5463 19.9951 88.6734 0.8166 -7.9234 -16.2284 0.0015 -0.2521 -0.6927 0.0000 0.0000 0.0000 25.2831 15.4360 -2.7672 -2.4169 -9.6852 27.9633 -0.3293 -3.9613 -13.0339 -0.3369 3.7298 -10.3178 0.5037 1.8498 24.2445 -0.9173 1.3974 5.6010 -1.6510 0.2179 -7.2698 -6.4481 -2.6254 -10.7248 7.4293 -3.4084 -8.0204 3.4529 -1.8864 -0.4652 -0.0000 0.0000 0.0000 -49.1126 -32.4381 25.3102 60.3769 -56.4095 -34.6548 -0.0000 0.0000 -26.2874 27.5072 25.1178 12.4642 -7.1250 0.0000 -0.0000 -2.3664 57.8235 -0.7430 -0.0000 0.0000 0.0000 2.5886 62.8938 -48.9283 -57.8433 55.7073 -32.5528 0.0000 -0.0000 -12.2783 -26.4382 -9.3016 4.5949 7.1250 -0.0000 -0.0000 0.4488 -40.3451 0.0515
2.4787 18.7522 6.3981 182.1670 -9.6708 -177.2070 0.0000 0.0000 0.0000 -6.2407 -17.2641 -73.2876 20.5007 19.9940 91.4642 0.7332 -8.4143 -15.4883 0.0013 0.2284 0.6275 0.0000 0.0000 0.0000 26.3967 14.2932 -4.3597 -3.0492 -10.7743 31.5225 -0.8220 -1.4958 -17.7307 -0.1559 2.5440 -7.0116 0.2912 2.0647 24.7759 -0.3466 1.6461 5.6830 -0.9878 0.3286 -7.4681 -6.7529 -2.3882 -11.1661 7.2577 -3.0108 -7.3388 3.4556 -1.6457 -0.1950 -0.0000 0.0000 0.0000 -51.9691 -28.9838 29.0470 57.5825 -55.6306 -32.3375 -0.0000 0.0000 -24.8476 26.0515 24.8381 11.6040 -7.1250 0.0000 -0.0000 -3.8803 57.1962 -1.1605 -0.0000 0.0000 0.0000 6.3498 62.5822 -46.2489 -60.9657 56.5618 -35.1458 0.0000 -0.0000 -10.9326 -26.6393 -8.1197 4.0526 7.1250 -0.0000 -0.0000 0.1878 -39.0484 0.0275
2.6878 18.4470 6.6392 182.2860 -10.4677 -178.2660 0.0000 0.0000 0.0000 -4.8598 -17.7326 -74.9443 21.1376 19.9689 93.3277 0.6830 -9.3952 -15.1756 0.0015 -0.2470 -0.6786 0.0000 0.0000 0.0000 27.4921 13.7454 -5.9340 -3.6153 -11.6300 34.4354 -1.3879 -1.2043 -22.7297 -0.0193 0.8980 -2.4683 0.0402 2.1299 24.7908 -0.2397 1.7069 5.5637 -0.7484 0.3728 -7.6193 -6.8482 -2.1551 -10.3125 7.8615 -2.6597 -7.0683 3.7064 -1.4471 -0.2635 0.0000 -0.0000 0.0000 -54.8477 -25.5669 32.0140 53.6657 -54.3710 -29.1283 -0.0000 0.0000 -23.2374 25.6471 24.3248 11.1870 -7.1250 0.0000 -0.0000 -4.1364 56.5631 -1.1740 0.0000 -0.0000 0.0000 14.1556 61.9288 -39.8243 -66.2700 57.7615 -39.6037 0.0000 -0.0000 -10.0632 -26.8357 -7.8613 3.9584 7.1250 -0.0000 -0.0000 0.0012 -38.7758 0.0002
2.8754 18.2596 6.8631 181.7510 -11.4333 -179.3880 0.0000 0.0000 0.0000 -4.6562 -18.4407 -75.2828 21.3578 19.9557 93.9727 0.5893 -9.5430 -14.2754 0.0084 -0.5935 -1.6308 0.0000 0.0000 0.0000 27.9415 13.1532 -6.3857 -3.8930 -12.0167 35.7911 -1.8382 -2.0226 -26.4164 -0.0533 -1.4892 4.0959 -0.3762 2.1089 24.5914 -0.5254 1.5243 5.7731 -0.7602 0.2814 -7.2938 -6.8832 -2.2371 -10.1793 8.3834 -2.7238 -6.2110 3.8899 -1.4416 0.0125 -0.0000 0.0000 0.0000 -58.0140 -21.6279 33.8305 50.6902 -53.2701 -26.7263 -0.0000 0.0000 -24.0451 27.6167 24.0224 12.0229 -7.1250 0.0000 -0.0000 -1.8837 56.6724 -0.5391 -0.0000 0.0000 0.0000 23.2347 60.4583 -31.7485 -72.8527 58.8593 -45.2069 0.0000 -0.0000 -9.1198 -27.5631 -7.7791 4.0413 7.1250 -0.0000 -0.0000 -0.6332 -38.7395 -0.0976
3.0175 18.1236 7.0741 181.1940 -11.9615 -180.4370 0.0000 0.0000 0.0000 -4.5388 -19.1014 -75.0522 21.3540 19.9560 93.9615 0.5093 -9.8222 -13.5191 0.0189 -0.8882 -2.4413 0.0000 0.0000 0.0000 28.1619 13.2894 -5.7709 -4.0056 -12.1679 36.3284 -2.2937 -2.8899 -29.7662 -0.0464 -1.3896 3.8214 -0.2022 1.9671 24.0063 -1.1600 1.3075 6.0276 -1.4732 0.1654 -6.6966 -6.4874 -2.1686 -9.9213 8.4557 -2.6448 -5.2245 3.8370 -1.3698 0.2806 0.0000 0.0000 0.0000 -60.8732 -18.1294 34.1843 45.7494 -51.1304 -22.8207 -0.0000 0.0000 -23.5903 26.5075 23.7748 11.3686 -7.1250 0.0000 -0.0000 -3.0156 56.1645 -0.8263 0.0000 0.0000 0.0000 32.7249 58.5119 -22.9378 -78.2169 59.4688 -49.8138 0.0000 -0.0000 -6.9749 -27.7073 -7.0529 3.6895 7.1250 -0.0000 -0.0000 -0.7921 -37.9340 -0.1378
3.1064 18.0688 7.2763 180.2890 -11.4352 -181.2830 0.0000 0.0000 0.0000 -5.2368 -18.8119 -74.2373 21.1433 19.9686 93.3446 0.5609 -9.7671 -14.0421 0.0798 -1.8218 -5.0134 0.0000 0.0000 0.0000 27.2920 13.4365 -6.4207 -4.3788 -12.6480 38.0649 -2.3357 -2.4725 -29.8543 -0.0223 -0.9649 2.6522 -0.6847 2.1894 23.6816 -1.3758 1.4842 5.9424 -1.4778 0.2621 -6.6300 -6.5975 -1.9786 -9.6665 7.6140 -2.3332 -3.9807 3.5729 -1.1656 0.6028 -0.0000 0.0000 0.0000 -64.7043 -14.3802 34.0750 40.4868 -48.3557 -18.8022 -0.0000 0.0000 -23.5977 29.3544 24.8584 13.3021 -7.1250 0.0000 -0.0000 -0.1996 57.9725 -0.0634 -0.0000 0.0000 0.0000 40.8088 55.4764 -13.5426 -82.6851 59.7968 -53.6695 0.0000 -0.0000 -5.2780 -28.7276 -6.1353 3.3526 7.1250 -0.0000 -0.0000 -1.6947 -36.9636 -0.3352
3.1620 18.0509 7.4534 180.5260 -10.8136 -182.1340 0.0000 0.0000 0.0000 -4.9621 -18.1542 -73.7166 20.9098 19.9801 92.6610 0.5517 -9.2837 -13.8215 0.1501 -2.4965 -6.8800 0.0000 0.0000 0.0000 27.4528 13.0931 -6.6957 -4.4980 -12.7952 38.6066 -2.3375 -1.5894 -29.5228 -0.0209 -0.9339 2.5670 0.1029 2.3137 23.0512 -1.2669 1.8929 5.8639 -1.9104 0.4717 -6.3581 -6.2260 -1.6911 -9.9233 6.3760 -1.9224 -2.4526 3.0909 -0.9283 1.0863 -0.0000 -0.0000 0.0000 -68.1309 -11.1731 33.8361 34.6916 -44.5906 -14.5964 -0.0000 0.0000 -23.1165 32.0377 26.3825 15.5399 -7.1250 0.0000 -0.0000 2.4937 60.2963 0.9307 -0.0000 -0.0000 0.0000 46.9075 51.6588 -5.5514 -85.2474 59.9145 -55.8853 0.0000 -0.0000 -4.1141 -30.1480 -5.8558 3.3911 7.1250 -0.0000 -0.0000 -2.9049 -36.7302 -0.5915
3.2244 18.0831 7.6186 179.7160 -10.3359 -183.2140 0.0000 0.0000 0.0000 -6.3060 -17.2000 -72.1959 20.5024 19.9939 91.4691 0.4803 -9.1733 -13.0236 0.1003 -2.0428 -5.6239 0.0000 0.0000 0.0000 26.8594 12.9665 -5.7509 -4.4312 -12.7131 38.3036 -2.2919 -1.5635 -29.2288 -0.0224 -0.9670 2.6580 -0.3884 2.5167 23.1106 -1.3118 2.0852 5.5370 -1.7425 0.5851 -6.7592 -5.9065 -1.1957 -9.6480 5.5922 -1.2459 -0.7305 2.8025 -0.5654 1.5390 -0.0000 0.0000 0.0000 -70.9444 -7.4597 33.6519 29.2936 -40.2801 -10.9500 -0.0000 0.0000 -20.7452 27.6346 25.1685 12.5527 -7.1250 0.0000 -0.0000 -2.2412 57.9071 -0.7082 -0.0000 0.0000 0.0000 52.1972 47.0330 2.3222 -86.9240 59.9642 -57.3364 0.0000 -0.0000 -3.6388 -30.7957 -5.0797 3.0208 7.1250 -0.0000 -0.0000 -3.4517 -35.8699 -0.7757
3.2454 18.1534 7.7259 179.2080 -8.9406 -184.2500 0.0000 0.0000 0.0000 -7.2483 -15.2204 -70.8756 20.2457 19.9986 90.7183 0.4253 -9.3464 -12.4582 0.1739 -2.6859 -7.4056 0.0000 0.0000 0.0000 26.5571 13.2930 -4.1725 -4.1929 -12.4128 37.2085 -2.1570 -1.2350 -28.2481 -0.0210 -0.9352 2.5706 -0.3746 2.8158 22.5905 -1.4269 2.5095 5.3856 -1.9795 0.8038 -6.6394 -5.7436 -0.8975 -9.9751 5.2296 -0.8218 1.2047 2.6915 -0.3319 2.2068 -0.0000 0.0000 0.0000 -73.1987 -3.9874 33.2779 24.7961 -35.9948 -8.1698 -0.0000 0.0000 -17.3102 26.7560 24.2809 11.7127 -7.1250 0.0000 -0.0000 -2.9122 56.7594 -0.8398 -0.0000 0.0000 0.0000 56.4961 42.1676 9.4660 -87.7934 59.9816 -58.0892 0.0000 -0.0000 -3.0506 -30.7342 -4.7752 2.8336 7.1250 -0.0000 -0.0000 -3.3981 -35.5140 -0.7931
3.2767 18.1862 7.8449 179.5980 -8.5327 -184.6530 0.0000 0.0000 0.0000 -6.4999 -14.2415 -71.1157 20.1812 19.9992 90.5299 0.2219 -10.5626 -10.5034 0.1648 -2.6157 -7.2107 0.0000 0.0000 0.0000 27.0193 13.2048 -3.7495 -3.9956 -12.1546 36.2810 -2.0304 -1.2842 -27.4360 -0.0147 -0.7820 2.1491 0.3299 2.5415 21.8787 -1.2309 2.4315 5.0269 -2.1323 0.7984 -6.6396 -5.7095 -0.5567 -10.2529 5.1455 -0.3541 2.4102 2.7007 -0.0882 2.6351 -0.0000 0.0000 0.0000 -75.0975 -0.7974 32.6056 20.6784 -31.4511 -5.8812 -0.0000 0.0000 -13.5798 26.9062 23.0345 11.2308 -7.1250 0.0000 -0.0000 -2.3541 55.4562 -0.6044 -0.0000 0.0000 0.0000 59.6343 37.0621 15.8283 -88.2762 59.9888 -58.5072 0.0000 -0.0000 -2.1002 -29.9309 -4.4495 2.5575 7.1250 -0.0000 -0.0000 -2.7262 -35.1002 -0.6635
3.3076 18.2531 7.9537 178.3870 -8.0861 -185.2010 0.0000 0.0000 0.0000 -7.8219 -13.2111 -70.2672 20.0167 20.0000 90.0489 0.2479 -11.7609 -11.3904 0.5752 -4.8567 -13.5002 0.0000 0.0000 0.0000 25.8822 13.3585 -2.8868 -3.8625 -11.9751 35.6441 -1.9487 -1.2722 -26.8822 -0.0190 -0.8910 2.4489 -0.6002 2.6262 21.6125 -1.3821 2.3373 4.9435 -1.7338 0.7696 -6.6314 -5.8930 -0.3979 -10.2029 5.2382 -0.1258 2.4647 2.7799 0.0266 2.6331 -0.0000 -0.0000 0.0000 -77.2360 1.9825 30.5779 17.1662 -27.0763 -4.1627 -0.0000 0.0000 -8.9469 26.3013 21.9087 10.4492 -7.1250 0.0000 -0.0000 -2.6708 54.1219 -0.5991 -0.0000 -0.0000 0.0000 61.7743 31.4380 21.4703 -88.8919 59.9954 -59.0404 0.0000 -0.0000 -2.1635 -29.4144 -4.3743 2.4623 7.1250 -0.0000 -0.0000 -2.2966 -34.9909 -0.5649
3.3190 18.2861 8.0281 178.2510 -7.5606 -185.1330 0.0000 0.0000 0.0000 -7.5688 -12.1144 -69.7762 20.1809 19.9992 90.5289 0.2953 -14.6598 -13.3663 0.7082 -5.3784 -14.9910 0.0000 0.0000 0.0000 25.7073 13.6922 -2.7643 -3.7274 -11.7885 34.9880 -1.8461 -1.1054 -26.1136 -0.0337 -1.1855 3.2594 -0.4776 2.6649 20.5770 -1.3532 2.5032 4.7591 -1.7833 0.8814 -6.2813 -5.8590 -0.4553 -10.0058 5.4368 -0.2270 1.7557 2.8226 -0.0251 2.3648 0.0000 -0.0000 0.0000 -79.1370 4.2024 27.3143 14.0980 -22.8747 -2.8661 -0.0000 0.0000 -3.1023 24.0113 21.8364 9.4081 -7.1250 0.0000 -0.0000 -5.0334 53.5957 -1.0660 0.0000 -0.0000 0.0000 63.3594 25.8346 26.0439 -88.5700 59.9923 -58.7616 0.0000 -0.0000 -2.1497 -29.4671 -3.3460 1.8888 7.1250 -0.0000 -0.0000 -2.3398 -33.8147 -0.6423
3.3286 18.3568 8.0929 178.0880 -6.8428 -185.4990 0.0000 0.0000 0.0000 -7.9947 -10.3053 -68.5863 20.4144 19.9959 91.2118 0.7835 -12.9625 -17.0296 1.0081 -6.3885 -17.9160 0.0000 0.0000 0.0000 25.7278 14.1255 -1.6488 -3.4733 -11.4244 33.7250 -1.6981 -1.3148 -25.1389 -0.0664 -1.6625 4.5738 -0.3292 2.7456 20.3362 -1.4110 2.6692 4.5861 -1.9674 0.9723 -6.3272 -5.8901 -0.4758 -9.0917 5.8628 -0.3065 0.1989 2.9391 -0.0785 1.6890 -0.0000 -0.0000 0.0000 -80.8873 6.1577 21.2676 11.5826 -19.1758 -1.9630 -0.0000 -0.0000 2.6003 22.2303 20.4050 8.1100 -7.1250 0.0000 -0.0000 -6.3987 51.7627 -1.0692 -0.0000 -0.0000 0.0000 65.2151 19.8606 30.1747 -86.9003 59.9637 -57.3159 0.0000 -0.0000 -2.4043 -28.5090 -2.6219 1.4233 7.1250 -0.0000 -0.0000 -1.5557 -32.9601 -0.4591
3.3387 18.4262 8.1456 177.5740 -6.5083 -185.4000 0.0000 0.0000 0.0000 -8.7740 -8.8922 -66.8324 20.6327 19.9904 91.8502 1.0807 -10.7623 -18.9314 0.9803 -6.3026 -17.6650 0.0000 0.0000 0.0000 25.2204 14.4534 -1.0863 -3.2486 -11.0869 32.5736 -1.5666 -1.6111 -24.2823 -0.0742 -1.7572 4.8350 -0.5136 2.8250 19.6278 -1.6246 2.7771 4.3863 -2.0955 1.0484 -6.1645 -5.7569 -0.5477 -8.1981 6.0521 -0.4580 -1.3769 2.9491 -0.1821 1.0250 -0.0000 -0.0000 0.0000 -82.2833 7.7246 13.8149 9.6253 -16.1514 -1.3689 -0.0000 -0.0000 6.9684 21.7243 21.6475 8.3616 -7.1250 0.0000 -0.0000 -7.3094 52.9670 -1.4389 -0.0000 -0.0000 0.0000 67.0654 14.0022 33.2914 -83.6264 59.8459 -54.4831 0.0000 -0.0000 -2.2627 -27.4161 -2.9582 1.5334 7.1250 -0.0000 -0.0000 -0.6631 -33.3109 -0.1900
3.3417 18.4751 8.1834 177.7550 -5.7652 -185.4300 0.0000 0.0000 0.0000 -8.5507 -7.1932 -64.3810 20.6366 19.9903 91.8617 1.0275 -10.5081 -18.4559 0.8697 -5.9460 -16.6279 0.0000 0.0000 0.0000 25.5238 14.9818 -0.2878 -3.0080 -10.7080 31.3015 -1.4592 -1.7514 -23.5164 -0.1172 -2.2067 6.0772 -0.2226 2.9606 19.0391 -1.4568 3.0759 4.2730 -2.1293 1.2107 -5.9586 -5.8412 -0.5922 -7.9417 5.9070 -0.5232 -2.2750 2.9058 -0.2339 0.6929 0.0000 -0.0000 0.0000 -83.7306 8.9902 5.7782 8.3151 -14.0623 -1.0273 -0.0000 -0.0000 9.7557 21.1083 22.3910 8.3654 -7.1250 0.0000 -0.0000 -8.1998 53.6214 -1.7475 0.0000 -0.0000 0.0000 68.5067 8.8507 35.5431 -78.4973 59.4941 -50.0553 0.0000 -0.0000 -1.8304 -26.4526 -2.8382 1.4113 7.1250 -0.0000 -0.0000 0.1203 -33.1491 0.0349
3.3136 18.5252 8.2004 177.8280 -6.2014 -185.4780 0.0000 0.0000 0.0000 -8.9248 -6.8666 -60.6787 20.2063 19.9990 90.6032 0.7381 -10.1275 -15.8595 0.7515 -5.5371 -15.4470 0.0000 0.0000 0.0000 25.4423 14.5569 0.2559 -2.7928 -10.3519 30.1239 -1.3952 -1.9613 -23.0999 -0.1292 -2.3173 6.3833 0.4158 2.6218 18.3949 -1.4257 2.8115 4.1430 -2.3717 1.0981 -5.7320 -6.1765 -0.6527 -8.0306 6.0165 -0.5707 -2.1476 3.0067 -0.2510 0.7562 -0.0000 0.0000 0.0000 -84.7638 10.2877 -1.0252 7.5673 -12.8490 -0.8533 -0.0000 -0.0000 10.5635 21.0416 22.6441 8.4249 -7.1250 0.0000 -0.0000 -8.3625 53.8695 -1.8333 -0.0000 0.0000 0.0000 69.9256 4.2095 37.3955 -71.3974 58.6512 -43.9627 0.0000 -0.0000 -1.6305 -26.3905 -2.2512 1.1166 7.1250 -0.0000 -0.0000 0.1590 -32.4925 0.0487
3.3297 18.5646 8.1977 177.3900 -4.9166 -185.2430 0.0000 0.0000 0.0000 -9.7810 -4.3788 -56.4464 19.3484 19.9898 88.0945 0.5915 -7.6786 -13.9177 0.5628 -4.8051 -13.3535 0.0000 0.0000 0.0000 25.1381 15.4784 0.8006 -2.6619 -10.1265 29.3873 -1.3155 -1.8469 -22.4065 -0.1519 -2.5118 6.9224 -0.2918 3.0955 17.5822 -1.4691 3.3666 3.8240 -2.1139 1.4037 -5.6574 -5.9879 -0.6332 -8.1487 5.8508 -0.5481 -1.6194 2.9189 -0.2325 0.9431 -0.0000 -0.0000 0.0000 -85.3129 11.6350 -6.0560 7.3451 -12.4858 -0.8046 -0.0000 -0.0000 9.9422 19.7163 23.8031 8.2300 -7.1250 0.0000 -0.0000 -10.1877 54.7977 -2.4709 -0.0000 -0.0000 0.0000 71.5434 0.1549 38.5680 -63.2761 57.1215 -37.0800 0.0000 -0.0000 -0.7215 -26.3802 -1.3792 0.6839 7.1250 -0.0000 -0.0000 0.1547 -31.5192 0.0510
3.3174 18.5920 8.1815 177.5270 -4.2852 -185.0380 0.0000 0.0000 0.0000 -10.5163 -2.4717 -51.6174 18.1147 19.9146 84.4802 0.6021 -4.3795 -13.8255 0.6022 -4.9675 -13.8159 0.0000 0.0000 0.0000 25.2756 15.8943 1.0962 -2.5582 -9.9430 28.7923 -1.2658 -1.6728 -21.9199 -0.1703 -2.6586 7.3296 -0.0999 3.1554 16.6536 -1.3912 3.5628 3.5445 -2.1427 1.5289 -5.4435 -6.2437 -0.5592 -8.0318 5.8907 -0.4219 -1.1128 2.9889 -0.1588 1.0811 -0.0000 -0.0000 0.0000 -85.6889 12.7809 -8.8550 7.3700 -12.5266 -0.8100 -0.0000 -0.0000 9.5951 18.9671 23.7427 7.8785 -7.1250 0.0000 -0.0000 -10.9293 54.5906 -2.5985 -0.0000 -0.0000 0.0000 73.0611 -2.9082 38.6947 -55.0993 54.8559 -30.2971 0.0000 0.0000 0.8778 -25.6112 -0.7925 0.3799 7.1250 -0.0000 -0.0000 0.7609 -30.8580 0.2629
3.3027 18.6000 8.1514 177.9650 -4.1130 -184.9620 0.0000 0.0000 0.0000 -10.9654 -1.0349 -46.2573 16.4854 19.7012 79.6747 0.4288 -2.4847 -11.7633 0.3853 -3.9861 -11.0376 0.0000 0.0000 0.0000 25.7770 15.9845 1.4382 -2.4766 -9.7953 28.3162 -1.2587 -1.8293 -21.9275 -0.1762 -2.7039 7.4555 0.2454 2.9874 15.9626 -1.2303 3.4840 3.1979 -2.1273 1.5156 -5.4303 -6.0621 -0.4330 -8.0962 5.6463 -0.2544 -0.2961 2.8850 -0.0668 1.3435 -0.0000 -0.0000 0.0000 -86.0074 13.7389 -11.2320 7.6202 -12.9354 -0.8651 -0.0000 -0.0000 9.9527 18.3644 23.2390 7.4623 -7.1250 0.0000 -0.0000 -11.3242 53.9679 -2.5213 -0.0000 -0.0000 0.0000 74.2708 -5.2539 38.9511 -47.2892 51.8419 -24.0256 0.0000 0.0000 0.8572 -25.5560 -0.3487 0.1668 7.1250 -0.0000 -0.0000 0.7991 -30.3658 0.2855
3.2762 18.6137 8.0993 178.1960 -4.1313 -184.7280 0.0000 0.0000 0.0000 -11.9698 0.3905 -40.5909 14.5023 19.2594 73.7329 0.2972 -0.7711 -10.0538 0.3812 -3.9653 -10.9790 0.0000 0.0000 0.0000 25.8612 15.8548 1.4761 -2.4269 -9.7037 28.0225 -1.2517 -1.6653 -21.7988 -0.1725 -2.6758 7.3774 0.3511 2.8482 14.9070 -1.1139 3.3973 2.8887 -2.0035 1.5042 -5.1891 -5.8506 -0.3201 -7.9519 5.5127 -0.1214 0.2775 2.8093 0.0040 1.4936 -0.0000 0.0000 0.0000 -85.9334 14.3683 -11.3650 7.9296 -13.4387 -0.9357 -0.0000 -0.0000 8.5056 18.2538 23.3489 7.4474 -7.1250 0.0000 -0.0000 -11.4834 54.0575 -2.5827 -0.0000 0.0000 0.0000 75.3953 -7.0627 38.2955 -40.4334 48.3246 -18.7623 0.0000 0.0000 2.2297 -24.3962 -0.1649 0.0748 7.1250 -0.0000 -0.0000 1.7130 -30.1585 0.6208
3.2462 18.5943 8.0472 178.7990 -4.5998 -184.4970 0.0000 0.0000 0.0000 -12.7182 1.7950 -35.1051 12.4596 18.5782 67.4383 0.2238 0.3570 -9.0727 0.6506 -5.1595 -14.3639 0.0000 0.0000 0.0000 26.4362 15.7599 1.3690 -2.4357 -9.7200 28.0747 -1.2606 -2.0650 -22.0458 -0.1646 -2.6135 7.2045 0.7239 2.5611 14.0533 -0.8300 3.1682 2.4440 -1.8461 1.4189 -5.1963 -5.9516 -0.2855 -7.7974 5.4968 -0.0687 1.0018 2.8323 0.0366 1.7006 -0.0000 0.0000 0.0000 -85.7730 14.4404 -10.9865 8.1302 -13.7637 -0.9829 -0.0000 -0.0000 7.9312 18.3597 24.2132 7.7511 -7.1250 0.0000 -0.0000 -11.7609 54.9453 -2.9023 -0.0000 0.0000 0.0000 76.2281 -8.5299 37.2947 -34.2514 44.2701 -14.2883 0.0000 0.0000 4.3374 -24.7656 0.7744 -0.3572 7.1250 -0.0000 -0.0000 1.4086 -29.1257 0.5450
3.2075 18.5574 7.9900 179.0240 -5.5104 -184.0970 0.0000 0.0000 0.0000 -14.0090 2.8172 -29.5136 10.2250 17.5344 60.2376 0.1748 -2.3990 -7.4309 0.9488 -6.2035 -17.3761 0.0000 0.0000 0.0000 26.6186 15.9927 0.9389 -2.5519 -9.9317 28.7557 -1.3592 -2.6103 -23.1004 -0.2045 -2.9116 8.0327 0.7293 2.2598 12.9276 -0.7342 2.8276 2.1644 -1.6478 1.2786 -4.8892 -5.8829 -0.2841 -7.9640 5.4624 -0.0678 1.5300 2.8164 0.0418 1.9040 0.0000 -0.0000 0.0000 -85.1889 13.9254 -9.3111 8.4333 -14.2528 -1.0563 -0.0000 -0.0000 6.6357 18.7644 23.2006 7.6231 -7.1250 0.0000 -0.0000 -10.9028 54.0047 -2.4355 0.0000 -0.0000 0.0000 77.2421 -9.0608 35.4437 -28.7113 39.7629 -10.5756 0.0000 0.0000 7.0148 -27.0039 1.8677 -0.9515 7.1250 -0.0000 -0.0000 -0.3271 -27.8836 -0.1361
3.1545 18.5209 7.9165 178.8280 -6.8666 -183.5450 0.0000 0.0000 0.0000 -15.9525 4.0029 -24.0737 7.9320 16.0690 52.3175 0.0953 -5.5769 -6.2921 1.2004 -6.9516 -19.5720 0.0000 0.0000 0.0000 26.0868 15.6534 -0.0100 -2.7300 -10.2445 29.7722 -1.5094 -2.7315 -24.3306 -0.1667 -2.6305 7.2517 0.3170 1.9151 11.6282 -0.7180 2.3719 1.8149 -1.2851 1.0870 -4.5710 -6.2421 -0.3446 -8.0236 5.8909 -0.1351 2.0632 3.0376 0.0193 2.1042 0.0000 -0.0000 0.0000 -84.6037 12.8698 -7.0170 8.8437 -14.9110 -1.1596 -0.0000 -0.0000 5.4364 18.8453 23.7863 7.8381 -7.1250 0.0000 -0.0000 -11.0728 54.6109 -2.6387 0.0000 -0.0000 0.0000 77.8904 -9.4962 33.6599 -23.9079 35.0667 -7.6536 0.0000 0.0000 8.6605 -26.4219 -1.1205 0.5567 7.1250 -0.0000 -0.0000 0.1186 -31.2309 0.0399
3.1026 18.4655 7.8565 178.9200 -8.5826 -183.0040 0.0000 0.0000 0.0000 -17.5982 4.7993 -19.0308 5.9277 14.3579 44.6910 0.2500 -5.5084 -9.1209 0.8343 -5.8268 -16.2826 0.0000 0.0000 0.0000 25.9007 15.3228 -1.1859 -2.9580 -10.6268 31.0312 -1.6417 -3.1836 -25.5252 -0.1663 -2.6269 7.2417 0.2165 1.6861 10.4955 -0.7773 2.1000 1.4492 -1.2207 0.9750 -4.3330 -6.1544 -0.5061 -7.8907 6.2926 -0.3924 2.2505 3.1504 -0.0999 2.1639 0.0000 -0.0000 0.0000 -83.4702 11.1268 -3.6864 9.2858 -15.6147 -1.2760 -0.0000 -0.0000 3.8540 19.4831 24.0697 8.2106 -7.1250 0.0000 -0.0000 -10.5434 55.0218 -2.6163 0.0000 -0.0000 0.0000 78.8430 -9.6672 30.9352 -19.4198 29.9370 -5.2387 0.0000 0.0000 10.0095 -25.4316 -1.7321 0.8234 7.1250 -0.0000 -0.0000 0.9217 -31.8966 0.2955
3.0275 18.4587 7.7819 178.7000 -10.6810 -182.5710 0.0000 0.0000 0.0000 -19.5522 4.7245 -14.4689 4.1292 12.3303 36.9108 0.7251 -5.0036 -15.1758 0.1785 -2.7210 -7.5030 0.0000 0.0000 0.0000 25.2957 14.4858 -1.8088 -3.0636 -10.7972 31.5991 -1.7829 -3.5416 -26.6998 -0.1835 -2.7591 7.6087 -0.1681 1.4510 9.2193 -0.8488 1.7782 1.2540 -1.0022 0.8364 -3.8429 -6.1758 -0.6127 -7.5109 6.6230 -0.5647 2.0779 3.2557 -0.1845 2.0533 -0.0000 0.0000 0.0000 -82.5928 8.5423 -0.7914 9.7569 -16.3585 -1.4057 -0.0000 -0.0000 3.4851 19.8845 24.5416 8.5436 -7.1250 0.0000 -0.0000 -10.3384 55.5799 -2.7054 -0.0000 0.0000 0.0000 79.4196 -9.4467 28.0222 -15.2852 24.5419 -3.3435 0.0000 0.0000 12.0480 -24.9783 -2.7158 1.2645 7.1250 -0.0000 -0.0000 1.3161 -32.9733 0.3879
2.9770 18.4409 7.7316 178.1730 -13.5396 -182.4380 0.0000 0.0000 0.0000 -21.3821 3.3096 -10.5536 2.9816 10.6652 31.1590 1.0370 -3.0949 -18.4597 0.0220 -0.9574 -2.6316 0.0000 0.0000 0.0000 24.6521 13.7236 -2.1647 -3.2263 -11.0526 32.4575 -1.8996 -4.6332 -28.0312 -0.1808 -2.7387 7.5521 -1.0443 1.1927 8.7694 -0.9765 1.3557 1.1685 -0.5817 0.6417 -3.7050 -6.5467 -0.8496 -7.3349 7.1232 -0.8816 2.1244 3.4889 -0.3371 2.0722 0.0000 -0.0000 0.0000 -81.7068 6.0337 3.9046 10.7099 -17.8422 -1.6860 -0.0000 -0.0000 1.6903 20.7909 24.5729 8.9724 -7.1250 0.0000 -0.0000 -9.4075 55.7963 -2.5080 0.0000 -0.0000 0.0000 79.9846 -8.9829 24.0892 -11.7888 19.4871 -2.0313 0.0000 0.0000 15.0064 -19.9210 -3.9207 1.4195 7.1250 -0.0000 -0.0000 5.5164 -34.1098 1.4797
2.9648 18.4395 7.7372 176.7940 -17.2372 -182.1670 0.0000 0.0000 0.0000 -23.3497 -0.9829 -7.4103 2.5140 9.8633 28.5352 1.0048 -2.4237 -18.2872 0.0038 -0.3989 -1.0960 0.0000 0.0000 0.0000 23.0771 12.5416 -3.0632 -3.5532 -11.5409 34.1265 -2.0523 -5.3182 -29.3808 -0.2179 -3.0050 8.2926 -2.7533 0.9227 8.8761 -1.4230 0.7893 1.2856 -0.0172 0.3697 -3.6622 -6.4792 -1.0896 -6.7167 7.2408 -1.2257 1.4840 3.4908 -0.5191 1.7737 0.0000 0.0000 0.0000 -80.5827 2.8189 9.9182 11.9396 -19.7140 -2.0819 -0.0000 0.0000 -0.7595 21.3122 24.1979 9.0852 -7.1250 0.0000 -0.0000 -8.7014 55.5193 -2.2590 0.0000 0.0000 0.0000 80.8411 -8.3601 18.9881 -9.0910 15.3054 -1.2240 0.0000 0.0000 19.7124 -21.3778 -2.3985 0.9385 7.1250 -0.0000 -0.0000 4.2160 -32.5358 1.2898
2.9742 18.4255 7.7428 175.2320 -19.7350 -181.5350 0.0000 0.0000 0.0000 -24.5199 -1.8019 -6.6362 2.2838 9.4339 27.1621 0.8274 -5.1672 -16.2257 0.0077 -0.5676 -1.5596 0.0000 0.0000 0.0000 21.1870 11.9630 -4.8176 -4.1651 -12.3770 37.0789 -2.1011 -5.1183 -29.5890 -0.0402 -1.2949 3.5605 -4.5894 1.1780 8.8230 -1.9474 0.9009 1.3848 0.4569 0.4265 -3.5543 -6.8535 -1.3540 -7.0112 7.6698 -1.5638 1.8348 3.7080 -0.6756 1.9849 -0.0000 -0.0000 0.0000 -79.5054 -0.4772 15.4570 13.4012 -21.8722 -2.6008 -0.0000 0.0000 -1.3279 20.0856 23.4660 8.2846 -7.1250 0.0000 -0.0000 -9.6665 54.5272 -2.2787 -0.0000 -0.0000 0.0000 81.8273 -7.9682 13.4537 -7.4936 12.7286 -0.8370 0.0000 0.0000 25.3215 -20.8174 -2.6780 1.0177 7.1250 -0.0000 -0.0000 4.6875 -32.8198 1.4027
2.9807 18.4391 7.7712 175.8350 -20.7566 -181.3440 0.0000 0.0000 0.0000 -23.5116 -1.3878 -7.1514 2.2178 9.3057 26.7562 0.6955 -7.1951 -14.9527 0.0230 -0.9797 -2.6931 0.0000 0.0000 0.0000 21.1842 12.3585 -7.0487 -4.8442 -13.2062 40.1453 -1.9408 -3.9874 -27.9890 -0.0011 -0.2137 0.5871 -3.9079 1.5932 8.7595 -2.0947 1.5192 1.2029 -0.1531 0.7323 -3.7115 -6.8946 -1.3776 -7.0196 7.7780 -1.6125 2.3225 3.7587 -0.6941 2.1561 0.0000 -0.0000 0.0000 -78.7519 -3.2360 19.8744 15.1715 -24.3844 -3.2964 -0.0000 0.0000 -2.7203 21.1418 23.4098 8.7347 -7.1250 0.0000 -0.0000 -8.5564 54.6764 -2.0451 0.0000 -0.0000 0.0000 82.6131 -7.6664 11.1630 -6.9742 11.8768 -0.7263 0.0000 0.0000 28.6746 -18.2558 -3.5564 1.1722 7.1250 -0.0000 -0.0000 6.8403 -33.6660 1.9127
