HIERARCHY
ROOT Hips
{
	OFFSET 0.00000 0.00000 0.00000
	CHANNELS 6 Xposition Yposition Zposition Zrotation Yrotation Xrotation 
	JOINT LHipJoint
	{
		OFFSET 0 0 0
		CHANNELS 3 Zrotation Yrotation Xrotation
		JOINT LeftUpLeg
		{
			OFFSET 1.27966 -1.91611 0.81506
			CHANNELS 3 Zrotation Yrotation Xrotation
			JOINT LeftLeg
			{
				OFFSET 2.49511 -6.85528 0.00000
				CHANNELS 3 Zrotation Yrotation Xrotation
				JOINT LeftFoot
				{
					OFFSET 2.67286 -7.34045 0.00000
					CHANNELS 3 Zrotation Yrotation Xrotation
					JOINT LeftToeBase
					{
						OFFSET 0.22740 -0.62477 2.32102
						CHANNELS 3 Zrotation Yrotation Xrotation
						End Site
						{
							OFFSET 0.00000 -0.00000 1.20480
						}
					}
				}
			}
		}
	}
	JOINT RHipJoint
	{
		OFFSET 0 0 0
		CHANNELS 3 Zrotation Yrotation Xrotation
		JOINT RightUpLeg
		{
			OFFSET -1.09666 -1.91611 0.81505
			CHANNELS 3 Zrotation Yrotation Xrotation
			JOINT RightLeg
			{
				OFFSET -2.51373 -6.90642 0.00000
				CHANNELS 3 Zrotation Yrotation Xrotation
				JOINT RightFoot
				{
					OFFSET -2.70173 -7.42295 0.00000
					CHANNELS 3 Zrotation Yrotation Xrotation
					JOINT RightToeBase
					{
						OFFSET -0.22214 -0.61032 2.18267
						CHANNELS 3 Zrotation Yrotation Xrotation
						End Site
						{
							OFFSET -0.00000 -0.00000 1.13683
						}
					}
				}
			}
		}
	}
	JOINT LowerBack
	{
		OFFSET 0 0 0
		CHANNELS 3 Zrotation Yrotation Xrotation
		JOINT Spine
		{
			OFFSET -0.00990 2.16804 -0.08389
			CHANNELS 3 Zrotation Yrotation Xrotation
			JOINT Spine1
			{
				OFFSET 0.06407 2.15456 0.07285
				CHANNELS 3 Zrotation Yrotation Xrotation
				JOINT Neck
				{
					OFFSET 0 0 0
					CHANNELS 3 Zrotation Yrotation Xrotation
					JOINT Neck1
					{
						OFFSET -0.16931 1.61602 0.24462
						CHANNELS 3 Zrotation Yrotation Xrotation
						JOINT Head
						{
							OFFSET 0.21556 1.63376 -0.33896
							CHANNELS 3 Zrotation Yrotation Xrotation
							End Site
							{
								OFFSET 0.08444 1.69244 -0.14900
							}
						}
					}
				}
				JOINT LeftShoulder
				{
					OFFSET 0 0 0
					CHANNELS 3 Zrotation Yrotation Xrotation
					JOINT LeftArm
					{
						OFFSET 2.89000 1.40150 -0.54392
						CHANNELS 3 Zrotation Yrotation Xrotation
						JOINT LeftForeArm
						{
							OFFSET 5.10755 -0.00000 0.00000
							CHANNELS 3 Zrotation Yrotation Xrotation
							JOINT LeftHand
							{
								OFFSET 3.36253 -0.00000 0.00000
								CHANNELS 3 Zrotation Yrotation Xrotation
								JOINT LeftFingerBase
								{
									OFFSET 0 0 0
									CHANNELS 3 Zrotation Yrotation Xrotation
									JOINT LeftHandIndex1
									{
										OFFSET 0.61909 -0.00000 0.00000
										CHANNELS 3 Zrotation Yrotation Xrotation
										End Site
										{
											OFFSET 0.49912 -0.00000 0.00000
										}
									}
								}
								JOINT LThumb
								{
									OFFSET 0 0 0
									CHANNELS 3 Zrotation Yrotation Xrotation
									End Site
									{
										OFFSET 0.50675 -0.00000 0.50675
									}
								}
							}
						}
					}
				}
				JOINT RightShoulder
				{
					OFFSET 0 0 0
					CHANNELS 3 Zrotation Yrotation Xrotation
					JOINT RightArm
					{
						OFFSET -2.65771 1.70968 -0.54312
						CHANNELS 3 Zrotation Yrotation Xrotation
						JOINT RightForeArm
						{
							OFFSET -5.27387 -0.00000 0.00000
							CHANNELS 3 Zrotation Yrotation Xrotation
							JOINT RightHand
							{
								OFFSET -3.40144 -0.00000 0.00000
								CHANNELS 3 Zrotation Yrotation Xrotation
								JOINT RightFingerBase
								{
									OFFSET 0 0 0
									CHANNELS 3 Zrotation Yrotation Xrotation
									JOINT RightHandIndex1
									{
										OFFSET -0.74282 -0.00000 0.00000
										CHANNELS 3 Zrotation Yrotation Xrotation
										End Site
										{
											OFFSET -0.59888 -0.00000 0.00000
										}
									}
								}
								JOINT RThumb
								{
									OFFSET 0 0 0
									CHANNELS 3 Zrotation Yrotation Xrotation
									End Site
									{
										OFFSET -0.60803 -0.00000 0.60803
									}
								}
							}
						}
					}
				}
			}
		}
	}
}
MOTION
Frames: 601
Frame Time: .0333333
0.7414 17.7043 -2.6252 0 0 0 0 0 0 -21 0 0 0 0 0 0 0 0 0 0 0 0 0 0 21 0 0 0 0 0 0 0 0 0 0 0 0 0 0 0 0 0 0 0 0 0 0 -16 0 0 21 0 0 11 0 0 0 -8 0 0 0 0 0 0 0 0 0 0 0 0 0 0 0 0 0 0 0 0 8 0 0 0 0 0 0 0 0 0 0 0 0 0 0 0 0 0
0.7414 17.7043 -2.6252 -4.7375 12.6357 -3.2045 0.0000 0.0000 0.0000 -15.3099 -1.2108 -5.8425 3.5827 11.5834 34.2738 1.4144 -8.7547 -21.3003 0.3090 -3.5735 -9.8797 0.0000 0.0000 0.0000 22.0554 5.0598 -14.2410 -4.3518 -12.6144 37.9416 -0.8583 3.5900 -16.6640 -0.3530 3.8172 -10.5628 -0.8031 -1.6492 8.5051 3.9962 -2.0722 -0.2534 4.8932 -0.9544 -4.8622 -20.0139 -12.1650 -10.2151 16.1808 -16.6812 17.5164 6.6192 -7.7974 10.4029 -0.0000 -0.0000 0.0000 -84.6516 -8.9220 42.9029 95.5805 -59.8820 -64.8310 -0.0000 -0.0000 0.4538 16.6007 16.3488 4.7969 -7.1250 0.0000 -0.0000 -10.6125 46.7191 -0.4552 -0.0000 -0.0000 0.0000 76.9130 1.4173 22.4371 -107.5775 58.7998 -75.1612 0.0000 -0.0000 -2.4486 -21.5868 19.9115 -7.6744 7.1250 -0.0000 -0.0000 4.3674 -8.7470 3.6634
0.8184 17.6857 -2.6673 -4.5326 12.4903 -3.5088 0.0000 0.0000 0.0000 -15.7586 -0.7369 -5.7070 3.6057 11.6163 34.3879 1.4236 -8.9527 -21.3799 0.4083 -4.1022 -11.3644 0.0000 0.0000 0.0000 21.4942 4.9684 -14.6264 -4.5970 -12.9151 39.0515 -0.8537 3.7915 -16.5935 -0.3538 3.8216 -10.5752 -1.1024 -1.4898 8.3830 3.8445 -1.9002 -0.2022 4.8752 -0.8666 -4.7503 -19.8228 -12.0726 -9.4859 15.8958 -16.6216 17.2916 6.5261 -7.8205 10.1248 -0.0000 -0.0000 0.0000 -84.6406 -11.9432 43.2813 104.4429 -59.1969 -72.4742 -0.0000 0.0000 -0.2303 16.7247 15.1432 4.4883 -7.1250 0.0000 -0.0000 -10.1688 45.5100 -0.1294 -0.0000 -0.0000 0.0000 75.9708 3.4544 22.5025 -116.6241 57.1444 -82.8361 0.0000 -0.0000 -2.8551 -21.4724 19.7102 -7.5570 7.1250 -0.0000 -0.0000 4.4253 -8.9753 3.6920
0.9049 17.6665 -2.7102 -3.9655 12.2712 -3.7378 0.0000 0.0000 0.0000 -16.7071 -0.5915 -5.4253 3.6238 11.6422 34.4777 1.4212 -9.1655 -21.3746 0.3065 -3.5593 -9.8401 0.0000 0.0000 0.0000 20.4581 4.8443 -15.0744 -4.8728 -13.2391 40.2701 -0.8354 4.0947 -16.3768 -0.3068 3.5613 -9.8456 -1.3513 -1.4193 9.1084 3.4828 -1.8431 -0.3334 4.6618 -0.8235 -5.3055 -19.8060 -12.0314 -10.1218 15.7077 -16.4970 17.9897 6.4615 -7.7427 10.4467 -0.0000 -0.0000 0.0000 -84.6663 -14.8648 43.6332 112.8875 -57.9251 -79.6831 -0.0000 0.0000 -1.9657 18.2730 15.1538 4.9334 -7.1250 0.0000 -0.0000 -8.7510 45.7135 -0.1553 -0.0000 -0.0000 0.0000 75.4016 5.9893 22.7313 -124.3513 55.0343 -89.2531 0.0000 -0.0000 -3.4504 -22.8676 21.6474 -8.8432 7.1250 -0.0000 -0.0000 3.7047 -6.7171 3.2529
0.9887 17.6413 -2.7648 -3.6569 12.3113 -3.9706 0.0000 0.0000 0.0000 -17.3875 -0.5761 -5.3854 3.6794 11.7211 34.7525 1.4137 -9.4036 -21.3351 0.2710 -3.3485 -9.2506 0.0000 0.0000 0.0000 19.6278 4.5780 -15.8494 -5.1875 -13.5918 41.6264 -0.8035 4.2836 -16.0348 -0.3162 3.6145 -9.9946 -1.4486 -1.3872 9.6530 3.1815 -1.8215 -0.6501 4.4279 -0.7969 -5.9554 -19.9526 -11.5301 -9.0404 16.1755 -16.0725 18.0084 6.7981 -7.5788 10.2220 -0.0000 0.0000 0.0000 -84.7310 -17.8739 44.1482 120.0388 -56.2996 -85.6912 -0.0000 0.0000 -4.1772 17.7236 15.2137 4.7941 -7.1250 0.0000 -0.0000 -9.2712 45.7061 -0.1630 -0.0000 0.0000 0.0000 74.7843 8.4374 22.5748 -131.3202 52.4490 -94.8764 0.0000 -0.0000 -6.3661 -18.8619 19.5752 -6.5298 7.1250 -0.0000 -0.0000 6.1018 -9.4783 5.0431
1.0635 17.6087 -2.7978 -2.8537 12.3769 -4.0205 0.0000 0.0000 0.0000 -18.5889 -0.5478 -5.3177 3.7203 11.7786 34.9531 1.4348 -9.5052 -21.4985 0.2405 -3.1560 -8.7134 0.0000 0.0000 0.0000 18.2369 4.0835 -17.1567 -5.6809 -14.1118 43.6873 -0.7521 4.6087 -15.4772 -0.4270 4.1940 -11.6230 -2.4017 -1.3981 9.0685 3.1574 -1.9508 0.0420 4.9154 -0.8702 -4.8558 -20.0211 -11.6746 -10.6863 15.6692 -15.8991 18.5909 6.5875 -7.4576 10.6648 0.0000 -0.0000 0.0000 -85.5602 -22.3136 44.2931 125.4408 -54.6766 -90.1440 -0.0000 0.0000 -5.8809 17.5692 16.2544 5.0646 -7.1250 0.0000 -0.0000 -9.6878 46.7514 -0.4226 0.0000 -0.0000 0.0000 73.6249 12.9004 22.7929 -133.5998 51.4363 -96.6715 0.0000 -0.0000 -5.2365 -23.2976 22.8650 -9.4988 7.1250 -0.0000 -0.0000 3.5592 -5.3589 3.2176
1.1358 17.5709 -2.8330 -2.6212 12.4516 -4.3716 0.0000 0.0000 0.0000 -19.0491 -0.4137 -5.2315 3.8057 11.8972 35.3694 1.4165 -10.1370 -21.4188 0.2285 -3.0770 -8.4932 0.0000 0.0000 0.0000 17.5020 3.7097 -18.2644 -6.2531 -14.6692 45.9892 -0.6797 4.9315 -14.6878 -0.5127 4.5897 -12.7418 -2.5943 -1.3301 9.3842 2.9550 -1.8932 -0.2114 4.8244 -0.8239 -5.3063 -19.7003 -11.2721 -9.3376 15.3032 -15.5351 18.4925 6.5293 -7.3690 10.2323 0.0000 0.0000 0.0000 -86.2787 -24.2115 45.3434 129.0539 -53.3700 -93.0685 -0.0000 0.0000 -6.3218 17.6391 16.3225 5.1066 -7.1250 0.0000 -0.0000 -9.6414 46.8303 -0.4395 0.0000 0.0000 0.0000 73.3236 14.4429 22.8386 -137.0365 49.7309 -99.3271 0.0000 -0.0000 -5.6659 -22.6579 22.1282 -8.9362 7.1250 -0.0000 -0.0000 3.8838 -6.2456 3.4464
1.2083 17.5344 -2.8542 -1.9852 12.2128 -4.5962 0.0000 0.0000 0.0000 -20.0419 -0.2127 -5.0730 3.8688 11.9838 35.6746 1.4293 -10.2143 -21.5203 0.1668 -2.6314 -7.2541 0.0000 0.0000 0.0000 16.2642 4.0363 -19.6224 -6.9646 -15.3020 48.7402 -0.5703 4.8893 -13.4425 -0.5208 4.6250 -12.8419 -3.2529 -1.2403 9.2972 2.7981 -1.8542 -0.0017 5.0186 -0.8009 -5.0255 -19.6774 -10.9659 -9.4173 15.2717 -15.1113 18.7901 6.5975 -7.1718 10.2628 -0.0000 -0.0000 0.0000 -87.0117 -26.4659 45.8584 130.7490 -52.6889 -94.4228 -0.0000 0.0000 -6.9539 17.3065 14.9034 4.5818 -7.1250 0.0000 -0.0000 -9.5751 45.3369 -0.0804 -0.0000 -0.0000 0.0000 72.5741 17.2775 22.8429 -137.6357 49.4099 -99.7832 0.0000 -0.0000 -3.9081 -25.2620 24.2490 -10.9682 7.1250 -0.0000 -0.0000 2.5077 -3.5249 2.3511
1.2676 17.4834 -2.8727 -1.8990 11.8141 -4.9644 0.0000 0.0000 0.0000 -20.4261 -0.1014 -5.1401 4.0326 12.2036 36.4562 1.5080 -9.9487 -22.0657 0.1182 -2.2161 -6.1032 0.0000 0.0000 0.0000 15.7211 4.8046 -20.9091 -7.6830 -15.8811 51.4128 -0.5204 3.7528 -12.8639 -0.6778 5.2642 -14.6636 -3.1804 -1.0525 9.7496 2.6893 -1.6109 -0.0914 4.8496 -0.6714 -5.4063 -19.2741 -10.9273 -9.8863 14.4715 -14.9536 19.6647 6.2616 -7.1170 10.5260 -0.0000 0.0000 0.0000 -87.8620 -27.9544 46.7157 131.2448 -52.4810 -94.8166 -0.0000 0.0000 -6.7172 16.4996 14.3579 4.2010 -7.1250 0.0000 -0.0000 -10.1723 44.6839 0.0802 -0.0000 0.0000 0.0000 72.3253 19.0390 22.2816 -138.5187 48.9234 -100.4514 0.0000 -0.0000 -2.2130 -22.7800 22.1357 -8.9918 7.1250 -0.0000 -0.0000 3.8079 -6.2171 3.3808
1.3208 17.4466 -2.8598 -1.5332 12.0214 -5.3224 0.0000 0.0000 0.0000 -21.1857 -0.4172 -4.6321 4.1063 12.3005 36.8036 1.5319 -9.4368 -22.2005 0.1739 -2.6865 -7.4071 0.0000 0.0000 0.0000 14.9091 5.0247 -21.7889 -8.2355 -16.2898 53.4066 -0.5755 2.8591 -13.6383 -0.9530 6.2167 -17.4145 -3.6425 -1.0737 9.8582 2.6766 -1.6952 0.1805 5.1076 -0.7132 -5.1595 -20.0272 -10.6775 -10.7388 15.3600 -14.5864 20.3062 6.7769 -6.8886 10.9982 -0.0000 -0.0000 0.0000 -88.7186 -29.1610 47.2923 131.6249 -52.3188 -95.1177 -0.0000 0.0000 -6.7314 16.1094 14.5047 4.1373 -7.1250 0.0000 -0.0000 -10.5631 44.7873 0.0561 -0.0000 -0.0000 0.0000 71.8640 21.1391 22.3750 -138.3156 49.0368 -100.2981 0.0000 -0.0000 -1.9557 -22.8522 22.6520 -9.2192 7.1250 -0.0000 -0.0000 3.8148 -5.6611 3.4277
1.3547 17.4360 -2.8145 -1.9953 12.0210 -5.8235 0.0000 0.0000 0.0000 -20.7924 -0.1974 -4.2971 4.1759 12.3909 37.1292 1.5889 -9.4205 -22.6067 0.1837 -2.7603 -7.6122 0.0000 0.0000 0.0000 15.2810 5.4862 -22.0698 -8.4094 -16.4122 54.0241 -0.7418 1.7171 -15.7792 -1.0626 6.5539 -18.4003 -3.3319 -0.9672 9.9362 2.8079 -1.5125 0.4208 5.0414 -0.6383 -4.9754 -20.3835 -10.7766 -12.2247 15.9699 -14.6728 21.4320 7.0477 -6.8311 11.8227 0.0000 -0.0000 0.0000 -89.3540 -29.8313 48.1753 131.3404 -52.4404 -94.8924 -0.0000 0.0000 -6.9889 16.1151 13.4340 3.8402 -7.1250 0.0000 -0.0000 -10.2922 43.7006 0.3338 0.0000 -0.0000 0.0000 71.6568 22.3975 22.0830 -138.7071 48.8175 -100.5932 0.0000 -0.0000 -1.8712 -21.2467 21.4303 -8.0854 7.1250 -0.0000 -0.0000 4.7100 -7.2064 4.0962
1.3898 17.4163 -2.7646 -1.9370 11.9977 -5.9239 0.0000 0.0000 0.0000 -20.9839 -0.0753 -4.0220 4.1844 12.4018 37.1686 1.6157 -9.3298 -22.7917 0.1784 -2.7204 -7.5013 0.0000 0.0000 0.0000 14.8918 6.4071 -22.2653 -8.0144 -16.1299 52.6147 -0.8205 0.7213 -16.8899 -0.9846 6.3160 -17.7041 -3.4854 -0.8824 9.9868 2.8490 -1.4156 0.1146 5.1694 -0.5703 -5.3327 -19.8008 -10.6746 -10.8548 14.6767 -14.5102 20.9734 6.5050 -6.8942 11.1701 -0.0000 0.0000 0.0000 -90.1325 -29.1713 48.8439 131.6971 -52.2877 -95.1748 -0.0000 0.0000 -6.9486 15.8083 13.4805 3.7761 -7.1250 0.0000 -0.0000 -10.5782 43.7142 0.3397 -0.0000 0.0000 0.0000 71.6013 22.0165 22.8804 -139.2800 48.4907 -101.0233 0.0000 -0.0000 -3.6297 -23.2265 23.3045 -9.6357 7.1250 -0.0000 -0.0000 3.6508 -4.9084 3.3320
1.4197 17.4331 -2.6820 -2.1095 12.5957 -5.9729 0.0000 0.0000 0.0000 -20.8908 -0.2315 -3.3297 4.0977 12.2892 36.7630 1.6055 -9.5442 -22.7305 0.1738 -2.6851 -7.4033 0.0000 0.0000 0.0000 14.6470 7.0203 -21.7060 -7.0020 -15.3336 48.8821 -0.8588 1.0962 -17.1771 -0.8892 6.0108 -16.8158 -3.3029 -0.9819 9.7612 2.8664 -1.5213 0.1684 5.0886 -0.6335 -5.1410 -20.6275 -10.7500 -11.8707 15.9178 -14.6785 21.7430 7.0918 -6.8775 11.8895 -0.0000 0.0000 0.0000 -90.6283 -29.0936 49.3743 131.9690 -52.1699 -95.3897 -0.0000 0.0000 -6.8087 16.1856 13.4485 3.8619 -7.1250 0.0000 -0.0000 -10.2325 43.7231 0.3261 -0.0000 0.0000 0.0000 71.5217 22.4815 22.6244 -140.9932 47.4703 -102.2962 0.0000 -0.0000 -5.2377 -19.7698 20.9423 -7.3206 7.1250 -0.0000 -0.0000 5.6099 -7.9364 4.8053
1.4273 17.4771 -2.6027 -2.6468 13.0565 -5.7958 0.0000 0.0000 0.0000 -20.2526 -0.4452 -3.1615 3.9898 12.1468 36.2534 1.5539 -9.5931 -22.3678 0.1975 -2.8620 -7.8947 0.0000 0.0000 0.0000 14.7682 8.9973 -20.9122 -5.7651 -14.1968 44.0317 -0.7987 2.8307 -16.1650 -1.1045 6.6776 -18.7636 -2.8843 -1.0440 9.5224 2.9868 -1.5453 0.0176 4.9762 -0.6509 -5.1701 -19.6585 -11.0316 -11.1240 14.6174 -14.9668 20.7744 6.3528 -7.0809 11.2238 0.0000 -0.0000 0.0000 -91.0096 -29.0466 50.0083 132.6187 -51.8831 -95.9020 -0.0000 0.0000 -6.9872 16.8236 12.9485 3.8760 -7.1250 0.0000 -0.0000 -9.5454 43.2820 0.4087 0.0000 -0.0000 0.0000 71.7465 21.9350 22.4888 -142.4432 46.5539 -103.3569 0.0000 -0.0000 -5.3569 -19.4201 20.8489 -7.1518 7.1250 -0.0000 -0.0000 5.8261 -8.0833 4.9755
1.4368 17.4927 -2.5164 -2.9358 13.8741 -5.8343 0.0000 0.0000 0.0000 -20.0177 -0.8421 -2.4840 3.8996 12.0256 35.8226 1.5486 -9.4752 -22.3227 0.2515 -3.2269 -8.9110 0.0000 0.0000 0.0000 14.3166 11.1035 -19.7341 -4.7006 -13.0385 39.5126 -0.5989 5.5498 -13.7891 -0.9976 6.3563 -17.8217 -2.6856 -1.2069 9.2385 3.0590 -1.7337 0.1875 4.9483 -0.7601 -4.8154 -19.7223 -11.0725 -10.8998 15.0207 -15.0723 20.0800 6.4877 -7.1060 10.9882 0.0000 -0.0000 0.0000 -91.1526 -29.3500 50.4233 133.5831 -51.4440 -96.6584 -0.0000 0.0000 -7.0535 16.6888 13.0487 3.8724 -7.1250 0.0000 -0.0000 -9.6886 43.3701 0.3937 0.0000 -0.0000 0.0000 71.6822 22.2697 22.2903 -143.7155 45.7078 -104.2742 0.0000 -0.0000 -5.3693 -19.4368 21.0356 -7.2189 7.1250 -0.0000 -0.0000 5.8288 -7.8875 5.0004
1.4194 17.4771 -2.4244 -3.1667 14.4787 -5.8970 0.0000 0.0000 0.0000 -19.6433 -1.0699 -2.3399 3.9963 12.1555 36.2842 1.5866 -9.8638 -22.6182 0.2905 -3.4663 -9.5797 0.0000 0.0000 0.0000 14.2727 12.6688 -18.8827 -4.0536 -12.2313 36.5553 -0.2134 5.0541 -8.4190 -1.5719 7.9109 -22.4436 -2.7791 -1.2782 8.8783 3.1838 -1.8316 0.7223 5.1163 -0.8345 -4.0365 -19.9146 -11.3189 -11.7092 15.5804 -15.3328 19.7545 6.6399 -7.1469 11.1514 0.0000 0.0000 0.0000 -91.2179 -30.8027 50.7512 134.5099 -51.0063 -97.3810 -0.0000 0.0000 -7.2188 17.1458 12.4207 3.7965 -7.1250 0.0000 -0.0000 -9.1422 42.7751 0.5065 0.0000 0.0000 0.0000 71.1970 23.1096 21.8487 -145.1402 44.7118 -105.2854 0.0000 -0.0000 -5.6080 -20.0985 21.5762 -7.6638 7.1250 -0.0000 -0.0000 5.4493 -7.2300 4.7422
1.3849 17.4595 -2.3376 -3.2172 15.7158 -5.9360 0.0000 0.0000 0.0000 -19.3157 -1.2364 -2.4755 4.1072 12.3017 36.8079 1.5848 -10.6693 -22.6732 0.2683 -3.3319 -9.2041 0.0000 0.0000 0.0000 14.3852 12.1967 -18.4993 -4.0496 -12.2261 36.5364 -0.1309 4.3552 -6.6748 -0.9947 6.3473 -17.7956 -2.9292 -1.4801 9.0298 3.1432 -2.1209 1.0222 5.1898 -0.9881 -3.7727 -19.9910 -11.6703 -12.7549 15.8860 -15.7009 19.7465 6.6523 -7.2368 11.4683 0.0000 -0.0000 0.0000 -91.2763 -32.8923 51.2120 136.3675 -50.0807 -98.8153 -0.0000 0.0000 -8.9682 15.8586 15.2737 4.2797 -7.1250 0.0000 -0.0000 -10.9949 45.5359 -0.1472 0.0000 -0.0000 0.0000 70.6806 24.3471 21.2567 -146.7917 43.4895 -106.4348 0.0000 -0.0000 -6.4607 -19.0508 20.9036 -7.0239 7.1250 -0.0000 -0.0000 6.0655 -8.0788 5.1828
1.3651 17.4307 -2.2385 -3.3115 16.9421 -6.3864 0.0000 0.0000 0.0000 -19.0930 -1.1209 -1.9379 4.1992 12.4209 37.2375 1.6572 -10.6898 -23.1741 0.3137 -3.6005 -9.9554 0.0000 0.0000 0.0000 14.5831 9.6995 -19.0464 -4.2603 -12.4990 37.5209 -0.1107 5.3758 -6.5436 -0.8143 5.7583 -16.0848 -2.7741 -1.5468 10.1032 2.9520 -2.2145 0.5218 4.9741 -0.9997 -4.8998 -20.0287 -11.6561 -12.1129 15.8378 -15.8787 20.4000 6.6523 -7.3569 11.6245 -0.0000 0.0000 0.0000 -91.6805 -33.6387 52.4067 136.4694 -50.0280 -98.8934 -0.0000 0.0000 -8.7140 17.5224 13.0008 4.0628 -7.1250 0.0000 -0.0000 -8.9317 43.4107 0.3533 -0.0000 0.0000 0.0000 70.0833 23.4895 20.8574 -148.9998 41.7354 -107.9301 0.0000 -0.0000 -7.8486 -17.8394 19.5332 -6.1415 7.1250 -0.0000 -0.0000 6.7605 -9.6532 5.5711
1.3428 17.4287 -2.1750 -3.2978 17.7596 -6.4784 0.0000 0.0000 0.0000 -18.7853 -0.2788 -2.5929 4.3770 12.6458 38.0568 1.5979 -11.1766 -22.8172 0.2890 -3.4572 -9.5542 0.0000 0.0000 0.0000 14.6868 9.0509 -19.1786 -4.4347 -12.7174 38.3196 -0.1470 4.9876 -7.1673 -0.8527 5.8892 -16.4633 -3.2554 -1.6057 9.1735 3.0285 -2.3285 1.5152 5.2693 -1.1088 -3.3070 -19.8650 -11.7571 -12.8483 16.3296 -15.9660 19.8397 6.7522 -7.2999 11.6135 0.0000 -0.0000 0.0000 -92.4265 -37.3199 53.2765 136.7291 -49.8927 -99.0923 -0.0000 0.0000 -8.8864 17.1338 13.8899 4.2325 -7.1250 0.0000 -0.0000 -9.4843 44.2795 0.1702 0.0000 -0.0000 0.0000 68.8298 25.6594 19.9283 -149.4586 41.3529 -108.2343 0.0000 -0.0000 -7.5788 -19.3350 22.2080 -7.5546 7.1250 -0.0000 -0.0000 5.9804 -6.6900 5.2725
1.2989 17.4420 -2.1308 -3.2424 18.9019 -6.3294 0.0000 0.0000 0.0000 -18.3893 1.7973 -4.1702 4.5582 12.8683 38.8773 1.5243 -10.9017 -22.2740 0.2321 -3.1008 -8.5594 0.0000 0.0000 0.0000 14.7962 8.6467 -19.4760 -4.5243 -12.8272 38.7249 -0.1900 3.8841 -7.8048 -1.0835 6.6159 -18.5823 -3.3268 -1.6050 10.5877 2.6944 -2.3796 0.4270 5.0644 -1.0597 -5.2423 -19.6582 -11.6478 -11.6730 16.2242 -16.2032 20.8693 6.7169 -7.4602 11.7904 0.0000 0.0000 0.0000 -92.8590 -37.4928 54.7510 136.5311 -49.9960 -98.9407 -0.0000 0.0000 -9.2175 17.1205 13.0708 3.9849 -7.1250 0.0000 -0.0000 -9.3073 43.4391 0.3619 0.0000 0.0000 0.0000 68.4841 24.5040 19.7958 -148.9801 41.7517 -107.9169 0.0000 -0.0000 -5.6205 -22.4633 24.4965 -9.7281 7.1250 -0.0000 -0.0000 4.2517 -3.7957 3.9721
1.2999 17.4930 -2.0967 -2.7891 20.4185 -6.1642 0.0000 0.0000 0.0000 -18.8435 3.9757 -4.9555 4.5574 12.8673 38.8737 1.4614 -10.0000 -21.7336 0.0726 -1.7386 -4.7838 0.0000 0.0000 0.0000 14.2114 8.1892 -19.0539 -4.4670 -12.7572 38.4661 -0.2062 2.5992 -8.0722 -0.7919 5.6803 -15.8596 -3.8145 -1.9952 10.5002 2.5135 -2.9676 0.2515 5.2334 -1.3357 -5.2988 -19.6919 -11.3675 -10.5554 16.1311 -15.9704 20.8949 6.7840 -7.4258 11.5208 0.0000 -0.0000 0.0000 -93.3185 -38.5784 55.2631 136.3541 -50.0876 -98.8051 -0.0000 0.0000 -8.3556 17.1603 12.1980 3.7330 -7.1250 0.0000 -0.0000 -9.0820 42.5480 0.5544 0.0000 -0.0000 0.0000 67.7025 25.0034 19.4938 -149.1942 41.5742 -108.0592 0.0000 -0.0000 -5.4796 -22.8700 25.1602 -10.1667 7.1250 -0.0000 -0.0000 4.0786 -3.0271 3.8675
1.3124 17.5209 -2.1033 -2.7745 21.7174 -5.8318 0.0000 0.0000 0.0000 -19.1600 4.7016 -5.8107 4.6520 12.9808 39.2966 1.4281 -10.1345 -21.5037 0.0219 0.9548 2.6244 0.0000 0.0000 0.0000 13.9569 8.5334 -18.8715 -4.4280 -12.7092 38.2894 -0.2263 1.0169 -8.6847 -0.8749 5.9633 -16.6780 -3.6877 -2.2685 10.5281 2.3320 -3.3327 -0.3500 5.0461 -1.4902 -5.9263 -19.5480 -10.7779 -8.4568 16.3239 -15.5240 20.5501 7.0066 -7.3069 10.8867 -0.0000 -0.0000 0.0000 -93.6366 -38.9216 56.1038 136.0947 -50.2208 -98.6059 -0.0000 0.0000 -7.8788 17.5476 12.0337 3.7718 -7.1250 0.0000 -0.0000 -8.7042 42.4182 0.5591 -0.0000 -0.0000 0.0000 67.1363 24.7713 19.1405 -149.3769 41.4215 -108.1803 0.0000 -0.0000 -4.9785 -22.3883 23.7344 -9.4141 7.1250 -0.0000 -0.0000 4.2158 -4.6062 3.8743
1.3045 17.4718 -2.1231 -3.2546 22.6427 -5.9752 0.0000 0.0000 0.0000 -18.6031 4.7249 -6.2346 4.7544 13.1018 39.7506 1.5649 -10.6324 -22.5303 0.0008 -0.1829 -0.5025 0.0000 0.0000 0.0000 14.1182 7.5248 -19.9025 -4.7181 -13.0591 39.5903 -0.2542 1.5202 -9.1135 -0.9663 6.2586 -17.5367 -3.5506 -2.5057 10.8819 2.7773 -3.6102 -0.0209 5.4892 -1.6367 -5.7254 -20.1658 -10.6666 -8.4960 16.8404 -15.2283 19.5225 7.3250 -7.1739 10.5637 0.0000 -0.0000 0.0000 -94.4611 -40.9666 56.5077 136.1728 -50.1808 -98.6659 -0.0000 0.0000 -8.1766 17.2535 12.0337 3.7048 -7.1250 0.0000 -0.0000 -8.9650 42.3887 0.5827 0.0000 -0.0000 0.0000 65.2541 26.9391 18.1124 -149.4719 41.3417 -108.2431 0.0000 -0.0000 -4.6752 -22.6323 22.8124 -9.1823 7.1250 -0.0000 -0.0000 3.9685 -5.5304 3.5764
1.3124 17.3405 -2.1947 -3.0133 22.4356 -5.4368 0.0000 0.0000 0.0000 -18.8510 4.6171 -7.0098 4.7594 13.1076 39.7726 1.8705 -10.9667 -24.6186 0.0983 -2.0220 -5.5664 0.0000 0.0000 0.0000 13.1289 8.3713 -21.9332 -5.3167 -13.7318 42.1736 -0.2524 2.3759 -8.9645 -0.7172 5.4121 -15.0876 -3.5942 -2.2131 11.1981 2.6877 -3.2403 -0.2558 5.3957 -1.4335 -6.1990 -19.8273 -10.6184 -7.7723 16.7254 -15.2283 18.8693 7.2340 -7.1967 10.1482 -0.0000 0.0000 0.0000 -95.0859 -42.2404 57.5788 136.6387 -49.9400 -99.0231 -0.0000 0.0000 -8.7032 17.2511 12.0340 3.7043 -7.1250 0.0000 -0.0000 -8.9672 42.3888 0.5828 -0.0000 0.0000 0.0000 64.0108 28.2788 16.8051 -150.0644 40.8382 -108.6325 0.0000 -0.0000 -4.9947 -21.7940 21.7234 -8.4184 7.1250 -0.0000 -0.0000 4.3897 -6.8130 3.8495
1.3032 17.2070 -2.2442 -1.4888 21.9611 -4.9704 0.0000 0.0000 0.0000 -20.1170 6.1728 -8.1959 5.0326 13.4204 40.9632 1.8979 -11.9313 -24.8842 0.1675 -2.6369 -7.2693 0.0000 0.0000 0.0000 10.9438 8.9747 -24.3618 -6.2462 -14.6627 45.9619 -0.2415 3.8105 -8.7515 -0.5649 4.8137 -13.3780 -5.1311 -1.8421 12.0510 2.4355 -3.0019 -0.1126 6.0100 -1.2619 -6.4929 -19.8979 -10.5638 -8.4637 16.7478 -15.0050 18.8239 7.2631 -7.0606 10.2260 0.0000 0.0000 0.0000 -94.7871 -43.6298 57.0933 137.8478 -49.2945 -99.9442 -0.0000 0.0000 -9.2051 18.4329 11.6835 3.8613 -7.1250 0.0000 -0.0000 -7.8501 42.1445 0.5568 0.0000 0.0000 0.0000 63.2691 30.4366 16.6443 -150.5600 40.4086 -108.9552 0.0000 -0.0000 -6.2060 -19.4928 20.5539 -7.0842 7.1250 -0.0000 -0.0000 5.7591 -8.3787 4.8839
1.2761 17.1012 -2.2666 -0.0877 22.0906 -4.7647 0.0000 0.0000 0.0000 -21.1992 6.3992 -8.9696 5.4442 13.8672 42.7080 1.8798 -13.7986 -25.0215 0.0392 -1.2776 -3.5130 0.0000 0.0000 0.0000 8.8489 9.4940 -26.7307 -7.2641 -15.5503 49.8661 -0.2588 5.0137 -9.1775 -0.8299 5.8119 -16.2396 -6.5757 -1.7810 12.5537 2.0404 -3.1665 0.4552 6.4425 -1.3355 -6.0922 -19.7057 -10.5441 -8.8503 16.9450 -14.8678 17.9839 7.2879 -6.9505 9.9755 -0.0000 0.0000 0.0000 -94.1633 -44.8899 56.4101 139.2606 -48.5019 -101.0088 -0.0000 0.0000 -9.0173 18.2177 12.4398 4.0554 -7.1250 0.0000 -0.0000 -8.1911 42.9060 0.4263 -0.0000 0.0000 0.0000 63.5752 30.9579 16.8038 -151.5425 39.5341 -109.5864 0.0000 -0.0000 -4.8037 -21.4368 23.4275 -8.8727 7.1250 -0.0000 -0.0000 4.7737 -5.0910 4.3467
1.2655 16.9597 -2.2651 -0.2471 22.0367 -5.4735 0.0000 0.0000 0.0000 -20.7178 6.7984 -9.3506 5.9681 14.3974 44.8537 2.0069 -14.7094 -25.9488 0.0494 -1.4350 -3.9465 0.0000 0.0000 0.0000 8.4794 9.7033 -27.7795 -7.9782 -16.1032 52.4843 -0.3035 6.1277 -10.0655 -1.1133 6.7034 -18.8395 -6.3981 -1.7522 13.2088 2.1011 -3.1216 1.0077 6.4160 -1.3411 -5.8792 -19.7164 -10.3385 -8.9754 17.0641 -14.4769 17.2937 7.3778 -6.7565 9.6874 0.0000 0.0000 0.0000 -93.6152 -44.9688 55.2803 140.6074 -47.7059 -102.0114 -0.0000 0.0000 -9.3508 17.6464 11.1575 3.5225 -7.1250 0.0000 -0.0000 -8.4435 41.5243 0.7297 0.0000 0.0000 0.0000 63.9126 31.1963 17.2646 -152.3657 38.7774 -110.1062 0.0000 -0.0000 -4.0448 -22.2399 24.4078 -9.5908 7.1250 -0.0000 -0.0000 4.3791 -3.9288 4.0809
1.2647 16.8606 -2.2291 -0.0085 22.0874 -5.8734 0.0000 0.0000 0.0000 -20.8984 6.8343 -9.1028 6.1806 14.6011 45.7022 2.1321 -14.7728 -26.7002 0.0658 -1.6551 -4.5535 0.0000 0.0000 0.0000 7.7391 9.5839 -28.2622 -8.2088 -16.2707 53.3114 -0.4143 5.9214 -11.5639 -1.4992 7.7341 -21.9094 -6.5003 -1.6721 13.7937 1.9979 -3.0687 1.1428 6.3837 -1.3073 -6.0686 -19.5490 -10.0497 -8.8743 16.9524 -14.0878 17.3494 7.3825 -6.5783 9.5815 0.0000 -0.0000 0.0000 -93.7075 -43.8349 54.9967 141.7545 -46.9954 -102.8551 -0.0000 0.0000 -9.3404 17.1593 11.3989 3.4922 -7.1250 0.0000 -0.0000 -8.9189 41.7269 0.7265 0.0000 -0.0000 0.0000 64.6199 30.3954 18.1689 -153.0490 38.1324 -110.5312 0.0000 -0.0000 -3.2294 -21.8125 23.2611 -8.9817 7.1250 -0.0000 -0.0000 4.5241 -5.2009 4.1085
1.2916 16.8041 -2.1123 2.6850 23.0292 -6.1495 0.0000 0.0000 0.0000 -23.6928 6.9286 -6.7028 5.9581 14.3876 44.8132 2.1590 -14.5701 -26.8249 0.0456 -1.3781 -3.7898 0.0000 0.0000 0.0000 4.0697 8.5824 -27.6054 -7.9529 -16.0845 52.3928 -0.4363 6.1160 -11.8730 -0.9109 6.0817 -17.0217 -8.9282 -1.5440 14.5556 1.3021 -3.3691 1.5207 7.0993 -1.4174 -5.9415 -19.7339 -9.8661 -7.8450 17.1670 -13.9829 17.0098 7.5423 -6.5782 9.2810 -0.0000 -0.0000 0.0000 -94.2936 -42.1069 55.0815 142.6299 -46.4322 -103.4924 -0.0000 0.0000 -8.9256 16.7389 10.6179 3.1719 -7.1250 0.0000 -0.0000 -9.1340 40.8861 0.9355 -0.0000 -0.0000 0.0000 65.3496 29.0167 19.2377 -153.4534 37.7434 -110.7797 0.0000 -0.0000 -2.5318 -20.1460 24.0470 -8.5022 7.1250 -0.0000 -0.0000 5.6311 -4.6634 5.1802
1.2830 16.7819 -2.0048 2.2566 23.0208 -6.6108 0.0000 0.0000 0.0000 -23.0042 6.9920 -5.9745 5.9809 14.4098 44.9051 2.1992 -14.7708 -27.0908 0.0511 -1.4594 -4.0138 0.0000 0.0000 0.0000 3.8530 9.5591 -27.2522 -7.2398 -15.5305 49.7756 -0.3554 4.9428 -10.6484 -0.5711 4.8399 -13.4525 -8.7575 -1.4812 14.3839 1.5749 -3.2034 1.9639 7.2419 -1.3841 -5.3917 -19.7021 -10.0270 -8.4790 16.9177 -14.0791 17.2768 7.4093 -6.6057 9.4895 0.0000 0.0000 0.0000 -94.6758 -41.8986 54.9437 142.5509 -46.4838 -103.4351 -0.0000 0.0000 -8.8092 16.9484 9.6859 2.9351 -7.1250 0.0000 -0.0000 -8.7793 39.9465 1.1034 0.0000 0.0000 0.0000 65.6630 28.5915 19.9513 -154.2392 36.9715 -111.2566 0.0000 -0.0000 -3.1480 -20.5875 24.8276 -8.9629 7.1250 -0.0000 -0.0000 5.4349 -3.7826 5.0879
1.2441 16.7777 -1.8584 1.7379 23.1967 -6.8582 0.0000 0.0000 0.0000 -21.9909 6.9821 -5.3267 5.9475 14.3772 44.7705 2.2427 -15.0216 -27.3809 0.0742 -1.7573 -4.8354 0.0000 0.0000 0.0000 3.7515 11.4418 -26.6959 -6.5016 -14.8974 46.9629 -0.3314 4.2946 -10.2486 -0.7541 5.5463 -15.4734 -8.9273 -1.4422 14.1557 1.8894 -3.1487 1.7564 7.6671 -1.3406 -5.4712 -19.6745 -9.8426 -7.1954 16.7670 -13.9924 17.0685 7.4078 -6.6393 9.1429 -0.0000 -0.0000 0.0000 -94.6800 -40.3111 54.8123 143.0363 -46.1645 -103.7862 -0.0000 0.0000 -8.4498 16.7121 9.6447 2.8797 -7.1250 0.0000 -0.0000 -8.9759 39.8847 1.1424 -0.0000 -0.0000 0.0000 65.7358 26.8993 20.4764 -154.0870 37.1227 -111.1649 0.0000 -0.0000 -1.8816 -21.9092 26.9350 -10.3250 7.1250 -0.0000 -0.0000 4.8673 -1.3633 4.7675
1.1918 16.7577 -1.7149 1.5110 23.9838 -6.7291 0.0000 0.0000 0.0000 -21.3111 6.2098 -5.0450 6.0344 14.4616 45.1198 2.2408 -16.0786 -27.5546 0.0688 -1.6926 -4.6569 0.0000 0.0000 0.0000 3.0484 12.2192 -26.8769 -5.9571 -14.3866 44.8093 -0.1923 4.5317 -7.9426 -0.7966 5.6971 -15.9080 -8.9573 -1.5305 14.4099 1.9395 -3.3029 1.4746 7.7926 -1.3806 -5.8813 -18.7722 -10.0224 -7.9978 15.5758 -14.0881 17.9365 6.7900 -6.6728 9.4394 -0.0000 0.0000 0.0000 -94.4316 -39.7775 54.6631 143.4264 -45.9036 -104.0669 -0.0000 0.0000 -8.1884 16.5910 9.8055 2.9048 -7.1250 0.0000 -0.0000 -9.1096 40.0399 1.1246 -0.0000 0.0000 0.0000 65.8441 25.6746 20.4802 -154.2000 37.0105 -111.2330 0.0000 -0.0000 -1.9833 -22.8691 28.9743 -11.5476 7.1250 -0.0000 -0.0000 4.5633 0.9372 4.6521
1.0664 16.7860 -1.5322 -1.4393 25.2072 -7.1814 0.0000 0.0000 0.0000 -17.1533 5.6044 -5.4633 6.0859 14.5111 45.3254 2.0714 -18.0240 -27.0269 0.0633 -1.6236 -4.4667 0.0000 0.0000 0.0000 5.2628 13.7393 -27.0069 -5.5830 -14.0117 43.2845 -0.0422 2.6785 -3.8413 -0.8380 5.8396 -16.3198 -7.3437 -1.8295 14.2747 2.8746 -3.3816 1.1065 7.9086 -1.4186 -6.2228 -19.0836 -10.1789 -7.2452 15.9879 -14.4439 17.5884 6.9570 -6.8642 9.3091 -0.0000 -0.0000 0.0000 -94.8294 -39.8374 55.1735 143.7678 -45.6722 -104.3116 -0.0000 0.0000 -7.9482 15.2871 10.9044 2.9599 -7.1250 0.0000 -0.0000 -10.4561 41.0487 1.0316 -0.0000 -0.0000 0.0000 65.2730 24.8355 19.6568 -154.5528 36.6576 -111.4445 0.0000 -0.0000 -2.7704 -21.3601 28.4964 -10.5693 7.1250 -0.0000 -0.0000 5.3835 0.1409 5.4207
0.9382 16.8431 -1.2812 -2.0315 28.5240 -6.7600 0.0000 0.0000 0.0000 -15.4294 4.2823 -4.9009 5.7456 14.1772 43.9521 1.6632 -20.6179 -25.5071 0.0599 -1.5787 -4.3428 0.0000 0.0000 0.0000 4.8367 12.4512 -27.1519 -5.4047 -13.8255 42.5429 0.0104 1.9008 0.0575 -0.8681 5.9408 -16.6128 -7.6096 -2.1821 14.4922 2.8892 -3.9213 0.6155 8.2131 -1.6286 -6.7557 -18.9822 -10.8142 -7.6099 16.4313 -15.4658 18.0377 6.9255 -7.2765 9.7714 0.0000 -0.0000 0.0000 -95.1877 -40.0535 56.7043 143.8721 -45.6009 -104.3862 -0.0000 0.0000 -8.1596 15.3702 10.5363 2.8776 -7.1250 0.0000 -0.0000 -10.3078 40.6823 1.1108 0.0000 -0.0000 0.0000 64.8545 22.5453 18.6485 -155.7069 35.4727 -112.1240 0.0000 -0.0000 -1.2687 -23.1902 27.1074 -11.0455 7.1250 -0.0000 -0.0000 4.1251 -0.9334 4.0680
0.7774 16.9867 -0.9711 -2.6603 34.1128 -5.5534 0.0000 0.0000 0.0000 -13.3267 1.8086 -4.8759 5.1279 13.5264 41.3723 0.6814 -24.8570 -21.7815 0.0068 -0.5309 -1.4587 0.0000 0.0000 0.0000 4.5506 9.0908 -27.1873 -5.3268 -13.7427 42.2162 0.0172 2.5626 -0.2123 -1.3356 7.3177 -20.6602 -8.0400 -2.8021 14.1648 2.9315 -4.8128 -0.0422 8.6706 -2.0093 -7.0767 -19.2361 -11.6929 -6.9938 17.4202 -16.9433 17.4506 7.0811 -7.9361 9.8801 0.0000 -0.0000 0.0000 -96.6097 -40.7787 59.6285 143.7729 -45.6687 -104.3153 -0.0000 0.0000 -7.7731 15.0269 11.1195 2.9637 -7.1250 0.0000 -0.0000 -10.7285 41.2432 1.0070 0.0000 -0.0000 0.0000 63.1794 20.0181 15.8276 -157.4815 33.5581 -113.1297 0.0000 -0.0000 -1.1135 -16.6764 21.2466 -6.1956 7.1250 -0.0000 -0.0000 7.5980 -8.0470 6.5187
0.6170 17.2031 -0.6265 -3.1606 41.1020 -4.0736 0.0000 0.0000 0.0000 -11.4298 -1.8482 -4.7017 4.2545 12.4916 37.4942 -0.5631 -28.3101 -16.6103 0.0008 -0.1805 -0.4960 0.0000 0.0000 0.0000 4.5251 4.8254 -26.6513 -5.1423 -13.5422 41.4337 0.0178 2.7753 -0.5330 -1.8615 8.5713 -24.4633 -7.5013 -3.1617 14.6490 2.5620 -5.3145 -1.3563 8.1780 -2.1304 -8.7736 -20.1351 -13.0210 -5.1743 18.9329 -19.2529 16.4498 7.4142 -9.0647 9.9584 -0.0000 -0.0000 0.0000 -99.0346 -40.8746 64.4167 143.0947 -46.1257 -103.8282 -0.0000 0.0000 -8.0219 15.0851 10.4785 2.8064 -7.1250 0.0000 -0.0000 -10.5430 40.5989 1.1588 -0.0000 -0.0000 0.0000 59.9734 15.0010 10.5880 -159.6870 31.0176 -114.3082 0.0000 -0.0000 -0.0536 -13.8924 19.5295 -4.7266 7.1250 -0.0000 -0.0000 9.3108 -10.1157 7.6349
0.4649 17.4333 -0.3084 -2.7089 47.9792 -1.7762 0.0000 0.0000 0.0000 -10.3709 -6.0598 -4.9682 3.4438 11.3810 33.5757 -1.6797 -29.9822 -10.6492 0.0006 0.1646 0.4523 0.0000 0.0000 0.0000 3.8115 2.3993 -25.9410 -4.7985 -13.1532 39.9447 -0.0032 0.9416 -1.1183 -1.6345 8.0592 -22.8942 -6.6050 -2.8890 14.8056 1.7520 -4.9359 -2.8623 6.8158 -1.8574 -10.7611 -20.9625 -13.3406 1.5055 21.9519 -20.5713 11.5324 8.7434 -10.0723 7.8557 -0.0000 0.0000 0.0000 -101.7236 -39.9379 70.2124 143.0197 -46.1755 -103.7741 -0.0000 0.0000 -9.2573 15.6653 9.7790 2.7270 -7.1250 0.0000 -0.0000 -9.9032 39.9367 1.2501 -0.0000 0.0000 0.0000 53.6868 10.6011 2.0393 -160.1021 30.5191 -114.5206 0.0000 -0.0000 -1.5571 -9.2781 14.3243 -2.3145 7.1250 -0.0000 -0.0000 12.3708 -15.6926 8.7733
0.2727 17.6471 -0.0245 -2.0087 54.2045 -0.0009 0.0000 0.0000 0.0000 -8.9831 -10.5711 -5.7219 3.0079 10.7079 31.3010 -2.7886 -31.5596 -3.7324 0.0010 -0.2073 -0.5695 0.0000 0.0000 0.0000 3.2547 2.3453 -23.9331 -4.4281 -12.7093 38.2897 0.0289 -3.5623 -3.3193 -0.8507 5.8826 -16.4441 -4.9833 -2.6702 15.5109 1.5479 -4.3599 -2.0128 5.5569 -1.7238 -10.4336 -21.8031 -15.2489 -0.4205 23.2205 -22.7787 9.3384 8.6658 -11.0049 8.3050 -0.0000 0.0000 0.0000 -105.1859 -44.3217 74.6405 142.8462 -46.2903 -103.6489 -0.0000 0.0000 -10.7091 16.5599 8.8227 2.6113 -7.1250 0.0000 -0.0000 -8.9623 39.0285 1.3311 -0.0000 0.0000 0.0000 41.5075 12.7301 -10.3112 -152.2867 38.8510 -110.0567 0.0000 -0.0000 -3.6235 -9.7294 14.6851 -2.4889 7.1250 -0.0000 -0.0000 12.0560 -15.3078 8.6417
0.0417 17.7015 0.1885 0.6791 60.4380 2.3298 0.0000 0.0000 0.0000 -8.5372 -11.6929 -8.3648 3.1571 10.9452 32.0951 -3.4964 -32.8667 0.8122 0.2427 -3.1701 -8.7527 0.0000 0.0000 0.0000 1.5528 2.6615 -20.7977 -4.0767 -12.2617 36.6642 0.1326 -7.2154 -6.1020 -1.1616 6.8421 -19.2485 -2.1771 -2.2461 17.1979 0.4549 -3.3729 -1.1111 2.6085 -1.4476 -10.7434 -22.6051 -16.9221 0.4673 25.1701 -25.0549 6.2794 8.9566 -12.1721 8.1436 0.0000 0.0000 0.0000 -107.7649 -46.8941 78.7261 143.2432 -46.0266 -103.9353 -0.0000 0.0000 -11.6800 17.0496 7.4449 2.2756 -7.1250 0.0000 -0.0000 -8.3247 37.6442 1.5200 0.0000 0.0000 0.0000 27.2573 13.4884 -21.9764 -124.1378 55.1025 -89.0780 0.0000 0.0000 1.5575 -11.1743 16.5900 -3.2281 7.1250 -0.0000 -0.0000 11.0586 -13.3128 8.3759
-0.2075 17.6182 0.3847 2.5160 64.1892 3.0602 0.0000 0.0000 0.0000 -8.0101 -7.9573 -12.2162 3.9288 12.0651 35.9626 -2.7861 -30.8669 -2.2702 0.7859 -5.6596 -15.7998 0.0000 0.0000 0.0000 1.4152 2.7170 -18.3481 -4.2413 -12.4747 37.4327 0.0150 -6.7065 -9.1860 -2.0239 8.9157 -25.5319 1.1915 -1.8201 19.1677 -0.3082 -2.1352 -0.0170 -0.4203 -1.0619 -10.8640 -22.8077 -17.9351 1.7617 25.8803 -26.2931 3.5666 9.0146 -12.9195 7.5171 0.0000 0.0000 0.0000 -109.6027 -49.4903 80.2054 143.8087 -45.6443 -104.3409 -0.0000 0.0000 -12.6869 15.8569 9.2245 2.6071 -7.1250 0.0000 -0.0000 -9.6350 39.3863 1.3474 0.0000 0.0000 0.0000 9.5009 14.7192 -31.6722 -53.2474 54.2241 -28.7887 0.0000 0.0000 14.9622 -11.2664 19.4382 -3.7929 7.1250 -0.0000 -0.0000 11.0015 -10.4708 8.9907
-0.4274 17.5118 0.5598 2.3831 66.5256 2.5208 0.0000 0.0000 0.0000 -7.1809 -5.0779 -15.6592 4.7060 13.0449 39.5367 -1.4302 -26.2932 -7.8607 1.9191 -8.6955 -24.8475 0.0000 0.0000 0.0000 2.8661 1.3203 -18.4646 -4.5961 -12.9140 39.0474 -0.0287 -8.0726 -12.0749 -3.2282 11.0556 -32.4678 4.2460 -0.3153 20.8581 0.3555 0.7133 -0.0076 -2.2531 0.1183 -11.7168 -23.1492 -18.2047 5.0938 25.0575 -26.5815 0.4969 9.0870 -13.3974 5.9792 0.0000 0.0000 0.0000 -112.4284 -48.0839 82.5667 144.0881 -45.4524 -104.5403 -0.0000 0.0000 -14.3094 18.2702 6.9720 2.2948 -7.1250 0.0000 -0.0000 -7.2280 37.2312 1.3906 0.0000 0.0000 0.0000 -7.1725 11.2791 -32.8120 -18.1282 28.3210 -4.6099 0.0000 0.0000 16.2480 -15.8406 20.6556 -5.7156 7.1250 -0.0000 -0.0000 8.1008 -8.7538 6.8442
-0.6370 17.3586 0.7884 7.3528 68.8448 8.1079 0.0000 0.0000 0.0000 -8.0675 -5.1249 -18.2468 4.8080 13.1643 39.9865 -1.5128 -26.5106 -7.3840 1.6394 -8.0706 -22.9288 0.0000 0.0000 0.0000 1.8945 0.6271 -20.5734 -5.0963 -13.4914 41.2369 -0.3819 -8.0806 -17.3166 -1.5476 7.8522 -22.2660 5.1216 0.4186 21.6467 0.1328 1.9215 -0.1016 -3.3916 0.6037 -12.1490 -22.0647 -18.8136 5.2632 24.6512 -26.9990 -1.5158 8.8034 -13.6502 5.2202 0.0000 0.0000 0.0000 -111.1345 -47.3729 82.8265 144.9367 -44.8573 -105.1420 -0.0000 0.0000 -15.0884 18.3980 6.4842 2.1511 -7.1250 0.0000 -0.0000 -7.0565 36.7301 1.4442 0.0000 0.0000 0.0000 -7.6061 8.1316 -41.0542 -16.7427 26.5173 -3.9718 0.0000 0.0000 26.3669 -11.2869 19.4550 -3.8031 7.1250 -0.0000 -0.0000 10.9884 -10.4521 8.9838
-0.7993 17.2949 1.0847 11.0949 72.5133 12.6482 0.0000 0.0000 0.0000 -7.4496 -7.1711 -19.1436 4.5372 12.8429 38.7831 -2.0758 -27.8713 -3.8474 0.9233 -6.1216 -17.1376 0.0000 0.0000 0.0000 1.8709 -0.3024 -22.4411 -5.9113 -14.3418 44.6245 -0.5634 -7.9530 -19.2492 -1.6895 8.1869 -23.2833 3.9349 -0.5409 21.2462 0.6744 0.4072 0.1154 -1.6299 0.0107 -11.8211 -22.2630 -18.1702 5.3424 27.4782 -26.1047 -2.8050 9.9307 -13.2713 5.1433 0.0000 -0.0000 0.0000 -108.3657 -47.2949 80.6670 146.2764 -43.8789 -106.0789 -0.0000 0.0000 -12.0732 17.0069 5.8482 1.7851 -7.1250 0.0000 -0.0000 -8.1337 35.9923 1.8159 0.0000 -0.0000 0.0000 -2.0675 9.1845 -39.0003 -27.1849 38.3549 -9.6136 0.0000 0.0000 7.8451 -14.5378 19.5782 -4.9663 7.1250 -0.0000 -0.0000 8.8958 -9.9967 7.3075
-0.9500 17.2681 1.2965 13.7847 75.2764 15.9423 0.0000 0.0000 0.0000 -6.9171 -8.9719 -20.4682 4.5242 12.8271 38.7246 -1.9683 -26.8747 -3.1209 0.8657 -5.9328 -16.5895 0.0000 0.0000 0.0000 1.8424 -0.1598 -23.8177 -6.6118 -14.9961 47.3905 -0.6247 -7.3683 -19.3948 -1.5309 7.8116 -22.1434 2.9372 -1.3830 21.1127 1.9924 -0.7777 0.4528 0.7634 -0.4175 -11.3942 -22.9780 -18.2315 3.8614 26.5231 -26.0165 -2.1495 9.5605 -13.0981 5.4878 -0.0000 -0.0000 0.0000 -109.4891 -47.2163 80.7065 145.9255 -44.1399 -105.8351 -0.0000 0.0000 -12.4396 16.6382 6.0230 1.7960 -7.1250 0.0000 -0.0000 -8.4638 36.1530 1.8574 -0.0000 -0.0000 0.0000 2.4570 9.6393 -37.1681 -40.1354 48.1499 -18.5400 0.0000 0.0000 12.0476 -12.3860 18.0441 -3.8915 7.1250 -0.0000 -0.0000 10.2627 -11.7570 8.0903
-1.0676 17.2642 1.4322 15.2527 76.0818 18.0324 0.0000 0.0000 0.0000 -6.6784 -9.3549 -22.1409 4.7238 13.0658 39.6152 -1.8213 -25.5706 -2.2757 0.7394 -5.4931 -15.3206 0.0000 0.0000 0.0000 2.1467 -0.6693 -25.1008 -6.7954 -15.1571 48.0961 -0.6323 -7.2409 -19.3685 -1.9822 8.8289 -25.2614 3.0248 -1.6084 21.3708 1.9195 -1.0468 0.2815 0.7267 -0.5531 -11.7399 -22.7836 -18.2215 4.5356 26.3042 -26.0282 -2.5302 9.5474 -13.1660 5.2015 0.0000 -0.0000 0.0000 -110.6225 -47.0008 81.8934 143.8384 -45.6240 -104.3621 -0.0000 0.0000 -13.8276 18.6170 5.5572 1.8684 -7.1250 0.0000 -0.0000 -6.7602 35.7733 1.5417 0.0000 -0.0000 0.0000 8.8730 9.3036 -34.0550 -55.4197 54.9605 -30.5593 0.0000 0.0000 2.8102 -14.2027 15.5626 -3.8845 7.1250 -0.0000 -0.0000 9.0398 -14.0922 6.6516
-1.1437 17.2914 1.5182 14.1647 75.8570 17.1143 0.0000 0.0000 0.0000 -6.0550 -9.6523 -22.4459 4.7953 13.1495 39.9305 -1.7747 -24.9390 -1.5222 0.5702 -4.8359 -13.4411 0.0000 0.0000 0.0000 3.0433 -1.2640 -25.1438 -6.5118 -14.9066 47.0028 -0.6782 -7.2625 -19.8573 -1.8612 8.5708 -24.4616 2.5609 -2.2105 21.5209 2.4779 -1.8700 0.4158 1.8703 -0.8827 -11.6454 -24.0372 -17.7602 3.0482 25.0015 -25.3871 -0.5852 9.2486 -12.7093 5.8145 -0.0000 -0.0000 0.0000 -111.1087 -48.0422 79.8297 142.0469 -46.8093 -103.0686 -0.0000 0.0000 -12.5732 18.7195 6.3641 2.1511 -7.1250 0.0000 -0.0000 -6.7718 36.6232 1.4031 -0.0000 -0.0000 0.0000 15.2750 12.5792 -32.9315 -78.2450 59.4714 -49.8380 0.0000 -0.0000 -8.1536 -12.6011 15.4544 -3.4090 7.1250 -0.0000 -0.0000 10.1146 -14.3343 7.4141
-1.1639 17.3290 1.5786 11.3583 74.0221 14.0803 0.0000 0.0000 0.0000 -5.2453 -9.6219 -21.3283 4.7691 13.1189 39.8152 -1.6306 -24.2627 -2.1268 0.8210 -5.7816 -16.1519 0.0000 0.0000 0.0000 3.8235 -1.4909 -24.8347 -6.1905 -14.6104 45.7415 -0.7584 -5.9225 -19.6468 -1.6472 8.0889 -22.9846 2.6555 -1.6579 21.6884 2.1161 -1.1642 0.5082 1.1953 -0.5748 -11.6486 -24.0795 -17.7747 3.3542 24.6225 -25.5071 -0.1494 9.1314 -12.7832 5.8649 -0.0000 0.0000 0.0000 -111.6681 -48.2681 81.1056 140.7364 -47.6275 -102.1067 -0.0000 0.0000 -12.0230 18.5905 6.1769 2.0727 -7.1250 0.0000 -0.0000 -6.8566 36.4201 1.4551 -0.0000 0.0000 0.0000 23.1645 13.5252 -32.0827 -106.0093 59.0091 -73.8184 0.0000 -0.0000 -15.3390 -12.9095 18.4373 -4.1461 7.1250 -0.0000 -0.0000 9.9255 -11.3135 7.9081
-1.1326 17.3789 1.5759 4.2728 71.7400 7.3619 0.0000 0.0000 0.0000 -2.4627 -8.9214 -20.9093 4.9857 13.3677 40.7610 -1.7446 -24.4267 -0.7540 0.8508 -5.8827 -16.4444 0.0000 0.0000 0.0000 5.9021 -1.2794 -24.5101 -5.6736 -14.1044 43.6571 -0.7216 -4.3621 -18.2147 -1.8422 8.5292 -24.3335 3.0967 -1.4891 21.2592 2.6377 -0.7858 0.2143 1.4052 -0.4098 -11.7432 -24.0654 -17.1320 3.8223 23.6615 -24.6767 0.2322 9.0615 -12.4130 5.5461 -0.0000 0.0000 0.0000 -111.1792 -48.1163 80.4563 140.3516 -47.8602 -101.8219 -0.0000 0.0000 -11.0695 17.6676 6.5269 2.0735 -7.1250 0.0000 -0.0000 -7.6740 36.7320 1.5720 -0.0000 0.0000 0.0000 30.4257 16.5409 -29.2036 -128.3500 53.6397 -92.5025 0.0000 -0.0000 -21.9336 -13.9174 18.5851 -4.5156 7.1250 -0.0000 -0.0000 9.2716 -11.0648 7.4201
-1.0594 17.4305 1.5421 2.6317 68.8985 5.4227 0.0000 0.0000 0.0000 -1.9824 -7.9304 -19.1743 5.1454 13.5456 41.4469 -1.4232 -22.5433 -1.5273 1.1977 -6.9439 -19.5494 0.0000 0.0000 0.0000 6.2055 -0.8070 -23.2799 -5.1469 -13.5474 41.4536 -0.6827 -2.5548 -16.7393 -1.7969 8.4295 -24.0264 1.5048 -1.9234 20.6184 3.0734 -1.7298 0.6027 3.0454 -0.7519 -10.8774 -24.0652 -16.4667 1.0889 22.6401 -23.3415 1.8118 8.7452 -11.5769 6.0056 -0.0000 0.0000 0.0000 -108.9259 -49.3719 76.9348 140.9757 -47.4811 -102.2833 -0.0000 0.0000 -10.8859 18.0048 6.4301 2.0845 -7.1250 0.0000 -0.0000 -7.3788 36.6510 1.5254 -0.0000 0.0000 0.0000 37.4065 21.9124 -22.9842 -143.8578 45.6107 -104.3760 0.0000 -0.0000 -25.5630 -14.4060 19.9510 -5.0090 7.1250 -0.0000 -0.0000 8.9925 -9.6348 7.4555
-0.9560 17.5100 1.4845 2.1391 65.7622 4.2506 0.0000 0.0000 0.0000 -2.0796 -7.5399 -15.8652 5.1082 13.5046 41.2880 -0.5713 -16.9809 -5.1338 1.5136 -7.7694 -22.0158 0.0000 0.0000 0.0000 6.2372 0.4538 -21.7448 -4.7569 -13.1047 39.7616 -0.5841 -2.5233 -15.5731 -2.4257 9.7015 -28.0154 0.5889 -1.7966 20.4611 2.2457 -1.9018 0.2090 2.7105 -0.8181 -11.2224 -23.3190 -15.7742 1.3824 23.1508 -22.6853 3.0981 8.9766 -11.2476 6.1856 0.0000 0.0000 0.0000 -108.4847 -48.5302 78.0898 140.8145 -47.5799 -102.1644 -0.0000 0.0000 -10.3671 16.8020 7.2143 2.1716 -7.1250 0.0000 -0.0000 -8.4986 37.3904 1.6056 0.0000 0.0000 0.0000 45.8692 23.1904 -15.2020 -152.6934 38.4700 -110.3108 0.0000 -0.0000 -24.3402 -14.9639 25.5343 -6.5720 7.1250 -0.0000 -0.0000 8.9204 -3.9407 8.3905
-0.8096 17.5604 1.3692 -1.0158 62.4118 0.5811 0.0000 0.0000 0.0000 -1.0801 -6.8151 -11.9474 4.8429 13.2047 40.1395 -0.3395 -14.7956 -5.9762 1.2839 -7.1804 -20.2509 0.0000 0.0000 0.0000 7.4799 1.8845 -19.7196 -4.2451 -12.4796 37.4503 -0.5078 -2.1230 -14.4005 -2.3664 9.5909 -27.6619 0.4658 -1.9843 19.7666 2.0860 -2.2229 0.0035 2.6746 -0.9764 -11.0520 -21.1330 -15.4292 1.6658 22.0527 -22.2994 4.2956 8.4249 -11.0438 6.0000 0.0000 0.0000 0.0000 -108.3995 -47.9176 79.1066 140.1456 -47.9834 -101.6690 -0.0000 0.0000 -9.8498 16.1619 7.9693 2.3009 -7.1250 0.0000 -0.0000 -9.1577 38.1242 1.5661 0.0000 0.0000 0.0000 52.4709 24.6034 -4.9571 -158.2747 32.6652 -113.5631 0.0000 -0.0000 -22.3603 -16.7342 26.9755 -7.7663 7.1250 -0.0000 -0.0000 7.9642 -2.2240 7.7250
-0.6253 17.5465 1.2140 -2.0613 58.2642 -1.2278 0.0000 0.0000 0.0000 -1.5085 -5.1823 -7.3217 4.2162 12.4427 37.3165 -0.4277 -15.7212 -5.7071 1.7066 -8.2262 -23.4033 0.0000 0.0000 0.0000 7.5025 3.4395 -18.1340 -3.8441 -11.9500 35.5555 -0.4517 -0.3274 -12.8196 -1.5799 7.9300 -22.5018 -1.4921 -2.0071 17.9682 2.6666 -2.6435 0.5832 4.4233 -1.1085 -9.2609 -21.1656 -14.2473 1.2442 22.2212 -20.6678 4.7327 8.7589 -10.2216 5.8677 -0.0000 -0.0000 0.0000 -109.4286 -48.4900 79.2536 140.1467 -47.9827 -101.6699 -0.0000 0.0000 -10.2547 16.0973 8.0150 2.3042 -7.1250 0.0000 -0.0000 -9.2200 38.1667 1.5673 -0.0000 -0.0000 0.0000 56.9316 26.9312 4.8307 -160.9370 29.4969 -114.9382 0.0000 -0.0000 -18.8366 -16.8915 30.4724 -8.7544 7.1250 -0.0000 -0.0000 8.2075 1.3226 8.4815
-0.4433 17.4752 1.0219 -2.8067 54.3794 -2.6211 0.0000 0.0000 0.0000 -2.2971 -3.0704 -3.5382 3.6875 11.7325 34.7923 -0.0551 -15.2198 -10.0752 2.0357 -8.9401 -25.6083 0.0000 0.0000 0.0000 7.3017 4.7519 -17.3286 -3.6447 -11.6720 34.5814 -0.4142 1.5647 -11.7146 -1.4544 7.6228 -21.5741 -2.1873 -2.4052 16.9211 2.5936 -3.3260 0.4468 4.8463 -1.4297 -8.7324 -21.2201 -13.3128 0.3624 21.9095 -19.5292 7.0579 8.8070 -9.5870 6.4370 0.0000 0.0000 0.0000 -108.8223 -47.9857 78.6310 140.9856 -47.4750 -102.2906 -0.0000 0.0000 -11.0019 16.3639 8.2678 2.4178 -7.1250 0.0000 -0.0000 -9.0357 38.4445 1.4731 0.0000 0.0000 0.0000 61.0404 27.9793 12.4791 -161.9520 28.2186 -115.4281 0.0000 -0.0000 -13.3320 -17.8989 31.7245 -9.6385 7.1250 -0.0000 -0.0000 7.7745 2.7603 8.2144
-0.2639 17.3595 0.7440 -1.8321 50.7762 -2.4674 0.0000 0.0000 0.0000 -4.2500 -0.3819 -1.1822 3.4935 11.4540 33.8269 0.2786 -15.2464 -13.5233 1.4088 -7.5075 -21.2280 0.0000 0.0000 0.0000 5.5578 5.5128 -17.6370 -3.6442 -11.6713 34.5787 -0.3391 4.3977 -10.3698 -1.7723 8.3747 -23.8581 -2.9402 -2.8452 16.3898 1.9035 -4.1285 0.0636 4.6894 -1.8008 -8.7767 -21.8188 -12.3264 -1.6751 22.5354 -18.4325 10.6871 9.2490 -8.8719 7.8116 0.0000 -0.0000 0.0000 -107.7381 -47.0158 77.5420 141.8147 -46.9573 -102.8991 -0.0000 0.0000 -11.8500 15.2297 10.6692 2.8855 -7.1250 0.0000 -0.0000 -10.4570 40.8049 1.0953 0.0000 -0.0000 0.0000 63.4058 28.8226 16.5005 -161.6657 28.5831 -115.2919 0.0000 -0.0000 -12.8884 -18.2507 33.7619 -10.3850 7.1250 -0.0000 -0.0000 7.8362 4.8692 8.5506
-0.1027 17.1951 0.4358 0.2365 48.0383 -2.0882 0.0000 0.0000 0.0000 -7.3086 2.5597 -0.0823 3.5879 11.5908 34.2994 0.9791 -13.4755 -18.7540 1.7538 -8.3333 -23.7312 0.0000 0.0000 0.0000 2.7424 6.2018 -17.9816 -3.8286 -11.9287 35.4803 -0.2131 7.4246 -9.0729 -1.6781 8.1607 -23.2034 -4.4213 -3.2825 16.6162 0.9501 -5.1092 -0.3277 4.7501 -2.2078 -9.2020 -20.7374 -11.3616 -1.2927 22.2985 -17.4006 12.2355 9.2434 -8.3449 7.8460 0.0000 -0.0000 0.0000 -106.7078 -46.0672 76.3504 141.6415 -47.0667 -102.7724 -0.0000 0.0000 -11.5282 15.4983 9.3826 2.5884 -7.1250 0.0000 -0.0000 -9.9716 39.5195 1.3626 0.0000 -0.0000 0.0000 64.1856 29.0528 19.1638 -161.3174 29.0224 -115.1241 0.0000 -0.0000 -10.6789 -21.6763 29.8144 -11.1787 7.1250 -0.0000 -0.0000 5.3701 1.5567 5.5382
0.0086 17.0413 0.1477 1.1840 45.6348 -2.3323 0.0000 0.0000 0.0000 -9.1073 4.9432 0.4607 3.7053 11.7576 34.8798 1.4765 -13.5236 -22.3579 1.1783 -6.8895 -19.3884 0.0000 0.0000 0.0000 1.0037 7.7790 -18.8213 -4.1413 -12.3461 36.9674 -0.1384 8.4393 -8.3375 -1.8571 8.5619 -24.4343 -5.9256 -3.2709 16.7433 0.6753 -5.4260 -0.3897 5.3803 -2.2946 -9.2007 -20.2817 -11.0220 -1.4768 22.3213 -17.0546 13.0101 9.2524 -8.1341 8.0018 0.0000 -0.0000 0.0000 -107.6274 -45.3339 76.9000 141.7921 -46.9716 -102.8826 -0.0000 0.0000 -11.0314 16.1456 9.0612 2.6105 -7.1250 0.0000 -0.0000 -9.3583 39.2416 1.3416 0.0000 -0.0000 0.0000 63.2047 29.9167 18.3486 -160.4817 30.0576 -114.7120 0.0000 -0.0000 -8.7600 -21.9699 29.8549 -11.3552 7.1250 -0.0000 -0.0000 5.2059 1.6582 5.3764
0.1102 16.9042 -0.1389 0.9159 43.9724 -3.0035 0.0000 0.0000 0.0000 -9.9885 6.5005 0.1881 3.8217 11.9192 35.4468 2.0992 -12.1889 -26.1657 1.6334 -8.0567 -22.8864 0.0000 0.0000 0.0000 0.2928 9.6881 -19.6814 -4.4121 -12.6894 38.2167 -0.1271 7.9046 -7.9025 -1.9119 8.6800 -24.7995 -5.9715 -3.2403 16.4906 0.6926 -5.3454 0.2186 5.3499 -2.3067 -8.3923 -19.2965 -11.9375 -3.0178 21.1637 -17.9454 12.7197 8.3982 -8.4743 8.1794 -0.0000 0.0000 0.0000 -109.2504 -45.5081 78.2779 141.6642 -47.0525 -102.7890 -0.0000 0.0000 -10.8553 15.6855 8.7819 2.4549 -7.1250 0.0000 -0.0000 -9.7017 38.9213 1.4691 -0.0000 0.0000 0.0000 61.1120 30.4066 15.7468 -160.5584 29.9638 -114.7504 0.0000 -0.0000 -8.0163 -21.9087 28.5774 -10.8894 7.1250 -0.0000 -0.0000 5.0719 0.3325 5.1213
0.1861 16.8409 -0.4301 0.7595 43.4935 -3.1315 0.0000 0.0000 0.0000 -10.8746 6.3403 -0.8579 4.1346 12.3375 36.9364 2.2622 -12.6538 -27.1894 1.2963 -7.2135 -20.3495 0.0000 0.0000 0.0000 -0.4770 10.2296 -20.7114 -4.5496 -12.8579 38.8390 -0.1094 6.7922 -7.0842 -2.0353 8.9392 -25.6053 -5.8820 -3.5840 16.6515 0.7716 -5.7755 0.4185 5.4776 -2.5287 -8.2078 -19.8386 -12.2092 -4.4705 21.6505 -18.2003 12.9354 8.5382 -8.5001 8.6899 0.0000 0.0000 0.0000 -109.8758 -44.9992 78.4168 142.2163 -46.7006 -103.1920 -0.0000 0.0000 -10.9487 15.3249 9.0917 2.4794 -7.1250 0.0000 -0.0000 -10.0659 39.2097 1.4533 0.0000 0.0000 0.0000 59.8355 30.1386 13.7482 -160.6814 29.8126 -114.8117 0.0000 -0.0000 -9.3130 -20.2927 28.6859 -10.0646 7.1250 -0.0000 -0.0000 6.0326 0.1304 6.0801
0.2176 16.8466 -0.6136 1.1359 43.1398 -2.9978 0.0000 0.0000 0.0000 -11.5502 6.8027 -2.1158 4.4068 12.6829 38.1926 2.2203 -13.0687 -26.9845 1.4809 -7.6889 -21.7729 0.0000 0.0000 0.0000 -1.1404 10.4589 -21.4366 -4.6258 -12.9496 39.1802 -0.0828 5.0064 -5.7892 -0.9903 6.3337 -17.7558 -6.8372 -3.6312 16.5965 0.6694 -6.0196 0.5108 5.9395 -2.6269 -7.9595 -19.5380 -12.8283 -5.9768 20.8794 -18.9305 14.0782 8.0016 -8.7492 9.3979 0.0000 0.0000 0.0000 -109.3057 -43.7456 77.8824 142.5266 -46.4996 -103.4175 -0.0000 0.0000 -10.4557 15.0598 8.8539 2.3715 -7.1250 0.0000 -0.0000 -10.2480 38.9480 1.5471 0.0000 0.0000 0.0000 59.7687 28.6388 13.0144 -160.3607 30.2053 -114.6513 0.0000 -0.0000 -6.8825 -23.1205 30.1461 -12.1022 7.1250 -0.0000 -0.0000 4.5838 2.1998 4.7715
0.2341 16.9193 -0.7785 -1.4218 42.7132 -4.5053 0.0000 0.0000 0.0000 -9.9492 6.9229 -2.7645 4.4073 12.6835 38.1950 2.2017 -13.2485 -26.8950 1.3749 -7.4204 -20.9669 0.0000 0.0000 0.0000 1.1937 10.2951 -22.0535 -4.5552 -12.8646 38.8639 -0.0866 3.1456 -5.3450 -0.6452 5.1387 -14.3045 -5.3707 -3.6906 16.3613 1.2811 -5.7491 0.6823 5.6914 -2.5556 -7.7559 -20.3605 -12.5769 -5.0553 22.2898 -18.5859 12.1536 8.7280 -8.6528 8.7647 0.0000 0.0000 0.0000 -108.9941 -42.8563 77.5167 142.9100 -46.2481 -103.6950 -0.0000 0.0000 -10.0004 16.5863 9.0642 2.6866 -7.1250 0.0000 -0.0000 -8.9813 39.2787 1.2782 0.0000 0.0000 0.0000 59.2299 27.7974 11.1288 -160.4002 30.1572 -114.6712 0.0000 -0.0000 -6.9520 -22.0488 29.6042 -11.3144 7.1250 -0.0000 -0.0000 5.1262 1.4170 5.2723
0.2588 17.0059 -0.8928 -1.1201 42.4977 -4.0256 0.0000 0.0000 0.0000 -11.1773 5.8245 -2.3923 4.1881 12.4066 37.1859 2.2131 -11.7530 -26.8196 1.1753 -6.8810 -19.3634 0.0000 0.0000 0.0000 1.2178 9.5460 -22.3931 -4.4489 -12.7349 38.3842 -0.0992 4.4681 -5.9918 -1.4126 7.5170 -21.2565 -5.2791 -3.4681 16.2487 0.8445 -5.4846 0.3494 5.1262 -2.4147 -8.1440 -20.2917 -12.6493 -4.0847 22.4370 -18.7837 11.5370 8.7737 -8.8141 8.4405 0.0000 0.0000 0.0000 -107.8601 -41.4052 76.7062 142.9936 -46.1928 -103.7553 -0.0000 0.0000 -10.0697 16.1438 9.0784 2.6151 -7.1250 0.0000 -0.0000 -9.3629 39.2591 1.3382 0.0000 0.0000 0.0000 59.7525 25.9415 10.0393 -160.5464 29.9785 -114.7444 0.0000 -0.0000 -7.1397 -21.5998 28.5623 -10.7190 7.1250 -0.0000 -0.0000 5.2511 0.2557 5.2967
0.2413 17.1043 -0.8942 -2.1016 42.0141 -4.5842 0.0000 0.0000 0.0000 -10.7323 5.2311 -1.4268 3.8622 11.9747 35.6426 2.1488 -11.0188 -26.3800 0.9080 -6.0723 -16.9944 0.0000 0.0000 0.0000 2.9957 10.3918 -21.4983 -4.3091 -12.5607 37.7457 -0.0482 4.3071 -4.6130 -0.6229 5.0507 -14.0534 -5.2482 -3.0104 15.7903 1.0518 -4.8284 0.4321 5.1545 -2.1111 -7.8588 -20.6383 -12.8436 -4.7784 22.2020 -18.9331 11.8901 8.6774 -8.8581 8.7276 0.0000 -0.0000 0.0000 -107.3789 -40.9743 75.5214 143.0113 -46.1811 -103.7681 -0.0000 0.0000 -10.0905 14.8773 9.3647 2.4752 -7.1250 0.0000 -0.0000 -10.5002 39.4525 1.4541 0.0000 -0.0000 0.0000 59.5034 25.0440 7.7386 -160.3661 30.1988 -114.6540 0.0000 -0.0000 -8.0564 -19.9273 28.7414 -9.8888 7.1250 -0.0000 -0.0000 6.2532 0.1185 6.3038
0.2524 17.1641 -0.9164 -1.0133 42.2947 -3.6197 0.0000 0.0000 0.0000 -12.1260 4.5984 -0.7279 3.5738 11.5705 34.2292 2.1538 -9.2604 -26.3583 1.1793 -6.8924 -19.3970 0.0000 0.0000 0.0000 2.4527 9.8901 -20.6096 -3.8327 -11.9343 35.5000 -0.1123 0.4030 -6.1969 -1.0955 6.6512 -18.6860 -5.8108 -2.8474 15.2036 0.6114 -4.7169 0.4030 4.9304 -2.0581 -7.5701 -21.2628 -12.6667 -4.2936 22.3181 -18.6388 11.3753 8.8930 -8.7862 8.4784 -0.0000 0.0000 0.0000 -106.6689 -40.9439 73.7208 142.8011 -46.3199 -103.6163 -0.0000 0.0000 -9.9556 15.0329 9.6030 2.5653 -7.1250 0.0000 -0.0000 -10.4130 39.7065 1.3758 -0.0000 0.0000 0.0000 59.4245 24.4276 6.4304 -160.0846 30.5403 -114.5117 0.0000 -0.0000 -7.8698 -20.3806 28.2172 -9.9627 7.1250 -0.0000 -0.0000 5.9258 -0.3325 5.9231
0.2456 17.1760 -0.8939 -0.3870 42.8670 -3.3657 0.0000 0.0000 0.0000 -12.5997 4.4285 -0.3815 3.5101 11.4783 33.9104 2.1495 -8.9736 -26.3317 1.2139 -6.9891 -19.6831 0.0000 0.0000 0.0000 2.5506 8.1530 -20.1341 -3.5409 -11.5231 34.0651 -0.0862 -0.6096 -5.8025 -0.9605 6.2404 -17.4834 -6.1993 -2.5526 14.7424 0.0628 -4.3986 0.5202 4.4607 -1.9161 -7.2400 -21.5746 -12.6651 -3.7899 22.3155 -18.7113 11.4392 8.9598 -8.8678 8.4562 0.0000 0.0000 0.0000 -106.2831 -41.2024 72.6662 142.3140 -46.6376 -103.2631 -0.0000 0.0000 -9.5520 15.2976 9.2153 2.5081 -7.1250 0.0000 -0.0000 -10.1123 39.3335 1.4291 0.0000 0.0000 0.0000 59.3172 23.7989 4.9345 -159.7985 30.8844 -114.3656 0.0000 -0.0000 -8.4726 -19.8585 26.5779 -9.1794 7.1250 -0.0000 -0.0000 6.0550 -2.1070 5.8614
0.2095 17.1393 -0.8988 -0.4372 43.4736 -3.9992 0.0000 0.0000 0.0000 -12.3851 4.1300 -0.3168 3.7089 11.7627 34.8975 2.1797 -9.7975 -26.5251 1.0499 -6.5158 -18.2886 0.0000 0.0000 0.0000 2.6623 7.7404 -19.2538 -3.5030 -11.4680 33.8749 -0.1181 -0.1755 -6.5567 -1.4776 7.6808 -21.7486 -5.8421 -2.3315 15.3479 -0.3294 -4.0937 0.8734 3.8075 -1.7872 -7.2858 -22.5112 -12.5170 -3.7492 22.7348 -18.4293 10.9874 9.3125 -8.7682 8.3815 0.0000 -0.0000 0.0000 -105.8367 -42.1523 71.6234 141.9294 -46.8844 -102.9829 -0.0000 0.0000 -9.7619 15.3367 9.4870 2.5882 -7.1250 0.0000 -0.0000 -10.1300 39.6129 1.3611 0.0000 -0.0000 0.0000 58.7308 24.1238 3.2016 -159.0391 31.7827 -113.9707 0.0000 -0.0000 -7.7831 -20.1124 27.4603 -9.5848 7.1250 -0.0000 -0.0000 5.9983 -1.1572 5.9086
0.1719 17.0680 -0.9572 -0.9605 42.9352 -4.3476 0.0000 0.0000 0.0000 -11.9357 4.5331 -1.7972 4.1557 12.3648 37.0350 2.3489 -9.5221 -27.5565 1.1886 -6.9184 -19.4739 0.0000 0.0000 0.0000 2.7322 7.8522 -20.3154 -3.6639 -11.6992 34.6758 -0.0907 0.9866 -5.4256 -1.2628 7.1232 -20.0808 -4.9063 -1.4226 15.6546 -0.9235 -2.8337 0.1303 2.4206 -1.1711 -8.4699 -21.8004 -11.8786 0.5851 22.5379 -18.0461 9.3008 9.4329 -8.8743 6.8678 0.0000 0.0000 0.0000 -106.0951 -41.1881 72.3699 141.8812 -46.9150 -102.9477 -0.0000 0.0000 -9.8641 14.7224 9.5911 2.5068 -7.1250 0.0000 -0.0000 -10.6769 39.6696 1.4215 0.0000 0.0000 0.0000 58.7022 21.7513 1.9707 -158.7167 32.1575 -113.8000 0.0000 -0.0000 -7.3675 -20.2879 26.9747 -9.5189 7.1250 -0.0000 -0.0000 5.8403 -1.6234 5.7024
0.1429 17.0081 -1.0488 -0.8150 42.2283 -4.0656 0.0000 0.0000 0.0000 -12.1901 4.9344 -3.2929 4.5452 12.8526 38.8191 2.4945 -9.0096 -28.4309 1.3101 -7.2504 -20.4594 0.0000 0.0000 0.0000 2.4830 7.5361 -22.1294 -3.9732 -12.1247 36.1746 -0.0623 1.0102 -4.4682 -0.8845 5.9951 -16.7703 -4.7064 -1.5218 16.1110 -0.7557 -2.8972 0.9494 2.5013 -1.2331 -7.8293 -22.2343 -12.1794 -3.3823 21.8947 -17.7299 10.0619 9.0834 -8.5002 7.7169 0.0000 0.0000 0.0000 -106.6942 -44.1795 71.6165 141.1570 -47.3693 -102.4168 -0.0000 0.0000 -8.4618 15.2946 8.5978 2.3411 -7.1250 0.0000 -0.0000 -10.0015 38.7050 1.5694 0.0000 0.0000 0.0000 57.2757 25.1551 2.1488 -158.1242 32.8364 -113.4816 0.0000 -0.0000 -7.5453 -20.0263 26.2716 -9.1647 7.1250 -0.0000 -0.0000 5.9223 -2.3919 5.7008
0.1302 16.9325 -1.0666 -0.7782 40.8073 -4.4677 0.0000 0.0000 0.0000 -12.0615 5.9436 -3.4952 4.8003 13.1553 39.9525 2.6211 -8.8824 -29.1742 1.4152 -7.5238 -21.2767 0.0000 0.0000 0.0000 2.4902 9.1599 -22.2670 -4.1016 -12.2944 36.7817 -0.0814 2.1676 -5.0731 -1.7597 8.3465 -23.7715 -5.3548 -1.0951 16.2072 -0.4983 -2.4100 1.4326 3.0304 -0.9920 -7.3562 -21.7301 -12.1331 -4.2236 21.0251 -17.4311 10.3225 8.6935 -8.3210 7.7341 -0.0000 0.0000 0.0000 -107.1563 -44.8085 71.7571 141.0020 -47.4649 -102.3027 -0.0000 0.0000 -8.3805 15.1590 7.6056 2.0536 -7.1250 0.0000 -0.0000 -9.9436 37.6854 1.8120 -0.0000 0.0000 0.0000 56.8014 26.7293 2.8389 -157.6618 33.3572 -113.2291 0.0000 -0.0000 -7.2750 -19.1749 26.5095 -8.8228 7.1250 -0.0000 -0.0000 6.4584 -2.2956 6.2348
0.1649 16.9237 -1.1385 -1.1191 38.5958 -4.1964 0.0000 0.0000 0.0000 -12.0102 7.3407 -4.2813 4.8546 13.2181 40.1906 2.6715 -8.7957 -29.4676 1.2437 -7.0712 -19.9264 0.0000 0.0000 0.0000 2.7011 11.0101 -23.0120 -4.0366 -12.2090 36.4752 -0.0616 2.2865 -4.4504 -1.7099 8.2338 -23.4264 -4.7588 -0.8227 15.9240 -0.5512 -1.9497 1.1224 2.5348 -0.7801 -7.5971 -20.7281 -11.7323 -4.2502 20.5314 -16.9261 10.7831 8.4546 -8.0563 7.6213 -0.0000 -0.0000 0.0000 -106.9866 -44.1132 71.8488 141.9315 -46.8830 -102.9844 -0.0000 0.0000 -8.7061 14.5825 9.1503 2.3690 -7.1250 0.0000 -0.0000 -10.7108 39.2124 1.5482 -0.0000 -0.0000 0.0000 57.3669 28.3874 3.7157 -157.5376 33.4957 -113.1607 0.0000 -0.0000 -9.1754 -14.8458 23.3483 -5.9970 7.1250 -0.0000 -0.0000 8.8616 -6.1557 7.9583
0.2323 16.9633 -1.1908 -0.7329 36.7230 -3.6683 0.0000 0.0000 0.0000 -12.8664 8.4419 -4.2571 4.7116 13.0514 39.5612 2.7043 -7.8534 -29.7063 1.2004 -6.9514 -19.5715 0.0000 0.0000 0.0000 2.4130 12.3775 -22.9731 -3.8465 -11.9534 35.5672 -0.0337 1.0522 -3.2622 -0.5257 4.6463 -12.9024 -4.5917 -0.8643 15.7985 -0.6143 -1.9845 0.9208 2.3801 -0.7983 -7.7509 -20.3281 -11.3186 -4.4598 20.7776 -16.4435 11.2138 8.5638 -7.7793 7.6761 -0.0000 -0.0000 0.0000 -106.6486 -43.1592 71.5862 141.8297 -46.9477 -102.9101 -0.0000 0.0000 -8.5616 14.7189 8.6259 2.2563 -7.1250 0.0000 -0.0000 -10.4958 38.6914 1.6525 -0.0000 -0.0000 0.0000 59.6188 27.3096 15.2099 -159.3101 31.4646 -114.1128 0.0000 0.0000 9.0102 -32.9018 -7.3337 4.7210 7.1250 -0.0000 -0.0000 -5.2739 -38.6445 -0.8283
0.3232 17.0009 -1.2497 -0.6302 34.9276 -3.2978 0.0000 0.0000 0.0000 -13.6597 9.1159 -4.1921 4.5914 12.9084 39.0265 2.7453 -6.8138 -30.0286 1.0376 -6.4785 -18.1793 0.0000 0.0000 0.0000 2.2377 13.1038 -23.2187 -3.6160 -11.6310 34.4388 -0.0148 0.9712 -2.1661 -0.6598 5.1953 -14.4665 -4.3150 -1.1281 15.7710 -0.1920 -2.2568 0.7906 2.7370 -0.9293 -7.8494 -19.3958 -10.9280 -5.4393 19.8953 -15.7179 11.6117 8.1717 -7.3744 7.6496 -0.0000 -0.0000 0.0000 -106.6268 -42.3909 70.9593 142.0405 -46.8134 -103.0640 -0.0000 0.0000 -8.7184 14.8224 8.3946 2.2124 -7.1250 0.0000 -0.0000 -10.3658 38.4643 1.6901 -0.0000 -0.0000 0.0000 59.5842 29.8111 6.8670 -156.5133 34.6167 -112.5871 0.0000 -0.0000 -7.1330 -19.5833 27.0849 -9.2008 7.1250 -0.0000 -0.0000 6.2728 -1.6362 6.1283
0.4230 17.0077 -1.3138 -0.5089 33.1236 -2.8997 0.0000 0.0000 0.0000 -14.3911 10.0487 -4.5060 4.5644 12.8758 38.9053 2.7929 -6.0558 -30.3860 0.9941 -6.3453 -17.7897 0.0000 0.0000 0.0000 1.8839 13.7272 -23.6380 -3.4779 -11.4311 33.7480 -0.0024 1.4334 -1.2583 -0.4400 4.2562 -11.7987 -4.1245 -1.5662 15.6556 0.4469 -2.7433 0.8997 3.4107 -1.1698 -7.6055 -19.3864 -10.6125 -7.1528 19.6581 -15.0493 12.3499 8.1318 -6.9615 8.0312 -0.0000 0.0000 0.0000 -106.8479 -42.6972 70.2895 142.3437 -46.6184 -103.2846 -0.0000 0.0000 -8.7767 14.7370 9.7385 2.5476 -7.1250 0.0000 -0.0000 -10.6937 39.8200 1.3836 -0.0000 0.0000 0.0000 59.5558 31.4799 7.4840 -156.4305 34.7057 -112.5400 0.0000 -0.0000 -6.8452 -19.3568 25.9512 -8.7399 7.1250 -0.0000 -0.0000 6.2939 -2.8361 6.0117
0.5057 16.9526 -1.3627 -0.4418 31.6405 -2.5002 0.0000 0.0000 0.0000 -14.9523 10.3427 -5.1880 4.7701 13.1201 39.8199 2.9054 -5.7718 -31.0602 0.9281 -6.1371 -17.1828 0.0000 0.0000 0.0000 1.4619 14.2552 -24.4003 -3.5110 -11.4795 33.9147 0.0141 3.9333 -2.1034 -1.3937 7.4688 -21.1120 -4.0991 -2.0273 15.5821 1.2492 -3.2786 1.0456 4.3593 -1.4293 -7.3133 -18.8146 -10.0902 -8.1070 19.0584 -14.0752 12.0758 7.9316 -6.4587 7.8102 0.0000 -0.0000 0.0000 -106.9975 -43.4730 69.4169 142.3543 -46.6115 -103.2923 -0.0000 0.0000 -8.8771 15.9740 8.4703 2.4144 -7.1250 0.0000 -0.0000 -9.4015 38.6241 1.4921 0.0000 -0.0000 0.0000 59.3766 32.3844 7.7609 -155.9826 35.1827 -112.2834 0.0000 -0.0000 -6.5447 -19.5242 26.1270 -8.8751 7.1250 -0.0000 -0.0000 6.2101 -2.6273 5.9545
0.5983 16.8520 -1.4174 -0.2335 29.4860 -2.1333 0.0000 0.0000 0.0000 -15.7300 10.9775 -6.2662 5.1605 13.5623 41.5116 3.1488 -5.7785 -32.4025 0.8340 -5.8259 -16.2800 0.0000 0.0000 0.0000 0.8726 14.6433 -26.5045 -3.8851 -12.0059 35.7530 0.0606 6.0963 -2.3161 -1.6753 8.1542 -23.1835 -3.9231 -2.0047 15.7286 1.7705 -3.1786 1.1981 4.8021 -1.3838 -7.2191 -17.6087 -9.8352 -8.4694 18.1897 -13.6177 11.6809 7.4689 -6.2238 7.4925 0.0000 0.0000 0.0000 -107.0879 -43.8280 69.2145 142.6362 -46.4281 -103.4969 -0.0000 0.0000 -8.6932 17.2825 7.4584 2.3127 -7.1250 0.0000 -0.0000 -8.1300 37.6733 1.4780 0.0000 0.0000 0.0000 58.9936 33.2502 7.5932 -155.9556 35.2112 -112.2679 0.0000 -0.0000 -6.5325 -18.7085 24.8322 -8.0943 7.1250 -0.0000 -0.0000 6.5847 -4.0889 6.1399
0.6517 16.7306 -1.4280 0.4345 28.3996 -1.7258 0.0000 0.0000 0.0000 -16.6919 11.0475 -7.0063 5.5852 14.0140 43.2935 3.3771 -5.0070 -33.7372 1.0708 -6.5781 -18.4714 0.0000 0.0000 0.0000 -0.1694 14.7307 -28.6396 -4.4375 -12.7209 38.3324 0.0851 7.1428 -2.6517 -1.3251 7.2900 -20.5775 -4.8094 -2.2091 15.6881 2.3764 -3.5431 1.7684 6.0053 -1.5681 -6.4484 -16.7654 -9.3953 -8.9245 17.3934 -12.8032 10.8186 7.1401 -5.8352 7.0232 -0.0000 -0.0000 0.0000 -107.6357 -43.9476 68.9672 143.0718 -46.1409 -103.8117 -0.0000 0.0000 -8.1963 15.8706 8.6382 2.4451 -7.1250 0.0000 -0.0000 -9.5185 38.7883 1.4722 -0.0000 -0.0000 0.0000 58.7709 32.9574 7.7265 -155.9301 35.2381 -112.2532 0.0000 -0.0000 -5.3890 -19.1700 24.4511 -8.1886 7.1250 -0.0000 -0.0000 6.2683 -4.4056 5.8038
0.6707 16.5797 -1.3775 1.0180 27.5098 -1.4949 0.0000 0.0000 0.0000 -17.1929 11.3702 -7.6693 6.0482 14.4749 45.1748 3.6283 -4.8344 -35.0646 1.1779 -6.8884 -19.3851 0.0000 0.0000 0.0000 -0.9131 14.7231 -30.9524 -5.1748 -13.5780 41.5724 0.1636 8.4524 -1.7149 -0.8428 5.8558 -16.3667 -5.6457 -2.0350 16.5117 2.6873 -3.4728 1.7556 6.8660 -1.4881 -6.8538 -16.0367 -9.1637 -9.3769 16.8665 -12.4532 10.9636 6.8732 -5.6447 6.9972 -0.0000 0.0000 0.0000 -108.3601 -42.3274 69.1874 143.4037 -45.9189 -104.0506 -0.0000 0.0000 -8.5193 15.3523 8.8339 2.4143 -7.1250 0.0000 -0.0000 -9.9951 38.9495 1.5076 -0.0000 0.0000 0.0000 59.8834 29.9627 8.5097 -156.3772 34.7628 -112.5096 0.0000 -0.0000 -4.8605 -19.3374 25.3774 -8.5532 7.1250 -0.0000 -0.0000 6.2506 -3.4276 5.9015
0.6406 16.4705 -1.2637 1.0672 28.6683 -1.7225 0.0000 0.0000 0.0000 -16.4681 11.0439 -7.5640 6.3694 14.7771 46.4470 3.7796 -6.2399 -35.6142 1.0994 -6.6626 -18.7197 0.0000 0.0000 0.0000 -0.8304 13.2771 -33.1550 -6.3318 -14.7423 46.2991 0.1545 8.6430 -2.3215 -1.5053 7.7492 -21.9548 -6.6513 -2.2094 16.9430 3.2237 -3.8539 2.2129 8.1194 -1.6750 -6.4265 -15.8139 -9.1513 -9.8662 16.7351 -12.3647 10.8524 6.7852 -5.5785 7.0091 0.0000 -0.0000 0.0000 -108.8227 -40.5376 69.7727 143.9252 -45.5645 -104.4241 -0.0000 0.0000 -7.2412 15.8176 10.9456 3.0791 -7.1250 0.0000 -0.0000 -10.0025 41.1385 0.9634 0.0000 -0.0000 0.0000 61.5770 26.1466 8.9879 -157.6417 33.3796 -113.2181 0.0000 -0.0000 -6.6969 -14.6360 22.5911 -5.7288 7.1250 -0.0000 -0.0000 8.9535 -6.9453 7.9048
0.5533 16.3985 -1.0749 0.4473 30.4742 -2.1796 0.0000 0.0000 0.0000 -14.5785 10.8655 -7.3679 6.4770 14.8752 46.8674 3.7743 -6.6827 -35.5308 1.5026 -7.7425 -21.9347 0.0000 0.0000 0.0000 -0.4247 12.3132 -36.1312 -7.8990 -16.0445 52.1982 0.1683 8.0353 -0.7502 -1.7364 8.2939 -23.6104 -6.8283 -2.3789 18.1211 3.6934 -4.1223 2.5732 8.8742 -1.7951 -6.5744 -16.2294 -9.4894 -12.1533 16.8379 -12.5310 11.4158 6.7957 -5.5503 7.6590 -0.0000 0.0000 0.0000 -108.9023 -39.6707 69.8521 144.7662 -44.9784 -105.0216 -0.0000 0.0000 -6.7833 13.9504 12.0149 2.9601 -7.1250 0.0000 -0.0000 -11.8717 42.0444 0.8793 -0.0000 0.0000 0.0000 64.3780 20.7985 11.0500 -157.1888 33.8817 -112.9672 0.0000 -0.0000 -0.8462 -21.6879 26.9838 -10.2291 7.1250 -0.0000 -0.0000 5.0052 -1.3549 4.9044
0.4665 16.4037 -0.8145 1.1495 33.2864 -2.0942 0.0000 0.0000 0.0000 -13.7610 10.3203 -5.7043 6.0791 14.5046 45.2986 3.5951 -8.6950 -34.4366 1.6191 -8.0229 -22.7838 0.0000 0.0000 0.0000 -1.7222 10.4167 -38.9474 -9.5843 -17.1694 58.0898 0.1312 6.4179 2.7211 -1.6767 8.1575 -23.1935 -8.4447 -2.5298 18.0428 3.4805 -4.6266 3.0479 9.6404 -2.0747 -5.7956 -16.6665 -9.1809 -10.1513 17.9501 -12.2599 9.5718 7.3371 -5.4920 6.7869 -0.0000 -0.0000 0.0000 -108.1176 -40.0358 68.9963 143.7780 -45.6652 -104.3190 -0.0000 0.0000 -7.2409 14.0015 8.1635 2.0279 -7.1250 0.0000 -0.0000 -11.0175 38.1728 1.8794 -0.0000 -0.0000 0.0000 67.6417 14.7966 12.9837 -158.4999 32.4075 -113.6841 0.0000 0.0000 1.3503 -21.2521 26.6634 -9.8999 7.1250 -0.0000 -0.0000 5.2286 -1.7677 5.0863
0.3400 16.5053 -0.4437 0.8569 37.1463 -1.8688 0.0000 0.0000 0.0000 -11.5053 9.1930 -3.9278 5.2752 13.6871 41.9983 3.0999 -11.9205 -31.8072 1.5539 -7.8675 -22.3124 0.0000 0.0000 0.0000 -1.9612 8.8683 -40.3431 -10.6063 -17.7370 61.4964 0.0772 5.1146 3.3456 -0.7122 5.3936 -15.0345 -8.9821 -2.4822 18.3406 3.5597 -4.6882 2.8111 10.0978 -2.0583 -6.1478 -17.2844 -9.7014 -9.6849 17.8224 -12.9407 9.5731 7.3100 -5.8723 6.8626 0.0000 0.0000 0.0000 -107.9973 -39.9765 69.0409 144.4482 -45.2022 -104.7964 -0.0000 0.0000 -6.7123 10.9904 11.6015 2.2366 -7.1250 0.0000 -0.0000 -14.3449 41.3550 1.3200 0.0000 0.0000 0.0000 68.6146 8.9374 13.7319 -160.2185 30.3782 -114.5796 0.0000 0.0000 2.8216 -20.4533 26.8632 -9.5659 7.1250 -0.0000 -0.0000 5.7291 -1.7080 5.5841
0.2559 16.7098 -0.0054 1.7689 42.5738 -0.4209 0.0000 0.0000 0.0000 -10.4537 6.9731 -1.8135 4.1200 12.3184 36.8680 2.3515 -14.4390 -27.9154 1.5394 -7.8323 -22.2060 0.0000 0.0000 0.0000 -3.1678 5.1470 -39.6547 -10.1881 -17.5143 60.1152 0.0587 4.4194 0.4917 -1.8843 8.6209 -24.6163 -9.1967 -2.9444 18.6832 3.1548 -5.4162 2.3018 9.9791 -2.3466 -6.7452 -17.4710 -10.2165 -9.2141 17.1727 -13.5911 9.4769 7.0336 -6.2533 6.8297 0.0000 -0.0000 0.0000 -106.9809 -39.6274 68.3094 144.9974 -44.8140 -105.1848 -0.0000 0.0000 -7.5550 12.2859 9.7310 2.1081 -7.1250 0.0000 -0.0000 -12.7886 39.6157 1.7299 0.0000 -0.0000 0.0000 66.9812 4.9023 16.4640 -162.7272 27.2160 -115.7887 0.0000 0.0000 8.2652 -20.7388 16.9668 -6.3053 7.1250 -0.0000 -0.0000 4.7188 -11.9583 3.6514
0.1361 16.9837 0.4762 2.2020 48.3026 1.8569 0.0000 0.0000 0.0000 -8.8992 3.4030 -0.9924 3.1147 10.8785 31.8712 1.3846 -15.8715 -22.3102 1.6712 -8.1446 -23.1543 0.0000 0.0000 0.0000 -3.9830 3.1740 -37.4386 -8.3547 -16.3740 53.8304 -0.0108 -1.0220 -2.6176 -0.9338 6.1554 -17.2361 -8.5759 -3.0768 18.2643 3.0236 -5.4475 2.0294 9.4551 -2.3571 -6.8843 -18.3611 -11.2070 -7.4209 18.2020 -14.9931 7.1363 7.3776 -7.0206 6.2104 0.0000 -0.0000 0.0000 -107.7797 -40.7944 69.5155 145.6165 -44.3668 -105.6195 -0.0000 0.0000 -8.1006 12.0850 10.1835 2.1679 -7.1250 0.0000 -0.0000 -13.0613 40.0493 1.6259 0.0000 -0.0000 0.0000 62.0885 3.9968 12.1597 -164.8682 24.3294 -116.7199 0.0000 0.0000 4.9083 -15.0498 11.1964 -2.9887 7.1250 -0.0000 -0.0000 8.4730 -18.4676 5.4122
-0.0462 17.2680 0.9682 1.5558 54.4135 3.6049 0.0000 0.0000 0.0000 -5.8160 0.5828 -3.9939 2.8773 10.4937 30.5909 0.4205 -16.5520 -15.4722 3.1978 -11.0086 -32.3088 0.0000 0.0000 0.0000 -4.2913 3.7699 -33.2913 -5.9156 -14.3461 44.6421 0.2642 -9.1042 -4.1960 -0.0387 1.2704 -3.4931 -6.4103 -2.7899 18.3202 2.8545 -4.6579 1.5865 7.8917 -1.9657 -7.7660 -19.8802 -12.2973 -5.2971 20.3327 -16.6654 4.7372 8.1764 -7.9252 5.7830 0.0000 0.0000 0.0000 -107.4876 -41.2950 70.9711 145.5647 -44.4047 -105.5832 -0.0000 0.0000 -5.2083 15.2405 5.2003 1.4146 -7.1250 0.0000 -0.0000 -9.5037 35.2375 2.3052 0.0000 0.0000 0.0000 54.0744 3.2697 0.0784 -164.2204 25.2209 -116.4485 0.0000 0.0000 0.6467 -14.9223 13.0861 -3.4530 7.1250 -0.0000 -0.0000 8.5460 -16.5493 5.8235
-0.2698 17.5076 1.4757 2.2923 61.9967 5.6974 0.0000 0.0000 0.0000 -2.6526 -4.3610 -8.6338 3.3699 11.2711 33.1997 -0.8984 -19.3046 -3.6039 2.1331 -9.1381 -26.2282 0.0000 0.0000 0.0000 -5.6092 5.0156 -27.2215 -3.8678 -11.9823 35.6695 0.5408 -13.7049 -0.1048 -0.2067 2.9274 -8.0766 -3.6703 -2.9143 19.0998 2.3362 -4.2995 1.8317 5.7216 -1.8614 -8.2340 -20.4064 -13.9509 -3.3451 21.5280 -19.0156 2.0021 8.3845 -9.1950 5.3040 -0.0000 -0.0000 0.0000 -107.4286 -44.0789 72.5988 146.3754 -43.8047 -106.1474 -0.0000 0.0000 -5.9030 14.7740 6.5614 1.7261 -7.1250 0.0000 -0.0000 -10.0943 36.5993 2.1120 -0.0000 -0.0000 0.0000 42.5059 3.2598 -14.5035 -158.9102 31.9331 -113.9026 0.0000 -0.0000 -2.0816 -11.9644 15.7919 -3.3005 7.1250 -0.0000 -0.0000 10.5390 -14.0466 7.8016
-0.4523 17.5595 1.9521 -0.0992 67.9876 4.1340 0.0000 0.0000 0.0000 1.2465 -7.9870 -13.4889 4.0333 12.2046 36.4598 -0.9896 -18.8117 -0.9621 3.2322 -11.0618 -32.4885 0.0000 0.0000 0.0000 -5.2065 7.4330 -21.5003 -2.6986 -10.1904 29.5956 0.8078 -17.0729 0.9181 -0.0100 0.6463 -1.7760 1.6432 -3.2841 19.8262 2.1107 -3.6255 2.2380 2.3217 -1.6956 -8.6189 -22.6037 -14.9248 -0.9723 23.2604 -20.5975 -0.0793 9.1688 -10.1324 5.0809 0.0000 -0.0000 0.0000 -106.3097 -46.0153 71.7257 146.9122 -43.3974 -106.5176 -0.0000 0.0000 -4.9132 17.1617 3.9637 1.2229 -7.1250 0.0000 -0.0000 -7.7743 34.0491 2.1049 0.0000 -0.0000 0.0000 27.5548 1.1933 -24.5433 -144.6381 45.0688 -104.9310 0.0000 -0.0000 -1.7472 -9.6800 13.4901 -2.2787 7.1250 -0.0000 -0.0000 12.1270 -16.4930 8.3768
-0.5903 17.3309 2.3333 -2.3739 68.9592 1.8280 0.0000 0.0000 0.0000 2.9844 -5.8598 -16.0153 4.2698 12.5111 37.5647 -0.6549 -20.2009 -8.0309 5.6001 -14.0293 -43.3550 0.0000 0.0000 0.0000 -4.1945 7.6887 -20.6766 -2.8327 -10.4192 30.3453 0.3932 -11.6575 -0.2654 -1.9047 8.6647 -24.7521 5.5652 -2.3973 20.1893 2.0390 -1.5798 3.0732 -0.5413 -0.8109 -8.0498 -24.3497 -15.7218 0.3693 23.8050 -21.8940 -0.8718 9.4420 -10.8607 5.1882 0.0000 -0.0000 0.0000 -105.5934 -47.4255 69.6721 148.2281 -42.3646 -107.4132 -0.0000 0.0000 -4.3987 15.7754 4.5578 1.2860 -7.1250 0.0000 -0.0000 -8.9781 34.6045 2.3148 0.0000 -0.0000 0.0000 9.7742 2.3468 -30.0132 -91.4652 59.9919 -61.2688 0.0000 0.0000 11.1201 -7.8925 15.2169 -2.0839 7.1250 -0.0000 -0.0000 13.2681 -14.8986 9.6780
-0.7742 17.0361 2.7420 5.3195 67.7627 8.1346 0.0000 0.0000 0.0000 1.2312 -5.4220 -13.8567 4.2863 12.5320 37.6409 -0.8887 -19.4460 -3.9929 1.8987 -8.6519 -24.7123 0.0000 0.0000 0.0000 -5.8484 6.2484 -23.5847 -3.9938 -12.1521 36.2724 0.1163 -6.7229 -5.6138 -3.3738 11.2769 -33.2195 4.1124 -0.5268 22.0689 0.7569 0.5280 3.1152 -1.6870 0.2002 -8.8939 -23.7679 -15.7329 3.4569 24.8226 -22.4185 -2.0351 9.8850 -11.3388 4.5454 -0.0000 0.0000 0.0000 -105.4236 -46.2325 70.5499 149.5986 -41.2350 -108.3267 -0.0000 0.0000 -4.5593 15.2271 4.2551 1.1570 -7.1250 0.0000 -0.0000 -9.3857 34.2715 2.4991 -0.0000 0.0000 0.0000 -3.1539 3.7200 -32.3776 -38.9375 47.4276 -17.6527 0.0000 0.0000 21.6459 -8.2613 19.4180 -2.7636 7.1250 -0.0000 -0.0000 12.9298 -10.7528 10.5702
-0.9644 16.7973 3.1662 9.4808 68.4736 12.3836 0.0000 0.0000 0.0000 0.7956 -4.5520 -15.1199 4.6510 12.9797 39.2925 -0.5698 -17.8282 -6.2510 2.2116 -9.2935 -26.7178 0.0000 0.0000 0.0000 -6.0928 6.5386 -26.8204 -5.3412 -13.7581 42.2769 -0.1088 -6.7287 -11.9002 -2.6496 10.1049 -29.3172 3.7786 -0.1220 23.6480 0.4651 1.0351 3.1328 -1.9892 0.4348 -9.6875 -25.0247 -16.3329 3.1878 27.0725 -23.0931 -4.0958 10.6464 -11.6881 4.6589 -0.0000 -0.0000 0.0000 -105.1929 -44.9852 71.0774 151.5618 -39.5165 -109.5987 -0.0000 0.0000 -4.3514 14.2778 3.8159 0.9703 -7.1250 0.0000 -0.0000 -10.0976 33.7862 2.8142 -0.0000 -0.0000 0.0000 -1.6340 2.8816 -35.9669 -44.4258 50.4841 -21.7949 0.0000 0.0000 14.5405 -9.5550 18.4180 -3.0443 7.1250 -0.0000 -0.0000 12.1057 -11.6317 9.6394
-1.0920 16.6500 3.5385 6.7602 70.7637 12.3067 0.0000 0.0000 0.0000 3.6833 -6.1044 -18.6287 4.8918 13.2609 40.3530 -0.3270 -16.6101 -8.0488 2.3405 -9.5420 -27.5059 0.0000 0.0000 0.0000 -4.9585 5.8782 -31.8245 -6.6810 -15.0573 47.6573 -0.3194 -3.4346 -12.5033 -1.9864 8.8377 -25.2891 4.5328 -0.6821 22.5713 1.3032 0.5261 2.4581 -1.3265 0.1615 -9.9001 -21.7597 -16.4442 3.8096 26.1973 -22.6901 -6.8848 10.1522 -11.6067 3.1307 -0.0000 0.0000 0.0000 -106.0034 -43.0532 72.3008 152.3550 -38.7873 -110.0995 -0.0000 0.0000 -3.8484 13.8830 3.5836 0.8851 -7.1250 0.0000 -0.0000 -10.3851 33.5359 2.9605 -0.0000 0.0000 0.0000 5.1403 4.9149 -36.7712 -66.6153 57.8294 -39.8958 0.0000 0.0000 9.6103 -7.8436 15.5254 -2.1117 7.1250 -0.0000 -0.0000 13.2896 -14.5991 9.7822
-1.1983 16.5845 3.8216 6.7061 71.6881 13.2054 0.0000 0.0000 0.0000 4.9438 -7.0594 -19.2686 4.7187 13.0599 39.5930 -0.2429 -15.8183 -8.3401 2.4296 -9.7088 -28.0388 0.0000 0.0000 0.0000 -4.6096 5.7855 -34.1961 -7.4798 -15.7229 50.6664 -0.4055 -1.5158 -12.6759 -1.4935 7.7200 -21.8668 3.9424 -1.5861 22.6727 1.5852 -0.7554 2.4415 -0.2836 -0.4094 -10.0298 -21.3538 -16.0306 3.1384 27.0161 -21.9589 -7.0946 10.4413 -11.2327 3.0944 -0.0000 0.0000 0.0000 -105.6332 -43.0884 71.3692 151.6859 -39.4038 -109.6776 -0.0000 0.0000 -5.7510 14.6053 3.3838 0.8812 -7.1250 0.0000 -0.0000 -9.7764 33.3592 2.8249 -0.0000 0.0000 0.0000 14.6658 7.6335 -32.5809 -91.1489 59.9950 -60.9949 0.0000 0.0000 7.3508 -11.2872 16.2415 -3.1951 7.1250 -0.0000 -0.0000 10.9865 -13.6510 8.2393
-1.2608 16.5990 3.9703 5.8451 70.8241 12.6069 0.0000 0.0000 0.0000 5.4936 -6.6357 -18.2755 4.3437 12.6042 37.9044 -0.2204 -15.3067 -8.1565 2.3261 -9.5146 -27.4188 0.0000 0.0000 0.0000 -3.5867 5.0400 -35.4913 -7.5904 -15.8096 51.0735 -0.4322 -0.6926 -12.6881 -1.3668 7.3993 -20.9040 3.1946 -1.7744 23.2618 2.1174 -1.0872 2.6364 0.8442 -0.5139 -10.1149 -22.1104 -15.8928 2.5785 27.4007 -21.7386 -7.0235 10.6555 -11.0816 3.3023 0.0000 -0.0000 0.0000 -106.5564 -43.6466 71.1032 150.1106 -40.7984 -108.6627 -0.0000 0.0000 -4.7683 15.1670 3.6827 0.9975 -7.1250 0.0000 -0.0000 -9.3607 33.6844 2.6273 0.0000 -0.0000 0.0000 22.8048 10.0659 -27.2095 -110.1457 58.4096 -77.3535 0.0000 0.0000 1.6159 -11.7409 17.2914 -3.5349 7.1250 -0.0000 -0.0000 10.6824 -12.5668 8.2502
-1.2595 16.6613 4.0127 4.8833 68.6551 12.5872 0.0000 0.0000 0.0000 5.5230 -6.5781 -17.0131 3.9676 12.1172 36.1479 -0.0995 -13.9845 -8.5824 2.1112 -9.0939 -26.0896 0.0000 0.0000 0.0000 -3.2873 5.2963 -36.5264 -7.1913 -15.4909 49.5943 -0.3874 0.9268 -11.4693 -1.6922 8.1932 -23.3024 2.7855 -1.6021 23.0779 1.9886 -1.0043 2.2436 0.9156 -0.4758 -10.4512 -21.4540 -16.2687 2.1912 26.3500 -22.2453 -6.3425 10.0727 -11.2839 3.4392 0.0000 -0.0000 0.0000 -105.7341 -43.5497 70.4750 148.7837 -41.9134 -107.7860 -0.0000 0.0000 -4.2359 14.8789 3.9406 1.0460 -7.1250 0.0000 -0.0000 -9.6273 33.9365 2.6443 0.0000 -0.0000 0.0000 31.1871 11.8083 -21.0635 -124.5990 54.9544 -89.4559 0.0000 -0.0000 -3.5213 -12.1827 16.9256 -3.5964 7.1250 -0.0000 -0.0000 10.3907 -12.8945 7.9447
-1.2227 16.7488 3.9572 5.6365 65.7104 13.6350 0.0000 0.0000 0.0000 4.1284 -6.5718 -15.0524 3.6575 11.6901 34.6444 0.0548 -12.4387 -9.4434 2.4325 -9.7142 -28.0561 0.0000 0.0000 0.0000 -3.9323 5.3210 -37.0574 -6.6882 -15.0636 47.6851 -0.2782 2.5694 -9.4054 -2.0242 8.9163 -25.5339 2.1510 -0.9618 23.1978 1.4953 -0.3985 2.0003 0.5466 -0.1891 -10.7837 -21.5772 -16.2415 2.0288 26.0250 -22.2075 -6.1463 9.9739 -11.2430 3.4768 -0.0000 0.0000 0.0000 -105.7534 -43.2595 71.5162 147.9893 -42.5557 -107.2519 -0.0000 0.0000 -3.7284 15.4251 3.4581 0.9535 -7.1250 0.0000 -0.0000 -9.1241 33.4641 2.6086 -0.0000 0.0000 0.0000 40.5496 11.4098 -15.6040 -137.3395 49.5695 -99.5580 0.0000 -0.0000 -7.5574 -14.3193 18.0128 -4.5131 7.1250 -0.0000 -0.0000 8.9967 -11.6020 7.0937
-1.1490 16.8456 3.8836 5.0213 63.6873 13.0988 0.0000 0.0000 0.0000 3.4529 -6.3644 -13.5250 3.4354 11.3685 33.5331 0.1419 -11.2243 -9.8289 2.9478 -10.6101 -30.9759 0.0000 0.0000 0.0000 -3.9348 5.6641 -36.6112 -6.1417 -14.5643 45.5479 -0.1716 3.1157 -7.3689 -2.3499 9.5598 -27.5625 0.9673 -1.0446 22.3524 1.8694 -0.7938 2.1318 1.7451 -0.3146 -10.1557 -21.9897 -15.9231 0.6940 25.3296 -21.6748 -5.0904 9.7660 -10.8568 3.8189 -0.0000 -0.0000 0.0000 -104.8511 -43.6835 70.1868 147.5901 -42.8715 -106.9811 -0.0000 0.0000 -3.2948 16.3686 3.5558 1.0436 -7.1250 0.0000 -0.0000 -8.3721 33.5980 2.3621 -0.0000 -0.0000 0.0000 48.3583 12.3510 -9.7913 -146.1337 43.9854 -105.9799 0.0000 -0.0000 -10.3114 -15.8178 19.6323 -5.4374 7.1250 -0.0000 -0.0000 8.0716 -9.7969 6.6485
-1.0586 16.9100 3.7599 4.4522 61.9362 11.9812 0.0000 0.0000 0.0000 2.9596 -6.1425 -11.5392 3.3190 11.1943 32.9381 0.0475 -12.1489 -9.1608 2.2932 -9.4517 -27.2189 0.0000 0.0000 0.0000 -3.9888 6.1643 -35.5841 -5.7487 -14.1803 43.9644 -0.1127 3.2285 -6.0392 -2.8641 10.4718 -30.5184 0.0476 -0.9526 21.7646 1.9267 -0.9087 2.2316 2.3534 -0.3362 -9.7057 -21.8742 -15.5788 0.2339 25.2611 -21.1897 -4.5444 9.7722 -10.5781 3.9196 -0.0000 0.0000 0.0000 -104.9411 -44.0894 70.8015 146.5459 -43.6762 -106.2653 -0.0000 0.0000 -3.2070 16.7327 3.0371 0.9126 -7.1250 0.0000 -0.0000 -8.0198 33.0752 2.3634 -0.0000 0.0000 0.0000 53.6880 13.3279 -6.3608 -150.9785 40.0398 -109.2255 0.0000 -0.0000 -13.0648 -17.1957 21.3058 -6.4156 7.1250 -0.0000 -0.0000 7.2715 -7.9185 6.2523
-0.9388 16.9233 3.6087 2.6892 60.6914 9.3479 0.0000 0.0000 0.0000 2.9885 -5.2081 -9.9819 3.3603 11.2567 33.1504 0.0460 -13.3253 -9.9171 2.2406 -9.3502 -26.8970 0.0000 0.0000 0.0000 -3.4565 6.5051 -33.9804 -5.4038 -13.8246 42.5393 -0.0794 3.7486 -5.2891 -2.9638 10.6362 -31.0624 -0.1353 -1.3667 21.5663 1.9434 -1.5070 1.8421 2.6584 -0.6120 -10.0029 -20.9683 -15.4709 0.4985 24.5263 -21.2098 -3.4064 9.4089 -10.5875 4.0031 -0.0000 0.0000 0.0000 -104.1079 -43.7790 70.4594 145.5039 -44.4490 -105.5406 -0.0000 0.0000 -2.5910 15.9822 3.6835 1.0542 -7.1250 0.0000 -0.0000 -8.7005 33.7155 2.4315 -0.0000 0.0000 0.0000 58.2651 13.8262 -3.5066 -154.3136 36.8974 -111.3013 0.0000 -0.0000 -15.9631 -16.6924 24.8455 -7.1813 7.1250 -0.0000 -0.0000 7.8193 -4.3856 7.2678
-0.8004 16.8722 3.4464 0.6589 59.4377 5.9166 0.0000 0.0000 0.0000 3.0762 -3.8397 -7.8827 3.4323 11.3640 33.5175 0.2463 -13.5362 -12.2809 2.5434 -9.9164 -28.7064 0.0000 0.0000 0.0000 -2.8216 7.4994 -31.8209 -5.2403 -13.6495 41.8510 -0.0781 3.4205 -5.1688 -1.9452 8.7510 -25.0195 -1.3596 -1.6337 20.4140 2.5882 -2.0845 2.0994 4.1775 -0.8459 -8.9916 -20.9912 -14.8643 0.4549 23.9236 -20.4947 -2.2750 9.3284 -10.2105 4.0979 0.0000 -0.0000 0.0000 -104.5085 -44.3526 70.3091 145.0391 -44.7842 -105.2142 -0.0000 0.0000 -3.2305 15.8157 3.9004 1.1039 -7.1250 0.0000 -0.0000 -8.8620 33.9318 2.4306 0.0000 -0.0000 0.0000 60.6220 15.4259 -0.7029 -157.0157 34.0716 -112.8705 0.0000 -0.0000 -16.5454 -18.7352 25.5471 -8.3214 7.1250 -0.0000 -0.0000 6.6323 -3.3531 6.2758
-0.6405 16.7431 3.2126 -1.0065 58.0842 2.3887 0.0000 0.0000 0.0000 2.8383 -2.2690 -5.5268 3.6264 11.6459 34.4906 0.5532 -14.1198 -15.4765 2.2803 -9.4270 -27.1404 0.0000 0.0000 0.0000 -2.4011 7.7945 -29.7387 -5.1722 -13.5752 41.5616 -0.0688 3.8108 -5.0155 -2.3990 9.6520 -27.8570 -1.9913 -2.0895 19.5546 2.7082 -2.8157 2.2630 4.8110 -1.1974 -8.2473 -21.2785 -14.2313 0.4514 23.5422 -19.8520 -0.5491 9.3358 -9.8648 4.4362 0.0000 -0.0000 0.0000 -104.6072 -44.1970 70.6383 143.9955 -45.5162 -104.4743 -0.0000 0.0000 -3.7465 14.5927 5.3921 1.4015 -7.1250 0.0000 -0.0000 -10.0640 35.4012 2.4039 0.0000 -0.0000 0.0000 61.8227 17.5573 1.0827 -158.4008 32.5211 -113.6310 0.0000 -0.0000 -17.8573 -19.1529 27.5033 -9.1121 7.1250 -0.0000 -0.0000 6.5730 -1.2847 6.4670
-0.4437 16.5715 2.9386 -2.2978 56.4153 -1.0488 0.0000 0.0000 0.0000 2.3399 0.4864 -3.5545 4.0192 12.1858 36.3926 1.1981 -13.4748 -20.3945 2.6818 -10.1611 -29.5001 0.0000 0.0000 0.0000 -2.3512 8.0616 -27.3188 -5.0131 -13.3986 40.8794 -0.0656 5.0201 -5.3813 -2.5870 9.9944 -28.9585 -2.2732 -2.3124 18.8079 2.6833 -3.1744 2.3495 4.9842 -1.3846 -7.6986 -21.0680 -14.1508 0.4448 22.7484 -20.0115 1.7081 8.9909 -9.9068 5.0106 -0.0000 0.0000 0.0000 -105.5930 -43.8594 71.9198 143.1092 -46.1160 -103.8387 -0.0000 0.0000 -4.2574 14.4733 5.6339 1.4516 -7.1250 0.0000 -0.0000 -10.1985 35.6408 2.3764 -0.0000 0.0000 0.0000 62.1409 18.7340 2.4559 -159.8527 30.8194 -114.3934 0.0000 -0.0000 -16.5774 -20.0190 29.4410 -10.1532 7.1250 -0.0000 -0.0000 6.2829 0.8491 6.4138
-0.2895 16.3992 2.6029 -3.4084 54.8503 -3.9670 0.0000 0.0000 0.0000 2.1246 3.1575 -2.6700 4.5227 12.8252 38.7177 1.8276 -13.5348 -24.6521 2.7968 -10.3586 -30.1461 0.0000 0.0000 0.0000 -2.4667 8.7231 -25.7462 -4.9700 -13.3500 40.6930 -0.0594 5.2131 -5.3120 -2.8684 10.4789 -30.5418 -2.7177 -2.9094 18.3366 2.5698 -4.0640 2.3916 5.2885 -1.8232 -7.2853 -21.2108 -13.7435 -0.6386 22.7429 -19.6985 4.5939 8.9747 -9.6346 6.0026 -0.0000 -0.0000 0.0000 -105.1465 -43.0873 71.6538 143.4625 -45.8793 -104.0929 -0.0000 0.0000 -6.4034 13.9656 5.8804 1.4595 -7.1250 0.0000 -0.0000 -10.6554 35.8640 2.4270 -0.0000 -0.0000 0.0000 63.8066 19.4273 5.8895 -161.5885 28.6809 -115.2549 0.0000 -0.0000 -13.7660 -19.1767 31.0849 -10.1796 7.1250 -0.0000 -0.0000 6.9702 2.3565 7.3043
-0.1204 16.2776 2.1611 -3.4674 54.1253 -5.2875 0.0000 0.0000 0.0000 1.1069 4.5364 -2.8689 5.0818 13.4753 41.1748 2.1706 -15.3858 -27.0285 2.4317 -9.7127 -28.0511 0.0000 0.0000 0.0000 -3.6755 8.3140 -24.5387 -4.6940 -13.0306 39.4832 -0.0414 4.7017 -4.5991 -3.3304 11.2116 -32.9967 -2.8367 -3.4171 17.7225 2.2589 -4.7876 2.1981 5.1439 -2.1852 -7.1025 -19.7519 -13.6359 -0.8553 21.7191 -19.6535 6.0658 8.4078 -9.5616 6.1966 0.0000 -0.0000 0.0000 -106.3854 -42.1355 73.5851 144.1023 -45.4426 -104.5505 -0.0000 0.0000 -9.8902 12.5038 8.7822 1.9392 -7.1250 0.0000 -0.0000 -12.4025 38.6869 1.9644 0.0000 -0.0000 0.0000 63.6971 19.5146 6.4485 -162.4348 27.5969 -115.6540 0.0000 -0.0000 -14.1208 -19.3589 31.7735 -10.4817 7.1250 -0.0000 -0.0000 6.9544 3.0874 7.3723
-0.0180 16.1902 1.7468 -4.3236 52.9015 -7.0085 0.0000 0.0000 0.0000 1.1789 6.0021 -3.2891 5.5054 13.9313 42.9627 2.3711 -17.8463 -28.6301 2.3499 -9.5597 -27.5622 0.0000 0.0000 0.0000 -3.9615 9.9102 -23.3694 -4.3946 -12.6678 38.1372 -0.0123 2.9205 -2.6851 -3.4160 11.3399 -33.4349 -3.4717 -3.9076 17.4281 2.6064 -5.5223 2.4035 5.9937 -2.5504 -6.5467 -19.8488 -12.9202 -0.5671 22.8447 -18.7073 5.2390 8.9931 -9.1141 5.8329 0.0000 -0.0000 0.0000 -106.5170 -41.2019 73.5263 144.7032 -45.0229 -104.9771 -0.0000 0.0000 -10.4170 11.1516 9.8318 1.9279 -7.1250 0.0000 -0.0000 -13.7766 39.6253 1.8660 0.0000 -0.0000 0.0000 63.1048 20.5812 7.6689 -162.2203 27.8742 -115.5542 0.0000 -0.0000 -12.2869 -23.5185 35.1959 -14.0813 7.1250 -0.0000 -0.0000 5.1807 7.4513 5.8312
0.0684 16.1663 1.2728 -3.5413 51.5879 -6.8296 0.0000 0.0000 0.0000 -0.4125 7.9281 -4.3245 5.8654 14.2966 44.4389 2.5270 -18.9051 -29.6899 2.1119 -9.0955 -26.0944 0.0000 0.0000 0.0000 -5.5733 11.1467 -23.2601 -4.0413 -12.2151 36.4974 0.0008 0.5994 0.5457 -3.1594 10.9487 -32.1072 -4.1410 -3.9403 17.3114 2.4928 -5.7041 2.3561 6.2774 -2.6308 -6.4577 -19.7896 -12.8630 -1.3017 23.5650 -18.6560 5.5323 9.1951 -9.0126 6.1191 -0.0000 0.0000 0.0000 -106.7448 -40.2869 73.9117 145.0401 -44.7835 -105.2149 -0.0000 0.0000 -11.4228 10.7309 10.7039 2.0159 -7.1250 0.0000 -0.0000 -14.3426 40.4496 1.6479 -0.0000 0.0000 0.0000 63.6613 19.5016 8.2968 -162.4768 27.5424 -115.6735 0.0000 -0.0000 -10.8644 -23.8465 34.8667 -14.1812 7.1250 -0.0000 -0.0000 4.9441 7.1957 5.5440
0.1317 16.2254 0.8303 -2.1989 50.7501 -6.1435 0.0000 0.0000 0.0000 -2.8346 8.3149 -4.9708 6.0929 14.5178 45.3534 2.4121 -19.5912 -29.2565 1.6577 -8.1135 -23.0593 0.0000 0.0000 0.0000 -7.1542 11.1247 -23.7311 -3.7709 -11.8491 35.2002 -0.0727 -2.1202 4.7983 -2.3886 9.6324 -27.7944 -4.9915 -3.9590 17.4822 2.3184 -5.9120 2.3243 6.6292 -2.7130 -6.4891 -20.0172 -12.9694 -1.7107 24.0715 -18.7579 5.2515 9.3599 -9.0326 6.2154 0.0000 -0.0000 0.0000 -106.6525 -39.1813 73.9221 144.9735 -44.8310 -105.1680 -0.0000 0.0000 -11.6518 10.9716 8.9351 1.7247 -7.1250 0.0000 -0.0000 -13.7274 38.7261 2.1699 0.0000 -0.0000 0.0000 64.2076 18.1811 8.4897 -162.6336 27.3383 -115.7457 0.0000 -0.0000 -9.6444 -23.0016 34.2745 -13.4451 7.1250 -0.0000 -0.0000 5.3014 6.3958 5.8829
0.1887 16.3313 0.4820 -2.4247 49.9465 -6.6116 0.0000 0.0000 0.0000 -4.1081 8.5199 -5.1385 6.0851 14.5103 45.3224 2.4606 -18.9241 -29.3486 1.5492 -7.8561 -22.2780 0.0000 0.0000 0.0000 -6.5841 9.4338 -24.9476 -3.7533 -11.8246 35.1144 -0.1544 -3.8930 7.0884 -1.2362 7.0506 -19.8654 -4.7734 -4.0265 17.4849 2.5077 -5.9414 2.4386 6.7092 -2.7391 -6.3639 -20.4992 -13.3778 -3.3810 23.8443 -19.0849 5.6231 9.1817 -9.0837 6.7216 0.0000 -0.0000 0.0000 -106.6802 -38.4982 73.4536 145.1006 -44.7402 -105.2575 -0.0000 0.0000 -11.9381 10.8104 9.1106 1.7318 -7.1250 0.0000 -0.0000 -13.9019 38.8873 2.1423 0.0000 -0.0000 0.0000 64.4322 17.0638 8.8424 -162.2318 27.8593 -115.5596 0.0000 -0.0000 -7.7137 -23.4295 34.6129 -13.8287 7.1250 -0.0000 -0.0000 5.1260 6.8390 5.7216
0.2015 16.4682 0.2379 -3.0769 49.0124 -7.2389 0.0000 0.0000 0.0000 -4.8776 8.1672 -4.6419 5.8251 14.2566 44.2755 2.4434 -17.6705 -28.9814 1.3339 -7.3132 -20.6467 0.0000 0.0000 0.0000 -4.7130 7.3329 -26.7832 -4.2562 -12.4938 37.5018 -0.0386 -0.7599 3.5218 -1.5026 7.7425 -21.9347 -4.9740 -3.7657 17.2806 2.7986 -5.6134 2.3101 7.0616 -2.5706 -6.3882 -20.6578 -13.2724 -2.9518 23.9679 -18.9224 5.0754 9.3043 -9.0480 6.4724 -0.0000 0.0000 0.0000 -106.7859 -37.4706 73.5598 144.8241 -44.9373 -105.0626 -0.0000 0.0000 -11.2521 10.5821 9.4149 1.7504 -7.1250 0.0000 -0.0000 -14.1635 39.1697 2.0837 -0.0000 0.0000 0.0000 64.6605 15.6852 8.5873 -161.6288 28.6299 -115.2742 0.0000 -0.0000 -6.0446 -24.9568 36.6727 -15.5334 7.1250 -0.0000 -0.0000 4.6895 9.3002 5.4024
0.2153 16.6333 0.0269 -1.9871 48.6944 -6.5145 0.0000 0.0000 0.0000 -7.0773 7.3132 -3.4855 5.2989 13.7127 42.0984 2.3812 -16.0072 -28.3256 1.1714 -6.8699 -19.3304 0.0000 0.0000 0.0000 -3.7853 4.8222 -28.6188 -5.0837 -13.4774 41.1829 0.0137 2.4870 2.3678 -1.1689 6.8628 -19.3096 -5.6652 -3.8250 17.3694 2.8495 -5.8186 2.4032 7.5513 -2.6658 -6.2279 -21.4266 -13.5961 -5.6834 23.5286 -19.0499 6.5761 9.0821 -8.9219 7.4715 0.0000 0.0000 0.0000 -106.3246 -37.5332 72.6196 145.2569 -44.6279 -105.3674 -0.0000 0.0000 -11.3882 10.1542 10.3203 1.8378 -7.1250 0.0000 -0.0000 -14.7407 40.0244 1.8544 0.0000 0.0000 0.0000 63.8842 16.3251 8.3965 -160.9482 29.4830 -114.9437 0.0000 -0.0000 -6.5371 -26.0456 34.7356 -15.5608 7.1250 -0.0000 -0.0000 3.7270 7.6075 4.1959
0.2139 16.8102 -0.0920 -1.9910 48.5743 -6.3013 0.0000 0.0000 0.0000 -8.1202 6.5807 -2.4722 4.6908 13.0269 39.4694 2.2900 -13.7251 -27.4694 1.1865 -6.9125 -19.4564 0.0000 0.0000 0.0000 -1.4939 2.3198 -30.1978 -6.1506 -14.5727 45.5833 0.0316 3.6474 -0.6217 -1.8726 8.5955 -24.5381 -5.8766 -3.6207 16.9008 2.5897 -5.6207 1.6715 7.3541 -2.5229 -6.8064 -21.1137 -13.2915 -3.9840 23.3767 -18.9349 6.6212 9.1130 -8.9790 7.1032 0.0000 -0.0000 0.0000 -105.5052 -35.8657 72.7065 145.3643 -44.5502 -105.4428 -0.0000 0.0000 -10.7680 9.9525 10.1668 1.7741 -7.1250 0.0000 -0.0000 -14.8746 39.8576 1.9349 0.0000 -0.0000 0.0000 63.8155 15.2213 7.3572 -159.9962 30.6469 -114.4667 0.0000 -0.0000 -6.7959 -20.3262 30.4093 -10.6198 7.1250 -0.0000 -0.0000 6.2265 1.8943 6.4667
0.2029 16.9659 -0.1441 -2.3335 48.9365 -6.2808 0.0000 0.0000 0.0000 -8.5006 5.7644 -1.6492 4.1792 12.3951 37.1444 2.1481 -12.3523 -26.4790 1.1772 -6.8865 -19.3795 0.0000 0.0000 0.0000 1.0913 -0.0598 -31.0262 -7.1064 -15.4209 49.2758 0.0040 3.4951 -2.2518 -1.5940 7.9636 -22.6036 -5.7720 -3.7391 16.5967 2.0214 -5.8427 0.4898 6.7731 -2.5574 -7.9643 -20.1504 -12.6569 -1.2885 23.1641 -18.5503 6.8337 9.1447 -8.9511 6.4735 0.0000 -0.0000 0.0000 -103.8241 -33.6587 72.3296 145.6635 -44.3325 -105.6523 -0.0000 0.0000 -10.2872 11.1480 10.5222 2.0610 -7.1250 0.0000 -0.0000 -13.9417 40.3060 1.6501 0.0000 -0.0000 0.0000 64.6921 13.6914 7.3731 -158.7606 32.1067 -113.8233 0.0000 -0.0000 -6.6261 -20.1851 29.3988 -10.2298 7.1250 -0.0000 -0.0000 6.1813 0.8377 6.3077
0.1862 17.0904 -0.1569 -3.1029 49.4730 -6.1418 0.0000 0.0000 0.0000 -8.0927 5.3556 -1.6631 3.8232 11.9214 35.4545 1.9337 -12.6752 -25.1959 0.9343 -6.1571 -17.2409 0.0000 0.0000 0.0000 3.8880 -1.6693 -31.3975 -7.7085 -15.9006 51.5056 0.0260 5.4220 -2.9316 -2.5868 9.9941 -28.9575 -5.4724 -3.5609 15.2631 2.3293 -5.4522 0.7712 6.7113 -2.4359 -6.9712 -21.0394 -13.4612 -3.5153 23.2022 -19.3932 7.4683 8.9936 -9.2135 7.3606 -0.0000 -0.0000 0.0000 -104.9293 -34.9687 73.6542 145.6674 -44.3297 -105.6550 -0.0000 0.0000 -10.7695 11.7156 10.5257 2.1695 -7.1250 0.0000 -0.0000 -13.4566 40.3576 1.5728 -0.0000 -0.0000 0.0000 63.2922 14.6467 4.4988 -158.0071 32.9690 -113.4180 0.0000 -0.0000 -7.9411 -19.1540 28.5609 -9.4285 7.1250 -0.0000 -0.0000 6.6863 -0.2072 6.7079
0.1721 17.1391 -0.1668 -2.4060 50.8660 -4.9891 0.0000 0.0000 0.0000 -8.6557 4.4940 -2.0478 3.6620 11.6965 34.6664 1.7198 -13.7575 -24.0050 0.5686 -4.8294 -13.4226 0.0000 0.0000 0.0000 5.0699 -3.4490 -30.6042 -7.6767 -15.8763 51.3898 0.1363 7.4240 -1.0501 -1.7450 8.3133 -23.6699 -5.6168 -3.7570 14.9977 1.7078 -5.8211 -0.3559 6.2396 -2.5446 -8.0460 -21.0464 -13.1372 -1.6235 23.2550 -19.2758 7.4795 9.1681 -9.2842 7.0046 0.0000 0.0000 0.0000 -104.5128 -33.6146 73.6955 145.7445 -44.2731 -105.7089 -0.0000 0.0000 -10.4436 11.3711 10.6454 2.1276 -7.1250 0.0000 -0.0000 -13.7802 40.4467 1.5813 0.0000 0.0000 0.0000 62.3300 12.1070 1.6740 -158.1645 32.7906 -113.5035 0.0000 -0.0000 -10.6851 -19.2625 28.0660 -9.3369 7.1250 -0.0000 -0.0000 6.5682 -0.6916 6.5316
0.1359 17.1435 -0.1230 -1.4532 51.9894 -4.2203 0.0000 0.0000 0.0000 -8.9175 4.5558 -2.2937 3.5970 11.6040 34.3449 1.6160 -14.4181 -23.4649 0.6811 -5.2767 -14.6996 0.0000 0.0000 0.0000 5.7714 -2.8271 -27.6450 -6.7754 -15.1398 48.0197 -0.0941 5.2636 -6.1463 -1.5599 7.8821 -22.3565 -6.0079 -3.5142 14.6666 1.0890 -5.5914 -0.1801 5.7060 -2.4497 -7.7279 -21.7002 -13.7428 -2.2132 24.0000 -20.1396 7.5296 9.3258 -9.6473 7.5027 -0.0000 0.0000 0.0000 -105.1617 -34.5994 75.3061 145.1531 -44.7025 -105.2944 -0.0000 0.0000 -9.1156 11.8874 9.6431 2.0195 -7.1250 0.0000 -0.0000 -13.1085 39.4968 1.8141 -0.0000 0.0000 0.0000 62.8322 12.9905 0.9062 -157.2613 33.8019 -113.0076 0.0000 -0.0000 -8.8655 -24.5229 34.0256 -14.3205 7.1250 -0.0000 -0.0000 4.4249 6.5019 4.9114
0.0882 17.1296 -0.0841 -1.3714 52.7222 -4.2048 0.0000 0.0000 0.0000 -8.5557 4.4401 -2.4919 3.6092 11.6214 34.4055 1.4161 -15.8314 -22.5063 0.4774 -4.4309 -12.2923 0.0000 0.0000 0.0000 6.4718 -1.3407 -25.1249 -6.0055 -14.4337 45.0038 -0.2981 2.5612 -9.7457 -1.1205 6.7241 -18.9005 -5.4388 -3.0727 14.8917 0.2242 -4.9964 -0.2992 4.3724 -2.1753 -8.1918 -21.2866 -14.1202 -1.1882 24.5054 -20.8281 6.7937 9.3673 -10.0345 7.2811 0.0000 -0.0000 0.0000 -105.1790 -34.9395 77.1164 144.2787 -45.3204 -104.6760 -0.0000 0.0000 -8.0109 13.5530 8.2146 1.9726 -7.1250 0.0000 -0.0000 -11.4052 38.1932 1.9418 0.0000 -0.0000 0.0000 62.8228 13.8591 -0.8503 -155.8221 35.3519 -112.1907 0.0000 -0.0000 -8.0504 -23.9452 32.9696 -13.5861 7.1250 -0.0000 -0.0000 4.5607 5.2849 4.9766
0.0462 17.1244 -0.0804 -2.3474 52.5875 -4.7641 0.0000 0.0000 0.0000 -8.1124 3.4866 -2.8189 3.7311 11.7937 35.0059 1.5882 -14.4953 -23.3011 0.6136 -5.0133 -13.9465 0.0000 0.0000 0.0000 7.4580 0.7319 -23.8130 -5.5517 -13.9794 43.1548 -0.4162 1.4677 -11.7638 -0.8113 5.7479 -16.0548 -4.4378 -3.1148 15.1053 0.4766 -4.8510 0.0372 4.0534 -2.1519 -8.0195 -22.8349 -14.5136 -3.4343 24.8761 -21.0678 7.2835 9.5247 -10.0065 8.1311 -0.0000 -0.0000 0.0000 -105.4915 -35.9895 76.2528 144.4764 -45.1824 -104.8164 -0.0000 0.0000 -8.0756 12.7400 7.9857 1.7991 -7.1250 0.0000 -0.0000 -12.0451 37.9078 2.1404 -0.0000 -0.0000 0.0000 62.1689 15.4808 -1.1636 -155.3205 35.8746 -111.8986 0.0000 -0.0000 -7.1544 -19.7439 26.9403 -9.2361 7.1250 -0.0000 -0.0000 6.1616 -1.7559 6.0051
0.0346 17.1528 -0.0731 -2.7221 52.1042 -4.8530 0.0000 0.0000 0.0000 -7.8867 3.6779 -3.0224 3.7122 11.7673 34.9136 1.6158 -14.1020 -23.3987 0.6702 -5.2353 -14.5810 0.0000 0.0000 0.0000 8.1704 0.7886 -23.6019 -5.3006 -13.7145 42.1057 -0.3926 0.9126 -11.5521 -0.6580 5.1883 -14.4465 -3.9509 -2.7899 14.9149 0.4576 -4.3259 0.1107 3.6373 -1.9223 -7.9193 -22.8289 -14.8665 -3.7011 24.3381 -21.4695 7.4785 9.2171 -10.1910 8.2616 0.0000 -0.0000 0.0000 -105.5610 -35.4834 76.2835 144.2948 -45.3091 -104.6875 -0.0000 0.0000 -7.6518 12.5696 8.0510 1.7887 -7.1250 0.0000 -0.0000 -12.2007 37.9615 2.1527 0.0000 -0.0000 0.0000 64.0232 12.5887 -1.8412 -157.8684 33.1255 -113.3424 0.0000 -0.0000 -7.6149 -18.8002 26.9778 -8.7791 7.1250 -0.0000 -0.0000 6.7296 -1.8816 6.5508
0.0184 17.2005 -0.0544 -2.7905 51.8142 -4.6065 0.0000 0.0000 0.0000 -7.9725 3.6147 -2.7098 3.4997 11.4630 33.8579 1.6413 -12.7904 -23.3301 0.8338 -5.8251 -16.2779 0.0000 0.0000 0.0000 8.4021 1.0787 -23.3530 -5.0757 -13.4686 41.1489 -0.3789 0.9654 -11.3295 -0.5969 4.9460 -13.7545 -3.8690 -2.7434 14.8547 0.4285 -4.2580 -0.0781 3.5509 -1.8853 -8.1043 -22.8296 -14.6797 -3.4256 24.1704 -21.2631 7.6896 9.2279 -10.1174 8.2029 0.0000 -0.0000 0.0000 -104.7986 -34.1645 75.7002 144.6311 -45.0738 -104.9260 -0.0000 0.0000 -8.3497 12.3500 8.3243 1.8156 -7.1250 0.0000 -0.0000 -12.4392 38.2191 2.1162 0.0000 -0.0000 0.0000 64.6105 13.1543 -1.2850 -157.1728 33.8993 -112.9583 0.0000 -0.0000 -7.1837 -19.7145 28.3615 -9.6604 7.1250 -0.0000 -0.0000 6.3345 -0.3084 6.3392
0.0115 17.2394 -0.0022 -2.2854 52.1273 -4.0202 0.0000 0.0000 0.0000 -8.1918 3.7155 -2.4969 3.3137 11.1864 32.9112 1.5715 -12.4559 -22.8100 1.0548 -6.5305 -18.3317 0.0000 0.0000 0.0000 8.0802 0.8630 -22.7554 -4.8109 -13.1676 39.9993 -0.3958 1.6422 -11.4258 -0.2946 3.4903 -9.6470 -4.6659 -2.7437 14.3739 0.5569 -4.3589 0.0099 4.1181 -1.9190 -7.6612 -22.6486 -14.6433 -3.3237 23.7783 -21.1857 7.7725 9.0841 -10.0962 8.1129 0.0000 -0.0000 0.0000 -104.8102 -33.4164 75.8732 145.3554 -44.5567 -105.4366 -0.0000 0.0000 -9.9819 11.2389 10.1274 2.0012 -7.1250 0.0000 -0.0000 -13.7707 39.9241 1.7615 0.0000 -0.0000 0.0000 65.0754 13.1010 -0.6550 -156.8177 34.2875 -112.7593 0.0000 -0.0000 -6.5316 -19.3344 27.0288 -9.0595 7.1250 -0.0000 -0.0000 6.4156 -1.7372 6.2579
-0.0155 17.2783 0.0450 -2.7481 52.6594 -3.7721 0.0000 0.0000 0.0000 -7.3922 4.1135 -3.3976 3.2820 11.1382 32.7473 1.3466 -13.7722 -21.5192 1.0461 -6.5044 -18.2552 0.0000 0.0000 0.0000 8.5461 0.6509 -23.1692 -4.7393 -13.0841 39.6840 -0.4341 1.6267 -11.9869 -0.1709 2.6630 -7.3420 -4.8358 -2.7360 13.7279 1.1379 -4.2900 0.2971 4.7615 -1.9039 -6.9373 -23.0209 -15.1293 -4.5626 23.4754 -21.6327 8.2008 8.8417 -10.2308 8.5827 0.0000 -0.0000 0.0000 -105.7516 -34.0592 76.8745 145.1105 -44.7331 -105.2645 -0.0000 0.0000 -9.8849 11.0026 10.8894 2.1035 -7.1250 0.0000 -0.0000 -14.1554 40.6554 1.5518 0.0000 -0.0000 0.0000 64.4056 13.1664 -1.3223 -156.8741 34.2262 -112.7910 0.0000 -0.0000 -6.6867 -19.4754 27.0976 -9.1508 7.1250 -0.0000 -0.0000 6.3386 -1.6423 6.1927
-0.0594 17.2627 0.0833 -2.6667 53.3238 -3.5231 0.0000 0.0000 0.0000 -6.7832 4.7190 -4.6336 3.4623 11.4083 33.6695 1.0986 -15.8520 -20.3617 0.8816 -5.9856 -16.7425 0.0000 0.0000 0.0000 8.4933 0.8401 -23.2839 -4.7743 -13.1251 39.8385 -0.5315 1.8426 -13.2603 -0.4153 4.1366 -11.4613 -4.8963 -2.8291 14.0853 1.0261 -4.4528 0.1702 4.7379 -1.9668 -7.2607 -23.0293 -15.0991 -4.1904 23.8921 -21.6947 7.9629 9.0037 -10.2745 8.5186 0.0000 0.0000 0.0000 -105.5233 -34.3116 77.1730 145.2549 -44.6293 -105.3660 -0.0000 0.0000 -10.0111 10.6076 11.2808 2.0981 -7.1250 0.0000 -0.0000 -14.5928 41.0053 1.4730 0.0000 0.0000 0.0000 64.3620 12.9377 -1.6706 -156.8229 34.2819 -112.7622 0.0000 -0.0000 -6.6775 -19.1100 27.3345 -9.0398 7.1250 -0.0000 -0.0000 6.5810 -1.4644 6.4537
-0.1132 17.2315 0.1087 -2.6529 54.0225 -3.4115 0.0000 0.0000 0.0000 -6.1602 5.1370 -5.9700 3.7344 11.7983 35.0221 0.7532 -18.2192 -18.8366 0.5110 -4.5822 -12.7206 0.0000 0.0000 0.0000 8.6464 0.8082 -24.0311 -5.0502 -13.4401 41.0392 -0.5258 0.8742 -13.4240 -0.6074 4.9886 -13.8760 -4.6278 -2.9717 14.6725 0.6728 -4.6556 0.0720 4.2965 -2.0591 -7.7251 -22.4368 -14.9562 -3.3416 24.2901 -21.6240 7.2078 9.1274 -10.2866 8.0960 0.0000 0.0000 0.0000 -105.1214 -34.8915 77.2888 144.9666 -44.8360 -105.1631 -0.0000 0.0000 -8.9528 11.1624 9.7487 1.9137 -7.1250 0.0000 -0.0000 -13.7484 39.5441 1.8902 0.0000 0.0000 0.0000 64.2229 12.8664 -2.0680 -157.1532 33.9208 -112.9474 0.0000 -0.0000 -6.8556 -19.5201 27.0572 -9.1607 7.1250 -0.0000 -0.0000 6.3077 -1.6756 6.1583
-0.1564 17.1593 0.1385 -2.2051 54.7350 -3.0918 0.0000 0.0000 0.0000 -6.0807 5.2438 -7.0177 4.0162 12.1820 36.3789 0.7246 -19.0394 -19.0149 0.4739 -4.4149 -12.2471 0.0000 0.0000 0.0000 8.3045 0.4866 -25.0322 -5.4072 -13.8282 42.5536 -0.5056 1.0320 -13.1139 -0.4068 4.0944 -11.3424 -4.1882 -2.9294 15.3235 0.3863 -4.5708 0.1475 3.7708 -2.0252 -8.0756 -22.9755 -15.0980 -3.2606 24.7873 -21.7983 6.6902 9.3426 -10.3837 8.0995 -0.0000 0.0000 0.0000 -105.7799 -35.7699 77.9361 144.5327 -45.1429 -104.8564 -0.0000 0.0000 -9.0400 11.9348 8.9761 1.8888 -7.1250 0.0000 -0.0000 -12.9238 38.8381 2.0012 -0.0000 0.0000 0.0000 63.1402 12.2006 -3.9925 -158.0972 32.8670 -113.4670 0.0000 -0.0000 -9.1018 -18.2620 25.1084 -7.9709 7.1250 -0.0000 -0.0000 6.8814 -3.8775 6.4478
-0.1885 17.1033 0.1722 -1.1744 55.1453 -2.4248 0.0000 0.0000 0.0000 -6.7751 4.5231 -6.9875 4.1227 12.3220 36.8807 0.9461 -18.1595 -20.1566 0.6234 -5.0527 -14.0589 0.0000 0.0000 0.0000 7.6315 0.8720 -25.4404 -5.7017 -14.1329 43.7726 -0.5394 0.3603 -13.7567 -1.0062 6.3829 -17.8996 -4.3325 -2.7034 15.6952 -0.0011 -4.3403 0.2397 3.4103 -1.9092 -8.2255 -22.5139 -15.2028 -2.6219 24.3842 -21.9490 6.2702 9.1369 -10.5127 7.7731 -0.0000 -0.0000 0.0000 -106.0965 -36.0331 77.8469 145.4224 -44.5082 -105.4835 -0.0000 0.0000 -11.5383 8.8751 12.3381 1.9110 -7.1250 0.0000 -0.0000 -16.3710 41.8754 1.3005 -0.0000 -0.0000 0.0000 62.2544 11.8969 -5.2903 -157.9574 33.0252 -113.3909 0.0000 -0.0000 -9.1497 -20.0543 26.1057 -9.1255 7.1250 -0.0000 -0.0000 5.8882 -2.5575 5.6499
-0.2016 17.0876 0.2182 -0.6602 55.3342 -2.1277 0.0000 0.0000 0.0000 -6.8088 5.4623 -7.5816 4.2261 12.4553 37.3623 0.9888 -17.9938 -20.3806 1.0733 -6.5856 -18.4934 0.0000 0.0000 0.0000 7.3922 0.7454 -25.5855 -5.8482 -14.2796 44.3696 -0.5547 0.4880 -13.9116 -0.7048 5.3660 -14.9555 -4.4752 -2.5069 15.6290 -0.1232 -4.1027 0.4276 3.2975 -1.8007 -8.0033 -22.0217 -15.4562 -2.8022 23.3651 -22.2524 6.9266 8.6315 -10.6504 7.8735 0.0000 0.0000 0.0000 -105.7509 -35.8409 77.7623 144.9467 -44.8502 -105.1491 -0.0000 0.0000 -10.8774 10.9607 10.7376 2.0665 -7.1250 0.0000 -0.0000 -14.1541 40.5024 1.6063 0.0000 0.0000 0.0000 62.8651 13.3357 -3.3944 -157.2620 33.8011 -113.0080 0.0000 -0.0000 -6.7407 -19.5691 26.3494 -8.9660 7.1250 -0.0000 -0.0000 6.2054 -2.3918 5.9766
-0.1881 17.1377 0.2407 -1.3479 55.6800 -2.6265 0.0000 0.0000 0.0000 -6.4361 5.0483 -7.6367 4.2493 12.4850 37.4701 0.9600 -17.3166 -19.9162 1.1098 -6.6929 -18.8087 0.0000 0.0000 0.0000 7.9102 0.0247 -25.1437 -5.6268 -14.0566 43.4648 -0.5485 0.6989 -13.7679 -1.1015 6.6687 -18.7375 -4.4886 -2.6853 15.0486 0.4493 -4.2493 0.8417 3.8912 -1.8978 -7.1721 -22.3915 -15.3251 -3.5838 23.0985 -21.9670 7.6290 8.6015 -10.4665 8.1731 -0.0000 -0.0000 0.0000 -105.6933 -35.6611 76.9758 145.1095 -44.7338 -105.2638 -0.0000 0.0000 -11.2089 10.6438 12.9259 2.4073 -7.1250 0.0000 -0.0000 -15.0012 42.6208 0.9027 -0.0000 -0.0000 0.0000 63.0503 14.0741 -1.8994 -157.4728 33.5677 -113.1249 0.0000 -0.0000 -6.1634 -19.2672 26.6623 -8.9145 7.1250 -0.0000 -0.0000 6.4184 -2.1236 6.2157
-0.1682 17.2192 0.2717 -2.9435 55.7492 -3.8312 0.0000 0.0000 0.0000 -5.5498 4.7050 -7.2180 4.0918 12.2816 36.7354 0.9727 -16.3221 -19.6315 1.0192 -6.4226 -18.0157 0.0000 0.0000 0.0000 9.2919 -0.4516 -24.6494 -5.4791 -13.9038 42.8535 -0.5044 -0.0983 -13.4557 -0.9273 6.1345 -17.1752 -4.4397 -2.8856 14.7912 1.2722 -4.4387 0.7259 4.7659 -1.9832 -7.0716 -21.6226 -15.1116 -3.7726 21.3386 -21.4853 8.2996 7.9756 -10.2635 7.9641 -0.0000 0.0000 0.0000 -105.6498 -34.8159 76.3031 143.7658 -45.6736 -104.3102 -0.0000 0.0000 -9.1700 12.8527 9.1245 2.0722 -7.1250 0.0000 -0.0000 -12.1776 39.0548 1.8153 -0.0000 0.0000 0.0000 64.1709 11.9778 0.0866 -159.1648 31.6354 -114.0368 0.0000 -0.0000 -5.9398 -19.5485 29.4560 -9.9045 7.1250 -0.0000 -0.0000 6.5582 0.7756 6.6901
-0.1297 17.2695 0.2279 -3.6639 55.4263 -4.3748 0.0000 0.0000 0.0000 -5.6053 4.9186 -6.6469 3.8991 12.0249 35.8201 1.1428 -15.0381 -20.4201 0.9547 -6.2221 -17.4302 0.0000 0.0000 0.0000 9.5645 -0.5209 -24.2216 -5.2789 -13.6912 42.0143 -0.4712 0.2501 -12.8846 -0.4141 4.1305 -11.4442 -3.6137 -2.9210 14.9629 1.1269 -4.3802 0.2582 4.1708 -1.9551 -7.7523 -20.9788 -14.5695 -2.4279 21.4674 -21.0325 8.3998 8.1292 -10.1108 7.6020 0.0000 0.0000 0.0000 -104.5691 -33.2976 76.6358 143.5831 -45.7978 -104.1793 -0.0000 0.0000 -8.5976 12.8520 8.2615 1.8777 -7.1250 0.0000 -0.0000 -12.0046 38.1914 2.0479 0.0000 0.0000 0.0000 65.8792 11.4908 2.2402 -159.0481 31.7722 -113.9754 0.0000 -0.0000 -4.9334 -19.4794 30.1548 -10.0754 7.1250 -0.0000 -0.0000 6.6820 1.4723 6.8981
-0.1212 17.2329 0.1560 -3.7389 54.5365 -4.2710 0.0000 0.0000 0.0000 -6.4186 4.3451 -6.1058 3.8077 11.9000 35.3793 1.6297 -12.0901 -23.1489 1.1900 -6.9224 -19.4855 0.0000 0.0000 0.0000 9.2060 -0.5939 -25.5611 -5.5921 -14.0210 43.3218 -0.4264 1.1835 -11.9798 -0.3167 3.6175 -10.0029 -4.1704 -2.8943 15.0839 1.6894 -4.4028 0.1462 5.1076 -1.9291 -7.8526 -20.7952 -14.2178 -2.1919 21.0266 -20.4976 8.3363 8.0749 -9.8854 7.3423 0.0000 -0.0000 0.0000 -104.4260 -34.0445 76.3314 143.8517 -45.6149 -104.3716 -0.0000 0.0000 -9.9467 12.3528 9.5195 2.0743 -7.1250 0.0000 -0.0000 -12.6856 39.4105 1.7807 0.0000 -0.0000 0.0000 65.8435 12.4002 4.1001 -158.8115 32.0478 -113.8503 0.0000 -0.0000 -4.9284 -20.1717 29.2206 -10.1673 7.1250 -0.0000 -0.0000 6.1674 0.6535 6.2736
-0.1229 17.1176 0.0528 -2.5764 53.0980 -3.4763 0.0000 0.0000 0.0000 -7.1917 4.6003 -6.3381 4.0835 12.2707 36.6965 1.7146 -13.3863 -23.9071 1.1914 -6.9262 -19.4969 0.0000 0.0000 0.0000 7.4949 -0.1231 -28.0908 -6.5582 -14.9483 47.1829 -0.3335 3.5712 -10.2672 -0.6678 5.2259 -14.5540 -5.2546 -2.9868 15.6718 1.9828 -4.7070 0.4271 6.1296 -2.0386 -7.7305 -20.7886 -13.7772 -3.4248 20.8914 -19.6708 8.5684 8.1013 -9.4166 7.4327 0.0000 -0.0000 0.0000 -104.1437 -36.4775 75.2730 143.6098 -45.7797 -104.1985 -0.0000 0.0000 -9.9972 13.3619 8.2923 1.9621 -7.1250 0.0000 -0.0000 -11.5810 38.2580 1.9540 0.0000 -0.0000 0.0000 65.9793 14.5080 6.2438 -158.5412 32.3600 -113.7063 0.0000 -0.0000 -4.4982 -20.9029 29.5164 -10.6563 7.1250 -0.0000 -0.0000 5.7791 1.0970 5.9187
-0.1624 16.9238 -0.0170 -0.6754 52.0775 -2.5071 0.0000 0.0000 0.0000 -8.0988 5.1638 -7.6014 4.7516 13.0985 39.7382 1.8113 -14.5443 -24.7274 1.3668 -7.3992 -20.9036 0.0000 0.0000 0.0000 5.0044 0.2903 -31.2901 -8.0933 -16.1875 52.8981 -0.2252 6.0947 -8.8551 -1.3986 7.4814 -21.1497 -6.6989 -1.9051 16.5453 1.1565 -3.6761 0.1476 5.9161 -1.4461 -8.6370 -18.5692 -13.4274 0.8828 21.4135 -19.5967 5.8873 8.2758 -9.6233 5.6680 -0.0000 0.0000 0.0000 -103.9121 -36.3777 77.6569 143.8220 -45.6352 -104.3504 -0.0000 0.0000 -10.6105 13.3661 7.9103 1.8729 -7.1250 0.0000 -0.0000 -11.5052 37.8745 2.0509 -0.0000 0.0000 0.0000 68.0050 12.5178 5.2710 -159.1345 31.6711 -114.0208 0.0000 -0.0000 -3.7712 -20.4374 28.8017 -10.1779 7.1250 -0.0000 -0.0000 5.9617 0.2762 6.0230
-0.1902 16.7258 -0.0382 0.0793 51.4881 -2.7417 0.0000 0.0000 0.0000 -8.3440 5.3233 -8.0186 5.3867 13.8065 42.4677 2.0972 -14.6659 -26.4776 1.5488 -7.8552 -22.2750 0.0000 0.0000 0.0000 3.1221 0.5372 -33.3671 -9.2473 -16.9642 56.9414 -0.0878 8.6040 -7.6046 -2.2716 9.4103 -27.0873 -7.9345 -2.7478 17.6747 1.9671 -4.9705 1.3784 7.8059 -2.0976 -7.5390 -20.5107 -13.1267 -4.2895 21.3961 -18.5430 7.5979 8.3842 -8.8149 7.0652 -0.0000 0.0000 0.0000 -103.2783 -40.1385 73.8566 143.2878 -45.9967 -103.9673 -0.0000 0.0000 -8.9479 14.9787 5.6535 1.5098 -7.1250 0.0000 -0.0000 -9.7849 35.6867 2.2666 -0.0000 0.0000 0.0000 67.5871 15.8711 8.4338 -159.1786 31.6193 -114.0440 0.0000 -0.0000 -3.3753 -19.6700 26.9183 -9.1925 7.1250 -0.0000 -0.0000 6.2035 -1.7915 6.0424
-0.2053 16.5961 0.0534 0.1774 51.7486 -3.0772 0.0000 0.0000 0.0000 -7.6715 5.3968 -8.1580 5.7265 14.1580 43.8741 2.0666 -16.5180 -26.6507 1.3655 -7.3958 -20.8935 0.0000 0.0000 0.0000 2.2166 0.2388 -34.6397 -9.8637 -17.3325 59.0320 -0.0682 9.7976 -7.9757 -1.4143 7.5215 -21.2699 -8.2240 -2.8818 18.1847 1.8537 -5.2431 1.5393 7.9391 -2.2215 -7.5764 -19.6056 -12.9682 -4.3065 20.8519 -18.2934 7.5321 8.1018 -8.6914 6.8403 -0.0000 -0.0000 0.0000 -102.7867 -40.4023 72.5661 143.9578 -45.5421 -104.4474 -0.0000 0.0000 -10.3845 12.6373 8.2009 1.8318 -7.1250 0.0000 -0.0000 -12.1732 38.1160 2.1007 -0.0000 -0.0000 0.0000 68.8767 13.9843 9.3263 -160.0792 30.5468 -114.5090 0.0000 -0.0000 -2.3147 -18.8369 28.1907 -9.1551 7.1250 -0.0000 -0.0000 6.8327 -0.6404 6.8046
-0.2235 16.6043 0.2621 -0.4833 53.1371 -3.3164 0.0000 0.0000 0.0000 -6.1892 5.2426 -7.9187 5.4894 13.9146 42.8963 1.6826 -18.8232 -25.0268 1.1664 -6.8559 -19.2891 0.0000 0.0000 0.0000 2.1576 -0.3431 -34.6356 -9.4714 -17.1017 57.7065 -0.3405 6.5400 -10.6743 -1.2907 7.1986 -20.3050 -7.7346 -2.6289 18.3728 1.9295 -4.8249 1.3787 7.6816 -2.0035 -7.9698 -20.2162 -13.3416 -4.1747 21.9261 -18.9691 7.6140 8.4531 -8.9922 7.1800 -0.0000 0.0000 0.0000 -104.1272 -39.2123 74.3289 144.3221 -45.2902 -104.7069 -0.0000 0.0000 -9.9760 12.8885 8.4729 1.9310 -7.1250 0.0000 -0.0000 -12.0155 38.4056 1.9855 -0.0000 0.0000 0.0000 68.8216 10.0050 7.0204 -161.3605 28.9683 -115.1450 0.0000 -0.0000 -0.8077 -17.2195 29.2792 -8.6189 7.1250 -0.0000 -0.0000 7.8938 0.1798 7.9946
-0.2625 16.7447 0.5686 -1.4771 55.2165 -3.2063 0.0000 0.0000 0.0000 -4.6368 3.9532 -6.8676 4.6902 13.0261 39.4664 1.1881 -19.5916 -22.3111 0.9700 -6.2704 -17.5710 0.0000 0.0000 0.0000 2.1436 0.4809 -32.8638 -8.0712 -16.1713 52.8186 -0.3554 0.5846 -11.0710 -0.3599 3.8541 -10.6665 -7.2232 -2.4155 18.1174 2.2016 -4.4190 0.9251 7.6065 -1.7832 -8.4199 -18.9538 -14.7927 -5.5018 19.3572 -20.7202 9.0400 6.9636 -9.7825 7.7744 0.0000 0.0000 0.0000 -108.7322 -38.2791 78.6989 142.1258 -46.7588 -103.1261 -0.0000 0.0000 -9.2319 11.8610 8.6792 1.8152 -7.1250 0.0000 -0.0000 -12.9235 38.5377 2.0986 0.0000 0.0000 0.0000 67.1634 5.9666 4.6621 -162.9681 26.8999 -115.8982 0.0000 0.0000 0.1585 -14.9925 26.2978 -6.7665 7.1250 -0.0000 -0.0000 8.9555 -3.1700 8.5533
-0.3003 16.9766 0.9505 -1.0160 59.4285 -1.7735 0.0000 0.0000 0.0000 -3.8895 1.8373 -5.7114 3.6681 11.7051 34.6965 0.5110 -20.0109 -17.9994 1.0532 -6.5256 -18.3174 0.0000 0.0000 0.0000 0.9393 0.0663 -29.7087 -6.3647 -14.7726 46.4282 0.0624 -7.0127 -8.3457 -0.0039 0.4016 -1.1034 -6.7021 -3.0090 17.8525 2.2449 -5.0744 0.8757 7.4796 -2.1267 -8.2512 -20.3197 -14.4436 -4.4143 22.2028 -20.2653 6.0758 8.2796 -9.6140 7.0763 0.0000 -0.0000 0.0000 -102.3806 -36.1404 73.5512 148.1364 -42.4381 -107.3513 -0.0000 0.0000 -11.6239 11.9435 9.8756 2.0777 -7.1250 0.0000 -0.0000 -13.1125 39.7321 1.7371 0.0000 -0.0000 0.0000 63.0917 4.5544 0.0127 -163.0585 26.7806 -115.9391 0.0000 -0.0000 -1.0693 -13.4302 24.5363 -5.6631 7.1250 -0.0000 -0.0000 9.7966 -5.1473 9.0138
-0.3762 17.2008 1.3976 -1.8247 64.7860 -1.3835 0.0000 0.0000 0.0000 -1.8392 -1.0251 -5.9750 3.0208 10.7287 31.3702 -0.4978 -21.0915 -10.5783 0.8585 -5.9086 -16.5196 0.0000 0.0000 0.0000 0.5583 -0.3945 -25.7455 -4.9228 -13.2963 40.4879 0.3159 -11.1709 -9.6235 -0.0068 0.5322 -1.4625 -5.2400 -3.2413 17.2528 2.1393 -5.0701 0.7287 6.4858 -2.1814 -8.2171 -20.3306 -15.1030 -2.9115 23.3205 -21.2597 4.0749 8.5638 -10.1968 6.5727 0.0000 -0.0000 0.0000 -101.3722 -36.1983 74.4125 149.2308 -41.5437 -108.0835 -0.0000 0.0000 -11.4157 14.2434 6.7456 1.7079 -7.1250 0.0000 -0.0000 -10.5660 36.7551 2.1726 0.0000 -0.0000 0.0000 57.9840 2.0870 -8.0450 -161.7150 28.5206 -115.3155 0.0000 -0.0000 -2.8199 -13.5813 27.8209 -6.4328 7.1250 -0.0000 -0.0000 9.9037 -1.8512 9.7264
-0.5169 17.4191 1.8120 -1.0189 70.1831 0.0347 0.0000 0.0000 0.0000 -0.2615 -3.6003 -7.9147 2.8126 10.3854 30.2340 -1.1888 -21.1051 -2.2919 1.1172 -6.7146 -18.8726 0.0000 0.0000 0.0000 -0.0476 -1.8095 -22.5745 -4.1573 -12.3668 37.0423 0.6474 -14.3675 -8.4074 -0.1061 2.1005 -5.7835 -2.3740 -3.5386 18.2195 1.3871 -4.9768 0.5862 4.1218 -2.2154 -9.2391 -21.2535 -16.0947 -1.7326 24.6771 -22.6776 2.2422 8.9406 -10.9814 6.4390 -0.0000 0.0000 0.0000 -100.5606 -37.6905 74.7183 150.0513 -40.8494 -108.6239 -0.0000 0.0000 -12.7248 15.2763 6.1016 1.6629 -7.1250 0.0000 -0.0000 -9.6057 36.1593 2.1119 -0.0000 0.0000 0.0000 50.5776 -0.8163 -17.3404 -157.7820 33.2225 -113.2951 0.0000 -0.0000 -3.5807 -9.1443 24.2381 -3.7807 7.1250 -0.0000 -0.0000 12.4058 -5.9409 11.3303
-0.6967 17.5135 2.2768 -0.2611 74.3407 0.8719 0.0000 0.0000 0.0000 1.6207 -5.2934 -10.4024 2.9338 10.5870 30.8995 -1.2240 -19.5191 3.1958 1.4747 -7.6734 -21.7263 0.0000 0.0000 0.0000 0.0243 -1.4925 -19.6738 -3.9296 -12.0662 35.9665 0.8560 -16.2664 -8.4314 -0.3720 3.9173 -10.8440 -0.4598 -3.1380 18.9595 1.2790 -4.0336 0.8883 2.7249 -1.8345 -9.5343 -23.3855 -16.6020 0.4484 26.7742 -23.5598 -0.2311 9.9273 -11.6124 6.1274 0.0000 -0.0000 0.0000 -99.3413 -39.3158 72.3113 151.9796 -39.1350 -109.8634 -0.0000 0.0000 -13.8687 13.4717 7.9890 1.9069 -7.1250 0.0000 -0.0000 -11.4312 37.9607 2.0127 0.0000 -0.0000 0.0000 39.7494 -3.7043 -23.6804 -148.2208 42.3704 -107.4082 0.0000 -0.0000 -2.6696 -9.6234 19.0698 -3.1708 7.1250 -0.0000 -0.0000 12.0580 -10.9828 9.7643
-0.8551 17.4369 2.6606 2.1380 76.1155 2.5706 0.0000 0.0000 0.0000 1.9674 -4.5773 -13.0209 3.4271 11.3563 33.4912 -1.0010 -18.3825 0.4368 3.3624 -11.2598 -33.1613 0.0000 0.0000 0.0000 -0.1780 -1.7662 -17.8443 -4.0505 -12.2273 36.5408 0.3552 -11.8708 -10.2970 -1.7797 8.3914 -23.9093 2.3988 -2.5240 19.7441 0.7487 -2.6096 1.6613 0.1572 -1.2736 -9.3311 -24.5471 -17.2304 1.4719 26.8683 -24.3994 -1.7683 10.0109 -12.1285 5.8645 -0.0000 0.0000 0.0000 -97.0008 -41.4783 68.2779 153.5524 -37.6473 -110.8403 -0.0000 0.0000 -14.9257 15.6151 6.0464 1.6863 -7.1250 0.0000 -0.0000 -9.3166 36.1214 2.0557 -0.0000 0.0000 0.0000 25.6615 -5.2695 -27.8983 -120.4437 56.1905 -86.0278 0.0000 0.0000 0.6987 -5.1774 13.8515 -1.2427 7.1250 -0.0000 -0.0000 15.1485 -16.3697 10.6476
-1.0171 17.1883 2.9449 3.1108 75.4305 2.3402 0.0000 0.0000 0.0000 2.8076 -4.4493 -12.6635 3.9007 12.0270 35.8277 -1.0461 -19.1198 -0.4947 1.7051 -8.2228 -23.3929 0.0000 0.0000 0.0000 -0.1438 -4.0405 -19.1067 -4.7224 -13.0642 39.6092 -0.0991 -6.1639 -11.0649 -2.2375 9.3441 -26.8778 5.4839 -1.6451 21.0063 0.3216 -0.7193 2.2971 -2.5839 -0.4807 -9.3220 -26.9864 -17.1202 3.5127 28.4220 -24.8325 -2.2124 10.9443 -12.5077 6.0947 0.0000 -0.0000 0.0000 -95.4927 -42.8332 64.3301 154.8392 -36.3679 -111.6150 -0.0000 0.0000 -14.6524 15.4996 6.2356 1.7253 -7.1250 0.0000 -0.0000 -9.4406 36.3086 2.0400 0.0000 -0.0000 0.0000 8.7244 -3.1163 -27.9728 -55.2814 54.9155 -30.4461 0.0000 0.0000 8.6446 -3.1996 14.4005 -0.7965 7.1250 -0.0000 -0.0000 16.4276 -15.9219 11.7916
-1.1845 16.9533 3.1527 10.4799 72.1896 8.4503 0.0000 0.0000 0.0000 0.5950 -2.2441 -10.9154 3.8680 11.9826 35.6706 -0.9115 -18.5517 -1.9655 1.4359 -7.5762 -21.4340 0.0000 0.0000 0.0000 -1.8453 -3.3339 -22.5113 -5.8796 -14.3106 44.4966 -0.3547 -4.8023 -14.0510 -1.7518 8.3288 -23.7173 5.6668 -0.3955 22.7016 -0.1230 1.0347 2.7530 -3.7092 0.3450 -9.5604 -27.6223 -17.5433 3.2719 26.0477 -25.3198 -1.2419 10.0642 -12.7019 6.2050 0.0000 -0.0000 0.0000 -92.9744 -42.4829 59.7154 155.9706 -35.1953 -112.2765 -0.0000 0.0000 -13.4421 14.6939 5.8692 1.5360 -7.1250 0.0000 -0.0000 -10.0524 35.8913 2.2792 0.0000 -0.0000 0.0000 -6.1750 3.3745 -31.5304 -20.2306 30.9192 -5.6494 0.0000 0.0000 18.9090 -8.0952 16.3699 -2.2956 7.1250 -0.0000 -0.0000 13.0964 -13.7551 9.8735
-1.3037 16.7859 3.3545 11.7703 68.8096 10.4176 0.0000 0.0000 0.0000 0.2749 -0.0113 -10.6825 3.8237 11.9220 35.4566 -0.6215 -17.0867 -4.4969 1.3008 -7.2256 -20.3855 0.0000 0.0000 0.0000 -2.2351 -0.6019 -25.9186 -6.7056 -15.0789 47.7519 -0.5968 -3.4228 -16.2383 -1.7275 8.2739 -23.5491 6.9741 0.2939 23.3005 -0.3518 2.2749 2.9475 -5.1004 0.8868 -9.4687 -27.6490 -17.7075 2.3333 25.1194 -25.1696 -1.5802 9.7105 -12.5610 6.0531 -0.0000 -0.0000 0.0000 -91.2041 -40.9511 57.2766 156.6445 -34.4753 -112.6615 -0.0000 0.0000 -10.3302 19.2409 1.9786 0.6904 -7.1250 0.0000 -0.0000 -5.9047 32.0393 1.8816 -0.0000 -0.0000 0.0000 -9.1035 2.8328 -35.5766 -17.9952 28.1510 -4.5470 0.0000 0.0000 15.8424 -3.5270 15.6514 -0.9526 7.1250 -0.0000 -0.0000 16.1291 -14.7063 11.9994
-1.4182 16.6717 3.5663 13.6478 68.0745 13.6379 0.0000 0.0000 0.0000 0.3221 -0.7240 -12.0236 3.8829 12.0030 35.7426 -0.4878 -16.6802 -5.9818 1.8539 -8.5549 -24.4126 0.0000 0.0000 0.0000 -2.8552 -0.2591 -29.3218 -7.4793 -15.7226 50.6647 -0.7148 -0.9127 -16.3283 -1.5529 7.8652 -22.3053 6.9359 0.9268 23.0266 -1.0652 2.9876 2.7250 -6.0795 1.2003 -9.4346 -23.5800 -17.9059 4.0672 26.3179 -25.2698 -4.4668 9.8138 -12.8030 4.6316 -0.0000 -0.0000 0.0000 -92.2483 -39.6921 59.9871 157.3596 -33.6932 -113.0622 -0.0000 0.0000 -10.1230 20.4930 0.8090 0.3023 -7.1250 0.0000 -0.0000 -4.8273 30.8231 1.6773 -0.0000 -0.0000 0.0000 -7.0375 5.8946 -39.3078 -22.4520 33.4841 -6.8336 0.0000 0.0000 11.1148 -5.7553 14.9763 -1.4920 7.1250 -0.0000 -0.0000 14.6995 -15.2518 10.6775
-1.4998 16.6262 3.7282 13.7394 69.3398 14.8815 0.0000 0.0000 0.0000 1.5385 -2.9335 -13.5238 3.9380 12.0775 36.0066 -0.5365 -16.8009 -5.4203 2.2169 -9.3039 -26.7506 0.0000 0.0000 0.0000 -2.3302 -1.3136 -31.6170 -8.0345 -16.1446 52.6870 -0.7712 0.2932 -16.5012 -1.6848 8.1760 -23.2500 6.0942 -0.9613 22.2624 0.7848 0.4611 3.0988 -2.7702 0.1061 -9.0037 -25.6978 -17.0935 0.5749 25.9123 -23.6070 -3.5398 9.9704 -11.7128 5.2652 -0.0000 0.0000 0.0000 -94.2490 -39.6797 56.9038 157.8463 -33.1504 -113.3303 -0.0000 0.0000 -13.9777 15.6384 3.8583 1.0791 -7.1250 0.0000 -0.0000 -9.0006 33.8819 2.4804 -0.0000 0.0000 0.0000 -7.4769 12.2887 -38.3682 -30.1835 41.0501 -11.5299 0.0000 0.0000 10.5229 -7.4238 15.7113 -2.0208 7.1250 -0.0000 -0.0000 13.5613 -14.4427 10.0407
-1.5577 16.6731 3.7903 13.8353 68.5231 15.4939 0.0000 0.0000 0.0000 1.4893 -3.5511 -13.2079 3.7675 11.8445 35.1839 -0.4815 -15.7266 -4.8645 2.1148 -9.1013 -26.1126 0.0000 0.0000 0.0000 -2.6971 0.6392 -31.4646 -7.8422 -16.0020 51.9924 -0.7524 1.7324 -15.8910 -1.1455 6.7963 -19.1133 5.9004 -0.3397 22.7124 0.4690 1.2217 2.5691 -3.2433 0.4199 -9.7628 -22.3465 -16.9970 2.9703 25.5371 -23.5427 -5.2836 9.7143 -11.9083 3.8880 0.0000 -0.0000 0.0000 -96.9769 -39.6927 61.2202 156.6614 -34.4570 -112.6710 -0.0000 0.0000 -17.1156 17.0873 3.6291 1.1147 -7.1250 0.0000 -0.0000 -7.7974 33.6998 2.1779 0.0000 -0.0000 0.0000 -0.9603 10.5822 -33.7945 -42.8100 49.6493 -20.5558 0.0000 0.0000 3.1496 -8.5637 15.0319 -2.2366 7.1250 -0.0000 -0.0000 12.8268 -15.0393 9.2988
-1.5613 16.7572 3.7988 12.2848 66.8626 14.9205 0.0000 0.0000 0.0000 1.5036 -1.9718 -13.5304 3.5547 11.5431 34.1341 -0.4469 -14.9379 -4.3866 2.4965 -9.8315 -28.4326 0.0000 0.0000 0.0000 -2.1663 1.9818 -31.8734 -7.3650 -15.6317 50.2415 -0.7301 1.4842 -15.7059 -1.4087 7.5071 -21.2267 6.0920 -0.5344 22.7416 0.4920 1.0177 2.1925 -3.2683 0.2860 -10.2194 -22.2670 -16.9102 1.8222 25.0305 -23.3306 -4.3373 9.4541 -11.7064 4.2120 -0.0000 0.0000 0.0000 -99.5724 -41.2031 62.4266 154.6669 -36.5425 -111.5125 -0.0000 0.0000 -15.0384 13.3102 7.0736 1.6687 -7.1250 0.0000 -0.0000 -11.3993 37.0297 2.2714 -0.0000 0.0000 0.0000 6.2484 12.2368 -31.5023 -62.9037 57.0353 -36.7674 0.0000 -0.0000 -3.9323 -9.1459 15.8341 -2.5153 7.1250 -0.0000 -0.0000 12.4156 -14.2115 9.2105
-1.5041 16.8820 3.7516 12.7176 64.8538 15.5276 0.0000 0.0000 0.0000 0.2396 -2.4725 -11.7268 3.2557 11.0980 32.6110 -0.3104 -12.6237 -3.8514 2.0850 -9.0409 -25.9232 0.0000 0.0000 0.0000 -2.5257 1.7546 -31.8561 -6.9052 -15.2516 48.5151 -0.6064 1.6764 -14.2314 -1.8694 8.5887 -24.5169 4.9997 -0.6910 22.5817 0.6266 0.5393 2.2071 -2.3449 0.1114 -10.1740 -23.6374 -17.0887 0.0588 25.1835 -23.5230 -2.7993 9.4315 -11.6419 5.1844 0.0000 0.0000 0.0000 -95.7178 -41.4765 61.0055 153.2328 -37.9563 -110.6444 -0.0000 0.0000 -15.3350 14.9539 6.1338 1.6347 -7.1250 0.0000 -0.0000 -9.8779 36.1745 2.1695 0.0000 0.0000 0.0000 13.5652 14.3292 -28.6464 -89.0221 59.9964 -59.1531 0.0000 -0.0000 -5.9116 -12.9627 17.4080 -3.9394 7.1250 -0.0000 -0.0000 9.8787 -12.3417 7.6563
-1.4303 17.0257 3.6692 12.0249 62.5998 15.2124 0.0000 0.0000 0.0000 -0.4255 -1.5199 -10.8772 3.0067 10.7058 31.2941 -0.3117 -11.9530 -2.8684 2.0841 -9.0391 -25.9176 0.0000 0.0000 0.0000 -2.8684 3.5792 -30.6988 -6.1160 -14.5399 45.4457 -0.5122 1.7433 -13.0296 -1.3774 7.4267 -20.9860 3.7859 -0.5120 22.2687 0.7765 0.4637 1.8262 -1.4584 0.1130 -10.4477 -22.6571 -16.7853 -0.5768 23.6306 -22.9635 -2.0882 8.8709 -11.3257 5.0090 -0.0000 -0.0000 0.0000 -95.4887 -41.3632 61.5104 152.0767 -39.0455 -109.9247 -0.0000 0.0000 -14.0273 15.2944 5.3502 1.4606 -7.1250 0.0000 -0.0000 -9.4807 35.3932 2.2631 -0.0000 -0.0000 0.0000 21.3671 16.1437 -24.7544 -114.6594 57.5728 -81.1816 0.0000 -0.0000 -11.0940 -10.9914 20.9644 -3.9752 7.1250 -0.0000 -0.0000 11.1962 -8.9818 9.4991
-1.3202 17.1537 3.5612 10.2040 60.9453 13.6911 0.0000 0.0000 0.0000 -0.3435 -1.6442 -9.5941 2.8256 10.4072 30.3058 -0.3287 -12.0840 -2.6564 1.9643 -8.7913 -25.1446 0.0000 0.0000 0.0000 -2.4289 4.1347 -29.2654 -5.2781 -13.6903 42.0107 -0.3908 2.0045 -11.2841 -0.8984 6.0408 -16.9028 3.0311 -0.7371 21.4939 1.2677 -0.0014 1.5593 -0.3412 -0.0643 -10.3465 -22.7616 -16.3638 -1.5245 22.7105 -22.3088 -0.7879 8.6267 -10.9349 5.2795 0.0000 -0.0000 0.0000 -95.5187 -41.2148 61.6350 150.8999 -40.1094 -109.1749 -0.0000 0.0000 -11.4849 16.7654 4.0375 1.2152 -7.1250 0.0000 -0.0000 -8.1057 34.1101 2.1841 0.0000 -0.0000 0.0000 29.6847 17.3002 -19.3716 -133.3340 51.5590 -96.4635 0.0000 -0.0000 -14.3396 -12.4380 23.4132 -5.0087 7.1250 -0.0000 -0.0000 10.3571 -6.3900 9.2969
-1.1880 17.2398 3.4007 8.0512 59.7137 11.7078 0.0000 0.0000 0.0000 0.0312 -2.1675 -8.3898 2.7432 10.2672 29.8465 -0.4597 -13.9391 -2.6181 1.4161 -7.5260 -21.2833 0.0000 0.0000 0.0000 -1.9561 4.9251 -27.5473 -4.5890 -12.9054 39.0154 -0.3309 1.7622 -10.3946 -0.7981 5.7020 -15.9222 3.3673 -1.1527 21.1334 1.3442 -0.4757 0.9770 -0.3013 -0.3182 -10.8181 -22.5966 -15.9476 -2.1020 22.3742 -21.7868 0.5447 8.5380 -10.6301 5.5938 0.0000 0.0000 0.0000 -95.5417 -40.9475 62.5941 150.1063 -40.8021 -108.6599 -0.0000 0.0000 -11.9029 15.0053 6.6103 1.7674 -7.1250 0.0000 -0.0000 -9.9096 36.6626 2.0569 0.0000 0.0000 0.0000 38.0554 17.7377 -13.7108 -144.7742 44.9727 -105.0273 0.0000 -0.0000 -15.6608 -12.2963 25.8605 -5.4310 7.1250 -0.0000 -0.0000 10.5527 -3.9738 9.9698
-1.0473 17.2273 3.2410 5.6834 57.6308 9.0268 0.0000 0.0000 0.0000 0.4571 -1.8726 -6.5682 2.7370 10.2566 29.8118 -0.5015 -15.3888 -4.0517 1.3216 -7.2809 -20.5503 0.0000 0.0000 0.0000 -1.4149 5.7054 -26.2199 -4.1263 -12.3266 36.8972 -0.3010 2.5796 -9.7931 -0.8816 5.9855 -16.7423 2.0598 -1.0300 20.1632 2.0568 -0.5874 1.0253 1.2454 -0.2850 -10.2059 -23.0538 -15.5810 -2.8596 22.4657 -21.2901 1.7008 8.6598 -10.3269 6.0235 0.0000 0.0000 0.0000 -96.1402 -41.4830 63.6378 148.3260 -42.2857 -107.4791 -0.0000 0.0000 -9.6033 16.2831 4.6513 1.3569 -7.1250 0.0000 -0.0000 -8.5747 34.7228 2.1839 0.0000 0.0000 0.0000 44.2457 18.7132 -8.4502 -151.4743 39.5957 -109.5430 0.0000 -0.0000 -15.8371 -13.1826 26.8357 -6.0359 7.1250 -0.0000 -0.0000 10.0758 -2.8874 9.7089
-0.8969 17.1243 3.0489 4.0479 55.7439 6.5398 0.0000 0.0000 0.0000 0.4685 -1.5577 -4.4796 2.8076 10.3769 30.2059 -0.3070 -14.9970 -6.6790 1.3839 -7.4435 -21.0361 0.0000 0.0000 0.0000 -1.2589 5.9320 -25.2646 -3.9775 -12.1304 36.1950 -0.3191 3.7301 -10.0409 -2.1628 9.1973 -26.4146 0.8919 -1.1864 19.2787 2.2340 -1.0708 1.0518 2.2178 -0.4618 -9.6554 -21.1352 -15.1601 -2.0070 21.4022 -20.8457 1.8057 8.2095 -10.1698 5.4624 -0.0000 -0.0000 0.0000 -96.2999 -41.9384 64.3630 147.2216 -43.1590 -106.7298 -0.0000 0.0000 -7.9119 15.4113 6.1080 1.6801 -7.1250 0.0000 -0.0000 -9.4947 36.1733 2.0837 -0.0000 -0.0000 0.0000 50.3031 19.6466 -3.0474 -155.6307 35.5524 -112.0797 0.0000 -0.0000 -15.1801 -14.5645 27.2805 -6.7912 7.1250 -0.0000 -0.0000 9.2822 -2.2480 9.0316
-0.7501 16.9178 2.8243 2.5349 54.1843 3.8181 0.0000 0.0000 0.0000 0.5913 -0.9746 -2.4492 2.9498 10.6133 30.9866 -0.1142 -17.0427 -10.8303 1.9373 -8.7342 -24.9672 0.0000 0.0000 0.0000 -1.5259 6.3260 -25.2005 -4.2797 -12.5236 37.6103 -0.2548 6.1049 -9.3264 -1.5805 7.9313 -22.5056 -0.1226 -1.4450 18.6951 2.5174 -1.6170 1.1395 3.2289 -0.6795 -9.1802 -21.6150 -14.5649 -2.6099 21.2688 -20.0959 3.3145 8.3150 -9.7569 5.8932 -0.0000 -0.0000 0.0000 -97.1987 -42.1204 65.3994 145.7991 -44.2330 -105.7470 -0.0000 0.0000 -6.4786 15.8013 5.8373 1.6486 -7.1250 0.0000 -0.0000 -9.1319 35.9174 2.0600 -0.0000 -0.0000 0.0000 54.4955 20.4343 0.7821 -157.6704 33.3475 -113.2339 0.0000 -0.0000 -13.1627 -15.6667 30.4733 -8.0950 7.1250 -0.0000 -0.0000 8.9109 1.1155 9.1938
-0.5948 16.6615 2.5674 1.4965 52.7843 1.1487 0.0000 0.0000 0.0000 0.4015 0.3317 -0.6987 3.2551 11.0970 32.6077 0.4348 -17.9935 -16.3436 2.5372 -9.9053 -28.6705 0.0000 0.0000 0.0000 -1.9403 6.3121 -25.8312 -4.8916 -13.2607 40.3523 -0.1446 7.7618 -8.1262 -1.8577 8.5633 -24.4384 -0.7787 -1.7975 18.4247 2.4993 -2.2253 1.5708 3.7107 -0.9601 -8.4986 -21.4359 -14.4684 -3.8952 20.9272 -19.9589 5.1297 8.1012 -9.5923 6.5756 0.0000 -0.0000 0.0000 -97.8082 -42.4197 66.3738 145.2420 -44.6385 -105.3570 -0.0000 0.0000 -7.0134 16.0236 5.8336 1.6720 -7.1250 0.0000 -0.0000 -8.9473 35.9253 2.0158 0.0000 -0.0000 0.0000 55.9818 22.2714 1.6424 -158.2797 32.6595 -113.5657 0.0000 -0.0000 -12.3131 -16.1867 32.0814 -8.7644 7.1250 -0.0000 -0.0000 8.7825 2.8089 9.3103
-0.4240 16.4248 2.2366 1.1110 51.9398 -1.0341 0.0000 0.0000 0.0000 -0.4853 1.9514 0.3364 3.6266 11.6462 34.4914 1.2801 -17.7779 -22.2243 2.9636 -10.6359 -31.0614 0.0000 0.0000 0.0000 -3.0099 6.5671 -25.5286 -5.3105 -13.7251 42.1474 -0.0970 8.1048 -7.4947 -1.8489 8.5440 -24.3791 -0.5725 -2.1598 18.9409 1.5832 -2.7568 1.0767 2.7771 -1.2277 -9.3475 -20.1919 -14.0555 -2.9898 20.5311 -19.8125 6.7676 7.8852 -9.5345 6.7162 0.0000 0.0000 0.0000 -97.6532 -40.0145 67.5418 145.2776 -44.6129 -105.3819 -0.0000 0.0000 -6.4876 14.7585 5.6320 1.4810 -7.1250 0.0000 -0.0000 -9.9633 35.6535 2.3171 0.0000 0.0000 0.0000 59.5280 20.6387 4.9599 -159.7326 30.9632 -114.3317 0.0000 -0.0000 -10.6046 -15.6649 31.7219 -8.3877 7.1250 -0.0000 -0.0000 9.0384 2.3605 9.5203
-0.2660 16.2603 1.9025 1.7974 51.4952 -1.7653 0.0000 0.0000 0.0000 -2.1240 2.8463 1.4864 3.8945 12.0187 35.7983 1.6748 -19.7249 -25.2699 1.4974 -7.7297 -21.8962 0.0000 0.0000 0.0000 -4.8125 7.8358 -24.3881 -5.3694 -13.7881 42.3953 -0.1469 7.6115 -8.0987 -2.7687 10.3109 -29.9896 -2.1072 -2.5850 18.6492 1.7544 -3.6207 1.4104 4.0238 -1.5945 -8.6686 -20.9504 -14.1601 -4.8838 20.2763 -19.7987 8.4751 7.7833 -9.4146 7.6280 -0.0000 0.0000 0.0000 -99.0984 -39.5424 68.2350 145.3318 -44.5737 -105.4200 -0.0000 0.0000 -7.6150 13.4379 7.5945 1.8087 -7.1250 0.0000 -0.0000 -11.3866 37.5617 2.1179 -0.0000 0.0000 0.0000 59.3253 21.0975 6.7126 -160.4830 30.0560 -114.7127 0.0000 -0.0000 -8.9735 -16.5126 28.6922 -8.1004 7.1250 -0.0000 -0.0000 8.2494 -0.5296 8.2592
-0.0923 16.3004 1.5145 2.0774 50.7664 -1.7156 0.0000 0.0000 0.0000 -3.9807 2.3909 1.4150 4.1020 12.2949 36.7834 1.5145 -21.6870 -25.0635 0.6141 -5.0156 -13.9532 0.0000 0.0000 0.0000 -5.9260 10.0052 -22.5933 -4.7793 -13.1308 39.8603 -0.1868 4.2851 -7.7977 -3.7965 11.8845 -35.3246 -2.3222 -3.0303 18.2014 1.7579 -4.2524 1.3330 4.2763 -1.8992 -8.4400 -21.0162 -14.4341 -6.8034 19.8373 -19.9645 9.8154 7.4879 -9.3754 8.3853 0.0000 -0.0000 0.0000 -100.0438 -38.0602 69.0507 145.1827 -44.6812 -105.3153 -0.0000 0.0000 -7.1074 13.2002 7.2448 1.6943 -7.1250 0.0000 -0.0000 -11.5216 37.1950 2.2491 0.0000 -0.0000 0.0000 59.0439 20.8169 7.3028 -160.9647 29.4625 -114.9518 0.0000 -0.0000 -7.8812 -15.9840 29.6355 -8.0618 7.1250 -0.0000 -0.0000 8.6469 0.3300 8.7971
0.0532 16.4337 1.1320 2.0933 49.6473 -1.4394 0.0000 0.0000 0.0000 -5.5911 3.5674 -0.1998 4.1472 12.3538 36.9953 1.9168 -18.6369 -26.3182 1.8219 -8.4848 -24.1967 0.0000 0.0000 0.0000 -6.5718 12.7662 -20.5849 -3.9207 -12.0541 35.9235 -0.0964 -0.4808 -6.0599 -3.5636 11.5559 -34.1784 -2.3409 -2.6621 17.5246 1.5679 -3.7915 1.0247 3.9402 -1.6824 -8.4536 -20.7066 -13.9232 -3.7628 21.9186 -19.6947 6.8687 8.4037 -9.3876 7.0865 -0.0000 0.0000 0.0000 -100.9521 -36.0913 71.8201 145.5372 -44.4247 -105.5640 -0.0000 0.0000 -7.8111 12.9123 8.0317 1.8347 -7.1250 0.0000 -0.0000 -11.9093 37.9656 2.0983 -0.0000 0.0000 0.0000 59.8673 17.9633 7.4285 -161.8391 28.3627 -115.3746 0.0000 -0.0000 -7.1541 -15.8924 30.6731 -8.2641 7.1250 -0.0000 -0.0000 8.8013 1.3527 9.1138
0.2158 16.6336 0.7825 1.6718 47.9080 -1.6197 0.0000 0.0000 0.0000 -6.8637 5.4895 0.0846 3.7880 11.8728 35.2834 1.8475 -17.8613 -25.7089 1.7217 -8.2607 -23.5087 0.0000 0.0000 0.0000 -6.4201 14.3036 -19.3266 -3.1979 -11.0088 32.3095 0.0865 -5.4085 -3.5272 -2.1972 9.2654 -26.6290 -2.0572 -2.8260 16.8599 1.8725 -3.9209 0.9973 4.0947 -1.7626 -8.1015 -21.0903 -13.6870 -4.2538 22.0304 -19.2258 6.6108 8.5557 -9.1445 7.0412 -0.0000 0.0000 0.0000 -100.6086 -34.6789 71.6842 146.2032 -43.9336 -106.0281 -0.0000 0.0000 -8.8439 11.0438 10.8692 2.1077 -7.1250 0.0000 -0.0000 -14.1151 40.6392 1.5529 -0.0000 0.0000 0.0000 59.7435 17.5006 8.9969 -161.7428 28.4852 -115.3288 0.0000 -0.0000 -6.9690 -16.4477 30.7449 -8.5824 7.1250 -0.0000 -0.0000 8.4906 1.5190 8.8090
0.3207 16.8096 0.4919 1.6801 46.3219 -1.0840 0.0000 0.0000 0.0000 -8.6488 5.4993 0.4394 3.4528 11.3943 33.6214 1.7644 -16.6470 -24.9029 1.2423 -7.0675 -19.9154 0.0000 0.0000 0.0000 -5.6563 11.6594 -21.3770 -3.0825 -10.8274 31.7000 0.1982 -7.9046 -2.0586 -1.0633 6.5558 -18.4059 -2.5215 -2.8065 16.1489 2.0432 -3.9691 0.6818 4.5180 -1.7701 -8.0008 -21.0665 -13.3245 -3.9084 22.0948 -18.7687 6.4890 8.6852 -8.9488 6.8449 0.0000 0.0000 0.0000 -99.8742 -33.6267 71.9403 146.0718 -44.0314 -105.9369 -0.0000 0.0000 -8.5508 12.0938 9.6255 2.0519 -7.1250 0.0000 -0.0000 -12.9291 39.4956 1.7886 0.0000 0.0000 0.0000 60.2594 16.6916 10.4153 -161.8043 28.4071 -115.3580 0.0000 -0.0000 -5.8450 -16.5525 30.9996 -8.7029 7.1250 -0.0000 -0.0000 8.4577 1.7921 8.8135
0.3555 16.9242 0.2587 0.7997 44.7748 -1.4007 0.0000 0.0000 0.0000 -9.0263 6.1822 -0.0768 3.3315 11.2133 33.0027 1.7827 -15.3354 -24.7102 1.2697 -7.1420 -20.1366 0.0000 0.0000 0.0000 -3.2670 8.4999 -24.3309 -3.5934 -11.5988 34.3270 0.0455 -3.7902 -1.1263 -1.3721 7.4131 -20.9452 -2.6625 -2.9249 15.9943 2.5062 -4.1120 0.5830 5.1223 -1.8263 -7.9641 -21.2920 -13.2054 -5.6660 21.4156 -18.3583 7.7256 8.4602 -8.6558 7.3868 0.0000 0.0000 0.0000 -99.2059 -33.5654 71.7388 146.2552 -43.8948 -106.0642 -0.0000 0.0000 -8.0588 11.9104 9.8582 2.0682 -7.1250 0.0000 -0.0000 -13.1369 39.7121 1.7471 0.0000 0.0000 0.0000 59.8251 18.3050 11.2224 -161.0911 29.3053 -115.0138 0.0000 -0.0000 -5.1059 -16.8403 30.5651 -8.7503 7.1250 -0.0000 -0.0000 8.2467 1.4066 8.5347
0.4037 16.9868 0.0558 2.5332 43.8370 -0.7025 0.0000 0.0000 0.0000 -11.6096 6.0741 0.8323 3.1790 10.9794 32.2104 1.8726 -13.4485 -24.9216 1.1756 -6.8818 -19.3656 0.0000 0.0000 0.0000 -2.8484 5.2941 -26.2607 -4.4764 -12.7687 38.5088 -0.0022 0.0818 -0.8574 -1.1934 6.9320 -19.5141 -4.0739 -2.9929 16.1971 2.0484 -4.5015 0.8597 5.5088 -1.9883 -7.6658 -21.5033 -13.0575 -6.6680 21.5585 -18.0606 8.3290 8.5514 -8.4437 7.7258 -0.0000 -0.0000 0.0000 -98.7010 -34.0836 71.7213 146.4109 -43.7780 -106.1720 -0.0000 0.0000 -7.4506 12.0262 9.7985 2.0764 -7.1250 0.0000 -0.0000 -13.0248 39.6622 1.7479 -0.0000 -0.0000 0.0000 60.1378 19.3408 11.8378 -160.5350 29.9923 -114.7387 0.0000 -0.0000 -5.5321 -17.8856 30.3208 -9.2533 7.1250 -0.0000 -0.0000 7.6194 1.3459 7.8655
0.4077 17.0374 -0.1045 2.4817 43.2819 -0.9111 0.0000 0.0000 0.0000 -12.2292 6.1468 0.7864 3.1347 10.9100 31.9770 1.9076 -12.3667 -24.9948 1.2194 -7.0042 -19.7279 0.0000 0.0000 0.0000 -1.3279 4.7213 -26.7278 -5.0776 -13.4706 41.1567 -0.0168 -1.5424 -3.5086 -0.7343 5.4745 -15.2670 -4.5348 -2.9577 16.2182 1.8643 -4.5589 0.8146 5.5868 -2.0018 -7.6994 -21.0341 -12.9691 -6.4083 21.2294 -17.9905 8.3721 8.3902 -8.4273 7.5920 0.0000 -0.0000 0.0000 -98.8945 -34.1591 72.3218 146.1877 -43.9452 -106.0174 -0.0000 0.0000 -6.8151 12.1987 9.8121 2.1099 -7.1250 0.0000 -0.0000 -12.8808 39.6895 1.7190 0.0000 -0.0000 0.0000 60.9055 19.8673 12.1895 -159.8710 30.7974 -114.4028 0.0000 -0.0000 -4.4527 -18.1809 29.2990 -9.1302 7.1250 -0.0000 -0.0000 7.3361 0.3672 7.4441
0.4317 17.0209 -0.2222 2.9126 43.8636 -1.2851 0.0000 0.0000 0.0000 -12.7741 6.0270 0.8467 3.2804 11.1357 32.7388 1.8829 -13.1705 -24.9444 1.0051 -6.3795 -17.8896 0.0000 0.0000 0.0000 -0.8791 3.9714 -25.2375 -4.9894 -13.3719 40.7769 -0.0284 -3.0379 -5.6375 -1.0687 6.5719 -18.4532 -4.7694 -3.4150 16.4578 1.5029 -5.2357 1.1072 5.4709 -2.3427 -7.4447 -21.4227 -12.8269 -6.5330 21.6383 -17.7959 8.3813 8.6286 -8.3225 7.6592 0.0000 -0.0000 0.0000 -99.5297 -34.6130 72.7199 145.6772 -44.3225 -105.6618 -0.0000 0.0000 -7.6579 14.2861 7.5884 1.9259 -7.1250 0.0000 -0.0000 -10.6742 37.6108 1.9685 0.0000 -0.0000 0.0000 61.2018 19.3377 12.0664 -160.4410 30.1074 -114.6916 0.0000 -0.0000 -4.2998 -18.0737 29.9134 -9.2435 7.1250 -0.0000 -0.0000 7.4655 0.9688 7.6555
0.4286 16.9639 -0.3029 2.3151 44.2153 -1.6352 0.0000 0.0000 0.0000 -12.2972 5.5850 -0.3380 3.6285 11.6489 34.5009 1.9146 -14.3745 -25.3327 0.9125 -6.0867 -17.0363 0.0000 0.0000 0.0000 -0.1502 4.5710 -24.2901 -4.5763 -12.8901 38.9586 0.0511 -5.9709 -6.8893 -1.7797 8.3914 -23.9093 -4.5650 -3.5301 15.9379 1.5207 -5.3236 1.2512 5.3378 -2.4150 -7.0075 -21.7911 -12.9079 -6.5375 21.6891 -17.8971 8.4871 8.6861 -8.3796 7.7584 0.0000 0.0000 0.0000 -100.7296 -34.9253 73.4361 145.4351 -44.4989 -105.4925 -0.0000 0.0000 -7.6393 14.0404 7.8907 1.9663 -7.1250 0.0000 -0.0000 -10.9347 37.9001 1.9392 0.0000 0.0000 0.0000 60.8696 19.3811 11.4244 -160.2957 30.2844 -114.6186 0.0000 -0.0000 -5.0502 -17.6741 29.5892 -8.9415 7.1250 -0.0000 -0.0000 7.6618 0.5708 7.8076
0.4506 16.8823 -0.4031 2.8916 44.3447 -1.3235 0.0000 0.0000 0.0000 -12.8404 5.7531 -1.5188 4.0184 12.1849 36.3893 1.9897 -15.3656 -25.9673 0.8997 -6.0452 -16.9157 0.0000 0.0000 0.0000 -1.0265 4.3255 -24.1762 -4.4557 -12.7433 38.4149 0.0145 -5.2311 -6.9822 -1.5967 7.9699 -22.6227 -4.4471 -3.6175 16.1072 1.0749 -5.4663 1.0945 4.8469 -2.4783 -7.3103 -21.3052 -12.9349 -6.3978 20.8917 -17.9307 8.7844 8.3290 -8.4221 7.6932 -0.0000 -0.0000 0.0000 -101.4728 -34.7134 73.9078 144.9238 -44.8665 -105.1329 -0.0000 0.0000 -7.2197 13.5230 8.6256 2.0658 -7.1250 0.0000 -0.0000 -11.5094 38.6043 1.8420 -0.0000 -0.0000 0.0000 60.3923 19.9446 11.2614 -159.9144 30.7454 -114.4250 0.0000 -0.0000 -4.3595 -18.0305 29.0097 -8.9706 7.1250 -0.0000 -0.0000 7.3928 0.0481 7.4613
0.4420 16.8281 -0.4535 3.1540 43.7830 -1.3691 0.0000 0.0000 0.0000 -12.9519 6.4867 -2.1045 4.2494 12.4851 37.4703 2.0443 -15.7949 -26.3722 0.9804 -6.3028 -17.6656 0.0000 0.0000 0.0000 -1.4714 5.0255 -24.5098 -4.5533 -12.8623 38.8553 0.0157 -5.0957 -6.7333 -1.2727 7.1500 -20.1605 -4.6451 -3.3368 16.3366 0.7383 -5.1636 1.1925 4.5502 -2.3273 -7.3789 -21.5165 -12.8960 -6.4400 21.7085 -17.9868 8.8027 8.6444 -8.4142 7.8378 0.0000 0.0000 0.0000 -101.4103 -34.6305 74.1444 145.0311 -44.7899 -105.2086 -0.0000 0.0000 -6.9956 13.2450 9.3876 2.1987 -7.1250 0.0000 -0.0000 -11.8984 39.3482 1.6849 0.0000 0.0000 0.0000 60.3905 20.5342 11.1835 -159.1717 31.6274 -114.0404 0.0000 -0.0000 -2.8495 -19.0128 28.8964 -9.4535 7.1250 -0.0000 -0.0000 6.8063 0.1083 6.8677
0.4421 16.8293 -0.4884 2.4153 42.8479 -1.8641 0.0000 0.0000 0.0000 -12.4896 7.1222 -2.5340 4.3598 12.6244 37.9782 2.1163 -15.2969 -26.6981 1.0677 -6.5690 -18.4446 0.0000 0.0000 0.0000 -0.6749 5.2240 -25.0627 -4.5939 -12.9113 39.0374 0.0275 -5.0892 -6.2748 -2.1547 9.1812 -26.3637 -4.0983 -3.0895 16.2806 0.8076 -4.7258 1.2931 4.2180 -2.1351 -7.3229 -21.7193 -13.0026 -7.0131 21.8163 -18.0581 8.9996 8.6721 -8.4101 8.0533 -0.0000 -0.0000 0.0000 -101.2367 -34.2096 74.1167 144.9606 -44.8403 -105.1589 -0.0000 0.0000 -6.5917 13.4160 8.6696 2.0592 -7.1250 0.0000 -0.0000 -11.6085 38.6408 1.8478 -0.0000 -0.0000 0.0000 60.8682 19.8721 11.2896 -159.7740 30.9136 -114.3530 0.0000 -0.0000 -4.5635 -17.1522 28.6734 -8.4237 7.1250 -0.0000 -0.0000 7.8727 -0.4422 7.8867
0.4365 16.8512 -0.4973 3.0319 42.8014 -1.4985 0.0000 0.0000 0.0000 -13.1272 7.0715 -2.4104 4.3090 12.5607 37.7454 2.1108 -14.6915 -26.5620 1.1022 -6.6709 -18.7440 0.0000 0.0000 0.0000 -1.1636 4.9676 -24.8773 -4.4844 -12.7785 38.5448 0.0339 -5.0165 -5.8792 -1.8189 8.4781 -24.1760 -4.4512 -2.9218 16.4827 0.5209 -4.6054 1.1643 4.1054 -2.0575 -7.5827 -21.6447 -12.9260 -6.0875 22.2622 -18.1287 8.5018 8.8534 -8.4874 7.7922 -0.0000 -0.0000 0.0000 -100.7548 -33.0441 74.2570 145.9187 -44.1449 -105.8303 -0.0000 0.0000 -6.3261 11.6535 11.1329 2.2805 -7.1250 0.0000 -0.0000 -13.6555 40.9530 1.3922 -0.0000 -0.0000 0.0000 61.9622 18.8279 11.8521 -159.5916 31.1313 -114.2590 0.0000 -0.0000 -3.6598 -18.2582 29.6790 -9.2774 7.1250 -0.0000 -0.0000 7.3326 0.7651 7.4912
0.4259 16.8768 -0.4620 3.5910 42.9684 -1.1036 0.0000 0.0000 0.0000 -13.7208 6.5485 -1.9476 4.2025 12.4251 37.2528 2.0910 -13.9770 -26.3341 1.0660 -6.5639 -18.4297 0.0000 0.0000 0.0000 -1.4187 4.3756 -24.7736 -4.4205 -12.6998 38.2549 0.0339 -4.8424 -5.5684 -2.1511 9.1739 -26.3409 -5.1999 -2.9021 16.3654 0.5459 -4.7117 1.1132 4.5686 -2.0867 -7.5006 -21.4005 -12.9705 -6.5414 21.6982 -18.1173 8.9941 8.5945 -8.4625 7.9347 -0.0000 -0.0000 0.0000 -100.7454 -32.3676 74.1622 145.9187 -44.1449 -105.8303 -0.0000 0.0000 -6.7492 11.7222 10.8120 2.2290 -7.1250 0.0000 -0.0000 -13.5188 40.6416 1.4837 -0.0000 -0.0000 0.0000 62.4187 18.7030 12.2885 -159.4692 31.2765 -114.1956 0.0000 -0.0000 -3.3257 -17.1380 29.2323 -8.5639 7.1250 -0.0000 -0.0000 7.9365 0.1186 8.0303
0.4171 16.9098 -0.4225 2.9059 42.6550 -1.5900 0.0000 0.0000 0.0000 -13.2012 6.6191 -1.5956 4.1225 12.3217 36.8797 2.0960 -13.4015 -26.2839 1.0425 -6.4935 -18.2231 0.0000 0.0000 0.0000 -0.6226 4.8397 -24.3894 -4.3511 -12.6135 37.9385 0.0495 -5.2159 -5.5367 -2.3913 9.6375 -27.8107 -5.1165 -2.9470 16.1321 1.0970 -4.6866 1.4218 5.0744 -2.0967 -6.9981 -21.9622 -13.1435 -7.7817 21.3515 -18.0681 9.4482 8.5027 -8.3914 8.3047 0.0000 -0.0000 0.0000 -101.3386 -32.7271 73.9400 145.5686 -44.4018 -105.5859 -0.0000 0.0000 -6.8860 12.3783 9.9275 2.1668 -7.1250 0.0000 -0.0000 -12.7531 39.8187 1.6599 0.0000 -0.0000 0.0000 61.8990 19.5301 12.5112 -159.1945 31.6006 -114.0523 0.0000 -0.0000 -3.1501 -17.0206 29.0846 -8.4639 7.1250 -0.0000 -0.0000 7.9902 -0.0502 8.0620
0.4121 16.9286 -0.3949 2.1290 42.1300 -1.7293 0.0000 0.0000 0.0000 -12.7395 6.6687 -1.8862 4.1242 12.3239 36.8877 2.1862 -12.4939 -26.7220 1.0715 -6.5802 -18.4775 0.0000 0.0000 0.0000 0.0027 5.8600 -24.3424 -4.2458 -12.4805 37.4538 0.0444 -5.2281 -5.7993 -2.0586 8.9871 -25.7550 -4.5266 -2.9732 15.6013 1.3704 -4.5689 1.5611 4.9637 -2.0733 -6.5921 -21.7674 -13.1085 -8.4189 21.2315 -17.9187 9.5974 8.4269 -8.2777 8.3994 0.0000 -0.0000 0.0000 -101.7780 -33.4155 74.0302 145.3525 -44.5588 -105.4345 -0.0000 0.0000 -6.9975 12.1109 10.0917 2.1533 -7.1250 0.0000 -0.0000 -13.0182 39.9602 1.6495 0.0000 -0.0000 0.0000 61.6868 20.0517 12.2489 -158.9379 31.9007 -113.9173 0.0000 -0.0000 -3.5675 -17.7467 30.2703 -9.1643 7.1250 -0.0000 -0.0000 7.6937 1.2701 7.9337
0.4087 16.9239 -0.3981 0.7927 40.7609 -2.3348 0.0000 0.0000 0.0000 -11.7510 7.0422 -2.2340 4.2690 12.5100 37.5608 2.2560 -13.0686 -27.1950 0.5446 -4.7279 -13.1341 0.0000 0.0000 0.0000 1.1647 6.7657 -24.8366 -4.1992 -12.4208 37.2373 0.0250 -4.4941 -5.3742 -1.9994 8.8649 -25.3737 -3.2935 -2.9208 15.6620 1.5576 -4.2801 1.3932 4.4257 -1.9505 -6.9151 -21.2001 -12.9358 -8.7419 20.8865 -17.7023 10.0758 8.2489 -8.1468 8.4670 -0.0000 -0.0000 0.0000 -101.5015 -33.3771 73.8902 145.6986 -44.3068 -105.6769 -0.0000 0.0000 -7.4237 11.7444 10.4683 2.1632 -7.1250 0.0000 -0.0000 -13.4184 40.3032 1.5865 -0.0000 -0.0000 0.0000 61.5061 19.8291 12.0462 -158.7711 32.0946 -113.8289 0.0000 -0.0000 -4.0734 -18.0962 30.1976 -9.3339 7.1250 -0.0000 -0.0000 7.4842 1.2596 7.7125
0.4253 16.8876 -0.4216 0.9910 38.9558 -1.6510 0.0000 0.0000 0.0000 -12.4979 7.6608 -3.0808 4.4092 12.6858 38.2036 2.5948 -10.4193 -29.0062 1.0072 -6.3860 -17.9085 0.0000 0.0000 0.0000 0.7976 7.2542 -26.2530 -4.2130 -12.4385 37.3015 -0.0162 -2.6231 -4.6355 -1.4933 7.7197 -21.8658 -3.0618 -2.7441 15.6237 1.4921 -4.0301 0.6833 4.2066 -1.8051 -7.7046 -20.3857 -12.4063 -7.3955 20.1734 -17.1772 10.0683 8.0376 -7.9906 7.9454 0.0000 -0.0000 0.0000 -101.6826 -32.5326 74.1747 145.7708 -44.2538 -105.7273 -0.0000 0.0000 -6.5878 12.1303 9.5387 2.0399 -7.1250 0.0000 -0.0000 -12.8791 39.4123 1.8084 0.0000 -0.0000 0.0000 60.8452 18.6409 12.0616 -158.3607 32.5670 -113.6094 0.0000 -0.0000 -5.4543 -19.2750 30.7538 -10.1386 7.1250 -0.0000 -0.0000 6.8729 2.0404 7.1643
0.4502 16.8229 -0.4295 0.9200 36.1350 -1.6486 0.0000 0.0000 0.0000 -12.4538 9.7516 -3.5606 4.5946 12.9122 39.0407 2.7230 -10.7167 -29.7362 0.8525 -5.8884 -16.4611 0.0000 0.0000 0.0000 0.6930 8.9739 -27.3490 -4.3035 -12.5537 37.7199 -0.0422 -0.3261 -4.0128 -1.0488 6.5123 -18.2784 -2.9457 -2.5470 15.7751 1.6960 -3.7298 0.9494 4.2950 -1.6685 -7.5212 -19.1405 -12.2717 -9.3346 19.3567 -16.7860 10.8322 7.5352 -7.6764 8.2526 0.0000 -0.0000 0.0000 -102.3685 -33.3975 74.5480 146.0389 -44.0559 -105.9140 -0.0000 0.0000 -5.5921 12.2692 9.8504 2.1307 -7.1250 0.0000 -0.0000 -12.8292 39.7333 1.6977 0.0000 -0.0000 0.0000 59.0299 18.8636 11.3795 -157.8862 33.1054 -113.3521 0.0000 -0.0000 -8.5310 -20.1134 29.2221 -10.1365 7.1250 -0.0000 -0.0000 6.2016 0.6439 6.3078
0.5125 16.7658 -0.4223 0.9312 32.0411 -1.4633 0.0000 0.0000 0.0000 -12.3419 13.4512 -4.2080 4.7148 13.0553 39.5758 2.7450 -11.9736 -29.8966 0.6987 -5.3432 -14.8902 0.0000 0.0000 0.0000 0.9074 10.5950 -29.1376 -4.5428 -12.8497 38.8084 -0.0255 2.3144 -3.0504 -1.3610 7.3843 -20.8592 -3.0676 -2.3649 15.7418 2.2198 -3.4658 1.1645 4.8607 -1.5400 -7.2537 -18.7252 -11.9519 -11.6711 18.7155 -16.0634 12.0366 7.2874 -7.2084 8.8150 0.0000 0.0000 0.0000 -103.3467 -34.3586 74.6028 146.0738 -44.0300 -105.9382 -0.0000 0.0000 -3.3964 13.4077 9.1489 2.1706 -7.1250 0.0000 -0.0000 -11.7111 39.1214 1.7240 0.0000 0.0000 0.0000 56.8721 17.9000 9.9331 -157.4764 33.5637 -113.1269 0.0000 -0.0000 -11.5568 -20.9567 32.4611 -11.6162 7.1250 -0.0000 -0.0000 6.1492 4.1061 6.6108
0.6074 16.7349 -0.3928 1.3305 28.4036 -1.0551 0.0000 0.0000 0.0000 -12.9996 16.1291 -4.3499 4.6942 13.0309 39.4844 2.7945 -10.7491 -30.1351 1.1944 -6.9348 -19.5223 0.0000 0.0000 0.0000 0.6904 11.5101 -30.6089 -4.6480 -12.9761 39.2791 0.0331 4.0742 -1.1685 -0.8525 5.8884 -16.4610 -3.3144 -2.9195 15.4801 2.3353 -4.2347 1.0444 5.2679 -1.9096 -7.1323 -17.3909 -10.9062 -12.6217 18.5388 -14.8679 13.5152 7.2286 -6.5220 9.1108 -0.0000 -0.0000 0.0000 -102.8601 -35.2261 72.7817 146.1260 -43.9912 -105.9745 -0.0000 0.0000 -1.1199 12.9530 9.7140 2.2225 -7.1250 0.0000 -0.0000 -12.2161 39.6520 1.6385 -0.0000 -0.0000 0.0000 55.4826 15.4774 8.5991 -157.5721 33.4573 -113.1797 0.0000 -0.0000 -12.6338 -19.8021 28.5928 -9.7772 7.1250 -0.0000 -0.0000 6.3094 -0.0562 6.3418
0.7150 16.7603 -0.3478 1.8275 24.8264 -0.1733 0.0000 0.0000 0.0000 -14.1335 17.7832 -4.5781 4.6549 12.9842 39.3095 2.7258 -10.1811 -29.7490 1.3408 -7.3314 -20.7010 0.0000 0.0000 0.0000 0.4202 12.5939 -32.1591 -4.6813 -13.0156 39.4270 0.0919 5.7975 -0.2150 -1.0562 6.5346 -18.3438 -3.6036 -3.6409 15.4827 2.5917 -5.2360 0.3354 5.9498 -2.3492 -7.7395 -15.9283 -9.7356 -12.6177 18.2190 -13.6593 15.0020 7.1268 -5.8786 9.2279 0.0000 0.0000 0.0000 -101.7711 -35.2061 69.6498 145.3909 -44.5310 -105.4615 -0.0000 0.0000 -0.5926 14.6820 7.2222 1.8866 -7.1250 0.0000 -0.0000 -10.2795 37.2650 1.9820 0.0000 0.0000 0.0000 53.8383 11.7784 4.4528 -157.8962 33.0942 -113.3575 0.0000 -0.0000 -16.5169 -19.3356 27.3219 -9.1493 7.1250 -0.0000 -0.0000 6.4454 -1.4376 6.3221
0.8302 16.7978 -0.2904 2.2666 20.7893 0.3726 0.0000 0.0000 0.0000 -15.4094 19.0410 -4.7180 4.7090 13.0484 39.5499 2.5523 -8.7275 -28.7794 1.8727 -8.5958 -24.5389 0.0000 0.0000 0.0000 0.4856 13.4386 -33.2935 -4.6289 -12.9533 39.1938 0.1848 7.7165 1.3865 -1.4886 7.7080 -21.8307 -3.7972 -4.3153 15.3594 3.2173 -6.1093 0.6349 6.8685 -2.7912 -7.1487 -15.1686 -8.7825 -14.2465 18.1069 -12.4581 16.5330 7.1703 -5.1720 9.7612 -0.0000 0.0000 0.0000 -99.9087 -37.5234 64.7222 145.2569 -44.6279 -105.3674 -0.0000 0.0000 -2.1389 15.2042 7.8393 2.1229 -7.1250 0.0000 -0.0000 -9.9453 37.9263 1.7528 -0.0000 0.0000 0.0000 51.8028 7.8541 -2.2497 -158.1645 32.7906 -113.5035 0.0000 -0.0000 -22.2457 -20.3531 26.8781 -9.5205 7.1250 -0.0000 -0.0000 5.7907 -1.7108 5.6444
0.9296 16.8586 -0.1968 2.6373 16.5922 0.9903 0.0000 0.0000 0.0000 -16.5838 19.6686 -4.9002 4.8366 13.1974 40.1120 2.2419 -8.8138 -26.9096 1.8827 -8.6173 -24.6053 0.0000 0.0000 0.0000 0.4665 15.7176 -34.2764 -4.6010 -12.9199 39.0692 0.2042 7.9939 2.4761 -1.5371 7.8267 -22.1890 -3.8329 -5.0314 15.8659 3.8867 -7.0303 0.1137 7.8937 -3.1861 -7.7771 -13.6897 -7.2458 -12.9428 16.7733 -10.5970 17.4852 6.7760 -4.3793 9.2991 0.0000 -0.0000 0.0000 -95.5370 -37.8834 56.9740 145.4106 -44.5167 -105.4753 -0.0000 0.0000 -3.4451 16.4338 8.2456 2.4223 -7.1250 0.0000 -0.0000 -8.9726 38.4267 1.4666 0.0000 -0.0000 0.0000 50.5821 1.3825 -9.6776 -158.0057 32.9706 -113.4173 0.0000 -0.0000 -27.2826 -18.5050 23.4329 -7.5815 7.1250 -0.0000 -0.0000 6.5944 -5.5543 5.9657
1.0076 16.8913 -0.1144 2.9512 12.6448 1.8106 0.0000 0.0000 0.0000 -17.4174 20.1800 -5.6791 5.1461 13.5465 41.4502 1.8720 -10.5951 -24.6014 1.7619 -8.3514 -23.7865 0.0000 0.0000 0.0000 0.4395 17.7756 -35.8660 -4.6713 -13.0038 39.3827 0.1689 7.2724 2.3251 -1.5887 7.9510 -22.5654 -3.5622 -5.7502 16.0670 4.7929 -7.8624 0.7632 8.8496 -3.6494 -6.9569 -12.8181 -6.1950 -14.6024 15.6630 -9.0145 18.5925 6.4618 -3.5956 9.6077 0.0000 -0.0000 0.0000 -89.0588 -40.1527 46.4713 146.1684 -43.9595 -106.0040 -0.0000 0.0000 -5.3173 17.0961 8.2734 2.5341 -7.1250 0.0000 -0.0000 -8.4138 38.5024 1.3579 0.0000 -0.0000 0.0000 50.7229 -4.9778 -18.7460 -156.9537 34.1394 -112.8358 0.0000 -0.0000 -33.6803 -17.7068 21.5567 -6.6906 7.1250 -0.0000 -0.0000 6.9626 -7.5929 6.0274
1.0782 16.8710 0.0079 3.5554 9.0157 2.2329 0.0000 0.0000 0.0000 -18.2115 20.3927 -5.9902 5.5309 13.9579 43.0689 1.4256 -12.0564 -21.7373 2.0634 -8.9969 -25.7855 0.0000 0.0000 0.0000 0.3169 19.2652 -37.2999 -4.9528 -13.3304 40.6184 0.1723 7.4638 1.2762 -1.5620 7.8871 -22.3716 -3.3926 -6.5143 16.2875 5.6663 -8.7928 2.0325 9.7687 -4.2257 -5.4268 -12.1359 -5.3122 -16.6933 14.0974 -7.4033 19.1168 5.9991 -2.8644 9.8187 0.0000 -0.0000 0.0000 -80.4369 -40.8683 32.6689 147.9164 -42.6137 -107.2026 -0.0000 0.0000 -8.4548 17.2911 8.6395 2.6773 -7.1250 0.0000 -0.0000 -8.3065 38.8945 1.2596 0.0000 -0.0000 0.0000 52.7956 -10.9094 -27.2887 -153.9341 37.2737 -111.0725 0.0000 -0.0000 -38.3292 -16.6593 20.7106 -6.0409 7.1250 -0.0000 -0.0000 7.5804 -8.5960 6.4202
1.1409 16.7659 0.1264 4.7064 4.8621 3.2002 0.0000 0.0000 0.0000 -19.9800 20.4599 -7.3104 6.0298 14.4572 45.1012 1.1541 -13.8512 -20.1694 2.5745 -9.9721 -28.8865 0.0000 0.0000 0.0000 -1.1514 21.5807 -39.9568 -5.4374 -13.8600 42.6796 0.2643 9.3326 1.0781 -1.0397 6.4851 -18.1985 -4.2041 -7.4501 18.3017 6.9844 -10.1026 1.7088 12.3032 -4.7970 -6.2199 -12.9313 -2.7619 -15.4050 12.4795 -3.3408 18.6271 6.0726 -1.2366 8.7703 -0.0000 0.0000 0.0000 -71.6845 -35.1346 15.5043 151.0467 -39.9792 -109.2693 -0.0000 0.0000 -13.0346 19.0406 10.4487 3.5814 -7.1250 0.0000 -0.0000 -7.0924 40.9167 0.7183 -0.0000 0.0000 0.0000 54.3062 -18.7835 -32.1664 -148.4537 42.1825 -107.5649 0.0000 -0.0000 -43.0390 -16.2657 20.2379 -5.7633 7.1250 -0.0000 -0.0000 7.8093 -9.1269 6.5344
1.2038 16.5630 0.2327 5.7885 0.6796 4.1155 0.0000 0.0000 0.0000 -21.8878 20.3564 -8.5833 6.5927 14.9791 47.3164 1.0054 -16.4009 -19.8931 2.9907 -10.6800 -31.2081 0.0000 0.0000 0.0000 -3.1207 24.0129 -43.6388 -6.2557 -14.6717 45.9997 0.4262 12.1130 0.3235 -1.1056 6.6807 -18.7727 -3.6652 -7.4654 19.1298 7.1120 -10.0307 3.6788 12.0347 -4.9447 -4.5870 -10.4820 -1.2289 -19.1471 10.0201 -0.8413 17.5609 5.0803 -0.0345 8.7160 -0.0000 -0.0000 0.0000 -62.9887 -30.4079 -0.9952 154.1757 -37.0347 -111.2184 -0.0000 0.0000 -18.8491 20.5539 13.2659 4.9177 -7.1250 0.0000 -0.0000 -6.2514 44.0232 0.1513 -0.0000 -0.0000 0.0000 61.4920 -23.3410 -40.1199 -138.3842 48.9986 -100.3499 0.0000 -0.0000 -45.5040 -15.4851 19.8527 -5.3749 7.1250 -0.0000 -0.0000 8.2947 -9.6115 6.8677
1.2954 16.3012 0.3380 6.8216 -4.1575 5.2148 0.0000 0.0000 0.0000 -24.8391 20.4927 -10.7379 7.2219 15.5160 49.7088 1.2968 -16.3727 -21.8776 3.3984 -11.3136 -33.3451 0.0000 0.0000 0.0000 -5.3608 26.0577 -49.1184 -7.4624 -15.7092 50.6021 0.5813 14.0029 0.6953 -0.9294 6.1415 -17.1955 -3.3152 -6.9943 21.0644 7.8857 -9.2894 4.5511 12.8397 -4.6081 -4.7118 -10.2484 0.4386 -20.6886 6.6447 2.3140 15.9010 4.2172 1.1669 8.1203 0.0000 -0.0000 0.0000 -58.9700 -22.7661 -14.8554 155.9609 -35.2056 -112.2709 -0.0000 0.0000 -24.7889 23.7696 13.8618 6.0233 -7.1250 0.0000 -0.0000 -3.4102 45.0428 -0.0036 0.0000 -0.0000 0.0000 66.4182 -27.9697 -45.3210 -121.0979 56.0102 -86.5708 0.0000 -0.0000 -48.6742 -10.2965 20.9213 -3.7116 7.1250 -0.0000 -0.0000 11.6355 -9.0927 9.8616
1.3734 16.0032 0.4667 8.8963 -8.0638 6.2301 0.0000 0.0000 0.0000 -29.1349 20.0726 -12.8719 7.8986 16.0442 52.1966 1.9008 -14.8016 -25.3254 3.8062 -11.8980 -35.3719 0.0000 0.0000 0.0000 -8.4794 26.4743 -55.0072 -8.8744 -16.7262 55.6548 0.8623 16.6776 1.8755 -0.4285 4.2009 -11.6426 -4.0097 -6.4808 22.7365 7.8824 -8.7886 5.6861 13.3006 -4.4280 -4.3147 -9.3169 2.1448 -21.6693 3.6611 5.0278 12.9091 3.3038 2.2960 7.1541 -0.0000 0.0000 0.0000 -56.4835 -14.0362 -27.2259 157.8605 -33.1343 -113.3381 -0.0000 0.0000 -31.9722 26.5473 16.0400 7.8599 -7.1250 0.0000 -0.0000 -1.1456 47.7931 -0.0790 -0.0000 0.0000 0.0000 71.5220 -30.4619 -46.7084 -94.5297 59.9223 -63.9218 0.0000 -0.0000 -54.3764 -5.6174 20.8014 -2.0005 7.1250 -0.0000 -0.0000 14.5828 -9.6081 12.3624
1.3995 15.6946 0.6630 10.9787 -9.3995 6.7606 0.0000 0.0000 0.0000 -32.2868 18.4915 -13.1647 8.3135 16.3451 53.6844 2.3545 -14.2413 -27.9057 3.3353 -11.2190 -33.0219 0.0000 0.0000 0.0000 -11.1362 25.2122 -59.7963 -10.5320 -17.6984 61.2523 1.0519 18.8712 0.3164 -0.3461 3.7799 -10.4581 -3.7982 -5.5267 24.1682 7.8013 -7.4991 6.5733 12.9390 -3.8031 -4.4088 -9.6527 2.2366 -22.0711 1.9101 5.5211 9.9050 2.7671 2.4543 6.2492 0.0000 0.0000 0.0000 -58.4533 -8.4328 -31.3321 159.2441 -31.5423 -114.0783 -0.0000 0.0000 -35.4316 27.7763 15.5946 8.0593 -7.1250 0.0000 -0.0000 0.1070 47.4878 0.0066 0.0000 0.0000 0.0000 79.2074 -31.6402 -48.8377 -69.6834 58.3814 -42.5009 0.0000 -0.0000 -63.8307 -3.6233 20.1443 -1.2493 7.1250 -0.0000 -0.0000 15.8495 -10.3782 13.2665
1.3494 15.3881 0.9551 13.2229 -6.7897 6.5185 0.0000 0.0000 0.0000 -33.3930 17.4196 -10.6839 8.4279 16.4251 54.0896 2.8663 -14.8113 -30.7748 3.7607 -11.8350 -35.1506 0.0000 0.0000 0.0000 -13.1017 21.4492 -61.8344 -12.3587 -18.5382 67.1212 1.1863 20.5556 -1.1300 -0.4216 4.1675 -11.5483 -3.0455 -4.8401 24.8777 8.2294 -6.3651 7.0189 12.7885 -3.2328 -4.5683 -10.2088 1.9623 -21.2751 -0.7592 5.5254 7.9557 1.9362 2.2837 5.5722 -0.0000 0.0000 0.0000 -64.2669 -6.4476 -27.8699 159.9130 -30.7470 -114.4243 -0.0000 0.0000 -33.7000 26.4144 13.2514 6.4957 -7.1250 0.0000 -0.0000 -0.8706 44.7102 0.0062 -0.0000 0.0000 0.0000 86.8182 -29.8848 -53.2900 -51.4668 53.5702 -27.3500 0.0000 -0.0000 -64.0306 -2.2195 20.8864 -0.7916 7.1250 -0.0000 -0.0000 16.6946 -9.7500 14.2619
1.1920 15.1813 1.3108 14.7447 -0.4937 6.8641 0.0000 0.0000 0.0000 -31.5199 16.6344 -7.4300 8.3323 16.3583 53.7510 2.6005 -19.1974 -30.1361 2.6605 -10.1240 -29.3792 0.0000 0.0000 0.0000 -14.0277 16.4575 -61.3572 -13.8955 -19.0820 71.8850 0.9549 21.0636 -5.5810 -0.6905 5.3122 -14.8012 -1.6908 -4.3532 24.6631 9.3170 -5.2354 6.5071 13.0078 -2.5941 -5.3092 -11.8065 1.2471 -20.5744 -1.6161 4.9963 7.3856 1.8330 1.9409 5.3006 -0.0000 -0.0000 0.0000 -70.8119 -5.0717 -20.9762 160.7630 -29.7121 -114.8522 -0.0000 0.0000 -31.3737 23.7169 11.3657 4.9482 -7.1250 0.0000 -0.0000 -3.0866 42.3424 0.2026 -0.0000 -0.0000 0.0000 92.1864 -26.0883 -55.6362 -40.4616 48.3410 -18.7834 0.0000 -0.0000 -69.5212 -4.3410 19.7696 -1.4708 7.1250 -0.0000 -0.0000 15.4116 -10.6941 12.7670
0.9573 15.1556 1.6878 15.3085 9.3043 7.6987 0.0000 0.0000 0.0000 -27.1338 12.8147 -4.4380 8.3039 16.3383 53.6501 1.9697 -22.1169 -27.6916 2.4311 -9.7115 -28.0474 0.0000 0.0000 0.0000 -13.4065 11.1020 -57.7936 -14.7576 -19.3279 74.5056 0.1229 18.1034 -11.5697 -1.3305 7.3044 -20.6202 0.8157 -4.1380 23.6442 10.6521 -4.0969 5.1521 12.7985 -1.9044 -6.6498 -10.8168 -0.5925 -21.7410 -3.7646 2.7894 8.2784 0.7835 0.6478 5.9442 0.0000 -0.0000 0.0000 -76.1969 -3.7471 -13.9099 161.3938 -28.9264 -115.1611 -0.0000 0.0000 -28.5235 22.7304 8.4323 3.5154 -7.1250 0.0000 -0.0000 -3.6014 39.0867 0.5255 0.0000 -0.0000 0.0000 94.1238 -21.5534 -52.5172 -35.2304 44.9759 -14.9760 0.0000 -0.0000 -71.7774 -4.1020 20.1932 -1.4181 7.1250 -0.0000 -0.0000 15.5480 -10.3009 13.0187
0.7368 15.3001 2.0798 17.0507 19.8046 7.8845 0.0000 0.0000 0.0000 -23.7040 8.3354 -0.5898 7.9210 16.0608 52.2777 0.6244 -25.3120 -21.7089 1.9641 -8.7910 -25.1436 0.0000 0.0000 0.0000 -13.1637 6.5007 -50.8309 -14.7826 -19.3344 74.5811 -0.7849 13.1266 -17.0933 -1.9776 8.8194 -25.2319 1.8081 -3.2702 22.2143 11.2666 -2.6015 4.0453 12.4635 -1.0847 -7.4763 -13.5485 -2.7925 -20.9878 -1.5962 0.2483 8.8816 1.6257 -0.5141 6.0948 -0.0000 0.0000 0.0000 -78.8597 -2.6976 -10.3792 162.0170 -28.1354 -115.4588 -0.0000 0.0000 -27.7519 20.1258 8.4511 3.0828 -7.1250 0.0000 -0.0000 -5.8484 38.9092 0.8811 -0.0000 0.0000 0.0000 90.6658 -16.8646 -44.1913 -32.0082 42.5537 -12.7463 0.0000 -0.0000 -70.9631 -2.6127 20.0543 -0.8965 7.1250 -0.0000 -0.0000 16.4848 -10.5248 13.7951
0.5278 15.5674 2.4230 18.2043 31.7975 7.7665 0.0000 0.0000 0.0000 -19.3387 2.8712 1.7768 7.7119 15.9032 51.5182 -0.6200 -25.6601 -13.8605 1.8926 -8.6387 -24.6714 0.0000 0.0000 0.0000 -11.1778 0.4330 -42.2204 -14.0089 -19.1167 72.2317 -1.3304 8.0562 -20.6310 -2.4741 9.7906 -28.3014 3.4975 -2.4717 21.1414 11.5929 -0.9823 2.5142 11.4061 -0.2210 -8.9782 -14.4013 -5.9725 -17.8970 -1.1247 -4.4212 8.1361 1.4332 -2.7195 5.6561 -0.0000 0.0000 0.0000 -78.7666 -3.0305 -9.5005 161.4114 -28.9043 -115.1696 -0.0000 0.0000 -26.9334 18.9111 8.9498 3.0508 -7.1250 0.0000 -0.0000 -6.9648 39.3402 0.9769 -0.0000 0.0000 0.0000 82.3190 -13.1444 -37.1596 -32.9145 43.2642 -13.3634 0.0000 -0.0000 -69.1835 -5.3596 19.8682 -1.8262 7.1250 -0.0000 -0.0000 14.7662 -10.5310 12.2432
0.3739 15.9528 2.6930 17.5847 42.2749 7.1771 0.0000 0.0000 0.0000 -14.0436 -0.8319 1.0737 7.6730 15.8734 51.3760 -1.4148 -24.8408 -5.8824 2.2705 -9.4082 -27.0808 0.0000 0.0000 0.0000 -7.5567 -3.2117 -33.9525 -12.4281 -18.5658 67.3396 -1.5082 2.9435 -22.4515 -2.2735 9.4139 -27.0987 5.3411 -1.6003 18.3428 12.2838 0.4285 2.1880 10.5495 0.4352 -8.0545 -17.6953 -8.8881 -16.1378 1.2198 -8.1972 7.9426 2.2773 -4.4763 5.7749 -0.0000 0.0000 0.0000 -77.7029 -4.1506 -13.3034 161.0490 -29.3577 -114.9932 -0.0000 0.0000 -27.1599 19.2720 10.1447 3.5241 -7.1250 0.0000 -0.0000 -6.8396 40.6195 0.7427 -0.0000 0.0000 0.0000 68.5278 -4.1872 -37.9934 -34.4852 44.4410 -14.4517 0.0000 -0.0000 -69.4049 -5.5536 20.0559 -1.9098 7.1250 -0.0000 -0.0000 14.6390 -10.3356 12.1905
0.2611 16.3541 2.8599 17.6586 50.1890 7.2085 0.0000 0.0000 0.0000 -10.5247 -1.9339 -1.3740 7.5909 15.8099 51.0753 -1.2714 -21.4053 -1.5352 2.9439 -10.6036 -30.9544 0.0000 0.0000 0.0000 -4.9120 -4.7905 -27.1006 -10.6543 -17.7617 61.6537 -1.4736 -1.2123 -23.4112 -1.1120 6.6994 -18.8278 7.0436 -0.7414 16.8886 11.6997 1.8333 0.9110 8.4955 1.0558 -8.7990 -19.9320 -10.5406 -11.6001 2.4055 -11.1132 7.6301 2.7966 -5.8968 5.4068 -0.0000 0.0000 0.0000 -74.8558 -1.8445 -18.8439 161.5716 -28.7022 -115.2468 -0.0000 0.0000 -28.1991 16.7649 10.0759 3.0169 -7.1250 0.0000 -0.0000 -9.0090 40.3320 1.0465 -0.0000 0.0000 0.0000 53.3303 3.7469 -42.6962 -38.6911 47.2750 -17.4715 0.0000 -0.0000 -70.7506 -7.3582 18.1568 -2.3044 7.1250 -0.0000 -0.0000 13.5313 -12.0560 10.7171
0.1566 16.6678 2.9225 17.5972 55.1587 7.3301 0.0000 0.0000 0.0000 -8.4251 -1.0910 -4.4368 7.5751 15.7976 51.0173 -1.1963 -19.8971 0.8618 3.3725 -11.2749 -33.2128 0.0000 0.0000 0.0000 -2.8565 -5.2603 -22.2490 -9.1849 -16.9253 56.7275 -1.3217 -4.5915 -23.8076 -0.7068 5.3735 -14.9769 9.0767 0.0616 16.5452 10.4312 3.2564 -0.3561 5.5610 1.5674 -9.9693 -22.4154 -12.0968 -8.2961 4.0897 -13.7828 9.0997 3.4413 -7.2762 5.9306 -0.0000 0.0000 0.0000 -73.9802 0.9007 -19.2102 162.5790 -27.4094 -115.7207 -0.0000 0.0000 -24.4178 14.2574 7.8109 1.9779 -7.1250 0.0000 -0.0000 -10.7378 37.8340 1.9209 -0.0000 0.0000 0.0000 36.8546 12.6087 -46.4083 -45.4338 50.9792 -22.5753 0.0000 -0.0000 -70.4514 -7.6505 19.5135 -2.5691 7.1250 -0.0000 -0.0000 13.3188 -10.7077 10.9193
0.0147 16.9370 3.0982 14.6381 58.3352 4.8700 0.0000 0.0000 0.0000 -4.6648 2.1791 -7.3351 7.3401 15.6117 50.1491 -0.8705 -16.3255 7.7846 3.0869 -10.8345 -31.7236 0.0000 0.0000 0.0000 0.1900 0.2333 -16.0912 -7.8265 -15.9901 51.9352 -1.3395 -2.8752 -23.0661 -0.6980 5.3405 -14.8822 10.3010 0.9564 15.8758 10.1136 4.5193 -0.3069 4.2010 2.1071 -9.4544 -22.8590 -12.7034 -6.3526 4.1901 -15.0243 9.1635 3.4715 -7.9129 5.8374 -0.0000 0.0000 0.0000 -76.1043 2.2377 -15.5104 163.8166 -25.7687 -116.2747 -0.0000 0.0000 -20.7119 14.2618 6.7064 1.7003 -7.1250 0.0000 -0.0000 -10.5440 36.7165 2.1780 -0.0000 0.0000 0.0000 18.7920 20.5418 -48.8892 -52.5479 53.9728 -28.2221 0.0000 -0.0000 -68.2432 -8.9266 34.2179 -5.0477 7.1250 -0.0000 -0.0000 13.0036 3.7834 14.1939
-0.1268 17.0565 3.1928 19.1574 62.8754 10.0116 0.0000 0.0000 0.0000 -5.8268 2.2310 -10.1116 7.1791 15.4809 49.5486 -0.5097 -13.6077 10.7179 2.7550 -10.2875 -29.9127 0.0000 0.0000 0.0000 -1.5585 2.6752 -12.5571 -7.2205 -15.5148 49.7036 -1.2096 1.1780 -20.4383 -1.4493 7.6100 -21.5355 10.4658 1.5088 15.3430 7.1291 4.9033 -1.4591 0.7430 2.0738 -10.1015 -22.2977 -13.7349 -4.3217 5.9239 -17.1866 8.8969 3.7867 -8.8875 5.8064 0.0000 0.0000 0.0000 -76.9302 3.7764 -9.4576 164.3180 -25.0875 -116.4900 -0.0000 0.0000 -17.2506 11.2439 4.0140 0.7973 -7.1250 0.0000 -0.0000 -12.5744 33.8644 3.5062 0.0000 0.0000 0.0000 6.3278 22.6028 -49.6885 -58.0779 55.7756 -32.7467 0.0000 -0.0000 -67.4746 -100.0342 -83.1492 100.1049 7.1250 -0.0000 -0.0000 25.7946 57.8497 36.0242
-0.3538 17.0124 3.4455 22.2194 68.5068 13.0426 0.0000 0.0000 0.0000 -3.8893 0.8036 -11.4867 7.0943 15.4108 49.2302 -0.3405 -12.9026 13.0705 2.1666 -9.2048 -26.4381 0.0000 0.0000 0.0000 -0.5811 2.4579 -10.0023 -7.2003 -15.4982 49.6277 -1.2638 5.6494 -20.1370 -0.9115 6.0835 -17.0269 8.8015 1.4981 15.5131 5.7499 4.3852 -1.2702 0.2578 1.8591 -9.9859 -22.7559 -15.0687 -2.4149 9.0225 -19.6912 6.2445 4.6457 -9.9591 5.3538 -0.0000 -0.0000 0.0000 -80.1079 3.7340 -4.6698 164.3394 -25.0583 -116.4990 -0.0000 0.0000 -14.4526 9.8166 2.2083 0.3820 -7.1250 0.0000 -0.0000 -13.4283 32.0241 4.3693 -0.0000 -0.0000 0.0000 -3.2390 22.5691 -51.4196 -61.9412 56.8054 -35.9610 0.0000 -0.0000 -64.5483 -5.9183 22.3033 -2.2529 7.1250 -0.0000 -0.0000 14.3741 -8.1278 12.6117
-0.5776 16.9335 3.7554 25.0063 74.5829 15.6522 0.0000 0.0000 0.0000 -1.2139 -0.7102 -12.1655 6.5635 14.9530 47.2033 -0.6596 -15.9033 13.5717 2.5095 -9.8552 -28.5090 0.0000 0.0000 0.0000 2.1814 -1.7472 -9.8177 -7.4988 -15.7380 50.7367 -1.6433 2.7463 -23.5154 -1.1357 6.7681 -19.0303 7.8526 1.0204 17.0597 3.8068 3.4970 -1.3089 -1.1748 1.3633 -10.8691 -22.2142 -16.1373 -0.2061 12.6124 -21.8956 4.0268 5.5633 -10.9517 5.0174 0.0000 0.0000 0.0000 -80.6676 3.5691 -2.3588 163.7999 -25.7912 -116.2674 -0.0000 0.0000 -14.7682 10.9231 3.1030 0.5985 -7.1250 0.0000 -0.0000 -12.6885 32.9465 3.8282 0.0000 0.0000 0.0000 -6.6475 21.4207 -52.9784 -65.1019 57.5229 -38.6169 0.0000 -0.0000 -62.4980 -6.6197 23.1011 -2.6071 7.1250 -0.0000 -0.0000 13.9385 -7.2938 12.4396
-0.7733 16.8557 3.9926 24.6054 79.2332 16.0291 0.0000 0.0000 0.0000 1.3604 -2.4278 -12.7481 5.9247 14.3549 44.6787 -0.9185 -17.3303 11.5791 2.7226 -10.2319 -29.7311 0.0000 0.0000 0.0000 5.4140 -5.5873 -11.7518 -7.8128 -15.9799 51.8857 -1.9718 -0.5793 -26.7888 -0.9414 6.1797 -17.3067 6.5310 0.7775 18.6084 3.3174 3.0140 -1.7220 -0.8877 1.1358 -12.3011 -22.9337 -16.5326 2.1579 15.0092 -23.0473 2.8459 6.4057 -11.5617 4.8647 0.0000 -0.0000 0.0000 -83.0703 3.9494 -0.1207 163.2313 -26.5518 -116.0166 -0.0000 0.0000 -13.8143 11.0209 3.2618 0.6349 -7.1250 0.0000 -0.0000 -12.6350 33.1080 3.7608 0.0000 -0.0000 0.0000 -8.2578 20.4921 -53.1090 -69.8234 58.4045 -42.6201 0.0000 -0.0000 -62.4621 -7.8174 22.5847 -3.0182 7.1250 -0.0000 -0.0000 13.1997 -7.6905 11.6359
-0.9446 16.8167 4.1212 23.6630 81.1118 16.7418 0.0000 0.0000 0.0000 2.2738 -2.4521 -13.8607 5.4660 13.8901 42.7990 -0.8010 -15.8262 8.7092 1.5662 -7.8971 -22.4019 0.0000 0.0000 0.0000 7.2336 -5.6569 -14.0587 -8.0232 -16.1363 52.6464 -2.0388 -1.6123 -27.6160 -1.0870 6.6261 -18.6123 6.8020 0.9272 18.3583 1.4893 2.9626 -1.2522 -3.0397 1.0429 -11.4927 -22.2924 -16.9545 3.3985 18.0026 -23.9483 1.1435 7.2270 -12.0163 4.6577 -0.0000 -0.0000 0.0000 -82.4273 1.7933 1.0936 162.3481 -27.7092 -115.6138 -0.0000 0.0000 -14.8496 10.9545 3.6074 0.6977 -7.1250 0.0000 -0.0000 -12.7420 33.4487 3.6864 -0.0000 -0.0000 0.0000 -5.7630 19.3828 -53.6140 -79.8309 59.6056 -51.2050 0.0000 -0.0000 -60.0946 -9.5018 22.5555 -3.6734 7.1250 -0.0000 -0.0000 12.1551 -7.5583 10.7006
-1.0746 16.8282 4.1689 27.7797 82.0787 22.0464 0.0000 0.0000 0.0000 1.4135 -2.6415 -14.3598 4.9637 13.3427 40.6654 -0.7973 -15.6093 4.7633 1.8597 -8.5675 -24.4514 0.0000 0.0000 0.0000 7.2793 -5.0259 -14.7878 -7.8421 -16.0019 51.9921 -2.3324 1.8263 -28.4168 -0.0585 1.5602 -4.2918 4.3132 0.6490 18.2764 1.1886 1.9811 -0.8468 -1.6916 0.7388 -11.1386 -22.9386 -16.6774 3.9079 18.9836 -23.7340 0.8141 7.6893 -11.9413 4.6507 0.0000 -0.0000 0.0000 -83.9247 1.0428 2.2203 162.1415 -27.9756 -115.5174 -0.0000 0.0000 -14.2671 11.7256 3.6961 0.7666 -7.1250 0.0000 -0.0000 -12.1375 33.5670 3.4689 0.0000 -0.0000 0.0000 -3.3884 21.0972 -52.0464 -93.6178 59.9505 -63.1326 0.0000 -0.0000 -57.9899 -11.2610 22.3468 -4.3293 7.1250 -0.0000 -0.0000 11.0549 -7.5826 9.6863
-1.1765 16.9232 4.1258 25.6337 82.2576 20.7750 0.0000 0.0000 0.0000 1.3125 -3.9327 -13.5927 4.3738 12.6419 38.0424 -0.6248 -13.8534 4.4895 1.1171 -6.7143 -18.8718 0.0000 0.0000 0.0000 7.9101 -4.8262 -15.5080 -7.5329 -15.7647 50.8622 -2.2187 0.3822 -28.1011 -0.3124 3.5933 -9.9351 3.2145 0.2533 18.4522 0.8711 1.1797 -0.4294 -1.2001 0.4263 -10.8254 -22.1933 -16.3937 2.8627 18.3076 -23.2120 2.1567 7.3586 -11.6333 4.9408 0.0000 -0.0000 0.0000 -84.7579 0.6545 3.6455 161.9185 -28.2614 -115.4122 -0.0000 0.0000 -14.4358 12.8793 4.0753 0.9309 -7.1250 0.0000 -0.0000 -11.2652 33.9928 3.0924 0.0000 -0.0000 0.0000 0.6424 23.7855 -49.4602 -108.9895 58.5926 -76.3677 0.0000 -0.0000 -56.4753 -11.8538 22.8113 -4.6522 7.1250 -0.0000 -0.0000 10.6985 -7.0563 9.4742
-1.2489 17.0643 4.0192 21.9073 81.6269 17.5587 0.0000 0.0000 0.0000 1.7827 -4.7527 -12.2226 3.7885 11.8735 35.2859 -0.4172 -11.7403 7.5091 0.0708 -1.7162 -4.7219 0.0000 0.0000 0.0000 8.1171 -4.2679 -15.7012 -7.0654 -15.3867 49.1214 -1.8764 -0.7384 -26.1903 -0.3661 3.8864 -10.7574 1.4448 0.4829 18.2702 1.2218 1.1343 0.4174 0.2048 0.5324 -9.8198 -24.9955 -16.2186 3.7374 20.5075 -23.3780 1.7559 8.4245 -11.7727 5.3493 -0.0000 0.0000 0.0000 -86.7097 -0.4599 7.4861 161.5267 -28.7589 -115.2252 -0.0000 0.0000 -14.1445 13.7599 4.7258 1.1558 -7.1250 0.0000 -0.0000 -10.6469 34.6865 2.7352 -0.0000 0.0000 0.0000 4.8042 26.2209 -46.4042 -122.2559 55.6782 -87.5291 0.0000 -0.0000 -51.3644 -13.3904 23.6783 -5.4611 7.1250 -0.0000 -0.0000 9.7794 -6.0100 8.8345
-1.2945 17.2014 3.8578 18.4750 81.3285 14.8453 0.0000 0.0000 0.0000 2.3047 -5.4124 -12.2528 3.4682 11.4169 33.6992 -0.4499 -12.5436 9.2262 0.2020 -2.8939 -7.9834 0.0000 0.0000 0.0000 7.9724 -4.0176 -15.4542 -6.4704 -14.8692 46.8417 -1.6275 -0.1143 -24.1851 -0.3898 4.0093 -11.1027 1.3825 0.6223 17.7990 0.6865 1.2376 0.7034 -0.3609 0.5767 -9.2277 -23.6427 -16.2081 4.0287 20.4609 -23.4530 2.4839 8.2462 -11.8147 5.3757 0.0000 0.0000 0.0000 -86.3978 -1.2767 14.1538 160.7378 -29.7431 -114.8397 -0.0000 0.0000 -12.8673 14.4834 5.1924 1.3392 -7.1250 0.0000 -0.0000 -10.1242 35.1930 2.4707 0.0000 0.0000 0.0000 12.2150 27.2760 -41.2773 -133.4245 51.5174 -96.5343 0.0000 -0.0000 -46.4118 -12.4075 25.1530 -5.3421 7.1250 -0.0000 -0.0000 10.4507 -4.6625 9.7332
-1.3102 17.3290 3.6473 12.3169 80.6878 9.1200 0.0000 0.0000 0.0000 2.7212 -4.6163 -12.8041 3.4318 11.3632 33.5149 -1.1093 -18.2567 7.0748 1.8101 -8.4588 -24.1165 0.0000 0.0000 0.0000 8.0478 -3.8442 -15.1732 -5.9577 -14.3872 44.8116 -1.3818 0.6643 -22.0276 -0.1217 2.2487 -6.1934 1.4724 0.5310 17.9478 0.8358 1.1529 0.6083 -0.2310 0.5333 -9.4185 -24.3598 -15.9862 4.7764 20.1384 -23.3877 3.2759 8.2999 -11.8383 5.5197 -0.0000 -0.0000 0.0000 -86.4564 -1.9309 19.3383 159.5936 -31.1289 -114.2600 -0.0000 0.0000 -13.6446 14.4213 5.2473 1.3472 -7.1250 0.0000 -0.0000 -10.1833 35.2457 2.4722 -0.0000 -0.0000 0.0000 19.8416 28.6247 -33.9865 -142.1440 46.7471 -103.1393 0.0000 -0.0000 -42.3371 -12.8192 25.0275 -5.4986 7.1250 -0.0000 -0.0000 10.1943 -4.7355 9.4721
-1.3188 17.3705 3.3981 9.8722 79.4041 6.8275 0.0000 0.0000 0.0000 2.8479 -4.6025 -12.2912 3.6787 11.7201 34.7489 -1.0022 -17.5595 3.9809 1.4047 -7.4970 -21.1965 0.0000 0.0000 0.0000 7.7749 -3.5859 -14.9889 -5.5354 -13.9624 43.0872 -1.1002 -2.2725 -20.7540 -1.6523 8.1009 -23.0208 -1.0083 1.1297 17.5384 2.3605 1.5969 1.1142 2.7264 0.8939 -8.7450 -26.0683 -15.9333 5.0229 19.7389 -23.3990 3.3676 8.3942 -11.8837 5.6542 -0.0000 -0.0000 0.0000 -88.7767 -3.9685 26.1455 158.4282 -32.4897 -113.6457 -0.0000 0.0000 -14.3618 15.9794 5.8667 1.6766 -7.1250 0.0000 -0.0000 -8.9886 35.9569 2.0183 -0.0000 -0.0000 0.0000 25.6753 29.7972 -27.0921 -147.7768 42.7244 -107.1080 0.0000 -0.0000 -38.1924 -12.6571 26.2853 -5.6794 7.1250 -0.0000 -0.0000 10.3582 -3.5052 9.8709
-1.3140 17.3136 3.1242 5.9973 78.0536 3.0728 0.0000 0.0000 0.0000 3.5183 -5.2324 -11.1767 4.0786 12.2643 36.6736 -0.5512 -13.6565 0.6337 1.2398 -7.0606 -19.8950 0.0000 0.0000 0.0000 7.6140 -1.6311 -13.6934 -5.1050 -13.5010 41.2742 -1.3345 -0.0721 -21.8798 -0.5144 4.5969 -12.7622 -2.1303 1.0705 17.2525 2.5239 1.3178 1.4567 3.6148 0.7983 -8.2257 -24.6516 -15.7062 4.6029 19.3367 -22.9231 3.6095 8.1487 -11.6163 5.4698 -0.0000 0.0000 0.0000 -88.3186 -6.4550 31.3367 157.0092 -34.0788 -112.8669 -0.0000 0.0000 -13.0183 18.3858 5.9401 1.9701 -7.1250 0.0000 -0.0000 -6.9984 36.1615 1.5300 -0.0000 0.0000 0.0000 35.1521 31.0437 -19.1652 -152.0278 39.0907 -109.8938 0.0000 -0.0000 -33.8639 -11.1269 26.4694 -5.0100 7.1250 -0.0000 -0.0000 11.2841 -3.5181 10.7852
-1.2933 17.1684 2.8205 1.9582 76.4016 -0.7198 0.0000 0.0000 0.0000 4.3706 -5.9770 -10.0664 4.5605 12.8710 38.8876 -0.5299 -13.6088 -0.0064 1.4490 -7.6093 -21.5336 0.0000 0.0000 0.0000 7.4201 -0.2678 -14.0055 -5.1254 -13.5237 41.3618 -1.2732 -0.4967 -21.5196 -2.1435 9.1587 -26.2932 -0.5062 0.4234 17.7389 0.9219 0.6172 1.1079 1.1256 0.3669 -8.7807 -22.7520 -15.4652 3.5336 19.9918 -22.6312 5.6164 8.0546 -11.3654 6.0688 0.0000 0.0000 0.0000 -85.2222 -8.6288 36.1095 156.0170 -35.1463 -112.3032 -0.0000 0.0000 -14.1304 17.1148 6.5311 2.0059 -7.1250 0.0000 -0.0000 -8.1372 36.7042 1.6740 0.0000 0.0000 0.0000 47.9823 30.9318 -10.9220 -155.0952 36.1066 -111.7662 0.0000 -0.0000 -29.1446 -10.4625 28.2309 -4.9921 7.1250 -0.0000 -0.0000 11.7631 -1.8658 11.6240
-1.2421 16.9691 2.4297 -1.1178 74.5799 -3.7272 0.0000 0.0000 0.0000 4.6624 -6.3381 -8.4788 4.9803 13.3616 40.7377 -0.9667 -18.1834 0.1199 2.7093 -10.2089 -29.6558 0.0000 0.0000 0.0000 6.2859 -0.5717 -16.2268 -5.6518 -14.0822 43.5678 -1.2647 1.7357 -20.7605 -2.7166 10.2215 -29.6972 -1.2665 -0.1518 17.5374 1.9973 -0.1875 1.2768 2.9193 0.0321 -8.4584 -24.0859 -14.8634 2.1704 19.7496 -21.6091 6.3460 8.2174 -10.8265 6.4180 0.0000 -0.0000 0.0000 -87.2005 -11.4969 40.6170 154.3261 -36.8849 -111.3088 -0.0000 0.0000 -10.5906 21.5528 5.1455 2.0288 -7.1250 0.0000 -0.0000 -4.2786 35.4832 1.0027 0.0000 -0.0000 0.0000 55.4385 31.0937 -3.4618 -157.3957 33.6533 -113.0823 0.0000 -0.0000 -26.8091 -8.9619 28.6284 -4.3210 7.1250 -0.0000 -0.0000 12.6576 -1.6606 12.5996
-1.1353 16.7663 1.9888 -4.1616 72.6023 -6.6550 0.0000 0.0000 0.0000 4.3780 -4.9967 -7.3597 5.0186 13.4047 40.9028 -0.7756 -20.5637 -7.0880 3.1931 -11.0013 -32.2842 0.0000 0.0000 0.0000 5.1730 -0.5954 -17.8786 -6.0079 -14.4360 45.0135 -1.2231 3.8394 -19.9877 -3.2431 11.0786 -32.5455 -2.6246 0.4713 16.0184 3.7066 0.5566 2.2659 5.3427 0.4304 -6.6250 -23.3298 -15.5560 1.6038 18.9750 -22.2215 5.2451 7.7095 -11.0922 6.1152 0.0000 -0.0000 0.0000 -90.3493 -16.3023 47.4301 153.2610 -37.9292 -110.6617 -0.0000 0.0000 -11.5159 18.9485 5.6647 1.9409 -7.1250 0.0000 -0.0000 -6.4970 35.9030 1.4604 0.0000 -0.0000 0.0000 58.1483 29.2339 -0.3591 -159.0010 31.8272 -113.9506 0.0000 -0.0000 -20.4542 -14.2389 27.5475 -6.6937 7.1250 -0.0000 -0.0000 9.4950 -2.0288 9.2826
-1.0075 16.6066 1.5611 -1.6869 70.3684 -4.6656 0.0000 0.0000 0.0000 1.7116 -2.7978 -6.3018 5.1978 13.6031 41.6704 -0.0873 -19.9436 -13.2992 2.6109 -10.0367 -29.0958 0.0000 0.0000 0.0000 2.2981 0.1989 -18.5697 -6.1046 -14.5289 45.4000 -0.9789 6.9829 -17.6633 -2.2101 9.2907 -26.7090 -3.4344 -0.0351 16.6639 3.4590 -0.2978 1.8754 5.7512 0.0508 -7.2996 -24.2180 -15.8216 -0.6382 18.2981 -22.3666 8.1500 7.3475 -11.0632 7.4489 0.0000 -0.0000 0.0000 -90.8535 -18.3166 50.9817 152.2760 -38.8610 -110.0499 -0.0000 0.0000 -11.2946 19.2364 4.7409 1.6520 -7.1250 0.0000 -0.0000 -6.1578 34.9467 1.5275 0.0000 -0.0000 0.0000 62.4221 27.4953 2.1638 -159.9611 30.6892 -114.4488 0.0000 -0.0000 -21.2722 -9.3801 29.6423 -4.6708 7.1250 -0.0000 -0.0000 12.4641 -0.6181 12.6325
-0.8592 16.5980 1.1459 -0.7989 68.5476 -3.9068 0.0000 0.0000 0.0000 -0.3986 0.3269 -5.9624 5.1298 13.5285 41.3803 0.5575 -18.8861 -17.7420 2.5162 -9.8674 -28.5483 0.0000 0.0000 0.0000 0.8348 2.3683 -17.6100 -5.6973 -14.1285 43.7546 -0.8622 5.1989 -16.5699 -2.6115 10.0378 -29.0994 -3.3827 -0.9775 17.1287 2.5841 -1.6415 1.2639 5.1061 -0.5924 -8.0779 -22.6350 -14.9666 -1.2518 18.7105 -21.3022 9.0758 7.4499 -10.4541 7.4954 -0.0000 -0.0000 0.0000 -89.6014 -19.0389 52.6682 151.7545 -39.3412 -109.7211 -0.0000 0.0000 -9.9528 16.9397 5.8309 1.7724 -7.1250 0.0000 -0.0000 -8.1873 35.9709 1.8323 -0.0000 -0.0000 0.0000 67.7880 24.5171 6.3561 -160.9805 29.4429 -114.9596 0.0000 -0.0000 -18.6333 -7.8601 31.8662 -4.1685 7.1250 -0.0000 -0.0000 13.4429 1.3608 14.1501
-0.6682 16.7459 0.7260 -2.1403 67.1435 -4.7629 0.0000 0.0000 0.0000 -1.9106 1.3772 -4.5980 4.5864 12.9023 39.0040 0.8003 -17.9942 -19.0716 1.9882 -8.8415 -25.3008 0.0000 0.0000 0.0000 0.6185 3.7527 -15.7665 -4.7284 -13.0712 39.6357 -0.6304 1.9272 -14.4629 -2.4551 9.7558 -28.1894 -2.4348 -1.5729 16.3584 2.8166 -2.2249 0.9993 4.9216 -0.9089 -7.8999 -22.6647 -14.5972 -0.9092 19.4008 -20.8921 8.5467 7.7970 -10.2582 7.2709 0.0000 -0.0000 0.0000 -89.8971 -19.7017 55.2281 152.3369 -38.8042 -110.0882 -0.0000 0.0000 -12.3846 14.6751 7.9534 2.0752 -7.1250 0.0000 -0.0000 -10.4114 38.0064 1.8163 0.0000 -0.0000 0.0000 65.9211 23.3510 4.9105 -160.5084 30.0250 -114.7254 0.0000 -0.0000 -19.1695 -7.2605 32.6066 -3.9274 7.1250 -0.0000 -0.0000 13.8158 2.0061 14.7198
-0.4847 17.0153 0.3787 -1.8447 65.2206 -3.4618 0.0000 0.0000 0.0000 -4.2423 1.6323 -4.0100 4.1908 12.4100 37.1983 0.9091 -15.1123 -18.7360 1.9293 -8.7172 -24.9145 0.0000 0.0000 0.0000 0.1267 4.3897 -15.5235 -3.9550 -12.1003 36.0876 -0.3024 -1.9546 -11.2900 -1.9918 8.8490 -25.3241 -2.4928 -1.6576 15.1495 2.7360 -2.3615 0.2328 4.8663 -0.9700 -8.0434 -21.6754 -14.3330 0.7239 19.9146 -20.8128 7.6634 7.9818 -10.2774 6.6504 0.0000 0.0000 0.0000 -88.8504 -18.7155 58.2345 151.9372 -39.1740 -109.8367 -0.0000 0.0000 -11.4752 17.4430 6.1359 1.9235 -7.1250 0.0000 -0.0000 -7.8092 36.3138 1.6805 0.0000 0.0000 0.0000 67.7401 19.4042 5.1412 -161.3801 28.9437 -115.1545 0.0000 -0.0000 -18.8244 -5.0767 36.7605 -3.0434 7.1250 -0.0000 -0.0000 15.2288 5.7537 17.2729
-0.3496 17.3717 0.0749 -2.5987 63.0340 -3.0101 0.0000 0.0000 0.0000 -5.1625 2.6359 -4.1537 3.8132 11.9076 35.4058 0.4903 -13.7253 -14.7473 2.3151 -9.4937 -27.3522 0.0000 0.0000 0.0000 1.0500 3.1829 -17.0936 -3.5462 -11.5306 34.0911 -0.0036 -6.7317 -9.6895 -0.7502 5.5322 -15.4329 -2.3060 -1.9257 14.4331 3.3403 -2.6285 -0.0816 5.4437 -1.0943 -7.9346 -22.6218 -14.6007 -0.7328 20.1105 -21.0178 8.3046 8.0226 -10.3024 7.2783 -0.0000 0.0000 0.0000 -89.1489 -18.4692 59.5534 151.9314 -39.1794 -109.8330 -0.0000 0.0000 -10.3204 18.2927 5.3378 1.7614 -7.1250 0.0000 -0.0000 -7.0034 35.5278 1.6400 -0.0000 0.0000 0.0000 66.5758 18.1170 3.9701 -161.7952 28.4186 -115.3537 0.0000 -0.0000 -18.6170 -6.9147 35.6669 -4.0448 7.1250 -0.0000 -0.0000 14.1888 4.9238 15.8294
-0.2687 17.7098 -0.1123 -1.0750 60.1670 -1.0348 0.0000 0.0000 0.0000 -6.1583 4.0245 -4.4705 3.6094 11.6217 34.4065 -0.1660 -14.4856 -8.1320 2.5931 -10.0053 -28.9939 0.0000 0.0000 0.0000 1.6237 1.9213 -19.6007 -3.7107 -11.7652 34.9063 -0.0386 -4.8132 -8.0644 -1.9122 8.6808 -24.8019 -3.8420 -1.2905 13.9427 2.9934 -2.0742 -0.3222 5.8213 -0.7727 -7.9382 -22.0348 -14.9597 -0.2104 21.0677 -21.7459 7.9978 8.1647 -10.6319 7.3154 -0.0000 -0.0000 0.0000 -88.5216 -17.5965 61.5264 152.0734 -39.0486 -109.9226 -0.0000 0.0000 -9.2339 18.6496 4.9922 1.6823 -7.1250 0.0000 -0.0000 -6.6689 35.1836 1.6170 -0.0000 -0.0000 0.0000 68.2333 14.8010 2.7716 -162.5841 27.4028 -115.7230 0.0000 -0.0000 -19.0743 -9.6130 33.8248 -5.3860 7.1250 -0.0000 -0.0000 12.5995 3.4951 13.6707
-0.2380 17.9595 -0.2705 -1.4793 59.2268 -1.4009 0.0000 0.0000 0.0000 -5.6464 3.1277 -5.3429 3.7994 11.8886 35.3390 -0.6930 -15.7203 -0.5446 2.1505 -9.1727 -26.3371 0.0000 0.0000 0.0000 3.4795 -0.8334 -21.4879 -4.2242 -12.4529 37.3534 -0.0318 -1.4593 -4.2381 -3.4784 11.4319 -33.7508 -3.3996 -1.5456 14.6134 2.3851 -2.4110 -0.3939 5.0123 -0.9520 -8.3960 -22.3532 -15.0697 -0.1551 22.4151 -22.1488 8.1435 8.5971 -10.7891 7.6722 -0.0000 -0.0000 0.0000 -87.4144 -16.7490 62.2974 152.1165 -39.0088 -109.9497 -0.0000 0.0000 -9.5636 18.9717 4.0877 1.4038 -7.1250 0.0000 -0.0000 -6.3092 34.2492 1.6729 -0.0000 -0.0000 0.0000 71.4007 11.6771 2.1194 -162.8636 27.0373 -115.8508 0.0000 -0.0000 -19.1163 -10.9173 32.0584 -5.8455 7.1250 -0.0000 -0.0000 11.7437 1.9523 12.3968
-0.2030 18.1025 -0.4019 -3.6041 59.1769 -3.5402 0.0000 0.0000 0.0000 -4.6540 -0.8489 -5.2522 4.0280 12.1976 36.4347 -0.7985 -16.4789 0.3967 2.1743 -9.2201 -26.4863 0.0000 0.0000 0.0000 6.2332 -2.3947 -21.9108 -4.6581 -12.9881 39.3241 0.0418 -3.6277 -1.5108 -2.7432 10.2672 -29.8463 -2.9509 -2.2082 14.8404 2.7517 -3.1741 0.2050 5.2956 -1.3575 -7.7929 -22.4687 -15.3149 -1.9283 22.3450 -22.2216 8.4806 8.4307 -10.7049 8.1140 -0.0000 -0.0000 0.0000 -87.6987 -16.7249 61.3995 152.5921 -38.5654 -110.2477 -0.0000 0.0000 -10.8389 15.8106 6.6085 1.8665 -7.1250 0.0000 -0.0000 -9.2379 36.7077 1.9041 -0.0000 -0.0000 0.0000 72.6887 10.5612 1.4237 -162.7190 27.2267 -115.7849 0.0000 -0.0000 -19.2242 -12.7533 31.2962 -6.7057 7.1250 -0.0000 -0.0000 10.6480 1.4712 11.1097
-0.1449 18.0694 -0.5605 -6.1073 57.5806 -6.0534 0.0000 0.0000 0.0000 -3.4981 -3.4065 -4.1208 3.9642 12.1126 36.1314 -0.3462 -13.8463 -4.7435 1.8725 -8.5953 -24.5372 0.0000 0.0000 0.0000 8.8095 -1.2728 -21.0829 -4.5575 -12.8675 38.8745 0.0948 -5.7850 -0.0477 -2.3119 9.4876 -27.3328 -1.8265 -2.1669 15.3369 2.8511 -2.9145 0.2874 4.7359 -1.2626 -8.0613 -22.0508 -15.4990 -2.0656 22.1137 -22.4426 8.4376 8.2313 -10.7974 8.0912 0.0000 -0.0000 0.0000 -88.6165 -16.8034 61.8496 152.5037 -38.6484 -110.1925 -0.0000 0.0000 -11.1197 15.9262 6.8479 1.9487 -7.1250 0.0000 -0.0000 -9.1780 36.9598 1.8343 0.0000 -0.0000 0.0000 73.6578 8.9882 0.2196 -162.3596 27.6943 -115.6192 0.0000 -0.0000 -19.9784 -13.7151 31.1276 -7.1905 7.1250 -0.0000 -0.0000 10.0872 1.4519 10.5021
-0.0539 17.8385 -0.7216 -4.8765 55.3814 -5.0408 0.0000 0.0000 0.0000 -4.4095 -4.8124 -2.6001 3.8363 11.9393 35.5175 -0.3943 -15.4986 -5.9481 2.1345 -9.1408 -26.2367 0.0000 0.0000 0.0000 8.4430 -0.2828 -21.1091 -4.5400 -12.8463 38.7957 0.0836 -5.7667 -4.9267 -3.1149 10.8787 -31.8720 -2.7226 -2.1692 14.4279 2.6632 -3.0808 0.7594 4.9998 -1.3558 -6.9910 -22.3486 -15.3058 -3.2567 22.0547 -22.0284 9.0479 8.2567 -10.5246 8.4304 -0.0000 -0.0000 0.0000 -89.2272 -17.9770 61.1814 152.0261 -39.0922 -109.8928 -0.0000 0.0000 -10.1834 17.2565 6.7574 2.0933 -7.1250 0.0000 -0.0000 -8.0502 36.9466 1.6077 -0.0000 -0.0000 0.0000 73.7418 9.9902 0.6326 -161.5794 28.6924 -115.2506 0.0000 -0.0000 -20.2753 -14.6404 30.1323 -7.4710 7.1250 -0.0000 -0.0000 9.4692 0.6091 9.7023
0.0242 17.5309 -0.9035 -2.5696 52.9672 -3.5580 0.0000 0.0000 0.0000 -5.6676 -2.4510 -2.3676 4.1309 12.3326 36.9191 -0.6087 -20.0348 -8.3564 2.0152 -8.8976 -25.4756 0.0000 0.0000 0.0000 6.3992 0.9727 -21.1843 -4.7620 -13.1107 39.7842 -0.1163 -2.8183 -8.1208 -2.1140 9.0996 -26.1074 -4.2421 -1.8802 14.6703 2.4351 -2.9763 0.7661 5.6151 -1.2592 -7.0651 -23.4822 -14.9249 -3.8085 22.2496 -21.5065 10.0756 8.5830 -10.2598 8.9055 -0.0000 0.0000 0.0000 -89.7823 -19.1058 60.6460 152.3476 -38.7942 -110.0949 -0.0000 0.0000 -10.4169 16.6816 7.3704 2.2015 -7.1250 0.0000 -0.0000 -8.6237 37.5435 1.5970 -0.0000 0.0000 0.0000 73.5715 10.6825 0.8802 -160.7962 29.6712 -114.8686 0.0000 -0.0000 -20.4184 -15.1371 29.9934 -7.7014 7.1250 -0.0000 -0.0000 9.1702 0.5500 9.3783
0.0907 17.2721 -1.1240 -0.3428 50.8770 -1.8061 0.0000 0.0000 0.0000 -7.3281 2.4072 -4.1292 4.5056 12.8044 38.6405 -0.3862 -21.5375 -12.0085 1.5111 -7.7632 -21.9973 0.0000 0.0000 0.0000 4.0671 0.6355 -22.6936 -4.9935 -13.3764 40.7945 -0.2481 0.7939 -9.1605 -0.8417 5.8521 -16.3558 -4.7040 -1.8753 15.3397 1.6043 -3.1529 0.4274 5.0700 -1.3097 -7.8073 -22.3050 -14.9097 -4.6936 20.9764 -21.3426 11.0952 7.9435 -10.1244 9.0415 -0.0000 -0.0000 0.0000 -89.2659 -20.2277 59.7281 152.6804 -38.4823 -110.3026 -0.0000 0.0000 -12.2557 14.4406 9.5044 2.4348 -7.1250 0.0000 -0.0000 -10.9012 39.5595 1.4821 -0.0000 -0.0000 0.0000 75.4144 10.1978 1.8747 -160.6356 29.8690 -114.7889 0.0000 -0.0000 -20.3984 -15.4751 30.2156 -7.9320 7.1250 -0.0000 -0.0000 8.9961 0.8266 9.2390
0.1863 17.1312 -1.2840 1.1404 48.9452 -1.1342 0.0000 0.0000 0.0000 -9.3024 5.4894 -3.4360 4.3970 12.6708 38.1483 0.3045 -20.2674 -16.6417 1.1623 -6.8443 -19.2549 0.0000 0.0000 0.0000 2.6562 -0.2760 -23.5540 -5.0503 -13.4402 41.0395 -0.2767 1.8951 -9.4562 -0.9605 6.2404 -17.4836 -5.3834 -1.8635 15.3897 1.2493 -3.2814 0.6404 5.0930 -1.3670 -7.5731 -23.1655 -14.2223 -4.2729 22.5486 -20.5812 10.5693 8.8381 -9.7668 8.9295 -0.0000 -0.0000 0.0000 -89.3146 -20.6275 59.8180 151.9804 -39.1343 -109.8640 -0.0000 0.0000 -10.2332 16.5888 6.9611 2.0677 -7.1250 0.0000 -0.0000 -8.6399 37.1164 1.6913 -0.0000 -0.0000 0.0000 77.4142 8.8720 2.6283 -160.8650 29.5861 -114.9027 0.0000 -0.0000 -20.5569 -15.2585 31.9351 -8.2108 7.1250 -0.0000 -0.0000 9.2902 2.5038 9.8149
0.3087 17.0881 -1.4571 0.8721 47.4779 -1.2191 0.0000 0.0000 0.0000 -10.8766 4.9408 -2.0039 4.0461 12.2215 36.5202 1.0278 -17.8678 -20.5956 1.0910 -6.6381 -18.6475 0.0000 0.0000 0.0000 2.0361 -0.0077 -23.7133 -4.7591 -13.1072 39.7711 -0.2455 3.3143 -8.8046 -1.2620 7.1211 -20.0746 -4.5527 -2.1397 15.3043 1.5848 -3.4740 0.5649 5.0202 -1.4818 -7.6103 -23.3542 -13.7688 -4.1821 22.6615 -19.8193 9.7890 9.0627 -9.4314 8.5024 0.0000 0.0000 0.0000 -90.5161 -20.2328 60.3470 151.7295 -39.3641 -109.7052 -0.0000 0.0000 -10.8333 15.5707 8.0026 2.2216 -7.1250 0.0000 -0.0000 -9.6635 38.1177 1.6561 0.0000 0.0000 0.0000 77.5222 7.7735 2.8668 -160.8352 29.6229 -114.8880 0.0000 -0.0000 -20.5960 -15.1524 32.6706 -8.3167 7.1250 -0.0000 -0.0000 9.4269 3.2163 10.0753
0.4237 17.1150 -1.5756 0.9333 45.6689 -0.7395 0.0000 0.0000 0.0000 -12.4547 4.9233 -1.0832 3.7458 11.8143 35.0781 1.5230 -14.9198 -22.9723 1.2412 -7.0643 -19.9059 0.0000 0.0000 0.0000 1.3452 1.3747 -23.3641 -4.3726 -12.6403 38.0367 -0.2093 4.0441 -8.1897 -1.2301 7.0339 -19.8158 -4.5047 -2.2707 14.9268 2.0126 -3.6002 0.2557 5.4698 -1.5302 -7.6941 -23.3380 -13.3946 -4.5656 22.6906 -19.2002 9.7255 9.1778 -9.1135 8.3983 -0.0000 -0.0000 0.0000 -91.0947 -19.0869 61.2793 151.4558 -39.6124 -109.5311 -0.0000 0.0000 -9.6317 16.4958 6.7962 2.0070 -7.1250 0.0000 -0.0000 -8.6933 36.9410 1.7396 -0.0000 -0.0000 0.0000 76.6512 6.9250 2.5299 -160.9785 29.4453 -114.9586 0.0000 -0.0000 -20.2706 -14.8078 30.3602 -7.6105 7.1250 -0.0000 -0.0000 9.3934 0.8627 9.6639
0.4981 17.1689 -1.6576 0.4336 43.4337 -0.1666 0.0000 0.0000 0.0000 -12.9971 5.5712 -1.5146 3.6221 11.6397 34.4691 1.6018 -13.8775 -23.2630 0.8144 -5.7585 -16.0854 0.0000 0.0000 0.0000 1.5664 3.1735 -23.4972 -3.9479 -12.0907 36.0536 -0.1646 3.8881 -7.2991 -1.0163 6.4138 -17.9898 -4.4214 -2.4174 14.3127 2.4418 -3.7376 -0.2779 5.8979 -1.5766 -7.8867 -22.3626 -12.7827 -4.6806 22.4229 -18.3425 9.7413 9.0962 -8.6761 8.0764 0.0000 -0.0000 0.0000 -90.6511 -18.1737 61.4238 152.0261 -39.0922 -109.8928 -0.0000 0.0000 -10.3638 13.8255 10.5314 2.5754 -7.1250 0.0000 -0.0000 -11.6432 40.5436 1.2994 0.0000 -0.0000 0.0000 75.9368 6.7524 1.6919 -160.8604 29.5918 -114.9004 0.0000 -0.0000 -21.6499 -13.3912 30.5312 -6.8960 7.1250 -0.0000 -0.0000 10.2211 0.8113 10.5329
0.5811 17.2389 -1.7093 0.6312 41.6877 0.4798 0.0000 0.0000 0.0000 -13.8177 6.5743 -1.5718 3.4125 11.3347 33.4171 1.6685 -12.4805 -23.4634 1.0302 -6.4561 -18.1137 0.0000 0.0000 0.0000 1.3705 4.2869 -23.3295 -3.6008 -11.6094 34.3637 -0.1379 3.0900 -6.6257 -1.2286 7.0296 -19.8032 -4.6389 -2.8642 13.5933 2.8887 -4.3034 -0.0924 6.5437 -1.8729 -7.1566 -22.0295 -12.6076 -6.8308 22.1961 -17.8054 10.5598 8.9649 -8.2690 8.5419 -0.0000 0.0000 0.0000 -90.3852 -19.6158 60.9485 152.4766 -38.6737 -110.1756 -0.0000 0.0000 -10.7396 15.2065 9.8177 2.6537 -7.1250 0.0000 -0.0000 -10.3057 39.9385 1.3017 -0.0000 0.0000 0.0000 75.0670 7.7935 1.4089 -160.7398 29.7407 -114.8407 0.0000 -0.0000 -22.0320 -14.0954 29.4456 -7.0369 7.1250 -0.0000 -0.0000 9.7256 -0.1588 9.8416
0.7072 17.2477 -1.7920 0.7335 40.1438 0.5123 0.0000 0.0000 0.0000 -14.8982 6.9716 -1.0902 3.3673 11.2671 33.1860 1.8552 -10.7487 -24.5026 1.2123 -6.9845 -19.6696 0.0000 0.0000 0.0000 1.0745 3.7025 -23.0558 -3.2738 -11.1256 32.7047 -0.0862 4.1426 -5.5773 -1.3345 7.3148 -20.6515 -3.6297 -3.0476 13.6384 2.7559 -4.4007 -0.3353 5.8623 -1.9400 -7.5153 -20.8655 -12.1952 -6.6732 21.9557 -17.3860 10.8585 8.7885 -8.0397 8.3671 -0.0000 0.0000 0.0000 -90.3056 -20.3910 61.5991 152.1785 -38.9514 -109.9887 -0.0000 0.0000 -10.5336 14.1301 9.8765 2.4725 -7.1250 0.0000 -0.0000 -11.2425 39.9102 1.4314 -0.0000 0.0000 0.0000 74.3126 7.8540 -0.6250 -160.5730 29.9458 -114.7577 0.0000 -0.0000 -23.7942 -14.6248 28.9217 -7.1925 7.1250 -0.0000 -0.0000 9.3743 -0.5997 9.4028
0.7769 17.2129 -1.8768 0.5572 37.6210 0.7830 0.0000 0.0000 0.0000 -15.7422 7.6896 -2.0482 3.6078 11.6193 34.3982 2.1079 -9.3240 -26.0700 1.0543 -6.5288 -18.3268 0.0000 0.0000 0.0000 0.9078 5.0594 -23.9657 -3.2114 -11.0296 32.3797 -0.0421 5.6883 -5.1188 -1.3811 7.4364 -21.0148 -3.2779 -3.0992 13.7895 3.0609 -4.3926 -0.5877 6.0189 -1.9246 -7.8766 -20.1181 -11.6495 -6.8293 21.5347 -16.6425 11.1857 8.6520 -7.6649 8.2095 -0.0000 -0.0000 0.0000 -90.9315 -21.8627 61.3702 152.0941 -39.0295 -109.9356 -0.0000 0.0000 -11.3321 15.2792 8.7861 2.3894 -7.1250 0.0000 -0.0000 -10.0487 38.8954 1.5294 -0.0000 -0.0000 0.0000 73.0671 8.3681 -1.7488 -160.3339 30.2380 -114.6378 0.0000 -0.0000 -26.1591 -15.1180 28.6229 -7.3741 7.1250 -0.0000 -0.0000 9.0608 -0.8219 9.0443
0.8457 17.1115 -1.9488 1.3256 34.4295 1.1736 0.0000 0.0000 0.0000 -17.3294 9.2627 -3.0035 3.9331 12.0708 35.9831 2.4030 -7.4177 -27.9571 1.2845 -7.1820 -20.2558 0.0000 0.0000 0.0000 -0.1430 6.0987 -26.0185 -3.5727 -11.5689 34.2235 0.1054 8.8020 -3.8962 -1.3902 7.4599 -21.0852 -3.6707 -2.8906 14.1409 3.1114 -4.1812 -0.2965 6.2689 -1.8142 -7.7542 -19.6113 -11.1839 -7.9689 21.4783 -15.9033 11.5891 8.6406 -7.2198 8.3290 -0.0000 0.0000 0.0000 -91.4282 -24.0108 61.3549 151.9039 -39.2046 -109.8156 -0.0000 0.0000 -10.5447 15.7316 9.1452 2.5634 -7.1250 0.0000 -0.0000 -9.7278 39.2956 1.3826 -0.0000 0.0000 0.0000 72.1646 9.4923 -3.1144 -159.6413 31.0720 -114.2847 0.0000 -0.0000 -28.6836 -14.8415 28.1699 -7.1305 7.1250 -0.0000 -0.0000 9.1862 -1.3174 9.0911
0.9215 16.9597 -2.0070 1.5304 30.6089 1.1532 0.0000 0.0000 0.0000 -18.3840 10.5414 -3.8252 4.3411 12.6010 37.8927 2.7441 -6.3247 -30.0740 1.3722 -7.4133 -20.9457 0.0000 0.0000 0.0000 -0.7882 8.0753 -28.9079 -4.2053 -12.4287 37.2658 0.2750 11.1239 -2.5236 -1.4716 7.6658 -21.7035 -3.6600 -2.7212 14.6409 3.2558 -3.9509 -0.0130 6.3993 -1.7038 -7.7488 -18.7159 -10.5811 -9.3102 20.6595 -14.9158 12.3160 8.3249 -6.6701 8.4315 0.0000 -0.0000 0.0000 -92.0798 -26.1632 60.9791 151.5004 -39.5721 -109.5596 -0.0000 0.0000 -9.5643 15.3268 9.8809 2.6927 -7.1250 0.0000 -0.0000 -10.2144 40.0126 1.2711 0.0000 -0.0000 0.0000 71.7190 10.2448 -3.2515 -158.7446 32.1253 -113.8148 0.0000 -0.0000 -31.2578 -15.6905 26.8849 -7.2393 7.1250 -0.0000 -0.0000 8.5807 -2.4769 8.2966
1.0238 16.7663 -2.0277 3.0633 26.9662 1.4427 0.0000 0.0000 0.0000 -20.5286 12.2237 -3.7207 4.5414 12.8479 38.8019 3.1437 -5.8489 -32.3654 1.4451 -7.5993 -21.5035 0.0000 0.0000 0.0000 -2.7154 8.9386 -32.6483 -5.2246 -13.6323 41.7841 0.5217 13.5291 -0.0739 -1.2635 7.1252 -20.0867 -4.4564 -2.6461 15.3005 2.9201 -4.0357 0.1913 6.5457 -1.7199 -7.8567 -17.5323 -9.6894 -9.8393 19.7776 -13.6811 12.9397 8.0053 -6.0479 8.2914 0.0000 -0.0000 0.0000 -92.5198 -28.0302 60.2472 150.8649 -40.1404 -109.1523 -0.0000 0.0000 -8.7039 16.1939 7.9551 2.3016 -7.1250 0.0000 -0.0000 -9.1283 38.1119 1.5638 0.0000 -0.0000 0.0000 71.9964 9.6958 -2.9415 -156.6813 34.4355 -112.6823 0.0000 -0.0000 -33.2939 -16.4155 27.1410 -7.6544 7.1250 -0.0000 -0.0000 8.1686 -2.1072 7.9448
1.1147 16.6401 -1.9833 3.8028 23.8798 1.3682 0.0000 0.0000 0.0000 -21.7471 14.2762 -3.3246 4.5085 12.8080 38.6538 3.3608 -5.0482 -33.6445 1.7603 -8.3479 -23.7759 0.0000 0.0000 0.0000 -3.6780 9.7866 -36.4247 -6.3964 -14.8017 46.5525 0.5296 13.1799 1.3721 -1.0861 6.6236 -18.6050 -4.8146 -3.0415 15.9110 3.0623 -4.6242 0.7500 7.0396 -2.0194 -7.4666 -16.4264 -9.0906 -12.8445 18.2755 -12.5789 14.8396 7.4057 -5.3880 9.0454 0.0000 0.0000 0.0000 -92.6923 -30.7987 58.0763 150.1865 -40.7330 -108.7122 -0.0000 0.0000 -7.5888 16.3642 7.9965 2.3392 -7.1250 0.0000 -0.0000 -8.9907 38.1661 1.5277 0.0000 0.0000 0.0000 72.7803 8.2151 -1.9939 -153.7028 37.5007 -110.9320 0.0000 -0.0000 -34.0374 -17.3105 26.3243 -7.8689 7.1250 -0.0000 -0.0000 7.5626 -2.7915 7.2496
1.1961 16.5876 -1.8653 4.4705 21.6146 1.8067 0.0000 0.0000 0.0000 -23.1478 15.0987 -2.7570 4.3769 12.6457 38.0562 3.5058 -4.2599 -34.5369 1.4988 -7.7332 -21.9066 0.0000 0.0000 0.0000 -4.2928 10.2163 -40.1313 -7.4839 -15.7262 50.6818 0.3699 11.6846 -0.7091 -2.4799 9.8012 -28.3354 -5.1670 -3.5854 15.9781 3.3342 -5.3900 0.8001 7.6896 -2.3882 -7.2739 -15.4933 -7.9305 -13.1912 17.4547 -10.9851 15.3906 7.2067 -4.6304 8.8646 -0.0000 -0.0000 0.0000 -92.5481 -32.4085 55.1669 149.6631 -41.1805 -108.3692 -0.0000 0.0000 -7.2631 16.3176 8.0511 2.3479 -7.1250 0.0000 -0.0000 -9.0392 38.2189 1.5242 -0.0000 -0.0000 0.0000 74.0167 4.0103 -1.5931 -149.8857 40.9911 -108.5155 0.0000 -0.0000 -35.9448 -18.8556 27.9754 -9.1014 7.1250 -0.0000 -0.0000 6.7989 -0.8560 6.7445
1.2566 16.6362 -1.6666 4.4179 20.2924 2.2136 0.0000 0.0000 0.0000 -23.2091 15.6401 -2.9144 4.4078 12.6842 38.1975 3.1974 -2.5202 -33.2661 2.1538 -9.1793 -26.3578 0.0000 0.0000 0.0000 -3.9456 10.9928 -42.1480 -7.6414 -15.8491 51.2605 0.1630 10.2878 -4.1452 -2.6187 10.0507 -29.1410 -4.9756 -4.4247 15.8305 4.1035 -6.3983 1.1051 8.5686 -2.9215 -6.6250 -14.5848 -7.0160 -14.2029 16.2281 -9.5262 15.5628 6.8047 -3.9469 8.7153 0.0000 0.0000 0.0000 -91.7276 -34.2975 51.0657 149.7204 -41.1319 -108.4069 -0.0000 0.0000 -7.2327 16.4309 8.9069 2.6143 -7.1250 0.0000 -0.0000 -9.0871 39.1052 1.3327 0.0000 0.0000 0.0000 75.1662 -1.2997 -1.5347 -143.5522 45.8187 -104.1572 0.0000 -0.0000 -37.9265 -15.8964 23.7880 -6.5529 7.1250 -0.0000 -0.0000 8.2363 -5.5705 7.4773
1.2914 16.7360 -1.4169 4.1413 19.1736 2.3602 0.0000 0.0000 0.0000 -22.4034 16.0460 -3.6638 4.8566 13.2205 40.1995 2.6108 -2.7296 -29.8998 2.6325 -10.0749 -29.2195 0.0000 0.0000 0.0000 -3.0821 12.3997 -42.2896 -6.8253 -15.1830 48.2105 -0.0803 6.3081 -6.2917 -2.6489 10.1037 -29.3133 -4.8209 -5.2799 15.9834 5.2214 -7.4221 1.7233 9.8493 -3.4904 -5.7218 -13.7919 -5.9385 -15.3122 14.9525 -7.7841 15.4745 6.4366 -3.1465 8.4912 0.0000 0.0000 0.0000 -89.4250 -35.6491 44.3256 149.8524 -41.0196 -108.4936 -0.0000 0.0000 -7.7679 17.7076 6.3349 2.0177 -7.1250 0.0000 -0.0000 -7.6149 36.5350 1.5966 0.0000 0.0000 0.0000 76.0869 -7.4692 -1.8285 -133.3030 51.5733 -96.4392 0.0000 -0.0000 -39.9654 -16.2592 22.3529 -6.3292 7.1250 -0.0000 -0.0000 7.9235 -6.9760 6.9712
1.3135 16.8682 -1.1210 3.8262 17.8467 2.2338 0.0000 0.0000 0.0000 -21.0811 16.6920 -4.0227 5.2557 13.6661 41.9159 1.9026 -3.4697 -25.2228 3.1243 -10.8936 -31.9220 0.0000 0.0000 0.0000 -2.5822 15.1324 -41.1641 -5.3727 -13.7916 42.4092 -0.1465 2.5150 -6.7980 -1.4511 7.6145 -21.5492 -4.0388 -5.9958 16.9520 6.1153 -8.1757 2.3437 10.6005 -3.9089 -5.3977 -12.6895 -4.8925 -16.8158 13.2332 -6.0724 15.5134 5.8544 -2.3745 8.4007 -0.0000 -0.0000 0.0000 -84.5788 -36.1275 35.3293 151.4406 -39.6261 -109.5215 -0.0000 0.0000 -9.6801 17.0269 8.9631 2.7317 -7.1250 0.0000 -0.0000 -8.5862 39.2085 1.2359 -0.0000 -0.0000 0.0000 77.4965 -13.6416 -3.1629 -116.4285 57.1889 -82.6718 0.0000 -0.0000 -42.5611 -12.8294 20.5384 -4.5681 7.1250 -0.0000 -0.0000 10.0191 -9.2164 8.4183
1.3463 16.9265 -0.7616 4.9248 16.4580 2.5933 0.0000 0.0000 0.0000 -21.2049 17.2536 -3.1838 5.3606 13.7787 42.3582 1.4343 -5.0845 -21.5495 2.9840 -10.6692 -31.1720 0.0000 0.0000 0.0000 -3.0362 16.2282 -40.5200 -4.2171 -12.4439 37.3208 -0.1616 1.1001 -7.2849 -1.5938 7.9630 -22.6019 -4.4275 -6.8283 17.3666 6.5081 -9.3299 2.5074 11.4941 -4.5035 -5.0712 -12.1120 -3.2902 -14.5945 11.8127 -3.8637 14.1561 5.4985 -1.4920 7.2008 0.0000 -0.0000 0.0000 -77.2228 -33.8369 22.6047 152.6550 -38.5062 -110.2869 -0.0000 0.0000 -13.7057 17.4991 8.7997 2.7613 -7.1250 0.0000 -0.0000 -8.1544 39.0757 1.1996 0.0000 -0.0000 0.0000 78.4086 -19.2789 -5.0699 -89.9878 60.0000 -59.9894 0.0000 -0.0000 -43.3987 -12.4847 21.5144 -4.6423 7.1250 -0.0000 -0.0000 10.2642 -8.2781 8.8260
1.3217 16.8710 -0.3994 5.3432 14.2977 3.5713 0.0000 0.0000 0.0000 -21.0921 17.4230 -3.2682 5.4071 13.8281 42.5531 1.2384 -5.6942 -19.9242 2.9727 -10.6508 -31.1110 0.0000 0.0000 0.0000 -3.4512 18.8392 -41.7806 -3.4734 -11.4246 33.7256 -0.1693 1.4878 -7.3920 -1.3664 7.3983 -20.9010 -4.2179 -6.8355 18.2689 7.1448 -9.2553 2.6207 12.2290 -4.4526 -5.3637 -12.5890 -1.8980 -15.6357 11.5852 -1.7406 15.0706 5.7616 -0.4996 7.4011 -0.0000 -0.0000 0.0000 -69.5814 -30.6574 9.3185 154.3222 -36.8888 -111.3065 -0.0000 0.0000 -18.7560 16.6510 11.8352 3.5102 -7.1250 0.0000 -0.0000 -9.4563 42.1254 0.6773 -0.0000 -0.0000 0.0000 79.6491 -23.9257 -9.0518 -63.7547 57.2302 -37.4823 0.0000 -0.0000 -41.1541 -11.4995 20.9643 -4.1632 7.1250 -0.0000 -0.0000 10.8743 -8.9305 9.2267
1.3339 16.6664 0.0109 6.8837 12.4281 4.7257 0.0000 0.0000 0.0000 -22.7854 17.3042 -1.4756 5.0774 13.4704 41.1560 1.4040 -6.1990 -21.2257 3.1264 -10.8970 -31.9332 0.0000 0.0000 0.0000 -5.3488 20.0142 -44.2522 -3.3317 -11.2136 33.0036 -0.0708 3.5237 -4.9896 -1.4422 7.5920 -21.4817 -4.5325 -6.7935 18.4404 7.4984 -9.2461 3.2804 12.7633 -4.5199 -4.6178 -12.7469 -1.1639 -17.4743 9.9762 -0.1495 14.6689 5.4104 0.1534 7.3843 -0.0000 -0.0000 0.0000 -62.3447 -26.1379 -4.1722 154.9732 -36.2314 -111.6942 -0.0000 0.0000 -22.1425 18.8175 11.6621 3.9405 -7.1250 0.0000 -0.0000 -7.5050 42.1604 0.5291 -0.0000 -0.0000 0.0000 81.8276 -27.6571 -15.1259 -47.4670 51.9214 -24.1655 0.0000 -0.0000 -45.2138 -10.1683 19.3734 -3.4049 7.1250 -0.0000 -0.0000 11.7072 -10.6355 9.5523
1.3108 16.3626 0.4237 7.6279 10.7805 6.2002 0.0000 0.0000 0.0000 -23.9218 17.4566 -0.8233 5.0095 13.3945 40.8637 1.8239 -5.1640 -24.4104 3.4733 -11.4244 -33.7248 0.0000 0.0000 0.0000 -7.0811 21.7239 -47.8794 -3.6855 -11.7298 34.7826 -0.0172 4.5515 -3.7857 -1.5350 7.8217 -22.1738 -4.3798 -6.7728 19.2210 8.3617 -9.1187 3.1144 13.8195 -4.4210 -5.1082 -12.8485 0.0496 -18.5490 7.3914 2.1594 14.0061 4.7805 1.0433 7.1067 -0.0000 0.0000 0.0000 -57.9167 -17.5765 -16.7309 155.9271 -35.2412 -112.2514 -0.0000 0.0000 -27.8811 20.4478 11.7396 4.3382 -7.1250 0.0000 -0.0000 -6.0687 42.4055 0.3901 -0.0000 0.0000 0.0000 84.5362 -31.9386 -23.0503 -37.5746 46.5654 -16.6560 0.0000 -0.0000 -49.0167 -5.6174 20.1731 -1.9427 7.1250 -0.0000 -0.0000 14.5961 -10.2174 12.1884
1.2658 15.9931 0.8969 9.4691 10.1518 7.5532 0.0000 0.0000 0.0000 -25.6812 17.5813 -0.2123 5.1509 13.5518 41.4707 2.2562 -3.6247 -27.5338 3.7812 -11.8634 -35.2505 0.0000 0.0000 0.0000 -10.0512 22.0651 -51.9711 -4.8140 -13.1712 40.0128 0.0660 4.5747 1.1836 -1.7887 8.4114 -23.9708 -4.8968 -6.6349 19.8558 8.7624 -9.0150 3.6216 14.6337 -4.4104 -4.7488 -11.8654 0.9180 -21.3023 4.1423 4.0025 12.9738 3.7469 1.7187 7.1316 -0.0000 -0.0000 0.0000 -55.5333 -8.7603 -26.7123 156.7239 -34.3894 -112.7064 -0.0000 0.0000 -31.8938 22.9352 12.2996 5.1507 -7.1250 0.0000 -0.0000 -3.9247 43.2648 0.1683 -0.0000 -0.0000 0.0000 88.8264 -34.3440 -32.1382 -32.5012 42.9431 -13.0810 0.0000 -0.0000 -49.2876 -6.6583 19.2647 -2.2056 7.1250 -0.0000 -0.0000 13.9562 -11.0253 11.3812
1.1989 15.5872 1.3809 10.6182 9.0832 9.2628 0.0000 0.0000 0.0000 -26.4429 17.4911 -0.3951 5.5332 13.9602 43.0784 2.7167 -4.6637 -30.1470 3.6246 -11.6433 -34.4817 0.0000 0.0000 0.0000 -11.7103 21.2171 -58.9234 -7.0914 -15.4084 49.2192 0.0855 5.2479 2.8201 -2.6897 10.1749 -29.5449 -5.2836 -6.0548 20.6784 9.3632 -8.2768 3.5681 15.6208 -3.9933 -5.2792 -10.8104 2.0010 -23.0995 0.8314 5.9166 11.7515 2.6985 2.4052 7.0097 -0.0000 -0.0000 0.0000 -56.7785 -0.2343 -33.0690 157.0871 -33.9935 -112.9105 -0.0000 0.0000 -35.5191 24.5925 11.8572 5.3723 -7.1250 0.0000 -0.0000 -2.3621 42.9691 0.1185 -0.0000 -0.0000 0.0000 92.6708 -35.4389 -41.6819 -27.9737 39.0920 -10.1071 0.0000 -0.0000 -49.5991 -2.8144 20.0860 -0.9673 7.1250 -0.0000 -0.0000 16.3575 -10.4829 13.6935
1.1642 15.2702 1.9458 11.7920 9.7127 10.4590 0.0000 0.0000 0.0000 -26.3799 16.9228 2.0591 5.2726 13.6843 41.9874 2.9090 -5.2526 -31.1543 3.8092 -11.9021 -35.3865 0.0000 0.0000 0.0000 -11.9516 18.2264 -64.0404 -9.5496 -17.1487 57.9720 0.2408 8.6753 2.6669 -1.3945 7.4709 -21.1180 -4.5231 -5.3910 20.1051 9.6469 -7.2128 4.0171 15.1591 -3.5131 -4.8534 -11.7730 2.5273 -24.3226 -0.6164 7.2703 10.4349 2.5120 2.9303 6.7198 -0.0000 0.0000 0.0000 -60.2904 3.5933 -34.4209 157.8127 -33.1880 -113.3119 -0.0000 0.0000 -36.6111 25.5541 11.6183 5.5002 -7.1250 0.0000 -0.0000 -1.4625 42.8134 0.0789 -0.0000 0.0000 0.0000 97.7772 -33.1139 -50.4510 -26.2596 37.4639 -9.0451 0.0000 -0.0000 -53.3209 -3.2476 19.5677 -1.0887 7.1250 -0.0000 -0.0000 16.1074 -10.9554 13.3032
1.1320 15.1372 2.5782 14.1862 14.0672 10.7983 0.0000 0.0000 0.0000 -25.5340 15.3739 6.6886 4.6968 13.0340 39.4957 2.4556 -6.2924 -28.3756 3.6459 -11.6736 -34.5870 0.0000 0.0000 0.0000 -12.0601 12.0628 -64.3125 -11.5213 -18.1809 64.4631 0.3642 11.2582 0.1592 -0.7258 5.4434 -15.1776 -3.5826 -4.6959 20.4325 9.7501 -6.0274 3.8656 14.5414 -2.8453 -5.6253 -11.5875 1.7106 -26.2845 -2.7107 6.8399 11.3428 1.7989 2.4280 7.4657 -0.0000 0.0000 0.0000 -66.0159 2.1614 -28.9997 159.1241 -31.6832 -114.0154 -0.0000 0.0000 -34.7029 24.7344 10.6961 4.8870 -7.1250 0.0000 -0.0000 -2.0937 41.7184 0.1696 -0.0000 0.0000 0.0000 101.9401 -29.6798 -54.3680 -25.8322 37.0425 -8.7864 0.0000 -0.0000 -58.4467 -3.1005 19.6217 -1.0421 7.1250 -0.0000 -0.0000 16.1976 -10.9121 13.3994
1.0740 15.2244 3.2798 14.6621 22.0014 10.5822 0.0000 0.0000 0.0000 -20.7169 12.1865 11.0872 4.3076 12.5589 37.7390 1.4090 -6.1107 -21.2697 2.6552 -10.1147 -29.3491 0.0000 0.0000 0.0000 -9.8238 5.2739 -60.3535 -12.5544 -18.6153 67.7357 0.2031 11.6932 -4.8682 -1.1750 6.8800 -19.3604 -0.8034 -4.5205 19.8875 10.6865 -5.0241 3.0852 13.7695 -2.2670 -6.6370 -11.9915 0.0768 -25.3400 -3.7979 4.8534 11.2623 1.2308 1.3660 7.4178 0.0000 -0.0000 0.0000 -73.6501 -0.3179 -19.6859 160.6555 -29.8445 -114.7988 -0.0000 0.0000 -30.6368 21.0038 8.9422 3.4153 -7.1250 0.0000 -0.0000 -5.1564 39.4969 0.7015 0.0000 -0.0000 0.0000 100.7179 -26.3820 -49.5694 -26.4769 37.6758 -9.1776 0.0000 -0.0000 -62.1155 -5.6038 18.1112 -1.7470 7.1250 -0.0000 -0.0000 14.6638 -12.2181 11.6247
0.9860 15.5270 3.8927 15.6673 31.5240 11.0559 0.0000 0.0000 0.0000 -16.1420 7.7960 12.8594 4.0286 12.1983 36.4372 0.6196 -7.4361 -14.1842 2.2648 -9.3971 -27.0456 0.0000 0.0000 0.0000 -7.9407 -1.8443 -54.6625 -12.4591 -18.5781 67.4369 -0.2129 8.8484 -9.6199 -1.9695 8.8023 -25.1790 1.0543 -4.0082 18.7363 11.2265 -3.7899 1.5376 13.0232 -1.5537 -8.1195 -12.9180 -1.9286 -23.3286 -2.8567 2.0314 11.8876 1.3264 0.0643 7.3998 0.0000 -0.0000 0.0000 -80.5856 -2.2190 -9.8730 161.4323 -28.8780 -115.1797 -0.0000 0.0000 -24.8117 18.5688 7.0923 2.3751 -7.1250 0.0000 -0.0000 -6.9923 37.3754 1.3198 0.0000 -0.0000 0.0000 93.9894 -22.5054 -41.8122 -27.8906 39.0153 -10.0547 0.0000 -0.0000 -64.8886 -6.7832 17.6063 -2.0605 7.1250 -0.0000 -0.0000 13.9182 -12.6328 10.8704
0.9356 16.0220 4.4254 17.3914 41.6337 11.4669 0.0000 0.0000 0.0000 -12.3611 4.0027 13.5074 3.6457 11.6733 34.5860 0.1306 -6.8094 -7.4804 2.5794 -9.9809 -28.9148 0.0000 0.0000 0.0000 -7.0280 -8.2740 -46.5948 -11.2346 -18.0480 63.5411 -0.4014 6.4302 -11.4687 -0.9536 6.2186 -17.4201 1.8874 -3.3591 17.0778 11.6300 -2.7200 0.7648 12.6375 -0.9974 -8.3120 -14.6081 -4.6391 -21.5387 -1.8915 -1.5677 11.9176 1.4570 -1.6235 7.3187 0.0000 0.0000 0.0000 -84.7004 -4.0997 -5.0930 161.7234 -28.5099 -115.3195 -0.0000 0.0000 -22.8899 15.4057 6.8702 1.8879 -7.1250 0.0000 -0.0000 -9.6166 36.9513 1.9259 0.0000 0.0000 0.0000 81.5822 -15.5667 -38.3053 -30.0573 40.9424 -11.4471 0.0000 -0.0000 -65.9164 -5.6200 18.4767 -1.7862 7.1250 -0.0000 -0.0000 14.6412 -11.8627 11.7174
0.8611 16.4435 4.7799 18.0562 49.2130 11.6761 0.0000 0.0000 0.0000 -9.0215 2.5037 10.6522 3.9193 12.0523 35.9171 0.2495 -4.2092 -8.9226 2.3079 -9.4799 -27.3084 0.0000 0.0000 0.0000 -4.9986 -11.2466 -38.8245 -9.5906 -17.1731 58.1110 -0.5790 2.2614 -13.7773 -1.3607 7.3834 -20.8564 2.9245 -2.0158 15.7969 11.9114 -0.6661 -0.2012 11.8381 0.0416 -9.0935 -19.3395 -7.9804 -18.7402 1.4984 -5.8673 12.5983 2.7690 -3.6130 7.6063 0.0000 -0.0000 0.0000 -84.2725 -4.2626 -6.0913 162.1556 -27.9574 -115.5240 -0.0000 0.0000 -23.5815 13.1395 7.8361 1.8229 -7.1250 0.0000 -0.0000 -11.6814 37.7848 2.1095 0.0000 -0.0000 0.0000 65.3422 -8.5551 -40.4863 -32.7887 43.1670 -13.2773 0.0000 -0.0000 -68.5079 -6.1571 18.2475 -1.9347 7.1250 -0.0000 -0.0000 14.3034 -12.0500 11.3709
0.8241 16.8893 4.9739 18.9120 54.3730 12.3946 0.0000 0.0000 0.0000 -8.1489 2.1475 7.0400 4.0708 12.2540 36.6367 0.1471 -7.3613 -7.9951 2.4081 -9.6688 -27.9108 0.0000 0.0000 0.0000 -4.3047 -10.2420 -31.4482 -7.8029 -15.9724 51.8497 -0.5308 -0.7951 -14.0732 -0.7866 5.6618 -15.8063 5.5193 -0.6653 14.5993 10.8321 1.5232 -1.5520 8.5148 0.9512 -10.2098 -19.6860 -8.9967 -12.9980 1.6484 -8.5242 12.1074 2.7001 -4.8884 6.7932 -0.0000 -0.0000 0.0000 -80.1179 -4.3273 -10.3788 162.4500 -27.5771 -115.6611 -0.0000 0.0000 -25.0398 12.8707 8.9579 2.0376 -7.1250 0.0000 -0.0000 -12.1280 38.8896 1.8578 -0.0000 -0.0000 0.0000 47.2869 -0.5945 -45.9838 -34.9419 44.7706 -14.7724 0.0000 -0.0000 -68.7627 -6.0005 17.0009 -1.7604 7.1250 -0.0000 -0.0000 14.4474 -13.2717 11.1116
0.7914 17.2671 5.1361 20.4965 57.7795 13.6421 0.0000 0.0000 0.0000 -8.6563 2.3807 4.0489 4.0373 12.2099 36.4787 -0.3090 -12.5030 -3.7185 2.1706 -9.2127 -26.4629 0.0000 0.0000 0.0000 -5.2637 -4.7393 -22.9916 -6.2189 -14.6371 45.8539 -0.5302 1.4730 -13.3257 -0.4541 4.3232 -11.9877 7.7977 0.1072 13.6626 9.7421 2.7847 -2.2619 5.6664 1.3588 -10.4280 -21.2402 -9.9178 -10.5577 2.0159 -10.0787 12.7355 2.9197 -5.7198 6.8696 0.0000 -0.0000 0.0000 -76.6536 -5.0897 -13.6631 163.0077 -26.8477 -115.9161 -0.0000 0.0000 -25.4839 12.6245 9.0318 2.0137 -7.1250 0.0000 -0.0000 -12.3519 38.9451 1.8762 0.0000 -0.0000 0.0000 29.0448 7.8362 -48.7651 -39.5479 47.7997 -18.1036 0.0000 -0.0000 -68.2005 -5.2475 19.1130 -1.7225 7.1250 -0.0000 -0.0000 14.8589 -11.2701 12.0927
0.7000 17.4500 5.3102 23.4349 61.5958 16.3885 0.0000 0.0000 0.0000 -9.2457 2.1424 0.5822 4.0590 12.2385 36.5809 -0.6245 -13.8579 4.3338 2.6197 -10.0524 -29.1466 0.0000 0.0000 0.0000 -6.1204 1.4492 -15.2834 -5.1392 -13.5388 41.4205 -0.4381 4.8968 -11.7887 -1.3798 7.4331 -21.0049 9.3752 0.4857 12.7226 8.6382 3.3695 -2.9901 3.4371 1.4712 -10.5586 -22.2111 -10.5758 -8.2025 1.6853 -11.3189 12.8187 2.8846 -6.3953 6.6948 -0.0000 0.0000 0.0000 -74.4754 -5.3874 -10.8869 163.8086 -25.7795 -116.2712 -0.0000 0.0000 -22.6474 12.1840 8.8229 1.8968 -7.1250 0.0000 -0.0000 -12.6810 38.7042 2.0047 -0.0000 0.0000 0.0000 9.4777 16.2998 -51.3862 -41.2737 48.8066 -19.3923 0.0000 -0.0000 -66.1731 -5.0182 20.9370 -1.7972 7.1250 -0.0000 -0.0000 14.9545 -9.5202 12.7283
0.5757 17.5077 5.5743 23.0022 66.0976 15.6891 0.0000 0.0000 0.0000 -7.3285 1.3774 -1.3099 4.0223 12.1900 36.4075 -0.2625 -11.1275 11.0055 2.8376 -10.4274 -30.3720 0.0000 0.0000 0.0000 -3.3643 5.9595 -8.4430 -4.3934 -12.6662 38.1315 -0.4652 6.8386 -12.3378 -1.0318 6.4609 -18.1278 12.1949 0.6463 12.9504 7.8610 4.1303 -3.7067 0.8896 1.5726 -11.2948 -22.8879 -11.4606 -6.5242 2.0399 -12.8929 12.8738 2.9660 -7.1721 6.6877 -0.0000 -0.0000 0.0000 -73.9405 -5.3150 -3.8225 164.5285 -24.7989 -116.5787 -0.0000 0.0000 -19.5162 11.0046 7.3181 1.4190 -7.1250 0.0000 -0.0000 -13.3616 37.1301 2.6450 -0.0000 -0.0000 0.0000 -7.0230 21.0122 -51.8242 -43.1853 49.8478 -20.8423 0.0000 -0.0000 -63.4586 -5.0887 19.3521 -1.6902 7.1250 -0.0000 -0.0000 14.9523 -11.0490 12.2449
0.4468 17.4743 5.9174 25.8283 71.8461 17.8146 0.0000 0.0000 0.0000 -4.8178 0.9500 -2.7619 4.2431 12.4771 37.4412 -0.2463 -11.1300 11.4037 3.5104 -11.4787 -33.9118 0.0000 0.0000 0.0000 -0.7778 3.4836 -4.5348 -4.0807 -12.2670 36.6831 -0.7580 6.7905 -15.5553 -2.4833 9.8074 -28.3552 12.5273 0.5239 12.3533 7.2222 3.8431 -3.7730 0.0744 1.3976 -10.9603 -23.4863 -12.5863 -4.7025 3.8008 -15.1155 11.1741 3.4579 -8.1078 6.2662 0.0000 -0.0000 0.0000 -75.1459 -6.2157 1.7141 164.6097 -24.6870 -116.6127 -0.0000 0.0000 -15.8153 9.8923 4.9478 0.8617 -7.1250 0.0000 -0.0000 -13.8233 34.7284 3.5731 0.0000 -0.0000 0.0000 -19.4592 23.7787 -51.8375 -46.2786 51.3797 -23.2335 0.0000 -0.0000 -60.1669 -3.9466 20.9430 -1.4126 7.1250 -0.0000 -0.0000 15.6220 -9.5884 13.3200
0.3321 17.4433 6.2049 28.6500 76.7066 21.0735 0.0000 0.0000 0.0000 -2.8125 -1.1435 -4.3074 4.3478 12.6094 37.9233 -0.1577 -9.7258 10.7239 4.0294 -12.1994 -36.4409 0.0000 0.0000 0.0000 1.4754 -1.0946 -4.1550 -3.8978 -12.0231 35.8137 -0.9782 6.9898 -17.6569 -1.5183 7.7810 -22.0509 13.2521 0.3955 11.7558 6.3606 3.6327 -4.2162 -1.2009 1.1890 -11.0330 -23.7067 -13.4809 -2.9495 5.7548 -17.0269 9.5285 3.9986 -8.9091 5.8782 0.0000 0.0000 0.0000 -77.6832 -6.3143 4.0652 164.7289 -24.5225 -116.6623 -0.0000 0.0000 -15.2319 7.8004 3.2485 0.4448 -7.1250 0.0000 -0.0000 -15.1914 32.9737 4.6168 0.0000 0.0000 0.0000 -28.0414 25.3221 -51.8474 -48.2071 52.2463 -24.7494 0.0000 -0.0000 -58.3520 -1.9726 22.1450 -0.7438 7.1250 -0.0000 -0.0000 16.7988 -8.5597 14.7787
0.2077 17.4220 6.4468 32.5442 79.1701 26.0662 0.0000 0.0000 0.0000 -1.5952 -3.4910 -5.0779 4.0488 12.2251 36.5330 0.0925 -6.5849 11.4234 2.3130 -9.4897 -27.3395 0.0000 0.0000 0.0000 2.7127 -3.2861 -5.5610 -3.9401 -12.0803 36.0167 -1.1167 7.7132 -18.8904 -1.4502 7.6123 -21.5425 11.4090 0.3114 12.6194 6.2873 3.5302 -5.3826 -0.2463 1.1565 -12.9939 -23.5853 -13.7336 -1.3761 6.5517 -17.8614 8.6541 4.2540 -9.2789 5.5229 0.0000 -0.0000 0.0000 -80.8371 -4.0448 2.3275 164.7240 -24.5292 -116.6603 -0.0000 0.0000 -16.0352 7.6804 2.4856 0.3351 -7.1250 0.0000 -0.0000 -15.1530 32.2264 4.8877 0.0000 -0.0000 0.0000 -32.7707 29.5900 -51.5027 -52.7508 54.0464 -28.3862 0.0000 -0.0000 -57.8647 -0.4805 22.4711 -0.1837 7.1250 -0.0000 -0.0000 17.6914 -8.3341 15.7300
0.0745 17.4065 6.7054 37.6483 79.8389 31.7493 0.0000 0.0000 0.0000 -1.3731 -3.1795 -5.8422 3.6826 11.7256 34.7681 0.0136 -7.8509 11.4758 3.9212 -12.0548 -35.9260 0.0000 0.0000 0.0000 3.3012 -3.2724 -6.9379 -4.2355 -12.4674 37.4062 -1.2320 7.6165 -19.8384 -1.4371 7.5792 -21.4432 12.3359 1.7550 12.2286 2.8928 4.8635 -4.4160 -4.7629 1.6027 -11.0805 -23.4503 -15.7456 0.2077 12.3755 -21.5456 6.1847 5.6545 -10.8566 5.6723 -0.0000 -0.0000 0.0000 -79.2222 -6.9828 5.2423 164.2192 -25.2226 -116.4480 -0.0000 0.0000 -17.4436 7.6741 2.6591 0.3582 -7.1250 0.0000 -0.0000 -15.1877 32.3951 4.8356 -0.0000 -0.0000 0.0000 -29.2474 27.1435 -51.5975 -59.6953 56.2282 -34.0877 0.0000 -0.0000 -56.7638 1.4696 23.3977 0.5837 7.1250 -0.0000 -0.0000 18.8151 -7.5520 17.1563
-0.0340 17.4212 6.9249 40.0533 80.2681 33.8422 0.0000 0.0000 0.0000 -0.9223 -4.2947 -4.3280 3.2168 11.0379 32.4080 0.1954 -6.0638 12.7093 3.3968 -11.3112 -33.3367 0.0000 0.0000 0.0000 4.1965 -3.1142 -6.9303 -4.3816 -12.6516 38.0780 -1.3168 7.1054 -20.5129 -1.2259 7.0223 -19.7816 11.0079 2.0536 13.1650 1.4530 4.9193 -4.0045 -5.6722 1.6478 -11.0912 -20.1227 -16.4324 1.7885 12.9274 -22.7589 4.1602 5.4584 -11.4128 4.6990 -0.0000 -0.0000 0.0000 -78.3241 -6.4483 5.1909 163.8647 -25.7038 -116.2955 -0.0000 0.0000 -17.7711 7.4702 2.9592 0.3878 -7.1250 0.0000 -0.0000 -15.4006 32.6796 4.7980 -0.0000 -0.0000 0.0000 -25.5312 27.7506 -50.2275 -66.2230 57.7522 -39.5639 0.0000 -0.0000 -57.2135 0.4414 22.9748 0.1723 7.1250 -0.0000 -0.0000 18.2232 -7.9033 16.4203
-0.1342 17.4568 7.0248 39.5657 80.8110 33.6083 0.0000 0.0000 0.0000 -0.3723 -5.3910 -4.2535 3.0107 10.7123 31.3158 0.2851 -5.3764 13.4987 3.4252 -11.3534 -33.4812 0.0000 0.0000 0.0000 5.1617 -3.3342 -7.2272 -4.2954 -12.5435 37.6828 -1.3041 6.3935 -20.4266 -1.5767 7.9222 -22.4780 9.9888 2.4644 13.6282 1.3365 5.2690 -3.4036 -5.3156 1.9189 -10.6763 -21.4339 -16.9267 2.7433 14.6644 -23.6518 2.7023 6.1001 -11.8671 4.6196 0.0000 -0.0000 0.0000 -79.8593 -6.6797 6.6285 163.5283 -26.1560 -116.1485 -0.0000 0.0000 -17.7178 8.1109 3.4654 0.4936 -7.1250 0.0000 -0.0000 -14.9841 33.1973 4.4660 0.0000 -0.0000 0.0000 -23.0235 26.8838 -48.7529 -71.1577 58.6151 -43.7580 0.0000 -0.0000 -57.3491 -0.8943 22.6685 -0.3447 7.1250 -0.0000 -0.0000 17.4336 -8.1230 15.5529
-0.2200 17.5019 7.0757 36.6861 80.3335 31.2906 0.0000 0.0000 0.0000 -0.0612 -7.5855 -3.4764 2.9125 10.5521 30.7837 0.4933 -0.0269 13.2814 0.8803 -5.9812 -16.7300 0.0000 0.0000 0.0000 5.5885 -2.6431 -7.7592 -4.1429 -12.3482 36.9750 -1.2160 6.9132 -19.7002 -1.3110 7.2528 -20.4666 8.1359 2.7330 13.8746 1.5540 5.3079 -2.9647 -4.0629 2.0865 -10.4812 -21.9771 -17.1080 3.2606 15.5484 -23.9887 1.6573 6.4439 -12.0443 4.4593 0.0000 0.0000 0.0000 -81.0474 -6.2998 7.8635 163.2351 -26.5469 -116.0183 -0.0000 0.0000 -16.3564 8.9756 3.6802 0.5809 -7.1250 0.0000 -0.0000 -14.3346 33.4421 4.1737 0.0000 0.0000 0.0000 -19.7543 26.8936 -47.4655 -75.3788 59.1766 -47.3726 0.0000 -0.0000 -57.5695 -0.8737 23.1900 -0.3441 7.1250 -0.0000 -0.0000 17.4265 -7.6268 15.7245
-0.2792 17.5731 7.0429 28.6067 80.2592 23.8099 0.0000 0.0000 0.0000 1.0534 -8.1609 -3.9707 2.9547 10.6214 31.0135 0.5471 1.7003 13.4904 0.8430 -5.8565 -16.3686 0.0000 0.0000 0.0000 6.7020 -2.2525 -7.8456 -3.8468 -11.9536 35.5682 -1.0512 7.9376 -18.3465 -0.8565 5.9019 -16.5002 8.6798 2.2828 14.1027 1.3937 4.7993 -2.7926 -4.4444 1.8100 -10.4307 -22.1760 -16.7846 3.6872 16.6839 -23.7001 1.4520 6.8913 -11.9158 4.4591 -0.0000 -0.0000 0.0000 -80.4769 -5.5446 8.2319 163.1074 -26.7160 -115.9611 -0.0000 0.0000 -16.8377 9.8637 4.0619 0.7056 -7.1250 0.0000 -0.0000 -13.6907 33.8541 3.8359 -0.0000 -0.0000 0.0000 -13.6516 27.9263 -45.3868 -81.2474 59.7085 -52.4274 0.0000 -0.0000 -56.3529 -1.3445 23.7640 -0.5419 7.1250 -0.0000 -0.0000 17.1252 -7.0504 15.6268
-0.3230 17.6472 6.9740 23.8309 78.8577 19.7857 0.0000 0.0000 0.0000 0.9036 -7.1079 -5.5100 3.0855 10.8322 31.7162 0.4732 -3.4282 14.7036 3.5074 -11.4743 -33.8967 0.0000 0.0000 0.0000 6.7082 -1.7264 -8.5023 -3.6042 -11.6142 34.3806 -0.8887 8.5585 -16.9701 -0.9927 6.3411 -17.7774 8.3156 1.8557 13.7834 1.2780 4.0691 -2.1364 -4.1780 1.5392 -9.6181 -21.4319 -16.7840 2.2804 16.3900 -23.3731 1.2282 6.6537 -11.6876 4.4284 -0.0000 -0.0000 0.0000 -80.6147 -5.3746 9.4243 162.9479 -26.9264 -115.8891 -0.0000 0.0000 -16.8742 13.4826 5.1087 1.2230 -7.1250 0.0000 -0.0000 -10.9312 35.0602 2.7094 -0.0000 -0.0000 0.0000 -6.9727 30.0470 -43.0810 -91.3080 59.9935 -61.1328 0.0000 -0.0000 -56.2073 -4.4637 22.7643 -1.7302 7.1250 -0.0000 -0.0000 15.2619 -7.7952 13.5536
-0.3740 17.6862 6.8654 21.3342 77.0069 17.5860 0.0000 0.0000 0.0000 1.2308 -5.5728 -6.3410 3.1425 10.9222 32.0178 0.4750 -5.7833 16.4183 3.4236 -11.3511 -33.4733 0.0000 0.0000 0.0000 6.1110 -0.2431 -8.6929 -3.4462 -11.3846 33.5881 -0.6976 9.4074 -15.3196 -0.5004 4.5349 -12.5865 7.1971 1.7076 14.4921 1.3032 3.7262 -1.8443 -3.4863 1.4340 -9.8101 -23.2720 -16.3830 2.3262 18.3137 -23.0214 1.3306 7.4949 -11.5123 4.8601 0.0000 0.0000 0.0000 -81.5537 -4.7570 11.2279 162.5460 -27.4524 -115.7055 -0.0000 0.0000 -14.1645 16.7950 6.3577 1.9142 -7.1250 0.0000 -0.0000 -8.3799 36.5067 1.7656 0.0000 0.0000 0.0000 1.4492 31.2906 -38.7791 -103.0074 59.3509 -71.2402 0.0000 -0.0000 -52.9451 -7.2105 21.8669 -2.6979 7.1250 -0.0000 -0.0000 13.5760 -8.4450 11.7795
-0.4233 17.6881 6.7214 18.8555 74.9249 15.2947 0.0000 0.0000 0.0000 1.3544 -6.2013 -5.8200 3.1620 10.9528 32.1209 0.3461 -7.7718 16.5727 2.2046 -9.2799 -26.6748 0.0000 0.0000 0.0000 5.4971 0.6872 -9.8314 -3.5202 -11.4930 33.9612 -0.5625 10.1185 -14.1540 -0.7975 5.7000 -15.9164 5.8897 1.6473 15.1601 1.6349 3.4724 -1.3288 -2.3612 1.4083 -9.7413 -24.0416 -16.2301 1.9183 18.6570 -22.6883 0.5861 7.7353 -11.3287 4.7651 -0.0000 0.0000 0.0000 -82.6339 -5.1916 11.9833 162.2152 -27.8808 -115.5519 -0.0000 0.0000 -16.4932 12.6418 5.2629 1.1786 -7.1250 0.0000 -0.0000 -11.6428 35.1745 2.8587 -0.0000 0.0000 0.0000 10.6840 32.7916 -33.9172 -116.2000 57.2403 -82.4797 0.0000 -0.0000 -48.2121 -5.2173 23.1668 -2.0573 7.1250 -0.0000 -0.0000 14.7964 -7.3476 13.2437
-0.4742 17.6456 6.5394 16.5323 72.6710 13.1668 0.0000 0.0000 0.0000 1.7112 -6.4020 -5.6483 3.2289 11.0566 32.4711 -0.0624 -11.9004 16.0543 1.7653 -8.3591 -23.8103 0.0000 0.0000 0.0000 4.9008 2.0850 -11.3410 -3.7279 -11.7893 34.9905 -0.4190 11.1738 -13.0162 -0.5720 4.8435 -13.4628 4.5784 1.5437 15.9678 2.2717 3.1933 -0.7717 -0.8977 1.3758 -9.7159 -24.5054 -16.3055 0.9266 18.7426 -22.5376 0.1859 7.7666 -11.2010 4.8332 -0.0000 0.0000 0.0000 -83.5112 -5.8966 15.7877 161.3683 -28.9584 -115.1488 -0.0000 0.0000 -12.9642 18.4000 6.5439 2.1711 -7.1250 0.0000 -0.0000 -7.0624 36.7925 1.4346 -0.0000 0.0000 0.0000 20.3772 34.2889 -27.5276 -128.5842 53.5508 -92.6911 0.0000 -0.0000 -43.8710 -7.2665 23.5774 -2.9197 7.1250 -0.0000 -0.0000 13.5436 -6.7719 12.2068
-0.5030 17.5364 6.3300 16.1726 70.4400 12.7901 0.0000 0.0000 0.0000 1.3343 -7.4326 -4.5089 3.2868 11.1455 32.7722 -0.2297 -11.9422 13.3514 1.5852 -7.9425 -22.5397 0.0000 0.0000 0.0000 3.5736 3.3991 -13.2241 -4.1318 -12.3337 36.9230 -0.3764 12.4394 -13.0917 -0.7776 5.6302 -15.7151 3.2474 0.9515 16.4105 2.5007 2.1776 -0.0086 0.3337 0.9828 -9.2259 -25.4935 -15.9126 -0.4488 19.5670 -21.7075 -0.0887 8.1919 -10.7151 5.0173 -0.0000 -0.0000 0.0000 -84.7541 -7.5313 19.4790 160.4376 -30.1115 -114.6900 -0.0000 0.0000 -10.6763 16.9706 5.5382 1.6870 -7.1250 0.0000 -0.0000 -8.1229 35.6701 1.8778 -0.0000 -0.0000 0.0000 31.1849 36.9504 -19.5708 -138.8142 48.7569 -100.6738 0.0000 -0.0000 -38.3466 -8.5127 22.2234 -3.2401 7.1250 -0.0000 -0.0000 12.7664 -7.9799 11.1585
-0.5185 17.3825 6.0997 13.2781 68.2849 10.0657 0.0000 0.0000 0.0000 2.3068 -6.8285 -3.8810 3.4162 11.3401 33.4357 -0.2220 -10.0873 9.7788 0.9627 -6.2472 -17.5035 0.0000 0.0000 0.0000 3.4008 4.9223 -15.5441 -4.6832 -13.0179 39.4355 -0.4157 12.8317 -13.6569 -1.5993 7.9762 -22.6418 1.9694 1.1011 16.1712 3.3018 2.1796 1.0240 1.9236 1.0816 -8.0461 -25.1147 -16.2616 -2.3072 19.3147 -21.7606 0.1933 7.8922 -10.6401 5.3364 0.0000 -0.0000 0.0000 -86.0517 -11.7437 26.7916 158.8678 -31.9823 -113.8802 -0.0000 0.0000 -9.0681 17.8550 5.4262 1.7448 -7.1250 0.0000 -0.0000 -7.3766 35.5984 1.7158 0.0000 -0.0000 0.0000 39.3155 37.6451 -14.7573 -144.5548 45.1274 -104.8720 0.0000 -0.0000 -34.1960 -5.6535 26.2782 -2.5095 7.1250 -0.0000 -0.0000 14.5354 -4.2978 13.8679
-0.4922 17.2241 5.8270 14.6469 65.1495 11.2839 0.0000 0.0000 0.0000 0.5698 -4.7924 -2.9300 3.3641 11.2624 33.1700 -0.2573 -9.0905 5.0328 1.6844 -8.1753 -23.2477 0.0000 0.0000 0.0000 0.7990 6.7578 -18.0475 -5.3179 -13.7331 42.1788 -0.2798 14.9160 -13.3547 -1.2953 7.2108 -20.3413 -2.1998 1.5767 14.6235 4.3887 2.1378 1.8479 5.5040 1.2005 -6.4946 -25.2693 -15.7311 -1.9742 18.4319 -21.0057 0.0148 7.8181 -10.3079 4.9639 -0.0000 -0.0000 0.0000 -89.1503 -15.8983 32.8899 157.2294 -33.8370 -112.9899 -0.0000 0.0000 -6.5610 19.4832 4.9729 1.7566 -7.1250 0.0000 -0.0000 -5.9780 35.2022 1.4452 -0.0000 -0.0000 0.0000 46.1454 37.8512 -7.3683 -149.7486 41.1079 -108.4254 0.0000 -0.0000 -24.8543 -8.3254 25.2169 -3.5675 7.1250 -0.0000 -0.0000 12.9234 -5.0672 12.0487
-0.4257 17.0514 5.4890 13.5135 62.8255 10.0409 0.0000 0.0000 0.0000 -0.2318 -4.0165 -1.0696 3.2528 11.0935 32.5959 -0.2418 -8.7678 1.8943 1.8094 -8.4572 -24.1116 0.0000 0.0000 0.0000 -0.7028 8.0549 -19.7945 -5.7191 -14.1504 43.8435 -0.1760 16.4574 -13.2664 -1.6041 7.9875 -22.6762 -1.3123 0.8280 15.3445 2.9905 1.1705 1.1614 3.6896 0.6903 -7.4686 -22.9064 -15.2001 -3.0262 17.6060 -20.3533 2.6818 7.2393 -9.9569 5.4772 -0.0000 0.0000 0.0000 -87.4856 -19.3526 37.6380 155.3349 -35.8597 -111.9071 -0.0000 0.0000 -5.0843 18.3692 4.2246 1.4013 -7.1250 0.0000 -0.0000 -6.8165 34.3685 1.7891 -0.0000 0.0000 0.0000 56.8103 36.4053 1.3421 -153.3493 37.8441 -110.7160 0.0000 -0.0000 -15.3629 -7.8404 28.4814 -3.7570 7.1250 -0.0000 -0.0000 13.3034 -1.9338 13.2117
-0.3152 16.8799 5.1025 11.4558 61.0318 7.8422 0.0000 0.0000 0.0000 -0.8283 -3.5371 1.1718 3.1278 10.8990 31.9402 -0.1598 -10.2373 -4.1605 2.3235 -9.5097 -27.4030 0.0000 0.0000 0.0000 -1.7174 8.8712 -20.8436 -5.9036 -14.3343 44.5937 0.0980 18.2714 -11.9382 -1.4876 7.7055 -21.8231 -1.3769 -0.2784 14.7643 3.1444 -0.2963 1.1060 4.1966 -0.0242 -7.0901 -22.3750 -14.4952 -4.1036 17.0929 -19.3499 4.7006 7.0753 -9.4292 5.9671 -0.0000 0.0000 0.0000 -87.3987 -23.5940 40.6358 154.1592 -37.0510 -111.2085 -0.0000 0.0000 -5.1426 16.7127 4.1783 1.2533 -7.1250 0.0000 -0.0000 -8.1653 34.2534 2.1718 -0.0000 0.0000 0.0000 60.5690 36.7209 6.3190 -155.2442 35.9533 -111.8539 0.0000 -0.0000 -10.8647 -6.5445 30.4333 -3.3258 7.1250 -0.0000 -0.0000 14.1179 -0.1825 14.5212
-0.1707 16.7567 4.6525 9.5077 58.9321 5.6867 0.0000 0.0000 0.0000 -1.6766 -1.8687 3.3150 2.9218 10.5674 30.8345 0.1871 -10.5108 -10.0369 3.6295 -11.6503 -34.5058 0.0000 0.0000 0.0000 -2.6849 10.0936 -21.0859 -5.7570 -14.1887 43.9985 0.2608 18.9008 -10.8709 -1.7219 8.2612 -23.5102 -0.6983 -1.5173 15.0635 2.6518 -1.8662 0.2636 3.6415 -0.8006 -8.0705 -21.8065 -13.3765 -4.5520 17.4556 -18.1241 7.5912 7.2815 -8.7884 6.6915 0.0000 -0.0000 0.0000 -86.7548 -26.5255 43.7761 152.8058 -38.3638 -110.3806 -0.0000 0.0000 -5.0026 15.5303 4.5371 1.2593 -7.1250 0.0000 -0.0000 -9.1758 34.5728 2.3740 0.0000 -0.0000 0.0000 63.4777 36.2177 10.1408 -156.3380 34.8048 -112.4872 0.0000 -0.0000 -7.7307 -7.6569 31.2083 -3.9848 7.1250 -0.0000 -0.0000 13.5232 0.6973 14.0831
-0.0053 16.7530 4.1582 8.7690 56.9312 4.6149 0.0000 0.0000 0.0000 -3.3123 0.5772 5.5181 2.4547 9.7550 28.1870 0.5186 -10.8643 -13.9361 3.5947 -11.6005 -34.3331 0.0000 0.0000 0.0000 -3.9383 12.6766 -19.4288 -5.0563 -13.4469 41.0654 0.1935 17.2665 -10.1764 -2.1171 9.1059 -26.1273 -1.7256 -2.1657 14.3693 3.1881 -2.8613 0.3020 4.9717 -1.2491 -7.4950 -22.2089 -13.0974 -5.1692 17.7776 -17.7994 9.1052 7.4691 -8.5943 7.2837 -0.0000 -0.0000 0.0000 -88.7203 -30.5399 47.8704 151.3241 -39.7310 -109.4471 -0.0000 0.0000 -4.9264 14.3496 4.2413 1.0839 -7.1250 0.0000 -0.0000 -10.0976 34.2211 2.7061 -0.0000 -0.0000 0.0000 62.8732 36.4618 11.4878 -157.0223 34.0644 -112.8742 0.0000 -0.0000 -4.0533 -9.5945 33.1160 -5.2764 7.1250 -0.0000 -0.0000 12.5574 2.8018 13.4778
0.1531 16.7696 3.6476 8.0122 55.0011 3.5592 0.0000 0.0000 0.0000 -4.6197 3.8205 6.4527 2.1617 9.1951 26.4074 0.7598 -11.6350 -16.4344 3.0358 -10.7528 -31.4506 0.0000 0.0000 0.0000 -5.1258 14.2993 -17.7880 -4.2161 -12.4426 37.3162 0.2300 15.8598 -8.5373 -2.5043 9.8457 -28.4785 -2.5308 -2.7540 13.5933 3.3178 -3.7659 0.2460 5.6914 -1.6795 -6.9726 -20.9730 -12.6196 -4.5040 17.5184 -17.4034 9.6760 7.3144 -8.4070 7.1250 -0.0000 -0.0000 0.0000 -90.5780 -33.0912 51.6802 150.7818 -40.2138 -109.0987 -0.0000 0.0000 -7.4622 12.8808 6.3463 1.4480 -7.1250 0.0000 -0.0000 -11.6281 36.2739 2.5373 -0.0000 -0.0000 0.0000 61.9977 36.4097 9.6869 -156.9756 34.1155 -112.8480 0.0000 -0.0000 -4.9904 -8.1488 36.7815 -4.9004 7.1250 -0.0000 -0.0000 13.6189 6.1629 15.4232
0.3087 16.8437 3.1305 7.7844 53.4000 3.1346 0.0000 0.0000 0.0000 -6.5983 6.0237 6.7242 2.0090 8.8848 25.4356 1.0095 -11.5960 -18.5225 2.3515 -9.5627 -27.5718 0.0000 0.0000 0.0000 -6.4141 16.8760 -15.1586 -3.2285 -11.0560 32.4690 0.1276 12.4327 -6.8870 -2.1214 9.1145 -26.1540 -3.3951 -3.3178 12.7612 3.3554 -4.6418 0.1336 6.3121 -2.1022 -6.4564 -20.8905 -11.5860 -2.0597 18.9991 -16.4554 8.2557 8.1112 -8.0259 6.2022 -0.0000 -0.0000 0.0000 -92.8357 -34.6613 55.6461 149.2861 -41.4975 -108.1202 -0.0000 0.0000 -7.2081 13.9949 5.4103 1.3462 -7.1250 0.0000 -0.0000 -10.5579 35.3900 2.5281 -0.0000 -0.0000 0.0000 60.5407 35.5425 10.5057 -158.7537 32.1148 -113.8196 0.0000 0.0000 0.8598 -13.5458 22.4161 -5.2491 7.1250 -0.0000 -0.0000 9.6282 -7.2547 8.4586
0.4499 16.9090 2.6307 6.8365 51.8810 2.1803 0.0000 0.0000 0.0000 -8.0961 7.8523 6.3554 1.9578 8.7777 25.1023 1.3296 -10.2417 -20.7854 2.3468 -9.5538 -27.5436 0.0000 0.0000 0.0000 -6.8785 18.4385 -13.1577 -2.4353 -9.7194 28.0727 0.0173 8.3518 -5.5007 -1.7935 8.4220 -24.0033 -3.2139 -3.9762 12.4951 3.3087 -5.4960 -0.2153 6.2943 -2.5190 -6.5918 -21.2381 -11.3994 -2.8104 19.1293 -16.2898 10.0463 8.2096 -7.9008 6.8964 -0.0000 -0.0000 0.0000 -94.4079 -34.5340 58.2431 148.6182 -42.0488 -107.6752 -0.0000 0.0000 -7.9907 13.3423 5.8043 1.3740 -7.1250 0.0000 -0.0000 -11.1567 35.7542 2.5751 -0.0000 -0.0000 0.0000 60.8203 34.1400 10.1873 -159.0612 31.7568 -113.9823 0.0000 0.0000 2.0616 -16.1945 22.5017 -6.3423 7.1250 -0.0000 -0.0000 7.9727 -6.8335 7.0376
0.5517 16.9315 2.1776 6.3365 50.3086 1.6045 0.0000 0.0000 0.0000 -9.6250 8.6077 6.5058 1.8899 8.6328 24.6533 1.5432 -10.7418 -22.3898 1.6568 -8.1112 -23.0525 0.0000 0.0000 0.0000 -7.0724 17.1327 -13.5611 -2.1289 -9.1295 26.2014 -0.0600 4.3039 -4.9434 -1.9760 8.8159 -25.2211 -3.9935 -4.4429 12.2938 3.3797 -6.2322 -0.5618 6.9263 -2.8468 -6.6671 -21.2710 -11.2557 -3.8315 18.7605 -16.1081 12.0830 8.0877 -7.7655 7.6507 0.0000 0.0000 0.0000 -95.9822 -34.5101 60.2550 148.7368 -41.9519 -107.7546 -0.0000 0.0000 -9.8377 12.1468 8.4320 1.8077 -7.1250 0.0000 -0.0000 -12.6319 38.3122 2.1208 0.0000 0.0000 0.0000 59.9416 33.8579 7.6758 -157.9922 32.9858 -113.4099 0.0000 0.0000 0.2696 -16.9664 29.6480 -8.5823 7.1250 -0.0000 -0.0000 8.0784 0.5076 8.2317
0.6030 16.9515 1.7999 5.3207 48.0544 0.3739 0.0000 0.0000 0.0000 -10.3439 9.7005 5.9117 2.0309 8.9302 25.5774 1.6491 -11.2837 -23.1793 1.6324 -8.0543 -22.8791 0.0000 0.0000 0.0000 -5.8820 13.6799 -16.1841 -2.3596 -9.5781 27.6210 -0.0946 3.2525 -5.5796 -1.6592 8.1169 -23.0698 -4.9757 -4.4351 12.5047 3.5080 -6.3743 -0.8291 7.6833 -2.8619 -6.9339 -20.6948 -11.1142 -4.2183 18.1559 -15.9852 13.5769 7.8070 -7.6834 8.0670 0.0000 -0.0000 0.0000 -97.2166 -33.9703 62.1889 148.2657 -42.3344 -107.4384 -0.0000 0.0000 -10.6323 11.5106 8.9521 1.8150 -7.1250 0.0000 -0.0000 -13.2768 38.7828 2.0766 0.0000 -0.0000 0.0000 59.9868 32.3204 6.8685 -158.5650 32.3326 -113.7190 0.0000 -0.0000 -0.8867 -14.8485 32.3451 -8.0731 7.1250 -0.0000 -0.0000 9.5631 2.8421 10.1654
0.6209 16.9461 1.4696 5.3271 45.4978 -0.4572 0.0000 0.0000 0.0000 -11.4462 11.5298 4.9427 2.3289 9.5200 27.4360 1.8074 -10.5953 -24.1772 1.7250 -8.2681 -23.5313 0.0000 0.0000 0.0000 -4.8911 10.2764 -19.1139 -2.9581 -10.6269 31.0316 -0.0738 4.1320 -5.2559 -1.5521 7.8631 -22.2989 -5.7584 -4.2401 13.1779 3.0242 -6.2989 -0.6130 7.6493 -2.8017 -7.0658 -20.3448 -11.1172 -5.5709 18.4121 -15.9615 14.4652 7.8006 -7.5615 8.5939 -0.0000 0.0000 0.0000 -97.9147 -34.0903 63.5912 148.0390 -42.5161 -107.2855 -0.0000 0.0000 -9.9555 9.7763 8.6578 1.4858 -7.1250 0.0000 -0.0000 -14.6689 38.3664 2.4596 -0.0000 0.0000 0.0000 61.1971 30.7832 7.6975 -159.1848 31.6120 -114.0472 0.0000 0.0000 0.1379 -15.3145 31.5695 -8.1586 7.1250 -0.0000 -0.0000 9.2210 2.1495 9.6849
0.6414 16.9623 1.1844 4.1429 43.2798 -1.9772 0.0000 0.0000 0.0000 -11.9383 11.7663 4.6474 2.5692 9.9626 28.8556 2.0012 -9.1055 -25.3860 1.3411 -7.3323 -20.7035 0.0000 0.0000 0.0000 -2.8833 9.3413 -20.4291 -3.5444 -11.5282 34.0825 -0.0665 3.0131 -4.7369 -1.1020 6.6703 -18.7423 -5.0693 -4.3740 13.4766 2.7635 -6.3904 -0.2274 6.9988 -2.8918 -6.9059 -19.8802 -11.3969 -6.8148 17.8145 -16.1188 14.6732 7.4197 -7.5832 8.8256 -0.0000 0.0000 0.0000 -97.6521 -33.6801 64.1622 148.3625 -42.2562 -107.5036 -0.0000 0.0000 -9.2400 10.5584 8.5193 1.5817 -7.1250 0.0000 -0.0000 -13.9835 38.2862 2.3672 -0.0000 0.0000 0.0000 60.7723 30.2006 6.3040 -160.0624 30.5671 -114.5004 0.0000 -0.0000 -2.8486 -10.7261 28.3822 -5.1452 7.1250 -0.0000 -0.0000 11.6169 -1.6835 11.5119
0.6722 16.9746 0.9667 3.3876 41.7532 -3.3260 0.0000 0.0000 0.0000 -12.1716 12.4496 4.4970 2.7692 10.3117 29.9920 2.1439 -7.6065 -26.3349 1.3494 -7.3539 -20.7683 0.0000 0.0000 0.0000 -1.2571 8.5527 -20.4838 -3.9128 -12.0435 35.8860 -0.0895 0.1038 -5.6125 -0.6647 5.2141 -14.5204 -4.8326 -4.5029 13.7123 2.5363 -6.5471 -0.0651 6.6617 -2.9837 -6.8928 -19.2435 -11.2203 -7.5643 17.3798 -15.7708 14.8653 7.1886 -7.3758 8.8560 0.0000 -0.0000 0.0000 -98.2883 -32.7593 65.1298 148.4209 -42.2090 -107.5429 -0.0000 0.0000 -8.9226 10.2124 9.7777 1.7524 -7.1250 0.0000 -0.0000 -14.5606 39.4972 2.0246 0.0000 -0.0000 0.0000 60.5240 29.1157 6.1739 -159.4384 31.3130 -114.1796 0.0000 -0.0000 -1.6416 -12.5336 30.1355 -6.3684 7.1250 -0.0000 -0.0000 10.6818 0.2926 10.9274
0.7290 16.9596 0.7952 4.9813 40.2815 -2.7315 0.0000 0.0000 0.0000 -14.2901 13.4294 4.2720 2.8807 10.4994 30.6095 2.2471 -6.8741 -27.0360 1.2330 -7.0417 -19.8391 0.0000 0.0000 0.0000 -2.2613 7.9383 -20.7515 -3.9586 -12.1051 36.1049 -0.0899 -0.3333 -5.7928 -0.7154 5.4053 -15.0682 -5.9191 -4.4769 13.5295 1.9373 -6.7308 -0.2162 6.6463 -3.0447 -6.8789 -19.2751 -10.9205 -7.7935 17.5641 -15.3638 14.9997 7.3254 -7.1636 8.8795 -0.0000 -0.0000 0.0000 -99.2909 -31.5828 66.0650 148.2464 -42.3498 -107.4255 -0.0000 0.0000 -8.3680 11.0259 8.5586 1.6610 -7.1250 0.0000 -0.0000 -13.6001 38.3582 2.2747 -0.0000 -0.0000 0.0000 60.1001 27.9406 6.4351 -159.4501 31.2992 -114.1856 0.0000 -0.0000 -3.5509 -10.8509 29.6212 -5.4121 7.1250 -0.0000 -0.0000 11.6157 -0.4488 11.7694
0.7403 16.9614 0.6531 3.5544 38.8183 -3.4173 0.0000 0.0000 0.0000 -13.7909 13.6398 2.8262 3.1890 10.9949 32.2628 2.4005 -6.2817 -28.0416 1.1482 -6.8039 -19.1358 0.0000 0.0000 0.0000 -1.4646 11.0980 -20.3026 -3.5325 -11.5109 34.0228 -0.0105 -2.5891 -4.3088 -0.8094 5.7413 -16.0356 -5.0800 -4.6632 13.2360 2.2815 -6.8114 -0.3698 6.5386 -3.1038 -6.9205 -19.2902 -10.9685 -9.5031 17.3321 -15.2446 16.1378 7.2161 -7.0276 9.5388 0.0000 -0.0000 0.0000 -100.1978 -31.6318 66.3571 147.5258 -42.9220 -106.9374 -0.0000 0.0000 -8.2697 11.1420 8.3755 1.6433 -7.1250 0.0000 -0.0000 -13.4638 38.1854 2.3093 0.0000 -0.0000 0.0000 59.5159 27.8534 6.4980 -158.5685 32.3285 -113.7209 0.0000 -0.0000 -2.7373 -11.2204 29.7157 -5.6161 7.1250 -0.0000 -0.0000 11.4086 -0.3060 11.5798
0.7866 16.8979 0.5276 3.8979 37.6175 -3.2126 0.0000 0.0000 0.0000 -14.6539 14.2078 1.5960 3.5668 11.5604 34.1941 2.5747 -6.5124 -29.0648 0.9365 -6.1642 -17.2616 0.0000 0.0000 0.0000 -2.4043 12.0856 -20.2502 -3.2523 -11.0927 32.5931 -0.0084 -1.3542 -2.7462 -0.8684 5.9418 -16.6158 -5.0457 -4.8774 13.1801 2.2441 -7.1013 -0.6743 6.5429 -3.2281 -7.1857 -19.4620 -10.6042 -10.4843 17.2741 -14.5993 16.8060 7.3203 -6.6904 9.8284 0.0000 -0.0000 0.0000 -101.1031 -31.7261 66.6969 146.5803 -43.6502 -106.2891 -0.0000 0.0000 -8.1652 11.6196 8.3078 1.7018 -7.1250 0.0000 -0.0000 -13.0492 38.1516 2.2463 0.0000 -0.0000 0.0000 58.7972 28.0790 6.4521 -157.7441 33.2650 -113.2743 0.0000 -0.0000 -2.1597 -10.7739 29.8978 -5.4183 7.1250 -0.0000 -0.0000 11.6771 -0.1873 11.8887
0.8156 16.7894 0.4283 4.0153 36.1429 -3.2107 0.0000 0.0000 0.0000 -15.0829 15.1508 0.0112 4.0516 12.2287 36.5459 2.7533 -6.2479 -30.1361 1.0430 -6.4949 -18.2272 0.0000 0.0000 0.0000 -3.2183 13.2826 -20.3015 -3.0794 -10.8224 31.6833 -0.0088 -0.1034 -1.8171 -0.4432 4.2715 -11.8418 -4.9522 -4.9952 13.1936 2.0880 -7.2632 -0.8899 6.3696 -3.2963 -7.4359 -18.5823 -10.2272 -11.1377 16.6844 -14.0687 17.4647 7.0450 -6.4005 9.9454 0.0000 0.0000 0.0000 -101.4764 -31.9076 67.2032 145.5411 -44.4218 -105.5667 -0.0000 0.0000 -7.8484 11.9817 8.4878 1.7942 -7.1250 0.0000 -0.0000 -12.7821 38.3561 2.1329 0.0000 0.0000 0.0000 58.6558 28.5222 6.5102 -157.0143 34.0732 -112.8697 0.0000 -0.0000 -3.0465 -10.0915 29.6535 -5.0321 7.1250 -0.0000 -0.0000 12.0552 -0.5169 12.2204
0.8576 16.7532 0.3353 4.1016 33.6552 -3.1553 0.0000 0.0000 0.0000 -15.2973 17.5022 -1.0287 4.2399 12.4730 37.4264 2.8471 -6.6364 -30.6270 1.0790 -6.6026 -18.5433 0.0000 0.0000 0.0000 -3.3640 13.9903 -21.7757 -3.1144 -10.8780 31.8696 0.0051 1.4392 -0.2030 -1.3066 7.2412 -20.4318 -4.8068 -4.8419 13.2191 2.1885 -7.0293 -0.8968 6.3624 -3.1828 -7.4937 -18.6409 -10.0885 -13.2672 16.5104 -13.6401 18.9140 7.0451 -6.1112 10.7711 -0.0000 0.0000 0.0000 -101.8936 -32.8025 67.8540 144.8740 -44.9019 -105.0978 -0.0000 0.0000 -6.2696 13.9127 7.8285 1.9324 -7.1250 0.0000 -0.0000 -11.0308 37.8287 1.9763 -0.0000 0.0000 0.0000 58.6386 29.9009 7.0478 -155.9009 35.2689 -112.2363 0.0000 -0.0000 -1.9855 -11.2232 29.9514 -5.6577 7.1250 -0.0000 -0.0000 11.4222 -0.0738 11.6413
0.9186 16.7344 0.2662 4.5447 31.6474 -2.9075 0.0000 0.0000 0.0000 -16.0710 19.1284 -1.4653 4.2820 12.5265 37.6211 2.9022 -6.9232 -30.9071 0.9881 -6.3270 -17.7361 0.0000 0.0000 0.0000 -3.8946 14.6000 -22.3415 -2.9956 -10.6879 31.2343 0.0153 2.2123 1.0883 -1.2883 7.1920 -20.2854 -4.7693 -4.7622 13.5266 2.1261 -6.9448 -1.2401 6.3250 -3.1071 -8.0645 -18.0942 -9.8668 -13.2205 16.0656 -13.3662 19.0587 6.8389 -5.9901 10.6754 0.0000 0.0000 0.0000 -102.2448 -32.3525 67.6405 144.1723 -45.3942 -104.6003 -0.0000 0.0000 -6.3702 12.9978 5.2001 1.1985 -7.1250 0.0000 -0.0000 -11.3418 35.1289 2.7952 0.0000 0.0000 0.0000 59.5168 29.9920 8.1185 -154.8932 36.3130 -111.6469 0.0000 -0.0000 -0.8507 -11.7211 30.1648 -5.9518 7.1250 -0.0000 -0.0000 11.1507 0.2053 11.4084
0.9963 16.7488 0.2100 4.8287 30.2997 -2.4742 0.0000 0.0000 0.0000 -17.2853 19.1957 -1.6456 4.2287 12.4586 37.3744 2.9826 -6.0129 -31.4597 0.8511 -5.8837 -16.4475 0.0000 0.0000 0.0000 -4.4070 15.0384 -22.4523 -2.7321 -10.2483 29.7845 0.0095 2.2044 2.2564 -0.9666 6.2598 -17.5400 -4.7486 -5.0572 13.1002 2.3440 -7.3005 -1.2808 6.5578 -3.2919 -7.7924 -17.5102 -9.4694 -14.6525 15.4771 -12.6879 20.1968 6.6390 -5.6226 11.1395 0.0000 0.0000 0.0000 -102.6331 -32.0433 68.0006 144.6742 -45.0434 -104.9565 -0.0000 0.0000 -6.5983 12.6468 8.4391 1.8861 -7.1250 0.0000 -0.0000 -12.2125 38.3546 2.0348 0.0000 0.0000 0.0000 60.2860 30.0371 9.3688 -154.2204 36.9902 -111.2453 0.0000 -0.0000 -0.8770 -12.3389 30.6692 -6.3666 7.1250 -0.0000 -0.0000 10.8339 0.7910 11.1832
1.0810 16.7933 0.1697 4.3648 28.8290 -2.1755 0.0000 0.0000 0.0000 -17.8488 19.4218 -1.9855 4.1028 12.2960 36.7872 3.0291 -4.6972 -31.9122 0.8299 -5.8118 -16.2393 0.0000 0.0000 0.0000 -4.2289 16.7020 -22.2204 -2.4829 -9.8068 28.3534 -0.0031 1.4337 2.3713 -0.9299 6.1430 -17.2000 -4.2615 -5.2321 12.2977 2.9227 -7.3808 -1.1706 6.8092 -3.3763 -7.1896 -16.7923 -9.3024 -15.3111 14.6142 -12.3264 20.4446 6.2398 -5.4583 11.1667 -0.0000 0.0000 0.0000 -103.3304 -31.5459 68.3079 144.5106 -45.1584 -104.8407 -0.0000 0.0000 -6.5732 12.9107 8.2585 1.8858 -7.1250 0.0000 -0.0000 -11.9546 38.1925 2.0388 -0.0000 0.0000 0.0000 60.6400 29.9872 9.5911 -153.9767 37.2317 -111.0983 0.0000 -0.0000 -1.5276 -11.3571 30.2007 -5.7694 7.1250 -0.0000 -0.0000 11.3619 0.1899 11.6303
1.1613 16.8287 0.1531 3.7941 27.4230 -1.6869 0.0000 0.0000 0.0000 -18.2633 19.5614 -2.5779 4.0153 12.1807 36.3742 3.0670 -3.5542 -32.3320 0.7892 -5.6711 -15.8329 0.0000 0.0000 0.0000 -3.9863 18.1954 -22.8197 -2.4288 -9.7072 28.0337 -0.0049 1.3343 2.4207 -1.0040 6.3762 -17.8799 -3.7829 -5.4689 11.7455 3.5520 -7.5670 -1.4711 7.1995 -3.4729 -7.1497 -16.3639 -8.7241 -15.0227 14.4840 -11.6180 20.4577 6.2553 -5.1298 10.9429 -0.0000 0.0000 0.0000 -103.6934 -30.9025 68.5105 144.4975 -45.1676 -104.8314 -0.0000 0.0000 -6.0659 13.7084 7.6090 1.8500 -7.1250 0.0000 -0.0000 -11.1624 37.5940 2.0659 -0.0000 0.0000 0.0000 60.5816 29.3936 9.3877 -153.2159 37.9725 -110.6340 0.0000 -0.0000 -2.5679 -13.8100 31.6918 -7.3582 7.1250 -0.0000 -0.0000 10.0843 2.0255 10.5978
1.2477 16.8304 0.1443 2.8565 25.6835 -1.4798 0.0000 0.0000 0.0000 -18.1706 20.0931 -3.3864 4.0727 12.2565 36.6454 3.1946 -3.0925 -33.1238 0.6807 -5.2752 -14.6953 0.0000 0.0000 0.0000 -3.2663 18.7623 -24.0033 -2.4733 -9.7892 28.2969 0.0198 2.8450 2.4930 -1.1908 6.9246 -19.4923 -2.8115 -5.8082 12.3669 4.1260 -7.8372 -2.2148 7.4785 -3.5585 -8.3183 -15.2178 -7.9884 -14.7087 13.7032 -10.7964 21.2709 5.9407 -4.7563 10.9010 0.0000 -0.0000 0.0000 -103.0619 -30.0619 67.1960 144.7342 -45.0010 -104.9990 -0.0000 0.0000 -7.9445 13.5449 6.7848 1.6303 -7.1250 0.0000 -0.0000 -11.1535 36.7533 2.2975 0.0000 -0.0000 0.0000 59.7212 25.8242 7.7800 -153.7592 37.4455 -110.9663 0.0000 -0.0000 -5.8958 -18.2508 32.0166 -9.9168 7.1250 -0.0000 -0.0000 7.6112 3.1195 8.0842
1.3179 16.8116 0.1590 2.4697 23.6323 -1.1905 0.0000 0.0000 0.0000 -18.3314 21.4071 -4.2469 4.1471 12.3536 36.9946 3.2762 -2.3284 -33.7342 0.7373 -5.4856 -15.2989 0.0000 0.0000 0.0000 -3.0154 19.0689 -25.8827 -2.7222 -10.2311 29.7283 0.0525 4.2910 3.0463 -0.7626 5.5768 -15.5614 -2.7774 -5.7955 12.6469 4.5530 -7.7804 -2.2509 7.9569 -3.5123 -8.4705 -14.2037 -7.5167 -14.8081 13.6247 -10.3561 21.3489 5.8141 -4.4779 10.8049 -0.0000 0.0000 0.0000 -102.7902 -30.4360 66.6476 144.8899 -44.8906 -105.1090 -0.0000 0.0000 -7.0379 13.0174 5.9297 1.3682 -7.1250 0.0000 -0.0000 -11.4446 35.8631 2.6128 -0.0000 0.0000 0.0000 58.5276 23.4583 4.5486 -153.5388 37.6605 -110.8320 0.0000 -0.0000 -10.1656 -18.8100 30.8218 -9.8998 7.1250 -0.0000 -0.0000 7.1473 2.0211 7.4524
1.3799 16.7354 0.2178 2.8681 21.4585 -0.7972 0.0000 0.0000 0.0000 -19.2519 22.5876 -4.7218 4.2141 12.4400 37.3068 3.3392 -0.4933 -34.5466 1.0106 -6.3964 -17.9391 0.0000 0.0000 0.0000 -3.4177 17.8048 -29.4344 -3.2927 -11.1544 32.8024 0.1421 7.4562 6.2825 -0.4828 4.4557 -12.3623 -3.6496 -5.9340 12.9876 4.8307 -8.0922 -1.9684 8.8129 -3.6405 -8.1509 -14.0096 -6.8035 -15.0301 14.5234 -9.5759 21.2244 6.2474 -4.0076 10.7139 -0.0000 0.0000 0.0000 -101.9730 -31.9064 64.7519 145.8857 -44.1693 -105.8073 -0.0000 0.0000 -6.1216 12.8649 6.3761 1.4529 -7.1250 0.0000 -0.0000 -11.6463 36.3029 2.5330 -0.0000 0.0000 0.0000 57.4159 19.2494 -0.6358 -154.3706 36.8404 -111.3355 0.0000 -0.0000 -17.3692 -17.5894 29.4876 -8.8693 7.1250 -0.0000 -0.0000 7.7001 0.4537 7.8317
1.4492 16.6731 0.3266 3.7285 19.4212 -0.2420 0.0000 0.0000 0.0000 -20.6079 23.6096 -4.6140 4.1509 12.3585 37.0124 3.4578 0.3944 -35.4287 1.1084 -6.6890 -18.7973 0.0000 0.0000 0.0000 -4.5277 17.2501 -33.0754 -3.9873 -12.1435 36.2417 0.2628 9.9864 8.1839 -0.5929 4.9297 -13.7080 -4.5558 -6.3205 13.3603 4.8925 -8.7643 -1.7374 9.5176 -3.9518 -7.8540 -12.7094 -5.8920 -15.0780 13.9545 -8.4401 21.0767 5.9759 -3.4418 10.3819 0.0000 -0.0000 0.0000 -99.4384 -32.6265 59.6629 147.1445 -43.2187 -106.6770 -0.0000 0.0000 -6.3711 12.1538 5.2227 1.1231 -7.1250 0.0000 -0.0000 -12.0345 35.1104 2.9777 0.0000 -0.0000 0.0000 57.3476 13.4455 -6.4014 -155.0369 36.1663 -111.7319 0.0000 -0.0000 -24.2520 -16.7064 27.1424 -7.7966 7.1250 -0.0000 -0.0000 7.9952 -2.0598 7.7796
1.5164 16.6576 0.4893 4.2873 18.4281 0.4983 0.0000 0.0000 0.0000 -21.4506 24.0173 -4.1523 3.9565 12.1023 36.0949 3.4500 0.9564 -35.5654 1.2625 -7.1224 -20.0786 0.0000 0.0000 0.0000 -5.5095 16.9289 -35.9071 -4.3678 -12.6344 38.0150 0.5117 13.3010 9.6294 -0.9648 6.2540 -17.5232 -5.0806 -7.1313 13.2063 5.3483 -9.8953 -1.2891 10.3799 -4.5593 -6.8990 -11.5169 -4.9218 -15.3171 12.8019 -6.9867 20.4604 5.5272 -2.7932 9.8843 0.0000 0.0000 0.0000 -95.3041 -32.7256 52.3063 149.3289 -41.4618 -108.1485 -0.0000 0.0000 -6.6848 12.8119 6.9490 1.5760 -7.1250 0.0000 -0.0000 -11.7914 36.8742 2.3979 0.0000 0.0000 0.0000 57.5256 6.6003 -14.2002 -154.9063 36.2997 -111.6547 0.0000 -0.0000 -32.3087 -15.3071 25.1808 -6.6424 7.1250 -0.0000 -0.0000 8.6884 -4.2476 8.1167
1.5532 16.6696 0.7362 4.2817 17.3170 1.1688 0.0000 0.0000 0.0000 -21.5692 23.9968 -3.3546 3.7013 11.7519 34.8600 3.3324 1.9444 -35.2892 1.5325 -7.8157 -22.1558 0.0000 0.0000 0.0000 -5.8538 18.3406 -37.7705 -4.3465 -12.6077 37.9173 0.8259 15.8682 6.8532 -1.4838 7.6960 -21.7946 -5.3169 -7.8114 13.0813 6.2430 -10.7787 -0.8352 11.5111 -5.0667 -5.9356 -10.8164 -3.8783 -15.6244 11.7811 -5.3676 19.9498 5.2387 -2.0873 9.4817 0.0000 -0.0000 0.0000 -89.4754 -32.5967 40.8274 151.5324 -39.5432 -109.5799 -0.0000 0.0000 -7.2339 12.6446 7.6568 1.7121 -7.1250 0.0000 -0.0000 -12.0620 37.5723 2.2447 0.0000 -0.0000 0.0000 58.3954 -1.8864 -22.9719 -153.1434 38.0421 -110.5894 0.0000 -0.0000 -38.6539 -12.9837 24.0559 -5.3692 7.1250 -0.0000 -0.0000 10.0474 -5.6832 9.1481
1.5621 16.6856 0.9879 3.7877 16.1639 1.9426 0.0000 0.0000 0.0000 -20.9054 22.4782 -2.8078 3.7636 11.8390 35.1648 3.2117 1.0508 -34.3467 1.7283 -8.2756 -23.5542 0.0000 0.0000 0.0000 -5.8420 20.4133 -39.1920 -3.9593 -12.1061 36.1082 0.4036 11.3944 1.8242 -1.4615 7.6405 -21.6272 -4.7497 -8.3507 13.9343 7.4061 -11.3408 -0.7847 12.7180 -5.3454 -6.0887 -10.3482 -2.8697 -15.5663 10.2089 -3.6547 19.1831 4.7930 -1.4167 8.9453 -0.0000 -0.0000 0.0000 -82.1682 -29.8492 25.6723 153.6631 -37.5395 -110.9078 -0.0000 0.0000 -12.2492 12.5053 7.8467 1.7344 -7.1250 0.0000 -0.0000 -12.2150 37.7530 2.2190 -0.0000 -0.0000 0.0000 59.9637 -12.1206 -31.3006 -148.7096 41.9741 -107.7364 0.0000 -0.0000 -43.4957 -11.9148 23.6890 -4.8457 7.1250 -0.0000 -0.0000 10.6906 -6.1770 9.6518
1.5437 16.6160 1.2588 4.1397 14.8441 2.4327 0.0000 0.0000 0.0000 -20.1266 23.1393 -3.1663 4.1446 12.3503 36.9829 2.9753 -0.5990 -32.5462 2.3046 -9.4736 -27.2884 0.0000 0.0000 0.0000 -5.9467 21.3696 -40.6695 -3.6884 -11.7338 34.7966 0.0780 7.0353 -2.7638 -1.7563 8.3389 -23.7483 -5.1191 -8.8858 15.1603 8.1551 -12.0908 -0.1639 14.0228 -5.7639 -5.6541 -9.8647 -1.3561 -15.4243 8.9586 -1.3313 17.8077 4.5100 -0.4101 8.1769 -0.0000 0.0000 0.0000 -73.2152 -25.6889 7.4193 155.6609 -35.5208 -112.0973 -0.0000 0.0000 -19.9997 12.3753 10.3306 2.2532 -7.1250 0.0000 -0.0000 -12.8460 40.2197 1.5431 -0.0000 0.0000 0.0000 62.9164 -20.2079 -37.8671 -139.1158 48.5851 -100.9003 0.0000 -0.0000 -47.3452 -8.5970 23.3195 -3.4249 7.1250 -0.0000 -0.0000 12.7251 -6.8973 11.3967
1.5285 16.4657 1.5151 5.4817 13.0305 3.1066 0.0000 0.0000 0.0000 -20.5545 24.4392 -4.5550 4.9037 13.2745 40.4051 2.8886 -2.2578 -31.6211 2.7952 -10.3558 -30.1369 0.0000 0.0000 0.0000 -7.1562 21.8292 -42.9795 -3.5731 -11.5695 34.2257 0.0343 6.1826 -3.3266 -1.5242 7.7955 -22.0945 -6.0311 -9.0761 16.8081 8.3579 -12.5290 0.7637 15.0414 -6.0403 -5.1642 -9.3986 0.1354 -15.4057 7.4008 0.9981 15.8128 4.0955 0.6018 7.2919 -0.0000 0.0000 0.0000 -65.1081 -19.4672 -10.3462 156.6452 -34.4745 -112.6619 -0.0000 0.0000 -25.7486 13.2956 11.5333 2.7050 -7.1250 0.0000 -0.0000 -12.3294 41.5001 1.0827 -0.0000 0.0000 0.0000 66.4334 -26.3783 -42.6028 -120.6742 56.1276 -86.2193 0.0000 -0.0000 -49.6931 -6.0938 23.3261 -2.4206 7.1250 -0.0000 -0.0000 14.2601 -7.1204 12.7956
1.5392 16.2233 1.7650 6.9125 11.1005 3.8407 0.0000 0.0000 0.0000 -21.3880 24.8544 -5.2338 5.6321 14.0621 43.4867 3.0108 -4.9041 -31.7768 2.7802 -10.3304 -30.0533 0.0000 0.0000 0.0000 -9.1627 22.2232 -45.8419 -3.7035 -11.7550 34.8707 0.1791 8.6328 -1.4405 -1.5097 7.7600 -21.9874 -6.8857 -9.0596 19.4124 8.8142 -12.6930 0.9972 16.6668 -6.0352 -5.9437 -11.3070 1.7585 -14.1255 6.6804 3.6783 13.4805 4.3213 1.7556 6.0637 -0.0000 0.0000 0.0000 -60.7803 -9.1681 -25.0254 157.5455 -33.4869 -113.1651 -0.0000 0.0000 -31.6178 14.7664 12.1296 3.1701 -7.1250 0.0000 -0.0000 -11.1820 42.2394 0.7722 -0.0000 0.0000 0.0000 66.9206 -31.7611 -42.8585 -89.0039 59.9963 -59.1373 0.0000 -0.0000 -53.2421 -5.2603 23.3309 -2.0882 7.1250 -0.0000 -0.0000 14.7687 -7.1852 13.2655
1.5582 15.9299 2.0738 7.7019 9.4610 4.7740 0.0000 0.0000 0.0000 -21.7495 24.9063 -5.2238 6.0788 14.5042 45.2970 3.2879 -7.0342 -32.9939 3.3498 -11.2408 -33.0963 0.0000 0.0000 0.0000 -10.8368 22.5340 -48.9517 -4.1667 -12.3790 37.0863 0.2781 9.8763 0.0789 -1.4442 7.5972 -21.4971 -5.8708 -7.8132 20.7188 8.6025 -10.8168 2.5225 15.6300 -5.1808 -5.7643 -10.6663 2.1051 -17.4363 5.2947 4.6107 12.7987 3.9056 2.1696 6.3707 -0.0000 -0.0000 0.0000 -57.1688 -3.1980 -31.9020 156.9297 -34.1657 -112.8222 -0.0000 0.0000 -35.1439 18.4485 10.4513 3.4630 -7.1250 0.0000 -0.0000 -7.6110 40.8664 0.7809 -0.0000 -0.0000 0.0000 71.9624 -35.3132 -45.4601 -59.6601 56.2187 -34.0584 0.0000 -0.0000 -57.4529 -2.0376 21.5138 -0.7475 7.1250 -0.0000 -0.0000 16.7821 -9.1599 14.5523
1.5653 15.5820 2.4330 9.6120 9.0476 6.3849 0.0000 0.0000 0.0000 -23.7599 23.9413 -4.9421 6.3197 14.7312 46.2517 3.8245 -7.4196 -35.6958 3.4782 -11.4316 -33.7498 0.0000 0.0000 0.0000 -13.9735 21.2001 -52.7993 -5.1487 -13.5494 41.4613 0.2252 8.4728 4.4497 -1.8978 8.6499 -24.7060 -5.3498 -6.4370 21.7788 8.5786 -8.8669 3.6749 15.0044 -4.2523 -5.6936 -9.8036 1.9346 -21.9591 1.8864 5.2089 11.9132 2.7938 2.2163 6.9086 -0.0000 -0.0000 0.0000 -56.8284 0.7888 -35.7527 157.2033 -33.8658 -112.9753 -0.0000 0.0000 -37.5228 19.0391 11.3512 3.8857 -7.1250 0.0000 -0.0000 -7.2515 41.8583 0.5653 -0.0000 -0.0000 0.0000 79.1626 -37.0044 -48.6374 -45.4689 50.9961 -22.6025 0.0000 -0.0000 -56.6443 -2.8795 21.9112 -1.0753 7.1250 -0.0000 -0.0000 16.2519 -8.7270 14.1970
1.5309 15.2751 2.8413 11.0589 9.0641 8.5568 0.0000 0.0000 0.0000 -25.1907 23.0707 -5.6107 6.5945 14.9807 47.3233 4.2793 -6.4389 -38.0093 3.8239 -11.9223 -35.4578 0.0000 0.0000 0.0000 -15.6316 18.5418 -58.9543 -6.9298 -15.2725 48.6081 0.3754 11.0841 6.8218 -2.2146 9.2995 -26.7367 -5.4060 -4.7566 22.3706 9.4120 -6.5870 4.0934 15.6435 -3.0967 -6.0523 -12.2574 2.3477 -23.8262 0.3054 6.9421 10.1075 2.8306 2.8678 6.4948 -0.0000 -0.0000 0.0000 -60.7371 3.5864 -35.3303 158.3593 -32.5686 -113.6087 -0.0000 0.0000 -36.8825 20.3592 10.2183 3.7664 -7.1250 0.0000 -0.0000 -5.8998 40.7932 0.6145 -0.0000 -0.0000 0.0000 84.3486 -36.2776 -50.6986 -37.0104 46.1955 -16.2475 0.0000 -0.0000 -57.3835 -1.8587 21.4107 -0.6787 7.1250 -0.0000 -0.0000 16.8959 -9.2690 14.6219
1.4640 15.0819 3.3602 13.2199 12.8084 10.2095 0.0000 0.0000 0.0000 -24.7604 20.8020 -3.6428 6.5542 14.9447 47.1673 4.1901 -8.2251 -37.3858 3.6664 -11.7028 -34.6885 0.0000 0.0000 0.0000 -16.0014 12.5303 -62.5336 -9.1922 -16.9298 56.7526 0.7496 15.1196 5.6686 -1.9735 8.8108 -25.2051 -4.7325 -3.7923 22.1991 9.5422 -5.1065 4.0915 15.0224 -2.3209 -6.4572 -12.4714 1.6537 -23.2130 -1.6983 6.2132 8.4660 2.0851 2.4208 5.9844 -0.0000 0.0000 0.0000 -64.5852 3.0715 -30.6048 160.1129 -30.5061 -114.5261 -0.0000 0.0000 -35.4782 19.1642 9.1825 3.1743 -7.1250 0.0000 -0.0000 -6.7818 39.6035 0.9068 -0.0000 0.0000 0.0000 90.4324 -31.7349 -55.5228 -32.2100 42.7140 -12.8831 0.0000 -0.0000 -60.3918 -1.7426 21.2121 -0.6307 7.1250 -0.0000 -0.0000 16.9753 -9.4657 14.6271
1.3670 15.0609 3.9928 15.1355 21.0575 10.7802 0.0000 0.0000 0.0000 -20.4760 17.9266 0.5191 6.2250 14.6429 45.8783 3.3198 -12.9998 -32.9821 3.5771 -11.5754 -34.2459 0.0000 0.0000 0.0000 -15.4816 5.1332 -60.5719 -10.8907 -17.8812 62.4261 0.6315 14.3734 1.4554 -1.6165 8.0169 -22.7655 -2.9091 -3.6806 21.9480 9.9400 -4.4105 3.6070 14.2249 -1.9100 -7.1858 -12.3958 0.6942 -21.1337 -3.1042 4.7342 7.4257 1.4281 1.6774 5.4541 0.0000 0.0000 0.0000 -70.0628 0.5702 -21.2639 161.3298 -29.0068 -115.1301 -0.0000 0.0000 -32.1181 17.3201 8.2953 2.5761 -7.1250 0.0000 -0.0000 -8.2265 38.5410 1.3193 0.0000 0.0000 0.0000 93.5232 -26.2719 -56.8175 -29.9590 40.8582 -11.3828 0.0000 -0.0000 -64.5100 -2.8006 19.7346 -0.9463 7.1250 -0.0000 -0.0000 16.3809 -10.8208 13.5968
1.2202 15.2005 4.6279 16.4146 30.4293 11.1178 0.0000 0.0000 0.0000 -14.6242 14.4309 3.3465 5.8743 14.3054 44.4752 1.7958 -17.6469 -25.3495 3.6623 -11.6970 -34.6682 0.0000 0.0000 0.0000 -14.9095 0.1340 -55.4736 -11.8551 -18.3287 65.5289 0.2466 11.9018 -4.2448 -1.2507 7.0903 -19.9832 -1.2542 -3.3228 21.5958 10.5256 -3.3887 2.8422 13.6918 -1.3248 -8.1908 -13.7890 -0.9401 -20.7729 -2.8565 2.9475 8.5719 1.5430 0.7191 5.8355 -0.0000 0.0000 0.0000 -76.1427 -1.4963 -12.7511 161.3527 -28.9781 -115.1412 -0.0000 0.0000 -29.8492 14.7681 8.1275 2.1344 -7.1250 0.0000 -0.0000 -10.3638 38.1894 1.7606 -0.0000 0.0000 0.0000 90.0936 -20.2407 -52.0085 -27.8452 38.9734 -10.0262 0.0000 -0.0000 -64.5338 -5.0012 19.0168 -1.6333 7.1250 -0.0000 -0.0000 15.0186 -11.3793 12.1975
1.1086 15.4456 5.1467 17.1588 38.9290 11.8761 0.0000 0.0000 0.0000 -9.9323 9.9396 3.5551 5.7049 14.1361 43.7854 0.1260 -20.1590 -15.2046 2.6706 -10.1417 -29.4368 0.0000 0.0000 0.0000 -13.7134 -2.5895 -49.5061 -11.9123 -18.3533 65.7104 -0.2228 7.6833 -9.3106 -1.6271 8.0418 -22.8412 0.7484 -2.8822 19.9249 10.7745 -2.3321 2.3083 12.3466 -0.8319 -8.2212 -15.1715 -3.5001 -20.8450 -2.2561 -0.1108 9.0419 1.6108 -0.7919 6.1628 -0.0000 -0.0000 0.0000 -79.7808 0.7602 -9.6388 161.5989 -28.6677 -115.2599 -0.0000 0.0000 -28.2474 13.1485 7.6989 1.7925 -7.1250 0.0000 -0.0000 -11.6481 37.6476 2.1431 -0.0000 -0.0000 0.0000 82.5835 -13.0594 -44.7604 -29.2371 40.2304 -10.9135 0.0000 -0.0000 -64.3277 -5.2718 18.8966 -1.7116 7.1250 -0.0000 -0.0000 14.8502 -11.4782 12.0192
1.0547 15.7554 5.6039 18.2363 45.7678 12.0846 0.0000 0.0000 0.0000 -6.6962 6.9181 3.1926 5.5906 14.0195 43.3155 -0.7486 -19.6168 -6.1950 2.4804 -9.8022 -28.3386 0.0000 0.0000 0.0000 -12.3218 -3.7513 -42.1959 -11.2635 -18.0616 63.6342 -0.5731 3.3616 -13.5498 -1.8456 8.5368 -24.3567 2.2076 -2.0816 19.1934 10.1824 -0.9732 1.3145 10.4069 -0.1817 -9.2467 -16.3827 -5.0997 -18.1332 -1.4503 -2.5497 9.3662 1.8119 -1.9486 6.0173 0.0000 -0.0000 0.0000 -79.8634 5.8141 -12.3861 161.8972 -28.2886 -115.4022 -0.0000 0.0000 -26.9455 7.8461 7.6493 1.0508 -7.1250 0.0000 -0.0000 -16.0423 37.2515 3.1581 0.0000 -0.0000 0.0000 71.1452 -6.7154 -40.3883 -31.2948 41.9777 -12.2666 0.0000 -0.0000 -65.0942 -4.7377 19.4149 -1.5781 7.1250 -0.0000 -0.0000 15.1727 -11.0112 12.4515
1.0168 16.0560 5.8642 17.4500 50.0826 11.1279 0.0000 0.0000 0.0000 -5.0850 3.1674 2.5172 5.7498 14.1814 43.9691 -0.6717 -15.4245 -0.3878 2.5869 -9.9943 -28.9582 0.0000 0.0000 0.0000 -9.7248 -4.3681 -36.9510 -10.2822 -17.5655 60.4275 -0.6702 0.0299 -15.4627 -2.1145 9.1007 -26.1108 4.0635 -0.6226 18.1304 9.9386 1.2616 1.0331 8.3673 0.8111 -9.2835 -18.1858 -6.6646 -16.0257 -0.6614 -4.7403 9.6598 2.1236 -3.0199 5.9988 -0.0000 0.0000 0.0000 -77.9786 10.9315 -17.4952 162.2785 -27.7991 -115.5814 -0.0000 0.0000 -24.2326 5.4028 7.2985 0.6884 -7.1250 0.0000 -0.0000 -17.9592 36.7558 3.7932 -0.0000 0.0000 0.0000 56.3329 0.6322 -40.5601 -32.1991 42.7053 -12.8756 0.0000 -0.0000 -63.2985 -2.4905 19.4671 -0.8305 7.1250 -0.0000 -0.0000 16.5873 -11.0946 13.6867
1.0302 16.3327 6.0101 17.4592 53.1570 10.7617 0.0000 0.0000 0.0000 -4.9811 1.2192 1.1285 5.9489 14.3786 44.7762 -0.4091 -11.2525 3.9297 3.3057 -11.1741 -32.8695 0.0000 0.0000 0.0000 -8.3027 -6.1793 -32.4541 -9.1122 -16.8794 56.4772 -0.6382 -1.1521 -15.5515 -2.3468 9.5539 -27.5439 6.3819 1.3732 17.4337 8.6695 4.2261 0.0463 4.8162 2.0516 -10.0535 -19.6393 -8.2362 -11.8813 0.5954 -7.6182 10.5204 2.5229 -4.4286 5.9578 0.0000 -0.0000 0.0000 -74.3643 14.7432 -20.6332 162.7121 -27.2358 -115.7817 -0.0000 0.0000 -24.0279 2.0920 7.4660 0.2719 -7.1250 0.0000 -0.0000 -20.6770 36.6978 4.4593 0.0000 -0.0000 0.0000 42.8686 1.3396 -41.3510 -36.1651 45.6264 -15.6404 0.0000 -0.0000 -64.6389 -3.9875 19.7268 -1.3479 7.1250 -0.0000 -0.0000 15.6357 -10.7577 12.9468
1.0206 16.5982 6.0993 16.7145 55.3323 9.8132 0.0000 0.0000 0.0000 -4.4945 0.0676 0.1808 6.1276 14.5509 45.4918 -0.0399 -6.0729 7.4623 3.0961 -10.8490 -31.7722 0.0000 0.0000 0.0000 -6.7478 -7.5567 -29.0544 -7.9706 -16.0976 52.4567 -0.5438 -2.1276 -14.8639 -2.0728 9.0162 -25.8460 8.4791 2.8551 17.1582 7.7158 6.4809 -0.3481 2.0206 2.9569 -10.0815 -20.5627 -9.6045 -10.6397 0.6314 -9.5214 11.7844 2.4598 -5.4516 6.4087 0.0000 -0.0000 0.0000 -72.3210 17.2819 -23.6354 163.5283 -26.1560 -116.1485 -0.0000 0.0000 -25.2889 -1.4434 5.8480 -0.1471 -7.1250 0.0000 -0.0000 -23.0341 34.9699 6.0906 0.0000 -0.0000 0.0000 28.0382 3.7157 -43.5505 -38.7560 47.3153 -17.5192 0.0000 -0.0000 -63.7348 -4.3303 20.6069 -1.5266 7.1250 -0.0000 -0.0000 15.3925 -9.8868 13.0123
0.9412 16.8320 6.2668 16.3748 58.1194 9.2170 0.0000 0.0000 0.0000 -3.6955 -1.8453 -0.1306 6.0026 14.4309 44.9923 0.1874 -3.5499 10.2768 3.6241 -11.6427 -34.4793 0.0000 0.0000 0.0000 -4.9118 -8.5195 -25.5834 -7.0616 -15.3836 49.1070 -0.4703 -4.5814 -15.4475 -1.7837 8.4003 -23.9367 9.6185 3.9163 18.0777 6.2724 8.1433 -1.1632 -0.6645 3.5360 -11.1140 -22.1288 -10.9053 -9.1502 2.6302 -11.6773 12.0547 3.1047 -6.4481 6.6831 0.0000 0.0000 0.0000 -71.9236 19.7014 -22.5594 164.3887 -24.9908 -116.5199 -0.0000 0.0000 -24.3753 1.3249 8.5497 0.1970 -7.1250 0.0000 -0.0000 -21.5947 37.6551 4.1400 0.0000 0.0000 0.0000 16.1963 6.0749 -46.3114 -45.0253 50.7809 -22.2584 0.0000 -0.0000 -65.2453 -6.9438 20.8637 -2.4836 7.1250 -0.0000 -0.0000 13.7499 -9.4453 11.6569
0.8172 17.0370 6.5041 16.5206 61.6566 9.4058 0.0000 0.0000 0.0000 -1.5096 -2.5728 -1.1169 5.5466 13.9741 43.1337 0.4267 -4.4303 14.7675 3.3923 -11.3046 -33.3141 0.0000 0.0000 0.0000 -2.8866 -9.2376 -22.8754 -6.4610 -14.8606 46.8049 -0.3582 -8.0472 -16.9947 -1.4332 7.5693 -21.4135 10.4027 4.9059 19.4358 4.2365 9.7001 -2.6095 -3.8960 3.9348 -12.9523 -23.5423 -12.1338 -5.7382 5.6956 -14.4876 11.3158 4.0978 -7.6946 6.5421 -0.0000 -0.0000 0.0000 -72.3537 21.6247 -16.8953 164.6182 -24.6753 -116.6163 -0.0000 0.0000 -22.7228 2.9000 8.1978 0.4139 -7.1250 0.0000 -0.0000 -20.2218 37.4392 3.9611 -0.0000 -0.0000 0.0000 7.9761 6.4632 -47.3309 -53.6892 54.3792 -29.1475 0.0000 -0.0000 -65.8701 -4.9510 20.2302 -1.7158 7.1250 -0.0000 -0.0000 15.0140 -10.2087 12.5662
0.7007 17.1515 6.7199 14.9100 65.7182 8.5670 0.0000 0.0000 0.0000 1.2074 -5.7203 -1.4409 4.9810 13.3624 40.7406 0.7693 -3.6036 18.2574 2.6782 -10.1549 -29.4799 0.0000 0.0000 0.0000 -0.1177 -10.8644 -21.7817 -6.1791 -14.5997 45.6965 -0.2407 -10.6113 -18.3289 -1.1657 6.8537 -19.2827 10.8153 4.4078 18.3786 2.8864 8.7581 -2.4318 -5.2305 3.4899 -11.9347 -22.9841 -12.5994 -5.5257 8.0759 -15.5691 9.5135 4.6922 -8.0166 6.2163 -0.0000 0.0000 0.0000 -77.5737 21.2575 -14.6805 164.8326 -24.3788 -116.7053 -0.0000 0.0000 -22.9426 0.4821 5.4043 0.0454 -7.1250 0.0000 -0.0000 -21.4164 34.6737 5.7715 -0.0000 0.0000 0.0000 2.5443 9.6141 -49.2832 -63.5299 57.1795 -37.2933 0.0000 -0.0000 -64.1543 -3.2225 23.2481 -1.2731 7.1250 -0.0000 -0.0000 16.0082 -7.4197 14.3954
0.5835 17.2233 6.9324 12.2444 68.9265 7.1492 0.0000 0.0000 0.0000 4.0405 -7.6492 -1.9603 4.2657 12.5059 37.5459 0.9227 -4.8979 20.5532 2.8509 -10.4498 -30.4458 0.0000 0.0000 0.0000 2.8683 -11.8541 -21.6571 -5.9451 -14.3750 44.7612 -0.1850 -12.4614 -19.9240 -0.8835 5.9920 -16.7613 10.9139 4.1602 17.8535 1.4771 8.2222 -2.8088 -6.6726 3.1603 -11.9017 -22.2936 -13.1732 -4.3600 10.4580 -16.9644 8.0819 5.2619 -8.5587 5.9356 0.0000 0.0000 0.0000 -80.5955 20.7720 -13.4905 164.1342 -25.3384 -116.4117 -0.0000 0.0000 -22.5254 1.1276 5.5229 0.1085 -7.1250 0.0000 -0.0000 -20.9404 34.8213 5.5469 0.0000 0.0000 0.0000 -0.8569 12.0813 -51.3904 -70.5416 58.5199 -43.2323 0.0000 -0.0000 -64.4727 -3.2701 23.1069 -1.2845 7.1250 -0.0000 -0.0000 15.9824 -7.5521 14.3270
0.4847 17.2870 7.0646 12.5681 70.5208 8.4616 0.0000 0.0000 0.0000 4.2494 -9.6899 -1.4404 3.6643 11.6998 34.6782 0.8688 -4.5853 19.8453 3.6132 -11.6270 -34.4250 0.0000 0.0000 0.0000 3.8942 -12.9032 -22.2023 -5.6614 -14.0920 43.6074 -0.2081 -12.8360 -20.6380 -0.7988 5.7046 -15.9297 9.3740 4.3110 17.7418 0.2123 7.9218 -3.1351 -7.1749 3.0315 -12.2586 -21.9584 -13.6727 -2.9098 12.2934 -18.1561 6.9504 5.7391 -9.0844 5.6866 -0.0000 -0.0000 0.0000 -84.6715 20.0443 -11.1631 164.0809 -25.4108 -116.3888 -0.0000 0.0000 -21.6415 3.0304 5.8996 0.3118 -7.1250 0.0000 -0.0000 -19.5293 35.2841 4.8992 -0.0000 -0.0000 0.0000 -3.4577 14.6050 -53.4325 -75.0588 59.1394 -47.0979 0.0000 -0.0000 -63.2837 -3.2500 22.9634 -1.2691 7.1250 -0.0000 -0.0000 15.9978 -7.6915 14.2966
0.4080 17.3152 7.1357 12.6378 70.8305 9.2368 0.0000 0.0000 0.0000 3.7830 -10.9809 -0.1456 3.2363 11.0681 32.5098 0.8054 -2.3542 17.9614 3.5963 -11.6028 -34.3411 0.0000 0.0000 0.0000 4.3672 -14.1710 -23.1268 -5.5016 -13.9273 42.9470 -0.2940 -11.7060 -20.1975 -0.8874 6.0046 -16.7978 7.5520 4.6254 17.7822 -0.5915 7.8320 -3.1647 -7.0530 3.0723 -12.4337 -21.7183 -14.0276 -2.8127 12.7913 -18.7280 6.7719 5.7857 -9.3388 5.7406 -0.0000 -0.0000 0.0000 -86.3715 18.7947 -10.3236 163.6863 -25.9441 -116.2178 -0.0000 0.0000 -21.9670 1.8136 4.9294 0.1559 -7.1250 0.0000 -0.0000 -20.2572 34.3037 5.6166 -0.0000 -0.0000 0.0000 -5.2598 16.1023 -54.2771 -78.4723 59.4919 -50.0337 0.0000 -0.0000 -63.4775 -4.0942 23.2301 -1.6172 7.1250 -0.0000 -0.0000 15.4796 -7.3737 13.8954
0.3631 17.3488 7.1125 7.7519 70.9595 5.3972 0.0000 0.0000 0.0000 4.9710 -11.0263 0.0756 3.0111 10.7130 31.3178 0.6720 -0.8547 15.8188 3.6516 -11.6818 -34.6154 0.0000 0.0000 0.0000 6.4062 -15.8003 -24.2192 -5.2474 -13.6571 41.8807 -0.2839 -10.3351 -18.5194 -1.0545 6.5295 -18.3289 7.7329 4.6828 16.9036 -0.6168 7.8386 -2.7015 -7.0322 3.1598 -11.3563 -22.7570 -14.1874 -2.2216 14.5104 -19.1233 5.5960 6.4630 -9.5053 5.6305 -0.0000 -0.0000 0.0000 -87.8798 17.0167 -8.5911 163.5010 -26.1925 -116.1364 -0.0000 0.0000 -22.5731 3.9220 5.6619 0.3875 -7.1250 0.0000 -0.0000 -18.7637 35.1098 4.7724 -0.0000 -0.0000 0.0000 -6.6866 17.3477 -55.2377 -82.2784 59.7735 -53.3180 0.0000 -0.0000 -62.6482 -4.6581 22.9627 -1.8207 7.1250 -0.0000 -0.0000 15.1402 -7.5888 13.5007
0.3273 17.3943 7.0464 5.3918 69.9832 3.5852 0.0000 0.0000 0.0000 5.0612 -10.8996 0.6595 2.8798 10.4979 30.6047 0.5895 0.3907 14.3772 3.5187 -11.4908 -33.9537 0.0000 0.0000 0.0000 7.3317 -15.4696 -24.6017 -5.0118 -13.3971 40.8736 -0.2106 -10.0495 -17.3052 -1.1234 6.7325 -18.9254 7.0239 5.1746 16.4132 -0.8923 8.2508 -2.2952 -6.9343 3.4602 -10.5922 -22.8142 -14.2373 -1.6796 15.4943 -19.3641 4.9834 6.7936 -9.6128 5.5130 0.0000 0.0000 0.0000 -87.0599 16.0714 -6.3374 163.1024 -26.7226 -115.9588 -0.0000 0.0000 -23.6923 4.3409 5.9519 0.4510 -7.1250 0.0000 -0.0000 -18.4967 35.4088 4.5563 0.0000 0.0000 0.0000 -5.8762 17.5175 -54.5917 -87.6574 59.9793 -57.9714 0.0000 -0.0000 -61.8498 -4.7671 23.8082 -1.9281 7.1250 -0.0000 -0.0000 15.0643 -6.7636 13.6789
0.2817 17.4481 6.9246 5.9598 68.7827 4.1592 0.0000 0.0000 0.0000 4.4717 -10.5797 0.5636 2.9228 10.5690 30.8397 0.5813 -0.4008 14.5551 3.5084 -11.4758 -33.9020 0.0000 0.0000 0.0000 6.8581 -13.8918 -24.0218 -4.6781 -13.0118 39.4127 -0.1085 -10.5934 -16.6411 -0.8678 5.9397 -16.6094 5.3281 5.1345 16.2537 -1.0153 7.8033 -1.6494 -5.9690 3.3949 -10.0430 -23.3956 -14.1411 -2.1033 16.2452 -19.1969 4.9985 7.1060 -9.5020 5.6972 -0.0000 0.0000 0.0000 -86.4249 15.5458 -5.0865 162.6804 -27.2772 -115.7672 -0.0000 0.0000 -22.0944 4.4702 5.5413 0.4325 -7.1250 0.0000 -0.0000 -18.2991 35.0254 4.6829 -0.0000 0.0000 0.0000 -4.4545 19.4312 -53.4333 -95.4945 59.8856 -64.7566 0.0000 -0.0000 -61.7144 -6.4943 23.2196 -2.5697 7.1250 -0.0000 -0.0000 14.0152 -7.1894 12.5419
0.2422 17.4862 6.7848 5.9718 68.7851 3.8459 0.0000 0.0000 0.0000 4.5920 -11.6681 0.3891 3.0073 10.7069 31.2976 0.5544 -2.2374 15.0543 3.2155 -11.0360 -32.4014 0.0000 0.0000 0.0000 6.5073 -13.2848 -22.8639 -4.3391 -12.5985 37.8835 -0.0054 -11.3981 -16.2992 -0.7580 5.5604 -15.5142 3.8606 4.9644 16.3648 -1.2263 7.2561 -1.0509 -5.2377 3.2404 -9.6595 -22.8497 -14.2741 -2.5852 16.8959 -19.4235 5.4410 7.1620 -9.5606 5.9821 -0.0000 0.0000 0.0000 -83.7782 14.5520 -4.3643 162.2088 -27.8890 -115.5489 -0.0000 0.0000 -25.2651 2.0374 5.4989 0.1953 -7.1250 0.0000 -0.0000 -20.2185 34.8505 5.3183 -0.0000 0.0000 0.0000 -0.8295 19.6435 -51.6090 -105.2226 59.1061 -73.1436 0.0000 -0.0000 -60.9847 -7.1970 23.6045 -2.8946 7.1250 -0.0000 -0.0000 13.5862 -6.7519 12.2530
0.2128 17.5030 6.6148 4.8677 68.0640 2.2534 0.0000 0.0000 0.0000 5.5527 -10.9550 -0.0626 3.0810 10.8251 31.6923 0.5880 -5.3477 17.4192 2.1192 -9.1100 -26.1402 0.0000 0.0000 0.0000 6.4296 -11.9312 -21.7113 -4.0923 -12.2822 36.7377 0.1284 -12.3534 -15.7719 -0.7062 5.3711 -14.9702 1.6962 3.7783 16.5405 0.0505 5.3763 -0.4914 -2.2162 2.4930 -9.6626 -24.6714 -13.2729 -3.4890 17.0406 -17.7982 6.0548 7.6779 -8.7736 6.1806 -0.0000 0.0000 0.0000 -84.8093 14.6027 -6.3209 161.7661 -28.4556 -115.3399 -0.0000 0.0000 -23.1689 4.0439 5.5855 0.3942 -7.1250 0.0000 -0.0000 -18.6489 35.0441 4.7719 -0.0000 0.0000 0.0000 1.2587 24.5558 -48.5859 -115.8304 57.3224 -82.1687 0.0000 -0.0000 -58.8939 -7.8010 23.4554 -3.1213 7.1250 -0.0000 -0.0000 13.2155 -6.8411 11.8756
0.2121 17.4637 6.3497 3.6416 66.8677 0.4930 0.0000 0.0000 0.0000 6.0674 -10.6073 0.3336 3.1683 10.9626 32.1538 0.3085 -8.9955 17.3505 1.6313 -8.0518 -22.8715 0.0000 0.0000 0.0000 6.0228 -11.7637 -21.4143 -3.9830 -12.1377 36.2209 0.1579 -11.7237 -14.2666 -0.7800 5.6385 -15.7391 1.7610 3.9255 17.1134 -0.0673 5.5820 -0.1823 -2.4590 2.5885 -9.6184 -24.3443 -13.3170 -2.7478 17.0518 -18.0503 6.0201 7.6412 -8.9253 6.0704 -0.0000 -0.0000 0.0000 -82.1964 13.3168 -2.6219 161.2237 -29.1397 -115.0786 -0.0000 0.0000 -22.4947 8.0412 6.8751 0.9689 -7.1250 0.0000 -0.0000 -15.7105 36.5128 3.3825 -0.0000 -0.0000 0.0000 6.1802 24.4053 -44.7767 -126.2667 54.3946 -90.8166 0.0000 -0.0000 -56.9520 -9.3320 23.1678 -3.6991 7.1250 -0.0000 -0.0000 12.2700 -6.9731 10.9502
0.2337 17.3670 6.0524 0.7457 65.5889 -2.5506 0.0000 0.0000 0.0000 7.1574 -10.4137 1.0006 3.2262 11.0526 32.4574 -0.2072 -12.4939 14.7495 1.4348 -7.5735 -21.4261 0.0000 0.0000 0.0000 6.2860 -11.8678 -21.9175 -4.0069 -12.1696 36.3347 0.1295 -10.7123 -13.0744 -0.8755 5.9653 -16.6839 2.3149 3.8413 17.1825 0.0410 5.5917 0.0128 -2.6485 2.5790 -9.4000 -22.6356 -13.6248 -2.8455 16.0109 -18.5090 6.8686 6.9689 -9.1436 6.1710 0.0000 -0.0000 0.0000 -81.6966 11.1227 0.3903 160.6130 -29.8968 -114.7776 -0.0000 0.0000 -19.7883 6.9972 5.7023 0.6987 -7.1250 0.0000 -0.0000 -16.3080 35.3168 4.0145 0.0000 -0.0000 0.0000 11.8971 25.4854 -40.6787 -134.8071 50.8627 -97.6117 0.0000 -0.0000 -53.5561 -10.0942 23.5895 -4.0749 7.1250 -0.0000 -0.0000 11.8090 -6.4788 10.6352
0.2695 17.2193 5.6626 1.6622 63.0233 -1.9727 0.0000 0.0000 0.0000 5.4724 -10.3225 2.6570 3.3042 11.1719 32.8618 -0.5602 -14.2543 11.2503 1.6641 -8.1282 -23.1040 0.0000 0.0000 0.0000 4.4957 -10.6514 -23.2476 -4.1914 -12.4109 37.2014 0.0992 -9.2476 -11.2232 -0.9977 6.3567 -17.8230 0.4774 3.4268 16.5507 1.0425 4.7632 0.7846 -0.2737 2.3144 -8.4842 -25.0387 -13.0640 -4.4925 16.8247 -17.3821 7.8803 7.6586 -8.5645 6.8466 0.0000 0.0000 0.0000 -83.1065 8.5506 2.8940 160.2306 -30.3635 -114.5857 -0.0000 0.0000 -18.8090 9.7431 6.5618 1.1241 -7.1250 0.0000 -0.0000 -14.2513 36.3080 3.1246 0.0000 0.0000 0.0000 15.5987 29.9915 -35.9098 -141.5034 47.1536 -102.6712 0.0000 -0.0000 -48.7363 -9.3673 24.8702 -3.9687 7.1250 -0.0000 -0.0000 12.2853 -5.2965 11.3692
0.3333 17.0088 5.2519 0.5481 60.9131 -3.4807 0.0000 0.0000 0.0000 4.6368 -9.9442 4.5993 3.3668 11.2664 33.1836 -0.7311 -15.0096 7.1778 1.8963 -8.6467 -24.6962 0.0000 0.0000 0.0000 3.5535 -10.0917 -24.6563 -4.5118 -12.8120 38.6688 0.0518 -7.4688 -9.4063 -1.7484 8.3211 -23.6936 0.9017 2.9407 16.9474 1.0315 4.2055 0.6271 -0.4195 2.0219 -8.8454 -24.7255 -12.6609 -4.8844 16.8538 -16.8886 9.1720 7.6923 -8.3136 7.1948 0.0000 0.0000 0.0000 -82.4393 6.7891 6.5633 160.2226 -30.3733 -114.5816 -0.0000 0.0000 -17.7491 11.5551 6.9048 1.4080 -7.1250 0.0000 -0.0000 -12.8253 36.7542 2.6550 0.0000 0.0000 0.0000 23.1512 32.2768 -28.5488 -147.0993 43.2536 -106.6460 0.0000 -0.0000 -43.5919 -8.4382 27.5413 -3.9240 7.1250 -0.0000 -0.0000 12.9212 -2.7834 12.6079
0.4207 16.7744 4.8199 0.4018 59.0572 -4.2628 0.0000 0.0000 0.0000 3.0733 -8.3752 6.4236 3.4534 11.3952 33.6246 -0.8882 -18.2540 -1.8008 2.9594 -10.6291 -31.0388 0.0000 0.0000 0.0000 1.9367 -8.9675 -25.7321 -4.8561 -13.2198 40.1971 0.0183 -6.1856 -8.3140 -1.9038 8.6628 -24.7459 0.2215 3.2015 16.4194 1.0621 4.4155 0.9622 -0.0138 2.1608 -8.2387 -22.2372 -12.9446 -4.7711 15.7822 -17.4031 9.3922 6.8855 -8.5308 7.0169 0.0000 -0.0000 0.0000 -81.8035 2.0843 13.1873 159.2551 -31.5294 -114.0840 -0.0000 0.0000 -15.4401 7.4160 6.3506 0.8249 -7.1250 0.0000 -0.0000 -16.1070 35.9672 3.6963 0.0000 -0.0000 0.0000 31.0080 32.3508 -21.6961 -152.3007 38.8380 -110.0654 0.0000 -0.0000 -36.9129 -9.2257 25.9578 -4.0666 7.1250 -0.0000 -0.0000 12.4020 -4.2448 11.7336
0.5317 16.5345 4.2756 -0.4071 57.2810 -5.1419 0.0000 0.0000 0.0000 1.8189 -5.8498 6.5415 3.8438 11.9496 35.5538 -0.1956 -18.6544 -11.3031 3.0217 -10.7301 -31.3751 0.0000 0.0000 0.0000 0.5257 -8.1249 -27.1817 -4.9496 -13.3268 40.6045 0.0399 -5.3501 -6.2183 -2.1188 9.1092 -26.1375 0.0105 2.9162 15.5924 1.8013 4.0584 0.6667 1.0106 2.0134 -8.1674 -21.8532 -12.5565 -3.0834 15.3924 -17.1916 9.5193 6.8418 -8.5135 6.6541 0.0000 -0.0000 0.0000 -82.2085 -1.7761 20.0283 158.1553 -32.8011 -113.4985 -0.0000 0.0000 -12.9222 14.4134 5.8080 1.4898 -7.1250 0.0000 -0.0000 -10.2746 35.8143 2.3505 0.0000 -0.0000 0.0000 37.8776 32.1153 -13.8155 -155.4702 35.7195 -111.9862 0.0000 -0.0000 -32.8864 -7.4446 30.1351 -3.7533 7.1250 -0.0000 -0.0000 13.5949 -0.3702 13.9048
0.6496 16.3839 3.7064 -0.9914 56.1478 -5.7912 0.0000 0.0000 0.0000 0.7107 -1.9781 5.8211 3.9382 12.0777 36.0073 0.7368 -18.5874 -18.8884 2.8963 -10.5252 -30.6948 0.0000 0.0000 0.0000 -0.9850 -6.3483 -26.9106 -4.5663 -12.8781 38.9138 0.1233 -6.4586 -4.2410 -1.8981 8.6505 -24.7080 -0.0121 1.8882 15.5426 2.3685 2.7464 0.4603 1.9265 1.3948 -8.3602 -21.6694 -12.2556 -4.3200 14.8795 -16.6448 11.5151 6.6535 -8.2212 7.3330 0.0000 0.0000 0.0000 -82.8606 -7.0536 25.3800 156.8148 -34.2907 -112.7576 -0.0000 0.0000 -11.0332 15.1379 5.3882 1.4552 -7.1250 0.0000 -0.0000 -9.6150 35.4242 2.2886 0.0000 0.0000 0.0000 44.2124 32.7282 -5.9847 -157.7112 33.3019 -113.2563 0.0000 -0.0000 -28.9975 -9.3611 26.9181 -4.2681 7.1250 -0.0000 -0.0000 12.3541 -3.2879 11.9099
0.7475 16.3175 3.1510 -0.4942 55.7007 -5.8454 0.0000 0.0000 0.0000 -0.8254 1.3839 5.1808 3.8423 11.9475 35.5466 1.4640 -19.1298 -23.8315 2.5016 -9.8408 -28.4627 0.0000 0.0000 0.0000 -3.1044 -3.7635 -24.5067 -3.7365 -11.8013 35.0325 0.2654 -9.1063 -2.7394 -0.6482 5.1503 -14.3377 -1.6848 1.1174 15.4248 3.1419 1.4976 0.6214 3.9989 0.8752 -8.1371 -21.8945 -12.6516 -5.2665 14.5728 -17.0872 13.2131 6.4505 -8.4206 8.1294 0.0000 0.0000 0.0000 -83.6662 -12.6650 31.1723 155.3958 -35.7967 -111.9427 -0.0000 0.0000 -11.0556 12.8617 5.3368 1.2166 -7.1250 0.0000 -0.0000 -11.4750 35.2596 2.7919 0.0000 0.0000 0.0000 49.5665 32.1287 0.0822 -159.2248 31.5650 -114.0682 0.0000 -0.0000 -21.9917 -6.4752 31.6835 -3.4115 7.1250 -0.0000 -0.0000 14.2074 1.0201 14.9213
0.8517 16.3320 2.5930 0.2931 56.2584 -5.2558 0.0000 0.0000 0.0000 -3.4412 0.7915 5.1229 3.7201 11.7783 34.9522 1.7412 -20.3728 -25.8620 1.3422 -7.3352 -20.7123 0.0000 0.0000 0.0000 -5.0992 -1.5082 -21.7092 -2.9306 -10.5818 30.8823 0.3546 -10.4948 -4.3103 -0.2455 3.1887 -8.8044 -2.8124 0.1446 15.5110 3.4304 0.0322 0.3427 5.2971 0.2260 -8.3642 -21.7785 -12.3877 -4.4115 15.4358 -17.0130 12.7179 6.7979 -8.3670 7.8748 0.0000 0.0000 0.0000 -83.3256 -16.8448 37.0248 154.1710 -37.0393 -111.2156 -0.0000 0.0000 -11.2843 12.3151 5.6605 1.2336 -7.1250 0.0000 -0.0000 -11.9761 35.5563 2.8299 0.0000 0.0000 0.0000 51.6282 31.2718 2.0570 -160.0705 30.5574 -114.5045 0.0000 -0.0000 -21.3872 -3.6771 34.3708 -2.0778 7.1250 -0.0000 -0.0000 15.8497 3.3051 17.4009
0.9278 16.4325 2.0847 -1.2286 55.6916 -6.2951 0.0000 0.0000 0.0000 -4.4521 0.3763 3.3241 4.0482 12.2242 36.5298 1.9533 -19.3800 -26.7346 1.5956 -7.9674 -22.6152 0.0000 0.0000 0.0000 -4.5525 2.6021 -19.4457 -2.4402 -9.7284 28.1016 0.4918 -13.8515 -11.9136 -0.0004 0.1299 -0.3569 -3.5961 -0.6056 15.0270 4.6378 -0.9824 0.5357 7.2793 -0.2267 -7.7355 -21.4504 -12.5635 -5.4449 14.7396 -17.0068 13.1461 6.4493 -8.3420 8.0974 -0.0000 0.0000 0.0000 -84.7991 -21.8856 41.2031 153.2393 -37.9501 -110.6484 -0.0000 0.0000 -11.1808 11.0282 5.5201 1.0740 -7.1250 0.0000 -0.0000 -13.0036 35.3502 3.1498 -0.0000 0.0000 0.0000 50.6853 32.3903 2.3554 -160.1930 30.4091 -114.5667 0.0000 -0.0000 -20.7285 -3.0008 37.3290 -1.8207 7.1250 -0.0000 -0.0000 16.3383 6.0690 18.7148
1.0140 16.5684 1.6466 -1.8979 54.7452 -5.9131 0.0000 0.0000 0.0000 -5.6061 0.6546 1.5233 4.1596 12.3698 37.0532 1.8654 -19.4751 -26.2722 1.2770 -7.1617 -20.1953 0.0000 0.0000 0.0000 -3.3897 3.2136 -19.9904 -2.3308 -9.5235 27.4471 0.7220 -17.7433 -17.0201 -0.0000 0.0362 -0.0994 -3.8134 -1.2585 13.8702 4.9062 -1.8511 0.1568 7.8359 -0.6473 -7.3485 -21.4347 -12.6507 -5.2241 15.4962 -17.3683 13.6250 6.6640 -8.4749 8.3612 0.0000 0.0000 0.0000 -84.1300 -24.9725 44.5947 152.6428 -38.5177 -110.2793 -0.0000 0.0000 -11.1790 12.3071 5.0249 1.0947 -7.1250 0.0000 -0.0000 -11.8770 34.9200 2.9934 0.0000 0.0000 0.0000 49.9563 33.0909 2.7230 -160.9390 29.4945 -114.9391 0.0000 -0.0000 -16.1763 -7.6780 34.9201 -4.4129 7.1250 -0.0000 -0.0000 13.7293 4.2992 15.1477
1.1038 16.7346 1.2714 -2.5974 52.8407 -6.0503 0.0000 0.0000 0.0000 -6.7112 1.6306 1.2788 3.9606 12.1078 36.1144 1.9464 -17.8324 -26.2714 1.3415 -7.3334 -20.7069 0.0000 0.0000 0.0000 -0.9864 -0.0947 -22.9536 -2.8337 -10.4208 30.3505 0.3780 -14.2846 -15.2071 -0.2721 3.3553 -9.2695 -3.4077 -1.5246 13.6491 4.7733 -2.1480 -0.4733 7.5273 -0.7786 -7.8776 -20.6593 -12.6826 -4.6914 15.3538 -17.6764 14.5228 6.4874 -8.6126 8.5354 0.0000 -0.0000 0.0000 -83.6427 -26.9479 46.9193 152.7285 -38.4369 -110.3326 -0.0000 0.0000 -11.1462 10.7680 6.3056 1.1966 -7.1250 0.0000 -0.0000 -13.3605 36.1142 2.9849 0.0000 -0.0000 0.0000 51.3413 32.6581 4.1463 -161.4825 28.8148 -115.2039 0.0000 -0.0000 -15.7761 -8.7692 35.0492 -5.0625 7.1250 -0.0000 -0.0000 13.1511 4.5694 14.5322
1.1683 16.8584 0.9793 -0.4909 50.5142 -4.7413 0.0000 0.0000 0.0000 -9.8177 2.2458 2.7416 3.6022 11.6113 34.3706 2.0551 -15.1126 -26.3063 1.2424 -7.0676 -19.9159 0.0000 0.0000 0.0000 -0.8293 -0.3482 -24.2066 -3.7600 -11.8340 35.1472 0.0349 -7.5578 -9.9755 -1.0940 6.6467 -18.6729 -3.9062 -1.5745 14.5309 3.3436 -2.4583 -1.2093 6.3926 -0.8831 -9.1766 -20.4557 -12.5955 -4.1533 16.3508 -18.0985 16.3071 6.7944 -8.7506 9.2090 0.0000 -0.0000 0.0000 -82.3135 -27.3596 48.4930 153.3172 -37.8751 -110.6963 -0.0000 0.0000 -11.8539 10.4272 6.6961 1.2293 -7.1250 0.0000 -0.0000 -13.7157 36.4803 2.9421 0.0000 -0.0000 0.0000 52.1486 32.6075 3.5350 -161.3161 29.0241 -115.1234 0.0000 -0.0000 -19.7620 -8.6366 34.4048 -4.9053 7.1250 -0.0000 -0.0000 13.1748 3.9259 14.4217
1.2365 17.0009 0.7555 -0.2788 48.6071 -4.8767 0.0000 0.0000 0.0000 -11.2306 3.2673 3.8742 3.2379 11.0705 32.5181 2.0545 -12.8762 -25.9671 1.2043 -6.9623 -19.6037 0.0000 0.0000 0.0000 0.7747 -0.5520 -23.9241 -4.3934 -12.6662 38.1316 -0.0443 -2.3711 -5.5686 -0.9807 6.3037 -17.6683 -4.2681 -1.6920 14.2340 3.0399 -2.7033 -1.2594 6.3021 -0.9997 -9.0265 -20.2490 -12.3735 -4.0432 16.4538 -17.8841 16.5157 6.8516 -8.6393 9.2047 0.0000 -0.0000 0.0000 -82.9159 -28.2261 50.0650 153.2658 -37.9246 -110.6647 -0.0000 0.0000 -10.8162 10.5144 6.4995 1.2035 -7.1250 0.0000 -0.0000 -13.6058 36.2913 2.9819 0.0000 -0.0000 0.0000 53.1669 33.3327 5.1006 -161.2768 29.0733 -115.1044 0.0000 -0.0000 -18.8692 -8.3965 34.1991 -4.7426 7.1250 -0.0000 -0.0000 13.2907 3.6943 14.5049
1.2662 17.1186 0.6196 -2.6508 46.7593 -6.2213 0.0000 0.0000 0.0000 -9.9945 4.2353 3.5632 3.0898 10.8390 31.7387 2.0198 -12.0466 -25.6630 1.0754 -6.5919 -18.5119 0.0000 0.0000 0.0000 5.0361 -0.5601 -23.5329 -4.7846 -13.1370 39.8836 -0.1134 -1.4980 -7.0974 -1.2264 7.0237 -19.7857 -3.6041 -2.0108 13.2221 3.4461 -2.9537 -1.5533 6.3655 -1.1494 -8.7441 -20.6976 -11.8101 -3.2376 17.0112 -17.2781 16.2591 7.2762 -8.3966 8.9438 -0.0000 0.0000 0.0000 -84.2567 -28.0777 51.3211 152.9333 -38.2428 -110.4596 -0.0000 0.0000 -9.1632 11.4437 5.3963 1.0906 -7.1250 0.0000 -0.0000 -12.6431 35.2483 3.0909 -0.0000 0.0000 0.0000 53.5553 34.3188 6.2435 -161.1916 29.1799 -115.0629 0.0000 -0.0000 -19.1574 -10.0780 31.5580 -5.3142 7.1250 -0.0000 -0.0000 12.1800 1.3461 12.7519
1.3450 17.1431 0.4532 0.0860 47.0329 -4.1369 0.0000 0.0000 0.0000 -12.9991 3.9700 3.7367 2.9770 10.6578 31.1342 1.9686 -11.7066 -25.3100 0.8582 -5.9077 -16.5168 0.0000 0.0000 0.0000 4.1962 -3.7570 -22.9785 -4.6550 -12.9844 39.3101 -0.1557 -3.9063 -9.9337 -1.6615 8.1222 -23.0858 -4.9852 -2.4657 12.9103 2.5145 -3.8695 -1.7952 6.3010 -1.5526 -8.6845 -20.4004 -12.1396 -4.5816 16.2822 -17.5471 17.4597 6.8590 -8.4771 9.5563 -0.0000 -0.0000 0.0000 -85.7052 -27.5723 52.4130 153.2200 -37.9686 -110.6365 -0.0000 0.0000 -9.3143 10.9431 5.4793 1.0577 -7.1250 0.0000 -0.0000 -13.0657 35.3053 3.1801 -0.0000 -0.0000 0.0000 52.6346 35.3967 4.6758 -160.4229 30.1295 -114.6826 0.0000 -0.0000 -20.7797 -10.7511 30.6071 -5.5219 7.1250 -0.0000 -0.0000 11.7356 0.5059 12.0944
1.3676 17.1957 0.2999 -1.0483 45.6573 -4.5553 0.0000 0.0000 0.0000 -12.8245 4.2658 2.9390 3.0428 10.7640 31.4879 2.0336 -10.5978 -25.6392 0.9044 -6.0605 -16.9602 0.0000 0.0000 0.0000 5.0523 -0.5987 -21.4733 -3.9427 -12.0837 36.0288 0.0347 -6.7056 -8.6486 -1.4683 7.6575 -21.6784 -4.1241 -2.4143 12.6344 2.1831 -3.6877 -2.1657 5.4179 -1.4966 -9.0284 -20.3318 -12.0811 -4.5640 16.7382 -17.6606 18.0185 7.0118 -8.4928 9.8124 -0.0000 -0.0000 0.0000 -86.4426 -27.0749 53.6937 153.2947 -37.8967 -110.6825 -0.0000 0.0000 -9.3326 10.6395 5.9635 1.1181 -7.1250 0.0000 -0.0000 -13.4017 35.7687 3.1104 -0.0000 -0.0000 0.0000 53.7134 34.9867 3.9469 -159.9982 30.6445 -114.4678 0.0000 -0.0000 -20.1967 -10.3438 30.1749 -5.2418 7.1250 -0.0000 -0.0000 11.9409 0.0273 12.2148
1.3799 17.1557 0.1148 -1.9680 44.0562 -4.9905 0.0000 0.0000 0.0000 -12.7366 4.7763 1.3670 3.3904 11.3017 33.3043 2.2116 -9.3260 -26.7183 1.2414 -7.0649 -19.9077 0.0000 0.0000 0.0000 5.2327 0.6983 -21.8539 -3.7506 -11.8209 35.1013 0.0320 -5.5041 -6.7914 -1.5009 7.7383 -21.9220 -2.8944 -2.3966 13.2991 1.9599 -3.5022 -2.3368 4.4978 -1.4516 -9.7066 -20.0543 -12.3850 -6.2593 16.2089 -17.8418 18.9329 6.6588 -8.5020 10.4103 0.0000 0.0000 0.0000 -87.3028 -27.0728 54.2426 153.3091 -37.8828 -110.6913 -0.0000 0.0000 -9.4478 11.1055 5.2688 1.0327 -7.1250 0.0000 -0.0000 -12.8964 35.1047 3.2017 0.0000 0.0000 0.0000 54.7995 34.9678 5.2494 -160.9647 29.4625 -114.9518 0.0000 -0.0000 -20.1304 -10.9822 28.6864 -5.3218 7.1250 -0.0000 -0.0000 11.4842 -1.3509 11.4443
1.4040 17.1241 -0.0544 -1.8566 42.4653 -5.1554 0.0000 0.0000 0.0000 -13.4679 5.0459 0.9517 3.6113 11.6243 34.4155 2.2807 -9.2689 -27.1435 0.8868 -6.0029 -16.7928 0.0000 0.0000 0.0000 4.8978 0.7841 -21.9979 -3.5424 -11.5252 34.0724 0.0330 -4.6880 -5.3334 -1.7431 8.3090 -23.6567 -2.9662 -2.1436 13.6148 2.0659 -3.1624 -1.4398 4.5620 -1.3179 -8.9257 -20.7072 -12.7231 -8.3406 16.6765 -17.9074 18.5108 6.7905 -8.4324 10.7924 0.0000 0.0000 0.0000 -88.4776 -28.6677 54.9275 153.1676 -38.0189 -110.6043 -0.0000 0.0000 -9.1505 11.1910 5.2271 1.0326 -7.1250 0.0000 -0.0000 -12.8196 35.0676 3.1937 0.0000 0.0000 0.0000 53.9205 36.7263 4.3870 -160.3627 30.2029 -114.6523 0.0000 -0.0000 -20.8038 -11.0973 30.4040 -5.6690 7.1250 -0.0000 -0.0000 11.5244 0.3539 11.8368
1.4011 17.1416 -0.1846 -2.0560 40.7370 -5.2668 0.0000 0.0000 0.0000 -13.5118 6.2400 0.2410 3.6948 11.7428 34.8280 2.3002 -9.1191 -27.2634 0.8699 -5.9467 -16.6298 0.0000 0.0000 0.0000 5.3573 0.5460 -22.5498 -3.3299 -11.2109 32.9945 0.0443 -4.1854 -3.5421 -1.6689 8.1394 -23.1383 -3.1730 -1.7652 14.1035 2.1119 -2.6969 -1.1922 4.6520 -1.0826 -8.9689 -21.5110 -12.3843 -7.8634 18.2680 -17.5976 17.3160 7.5820 -8.2591 10.4688 -0.0000 0.0000 0.0000 -89.2469 -28.8129 55.7257 153.1007 -38.0830 -110.5631 -0.0000 0.0000 -9.0590 10.6156 5.7810 1.0816 -7.1250 0.0000 -0.0000 -13.3875 35.5870 3.1678 -0.0000 0.0000 0.0000 54.6855 36.9189 5.5297 -160.1257 30.4906 -114.5326 0.0000 -0.0000 -20.8443 -12.3005 32.2078 -6.6289 7.1250 -0.0000 -0.0000 10.9800 2.3014 11.6242
1.4119 17.1588 -0.2665 -1.6062 39.3477 -5.0244 0.0000 0.0000 0.0000 -14.2060 7.0338 0.1642 3.6544 11.6858 34.6293 2.3165 -8.2671 -27.3840 0.8905 -6.0148 -16.8274 0.0000 0.0000 0.0000 5.1203 0.5808 -22.7105 -3.1517 -10.9366 32.0665 0.0357 -3.4933 -2.3301 -1.5972 7.9713 -22.6268 -4.1891 -1.6002 13.9086 1.9615 -2.6590 -1.1350 5.0468 -1.0283 -8.7627 -21.1701 -11.9678 -7.0246 18.2690 -17.2237 17.4280 7.6537 -8.1147 10.2268 0.0000 0.0000 0.0000 -89.1174 -27.8610 55.4789 152.9568 -38.2204 -110.4741 -0.0000 0.0000 -10.0337 9.6071 5.7210 0.9667 -7.1250 0.0000 -0.0000 -14.1981 35.4745 3.4095 0.0000 0.0000 0.0000 57.1613 36.2389 7.9728 -160.3044 30.2738 -114.6230 0.0000 -0.0000 -20.3526 -11.4398 30.0490 -5.7860 7.1250 -0.0000 -0.0000 11.3042 0.0520 11.5413
1.4322 17.2018 -0.3165 -1.3822 39.0609 -4.9294 0.0000 0.0000 0.0000 -14.7980 6.8045 0.6236 3.5299 11.5071 34.0099 2.2622 -7.7146 -27.0743 0.7747 -5.6200 -15.6857 0.0000 0.0000 0.0000 5.0019 1.1919 -21.8470 -2.9300 -10.5809 30.8792 0.0699 -4.6900 -1.9900 -1.5607 7.8839 -22.3620 -4.6866 -1.2285 13.5740 1.5261 -2.2752 -1.2338 4.7683 -0.8312 -8.7234 -20.6453 -11.8277 -4.9009 18.5947 -17.4994 17.0473 7.7464 -8.3099 9.7335 -0.0000 -0.0000 0.0000 -89.2363 -27.0049 56.9043 153.3324 -37.8603 -110.7056 -0.0000 0.0000 -11.5743 6.8212 9.5984 1.1426 -7.1250 0.0000 -0.0000 -17.3673 39.0576 2.6365 -0.0000 -0.0000 0.0000 58.9556 33.6909 8.9477 -160.5424 29.9834 -114.7424 0.0000 -0.0000 -19.4663 -11.1099 31.0242 -5.7792 7.1250 -0.0000 -0.0000 11.5599 0.9649 11.9982
1.4490 17.2623 -0.3722 -2.5937 38.8733 -5.4045 0.0000 0.0000 0.0000 -14.1232 6.5712 0.1906 3.5243 11.4990 33.9819 2.2296 -6.9619 -26.9191 0.7741 -5.6177 -15.6791 0.0000 0.0000 0.0000 5.9553 3.4419 -20.5203 -2.6318 -10.0737 29.2156 0.1749 -7.3941 -2.5890 -1.3159 7.2657 -20.5049 -3.9808 -1.4212 13.1843 1.7399 -2.3793 -1.0964 4.5950 -0.9249 -8.3553 -22.3154 -11.5363 -5.3199 20.2852 -17.3103 17.8597 8.7302 -8.1904 10.4177 -0.0000 -0.0000 0.0000 -89.1194 -27.2786 56.7748 152.8700 -38.3029 -110.4204 -0.0000 0.0000 -10.9274 7.6314 8.6302 1.1518 -7.1250 0.0000 -0.0000 -16.4498 38.1858 2.8528 -0.0000 -0.0000 0.0000 59.6097 33.4931 9.7495 -160.2971 30.2828 -114.6193 0.0000 -0.0000 -18.9926 -11.5768 31.5483 -6.1176 7.1250 -0.0000 -0.0000 11.3340 1.5460 11.8679
1.4520 17.2695 -0.4104 -3.0951 39.4133 -5.7648 0.0000 0.0000 0.0000 -13.8842 6.2424 -0.3228 3.6715 11.7100 34.7136 2.2450 -6.5996 -27.0461 0.9234 -6.1221 -17.1391 0.0000 0.0000 0.0000 6.0811 4.4712 -19.5870 -2.4997 -9.8374 28.4516 0.2599 -8.9957 -3.2602 -0.5789 4.8720 -13.5439 -3.8033 -1.3918 13.2328 1.5842 -2.3283 -1.1944 4.3220 -0.9059 -8.5078 -22.4100 -11.5381 -3.7926 20.4081 -17.5859 17.5863 8.8090 -8.4118 10.1180 -0.0000 -0.0000 0.0000 -89.1357 -27.6271 57.5899 152.7448 -38.4215 -110.3427 -0.0000 0.0000 -10.7369 7.5627 8.6707 1.1466 -7.1250 0.0000 -0.0000 -16.5166 38.2200 2.8508 -0.0000 -0.0000 0.0000 59.6607 32.4870 8.8494 -160.3908 30.1686 -114.6665 0.0000 -0.0000 -19.0082 -11.7963 31.2377 -6.1813 7.1250 -0.0000 -0.0000 11.1861 1.2723 11.6542
1.4362 17.2427 -0.4798 -3.6528 39.2668 -6.1175 0.0000 0.0000 0.0000 -13.2667 6.9017 -1.7149 4.0124 12.1769 36.3607 2.2787 -7.3023 -27.2019 0.9021 -6.0529 -16.9380 0.0000 0.0000 0.0000 6.3475 5.7473 -19.3560 -2.4961 -9.8307 28.4303 0.2721 -9.2017 -3.3441 -0.9557 6.2251 -17.4391 -3.8593 -1.4337 13.2818 1.8421 -2.3660 -0.8224 4.6284 -0.9335 -8.1151 -21.8718 -11.8012 -3.6372 19.3031 -17.7263 17.1089 8.2435 -8.5242 9.7740 0.0000 0.0000 0.0000 -89.1592 -29.1234 57.4715 152.3163 -38.8234 -110.0753 -0.0000 0.0000 -10.1817 10.1334 5.9712 1.0652 -7.1250 0.0000 -0.0000 -13.8168 35.7489 3.2183 0.0000 0.0000 0.0000 58.6314 33.5644 7.5500 -159.7958 30.8876 -114.3642 0.0000 -0.0000 -19.8964 -13.6550 32.6171 -7.4605 7.1250 -0.0000 -0.0000 10.2586 2.9156 10.9405
1.4101 17.1732 -0.5357 -3.3054 39.1938 -6.2399 0.0000 0.0000 0.0000 -13.4230 7.3577 -2.7518 4.4240 12.7042 38.2709 2.3409 -7.9023 -27.5496 0.8706 -5.9490 -16.6366 0.0000 0.0000 0.0000 5.8481 6.3725 -19.7782 -2.7042 -10.2000 29.6269 0.2852 -9.4195 -3.5811 -0.9181 6.1050 -17.0893 -4.5567 -1.3704 13.6720 1.6423 -2.4197 -0.5257 4.8287 -0.9433 -7.9914 -22.0860 -11.6198 -3.8343 19.7492 -17.5328 17.3136 8.4877 -8.4085 9.9083 -0.0000 0.0000 0.0000 -89.2772 -30.4564 57.9240 152.4134 -38.7329 -110.1361 -0.0000 0.0000 -9.8279 9.7354 7.0436 1.2052 -7.1250 0.0000 -0.0000 -14.3553 36.7806 2.9779 -0.0000 0.0000 0.0000 58.6852 33.3690 6.6355 -160.2454 30.3456 -114.5932 0.0000 -0.0000 -20.5470 -14.1504 30.2624 -7.2411 7.1250 -0.0000 -0.0000 9.7626 0.6616 10.0206
1.4134 17.1000 -0.5955 -2.9109 38.6581 -6.4011 0.0000 0.0000 0.0000 -13.5981 8.4139 -3.3693 4.7458 13.0917 39.7128 2.4369 -9.0648 -28.0886 0.6417 -5.1246 -14.2644 0.0000 0.0000 0.0000 5.3429 6.2157 -20.7456 -2.9737 -10.6524 31.1162 0.2093 -8.0815 -2.9829 -1.3229 7.2843 -20.5603 -4.9044 -1.0937 14.0419 1.2990 -2.1551 -0.5501 4.6216 -0.7974 -8.2599 -21.7763 -11.4039 -2.4013 19.8862 -17.4884 16.9054 8.5653 -8.4492 9.4648 0.0000 -0.0000 0.0000 -89.6727 -30.8808 59.3389 152.1413 -38.9858 -109.9653 -0.0000 0.0000 -9.5182 9.5542 6.5117 1.0935 -7.1250 0.0000 -0.0000 -14.3961 36.2478 3.1798 0.0000 -0.0000 0.0000 59.2170 31.5043 6.0084 -160.1001 30.5215 -114.5196 0.0000 -0.0000 -21.2036 -15.0959 30.6542 -7.8308 7.1250 -0.0000 -0.0000 9.2556 1.2021 9.5725
1.4354 17.0406 -0.6646 -2.6352 37.4544 -6.6120 0.0000 0.0000 0.0000 -14.0375 9.1773 -3.6076 4.9424 13.3187 40.5733 2.5745 -8.2936 -28.9277 0.7833 -5.6504 -15.7734 0.0000 0.0000 0.0000 5.0241 6.5208 -21.5251 -3.1707 -10.9663 32.1664 0.1547 -6.9646 -2.1843 -1.4988 7.7332 -21.9066 -5.3300 -1.4781 14.4211 1.3924 -2.7353 -0.1033 5.0834 -1.0805 -7.8993 -21.5071 -11.2348 -4.5581 19.2895 -16.8533 17.6707 8.3177 -8.0440 9.8965 -0.0000 0.0000 0.0000 -89.5284 -31.3635 58.5481 152.6681 -38.4939 -110.2950 -0.0000 0.0000 -10.9458 7.7638 9.8467 1.3356 -7.1250 0.0000 -0.0000 -16.6424 39.3705 2.3861 -0.0000 0.0000 0.0000 59.9387 31.7834 7.4758 -159.9009 30.7616 -114.4180 0.0000 -0.0000 -20.3609 -16.1662 30.2762 -8.3150 7.1250 -0.0000 -0.0000 8.6043 1.0019 8.8532
1.4790 17.0394 -0.7186 -2.3086 35.6216 -6.6571 0.0000 0.0000 0.0000 -14.6430 9.9631 -3.2143 4.8798 13.2471 40.3006 2.5835 -7.6571 -29.0178 0.6262 -5.0637 -14.0902 0.0000 0.0000 0.0000 4.8160 7.9165 -21.4445 -3.1390 -10.9167 31.9994 0.1324 -6.5037 -1.3964 -1.5200 7.7851 -22.0633 -5.8306 -1.8646 14.4396 1.6446 -3.2984 0.3663 5.7323 -1.3666 -7.2882 -21.3494 -11.1791 -7.2329 18.5847 -16.3069 18.9160 8.0366 -7.6738 10.6366 0.0000 -0.0000 0.0000 -90.0108 -31.6534 58.2028 152.5594 -38.5961 -110.2273 -0.0000 0.0000 -11.4024 7.3240 10.7195 1.3695 -7.1250 0.0000 -0.0000 -17.2442 40.1749 2.1239 0.0000 -0.0000 0.0000 60.7270 31.8715 9.1962 -160.0651 30.5639 -114.5018 0.0000 -0.0000 -20.5598 -14.9294 28.4017 -7.2278 7.1250 -0.0000 -0.0000 9.1532 -1.0722 9.0979
1.5294 17.0882 -0.7846 -2.3718 33.7729 -6.5396 0.0000 0.0000 0.0000 -15.1163 10.0631 -2.6437 4.6495 12.9779 39.2857 2.5567 -6.3870 -28.9714 0.7676 -5.5945 -15.6123 0.0000 0.0000 0.0000 5.0872 8.6486 -21.5344 -2.9716 -10.6490 31.1049 0.0930 -6.0134 0.6215 -1.9942 8.8539 -25.3395 -5.9892 -2.1520 14.0832 1.8484 -3.6754 0.2670 6.0938 -1.5483 -7.1203 -20.2090 -10.8500 -7.1074 17.9146 -15.8586 18.8261 7.6726 -7.4467 10.2952 0.0000 -0.0000 0.0000 -90.7269 -30.7682 59.1734 152.2306 -38.9031 -110.0214 -0.0000 0.0000 -11.3587 7.1358 11.5364 1.4342 -7.1250 0.0000 -0.0000 -17.6322 40.9424 1.8287 0.0000 -0.0000 0.0000 62.0437 29.6040 10.2640 -159.3870 31.3738 -114.1529 0.0000 -0.0000 -18.8144 -15.5446 31.0579 -8.1665 7.1250 -0.0000 -0.0000 9.0387 1.6785 9.4162
1.5893 17.1843 -0.8513 -2.9721 31.6652 -6.4979 0.0000 0.0000 0.0000 -15.1554 10.0827 -2.1971 4.3455 12.6065 37.9126 2.4352 -4.8820 -28.4342 0.8863 -6.0011 -16.7877 0.0000 0.0000 0.0000 5.7564 9.8165 -21.5469 -2.7145 -10.2178 29.6851 0.0491 -6.4477 3.0957 -1.6255 8.0382 -22.8301 -5.6342 -2.6635 13.5353 2.2748 -4.2423 0.1603 6.4174 -1.8434 -6.8376 -19.1819 -10.5333 -7.3419 17.2262 -15.3833 18.9805 7.3193 -7.1970 10.1269 0.0000 -0.0000 0.0000 -91.3783 -30.0533 59.8063 151.8972 -39.2107 -109.8114 -0.0000 0.0000 -10.7379 8.2572 10.2425 1.4782 -7.1250 0.0000 -0.0000 -16.3290 39.7927 2.1627 0.0000 -0.0000 0.0000 62.8294 29.0215 11.7007 -159.2413 31.5456 -114.0768 0.0000 -0.0000 -16.6085 -15.6380 30.2800 -8.0338 7.1250 -0.0000 -0.0000 8.9086 0.9176 9.1609
1.6341 17.2959 -0.9106 -3.3890 29.9597 -6.2188 0.0000 0.0000 0.0000 -15.3616 9.3407 -1.8023 4.0908 12.2803 36.7310 2.2686 -3.1672 -27.7037 1.0973 -6.6564 -18.7013 0.0000 0.0000 0.0000 5.8147 11.3368 -21.7609 -2.5411 -9.9123 28.6931 0.0376 -7.2821 4.1853 -0.4529 4.3175 -11.9717 -5.4469 -3.3867 13.0860 2.8187 -5.1200 0.0256 7.0120 -2.2836 -6.5662 -18.6307 -10.2101 -8.3201 16.5389 -14.7805 19.6876 7.0545 -6.8822 10.3265 0.0000 -0.0000 0.0000 -91.2360 -29.3718 58.8698 152.1214 -39.0042 -109.9528 -0.0000 0.0000 -11.0416 8.4866 10.1758 1.5100 -7.1250 0.0000 -0.0000 -16.1182 39.7469 2.1518 0.0000 -0.0000 0.0000 62.8895 27.2525 11.8583 -159.9557 30.6957 -114.4460 0.0000 -0.0000 -16.3766 -16.3982 31.9441 -8.8500 7.1250 -0.0000 -0.0000 8.6480 2.7091 9.1501
1.6467 17.3560 -0.9491 -2.9716 28.5648 -5.6656 0.0000 0.0000 0.0000 -15.8492 9.1084 -1.7431 4.0141 12.1792 36.3689 2.1212 -3.6054 -26.6656 1.1059 -6.6817 -18.7759 0.0000 0.0000 0.0000 5.4564 11.5931 -22.3751 -2.6929 -10.1805 29.5632 -0.0368 -2.8800 3.6966 -0.7090 5.3816 -15.0003 -5.4728 -3.7884 13.4898 2.7609 -5.6926 -0.4290 7.1270 -2.5203 -7.1979 -17.7954 -9.8111 -8.5226 16.4562 -14.2989 19.6446 6.9603 -6.5989 10.1707 -0.0000 -0.0000 0.0000 -90.7908 -28.8838 58.3746 151.9455 -39.1664 -109.8419 -0.0000 0.0000 -11.1128 9.6324 8.2821 1.4005 -7.1250 0.0000 -0.0000 -14.7051 37.9882 2.6064 -0.0000 -0.0000 0.0000 63.3938 26.0044 11.9261 -160.3239 30.2502 -114.6328 0.0000 -0.0000 -16.3198 -15.1984 30.9893 -7.9625 7.1250 -0.0000 -0.0000 9.2293 1.5526 9.6001
1.6251 17.3785 -0.9616 -2.9605 27.2531 -5.4094 0.0000 0.0000 0.0000 -15.5788 9.7079 -2.6129 4.2004 12.4224 37.2432 2.0116 -4.0976 -25.8513 1.1784 -6.8899 -19.3896 0.0000 0.0000 0.0000 5.7688 12.0543 -22.8866 -3.1359 -10.9118 31.9831 -0.0148 0.7984 2.7361 -0.6085 4.9931 -13.8890 -5.6975 -3.9695 13.0579 3.0341 -5.9246 -0.1838 7.5232 -2.6616 -6.6025 -17.3136 -9.6549 -9.1339 16.3842 -14.0075 19.3410 6.8687 -6.4083 10.0763 -0.0000 0.0000 0.0000 -90.8688 -29.8957 58.0631 151.8797 -39.2267 -109.8003 -0.0000 0.0000 -10.6442 10.8258 8.6735 1.6518 -7.1250 0.0000 -0.0000 -13.7928 38.4573 2.2740 -0.0000 0.0000 0.0000 63.4020 26.5902 12.2156 -160.3138 30.2624 -114.6277 0.0000 -0.0000 -15.7436 -16.1423 32.3701 -8.8085 7.1250 -0.0000 -0.0000 8.8395 3.0890 9.4133
1.5790 17.3593 -0.9330 -2.6655 26.8681 -5.4388 0.0000 0.0000 0.0000 -15.3944 9.7476 -2.8864 4.4177 12.6964 38.2422 1.9800 -5.0039 -25.5006 1.1543 -6.8215 -19.1876 0.0000 0.0000 0.0000 6.2861 11.2968 -22.9045 -3.8640 -11.9771 35.6511 0.0615 4.3958 1.7615 -0.9743 6.2837 -17.6097 -5.9588 -3.9711 13.0591 3.0033 -5.9612 0.1526 7.6186 -2.7018 -6.2123 -17.0461 -9.9429 -10.3069 16.4683 -14.3121 19.3044 6.7572 -6.4631 10.3367 -0.0000 0.0000 0.0000 -91.1261 -30.8720 58.0587 151.9422 -39.1694 -109.8398 -0.0000 0.0000 -11.5844 11.7178 8.2702 1.7089 -7.1250 0.0000 -0.0000 -12.9591 38.1211 2.2400 -0.0000 0.0000 0.0000 63.6116 27.1072 12.0201 -160.4890 30.0487 -114.7157 0.0000 -0.0000 -15.8313 -15.7054 32.0929 -8.4968 7.1250 -0.0000 -0.0000 9.0548 2.7369 9.5952
1.5169 17.2992 -0.9059 -2.4534 26.5350 -5.6204 0.0000 0.0000 0.0000 -15.0680 10.1613 -3.0871 4.6199 12.9425 39.1538 2.0393 -5.9987 -25.7783 1.1886 -6.9186 -19.4744 0.0000 0.0000 0.0000 6.8804 11.0374 -22.3325 -4.5121 -12.8124 38.6701 0.1687 7.6384 0.2662 -0.6364 5.1041 -14.2058 -5.8302 -3.8051 13.9127 2.7756 -5.7860 -0.1835 7.3865 -2.5622 -7.1193 -17.3508 -9.9437 -9.2632 17.0686 -14.4548 18.5131 7.0250 -6.5637 9.9626 -0.0000 0.0000 0.0000 -91.4718 -30.5827 57.6847 152.0460 -39.0739 -109.9053 -0.0000 0.0000 -11.8947 11.7106 7.5562 1.5613 -7.1250 0.0000 -0.0000 -12.8219 37.4112 2.4434 -0.0000 0.0000 0.0000 64.2482 26.4690 12.5938 -161.2932 29.0528 -115.1123 0.0000 -0.0000 -16.9477 -13.0371 28.7422 -6.3535 7.1250 -0.0000 -0.0000 10.2881 -1.0139 10.2724
1.4324 17.2364 -0.8489 -2.4693 26.8387 -5.6164 0.0000 0.0000 0.0000 -14.5071 10.5229 -3.4976 4.7323 13.0758 39.6528 2.0904 -6.5903 -26.0585 1.2593 -7.1137 -20.0526 0.0000 0.0000 0.0000 7.7488 10.8002 -21.7112 -4.6971 -13.0344 39.4974 0.0808 7.5857 -3.2795 -0.8178 5.7703 -16.1193 -5.6300 -3.5602 13.8397 2.5751 -5.4340 -0.0187 6.9786 -2.4106 -6.9954 -17.7235 -10.0594 -8.7850 17.9394 -14.7263 17.7746 7.3653 -6.6790 9.7796 -0.0000 0.0000 0.0000 -91.7428 -30.6151 57.7244 152.2949 -38.8433 -110.0618 -0.0000 0.0000 -11.6428 11.5005 8.0300 1.6280 -7.1250 0.0000 -0.0000 -13.0921 37.8679 2.3472 -0.0000 0.0000 0.0000 64.5660 26.6991 13.0870 -160.7644 29.7104 -114.8529 0.0000 -0.0000 -14.4486 -16.2384 31.0596 -8.5457 7.1250 -0.0000 -0.0000 8.6432 1.7978 9.0121
1.3295 17.1723 -0.7599 -2.4732 28.1698 -5.6003 0.0000 0.0000 0.0000 -13.7977 10.4976 -3.8215 4.8339 13.1942 40.0999 2.1574 -7.1190 -26.4501 1.4310 -7.5638 -21.3967 0.0000 0.0000 0.0000 8.5515 9.6433 -21.2380 -4.5171 -12.8185 38.6927 -0.0985 5.9353 -6.5041 -1.4313 7.5647 -21.3996 -5.4530 -3.4024 14.0242 2.4090 -5.2171 -0.0757 6.6834 -2.2993 -7.2253 -18.0207 -10.4841 -8.8736 17.8325 -15.2442 17.7560 7.2769 -6.9406 9.9147 -0.0000 -0.0000 0.0000 -91.9595 -30.5103 57.8427 152.8603 -38.3121 -110.4144 -0.0000 0.0000 -12.3053 10.7272 9.6400 1.8170 -7.1250 0.0000 -0.0000 -14.0924 39.4025 1.9900 -0.0000 -0.0000 0.0000 64.9387 26.6086 13.7011 -160.6828 29.8110 -114.8124 0.0000 -0.0000 -14.1820 -15.8728 31.0372 -8.3405 7.1250 -0.0000 -0.0000 8.8494 1.7131 9.2194
1.2229 17.1610 -0.6911 -2.5917 29.7762 -5.2929 0.0000 0.0000 0.0000 -13.0207 9.9995 -4.6745 4.9891 13.3715 40.7756 2.0887 -8.9943 -25.9473 1.0988 -6.6610 -18.7148 0.0000 0.0000 0.0000 8.7205 9.2649 -21.4029 -4.5909 -12.9077 39.0240 -0.1665 5.5891 -7.7072 -1.4960 7.7263 -21.8857 -5.0732 -3.0423 13.9558 2.2689 -4.6838 -0.1381 6.2210 -2.0461 -7.3750 -17.8794 -11.1844 -9.5615 17.0058 -16.0787 18.5229 6.7782 -7.3305 10.3964 -0.0000 0.0000 0.0000 -92.5180 -30.7159 58.6180 152.8870 -38.2867 -110.4310 -0.0000 0.0000 -12.5337 10.1342 10.5472 1.8739 -7.1250 0.0000 -0.0000 -14.8136 40.2451 1.7814 -0.0000 0.0000 0.0000 65.0993 26.3615 13.4682 -160.8418 29.6147 -114.8912 0.0000 -0.0000 -14.8513 -13.9162 29.2910 -6.9118 7.1250 -0.0000 -0.0000 9.8172 -0.3397 9.9056
1.0870 17.1868 -0.6045 -2.9548 32.0653 -5.2481 0.0000 0.0000 0.0000 -11.7505 9.0716 -5.3742 5.1592 13.5608 41.5059 1.7984 -10.9783 -24.1476 0.9503 -6.2081 -17.3895 0.0000 0.0000 0.0000 9.1175 8.4439 -21.3198 -4.5462 -12.8537 38.8234 -0.1826 5.4454 -7.9616 -1.3086 7.2462 -20.4469 -4.4879 -2.8219 14.3851 2.2014 -4.3180 -0.3100 5.7942 -1.8628 -7.9012 -18.6751 -11.7060 -9.0587 17.1637 -16.7428 18.0981 6.8476 -7.7062 10.3786 -0.0000 -0.0000 0.0000 -93.0870 -30.1673 59.7457 152.8334 -38.3376 -110.3977 -0.0000 0.0000 -12.4525 9.7299 9.9137 1.6910 -7.1250 0.0000 -0.0000 -15.0016 39.5921 2.0532 -0.0000 -0.0000 0.0000 65.0491 26.0437 13.3688 -161.2126 29.1537 -115.0732 0.0000 -0.0000 -16.2194 -12.8732 28.2965 -6.1830 7.1250 -0.0000 -0.0000 10.3533 -1.4792 10.2527
0.9456 17.2911 -0.5021 -2.8876 35.6090 -5.1473 0.0000 0.0000 0.0000 -10.7703 8.1838 -6.7201 5.3763 13.7955 42.4242 1.2373 -12.8488 -20.5362 1.1410 -6.7832 -19.0747 0.0000 0.0000 0.0000 9.3363 6.9922 -19.9515 -4.2247 -12.4535 37.3558 -0.2312 3.1338 -8.5425 -1.0698 6.5753 -18.4630 -4.2652 -2.9328 14.4489 1.8635 -4.4480 0.0126 5.3156 -1.9581 -7.6147 -19.4378 -11.7857 -7.7259 18.5032 -16.9962 16.3123 7.4406 -7.8653 9.7708 0.0000 0.0000 0.0000 -92.2659 -30.2049 59.6549 153.0272 -38.1533 -110.5177 -0.0000 0.0000 -12.7360 9.6110 10.6411 1.7910 -7.1250 0.0000 -0.0000 -15.2830 40.2927 1.8225 0.0000 0.0000 0.0000 65.8556 25.8140 13.2935 -161.3794 28.9445 -115.1542 0.0000 -0.0000 -16.3863 -11.8686 28.3693 -5.7025 7.1250 -0.0000 -0.0000 10.9473 -1.5457 10.8496
0.7743 17.4246 -0.3961 -3.1096 40.1175 -5.2280 0.0000 0.0000 0.0000 -9.0341 7.1385 -9.5214 5.9665 14.3958 44.8471 0.3527 -15.5305 -14.3559 1.3769 -7.4256 -20.9825 0.0000 0.0000 0.0000 9.9592 5.5313 -18.0931 -3.8157 -11.9111 35.4182 -0.2597 -0.2152 -9.7058 -1.1461 6.7980 -19.1184 -4.2907 -3.2171 14.8636 1.8174 -4.8443 0.0821 5.3860 -2.1449 -7.7276 -20.4861 -11.8893 -6.1703 19.3044 -17.2759 15.2539 7.9058 -8.1040 9.3675 0.0000 -0.0000 0.0000 -92.2803 -30.1061 60.1452 152.7716 -38.3961 -110.3594 -0.0000 0.0000 -13.0895 8.6243 10.9490 1.6501 -7.1250 0.0000 -0.0000 -16.2032 40.5076 1.8502 0.0000 -0.0000 0.0000 65.8165 25.0742 13.5411 -160.3245 30.2494 -114.6331 0.0000 -0.0000 -12.6098 -17.4077 31.7245 -9.3618 7.1250 -0.0000 -0.0000 8.0525 2.6701 8.5018
0.6084 17.5355 -0.3177 -4.3165 43.6337 -6.1101 0.0000 0.0000 0.0000 -6.3132 5.7837 -12.2718 6.6847 15.0606 47.6716 -0.2899 -17.6093 -9.4270 1.9907 -8.8467 -25.3170 0.0000 0.0000 0.0000 11.3707 4.6910 -16.4184 -3.4642 -11.4111 33.6791 -0.2342 -3.1093 -10.8318 -1.1518 6.8144 -19.1665 -3.4880 -2.9763 15.4733 1.7816 -4.4071 -0.1128 4.8675 -1.9331 -8.3963 -21.1595 -11.9266 -2.9040 20.2897 -17.8028 13.7425 8.4267 -8.5401 8.5501 0.0000 0.0000 0.0000 -92.5576 -29.9082 61.7688 152.3657 -38.7774 -110.1062 -0.0000 0.0000 -13.0868 8.9093 11.9120 1.8533 -7.1250 0.0000 -0.0000 -16.2214 41.4660 1.4568 0.0000 0.0000 0.0000 65.4508 23.4936 11.9830 -160.1755 30.4303 -114.5578 0.0000 -0.0000 -13.0620 -18.2420 32.2303 -9.9697 7.1250 -0.0000 -0.0000 7.6427 3.3325 8.1452
0.5021 17.5662 -0.2510 -6.8091 45.5103 -8.3464 0.0000 0.0000 0.0000 -2.9177 3.4646 -12.6454 7.1529 15.4593 49.4504 -0.6567 -20.3885 -8.2252 1.9735 -8.8107 -25.2048 0.0000 0.0000 0.0000 13.6444 4.2271 -15.1819 -3.3021 -11.1687 32.8509 -0.1971 -4.8608 -11.5864 -1.0611 6.5492 -18.3865 -1.6801 -2.7388 15.3062 2.2867 -3.7068 0.5725 4.1953 -1.6810 -7.7099 -21.7475 -12.4505 -1.9290 19.7035 -18.4129 12.7335 8.2223 -8.9548 8.1776 -0.0000 0.0000 0.0000 -92.8882 -31.3016 62.0629 151.6608 -39.4266 -109.6616 -0.0000 0.0000 -14.0728 8.9069 10.8010 1.6822 -7.1250 0.0000 -0.0000 -15.9237 40.3884 1.8646 -0.0000 0.0000 0.0000 64.2885 24.1061 10.1175 -159.8297 30.8470 -114.3816 0.0000 -0.0000 -15.6308 -16.2571 31.1648 -8.5816 7.1250 -0.0000 -0.0000 8.6436 1.9062 9.0284
0.4733 17.5518 -0.2843 -4.3819 46.4466 -7.0666 0.0000 0.0000 0.0000 -4.3405 2.1396 -11.6508 7.3865 15.6489 50.3215 -0.0758 -18.2507 -12.1325 1.5514 -7.8614 -22.2939 0.0000 0.0000 0.0000 11.4389 2.1344 -15.7467 -3.4064 -11.3256 33.3859 -0.2281 -3.5236 -11.0269 -1.2289 7.0305 -19.8057 -2.5532 -2.6406 15.5303 1.7098 -3.7856 0.4234 4.1080 -1.6895 -7.9735 -22.0186 -12.3382 -2.1337 17.9825 -18.0912 14.4369 7.7122 -8.8807 8.5431 -0.0000 0.0000 0.0000 -92.4210 -30.6612 61.0917 151.0083 -40.0133 -109.2447 -0.0000 0.0000 -13.2874 9.4642 9.7892 1.6235 -7.1250 0.0000 -0.0000 -15.1960 39.4492 2.1362 -0.0000 0.0000 0.0000 63.6762 25.3417 11.0328 -158.8504 32.0025 -113.8710 0.0000 -0.0000 -15.8970 -16.4775 30.8050 -8.6135 7.1250 -0.0000 -0.0000 8.4798 1.5843 8.8070
0.4521 17.5074 -0.3665 -3.6513 45.5860 -6.7812 0.0000 0.0000 0.0000 -4.4714 1.2970 -9.8173 7.5930 15.8116 51.0831 0.2109 -14.0710 -12.2053 1.4252 -7.5492 -21.3531 0.0000 0.0000 0.0000 10.7922 2.2446 -16.4908 -3.5966 -11.6033 34.3428 -0.2297 -2.8373 -10.5562 -1.5828 7.9368 -22.5224 -2.5661 -2.0308 15.5302 1.6675 -2.9816 0.4918 3.8966 -1.3014 -7.9680 -21.0191 -12.2628 -1.2622 16.3554 -17.8388 13.9325 7.0753 -8.8431 7.8972 -0.0000 -0.0000 0.0000 -92.8576 -31.1189 61.6678 150.7775 -40.2176 -109.0959 -0.0000 0.0000 -12.4024 8.8871 9.6775 1.5057 -7.1250 0.0000 -0.0000 -15.6553 39.2951 2.2658 -0.0000 -0.0000 0.0000 63.9525 25.8861 12.3463 -158.3783 32.5468 -113.6189 0.0000 -0.0000 -13.6721 -17.6545 29.7077 -8.9631 7.1250 -0.0000 -0.0000 7.6857 0.6869 7.8480
0.4829 17.4763 -0.4673 -1.3160 45.5668 -5.3243 0.0000 0.0000 0.0000 -6.4913 0.1559 -7.1712 7.3666 15.6330 50.2475 -0.0224 -12.4970 -8.4654 0.9597 -6.2379 -17.4762 0.0000 0.0000 0.0000 8.4384 1.2949 -17.2341 -3.7250 -11.7852 34.9763 -0.2460 -1.4315 -10.0050 -1.6308 8.0505 -22.8676 -3.6734 -1.8921 15.0131 1.5474 -2.9732 1.1162 4.3413 -1.2996 -6.9568 -21.9361 -12.4148 -2.7792 16.6256 -17.8031 14.4528 7.2190 -8.7778 8.4523 -0.0000 0.0000 0.0000 -93.6488 -32.1316 62.6001 150.8769 -40.1299 -109.1600 -0.0000 0.0000 -12.5027 8.6162 9.4789 1.4295 -7.1250 0.0000 -0.0000 -15.8343 39.0811 2.3794 -0.0000 0.0000 0.0000 63.1586 28.1113 12.4606 -157.4246 33.6213 -113.0982 0.0000 -0.0000 -12.1618 -17.4533 31.4094 -9.3053 7.1250 -0.0000 -0.0000 7.9901 2.3625 8.3934
0.4887 17.4215 -0.5888 -4.2688 43.6475 -7.2411 0.0000 0.0000 0.0000 -4.4169 -0.1431 -4.0658 6.6707 15.0482 47.6177 0.0463 -11.4385 -8.6815 1.6894 -8.1867 -23.2826 0.0000 0.0000 0.0000 10.8549 4.1245 -17.5040 -3.7960 -11.8839 35.3226 -0.2213 -2.5515 -10.2045 -1.6929 8.1947 -23.3070 -1.8295 -2.2307 14.9562 2.1578 -3.0693 0.5949 3.9871 -1.3747 -7.5394 -21.1880 -11.4904 -2.3895 16.1443 -16.6131 15.0571 7.1750 -8.2248 8.2126 0.0000 -0.0000 0.0000 -92.9172 -31.2518 61.7945 151.6189 -39.4647 -109.6350 -0.0000 0.0000 -13.3773 7.0749 11.3643 1.4009 -7.1250 0.0000 -0.0000 -17.6349 40.7721 1.9059 0.0000 -0.0000 0.0000 65.6001 27.6308 15.3886 -157.2750 33.7867 -113.0152 0.0000 -0.0000 -11.3442 -17.8858 32.5098 -9.8396 7.1250 -0.0000 -0.0000 7.8777 3.5457 8.4279
0.6122 17.3360 -0.7767 -1.7917 43.2645 -5.6303 0.0000 0.0000 0.0000 -8.2502 -0.9617 0.4267 5.3246 13.7403 42.2070 0.5482 -12.0031 -14.6135 2.4918 -9.8229 -28.4053 0.0000 0.0000 0.0000 7.7992 3.8487 -18.4071 -3.9699 -12.1202 36.1587 -0.2394 -1.0952 -9.7076 -1.1504 6.8103 -19.1545 -3.3389 -2.6700 14.4220 1.7904 -3.9429 0.0422 4.6130 -1.7444 -7.6928 -20.5662 -10.4074 -1.1387 15.7222 -15.3112 15.2743 7.2098 -7.6574 7.6997 -0.0000 -0.0000 0.0000 -93.2085 -29.6690 62.1924 151.3571 -39.7014 -109.4682 -0.0000 0.0000 -12.5862 8.4538 10.4455 1.5435 -7.1250 0.0000 -0.0000 -16.2154 40.0055 2.0589 -0.0000 -0.0000 0.0000 67.3741 26.3353 17.4330 -157.4476 33.5957 -113.1110 0.0000 -0.0000 -11.5578 -16.2994 30.4873 -8.4385 7.1250 -0.0000 -0.0000 8.5490 1.2358 8.8295
0.6901 17.2458 -0.9990 -0.4945 42.2766 -4.3255 0.0000 0.0000 0.0000 -10.4521 0.7736 1.9926 4.4185 12.6973 38.2459 1.1316 -10.7020 -19.3263 2.3955 -9.6453 -27.8357 0.0000 0.0000 0.0000 5.8253 4.7141 -20.1366 -4.2332 -12.4644 37.3953 -0.2423 -0.2308 -9.3829 -1.3570 7.3739 -20.8280 -4.1372 -2.8553 13.6908 1.9570 -4.2781 0.3610 5.2349 -1.9151 -6.8354 -20.1960 -10.6113 -3.7628 15.0145 -15.0992 16.0469 6.8034 -7.4577 8.2945 -0.0000 0.0000 0.0000 -94.2427 -30.9424 62.8354 151.0680 -39.9602 -109.2830 -0.0000 0.0000 -12.5193 8.1893 10.5840 1.5141 -7.1250 0.0000 -0.0000 -16.4758 40.1173 2.0472 -0.0000 0.0000 0.0000 67.0351 26.7215 16.5092 -157.3459 33.7084 -113.0546 0.0000 -0.0000 -12.0546 -15.1788 31.4256 -8.0511 7.1250 -0.0000 -0.0000 9.2836 1.9836 9.7263
0.7604 17.1606 -1.1714 2.2011 41.6857 -2.8547 0.0000 0.0000 0.0000 -13.0302 4.6707 3.1613 3.6599 11.6936 34.6563 1.5327 -10.3327 -22.2749 2.0760 -9.0226 -25.8661 0.0000 0.0000 0.0000 2.8380 5.0867 -20.9309 -4.5020 -12.8000 38.6243 -0.2491 0.6458 -9.2201 -1.4463 7.6025 -21.5132 -6.7580 -2.7998 13.2855 1.4428 -4.6645 -0.4145 6.2393 -1.9892 -7.2403 -19.8234 -9.5736 -0.3288 15.7258 -14.3404 15.3076 7.2777 -7.1906 7.3085 -0.0000 0.0000 0.0000 -94.2267 -29.2451 63.5821 151.1045 -39.9276 -109.3065 -0.0000 0.0000 -12.7054 7.3889 11.1531 1.4369 -7.1250 0.0000 -0.0000 -17.3088 40.5971 1.9456 -0.0000 0.0000 0.0000 67.2355 24.2997 15.9075 -157.4166 33.6301 -113.0938 0.0000 -0.0000 -12.2100 -14.9331 32.0096 -8.0464 7.1250 -0.0000 -0.0000 9.4813 2.5232 10.0255
0.8163 17.0976 -1.3616 2.7646 41.2572 -2.5781 0.0000 0.0000 0.0000 -14.2927 5.8779 3.9821 3.2031 11.0169 32.3368 1.9087 -8.9807 -24.7803 1.9599 -8.7820 -25.1157 0.0000 0.0000 0.0000 1.7336 6.0269 -21.4553 -4.6495 -12.9778 39.2855 -0.2280 0.1228 -8.9758 -1.0923 6.6417 -18.6581 -7.2098 -3.3191 13.3231 1.4515 -5.4317 -0.4845 6.6370 -2.3483 -7.1796 -20.6286 -9.0296 -1.1634 16.8269 -13.6448 15.9002 7.8717 -6.8083 7.6503 0.0000 -0.0000 0.0000 -94.2095 -29.6117 63.5608 150.7252 -40.2637 -109.0621 -0.0000 0.0000 -12.5473 8.2808 11.0277 1.5947 -7.1250 0.0000 -0.0000 -16.5166 40.5540 1.8688 0.0000 -0.0000 0.0000 67.1297 23.8916 15.6456 -157.2316 33.8346 -112.9911 0.0000 -0.0000 -11.2529 -15.3585 31.5717 -8.1834 7.1250 -0.0000 -0.0000 9.1964 2.1590 9.6598
0.8705 17.0581 -1.5496 1.4730 40.1782 -3.2164 0.0000 0.0000 0.0000 -14.0534 5.7632 4.1719 3.0735 10.8131 31.6521 2.1173 -9.8248 -26.1367 1.3043 -7.2350 -20.4134 0.0000 0.0000 0.0000 2.2903 7.5951 -21.8454 -4.5503 -12.8588 38.8421 -0.2100 -0.2088 -8.7325 -1.0933 6.6446 -18.6667 -6.0636 -3.6606 12.8134 2.0137 -5.6007 0.4126 6.5177 -2.5497 -5.9482 -20.8024 -9.6267 -5.7116 16.7851 -13.7668 17.1628 7.7010 -6.6633 8.9439 -0.0000 -0.0000 0.0000 -94.9633 -32.3515 63.7515 150.0110 -40.8839 -108.5976 -0.0000 0.0000 -12.2829 8.2798 10.3231 1.4938 -7.1250 0.0000 -0.0000 -16.3308 39.8726 2.1297 -0.0000 -0.0000 0.0000 65.9852 25.5202 13.7543 -157.0478 34.0365 -112.8885 0.0000 -0.0000 -12.5176 -13.4231 33.0456 -7.4150 7.1250 -0.0000 -0.0000 10.4292 3.3013 11.1953
0.9190 17.0536 -1.6866 0.8331 39.0305 -3.6781 0.0000 0.0000 0.0000 -14.3209 5.8578 4.0883 3.0835 10.8291 31.7056 2.2794 -8.6162 -27.1454 1.3080 -7.2448 -20.4427 0.0000 0.0000 0.0000 2.5505 9.3081 -21.5623 -4.3736 -12.6416 38.0412 -0.1286 -1.7198 -7.6344 -0.0193 0.8981 -2.4683 -5.7264 -3.7668 12.5837 2.2810 -5.6706 0.2048 6.6156 -2.5824 -6.0362 -20.3258 -9.3940 -5.4439 16.4800 -13.4819 17.1126 7.5630 -6.5337 8.7543 0.0000 -0.0000 0.0000 -95.7325 -32.0091 64.8143 149.2406 -41.5355 -108.0900 -0.0000 0.0000 -11.6045 9.5232 9.7776 1.6319 -7.1250 0.0000 -0.0000 -15.1434 39.4426 2.1310 0.0000 -0.0000 0.0000 65.3931 24.6272 13.3863 -157.0980 33.9815 -112.9166 0.0000 -0.0000 -11.6867 -18.6931 36.6755 -11.4250 7.1250 -0.0000 -0.0000 8.0162 7.8625 9.1214
0.9576 17.0567 -1.8138 1.1723 37.7923 -3.6567 0.0000 0.0000 0.0000 -15.2930 5.9626 4.0215 3.1719 10.9682 32.1726 2.3287 -8.1188 -27.4649 1.1471 -6.8010 -19.1270 0.0000 0.0000 0.0000 2.0758 10.1600 -21.3713 -4.2002 -12.4221 37.2421 -0.0944 -1.9602 -6.8739 -0.0200 0.9135 -2.5110 -5.7156 -3.7595 12.9406 2.0489 -5.7257 -0.7524 6.4683 -2.5279 -7.2838 -20.6558 -8.6243 -3.2570 17.1301 -12.8816 16.9833 8.0366 -6.3351 8.2471 -0.0000 0.0000 0.0000 -95.5543 -29.3851 64.9400 149.4852 -41.3306 -108.2519 -0.0000 0.0000 -11.2749 9.4953 9.3783 1.5612 -7.1250 0.0000 -0.0000 -15.0712 39.0504 2.2699 -0.0000 0.0000 0.0000 65.7758 22.3232 13.3350 -158.3509 32.5782 -113.6041 0.0000 -0.0000 -14.3204 -12.0917 29.0333 -5.9357 7.1250 -0.0000 -0.0000 10.8594 -0.8591 10.8938
0.9887 17.0571 -1.8788 0.4189 36.4418 -4.5216 0.0000 0.0000 0.0000 -14.8736 6.6922 4.2397 3.2132 11.0324 32.3891 2.3883 -7.7395 -27.8475 1.1842 -6.9060 -19.4372 0.0000 0.0000 0.0000 2.8691 11.3358 -20.3162 -3.9246 -12.0594 35.9424 -0.1012 -1.5979 -6.8217 -0.9575 6.2309 -17.4558 -4.6930 -4.0030 12.7506 2.2926 -5.8342 0.4173 6.0749 -2.6986 -5.9782 -20.1733 -9.2737 -8.2514 16.4467 -12.9142 17.9911 7.5374 -6.1319 9.4464 -0.0000 0.0000 0.0000 -95.8125 -31.3931 64.5506 149.4054 -41.3977 -108.1991 -0.0000 0.0000 -10.7183 8.9863 9.4103 1.4811 -7.1250 0.0000 -0.0000 -15.5068 39.0427 2.3423 -0.0000 0.0000 0.0000 65.4129 24.7192 12.8722 -157.8648 33.1295 -113.3404 0.0000 -0.0000 -14.3031 -11.8887 29.3895 -5.8986 7.1250 -0.0000 -0.0000 11.0010 -0.5356 11.1049
1.0231 17.0795 -1.9279 -0.0432 35.1773 -5.0306 0.0000 0.0000 0.0000 -14.6912 7.5313 4.7101 3.0995 10.8544 31.7905 2.4079 -7.5410 -27.9786 1.0367 -6.4760 -18.1718 0.0000 0.0000 0.0000 3.3825 11.4732 -20.0439 -3.7389 -11.8046 35.0441 -0.0755 -1.2682 -5.8215 -1.0952 6.6504 -18.6838 -4.3906 -4.1308 12.3553 2.5092 -5.9312 0.5221 6.1034 -2.7702 -5.6402 -19.0829 -9.1952 -8.2527 14.8584 -12.5802 17.4905 6.7984 -6.0261 9.0112 -0.0000 0.0000 0.0000 -96.0051 -31.3144 64.2627 149.4116 -41.3925 -108.2032 -0.0000 0.0000 -11.0051 9.4311 9.2607 1.5312 -7.1250 0.0000 -0.0000 -15.0974 38.9307 2.3198 -0.0000 0.0000 0.0000 65.0404 25.4212 13.3225 -156.7254 34.3878 -112.7072 0.0000 -0.0000 -12.4718 -15.2356 31.9563 -8.2029 7.1250 -0.0000 -0.0000 9.3053 2.5210 9.8339
1.0404 17.0730 -1.9724 -0.1140 34.0725 -5.1597 0.0000 0.0000 0.0000 -15.0003 7.8403 4.7856 3.0934 10.8447 31.7581 2.4621 -6.7961 -28.3648 1.0745 -6.5892 -18.5038 0.0000 0.0000 0.0000 3.4582 10.8771 -20.4688 -3.6536 -11.6846 34.6253 -0.0583 -0.1759 -4.6272 -1.4198 7.5353 -21.3113 -4.1472 -4.1941 12.2050 2.5090 -5.9773 0.5080 5.9594 -2.8015 -5.5903 -18.7169 -9.0560 -9.1626 14.5016 -12.2624 18.0183 6.6382 -5.8448 9.2489 -0.0000 -0.0000 0.0000 -96.0415 -31.0791 64.3177 149.2442 -41.5325 -108.0924 -0.0000 0.0000 -11.0116 10.3406 7.9016 1.4369 -7.1250 0.0000 -0.0000 -14.0329 37.6628 2.5962 -0.0000 -0.0000 0.0000 64.9892 25.7680 13.5724 -156.2786 34.8683 -112.4533 0.0000 -0.0000 -11.1729 -15.7163 31.1180 -8.2743 7.1250 -0.0000 -0.0000 8.9468 1.7672 9.3317
1.0488 17.0761 -2.0040 -0.1248 32.9953 -5.1986 0.0000 0.0000 0.0000 -15.2039 8.3365 4.7900 3.0807 10.8245 31.6903 2.5087 -6.3124 -28.6932 1.0006 -6.3657 -17.8492 0.0000 0.0000 0.0000 3.5063 11.1105 -20.6978 -3.5678 -11.5619 34.1992 -0.0436 0.4017 -3.8216 -1.5268 7.8016 -22.1132 -4.0013 -4.2711 12.3230 2.5144 -6.0666 0.2952 5.9234 -2.8330 -5.8857 -18.8032 -8.8689 -9.6055 14.6955 -11.9843 18.3488 6.7634 -5.6887 9.4116 0.0000 -0.0000 0.0000 -96.2329 -31.1478 64.2496 149.0330 -41.7079 -107.9522 -0.0000 0.0000 -10.6492 10.4253 8.0969 1.4845 -7.1250 0.0000 -0.0000 -14.0039 37.8609 2.5208 0.0000 -0.0000 0.0000 64.9068 26.0170 13.6214 -156.0641 35.0964 -112.3303 0.0000 -0.0000 -11.8825 -14.1950 30.4769 -7.3107 7.1250 -0.0000 -0.0000 9.7557 0.8817 10.0506
1.0500 17.0737 -2.0383 -0.1370 32.0603 -5.1829 0.0000 0.0000 0.0000 -15.2170 9.0897 4.5251 3.1033 10.8604 31.8104 2.5250 -6.3251 -28.7895 0.8784 -5.9750 -16.7119 0.0000 0.0000 0.0000 3.5327 11.5774 -20.7081 -3.4945 -11.4556 33.8321 -0.0364 0.6983 -3.4231 -1.2893 7.1949 -20.2941 -4.1003 -4.2476 12.3721 2.6716 -6.0415 0.2730 6.1487 -2.8147 -5.9124 -18.5363 -8.8153 -10.3644 14.5259 -11.8036 18.5073 6.6654 -5.5691 9.5447 0.0000 -0.0000 0.0000 -96.7995 -31.8593 64.6852 149.0259 -41.7139 -107.9474 -0.0000 0.0000 -10.6800 10.0744 7.9768 1.4124 -7.1250 0.0000 -0.0000 -14.2704 37.7190 2.6222 0.0000 -0.0000 0.0000 64.6480 26.5178 13.4980 -155.6586 35.5232 -112.0960 0.0000 -0.0000 -12.2926 -13.7047 31.1260 -7.1846 7.1250 -0.0000 -0.0000 10.0930 1.4488 10.5078
1.0638 17.0705 -2.0577 0.1625 30.9489 -4.7550 0.0000 0.0000 0.0000 -15.7426 9.6623 4.1398 3.1332 10.9076 31.9690 2.6071 -6.2819 -29.2810 0.6938 -5.3246 -14.8368 0.0000 0.0000 0.0000 3.2616 11.6384 -21.3605 -3.4874 -11.4452 33.7963 -0.0241 1.6639 -2.8215 -1.4760 7.6767 -21.7363 -4.1948 -4.3447 11.9357 2.6628 -6.1727 0.2684 6.1655 -2.8897 -5.6479 -17.7835 -8.5878 -11.1931 13.8825 -11.3631 18.7497 6.3532 -5.3347 9.6092 0.0000 0.0000 0.0000 -96.8326 -31.9372 64.8248 148.9909 -41.7428 -107.9241 -0.0000 0.0000 -10.6532 10.6031 7.9587 1.4848 -7.1250 0.0000 -0.0000 -13.8264 37.7368 2.5305 0.0000 0.0000 0.0000 64.8767 27.0229 13.9036 -155.6926 35.4877 -112.1157 0.0000 -0.0000 -12.2818 -13.0625 29.9985 -6.6169 7.1250 -0.0000 -0.0000 10.3669 0.2347 10.5837
1.0621 17.0585 -2.1042 0.1071 29.2387 -4.0361 0.0000 0.0000 0.0000 -16.2163 9.9705 2.8815 3.2695 11.1190 32.6822 2.7697 -5.6161 -30.3099 0.5465 -4.7361 -13.1574 0.0000 0.0000 0.0000 3.1587 12.8385 -22.6897 -3.4749 -11.4267 33.7329 -0.0044 2.2508 -1.8849 -1.0772 6.5972 -18.5274 -4.0091 -4.3398 11.8998 2.9378 -6.1263 -0.0118 6.3638 -2.8519 -5.9207 -17.4580 -8.2994 -11.7583 13.6505 -10.8624 18.6427 6.2739 -5.0777 9.5522 0.0000 -0.0000 0.0000 -97.1877 -32.2402 65.3001 148.9576 -41.7703 -107.9019 -0.0000 0.0000 -9.9018 11.4641 7.9303 1.6027 -7.1250 0.0000 -0.0000 -13.1022 37.7665 2.3824 0.0000 -0.0000 0.0000 65.0124 27.1952 14.8086 -155.3540 35.8400 -111.9183 0.0000 -0.0000 -12.1455 -13.9943 30.4398 -7.1963 7.1250 -0.0000 -0.0000 9.8676 0.8134 10.1577
1.0860 17.0304 -2.1481 0.0757 26.7298 -3.2758 0.0000 0.0000 0.0000 -16.5935 11.4752 1.1852 3.4538 11.3957 33.6262 2.9146 -5.2524 -31.1856 0.4968 -4.5187 -12.5406 0.0000 0.0000 0.0000 3.0243 13.4380 -24.7871 -3.5888 -11.5921 34.3040 0.0435 3.9563 -0.0539 -0.6713 5.2395 -14.5929 -3.3685 -4.2777 12.1518 3.0435 -5.9573 -0.6714 6.1680 -2.7356 -6.8427 -16.8000 -7.7240 -11.8495 13.0340 -10.0525 18.8641 6.0656 -4.7088 9.4275 -0.0000 0.0000 0.0000 -97.2356 -31.4374 65.2413 149.1924 -41.5756 -108.0580 -0.0000 0.0000 -9.5212 11.1016 8.4854 1.6585 -7.1250 0.0000 -0.0000 -13.5209 38.2912 2.2836 -0.0000 0.0000 0.0000 65.8492 25.6946 16.9894 -154.9847 36.2196 -111.7011 0.0000 -0.0000 -12.7486 -15.2534 30.6997 -7.9258 7.1250 -0.0000 -0.0000 9.1697 1.2731 9.4926
1.1168 16.9669 -2.1784 0.3644 23.1037 -2.6570 0.0000 0.0000 0.0000 -17.4021 13.5143 -0.2735 3.6769 11.7176 34.7401 3.1684 -4.7981 -32.6577 0.3805 -3.9614 -10.9682 0.0000 0.0000 0.0000 2.7181 13.4619 -28.0149 -3.9528 -12.0974 36.0773 0.1705 7.3045 2.9724 -0.4522 4.3141 -11.9620 -3.5618 -4.0492 12.4716 3.3013 -5.6716 -0.9125 6.5591 -2.5603 -7.2734 -16.0259 -6.8886 -12.4105 12.5936 -8.8630 19.0187 5.9431 -4.1215 9.3202 -0.0000 0.0000 0.0000 -97.1731 -31.2668 64.8924 149.5110 -41.3089 -108.2689 -0.0000 0.0000 -8.7509 11.3637 8.8839 1.7777 -7.1250 0.0000 -0.0000 -13.3859 38.7044 2.1208 -0.0000 0.0000 0.0000 67.2482 22.7088 20.9023 -154.1451 37.0651 -111.2000 0.0000 -0.0000 -14.2173 -17.4755 30.3778 -9.0461 7.1250 -0.0000 -0.0000 7.8616 1.3301 8.1181
1.1569 16.8890 -2.1854 0.8358 19.0495 -2.2727 0.0000 0.0000 0.0000 -18.4295 15.9743 -1.3932 3.8691 11.9841 35.6757 3.3725 -3.0384 -34.0847 0.5525 -4.7614 -13.2292 0.0000 0.0000 0.0000 2.0301 14.8051 -31.1456 -4.4233 -12.7034 38.2680 0.2172 8.8519 6.7216 -0.0398 1.2879 -3.5414 -3.9725 -4.0263 13.0190 3.4135 -5.7100 -0.9138 6.9755 -2.5481 -7.5289 -15.0838 -5.9929 -13.2546 12.2244 -7.6271 19.3255 5.8204 -3.4864 9.3227 -0.0000 0.0000 0.0000 -96.7059 -31.4261 63.9787 150.4009 -40.5472 -108.8519 -0.0000 0.0000 -8.9628 11.1643 12.5121 2.4483 -7.1250 0.0000 -0.0000 -14.4333 42.2667 0.9960 -0.0000 0.0000 0.0000 69.9237 17.2485 26.8983 -151.9239 39.1862 -109.8282 0.0000 -0.0000 -16.4534 -18.6881 30.7606 -9.8149 7.1250 -0.0000 -0.0000 7.2097 1.9365 7.5081
1.1738 16.7842 -2.1436 0.6355 15.1730 -2.3617 0.0000 0.0000 0.0000 -18.7339 17.9627 -2.3390 4.1514 12.3591 37.0146 3.5499 -0.2640 -35.7059 0.9079 -6.0718 -16.9929 0.0000 0.0000 0.0000 2.2900 16.1615 -34.3905 -5.1549 -13.5561 41.4875 0.4470 11.9889 6.9762 -0.8646 5.9291 -16.5788 -4.2627 -4.4274 13.3938 3.7953 -6.2693 -0.3708 7.6429 -2.8424 -6.9999 -13.5270 -4.7272 -15.0702 11.5202 -5.8262 19.5774 5.5376 -2.5469 9.3914 0.0000 -0.0000 0.0000 -95.1035 -33.0225 60.5984 150.7612 -40.2319 -109.0854 -0.0000 0.0000 -8.6812 11.2883 9.6469 1.9158 -7.1250 0.0000 -0.0000 -13.6183 39.4534 1.9026 0.0000 -0.0000 0.0000 72.9603 9.6486 33.0449 -147.1802 43.1911 -106.7015 0.0000 -0.0000 -17.8889 -19.2482 30.3720 -10.0124 7.1250 -0.0000 -0.0000 6.8415 1.6487 7.0856
1.1838 16.6499 -2.0347 0.9267 12.2058 -2.5987 0.0000 0.0000 0.0000 -19.2158 19.4247 -2.4538 4.4283 12.7095 38.2906 3.8108 0.7416 -37.3156 0.9936 -6.3439 -17.7856 0.0000 0.0000 0.0000 1.8598 17.5755 -36.8093 -5.7907 -14.2224 44.1358 0.7310 15.0339 7.4415 -1.2308 7.0359 -19.8217 -5.1637 -5.1213 14.0591 4.1635 -7.3342 -0.0730 8.7756 -3.3527 -6.7230 -11.5737 -3.4263 -17.0273 9.5814 -3.9171 21.0740 4.7995 -1.6752 9.9237 0.0000 -0.0000 0.0000 -92.9646 -33.7566 56.2835 151.9363 -39.1748 -109.8361 -0.0000 0.0000 -7.9426 10.6340 10.7751 2.0104 -7.1250 0.0000 -0.0000 -14.4431 40.5111 1.6375 0.0000 -0.0000 0.0000 75.0533 -0.9919 36.3902 -138.0882 49.1627 -100.1262 0.0000 -0.0000 -18.4345 -18.5800 30.7406 -9.7495 7.1250 -0.0000 -0.0000 7.2692 1.8962 7.5661
1.1886 16.5342 -1.8532 1.2145 10.0264 -2.7600 0.0000 0.0000 0.0000 -19.4145 20.7327 -1.7939 4.4892 12.7844 38.5668 3.9732 1.4599 -38.3326 1.0170 -6.4160 -17.9964 0.0000 0.0000 0.0000 1.5611 18.8088 -38.3543 -5.9390 -14.3690 44.7364 0.7731 15.3678 4.8937 -1.0547 6.5300 -18.3302 -5.6942 -5.9294 14.2759 4.2147 -8.4993 0.4419 9.2790 -3.9719 -5.9923 -10.4183 -1.6763 -16.9622 9.8077 -1.7871 20.0598 4.9329 -0.5623 9.2810 -0.0000 0.0000 0.0000 -89.3798 -35.2660 50.7245 152.6371 -38.5231 -110.2757 -0.0000 0.0000 -8.4340 10.9041 9.7276 1.8643 -7.1250 0.0000 -0.0000 -13.9628 39.5027 1.9356 -0.0000 0.0000 0.0000 77.2725 -11.3423 34.9028 -118.9754 56.5768 -84.8050 0.0000 -0.0000 -19.3665 -15.6903 27.9272 -7.4949 7.1250 -0.0000 -0.0000 8.6655 -1.4297 8.5456
1.1632 16.4269 -1.6113 1.7504 8.1513 -2.6179 0.0000 0.0000 0.0000 -19.5099 22.3983 -1.0434 4.4181 12.6969 38.2443 4.0945 1.2469 -38.8447 1.0895 -6.6335 -18.6341 0.0000 0.0000 0.0000 1.0400 20.2698 -39.3881 -5.6733 -14.1041 43.6559 0.3835 11.9484 -0.8450 -1.7875 8.4087 -23.9624 -6.5451 -6.4413 14.2580 4.3742 -9.3091 0.7432 9.9967 -4.4064 -5.3393 -9.4453 -0.7958 -17.7171 8.7364 -0.5369 20.6365 4.5690 -0.0129 9.4729 0.0000 -0.0000 0.0000 -85.8177 -36.3342 44.5211 153.2200 -37.9686 -110.6365 -0.0000 0.0000 -9.0131 10.8931 7.5304 1.4447 -7.1250 0.0000 -0.0000 -13.4968 37.3330 2.6042 0.0000 -0.0000 0.0000 80.1932 -19.6814 26.4332 -86.0852 59.9420 -56.6103 0.0000 -0.0000 -20.8691 -9.9695 26.3735 -4.4648 7.1250 -0.0000 -0.0000 11.9716 -3.7518 11.4191
1.1208 16.3255 -1.3185 2.7439 7.5376 -2.3058 0.0000 0.0000 0.0000 -19.8427 23.4068 0.2968 4.1855 12.4033 37.1740 4.1066 1.0851 -38.8513 1.3231 -7.2848 -20.5618 0.0000 0.0000 0.0000 -0.4830 21.2125 -39.9752 -5.1202 -13.5179 41.3394 0.1604 8.4911 -1.8936 -1.6399 8.0719 -22.9327 -7.8451 -6.9642 14.3736 4.5958 -10.2131 0.8347 11.0694 -4.8704 -4.8446 -9.5084 -0.0139 -16.9381 8.3448 0.6359 19.5279 4.5328 0.4886 8.8265 -0.0000 0.0000 0.0000 -82.0909 -37.0253 37.8899 154.0854 -37.1243 -111.1639 -0.0000 0.0000 -9.1258 11.7011 6.0256 1.2455 -7.1250 0.0000 -0.0000 -12.5432 35.8880 2.8655 -0.0000 0.0000 0.0000 83.8008 -24.9720 12.1775 -53.7100 54.3865 -29.1644 0.0000 -0.0000 -14.0441 -15.7246 25.6266 -6.9428 7.1250 -0.0000 -0.0000 8.4655 -3.7385 7.9847
1.0711 16.2172 -0.9553 3.9463 7.9565 -1.9933 0.0000 0.0000 0.0000 -20.0745 23.8843 2.3870 3.8662 11.9802 35.6620 4.1188 0.8654 -38.8417 1.5227 -7.7917 -22.0830 0.0000 0.0000 0.0000 -2.6503 21.5520 -40.1654 -4.6525 -12.9814 39.2989 0.3049 10.9300 -1.3022 -1.6998 8.2105 -23.3553 -8.7120 -7.1128 14.7993 4.7905 -10.5610 1.1888 11.8320 -5.0777 -4.4139 -10.2905 0.3262 -19.0165 8.5389 1.4964 19.4723 4.8742 0.8897 9.0897 -0.0000 0.0000 0.0000 -79.6073 -38.1689 32.3498 154.8678 -36.3389 -111.6319 -0.0000 0.0000 -9.3640 11.9279 5.4671 1.1530 -7.1250 0.0000 -0.0000 -12.2600 35.3432 2.9646 -0.0000 0.0000 0.0000 87.8418 -27.1000 -9.3145 -35.0228 44.8284 -14.8294 0.0000 -0.0000 -10.3243 -17.4890 26.0856 -7.8881 7.1250 -0.0000 -0.0000 7.4344 -3.0053 7.0953
0.9871 16.1287 -0.5339 3.9305 8.7651 -1.0357 0.0000 0.0000 0.0000 -18.8796 24.0203 3.6988 3.5791 11.5782 34.2558 4.0728 1.1553 -38.7128 2.0272 -8.9225 -25.5532 0.0000 0.0000 0.0000 -3.9358 22.6135 -40.9159 -4.4369 -12.7201 38.3297 0.4439 12.7285 -0.6501 -1.7700 8.3697 -23.8427 -8.7050 -7.4625 14.6343 5.6879 -10.9855 0.4512 12.9256 -5.2298 -4.8302 -10.4313 0.8012 -18.7093 6.3702 2.6558 19.7770 4.2752 1.1669 9.0613 0.0000 0.0000 0.0000 -77.7528 -36.4964 26.5435 156.6408 -34.4792 -112.6594 -0.0000 0.0000 -12.1623 9.8797 7.8811 1.3680 -7.1250 0.0000 -0.0000 -14.4118 37.6119 2.6884 0.0000 0.0000 0.0000 89.4420 -30.9298 -29.3735 -26.8470 38.0329 -9.4047 0.0000 -0.0000 -14.0528 -17.4298 25.2265 -7.6212 7.1250 -0.0000 -0.0000 7.3987 -3.8874 6.9392
0.8742 16.0214 -0.0148 4.1994 10.7680 -0.0423 0.0000 0.0000 0.0000 -17.3404 23.5888 5.8799 3.1988 11.0102 32.3141 4.0157 0.6888 -38.2961 2.3668 -9.5916 -27.6641 0.0000 0.0000 0.0000 -4.8091 21.5758 -41.3423 -4.6673 -12.9991 39.3650 0.3695 10.9115 1.7322 -2.2985 9.4620 -27.2516 -8.6323 -7.7173 13.8448 6.1598 -11.2432 0.1915 13.3119 -5.3800 -4.5228 -11.0259 1.8039 -18.8775 6.2493 4.2693 19.1603 4.4977 1.8899 8.7172 -0.0000 0.0000 0.0000 -75.9495 -35.9494 22.5301 157.7155 -33.2971 -113.2586 -0.0000 0.0000 -12.3823 9.3132 10.2936 1.6785 -7.1250 0.0000 -0.0000 -15.4484 39.9290 1.9858 -0.0000 0.0000 0.0000 91.1356 -34.6412 -42.8317 -23.7534 34.9024 -7.5650 0.0000 -0.0000 -14.7781 -18.6726 25.1719 -8.1798 7.1250 -0.0000 -0.0000 6.6365 -3.7470 6.2313
0.7213 15.9909 0.5241 4.1330 14.0220 1.7118 0.0000 0.0000 0.0000 -15.6045 20.7526 8.3358 2.6402 10.0884 29.2635 4.0416 -3.7345 -37.3172 1.4463 -7.6025 -21.5131 0.0000 0.0000 0.0000 -4.4919 18.2079 -43.6910 -5.7116 -14.1429 43.8129 0.4617 12.0997 2.3580 -1.5811 7.9328 -22.5100 -8.7726 -7.9701 13.2128 6.6891 -11.5458 -0.3417 13.9497 -5.5092 -4.5275 -11.1570 1.6716 -21.5091 5.9641 4.5160 20.3624 4.5720 1.9339 9.5921 0.0000 -0.0000 0.0000 -75.4077 -36.6577 21.0924 157.9851 -32.9939 -113.4061 -0.0000 0.0000 -11.0232 11.2656 7.0228 1.3951 -7.1250 0.0000 -0.0000 -13.0875 36.8537 2.6790 0.0000 -0.0000 0.0000 91.2686 -37.1979 -49.9741 -22.1066 33.0973 -6.6440 0.0000 -0.0000 -14.9856 -15.2160 25.5040 -6.6797 7.1250 -0.0000 -0.0000 8.7655 -3.9353 8.2420
0.5914 16.0699 1.0562 4.5339 19.1734 3.1938 0.0000 0.0000 0.0000 -14.1060 15.1999 12.2547 1.9007 8.6560 24.7251 3.4559 -5.1445 -34.1269 1.7314 -8.2826 -23.5759 0.0000 0.0000 0.0000 -3.2058 11.6567 -45.3865 -6.7508 -15.1184 47.9255 0.4189 11.3824 4.2613 -0.3701 3.9075 -10.8166 -8.1911 -7.5952 14.2067 6.1460 -11.0315 -0.8825 13.2507 -5.0964 -6.0399 -11.8998 0.0685 -24.4176 7.7595 2.4650 20.9675 5.1794 1.1497 10.4955 -0.0000 0.0000 0.0000 -77.1287 -38.7823 24.9074 158.2733 -32.6668 -113.5623 -0.0000 0.0000 -12.6853 8.3411 10.1169 1.4753 -7.1250 0.0000 -0.0000 -16.2259 39.6780 2.1955 -0.0000 0.0000 0.0000 91.3171 -36.8528 -58.2233 -20.5365 31.2833 -5.8074 0.0000 -0.0000 -17.4194 -15.1255 24.3140 -6.3504 7.1250 -0.0000 -0.0000 8.7442 -5.1457 8.0207
0.4293 16.2271 1.5901 4.3248 27.6646 4.5499 0.0000 0.0000 0.0000 -9.9239 10.3586 12.7120 1.6592 8.1169 23.0696 2.3160 -8.9365 -27.3622 2.0703 -9.0110 -25.8296 0.0000 0.0000 0.0000 -0.5429 2.5478 -45.4609 -7.2580 -15.5454 49.8435 0.4154 12.9061 -1.8566 -2.7710 10.3148 -30.0022 -7.4492 -7.5662 14.4057 5.5577 -10.9092 -1.1566 12.2440 -4.9858 -6.7409 -11.4308 -2.3052 -24.5064 7.6739 -0.9553 19.8996 4.5201 -0.3631 10.5164 -0.0000 0.0000 0.0000 -81.5743 -40.1969 32.8942 158.5713 -32.3253 -113.7224 -0.0000 0.0000 -13.2284 6.9452 11.7403 1.4198 -7.1250 0.0000 -0.0000 -17.8533 41.1203 1.7720 -0.0000 0.0000 0.0000 87.4884 -35.2674 -62.6031 -18.7788 29.1428 -4.9226 0.0000 -0.0000 -19.4917 -14.7548 23.5785 -6.0138 7.1250 -0.0000 -0.0000 8.9305 -5.9357 8.0599
0.2193 16.4849 2.0681 3.9370 37.3383 5.7491 0.0000 0.0000 0.0000 -5.3884 5.0996 8.6404 2.0735 9.0176 25.8503 1.1298 -12.3942 -19.6369 2.1045 -9.0804 -26.0471 0.0000 0.0000 0.0000 1.8199 -5.1481 -44.2059 -7.1487 -15.4558 49.4343 0.2239 10.3557 -2.7407 -1.6187 8.0221 -22.7813 -6.1446 -6.7584 15.5485 4.7976 -9.6909 -1.2054 10.7388 -4.3220 -8.0878 -13.7190 -6.1670 -22.8859 10.8754 -6.3764 17.1721 5.1399 -2.6364 10.0426 -0.0000 -0.0000 0.0000 -88.4741 -41.9572 44.9162 155.9017 -35.2681 -112.2367 -0.0000 0.0000 -12.3521 8.5714 8.6552 1.2994 -7.1250 0.0000 -0.0000 -15.6742 38.2774 2.6734 -0.0000 -0.0000 0.0000 80.5623 -33.2904 -63.6876 -17.3725 27.3463 -4.2571 0.0000 -0.0000 -19.6081 -15.4373 23.0037 -6.1593 7.1250 -0.0000 -0.0000 8.4747 -6.4256 7.5582
0.0611 16.7425 2.4117 4.0325 47.0677 6.3565 0.0000 0.0000 0.0000 -2.4732 -2.0907 3.1255 2.9989 10.6932 31.2521 0.3425 -13.4539 -13.2169 1.5980 -7.9730 -22.6321 0.0000 0.0000 0.0000 3.0812 -11.3883 -41.2711 -6.7241 -15.0951 47.8231 0.0070 7.8292 -5.3346 -2.1758 9.2230 -26.4955 -3.7523 -5.8904 17.1570 3.8013 -8.1683 -0.6689 8.2367 -3.6272 -9.2058 -17.4098 -9.6015 -18.4284 16.6560 -11.4655 11.9210 6.9489 -4.8061 8.7975 -0.0000 -0.0000 0.0000 -94.2082 -44.0363 55.8798 153.1547 -38.0312 -110.5964 -0.0000 0.0000 -14.1654 8.9594 8.9300 1.4019 -7.1250 0.0000 -0.0000 -15.4148 38.5730 2.5111 -0.0000 -0.0000 0.0000 68.9052 -31.2096 -60.9033 -17.4915 27.5012 -4.3119 0.0000 -0.0000 -23.5436 -17.1507 20.6185 -6.2023 7.1250 -0.0000 -0.0000 7.2615 -8.6274 6.1409
-0.1429 16.9278 2.6639 2.7040 52.4301 4.4626 0.0000 0.0000 0.0000 0.6442 -4.9767 -1.3415 3.6615 11.6958 34.6643 -0.0743 -15.1779 -9.8232 1.7342 -8.2891 -23.5957 0.0000 0.0000 0.0000 4.3657 -10.4352 -36.7271 -6.3526 -14.7615 46.3808 -0.2063 2.4376 -8.0826 -2.4424 9.7324 -28.1144 -1.6951 -4.0503 19.5610 2.8805 -5.3671 0.1336 5.6284 -2.3430 -10.3729 -18.3757 -12.1408 -12.7247 20.4150 -15.7674 7.2505 7.7733 -6.9595 7.5451 -0.0000 0.0000 0.0000 -96.9551 -45.1352 63.1767 151.0918 -39.9390 -109.2983 -0.0000 0.0000 -12.7550 8.1043 8.4772 1.2026 -7.1250 0.0000 -0.0000 -16.0207 38.0714 2.8201 -0.0000 0.0000 0.0000 51.7105 -28.3775 -55.8414 -18.2250 28.4443 -4.6559 0.0000 -0.0000 -25.8864 -20.5275 19.1815 -7.0135 7.1250 -0.0000 -0.0000 4.9977 -9.6636 4.1040
-0.3198 17.0193 2.8329 4.3185 54.3878 4.5305 0.0000 0.0000 0.0000 0.2608 -5.1197 -4.6810 3.9453 12.0872 36.0412 -0.4068 -14.6130 -4.6555 1.8510 -8.5485 -24.3929 0.0000 0.0000 0.0000 3.6708 -8.6422 -33.6525 -6.2231 -14.6411 45.8706 -0.2767 -0.9184 -10.3135 -2.1286 9.1289 -26.1995 -1.1718 -2.4429 20.8407 1.8556 -3.2140 1.0998 3.6459 -1.3782 -10.3012 -18.9574 -13.4070 -9.4692 21.9721 -17.9143 5.3533 8.1372 -8.1532 7.0616 -0.0000 0.0000 0.0000 -97.2216 -47.0124 64.9306 149.5827 -41.2484 -108.3162 -0.0000 0.0000 -11.7768 9.4871 5.4515 0.9096 -7.1250 0.0000 -0.0000 -14.2444 35.2036 3.5180 -0.0000 0.0000 0.0000 30.0476 -18.7488 -48.9682 -19.2019 29.6687 -5.1304 0.0000 -0.0000 -27.8558 -21.7098 18.6358 -7.2507 7.1250 -0.0000 -0.0000 4.1900 -10.0722 3.4020
-0.4435 17.0501 2.9369 5.8950 54.3030 4.7621 0.0000 0.0000 0.0000 -0.5616 -3.2454 -7.2799 4.7444 13.0900 39.7064 -0.3006 -11.9469 -3.1245 2.6221 -10.0566 -29.1603 0.0000 0.0000 0.0000 2.8573 -7.4504 -32.2062 -6.2172 -14.6356 45.8474 -0.2918 -1.5694 -10.9002 -1.7145 8.2442 -23.4583 0.4036 -1.4894 20.6790 1.3271 -1.6391 1.8416 1.6818 -0.7261 -9.5468 -20.4590 -13.7763 -7.2882 21.4942 -18.5472 5.3060 8.2029 -8.6545 6.8858 -0.0000 0.0000 0.0000 -96.4971 -48.1114 62.0903 149.7961 -41.0675 -108.4567 -0.0000 0.0000 -12.9961 9.9422 6.1622 1.0779 -7.1250 0.0000 -0.0000 -14.0097 35.9264 3.2031 -0.0000 0.0000 0.0000 8.0948 -3.0221 -43.3104 -19.5222 30.0624 -5.2899 0.0000 -0.0000 -23.9830 -22.7183 19.4717 -7.9452 7.1250 -0.0000 -0.0000 3.6018 -9.0414 2.9971
-0.5288 17.0860 2.9917 4.9160 51.8922 3.3560 0.0000 0.0000 0.0000 0.0368 -1.0790 -7.7319 5.4595 13.8833 42.7721 -0.1990 -8.9031 -1.1624 2.8664 -10.4755 -30.5308 0.0000 0.0000 0.0000 3.5723 -5.0092 -31.7006 -6.1832 -14.6035 45.7125 -0.2930 -0.9833 -10.6302 -0.4736 4.4138 -12.2439 4.6793 -0.4919 20.6937 0.9973 0.6121 2.0076 -1.7578 0.1666 -9.3702 -21.4194 -13.8076 -6.1861 19.7998 -18.5611 6.0134 7.8331 -8.8133 6.8019 -0.0000 -0.0000 0.0000 -96.6552 -48.1045 60.1610 149.7864 -41.0757 -108.4503 -0.0000 0.0000 -12.4078 10.3389 5.6334 1.0260 -7.1250 0.0000 -0.0000 -13.5860 35.4267 3.2715 -0.0000 -0.0000 0.0000 -11.6244 15.9654 -41.8270 -18.9930 29.4100 -5.0274 0.0000 -0.0000 -14.2765 -21.3744 20.2784 -7.7248 7.1250 -0.0000 -0.0000 4.5332 -8.3932 3.8353
-0.6081 17.1320 3.1080 7.0077 49.6904 5.8560 0.0000 0.0000 0.0000 -1.2440 0.3246 -8.5377 5.3425 13.7594 42.2821 -0.1724 -7.4937 1.1349 2.7054 -10.2021 -29.6336 0.0000 0.0000 0.0000 2.6482 -3.6516 -32.9935 -6.2031 -14.6223 45.7916 -0.2844 -0.1844 -10.1419 -0.5933 4.9311 -13.7121 7.9089 1.0294 21.0187 -0.7103 3.2245 0.7589 -6.2614 1.1244 -10.4908 -19.9465 -14.3603 -4.6662 17.5346 -19.5029 6.5972 6.7994 -9.3995 6.4972 -0.0000 0.0000 0.0000 -98.8655 -46.1317 65.0255 149.3582 -41.4372 -108.1679 -0.0000 0.0000 -11.0533 9.0095 5.9829 0.9468 -7.1250 0.0000 -0.0000 -14.7353 35.6989 3.4625 -0.0000 0.0000 0.0000 -21.4331 30.8020 -32.3945 -22.3764 33.3998 -6.7919 0.0000 -0.0000 -13.5821 -19.9772 23.6471 -8.2958 7.1250 -0.0000 -0.0000 5.6991 -5.1039 5.1958
-0.7457 17.1784 3.3666 10.3389 51.5207 9.1576 0.0000 0.0000 0.0000 -2.0700 -1.7973 -8.2592 4.8413 13.2028 40.1323 -0.1732 -7.4716 4.1231 3.0285 -10.7410 -31.4113 0.0000 0.0000 0.0000 1.2678 -3.6824 -33.2803 -6.4389 -14.8406 46.7187 -0.3524 -1.1725 -11.7006 -0.6732 5.2468 -14.6138 7.2242 1.9567 21.0265 -1.3368 4.2293 0.1284 -6.8828 1.5580 -11.0447 -19.7340 -15.7469 -3.3397 19.1594 -21.7053 5.2607 6.9961 -10.4727 6.4628 0.0000 -0.0000 0.0000 -102.0563 -44.0345 71.7047 149.6807 -41.1655 -108.3808 -0.0000 0.0000 -9.2088 8.6256 5.1573 0.7812 -7.1250 0.0000 -0.0000 -14.8852 34.8718 3.8094 0.0000 -0.0000 0.0000 -22.3339 43.8338 -24.5987 -30.4388 41.2665 -11.6979 0.0000 -0.0000 -13.1724 -17.4842 27.2939 -8.2191 7.1250 -0.0000 -0.0000 7.5452 -1.7810 7.3719
-0.8770 17.2028 3.6170 11.1169 55.2231 9.9738 0.0000 0.0000 0.0000 -0.6680 -4.5610 -7.6816 4.2713 12.5130 37.5717 -0.0860 -6.8524 7.2616 3.4502 -11.3905 -33.6084 0.0000 0.0000 0.0000 1.8503 -4.2494 -32.7256 -6.7460 -15.1142 47.9071 -0.3979 -3.2342 -13.5456 -1.0474 6.5082 -18.2663 6.1019 1.8780 21.3092 -0.1688 4.0229 -0.2679 -4.9108 1.5094 -11.8567 -20.6195 -16.3328 -1.6967 20.1762 -22.6661 3.7529 7.3982 -11.0378 6.1517 0.0000 0.0000 0.0000 -105.6101 -42.2440 76.2810 149.5358 -41.2880 -108.2853 -0.0000 0.0000 -8.9245 8.0165 5.5927 0.7864 -7.1250 0.0000 -0.0000 -15.4627 35.2650 3.8131 0.0000 0.0000 0.0000 -13.7411 55.6270 -12.5642 -42.4987 49.4825 -20.3189 0.0000 -0.0000 -10.6986 -14.5070 28.1012 -6.9488 7.1250 -0.0000 -0.0000 9.3780 -1.4365 9.2659
-0.9874 17.2191 3.8109 11.4341 58.6195 10.4643 0.0000 0.0000 0.0000 0.3655 -6.4469 -7.3240 3.8279 11.9278 35.4770 -0.0966 -7.2282 7.6287 4.1025 -12.2956 -36.7857 0.0000 0.0000 0.0000 2.5117 -4.6709 -32.1470 -6.9386 -15.2800 48.6419 -0.4616 -4.4271 -15.2244 -0.8141 5.7578 -16.0833 6.5747 1.7087 21.3875 -0.2431 3.9075 0.0578 -5.2213 1.4540 -11.5058 -19.6611 -17.3137 -0.9294 21.3989 -24.0155 1.7468 7.4888 -11.7312 5.7466 -0.0000 -0.0000 0.0000 -106.9382 -42.8090 79.2092 149.2567 -41.5221 -108.1007 -0.0000 0.0000 -9.4282 8.9575 5.1369 0.8086 -7.1250 0.0000 -0.0000 -14.6134 34.8683 3.7372 -0.0000 -0.0000 0.0000 7.9845 60.9355 4.3137 -54.6887 54.7200 -29.9617 0.0000 -0.0000 -7.3562 -12.5614 33.0459 -6.9278 7.1250 -0.0000 -0.0000 10.9081 3.1657 11.7033
-1.0624 17.2093 3.9678 13.1862 61.6020 12.4355 0.0000 0.0000 0.0000 0.0536 -7.6195 -7.5190 3.5644 11.5571 34.1826 -0.0497 -5.5550 6.1828 4.1263 -12.3266 -36.8974 0.0000 0.0000 0.0000 2.5360 -5.6720 -31.8970 -7.0484 -15.3725 49.0570 -0.5646 -5.2200 -17.0577 -0.6870 5.2990 -14.7632 6.3765 1.4906 21.3569 -0.6824 3.5126 0.3064 -5.4749 1.2891 -11.2374 -19.0505 -17.9926 0.0188 22.8577 -24.9489 -0.1520 7.7938 -12.2618 5.3541 -0.0000 0.0000 0.0000 -107.1684 -44.3342 79.9574 148.4983 -42.1463 -107.5948 -0.0000 0.0000 -8.9522 8.4656 5.3967 0.8020 -7.1250 0.0000 -0.0000 -15.0608 35.0974 3.7716 -0.0000 0.0000 0.0000 32.3597 58.4668 22.2587 -71.4471 58.6586 -44.0051 0.0000 -0.0000 -8.4462 -12.5498 31.1992 -6.5779 7.1250 -0.0000 -0.0000 10.7556 1.3450 11.2026
-1.0698 17.1706 4.0264 14.0495 63.4798 13.5957 0.0000 0.0000 0.0000 -0.3591 -8.5184 -7.6134 3.4756 11.4278 33.7367 -0.0539 -4.4182 3.3196 4.2010 -12.4232 -37.2461 0.0000 0.0000 0.0000 3.0602 -7.8359 -32.1775 -7.0734 -15.3934 49.1514 -0.5456 -6.1717 -17.5619 -1.7083 8.2299 -23.4147 6.1202 1.1447 20.9037 -0.7846 2.9453 0.7593 -5.2374 1.0836 -10.5531 -19.3205 -18.0722 0.2900 24.3538 -25.0708 -1.1292 8.2940 -12.3503 5.3185 0.0000 -0.0000 0.0000 -105.4653 -45.9161 77.9498 148.9297 -41.7933 -107.8834 -0.0000 0.0000 -9.4204 9.2913 5.0769 0.8294 -7.1250 0.0000 -0.0000 -14.3326 34.8261 3.6766 0.0000 -0.0000 0.0000 48.9955 52.9898 30.7383 -86.3451 59.9495 -56.8353 0.0000 -0.0000 -9.2367 -10.1788 32.3518 -5.4880 7.1250 -0.0000 -0.0000 12.1783 2.1361 12.9148
-1.0389 17.1529 4.0277 12.9470 64.1083 13.3540 0.0000 0.0000 0.0000 0.4296 -8.1993 -8.0000 3.3026 11.1695 32.8537 -0.0949 -5.4547 2.0803 4.0788 -12.2645 -36.6743 0.0000 0.0000 0.0000 3.9477 -8.9415 -33.1599 -7.0834 -15.4017 49.1890 -0.5199 -6.1784 -17.2710 -2.3331 9.5279 -27.4610 5.8728 1.3204 20.3322 0.0397 3.1665 0.9542 -4.2064 1.2524 -10.0509 -21.4307 -18.2444 0.1975 25.2375 -25.3232 -1.6037 8.7543 -12.4719 5.6656 -0.0000 -0.0000 0.0000 -104.5824 -46.6969 76.3022 149.7415 -41.1139 -108.4208 -0.0000 0.0000 -9.8627 8.2139 6.2639 0.9023 -7.1250 0.0000 -0.0000 -15.4399 35.9287 3.5485 -0.0000 -0.0000 0.0000 54.5280 46.1267 30.7601 -100.8308 59.5521 -69.3656 0.0000 -0.0000 -12.2803 -10.4680 30.5155 -5.3596 7.1250 -0.0000 -0.0000 11.8912 0.3779 12.2352
-0.9679 17.1345 3.9577 12.8764 63.6008 13.9499 0.0000 0.0000 0.0000 0.3382 -8.0181 -7.7159 3.1191 10.8854 31.8944 -0.1323 -6.5304 1.2111 3.9983 -12.1581 -36.2937 0.0000 0.0000 0.0000 3.5886 -9.4362 -34.3020 -7.0951 -15.4114 49.2330 -0.5402 -5.2109 -16.7653 -2.0607 8.9913 -25.7681 4.5218 1.2878 19.6539 0.6323 2.8351 1.0586 -2.6650 1.1891 -9.6901 -21.6202 -18.1160 -0.3583 24.6712 -24.9834 -1.7103 8.6288 -12.2802 5.5766 -0.0000 -0.0000 0.0000 -103.1184 -46.8996 74.2059 150.1324 -40.7796 -108.6770 -0.0000 0.0000 -9.3926 8.7922 5.5574 0.8581 -7.1250 0.0000 -0.0000 -14.8280 35.2713 3.6450 -0.0000 -0.0000 0.0000 58.3805 41.5417 28.8681 -112.2506 58.0441 -79.1430 0.0000 -0.0000 -13.2780 -9.8787 29.6250 -4.9201 7.1250 -0.0000 -0.0000 12.1762 -0.5721 12.3368
-0.8747 17.1068 3.8208 11.8657 62.5545 13.4047 0.0000 0.0000 0.0000 0.5471 -7.3417 -7.5102 3.0450 10.7675 31.4999 -0.2101 -8.3917 0.7224 3.8657 -11.9796 -35.6597 0.0000 0.0000 0.0000 3.5537 -9.6762 -35.0593 -7.0275 -15.3550 48.9784 -0.5125 -4.6088 -15.9967 -2.4752 9.7926 -28.3078 3.3324 0.8764 19.0710 1.7441 2.1185 1.2788 -0.5670 0.9446 -9.2639 -22.9329 -17.3697 -1.4731 23.9269 -23.7133 -1.4103 8.7388 -11.5949 5.6047 -0.0000 -0.0000 0.0000 -103.6637 -47.3177 72.7686 149.7653 -41.0937 -108.4364 -0.0000 0.0000 -7.9899 9.3970 4.7281 0.7815 -7.1250 0.0000 -0.0000 -14.1832 34.4888 3.7561 -0.0000 -0.0000 0.0000 58.3287 39.8306 25.6772 -122.0054 55.7515 -87.3221 0.0000 -0.0000 -15.2970 -10.0120 29.0488 -4.8995 7.1250 -0.0000 -0.0000 12.0682 -1.1198 12.1033
-0.7441 17.1029 3.6484 10.7027 60.9228 12.3499 0.0000 0.0000 0.0000 0.6635 -6.3563 -6.5249 2.9155 10.5571 30.8002 -0.3394 -10.6254 0.9652 3.1799 -10.9808 -32.2151 0.0000 0.0000 0.0000 3.3254 -9.3071 -35.1199 -6.8594 -15.2123 48.3405 -0.4480 -4.3483 -14.9911 -2.5558 9.9386 -28.7781 2.3171 0.1623 18.7918 2.4563 1.0262 1.2195 1.0757 0.4850 -9.2382 -24.1003 -16.4070 -2.6469 23.2023 -22.2893 0.2426 8.8545 -10.8216 5.9957 -0.0000 -0.0000 0.0000 -104.3127 -47.4565 71.3028 149.1620 -41.6009 -108.0379 -0.0000 0.0000 -7.0734 8.1279 6.2783 0.8948 -7.1250 0.0000 -0.0000 -15.5130 35.9379 3.5628 -0.0000 -0.0000 0.0000 57.4439 40.2041 22.5052 -130.5500 52.7713 -94.2644 0.0000 -0.0000 -16.7087 -10.9946 29.3935 -5.4469 7.1250 -0.0000 -0.0000 11.5188 -0.6535 11.6249
-0.5788 17.1229 3.4258 9.3200 58.5901 10.8904 0.0000 0.0000 0.0000 0.6892 -4.1964 -5.5130 2.7127 10.2148 29.6751 -0.6245 -14.4833 0.7784 2.5385 -9.9076 -28.6781 0.0000 0.0000 0.0000 2.8440 -7.6434 -34.3416 -6.5168 -14.9111 47.0221 -0.3539 -4.5231 -13.8213 -2.4673 9.7782 -28.2615 1.1758 -0.7382 17.7791 3.0526 -0.3797 1.5945 2.7143 -0.1279 -8.2470 -23.4213 -15.3753 -4.3730 21.2246 -20.5250 1.7006 8.3460 -9.8888 5.9681 0.0000 -0.0000 0.0000 -105.5392 -48.6192 70.6335 147.4894 -42.9505 -106.9126 -0.0000 0.0000 -6.6640 9.1655 5.3731 0.8656 -7.1250 0.0000 -0.0000 -14.4901 35.1101 3.6160 0.0000 -0.0000 0.0000 55.8668 43.5942 18.6788 -137.8302 49.3042 -99.9308 0.0000 -0.0000 -18.0536 -12.7460 27.7662 -6.0156 7.1250 -0.0000 -0.0000 10.3935 -2.0230 10.1910
-0.3818 17.1170 3.1339 7.7944 55.6823 9.1858 0.0000 0.0000 0.0000 -0.0589 -4.7455 -2.6999 2.5624 9.9505 28.8167 -0.5760 -15.3664 -2.5734 1.5955 -7.9672 -22.6145 0.0000 0.0000 0.0000 2.2731 -5.7995 -33.5367 -6.1270 -14.5503 45.4892 -0.2703 -4.4373 -12.4715 -2.5398 9.9100 -28.6857 1.8562 -0.9921 17.7160 2.2232 -0.6673 1.2352 1.5070 -0.3149 -8.6100 -21.2797 -14.6386 -4.5315 19.9762 -19.6999 3.3476 7.7788 -9.4773 5.9422 0.0000 0.0000 0.0000 -106.0686 -48.2361 72.0307 147.1077 -43.2471 -106.6518 -0.0000 0.0000 -7.2599 9.0751 6.3972 1.0196 -7.1250 0.0000 -0.0000 -14.7650 36.1080 3.3178 0.0000 0.0000 0.0000 52.8168 46.0076 10.6616 -142.7182 46.3744 -103.5563 0.0000 -0.0000 -18.9765 -12.4153 32.0864 -6.6699 7.1250 -0.0000 -0.0000 10.9052 2.1991 11.5233
-0.1545 17.1184 2.8121 6.4493 52.7350 7.3041 0.0000 0.0000 0.0000 -0.9462 -3.0845 -0.6312 2.5288 9.8900 28.6212 -0.4396 -15.3042 -4.9977 1.4716 -7.6657 -21.7032 0.0000 0.0000 0.0000 1.5680 -3.7826 -32.0831 -5.6506 -14.0810 43.5627 -0.1948 -4.2889 -11.0349 -2.7249 10.2358 -29.7437 1.0278 -1.5396 16.6616 2.8860 -1.5313 1.6841 2.8544 -0.6943 -7.4877 -21.8851 -13.7262 -5.5656 19.4600 -18.3176 4.8119 7.8730 -8.7686 6.2756 0.0000 -0.0000 0.0000 -107.8277 -49.0274 72.2740 146.5726 -43.6560 -106.2838 -0.0000 0.0000 -7.1525 9.6560 6.0870 1.0336 -7.1250 0.0000 -0.0000 -14.2289 35.8366 3.2879 0.0000 -0.0000 0.0000 48.4168 49.4533 5.2208 -147.5277 42.9205 -106.9387 0.0000 -0.0000 -19.6858 -13.0406 30.8730 -6.7778 7.1250 -0.0000 -0.0000 10.4497 1.0965 10.8281
0.1036 17.0725 2.4228 5.3099 49.3402 5.8952 0.0000 0.0000 0.0000 -2.3369 -0.9838 0.6221 2.6067 10.0294 29.0721 -0.3935 -16.1155 -6.6599 1.6950 -8.1995 -23.3218 0.0000 0.0000 0.0000 0.6868 -2.0467 -31.4955 -5.2331 -13.6416 41.8202 -0.1186 -3.6669 -8.9044 -2.6594 10.1222 -29.3733 1.5009 -1.5309 16.7997 1.9826 -1.5070 0.1050 1.6603 -0.7217 -9.3216 -19.5744 -12.2464 -0.4686 19.2359 -17.2121 4.2057 7.9845 -8.4821 4.7681 0.0000 -0.0000 0.0000 -106.9464 -45.6044 73.2149 147.0219 -43.3132 -106.5930 -0.0000 0.0000 -7.7177 10.5168 5.5576 1.0300 -7.1250 0.0000 -0.0000 -13.4272 35.3610 3.2535 0.0000 -0.0000 0.0000 46.8086 47.0633 0.7822 -150.9427 40.0716 -109.2024 0.0000 -0.0000 -20.0232 -14.8031 31.1420 -7.7824 7.1250 -0.0000 -0.0000 9.4694 1.6397 9.8708
0.3775 16.9896 2.0099 5.0115 45.7189 4.7009 0.0000 0.0000 0.0000 -4.2441 1.5294 2.1817 2.7393 10.2606 29.8247 -0.1121 -16.3123 -10.2801 1.8763 -8.6035 -24.5626 0.0000 0.0000 0.0000 -0.9116 -0.2231 -30.7008 -4.8471 -13.2095 40.1577 -0.0821 -2.3997 -6.8501 -2.7423 10.2657 -29.8414 1.0678 -2.4454 16.5988 2.0833 -2.8030 0.9752 2.2841 -1.3280 -8.2106 -19.5403 -11.8455 -5.2141 18.7342 -16.1055 6.5224 7.6801 -7.6827 6.0044 -0.0000 0.0000 0.0000 -106.9471 -47.7951 72.0940 147.4988 -42.9432 -106.9190 -0.0000 0.0000 -9.0454 9.1489 7.8128 1.2542 -7.1250 0.0000 -0.0000 -15.0031 37.4965 2.8486 -0.0000 0.0000 0.0000 41.8534 49.6014 -4.7271 -151.8247 39.2771 -109.7655 0.0000 -0.0000 -19.9599 -15.7776 32.0320 -8.5230 7.1250 -0.0000 -0.0000 9.0077 2.6887 9.5368
0.6094 16.8731 1.6538 5.0660 42.1644 3.4551 0.0000 0.0000 0.0000 -5.6596 5.3893 2.9332 2.8948 10.5227 30.6866 0.1167 -17.6733 -13.4952 2.1641 -9.1997 -26.4222 0.0000 0.0000 0.0000 -2.5057 2.0174 -29.8321 -4.5913 -12.9083 39.0261 -0.0633 -1.1683 -5.3351 -3.1602 10.9501 -32.1116 -0.5388 -2.8602 16.4059 1.9516 -3.6713 1.2510 3.2235 -1.7050 -7.6858 -19.5862 -10.7695 -6.1332 19.4063 -14.6862 7.6694 8.0998 -6.9108 6.2967 -0.0000 -0.0000 0.0000 -105.5011 -47.3333 70.0771 147.9920 -42.5535 -107.2538 -0.0000 0.0000 -8.9193 8.1504 8.1656 1.1653 -7.1250 0.0000 -0.0000 -15.9096 37.7724 2.9200 -0.0000 -0.0000 0.0000 42.3069 48.3008 -3.9536 -155.2618 35.9352 -111.8642 0.0000 -0.0000 -20.0282 -15.5977 25.6886 -6.8999 7.1250 -0.0000 -0.0000 8.5469 -3.6945 8.0702
0.7951 16.7716 1.2532 4.1595 38.6116 2.0968 0.0000 0.0000 0.0000 -6.3526 8.9992 2.0296 3.3104 11.1814 32.8941 0.5588 -18.0693 -17.3386 2.4494 -9.7452 -28.1556 0.0000 0.0000 0.0000 -3.1030 5.0982 -29.6796 -4.3098 -12.5616 37.7490 -0.0195 -1.3711 -3.5093 -3.2313 11.0604 -32.4840 -0.8616 -2.5792 16.5120 1.5766 -3.3994 1.0480 2.9587 -1.5655 -7.9836 -20.2522 -10.1846 -7.0223 21.6018 -14.2678 9.7992 9.0683 -6.5501 7.2780 -0.0000 0.0000 0.0000 -104.6277 -45.1956 70.0969 148.1373 -42.4374 -107.3520 -0.0000 0.0000 -7.8477 10.3973 6.5081 1.1914 -7.1250 0.0000 -0.0000 -13.7037 36.2930 3.0037 -0.0000 0.0000 0.0000 44.9352 43.7839 -2.8874 -156.1081 35.0497 -112.3556 0.0000 -0.0000 -19.3030 -15.8521 27.4214 -7.4503 7.1250 -0.0000 -0.0000 8.5275 -1.9127 8.3318
0.9860 16.6943 0.8787 4.3448 36.2135 1.2770 0.0000 0.0000 0.0000 -8.2999 11.1513 1.8158 3.6101 11.6227 34.4099 1.1776 -16.6956 -21.1843 2.3333 -9.5283 -27.4622 0.0000 0.0000 0.0000 -4.5357 7.2055 -28.7905 -3.8890 -12.0113 35.7718 0.0115 -2.0530 -1.5652 -2.8311 10.4164 -30.3361 -2.0994 -2.7469 16.1289 1.6503 -3.8348 1.5943 3.7828 -1.7619 -7.0711 -18.8940 -10.3910 -7.1408 20.2120 -14.3935 9.1454 8.2922 -6.6343 6.8895 -0.0000 -0.0000 0.0000 -104.0099 -44.0535 68.0070 149.4631 -41.3492 -108.2373 -0.0000 0.0000 -11.0197 8.1337 7.7123 1.0988 -7.1250 0.0000 -0.0000 -15.8196 37.3313 3.0794 -0.0000 -0.0000 0.0000 47.2344 40.0455 -1.1852 -156.4771 34.6556 -112.5665 0.0000 -0.0000 -16.8128 -18.5013 31.7505 -9.9865 7.1250 -0.0000 -0.0000 7.4367 2.8992 7.8686
1.1609 16.6457 0.5449 4.1307 33.7185 0.2431 0.0000 0.0000 0.0000 -10.1406 12.0702 2.8939 3.5595 11.5500 34.1581 1.7860 -14.8246 -24.6246 2.1277 -9.1272 -26.1941 0.0000 0.0000 0.0000 -5.2777 9.9230 -27.5353 -3.4729 -11.4238 33.7228 0.0325 -3.3452 -0.1643 -2.5739 9.9711 -28.8833 -2.9383 -2.6201 16.4347 1.7349 -3.8273 1.2690 4.3823 -1.7161 -7.5303 -18.8324 -10.1572 -6.7202 19.9973 -14.1702 9.5392 8.2654 -6.5552 6.8648 -0.0000 0.0000 0.0000 -103.4613 -41.3105 67.2956 149.9743 -40.9154 -108.5735 -0.0000 0.0000 -10.6792 10.2593 5.7614 1.0409 -7.1250 0.0000 -0.0000 -13.6746 35.5488 3.2521 -0.0000 0.0000 0.0000 50.1857 34.7804 0.8694 -156.8060 34.3002 -112.7527 0.0000 -0.0000 -16.3364 -18.8142 32.0732 -10.2547 7.1250 -0.0000 -0.0000 7.3006 3.2838 7.7687
1.3146 16.5979 0.2561 3.9268 31.7124 -0.6446 0.0000 0.0000 0.0000 -11.9873 12.3023 4.4619 3.3038 11.1713 32.8599 2.4146 -12.5750 -28.0712 1.6765 -8.1569 -23.1918 0.0000 0.0000 0.0000 -5.8240 12.2367 -26.4296 -3.1049 -10.8630 31.8191 0.0498 -4.8117 1.1657 -2.1915 9.2540 -26.5931 -3.8847 -2.7080 15.8376 2.0805 -4.0598 1.9164 5.2634 -1.8485 -6.3891 -18.8205 -10.3150 -8.5849 20.0812 -14.1611 9.8916 8.2236 -6.4364 7.3147 0.0000 0.0000 0.0000 -102.9180 -41.1442 66.5059 150.4295 -40.5224 -108.8705 -0.0000 0.0000 -10.1911 8.4019 8.7735 1.2906 -7.1250 0.0000 -0.0000 -15.8433 38.3801 2.6628 0.0000 0.0000 0.0000 51.6809 30.8898 0.0040 -158.1171 32.8445 -113.4778 0.0000 -0.0000 -17.4586 -16.8452 30.9193 -8.8430 7.1250 -0.0000 -0.0000 8.2819 1.7626 8.6222
1.4315 16.6049 0.0039 3.0168 30.0733 -1.1360 0.0000 0.0000 0.0000 -13.0120 12.1265 4.8186 3.1615 10.9519 32.1179 2.8687 -10.0942 -30.5459 1.5422 -7.8391 -22.2264 0.0000 0.0000 0.0000 -5.3588 13.1241 -26.5846 -2.8612 -10.4668 30.5022 0.0515 -5.6283 2.1420 -1.2788 7.1666 -20.2098 -3.8607 -3.0048 15.4903 2.5245 -4.4180 1.4929 5.7926 -2.0077 -6.5776 -18.7693 -10.1265 -9.1573 19.6373 -13.8457 10.6162 8.0983 -6.2685 7.5360 -0.0000 0.0000 0.0000 -101.9040 -40.5223 65.8017 150.8332 -40.1684 -109.1319 -0.0000 0.0000 -9.1645 9.0791 8.6601 1.3784 -7.1250 0.0000 -0.0000 -15.2519 38.3186 2.5813 -0.0000 0.0000 0.0000 52.3575 28.4099 -0.1078 -158.1128 32.8493 -113.4755 0.0000 -0.0000 -16.2947 -17.9554 32.2915 -9.8218 7.1250 -0.0000 -0.0000 7.8115 3.3399 8.3294
1.4968 16.6217 -0.1652 1.6894 28.6051 -1.8406 0.0000 0.0000 0.0000 -12.7029 11.6189 4.2197 3.3850 11.2936 33.2765 2.8923 -10.5659 -30.6732 1.1689 -6.8628 -19.3096 0.0000 0.0000 0.0000 -3.5790 12.6358 -27.6078 -2.9674 -10.6421 31.0822 0.0300 -3.8882 1.1201 -0.9543 6.2209 -17.4268 -3.7849 -3.2732 14.9218 3.0165 -4.7182 1.2188 6.3044 -2.1527 -6.4847 -18.2037 -9.7359 -9.6918 19.4711 -13.3729 11.3323 8.0168 -5.9907 7.7056 0.0000 0.0000 0.0000 -101.6486 -41.2698 65.6360 150.8914 -40.1170 -109.1694 -0.0000 0.0000 -9.5856 8.8926 8.2699 1.2892 -7.1250 0.0000 -0.0000 -15.3178 37.9250 2.7457 0.0000 0.0000 0.0000 51.8807 28.3000 -0.9496 -158.0149 32.9601 -113.4223 0.0000 -0.0000 -16.5896 -18.2483 31.6666 -9.8202 7.1250 -0.0000 -0.0000 7.5696 2.7672 7.9950
1.5414 16.6697 -0.2683 0.4529 26.9115 -2.5987 0.0000 0.0000 0.0000 -12.3922 11.6591 4.5217 3.3546 11.2481 33.1211 2.9887 -9.2194 -31.2253 1.0911 -6.6381 -18.6477 0.0000 0.0000 0.0000 -1.2845 12.2193 -28.5169 -3.3738 -11.2768 33.2193 0.0008 1.3618 1.8448 -0.6221 5.0472 -14.0433 -3.5270 -3.4318 14.7137 3.3432 -4.8649 0.7126 6.5516 -2.2036 -6.8871 -18.2450 -9.5050 -9.8995 19.9925 -13.2444 12.2551 8.2555 -5.8748 8.0598 -0.0000 -0.0000 0.0000 -101.7178 -41.5626 66.0667 150.5884 -40.3837 -108.9736 -0.0000 0.0000 -7.1456 10.8695 9.5347 1.8218 -7.1250 0.0000 -0.0000 -13.9477 39.3100 2.0011 -0.0000 -0.0000 0.0000 51.6196 28.4254 -1.5558 -157.6475 33.3732 -113.2212 0.0000 -0.0000 -17.3738 -17.3904 30.8649 -9.1279 7.1250 -0.0000 -0.0000 7.9643 1.8045 8.2907
1.5890 16.7371 -0.3074 -0.1017 26.0653 -3.1070 0.0000 0.0000 0.0000 -13.0285 10.5688 6.1467 3.0812 10.8254 31.6932 3.0979 -6.4081 -32.0445 1.0832 -6.6151 -18.5799 0.0000 0.0000 0.0000 0.3138 11.9599 -28.1540 -3.6888 -11.7344 34.7987 0.0228 2.6798 1.0728 -0.9023 6.0537 -16.9403 -3.2758 -3.7999 14.3882 3.2066 -5.3235 0.1738 6.3514 -2.4148 -7.2617 -17.6385 -9.4195 -10.4880 20.0624 -13.3455 13.4781 8.1816 -5.8352 8.5491 -0.0000 0.0000 0.0000 -101.8194 -41.7235 66.1692 150.1525 -40.7623 -108.6901 -0.0000 0.0000 -6.6985 11.1197 8.2558 1.6166 -7.1250 0.0000 -0.0000 -13.4573 38.0654 2.3488 -0.0000 0.0000 0.0000 51.2379 28.5954 -2.3326 -157.2432 33.8219 -112.9975 0.0000 -0.0000 -17.6261 -18.0352 30.7577 -9.4538 7.1250 -0.0000 -0.0000 7.5831 1.8131 7.8878
1.6157 16.8058 -0.2963 -0.0522 25.9528 -2.8841 0.0000 0.0000 0.0000 -13.8244 9.6189 7.3252 2.7512 10.2809 29.8913 3.0632 -4.5115 -32.1323 1.0428 -6.4944 -18.2258 0.0000 0.0000 0.0000 1.0248 11.6686 -27.5591 -3.5357 -11.5155 34.0390 0.0042 1.2455 0.9700 -1.1317 6.7565 -18.9961 -3.4570 -4.1948 13.6482 2.9601 -5.8942 -0.5318 6.2655 -2.6702 -7.5443 -17.2686 -9.4674 -10.9478 19.8787 -13.5650 14.6162 8.0375 -5.8862 9.0141 -0.0000 0.0000 0.0000 -102.6465 -41.2732 66.8249 149.6180 -41.2186 -108.3395 -0.0000 0.0000 -6.9907 10.7712 7.2090 1.3676 -7.1250 0.0000 -0.0000 -13.5333 37.0075 2.7222 -0.0000 0.0000 0.0000 51.1851 28.5079 -2.8584 -156.2578 34.8905 -112.4414 0.0000 -0.0000 -17.1612 -19.4274 31.7973 -10.5277 7.1250 -0.0000 -0.0000 6.9188 3.1248 7.3382
1.6358 16.8358 -0.2351 -0.1689 26.1341 -2.5515 0.0000 0.0000 0.0000 -13.9470 9.2090 7.7847 2.5587 9.9439 28.7953 3.0252 -4.3123 -31.9572 0.9679 -6.2637 -17.5515 0.0000 0.0000 0.0000 1.3528 11.1900 -27.0584 -3.1868 -10.9915 32.2513 -0.0091 0.2213 1.8957 -1.7259 8.2702 -23.5379 -3.4967 -4.7075 12.4926 2.9512 -6.5658 -0.8699 6.2888 -3.0124 -7.1695 -17.4816 -9.7224 -12.4576 19.9465 -13.8282 15.4811 8.0421 -5.9163 9.6725 -0.0000 0.0000 0.0000 -103.5227 -42.1645 66.8610 148.3278 -42.2843 -107.4803 -0.0000 0.0000 -6.5389 11.1412 7.3332 1.4399 -7.1250 0.0000 -0.0000 -13.2514 37.1536 2.6144 -0.0000 0.0000 0.0000 50.8046 28.4780 -4.2119 -155.5066 35.6817 -112.0075 0.0000 -0.0000 -18.7565 -15.2145 28.3445 -7.3574 7.1250 -0.0000 -0.0000 8.9810 -1.0855 8.9201
1.6299 16.8256 -0.1726 -0.7034 25.7468 -2.4762 0.0000 0.0000 0.0000 -13.2277 9.6511 7.5559 2.5667 9.9581 28.8412 3.0754 -4.5814 -32.1872 0.9359 -6.1624 -17.2563 0.0000 0.0000 0.0000 1.5268 13.2994 -26.1729 -3.0932 -10.8444 31.7570 -0.0021 0.1834 0.9517 -2.2107 9.2919 -26.7127 -3.2852 -4.8030 11.7427 2.7760 -6.6720 -1.8532 5.9938 -3.0331 -7.8365 -17.2167 -9.5894 -10.8168 19.8915 -13.8989 15.2695 8.0050 -6.0372 9.2760 0.0000 -0.0000 0.0000 -104.4119 -41.7631 67.3225 146.7385 -43.5301 -106.3982 -0.0000 0.0000 -6.4396 11.1839 7.0964 1.3992 -7.1250 0.0000 -0.0000 -13.1694 36.9217 2.6740 0.0000 -0.0000 0.0000 51.6471 26.3856 -4.4809 -153.8835 37.3235 -111.0418 0.0000 -0.0000 -18.4497 -17.0851 28.8077 -8.4246 7.1250 -0.0000 -0.0000 7.9251 -0.3181 7.9576
1.6476 16.7865 -0.1433 -1.3549 24.8596 -2.9258 0.0000 0.0000 0.0000 -12.4461 10.5567 7.5510 2.6505 10.1065 29.3224 3.1771 -4.9864 -32.6741 0.8662 -5.9346 -16.5948 0.0000 0.0000 0.0000 2.2795 12.9996 -26.5550 -3.1691 -10.9639 32.1581 0.0144 2.1862 1.3325 -2.5537 9.9349 -28.7661 -2.8205 -4.8393 11.7248 2.7528 -6.6589 -2.4738 5.7584 -3.0081 -8.5565 -16.8206 -9.2422 -10.2424 19.5049 -13.5595 15.7746 7.8848 -5.9094 9.1985 0.0000 -0.0000 0.0000 -105.1611 -40.6934 67.7387 144.0383 -45.4868 -104.5048 -0.0000 0.0000 -6.5844 11.8341 5.3458 1.1184 -7.1250 0.0000 -0.0000 -12.3160 35.2176 3.0172 0.0000 -0.0000 0.0000 53.1988 24.4570 -4.1139 -152.3920 38.7528 -110.1227 0.0000 -0.0000 -19.8821 -16.7852 28.2846 -8.1342 7.1250 -0.0000 -0.0000 8.0513 -0.8952 8.0043
1.6893 16.7431 -0.1318 -1.9761 22.6489 -3.3360 0.0000 0.0000 0.0000 -12.0367 11.9834 7.6726 2.7243 10.2347 29.7402 3.3179 -4.6246 -33.4885 0.7564 -5.5545 -15.4971 0.0000 0.0000 0.0000 3.2689 13.3178 -27.2759 -3.2074 -11.0235 32.3591 0.0438 3.8157 2.3375 -2.2297 9.3291 -26.8302 -2.0728 -4.7251 11.9079 3.0154 -6.3696 -2.3027 5.5836 -2.8993 -8.5575 -16.7721 -9.3543 -12.9946 18.9988 -13.3692 16.7050 7.6691 -5.6903 9.9561 -0.0000 0.0000 0.0000 -105.4706 -41.9611 66.7799 140.6736 -47.6657 -102.0603 -0.0000 0.0000 -6.5863 11.5075 5.6379 1.1458 -7.1250 0.0000 -0.0000 -12.6332 35.4919 3.0117 -0.0000 0.0000 0.0000 55.6586 23.5878 -2.0520 -149.5003 41.3179 -108.2619 0.0000 -0.0000 -19.6743 -17.6201 28.4783 -8.6116 7.1250 -0.0000 -0.0000 7.5788 -0.5600 7.5711
1.7426 16.6960 -0.1444 -1.8720 20.1528 -3.4509 0.0000 0.0000 0.0000 -12.8578 13.0087 7.7008 2.8199 10.3976 30.2741 3.4585 -2.5039 -34.6535 0.8869 -6.0031 -16.7933 0.0000 0.0000 0.0000 3.5204 13.2686 -28.2187 -3.2135 -11.0330 32.3911 0.0978 5.8663 4.2079 -1.5496 7.8571 -22.2808 -1.8688 -4.5786 12.4868 3.0825 -6.1385 -2.3077 5.5671 -2.7783 -8.9340 -16.2963 -9.0880 -15.1492 18.2075 -12.7694 17.8458 7.3809 -5.3197 10.5437 -0.0000 0.0000 0.0000 -105.1571 -41.6103 65.4409 135.7773 -50.3820 -98.3617 -0.0000 0.0000 -5.8289 11.8644 6.2002 1.2998 -7.1250 0.0000 -0.0000 -12.4402 36.0709 2.7843 -0.0000 0.0000 0.0000 59.5852 20.4791 1.4689 -145.9682 44.1083 -105.8648 0.0000 -0.0000 -20.0128 -17.2259 28.0208 -8.2873 7.1250 -0.0000 -0.0000 7.7664 -1.0885 7.6888
1.8028 16.6872 -0.1654 -1.7741 17.6799 -3.2684 0.0000 0.0000 0.0000 -14.0096 13.5010 7.9829 2.7733 10.3188 30.0153 3.6003 -1.1038 -35.7307 0.7176 -5.4134 -15.0916 0.0000 0.0000 0.0000 3.6123 14.3461 -28.6960 -3.1351 -10.9106 31.9789 0.1453 7.0871 4.9189 -1.9028 8.6606 -24.7392 -2.0658 -4.6607 12.6532 3.5042 -6.2443 -2.3372 6.1716 -2.8049 -8.9835 -15.9782 -8.3544 -16.0856 17.7056 -11.5662 18.0954 7.3387 -4.7432 10.5063 -0.0000 0.0000 0.0000 -105.2795 -40.0062 63.7947 129.3872 -53.2397 -93.3357 -0.0000 0.0000 -5.4132 12.0421 4.0223 0.8573 -7.1250 0.0000 -0.0000 -11.9330 33.9054 3.3083 -0.0000 0.0000 0.0000 63.6169 16.8625 6.5469 -139.3130 48.4717 -101.0480 0.0000 -0.0000 -20.1519 -18.1054 28.3105 -8.8140 7.1250 -0.0000 -0.0000 7.2762 -0.6465 7.2526
1.8668 16.6863 -0.1786 -1.8984 15.4160 -2.6933 0.0000 0.0000 0.0000 -14.7644 14.1940 7.3205 2.7945 10.3547 30.1333 3.6202 0.5040 -36.2919 0.9039 -6.0589 -16.9554 0.0000 0.0000 0.0000 3.7089 15.6983 -29.5479 -3.0594 -10.7906 31.5770 0.1401 7.2506 5.8032 -1.2060 6.9671 -19.6178 -2.1480 -4.6893 12.4101 3.8852 -6.2609 -2.8763 6.6523 -2.7732 -9.3822 -15.0811 -7.3120 -14.6317 17.1240 -10.3101 17.7574 7.1780 -4.2315 9.7650 -0.0000 0.0000 0.0000 -105.0484 -37.7778 61.8091 122.6979 -55.5471 -87.8939 -0.0000 0.0000 -6.7978 11.7236 7.2865 1.5077 -7.1250 0.0000 -0.0000 -12.7587 37.1439 2.5162 -0.0000 0.0000 0.0000 67.9899 10.6710 11.0767 -129.1353 53.3383 -93.1338 0.0000 -0.0000 -21.9927 -17.7799 28.3807 -8.6667 7.1250 -0.0000 -0.0000 7.4750 -0.6315 7.4561
1.9347 16.6741 -0.1817 -1.8194 13.7110 -2.3336 0.0000 0.0000 0.0000 -15.0449 15.4679 6.4855 2.9398 10.5969 30.9321 3.7009 -0.3909 -36.4342 0.8592 -5.9111 -16.5268 0.0000 0.0000 0.0000 3.7546 16.2629 -30.1182 -3.0273 -10.7391 31.4048 0.1684 7.8815 6.1687 -1.5130 7.7679 -22.0113 -2.5029 -5.1495 12.1207 4.3747 -6.8939 -2.6508 7.4346 -3.0813 -8.7889 -14.0910 -6.1232 -15.1795 16.4808 -8.6544 17.9251 7.0162 -3.4272 9.5313 0.0000 -0.0000 0.0000 -104.5795 -36.6607 58.6111 114.7063 -57.5630 -81.2212 -0.0000 0.0000 -7.2363 13.2968 7.1565 1.6864 -7.1250 0.0000 -0.0000 -11.4253 37.1122 2.2532 0.0000 -0.0000 0.0000 71.7743 6.9496 14.7335 -110.2913 58.3856 -77.4776 0.0000 -0.0000 -23.3763 -16.9091 27.1625 -7.9010 7.1250 -0.0000 -0.0000 7.8761 -2.0072 7.6690
1.9686 16.6589 -0.1813 -1.6342 12.5629 -2.1521 0.0000 0.0000 0.0000 -14.9436 16.2102 5.5219 3.2448 11.0811 32.5540 3.5833 -1.1178 -35.6401 1.3520 -7.3608 -20.7887 0.0000 0.0000 0.0000 3.5477 16.9934 -30.8566 -3.1843 -10.9876 32.2381 0.1855 8.2288 6.3487 -1.1910 6.9253 -19.4942 -3.1768 -5.9200 13.2503 4.8957 -8.0035 -2.8184 8.7436 -3.5351 -9.3061 -12.9879 -5.0008 -15.8547 15.3012 -7.0636 18.5586 6.6313 -2.6884 9.4973 0.0000 -0.0000 0.0000 -103.5013 -34.4222 54.0228 110.0016 -58.4330 -77.2308 -0.0000 0.0000 -8.2016 13.9795 6.1433 1.5261 -7.1250 0.0000 -0.0000 -10.6861 36.1307 2.3636 0.0000 -0.0000 0.0000 74.3377 1.7159 18.2698 -85.6979 59.9299 -56.2751 0.0000 -0.0000 -23.8305 -16.9740 26.1082 -7.6504 7.1250 -0.0000 -0.0000 7.7471 -3.0634 7.3909
1.9787 16.5913 -0.1957 -1.4517 11.5094 -1.8983 0.0000 0.0000 0.0000 -14.5882 16.8264 3.4909 3.9616 12.1091 36.1190 3.5222 -3.7275 -34.7230 1.4696 -7.6607 -21.6881 0.0000 0.0000 0.0000 3.4854 17.2194 -32.5689 -3.5692 -11.5640 34.2064 0.2647 9.4116 6.1096 -1.5874 7.9479 -22.5559 -3.8714 -6.4286 14.5082 5.3233 -8.7900 -2.7699 9.9348 -3.8372 -9.6779 -11.8888 -3.9797 -16.7521 14.4512 -5.6651 19.0353 6.3358 -2.0043 9.5369 -0.0000 0.0000 0.0000 -102.5229 -32.4252 50.2369 110.2185 -58.3976 -77.4156 -0.0000 0.0000 -8.5150 13.5271 6.4763 1.5544 -7.1250 0.0000 -0.0000 -11.1155 36.4413 2.3757 -0.0000 0.0000 0.0000 76.8326 -2.8381 19.0161 -60.7664 56.5107 -34.9795 0.0000 -0.0000 -23.0206 -17.7420 25.4284 -7.8224 7.1250 -0.0000 -0.0000 7.2253 -3.6334 6.8082
1.9640 16.4910 -0.1723 -0.9268 10.5257 -2.1196 0.0000 0.0000 0.0000 -14.3331 18.0409 1.7387 4.8130 13.1701 40.0085 3.4506 -5.3784 -34.0630 1.7945 -8.4242 -24.0102 0.0000 0.0000 0.0000 3.0868 17.6523 -34.1968 -4.1548 -12.3636 37.0307 0.3621 10.7495 5.9025 -1.5159 7.7751 -22.0331 -4.8831 -6.6307 15.9482 5.5055 -9.2654 -1.9796 10.9320 -4.0469 -9.3415 -11.4975 -3.4630 -18.3157 14.4782 -4.8309 18.4896 6.3783 -1.5314 9.5056 0.0000 0.0000 0.0000 -101.8164 -31.3959 46.8576 113.2768 -57.8504 -80.0128 -0.0000 0.0000 -9.0322 12.1857 6.4059 1.3802 -7.1250 0.0000 -0.0000 -12.2123 36.2941 2.6634 0.0000 0.0000 0.0000 79.9335 -7.2920 16.0833 -44.2137 50.3774 -21.6314 0.0000 -0.0000 -25.0951 -16.2358 24.0020 -6.7554 7.1250 -0.0000 -0.0000 8.0405 -5.3063 7.3367
1.9174 16.3629 -0.0846 -0.2004 10.2177 -2.4389 0.0000 0.0000 0.0000 -14.0817 18.6228 1.2289 5.4153 13.8367 42.5872 3.4161 -6.6847 -33.7065 2.1555 -9.1827 -26.3684 0.0000 0.0000 0.0000 2.2922 18.5691 -35.6301 -4.9539 -13.3317 40.6231 0.3894 11.0045 4.8286 -0.9813 6.3057 -17.6739 -5.9204 -6.7401 16.2082 5.4249 -9.6156 -0.4228 11.3215 -4.3631 -7.5339 -11.6407 -3.2342 -19.8505 15.0067 -4.2809 17.0981 6.6325 -1.1837 9.2482 -0.0000 0.0000 0.0000 -101.0281 -32.0553 44.4419 118.1551 -56.7818 -84.1196 -0.0000 0.0000 -9.5202 11.9008 6.9447 1.4597 -7.1250 0.0000 -0.0000 -12.5466 36.8148 2.5760 -0.0000 0.0000 0.0000 84.0431 -11.6247 9.5616 -34.5425 44.4826 -14.4918 0.0000 -0.0000 -24.9001 -16.9585 23.9018 -7.0433 7.1250 -0.0000 -0.0000 7.5873 -5.3047 6.9156
1.8626 16.1810 0.0487 1.0539 10.1178 -2.6666 0.0000 0.0000 0.0000 -14.4013 19.4065 1.8337 5.6441 14.0743 43.5361 3.6061 -7.6195 -34.5820 2.3890 -9.6332 -27.7968 0.0000 0.0000 0.0000 1.0416 18.8494 -37.5324 -6.1186 -14.5423 45.4557 0.4450 11.8304 2.6831 -1.3066 7.2412 -20.4318 -7.2875 -6.7612 17.2728 5.2710 -9.9604 0.2083 12.0786 -4.5362 -7.1452 -11.8885 -2.8531 -19.9785 14.9651 -3.5458 16.1336 6.7218 -0.8606 8.8338 -0.0000 0.0000 0.0000 -99.6452 -32.0269 41.3095 123.3941 -55.3355 -88.4672 -0.0000 0.0000 -9.0733 12.3635 4.3884 0.9609 -7.1250 0.0000 -0.0000 -11.7301 34.2854 3.1396 -0.0000 0.0000 0.0000 87.4411 -17.3910 1.7958 -28.0944 39.2030 -10.1833 0.0000 -0.0000 -24.5739 -16.7051 23.5185 -6.8291 7.1250 -0.0000 -0.0000 7.7179 -5.7305 6.9737
1.7524 16.0218 0.2077 0.4715 10.1821 -2.3162 0.0000 0.0000 0.0000 -12.9433 19.8566 1.6443 5.7642 14.1959 44.0278 3.9496 -8.3224 -36.2229 2.2012 -9.2732 -26.6537 0.0000 0.0000 0.0000 1.3696 20.9761 -39.8729 -7.3516 -15.6210 50.1919 0.3139 10.6877 -0.4430 -1.7706 8.3710 -23.8468 -6.9270 -7.0876 17.6601 5.5741 -10.3076 0.5468 12.2989 -4.7493 -6.9012 -11.1322 -2.1213 -20.6649 13.7086 -2.4271 16.2456 6.2916 -0.3900 8.7913 0.0000 -0.0000 0.0000 -96.7252 -31.5103 36.9003 130.3008 -52.8735 -94.0658 -0.0000 0.0000 -9.4838 10.7680 5.7979 1.1006 -7.1250 0.0000 -0.0000 -13.2661 35.6119 3.1295 0.0000 -0.0000 0.0000 90.7445 -22.7911 -6.2921 -23.2737 34.3868 -7.2923 0.0000 -0.0000 -23.5571 -15.7912 25.1461 -6.8525 7.1250 -0.0000 -0.0000 8.3911 -4.2133 7.8380
1.6715 15.8325 0.5032 3.4643 13.2114 -2.2207 0.0000 0.0000 0.0000 -15.0564 18.6495 4.0186 5.5506 13.9782 43.1502 4.2708 -6.6942 -37.9360 2.7901 -10.3473 -30.1088 0.0000 0.0000 0.0000 -1.7891 18.1806 -41.1698 -8.8606 -16.7171 55.6066 0.2715 11.8390 -3.6344 -1.6768 8.1576 -23.1937 -9.0736 -7.8460 18.1786 4.7250 -11.8513 0.5644 12.8460 -5.4805 -6.5406 -10.9649 -1.3777 -20.4692 13.0134 -1.3132 16.2247 6.1490 0.0682 8.5819 -0.0000 0.0000 0.0000 -93.9462 -30.2871 32.6906 136.8627 -49.8226 -99.1944 -0.0000 0.0000 -11.3225 9.2715 6.0563 0.9867 -7.1250 0.0000 -0.0000 -14.5365 35.7852 3.3816 -0.0000 0.0000 0.0000 94.2489 -28.1773 -16.8523 -20.2018 30.8847 -5.6346 0.0000 -0.0000 -22.4868 -17.3271 24.1547 -7.2753 7.1250 -0.0000 -0.0000 7.3783 -4.9933 6.7656
1.4712 15.7300 0.8628 2.7772 14.7146 -1.8985 0.0000 0.0000 0.0000 -12.2964 18.4814 5.1048 5.2897 13.7028 42.0598 4.3087 -7.9807 -37.9683 2.8797 -10.4977 -30.6040 0.0000 0.0000 0.0000 -0.5316 19.3585 -42.1348 -10.0985 -17.4649 59.8170 -0.0460 9.8867 -7.6833 -2.1077 9.0869 -26.0675 -9.3924 -7.8202 18.0085 5.2911 -11.8395 0.3706 13.6487 -5.4659 -6.4730 -11.1108 -0.9484 -20.8287 12.5455 -0.6156 17.2735 6.1433 0.3451 8.9012 -0.0000 0.0000 0.0000 -91.3180 -29.4829 29.2886 141.9272 -46.8857 -102.9813 -0.0000 0.0000 -10.8526 9.4428 8.7213 1.4446 -7.1250 0.0000 -0.0000 -14.9622 38.4046 2.4970 -0.0000 0.0000 0.0000 97.7272 -32.5024 -29.3804 -18.8338 29.2116 -4.9495 0.0000 -0.0000 -23.7879 -14.9666 23.4718 -6.0777 7.1250 -0.0000 -0.0000 8.7933 -6.0155 7.9194
1.2993 15.7007 1.2794 3.2260 18.4112 -1.1461 0.0000 0.0000 0.0000 -10.6039 16.7701 7.3517 4.6534 12.9825 39.3031 4.0128 -10.7314 -36.3856 2.6039 -10.0245 -29.0561 0.0000 0.0000 0.0000 -0.2585 17.1794 -42.0551 -10.8992 -17.8854 62.4540 -0.3263 8.7611 -11.0892 -2.0717 9.0139 -25.8388 -9.9962 -8.1800 17.1144 5.2673 -12.3705 0.4700 13.8016 -5.8090 -5.6055 -11.2760 -0.8320 -21.4248 12.3646 -0.2972 17.2617 6.1591 0.4804 8.9597 0.0000 0.0000 0.0000 -89.2955 -30.0087 26.3161 146.1926 -43.9416 -106.0207 -0.0000 0.0000 -13.7809 9.4517 8.9726 1.4873 -7.1250 0.0000 -0.0000 -15.0126 38.6508 2.4124 0.0000 0.0000 0.0000 99.9411 -33.3480 -42.5100 -17.7399 27.8229 -4.4272 0.0000 -0.0000 -24.3082 -13.7692 24.3436 -5.7681 7.1250 -0.0000 -0.0000 9.5788 -5.2962 8.7801
1.1006 15.8445 1.7266 2.9433 23.8141 0.3527 0.0000 0.0000 0.0000 -8.3359 13.1698 8.3767 3.8880 12.0098 35.7668 3.2835 -12.7888 -32.7882 2.4014 -9.6564 -27.8711 0.0000 0.0000 0.0000 0.9504 13.3156 -41.8893 -11.0553 -17.9621 62.9611 -0.5467 7.4731 -13.3915 -1.4856 7.7005 -21.8082 -9.5576 -8.1238 16.9393 5.2863 -12.2124 -0.1842 13.6259 -5.6327 -6.3678 -11.4579 -1.6930 -22.3854 12.6667 -1.4028 17.3288 6.1793 0.0093 9.3109 -0.0000 0.0000 0.0000 -89.2061 -31.0232 28.1839 148.4592 -42.1781 -107.5686 -0.0000 0.0000 -12.8126 7.9971 9.9652 1.3927 -7.1250 0.0000 -0.0000 -16.4768 39.5036 2.3049 -0.0000 0.0000 0.0000 100.6327 -33.1784 -53.7307 -16.7899 26.5800 -3.9929 0.0000 -0.0000 -27.8908 -15.7236 21.6846 -5.9389 7.1250 -0.0000 -0.0000 8.2247 -7.7238 7.1204
0.9214 16.1312 2.1762 2.9292 32.6906 1.8808 0.0000 0.0000 0.0000 -6.1589 6.7955 8.2778 3.2710 11.1214 32.6904 2.2271 -12.9944 -27.0170 2.9178 -10.5608 -30.8124 0.0000 0.0000 0.0000 2.5203 5.6247 -39.9542 -10.4641 -17.6627 61.0286 -0.7357 5.9932 -15.2895 -1.7088 8.2311 -23.4182 -8.5349 -7.9243 16.4959 4.9409 -11.7264 -0.2381 12.5405 -5.3954 -6.6021 -12.8409 -4.0102 -22.5012 14.5007 -4.4025 15.5466 6.6024 -1.2765 9.2245 -0.0000 0.0000 0.0000 -91.6421 -34.2169 35.5149 148.9414 -41.7836 -107.8912 -0.0000 0.0000 -13.3557 7.7224 11.1912 1.5076 -7.1250 0.0000 -0.0000 -17.0361 40.6628 1.8842 -0.0000 0.0000 0.0000 98.8282 -31.1229 -62.3387 -15.0109 24.1613 -3.2304 0.0000 -0.0000 -27.7312 -15.9241 21.4356 -5.9526 7.1250 -0.0000 -0.0000 8.0852 -7.9511 6.9606
0.7581 16.5446 2.5772 2.4810 42.5115 3.2689 0.0000 0.0000 0.0000 -3.2762 -0.1671 6.0147 2.9733 10.6517 31.1139 0.8640 -14.4948 -18.1797 2.2366 -9.3424 -26.8722 0.0000 0.0000 0.0000 4.7217 -2.2035 -37.6129 -9.2118 -16.9421 56.8196 -0.7630 4.0018 -15.6369 -1.6216 8.0290 -22.8023 -6.3467 -7.0482 16.7309 4.5271 -10.1727 -0.7209 10.7776 -4.5571 -8.1252 -14.9356 -7.2279 -19.9683 16.8668 -8.6808 12.2589 7.0683 -3.2870 8.5657 -0.0000 0.0000 0.0000 -96.0921 -36.1498 46.8447 147.5584 -42.8964 -106.9596 -0.0000 0.0000 -13.0138 7.4486 10.9562 1.4234 -7.1250 0.0000 -0.0000 -17.2036 40.4132 2.0138 -0.0000 0.0000 0.0000 94.4646 -31.1258 -65.0916 -14.7629 23.8148 -3.1296 0.0000 -0.0000 -29.5017 -17.0538 19.7701 -5.9238 7.1250 -0.0000 -0.0000 7.2801 -9.5080 6.0277
0.5809 16.9934 2.8963 3.0263 50.7769 4.7186 0.0000 0.0000 0.0000 -1.3816 -5.9167 2.3029 3.0131 10.7163 31.3288 -0.0181 -13.4909 -9.2434 2.0821 -9.0350 -25.9048 0.0000 0.0000 0.0000 5.7992 -6.1038 -34.6270 -7.9853 -16.1085 52.5098 -0.6419 1.0595 -14.8099 -1.3585 7.3777 -20.8392 -5.0898 -5.3797 17.5313 4.0303 -7.7520 -0.5567 9.1928 -3.3630 -9.1463 -17.2015 -10.4253 -16.5808 19.8987 -12.9883 7.8461 7.7845 -5.4017 7.7088 0.0000 0.0000 0.0000 -100.6233 -39.4153 58.5332 144.9765 -44.8289 -105.1701 -0.0000 0.0000 -12.2184 8.7547 8.6550 1.3276 -7.1250 0.0000 -0.0000 -15.5212 38.2904 2.6407 0.0000 0.0000 0.0000 84.9765 -31.8202 -64.2994 -15.5603 24.9209 -3.4586 0.0000 -0.0000 -32.0864 -18.7387 18.3320 -6.0902 7.1250 -0.0000 -0.0000 6.1123 -10.7812 4.8897
0.4311 17.3903 3.0584 5.0996 56.0658 6.1441 0.0000 0.0000 0.0000 -1.5494 -9.2175 -0.9965 3.3810 11.2877 33.2565 -0.2679 -10.1238 -0.9571 1.6598 -8.1184 -23.0742 0.0000 0.0000 0.0000 4.7835 -6.6120 -31.1013 -7.1591 -15.4644 49.4734 -0.3523 -1.7801 -12.0051 -2.3864 9.6283 -27.7812 -3.8741 -3.6915 19.3225 2.8131 -5.4074 -0.2534 6.8034 -2.2458 -10.4736 -18.0384 -12.1291 -11.5141 22.7628 -15.7237 3.5844 8.5654 -6.9550 6.4262 -0.0000 0.0000 0.0000 -101.5857 -41.6269 64.9217 144.1023 -45.4426 -104.5505 -0.0000 0.0000 -9.4614 9.6763 6.2677 1.0664 -7.1250 0.0000 -0.0000 -14.2477 36.0152 3.2285 -0.0000 0.0000 0.0000 68.9817 -32.6724 -60.7712 -17.0357 26.9047 -4.1035 0.0000 -0.0000 -36.8088 -21.1294 16.6809 -6.3299 7.1250 -0.0000 -0.0000 4.4426 -12.2107 3.4130
0.2790 17.6511 3.1334 7.3918 58.5127 7.7315 0.0000 0.0000 0.0000 -2.5695 -10.7651 -3.3168 3.7313 11.7939 35.0069 -0.2296 -8.4713 3.5719 1.9518 -8.7649 -25.0627 0.0000 0.0000 0.0000 2.9343 -3.8380 -28.1501 -6.4857 -14.8830 46.9012 -0.1696 -3.1265 -9.5819 -0.9315 6.1480 -17.2145 -2.5827 -2.4242 19.9221 2.4619 -3.4471 0.8691 5.1380 -1.4195 -9.9110 -19.6356 -13.2778 -8.6358 24.0563 -17.2554 0.7642 9.1144 -7.9247 5.7035 -0.0000 0.0000 0.0000 -102.3732 -45.9503 66.4255 144.8620 -44.9104 -105.0893 -0.0000 0.0000 -10.0246 10.4479 5.5875 1.0286 -7.1250 0.0000 -0.0000 -13.4887 35.3869 3.2604 -0.0000 0.0000 0.0000 46.0746 -27.8123 -54.9758 -18.6528 28.9849 -4.8614 0.0000 -0.0000 -39.9654 -21.3193 16.3288 -6.2617 7.1250 -0.0000 -0.0000 4.2954 -12.5589 3.2680
0.1803 17.7471 3.1662 7.2256 57.9374 6.8305 0.0000 0.0000 0.0000 -2.6715 -9.1517 -3.8173 3.8668 11.9810 35.6649 -0.1668 -7.5216 5.0014 2.6082 -10.0321 -29.0808 0.0000 0.0000 0.0000 2.2152 0.9659 -24.6764 -5.8818 -14.3128 44.5055 -0.1291 -2.6553 -8.3070 -0.7370 5.4845 -15.2957 -0.2716 -1.9211 19.5357 2.4131 -2.2602 1.5362 3.3908 -0.9758 -9.1699 -20.1975 -13.0447 -6.0185 22.6558 -17.2101 0.8782 8.8835 -8.1246 5.1589 0.0000 -0.0000 0.0000 -99.9020 -47.9122 61.3724 146.3514 -43.8227 -106.1308 -0.0000 0.0000 -11.4455 11.0518 5.5235 1.0770 -7.1250 0.0000 -0.0000 -12.9850 35.3548 3.1436 0.0000 -0.0000 0.0000 21.1009 -15.3658 -47.2497 -19.7509 30.3411 -5.4050 0.0000 -0.0000 -39.8812 -21.0724 16.1580 -6.1203 7.1250 -0.0000 -0.0000 4.4506 -12.7693 3.3672
0.0722 17.6991 3.2369 7.1924 56.7937 6.2290 0.0000 0.0000 0.0000 -2.3653 -7.5225 -3.3993 3.9400 12.0801 36.0160 -0.1790 -7.7000 4.7789 2.7677 -10.3092 -29.9839 0.0000 0.0000 0.0000 2.0315 3.4585 -22.6470 -5.6030 -14.0323 43.3670 -0.2153 -0.9158 -9.1467 -1.6449 8.0835 -22.9681 2.0232 -1.5374 18.5742 2.5366 -1.2820 1.5902 1.9208 -0.5998 -8.6860 -21.3341 -12.6876 -3.4603 20.3341 -17.0717 2.1196 8.4525 -8.2679 4.8960 -0.0000 0.0000 0.0000 -98.2204 -48.2024 56.3942 147.1011 -43.2522 -106.6473 -0.0000 0.0000 -11.1887 11.2440 4.8852 0.9699 -7.1250 0.0000 -0.0000 -12.7179 34.7305 3.2740 -0.0000 0.0000 0.0000 -1.4941 1.5889 -44.0995 -19.0593 29.4923 -5.0600 0.0000 -0.0000 -31.3505 -18.7712 16.5036 -5.5147 7.1250 -0.0000 -0.0000 6.0045 -12.6746 4.5664
-0.0512 17.5743 3.3102 7.6708 55.7637 6.1766 0.0000 0.0000 0.0000 -1.8487 -5.7362 -3.3498 4.0203 12.1874 36.3980 -0.1631 -7.5747 5.4691 2.6771 -10.1530 -29.4735 0.0000 0.0000 0.0000 1.9982 2.9026 -21.8265 -5.3755 -13.7946 42.4208 -0.3856 1.6194 -11.2786 -1.8382 8.5206 -24.3069 6.0555 -1.0670 18.3739 1.5927 0.0726 1.1199 -1.7343 -0.1465 -9.1114 -20.8999 -12.7775 -1.5077 17.4734 -17.4956 3.6556 7.4976 -8.6310 4.7674 -0.0000 0.0000 0.0000 -98.8011 -47.9728 57.5196 147.0559 -43.2871 -106.6163 -0.0000 0.0000 -11.5267 9.8716 6.1865 1.0743 -7.1250 0.0000 -0.0000 -14.0721 35.9464 3.2110 -0.0000 0.0000 0.0000 -18.4526 16.9427 -40.5894 -18.7408 29.0953 -4.9041 0.0000 -0.0000 -23.6918 -21.3383 20.9988 -7.9690 7.1250 -0.0000 -0.0000 4.6154 -7.6438 3.9737
-0.2231 17.4548 3.4283 9.4330 55.7575 7.5869 0.0000 0.0000 0.0000 -1.7713 -5.5063 -4.0027 4.0760 12.2609 36.6613 -0.2511 -9.1920 6.0494 2.8237 -10.4040 -30.2950 0.0000 0.0000 0.0000 1.4136 2.1821 -22.4945 -5.5534 -13.9812 43.1621 -0.5295 3.1952 -13.0253 -1.5759 7.9203 -22.4723 9.2163 -0.0483 18.7589 0.6892 2.0452 0.5557 -5.0331 0.5879 -9.6640 -21.8674 -14.1154 0.0350 17.4392 -19.5876 3.5929 7.4021 -9.7394 4.9845 -0.0000 -0.0000 0.0000 -102.7718 -47.2651 64.0719 146.9018 -43.4054 -106.5105 -0.0000 0.0000 -9.2320 8.6262 6.2392 0.9446 -7.1250 0.0000 -0.0000 -15.0992 35.9281 3.4657 -0.0000 -0.0000 0.0000 -29.2438 29.0256 -39.6436 -20.0483 30.7004 -5.5560 0.0000 -0.0000 -18.8179 -18.1901 23.1650 -7.3653 7.1250 -0.0000 -0.0000 6.7697 -5.8762 6.0847
-0.4385 17.3369 3.6240 12.6719 57.5959 10.4544 0.0000 0.0000 0.0000 -1.8091 -7.4199 -4.4910 3.9872 12.1434 36.2412 -0.2481 -9.7397 8.0481 2.5931 -10.0053 -28.9938 0.0000 0.0000 0.0000 0.2396 1.7957 -24.1251 -6.3989 -14.8041 46.5625 -0.6625 3.6538 -14.5711 -2.0025 8.8713 -25.3936 8.7616 0.6342 19.1379 0.3406 2.8672 0.1195 -5.3985 0.9398 -10.2412 -20.0853 -15.2635 0.9715 17.5516 -21.1934 2.0893 7.0544 -10.5469 4.5133 -0.0000 -0.0000 0.0000 -106.6465 -46.1188 70.5514 147.0266 -43.3096 -106.5962 -0.0000 0.0000 -8.1897 9.2612 5.1228 0.8342 -7.1250 0.0000 -0.0000 -14.3655 34.8697 3.6698 -0.0000 -0.0000 0.0000 -34.8850 40.9317 -41.0661 -22.5310 33.5720 -6.8772 0.0000 -0.0000 -19.0261 -16.9300 28.5564 -8.2789 7.1250 -0.0000 -0.0000 7.9918 -0.5974 7.9863
-0.6592 17.2682 3.8058 13.9168 60.5012 11.3604 0.0000 0.0000 0.0000 -0.2855 -8.8840 -5.2277 3.8473 11.9544 35.5710 -0.2844 -11.1440 10.4741 2.5336 -9.8987 -28.6492 0.0000 0.0000 0.0000 0.5794 2.3064 -24.8955 -7.3657 -15.6323 50.2444 -0.7718 2.1448 -16.0093 -2.7255 10.2369 -29.7474 8.7866 0.9744 19.7868 0.3260 3.3869 0.2271 -5.5958 1.1790 -10.4017 -18.5712 -16.6571 2.1178 19.5636 -23.0341 -1.0360 7.3592 -11.5113 3.8324 0.0000 -0.0000 0.0000 -109.8714 -45.0027 76.7419 147.5873 -42.8737 -106.9792 -0.0000 0.0000 -8.4640 9.4904 4.8875 0.8160 -7.1250 0.0000 -0.0000 -14.1369 34.6498 3.6862 0.0000 -0.0000 0.0000 -33.4843 48.6999 -37.3106 -28.1621 39.2651 -10.2261 0.0000 -0.0000 -19.0555 -14.6034 27.4981 -6.8596 7.1250 -0.0000 -0.0000 9.2752 -2.0247 9.0625
-0.8367 17.1637 3.9574 12.8700 64.3618 10.2445 0.0000 0.0000 0.0000 1.9194 -11.4626 -6.1415 3.9193 12.0523 35.9172 -0.3106 -11.2818 10.0723 2.7862 -10.3406 -30.0869 0.0000 0.0000 0.0000 2.1662 1.2068 -25.1319 -7.9612 -16.0907 52.4230 -0.8510 2.0590 -16.8565 -2.3581 9.5751 -27.6115 9.2933 0.3118 19.6306 1.3742 2.7303 0.5383 -4.5302 0.9112 -10.1023 -19.6239 -17.2714 2.3376 21.1550 -23.8666 -2.2940 7.8622 -11.9444 3.9322 -0.0000 -0.0000 0.0000 -111.6697 -44.4283 77.7666 147.5668 -42.8898 -106.9653 -0.0000 0.0000 -8.3478 6.6918 5.8879 0.6896 -7.1250 0.0000 -0.0000 -16.5939 35.4793 4.0216 -0.0000 -0.0000 0.0000 -29.2505 55.6898 -31.6983 -33.2521 43.5229 -13.5954 0.0000 -0.0000 -19.0286 -13.9040 27.4713 -6.5147 7.1250 -0.0000 -0.0000 9.6882 -2.1533 9.4550
-0.9596 17.0938 4.0835 13.4172 68.1615 10.9388 0.0000 0.0000 0.0000 3.1925 -11.6699 -8.0344 3.9202 12.0534 35.9213 -0.2598 -10.7929 10.3263 2.9626 -10.6342 -31.0560 0.0000 0.0000 0.0000 3.3120 -1.1894 -24.8805 -7.9522 -16.0840 52.3902 -1.0235 1.1955 -18.7603 -2.4153 9.6823 -27.9538 9.0641 -0.1118 18.7787 1.8834 2.0794 0.7095 -3.6401 0.6679 -9.5549 -20.1514 -17.7670 3.6603 22.5216 -24.6491 -3.7355 8.3555 -12.4328 3.7216 -0.0000 -0.0000 0.0000 -113.2526 -44.2623 79.4068 146.0689 -44.0336 -105.9349 -0.0000 0.0000 -9.5985 9.5725 5.2468 0.8835 -7.1250 0.0000 -0.0000 -14.1368 35.0068 3.5598 -0.0000 -0.0000 0.0000 -17.8177 58.2829 -20.8690 -40.3978 48.3038 -18.7357 0.0000 -0.0000 -17.0158 -12.3812 30.1867 -6.2988 7.1250 -0.0000 -0.0000 10.7732 0.3211 11.0297
-1.0449 17.0580 4.1137 15.6701 69.0868 12.5760 0.0000 0.0000 0.0000 2.1250 -10.8634 -7.6250 3.7990 11.8880 35.3369 -0.3081 -10.5715 8.1631 3.7983 -11.8871 -35.3338 0.0000 0.0000 0.0000 2.9377 -2.3386 -24.3273 -7.7762 -15.9521 51.7524 -1.1634 1.8424 -19.8612 -1.4093 7.5087 -21.2314 7.7949 0.0654 19.1487 1.7630 2.0500 1.0241 -3.0570 0.7215 -9.4473 -21.3003 -17.7908 4.6283 24.0020 -24.9328 -4.0385 8.9738 -12.6418 3.9142 0.0000 -0.0000 0.0000 -112.5199 -44.9360 78.2812 145.5676 -44.4026 -105.5852 -0.0000 0.0000 -9.8870 10.5468 5.5330 1.0284 -7.1250 0.0000 -0.0000 -13.3982 35.3382 3.2538 0.0000 -0.0000 0.0000 -2.8112 58.4356 -9.6230 -50.4419 53.1722 -26.5275 0.0000 -0.0000 -15.6962 -11.6832 29.9623 -5.8963 7.1250 -0.0000 -0.0000 11.1584 0.0005 11.3763
-1.0925 17.0555 4.0986 13.1174 70.0748 10.4074 0.0000 0.0000 0.0000 3.2099 -10.5860 -7.8464 3.6607 11.6947 34.6602 -0.3121 -10.2905 6.9791 3.7602 -11.8343 -35.1481 0.0000 0.0000 0.0000 4.2538 -3.0332 -23.8723 -7.3616 -15.6290 50.2291 -1.2214 2.0468 -20.3155 -1.1805 6.8956 -19.4066 8.5147 -0.2522 19.0351 1.9280 1.7963 1.1060 -3.2128 0.5864 -9.3071 -22.2124 -17.9287 4.3288 24.4088 -25.2264 -3.5932 9.0916 -12.7549 4.3386 -0.0000 -0.0000 0.0000 -109.8702 -45.6967 75.5975 145.7299 -44.2839 -105.6987 -0.0000 0.0000 -8.4033 10.2630 5.3099 0.9600 -7.1250 0.0000 -0.0000 -13.5885 35.1035 3.3820 -0.0000 -0.0000 0.0000 11.1347 56.4920 -1.0736 -63.4372 57.1584 -37.2154 0.0000 -0.0000 -17.2782 -12.1394 29.4267 -6.0327 7.1250 -0.0000 -0.0000 10.8583 -0.4639 10.9693
-1.1119 17.0834 4.0052 14.3146 69.6151 12.0298 0.0000 0.0000 0.0000 2.3747 -10.8120 -7.5699 3.4588 11.4032 33.6520 -0.3291 -10.3155 6.0035 3.3615 -11.2584 -33.1565 0.0000 0.0000 0.0000 3.6364 -3.9381 -24.4472 -7.1975 -15.4959 49.6173 -1.2086 2.1594 -20.1799 -1.7396 8.3013 -23.6331 6.7770 0.2992 18.7545 2.2441 2.1555 0.9599 -1.9759 0.8308 -9.3433 -23.3397 -17.6624 5.2396 24.9748 -25.0413 -4.2208 9.5476 -12.7340 4.2020 0.0000 0.0000 0.0000 -110.1372 -45.2401 74.9809 146.4396 -43.7564 -106.1919 -0.0000 0.0000 -8.3779 10.2514 5.2593 0.9497 -7.1250 0.0000 -0.0000 -13.5888 35.0529 3.3993 0.0000 0.0000 0.0000 21.5323 52.0363 3.3929 -79.3970 59.5709 -50.8307 0.0000 -0.0000 -17.7248 -10.7178 30.3507 -5.4631 7.1250 -0.0000 -0.0000 11.7379 0.2499 12.0441
-1.0957 17.1144 3.8743 11.1345 69.0100 9.6858 0.0000 0.0000 0.0000 3.3732 -10.4227 -7.8326 3.3195 11.1951 32.9407 -0.4426 -11.7329 5.3675 3.3312 -11.2128 -33.0008 0.0000 0.0000 0.0000 4.2062 -3.5771 -24.5142 -6.6644 -15.0426 47.5932 -1.0535 3.9467 -18.4834 -0.9828 6.3102 -17.6872 7.2584 -0.0746 18.5329 2.5230 1.7882 0.7208 -1.8437 0.6321 -9.5127 -23.4820 -17.3658 4.0396 24.2069 -24.4856 -3.4976 9.3058 -12.3647 4.3718 -0.0000 0.0000 0.0000 -108.1509 -45.3043 72.9635 147.1285 -43.2311 -106.6660 -0.0000 0.0000 -8.0697 11.2078 4.8656 0.9629 -7.1250 0.0000 -0.0000 -12.7439 34.7093 3.2877 -0.0000 0.0000 0.0000 31.1361 48.8376 7.2994 -98.1858 59.7453 -67.0831 0.0000 -0.0000 -20.9701 -11.4432 28.6305 -5.5399 7.1250 -0.0000 -0.0000 11.2120 -1.3450 11.1631
-1.0344 17.1592 3.6971 8.5173 67.6093 7.6897 0.0000 0.0000 0.0000 3.7303 -9.8668 -6.9385 3.0659 10.8010 31.6116 -0.4713 -12.0626 4.7809 2.8663 -10.4754 -30.5304 0.0000 0.0000 0.0000 4.4787 -3.2633 -24.3870 -6.2126 -14.6313 45.8292 -0.9492 5.0440 -17.4133 -1.0619 6.5517 -18.3939 6.8446 -0.0673 17.7977 3.1432 1.7024 0.8144 -0.9046 0.6453 -9.0375 -23.4184 -17.0454 3.4899 23.5363 -23.8656 -3.7459 9.1770 -12.0251 4.1321 -0.0000 -0.0000 0.0000 -107.9667 -45.4827 72.4120 147.7406 -42.7530 -107.0834 -0.0000 0.0000 -7.9873 10.2831 5.5549 1.0061 -7.1250 0.0000 -0.0000 -13.6169 35.3463 3.3067 -0.0000 -0.0000 0.0000 36.3391 45.5264 7.6593 -114.4104 57.6242 -80.9714 0.0000 -0.0000 -21.6422 -13.0033 27.5195 -6.0905 7.1250 -0.0000 -0.0000 10.2254 -2.2322 9.9814
-0.9467 17.2039 3.4933 11.6450 64.2802 10.8433 0.0000 0.0000 0.0000 0.7786 -8.3201 -5.2323 2.7441 10.2688 29.8516 -0.4387 -11.6813 3.2999 2.7522 -10.2827 -29.8973 0.0000 0.0000 0.0000 1.8576 -1.6626 -24.6052 -5.8927 -14.3235 44.5494 -0.7924 5.8504 -15.8658 -1.3339 7.3134 -20.6472 3.3876 -0.6313 17.2374 3.5640 0.2474 1.0837 1.8577 0.1073 -8.5259 -25.2873 -15.8195 0.4158 22.5619 -21.7680 -1.9016 9.2125 -10.7863 4.7611 -0.0000 0.0000 0.0000 -106.0542 -46.2465 68.5488 147.7619 -42.7362 -107.0979 -0.0000 0.0000 -6.2599 11.4003 4.9773 1.0023 -7.1250 0.0000 -0.0000 -12.6066 34.8294 3.2131 -0.0000 0.0000 0.0000 42.1613 46.4180 11.1525 -126.6226 54.2701 -91.1058 0.0000 -0.0000 -20.3409 -13.2240 27.7396 -6.2420 7.1250 -0.0000 -0.0000 10.1093 -1.9828 9.9106
-0.8248 17.2135 3.2537 9.3611 61.6937 8.9244 0.0000 0.0000 0.0000 0.2155 -8.0592 -3.5064 2.6029 10.0226 29.0500 -0.3828 -11.5490 0.1320 2.9285 -10.5784 -30.8707 0.0000 0.0000 0.0000 1.5804 0.1600 -24.2410 -5.4354 -13.8579 42.6713 -0.5920 7.3725 -13.8772 -0.5018 4.5411 -12.6042 3.2300 -1.1866 16.4208 3.5989 -0.5722 1.2036 2.1588 -0.2799 -7.9312 -24.5479 -15.1137 -1.3512 21.5843 -20.5250 -0.4068 8.8781 -10.0787 4.9971 -0.0000 -0.0000 0.0000 -104.5254 -46.8251 67.2593 147.7165 -42.7720 -107.0671 -0.0000 0.0000 -6.1516 11.3238 4.9505 0.9900 -7.1250 0.0000 -0.0000 -12.6642 34.7992 3.2380 -0.0000 -0.0000 0.0000 44.0536 46.4857 9.9301 -135.4664 50.5379 -98.1219 0.0000 -0.0000 -21.1611 -13.1080 28.9611 -6.4330 7.1250 -0.0000 -0.0000 10.2625 -0.7866 10.2878
-0.6768 17.1826 2.9831 7.6724 58.2959 7.6731 0.0000 0.0000 0.0000 -0.7643 -8.1076 -1.1018 2.4841 9.8089 28.3600 -0.2349 -10.9535 -3.2942 2.1496 -9.1710 -26.3317 0.0000 0.0000 0.0000 0.9277 2.7196 -24.4778 -5.1785 -13.5820 41.5881 -0.4263 8.0952 -12.1238 -0.2597 3.2787 -9.0558 2.7272 -1.0744 15.4775 3.4757 -0.5925 1.2302 2.2905 -0.2808 -7.3721 -23.1139 -14.7074 -2.4654 20.5642 -19.8399 0.8380 8.3794 -9.6854 5.1239 -0.0000 -0.0000 0.0000 -105.1840 -47.3678 69.1286 147.1990 -43.1765 -106.7143 -0.0000 0.0000 -4.0764 11.9071 4.7239 0.9949 -7.1250 0.0000 -0.0000 -12.1532 34.6005 3.1621 -0.0000 -0.0000 0.0000 47.9496 45.4889 9.9000 -143.0395 46.1624 -103.7884 0.0000 -0.0000 -19.1968 -13.2688 30.7647 -6.8780 7.1250 -0.0000 -0.0000 10.3104 1.0240 10.6661
-0.5286 17.0851 2.7180 6.2689 55.1027 6.2490 0.0000 0.0000 0.0000 -1.7517 -6.6442 0.1922 2.5534 9.9344 28.7646 -0.0174 -11.3605 -7.7096 1.8461 -8.5379 -24.3602 0.0000 0.0000 0.0000 0.2829 4.3600 -25.2039 -5.1966 -13.6018 41.6651 -0.3365 9.8205 -11.5875 -0.7316 5.4647 -15.2390 2.2234 -1.9207 15.3666 3.3415 -1.8140 0.8091 2.7068 -0.8644 -7.7272 -22.3967 -13.4322 -3.3780 19.5341 -18.0467 2.5716 8.1800 -8.7739 5.2239 0.0000 -0.0000 0.0000 -103.0452 -46.9872 66.6614 147.1115 -43.2442 -106.6544 -0.0000 0.0000 -4.4304 11.0015 5.0970 0.9895 -7.1250 0.0000 -0.0000 -12.9510 34.9292 3.2725 0.0000 -0.0000 0.0000 49.2217 46.2998 9.0167 -148.2922 42.3130 -107.4563 0.0000 -0.0000 -19.0890 -14.1192 30.8108 -7.3415 7.1250 -0.0000 -0.0000 9.8287 1.2012 10.1824
-0.3722 16.9385 2.4091 5.2636 51.8747 4.8231 0.0000 0.0000 0.0000 -3.0122 -4.7805 1.1490 2.7988 10.3620 30.1573 0.4592 -11.4192 -13.5250 2.6460 -10.0986 -29.2965 0.0000 0.0000 0.0000 -0.6149 6.3092 -25.9488 -5.3736 -13.7926 42.4127 -0.2203 10.9697 -10.6791 -0.9864 6.3214 -17.7199 1.6918 -2.4966 15.6868 3.1105 -2.6812 0.7065 2.9702 -1.2708 -7.9774 -21.4904 -12.5663 -4.7715 19.0704 -16.8056 4.3904 8.0029 -8.0897 5.6198 0.0000 0.0000 0.0000 -101.3933 -46.3928 64.8873 147.9238 -42.6079 -107.2076 -0.0000 0.0000 -5.0775 11.5853 4.7952 0.9818 -7.1250 0.0000 -0.0000 -12.4260 34.6569 3.2185 0.0000 0.0000 0.0000 49.8088 46.8663 7.2256 -152.1967 38.9345 -110.0002 0.0000 -0.0000 -19.1049 -15.3556 32.2313 -8.3324 7.1250 -0.0000 -0.0000 9.2664 2.8147 9.8373
-0.1922 16.7802 2.0733 4.5515 49.0678 3.5667 0.0000 0.0000 0.0000 -4.1995 -2.4855 1.3471 3.1577 10.9461 32.0982 0.9744 -11.8527 -18.2972 2.4217 -9.6941 -27.9917 0.0000 0.0000 0.0000 -1.7147 7.5618 -26.7554 -5.5281 -13.9549 43.0570 -0.0460 12.5931 -9.4321 -1.1295 6.7501 -18.9770 0.6870 -2.6183 15.1037 3.3219 -3.0334 1.1902 3.7833 -1.4188 -7.0533 -20.7096 -12.2794 -4.9275 18.6763 -16.3990 4.4156 7.8118 -7.8835 5.4640 0.0000 -0.0000 0.0000 -102.3769 -46.0755 65.0249 148.9801 -41.7517 -107.9169 -0.0000 0.0000 -6.4167 9.2931 7.3338 1.1966 -7.1250 0.0000 -0.0000 -14.7805 37.0373 2.9752 0.0000 -0.0000 0.0000 46.2656 47.2799 1.0562 -154.0634 37.1461 -111.1506 0.0000 -0.0000 -17.6320 -15.4203 35.1895 -9.0318 7.1250 -0.0000 -0.0000 9.5683 5.7576 10.6226
-0.0002 16.6241 1.7638 3.5708 46.6000 1.6359 0.0000 0.0000 0.0000 -4.6721 1.1882 1.1922 3.5631 11.5551 34.1757 1.5416 -11.1519 -22.4243 3.0392 -10.7583 -31.4689 0.0000 0.0000 0.0000 -2.2935 9.1808 -26.7178 -5.6709 -14.1017 43.6463 0.0647 12.8071 -8.1173 -1.0637 6.5570 -18.4093 0.1513 -3.1098 15.0181 3.0587 -3.8065 1.5540 3.9365 -1.7964 -6.5543 -19.5824 -11.9077 -6.3452 18.4196 -15.9166 6.1863 7.5484 -7.5475 6.0303 0.0000 0.0000 0.0000 -101.4464 -45.0813 64.1989 149.2290 -41.5451 -108.0823 -0.0000 0.0000 -5.1837 11.0918 5.3463 1.0465 -7.1250 0.0000 -0.0000 -12.9212 35.1810 3.1835 0.0000 0.0000 0.0000 46.2671 45.5139 -0.6612 -156.6563 34.4625 -112.6681 0.0000 -0.0000 -16.4864 -18.3714 35.8688 -11.0115 7.1250 -0.0000 -0.0000 8.0667 6.9948 9.0744
0.1906 16.5099 1.4327 3.9891 44.4997 1.0494 0.0000 0.0000 0.0000 -6.1648 4.2247 0.7153 3.9855 12.1411 36.2328 1.9948 -11.1078 -25.4262 3.0128 -10.7157 -31.3269 0.0000 0.0000 0.0000 -4.0157 11.2114 -26.2355 -5.5472 -13.9747 43.1362 0.1007 12.5876 -7.4264 -1.4860 7.7016 -21.8114 -0.6605 -3.0851 15.6166 2.1771 -3.9823 0.9881 3.5603 -1.8542 -7.4902 -18.2800 -11.5421 -5.5551 18.8565 -15.8803 7.4101 7.5466 -7.5020 6.1978 0.0000 -0.0000 0.0000 -101.3205 -41.6169 64.7646 150.2899 -40.6436 -108.7797 -0.0000 0.0000 -5.8214 10.5006 5.4514 1.0088 -7.1250 0.0000 -0.0000 -13.4209 35.2552 3.2874 0.0000 -0.0000 0.0000 45.7016 41.0933 -4.8586 -158.3403 32.5903 -113.5984 0.0000 -0.0000 -17.1365 -18.0495 31.3077 -9.6111 7.1250 -0.0000 -0.0000 7.6393 2.3692 8.0190
0.3955 16.4774 1.0935 3.3914 42.7359 -0.1961 0.0000 0.0000 0.0000 -6.9919 6.4962 1.2041 4.0238 12.1920 36.4145 2.3256 -11.6015 -27.4809 2.3329 -9.5276 -27.4602 0.0000 0.0000 0.0000 -4.5977 13.3514 -24.7894 -5.1436 -13.5437 41.4395 0.0312 11.4217 -7.5458 -2.4019 9.6574 -27.8743 -0.8435 -3.8594 15.7836 2.3797 -5.0165 1.5621 4.0750 -2.3643 -6.8664 -19.3707 -11.1992 -7.0811 20.4227 -15.2488 7.2978 8.2827 -7.0786 6.5460 -0.0000 0.0000 0.0000 -102.3550 -41.7486 63.7906 150.2865 -40.6466 -108.7775 -0.0000 0.0000 -5.6952 8.9131 6.8252 1.0677 -7.1250 0.0000 -0.0000 -14.9858 36.5168 3.2158 -0.0000 0.0000 0.0000 46.9856 39.5514 -3.4634 -159.4357 31.3163 -114.1782 0.0000 -0.0000 -13.6641 -19.5589 32.1357 -10.7016 7.1250 -0.0000 -0.0000 6.8893 3.4924 7.3482
0.5771 16.5075 0.7491 2.1634 41.0275 -1.0261 0.0000 0.0000 0.0000 -7.5963 7.6777 1.5319 3.7896 11.8750 35.2914 2.6849 -10.0564 -29.5180 2.5535 -9.9345 -28.7648 0.0000 0.0000 0.0000 -4.5124 15.9227 -23.6291 -4.5474 -12.8552 38.8289 -0.0329 8.7094 -6.7171 -2.6339 10.0774 -29.2278 -1.1160 -3.8078 14.9278 2.8198 -4.9748 1.3537 4.6269 -2.3428 -6.5571 -19.0218 -10.8974 -5.1185 20.8219 -15.0897 6.2900 8.4791 -7.1058 5.8716 -0.0000 0.0000 0.0000 -102.7494 -39.7584 64.1728 150.4935 -40.4666 -108.9121 -0.0000 0.0000 -6.3421 9.2625 5.9770 0.9729 -7.1250 0.0000 -0.0000 -14.5282 35.7070 3.4081 -0.0000 0.0000 0.0000 47.5065 35.7173 -3.7750 -159.7917 30.8925 -114.3621 0.0000 -0.0000 -12.4403 -20.9186 34.4730 -12.2079 7.1250 -0.0000 -0.0000 6.4733 6.1309 7.1713
0.7620 16.6098 0.3757 3.1026 40.0458 -0.1888 0.0000 0.0000 0.0000 -10.1851 7.9027 1.0693 3.7277 11.7889 34.9893 2.6271 -10.3585 -29.1900 1.9949 -8.8555 -25.3443 0.0000 0.0000 0.0000 -6.1228 16.4876 -22.4878 -3.8114 -11.9051 35.3970 -0.0217 6.1249 -4.8588 -2.7992 10.3627 -30.1595 -1.7614 -4.3576 14.8151 2.8754 -5.8094 1.2364 5.2018 -2.7360 -6.4809 -19.3108 -11.1110 -7.5570 20.4407 -15.1181 7.6912 8.2832 -6.9809 6.7205 0.0000 -0.0000 0.0000 -102.2144 -38.9662 63.0397 151.9763 -39.1381 -109.8613 -0.0000 0.0000 -8.5104 7.5452 9.6987 1.2783 -7.1250 0.0000 -0.0000 -16.7877 39.2106 2.4768 0.0000 -0.0000 0.0000 48.0661 33.6951 -3.4018 -160.2890 30.2926 -114.6152 0.0000 -0.0000 -12.5102 -19.6917 32.2398 -10.8089 7.1250 -0.0000 -0.0000 6.8285 3.6238 7.2972
0.8866 16.7504 0.0951 1.7030 38.5174 -0.7742 0.0000 0.0000 0.0000 -10.0713 9.1946 0.4445 3.5974 11.6045 34.3468 2.4655 -10.8079 -28.2662 1.7619 -8.3515 -23.7868 0.0000 0.0000 0.0000 -5.0488 18.0917 -21.9475 -3.3232 -11.2008 32.9600 -0.0284 1.4026 -3.0044 -1.6611 8.1214 -23.0833 -1.8824 -4.4813 14.0131 3.6256 -5.9446 1.0706 6.0232 -2.8053 -6.1079 -19.0818 -11.0014 -8.2417 19.6316 -14.8678 8.4407 7.9795 -6.8445 6.9247 0.0000 -0.0000 0.0000 -102.1360 -38.4075 62.6843 151.9438 -39.1679 -109.8409 -0.0000 0.0000 -8.2932 7.2585 9.3914 1.1906 -7.1250 0.0000 -0.0000 -16.9490 38.8924 2.6399 0.0000 -0.0000 0.0000 49.1096 31.8507 -2.8258 -160.4763 30.0642 -114.7094 0.0000 -0.0000 -11.0692 -20.1313 32.8249 -11.2386 7.1250 -0.0000 -0.0000 6.6630 4.3033 7.1915
1.0130 16.8939 -0.1570 -0.0482 36.9382 -1.5521 0.0000 0.0000 0.0000 -9.7601 10.2498 0.1281 3.4198 11.3455 33.4542 2.3794 -10.4297 -27.7496 1.4593 -7.6350 -21.6107 0.0000 0.0000 0.0000 -2.5823 15.6941 -23.4619 -3.1726 -10.9693 32.1765 0.0121 -2.0099 -1.2415 -0.7934 5.6857 -15.8752 -1.0893 -4.6232 13.5808 4.1756 -5.9712 0.5871 6.1629 -2.8186 -6.4039 -18.9967 -10.7452 -8.0857 19.3248 -14.6099 9.2112 7.9172 -6.7335 7.0488 0.0000 0.0000 0.0000 -101.5741 -37.9089 62.1195 151.4533 -39.6147 -109.5295 -0.0000 0.0000 -8.2179 8.8810 4.8314 0.7540 -7.1250 0.0000 -0.0000 -14.6177 34.5657 3.8494 0.0000 0.0000 0.0000 49.6831 31.3007 -2.3408 -160.2024 30.3977 -114.5714 0.0000 -0.0000 -10.3277 -19.4830 30.9853 -10.3224 7.1250 -0.0000 -0.0000 6.7829 2.3146 7.1005
1.0889 16.9637 -0.3775 -0.5407 35.3886 -2.0020 0.0000 0.0000 0.0000 -10.6306 9.9727 0.2951 3.4203 11.3462 33.4566 2.4109 -9.2247 -27.9305 1.1729 -6.8743 -19.3434 0.0000 0.0000 0.0000 -0.6727 13.0568 -25.0740 -3.4700 -11.4196 33.7083 0.0018 1.3313 -0.6873 -1.0659 6.5635 -18.4285 -1.3974 -4.4728 13.7208 4.2139 -5.8153 0.1741 6.3978 -2.7114 -6.9063 -18.8729 -10.5493 -8.4394 19.2841 -14.4828 10.5800 7.9114 -6.6332 7.5034 -0.0000 0.0000 0.0000 -101.6728 -38.3936 62.1005 150.5755 -40.3950 -108.9652 -0.0000 0.0000 -9.3660 7.7356 8.5257 1.1537 -7.1250 0.0000 -0.0000 -16.3381 38.0922 2.8710 -0.0000 0.0000 0.0000 50.2792 31.2453 -1.8062 -159.0149 31.8110 -113.9579 0.0000 -0.0000 -10.6847 -20.5003 31.9327 -11.1864 7.1250 -0.0000 -0.0000 6.3310 3.4762 6.7435
1.1152 17.0016 -0.5479 -0.2204 34.1709 -2.3300 0.0000 0.0000 0.0000 -11.9209 9.7512 0.4566 3.4654 11.4128 33.6851 2.4895 -6.4303 -28.5656 1.5552 -7.8707 -22.3219 0.0000 0.0000 0.0000 0.5013 11.8553 -26.2222 -4.1938 -12.4139 37.2125 0.0044 1.8856 -0.8818 -0.9766 6.2909 -17.6309 -2.7019 -4.2627 13.6925 3.9339 -5.7729 0.1956 6.8180 -2.6617 -6.7722 -18.4607 -10.5931 -8.6465 19.1587 -14.6527 11.2781 7.7756 -6.6833 7.7539 0.0000 0.0000 0.0000 -101.8815 -39.2778 62.1773 149.1280 -41.6292 -108.0153 -0.0000 0.0000 -9.1091 8.3904 8.5721 1.2594 -7.1250 0.0000 -0.0000 -15.8052 38.1837 2.7347 0.0000 0.0000 0.0000 51.2356 31.7452 -1.3552 -158.0916 32.8734 -113.4639 0.0000 -0.0000 -10.7631 -19.7443 29.7625 -10.1025 7.1250 -0.0000 -0.0000 6.4813 1.1242 6.6496
1.1261 17.0001 -0.6660 0.1360 33.5085 -2.7674 0.0000 0.0000 0.0000 -12.8024 9.5253 0.9181 3.5200 11.4927 33.9602 2.5517 -5.4314 -29.0584 1.4155 -7.5246 -21.2791 0.0000 0.0000 0.0000 1.5706 10.7763 -26.6245 -4.7665 -13.1159 39.8039 -0.0345 0.3711 -3.3954 -1.6445 8.0826 -22.9652 -3.6333 -4.0847 13.7462 3.2737 -5.7395 0.2419 6.6281 -2.6297 -6.7345 -18.5170 -10.7570 -9.0465 19.8671 -15.1056 12.3166 7.9737 -6.8176 8.3286 0.0000 0.0000 0.0000 -102.0896 -39.7422 62.4240 147.9099 -42.6189 -107.1982 -0.0000 0.0000 -9.5813 7.8326 9.4042 1.2877 -7.1250 0.0000 -0.0000 -16.4725 38.9485 2.5371 0.0000 0.0000 0.0000 52.6321 31.9041 -1.1761 -156.9516 34.1418 -112.8345 0.0000 -0.0000 -9.7119 -20.5596 30.8398 -10.8838 7.1250 -0.0000 -0.0000 6.1490 2.3785 6.4355
1.1284 16.9601 -0.7632 0.4830 34.0647 -3.2307 0.0000 0.0000 0.0000 -13.3077 9.1112 0.9151 3.6842 11.7279 34.7761 2.6389 -5.1437 -29.6168 1.4623 -7.6425 -21.6334 0.0000 0.0000 0.0000 2.0312 9.4309 -26.2033 -4.7593 -13.1075 39.7723 -0.0158 -2.4407 -4.4073 -2.0035 8.8734 -25.4002 -4.3685 -4.0666 13.6817 2.6580 -5.8756 0.3757 6.3867 -2.6950 -6.5295 -18.7209 -10.9783 -8.7766 20.3529 -15.5378 12.3450 8.1234 -7.0164 8.4468 -0.0000 0.0000 0.0000 -102.2993 -39.3749 62.9518 146.3936 -43.7910 -106.1601 -0.0000 0.0000 -7.0200 11.4577 4.5875 0.9287 -7.1250 0.0000 -0.0000 -12.4951 34.4442 3.3032 -0.0000 0.0000 0.0000 53.1949 31.7975 -1.6985 -155.8949 35.2752 -112.2328 0.0000 -0.0000 -10.3111 -20.1592 29.1008 -10.1234 7.1250 -0.0000 -0.0000 6.1603 0.5289 6.2530
1.1345 16.8905 -0.8360 0.7665 34.9407 -3.6887 0.0000 0.0000 0.0000 -13.4475 8.8593 0.8263 3.9370 12.0760 36.0015 2.7271 -6.8656 -29.9188 1.2107 -6.9801 -19.6565 0.0000 0.0000 0.0000 1.6222 8.7030 -25.5316 -4.5416 -12.8482 38.8030 0.0229 -3.8834 -4.4009 -1.1144 6.7066 -18.8489 -4.5109 -4.1658 13.9386 1.8618 -6.0949 0.4482 5.6737 -2.8041 -6.6397 -19.1210 -11.3588 -9.0583 20.9200 -16.1644 12.7564 8.2871 -7.2705 8.8677 -0.0000 0.0000 0.0000 -102.7791 -38.4878 63.8665 146.4483 -43.7499 -106.1979 -0.0000 0.0000 -6.1266 11.5823 5.7092 1.1680 -7.1250 0.0000 -0.0000 -12.5845 35.5667 2.9761 -0.0000 0.0000 0.0000 53.7122 31.4047 -2.2770 -154.8909 36.3153 -111.6455 0.0000 -0.0000 -10.7567 -20.4897 30.1855 -10.6410 7.1250 -0.0000 -0.0000 6.1036 1.6986 6.3174
1.1278 16.8135 -0.8886 0.2940 35.2277 -4.4391 0.0000 0.0000 0.0000 -12.5765 9.6110 -0.1752 4.3213 12.5762 37.8019 2.8006 -8.0481 -30.2418 1.2724 -7.1493 -20.1586 0.0000 0.0000 0.0000 1.8874 8.2523 -24.9763 -4.4656 -12.7554 38.4598 0.0020 -2.9208 -4.0550 -1.9194 8.6961 -24.8493 -4.4070 -3.9966 14.0254 1.5584 -5.8781 0.4921 5.2616 -2.7026 -6.7108 -19.5357 -11.7387 -9.3588 20.7204 -16.6507 13.2957 8.1897 -7.5041 9.2289 -0.0000 -0.0000 0.0000 -103.6916 -38.1671 64.4426 145.8983 -44.1599 -105.8161 -0.0000 0.0000 -6.3428 10.9025 6.1184 1.1761 -7.1250 0.0000 -0.0000 -13.2152 35.9364 3.0097 -0.0000 -0.0000 0.0000 53.5278 31.0597 -2.9593 -154.3316 36.8794 -111.3121 0.0000 -0.0000 -10.9580 -20.4296 29.9009 -10.5191 7.1250 -0.0000 -0.0000 6.1020 1.3969 6.2844
1.1468 16.7711 -0.9681 -0.2802 35.1187 -5.1844 0.0000 0.0000 0.0000 -12.1059 9.8603 -0.5813 4.6000 12.9187 39.0649 2.9042 -8.5469 -30.7921 1.2427 -7.0684 -19.9183 0.0000 0.0000 0.0000 2.1191 7.3825 -25.0776 -4.4275 -12.7085 38.2869 -0.0230 -1.6534 -3.9624 -1.4803 7.6873 -21.7683 -3.8759 -3.6723 14.1575 1.4710 -5.3649 0.7721 4.7776 -2.4768 -6.6000 -20.3944 -12.1005 -9.4502 21.2308 -17.0911 13.0750 8.4254 -7.7177 9.4139 0.0000 -0.0000 0.0000 -104.3634 -37.5070 65.1013 145.9730 -44.1047 -105.8682 -0.0000 0.0000 -6.1378 9.5200 6.6452 1.1118 -7.1250 0.0000 -0.0000 -14.4511 36.3767 3.1457 0.0000 -0.0000 0.0000 53.4655 30.8314 -3.7815 -154.0752 37.1344 -111.1578 0.0000 -0.0000 -10.8679 -19.7354 29.7653 -10.0985 7.1250 -0.0000 -0.0000 6.4868 1.1253 6.6554
1.1795 16.7911 -1.0261 -0.4023 34.2222 -5.4411 0.0000 0.0000 0.0000 -12.3187 10.4520 -0.4147 4.5647 12.8761 38.9066 2.9406 -7.7129 -31.0497 1.3033 -7.2322 -20.4053 0.0000 0.0000 0.0000 2.4422 6.8348 -25.0074 -4.2495 -12.4852 37.4708 -0.0038 -1.4893 -2.5082 -1.5177 7.7795 -22.0465 -3.7782 -3.1883 14.0337 1.2789 -4.7209 0.6625 4.3996 -2.1616 -6.7397 -20.2443 -12.2045 -9.0184 20.7300 -17.2664 13.2396 8.2000 -7.8488 9.3553 -0.0000 0.0000 0.0000 -104.3576 -36.2965 65.4360 145.9109 -44.1506 -105.8249 -0.0000 0.0000 -6.0426 10.1765 5.8164 1.0422 -7.1250 0.0000 -0.0000 -13.7523 35.5986 3.2543 -0.0000 0.0000 0.0000 54.4766 29.9510 -3.1495 -153.8772 37.3297 -111.0380 0.0000 -0.0000 -11.2192 -20.0364 29.1861 -10.0841 7.1250 -0.0000 -0.0000 6.2421 0.5926 6.3440
1.2140 16.8560 -1.0575 -0.3280 33.4332 -5.3856 0.0000 0.0000 0.0000 -12.8594 10.6103 0.2969 4.2844 12.5296 37.6322 2.8802 -6.8838 -30.7874 1.1966 -6.9409 -19.5403 0.0000 0.0000 0.0000 2.4702 6.9869 -24.3298 -3.8792 -11.9979 35.7246 0.0044 -1.4379 -1.4077 -1.4716 7.6657 -21.7033 -4.0463 -2.9622 13.7857 1.3456 -4.4504 0.6722 4.5534 -2.0267 -6.5916 -20.0853 -12.2264 -9.9981 20.1605 -17.1257 13.8427 7.9576 -7.7434 9.6290 -0.0000 -0.0000 0.0000 -103.9138 -35.6730 65.1964 146.0079 -44.0789 -105.8925 -0.0000 0.0000 -5.7666 11.1707 4.6229 0.9118 -7.1250 0.0000 -0.0000 -12.7331 34.4665 3.3618 -0.0000 -0.0000 0.0000 55.6017 29.9894 -2.0224 -153.5229 37.6760 -110.8223 0.0000 -0.0000 -10.8337 -19.9582 29.5221 -10.1453 7.1250 -0.0000 -0.0000 6.3281 0.9202 6.4682
1.2626 16.9166 -1.0824 -0.3230 32.4829 -5.2115 0.0000 0.0000 0.0000 -13.6281 10.2061 1.0888 4.0499 12.2266 36.5382 2.8816 -5.8136 -30.9209 0.9815 -6.3062 -17.6755 0.0000 0.0000 0.0000 2.7090 7.3261 -23.4868 -3.5120 -11.4811 33.9202 0.0078 -1.6046 -0.9691 -1.9783 8.8207 -25.2360 -4.2521 -2.7755 13.4641 1.6228 -4.2121 0.3706 4.9140 -1.8915 -6.7235 -20.4579 -11.9456 -9.7513 20.0571 -16.7175 14.0753 8.0802 -7.5940 9.5925 0.0000 -0.0000 0.0000 -103.7797 -34.4100 65.0518 146.3100 -43.8537 -106.1022 -0.0000 0.0000 -6.3404 8.7377 7.7606 1.1889 -7.1250 0.0000 -0.0000 -15.3319 37.4183 2.9450 0.0000 -0.0000 0.0000 56.7251 29.4639 -0.6843 -153.2111 37.9771 -110.6311 0.0000 -0.0000 -10.5373 -19.8125 30.0559 -10.2283 7.1250 -0.0000 -0.0000 6.4777 1.4354 6.6804
1.3084 16.9808 -1.1123 -1.1771 31.5581 -5.0424 0.0000 0.0000 0.0000 -13.3493 10.2623 0.8305 3.9296 12.0661 35.9664 2.8763 -5.0496 -31.0010 0.9151 -6.0951 -17.0607 0.0000 0.0000 0.0000 3.5020 8.7558 -22.9539 -3.1766 -10.9756 32.1977 0.0243 -2.8084 -0.5071 -1.5972 7.9713 -22.6269 -3.6885 -2.8667 12.8538 2.1391 -4.1970 0.0828 5.1138 -1.8924 -6.6916 -20.3420 -11.6741 -10.5178 19.6008 -16.2292 14.8698 7.9768 -7.3390 9.8359 -0.0000 0.0000 0.0000 -103.6902 -34.1602 64.9091 146.2744 -43.8804 -106.0775 -0.0000 0.0000 -6.3866 8.6221 8.2851 1.2517 -7.1250 0.0000 -0.0000 -15.5460 37.9211 2.7906 -0.0000 0.0000 0.0000 57.6896 29.3412 0.1152 -152.8684 38.3044 -110.4194 0.0000 -0.0000 -10.4571 -20.4408 30.0546 -10.5732 7.1250 -0.0000 -0.0000 6.1151 1.5557 6.3146
1.3667 17.0099 -1.1590 -1.5064 30.4392 -4.4787 0.0000 0.0000 0.0000 -13.7603 10.2274 0.0930 3.9575 12.1036 36.0996 2.9269 -4.3965 -31.3943 0.7817 -5.6445 -15.7564 0.0000 0.0000 0.0000 3.6909 9.7052 -23.1122 -2.9465 -10.6079 30.9687 0.0224 -2.8219 -0.0160 -1.7527 8.3308 -23.7235 -3.0737 -3.0650 12.6980 2.3111 -4.3594 -0.4432 4.9944 -1.9653 -7.1813 -19.8265 -11.3613 -10.9630 19.1646 -15.8033 15.5614 7.8147 -7.1120 9.9689 -0.0000 0.0000 0.0000 -103.1776 -34.0780 64.6258 145.8555 -44.1915 -105.7863 -0.0000 0.0000 -5.8913 9.5536 8.1070 1.3596 -7.1250 0.0000 -0.0000 -14.7320 37.8113 2.6772 -0.0000 0.0000 0.0000 58.6225 28.8286 0.1791 -152.6852 38.4777 -110.3057 0.0000 -0.0000 -10.9383 -20.9337 30.1596 -10.8791 7.1250 -0.0000 -0.0000 5.8445 1.7602 6.0525
1.4090 17.0049 -1.2020 -2.1090 29.2635 -4.2928 0.0000 0.0000 0.0000 -13.4682 11.1206 -1.2842 4.1532 12.3615 37.0230 2.9560 -3.3783 -31.7517 1.0335 -6.4662 -18.1432 0.0000 0.0000 0.0000 4.1045 10.5479 -23.4805 -2.8238 -10.4041 30.2956 0.0121 -2.3789 0.5789 -1.8282 8.4987 -24.2394 -2.5132 -3.2932 12.9179 2.6351 -4.5583 -0.8341 5.1007 -2.0528 -7.7225 -18.9196 -10.8497 -11.2146 18.5028 -15.0675 15.7137 7.5485 -6.7535 9.7598 -0.0000 0.0000 0.0000 -102.9701 -34.4035 64.3697 145.3732 -44.5438 -105.4490 -0.0000 0.0000 -5.6638 9.8553 7.7966 1.3500 -7.1250 0.0000 -0.0000 -14.4140 37.5273 2.7196 -0.0000 0.0000 0.0000 59.8275 27.3806 -0.3856 -152.6844 38.4785 -110.3052 0.0000 -0.0000 -12.0645 -23.0697 31.5908 -12.5774 7.1250 -0.0000 -0.0000 4.8295 3.6735 5.1469
1.4519 16.9522 -1.2337 -1.9004 27.3690 -3.8704 0.0000 0.0000 0.0000 -13.8510 12.5740 -2.5248 4.4445 12.7295 38.3642 3.0969 -3.4868 -32.5099 0.9703 -6.2712 -17.5733 0.0000 0.0000 0.0000 3.8765 10.4774 -25.2320 -2.9577 -10.6263 31.0295 -0.0081 -0.1024 1.6671 -1.8715 8.5932 -24.5309 -2.7588 -3.2926 13.1781 2.8245 -4.5847 -0.8081 5.4676 -2.0485 -7.8048 -18.0404 -10.5133 -12.1298 17.9922 -14.4756 15.6228 7.2825 -6.4187 9.6539 -0.0000 0.0000 0.0000 -102.6548 -35.0696 64.3458 145.2657 -44.6215 -105.3736 -0.0000 0.0000 -5.0642 10.5077 8.3273 1.5387 -7.1250 0.0000 -0.0000 -13.9844 38.0935 2.4352 -0.0000 0.0000 0.0000 60.9940 24.4812 -2.2339 -152.6812 38.4816 -110.3031 0.0000 -0.0000 -14.0784 -23.4378 31.3968 -12.7267 7.1250 -0.0000 -0.0000 4.5911 3.5562 4.8823
1.5047 16.8668 -1.2737 -0.9926 24.7895 -3.3300 0.0000 0.0000 0.0000 -14.9956 14.4915 -3.4465 4.6525 12.9814 39.2990 3.2406 -3.0335 -33.3845 1.0340 -6.4678 -18.1480 0.0000 0.0000 0.0000 3.0571 10.6616 -27.5062 -3.2673 -11.1156 32.6708 -0.0041 1.9108 3.0613 -1.2146 6.9910 -19.6889 -3.5329 -3.3338 13.8781 2.8840 -4.7723 -0.5638 6.0491 -2.1077 -7.8493 -17.5129 -10.0369 -14.4689 17.8323 -13.6212 16.5092 7.2469 -5.8714 10.1723 0.0000 0.0000 0.0000 -102.3343 -35.7225 63.5679 145.8040 -44.2295 -105.7504 -0.0000 0.0000 -5.5971 9.4994 9.0146 1.5019 -7.1250 0.0000 -0.0000 -14.9824 38.6954 2.3903 0.0000 0.0000 0.0000 62.5274 21.6753 -3.2707 -152.2644 38.8717 -110.0427 0.0000 -0.0000 -15.9559 -22.8258 29.2716 -11.6288 7.1250 -0.0000 -0.0000 4.6296 1.2353 4.7438
1.5714 16.7694 -1.2995 0.3919 21.6865 -2.7710 0.0000 0.0000 0.0000 -16.8405 16.1551 -3.5766 4.7231 13.0650 39.6122 3.4414 -2.9459 -34.4655 0.9699 -6.2700 -17.5699 0.0000 0.0000 0.0000 1.8591 11.0472 -29.9749 -3.7090 -11.7627 34.8978 0.0221 4.0875 4.8107 -1.3483 7.3510 -20.7595 -4.6736 -3.2914 14.4152 2.6827 -4.9372 -0.2751 6.5376 -2.1560 -7.7426 -16.8309 -9.2527 -15.8827 17.8270 -12.4738 16.7537 7.3159 -5.2261 10.2436 0.0000 0.0000 0.0000 -101.3624 -35.9638 62.1823 145.2726 -44.6165 -105.3785 -0.0000 0.0000 -4.5662 11.2453 6.7349 1.3358 -7.1250 0.0000 -0.0000 -13.0491 36.5670 2.7644 0.0000 0.0000 0.0000 65.2563 16.7785 -3.8199 -150.9538 40.0617 -109.2095 0.0000 -0.0000 -18.3924 -21.7862 27.6250 -10.4995 7.1250 -0.0000 -0.0000 5.0243 -0.6737 4.9841
1.6396 16.7107 -1.2922 1.4284 18.7754 -2.4209 0.0000 0.0000 0.0000 -18.5979 17.5375 -3.6037 4.6492 12.9775 39.2843 3.4319 -0.0140 -35.1711 1.4521 -7.6169 -21.5564 0.0000 0.0000 0.0000 0.6031 12.1772 -32.5675 -4.2679 -12.5087 37.5561 0.0111 5.1377 6.9608 -1.0921 6.6412 -18.6567 -5.5928 -3.5521 14.6064 2.5027 -5.4586 -0.0039 6.9576 -2.4011 -7.4162 -15.7826 -8.1259 -16.1198 17.5479 -11.0283 16.7606 7.2799 -4.5070 9.9138 -0.0000 0.0000 0.0000 -100.0541 -35.6135 59.5282 145.3604 -44.5531 -105.4401 -0.0000 0.0000 -4.6373 9.6265 7.2624 1.2283 -7.1250 0.0000 -0.0000 -14.4903 36.9885 2.9315 -0.0000 0.0000 0.0000 68.9383 9.7771 -2.6873 -147.1228 43.2354 -106.6621 0.0000 -0.0000 -21.1776 -21.9876 27.7696 -10.6543 7.1250 -0.0000 -0.0000 4.9229 -0.4851 4.8992
1.6866 16.7046 -1.2601 1.4888 16.4344 -2.0590 0.0000 0.0000 0.0000 -19.1921 18.4252 -3.5633 4.5101 12.8099 38.6608 3.5669 -0.4320 -35.7447 1.0409 -6.4885 -18.2086 0.0000 0.0000 0.0000 -0.1727 13.8386 -35.7700 -4.9069 -13.2782 40.4188 -0.1332 4.4974 10.0050 -0.6564 5.1822 -14.4288 -5.6077 -4.1377 14.7518 2.6736 -6.2226 0.4098 7.2702 -2.8087 -6.9098 -14.5501 -6.9326 -17.9154 16.9626 -9.3357 17.2054 7.1212 -3.6090 9.9785 0.0000 0.0000 0.0000 -98.2259 -35.9207 56.1849 146.1134 -44.0005 -105.9658 -0.0000 0.0000 -5.2835 8.9999 9.1999 1.4505 -7.1250 0.0000 -0.0000 -15.4449 38.8389 2.4122 0.0000 0.0000 0.0000 72.5842 2.2050 -1.1308 -139.8230 48.1744 -101.4290 0.0000 -0.0000 -25.9508 -19.4857 25.9783 -8.8103 7.1250 -0.0000 -0.0000 6.2187 -2.7863 5.9446
1.7165 16.7098 -1.1368 1.8069 14.9104 -2.1185 0.0000 0.0000 0.0000 -19.6693 19.3438 -2.3906 4.2346 12.4662 37.4017 3.5394 0.6292 -35.9203 1.1130 -6.7023 -18.8365 0.0000 0.0000 0.0000 -0.8383 14.8540 -37.4102 -5.4631 -13.8870 42.7868 -0.0887 5.5058 10.1009 -1.4634 7.6454 -21.6421 -6.1761 -4.9889 14.9227 2.9174 -7.4332 0.7150 8.0474 -3.4215 -6.3765 -13.3171 -5.3966 -17.9073 15.8564 -7.2346 17.1176 6.8108 -2.6613 9.4571 -0.0000 0.0000 0.0000 -95.9725 -35.3758 51.3767 145.1333 -44.7167 -105.2805 -0.0000 0.0000 -4.5274 11.4326 4.6450 0.9382 -7.1250 0.0000 -0.0000 -12.5249 34.5003 3.2940 -0.0000 0.0000 0.0000 75.5224 -5.5033 1.7046 -123.8822 55.1834 -88.8683 0.0000 -0.0000 -28.5579 -18.9750 25.1348 -8.3091 7.1250 -0.0000 -0.0000 6.4489 -3.7359 6.0541
1.7112 16.7108 -0.9426 1.3842 14.8141 -2.0079 0.0000 0.0000 0.0000 -19.0053 19.1874 -1.1977 3.9962 12.1553 36.2837 3.5627 0.7989 -36.0926 1.0990 -6.6615 -18.7163 0.0000 0.0000 0.0000 -0.7687 15.5119 -37.8242 -5.4537 -13.8772 42.7478 0.2466 9.9250 8.6117 -3.9471 12.0897 -36.0502 -5.9934 -6.1103 14.5778 3.5183 -8.8285 1.0212 8.7230 -4.1721 -5.5405 -12.4648 -4.2140 -18.1113 14.6920 -5.5338 17.2311 6.4775 -1.9169 9.1784 -0.0000 0.0000 0.0000 -93.4928 -35.4378 45.8598 145.3357 -44.5709 -105.4228 -0.0000 0.0000 -5.8960 10.8445 4.7713 0.9129 -7.1250 0.0000 -0.0000 -13.0221 34.5987 3.3985 -0.0000 0.0000 0.0000 77.6097 -12.7668 2.9075 -98.9658 59.6941 -67.7566 0.0000 -0.0000 -30.2949 -17.7981 24.1859 -7.4928 7.1250 -0.0000 -0.0000 7.0904 -4.8910 6.5112
1.6924 16.7408 -0.7104 1.1541 14.9076 -1.6157 0.0000 0.0000 0.0000 -18.4353 19.1650 -0.0510 3.6493 11.6785 34.6038 3.3694 1.6844 -35.3914 1.3782 -7.4289 -20.9925 0.0000 0.0000 0.0000 -0.7821 16.3007 -37.4390 -4.8918 -13.2609 40.3532 0.1799 8.3170 6.8848 -4.3744 12.6426 -38.0451 -5.9177 -6.9600 14.3169 4.1344 -9.8973 1.0613 9.4370 -4.7362 -5.0562 -12.3696 -3.0451 -18.0262 14.4515 -3.8877 17.3567 6.5999 -1.1663 8.9377 -0.0000 0.0000 0.0000 -90.6298 -35.3532 40.3599 146.6080 -43.6292 -106.3082 -0.0000 0.0000 -6.2864 10.5292 7.5068 1.3910 -7.1250 0.0000 -0.0000 -13.7941 37.2862 2.6805 -0.0000 0.0000 0.0000 80.2348 -17.7039 1.0457 -69.6901 58.3825 -42.5066 0.0000 -0.0000 -30.7727 -19.1052 23.5118 -7.8676 7.1250 -0.0000 -0.0000 6.2282 -5.3813 5.6509
1.6348 16.7181 -0.4594 1.2254 14.9679 -1.1035 0.0000 0.0000 0.0000 -17.8234 19.4945 0.9488 3.3938 11.3068 33.3216 3.3611 0.9403 -35.0992 1.3739 -7.4178 -20.9593 0.0000 0.0000 0.0000 -0.9806 17.1793 -37.6819 -4.6205 -12.9432 39.1562 -0.0644 1.2693 5.4392 -1.7616 8.3507 -23.7844 -6.0339 -7.2814 14.3943 4.6365 -10.3130 1.3289 10.0738 -4.9797 -4.6113 -11.9079 -2.5988 -19.0900 13.5702 -3.0896 17.4056 6.3133 -0.8141 9.0018 0.0000 -0.0000 0.0000 -86.8400 -35.9791 33.8266 148.0831 -42.4808 -107.3154 -0.0000 0.0000 -8.7965 10.0325 8.9373 1.5743 -7.1250 0.0000 -0.0000 -14.5174 38.6591 2.3256 0.0000 -0.0000 0.0000 84.5441 -22.1270 -4.8181 -50.5722 53.2237 -26.6318 0.0000 -0.0000 -25.3832 -18.3946 24.4567 -7.8391 7.1250 -0.0000 -0.0000 6.7452 -4.5226 6.2366
1.5601 16.6068 -0.1791 2.5128 15.5320 -0.6574 0.0000 0.0000 0.0000 -18.0553 19.8866 1.9788 3.3461 11.2353 33.0777 3.4667 -0.0815 -35.3316 1.4279 -7.5561 -21.3737 0.0000 0.0000 0.0000 -2.5229 17.2406 -38.1404 -4.7775 -13.1287 39.8523 -0.0549 -1.4373 4.1578 -1.7100 8.2339 -23.4268 -7.0336 -7.6120 14.9978 4.7495 -10.9442 0.9656 10.9663 -5.2369 -4.9894 -11.8841 -1.6060 -17.8395 12.6214 -1.5965 16.8382 6.1111 -0.2409 8.3561 0.0000 -0.0000 0.0000 -81.7327 -34.6286 25.0418 150.5272 -40.4372 -108.9339 -0.0000 0.0000 -11.6492 10.0896 8.6760 1.5375 -7.1250 0.0000 -0.0000 -14.4107 38.4067 2.3994 0.0000 -0.0000 0.0000 89.2802 -27.3962 -11.5058 -39.9456 48.0377 -18.3988 0.0000 -0.0000 -25.4644 -19.7026 23.2525 -8.0468 7.1250 -0.0000 -0.0000 5.8352 -5.5553 5.2709
1.4002 16.4128 0.0876 3.0047 15.4174 0.2648 0.0000 0.0000 0.0000 -17.1941 20.6669 0.9908 3.6108 11.6237 34.4133 3.6170 -0.8526 -35.8829 1.7700 -8.3697 -23.8427 0.0000 0.0000 0.0000 -3.6691 19.0143 -40.2012 -5.4577 -13.8814 42.7643 -0.0607 0.9965 5.1333 -1.6057 7.9915 -22.6881 -7.8580 -7.4487 14.7310 5.2221 -10.8179 1.4007 11.8202 -5.2462 -4.1502 -12.0270 -0.8537 -18.0640 11.6349 -0.2015 15.5297 5.8992 0.3318 7.7712 -0.0000 0.0000 0.0000 -75.1112 -33.6596 14.6496 152.7056 -38.4585 -110.3184 -0.0000 0.0000 -14.3326 11.4516 9.1883 1.8527 -7.1250 0.0000 -0.0000 -13.3778 39.0124 2.0159 -0.0000 0.0000 0.0000 95.2044 -29.9782 -20.0869 -35.0146 44.8225 -14.8236 0.0000 -0.0000 -26.8408 -20.4168 22.3701 -8.0632 7.1250 -0.0000 -0.0000 5.3137 -6.3569 4.7135
1.2843 16.1983 0.4676 4.1865 15.8609 0.1434 0.0000 0.0000 0.0000 -16.3762 21.7946 2.5650 3.7340 11.7978 35.0204 3.8492 -2.4074 -36.6575 1.9737 -8.8111 -25.2063 0.0000 0.0000 0.0000 -4.6318 18.5193 -41.3645 -6.8226 -15.1806 48.2000 0.0980 5.6760 3.3788 -1.8626 8.5738 -24.4709 -8.6756 -7.4842 16.2069 5.3443 -11.0824 1.4073 12.7166 -5.3193 -4.6920 -11.5781 0.6535 -19.6196 9.4945 2.3142 16.0596 5.4026 1.3688 7.9240 0.0000 -0.0000 0.0000 -69.0320 -28.7672 3.2946 155.5452 -35.6415 -112.0300 -0.0000 0.0000 -19.4519 11.8318 9.6140 2.0038 -7.1250 0.0000 -0.0000 -13.1493 39.4635 1.8310 0.0000 -0.0000 0.0000 100.2711 -32.5026 -28.1836 -33.7449 43.8948 -13.9359 0.0000 -0.0000 -29.2547 -18.5249 22.9787 -7.4526 7.1250 -0.0000 -0.0000 6.5470 -6.0174 5.8639
1.1641 16.0628 0.8699 5.3268 16.9386 1.2055 0.0000 0.0000 0.0000 -15.9405 21.9663 3.5317 3.5736 11.5702 34.2281 3.8321 -2.3314 -36.5901 2.4909 -9.8214 -28.4002 0.0000 0.0000 0.0000 -5.1468 16.7862 -43.9207 -8.1802 -16.2502 53.2092 0.1526 7.4535 -0.2568 -2.2963 9.4578 -27.2380 -9.3487 -7.6174 16.6732 5.4813 -11.4092 1.2005 13.3966 -5.4405 -4.9189 -10.8905 2.1776 -21.4712 7.3705 4.8224 16.3305 4.8914 2.3957 8.1218 -0.0000 0.0000 0.0000 -65.5049 -20.9000 -6.7545 158.4549 -32.4591 -113.6601 -0.0000 0.0000 -24.1037 11.3991 10.3793 2.0803 -7.1250 0.0000 -0.0000 -13.6931 40.1862 1.6607 -0.0000 0.0000 0.0000 102.8763 -33.0277 -33.4909 -33.2542 43.5245 -13.5968 0.0000 -0.0000 -34.9162 -16.0601 26.6475 -7.3570 7.1250 -0.0000 -0.0000 8.3406 -2.6596 8.0313
1.0458 16.0551 1.4094 6.3364 19.9974 2.6185 0.0000 0.0000 0.0000 -14.9786 20.5180 6.3568 2.8438 10.4377 30.4062 3.5536 -3.5370 -34.9224 2.3987 -9.6513 -27.8547 0.0000 0.0000 0.0000 -3.6798 11.8779 -44.9576 -8.9446 -16.7719 55.8983 0.0067 6.1690 -4.1380 -1.1089 6.6904 -18.8013 -10.0800 -7.5969 15.8559 5.5477 -11.4498 1.2136 13.7140 -5.5100 -4.2912 -10.5646 2.8509 -21.7239 6.1368 5.9180 14.6679 4.4808 2.8565 7.5538 0.0000 -0.0000 0.0000 -65.0238 -16.0914 -10.1469 159.7407 -30.9535 -114.3359 -0.0000 0.0000 -23.5834 12.5360 7.9837 1.7689 -7.1250 0.0000 -0.0000 -12.2157 37.8919 2.1767 0.0000 -0.0000 0.0000 103.8098 -30.9407 -38.1205 -34.3940 44.3746 -14.3879 0.0000 -0.0000 -36.8152 -17.8509 23.0343 -7.1820 7.1250 -0.0000 -0.0000 6.9715 -6.0597 6.2441
0.9262 16.2260 1.9595 5.8605 27.2398 4.1625 0.0000 0.0000 0.0000 -12.2749 14.2600 8.8176 2.2388 9.3468 26.8862 2.7951 -4.9512 -30.5537 2.2065 -9.2836 -26.6867 0.0000 0.0000 0.0000 -1.8573 5.4902 -43.9357 -9.1821 -16.9235 56.7176 -0.0730 6.3400 -6.1548 -1.4912 7.7143 -21.8495 -8.7848 -7.4534 15.6000 6.0617 -10.9769 0.6580 13.5526 -5.1990 -5.0365 -11.3295 1.4469 -24.4679 6.5419 4.4917 15.5744 4.6972 2.1648 8.4228 0.0000 0.0000 0.0000 -68.7740 -15.2282 -4.3570 160.6828 -29.8110 -114.8124 -0.0000 0.0000 -21.4846 11.9571 8.2434 1.7392 -7.1250 0.0000 -0.0000 -12.7529 38.1112 2.2061 0.0000 0.0000 0.0000 102.3699 -28.0938 -43.8798 -35.5499 45.2008 -15.2022 0.0000 -0.0000 -41.3526 -18.4870 22.7541 -7.3684 7.1250 -0.0000 -0.0000 6.5537 -6.2537 5.8401
0.7962 16.5649 2.5052 5.1667 38.0407 5.0661 0.0000 0.0000 0.0000 -7.7566 8.1890 7.6349 2.1704 9.2124 26.4621 1.5704 -5.4685 -22.5487 3.6916 -11.7382 -34.8122 0.0000 0.0000 0.0000 -0.2883 -3.1943 -42.8003 -9.5175 -17.1295 57.8633 0.0197 5.9360 -3.5754 -2.2455 9.3596 -26.9269 -7.1173 -6.9502 15.8909 6.1268 -9.9983 0.0365 12.7160 -4.5947 -6.4281 -13.2184 -1.7971 -23.5776 9.1032 0.1008 14.5720 5.3020 0.2776 8.3653 0.0000 0.0000 0.0000 -73.3561 -17.4468 9.4215 160.5130 -30.0193 -114.7277 -0.0000 0.0000 -18.0378 12.1311 6.2163 1.3333 -7.1250 0.0000 -0.0000 -12.2237 36.1017 2.7246 0.0000 0.0000 0.0000 98.0949 -26.7574 -49.6434 -35.5858 45.2260 -15.2278 0.0000 -0.0000 -42.2563 -19.9916 22.8153 -8.0297 7.1250 -0.0000 -0.0000 5.6178 -5.9617 5.0287
0.6366 16.9980 2.9770 5.6940 49.0006 5.9958 0.0000 0.0000 0.0000 -4.1687 2.7247 3.4626 2.6178 10.0491 29.1358 0.4096 -8.1928 -11.9478 3.0274 -10.7393 -31.4057 0.0000 0.0000 0.0000 -1.6156 -8.6833 -40.7324 -9.8965 -17.3513 59.1420 0.0559 5.1976 5.1687 -2.9404 10.5979 -30.9355 -5.3171 -5.9038 17.3325 5.0864 -8.3618 0.0813 10.5156 -3.7206 -8.0176 -15.5704 -6.3223 -20.9193 13.5551 -6.3553 11.0180 6.2930 -2.4828 7.7744 -0.0000 -0.0000 0.0000 -76.9310 -21.4603 22.1107 159.6107 -31.1086 -114.2689 -0.0000 0.0000 -12.4263 11.6853 5.2845 1.0913 -7.1250 0.0000 -0.0000 -12.4269 35.1490 3.0667 -0.0000 -0.0000 0.0000 90.3231 -27.2917 -53.9055 -34.3895 44.3713 -14.3848 0.0000 -0.0000 -42.9280 -20.7327 22.2323 -8.1504 7.1250 -0.0000 -0.0000 5.1034 -6.4504 4.5162
0.4787 17.3197 3.4042 6.0675 57.2671 5.9241 0.0000 0.0000 0.0000 -1.7085 -1.0380 -1.3013 3.2597 11.1040 32.6314 -0.0853 -8.8138 -4.3920 3.2458 -11.0827 -32.5594 0.0000 0.0000 0.0000 -3.9858 -8.2168 -36.1686 -9.4612 -17.0955 57.6720 -0.0850 4.4620 8.8787 -2.3818 9.6197 -27.7538 -3.2630 -4.1930 18.7746 4.1549 -5.7368 1.0150 7.8626 -2.5066 -8.6255 -19.0831 -10.3963 -15.5300 18.7701 -12.1282 4.9366 7.8311 -5.2095 6.4578 0.0000 0.0000 0.0000 -79.2300 -25.7555 30.4151 158.2952 -32.6418 -113.5741 -0.0000 0.0000 -11.5540 13.9358 4.4723 1.1085 -7.1250 0.0000 -0.0000 -10.4666 34.4379 2.7518 0.0000 0.0000 0.0000 78.4207 -30.3191 -56.8802 -33.1049 43.4105 -13.4941 0.0000 -0.0000 -44.4958 -21.6823 21.3150 -8.2236 7.1250 -0.0000 -0.0000 4.4239 -7.2588 3.8412
0.3691 17.4282 3.7863 6.7377 62.2901 5.4400 0.0000 0.0000 0.0000 -0.4143 -5.0572 -1.9565 3.4596 11.4042 33.6557 -0.1572 -7.1840 0.9605 2.9242 -10.5714 -30.8475 0.0000 0.0000 0.0000 -6.0303 -4.6013 -29.0853 -7.6251 -15.8365 51.2009 0.0772 -4.9953 -0.9058 -1.2671 7.1348 -20.1153 -1.1700 -2.7925 19.8547 3.3445 -3.4852 1.8556 5.2526 -1.5075 -8.8047 -21.6118 -12.5499 -9.6519 21.8909 -15.5646 0.4835 8.9430 -7.1311 5.3223 0.0000 -0.0000 0.0000 -79.7955 -27.6783 32.7185 157.4606 -33.5813 -113.1182 -0.0000 0.0000 -13.2806 13.2988 5.5140 1.3011 -7.1250 0.0000 -0.0000 -11.1455 35.4597 2.6538 0.0000 -0.0000 0.0000 59.6613 -33.3603 -56.1914 -30.6401 41.4358 -11.8309 0.0000 -0.0000 -42.7259 -21.3539 20.2795 -7.7171 7.1250 -0.0000 -0.0000 4.5464 -8.3951 3.8464
0.2800 17.2737 4.1585 5.4566 63.8385 3.3863 0.0000 0.0000 0.0000 1.9744 -5.0301 -1.0284 3.4160 11.3399 33.4349 -0.1818 -7.5543 2.2058 3.3148 -11.1879 -32.9163 0.0000 0.0000 0.0000 -6.8432 2.0536 -23.2499 -5.6465 -14.0768 43.5458 0.0481 -3.8936 -1.6730 -2.4909 9.8213 -28.4001 1.1954 -1.8398 19.0873 2.6212 -1.8061 2.9364 2.5908 -0.8082 -7.4594 -21.3096 -13.3883 -6.3802 21.8945 -17.2190 -0.8467 8.7895 -8.1494 4.7141 0.0000 0.0000 0.0000 -76.7867 -27.1885 29.3777 157.4836 -33.5557 -113.1309 -0.0000 0.0000 -9.8728 14.8841 4.2795 1.1362 -7.1250 0.0000 -0.0000 -9.6682 34.2822 2.5736 0.0000 0.0000 0.0000 35.5971 -29.5069 -49.4635 -27.4531 38.6078 -9.7805 0.0000 -0.0000 -42.1158 -24.4369 18.3495 -8.1410 7.1250 -0.0000 -0.0000 2.3882 -9.9762 1.9401
0.1591 16.8562 4.5132 1.8855 62.9892 -0.7906 0.0000 0.0000 0.0000 6.1605 -2.3707 -0.1306 3.6033 11.6129 34.3759 -0.2329 -8.7832 0.9398 3.9735 -12.1251 -36.1760 0.0000 0.0000 0.0000 -5.1847 4.5111 -23.0681 -5.3765 -13.7956 42.4249 0.0065 -2.0530 -2.3106 -2.9146 10.5555 -30.7951 3.8097 -1.3706 19.0437 2.6831 -0.6496 2.9808 0.8795 -0.3137 -7.4557 -22.5311 -12.7706 -3.5690 21.0539 -16.8494 -0.4267 8.9282 -8.1569 4.2961 -0.0000 -0.0000 0.0000 -74.0862 -24.6308 24.1900 158.0703 -32.8975 -113.4524 -0.0000 0.0000 -11.4857 15.8394 4.7886 1.3568 -7.1250 0.0000 -0.0000 -8.9560 34.8441 2.2563 -0.0000 -0.0000 0.0000 10.2520 -18.2673 -39.0923 -23.0103 34.1001 -7.1441 0.0000 -0.0000 -35.9485 -23.1958 17.9005 -7.5032 7.1250 -0.0000 -0.0000 3.1619 -10.6411 2.5276
-0.0341 16.3602 4.9066 2.2925 62.1301 -1.7711 0.0000 0.0000 0.0000 8.6686 -1.4019 1.6879 3.6629 11.6978 34.6711 -0.4007 -12.4158 -1.3063 4.5184 -12.8200 -38.6984 0.0000 0.0000 0.0000 -3.9727 1.0059 -26.9750 -7.1814 -15.4828 49.5573 -0.1822 1.9145 -7.6227 -2.8869 10.5096 -30.6434 4.9242 -0.7775 19.5384 2.0483 0.3313 2.8980 -0.6809 0.1113 -7.7877 -22.8880 -12.3331 -1.2128 19.7281 -16.7518 0.5676 8.6971 -8.2619 4.0581 -0.0000 -0.0000 0.0000 -72.0488 -24.0608 21.4109 158.3586 -32.5694 -113.6083 -0.0000 0.0000 -12.8329 15.4380 4.9726 1.3712 -7.1250 0.0000 -0.0000 -9.3099 35.0142 2.3084 -0.0000 -0.0000 0.0000 -9.8836 -1.4850 -37.5710 -17.7051 27.7779 -4.4109 0.0000 -0.0000 -18.9625 -20.2151 19.1816 -6.8985 7.1250 -0.0000 -0.0000 5.2005 -9.7064 4.2673
-0.2627 15.8813 5.2463 8.5932 61.6551 1.6879 0.0000 0.0000 0.0000 7.1784 -2.6321 3.7530 3.9777 12.1307 36.1960 -0.4294 -13.6627 -2.8356 4.3050 -12.5556 -37.7269 0.0000 0.0000 0.0000 -6.8836 -1.1143 -29.8110 -9.1636 -16.9118 56.6541 -0.3455 6.1958 -10.6764 -2.4998 9.8375 -28.4521 4.7895 -0.0471 21.1518 0.5403 1.2204 3.5033 -2.4899 0.5351 -7.9140 -23.9446 -12.4970 0.4749 19.2902 -17.2202 -0.2030 8.7629 -8.5835 3.6926 0.0000 0.0000 0.0000 -72.0674 -25.6402 23.3195 158.3558 -32.5726 -113.6068 -0.0000 0.0000 -10.5478 15.3382 4.7485 1.3007 -7.1250 0.0000 -0.0000 -9.3611 34.7805 2.3752 0.0000 0.0000 0.0000 -23.8816 13.5219 -37.3249 -15.6658 25.0654 -3.5032 0.0000 -0.0000 -12.5088 -20.1596 19.6941 -7.0529 7.1250 -0.0000 -0.0000 5.2711 -9.1793 4.3818
-0.4508 15.5769 5.4854 8.7929 60.3335 2.3668 0.0000 0.0000 0.0000 7.8732 -3.7267 2.4873 4.6309 12.9557 39.2029 -0.3926 -13.5887 -3.5071 3.2689 -11.1182 -32.6795 0.0000 0.0000 0.0000 -7.0845 1.2296 -33.5020 -10.8075 -17.8396 62.1548 -0.4337 8.2871 -12.2603 -2.7468 10.2734 -29.8668 7.3375 0.5801 20.7357 0.0457 2.5226 3.6801 -4.8065 1.1213 -7.2557 -23.4692 -13.3855 0.8388 17.7353 -18.3556 -0.9428 8.0691 -9.1534 3.4325 0.0000 -0.0000 0.0000 -75.2271 -26.5412 28.7909 158.4977 -32.4099 -113.6830 -0.0000 0.0000 -8.9381 16.0993 3.6965 1.0660 -7.1250 0.0000 -0.0000 -8.6070 33.7331 2.4012 0.0000 -0.0000 0.0000 -34.1091 28.4363 -42.2595 -15.4636 24.7880 -3.4180 0.0000 -0.0000 -4.3299 -18.4047 21.0487 -6.8151 7.1250 -0.0000 -0.0000 6.4869 -8.0188 5.5552
-0.6164 15.4902 5.7162 9.5379 60.9028 4.1303 0.0000 0.0000 0.0000 8.0825 -5.4334 0.1636 5.0584 13.4493 41.0745 -0.2412 -12.2178 -4.7249 3.6703 -11.7083 -34.7077 0.0000 0.0000 0.0000 -6.5815 1.9086 -35.9142 -11.7959 -18.3030 65.3404 -0.7702 7.0716 -15.6974 -4.3907 12.6629 -38.1192 7.6883 1.4196 20.0366 0.3417 3.6573 3.5730 -4.9287 1.6777 -6.8466 -22.9546 -14.5822 1.7483 17.8181 -20.0755 -2.0582 7.8662 -10.0329 3.2567 0.0000 -0.0000 0.0000 -81.3372 -25.4943 37.3580 159.1545 -31.6476 -114.0313 -0.0000 0.0000 -7.3179 13.9258 3.4720 0.8603 -7.1250 0.0000 -0.0000 -10.3356 33.4244 2.9743 0.0000 -0.0000 0.0000 -39.9227 40.1438 -39.9539 -18.0113 28.1717 -4.5546 0.0000 -0.0000 -5.2182 -17.5144 25.2487 -7.6664 7.1250 -0.0000 -0.0000 7.3489 -3.8517 6.8966
-0.7526 15.4506 5.8284 11.3331 61.8534 5.6392 0.0000 0.0000 0.0000 6.9348 -7.8252 -0.0301 5.2482 13.6580 41.8844 -0.0817 -9.0470 -4.6937 3.7504 -11.8206 -35.1002 0.0000 0.0000 0.0000 -6.9702 2.7469 -34.5250 -11.3712 -18.1120 63.9812 -0.8573 8.0659 -16.6257 -2.9353 10.5896 -30.9078 6.3784 1.5867 20.4078 0.9112 3.6737 4.2359 -3.5755 1.7614 -6.4467 -22.3331 -15.5444 1.6344 19.2193 -21.2716 -3.4188 8.0505 -10.6212 3.2275 0.0000 -0.0000 0.0000 -85.8476 -24.6739 42.8283 159.6713 -31.0363 -114.3002 -0.0000 0.0000 -7.8411 12.7523 3.2411 0.7331 -7.1250 0.0000 -0.0000 -11.2469 33.1494 3.3213 0.0000 -0.0000 0.0000 -40.1151 49.1330 -31.6996 -24.4820 35.6698 -7.9859 0.0000 -0.0000 -5.1545 -18.9977 30.0992 -9.7959 7.1250 -0.0000 -0.0000 6.9531 1.3254 7.1646
-0.8465 15.5450 5.8669 11.4887 61.8097 6.5930 0.0000 0.0000 0.0000 6.6616 -7.4203 -0.8438 5.1060 13.5022 41.2787 -0.0079 -6.9130 -4.6493 3.9468 -12.0892 -36.0484 0.0000 0.0000 0.0000 -6.8506 3.8458 -34.9571 -11.1025 -17.9849 63.1141 -0.8163 8.1893 -16.2559 -2.2599 9.3877 -27.0159 6.4063 2.1393 20.4477 0.4388 4.3636 4.1670 -4.2704 2.0893 -6.4291 -20.7412 -16.2963 2.4509 20.6942 -22.2944 -4.8663 8.2431 -11.2032 2.9107 -0.0000 0.0000 0.0000 -87.2616 -24.8606 48.3062 159.1917 -31.6039 -114.0509 -0.0000 0.0000 -9.2355 9.4441 4.4285 0.7359 -7.1250 0.0000 -0.0000 -14.0915 34.1966 3.8335 -0.0000 0.0000 0.0000 -33.5594 55.0117 -18.6078 -33.2337 43.5089 -13.5827 0.0000 -0.0000 -3.2175 -16.8046 29.2612 -8.3972 7.1250 -0.0000 -0.0000 8.1337 0.0911 8.2299
-0.9026 15.7192 5.8457 11.4013 62.4008 7.3242 0.0000 0.0000 0.0000 6.6625 -7.0311 -1.8180 4.8101 13.1667 39.9956 -0.0226 -5.9828 -3.5250 4.1960 -12.4167 -37.2226 0.0000 0.0000 0.0000 -6.3929 4.0445 -34.3017 -10.3946 -17.6259 60.7994 -0.7679 7.2403 -15.6887 -2.1411 9.1541 -26.2785 5.6997 2.3115 20.4206 0.6542 4.4540 4.3041 -3.6550 2.1550 -6.3303 -20.9863 -17.2378 1.9240 21.7635 -23.4583 -5.4712 8.3479 -11.7598 3.2310 0.0000 -0.0000 0.0000 -87.0788 -25.4667 50.0275 158.2832 -32.6555 -113.5676 -0.0000 0.0000 -7.6452 12.9639 3.7667 0.8664 -7.1250 0.0000 -0.0000 -11.1518 33.6858 3.1448 0.0000 -0.0000 0.0000 -21.7722 58.7923 -6.1922 -42.9637 49.7310 -20.6731 0.0000 -0.0000 -0.1259 -15.5382 31.5761 -8.2836 7.1250 -0.0000 -0.0000 9.0950 2.1938 9.5559
-0.9361 15.9035 5.7521 10.1647 63.1067 6.8021 0.0000 0.0000 0.0000 7.3441 -7.1492 -2.5653 4.5157 12.8167 38.6861 -0.0930 -6.2700 -1.1090 3.8681 -11.9827 -35.6709 0.0000 0.0000 0.0000 -5.6161 3.8587 -33.1088 -9.4149 -17.0674 57.5140 -0.6405 6.7783 -14.3325 -1.8962 8.6465 -24.6956 6.1997 1.9662 21.0082 0.0571 4.1087 3.9292 -4.5520 1.9341 -6.9992 -21.3157 -17.3824 3.3882 23.9883 -23.8624 -6.5469 9.1439 -12.0884 3.1523 -0.0000 -0.0000 0.0000 -85.3066 -25.8242 49.3999 157.6030 -33.4228 -113.1968 -0.0000 0.0000 -7.6521 12.1128 3.9309 0.8429 -7.1250 0.0000 -0.0000 -11.8620 33.8169 3.3139 -0.0000 -0.0000 0.0000 -0.7562 60.4099 9.0140 -52.6964 54.0268 -28.3422 0.0000 0.0000 1.3526 -15.0653 31.0439 -7.9027 7.1250 -0.0000 -0.0000 9.3105 1.5850 9.6920
-0.9255 16.1029 5.5977 8.4345 63.6645 5.9778 0.0000 0.0000 0.0000 7.8956 -7.6424 -3.2616 4.2647 12.5046 37.5412 -0.1198 -6.2664 0.8819 3.6823 -11.7252 -34.7666 0.0000 0.0000 0.0000 -4.7642 3.5609 -32.0162 -8.4418 -16.4348 54.1388 -0.4892 5.7500 -12.4991 -1.1999 6.9500 -19.5674 4.7619 1.9536 20.6374 0.8805 3.8252 3.9600 -2.7559 1.8348 -6.9613 -22.3178 -17.5312 2.9171 24.4313 -24.0778 -6.3850 9.2953 -12.1535 3.5115 -0.0000 -0.0000 0.0000 -86.0401 -26.1148 48.9680 157.1271 -33.9496 -112.9328 -0.0000 0.0000 -7.2800 13.4463 3.8375 0.9167 -7.1250 0.0000 -0.0000 -10.7727 33.7759 3.0106 -0.0000 -0.0000 0.0000 18.6864 57.2545 21.4740 -64.2398 57.3378 -37.8904 0.0000 0.0000 0.8710 -15.1837 31.5026 -8.0713 7.1250 -0.0000 -0.0000 9.2884 2.0611 9.7437
-0.8733 16.2588 5.4013 6.5397 63.8693 4.7549 0.0000 0.0000 0.0000 8.4732 -7.4927 -3.9491 4.1575 12.3670 37.0431 -0.1815 -7.5402 2.3384 3.7043 -11.7561 -34.8746 0.0000 0.0000 0.0000 -4.1368 2.9144 -30.7917 -7.5102 -15.7469 50.7788 -0.4081 5.5384 -11.4373 -1.1052 6.6796 -18.7697 3.4166 1.9124 19.9492 1.6099 3.5106 4.2376 -1.0944 1.7347 -6.4507 -23.3790 -17.4934 2.9532 25.1495 -24.0364 -6.9542 9.6683 -12.1369 3.5759 0.0000 -0.0000 0.0000 -86.6864 -25.9301 47.7421 157.1009 -33.9783 -112.9182 -0.0000 0.0000 -6.0290 13.6619 3.9262 0.9535 -7.1250 0.0000 -0.0000 -10.6110 33.8740 2.9384 0.0000 -0.0000 0.0000 34.1690 50.6686 27.4498 -76.6013 59.3107 -48.4233 0.0000 0.0000 1.3342 -13.6367 32.2037 -7.3670 7.1250 -0.0000 -0.0000 10.2296 2.5043 10.8381
-0.7993 16.3304 5.1846 4.4227 63.5034 3.0043 0.0000 0.0000 0.0000 8.7852 -7.8338 -3.9506 4.2034 12.4262 37.2570 -0.2091 -8.1391 1.9141 3.5413 -11.5236 -34.0668 0.0000 0.0000 0.0000 -3.5573 3.2797 -29.4147 -6.7528 -15.1201 47.9329 -0.3924 4.4597 -11.1466 -1.0729 6.5844 -18.4899 2.2618 2.2053 19.7159 2.0663 3.6833 4.3641 0.0161 1.8451 -6.2887 -24.4608 -17.9468 2.7771 25.9283 -24.7163 -6.9927 9.8614 -12.4510 4.0113 0.0000 -0.0000 0.0000 -87.7188 -25.4259 47.9798 157.0420 -34.0429 -112.8852 -0.0000 0.0000 -5.3049 14.7413 3.2414 0.8524 -7.1250 0.0000 -0.0000 -9.6488 33.2189 2.8203 0.0000 -0.0000 0.0000 44.5389 41.9226 27.8264 -90.7684 59.9978 -60.6654 0.0000 0.0000 0.5770 -14.3837 30.6754 -7.4540 7.1250 -0.0000 -0.0000 9.6653 1.1086 9.9927
-0.7039 16.3028 4.9247 2.4851 62.9969 1.2546 0.0000 0.0000 0.0000 9.1825 -7.5992 -4.1644 4.4296 12.7112 38.2967 -0.3023 -10.3653 -0.1170 3.0524 -10.7794 -31.5396 0.0000 0.0000 0.0000 -3.3111 2.8387 -29.1053 -6.4136 -14.8175 46.6199 -0.3399 4.0312 -10.3682 -1.4348 7.5735 -21.4261 3.4682 0.7739 20.7391 0.5535 1.9790 3.7665 -1.9118 0.9503 -7.3947 -24.7809 -17.4322 1.2190 27.0850 -24.0538 -5.2039 10.2142 -12.0035 4.8699 -0.0000 0.0000 0.0000 -84.6455 -23.7320 44.4825 157.1815 -33.8897 -112.9632 -0.0000 0.0000 -5.0154 15.2694 3.1223 0.8519 -7.1250 0.0000 -0.0000 -9.2089 33.1152 2.7121 -0.0000 0.0000 0.0000 57.3804 35.3624 28.6162 -104.4814 59.1926 -72.5072 0.0000 -0.0000 -2.1090 -12.6078 31.0622 -6.5832 7.1250 -0.0000 -0.0000 10.7116 1.2184 11.1317
-0.5895 16.1561 4.6728 0.5043 62.2169 -0.8194 0.0000 0.0000 0.0000 9.4695 -7.3232 -4.0884 4.7769 13.1281 39.8500 -0.2938 -13.4330 -5.1708 2.9635 -10.6358 -31.0611 0.0000 0.0000 0.0000 -3.2813 2.9266 -29.6461 -6.5373 -14.9296 47.1020 -0.3063 3.7401 -9.8380 -1.8425 8.5301 -24.3361 1.5828 0.9171 19.7977 1.3329 1.7979 4.1080 0.0732 0.9251 -6.6185 -23.5368 -17.5796 1.7731 25.5525 -24.0227 -6.6455 9.6824 -12.0473 3.9372 -0.0000 0.0000 0.0000 -86.1689 -23.3343 44.4227 156.8792 -34.2206 -112.7939 -0.0000 0.0000 -2.8142 16.1442 2.9918 0.8656 -7.1250 0.0000 -0.0000 -8.4893 33.0098 2.5178 -0.0000 0.0000 0.0000 63.7615 28.3210 26.4893 -119.7752 56.3695 -85.4718 0.0000 -0.0000 -5.3164 -15.2120 29.6692 -7.6658 7.1250 -0.0000 -0.0000 9.0975 0.2383 9.2524
-0.4698 15.9167 4.4037 -0.6913 61.4401 -2.6793 0.0000 0.0000 0.0000 9.4783 -6.9462 -3.2674 5.1902 13.5948 41.6379 -0.0752 -15.4684 -10.0358 3.0707 -10.8087 -31.6373 0.0000 0.0000 0.0000 -4.0703 4.1300 -29.8601 -6.8944 -15.2423 48.4737 -0.3183 3.8298 -10.0308 -2.8184 10.3950 -30.2657 0.4620 0.3485 19.8295 1.1107 0.8009 3.9707 0.7213 0.4562 -6.8007 -23.6444 -17.0258 1.1608 25.4211 -23.3533 -5.2269 9.7056 -11.6587 4.2872 -0.0000 0.0000 0.0000 -86.6330 -22.6457 43.7382 156.5155 -34.6143 -112.5883 -0.0000 0.0000 -3.4231 12.7005 3.5322 0.7955 -7.1250 0.0000 -0.0000 -11.3299 33.4400 3.2654 -0.0000 0.0000 0.0000 70.9353 22.6057 25.2303 -133.2188 51.6119 -96.3732 0.0000 -0.0000 -5.9848 -12.3755 31.4885 -6.5380 7.1250 -0.0000 -0.0000 10.8779 1.6042 11.3831
-0.3306 15.6460 4.0705 -2.5036 60.9910 -5.5840 0.0000 0.0000 0.0000 9.8083 -5.7783 -2.7208 5.7219 14.1533 43.8552 0.3753 -18.3711 -16.0816 4.0289 -12.1988 -36.4389 0.0000 0.0000 0.0000 -4.6630 4.7501 -29.5742 -7.2852 -15.5674 49.9447 -0.3311 3.6198 -10.2284 -3.6094 11.6216 -34.4063 -0.6312 -0.4374 19.9196 1.3634 -0.4321 4.0032 1.9283 -0.1182 -6.7860 -25.0528 -15.9631 0.2487 26.5286 -22.1757 -2.7871 10.3923 -10.9877 5.2119 -0.0000 0.0000 0.0000 -87.5362 -22.7690 44.0470 155.3874 -35.8054 -111.9378 -0.0000 0.0000 -1.8470 14.4741 2.5153 0.6490 -7.1250 0.0000 -0.0000 -9.7738 32.4711 3.0368 -0.0000 0.0000 0.0000 71.9831 19.3226 23.3624 -143.3592 45.9488 -104.0187 0.0000 -0.0000 -8.8769 -12.8279 31.0723 -6.7029 7.1250 -0.0000 -0.0000 10.5872 1.2613 11.0057
-0.1577 15.4755 3.6650 -5.2251 61.4516 -9.1786 0.0000 0.0000 0.0000 10.4194 -4.4746 -2.8504 6.1586 14.5803 45.6148 0.8553 -20.5644 -20.6161 3.7665 -11.8430 -35.1789 0.0000 0.0000 0.0000 -4.8004 4.7043 -27.9269 -7.2259 -15.5192 49.7236 -0.3165 2.3136 -10.0776 -4.6772 13.0107 -39.4087 -0.0215 -1.5789 20.2930 1.1642 -1.8240 3.5415 1.7397 -0.8029 -7.4579 -24.0960 -15.4598 0.4628 25.9418 -21.7499 -1.0735 10.1644 -10.7763 5.3729 -0.0000 -0.0000 0.0000 -88.6512 -22.9539 46.1437 154.3316 -36.8794 -111.3121 -0.0000 0.0000 -0.9789 13.4210 2.9581 0.7055 -7.1250 0.0000 -0.0000 -10.6723 32.8871 3.2151 -0.0000 -0.0000 0.0000 72.8520 15.8885 20.2408 -151.0169 40.0057 -109.2501 0.0000 -0.0000 -10.6832 -13.2597 31.2013 -6.9600 7.1250 -0.0000 -0.0000 10.3526 1.4544 10.7880
0.0232 15.4597 3.1720 -5.7030 61.7109 -10.3433 0.0000 0.0000 0.0000 8.9930 -2.8428 -2.6362 6.2441 14.6607 45.9535 1.3087 -22.3276 -24.1584 3.0589 -10.7898 -31.5742 0.0000 0.0000 0.0000 -6.0295 5.6175 -25.0868 -6.3551 -14.7638 46.3907 -0.2013 -0.0176 -8.4814 -4.4873 12.7821 -38.5581 -1.6618 -2.3463 19.5495 1.9525 -3.1021 3.9098 3.7998 -1.3980 -6.4869 -23.7761 -15.1262 -0.2443 25.1017 -21.1680 -0.3800 9.8960 -10.4389 5.3921 -0.0000 0.0000 0.0000 -91.8853 -24.6481 49.6671 152.9122 -38.2628 -110.4466 -0.0000 0.0000 -1.4885 11.9230 3.8734 0.8172 -7.1250 0.0000 -0.0000 -12.0060 33.7519 3.3749 -0.0000 0.0000 0.0000 72.0330 14.6048 17.0639 -155.8701 35.3013 -112.2185 0.0000 -0.0000 -10.2303 -11.6406 33.7236 -6.5248 7.1250 -0.0000 -0.0000 11.4780 3.6900 12.4386
0.2042 15.6036 2.6055 -5.4745 60.9030 -9.9318 0.0000 0.0000 0.0000 6.7497 -0.1620 -2.8112 6.0061 14.4342 45.0061 1.8354 -22.3235 -27.0550 2.4883 -9.8165 -28.3846 0.0000 0.0000 0.0000 -7.1481 7.8503 -22.2961 -5.0301 -13.4176 40.9524 0.0291 -4.5375 -5.2515 -4.4374 12.7208 -38.3320 -2.2744 -2.7927 18.6004 2.2460 -3.7975 3.7447 4.5743 -1.7432 -6.0445 -23.5958 -14.8963 -0.8508 24.6571 -20.8554 0.7129 9.7308 -10.2336 5.6592 -0.0000 -0.0000 0.0000 -92.9409 -24.7333 53.5376 151.5652 -39.5135 -109.6008 -0.0000 0.0000 -2.8934 12.2443 3.1989 0.6938 -7.1250 0.0000 -0.0000 -11.6478 33.0892 3.4612 -0.0000 -0.0000 0.0000 70.1799 13.5148 11.5319 -158.1008 32.8629 -113.4689 0.0000 -0.0000 -11.3266 -10.5136 34.6668 -6.0259 7.1250 -0.0000 -0.0000 12.1766 4.4443 13.3794
0.3623 15.8697 2.0180 -5.6043 59.4113 -9.2462 0.0000 0.0000 0.0000 4.2615 0.8424 -3.1001 5.7052 14.1364 43.7867 2.1243 -20.7644 -28.0702 2.3402 -9.5414 -27.5040 0.0000 0.0000 0.0000 -8.1085 11.5470 -20.3497 -3.7677 -11.8447 35.1848 0.3994 -11.8571 0.0418 -3.2568 11.0996 -32.6165 -2.5797 -3.2470 17.3033 2.8820 -4.4096 3.6721 5.4697 -2.0663 -5.2950 -23.3199 -14.6201 -1.9663 23.9452 -20.3051 1.5727 9.4726 -9.8880 5.8436 0.0000 0.0000 0.0000 -94.2103 -25.6262 56.5346 150.1690 -40.7481 -108.7009 -0.0000 0.0000 -2.5489 13.1070 2.6248 0.6109 -7.1250 0.0000 -0.0000 -10.8791 32.5409 3.3720 0.0000 0.0000 0.0000 67.9700 13.6734 8.1245 -158.9504 31.8862 -113.9239 0.0000 -0.0000 -13.2653 -11.4703 34.3258 -6.5275 7.1250 -0.0000 -0.0000 11.6255 4.2538 12.7122
0.4715 16.1726 1.4632 -4.8983 57.1745 -7.7096 0.0000 0.0000 0.0000 1.3633 1.7890 -3.4613 5.3596 13.7776 42.3539 2.2294 -18.5116 -28.0179 2.4799 -9.8013 -28.3356 0.0000 0.0000 0.0000 -8.8842 13.5822 -21.4753 -3.2155 -11.0359 32.4011 0.6748 -17.7844 4.6814 -1.0105 6.3960 -17.9379 -3.0509 -3.3701 16.3966 3.1728 -4.6445 3.4128 6.0357 -2.1909 -4.9948 -22.9074 -14.2937 -2.7064 23.4704 -19.7603 2.2219 9.3049 -9.5719 5.9283 0.0000 -0.0000 0.0000 -94.0379 -26.5905 58.1424 150.5263 -40.4380 -108.9333 -0.0000 0.0000 -6.6442 7.1566 7.9281 0.9922 -7.1250 0.0000 -0.0000 -16.6746 37.4751 3.1963 0.0000 -0.0000 0.0000 65.7523 14.6970 4.6861 -158.5769 32.3189 -113.7254 0.0000 -0.0000 -13.4365 -13.2596 32.5272 -7.2213 7.1250 -0.0000 -0.0000 10.4712 2.7639 11.1482
0.5513 16.4244 1.0215 -4.9550 55.0137 -7.6425 0.0000 0.0000 0.0000 -0.5474 2.7296 -2.4181 4.8587 13.2229 40.2088 2.0908 -17.7616 -27.0713 1.9025 -8.6600 -24.7375 0.0000 0.0000 0.0000 -7.2105 11.3372 -24.1538 -3.5974 -11.6045 34.3469 0.2237 -10.9822 3.5965 -1.6015 7.9814 -22.6576 -2.9643 -3.1562 16.5794 3.1904 -4.3683 2.7282 6.0077 -2.0207 -5.8658 -22.4556 -14.0649 -2.0057 22.8582 -19.6471 2.9959 9.1032 -9.5599 5.8871 0.0000 -0.0000 0.0000 -93.8288 -26.7926 60.6481 149.6587 -41.1842 -108.3663 -0.0000 0.0000 -7.4870 7.9773 7.7581 1.0837 -7.1250 0.0000 -0.0000 -15.9590 37.3655 3.0944 0.0000 -0.0000 0.0000 64.4913 14.2119 1.4673 -158.4802 32.4301 -113.6736 0.0000 -0.0000 -13.1101 -13.2631 31.8724 -7.0946 7.1250 -0.0000 -0.0000 10.4095 2.1181 10.9671
0.6052 16.6387 0.6617 -3.9346 53.4220 -7.1606 0.0000 0.0000 0.0000 -3.1812 2.6440 -0.8270 4.3695 12.6365 38.0228 2.1382 -14.8987 -26.7569 1.8123 -8.4636 -24.1314 0.0000 0.0000 0.0000 -5.0488 6.9962 -27.8107 -4.7794 -13.1310 39.8607 0.1335 -6.8351 -0.1339 -1.2200 7.0061 -19.7334 -4.0529 -3.4574 16.8137 3.1667 -4.9771 2.5413 6.7526 -2.2925 -6.0264 -22.8463 -13.5988 -3.5174 22.5266 -18.9958 5.3260 9.0761 -9.1351 6.7025 0.0000 -0.0000 0.0000 -93.8131 -28.4295 60.8406 147.9413 -42.5939 -107.2195 -0.0000 0.0000 -6.6117 9.0344 6.9006 1.0944 -7.1250 0.0000 -0.0000 -14.9021 36.5978 3.1663 0.0000 -0.0000 0.0000 63.8601 15.4104 1.4048 -157.7984 33.2041 -113.3041 0.0000 -0.0000 -11.6580 -15.1653 31.1962 -7.9917 7.1250 -0.0000 -0.0000 9.2685 1.7531 9.6737
0.6810 16.8397 0.3299 -2.9256 52.0905 -6.3598 0.0000 0.0000 0.0000 -5.7283 2.7781 0.4625 3.8663 11.9803 35.6624 2.1308 -12.6435 -26.4037 1.5967 -7.9701 -22.6232 0.0000 0.0000 0.0000 -2.9891 3.7501 -30.6502 -6.1104 -14.5345 45.4232 0.1881 -7.6880 -3.4531 -0.1129 2.1663 -5.9654 -4.3152 -3.6268 16.6347 2.7204 -5.2981 2.0491 6.4964 -2.4258 -6.4350 -22.7862 -13.1814 -4.0858 22.2953 -18.5877 7.3834 9.0530 -8.8852 7.3088 -0.0000 0.0000 0.0000 -94.1609 -29.7085 61.8564 146.3706 -43.8083 -106.1441 -0.0000 0.0000 -5.5975 9.8047 6.7543 1.1644 -7.1250 0.0000 -0.0000 -14.2394 36.5007 3.0528 -0.0000 0.0000 0.0000 63.6529 15.7915 1.0559 -157.0689 34.0134 -112.9003 0.0000 -0.0000 -11.6725 -15.2303 29.9950 -7.7509 7.1250 -0.0000 -0.0000 9.1166 0.5666 9.3247
0.7411 16.9968 0.0742 -2.2068 51.1470 -5.7654 0.0000 0.0000 0.0000 -7.5695 2.9057 1.4105 3.4591 11.4036 33.6535 2.0210 -11.1749 -25.5958 1.3639 -7.3917 -20.8810 0.0000 0.0000 0.0000 -0.8551 1.2051 -32.5486 -7.4740 -15.7184 50.6452 0.0636 -4.8579 -3.7998 -1.4154 7.5242 -21.2780 -4.7474 -3.6885 16.1554 2.1921 -5.5219 1.1217 6.2297 -2.4862 -7.1577 -22.0472 -12.4536 -2.1844 21.7182 -18.0337 8.3152 8.9739 -8.7298 6.9877 0.0000 -0.0000 0.0000 -94.6415 -29.7201 63.3543 144.5197 -45.1521 -104.8471 -0.0000 0.0000 -3.8365 10.8175 6.0531 1.1543 -7.1250 0.0000 -0.0000 -13.2727 35.8670 3.0465 0.0000 -0.0000 0.0000 63.6466 15.0758 0.9158 -156.0499 35.1115 -112.3222 0.0000 -0.0000 -10.8684 -15.8470 31.1964 -8.3643 7.1250 -0.0000 -0.0000 8.8805 1.8675 9.2759
0.7731 17.0730 -0.1155 -2.4079 50.4531 -6.1290 0.0000 0.0000 0.0000 -8.0106 3.5010 1.6328 3.3333 11.2161 33.0120 1.9565 -11.0724 -25.1802 1.2428 -7.0688 -19.9192 0.0000 0.0000 0.0000 1.6017 -0.4155 -32.9911 -8.4575 -16.4456 54.1942 -0.0077 -2.7925 -4.4191 -2.2658 9.3991 -27.0519 -4.9430 -4.0034 15.8997 1.9328 -6.0084 0.6115 6.1642 -2.6973 -7.5133 -21.6025 -11.9489 -2.0133 21.2246 -17.5315 9.8227 8.8529 -8.4864 7.2114 0.0000 0.0000 0.0000 -95.1159 -30.2535 63.9139 143.0019 -46.1873 -103.7613 -0.0000 0.0000 -3.1996 12.2390 4.5322 0.9820 -7.1250 0.0000 -0.0000 -11.8535 34.4239 3.1332 0.0000 0.0000 0.0000 64.1317 14.6054 1.4189 -155.5233 35.6644 -112.0172 0.0000 -0.0000 -10.8463 -14.5449 31.5177 -7.7241 7.1250 -0.0000 -0.0000 9.6520 1.9710 10.1211
0.8029 17.1058 -0.3141 -1.0439 50.6850 -4.6081 0.0000 0.0000 0.0000 -9.4491 3.7565 0.5463 3.3722 11.2745 33.2113 1.8724 -12.0227 -24.7313 1.0679 -6.5695 -18.4460 0.0000 0.0000 0.0000 2.0410 -1.6285 -32.8017 -8.8062 -16.6814 55.4175 -0.0191 -0.0567 -2.6304 -1.8034 8.4439 -24.0708 -5.2932 -3.9643 15.1126 1.4784 -6.0235 0.5598 5.7987 -2.7200 -7.1446 -21.6838 -12.5771 -3.4118 21.2064 -18.2761 10.5592 8.6497 -8.7475 7.8769 -0.0000 -0.0000 0.0000 -96.8905 -32.2880 66.1058 142.7959 -46.3234 -103.6125 -0.0000 0.0000 -5.8173 8.2313 9.7677 1.4059 -7.1250 0.0000 -0.0000 -16.2295 39.3311 2.3393 -0.0000 -0.0000 0.0000 63.6574 15.1700 -0.0205 -155.2481 35.9494 -111.8562 0.0000 -0.0000 -10.5892 -14.5194 31.1402 -7.6281 7.1250 -0.0000 -0.0000 9.6307 1.5921 10.0359
0.8164 17.0748 -0.4352 0.0096 51.0947 -4.0081 0.0000 0.0000 0.0000 -10.2383 4.3419 -0.2022 3.5190 11.4912 33.9550 1.8583 -12.8957 -24.7505 1.2617 -7.1202 -20.0720 0.0000 0.0000 0.0000 2.4518 -1.7020 -30.3784 -8.4942 -16.4710 54.3239 0.0055 2.4532 -1.3101 -2.1315 9.1347 -26.2176 -5.8937 -3.9127 14.8106 1.1992 -6.0505 0.8178 5.7928 -2.7471 -6.6643 -22.2988 -12.9702 -4.0822 21.8078 -18.7341 10.3182 8.8294 -8.9216 8.1650 0.0000 -0.0000 0.0000 -98.7730 -33.5937 68.1796 141.4168 -47.2078 -102.6077 -0.0000 0.0000 -5.4171 8.6256 9.4435 1.4257 -7.1250 0.0000 -0.0000 -15.8177 39.0474 2.3902 0.0000 -0.0000 0.0000 63.0133 15.4216 -1.5342 -155.1028 36.0987 -111.7708 0.0000 -0.0000 -10.4791 -16.9518 33.6521 -9.5874 7.1250 -0.0000 -0.0000 8.5397 4.5125 9.2855
0.8178 17.0310 -0.5380 0.0753 51.7339 -3.8856 0.0000 0.0000 0.0000 -10.1756 4.7042 -1.7587 3.8424 11.9477 35.5471 1.8164 -14.2081 -24.6970 1.2680 -7.1374 -20.1231 0.0000 0.0000 0.0000 3.3129 -1.2127 -27.2225 -7.3610 -15.6285 50.2267 -0.1599 0.6896 -7.3393 -2.8663 10.4754 -30.5302 -5.6203 -4.0832 14.6803 0.7932 -6.2730 0.4386 5.2589 -2.8445 -7.0476 -21.9037 -13.0622 -3.5313 21.5991 -18.9561 10.2199 8.6808 -9.0573 8.0193 -0.0000 -0.0000 0.0000 -99.4334 -33.1894 69.1145 140.5953 -47.7132 -102.0024 -0.0000 0.0000 -5.7732 8.4531 8.8216 1.3056 -7.1250 0.0000 -0.0000 -15.8119 38.4305 2.6369 -0.0000 -0.0000 0.0000 63.5144 14.0990 -2.3145 -155.7920 35.3835 -112.1733 0.0000 -0.0000 -10.0840 -15.8513 32.2159 -8.6076 7.1250 -0.0000 -0.0000 8.9860 2.8846 9.5426
0.8084 17.0239 -0.5819 -0.9609 51.9368 -5.1570 0.0000 0.0000 0.0000 -9.4740 4.4703 -1.6806 3.9790 12.1324 36.2020 1.7492 -14.8811 -24.4070 0.9890 -6.3297 -17.7441 0.0000 0.0000 0.0000 4.6894 0.5088 -23.7160 -6.3275 -14.7384 46.2823 -0.2952 -0.9134 -10.6364 -1.9159 8.6887 -24.8262 -4.8929 -4.2867 15.1022 0.8169 -6.4363 0.4888 4.9499 -2.9362 -7.2844 -22.9178 -13.2366 -4.8096 21.9928 -19.0903 11.0836 8.8951 -9.0494 8.7221 0.0000 -0.0000 0.0000 -99.7397 -32.9570 68.9290 140.6129 -47.7025 -102.0155 -0.0000 0.0000 -5.7135 7.9969 9.9655 1.3927 -7.1250 0.0000 -0.0000 -16.4770 39.5038 2.3048 0.0000 -0.0000 0.0000 63.7247 13.9988 -2.4045 -155.9908 35.1740 -112.2882 0.0000 -0.0000 -10.5427 -15.1841 31.9146 -8.1648 7.1250 -0.0000 -0.0000 9.3301 2.4709 9.8531
0.8255 17.0375 -0.6722 -1.0633 52.3370 -5.1629 0.0000 0.0000 0.0000 -9.7572 4.2892 -2.2416 4.0627 12.2434 36.5985 1.7856 -14.6238 -24.5825 1.1681 -6.8607 -19.3034 0.0000 0.0000 0.0000 4.6616 0.5593 -22.6892 -5.8550 -14.2864 44.3971 -0.3157 -1.2759 -11.1562 -1.8411 8.5270 -24.3267 -4.2307 -4.4582 14.9299 0.9255 -6.5265 0.6570 4.6864 -3.0132 -7.0569 -23.6919 -13.5640 -5.8418 22.1458 -19.2826 10.9864 8.9633 -9.0966 9.0304 -0.0000 -0.0000 0.0000 -100.5935 -32.6810 69.0459 140.5688 -47.7293 -101.9828 -0.0000 0.0000 -5.9345 8.2940 8.9222 1.2952 -7.1250 0.0000 -0.0000 -15.9688 38.5164 2.6299 -0.0000 -0.0000 0.0000 63.5121 14.3861 -2.7624 -156.0917 35.0671 -112.3462 0.0000 -0.0000 -10.3421 -14.9318 31.7304 -7.9837 7.1250 -0.0000 -0.0000 9.4539 2.2457 9.9515
0.8369 17.0905 -0.7217 -1.2261 52.4531 -5.1033 0.0000 0.0000 0.0000 -9.9581 4.1941 -2.1885 3.9312 12.0682 35.9738 1.7342 -14.2279 -24.1834 1.1052 -6.6795 -18.7693 0.0000 0.0000 0.0000 4.7506 0.3882 -22.0767 -5.4141 -13.8355 42.5825 -0.3007 -1.3998 -10.9653 -1.5614 7.8857 -22.3674 -3.8572 -4.0341 14.4546 0.8391 -5.9039 0.3638 4.2454 -2.7158 -7.2185 -23.6549 -13.7101 -3.8275 22.3240 -19.7970 10.0372 9.0171 -9.4715 8.4992 0.0000 0.0000 0.0000 -100.9018 -30.9520 70.5413 141.0304 -47.4474 -102.3236 -0.0000 0.0000 -6.1755 8.0680 10.2168 1.4403 -7.1250 0.0000 -0.0000 -16.4821 39.7525 2.2012 0.0000 0.0000 0.0000 63.8030 12.9906 -3.9761 -156.2600 34.8881 -112.4427 0.0000 -0.0000 -10.1729 -14.7262 31.6044 -7.8425 7.1250 -0.0000 -0.0000 9.5577 2.0867 10.0382
0.8250 17.1589 -0.7369 -1.7069 52.8164 -5.1838 0.0000 0.0000 0.0000 -9.6956 4.1223 -2.3420 3.7573 11.8302 35.1339 1.6107 -14.3265 -23.4116 1.0486 -6.5117 -18.2766 0.0000 0.0000 0.0000 5.1535 -0.1893 -21.5632 -4.9895 -13.3719 40.7772 -0.2784 -1.6478 -10.7076 -1.2242 7.0176 -19.7676 -3.5657 -4.2264 14.1277 1.2789 -6.0599 0.5573 4.5344 -2.8144 -6.7943 -24.2731 -14.1193 -5.7745 21.9289 -19.9310 10.6316 8.8173 -9.4394 9.0968 0.0000 0.0000 0.0000 -100.8467 -30.4752 70.2545 141.1516 -47.3726 -102.4128 -0.0000 0.0000 -5.7243 7.0712 10.8869 1.3421 -7.1250 0.0000 -0.0000 -17.5038 40.3141 2.0959 0.0000 0.0000 0.0000 63.7236 13.6332 -3.8698 -155.6004 35.5839 -112.0621 0.0000 -0.0000 -9.9829 -15.9373 32.9581 -8.8305 7.1250 -0.0000 -0.0000 9.0204 3.6381 9.6924
0.8079 17.2102 -0.7115 -2.0542 53.1144 -5.4520 0.0000 0.0000 0.0000 -9.3721 3.9431 -1.9085 3.5880 11.5909 34.2998 1.5107 -14.4163 -22.7766 0.9322 -6.1503 -17.2213 0.0000 0.0000 0.0000 5.7963 0.0270 -20.0531 -4.5465 -12.8542 38.8250 -0.2808 -2.6643 -11.3533 -1.5882 7.9498 -22.5616 -3.7301 -4.2544 13.9315 1.2720 -6.1260 0.3466 4.6245 -2.8367 -6.8885 -23.8134 -14.1170 -5.1493 21.7761 -20.0857 10.6405 8.6981 -9.5417 8.9526 0.0000 -0.0000 0.0000 -99.9578 -29.2988 70.5827 139.9577 -48.0949 -101.5293 -0.0000 0.0000 -3.7740 11.5560 5.0667 1.0345 -7.1250 0.0000 -0.0000 -12.4952 34.9259 3.1536 0.0000 -0.0000 0.0000 64.5841 12.8959 -3.5100 -154.9586 36.2463 -111.6856 0.0000 -0.0000 -9.5359 -16.3381 34.4769 -9.4219 7.1250 -0.0000 -0.0000 8.9801 5.2192 9.8772
0.7838 17.2514 -0.6897 -3.3035 53.6319 -6.1930 0.0000 0.0000 0.0000 -8.5241 3.5638 -2.2469 3.5526 11.5400 34.1236 1.5167 -14.2791 -22.7854 1.0335 -6.4662 -18.1434 0.0000 0.0000 0.0000 6.7954 0.4744 -19.0798 -4.2155 -12.4418 37.3133 -0.2956 -3.1785 -11.9437 -0.7855 5.6581 -15.7955 -3.2925 -4.3556 13.6871 1.5243 -6.1698 0.1981 4.6422 -2.8665 -6.9243 -23.6816 -14.1972 -4.7832 21.9798 -20.3163 10.5469 8.7257 -9.6587 8.9258 0.0000 -0.0000 0.0000 -99.8251 -29.1968 71.3558 140.1936 -47.9548 -101.7047 -0.0000 0.0000 -4.7371 10.2129 7.4546 1.3390 -7.1250 0.0000 -0.0000 -14.0455 37.2145 2.7571 0.0000 -0.0000 0.0000 64.6736 12.5610 -3.5875 -154.5132 36.6974 -111.4209 0.0000 -0.0000 -8.9504 -14.7685 31.9199 -7.9351 7.1250 -0.0000 -0.0000 9.5650 2.4069 10.0977
0.7483 17.2425 -0.7221 -3.7230 53.5325 -5.9130 0.0000 0.0000 0.0000 -8.4212 3.0689 -3.4063 3.7311 11.7937 35.0060 1.5923 -13.8638 -23.1979 0.9890 -6.3298 -17.7443 0.0000 0.0000 0.0000 6.9535 1.5251 -19.4878 -4.1278 -12.3286 36.9045 -0.2802 -3.2507 -11.7367 -1.2042 6.9621 -19.6032 -3.0485 -4.4367 13.6333 1.7132 -6.2341 -0.2070 4.7408 -2.8840 -7.3278 -23.6431 -14.0888 -4.7473 22.0539 -20.1642 10.4145 8.7810 -9.5863 8.8435 -0.0000 0.0000 0.0000 -99.9123 -29.2128 71.5929 140.2259 -47.9355 -101.7287 -0.0000 0.0000 -4.3287 9.7267 6.5770 1.1248 -7.1250 0.0000 -0.0000 -14.2678 36.3219 3.1234 -0.0000 0.0000 0.0000 64.5413 11.9031 -3.7455 -154.4244 36.7865 -111.3678 0.0000 -0.0000 -9.5472 -13.3553 30.7569 -6.9224 7.1250 -0.0000 -0.0000 10.2604 1.0294 10.6136
0.7305 17.2148 -0.7626 -4.1408 52.9704 -5.9980 0.0000 0.0000 0.0000 -8.2543 3.2939 -4.3044 3.9678 12.1175 36.1488 1.7563 -13.4681 -24.1890 0.9609 -6.2418 -17.4875 0.0000 0.0000 0.0000 7.1258 2.2722 -19.8674 -4.1378 -12.3415 36.9511 -0.2802 -3.0051 -11.5673 -1.0153 6.4106 -17.9806 -2.5848 -4.4819 13.9056 1.7222 -6.2283 -0.4353 4.5364 -2.8783 -7.7759 -22.9362 -13.9638 -4.6317 21.9304 -20.0117 10.1808 8.6657 -9.5034 8.6127 0.0000 -0.0000 0.0000 -100.0986 -29.7032 72.3637 140.4138 -47.8228 -101.8680 -0.0000 0.0000 -4.9363 8.7216 9.1225 1.3933 -7.1250 0.0000 -0.0000 -15.6595 38.7427 2.4860 0.0000 -0.0000 0.0000 64.4455 11.4457 -3.5475 -154.1804 37.0300 -111.2212 0.0000 -0.0000 -9.5447 -12.6800 30.2881 -6.4739 7.1250 -0.0000 -0.0000 10.6093 0.4647 10.8827
0.7567 17.1681 -0.8747 -3.2020 50.7847 -5.1032 0.0000 0.0000 0.0000 -9.3791 4.3820 -4.7368 4.1446 12.3504 36.9830 2.0008 -11.7251 -25.5142 1.0988 -6.6610 -18.7147 0.0000 0.0000 0.0000 6.2436 2.7240 -21.0405 -4.2263 -12.4557 37.3636 -0.2660 -1.0588 -10.1862 -1.0880 6.6293 -18.6216 -2.2803 -4.3025 14.3653 1.4675 -5.9727 -0.6661 4.1095 -2.7474 -8.3673 -22.8663 -13.6126 -4.9134 22.2859 -19.5535 10.3489 8.8726 -9.2490 8.6470 -0.0000 0.0000 0.0000 -100.1270 -30.1587 72.4327 140.6361 -47.6885 -102.0326 -0.0000 0.0000 -4.2719 7.4699 10.1910 1.3290 -7.1250 0.0000 -0.0000 -16.9792 39.6788 2.3041 -0.0000 0.0000 0.0000 64.5697 11.0833 -2.2393 -153.3605 37.8333 -110.7228 0.0000 -0.0000 -8.3590 -14.2818 30.2415 -7.3059 7.1250 -0.0000 -0.0000 9.6852 0.6613 9.9388
0.8107 17.1043 -0.9509 -1.5013 46.8435 -4.4516 0.0000 0.0000 0.0000 -10.8899 6.9387 -3.9902 4.2195 12.4469 37.3317 2.2229 -10.3820 -26.8056 1.0390 -6.4829 -18.1922 0.0000 0.0000 0.0000 5.1113 3.9556 -21.7969 -4.3878 -12.6593 38.1062 -0.2236 1.3091 -8.5673 -1.1974 6.9431 -19.5469 -3.2943 -3.8313 14.8098 1.3123 -5.5383 -0.3732 4.4445 -2.5029 -8.2543 -21.9880 -13.2773 -5.9069 21.3964 -18.8542 10.6846 8.4999 -8.8613 8.5599 0.0000 -0.0000 0.0000 -100.3067 -30.8307 72.5408 139.7803 -48.1995 -101.3971 -0.0000 0.0000 -3.3916 8.9264 8.7019 1.3613 -7.1250 0.0000 -0.0000 -15.3890 38.3484 2.5942 0.0000 -0.0000 0.0000 64.5907 11.7907 -0.1497 -152.4783 38.6722 -110.1766 0.0000 -0.0000 -7.6902 -14.3317 31.1415 -7.5266 7.1250 -0.0000 -0.0000 9.7376 1.5631 10.1458
0.8910 17.0659 -1.0431 -1.6601 41.4059 -4.3566 0.0000 0.0000 0.0000 -11.3368 9.7666 -4.0905 4.3098 12.5616 37.7488 2.4600 -9.0019 -28.2271 0.7978 -5.7011 -15.9196 0.0000 0.0000 0.0000 5.3533 6.7697 -23.1918 -4.4177 -12.6964 38.2425 -0.1373 3.7214 -6.6902 -0.7296 5.4574 -15.2178 -3.1608 -3.7187 14.3726 1.7118 -5.3162 -0.1357 4.6995 -2.4167 -7.7437 -21.2657 -12.6551 -8.7714 20.4270 -17.5651 12.2377 8.1688 -8.0834 9.1053 0.0000 -0.0000 0.0000 -99.7392 -31.0767 71.0011 139.5105 -48.3573 -101.1957 -0.0000 0.0000 -1.7653 9.3727 7.6358 1.2564 -7.1250 0.0000 -0.0000 -14.7794 37.3380 2.8629 0.0000 -0.0000 0.0000 64.8919 13.2364 3.4810 -151.4608 39.6079 -109.5344 0.0000 -0.0000 -6.4165 -14.4159 30.9782 -7.5369 7.1250 -0.0000 -0.0000 9.6746 1.4145 10.0535
0.9953 17.0084 -1.1212 -2.1687 35.3619 -4.6983 0.0000 0.0000 0.0000 -11.3871 13.0191 -3.8860 4.3953 12.6686 38.1404 2.7151 -7.6304 -29.7843 0.7436 -5.5086 -15.3650 0.0000 0.0000 0.0000 6.2003 9.0965 -24.5951 -4.5058 -12.8047 38.6417 -0.0173 6.2247 -4.8103 -0.7569 5.5563 -15.5023 -2.9138 -3.8908 14.2648 2.1717 -5.4654 -0.1129 5.0700 -2.4961 -7.6210 -20.3363 -11.3699 -11.5530 19.9451 -15.6147 14.5288 8.1770 -6.9727 9.8109 -0.0000 0.0000 0.0000 -99.2273 -31.1974 69.0915 138.6575 -48.8455 -100.5559 -0.0000 -0.0000 1.2663 9.7318 7.5096 1.2840 -7.1250 0.0000 -0.0000 -14.4553 37.2377 2.8333 -0.0000 0.0000 0.0000 65.9662 12.8631 7.9566 -150.9691 40.0481 -109.2194 0.0000 -0.0000 -6.1719 -15.5881 31.8199 -8.3678 7.1250 -0.0000 -0.0000 9.0921 2.4450 9.5913
1.1188 16.9341 -1.1651 -2.0062 29.0962 -4.6468 0.0000 0.0000 0.0000 -12.0935 16.5672 -3.7564 4.4886 12.7837 38.5640 2.9902 -6.0380 -31.4987 0.7749 -5.6207 -15.6878 0.0000 0.0000 0.0000 6.5472 10.6616 -26.8657 -4.8496 -13.2124 40.1689 0.2032 10.1693 -3.0315 -0.6972 5.3373 -14.8732 -3.5612 -3.8806 13.4800 2.2119 -5.5446 -0.2664 5.4253 -2.5258 -7.2725 -17.3190 -9.6300 -10.9129 18.4705 -13.5588 15.0387 7.5292 -5.9878 9.0265 0.0000 0.0000 0.0000 -98.1286 -31.0916 67.4028 136.2605 -50.1358 -98.7332 -0.0000 -0.0000 5.8263 10.9279 8.4818 1.6312 -7.1250 0.0000 -0.0000 -13.6658 38.2754 2.3147 0.0000 0.0000 0.0000 67.2506 10.5387 10.9855 -151.3630 39.6961 -109.4719 0.0000 -0.0000 -6.3293 -14.0025 30.8973 -7.2972 7.1250 -0.0000 -0.0000 9.9031 1.2687 10.2733
1.2286 16.8221 -1.1631 -1.4821 23.7034 -4.4869 0.0000 0.0000 0.0000 -12.8486 20.0623 -3.8770 4.6460 12.9737 39.2699 3.2256 -4.6942 -32.9840 1.0201 -6.4253 -18.0236 0.0000 0.0000 0.0000 6.5179 11.8545 -29.4464 -5.4621 -13.8860 42.7827 0.3474 12.7246 -3.1985 -1.1877 6.9160 -19.4667 -3.9798 -4.7160 13.8544 2.2712 -6.7373 -0.5072 5.9866 -3.0747 -7.5531 -15.6237 -7.9780 -13.8328 17.3415 -11.2300 17.4519 7.2083 -4.7132 9.7307 0.0000 0.0000 0.0000 -96.2660 -32.6953 62.9984 131.1503 -52.5209 -94.7416 -0.0000 -0.0000 6.5752 12.2556 6.3133 1.3684 -7.1250 0.0000 -0.0000 -12.1382 36.2056 2.6734 0.0000 0.0000 0.0000 67.4415 8.0670 14.5422 -151.5315 39.5440 -109.5794 0.0000 -0.0000 -6.0275 -15.5873 32.1062 -8.4337 7.1250 -0.0000 -0.0000 9.1228 2.7298 9.6680
1.3228 16.6714 -1.1023 -0.3233 19.6367 -4.4071 0.0000 0.0000 0.0000 -14.2287 22.5030 -3.5909 4.8566 13.2204 40.1993 3.5383 -4.1067 -34.7332 1.0267 -6.4457 -18.0831 0.0000 0.0000 0.0000 5.7800 11.8375 -32.3505 -6.4735 -14.8720 46.8539 0.4248 14.7819 -4.5635 -2.1062 9.0838 -26.0579 -5.9365 -5.6595 13.4756 2.4705 -8.2985 -0.9059 7.5196 -3.7685 -7.2762 -13.7190 -5.9400 -13.6615 15.9851 -8.6546 18.8024 6.8135 -3.5037 9.4979 -0.0000 0.0000 0.0000 -94.2966 -33.7297 57.9023 123.8146 -55.2047 -88.8128 -0.0000 -0.0000 8.3769 13.7573 6.1308 1.4978 -7.1250 0.0000 -0.0000 -10.8676 36.1058 2.4116 -0.0000 0.0000 0.0000 66.0220 3.6817 16.3210 -152.2834 38.8541 -110.0546 0.0000 -0.0000 -7.3829 -14.7660 32.3154 -8.0203 7.1250 -0.0000 -0.0000 9.6064 2.7988 10.2058
1.3904 16.5288 -0.9777 0.0206 16.9905 -4.7637 0.0000 0.0000 0.0000 -14.5366 24.1523 -3.2266 5.1049 13.5009 41.2738 3.7248 -1.6774 -36.2125 1.6103 -8.0022 -22.7206 0.0000 0.0000 0.0000 5.8833 12.2373 -34.4134 -7.4832 -15.7257 50.6792 0.2950 14.2374 -6.0499 -2.0504 8.9703 -25.7025 -7.1792 -7.0809 13.2923 2.9582 -10.3615 -1.1691 8.9961 -4.7540 -6.8169 -11.7977 -4.2509 -14.0247 14.2051 -6.4320 20.2715 6.1731 -2.4728 9.5498 -0.0000 0.0000 0.0000 -91.3679 -35.3533 51.7081 113.7294 -57.7616 -80.3959 -0.0000 -0.0000 9.1410 15.5388 4.8910 1.3581 -7.1250 0.0000 -0.0000 -9.2161 34.9354 2.3025 -0.0000 0.0000 0.0000 63.5912 -1.1387 17.0513 -153.1636 38.0227 -110.6018 0.0000 -0.0000 -8.6560 -11.1254 29.7894 -5.5801 7.1250 -0.0000 -0.0000 11.4680 -0.2465 11.6548
1.4450 16.3533 -0.8001 1.1193 15.1994 -5.0390 0.0000 0.0000 0.0000 -15.3179 25.3467 -2.2240 5.3425 13.7594 42.2822 4.0423 -1.8191 -37.7404 1.4606 -7.6383 -21.6207 0.0000 0.0000 0.0000 5.1514 12.3021 -36.1274 -8.5046 -16.4781 54.3606 -0.0336 11.4256 -8.4950 -2.2492 9.3670 -26.9501 -9.1013 -8.4239 12.7916 3.4404 -12.3863 -0.9936 10.6141 -5.8072 -5.4520 -10.5284 -2.9460 -14.9453 12.8713 -4.5586 20.8823 5.7267 -1.6038 9.5863 -0.0000 0.0000 0.0000 -88.0041 -38.5202 44.9538 99.4470 -59.6601 -68.1720 -0.0000 -0.0000 9.6361 17.1418 4.7893 1.4752 -7.1250 0.0000 -0.0000 -7.8874 34.9035 1.9710 -0.0000 0.0000 0.0000 59.9708 -5.8118 15.6490 -153.4246 37.7713 -110.7621 0.0000 -0.0000 -9.9614 -7.4260 28.7346 -3.5855 7.1250 -0.0000 -0.0000 13.5525 -1.7336 13.5237
1.4694 16.2254 -0.5258 1.8996 14.2813 -5.3368 0.0000 0.0000 0.0000 -15.2522 26.4916 -0.4144 5.2846 13.6973 42.0382 4.2228 -2.1044 -38.5360 1.4182 -7.5315 -21.2998 0.0000 0.0000 0.0000 4.4109 12.9366 -37.5888 -9.2051 -16.9379 56.7968 -0.2478 8.0076 -9.7866 -1.3592 7.3795 -20.8447 -10.8375 -9.8410 11.7925 4.0328 -14.4228 -1.0168 12.0162 -6.9266 -3.8813 -9.4022 -1.7719 -15.6293 11.4551 -2.9053 22.1625 5.2764 -0.8747 9.8997 -0.0000 0.0000 0.0000 -83.3045 -41.6416 38.0876 81.6846 -59.7371 -52.8050 -0.0000 -0.0000 10.1154 16.4052 5.1558 1.5156 -7.1250 0.0000 -0.0000 -8.5396 35.2478 2.0646 -0.0000 0.0000 0.0000 56.6532 -9.9911 14.5608 -152.8984 38.2759 -110.4380 0.0000 -0.0000 -10.9403 -9.8333 29.8699 -4.9337 7.1250 -0.0000 -0.0000 12.2159 -0.3381 12.4300
1.5186 16.1181 -0.2254 2.9089 12.6468 -5.4229 0.0000 0.0000 0.0000 -15.8860 28.0373 1.6025 4.9791 13.3602 40.7324 4.2778 -0.5093 -39.1965 1.6301 -8.0488 -22.8625 0.0000 0.0000 0.0000 3.5374 13.8553 -39.6051 -9.5173 -17.1293 57.8625 -0.2709 3.8236 -9.2602 -1.2190 7.0032 -19.7247 -11.8509 -10.8185 11.3701 4.5215 -15.8462 -1.6825 13.0430 -7.6240 -3.5844 -8.9452 -0.8508 -15.3870 10.4003 -1.5610 23.1380 5.0157 -0.3424 10.0214 0.0000 -0.0000 0.0000 -78.1826 -43.3159 31.7026 61.7738 -56.7644 -35.8209 -0.0000 -0.0000 11.5507 20.4268 1.9858 0.7394 -7.1250 0.0000 -0.0000 -4.9542 32.0734 1.5724 0.0000 -0.0000 0.0000 52.9291 -15.6194 13.9725 -152.8367 38.3345 -110.3998 0.0000 -0.0000 -11.0869 -12.4886 30.8844 -6.4861 7.1250 -0.0000 -0.0000 10.7652 1.0254 11.1536
1.5231 16.0181 0.1355 3.8186 11.7327 -5.5150 0.0000 0.0000 0.0000 -16.1519 28.9419 4.2298 4.5473 12.8551 38.8285 4.2293 1.4854 -39.5546 1.8653 -8.5797 -24.4893 0.0000 0.0000 0.0000 2.4541 15.3496 -41.0090 -9.3539 -17.0301 57.3062 -0.0792 -0.6918 -5.6147 -0.4587 4.3446 -12.0482 -13.3885 -11.8692 11.3162 5.3591 -17.4816 -2.4156 14.7395 -8.4361 -3.1718 -8.2432 0.2183 -16.1666 9.0565 0.0737 24.6872 4.6839 0.3201 10.5498 0.0000 -0.0000 0.0000 -72.6644 -43.9807 24.7620 47.3826 -51.8837 -24.0991 -0.0000 -0.0000 11.5589 18.5296 3.6955 1.2376 -7.1250 0.0000 -0.0000 -6.6313 33.8213 1.8285 0.0000 -0.0000 0.0000 49.2549 -19.3419 12.6905 -153.0126 38.1672 -110.5087 0.0000 -0.0000 -13.5810 -9.1298 30.6320 -4.6811 7.1250 -0.0000 -0.0000 12.6602 0.3173 13.0522
1.5463 15.9242 0.5766 6.0906 11.8917 -5.9654 0.0000 0.0000 0.0000 -17.4084 29.5023 9.3857 3.6687 11.7060 34.6999 4.1566 2.4291 -39.5247 1.8319 -8.5068 -24.2644 0.0000 0.0000 0.0000 -0.1903 15.6292 -41.4971 -8.9953 -16.8047 56.0737 0.0433 -3.6958 -1.6202 -0.0169 0.8396 -2.3075 -15.6629 -12.8442 10.7776 5.2204 -19.0335 -2.2750 15.3402 -9.3664 -1.5697 -7.3959 0.9119 -16.6325 7.7494 1.1989 24.7970 4.2156 0.7647 10.5872 0.0000 -0.0000 0.0000 -65.1912 -45.2139 17.3730 34.7434 -44.6280 -14.6328 -0.0000 -0.0000 13.6623 17.9491 1.0070 0.3262 -7.1250 0.0000 -0.0000 -6.8573 30.9960 2.3617 0.0000 -0.0000 0.0000 47.3406 -22.1837 11.7344 -153.4334 37.7628 -110.7675 0.0000 -0.0000 -13.0365 -10.0707 30.5552 -5.1590 7.1250 -0.0000 -0.0000 12.1202 0.3639 12.4787
1.5206 15.8634 1.0371 6.8909 11.5304 -6.0919 0.0000 0.0000 0.0000 -17.3230 29.7779 14.2249 2.7270 10.2394 29.7556 3.9053 3.5160 -38.7230 1.6678 -8.1369 -23.1308 0.0000 0.0000 0.0000 -1.4519 17.6683 -42.1404 -8.4408 -16.4341 54.1353 0.0809 -5.3715 0.0232 -0.0045 0.4314 -1.1854 -16.7312 -13.5745 11.0112 5.6773 -20.2156 -2.6543 16.3006 -9.9901 -1.1753 -7.0578 1.8043 -18.0034 7.1443 2.5851 26.1590 4.2099 1.3467 11.2529 0.0000 -0.0000 0.0000 -57.9653 -44.3628 10.0494 25.6101 -36.8211 -8.6529 -0.0000 -0.0000 15.6849 16.1265 1.8981 0.5487 -7.1250 0.0000 -0.0000 -8.3864 31.8833 2.7169 0.0000 -0.0000 0.0000 45.0332 -24.3064 11.3888 -154.3011 36.9099 -111.2938 0.0000 -0.0000 -14.8113 -9.9394 30.2571 -5.0460 7.1250 -0.0000 -0.0000 12.1773 0.0547 12.4739
1.4703 15.8130 1.5493 6.8126 10.5847 -6.1147 0.0000 0.0000 0.0000 -16.3756 29.6076 19.7884 1.7246 8.2672 23.5287 3.4802 5.4307 -37.4244 1.9086 -8.6731 -24.7779 0.0000 0.0000 0.0000 -2.0532 21.0710 -42.6392 -7.8469 -16.0055 52.0095 0.0421 -5.2342 2.1019 -0.0001 0.0487 -0.1338 -16.9374 -14.4437 11.1701 6.5322 -21.4561 -3.1197 17.2365 -10.6584 -0.8859 -7.7547 3.1052 -18.2375 6.6062 4.8339 26.3225 4.4412 2.2303 11.1607 -0.0000 -0.0000 0.0000 -50.6723 -40.1123 2.5866 20.7413 -31.5251 -5.9141 -0.0000 -0.0000 18.0588 15.3515 2.3041 0.6324 -7.1250 0.0000 -0.0000 -9.0482 32.2804 2.8483 -0.0000 -0.0000 0.0000 41.5345 -24.5747 12.4782 -155.4140 35.7778 -111.9534 0.0000 -0.0000 -16.6373 -9.2928 30.4676 -4.7428 7.1250 -0.0000 -0.0000 12.5583 0.1775 12.9109
1.3748 15.7327 2.0878 7.7029 11.4390 -5.0752 0.0000 0.0000 0.0000 -16.3317 27.8148 26.3025 0.7236 5.4356 15.1552 3.0055 5.4515 -34.9900 1.8410 -8.5267 -24.3255 0.0000 0.0000 0.0000 -4.5348 22.7106 -44.0710 -7.3850 -15.6477 50.3157 -0.2277 -2.8610 8.4804 -0.0006 -0.1529 0.4200 -17.5273 -14.7963 11.1715 6.3355 -22.0238 -3.2885 17.2068 -10.9364 -0.7319 -7.5178 3.8400 -19.4348 6.3779 5.9861 26.1645 4.5075 2.7626 11.2521 -0.0000 -0.0000 0.0000 -45.9849 -35.0938 -2.0236 20.6900 -31.4647 -5.8873 -0.0000 -0.0000 17.8638 13.6168 3.5704 0.8642 -7.1250 0.0000 -0.0000 -10.5978 33.5126 3.0290 -0.0000 -0.0000 0.0000 40.1319 -27.3580 11.9826 -157.9254 33.0613 -113.3735 0.0000 -0.0000 -17.9466 -8.1123 30.3030 -4.1137 7.1250 -0.0000 -0.0000 13.2221 -0.1286 13.5588
1.1693 15.7319 2.5650 5.2504 12.5156 -1.9318 0.0000 0.0000 0.0000 -12.4925 26.5521 27.5478 0.2631 3.3001 9.1154 2.6426 3.4698 -32.0982 1.7293 -8.2778 -23.5611 0.0000 0.0000 0.0000 -5.2006 25.6373 -47.7788 -6.6838 -15.0598 47.6682 -0.5629 -2.7044 13.5052 -0.1053 2.0928 -5.7623 -14.9821 -14.7563 10.3367 6.9511 -21.4770 -3.5664 16.6060 -10.6143 -1.4196 -7.2772 4.4891 -21.1190 6.7775 6.8692 25.4802 4.7689 3.2755 11.2339 0.0000 0.0000 0.0000 -43.3225 -29.7755 -4.8389 26.2727 -37.4767 -9.0530 -0.0000 -0.0000 15.2018 12.4125 4.4369 0.9755 -7.1250 0.0000 -0.0000 -11.6979 34.3360 3.1160 0.0000 0.0000 0.0000 41.1361 -30.2540 8.1478 -161.1890 29.1832 -115.0616 0.0000 -0.0000 -23.2793 -3.4989 30.1324 -1.7581 7.1250 -0.0000 -0.0000 15.8298 -0.7816 16.2480
0.9447 15.6433 3.1347 7.2721 18.1064 1.0682 0.0000 0.0000 0.0000 -10.3117 24.8465 32.1110 0.0000 -0.0000 -0.0000 1.8764 1.0737 -26.3124 2.0276 -8.9232 -25.5555 0.0000 0.0000 0.0000 -9.8996 22.2759 -49.0022 -7.1166 -15.4293 49.3139 -0.2409 2.2463 10.3775 -0.9208 6.1136 -17.1144 -16.6928 -13.9021 12.1729 5.9326 -20.9141 -3.9727 17.1181 -10.0426 -2.9303 -7.8406 4.5723 -22.7988 7.8572 7.0386 24.3168 5.2906 3.4970 11.0266 -0.0000 -0.0000 0.0000 -46.5305 -27.2803 -3.8637 39.4031 -47.7122 -17.9964 -0.0000 -0.0000 13.6810 14.0972 5.9315 1.4866 -7.1250 0.0000 -0.0000 -10.5549 35.9228 2.3881 -0.0000 -0.0000 0.0000 42.8776 -32.8321 -1.9440 -165.1444 23.9446 -116.8329 0.0000 -0.0000 -29.0463 0.5183 28.8863 0.2504 7.1250 -0.0000 -0.0000 18.0894 -2.2884 18.3005
0.6998 15.5836 3.6412 8.0997 26.1564 4.6359 0.0000 0.0000 0.0000 -8.6576 18.0996 26.1367 0.1461 2.4634 6.7882 2.1116 -3.7545 -26.5750 2.2733 -9.4136 -27.0979 0.0000 0.0000 0.0000 -10.3335 14.3548 -50.3896 -8.0174 -16.1321 52.6255 0.1973 7.9959 4.5607 -2.2846 9.4352 -27.1665 -17.2169 -12.1116 14.7950 4.7416 -19.0963 -3.7488 17.1232 -8.7838 -5.1106 -7.9745 4.2901 -22.5855 9.5581 6.2796 21.5250 5.6558 3.4380 9.9639 0.0000 0.0000 0.0000 -58.0960 -33.1386 0.7921 66.6331 -57.8329 -39.9109 -0.0000 -0.0000 13.2020 13.9277 7.2581 1.7945 -7.1250 0.0000 -0.0000 -10.9166 37.2540 2.1114 0.0000 0.0000 0.0000 40.1638 -28.2220 -21.3054 -167.8722 19.9961 -117.8542 0.0000 -0.0000 -38.3560 1.9381 26.1956 0.8558 7.1250 -0.0000 -0.0000 18.9667 -4.9245 18.3248
0.4414 15.6728 3.9904 7.2330 37.3774 7.0899 0.0000 0.0000 0.0000 -4.3498 9.4008 14.2419 1.3803 7.4343 21.0087 2.0930 -9.1400 -25.9747 2.9609 -10.6316 -31.0471 0.0000 0.0000 0.0000 -8.3401 6.6637 -49.3409 -8.2641 -16.3101 53.5083 0.0555 4.3286 0.3639 -1.2736 7.1525 -20.1678 -13.5356 -9.9740 18.5542 3.2045 -15.9775 -1.9074 14.4001 -7.0948 -7.7057 -8.8871 1.9255 -22.1279 12.2930 2.9283 15.9083 6.0732 2.1810 8.2339 -0.0000 -0.0000 0.0000 -77.2428 -40.3624 21.9332 105.6419 -59.0550 -73.5033 -0.0000 -0.0000 5.3814 10.7878 9.8554 1.8679 -7.1250 0.0000 -0.0000 -14.0911 39.6195 1.9127 -0.0000 -0.0000 0.0000 30.5088 -17.8584 -36.0471 -165.7592 23.0779 -117.0782 0.0000 -0.0000 -38.8468 0.5439 24.2948 0.2238 7.1250 -0.0000 -0.0000 18.2283 -6.6545 16.8936
0.1783 15.7665 4.1989 5.6581 46.6015 7.1453 0.0000 0.0000 0.0000 -0.0182 1.4480 4.3349 3.4332 11.3653 33.5221 1.5570 -10.6157 -22.4736 3.0587 -10.7895 -31.5732 0.0000 0.0000 0.0000 -8.1044 5.6403 -45.4881 -8.1500 -16.2285 53.1013 -0.0261 1.8930 -2.9647 -0.4627 4.3631 -12.1004 -6.1694 -7.7129 21.5062 1.4604 -11.4118 1.0499 8.2117 -5.1172 -9.1962 -13.1017 -2.3121 -19.0095 16.3149 -1.9291 8.1547 7.3202 -0.0994 5.8940 -0.0000 0.0000 0.0000 -94.5819 -38.9425 49.9525 129.7683 -53.0885 -93.6407 -0.0000 -0.0000 2.5488 4.6662 10.8045 0.8766 -7.1250 0.0000 -0.0000 -19.5031 40.0308 2.4991 -0.0000 0.0000 0.0000 16.5260 -8.1218 -35.8738 -156.0499 35.1115 -112.3222 0.0000 -0.0000 -23.6611 3.2990 25.1178 1.4016 7.1250 -0.0000 -0.0000 19.7974 -6.0053 18.8049
-0.0573 15.7991 4.3188 5.5889 49.7434 7.2126 0.0000 0.0000 0.0000 1.5399 -2.0176 -1.3768 5.1558 13.5571 41.4916 1.0708 -9.9569 -18.7232 2.8753 -10.4904 -30.5799 0.0000 0.0000 0.0000 -8.1529 8.1536 -43.1174 -8.0666 -16.1680 52.8021 -0.1240 -0.8656 -7.0272 -0.4608 4.3544 -12.0759 0.4051 -4.8546 22.0865 0.1497 -6.0902 3.3981 1.6822 -2.8528 -8.5838 -16.9663 -5.3383 -12.2023 16.8740 -5.6090 2.0688 7.7027 -2.2669 3.6294 0.0000 -0.0000 0.0000 -98.6102 -30.0308 63.0644 140.9111 -47.5208 -102.2357 -0.0000 -0.0000 8.4742 7.5294 2.9856 0.3944 -7.1250 0.0000 -0.0000 -15.3586 32.7074 4.7734 0.0000 -0.0000 0.0000 -0.3296 -1.8760 -28.4240 -119.1745 56.5259 -84.9712 0.0000 -0.0000 -12.3777 0.8640 23.7247 0.3476 7.1250 -0.0000 -0.0000 18.4411 -7.2126 16.9033
-0.2895 15.8269 4.4168 9.7155 47.7232 10.0248 0.0000 0.0000 0.0000 -0.9013 -0.2057 -2.5994 5.5963 14.0254 43.3391 0.6987 -10.4401 -15.5662 2.6356 -10.0803 -29.2372 0.0000 0.0000 0.0000 -11.1626 11.5341 -43.3253 -8.2017 -16.2656 53.2858 -0.1404 -0.7073 -7.3705 -0.3750 3.9329 -10.8880 2.9434 -1.0510 23.3446 -1.5324 -0.5969 5.3262 -3.2002 -0.2551 -7.1977 -18.8479 -8.5550 -10.2384 15.4805 -9.9169 1.5472 7.1379 -4.5470 3.8869 0.0000 0.0000 0.0000 -96.3800 -25.1001 66.3343 145.7533 -44.2667 -105.7150 -0.0000 -0.0000 3.8582 6.3163 4.8950 0.5411 -7.1250 0.0000 -0.0000 -16.6863 34.5027 4.4590 0.0000 0.0000 0.0000 -19.8802 5.3070 -21.7215 -31.3845 42.0509 -12.3266 0.0000 0.0000 27.4338 -14.7777 27.3365 -6.9071 7.1250 -0.0000 -0.0000 9.1595 -2.1605 8.9238
-0.5522 15.8642 4.6824 13.7873 47.8301 15.6094 0.0000 0.0000 0.0000 -1.7086 1.3898 -6.5737 5.4348 13.8574 42.6691 0.1447 -11.1105 -9.8021 3.0852 -10.8317 -31.7143 0.0000 0.0000 0.0000 -14.0899 12.0668 -46.2059 -8.5383 -16.5012 54.4792 -0.1923 0.0520 -8.2638 -0.1881 2.7934 -7.7042 3.0419 1.3837 23.9963 -1.9140 2.5549 4.8102 -4.6269 1.2228 -7.8182 -19.5703 -10.5150 -8.5654 13.5239 -12.5200 -0.3220 6.3964 -5.9334 3.3778 -0.0000 0.0000 0.0000 -91.9649 -21.3688 63.9556 147.9183 -42.6123 -107.2039 -0.0000 -0.0000 1.8830 7.6320 4.3835 0.5868 -7.1250 0.0000 -0.0000 -15.5343 34.0706 4.2996 -0.0000 0.0000 0.0000 -26.0976 11.6888 -28.5961 -12.3534 20.3326 -2.2236 0.0000 0.0000 20.0765 -5.5965 22.4251 -2.1408 7.1250 -0.0000 -0.0000 14.5712 -8.0355 12.8243
-0.8085 15.9416 5.0417 13.5046 54.9798 17.7840 0.0000 0.0000 0.0000 3.1839 -2.1279 -10.7176 5.0845 13.4784 41.1866 -0.3420 -12.6842 -3.2601 3.1101 -10.8713 -31.8469 0.0000 0.0000 0.0000 -11.2326 8.2126 -46.3197 -8.8263 -16.6946 55.4873 -0.3144 -0.3997 -10.7443 -0.2798 3.4023 -9.4008 6.6461 1.0365 24.0697 -1.0781 3.0959 4.5511 -5.9454 1.4008 -7.9374 -19.4877 -12.9453 -6.6669 16.0060 -16.0675 -3.3567 6.8734 -7.6876 2.9780 0.0000 0.0000 0.0000 -87.6155 -17.4675 62.8703 149.5782 -41.2522 -108.3133 -0.0000 -0.0000 3.7267 8.3464 4.2758 0.6267 -7.1250 0.0000 -0.0000 -14.9434 33.9979 4.1532 0.0000 0.0000 0.0000 -18.3395 14.9351 -36.0154 -17.9563 28.1012 -4.5286 0.0000 0.0000 13.0307 -17.2029 22.7625 -6.8310 7.1250 -0.0000 -0.0000 7.3575 -6.4300 6.5427
-1.0212 15.9717 5.3903 15.2343 61.2409 20.0215 0.0000 0.0000 0.0000 6.3296 -4.1121 -12.8241 4.4389 12.7226 38.3387 -0.5794 -13.6662 1.8848 4.0150 -12.1803 -36.3729 0.0000 0.0000 0.0000 -9.0652 3.8096 -46.2191 -9.4089 -17.0638 57.4937 -0.4347 -1.2259 -12.9599 -1.0050 6.3791 -17.8883 5.2574 0.6629 25.1803 1.6806 2.6552 4.3508 -2.0179 1.2235 -9.0213 -21.7888 -14.0714 -5.9201 17.1587 -17.4873 -4.8108 7.4332 -8.3725 2.9804 0.0000 0.0000 0.0000 -88.4437 -12.4099 60.8478 151.1606 -39.8776 -109.3424 -0.0000 0.0000 -2.2713 7.7244 4.0182 0.5446 -7.1250 0.0000 -0.0000 -15.3918 33.7196 4.3934 0.0000 0.0000 0.0000 -18.1895 17.3733 -28.9796 -19.7679 30.3617 -5.4135 0.0000 0.0000 11.9625 -14.7043 22.5748 -5.7527 7.1250 -0.0000 -0.0000 8.9101 -6.9531 7.8640
-1.1436 15.9802 5.6111 18.6881 62.7961 23.7087 0.0000 0.0000 0.0000 5.5461 -4.5254 -12.7498 3.8559 11.9662 35.6124 -0.4662 -12.1389 2.4928 4.0496 -12.2261 -36.5364 0.0000 0.0000 0.0000 -9.5489 1.9168 -46.7437 -9.5362 -17.1406 57.9265 -0.4926 -0.1243 -13.3060 -0.2364 3.1292 -8.6386 4.2900 0.5796 25.2938 1.5545 2.2955 4.7168 -1.4911 1.1028 -8.7278 -22.5700 -14.6880 -5.7245 18.7199 -18.2854 -5.7081 7.9314 -8.7512 3.0882 0.0000 0.0000 0.0000 -87.1916 -10.9546 59.3692 151.8914 -39.2160 -109.8077 -0.0000 0.0000 -0.6451 8.0822 3.7548 0.5328 -7.1250 0.0000 -0.0000 -15.0588 33.4784 4.3836 0.0000 0.0000 0.0000 -15.2860 20.9894 -34.2702 -17.3186 27.2758 -4.2323 0.0000 0.0000 11.5235 -15.3701 22.7018 -6.0557 7.1250 -0.0000 -0.0000 8.5000 -6.7396 7.5292
-1.2004 15.9767 5.7809 19.3430 62.9581 25.3269 0.0000 0.0000 0.0000 5.3387 -4.5167 -11.9469 3.2949 11.1577 32.8137 -0.3002 -9.9423 1.1349 4.0991 -12.2912 -36.7699 0.0000 0.0000 0.0000 -9.0308 0.9329 -48.3559 -9.7280 -17.2540 58.5753 -0.5142 0.4437 -13.4013 -0.2298 3.0856 -8.5172 3.5018 1.5191 24.9264 1.6387 3.2831 4.6240 -1.2471 1.5870 -8.6397 -22.8316 -15.4669 -4.3449 19.8476 -19.5281 -7.1038 8.2446 -9.4260 2.8733 -0.0000 -0.0000 0.0000 -88.0889 -11.5279 60.6781 151.7361 -39.3580 -109.7094 -0.0000 -0.0000 1.4962 8.2186 4.2256 0.6097 -7.1250 0.0000 -0.0000 -15.0362 33.9433 4.2012 -0.0000 -0.0000 0.0000 -11.7395 21.4768 -37.5960 -17.5306 27.5519 -4.3299 0.0000 0.0000 12.5945 -15.1202 21.3415 -5.6160 7.1250 -0.0000 -0.0000 8.5904 -8.1465 7.3719
-1.2141 16.0004 5.9441 18.5329 64.1736 25.2479 0.0000 0.0000 0.0000 6.5496 -6.1383 -10.4418 2.6922 10.1794 29.5595 -0.2202 -8.5524 0.8778 4.2109 -12.4359 -37.2918 0.0000 0.0000 0.0000 -7.4562 -0.0909 -49.3575 -10.0076 -17.4141 59.5139 -0.5575 -0.0697 -14.1341 -0.4760 4.4246 -12.2743 3.8294 1.7382 24.7744 1.9077 3.6738 4.3559 -1.2584 1.7546 -8.8436 -22.7137 -15.8645 -3.1702 20.1476 -20.2472 -7.9855 8.3182 -9.8455 2.6028 -0.0000 0.0000 0.0000 -88.7040 -11.4030 61.3132 152.3419 -38.7996 -110.0913 -0.0000 -0.0000 0.7695 9.0842 4.1695 0.6660 -7.1250 0.0000 -0.0000 -14.3339 33.9264 3.9999 -0.0000 0.0000 0.0000 -8.8498 20.2614 -35.1607 -19.5611 30.1100 -5.3094 0.0000 0.0000 10.6902 -16.1210 22.6019 -6.3386 7.1250 -0.0000 -0.0000 8.0246 -6.7416 7.0988
-1.2204 16.0143 6.0678 19.0487 64.8316 25.9669 0.0000 0.0000 0.0000 6.9998 -7.5289 -9.1358 2.2558 9.3798 26.9907 -0.1966 -7.9096 1.7327 3.7535 -11.8250 -35.1157 0.0000 0.0000 0.0000 -6.9783 -0.5253 -50.1554 -10.3550 -17.6047 60.6683 -0.5824 -0.8744 -14.7588 -0.1066 2.1055 -5.7973 2.8649 1.5622 24.6056 2.1603 3.2207 4.2542 -0.2863 1.5688 -8.9577 -23.7556 -15.5778 -2.6047 20.7983 -19.9247 -8.4051 8.7696 -9.6944 2.5173 -0.0000 -0.0000 0.0000 -89.5797 -11.0209 61.2743 153.2995 -37.8921 -110.6854 -0.0000 0.0000 -0.1083 8.8761 4.7316 0.7380 -7.1250 0.0000 -0.0000 -14.6030 34.4678 3.8812 -0.0000 -0.0000 0.0000 -6.7993 19.2580 -31.8695 -23.2672 34.3797 -7.2886 0.0000 0.0000 8.0894 -20.1810 23.4866 -8.3335 7.1250 -0.0000 -0.0000 5.5584 -5.2370 5.0523
-1.2099 15.9757 6.1590 19.2929 64.8209 26.3937 0.0000 0.0000 0.0000 7.3849 -7.3122 -8.5240 2.0344 8.9375 25.5999 -0.2517 -8.9029 2.2782 3.6983 -11.7478 -34.8455 0.0000 0.0000 0.0000 -6.9068 -0.3144 -50.6095 -10.6275 -17.7479 61.5659 -0.5916 -1.5644 -15.1785 -0.9373 6.1668 -17.2692 1.5021 1.4972 23.7923 2.2504 2.7676 4.3391 0.7554 1.4007 -8.5153 -24.6385 -15.6631 -2.4715 21.4256 -20.0378 -8.6634 9.0772 -9.7404 2.6153 0.0000 0.0000 0.0000 -89.9247 -12.1839 61.8794 153.2939 -37.8975 -110.6820 -0.0000 0.0000 -0.6892 10.0546 4.4687 0.7915 -7.1250 0.0000 -0.0000 -13.6075 34.2635 3.6725 0.0000 0.0000 0.0000 -4.8498 18.5998 -29.8093 -28.6417 39.7003 -10.5311 0.0000 0.0000 2.8936 -22.5035 23.6627 -9.4404 7.1250 -0.0000 -0.0000 4.1370 -4.6610 3.7972
-1.1501 15.9542 6.1669 18.8571 65.2047 25.7059 0.0000 0.0000 0.0000 7.6925 -7.5803 -7.6833 1.9585 8.7790 25.1065 -0.2743 -9.3475 1.9154 3.1652 -10.9578 -32.1377 0.0000 0.0000 0.0000 -6.5778 -0.8250 -50.2331 -10.7352 -17.8030 61.9185 -0.6188 -1.3120 -15.3916 -0.8884 6.0080 -16.8077 2.0926 1.0208 23.4217 1.7307 2.2281 4.2387 0.0188 1.1208 -8.3831 -23.9349 -15.6438 -1.9901 21.3371 -20.1068 -8.9282 8.9941 -9.8163 2.4004 -0.0000 0.0000 0.0000 -89.2322 -14.0209 62.8066 152.6852 -38.4777 -110.3057 -0.0000 0.0000 -1.2003 10.3719 4.5525 0.8323 -7.1250 0.0000 -0.0000 -13.3664 34.3605 3.5720 -0.0000 0.0000 0.0000 0.5278 16.3260 -27.1500 -39.0695 47.5089 -17.7500 0.0000 -0.0000 -1.1805 -18.7142 18.8952 -6.2604 7.1250 -0.0000 -0.0000 6.1586 -10.2011 5.0003
-1.0635 15.9393 6.0863 17.8088 64.9330 24.1654 0.0000 0.0000 0.0000 7.3258 -8.1176 -6.5584 2.0176 8.9027 25.4915 -0.2338 -9.2468 -0.4063 3.4435 -11.3805 -33.5742 0.0000 0.0000 0.0000 -6.5036 -0.9667 -49.5340 -10.6785 -17.7741 61.7331 -0.6242 -0.7566 -15.2185 -0.8218 5.7842 -16.1594 3.1980 0.5195 23.4155 0.8939 1.7573 3.9386 -1.3922 0.8425 -8.6543 -24.1025 -15.6565 -1.6622 22.4702 -20.2726 -8.4333 9.3371 -9.9381 2.7103 -0.0000 0.0000 0.0000 -88.6279 -15.6025 63.3348 151.9297 -39.1809 -109.8319 -0.0000 0.0000 -1.2743 13.4325 4.3908 1.0475 -7.1250 0.0000 -0.0000 -10.8637 34.3338 2.8873 -0.0000 0.0000 0.0000 5.8736 14.1366 -25.3429 -56.0254 55.1543 -31.0559 0.0000 -0.0000 -6.1556 -18.9653 15.8991 -5.3780 7.1250 -0.0000 -0.0000 5.8497 -13.2819 4.3726
-0.9472 15.9132 5.9707 16.1444 64.0045 22.1243 0.0000 0.0000 0.0000 6.9362 -7.5362 -5.5944 2.1392 9.1502 26.2663 -0.1979 -9.8374 -2.7144 3.1783 -10.9783 -32.2067 0.0000 0.0000 0.0000 -6.3827 -0.9248 -48.9739 -10.5344 -17.6996 61.2599 -0.6093 -0.1116 -14.7921 -0.9170 6.1014 -17.0790 3.2993 -0.1820 22.9961 0.6861 0.8242 3.7186 -1.3944 0.3848 -8.7112 -24.8188 -15.5258 -2.2985 23.4861 -20.0477 -7.7450 9.7171 -9.7888 3.1806 0.0000 -0.0000 0.0000 -89.0897 -16.7633 61.9785 151.0935 -39.9375 -109.2994 -0.0000 0.0000 -1.0408 14.6013 4.0327 1.0496 -7.1250 0.0000 -0.0000 -9.8648 34.0193 2.6910 0.0000 -0.0000 0.0000 11.1418 13.9562 -24.0115 -81.2965 59.7118 -52.4698 0.0000 -0.0000 -13.0766 -22.0513 16.1069 -6.4119 7.1250 -0.0000 -0.0000 3.7929 -12.7033 2.8725
-0.7966 15.8929 5.8062 13.3490 62.9269 18.8010 0.0000 0.0000 0.0000 6.9838 -6.1749 -4.2780 2.2588 9.3855 27.0089 -0.2250 -12.2973 -5.1196 2.5868 -9.9941 -28.9576 0.0000 0.0000 0.0000 -6.1049 -0.4837 -47.9291 -10.3040 -17.5773 60.4996 -0.5386 0.9349 -13.5720 -0.7517 5.5376 -15.4484 3.6002 -0.7678 22.7117 0.6920 0.1123 3.2797 -1.3456 0.0177 -9.0791 -24.2859 -15.5270 -3.2088 23.3164 -19.9525 -6.9167 9.5107 -9.6935 3.4693 0.0000 0.0000 0.0000 -88.8763 -17.2291 60.6040 151.2158 -39.8283 -109.3778 -0.0000 0.0000 -2.7112 14.0815 5.6651 1.4184 -7.1250 0.0000 -0.0000 -10.5260 35.6522 2.4519 0.0000 0.0000 0.0000 16.3941 13.8646 -23.1247 -109.1648 58.5657 -76.5173 0.0000 -0.0000 -18.1727 -20.3589 20.6067 -7.4409 7.1250 -0.0000 -0.0000 5.2089 -8.1998 4.4316
-0.6258 15.8296 5.6248 11.2239 61.2189 15.5911 0.0000 0.0000 0.0000 6.4125 -5.1482 -1.8559 2.3694 9.5965 27.6797 -0.0910 -14.6109 -9.1856 2.4554 -9.7564 -28.1913 0.0000 0.0000 0.0000 -6.1938 0.2297 -46.8510 -10.2597 -17.5533 60.3529 -0.4938 1.8958 -12.7555 -0.6558 5.1798 -14.4222 2.3647 -0.8595 21.9477 0.8339 -0.3352 2.9688 -0.3510 -0.1625 -9.0289 -23.3413 -15.1449 -3.1091 23.4527 -19.6015 -6.0037 9.4727 -9.5452 3.5728 0.0000 0.0000 0.0000 -88.6704 -17.7827 59.4639 150.8007 -40.1972 -109.1109 -0.0000 0.0000 -2.1718 15.9511 4.7345 1.3514 -7.1250 0.0000 -0.0000 -8.8574 34.7936 2.2419 0.0000 0.0000 0.0000 23.6453 13.3687 -21.6375 -132.9027 51.7555 -96.1252 0.0000 -0.0000 -21.0437 -19.9302 19.7867 -6.9977 7.1250 -0.0000 -0.0000 5.4255 -9.1147 4.5184
-0.4289 15.7444 5.3667 7.9462 59.3939 11.2773 0.0000 0.0000 0.0000 6.3487 -3.3682 -0.2606 2.6757 10.1506 29.4658 0.3446 -14.5609 -13.7836 2.0551 -8.9799 -25.7325 0.0000 0.0000 0.0000 -5.6033 0.3108 -45.6207 -10.0435 -17.4342 59.6336 -0.4310 3.3508 -11.7049 -0.8812 5.9843 -16.7390 1.7644 -1.4657 21.1006 1.5597 -1.2287 2.9475 1.0275 -0.5572 -8.5879 -22.9402 -14.7409 -4.2979 23.1879 -18.9529 -4.8278 9.3380 -9.1501 3.8901 0.0000 -0.0000 0.0000 -89.0758 -19.5473 56.9236 150.8032 -40.1949 -109.1125 -0.0000 0.0000 -3.0893 14.5773 5.1277 1.3315 -7.1250 0.0000 -0.0000 -10.0377 35.1318 2.4642 0.0000 -0.0000 0.0000 29.4152 14.4540 -20.1877 -146.4425 43.7542 -106.1939 0.0000 -0.0000 -24.4249 -20.3606 21.4971 -7.7445 7.1250 -0.0000 -0.0000 5.2770 -7.2728 4.5865
-0.2067 15.6437 5.0667 6.1057 57.1011 8.0023 0.0000 0.0000 0.0000 5.4575 -1.0258 1.5861 3.0246 10.7347 31.3903 0.9260 -13.5246 -18.3549 2.0108 -8.8885 -25.4472 0.0000 0.0000 0.0000 -5.8949 0.7522 -44.1817 -9.7836 -17.2864 58.7626 -0.3482 4.6331 -10.5190 -1.3262 7.2931 -20.5866 0.7522 -1.8914 20.3395 1.8795 -2.0146 2.7932 2.1484 -0.9050 -8.2960 -22.0696 -14.4707 -4.8513 22.7943 -18.6600 -3.5883 9.0750 -8.9730 4.1453 -0.0000 -0.0000 0.0000 -88.4195 -20.7801 54.7085 151.2488 -39.7986 -109.3989 -0.0000 0.0000 -4.1790 14.5664 5.0863 1.3197 -7.1250 0.0000 -0.0000 -10.0406 35.0892 2.4755 -0.0000 -0.0000 0.0000 34.8077 15.3091 -18.7521 -153.8629 37.3437 -111.0293 0.0000 -0.0000 -27.8500 -18.4974 24.5784 -7.9218 7.1250 -0.0000 -0.0000 6.6923 -4.3821 6.2047
0.0235 15.5434 4.7240 3.7139 55.0304 4.1405 0.0000 0.0000 0.0000 5.3461 2.0442 2.9916 3.4625 11.4086 33.6705 1.6128 -13.1173 -23.1959 2.0130 -8.8931 -25.4614 0.0000 0.0000 0.0000 -5.6166 0.7051 -42.8571 -9.5269 -17.1351 57.8952 -0.2300 5.6263 -8.8204 -1.8008 8.4383 -24.0535 0.3371 -2.4928 19.7874 2.1585 -2.8923 2.4558 2.9083 -1.3155 -8.3046 -20.3191 -13.6717 -4.3837 21.9181 -17.7991 -2.7292 8.7043 -8.5904 3.8689 -0.0000 0.0000 0.0000 -88.0977 -22.1719 52.9393 151.2708 -39.7789 -109.4130 -0.0000 0.0000 -4.7675 15.7595 4.1129 1.1595 -7.1250 0.0000 -0.0000 -8.9341 34.1477 2.4035 -0.0000 0.0000 0.0000 40.6328 14.6793 -16.4947 -158.9657 31.8684 -113.9320 0.0000 -0.0000 -30.3052 -18.2373 25.9555 -8.2064 7.1250 -0.0000 -0.0000 6.9710 -3.0175 6.6445
0.2315 15.4272 4.3401 2.3891 53.2576 1.3379 0.0000 0.0000 0.0000 5.0363 4.8406 4.0649 3.8423 11.9475 35.5467 2.3689 -12.6910 -27.8172 3.0113 -10.7133 -31.3188 0.0000 0.0000 0.0000 -6.3631 1.8489 -40.5631 -8.9006 -16.7433 55.7456 -0.1336 6.5812 -7.4423 -1.9019 8.6586 -24.7331 -1.1244 -2.8914 18.9367 2.8000 -3.6868 2.4257 4.5851 -1.6625 -7.7017 -20.4696 -13.2202 -3.8405 22.7614 -17.4583 -1.7345 9.0784 -8.4340 4.1144 -0.0000 0.0000 0.0000 -88.6287 -23.6104 52.2506 152.0982 -39.0256 -109.9382 -0.0000 0.0000 -5.6842 14.7328 5.0203 1.3182 -7.1250 0.0000 -0.0000 -9.8948 35.0299 2.4531 -0.0000 0.0000 0.0000 45.1247 13.6770 -15.0385 -161.7538 28.4712 -115.3340 0.0000 -0.0000 -30.8012 -16.4796 25.1286 -7.1601 7.1250 -0.0000 -0.0000 7.9702 -4.1304 7.4492
0.4655 15.4296 3.8923 1.6551 52.4437 -0.9295 0.0000 0.0000 0.0000 4.1295 6.0669 6.3370 3.7623 11.8372 35.1584 2.7034 -14.8255 -29.9096 2.7979 -10.3605 -30.1523 0.0000 0.0000 0.0000 -7.0914 2.2243 -37.6959 -8.0645 -16.1665 52.7948 -0.0590 4.7627 -5.1038 -1.9163 8.6896 -24.8290 -2.4604 -4.1341 18.3762 3.4075 -5.5505 2.3500 6.3942 -2.5450 -7.1295 -21.2417 -12.4687 -4.6416 23.3922 -16.6179 0.5287 9.4858 -7.9319 4.8685 0.0000 -0.0000 0.0000 -88.7439 -25.1679 50.9757 152.6444 -38.5162 -110.2803 -0.0000 0.0000 -7.5064 12.9341 6.6384 1.5208 -7.1250 0.0000 -0.0000 -11.6348 36.5701 2.4531 0.0000 -0.0000 0.0000 49.8479 12.3540 -11.7197 -162.7841 27.1415 -115.8146 0.0000 -0.0000 -30.3340 -15.7877 28.2088 -7.6123 7.1250 -0.0000 -0.0000 8.6320 -1.1320 8.5581
0.6841 15.5275 3.3574 1.4109 52.2478 -2.1607 0.0000 0.0000 0.0000 2.5899 6.5314 7.3637 3.6033 11.6129 34.3761 2.8989 -15.8253 -31.0682 3.0167 -10.7220 -31.3481 0.0000 0.0000 0.0000 -8.2246 3.1485 -33.8743 -6.6050 -14.9900 47.3640 -0.0372 1.9907 -3.4886 -2.6221 10.0566 -29.1602 -3.5288 -5.3549 17.9107 4.0514 -7.3213 2.3275 8.0169 -3.4126 -6.4592 -20.4103 -12.1876 -5.5108 22.3390 -16.2043 1.6924 9.0097 -7.6745 5.0769 0.0000 -0.0000 0.0000 -89.2458 -26.2165 51.1906 153.4117 -37.7837 -110.7543 -0.0000 0.0000 -10.2202 11.9860 7.3229 1.5501 -7.1250 0.0000 -0.0000 -12.5475 37.1967 2.4564 0.0000 -0.0000 0.0000 54.9253 9.3948 -8.6924 -163.6987 25.9275 -116.2233 0.0000 -0.0000 -29.3369 -15.0400 27.0929 -6.9768 7.1250 -0.0000 -0.0000 8.9851 -2.3656 8.7157
0.8587 15.7310 2.7875 1.6373 51.2124 -2.2446 0.0000 0.0000 0.0000 0.5658 8.0892 6.6943 3.6330 11.6553 34.5232 2.7185 -17.4615 -30.3893 2.6433 -10.0938 -29.2811 0.0000 0.0000 0.0000 -9.6521 7.0108 -29.3930 -4.8337 -13.1941 40.0994 0.0583 -4.3012 -1.0910 -1.8797 8.6109 -24.5857 -4.9921 -5.8607 17.4499 4.8400 -8.2171 2.1491 9.8233 -3.8511 -5.9310 -20.1184 -12.1287 -6.3394 21.6820 -16.0479 2.4657 8.7181 -7.5504 5.3173 0.0000 -0.0000 0.0000 -90.5057 -26.4985 53.4794 153.2248 -37.9640 -110.6395 -0.0000 0.0000 -9.1987 14.3346 5.1257 1.3079 -7.1250 0.0000 -0.0000 -10.2364 35.1182 2.5177 0.0000 -0.0000 0.0000 59.9769 5.0413 -5.2927 -163.6034 26.0555 -116.1815 0.0000 -0.0000 -27.3004 -14.8847 29.4425 -7.4436 7.1250 -0.0000 -0.0000 9.2672 -0.0398 9.3843
1.0317 15.9952 2.2088 2.6233 49.0127 -1.7220 0.0000 0.0000 0.0000 -2.5713 10.2016 6.6036 3.4522 11.3935 33.6186 2.5389 -17.1969 -29.3970 2.0968 -9.0648 -25.9982 0.0000 0.0000 0.0000 -11.5507 11.7250 -26.1031 -3.4207 -11.3468 33.4587 0.6042 -14.6578 0.3945 -0.0003 0.1194 -0.3281 -6.3373 -5.9442 17.2691 5.2461 -8.5653 1.9731 11.0839 -4.0133 -5.6877 -20.3445 -12.1107 -6.8206 21.6634 -15.9499 2.7042 8.7379 -7.4739 5.4663 -0.0000 0.0000 0.0000 -91.3013 -26.2792 55.1890 154.2925 -36.9185 -111.2886 -0.0000 0.0000 -11.0677 10.7187 10.6246 1.9988 -7.1250 0.0000 -0.0000 -14.3338 40.3706 1.6754 -0.0000 0.0000 0.0000 64.8482 0.9968 -2.6394 -163.9582 25.5774 -116.3360 0.0000 -0.0000 -21.7484 -11.4776 24.1855 -4.7552 7.1250 -0.0000 -0.0000 10.9775 -5.7353 10.0154
1.1868 16.2580 1.6750 0.0421 46.1004 -3.0402 0.0000 0.0000 0.0000 -3.7123 10.9204 6.2007 3.2572 11.1002 32.6184 2.6481 -14.5888 -29.5821 1.9184 -8.6940 -24.8426 0.0000 0.0000 0.0000 -9.8892 14.6752 -26.1133 -2.8392 -10.4301 30.3812 0.5941 -17.2216 5.1139 -0.4682 4.3888 -12.1732 -4.7777 -6.2786 15.9888 6.0627 -8.6355 1.9266 10.9229 -4.1152 -5.1309 -20.7516 -11.8542 -8.0765 21.8453 -15.4925 3.7158 8.8838 -7.1634 5.9391 -0.0000 0.0000 0.0000 -91.6566 -25.6529 56.0560 154.3120 -36.8990 -111.3004 -0.0000 0.0000 -11.4811 9.0304 13.6370 2.1459 -7.1250 0.0000 -0.0000 -16.6194 43.1470 0.7832 -0.0000 0.0000 0.0000 68.9273 -2.0949 3.9954 -162.5524 27.4441 -115.7084 0.0000 -0.0000 -20.6976 -14.9962 29.5079 -7.5163 7.1250 -0.0000 -0.0000 9.2081 0.0431 9.3364
1.3074 16.4362 1.2143 -0.0001 43.7074 -2.7919 0.0000 0.0000 0.0000 -6.6436 10.5736 6.0828 3.1723 10.9688 32.1748 2.8674 -10.9190 -30.5389 2.0280 -8.9241 -25.5583 0.0000 0.0000 0.0000 -7.9565 11.5916 -29.1540 -3.3441 -11.2323 33.0672 0.1497 -9.6336 3.7150 -1.0578 6.5393 -18.3575 -4.9649 -6.2464 15.3659 6.3164 -8.6123 1.5070 11.2553 -4.0911 -5.1816 -20.4174 -11.6007 -8.4576 21.0411 -15.1354 4.5610 8.5968 -6.9819 6.0712 -0.0000 0.0000 0.0000 -91.5262 -23.2347 57.0951 154.3870 -36.8240 -111.3453 -0.0000 0.0000 -10.1316 11.9740 10.4741 2.2079 -7.1250 0.0000 -0.0000 -13.2230 40.3284 1.5541 -0.0000 0.0000 0.0000 70.7884 -4.6090 7.5774 -161.8746 28.3174 -115.3915 0.0000 -0.0000 -17.7832 -14.2025 30.3224 -7.2814 7.1250 -0.0000 -0.0000 9.7379 0.7293 10.0060
1.4107 16.6030 0.8285 0.1041 40.9668 -3.0838 0.0000 0.0000 0.0000 -9.0567 11.3308 6.6358 2.9531 10.6188 31.0048 2.8874 -7.4633 -30.7738 2.1115 -9.0945 -26.0913 0.0000 0.0000 0.0000 -4.9993 8.3580 -32.3568 -4.5455 -12.8530 38.8206 0.1223 -6.6489 0.1608 -0.7264 5.4456 -15.1839 -5.4049 -6.0428 15.0642 6.1108 -8.4381 1.3880 11.2175 -4.0009 -5.1529 -19.7118 -11.2595 -8.8336 20.5664 -14.7914 5.7384 8.3667 -6.7837 6.3191 -0.0000 0.0000 0.0000 -91.0249 -21.5430 57.8023 153.9143 -37.2932 -111.0605 -0.0000 0.0000 -8.5093 13.2094 9.9409 2.3204 -7.1250 0.0000 -0.0000 -12.0454 39.8998 1.5401 -0.0000 0.0000 0.0000 71.7720 -5.1709 10.6196 -161.2414 29.1176 -115.0872 0.0000 -0.0000 -14.2008 -15.3701 30.3200 -7.9005 7.1250 -0.0000 -0.0000 9.0664 0.9136 9.3267
1.4901 16.7461 0.5107 -0.7609 38.8142 -4.0985 0.0000 0.0000 0.0000 -9.8288 12.2000 7.3961 2.7133 10.2157 29.6782 2.8042 -6.1243 -30.4420 1.8197 -8.4799 -24.1815 0.0000 0.0000 0.0000 -1.4812 6.3889 -34.0532 -5.9961 -14.4245 44.9659 0.0812 -5.1303 -2.8558 -1.0475 6.5083 -18.2667 -5.1954 -5.9863 14.9932 6.1397 -8.3301 1.3334 11.1109 -3.9470 -5.2235 -19.4239 -11.0975 -10.1120 20.2749 -14.6047 7.5291 8.2144 -6.6021 7.0046 -0.0000 0.0000 0.0000 -90.7308 -19.6064 58.0917 153.7449 -37.4595 -110.9576 -0.0000 0.0000 -8.2475 13.3009 9.9788 2.3458 -7.1250 0.0000 -0.0000 -11.9750 39.9451 1.5172 -0.0000 0.0000 0.0000 71.8252 -4.4781 13.5144 -160.4757 30.0650 -114.7090 0.0000 -0.0000 -13.8671 -16.6089 29.8654 -8.4486 7.1250 -0.0000 -0.0000 8.3076 0.6650 8.4928
1.5504 16.8467 0.2640 -0.9117 37.9725 -4.5474 0.0000 0.0000 0.0000 -10.6785 12.4798 7.6704 2.6006 10.0185 29.0366 2.6958 -6.4641 -29.7796 1.3399 -7.3291 -20.6942 0.0000 0.0000 0.0000 0.7615 4.3476 -34.5815 -7.3317 -15.6050 50.1180 0.0077 -3.2708 -4.2490 -1.1420 6.7861 -19.0833 -5.3098 -5.9803 14.7073 5.7152 -8.3722 1.0297 10.6967 -3.9475 -5.4372 -19.1313 -11.0812 -9.6847 20.3438 -14.8159 8.2081 8.1833 -6.7047 7.1697 -0.0000 0.0000 0.0000 -90.3549 -17.5028 58.9993 153.3797 -37.8147 -110.7346 -0.0000 0.0000 -7.5009 14.3048 9.7356 2.4690 -7.1250 0.0000 -0.0000 -11.0639 39.7822 1.4433 -0.0000 0.0000 0.0000 72.5223 -4.5798 14.8907 -160.2971 30.2828 -114.6193 0.0000 -0.0000 -12.1511 -16.9932 30.2691 -8.7571 7.1250 -0.0000 -0.0000 8.1274 1.1362 8.3710
1.5943 16.9003 0.0374 -0.6801 37.9588 -4.3856 0.0000 0.0000 0.0000 -11.6032 12.5659 6.6439 2.7130 10.2153 29.6766 2.6625 -6.8106 -29.5502 1.2231 -7.0146 -19.7588 0.0000 0.0000 0.0000 1.9629 2.6059 -34.3407 -8.2455 -16.2969 53.4423 -0.0489 -1.1155 -4.7454 -1.5334 7.8178 -22.1620 -5.6598 -5.8894 14.1846 5.3538 -8.3250 0.9117 10.4205 -3.9273 -5.2942 -19.1681 -11.5311 -10.2687 20.5273 -15.4729 8.8141 8.1246 -6.9631 7.6246 -0.0000 -0.0000 0.0000 -90.7416 -16.7170 59.9397 152.8562 -38.3160 -110.4119 -0.0000 0.0000 -7.2720 13.9271 10.1128 2.4932 -7.1250 0.0000 -0.0000 -11.4660 40.1312 1.3973 -0.0000 -0.0000 0.0000 72.9098 -4.4929 14.8771 -160.4349 30.1148 -114.6886 0.0000 -0.0000 -8.9171 -17.4506 30.2287 -8.9931 7.1250 -0.0000 -0.0000 7.8597 1.1756 8.0952
1.6123 16.9043 -0.1593 -0.4295 38.5918 -4.0088 0.0000 0.0000 0.0000 -12.3912 12.0234 4.8521 3.0489 10.7738 31.5208 2.6931 -7.5217 -29.6659 1.1238 -6.7336 -18.9285 0.0000 0.0000 0.0000 2.6146 1.4739 -33.3346 -8.5992 -16.5428 54.6935 -0.0301 1.0051 -3.0818 -1.9351 8.7297 -24.9533 -5.9098 -5.7828 13.8619 4.8090 -8.2570 0.5194 9.9449 -3.8610 -5.6028 -19.5783 -11.9293 -10.0207 21.2059 -16.1539 8.9160 8.3245 -7.2741 7.8672 0.0000 0.0000 0.0000 -91.0235 -16.1071 61.2252 152.1686 -38.9606 -109.9825 -0.0000 0.0000 -6.0310 13.9820 9.6393 2.3875 -7.1250 0.0000 -0.0000 -11.3209 39.6592 1.5126 0.0000 0.0000 0.0000 73.7418 -5.0101 14.3964 -160.6681 29.8290 -114.8051 0.0000 -0.0000 -8.8327 -18.1355 29.9745 -9.2936 7.1250 -0.0000 -0.0000 7.4366 1.0415 7.6348
1.6243 16.8650 -0.3360 -0.4052 39.2284 -3.9432 0.0000 0.0000 0.0000 -12.6945 11.9063 2.9975 3.4703 11.4200 33.7100 2.7896 -8.1874 -30.1712 1.1673 -6.8582 -19.2961 0.0000 0.0000 0.0000 3.1941 1.6386 -30.9479 -8.1211 -16.2076 52.9978 -0.0363 3.5075 -3.9098 -1.5352 7.8223 -22.1755 -5.8384 -5.5420 13.6375 4.1379 -7.9651 0.3807 9.1147 -3.7076 -5.7972 -20.0188 -12.2757 -9.3194 22.3004 -16.7988 8.3254 8.6936 -7.5898 7.8614 -0.0000 0.0000 0.0000 -91.2355 -16.1461 62.1340 151.7127 -39.3794 -109.6946 -0.0000 0.0000 -6.1253 12.6634 9.1435 2.0449 -7.1250 0.0000 -0.0000 -12.3420 39.0595 1.8393 -0.0000 0.0000 0.0000 74.8033 -5.2404 13.1706 -160.6389 29.8649 -114.7906 0.0000 -0.0000 -10.0598 -18.0778 30.0417 -9.2811 7.1250 -0.0000 -0.0000 7.4774 1.0990 7.6847
1.6313 16.8438 -0.4924 -1.6074 39.6890 -5.0327 0.0000 0.0000 0.0000 -11.7488 12.0549 1.6623 3.8757 11.9931 35.7075 2.8385 -9.2489 -30.3963 1.1119 -6.6990 -18.8268 0.0000 0.0000 0.0000 4.4665 3.6260 -27.2733 -6.8130 -15.1724 48.1637 -0.2206 0.9080 -8.5968 -1.7768 8.3848 -23.8890 -4.8970 -5.0300 14.0748 3.7599 -7.1703 0.4379 8.1162 -3.3139 -6.2947 -20.4052 -12.8855 -9.2693 22.9385 -17.7383 8.3142 8.8061 -8.0143 8.1787 -0.0000 0.0000 0.0000 -91.7325 -16.7358 63.6216 151.4018 -39.6611 -109.4967 -0.0000 0.0000 -6.0335 12.1937 9.8970 2.1271 -7.1250 0.0000 -0.0000 -12.9040 39.7736 1.6949 -0.0000 0.0000 0.0000 75.6351 -5.6419 11.4089 -160.6130 29.8968 -114.7776 0.0000 -0.0000 -9.7213 -18.7466 30.7158 -9.8346 7.1250 -0.0000 -0.0000 7.1708 1.9022 7.4628
1.6388 16.8146 -0.6587 -2.3867 39.4696 -6.0132 0.0000 0.0000 0.0000 -11.6439 11.7439 0.9256 4.2384 12.4711 37.4194 2.9968 -8.3622 -31.3136 1.2938 -7.2069 -20.3296 0.0000 0.0000 0.0000 4.9984 5.4943 -25.5865 -6.4032 -14.8080 46.5791 -0.2288 -0.6600 -9.2988 -1.8270 8.4960 -24.2311 -3.7253 -4.3885 15.6777 3.0841 -6.2179 -0.1751 6.8040 -2.7792 -8.2147 -20.8876 -13.1082 -7.6487 23.7679 -18.3275 7.7039 9.1425 -8.3904 7.9838 -0.0000 -0.0000 0.0000 -92.1078 -15.9107 64.9667 151.5652 -39.5135 -109.6008 -0.0000 0.0000 -5.7617 11.2425 10.6413 2.1022 -7.1250 0.0000 -0.0000 -13.8894 40.4316 1.5997 -0.0000 -0.0000 0.0000 76.5232 -7.3782 10.4854 -160.4623 30.0813 -114.7023 0.0000 -0.0000 -10.5290 -19.1583 31.2825 -10.2262 7.1250 -0.0000 -0.0000 7.0054 2.5527 7.3648
