HIERARCHY
ROOT Hips
{
	OFFSET 0.00000 0.00000 0.00000
	CHANNELS 6 Xposition Yposition Zposition Zrotation Yrotation Xrotation 
	JOINT LHipJoint
	{
		OFFSET 0 0 0
		CHANNELS 3 Zrotation Yrotation Xrotation
		JOINT LeftUpLeg
		{
			OFFSET 1.37959 -1.78713 0.86582
			CHANNELS 3 Zrotation Yrotation Xrotation
			JOINT LeftLeg
			{
				OFFSET 2.54611 -6.99539 0.00000
				CHANNELS 3 Zrotation Yrotation Xrotation
				JOINT LeftFoot
				{
					OFFSET 2.59951 -7.14211 0.00000
					CHANNELS 3 Zrotation Yrotation Xrotation
					JOINT LeftToeBase
					{
						OFFSET 0.18493 -0.50810 1.96120
						CHANNELS 3 Zrotation Yrotation Xrotation
						End Site
						{
							OFFSET 0.00000 -0.00000 1.02054
						}
					}
				}
			}
		}
	}
	JOINT RHipJoint
	{
		OFFSET 0 0 0
		CHANNELS 3 Zrotation Yrotation Xrotation
		JOINT RightUpLeg
		{
			OFFSET -1.33564 -1.78713 0.86582
			CHANNELS 3 Zrotation Yrotation Xrotation
			JOINT RightLeg
			{
				OFFSET -2.52705 -6.94302 0.00000
				CHANNELS 3 Zrotation Yrotation Xrotation
				JOINT RightFoot
				{
					OFFSET -2.55964 -7.03257 0.00000
					CHANNELS 3 Zrotation Yrotation Xrotation
					JOINT RightToeBase
					{
						OFFSET -0.25804 -0.70896 2.12109
						CHANNELS 3 Zrotation Yrotation Xrotation
						End Site
						{
							OFFSET -0.00000 -0.00000 1.11821
						}
					}
				}
			}
		}
	}
	JOINT LowerBack
	{
		OFFSET 0 0 0
		CHANNELS 3 Zrotation Yrotation Xrotation
		JOINT Spine
		{
			OFFSET -0.02031 2.24248 -0.18900
			CHANNELS 3 Zrotation Yrotation Xrotation
			JOINT Spine1
			{
				OFFSET 0.08342 2.24689 -0.03799
				CHANNELS 3 Zrotation Yrotation Xrotation
				JOINT Neck
				{
					OFFSET 0 0 0
					CHANNELS 3 Zrotation Yrotation Xrotation
					JOINT Neck1
					{
						OFFSET -0.11607 1.55844 0.24628
						CHANNELS 3 Zrotation Yrotation Xrotation
						JOINT Head
						{
							OFFSET 0.06877 1.60174 -0.17013
							CHANNELS 3 Zrotation Yrotation Xrotation
							End Site
							{
								OFFSET 0.03358 1.61266 -0.08543
							}
						}
					}
				}
				JOINT LeftShoulder
				{
					OFFSET 0 0 0
					CHANNELS 3 Zrotation Yrotation Xrotation
					JOINT LeftArm
					{
						OFFSET 3.47537 0.55866 -0.72348
						CHANNELS 3 Zrotation Yrotation Xrotation
						JOINT LeftForeArm
						{
							OFFSET 5.38154 -0.00000 0.00000
							CHANNELS 3 Zrotation Yrotation Xrotation
							JOINT LeftHand
							{
								OFFSET 3.33312 -0.00000 0.00000
								CHANNELS 3 Zrotation Yrotation Xrotation
								JOINT LeftFingerBase
								{
									OFFSET 0 0 0
									CHANNELS 3 Zrotation Yrotation Xrotation
									JOINT LeftHandIndex1
									{
										OFFSET 0.71079 -0.00000 0.00000
										CHANNELS 3 Zrotation Yrotation Xrotation
										End Site
										{
											OFFSET 0.57306 -0.00000 0.00000
										}
									}
								}
								JOINT LThumb
								{
									OFFSET 0 0 0
									CHANNELS 3 Zrotation Yrotation Xrotation
									End Site
									{
										OFFSET 0.58181 -0.00000 0.58181
									}
								}
							}
						}
					}
				}
				JOINT RightShoulder
				{
					OFFSET 0 0 0
					CHANNELS 3 Zrotation Yrotation Xrotation
					JOINT RightArm
					{
						OFFSET -3.27844 0.90739 -0.35708
						CHANNELS 3 Zrotation Yrotation Xrotation
						JOINT RightForeArm
						{
							OFFSET -5.16954 -0.00000 0.00000
							CHANNELS 3 Zrotation Yrotation Xrotation
							JOINT RightHand
							{
								OFFSET -3.38287 -0.00000 0.00000
								CHANNELS 3 Zrotation Yrotation Xrotation
								JOINT RightFingerBase
								{
									OFFSET 0 0 0
									CHANNELS 3 Zrotation Yrotation Xrotation
									JOINT RightHandIndex1
									{
										OFFSET -0.81797 -0.00000 0.00000
										CHANNELS 3 Zrotation Yrotation Xrotation
										End Site
										{
											OFFSET -0.65947 -0.00000 0.00000
										}
									}
								}
								JOINT RThumb
								{
									OFFSET 0 0 0
									CHANNELS 3 Zrotation Yrotation Xrotation
									End Site
									{
										OFFSET -0.66953 -0.00000 0.66953
									}
								}
							}
						}
					}
				}
			}
		}
	}
}
MOTION
Frames: 523
Frame Time: .0333333
6.5018 18.0911 12.0689 0 0 0 0 0 0 -21 0 0 0 0 0 0 0 0 0 0 0 0 0 0 21 0 0 0 0 0 0 0 0 0 0 0 0 0 0 0 0 0 0 0 0 0 0 -16 0 0 21 0 0 11 0 0 0 -8 0 0 0 0 0 0 0 0 0 0 0 0 0 0 0 0 0 0 0 0 8 0 0 0 0 0 0 0 0 0 0 0 0 0 0 0 0 0
6.5018 18.0911 12.0689 178.4790 -12.0211 -175.6000 0.0000 0.0000 0.0000 -27.1992 0.9146 -8.9669 1.2634 7.1248 20.0856 0.5076 -2.9372 -12.7725 0.0611 1.5950 4.3876 0.0000 0.0000 0.0000 6.0378 8.5608 -6.5034 -0.6354 -5.1001 14.1942 0.0198 -6.1542 -8.2242 -0.2794 3.3996 -9.3934 -6.8367 1.5570 1.8606 -0.5014 1.9235 2.7631 3.2977 0.7911 1.6003 -12.9770 -6.8452 -5.6491 13.1940 -11.3091 17.8020 5.4425 -5.6141 7.8649 -0.0000 0.0000 0.0000 -86.4463 -2.0986 8.3685 16.1376 -25.7068 -3.7054 -0.0000 -0.0000 9.4152 -2.0034 38.6107 -1.2505 -7.1250 0.0000 -0.0000 -44.8748 62.8469 -21.6545 -0.0000 0.0000 0.0000 87.6791 0.2023 19.9417 -21.1453 31.9976 -6.1268 0.0000 -0.0000 -23.7843 -14.3967 16.5984 -4.1939 7.1250 -0.0000 -0.0000 8.9207 -13.0257 6.7649
6.4994 18.0893 12.0790 178.8040 -11.5702 -175.5870 0.0000 0.0000 0.0000 -26.8854 1.5131 -9.4009 1.2943 7.2083 20.3338 0.5158 -3.1602 -12.8531 0.0360 1.2246 3.3670 0.0000 0.0000 0.0000 6.2645 8.8449 -6.6977 -0.6429 -5.1297 14.2788 -0.0019 -5.7446 -8.2510 -0.1183 2.2176 -6.1073 -6.4690 1.5131 1.9759 -0.4342 1.8603 2.7730 3.1597 0.7677 1.5599 -13.1883 -7.3940 -5.5688 12.7079 -11.4505 15.6336 5.2843 -5.6551 7.1611 -0.0000 -0.0000 0.0000 -86.5968 -1.7767 7.3526 16.0004 -25.5212 -3.6461 -0.0000 -0.0000 10.1582 -2.1951 38.1524 -1.3564 -7.1250 0.0000 -0.0000 -44.4440 62.4666 -21.0085 -0.0000 -0.0000 0.0000 87.7196 -0.1983 22.1377 -25.5269 36.7377 -8.6031 0.0000 -0.0000 -29.3115 -13.7411 18.1440 -4.3546 7.1250 -0.0000 -0.0000 9.3779 -11.5273 7.4173
6.5090 18.0914 12.0818 178.7680 -11.4804 -175.7180 0.0000 0.0000 0.0000 -26.8732 1.5551 -9.3494 1.3014 7.2272 20.3904 0.5310 -3.1687 -13.0462 0.0352 1.2114 3.3306 0.0000 0.0000 0.0000 6.3119 8.8130 -6.5779 -0.6415 -5.1240 14.2627 0.0027 -5.7866 -8.1785 -0.1338 2.3576 -6.4950 -6.7148 1.2770 2.4115 -0.2571 1.5059 2.7032 3.4749 0.5966 1.2701 -14.3511 -7.7424 -4.6602 12.9997 -11.4871 13.0368 5.5930 -5.6915 6.2780 0.0000 -0.0000 0.0000 -86.8703 -1.0284 7.1922 16.0515 -25.5904 -3.6682 -0.0000 -0.0000 9.6318 -1.7888 38.2347 -1.1073 -7.1250 0.0000 -0.0000 -44.1702 62.6328 -21.0224 0.0000 -0.0000 0.0000 87.4930 0.3417 24.3609 -30.7249 41.5067 -11.8871 0.0000 -0.0000 -34.0248 -14.4285 19.7039 -4.9578 7.1250 -0.0000 -0.0000 8.9702 -9.8818 7.3913
6.5209 18.0820 12.0873 178.9810 -11.1757 -175.7730 0.0000 0.0000 0.0000 -26.6293 1.3620 -9.3004 1.3181 7.2717 20.5228 0.5376 -2.7175 -13.1863 0.0507 1.4532 3.9967 0.0000 0.0000 0.0000 6.6007 9.2627 -6.4017 -0.6149 -5.0185 13.9614 0.0227 -6.0433 -7.9639 -0.1896 2.8040 -7.7337 -6.3983 1.2027 2.6966 -0.3488 1.3884 2.4650 3.1973 0.5647 0.8847 -13.7340 -8.0888 -5.1364 11.9980 -11.6390 12.3455 5.1303 -5.7434 6.0740 0.0000 0.0000 0.0000 -86.3768 -0.4736 7.2861 15.7875 -25.2317 -3.5549 -0.0000 -0.0000 9.6094 -2.2067 38.4696 -1.3732 -7.1250 0.0000 -0.0000 -44.8760 62.6919 -21.4936 0.0000 0.0000 0.0000 87.6043 0.9175 26.3791 -37.6312 46.6022 -16.6971 0.0000 -0.0000 -39.0151 -15.1510 20.9772 -5.5368 7.1250 -0.0000 -0.0000 8.5548 -8.5113 7.2782
6.5181 18.0568 12.1017 178.9520 -10.8376 -175.7320 0.0000 0.0000 0.0000 -26.7766 2.2937 -9.7859 1.2893 7.1948 20.2938 0.5258 -2.7007 -13.0382 0.0246 -1.0125 -2.7831 0.0000 0.0000 0.0000 6.4375 9.5900 -6.8419 -0.6816 -5.2788 14.7053 -0.0146 -5.5964 -8.4042 -0.0700 1.7064 -4.6948 -6.4702 1.1273 2.7043 -0.1903 1.2907 2.3253 3.4023 0.5261 0.7417 -13.9593 -8.1572 -4.9944 11.4220 -11.4744 11.4093 5.0062 -5.6827 5.7187 -0.0000 0.0000 0.0000 -86.6263 -0.3217 6.6970 15.5154 -24.8591 -3.4397 -0.0000 -0.0000 10.3070 -3.1350 38.5437 -1.9547 -7.1250 0.0000 -0.0000 -45.8433 62.5003 -21.8578 -0.0000 0.0000 0.0000 86.7974 2.3664 27.9480 -44.4473 50.4948 -21.8115 0.0000 -0.0000 -41.8790 -16.7154 22.5321 -6.5646 7.1250 -0.0000 -0.0000 7.6480 -6.7323 6.7607
6.4989 18.0928 12.0965 178.6880 -10.7492 -175.5180 0.0000 0.0000 0.0000 -27.0175 1.4888 -9.6438 1.3286 7.2993 20.6050 0.5572 -2.8169 -13.4188 0.0581 1.5550 4.2773 0.0000 0.0000 0.0000 6.0987 9.2623 -6.9561 -0.6524 -5.1665 14.3841 -0.0128 -5.4432 -8.1475 -0.0487 1.4248 -3.9183 -6.7398 0.9017 2.3957 -0.1201 1.0134 2.2762 3.6370 0.3827 0.8893 -14.1475 -8.4792 -5.3027 11.0906 -11.6795 10.6726 4.8988 -5.7726 5.5647 0.0000 0.0000 0.0000 -86.8612 -0.6254 5.9263 15.2458 -24.4874 -3.3272 -0.0000 -0.0000 10.9482 -2.8513 38.2632 -1.7666 -7.1250 0.0000 -0.0000 -45.2055 62.3748 -21.3523 0.0000 0.0000 0.0000 86.1688 4.8421 29.2464 -49.7134 52.8792 -25.9454 0.0000 -0.0000 -43.5041 -17.1867 25.4757 -7.5780 7.1250 -0.0000 -0.0000 7.5667 -3.6717 7.1301
6.4956 18.0601 12.0966 178.5910 -11.3672 -175.4240 0.0000 0.0000 0.0000 -27.1363 0.0588 -9.3569 1.3674 7.4008 20.9085 0.5634 -1.8801 -13.6571 0.0214 0.9435 2.5934 0.0000 0.0000 0.0000 5.9986 8.5821 -7.2459 -0.6735 -5.2477 14.6165 -0.0162 -5.3374 -8.1015 -0.0723 1.7349 -4.7735 -6.5463 0.8159 2.2483 -0.2800 0.9139 2.1661 3.3662 0.3414 0.8738 -13.7454 -8.9449 -5.0215 10.7988 -12.2471 9.8443 4.7027 -6.0443 5.2928 0.0000 0.0000 0.0000 -86.6052 -1.2425 5.6911 14.8825 -23.9822 -3.1780 -0.0000 -0.0000 11.5739 -2.7039 38.7026 -1.6914 -7.1250 0.0000 -0.0000 -45.6553 62.7268 -21.9881 0.0000 0.0000 0.0000 85.6190 6.6571 29.7647 -54.7523 54.7412 -30.0136 0.0000 -0.0000 -43.8926 -20.8969 27.0759 -9.8586 7.1250 -0.0000 -0.0000 5.4880 -1.4081 5.3764
6.5085 18.0550 12.0944 179.1100 -10.9366 -175.6520 0.0000 0.0000 0.0000 -26.5190 0.8838 -9.8744 1.4392 7.5846 21.4594 0.5935 -2.4918 -13.9134 0.0194 0.8995 2.4723 0.0000 0.0000 0.0000 6.5370 8.8190 -7.4465 -0.7190 -5.4187 15.1067 -0.0418 -4.8774 -8.2315 -0.0191 0.8930 -2.4545 -5.9865 1.1187 2.3944 -0.3562 1.3159 1.9418 2.9613 0.5684 0.5296 -13.9631 -9.2539 -3.7776 11.8595 -12.8081 8.3881 5.0850 -6.3195 4.7938 -0.0000 0.0000 0.0000 -86.1835 -1.5924 5.8760 14.8622 -23.9537 -3.1698 -0.0000 -0.0000 11.5679 -2.0162 37.9134 -1.2392 -7.1250 0.0000 -0.0000 -43.9631 62.3401 -20.6022 -0.0000 0.0000 0.0000 85.1997 8.4806 29.3985 -57.5146 55.6104 -32.2814 0.0000 -0.0000 -43.7508 -20.2662 26.9934 -9.5140 7.1250 -0.0000 -0.0000 5.8552 -1.6082 5.7188
6.5207 18.0729 12.0672 179.1120 -11.3862 -175.7940 0.0000 0.0000 0.0000 -26.4004 0.8671 -9.5521 1.4284 7.5571 21.3768 0.5855 -2.7911 -13.7700 0.0581 1.5549 4.2772 0.0000 0.0000 0.0000 6.6262 8.4892 -7.7631 -0.8287 -5.8076 16.2273 -0.1026 -4.5143 -9.3480 -0.0418 -1.3202 3.6303 -6.0179 1.0871 2.4906 -0.4894 1.2622 1.7598 2.8393 0.5536 0.2954 -13.8694 -9.4710 -3.9394 12.0389 -13.1287 8.4824 5.0848 -6.4633 4.8982 -0.0000 0.0000 0.0000 -85.8467 -1.9333 6.2116 15.2163 -24.4466 -3.3150 -0.0000 -0.0000 10.6445 -2.0465 38.3934 -1.2713 -7.1250 0.0000 -0.0000 -44.6238 62.6795 -21.3336 -0.0000 0.0000 0.0000 84.6471 9.4987 29.3112 -58.4520 55.8831 -33.0562 0.0000 -0.0000 -42.6237 -21.9204 28.8015 -10.9720 7.1250 -0.0000 -0.0000 5.0941 0.5655 5.1645
6.5408 18.0448 12.0466 178.5710 -11.7181 -175.9200 0.0000 0.0000 0.0000 -26.8223 2.5363 -9.6030 1.3631 7.3897 20.8752 0.5373 -4.4922 -13.0470 0.0490 1.4283 3.9280 0.0000 0.0000 0.0000 6.2267 7.6805 -8.8709 -1.0691 -6.5732 18.4568 -0.1667 -3.6290 -9.9240 -0.0000 -0.0087 0.0239 -6.6207 1.1766 2.9012 -0.7341 1.3190 1.5436 2.9124 0.5940 -0.1698 -14.5775 -9.8598 -4.1947 12.7552 -13.7915 9.3272 5.3237 -6.7794 5.3896 -0.0000 0.0000 0.0000 -85.9360 -2.2762 6.0727 15.6981 -25.1095 -3.5168 -0.0000 -0.0000 10.3158 -2.6461 38.5527 -1.6499 -7.1250 0.0000 -0.0000 -45.3992 62.6355 -21.7407 -0.0000 0.0000 0.0000 83.7222 9.8926 29.1723 -58.3522 55.8546 -32.9737 0.0000 -0.0000 -41.0589 -22.8378 29.3854 -11.6755 7.1250 -0.0000 -0.0000 4.6385 1.3552 4.7625
6.5538 18.0118 12.0195 179.1310 -12.2382 -176.0790 0.0000 0.0000 0.0000 -26.1840 2.0661 -9.4881 1.4011 7.4878 21.1689 0.5576 -4.1322 -13.3058 0.0024 0.3196 0.8781 0.0000 0.0000 0.0000 7.1468 6.6938 -9.5521 -1.1893 -6.9204 19.4796 -0.1874 -3.8715 -10.5411 -0.0011 0.2184 -0.6000 -5.5836 1.2792 2.8394 -1.0850 1.4805 1.4400 1.9667 0.6841 -0.2252 -14.4917 -10.3523 -3.9937 13.1694 -14.6268 9.6013 5.3517 -7.1828 5.5829 -0.0000 0.0000 0.0000 -85.0129 -2.4690 7.6201 16.4792 -26.1661 -3.8548 -0.0000 -0.0000 9.7396 -3.5139 39.8243 -2.2521 -7.1250 0.0000 -0.0000 -47.9685 63.2918 -23.9999 -0.0000 0.0000 0.0000 83.8489 10.0441 28.1726 -56.8157 55.3999 -31.7054 0.0000 -0.0000 -38.0785 -23.1553 29.3617 -11.8433 7.1250 -0.0000 -0.0000 4.4509 1.3976 4.5719
6.5766 18.0334 11.9694 178.7870 -12.2448 -175.9610 0.0000 0.0000 0.0000 -26.3439 2.9325 -9.6956 1.4026 7.4915 21.1799 0.5419 -5.1635 -13.1077 0.0036 0.3894 1.0701 0.0000 0.0000 0.0000 7.2025 5.8619 -10.3658 -1.2697 -7.1419 20.1364 -0.1522 -4.5759 -10.4712 -0.0159 0.8133 -2.2354 -6.3624 1.4695 2.5083 -1.0813 1.7360 1.3586 2.4024 0.8075 -0.1646 -15.2078 -10.5854 -3.8972 13.6904 -15.0418 9.9312 5.5762 -7.3939 5.8250 0.0000 0.0000 0.0000 -85.2605 -2.6625 8.7207 17.2129 -27.1376 -4.1840 -0.0000 -0.0000 8.1324 -2.5875 38.4704 -1.6104 -7.1250 0.0000 -0.0000 -45.2342 62.5922 -21.5983 0.0000 0.0000 0.0000 83.4192 9.7638 27.4576 -54.0623 54.5080 -29.4510 0.0000 -0.0000 -33.7646 -23.4276 29.0821 -11.8936 7.1250 -0.0000 -0.0000 4.2531 1.1662 4.3507
6.5933 18.0313 11.9103 179.3880 -12.6333 -176.1540 0.0000 0.0000 0.0000 -25.5408 3.4505 -9.5946 1.3978 7.4794 21.1436 0.5402 -5.7131 -13.1132 0.0000 0.0079 0.0218 0.0000 0.0000 0.0000 8.3024 4.4693 -11.4229 -1.4405 -7.5877 21.4686 -0.1679 -5.2863 -11.4559 -0.0004 -0.1284 0.3527 -5.7825 1.3274 2.3029 -0.9516 1.5872 1.4350 2.2231 0.7324 0.0537 -16.0895 -10.6882 -4.7552 14.4859 -15.2391 10.7894 5.8875 -7.4519 6.4045 0.0000 -0.0000 0.0000 -85.6222 -2.8690 9.7570 17.8871 -28.0123 -4.4961 -0.0000 -0.0000 5.4713 2.2281 39.9250 1.4304 -7.1250 0.0000 -0.0000 -42.7003 64.9561 -22.4576 0.0000 -0.0000 0.0000 83.4111 9.1556 27.1967 -51.2709 53.4954 -27.1925 0.0000 -0.0000 -30.1847 -22.4479 29.2121 -11.4000 7.1250 -0.0000 -0.0000 4.8412 1.0956 4.9505
6.6052 18.0562 11.8492 179.3200 -12.8431 -175.9660 0.0000 0.0000 0.0000 -25.5534 2.0629 -8.5682 1.3077 7.2439 20.4400 0.5762 -4.5365 -13.5160 0.0133 0.7443 2.0456 0.0000 0.0000 0.0000 8.5471 3.1973 -13.2115 -1.7001 -8.2114 23.3580 -0.1839 -5.7327 -12.1833 -0.0080 0.5765 -1.5841 -5.7052 1.4483 2.7404 -1.0943 1.7025 0.8520 2.0108 0.8269 -0.7948 -15.7205 -10.9411 -4.1876 13.5028 -15.5287 10.7163 5.5061 -7.6432 6.2175 -0.0000 0.0000 0.0000 -85.7778 -2.3376 9.3406 18.5124 -28.8083 -4.7936 -0.0000 -0.0000 6.8191 1.0989 37.0622 0.6623 -7.1250 0.0000 -0.0000 -39.8993 62.5146 -18.5105 -0.0000 0.0000 0.0000 83.7378 6.9845 26.2872 -49.0296 52.5965 -25.4012 0.0000 -0.0000 -25.5811 -21.2250 27.3526 -10.1177 7.1250 -0.0000 -0.0000 5.3246 -1.0618 5.2479
6.6279 18.0503 11.7887 178.4660 -12.4642 -175.9330 0.0000 0.0000 0.0000 -26.3479 3.2591 -8.1721 1.2018 6.9554 19.5832 0.5416 -5.0887 -13.1029 0.0256 1.0321 2.8370 0.0000 0.0000 0.0000 7.8296 2.2058 -14.5632 -1.9666 -8.7962 25.1600 -0.2912 -4.6374 -12.9681 -0.0020 0.2918 -0.8017 -6.7115 1.6917 2.8567 -1.2943 1.9696 0.9036 2.3520 0.9525 -0.8544 -16.1346 -11.0534 -4.7053 13.8055 -15.6953 11.2425 5.6094 -7.7038 6.5566 -0.0000 0.0000 0.0000 -86.1181 -2.3218 9.6310 18.8154 -29.1887 -4.9405 -0.0000 -0.0000 6.1623 1.2017 36.4861 0.7146 -7.1250 0.0000 -0.0000 -39.0926 62.0985 -17.6902 -0.0000 0.0000 0.0000 84.0922 5.7503 25.5384 -45.8455 51.1760 -22.8956 0.0000 -0.0000 -22.1803 -20.2175 27.6558 -9.7003 7.1250 -0.0000 -0.0000 5.9577 -0.9377 5.8915
6.6379 18.0619 11.7344 177.6160 -12.5030 -175.8690 0.0000 0.0000 0.0000 -27.1619 2.8082 -7.2424 1.1298 6.7512 18.9803 0.5322 -4.6307 -12.9835 0.0399 1.2895 3.5456 0.0000 0.0000 0.0000 7.1558 0.9959 -15.8289 -2.1157 -9.1030 26.1179 -0.2665 -4.9330 -12.8243 -0.0191 0.8911 -2.4493 -7.3505 1.5001 3.0671 -1.5037 1.6589 1.0124 2.5011 0.7856 -0.8440 -16.2425 -10.9723 -5.7019 13.4900 -15.4428 11.9586 5.4985 -7.5547 6.8985 -0.0000 0.0000 0.0000 -86.8273 -2.5036 8.4916 19.0402 -29.4686 -5.0506 -0.0000 -0.0000 6.3836 -2.3440 39.1261 -1.4796 -7.1250 0.0000 -0.0000 -45.8994 63.1224 -22.5527 -0.0000 0.0000 0.0000 84.9668 4.9282 24.9614 -42.8113 49.6500 -20.5568 0.0000 -0.0000 -18.9029 -18.6848 26.6582 -8.6279 7.1250 -0.0000 -0.0000 6.7673 -2.2270 6.5455
6.6871 18.0822 11.6658 179.3770 -11.4644 -176.0970 0.0000 0.0000 0.0000 -25.0671 3.4370 -7.9959 1.2434 7.0703 19.9238 0.5818 -4.7445 -13.5788 0.0814 1.8400 5.0636 0.0000 0.0000 0.0000 9.4743 1.0107 -16.6651 -2.0437 -8.9564 25.6591 -0.1398 -6.3337 -12.0260 -0.0755 1.7726 -4.8777 -6.2052 1.6858 2.7890 -0.6785 2.0184 1.0912 2.7074 0.9768 -0.6311 -15.9454 -10.9356 -6.2147 12.7638 -15.1629 11.8363 5.2297 -7.4122 6.8221 -0.0000 0.0000 0.0000 -87.6410 -2.2905 8.2687 19.4449 -29.9678 -5.2512 -0.0000 -0.0000 6.1992 -1.5213 40.4251 -0.9866 -7.1250 0.0000 -0.0000 -47.0032 64.2538 -24.4332 -0.0000 0.0000 0.0000 85.1456 4.1316 24.1821 -39.7741 47.9355 -18.2714 0.0000 -0.0000 -17.1662 -16.7426 25.5694 -7.3977 7.1250 -0.0000 -0.0000 7.8438 -3.6446 7.4002
6.7028 18.0880 11.5826 178.6860 -11.0038 -176.3450 0.0000 0.0000 0.0000 -25.7979 3.0810 -6.7127 1.1857 6.9104 19.4502 0.6200 -3.5954 -14.0869 0.0750 1.7669 4.8618 0.0000 0.0000 0.0000 8.9092 0.0110 -17.2543 -2.0707 -9.0118 25.8323 -0.1574 -6.6424 -12.6693 -0.0005 -0.1389 0.3816 -6.5463 1.7276 3.2220 -0.9797 2.0118 1.2415 2.5775 0.9627 -0.7193 -15.5031 -10.8025 -6.8354 12.5711 -14.9087 11.9760 5.1030 -7.2557 6.8856 -0.0000 -0.0000 0.0000 -87.6689 -2.2035 8.8463 19.4097 -29.9246 -5.2337 -0.0000 -0.0000 5.6754 -2.7821 39.7107 -1.7783 -7.1250 0.0000 -0.0000 -47.1300 63.4126 -23.6124 -0.0000 -0.0000 0.0000 85.9968 2.8930 23.1187 -37.1574 46.2926 -16.3537 0.0000 -0.0000 -15.8069 -15.0422 25.1021 -6.5041 7.1250 -0.0000 -0.0000 8.8446 -4.3640 8.2467
6.7515 18.0693 11.4980 178.5510 -10.7355 -176.2420 0.0000 0.0000 0.0000 -25.7081 4.5642 -6.4977 1.0474 6.5083 18.2666 0.5501 -4.0791 -13.2160 0.0001 0.0569 0.1563 0.0000 0.0000 0.0000 9.3358 -1.1681 -18.7208 -2.0899 -9.0508 25.9545 -0.1549 -7.4670 -13.5399 -0.1764 -2.7055 7.4598 -6.9328 1.5048 2.1017 -0.7236 1.8238 2.2155 3.1093 0.7832 0.9132 -14.8794 -10.8360 -8.4525 12.0809 -14.6183 11.7387 4.8109 -7.0348 6.9616 -0.0000 -0.0000 0.0000 -88.2799 -3.6088 8.9586 19.3130 -29.8058 -5.1855 -0.0000 -0.0000 5.5890 -2.9821 40.1608 -1.9243 -7.1250 0.0000 -0.0000 -47.9655 63.6672 -24.4091 -0.0000 -0.0000 0.0000 86.3422 3.8863 22.0177 -34.1809 44.2183 -14.2390 0.0000 -0.0000 -14.3076 -13.6552 24.2304 -5.6940 7.1250 -0.0000 -0.0000 9.6430 -5.4242 8.8169
6.7930 18.0495 11.4032 178.2660 -10.3261 -176.1890 0.0000 0.0000 0.0000 -25.8725 5.2050 -5.7015 0.9012 6.0500 16.9297 0.4956 -3.3476 -12.5754 0.1295 -2.3200 -6.3908 0.0000 0.0000 0.0000 9.4449 -1.9170 -19.8448 -2.0548 -8.9794 25.7309 -0.1833 -7.4696 -13.9921 -0.1494 -2.4906 6.8637 -6.1133 1.3944 2.2589 -1.5367 1.6496 2.2203 1.8146 0.7002 0.8896 -13.6514 -10.4600 -8.8759 12.3127 -14.2689 11.6884 4.7299 -6.7980 6.8962 0.0000 0.0000 0.0000 -86.9353 -3.3476 9.9238 19.3311 -29.8281 -5.1945 -0.0000 -0.0000 5.2499 -2.9580 40.0816 -1.9056 -7.1250 0.0000 -0.0000 -47.8277 63.6197 -24.2708 0.0000 0.0000 0.0000 88.3830 3.0506 20.2666 -32.0424 42.5810 -12.7695 0.0000 -0.0000 -13.5677 -11.1323 22.8850 -4.3760 7.1250 -0.0000 -0.0000 11.1492 -7.0630 9.8875
6.8526 18.0622 11.3014 178.9860 -9.5625 -176.2750 0.0000 0.0000 0.0000 -24.9515 4.4664 -4.6120 0.8191 5.7747 16.1322 0.5215 -1.7229 -13.1564 0.1086 -2.1253 -5.8522 0.0000 0.0000 0.0000 10.4742 -0.9160 -19.7635 -2.0270 -8.9221 25.5519 -0.2187 -7.0907 -14.1303 -1.1090 -6.6906 18.8020 -6.5315 1.1816 2.2416 -0.2702 1.4004 2.1920 3.3589 0.5836 0.8524 -14.3979 -10.0870 -9.6726 11.4624 -13.4332 12.3882 4.6416 -6.4373 7.1338 -0.0000 -0.0000 0.0000 -88.6519 -3.1251 10.0915 19.2631 -29.7443 -5.1607 -0.0000 -0.0000 4.8646 -1.4422 39.9701 -0.9265 -7.1250 0.0000 -0.0000 -46.2569 63.9604 -23.6552 -0.0000 -0.0000 0.0000 87.3850 2.6787 18.8444 -29.1114 40.1195 -10.8324 0.0000 -0.0000 -12.5229 -9.5630 23.0341 -3.7715 7.1250 -0.0000 -0.0000 12.1250 -7.0812 10.7884
6.9189 18.0547 11.1884 179.3210 -8.7992 -176.2090 0.0000 0.0000 0.0000 -24.3535 4.7683 -4.7582 0.8773 5.9714 16.7016 0.5713 -1.3345 -13.8812 0.2442 -3.1801 -8.7805 0.0000 0.0000 0.0000 11.2928 -0.8027 -19.9032 -2.0111 -8.8892 25.4493 -0.0896 -7.6855 -12.6952 -0.6170 -5.0272 13.9862 -6.4872 1.0820 3.0114 0.1186 1.2149 1.5745 3.7213 0.5501 -0.2036 -14.1898 -9.7328 -10.1122 10.9611 -12.8943 12.9555 4.4980 -6.1916 7.2695 0.0000 0.0000 0.0000 -88.9551 -2.1671 9.8431 19.3741 -29.8809 -5.2159 -0.0000 -0.0000 5.6986 -3.6802 39.3051 -2.3331 -7.1250 0.0000 -0.0000 -47.3887 62.8894 -23.2023 0.0000 0.0000 0.0000 87.1959 1.1438 17.4655 -27.0937 38.2684 -9.5571 0.0000 -0.0000 -13.1267 -7.3268 22.6679 -2.8369 7.1250 -0.0000 -0.0000 13.5031 -7.6534 11.9294
6.9950 18.0369 11.0585 178.5620 -7.5378 -176.2300 0.0000 0.0000 0.0000 -24.9639 5.6156 -4.1831 0.8271 5.8024 16.2123 0.5823 -0.5907 -14.2260 0.3555 -3.8308 -10.6011 0.0000 0.0000 0.0000 10.7785 0.2715 -19.8310 -2.1682 -9.2080 26.4481 -0.0558 -7.5901 -11.9556 -0.1860 -2.7773 7.6595 -6.4816 1.0061 2.7322 -0.6307 1.1116 1.4437 2.9503 0.4954 -0.1571 -13.4245 -9.1000 -9.6672 11.0694 -12.2339 12.8161 4.5235 -5.8619 7.0166 -0.0000 -0.0000 0.0000 -87.8023 -1.7089 9.8676 19.4648 -29.9921 -5.2612 -0.0000 -0.0000 5.4184 -3.2956 39.3494 -2.0910 -7.1250 0.0000 -0.0000 -47.0951 63.0232 -23.1695 -0.0000 -0.0000 0.0000 88.5494 0.5750 15.8078 -24.3320 35.5133 -7.8986 0.0000 -0.0000 -11.6267 -9.1517 23.1994 -3.6313 7.1250 -0.0000 -0.0000 12.3817 -6.9602 11.0580
7.1173 18.0458 10.9658 178.9460 -9.4815 -175.5890 0.0000 0.0000 0.0000 -23.8020 4.1061 -4.4237 0.8809 5.9831 16.7355 0.6078 -1.2272 -14.3574 0.4273 -4.1953 -11.6267 0.0000 0.0000 0.0000 11.7068 0.3142 -19.1754 -2.0323 -8.9330 25.5860 -0.0643 -8.0440 -12.6963 -0.5734 -4.8491 13.4788 -6.5808 0.0625 2.7933 0.0401 -0.1317 1.0396 3.7377 -0.0932 -0.4812 -14.5353 -8.6531 -10.3843 12.2296 -11.6515 13.5553 5.1346 -5.5416 7.4462 -0.0000 -0.0000 0.0000 -88.1478 -2.0547 9.7209 19.1905 -29.6547 -5.1247 -0.0000 -0.0000 5.7977 -3.4712 39.1834 -2.1947 -7.1250 0.0000 -0.0000 -47.0267 62.8607 -22.9515 -0.0000 -0.0000 0.0000 88.3263 0.6999 12.3278 -21.5922 32.5131 -6.3653 0.0000 -0.0000 -11.0491 -7.8055 23.3585 -3.1110 7.1250 -0.0000 -0.0000 13.2119 -6.9353 11.8474
7.2320 18.0182 10.7673 178.7840 -8.3767 -176.5340 0.0000 0.0000 0.0000 -23.4916 5.0233 -2.2004 0.7733 5.6147 15.6706 0.6356 -0.5504 -14.8853 0.3348 -3.7185 -10.2860 0.0000 0.0000 0.0000 12.0188 1.6845 -17.4091 -2.1138 -9.0991 26.1059 -0.1283 -7.8754 -13.5794 -0.4951 -4.5112 12.5194 -7.2503 0.0645 2.9475 0.2966 -0.1546 1.3731 4.3813 -0.1292 -0.2162 -13.3421 -8.4419 -10.4302 10.4629 -11.1385 13.0896 4.4242 -5.3437 7.0543 -0.0000 0.0000 0.0000 -88.2488 -2.4429 8.8789 18.9520 -29.3589 -5.0073 -0.0000 -0.0000 6.0402 -3.2127 38.8516 -2.0166 -7.1250 0.0000 -0.0000 -46.3313 62.6973 -22.3575 -0.0000 0.0000 0.0000 88.0743 1.0527 9.9099 -18.9026 29.2974 -4.9831 0.0000 -0.0000 -9.5792 -11.0357 21.7995 -4.1424 7.1250 -0.0000 -0.0000 11.1835 -8.1493 9.6764
7.2926 18.0349 10.6297 179.7440 -7.8286 -176.3520 0.0000 0.0000 0.0000 -22.3268 3.3059 -1.9866 0.8902 6.0139 16.8248 0.7193 0.7484 -16.3110 0.1606 -2.5823 -7.1180 0.0000 0.0000 0.0000 13.6039 1.7137 -17.1849 -1.9774 -8.8189 25.2305 -0.0652 -8.1273 -12.8185 -0.3671 -3.8921 10.7734 -5.4483 -0.0419 2.1148 0.2662 -0.1845 1.3838 3.3332 -0.1444 0.2554 -12.2414 -8.1884 -11.5818 9.5666 -10.7558 13.9505 3.9629 -5.1380 7.3694 0.0000 0.0000 0.0000 -87.2786 -3.1514 9.4469 18.7417 -29.0965 -4.9046 -0.0000 -0.0000 5.9742 -3.1596 39.2014 -1.9983 -7.1250 0.0000 -0.0000 -46.7631 62.9566 -22.8961 0.0000 0.0000 0.0000 88.5251 1.7619 5.1181 -16.3746 26.0260 -3.8089 0.0000 -0.0000 -8.7014 -10.4405 22.0570 -3.9584 7.1250 -0.0000 -0.0000 11.5616 -7.9555 10.0626
7.4443 18.0416 10.5148 180.1370 -7.1011 -175.9030 0.0000 0.0000 0.0000 -21.3589 3.5095 -2.1860 0.8788 5.9762 16.7153 0.7314 1.1031 -16.5917 0.2166 -2.9961 -8.2679 0.0000 0.0000 0.0000 14.7433 3.1313 -17.1675 -1.9910 -8.8473 25.3189 -0.0348 -8.9015 -13.3075 -0.3491 -3.7961 10.5036 -5.3345 -0.1990 1.7558 0.5056 -0.3644 1.2821 3.5180 -0.2317 0.3707 -13.0441 -7.9229 -11.4720 10.7733 -10.3512 12.9276 4.5469 -4.8907 7.0861 0.0000 -0.0000 0.0000 -86.8825 -3.7972 9.1921 18.7456 -29.1013 -4.9065 -0.0000 -0.0000 5.9528 -3.4029 39.2654 -2.1552 -7.1250 0.0000 -0.0000 -47.0772 62.9361 -23.0640 0.0000 -0.0000 0.0000 88.2476 2.3077 -0.3352 -14.2371 23.0727 -2.9204 0.0000 -0.0000 -8.4652 -8.9950 24.4080 -3.7425 7.1250 -0.0000 -0.0000 12.5004 -5.7898 11.4581
7.5793 18.0183 10.3196 179.2340 -7.1580 -176.7010 0.0000 0.0000 0.0000 -21.7043 4.6753 0.2368 0.7017 5.3544 14.9223 0.6477 1.4446 -15.7931 0.4226 -4.1724 -11.5623 0.0000 0.0000 0.0000 14.2703 2.3519 -16.0284 -2.1664 -9.2043 26.4365 -0.2218 -7.5323 -14.6401 -0.2811 -3.4102 9.4228 -6.6173 -0.3637 2.3363 0.4988 -0.6517 1.2608 4.2430 -0.3763 0.0693 -12.5676 -7.6026 -11.6363 10.3132 -9.9673 13.4987 4.3623 -4.7203 7.1992 0.0000 -0.0000 0.0000 -86.4979 -3.5822 9.7590 18.7082 -29.0545 -4.8883 -0.0000 -0.0000 6.0361 -2.6911 39.0161 -1.6949 -7.1250 0.0000 -0.0000 -46.0712 62.9519 -22.4747 0.0000 -0.0000 0.0000 87.9890 1.2262 -1.6755 -13.4615 21.9596 -2.6233 0.0000 -0.0000 -6.9387 -14.1200 20.2534 -4.9768 7.1250 -0.0000 -0.0000 9.1859 -9.3618 7.6712
7.7046 18.0199 10.1450 179.8130 -6.7396 -176.9780 0.0000 0.0000 0.0000 -20.5582 4.9182 0.9428 0.7112 5.3898 15.0237 0.6508 1.8900 -16.0383 0.4211 -4.1650 -11.5414 0.0000 0.0000 0.0000 15.4287 2.2050 -15.3107 -2.1738 -9.2192 26.4833 -0.2991 -6.7778 -14.9869 -0.2577 -3.2659 9.0198 -6.0523 -0.3468 2.3646 0.8070 -0.6134 1.0884 4.2451 -0.3404 -0.1324 -12.1742 -7.5184 -11.3642 9.5382 -9.7710 13.1515 4.0766 -4.6655 6.9556 0.0000 -0.0000 0.0000 -86.2656 -3.6688 10.5056 18.7129 -29.0604 -4.8906 -0.0000 -0.0000 6.2690 -2.4507 38.7529 -1.5346 -7.1250 0.0000 -0.0000 -45.4869 62.8296 -21.9973 0.0000 -0.0000 0.0000 87.6547 0.5658 -4.5300 -12.7321 20.8935 -2.3569 0.0000 -0.0000 -5.1847 -13.8488 20.3480 -4.8996 7.1250 -0.0000 -0.0000 9.3626 -9.2966 7.8353
7.8405 18.0288 10.0041 180.2740 -6.4185 -176.7400 0.0000 0.0000 0.0000 -19.6189 4.0589 1.4169 0.7257 5.4431 15.1769 0.5783 2.8342 -15.6740 0.3846 -3.9824 -11.0271 0.0000 0.0000 0.0000 16.4802 2.2463 -14.9935 -2.1024 -9.0763 26.0343 -0.3411 -6.3793 -15.1964 -0.3852 -3.9858 11.0367 -5.7496 -0.4610 2.3497 1.2329 -0.7535 0.6119 4.5231 -0.3784 -0.5971 -12.4223 -7.1589 -11.0073 9.3551 -9.2526 13.1714 4.1289 -4.4551 6.8437 0.0000 0.0000 0.0000 -86.4146 -3.0034 10.7235 19.2229 -29.6947 -5.1408 -0.0000 -0.0000 6.2585 -2.0174 39.3760 -1.2802 -7.1250 0.0000 -0.0000 -45.9433 63.3866 -22.8584 0.0000 0.0000 0.0000 87.0023 -0.3952 -6.2204 -12.4258 20.4401 -2.2488 0.0000 -0.0000 -4.5123 -13.5672 20.7658 -4.8903 7.1250 -0.0000 -0.0000 9.5554 -8.9079 8.0767
7.9941 18.0609 9.8579 180.4640 -6.2084 -176.8970 0.0000 0.0000 0.0000 -18.7394 3.8773 1.9068 0.7870 5.6634 15.8107 0.6065 2.6337 -15.9006 0.3488 -3.7946 -10.4994 0.0000 0.0000 0.0000 17.3701 2.4370 -13.8709 -2.0027 -8.8716 25.3945 -0.3507 -6.5480 -15.4783 -0.4440 -4.2755 11.8530 -5.4585 -0.5606 1.9061 1.2349 -0.8532 0.9898 4.3536 -0.4595 0.0488 -12.2375 -7.0242 -11.9830 9.5104 -9.0159 13.4417 4.1527 -4.2903 7.0713 -0.0000 -0.0000 0.0000 -85.8116 -3.9059 10.5513 19.5760 -30.1282 -5.3169 -0.0000 -0.0000 6.0836 -3.9324 39.7350 -2.5161 -7.1250 0.0000 -0.0000 -48.2256 63.1173 -23.9669 -0.0000 -0.0000 0.0000 87.3391 -0.7741 -5.5480 -12.9042 21.1467 -2.4186 0.0000 -0.0000 -5.5731 -15.0331 20.2248 -5.3044 7.1250 -0.0000 -0.0000 8.5996 -9.2867 7.1827
8.1391 18.0959 9.7308 181.0850 -5.9032 -176.9300 0.0000 0.0000 0.0000 -17.3284 4.1393 1.8488 0.8302 5.8131 16.2430 0.4698 2.8578 -14.3080 1.0253 -6.4414 -18.0705 0.0000 0.0000 0.0000 18.7341 2.6598 -13.0238 -1.8841 -8.6203 24.6147 -0.3572 -6.5464 -15.5630 -0.2670 -3.3239 9.1817 -4.6334 -0.7217 2.2089 1.3895 -1.0692 0.8010 4.0576 -0.5510 -0.3037 -12.1622 -6.9109 -12.2672 9.4954 -8.8778 13.8102 4.1455 -4.2187 7.2191 0.0000 -0.0000 0.0000 -85.5809 -3.8960 10.5529 19.6707 -30.2435 -5.3645 -0.0000 -0.0000 5.9718 -2.8834 38.9507 -1.8136 -7.1250 0.0000 -0.0000 -46.1605 62.8545 -22.4242 0.0000 -0.0000 0.0000 87.3463 -1.0316 -5.3940 -13.0904 21.4195 -2.4862 0.0000 -0.0000 -6.3241 -14.2985 20.5615 -5.1151 7.1250 -0.0000 -0.0000 9.0821 -9.0311 7.6432
8.2391 18.1177 9.6015 181.1800 -4.5393 -176.0520 0.0000 0.0000 0.0000 -17.1695 3.0289 0.8804 1.0048 6.3786 17.8871 0.4083 4.2546 -14.3891 1.4623 -7.6425 -21.6334 0.0000 0.0000 0.0000 19.2328 3.3532 -12.9906 -1.7357 -8.2924 23.6057 -0.3150 -6.2866 -14.7501 -0.2938 -3.4856 9.6338 -3.5642 -0.4125 -0.5220 0.9337 -0.5326 1.5915 2.9467 -0.3384 1.9693 -11.2612 -6.6752 -12.2234 9.5106 -8.6149 12.7580 4.0380 -4.0368 6.8035 0.0000 -0.0000 0.0000 -84.8737 -5.2259 11.0353 20.3521 -31.0642 -5.7119 -0.0000 -0.0000 4.7930 -2.3715 39.7230 -1.5161 -7.1250 0.0000 -0.0000 -46.7663 63.5330 -23.5174 0.0000 -0.0000 0.0000 88.0579 0.4115 -5.3883 -13.2892 21.7095 -2.5593 0.0000 -0.0000 -6.7593 -15.4311 20.5830 -5.5427 7.1250 -0.0000 -0.0000 8.3592 -8.8770 7.0466
8.3864 18.1218 9.4856 181.4140 -4.1337 -176.4240 0.0000 0.0000 0.0000 -16.2042 2.9990 0.3685 1.2817 7.1744 20.2332 0.4017 3.8000 -13.9781 1.6692 -8.1401 -23.1403 0.0000 0.0000 0.0000 20.2118 3.4050 -11.4875 -1.5690 -7.9038 22.4222 -0.2811 -6.5639 -14.5272 -0.2131 -2.9717 8.2001 -3.3559 -0.2147 1.3688 1.1209 -0.3339 0.5459 3.0385 -0.1754 -0.1816 -10.8881 -6.3233 -11.5481 8.9454 -8.2521 13.2494 3.8506 -3.9188 6.7618 0.0000 0.0000 0.0000 -84.9514 -3.2681 12.3616 21.3276 -32.2088 -6.2236 -0.0000 -0.0000 3.4429 -3.0734 40.0241 -1.9776 -7.1250 0.0000 -0.0000 -47.8505 63.5487 -24.2076 0.0000 0.0000 0.0000 88.0252 -1.4476 -5.2872 -13.7344 22.3537 -2.7263 0.0000 -0.0000 -7.6001 -14.0332 21.3472 -5.1987 7.1250 -0.0000 -0.0000 9.2795 -8.2705 7.9560
8.5319 18.1446 9.3813 182.0430 -3.6426 -176.9090 0.0000 0.0000 0.0000 -14.6235 3.4153 -1.1105 1.7849 8.4029 23.9446 0.3709 3.0172 -13.0125 2.3171 -9.4976 -27.3646 0.0000 0.0000 0.0000 21.6229 3.5122 -9.5368 -1.3168 -7.2682 20.5124 -0.2385 -6.8792 -14.2105 -0.2162 -2.9934 8.2605 -2.4804 0.1125 2.1909 1.1679 0.0940 0.2281 2.5871 0.0555 -1.0005 -10.7041 -6.4165 -10.6005 9.0201 -8.6288 13.7269 3.8252 -4.1352 6.7828 0.0000 -0.0000 0.0000 -84.8312 -2.4271 13.8413 22.1806 -33.1805 -6.6844 -0.0000 -0.0000 2.6369 -3.0398 41.0013 -1.9954 -7.1250 0.0000 -0.0000 -49.2752 64.2181 -25.8523 0.0000 -0.0000 0.0000 88.4815 -2.0693 -4.8758 -14.3548 23.2397 -2.9667 0.0000 -0.0000 -8.9159 -14.8147 20.5047 -5.2931 7.1250 -0.0000 -0.0000 8.7501 -9.0290 7.3572
8.6495 18.1370 9.3047 182.4830 -2.8431 -177.4280 0.0000 0.0000 0.0000 -13.3150 3.9534 -3.1018 2.5025 9.8424 28.4678 0.3710 1.7785 -12.2929 2.3035 -9.4716 -27.2820 0.0000 0.0000 0.0000 22.6475 3.6178 -7.9761 -1.1526 -6.8165 19.1728 -0.1981 -6.9019 -13.6146 -0.1592 -2.5709 7.0864 -1.9975 -0.2755 2.9226 1.9406 -0.4546 0.9787 3.1300 -0.2506 -0.6035 -11.8470 -5.9814 -12.7543 8.7757 -7.4253 13.6158 4.0202 -3.5381 7.0337 0.0000 -0.0000 0.0000 -86.2674 -3.5230 12.6442 23.0493 -34.1427 -7.1660 -0.0000 -0.0000 2.5398 -3.8096 40.7968 -2.4912 -7.1250 0.0000 -0.0000 -49.6670 63.8667 -25.7150 0.0000 -0.0000 0.0000 87.0127 0.0412 -1.7667 -14.6687 23.6825 -3.0916 0.0000 -0.0000 -9.5231 -14.5978 20.7247 -5.2657 7.1250 -0.0000 -0.0000 8.8970 -8.8320 7.5192
8.7651 18.1397 9.2145 183.2880 -2.0357 -177.3060 0.0000 0.0000 0.0000 -11.4107 4.5469 -6.0349 3.3489 11.2394 33.0917 0.2654 0.3418 -9.8612 1.6952 -8.2001 -23.3237 0.0000 0.0000 0.0000 23.9524 3.5300 -7.2455 -1.0208 -6.4274 18.0298 -0.2026 -6.1973 -12.9634 -0.2551 -3.2495 8.9742 -0.5196 0.2307 2.8160 1.7563 0.2693 0.6792 2.0830 0.1186 -0.8933 -10.5873 -5.8294 -10.9380 8.4560 -7.6368 13.3391 3.7244 -3.6679 6.5879 -0.0000 -0.0000 0.0000 -85.7290 -3.0055 14.9481 23.8215 -34.9750 -7.6040 -0.0000 -0.0000 1.7646 -3.7317 40.4618 -2.4236 -7.1250 0.0000 -0.0000 -49.0962 63.6645 -25.1223 -0.0000 -0.0000 0.0000 87.8465 -0.4889 -0.5034 -15.6308 25.0176 -3.4884 0.0000 -0.0000 -10.8406 -15.1915 20.3409 -5.3920 7.1250 -0.0000 -0.0000 8.5026 -9.1507 7.1232
8.8657 18.1371 9.1249 184.3130 -1.3018 -177.8840 0.0000 0.0000 0.0000 -9.1391 5.6647 -8.7878 4.5300 12.8342 38.7508 0.1321 -1.1547 -6.5543 1.7451 -8.3135 -23.6705 0.0000 0.0000 0.0000 25.5365 2.9961 -5.7474 -0.8855 -5.9984 16.7797 -0.1901 -5.9799 -12.5357 -0.2880 -3.4514 9.5381 0.8587 0.0908 3.0821 2.3100 0.0375 1.6872 1.8854 -0.0337 0.0016 -10.8297 -5.8152 -13.7542 8.1926 -7.2604 14.4978 3.6637 -3.4373 7.4130 0.0000 -0.0000 0.0000 -86.5150 -4.5777 15.1020 24.7543 -35.9518 -8.1452 -0.0000 -0.0000 1.7453 -3.4377 40.1608 -2.2187 -7.1250 0.0000 -0.0000 -48.3848 63.5421 -24.5357 0.0000 -0.0000 0.0000 87.1026 1.3305 3.0629 -16.8632 26.6770 -4.0257 0.0000 -0.0000 -12.5935 -15.3020 20.7010 -5.5243 7.1250 -0.0000 -0.0000 8.4468 -8.7729 7.1398
8.9616 18.1441 9.0549 184.2590 -0.7201 -178.0580 0.0000 0.0000 0.0000 -8.2305 5.4945 -11.5526 5.5952 14.0243 43.3347 0.0134 -1.1826 -2.0951 2.0392 -8.9472 -25.6303 0.0000 0.0000 0.0000 25.8373 2.3747 -5.1149 -0.8023 -5.7169 15.9652 -0.1889 -5.3404 -11.8888 -0.2411 -3.1599 8.7242 0.9565 0.3164 3.5703 2.4623 0.3256 1.8763 1.9773 0.1001 -0.0849 -9.7607 -5.7524 -14.6703 6.5845 -7.1098 15.7625 2.9553 -3.4374 7.8718 -0.0000 -0.0000 0.0000 -86.9596 -5.0659 17.2789 25.7034 -36.9143 -8.7089 -0.0000 -0.0000 1.1770 -3.7240 40.6265 -2.4268 -7.1250 0.0000 -0.0000 -49.3339 63.7770 -25.3999 -0.0000 -0.0000 0.0000 86.8567 1.9842 5.4687 -18.3460 28.5980 -4.7137 0.0000 -0.0000 -13.8690 -16.0444 21.2128 -5.9407 7.1250 -0.0000 -0.0000 7.9977 -8.1622 6.8500
9.0370 18.1363 8.9819 184.5410 0.9683 -178.8440 0.0000 0.0000 0.0000 -7.0084 5.9721 -13.1193 6.5086 14.9038 46.9905 0.0051 -1.3102 2.4163 1.1301 -6.7520 -18.9827 0.0000 0.0000 0.0000 26.4725 2.8480 -3.1749 -0.7081 -5.3780 14.9899 -0.1838 -5.1253 -11.5918 -0.2915 -3.4721 9.5960 1.2414 0.2575 4.1222 2.9624 0.5928 2.1971 2.3205 0.3730 -0.0757 -10.8371 -5.5119 -13.8625 6.9986 -6.3103 15.8453 3.4000 -2.9659 7.7464 0.0000 0.0000 0.0000 -87.9787 -5.0202 18.2788 27.0326 -38.2103 -9.5193 -0.0000 -0.0000 1.4043 -4.1804 40.3983 -2.7121 -7.1250 0.0000 -0.0000 -49.4118 63.4984 -25.1376 0.0000 0.0000 0.0000 85.8056 2.6498 8.7329 -19.6575 30.2274 -5.3578 0.0000 -0.0000 -15.8831 -15.1929 22.1065 -5.8352 7.1250 -0.0000 -0.0000 8.5805 -7.3640 7.4967
9.0755 18.1321 8.8992 184.9310 0.5794 -178.6990 0.0000 0.0000 0.0000 -5.9965 4.3082 -15.2157 7.3307 15.6041 50.1142 0.0243 -2.7982 5.2040 0.7853 -5.6574 -15.7936 0.0000 0.0000 0.0000 27.1664 2.4603 -2.5732 -0.6115 -5.0051 13.9232 -0.1522 -5.5424 -11.4205 -0.2702 -3.3437 9.2373 2.3956 0.0573 3.7667 2.9611 0.3665 2.3623 1.6834 0.2803 0.3057 -10.0359 -5.4194 -14.5815 6.8176 -6.2611 17.0152 3.2127 -2.8820 8.2235 0.0000 0.0000 0.0000 -87.8762 -5.5421 20.8172 27.8837 -39.0090 -10.0504 -0.0000 -0.0000 0.8639 -2.5590 37.4279 -1.5559 -7.1250 0.0000 -0.0000 -43.8521 61.8462 -20.0298 0.0000 0.0000 0.0000 85.8079 3.5261 11.2647 -21.5283 32.4398 -6.3309 0.0000 -0.0000 -17.8589 -15.3573 21.7661 -5.8151 7.1250 -0.0000 -0.0000 8.4602 -7.6876 7.3349
9.1055 18.1453 8.8045 184.3900 1.7076 -179.2550 0.0000 0.0000 0.0000 -6.3358 3.9522 -15.4559 7.7740 15.9505 51.7444 -0.0480 -3.9671 2.3028 0.9003 -6.0469 -16.9207 0.0000 0.0000 0.0000 26.7164 2.3388 -0.8798 -0.5051 -4.5561 12.6465 -0.1251 -5.3287 -10.6720 -0.2089 -2.9428 8.1196 3.3937 0.1660 2.9612 1.9266 0.4735 3.4291 0.0744 0.3829 1.8696 -9.3591 -5.3877 -15.0480 7.6241 -6.5038 16.8431 3.3368 -2.8671 8.2730 0.0000 -0.0000 0.0000 -86.5535 -6.9551 22.6395 28.7560 -39.8030 -10.6042 -0.0000 0.0000 -0.4367 1.1094 33.7038 0.6157 -7.1250 0.0000 -0.0000 -36.0822 59.8795 -14.2038 0.0000 -0.0000 0.0000 87.1108 5.5966 14.1329 -22.8090 33.8793 -7.0316 0.0000 -0.0000 -17.3187 -17.2414 21.8924 -6.6007 7.1250 -0.0000 -0.0000 7.2778 -7.3129 6.3449
9.1213 18.1266 8.7239 184.9040 1.9710 -179.0850 0.0000 0.0000 0.0000 -5.7559 3.0513 -16.1881 7.8224 15.9870 51.9203 -0.0020 -4.3114 -2.9413 0.8190 -5.7744 -16.1311 0.0000 0.0000 0.0000 27.3982 2.6133 -0.7417 -0.5237 -4.6379 12.8787 -0.1548 -5.2659 -11.1899 -0.1997 -2.8779 7.9391 2.8410 0.0053 3.9736 3.3968 0.3569 2.1776 1.8811 0.2862 0.0002 -10.8713 -4.8469 -14.2887 7.6714 -5.4366 18.3541 3.7723 -2.4360 8.5961 0.0000 0.0000 0.0000 -88.8263 -4.9212 23.6443 29.6248 -40.5696 -11.1648 -0.0000 -0.0000 0.5865 -2.5113 36.4710 -1.4934 -7.1250 0.0000 -0.0000 -42.6286 61.1524 -18.6506 0.0000 0.0000 0.0000 84.8727 4.2986 16.5725 -24.1892 35.3637 -7.8158 0.0000 -0.0000 -17.1869 -16.1411 21.6512 -6.0950 7.1250 -0.0000 -0.0000 7.9590 -7.7044 6.8887
9.1270 18.1092 8.6361 184.0840 3.3183 -179.1100 0.0000 0.0000 0.0000 -7.0951 3.1336 -15.8799 7.1498 15.4567 49.4385 0.1451 -4.1919 -6.9442 1.2928 -7.2041 -20.3214 0.0000 0.0000 0.0000 26.4893 3.5499 -0.8658 -0.6477 -5.1481 14.3315 -0.2410 -4.4097 -11.9611 -0.2400 -3.1528 8.7043 3.0136 0.0637 2.3009 2.6992 0.3063 3.2493 1.0858 0.2866 2.0441 -10.1215 -4.6191 -15.5585 7.4152 -5.1591 18.8369 3.5876 -2.2623 8.9323 0.0000 0.0000 0.0000 -88.1825 -6.9394 23.9664 29.5335 -40.4901 -11.1055 -0.0000 -0.0000 1.2833 -4.1692 37.3810 -2.5340 -7.1250 0.0000 -0.0000 -45.2974 61.4033 -20.3689 0.0000 0.0000 0.0000 85.6146 6.7158 19.3033 -25.0915 36.2974 -8.3440 0.0000 -0.0000 -18.3569 -16.9129 22.1996 -6.5539 7.1250 -0.0000 -0.0000 7.5035 -7.0441 6.5849
9.1058 18.1152 8.5330 183.8650 3.9945 -179.1710 0.0000 0.0000 0.0000 -7.9691 2.2319 -15.0669 6.1381 14.5608 45.5333 0.3600 -4.7638 -10.7004 1.1657 -6.8539 -19.2833 0.0000 0.0000 0.0000 26.1537 3.5651 -0.2070 -0.6201 -5.0396 14.0214 -0.2628 -3.9876 -11.9909 -0.2117 -2.9625 8.1742 2.4419 -0.0992 3.1434 3.3822 0.1477 2.6094 2.1019 0.1835 0.9101 -10.8201 -4.3799 -16.7259 6.9478 -4.4246 20.3144 3.6556 -1.9933 9.5977 0.0000 0.0000 0.0000 -89.4877 -6.1764 24.0585 29.3778 -40.3541 -11.0045 -0.0000 -0.0000 2.0228 -4.0910 37.1560 -2.4736 -7.1250 0.0000 -0.0000 -44.9438 61.2607 -20.0194 0.0000 0.0000 0.0000 84.4690 6.4433 21.6203 -26.0054 37.2141 -8.8909 0.0000 -0.0000 -18.6079 -17.2263 22.1076 -6.6557 7.1250 -0.0000 -0.0000 7.3006 -7.0951 6.3964
9.0780 18.0963 8.4521 184.0750 3.6225 -178.6430 0.0000 0.0000 0.0000 -8.4980 0.1025 -14.1970 4.7953 13.1495 39.9307 0.5237 -5.1274 -12.8863 1.0236 -6.4362 -18.0553 0.0000 0.0000 0.0000 26.2310 3.4246 -0.9409 -0.6881 -5.3034 14.7759 -0.3111 -3.6207 -12.5036 -0.2134 -2.9737 8.2056 2.6988 -0.4062 3.1574 3.7073 -0.2321 1.9361 2.3010 -0.0125 0.2179 -8.7960 -4.2332 -15.7686 4.1927 -4.2266 19.1479 2.3752 -2.0651 8.8893 0.0000 -0.0000 0.0000 -89.6820 -5.6707 24.7754 28.8408 -39.8789 -10.6585 -0.0000 -0.0000 2.8716 -3.7910 35.4796 -2.2025 -7.1250 0.0000 -0.0000 -42.6718 60.1004 -17.5930 0.0000 -0.0000 0.0000 84.6767 6.2806 22.1550 -26.6315 37.8255 -9.2722 0.0000 -0.0000 -17.8730 -16.7201 22.3070 -6.5049 7.1250 -0.0000 -0.0000 7.6313 -6.9608 6.7116
9.0448 18.0850 8.3595 183.5440 3.8147 -178.5280 0.0000 0.0000 0.0000 -9.9946 -2.1258 -11.8762 3.2484 11.0868 32.5730 0.6716 -4.9903 -14.5974 0.9087 -6.0744 -17.0006 0.0000 0.0000 0.0000 25.4867 3.2851 -1.1371 -0.7407 -5.4981 15.3348 -0.3622 -3.0832 -12.9252 -0.2398 -3.1513 8.7002 2.4234 -0.5292 2.5491 3.6592 -0.4488 1.9976 2.4080 -0.1268 0.6281 -10.4418 -3.9840 -17.7579 6.6109 -3.7958 21.1557 3.5726 -1.6942 10.0088 -0.0000 -0.0000 0.0000 -89.7942 -6.5094 24.8310 27.3059 -38.4693 -9.6888 -0.0000 -0.0000 4.0009 -3.4695 34.7844 -1.9810 -7.1250 0.0000 -0.0000 -41.5947 59.6527 -16.5971 -0.0000 -0.0000 0.0000 84.7419 6.8413 23.3785 -26.7192 37.9101 -9.3261 0.0000 -0.0000 -18.3101 -17.7760 22.0645 -6.8673 7.1250 -0.0000 -0.0000 6.9516 -7.0631 6.0902
9.0073 18.0940 8.2836 183.5900 3.5790 -177.9020 0.0000 0.0000 0.0000 -10.6493 -4.1924 -10.9434 2.0972 9.0657 26.0009 0.6949 -4.6277 -14.8636 1.2279 -7.0279 -19.7980 0.0000 0.0000 0.0000 25.3703 3.3875 -1.2983 -0.7083 -5.3788 14.9922 -0.3631 -3.1382 -12.9748 -0.2344 -3.1159 8.6015 2.3070 -0.7155 2.3857 3.9594 -0.6840 1.3521 2.7886 -0.2508 0.0678 -9.6530 -4.0951 -17.2169 5.4553 -3.9674 20.3123 2.9904 -1.8574 9.5844 0.0000 -0.0000 0.0000 -90.0779 -6.5604 24.5385 25.5256 -36.7364 -8.6024 -0.0000 -0.0000 5.4017 -3.0400 34.5900 -1.7269 -7.1250 0.0000 -0.0000 -40.9795 59.6051 -16.2501 0.0000 -0.0000 0.0000 84.8614 6.8739 22.8818 -26.1907 37.3964 -9.0032 0.0000 -0.0000 -17.4905 -16.5522 22.8622 -6.5867 7.1250 -0.0000 -0.0000 7.7706 -6.4189 6.9186
8.9529 18.1272 8.1769 183.3940 4.1789 -177.3610 0.0000 0.0000 0.0000 -11.5228 -5.1900 -10.9772 1.5655 7.8956 22.3973 0.3351 -2.4749 -10.3590 0.1644 -2.6126 -7.2020 0.0000 0.0000 0.0000 24.8642 3.7746 -0.6848 -0.5903 -4.9190 13.6777 -0.3330 -2.9715 -12.4054 -0.2351 -3.1203 8.6139 2.2696 -0.6651 1.8623 3.8400 -0.6533 1.0117 2.6815 -0.2460 0.0100 -8.4029 -3.9705 -17.0851 4.3271 -3.9165 19.5430 2.3856 -1.8755 9.2340 -0.0000 0.0000 0.0000 -89.9036 -6.9237 23.5220 23.5186 -34.6510 -7.4311 -0.0000 -0.0000 7.1940 -3.4240 34.6842 -1.9500 -7.1250 0.0000 -0.0000 -41.4424 59.5872 -16.4564 -0.0000 0.0000 0.0000 85.0697 6.4144 23.5384 -25.8142 37.0247 -8.7756 0.0000 -0.0000 -18.3605 -15.8659 22.2253 -6.1360 7.1250 -0.0000 -0.0000 8.1634 -7.1573 7.1576
8.8793 18.1444 8.0881 183.1250 4.0308 -177.2070 0.0000 0.0000 0.0000 -12.4742 -6.2505 -10.3260 1.6498 8.0951 23.0032 0.3225 0.1888 -10.7974 0.2100 -2.9502 -8.1400 0.0000 0.0000 0.0000 24.2616 3.3385 0.1106 -0.4728 -4.4098 12.2325 -0.2951 -3.2427 -11.9785 -0.2819 -3.4145 9.4349 1.9084 -0.8982 1.8702 3.9586 -0.9593 0.6560 3.0155 -0.4024 -0.3417 -8.9602 -3.9212 -17.6398 5.2965 -3.8791 19.8828 2.8207 -1.7885 9.4822 0.0000 -0.0000 0.0000 -89.8742 -6.8192 22.4093 21.7043 -32.6413 -6.4256 -0.0000 -0.0000 8.5603 -4.0789 35.6524 -2.3801 -7.1250 0.0000 -0.0000 -43.1378 60.1604 -17.8931 0.0000 -0.0000 0.0000 85.2538 6.5813 22.7881 -24.0194 35.1847 -7.7177 0.0000 -0.0000 -16.8046 -16.6250 22.9303 -6.6356 7.1250 -0.0000 -0.0000 7.7295 -6.3396 6.8932
8.8229 18.1315 8.0234 183.9440 4.2544 -176.8610 0.0000 0.0000 0.0000 -11.7973 -7.2804 -9.9002 1.6046 7.9887 22.6799 0.3230 1.2746 -11.2759 0.3046 -3.5486 -9.8100 0.0000 0.0000 0.0000 24.9983 3.7027 0.3999 -0.4313 -4.2146 11.6813 -0.2630 -3.7215 -11.7896 -0.1658 -2.6234 7.2320 2.2586 -0.9167 1.7321 4.3614 -0.9385 0.4911 3.2348 -0.3763 -0.4342 -8.1018 -3.9290 -18.4059 4.3220 -3.8530 20.2184 2.3361 -1.8173 9.6995 0.0000 -0.0000 0.0000 -89.8617 -6.9123 21.3730 19.5178 -30.0570 -5.2877 -0.0000 -0.0000 9.5448 -1.1497 34.1955 -0.6462 -7.1250 0.0000 -0.0000 -38.7672 59.7418 -15.3271 0.0000 -0.0000 0.0000 85.3729 6.9136 20.8234 -21.7565 32.7008 -6.4538 0.0000 -0.0000 -15.4036 -16.3300 23.2657 -6.6014 7.1250 -0.0000 -0.0000 7.9344 -6.0397 7.1258
8.7484 18.1303 7.9459 183.5490 4.4408 -176.8260 0.0000 0.0000 0.0000 -12.4291 -6.1639 -9.9024 1.5179 7.7800 22.0479 0.3008 0.4853 -10.5467 0.5971 -4.9470 -13.7574 0.0000 0.0000 0.0000 24.2924 3.7769 0.6007 -0.4405 -4.2588 11.8058 -0.3082 -3.6485 -12.4765 -0.1190 -2.2241 6.1253 1.7175 -0.9549 1.7180 4.2600 -1.0203 0.5021 3.4355 -0.4257 -0.4030 -8.6764 -4.0984 -18.5809 5.0692 -4.1162 19.5454 2.6454 -1.9099 9.5419 0.0000 0.0000 0.0000 -89.3830 -6.9617 20.0084 18.0264 -28.1909 -4.5617 -0.0000 -0.0000 9.4109 -6.0997 38.8282 -3.8332 -7.1250 0.0000 -0.0000 -48.9511 61.9236 -23.0644 0.0000 0.0000 0.0000 85.8164 7.1895 18.7289 -19.4156 29.9318 -5.2366 0.0000 -0.0000 -14.4928 -16.4874 24.0646 -6.8816 7.1250 -0.0000 -0.0000 7.8895 -5.2072 7.2111
8.6506 18.1517 7.8712 182.8560 5.4310 -176.7080 0.0000 0.0000 0.0000 -13.4988 -5.1358 -9.7802 1.4803 7.6873 21.7682 0.2970 0.0943 -10.3283 0.3760 -3.9385 -10.9038 0.0000 0.0000 0.0000 23.0747 4.1466 1.1855 -0.3906 -4.0134 11.1143 -0.2943 -3.3922 -12.0697 -0.1321 -2.3424 6.4530 1.1347 -0.6628 1.6187 3.9178 -0.6853 0.5426 3.4012 -0.2748 -0.3179 -9.8800 -4.0547 -18.0699 7.0810 -4.2234 18.3208 3.5219 -1.8406 9.1033 0.0000 0.0000 0.0000 -89.0064 -6.9356 17.5893 16.7006 -26.4614 -3.9530 -0.0000 -0.0000 12.3779 -3.8958 36.3901 -2.3136 -7.1250 0.0000 -0.0000 -43.8301 60.7505 -18.8740 0.0000 0.0000 0.0000 86.2259 7.1309 15.4763 -17.3734 27.3474 -4.2575 0.0000 -0.0000 -13.4902 -16.4316 23.6505 -6.7471 7.1250 -0.0000 -0.0000 7.8962 -5.6352 7.1525
8.5450 18.1592 7.7778 183.2050 6.3514 -176.4690 0.0000 0.0000 0.0000 -13.5520 -4.2953 -9.5162 1.4327 7.5680 21.4095 0.3423 0.2256 -11.1358 0.2442 -3.1803 -8.7811 0.0000 0.0000 0.0000 22.9672 4.1562 1.8443 -0.3186 -3.6285 10.0337 -0.2736 -3.0010 -11.4530 -0.0542 -1.5024 4.1324 1.6185 -0.2632 1.1911 3.7941 -0.1657 0.5610 2.9894 -0.0158 -0.0880 -9.4709 -4.1975 -17.8928 6.7217 -4.4713 18.0460 3.2910 -1.9716 8.9812 -0.0000 0.0000 0.0000 -88.3508 -6.4490 16.0915 15.8176 -25.2726 -3.5677 -0.0000 -0.0000 13.0858 -5.5169 38.2896 -3.4250 -7.1250 0.0000 -0.0000 -47.7052 61.7029 -22.0751 -0.0000 0.0000 0.0000 86.5815 6.7652 11.9121 -15.2483 24.4908 -3.3282 0.0000 -0.0000 -10.9667 -15.4341 23.9347 -6.3909 7.1250 -0.0000 -0.0000 8.5310 -5.4859 7.7649
8.4222 18.1709 7.7042 182.5880 6.5468 -176.1610 0.0000 0.0000 0.0000 -14.7426 -4.5493 -8.9441 1.2956 7.2116 20.3437 0.3396 0.7110 -11.2883 0.0683 -1.6867 -4.6406 0.0000 0.0000 0.0000 21.8092 4.3893 1.5656 -0.3322 -3.7044 10.2465 -0.3011 -2.4980 -11.5901 -0.1423 -2.4315 6.6997 1.3358 -0.1615 0.8932 3.4493 -0.0723 0.4930 2.7905 0.0178 0.0060 -9.9848 -4.4504 -18.2302 7.1163 -4.7423 18.1128 3.4743 -2.0891 9.1132 0.0000 -0.0000 0.0000 -88.0705 -5.6319 14.0966 15.6723 -25.0743 -3.5059 -0.0000 -0.0000 13.3023 -3.8415 36.5288 -2.2888 -7.1250 0.0000 -0.0000 -43.9455 60.8658 -19.0569 0.0000 -0.0000 0.0000 86.5001 6.0124 10.1348 -13.6673 22.2571 -2.7008 0.0000 -0.0000 -8.1986 -16.1011 22.9360 -6.4182 7.1250 -0.0000 -0.0000 8.0568 -6.4055 7.1807
8.3136 18.1760 7.6413 183.2240 6.6484 -175.2680 0.0000 0.0000 0.0000 -14.4263 -5.0703 -9.6137 1.3355 7.3174 20.6592 0.3813 0.6258 -11.9076 0.0474 -1.4048 -3.8632 0.0000 0.0000 0.0000 22.0424 4.8779 1.4429 -0.2794 -3.3998 9.3940 -0.2811 -2.7747 -11.4297 -0.1740 -2.6868 7.4079 2.0245 -0.0664 0.3651 3.4572 0.0559 0.2135 2.4106 0.0867 0.0105 -9.9528 -4.4482 -18.2050 7.0799 -4.7425 18.1041 3.4562 -2.0913 9.1039 0.0000 0.0000 0.0000 -87.8983 -4.5460 12.0316 15.5845 -24.9541 -3.4688 -0.0000 -0.0000 13.0601 -4.2995 37.2784 -2.6072 -7.1250 0.0000 -0.0000 -45.2897 61.2965 -20.2496 0.0000 0.0000 0.0000 86.6205 4.8015 7.6251 -12.7531 20.9245 -2.3644 0.0000 -0.0000 -5.6779 -15.9418 22.5631 -6.2548 7.1250 -0.0000 -0.0000 8.1346 -6.8048 7.1881
8.1956 18.1561 7.5908 181.9350 7.5986 -175.7150 0.0000 0.0000 0.0000 -16.4911 -4.3110 -8.9651 1.2716 7.1472 20.1521 0.3890 1.1423 -12.2517 0.2332 -3.1084 -8.5806 0.0000 0.0000 0.0000 20.2088 6.0563 1.1013 -0.4123 -4.1216 11.4190 -0.3438 -3.0219 -12.6053 -0.0883 -1.9166 5.2752 0.4598 0.2495 0.7110 3.1654 0.4341 0.5334 2.9875 0.2563 0.1265 -10.7233 -4.6693 -18.6909 7.4317 -4.8725 18.2207 3.6860 -2.1645 9.2752 0.0000 0.0000 0.0000 -87.9824 -4.0251 10.5526 15.4275 -24.7383 -3.4028 -0.0000 -0.0000 11.8482 -2.5909 37.1397 -1.5650 -7.1250 0.0000 -0.0000 -43.5208 61.6270 -19.6199 0.0000 0.0000 0.0000 86.2895 3.9111 4.7850 -12.0723 19.9130 -2.1269 0.0000 -0.0000 -4.2250 -15.0633 22.1884 -5.8036 7.1250 -0.0000 -0.0000 8.6660 -7.2977 7.5845
8.0444 18.1408 7.5200 181.8910 5.9266 -175.5120 0.0000 0.0000 0.0000 -17.0024 -4.9539 -9.2694 1.3181 7.2715 20.5222 0.4076 0.0691 -12.0864 0.4448 -4.2789 -11.8627 0.0000 0.0000 0.0000 19.6456 4.6640 0.7330 -0.4219 -4.1688 11.5521 -0.3786 -2.9351 -13.0751 -0.1318 -2.3404 6.4474 1.1890 0.0290 0.4464 2.6789 0.1181 0.5153 2.0783 0.0929 0.2735 -10.1715 -4.7682 -18.2339 7.3997 -5.1925 17.5437 3.5320 -2.2890 8.9738 -0.0000 0.0000 0.0000 -87.3270 -3.1958 9.7143 15.4187 -24.7261 -3.3991 -0.0000 -0.0000 11.0899 -3.2686 36.6382 -1.9519 -7.1250 0.0000 -0.0000 -43.5420 61.0881 -19.0732 -0.0000 0.0000 0.0000 86.8949 2.0835 2.5902 -12.2621 20.1965 -2.1919 0.0000 -0.0000 -4.5544 -15.5908 21.8453 -5.9277 7.1250 -0.0000 -0.0000 8.3167 -7.5779 7.2259
7.9405 18.1192 7.4819 182.0260 6.9013 -175.4320 0.0000 0.0000 0.0000 -17.2581 -3.6840 -9.9277 1.4002 7.4854 21.1617 0.4380 -0.4923 -12.3407 0.6932 -5.3225 -14.8308 0.0000 0.0000 0.0000 19.3429 5.3923 0.3432 -0.4945 -4.5086 12.5122 -0.4035 -2.8423 -13.3810 -0.0613 -1.5977 4.3952 0.8570 0.3597 0.6700 2.8330 0.5661 0.7093 2.4217 0.3181 0.3300 -10.7819 -4.8121 -18.4238 7.4064 -5.0702 17.1772 3.6433 -2.2768 8.8879 0.0000 0.0000 0.0000 -87.5478 -2.7600 8.7314 15.1726 -24.3859 -3.2969 -0.0000 -0.0000 11.2545 -3.1697 38.3002 -1.9657 -7.1250 0.0000 -0.0000 -45.5516 62.3182 -21.4930 0.0000 0.0000 0.0000 86.3950 0.6346 2.9971 -12.4787 20.5186 -2.2673 0.0000 -0.0000 -5.9858 -17.0509 21.1280 -6.3085 7.1250 -0.0000 -0.0000 7.3534 -8.1193 6.2946
7.8203 18.0780 7.4718 181.0020 6.8616 -175.7980 0.0000 0.0000 0.0000 -18.7277 -3.0199 -10.0519 1.4431 7.5944 21.4888 0.4572 -2.0282 -12.2336 0.3611 -3.8602 -10.6837 0.0000 0.0000 0.0000 17.7452 4.8266 -1.0712 -0.7181 -5.4150 15.0962 -0.4823 -1.9732 -13.9841 -0.0116 -0.6952 1.9104 -0.2166 0.5312 1.3220 2.3220 0.7659 0.8289 2.4921 0.4025 0.0734 -10.6022 -4.9424 -17.8512 7.3887 -5.3427 16.9276 3.5726 -2.4026 8.7222 0.0000 0.0000 0.0000 -87.1232 -2.2124 8.2054 14.9209 -24.0358 -3.1936 -0.0000 -0.0000 11.8529 -2.8387 37.9085 -1.7450 -7.1250 0.0000 -0.0000 -44.7296 62.1232 -20.8135 0.0000 0.0000 0.0000 86.5704 -0.5360 1.5608 -12.4737 20.5113 -2.2655 0.0000 -0.0000 -6.1037 -16.6389 20.9875 -6.1096 7.1250 -0.0000 -0.0000 7.6079 -8.3160 6.4865
7.7081 18.0705 7.4437 180.1440 6.9530 -176.2670 0.0000 0.0000 0.0000 -20.1441 -1.9512 -9.8857 1.4010 7.4874 21.1676 0.4240 -2.7719 -11.6595 0.5925 -4.9280 -13.7033 0.0000 0.0000 0.0000 16.3639 4.6024 -2.6327 -1.0582 -6.5406 18.3611 -0.5987 -1.2204 -15.1081 -0.0042 -0.4170 1.1459 -1.3221 0.5994 1.8005 2.0446 0.8320 1.2123 2.8255 0.4243 0.1845 -11.0149 -4.9179 -18.8437 7.6301 -5.1628 17.2360 3.7436 -2.3072 9.0050 0.0000 0.0000 0.0000 -87.1600 -1.9752 7.4372 14.7708 -23.8259 -3.1328 -0.0000 -0.0000 12.3724 -2.9302 38.0192 -1.8057 -7.1250 0.0000 -0.0000 -44.9590 62.1793 -21.0037 0.0000 0.0000 0.0000 86.4268 -1.0703 1.1189 -12.4102 20.4170 -2.2433 0.0000 -0.0000 -5.9467 -16.0026 21.1031 -5.8954 7.1250 -0.0000 -0.0000 8.0188 -8.2790 6.8498
7.5997 18.0639 7.4483 179.9470 7.0667 -176.3050 0.0000 0.0000 0.0000 -20.6153 -1.6710 -10.0720 1.4089 7.5077 21.2285 0.4094 -3.6548 -11.3869 0.0861 -1.8922 -5.2079 0.0000 0.0000 0.0000 15.7013 4.6161 -4.5099 -1.4381 -7.5817 21.4505 -0.6451 -0.6556 -15.4259 -0.0010 0.2077 -0.5706 -1.6311 0.6158 2.2663 1.7544 0.8417 1.3569 2.6962 0.4271 0.0714 -10.6047 -4.6941 -17.6986 7.3329 -4.9944 15.8718 3.5880 -2.2554 8.3017 -0.0000 0.0000 0.0000 -86.7447 -1.9281 6.6703 14.3615 -23.2491 -2.9693 -0.0000 -0.0000 12.6708 -2.9505 37.6924 -1.8050 -7.1250 0.0000 -0.0000 -44.5559 61.9383 -20.5208 -0.0000 0.0000 0.0000 86.6795 -1.1515 -0.0392 -12.2137 20.1243 -2.1752 0.0000 -0.0000 -4.7281 -16.1026 21.8547 -6.1337 7.1250 -0.0000 -0.0000 7.9942 -7.5026 6.9518
7.4881 18.0493 7.4347 180.1090 6.7455 -176.4940 0.0000 0.0000 0.0000 -20.7363 -1.2166 -10.0907 1.4233 7.5443 21.3383 0.3952 -4.6578 -11.1934 0.0278 -1.0759 -2.9577 0.0000 0.0000 0.0000 15.4407 4.1340 -6.3447 -1.8935 -8.6406 24.6774 -0.6508 -0.0097 -15.2498 -0.0159 0.8146 -2.2389 -1.5038 0.6474 2.4335 1.6295 0.8914 1.6119 2.4948 0.4522 0.2400 -11.0073 -4.8914 -18.1747 7.6654 -5.1926 16.8323 3.7509 -2.3282 8.7518 0.0000 -0.0000 0.0000 -86.5413 -1.8751 6.3576 14.0640 -22.8262 -2.8529 -0.0000 -0.0000 13.1777 -2.7906 37.2678 -1.6907 -7.1250 0.0000 -0.0000 -43.8682 61.6702 -19.8563 0.0000 -0.0000 0.0000 86.7447 -1.0376 -0.9086 -11.9160 19.6785 -2.0739 0.0000 -0.0000 -4.5756 -15.2952 21.5375 -5.7331 7.1250 -0.0000 -0.0000 8.4885 -7.9266 7.3197
7.3663 18.0743 7.4095 179.6450 6.9907 -176.5360 0.0000 0.0000 0.0000 -21.7807 -0.9444 -9.5867 1.2941 7.2076 20.3318 0.3704 -4.3950 -10.8300 0.0105 -0.6620 -1.8192 0.0000 0.0000 0.0000 14.0860 3.5821 -8.7998 -2.4450 -9.7372 28.1297 -0.5702 1.1942 -13.9033 -0.0198 0.9075 -2.4943 -1.6940 0.6594 2.6496 1.3251 0.8923 1.5259 2.2853 0.4520 0.0327 -10.1908 -4.7877 -18.1391 6.3182 -4.9940 17.3532 3.1826 -2.3209 8.8449 0.0000 0.0000 0.0000 -86.6103 -1.6506 5.2442 13.6548 -22.2391 -2.6961 -0.0000 -0.0000 13.6912 -2.7979 37.3735 -1.6992 -7.1250 0.0000 -0.0000 -44.0079 61.7456 -20.0121 0.0000 0.0000 0.0000 86.8302 -1.0665 -0.9211 -11.9053 19.6625 -2.0703 0.0000 -0.0000 -3.9328 -16.7373 21.4146 -6.2659 7.1250 -0.0000 -0.0000 7.5685 -7.8678 6.5199
7.2960 18.0905 7.4208 180.0230 7.7623 -176.6060 0.0000 0.0000 0.0000 -21.6143 -1.0974 -9.2203 1.2538 7.0989 20.0087 0.3656 -3.4331 -10.7593 0.0128 0.7316 2.0106 0.0000 0.0000 0.0000 13.8198 3.6842 -10.7570 -2.9318 -10.5839 30.8891 -0.4238 2.2969 -11.7192 -0.0022 0.3060 -0.8407 -1.6810 0.9334 3.0424 1.3317 1.2547 1.4821 2.2675 0.6375 -0.2506 -9.1893 -4.5117 -18.1662 4.9203 -4.5835 17.4979 2.5931 -2.2080 8.8028 0.0000 0.0000 0.0000 -86.6597 -1.4465 4.0407 13.5203 -22.0448 -2.6454 -0.0000 -0.0000 14.3618 -2.4154 37.5392 -1.4722 -7.1250 0.0000 -0.0000 -43.8581 61.9643 -20.1553 0.0000 0.0000 0.0000 87.0221 -0.8361 -0.9669 -12.0434 19.8697 -2.1170 0.0000 -0.0000 -4.5976 -15.3408 22.1192 -5.8975 7.1250 -0.0000 -0.0000 8.4881 -7.3325 7.4193
7.2147 18.0838 7.3964 179.5650 8.0372 -176.8740 0.0000 0.0000 0.0000 -22.4769 -0.5357 -8.8754 1.2032 6.9593 19.5949 0.3809 -3.7521 -10.9758 0.0013 -0.2361 -0.6486 0.0000 0.0000 0.0000 12.4042 3.7177 -12.1017 -3.4077 -11.3275 33.3926 -0.3691 3.5881 -10.8058 -0.0590 1.5679 -4.3128 -2.6250 0.9994 3.1690 1.4875 1.3196 1.5839 2.9554 0.6659 -0.2434 -10.1353 -4.5301 -18.1432 5.5319 -4.4791 17.5014 2.9729 -2.1583 8.8314 -0.0000 0.0000 0.0000 -87.1398 -1.4373 4.0053 13.3417 -21.7858 -2.5787 -0.0000 -0.0000 14.5208 -2.8533 37.3861 -1.7334 -7.1250 0.0000 -0.0000 -44.0757 61.7407 -20.0448 -0.0000 0.0000 0.0000 86.3713 -0.8838 1.2225 -12.7379 20.9020 -2.3590 0.0000 -0.0000 -6.5649 -15.1972 21.5568 -5.6997 7.1250 -0.0000 -0.0000 8.5514 -7.9192 7.3765
7.1595 18.0858 7.3844 179.2750 7.9076 -176.9060 0.0000 0.0000 0.0000 -23.0055 0.3096 -9.0853 1.1803 6.8953 19.4054 0.3335 -4.5643 -10.2961 0.0005 0.1447 0.3976 0.0000 0.0000 0.0000 11.3205 3.3602 -12.7578 -3.5167 -11.4880 33.9438 -0.3517 4.7229 -10.5771 -0.0743 1.7590 -4.8402 -2.9079 0.8806 3.1180 1.2449 1.1440 1.4754 2.8709 0.5763 -0.3144 -9.6311 -4.5477 -18.1450 4.7887 -4.4739 17.8526 2.6376 -2.1988 8.9224 0.0000 -0.0000 0.0000 -86.9829 -1.0333 4.0313 13.5815 -22.1333 -2.6684 -0.0000 -0.0000 14.3342 -2.8042 37.7134 -1.7162 -7.1250 0.0000 -0.0000 -44.4459 61.9911 -20.5140 0.0000 -0.0000 0.0000 86.8008 -0.6727 2.3947 -13.3642 21.8185 -2.5871 0.0000 -0.0000 -7.2835 -14.9774 21.5137 -5.6033 7.1250 -0.0000 -0.0000 8.6885 -7.9898 7.4854
7.1163 18.0859 7.3654 179.7100 7.3282 -176.8060 0.0000 0.0000 0.0000 -22.6849 -0.5358 -8.9170 1.2078 6.9722 19.6330 0.3658 -4.3211 -10.7609 0.0013 -0.2362 -0.6490 0.0000 0.0000 0.0000 11.4333 3.2693 -12.2645 -3.2397 -11.0734 32.5278 -0.5203 3.9924 -12.8497 -0.1130 2.1674 -5.9686 -2.5491 0.7989 2.7442 1.2770 1.0528 1.4874 2.7107 0.5279 -0.0813 -9.7030 -4.4567 -17.8370 5.3002 -4.4708 17.5742 2.8280 -2.1504 8.7845 -0.0000 -0.0000 0.0000 -86.6781 -1.4038 4.4778 13.5397 -22.0729 -2.6527 -0.0000 -0.0000 14.4711 -3.4300 37.5501 -2.0920 -7.1250 0.0000 -0.0000 -44.8229 61.7128 -20.4334 -0.0000 -0.0000 0.0000 86.9779 -0.4323 4.1477 -14.1627 22.9668 -2.8913 0.0000 -0.0000 -8.1218 -15.9105 22.4179 -6.2042 7.1250 -0.0000 -0.0000 8.1461 -6.9562 7.1742
7.0933 18.0596 7.3471 180.2640 6.4568 -177.0620 0.0000 0.0000 0.0000 -22.1004 -1.0428 -8.8517 1.3107 7.2519 20.4637 0.3711 -4.6316 -10.8516 0.0003 0.1058 0.2906 0.0000 0.0000 0.0000 11.9556 3.0068 -10.3052 -2.5655 -9.9560 28.8345 -0.6581 0.8698 -15.0534 -0.0268 1.0570 -2.9056 -1.9349 0.5257 2.8713 1.3440 0.7093 1.5839 2.4435 0.3608 -0.0249 -10.0095 -4.7526 -18.4857 5.5585 -4.7906 18.3323 2.9237 -2.2861 9.2033 0.0000 0.0000 0.0000 -86.3522 -1.8670 5.0524 13.5984 -22.1578 -2.6748 -0.0000 -0.0000 14.0310 -2.9419 37.5279 -1.7930 -7.1250 0.0000 -0.0000 -44.3380 61.8212 -20.2754 0.0000 0.0000 0.0000 87.0914 0.1901 6.0791 -14.6414 23.6441 -3.0807 0.0000 -0.0000 -9.4300 -16.2933 22.6098 -6.4116 7.1250 -0.0000 -0.0000 7.9171 -6.7104 7.0067
7.1205 18.0729 7.2910 180.6960 6.3166 -177.2950 0.0000 0.0000 0.0000 -21.5225 -0.1362 -8.6106 1.3176 7.2702 20.5184 0.3703 -5.6018 -10.9297 0.0017 -0.2635 -0.7239 0.0000 0.0000 0.0000 12.6159 3.9238 -7.0709 -1.6802 -8.1656 23.2183 -0.6793 -2.4960 -16.6693 -0.0211 0.9374 -2.5767 -1.8277 0.5930 2.5518 1.3600 0.8047 1.5962 2.4005 0.4061 0.1621 -10.7027 -4.7538 -18.4637 6.3661 -4.7666 19.0560 3.3360 -2.2288 9.4897 -0.0000 -0.0000 0.0000 -85.9379 -2.4082 5.1137 13.5578 -22.0990 -2.6595 -0.0000 -0.0000 13.8720 -2.8359 38.2603 -1.7570 -7.1250 0.0000 -0.0000 -45.1871 62.3767 -21.3437 -0.0000 -0.0000 0.0000 87.5177 0.6004 7.5254 -15.0490 24.2144 -3.2460 0.0000 -0.0000 -9.9835 -16.1973 22.4628 -6.3331 7.1250 -0.0000 -0.0000 7.9687 -6.8727 7.0279
7.1001 18.0443 7.2687 180.6890 7.0237 -177.0550 0.0000 0.0000 0.0000 -21.7244 -0.5981 -8.8667 1.3818 7.4380 21.0198 0.4120 -4.4489 -11.4191 0.0041 -0.4122 -1.1325 0.0000 0.0000 0.0000 12.4968 4.3651 -4.7841 -0.8701 -5.9475 16.6321 -0.3235 -4.2921 -13.1933 -0.0214 0.9447 -2.5965 -1.7330 1.0566 1.8309 1.1785 1.4177 1.3517 2.1565 0.7079 0.2874 -10.0918 -4.8678 -17.3190 5.6073 -5.0120 18.8957 2.9461 -2.3875 9.2126 -0.0000 0.0000 0.0000 -85.6763 -2.6171 6.1470 14.0023 -22.7380 -2.8290 -0.0000 -0.0000 13.3194 -2.6339 37.7204 -1.6121 -7.1250 0.0000 -0.0000 -44.2950 62.0400 -20.4797 -0.0000 0.0000 0.0000 87.8826 0.9667 8.5823 -15.2039 24.4294 -3.3098 0.0000 -0.0000 -9.6855 -16.1940 22.2497 -6.2752 7.1250 -0.0000 -0.0000 7.9586 -7.0894 6.9850
7.0864 18.0504 7.2475 180.4560 6.5102 -177.1830 0.0000 0.0000 0.0000 -22.0701 -1.8934 -8.0073 1.3490 7.3530 20.7653 0.4280 -3.6586 -11.6467 0.0036 0.3853 1.0587 0.0000 0.0000 0.0000 12.3214 3.8014 -4.0667 -0.7808 -5.6415 15.7478 -0.2204 -5.4269 -12.5127 -0.0152 0.7967 -2.1896 -1.5541 0.9915 1.7763 0.9346 1.3273 1.2205 1.8069 0.6636 0.1976 -10.4246 -5.0532 -17.8847 5.5878 -5.0893 20.2651 2.9934 -2.4319 9.8149 0.0000 -0.0000 0.0000 -85.5246 -3.0006 6.7273 14.6092 -23.5989 -3.0678 -0.0000 -0.0000 12.2631 -2.4607 38.5032 -1.5325 -7.1250 0.0000 -0.0000 -45.1592 62.6490 -21.6142 0.0000 -0.0000 0.0000 87.9699 1.6415 9.9971 -15.2170 24.4475 -3.3152 0.0000 -0.0000 -9.7123 -16.0255 22.3945 -6.2449 7.1250 -0.0000 -0.0000 8.0726 -6.9648 7.1068
7.0854 18.0534 7.2406 179.9870 6.5403 -176.9690 0.0000 0.0000 0.0000 -22.6752 -1.9827 -7.8871 1.2547 7.1012 20.0156 0.3972 -3.0069 -11.2505 0.0648 -1.6430 -4.5200 0.0000 0.0000 0.0000 11.7529 3.6801 -4.5583 -0.8103 -5.7447 16.0453 -0.2415 -4.6980 -12.2142 -0.0077 0.5649 -1.5523 -1.6293 1.0501 1.5118 0.4750 1.3949 0.9310 1.3787 0.6966 0.0556 -10.2732 -5.0475 -18.3747 5.5604 -5.0395 21.4535 2.9788 -2.3804 10.3226 -0.0000 -0.0000 0.0000 -85.2328 -3.0410 7.6612 15.4130 -24.7182 -3.3968 -0.0000 -0.0000 10.5961 -0.5951 38.6336 -0.3716 -7.1250 0.0000 -0.0000 -43.5746 63.2391 -21.2930 -0.0000 -0.0000 0.0000 88.1600 2.3980 12.6406 -14.9088 24.0189 -3.1887 0.0000 -0.0000 -10.1891 -15.7928 22.9441 -6.2919 7.1250 -0.0000 -0.0000 8.2496 -6.4387 7.3509
7.1054 18.0614 7.2358 180.4930 6.9090 -177.4300 0.0000 0.0000 0.0000 -22.1509 -2.2004 -6.9636 1.2244 7.0181 19.7691 0.4309 -2.1180 -11.8485 0.1920 -2.8217 -7.7827 0.0000 0.0000 0.0000 12.3248 3.6129 -3.7550 -0.7494 -5.5295 15.4251 -0.2321 -4.3696 -11.7746 -0.0075 0.5576 -1.5321 -1.0429 1.2577 2.1299 0.4609 1.6713 0.7266 1.0134 0.8407 -0.4927 -10.7692 -5.0663 -18.1688 5.9716 -4.9944 22.3472 3.2381 -2.3347 10.6335 -0.0000 -0.0000 0.0000 -85.4200 -2.7900 8.0518 16.1497 -25.7232 -3.7107 -0.0000 -0.0000 10.0393 -0.8704 38.3597 -0.5402 -7.1250 0.0000 -0.0000 -43.4670 62.9663 -20.9554 -0.0000 -0.0000 0.0000 88.3858 2.8792 15.2687 -14.9241 24.0403 -3.1950 0.0000 -0.0000 -8.7965 -18.0637 20.7804 -6.6005 7.1250 -0.0000 -0.0000 6.6875 -8.3413 5.6865
7.1812 18.0639 7.2429 180.9090 6.3001 -177.4090 0.0000 0.0000 0.0000 -21.2477 -1.3782 -7.6313 1.3069 7.2419 20.4340 0.4268 -3.7914 -11.6256 0.1790 -2.7252 -7.5147 0.0000 0.0000 0.0000 13.1889 3.8065 -2.7969 -0.6505 -5.1592 14.3631 -0.1765 -5.3588 -11.6843 -0.0072 0.5474 -1.5041 -1.3699 1.0822 1.9337 0.6808 1.4346 0.7349 1.4321 0.7214 -0.3818 -10.8354 -4.9666 -18.3736 5.9377 -4.7782 22.9333 3.2809 -2.2339 10.8698 -0.0000 0.0000 0.0000 -85.6638 -2.8437 8.9094 16.9708 -26.8192 -4.0741 -0.0000 -0.0000 8.6255 -1.2768 39.1816 -0.8067 -7.1250 0.0000 -0.0000 -44.9754 63.4497 -22.3396 -0.0000 0.0000 0.0000 88.2598 3.7518 17.2828 -15.0094 24.1592 -3.2298 0.0000 -0.0000 -9.0973 -15.5295 21.3179 -5.7685 7.1250 -0.0000 -0.0000 8.3297 -8.1200 7.1476
7.1570 18.0480 7.2194 180.8950 5.9973 -177.6080 0.0000 0.0000 0.0000 -21.5972 -3.3806 -6.7992 1.3608 7.3838 20.8574 0.4691 -1.8367 -12.4332 0.2008 -2.8856 -7.9603 0.0000 0.0000 0.0000 12.9206 2.7591 -2.1365 -0.5449 -4.7293 13.1380 -0.1983 -4.6789 -11.4442 -0.0144 0.7745 -2.1286 -0.9636 1.1061 1.7754 0.6418 1.4735 0.6772 1.1663 0.7406 -0.3425 -10.7474 -5.0484 -17.6284 5.2723 -4.8018 22.7122 3.0231 -2.3182 10.6315 -0.0000 -0.0000 0.0000 -86.2460 -2.6228 10.4483 17.6217 -27.6700 -4.3721 -0.0000 -0.0000 8.0658 -1.7324 38.5413 -1.0796 -7.1250 0.0000 -0.0000 -44.5263 62.8691 -21.4731 -0.0000 -0.0000 0.0000 88.1919 4.3653 18.2176 -15.0400 24.2017 -3.2423 0.0000 -0.0000 -8.6119 -14.8707 22.4139 -5.7813 7.1250 -0.0000 -0.0000 8.7979 -7.0943 7.7381
7.1778 18.0685 7.2195 181.9320 5.6071 -177.1140 0.0000 0.0000 0.0000 -20.3136 -3.8799 -7.5572 1.4607 7.6386 21.6217 0.4687 -1.7954 -12.4365 0.1926 -2.8261 -7.7949 0.0000 0.0000 0.0000 14.2419 3.0464 -1.1951 -0.3846 -3.9826 11.0277 -0.0804 -5.8432 -10.3078 -0.0023 -0.3123 0.8580 0.1782 1.0311 1.2087 0.7512 1.3904 0.5324 0.6503 0.6998 -0.1469 -10.7183 -5.1011 -17.8206 5.3543 -4.8602 23.2684 3.0484 -2.3220 10.8805 0.0000 -0.0000 0.0000 -86.3264 -2.4891 12.0548 18.0425 -28.2115 -4.5693 -0.0000 -0.0000 7.5435 -0.8063 38.1560 -0.4981 -7.1250 0.0000 -0.0000 -43.1354 62.8344 -20.6314 0.0000 -0.0000 0.0000 88.5155 4.7227 20.2107 -15.8415 25.3052 -3.5779 0.0000 -0.0000 -10.3095 -14.1650 22.8273 -5.5923 7.1250 -0.0000 -0.0000 9.2591 -6.7666 8.2143
7.2101 18.0767 7.2373 182.1480 5.3320 -176.6460 0.0000 0.0000 0.0000 -19.8701 -3.7799 -8.3935 1.4942 7.7218 21.8724 0.4962 -2.3608 -12.7037 0.3458 -3.7787 -10.4548 0.0000 0.0000 0.0000 14.6377 3.3423 -1.4549 -0.3647 -3.8791 10.7369 -0.0671 -6.3759 -10.6598 -0.0016 0.2566 -0.7050 0.0605 1.0291 0.9180 0.8327 1.3842 0.1909 0.8013 0.6959 -0.3382 -10.8741 -5.1424 -17.5203 5.4868 -4.9055 23.5678 3.1275 -2.3313 10.9477 0.0000 -0.0000 0.0000 -86.5624 -2.2928 13.7985 18.3074 -28.5490 -4.6952 -0.0000 -0.0000 7.4506 -0.5927 38.2889 -0.3673 -7.1250 0.0000 -0.0000 -43.1085 62.9883 -20.7701 0.0000 -0.0000 0.0000 88.4348 4.2570 21.3110 -16.6454 26.3879 -3.9284 0.0000 -0.0000 -11.2246 -13.3395 23.6389 -5.4312 7.1250 -0.0000 -0.0000 9.8091 -6.0556 8.8534
7.2168 18.0718 7.2079 181.9760 4.9227 -177.0730 0.0000 0.0000 0.0000 -20.0984 -3.9540 -7.4662 1.4281 7.5564 21.3746 0.5053 -2.4299 -12.8121 0.2390 -3.1461 -8.6858 0.0000 0.0000 0.0000 14.4935 3.1257 -1.0692 -0.3974 -4.0474 11.2100 -0.0979 -6.1833 -11.0636 -0.0028 -0.3427 0.9415 -0.0691 0.9127 0.8586 0.8175 1.2272 0.4291 0.8638 0.6170 -0.0614 -10.7649 -5.1243 -18.1587 5.2539 -4.7768 24.0190 3.0442 -2.2851 11.2194 -0.0000 -0.0000 0.0000 -87.3722 -2.7047 13.6777 18.0597 -28.2335 -4.5774 -0.0000 -0.0000 8.2945 0.1877 37.2098 0.1135 -7.1250 0.0000 -0.0000 -40.9644 62.3905 -18.9756 -0.0000 -0.0000 0.0000 88.4812 4.2288 22.2460 -17.5188 27.5366 -4.3245 0.0000 -0.0000 -11.7225 -13.8687 23.6487 -5.6559 7.1250 -0.0000 -0.0000 9.4824 -5.9796 8.5639
7.2387 18.0737 7.2136 181.5610 4.4313 -177.2130 0.0000 0.0000 0.0000 -20.5006 -3.8872 -7.2245 1.3774 7.4269 20.9863 0.4727 -2.5383 -12.3624 0.2915 -3.4721 -9.5959 0.0000 0.0000 0.0000 14.1151 2.8735 -1.1981 -0.4344 -4.2297 11.7237 -0.1228 -6.1937 -11.5570 -0.0095 -0.6291 1.7289 -0.6732 0.7992 1.0351 0.7148 1.0677 0.3956 1.0958 0.5361 -0.2011 -10.4072 -5.0949 -18.0842 4.7827 -4.7535 23.5295 2.8044 -2.3101 10.9958 0.0000 -0.0000 0.0000 -87.9860 -2.4428 14.1954 17.9755 -28.1258 -4.5377 -0.0000 -0.0000 7.8206 -0.0564 36.7487 -0.0337 -7.1250 0.0000 -0.0000 -40.6279 61.9788 -18.3973 0.0000 -0.0000 0.0000 88.6603 4.3771 22.6365 -17.6870 27.7545 -4.4025 0.0000 -0.0000 -11.8903 -14.0399 24.1237 -5.8356 7.1250 -0.0000 -0.0000 9.4009 -5.4815 8.5788
7.2710 18.0804 7.2281 181.8350 5.0431 -177.1010 0.0000 0.0000 0.0000 -20.1051 -3.4688 -7.5909 1.4093 7.5086 21.2312 0.4802 -2.4911 -12.4703 0.2925 -3.4777 -9.6118 0.0000 0.0000 0.0000 14.5235 3.2849 -0.9844 -0.3923 -4.0218 11.1379 -0.0913 -6.4411 -11.2308 -0.0001 0.0637 -0.1750 -0.7026 1.0513 1.0895 0.7300 1.4028 0.3092 1.1213 0.7044 -0.3292 -10.4707 -5.0838 -17.7372 5.0998 -4.8682 22.9236 2.9070 -2.3405 10.7229 0.0000 -0.0000 0.0000 -88.1999 -2.2086 14.8363 17.6727 -27.7361 -4.3959 -0.0000 -0.0000 7.7313 0.3317 35.6983 0.1935 -7.1250 0.0000 -0.0000 -39.0069 61.2699 -16.8777 0.0000 -0.0000 0.0000 88.8421 4.1963 22.9516 -17.9837 28.1363 -4.5416 0.0000 -0.0000 -11.8029 -14.5976 22.6102 -5.7178 7.1250 -0.0000 -0.0000 8.9785 -6.9308 7.9299
7.2744 18.0781 7.2324 182.0050 4.5554 -177.0770 0.0000 0.0000 0.0000 -19.8546 -3.7221 -7.6529 1.4248 7.5482 21.3501 0.4796 -2.7884 -12.4224 0.2157 -2.9902 -8.2516 0.0000 0.0000 0.0000 14.7172 2.7481 -1.0089 -0.3768 -3.9422 10.9142 -0.1034 -6.2881 -11.2913 -0.0004 -0.1278 0.3511 -0.4600 1.0364 1.1560 0.7109 1.3855 0.2140 0.9636 0.6963 -0.4572 -10.5030 -5.1766 -17.2627 5.1932 -5.0765 22.4002 2.9122 -2.4361 10.4624 -0.0000 -0.0000 0.0000 -88.5531 -1.7409 14.9231 17.2683 -27.2101 -4.2093 -0.0000 -0.0000 8.5396 -1.7471 36.3780 -1.0364 -7.1250 0.0000 -0.0000 -41.7945 61.2730 -18.3293 -0.0000 -0.0000 0.0000 89.0188 3.6661 22.8613 -18.1111 28.2992 -4.6018 0.0000 -0.0000 -11.5960 -14.2528 23.1625 -5.7058 7.1250 -0.0000 -0.0000 9.2204 -6.4188 8.2419
7.2829 18.0741 7.2390 181.9760 4.8118 -177.0970 0.0000 0.0000 0.0000 -19.8644 -3.4893 -7.7919 1.4433 7.5949 21.4902 0.4910 -2.7014 -12.5850 0.2338 -3.1121 -8.5910 0.0000 0.0000 0.0000 14.6948 2.9075 -1.1867 -0.3987 -4.0541 11.2289 -0.1079 -6.1258 -11.1943 -0.0025 0.3240 -0.8901 -0.5535 1.0852 1.3292 0.7335 1.4498 0.2535 1.0349 0.7290 -0.5179 -10.4682 -5.2244 -17.2996 4.6806 -5.0563 21.7639 2.7125 -2.4978 10.2230 0.0000 -0.0000 0.0000 -88.9830 -1.5063 15.6346 16.9098 -26.7388 -4.0467 -0.0000 -0.0000 8.0162 -0.4595 36.9680 -0.2763 -7.1250 0.0000 -0.0000 -41.2846 62.0418 -18.8131 0.0000 -0.0000 0.0000 88.9109 3.6826 22.8622 -17.8193 27.9251 -4.4643 0.0000 -0.0000 -11.5006 -13.4723 23.1534 -5.3812 7.1250 -0.0000 -0.0000 9.7051 -6.5251 8.6677
7.2913 18.0702 7.2384 181.7620 5.3091 -177.1260 0.0000 0.0000 0.0000 -20.1187 -3.2731 -7.7860 1.4457 7.6009 21.5081 0.4700 -2.3504 -12.3538 0.1727 -2.6767 -7.3798 0.0000 0.0000 0.0000 14.4347 3.3072 -1.5398 -0.4507 -4.3071 11.9424 -0.1346 -5.7674 -11.3210 -0.0074 0.5544 -1.5235 -0.8203 1.2508 1.2700 0.6108 1.6658 0.3791 1.0580 0.8358 -0.3651 -10.6803 -5.3363 -17.8023 4.8890 -5.1728 21.7812 2.7962 -2.5481 10.3458 0.0000 0.0000 0.0000 -89.1561 -1.3059 15.0163 16.4290 -26.0989 -3.8327 -0.0000 -0.0000 9.3198 -1.1630 36.2193 -0.6872 -7.1250 0.0000 -0.0000 -41.0499 61.2986 -17.9622 0.0000 0.0000 0.0000 89.1106 3.5320 22.2899 -17.3059 27.2592 -4.2265 0.0000 -0.0000 -10.9216 -13.4581 23.2798 -5.4029 7.1250 -0.0000 -0.0000 9.7195 -6.4002 8.7047
7.2804 18.0695 7.2387 182.3420 4.7172 -176.7710 0.0000 0.0000 0.0000 -19.4274 -3.8676 -8.2965 1.5050 7.7483 21.9522 0.5008 -2.5910 -12.7299 0.2894 -3.4596 -9.5609 0.0000 0.0000 0.0000 15.1137 3.2499 -1.7426 -0.4401 -4.2568 11.8003 -0.1281 -6.1264 -11.5846 -0.0066 0.5259 -1.4450 -0.0113 1.0281 0.8928 0.7250 1.3803 0.3585 0.7339 0.6932 -0.1516 -11.0050 -5.2291 -17.4992 5.1204 -5.0507 20.9510 2.9428 -2.5034 9.9951 0.0000 0.0000 0.0000 -89.3738 -0.9693 14.3903 16.1387 -25.7083 -3.7059 -0.0000 -0.0000 10.1880 -1.1761 36.2213 -0.6950 -7.1250 0.0000 -0.0000 -41.0649 61.2969 -17.9684 0.0000 0.0000 0.0000 89.0518 3.5135 21.9427 -16.4732 26.1581 -3.8522 0.0000 -0.0000 -10.4515 -13.7162 23.6138 -5.5840 7.1250 -0.0000 -0.0000 9.5750 -6.0338 8.6399
7.2675 18.0614 7.2170 181.5800 4.7747 -177.0580 0.0000 0.0000 0.0000 -20.3707 -3.8736 -7.7372 1.4610 7.6393 21.6237 0.4716 -2.3614 -12.3746 0.1257 -2.2853 -6.2947 0.0000 0.0000 0.0000 14.1811 3.0073 -1.8131 -0.4893 -4.4853 12.4461 -0.1908 -5.4541 -12.0317 -0.0068 0.5340 -1.4674 -0.6400 1.0435 0.8422 0.5158 1.3930 0.4946 0.8744 0.6972 0.0061 -11.9314 -5.1721 -17.3044 6.0916 -4.9781 20.6187 3.4505 -2.4376 9.8867 0.0000 -0.0000 0.0000 -89.5448 -0.7259 13.8028 15.4417 -24.7578 -3.4088 -0.0000 -0.0000 10.6766 -2.8356 37.5699 -1.7299 -7.1250 0.0000 -0.0000 -44.2920 61.8790 -20.3100 0.0000 -0.0000 0.0000 88.9132 3.4049 21.4597 -15.9359 25.4337 -3.6184 0.0000 -0.0000 -9.8812 -13.7330 22.4741 -5.3370 7.1250 -0.0000 -0.0000 9.5134 -7.1741 8.3700
7.2643 18.0594 7.1975 181.3910 4.5782 -177.1120 0.0000 0.0000 0.0000 -20.6028 -4.0263 -7.4675 1.4374 7.5799 21.4452 0.4951 -2.5223 -12.6644 0.2070 -2.9291 -8.0814 0.0000 0.0000 0.0000 13.9377 2.5063 -1.9470 -0.5031 -4.5470 12.6208 -0.2043 -5.1386 -11.9697 -0.0055 0.4784 -1.3146 -0.7532 0.9937 0.7457 0.4004 1.3261 0.5543 0.8230 0.6628 0.1227 -11.7985 -5.0940 -17.2204 5.8648 -4.8695 20.3261 3.3589 -2.4053 9.7466 -0.0000 -0.0000 0.0000 -89.4703 -0.4706 13.3421 14.8819 -23.9813 -3.1778 -0.0000 -0.0000 11.0766 -3.0095 38.3568 -1.8686 -7.1250 0.0000 -0.0000 -45.4772 62.4003 -21.5372 -0.0000 -0.0000 0.0000 88.9199 2.9359 19.8967 -15.1279 24.3240 -3.2784 0.0000 -0.0000 -9.3287 -13.2998 22.8651 -5.2479 7.1250 -0.0000 -0.0000 9.8002 -6.8345 8.6957
7.2608 18.0486 7.1798 185.8200 5.4839 -177.5740 0.0000 0.0000 0.0000 -15.6693 -3.2455 -7.1361 1.5618 7.8865 22.3699 0.5507 -2.2462 -13.4268 0.2739 -3.3662 -9.2999 0.0000 0.0000 0.0000 19.0934 3.7659 0.2171 -0.3846 -3.9826 11.0279 -0.0942 -6.3645 -11.1984 -0.0012 -0.2190 0.6018 3.8906 1.2988 1.5473 1.5176 1.8505 0.7829 -0.6497 0.9603 0.0072 -11.8173 -5.1537 -17.2711 5.7055 -4.8960 20.5091 3.3036 -2.4352 9.8211 -0.0000 0.0000 0.0000 -89.4681 -0.3665 11.9739 14.1169 -22.9015 -2.8734 -0.0000 -0.0000 12.3014 -2.6194 38.1011 -1.6170 -7.1250 0.0000 -0.0000 -44.7752 62.3190 -21.0450 -0.0000 0.0000 0.0000 89.1175 2.6256 18.1948 -14.4272 23.3421 -2.9953 0.0000 -0.0000 -8.0679 -13.4426 22.7212 -5.2746 7.1250 -0.0000 -0.0000 9.7051 -6.9614 8.5845
7.2844 18.0482 7.1754 181.6260 6.4385 -177.6080 0.0000 0.0000 0.0000 -20.4354 -2.5348 -7.2405 1.4718 7.6664 21.7052 0.5041 -1.8122 -12.9096 0.1804 -2.7359 -7.5442 0.0000 0.0000 0.0000 14.1929 3.7798 -1.2386 -0.5124 -4.5882 12.7378 -0.2162 -4.8056 -11.8737 -0.0151 0.7930 -2.1794 -0.8558 1.6215 1.1744 0.4754 2.1625 0.6474 0.9390 1.0825 -0.0451 -11.9371 -5.0645 -17.0509 5.4811 -4.7015 20.4413 3.2729 -2.3789 9.7371 -0.0000 -0.0000 0.0000 -89.4586 0.0894 11.1545 13.8322 -22.4944 -2.7636 -0.0000 -0.0000 12.6037 -2.7626 38.4839 -1.7200 -7.1250 0.0000 -0.0000 -45.4160 62.5557 -21.6662 -0.0000 -0.0000 0.0000 89.1311 2.1592 17.2288 -13.8148 22.4694 -2.7569 0.0000 -0.0000 -6.1629 -14.8781 21.7056 -5.6116 7.1250 -0.0000 -0.0000 8.7600 -7.8081 7.5801
7.2779 18.0429 7.1500 181.0630 5.3914 -177.6050 0.0000 0.0000 0.0000 -20.9978 -2.8633 -7.0522 1.4365 7.5777 21.4387 0.4939 -2.5374 -12.6458 0.1737 -2.6851 -7.4033 0.0000 0.0000 0.0000 13.6132 3.2284 -1.3515 -0.5446 -4.7279 13.1340 -0.2432 -5.0350 -12.5355 -0.0099 0.6424 -1.7653 -1.3469 1.2723 0.7810 0.2928 1.6953 0.6590 1.0432 0.8454 0.1891 -12.1342 -5.1425 -16.6985 5.6008 -4.8036 20.6987 3.3427 -2.4254 9.7831 0.0000 -0.0000 0.0000 -89.2617 0.1098 9.4162 13.2376 -21.6344 -2.5402 -0.0000 -0.0000 13.6401 -3.7220 37.4654 -2.2660 -7.1250 0.0000 -0.0000 -44.9878 61.5773 -20.3820 0.0000 -0.0000 0.0000 89.3075 2.4294 15.0628 -12.7794 20.9631 -2.3738 0.0000 -0.0000 -5.5545 -14.7443 21.8725 -5.5995 7.1250 -0.0000 -0.0000 8.8519 -7.6561 7.6884
7.2735 18.0384 7.1395 180.6590 5.1951 -177.7480 0.0000 0.0000 0.0000 -21.4911 -2.8525 -6.6563 1.3765 7.4243 20.9788 0.5081 -2.6146 -12.8219 0.2526 -3.2337 -8.9301 0.0000 0.0000 0.0000 13.1488 3.1523 -1.6024 -0.6110 -5.0031 13.9174 -0.2616 -4.9597 -12.7683 -0.0178 0.8604 -2.3648 -1.7509 1.1469 0.7840 0.1753 1.5279 0.7224 1.1511 0.7601 0.2498 -12.1881 -5.1151 -17.0366 5.3948 -4.6136 21.6443 3.3184 -2.3548 10.1648 0.0000 -0.0000 0.0000 -89.1530 0.5303 9.3414 13.3658 -21.8208 -2.5877 -0.0000 -0.0000 13.3082 -2.5428 38.5359 -1.5848 -7.1250 0.0000 -0.0000 -45.2801 62.6507 -21.6868 0.0000 -0.0000 0.0000 89.0461 1.5575 15.1149 -12.7850 20.9713 -2.3758 0.0000 -0.0000 -5.9241 -14.4174 21.3940 -5.3574 7.1250 -0.0000 -0.0000 9.0380 -8.1781 7.7602
7.2464 18.0487 7.1307 181.4900 4.6973 -177.2840 0.0000 0.0000 0.0000 -20.6367 -3.8489 -6.8643 1.3938 7.4691 21.1127 0.5005 -2.3761 -12.7575 0.1484 -2.4828 -6.8419 0.0000 0.0000 0.0000 13.9744 2.7571 -1.8887 -0.5711 -4.8396 13.4515 -0.2498 -5.0569 -12.6620 -0.0038 0.3958 -1.0874 -0.5574 0.9292 0.4608 0.3068 1.2431 0.6640 0.6246 0.6209 0.4024 -12.2848 -5.1124 -16.8388 5.3274 -4.5924 21.4678 3.3121 -2.3619 10.0642 0.0000 0.0000 0.0000 -89.0086 0.5371 8.3433 13.3554 -21.8057 -2.5838 -0.0000 -0.0000 13.8778 -3.0975 38.6365 -1.9352 -7.1250 0.0000 -0.0000 -45.9332 62.5760 -21.9916 0.0000 0.0000 0.0000 89.3636 1.5034 12.6278 -12.4414 20.4633 -2.2542 0.0000 -0.0000 -4.7438 -13.9348 22.0035 -5.3110 7.1250 -0.0000 -0.0000 9.3673 -7.6223 8.1546
7.2394 18.0335 7.1168 181.0930 4.6443 -177.4220 0.0000 0.0000 0.0000 -21.1173 -3.8541 -6.7357 1.4079 7.5052 21.2210 0.5144 -2.4306 -12.9315 0.2183 -3.0081 -8.3013 0.0000 0.0000 0.0000 13.5008 2.5111 -1.9078 -0.5914 -4.9235 13.6904 -0.2671 -4.8896 -12.7969 -0.0100 0.6448 -1.7720 -0.8791 0.9305 0.2641 0.0931 1.2538 1.0231 0.5939 0.6240 0.8781 -11.5765 -5.0899 -17.0555 4.5795 -4.5898 20.8351 2.9146 -2.3951 9.8392 0.0000 -0.0000 0.0000 -88.7029 0.3350 8.4460 13.5531 -22.0922 -2.6577 -0.0000 -0.0000 13.3498 -2.6777 37.9765 -1.6484 -7.1250 0.0000 -0.0000 -44.6672 62.2141 -20.8732 0.0000 -0.0000 0.0000 89.3361 1.1761 12.5350 -12.5769 20.6641 -2.3018 0.0000 -0.0000 -5.2205 -14.3380 21.8350 -5.4306 7.1250 -0.0000 -0.0000 9.1064 -7.7434 7.8995
7.2656 18.0263 7.1272 181.2050 6.5723 -177.6810 0.0000 0.0000 0.0000 -21.0254 -2.5107 -6.8298 1.4342 7.5720 21.4213 0.5439 -1.8269 -13.4226 0.2143 -2.9805 -8.2244 0.0000 0.0000 0.0000 13.6277 4.1162 -1.8324 -0.6456 -5.1401 14.3087 -0.2910 -4.4077 -12.7804 -0.0052 0.4674 -1.2843 -1.2914 1.4594 0.4623 0.1787 1.9731 1.5107 0.9178 0.9805 1.2382 -11.5946 -4.9791 -16.8968 4.6927 -4.5842 18.5344 2.9305 -2.3955 9.0026 0.0000 -0.0000 0.0000 -88.5400 -0.1358 8.1136 13.8451 -22.5128 -2.7685 -0.0000 -0.0000 13.1464 -3.3308 38.1349 -2.0583 -7.1250 0.0000 -0.0000 -45.4844 62.1583 -21.2837 0.0000 -0.0000 0.0000 89.4271 1.9441 11.8360 -12.2429 20.1680 -2.1853 0.0000 -0.0000 -4.9416 -14.4841 22.5605 -5.6599 7.1250 -0.0000 -0.0000 9.0471 -6.9952 7.9806
7.2599 18.0276 7.1236 180.9910 6.6333 -177.7980 0.0000 0.0000 0.0000 -21.2363 -1.7901 -6.9903 1.4298 7.5608 21.3879 0.5459 -2.4401 -13.3336 0.2950 -3.4925 -9.6532 0.0000 0.0000 0.0000 13.3726 3.9357 -1.6957 -0.6309 -5.0822 14.1431 -0.2525 -4.4500 -12.1886 -0.0001 -0.0744 0.2044 -1.5924 1.4284 0.7419 0.1678 1.9299 1.5151 1.0668 0.9578 1.0779 -12.0397 -4.8516 -15.4184 5.0403 -4.6129 15.2205 3.1087 -2.4011 7.6421 0.0000 -0.0000 0.0000 -88.3828 0.2830 8.5285 14.4130 -23.3220 -2.9897 -0.0000 -0.0000 11.9610 -3.0316 38.1454 -1.8736 -7.1250 0.0000 -0.0000 -45.2189 62.2435 -21.2211 0.0000 -0.0000 0.0000 89.2098 0.7932 13.1492 -13.0203 21.3170 -2.4607 0.0000 -0.0000 -6.3391 -14.8978 21.1878 -5.4923 7.1250 -0.0000 -0.0000 8.7247 -8.3288 7.4582
7.2666 18.0439 7.1195 180.6670 6.9390 -177.2680 0.0000 0.0000 0.0000 -21.5604 -1.9624 -7.2850 1.3780 7.4282 20.9904 0.5185 -2.2042 -13.0222 0.1747 -2.6922 -7.4231 0.0000 0.0000 0.0000 12.9872 4.2642 -2.2748 -0.6295 -5.0767 14.1273 -0.2723 -4.4216 -12.4915 -0.0103 0.6544 -1.7983 -2.2749 1.3978 0.4412 0.1849 1.8890 1.3658 1.4718 0.9286 1.0727 -12.4359 -4.7748 -15.1283 5.2724 -4.5156 12.7597 3.2508 -2.3323 6.7914 -0.0000 -0.0000 0.0000 -88.2854 0.5141 8.5861 14.8042 -23.8726 -3.1463 -0.0000 -0.0000 11.4081 -3.1971 38.7410 -2.0020 -7.1250 0.0000 -0.0000 -46.1668 62.6235 -22.1806 -0.0000 -0.0000 0.0000 88.9579 0.1724 13.7408 -13.3589 21.8109 -2.5851 0.0000 -0.0000 -7.2276 -14.2038 21.8064 -5.3713 7.1250 -0.0000 -0.0000 9.1899 -7.7883 7.9656
7.2398 18.0349 7.1283 180.3080 6.9626 -177.7540 0.0000 0.0000 0.0000 -22.1258 -2.2079 -6.6453 1.3623 7.3877 20.8692 0.5226 -1.6785 -13.1798 0.1745 -2.6911 -7.4199 0.0000 0.0000 0.0000 12.4864 3.8493 -2.0780 -0.6459 -5.1414 14.3124 -0.2696 -4.1596 -12.2389 -0.0159 0.8134 -2.2356 -2.3511 1.3842 1.5183 -0.0530 1.8474 1.2665 1.2399 0.9198 0.3747 -12.8869 -5.0032 -15.1629 5.7255 -4.7933 11.7042 3.4361 -2.4344 6.5034 0.0000 -0.0000 0.0000 -87.9194 1.1235 9.0996 15.2504 -24.4937 -3.3291 -0.0000 -0.0000 11.0484 -2.7488 38.1231 -1.6978 -7.1250 0.0000 -0.0000 -44.9251 62.3011 -21.1125 0.0000 -0.0000 0.0000 89.1258 -0.2548 13.0981 -13.3488 21.7962 -2.5814 0.0000 -0.0000 -6.6072 -13.9237 22.3218 -5.3791 7.1250 -0.0000 -0.0000 9.3875 -7.3040 8.2320
7.2291 18.0393 7.1284 181.0290 6.9791 -177.5770 0.0000 0.0000 0.0000 -21.3753 -2.6038 -6.7773 1.4054 7.4989 21.2020 0.5355 -1.4046 -13.4107 0.1031 -2.0708 -5.7013 0.0000 0.0000 0.0000 13.2981 4.0202 -1.7070 -0.5818 -4.8841 13.5784 -0.2140 -4.7405 -11.7785 -0.0127 0.7276 -1.9995 -1.5509 1.3420 1.8108 0.0859 1.7880 1.1154 0.9253 0.8960 0.0778 -12.6476 -4.9441 -15.9593 5.2443 -4.5791 11.6704 3.2526 -2.3461 6.5878 0.0000 0.0000 0.0000 -87.4172 1.2900 9.9306 15.4170 -24.7238 -3.3984 -0.0000 -0.0000 10.2878 -2.5249 38.2661 -1.5643 -7.1250 0.0000 -0.0000 -44.9038 62.4623 -21.2696 0.0000 0.0000 0.0000 89.2234 -0.3087 12.9298 -13.4132 21.8896 -2.6053 0.0000 -0.0000 -6.8050 -13.6540 22.2476 -5.2549 7.1250 -0.0000 -0.0000 9.5536 -7.4107 8.3617
7.2498 18.0744 7.1200 181.0760 7.5292 -176.4020 0.0000 0.0000 0.0000 -21.2114 -2.8371 -7.8994 1.4029 7.4924 21.1827 0.5457 -1.1933 -13.5937 0.1708 -2.6626 -7.3407 0.0000 0.0000 0.0000 13.3714 5.0146 -2.4949 -0.5409 -4.7121 13.0892 -0.1925 -5.0997 -11.7242 -0.0121 0.7099 -1.9509 -2.0716 1.4726 0.7037 0.1882 1.9604 0.6522 1.3414 0.9756 0.1976 -12.4344 -4.8282 -15.9731 4.6997 -4.3756 11.9887 3.0631 -2.2867 6.6583 0.0000 -0.0000 0.0000 -87.0630 1.1286 10.2496 15.2541 -24.4989 -3.3306 -0.0000 -0.0000 10.4543 -2.2132 38.0291 -1.3639 -7.1250 0.0000 -0.0000 -44.2994 62.3728 -20.8280 0.0000 -0.0000 0.0000 89.3409 0.2264 11.8239 -12.9318 21.1871 -2.4286 0.0000 -0.0000 -5.8220 -13.5020 22.2912 -5.2041 7.1250 -0.0000 -0.0000 9.6506 -7.3851 8.4540
7.2101 18.0658 7.1315 181.1950 7.4134 -176.8740 0.0000 0.0000 0.0000 -21.2059 -3.1842 -7.4376 1.4278 7.5557 21.3724 0.5508 -1.0753 -13.6904 0.0039 -0.4054 -1.1140 0.0000 0.0000 0.0000 13.3866 4.5467 -2.1695 -0.5367 -4.6940 13.0379 -0.1933 -4.9371 -11.5871 -0.0131 0.7401 -2.0341 -1.6095 1.4117 1.2601 0.2478 1.8783 0.8589 1.1328 0.9377 0.1135 -12.2224 -4.7868 -15.7958 3.7807 -4.2235 11.8673 2.7471 -2.2713 6.5537 0.0000 0.0000 0.0000 -87.1350 0.3442 9.8771 15.2111 -24.4393 -3.3128 -0.0000 -0.0000 11.1613 -2.7281 38.7214 -1.7073 -7.1250 0.0000 -0.0000 -45.7032 62.7337 -22.0237 0.0000 0.0000 0.0000 88.8252 0.3782 12.8374 -13.1257 21.4710 -2.4991 0.0000 -0.0000 -6.8749 -13.7534 21.8387 -5.2024 7.1250 -0.0000 -0.0000 9.4750 -7.8093 8.2158
7.2060 18.0565 7.1307 181.3970 7.7769 -176.9470 0.0000 0.0000 0.0000 -21.0689 -2.6840 -7.2952 1.3833 7.4420 21.0317 0.5102 -0.6380 -13.2873 0.1514 -2.5077 -6.9110 0.0000 0.0000 0.0000 13.6002 5.0643 -2.1591 -0.5794 -4.8740 13.5495 -0.1975 -4.9201 -11.6481 -0.0134 0.7470 -2.0530 -1.4695 1.3676 1.2761 0.2146 1.8195 0.8142 1.0201 0.9091 0.0660 -11.8674 -4.5758 -16.5193 3.2052 -3.8007 13.7569 2.5430 -2.1326 7.2414 0.0000 -0.0000 0.0000 -86.7301 -0.2940 9.5240 14.9609 -24.0916 -3.2100 -0.0000 -0.0000 11.3300 -2.3656 38.6953 -1.4795 -7.1250 0.0000 -0.0000 -45.3290 62.8112 -21.8846 0.0000 -0.0000 0.0000 89.0129 0.7424 13.6039 -13.2815 21.6983 -2.5564 0.0000 -0.0000 -7.0839 -13.9047 21.9082 -5.2775 7.1250 -0.0000 -0.0000 9.3824 -7.7216 8.1497
7.1930 18.0570 7.1079 181.0680 7.6527 -176.9670 0.0000 0.0000 0.0000 -21.4628 -2.4726 -7.2764 1.3740 7.4179 20.9595 0.5361 -1.0733 -13.5019 0.1872 -2.7862 -7.6841 0.0000 0.0000 0.0000 13.1817 4.6253 -2.0172 -0.5355 -4.6887 13.0229 -0.1897 -4.8961 -11.4842 -0.0153 0.7995 -2.1974 -1.8651 1.3115 0.8167 0.1611 1.7515 0.9112 1.2010 0.8701 0.4146 -12.0827 -4.5128 -16.9302 2.8632 -3.4850 15.4682 2.5018 -2.0509 7.8581 -0.0000 -0.0000 0.0000 -86.5208 -0.8817 9.8525 15.1728 -24.3863 -3.2970 -0.0000 -0.0000 10.9535 -2.3541 38.8095 -1.4759 -7.1250 0.0000 -0.0000 -45.4734 62.8956 -22.0587 -0.0000 -0.0000 0.0000 88.7684 1.2751 14.4127 -13.5225 22.0480 -2.6462 0.0000 -0.0000 -7.7842 -14.5775 21.3747 -5.4145 7.1250 -0.0000 -0.0000 8.9358 -8.1785 7.6701
7.1418 18.0557 7.0849 180.9070 6.3365 -176.7990 0.0000 0.0000 0.0000 -21.8052 -3.8023 -7.0097 1.3568 7.3734 20.8264 0.5138 -0.8411 -13.2764 0.2560 -3.2551 -8.9899 0.0000 0.0000 0.0000 12.8626 3.3837 -2.4176 -0.5497 -4.7497 13.1960 -0.2008 -4.8408 -11.6343 -0.0073 0.5505 -1.5128 -1.4825 0.8240 0.2877 0.0364 1.1069 0.7570 0.8700 0.5478 0.5848 -12.2085 -4.1849 -16.3758 2.5445 -2.9063 17.2358 2.5051 -1.8334 8.3155 0.0000 0.0000 0.0000 -86.3532 -1.0756 10.1838 15.5107 -24.8527 -3.4377 -0.0000 -0.0000 10.8182 -2.6200 38.6434 -1.6368 -7.1250 0.0000 -0.0000 -45.4968 62.7069 -21.8736 0.0000 0.0000 0.0000 88.8268 1.3222 15.7452 -13.9811 22.7077 -2.8208 0.0000 -0.0000 -7.9651 -14.9708 20.5484 -5.3620 7.1250 -0.0000 -0.0000 8.6520 -8.9665 7.2836
7.1380 18.0497 7.0702 180.5560 6.1547 -177.0620 0.0000 0.0000 0.0000 -22.1882 -3.2788 -6.7871 1.3293 7.3012 20.6107 0.4743 -1.2552 -12.6344 0.2028 -2.8993 -7.9987 0.0000 0.0000 0.0000 12.4557 3.1422 -2.2580 -0.5704 -4.8368 13.4436 -0.2416 -4.6340 -12.1599 -0.0223 0.9640 -2.6498 -1.6868 0.6053 0.0182 -0.1578 0.8237 0.7930 0.7889 0.4045 0.7801 -12.1361 -3.8946 -15.2960 1.8137 -2.3946 18.2076 2.3301 -1.6503 8.4136 0.0000 -0.0000 0.0000 -86.0805 -1.3780 10.0115 15.7125 -25.1293 -3.5230 -0.0000 -0.0000 10.0286 -1.8585 37.8887 -1.1416 -7.1250 0.0000 -0.0000 -43.7822 62.3631 -20.5230 0.0000 -0.0000 0.0000 89.0331 1.6234 16.0829 -14.3853 23.2829 -2.9787 0.0000 -0.0000 -9.2368 -14.8099 21.3802 -5.5056 7.1250 -0.0000 -0.0000 8.7887 -8.1450 7.5466
7.1295 18.0313 7.0481 180.9580 6.7183 -177.5300 0.0000 0.0000 0.0000 -21.8478 -2.8066 -6.4003 1.3705 7.4089 20.9325 0.5092 -1.0784 -13.1493 0.2315 -3.0969 -8.5486 0.0000 0.0000 0.0000 12.8819 3.4894 -1.4154 -0.5451 -4.7303 13.1408 -0.2232 -4.7680 -11.9622 -0.0136 0.7527 -2.0685 -1.0460 0.7929 0.0047 -0.2052 1.0764 1.0131 0.3855 0.5347 1.0189 -12.1537 -3.6694 -15.1133 1.3684 -1.8246 19.8938 2.2714 -1.4312 8.9223 -0.0000 0.0000 0.0000 -85.6690 -1.5908 11.1162 16.2739 -25.8906 -3.7648 -0.0000 -0.0000 8.6205 -0.6889 36.5140 -0.4099 -7.1250 0.0000 -0.0000 -40.9496 61.6407 -18.2428 -0.0000 0.0000 0.0000 89.3261 2.2383 16.1278 -14.6336 23.6332 -3.0775 0.0000 -0.0000 -9.4360 -13.9238 22.0326 -5.3133 7.1250 -0.0000 -0.0000 9.3755 -7.5943 8.1672
7.1218 18.0300 7.0353 181.2500 7.0102 -177.6380 0.0000 0.0000 0.0000 -21.5357 -2.3946 -6.4994 1.4164 7.5268 21.2857 0.5327 -1.3792 -13.3796 0.0783 -1.8053 -4.9678 0.0000 0.0000 0.0000 13.1888 3.6941 -1.1426 -0.5341 -4.6830 13.0065 -0.2059 -4.8211 -11.7065 -0.0122 0.7133 -1.9601 -0.7074 0.8737 -0.2217 -0.1733 1.1847 1.1090 0.2344 0.5907 1.2486 -12.3383 -3.5059 -14.6985 0.9297 -1.3477 20.9092 2.2270 -1.2550 9.1753 -0.0000 0.0000 0.0000 -85.5304 -1.6930 12.0213 17.1265 -27.0243 -4.1447 -0.0000 -0.0000 8.3309 1.4216 36.1156 0.8380 -7.1250 0.0000 -0.0000 -38.4366 61.8669 -17.1332 -0.0000 0.0000 0.0000 89.3166 2.3703 17.2196 -15.2789 24.5333 -3.3409 0.0000 -0.0000 -10.7017 -12.8032 22.2768 -4.9237 7.1250 -0.0000 -0.0000 10.0881 -7.4810 8.8304
7.1184 18.0141 7.0288 181.0310 7.4799 -177.7610 0.0000 0.0000 0.0000 -21.8555 -2.5212 -6.2755 1.4187 7.5327 21.3035 0.5714 -1.0168 -13.9658 0.1984 -2.8679 -7.9113 0.0000 0.0000 0.0000 12.9313 4.2620 -1.3222 -0.5975 -4.9485 13.7618 -0.2331 -4.7489 -12.1148 -0.0210 0.9351 -2.5703 -1.0700 1.0012 -0.6055 -0.2032 1.3698 1.3471 0.4195 0.6781 1.6989 -12.1636 -3.4554 -14.3456 0.4232 -1.1605 21.3247 2.0561 -1.1944 9.2447 -0.0000 0.0000 0.0000 -85.6763 -2.0958 11.9020 17.5952 -27.6357 -4.3598 -0.0000 -0.0000 8.3832 0.8478 35.9201 0.4974 -7.1250 0.0000 -0.0000 -38.7647 61.5706 -17.0320 -0.0000 0.0000 0.0000 89.1727 2.6727 19.1086 -15.8990 25.3835 -3.6026 0.0000 -0.0000 -11.5787 -14.8118 21.8515 -5.6211 7.1250 -0.0000 -0.0000 8.8084 -7.6690 7.6474
7.1082 18.0134 7.0222 181.0850 8.0505 -178.0220 0.0000 0.0000 0.0000 -21.8355 -1.6073 -6.2121 1.4134 7.5191 21.2627 0.5713 -1.3293 -13.8821 0.1351 -2.3687 -6.5258 0.0000 0.0000 0.0000 12.9109 4.4212 -1.0341 -0.5947 -4.9371 13.7292 -0.2474 -4.3381 -12.0112 -0.0115 0.6931 -1.9047 -1.0324 1.1733 -0.5724 -0.2375 1.6032 1.4693 0.3690 0.7959 1.8043 -12.2422 -3.3176 -13.4646 0.1902 -1.0020 20.9912 2.0126 -1.1204 8.9597 0.0000 -0.0000 0.0000 -85.7062 -2.3629 12.3307 17.7296 -27.8096 -4.4224 -0.0000 -0.0000 7.3351 -0.2944 36.3007 -0.1743 -7.1250 0.0000 -0.0000 -40.3157 61.5776 -17.8466 0.0000 -0.0000 0.0000 89.2347 2.6414 19.8275 -16.3822 26.0361 -3.8122 0.0000 -0.0000 -12.7284 -13.8411 21.9521 -5.2625 7.1250 -0.0000 -0.0000 9.4242 -7.6851 8.1938
7.0888 18.0092 7.0062 181.0790 7.6067 -178.0270 0.0000 0.0000 0.0000 -21.9511 -2.1467 -5.9256 1.4118 7.5151 21.2506 0.5815 -1.0971 -14.0696 0.1609 -2.5847 -7.1245 0.0000 0.0000 0.0000 12.8718 4.0851 -0.9746 -0.5908 -4.9212 13.6841 -0.2380 -4.5790 -12.0534 -0.0246 1.0125 -2.7832 -0.9533 1.0358 -0.8229 -0.2379 1.4217 1.5110 0.3264 0.7051 1.9921 -12.5892 -3.2171 -13.0912 0.5467 -0.9741 20.4535 2.1904 -1.0858 8.7065 0.0000 -0.0000 0.0000 -85.8605 -2.0323 12.5468 18.4480 -28.7270 -4.7626 -0.0000 -0.0000 7.6907 -0.4775 37.0524 -0.2877 -7.1250 0.0000 -0.0000 -41.4064 62.1007 -18.9369 0.0000 -0.0000 0.0000 89.2396 2.5468 20.0602 -16.5556 26.2682 -3.8886 0.0000 -0.0000 -12.2591 -14.2286 21.9646 -5.4179 7.1250 -0.0000 -0.0000 9.1808 -7.6261 7.9872
7.0824 18.0005 7.0127 180.5620 8.0900 -178.1240 0.0000 0.0000 0.0000 -22.4760 -0.9522 -6.2283 1.3688 7.4045 20.9195 0.5555 -1.7169 -13.5934 0.2834 -3.4239 -9.4611 0.0000 0.0000 0.0000 12.2380 4.5014 -1.3691 -0.6575 -5.1863 14.4408 -0.2551 -4.2880 -12.0993 -0.0294 1.1062 -3.0411 -1.6181 1.4813 -0.7012 -0.4381 2.0318 1.4663 0.5035 1.0041 1.8553 -12.3572 -3.4729 -12.7224 0.6530 -1.5298 19.8689 2.1208 -1.3156 8.4704 -0.0000 0.0000 0.0000 -86.0423 -1.8077 13.5645 18.4326 -28.7076 -4.7552 -0.0000 -0.0000 6.6637 1.0879 37.1917 0.6577 -7.1250 0.0000 -0.0000 -40.0720 62.6104 -18.6947 -0.0000 0.0000 0.0000 89.5019 1.9642 19.7255 -17.0559 26.9314 -4.1126 0.0000 -0.0000 -12.3494 -14.9522 21.3342 -5.5493 7.1250 -0.0000 -0.0000 8.6965 -8.1743 7.4604
7.0900 18.0148 6.9931 180.5800 8.3319 -177.4260 0.0000 0.0000 0.0000 -22.4297 -0.9284 -6.8395 1.3439 7.3396 20.7254 0.5581 -1.7396 -13.6211 0.1725 -2.6758 -7.3774 0.0000 0.0000 0.0000 12.2336 4.9680 -1.8533 -0.6455 -5.1398 14.3078 -0.2575 -4.3988 -12.2298 -0.0368 1.2390 -3.4066 -2.0099 1.5908 -1.5303 -0.2952 2.1939 1.3543 0.8962 1.0722 2.1829 -13.1595 -3.6189 -12.9841 1.7201 -1.8913 18.9452 2.5558 -1.4501 8.2415 -0.0000 0.0000 0.0000 -86.5008 -2.0503 12.9240 17.9596 -28.1054 -4.5302 -0.0000 -0.0000 7.0880 0.8257 36.1613 0.4872 -7.1250 0.0000 -0.0000 -39.0696 61.7521 -17.3579 -0.0000 0.0000 0.0000 89.3320 2.2058 19.4218 -16.7256 26.4946 -3.9641 0.0000 -0.0000 -12.0396 -16.1987 20.3494 -5.7685 7.1250 -0.0000 -0.0000 7.8575 -9.0215 6.5921
7.0585 18.0060 6.9981 180.8700 7.9163 -177.9780 0.0000 0.0000 0.0000 -22.2559 -1.4829 -6.1448 1.3818 7.4383 21.0205 0.5682 -1.4738 -13.8081 0.0936 -1.9729 -5.4307 0.0000 0.0000 0.0000 12.4544 4.1344 -1.1884 -0.6089 -4.9944 13.8927 -0.2494 -4.2026 -11.9339 -0.0179 0.8634 -2.3731 -1.4609 1.3221 -0.3625 -0.2179 1.7956 1.1723 0.6222 0.8883 1.3658 -13.1499 -3.4520 -13.1346 1.9595 -1.7675 18.3516 2.6404 -1.3672 8.0550 -0.0000 0.0000 0.0000 -86.8547 -1.3404 11.7638 17.5360 -27.5589 -4.3324 -0.0000 -0.0000 8.3278 0.5423 35.6495 0.3161 -7.1250 0.0000 -0.0000 -38.7471 61.2841 -16.7585 -0.0000 0.0000 0.0000 89.2296 1.7113 19.3694 -16.2757 25.8931 -3.7656 0.0000 -0.0000 -11.8062 -15.3182 21.2354 -5.6658 7.1250 -0.0000 -0.0000 8.4599 -8.2296 7.2434
7.0702 18.0221 6.9824 180.9820 8.2019 -177.2070 0.0000 0.0000 0.0000 -22.0439 -0.7227 -7.1746 1.3675 7.4012 20.9095 0.5327 -2.0462 -13.2354 0.1252 -2.2805 -6.2816 0.0000 0.0000 0.0000 12.5275 4.5841 -1.8263 -0.6029 -4.9702 13.8236 -0.2665 -4.1302 -12.1636 -0.0169 0.8402 -2.3093 -1.6956 1.5147 -1.1045 -0.2100 2.0595 0.8653 0.7818 1.0154 1.4532 -12.7704 -3.6746 -13.4217 1.9725 -2.1730 18.0525 2.5313 -1.5411 8.0277 -0.0000 0.0000 0.0000 -86.8485 -1.2751 11.1164 16.8465 -26.6550 -4.0182 -0.0000 -0.0000 9.9336 -1.7304 37.0400 -1.0426 -7.1250 0.0000 -0.0000 -42.5845 61.7717 -19.2540 -0.0000 0.0000 0.0000 89.4436 1.7739 18.0943 -15.5449 24.8998 -3.4521 0.0000 -0.0000 -10.2638 -13.8282 21.7200 -5.2048 7.1250 -0.0000 -0.0000 9.4233 -7.9197 8.1489
7.0457 18.0027 6.9811 180.7960 7.8887 -178.1930 0.0000 0.0000 0.0000 -22.4151 -1.2818 -5.7600 1.3427 7.3364 20.7159 0.5631 -1.4854 -13.7420 0.1968 -2.8565 -7.8795 0.0000 0.0000 0.0000 12.2738 3.8127 -0.9195 -0.6019 -4.9662 13.8123 -0.2901 -3.8123 -12.3064 -0.0107 0.6688 -1.8379 -2.0883 1.4240 0.2822 0.0068 1.9105 0.8195 1.1803 0.9464 0.6127 -12.8155 -3.8511 -13.6230 1.9319 -2.3364 18.5010 2.5084 -1.6333 8.2296 -0.0000 0.0000 0.0000 -87.6152 -0.5407 10.7685 16.1731 -25.7547 -3.7208 -0.0000 -0.0000 9.5434 -1.4669 37.7538 -0.8983 -7.1250 0.0000 -0.0000 -43.2375 62.3663 -20.2176 -0.0000 0.0000 0.0000 89.0095 1.4245 17.1154 -14.8776 23.9753 -3.1760 0.0000 -0.0000 -9.5589 -13.6770 21.7890 -5.1614 7.1250 -0.0000 -0.0000 9.5212 -7.8681 8.2459
7.0547 18.0226 6.9545 180.7750 7.9825 -177.3190 0.0000 0.0000 0.0000 -22.2794 -0.5515 -7.0745 1.3717 7.4121 20.9423 0.5495 -2.7197 -13.3364 0.0217 -0.9501 -2.6114 0.0000 0.0000 0.0000 12.2398 4.0204 -1.4477 -0.5506 -4.7535 13.2068 -0.2427 -4.1600 -11.7859 -0.0316 1.1477 -3.1553 -2.1186 1.4561 -1.0670 -0.2398 1.9879 0.7965 0.9838 0.9773 1.3505 -12.1382 -3.9822 -14.2263 1.9558 -2.6090 18.8584 2.3715 -1.7325 8.4626 0.0000 0.0000 0.0000 -87.0855 -0.7832 10.0683 15.5081 -24.8492 -3.4366 -0.0000 -0.0000 10.5834 -3.1235 39.1182 -1.9718 -7.1250 0.0000 -0.0000 -46.6141 62.9081 -22.7538 0.0000 0.0000 0.0000 89.5889 2.0620 15.4018 -14.0327 22.7814 -2.8408 0.0000 -0.0000 -8.2188 -13.2771 21.9339 -5.0372 7.1250 -0.0000 -0.0000 9.7784 -7.7694 8.4947
6.9978 18.0071 6.9481 181.0690 6.0346 -177.6740 0.0000 0.0000 0.0000 -22.1559 -2.4237 -6.3589 1.4353 7.5748 21.4298 0.5527 -2.3221 -13.4384 0.1138 -2.1750 -5.9895 0.0000 0.0000 0.0000 12.4491 2.1106 -0.7336 -0.4830 -4.4566 12.3651 -0.2389 -4.3648 -11.8878 -0.0111 0.6817 -1.8733 -1.3029 0.7464 -0.7162 -0.0619 1.0216 0.9751 0.6858 0.5005 1.3782 -12.5568 -4.0448 -14.7946 2.3464 -2.5695 19.5360 2.5779 -1.7177 8.8068 0.0000 -0.0000 0.0000 -87.6405 -1.1664 8.0136 14.4982 -23.4425 -3.0235 -0.0000 -0.0000 12.5065 -3.0504 37.4765 -1.8571 -7.1250 0.0000 -0.0000 -44.3746 61.7561 -20.2277 0.0000 -0.0000 0.0000 89.3654 2.3391 14.4892 -13.5319 22.0616 -2.6497 0.0000 -0.0000 -6.9399 -14.4232 21.7816 -5.4515 7.1250 -0.0000 -0.0000 9.0504 -7.7869 7.8417
6.9890 17.9915 6.9413 181.1870 5.4329 -178.0860 0.0000 0.0000 0.0000 -22.0502 -2.7333 -5.6608 1.4104 7.5115 21.2400 0.5649 -2.4987 -13.5617 0.1832 -2.7569 -7.6028 0.0000 0.0000 0.0000 12.5887 1.6140 -0.4640 -0.5085 -4.5710 12.6888 -0.2380 -4.5868 -12.0598 -0.0235 0.9904 -2.7224 -1.1165 0.6651 -0.3389 -0.0749 0.9089 1.0533 0.5617 0.4477 1.2520 -12.4161 -4.1545 -14.4039 2.5595 -2.8565 19.5294 2.5973 -1.8206 8.7540 0.0000 0.0000 0.0000 -87.5874 -0.8849 7.6427 14.0931 -22.8676 -2.8642 -0.0000 -0.0000 12.9589 -2.9194 37.9909 -1.7980 -7.1250 0.0000 -0.0000 -44.9122 62.1617 -20.9584 0.0000 0.0000 0.0000 89.2171 1.8975 14.6658 -13.4780 21.9836 -2.6295 0.0000 -0.0000 -7.6541 -13.4518 21.5264 -5.0157 7.1250 -0.0000 -0.0000 9.6539 -8.1576 8.3083
6.9954 18.0095 6.9320 181.3360 6.1808 -177.6110 0.0000 0.0000 0.0000 -21.8898 -2.5131 -6.0711 1.3871 7.4517 21.0608 0.5731 -2.2097 -13.7139 0.2195 -3.0156 -8.3223 0.0000 0.0000 0.0000 12.7597 2.5201 -0.8069 -0.5081 -4.5692 12.6838 -0.2452 -4.4784 -12.0895 -0.0174 0.8513 -2.3397 -1.2838 0.8498 -0.9442 0.0204 1.1637 1.1135 0.7674 0.5692 1.6437 -12.8718 -4.1587 -14.8038 3.3842 -2.9053 19.6372 2.9459 -1.8036 8.8832 0.0000 -0.0000 0.0000 -87.6768 -0.8184 7.2116 14.0978 -22.8743 -2.8660 -0.0000 -0.0000 12.8304 -2.6249 38.3411 -1.6290 -7.1250 0.0000 -0.0000 -45.0969 62.4899 -21.4106 0.0000 -0.0000 0.0000 89.1515 1.8336 15.8055 -13.6239 22.1945 -2.6844 0.0000 -0.0000 -7.2441 -14.4046 21.1795 -5.3015 7.1250 -0.0000 -0.0000 9.0375 -8.3958 7.7204
6.9962 18.0048 6.9298 181.0890 6.4912 -177.5310 0.0000 0.0000 0.0000 -22.1882 -2.4024 -6.3028 1.4051 7.4980 21.1995 0.5795 -2.0404 -13.8248 0.2018 -2.8925 -7.9796 0.0000 0.0000 0.0000 12.4624 2.7043 -0.8425 -0.4991 -4.5292 12.5705 -0.2320 -4.4700 -11.8575 -0.0136 0.7535 -2.0708 -1.7327 0.8495 -1.1591 0.0135 1.1788 1.2408 1.0171 0.5691 1.8863 -13.0313 -4.2009 -14.6155 3.6360 -3.0590 18.9510 3.0314 -1.8607 8.6314 -0.0000 -0.0000 0.0000 -87.7844 -0.7052 6.6028 14.0574 -22.8167 -2.8503 -0.0000 -0.0000 12.9584 -2.9586 38.3475 -1.8366 -7.1250 0.0000 -0.0000 -45.4173 62.4070 -21.5094 -0.0000 -0.0000 0.0000 88.9689 1.8996 15.2148 -13.6788 22.2737 -2.7052 0.0000 -0.0000 -7.9916 -12.2161 22.5042 -4.7371 7.1250 -0.0000 -0.0000 10.4629 -7.3210 9.2031
7.0047 18.0163 6.9279 181.2480 6.9396 -177.5200 0.0000 0.0000 0.0000 -22.0127 -2.4277 -6.2740 1.4180 7.5308 21.2979 0.5957 -1.6846 -14.0995 0.1134 -2.1709 -5.9782 0.0000 0.0000 0.0000 12.7053 3.3316 -0.6738 -0.4883 -4.4808 12.4334 -0.1978 -4.9186 -11.6519 -0.0173 0.8482 -2.3313 -1.6609 1.1017 -0.9122 -0.0509 1.5099 1.1869 0.9134 0.7381 1.6858 -12.7812 -4.3382 -14.4216 3.7217 -3.3963 18.3880 2.9735 -1.9944 8.4276 -0.0000 0.0000 0.0000 -87.4479 -0.1892 6.9884 14.2307 -23.0635 -2.9179 -0.0000 -0.0000 12.3970 -2.9442 38.4260 -1.8308 -7.1250 0.0000 -0.0000 -45.5083 62.4668 -21.6259 -0.0000 0.0000 0.0000 89.0655 1.4837 15.9029 -13.9664 22.6866 -2.8151 0.0000 -0.0000 -8.9637 -13.0406 22.0233 -4.9638 7.1250 -0.0000 -0.0000 9.9303 -7.7071 8.6431
7.0106 18.0033 6.9288 180.9560 7.7028 -177.7150 0.0000 0.0000 0.0000 -22.3640 -1.5849 -6.2574 1.4014 7.4886 21.1711 0.5911 -1.6200 -14.0576 0.1672 -2.6340 -7.2614 0.0000 0.0000 0.0000 12.3234 3.7001 -0.7784 -0.5284 -4.6582 12.9362 -0.2311 -4.3431 -11.7351 -0.0057 0.4877 -1.3402 -2.1399 1.3457 -0.4648 -0.1237 1.8331 1.0877 1.1001 0.8996 1.3119 -12.9677 -4.3722 -14.1121 4.0215 -3.5222 18.0664 3.0905 -2.0366 8.2822 -0.0000 -0.0000 0.0000 -87.2946 0.6733 7.6288 14.7179 -23.7516 -3.1114 -0.0000 -0.0000 11.3319 -3.0751 38.2298 -1.9041 -7.1250 0.0000 -0.0000 -45.3705 62.2925 -21.3607 -0.0000 -0.0000 0.0000 89.1745 1.1506 15.7813 -14.0695 22.8339 -2.8550 0.0000 -0.0000 -8.8101 -13.6367 21.5253 -5.0868 7.1250 -0.0000 -0.0000 9.5369 -8.1374 8.2085
6.9985 18.0045 6.9147 181.4530 6.8231 -177.7370 0.0000 0.0000 0.0000 -21.7879 -1.8650 -6.3187 1.4562 7.6272 21.5872 0.5797 -2.0631 -13.8225 0.1523 -2.5150 -6.9311 0.0000 0.0000 0.0000 12.9494 3.0112 -0.1760 -0.4589 -4.3455 12.0508 -0.2084 -4.8852 -11.8086 -0.0167 0.8337 -2.2914 -1.4443 1.1506 -0.3383 -0.0825 1.5600 1.0488 0.7459 0.7703 1.2272 -12.9721 -4.4695 -13.7224 4.1480 -3.7534 17.6394 3.1064 -2.1329 8.0912 0.0000 -0.0000 0.0000 -87.0471 0.8222 7.5630 14.5507 -23.5165 -3.0444 -0.0000 -0.0000 11.3227 -2.5219 38.1562 -1.5587 -7.1250 0.0000 -0.0000 -44.7562 62.3841 -21.1023 0.0000 -0.0000 0.0000 89.2935 0.8156 15.3896 -14.0802 22.8493 -2.8592 0.0000 -0.0000 -7.9750 -13.6649 21.8442 -5.1691 7.1250 -0.0000 -0.0000 9.5310 -7.8141 8.2648
7.0054 18.0036 6.9098 181.5180 7.3911 -177.6390 0.0000 0.0000 0.0000 -21.7259 -1.5981 -6.3774 1.4369 7.5787 21.4416 0.6097 -1.9833 -14.2046 0.1403 -2.4141 -6.6517 0.0000 0.0000 0.0000 12.9987 3.4616 -0.2651 -0.4616 -4.3579 12.0858 -0.1764 -4.8610 -11.2061 -0.0087 0.6026 -1.6559 -1.4935 1.3829 -0.2732 -0.1239 1.8662 0.9008 0.7306 0.9245 1.0318 -12.8976 -4.5033 -13.5517 4.1168 -3.8388 17.4827 3.0742 -2.1708 8.0135 -0.0000 0.0000 0.0000 -86.9835 1.4103 7.4671 14.8765 -23.9738 -3.1756 -0.0000 -0.0000 11.6347 -3.2937 39.1592 -2.0813 -7.1250 0.0000 -0.0000 -46.8288 62.8913 -22.8651 -0.0000 0.0000 0.0000 89.3874 0.7583 14.8176 -13.9171 22.6161 -2.7962 0.0000 -0.0000 -7.6959 -13.7826 21.7551 -5.1950 7.1250 -0.0000 -0.0000 9.4534 -7.8898 8.1813
6.9966 18.0065 6.9021 181.7910 6.7376 -177.5690 0.0000 0.0000 0.0000 -21.4019 -1.9483 -6.4208 1.4590 7.6344 21.6089 0.6073 -2.3139 -14.1120 0.2215 -3.0294 -8.3605 0.0000 0.0000 0.0000 13.3027 2.9733 -0.0847 -0.4380 -4.2469 11.7723 -0.1744 -4.9953 -11.2968 -0.0019 0.2834 -0.7786 -1.1233 1.1894 -0.4056 -0.1305 1.6099 1.0527 0.5196 0.7982 1.2778 -12.4279 -4.5014 -13.5762 3.7876 -3.8970 17.0288 2.8758 -2.1973 7.8529 0.0000 0.0000 0.0000 -86.7734 1.1073 7.0695 14.9245 -24.0409 -3.1951 -0.0000 -0.0000 11.9999 -3.4754 38.8322 -2.1808 -7.1250 0.0000 -0.0000 -46.5489 62.6141 -22.3974 0.0000 0.0000 0.0000 89.4096 1.0165 14.9571 -14.0161 22.7577 -2.8343 0.0000 -0.0000 -8.0510 -13.8792 21.5636 -5.1890 7.1250 -0.0000 -0.0000 9.3852 -8.0709 8.0867
7.0071 18.0001 6.9042 181.7540 7.2099 -177.6290 0.0000 0.0000 0.0000 -21.4469 -1.5272 -6.5072 1.4681 7.6570 21.6771 0.6197 -2.1794 -14.2857 0.2251 -3.0539 -8.4288 0.0000 0.0000 0.0000 13.2637 3.3617 -0.0126 -0.4417 -4.2644 11.8216 -0.1976 -4.9041 -11.6344 -0.0051 0.4590 -1.2612 -1.3642 1.2979 -0.3055 -0.1083 1.7576 1.1131 0.6774 0.8699 1.2733 -12.0173 -4.4257 -13.8938 3.1848 -3.7258 16.9677 2.6222 -2.1433 7.8551 -0.0000 -0.0000 0.0000 -86.6490 0.7595 6.9791 14.7456 -23.7905 -3.1226 -0.0000 -0.0000 12.1375 -2.8729 38.2010 -1.7776 -7.1250 0.0000 -0.0000 -45.1436 62.3247 -21.2635 -0.0000 -0.0000 0.0000 89.1326 1.0270 15.4213 -14.0660 22.8290 -2.8537 0.0000 -0.0000 -9.0614 -13.4967 21.0689 -4.9315 7.1250 -0.0000 -0.0000 9.6099 -8.6115 8.1817
6.9991 18.0137 6.9008 181.8790 6.5066 -177.4750 0.0000 0.0000 0.0000 -21.2677 -2.3460 -6.4606 1.4752 7.6746 21.7300 0.6120 -2.4235 -14.1488 0.0552 -1.5158 -4.1694 0.0000 0.0000 0.0000 13.4325 2.7873 0.0972 -0.3944 -4.0326 11.1685 -0.1664 -5.2777 -11.4194 -0.0138 0.7599 -2.0883 -1.1398 1.0437 -0.2428 -0.1155 1.4101 0.9048 0.5361 0.6992 1.0375 -12.3147 -4.3642 -13.7260 3.5854 -3.6651 17.1782 2.8160 -2.0976 7.9039 -0.0000 -0.0000 0.0000 -86.4755 1.1334 7.2682 14.9932 -24.1367 -3.2232 -0.0000 -0.0000 11.4516 -2.5888 38.3461 -1.6068 -7.1250 0.0000 -0.0000 -45.0697 62.5029 -21.4085 -0.0000 -0.0000 0.0000 89.2136 0.8569 15.5685 -13.9985 22.7325 -2.8275 0.0000 -0.0000 -8.2561 -14.3930 21.3920 -5.3475 7.1250 -0.0000 -0.0000 9.0533 -8.1829 7.7728
7.0036 18.0088 6.9025 181.3960 6.5364 -177.4280 0.0000 0.0000 0.0000 -21.8147 -2.0584 -6.4535 1.4167 7.5275 21.2879 0.5573 -2.1363 -13.5306 0.1410 -2.4203 -6.6686 0.0000 0.0000 0.0000 12.9116 3.0559 -0.4286 -0.4594 -4.3478 12.0573 -0.2037 -5.1129 -11.9350 -0.0360 1.2245 -3.3666 -1.6540 1.0609 -0.1794 -0.3003 1.4360 0.7469 0.6316 0.7113 0.8323 -12.9504 -4.3275 -13.6392 4.4929 -3.6565 17.5320 3.2315 -2.0543 8.0341 0.0000 0.0000 0.0000 -86.1565 1.0456 7.4954 15.0198 -24.1737 -3.2341 -0.0000 -0.0000 11.2916 -3.3529 38.6136 -2.0939 -7.1250 0.0000 -0.0000 -46.1399 62.4925 -22.0240 0.0000 0.0000 0.0000 89.3019 0.7233 15.2033 -14.1064 22.8866 -2.8694 0.0000 -0.0000 -8.0646 -13.1910 21.1273 -4.8289 7.1250 -0.0000 -0.0000 9.8059 -8.5872 8.3584
6.9867 18.0115 6.8944 181.4570 5.7288 -177.1320 0.0000 0.0000 0.0000 -21.8026 -3.3840 -6.3375 1.4107 7.5124 21.2425 0.5738 -1.8466 -13.7944 0.1860 -2.7779 -7.6610 0.0000 0.0000 0.0000 12.9384 2.3966 -0.7279 -0.4482 -4.2951 11.9084 -0.1830 -5.2114 -11.6585 -0.0076 0.5634 -1.5482 -1.3240 0.8445 -0.4595 -0.4182 1.1482 0.6219 0.3276 0.5697 0.8766 -12.8760 -4.3454 -13.5914 4.5021 -3.6999 17.6485 3.2196 -2.0698 8.0669 0.0000 -0.0000 0.0000 -85.8100 0.9949 7.9137 15.1414 -24.3427 -3.2840 -0.0000 -0.0000 10.8929 -2.7118 38.7154 -1.6969 -7.1250 0.0000 -0.0000 -45.6801 62.7338 -22.0101 0.0000 -0.0000 0.0000 89.5520 0.5524 14.8783 -14.2495 23.0903 -2.9253 0.0000 -0.0000 -8.0850 -12.4451 22.2856 -4.7840 7.1250 -0.0000 -0.0000 10.3126 -7.5129 9.0270
6.9915 18.0198 6.8982 181.5210 5.7526 -177.0330 0.0000 0.0000 0.0000 -21.7218 -3.4299 -6.4440 1.4213 7.5392 21.3231 0.5594 -1.7197 -13.6418 0.1461 -2.4631 -6.7874 0.0000 0.0000 0.0000 13.0089 2.6181 -0.7414 -0.4436 -4.2734 11.8470 -0.1722 -5.3970 -11.6438 -0.0133 0.7445 -2.0461 -1.2972 0.9113 -0.4909 -0.4636 1.2390 0.6465 0.2679 0.6154 0.9195 -13.0329 -4.3551 -13.9624 4.7971 -3.6912 17.8745 3.3451 -2.0510 8.2156 0.0000 0.0000 0.0000 -85.5770 0.7336 8.5995 15.4643 -24.7889 -3.4183 -0.0000 -0.0000 10.3947 -2.1477 37.9834 -1.3221 -7.1250 0.0000 -0.0000 -44.1781 62.3567 -20.7421 0.0000 0.0000 0.0000 89.8046 1.2608 14.7598 -13.9462 22.6577 -2.8073 0.0000 -0.0000 -7.2527 -13.0737 22.2613 -5.0276 7.1250 -0.0000 -0.0000 9.9180 -7.4652 8.6798
6.9927 18.0173 6.8966 181.7900 5.7691 -176.9990 0.0000 0.0000 0.0000 -21.3956 -3.2747 -6.7605 1.4817 7.6909 21.7790 0.6047 -2.0802 -14.1242 0.2505 -3.2205 -8.8932 0.0000 0.0000 0.0000 13.3306 2.3833 -0.4288 -0.3926 -4.0234 11.1425 -0.1476 -5.4017 -11.1893 -0.0000 0.0288 -0.0791 -1.3353 0.9908 -0.3244 -0.2055 1.3377 0.6282 0.5510 0.6632 0.7991 -13.0749 -4.3296 -14.0708 4.3560 -3.5359 17.7740 3.2172 -2.0185 8.1831 0.0000 -0.0000 0.0000 -85.8971 0.5450 9.0523 15.8048 -25.2552 -3.5623 -0.0000 -0.0000 9.7330 -1.7723 38.7206 -1.1088 -7.1250 0.0000 -0.0000 -44.8064 62.9872 -21.7600 0.0000 -0.0000 0.0000 89.2727 0.9670 15.4544 -14.3362 23.2133 -2.9593 0.0000 -0.0000 -7.9289 -13.2382 21.7400 -4.9799 7.1250 -0.0000 -0.0000 9.7961 -7.9680 8.4716
6.9939 18.0302 6.8984 181.9550 5.7728 -176.7830 0.0000 0.0000 0.0000 -21.1841 -3.5872 -6.9543 1.4935 7.7201 21.8672 0.5735 -1.8565 -13.7889 0.0725 -1.7367 -4.7786 0.0000 0.0000 0.0000 13.5347 2.5152 -0.4897 -0.3709 -3.9118 10.8286 -0.1325 -5.7075 -11.2167 -0.0269 1.0595 -2.9127 -1.2675 0.9553 -0.2727 -0.1233 1.2843 0.4316 0.5934 0.6379 0.5694 -13.2534 -4.2116 -13.9169 4.3252 -3.3412 17.7097 3.2598 -1.9376 8.1204 -0.0000 -0.0000 0.0000 -85.9892 0.7322 9.3034 16.1890 -25.7763 -3.7278 -0.0000 -0.0000 9.1807 -1.6413 39.0532 -1.0343 -7.1250 0.0000 -0.0000 -45.1396 63.2598 -22.2412 -0.0000 -0.0000 0.0000 89.1204 1.0184 15.9227 -14.1847 22.9981 -2.8999 0.0000 -0.0000 -8.0325 -13.2086 22.7881 -5.1943 7.1250 -0.0000 -0.0000 9.8538 -6.9224 8.7277
6.9954 18.0254 6.8927 181.9790 5.7441 -176.8800 0.0000 0.0000 0.0000 -21.1902 -3.5089 -6.7011 1.4639 7.6465 21.6455 0.5960 -1.8312 -14.0703 0.2402 -3.1543 -8.7087 0.0000 0.0000 0.0000 13.5347 2.5918 -0.5743 -0.4157 -4.1387 11.4673 -0.1920 -5.2384 -11.8465 -0.0199 0.9117 -2.5059 -1.1733 0.9637 -0.3262 -0.2276 1.3018 0.6970 0.4382 0.6460 0.8753 -13.0488 -4.1155 -14.2722 4.3721 -3.2526 17.3098 3.2441 -1.8781 8.0347 0.0000 0.0000 0.0000 -85.8132 0.1132 9.4840 16.3161 -25.9474 -3.7832 -0.0000 -0.0000 9.2584 -0.7327 39.0137 -0.4612 -7.1250 0.0000 -0.0000 -44.2273 63.4769 -21.9196 0.0000 0.0000 0.0000 89.1687 1.4583 16.0979 -14.3014 23.1639 -2.9456 0.0000 -0.0000 -7.8003 -12.7847 21.8837 -4.8344 7.1250 -0.0000 -0.0000 10.0865 -7.8758 8.7495
6.9974 18.0257 6.8901 181.8730 5.7134 -176.9130 0.0000 0.0000 0.0000 -21.2892 -3.5907 -6.7253 1.4832 7.6946 21.7902 0.6097 -1.8646 -14.2291 0.1392 -2.4044 -6.6246 0.0000 0.0000 0.0000 13.4538 2.4064 -0.3782 -0.3757 -3.9368 10.8989 -0.1438 -5.6245 -11.3457 -0.0100 0.6442 -1.7703 -1.2822 1.0272 -0.1477 -0.3503 1.3867 0.6786 0.3707 0.6896 0.7555 -12.2134 -4.0071 -14.0011 3.5045 -3.1762 16.6498 2.8211 -1.8608 7.7307 0.0000 0.0000 0.0000 -85.8152 -0.2039 9.5723 16.1492 -25.7225 -3.7105 -0.0000 -0.0000 9.0375 -0.7727 37.8134 -0.4737 -7.1250 0.0000 -0.0000 -42.6546 62.5912 -20.1141 0.0000 0.0000 0.0000 90.4831 2.4956 13.6848 -13.8265 22.4861 -2.7614 0.0000 -0.0000 -4.7566 -13.3140 22.0635 -5.0798 7.1250 -0.0000 -0.0000 9.7600 -7.6353 8.5042
6.9981 18.0259 6.8856 181.9790 5.6083 -176.7720 0.0000 0.0000 0.0000 -21.1472 -3.7443 -6.9257 1.5116 7.7645 22.0010 0.6180 -2.0139 -14.2981 0.1053 -2.0928 -5.7621 0.0000 0.0000 0.0000 13.6007 2.3006 -0.2489 -0.3460 -3.7795 10.4572 -0.1256 -5.6857 -11.0585 -0.0004 0.1336 -0.3670 -0.9715 1.1277 -0.0229 -0.5875 1.5161 0.4348 -0.0507 0.7587 0.4484 -12.5876 -4.1625 -13.7884 4.2766 -3.4806 16.9425 3.1116 -1.9646 7.8342 0.0000 0.0000 0.0000 -85.3998 0.1532 10.0744 16.4510 -26.1283 -3.8424 -0.0000 -0.0000 9.0830 -1.9219 38.4164 -1.1945 -7.1250 0.0000 -0.0000 -44.5371 62.7289 -21.3344 0.0000 0.0000 0.0000 90.6541 2.5289 13.9927 -13.5733 22.1214 -2.6653 0.0000 -0.0000 -5.2984 -14.3213 22.2285 -5.5164 7.1250 -0.0000 -0.0000 9.1340 -7.3493 7.9954
6.9974 18.0276 6.8772 181.7060 5.5573 -176.6160 0.0000 0.0000 0.0000 -21.4518 -3.5232 -7.1118 1.4835 7.6954 21.7927 0.6040 -2.1204 -14.1085 0.1827 -2.7530 -7.5918 0.0000 0.0000 0.0000 13.2692 2.3380 -0.6612 -0.3788 -3.9527 10.9435 -0.1536 -5.5412 -11.4450 -0.0013 0.2330 -0.6402 -1.1754 1.1212 -0.4936 -0.7267 1.5244 0.6693 -0.0654 0.7613 0.9508 -12.7166 -4.1445 -14.5728 4.3257 -3.3261 17.4281 3.1643 -1.8990 8.1253 -0.0000 0.0000 0.0000 -85.3837 -0.5837 10.0756 16.3776 -26.0300 -3.8102 -0.0000 -0.0000 9.2847 -1.7840 38.7254 -1.1163 -7.1250 0.0000 -0.0000 -44.8240 62.9875 -21.7706 -0.0000 0.0000 0.0000 89.4315 0.9462 17.5188 -15.0618 24.2322 -3.2513 0.0000 -0.0000 -9.1366 -13.5885 21.4346 -5.0479 7.1250 -0.0000 -0.0000 9.5642 -8.2341 8.2142
6.9979 18.0292 6.8717 182.0720 5.4973 -176.5210 0.0000 0.0000 0.0000 -21.1014 -4.1688 -6.8998 1.4906 7.7128 21.8451 0.5742 -1.3553 -13.9127 0.1724 -2.6746 -7.3741 0.0000 0.0000 0.0000 13.6913 2.1722 -0.5832 -0.3572 -3.8398 10.6265 -0.1262 -5.7183 -11.1055 -0.0034 0.3740 -1.0275 -0.7932 1.1421 -0.3828 -0.6665 1.5407 0.4856 -0.2223 0.7713 0.7088 -12.3739 -3.9936 -14.0218 3.8574 -3.1734 17.0451 2.9699 -1.8412 7.8731 0.0000 0.0000 0.0000 -85.3500 -0.3216 10.5357 16.3997 -26.0597 -3.8199 -0.0000 -0.0000 8.9723 -1.2498 39.1841 -0.7897 -7.1250 0.0000 -0.0000 -44.9534 63.4588 -22.3357 0.0000 0.0000 0.0000 89.4518 0.9185 17.3581 -14.9381 24.0598 -3.2007 0.0000 -0.0000 -9.2641 -13.9354 21.0216 -5.0865 7.1250 -0.0000 -0.0000 9.3297 -8.6092 7.9367
7.0007 18.0291 6.8666 181.8850 5.4491 -176.6520 0.0000 0.0000 0.0000 -21.2628 -3.5668 -6.9353 1.4746 7.6731 21.7256 0.5789 -2.0286 -13.8201 0.1791 -2.7262 -7.5174 0.0000 0.0000 0.0000 13.5202 2.1338 -0.6291 -0.3815 -3.9666 10.9828 -0.1408 -5.7650 -11.4348 -0.0117 0.6971 -1.9157 -1.0028 1.2868 -0.2263 -0.8212 1.7399 0.5930 -0.2637 0.8719 0.7294 -12.1034 -4.0427 -14.4212 3.8380 -3.2549 17.1799 2.9072 -1.8683 7.9885 -0.0000 0.0000 0.0000 -85.1602 -0.6419 10.9517 16.3372 -25.9757 -3.7924 -0.0000 -0.0000 9.0095 -1.6922 38.8506 -1.0617 -7.1250 0.0000 -0.0000 -44.9085 63.1015 -21.9390 -0.0000 0.0000 0.0000 90.0760 2.1928 14.8425 -14.1942 23.0116 -2.9036 0.0000 -0.0000 -7.5613 -13.0216 21.9649 -4.9439 7.1250 -0.0000 -0.0000 9.9402 -7.7678 8.6399
7.0038 18.0175 6.8648 181.6700 5.4113 -176.7640 0.0000 0.0000 0.0000 -21.4704 -3.3661 -6.7981 1.4545 7.6231 21.5750 0.5991 -2.3224 -14.0113 0.1811 -2.7411 -7.5586 0.0000 0.0000 0.0000 13.3235 2.2467 -0.8079 -0.4255 -4.1866 11.6023 -0.1759 -5.7261 -12.0365 -0.0801 1.8253 -5.0232 -1.2470 1.1770 0.0117 -0.8413 1.5908 0.5326 -0.1553 0.7977 0.5285 -11.8117 -3.8180 -13.9118 3.1673 -2.9412 16.7100 2.6721 -1.7520 7.7036 -0.0000 -0.0000 0.0000 -85.5313 -0.2812 10.5927 16.4741 -26.1593 -3.8526 -0.0000 -0.0000 8.9066 -1.0110 37.2834 -0.6125 -7.1250 0.0000 -0.0000 -42.2047 62.1364 -19.4102 -0.0000 -0.0000 0.0000 89.6531 2.2457 15.9697 -14.1676 22.9738 -2.8932 0.0000 -0.0000 -8.5627 -12.2115 22.7744 -4.7888 7.1250 -0.0000 -0.0000 10.4747 -7.0524 9.2696
6.9997 18.0212 6.8561 181.7450 5.4509 -176.7940 0.0000 0.0000 0.0000 -21.4542 -3.3829 -6.7661 1.4713 7.6651 21.7013 0.6093 -2.1120 -14.1734 0.2285 -3.0767 -8.4922 0.0000 0.0000 0.0000 13.3929 2.3104 -0.6088 -0.4094 -4.1075 11.3794 -0.1483 -5.9241 -11.7429 -0.0362 1.2276 -3.3753 -1.0401 1.4807 -0.0183 -1.0820 2.0012 0.5288 -0.5144 1.0062 0.5546 -10.8863 -3.9819 -13.4037 2.5130 -3.3087 16.4118 2.2681 -1.9255 7.5149 -0.0000 -0.0000 0.0000 -85.1089 -0.2404 11.6123 16.4873 -26.1769 -3.8584 -0.0000 -0.0000 8.6519 -1.1130 37.4558 -0.6769 -7.1250 0.0000 -0.0000 -42.5199 62.2382 -19.6863 -0.0000 -0.0000 0.0000 90.3997 1.5699 15.0441 -14.6303 23.6286 -3.0762 0.0000 -0.0000 -8.4551 -14.0617 21.6670 -5.2835 7.1250 -0.0000 -0.0000 9.2739 -7.9454 8.0114
7.0120 18.0161 6.8501 181.6300 6.0300 -176.6890 0.0000 0.0000 0.0000 -21.5145 -2.6235 -7.0917 1.4627 7.6436 21.6368 0.6058 -2.4853 -14.0642 0.1994 -2.8752 -7.9315 0.0000 0.0000 0.0000 13.2762 2.7492 -0.9011 -0.4380 -4.2468 11.7720 -0.1599 -5.7481 -11.7720 -0.0496 1.4380 -3.9548 -1.3943 1.6260 -0.1866 -1.0539 2.2069 0.7511 -0.2775 1.1066 0.8626 -12.9068 -3.7398 -16.8565 5.6404 -2.6669 19.5967 3.7557 -1.4820 9.2279 -0.0000 0.0000 0.0000 -85.1486 -0.8959 11.2730 16.3396 -25.9790 -3.7935 -0.0000 -0.0000 9.0865 -2.3470 38.5818 -1.4642 -7.1250 0.0000 -0.0000 -45.1583 62.7352 -21.7042 -0.0000 0.0000 0.0000 90.2783 2.0730 14.8974 -14.6134 23.6048 -3.0695 0.0000 -0.0000 -8.2724 -12.5937 22.6103 -4.9093 7.1250 -0.0000 -0.0000 10.2307 -7.1721 9.0221
7.0128 18.0194 6.8430 181.8830 5.9413 -176.7240 0.0000 0.0000 0.0000 -21.2200 -2.6381 -7.0143 1.4707 7.6636 21.6969 0.6136 -2.5522 -14.1455 0.1849 -2.7695 -7.6375 0.0000 0.0000 0.0000 13.5800 2.8097 -0.6355 -0.4262 -4.1897 11.6110 -0.1625 -5.8603 -11.9346 -0.0185 0.8793 -2.4166 -1.3608 1.7063 -0.3586 -0.8940 2.3160 0.8825 -0.1234 1.1582 1.0876 -12.7133 -3.6991 -16.0678 5.2750 -2.7076 18.5959 3.5738 -1.5211 8.7364 0.0000 0.0000 0.0000 -85.3530 -0.8818 11.1835 16.2344 -25.8375 -3.7476 -0.0000 -0.0000 9.1872 -1.2331 37.9907 -0.7591 -7.1250 0.0000 -0.0000 -43.3233 62.6009 -20.5037 0.0000 0.0000 0.0000 90.2505 1.8370 15.1910 -14.9204 24.0351 -3.1934 0.0000 -0.0000 -8.7897 -13.3355 21.9178 -5.0565 7.1250 -0.0000 -0.0000 9.7411 -7.7787 8.4594
7.0186 18.0247 6.8427 181.8780 6.2055 -176.6120 0.0000 0.0000 0.0000 -21.2168 -2.2192 -7.2450 1.4576 7.6308 21.5982 0.6122 -2.6318 -14.1164 0.2761 -3.3797 -9.3376 0.0000 0.0000 0.0000 13.5562 3.1076 -0.8730 -0.4431 -4.2710 11.8404 -0.1889 -5.7581 -12.2959 -0.0382 1.2615 -3.4688 -1.6061 1.8714 -0.4681 -0.8485 2.5428 0.9609 0.0682 1.2684 1.2151 -12.3237 -3.7491 -15.9341 4.8417 -2.8373 17.7170 3.3293 -1.5968 8.4129 -0.0000 0.0000 0.0000 -85.4469 -1.1867 11.1387 15.9843 -25.4994 -3.6392 -0.0000 -0.0000 8.7540 -1.1649 37.6041 -0.7109 -7.1250 0.0000 -0.0000 -42.7582 62.3345 -19.9158 -0.0000 0.0000 0.0000 90.1290 2.1462 15.8383 -14.8653 23.9582 -3.1711 0.0000 -0.0000 -8.8370 -13.7341 21.6261 -5.1470 7.1250 -0.0000 -0.0000 9.4791 -8.0249 8.1787
6.9926 18.0122 6.8362 181.7160 5.3742 -176.8270 0.0000 0.0000 0.0000 -21.4469 -2.8714 -6.8389 1.4643 7.6474 21.6482 0.5816 -2.7051 -13.7356 0.1512 -2.5053 -6.9044 0.0000 0.0000 0.0000 13.3340 2.1223 -0.8007 -0.4429 -4.2699 11.8374 -0.2011 -5.6506 -12.3995 -0.0562 1.5294 -4.2067 -1.4209 1.6604 -0.2335 -0.9517 2.2589 0.9856 -0.1516 1.1306 1.1236 -12.5220 -3.7878 -15.5974 5.2265 -2.9743 17.4250 3.4747 -1.6368 8.2745 0.0000 -0.0000 0.0000 -85.4957 -0.9883 10.7623 16.0338 -25.5664 -3.6605 -0.0000 -0.0000 9.5559 -2.0833 38.8001 -1.3057 -7.1250 0.0000 -0.0000 -45.2068 62.9610 -21.9695 0.0000 -0.0000 0.0000 89.9615 1.4814 16.4358 -15.1713 24.3842 -3.2963 0.0000 -0.0000 -9.6135 -13.8272 21.3876 -5.1289 7.1250 -0.0000 -0.0000 9.4115 -8.2538 8.0755
6.9909 18.0274 6.8381 181.3590 4.9439 -176.5950 0.0000 0.0000 0.0000 -21.8033 -3.0904 -6.9840 1.4273 7.5545 21.3688 0.5859 -2.9544 -13.7532 0.1617 -2.5905 -7.1407 0.0000 0.0000 0.0000 12.9479 1.8110 -1.1269 -0.4455 -4.2823 11.8723 -0.1820 -5.7374 -12.1544 -0.0228 0.9758 -2.6823 -1.8147 1.7083 -0.3313 -1.1198 2.3294 0.7980 -0.1034 1.1660 0.9774 -13.0401 -3.3590 -16.1082 6.4340 -2.9743 18.2338 3.9616 -1.7523 8.6470 -0.0000 0.0000 0.0000 -85.3209 -0.6755 11.0285 15.9026 -25.3884 -3.6041 -0.0000 -0.0000 9.6674 -1.9495 39.0804 -1.2293 -7.1250 0.0000 -0.0000 -45.4669 63.1961 -22.3707 -0.0000 0.0000 0.0000 90.2060 1.2049 15.8227 -15.1089 24.2977 -3.2706 0.0000 -0.0000 -9.0417 -13.7949 21.1097 -5.0534 7.1250 -0.0000 -0.0000 9.4220 -8.5367 8.0313
6.9756 18.0264 6.8126 181.2720 5.3109 -176.6530 0.0000 0.0000 0.0000 -22.1146 -4.0341 -6.3695 1.4253 7.5494 21.3536 0.5794 -1.7194 -13.8908 0.0181 -0.8694 -2.3894 0.0000 0.0000 0.0000 12.7318 1.9283 -0.9621 -0.4347 -4.2310 11.7274 -0.2010 -5.5121 -12.2639 -0.0447 1.3646 -3.7526 -1.9259 1.8448 -0.7963 -0.9965 2.5352 1.1963 0.1123 1.2614 1.6341 -13.1637 -3.5562 -16.5861 6.1582 -3.0579 18.0743 3.8714 -1.8066 8.6885 -0.0000 0.0000 0.0000 -85.6900 -1.4212 10.4035 15.5702 -24.9344 -3.4628 -0.0000 -0.0000 10.1134 -1.8351 38.4113 -1.1404 -7.1250 0.0000 -0.0000 -44.4487 62.7482 -21.3029 -0.0000 0.0000 0.0000 89.8634 1.9222 15.6726 -14.8902 23.9929 -3.1812 0.0000 -0.0000 -9.3244 -13.6740 21.1742 -5.0222 7.1250 -0.0000 -0.0000 9.5009 -8.4856 8.1103
6.9704 18.0160 6.8025 181.5510 5.1868 -176.7580 0.0000 0.0000 0.0000 -21.7759 -3.0617 -6.6315 1.4383 7.5823 21.4525 0.5878 -2.5858 -13.8291 0.1472 -2.4726 -6.8136 0.0000 0.0000 0.0000 13.0178 1.7535 -0.7393 -0.4287 -4.2019 11.6455 -0.1809 -5.5393 -11.9401 -0.0221 0.9608 -2.6411 -1.7539 1.8508 -0.2009 -0.8015 2.5037 0.7603 0.1841 1.2498 0.8520 -13.1785 -3.4403 -15.9554 5.8246 -2.9623 18.2646 3.7730 -1.8274 8.6266 -0.0000 -0.0000 0.0000 -85.9032 -0.4039 10.0808 15.5584 -24.9182 -3.4578 -0.0000 -0.0000 9.7732 -1.6235 37.7450 -0.9940 -7.1250 0.0000 -0.0000 -43.3741 62.3192 -20.2469 -0.0000 -0.0000 0.0000 89.7996 1.2167 15.1238 -14.7242 23.7605 -3.1140 0.0000 -0.0000 -8.8555 -13.7935 21.1328 -5.0582 7.1250 -0.0000 -0.0000 9.4237 -8.5137 8.0371
6.9630 18.0166 6.7924 181.5270 4.9247 -176.6360 0.0000 0.0000 0.0000 -21.7998 -3.3020 -6.7126 1.4416 7.5906 21.4774 0.5992 -2.7580 -13.9407 0.1251 -2.2804 -6.2813 0.0000 0.0000 0.0000 13.0558 1.3689 -0.8817 -0.4166 -4.1430 11.4794 -0.1669 -5.8498 -12.0016 -0.1300 2.3241 -6.4021 -0.7553 1.7171 -1.9742 -1.5414 2.4154 1.9937 -1.0457 1.2279 3.1907 -12.5126 -3.7116 -16.6544 5.8889 -3.3003 17.2461 3.6311 -1.8614 8.4285 0.0000 -0.0000 0.0000 -84.7237 -2.4941 9.1847 15.3099 -24.5760 -3.3538 -0.0000 -0.0000 10.3609 -2.8569 38.1156 -1.7643 -7.1250 0.0000 -0.0000 -45.0165 62.2676 -21.1299 0.0000 -0.0000 0.0000 91.0383 3.6060 15.0310 -14.4631 23.3929 -3.0095 0.0000 -0.0000 -8.5292 -13.9744 20.8882 -5.0704 7.1250 -0.0000 -0.0000 9.3002 -8.7390 7.8866
6.9618 18.0236 6.7930 181.4740 4.6734 -176.5010 0.0000 0.0000 0.0000 -21.8192 -3.3841 -6.8539 1.4431 7.5943 21.4883 0.6093 -3.1400 -14.0099 0.1265 -2.2923 -6.3141 0.0000 0.0000 0.0000 12.9525 1.4972 -0.7484 -0.3990 -4.0556 11.2332 -0.1732 -5.9185 -12.1822 -0.0459 1.3820 -3.8004 -1.4528 1.6858 -1.0796 -1.0610 2.3247 1.2840 -0.2106 1.1606 1.9074 -12.9900 -3.6591 -16.5312 5.7631 -3.1734 18.0574 3.6900 -1.8907 8.6775 0.0000 0.0000 0.0000 -85.5562 -1.3277 9.0352 15.3462 -24.6261 -3.3689 -0.0000 -0.0000 10.4862 -2.3178 38.6889 -1.4493 -7.1250 0.0000 -0.0000 -45.2756 62.8194 -21.8617 0.0000 0.0000 0.0000 90.3646 2.3671 15.1064 -14.6293 23.6271 -3.0758 0.0000 -0.0000 -8.2082 -14.4142 21.0065 -5.2641 7.1250 -0.0000 -0.0000 9.0247 -8.5690 7.6777
6.9567 18.0228 6.7917 181.3720 4.6491 -176.5490 0.0000 0.0000 0.0000 -21.9737 -3.3884 -6.7131 1.4197 7.5352 21.3109 0.5974 -2.9482 -13.8923 0.1549 -2.5359 -6.9893 0.0000 0.0000 0.0000 12.8081 1.5545 -0.7879 -0.4133 -4.1266 11.4331 -0.1970 -5.8010 -12.4757 -0.0222 0.9622 -2.6448 -1.9053 1.6836 -0.4983 -0.7937 2.2957 0.9508 0.2886 1.1419 1.2110 -12.8996 -3.6399 -16.1205 5.0506 -3.1024 17.9941 3.4367 -1.9367 8.5662 -0.0000 -0.0000 0.0000 -86.0611 -0.8184 8.6086 15.1848 -24.4029 -3.3019 -0.0000 -0.0000 11.1038 -1.8520 38.0370 -1.1414 -7.1250 0.0000 -0.0000 -43.9694 62.4728 -20.7424 -0.0000 -0.0000 0.0000 89.8578 1.3950 16.3389 -15.1530 24.3588 -3.2888 0.0000 -0.0000 -9.4970 -13.7436 20.1906 -4.8252 7.1250 -0.0000 -0.0000 9.4251 -9.4666 7.8565
6.9489 18.0240 6.7851 181.3440 4.9686 -176.6830 0.0000 0.0000 0.0000 -22.5695 -7.3938 -4.5444 1.3548 7.3682 20.8109 0.5497 1.7311 -14.7394 0.0893 -1.9273 -5.3048 0.0000 0.0000 0.0000 12.7707 1.8997 -0.7706 -0.4395 -4.2538 11.7917 -0.1966 -5.8663 -12.5335 -0.0647 1.6409 -4.5143 -1.7791 1.6972 -0.6813 -0.8686 2.3299 1.2498 0.1543 1.1587 1.6279 -13.3819 -3.6469 -16.7139 5.7815 -3.0528 18.3339 3.7779 -1.8703 8.8010 0.0000 -0.0000 0.0000 -85.9814 -1.2229 7.9386 15.0670 -24.2393 -3.2534 -0.0000 -0.0000 11.5926 -2.5952 38.1854 -1.6051 -7.1250 0.0000 -0.0000 -44.8632 62.3859 -21.1659 0.0000 -0.0000 0.0000 90.0493 1.7632 16.4447 -15.2904 24.5491 -3.3457 0.0000 -0.0000 -9.4781 -13.9784 20.1512 -4.9014 7.1250 -0.0000 -0.0000 9.2734 -9.4803 7.7239
6.9444 18.0196 6.7841 181.2560 4.9899 -176.7970 0.0000 0.0000 0.0000 -22.1734 -3.1558 -6.4087 1.4031 7.4930 21.1843 0.5980 -2.8661 -13.9113 0.0843 -1.8725 -5.1533 0.0000 0.0000 0.0000 12.6579 2.0403 -0.7143 -0.4527 -4.3164 11.9686 -0.1756 -5.9780 -12.2847 -0.0288 1.0954 -3.0113 -1.9943 1.6942 -0.3580 -0.7684 2.3122 1.0897 0.3625 1.1492 1.2700 -13.5454 -3.6044 -16.3521 5.7739 -3.0172 18.2867 3.8067 -1.8748 8.7194 -0.0000 0.0000 0.0000 -86.1649 -0.3905 8.6375 15.4488 -24.7676 -3.4117 -0.0000 -0.0000 10.7970 -2.3209 38.5384 -1.4465 -7.1250 0.0000 -0.0000 -45.0755 62.7111 -21.6304 -0.0000 0.0000 0.0000 89.8912 1.5140 16.5725 -15.2734 24.5256 -3.3386 0.0000 -0.0000 -9.5184 -14.0994 19.9307 -4.8937 7.1250 -0.0000 -0.0000 9.1890 -9.6891 7.6126
6.9382 18.0106 6.7817 181.1380 4.8498 -176.8910 0.0000 0.0000 0.0000 -22.3298 -3.4539 -6.1710 1.4024 7.4911 21.1787 0.5979 -2.7239 -13.9299 0.1008 -2.0472 -5.6362 0.0000 0.0000 0.0000 12.5221 2.0032 -0.6382 -0.4612 -4.3561 12.0807 -0.1796 -6.0460 -12.4236 -0.0226 0.9705 -2.6677 -1.8785 1.5925 -0.2150 -0.9471 2.1778 1.0869 0.1089 1.0866 1.2009 -13.0635 -4.0209 -16.1368 5.2462 -3.0749 17.9843 3.5619 -1.7204 8.5836 -0.0000 0.0000 0.0000 -85.9422 -0.3209 8.6970 15.4649 -24.7897 -3.4185 -0.0000 -0.0000 10.4852 -2.2055 38.8000 -1.3824 -7.1250 0.0000 -0.0000 -45.3213 62.9284 -22.0031 -0.0000 0.0000 0.0000 90.1789 1.2969 16.5616 -15.3474 24.6279 -3.3694 0.0000 -0.0000 -10.1243 -13.4968 20.6450 -4.8372 7.1250 -0.0000 -0.0000 9.5965 -9.0370 8.0874
6.9324 18.0052 6.7830 180.7240 4.9580 -176.9510 0.0000 0.0000 0.0000 -22.8077 -3.4018 -6.1025 1.3829 7.4411 21.0289 0.5954 -2.7559 -13.8952 0.0349 -1.2066 -3.3176 0.0000 0.0000 0.0000 12.0181 1.8849 -0.7764 -0.4770 -4.4292 12.2873 -0.1894 -5.8245 -12.3698 -0.0327 1.1679 -3.2109 -2.4915 1.5766 -0.2489 -0.8824 2.1667 1.1553 0.5193 1.0745 1.2657 -12.9836 -4.1016 -15.3731 4.7552 -3.2206 17.0677 3.3539 -1.8245 8.1452 -0.0000 -0.0000 0.0000 -86.2274 -0.3435 8.5124 15.5505 -24.9074 -3.4545 -0.0000 -0.0000 10.9944 -3.1418 39.3512 -1.9933 -7.1250 0.0000 -0.0000 -46.9552 63.0658 -23.1305 -0.0000 -0.0000 0.0000 89.8642 1.3781 16.9840 -15.4208 24.7290 -3.4000 0.0000 -0.0000 -10.2253 -14.2078 20.9442 -5.1713 7.1250 -0.0000 -0.0000 9.1537 -8.6558 7.7743
6.9227 18.0091 6.7800 181.1960 5.0090 -177.0450 0.0000 0.0000 0.0000 -22.4415 -3.9518 -5.6702 1.3805 7.4349 21.0103 0.5777 -1.7354 -13.8668 0.0732 -1.7459 -4.8040 0.0000 0.0000 0.0000 12.5172 1.8349 -0.5347 -0.4605 -4.3531 12.0721 -0.1893 -5.8136 -12.3576 -0.0236 0.9910 -2.7239 -1.8981 1.5423 -0.0721 -0.8087 2.1089 1.2307 0.2588 1.0503 1.2633 -13.2515 -4.1557 -15.6979 5.0694 -3.2492 17.3428 3.5023 -1.8286 8.3078 0.0000 0.0000 0.0000 -86.1655 -0.5115 8.3994 15.4201 -24.7281 -3.3997 -0.0000 -0.0000 10.8666 -2.4680 38.6697 -1.5427 -7.1250 0.0000 -0.0000 -45.3902 62.7658 -21.8729 0.0000 0.0000 0.0000 89.9590 1.7341 16.8086 -15.1876 24.4067 -3.3031 0.0000 -0.0000 -10.1209 -13.6575 21.5142 -5.0922 7.1250 -0.0000 -0.0000 9.5234 -8.1461 8.1949
6.9668 18.0332 6.8513 181.2270 4.7687 -176.2100 0.0000 0.0000 0.0000 -21.9259 -2.8257 -7.3286 1.3695 7.4064 20.9252 0.5185 -3.4040 -12.8653 0.1264 -2.2916 -6.3122 0.0000 0.0000 0.0000 12.8107 2.2682 -1.6501 -0.4836 -4.4593 12.3725 -0.1717 -6.2352 -12.4827 -0.0198 0.9077 -2.4949 -2.5476 1.5191 0.0045 -0.7697 2.0629 0.7635 0.6500 1.0267 0.7185 -12.6710 -4.1527 -15.2948 4.6757 -3.3677 16.9788 3.2579 -1.8829 8.1067 0.0000 -0.0000 0.0000 -85.9146 -0.4825 8.8897 15.5056 -24.8457 -3.4356 -0.0000 -0.0000 10.3597 -2.2279 38.9454 -1.4008 -7.1250 0.0000 -0.0000 -45.5413 63.0257 -22.2362 0.0000 -0.0000 0.0000 90.0673 1.5498 16.9948 -15.2484 24.4911 -3.3283 0.0000 -0.0000 -10.2368 -14.2721 20.9096 -5.1875 7.1250 -0.0000 -0.0000 9.1115 -8.6832 7.7325
6.9645 18.0320 6.8544 181.4360 4.9470 -176.1290 0.0000 0.0000 0.0000 -21.6735 -2.4602 -7.7159 1.4042 7.4956 21.1922 0.5276 -3.7787 -12.9526 0.1075 -2.1140 -5.8208 0.0000 0.0000 0.0000 13.0357 2.5761 -1.5921 -0.4710 -4.4014 12.2089 -0.1811 -6.3497 -12.7615 -0.0384 1.2645 -3.4769 -2.3510 1.5114 0.1057 -0.7284 2.0413 0.6070 0.5766 1.0186 0.5072 -13.4989 -4.1837 -15.2851 5.6767 -3.4082 17.3916 3.7364 -1.8640 8.2796 -0.0000 -0.0000 0.0000 -85.8281 -0.2549 9.0887 15.5210 -24.8669 -3.4421 -0.0000 -0.0000 9.9604 -2.3522 39.5073 -1.4969 -7.1250 0.0000 -0.0000 -46.4413 63.3879 -23.1631 -0.0000 -0.0000 0.0000 90.1141 1.3808 16.8934 -15.1946 24.4164 -3.3059 0.0000 -0.0000 -10.1626 -14.1148 20.8787 -5.1210 7.1250 -0.0000 -0.0000 9.2105 -8.7324 7.8097
6.9572 18.0304 6.8556 181.6060 4.8820 -176.1720 0.0000 0.0000 0.0000 -21.4490 -1.9518 -7.9023 1.4122 7.5161 21.2536 0.5331 -4.5043 -12.9950 0.1397 -2.4091 -6.6376 0.0000 0.0000 0.0000 13.2134 2.3098 -1.5729 -0.4616 -4.3582 12.0868 -0.1549 -6.3907 -12.3549 -0.0211 0.9385 -2.5797 -2.3526 1.4432 0.0163 -0.4926 1.9512 0.7407 0.8233 0.9687 0.6884 -13.6034 -4.1236 -15.0267 5.4352 -3.2860 17.0739 3.6823 -1.8321 8.1144 0.0000 0.0000 0.0000 -86.1219 -0.5445 9.0356 15.4973 -24.8344 -3.4321 -0.0000 -0.0000 10.0643 -1.7980 38.5408 -1.1205 -7.1250 0.0000 -0.0000 -44.5874 62.8513 -21.4905 0.0000 0.0000 0.0000 89.4430 1.2163 17.8326 -15.4500 24.7692 -3.4123 0.0000 -0.0000 -10.7016 -14.5319 20.4263 -5.1692 7.1250 -0.0000 -0.0000 8.9281 -9.1408 7.4904
6.9562 18.0312 6.8529 181.2740 4.5478 -176.2920 0.0000 0.0000 0.0000 -21.8004 -2.1573 -7.6756 1.3858 7.4484 21.0507 0.5017 -4.4834 -12.6040 0.0872 -1.9048 -5.2427 0.0000 0.0000 0.0000 12.8558 2.1371 -1.5609 -0.4826 -4.4548 12.3599 -0.1950 -6.2741 -12.9160 -0.0323 1.1610 -3.1919 -2.7398 1.3474 -0.0027 -0.5538 1.8317 0.8209 0.9785 0.9067 0.7753 -13.3045 -4.1268 -14.5145 5.1139 -3.3705 16.6577 3.5126 -1.8802 7.8826 0.0000 0.0000 0.0000 -86.0850 -0.7671 9.0966 15.4609 -24.7842 -3.4168 -0.0000 -0.0000 10.3262 -1.8614 38.3226 -1.1545 -7.1250 0.0000 -0.0000 -44.3552 62.6772 -21.1752 0.0000 0.0000 0.0000 89.8318 1.1227 16.9249 -15.4910 24.8256 -3.4294 0.0000 -0.0000 -9.6975 -14.7358 20.8032 -5.3366 7.1250 -0.0000 -0.0000 8.8121 -8.7365 7.4626
6.9493 18.0289 6.8460 181.4550 5.0532 -176.2120 0.0000 0.0000 0.0000 -21.7516 -2.6004 -7.4928 1.3946 7.4711 21.1187 0.5555 -3.5706 -13.3151 0.1839 -2.7619 -7.6165 0.0000 0.0000 0.0000 12.9609 2.4084 -1.5613 -0.4690 -4.3923 12.1831 -0.1790 -6.1435 -12.5136 -0.0026 0.3302 -0.9073 -2.3993 1.5596 -0.1685 -0.6682 2.1199 0.8312 0.6779 1.0524 0.8845 -12.6187 -4.0762 -14.4756 4.5717 -3.3561 16.6136 3.2196 -1.8798 7.8370 0.0000 -0.0000 0.0000 -85.8835 -0.8936 9.3435 15.5923 -24.9647 -3.4721 -0.0000 -0.0000 10.1858 -1.9402 38.3626 -1.2045 -7.1250 0.0000 -0.0000 -44.4827 62.6854 -21.2577 0.0000 -0.0000 0.0000 89.9699 1.1504 16.9572 -15.4562 24.7778 -3.4149 0.0000 -0.0000 -9.6459 -14.9986 20.8572 -5.4490 7.1250 -0.0000 -0.0000 8.6468 -8.6509 7.3341
6.9602 18.0301 6.8600 181.4890 5.0526 -176.0960 0.0000 0.0000 0.0000 -21.5398 -1.3933 -8.1799 1.3989 7.4821 21.1516 0.5267 -4.9608 -12.9189 0.2053 -2.9176 -8.0494 0.0000 0.0000 0.0000 13.1033 2.4134 -1.9253 -0.4917 -4.4961 12.4767 -0.1784 -6.2568 -12.6191 -0.1040 2.0794 -5.7251 -2.6367 1.5673 -0.1275 -0.5681 2.1279 0.8163 0.9111 1.0545 0.8338 -13.3615 -4.2176 -15.1770 5.2076 -3.3939 17.4179 3.5557 -1.8916 8.2599 -0.0000 0.0000 0.0000 -85.9755 -1.0367 9.4718 15.7601 -25.1943 -3.5432 -0.0000 -0.0000 10.1179 -2.1421 38.5215 -1.3345 -7.1250 0.0000 -0.0000 -44.8849 62.7463 -21.5555 -0.0000 0.0000 0.0000 89.9638 1.6026 16.5385 -15.1498 24.3544 -3.2875 0.0000 -0.0000 -9.2929 -15.3344 21.0200 -5.6175 7.1250 -0.0000 -0.0000 8.4400 -8.4458 7.1894
6.9587 18.0265 6.8574 181.0000 5.0223 -176.1160 0.0000 0.0000 0.0000 -22.1473 -1.8557 -7.8970 1.3708 7.4096 20.9347 0.5029 -4.2680 -12.6210 0.1248 -2.2769 -6.2716 0.0000 0.0000 0.0000 12.4970 2.5525 -2.0604 -0.5220 -4.6306 12.8578 -0.2155 -6.0419 -13.0189 -0.0255 1.0308 -2.8335 -3.1884 1.4543 -0.1521 -0.6754 1.9869 0.8043 1.1091 0.9827 0.8260 -13.1688 -4.1425 -14.9106 4.9156 -3.3195 17.0600 3.4309 -1.8683 8.0770 -0.0000 0.0000 0.0000 -86.1237 -0.9345 9.4747 15.9215 -25.4141 -3.6122 -0.0000 -0.0000 9.8543 -1.4572 37.9165 -0.8956 -7.1250 0.0000 -0.0000 -43.4391 62.4881 -20.4554 -0.0000 0.0000 0.0000 89.6643 1.1586 16.9661 -15.2977 24.5592 -3.3487 0.0000 -0.0000 -10.1855 -14.4334 21.3268 -5.3476 7.1250 -0.0000 -0.0000 9.0251 -8.2439 7.7369
6.9565 18.0300 6.8546 181.1640 4.8298 -176.1430 0.0000 0.0000 0.0000 -21.9458 -1.8832 -7.8645 1.3747 7.4198 20.9652 0.4973 -4.4196 -12.5478 0.1212 -2.2442 -6.1811 0.0000 0.0000 0.0000 12.6948 2.3360 -1.9127 -0.5061 -4.5605 12.6590 -0.1836 -6.1924 -12.6412 -0.0102 0.6530 -1.7945 -2.8898 1.3282 -0.0460 -0.7490 1.8125 0.7602 0.8626 0.8995 0.7400 -13.2046 -4.1208 -14.9794 5.1400 -3.3180 17.2012 3.5151 -1.8508 8.1394 0.0000 -0.0000 0.0000 -85.8221 -0.7310 9.6194 16.0936 -25.6474 -3.6864 -0.0000 -0.0000 9.5159 -1.8771 38.2791 -1.1631 -7.1250 0.0000 -0.0000 -44.3122 62.6417 -21.1136 0.0000 -0.0000 0.0000 89.8472 1.0488 16.9638 -15.2281 24.4629 -3.3198 0.0000 -0.0000 -10.1715 -13.8915 21.2419 -5.1203 7.1250 -0.0000 -0.0000 9.3654 -8.3928 8.0088
6.9672 18.0235 6.8556 181.0550 4.8538 -176.3230 0.0000 0.0000 0.0000 -22.0342 -1.6435 -7.7152 1.3630 7.3893 20.8741 0.5217 -4.6643 -12.8540 0.1832 -2.7565 -7.6015 0.0000 0.0000 0.0000 12.6122 2.3308 -1.7865 -0.5167 -4.6073 12.7918 -0.1903 -6.1568 -12.7179 -0.0099 0.6424 -1.7653 -3.1023 1.3108 0.1017 -0.8313 1.7929 0.8590 0.8947 0.8898 0.7556 -12.4361 -4.3559 -14.9537 4.2452 -3.6537 16.9144 3.0415 -2.0444 8.0405 -0.0000 0.0000 0.0000 -85.7176 -0.8356 9.4499 16.0915 -25.6445 -3.6855 -0.0000 -0.0000 9.5641 -1.8606 38.1814 -1.1504 -7.1250 0.0000 -0.0000 -44.1675 62.5753 -20.9616 -0.0000 0.0000 0.0000 89.9232 1.1529 16.6554 -15.1008 24.2863 -3.2673 0.0000 -0.0000 -10.1724 -13.2252 21.4036 -4.9019 7.1250 -0.0000 -0.0000 9.7930 -8.3065 8.4024
6.9692 18.0242 6.8582 181.1040 5.0993 -176.3060 0.0000 0.0000 0.0000 -21.9954 -1.7124 -7.6860 1.3650 7.3947 20.8901 0.5092 -4.2421 -12.7011 0.1567 -2.5506 -7.0299 0.0000 0.0000 0.0000 12.6532 2.4061 -1.7754 -0.5048 -4.5544 12.6418 -0.1884 -6.0255 -12.5535 -0.0098 0.6383 -1.7540 -3.0950 1.4090 0.1168 -0.8857 1.9228 0.8078 0.8340 0.9565 0.6919 -12.2363 -4.6856 -13.9118 4.1171 -4.2904 15.7856 2.8951 -2.3427 7.5301 -0.0000 -0.0000 0.0000 -85.6022 -0.7373 9.5784 16.1535 -25.7283 -3.7123 -0.0000 -0.0000 9.4040 -2.1094 38.3631 -1.3095 -7.1250 0.0000 -0.0000 -44.6424 62.6411 -21.3045 -0.0000 -0.0000 0.0000 90.0994 1.0295 16.4500 -15.1347 24.3334 -3.2812 0.0000 -0.0000 -9.8109 -13.7106 21.0509 -5.0082 7.1250 -0.0000 -0.0000 9.4736 -8.6054 8.0634
6.9714 18.0338 6.8570 180.7590 5.2420 -176.2150 0.0000 0.0000 0.0000 -22.4093 -1.5938 -7.6767 1.3286 7.2995 20.6056 0.5226 -4.2919 -12.8686 0.2121 -2.9653 -8.1821 0.0000 0.0000 0.0000 12.2346 2.4544 -2.0592 -0.5268 -4.6513 12.9166 -0.1954 -5.8723 -12.5196 -0.0145 0.7783 -2.1389 -3.5709 1.2912 0.0058 -0.8767 1.7740 0.7963 1.1113 0.8793 0.7338 -13.4546 -5.2981 -13.6080 4.9081 -5.0786 14.9764 3.2611 -2.7195 7.3347 -0.0000 0.0000 0.0000 -85.8961 -0.7258 9.2088 16.1771 -25.7601 -3.7226 -0.0000 -0.0000 9.1336 -1.3631 38.1342 -0.8418 -7.1250 0.0000 -0.0000 -43.6351 62.6717 -20.7540 -0.0000 0.0000 0.0000 89.8396 1.2008 17.0748 -15.0570 24.2254 -3.2493 0.0000 -0.0000 -9.9855 -13.8631 20.8126 -5.0113 7.1250 -0.0000 -0.0000 9.3684 -8.8276 7.9294
6.9731 18.0339 6.8514 181.2590 5.3778 -176.3910 0.0000 0.0000 0.0000 -21.9185 -2.3217 -7.1400 1.3466 7.3466 20.7462 0.5565 -3.3584 -13.3468 0.1841 -2.7636 -7.6212 0.0000 0.0000 0.0000 12.8312 2.4913 -1.6179 -0.4970 -4.5198 12.5438 -0.1816 -5.9924 -12.4044 -0.0128 0.7314 -2.0100 -3.0117 1.3445 0.1944 -0.8440 1.8332 0.8403 0.8284 0.9115 0.6862 -14.1861 -6.1769 -13.3964 5.3495 -6.2522 14.4114 3.3859 -3.2850 7.2654 0.0000 -0.0000 0.0000 -85.7848 -0.5660 9.1964 16.2402 -25.8453 -3.7501 -0.0000 -0.0000 9.3922 -1.8493 38.4816 -1.1510 -7.1250 0.0000 -0.0000 -44.5560 62.7950 -21.4139 0.0000 -0.0000 0.0000 90.0180 1.1512 16.9303 -15.0413 24.2037 -3.2429 0.0000 -0.0000 -9.8240 -14.2701 21.2620 -5.2696 7.1250 -0.0000 -0.0000 9.1261 -8.3285 7.8103
6.9458 18.0148 6.7976 181.2410 6.5981 -176.8120 0.0000 0.0000 0.0000 -22.3125 -2.4167 -6.4084 1.3577 7.3757 20.8332 0.5990 -1.9886 -14.0742 0.1031 -2.0702 -5.6998 0.0000 0.0000 0.0000 12.5310 2.9610 -1.1369 -0.4953 -4.5122 12.5223 -0.1948 -5.3834 -12.0340 -0.0200 0.9135 -2.5109 -2.6613 1.6081 -0.0632 -1.0122 2.2043 1.0358 0.4735 1.0967 1.0371 -15.2730 -7.0964 -12.0498 6.1213 -7.6374 12.7810 3.6768 -3.9416 6.7199 0.0000 -0.0000 0.0000 -85.7184 -0.3974 8.7569 16.1660 -25.7453 -3.7178 -0.0000 -0.0000 9.3404 -2.1708 38.4506 -1.3503 -7.1250 0.0000 -0.0000 -44.8170 62.6878 -21.4548 0.0000 -0.0000 0.0000 90.0659 1.0728 17.1203 -15.0431 24.2061 -3.2436 0.0000 -0.0000 -9.5187 -13.9503 21.5827 -5.2209 7.1250 -0.0000 -0.0000 9.3410 -8.0434 8.0527
6.9523 18.0229 6.8155 181.2110 6.2921 -176.5670 0.0000 0.0000 0.0000 -22.1863 -1.9716 -6.8879 1.3485 7.3517 20.7617 0.5515 -2.7067 -13.3634 0.0439 -1.3519 -3.7177 0.0000 0.0000 0.0000 12.5323 2.6426 -1.4151 -0.4815 -4.4496 12.3451 -0.1933 -5.2984 -11.9260 -0.0290 1.0992 -3.0217 -2.8438 1.3426 0.1131 -1.0014 1.8312 0.6908 0.5735 0.9148 0.5888 -15.4374 -7.7266 -9.9660 5.7904 -8.7255 10.2878 3.5449 -4.4815 5.6838 0.0000 -0.0000 0.0000 -85.8021 0.1720 7.8794 15.9856 -25.5011 -3.6398 -0.0000 -0.0000 10.2197 -2.5351 37.5630 -1.5461 -7.1250 0.0000 -0.0000 -44.0010 61.9510 -20.2216 0.0000 -0.0000 0.0000 90.1556 0.7446 17.3877 -15.0994 24.2844 -3.2667 0.0000 -0.0000 -9.8050 -14.0481 21.7727 -5.3026 7.1250 -0.0000 -0.0000 9.2866 -7.8407 8.0421
6.9782 18.0376 6.8536 181.1200 6.0168 -176.0900 0.0000 0.0000 0.0000 -22.0563 -1.7724 -7.7233 1.3559 7.3709 20.8189 0.5531 -3.4665 -13.2936 0.1495 -2.4920 -6.8674 0.0000 0.0000 0.0000 12.6026 2.6787 -2.0285 -0.4872 -4.4757 12.4190 -0.1888 -5.4852 -12.0269 -0.0144 0.7737 -2.1263 -3.7109 0.7044 0.1012 -0.4010 0.9590 0.4073 1.6693 0.4751 0.3074 -16.8328 -8.1557 -9.1930 5.7068 -9.1795 8.7295 3.7193 -4.7188 5.1776 0.0000 -0.0000 0.0000 -86.9892 0.6058 5.8532 15.8659 -25.3385 -3.5884 -0.0000 -0.0000 11.0139 -2.3992 37.3265 -1.4553 -7.1250 0.0000 -0.0000 -43.5738 61.8128 -19.8406 0.0000 -0.0000 0.0000 88.9722 0.8333 19.4749 -15.1345 24.3332 -3.2812 0.0000 -0.0000 -9.8951 -14.5586 20.8764 -5.2875 7.1250 -0.0000 -0.0000 8.9279 -8.6834 7.5727
6.9573 18.0203 6.8103 181.6360 6.9549 -176.6010 0.0000 0.0000 0.0000 -21.7919 -2.1489 -6.8558 1.3943 7.4704 21.1166 0.6083 -2.0238 -14.1798 0.2052 -2.9165 -8.0463 0.0000 0.0000 0.0000 13.0044 3.0694 -1.2404 -0.4685 -4.3901 12.1769 -0.2141 -5.1254 -12.1267 -0.0433 1.3433 -3.6938 -3.2113 0.4572 0.1747 0.1403 0.6128 0.3331 1.9435 0.3007 0.2084 -18.5589 -8.2786 -7.7124 5.8573 -9.3710 7.3515 4.0699 -4.8194 4.6182 0.0000 0.0000 0.0000 -87.9820 1.8186 4.5228 15.9850 -25.5004 -3.6395 -0.0000 -0.0000 10.8195 -2.3111 37.6220 -1.4113 -7.1250 0.0000 -0.0000 -43.8654 62.0515 -20.2495 0.0000 0.0000 0.0000 88.0226 0.5000 20.9804 -15.0149 24.1669 -3.2320 0.0000 -0.0000 -9.8708 -14.8691 21.6166 -5.5863 7.1250 -0.0000 -0.0000 8.7616 -7.8991 7.5657
6.9602 18.0189 6.8093 181.8110 7.0130 -176.5950 0.0000 0.0000 0.0000 -21.6088 -2.3168 -6.8633 1.4248 7.5481 21.3498 0.6200 -1.8232 -14.3613 0.2365 -3.1298 -8.6404 0.0000 0.0000 0.0000 13.1825 2.8177 -1.0543 -0.4324 -4.2197 11.6955 -0.1804 -4.9697 -11.3827 -0.0094 0.6272 -1.7235 -3.1895 0.1661 0.1741 0.3984 0.2203 0.2320 2.1963 0.1057 0.1267 -19.4246 -8.5460 -7.3089 5.9895 -9.7061 7.0145 4.2227 -4.9874 4.5379 -0.0000 -0.0000 0.0000 -88.4152 2.1875 3.7561 15.9841 -25.4991 -3.6391 -0.0000 -0.0000 10.9298 -2.9056 38.1997 -1.7978 -7.1250 0.0000 -0.0000 -45.1724 62.3152 -21.2701 -0.0000 -0.0000 0.0000 87.6521 0.3897 21.8610 -15.1210 24.3145 -3.2756 0.0000 -0.0000 -10.0962 -14.6296 21.0547 -5.3574 7.1250 -0.0000 -0.0000 8.8896 -8.4951 7.5731
6.9770 18.0329 6.8413 181.7630 6.4453 -176.2790 0.0000 0.0000 0.0000 -21.4170 -2.2084 -7.4977 1.4236 7.5450 21.3404 0.5655 -2.6993 -13.5386 0.0454 -1.3752 -3.7817 0.0000 0.0000 0.0000 13.2770 2.9241 -1.4488 -0.4473 -4.2909 11.8964 -0.1694 -5.5556 -11.7499 -0.0057 0.4859 -1.3351 -3.4601 0.0314 0.2812 0.3251 0.0330 0.0127 2.2730 0.0196 -0.1468 -19.4525 -8.9761 -6.7831 6.1525 -10.4135 6.7943 4.2301 -5.3317 4.4816 -0.0000 0.0000 0.0000 -88.0473 2.2102 3.9963 15.7463 -25.1754 -3.5373 -0.0000 -0.0000 11.1112 -2.7528 37.8064 -1.6883 -7.1250 0.0000 -0.0000 -44.5171 62.0717 -20.6386 -0.0000 0.0000 0.0000 87.9474 0.3766 20.8722 -15.2122 24.4408 -3.3132 0.0000 -0.0000 -10.8988 -14.1065 21.2391 -5.2017 7.1250 -0.0000 -0.0000 9.2290 -8.3706 7.8930
6.9898 18.0285 6.8419 181.5080 6.7236 -176.2100 0.0000 0.0000 0.0000 -21.6322 -1.6400 -7.7134 1.4060 7.5003 21.2063 0.5512 -2.9384 -13.3279 0.0794 -1.8181 -5.0032 0.0000 0.0000 0.0000 13.0380 3.1631 -1.7017 -0.4746 -4.4183 12.2566 -0.2091 -5.2404 -12.1465 -0.0400 1.2905 -3.5485 -3.7943 -0.0383 0.0657 0.2198 -0.0493 0.0639 2.3526 -0.0248 0.0322 -19.6734 -9.2618 -6.7497 6.2791 -10.7946 6.9207 4.2612 -5.5247 4.5825 0.0000 -0.0000 0.0000 -87.9753 1.8895 3.5183 15.5411 -24.8945 -3.4505 -0.0000 -0.0000 11.3199 -2.3116 38.2254 -1.4308 -7.1250 0.0000 -0.0000 -44.6500 62.4889 -21.1505 0.0000 -0.0000 0.0000 87.9390 0.5834 21.6127 -15.2318 24.4681 -3.3214 0.0000 -0.0000 -11.2123 -14.1061 20.9448 -5.1331 7.1250 -0.0000 -0.0000 9.2184 -8.6670 7.8287
6.9947 18.0335 6.8568 181.5790 6.2414 -176.0460 0.0000 0.0000 0.0000 -21.4283 -1.5212 -8.1596 1.4189 7.5333 21.3051 0.5307 -3.6868 -12.9983 0.0263 -1.0460 -2.8755 0.0000 0.0000 0.0000 13.1752 2.7767 -1.9272 -0.4692 -4.3936 12.1867 -0.1728 -5.3846 -11.6424 -0.0252 1.0255 -2.8188 -3.8369 -0.0822 0.0552 0.1616 -0.1099 -0.1015 2.3168 -0.0492 -0.1275 -19.2821 -9.5229 -5.7074 6.0952 -11.3843 6.3869 4.1420 -5.8120 4.2883 0.0000 -0.0000 0.0000 -87.8243 1.7797 3.8812 15.4112 -24.7158 -3.3960 -0.0000 -0.0000 11.5943 -2.3831 38.7047 -1.4907 -7.1250 0.0000 -0.0000 -45.3582 62.8133 -21.9040 0.0000 -0.0000 0.0000 88.2235 0.4428 20.9800 -15.1348 24.3336 -3.2813 0.0000 -0.0000 -10.8794 -13.8979 21.6427 -5.2143 7.1250 -0.0000 -0.0000 9.3763 -7.9892 8.0942
7.0174 18.0479 6.8346 181.7340 8.2276 -175.7700 0.0000 0.0000 0.0000 -21.3110 -0.5173 -8.4621 1.4337 7.5706 21.4172 0.5731 -3.1431 -13.5731 0.0078 -0.5718 -1.5713 0.0000 0.0000 0.0000 13.2760 4.6007 -1.9976 -0.4745 -4.4176 12.2545 -0.2070 -5.1232 -12.0017 -0.0440 1.3537 -3.7226 -4.2603 0.3671 -0.8440 0.3505 0.5320 -0.0394 2.7548 0.2595 0.3910 -19.1012 -9.5420 -5.3759 5.3760 -11.4029 6.2061 3.9089 -5.8323 4.1289 -0.0000 0.0000 0.0000 -88.0362 1.7813 3.9366 15.6579 -25.0546 -3.4998 -0.0000 -0.0000 11.3403 -2.5432 38.9594 -1.5997 -7.1250 0.0000 -0.0000 -45.8553 62.9514 -22.3450 -0.0000 0.0000 0.0000 87.9009 0.8150 21.4882 -15.0073 24.1563 -3.2289 0.0000 -0.0000 -11.0203 -13.8628 21.6706 -5.2070 7.1250 -0.0000 -0.0000 9.3995 -7.9652 8.1193
7.0195 18.0332 6.8299 181.5880 8.4008 -175.8350 0.0000 0.0000 0.0000 -21.5238 -0.4339 -8.3876 1.3989 7.4822 21.1521 0.5950 -2.8415 -13.8787 0.1230 -2.2611 -6.2278 0.0000 0.0000 0.0000 13.0998 4.7611 -2.2775 -0.5245 -4.6414 12.8887 -0.2214 -4.9407 -12.0855 -0.0247 1.0150 -2.7902 -4.5253 -0.0849 -0.7337 0.5543 -0.0807 -0.3849 3.1071 -0.0321 0.0231 -20.6111 -9.0518 -4.5511 6.0802 -10.8378 6.7113 4.4236 -5.5940 4.2110 -0.0000 -0.0000 0.0000 -88.6288 2.4823 2.8363 15.9349 -25.4323 -3.6180 -0.0000 -0.0000 11.0784 -2.6295 38.4609 -1.6362 -7.1250 0.0000 -0.0000 -45.2606 62.5743 -21.5949 -0.0000 -0.0000 0.0000 87.3940 0.1576 22.9202 -15.0823 24.2607 -3.2597 0.0000 -0.0000 -10.1607 -14.6880 21.2904 -5.4368 7.1250 -0.0000 -0.0000 8.8622 -8.2503 7.5926
7.0205 18.0387 6.8357 181.7450 8.1802 -175.9490 0.0000 0.0000 0.0000 -21.2662 0.0823 -8.6144 1.4481 7.6069 21.5262 0.6095 -3.6477 -13.9584 0.0854 -1.8850 -5.1881 0.0000 0.0000 0.0000 13.3225 4.3088 -2.0215 -0.4915 -4.4953 12.4743 -0.1850 -5.0484 -11.5403 -0.0225 0.9678 -2.6603 -4.1485 0.2635 -0.8077 0.0932 0.3927 -0.1601 2.4252 0.1963 0.2602 -19.4694 -9.5521 -4.2151 5.8232 -11.6691 7.1440 4.1086 -6.0166 4.3157 -0.0000 -0.0000 0.0000 -87.5673 1.7373 4.4882 16.0093 -25.5332 -3.6500 -0.0000 -0.0000 10.2886 -1.1861 38.8415 -0.7439 -7.1250 0.0000 -0.0000 -44.4187 63.2308 -21.7820 -0.0000 -0.0000 0.0000 88.3875 0.4086 20.9339 -15.0091 24.1588 -3.2297 0.0000 -0.0000 -10.5525 -13.5918 21.5378 -5.0722 7.1250 -0.0000 -0.0000 9.5658 -8.1301 8.2355
7.0248 18.0346 6.8369 181.8910 8.1546 -175.8710 0.0000 0.0000 0.0000 -21.0787 -0.2769 -8.5692 1.4354 7.5749 21.4301 0.5964 -3.3915 -13.8274 0.0610 -1.5930 -4.3821 0.0000 0.0000 0.0000 13.4798 4.3511 -2.1650 -0.5052 -4.5565 12.6478 -0.2243 -4.8524 -12.0555 -0.0364 1.2321 -3.3876 -3.5211 0.3448 -1.5779 -0.3815 0.5489 0.4148 1.5967 0.2531 1.2815 -18.7357 -9.7177 -4.6746 6.0149 -11.9069 7.0874 4.0219 -6.1084 4.3671 -0.0000 0.0000 0.0000 -86.6246 0.4358 5.2347 15.9238 -25.4172 -3.6132 -0.0000 -0.0000 10.0481 -1.4550 38.7197 -0.9102 -7.1250 0.0000 -0.0000 -44.5062 63.0712 -21.6698 -0.0000 0.0000 0.0000 89.2881 1.3302 20.9609 -14.9546 24.0828 -3.2074 0.0000 -0.0000 -9.9557 -15.4137 20.9035 -5.6181 7.1250 -0.0000 -0.0000 8.3843 -8.5542 7.1226
7.0260 18.0253 6.8421 181.5430 8.1264 -176.0070 0.0000 0.0000 0.0000 -21.4910 -0.1840 -8.4381 1.4229 7.5433 21.3352 0.5694 -3.0303 -13.5414 0.1542 -2.5303 -6.9737 0.0000 0.0000 0.0000 13.0914 4.3433 -2.4037 -0.5542 -4.7686 13.2499 -0.2347 -4.6556 -12.0617 -0.0022 0.3039 -0.8351 -3.1679 0.8524 -1.7665 -1.3907 1.2930 1.1143 0.3938 0.6285 2.0978 -16.9300 -10.3487 -5.8769 6.1495 -12.7606 6.9860 3.6672 -6.4689 4.5218 0.0000 0.0000 0.0000 -84.8226 -1.1109 7.8125 16.0599 -25.6018 -3.6718 -0.0000 -0.0000 9.0674 -1.5945 38.9878 -1.0033 -7.1250 0.0000 -0.0000 -45.0053 63.2259 -22.1256 0.0000 0.0000 0.0000 91.0227 2.5679 18.8061 -14.9502 24.0767 -3.2056 0.0000 -0.0000 -9.8991 -15.2015 20.4662 -5.4273 7.1250 -0.0000 -0.0000 8.5012 -9.0227 7.1441
7.0305 18.0368 6.8448 181.4450 8.1129 -175.9410 0.0000 0.0000 0.0000 -21.5372 -0.0033 -8.5395 1.4097 7.5096 21.2343 0.5930 -3.5609 -13.7705 0.0824 -1.8521 -5.0972 0.0000 0.0000 0.0000 12.9941 4.4262 -2.5527 -0.5634 -4.8076 13.3607 -0.2498 -4.6890 -12.3444 -0.0068 0.5335 -1.4660 -2.9649 0.8423 -0.5523 -1.7855 1.2095 0.2930 -0.1551 0.6185 0.5884 -16.8101 -10.2306 -5.0697 6.8241 -12.8302 6.2608 3.9078 -6.4788 4.2111 0.0000 0.0000 0.0000 -84.1582 0.3908 8.7528 16.4966 -26.1894 -3.8625 -0.0000 -0.0000 8.3075 -1.4958 37.8528 -0.9180 -7.1250 0.0000 -0.0000 -43.3929 62.4314 -20.3715 0.0000 0.0000 0.0000 91.6957 1.2048 19.2388 -15.1062 24.2938 -3.2695 0.0000 -0.0000 -9.5953 -16.3052 20.1965 -5.7667 7.1250 -0.0000 -0.0000 7.7820 -9.1643 6.5052
6.9621 18.0082 6.7836 181.7400 7.1454 -176.6880 0.0000 0.0000 0.0000 -21.6319 -1.8195 -6.9093 1.4302 7.5618 21.3909 0.5986 -2.1131 -14.0446 0.1101 -2.1395 -5.8914 0.0000 0.0000 0.0000 13.0870 2.9878 -1.5363 -0.5226 -4.6331 12.8650 -0.2434 -4.4857 -12.0662 -0.0017 0.2694 -0.7403 -2.2886 0.5702 -0.4732 -1.2820 0.8339 0.9310 -0.0179 0.4165 1.2060 -17.0447 -10.5237 -5.4685 6.1905 -13.0267 4.9998 3.7370 -6.5445 3.8790 -0.0000 -0.0000 0.0000 -85.2007 0.0342 8.9304 16.5978 -26.3245 -3.9073 -0.0000 -0.0000 8.3580 -1.6052 37.4323 -0.9758 -7.1250 0.0000 -0.0000 -42.9573 62.0940 -19.7849 -0.0000 -0.0000 0.0000 90.7506 2.0311 16.7489 -14.4319 23.3488 -2.9972 0.0000 -0.0000 -9.6225 -12.5370 23.2735 -5.0213 7.1250 -0.0000 -0.0000 10.2904 -6.5175 9.2093
6.9587 18.0150 6.7756 181.7970 7.0462 -176.4160 0.0000 0.0000 0.0000 -21.5805 -2.4661 -7.0073 1.4498 7.6114 21.5397 0.6322 -1.8974 -14.4914 0.1280 -2.3066 -6.3537 0.0000 0.0000 0.0000 13.1485 2.7088 -1.4606 -0.4653 -4.3754 12.1353 -0.2152 -4.6121 -11.6867 -0.0087 0.6029 -1.6567 -1.1905 0.5797 -0.6588 -2.1314 0.8746 0.9997 -1.4998 0.4616 1.4095 -16.0814 -10.6675 -5.7022 7.0299 -13.3202 3.4383 3.8576 -6.6029 3.4651 -0.0000 -0.0000 0.0000 -83.6971 -0.1781 9.6385 16.6725 -26.4240 -3.9405 -0.0000 -0.0000 7.8655 -1.1502 37.5421 -0.7009 -7.1250 0.0000 -0.0000 -42.6651 62.2925 -19.8217 -0.0000 -0.0000 0.0000 92.1501 2.0618 16.3519 -14.5921 23.5748 -3.0609 0.0000 -0.0000 -9.0945 -11.7524 22.5299 -4.5577 7.1250 -0.0000 -0.0000 10.7532 -7.3473 9.4623
6.9620 18.0236 6.7913 182.4220 7.0033 -176.1320 0.0000 0.0000 0.0000 -20.8445 -3.2080 -7.4886 1.5509 7.8603 22.2906 0.6670 -1.5701 -14.9718 0.0685 -1.6880 -4.6441 0.0000 0.0000 0.0000 13.8817 2.6872 -1.0882 -0.3742 -3.9288 10.8765 -0.1624 -5.0685 -11.1404 -0.0390 1.2747 -3.5051 -1.8810 0.6424 -0.1548 -0.8478 0.8893 0.6218 0.1929 0.4437 0.7083 -17.5683 -10.8132 -5.2226 7.2901 -13.4099 1.6819 4.2074 -6.5897 2.9760 0.0000 0.0000 0.0000 -85.6045 0.4748 9.4477 16.5114 -26.2092 -3.8691 -0.0000 -0.0000 8.4245 -0.2858 36.6904 -0.1707 -7.1250 0.0000 -0.0000 -40.7769 61.8763 -18.3786 0.0000 0.0000 0.0000 90.1657 0.8658 17.8941 -14.9419 24.0651 -3.2022 0.0000 -0.0000 -9.9816 -13.0312 21.9252 -4.9392 7.1250 -0.0000 -0.0000 9.9328 -7.8063 8.6257
6.9745 18.0313 6.8118 182.9300 6.9883 -175.8670 0.0000 0.0000 0.0000 -20.1021 -2.4016 -8.3231 1.5883 7.9500 22.5624 0.6343 -2.4679 -14.4050 0.0431 -1.3396 -3.6837 0.0000 0.0000 0.0000 14.5266 3.2812 -1.1484 -0.3647 -3.8794 10.7376 -0.1557 -5.4963 -11.4378 -0.0102 0.6531 -1.7946 -1.4048 0.5057 0.0045 -0.6802 0.6945 0.5961 0.0948 0.3470 0.5993 -17.1612 -10.8926 -5.7462 6.9110 -13.3474 0.1841 4.0602 -6.4754 2.5403 -0.0000 -0.0000 0.0000 -85.6418 0.5296 9.0288 16.4715 -26.1558 -3.8515 -0.0000 -0.0000 8.7114 -0.7947 36.9109 -0.4773 -7.1250 0.0000 -0.0000 -41.5346 61.9132 -18.8232 -0.0000 -0.0000 0.0000 90.3418 1.2855 17.9608 -14.5259 23.4814 -3.0345 0.0000 -0.0000 -8.8774 -13.9427 22.1678 -5.3516 7.1250 -0.0000 -0.0000 9.3691 -7.4563 8.1871
6.9570 18.0266 6.7987 181.9300 6.9728 -176.1930 0.0000 0.0000 0.0000 -21.3216 -1.9525 -7.7880 1.4852 7.6994 21.8047 0.5997 -2.5754 -13.9749 0.0548 -1.5111 -4.1564 0.0000 0.0000 0.0000 13.3155 2.7239 -1.3989 -0.4120 -4.1205 11.4160 -0.1773 -5.0647 -11.4157 -0.0522 1.4750 -4.0568 -2.2297 0.3763 0.5827 -0.9018 0.5142 0.4895 0.3241 0.2614 0.1636 -17.8406 -10.9370 -5.9719 7.8036 -13.2925 -0.9817 4.4501 -6.3693 2.3246 0.0000 -0.0000 0.0000 -85.6627 0.9454 8.5267 16.3584 -26.0042 -3.8018 -0.0000 -0.0000 9.8410 -2.9867 37.4802 -1.8184 -7.1250 0.0000 -0.0000 -44.3196 61.7751 -20.2169 0.0000 -0.0000 0.0000 90.0001 0.7474 19.1301 -14.6274 23.6244 -3.0751 0.0000 -0.0000 -9.5388 -15.1152 21.2595 -5.5936 7.1250 -0.0000 -0.0000 8.5899 -8.2300 7.3572
6.9560 18.0328 6.7911 181.5640 6.9043 -176.1720 0.0000 0.0000 0.0000 -21.7082 -1.6879 -7.7670 1.4447 7.5984 21.5009 0.5913 -2.8837 -13.8272 0.0414 -1.3138 -3.6127 0.0000 0.0000 0.0000 12.9256 2.8337 -1.5582 -0.4373 -4.2433 11.7622 -0.1942 -5.0231 -11.6834 -0.0337 1.1843 -3.2562 -1.7556 0.3077 0.7118 -1.6479 0.4386 0.4001 -0.7058 0.2352 0.0109 -17.0094 -11.0985 -5.9028 7.9544 -13.5266 -2.2133 4.4007 -6.4304 1.9308 -0.0000 -0.0000 0.0000 -84.4384 1.1273 8.6497 15.9782 -25.4910 -3.6366 -0.0000 -0.0000 9.7395 -2.8396 38.3085 -1.7612 -7.1250 0.0000 -0.0000 -45.2544 62.4102 -21.4181 -0.0000 -0.0000 0.0000 90.9587 0.5140 19.1385 -14.6405 23.6429 -3.0803 0.0000 -0.0000 -9.4472 -15.3319 21.1247 -5.6430 7.1250 -0.0000 -0.0000 8.4463 -8.3400 7.2128
6.9554 18.0356 6.7951 181.6760 6.8353 -175.8530 0.0000 0.0000 0.0000 -21.5542 -1.7927 -8.0399 1.4311 7.5640 21.3974 0.5776 -2.8755 -13.6619 0.0318 -1.1510 -3.1643 0.0000 0.0000 0.0000 13.0453 2.8305 -1.9421 -0.4412 -4.2621 11.8153 -0.1671 -5.1135 -11.2721 -0.0266 1.0529 -2.8945 -1.3611 0.1351 0.9670 -1.7546 0.1982 0.1739 -1.0358 0.1166 -0.3620 -16.8895 -11.2078 -6.4795 7.9828 -13.5391 -2.5404 4.3714 -6.3978 1.9177 0.0000 0.0000 0.0000 -84.1190 1.3294 8.3700 15.7630 -25.1982 -3.5444 -0.0000 -0.0000 9.9014 -2.6815 38.5267 -1.6710 -7.1250 0.0000 -0.0000 -45.3974 62.6076 -21.7101 0.0000 0.0000 0.0000 91.1607 0.4564 19.5526 -14.6969 23.7222 -3.1030 0.0000 -0.0000 -9.9004 -17.1233 19.5859 -5.8964 7.1250 -0.0000 -0.0000 7.2261 -9.6881 5.9559
6.9930 18.0412 6.8181 181.6460 7.2165 -175.5810 0.0000 0.0000 0.0000 -21.3844 -0.8223 -8.7293 1.4253 7.5493 21.3533 0.5919 -3.6728 -13.7481 0.0886 -1.9195 -5.2832 0.0000 0.0000 0.0000 13.2014 3.6610 -2.2957 -0.4765 -4.4267 12.2803 -0.1817 -5.3618 -11.7814 -0.0239 0.9987 -2.7451 -3.2632 0.3810 0.6294 -0.5810 0.5044 0.2666 1.2296 0.2577 -0.1021 -17.6411 -11.5334 -5.8601 7.3571 -13.9010 -3.9891 4.3395 -6.4916 1.4209 0.0000 0.0000 0.0000 -85.6807 0.7952 8.3458 15.5372 -24.8892 -3.4489 -0.0000 -0.0000 10.4405 -2.0342 38.1129 -1.2559 -7.1250 0.0000 -0.0000 -44.2409 62.4802 -20.9057 0.0000 0.0000 0.0000 89.3764 0.7680 19.2109 -14.7194 23.7538 -3.1120 0.0000 -0.0000 -9.5740 -15.7410 20.4470 -5.6235 7.1250 -0.0000 -0.0000 8.1551 -8.9778 6.8543
6.9865 18.0355 6.8088 181.4130 7.0517 -175.7710 0.0000 0.0000 0.0000 -21.6702 -0.8735 -8.4152 1.4054 7.4989 21.2020 0.5726 -3.6857 -13.5151 0.1153 -2.1892 -6.0288 0.0000 0.0000 0.0000 12.9348 3.5095 -2.2782 -0.5028 -4.5455 12.6167 -0.2120 -5.3031 -12.2545 -0.0558 1.5240 -4.1918 -2.4211 0.1255 1.2180 -1.3927 0.1615 0.1424 -0.0720 0.0993 -0.5390 -17.1903 -11.5218 -6.5245 7.6461 -13.8484 -3.2363 4.3057 -6.5002 1.7403 0.0000 0.0000 0.0000 -84.4532 1.3407 7.9373 15.8505 -25.3176 -3.5818 -0.0000 -0.0000 10.4066 -2.6924 38.0162 -1.6590 -7.1250 0.0000 -0.0000 -44.7325 62.2388 -20.9365 0.0000 0.0000 0.0000 90.6139 0.6921 19.5009 -14.7976 23.8634 -3.1436 0.0000 -0.0000 -9.2405 -15.0834 20.5587 -5.4065 7.1250 -0.0000 -0.0000 8.5805 -8.9429 7.2261
6.9877 18.0371 6.8125 181.6460 6.9816 -175.7190 0.0000 0.0000 0.0000 -21.3437 -0.3881 -8.7463 1.4329 7.5686 21.4112 0.5785 -4.3782 -13.5469 0.1437 -2.4428 -6.7311 0.0000 0.0000 0.0000 13.2152 3.5534 -2.1177 -0.4799 -4.4424 12.3247 -0.2108 -5.3807 -12.3063 -0.0428 1.3346 -3.6700 -3.1252 0.1354 1.0311 -0.5758 0.1637 0.3215 1.1593 0.0893 -0.2553 -17.9110 -11.5786 -6.5974 7.2837 -13.8005 -3.4481 4.3045 -6.4418 1.6955 -0.0000 -0.0000 0.0000 -85.6671 1.0545 7.6496 16.0294 -25.5605 -3.6587 -0.0000 -0.0000 10.6748 -2.4510 38.3059 -1.5198 -7.1250 0.0000 -0.0000 -44.8871 62.5102 -21.3100 -0.0000 -0.0000 0.0000 89.3991 1.2704 19.2308 -14.7274 23.7649 -3.1152 0.0000 -0.0000 -9.7232 -14.0022 21.9363 -5.3222 7.1250 -0.0000 -0.0000 9.3222 -7.6817 8.1032
6.9627 18.0371 6.7785 181.3940 6.3765 -175.4350 0.0000 0.0000 0.0000 -21.7710 -1.8189 -8.3339 1.3951 7.4724 21.1227 0.5804 -3.4990 -13.6251 0.1272 -2.2989 -6.3323 0.0000 0.0000 0.0000 12.8302 2.8569 -2.5822 -0.4943 -4.5075 12.5090 -0.2195 -5.2133 -12.2987 -0.0555 1.5195 -4.1796 -2.9168 -0.0650 0.4618 -0.7237 -0.0796 0.2853 0.8936 -0.0351 0.0367 -17.8048 -11.6318 -6.5382 6.9937 -13.8987 -3.1689 4.1889 -6.5109 1.7516 -0.0000 0.0000 0.0000 -85.4352 1.0017 7.9591 16.0423 -25.5780 -3.6642 -0.0000 -0.0000 10.5972 -2.9661 38.2209 -1.8361 -7.1250 0.0000 -0.0000 -45.2569 62.3146 -21.3184 -0.0000 0.0000 0.0000 89.2959 1.2335 19.2461 -15.1295 24.3262 -3.2791 0.0000 -0.0000 -10.4917 -12.4593 20.8198 -4.4904 7.1250 -0.0000 -0.0000 10.2619 -8.9744 8.6796
6.9658 18.0264 6.7679 181.2610 6.6376 -175.7070 0.0000 0.0000 0.0000 -21.9803 -1.5669 -7.9453 1.3701 7.4079 20.9295 0.5883 -3.0843 -13.7648 0.2335 -3.1103 -8.5860 0.0000 0.0000 0.0000 12.6737 3.1695 -2.5528 -0.5511 -4.7558 13.2134 -0.2391 -5.1174 -12.5402 -0.0246 1.0119 -2.7816 -3.6385 -0.6416 0.6307 -0.0080 -0.8834 -0.3779 2.0412 -0.4214 -0.6863 -20.0329 -10.4178 -3.9938 7.6237 -12.7311 -3.2837 4.9230 -5.9842 1.3653 0.0000 -0.0000 0.0000 -86.8905 2.8979 6.1862 16.4611 -26.1419 -3.8469 -0.0000 -0.0000 10.1592 -2.6416 38.4787 -1.6444 -7.1250 0.0000 -0.0000 -45.2958 62.5838 -21.6255 0.0000 -0.0000 0.0000 87.7868 0.1670 20.1617 -16.6034 26.3320 -3.9098 0.0000 -0.0000 -14.8292 -5.0081 13.4960 -1.1716 7.1250 -0.0000 -0.0000 15.2847 -16.7210 10.6291
6.9441 18.0221 6.7481 180.9960 6.3912 -175.8790 0.0000 0.0000 0.0000 -22.4057 -2.0292 -7.4936 1.3584 7.3774 20.8385 0.5892 -2.8617 -13.8055 0.1318 -2.3404 -6.4475 0.0000 0.0000 0.0000 12.2623 2.6139 -2.4961 -0.5522 -4.7603 13.2261 -0.2660 -4.7663 -12.6746 -0.0457 1.3804 -3.7961 -3.7957 -0.8877 1.1007 0.0984 -1.2384 -0.6398 2.2535 -0.5843 -1.1913 -20.8027 -10.0987 -4.0756 7.7837 -12.2935 -2.2410 5.0785 -5.8238 1.6902 0.0000 -0.0000 0.0000 -87.3306 3.4010 5.7403 16.5749 -26.2939 -3.8971 -0.0000 -0.0000 10.1406 -2.4442 38.0000 -1.5054 -7.1250 0.0000 -0.0000 -44.4786 62.2916 -20.8463 0.0000 -0.0000 0.0000 87.2128 -0.4370 22.2221 -15.2419 24.4820 -3.3256 0.0000 -0.0000 -12.4032 -11.1310 22.0238 -4.2197 7.1250 -0.0000 -0.0000 11.1286 -7.9168 9.6790
6.9612 18.0195 6.7535 180.9280 7.0526 -175.9290 0.0000 0.0000 0.0000 -22.5022 -1.4589 -7.5777 1.3586 7.3779 20.8399 0.5938 -2.6201 -13.8966 0.3493 -3.7974 -10.5074 0.0000 0.0000 0.0000 12.1789 3.1471 -2.5725 -0.5786 -4.8709 13.5407 -0.2540 -4.5725 -12.3162 -0.0259 1.0380 -2.8533 -4.9546 -0.9541 2.2228 0.9471 -1.4088 -1.1729 3.8149 -0.6158 -2.3140 -21.8459 -9.8570 -4.8119 7.1001 -11.6846 -1.4865 5.0080 -5.5247 1.9585 -0.0000 -0.0000 0.0000 -88.8289 4.0461 4.5368 16.8231 -26.6240 -4.0077 -0.0000 -0.0000 10.1380 -2.9590 37.6713 -1.8094 -7.1250 0.0000 -0.0000 -44.5370 61.9209 -20.4918 -0.0000 -0.0000 0.0000 85.7350 -0.7907 23.4710 -14.9174 24.0309 -3.1922 0.0000 -0.0000 -11.9591 -11.5508 22.9381 -4.5541 7.1250 -0.0000 -0.0000 10.8908 -6.9642 9.6707
6.9697 18.0200 6.7548 180.9420 7.1210 -176.1480 0.0000 0.0000 0.0000 -22.3837 -0.9606 -7.6033 1.3817 7.4380 21.0195 0.6044 -3.1978 -13.9452 0.1501 -2.4968 -6.8808 0.0000 0.0000 0.0000 12.2739 3.1182 -2.1329 -0.5492 -4.7478 13.1905 -0.2407 -4.6584 -12.1665 -0.0210 0.9349 -2.5696 -4.8453 -0.7842 2.3520 0.7727 -1.1827 -0.7395 3.5615 -0.5251 -1.9676 -21.6444 -10.1842 -5.8023 7.2056 -11.9048 -1.0047 4.9327 -5.6383 2.2854 -0.0000 -0.0000 0.0000 -88.5271 3.2115 4.9308 16.9514 -26.7936 -4.0654 -0.0000 -0.0000 10.0047 -2.6379 37.9982 -1.6247 -7.1250 0.0000 -0.0000 -44.6580 62.2400 -20.8951 -0.0000 -0.0000 0.0000 86.1616 -0.4970 25.5425 -15.5349 24.8859 -3.4479 0.0000 -0.0000 -10.7517 -16.3142 19.6902 -5.6321 7.1250 -0.0000 -0.0000 7.7536 -9.6793 6.4000
6.9426 18.0048 6.7009 180.7820 7.6429 -176.6490 0.0000 0.0000 0.0000 -22.9195 -1.5237 -6.6032 1.3825 7.4399 21.0253 0.6188 -1.7332 -14.3676 0.1002 -2.0418 -5.6211 0.0000 0.0000 0.0000 11.8824 3.0280 -1.4413 -0.5242 -4.6401 12.8850 -0.2638 -4.2563 -12.2200 -0.0592 1.5697 -4.3180 -3.5375 -0.4296 0.6860 -0.3073 -0.5726 0.6077 1.6697 -0.2916 0.2705 -20.5432 -10.4660 -6.0031 7.7009 -12.3386 -1.7135 4.9030 -5.8142 2.1348 0.0000 -0.0000 0.0000 -86.9056 1.4705 6.1777 16.9598 -26.8048 -4.0692 -0.0000 -0.0000 9.4355 -2.3566 38.1881 -1.4575 -7.1250 0.0000 -0.0000 -44.6430 62.4502 -21.1061 0.0000 -0.0000 0.0000 87.8774 1.3414 23.0462 -15.2346 24.4718 -3.3225 0.0000 -0.0000 -10.5042 -14.3530 22.0287 -5.4821 7.1250 -0.0000 -0.0000 9.1053 -7.5466 7.9341
6.9413 17.9970 6.6888 181.3210 7.3550 -176.6990 0.0000 0.0000 0.0000 -22.3115 -1.7065 -6.4778 1.3976 7.4787 21.1415 0.6450 -1.8464 -14.6528 0.1974 -2.8609 -7.8917 0.0000 0.0000 0.0000 12.5023 2.6596 -1.1148 -0.4964 -4.5169 12.5356 -0.2274 -4.4149 -11.7308 -0.0275 1.0713 -2.9450 -2.7671 -0.3760 0.3629 -0.4027 -0.4828 0.7905 1.1371 -0.2498 0.6262 -20.2083 -10.4602 -4.9442 8.0487 -12.6148 -2.2922 5.0069 -5.9585 1.8394 0.0000 -0.0000 0.0000 -86.5105 1.2626 6.7415 17.0219 -26.8866 -4.0972 -0.0000 -0.0000 9.2904 -2.2345 37.9703 -1.3752 -7.1250 0.0000 -0.0000 -44.2426 62.3246 -20.7456 0.0000 -0.0000 0.0000 88.2422 1.3286 23.1711 -15.3251 24.5970 -3.3601 0.0000 -0.0000 -11.2742 -14.6997 22.0154 -5.6164 7.1250 -0.0000 -0.0000 8.8865 -7.5175 7.7436
6.9519 18.0056 6.6836 181.7240 7.5011 -176.5380 0.0000 0.0000 0.0000 -21.8224 -1.5207 -6.7183 1.4247 7.5479 21.3491 0.6579 -1.9991 -14.7703 0.1916 -2.8189 -7.7750 0.0000 0.0000 0.0000 13.0024 2.9630 -1.0198 -0.4795 -4.4404 12.3192 -0.2250 -4.5775 -11.8278 -0.0318 1.1515 -3.1659 -2.8980 -0.4502 0.9255 0.1367 -0.6182 0.4351 1.7699 -0.3109 -0.0406 -20.4231 -10.4272 -5.5439 7.3437 -12.3858 -1.7926 4.7977 -5.8486 2.0131 -0.0000 0.0000 0.0000 -87.3388 1.9824 6.2848 17.4920 -27.5018 -4.3121 -0.0000 -0.0000 9.1764 -3.0408 38.3274 -1.8869 -7.1250 0.0000 -0.0000 -45.4673 62.3712 -21.5004 -0.0000 0.0000 0.0000 87.5191 0.9089 23.7143 -15.4128 24.7181 -3.3967 0.0000 -0.0000 -11.3931 -14.2711 21.6564 -5.3626 7.1250 -0.0000 -0.0000 9.1412 -7.9313 7.8962
6.9364 17.9993 6.6497 181.3560 8.0352 -176.7210 0.0000 0.0000 0.0000 -22.4815 -1.9966 -6.1414 1.4067 7.5021 21.2116 0.6509 -0.7688 -14.9991 0.1285 -2.3109 -6.3656 0.0000 0.0000 0.0000 12.4169 2.9324 -0.9381 -0.4809 -4.4472 12.3383 -0.2368 -4.0305 -11.5790 -0.0165 0.8292 -2.2789 -2.8637 0.0950 0.6581 -0.3596 0.1284 0.5930 1.2359 0.0610 0.2335 -19.0331 -10.7681 -5.2230 6.6747 -12.9857 -2.1266 4.3778 -6.1518 1.8083 0.0000 0.0000 0.0000 -86.6581 1.5686 7.0304 17.2313 -27.1617 -4.1924 -0.0000 -0.0000 9.2759 -2.4512 37.7697 -1.5019 -7.1250 0.0000 -0.0000 -44.1868 62.1230 -20.5048 0.0000 0.0000 0.0000 88.5258 1.2111 21.3891 -15.1023 24.2885 -3.2679 0.0000 -0.0000 -10.0526 -14.0157 22.1076 -5.3668 7.1250 -0.0000 -0.0000 9.3207 -7.5080 8.1341
6.9516 18.0038 6.6831 181.4260 7.4061 -176.5630 0.0000 0.0000 0.0000 -22.1753 -1.7560 -6.6436 1.4182 7.5315 21.2999 0.6284 -1.6909 -14.4913 0.1177 -2.2118 -6.0914 0.0000 0.0000 0.0000 12.6574 2.8514 -0.9547 -0.4687 -4.3908 12.1789 -0.2130 -4.6582 -11.6873 -0.0391 1.2758 -3.5079 -2.9833 -0.3910 1.2925 -0.0504 -0.5478 0.5012 1.6279 -0.2725 -0.1831 -19.8212 -10.6964 -6.0314 7.0443 -12.6360 -2.2534 4.5909 -5.9314 1.9242 0.0000 0.0000 0.0000 -87.3812 1.4966 5.8538 17.1487 -27.0534 -4.1548 -0.0000 -0.0000 8.7035 -1.2724 38.2377 -0.7876 -7.1250 0.0000 -0.0000 -43.6860 62.7710 -20.8843 0.0000 0.0000 0.0000 88.1855 1.7290 22.0305 -14.9360 24.0569 -3.1998 0.0000 -0.0000 -10.2671 -14.0326 21.5227 -5.2390 7.1250 -0.0000 -0.0000 9.2866 -8.0940 7.9951
6.9529 18.0045 6.6826 181.1540 7.6069 -176.5650 0.0000 0.0000 0.0000 -22.4992 -1.5616 -6.5924 1.3891 7.4568 21.0761 0.6436 -1.6889 -14.6720 0.2026 -2.8985 -7.9964 0.0000 0.0000 0.0000 12.3270 3.0414 -1.2341 -0.5056 -4.5583 12.6529 -0.2404 -4.4064 -11.9482 -0.0281 1.0825 -2.9758 -3.2534 -0.2974 1.3667 -0.1276 -0.4283 0.4706 1.6992 -0.2107 -0.2605 -19.6141 -10.6836 -6.4545 6.9616 -12.5380 -2.1324 4.5216 -5.8805 1.9965 0.0000 0.0000 0.0000 -87.4732 1.5895 5.7244 16.8913 -26.7143 -4.0384 -0.0000 -0.0000 8.6921 -1.5171 37.6558 -0.9270 -7.1250 0.0000 -0.0000 -43.1587 62.2813 -20.0870 0.0000 0.0000 0.0000 88.2710 1.6320 21.7190 -14.8695 23.9640 -3.1727 0.0000 -0.0000 -10.2761 -13.2854 22.1501 -5.0874 7.1250 -0.0000 -0.0000 9.7811 -7.5520 8.5394
6.9407 18.0047 6.6775 181.6330 6.9301 -176.4840 0.0000 0.0000 0.0000 -21.9684 -1.9951 -6.5585 1.4017 7.4893 21.1733 0.6446 -1.8277 -14.6527 0.3554 -3.8300 -10.5988 0.0000 0.0000 0.0000 12.8892 2.6568 -0.9641 -0.4698 -4.3962 12.1940 -0.2224 -4.7825 -11.9621 -0.0341 1.1915 -3.2758 -2.5128 -0.4871 1.4162 -0.0003 -0.6764 0.4518 1.4188 -0.3353 -0.3017 -19.2170 -10.5174 -6.5661 6.9447 -12.3120 -2.4952 4.4876 -5.7494 1.8535 -0.0000 0.0000 0.0000 -87.6027 1.7894 5.4657 16.8261 -26.6280 -4.0091 -0.0000 -0.0000 9.2974 -3.2892 38.1597 -2.0336 -7.1250 0.0000 -0.0000 -45.4780 62.1868 -21.3104 -0.0000 0.0000 0.0000 88.4090 1.7731 21.0956 -14.5877 23.5686 -3.0592 0.0000 -0.0000 -9.7880 -13.2836 22.9550 -5.2607 7.1250 -0.0000 -0.0000 9.8139 -6.7465 8.7253
6.9371 18.0103 6.6749 181.1520 6.7301 -176.3180 0.0000 0.0000 0.0000 -22.4668 -2.5137 -6.5795 1.3950 7.4721 21.1217 0.6477 -1.9460 -14.6624 0.0912 -1.9475 -5.3606 0.0000 0.0000 0.0000 12.3426 2.5715 -0.9943 -0.4457 -4.2835 11.8755 -0.2026 -4.9858 -11.7986 -0.0217 0.9505 -2.6127 -2.3354 0.4762 1.0690 -1.1847 0.6611 0.9800 0.0911 0.3381 0.3927 -16.1900 -11.5473 -8.0161 6.5570 -13.6865 -2.0558 3.7421 -6.4509 2.1584 0.0000 -0.0000 0.0000 -85.2555 0.1724 8.9642 16.2673 -25.8817 -3.7619 -0.0000 -0.0000 9.2789 -2.3351 38.0337 -1.4392 -7.1250 0.0000 -0.0000 -44.4201 62.3444 -20.8678 0.0000 -0.0000 0.0000 90.5497 2.7970 17.6676 -14.6615 23.6724 -3.0888 0.0000 -0.0000 -9.4665 -13.4986 22.1410 -5.1696 7.1250 -0.0000 -0.0000 9.6469 -7.5360 8.4217
6.9600 18.0245 6.7220 181.2320 5.8518 -175.7870 0.0000 0.0000 0.0000 -21.9970 -1.8830 -7.6937 1.3814 7.4372 21.0172 0.5971 -3.5152 -13.8232 0.1010 -2.0497 -5.6429 0.0000 0.0000 0.0000 12.6536 2.2832 -1.5973 -0.4475 -4.2921 11.8998 -0.1929 -5.4287 -12.0434 -0.0225 0.9674 -2.6591 -2.6078 0.1444 1.2476 -0.9584 0.1902 0.6081 0.4775 0.1035 -0.0811 -16.6891 -11.2032 -8.2424 7.1467 -13.2164 -1.3109 3.9949 -6.2462 2.4464 0.0000 0.0000 0.0000 -85.3851 0.4248 9.0106 16.0148 -25.5407 -3.6523 -0.0000 -0.0000 9.2706 -2.4753 38.3674 -1.5370 -7.1250 0.0000 -0.0000 -44.9916 62.5479 -21.4103 0.0000 0.0000 0.0000 90.1805 1.9750 18.4978 -15.0086 24.1581 -3.2295 0.0000 -0.0000 -10.7446 -13.6271 21.6801 -5.1176 7.1250 -0.0000 -0.0000 9.5487 -7.9832 8.2485
6.9540 18.0270 6.7192 181.2460 5.7933 -175.7320 0.0000 0.0000 0.0000 -22.0549 -2.3139 -7.4847 1.3675 7.4011 20.9093 0.5725 -3.2068 -13.5587 0.0655 -1.6510 -4.5421 0.0000 0.0000 0.0000 12.6037 2.2099 -1.6213 -0.4404 -4.2584 11.8049 -0.2232 -5.2677 -12.4121 -0.0429 1.3363 -3.6747 -2.5157 0.1659 1.1040 -0.9318 0.2247 0.6508 0.4533 0.1188 0.0422 -16.2920 -11.1810 -9.0936 6.6524 -13.1093 -0.0423 3.7213 -6.2426 2.8908 0.0000 0.0000 0.0000 -85.4691 0.5004 8.9122 15.8819 -25.3602 -3.5952 -0.0000 -0.0000 9.7691 -2.0982 38.2352 -1.2989 -7.1250 0.0000 -0.0000 -44.4622 62.5518 -21.1074 0.0000 0.0000 0.0000 90.1105 1.8829 18.3407 -15.2132 24.4423 -3.3137 0.0000 -0.0000 -10.6039 -13.4972 21.3804 -5.0009 7.1250 -0.0000 -0.0000 9.6200 -8.2988 8.2511
6.9258 18.0172 6.6744 181.0740 6.6768 -176.1910 0.0000 0.0000 0.0000 -22.6046 -2.2765 -6.6294 1.3498 7.3551 20.7716 0.6031 -1.9618 -14.1289 0.1130 -2.1677 -5.9693 0.0000 0.0000 0.0000 12.1769 2.4266 -1.1885 -0.4464 -4.2866 11.8843 -0.2127 -4.8672 -11.8680 -0.0471 1.4006 -3.8518 -2.3996 0.3505 0.9550 -0.9355 0.4846 0.8784 0.3838 0.2457 0.3530 -16.0108 -10.9167 -9.1515 6.0445 -12.7525 0.2582 3.5232 -6.0938 2.8934 -0.0000 0.0000 0.0000 -85.7234 0.4663 8.1786 15.7664 -25.2029 -3.5459 -0.0000 -0.0000 10.0883 -1.9465 38.3246 -1.2074 -7.1250 0.0000 -0.0000 -44.4381 62.6563 -21.2017 -0.0000 0.0000 0.0000 89.9190 1.9330 17.7075 -15.1257 24.3209 -3.2775 0.0000 -0.0000 -10.4549 -12.2796 22.4934 -4.7602 7.1250 -0.0000 -0.0000 10.4229 -7.3246 9.1660
6.9157 18.0099 6.6836 180.4960 6.5588 -176.3560 0.0000 0.0000 0.0000 -23.2482 -2.4764 -6.3494 1.3106 7.2516 20.4628 0.5793 -1.9212 -13.8468 0.0335 -1.1821 -3.2499 0.0000 0.0000 0.0000 11.4853 2.2117 -1.5023 -0.4920 -4.4973 12.4802 -0.2518 -4.5140 -12.2306 -0.0623 1.6104 -4.4301 -2.8456 0.2764 1.0783 -1.1210 0.3933 1.0053 0.4438 0.2016 0.4152 -15.3570 -10.6830 -9.4039 5.4200 -12.4478 0.5938 3.2521 -5.9687 2.9231 -0.0000 0.0000 0.0000 -85.6765 0.2303 7.7475 15.7889 -25.2336 -3.5555 -0.0000 -0.0000 10.2106 -2.2370 38.7064 -1.3993 -7.1250 0.0000 -0.0000 -45.2234 62.8533 -21.8664 -0.0000 0.0000 0.0000 90.0637 2.2286 17.1599 -14.9712 24.1060 -3.2142 0.0000 -0.0000 -10.4882 -12.1419 23.0265 -4.8104 7.1250 -0.0000 -0.0000 10.5265 -6.8095 9.3676
6.9099 18.0146 6.6926 180.8740 6.6593 -176.0990 0.0000 0.0000 0.0000 -22.8444 -2.3406 -6.7757 1.3354 7.3171 20.6583 0.5905 -1.9165 -13.9851 0.1613 -2.5880 -7.1337 0.0000 0.0000 0.0000 11.9013 2.4856 -1.5790 -0.4698 -4.3962 12.1941 -0.2406 -4.6650 -12.1706 -0.0348 1.2046 -3.3120 -2.3108 0.3743 0.8842 -1.0075 0.5236 0.9535 0.2610 0.2655 0.4701 -15.1508 -10.4620 -9.3594 4.9373 -12.1798 1.1975 3.0884 -5.8796 3.0317 -0.0000 -0.0000 0.0000 -85.7360 0.2644 7.6728 15.9213 -25.4138 -3.6121 -0.0000 -0.0000 10.0440 -2.1827 38.2349 -1.3512 -7.1250 0.0000 -0.0000 -44.5412 62.5295 -21.1298 -0.0000 -0.0000 0.0000 90.0061 2.1195 17.1871 -14.9975 24.1426 -3.2249 0.0000 -0.0000 -10.8365 -12.5690 22.5868 -4.8946 7.1250 -0.0000 -0.0000 10.2453 -7.1985 9.0300
6.9023 18.0209 6.6979 181.3480 6.6061 -175.9380 0.0000 0.0000 0.0000 -22.3129 -2.5099 -7.0792 1.3776 7.4273 20.9876 0.6264 -2.1923 -14.3622 0.1012 -2.0511 -5.6470 0.0000 0.0000 0.0000 12.4044 2.3382 -1.3607 -0.4147 -4.1336 11.4529 -0.1851 -4.9273 -11.4291 -0.0257 1.0354 -2.8462 -1.8503 0.1702 0.6768 -0.6388 0.2411 0.8103 0.3824 0.1205 0.4455 -16.2847 -9.8672 -9.1802 5.6734 -11.3894 2.3709 3.5229 -5.5412 3.3992 0.0000 0.0000 0.0000 -86.1553 0.5174 6.9322 15.8991 -25.3836 -3.6026 -0.0000 -0.0000 10.3037 -1.9455 38.0658 -1.1998 -7.1250 0.0000 -0.0000 -44.0956 62.4693 -20.8110 0.0000 0.0000 0.0000 89.6214 1.7393 17.8706 -15.0706 24.2444 -3.2549 0.0000 -0.0000 -10.5689 -13.0298 21.8273 -4.9178 7.1250 -0.0000 -0.0000 9.9304 -7.9045 8.6041
6.8926 18.0093 6.6958 181.8400 6.9400 -176.1310 0.0000 0.0000 0.0000 -21.8467 -2.4949 -6.8979 1.4183 7.5317 21.3004 0.6526 -1.9028 -14.7296 0.1417 -2.4262 -6.6849 0.0000 0.0000 0.0000 12.9291 2.6483 -0.9210 -0.3987 -4.0539 11.2282 -0.1997 -5.0145 -11.7730 -0.0678 1.6796 -4.6210 -1.4298 -0.0756 0.7386 -0.1088 -0.1013 0.6030 0.6904 -0.0522 0.2054 -16.6894 -9.0478 -7.9031 4.8385 -10.4226 2.7044 3.4607 -5.1313 3.1751 0.0000 -0.0000 0.0000 -86.9741 1.2749 5.9663 15.9407 -25.4402 -3.6204 -0.0000 -0.0000 10.2421 -1.6114 37.7486 -0.9866 -7.1250 0.0000 -0.0000 -43.3675 62.3251 -20.2491 0.0000 -0.0000 0.0000 88.8561 1.1622 18.8443 -14.9443 24.0684 -3.2032 0.0000 -0.0000 -10.0600 -12.7909 22.5081 -4.9670 7.1250 -0.0000 -0.0000 10.1039 -7.2514 8.8907
6.9030 18.0100 6.7082 181.7150 7.8533 -176.1310 0.0000 0.0000 0.0000 -22.0262 -1.8082 -7.0854 1.4124 7.5166 21.2552 0.6249 -1.4813 -14.4988 0.1931 -2.8298 -7.8052 0.0000 0.0000 0.0000 12.7612 3.4082 -1.1658 -0.4291 -4.2037 11.6504 -0.1856 -4.8920 -11.4063 -0.0356 1.2173 -3.3469 -2.0459 -0.2078 0.3434 0.4453 -0.2694 0.8815 1.6019 -0.1469 0.7220 -18.5307 -8.3360 -9.2044 5.4701 -9.0540 4.6912 3.9602 -4.5232 3.9683 0.0000 -0.0000 0.0000 -88.1513 0.9236 4.6620 16.1244 -25.6890 -3.6997 -0.0000 -0.0000 10.5563 -1.9372 38.0275 -1.1937 -7.1250 0.0000 -0.0000 -44.0374 62.4437 -20.7513 0.0000 -0.0000 0.0000 87.7711 1.7933 20.5182 -14.8382 23.9202 -3.1600 0.0000 -0.0000 -10.3317 -13.1263 22.1358 -5.0215 7.1250 -0.0000 -0.0000 9.8805 -7.5846 8.6225
6.8847 17.9974 6.7036 181.2610 7.1624 -176.3340 0.0000 0.0000 0.0000 -22.5306 -2.1998 -6.7686 1.3879 7.4538 21.0671 0.5980 -1.6053 -14.1457 0.1166 -2.2016 -6.0630 0.0000 0.0000 0.0000 12.2749 3.0649 -1.2111 -0.4662 -4.3793 12.1463 -0.2333 -4.8853 -12.2374 -0.0573 1.5442 -4.2477 -2.5908 -0.4696 0.5683 0.5626 -0.6327 0.5163 2.0307 -0.3240 0.2450 -18.2271 -7.7745 -8.3308 4.4832 -8.4199 6.2243 3.6720 -4.3264 4.1799 -0.0000 -0.0000 0.0000 -88.5257 1.5685 4.6124 16.3237 -25.9576 -3.7865 -0.0000 -0.0000 10.3587 -2.4700 38.6793 -1.5442 -7.1250 0.0000 -0.0000 -45.4051 62.7722 -21.8883 -0.0000 -0.0000 0.0000 87.4627 0.7282 20.7712 -15.0660 24.2380 -3.2530 0.0000 -0.0000 -10.3834 -13.2829 21.1724 -4.8735 7.1250 -0.0000 -0.0000 9.7490 -8.5317 8.3193
6.8826 18.0067 6.6981 180.7600 7.8061 -176.3900 0.0000 0.0000 0.0000 -23.1062 -1.7763 -6.7365 1.3547 7.3679 20.8100 0.6331 -1.7740 -14.5290 0.0476 -1.4087 -3.8742 0.0000 0.0000 0.0000 11.6683 3.5840 -1.3588 -0.4895 -4.4859 12.4478 -0.2465 -4.6786 -12.2808 -0.0548 1.5106 -4.1550 -3.0924 -0.2888 0.1763 0.4282 -0.3753 0.7213 2.1710 -0.2050 0.6636 -18.1417 -7.3584 -8.2843 4.6263 -7.9038 6.6681 3.7482 -4.0886 4.2566 -0.0000 0.0000 0.0000 -88.4558 1.2613 4.9873 16.5831 -26.3050 -3.9008 -0.0000 -0.0000 9.8468 -1.9333 38.2608 -1.1975 -7.1250 0.0000 -0.0000 -44.3411 62.6137 -21.1014 -0.0000 0.0000 0.0000 87.5474 0.9566 20.9124 -14.9939 24.1377 -3.2235 0.0000 -0.0000 -10.4117 -13.3232 22.0620 -5.0832 7.1250 -0.0000 -0.0000 9.7541 -7.6357 8.4988
6.8868 18.0001 6.7098 180.9240 7.9219 -176.4880 0.0000 0.0000 0.0000 -22.9262 -1.5814 -6.6886 1.3472 7.3482 20.7512 0.6226 -1.6151 -14.4404 0.1255 -2.2837 -6.2904 0.0000 0.0000 0.0000 11.8881 3.8474 -1.4461 -0.5246 -4.6415 12.8889 -0.2450 -4.7472 -12.3143 -0.0728 1.7405 -4.7891 -2.9952 0.0016 0.2235 0.3471 0.0158 0.8795 2.0349 -0.0110 0.7756 -16.8379 -7.1627 -8.3957 3.9706 -7.7279 6.7927 3.3607 -4.0070 4.2156 -0.0000 0.0000 0.0000 -88.1449 0.9201 5.7735 16.8180 -26.6173 -4.0055 -0.0000 -0.0000 9.4739 -2.1844 39.0161 -1.3756 -7.1250 0.0000 -0.0000 -45.5979 63.0875 -22.3350 -0.0000 0.0000 0.0000 88.0724 1.0755 19.9416 -15.0253 24.1813 -3.2363 0.0000 -0.0000 -10.7099 -13.5256 22.8107 -5.3279 7.1250 -0.0000 -0.0000 9.6571 -6.8617 8.5598
6.8837 18.0069 6.7152 181.5590 7.9878 -176.4430 0.0000 0.0000 0.0000 -22.2096 -1.6838 -6.8770 1.4092 7.5084 21.2306 0.6200 -1.6260 -14.4061 0.0197 -0.9063 -2.4909 0.0000 0.0000 0.0000 12.6203 3.9657 -0.9614 -0.4642 -4.3701 12.1202 -0.2030 -5.1304 -11.9394 -0.0684 1.6873 -4.6421 -2.4868 0.0512 0.1132 0.6389 0.0866 1.1107 2.0498 0.0216 1.0704 -16.6578 -6.8848 -8.2717 4.0653 -7.4209 5.8325 3.4059 -3.8102 3.8617 0.0000 -0.0000 0.0000 -88.3832 0.7701 5.9844 17.1052 -26.9963 -4.1350 -0.0000 -0.0000 9.3361 -1.8224 38.7224 -1.1403 -7.1250 0.0000 -0.0000 -44.8559 62.9750 -21.7766 0.0000 -0.0000 0.0000 87.9395 1.0890 20.2650 -15.2688 24.5192 -3.3367 0.0000 -0.0000 -10.9095 -13.9729 21.6014 -5.2339 7.1250 -0.0000 -0.0000 9.3274 -8.0219 8.0446
6.8673 18.0091 6.7206 181.5280 7.9313 -176.5650 0.0000 0.0000 0.0000 -22.3555 -2.2462 -6.5622 1.4183 7.5316 21.3002 0.6567 -1.2156 -14.9414 0.0483 -1.4189 -3.9022 0.0000 0.0000 0.0000 12.5145 3.7282 -0.8079 -0.4458 -4.2839 11.8767 -0.2084 -4.9811 -11.8966 -0.0611 1.5948 -4.3871 -2.3097 0.1568 0.4950 0.5661 0.2213 1.1578 1.8755 0.0939 0.8980 -16.3355 -6.5493 -8.7466 4.6937 -7.0059 4.8900 3.5867 -3.5380 3.6139 0.0000 0.0000 0.0000 -88.2936 1.0727 6.9862 17.4491 -27.4460 -4.2923 -0.0000 -0.0000 8.8927 -2.0184 38.0183 -1.2435 -7.1250 0.0000 -0.0000 -44.1020 62.4158 -20.7595 0.0000 0.0000 0.0000 88.0952 0.7811 19.5250 -15.4046 24.7067 -3.3933 0.0000 -0.0000 -10.9307 -12.7457 21.8625 -4.8148 7.1250 -0.0000 -0.0000 10.1102 -7.9014 8.7656
6.8345 18.0004 6.7126 181.4620 7.6192 -176.6500 0.0000 0.0000 0.0000 -22.6113 -2.9082 -6.1787 1.4019 7.4899 21.1751 0.6442 -0.6878 -14.9444 0.0694 -1.6992 -4.6751 0.0000 0.0000 0.0000 12.3127 3.2790 -0.7649 -0.4381 -4.2474 11.7737 -0.1759 -4.9860 -11.3156 -0.0302 1.1227 -3.0865 -1.6966 0.1800 0.4948 0.2642 0.2575 1.2682 1.2224 0.1182 1.0127 -15.8957 -6.3595 -9.2131 5.0248 -6.7493 3.7938 3.6452 -3.3423 3.3207 -0.0000 -0.0000 0.0000 -87.9325 1.2113 7.6485 17.4186 -27.4063 -4.2782 -0.0000 -0.0000 9.0906 -2.3288 38.0570 -1.4361 -7.1250 0.0000 -0.0000 -44.4446 62.3629 -20.9010 -0.0000 -0.0000 0.0000 88.6082 0.3222 20.4729 -15.6930 25.1026 -3.5147 0.0000 -0.0000 -10.7203 -15.1886 20.0981 -5.3296 7.1250 -0.0000 -0.0000 8.4949 -9.3970 7.0742
6.8270 18.0113 6.7203 181.7020 7.7121 -176.3330 0.0000 0.0000 0.0000 -22.3366 -2.9278 -6.5836 1.4037 7.4943 21.1883 0.6434 -0.7671 -14.9116 0.0652 -1.6470 -4.5312 0.0000 0.0000 0.0000 12.5352 3.4572 -0.8665 -0.4071 -4.0963 11.3477 -0.1844 -5.0536 -11.5354 -0.0422 1.3253 -3.6443 -1.2219 0.4150 0.4126 0.1619 0.5726 1.2969 0.8535 0.2804 1.0828 -15.0074 -6.3336 -10.7062 4.9244 -6.5594 3.5462 3.4604 -3.2037 3.4295 0.0000 -0.0000 0.0000 -87.5330 1.3446 9.1299 17.4845 -27.4920 -4.3086 -0.0000 -0.0000 8.7105 -2.3534 38.5413 -1.4669 -7.1250 0.0000 -0.0000 -45.1099 62.7046 -21.6437 0.0000 -0.0000 0.0000 89.0191 0.5907 18.4444 -15.1560 24.3630 -3.2900 0.0000 -0.0000 -10.5181 -13.3196 21.8872 -5.0437 7.1250 -0.0000 -0.0000 9.7500 -7.8112 8.4611
6.8189 18.0127 6.7176 181.3810 7.6115 -176.3100 0.0000 0.0000 0.0000 -22.7005 -2.7346 -6.6646 1.3888 7.4562 21.0743 0.6302 -1.0882 -14.6640 0.0819 -1.8456 -5.0791 0.0000 0.0000 0.0000 12.1209 3.3062 -0.7586 -0.3854 -3.9865 11.0386 -0.1793 -4.9977 -11.3895 -0.0573 1.5441 -4.2473 -2.0135 0.1749 0.9375 0.6284 0.2293 0.8210 1.7708 0.1080 0.3050 -16.6032 -5.8930 -12.3362 5.8103 -5.5336 4.9347 4.0240 -2.7128 4.0877 0.0000 0.0000 0.0000 -88.4385 1.7089 7.7614 16.7053 -26.4677 -3.9551 -0.0000 -0.0000 9.9159 -2.8736 38.0718 -1.7729 -7.1250 0.0000 -0.0000 -44.9749 62.2318 -21.0682 0.0000 0.0000 0.0000 87.9199 -0.2378 19.3283 -14.8813 23.9804 -3.1775 0.0000 -0.0000 -10.7640 -14.4436 22.4185 -5.6101 7.1250 -0.0000 -0.0000 9.0659 -7.1431 7.9712
6.8162 18.0123 6.7140 181.8510 7.5798 -176.0510 0.0000 0.0000 0.0000 -22.1827 -2.6885 -6.9614 1.4012 7.4879 21.1692 0.6053 -0.8936 -14.4182 0.0623 -1.6107 -4.4309 0.0000 0.0000 0.0000 12.6325 3.1941 -0.8041 -0.3554 -3.8298 10.5983 -0.1471 -5.1510 -10.9269 -0.0344 1.1976 -3.2926 -0.9083 1.0911 0.8643 -0.1712 1.4728 1.2270 0.3307 0.7381 0.7531 -14.0357 -6.7399 -15.0330 4.9624 -6.6072 5.9460 3.1939 -3.2211 4.8315 -0.0000 -0.0000 0.0000 -86.3018 -0.1736 10.2427 15.9089 -25.3970 -3.6068 -0.0000 -0.0000 10.3195 -2.9163 38.4721 -1.8153 -7.1250 0.0000 -0.0000 -45.5437 62.5069 -21.6892 -0.0000 -0.0000 0.0000 89.9045 0.9513 15.4917 -14.5828 23.5617 -3.0572 0.0000 -0.0000 -9.3043 -14.0212 21.1294 -5.1438 7.1250 -0.0000 -0.0000 9.2791 -8.4909 7.9146
6.8093 18.0210 6.7068 181.3560 7.5653 -175.9530 0.0000 0.0000 0.0000 -22.7429 -3.0502 -6.9731 1.3922 7.4650 21.1004 0.6073 -0.9398 -14.4294 0.0206 -0.9274 -2.5490 0.0000 0.0000 0.0000 12.0566 3.4859 -0.8965 -0.3643 -3.8772 10.7315 -0.1464 -5.3875 -11.1522 -0.0152 0.7965 -2.1891 -1.1904 1.0490 0.4470 -0.4376 1.4191 1.0510 0.2226 0.7090 0.8074 -13.4951 -6.4476 -14.8718 4.0687 -6.2689 6.8028 2.8572 -3.1320 4.9981 -0.0000 -0.0000 0.0000 -85.9459 -0.2379 9.7245 15.3332 -24.6082 -3.3635 -0.0000 -0.0000 10.7922 -2.3345 38.1423 -1.4423 -7.1250 0.0000 -0.0000 -44.5618 62.4229 -21.0309 -0.0000 -0.0000 0.0000 90.1878 1.2069 14.0964 -13.9550 22.6703 -2.8107 0.0000 -0.0000 -8.1914 -13.0601 21.9156 -4.9484 7.1250 -0.0000 -0.0000 9.9143 -7.8127 8.6079
6.8053 18.0188 6.6978 181.6180 7.5878 -176.0280 0.0000 0.0000 0.0000 -22.4401 -2.4788 -7.1017 1.4062 7.5008 21.2079 0.6381 -1.4498 -14.6639 0.0405 -1.2996 -3.5736 0.0000 0.0000 0.0000 12.3728 3.6002 -0.5441 -0.3462 -3.7807 10.4606 -0.1485 -5.6231 -11.4329 -0.0269 1.0593 -2.9119 -1.0274 0.9887 0.2411 -0.2191 1.3398 1.1679 0.3601 0.6678 1.0420 -14.0040 -6.2022 -15.8544 3.9744 -5.6906 8.7035 2.9308 -2.9253 5.7229 -0.0000 0.0000 0.0000 -86.0658 -0.6341 8.9624 15.0461 -24.2104 -3.2448 -0.0000 -0.0000 11.1290 -2.0356 38.2994 -1.2619 -7.1250 0.0000 -0.0000 -44.4884 62.6146 -21.1877 -0.0000 0.0000 0.0000 89.7035 1.5874 14.9317 -13.8431 22.5099 -2.7677 0.0000 -0.0000 -8.3119 -14.0371 21.2841 -5.1856 7.1250 -0.0000 -0.0000 9.2747 -8.3334 7.9401
6.8015 18.0003 6.6872 181.2020 7.5777 -176.2920 0.0000 0.0000 0.0000 -22.9321 -2.0369 -6.7359 1.3576 7.3754 20.8323 0.6169 -1.5755 -14.3811 0.1267 -2.2946 -6.3205 0.0000 0.0000 0.0000 11.9074 3.6923 -0.7298 -0.4103 -4.1120 11.3921 -0.1648 -5.4281 -11.5394 -0.0192 0.8949 -2.4595 -1.3989 0.9291 0.1775 -0.3689 1.2641 1.1055 0.4149 0.6279 1.0103 -14.2378 -5.8247 -16.2283 3.6505 -5.0298 11.1022 2.9189 -2.7165 6.4996 -0.0000 0.0000 0.0000 -85.7909 -0.4849 8.7320 15.1567 -24.3640 -3.2903 -0.0000 -0.0000 10.9196 -1.6445 37.9088 -1.0106 -7.1250 0.0000 -0.0000 -43.6062 62.4335 -20.4948 -0.0000 0.0000 0.0000 89.6184 1.5792 15.1366 -13.9492 22.6620 -2.8085 0.0000 -0.0000 -8.2241 -16.1614 19.9101 -5.6362 7.1250 -0.0000 -0.0000 7.8616 -9.4734 6.5238
6.7921 17.9964 6.6716 181.0370 7.5254 -176.4220 0.0000 0.0000 0.0000 -23.1795 -2.1882 -6.5100 1.3608 7.3836 20.8570 0.6299 -1.5423 -14.5441 0.0572 -1.5439 -4.2466 0.0000 0.0000 0.0000 11.6812 3.4898 -0.7398 -0.4292 -4.2045 11.6526 -0.1834 -5.1778 -11.6354 -0.0282 1.0840 -2.9801 -1.5058 1.0151 -0.0933 -0.4958 1.3788 0.8521 0.3479 0.6851 0.9012 -13.1952 -5.6371 -14.9740 1.6404 -4.8105 12.5619 2.1447 -2.7634 6.6790 -0.0000 -0.0000 0.0000 -85.4651 -0.1027 9.1404 15.3961 -24.6949 -3.3897 -0.0000 -0.0000 10.5902 -2.4726 38.3875 -1.5360 -7.1250 0.0000 -0.0000 -45.0161 62.5631 -21.4405 -0.0000 -0.0000 0.0000 89.6059 1.1857 15.3146 -14.1473 22.9449 -2.8853 0.0000 -0.0000 -8.9407 -14.3215 21.5441 -5.3558 7.1250 -0.0000 -0.0000 9.1047 -8.0382 7.8445
6.7800 17.9900 6.6565 181.2720 7.4615 -176.3390 0.0000 0.0000 0.0000 -23.0032 -2.7322 -6.4564 1.3973 7.4781 21.1398 0.6527 -1.1469 -14.9137 0.0699 -1.7063 -4.6946 0.0000 0.0000 0.0000 11.8959 3.5661 -0.6908 -0.4283 -4.2002 11.6405 -0.1808 -5.3482 -11.7516 -0.0158 0.8116 -2.2305 -1.1821 0.0965 -1.0451 -0.0119 0.1505 0.6917 0.6535 0.0658 1.2909 -15.2415 -4.5244 -13.5695 2.0646 -3.0286 14.0838 2.8227 -1.9953 6.8628 0.0000 -0.0000 0.0000 -86.5138 0.8160 6.4615 15.9376 -25.4359 -3.6191 -0.0000 -0.0000 10.0170 -1.1479 38.4716 -0.7142 -7.1250 0.0000 -0.0000 -43.8803 62.9739 -21.2033 0.0000 -0.0000 0.0000 88.5584 1.2102 18.0228 -14.1521 22.9517 -2.8871 0.0000 -0.0000 -8.6500 -14.1847 22.2348 -5.4633 7.1250 -0.0000 -0.0000 9.2201 -7.3597 8.0710
6.7772 17.9891 6.6559 181.7260 7.5009 -176.3490 0.0000 0.0000 0.0000 -22.5178 -2.7204 -6.5926 1.4458 7.6012 21.5091 0.6689 -1.0539 -15.1273 0.1329 -2.3500 -6.4739 0.0000 0.0000 0.0000 12.4116 3.4278 -0.3822 -0.3865 -3.9923 11.0550 -0.1469 -5.4951 -11.2704 -0.0213 0.9426 -2.5908 -0.3385 0.1095 -0.9778 -0.2815 0.1555 0.4974 -0.0954 0.0772 1.0568 -15.2194 -4.3742 -13.8178 1.8571 -2.5477 16.9457 2.8199 -1.8598 7.8170 0.0000 -0.0000 0.0000 -85.8363 1.1577 6.8971 16.3181 -25.9500 -3.7841 -0.0000 -0.0000 9.3314 -1.5158 38.3116 -0.9398 -7.1250 0.0000 -0.0000 -44.0143 62.7604 -21.0633 0.0000 -0.0000 0.0000 88.9114 0.9310 18.9492 -14.6124 23.6033 -3.0690 0.0000 -0.0000 -9.7401 -13.5791 22.2942 -5.2354 7.1250 -0.0000 -0.0000 9.6024 -7.3729 8.4128
6.7732 17.9807 6.6524 181.8990 7.5447 -176.5440 0.0000 0.0000 0.0000 -22.3110 -2.2342 -6.6250 1.4628 7.6438 21.6373 0.6777 -1.5069 -15.1106 0.1325 -2.3460 -6.4629 0.0000 0.0000 0.0000 12.5762 3.2393 -0.0920 -0.3752 -3.9341 10.8913 -0.1497 -5.3734 -11.2016 -0.0188 0.8850 -2.4324 -0.6934 -0.0878 -1.3415 0.2251 -0.1034 0.8564 0.6163 -0.0595 1.6305 -16.0470 -4.3346 -14.4578 1.2119 -1.8292 18.7888 2.8269 -1.6645 8.5221 0.0000 0.0000 0.0000 -86.7281 0.7898 6.7539 16.9571 -26.8011 -4.0680 -0.0000 -0.0000 9.0044 -1.5804 39.2357 -0.9998 -7.1250 0.0000 -0.0000 -45.3366 63.4060 -22.5116 0.0000 0.0000 0.0000 87.6104 1.3339 20.8500 -15.1886 24.4083 -3.3035 0.0000 -0.0000 -11.7273 -12.2915 22.2664 -4.7195 7.1250 -0.0000 -0.0000 10.4082 -7.5494 9.1060
6.7725 17.9744 6.6529 181.7820 7.5658 -176.9140 0.0000 0.0000 0.0000 -22.4665 -2.2494 -6.1438 1.4587 7.6335 21.6064 0.6794 -1.4243 -15.1505 0.0969 -2.0072 -5.5255 0.0000 0.0000 0.0000 12.4527 3.0690 0.1084 -0.3945 -4.0331 11.1698 -0.1645 -5.3770 -11.4818 -0.0278 1.0765 -2.9593 -1.0103 -0.0827 -1.1708 0.2659 -0.0900 0.9895 0.8363 -0.0566 1.6717 -16.5390 -4.0832 -14.2787 1.4311 -1.3289 19.6847 3.0554 -1.4551 8.7674 -0.0000 0.0000 0.0000 -87.1459 1.0578 6.8133 17.4229 -27.4120 -4.2802 -0.0000 -0.0000 8.6763 -0.8167 38.4788 -0.5082 -7.1250 0.0000 -0.0000 -43.5757 63.0672 -21.1205 -0.0000 0.0000 0.0000 87.2719 1.4419 21.6488 -15.4849 24.8172 -3.4269 0.0000 -0.0000 -12.1100 -12.0388 22.0930 -4.5860 7.1250 -0.0000 -0.0000 10.5613 -7.7502 9.2024
6.7759 17.9738 6.6610 181.3760 7.6732 -177.0060 0.0000 0.0000 0.0000 -22.9107 -1.9377 -6.1175 1.4284 7.5573 21.3774 0.6645 -1.4851 -14.9640 0.0725 -1.7371 -4.7797 0.0000 0.0000 0.0000 12.0133 3.2119 -0.2350 -0.4432 -4.2714 11.8414 -0.1846 -5.0076 -11.4957 -0.0335 1.1819 -3.2494 -1.5161 -0.0918 -0.9922 0.0328 -0.0899 1.0203 0.8812 -0.0600 1.6037 -16.0291 -4.2415 -14.3220 0.6857 -1.4462 19.9278 2.7058 -1.5499 8.8663 -0.0000 -0.0000 0.0000 -87.0267 1.0621 7.2536 17.5346 -27.5572 -4.3318 -0.0000 -0.0000 7.8778 0.2149 37.6541 0.1313 -7.1250 0.0000 -0.0000 -41.5034 62.7314 -19.6037 -0.0000 -0.0000 0.0000 87.6757 1.8307 21.5161 -15.5720 24.9369 -3.4635 0.0000 -0.0000 -11.8973 -12.6741 22.3180 -4.8812 7.1250 -0.0000 -0.0000 10.1703 -7.4546 8.9101
6.7803 17.9656 6.6660 181.0220 7.8288 -177.1880 0.0000 0.0000 0.0000 -23.2822 -1.8394 -5.8238 1.3904 7.4603 21.0864 0.6258 -1.1976 -14.5821 0.0830 -1.8580 -5.1134 0.0000 0.0000 0.0000 11.6421 3.2872 -0.4278 -0.4871 -4.4753 12.4177 -0.2074 -4.8002 -11.7144 -0.0309 1.1349 -3.1200 -2.2306 0.0399 -0.7200 -0.0294 0.0921 0.9383 1.2217 0.0269 1.3616 -16.1208 -4.3125 -13.1155 0.7176 -1.8430 18.8214 2.6837 -1.6911 8.3028 -0.0000 -0.0000 0.0000 -87.2896 1.3359 7.4330 17.5425 -27.5673 -4.3354 -0.0000 -0.0000 8.2471 0.5342 36.7054 0.3193 -7.1250 0.0000 -0.0000 -40.0058 62.0966 -18.1754 -0.0000 -0.0000 0.0000 87.0865 -0.9890 23.0476 -17.3882 27.3667 -4.2643 0.0000 -0.0000 -12.7577 -13.5326 21.8745 -5.1241 7.1250 -0.0000 -0.0000 9.6154 -7.7992 8.3431
6.7715 17.9779 6.6662 181.1580 7.7009 -177.1160 0.0000 0.0000 0.0000 -23.1449 -1.9243 -5.9388 1.4219 7.5408 21.3277 0.6470 -1.4237 -14.7750 0.0501 -1.4444 -3.9725 0.0000 0.0000 0.0000 11.7681 3.2065 -0.1095 -0.4382 -4.2476 11.7742 -0.1928 -4.9533 -11.5939 -0.0151 0.7922 -2.1772 -2.2377 0.0062 -0.4391 -0.0319 0.0357 0.7461 1.2219 0.0033 1.0091 -16.4912 -4.3874 -13.7966 1.2641 -1.8101 19.5979 2.9339 -1.6884 8.6968 0.0000 0.0000 0.0000 -87.3830 1.6638 7.7237 17.3054 -27.2586 -4.2262 -0.0000 -0.0000 7.5515 0.4012 37.2060 0.2426 -7.1250 0.0000 -0.0000 -40.7540 62.4429 -18.9103 0.0000 0.0000 0.0000 87.4201 0.5778 22.5142 -16.2601 25.8720 -3.7587 0.0000 -0.0000 -12.0983 -13.8026 21.3150 -5.1030 7.1250 -0.0000 -0.0000 9.4244 -8.3296 8.0726
6.7783 17.9876 6.6764 181.7950 7.9879 -176.8620 0.0000 0.0000 0.0000 -22.4212 -1.8596 -6.3285 1.4511 7.6144 21.5490 0.6337 -1.2819 -14.6538 0.0022 -0.3019 -0.8296 0.0000 0.0000 0.0000 12.4947 3.5629 0.1494 -0.3807 -3.9626 10.9714 -0.1492 -5.3662 -11.1844 -0.0073 0.5518 -1.5163 -1.9615 0.0230 -0.2353 0.2885 0.0432 0.5689 1.3951 0.0108 0.7127 -16.9972 -4.3453 -13.4881 1.6188 -1.8319 18.9783 3.1273 -1.6790 8.4394 -0.0000 -0.0000 0.0000 -87.8538 2.0702 7.0221 17.2393 -27.1721 -4.1960 -0.0000 -0.0000 8.5395 -1.4140 38.3455 -0.8774 -7.1250 0.0000 -0.0000 -43.9632 62.8118 -21.0863 -0.0000 -0.0000 0.0000 87.1810 0.6676 22.3433 -15.7525 25.1839 -3.5400 0.0000 -0.0000 -11.9246 -12.8855 22.4468 -4.9920 7.1250 -0.0000 -0.0000 10.0426 -7.3016 8.8249
6.7663 17.9929 6.6764 182.5480 7.7595 -176.5190 0.0000 0.0000 0.0000 -21.6718 -2.8635 -6.4392 1.4913 7.7145 21.8504 0.6517 -0.6190 -15.0533 0.0069 -0.5356 -1.4718 0.0000 0.0000 0.0000 13.2744 3.1191 0.4547 -0.2964 -3.5007 9.6760 -0.1037 -5.5763 -10.4990 -0.0101 0.6501 -1.7865 -1.0509 0.0502 -0.2433 0.3092 0.0723 0.4391 0.9058 0.0313 0.5839 -17.1586 -4.5608 -14.3010 2.2354 -2.0231 20.0108 3.3493 -1.7727 8.9645 0.0000 -0.0000 0.0000 -87.7678 1.8015 6.5604 16.6560 -26.4020 -3.9331 -0.0000 -0.0000 9.6029 -2.5381 38.3372 -1.5750 -7.1250 0.0000 -0.0000 -45.0105 62.5098 -21.3813 0.0000 -0.0000 0.0000 87.3140 0.6511 22.9937 -15.6427 25.0337 -3.4934 0.0000 -0.0000 -11.0759 -15.4795 20.8919 -5.6401 7.1250 -0.0000 -0.0000 8.3418 -8.5579 7.0852
6.7629 18.0058 6.6786 181.8290 7.7247 -176.4160 0.0000 0.0000 0.0000 -22.3731 -2.0597 -6.9509 1.4855 7.7002 21.8071 0.6639 -1.5274 -14.9471 0.0168 -0.8367 -2.2997 0.0000 0.0000 0.0000 12.4627 3.0632 0.4090 -0.2768 -3.3842 9.3504 -0.0953 -5.6118 -10.3617 -0.0100 0.6473 -1.7787 -1.8813 -0.0185 -0.0754 0.0128 -0.0186 0.2380 1.0673 -0.0128 0.2865 -16.4868 -4.6050 -14.3216 1.6544 -2.0872 20.1945 3.0354 -1.8158 9.0236 0.0000 0.0000 0.0000 -87.7838 1.8843 5.8826 16.1161 -25.6778 -3.6961 -0.0000 -0.0000 10.4540 -2.4562 38.1145 -1.5166 -7.1250 0.0000 -0.0000 -44.6397 62.3712 -21.0218 0.0000 0.0000 0.0000 87.6654 0.8894 21.7825 -15.1134 24.3038 -3.2725 0.0000 -0.0000 -10.8045 -13.1088 21.6877 -4.9186 7.1250 -0.0000 -0.0000 9.8758 -8.0351 8.5295
6.7601 17.9958 6.6813 181.7970 7.6317 -176.4050 0.0000 0.0000 0.0000 -22.4522 -2.1919 -6.8429 1.4661 7.6520 21.6621 0.6486 -1.4113 -14.7971 0.1042 -2.0810 -5.7297 0.0000 0.0000 0.0000 12.4458 2.9607 0.0875 -0.2994 -3.5182 9.7250 -0.0999 -5.5367 -10.3764 -0.0620 1.6061 -4.4182 -1.8943 0.0248 -0.1696 -0.1299 0.0454 0.3949 0.9289 0.0172 0.4979 -16.4244 -4.8717 -14.0257 1.5521 -2.4903 20.2540 2.9424 -2.0112 9.0290 -0.0000 -0.0000 0.0000 -87.6450 1.5604 5.6773 15.8577 -25.3273 -3.5849 -0.0000 -0.0000 10.6503 -2.4099 37.4942 -1.4674 -7.1250 0.0000 -0.0000 -43.7958 61.9328 -20.0879 -0.0000 -0.0000 0.0000 87.9347 1.1461 21.3076 -14.9194 24.0338 -3.1931 0.0000 -0.0000 -10.0638 -13.3357 21.8265 -5.0367 7.1250 -0.0000 -0.0000 9.7377 -7.8702 8.4387
6.7537 17.9977 6.6763 181.9390 7.6254 -176.3970 0.0000 0.0000 0.0000 -22.2147 -1.1892 -7.3161 1.4848 7.6986 21.8023 0.6721 -2.6486 -14.8120 0.0646 -1.6395 -4.5104 0.0000 0.0000 0.0000 12.5506 2.9830 0.0659 -0.3106 -3.5827 9.9056 -0.1097 -5.5664 -10.6115 -0.0200 0.9136 -2.5112 -1.7656 0.3993 -0.0778 -0.3729 0.5433 0.2680 0.6096 0.2701 0.3051 -15.6791 -4.9415 -12.9786 1.3928 -2.8780 20.4250 2.7389 -2.1464 8.9120 0.0000 0.0000 0.0000 -87.1030 1.8435 6.8790 15.7079 -25.1230 -3.5210 -0.0000 -0.0000 10.8056 -2.5207 37.8524 -1.5474 -7.1250 0.0000 -0.0000 -44.3588 62.1650 -20.6461 0.0000 0.0000 0.0000 88.5626 0.5939 19.7968 -14.9569 24.0860 -3.2083 0.0000 -0.0000 -9.2671 -13.7980 22.3165 -5.3277 7.1250 -0.0000 -0.0000 9.4661 -7.3244 8.2991
6.7572 17.9990 6.6853 181.9160 7.5725 -176.3420 0.0000 0.0000 0.0000 -22.2881 -2.1166 -7.1233 1.4923 7.7171 21.8581 0.6677 -1.6917 -14.9515 0.1134 -2.1713 -5.9792 0.0000 0.0000 0.0000 12.5669 3.1559 -0.0110 -0.3182 -3.6262 10.0273 -0.1051 -5.7270 -10.6949 -0.0125 0.7225 -1.9855 -1.9370 0.3085 -0.0596 -0.3811 0.4256 0.4038 0.6972 0.2095 0.4356 -15.5170 -5.0284 -12.5991 1.0367 -3.0587 19.8794 2.5689 -2.2364 8.6637 0.0000 -0.0000 0.0000 -87.1278 1.5552 6.4529 15.6393 -25.0291 -3.4920 -0.0000 -0.0000 10.9688 -2.0257 37.7868 -1.2415 -7.1250 0.0000 -0.0000 -43.8083 62.2455 -20.4170 0.0000 -0.0000 0.0000 88.3333 0.4811 20.9559 -15.3016 24.5646 -3.3503 0.0000 -0.0000 -10.4582 -13.9154 21.4987 -5.1882 7.1250 -0.0000 -0.0000 9.3598 -8.1318 8.0528
6.7549 17.9876 6.6728 181.7690 8.1554 -176.6380 0.0000 0.0000 0.0000 -22.5825 -2.0174 -6.6273 1.4671 7.6546 21.6699 0.6693 -1.0590 -15.1304 0.0513 -1.4610 -4.0182 0.0000 0.0000 0.0000 12.3421 3.3678 -0.0095 -0.3505 -3.8040 10.5258 -0.1356 -5.2651 -10.8165 -0.0213 0.9413 -2.5873 -1.6796 1.2494 -0.3236 -1.2539 1.7619 1.7549 -0.3082 0.8854 1.9695 -14.0455 -5.9603 -15.5162 1.2731 -4.3508 20.9010 2.1986 -2.7991 9.6076 0.0000 0.0000 0.0000 -85.4638 -0.9324 9.0396 15.6784 -25.0827 -3.5085 -0.0000 -0.0000 10.5624 -1.8670 37.7824 -1.1441 -7.1250 0.0000 -0.0000 -43.6527 62.2834 -20.3679 0.0000 0.0000 0.0000 90.1403 3.0254 16.8263 -14.9950 24.1391 -3.2239 0.0000 -0.0000 -9.5093 -12.6630 22.2811 -4.8692 7.1250 -0.0000 -0.0000 10.1760 -7.4928 8.9075
6.7783 17.9917 6.6742 181.4760 7.6729 -176.7130 0.0000 0.0000 0.0000 -22.7194 -1.5755 -6.5715 1.4272 7.5542 21.3681 0.6316 -1.5081 -14.5723 0.1087 -2.1255 -5.8527 0.0000 0.0000 0.0000 12.2017 3.4250 -0.1462 -0.3991 -4.0559 11.2340 -0.1562 -5.4860 -11.4364 -0.0114 0.6904 -1.8974 -2.2584 1.0876 -0.2945 -1.2702 1.5630 1.8455 -0.0048 0.7789 2.0336 -14.5805 -6.0294 -15.2912 1.8876 -4.4948 20.9469 2.4834 -2.8449 9.6233 0.0000 -0.0000 0.0000 -85.4210 -0.6792 9.4832 15.9542 -25.4585 -3.6262 -0.0000 -0.0000 9.9750 -2.0711 38.3648 -1.2858 -7.1250 0.0000 -0.0000 -44.6087 62.6524 -21.2967 0.0000 -0.0000 0.0000 89.8120 2.5649 17.8468 -15.3083 24.5738 -3.3531 0.0000 -0.0000 -10.7748 -11.6424 22.5403 -4.5160 7.1250 -0.0000 -0.0000 10.8221 -7.3491 9.5248
6.7682 17.9880 6.6800 181.2830 8.0975 -176.8700 0.0000 0.0000 0.0000 -23.0314 -1.4645 -6.2519 1.4037 7.4944 21.1886 0.6647 -1.5927 -14.9402 0.1162 -2.1980 -6.0531 0.0000 0.0000 0.0000 11.9015 3.5641 -0.4803 -0.4486 -4.2969 11.9135 -0.1808 -5.0370 -11.4545 -0.0146 0.7792 -2.1414 -2.3516 1.3301 0.0617 -1.4472 1.8898 1.8829 -0.1366 0.9480 1.8701 -14.6943 -6.1475 -14.7004 2.0422 -4.7892 20.5152 2.5243 -2.9664 9.3943 -0.0000 -0.0000 0.0000 -85.2841 -0.6811 9.7697 16.0315 -25.5634 -3.6596 -0.0000 -0.0000 10.1220 -2.3625 38.3382 -1.4660 -7.1250 0.0000 -0.0000 -44.8470 62.5567 -21.3354 -0.0000 -0.0000 0.0000 90.2178 2.8125 17.6875 -15.1635 24.3734 -3.2931 0.0000 -0.0000 -9.2757 -14.4819 22.1363 -5.5587 7.1250 -0.0000 -0.0000 9.0289 -7.4225 7.8880
6.7751 17.9943 6.6845 181.3440 8.6073 -176.7130 0.0000 0.0000 0.0000 -22.9725 -1.3897 -6.5535 1.4109 7.5127 21.2436 0.6691 -1.2277 -15.0832 0.0626 -1.6140 -4.4399 0.0000 0.0000 0.0000 11.9939 4.0828 -0.5137 -0.4337 -4.2259 11.7130 -0.1828 -5.1624 -11.6090 -0.0514 1.4633 -4.0246 -1.7875 1.3999 -1.3766 -1.9988 2.1153 2.9417 -0.9555 1.0833 3.8128 -13.9382 -6.2232 -15.2743 2.1110 -5.1427 19.4523 2.3629 -3.0730 9.1225 0.0000 -0.0000 0.0000 -84.2412 -2.6570 9.2720 15.6793 -25.0839 -3.5089 -0.0000 -0.0000 10.2489 -1.4787 38.5293 -0.9212 -7.1250 0.0000 -0.0000 -44.2707 62.9277 -21.3840 0.0000 -0.0000 0.0000 91.1121 4.9129 16.0081 -15.8547 25.3232 -3.5836 0.0000 -0.0000 -12.7034 -6.8042 16.9679 -1.9943 7.1250 -0.0000 -0.0000 13.9246 -13.2540 10.6886
6.7583 17.9819 6.6935 181.5610 9.0110 -176.7320 0.0000 0.0000 0.0000 -22.8456 -1.3032 -6.6256 1.4265 7.5524 21.3627 0.6647 -0.9518 -15.1075 0.1091 -2.1295 -5.8636 0.0000 0.0000 0.0000 12.0669 4.1593 -0.5998 -0.4364 -4.2392 11.7507 -0.1820 -4.7461 -11.2046 -0.0106 0.6639 -1.8243 -1.5258 1.5555 -1.0534 -1.9407 2.2920 2.8160 -1.0456 1.1767 3.5076 -14.0573 -6.2020 -14.7458 2.2614 -5.2141 19.0906 2.4350 -3.0927 8.9149 -0.0000 -0.0000 0.0000 -84.2413 -2.4470 9.2345 15.6425 -25.0335 -3.4933 -0.0000 -0.0000 10.3221 -1.6340 38.4717 -1.0167 -7.1250 0.0000 -0.0000 -44.3401 62.8450 -21.3394 -0.0000 -0.0000 0.0000 91.0527 4.2537 16.5264 -14.8577 23.9475 -3.1680 0.0000 -0.0000 -9.7133 -11.7848 22.4940 -4.5637 7.1250 -0.0000 -0.0000 10.7319 -7.3794 9.4360
6.7722 18.0113 6.7551 181.5390 7.4810 -176.0310 0.0000 0.0000 0.0000 -22.4887 -1.5234 -7.7893 1.4438 7.5961 21.4938 0.6261 -2.5758 -14.2908 0.0371 -1.2430 -3.4178 0.0000 0.0000 0.0000 12.2621 3.5044 -1.2911 -0.4171 -4.1454 11.4861 -0.1655 -5.4827 -11.6062 -0.0166 0.8320 -2.2866 -1.9184 1.0725 -1.0147 -1.8127 1.6307 2.5517 -0.7251 0.8308 3.1920 -14.2462 -6.2574 -14.6416 2.5143 -5.3258 19.0138 2.5387 -3.1339 8.8914 0.0000 -0.0000 0.0000 -84.2390 -2.5253 8.9606 15.5718 -24.9366 -3.4634 -0.0000 -0.0000 10.6548 -2.0503 37.5418 -1.2496 -7.1250 0.0000 -0.0000 -43.5172 62.0600 -20.0628 0.0000 -0.0000 0.0000 91.1253 4.3712 16.7479 -14.6078 23.5969 -3.0672 0.0000 -0.0000 -8.8608 -13.8178 22.0007 -5.2643 7.1250 -0.0000 -0.0000 9.4408 -7.6390 8.2173
6.7708 18.0043 6.7443 181.9630 7.3636 -176.0140 0.0000 0.0000 0.0000 -21.9849 -1.3389 -7.8009 1.4521 7.6170 21.5568 0.6340 -2.7345 -14.3580 0.2676 -3.3276 -9.1920 0.0000 0.0000 0.0000 12.7780 3.3570 -0.9084 -0.3788 -3.9527 10.9436 -0.1461 -5.7276 -11.4966 -0.0530 1.4859 -4.0869 -3.1067 1.0135 1.7278 -0.4576 1.3120 0.4688 1.2424 0.6661 -0.5464 -15.7616 -6.0400 -13.8992 2.1138 -4.4296 20.9094 2.7863 -2.8556 9.4015 -0.0000 0.0000 0.0000 -86.1473 1.3105 9.1810 15.9620 -25.4690 -3.6296 -0.0000 -0.0000 10.3392 -1.9707 37.3064 -1.1947 -7.1250 0.0000 -0.0000 -43.1443 61.9074 -19.6994 -0.0000 0.0000 0.0000 88.9965 0.5425 16.4016 -14.9275 24.0451 -3.1964 0.0000 -0.0000 -10.1996 -10.8228 22.5977 -4.2014 7.1250 -0.0000 -0.0000 11.3343 -7.3809 9.9868
6.7656 18.0226 6.7564 182.5030 7.0274 -175.6340 0.0000 0.0000 0.0000 -21.3682 -2.0978 -8.2429 1.5141 7.7707 22.0198 0.6569 -2.7736 -14.6177 0.0353 -1.2135 -3.3365 0.0000 0.0000 0.0000 13.3629 3.1796 -0.6001 -0.2978 -3.5090 9.6993 -0.0779 -6.2759 -10.7634 -0.0072 0.5491 -1.5088 -2.5748 0.8441 1.6274 -0.2951 1.0915 0.3744 1.1172 0.5538 -0.5706 -15.8062 -6.0402 -13.9657 2.1945 -4.4483 20.7519 2.8162 -2.8596 9.3617 0.0000 -0.0000 0.0000 -86.0745 1.2861 9.1816 16.0186 -25.5459 -3.6540 -0.0000 -0.0000 10.1455 -2.0896 37.4788 -1.2718 -7.1250 0.0000 -0.0000 -43.4743 62.0037 -19.9812 0.0000 -0.0000 0.0000 89.0929 0.5468 17.7235 -14.9609 24.0916 -3.2100 0.0000 -0.0000 -9.2500 -14.1704 20.8486 -5.1349 7.1250 -0.0000 -0.0000 9.1740 -8.7564 7.7735
6.7620 18.0236 6.7633 181.8840 7.0389 -175.5590 0.0000 0.0000 0.0000 -22.0950 -2.1671 -8.2098 1.4667 7.6536 21.6669 0.6304 -2.5188 -14.3510 0.1088 -2.1269 -5.8565 0.0000 0.0000 0.0000 12.6296 3.2609 -1.1434 -0.3381 -3.7365 10.3364 -0.1005 -6.0320 -10.9424 -0.0065 0.5222 -1.4348 -2.7395 0.7829 0.9427 -0.8490 1.0545 0.7804 0.6575 0.5298 0.2382 -15.5753 -6.1172 -13.7531 2.4994 -4.8166 19.9095 2.8345 -2.9806 9.0539 0.0000 -0.0000 0.0000 -85.3961 0.4520 9.1485 15.9039 -25.3901 -3.6046 -0.0000 -0.0000 10.0791 -1.5440 37.7726 -0.9459 -7.1250 0.0000 -0.0000 -43.3347 62.3601 -20.2661 0.0000 -0.0000 0.0000 89.5412 1.3883 17.1714 -14.8471 23.9327 -3.1637 0.0000 -0.0000 -10.1090 -12.7103 21.9336 -4.8158 7.1250 -0.0000 -0.0000 10.1349 -7.8343 8.8013
6.7588 18.0224 6.7701 181.9070 7.2048 -175.6980 0.0000 0.0000 0.0000 -22.0788 -1.7940 -8.1345 1.4485 7.6080 21.5298 0.6236 -2.6582 -14.2477 0.1043 -2.0823 -5.7332 0.0000 0.0000 0.0000 12.6463 3.3662 -1.0585 -0.3429 -3.7627 10.4101 -0.1019 -6.0362 -10.9751 -0.0057 0.4895 -1.3451 -2.9694 0.4017 1.1163 -0.4803 0.5328 0.8208 1.1668 0.2648 0.1933 -16.6576 -5.8444 -13.1854 2.7223 -4.3830 18.8657 3.1401 -2.7994 8.5910 -0.0000 -0.0000 0.0000 -86.1158 0.6330 7.7851 16.0933 -25.6470 -3.6863 -0.0000 -0.0000 10.0600 -1.9361 38.4514 -1.2042 -7.1250 0.0000 -0.0000 -44.5972 62.7503 -21.3917 -0.0000 -0.0000 0.0000 88.7963 0.9340 20.1524 -15.3572 24.6413 -3.3735 0.0000 -0.0000 -10.4834 -14.9017 20.2570 -5.2642 7.1250 -0.0000 -0.0000 8.6851 -9.2694 7.2588
6.7538 18.0255 6.7743 181.5600 7.2727 -175.7950 0.0000 0.0000 0.0000 -22.4841 -1.9023 -7.9569 1.4286 7.5577 21.3784 0.6219 -2.5855 -14.2390 0.0450 -1.3687 -3.7640 0.0000 0.0000 0.0000 12.2366 3.3613 -1.2012 -0.3633 -3.8718 10.7163 -0.1294 -5.8501 -11.3094 -0.0337 1.1845 -3.2565 -3.3085 0.4020 1.2020 -0.6213 0.5279 0.7288 1.2112 0.2659 0.0498 -16.9245 -5.8354 -12.2292 2.9005 -4.5849 17.8473 3.2280 -2.8689 8.1045 -0.0000 -0.0000 0.0000 -85.9748 0.8543 7.8488 16.1034 -25.6607 -3.6906 -0.0000 -0.0000 10.0438 -1.6426 38.1127 -1.0140 -7.1250 0.0000 -0.0000 -43.8711 62.5826 -20.7987 -0.0000 -0.0000 0.0000 88.7034 0.7393 18.8935 -15.1833 24.4009 -3.3013 0.0000 -0.0000 -11.4983 -11.6416 22.5530 -4.5181 7.1250 -0.0000 -0.0000 10.8229 -7.3366 9.5282
6.7507 18.0369 6.7810 181.8140 7.4325 -175.6980 0.0000 0.0000 0.0000 -22.1637 -1.8585 -8.1234 1.4577 7.6311 21.5990 0.6277 -2.7344 -14.2833 0.0119 -0.7053 -1.9383 0.0000 0.0000 0.0000 12.5587 3.5638 -1.0295 -0.3320 -3.7028 10.2421 -0.0813 -6.2239 -10.7725 -0.0254 1.0288 -2.8280 -3.0688 0.3898 1.1465 -0.6024 0.5146 0.7371 1.0971 0.2585 0.0918 -16.6576 -5.9253 -11.8006 2.6724 -4.8703 16.7481 3.0774 -2.9818 7.6727 0.0000 -0.0000 0.0000 -85.7784 0.7672 8.1324 16.1570 -25.7331 -3.7139 -0.0000 -0.0000 9.7244 -1.6202 38.4837 -1.0084 -7.1250 0.0000 -0.0000 -44.3432 62.8573 -21.3539 0.0000 -0.0000 0.0000 88.7577 1.0439 18.4953 -16.5429 26.2512 -3.8830 0.0000 -0.0000 -14.5358 -6.3952 15.5638 -1.7225 7.1250 -0.0000 -0.0000 14.2477 -14.6465 10.5181
6.7510 18.0231 6.7879 181.9030 7.5241 -175.7550 0.0000 0.0000 0.0000 -22.0566 -1.2059 -8.3885 1.4414 7.5901 21.4759 0.6037 -2.9755 -13.9642 0.0532 -1.4883 -4.0936 0.0000 0.0000 0.0000 12.6624 3.7771 -1.1543 -0.3575 -3.8413 10.6306 -0.1113 -6.1388 -11.2768 -0.0538 1.4975 -4.1187 -2.9470 0.3963 1.1982 -0.6691 0.5260 0.7938 0.9602 0.2647 0.1221 -16.4572 -6.0033 -11.2346 2.3390 -5.1597 14.9467 2.9101 -3.0852 6.9896 0.0000 -0.0000 0.0000 -85.6672 0.9864 8.3687 16.3298 -25.9658 -3.7892 -0.0000 -0.0000 9.5089 -1.7229 38.5325 -1.0735 -7.1250 0.0000 -0.0000 -44.5054 62.8651 -21.4568 0.0000 -0.0000 0.0000 89.2075 1.0490 19.4607 -15.2544 24.4993 -3.3307 0.0000 -0.0000 -9.9485 -13.6028 21.0740 -4.9727 7.1250 -0.0000 -0.0000 9.5427 -8.5944 8.1260
6.7398 18.0276 6.7970 181.8400 8.0456 -175.5380 0.0000 0.0000 0.0000 -22.2200 -1.3876 -8.5276 1.4348 7.5736 21.4262 0.6125 -2.5237 -14.1369 0.0361 -1.2269 -3.3733 0.0000 0.0000 0.0000 12.4799 4.2742 -1.5263 -0.3700 -3.9073 10.8160 -0.1153 -5.9654 -11.1614 -0.0451 1.3701 -3.7678 -2.9080 0.5079 0.9697 -0.7372 0.6895 0.9214 0.8699 0.3436 0.3760 -16.7548 -6.1263 -10.5205 2.6929 -5.6136 12.0636 3.0428 -3.2050 5.9880 -0.0000 -0.0000 0.0000 -85.6426 0.6280 8.5385 16.4419 -26.1161 -3.8384 -0.0000 -0.0000 9.2813 -1.5418 38.7020 -0.9642 -7.1250 0.0000 -0.0000 -44.5641 63.0353 -21.6669 -0.0000 -0.0000 0.0000 89.3469 1.4943 19.4889 -15.2756 24.5287 -3.3395 0.0000 -0.0000 -9.4933 -14.8567 20.4558 -5.2966 7.1250 -0.0000 -0.0000 8.7214 -9.0736 7.3245
6.7246 18.0183 6.8011 181.8070 7.8266 -175.9530 0.0000 0.0000 0.0000 -22.2508 -1.0797 -8.1517 1.4267 7.5530 21.3644 0.6078 -2.8947 -14.0246 0.0351 -1.2091 -3.3243 0.0000 0.0000 0.0000 12.4344 3.7539 -1.2351 -0.3766 -3.9416 10.9125 -0.1125 -5.7671 -10.8888 -0.0211 0.9389 -2.5807 -2.6670 0.4055 1.3691 -0.7863 0.5544 1.1826 0.6837 0.2784 0.4274 -16.7738 -6.3860 -10.0415 2.6946 -6.1371 9.5029 3.0197 -3.3637 5.1388 0.0000 0.0000 0.0000 -85.6703 0.4873 8.5629 16.5553 -26.2678 -3.8885 -0.0000 -0.0000 9.4214 -2.1128 38.6870 -1.3210 -7.1250 0.0000 -0.0000 -45.0808 62.8725 -21.8023 0.0000 0.0000 0.0000 89.2482 1.8318 18.3372 -15.4697 24.7964 -3.4205 0.0000 -0.0000 -12.5088 -9.9184 22.4057 -3.8131 7.1250 -0.0000 -0.0000 11.8936 -7.6642 10.4344
6.7184 18.0211 6.7977 181.6390 7.8730 -175.9760 0.0000 0.0000 0.0000 -22.4874 -1.2404 -8.1117 1.4296 7.5602 21.3861 0.5904 -2.6735 -13.8477 0.0160 -0.8170 -2.2453 0.0000 0.0000 0.0000 12.2057 3.6743 -1.2274 -0.3699 -3.9064 10.8135 -0.1295 -5.6180 -11.0641 -0.0341 1.1913 -3.2753 -2.8975 0.4143 1.5691 -0.7833 0.5517 1.0434 0.8136 0.2793 0.1708 -17.1451 -6.4782 -9.6948 2.7991 -6.3125 7.8878 3.1138 -3.3820 4.6038 0.0000 -0.0000 0.0000 -85.7965 0.9256 8.6255 16.6136 -26.3455 -3.9143 -0.0000 -0.0000 9.3170 -2.0482 38.1483 -1.2655 -7.1250 0.0000 -0.0000 -44.3007 62.5022 -20.9629 0.0000 -0.0000 0.0000 89.3806 1.1496 20.3181 -15.7690 25.2064 -3.5470 0.0000 -0.0000 -9.1253 -16.7611 18.4067 -5.4325 7.1250 -0.0000 -0.0000 7.4098 -10.9389 5.9201
6.6793 17.9979 6.7482 181.7710 8.7929 -176.3740 0.0000 0.0000 0.0000 -22.7896 -1.8613 -7.1751 1.4401 7.5869 21.4662 0.6252 -0.8274 -14.6769 0.0295 -1.1094 -3.0499 0.0000 0.0000 0.0000 12.0448 3.7684 -0.7907 -0.3577 -3.8422 10.6331 -0.1153 -5.1505 -10.2838 -0.0130 0.7371 -2.0257 -2.1378 0.6968 1.3106 -0.9810 0.9646 1.4449 0.1871 0.4876 0.7277 -17.3136 -6.6674 -9.6620 3.1834 -6.6218 5.7754 3.2553 -3.4174 3.9818 0.0000 0.0000 0.0000 -85.6311 0.6477 8.4620 16.4780 -26.1645 -3.8543 -0.0000 -0.0000 9.4440 -2.2150 37.4578 -1.3475 -7.1250 0.0000 -0.0000 -43.5661 61.9562 -19.9837 0.0000 0.0000 0.0000 89.5628 1.4137 19.5829 -15.4744 24.8029 -3.4225 0.0000 -0.0000 -9.9039 -15.4002 21.0145 -5.6412 7.1250 -0.0000 -0.0000 8.3978 -8.4433 7.1531
6.6714 18.0062 6.7607 181.6550 8.9452 -176.0690 0.0000 0.0000 0.0000 -22.8941 -1.4357 -7.7488 1.4287 7.5581 21.3798 0.6167 -1.0870 -14.5020 0.0748 -1.7646 -4.8556 0.0000 0.0000 0.0000 11.8913 3.9345 -1.1946 -0.3570 -3.8385 10.6228 -0.1168 -5.0515 -10.2132 -0.0227 0.9721 -2.6720 -2.1739 0.7289 1.1017 -1.0965 1.0128 1.3800 0.0913 0.5118 0.7788 -16.5306 -6.9815 -8.8179 2.2950 -7.2179 3.0928 2.8769 -3.5806 3.0115 0.0000 0.0000 0.0000 -85.4646 0.6900 8.4409 16.5329 -26.2379 -3.8786 -0.0000 -0.0000 9.4075 -2.6226 36.9252 -1.5763 -7.1250 0.0000 -0.0000 -43.2852 61.4611 -19.3201 0.0000 0.0000 0.0000 89.5962 1.2039 20.9893 -15.7937 25.2401 -3.5575 0.0000 -0.0000 -9.0050 -17.2108 17.8172 -5.4143 7.1250 -0.0000 -0.0000 7.0917 -11.4927 5.5805
6.6698 17.9978 6.7594 181.8510 9.0613 -176.0900 0.0000 0.0000 0.0000 -22.6879 -1.3793 -7.7979 1.4468 7.6036 21.5165 0.6353 -1.1391 -14.7107 0.0672 -1.6722 -4.6007 0.0000 0.0000 0.0000 12.1109 3.9946 -1.0351 -0.3444 -3.7707 10.4324 -0.1226 -5.1574 -10.4432 -0.0822 1.8493 -5.0894 -1.2937 0.7517 1.5948 -1.6511 1.0402 1.1200 -0.9790 0.5410 0.2611 -16.1500 -7.0358 -9.1403 2.5369 -7.3100 2.7008 2.8858 -3.5966 2.9442 -0.0000 -0.0000 0.0000 -84.4398 1.1033 9.3144 16.6470 -26.3901 -3.9292 -0.0000 -0.0000 9.1827 -2.0412 38.6184 -1.2743 -7.1250 0.0000 -0.0000 -44.9206 62.8424 -21.6767 -0.0000 -0.0000 0.0000 90.5462 0.9087 18.2699 -15.7538 25.1857 -3.5405 0.0000 -0.0000 -11.6364 -10.3469 20.6418 -3.6826 7.1250 -0.0000 -0.0000 11.6006 -9.3643 9.7663
6.6734 17.9959 6.7675 181.8240 8.9404 -175.9520 0.0000 0.0000 0.0000 -22.6672 -1.0596 -8.1375 1.4529 7.6190 21.5627 0.6345 -1.5230 -14.6029 0.1178 -2.2131 -6.0948 0.0000 0.0000 0.0000 12.0683 4.0739 -0.9904 -0.3269 -3.6747 10.1631 -0.0988 -5.3376 -10.1344 -0.0152 0.7969 -2.1901 -0.7040 0.7209 0.7315 -2.2671 1.0683 1.6539 -1.9236 0.5765 1.3153 -15.0459 -7.1940 -9.3002 2.4793 -7.6180 1.0888 2.7071 -3.6524 2.4576 0.0000 0.0000 0.0000 -83.1336 -0.1199 9.8813 16.3469 -25.9887 -3.7967 -0.0000 -0.0000 8.6699 -2.0616 38.9429 -1.2961 -7.1250 0.0000 -0.0000 -45.3819 63.0684 -22.1860 0.0000 0.0000 0.0000 91.7195 2.1188 17.1624 -15.4030 24.7045 -3.3926 0.0000 -0.0000 -10.6560 -9.5773 20.5059 -3.3826 7.1250 -0.0000 -0.0000 12.0880 -9.5702 10.1446
6.6756 18.0046 6.7724 182.1490 8.6829 -175.5580 0.0000 0.0000 0.0000 -22.2057 -1.0124 -8.7380 1.4814 7.6901 21.7766 0.6394 -2.0885 -14.5357 0.2362 -3.1278 -8.6349 0.0000 0.0000 0.0000 12.5023 3.8389 -1.3429 -0.3141 -3.6031 9.9626 -0.0922 -5.4504 -10.1153 -0.0687 1.6909 -4.6522 -0.7206 0.6287 1.7455 -1.9636 0.8630 0.5377 -1.6250 0.4525 -0.4078 -15.6823 -7.0658 -9.7796 2.4598 -7.2862 2.5678 2.7785 -3.5699 2.9815 0.0000 0.0000 0.0000 -83.4570 1.5251 10.1718 16.5686 -26.2856 -3.8944 -0.0000 -0.0000 8.4734 -1.6746 38.8195 -1.0499 -7.1250 0.0000 -0.0000 -44.8494 63.0841 -21.8860 0.0000 0.0000 0.0000 91.3904 0.5952 17.9098 -15.3069 24.5719 -3.3525 0.0000 -0.0000 -10.8980 -10.4870 19.9153 -3.6079 7.1250 -0.0000 -0.0000 11.5053 -10.0702 9.5153
6.6656 18.0064 6.7841 182.2370 7.5905 -175.5780 0.0000 0.0000 0.0000 -22.0087 -1.4174 -8.8751 1.5270 7.8022 22.1148 0.6271 -2.8316 -14.2623 0.1453 -2.4566 -6.7693 0.0000 0.0000 0.0000 12.6894 3.0654 -1.2158 -0.2985 -3.5128 9.7097 -0.0601 -5.9003 -9.9276 -0.0419 1.3207 -3.6318 -0.4119 0.3755 2.0115 -2.0289 0.5227 0.4108 -1.8615 0.2809 -0.6913 -15.5045 -7.1045 -10.3566 2.3039 -7.2510 3.7307 2.6709 -3.6159 3.4168 -0.0000 0.0000 0.0000 -83.4091 1.3708 10.0421 16.6944 -26.4531 -3.9502 -0.0000 -0.0000 8.8410 -2.2300 38.8710 -1.3999 -7.1250 0.0000 -0.0000 -45.4413 62.9724 -22.1205 -0.0000 0.0000 0.0000 91.5304 0.6859 16.9049 -15.6438 25.0352 -3.4938 0.0000 -0.0000 -12.0396 -7.7463 17.2423 -2.3089 7.1250 -0.0000 -0.0000 13.3016 -12.9235 10.2768
6.6586 18.0011 6.7204 182.1310 9.0605 -176.0920 0.0000 0.0000 0.0000 -22.4353 -1.3940 -7.8231 1.5114 7.7640 21.9996 0.6753 -1.3344 -15.1259 0.0956 -1.9939 -5.4887 0.0000 0.0000 0.0000 12.3776 3.8669 -0.4121 -0.2925 -3.4780 9.6125 -0.0810 -5.4399 -9.8567 -0.0063 0.5127 -1.4087 -1.0716 0.8667 -0.1836 -1.6043 1.2617 1.9182 -1.0181 0.6535 2.0825 -16.3724 -7.1488 -11.3567 2.5951 -6.9905 4.3971 2.8718 -3.5030 3.8004 -0.0000 -0.0000 0.0000 -84.2989 -0.7366 9.8369 17.0906 -26.9771 -4.1284 -0.0000 -0.0000 8.2996 -1.9754 38.7777 -1.2375 -7.1250 0.0000 -0.0000 -45.0751 62.9738 -21.9048 -0.0000 -0.0000 0.0000 90.6809 2.1981 21.0239 -15.7458 25.1748 -3.5371 0.0000 -0.0000 -8.9478 -17.4451 13.3169 -4.1400 7.1250 -0.0000 -0.0000 6.8108 -16.1100 4.6871
6.7048 17.9967 6.6851 181.9570 10.0619 -176.0950 0.0000 0.0000 0.0000 -22.5632 -0.3125 -7.7034 1.4458 7.6011 21.5090 0.6434 -1.1144 -14.8128 0.0217 -0.9510 -2.6139 0.0000 0.0000 0.0000 12.3145 5.0360 -0.6011 -0.3581 -3.8446 10.6397 -0.1339 -5.1961 -10.7123 -0.0541 1.5012 -4.1291 -1.6843 1.1319 0.7435 -1.7696 1.5490 0.6404 -0.8757 0.7916 0.2439 -16.7434 -6.7069 -10.6898 2.8055 -6.5163 6.8393 3.0221 -3.4166 4.4377 0.0000 0.0000 0.0000 -84.1928 1.7700 10.4790 18.5145 -28.8110 -4.7946 -0.0000 -0.0000 5.2270 -0.1540 37.6513 -0.0941 -7.1250 0.0000 -0.0000 -41.8541 62.6327 -19.7043 0.0000 0.0000 0.0000 90.9805 0.1583 19.8795 -15.2536 24.4982 -3.3304 0.0000 -0.0000 -9.2425 -15.9360 19.4993 -5.4445 7.1250 -0.0000 -0.0000 7.9899 -9.9185 6.5600
6.7038 18.0007 6.7200 181.9220 8.1131 -175.9300 0.0000 0.0000 0.0000 -22.3038 -0.7366 -8.1962 1.4837 7.6957 21.7937 0.6557 -2.8586 -14.5910 0.1575 -2.5568 -7.0473 0.0000 0.0000 0.0000 12.4878 3.9594 -0.8178 -0.3647 -3.8792 10.7372 -0.1036 -5.9863 -10.9534 -0.0154 0.8013 -2.2023 -2.7452 0.4263 0.5154 -0.8574 0.5731 0.1905 0.6567 0.2944 -0.1116 -18.4279 -5.9812 -8.4151 3.2857 -5.7678 7.6670 3.5391 -3.1181 4.3299 0.0000 -0.0000 0.0000 -86.0056 2.6671 10.2421 19.9385 -30.5682 -5.5000 -0.0000 -0.0000 4.3832 -1.0655 37.7690 -0.6527 -7.1250 0.0000 -0.0000 -42.8761 62.4820 -20.1301 0.0000 -0.0000 0.0000 89.3844 -0.5058 19.1045 -15.5565 24.9156 -3.4570 0.0000 -0.0000 -11.7378 -11.5103 22.1879 -4.3976 7.1250 -0.0000 -0.0000 10.8950 -7.7135 9.5122
6.6965 17.9923 6.7171 181.8640 7.6745 -176.2950 0.0000 0.0000 0.0000 -22.3583 -0.9292 -7.7663 1.4939 7.7211 21.8702 0.6523 -2.8848 -14.5481 0.1252 -2.2811 -6.2833 0.0000 0.0000 0.0000 12.4478 3.5022 -0.5904 -0.3822 -3.9704 10.9935 -0.1413 -5.6388 -11.3138 -0.0020 0.2865 -0.7871 -2.6340 0.9828 0.4147 -1.3979 1.3693 1.0373 0.0479 0.6898 0.8037 -16.4588 -6.7310 -10.1013 2.5532 -6.6288 9.4464 2.8795 -3.6019 5.1610 0.0000 -0.0000 0.0000 -84.6820 0.6363 13.6175 21.2945 -32.1704 -6.2060 -0.0000 -0.0000 2.6132 -2.1863 39.1161 -1.3797 -7.1250 0.0000 -0.0000 -45.7379 63.1577 -22.4929 0.0000 -0.0000 0.0000 90.4967 0.8954 19.1219 -16.0216 25.5499 -3.6553 0.0000 -0.0000 -9.9097 -16.2524 19.8556 -5.6547 7.1250 -0.0000 -0.0000 7.8006 -9.5181 6.4651
6.6868 17.9848 6.6953 181.4530 7.6433 -176.6270 0.0000 0.0000 0.0000 -22.8761 -0.8319 -7.2348 1.4624 7.6428 21.6344 0.6496 -2.9730 -14.5035 0.0755 -1.7731 -4.8791 0.0000 0.0000 0.0000 11.9481 3.3528 -0.4552 -0.4119 -4.1197 11.4137 -0.1681 -5.3837 -11.5548 -0.0000 0.0416 -0.1144 -2.6582 0.9114 -0.2078 -1.7728 1.3280 1.2931 -0.3079 0.6709 1.4251 -16.1540 -6.3072 -9.3420 2.5566 -6.2295 10.1281 2.8882 -3.4288 5.2048 -0.0000 0.0000 0.0000 -84.2357 0.0988 14.5358 22.5476 -33.5904 -6.8864 -0.0000 -0.0000 1.4147 -1.6327 38.7250 -1.0216 -7.1250 0.0000 -0.0000 -44.6810 63.0275 -21.7279 -0.0000 0.0000 0.0000 90.8931 1.6916 18.9554 -15.8092 25.2612 -3.5641 0.0000 -0.0000 -10.7346 -15.0165 21.2700 -5.5582 7.1250 -0.0000 -0.0000 8.6530 -8.2314 7.4123
6.6794 17.9787 6.6544 181.6390 7.4696 -176.6000 0.0000 0.0000 0.0000 -22.7680 -1.2394 -6.8161 1.4420 7.5915 21.4801 0.6384 -2.5727 -14.4348 0.0224 -0.9664 -2.6563 0.0000 0.0000 0.0000 12.0745 2.9108 -0.2518 -0.3925 -4.0230 11.1413 -0.1622 -5.3143 -11.3780 -0.0002 -0.0892 0.2451 -1.5593 0.7424 -1.6143 -2.3794 1.1923 1.9544 -1.5204 0.6277 2.9335 -15.1488 -6.1407 -9.7289 2.3837 -6.0685 10.8794 2.6820 -3.3562 5.4505 0.0000 0.0000 0.0000 -83.1180 -1.0433 14.8704 23.9762 -35.1391 -7.6929 -0.0000 -0.0000 1.0749 -1.0482 38.3914 -0.6510 -7.1250 0.0000 -0.0000 -43.6782 62.9422 -21.0535 0.0000 0.0000 0.0000 91.5362 2.4716 19.9321 -16.2373 25.8414 -3.7488 0.0000 -0.0000 -12.0798 -13.3578 21.7666 -5.0322 7.1250 -0.0000 -0.0000 9.7217 -7.9276 8.4131
6.6813 17.9855 6.6450 181.7950 7.5926 -176.4400 0.0000 0.0000 0.0000 -22.5580 -1.0204 -7.1409 1.4699 7.6615 21.6907 0.6757 -2.8868 -14.8156 0.0655 -1.6518 -4.5443 0.0000 0.0000 0.0000 12.2912 3.2302 -0.1033 -0.3664 -3.8881 10.7622 -0.1616 -5.6792 -11.7326 -0.0012 0.2206 -0.6062 -1.6925 0.1977 -2.0346 -1.8826 0.4510 2.0847 -0.9640 0.2384 3.2875 -16.4560 -5.7166 -10.5778 2.7878 -5.1725 10.9743 3.0744 -2.9361 5.5951 -0.0000 -0.0000 0.0000 -84.2719 -1.0892 13.7493 25.7009 -36.9118 -8.7074 -0.0000 -0.0000 0.3858 -2.5869 39.2711 -1.6381 -7.1250 0.0000 -0.0000 -46.3277 63.1591 -22.8500 -0.0000 -0.0000 0.0000 90.7879 2.8630 22.1434 -16.6879 26.4444 -3.9473 0.0000 -0.0000 -11.6013 -14.3514 21.6060 -5.3820 7.1250 -0.0000 -0.0000 9.0884 -7.9724 7.8419
6.6769 17.9844 6.6471 181.9030 7.6363 -176.4330 0.0000 0.0000 0.0000 -22.4657 -1.0689 -7.3006 1.5150 7.7730 22.0267 0.7028 -2.8936 -15.1192 0.1221 -2.2530 -6.2055 0.0000 0.0000 0.0000 12.3953 3.0945 -0.0439 -0.3513 -3.8082 10.5377 -0.1491 -5.6809 -11.5029 -0.0215 0.9471 -2.6033 -2.5343 0.0832 -1.3693 -1.0174 0.2408 1.7373 0.3851 0.0999 2.5460 -17.6712 -5.5581 -10.5395 2.9702 -4.7953 9.8426 3.3557 -2.7258 5.2327 -0.0000 -0.0000 0.0000 -85.6076 -0.5978 14.3239 27.2721 -38.4375 -9.6678 -0.0000 0.0000 -0.1117 -0.5920 39.3327 -0.3752 -7.1250 0.0000 -0.0000 -44.5409 63.7440 -22.3797 -0.0000 -0.0000 0.0000 89.1868 2.0225 23.8948 -17.6560 27.7144 -4.3881 0.0000 -0.0000 -13.6257 -13.9345 21.4189 -5.1773 7.1250 -0.0000 -0.0000 9.3447 -8.2098 8.0249
6.6813 17.9840 6.6449 181.5220 7.7593 -176.6370 0.0000 0.0000 0.0000 -22.8553 -0.6865 -6.9588 1.4376 7.5804 21.4467 0.6664 -2.9459 -14.7005 0.0858 -1.8895 -5.2004 0.0000 0.0000 0.0000 11.9902 3.2962 -0.2165 -0.4020 -4.0704 11.2749 -0.1841 -5.4558 -11.9146 -0.0133 0.7437 -2.0439 -2.4568 0.8507 -1.4441 -1.9720 1.3264 1.7920 -0.5980 0.6671 2.6428 -16.1724 -6.0195 -9.1750 3.8867 -6.1378 7.6295 3.3438 -3.2393 4.4162 -0.0000 -0.0000 0.0000 -83.6724 -0.8591 17.7995 28.2068 -39.3059 -10.2544 -0.0000 0.0000 -0.7517 -1.6956 39.7336 -1.0841 -7.1250 0.0000 -0.0000 -46.1513 63.7253 -23.3426 -0.0000 -0.0000 0.0000 91.0502 1.4740 21.7587 -18.4725 28.7579 -4.7744 0.0000 -0.0000 -13.4438 -13.8922 21.0101 -5.0675 7.1250 -0.0000 -0.0000 9.3568 -8.6257 7.9573
6.6817 17.9858 6.6467 181.7290 7.8105 -176.3990 0.0000 0.0000 0.0000 -22.6249 -0.8321 -7.0554 1.4200 7.5359 21.3131 0.6394 -2.8159 -14.4091 0.0173 -0.8494 -2.3345 0.0000 0.0000 0.0000 12.2276 3.5076 -0.4649 -0.4086 -4.1037 11.3687 -0.1875 -5.5503 -12.0659 -0.0062 0.5086 -1.3974 -2.0552 0.2137 -0.4232 -1.7402 0.3505 0.3048 -0.6265 0.1892 0.5486 -17.4749 -5.1344 -8.0887 4.8291 -5.0927 6.8154 3.9530 -2.6952 3.9422 0.0000 0.0000 0.0000 -84.1625 2.4045 16.7730 29.8837 -40.7935 -11.3336 -0.0000 0.0000 -0.9368 -1.0088 38.4624 -0.6275 -7.1250 0.0000 -0.0000 -43.7362 63.0042 -21.1502 0.0000 0.0000 0.0000 90.6579 -0.8482 24.0683 -18.6383 28.9668 -4.8544 0.0000 -0.0000 -13.0372 -13.9526 21.3511 -5.1687 7.1250 -0.0000 -0.0000 9.3307 -8.2758 8.0002
6.6517 17.9808 6.6107 181.7130 8.2971 -176.4460 0.0000 0.0000 0.0000 -22.9408 -1.5523 -6.7040 1.4452 7.5997 21.5047 0.6987 -1.7046 -15.3027 0.0141 -0.7660 -2.1051 0.0000 0.0000 0.0000 11.9789 3.4520 -0.1741 -0.3722 -3.9185 10.8476 -0.1496 -5.3213 -11.1456 -0.0017 0.2673 -0.7345 -1.7038 0.3439 -0.5069 -1.8134 0.5195 0.1394 -0.8968 0.2757 0.4291 -16.0066 -5.3938 -8.1846 3.8286 -5.5165 5.0628 3.3925 -2.8359 3.3919 0.0000 0.0000 0.0000 -84.1315 2.7295 17.3917 30.6119 -41.4121 -11.8123 -0.0000 0.0000 -1.3312 -2.4738 40.0614 -1.5927 -7.1250 0.0000 -0.0000 -47.3506 63.7390 -24.1014 0.0000 0.0000 0.0000 90.7038 -1.1627 24.4080 -18.7965 29.1651 -4.9313 0.0000 -0.0000 -13.2841 -14.1890 20.7410 -5.1166 7.1250 -0.0000 -0.0000 9.1583 -8.8626 7.7402
6.6350 17.9966 6.6455 182.3620 7.7916 -175.8190 0.0000 0.0000 0.0000 -22.1154 -1.8215 -7.8811 1.5603 7.8830 22.3592 0.7028 -2.3363 -15.2150 0.0568 -1.5374 -4.2287 0.0000 0.0000 0.0000 12.7034 2.5920 0.0368 -0.2404 -3.1551 8.7109 -0.0777 -5.6815 -10.0606 -0.0051 0.4597 -1.2631 -1.1530 0.8139 -0.4463 -1.7565 1.1410 0.3886 -1.1401 0.5850 0.6615 -14.6528 -6.3434 -11.3809 2.9644 -6.3169 5.8224 2.7721 -3.2331 4.1435 0.0000 -0.0000 0.0000 -83.5609 0.6351 19.8474 30.5195 -41.3345 -11.7512 -0.0000 0.0000 -1.4552 -2.7336 38.8317 -1.7148 -7.1250 0.0000 -0.0000 -45.8584 62.8104 -22.1972 0.0000 -0.0000 0.0000 91.4386 0.3754 21.6758 -18.3703 28.6287 -4.7253 0.0000 -0.0000 -12.7241 -14.1390 21.1276 -5.1882 7.1250 -0.0000 -0.0000 9.2042 -8.4791 7.8511
6.6189 17.9775 6.6050 182.2650 8.6214 -176.1280 0.0000 0.0000 0.0000 -22.4993 -1.7493 -7.1478 1.5017 7.7403 21.9281 0.6604 -1.1528 -15.0019 0.0735 -1.7486 -4.8113 0.0000 0.0000 0.0000 12.4182 3.4803 0.2272 -0.2806 -3.4069 9.4136 -0.0958 -5.5068 -10.2547 -0.0020 0.2857 -0.7850 -0.7135 1.6708 -0.5849 -2.4201 2.3003 -0.0038 -2.0571 1.1762 0.3955 -13.2360 -6.5404 -9.9783 2.9953 -7.0626 5.1728 2.5512 -3.5772 3.7306 0.0000 -0.0000 0.0000 -82.2272 1.0946 22.1392 30.8880 -41.6425 -11.9954 -0.0000 0.0000 -1.1077 -3.2924 39.0859 -2.0772 -7.1250 0.0000 -0.0000 -46.7264 62.8404 -22.7484 0.0000 -0.0000 0.0000 92.7474 -0.3355 19.2493 -17.9720 28.1213 -4.5360 0.0000 -0.0000 -11.8973 -14.8469 21.1637 -5.4669 7.1250 -0.0000 -0.0000 8.7561 -8.3592 7.4803
6.6154 17.9761 6.6020 182.2830 8.5576 -176.0780 0.0000 0.0000 0.0000 -22.4831 -1.6920 -7.1787 1.4838 7.6961 21.7948 0.6684 -1.1905 -15.0849 0.0797 -1.8207 -5.0105 0.0000 0.0000 0.0000 12.4399 3.3370 0.0480 -0.2906 -3.4665 9.5803 -0.1136 -5.3737 -10.4852 -0.0308 1.1332 -3.1154 -1.2820 0.4513 -0.4690 -1.2022 0.6283 -0.1897 -0.5084 0.3227 0.0686 -15.7462 -5.6724 -12.1782 3.3551 -5.1333 6.6556 3.1398 -2.6823 4.4707 0.0000 -0.0000 0.0000 -84.6537 1.5596 18.8843 31.3752 -42.0434 -12.3204 -0.0000 0.0000 -1.1656 -1.8373 39.4811 -1.1684 -7.1250 0.0000 -0.0000 -45.9233 63.5095 -22.9757 0.0000 -0.0000 0.0000 90.4838 0.1453 22.3982 -17.2685 27.2104 -4.2094 0.0000 -0.0000 -12.1211 -15.2497 21.8320 -5.7892 7.1250 -0.0000 -0.0000 8.5313 -7.6343 7.4071
6.6630 17.9953 6.6304 182.3090 9.2972 -175.5620 0.0000 0.0000 0.0000 -22.1082 0.2410 -8.5234 1.4902 7.7119 21.8423 0.6679 -2.8241 -14.7361 0.0815 -1.8417 -5.0685 0.0000 0.0000 0.0000 12.6669 4.6290 -0.2995 -0.2939 -3.4860 9.6350 -0.1166 -5.6008 -10.7897 -0.0164 0.8271 -2.2731 -1.5631 0.8295 -0.3997 -1.5125 1.1360 -0.6618 -0.6724 0.5857 -0.4528 -14.1600 -5.7585 -12.2943 2.4147 -5.4057 6.9895 2.5727 -2.8446 4.5487 0.0000 -0.0000 0.0000 -83.5709 1.1405 19.8404 30.9882 -41.7255 -12.0620 -0.0000 0.0000 -1.1006 -2.7178 39.7152 -1.7373 -7.1250 0.0000 -0.0000 -47.0768 63.4332 -23.6017 0.0000 -0.0000 0.0000 91.5205 0.1785 20.9402 -16.9895 26.8439 -4.0826 0.0000 -0.0000 -11.3109 -14.9832 21.3397 -5.5626 7.1250 -0.0000 -0.0000 8.6771 -8.1649 7.4450
6.6196 17.9831 6.6029 182.1550 8.8971 -176.0730 0.0000 0.0000 0.0000 -22.4786 -0.1814 -7.8456 1.5126 7.7671 22.0090 0.6877 -2.6277 -14.9924 0.1001 -2.0398 -5.6156 0.0000 0.0000 0.0000 12.3414 4.0895 0.1397 -0.3003 -3.5234 9.7397 -0.1152 -5.7192 -10.8899 -0.0095 0.6286 -1.7273 -1.3653 0.4141 -0.1575 -1.2366 0.5671 -0.8304 -0.5036 0.2996 -0.7621 -15.1632 -5.3964 -12.2761 3.0231 -4.8160 8.1021 2.9642 -2.5978 4.8894 0.0000 -0.0000 0.0000 -84.1364 1.1012 19.3770 30.1188 -40.9950 -11.4875 -0.0000 0.0000 -0.4573 -2.1458 38.8363 -1.3460 -7.1250 0.0000 -0.0000 -45.3149 62.9701 -22.0431 0.0000 -0.0000 0.0000 90.8801 -0.0432 21.9428 -16.5664 26.2826 -3.8934 0.0000 -0.0000 -10.8801 -16.3310 20.8566 -5.9555 7.1250 -0.0000 -0.0000 7.7974 -8.4886 6.6243
6.6319 17.9870 6.6005 181.8160 9.2185 -176.1350 0.0000 0.0000 0.0000 -22.7601 0.2150 -7.8035 1.4664 7.6527 21.6642 0.6856 -3.0326 -14.9062 0.0043 0.4252 1.1682 0.0000 0.0000 0.0000 12.0026 4.3085 -0.3392 -0.3615 -3.8626 10.6905 -0.1510 -5.1659 -11.0181 -0.0006 0.1553 -0.4267 -1.6676 1.0572 -0.2050 -1.8192 1.4466 -0.4925 -0.9300 0.7440 -0.3831 -14.2112 -5.8900 -13.9479 3.4106 -5.4596 9.5970 2.8386 -2.9135 5.6726 -0.0000 -0.0000 0.0000 -82.8262 -0.8299 21.1349 28.8685 -39.9036 -10.6763 -0.0000 -0.0000 0.3252 -2.2530 38.4590 -1.4017 -7.1250 0.0000 -0.0000 -44.9053 62.6721 -21.4900 -0.0000 -0.0000 0.0000 92.0705 0.8469 18.9345 -16.4529 26.1308 -3.8432 0.0000 -0.0000 -11.0013 -14.9806 21.4106 -5.5791 7.1250 -0.0000 -0.0000 8.6820 -8.0935 7.4616
6.5654 17.9526 6.5442 181.8180 8.5870 -176.6600 0.0000 0.0000 0.0000 -23.2504 -1.3028 -6.3695 1.4495 7.6105 21.5370 0.6961 -1.2616 -15.3824 0.1705 -2.6599 -7.3332 0.0000 0.0000 0.0000 11.7281 3.0152 0.0728 -0.3554 -3.8298 10.5984 -0.1575 -4.7555 -10.7448 -0.0083 0.5890 -1.6186 -0.5442 0.8040 -0.4165 -1.9877 1.1145 -0.2464 -1.7253 0.5738 0.0105 -14.0781 -5.6742 -14.0286 3.3968 -5.1833 10.0940 2.8390 -2.7929 5.8164 -0.0000 0.0000 0.0000 -82.7536 -1.1469 21.0681 27.7809 -38.9138 -9.9858 -0.0000 -0.0000 1.2210 -1.4697 38.3831 -0.9127 -7.1250 0.0000 -0.0000 -44.0661 62.8244 -21.1589 -0.0000 0.0000 0.0000 92.0275 0.8606 18.4763 -16.2599 25.8717 -3.7586 0.0000 -0.0000 -10.7604 -14.1270 21.9361 -5.3713 7.1250 -0.0000 -0.0000 9.2436 -7.6670 8.0357
6.5612 17.9683 6.5299 181.6770 8.8279 -176.7140 0.0000 0.0000 0.0000 -23.4214 -1.1068 -6.1220 1.4073 7.5035 21.2158 0.7091 -1.3697 -15.5014 0.0850 -1.8806 -5.1759 0.0000 0.0000 0.0000 11.5874 3.0575 -0.0949 -0.3781 -3.9489 10.9331 -0.1683 -4.8874 -11.0782 -0.0938 1.9755 -5.4381 -0.6824 0.8086 -0.6703 -1.9262 1.1271 -0.1067 -1.5790 0.5801 0.2923 -14.2558 -5.4957 -14.5218 3.5770 -4.8532 10.4784 2.9495 -2.6351 6.0009 -0.0000 -0.0000 0.0000 -82.7172 -1.7051 20.8377 26.3772 -37.5788 -9.1167 -0.0000 -0.0000 1.8500 -1.4647 38.6599 -0.9151 -7.1250 0.0000 -0.0000 -44.4341 63.0255 -21.5803 -0.0000 -0.0000 0.0000 91.8889 0.9746 18.2960 -16.3544 25.9988 -3.8000 0.0000 -0.0000 -11.8640 -12.3254 22.3817 -4.7560 7.1250 -0.0000 -0.0000 10.3907 -7.4307 9.1147
6.5592 17.9547 6.5199 181.3270 8.9528 -176.6890 0.0000 0.0000 0.0000 -23.7668 -0.6970 -6.4164 1.4033 7.4935 21.1858 0.6869 -1.7645 -15.1544 0.0144 -0.7745 -2.1284 0.0000 0.0000 0.0000 11.1788 3.3059 -0.4375 -0.4260 -4.1887 11.6081 -0.1864 -4.6199 -11.1715 -0.0330 1.1720 -3.2223 -2.0140 0.6956 -1.2963 -1.0393 0.9837 -0.0718 0.0825 0.4957 0.6377 -15.3534 -5.4356 -13.5055 3.4172 -4.6627 10.0689 3.1053 -2.5773 5.7145 0.0000 -0.0000 0.0000 -84.3047 -1.6576 19.9344 24.7359 -35.9328 -8.1344 -0.0000 -0.0000 2.9657 -0.6956 37.8270 -0.4266 -7.1250 0.0000 -0.0000 -42.5987 62.6213 -20.1125 0.0000 -0.0000 0.0000 90.3202 0.7682 18.3101 -16.1782 25.7617 -3.7231 0.0000 -0.0000 -11.8045 -11.9600 22.7091 -4.6750 7.1250 -0.0000 -0.0000 10.6292 -7.1459 9.3917
6.5463 17.9474 6.5005 180.9490 9.3785 -177.0040 0.0000 0.0000 0.0000 -24.3416 -0.7838 -5.7587 1.3658 7.3966 20.8958 0.6840 -0.9282 -15.3360 0.0084 -0.5936 -1.6311 0.0000 0.0000 0.0000 10.6552 3.3992 -0.6031 -0.4770 -4.4290 12.2869 -0.2346 -4.1098 -11.6039 -0.0929 1.9656 -5.4107 -2.6747 0.0116 -1.3972 -0.2972 0.0658 -0.3083 1.1958 0.0343 0.4649 -17.0409 -4.6639 -12.4958 3.4846 -3.4548 9.7165 3.5201 -2.0189 5.3641 0.0000 -0.0000 0.0000 -85.9216 -0.4420 16.4001 23.0011 -34.0900 -7.1389 -0.0000 -0.0000 4.3749 -1.3760 37.8599 -0.8446 -7.1250 0.0000 -0.0000 -43.2885 62.4678 -20.3493 0.0000 -0.0000 0.0000 88.7126 -0.2854 20.9215 -16.0971 25.6521 -3.6879 0.0000 -0.0000 -11.7821 -13.0672 22.2831 -5.0296 7.1250 -0.0000 -0.0000 9.9228 -7.4442 8.6883
6.5343 17.9486 6.4791 181.5580 9.8452 -176.8480 0.0000 0.0000 0.0000 -23.7581 -0.7979 -5.9799 1.4148 7.5226 21.2732 0.7218 -0.9624 -15.7536 0.0010 0.2046 0.5622 0.0000 0.0000 0.0000 11.2885 3.7897 -0.1959 -0.4212 -4.1655 11.5428 -0.1892 -4.3124 -10.9509 -0.0617 1.6029 -4.4095 -2.2365 -0.2847 -1.5028 0.3620 -0.3427 -0.3882 1.6180 -0.1712 0.4601 -17.0078 -4.2722 -12.9120 2.6432 -2.7087 9.5145 3.3064 -1.6790 5.2851 0.0000 -0.0000 0.0000 -86.8687 0.1574 14.1251 21.3007 -32.1776 -6.2093 -0.0000 -0.0000 5.1486 -0.7598 37.1983 -0.4594 -7.1250 0.0000 -0.0000 -41.8583 62.1376 -19.2206 0.0000 -0.0000 0.0000 87.7645 -0.2333 22.0977 -15.6448 25.0367 -3.4943 0.0000 -0.0000 -11.8366 -12.9223 22.0923 -4.9320 7.1250 -0.0000 -0.0000 10.0070 -7.6517 8.7231
6.5316 17.9512 6.4799 181.2600 9.7538 -176.8260 0.0000 0.0000 0.0000 -23.9990 -0.5082 -6.2121 1.4120 7.5156 21.2523 0.6928 -1.3676 -15.3184 0.0398 1.2875 3.5402 0.0000 0.0000 0.0000 10.9773 3.8059 -0.2363 -0.4253 -4.1856 11.5995 -0.2024 -4.5144 -11.3714 -0.1108 2.1460 -5.9094 -2.4787 -0.4217 -1.3879 0.3419 -0.5246 -0.4735 1.7310 -0.2592 0.3184 -16.8675 -4.2617 -13.1952 2.4882 -2.6302 9.9716 3.2402 -1.6662 5.4665 -0.0000 -0.0000 0.0000 -86.9807 0.2190 12.5011 19.1363 -29.5877 -5.0980 -0.0000 -0.0000 6.1364 0.0207 36.9579 0.0125 -7.1250 0.0000 -0.0000 -40.8110 62.1571 -18.6674 -0.0000 -0.0000 0.0000 87.9084 0.0436 20.9060 -14.9880 24.1294 -3.2210 0.0000 -0.0000 -10.6602 -13.8917 21.3087 -5.1356 7.1250 -0.0000 -0.0000 9.3677 -8.3255 8.0235
6.5295 17.9527 6.4836 181.7000 9.6703 -176.6430 0.0000 0.0000 0.0000 -23.5074 -0.1492 -6.5474 1.4391 7.5844 21.4587 0.7228 -1.6609 -15.5828 0.0703 -1.7107 -4.7069 0.0000 0.0000 0.0000 11.4841 3.8852 -0.1803 -0.4086 -4.1035 11.3681 -0.2069 -4.5884 -11.5176 -0.0589 1.5665 -4.3090 -1.5960 0.1274 -1.2760 -0.1873 0.1970 -0.4171 0.7057 0.1015 0.2836 -15.2604 -4.7808 -14.2417 2.2820 -3.4437 11.0635 2.8353 -2.0787 6.0267 0.0000 0.0000 0.0000 -85.7113 -0.3021 12.1512 16.7942 -26.5857 -3.9948 -0.0000 -0.0000 7.9501 -1.7065 38.2388 -1.0564 -7.1250 0.0000 -0.0000 -44.0979 62.6574 -21.0060 0.0000 0.0000 0.0000 89.1759 -0.1283 18.6763 -14.8944 23.9989 -3.1829 0.0000 -0.0000 -10.4522 -13.7006 21.6972 -5.1500 7.1250 -0.0000 -0.0000 9.5029 -7.9575 8.2126
6.5297 17.9526 6.5135 181.5410 9.2102 -176.1640 0.0000 0.0000 0.0000 -23.5212 -0.2867 -7.3314 1.4420 7.5916 21.4804 0.6818 -2.3164 -14.9813 0.0055 -0.4769 -1.3105 0.0000 0.0000 0.0000 11.3500 3.7138 -0.8292 -0.4085 -4.1028 11.3660 -0.1838 -4.7905 -11.2798 -0.0790 1.8130 -4.9892 -1.8298 0.0121 -1.2654 -0.1856 0.0469 -0.6214 0.8360 0.0311 0.0718 -15.0971 -4.8026 -14.8256 2.3248 -3.4082 11.5321 2.8200 -2.0712 6.2683 0.0000 -0.0000 0.0000 -85.7767 -0.3903 9.6995 14.6215 -23.6161 -3.0727 -0.0000 -0.0000 10.8315 -3.3351 39.9272 -2.1419 -7.1250 0.0000 -0.0000 -47.9516 63.4109 -24.1201 0.0000 -0.0000 0.0000 89.4715 0.0362 16.5253 -14.4469 23.3700 -3.0031 0.0000 -0.0000 -9.3508 -13.9050 21.8236 -5.2583 7.1250 -0.0000 -0.0000 9.3789 -7.8066 8.1306
6.5168 17.9505 6.4861 181.7580 9.7585 -176.1580 0.0000 0.0000 0.0000 -23.5100 -1.0184 -6.9598 1.4540 7.6219 21.5714 0.7313 -1.2268 -15.7856 0.0103 -0.6562 -1.8032 0.0000 0.0000 0.0000 11.4869 3.9291 -0.6744 -0.3861 -3.9900 11.0486 -0.1521 -4.9695 -10.8456 -0.1457 2.4597 -6.7779 -1.6467 -0.8742 -1.6581 0.6718 -1.1325 -0.6903 1.5894 -0.5591 0.2679 -16.6962 -3.8736 -14.1763 2.3205 -1.9060 10.7192 3.2224 -1.3499 5.7949 -0.0000 -0.0000 0.0000 -87.7850 0.8079 3.0411 13.4388 -21.9267 -2.6149 -0.0000 -0.0000 14.0975 -3.3945 39.2838 -2.1508 -7.1250 0.0000 -0.0000 -47.0952 62.9511 -23.0913 -0.0000 -0.0000 0.0000 87.9459 0.0765 18.5603 -13.8461 22.5143 -2.7689 0.0000 -0.0000 -8.7080 -12.8152 20.7146 -4.6001 7.1250 -0.0000 -0.0000 10.0327 -9.0415 8.4658
6.4966 17.9306 6.4464 181.7200 10.5695 -176.6560 0.0000 0.0000 0.0000 -23.7935 -0.5549 -6.3913 1.4649 7.6490 21.6531 0.7262 -0.4558 -15.9549 0.0073 -0.5502 -1.5120 0.0000 0.0000 0.0000 11.2691 4.1443 -0.1233 -0.3871 -3.9954 11.0638 -0.1870 -4.2152 -10.8245 -0.1447 2.4515 -6.7551 0.1673 -0.0432 -2.2147 -0.9424 -0.0383 0.6027 -1.0611 -0.0087 1.8583 -14.3279 -4.5275 -16.3158 2.3753 -3.0050 10.8556 2.7417 -1.8132 6.2409 0.0000 0.0000 0.0000 -85.2154 -0.8115 2.3282 12.3363 -20.3071 -2.2176 -0.0000 -0.0000 15.7496 -3.3368 39.1429 -2.1078 -7.1250 0.0000 -0.0000 -46.8464 62.8685 -22.8510 0.0000 0.0000 0.0000 90.8580 1.9076 14.9844 -13.5361 22.0677 -2.6513 0.0000 -0.0000 -6.0536 -13.6059 22.0921 -5.2012 7.1250 -0.0000 -0.0000 9.5776 -7.5725 8.3526
6.4893 17.9380 6.4437 181.5430 10.5403 -176.5560 0.0000 0.0000 0.0000 -24.0056 -0.3161 -6.6388 1.4912 7.7145 21.8502 0.7696 -0.8283 -16.3164 0.0866 -1.8977 -5.2231 0.0000 0.0000 0.0000 11.0466 4.0788 -0.1702 -0.3713 -3.9136 10.8337 -0.1643 -4.4852 -10.6272 -0.1406 2.4170 -6.6594 -0.5319 -0.0968 -3.1847 -0.5020 -0.0919 0.6736 -0.2218 -0.0485 2.4767 -15.3943 -4.2629 -14.6431 3.0129 -2.7960 10.5170 3.1549 -1.6998 5.8670 -0.0000 -0.0000 0.0000 -86.1848 0.1688 0.5906 11.8298 -19.5488 -2.0450 -0.0000 -0.0000 16.8964 -3.1175 39.0369 -1.9646 -7.1250 0.0000 -0.0000 -46.4966 62.8527 -22.6235 -0.0000 -0.0000 0.0000 89.9352 1.3531 14.6486 -13.4850 21.9937 -2.6322 0.0000 -0.0000 -6.4592 -13.0869 22.4116 -5.0649 7.1250 -0.0000 -0.0000 9.9152 -7.3134 8.7072
6.4857 17.9331 6.4458 181.3800 10.4209 -176.4690 0.0000 0.0000 0.0000 -24.1926 -0.5911 -6.6096 1.4473 7.6049 21.5204 0.7371 -0.6067 -16.0286 0.0282 -1.0845 -2.9814 0.0000 0.0000 0.0000 10.8687 4.2714 -0.5658 -0.4146 -4.1332 11.4518 -0.1898 -4.2736 -10.9286 -0.1467 2.4683 -6.8017 0.0021 0.0043 -2.3558 -1.1335 0.0345 0.0575 -1.1611 0.0265 1.3799 -14.6946 -4.1928 -14.0864 3.0267 -2.9565 10.9671 3.0423 -1.7779 5.9205 0.0000 0.0000 0.0000 -85.2436 1.9795 1.0723 11.9448 -19.7218 -2.0836 -0.0000 -0.0000 16.2478 -3.7380 39.9294 -2.4012 -7.1250 0.0000 -0.0000 -48.3254 63.3027 -24.2341 0.0000 0.0000 0.0000 90.8473 0.0004 15.1756 -13.6126 22.1781 -2.6801 0.0000 -0.0000 -6.3866 -14.3206 22.3472 -5.5439 7.1250 -0.0000 -0.0000 9.1398 -7.2300 8.0222
6.4827 17.9336 6.4488 181.5110 10.3625 -176.4740 0.0000 0.0000 0.0000 -24.0336 -0.4003 -6.6383 1.4390 7.5840 21.4574 0.7418 -0.9068 -15.9912 0.0549 -1.5117 -4.1580 0.0000 0.0000 0.0000 10.9993 4.3326 -0.4968 -0.4174 -4.1469 11.4903 -0.1804 -4.3700 -10.8342 -0.1058 2.0969 -5.7736 -0.1065 0.0501 -0.7982 -0.9305 0.0820 -0.9024 -0.8921 0.0462 -0.4747 -14.6786 -4.1569 -13.4299 2.6235 -2.9172 11.8377 2.9228 -1.8155 6.0857 -0.0000 -0.0000 0.0000 -85.6098 4.0458 1.0876 12.0216 -19.8370 -2.1096 -0.0000 -0.0000 15.9836 -3.3912 38.9875 -2.1351 -7.1250 0.0000 -0.0000 -46.6827 62.7453 -22.6193 -0.0000 -0.0000 0.0000 90.5378 -1.8871 15.3539 -13.8223 22.4802 -2.7598 0.0000 -0.0000 -7.0630 -14.7484 21.0410 -5.3993 7.1250 -0.0000 -0.0000 8.8136 -8.4950 7.5067
6.4884 17.9388 6.4579 181.2860 10.7353 -176.4960 0.0000 0.0000 0.0000 -24.2721 -0.3628 -6.6695 1.4349 7.5738 21.4269 0.7442 -0.9325 -16.0102 0.0103 0.6544 1.7982 0.0000 0.0000 0.0000 10.7350 4.7993 -0.3978 -0.4104 -4.1122 11.3927 -0.1987 -4.4067 -11.2103 -0.1137 2.1740 -5.9867 -0.7428 0.2379 -2.4159 -0.6905 0.3590 0.5007 -0.2769 0.1775 1.8671 -15.0352 -4.3966 -14.0848 2.6169 -3.0771 10.7316 2.9491 -1.8604 5.8592 0.0000 -0.0000 0.0000 -86.1989 2.3940 1.4767 12.4584 -20.4885 -2.2602 -0.0000 -0.0000 14.6619 -3.4681 39.5621 -2.2105 -7.1250 0.0000 -0.0000 -47.5533 63.1239 -23.5594 0.0000 -0.0000 0.0000 89.7115 -0.0589 16.8389 -13.9721 22.6948 -2.8173 0.0000 -0.0000 -8.6203 -15.3680 20.7945 -5.5730 7.1250 -0.0000 -0.0000 8.4086 -8.6702 7.1242
6.4946 17.9464 6.4777 181.6530 10.8534 -176.2630 0.0000 0.0000 0.0000 -23.8354 0.3467 -7.1907 1.4356 7.5756 21.4322 0.7112 -1.1088 -15.5945 0.0176 -0.8562 -2.3531 0.0000 0.0000 0.0000 11.1860 5.0778 -0.7071 -0.4252 -4.1851 11.5979 -0.1734 -4.7640 -11.0607 -0.1619 2.5924 -7.1459 -1.4848 0.4803 -1.1624 0.1579 0.6599 -0.1777 1.0037 0.3283 0.4509 -15.6163 -4.5353 -14.2386 2.0005 -2.9460 11.6809 2.8507 -1.8871 6.1894 -0.0000 -0.0000 0.0000 -87.5092 3.4316 2.0283 12.9086 -21.1531 -2.4202 -0.0000 -0.0000 14.2082 -3.1720 38.9189 -1.9939 -7.1250 0.0000 -0.0000 -46.3853 62.7554 -22.4522 -0.0000 -0.0000 0.0000 88.2710 -1.1808 16.8890 -14.0636 22.8256 -2.8527 0.0000 -0.0000 -9.2747 -14.5653 20.6809 -5.2430 7.1250 -0.0000 -0.0000 8.9161 -8.8799 7.5271
6.4908 17.9439 6.4898 181.4450 10.5374 -176.2700 0.0000 0.0000 0.0000 -24.0531 0.1384 -7.2297 1.4579 7.6315 21.6002 0.7404 -1.3523 -15.8534 0.0680 -1.6822 -4.6282 0.0000 0.0000 0.0000 10.9598 4.8233 -0.7754 -0.4234 -4.1764 11.5736 -0.1607 -4.6573 -10.7163 -0.1090 2.1292 -5.8628 -0.9293 0.0466 -0.6693 -0.2780 0.0718 -0.2803 0.2369 0.0378 0.0876 -16.1850 -4.0917 -14.5991 3.0594 -2.3517 11.9420 3.3449 -1.5638 6.2959 0.0000 -0.0000 0.0000 -87.0470 3.4779 1.3062 13.1749 -21.5429 -2.5171 -0.0000 -0.0000 13.4023 -2.8676 38.8968 -1.8016 -7.1250 0.0000 -0.0000 -46.0721 62.8208 -22.3355 0.0000 -0.0000 0.0000 88.7458 -1.2890 17.6974 -14.0041 22.7406 -2.8297 0.0000 -0.0000 -8.7005 -14.2415 21.3272 -5.2740 7.1250 -0.0000 -0.0000 9.1467 -8.2661 7.8399
6.4840 17.9431 6.4970 181.4120 10.2883 -176.2390 0.0000 0.0000 0.0000 -24.1358 -0.1993 -7.0764 1.4305 7.5625 21.3928 0.7280 -1.0736 -15.7910 0.1714 -2.6668 -7.3526 0.0000 0.0000 0.0000 10.8854 4.7071 -0.9854 -0.4469 -4.2893 11.8919 -0.1895 -4.6857 -11.2896 -0.1020 2.0597 -5.6706 -1.1494 0.2968 -0.7172 -0.2241 0.4076 -0.1727 0.4184 0.2045 0.2188 -16.3180 -4.3041 -14.5284 3.3507 -2.6622 12.4035 3.4327 -1.7200 6.4693 -0.0000 0.0000 0.0000 -87.0531 3.1439 2.6097 13.5246 -22.0510 -2.6470 -0.0000 -0.0000 12.9257 -2.8507 38.7828 -1.7865 -7.1250 0.0000 -0.0000 -45.9010 62.7447 -22.1526 -0.0000 0.0000 0.0000 88.4742 -1.3020 18.1147 -14.1368 22.9300 -2.8812 0.0000 -0.0000 -9.3235 -14.7931 20.7762 -5.3516 7.1250 -0.0000 -0.0000 8.7745 -8.7571 7.4263
6.4825 17.9470 6.5150 181.5960 9.7932 -176.1870 0.0000 0.0000 0.0000 -23.8519 -0.1579 -7.3145 1.4490 7.6091 21.5330 0.7165 -1.6240 -15.5209 0.0503 -1.4471 -3.9799 0.0000 0.0000 0.0000 11.1300 4.4402 -0.8175 -0.4218 -4.1685 11.5512 -0.1703 -5.0151 -11.2391 -0.0987 2.0256 -5.5763 -0.4761 0.1683 -0.1322 -0.5608 0.2280 -0.3637 -0.3072 0.1166 -0.2975 -15.9546 -4.1763 -14.6413 3.4091 -2.5554 12.9044 3.4098 -1.6698 6.6336 -0.0000 0.0000 0.0000 -86.4033 3.4359 3.7664 14.1319 -22.9230 -2.8793 -0.0000 -0.0000 11.8278 -2.9059 39.0131 -1.8302 -7.1250 0.0000 -0.0000 -46.2674 62.8925 -22.5288 -0.0000 0.0000 0.0000 89.0565 -1.4412 18.2342 -14.1459 22.9429 -2.8847 0.0000 -0.0000 -8.6322 -15.4731 20.8777 -5.6341 7.1250 -0.0000 -0.0000 8.3454 -8.5732 7.0857
6.4851 17.9544 6.5246 181.8120 10.0300 -176.1010 0.0000 0.0000 0.0000 -23.6265 -0.3643 -7.4355 1.4821 7.6917 21.7816 0.7352 -1.3142 -15.8057 0.0680 -1.6827 -4.6295 0.0000 0.0000 0.0000 11.3798 4.7107 -0.4963 -0.3752 -3.9343 10.8919 -0.1242 -5.3032 -10.6283 -0.0531 1.4873 -4.0907 -0.2600 0.2819 -0.4130 -0.5544 0.3811 -0.1537 -0.4196 0.1921 0.0762 -15.8394 -4.1439 -14.5935 3.2423 -2.5161 12.8013 3.3405 -1.6532 6.5849 0.0000 -0.0000 0.0000 -86.3663 2.9514 4.4846 14.6171 -23.6100 -3.0710 -0.0000 -0.0000 11.1892 -2.6934 39.2096 -1.7034 -7.1250 0.0000 -0.0000 -46.3410 63.0873 -22.7814 0.0000 -0.0000 0.0000 88.9536 -1.1634 18.7681 -14.3237 23.1955 -2.9544 0.0000 -0.0000 -9.2302 -15.1253 20.5619 -5.4230 7.1250 -0.0000 -0.0000 8.5539 -8.9347 7.2045
6.4851 17.9605 6.5335 181.9910 9.7989 -176.0220 0.0000 0.0000 0.0000 -23.4050 -0.4172 -7.5687 1.4998 7.7356 21.9140 0.7281 -1.6022 -15.6557 0.0675 -1.6763 -4.6120 0.0000 0.0000 0.0000 11.5872 4.5086 -0.3928 -0.3509 -3.8061 10.5317 -0.1029 -5.4698 -10.3649 -0.0431 1.3391 -3.6825 -0.2211 0.1264 0.0141 -0.3488 0.1695 -0.3984 -0.2335 0.0860 -0.4149 -15.8276 -4.0406 -14.5449 2.8141 -2.2942 12.8671 3.2215 -1.5746 6.5757 0.0000 -0.0000 0.0000 -86.6758 3.2334 4.8586 15.3047 -24.5688 -3.3516 -0.0000 -0.0000 10.5303 -2.8532 39.0238 -1.7974 -7.1250 0.0000 -0.0000 -46.2329 62.9141 -22.5312 0.0000 -0.0000 0.0000 88.6917 -1.1768 19.2876 -14.3944 23.2957 -2.9823 0.0000 -0.0000 -9.1481 -14.4292 21.4087 -5.3654 7.1250 -0.0000 -0.0000 9.0311 -8.1619 7.7570
6.4856 17.9575 6.5339 181.5380 9.4582 -176.0130 0.0000 0.0000 0.0000 -23.8925 -0.5279 -7.3387 1.4289 7.5584 21.3807 0.7080 -1.6282 -15.4248 0.0780 -1.8010 -4.9561 0.0000 0.0000 0.0000 11.0909 4.3546 -1.0653 -0.4291 -4.2038 11.6508 -0.1706 -5.0591 -11.2851 -0.0977 2.0161 -5.5502 -0.9971 0.0901 -0.2008 -0.2456 0.1233 -0.2606 0.3076 0.0643 -0.1556 -15.9294 -4.1784 -14.6704 2.5834 -2.3787 12.9801 3.1514 -1.6381 6.6436 -0.0000 -0.0000 0.0000 -87.0338 2.8064 5.6741 15.9827 -25.4972 -3.6385 -0.0000 -0.0000 9.8999 -3.5229 39.2376 -2.2301 -7.1250 0.0000 -0.0000 -47.1495 62.8846 -23.0519 -0.0000 -0.0000 0.0000 88.2652 -0.8114 20.0613 -14.6729 23.6885 -3.0933 0.0000 -0.0000 -9.6900 -15.0948 20.4720 -5.3891 7.1250 -0.0000 -0.0000 8.5697 -9.0293 7.2018
6.4922 17.9485 6.5397 181.0900 9.6285 -176.1520 0.0000 0.0000 0.0000 -24.4025 -0.4580 -7.0970 1.3720 7.4129 20.9446 0.6781 -1.2828 -15.1714 0.1014 -2.0530 -5.6521 0.0000 0.0000 0.0000 10.6074 4.6565 -1.5193 -0.5057 -4.5585 12.6534 -0.1967 -4.7880 -11.5122 -0.0613 1.5976 -4.3948 -1.2457 0.1183 0.0414 -0.5868 0.1596 -0.4458 0.0969 0.0869 -0.4810 -15.7878 -4.0529 -14.3674 2.7611 -2.3271 13.1608 3.1981 -1.6034 6.6445 -0.0000 -0.0000 0.0000 -86.6208 3.4685 8.2126 17.6805 -27.7461 -4.3995 -0.0000 -0.0000 9.1792 -4.0795 40.1502 -2.6330 -7.1250 0.0000 -0.0000 -48.9572 63.3593 -24.6936 -0.0000 -0.0000 0.0000 88.4682 -1.1042 21.3013 -15.1250 24.3199 -3.2772 0.0000 -0.0000 -10.4512 -15.1248 20.5870 -5.4291 7.1250 -0.0000 -0.0000 8.5551 -8.9094 7.2100
6.4935 17.9578 6.5403 180.7080 9.4702 -176.1120 0.0000 0.0000 0.0000 -24.8008 -0.6711 -7.2113 1.4032 7.4931 21.1847 0.6991 -1.3780 -15.3863 0.1344 -2.3629 -6.5096 0.0000 0.0000 0.0000 10.1829 4.3924 -1.5177 -0.4793 -4.4396 12.3168 -0.1589 -5.2091 -11.2115 -0.0631 1.6212 -4.4600 -1.1551 0.2535 -1.4112 -1.1896 0.3924 0.4467 -0.5609 0.1996 1.2491 -15.4612 -4.3433 -15.2430 3.6425 -2.8314 13.6081 3.3799 -1.7910 6.9833 0.0000 0.0000 0.0000 -85.4353 2.4854 12.8611 19.8166 -30.4207 -5.4382 -0.0000 -0.0000 8.1577 -4.1343 41.2889 -2.7307 -7.1250 0.0000 -0.0000 -50.7107 64.1000 -26.6603 0.0000 0.0000 0.0000 89.1402 -0.4281 24.2890 -16.8619 26.6754 -4.0251 0.0000 -0.0000 -10.8271 -16.6814 20.3734 -5.9557 7.1250 -0.0000 -0.0000 7.5493 -8.9374 6.3416
6.5078 17.9560 6.5411 181.2800 9.6148 -175.9350 0.0000 0.0000 0.0000 -24.1221 -0.6295 -7.5559 1.4581 7.6320 21.6018 0.6919 -1.3368 -15.3154 0.0905 -1.9406 -5.3415 0.0000 0.0000 0.0000 10.8750 4.6453 -1.2762 -0.4350 -4.2322 11.7308 -0.1520 -5.1687 -11.0408 -0.0911 1.9465 -5.3577 -1.3354 0.4209 -0.4782 -0.6372 0.5742 -0.4782 0.0979 0.2942 -0.2278 -15.2873 -4.1638 -14.9543 3.0488 -2.4918 14.9281 3.2067 -1.7023 7.3328 0.0000 -0.0000 0.0000 -85.6090 4.5770 20.1430 23.5255 -34.6584 -7.4350 -0.0000 -0.0000 9.5567 -1.4723 42.1234 -0.9876 -7.1250 0.0000 -0.0000 -49.6225 65.4091 -27.3905 0.0000 -0.0000 0.0000 87.7744 -3.4214 30.5044 -20.5723 31.3257 -5.8260 0.0000 -0.0000 -13.0057 -16.3177 22.5150 -6.3963 7.1250 -0.0000 -0.0000 7.8963 -6.8035 6.9735
6.5183 17.9495 6.5360 181.1360 9.1627 -176.0520 0.0000 0.0000 0.0000 -24.2293 -1.2427 -7.1934 1.4385 7.5827 21.4535 0.7066 -1.1971 -15.5188 0.0911 -1.9465 -5.3579 0.0000 0.0000 0.0000 10.8139 4.4492 -1.3908 -0.4784 -4.4357 12.3059 -0.1958 -5.2315 -11.9071 -0.1830 2.7556 -7.5989 -1.8358 0.3380 -0.9768 -0.4645 0.4778 -0.4267 0.5583 0.2447 0.0998 -15.3515 -4.0031 -14.3364 3.0872 -2.3537 15.0276 3.2523 -1.6359 7.2486 0.0000 0.0000 0.0000 -84.6021 4.9088 29.6198 29.4432 -40.4113 -11.0469 -0.0000 -0.0000 11.5542 3.2349 38.4459 2.0127 -7.1250 0.0000 -0.0000 -39.6137 64.1380 -19.8469 0.0000 0.0000 0.0000 85.8148 -4.9531 40.0239 -26.2258 37.4309 -9.0246 0.0000 -0.0000 -12.2862 -17.6754 23.4706 -7.2332 7.1250 -0.0000 -0.0000 7.1124 -5.6395 6.4299
6.5299 17.9546 6.5364 181.6460 9.4518 -176.1790 0.0000 0.0000 0.0000 -23.6305 -0.9440 -7.1785 1.4619 7.6416 21.6306 0.7086 -1.3551 -15.4992 0.0223 -0.9645 -2.6513 0.0000 0.0000 0.0000 11.4532 4.2639 -1.2853 -0.4703 -4.3984 12.2002 -0.1667 -5.2084 -11.3568 -0.3387 3.7399 -10.3460 -1.4900 0.5381 -1.1488 -0.2969 0.7416 -0.3682 0.5410 0.3736 0.2520 -15.1776 -3.9981 -14.5922 3.0817 -2.3021 15.8885 3.2358 -1.6272 7.5708 0.0000 0.0000 0.0000 -82.6767 3.9537 39.7800 38.2198 -46.9791 -17.1261 -0.0000 -0.0000 12.3533 -1.7074 36.2996 -1.0110 -7.1250 0.0000 -0.0000 -41.6632 61.2239 -18.2111 0.0000 0.0000 0.0000 83.2260 -4.8630 49.3394 -35.0084 44.8181 -14.8193 0.0000 -0.0000 -12.2335 -12.9467 26.2077 -5.7971 7.1250 -0.0000 -0.0000 10.1799 -3.5441 9.6879
6.5103 17.9350 6.5471 181.2690 8.2665 -176.8720 0.0000 0.0000 0.0000 -24.0802 -1.5591 -6.3789 1.5108 7.7626 21.9952 0.7383 -1.5228 -15.7869 0.0948 -1.9853 -5.4650 0.0000 0.0000 0.0000 11.0771 3.0405 -0.4363 -0.4307 -4.2114 11.6722 -0.1489 -5.6526 -11.4704 -0.2587 3.2721 -9.0373 -1.5164 1.3389 -1.3162 -1.1255 1.8552 0.8611 -0.2537 0.9257 1.6091 -12.8978 -5.3751 -16.6882 2.4221 -4.3307 16.6013 2.3798 -2.5602 8.2849 -0.0000 0.0000 0.0000 -78.2364 -1.9835 52.2599 49.7738 -52.9039 -25.9936 -0.0000 -0.0000 12.4961 -6.1735 31.7933 -3.2616 -7.1250 0.0000 -0.0000 -41.0508 56.7605 -13.3719 -0.0000 0.0000 0.0000 81.8985 -1.9343 53.7385 -48.4845 52.3657 -24.9688 0.0000 -0.0000 -11.3403 -10.4411 28.7113 -5.0590 7.1250 -0.0000 -0.0000 11.8009 -1.3964 11.7640
6.5240 17.9467 6.5869 181.5090 7.7567 -176.7940 0.0000 0.0000 0.0000 -23.6952 -1.8746 -6.5863 1.5321 7.8148 22.1529 0.7309 -1.7452 -15.6528 0.1037 -2.0768 -5.7179 0.0000 0.0000 0.0000 11.4236 3.1262 -0.3359 -0.4223 -4.1709 11.5581 -0.1587 -5.7299 -11.7317 -0.1326 2.3473 -6.4664 -1.4287 0.8043 -1.1419 -0.9122 1.1139 0.2168 -0.1124 0.5574 0.8528 -12.7763 -4.8718 -15.7321 2.1228 -3.6746 17.4042 2.3634 -2.2747 8.3325 -0.0000 0.0000 0.0000 -75.5917 -5.5647 57.8130 66.5641 -57.8194 -39.8525 -0.0000 -0.0000 12.0308 -8.3058 28.8184 -4.0254 -7.1250 0.0000 -0.0000 -40.3357 54.0189 -10.2156 -0.0000 0.0000 0.0000 78.1579 1.4169 59.5860 -65.6802 57.6428 -39.1051 0.0000 -0.0000 -10.2222 -9.4529 32.9862 -5.1796 7.1250 -0.0000 -0.0000 12.6265 2.6560 13.5246
6.5233 17.9323 6.5810 181.8220 8.1501 -176.8910 0.0000 0.0000 0.0000 -23.3586 -1.6509 -6.6790 1.5682 7.9020 22.4169 0.7332 -1.6204 -15.7071 0.0759 -1.7769 -4.8894 0.0000 0.0000 0.0000 11.7212 3.3603 -0.0846 -0.4139 -4.1298 11.4420 -0.1563 -5.5423 -11.4954 -0.0849 1.8797 -5.1734 -1.1755 0.6580 -1.7885 -0.6541 0.9191 0.2682 0.0152 0.4561 1.2693 -12.1810 -4.1483 -16.8728 1.7953 -2.5069 19.0949 2.3049 -1.7426 9.0102 -0.0000 -0.0000 0.0000 -72.3816 -11.3993 59.5699 83.6044 -59.8449 -54.4641 -0.0000 -0.0000 12.7542 -5.4925 27.2131 -2.5178 -7.1250 0.0000 -0.0000 -36.5496 53.2504 -8.2926 -0.0000 -0.0000 0.0000 74.3365 7.0264 60.4687 -86.7783 59.9607 -57.2103 0.0000 -0.0000 -9.1671 -9.2223 34.8366 -5.2989 7.1250 -0.0000 -0.0000 12.8902 4.4253 14.1987
6.5511 17.9364 6.5907 182.1550 9.2188 -177.0540 0.0000 0.0000 0.0000 -22.9287 -0.6561 -6.8150 1.5955 7.9672 22.6144 0.7642 -1.6644 -16.0355 0.0691 -1.6963 -4.6671 0.0000 0.0000 0.0000 12.1825 4.3750 0.2477 -0.4170 -4.1450 11.4849 -0.1506 -5.4800 -11.3261 -0.0759 1.7777 -4.8918 -1.3537 0.8405 -2.0282 -0.2885 1.1603 0.0240 0.4975 0.5746 1.1402 -11.4763 -3.0505 -17.3176 1.1743 -0.8303 20.5906 2.2143 -0.9795 9.4832 -0.0000 -0.0000 0.0000 -68.6599 -16.6547 56.9851 99.8280 -59.6319 -68.5008 -0.0000 -0.0000 12.0316 -6.8109 26.3572 -3.0353 -7.1250 0.0000 -0.0000 -37.0877 52.3201 -7.5306 -0.0000 -0.0000 0.0000 69.8900 13.6660 56.7579 -104.9083 59.1433 -72.8739 0.0000 -0.0000 -10.0938 -10.8402 35.5304 -6.3497 7.1250 -0.0000 -0.0000 12.0778 5.3350 13.4384
6.5527 17.9343 6.5882 181.6880 9.3236 -177.3690 0.0000 0.0000 0.0000 -23.4655 -0.5640 -6.3132 1.5363 7.8250 22.1837 0.7185 -1.3936 -15.6000 0.0178 -0.8610 -2.3663 0.0000 0.0000 0.0000 11.6271 4.2008 0.0195 -0.4733 -4.4124 12.2398 -0.1826 -4.9668 -11.4205 -0.0403 1.2952 -3.5615 -2.2233 0.7936 -1.3071 -0.0067 1.0938 -0.8131 1.2510 0.5604 -0.1415 -10.5975 -2.4187 -16.9962 -0.1349 0.2823 21.8007 1.7833 -0.5211 9.7896 0.0000 -0.0000 0.0000 -64.1822 -21.2239 50.7162 110.7344 -58.3116 -77.8547 -0.0000 -0.0000 7.2004 -7.3443 25.9884 -3.2325 -7.1250 0.0000 -0.0000 -37.2895 51.9285 -7.1919 0.0000 -0.0000 0.0000 63.5895 18.8176 48.6776 -117.8731 56.8506 -83.8836 0.0000 -0.0000 -13.4788 -20.4527 39.3014 -13.2909 7.1250 -0.0000 -0.0000 7.5399 10.8466 8.8939
6.5522 17.9331 6.5828 181.6950 9.2093 -177.4510 0.0000 0.0000 0.0000 -23.4820 -0.6856 -6.1049 1.5202 7.7857 22.0649 0.7328 -1.2653 -15.7921 0.0600 -1.5810 -4.3489 0.0000 0.0000 0.0000 11.6951 4.2074 0.0141 -0.4914 -4.4945 12.4723 -0.1930 -5.2787 -11.9026 -0.1224 2.2557 -6.2129 -1.4883 0.8260 -2.7742 -0.6311 1.1695 -0.1214 0.2336 0.5815 1.4138 -10.2492 -2.6847 -17.5129 0.4752 -0.3405 21.8909 1.8535 -0.7424 9.9399 -0.0000 -0.0000 0.0000 -56.3371 -28.2372 40.3175 115.4780 -57.3992 -81.8719 -0.0000 -0.0000 1.5252 -3.6808 27.6945 -1.7125 -7.1250 0.0000 -0.0000 -35.2756 53.9754 -8.6057 -0.0000 -0.0000 0.0000 57.0898 25.1454 35.3122 -123.7317 55.2307 -88.7447 0.0000 -0.0000 -17.5649 -17.9186 35.3828 -10.6048 7.1250 -0.0000 -0.0000 8.2408 6.4209 9.2015
6.5656 17.9313 6.5643 181.9990 9.4087 -177.6190 0.0000 0.0000 0.0000 -23.1241 -0.3790 -5.9966 1.5481 7.8534 22.2698 0.7599 -1.2611 -16.0902 0.0638 -1.6299 -4.4839 0.0000 0.0000 0.0000 12.1195 4.3665 0.6266 -0.4552 -4.3284 12.0026 -0.1600 -5.4851 -11.5072 -0.0601 1.5817 -4.3509 -1.6505 0.7047 -2.2891 -0.2465 0.9964 -0.9412 0.6972 0.5100 0.2953 -10.8386 -3.1075 -15.9067 0.3198 -0.8319 22.0437 1.8413 -1.0014 9.7387 -0.0000 -0.0000 0.0000 -49.3440 -31.0828 27.8002 113.4919 -57.8084 -80.1949 -0.0000 0.0000 -2.6461 -2.8212 27.4136 -1.2997 -7.1250 0.0000 -0.0000 -34.2768 53.9011 -8.2472 -0.0000 -0.0000 0.0000 48.3351 28.0490 21.4713 -124.8607 54.8691 -89.6701 0.0000 -0.0000 -24.7986 -18.6415 34.7329 -10.8797 7.1250 -0.0000 -0.0000 7.7558 5.9170 8.5896
6.5493 17.9389 6.5352 181.9870 8.2869 -177.5910 0.0000 0.0000 0.0000 -23.1583 -1.0226 -5.7500 1.5550 7.8701 22.3201 0.7671 -1.6897 -16.0603 0.0790 -1.8130 -4.9891 0.0000 0.0000 0.0000 12.0213 3.1268 0.8865 -0.4093 -4.1069 11.3775 -0.1636 -5.3284 -11.4170 -0.0477 1.4097 -3.8768 -1.4402 0.2079 -2.3513 -0.3623 0.3422 -1.4259 0.4436 0.1943 -0.1482 -11.7179 -3.9527 -14.8093 0.7308 -2.0034 22.0580 1.9827 -1.5630 9.6338 0.0000 -0.0000 0.0000 -40.1667 -34.0002 14.2607 107.9145 -58.7519 -75.4494 -0.0000 0.0000 -8.2163 -2.5476 27.7032 -1.1850 -7.1250 0.0000 -0.0000 -34.2441 54.1926 -8.4957 0.0000 -0.0000 0.0000 39.4363 29.4969 7.2339 -120.4534 56.1879 -86.0359 0.0000 -0.0000 -30.4707 -19.8363 34.2683 -11.4817 7.1250 -0.0000 -0.0000 7.0349 5.6958 7.7545
6.5642 17.9215 6.5127 181.7230 8.8476 -177.5950 0.0000 0.0000 0.0000 -23.4542 -0.7213 -5.5384 1.4836 7.6956 21.7933 0.7392 -1.3872 -15.8308 0.0358 -1.2206 -3.3559 0.0000 0.0000 0.0000 11.7019 3.6459 0.5207 -0.4748 -4.4193 12.2595 -0.2165 -5.0778 -12.1247 -0.1077 2.1165 -5.8277 -1.7912 0.2791 -2.2945 -0.5525 0.4431 -1.2760 0.4480 0.2436 -0.0297 -12.1956 -4.6086 -16.5066 1.2802 -2.7142 22.8965 2.1402 -1.9202 10.3185 0.0000 0.0000 0.0000 -30.8410 -35.8395 -0.2640 96.1913 -59.8547 -65.3592 -0.0000 0.0000 -14.6862 -3.4396 27.7834 -1.6048 -7.1250 0.0000 -0.0000 -35.1233 54.0934 -8.6682 0.0000 0.0000 0.0000 30.6326 30.3841 -6.5287 -109.9104 58.4478 -77.1530 0.0000 -0.0000 -35.3646 -20.3529 33.9204 -11.6957 7.1250 -0.0000 -0.0000 6.6993 5.4537 7.3540
6.5732 17.9252 6.4930 181.2580 8.9020 -177.3190 0.0000 0.0000 0.0000 -23.8638 -0.0305 -6.1192 1.4874 7.7051 21.8218 0.7516 -2.1503 -15.7905 0.0969 -2.0073 -5.5259 0.0000 0.0000 0.0000 11.1974 3.6080 0.1622 -0.4750 -4.4199 12.2611 -0.2258 -4.9450 -12.1633 -0.1258 2.2863 -6.2976 -2.2921 0.3830 -1.9747 -0.9649 0.5957 -1.7041 0.3039 0.3391 -0.6513 -11.4087 -4.7217 -16.8875 1.2826 -3.0511 23.2744 1.9625 -2.0213 10.5287 0.0000 0.0000 0.0000 -22.6376 -36.1377 -11.5103 81.1570 -59.7024 -52.3494 -0.0000 0.0000 -20.3313 -2.9402 29.0129 -1.4270 -7.1250 0.0000 -0.0000 -35.6352 55.1993 -9.8378 0.0000 0.0000 0.0000 23.7718 28.6549 -18.2960 -97.0140 59.8133 -66.0705 0.0000 -0.0000 -40.6174 -19.7366 33.1272 -11.0932 7.1250 -0.0000 -0.0000 6.9256 4.5277 7.5039
6.5827 17.9224 6.4607 181.4180 9.1653 -177.4240 0.0000 0.0000 0.0000 -23.7856 -0.4183 -5.4663 1.4561 7.6271 21.5872 0.7601 -1.3823 -16.0610 0.0888 -1.9216 -5.2891 0.0000 0.0000 0.0000 11.4073 3.5383 0.3336 -0.4690 -4.3925 12.1836 -0.2146 -4.6978 -11.7518 -0.1501 2.4964 -6.8797 -2.0175 0.3394 -1.6400 -0.8281 0.5171 -1.6683 0.2868 0.2952 -0.7991 -11.2506 -4.1276 -17.6439 1.0225 -2.1249 23.0540 1.9674 -1.6162 10.5206 -0.0000 -0.0000 0.0000 -16.1345 -34.9954 -21.9603 64.2802 -57.3466 -37.9244 -0.0000 0.0000 -25.7805 -3.2786 29.5270 -1.6171 -7.1250 0.0000 -0.0000 -36.3718 55.5526 -10.4134 -0.0000 -0.0000 0.0000 17.3691 26.6486 -27.5149 -81.8953 59.7503 -52.9870 0.0000 -0.0000 -44.2585 -18.5278 32.2347 -10.1350 7.1250 -0.0000 -0.0000 7.4826 3.3914 7.9789
6.5935 17.9252 6.4499 181.3840 9.3431 -177.5130 0.0000 0.0000 0.0000 -23.7912 -0.2355 -5.3758 1.4589 7.6341 21.6082 0.7645 -1.2986 -16.1303 0.1412 -2.4214 -6.6718 0.0000 0.0000 0.0000 11.3925 3.3957 0.3764 -0.4695 -4.3946 12.1894 -0.2301 -4.6823 -12.0062 -0.1714 2.6667 -7.3522 -2.0734 0.5775 -1.2386 -1.0333 0.8210 -1.4101 0.1080 0.4422 -0.7632 -9.9495 -3.7223 -18.1899 0.5679 -1.8483 22.4395 1.6207 -1.4400 10.3467 0.0000 0.0000 0.0000 -10.5636 -34.4154 -31.0492 50.0451 -53.0137 -26.2102 -0.0000 0.0000 -29.9824 -4.2527 30.1145 -2.1366 -7.1250 0.0000 -0.0000 -37.7696 55.8329 -11.1742 0.0000 0.0000 0.0000 13.1171 23.7418 -35.6074 -67.7300 58.0405 -40.8405 0.0000 -0.0000 -47.2334 -21.1653 31.8410 -11.5445 7.1250 -0.0000 -0.0000 5.9427 3.5202 6.3297
6.6176 17.9212 6.4334 180.7790 9.9958 -177.5380 0.0000 0.0000 0.0000 -24.3332 0.6147 -5.5035 1.4152 7.5236 21.2763 0.7667 -1.7717 -16.0366 0.0645 -1.6382 -4.5069 0.0000 0.0000 0.0000 10.8113 3.8208 -0.0536 -0.5218 -4.6293 12.8542 -0.2359 -4.6776 -12.1017 -0.2599 3.2797 -9.0584 -2.8982 0.5984 -0.9913 -1.1406 0.8516 -1.7751 0.4526 0.4806 -1.2877 -9.9717 -2.9635 -16.8054 0.7728 -1.0063 21.6734 1.8224 -0.9948 9.7618 0.0000 -0.0000 0.0000 -7.0695 -32.1967 -37.5252 39.0880 -47.5202 -17.7637 -0.0000 0.0000 -31.5875 -5.0268 31.0285 -2.5960 -7.1250 0.0000 -0.0000 -39.2915 56.4020 -12.3045 0.0000 -0.0000 0.0000 10.6437 21.4064 -40.6382 -56.0974 55.1770 -31.1150 0.0000 -0.0000 -48.2229 -20.9742 31.3460 -11.2779 7.1250 -0.0000 -0.0000 5.9814 2.9774 6.3178
6.6222 17.9295 6.4175 181.3480 10.0349 -177.2960 0.0000 0.0000 0.0000 -23.7546 0.0531 -5.4431 1.4238 7.5456 21.3423 0.7765 -1.2430 -16.2748 0.0426 -1.3318 -3.6623 0.0000 0.0000 0.0000 11.4270 3.9342 0.1196 -0.4824 -4.4540 12.3575 -0.2337 -4.6333 -12.0260 -0.2010 2.8868 -7.9637 -2.3866 0.2925 -0.8577 -0.7411 0.4269 -1.6489 0.5766 0.2555 -1.2197 -10.4236 -2.8200 -17.3145 0.3622 -0.4997 21.7063 1.8179 -0.8433 9.8497 0.0000 -0.0000 0.0000 -5.0087 -29.5323 -43.6313 31.6113 -42.2351 -12.4788 -0.0000 0.0000 -32.9438 -6.3775 32.0433 -3.3937 -7.1250 0.0000 -0.0000 -41.4752 56.9103 -13.7043 0.0000 -0.0000 0.0000 8.4323 19.8982 -45.6647 -47.4501 51.9138 -24.1522 0.0000 -0.0000 -49.9406 -21.6385 30.1483 -11.2682 7.1250 -0.0000 -0.0000 5.4371 1.8911 5.6387
6.6555 17.9306 6.4069 181.5260 10.4560 -177.2160 0.0000 0.0000 0.0000 -23.4651 0.4379 -5.5881 1.4342 7.5719 21.4210 0.7724 -1.1044 -16.2674 0.1226 -2.2571 -6.2166 0.0000 0.0000 0.0000 11.7154 4.5868 0.4335 -0.4639 -4.3689 12.1170 -0.2235 -4.7584 -11.9588 -0.1120 2.1574 -5.9408 -2.4958 0.5815 -0.6606 -0.8173 0.8032 -1.3340 0.5588 0.4363 -1.0183 -10.9667 -3.4856 -18.1422 1.0533 -1.3843 21.8979 2.0213 -1.2478 10.1327 -0.0000 0.0000 0.0000 -3.9144 -27.9183 -47.5909 27.3268 -38.4890 -9.7018 -0.0000 0.0000 -34.1265 -7.7864 32.8625 -4.2435 -7.1250 0.0000 -0.0000 -43.5573 57.2323 -14.9439 -0.0000 0.0000 0.0000 8.3091 17.0797 -49.9678 -41.8910 49.1512 -19.8581 0.0000 -0.0000 -52.0465 -21.1456 29.5318 -10.7938 7.1250 -0.0000 -0.0000 5.6401 1.1607 5.7811
6.6538 17.9355 6.3943 181.9620 10.1636 -176.8110 0.0000 0.0000 0.0000 -22.9466 0.1736 -6.0109 1.4688 7.6587 21.6822 0.7974 -1.5252 -16.4240 0.0740 -1.7553 -4.8299 0.0000 0.0000 0.0000 12.2110 4.4011 0.4500 -0.4183 -4.1515 11.5033 -0.1992 -5.1037 -11.8470 -0.1949 2.8433 -7.8429 -2.1744 0.1160 -0.7038 -0.4430 0.1797 -1.4212 0.7640 0.1223 -1.0660 -12.1150 -3.7530 -17.2788 1.2801 -1.6151 21.2609 2.2544 -1.4011 9.7837 0.0000 0.0000 0.0000 -5.4333 -24.7960 -48.9611 25.2512 -36.4596 -8.4387 -0.0000 0.0000 -36.2858 -7.8636 32.8151 -4.2805 -7.1250 0.0000 -0.0000 -43.5797 57.1801 -14.8959 0.0000 0.0000 0.0000 8.5411 16.1032 -52.5919 -38.1260 46.9196 -17.0576 0.0000 -0.0000 -50.4314 -20.5996 29.3351 -10.4338 7.1250 -0.0000 -0.0000 5.9324 0.8525 6.0524
6.6515 17.9272 6.3846 181.7130 10.2733 -176.9360 0.0000 0.0000 0.0000 -23.2254 0.5806 -5.9598 1.4513 7.6150 21.5506 0.7300 -1.4106 -15.7235 0.0625 -1.6131 -4.4375 0.0000 0.0000 0.0000 11.8691 4.5405 0.3273 -0.4565 -4.3343 12.0191 -0.2358 -4.6810 -12.1028 -0.1253 2.2818 -6.2852 -2.2539 0.1647 -0.6222 -0.6799 0.2427 -1.1722 0.5662 0.1487 -0.8577 -12.3713 -4.1012 -17.0955 1.7670 -2.1960 21.2006 2.3873 -1.6426 9.7769 -0.0000 0.0000 0.0000 -7.2156 -22.9535 -48.5274 24.6030 -35.7955 -8.0566 -0.0000 0.0000 -39.1450 -9.0732 32.7159 -4.9330 -7.1250 0.0000 -0.0000 -44.5683 56.8475 -14.9556 -0.0000 0.0000 0.0000 10.0156 13.7218 -53.6361 -36.7213 46.0029 -16.0392 0.0000 -0.0000 -49.0260 -19.6325 28.8550 -9.7678 7.1250 -0.0000 -0.0000 6.4390 0.1796 6.5003
6.6586 17.9277 6.3863 181.5680 10.4507 -177.0240 0.0000 0.0000 0.0000 -23.2920 1.1747 -6.1778 1.4726 7.6683 21.7110 0.8055 -2.2207 -16.3509 0.1238 -2.2680 -6.2470 0.0000 0.0000 0.0000 11.7450 4.9119 0.3543 -0.4829 -4.4563 12.3641 -0.2578 -4.5805 -12.3848 -0.1132 2.1694 -5.9742 -2.4064 0.1261 -0.4615 -0.7033 0.1863 -1.1522 0.6273 0.1222 -0.9264 -12.5516 -4.2198 -16.3084 1.7027 -2.3963 20.9895 2.3725 -1.7444 9.5774 -0.0000 -0.0000 0.0000 -10.0115 -21.2605 -47.0135 24.5413 -35.7315 -8.0205 -0.0000 0.0000 -40.3773 -9.7256 33.0476 -5.3397 -7.1250 0.0000 -0.0000 -45.4841 56.9536 -15.4836 -0.0000 -0.0000 0.0000 11.6956 12.2122 -53.4421 -37.3674 46.4305 -16.5057 0.0000 -0.0000 -49.6812 -18.7820 28.4470 -9.2017 7.1250 -0.0000 -0.0000 6.8924 -0.3896 6.8956
6.6402 17.9185 6.3860 181.5120 10.1179 -176.9790 0.0000 0.0000 0.0000 -23.4220 0.5056 -6.0025 1.4401 7.5869 21.4661 0.7744 -1.7907 -16.1151 0.0374 -1.2490 -3.4342 0.0000 0.0000 0.0000 11.6446 5.0460 0.0104 -0.5401 -4.7089 13.0801 -0.2734 -4.5452 -12.6102 -0.0537 1.4956 -4.1136 -2.1192 -0.3290 -0.5068 -0.5722 -0.4216 -0.9447 0.6019 -0.1903 -0.6719 -11.9875 -3.8027 -16.8337 0.8766 -1.6771 21.0810 2.0853 -1.4546 9.6408 0.0000 -0.0000 0.0000 -13.0920 -19.0744 -45.6338 24.6544 -35.8487 -8.0866 -0.0000 0.0000 -41.3418 -9.8274 32.9579 -5.3835 -7.1250 0.0000 -0.0000 -45.4841 56.8659 -15.3815 0.0000 -0.0000 0.0000 12.3551 12.5294 -53.7573 -38.1345 46.9250 -17.0638 0.0000 -0.0000 -49.8536 -19.1692 28.6450 -9.4613 7.1250 -0.0000 -0.0000 6.6867 -0.1190 6.7188
6.6456 17.9150 6.3890 181.2160 10.5510 -177.3160 0.0000 0.0000 0.0000 -23.6868 1.6443 -5.9753 1.4272 7.5541 21.3678 0.7750 -2.3785 -15.9965 0.0551 -1.5150 -4.1671 0.0000 0.0000 0.0000 11.3729 5.5128 0.2126 -0.5711 -4.8399 13.4524 -0.3016 -4.6396 -13.1314 -0.0919 1.9549 -5.3810 -2.2789 -0.0486 -0.3341 -0.8569 -0.0482 -0.7725 0.3997 -0.0042 -0.6022 -10.7004 -3.7100 -16.8922 0.2833 -1.7033 21.6753 1.6706 -1.4380 9.8379 0.0000 -0.0000 0.0000 -15.8704 -18.7784 -43.7163 24.8161 -36.0154 -8.1815 -0.0000 0.0000 -42.6181 -10.4765 33.2438 -5.7884 -7.1250 0.0000 -0.0000 -46.3510 56.9363 -15.8547 0.0000 -0.0000 0.0000 13.5777 11.4158 -53.5028 -39.3169 47.6599 -17.9327 0.0000 -0.0000 -49.9650 -18.6582 29.1718 -9.3465 7.1250 -0.0000 -0.0000 7.0440 0.3238 7.1377
6.6087 17.9261 6.3959 180.6430 9.9671 -177.1200 0.0000 0.0000 0.0000 -24.4020 0.7219 -6.0224 1.4142 7.5213 21.2693 0.7652 -2.3266 -15.9010 0.0113 -0.6853 -1.8832 0.0000 0.0000 0.0000 10.6526 4.9406 -0.4402 -0.5944 -4.9359 13.7259 -0.2823 -4.8370 -12.9932 -0.1765 2.7065 -7.4627 -2.1542 -0.4430 -0.3789 -1.0684 -0.5692 -0.9237 0.1146 -0.2609 -0.7228 -11.0942 -3.2387 -16.6822 1.1163 -1.1826 21.6078 2.1010 -1.1316 9.7462 -0.0000 -0.0000 0.0000 -19.0236 -18.2875 -42.9284 24.8311 -36.0309 -8.1904 -0.0000 0.0000 -42.6885 -11.6501 32.9136 -6.3924 -7.1250 0.0000 -0.0000 -47.0499 56.4468 -15.5810 -0.0000 -0.0000 0.0000 13.7762 11.7108 -53.0367 -39.9398 48.0342 -18.3945 0.0000 -0.0000 -49.7959 -17.6030 28.6791 -8.6574 7.1250 -0.0000 -0.0000 7.6089 -0.3601 7.6286
6.5864 17.9093 6.3983 180.9870 9.9649 -177.1410 0.0000 0.0000 0.0000 -24.1148 0.9157 -6.0362 1.4031 7.4928 21.1838 0.7482 -2.3613 -15.7112 0.0410 -1.3066 -3.5927 0.0000 0.0000 0.0000 10.9057 4.7046 -0.5765 -0.6163 -5.0244 13.9783 -0.2854 -4.7976 -13.0091 -0.1772 2.7112 -7.4758 -1.2018 -0.4047 -0.5276 -1.2094 -0.5162 -0.7520 -0.5647 -0.2444 -0.4742 -10.7283 -3.2133 -16.2851 1.5171 -1.4257 21.4109 2.1498 -1.1703 9.6089 -0.0000 0.0000 0.0000 -21.8553 -18.4745 -41.6279 25.3612 -36.5709 -8.5042 -0.0000 0.0000 -43.4710 -10.9225 33.6456 -6.1029 -7.1250 0.0000 -0.0000 -47.1605 57.1310 -16.4614 -0.0000 0.0000 0.0000 13.8796 11.0776 -51.9441 -40.3897 48.2991 -18.7297 0.0000 -0.0000 -49.5075 -17.9314 28.8183 -8.8658 7.1250 -0.0000 -0.0000 7.4307 -0.1627 7.4728
6.5833 17.9051 6.4182 181.0120 9.8678 -177.0760 0.0000 0.0000 0.0000 -24.0686 1.1244 -6.3591 1.4257 7.5505 21.3570 0.7463 -2.6074 -15.6452 0.0838 -1.8668 -5.1377 0.0000 0.0000 0.0000 10.9141 4.7167 -0.6874 -0.6166 -5.0254 13.9810 -0.2717 -4.5410 -12.5800 -0.0746 1.7619 -4.8482 -1.1515 -0.6090 -0.3010 -1.1092 -0.7957 -0.6252 -0.4889 -0.3865 -0.4709 -10.9485 -3.2575 -17.4217 1.7138 -1.3092 22.1650 2.2733 -1.1341 10.0863 -0.0000 0.0000 0.0000 -24.9776 -17.8731 -40.1310 26.3788 -37.5803 -9.1177 -0.0000 0.0000 -44.7281 -10.1322 33.7905 -5.6759 -7.1250 0.0000 -0.0000 -46.6116 57.4077 -16.5351 -0.0000 0.0000 0.0000 13.4178 11.4582 -51.4749 -40.9788 48.6392 -19.1707 0.0000 -0.0000 -49.5554 -17.5638 28.9658 -8.7150 7.1250 -0.0000 -0.0000 7.6610 -0.0772 7.7200
6.5838 17.9149 6.4350 180.9070 9.8060 -177.0840 0.0000 0.0000 0.0000 -24.2351 0.2598 -6.1251 1.4274 7.5547 21.3694 0.7364 -1.8901 -15.6794 0.0543 -1.5041 -4.1370 0.0000 0.0000 0.0000 10.8217 4.7271 -0.5185 -0.5831 -4.8895 13.5938 -0.2497 -4.7802 -12.4208 -0.0536 1.4935 -4.1077 -1.2073 -0.6170 -0.1999 -1.2087 -0.8047 -0.3979 -0.5598 -0.3918 -0.2957 -10.4922 -3.3022 -17.5330 1.2237 -1.4040 21.7545 2.0046 -1.1963 9.9578 -0.0000 -0.0000 0.0000 -27.4011 -18.0703 -38.4096 27.0135 -38.1921 -9.5075 -0.0000 0.0000 -44.9625 -9.6217 33.6834 -5.3712 -7.1250 0.0000 -0.0000 -46.0448 57.4415 -16.3094 -0.0000 -0.0000 0.0000 13.3511 11.2514 -51.2083 -41.1730 48.7497 -19.3166 0.0000 -0.0000 -49.5156 -17.3667 29.3206 -8.7072 7.1250 -0.0000 -0.0000 7.8123 0.2467 7.9198
6.5728 17.9191 6.4517 181.1230 9.2967 -176.9540 0.0000 0.0000 0.0000 -23.9710 -0.0399 -6.2629 1.4355 7.5752 21.4310 0.7195 -2.0238 -15.4645 0.0473 -1.4031 -3.8585 0.0000 0.0000 0.0000 11.0246 4.2193 -0.4211 -0.5327 -4.6770 12.9896 -0.2527 -4.8202 -12.5045 -0.1006 2.0457 -5.6321 -0.7050 -0.8264 -0.0051 -1.2966 -1.0876 -0.3508 -0.9282 -0.5353 -0.3680 -10.4703 -3.4085 -17.1693 1.2630 -1.6819 20.9228 1.9696 -1.3130 9.6099 -0.0000 -0.0000 0.0000 -29.8473 -17.6836 -36.3917 28.1490 -39.2531 -10.2178 -0.0000 0.0000 -44.7436 -11.2531 33.5339 -6.2726 -7.1250 0.0000 -0.0000 -47.3359 56.9792 -16.3594 -0.0000 -0.0000 0.0000 13.3027 11.3257 -50.7249 -41.4046 48.8804 -19.4908 0.0000 -0.0000 -49.9241 -17.4801 28.9484 -8.6667 7.1250 -0.0000 -0.0000 7.7081 -0.1092 7.7640
6.5892 17.9445 6.4707 181.0410 10.1644 -176.8170 0.0000 0.0000 0.0000 -24.1160 0.1311 -6.2001 1.3942 7.4700 21.1154 0.7381 -1.3750 -15.8218 0.1369 -2.3844 -6.5694 0.0000 0.0000 0.0000 10.9320 4.6527 -0.7679 -0.5352 -4.6874 13.0192 -0.2464 -4.4483 -12.0853 -0.1031 2.0707 -5.7011 -1.1787 -0.4372 -0.0264 -1.4077 -0.5603 -0.1158 -0.7795 -0.2694 -0.1063 -9.9381 -3.5852 -17.7888 0.9483 -1.9608 20.8543 1.7269 -1.4473 9.7048 -0.0000 0.0000 0.0000 -32.0823 -17.5895 -33.9907 29.5816 -40.5320 -11.1367 -0.0000 0.0000 -45.3874 -11.6766 33.3564 -6.4829 -7.1250 0.0000 -0.0000 -47.5247 56.7606 -16.1800 -0.0000 0.0000 0.0000 13.9097 11.1465 -50.2829 -41.8940 49.1528 -19.8603 0.0000 -0.0000 -49.6334 -18.6507 29.2962 -9.3782 7.1250 -0.0000 -0.0000 7.0622 0.4485 7.1718
6.5972 17.9513 6.4874 181.3380 10.5224 -176.5600 0.0000 0.0000 0.0000 -23.7629 0.2595 -6.5624 1.4023 7.4909 21.1780 0.7284 -1.2990 -15.7348 0.1164 -2.2000 -6.0587 0.0000 0.0000 0.0000 11.2463 4.7716 -0.9748 -0.5101 -4.5781 12.7091 -0.2085 -4.4304 -11.4099 -0.0939 1.9759 -5.4392 -1.1566 -0.5986 -0.0087 -1.2289 -0.7781 0.0413 -0.6095 -0.3810 0.0456 -10.2779 -3.3348 -18.6850 1.1667 -1.4513 21.2646 1.9265 -1.2259 9.9924 0.0000 0.0000 0.0000 -34.9927 -16.5770 -32.4561 31.3801 -42.0474 -12.3237 -0.0000 0.0000 -44.4892 -11.7731 33.8091 -6.6151 -7.1250 0.0000 -0.0000 -48.0803 57.0638 -16.8124 0.0000 0.0000 0.0000 14.6210 11.6518 -48.6355 -42.3355 49.3943 -20.1949 0.0000 -0.0000 -49.1927 -19.5459 29.0527 -9.7818 7.1250 -0.0000 -0.0000 6.5125 0.3649 6.5965
6.6096 17.9673 6.5038 181.4570 10.7775 -176.2990 0.0000 0.0000 0.0000 -23.6383 -0.1533 -6.7449 1.4103 7.5112 21.2391 0.7370 -0.7794 -15.9752 0.0572 -1.5430 -4.2442 0.0000 0.0000 0.0000 11.3682 4.8403 -0.8864 -0.4494 -4.3011 11.9252 -0.2012 -4.4068 -11.2560 -0.1001 2.0402 -5.6166 -1.2195 -0.5002 0.3495 -1.3920 -0.6516 -0.0381 -0.7374 -0.3149 -0.2373 -10.5158 -3.4786 -18.7305 1.7104 -1.7355 21.1950 2.1157 -1.3194 9.9977 -0.0000 -0.0000 0.0000 -38.2231 -15.2676 -28.0832 34.2123 -44.2414 -14.2610 -0.0000 0.0000 -43.6123 -9.7969 35.6972 -5.7535 -7.1250 0.0000 -0.0000 -48.4021 58.8437 -19.1398 -0.0000 -0.0000 0.0000 17.1266 10.2143 -44.7415 -43.9565 50.2469 -21.4335 0.0000 -0.0000 -48.7954 -21.2565 28.6834 -10.5761 7.1250 -0.0000 -0.0000 5.4676 0.3128 5.5225
6.6262 17.9624 6.5283 180.9360 11.0251 -176.1220 0.0000 0.0000 0.0000 -24.1460 -0.4542 -7.0189 1.3940 7.4695 21.1140 0.7183 -0.3784 -15.8924 0.0286 -1.0919 -3.0017 0.0000 0.0000 0.0000 10.7895 5.4008 -1.2460 -0.4794 -4.4401 12.3182 -0.2429 -4.1482 -11.7795 -0.0194 0.8987 -2.4701 -2.2434 -0.4058 0.4380 -1.5886 -0.5244 -0.1949 -0.3650 -0.2420 -0.4393 -10.3738 -3.4806 -18.0397 1.5629 -1.8286 20.8731 2.0297 -1.3576 9.7585 -0.0000 0.0000 0.0000 -42.3408 -13.2433 -22.3799 37.7731 -46.6938 -16.8003 -0.0000 0.0000 -40.9779 -8.4695 37.7298 -5.2065 -7.1250 0.0000 -0.0000 -49.6587 60.5713 -21.8998 -0.0000 0.0000 0.0000 20.6030 8.4520 -39.4113 -45.8031 51.1559 -22.8626 0.0000 -0.0000 -46.3563 -21.5257 29.5384 -11.0042 7.1250 -0.0000 -0.0000 5.4205 1.2433 5.5616
6.6353 17.9608 6.5373 181.1870 11.0688 -176.0430 0.0000 0.0000 0.0000 -23.8356 -0.4617 -7.2026 1.4247 7.5479 21.3490 0.7202 -0.3630 -15.9181 0.0802 -1.8273 -5.0286 0.0000 0.0000 0.0000 11.0778 5.4250 -1.1356 -0.4519 -4.3128 11.9584 -0.2290 -4.1601 -11.5474 -0.0016 0.2570 -0.7063 -2.3608 -0.5018 0.4489 -1.6093 -0.6383 0.2640 -0.3219 -0.3034 0.0269 -10.5864 -3.2730 -18.9654 2.1016 -1.5588 20.5852 2.2816 -1.1987 9.8099 -0.0000 0.0000 0.0000 -47.1253 -10.4269 -16.6114 41.9411 -49.1788 -19.8959 -0.0000 0.0000 -36.9711 -7.8862 39.9760 -5.0855 -7.1250 0.0000 -0.0000 -52.1361 62.2198 -25.3817 -0.0000 0.0000 0.0000 25.1594 6.9590 -33.5592 -49.0997 52.6259 -25.4569 0.0000 -0.0000 -43.2663 -23.2881 27.7207 -11.3219 7.1250 -0.0000 -0.0000 4.1476 -0.2755 4.1384
6.6507 17.9710 6.5408 182.0030 11.4231 -175.8030 0.0000 0.0000 0.0000 -22.9056 -0.2124 -7.4933 1.4562 7.6273 21.5875 0.7413 -0.2635 -16.1843 0.1219 -2.2512 -6.2003 0.0000 0.0000 0.0000 12.0210 5.3768 -1.0633 -0.4039 -4.0801 11.3022 -0.1772 -4.4179 -10.8167 -0.0430 1.3380 -3.6794 -1.8667 -0.0875 0.6517 -1.8108 -0.0864 0.2863 -0.8068 -0.0249 -0.0716 -9.7514 -3.3259 -18.2675 1.8277 -1.9513 19.5932 1.9889 -1.3388 9.3410 -0.0000 -0.0000 0.0000 -51.2908 -7.9216 -8.4653 43.9264 -50.2316 -21.4104 -0.0000 0.0000 -31.2552 -7.3659 39.6250 -4.7131 -7.1250 0.0000 -0.0000 -51.1811 62.1273 -24.6689 -0.0000 -0.0000 0.0000 31.5278 3.2998 -26.5328 -52.9241 54.1088 -28.5266 0.0000 -0.0000 -39.3662 -22.7141 26.9880 -10.7559 7.1250 -0.0000 -0.0000 4.3936 -1.1521 4.3171
6.6530 17.9795 6.5396 181.6960 11.4438 -175.7740 0.0000 0.0000 0.0000 -23.2478 -0.4442 -7.5224 1.4555 7.6256 21.5827 0.7002 0.1093 -15.8543 0.1482 -2.4810 -6.8369 0.0000 0.0000 0.0000 11.6204 5.0058 -1.1374 -0.3826 -3.9722 10.9986 -0.1740 -4.0501 -10.4299 -0.0733 1.7464 -4.8054 -2.6698 -0.1954 0.3063 -1.8819 -0.2005 0.5571 -0.4309 -0.0831 0.4026 -10.2738 -3.2745 -18.2217 2.0489 -1.7956 19.3624 2.1699 -1.2769 9.2520 -0.0000 -0.0000 0.0000 -56.7336 -5.3293 -2.2923 43.2136 -49.8627 -20.8639 -0.0000 0.0000 -24.2688 -9.4629 37.7843 -5.8309 -7.1250 0.0000 -0.0000 -50.6140 60.3622 -22.2008 -0.0000 -0.0000 0.0000 37.6900 1.0311 -19.1961 -55.0522 54.8405 -30.2587 0.0000 -0.0000 -32.6419 -20.7695 25.9773 -9.4318 7.1250 -0.0000 -0.0000 5.4431 -2.5634 5.2181
6.6558 17.9945 6.5328 182.0450 11.6404 -175.5560 0.0000 0.0000 0.0000 -22.8421 -0.8345 -7.5616 1.4738 7.6711 21.7196 0.7525 0.0867 -16.4280 0.0004 0.1243 0.3415 0.0000 0.0000 0.0000 11.9734 5.0517 -0.8260 -0.3236 -3.6566 10.1125 -0.1353 -4.2804 -9.8425 -0.0276 1.0728 -2.9491 -2.7122 0.0132 0.0475 -1.9553 0.1093 0.9407 -0.4819 0.0683 0.9374 -10.1681 -3.5090 -18.4556 1.7682 -2.0947 18.7964 2.0070 -1.4368 9.1130 0.0000 0.0000 0.0000 -62.2492 -4.2189 2.8793 39.4850 -47.7618 -18.0570 -0.0000 0.0000 -13.8581 -8.1204 36.9918 -4.9070 -7.1250 0.0000 -0.0000 -48.4289 60.1481 -20.7027 0.0000 0.0000 0.0000 44.7900 -1.4201 -12.6607 -55.7917 55.0801 -30.8641 0.0000 -0.0000 -27.3413 -18.8692 25.5293 -8.3792 7.1250 -0.0000 -0.0000 6.5493 -3.3494 6.1967
6.6601 17.9837 6.5336 181.9190 11.8036 -175.6640 0.0000 0.0000 0.0000 -23.0211 -0.3931 -7.4547 1.4437 7.5960 21.4935 0.7376 0.2020 -16.3057 0.0710 -1.7191 -4.7298 0.0000 0.0000 0.0000 11.8249 5.1592 -1.1418 -0.3742 -3.9291 10.8773 -0.1803 -3.9051 -10.4307 -0.0829 1.8571 -5.1108 -3.1549 0.3104 0.0525 -2.3470 0.5573 1.3342 -0.6313 0.2973 1.3347 -10.2172 -3.6734 -19.3890 2.3133 -2.3428 19.1642 2.1646 -1.5111 9.4281 -0.0000 0.0000 0.0000 -67.6924 -3.7856 5.5231 34.2548 -44.2726 -14.2906 -0.0000 -0.0000 2.7600 -6.5383 36.2296 -3.8752 -7.1250 0.0000 -0.0000 -46.0791 59.9917 -19.2458 -0.0000 0.0000 0.0000 52.0690 -3.3127 -6.8717 -52.3149 53.8875 -28.0337 0.0000 -0.0000 -23.5386 -16.0793 27.1833 -7.5016 7.1250 -0.0000 -0.0000 8.3726 -2.1170 8.1460
6.6618 17.9805 6.5252 182.0030 11.5539 -175.6770 0.0000 0.0000 0.0000 -22.8971 -0.5109 -7.4530 1.4606 7.6382 21.6205 0.7443 -0.0475 -16.2906 0.0223 -0.9635 -2.6485 0.0000 0.0000 0.0000 11.9295 4.8624 -1.0960 -0.3738 -3.9270 10.8713 -0.1672 -3.7994 -10.0782 -0.0571 1.5414 -4.2397 -3.5869 0.1713 0.3173 -2.0080 0.3433 1.2928 -0.0459 0.1810 1.1419 -10.0883 -3.5459 -19.3574 0.7365 -1.8167 18.6707 1.6652 -1.4093 9.2098 -0.0000 0.0000 0.0000 -74.6554 -2.0654 5.3322 28.8359 -39.8745 -10.6554 -0.0000 -0.0000 16.5494 0.9946 35.4481 0.5769 -7.1250 0.0000 -0.0000 -38.0788 61.2385 -16.3783 -0.0000 0.0000 0.0000 58.0257 -4.7347 -1.2179 -46.8169 51.6282 -23.6548 0.0000 -0.0000 -20.1153 -14.8768 28.1003 -7.1320 7.1250 -0.0000 -0.0000 9.1600 -1.3816 9.0538
6.6610 17.9747 6.5093 181.9850 11.5179 -175.5340 0.0000 0.0000 0.0000 -22.9466 -0.3781 -7.5217 1.4585 7.6330 21.6047 0.7212 0.0876 -16.0832 0.0879 -1.9126 -5.2641 0.0000 0.0000 0.0000 11.8984 5.1059 -1.1362 -0.3759 -3.9376 10.9011 -0.1881 -3.8506 -10.5361 -0.1464 2.4655 -6.7939 -3.6381 0.3893 0.0549 -2.2646 0.6744 1.4566 -0.2752 0.3491 1.4524 -11.1943 -3.8853 -19.1442 1.8002 -2.2306 18.7897 2.1574 -1.5698 9.2645 0.0000 -0.0000 0.0000 -79.8925 -1.8874 2.4271 23.5575 -34.6928 -7.4532 -0.0000 -0.0000 22.9054 6.2726 34.0911 3.5255 -7.1250 0.0000 -0.0000 -31.3701 61.4364 -13.2768 0.0000 -0.0000 0.0000 64.8480 -6.2997 2.2160 -40.9349 48.6141 -19.1377 0.0000 -0.0000 -15.4106 -14.9548 28.7210 -7.3142 7.1250 -0.0000 -0.0000 9.1648 -0.7492 9.1626
6.6597 17.9702 6.4880 181.8190 11.4404 -175.5420 0.0000 0.0000 0.0000 -23.1580 -0.5404 -7.5081 1.4639 7.6467 21.6459 0.7326 -0.0764 -16.1521 0.0195 -0.9011 -2.4768 0.0000 0.0000 0.0000 11.6802 5.1378 -1.2206 -0.3990 -4.0558 11.2336 -0.2029 -3.9084 -10.8660 -0.0591 1.5688 -4.3154 -4.2462 0.6893 0.3225 -2.1801 1.0420 1.1085 0.1479 0.5346 0.9254 -11.6701 -3.8923 -18.7420 1.7875 -2.0819 19.4699 2.2606 -1.5379 9.4329 0.0000 -0.0000 0.0000 -85.0487 -0.8820 -2.8024 19.3254 -29.8210 -5.1917 -0.0000 -0.0000 21.5839 3.7060 37.1387 2.2395 -7.1250 0.0000 -0.0000 -37.4366 63.2568 -17.8373 0.0000 -0.0000 0.0000 70.7993 -7.4633 3.0706 -34.2406 44.2622 -14.2807 0.0000 -0.0000 -11.7688 -15.8512 29.8847 -8.0524 7.1250 -0.0000 -0.0000 8.7475 0.5576 8.9367
6.6509 17.9559 6.4604 181.8630 11.1159 -175.3700 0.0000 0.0000 0.0000 -23.1902 -0.6282 -7.3849 1.4156 7.5247 21.2794 0.7457 -0.0874 -16.2923 0.1348 -2.3666 -6.5199 0.0000 0.0000 0.0000 11.6784 5.3306 -1.5974 -0.4568 -4.3358 12.0234 -0.2359 -3.7929 -11.3738 -0.0385 1.2666 -3.4828 -3.7661 1.3418 -0.1056 -2.6806 1.9806 1.3713 -0.6137 1.0135 1.4385 -11.3499 -4.3369 -18.7879 2.0476 -2.8649 19.5300 2.1893 -1.8595 9.5124 -0.0000 0.0000 0.0000 -87.5710 -1.7100 -8.7020 15.2031 -24.4283 -3.3095 -0.0000 -0.0000 17.0111 4.3033 39.1202 2.7182 -7.1250 0.0000 -0.0000 -39.4974 64.9461 -20.5076 -0.0000 0.0000 0.0000 77.6451 -7.9356 0.5463 -29.2536 40.2450 -10.9242 0.0000 -0.0000 -10.8783 -14.4462 30.0059 -7.3410 7.1250 -0.0000 -0.0000 9.5700 0.4527 9.7823
6.6481 17.9573 6.4263 182.0170 10.1270 -175.4580 0.0000 0.0000 0.0000 -22.9726 -0.9007 -7.1775 1.4292 7.5593 21.3834 0.7495 -0.5151 -16.1937 0.1379 -2.3933 -6.5938 0.0000 0.0000 0.0000 11.9205 4.5880 -1.0551 -0.4187 -4.1535 11.5089 -0.2290 -4.0875 -11.4885 -0.0243 1.0060 -2.7653 -3.7670 0.9775 -0.2516 -2.2641 1.4877 1.5796 -0.1865 0.7510 1.7309 -12.2570 -4.2141 -19.2480 2.0925 -2.3264 19.9832 2.4275 -1.6721 9.7397 -0.0000 0.0000 0.0000 -90.7459 -1.1987 -17.5433 12.5488 -20.6225 -2.2919 -0.0000 -0.0000 16.3795 2.5074 41.3244 1.6563 -7.1250 0.0000 -0.0000 -44.6007 66.0362 -24.7135 -0.0000 0.0000 0.0000 81.8485 -7.4022 -1.2248 -24.7677 35.9657 -8.1531 0.0000 -0.0000 -9.6531 -15.2396 29.5114 -7.6435 7.1250 -0.0000 -0.0000 9.0672 0.0852 9.1965
6.6499 17.9703 6.4051 182.5230 9.4438 -175.1390 0.0000 0.0000 0.0000 -22.3289 -1.2786 -7.5823 1.5053 7.7492 21.9549 0.7937 -1.2633 -16.4524 0.0298 -1.1146 -3.0641 0.0000 0.0000 0.0000 12.5271 3.8527 -0.6053 -0.3265 -3.6723 10.1565 -0.1776 -4.6062 -10.9933 -0.0435 1.3459 -3.7012 -3.6222 0.9558 -0.4125 -1.8918 1.4240 1.3469 0.1142 0.7111 1.5760 -12.1929 -3.9660 -18.8385 1.7554 -1.9349 20.1469 2.3609 -1.5145 9.6929 0.0000 -0.0000 0.0000 -92.4884 0.9267 -22.7441 11.0390 -18.3480 -1.7882 -0.0000 -0.0000 19.4831 1.9183 42.2629 1.2904 -7.1250 0.0000 -0.0000 -46.7180 66.5075 -26.5876 0.0000 -0.0000 0.0000 85.5606 -7.1027 -3.6253 -20.7071 31.4848 -5.8962 0.0000 -0.0000 -9.9243 -17.2994 28.2060 -8.3742 7.1250 -0.0000 -0.0000 7.7408 -0.8892 7.6906
6.6555 17.9652 6.3786 181.7700 8.7869 -175.1260 0.0000 0.0000 0.0000 -23.0717 -0.8362 -7.6042 1.4373 7.5797 21.4445 0.7550 -2.1704 -15.8224 0.0893 -1.9272 -5.3045 0.0000 0.0000 0.0000 11.7568 3.8497 -0.8737 -0.3737 -3.9264 10.8696 -0.2014 -4.9620 -11.7547 -0.0593 1.5717 -4.3235 -4.3674 1.1431 -0.6965 -2.2854 1.7208 1.1330 0.1345 0.8658 1.5003 -11.8839 -3.9824 -17.6705 1.9122 -2.2446 19.9115 2.3325 -1.6064 9.4138 -0.0000 0.0000 0.0000 -92.6405 3.3051 -25.2418 10.3020 -17.2106 -1.5631 -0.0000 -0.0000 23.4313 3.0560 39.8176 1.9580 -7.1250 0.0000 -0.0000 -41.7372 65.1129 -22.0147 -0.0000 0.0000 0.0000 89.3659 -7.1780 -7.3310 -17.6364 27.6891 -4.3790 0.0000 -0.0000 -9.4946 -17.8721 27.4703 -8.4604 7.1250 -0.0000 -0.0000 7.3310 -1.5379 7.1912
6.6722 17.9761 6.3699 181.7720 8.6457 -174.7490 0.0000 0.0000 0.0000 -23.0131 -0.5143 -8.0682 1.4339 7.5711 21.4188 0.7256 -2.4052 -15.4547 0.1080 -2.1193 -5.8354 0.0000 0.0000 0.0000 11.9080 4.3314 -1.3710 -0.4129 -4.1248 11.4279 -0.1776 -5.7526 -12.0936 -0.1445 2.4497 -6.7503 -4.6872 1.4124 -0.9969 -2.3036 2.0840 0.7400 0.3019 1.0517 1.2424 -11.7422 -3.9729 -16.1784 1.9715 -2.5084 19.0566 2.3031 -1.6904 8.8620 -0.0000 -0.0000 0.0000 -92.5614 5.6180 -25.6547 10.1987 -17.0498 -1.5327 -0.0000 -0.0000 24.1906 1.6136 40.8377 1.0553 -7.1250 0.0000 -0.0000 -44.6806 65.4330 -24.1679 -0.0000 -0.0000 0.0000 92.0243 -7.1199 -10.4182 -14.9386 24.0605 -3.2009 0.0000 -0.0000 -8.0063 -17.5834 27.0930 -8.2127 7.1250 -0.0000 -0.0000 7.4675 -1.9682 7.2692
6.6572 17.9738 6.3714 181.6880 7.8968 -174.8330 0.0000 0.0000 0.0000 -23.1126 -0.9127 -7.9159 1.4291 7.5589 21.3822 0.7071 -2.6442 -15.2069 0.0902 -1.9374 -5.3328 0.0000 0.0000 0.0000 11.8429 3.9939 -1.3734 -0.4276 -4.1965 11.6303 -0.1796 -6.0425 -12.4208 -0.1280 2.3066 -6.3538 -4.9073 1.4331 -1.1567 -2.0531 2.1383 1.1734 0.6940 1.0575 1.7591 -12.4472 -4.2059 -16.7376 2.0265 -2.5714 19.1375 2.4211 -1.7665 9.0134 -0.0000 0.0000 0.0000 -92.5561 6.3466 -23.4100 10.4661 -17.4654 -1.6120 -0.0000 -0.0000 21.9120 -0.3260 41.1320 -0.2144 -7.1250 0.0000 -0.0000 -46.9714 65.0779 -25.2811 -0.0000 0.0000 0.0000 93.2222 -5.9447 -11.8912 -12.8747 21.1034 -2.4080 0.0000 -0.0000 -4.7354 -19.3510 26.4315 -8.8849 7.1250 -0.0000 -0.0000 6.3449 -2.3452 6.1180
6.6537 17.9630 6.3724 181.3720 7.3260 -174.9830 0.0000 0.0000 0.0000 -23.4081 -0.8841 -7.7432 1.4100 7.5104 21.2365 0.7202 -3.3140 -15.2517 0.1406 -2.4165 -6.6581 0.0000 0.0000 0.0000 11.5481 3.7357 -1.3716 -0.4580 -4.3414 12.0390 -0.1842 -6.2021 -12.6625 -0.0570 1.5407 -4.2379 -4.4620 1.6033 -1.6970 -2.7648 2.4736 1.5865 -0.2493 1.2383 2.5247 -11.7186 -4.2557 -16.0630 2.0743 -2.9763 18.5927 2.2715 -1.8957 8.7154 -0.0000 0.0000 0.0000 -90.3428 6.4337 -21.1054 10.6443 -17.7409 -1.6659 -0.0000 -0.0000 20.2607 -2.3697 40.7889 -1.5486 -7.1250 0.0000 -0.0000 -48.3370 64.2639 -25.2955 -0.0000 0.0000 0.0000 95.6229 -4.9370 -14.2230 -11.7012 19.3550 -2.0022 0.0000 -0.0000 -0.5178 -18.8913 27.3274 -8.9281 7.1250 -0.0000 -0.0000 6.7105 -1.5095 6.5770
6.6386 17.9651 6.3697 181.3720 6.5011 -175.0930 0.0000 0.0000 0.0000 -23.3487 -0.9844 -7.6975 1.4221 7.5414 21.3296 0.6802 -4.0099 -14.7381 0.0675 -1.6764 -4.6123 0.0000 0.0000 0.0000 11.6027 3.2326 -0.9268 -0.4250 -4.1842 11.5956 -0.1750 -6.7891 -13.1231 -0.0776 1.7968 -4.9444 -4.5796 0.9523 -1.6112 -2.0935 1.5118 1.0429 0.4638 0.7465 1.9183 -13.7101 -3.4847 -14.4010 2.7465 -1.6904 18.7903 3.0019 -1.3257 8.4321 0.0000 0.0000 0.0000 -90.8870 8.0199 -21.4838 11.3886 -18.8815 -1.8998 -0.0000 -0.0000 18.9469 -3.3596 40.4548 -2.1813 -7.1250 0.0000 -0.0000 -48.7453 63.7625 -25.0073 0.0000 0.0000 0.0000 94.6629 -6.1336 -10.7994 -11.4400 18.9596 -1.9164 0.0000 0.0000 0.1772 -17.8181 26.0166 -8.0248 7.1250 -0.0000 -0.0000 7.2298 -3.0230 6.8943
6.6150 17.9828 6.3875 181.5800 5.8798 -174.8040 0.0000 0.0000 0.0000 -23.0427 -1.2085 -8.1473 1.4358 7.5759 21.4331 0.6511 -4.9572 -14.3707 0.0010 0.2040 0.5606 0.0000 0.0000 0.0000 11.8367 2.8976 -0.7787 -0.3614 -3.8621 10.6891 -0.1212 -7.4046 -12.9078 -0.0811 1.8373 -5.0562 -4.2733 1.1049 -1.9903 -1.9329 1.7165 1.0726 0.4733 0.8418 2.1564 -13.3652 -3.3062 -14.5102 2.0849 -1.2458 19.7382 2.7880 -1.1573 8.7376 -0.0000 -0.0000 0.0000 -89.6147 7.4675 -18.9888 12.1053 -19.9624 -2.1381 -0.0000 -0.0000 17.0910 -3.4655 40.8171 -2.2668 -7.1250 0.0000 -0.0000 -49.3841 63.9761 -25.6543 -0.0000 -0.0000 0.0000 94.5089 -5.8553 -7.9055 -11.8169 19.5294 -2.0407 0.0000 -0.0000 -0.7218 -16.8699 25.0258 -7.3101 7.1250 -0.0000 -0.0000 7.7243 -4.1764 7.2083
6.5950 17.9832 6.4083 181.7410 5.5252 -174.7390 0.0000 0.0000 0.0000 -22.9448 -1.5294 -8.3493 1.4575 7.6305 21.5973 0.6403 -4.7100 -14.2541 0.0658 -1.6545 -4.5517 0.0000 0.0000 0.0000 11.9903 2.8686 -0.2183 -0.2902 -3.4640 9.5735 -0.0369 -8.1132 -12.2852 -0.0271 1.0623 -2.9202 -3.9354 1.2860 -2.2742 -1.9172 1.9635 1.1582 0.3187 0.9633 2.4045 -12.9375 -3.0633 -15.1933 2.2253 -0.7846 21.5256 2.8548 -0.9179 9.4414 -0.0000 0.0000 0.0000 -87.9928 6.4857 -15.8210 13.0347 -21.3380 -2.4659 -0.0000 -0.0000 14.7045 -3.0731 41.4683 -2.0361 -7.1250 0.0000 -0.0000 -50.0287 64.5176 -26.6796 -0.0000 0.0000 0.0000 93.8818 -4.9883 -4.7699 -12.2383 20.1611 -2.1837 0.0000 -0.0000 -0.9886 -15.1380 25.3578 -6.6089 7.1250 -0.0000 -0.0000 8.8030 -4.0935 8.2520
6.5509 17.9847 6.4393 182.3680 4.8739 -174.7350 0.0000 0.0000 0.0000 -22.2872 -1.6359 -8.7694 1.5506 7.8596 22.2884 0.6637 -5.7376 -14.5170 0.0314 -1.1438 -3.1445 0.0000 0.0000 0.0000 12.6045 2.4811 0.6253 -0.2038 -2.9065 8.0185 0.0489 -8.9219 -11.7680 -0.0221 0.9599 -2.6384 -2.8418 1.1878 -1.8835 -1.6723 1.7421 0.9014 -0.0618 0.8653 1.9496 -11.9050 -2.3471 -15.2690 0.6027 0.6769 23.2316 2.3422 -0.3069 9.9675 0.0000 -0.0000 0.0000 -86.9815 6.0873 -13.5786 14.2639 -23.1108 -2.9309 -0.0000 -0.0000 12.5805 -2.3510 41.2299 -1.5500 -7.1250 0.0000 -0.0000 -48.9975 64.5652 -26.0530 0.0000 -0.0000 0.0000 92.5266 -4.8419 1.0860 -13.3759 21.8355 -2.5914 0.0000 -0.0000 -4.5016 -15.0020 23.9092 -6.1987 7.1250 -0.0000 -0.0000 8.7962 -5.5700 7.9978
6.4968 17.9843 6.4686 181.3310 3.0468 -175.1650 0.0000 0.0000 0.0000 -23.4044 -2.1709 -8.2852 1.5108 7.7626 21.9954 0.5848 -6.8702 -13.7329 0.0024 0.3185 0.8752 0.0000 0.0000 0.0000 11.4683 1.1105 0.4675 -0.2434 -3.1750 8.7665 0.0241 -9.1327 -12.5717 -0.0526 1.4796 -4.0696 -3.2575 0.8320 -1.2497 -1.9518 1.2688 0.8148 -0.1437 0.6396 1.5121 -11.0613 -1.6933 -15.7641 -0.3624 2.1693 25.6319 2.1186 0.3595 10.8753 -0.0000 0.0000 0.0000 -85.6337 5.6032 -9.8179 15.8755 -25.3515 -3.5925 -0.0000 -0.0000 9.4091 -0.6869 41.2406 -0.4528 -7.1250 0.0000 -0.0000 -47.4781 65.0480 -25.5793 -0.0000 0.0000 0.0000 90.9894 -4.3762 4.8892 -14.6740 23.6900 -3.0938 0.0000 -0.0000 -6.8831 -13.3964 22.8309 -5.2798 7.1250 -0.0000 -0.0000 9.7385 -6.8570 8.6349
6.4585 17.9756 6.5046 180.7870 2.5902 -175.1940 0.0000 0.0000 0.0000 -24.1348 -2.5968 -8.0708 1.4760 7.6766 21.7360 0.5742 -6.7895 -13.6041 0.0012 0.2225 0.6112 0.0000 0.0000 0.0000 10.7561 1.2568 -0.0922 -0.3083 -3.5697 9.8692 -0.0079 -9.1849 -13.2291 -0.0293 1.1052 -3.0382 -3.2385 0.8548 -1.4730 -2.2535 1.3434 1.0637 -0.4553 0.6808 1.9003 -11.1835 0.3714 -16.0612 -0.1238 2.3255 26.5109 2.0548 -0.6421 11.1752 0.0000 0.0000 0.0000 -84.3163 3.8791 -7.2517 17.4616 -27.4623 -4.2981 -0.0000 -0.0000 7.2904 0.1212 40.6494 0.0790 -7.1250 0.0000 -0.0000 -45.8041 64.8727 -24.3182 0.0000 0.0000 0.0000 89.8160 -2.8576 7.9095 -15.9710 25.4814 -3.6335 0.0000 -0.0000 -8.8273 -12.6315 22.2178 -4.8437 7.1250 -0.0000 -0.0000 10.1937 -7.5595 8.9099
6.4471 17.9760 6.5397 181.0920 2.2891 -175.4960 0.0000 0.0000 0.0000 -23.7677 -2.7212 -7.8752 1.4718 7.6662 21.7047 0.5461 -6.9938 -13.3130 0.0101 0.6492 1.7840 0.0000 0.0000 0.0000 11.2068 1.5866 0.2047 -0.3277 -3.6792 10.1760 0.0292 -9.7887 -13.4448 -0.0323 1.1602 -3.1898 -2.7011 1.4384 -1.5914 -2.5608 2.1572 1.4760 -1.0364 1.0992 2.4102 -10.2146 0.0650 -15.6970 -0.4657 1.6486 26.7740 1.6764 -0.9036 11.2518 -0.0000 -0.0000 0.0000 -82.2793 1.6975 -3.5933 19.0895 -29.5297 -5.0749 -0.0000 -0.0000 5.7428 1.5956 40.2556 1.0313 -7.1250 0.0000 -0.0000 -43.8041 65.0147 -23.1997 -0.0000 -0.0000 0.0000 89.4729 -1.4892 8.9081 -17.5722 27.6059 -4.3492 0.0000 -0.0000 -10.7423 -12.6766 23.0650 -5.0360 7.1250 -0.0000 -0.0000 10.1958 -6.7089 9.0835
6.4220 17.9639 6.5709 180.9350 1.9420 -175.6090 0.0000 0.0000 0.0000 -24.0443 -2.6218 -7.8569 1.4637 7.6461 21.6442 0.5311 -7.2107 -13.1734 0.0017 0.2628 0.7221 0.0000 0.0000 0.0000 10.9508 1.0581 -0.0590 -0.3499 -3.8003 10.5156 0.0392 -9.7692 -13.2380 -0.0664 1.6630 -4.5752 -2.7264 1.0684 -1.1569 -2.3838 1.6119 1.1365 -0.8730 0.8252 1.8104 -10.9936 0.6431 -15.6943 -0.5118 2.5452 27.7430 1.9026 -0.7149 11.5710 -0.0000 0.0000 0.0000 -82.1929 1.6037 -2.3556 21.3410 -32.2242 -6.2308 -0.0000 -0.0000 3.5122 3.1766 38.4402 1.9761 -7.1250 0.0000 -0.0000 -39.6635 64.1177 -19.8572 -0.0000 0.0000 0.0000 87.7563 -1.0595 12.7963 -19.2660 29.7479 -5.1622 0.0000 -0.0000 -11.4764 -15.4030 22.2727 -5.9612 7.1250 -0.0000 -0.0000 8.4568 -7.1692 7.4187
6.4014 17.9835 6.6070 181.3680 1.9324 -175.6110 0.0000 0.0000 0.0000 -23.5578 -2.3113 -8.1387 1.4712 7.6649 21.7007 0.5138 -7.5773 -13.0375 0.0039 0.4018 1.1039 0.0000 0.0000 0.0000 11.3959 1.1362 0.2221 -0.3099 -3.5790 9.8951 0.0700 -10.0464 -13.1036 -0.0356 1.2186 -3.3504 -3.5305 1.2928 -0.6485 -1.2867 1.8247 0.8165 0.6869 0.9058 1.1341 -12.3380 0.6162 -15.6615 -0.5371 2.7677 28.3447 2.1375 -0.8521 11.7853 -0.0000 0.0000 0.0000 -83.1555 1.7306 0.9560 24.0295 -35.1954 -7.7235 -0.0000 -0.0000 1.4592 2.4749 40.4733 1.6070 -7.1250 0.0000 -0.0000 -43.2900 65.4227 -23.2754 -0.0000 0.0000 0.0000 85.2260 -0.8313 14.6079 -21.1855 32.0443 -6.1481 0.0000 -0.0000 -12.6835 -17.1868 22.8023 -6.8354 7.1250 -0.0000 -0.0000 7.3702 -6.3917 6.5597
6.3820 17.9936 6.6371 181.4570 2.2340 -175.4710 0.0000 0.0000 0.0000 -23.5313 -2.2967 -8.4236 1.4653 7.6500 21.6560 0.4887 -7.5109 -12.7350 0.0192 0.8941 2.4576 0.0000 0.0000 0.0000 11.4146 1.5523 0.0160 -0.3061 -3.5572 9.8342 0.0914 -10.2787 -13.0763 -0.0818 1.8445 -5.0761 -3.2701 1.8804 -0.4551 -1.5787 2.5936 0.4770 0.2381 1.3048 0.6735 -11.6491 0.3771 -14.4553 -0.6941 2.0823 27.8178 1.8648 -1.0531 11.3851 0.0000 0.0000 0.0000 -82.0736 1.1170 3.9391 26.0610 -37.2688 -8.9245 -0.0000 -0.0000 0.6875 2.5401 40.1150 1.6373 -7.1250 0.0000 -0.0000 -42.6824 65.1829 -22.6644 0.0000 0.0000 0.0000 84.9380 -0.6501 15.1703 -23.1747 34.2793 -7.2365 0.0000 -0.0000 -13.1099 -18.4341 24.0203 -7.7267 7.1250 -0.0000 -0.0000 6.6851 -4.9633 6.1244
6.3694 17.9895 6.6520 181.4170 2.2393 -175.5660 0.0000 0.0000 0.0000 -23.6167 -2.0561 -8.5274 1.5009 7.7384 21.9222 0.5056 -7.6699 -12.9601 0.0104 0.6600 1.8138 0.0000 0.0000 0.0000 11.2924 1.3602 0.2102 -0.2882 -3.4523 9.5406 0.0730 -10.0614 -13.0725 -0.0601 1.5815 -4.3504 -4.0191 1.4949 -0.4055 -0.8094 2.0484 0.3032 1.4342 1.0231 0.4281 -12.8537 0.6358 -13.8299 -1.3677 2.7139 27.3119 1.8814 -0.9904 11.0507 0.0000 -0.0000 0.0000 -83.3179 1.1767 4.0350 27.9285 -39.0504 -10.0786 -0.0000 -0.0000 0.6711 2.0178 39.4455 1.2823 -7.1250 0.0000 -0.0000 -42.2029 64.5470 -21.7610 0.0000 -0.0000 0.0000 82.9187 -0.5328 18.1985 -25.8848 37.0948 -8.8181 0.0000 -0.0000 -14.9116 -18.4606 24.9862 -8.0264 7.1250 -0.0000 -0.0000 6.7497 -3.9708 6.3108
6.3637 17.9941 6.6616 181.8870 2.2362 -175.5020 0.0000 0.0000 0.0000 -23.0899 -2.2617 -8.8421 1.5531 7.8655 22.3063 0.5174 -7.5341 -13.0707 0.0086 0.5977 1.6426 0.0000 0.0000 0.0000 11.8140 1.2140 0.7070 -0.2218 -3.0313 8.3660 0.1394 -10.5010 -12.5236 -0.1153 2.1893 -6.0290 -1.6821 1.6042 -1.4913 -2.2821 2.2860 0.9024 -1.3277 1.1657 1.7896 -11.9048 0.3092 -14.5239 -0.2245 1.9959 27.3737 2.0726 -1.0045 11.2209 -0.0000 -0.0000 0.0000 -80.3214 -0.6283 5.7441 28.7292 -39.7789 -10.5870 -0.0000 -0.0000 0.3655 1.4325 39.2788 0.9070 -7.1250 0.0000 -0.0000 -42.5300 64.2621 -21.6836 -0.0000 -0.0000 0.0000 85.3321 0.8485 18.8525 -28.4804 39.5548 -10.4282 0.0000 -0.0000 -14.5453 -18.7915 25.5999 -8.3638 7.1250 -0.0000 -0.0000 6.6030 -3.2899 6.2555
6.3561 17.9908 6.6802 182.2650 1.5479 -175.5960 0.0000 0.0000 0.0000 -22.6187 -2.6059 -8.8365 1.5737 7.9151 22.4565 0.4927 -7.8741 -12.8530 0.0147 0.7820 2.1491 0.0000 0.0000 0.0000 12.2776 0.3656 1.1964 -0.1699 -2.6553 7.3204 0.1863 -10.7540 -12.0092 -0.1030 2.0699 -5.6988 -1.2040 1.2014 -1.3265 -2.2237 1.7247 0.8831 -1.5564 0.8881 1.6823 -12.5599 -0.1024 -14.6396 -0.0218 1.5622 27.1374 2.1977 -1.2173 11.1829 0.0000 0.0000 0.0000 -80.1970 -0.8717 5.8903 29.4775 -40.4413 -11.0691 -0.0000 -0.0000 0.7038 0.3394 40.0707 0.2185 -7.1250 0.0000 -0.0000 -44.7261 64.5277 -23.2887 0.0000 0.0000 0.0000 85.6064 1.0717 21.0110 -31.5578 42.1918 -12.4428 0.0000 -0.0000 -14.9781 -18.9372 26.1356 -8.5944 7.1250 -0.0000 -0.0000 6.5651 -2.7181 6.2883
6.3463 18.0026 6.6833 182.1280 1.4689 -175.4920 0.0000 0.0000 0.0000 -22.8318 -3.0210 -8.7268 1.5488 7.8551 22.2748 0.5011 -7.5567 -12.8878 0.0182 0.8711 2.3942 0.0000 0.0000 0.0000 12.0744 0.1523 1.4973 -0.1332 -2.3521 6.4797 0.2233 -10.9571 -11.5846 -0.0766 1.7848 -4.9114 -1.3653 1.0826 -1.6561 -2.2994 1.5887 0.9765 -1.5395 0.8206 1.9589 -13.1655 -1.2267 -14.2776 -0.2647 0.2057 25.8549 2.0290 -1.7931 10.7425 0.0000 -0.0000 0.0000 -80.5486 -1.0352 6.2156 30.6432 -41.4384 -11.8330 -0.0000 -0.0000 0.9320 -1.5642 40.2928 -1.0117 -7.1250 0.0000 -0.0000 -46.8459 64.1505 -24.2244 0.0000 -0.0000 0.0000 85.9286 1.0745 22.7393 -35.3520 45.0618 -15.0620 0.0000 -0.0000 -16.4983 -19.1444 26.5867 -8.8313 7.1250 -0.0000 -0.0000 6.4845 -2.2219 6.2690
6.3437 17.9966 6.6952 182.0740 1.5963 -175.5730 0.0000 0.0000 0.0000 -22.9069 -2.8718 -8.7251 1.5578 7.8769 22.3408 0.5033 -7.5952 -12.9197 0.0222 0.9623 2.6451 0.0000 0.0000 0.0000 11.9788 0.3664 1.3141 -0.1491 -2.4884 6.8576 0.2115 -10.9022 -11.7408 -0.0885 1.9190 -5.2819 -1.4444 1.0393 -1.5776 -2.3461 1.5409 1.1121 -1.5449 0.7981 2.0527 -14.9424 -2.5840 -15.0002 1.0133 -1.3207 25.3460 2.5805 -2.4072 10.8392 0.0000 -0.0000 0.0000 -81.1942 -1.0432 6.7226 32.3328 -42.8109 -12.9664 -0.0000 -0.0000 0.9252 2.2181 38.7604 1.3891 -7.1250 0.0000 -0.0000 -41.0414 64.0958 -20.6405 0.0000 -0.0000 0.0000 86.4230 0.9610 25.0642 -40.0795 48.1169 -18.4984 0.0000 -0.0000 -17.2794 -26.8202 26.1222 -12.5495 7.1250 -0.0000 -0.0000 1.8217 -1.2044 1.7839
6.3533 18.0007 6.6983 182.2610 1.7229 -175.6140 0.0000 0.0000 0.0000 -22.6859 -2.8586 -8.6373 1.5368 7.8261 22.1871 0.4980 -7.4132 -12.8260 0.0158 0.8126 2.2334 0.0000 0.0000 0.0000 12.2397 0.5139 1.3526 -0.1494 -2.4908 6.8642 0.2479 -11.0033 -11.0986 -0.0752 1.7690 -4.8677 -1.6594 0.9434 -1.6044 -2.1758 1.4076 1.0784 -1.2539 0.7242 2.0213 -16.1502 -3.3434 -15.0004 2.1631 -2.2893 24.8255 3.0649 -2.7532 10.7647 -0.0000 -0.0000 0.0000 -82.0211 -0.1480 7.9218 35.5408 -45.1945 -15.1958 -0.0000 -0.0000 0.0564 3.0428 39.6860 1.9441 -7.1250 0.0000 -0.0000 -41.5562 65.0123 -21.8094 -0.0000 -0.0000 0.0000 86.8339 0.3288 27.3188 -46.0614 51.2780 -23.0639 0.0000 -0.0000 -18.2182 -24.3687 27.1573 -11.6812 7.1250 -0.0000 -0.0000 3.4310 -0.6397 3.3986
6.3530 17.9926 6.7005 181.9190 1.6557 -175.6300 0.0000 0.0000 0.0000 -23.0480 -2.4396 -8.6900 1.5271 7.8024 22.1156 0.4840 -7.8318 -12.7435 0.0142 0.7696 2.1149 0.0000 0.0000 0.0000 11.8285 0.6076 0.8447 -0.1994 -2.8755 7.9324 0.1767 -10.5878 -11.9066 -0.0539 1.4977 -4.1193 -3.0014 0.9477 -1.0129 -1.7253 1.3776 0.4593 -0.0605 0.6971 1.0117 -16.2184 -3.9416 -12.9505 1.1818 -3.3059 23.1360 2.5997 -3.2462 9.8597 -0.0000 0.0000 0.0000 -84.0395 1.2868 9.2319 40.2338 -48.2078 -18.6134 -0.0000 0.0000 -0.1217 3.9842 37.8607 2.4477 -7.1250 0.0000 -0.0000 -38.0892 63.8935 -18.7567 -0.0000 0.0000 0.0000 86.4920 -2.0905 29.3044 -54.7595 54.7436 -30.0195 0.0000 -0.0000 -18.7764 -24.3424 28.4065 -12.1460 7.1250 -0.0000 -0.0000 3.6223 0.6600 3.6711
6.3624 17.9977 6.6992 182.1010 1.6458 -175.6290 0.0000 0.0000 0.0000 -22.7160 -1.5572 -9.1840 1.5477 7.8524 22.2667 0.4333 -8.8066 -12.3926 0.0198 0.9074 2.4942 0.0000 0.0000 0.0000 12.0716 0.6237 0.8312 -0.2044 -2.9107 8.0304 0.1591 -10.5047 -12.1268 -0.0430 1.3378 -3.6787 -3.3504 0.9498 -0.6125 -1.5134 1.3451 0.0910 0.3387 0.6861 0.3972 -16.2097 -4.3123 -12.7744 0.9986 -3.8309 23.0710 2.4659 -3.5032 9.8527 -0.0000 0.0000 0.0000 -85.1309 2.7220 11.9379 47.8208 -52.0779 -24.4443 -0.0000 -0.0000 1.7416 6.7759 39.2179 4.2962 -7.1250 0.0000 -0.0000 -37.1563 65.7253 -19.7853 -0.0000 0.0000 0.0000 86.9131 -4.0413 31.9934 -66.0582 57.7193 -39.4246 0.0000 -0.0000 -16.7333 -28.0874 30.0103 -14.9448 7.1250 -0.0000 -0.0000 1.7130 3.2195 1.8073
6.3648 17.9977 6.7176 182.0500 1.0303 -175.4230 0.0000 0.0000 0.0000 -22.8140 -3.1307 -8.9119 1.5536 7.8668 22.3103 0.4869 -7.8121 -12.7734 0.0138 0.7577 2.0824 0.0000 0.0000 0.0000 12.0642 0.0273 0.6149 -0.1902 -2.8084 7.7458 0.1687 -10.5644 -12.0338 -0.0428 1.3354 -3.6721 -2.6667 1.5342 -1.1537 -2.5346 2.2270 0.8282 -1.0503 1.1397 1.4977 -14.8790 -5.5853 -14.2644 1.9683 -5.6295 23.1697 2.3385 -3.9973 10.3027 0.0000 0.0000 0.0000 -83.6715 0.6762 17.8751 56.8124 -55.3989 -31.7027 -0.0000 -0.0000 4.5584 3.1186 32.1153 1.6591 -7.1250 0.0000 -0.0000 -32.5681 59.0363 -11.9584 0.0000 0.0000 0.0000 89.2179 -3.8124 32.3980 -79.0417 59.5414 -50.5245 0.0000 -0.0000 -12.0289 -28.9186 32.1562 -16.3850 7.1250 -0.0000 -0.0000 1.6460 5.6939 1.8019
6.4224 18.0423 6.8059 182.2460 -0.5360 -174.3170 0.0000 0.0000 0.0000 -22.0147 -2.4767 -10.8033 1.5269 7.8021 22.1146 0.2795 -10.4203 -11.1462 0.0314 1.1441 3.1454 0.0000 0.0000 0.0000 12.7997 -1.0504 -1.2901 -0.2248 -3.0521 8.4237 0.1685 -10.5724 -12.0523 -0.0254 1.0289 -2.8283 -3.3449 1.0545 -1.7174 -2.0833 1.4469 0.7473 -0.2190 0.6649 1.6996 -15.6449 -5.7230 -14.3722 2.7037 -5.7555 22.9810 2.7052 -4.0152 10.3159 0.0000 -0.0000 0.0000 -84.3666 -0.4565 21.8899 68.8899 -58.2473 -41.8257 -0.0000 -0.0000 8.4476 7.6684 31.9445 4.0749 -7.1250 0.0000 -0.0000 -27.8789 59.9308 -10.6532 0.0000 -0.0000 0.0000 89.2346 -2.3499 35.4417 -89.6030 59.9994 -59.6562 0.0000 -0.0000 -8.0949 -35.2060 37.5304 -23.2593 7.1250 -0.0000 -0.0000 -0.4499 13.2518 -0.5411
6.3986 18.0400 6.7898 182.2950 -0.2604 -174.6730 0.0000 0.0000 0.0000 -22.2006 -3.2757 -10.0032 1.5283 7.8055 22.1249 0.3614 -9.2184 -11.6721 0.0248 1.0170 2.7955 0.0000 0.0000 0.0000 12.6464 -0.9443 -0.6314 -0.2055 -2.9190 8.0532 0.1710 -10.5853 -12.0239 -0.0064 0.5146 -1.4141 -3.0906 1.1561 -1.8145 -2.0495 1.5882 0.8622 -0.3186 0.7370 1.8753 -15.8771 -5.6261 -14.3611 2.8686 -5.6453 23.3030 2.8159 -3.9937 10.4328 0.0000 -0.0000 0.0000 -84.2124 -1.7384 27.0555 78.6524 -59.5078 -50.1889 -0.0000 -0.0000 8.3933 10.2160 28.1024 4.8523 -7.1250 0.0000 -0.0000 -22.2625 57.0437 -6.7988 0.0000 -0.0000 0.0000 88.6118 -1.4600 38.7609 -99.4401 59.6606 -68.1660 0.0000 -0.0000 -5.2731 -31.9141 38.4122 -21.1538 7.1250 -0.0000 -0.0000 1.4681 13.0577 1.7624
6.3715 18.0094 6.7404 181.9890 0.7135 -175.4120 0.0000 0.0000 0.0000 -22.9013 -3.5563 -8.8731 1.5517 7.8622 22.2962 0.4842 -7.6459 -12.7084 0.0191 0.8923 2.4526 0.0000 0.0000 0.0000 12.0145 -0.3189 0.6843 -0.1698 -2.6546 7.3185 0.2154 -10.9290 -11.7068 -0.0832 1.8600 -5.1190 -2.9332 1.4742 -2.3393 -2.3742 2.2162 1.1925 -0.6956 1.1162 2.5226 -15.1440 -5.5723 -14.1068 2.1666 -5.6960 23.6588 2.4410 -4.0717 10.4724 -0.0000 0.0000 0.0000 -83.1000 -3.8225 31.7553 87.5739 -59.9777 -57.8991 -0.0000 -0.0000 9.2423 7.3014 24.8001 3.0763 -7.1250 0.0000 -0.0000 -23.0210 53.4461 -4.9892 -0.0000 0.0000 0.0000 88.3261 0.3917 41.9339 -104.9370 59.1399 -72.8985 0.0000 -0.0000 -4.4351 -29.1325 39.4293 -19.4928 7.1250 -0.0000 -0.0000 3.1393 13.2330 3.7795
6.3633 17.9890 6.7297 182.0650 1.8627 -175.9660 0.0000 0.0000 0.0000 -22.9533 -2.7275 -8.3553 1.5312 7.8124 22.1458 0.4950 -7.2151 -12.7555 0.0293 1.1052 3.0383 0.0000 0.0000 0.0000 11.9641 0.8759 0.9799 -0.2127 -2.9692 8.1929 0.1995 -10.8314 -11.8698 -0.0551 1.5151 -4.1672 -2.6714 1.8490 -2.4639 -2.5023 2.7252 1.2857 -0.9445 1.3758 2.7030 -14.9383 -5.4616 -14.1795 2.2732 -5.6594 24.1939 2.4473 -4.0637 10.6716 0.0000 -0.0000 0.0000 -82.1307 -6.0095 34.9878 93.1105 -59.9634 -62.6934 -0.0000 -0.0000 11.0667 5.4555 22.4110 2.0853 -7.1250 0.0000 -0.0000 -23.4319 50.9447 -3.6014 0.0000 -0.0000 0.0000 87.6397 1.6648 44.0143 -109.3487 58.5371 -76.6742 0.0000 -0.0000 -3.8146 -26.2884 38.7079 -17.1664 7.1250 -0.0000 -0.0000 4.4215 11.7015 5.2403
6.3650 17.9922 6.7360 181.7540 2.1868 -176.0980 0.0000 0.0000 0.0000 -23.3119 -2.3433 -8.1836 1.5006 7.7375 21.9196 0.5019 -7.2100 -12.8361 0.0158 0.8106 2.2278 0.0000 0.0000 0.0000 11.5847 1.2366 0.9306 -0.2387 -3.1442 8.6804 0.1601 -10.5002 -12.0995 -0.0417 1.3185 -3.6257 -3.1818 1.7861 -1.8587 -2.4415 2.6034 0.7939 -0.6346 1.3169 1.8316 -15.2649 -5.3625 -14.0042 2.2599 -5.4730 24.0375 2.5248 -4.0104 10.5761 0.0000 0.0000 0.0000 -81.7574 -7.6352 35.9244 96.3637 -59.8464 -65.5083 -0.0000 -0.0000 11.1871 -0.1197 21.0958 -0.0431 -7.1250 0.0000 -0.0000 -27.8102 48.9132 -2.8891 0.0000 0.0000 0.0000 87.0265 2.9956 44.2465 -111.7585 58.1333 -78.7253 0.0000 -0.0000 -4.1705 -23.1458 39.0739 -15.0803 7.1250 -0.0000 -0.0000 6.1137 11.2565 7.2265
6.3572 17.9944 6.7473 181.7960 2.0090 -176.0660 0.0000 0.0000 0.0000 -23.2744 -2.6904 -8.2029 1.5130 7.7680 22.0115 0.5092 -7.0486 -12.8947 0.0123 0.7153 1.9658 0.0000 0.0000 0.0000 11.6438 1.0578 0.9213 -0.2276 -3.0705 8.4751 0.1634 -10.5206 -12.0651 -0.0513 1.4611 -4.0186 -3.1069 1.8020 -2.2014 -2.3597 2.6406 0.9657 -0.5753 1.3288 2.1997 -15.0082 -5.6401 -14.8805 1.9313 -5.6578 24.3180 2.3159 -4.0999 10.8508 0.0000 -0.0000 0.0000 -81.0628 -10.0638 35.7239 97.3753 -59.7935 -66.3828 -0.0000 -0.0000 9.0569 -2.1908 20.5565 -0.7696 -7.1250 0.0000 -0.0000 -29.3530 48.1426 -2.4766 0.0000 -0.0000 0.0000 86.3417 5.0482 41.3602 -115.6707 57.3574 -82.0342 0.0000 -0.0000 -8.0029 -20.2229 38.6564 -12.9587 7.1250 -0.0000 -0.0000 7.5419 10.1565 8.8236
6.3546 17.9952 6.7492 181.9890 1.7811 -176.0180 0.0000 0.0000 0.0000 -23.0601 -2.7298 -8.3572 1.5288 7.8065 22.1279 0.5053 -7.0730 -12.8536 0.0091 0.6158 1.6921 0.0000 0.0000 0.0000 11.8745 0.7530 1.1385 -0.1993 -2.8747 7.9300 0.2011 -10.7766 -11.7280 -0.0457 1.3801 -3.7954 -3.1081 1.7111 -3.1815 -2.0562 2.5725 1.5673 -0.2204 1.2694 3.3590 -15.3130 -5.9191 -15.1530 2.3057 -5.8439 23.1323 2.4775 -4.0601 10.5065 -0.0000 -0.0000 0.0000 -80.3476 -12.3883 33.0709 98.4827 -59.7264 -67.3394 -0.0000 -0.0000 5.1723 -4.5831 21.0993 -1.6529 -7.1250 0.0000 -0.0000 -31.7372 48.2733 -2.8305 -0.0000 -0.0000 0.0000 85.0450 7.2221 36.3577 -120.1913 56.2587 -85.8180 0.0000 -0.0000 -11.7785 -18.9745 37.3472 -11.7819 7.1250 -0.0000 -0.0000 7.9730 8.5878 9.1568
6.3471 17.9951 6.7388 181.8300 1.6327 -175.9110 0.0000 0.0000 0.0000 -23.2544 -2.6236 -8.3589 1.5197 7.7845 22.0615 0.5033 -7.3736 -12.8800 0.0024 0.3144 0.8639 0.0000 0.0000 0.0000 11.6576 0.5831 1.1157 -0.1946 -2.8408 7.8358 0.1842 -10.6844 -11.9233 -0.0329 1.1708 -3.2190 -3.1207 1.5108 -1.7202 -2.2060 2.1896 0.3437 -0.4527 1.1115 1.2882 -14.5707 -5.5309 -15.0085 1.7311 -5.4454 23.6108 2.2104 -3.9310 10.5712 -0.0000 0.0000 0.0000 -78.3691 -10.8354 28.5818 100.4377 -59.5843 -69.0267 -0.0000 -0.0000 1.5921 -7.6452 21.9306 -2.8700 -7.1250 0.0000 -0.0000 -34.8590 48.5337 -3.4273 -0.0000 0.0000 0.0000 83.3786 5.8731 29.9754 -125.0793 54.7971 -89.8488 0.0000 -0.0000 -15.2204 -24.5881 39.4979 -16.2274 7.1250 -0.0000 -0.0000 5.4640 12.0428 6.5101
6.3442 18.0010 6.7269 182.2510 1.6394 -175.7410 0.0000 0.0000 0.0000 -22.7757 -2.7607 -8.6204 1.5440 7.8435 22.2398 0.5082 -7.3895 -12.9400 0.0088 0.6062 1.6659 0.0000 0.0000 0.0000 12.1650 0.4973 1.4114 -0.1516 -2.5087 6.9138 0.2495 -11.0491 -11.1566 -0.0661 1.6592 -4.5648 -2.7185 1.4362 -2.4661 -2.0757 2.1117 0.6478 -0.5185 1.0618 2.0292 -14.2751 -5.7567 -15.5113 1.7512 -5.6970 23.4598 2.1253 -3.9842 10.6226 0.0000 0.0000 0.0000 -75.7694 -11.4239 22.3419 100.8210 -59.5529 -69.3572 -0.0000 0.0000 -2.4942 -8.8532 21.0539 -3.2027 -7.1250 0.0000 -0.0000 -35.3571 47.6278 -2.6057 0.0000 0.0000 0.0000 80.7629 7.1699 20.0319 -129.5892 53.1598 -93.4975 0.0000 -0.0000 -22.2306 -17.4794 34.9147 -10.2171 7.1250 -0.0000 -0.0000 8.4144 5.8694 9.3274
6.3452 17.9985 6.7311 182.1860 1.3912 -175.7620 0.0000 0.0000 0.0000 -22.8023 -2.8885 -8.6189 1.5598 7.8817 22.3554 0.4931 -7.6669 -12.8154 0.0195 0.9006 2.4754 0.0000 0.0000 0.0000 12.1436 0.1900 1.5497 -0.1377 -2.3912 6.5882 0.2691 -11.1941 -10.9858 -0.0818 1.8444 -5.0758 -2.8449 1.2364 -1.2695 -2.1416 1.7740 -0.1399 -0.5699 0.9132 0.5513 -14.3015 -5.4591 -15.6897 2.4051 -5.5338 24.7316 2.3795 -3.9257 11.1277 0.0000 -0.0000 0.0000 -72.2502 -10.6340 14.5791 99.0806 -59.6861 -67.8558 -0.0000 0.0000 -8.2642 -11.8352 23.2361 -4.7260 -7.1250 0.0000 -0.0000 -39.2264 48.9773 -4.4846 0.0000 -0.0000 0.0000 77.4720 7.1999 9.1706 -130.5090 52.7881 -94.2318 0.0000 -0.0000 -27.1724 -19.8895 35.5040 -11.8659 7.1250 -0.0000 -0.0000 7.1934 6.9452 8.0708
6.3598 17.9901 6.7294 181.7260 1.8969 -175.7660 0.0000 0.0000 0.0000 -23.3266 -1.8110 -8.8158 1.5106 7.7622 21.9940 0.4772 -7.8392 -12.6662 0.0117 -0.6975 -1.9169 0.0000 0.0000 0.0000 11.6404 0.9596 0.8103 -0.2149 -2.9847 8.2363 0.1893 -10.6955 -11.8345 -0.0590 1.5667 -4.3097 -3.5952 1.1895 -1.1378 -2.1276 1.7237 -0.0833 -0.1403 0.8892 0.5142 -14.3726 -5.3882 -16.1848 2.4712 -5.3454 24.9520 2.4332 -3.8434 11.2941 0.0000 -0.0000 0.0000 -67.8764 -11.4837 5.3170 91.6764 -59.9894 -61.4518 -0.0000 0.0000 -13.0712 -14.7653 24.1369 -6.1514 -7.1250 0.0000 -0.0000 -42.2647 49.2387 -5.2828 0.0000 -0.0000 0.0000 72.1805 8.0423 -3.3207 -127.9531 53.7884 -92.1826 0.0000 -0.0000 -33.3138 -20.2961 34.1176 -11.7191 7.1250 -0.0000 -0.0000 6.7600 5.6404 7.4414
6.3483 17.9888 6.7061 182.0560 1.7579 -175.9320 0.0000 0.0000 0.0000 -22.9672 -2.2133 -8.5435 1.5542 7.8683 22.3146 0.4923 -7.8206 -12.8374 0.0212 0.9405 2.5851 0.0000 0.0000 0.0000 11.9823 0.6180 1.5072 -0.1707 -2.6617 7.3381 0.2217 -10.9000 -11.5050 -0.0691 1.6957 -4.6654 -3.0872 1.0773 -0.9199 -2.0288 1.5458 -0.0846 -0.3297 0.7980 0.4049 -14.2642 -5.3049 -16.5096 2.1084 -5.1687 25.4945 2.2968 -3.8372 11.5364 0.0000 0.0000 0.0000 -62.4074 -12.2806 -3.5403 78.4538 -59.4902 -50.0178 -0.0000 0.0000 -18.2665 -14.7009 25.0950 -6.3494 -7.1250 0.0000 -0.0000 -42.9053 49.9968 -6.3242 0.0000 0.0000 0.0000 66.3990 8.2197 -15.3739 -120.7997 56.0931 -86.3234 0.0000 -0.0000 -41.5453 -19.3034 32.1770 -10.5658 7.1250 -0.0000 -0.0000 7.0386 3.4837 7.5088
6.3470 17.9794 6.6881 182.3400 1.4378 -175.9060 0.0000 0.0000 0.0000 -22.6176 -2.2134 -8.6912 1.5854 7.9432 22.5417 0.4656 -8.2838 -12.6318 0.0390 1.2741 3.5033 0.0000 0.0000 0.0000 12.3211 0.2935 1.5429 -0.1712 -2.6653 7.3482 0.2148 -10.9310 -11.7240 -0.0662 1.6603 -4.5679 -2.4509 1.0307 -0.7110 -2.2240 1.4660 -0.3373 -0.8937 0.7650 0.0511 -14.3745 -5.3708 -16.0105 2.5811 -5.5251 25.8732 2.4421 -3.9912 11.6297 -0.0000 0.0000 0.0000 -56.0166 -13.5051 -12.3828 61.4171 -56.6759 -35.5227 -0.0000 0.0000 -25.9759 -15.0288 27.3943 -7.0423 -7.1250 0.0000 -0.0000 -44.9555 51.7059 -8.9383 -0.0000 0.0000 0.0000 60.4519 6.8838 -25.6467 -108.4843 58.6688 -75.9363 0.0000 -0.0000 -50.3834 -15.9790 29.1490 -7.9401 7.1250 -0.0000 -0.0000 8.6041 -0.1583 8.6788
6.3431 17.9819 6.6722 181.7570 1.0814 -175.7620 0.0000 0.0000 0.0000 -23.2613 -2.4831 -8.6208 1.5510 7.8605 22.2912 0.4696 -8.3178 -12.6858 0.0114 0.6883 1.8915 0.0000 0.0000 0.0000 11.6805 0.1310 0.7913 -0.2345 -3.1164 8.6031 0.1155 -10.4655 -12.9284 -0.0834 1.8622 -5.1251 -2.9494 0.7258 -0.4968 -2.3974 1.0634 -0.5118 -0.8008 0.5751 -0.2522 -14.4249 -5.2608 -16.3913 2.6194 -5.3315 26.2644 2.4852 -3.9275 11.8405 0.0000 -0.0000 0.0000 -49.7515 -15.3937 -23.1368 43.7032 -50.1172 -21.2389 -0.0000 0.0000 -30.4920 -15.4686 29.2666 -7.7047 -7.1250 0.0000 -0.0000 -46.9015 53.0263 -11.2265 0.0000 -0.0000 0.0000 53.8992 6.7047 -33.5956 -86.4759 59.9530 -56.9486 0.0000 -0.0000 -53.1342 -17.4116 28.8194 -8.5965 7.1250 -0.0000 -0.0000 7.7351 -0.2510 7.7725
6.3521 17.9786 6.6443 181.8590 1.3609 -176.1000 0.0000 0.0000 0.0000 -23.1741 -2.3242 -7.8772 1.5034 7.7445 21.9406 0.4713 -8.0445 -12.6423 0.0298 1.1136 3.0615 0.0000 0.0000 0.0000 11.7813 0.4586 0.8789 -0.2819 -3.4148 9.4359 0.0753 -10.2033 -13.2513 -0.0868 1.9005 -5.2307 -2.9564 0.7250 -0.2504 -2.3604 1.0516 -0.3823 -0.7615 0.5670 -0.2584 -14.3477 -5.1448 -16.3734 2.5468 -5.1642 26.1722 2.4731 -3.8506 11.7796 -0.0000 -0.0000 0.0000 -43.5497 -16.3753 -33.4368 29.9477 -40.8485 -11.3754 -0.0000 0.0000 -35.8545 -10.5710 29.8632 -5.3089 -7.1250 0.0000 -0.0000 -43.2262 54.3968 -11.6173 -0.0000 -0.0000 0.0000 47.5157 6.5286 -40.7018 -62.3505 56.9044 -36.3037 0.0000 -0.0000 -55.2130 -16.9752 28.2259 -8.2151 7.1250 -0.0000 -0.0000 7.9338 -0.9230 7.8812
6.3587 17.9615 6.6136 181.0190 1.9403 -176.0600 0.0000 0.0000 0.0000 -24.1425 -2.0262 -7.7414 1.4459 7.6016 21.5103 0.4819 -7.7637 -12.7050 0.0210 0.9365 2.5742 0.0000 0.0000 0.0000 10.7663 0.7768 0.3076 -0.3488 -3.7947 10.4998 0.0216 -9.6045 -13.3090 -0.0364 1.2322 -3.3879 -3.9538 0.6137 -0.2729 -2.5607 0.9287 -0.4117 -0.4103 0.5192 -0.2865 -14.4530 -5.2240 -16.4165 2.7221 -5.2464 25.8840 2.5441 -3.8511 11.6928 0.0000 -0.0000 0.0000 -38.2329 -17.2190 -47.2193 20.6046 -31.3638 -5.8428 -0.0000 0.0000 -35.9331 -11.0109 31.3338 -5.7778 -7.1250 0.0000 -0.0000 -44.9493 55.4183 -13.4572 0.0000 -0.0000 0.0000 41.7156 6.9549 -47.1326 -43.2397 49.8764 -20.8839 0.0000 -0.0000 -57.0553 -16.4915 26.2491 -7.4597 7.1250 -0.0000 -0.0000 8.0495 -2.9955 7.6953
6.3413 17.9740 6.5810 181.5550 1.1897 -175.7620 0.0000 0.0000 0.0000 -23.5342 -2.9383 -7.7418 1.4772 7.6796 21.7451 0.4941 -7.7553 -12.8453 0.0352 1.2108 3.3290 0.0000 0.0000 0.0000 11.3664 -0.2669 0.6524 -0.2666 -3.3217 9.1756 0.0301 -9.6781 -13.2665 -0.0441 1.3547 -3.7253 -3.0786 0.2069 -0.5710 -2.6458 0.3988 -0.3221 -0.9835 0.2466 -0.0098 -13.2909 -6.2937 -16.9072 2.2243 -4.6941 25.7893 2.3848 -2.8265 11.7036 -0.0000 0.0000 0.0000 -34.4111 -16.7301 -58.3606 15.6899 -25.0984 -3.5134 -0.0000 0.0000 -30.0007 -9.6920 31.5788 -5.1108 -7.1250 0.0000 -0.0000 -44.0159 55.8690 -13.6047 -0.0000 0.0000 0.0000 38.3231 7.1611 -53.3252 -32.4063 42.8687 -13.0164 0.0000 -0.0000 -53.8203 -16.9328 25.8632 -7.5651 7.1250 -0.0000 -0.0000 7.7519 -3.3179 7.3590
6.3369 17.9752 6.5492 181.4910 1.5475 -175.4040 0.0000 0.0000 0.0000 -23.7074 -3.7045 -7.6904 1.4636 7.6459 21.6435 0.5348 -6.8226 -13.1601 0.0316 1.1466 3.1523 0.0000 0.0000 0.0000 11.2933 0.1321 0.1556 -0.2822 -3.4168 9.4413 0.0209 -9.7161 -13.4839 -0.0646 1.6400 -4.5117 -3.1779 0.3845 -0.9932 -2.7468 0.6691 -0.2414 -1.0257 0.3814 0.3086 -13.5747 -5.2834 -16.9650 2.9282 -5.4164 25.4610 2.4499 -3.7530 11.6220 -0.0000 -0.0000 0.0000 -33.7209 -15.2577 -60.1847 14.7567 -23.8061 -3.1271 -0.0000 0.0000 -26.3879 -10.5629 31.7803 -5.6090 -7.1250 0.0000 -0.0000 -44.9787 55.8414 -13.9667 -0.0000 -0.0000 0.0000 36.8268 5.5013 -57.1341 -27.5226 38.6730 -9.8239 0.0000 -0.0000 -50.5932 -15.9505 25.8413 -7.1012 7.1250 -0.0000 -0.0000 8.3446 -3.4888 7.9070
6.3554 17.9735 6.5365 181.8330 2.5256 -175.6490 0.0000 0.0000 0.0000 -23.3427 -3.1278 -7.6071 1.4943 7.7220 21.8728 0.5714 -6.3909 -13.5304 0.0338 1.1861 3.2610 0.0000 0.0000 0.0000 11.6765 0.6709 0.4766 -0.2797 -3.4018 9.3995 0.0300 -9.4963 -12.9992 -0.0167 0.8347 -2.2941 -3.1439 0.4131 -0.6291 -2.5031 0.6660 -0.3601 -0.7990 0.3766 -0.0201 -13.4365 -5.7766 -15.6492 2.9034 -4.4057 24.3220 2.7119 -2.6185 10.8842 -0.0000 -0.0000 0.0000 -35.2171 -11.6739 -54.8042 16.6281 -26.3650 -3.9208 -0.0000 0.0000 -30.9136 -10.7057 30.3818 -5.4618 -7.1250 0.0000 -0.0000 -43.8056 54.7643 -12.2516 -0.0000 -0.0000 0.0000 36.6735 4.2835 -56.7890 -26.1921 37.3978 -9.0041 0.0000 -0.0000 -49.2276 -15.8982 26.2753 -7.1863 7.1250 -0.0000 -0.0000 8.4088 -3.0590 8.0364
6.3663 17.9615 6.5295 182.1480 3.1822 -175.6590 0.0000 0.0000 0.0000 -22.7502 0.2267 -9.2721 1.5729 7.9131 22.4504 0.4250 -9.4483 -12.4859 0.0959 1.9972 5.4979 0.0000 0.0000 0.0000 11.9895 0.9250 0.7036 -0.2583 -3.2696 9.0302 0.0190 -9.3481 -12.9810 -0.0475 1.4060 -3.8666 -2.9376 0.6442 -0.6947 -2.5652 0.9888 -0.0020 -0.9719 0.5317 0.3853 -13.2390 -5.8284 -15.6913 3.6250 -4.8412 23.4941 2.8641 -2.7334 10.6241 0.0000 0.0000 0.0000 -36.2886 -10.3277 -50.5924 18.9759 -29.3887 -5.0190 -0.0000 0.0000 -34.6790 -11.5373 29.9430 -5.8177 -7.1250 0.0000 -0.0000 -44.1402 54.2716 -11.7984 0.0000 0.0000 0.0000 37.9052 2.7760 -56.5290 -27.2910 38.4553 -9.6796 0.0000 -0.0000 -50.1879 -15.1402 25.9637 -6.7556 7.1250 -0.0000 -0.0000 8.8430 -3.4841 8.3915
6.3670 17.9655 6.5283 181.8860 3.6448 -175.5880 0.0000 0.0000 0.0000 -23.1007 -0.0535 -9.0349 1.5420 7.8386 22.2250 0.4857 -8.8267 -12.9921 0.0672 1.6719 4.5998 0.0000 0.0000 0.0000 11.6010 1.1013 0.4111 -0.2664 -3.3200 9.1710 0.0176 -8.9482 -12.4249 -0.1337 2.3565 -6.4918 -3.3280 0.7552 -0.7427 -2.6060 1.1630 0.3058 -0.7902 0.6157 0.7208 -13.2657 -6.0557 -16.0695 3.8837 -5.2338 23.1266 2.8893 -2.8990 10.6025 0.0000 0.0000 0.0000 -37.3757 -9.9216 -48.8743 20.7233 -31.5040 -5.9047 -0.0000 0.0000 -35.2351 -12.2052 29.6645 -6.1104 -7.1250 0.0000 -0.0000 -44.4736 53.9341 -11.5164 0.0000 0.0000 0.0000 38.7232 2.1776 -56.2127 -28.4041 39.4856 -10.3797 0.0000 -0.0000 -49.9498 -15.4813 26.7300 -7.1013 7.1250 -0.0000 -0.0000 8.6939 -2.6640 8.3787
6.3708 17.9548 6.5324 181.1550 3.7331 -175.7990 0.0000 0.0000 0.0000 -23.9833 -0.5076 -8.3738 1.4562 7.6273 21.5877 0.4690 -7.7827 -12.5589 0.0820 1.8473 5.0837 0.0000 0.0000 0.0000 10.7226 0.8359 -0.4876 -0.3790 -3.9535 10.9460 -0.0979 -7.9521 -13.1656 -0.1122 2.1598 -5.9476 -4.0468 0.7905 -0.4537 -2.8183 1.2256 0.3165 -0.6114 0.6565 0.5602 -13.0744 -5.8381 -15.2355 3.8960 -5.1112 22.5164 2.8899 -2.8200 10.2012 0.0000 -0.0000 0.0000 -38.5577 -9.0676 -45.7201 22.1237 -33.1165 -6.6533 -0.0000 0.0000 -36.0792 -13.0785 29.5336 -6.5328 -7.1250 0.0000 -0.0000 -45.1102 53.6708 -11.4207 0.0000 -0.0000 0.0000 39.5674 1.3580 -55.1628 -29.7304 40.6612 -11.2335 0.0000 -0.0000 -50.8363 -15.5214 27.0757 -7.2047 7.1250 -0.0000 -0.0000 8.6967 -2.3107 8.4379
6.3632 17.9495 6.5402 181.3630 3.9190 -175.9350 0.0000 0.0000 0.0000 -23.7959 -0.6553 -8.1818 1.4627 7.6435 21.6363 0.5095 -7.6086 -12.9937 0.0304 1.1246 3.0918 0.0000 0.0000 0.0000 10.9318 0.9238 -0.6989 -0.4152 -4.1363 11.4603 -0.1066 -7.7801 -13.1053 -0.1153 2.1894 -6.0293 -3.6595 0.6803 -0.1220 -2.6961 1.0380 0.2289 -0.7093 0.5620 0.2914 -13.0193 -5.5830 -14.7126 3.7552 -4.8041 22.1483 2.8801 -2.6833 9.9363 -0.0000 0.0000 0.0000 -39.8280 -8.3150 -44.0907 23.0604 -34.1548 -7.1722 -0.0000 0.0000 -36.0547 -13.0259 30.3517 -6.6676 -7.1250 0.0000 -0.0000 -45.7943 54.2907 -12.4261 -0.0000 0.0000 0.0000 40.1324 1.1465 -52.3504 -30.7839 41.5559 -11.9263 0.0000 -0.0000 -51.1935 -16.2394 27.4212 -7.6400 7.1250 -0.0000 -0.0000 8.2972 -1.8525 8.1110
6.3604 17.9535 6.5475 181.6570 4.1444 -175.8600 0.0000 0.0000 0.0000 -23.4774 -0.3927 -8.4768 1.4879 7.7062 21.8252 0.4847 -7.6496 -12.7146 0.0705 1.7132 4.7136 0.0000 0.0000 0.0000 11.3014 1.3578 -0.6649 -0.4116 -4.1183 11.4096 -0.1253 -7.9617 -13.6334 -0.0599 1.5796 -4.3453 -3.2936 0.6235 -0.2935 -2.5176 0.9610 0.3952 -0.7267 0.5137 0.5614 -12.8092 -5.4294 -14.7882 3.4225 -4.5683 21.8547 2.7556 -2.5926 9.8099 0.0000 0.0000 0.0000 -40.9940 -7.8946 -41.4823 23.6286 -34.7691 -7.4937 -0.0000 0.0000 -36.1068 -13.1745 30.0810 -6.6917 -7.1250 0.0000 -0.0000 -45.6778 54.0612 -12.1009 0.0000 0.0000 0.0000 40.8039 1.4210 -50.2109 -32.0922 42.6205 -12.8032 0.0000 -0.0000 -50.5177 -15.7599 27.5539 -7.4378 7.1250 -0.0000 -0.0000 8.5931 -1.7939 8.4160
6.3580 17.9594 6.5544 181.3370 4.4622 -175.8170 0.0000 0.0000 0.0000 -23.8790 -0.7446 -8.2613 1.4594 7.6352 21.6114 0.5340 -7.1302 -13.1938 0.0671 1.6708 4.5966 0.0000 0.0000 0.0000 10.9575 1.6909 -0.6610 -0.3984 -4.0524 11.2242 -0.0894 -8.2053 -13.3357 -0.0966 2.0047 -5.5187 -3.5448 0.7044 -0.3233 -2.6638 1.0896 0.4875 -0.7343 0.5808 0.6702 -12.3458 -5.4541 -15.2655 3.3973 -4.6870 21.7972 2.6455 -2.6204 9.8701 -0.0000 0.0000 0.0000 -42.5562 -7.5641 -38.1011 24.8604 -36.0610 -8.2076 -0.0000 0.0000 -35.6111 -13.5589 30.3383 -6.9452 -7.1250 0.0000 -0.0000 -46.2397 54.1780 -12.4525 -0.0000 0.0000 0.0000 42.3821 0.7660 -46.3900 -34.4110 44.3869 -14.3998 0.0000 -0.0000 -49.9349 -15.8897 28.0286 -7.6190 7.1250 -0.0000 -0.0000 8.5563 -1.2967 8.4560
6.3515 17.9651 6.5685 181.0770 4.6040 -175.6380 0.0000 0.0000 0.0000 -24.2048 -0.9393 -8.4969 1.4468 7.6038 21.5169 0.5031 -6.7010 -12.7728 0.0952 1.9895 5.4767 0.0000 0.0000 0.0000 10.5973 2.0285 -0.7304 -0.3886 -4.0031 11.0855 -0.1048 -8.1326 -13.5029 -0.0359 1.2230 -3.3626 -3.8216 0.5539 -0.5604 -2.5151 0.8986 0.5122 -0.4258 0.4787 0.8247 -13.0491 -5.4962 -15.0231 3.8471 -4.7398 21.2672 2.9085 -2.6547 9.6740 -0.0000 0.0000 0.0000 -45.0412 -6.5662 -34.4334 26.5855 -37.7811 -9.2441 -0.0000 0.0000 -34.9046 -13.2240 30.7357 -6.8483 -7.1250 0.0000 -0.0000 -46.3160 54.5361 -12.9263 -0.0000 0.0000 0.0000 43.7183 0.4927 -41.7135 -37.5461 46.5470 -16.6353 0.0000 -0.0000 -49.9155 -15.8031 28.6279 -7.7225 7.1250 -0.0000 -0.0000 8.6596 -0.7090 8.6516
6.3489 17.9667 6.5711 181.8300 5.0000 -175.7940 0.0000 0.0000 0.0000 -23.4228 -0.7612 -8.4603 1.5031 7.7437 21.9384 0.5388 -6.5042 -13.1678 0.0799 1.8238 5.0191 0.0000 0.0000 0.0000 11.3941 1.8946 0.0607 -0.3028 -3.5379 9.7800 -0.0239 -8.2660 -12.2469 -0.0244 1.0087 -2.7727 -3.0816 0.4450 -0.2165 -2.0016 0.6990 0.7267 -0.3170 0.3653 0.8561 -13.0594 -5.1914 -16.0975 3.3341 -4.0468 21.3248 2.8081 -2.3906 9.8227 -0.0000 0.0000 0.0000 -48.0824 -5.1585 -29.6748 29.0619 -40.0756 -10.8005 -0.0000 0.0000 -34.5324 -11.6854 31.4422 -6.1577 -7.1250 0.0000 -0.0000 -45.6424 55.3630 -13.6699 -0.0000 0.0000 0.0000 45.2822 0.4590 -35.9860 -41.6495 49.0174 -19.6756 0.0000 -0.0000 -49.5933 -16.9783 28.8062 -8.3691 7.1250 -0.0000 -0.0000 7.9875 -0.3375 8.0188
6.3428 17.9619 6.5863 181.6290 5.3512 -175.8010 0.0000 0.0000 0.0000 -23.7307 -1.2056 -8.1614 1.4514 7.6152 21.5512 0.5459 -5.5921 -13.1745 0.1044 2.0834 5.7362 0.0000 0.0000 0.0000 11.1157 2.0324 -0.5219 -0.3517 -3.8105 10.5442 -0.0570 -8.0319 -12.5493 -0.0801 1.8257 -5.0242 -3.3804 0.6524 -0.2104 -1.8583 0.9775 0.8376 -0.0001 0.4986 0.9546 -13.1618 -5.1952 -15.8666 3.2213 -4.0557 20.7721 2.7801 -2.4098 9.5859 0.0000 0.0000 0.0000 -51.4677 -3.9772 -23.3436 32.1402 -42.6587 -12.8357 -0.0000 0.0000 -34.3141 -13.1964 32.3173 -7.1451 -7.1250 0.0000 -0.0000 -47.8017 55.6943 -14.9799 0.0000 0.0000 0.0000 47.8444 -1.0879 -30.7554 -46.6167 51.5364 -23.4979 0.0000 -0.0000 -46.4251 -17.5773 29.0898 -8.7555 7.1250 -0.0000 -0.0000 7.6659 0.0502 7.7422
6.3328 17.9748 6.5983 181.6220 5.7869 -175.5650 0.0000 0.0000 0.0000 -23.7343 -0.4863 -8.6605 1.4376 7.5806 21.4472 0.5239 -6.0752 -12.9478 0.0883 1.9169 5.2762 0.0000 0.0000 0.0000 11.0213 2.3639 -1.0296 -0.3736 -3.9259 10.8684 -0.0685 -7.8045 -12.4664 -0.0691 1.6964 -4.6672 -3.2198 1.0769 -0.2928 -1.9901 1.5623 1.0328 -0.2153 0.7917 1.1948 -12.6596 -5.3503 -16.0818 3.3873 -4.4979 19.9262 2.6835 -2.5654 9.3490 0.0000 -0.0000 0.0000 -54.8664 -3.8283 -17.6780 35.1448 -44.9152 -14.9155 -0.0000 0.0000 -30.9201 -14.1337 33.4813 -7.9086 -7.1250 0.0000 -0.0000 -49.7890 56.3259 -16.6838 0.0000 -0.0000 0.0000 51.1283 -2.9173 -25.9353 -51.2721 53.4958 -27.1934 0.0000 -0.0000 -41.5868 -18.2566 30.2689 -9.4407 7.1250 -0.0000 -0.0000 7.3999 1.3607 7.6370
6.3199 17.9740 6.6140 181.5230 5.9706 -175.4760 0.0000 0.0000 0.0000 -23.8935 -0.4512 -8.9334 1.4574 7.6303 21.5968 0.5326 -5.9652 -13.0425 0.1077 2.1157 5.8255 0.0000 0.0000 0.0000 10.8586 2.3334 -1.1435 -0.3514 -3.8086 10.5387 -0.0261 -8.0966 -12.0575 -0.1337 2.3565 -6.4920 -3.2596 1.0006 -0.0965 -1.8447 1.4432 1.0244 -0.0497 0.7299 1.0735 -12.9210 -5.2710 -16.1092 3.4960 -4.3799 19.2400 2.7725 -2.5145 9.1133 -0.0000 0.0000 0.0000 -58.7714 -2.0527 -11.3916 37.2957 -46.3836 -16.4538 -0.0000 0.0000 -26.8396 -12.1927 34.4234 -6.9640 -7.1250 0.0000 -0.0000 -49.1025 57.4067 -17.7330 -0.0000 0.0000 0.0000 53.7837 -4.1690 -19.0041 -55.0742 54.8477 -30.2767 0.0000 -0.0000 -37.8888 -19.0075 30.2209 -9.8365 7.1250 -0.0000 -0.0000 6.9619 1.4505 7.1886
6.3044 17.9776 6.6211 181.8950 6.0051 -175.4550 0.0000 0.0000 0.0000 -23.5824 -0.8801 -8.8310 1.4690 7.6593 21.6841 0.5560 -5.3694 -13.2836 0.0457 1.3793 3.7932 0.0000 0.0000 0.0000 11.1856 2.1314 -1.0723 -0.3362 -3.7262 10.3075 -0.0442 -7.5839 -11.7241 -0.0960 1.9979 -5.5000 -2.7492 0.8624 0.0835 -1.5483 1.2304 1.0619 -0.0358 0.6204 1.0187 -13.4101 -5.1082 -15.8666 3.5660 -4.1145 18.2972 2.9057 -2.4052 8.7358 -0.0000 -0.0000 0.0000 -63.1683 -0.2831 -5.7841 38.4749 -47.1399 -17.3129 -0.0000 0.0000 -19.8030 -11.5665 34.7487 -6.6536 -7.1250 0.0000 -0.0000 -48.9071 57.7743 -18.0939 -0.0000 -0.0000 0.0000 56.6756 -5.0120 -13.4234 -56.0152 55.1510 -31.0474 0.0000 -0.0000 -29.3289 -15.7843 31.1242 -8.3129 7.1250 -0.0000 -0.0000 8.9087 1.7850 9.2936
6.3046 17.9744 6.6185 181.7750 6.1829 -175.6010 0.0000 0.0000 0.0000 -23.7655 -0.9972 -8.5894 1.4633 7.6450 21.6408 0.5695 -4.9298 -13.4336 0.0193 0.8972 2.4660 0.0000 0.0000 0.0000 11.0291 2.1879 -0.9877 -0.3412 -3.7535 10.3842 -0.0534 -7.4553 -11.7362 -0.0696 1.7019 -4.6826 -2.8758 1.0636 0.2000 -1.5596 1.5029 1.1814 0.0240 0.7561 1.0680 -12.7974 -5.2089 -15.9934 3.1061 -4.3176 17.8582 2.6175 -2.5020 8.5989 0.0000 0.0000 0.0000 -67.4069 0.3857 -0.9401 37.4180 -46.4635 -16.5424 -0.0000 0.0000 -9.8946 -7.5895 33.9336 -4.2538 -7.1250 0.0000 -0.0000 -44.4785 58.0735 -16.2981 0.0000 0.0000 0.0000 60.2049 -6.4001 -8.2018 -55.7639 55.0712 -30.8413 0.0000 -0.0000 -23.3316 -14.8668 30.9992 -7.7851 7.1250 -0.0000 -0.0000 9.4194 1.5081 9.7960
6.3081 17.9824 6.6184 181.9220 6.4505 -175.4230 0.0000 0.0000 0.0000 -23.6310 -0.9683 -8.8183 1.4723 7.6676 21.7088 0.5791 -4.6935 -13.5471 0.0254 1.0287 2.8277 0.0000 0.0000 0.0000 11.1682 2.1448 -0.9122 -0.2991 -3.5166 9.7204 -0.0135 -7.3345 -10.7572 -0.0337 1.1844 -3.2563 -2.8506 1.0376 0.0437 -1.4255 1.4644 1.1328 0.1497 0.7332 1.1036 -12.7798 -5.0484 -16.4017 3.2498 -4.0867 17.8753 2.6882 -2.3792 8.6585 -0.0000 -0.0000 0.0000 -72.3150 0.8571 1.4279 34.2417 -44.2630 -14.2815 -0.0000 -0.0000 1.3359 -2.1046 33.4347 -1.1600 -7.1250 0.0000 -0.0000 -38.8825 58.9257 -14.6042 -0.0000 -0.0000 0.0000 63.3716 -7.0463 -2.0754 -51.8183 53.7030 -27.6330 0.0000 -0.0000 -17.0676 -12.9129 32.0673 -6.9400 7.1250 -0.0000 -0.0000 10.6239 2.2562 11.2257
6.3152 17.9781 6.6220 181.8900 6.7306 -175.5600 0.0000 0.0000 0.0000 -23.6892 -0.2782 -8.9279 1.4791 7.6845 21.7598 0.5811 -4.7659 -13.5699 0.0002 0.0873 0.2398 0.0000 0.0000 0.0000 11.1414 2.4248 -0.8103 -0.3076 -3.5655 9.8574 -0.0213 -7.4266 -11.0512 -0.1222 2.2535 -6.2068 -3.0163 1.1288 0.0696 -1.2593 1.6018 1.5373 0.4182 0.7937 1.4922 -12.8726 -5.1534 -16.4747 3.2957 -4.2934 15.7938 2.6783 -2.4504 7.9832 -0.0000 0.0000 0.0000 -77.1319 -0.5041 1.3907 29.1388 -40.1437 -10.8501 -0.0000 -0.0000 12.2770 1.4546 34.5662 0.8254 -7.1250 0.0000 -0.0000 -36.6552 60.6528 -15.1528 -0.0000 0.0000 0.0000 66.8590 -6.3915 1.6565 -45.6389 51.0777 -22.7348 0.0000 -0.0000 -9.3881 -12.7213 32.2370 -6.8665 7.1250 -0.0000 -0.0000 10.7465 2.3941 11.3849
6.3247 17.9629 6.6345 180.9000 6.9725 -175.8770 0.0000 0.0000 0.0000 -24.8120 0.3923 -8.7504 1.4198 7.5355 21.3117 0.5636 -4.7068 -13.3635 0.0818 -1.8450 -5.0776 0.0000 0.0000 0.0000 10.0294 2.8113 -1.2805 -0.3933 -4.0268 11.1521 -0.0836 -6.8606 -11.5799 -0.0796 1.8197 -5.0076 -3.9565 1.3218 0.8033 -1.6103 1.8545 1.5007 0.5653 0.9290 1.0205 -12.5618 -5.1336 -15.3141 3.4027 -4.6020 11.7445 2.6418 -2.4946 6.4669 -0.0000 0.0000 0.0000 -81.2215 -1.4915 0.5465 23.3460 -34.4650 -7.3332 -0.0000 -0.0000 15.6724 7.8427 35.4127 4.5635 -7.1250 0.0000 -0.0000 -31.1939 62.9429 -14.3044 -0.0000 0.0000 0.0000 70.2691 -6.4740 5.5798 -38.1152 46.9127 -17.0497 0.0000 -0.0000 -5.6915 -9.3701 33.0829 -5.1469 7.1250 -0.0000 -0.0000 12.6790 2.7391 13.6015
6.3192 17.9692 6.6352 181.4330 6.9774 -175.7830 0.0000 0.0000 0.0000 -24.2801 -0.9012 -8.2551 1.4126 7.5171 21.2567 0.5862 -3.6067 -13.6856 0.0023 -0.3107 -0.8536 0.0000 0.0000 0.0000 10.6074 2.6508 -1.3090 -0.3764 -3.9404 10.9092 -0.0671 -6.7986 -11.1780 -0.0892 1.9265 -5.3024 -3.2047 1.5197 1.2914 -1.4051 2.0815 1.4692 0.3405 1.0481 0.7228 -12.6279 -5.3602 -14.7013 3.6935 -4.9841 7.1591 2.7342 -2.5228 4.9414 -0.0000 -0.0000 0.0000 -85.0812 -2.3177 -2.1128 18.3501 -28.6031 -4.7157 -0.0000 -0.0000 14.0945 10.6119 37.6645 6.5310 -7.1250 0.0000 -0.0000 -31.0244 65.5759 -16.1070 -0.0000 -0.0000 0.0000 74.2132 -6.6702 5.8954 -31.9224 42.4852 -12.6884 0.0000 -0.0000 -1.7477 -6.8041 33.4987 -3.7676 7.1250 -0.0000 -0.0000 14.1153 2.8147 15.2527
6.3225 17.9649 6.6342 181.2460 7.0342 -175.5400 0.0000 0.0000 0.0000 -24.5056 -1.0800 -8.6213 1.4418 7.5912 21.4791 0.5983 -3.4485 -13.8447 0.0231 -0.9820 -2.6993 0.0000 0.0000 0.0000 10.3969 2.8907 -1.7815 -0.4037 -4.0793 11.2997 -0.0878 -6.7204 -11.4921 -0.0573 1.5450 -4.2498 -3.2022 1.5655 1.4576 -1.5277 2.1467 1.5472 0.2094 1.0845 0.7129 -12.7763 -5.6536 -15.6034 4.0323 -5.0959 3.7389 2.8652 -2.3865 4.0333 0.0000 0.0000 0.0000 -87.9017 -3.3618 -9.0926 14.0937 -22.8685 -2.8644 -0.0000 -0.0000 15.4844 6.6992 37.9665 4.1331 -7.1250 0.0000 -0.0000 -35.4967 64.7217 -17.9891 0.0000 0.0000 0.0000 78.4663 -4.8368 4.1959 -25.5280 36.7388 -8.6037 0.0000 -0.0000 -1.6910 -7.3106 30.9920 -3.7794 7.1250 -0.0000 -0.0000 13.7081 0.4463 14.2266
6.3324 17.9691 6.6238 181.5700 7.5270 -175.3280 0.0000 0.0000 0.0000 -24.1189 -0.8472 -9.0768 1.4959 7.7260 21.8848 0.6161 -3.4601 -14.0538 0.0065 0.5194 1.4272 0.0000 0.0000 0.0000 10.7726 3.1382 -1.5282 -0.3462 -3.7808 10.4607 -0.0572 -6.8157 -10.9986 -0.1383 2.3970 -6.6040 -2.8821 1.6798 1.9405 -1.4043 2.2528 1.1690 0.1324 1.1426 0.0581 -13.1759 -5.7034 -16.9442 4.1507 -4.7373 2.1892 2.9904 -2.0804 3.7390 -0.0000 -0.0000 0.0000 -90.0435 -2.8307 -16.8184 11.0633 -18.3852 -1.7958 -0.0000 -0.0000 19.9951 4.6113 39.3850 2.9298 -7.1250 0.0000 -0.0000 -39.5725 65.2334 -20.8098 -0.0000 -0.0000 0.0000 82.1362 -5.0444 1.6479 -20.8810 31.6892 -5.9873 0.0000 -0.0000 -1.8058 -8.2742 30.9637 -4.2789 7.1250 -0.0000 -0.0000 13.1628 0.5340 13.6489
6.3629 17.9718 6.5819 182.0660 7.7177 -175.1530 0.0000 0.0000 0.0000 -23.4763 -1.0021 -9.0990 1.5262 7.8002 22.1090 0.6432 -3.2906 -14.3889 0.0000 -0.0454 -0.1246 0.0000 0.0000 0.0000 11.4568 3.7015 -0.8173 -0.2924 -3.4770 9.6098 -0.0255 -7.3223 -10.9974 -0.1531 2.5214 -6.9489 -2.4007 1.8370 2.2816 -1.4492 2.4310 0.6688 -0.2090 1.2365 -0.6285 -12.9863 -5.8826 -18.3961 3.8830 -4.7241 2.4619 2.8544 -2.0541 4.0291 -0.0000 0.0000 0.0000 -91.1827 -0.7378 -22.0663 9.8745 -16.5430 -1.4390 -0.0000 -0.0000 25.1741 3.5397 38.9536 2.2271 -7.1250 0.0000 -0.0000 -40.0161 64.6063 -20.5085 -0.0000 0.0000 0.0000 86.1258 -5.0557 -4.7963 -17.0611 26.9383 -4.1150 0.0000 -0.0000 -1.6354 -8.6939 29.0088 -4.2409 7.1250 -0.0000 -0.0000 12.8297 -1.3208 12.8595
6.3751 17.9627 6.5483 181.3980 7.3911 -175.2080 0.0000 0.0000 0.0000 -24.2536 -1.1304 -8.6135 1.4491 7.6094 21.5337 0.6216 -2.9682 -14.1773 0.0724 -1.7364 -4.7778 0.0000 0.0000 0.0000 10.6754 3.4849 -1.3514 -0.3682 -3.8977 10.7890 -0.1008 -6.7932 -11.8268 -0.0988 2.0270 -5.5802 -3.0393 1.7689 2.0327 -1.6158 2.3423 0.6016 -0.0137 1.1961 -0.5748 -12.5940 -5.8503 -19.0729 3.1351 -4.5814 2.8177 2.5578 -2.0179 4.2018 -0.0000 0.0000 0.0000 -92.0744 1.0492 -23.7204 9.6410 -16.1761 -1.3732 -0.0000 -0.0000 26.0899 2.7147 39.3994 1.7239 -7.1250 0.0000 -0.0000 -41.4595 64.7083 -21.4653 -0.0000 0.0000 0.0000 88.9845 -4.3030 -11.9626 -13.7738 22.4103 -2.7413 0.0000 -0.0000 -1.8086 -11.2401 27.5844 -5.2578 7.1250 -0.0000 -0.0000 11.2722 -2.4034 11.0073
6.3921 17.9606 6.5336 181.1050 6.6993 -174.9800 0.0000 0.0000 0.0000 -24.4208 -1.3586 -8.7807 1.4527 7.6184 21.5609 0.6225 -3.6936 -14.1076 0.0324 -1.1622 -3.1953 0.0000 0.0000 0.0000 10.4268 2.7029 -1.6654 -0.3646 -3.8786 10.7355 -0.1046 -6.6902 -11.7771 -0.1204 2.2365 -6.1597 -3.1423 1.5658 1.8153 -1.8418 2.0699 0.2314 -0.1806 1.0670 -0.8218 -13.2185 -5.8388 -19.2771 3.4460 -4.5412 4.8913 2.7358 -2.1111 4.9074 0.0000 0.0000 0.0000 -91.6910 2.8843 -23.1338 9.7240 -16.3066 -1.3964 -0.0000 -0.0000 24.9288 -0.7566 38.5458 -0.4715 -7.1250 0.0000 -0.0000 -43.6090 63.1320 -21.2053 0.0000 0.0000 0.0000 91.2708 -4.2733 -16.9734 -11.7318 19.4012 -2.0123 0.0000 -0.0000 -2.2855 -14.3591 24.8091 -6.1309 7.1250 -0.0000 -0.0000 9.2433 -4.7520 8.5603
6.4317 17.9734 6.5174 182.4530 7.0854 -174.7910 0.0000 0.0000 0.0000 -22.7815 -0.7516 -9.2009 1.5028 7.7430 21.9363 0.6217 -3.8958 -14.0811 0.0153 -0.7991 -2.1963 0.0000 0.0000 0.0000 12.1231 3.3947 -1.0086 -0.3026 -3.5371 9.7779 -0.0278 -7.3771 -11.1205 -0.0903 1.9377 -5.3336 -1.9095 1.8988 1.5752 -1.6944 2.5276 0.1754 -0.7211 1.2842 -0.7081 -12.7458 -5.7422 -19.3339 2.4495 -4.4769 6.9703 2.3323 -2.2467 5.5430 0.0000 -0.0000 0.0000 -90.6723 4.0766 -20.0816 10.4027 -17.3670 -1.5930 -0.0000 -0.0000 22.1447 -4.7634 38.7550 -2.9860 -7.1250 0.0000 -0.0000 -47.6328 62.2216 -22.6124 0.0000 -0.0000 0.0000 93.5625 -4.2880 -20.9824 -10.7274 17.8692 -1.6913 0.0000 -0.0000 -0.1604 -15.6761 22.7289 -6.1884 7.1250 -0.0000 -0.0000 8.3102 -6.6721 7.3683
6.4442 17.9633 6.4763 181.0560 5.2253 -175.2000 0.0000 0.0000 0.0000 -24.1699 -1.7836 -8.1087 1.4446 7.5983 21.5004 0.6187 -4.5547 -14.0120 0.0338 -1.1866 -3.2624 0.0000 0.0000 0.0000 10.7277 1.5095 -1.0226 -0.3465 -3.7823 10.4649 -0.1046 -7.1028 -12.2610 -0.0996 2.0352 -5.6029 -3.0081 1.2690 0.9355 -2.0244 1.7242 0.2539 -0.4095 0.8914 -0.2890 -13.3205 -5.3167 -18.0080 2.0422 -3.9679 9.3792 2.3510 -2.1830 6.0834 0.0000 -0.0000 0.0000 -89.4818 4.7326 -18.8048 10.8625 -18.0772 -1.7330 -0.0000 -0.0000 20.9292 -7.8838 36.6493 -4.7251 -7.1250 0.0000 -0.0000 -47.8008 59.9658 -20.1438 0.0000 -0.0000 0.0000 94.3822 -5.1763 -18.6422 -10.6380 17.7312 -1.6640 0.0000 0.0000 0.1937 -14.9933 22.0226 -5.7348 7.1250 -0.0000 -0.0000 8.7020 -7.4739 7.5865
6.4936 17.9468 6.4513 180.9070 4.9082 -175.7460 0.0000 0.0000 0.0000 -24.1355 -1.5318 -7.4193 1.4328 7.5683 21.4103 0.6154 -4.8571 -13.9686 0.0283 -1.0864 -2.9866 0.0000 0.0000 0.0000 10.7869 1.6087 -0.5151 -0.3938 -4.0291 11.1586 -0.1371 -7.2543 -13.0049 -0.0494 1.4345 -3.9452 -3.4603 1.4544 0.4605 -2.1130 2.0180 0.5994 -0.2317 1.0339 0.3155 -13.5372 -5.0057 -16.7978 1.4653 -3.5487 12.2063 2.2536 -2.1554 6.7783 0.0000 -0.0000 0.0000 -87.7396 4.7440 -15.7850 11.7478 -19.4253 -2.0176 -0.0000 -0.0000 18.1610 -8.2049 37.3624 -5.0007 -7.1250 0.0000 -0.0000 -48.9610 60.3844 -21.2793 0.0000 -0.0000 0.0000 95.0390 -5.2621 -15.7615 -10.7655 17.9279 -1.7030 0.0000 0.0000 1.3044 -13.3511 22.8184 -5.2587 7.1250 -0.0000 -0.0000 9.7662 -6.8751 8.6568
6.4945 17.9671 6.4624 181.3170 7.0665 -174.7580 0.0000 0.0000 0.0000 -23.9070 -0.7500 -8.8064 1.4470 7.6041 21.5180 0.6371 -4.1377 -14.2422 0.0316 -1.1471 -3.1537 0.0000 0.0000 0.0000 10.9168 2.8951 -2.3085 -0.4507 -4.3071 11.9422 -0.1584 -6.1367 -12.1481 -0.0526 1.4796 -4.0694 -3.6758 1.5354 -1.3951 -1.4064 2.1661 0.2126 0.6618 1.0839 0.9196 -15.0157 -4.0185 -14.9612 0.7701 -1.8039 14.8225 2.4819 -1.5033 7.2353 -0.0000 0.0000 0.0000 -87.6476 5.1233 -15.5267 12.7239 -20.8814 -2.3540 -0.0000 -0.0000 16.0482 -7.5278 37.8251 -4.6331 -7.1250 0.0000 -0.0000 -48.9326 60.8714 -21.8352 -0.0000 0.0000 0.0000 93.3074 -5.7723 -9.4208 -11.1069 18.4519 -1.8096 0.0000 0.0000 1.0999 -11.9334 24.5873 -5.0254 7.1250 -0.0000 -0.0000 10.7142 -5.2828 9.8600
6.5360 17.9448 6.4360 180.8780 4.7394 -176.1020 0.0000 0.0000 0.0000 -24.0163 -1.4865 -6.9712 1.4456 7.6008 21.5080 0.6484 -5.2084 -14.3400 0.0311 -1.1382 -3.1291 0.0000 0.0000 0.0000 10.9622 1.6131 -0.4177 -0.4548 -4.3263 11.9966 -0.1709 -7.2025 -13.5033 -0.0726 1.7389 -4.7845 -3.8750 0.6551 -1.0043 -1.7000 1.0155 0.6927 0.4486 0.5075 1.2397 -14.9590 -3.4993 -13.9667 0.5418 -0.9155 17.9259 2.5342 -1.1712 8.0402 0.0000 -0.0000 0.0000 -85.3935 5.2741 -12.2697 13.9203 -22.6206 -2.7974 -0.0000 -0.0000 12.7238 -5.1009 39.2315 -3.2312 -7.1250 0.0000 -0.0000 -48.5905 62.4609 -23.4574 0.0000 -0.0000 0.0000 93.0261 -5.8448 -3.6439 -11.9934 19.7947 -2.1001 0.0000 -0.0000 -0.2701 -10.7218 24.9165 -4.5609 7.1250 -0.0000 -0.0000 11.4648 -5.0998 10.6198
6.5215 17.9367 6.4481 180.9470 4.4605 -176.2670 0.0000 0.0000 0.0000 -24.0213 -2.0535 -6.7113 1.4580 7.6319 21.6014 0.6266 -4.7080 -14.0993 0.0089 -0.6104 -1.6774 0.0000 0.0000 0.0000 10.9375 1.1569 -0.4445 -0.4577 -4.3399 12.0351 -0.1979 -6.8491 -13.5564 -0.0367 1.2360 -3.3983 -3.4802 1.1966 -0.9547 -2.1073 1.7832 1.2836 -0.1676 0.8955 1.8168 -14.0034 -4.0422 -14.9364 0.1121 -1.3956 20.4234 2.1962 -1.4574 9.1001 0.0000 -0.0000 0.0000 -82.7238 2.9666 -8.8138 14.7243 -23.7606 -3.1140 -0.0000 -0.0000 11.7282 -2.4469 39.2526 -1.5488 -7.1250 0.0000 -0.0000 -46.1712 63.1838 -22.7816 0.0000 -0.0000 0.0000 93.1499 -4.1622 -1.0670 -13.2481 21.6497 -2.5441 0.0000 -0.0000 -1.6249 -10.7243 24.0205 -4.4085 7.1250 -0.0000 -0.0000 11.4338 -5.9845 10.3934
6.5207 17.9360 6.4762 181.0190 4.7729 -176.1160 0.0000 0.0000 0.0000 -23.9631 -2.0040 -7.1792 1.5032 7.7440 21.9392 0.6689 -4.6211 -14.5775 0.0877 -1.9105 -5.2583 0.0000 0.0000 0.0000 10.9887 1.3895 -0.9745 -0.4863 -4.4717 12.4078 -0.1708 -6.7694 -13.0317 -0.0189 0.8883 -2.4414 -3.4087 1.1802 -1.2696 -2.0687 1.7824 1.4698 -0.1577 0.8894 2.1863 -14.3080 -3.8982 -14.5524 -0.0113 -1.0303 21.0369 2.2600 -1.3144 9.2298 0.0000 0.0000 0.0000 -81.3710 2.5345 -6.4177 16.3857 -26.0408 -3.8137 -0.0000 -0.0000 9.1430 -0.2110 39.4185 -0.1340 -7.1250 0.0000 -0.0000 -44.3013 63.9098 -22.4032 0.0000 0.0000 0.0000 91.6985 -3.3514 2.1993 -14.3972 23.2996 -2.9834 0.0000 -0.0000 -3.7104 -10.5386 24.6691 -4.4399 7.1250 -0.0000 -0.0000 11.5678 -5.3650 10.6600
6.5385 17.9268 6.4985 181.1410 5.7835 -176.2580 0.0000 0.0000 0.0000 -23.8274 -1.0314 -7.3608 1.4947 7.7231 21.8762 0.6447 -4.3297 -14.3190 0.0745 -1.7606 -4.8446 0.0000 0.0000 0.0000 11.1038 2.2379 -1.1564 -0.5303 -4.6664 12.9596 -0.1903 -6.4737 -13.0422 -0.0111 0.6790 -1.8660 -3.6657 1.2928 -0.9492 -1.8009 1.9155 1.6177 0.2575 0.9462 2.1382 -15.0698 -3.7916 -15.3403 0.3212 -0.6386 21.1159 2.5407 -1.1688 9.3848 -0.0000 -0.0000 0.0000 -80.5162 2.2502 -5.0781 18.0986 -28.2832 -4.5959 -0.0000 -0.0000 7.3547 0.6988 39.1429 0.4411 -7.1250 0.0000 -0.0000 -43.0433 63.9606 -21.6968 -0.0000 -0.0000 0.0000 89.7589 -2.6474 6.5288 -16.0635 25.6067 -3.6734 0.0000 -0.0000 -7.2022 -11.6800 23.3312 -4.6805 7.1250 -0.0000 -0.0000 10.8231 -6.5594 9.6948
6.5465 17.9457 6.5278 181.4510 5.7360 -176.1440 0.0000 0.0000 0.0000 -23.4279 -1.4003 -7.5876 1.5316 7.8135 22.1490 0.6708 -4.3376 -14.6122 0.0603 -1.5850 -4.3602 0.0000 0.0000 0.0000 11.5206 2.1730 -1.1501 -0.4968 -4.5191 12.5418 -0.1556 -6.6815 -12.6813 -0.0171 0.8434 -2.3179 -3.5040 1.3258 -0.5696 -1.6761 1.9142 1.3758 0.2813 0.9509 1.6761 -15.0511 -3.8464 -14.8949 0.5514 -1.0247 19.7948 2.5537 -1.2933 8.8636 -0.0000 -0.0000 0.0000 -79.2519 2.6657 -2.7953 19.9062 -30.5291 -5.4836 -0.0000 -0.0000 5.2347 4.0202 40.9858 2.6392 -7.1250 0.0000 -0.0000 -42.5958 66.2425 -23.6169 -0.0000 -0.0000 0.0000 88.4602 -2.5476 8.6477 -17.6170 27.6639 -4.3699 0.0000 -0.0000 -9.7249 -11.5142 24.4037 -4.8110 7.1250 -0.0000 -0.0000 10.9631 -5.5147 10.0487
6.5490 17.9524 6.5500 181.6350 5.8452 -176.1480 0.0000 0.0000 0.0000 -23.2123 -1.2980 -7.7291 1.5442 7.8439 22.2411 0.6639 -4.3354 -14.5348 0.0636 -1.6273 -4.4767 0.0000 0.0000 0.0000 11.7617 2.3800 -0.9036 -0.4611 -4.3556 12.0792 -0.1265 -6.9579 -12.4842 -0.0280 1.0810 -2.9718 -2.9992 1.3523 0.1155 -1.8601 1.9033 1.0713 -0.2119 0.9631 1.0008 -14.6518 -3.8947 -15.5063 0.7245 -1.2729 18.9676 2.5031 -1.3674 8.6919 -0.0000 -0.0000 0.0000 -77.7889 2.8550 -0.8840 21.2813 -32.1552 -6.1990 -0.0000 -0.0000 2.7199 2.4831 38.3842 1.5424 -7.1250 0.0000 -0.0000 -40.2678 63.8859 -19.9940 -0.0000 -0.0000 0.0000 87.4842 -2.3551 10.0826 -19.0619 29.4955 -5.0613 0.0000 -0.0000 -11.3938 -12.1615 24.1838 -5.0453 7.1250 -0.0000 -0.0000 10.5580 -5.6560 9.6349
6.5503 17.9559 6.5579 181.5330 6.0946 -176.1330 0.0000 0.0000 0.0000 -23.4036 -1.6665 -7.3837 1.4955 7.7251 21.8821 0.6447 -3.3975 -14.3941 0.1378 -2.3927 -6.5922 0.0000 0.0000 0.0000 11.6378 2.5538 -0.9350 -0.4579 -4.3407 12.0371 -0.1123 -7.0706 -12.3614 -0.0549 1.5121 -4.1591 -3.4214 1.4422 0.3148 -1.5411 1.9963 0.9520 0.3424 1.0036 0.7395 -15.3591 -4.0338 -14.6710 1.0973 -1.7537 16.1629 2.6628 -1.5146 7.6380 -0.0000 0.0000 0.0000 -77.5483 2.4048 0.0183 21.9975 -32.9742 -6.5845 -0.0000 -0.0000 1.8329 1.8762 39.4389 1.1921 -7.1250 0.0000 -0.0000 -42.3305 64.5027 -21.7956 -0.0000 0.0000 0.0000 85.5924 -1.9072 11.8522 -20.2778 30.9756 -5.6737 0.0000 -0.0000 -12.9856 -13.2143 24.0681 -5.4700 7.1250 -0.0000 -0.0000 9.9061 -5.6424 9.0231
6.5521 17.9682 6.5781 181.6910 6.5228 -175.9770 0.0000 0.0000 0.0000 -23.2409 -1.4900 -7.6332 1.4829 7.6938 21.7879 0.6390 -3.3205 -14.3373 0.0380 -1.2574 -3.4573 0.0000 0.0000 0.0000 11.7468 2.7985 -0.9831 -0.4272 -4.1948 11.6254 -0.1326 -6.7834 -12.3939 -0.0504 1.4487 -3.9842 -3.3316 1.6367 0.2399 -1.4575 2.2561 0.9989 0.3814 1.1307 0.8215 -15.3974 -4.3170 -14.9747 1.6904 -2.3478 14.5407 2.7837 -1.7115 7.1963 -0.0000 -0.0000 0.0000 -76.7941 1.7748 1.1394 22.5966 -33.6448 -6.9135 -0.0000 -0.0000 2.1313 0.2328 39.7961 0.1490 -7.1250 0.0000 -0.0000 -44.4236 64.3026 -22.8745 -0.0000 -0.0000 0.0000 84.5642 -0.7958 12.0044 -21.0063 31.8357 -6.0533 0.0000 -0.0000 -13.8919 -14.1862 23.4305 -5.7399 7.1250 -0.0000 -0.0000 9.2750 -6.1580 8.3392
6.5635 17.9816 6.5959 181.5450 6.8053 -175.8290 0.0000 0.0000 0.0000 -23.3399 -1.0552 -7.9156 1.4509 7.6141 21.5479 0.6218 -3.5425 -14.1134 0.0841 -1.8704 -5.1475 0.0000 0.0000 0.0000 11.5955 3.1978 -1.2124 -0.4321 -4.2184 11.6920 -0.1307 -6.7663 -12.3412 -0.0745 1.7608 -4.8449 -3.3531 1.7977 0.8160 -1.7647 2.4319 0.4652 0.0472 1.2372 -0.0415 -14.9361 -4.3557 -15.2430 2.2307 -2.6320 14.1595 2.8542 -1.7831 7.1295 0.0000 0.0000 0.0000 -75.7535 1.4818 2.8168 22.3470 -33.3670 -6.7757 -0.0000 -0.0000 0.6619 4.1915 37.1116 2.5319 -7.1250 0.0000 -0.0000 -36.9196 63.3644 -17.6479 0.0000 0.0000 0.0000 84.5342 -0.5965 11.8431 -21.7184 32.6573 -6.4332 0.0000 -0.0000 -14.4514 -14.3847 23.1580 -5.7595 7.1250 -0.0000 -0.0000 9.1381 -6.4066 8.1685
6.5578 17.9865 6.6068 181.3890 6.1550 -175.5600 0.0000 0.0000 0.0000 -23.4095 -0.8462 -8.3728 1.4311 7.5641 21.3977 0.5857 -4.5643 -13.6282 0.0657 -1.6540 -4.5503 0.0000 0.0000 0.0000 11.4269 2.7502 -1.5077 -0.4215 -4.1672 11.5474 -0.1099 -7.1987 -12.4693 -0.0826 1.8538 -5.1018 -3.4049 1.5739 0.8349 -1.7700 2.1257 0.3032 0.0705 1.0871 -0.2121 -15.3175 -4.6529 -15.8942 2.9096 -2.9795 14.3706 3.0936 -1.9283 7.3537 -0.0000 -0.0000 0.0000 -75.5714 0.5964 3.3014 21.9203 -32.8868 -6.5425 -0.0000 -0.0000 1.5539 3.5257 37.0987 2.1284 -7.1250 0.0000 -0.0000 -37.5653 63.1779 -17.8386 -0.0000 -0.0000 0.0000 83.9824 0.1749 12.0428 -21.9746 32.9483 -6.5720 0.0000 -0.0000 -14.6376 -15.5276 22.5603 -6.0845 7.1250 -0.0000 -0.0000 8.3939 -6.8621 7.4129
6.5616 17.9806 6.6144 181.4120 6.4544 -175.6880 0.0000 0.0000 0.0000 -23.4393 -1.0469 -8.2101 1.4546 7.6233 21.5758 0.6027 -3.9153 -13.8574 0.0720 -1.7310 -4.7627 0.0000 0.0000 0.0000 11.4520 2.8514 -1.3642 -0.4180 -4.1499 11.4988 -0.1029 -6.9333 -12.0302 -0.0451 1.3713 -3.7710 -3.4622 1.6412 1.0244 -1.6305 2.1985 0.2634 0.2370 1.1233 -0.3687 -15.0800 -4.7414 -16.0575 2.5768 -3.0579 14.4692 2.9341 -1.9836 7.4136 0.0000 -0.0000 0.0000 -75.8941 0.2485 4.6243 21.8130 -32.7650 -6.4843 -0.0000 -0.0000 0.5148 4.9003 37.2198 2.9687 -7.1250 0.0000 -0.0000 -36.3472 63.6390 -17.5682 0.0000 -0.0000 0.0000 83.5783 0.7213 12.2661 -22.3172 33.3336 -6.7593 0.0000 -0.0000 -15.3545 -16.0021 23.0208 -6.3991 7.1250 -0.0000 -0.0000 8.1236 -6.3329 7.2530
6.5479 17.9799 6.6090 181.2140 6.0323 -175.6400 0.0000 0.0000 0.0000 -23.6865 -1.4571 -8.1770 1.4629 7.6441 21.6381 0.5981 -3.9373 -13.8015 0.0672 -1.6727 -4.6021 0.0000 0.0000 0.0000 11.1876 2.5841 -1.3918 -0.4202 -4.1608 11.5294 -0.1221 -6.7888 -12.2122 -0.0009 0.1892 -0.5197 -3.3651 1.4562 0.7357 -1.7195 1.9733 0.3480 0.1056 1.0084 -0.1070 -14.7053 -4.8498 -16.2627 1.8190 -3.0405 15.6041 2.6260 -2.0520 7.8151 -0.0000 0.0000 0.0000 -76.3039 -0.4343 4.6620 21.6973 -32.6333 -6.4219 -0.0000 -0.0000 2.3790 1.9555 38.0556 1.2057 -7.1250 0.0000 -0.0000 -40.3431 63.4952 -19.6741 -0.0000 0.0000 0.0000 83.7082 1.6550 11.8881 -22.0008 32.9780 -6.5863 0.0000 -0.0000 -15.6713 -15.0677 23.4737 -6.1208 7.1250 -0.0000 -0.0000 8.7307 -6.0002 7.8643
6.5408 17.9801 6.6011 181.4740 5.8259 -175.5000 0.0000 0.0000 0.0000 -23.3771 -1.5266 -8.4205 1.4911 7.7141 21.8490 0.6084 -4.2767 -13.9037 0.0826 -1.8536 -5.1012 0.0000 0.0000 0.0000 11.4900 2.5770 -1.3002 -0.4001 -4.0610 11.2484 -0.0911 -7.2583 -12.2019 -0.0145 0.7777 -2.1373 -2.9240 1.4009 0.2353 -1.6867 1.9235 0.4759 -0.0895 0.9765 0.3187 -15.1724 -4.8289 -16.3510 2.1770 -2.8928 16.6279 2.8440 -2.0070 8.1797 -0.0000 -0.0000 0.0000 -76.8843 -0.8729 5.4599 21.7666 -32.7123 -6.4593 -0.0000 -0.0000 2.3513 1.8490 38.6814 1.1558 -7.1250 0.0000 -0.0000 -41.2915 63.9358 -20.6362 -0.0000 -0.0000 0.0000 84.0012 2.3224 12.4006 -22.0492 33.0326 -6.6127 0.0000 -0.0000 -15.1651 -15.5884 22.6084 -6.1216 7.1250 -0.0000 -0.0000 8.3584 -6.8056 7.3901
6.5385 17.9751 6.5924 181.4230 5.7450 -175.5970 0.0000 0.0000 0.0000 -23.4572 -1.6247 -8.2733 1.4912 7.7144 21.8499 0.6356 -4.2917 -14.2168 0.1293 -2.3177 -6.3846 0.0000 0.0000 0.0000 11.4526 2.5852 -1.2189 -0.4131 -4.1257 11.4306 -0.1108 -7.1989 -12.4857 -0.0108 0.6718 -1.8462 -2.9962 1.3156 -0.0409 -1.5861 1.8237 0.6191 0.0634 0.9207 0.6167 -15.0992 -4.7662 -16.1986 1.5213 -2.6008 17.6902 2.6560 -1.9442 8.4899 0.0000 -0.0000 0.0000 -77.9819 -1.2985 5.2274 21.5000 -32.4073 -6.3158 -0.0000 -0.0000 4.4096 -0.4462 38.3677 -0.2769 -7.1250 0.0000 -0.0000 -43.0740 63.0849 -20.8467 0.0000 -0.0000 0.0000 84.4564 2.8142 12.1751 -21.7655 32.7110 -6.4587 0.0000 -0.0000 -13.8083 -16.3021 23.3635 -6.6156 7.1250 -0.0000 -0.0000 7.9580 -5.9444 7.1621
6.5313 17.9679 6.5793 181.7450 5.8892 -175.7170 0.0000 0.0000 0.0000 -23.1411 -1.8438 -8.0905 1.5239 7.7946 22.0918 0.6315 -3.9167 -14.1929 0.0052 -0.4640 -1.2748 0.0000 0.0000 0.0000 11.8028 2.7735 -0.8202 -0.3890 -4.0052 11.0912 -0.0800 -7.4160 -12.1903 -0.0111 0.6815 -1.8728 -2.1642 1.5772 -0.5586 -1.9367 2.2123 0.9686 -0.7347 1.1197 1.3013 -14.3807 -4.9356 -15.5443 1.0997 -2.9562 18.5396 2.3686 -2.1233 8.6774 0.0000 -0.0000 0.0000 -78.1604 -1.6444 6.6234 21.6401 -32.5679 -6.3910 -0.0000 -0.0000 4.5456 -1.0987 38.6500 -0.6863 -7.1250 0.0000 -0.0000 -44.0747 63.1161 -21.4620 0.0000 -0.0000 0.0000 85.8567 2.9659 11.1976 -21.7970 32.7469 -6.4757 0.0000 -0.0000 -13.4335 -15.0865 23.3474 -6.0979 7.1250 -0.0000 -0.0000 8.7120 -6.1249 7.8259
6.5273 17.9575 6.5621 181.9110 5.9473 -175.8690 0.0000 0.0000 0.0000 -22.9622 -1.2969 -8.1834 1.5506 7.8595 22.2882 0.6683 -4.3530 -14.5828 0.1315 -2.3377 -6.4400 0.0000 0.0000 0.0000 11.9963 2.5935 -0.7134 -0.3941 -4.0308 11.1634 -0.0812 -7.2928 -12.0596 -0.0250 1.0209 -2.8062 -0.6823 1.6425 -1.0096 -2.8997 2.3605 1.4036 -2.5262 1.2363 2.1020 -14.0787 -4.9057 -15.6192 2.2203 -3.2312 19.4185 2.6777 -2.1583 9.0139 0.0000 0.0000 0.0000 -77.6346 -1.9087 6.9099 21.7524 -32.6960 -6.4516 -0.0000 -0.0000 4.5480 -1.8161 38.0158 -1.1187 -7.1250 0.0000 -0.0000 -43.9079 62.4668 -20.7010 0.0000 0.0000 0.0000 87.9142 3.1416 11.4363 -21.6109 32.5345 -6.3753 0.0000 -0.0000 -13.5121 -14.2633 23.7611 -5.8484 7.1250 -0.0000 -0.0000 9.2441 -5.8162 8.3720
6.5204 17.9571 6.5476 181.7530 5.6852 -176.0410 0.0000 0.0000 0.0000 -23.2208 -1.8536 -7.5116 1.5176 7.7794 22.0459 0.6702 -3.8956 -14.6356 0.1295 -2.3199 -6.3907 0.0000 0.0000 0.0000 11.8112 2.2968 -0.7034 -0.4198 -4.1587 11.5235 -0.1047 -7.4447 -12.6699 -0.0977 2.0160 -5.5499 -1.5132 1.4293 -1.6153 -2.1820 2.0987 1.9985 -1.3049 1.0757 2.9876 -15.0550 -4.8692 -16.1262 1.7849 -2.6479 19.9028 2.7565 -1.9939 9.2543 0.0000 -0.0000 0.0000 -80.3680 -2.3258 5.9634 21.3445 -32.2282 -6.2326 -0.0000 -0.0000 4.6633 -0.6076 37.3205 -0.3684 -7.1250 0.0000 -0.0000 -41.8667 62.2682 -19.3538 0.0000 -0.0000 0.0000 87.2001 3.1633 11.8441 -21.4264 32.3227 -6.2764 0.0000 -0.0000 -13.1395 -13.1139 24.1867 -5.4522 7.1250 -0.0000 -0.0000 9.9734 -5.5365 9.1068
6.5138 17.9460 6.5378 181.6160 6.0328 -176.0900 0.0000 0.0000 0.0000 -23.4532 -1.5326 -7.3841 1.4717 7.6660 21.7042 0.6620 -3.6594 -14.5644 0.1467 -2.4687 -6.8028 0.0000 0.0000 0.0000 11.5530 2.1781 -1.0234 -0.4558 -4.3311 12.0100 -0.1174 -6.7143 -12.0430 -0.0581 1.5556 -4.2789 -1.8572 0.9941 -1.8124 -1.7289 1.4930 1.8295 -0.6701 0.7512 2.8951 -15.9077 -4.2936 -14.4756 1.6103 -1.9133 18.6059 2.9302 -1.6539 8.4636 -0.0000 0.0000 0.0000 -82.5981 -0.5932 4.0696 21.3400 -32.2230 -6.2302 -0.0000 -0.0000 4.9596 -1.6083 36.9675 -0.9674 -7.1250 0.0000 -0.0000 -42.3790 61.7488 -19.1189 -0.0000 0.0000 0.0000 86.7574 2.3376 13.0863 -20.6284 31.3920 -5.8552 0.0000 -0.0000 -12.2174 -12.1188 24.3969 -5.0685 7.1250 -0.0000 -0.0000 10.5930 -5.4495 9.7103
6.5131 17.9503 6.5250 181.2780 5.8629 -176.0290 0.0000 0.0000 0.0000 -23.7646 -1.0887 -7.5942 1.4771 7.6793 21.7442 0.6349 -4.3686 -14.2049 0.0740 -1.7547 -4.8283 0.0000 0.0000 0.0000 11.1970 2.0788 -1.3194 -0.4929 -4.5015 12.4920 -0.1582 -6.6834 -12.7271 -0.0791 1.8139 -4.9915 -1.9111 0.7999 -0.2628 -2.1166 1.1566 0.6455 -1.0852 0.5996 0.8153 -15.5519 -3.8134 -13.6799 2.0769 -1.5916 18.5954 3.0805 -1.4298 8.2760 0.0000 0.0000 0.0000 -83.3546 2.1194 3.2183 20.9554 -31.7762 -6.0264 -0.0000 -0.0000 5.8236 -3.0318 37.4186 -1.8433 -7.1250 0.0000 -0.0000 -44.2840 61.7189 -20.1381 0.0000 0.0000 0.0000 88.0891 0.1629 12.3377 -19.5653 30.1150 -5.3115 0.0000 -0.0000 -11.2748 -11.2737 25.0697 -4.8281 7.1250 -0.0000 -0.0000 11.1354 -4.8837 10.3485
6.5024 17.9624 6.5170 181.2020 5.0923 -175.7980 0.0000 0.0000 0.0000 -23.8624 -2.0952 -7.3859 1.4501 7.6120 21.5417 0.6236 -4.0164 -14.0948 0.1211 -2.2436 -6.1795 0.0000 0.0000 0.0000 11.1480 1.5030 -1.4723 -0.4774 -4.4311 12.2926 -0.1619 -6.8003 -12.9177 -0.0859 1.8908 -5.2040 -1.0213 1.3955 -1.1105 -3.2866 2.1023 1.8039 -2.7343 1.1247 2.5645 -13.8790 -4.6786 -15.5876 3.4035 -3.4403 17.1231 3.0048 -2.1071 8.2353 -0.0000 -0.0000 0.0000 -81.9711 -0.1231 4.6365 19.6916 -30.2689 -5.3750 -0.0000 -0.0000 7.1948 -4.8043 38.9914 -3.0272 -7.1250 0.0000 -0.0000 -47.9906 62.3743 -22.9970 -0.0000 -0.0000 0.0000 90.6251 1.0976 8.1228 -18.6687 29.0049 -4.8691 0.0000 -0.0000 -9.5868 -10.0720 25.6372 -4.3947 7.1250 -0.0000 -0.0000 11.8832 -4.4642 11.1699
6.5131 17.9670 6.5305 180.8130 4.6353 -175.3850 0.0000 0.0000 0.0000 -24.1356 -2.3028 -7.8274 1.4222 7.5417 21.3304 0.5893 -4.4975 -13.6715 0.0139 -0.7623 -2.0949 0.0000 0.0000 0.0000 10.7997 1.3675 -1.9521 -0.4830 -4.4564 12.3645 -0.1558 -6.9469 -12.9759 -0.0442 1.3573 -3.7324 -1.6488 1.2482 -1.0241 -3.2786 1.9219 1.7610 -2.3826 1.0254 2.4440 -13.1115 -4.8391 -15.1076 2.9208 -3.9455 14.1343 2.6489 -2.2920 7.1683 0.0000 -0.0000 0.0000 -82.9417 0.3088 3.8923 18.2389 -28.4620 -4.6625 -0.0000 -0.0000 7.2486 -2.1148 36.9164 -1.2706 -7.1250 0.0000 -0.0000 -42.7955 61.5826 -19.1778 0.0000 -0.0000 0.0000 90.9600 0.5703 6.6918 -17.5886 27.6272 -4.3568 0.0000 -0.0000 -8.3232 -10.0539 25.1000 -4.3011 7.1250 -0.0000 -0.0000 11.8762 -4.9949 11.0420
6.5351 17.9708 6.5504 180.9610 4.1735 -175.3580 0.0000 0.0000 0.0000 -23.7889 -2.0547 -8.0534 1.4367 7.5783 21.4404 0.5662 -5.0556 -13.3960 0.0903 -1.9381 -5.3347 0.0000 0.0000 0.0000 11.1231 1.2779 -1.5800 -0.4366 -4.2399 11.7527 -0.1044 -7.5656 -12.8096 -0.0378 1.2551 -3.4509 -2.3820 0.6024 -0.3745 -2.3001 0.9365 1.0404 -1.0077 0.4917 1.2783 -15.0966 -4.2684 -13.9625 3.8272 -3.0714 12.9829 3.3673 -1.8597 6.5793 0.0000 0.0000 0.0000 -85.1777 2.6072 0.7248 17.0158 -26.8786 -4.0945 -0.0000 -0.0000 9.0744 -3.8138 36.5936 -2.2757 -7.1250 0.0000 -0.0000 -43.9976 60.9201 -19.1421 0.0000 0.0000 0.0000 89.4115 -1.0710 7.5261 -16.1283 25.6943 -3.7014 0.0000 -0.0000 -6.2227 -12.2551 24.1401 -5.0765 7.1250 -0.0000 -0.0000 10.4988 -5.6883 9.5723
6.5098 17.9695 6.4948 181.5720 5.0541 -175.3650 0.0000 0.0000 0.0000 -23.3991 -2.4677 -7.7895 1.4971 7.7288 21.8934 0.6301 -3.9659 -14.1734 0.0689 -1.6929 -4.6577 0.0000 0.0000 0.0000 11.5909 1.4488 -0.8871 -0.3550 -3.8278 10.5926 -0.0633 -7.3671 -11.8152 -0.0452 1.3727 -3.7750 -1.8274 0.6710 -1.0161 -1.7277 1.0298 1.6399 -0.7168 0.5247 2.2521 -16.5635 -4.2988 -16.2320 5.1116 -2.6358 12.5893 4.0498 -1.5924 6.8256 0.0000 -0.0000 0.0000 -86.4209 1.6069 -3.0609 15.1984 -24.4218 -3.3075 -0.0000 -0.0000 12.3638 -5.2115 36.7759 -3.1256 -7.1250 0.0000 -0.0000 -45.5146 60.7077 -19.7343 0.0000 -0.0000 0.0000 88.5889 0.3817 4.4359 -14.1235 22.9109 -2.8760 0.0000 -0.0000 -3.2229 -11.3369 23.7414 -4.6149 7.1250 -0.0000 -0.0000 11.0484 -6.1916 9.9843
6.5505 17.9714 6.5451 181.8240 4.7858 -174.8820 0.0000 0.0000 0.0000 -22.7170 -1.4138 -9.1973 1.5593 7.8804 22.3514 0.5984 -5.6391 -13.7864 0.0597 -1.5762 -4.3357 0.0000 0.0000 0.0000 12.1361 1.4625 -1.1056 -0.3134 -3.5989 9.9510 -0.0317 -7.7705 -11.7261 -0.0578 1.5514 -4.2673 -2.8345 1.0094 0.7927 -1.2163 1.3462 0.0657 0.3264 0.6898 -0.4124 -15.9764 -4.4265 -14.6544 4.5481 -3.1218 12.4258 3.7272 -1.8503 6.5450 0.0000 -0.0000 0.0000 -86.6548 3.8994 -3.9138 13.9956 -22.7284 -2.8264 -0.0000 -0.0000 14.5175 -6.6037 37.6033 -4.0407 -7.1250 0.0000 -0.0000 -47.8142 60.9489 -21.2838 0.0000 -0.0000 0.0000 88.2466 -2.6357 1.7668 -13.4500 21.9430 -2.6191 0.0000 -0.0000 -3.3148 -10.8249 23.4698 -4.3548 7.1250 -0.0000 -0.0000 11.3557 -6.5177 10.2007
6.5483 17.9803 6.5459 181.8860 4.9485 -174.8120 0.0000 0.0000 0.0000 -22.6834 -1.1053 -9.2795 1.5248 7.7969 22.0990 0.5899 -5.6915 -13.6916 0.0880 -1.9132 -5.2659 0.0000 0.0000 0.0000 12.1575 1.6859 -1.4420 -0.3465 -3.7820 10.4642 -0.0778 -7.5621 -12.3306 -0.0868 1.9002 -5.2298 -1.9602 1.0005 -0.5223 -1.7335 1.4290 1.0172 -0.6533 0.7250 1.3320 -15.1339 -4.4116 -15.2026 4.4678 -3.2151 11.3795 3.5465 -1.8311 6.2858 -0.0000 0.0000 0.0000 -85.6410 2.4874 -5.9673 12.9719 -21.2460 -2.4431 -0.0000 -0.0000 16.2796 -6.7687 38.3520 -4.2119 -7.1250 0.0000 -0.0000 -48.9262 61.4254 -22.4756 -0.0000 0.0000 0.0000 89.1700 -1.2847 -0.4568 -12.6853 20.8243 -2.3402 0.0000 -0.0000 -1.4380 -11.1949 22.9276 -4.4088 7.1250 -0.0000 -0.0000 11.1115 -7.0139 9.8636
6.5511 17.9847 6.5408 182.0740 5.0818 -174.6800 0.0000 0.0000 0.0000 -22.4759 -1.4079 -9.3032 1.5298 7.8091 22.1359 0.6084 -5.4065 -13.8928 0.0622 -1.6093 -4.4270 0.0000 0.0000 0.0000 12.3412 1.9881 -1.2113 -0.3140 -3.6022 9.9602 -0.0435 -7.7882 -11.9792 -0.0352 1.2110 -3.3296 -1.4197 1.3339 0.0528 -2.1246 1.8516 0.6066 -1.3707 0.9491 0.6175 -14.0343 -4.4598 -14.9738 4.0036 -3.4941 11.6777 3.1954 -1.9703 6.3409 -0.0000 0.0000 0.0000 -84.2985 3.3358 -5.4951 12.7117 -20.8634 -2.3496 -0.0000 -0.0000 15.9034 -7.1201 38.9452 -4.4895 -7.1250 0.0000 -0.0000 -50.0307 61.7381 -23.5006 -0.0000 0.0000 0.0000 90.2261 -2.0352 -2.5903 -12.4944 20.5420 -2.2728 0.0000 -0.0000 -1.0901 -11.7475 22.0392 -4.4619 7.1250 -0.0000 -0.0000 10.7426 -7.8356 9.3479
6.5543 17.9780 6.5375 182.0960 4.9696 -174.9130 0.0000 0.0000 0.0000 -22.4268 -1.0614 -9.2616 1.5550 7.8701 22.3203 0.6273 -5.8882 -14.1227 0.1311 -2.3336 -6.4285 0.0000 0.0000 0.0000 12.4422 1.6970 -0.9769 -0.3140 -3.6020 9.9595 -0.0506 -7.7519 -12.0665 -0.1511 2.5048 -6.9030 -2.4693 1.1953 1.0388 -1.1290 1.5810 -0.0292 0.2015 0.8070 -0.6466 -14.8514 -4.1867 -14.6946 3.0462 -2.7196 13.5423 3.1044 -1.7459 6.8420 -0.0000 -0.0000 0.0000 -85.4849 4.5962 -6.8734 12.7243 -20.8820 -2.3541 -0.0000 -0.0000 16.4195 -6.7385 39.2102 -4.2717 -7.1250 0.0000 -0.0000 -50.0466 62.0158 -23.8354 -0.0000 -0.0000 0.0000 88.4526 -3.4297 -2.6696 -12.6071 20.7088 -2.3125 0.0000 -0.0000 -1.9515 -10.5782 22.4217 -4.0744 7.1250 -0.0000 -0.0000 11.4828 -7.5807 10.0774
6.5549 17.9749 6.5366 182.0250 4.9612 -174.8810 0.0000 0.0000 0.0000 -22.5094 -1.3563 -9.1177 1.5520 7.8629 22.2985 0.6152 -5.6424 -13.9767 0.0726 -1.7384 -4.7832 0.0000 0.0000 0.0000 12.3532 1.8348 -1.2518 -0.3473 -3.7867 10.4772 -0.0414 -7.9277 -12.1237 -0.1172 2.2067 -6.0771 -2.3439 1.2269 0.6709 -1.2418 1.6534 0.4202 0.0307 0.8368 0.0253 -14.6542 -4.4801 -15.5085 2.7361 -2.9469 14.2430 2.9400 -1.8914 7.2254 -0.0000 0.0000 0.0000 -84.7425 3.6122 -6.7133 12.8755 -21.1045 -2.4083 -0.0000 -0.0000 15.9964 -6.0381 38.6850 -3.7826 -7.1250 0.0000 -0.0000 -48.7035 61.8416 -22.8222 -0.0000 0.0000 0.0000 88.4914 -2.4441 -2.3088 -12.8808 21.1123 -2.4102 0.0000 -0.0000 -3.1248 -11.5297 21.2045 -4.2198 7.1250 -0.0000 -0.0000 10.8599 -8.6887 9.2672
6.5589 17.9797 6.5338 181.6110 4.9831 -175.0050 0.0000 0.0000 0.0000 -22.9498 -1.0322 -8.9566 1.5033 7.7441 21.9395 0.5969 -5.8905 -13.7825 0.0890 -1.9244 -5.2967 0.0000 0.0000 0.0000 11.8940 2.0819 -1.4177 -0.3985 -4.0530 11.2258 -0.1193 -7.4752 -12.9588 -0.0655 1.6515 -4.5436 -2.6102 1.2991 0.2151 -1.4914 1.7862 0.6813 -0.0609 0.9020 0.5461 -13.6456 -4.3575 -14.3939 1.4552 -2.8978 14.5294 2.3787 -1.9179 7.0954 0.0000 -0.0000 0.0000 -83.8543 3.4136 -4.7060 13.5707 -22.1176 -2.6643 -0.0000 -0.0000 13.9599 -4.6610 39.1360 -2.9458 -7.1250 0.0000 -0.0000 -48.0568 62.5117 -23.1904 0.0000 -0.0000 0.0000 88.8196 -1.3863 -2.8706 -12.8815 21.1133 -2.4104 0.0000 -0.0000 -3.0742 -11.5609 22.2540 -4.4298 7.1250 -0.0000 -0.0000 10.8651 -7.6424 9.5006
6.5585 17.9673 6.5295 181.0300 5.0127 -175.1780 0.0000 0.0000 0.0000 -23.6471 -1.1153 -8.6483 1.4685 7.6580 21.6801 0.5897 -5.5707 -13.6846 0.1103 -2.1414 -5.8965 0.0000 0.0000 0.0000 11.2096 1.9914 -1.9580 -0.4760 -4.4248 12.2749 -0.1310 -7.1986 -12.8381 -0.0675 1.6766 -4.6128 -2.7444 1.4340 0.0832 -1.9452 2.0048 0.8863 -0.4427 1.0180 0.8388 -14.3790 -4.4292 -15.0600 2.5168 -2.8081 17.0234 2.8664 -1.8962 8.0616 -0.0000 0.0000 0.0000 -82.9076 2.8561 -3.0503 14.4373 -23.3564 -2.9993 -0.0000 -0.0000 12.1169 -3.7170 39.1091 -2.3466 -7.1250 0.0000 -0.0000 -47.1513 62.7436 -22.8991 -0.0000 0.0000 0.0000 89.2026 -0.5671 -2.0673 -13.4165 21.8944 -2.6065 0.0000 -0.0000 -3.9336 -13.0625 20.8077 -4.7117 7.1250 -0.0000 -0.0000 9.8779 -8.9215 8.3550
6.5730 17.9637 6.5328 181.1260 5.0247 -175.3480 0.0000 0.0000 0.0000 -23.4156 -0.8909 -8.6016 1.4852 7.6995 21.8051 0.5756 -5.9722 -13.5446 0.0027 -0.3336 -0.9167 0.0000 0.0000 0.0000 11.4038 2.1313 -1.9044 -0.5053 -4.5570 12.6493 -0.1707 -7.1239 -13.4150 -0.0946 1.9836 -5.4602 -2.7154 1.4222 -0.4446 -1.8797 2.0192 1.1477 -0.3722 1.0183 1.4014 -13.9341 -4.3317 -13.9576 1.4623 -2.6296 17.5287 2.4795 -1.8671 8.0114 0.0000 -0.0000 0.0000 -82.5970 2.5373 -2.1513 15.5148 -24.8583 -3.4394 -0.0000 -0.0000 10.3683 -3.3102 38.6698 -2.0697 -7.1250 0.0000 -0.0000 -46.1759 62.5435 -22.1000 0.0000 -0.0000 0.0000 89.0591 -0.1562 -0.7816 -14.0924 22.8666 -2.8639 0.0000 -0.0000 -5.1103 -12.2078 21.0259 -4.4386 7.1250 -0.0000 -0.0000 10.4265 -8.7954 8.8616
6.5683 17.9700 6.5316 180.7900 4.9595 -175.5580 0.0000 0.0000 0.0000 -23.8457 -1.0634 -8.2754 1.5148 7.7725 22.0253 0.6084 -5.7828 -13.9069 0.0441 -1.3552 -3.7268 0.0000 0.0000 0.0000 10.9921 1.8434 -1.5813 -0.4799 -4.4427 12.3255 -0.1452 -7.1170 -12.9869 -0.0541 1.5012 -4.1291 -2.5836 1.3353 -0.2979 -2.2732 1.9204 1.1613 -0.8539 0.9814 1.3526 -14.0898 -4.2053 -14.0503 2.0128 -2.3947 19.1852 2.7348 -1.7470 8.5796 -0.0000 0.0000 0.0000 -81.7485 2.2742 -1.0757 16.4033 -26.0644 -3.8214 -0.0000 -0.0000 8.5817 -2.0061 38.5150 -1.2495 -7.1250 0.0000 -0.0000 -44.7484 62.7776 -21.5083 -0.0000 0.0000 0.0000 89.5426 -0.4052 1.1883 -15.2320 24.4683 -3.3214 0.0000 -0.0000 -5.9613 -12.7472 21.0608 -4.6477 7.1250 -0.0000 -0.0000 10.0854 -8.7027 8.5809
6.5793 17.9691 6.5495 180.9020 5.0373 -175.6490 0.0000 0.0000 0.0000 -23.6423 -0.7798 -8.3196 1.5115 7.7644 22.0008 0.6087 -6.0257 -13.9229 0.0525 -1.4787 -4.0671 0.0000 0.0000 0.0000 11.1980 2.0272 -1.5547 -0.4875 -4.4770 12.4225 -0.1561 -7.2035 -13.2651 -0.1193 2.2272 -6.1340 -2.6850 1.2895 -0.3286 -2.0644 1.8540 1.2455 -0.5823 0.9412 1.4461 -14.5855 -4.1427 -14.1559 2.4684 -2.2256 19.7667 2.9985 -1.6670 8.7978 0.0000 0.0000 0.0000 -81.8722 2.0159 -0.4215 17.6082 -27.6526 -4.3659 -0.0000 -0.0000 7.7608 -2.2238 38.7778 -1.3932 -7.1250 0.0000 -0.0000 -45.3084 62.9077 -21.9738 0.0000 0.0000 0.0000 89.2548 -0.4398 2.8293 -16.4352 26.1073 -3.8355 0.0000 -0.0000 -7.8441 -12.0689 21.5467 -4.4899 7.1250 -0.0000 -0.0000 10.5274 -8.2911 9.0577
6.5795 17.9716 6.5606 181.2190 5.2174 -175.5900 0.0000 0.0000 0.0000 -23.3232 -0.9959 -8.5343 1.5688 7.9034 22.4210 0.6272 -5.7685 -14.1169 0.0397 -1.2861 -3.5363 0.0000 0.0000 0.0000 11.5068 2.0473 -1.3673 -0.4424 -4.2675 11.8305 -0.1411 -7.1926 -13.0023 -0.0933 1.9704 -5.4239 -2.5029 1.1622 -0.5781 -1.7499 1.6713 1.2669 -0.3583 0.8412 1.6048 -14.9044 -4.0108 -13.4233 2.4715 -2.1375 18.8976 3.0558 -1.6217 8.3665 -0.0000 -0.0000 0.0000 -81.9732 2.0418 0.7068 18.7397 -29.0940 -4.9036 -0.0000 -0.0000 6.3387 -1.7829 38.3069 -1.1054 -7.1250 0.0000 -0.0000 -44.2603 62.6866 -21.1299 -0.0000 -0.0000 0.0000 88.6685 -0.3446 4.8134 -17.3590 27.3287 -4.2509 0.0000 -0.0000 -8.8114 -12.2164 22.4859 -4.7335 7.1250 -0.0000 -0.0000 10.4622 -7.3392 9.1987
6.5898 17.9782 6.5875 181.5330 5.0115 -175.4110 0.0000 0.0000 0.0000 -22.8736 -1.1902 -8.9313 1.6054 7.9906 22.6856 0.6022 -5.9368 -13.8446 0.0211 -0.9377 -2.5773 0.0000 0.0000 0.0000 11.9259 2.1128 -1.3508 -0.4145 -4.1324 11.4495 -0.1020 -7.5318 -12.7264 -0.0716 1.7258 -4.7484 -2.4530 1.1209 -0.5050 -1.5034 1.5965 1.2139 -0.1375 0.7993 1.5041 -15.3240 -3.9720 -13.7339 3.0634 -2.0886 18.8920 3.3285 -1.5785 8.4237 -0.0000 -0.0000 0.0000 -82.0847 2.0508 2.0385 20.0554 -30.7091 -5.5596 -0.0000 -0.0000 5.6145 -1.6130 37.7399 -0.9875 -7.1250 0.0000 -0.0000 -43.3579 62.3182 -20.2367 -0.0000 -0.0000 0.0000 88.3140 0.0142 6.3062 -18.1061 28.2928 -4.5994 0.0000 -0.0000 -9.7706 -12.8352 22.4929 -4.9816 7.1250 -0.0000 -0.0000 10.0757 -7.2614 8.8631
6.5935 17.9883 6.6040 181.3270 4.5493 -175.5600 0.0000 0.0000 0.0000 -23.0087 -1.2677 -8.6971 1.5759 7.9203 22.4724 0.5870 -6.3049 -13.6993 0.0028 0.3389 0.9313 0.0000 0.0000 0.0000 11.7835 1.8036 -1.1687 -0.4036 -4.0784 11.2975 -0.0984 -7.7330 -12.9065 -0.0891 1.9250 -5.2985 -2.4685 0.9716 0.0509 -1.6559 1.3803 1.0759 -0.3010 0.6992 1.0574 -15.2591 -3.9570 -13.3480 3.3269 -2.3158 17.6243 3.3653 -1.6386 7.9426 -0.0000 -0.0000 0.0000 -81.7298 1.8317 2.9787 20.7226 -31.5031 -5.9043 -0.0000 -0.0000 5.1695 -1.4475 38.1317 -0.8939 -7.1250 0.0000 -0.0000 -43.7116 62.6477 -20.7736 -0.0000 -0.0000 0.0000 88.3045 0.2036 7.4470 -18.5840 28.8985 -4.8282 0.0000 -0.0000 -10.4222 -12.8583 22.5544 -5.0037 7.1250 -0.0000 -0.0000 10.0635 -7.1973 8.8648
6.5964 17.9875 6.6078 180.7940 4.6909 -175.5230 0.0000 0.0000 0.0000 -23.6638 -1.0464 -8.5160 1.4853 7.6999 21.8061 0.5622 -6.0875 -13.3985 0.0656 -1.6530 -4.5477 0.0000 0.0000 0.0000 11.1081 1.7145 -1.7253 -0.4568 -4.3356 12.0229 -0.1487 -7.1690 -13.1034 -0.0916 1.9524 -5.3742 -3.0639 1.0357 0.1473 -1.7847 1.4680 0.9088 -0.1038 0.7454 0.8204 -14.5672 -3.9943 -13.6743 2.6693 -2.3747 17.1325 3.0162 -1.6747 7.8224 0.0000 0.0000 0.0000 -81.5768 1.6604 3.5786 21.0763 -31.9173 -6.0902 -0.0000 -0.0000 5.3248 -1.7223 38.0969 -1.0628 -7.1250 0.0000 -0.0000 -43.9257 62.5503 -20.7968 0.0000 0.0000 0.0000 88.1266 0.0475 8.1009 -19.2019 29.6688 -5.1304 0.0000 -0.0000 -11.3492 -12.0887 22.8452 -4.7533 7.1250 -0.0000 -0.0000 10.5535 -6.9960 9.3536
6.6005 17.9952 6.6191 180.9800 4.8208 -175.4120 0.0000 0.0000 0.0000 -23.4478 -0.8961 -8.5565 1.4475 7.6054 21.5218 0.5569 -6.0947 -13.3380 0.0533 -1.4894 -4.0965 0.0000 0.0000 0.0000 11.3017 1.8246 -1.8876 -0.4580 -4.3415 12.0395 -0.1610 -7.0170 -13.1390 -0.0971 2.0096 -5.5321 -2.9329 1.0967 0.3159 -1.7409 1.5349 0.8375 -0.1365 0.7801 0.6533 -13.7074 -4.0625 -13.5759 1.7018 -2.5659 15.7798 2.5239 -1.7672 7.3464 -0.0000 -0.0000 0.0000 -81.4209 1.4036 3.9149 21.3898 -32.2806 -6.2568 -0.0000 -0.0000 5.9012 -2.6121 38.0305 -1.6100 -7.1250 0.0000 -0.0000 -44.6760 62.2700 -20.9368 -0.0000 -0.0000 0.0000 88.1927 0.4464 8.2556 -19.3530 29.8549 -5.2054 0.0000 -0.0000 -11.0711 -12.5851 22.4600 -4.8750 7.1250 -0.0000 -0.0000 10.2309 -7.3231 8.9917
6.5814 17.9875 6.5924 180.8610 5.2157 -175.9420 0.0000 0.0000 0.0000 -23.8093 -1.0699 -7.5636 1.4031 7.4928 21.1839 0.5663 -5.1756 -13.3987 0.0296 -1.1098 -3.0510 0.0000 0.0000 0.0000 10.9828 1.6537 -1.3511 -0.4503 -4.3052 11.9370 -0.1741 -6.6516 -12.9620 -0.1103 2.1410 -5.8956 -2.7936 1.1809 0.6211 -1.7573 1.6460 1.0508 -0.2352 0.8370 0.7031 -14.2583 -4.0516 -14.2791 2.5360 -2.5372 15.4132 2.8806 -1.7166 7.3581 -0.0000 -0.0000 0.0000 -81.6303 1.1220 3.9247 21.3518 -32.2367 -6.2365 -0.0000 -0.0000 5.7298 -2.0532 37.4159 -1.2478 -7.1250 0.0000 -0.0000 -43.3605 61.9670 -19.8802 -0.0000 -0.0000 0.0000 87.8432 0.7887 8.8410 -19.3918 29.9027 -5.2248 0.0000 -0.0000 -11.4879 -12.9515 22.2807 -4.9833 7.1250 -0.0000 -0.0000 9.9953 -7.4599 8.7506
6.5980 18.0014 6.6116 180.9840 5.2193 -175.6600 0.0000 0.0000 0.0000 -23.5686 -1.0305 -7.9750 1.4030 7.4926 21.1833 0.5600 -5.2585 -13.3273 0.0606 -1.5882 -4.3688 0.0000 0.0000 0.0000 11.2141 1.7860 -1.6299 -0.4428 -4.2697 11.8368 -0.1227 -6.8998 -12.3505 -0.0999 2.0384 -5.6118 -2.6712 1.5451 0.6317 -2.0575 2.1447 1.0221 -0.6124 1.0941 0.6760 -14.0622 -4.3988 -15.3230 3.3959 -3.0886 16.0570 3.0681 -1.9265 7.8014 -0.0000 -0.0000 0.0000 -80.7663 0.6148 5.5245 21.4544 -32.3549 -6.2913 -0.0000 -0.0000 5.3759 -2.4932 37.4729 -1.5174 -7.1250 0.0000 -0.0000 -43.8472 61.8960 -20.0786 -0.0000 -0.0000 0.0000 88.4478 1.1594 7.5771 -19.3182 29.8122 -5.1881 0.0000 -0.0000 -10.9119 -13.3203 22.6995 -5.2204 7.1250 -0.0000 -0.0000 9.7806 -6.9978 8.6463
6.6050 18.0037 6.6265 180.8980 4.9963 -175.4630 0.0000 0.0000 0.0000 -23.6000 -1.2750 -8.2479 1.4171 7.5285 21.2908 0.5574 -5.3617 -13.2991 0.0550 -1.5138 -4.1637 0.0000 0.0000 0.0000 11.1615 1.6140 -1.8061 -0.4343 -4.2288 11.7211 -0.1424 -6.8264 -12.6139 -0.1318 2.3400 -6.4462 -2.7331 1.4757 0.7983 -2.1413 2.0331 0.7059 -0.6741 1.0429 0.2604 -13.9133 -4.3160 -15.2627 3.3675 -3.0138 16.1020 3.0451 -1.8857 7.7952 0.0000 -0.0000 0.0000 -80.6761 0.9320 5.7220 21.3898 -32.2805 -6.2568 -0.0000 -0.0000 5.2486 -2.2827 37.7650 -1.3984 -7.1250 0.0000 -0.0000 -44.0222 62.1630 -20.4531 0.0000 -0.0000 0.0000 88.4504 0.9541 7.5524 -19.0213 29.4451 -5.0413 0.0000 -0.0000 -11.4846 -13.0617 23.0858 -5.1979 7.1250 -0.0000 -0.0000 9.9573 -6.6423 8.8771
6.5957 18.0014 6.6114 180.9800 5.2390 -175.4490 0.0000 0.0000 0.0000 -23.6060 -1.3774 -8.1740 1.4209 7.5382 21.3200 0.5830 -5.0720 -13.5935 0.0618 -1.6039 -4.4122 0.0000 0.0000 0.0000 11.1799 1.7406 -1.7219 -0.4205 -4.1621 11.5331 -0.1476 -6.7469 -12.6163 -0.1315 2.3374 -6.4390 -2.5700 1.6009 0.4919 -2.0848 2.2086 0.7211 -0.6982 1.1272 0.4499 -14.3089 -4.3927 -15.0917 3.6006 -3.0884 16.1800 3.1804 -1.9245 7.8103 0.0000 -0.0000 0.0000 -81.0814 0.8442 5.2716 21.2870 -32.1618 -6.2020 -0.0000 -0.0000 6.0775 -3.9277 39.2788 -2.4889 -7.1250 0.0000 -0.0000 -47.5802 62.8050 -23.2261 0.0000 -0.0000 0.0000 88.3332 0.8735 7.1625 -18.8855 29.2761 -4.9747 0.0000 -0.0000 -10.2586 -13.4558 22.9699 -5.3343 7.1250 -0.0000 -0.0000 9.7074 -6.7107 8.6345
6.5991 17.9860 6.6190 180.9730 5.3110 -175.4660 0.0000 0.0000 0.0000 -23.6249 -1.5576 -8.1081 1.3833 7.4421 21.0320 0.5532 -4.6120 -13.2390 0.0688 -1.6928 -4.6573 0.0000 0.0000 0.0000 11.1893 2.1737 -2.0472 -0.4803 -4.4443 12.3301 -0.1388 -6.9487 -12.6885 -0.1090 2.1283 -5.8604 -2.5092 1.6770 0.5327 -2.1596 2.3119 0.7177 -0.8103 1.1809 0.4284 -14.2896 -4.3462 -15.3987 3.4876 -2.9251 16.8232 3.1623 -1.8668 8.0644 0.0000 -0.0000 0.0000 -81.0739 0.9348 5.2842 20.9285 -31.7448 -6.0123 -0.0000 -0.0000 5.7531 -2.1693 38.3556 -1.3466 -7.1250 0.0000 -0.0000 -44.6889 62.6200 -21.3096 0.0000 -0.0000 0.0000 88.5147 0.7301 6.7277 -18.7183 29.0671 -4.8932 0.0000 -0.0000 -10.1179 -13.0679 22.4972 -5.0755 7.1250 -0.0000 -0.0000 9.9304 -7.2300 8.7373
6.6057 17.9870 6.6289 180.9580 4.9358 -175.5120 0.0000 0.0000 0.0000 -23.5349 -0.8320 -8.3422 1.3737 7.4172 20.9574 0.5473 -5.6353 -13.1929 0.1862 -2.7791 -7.6644 0.0000 0.0000 0.0000 11.2443 1.8183 -2.3698 -0.5265 -4.6499 12.9126 -0.1581 -6.8058 -12.8586 -0.0794 1.8174 -5.0013 -3.0184 1.3774 0.7769 -1.6185 1.8671 0.4641 0.0178 0.9513 -0.0010 -15.5462 -4.1199 -14.1583 3.7694 -2.5377 16.5622 3.5129 -1.7128 7.7551 -0.0000 -0.0000 0.0000 -82.2889 1.5720 3.7856 20.4747 -31.2100 -5.7753 -0.0000 -0.0000 6.4257 -3.0790 38.4322 -1.9150 -7.1250 0.0000 -0.0000 -45.6423 62.4359 -21.6713 -0.0000 -0.0000 0.0000 87.4785 0.3774 7.2770 -18.2460 28.4710 -4.6659 0.0000 -0.0000 -10.1598 -12.9774 23.3345 -5.2156 7.1250 -0.0000 -0.0000 10.0199 -6.4041 8.9816
6.6033 17.9850 6.6220 180.8910 4.8732 -175.5270 0.0000 0.0000 0.0000 -23.6082 -1.0569 -8.2536 1.3894 7.4578 21.0789 0.5384 -5.4137 -13.0761 0.0215 -0.9466 -2.6020 0.0000 0.0000 0.0000 11.1710 1.6622 -2.3668 -0.5265 -4.6501 12.9132 -0.1892 -6.6478 -13.2058 -0.1327 2.3483 -6.4692 -3.0053 1.3700 0.5485 -1.6591 1.8713 0.5262 -0.0237 0.9517 0.1923 -14.6937 -4.1935 -14.2516 2.3070 -2.4023 17.6799 2.9103 -1.7389 8.1154 0.0000 -0.0000 0.0000 -82.5124 1.5589 3.3285 19.9391 -30.5689 -5.5004 -0.0000 -0.0000 6.4948 -2.6032 38.0246 -1.6042 -7.1250 0.0000 -0.0000 -44.6599 62.2680 -20.9255 0.0000 -0.0000 0.0000 87.5000 0.0611 7.2718 -18.1798 28.3868 -4.6344 0.0000 -0.0000 -9.8526 -14.1661 22.1909 -5.4458 7.1250 -0.0000 -0.0000 9.2298 -7.4061 8.0712
6.5927 17.9744 6.5994 180.8260 5.2242 -175.7490 0.0000 0.0000 0.0000 -23.8377 -1.3647 -7.7949 1.3967 7.4765 21.1349 0.5462 -4.7349 -13.1536 0.0582 -1.5564 -4.2812 0.0000 0.0000 0.0000 10.9872 1.9112 -1.9684 -0.5147 -4.5984 12.7666 -0.2001 -6.5458 -13.2763 -0.1053 2.0926 -5.7616 -2.8107 1.7041 0.2166 -1.9105 2.3599 0.9060 -0.3728 1.1954 0.7758 -14.4676 -3.6489 -14.0768 2.0904 -2.7015 18.1136 2.7228 -2.2618 8.2211 0.0000 -0.0000 0.0000 -82.4677 0.8989 3.1703 19.2764 -29.7606 -5.1673 -0.0000 -0.0000 6.9206 -2.4155 37.9019 -1.4844 -7.1250 0.0000 -0.0000 -44.3242 62.2281 -20.6920 0.0000 -0.0000 0.0000 87.9791 0.6096 5.1279 -17.5989 27.6405 -4.3615 0.0000 -0.0000 -8.7210 -12.9349 22.9489 -5.1173 7.1250 -0.0000 -0.0000 10.0307 -6.7943 8.9147
6.5881 17.9618 6.5828 181.0670 5.5110 -176.0290 0.0000 0.0000 0.0000 -23.6871 -1.3987 -7.4980 1.4252 7.5492 21.3531 0.5988 -4.3020 -13.7897 0.1017 -2.0565 -5.6619 0.0000 0.0000 0.0000 11.1924 1.8432 -1.7473 -0.5240 -4.6390 12.8818 -0.1890 -6.3031 -12.8453 -0.0812 1.8385 -5.0595 -2.4547 1.8553 -0.0264 -1.9448 2.5899 1.3052 -0.5877 1.3096 1.3356 -15.2870 -3.7335 -15.6045 3.3896 -2.6981 20.6836 3.3045 -2.3195 9.4064 -0.0000 0.0000 0.0000 -82.5295 0.5705 2.5318 18.6247 -28.9497 -4.8478 -0.0000 -0.0000 7.2382 -2.7273 37.9199 -1.6769 -7.1250 0.0000 -0.0000 -44.6400 62.1603 -20.8014 -0.0000 0.0000 0.0000 88.1475 0.5345 4.7941 -17.4702 27.4735 -4.3020 0.0000 -0.0000 -8.9237 -12.8263 22.4149 -4.9617 7.1250 -0.0000 -0.0000 10.0785 -7.3404 8.8498
6.5909 17.9560 6.5800 181.3440 5.2675 -176.1600 0.0000 0.0000 0.0000 -23.3359 -1.4501 -7.4113 1.4675 7.6556 21.6727 0.6190 -4.4854 -14.0176 0.0881 -1.9148 -5.2703 0.0000 0.0000 0.0000 11.5450 1.6345 -1.3465 -0.4965 -4.5174 12.5370 -0.1776 -6.4408 -12.7969 -0.0530 1.4853 -4.0853 -2.3488 1.5677 -0.1184 -1.6114 2.1889 1.3064 -0.3069 1.1012 1.3814 -14.5830 -4.2207 -14.2372 1.6380 -1.9711 20.8035 2.7568 -1.6295 9.1579 0.0000 -0.0000 0.0000 -83.4904 1.1759 0.9402 18.1819 -28.3895 -4.6354 -0.0000 -0.0000 7.9195 -2.2383 38.3458 -1.3891 -7.1250 0.0000 -0.0000 -44.7407 62.5948 -21.3134 0.0000 -0.0000 0.0000 87.7755 0.3008 4.6563 -17.0051 26.8645 -4.0896 0.0000 -0.0000 -8.3212 -12.0697 22.8469 -4.7460 7.1250 -0.0000 -0.0000 10.5654 -6.9963 9.3645
6.6045 17.9580 6.5923 181.0530 5.0688 -176.0240 0.0000 0.0000 0.0000 -23.5556 -1.4736 -7.5874 1.4417 7.5909 21.4783 0.5948 -4.8208 -13.7300 0.0686 -1.6895 -4.6484 0.0000 0.0000 0.0000 11.3271 1.8763 -1.6029 -0.5291 -4.6613 12.9451 -0.1913 -6.6041 -13.1938 -0.0308 1.1322 -3.1126 -2.8627 1.3839 -0.1273 -1.7000 1.9522 1.2116 -0.1149 0.9815 1.2787 -14.6052 -4.3039 -14.8410 1.8757 -1.8754 22.4953 2.8775 -1.5951 9.8657 -0.0000 -0.0000 0.0000 -83.7455 1.3169 -0.7381 17.5007 -27.5131 -4.3161 -0.0000 -0.0000 8.5485 -2.7157 37.9103 -1.6694 -7.1250 0.0000 -0.0000 -44.6166 62.1563 -20.7839 -0.0000 -0.0000 0.0000 87.8511 0.1055 4.1547 -16.5432 26.2517 -3.8831 0.0000 -0.0000 -8.3467 -12.1268 23.2289 -4.8440 7.1250 -0.0000 -0.0000 10.5430 -6.6098 9.4243
6.6031 17.9638 6.5774 181.3930 5.2250 -176.1920 0.0000 0.0000 0.0000 -23.2304 -1.5587 -7.3504 1.4699 7.6614 21.6903 0.5984 -4.3404 -13.7833 0.0490 -1.4282 -3.9278 0.0000 0.0000 0.0000 11.6865 1.7800 -1.1224 -0.4791 -4.4390 12.3151 -0.1772 -6.6807 -13.0436 -0.0695 1.7007 -4.6792 -2.4034 1.4548 -0.1779 -1.7607 2.0582 1.4635 -0.4263 1.0383 1.5815 -14.3167 -4.3016 -15.1328 2.0231 -1.9298 22.8100 2.8789 -1.5938 10.0298 0.0000 -0.0000 0.0000 -83.8621 1.6394 -1.0994 17.2733 -27.2166 -4.2116 -0.0000 -0.0000 8.6328 -2.3476 38.1241 -1.4499 -7.1250 0.0000 -0.0000 -44.5503 62.4064 -21.0071 0.0000 -0.0000 0.0000 88.1079 0.3503 3.3541 -16.1432 25.7145 -3.7079 0.0000 -0.0000 -7.9305 -12.4336 23.5672 -5.0378 7.1250 -0.0000 -0.0000 10.3658 -6.2371 9.3361
6.6126 17.9714 6.5898 181.4390 5.4453 -175.9760 0.0000 0.0000 0.0000 -23.1367 -1.3991 -7.6886 1.4678 7.6563 21.6748 0.5984 -4.3739 -13.7822 0.0878 -1.9113 -5.2606 0.0000 0.0000 0.0000 11.7503 2.0071 -1.4766 -0.4886 -4.4818 12.4362 -0.1752 -6.5895 -12.9138 -0.1539 2.5276 -6.9663 -2.6285 1.4799 0.2314 -1.6905 2.0617 1.1888 -0.2456 1.0404 1.0595 -14.5483 -4.2651 -15.2622 2.6460 -2.0324 22.4388 3.1163 -1.5995 9.9307 0.0000 -0.0000 0.0000 -84.3050 2.6377 -1.6862 17.1601 -27.0683 -4.1599 -0.0000 -0.0000 8.9825 -2.8069 37.2502 -1.6999 -7.1250 0.0000 -0.0000 -43.8615 61.6532 -19.8349 0.0000 -0.0000 0.0000 88.1772 -0.4125 3.4433 -16.2393 25.8441 -3.7497 0.0000 -0.0000 -7.5624 -13.0491 22.4589 -5.0598 7.1250 -0.0000 -0.0000 9.9407 -7.2705 8.7387
6.6232 17.9756 6.6090 181.5180 5.5858 -175.8870 0.0000 0.0000 0.0000 -23.0090 -1.5005 -7.8730 1.4796 7.6857 21.7634 0.6283 -4.3691 -14.1295 0.1175 -2.2100 -6.0864 0.0000 0.0000 0.0000 11.8997 2.4278 -1.5159 -0.4878 -4.4785 12.4269 -0.1398 -6.8864 -12.6357 -0.0543 1.5039 -4.1364 -2.9472 1.4382 0.5317 -1.4523 1.9857 1.1732 0.1665 0.9980 0.8573 -15.0261 -4.1092 -14.9277 3.3786 -2.1519 20.3590 3.3985 -1.5973 9.1460 0.0000 0.0000 0.0000 -84.9803 3.3392 -2.3834 17.0245 -26.8901 -4.0984 -0.0000 -0.0000 9.2962 -2.9093 37.3915 -1.7677 -7.1250 0.0000 -0.0000 -44.1352 61.7304 -20.0672 0.0000 0.0000 0.0000 87.8656 -1.0857 3.5044 -16.4615 26.1424 -3.8470 0.0000 -0.0000 -8.2923 -11.5832 23.3858 -4.6510 7.1250 -0.0000 -0.0000 10.8849 -6.5163 9.7615
6.6281 17.9792 6.6138 181.2730 5.8583 -175.8430 0.0000 0.0000 0.0000 -23.2900 -1.3367 -7.8311 1.4382 7.5820 21.4513 0.6023 -3.9490 -13.8504 0.0869 -1.9011 -5.2325 0.0000 0.0000 0.0000 11.5477 2.3135 -1.7086 -0.4889 -4.4834 12.4408 -0.1860 -6.4024 -12.8972 -0.0895 1.9298 -5.3116 -3.7004 0.9676 1.1977 -0.9579 1.2878 0.6786 1.0749 0.6517 -0.0338 -15.8946 -3.8473 -14.3188 3.5008 -1.8978 17.7616 3.5681 -1.4716 8.1326 -0.0000 -0.0000 0.0000 -86.4098 5.1147 -4.6709 17.0013 -26.8595 -4.0879 -0.0000 -0.0000 9.3415 -3.4717 37.0389 -2.0928 -7.1250 0.0000 -0.0000 -44.2216 61.3311 -19.6965 -0.0000 -0.0000 0.0000 86.8525 -3.7968 5.6754 -17.4181 27.4057 -4.2780 0.0000 -0.0000 -9.7697 -11.7488 23.1871 -4.6814 7.1250 -0.0000 -0.0000 10.7758 -6.6947 9.6221
6.6139 17.9886 6.6177 181.1880 5.3552 -175.5650 0.0000 0.0000 0.0000 -23.4050 -2.1699 -7.7974 1.4105 7.5119 21.2410 0.5835 -3.8437 -13.6340 0.0234 -0.9868 -2.7126 0.0000 0.0000 0.0000 11.4154 1.6681 -2.1577 -0.4805 -4.4454 12.3331 -0.1966 -6.1429 -12.8088 -0.0933 1.9703 -5.4235 -3.4689 0.9261 1.5001 -1.2383 1.2254 0.5969 0.6529 0.6290 -0.2733 -15.1018 -4.1711 -15.4413 3.8614 -2.5655 16.5801 3.4589 -1.7038 7.9760 0.0000 -0.0000 0.0000 -85.9704 5.3800 -4.4148 16.6191 -26.3529 -3.9168 -0.0000 -0.0000 9.5426 -3.7495 37.4740 -2.2833 -7.1250 0.0000 -0.0000 -45.0243 61.5765 -20.4016 0.0000 -0.0000 0.0000 87.2169 -2.7513 4.1057 -16.4748 26.1602 -3.8529 0.0000 -0.0000 -8.0183 -12.4174 22.8413 -4.8852 7.1250 -0.0000 -0.0000 10.3488 -6.9622 9.1728
6.6319 17.9963 6.6273 181.4600 5.9574 -175.3590 0.0000 0.0000 0.0000 -23.0829 -1.9419 -8.2057 1.4364 7.5775 21.4379 0.6220 -3.7349 -14.0974 0.1227 -2.2580 -6.2193 0.0000 0.0000 0.0000 11.7430 2.2569 -1.8272 -0.4123 -4.1219 11.4199 -0.1175 -6.6073 -11.9217 -0.1048 2.0879 -5.7485 -3.6556 1.2095 1.7157 -1.0731 1.5738 0.3234 0.9103 0.8085 -0.6973 -14.0495 -4.2478 -15.0553 3.6562 -3.0259 15.1629 3.1560 -1.8575 7.4516 0.0000 0.0000 0.0000 -85.9253 5.3845 -5.3254 15.6595 -25.0568 -3.5005 -0.0000 -0.0000 10.6766 -3.8818 36.8870 -2.3323 -7.1250 0.0000 -0.0000 -44.4175 61.1177 -19.5783 0.0000 0.0000 0.0000 87.1508 -3.3808 3.3444 -16.2422 25.8479 -3.7509 0.0000 -0.0000 -7.3047 -12.2909 22.8482 -4.8355 7.1250 -0.0000 -0.0000 10.4278 -6.9699 9.2436
6.6130 17.9971 6.6279 182.9240 5.1258 -175.2560 0.0000 0.0000 0.0000 -21.4165 -2.8940 -8.5050 1.5896 7.9531 22.5717 0.6429 -3.8755 -14.3280 0.0582 -1.5566 -4.2817 0.0000 0.0000 0.0000 13.4160 1.4443 -0.2714 -0.2362 -3.1279 8.6349 0.0053 -7.7422 -10.9255 -0.0560 1.5270 -4.2002 -1.8733 1.0278 1.8366 -0.6961 1.3623 0.8326 0.3097 0.6890 -0.2029 -13.1030 -4.6419 -17.6081 3.3565 -3.3931 15.6424 2.8342 -2.0209 8.0573 0.0000 -0.0000 0.0000 -85.6923 3.4249 -6.8062 14.5201 -23.4734 -3.0322 -0.0000 -0.0000 11.9647 -3.6138 36.9113 -2.1722 -7.1250 0.0000 -0.0000 -44.1973 61.2023 -19.5476 0.0000 -0.0000 0.0000 87.0983 -2.0228 2.5907 -15.8084 25.2602 -3.5638 0.0000 -0.0000 -6.8772 -13.5944 22.0980 -5.1980 7.1250 -0.0000 -0.0000 9.5851 -7.5678 8.3602
6.6290 18.0007 6.6275 183.1110 5.4994 -175.1410 0.0000 0.0000 0.0000 -21.1645 -2.4509 -8.8420 1.6147 8.0127 22.7525 0.6431 -3.7631 -14.3398 0.0772 -1.7924 -4.9322 0.0000 0.0000 0.0000 13.6821 2.0748 0.1133 -0.2009 -2.8858 7.9611 0.0364 -8.1490 -10.8474 -0.1954 2.8463 -7.8512 -1.6772 1.4244 1.8058 -0.9836 1.9046 0.9446 -0.1025 0.9633 -0.0652 -11.8803 -4.9232 -18.4182 3.3852 -4.0325 16.0416 2.5578 -2.2637 8.3529 0.0000 0.0000 0.0000 -84.4239 2.0255 -6.5670 13.5709 -22.1180 -2.6644 -0.0000 -0.0000 12.9389 -3.4287 37.1280 -2.0711 -7.1250 0.0000 -0.0000 -44.2916 61.4068 -19.8147 0.0000 0.0000 0.0000 87.8957 -1.2070 1.3285 -15.3996 24.6998 -3.3912 0.0000 -0.0000 -6.4346 -14.1857 21.0184 -5.1804 7.1250 -0.0000 -0.0000 9.1705 -8.5836 7.8023
6.6305 18.0111 6.6514 183.2200 4.5713 -175.0000 0.0000 0.0000 0.0000 -20.8524 -2.5109 -9.1540 1.6068 7.9941 22.6961 0.6207 -4.7588 -14.0307 0.0511 -1.4595 -4.0141 0.0000 0.0000 0.0000 13.9060 1.5335 -0.0845 -0.2022 -2.8957 7.9884 0.0211 -8.1841 -11.2326 -0.0948 1.9854 -5.4652 -1.4685 1.2746 1.8968 -1.0427 1.7000 0.7790 -0.2805 0.8620 -0.2758 -11.7472 -4.9099 -18.0026 3.8996 -4.2025 16.8514 2.7008 -2.2995 8.5759 0.0000 -0.0000 0.0000 -83.8454 1.1418 -5.8890 13.1961 -21.5739 -2.5250 -0.0000 -0.0000 13.4087 -3.2400 38.4477 -2.0160 -7.1250 0.0000 -0.0000 -45.8128 62.4046 -21.7376 0.0000 -0.0000 0.0000 88.1314 -1.0531 0.5848 -15.1934 24.4148 -3.3054 0.0000 -0.0000 -7.1696 -12.5278 21.6377 -4.6841 7.1250 -0.0000 -0.0000 10.2406 -8.1502 8.8314
6.6381 18.0064 6.6739 181.9890 4.9619 -174.9290 0.0000 0.0000 0.0000 -22.2114 -1.8894 -9.2039 1.4986 7.7325 21.9046 0.5612 -4.9040 -13.3345 0.0449 -1.3677 -3.7611 0.0000 0.0000 0.0000 12.4996 1.9513 -1.6872 -0.3501 -3.8016 10.5191 -0.0862 -7.2772 -12.1343 -0.0478 1.4105 -3.8791 -2.9088 1.4327 1.8255 -1.2943 1.8920 0.5520 0.2600 0.9648 -0.5066 -12.0718 -4.9120 -17.7758 4.2348 -4.1700 18.2368 2.8885 -2.2815 9.0263 0.0000 -0.0000 0.0000 -83.5845 0.8102 -3.6667 13.3605 -21.8131 -2.5857 -0.0000 -0.0000 12.7933 -2.3017 39.4311 -1.4624 -7.1250 0.0000 -0.0000 -46.2864 63.3483 -23.0264 0.0000 -0.0000 0.0000 88.0747 -1.3127 2.8869 -15.3835 24.6776 -3.3844 0.0000 -0.0000 -6.1992 -15.3804 20.4724 -5.4955 7.1250 -0.0000 -0.0000 8.3870 -8.9951 7.0506
6.6334 18.0138 6.6707 181.9210 5.2338 -174.9640 0.0000 0.0000 0.0000 -22.3307 -1.5003 -9.0923 1.4504 7.6127 21.5437 0.5407 -4.9120 -13.0888 0.0485 -1.4218 -3.9103 0.0000 0.0000 0.0000 12.4271 2.2348 -2.1591 -0.4059 -4.0900 11.3299 -0.1030 -7.1712 -12.3126 -0.1438 2.4438 -6.7337 -2.9858 1.5151 1.4990 -1.2632 2.0176 0.6621 0.3435 1.0235 -0.2179 -12.4559 -4.9368 -17.7231 4.8686 -4.2020 19.5083 3.1856 -2.2606 9.4868 0.0000 0.0000 0.0000 -83.4466 -0.0373 -1.6477 13.6835 -22.2804 -2.7069 -0.0000 -0.0000 12.3645 -1.8339 39.4176 -1.1647 -7.1250 0.0000 -0.0000 -45.8302 63.4657 -22.8729 0.0000 0.0000 0.0000 87.9819 -2.2232 5.0739 -16.4491 26.1259 -3.8416 0.0000 -0.0000 -7.8897 -14.4204 20.9679 -5.2573 7.1250 -0.0000 -0.0000 9.0193 -8.6072 7.6660
6.6113 18.0103 6.6456 181.9100 5.7803 -175.2490 0.0000 0.0000 0.0000 -22.5387 -1.6258 -8.5725 1.4525 7.6181 21.5599 0.5749 -4.2990 -13.5074 0.0000 -0.0246 -0.0675 0.0000 0.0000 0.0000 12.3136 2.2110 -1.9511 -0.4072 -4.0964 11.3479 -0.0890 -7.0530 -11.9139 -0.2597 3.2785 -9.0551 -2.6917 1.6274 1.0407 -1.2957 2.1971 0.8912 0.1622 1.1079 0.2807 -11.9470 -4.7041 -17.0370 4.3061 -3.9339 19.7933 2.9556 -2.1537 9.4146 -0.0000 0.0000 0.0000 -83.2869 -0.4922 1.5905 14.6492 -23.6552 -3.0838 -0.0000 -0.0000 10.2350 -1.8195 39.6614 -1.1615 -7.1250 0.0000 -0.0000 -46.1636 63.6409 -23.2611 -0.0000 0.0000 0.0000 88.1052 -0.6176 5.9808 -16.1330 25.7007 -3.7035 0.0000 -0.0000 -7.8625 -14.0458 22.0804 -5.3725 7.1250 -0.0000 -0.0000 9.3007 -7.5318 8.1118
6.6048 17.9995 6.6670 181.5750 4.4403 -175.1750 0.0000 0.0000 0.0000 -22.7257 -1.7393 -8.7980 1.4444 7.5977 21.4987 0.5200 -5.3685 -12.8517 0.0365 -1.2338 -3.3924 0.0000 0.0000 0.0000 12.0403 1.6801 -2.2147 -0.4457 -4.2832 11.8748 -0.1255 -7.2576 -12.8116 -0.1202 2.2347 -6.1548 -2.8656 1.1189 0.8930 -1.2490 1.5256 0.9379 0.3178 0.7695 0.4208 -11.8919 -4.7294 -16.7726 3.9322 -3.8824 20.2981 2.8327 -2.1616 9.5339 -0.0000 -0.0000 0.0000 -83.4770 -0.8162 4.5484 15.8347 -25.2961 -3.5751 -0.0000 -0.0000 8.7721 -1.1867 39.2665 -0.7512 -7.1250 0.0000 -0.0000 -45.0095 63.5346 -22.4478 -0.0000 -0.0000 0.0000 87.8641 -0.3464 8.7508 -16.7958 26.5878 -3.9955 0.0000 -0.0000 -8.8424 -14.0072 21.6997 -5.2699 7.1250 -0.0000 -0.0000 9.3095 -7.9190 8.0479
6.5667 17.9898 6.6052 181.5130 5.6354 -175.5320 0.0000 0.0000 0.0000 -23.2234 -1.9231 -8.0290 1.4537 7.6211 21.5689 0.5948 -3.9141 -13.7645 0.0633 -1.6235 -4.4663 0.0000 0.0000 0.0000 11.6376 2.0085 -1.6646 -0.4228 -4.1731 11.5641 -0.1393 -6.7478 -12.4728 -0.0919 1.9551 -5.3817 -2.4779 1.3328 0.3918 -1.2123 1.8315 1.0978 0.1527 0.9179 0.8679 -12.5391 -4.5662 -16.8438 4.0536 -3.4436 20.9395 3.0515 -1.9896 9.7568 -0.0000 0.0000 0.0000 -83.7153 -0.7988 7.0783 17.3035 -27.2562 -4.2254 -0.0000 -0.0000 7.6789 -2.6148 39.7538 -1.6728 -7.1250 0.0000 -0.0000 -47.0365 63.4880 -23.6358 -0.0000 0.0000 0.0000 88.0611 -0.1057 10.3596 -17.4822 27.4891 -4.3076 0.0000 -0.0000 -8.8688 -13.3410 22.1379 -5.1067 7.1250 -0.0000 -0.0000 9.7458 -7.5576 8.5066
6.5813 17.9943 6.6251 181.7940 6.2195 -175.3960 0.0000 0.0000 0.0000 -22.8316 -1.1913 -8.6078 1.4832 7.6944 21.7898 0.6241 -4.3886 -14.0809 0.1088 -2.1268 -5.8561 0.0000 0.0000 0.0000 12.0158 2.8459 -1.6757 -0.4171 -4.1454 11.4861 -0.1214 -6.9540 -12.3890 -0.1032 2.0715 -5.7032 -2.2309 1.5207 0.0917 -1.2214 2.0941 1.2093 0.0171 1.0481 1.1540 -12.1288 -4.4784 -16.7864 3.7498 -3.3712 20.8443 2.8863 -1.9561 9.6910 -0.0000 0.0000 0.0000 -83.5837 -1.0819 10.2078 18.7745 -29.1375 -4.9206 -0.0000 -0.0000 6.1917 -1.3412 40.2544 -0.8668 -7.1250 0.0000 -0.0000 -46.5808 64.1861 -24.0952 -0.0000 0.0000 0.0000 88.4723 -0.1155 11.6868 -18.3570 28.6118 -4.7189 0.0000 -0.0000 -10.4530 -11.6575 22.7106 -4.5542 7.1250 -0.0000 -0.0000 10.8176 -7.1783 9.5574
6.5966 17.9936 6.6629 182.2470 5.6714 -175.4190 0.0000 0.0000 0.0000 -22.0940 -0.6872 -9.2103 1.5579 7.8770 22.3413 0.6080 -5.5233 -13.8917 0.1356 -2.3736 -6.5393 0.0000 0.0000 0.0000 12.6991 2.4611 -1.1974 -0.3591 -3.8498 10.6546 -0.0814 -7.3791 -12.1711 -0.0701 1.7083 -4.7002 -2.6287 0.7045 0.6271 -0.1106 0.9339 0.4375 1.3541 0.4651 0.0567 -13.3969 -3.6933 -14.4657 3.3500 -2.0865 20.2035 3.1352 -1.4505 8.9589 -0.0000 0.0000 0.0000 -85.2852 0.6212 10.6367 20.0289 -30.6771 -5.5461 -0.0000 -0.0000 5.3887 -0.6488 38.8888 -0.4073 -7.1250 0.0000 -0.0000 -43.9750 63.4095 -21.7013 -0.0000 0.0000 0.0000 86.9891 -1.9808 16.2127 -19.3704 29.8764 -5.2141 0.0000 -0.0000 -9.8982 -15.2578 21.0292 -5.5906 7.1250 -0.0000 -0.0000 8.4891 -8.4458 7.2321
6.5687 17.9931 6.6353 182.2450 6.7469 -175.4900 0.0000 0.0000 0.0000 -22.3853 -0.8541 -8.8517 1.5339 7.8192 22.1661 0.6257 -4.0280 -14.1179 0.0461 -1.3860 -3.8116 0.0000 0.0000 0.0000 12.4722 3.1783 -1.1404 -0.3647 -3.8794 10.7376 -0.0581 -7.3415 -11.6817 -0.0609 1.5925 -4.3808 -2.2103 0.9271 0.2883 -0.1845 1.2442 0.5766 1.0496 0.6168 0.3860 -13.0184 -3.5462 -14.5978 2.8022 -1.8811 19.5812 2.8979 -1.3757 8.7407 -0.0000 -0.0000 0.0000 -85.3658 0.2977 12.3839 20.8303 -31.6298 -5.9607 -0.0000 -0.0000 4.9421 -0.4877 37.0597 -0.2939 -7.1250 0.0000 -0.0000 -41.4253 62.1036 -18.9500 -0.0000 -0.0000 0.0000 86.9558 -1.9971 17.5031 -19.7195 30.3029 -5.3891 0.0000 -0.0000 -11.1596 -14.1540 21.4131 -5.2604 7.1250 -0.0000 -0.0000 9.2056 -8.1901 7.9057
6.5691 17.9870 6.6502 181.9810 6.4844 -175.3450 0.0000 0.0000 0.0000 -22.6176 -0.7155 -9.0083 1.4859 7.7013 21.8104 0.5861 -4.5055 -13.6335 0.1211 -2.2433 -6.1786 0.0000 0.0000 0.0000 12.1982 3.3648 -1.7711 -0.4316 -4.2159 11.6848 -0.1115 -7.2170 -12.5201 -0.0991 2.0302 -5.5890 -2.5356 0.6007 0.2216 -0.0616 0.8081 0.5133 1.3583 0.3974 0.3675 -13.4855 -3.5009 -15.1571 2.9066 -1.6433 19.7448 3.0374 -1.2932 8.8875 -0.0000 0.0000 0.0000 -85.6486 0.3505 13.6470 21.6803 -32.6138 -6.4127 -0.0000 -0.0000 4.5751 -0.3821 37.4845 -0.2325 -7.1250 0.0000 -0.0000 -41.8589 62.4489 -19.5269 -0.0000 0.0000 0.0000 86.8944 -1.3105 18.7989 -19.1227 29.5709 -5.0913 0.0000 -0.0000 -10.2740 -15.0972 21.9140 -5.7492 7.1250 -0.0000 -0.0000 8.6314 -7.5706 7.5069
6.5568 17.9970 6.6508 181.9920 6.3909 -175.2860 0.0000 0.0000 0.0000 -22.6606 -1.0848 -8.9454 1.5012 7.7389 21.9239 0.5991 -4.2858 -13.7941 0.0793 -1.8161 -4.9977 0.0000 0.0000 0.0000 12.1564 3.0554 -1.6234 -0.3922 -4.0210 11.1359 -0.1056 -7.0287 -12.1926 -0.1128 2.1657 -5.9638 -2.3198 0.2478 0.2279 0.0140 0.3325 0.3539 1.3142 0.1622 0.2214 -13.6478 -3.1986 -15.7419 3.0009 -1.1167 19.9455 3.1631 -1.0546 9.0182 -0.0000 -0.0000 0.0000 -85.8164 0.5437 14.2151 22.0116 -32.9902 -6.5922 -0.0000 -0.0000 4.4804 0.7878 35.5582 0.4581 -7.1250 0.0000 -0.0000 -38.4050 61.2738 -16.5752 -0.0000 -0.0000 0.0000 86.6014 -1.3091 19.6286 -18.9493 29.3556 -5.0059 0.0000 -0.0000 -11.6210 -12.1109 22.5569 -4.7056 7.1250 -0.0000 -0.0000 10.5302 -7.2804 9.2730
6.5532 17.9914 6.6463 182.0660 6.9110 -175.2880 0.0000 0.0000 0.0000 -22.6281 -0.7090 -8.9477 1.4709 7.6639 21.6978 0.5947 -4.2634 -13.7440 0.0828 -1.8559 -5.1075 0.0000 0.0000 0.0000 12.1769 3.3226 -1.8499 -0.4150 -4.1353 11.4577 -0.1147 -6.8078 -12.1004 -0.1245 2.2748 -6.2657 -2.2841 0.3413 0.1489 0.1463 0.4564 0.2750 1.4298 0.2245 0.1791 -14.1502 -3.2146 -15.5643 3.1539 -1.0911 19.5924 3.2943 -1.0549 8.8690 -0.0000 0.0000 0.0000 -85.9874 0.4825 14.8490 21.7192 -32.6582 -6.4337 -0.0000 -0.0000 5.0687 -0.4084 36.9500 -0.2455 -7.1250 0.0000 -0.0000 -41.2132 62.0413 -18.7739 -0.0000 0.0000 0.0000 86.4992 -1.2619 20.1917 -18.4022 28.6691 -4.7406 0.0000 -0.0000 -11.0172 -12.0167 23.3075 -4.8142 7.1250 -0.0000 -0.0000 10.6140 -6.5443 9.5037
6.5550 17.9997 6.6633 182.0010 6.5540 -175.0750 0.0000 0.0000 0.0000 -22.6463 -0.8288 -9.2000 1.4640 7.6467 21.6461 0.5713 -4.3158 -13.4640 0.0904 -1.9387 -5.3363 0.0000 0.0000 0.0000 12.1472 3.3251 -2.0470 -0.4163 -4.1416 11.4753 -0.1103 -7.0991 -12.3591 -0.0915 1.9514 -5.3713 -2.4400 0.0838 0.2198 0.2827 0.1080 0.1160 1.6569 0.0533 -0.0095 -14.3706 -3.1579 -16.1014 3.1700 -0.8742 19.7300 3.3634 -0.9736 8.9971 0.0000 -0.0000 0.0000 -86.2752 0.2672 14.7188 21.2615 -32.1323 -6.1884 -0.0000 -0.0000 5.4252 -1.9908 36.9744 -1.1977 -7.1250 0.0000 -0.0000 -42.7496 61.6569 -19.2282 0.0000 -0.0000 0.0000 86.4219 -0.9702 20.1998 -17.7472 27.8323 -4.4306 0.0000 -0.0000 -10.3389 -12.1005 23.1558 -4.8190 7.1250 -0.0000 -0.0000 10.5567 -6.6856 9.4212
6.5469 18.0086 6.6641 181.4660 6.4593 -174.9860 0.0000 0.0000 0.0000 -23.2202 -0.9395 -9.2518 1.4421 7.5918 21.4808 0.5773 -4.7025 -13.5265 0.0149 -0.7892 -2.1689 0.0000 0.0000 0.0000 11.5269 3.0333 -2.3468 -0.4217 -4.1680 11.5499 -0.1078 -6.9435 -12.1320 -0.1244 2.2739 -6.2632 -3.0991 0.0104 0.6194 0.2559 -0.0105 -0.3086 1.9997 0.0098 -0.6630 -14.2092 -3.1305 -16.2865 2.8180 -0.7301 20.0886 3.2398 -0.9352 9.1438 0.0000 -0.0000 0.0000 -86.3859 0.5696 15.0058 20.6697 -31.4408 -5.8767 -0.0000 -0.0000 5.6409 -1.6155 36.5874 -0.9631 -7.1250 0.0000 -0.0000 -41.9214 61.4631 -18.5862 0.0000 -0.0000 0.0000 86.1759 -1.5321 20.1780 -17.4111 27.3966 -4.2748 0.0000 -0.0000 -10.5004 -11.9160 23.3117 -4.7737 7.1250 -0.0000 -0.0000 10.6764 -6.5518 9.5601
6.5549 18.0017 6.6722 181.8370 6.6657 -175.1470 0.0000 0.0000 0.0000 -22.7568 -0.2750 -9.3290 1.4559 7.6267 21.5857 0.5600 -4.8694 -13.3202 0.0765 -1.7846 -4.9108 0.0000 0.0000 0.0000 12.0094 3.4302 -2.0738 -0.4259 -4.1886 11.6079 -0.1084 -7.1038 -12.3302 -0.1190 2.2235 -6.1238 -2.9500 0.0356 0.6263 0.5130 0.0263 -0.1376 2.1795 0.0226 -0.4937 -14.4811 -3.1859 -16.7018 2.8246 -0.6400 20.4532 3.3039 -0.9222 9.3445 0.0000 -0.0000 0.0000 -86.7184 0.3307 14.5679 20.1747 -30.8523 -5.6207 -0.0000 -0.0000 6.0695 -1.8295 37.3259 -1.1095 -7.1250 0.0000 -0.0000 -43.0354 61.9580 -19.6904 0.0000 -0.0000 0.0000 86.2080 -1.1990 20.3332 -17.0995 26.9887 -4.1324 0.0000 -0.0000 -9.4327 -13.2473 21.7160 -4.9783 7.1250 -0.0000 -0.0000 9.7895 -7.9911 8.4613
6.5480 18.0007 6.6679 182.5360 6.5756 -175.2500 0.0000 0.0000 0.0000 -21.9934 -0.2104 -9.4140 1.5139 7.7701 22.0180 0.5898 -4.9338 -13.6723 0.1257 -2.2855 -6.2955 0.0000 0.0000 0.0000 12.7990 3.1921 -1.4839 -0.3705 -3.9098 10.8231 -0.0754 -7.2898 -11.9487 -0.1221 2.2525 -6.2040 -0.5519 0.3347 0.0721 -0.8561 0.4543 0.0394 -0.5667 0.2308 0.0026 -12.4908 -3.2317 -15.0007 2.9961 -1.6043 19.5660 2.9100 -1.1986 8.7718 -0.0000 -0.0000 0.0000 -84.0611 0.2627 15.2700 19.5532 -30.1002 -5.3054 -0.0000 -0.0000 5.9891 -1.1479 36.7004 -0.6861 -7.1250 0.0000 -0.0000 -41.6136 61.6655 -18.6221 -0.0000 -0.0000 0.0000 88.9428 -1.3110 17.6626 -16.6719 26.4232 -3.9402 0.0000 -0.0000 -9.2914 -11.8470 22.8609 -4.6589 7.1250 -0.0000 -0.0000 10.7043 -7.0077 9.4897
6.5524 17.9968 6.6688 182.1340 6.9516 -175.3540 0.0000 0.0000 0.0000 -22.4656 -0.2642 -9.2151 1.5105 7.7619 21.9931 0.5909 -4.6242 -13.6873 0.1009 -2.0486 -5.6400 0.0000 0.0000 0.0000 12.3298 3.4412 -1.5431 -0.3902 -4.0112 11.1082 -0.0919 -7.1237 -12.0533 -0.1348 2.3664 -6.5194 -0.8684 0.7882 -0.0698 -1.3249 1.0824 0.4697 -0.8632 0.5501 0.5294 -11.6203 -3.5580 -16.1892 2.7681 -2.0712 20.2571 2.6322 -1.4005 9.2477 0.0000 -0.0000 0.0000 -83.3440 -0.8303 15.4853 18.6061 -28.9263 -4.8388 -0.0000 -0.0000 6.4529 -0.8087 35.6248 -0.4711 -7.1250 0.0000 -0.0000 -40.0182 60.9323 -17.0740 0.0000 -0.0000 0.0000 89.7467 -0.8348 16.2247 -16.6318 26.3699 -3.9224 0.0000 -0.0000 -8.8831 -13.0630 22.5074 -5.0757 7.1250 -0.0000 -0.0000 9.9338 -7.2204 8.7423
6.5387 17.9899 6.6581 181.9410 6.6201 -175.2440 0.0000 0.0000 0.0000 -22.7550 -0.4171 -9.2314 1.4743 7.6724 21.7233 0.5851 -4.6499 -13.6192 0.1459 -2.4619 -6.7839 0.0000 0.0000 0.0000 12.0325 3.1755 -1.9790 -0.4261 -4.1891 11.6094 -0.1123 -6.9384 -12.2085 -0.0833 1.8612 -5.1222 -1.2989 -0.0983 -0.4350 -0.6528 -0.1147 0.0220 0.0592 -0.0553 0.2676 -12.9415 -2.8527 -14.7285 2.3500 -0.7229 20.4376 2.8855 -0.8703 8.9652 -0.0000 -0.0000 0.0000 -84.9646 0.6541 12.3201 17.9994 -28.1564 -4.5490 -0.0000 -0.0000 6.9545 -0.7283 36.8474 -0.4368 -7.1250 0.0000 -0.0000 -41.3930 61.8825 -18.7164 -0.0000 -0.0000 0.0000 87.9819 -1.7126 18.2044 -16.3685 26.0178 -3.8062 0.0000 -0.0000 -10.1657 -11.9087 23.1772 -4.7448 7.1250 -0.0000 -0.0000 10.6764 -6.6863 9.5318
6.5369 17.9843 6.6516 181.8060 6.1664 -175.2820 0.0000 0.0000 0.0000 -22.8664 -0.8646 -9.0324 1.4780 7.6816 21.7510 0.5822 -4.6558 -13.5852 0.1078 -2.1174 -5.8302 0.0000 0.0000 0.0000 11.9427 2.9352 -1.9593 -0.4378 -4.2458 11.7693 -0.1310 -6.9382 -12.5401 -0.1503 2.4981 -6.8844 -1.3409 -0.2249 -0.4726 -0.7424 -0.2788 0.1310 -0.0105 -0.1376 0.4017 -13.0916 -2.9184 -16.2156 2.4907 -0.4096 22.6449 3.0428 -0.7622 9.9999 0.0000 -0.0000 0.0000 -84.7076 0.5834 11.6850 17.1784 -27.0924 -4.1683 -0.0000 -0.0000 7.3792 -1.3670 36.7229 -0.8175 -7.1250 0.0000 -0.0000 -41.8496 61.6271 -18.7109 0.0000 -0.0000 0.0000 88.1317 -1.5617 17.0707 -16.1649 25.7438 -3.7173 0.0000 -0.0000 -9.9317 -10.9548 23.2956 -4.3774 7.1250 -0.0000 -0.0000 11.2706 -6.6757 10.0860
6.5420 17.9866 6.6453 181.7850 6.4712 -175.4650 0.0000 0.0000 0.0000 -22.8788 -0.2742 -9.0164 1.4798 7.6862 21.7651 0.5814 -4.9100 -13.5732 0.1089 -2.1281 -5.8598 0.0000 0.0000 0.0000 11.9340 3.1085 -1.7439 -0.4350 -4.2321 11.7306 -0.1240 -7.0048 -12.4928 -0.1219 2.2508 -6.1994 -1.3321 -0.2448 -0.7921 -0.8859 -0.2926 0.3075 -0.1643 -0.1451 0.7608 -13.0269 -2.7535 -16.2119 2.4345 -0.0227 23.8638 3.0961 -0.5865 10.4126 -0.0000 0.0000 0.0000 -84.5432 0.5323 10.0171 16.2815 -25.9008 -3.7681 -0.0000 -0.0000 8.5308 -3.0384 38.8446 -1.9068 -7.1250 0.0000 -0.0000 -46.1599 62.7386 -22.2999 -0.0000 0.0000 0.0000 88.4594 -1.3324 16.5940 -15.8773 25.3540 -3.5932 0.0000 -0.0000 -9.6901 -10.8907 22.7382 -4.2531 7.1250 -0.0000 -0.0000 11.2955 -7.2345 9.9842
6.5406 17.9835 6.6502 181.6980 6.6732 -175.4910 0.0000 0.0000 0.0000 -23.0319 -0.5389 -8.8728 1.4763 7.6775 21.7386 0.6024 -4.5186 -13.8242 0.1445 -2.4494 -6.7494 0.0000 0.0000 0.0000 11.8183 3.3757 -1.7974 -0.4490 -4.2992 11.9201 -0.0987 -7.2257 -12.3003 -0.1050 2.0897 -5.7536 -1.6161 -0.2025 0.6416 -0.8376 -0.2807 -0.6462 0.0524 -0.1251 -1.0174 -12.8730 -2.6759 -15.9873 1.7961 0.4465 25.3750 2.9469 -0.4182 10.9068 0.0000 0.0000 0.0000 -84.7617 2.2035 8.6303 15.6804 -25.0854 -3.5094 -0.0000 -0.0000 9.4028 -3.1644 38.2040 -1.9583 -7.1250 0.0000 -0.0000 -45.4198 62.2509 -21.3450 0.0000 0.0000 0.0000 88.5406 -2.7452 15.9904 -15.6111 24.9905 -3.4800 0.0000 -0.0000 -7.4727 -13.2039 22.2625 -5.0794 7.1250 -0.0000 -0.0000 9.8365 -7.4488 8.6094
6.5361 17.9831 6.6511 181.3970 6.5396 -175.7570 0.0000 0.0000 0.0000 -23.3497 -0.3702 -8.6215 1.4662 7.6523 21.6630 0.5887 -4.7181 -13.6605 0.0579 -1.5525 -4.2704 0.0000 0.0000 0.0000 11.4682 3.1786 -1.6770 -0.4677 -4.3866 12.1668 -0.1504 -6.7979 -12.7197 -0.1103 2.1412 -5.8961 -1.9890 -0.2044 -0.5235 -0.8765 -0.2288 0.5956 0.2144 -0.1169 0.9077 -13.3899 -2.7239 -16.6348 2.1777 0.2462 23.7551 3.0966 -0.5257 10.4401 0.0000 -0.0000 0.0000 -85.0344 0.6693 7.6639 15.4532 -24.7737 -3.4136 -0.0000 -0.0000 9.9561 -3.2770 38.7915 -2.0544 -7.1250 0.0000 -0.0000 -46.3095 62.6380 -22.2808 0.0000 -0.0000 0.0000 88.1685 -1.4833 16.5681 -15.9837 25.4985 -3.6389 0.0000 -0.0000 -9.4450 -12.7601 22.3469 -4.9213 7.1250 -0.0000 -0.0000 10.1174 -7.4159 8.8699
6.5331 17.9706 6.6613 180.9660 6.5878 -175.9310 0.0000 0.0000 0.0000 -23.8590 -0.3575 -8.3527 1.4338 7.5708 21.4179 0.6028 -4.6323 -13.8269 0.1400 -2.4117 -6.6448 0.0000 0.0000 0.0000 10.9658 3.3120 -2.0045 -0.5362 -4.6918 13.0317 -0.1852 -6.5496 -13.0381 -0.1117 2.1547 -5.9334 -2.3325 -0.1456 -0.4093 -1.1203 -0.1279 0.9452 0.1580 -0.0671 1.2008 -13.4299 -2.6569 -16.9516 2.4156 0.0128 21.2649 3.0938 -0.5955 9.6078 -0.0000 -0.0000 0.0000 -85.2280 1.5494 8.2851 16.7670 -26.5496 -3.9826 -0.0000 -0.0000 7.8327 -3.4621 40.6060 -2.2549 -7.1250 0.0000 -0.0000 -49.0640 63.8358 -25.2922 -0.0000 -0.0000 0.0000 88.4323 -2.1047 16.7193 -17.9279 28.0647 -4.5153 0.0000 -0.0000 -13.4456 -12.3111 21.1032 -4.4929 7.1250 -0.0000 -0.0000 10.3630 -8.7072 8.8242
6.5301 17.9755 6.6737 181.2680 7.1209 -175.6890 0.0000 0.0000 0.0000 -23.5470 0.0833 -8.9831 1.4811 7.6894 21.7745 0.5793 -4.5922 -13.5519 0.0789 -1.8124 -4.9874 0.0000 0.0000 0.0000 11.2377 3.5197 -2.3440 -0.5283 -4.6579 12.9355 -0.1810 -6.3271 -12.7360 -0.1243 2.2729 -6.2606 -2.1841 0.0766 -0.0862 -1.0046 0.1509 0.9074 0.1968 0.0735 0.9751 -13.0203 -2.6631 -16.4077 1.9801 -0.4392 17.1253 2.7446 -0.7436 8.1055 0.0000 -0.0000 0.0000 -85.6260 3.2486 9.9100 19.5315 -30.0738 -5.2946 -0.0000 -0.0000 6.3174 -4.4869 41.3093 -2.9653 -7.1250 0.0000 -0.0000 -51.0598 64.0143 -26.7932 0.0000 -0.0000 0.0000 88.1633 -3.9508 19.2457 -21.5907 32.5113 -6.3644 0.0000 -0.0000 -18.0503 -13.4681 20.6817 -4.8347 7.1250 -0.0000 -0.0000 9.6159 -9.0034 8.1108
6.4900 17.9530 6.6227 181.3710 7.8541 -176.0510 0.0000 0.0000 0.0000 -23.8449 -0.7655 -7.9301 1.4614 7.6403 21.6267 0.6389 -2.7370 -14.4150 0.1270 -2.2974 -6.3284 0.0000 0.0000 0.0000 11.0570 3.5143 -1.9293 -0.5140 -4.5952 12.7576 -0.1718 -6.0594 -12.3027 -0.1446 2.4506 -6.7528 -2.8265 0.5090 0.8798 -0.2318 0.6729 0.6516 1.3414 0.3334 0.1450 -13.7920 -3.0062 -16.3319 1.9340 -0.8624 14.3870 2.7695 -0.9117 7.2179 -0.0000 0.0000 0.0000 -87.0295 6.1769 13.6826 24.4320 -35.6178 -7.9568 -0.0000 -0.0000 2.0923 0.0993 42.8673 0.0676 -7.1250 0.0000 -0.0000 -49.4434 66.3608 -28.2952 -0.0000 0.0000 0.0000 86.2396 -7.6564 23.2243 -28.5553 39.6224 -10.4759 0.0000 -0.0000 -24.6812 -17.9662 18.6706 -5.9265 7.1250 -0.0000 -0.0000 6.6343 -10.5259 5.3476
6.4830 17.9721 6.6371 181.8160 7.7913 -175.6980 0.0000 0.0000 0.0000 -23.3713 -1.0911 -8.2495 1.4663 7.6526 21.6638 0.6559 -2.7156 -14.6158 0.0915 -1.9511 -5.3706 0.0000 0.0000 0.0000 11.5257 3.5268 -1.9141 -0.4573 -4.3381 12.0298 -0.1394 -6.2781 -11.9574 -0.2096 2.9475 -8.1326 -2.6655 0.5523 1.1585 0.0417 0.7133 0.4168 1.5266 0.3586 -0.2553 -14.6005 -3.0458 -17.4527 3.0644 -0.7981 13.8815 3.2722 -0.8159 7.2369 0.0000 -0.0000 0.0000 -87.2920 8.2286 16.5344 32.1010 -42.6275 -12.8091 -0.0000 0.0000 -3.9852 0.2863 45.1607 0.2030 -7.1250 0.0000 -0.0000 -53.5337 67.8456 -32.8538 0.0000 -0.0000 0.0000 86.0112 -9.8826 24.7769 -37.6235 46.5971 -16.6915 0.0000 -0.0000 -27.4406 -20.0456 17.3876 -6.2227 7.1250 -0.0000 -0.0000 5.2017 -11.6030 4.0664
6.4776 17.9829 6.6465 181.8890 7.5398 -175.4420 0.0000 0.0000 0.0000 -23.2825 -1.3025 -8.5080 1.4645 7.6481 21.6501 0.6176 -2.6989 -14.1702 0.0581 -1.5560 -4.2801 0.0000 0.0000 0.0000 11.5673 3.4478 -1.8693 -0.4155 -4.1376 11.4640 -0.1217 -6.3076 -11.6632 -0.1508 2.5020 -6.8952 -2.4151 0.9507 1.1114 -0.3403 1.2558 0.5631 0.9894 0.6295 -0.0902 -13.6878 -3.4849 -19.1533 3.0135 -1.3736 14.3726 3.0427 -1.0728 7.7262 -0.0000 0.0000 0.0000 -85.7327 8.6073 20.6232 43.2921 -49.9038 -20.9239 -0.0000 0.0000 -9.3862 -0.8468 47.0025 -0.6193 -7.1250 0.0000 -0.0000 -58.2894 68.5161 -37.2753 -0.0000 0.0000 0.0000 86.7192 -11.5847 25.5487 -51.5910 53.6174 -27.4499 0.0000 -0.0000 -28.5296 -21.9387 16.5518 -6.5458 7.1250 -0.0000 -0.0000 3.8960 -12.2455 2.9881
6.4890 17.9998 6.6815 182.0010 7.1848 -175.2740 0.0000 0.0000 0.0000 -22.9197 -0.8546 -9.1431 1.4942 7.7217 21.8720 0.6035 -3.9283 -13.8657 0.0014 -0.2374 -0.6523 0.0000 0.0000 0.0000 11.8376 3.2194 -1.6746 -0.3569 -3.8380 10.6214 -0.0817 -6.7485 -11.4071 -0.1232 2.2630 -6.2329 -2.9098 0.4234 1.2721 0.2566 0.5275 0.1146 1.8845 0.2728 -0.6243 -14.7858 -3.0914 -18.7796 3.0635 -0.5464 15.0791 3.3448 -0.7469 7.8418 -0.0000 -0.0000 0.0000 -86.3404 9.5264 21.1333 58.3627 -55.8576 -32.9823 -0.0000 0.0000 -11.1268 -2.5835 46.0462 -1.8605 -7.1250 0.0000 -0.0000 -57.7311 67.4409 -35.5830 -0.0000 -0.0000 0.0000 84.8468 -12.8208 28.7422 -68.8672 58.2434 -41.8064 0.0000 -0.0000 -30.2448 -22.7730 17.8925 -7.3493 7.1250 -0.0000 -0.0000 3.4387 -10.7098 2.7449
6.4979 18.0070 6.7164 182.0250 6.4796 -175.0020 0.0000 0.0000 0.0000 -22.7335 -0.5058 -9.8303 1.5082 7.7563 21.9764 0.5695 -4.8838 -13.4332 0.0710 -1.7188 -4.7290 0.0000 0.0000 0.0000 12.0416 3.0351 -1.7436 -0.3329 -3.7080 10.2567 -0.0162 -7.6183 -11.2062 -0.0760 1.7789 -4.8949 -3.0380 0.1486 0.8912 0.3190 0.1669 -0.1622 2.0276 0.0964 -0.6755 -14.7074 -2.9261 -16.9683 2.4922 -0.4838 15.2270 3.1516 -0.7579 7.5824 -0.0000 -0.0000 0.0000 -85.4441 7.9402 22.3646 72.4913 -58.8094 -44.8976 -0.0000 0.0000 -13.1949 -4.3351 43.6048 -2.9928 -7.1250 0.0000 -0.0000 -54.6759 65.4958 -31.0112 -0.0000 -0.0000 0.0000 84.1515 -11.8897 30.0633 -85.4667 59.9222 -56.0751 0.0000 -0.0000 -30.0433 -21.3061 19.8163 -7.5316 7.1250 -0.0000 -0.0000 4.5407 -8.8882 3.7968
6.4811 17.9976 6.7219 182.3410 6.5166 -175.4040 0.0000 0.0000 0.0000 -22.5296 -0.8616 -9.2345 1.5176 7.7793 22.0457 0.5813 -4.3671 -13.5810 0.0598 -1.5779 -4.3406 0.0000 0.0000 0.0000 12.3470 2.7829 -1.2652 -0.3162 -3.6149 9.9957 0.0023 -7.6791 -10.8999 -0.1501 2.4968 -6.8809 -2.4701 0.2573 0.3083 0.2520 0.3345 -0.0677 1.6407 0.1715 -0.2579 -14.0615 -2.9838 -14.7166 1.0282 -0.6375 16.2952 2.5638 -0.9245 7.5731 -0.0000 0.0000 0.0000 -83.6970 4.7635 24.0380 83.0728 -59.8179 -54.0045 -0.0000 0.0000 -14.7440 -4.9648 40.4844 -3.2281 -7.1250 0.0000 -0.0000 -50.2504 63.3406 -25.4949 -0.0000 0.0000 0.0000 83.6214 -9.2042 30.8458 -96.1718 59.8556 -65.3424 0.0000 -0.0000 -26.2264 -23.0206 20.8629 -8.6048 7.1250 -0.0000 -0.0000 3.5324 -7.5208 3.0456
6.4690 17.9622 6.7013 181.3950 7.8328 -176.6630 0.0000 0.0000 0.0000 -23.8727 -0.4704 -7.7175 1.4730 7.6693 21.7142 0.6069 -2.7927 -14.0288 0.1144 -2.1807 -6.0053 0.0000 0.0000 0.0000 11.1571 3.4449 -0.4882 -0.3783 -3.9503 10.9370 -0.0663 -6.8268 -11.1961 -0.1556 2.5421 -7.0064 -3.5840 0.4177 0.2354 0.2074 0.5565 0.2847 2.2208 0.2737 0.1240 -14.6540 -2.7366 -14.5507 0.8329 0.1662 18.9770 2.7211 -0.6506 8.4055 0.0000 -0.0000 0.0000 -82.1381 0.1813 24.7209 86.8709 -59.9630 -57.2905 -0.0000 0.0000 -14.1799 -1.5306 39.7643 -0.9791 -7.1250 0.0000 -0.0000 -46.0412 63.7922 -23.3451 0.0000 -0.0000 0.0000 81.7068 -4.5086 32.7426 -99.7849 59.6351 -68.4636 0.0000 -0.0000 -24.3810 -27.1653 23.6603 -11.6368 7.1250 -0.0000 -0.0000 1.2628 -3.7665 1.1774
6.4638 17.9697 6.7489 182.0410 7.5288 -176.9150 0.0000 0.0000 0.0000 -23.0601 -0.0446 -7.7957 1.5005 7.7373 21.9190 0.5994 -3.5843 -13.8443 0.0756 -1.7741 -4.8817 0.0000 0.0000 0.0000 11.9112 3.1978 -0.2837 -0.3792 -3.9550 10.9501 -0.0689 -6.7801 -11.1917 -0.0800 1.8246 -5.0212 -2.5374 0.5297 -0.5597 -0.1229 0.7421 0.7342 1.3065 0.3548 1.0356 -14.5693 -2.6864 -13.7409 1.3901 0.1443 20.5446 2.9270 -0.6244 8.7950 -0.0000 0.0000 0.0000 -79.5489 -6.0167 25.4620 85.5866 -59.9263 -56.1788 -0.0000 0.0000 -14.0813 0.5456 41.5215 0.3617 -7.1250 0.0000 -0.0000 -46.7760 65.5966 -25.6926 -0.0000 0.0000 0.0000 81.5999 1.6923 31.8671 -96.5070 59.8394 -65.6321 0.0000 -0.0000 -25.0488 -27.3144 23.1037 -11.4562 7.1250 -0.0000 -0.0000 1.0956 -4.3359 1.0098
6.4469 17.9601 6.7841 181.8140 7.4604 -177.1480 0.0000 0.0000 0.0000 -23.2951 0.0004 -7.6403 1.4765 7.6780 21.7403 0.5793 -3.8600 -13.5824 0.0351 -1.2088 -3.3234 0.0000 0.0000 0.0000 11.6190 3.1163 -0.6681 -0.4353 -4.2340 11.7360 -0.0898 -6.5274 -11.3029 -0.1395 2.4076 -6.6335 -2.5402 0.5766 -0.5048 -0.4919 0.8083 0.5999 0.9295 0.3943 0.8698 -14.3082 -2.6697 -13.5876 1.1639 0.3916 22.3083 2.8745 -0.5286 9.3702 0.0000 -0.0000 0.0000 -77.4891 -11.2056 25.6885 83.7933 -59.8539 -54.6274 -0.0000 0.0000 -18.5754 -0.4414 44.6708 -0.3103 -7.1250 0.0000 -0.0000 -53.2160 67.3237 -32.0393 0.0000 -0.0000 0.0000 80.8439 7.3076 31.3365 -90.7130 59.9981 -60.6174 0.0000 -0.0000 -29.7207 -24.7753 17.0859 -7.7224 7.1250 -0.0000 -0.0000 2.0550 -11.2866 1.6142
6.4262 17.9542 6.8160 181.4470 7.1885 -177.3380 0.0000 0.0000 0.0000 -23.7845 -0.2568 -7.5342 1.4715 7.6655 21.7027 0.5808 -3.5665 -13.6237 0.1230 -2.2609 -6.2273 0.0000 0.0000 0.0000 11.0999 2.6954 -0.9214 -0.4649 -4.3734 12.1296 -0.0994 -6.3062 -11.2328 -0.0764 1.7825 -4.9050 -1.9439 0.0854 -0.3911 -1.1799 0.1577 0.3964 -0.1168 0.0831 0.6235 -14.7455 -2.1820 -13.6781 2.1444 1.1463 23.8259 3.4232 -0.1292 9.8502 0.0000 -0.0000 0.0000 -74.8744 -14.3032 25.3115 87.6688 -59.9795 -57.9812 -0.0000 0.0000 -20.1390 2.6925 46.9622 1.9686 -7.1250 0.0000 -0.0000 -55.2947 69.6651 -36.2064 0.0000 -0.0000 0.0000 81.1841 11.3828 32.5260 -89.1726 59.9974 -59.2835 0.0000 -0.0000 -28.0093 -21.8593 14.6480 -5.7927 7.1250 -0.0000 -0.0000 3.8384 -14.2764 2.7797
6.4214 17.9637 6.8600 181.7970 7.6422 -177.1860 0.0000 0.0000 0.0000 -23.3000 0.0850 -8.2769 1.5502 7.8585 22.2851 0.5672 -4.0921 -13.4231 0.0047 -0.4415 -1.2130 0.0000 0.0000 0.0000 11.5112 3.2435 -1.0802 -0.4502 -4.3046 11.9353 -0.0904 -6.4612 -11.2365 -0.1472 2.4726 -6.8137 -1.7002 0.5687 -0.1819 -1.2599 0.7920 0.2377 -0.3328 0.4035 0.3403 -14.4281 -2.7604 -11.8524 0.9746 0.1075 22.0442 2.7930 -0.6427 8.9877 0.0000 0.0000 0.0000 -73.7936 -17.7477 26.0955 95.1166 -59.9008 -64.4296 -0.0000 0.0000 -18.8159 -0.6658 43.9092 -0.4618 -7.1250 0.0000 -0.0000 -51.9910 66.7894 -30.5562 0.0000 0.0000 0.0000 80.8901 12.5667 32.3624 -97.6375 59.7784 -66.6094 0.0000 -0.0000 -25.4117 -23.2728 18.1182 -7.6183 7.1250 -0.0000 -0.0000 3.1289 -10.3977 2.5167
6.4362 17.9500 6.8806 181.7490 8.1610 -177.3990 0.0000 0.0000 0.0000 -23.3856 -0.1061 -7.9930 1.5409 7.8361 22.2174 0.5948 -3.3050 -13.8177 0.0598 -1.5784 -4.3418 0.0000 0.0000 0.0000 11.5503 3.6462 -0.8598 -0.4470 -4.2898 11.8933 -0.0790 -6.4997 -11.0541 -0.0909 1.9444 -5.3520 -2.5674 1.7705 -0.2502 -1.2268 2.4449 1.2558 0.2147 1.2181 1.3745 -13.7622 -4.0607 -14.1377 0.2978 -1.4623 21.9400 2.2399 -1.4658 9.4902 -0.0000 -0.0000 0.0000 -73.7926 -23.5230 28.7517 101.5687 -59.4882 -70.0016 -0.0000 0.0000 -19.7291 1.6421 41.1865 1.0815 -7.1250 0.0000 -0.0000 -45.2039 65.6858 -24.7572 -0.0000 -0.0000 0.0000 80.0462 14.6535 29.7728 -108.6580 58.6429 -76.0847 0.0000 -0.0000 -26.2345 -24.6738 20.6229 -9.1911 7.1250 -0.0000 -0.0000 2.4562 -7.5004 2.1166
6.4353 17.9728 6.8959 182.0100 8.1749 -177.1830 0.0000 0.0000 0.0000 -23.1624 -0.6532 -7.8364 1.4912 7.7144 21.8498 0.5866 -2.5711 -13.8171 0.1198 -2.2311 -6.1449 0.0000 0.0000 0.0000 11.8737 3.8142 -1.3670 -0.4804 -4.4446 12.3309 -0.0446 -6.8647 -10.7975 -0.0678 1.6794 -4.6204 -2.5408 1.7541 -0.0762 -1.0238 2.3981 1.0323 0.3961 1.1944 1.0407 -14.5829 -3.9707 -14.0603 1.1239 -1.3817 21.7718 2.6690 -1.4066 9.4232 -0.0000 -0.0000 0.0000 -73.6745 -25.1607 28.4730 106.7792 -58.9090 -74.4780 -0.0000 0.0000 -19.8223 0.9691 39.9366 0.6221 -7.1250 0.0000 -0.0000 -43.9279 64.6090 -22.8756 -0.0000 -0.0000 0.0000 79.5352 15.4646 30.6672 -115.9675 57.2921 -82.2840 0.0000 -0.0000 -25.9634 -26.7851 22.7886 -11.0634 7.1250 -0.0000 -0.0000 1.3817 -4.7832 1.2620
6.4478 17.9794 6.9036 181.9050 7.9868 -177.1170 0.0000 0.0000 0.0000 -23.1874 0.0865 -8.2745 1.5026 7.7424 21.9344 0.5464 -3.2136 -13.2356 0.0964 -2.0018 -5.5107 0.0000 0.0000 0.0000 11.7991 4.0088 -1.0509 -0.4461 -4.2852 11.8806 -0.0346 -7.2825 -11.1347 -0.1093 2.1316 -5.8694 -3.0214 1.5586 0.1291 -0.9651 2.1123 0.5290 0.7065 1.0571 0.3976 -14.3033 -3.7423 -12.8360 0.4626 -1.1999 20.9473 2.4176 -1.3172 8.8924 0.0000 0.0000 0.0000 -73.4784 -26.0692 27.6363 108.4344 -58.6762 -75.8937 -0.0000 0.0000 -18.4354 0.3177 36.6157 0.1895 -7.1250 0.0000 -0.0000 -40.1056 61.9729 -18.1118 0.0000 0.0000 0.0000 79.3381 15.7768 31.7822 -118.9473 56.5840 -84.7816 0.0000 -0.0000 -24.0916 -28.3910 23.5454 -12.1840 7.1250 -0.0000 -0.0000 0.4944 -3.6299 0.4622
6.4442 17.9826 6.9250 182.1600 7.6965 -176.9210 0.0000 0.0000 0.0000 -22.7854 0.7578 -9.1093 1.5662 7.8970 22.4018 0.5480 -4.5920 -13.1768 0.0745 -1.7612 -4.8461 0.0000 0.0000 0.0000 12.0254 3.8212 -0.6451 -0.3665 -3.8886 10.7636 -0.0244 -7.3603 -11.0252 -0.0589 1.5664 -4.3089 -1.8742 1.7125 -1.5425 -1.8829 2.4261 1.2687 -0.7986 1.2217 2.1708 -12.9212 -3.7890 -11.9568 1.1244 -2.0840 19.5391 2.3115 -1.5677 8.2717 0.0000 0.0000 0.0000 -71.8723 -28.9711 27.7364 106.5764 -58.9359 -74.3043 -0.0000 0.0000 -17.9352 2.3339 36.5324 1.3898 -7.1250 0.0000 -0.0000 -38.0428 62.4246 -17.4292 0.0000 0.0000 0.0000 80.6093 18.1499 31.0502 -116.3502 57.2066 -82.6059 0.0000 -0.0000 -22.0677 -28.4218 24.4411 -12.6215 7.1250 -0.0000 -0.0000 0.6067 -2.6524 0.5780
6.4263 17.9893 6.9270 181.9850 7.3652 -176.8270 0.0000 0.0000 0.0000 -23.0971 -0.4813 -8.6345 1.5136 7.7695 22.0162 0.5499 -3.5287 -13.2495 0.0130 -0.7363 -2.0236 0.0000 0.0000 0.0000 11.7270 3.5044 -1.0423 -0.3872 -3.9959 11.0651 -0.0410 -7.1470 -11.0885 -0.0679 1.6807 -4.6241 -2.5963 1.1496 -1.0044 -1.3326 1.6255 0.7470 0.1231 0.8096 1.2959 -13.4734 -3.4928 -12.7062 0.6989 -1.2606 20.1553 2.3495 -1.2618 8.5733 -0.0000 -0.0000 0.0000 -73.5260 -28.1276 26.7314 100.7486 -59.5589 -69.2948 -0.0000 0.0000 -14.2015 4.9572 34.8346 2.8364 -7.1250 0.0000 -0.0000 -33.4863 61.7287 -14.5182 -0.0000 -0.0000 0.0000 79.8810 18.7871 32.2130 -110.4277 58.3630 -77.5937 0.0000 -0.0000 -21.3068 -26.9088 23.9154 -11.6260 7.1250 -0.0000 -0.0000 1.4550 -3.5458 1.3626
6.4284 17.9835 6.9356 181.5730 7.6150 -177.0600 0.0000 0.0000 0.0000 -23.5490 -0.0425 -8.5035 1.4974 7.7297 21.8961 0.5367 -3.7221 -13.0705 0.0480 -1.4142 -3.8893 0.0000 0.0000 0.0000 11.2725 3.4801 -1.2772 -0.4351 -4.2328 11.7326 -0.0604 -6.9106 -11.1815 -0.0943 1.9809 -5.4528 -3.8949 1.1790 -0.4109 -0.8054 1.6299 0.4386 1.3695 0.8094 0.5960 -13.8325 -3.5324 -12.5007 -0.0244 -1.0706 19.9149 2.1822 -1.2410 8.4556 -0.0000 0.0000 0.0000 -74.9502 -27.4928 26.8044 89.6434 -59.9995 -59.6912 -0.0000 0.0000 -10.4570 7.3764 33.9947 4.1400 -7.1250 0.0000 -0.0000 -30.1485 61.6274 -12.8416 -0.0000 0.0000 0.0000 78.8972 18.8564 32.0975 -100.5299 59.5769 -69.1062 0.0000 -0.0000 -22.7438 -24.6313 24.0181 -10.5709 7.1250 -0.0000 -0.0000 2.8658 -3.8932 2.6680
6.4057 17.9785 6.9366 181.9180 7.2679 -177.1010 0.0000 0.0000 0.0000 -23.2588 -0.6811 -8.3016 1.5159 7.7752 22.0333 0.5417 -3.3703 -13.1614 0.0689 -1.6931 -4.6583 0.0000 0.0000 0.0000 11.6179 3.1120 -1.2229 -0.4259 -4.1882 11.6066 -0.0373 -7.1119 -10.9659 -0.1460 2.4622 -6.7847 -3.1278 1.1858 -0.6745 -0.9193 1.6473 0.5471 0.8326 0.8167 0.8784 -14.6629 -3.8750 -12.6083 1.0874 -1.6213 20.0734 2.6292 -1.4771 8.5832 0.0000 -0.0000 0.0000 -75.5586 -27.1049 27.2617 75.7699 -59.2209 -47.7086 -0.0000 0.0000 -6.5112 9.4484 32.9020 5.1654 -7.1250 0.0000 -0.0000 -26.9396 61.1917 -11.0763 0.0000 -0.0000 0.0000 79.5676 18.9290 31.0616 -87.7601 59.9810 -58.0603 0.0000 -0.0000 -21.3186 -21.6217 23.8207 -9.0949 7.1250 -0.0000 -0.0000 4.6983 -4.6498 4.3168
6.4235 17.9859 6.9758 181.6600 6.8607 -176.8990 0.0000 0.0000 0.0000 -23.3078 0.0229 -8.9857 1.5188 7.7822 22.0546 0.5059 -4.5897 -12.6568 0.0354 -1.2148 -3.3400 0.0000 0.0000 0.0000 11.4529 2.9584 -1.5790 -0.4392 -4.2527 11.7887 -0.0443 -6.9932 -10.9559 -0.0223 0.9641 -2.6501 -3.6329 1.1050 -0.5282 -1.0529 1.5415 0.4048 0.9715 0.7690 0.6454 -13.8616 -3.9973 -12.8233 0.4194 -1.8495 19.5854 2.2392 -1.5888 8.4540 0.0000 -0.0000 0.0000 -76.1185 -25.8849 27.2671 62.5564 -56.9535 -36.4762 -0.0000 0.0000 -2.7136 9.1857 33.4958 5.0998 -7.1250 0.0000 -0.0000 -27.7852 61.6460 -11.7553 0.0000 -0.0000 0.0000 80.0402 18.2390 30.4987 -74.4525 59.0666 -46.5777 0.0000 -0.0000 -19.3736 -20.1568 23.4291 -8.3039 7.1250 -0.0000 -0.0000 5.5683 -5.3004 5.0546
6.3716 17.9740 6.9142 181.8540 6.6592 -177.0940 0.0000 0.0000 0.0000 -23.4679 -1.3636 -8.1545 1.5429 7.8408 22.2316 0.5520 -3.3441 -13.2920 0.0398 -1.2879 -3.5413 0.0000 0.0000 0.0000 11.3860 2.1952 -1.0555 -0.3910 -4.0154 11.1199 -0.0288 -6.8629 -10.4526 -0.0627 1.6159 -4.4453 -2.6677 1.2164 -0.9620 -1.2397 1.7046 0.5756 0.2560 0.8497 1.0897 -14.5227 -4.2433 -13.1393 1.6425 -2.2596 20.1499 2.7155 -1.7427 8.7522 0.0000 -0.0000 0.0000 -76.5921 -24.2602 27.2201 49.5548 -52.8143 -25.8190 -0.0000 -0.0000 0.6526 8.1223 35.4559 4.7326 -7.1250 0.0000 -0.0000 -30.9539 63.0519 -14.2621 0.0000 -0.0000 0.0000 80.4490 16.2878 29.7949 -63.3966 57.1491 -37.1813 0.0000 -0.0000 -18.3416 -17.9611 22.6327 -7.1108 7.1250 -0.0000 -0.0000 6.8741 -6.4548 6.1029
6.3723 17.9701 6.8869 181.8110 6.6147 -177.1180 0.0000 0.0000 0.0000 -23.5235 -1.1224 -8.1320 1.5563 7.8732 22.3297 0.5801 -3.6760 -13.6064 0.0784 -1.8058 -4.9694 0.0000 0.0000 0.0000 11.3432 2.3807 -0.5804 -0.3601 -3.8549 10.6687 -0.0352 -7.0337 -10.8173 -0.0336 1.1839 -3.2549 -2.4336 1.4594 -1.1513 -1.6023 2.0477 0.5854 -0.2339 1.0278 1.2193 -14.4573 -4.3285 -13.2613 2.2530 -2.5739 19.9242 2.8725 -1.8370 8.7197 0.0000 0.0000 0.0000 -77.2429 -22.5944 26.9580 38.4879 -47.1481 -17.3224 -0.0000 -0.0000 2.2232 8.7532 39.0808 5.5442 -7.1250 0.0000 -0.0000 -34.9270 66.1909 -18.8313 0.0000 0.0000 0.0000 81.5638 13.9505 27.7141 -52.6420 54.0070 -28.2982 0.0000 -0.0000 -13.9998 -15.8575 24.1272 -6.6230 7.1250 -0.0000 -0.0000 8.2820 -5.2329 7.5734
6.3858 17.9704 6.8601 181.5850 6.9324 -177.2110 0.0000 0.0000 0.0000 -23.8054 -0.9168 -7.7694 1.4948 7.7233 21.8768 0.5570 -3.2334 -13.3657 0.0979 -2.0179 -5.5553 0.0000 0.0000 0.0000 11.1097 2.6187 -0.6143 -0.3886 -4.0032 11.0856 -0.0686 -6.7323 -11.1267 -0.1003 2.0426 -5.6234 -3.2406 1.4786 -0.8829 -1.3596 2.0644 0.4739 0.4547 1.0320 0.9174 -14.8312 -4.3269 -13.5775 2.4751 -2.5186 19.6902 3.0083 -1.8179 8.7008 0.0000 0.0000 0.0000 -78.5549 -19.4833 25.7277 30.4692 -41.2922 -11.7180 -0.0000 -0.0000 3.4878 8.2176 43.6352 5.6911 -7.1250 0.0000 -0.0000 -43.1983 69.4224 -26.9668 0.0000 0.0000 0.0000 81.7456 11.3842 27.1820 -43.2226 49.8674 -20.8708 0.0000 -0.0000 -12.0999 -14.6808 25.3635 -6.4032 7.1250 -0.0000 -0.0000 9.0812 -4.1518 8.5095
6.3741 17.9601 6.8236 182.0450 6.5037 -176.9650 0.0000 0.0000 0.0000 -23.3407 -1.0230 -7.9406 1.5300 7.8095 22.1368 0.6002 -3.6538 -13.8479 0.1839 -2.7622 -7.6173 0.0000 0.0000 0.0000 11.5544 2.0680 -0.3632 -0.3411 -3.7530 10.3828 -0.0543 -6.7867 -10.9013 -0.0780 1.8018 -4.9583 -2.6380 1.5586 -1.1349 -1.4963 2.1749 0.4735 -0.0116 1.0899 1.0821 -13.9926 -4.3807 -13.7358 2.5077 -2.8348 19.3734 2.8408 -1.9117 8.6234 -0.0000 -0.0000 0.0000 -79.3447 -16.5231 23.9446 23.4812 -34.6108 -7.4098 -0.0000 -0.0000 6.6148 3.1685 39.4668 2.0152 -7.1250 0.0000 -0.0000 -41.1136 64.8859 -21.4225 -0.0000 -0.0000 0.0000 82.8355 9.3649 24.9375 -33.4677 43.6865 -13.7441 0.0000 -0.0000 -11.3965 -15.3514 25.8255 -6.8199 7.1250 -0.0000 -0.0000 8.7056 -3.5925 8.2403
6.3629 17.9572 6.7779 181.8170 6.6214 -176.8690 0.0000 0.0000 0.0000 -23.6306 -0.6979 -7.9605 1.5093 7.7590 21.9843 0.5765 -3.8297 -13.5506 0.0723 -1.7351 -4.7742 0.0000 0.0000 0.0000 11.2328 2.1309 -0.3653 -0.3465 -3.7823 10.4650 -0.0627 -6.7584 -11.0380 -0.1174 2.2091 -6.0840 -3.2504 1.2536 -1.4058 -1.0629 1.7757 0.5233 0.7740 0.8770 1.2606 -14.8489 -4.1795 -14.2966 2.8185 -2.3607 19.1138 3.1328 -1.7155 8.6146 0.0000 -0.0000 0.0000 -81.6789 -13.3275 17.8391 17.0297 -26.8969 -4.1008 -0.0000 -0.0000 10.8662 6.0921 38.9317 3.8370 -7.1250 0.0000 -0.0000 -37.4391 65.3080 -19.6019 0.0000 -0.0000 0.0000 82.8352 7.6607 23.8530 -25.0212 36.2257 -8.3024 0.0000 -0.0000 -12.9926 -16.5685 24.7041 -7.0878 7.1250 -0.0000 -0.0000 7.8847 -4.5472 7.3056
6.3553 17.9636 6.7273 181.7780 6.9506 -176.9430 0.0000 0.0000 0.0000 -23.7998 -1.3858 -7.3129 1.4907 7.7131 21.8460 0.6027 -3.0191 -13.9462 0.0005 -0.1425 -0.3916 0.0000 0.0000 0.0000 11.1884 2.4349 -0.1344 -0.3480 -3.7902 10.4871 -0.0578 -6.8371 -11.0375 -0.1091 2.1294 -5.8635 -2.9907 1.4972 -1.2853 -1.4506 2.1143 0.7143 0.2396 1.0523 1.4006 -14.2238 -4.3603 -14.5579 3.2240 -2.9099 18.4524 3.0925 -1.9004 8.4676 0.0000 -0.0000 0.0000 -82.6580 -10.8965 9.7585 11.4765 -19.0149 -1.9283 -0.0000 -0.0000 15.1969 5.1431 39.4536 3.2735 -7.1250 0.0000 -0.0000 -39.1431 65.4370 -20.7317 0.0000 -0.0000 0.0000 84.7341 6.1340 17.1625 -17.7854 27.8815 -4.4484 0.0000 -0.0000 -11.6407 -14.9265 22.3329 -5.7840 7.1250 -0.0000 -0.0000 8.7590 -7.1690 7.6902
6.3636 17.9584 6.7031 182.0700 6.3269 -176.2530 0.0000 0.0000 0.0000 -23.3253 -1.1351 -8.3716 1.5505 7.8594 22.2877 0.6028 -4.0875 -13.8473 0.0575 -1.5474 -4.2563 0.0000 0.0000 0.0000 11.5771 2.4449 -0.3327 -0.3225 -3.6505 10.0953 -0.0260 -7.5326 -11.2916 -0.0534 1.4910 -4.1010 -2.8219 1.4219 -1.2283 -1.5263 2.0023 0.4836 0.0600 1.0027 1.1430 -13.4894 -4.5375 -15.4724 3.0945 -3.2181 18.3620 2.8794 -2.0211 8.6057 0.0000 -0.0000 0.0000 -84.0196 -7.7205 -6.7975 8.0486 -13.6317 -0.9636 -0.0000 -0.0000 27.7604 2.5080 41.3712 1.6582 -7.1250 0.0000 -0.0000 -44.6760 66.0692 -24.7950 0.0000 -0.0000 0.0000 86.6293 4.2204 4.4871 -12.0187 19.8326 -2.1086 0.0000 -0.0000 -3.2360 -12.7384 19.5397 -4.3239 7.1250 -0.0000 -0.0000 10.0551 -10.2257 8.2417
6.3837 17.9648 6.6976 181.8670 5.8413 -176.1770 0.0000 0.0000 0.0000 -23.2406 0.0473 -8.9425 1.5534 7.8664 22.3089 0.5508 -5.9172 -13.2533 0.0125 -0.7233 -1.9879 0.0000 0.0000 0.0000 11.5804 2.4620 -0.6666 -0.3723 -3.9191 10.8492 -0.0543 -7.5034 -11.8149 -0.0971 2.0100 -5.5333 -3.4952 1.1394 -0.4285 -1.3256 1.5926 0.4151 0.6137 0.8001 0.6094 -13.5937 -4.4479 -16.2404 3.1294 -2.9971 18.0638 2.9238 -1.9201 8.6224 -0.0000 0.0000 0.0000 -85.9346 -3.0489 -22.1637 7.0189 -11.9504 -0.7356 -0.0000 -0.0000 38.8664 2.4824 44.5519 1.7421 -7.1250 0.0000 -0.0000 -50.3893 68.1740 -30.8888 -0.0000 0.0000 0.0000 87.5912 2.2680 -13.1911 -8.1063 13.7251 -0.9772 0.0000 0.0000 11.7400 -15.0913 17.8111 -4.7152 7.1250 -0.0000 -0.0000 8.4853 -11.7277 6.6587
6.3498 17.9344 6.5865 181.4160 6.7827 -176.2850 0.0000 0.0000 0.0000 -24.1612 -0.0026 -8.2074 1.4971 7.7290 21.8939 0.6237 -4.6435 -14.0670 0.0672 -1.6730 -4.6028 0.0000 0.0000 0.0000 10.7009 2.6961 -0.8849 -0.4272 -4.1946 11.6249 -0.1302 -6.5888 -12.1332 -0.1230 2.2608 -6.2269 -3.5319 1.5997 -0.5978 -1.5842 2.2276 0.4432 0.3796 1.1202 0.7195 -13.6416 -4.5075 -15.6994 3.4637 -3.2856 16.8665 3.0032 -2.0108 8.1472 0.0000 -0.0000 0.0000 -87.5858 2.9040 -25.0810 7.6431 -12.9727 -0.8703 -0.0000 -0.0000 37.8050 3.3393 46.2443 2.4133 -7.1250 0.0000 -0.0000 -53.1469 69.4740 -34.3316 0.0000 -0.0000 0.0000 88.8717 -2.2317 -25.0417 -7.4715 12.6926 -0.8321 0.0000 0.0000 17.1871 -15.1279 14.9844 -3.9984 7.1250 -0.0000 -0.0000 8.4118 -14.5989 6.0872
6.3627 17.9299 6.5373 181.2950 7.6788 -175.7360 0.0000 0.0000 0.0000 -24.3489 0.1673 -8.6446 1.4808 7.6886 21.7722 0.6313 -4.4279 -14.1617 0.0451 -1.3708 -3.7698 0.0000 0.0000 0.0000 10.4937 3.2777 -1.3801 -0.4309 -4.2125 11.6752 -0.1273 -6.5200 -12.0039 -0.1123 2.1603 -5.9490 -3.7401 2.2683 -1.2837 -1.9971 3.1868 0.5724 0.1159 1.5992 1.2191 -11.8800 -4.7226 -15.2347 2.7113 -3.9994 15.3524 2.3802 -2.2981 7.5602 0.0000 -0.0000 0.0000 -88.1442 8.2915 -21.4277 8.7387 -14.7430 -1.1327 -0.0000 -0.0000 28.9406 3.3295 44.4097 2.3313 -7.1250 0.0000 -0.0000 -49.3421 68.3550 -30.3162 0.0000 -0.0000 0.0000 91.5341 -7.3409 -23.8391 -8.6585 14.6145 -1.1124 0.0000 0.0000 10.2387 -15.3628 12.8919 -3.5078 7.1250 -0.0000 -0.0000 8.2427 -16.7143 5.5824
6.3233 17.9349 6.4890 181.4750 6.3192 -175.8860 0.0000 0.0000 0.0000 -24.0919 0.3307 -8.2431 1.4556 7.6259 21.5834 0.5880 -5.9346 -13.6837 0.0084 -0.5919 -1.6266 0.0000 0.0000 0.0000 10.6378 1.5073 -1.3345 -0.4369 -4.2415 11.7571 -0.1476 -6.2428 -12.0673 -0.2012 2.8882 -7.9676 -3.2275 1.8511 -0.9253 -1.7509 2.6122 1.1008 0.0700 1.3038 1.5874 -12.2338 -4.7659 -16.7247 3.1234 -3.8753 15.4757 2.5672 -2.2247 7.8635 -0.0000 0.0000 0.0000 -89.9675 12.0680 -22.0834 9.4589 -15.8888 -1.3230 -0.0000 -0.0000 22.6927 0.2344 41.7829 0.1562 -7.1250 0.0000 -0.0000 -47.4911 65.6828 -26.2549 -0.0000 0.0000 0.0000 92.2845 -11.0321 -21.0737 -9.2470 15.5533 -1.2655 0.0000 0.0000 5.2902 -15.5069 15.3017 -4.1878 7.1250 -0.0000 -0.0000 8.1597 -14.2418 5.9634
6.3116 17.9345 6.4707 181.3880 5.5907 -175.7840 0.0000 0.0000 0.0000 -24.1117 -0.3486 -8.2543 1.4914 7.7149 21.8513 0.5995 -6.4553 -13.8538 0.0391 1.2768 3.5107 0.0000 0.0000 0.0000 10.6020 1.2547 -0.9430 -0.3989 -4.0549 11.2313 -0.1564 -6.6374 -12.6478 -0.0862 1.8939 -5.2127 -3.2716 1.3149 -0.9017 -1.5013 1.8852 1.1440 0.3356 0.9339 1.6258 -12.9360 -4.2277 -16.4108 3.6971 -3.1181 15.2829 2.9687 -1.8453 7.7058 0.0000 -0.0000 0.0000 -92.0951 15.9882 -22.3652 10.4259 -17.4030 -1.6000 -0.0000 -0.0000 16.1054 -1.4359 42.1543 -0.9638 -7.1250 0.0000 -0.0000 -49.6401 65.4400 -27.4362 0.0000 -0.0000 0.0000 92.5655 -14.3373 -20.0964 -9.7469 16.3428 -1.4029 0.0000 0.0000 2.9942 -12.3612 17.7370 -3.8197 7.1250 -0.0000 -0.0000 10.2765 -12.0667 8.0346
