HIERARCHY
ROOT Hips
{
	OFFSET 0.00000 0.00000 0.00000
	CHANNELS 6 Xposition Yposition Zposition Zrotation Yrotation Xrotation 
	JOINT LHipJoint
	{
		OFFSET 0 0 0
		CHANNELS 3 Zrotation Yrotation Xrotation
		JOINT LeftUpLeg
		{
			OFFSET 1.23340 -1.80723 0.69510
			CHANNELS 3 Zrotation Yrotation Xrotation
			JOINT LeftLeg
			{
				OFFSET 2.50056 -6.87023 0.00000
				CHANNELS 3 Zrotation Yrotation Xrotation
				JOINT LeftFoot
				{
					OFFSET 2.85931 -7.85591 0.00000
					CHANNELS 3 Zrotation Yrotation Xrotation
					JOINT LeftToeBase
					{
						OFFSET 0.21001 -0.57700 2.07823
						CHANNELS 3 Zrotation Yrotation Xrotation
						End Site
						{
							OFFSET 0.00000 -0.00000 1.08338
						}
					}
				}
			}
		}
	}
	JOINT RHipJoint
	{
		OFFSET 0 0 0
		CHANNELS 3 Zrotation Yrotation Xrotation
		JOINT RightUpLeg
		{
			OFFSET -1.40842 -1.80723 0.69510
			CHANNELS 3 Zrotation Yrotation Xrotation
			JOINT RightLeg
			{
				OFFSET -2.54876 -7.00266 0.00000
				CHANNELS 3 Zrotation Yrotation Xrotation
				JOINT RightFoot
				{
					OFFSET -2.74835 -7.55104 0.00000
					CHANNELS 3 Zrotation Yrotation Xrotation
					JOINT RightToeBase
					{
						OFFSET -0.22633 -0.62184 2.00890
						CHANNELS 3 Zrotation Yrotation Xrotation
						End Site
						{
							OFFSET -0.00000 -0.00000 1.05493
						}
					}
				}
			}
		}
	}
	JOINT LowerBack
	{
		OFFSET 0 0 0
		CHANNELS 3 Zrotation Yrotation Xrotation
		JOINT Spine
		{
			OFFSET -0.02340 2.02740 -0.12728
			CHANNELS 3 Zrotation Yrotation Xrotation
			JOINT Spine1
			{
				OFFSET -0.00862 2.03614 -0.01188
				CHANNELS 3 Zrotation Yrotation Xrotation
				JOINT Neck
				{
					OFFSET 0 0 0
					CHANNELS 3 Zrotation Yrotation Xrotation
					JOINT Neck1
					{
						OFFSET 0.03380 1.76650 0.27670
						CHANNELS 3 Zrotation Yrotation Xrotation
						JOINT Head
						{
							OFFSET -0.01114 1.80516 -0.21451
							CHANNELS 3 Zrotation Yrotation Xrotation
							End Site
							{
								OFFSET -0.00766 1.81942 -0.10287
							}
						}
					}
				}
				JOINT LeftShoulder
				{
					OFFSET 0 0 0
					CHANNELS 3 Zrotation Yrotation Xrotation
					JOINT LeftArm
					{
						OFFSET 3.22358 1.39475 0.18630
						CHANNELS 3 Zrotation Yrotation Xrotation
						JOINT LeftForeArm
						{
							OFFSET 5.45077 -0.00000 0.00000
							CHANNELS 3 Zrotation Yrotation Xrotation
							JOINT LeftHand
							{
								OFFSET 3.05488 -0.00000 0.00000
								CHANNELS 3 Zrotation Yrotation Xrotation
								JOINT LeftFingerBase
								{
									OFFSET 0 0 0
									CHANNELS 3 Zrotation Yrotation Xrotation
									JOINT LeftHandIndex1
									{
										OFFSET 0.63882 -0.00000 0.00000
										CHANNELS 3 Zrotation Yrotation Xrotation
										End Site
										{
											OFFSET 0.51503 -0.00000 0.00000
										}
									}
								}
								JOINT LThumb
								{
									OFFSET 0 0 0
									CHANNELS 3 Zrotation Yrotation Xrotation
									End Site
									{
										OFFSET 0.52290 -0.00000 0.52290
									}
								}
							}
						}
					}
				}
				JOINT RightShoulder
				{
					OFFSET 0 0 0
					CHANNELS 3 Zrotation Yrotation Xrotation
					JOINT RightArm
					{
						OFFSET -3.57143 1.14055 0.30691
						CHANNELS 3 Zrotation Yrotation Xrotation
						JOINT RightForeArm
						{
							OFFSET -4.88702 -0.00000 -0.00000
							CHANNELS 3 Zrotation Yrotation Xrotation
							JOINT RightHand
							{
								OFFSET -3.22603 -0.00000 0.00000
								CHANNELS 3 Zrotation Yrotation Xrotation
								JOINT RightFingerBase
								{
									OFFSET 0 0 0
									CHANNELS 3 Zrotation Yrotation Xrotation
									JOINT RightHandIndex1
									{
										OFFSET -0.71629 -0.00000 0.00000
										CHANNELS 3 Zrotation Yrotation Xrotation
										End Site
										{
											OFFSET -0.57749 -0.00000 0.00000
										}
									}
								}
								JOINT RThumb
								{
									OFFSET 0 0 0
									CHANNELS 3 Zrotation Yrotation Xrotation
									End Site
									{
										OFFSET -0.58631 -0.00000 0.58631
									}
								}
							}
						}
					}
				}
			}
		}
	}
}
MOTION
Frames: 176
Frame Time: .0333333
1.765 18.4626 0.6182 0 0 0 0 0 0 -21 0 0 0 0 0 0 0 0 0 0 0 0 0 0 21 0 0 0 0 0 0 0 0 0 0 0 0 0 0 0 0 0 0 0 0 0 0 -16 0 0 21 0 0 11 0 0 0 -8 0 0 0 0 0 0 0 0 0 0 0 0 0 0 0 0 0 0 0 0 8 0 0 0 0 0 0 0 0 0 0 0 0 0 0 0 0 0
1.7650 18.4626 0.6182 94.9296 86.7705 105.5880 0.0000 0.0000 0.0000 -19.2462 4.0012 -11.5268 0.4520 4.3130 11.9591 0.4583 -5.2399 -12.0710 2.0695 -9.0094 -25.8246 0.0000 0.0000 0.0000 14.7706 -1.2420 -11.1514 -0.4746 -4.4183 12.2566 -0.6140 2.4289 -14.1716 -0.5480 4.7423 -13.1750 -3.3345 -2.4666 -10.8769 0.1872 -2.7889 -3.9944 1.7194 -1.3117 2.0953 1.9008 0.3691 -16.0813 -1.5145 0.4729 19.2261 -0.7630 0.2481 8.6637 0.0000 0.0000 0.0000 -84.3167 4.0579 40.8300 17.9956 -28.1516 -4.5472 -0.0000 0.0000 -10.1772 8.6101 26.4068 3.8526 -7.1250 0.0000 -0.0000 -22.7343 55.1637 -5.8973 0.0000 0.0000 0.0000 88.0913 -2.2519 36.0797 -14.7441 23.7885 -3.1220 0.0000 0.0000 6.8215 -14.6834 7.9891 -2.0857 7.1250 -0.0000 -0.0000 8.8142 -21.7600 4.9764
1.7714 18.4643 0.6127 95.6268 86.8818 106.2730 0.0000 0.0000 0.0000 -19.1431 4.0300 -11.5908 0.4585 4.3438 12.0460 0.4565 -5.1757 -12.0437 2.1071 -9.0857 -26.0638 0.0000 0.0000 0.0000 14.8723 -1.0267 -10.9967 -0.4724 -4.4082 12.2279 -0.6236 2.2317 -14.3216 -0.5642 4.8107 -13.3695 -3.2332 -2.4800 -10.8618 0.2502 -2.8196 -4.0162 1.7250 -1.3264 2.0647 1.9438 0.5433 -16.0613 -1.6440 0.7448 19.5412 -0.7817 0.3695 8.7733 0.0000 -0.0000 0.0000 -84.5292 4.2167 40.0732 18.0659 -28.2414 -4.5804 -0.0000 0.0000 -10.4117 8.4920 26.2716 3.7810 -7.1250 0.0000 -0.0000 -22.7642 55.0167 -5.8225 0.0000 -0.0000 0.0000 88.0346 -2.2344 35.6363 -14.6888 23.7108 -3.0997 0.0000 0.0000 6.8734 -14.6889 8.1596 -2.1307 7.1250 -0.0000 -0.0000 8.8040 -21.5859 5.0057
1.7841 18.4609 0.6021 93.6759 86.9249 104.4170 0.0000 0.0000 0.0000 -19.1364 4.0153 -11.7994 0.4821 4.4524 12.3530 0.4698 -5.3456 -12.2258 1.9926 -8.8506 -25.3292 0.0000 0.0000 0.0000 14.8806 -1.1487 -11.0139 -0.4564 -4.3341 12.0184 -0.6096 2.3344 -14.1361 -0.5874 4.9071 -13.6437 -3.0974 -2.4350 -11.0591 0.2498 -2.7637 -4.0546 1.6495 -1.2980 2.1232 2.1986 0.7639 -16.1632 -2.1016 1.1197 20.3336 -0.9355 0.5237 9.0755 0.0000 -0.0000 0.0000 -84.6658 4.3536 39.5296 18.0337 -28.2002 -4.5651 -0.0000 0.0000 -10.2150 7.7842 27.5964 3.6234 -7.1250 0.0000 -0.0000 -24.3331 56.0865 -6.9066 0.0000 -0.0000 0.0000 87.9592 -2.1956 35.2346 -14.6307 23.6291 -3.0764 0.0000 0.0000 7.0902 -14.5974 8.1778 -2.1216 7.1250 -0.0000 -0.0000 8.8695 -21.5713 5.0468
1.7941 18.4814 0.5977 95.1863 87.0219 105.9270 0.0000 0.0000 0.0000 -18.9890 3.7981 -12.0313 0.5227 4.6335 12.8662 0.4913 -5.3619 -12.4970 1.8217 -8.4844 -24.1952 0.0000 0.0000 0.0000 14.9944 -0.9935 -10.5928 -0.4203 -4.1611 11.5302 -0.6014 1.9089 -14.1196 -0.5503 4.7521 -13.2029 -2.8348 -2.4233 -10.8962 0.2390 -2.7769 -4.2418 1.4998 -1.2978 1.8283 2.9780 1.3655 -16.4278 -3.0130 2.0411 21.8403 -1.2664 0.9290 9.6911 -0.0000 -0.0000 0.0000 -84.7231 4.8267 39.0059 18.0291 -28.1944 -4.5630 -0.0000 0.0000 -10.1695 7.5026 27.5558 3.4865 -7.1250 0.0000 -0.0000 -24.5819 55.9937 -6.9269 -0.0000 -0.0000 0.0000 88.0028 -2.4043 34.8138 -14.5889 23.5703 -3.0597 0.0000 0.0000 7.4668 -14.7544 8.1574 -2.1401 7.1250 -0.0000 -0.0000 8.7568 -21.5853 4.9784
1.8071 18.4619 0.5900 94.8833 87.0418 105.7000 0.0000 0.0000 0.0000 -19.0572 4.0713 -11.7823 0.4749 4.4194 12.2596 0.4719 -5.2931 -12.2483 2.0944 -9.0600 -25.9831 0.0000 0.0000 0.0000 14.9964 -1.0895 -11.1258 -0.4766 -4.4276 12.2829 -0.6292 2.2900 -14.3768 -0.6223 5.0482 -14.0461 -2.6535 -2.3628 -11.2023 0.2161 -2.7009 -4.2622 1.3736 -1.2606 1.9612 4.1999 2.4146 -16.8804 -4.3068 3.6456 23.9279 -1.7162 1.6429 10.6352 0.0000 0.0000 0.0000 -84.6499 4.9741 39.1022 17.8983 -28.0267 -4.5014 -0.0000 0.0000 -10.5299 9.4998 23.8149 3.8655 -7.1250 0.0000 -0.0000 -20.3523 52.9210 -4.1022 0.0000 0.0000 0.0000 87.9565 -2.4371 34.5206 -14.6663 23.6792 -3.0907 0.0000 0.0000 7.1822 -14.5609 8.3583 -2.1624 7.1250 -0.0000 -0.0000 8.8893 -21.3889 5.0956
1.8245 18.4606 0.5837 92.6596 87.1004 103.5010 0.0000 0.0000 0.0000 -19.0478 4.1823 -11.8362 0.4867 4.4734 12.4125 0.4816 -5.3164 -12.3726 2.1222 -9.1161 -26.1593 0.0000 0.0000 0.0000 15.0156 -1.0500 -11.0110 -0.4665 -4.3807 12.1503 -0.6238 2.3309 -14.3057 -0.5534 4.7655 -13.2411 -2.3047 -2.2045 -11.5006 0.1739 -2.5103 -4.3919 1.1519 -1.1630 1.9641 5.6599 3.9034 -16.7451 -5.6678 6.0205 26.5013 -2.1204 2.7352 11.7999 -0.0000 -0.0000 0.0000 -84.4970 5.2168 39.6526 17.5586 -27.5883 -4.3429 -0.0000 0.0000 -10.4043 7.7258 27.8463 3.6259 -7.1250 0.0000 -0.0000 -24.5641 56.3008 -7.1083 -0.0000 -0.0000 0.0000 88.0634 -2.5131 33.8112 -14.5464 23.5104 -3.0427 0.0000 0.0000 7.5356 -14.5227 8.1655 -2.1071 7.1250 -0.0000 -0.0000 8.9237 -21.5870 5.0752
1.8437 18.4623 0.5790 88.8581 86.9789 99.6384 0.0000 0.0000 0.0000 -19.2264 4.4080 -11.8115 0.4975 4.5218 12.5496 0.4857 -5.4042 -12.4297 2.1451 -9.1619 -26.3032 0.0000 0.0000 0.0000 14.8237 -0.9444 -10.8344 -0.4621 -4.3606 12.0936 -0.6260 2.3735 -14.3239 -0.5539 4.7674 -13.2464 -2.1018 -2.1093 -11.8801 0.1330 -2.3920 -4.3730 0.9990 -1.1060 2.1760 7.1722 5.7591 -15.8526 -7.0290 9.0680 28.3652 -2.4189 4.1435 12.7349 0.0000 0.0000 0.0000 -84.2940 5.3607 40.1143 17.4052 -27.3888 -4.2721 -0.0000 0.0000 -10.1852 8.3271 25.9424 3.6637 -7.1250 0.0000 -0.0000 -22.7193 54.6830 -5.6213 0.0000 0.0000 0.0000 88.0619 -2.3302 33.8645 -14.3047 23.1686 -2.9469 0.0000 0.0000 6.4911 -15.4823 8.9197 -2.4592 7.1250 -0.0000 -0.0000 8.2103 -20.7717 4.8138
1.8632 18.4724 0.5766 87.2803 86.8596 97.9658 0.0000 0.0000 0.0000 -19.3631 4.4942 -12.0108 0.5574 4.7822 13.2884 0.5244 -5.5792 -12.9156 2.2654 -9.3983 -27.0494 0.0000 0.0000 0.0000 14.6964 -1.1437 -10.3641 -0.4173 -4.1464 11.4889 -0.6023 2.2495 -14.0629 -0.5623 4.8028 -13.3469 -1.9082 -1.9595 -12.2187 0.1273 -2.2050 -4.3357 0.8995 -1.0147 2.3851 8.6753 7.5210 -14.2319 -8.4283 12.2091 29.8201 -2.7133 5.6145 13.5168 0.0000 0.0000 0.0000 -84.0700 5.5137 40.7851 17.3965 -27.3775 -4.2681 -0.0000 0.0000 -9.8797 7.7072 26.0419 3.4002 -7.1250 0.0000 -0.0000 -23.3848 54.6575 -5.7849 0.0000 0.0000 0.0000 88.0772 -2.3001 33.6746 -14.3856 23.2833 -2.9788 0.0000 0.0000 5.2685 -16.1262 8.9265 -2.5688 7.1250 -0.0000 -0.0000 7.7482 -20.7316 4.5448
1.8942 18.4633 0.5711 80.2282 86.8175 90.5623 0.0000 0.0000 0.0000 -19.4096 4.6593 -11.4517 0.5482 4.7434 13.1782 0.5434 -5.2812 -13.1301 2.2366 -9.3424 -26.8722 0.0000 0.0000 0.0000 14.6031 -1.0265 -9.9350 -0.4255 -4.1867 11.6024 -0.6097 2.4574 -14.1147 -0.5530 4.7638 -13.2360 -1.3492 -1.5652 -12.5544 -0.0703 -1.7407 -4.1195 0.4349 -0.7925 2.7563 10.0584 9.0884 -12.2072 -9.5438 15.1448 30.7969 -2.9140 7.0409 14.0917 -0.0000 -0.0000 0.0000 -83.5080 5.5405 41.8713 17.4643 -27.4658 -4.2993 -0.0000 0.0000 -10.3005 8.3512 25.8475 3.6619 -7.1250 0.0000 -0.0000 -22.6370 54.6004 -5.5527 -0.0000 -0.0000 0.0000 88.3274 -2.3886 32.9080 -14.5531 23.5199 -3.0454 0.0000 0.0000 4.9272 -16.4151 9.4367 -2.7654 7.1250 -0.0000 -0.0000 7.5323 -20.1904 4.5084
1.9072 18.4523 0.5709 78.8329 86.7580 88.8343 0.0000 0.0000 0.0000 -19.4729 5.0195 -10.7972 0.5098 4.5766 12.7048 0.5380 -5.1869 -13.0618 2.3716 -9.6005 -27.6926 0.0000 0.0000 0.0000 14.5128 -0.9301 -9.8186 -0.4710 -4.4016 12.2094 -0.6400 2.6436 -14.4421 -0.5579 4.7843 -13.2942 -0.8345 -1.1852 -12.7334 -0.3005 -1.2959 -3.9058 -0.0344 -0.5773 3.0515 10.9151 10.2867 -10.3135 -10.0928 17.6345 31.9636 -2.8763 8.2830 14.7097 -0.0000 -0.0000 0.0000 -83.0077 5.2153 42.3217 17.4576 -27.4571 -4.2962 -0.0000 0.0000 -10.6903 8.3041 26.0612 3.6690 -7.1250 0.0000 -0.0000 -22.8156 54.7878 -5.7067 -0.0000 -0.0000 0.0000 88.5988 -2.6310 32.0354 -14.9222 24.0376 -3.1942 0.0000 0.0000 4.5767 -16.4480 8.8201 -2.5919 7.1250 -0.0000 -0.0000 7.5193 -20.8243 4.3923
1.9207 18.4492 0.5730 76.4139 86.8473 85.9625 0.0000 0.0000 0.0000 -19.2595 5.0325 -10.1723 0.5098 4.5766 12.7048 0.5519 -5.1138 -13.2263 2.2605 -9.3889 -27.0195 0.0000 0.0000 0.0000 14.6409 -1.0865 -9.2514 -0.4645 -4.3717 12.1247 -0.6371 2.7622 -14.3895 -0.5599 4.7927 -13.3184 -0.1650 -0.7067 -12.7403 -0.6006 -0.7501 -3.4901 -0.6454 -0.3134 3.4727 12.1243 11.1872 -8.9316 -11.0106 19.6363 32.6344 -3.0999 9.2816 15.3133 0.0000 0.0000 0.0000 -82.2816 4.9257 42.6934 17.9220 -28.0572 -4.5125 -0.0000 0.0000 -11.2102 8.6974 25.8816 3.8203 -7.1250 0.0000 -0.0000 -22.3204 54.6969 -5.5226 0.0000 0.0000 0.0000 89.0462 -2.6092 31.0664 -15.1706 24.3832 -3.2960 0.0000 0.0000 4.0605 -16.3408 9.0869 -2.6512 7.1250 -0.0000 -0.0000 7.5913 -20.5550 4.4816
1.9241 18.4543 0.5817 78.7200 86.8055 88.2218 0.0000 0.0000 0.0000 -19.2679 4.9451 -10.3215 0.5413 4.7140 13.0947 0.5614 -5.3380 -13.3462 2.2303 -9.3302 -26.8338 0.0000 0.0000 0.0000 14.6136 -1.2501 -8.9835 -0.4363 -4.2388 11.7494 -0.6304 2.6675 -14.3256 -0.5316 4.6723 -12.9762 0.1743 -0.3724 -12.8562 -0.9185 -0.3419 -3.2760 -1.1075 -0.1108 3.7592 12.7659 11.7386 -7.4840 -11.6242 20.9990 32.7707 -3.2485 9.9839 15.4732 0.0000 0.0000 0.0000 -81.9538 4.9232 41.3981 18.4762 -28.7626 -4.7762 -0.0000 0.0000 -10.8307 7.9372 25.7679 3.4685 -7.1250 0.0000 -0.0000 -22.9906 54.4498 -5.5601 0.0000 0.0000 0.0000 89.4551 -2.8327 30.1410 -15.4371 24.7515 -3.4068 0.0000 0.0000 3.5696 -15.9296 9.2438 -2.6251 7.1250 -0.0000 -0.0000 7.8827 -20.4157 4.6818
1.9185 18.4482 0.5955 81.1899 86.7464 90.6456 0.0000 0.0000 0.0000 -19.2762 4.9525 -10.1530 0.5384 4.7015 13.0591 0.5592 -5.5010 -13.3267 2.3095 -9.4830 -27.3183 0.0000 0.0000 0.0000 14.5815 -1.2902 -9.1680 -0.4638 -4.3684 12.1155 -0.6463 2.7226 -14.5037 -0.5434 4.7230 -13.1200 0.4894 -0.0066 -12.9027 -1.3527 0.1156 -3.0023 -1.6681 0.1179 4.0813 13.1952 12.2669 -6.7964 -11.5206 22.0558 33.2337 -3.0837 10.5434 15.7817 0.0000 -0.0000 0.0000 -81.2760 4.5384 41.0046 18.8914 -29.2836 -4.9776 -0.0000 0.0000 -10.9095 6.3507 26.6799 2.8608 -7.1250 0.0000 -0.0000 -25.1131 54.9794 -6.4557 0.0000 -0.0000 0.0000 89.9802 -3.2152 29.5305 -15.9113 25.4002 -3.6078 0.0000 0.0000 3.2041 -15.5675 8.8946 -2.4665 7.1250 -0.0000 -0.0000 8.1498 -20.7930 4.7736
1.8993 18.4386 0.6110 85.4239 86.6013 94.7302 0.0000 0.0000 0.0000 -19.3808 4.9728 -9.8441 0.4784 4.4356 12.3055 0.5068 -5.4692 -12.6955 2.1512 -9.1741 -26.3415 0.0000 0.0000 0.0000 14.4340 -1.3347 -9.5817 -0.5362 -4.6921 13.0323 -0.6829 2.9856 -14.8827 -0.5369 4.6948 -13.0401 0.5694 0.3096 -12.7237 -1.7599 0.5345 -2.6006 -2.0730 0.3261 4.4226 13.4913 12.4978 -6.4280 -11.6195 22.5472 33.2889 -3.0831 10.8017 15.8786 0.0000 -0.0000 0.0000 -80.7667 4.1722 40.9946 19.4376 -29.9589 -5.2476 -0.0000 0.0000 -12.7473 7.2625 27.2491 3.3394 -7.1250 0.0000 -0.0000 -24.6075 55.6691 -6.7365 0.0000 -0.0000 0.0000 90.3217 -3.5751 29.0884 -16.6015 26.3294 -3.9089 0.0000 0.0000 3.1089 -15.2284 8.7804 -2.3795 7.1250 -0.0000 -0.0000 8.3961 -20.9269 4.8953
1.8754 18.4342 0.6371 89.9386 86.6987 99.1204 0.0000 0.0000 0.0000 -19.1406 4.8617 -9.7009 0.4655 4.3762 12.1376 0.4908 -5.5164 -12.5007 2.2971 -9.4593 -27.2429 0.0000 0.0000 0.0000 14.6465 -1.3485 -9.6862 -0.5645 -4.8120 13.3732 -0.7020 2.8949 -15.1099 -0.5084 4.5704 -12.6872 0.7148 0.5327 -12.3629 -1.9755 0.8135 -2.2918 -2.3375 0.4652 4.5646 13.5539 12.7151 -6.0873 -11.6940 22.9985 33.2200 -3.0464 11.0167 15.8736 0.0000 0.0000 0.0000 -80.5970 3.9438 39.7845 19.9062 -30.5292 -5.4836 -0.0000 0.0000 -12.9499 8.9059 26.1447 3.9499 -7.1250 0.0000 -0.0000 -22.2793 54.9791 -5.6681 0.0000 0.0000 0.0000 90.2813 -4.1343 29.9634 -17.5236 27.5428 -4.3267 0.0000 0.0000 1.4717 -15.8347 8.6625 -2.4461 7.1250 -0.0000 -0.0000 7.9636 -21.0179 4.6216
1.8354 18.4513 0.6709 97.9376 86.7304 106.8820 0.0000 0.0000 0.0000 -18.8206 4.4347 -9.8806 0.5132 4.5917 12.7476 0.4868 -5.7670 -12.4706 1.9585 -8.7791 -25.1068 0.0000 0.0000 0.0000 14.8879 -1.5564 -9.4601 -0.5508 -4.7544 13.2095 -0.7008 2.6437 -15.1375 -0.5049 4.5550 -12.6436 0.6992 0.6364 -11.6080 -2.1626 0.9508 -1.9194 -2.5068 0.5306 4.5476 13.6575 12.9470 -5.9014 -11.8547 23.3787 32.9234 -3.0543 11.1812 15.7999 0.0000 -0.0000 0.0000 -80.4328 3.8589 38.0997 20.6035 -31.3626 -5.8422 -0.0000 0.0000 -13.3369 8.6898 26.7213 3.9314 -7.1250 0.0000 -0.0000 -22.8576 55.4677 -6.1044 0.0000 -0.0000 0.0000 90.1426 -4.5121 30.5200 -18.5873 28.9026 -4.8297 0.0000 0.0000 1.0350 -15.8728 9.8005 -2.7710 7.1250 -0.0000 -0.0000 7.9130 -19.8471 4.8020
1.7702 18.4388 0.7063 103.0280 86.3111 111.8080 0.0000 0.0000 0.0000 -19.0453 4.1053 -9.5583 0.5024 4.5440 12.6124 0.4755 -5.7682 -12.3302 2.2753 -9.4174 -27.1098 0.0000 0.0000 0.0000 14.6188 -1.6443 -10.0757 -0.6373 -5.1076 14.2156 -0.7327 2.8047 -15.4628 -0.4771 4.4299 -12.2893 0.2928 0.7570 -10.6053 -2.4892 1.1646 -1.5468 -2.5935 0.6299 4.3913 13.7138 13.0588 -5.8871 -12.1225 23.5579 32.5490 -3.1310 11.2333 15.7030 0.0000 -0.0000 0.0000 -80.1611 3.8452 36.8540 21.2018 -32.0632 -6.1567 -0.0000 0.0000 -13.4294 9.3682 26.5310 4.2147 -7.1250 0.0000 -0.0000 -22.0675 55.4246 -5.8542 0.0000 -0.0000 0.0000 89.9022 -4.7652 31.5611 -20.0206 30.6672 -5.5419 0.0000 -0.0000 -0.0298 -15.8550 9.0633 -2.5616 7.1250 -0.0000 -0.0000 7.9399 -20.6051 4.6822
1.6893 18.4294 0.7584 112.1200 86.0608 120.6550 0.0000 0.0000 0.0000 -18.8464 3.8997 -9.8590 0.5086 4.5712 12.6896 0.4202 -6.0263 -11.6548 2.2513 -9.3710 -26.9630 0.0000 0.0000 0.0000 14.8016 -1.9028 -10.5566 -0.7112 -5.3898 15.0236 -0.7645 2.7216 -15.8209 -0.4792 4.4392 -12.3157 -0.0366 0.7394 -9.3385 -2.6755 1.1667 -1.0633 -2.6111 0.6237 4.1882 13.6694 13.2143 -5.9967 -12.3773 23.7132 31.9957 -3.1832 11.2515 15.5247 -0.0000 0.0000 0.0000 -79.7641 3.7207 35.8826 21.6999 -32.6362 -6.4232 -0.0000 0.0000 -13.5460 9.7909 26.6975 4.4333 -7.1250 0.0000 -0.0000 -21.7555 55.6612 -5.8929 -0.0000 0.0000 0.0000 89.5407 -4.6258 32.9036 -21.4551 32.3557 -6.2917 0.0000 -0.0000 -0.5380 -15.8200 8.3285 -2.3503 7.1250 -0.0000 -0.0000 7.9825 -21.3616 4.5701
1.5971 18.4297 0.8211 121.4220 85.4987 129.8240 0.0000 0.0000 0.0000 -18.7330 3.3935 -10.4800 0.5645 4.8123 13.3739 0.3906 -6.4537 -11.3313 2.2580 -9.3839 -27.0039 0.0000 0.0000 0.0000 14.9013 -2.0755 -11.0081 -0.7679 -5.5957 15.6158 -0.7940 2.3111 -16.2114 -0.4615 4.3577 -12.0852 -0.5342 0.6945 -8.0324 -2.9001 1.1466 -0.4868 -2.5767 0.6062 4.0520 13.6243 13.2890 -6.0900 -12.7253 23.7215 31.2949 -3.3069 11.2012 15.2645 0.0000 -0.0000 0.0000 -79.3040 3.3204 34.6436 22.0082 -32.9862 -6.5903 -0.0000 0.0000 -13.9040 10.3953 26.4886 4.6777 -7.1250 0.0000 -0.0000 -21.0245 55.5859 -5.6425 0.0000 -0.0000 0.0000 89.0154 -4.2898 34.3725 -23.1116 34.2106 -7.2009 0.0000 -0.0000 -1.2224 -16.1504 8.2968 -2.3929 7.1250 -0.0000 -0.0000 7.7450 -21.3786 4.4286
1.4755 18.4432 0.8896 128.0040 85.2676 136.4730 0.0000 0.0000 0.0000 -18.3006 3.0261 -12.0258 0.7005 5.3496 14.9086 0.3641 -7.1360 -11.1196 2.0358 -8.9403 -25.6089 0.0000 0.0000 0.0000 15.3397 -2.3702 -11.8734 -0.8085 -5.7383 16.0271 -0.7832 2.1958 -16.1199 -0.4711 4.4019 -12.2102 -0.7043 0.8186 -6.3146 -3.1046 1.3010 -0.0466 -2.6930 0.6810 3.5525 13.5194 13.3031 -6.4138 -12.9548 23.6501 30.8554 -3.3737 11.1046 15.1380 -0.0000 0.0000 0.0000 -78.6378 3.1275 34.0209 22.6699 -33.7259 -6.9542 -0.0000 0.0000 -14.2366 10.4146 26.9946 4.7690 -7.1250 0.0000 -0.0000 -21.3256 56.0602 -5.9784 -0.0000 0.0000 0.0000 88.3125 -3.7675 36.3125 -24.8744 36.0754 -8.2159 0.0000 -0.0000 -1.6720 -16.2870 7.5988 -2.2125 7.1250 -0.0000 -0.0000 7.6644 -22.0914 4.2565
1.3349 18.4257 0.9675 137.0330 84.6152 145.8220 0.0000 0.0000 0.0000 -17.8790 2.1139 -13.3367 0.8011 5.7125 15.9525 0.3390 -7.2928 -10.8251 2.3693 -9.5963 -27.6792 0.0000 0.0000 0.0000 15.7560 -2.6355 -13.5949 -0.9532 -6.2174 17.4167 -0.8178 2.1916 -16.4858 -0.4430 4.2704 -11.8386 -1.0417 0.7770 -4.6217 -3.2246 1.2404 0.4780 -2.6501 0.6475 3.1362 13.3854 13.2617 -6.6490 -13.6873 23.5562 29.9428 -3.6441 10.9615 14.8563 0.0000 -0.0000 0.0000 -78.0291 2.7087 33.1488 23.4611 -34.5892 -7.3984 -0.0000 0.0000 -14.6707 10.1509 26.8873 4.6291 -7.1250 0.0000 -0.0000 -21.5194 55.9081 -5.9557 0.0000 -0.0000 0.0000 87.5514 -2.9856 37.7656 -26.8716 38.0564 -9.4198 0.0000 -0.0000 -2.5871 -14.1522 6.5642 -1.6511 7.1250 -0.0000 -0.0000 9.2623 -23.2309 4.9204
1.1772 18.4165 1.0570 147.0570 83.6565 156.3250 0.0000 0.0000 0.0000 -17.1499 0.8952 -15.3144 0.9578 6.2319 17.4587 0.2722 -7.7923 -10.0559 1.9171 -8.6912 -24.8339 0.0000 0.0000 0.0000 16.4465 -3.0701 -15.4709 -1.0766 -6.5955 18.5223 -0.8338 2.0452 -16.6830 -0.3908 4.0141 -11.1163 -1.2251 0.7288 -2.8028 -3.3167 1.1550 1.0818 -2.6667 0.6066 2.7302 13.1135 13.2286 -7.0891 -14.1805 23.3805 29.0923 -3.7994 10.7756 14.5745 0.0000 -0.0000 0.0000 -77.2569 2.1260 32.8001 24.3792 -35.5627 -7.9260 -0.0000 0.0000 -15.0412 10.5063 26.8837 4.7935 -7.1250 0.0000 -0.0000 -21.1631 55.9754 -5.8857 0.0000 -0.0000 0.0000 86.7443 -2.1491 39.2628 -28.8609 39.8968 -10.6714 0.0000 -0.0000 -2.6014 -15.4539 7.1252 -1.9640 7.1250 -0.0000 -0.0000 8.2864 -22.6125 4.5093
1.0044 18.4048 1.1490 152.1280 82.3422 162.2500 0.0000 0.0000 0.0000 -16.8676 -0.2070 -17.7383 1.1025 6.6716 18.7460 0.2073 -8.4154 -9.3630 1.9382 -8.7362 -24.9737 0.0000 0.0000 0.0000 16.7564 -3.6850 -18.0296 -1.2331 -7.0421 19.8401 -0.8346 2.2123 -16.6555 -0.4052 4.0865 -11.3200 -1.9459 0.6339 -1.0267 -3.3298 1.0159 1.6134 -2.2995 0.5315 2.2607 12.7415 13.1557 -7.5123 -14.7663 23.2305 28.3057 -3.9697 10.5898 14.3315 -0.0000 -0.0000 0.0000 -76.8775 1.6700 31.7391 25.6845 -36.8954 -8.6975 -0.0000 0.0000 -15.2994 9.9378 26.2344 4.4287 -7.1250 0.0000 -0.0000 -21.3198 55.2604 -5.5553 -0.0000 -0.0000 0.0000 85.4717 -1.2312 40.5768 -31.2958 41.9785 -12.2672 0.0000 -0.0000 -1.8392 -16.1579 8.6187 -2.4861 7.1250 -0.0000 -0.0000 7.7321 -21.0468 4.4797
0.8310 18.3857 1.2446 158.2040 81.0339 169.3860 0.0000 0.0000 0.0000 -16.1077 -1.1724 -20.5569 1.2649 7.1290 20.0980 0.1265 -9.4791 -8.6765 1.9512 -8.7637 -25.0588 0.0000 0.0000 0.0000 17.5191 -3.9789 -20.7258 -1.3986 -7.4813 21.1494 -0.8448 2.2734 -16.7476 -0.3133 3.5982 -9.9488 -2.2016 0.4677 0.8829 -3.2251 0.7435 2.0704 -2.0713 0.3974 1.6456 12.2103 13.1901 -8.0981 -15.3962 23.2597 27.4683 -4.0769 10.4533 14.1258 -0.0000 -0.0000 0.0000 -76.5285 1.6407 31.0827 27.8324 -38.9615 -10.0181 -0.0000 0.0000 -17.0892 10.2058 27.0455 4.6798 -7.1250 0.0000 -0.0000 -21.5666 56.0657 -6.0535 -0.0000 -0.0000 0.0000 83.9284 -0.2022 42.1447 -33.8883 44.0018 -14.0354 0.0000 -0.0000 -0.6496 -15.6377 8.4106 -2.3445 7.1250 -0.0000 -0.0000 8.1119 -21.2861 4.6597
0.6569 18.3569 1.3392 162.3710 79.5095 175.0350 0.0000 0.0000 0.0000 -15.4229 -2.2024 -24.1121 1.4744 7.6727 21.7244 -0.0063 -10.6229 -7.3499 1.7787 -8.3891 -23.9023 0.0000 0.0000 0.0000 18.1788 -4.0232 -23.9511 -1.5900 -7.9540 22.5744 -0.8634 2.2213 -16.9485 -0.2203 3.0212 -8.3378 -2.3240 0.3624 2.4054 -3.3522 0.5781 2.5478 -2.1452 0.3252 1.2804 12.0060 13.0605 -8.5686 -16.3241 22.8853 26.0297 -4.4316 10.1707 13.6624 -0.0000 0.0000 0.0000 -75.5886 1.7101 30.6476 30.6456 -41.4404 -11.8346 -0.0000 0.0000 -18.6263 10.3178 27.3267 4.7773 -7.1250 0.0000 -0.0000 -21.6380 56.3486 -6.2258 -0.0000 0.0000 0.0000 82.5623 0.8438 43.6076 -37.1104 46.2616 -16.3197 0.0000 0.0000 0.0114 -16.9064 7.6587 -2.3196 7.1250 -0.0000 -0.0000 7.2127 -22.0017 4.0164
0.4713 18.3198 1.4397 166.9090 78.3854 181.4930 0.0000 0.0000 0.0000 -14.2339 -3.2421 -28.5061 1.7654 8.3592 23.8106 -0.0900 -11.3639 -6.5692 1.5985 -7.9743 -22.6362 0.0000 0.0000 0.0000 19.3384 -3.7732 -27.7449 -1.7735 -8.3774 23.8664 -0.8361 2.0584 -16.7033 -0.2169 2.9981 -8.2734 -2.4594 0.3107 3.7567 -3.1921 0.4713 2.8882 -1.9120 0.2759 0.8703 11.6538 12.9956 -9.1904 -17.3656 22.5885 24.3768 -4.7664 9.9018 13.1702 0.0000 0.0000 0.0000 -74.8810 1.6539 30.0219 33.6766 -43.8437 -13.8886 -0.0000 0.0000 -20.3713 11.1092 27.7627 5.2261 -7.1250 0.0000 -0.0000 -21.1322 56.9149 -6.3647 0.0000 0.0000 0.0000 80.4073 1.8173 45.0651 -41.3217 48.8338 -19.4285 0.0000 0.0000 0.3926 -16.5077 8.0983 -2.3906 7.1250 -0.0000 -0.0000 7.4916 -21.5661 4.2491
0.3060 18.2688 1.5003 168.8160 76.7731 184.9670 0.0000 0.0000 0.0000 -13.5856 -4.7303 -31.6844 1.9550 8.7718 25.0840 -0.1272 -11.5597 -6.1137 1.5020 -7.7411 -21.9305 0.0000 0.0000 0.0000 19.9388 -4.2987 -31.4746 -2.0475 -8.9644 25.6840 -0.8541 2.6179 -16.7746 -0.1416 2.4248 -6.6812 -2.5605 0.1145 5.4315 -3.2042 0.1746 3.3067 -1.8660 0.1408 0.3638 11.2854 12.8211 -9.9329 -18.1788 22.1428 23.0429 -5.0363 9.5802 12.7815 -0.0000 -0.0000 0.0000 -74.2456 2.7316 29.3331 38.4706 -47.1372 -17.3097 -0.0000 0.0000 -21.2290 11.3754 28.8412 5.5432 -7.1250 0.0000 -0.0000 -21.6069 57.9710 -7.0750 -0.0000 -0.0000 0.0000 78.0629 2.9613 46.6855 -46.0576 51.2762 -23.0609 0.0000 0.0000 0.3013 -15.9935 6.7511 -1.9298 7.1250 -0.0000 -0.0000 7.9056 -22.9763 4.2316
0.1518 18.2088 1.5740 170.2930 76.0222 188.1690 0.0000 0.0000 0.0000 -12.7444 -5.8173 -34.9582 2.1532 9.1782 26.3543 -0.1459 -11.9143 -6.1237 1.6554 -8.1081 -23.0428 0.0000 0.0000 0.0000 20.6176 -4.1076 -35.3148 -2.3620 -9.5826 27.6355 -0.8562 3.0936 -16.7140 -0.1102 2.1405 -5.8941 -3.0118 0.2620 7.0555 -3.3438 0.3126 3.6194 -1.7763 0.2228 -0.2118 11.3293 12.6585 -10.9042 -18.7820 21.6460 22.0698 -5.2926 9.2584 12.6019 -0.0000 0.0000 0.0000 -73.1653 3.5448 29.4562 43.4619 -49.9923 -21.0539 -0.0000 0.0000 -23.4979 15.0173 29.6140 7.5516 -7.1250 0.0000 -0.0000 -18.3754 59.5053 -6.6463 -0.0000 0.0000 0.0000 76.2396 4.2258 47.0928 -50.2448 53.0938 -26.3698 0.0000 0.0000 0.9305 -15.4282 8.0116 -2.2027 7.1250 -0.0000 -0.0000 8.2748 -21.7048 4.6758
0.0016 18.1313 1.6256 171.3030 75.9080 191.0280 0.0000 0.0000 0.0000 -11.9332 -6.5888 -38.4194 2.3838 9.6235 27.7658 -0.1696 -12.4703 -6.2526 1.5473 -7.8516 -22.2642 0.0000 0.0000 0.0000 21.3147 -4.0229 -39.4837 -2.7247 -10.2354 29.7425 -0.8106 4.1138 -16.1224 -0.1104 2.1428 -5.9005 -3.7841 0.5402 8.2944 -3.3567 0.6074 3.9665 -1.3928 0.3761 -0.5377 10.7285 12.3724 -11.9342 -19.1496 21.0238 21.0851 -5.3837 8.8562 12.2934 0.0000 -0.0000 0.0000 -72.5637 3.8766 28.7947 48.1143 -52.2061 -24.6760 -0.0000 0.0000 -23.8982 14.8900 29.4266 7.4427 -7.1250 0.0000 -0.0000 -18.3765 59.2984 -6.5552 0.0000 -0.0000 0.0000 73.9070 5.7294 47.5101 -54.7178 54.7297 -29.9855 0.0000 0.0000 1.7358 -15.6912 8.4645 -2.3679 7.1250 -0.0000 -0.0000 8.0719 -21.2282 4.6469
-0.1385 18.0418 1.6734 171.6080 75.5750 192.8490 0.0000 0.0000 0.0000 -11.4018 -7.1844 -41.5930 2.6739 10.1475 29.4558 -0.2001 -13.2146 -6.4812 1.3049 -7.2365 -20.4179 0.0000 0.0000 0.0000 21.8217 -4.1372 -43.3637 -3.1415 -10.9207 32.0130 -0.7983 5.0619 -15.9360 -0.1089 2.1280 -5.8596 -4.5443 0.7714 10.2036 -3.6248 0.7683 4.1310 -1.2919 0.4786 -1.4164 10.6094 12.0557 -12.9732 -19.1724 20.3390 20.7317 -5.4530 8.4669 12.2314 0.0000 -0.0000 0.0000 -71.6040 3.8157 28.3010 52.0657 -53.7954 -27.8325 -0.0000 0.0000 -24.6473 14.5330 29.2652 7.2224 -7.1250 0.0000 -0.0000 -18.6386 59.0647 -6.5477 0.0000 -0.0000 0.0000 72.1684 7.1670 47.5189 -59.0835 56.0607 -33.5796 0.0000 0.0000 2.5168 -15.1434 8.0640 -2.1742 7.1250 -0.0000 -0.0000 8.4791 -21.6637 4.8017
-0.2687 17.9387 1.7036 173.5810 74.7759 196.5390 0.0000 0.0000 0.0000 -10.2854 -8.0100 -45.4700 3.0269 10.7384 31.4027 -0.2363 -13.4624 -6.1590 1.0052 -6.3797 -17.8900 0.0000 0.0000 0.0000 22.9894 -4.5995 -47.4944 -3.5618 -11.5533 34.1694 -0.7666 6.2622 -15.6152 -0.0927 1.9635 -5.4047 -4.8818 0.8017 11.1403 -3.5159 0.7863 4.7163 -1.0033 0.4958 -1.3199 10.0774 11.7692 -14.0842 -19.5283 19.6911 19.6100 -5.5487 8.0671 11.9012 0.0000 -0.0000 0.0000 -71.0454 3.0887 27.5655 56.1231 -55.1851 -31.1360 -0.0000 0.0000 -25.7086 14.1816 29.3047 7.0508 -7.1250 0.0000 -0.0000 -19.0351 59.0226 -6.6741 0.0000 -0.0000 0.0000 69.8844 9.5426 47.1714 -62.9542 57.0471 -36.8098 0.0000 0.0000 1.5308 -15.1926 8.0111 -2.1673 7.1250 -0.0000 -0.0000 8.4452 -21.7157 4.7721
-0.3926 17.8368 1.7266 174.2230 73.8902 198.4520 0.0000 0.0000 0.0000 -9.7410 -8.5042 -48.7593 3.4178 11.3425 33.4440 -0.1524 -12.8393 -6.8673 0.7724 -5.6115 -15.6613 0.0000 0.0000 0.0000 23.5884 -4.9195 -50.9396 -3.9984 -12.1583 36.2942 -0.7646 6.9959 -15.6355 -0.0639 1.6309 -4.4866 -5.2565 0.9506 13.2426 -3.7521 0.8302 4.8827 -1.0883 0.5515 -2.2831 10.2460 11.3195 -14.5067 -19.5314 18.6845 18.8162 -5.7440 7.6214 11.5227 0.0000 -0.0000 0.0000 -69.8130 2.4246 27.6901 59.3821 -56.1430 -33.8275 -0.0000 0.0000 -27.8968 14.4324 30.0429 7.3419 -7.1250 0.0000 -0.0000 -19.3070 59.7750 -7.1238 0.0000 -0.0000 0.0000 68.1962 10.9401 46.6669 -66.7872 57.8627 -40.0414 0.0000 0.0000 0.3541 -15.9203 7.4937 -2.1305 7.1250 -0.0000 -0.0000 7.9341 -22.2152 4.3865
-0.5113 17.7315 1.7548 174.9970 73.6422 200.7170 0.0000 0.0000 0.0000 -9.3207 -8.4545 -52.3373 3.8330 11.9348 35.5018 -0.0097 -12.1698 -8.4043 0.7907 -5.6763 -15.8480 0.0000 0.0000 0.0000 23.9527 -4.1977 -54.2265 -4.4469 -12.7325 38.3751 -0.8018 7.0690 -16.0083 -0.0819 1.8456 -5.0793 -6.0298 1.2062 14.8771 -3.9277 0.9877 5.1493 -0.9023 0.6562 -2.8845 9.9736 11.0704 -15.2421 -19.5820 18.0748 17.9440 -5.7847 7.3027 11.2169 -0.0000 -0.0000 0.0000 -68.5654 0.8237 26.9084 61.3071 -56.6483 -35.4309 -0.0000 0.0000 -28.5485 13.9922 29.5954 7.0158 -7.1250 0.0000 -0.0000 -19.4421 59.2534 -6.9319 -0.0000 -0.0000 0.0000 66.7399 13.2297 46.0186 -69.4568 58.3437 -42.3080 0.0000 0.0000 0.1292 -15.5125 7.5639 -2.0924 7.1250 -0.0000 -0.0000 8.2282 -22.1602 4.5628
-0.6135 17.6184 1.7498 175.4230 72.4308 202.5380 0.0000 0.0000 0.0000 -8.7515 -9.2680 -55.5787 4.2270 12.4565 37.3666 -0.0346 -12.4483 -8.2622 0.8549 -5.8967 -16.4849 0.0000 0.0000 0.0000 24.4240 -4.4350 -57.5727 -4.9150 -13.2874 40.4541 -0.8265 7.5238 -16.2831 -0.0608 1.5906 -4.3754 -6.0482 1.0404 16.7228 -4.1586 0.6932 5.5638 -1.1227 0.5491 -3.4135 9.9629 10.9478 -15.9650 -19.7771 17.5788 16.8386 -5.8934 7.0521 10.8933 0.0000 -0.0000 0.0000 -67.1700 -1.2446 26.1122 62.8535 -57.0236 -36.7254 -0.0000 0.0000 -29.3196 14.0648 29.6943 7.0746 -7.1250 0.0000 -0.0000 -19.4378 59.3628 -6.9815 0.0000 -0.0000 0.0000 65.7141 15.7948 45.3211 -71.4774 58.6631 -44.0310 0.0000 0.0000 0.5177 -15.9832 7.6939 -2.1961 7.1250 -0.0000 -0.0000 7.8823 -22.0067 4.3951
-0.6962 17.4967 1.7351 175.9610 71.6816 204.7020 0.0000 0.0000 0.0000 -7.7924 -10.1496 -59.0200 4.6769 13.0104 39.4076 -0.1704 -13.0448 -6.7795 0.6964 -5.3343 -14.8647 0.0000 0.0000 0.0000 24.7040 -4.1105 -60.9712 -5.4088 -13.8299 42.5602 -0.8531 7.8923 -16.5692 -0.0722 1.7336 -4.7699 -6.5098 1.0067 18.2267 -4.2853 0.5086 5.8641 -0.9934 0.4897 -3.8763 9.4887 10.7391 -16.7413 -19.6903 17.0746 15.9621 -5.8297 6.7852 10.5876 -0.0000 0.0000 0.0000 -65.9853 -3.7776 24.8279 63.4347 -57.1578 -37.2133 -0.0000 0.0000 -31.1285 14.4462 30.5416 7.4582 -7.1250 0.0000 -0.0000 -19.6696 60.2461 -7.4862 -0.0000 0.0000 0.0000 64.4309 18.9019 44.8765 -72.3383 58.7879 -44.7668 0.0000 0.0000 0.7940 -16.1374 7.6980 -2.2196 7.1250 -0.0000 -0.0000 7.7702 -21.9957 4.3334
-0.7701 17.3555 1.7154 175.9850 70.9843 206.2820 0.0000 0.0000 0.0000 -7.2204 -10.6786 -62.7208 5.2625 13.6734 41.9446 -0.2530 -13.7291 -6.1700 0.6769 -5.2607 -14.6536 0.0000 0.0000 0.0000 24.7318 -3.8396 -64.4442 -6.0306 -14.4580 45.1045 -0.8905 8.3864 -16.9660 -0.0467 1.3953 -3.8371 -6.6881 0.9934 19.8867 -4.7466 0.3674 6.1136 -1.3944 0.4651 -4.4630 9.3278 10.4814 -17.4335 -19.4818 16.4233 15.1574 -5.8096 6.4836 10.2859 -0.0000 -0.0000 0.0000 -63.8503 -6.5464 24.1674 63.4939 -57.1713 -37.2630 -0.0000 0.0000 -33.0367 15.0946 29.7070 7.6132 -7.1250 0.0000 -0.0000 -18.3602 59.6112 -6.6873 -0.0000 -0.0000 0.0000 63.5448 21.6688 44.1415 -73.1857 58.9043 -45.4920 0.0000 0.0000 0.1485 -16.1337 7.7953 -2.2469 7.1250 -0.0000 -0.0000 7.7702 -21.8956 4.3513
-0.8307 17.1841 1.6766 176.4840 70.4079 208.4100 0.0000 0.0000 0.0000 -6.7679 -10.6629 -66.8003 5.9436 14.3735 44.7551 -0.3426 -14.8359 -5.9746 0.5878 -4.9087 -13.6483 0.0000 0.0000 0.0000 25.0855 -3.7483 -68.1844 -6.7482 -15.1162 47.9156 -0.9200 9.2822 -17.3475 -0.0477 1.4092 -3.8754 -6.7797 0.9468 21.3428 -5.1360 0.1943 6.2741 -1.7584 0.4195 -5.0334 9.2367 10.2663 -17.9418 -19.4400 15.8795 14.2898 -5.8465 6.2389 9.9763 -0.0000 0.0000 0.0000 -61.9709 -9.4907 23.1941 63.3234 -57.1324 -37.1198 -0.0000 0.0000 -34.5563 14.6513 30.0154 7.4508 -7.1250 0.0000 -0.0000 -19.0550 59.8000 -7.0381 -0.0000 0.0000 0.0000 63.0650 24.9513 43.8955 -72.5244 58.8140 -44.9260 0.0000 -0.0000 -1.0237 -16.7880 7.6357 -2.2956 7.1250 -0.0000 -0.0000 7.2992 -22.0309 4.0605
-0.8775 16.9787 1.6374 177.1210 70.1840 210.8690 0.0000 0.0000 0.0000 -6.5094 -10.1220 -71.2790 6.6909 15.0660 47.6955 -0.4786 -16.2378 -5.5715 0.5623 -4.8028 -13.3469 0.0000 0.0000 0.0000 25.2885 -3.2018 -72.1502 -7.5778 -15.7998 51.0274 -0.9487 10.0711 -17.7217 -0.0426 1.3316 -3.6617 -6.9429 1.0587 22.5336 -5.6881 0.1910 6.2587 -2.3055 0.4537 -5.6561 9.2584 9.8736 -18.1887 -19.0178 14.9851 13.4300 -5.8403 5.8837 9.5362 0.0000 0.0000 0.0000 -59.3530 -12.5999 22.3793 62.5535 -56.9528 -36.4738 -0.0000 0.0000 -36.8844 14.8876 30.4899 7.6821 -7.1250 0.0000 -0.0000 -19.1603 60.3019 -7.3093 0.0000 0.0000 0.0000 63.4613 27.3817 43.3947 -71.7929 58.7096 -44.3005 0.0000 -0.0000 -1.6703 -16.5522 8.5573 -2.5322 7.1250 -0.0000 -0.0000 7.4495 -21.0901 4.3058
-0.9032 16.7664 1.5904 177.2240 69.9876 212.5260 0.0000 0.0000 0.0000 -6.6821 -9.4954 -75.4339 7.5348 15.7662 50.8692 -0.6699 -18.0098 -5.0778 0.5374 -4.6970 -13.0463 0.0000 0.0000 0.0000 25.4248 -3.0941 -75.9362 -8.4770 -16.4591 54.2632 -0.9925 11.1139 -18.2832 -0.0576 1.5490 -4.2608 -7.5719 1.0545 23.7300 -5.9600 -0.0188 6.4823 -2.2252 0.3907 -6.0053 8.5439 9.6708 -19.1180 -18.4889 14.5603 12.7464 -5.5727 5.6733 9.2970 -0.0000 0.0000 0.0000 -57.3142 -15.8831 20.7719 61.3197 -56.6515 -35.4414 -0.0000 0.0000 -39.5892 14.7639 30.9603 7.7208 -7.1250 0.0000 -0.0000 -19.6572 60.7138 -7.7011 -0.0000 0.0000 0.0000 62.5523 31.3534 43.3778 -70.0621 58.4434 -42.8235 0.0000 -0.0000 -3.8326 -17.1972 7.8255 -2.4130 7.1250 -0.0000 -0.0000 6.9978 -21.8154 3.9248
-0.9237 16.5450 1.5374 176.9500 69.2586 213.7860 0.0000 0.0000 0.0000 -6.5958 -9.4319 -79.5067 8.4272 16.4246 54.0872 -0.9091 -19.8126 -4.2861 0.3667 -3.8899 -10.7670 0.0000 0.0000 0.0000 25.6324 -3.4353 -79.7933 -9.4225 -17.0720 57.5400 -1.0395 12.0549 -18.8626 -0.0793 1.8160 -4.9973 -7.4812 0.9714 25.0596 -6.2384 -0.2102 6.5990 -2.5695 0.3328 -6.5452 8.1211 9.1474 -19.5037 -18.1259 13.7006 12.0190 -5.5065 5.3020 8.9272 0.0000 0.0000 0.0000 -55.2115 -19.5844 19.5733 59.0430 -56.0495 -33.5461 -0.0000 0.0000 -42.5792 13.7232 31.1089 7.1911 -7.1250 0.0000 -0.0000 -20.8849 60.6032 -8.1510 0.0000 0.0000 0.0000 61.6185 34.8300 42.3826 -68.0372 58.0965 -41.1012 0.0000 -0.0000 -6.5279 -16.9150 7.7196 -2.3392 7.1250 -0.0000 -0.0000 7.2049 -21.9383 4.0225
-0.9258 16.3274 1.4729 176.5020 68.9715 214.5630 0.0000 0.0000 0.0000 -7.0056 -9.0365 -83.1026 9.3465 17.0256 57.2809 -1.1842 -21.7862 -3.6682 0.2805 -3.4064 -9.4124 0.0000 0.0000 0.0000 25.3799 -3.5777 -83.0312 -10.3842 -17.6203 60.7650 -1.0966 12.8836 -19.4983 -0.0955 1.9932 -5.4869 -8.3054 1.1505 25.8876 -6.1450 -0.1510 7.0707 -2.0320 0.3904 -6.4113 7.6043 8.6995 -20.0922 -18.1377 13.0691 11.2545 -5.5081 4.9989 8.6530 -0.0000 0.0000 0.0000 -53.8496 -23.7723 17.8434 56.9470 -55.4399 -31.8135 -0.0000 0.0000 -46.8359 14.2787 31.7540 7.6286 -7.1250 0.0000 -0.0000 -20.8234 61.3350 -8.4891 -0.0000 0.0000 0.0000 60.1955 38.7115 41.1969 -65.0263 57.5070 -38.5531 0.0000 -0.0000 -9.3992 -16.4860 7.5906 -2.2387 7.1250 -0.0000 -0.0000 7.5199 -22.0910 4.1750
-0.9118 16.0934 1.4202 176.2360 68.2205 215.3730 0.0000 0.0000 0.0000 -7.1937 -8.7560 -86.4764 10.2907 17.5701 60.4557 -1.5044 -23.7739 -2.9099 0.2396 -3.1502 -8.6971 0.0000 0.0000 0.0000 25.4488 -4.0503 -86.2880 -11.4704 -18.1577 64.2998 -1.1818 13.6680 -20.3239 -0.1130 2.1675 -5.9687 -8.5968 1.1338 27.1341 -6.0537 -0.3065 7.3304 -1.7490 0.3479 -6.7206 7.0966 8.3368 -20.4945 -17.8490 12.5346 10.6664 -5.3972 4.7650 8.3953 -0.0000 0.0000 0.0000 -52.2909 -27.5857 15.8812 53.8207 -54.4249 -29.2544 -0.0000 0.0000 -51.2651 11.8536 31.3026 6.2234 -7.1250 0.0000 -0.0000 -23.0131 60.3377 -8.8852 -0.0000 0.0000 0.0000 59.1562 42.1794 40.1802 -62.2064 56.8698 -36.1830 0.0000 -0.0000 -13.1725 -15.7553 7.0986 -1.9968 7.1250 -0.0000 -0.0000 8.0675 -22.6281 4.3848
-0.8895 15.8333 1.3404 175.6420 67.5328 215.6280 0.0000 0.0000 0.0000 -7.5892 -8.6854 -89.5219 11.2711 18.0652 63.6589 -1.8422 -25.5196 -1.8737 0.2149 -2.9841 -8.2346 0.0000 0.0000 0.0000 25.2314 -4.8657 -89.6203 -12.7680 -18.6968 68.4035 -1.2220 14.6774 -20.8758 -0.1093 2.1321 -5.8710 -8.4025 0.9208 28.2141 -6.1970 -0.5700 7.6113 -1.9586 0.2536 -6.9260 6.8630 8.0609 -20.9555 -17.5210 12.0773 10.3126 -5.3082 4.5647 8.2533 -0.0000 0.0000 0.0000 -50.0519 -30.5295 14.1763 52.1002 -53.8082 -27.8604 -0.0000 0.0000 -56.2196 10.6001 31.2906 5.5517 -7.1250 0.0000 -0.0000 -24.3064 60.0329 -9.2412 -0.0000 0.0000 0.0000 58.4034 45.6550 39.2874 -59.2321 56.1018 -33.7030 0.0000 -0.0000 -18.0957 -14.3169 5.9853 -1.5244 7.1250 -0.0000 -0.0000 9.1711 -23.8150 4.7457
-0.8629 15.5655 1.2785 174.0770 66.9470 215.0110 0.0000 0.0000 0.0000 -8.6165 -8.5620 -92.7164 12.3345 18.5285 67.0453 -2.2119 -27.2821 -0.8566 0.1054 -2.0936 -5.7645 0.0000 0.0000 0.0000 24.7388 -5.7637 -93.1327 -14.1353 -19.1546 72.6172 -1.3050 15.0426 -21.5490 -0.2006 2.8837 -7.9553 -8.5553 0.8716 29.1395 -6.2806 -0.6981 7.8645 -1.9442 0.2248 -7.0739 6.6193 7.7053 -21.1506 -17.5506 11.5753 9.7137 -5.3482 4.3470 8.0125 0.0000 -0.0000 0.0000 -49.2429 -35.1162 12.8107 48.5165 -52.3794 -24.9942 -0.0000 0.0000 -57.8618 8.7717 31.3822 4.5940 -7.1250 0.0000 -0.0000 -26.2619 59.6914 -9.8292 0.0000 -0.0000 0.0000 57.0336 49.0284 37.6191 -56.0112 55.1498 -31.0442 0.0000 -0.0000 -22.6832 -13.3227 5.2392 -1.2388 7.1250 -0.0000 -0.0000 9.9495 -24.5969 4.9773
-0.8308 15.2979 1.2155 173.1810 66.2353 214.9290 0.0000 0.0000 0.0000 -9.2119 -8.3673 -95.8400 13.5164 18.9607 70.7219 -2.6011 -29.0656 -0.0879 0.0481 -1.4148 -3.8910 0.0000 0.0000 0.0000 23.8733 -6.5016 -96.2575 -15.5732 -19.5235 76.9574 -1.2625 15.6486 -21.4307 -0.2202 3.0206 -8.3360 -8.3036 0.7519 29.9753 -6.2821 -0.8146 8.0362 -2.0677 0.1910 -7.2809 6.1970 7.4107 -21.4471 -17.2002 11.1471 9.2080 -5.2160 4.1759 7.7896 0.0000 -0.0000 0.0000 -47.7135 -38.7130 11.4522 46.0415 -51.2686 -23.0484 -0.0000 0.0000 -60.3077 12.2331 31.7804 6.5142 -7.1250 0.0000 -0.0000 -23.0197 60.8628 -9.1772 0.0000 -0.0000 0.0000 55.5789 52.4635 35.8476 -52.4336 53.9311 -28.1297 0.0000 -0.0000 -26.2956 -12.3857 4.8275 -1.0588 7.1250 -0.0000 -0.0000 10.6729 -25.0299 5.2419
-0.7917 15.0192 1.1530 172.1470 65.3897 213.6480 0.0000 0.0000 0.0000 -9.7819 -8.4749 -97.6153 14.6751 19.3061 74.2559 -2.8991 -30.1251 1.0685 0.0012 -0.2224 -0.6110 0.0000 0.0000 0.0000 22.5374 -7.9206 -98.5090 -17.1999 -19.8110 81.7882 -1.1957 16.2102 -21.1486 -0.3115 3.5880 -9.9203 -8.2430 0.7229 32.2455 -6.1651 -1.0197 7.7563 -1.8437 0.1769 -7.9084 5.9670 7.0051 -21.7931 -16.8446 10.6079 9.3281 -5.1383 3.9214 7.7800 0.0000 -0.0000 0.0000 -46.0050 -41.2115 10.6160 44.7039 -50.6226 -22.0096 -0.0000 0.0000 -63.5130 14.1277 32.9999 7.8056 -7.1250 0.0000 -0.0000 -22.0815 62.4436 -9.6097 0.0000 -0.0000 0.0000 54.0342 55.5857 34.6577 -49.3546 52.7319 -25.6597 0.0000 -0.0000 -29.0376 -12.2161 4.7982 -1.0375 7.1250 -0.0000 -0.0000 10.8011 -25.0622 5.2987
-0.7614 14.7169 1.0944 172.1420 64.9576 213.4610 0.0000 0.0000 0.0000 -10.8186 -7.8091 -100.3347 16.1178 19.6348 78.5826 -3.0018 -30.3348 1.9296 0.0603 1.5841 4.3575 0.0000 0.0000 0.0000 21.6526 -8.8776 -100.9581 -18.8503 -19.9683 86.6367 -1.0814 16.6631 -20.5165 -0.3240 3.6587 -10.1183 -8.1610 0.8109 33.1729 -6.0087 -0.8886 8.0087 -1.7841 0.2607 -7.9879 5.7641 6.7553 -22.2420 -16.5188 10.2355 9.1417 -5.0441 3.7574 7.7135 0.0000 0.0000 0.0000 -44.9427 -44.4179 9.1722 42.8159 -49.6525 -20.5604 -0.0000 0.0000 -64.9739 12.7130 33.4192 7.0827 -7.1250 0.0000 -0.0000 -23.9980 62.4634 -10.5050 0.0000 0.0000 0.0000 52.2780 58.9193 33.0466 -46.5581 51.5093 -23.4520 0.0000 -0.0000 -31.5719 -11.8001 4.5944 -0.9587 7.1250 -0.0000 -0.0000 11.1260 -25.2730 5.4082
-0.7175 14.3836 1.0421 172.2510 64.3415 213.0440 0.0000 0.0000 0.0000 -10.8010 -7.6525 -102.9216 17.8566 19.8895 83.7222 -2.8021 -29.6033 1.2450 0.0665 1.6639 4.5777 0.0000 0.0000 0.0000 21.1530 -10.2131 -103.4353 -20.6117 -19.9910 91.7887 -1.0173 16.5749 -20.0390 -0.4584 4.3431 -12.0439 -8.0947 0.9635 34.4654 -5.7560 -0.7459 8.0702 -1.6317 0.3560 -8.4029 5.6385 6.5284 -22.2767 -16.2088 9.8768 8.9162 -4.9705 3.6206 7.5734 -0.0000 -0.0000 0.0000 -43.8437 -46.9389 8.2975 41.2158 -48.7740 -19.3488 -0.0000 0.0000 -66.8952 11.6729 33.7678 6.5507 -7.1250 0.0000 -0.0000 -25.4463 62.5096 -11.2099 -0.0000 -0.0000 0.0000 50.5801 62.0601 31.4045 -43.6441 50.0866 -21.1935 0.0000 -0.0000 -35.0963 -11.3884 4.5377 -0.9130 7.1250 -0.0000 -0.0000 11.4364 -25.3353 5.5480
-0.6790 14.0333 0.9982 172.0480 63.5532 212.3940 0.0000 0.0000 0.0000 -10.3119 -7.3237 -105.5409 19.4956 19.9939 88.5251 -3.0304 -30.1314 3.1210 0.0605 1.5865 4.3641 0.0000 0.0000 0.0000 20.6215 -11.8084 -105.9196 -22.3414 -19.8681 96.8602 -0.8988 16.7595 -19.2658 -0.6221 5.0472 -14.0433 -7.9839 0.8548 35.4842 -5.5790 -0.8813 8.0960 -1.5163 0.3214 -8.6261 5.5140 6.2948 -22.2836 -15.7087 9.4605 8.5994 -4.8409 3.4746 7.3806 -0.0000 -0.0000 0.0000 -42.3278 -49.1164 6.7014 39.6453 -47.8583 -18.1758 -0.0000 0.0000 -68.0588 5.5210 33.4205 3.0474 -7.1250 0.0000 -0.0000 -31.4453 60.6897 -12.7508 -0.0000 -0.0000 0.0000 49.5976 65.5328 30.2753 -40.6019 48.4225 -18.8883 0.0000 -0.0000 -37.3690 -10.6070 4.0712 -0.7617 7.1250 -0.0000 -0.0000 12.0587 -25.8089 5.7262
-0.6369 13.6840 0.9603 171.1000 62.7413 210.9190 0.0000 0.0000 0.0000 -10.1927 -7.3004 -107.6467 20.9687 19.9775 92.8334 -3.1831 -30.5497 4.2106 0.1111 2.1493 5.9185 0.0000 0.0000 0.0000 19.6663 -13.8447 -108.4711 -24.0726 -19.5976 101.9847 -0.6049 17.4802 -17.4015 -0.2204 3.0219 -8.3397 -7.8916 0.8122 36.3610 -5.5887 -0.8899 8.3219 -1.5889 0.3529 -8.6918 5.4788 6.0404 -22.6119 -15.1801 9.0367 8.7016 -4.7183 3.2954 7.3817 -0.0000 0.0000 0.0000 -40.6022 -51.4730 5.9941 38.6313 -47.2377 -17.4276 -0.0000 0.0000 -69.5754 0.2828 32.8667 0.1535 -7.1250 0.0000 -0.0000 -36.0386 59.0140 -13.4225 -0.0000 0.0000 0.0000 47.8969 68.4374 28.0212 -37.9784 46.8255 -16.9498 0.0000 -0.0000 -37.9134 -10.6581 4.0913 -0.7693 7.1250 -0.0000 -0.0000 12.0188 -25.7885 5.7123
-0.5960 13.3368 0.9230 170.4380 62.1187 209.4150 0.0000 0.0000 0.0000 -10.3891 -7.1098 -109.2755 22.3665 19.8652 96.9342 -3.2603 -30.8705 4.2838 0.1490 2.4875 6.8549 0.0000 0.0000 0.0000 18.8797 -15.7477 -110.4149 -25.5878 -19.2343 106.5406 -0.6027 17.6372 -17.4596 -0.8074 5.7343 -16.0155 -8.1207 0.9624 37.5530 -5.4036 -0.8141 8.4188 -1.3302 0.4282 -8.9819 5.1985 5.7218 -22.6084 -14.7116 8.5982 8.6145 -4.5781 3.1207 7.2625 -0.0000 0.0000 0.0000 -39.1389 -53.6472 5.4180 37.0921 -46.2495 -16.3065 -0.0000 0.0000 -70.8153 0.0867 32.7763 0.0469 -7.1250 0.0000 -0.0000 -36.1382 58.8968 -13.3620 -0.0000 0.0000 0.0000 46.2257 71.0947 25.9419 -35.5588 45.2071 -15.2086 0.0000 -0.0000 -38.4717 -10.0554 3.8768 -0.6869 7.1250 -0.0000 -0.0000 12.4882 -26.0062 5.8804
-0.5700 12.9944 0.8890 170.7720 61.6866 208.7720 0.0000 0.0000 0.0000 -9.7326 -6.5802 -111.0779 23.7549 19.6586 101.0388 -3.3010 -31.0438 4.2953 0.1602 2.5788 7.1082 0.0000 0.0000 0.0000 18.2637 -17.3403 -112.0503 -26.9698 -18.7930 110.7808 -0.5039 17.6710 -16.7171 -0.8693 5.9449 -16.6246 -7.7465 1.0482 38.3928 -5.4357 -0.5526 8.6862 -1.6772 0.5760 -8.9890 4.9524 5.3547 -22.9178 -14.2257 8.0888 8.5841 -4.4456 2.9015 7.2095 0.0000 0.0000 0.0000 -36.6702 -55.9026 4.5737 35.9397 -45.4716 -15.4795 -0.0000 0.0000 -72.6471 4.6140 34.7828 2.6360 -7.1250 0.0000 -0.0000 -33.7734 61.6007 -14.5561 0.0000 0.0000 0.0000 44.4335 73.6819 23.0974 -33.2468 43.5189 -13.5917 0.0000 -0.0000 -39.5670 -10.1990 3.8963 -0.7004 7.1250 -0.0000 -0.0000 12.3793 -25.9859 5.8328
-0.5310 12.6439 0.8479 170.8830 61.5034 207.7100 0.0000 0.0000 0.0000 -9.0601 -6.0818 -112.6107 25.1612 19.3490 105.2494 -3.2874 -31.0269 4.1167 0.1424 2.4319 6.7009 0.0000 0.0000 0.0000 17.3938 -19.0877 -113.4286 -28.3349 -18.2455 115.0767 -0.4358 17.8057 -16.2517 -1.1731 6.8748 -19.3450 -7.6454 1.2414 39.1969 -5.4707 -0.2613 8.9093 -1.9029 0.7413 -9.0103 4.7264 5.1801 -22.8508 -13.9367 7.8675 8.5212 -4.3430 2.8185 7.1299 -0.0000 0.0000 0.0000 -34.5844 -57.5884 4.7145 34.5319 -44.4749 -14.4844 -0.0000 0.0000 -73.3992 2.1878 33.4495 1.2063 -7.1250 0.0000 -0.0000 -34.7736 59.9253 -13.6473 -0.0000 0.0000 0.0000 43.0348 76.3886 20.6111 -30.5817 41.3868 -11.7923 0.0000 -0.0000 -39.5970 -9.8844 3.9817 -0.6932 7.1250 -0.0000 -0.0000 12.6052 -25.9033 5.9693
-0.5050 12.3266 0.8166 171.1380 61.4244 206.8610 0.0000 0.0000 0.0000 -8.5902 -5.5319 -113.9639 26.3577 19.0019 108.8911 -3.3124 -31.2691 3.5652 0.1251 2.2800 6.2801 0.0000 0.0000 0.0000 17.0597 -20.6944 -114.9040 -29.5910 -17.6335 119.1530 -0.4436 17.8085 -16.3152 -1.4414 7.5901 -21.4757 -7.7556 1.6121 39.7214 -5.2497 0.2283 9.2258 -1.8171 0.9844 -8.8163 4.4475 4.8801 -22.9973 -13.9272 7.5524 8.4607 -4.3364 2.6633 7.0930 0.0000 -0.0000 0.0000 -32.9661 -59.0887 4.2676 33.3713 -43.6135 -13.6775 -0.0000 0.0000 -72.8227 -0.4589 32.3237 -0.2454 -7.1250 0.0000 -0.0000 -36.2222 58.4094 -12.9634 0.0000 -0.0000 0.0000 40.1579 78.9994 16.9727 -27.9712 39.0897 -10.1055 0.0000 -0.0000 -39.1033 -10.0660 4.3378 -0.7692 7.1250 -0.0000 -0.0000 12.4359 -25.5490 5.9909
-0.4842 12.0363 0.7955 171.2430 61.4903 205.7950 0.0000 0.0000 0.0000 -8.2041 -4.9280 -114.9619 27.3843 18.6390 112.0724 -3.2998 -31.3139 3.1806 0.1490 2.4871 6.8539 0.0000 0.0000 0.0000 16.5509 -22.1350 -115.9099 -30.5352 -17.0977 122.3161 -0.3611 18.0392 -15.7830 -1.4219 7.5408 -21.3278 -8.0587 2.0304 40.3847 -5.0307 0.6856 9.5137 -1.6307 1.2178 -8.6905 4.3359 4.8419 -22.9059 -14.2592 7.5831 8.2440 -4.4225 2.6676 7.0269 -0.0000 -0.0000 0.0000 -31.7573 -60.4789 3.9108 32.7555 -43.1413 -13.2546 -0.0000 0.0000 -73.9148 0.5973 32.2461 0.3187 -7.1250 0.0000 -0.0000 -35.1371 58.5806 -12.6569 -0.0000 -0.0000 0.0000 37.3090 81.5374 13.1125 -25.5030 36.7137 -8.5888 0.0000 -0.0000 -39.0601 -9.9833 4.2542 -0.7481 7.1250 -0.0000 -0.0000 12.5052 -25.6326 6.0008
-0.4729 11.7955 0.7786 171.9580 61.4358 205.4650 0.0000 0.0000 0.0000 -7.4194 -4.1182 -116.4079 28.3476 18.2398 115.1174 -3.2852 -31.1456 3.5882 0.0849 1.8800 5.1740 0.0000 0.0000 0.0000 15.9794 -23.2138 -116.3340 -31.0956 -16.7458 124.2411 -0.1447 18.7773 -14.4525 -1.3862 7.4496 -21.0543 -7.9500 2.2398 40.8900 -4.8084 1.0307 9.7357 -1.6011 1.3871 -8.6038 4.1889 4.7578 -23.0604 -14.2680 7.5276 8.2888 -4.4084 2.6307 7.0567 0.0000 0.0000 0.0000 -30.3653 -61.3630 3.3986 32.1174 -42.6406 -12.8203 -0.0000 0.0000 -75.7215 3.5037 32.7651 1.8979 -7.1250 0.0000 -0.0000 -32.8066 59.6666 -12.5622 0.0000 0.0000 0.0000 35.5776 84.2980 9.5195 -22.9609 34.0460 -7.1164 0.0000 -0.0000 -38.6482 -9.0204 3.9025 -0.6190 7.1250 -0.0000 -0.0000 13.2556 -25.9864 6.2666
-0.4826 11.6917 0.7570 171.9900 61.3840 204.5140 0.0000 0.0000 0.0000 -7.4285 -3.9602 -116.4606 28.8361 18.0144 116.6874 -3.2108 -31.1052 2.5239 0.0308 1.1324 3.1131 0.0000 0.0000 0.0000 15.6074 -24.5657 -116.3113 -31.3901 -16.5500 125.2689 0.0996 19.7264 -13.0288 -1.4050 7.4976 -21.1983 -7.8245 2.3592 41.4230 -4.6675 1.2947 10.0389 -1.6341 1.5290 -8.4291 3.8786 4.7783 -23.2299 -14.1009 7.6177 8.2113 -4.2869 2.6774 7.0471 0.0000 0.0000 0.0000 -29.2516 -63.0565 2.6589 30.3687 -41.2074 -11.6518 -0.0000 0.0000 -75.7856 3.5461 33.1945 1.9432 -7.1250 0.0000 -0.0000 -33.1851 60.0333 -13.0224 0.0000 0.0000 0.0000 33.1146 87.1836 3.7374 -20.2634 30.9583 -5.6662 0.0000 -0.0000 -36.2223 -7.3148 4.0643 -0.5213 7.1250 -0.0000 -0.0000 14.5009 -25.8334 6.9448
-0.4727 11.5077 0.7518 172.1090 61.2565 204.0610 0.0000 0.0000 0.0000 -7.2967 -3.6294 -117.1114 29.2920 17.7892 118.1703 -3.2449 -30.8571 4.0534 0.1653 2.6191 7.2199 0.0000 0.0000 0.0000 15.6880 -25.8831 -117.2456 -31.8684 -16.2152 126.9647 0.1689 20.2648 -12.8412 -1.5681 7.9018 -22.4162 -7.8242 2.6943 41.8466 -4.4205 1.7527 10.2236 -1.5704 1.7476 -8.3547 3.8753 4.6265 -23.4397 -13.9142 7.3951 8.2979 -4.2551 2.5757 7.0766 -0.0000 -0.0000 0.0000 -28.7803 -64.5762 2.6387 28.9718 -39.9956 -10.7426 -0.0000 0.0000 -76.1507 3.6607 32.9629 1.9937 -7.1250 0.0000 -0.0000 -32.8442 59.8677 -12.7389 -0.0000 -0.0000 0.0000 -11.4758 89.0241 -43.5602 -17.8522 27.9675 -4.4797 0.0000 -0.0000 -33.3650 -6.9073 4.1877 -0.5068 7.1250 -0.0000 -0.0000 14.7870 -25.7139 7.1337
-0.4671 11.3849 0.7422 172.3610 61.1735 204.2520 0.0000 0.0000 0.0000 -7.3724 -3.1311 -118.2654 29.6673 17.5927 119.4054 -3.2667 -31.0055 3.8307 0.1220 2.2516 6.2014 0.0000 0.0000 0.0000 15.7866 -26.7132 -118.1315 -32.1470 -16.0101 127.9685 0.3082 21.0986 -12.3100 -1.6851 8.1769 -23.2527 -7.7169 2.8572 42.1012 -4.2701 2.0037 10.2791 -1.5762 1.8627 -8.3756 3.7283 4.5366 -23.6160 -13.6399 7.2674 8.2327 -4.1559 2.5305 7.0508 -0.0000 0.0000 0.0000 -28.3851 -66.2738 2.0981 27.1908 -38.3605 -9.6173 -0.0000 0.0000 -75.3948 2.8279 32.9475 1.5389 -7.1250 0.0000 -0.0000 -33.6481 59.6619 -12.9266 -0.0000 0.0000 0.0000 -103.2789 88.1858 -137.9871 -15.7467 25.1761 -3.5375 0.0000 -0.0000 -30.6327 -6.2177 4.1451 -0.4512 7.1250 -0.0000 -0.0000 15.2995 -25.7562 7.3826
-0.4627 11.3109 0.7332 172.3500 60.9885 204.4740 0.0000 0.0000 0.0000 -7.3378 -3.0371 -118.8504 29.7834 17.5299 119.7900 -3.3980 -31.4961 4.1294 0.1265 2.2925 6.3148 0.0000 0.0000 0.0000 15.7390 -27.5685 -118.7845 -32.2981 -15.8955 128.5185 0.5460 22.4341 -11.4298 -1.9048 8.6650 -24.7529 -7.7036 2.9648 42.6333 -4.1263 2.0949 10.1862 -1.4943 1.9068 -8.6400 3.8894 4.4875 -23.6900 -13.7310 7.1486 8.0052 -4.2271 2.4830 6.9875 -0.0000 -0.0000 0.0000 -27.6045 -67.5369 1.6021 25.6660 -36.8770 -8.6865 -0.0000 0.0000 -74.9902 1.6392 32.0767 0.8707 -7.1250 0.0000 -0.0000 -33.9725 58.6732 -12.2485 -0.0000 -0.0000 0.0000 -113.9373 86.5697 -150.2423 -14.1995 23.0192 -2.9057 0.0000 -0.0000 -28.3299 -5.7347 4.2227 -0.4237 7.1250 -0.0000 -0.0000 15.6446 -25.6809 7.5901
-0.4665 11.2927 0.7390 172.7310 60.8187 205.1570 0.0000 0.0000 0.0000 -7.4279 -3.0586 -119.1416 29.7397 17.5536 119.6453 -3.4125 -31.8482 2.9868 0.1007 2.0469 5.6352 0.0000 0.0000 0.0000 15.7953 -27.6737 -119.1651 -32.2942 -15.8985 128.5042 0.7129 23.2055 -10.7179 -2.1500 9.1717 -26.3339 -7.8127 3.1212 43.6716 -3.9251 2.1237 9.9311 -1.2925 1.9248 -9.2271 3.8878 4.6036 -23.8452 -13.6965 7.2908 7.9258 -4.1940 2.5526 6.9975 0.0000 0.0000 0.0000 -26.9036 -69.1743 0.7274 24.0201 -35.1855 -7.7181 -0.0000 0.0000 -74.0709 1.9299 32.3384 1.0326 -7.1250 0.0000 -0.0000 -33.9370 58.9542 -12.4676 0.0000 0.0000 0.0000 -117.1548 85.0507 -154.6218 -12.9911 21.2741 -2.4500 0.0000 -0.0000 -25.9477 -4.7099 4.2107 -0.3466 7.1250 -0.0000 -0.0000 16.3963 -25.6911 7.9803
-0.4647 11.3391 0.7349 173.7320 60.4623 206.7170 0.0000 0.0000 0.0000 -7.0525 -3.2541 -119.6877 29.6379 17.6085 119.3082 -3.3391 -32.1200 1.0457 0.0279 1.0785 2.9649 0.0000 0.0000 0.0000 16.1792 -27.3118 -119.1127 -32.1254 -16.0263 127.8902 0.8415 23.9088 -10.3179 -2.5495 9.9274 -28.7418 -7.6242 3.1457 44.7827 -3.6777 2.0900 9.5844 -1.1670 1.9052 -9.9390 3.5270 4.5190 -23.9667 -13.2060 7.2050 7.9593 -3.9835 2.5323 6.9799 0.0000 0.0000 0.0000 -26.0937 -69.7634 0.0485 23.4671 -34.5956 -7.4018 -0.0000 0.0000 -73.3587 1.0102 32.0682 0.5364 -7.1250 0.0000 -0.0000 -34.5718 58.5265 -12.3741 0.0000 0.0000 0.0000 -117.7494 83.6069 -155.9710 -12.1637 20.0497 -2.1581 0.0000 -0.0000 -24.2116 -3.3589 3.8203 -0.2240 7.1250 -0.0000 -0.0000 17.4368 -26.0587 8.3751
-0.4588 11.4085 0.7373 174.2560 60.2297 208.0300 0.0000 0.0000 0.0000 -6.8393 -3.7406 -119.6070 29.3122 17.7789 118.2366 -3.3200 -31.9681 1.2579 0.0965 2.0031 5.5143 0.0000 0.0000 0.0000 16.3090 -26.6097 -119.1064 -31.8900 -16.1996 127.0421 0.9580 24.2611 -9.6606 -2.5035 9.8442 -28.4738 -7.8584 3.3754 45.9107 -3.4269 2.1236 9.2325 -0.8559 1.9218 -10.6465 3.5949 4.6215 -24.0214 -13.3131 7.3453 8.0397 -4.0109 2.5859 7.0358 0.0000 -0.0000 0.0000 -24.7475 -71.5335 -1.6379 22.4872 -33.5233 -6.8530 -0.0000 0.0000 -72.2284 1.6898 32.6177 0.9110 -7.1250 0.0000 -0.0000 -34.4374 59.1298 -12.8283 0.0000 -0.0000 0.0000 -115.1273 82.5951 -152.8520 -11.8853 19.6324 -2.0636 0.0000 -0.0000 -23.9415 -2.6540 3.3800 -0.1566 7.1250 -0.0000 -0.0000 18.0164 -26.4722 8.4965
-0.4479 11.4992 0.7419 174.8630 60.0698 209.5210 0.0000 0.0000 0.0000 -6.7875 -4.1697 -119.5987 28.9676 17.9509 117.1132 -3.1733 -32.0566 -0.7990 0.0089 0.6093 1.6744 0.0000 0.0000 0.0000 16.8127 -25.5036 -119.0286 -31.6123 -16.3971 126.0527 0.8968 24.0253 -9.9486 -2.3984 9.6509 -27.8534 -8.2895 3.8139 47.9278 -3.0379 2.1516 7.8601 -0.5435 1.9609 -11.2951 3.2899 4.4588 -23.8690 -13.1281 7.1959 8.1212 -3.9218 2.5198 7.0048 0.0000 -0.0000 0.0000 -22.2503 -72.8570 -4.1705 21.7365 -32.6779 -6.4430 -0.0000 0.0000 -71.1204 1.9001 32.4623 1.0202 -7.1250 0.0000 -0.0000 -34.0840 59.0497 -12.6097 0.0000 -0.0000 0.0000 -112.8044 81.5297 -150.9284 -11.6271 19.2430 -1.9777 0.0000 -0.0000 -23.1362 -1.1442 3.2693 -0.0653 7.1250 -0.0000 -0.0000 19.1334 -26.5574 9.0411
-0.4303 11.6315 0.7453 175.2140 59.8116 211.0600 0.0000 0.0000 0.0000 -6.2794 -4.6556 -119.8545 28.5459 18.1502 115.7525 -3.2002 -32.0981 -0.5964 0.0180 0.8662 2.3808 0.0000 0.0000 0.0000 17.3834 -24.1928 -119.0364 -31.2202 -16.6639 124.6744 0.7471 23.3778 -10.5928 -2.4493 9.7451 -28.1550 -8.6242 4.0583 48.9155 -2.7969 2.1157 7.3596 -0.1779 1.9471 -12.0231 3.0597 4.1183 -23.8014 -13.0560 6.8150 8.2634 -3.9146 2.3320 6.9969 -0.0000 0.0000 0.0000 -20.4544 -72.1488 -5.5022 22.5377 -33.5794 -6.8809 -0.0000 0.0000 -71.7713 1.3999 32.4967 0.7522 -7.1250 0.0000 -0.0000 -34.6020 58.9652 -12.7597 -0.0000 0.0000 0.0000 -111.0126 80.6502 -148.5192 -11.6571 19.2884 -1.9876 0.0000 -0.0000 -24.2588 -1.2816 2.5570 -0.0572 7.1250 -0.0000 -0.0000 19.1513 -27.2328 8.7259
-0.4120 11.7538 0.7445 175.5630 59.6276 212.3540 0.0000 0.0000 0.0000 -5.9645 -5.0999 -119.6725 28.1150 18.3416 114.3762 -3.1837 -32.0570 -0.6806 0.0413 1.3119 3.6073 0.0000 0.0000 0.0000 17.7345 -23.1102 -118.7987 -30.8489 -16.9040 123.3888 0.6824 23.0985 -10.8806 -2.3950 9.6445 -27.8330 -8.8733 4.3239 49.8473 -2.5722 2.1785 6.9959 0.0942 1.9795 -12.5840 2.7574 3.9528 -23.7599 -13.0791 6.7094 8.4029 -3.8885 2.2656 7.0197 0.0000 -0.0000 0.0000 -18.4624 -74.0728 -9.1170 21.6033 -32.5258 -6.3712 -0.0000 0.0000 -70.2236 1.0614 31.0266 0.5472 -7.1250 0.0000 -0.0000 -33.5737 57.6771 -11.2568 0.0000 -0.0000 0.0000 -109.3381 79.7573 -146.9418 -11.5557 19.1350 -1.9542 0.0000 -0.0000 -24.0490 -0.9430 2.9352 -0.0483 7.1250 -0.0000 -0.0000 19.3348 -26.8697 8.9958
-0.3913 11.8815 0.7418 175.9540 59.4790 213.4880 0.0000 0.0000 0.0000 -5.6770 -5.5368 -119.2697 27.6769 18.5239 112.9907 -3.0926 -32.0341 -1.6437 0.0268 1.0560 2.9029 0.0000 0.0000 0.0000 17.8657 -22.0482 -118.3234 -30.4710 -17.1363 122.0980 0.6096 22.8032 -11.2280 -2.4679 9.7794 -28.2651 -9.1210 4.5144 50.8685 -2.3777 2.1307 6.5950 0.3789 1.9698 -13.1898 2.4603 3.9046 -23.5536 -13.1638 6.7507 8.3981 -3.8626 2.2767 6.9850 0.0000 0.0000 0.0000 -17.2913 -74.3937 -11.1003 21.5186 -32.4287 -6.3258 -0.0000 0.0000 -69.9041 0.7541 30.6913 0.3849 -7.1250 0.0000 -0.0000 -33.5740 57.3332 -10.9696 0.0000 0.0000 0.0000 -109.8424 78.8610 -148.1124 -11.3705 18.8539 -1.8939 0.0000 -0.0000 -23.1481 -0.4030 2.7729 -0.0195 7.1250 -0.0000 -0.0000 19.7551 -27.0130 9.1437
-0.3675 11.9729 0.7318 176.3190 59.3144 214.6710 0.0000 0.0000 0.0000 -5.5215 -5.7082 -119.4264 27.3713 18.6440 112.0316 -3.0838 -31.9299 -1.4891 0.0470 1.3990 3.8475 0.0000 0.0000 0.0000 18.0362 -21.1702 -118.1852 -30.1783 -17.3084 121.1092 0.5359 22.4762 -11.5593 -2.4879 9.8158 -28.3822 -9.2793 4.6193 51.3406 -2.2158 2.0757 6.2815 0.6229 1.9465 -13.6182 2.1893 3.9269 -23.5465 -13.2000 6.8937 8.6150 -3.8124 2.3214 7.0610 0.0000 0.0000 0.0000 -15.9011 -75.0061 -13.3344 20.8439 -31.6456 -5.9678 -0.0000 0.0000 -69.1217 0.3842 30.1604 0.1930 -7.1250 0.0000 -0.0000 -33.4710 56.8139 -10.4962 0.0000 0.0000 0.0000 -109.7366 78.2110 -147.8595 -11.1994 18.5933 -1.8390 0.0000 -0.0000 -22.4724 -0.6315 2.8174 -0.0310 7.1250 -0.0000 -0.0000 19.5813 -26.9754 9.0721
-0.3430 12.0466 0.7224 176.4260 59.3052 215.1910 0.0000 0.0000 0.0000 -5.4185 -5.9169 -119.0890 27.1350 18.7329 111.2944 -3.0808 -32.0362 -1.7764 0.0437 1.3491 3.7100 0.0000 0.0000 0.0000 17.9031 -20.5724 -117.7739 -29.9645 -17.4297 120.3932 0.4948 22.2920 -11.7448 -2.4976 9.8336 -28.4394 -9.6766 5.1418 51.7011 -1.9612 2.4587 6.1486 0.8773 2.1152 -13.8314 2.5265 3.8770 -23.0471 -13.7571 6.7941 8.3971 -4.0655 2.2721 6.9418 0.0000 0.0000 0.0000 -16.1968 -76.6084 -14.6979 20.2500 -30.9423 -5.6593 -0.0000 0.0000 -67.1298 0.4111 32.1189 0.2186 -7.1250 0.0000 -0.0000 -35.1956 58.4355 -12.5556 0.0000 0.0000 0.0000 -106.9500 77.7631 -145.8861 -10.8450 18.0502 -1.7276 0.0000 -0.0000 -21.5771 -0.5662 3.2122 -0.0317 7.1250 -0.0000 -0.0000 19.5621 -26.6022 9.2458
-0.3262 12.0881 0.7102 176.6520 59.2744 215.6620 0.0000 0.0000 0.0000 -5.1874 -6.1293 -119.0038 27.0309 18.7710 110.9706 -2.9635 -31.8399 -2.5652 0.0327 1.1666 3.2072 0.0000 0.0000 0.0000 17.8142 -20.1651 -117.4767 -29.8331 -17.5026 119.9553 0.4617 22.1794 -11.9288 -2.5365 9.9040 -28.6664 -9.8362 5.1755 51.9783 -1.8346 2.3881 6.0664 1.1073 2.0906 -13.9586 2.3964 3.9963 -23.0214 -14.0631 7.0539 8.4189 -4.1105 2.3691 6.9812 0.0000 0.0000 0.0000 -16.2878 -76.2946 -15.7696 20.0590 -30.7134 -5.5615 -0.0000 0.0000 -66.1148 -3.5071 30.3659 -1.7746 -7.1250 0.0000 -0.0000 -37.2999 56.1851 -11.3397 0.0000 0.0000 0.0000 -107.9331 77.5008 -146.2398 -10.7956 17.9743 -1.7123 0.0000 -0.0000 -21.8986 -0.8269 2.9831 -0.0430 7.1250 -0.0000 -0.0000 19.4112 -26.8226 9.0586
-0.3114 12.1146 0.6863 177.1960 59.0664 216.4160 0.0000 0.0000 0.0000 -4.7748 -6.2901 -119.1387 26.9924 18.7849 110.8510 -2.8791 -31.5180 -2.7299 0.0288 1.0963 3.0140 0.0000 0.0000 0.0000 17.8354 -19.9371 -117.1703 -29.7519 -17.5470 119.6856 0.5015 22.3478 -11.7380 -2.3217 9.5063 -27.3922 -9.6515 4.9972 51.9716 -1.7219 2.2809 6.0425 1.2050 2.0334 -13.9949 2.1021 4.0525 -23.0292 -14.0905 7.2210 8.3699 -4.0476 2.4406 6.9738 0.0000 -0.0000 0.0000 -16.4651 -76.7055 -17.3138 19.7864 -30.3841 -5.4229 -0.0000 0.0000 -66.2522 0.2456 31.9629 0.1300 -7.1250 0.0000 -0.0000 -35.2078 58.2716 -12.4181 0.0000 -0.0000 0.0000 -109.8345 77.2404 -148.6952 -10.6953 17.8197 -1.6815 0.0000 -0.0000 -21.7585 -1.0105 3.2206 -0.0568 7.1250 -0.0000 -0.0000 19.2385 -26.6014 9.0753
-0.2955 12.1150 0.6631 176.7590 59.3111 216.0140 0.0000 0.0000 0.0000 -4.9190 -6.5837 -118.9469 27.0363 18.7690 110.9873 -2.7295 -31.1795 -3.5399 0.0184 0.8752 2.4056 0.0000 0.0000 0.0000 17.3471 -20.0454 -117.0300 -29.7560 -17.5448 119.6991 0.4922 22.3716 -11.8416 -2.3148 9.4931 -27.3504 -10.0258 5.3440 52.0372 -1.6145 2.5129 6.0832 1.3756 2.1419 -13.9555 2.2195 3.8892 -22.9753 -14.3640 7.0125 8.2729 -4.1851 2.3358 6.9347 0.0000 -0.0000 0.0000 -17.9684 -76.2890 -15.5741 20.4146 -31.1386 -5.7442 -0.0000 0.0000 -67.9053 -0.5203 31.2561 -0.2700 -7.1250 0.0000 -0.0000 -35.2890 57.5285 -11.8004 0.0000 -0.0000 0.0000 -108.1213 77.1975 -147.6373 -10.5270 17.5596 -1.6303 0.0000 -0.0000 -21.6823 -1.1584 3.6912 -0.0746 7.1250 -0.0000 -0.0000 19.0551 -26.1588 9.1898
-0.2922 12.1165 0.6501 176.7100 59.4576 215.9380 0.0000 0.0000 0.0000 -4.9143 -6.5986 -118.9514 27.0704 18.7566 111.0932 -2.6888 -30.9906 -3.5615 0.0134 0.7487 2.0577 0.0000 0.0000 0.0000 17.1211 -20.0066 -116.9693 -29.7528 -17.5465 119.6887 0.4938 22.3133 -11.7734 -2.2798 9.4260 -27.1371 -10.1362 5.3645 52.0605 -1.5676 2.4929 6.1277 1.4868 2.1364 -13.9018 2.0385 3.8982 -22.7937 -14.4285 7.0521 7.9411 -4.1683 2.3723 6.7993 -0.0000 0.0000 0.0000 -18.7666 -77.3565 -17.3268 19.9099 -30.5337 -5.4855 -0.0000 0.0000 -67.4941 -3.1828 31.1636 -1.6483 -7.1250 0.0000 -0.0000 -37.7091 56.8916 -12.1668 -0.0000 0.0000 0.0000 -109.7296 76.9881 -150.3827 -10.3642 17.3072 -1.5816 0.0000 -0.0000 -21.0020 -1.0691 3.6698 -0.0684 7.1250 -0.0000 -0.0000 19.1231 -26.1779 9.2172
-0.2905 12.1241 0.6349 176.2260 59.6826 215.5930 0.0000 0.0000 0.0000 -5.3029 -6.6466 -118.8885 27.0262 18.7727 110.9559 -2.7418 -30.9819 -2.9982 0.0525 1.4779 4.0649 0.0000 0.0000 0.0000 16.7451 -20.1712 -117.0893 -29.7522 -17.5469 119.6867 0.5273 22.5279 -11.6831 -2.3090 9.4821 -27.3154 -10.2201 5.4114 51.9012 -1.5717 2.5337 6.2098 1.5102 2.1532 -13.7838 2.1050 3.8435 -22.6381 -14.6481 6.9656 7.6456 -4.2608 2.3433 6.6854 0.0000 0.0000 0.0000 -19.6236 -77.8054 -17.7579 19.8081 -30.4104 -5.4339 -0.0000 0.0000 -67.4876 -3.8749 31.2220 -2.0108 -7.1250 0.0000 -0.0000 -38.4053 56.7937 -12.3453 0.0000 0.0000 0.0000 -108.6334 76.9983 -149.2817 -10.4128 17.3827 -1.5961 0.0000 -0.0000 -21.3295 -0.6515 3.4849 -0.0396 7.1250 -0.0000 -0.0000 19.4551 -26.3466 9.3140
-0.2974 12.1412 0.6228 176.1720 59.7449 215.7900 0.0000 0.0000 0.0000 -5.4066 -6.7983 -118.9839 26.9533 18.7990 110.7294 -2.6694 -30.7829 -3.3302 0.0395 1.2824 3.5263 0.0000 0.0000 0.0000 16.6614 -19.9752 -117.2105 -29.6745 -17.5889 119.4292 0.5025 22.3995 -11.7778 -2.1757 9.2228 -26.4949 -9.9380 5.0971 51.7290 -1.6387 2.3146 6.2326 1.4272 2.0486 -13.7330 1.9663 3.9525 -22.5313 -14.6305 7.1035 7.2724 -4.2107 2.4335 6.5546 0.0000 -0.0000 0.0000 -21.0379 -77.7494 -18.0121 19.5048 -30.0411 -5.2812 -0.0000 0.0000 -65.9538 -2.8360 31.1522 -1.4680 -7.1250 0.0000 -0.0000 -37.3753 56.9550 -12.0963 0.0000 -0.0000 0.0000 -110.0959 76.7867 -150.8713 -10.4105 17.3791 -1.5954 0.0000 -0.0000 -21.6072 0.4723 3.6487 0.0301 7.1250 -0.0000 -0.0000 20.2373 -26.1743 9.8243
-0.3109 12.1858 0.6129 175.7960 59.9970 215.7070 0.0000 0.0000 0.0000 -5.6692 -7.0085 -118.8231 26.7769 18.8612 110.1829 -2.6454 -30.6368 -3.2747 0.0594 1.5730 4.3269 0.0000 0.0000 0.0000 16.5412 -19.5891 -117.2521 -29.5219 -17.6701 118.9254 0.3899 21.9028 -12.2989 -2.1665 9.2046 -26.4375 -9.8327 5.1763 51.6985 -1.6665 2.4525 6.2254 1.2850 2.0994 -13.7486 2.1059 3.8102 -22.5803 -14.6106 6.8523 7.0745 -4.2583 2.3312 6.4794 0.0000 0.0000 0.0000 -22.7752 -77.7358 -16.8276 19.7910 -30.3897 -5.4252 -0.0000 0.0000 -66.3145 -3.4210 30.5848 -1.7422 -7.1250 0.0000 -0.0000 -37.4123 56.3785 -11.5652 0.0000 0.0000 0.0000 -108.0174 76.7117 -149.4395 -10.4421 17.4280 -1.6048 0.0000 -0.0000 -22.0538 0.8601 3.7446 0.0562 7.1250 -0.0000 -0.0000 20.4989 -26.0776 10.0183
-0.3181 12.1642 0.6099 175.1670 60.3309 215.6190 0.0000 0.0000 0.0000 -5.8343 -7.1641 -119.2824 26.7358 18.8755 110.0559 -2.6540 -30.7064 -3.3300 0.0634 1.6245 4.4689 0.0000 0.0000 0.0000 16.2558 -19.3015 -117.9280 -29.5295 -17.6661 118.9502 0.3043 21.6241 -12.7885 -2.0946 9.0605 -25.9846 -9.8106 4.9832 51.3091 -1.7808 2.2338 6.2018 1.2719 1.9998 -13.7113 1.9587 3.8308 -22.1528 -14.4512 6.8089 6.4096 -4.1833 2.3736 6.1803 0.0000 0.0000 0.0000 -22.5587 -77.4055 -18.0172 20.0239 -30.6711 -5.5435 -0.0000 0.0000 -67.2265 -3.8187 30.0075 -1.9119 -7.1250 0.0000 -0.0000 -37.2777 55.8340 -10.9978 0.0000 0.0000 0.0000 -108.2567 76.9351 -149.5817 -10.9540 18.2178 -1.7615 0.0000 -0.0000 -24.0000 0.7685 3.2154 0.0431 7.1250 -0.0000 -0.0000 20.5252 -26.5751 9.7747
-0.3431 12.2414 0.6056 174.4530 60.6908 215.5150 0.0000 0.0000 0.0000 -6.3385 -7.6182 -118.9862 26.4101 18.9849 109.0519 -2.5745 -30.5324 -3.7898 0.0794 1.8173 5.0010 0.0000 0.0000 0.0000 16.0405 -18.6876 -117.9405 -29.2492 -17.8110 118.0304 0.2235 21.2964 -13.1977 -2.0379 8.9445 -25.6220 -9.5755 4.6143 50.8897 -2.0148 1.9030 6.1868 1.0856 1.8478 -13.6580 1.8915 3.8662 -22.1312 -14.3496 6.8468 6.3261 -4.1339 2.4019 6.1456 0.0000 0.0000 0.0000 -25.9654 -76.3123 -15.6983 21.3458 -32.2297 -6.2333 -0.0000 0.0000 -68.7502 -4.5294 30.9334 -2.3319 -7.1250 0.0000 -0.0000 -38.7479 56.4291 -12.1216 0.0000 0.0000 0.0000 -108.8655 77.0498 -150.5210 -11.3657 18.8466 -1.8924 0.0000 -0.0000 -25.9398 -0.7431 3.4664 -0.0449 7.1250 -0.0000 -0.0000 19.3919 -26.3653 9.2711
-0.3809 12.3398 0.6137 173.8280 61.2803 215.4630 0.0000 0.0000 0.0000 -6.8728 -7.9572 -118.4863 25.9516 19.1287 107.6477 -2.4074 -30.1515 -4.7193 0.0173 0.8497 2.3355 0.0000 0.0000 0.0000 15.7377 -17.7258 -117.8936 -28.8772 -17.9946 116.8203 0.1079 20.7439 -13.7283 -1.8456 8.5368 -24.3567 -9.5260 4.3255 50.2278 -2.2251 1.5977 6.2180 1.0084 1.7056 -13.5101 1.9373 3.9980 -21.7181 -14.4835 6.9646 5.8707 -4.1690 2.4922 5.9534 -0.0000 -0.0000 0.0000 -27.4451 -74.7659 -14.2199 22.7597 -33.8250 -7.0041 -0.0000 0.0000 -70.5110 -6.4572 30.7150 -3.3085 -7.1250 0.0000 -0.0000 -40.3141 55.8645 -12.1484 -0.0000 -0.0000 0.0000 -111.3681 77.4349 -154.1873 -11.7720 19.4618 -2.0257 0.0000 -0.0000 -27.9195 -0.7500 4.1468 -0.0542 7.1250 -0.0000 -0.0000 19.2772 -25.7233 9.5193
-0.4217 12.4996 0.6141 173.2660 61.7778 215.4230 0.0000 0.0000 0.0000 -7.1921 -8.3023 -117.6978 25.4164 19.2816 106.0207 -2.3492 -30.0523 -5.1016 0.0211 0.9381 2.5786 0.0000 0.0000 0.0000 15.6769 -16.8026 -117.3010 -28.2879 -18.2663 114.9267 -0.0087 20.3496 -14.3962 -1.7735 8.3775 -23.8666 -9.2672 4.0026 49.4541 -2.4127 1.3750 6.2822 0.8287 1.5871 -13.3184 2.0106 4.0652 -21.6740 -14.4075 7.0047 5.7672 -4.1511 2.5242 5.9147 -0.0000 -0.0000 0.0000 -28.7327 -73.2035 -12.7914 24.3426 -35.5245 -7.9047 -0.0000 0.0000 -71.6853 -6.8861 30.8532 -3.5440 -7.1250 0.0000 -0.0000 -40.8274 55.8853 -12.3658 -0.0000 -0.0000 0.0000 -111.1070 78.2803 -153.8991 -12.5578 20.6358 -2.2951 0.0000 -0.0000 -30.4649 -0.4665 4.3888 -0.0357 7.1250 -0.0000 -0.0000 19.4424 -25.4917 9.7231
-0.4852 12.7302 0.6210 172.7820 62.2765 215.5470 0.0000 0.0000 0.0000 -7.1678 -8.7966 -116.9170 24.6183 19.4808 103.6162 -2.4685 -29.8695 -3.5484 0.1344 2.3629 6.5096 0.0000 0.0000 0.0000 15.7026 -15.5535 -116.3071 -27.5449 -18.5765 112.5757 -0.2364 19.6586 -15.7504 -1.8069 8.4516 -24.0944 -8.8981 3.7965 48.5422 -2.5385 1.3542 6.3428 0.5784 1.5434 -13.1186 2.6367 4.1202 -21.3694 -14.9254 6.9400 5.4560 -4.4299 2.5035 5.8101 0.0000 0.0000 0.0000 -30.8193 -71.8204 -9.9930 26.4468 -37.6465 -9.1592 -0.0000 0.0000 -73.8670 -6.5370 31.6153 -3.4376 -7.1250 0.0000 -0.0000 -41.2142 56.5471 -13.2146 0.0000 0.0000 0.0000 -108.2625 79.2606 -151.0753 -13.2187 21.6068 -2.5333 0.0000 -0.0000 -33.1922 0.1227 4.4315 0.0095 7.1250 -0.0000 -0.0000 19.8571 -25.4441 9.9801
-0.5476 12.9734 0.6246 172.0700 63.0605 215.3630 0.0000 0.0000 0.0000 -7.4711 -9.2933 -115.5758 23.7427 19.6608 101.0028 -2.3997 -29.3764 -3.2786 0.1828 2.7537 7.5939 0.0000 0.0000 0.0000 15.3598 -14.1755 -115.0907 -26.5593 -18.9356 109.5110 -0.3846 18.8848 -16.4419 -1.7064 8.2258 -23.4020 -8.5787 3.1911 46.6122 -3.0027 0.9668 7.4290 0.4386 1.3334 -12.9003 2.7020 4.3206 -21.1408 -14.9651 7.1471 5.1326 -4.4275 2.6273 5.6947 -0.0000 -0.0000 0.0000 -31.5663 -69.4578 -8.1702 28.6504 -39.7081 -10.5366 -0.0000 0.0000 -75.7314 -4.9485 32.4512 -2.6600 -7.1250 0.0000 -0.0000 -40.5585 57.5300 -13.9608 -0.0000 -0.0000 0.0000 -109.0446 80.3906 -151.2167 -14.0316 22.7798 -2.8403 0.0000 -0.0000 -35.5321 -0.0874 4.3680 -0.0067 7.1250 -0.0000 -0.0000 19.7171 -25.5066 9.8701
-0.6100 13.2157 0.6178 171.8000 63.6010 215.7130 0.0000 0.0000 0.0000 -7.8131 -10.1192 -114.0039 22.6297 19.8334 97.7093 -2.1515 -28.7344 -4.6637 0.0651 1.6467 4.5301 0.0000 0.0000 0.0000 15.3630 -12.8620 -113.8446 -25.4710 -19.2667 106.1863 -0.4799 18.4696 -16.9457 -1.5408 7.8359 -22.2168 -8.0251 2.3310 45.1553 -3.3143 0.2441 7.4824 0.2130 0.9756 -12.4326 2.6154 4.7264 -21.1299 -14.5987 7.6394 5.1377 -4.2347 2.8772 5.7145 0.0000 0.0000 0.0000 -31.4892 -66.9679 -7.2219 30.2311 -41.0906 -11.5612 -0.0000 0.0000 -76.5944 -5.6343 32.5536 -3.0387 -7.1250 0.0000 -0.0000 -41.2899 57.4610 -14.2030 0.0000 0.0000 0.0000 -113.3921 81.9495 -154.2671 -15.3906 24.6874 -3.3874 0.0000 -0.0000 -39.3780 -1.0175 4.6895 -0.0832 7.1250 -0.0000 -0.0000 19.0010 -25.2134 9.6082
-0.6808 13.5108 0.6085 171.5050 64.1801 215.8860 0.0000 0.0000 0.0000 -7.8683 -10.9546 -112.1198 21.3847 19.9540 94.0517 -1.9546 -27.9939 -5.3629 0.0533 1.4895 4.0967 0.0000 0.0000 0.0000 15.5427 -11.7257 -111.9803 -24.1532 -19.5813 102.2250 -0.5101 18.1520 -17.0104 -1.3788 7.4304 -20.9969 -7.3877 1.9807 43.7015 -3.4466 0.1846 7.6016 -0.1770 0.8949 -11.9050 2.9479 4.7940 -21.1200 -14.4208 7.6073 5.1579 -4.2361 2.8748 5.7169 -0.0000 0.0000 0.0000 -33.6075 -65.7586 -3.5887 31.8694 -42.4428 -12.6526 -0.0000 0.0000 -77.3134 -5.4922 32.7743 -2.9795 -7.1250 0.0000 -0.0000 -41.3770 57.6613 -14.4491 -0.0000 0.0000 0.0000 -109.1630 84.1088 -149.6545 -16.9601 26.8052 -4.0693 0.0000 -0.0000 -42.5480 -0.9759 4.5830 -0.0780 7.1250 -0.0000 -0.0000 19.0471 -25.3137 9.5867
-0.7525 13.8423 0.5848 171.6000 65.2956 216.0860 0.0000 0.0000 0.0000 -8.5081 -11.0288 -109.7337 20.1110 19.9997 90.3246 -1.8387 -27.3470 -5.4467 0.0412 1.3108 3.6043 0.0000 0.0000 0.0000 15.6170 -10.4868 -109.7464 -22.6822 -19.8266 97.8642 -0.4262 18.1092 -16.3381 -0.9135 6.0900 -17.0459 -7.0815 1.7432 42.0125 -3.6865 0.1258 7.8243 -0.5124 0.8234 -11.1550 3.3638 5.0007 -21.0107 -14.3341 7.7411 5.1264 -4.2609 2.9531 5.7106 0.0000 0.0000 0.0000 -35.0624 -64.0093 -0.2150 34.0060 -44.0892 -14.1173 -0.0000 0.0000 -78.0791 -3.5903 33.0501 -1.9599 -7.1250 0.0000 -0.0000 -39.8894 58.2919 -14.4367 0.0000 0.0000 0.0000 -108.2099 86.4178 -148.2678 -18.6695 29.0059 -4.8695 0.0000 -0.0000 -44.0086 -1.8013 4.2515 -0.1336 7.1250 -0.0000 -0.0000 18.5036 -25.6353 9.1355
-0.8167 14.1614 0.5406 172.9320 66.1827 216.9360 0.0000 0.0000 0.0000 -8.4673 -10.9610 -106.9355 18.8532 19.9684 86.6454 -1.7423 -27.0244 -5.9015 0.0493 1.4330 3.9411 0.0000 0.0000 0.0000 16.6395 -9.5429 -106.8548 -21.0996 -19.9710 93.2164 -0.4249 18.3936 -16.4818 -1.1719 6.8715 -19.3353 -6.4425 1.1077 40.2829 -3.9288 -0.2609 8.1816 -0.8821 0.6039 -10.2228 3.8110 5.5368 -21.0261 -13.9193 8.2558 5.1416 -4.1362 3.2249 5.7549 0.0000 -0.0000 0.0000 -35.8179 -61.7327 1.8271 35.3232 -45.0416 -15.0416 -0.0000 0.0000 -77.1127 -5.0704 32.2904 -2.7137 -7.1250 0.0000 -0.0000 -40.5145 57.3791 -13.7881 0.0000 -0.0000 0.0000 -139.3170 88.4399 -178.8881 -20.3876 31.1065 -5.7302 0.0000 -0.0000 -46.1586 -1.4404 3.3814 -0.0850 7.1250 -0.0000 -0.0000 18.9003 -26.4558 8.9665
-0.8818 14.4587 0.5091 173.1200 67.3809 217.1020 0.0000 0.0000 0.0000 -9.3355 -10.8143 -104.4586 17.5492 19.8554 82.8178 -1.6529 -26.6155 -6.1566 0.0106 0.6663 1.8310 0.0000 0.0000 0.0000 17.1496 -8.6729 -104.8173 -19.6557 -19.9972 88.9932 -0.3168 18.8596 -15.8994 -0.6983 5.3416 -14.8855 -6.3715 0.7593 37.7680 -4.1422 -0.4965 8.5093 -0.9906 0.4446 -9.0217 3.9962 5.9364 -21.2671 -13.3414 8.6818 5.5664 -3.9235 3.4330 5.9360 -0.0000 0.0000 0.0000 -37.3853 -59.9042 4.4406 36.8650 -46.0988 -16.1427 -0.0000 0.0000 -76.7869 -4.0430 31.9385 -2.1414 -7.1250 0.0000 -0.0000 -39.2276 57.3242 -13.1960 -0.0000 0.0000 0.0000 115.4671 88.0264 76.1165 -22.2009 33.2034 -6.6955 0.0000 -0.0000 -48.1512 -1.8803 3.4263 -0.1124 7.1250 -0.0000 -0.0000 18.5733 -26.4190 8.8116
-0.9417 14.7807 0.4614 173.7050 68.3767 216.9390 0.0000 0.0000 0.0000 -10.2654 -10.6539 -101.0684 16.2558 19.6605 78.9929 -1.4833 -26.0633 -7.0196 0.0123 0.7158 1.9670 0.0000 0.0000 0.0000 18.0419 -8.3389 -101.7410 -18.0715 -19.9106 84.3535 -0.2254 19.3533 -15.4746 -0.6663 5.2201 -14.5374 -5.8794 0.5487 35.8642 -4.1332 -0.4545 8.7454 -1.2108 0.4139 -8.1122 4.3468 6.1698 -21.3411 -13.2454 8.9372 6.2479 -3.9147 3.5265 6.1957 0.0000 0.0000 0.0000 -40.0985 -58.3205 8.4057 38.5789 -47.2050 -17.3891 -0.0000 0.0000 -77.7170 -2.6423 32.8374 -1.4335 -7.1250 0.0000 -0.0000 -38.7895 58.3358 -13.9964 0.0000 0.0000 0.0000 88.4575 84.9824 49.2457 -23.8828 35.0401 -7.6392 0.0000 -0.0000 -48.6783 -2.1295 3.6048 -0.1340 7.1250 -0.0000 -0.0000 18.3643 -26.2525 8.7779
-1.0045 15.0993 0.4226 174.3430 69.5903 216.7460 0.0000 0.0000 0.0000 -11.1108 -10.2308 -97.8378 14.9934 19.3881 75.2168 -1.3842 -25.1618 -6.6965 0.0134 0.7469 2.0527 0.0000 0.0000 0.0000 18.8499 -7.8758 -98.5291 -16.4259 -19.6909 79.4980 -0.0746 19.7458 -14.5143 -0.4656 4.3768 -12.1393 -5.9725 0.5023 34.3696 -3.9427 -0.5170 8.6018 -0.8787 0.3362 -7.8445 4.6282 6.4687 -21.6852 -13.1836 9.3769 7.7072 -3.8761 3.6559 6.7680 0.0000 -0.0000 0.0000 -42.8195 -56.0526 12.1144 39.8937 -48.0068 -18.3602 -0.0000 0.0000 -77.6055 -3.5438 32.2211 -1.8913 -7.1250 0.0000 -0.0000 -39.0330 57.6536 -13.4388 0.0000 -0.0000 0.0000 85.0884 81.1760 46.3313 -25.4737 36.6843 -8.5713 0.0000 -0.0000 -49.8488 -2.6364 3.6818 -0.1694 7.1250 -0.0000 -0.0000 17.9837 -26.1846 8.6078
-1.0519 15.4077 0.3768 174.5760 70.8104 215.9720 0.0000 0.0000 0.0000 -12.1098 -9.8060 -94.4221 13.7472 19.0356 71.4308 -1.3013 -24.2440 -6.2157 0.0158 0.8129 2.2341 0.0000 0.0000 0.0000 19.4867 -7.5811 -95.1646 -14.8241 -19.3452 74.7064 0.0210 19.6216 -13.6293 -0.4641 4.3697 -12.1191 -5.8908 0.5136 32.8936 -3.8428 -0.4317 8.5115 -0.8203 0.3336 -7.3945 5.0143 6.7183 -21.7428 -13.2526 9.7084 8.7035 -3.9150 3.7654 7.1539 -0.0000 -0.0000 0.0000 -45.7908 -54.3345 16.1846 40.7846 -48.5279 -19.0251 -0.0000 0.0000 -76.8365 -3.6187 31.3600 -1.8851 -7.1250 0.0000 -0.0000 -38.2939 56.9568 -12.4595 -0.0000 -0.0000 0.0000 82.2643 77.4369 43.1856 -26.8758 38.0605 -9.4225 0.0000 -0.0000 -50.1023 -2.5030 3.7010 -0.1617 7.1250 -0.0000 -0.0000 18.0780 -26.1650 8.6663
-1.0963 15.7150 0.3355 174.7290 72.0657 215.1510 0.0000 0.0000 0.0000 -13.4048 -9.1079 -91.0349 12.5300 18.6058 67.6591 -1.2294 -23.4436 -5.8157 0.0112 0.6846 1.8813 0.0000 0.0000 0.0000 19.9047 -7.2827 -91.7776 -13.2775 -18.8801 69.9852 0.1882 19.6802 -12.2041 -0.2787 3.3954 -9.3817 -5.7655 0.3649 30.9015 -3.8177 -0.4963 8.7640 -0.8343 0.2420 -6.9451 5.4220 7.2686 -21.9898 -13.3509 10.4692 9.9099 -3.8999 4.0611 7.6902 0.0000 -0.0000 0.0000 -48.1461 -52.2786 19.0436 41.5388 -48.9556 -19.5920 -0.0000 0.0000 -77.1444 -3.6510 31.4796 -1.9084 -7.1250 0.0000 -0.0000 -38.4342 57.0450 -12.6008 0.0000 -0.0000 0.0000 80.9135 73.8880 42.4568 -28.3452 39.4321 -10.3422 0.0000 -0.0000 -50.8492 -2.8273 3.8015 -0.1876 7.1250 -0.0000 -0.0000 17.8269 -26.0724 8.5748
-1.1286 16.0219 0.2959 173.9110 73.4159 213.1240 0.0000 0.0000 0.0000 -15.0509 -8.3415 -87.2324 11.2904 18.0743 63.7210 -1.0795 -22.3799 -5.9801 0.0007 -0.1756 -0.4826 0.0000 0.0000 0.0000 19.7989 -7.1548 -87.9945 -11.7965 -18.3033 65.3422 0.2856 19.5028 -11.1477 -0.2891 3.4580 -9.5565 -6.0527 0.4356 29.6209 -3.6170 -0.4796 8.4355 -0.4331 0.2135 -6.7120 5.4409 7.7944 -21.6914 -13.4419 11.3094 10.8640 -3.8124 4.4132 8.0483 -0.0000 -0.0000 0.0000 -51.1659 -49.7291 22.3468 42.9173 -49.7064 -20.6377 -0.0000 0.0000 -78.3390 -7.3958 34.4728 -4.2020 -7.1250 0.0000 -0.0000 -44.8779 58.5146 -16.9815 -0.0000 -0.0000 0.0000 80.0668 69.9709 41.9376 -29.7393 40.6688 -11.2393 0.0000 -0.0000 -51.5534 -2.7549 3.4385 -0.1654 7.1250 -0.0000 -0.0000 17.9339 -26.4175 8.4780
-1.1547 16.3158 0.2728 173.3690 74.1607 211.1380 0.0000 0.0000 0.0000 -16.2140 -7.7762 -83.2170 10.0982 17.4647 59.8161 -1.0598 -21.6839 -5.1761 0.0000 0.0316 0.0867 0.0000 0.0000 0.0000 19.9453 -7.3875 -84.1320 -10.4171 -17.6378 60.8735 0.3871 19.0588 -9.7302 -0.2356 3.1236 -8.6230 -5.9229 0.2628 28.3266 -3.3298 -0.5929 8.3513 -0.1324 0.1249 -6.1895 5.8308 8.3068 -21.6308 -13.9094 12.1198 11.8917 -3.9067 4.7199 8.5258 0.0000 0.0000 0.0000 -53.7887 -47.8363 24.4320 42.8306 -49.6603 -20.5715 -0.0000 0.0000 -76.1928 -0.8582 31.8517 -0.4529 -7.1250 0.0000 -0.0000 -36.1566 57.9403 -12.5154 0.0000 0.0000 0.0000 79.6335 66.0563 41.4768 -31.5614 42.1947 -12.4453 0.0000 -0.0000 -51.9505 -2.5587 3.2285 -0.1442 7.1250 -0.0000 -0.0000 18.1093 -26.6152 8.4803
-1.1660 16.5878 0.2371 173.4510 75.6616 210.0600 0.0000 0.0000 0.0000 -17.1182 -6.9368 -79.6210 8.9849 16.7980 56.0380 -0.8884 -20.2592 -5.2646 0.0094 -0.6266 -1.7220 0.0000 0.0000 0.0000 19.7761 -6.8639 -80.4122 -9.1279 -16.8893 56.5315 0.4686 18.4328 -8.2069 -0.1972 2.8599 -7.8888 -4.8671 0.3082 26.7713 -4.0186 -0.3690 7.5918 -1.5557 0.1944 -6.3276 7.1909 8.5538 -20.7831 -13.7114 12.2416 13.4258 -4.0664 4.8202 8.9768 0.0000 -0.0000 0.0000 -55.7061 -45.1027 28.2499 43.6123 -50.0702 -21.1691 -0.0000 0.0000 -76.4439 -4.5496 33.2546 -2.4985 -7.1250 0.0000 -0.0000 -40.9881 58.2372 -14.8708 0.0000 -0.0000 0.0000 80.0226 61.0651 40.5640 -33.1473 43.4430 -13.5233 0.0000 -0.0000 -51.6854 -2.9258 3.3513 -0.1712 7.1250 -0.0000 -0.0000 17.8222 -26.5024 8.3824
-1.1596 16.8603 0.2244 172.4530 77.0594 207.5900 0.0000 0.0000 0.0000 -18.1673 -6.0454 -75.4961 7.8880 16.0362 52.1581 -0.7191 -18.8035 -5.4848 0.0369 -1.2404 -3.4105 0.0000 0.0000 0.0000 19.2555 -6.4489 -76.1732 -7.9108 -16.0532 52.2406 0.4863 17.6781 -7.1702 -0.1974 2.8614 -7.8931 -5.0570 0.3983 25.1980 -3.9716 -0.2492 7.4344 -1.4042 0.2206 -5.7256 7.3166 8.8209 -21.1516 -13.7368 12.7451 14.6958 -4.0096 4.9909 9.5464 0.0000 0.0000 0.0000 -57.6079 -42.7526 30.5640 44.5409 -50.5416 -21.8837 -0.0000 0.0000 -75.3244 -3.7203 32.6325 -2.0081 -7.1250 0.0000 -0.0000 -39.5966 57.9378 -13.9581 0.0000 0.0000 0.0000 80.2764 57.8075 40.5288 -34.4323 44.4025 -14.4147 0.0000 -0.0000 -51.5822 -2.6736 2.9147 -0.1360 7.1250 -0.0000 -0.0000 18.0738 -26.9153 8.3271
-1.1364 17.1159 0.2219 170.3430 78.2278 203.7070 0.0000 0.0000 0.0000 -19.2996 -5.1371 -71.0410 6.8532 15.2070 48.3169 -0.5816 -17.3434 -5.4645 0.0592 -1.5698 -4.3181 0.0000 0.0000 0.0000 18.4078 -6.1100 -71.4701 -6.7911 -15.1534 48.0798 0.4382 16.7043 -6.7037 -0.2391 3.1466 -8.6873 -5.3820 0.4531 23.8279 -3.8493 -0.2228 7.1453 -1.0725 0.2036 -5.3567 7.4270 9.0544 -20.9551 -13.7281 13.2432 15.9605 -3.9524 5.1868 10.0189 0.0000 0.0000 0.0000 -59.5684 -40.0295 32.7027 45.1973 -50.8648 -22.3917 -0.0000 0.0000 -73.7828 -3.6461 32.6010 -1.9663 -7.1250 0.0000 -0.0000 -39.4966 57.9294 -13.9066 0.0000 0.0000 0.0000 80.6341 54.1153 40.9088 -35.5839 45.2246 -15.2264 0.0000 -0.0000 -51.8487 -2.4118 3.2489 -0.1368 7.1250 -0.0000 -0.0000 18.2135 -26.5940 8.5438
-1.0985 17.3489 0.2265 168.4510 79.1319 200.1530 0.0000 0.0000 0.0000 -20.0371 -4.4586 -66.6542 5.8978 14.3285 44.5700 -0.4375 -15.7891 -5.6401 0.0800 -1.8243 -5.0204 0.0000 0.0000 0.0000 17.7481 -5.7732 -66.8664 -5.7399 -14.1715 43.9288 0.3804 15.5343 -6.1960 -0.1614 2.5882 -7.1343 -5.1877 0.3871 22.2367 -3.8879 -0.2400 6.7514 -1.1987 0.1633 -4.9879 7.7027 9.2987 -21.1257 -13.2843 13.6929 17.9148 -3.7720 5.3735 10.7816 0.0000 0.0000 0.0000 -61.3669 -37.0245 34.8398 46.0939 -51.2933 -23.0893 -0.0000 0.0000 -73.8513 -3.3738 33.1252 -1.8452 -7.1250 0.0000 -0.0000 -39.7623 58.3985 -14.4857 0.0000 0.0000 0.0000 81.1498 50.5108 41.2284 -36.5478 45.8862 -15.9145 0.0000 -0.0000 -51.6819 -2.3854 3.1774 -0.1323 7.1250 -0.0000 -0.0000 18.2438 -26.6617 8.5287
-1.0481 17.5509 0.2347 165.5890 79.8997 195.5920 0.0000 0.0000 0.0000 -20.7620 -3.8748 -62.3152 5.0511 13.4411 41.0431 -0.3027 -14.1783 -5.8648 0.1834 -2.7583 -7.6065 0.0000 0.0000 0.0000 16.7750 -5.3276 -62.1968 -4.8460 -13.2082 40.1530 0.2881 14.2335 -6.1534 -0.1419 2.4280 -6.6901 -5.3474 0.1973 20.4309 -3.7035 -0.4543 6.4231 -0.8358 0.0225 -4.4119 8.0254 9.6626 -20.8536 -13.2605 14.4053 19.5255 -3.7059 5.6776 11.4331 0.0000 -0.0000 0.0000 -62.7568 -34.2863 35.9830 46.4977 -51.4815 -23.4048 -0.0000 0.0000 -74.4686 -4.7211 33.6328 -2.6190 -7.1250 0.0000 -0.0000 -41.5346 58.4887 -15.3769 0.0000 -0.0000 0.0000 81.7111 46.9863 42.4736 -37.6064 46.5861 -16.6791 0.0000 -0.0000 -51.8093 -2.6807 3.1630 -0.1480 7.1250 -0.0000 -0.0000 18.0301 -26.6790 8.4109
-0.9732 17.7349 0.2542 162.0330 80.4785 190.0400 0.0000 0.0000 0.0000 -21.3725 -3.2883 -57.6097 4.2858 12.5314 37.6386 -0.1695 -12.4997 -6.2830 0.2650 -3.3115 -9.1472 0.0000 0.0000 0.0000 15.8164 -5.0826 -57.2254 -4.0600 -12.2398 36.5858 0.1950 12.9921 -6.3460 -0.2057 2.9201 -8.0564 -5.5276 0.1881 18.7230 -3.4547 -0.4185 6.2148 -0.4622 0.0041 -3.7462 8.1310 9.6386 -20.6663 -13.0665 14.6332 21.2624 -3.6354 5.7677 12.0737 -0.0000 0.0000 0.0000 -64.0993 -31.8415 37.7012 47.0866 -51.7507 -23.8664 -0.0000 0.0000 -74.3226 -4.8692 33.6044 -2.6994 -7.1250 0.0000 -0.0000 -41.6424 58.4338 -15.3696 -0.0000 0.0000 0.0000 80.7333 43.6395 42.6310 -38.8138 47.3512 -17.5617 0.0000 -0.0000 -52.2636 -2.6986 3.1981 -0.1507 7.1250 -0.0000 -0.0000 18.0117 -26.6458 8.4163
-0.8837 17.8822 0.2762 159.6330 81.0753 185.8050 0.0000 0.0000 0.0000 -21.5160 -2.7801 -53.3586 3.6922 11.7391 34.8151 -0.0414 -10.8055 -6.9187 0.3748 -3.9321 -10.8859 0.0000 0.0000 0.0000 15.1428 -4.5328 -52.5617 -3.3820 -11.2891 33.2611 0.0891 11.4342 -6.6425 -0.2644 3.3080 -9.1373 -5.3834 0.1308 16.4964 -3.2486 -0.3524 6.0497 -0.3238 -0.0071 -2.7575 8.2269 9.6158 -20.3368 -12.7357 14.7843 22.6792 -3.5278 5.8607 12.5535 0.0000 -0.0000 0.0000 -65.0034 -29.4818 39.4760 48.4287 -52.3418 -24.9247 -0.0000 0.0000 -74.7671 -2.1317 34.2134 -1.1990 -7.1250 0.0000 -0.0000 -39.7185 59.5267 -15.5703 0.0000 -0.0000 0.0000 80.5543 40.6366 43.2419 -39.7002 47.8913 -18.2165 0.0000 -0.0000 -52.0544 -2.4588 2.9237 -0.1255 7.1250 -0.0000 -0.0000 18.2299 -26.9039 8.4115
-0.7835 18.0085 0.2920 154.5340 81.7581 178.7900 0.0000 0.0000 0.0000 -22.0917 -2.0614 -49.0837 3.1524 10.9378 32.0705 0.0679 -9.2333 -7.6348 0.5037 -4.5496 -12.6283 0.0000 0.0000 0.0000 14.0925 -3.9728 -48.0495 -2.8748 -10.4896 30.5773 0.0020 10.2375 -7.1461 -0.3557 3.8319 -10.6042 -5.4006 0.0794 14.6643 -3.2069 -0.3604 5.6569 -0.2611 -0.0432 -2.2011 8.4705 9.6612 -19.3200 -12.5001 15.0008 23.6809 -3.4834 6.0364 12.7696 -0.0000 -0.0000 0.0000 -65.5420 -26.8991 41.1753 48.5199 -52.3808 -24.9969 -0.0000 0.0000 -73.8415 -3.5960 33.7192 -1.9981 -7.1250 0.0000 -0.0000 -40.5768 58.8087 -15.2622 -0.0000 -0.0000 0.0000 80.7442 37.1825 43.9280 -40.6364 48.4425 -18.9141 0.0000 -0.0000 -51.8024 -2.6841 3.2476 -0.1522 7.1250 -0.0000 -0.0000 18.0146 -26.5986 8.4390
-0.6572 18.1159 0.2970 148.2750 82.3050 170.5940 0.0000 0.0000 0.0000 -22.6262 -1.4792 -44.7314 2.6890 10.1736 29.5409 0.1739 -7.6662 -8.5573 0.6212 -5.0438 -14.0337 0.0000 0.0000 0.0000 13.0145 -3.5228 -43.6983 -2.4606 -9.7660 28.2222 -0.0515 9.3378 -7.4287 -0.3508 3.8054 -10.5299 -5.3049 0.0413 12.8489 -3.1457 -0.3358 5.2476 -0.2489 -0.0606 -1.6607 8.9597 9.7428 -18.1545 -12.6264 15.3830 24.8268 -3.5936 6.2781 13.1011 -0.0000 0.0000 0.0000 -65.8885 -24.4588 43.4776 48.9522 -52.5640 -25.3397 -0.0000 0.0000 -73.5574 -2.6936 33.0900 -1.4714 -7.1250 0.0000 -0.0000 -39.0893 58.5227 -14.3087 -0.0000 0.0000 0.0000 80.7554 34.0691 44.6459 -41.1764 48.7516 -19.3191 0.0000 -0.0000 -51.9658 -1.9339 2.2650 -0.0765 7.1250 -0.0000 -0.0000 18.7218 -27.5208 8.3736
-0.5190 18.2045 0.3263 144.7750 83.2216 165.2040 0.0000 0.0000 0.0000 -22.4771 -0.4422 -40.8310 2.3141 9.4918 27.3461 0.2489 -6.3323 -9.2913 0.7937 -5.6868 -15.8785 0.0000 0.0000 0.0000 12.6489 -2.4102 -39.3576 -2.1070 -9.0854 26.0630 -0.1249 8.2168 -8.0155 -0.3681 3.8973 -10.7879 -5.0127 0.1367 11.0110 -2.8726 -0.1093 4.9122 -0.1513 0.0202 -1.0277 9.0045 9.8854 -17.7309 -12.1702 15.8397 26.3975 -3.3712 6.5331 13.6786 -0.0000 0.0000 0.0000 -66.2975 -22.2995 45.4245 49.7112 -52.8783 -25.9437 -0.0000 0.0000 -73.3248 -0.7616 33.9584 -0.4254 -7.1250 0.0000 -0.0000 -38.1469 59.6459 -14.9466 -0.0000 0.0000 0.0000 80.4252 31.4840 45.3253 -41.6054 48.9928 -19.6422 0.0000 -0.0000 -51.9665 -2.4343 2.9121 -0.1237 7.1250 -0.0000 -0.0000 18.2496 -26.9145 8.4168
-0.3614 18.2846 0.3181 140.8960 82.8104 159.2690 0.0000 0.0000 0.0000 -23.0883 0.0490 -36.5114 1.9710 8.8055 25.1888 0.2630 -5.6579 -9.3576 0.7601 -5.5679 -15.5356 0.0000 0.0000 0.0000 12.0038 -3.2402 -35.3850 -1.8365 -8.5168 24.2952 -0.1626 7.7980 -8.4316 -0.3805 3.9617 -10.9689 -4.4044 -0.2420 9.3964 -2.8209 -0.4980 4.5872 -0.3955 -0.1883 -0.4816 9.4251 9.8998 -16.1028 -12.0476 15.9923 26.9033 -3.4342 6.7466 13.5918 -0.0000 -0.0000 0.0000 -66.8053 -20.1932 47.4494 49.7708 -52.9026 -25.9912 -0.0000 0.0000 -73.3470 0.2763 33.7642 0.1536 -7.1250 0.0000 -0.0000 -36.9494 59.7335 -14.4725 -0.0000 -0.0000 0.0000 80.3015 28.4753 46.3568 -42.8257 49.6577 -20.5678 0.0000 -0.0000 -54.0285 -3.8495 2.2380 -0.1505 7.1250 -0.0000 -0.0000 17.3113 -27.5771 7.6585
-0.2172 18.3343 0.3248 134.7400 83.3674 151.7940 0.0000 0.0000 0.0000 -23.3390 0.9532 -33.5841 1.7350 8.2908 23.6007 0.3072 -4.7511 -9.9112 0.8177 -5.7699 -16.1182 0.0000 0.0000 0.0000 11.5761 -2.8155 -32.3445 -1.6239 -8.0344 22.8187 -0.1807 7.5360 -8.6125 -0.3639 3.8751 -10.7256 -4.1473 -0.2238 7.4731 -2.5189 -0.4122 4.0415 -0.2385 -0.1717 0.0056 9.3909 10.0632 -15.3308 -11.7553 16.5254 28.0434 -3.2539 7.0463 13.9497 0.0000 0.0000 0.0000 -67.5421 -18.1172 49.3094 50.1794 -53.0676 -26.3175 -0.0000 0.0000 -72.6143 1.0517 34.1433 0.5903 -7.1250 0.0000 -0.0000 -36.5955 60.2186 -14.7408 0.0000 0.0000 0.0000 79.8679 25.5614 46.8547 -43.6656 50.0977 -21.2100 0.0000 -0.0000 -53.7874 -4.2236 2.8486 -0.2103 7.1250 -0.0000 -0.0000 16.9430 -26.9968 7.7246
-0.0622 18.3849 0.3353 126.0910 84.0507 141.8080 0.0000 0.0000 0.0000 -23.5741 2.2261 -30.6091 1.4864 7.7024 21.8137 0.3294 -3.9399 -10.2044 0.8530 -5.8904 -16.4667 0.0000 0.0000 0.0000 11.1873 -2.1689 -29.3528 -1.4436 -7.5957 21.4927 -0.1965 7.3173 -8.7786 -0.3882 4.0011 -11.0798 -3.7862 -0.0934 5.6864 -2.4016 -0.1763 3.5497 -0.3366 -0.0699 0.4771 9.6471 10.1996 -14.8158 -11.4323 16.9129 29.2238 -3.1244 7.3018 14.3964 0.0000 -0.0000 0.0000 -68.0090 -16.0090 51.0266 50.7588 -53.2970 -26.7813 -0.0000 0.0000 -72.3390 1.9671 34.2387 1.1071 -7.1250 0.0000 -0.0000 -35.8053 60.5132 -14.6258 0.0000 -0.0000 0.0000 79.7505 22.5342 47.1278 -44.9035 50.7211 -22.1641 0.0000 -0.0000 -53.6007 -4.0083 2.2863 -0.1602 7.1250 -0.0000 -0.0000 17.1861 -27.5331 7.6169
0.0886 18.4228 0.3515 117.4890 84.3850 131.8320 0.0000 0.0000 0.0000 -23.7741 3.3942 -27.7355 1.2804 7.1709 20.2225 0.3391 -3.4070 -10.3566 0.8520 -5.8868 -16.4562 0.0000 0.0000 0.0000 10.8535 -1.6942 -26.3892 -1.2867 -7.1878 20.2730 -0.2261 7.0492 -9.1456 -0.3961 4.0407 -11.1913 -3.7507 -0.1690 4.2057 -2.2512 -0.2447 3.0360 -0.2005 -0.1183 0.7727 10.1582 10.2771 -13.7680 -11.3336 17.1002 29.6908 -3.1835 7.5136 14.4425 -0.0000 -0.0000 0.0000 -68.4448 -13.6818 52.0684 51.4648 -53.5695 -27.3484 -0.0000 0.0000 -72.3424 2.8642 34.7568 1.6338 -7.1250 0.0000 -0.0000 -35.4814 61.1482 -15.0137 -0.0000 -0.0000 0.0000 79.9569 19.6822 47.8499 -45.8932 51.1986 -22.9327 0.0000 -0.0000 -53.5879 -3.9705 1.6649 -0.1155 7.1250 -0.0000 -0.0000 17.3107 -28.1275 7.4211
0.2362 18.4545 0.3572 109.2810 84.8077 122.3600 0.0000 0.0000 0.0000 -23.6273 4.0324 -25.1117 1.1507 6.8112 19.1572 0.3835 -2.2922 -11.1291 0.9849 -6.3168 -17.7064 0.0000 0.0000 0.0000 10.8236 -1.2593 -23.5427 -1.1200 -6.7227 18.8964 -0.2421 6.7984 -9.3146 -0.4265 4.1913 -11.6156 -3.2934 -0.2233 2.8009 -1.9778 -0.2782 2.5993 -0.1778 -0.1434 1.1057 9.9890 10.3413 -12.8939 -10.7615 17.1607 29.8118 -2.9614 7.6445 14.2204 0.0000 -0.0000 0.0000 -69.2935 -11.6243 52.7883 52.0823 -53.8016 -27.8459 -0.0000 0.0000 -72.1175 2.9932 35.2925 1.7303 -7.1250 0.0000 -0.0000 -35.9470 61.6108 -15.6372 0.0000 -0.0000 0.0000 79.8820 17.5251 48.1889 -46.1859 51.3364 -23.1611 0.0000 -0.0000 -54.0260 -3.7201 1.3480 -0.0876 7.1250 -0.0000 -0.0000 17.5483 -28.4260 7.4016
0.3796 18.4622 0.3650 101.1070 84.9221 113.2280 0.0000 0.0000 0.0000 -23.6894 4.6861 -23.1136 1.0645 6.5594 18.4164 0.4138 -1.5145 -11.7193 1.2023 -6.9569 -19.5878 0.0000 0.0000 0.0000 10.7534 -1.2754 -21.3704 -0.9959 -6.3511 17.8065 -0.2354 6.9358 -9.2524 -0.4598 4.3496 -12.0624 -2.8138 -0.2453 1.5782 -1.8947 -0.2899 1.9516 -0.3632 -0.1488 1.1214 10.3085 10.2355 -11.2713 -10.7987 17.0263 29.3702 -3.1354 7.7261 13.6925 0.0000 0.0000 0.0000 -69.8679 -9.4235 53.5877 52.5240 -53.9641 -28.2027 -0.0000 0.0000 -72.1407 2.3227 35.4564 1.3479 -7.1250 0.0000 -0.0000 -36.7920 61.5745 -16.0298 0.0000 0.0000 0.0000 79.9873 15.0486 48.0550 -46.6120 51.5342 -23.4943 0.0000 -0.0000 -54.0922 -3.2148 0.1798 -0.0101 7.1250 -0.0000 -0.0000 18.1253 -29.5289 7.1662
0.5158 18.4754 0.3802 92.0129 85.0816 103.4340 0.0000 0.0000 0.0000 -23.5683 5.4612 -21.5043 0.9842 6.3146 17.7000 0.4307 -0.9612 -12.0991 1.3160 -7.2659 -20.5055 0.0000 0.0000 0.0000 10.7885 -0.9651 -19.4989 -0.8930 -6.0231 16.8514 -0.2310 7.0211 -9.2127 -0.4096 4.1085 -11.3821 -2.5992 -0.3093 -0.1079 -1.6257 -0.3373 1.5486 -0.2149 -0.1811 1.6539 10.5948 10.4409 -10.9504 -10.5574 17.4536 30.2612 -3.0231 7.9898 14.0759 -0.0000 -0.0000 0.0000 -70.6573 -7.5918 53.8531 52.8938 -54.0980 -28.5021 -0.0000 0.0000 -71.1244 2.0680 35.1171 1.1900 -7.1250 0.0000 -0.0000 -36.6602 61.2416 -15.6725 -0.0000 -0.0000 0.0000 79.8711 13.1496 48.4168 -46.8583 51.6471 -23.6873 0.0000 -0.0000 -54.1881 -3.5636 0.7084 -0.0441 7.1250 -0.0000 -0.0000 17.7717 -29.0334 7.2342
0.6467 18.4852 0.3908 81.4486 85.0742 91.8415 0.0000 0.0000 0.0000 -23.4636 6.3677 -19.5229 0.9033 6.0569 16.9495 0.4540 -0.2470 -12.6461 1.4265 -7.5523 -21.3624 0.0000 0.0000 0.0000 10.8053 -0.6988 -17.2884 -0.7920 -5.6807 15.8606 -0.2308 6.9665 -9.1923 -0.4590 4.3461 -12.0525 -2.3225 -0.3308 -1.2051 -1.4376 -0.3499 1.2326 -0.1824 -0.1894 1.9449 10.7726 10.6203 -10.4979 -10.2096 17.7870 30.9215 -2.8743 8.2222 14.2959 0.0000 -0.0000 0.0000 -71.5241 -5.7324 53.6041 53.5601 -54.3342 -29.0426 -0.0000 0.0000 -71.1462 1.8833 35.6722 1.0985 -7.1250 0.0000 -0.0000 -37.4692 61.6355 -16.4267 0.0000 -0.0000 0.0000 79.8076 11.3179 48.8910 -47.3601 51.8737 -24.0814 0.0000 -0.0000 -54.2067 -4.3937 0.3777 -0.0290 7.1250 -0.0000 -0.0000 17.2018 -29.3684 6.8373
0.7690 18.4929 0.3910 80.5189 85.2056 90.3299 0.0000 0.0000 0.0000 -23.1701 6.4734 -17.9026 0.8256 5.7972 16.1971 0.4650 0.2025 -12.9580 1.4240 -7.5462 -21.3439 0.0000 0.0000 0.0000 10.9861 -0.8001 -15.5220 -0.6887 -5.3056 14.7824 -0.2431 6.7765 -9.3224 -0.3865 3.9921 -11.0545 -1.6838 -0.5615 -2.5930 -1.2364 -0.6520 0.8773 -0.3547 -0.3367 2.3586 10.8830 10.7440 -10.2098 -9.9222 18.0849 31.6692 -2.7341 8.4178 14.5910 0.0000 0.0000 0.0000 -72.4685 -4.0294 53.0831 54.5570 -54.6758 -29.8542 -0.0000 0.0000 -71.1831 0.8915 36.3663 0.5287 -7.1250 0.0000 -0.0000 -39.2498 61.9271 -17.6147 0.0000 0.0000 0.0000 79.8247 9.4028 49.0101 -48.1627 52.2271 -24.7143 0.0000 -0.0000 -54.2166 -4.7713 0.1132 -0.0095 7.1250 -0.0000 -0.0000 16.9598 -29.6308 6.6217
0.8836 18.4974 0.4031 73.7186 85.0952 82.9666 0.0000 0.0000 0.0000 -23.0980 7.0525 -16.3537 0.7354 5.4786 15.2787 0.4688 0.8012 -13.2482 1.5408 -7.8357 -22.2163 0.0000 0.0000 0.0000 10.9948 -0.4928 -13.9025 -0.6109 -5.0026 13.9159 -0.2527 6.6714 -9.4397 -0.3867 3.9933 -11.0578 -1.4438 -0.5840 -3.6855 -1.0925 -0.6770 0.5187 -0.3522 -0.3475 2.6028 11.0333 10.8308 -9.9659 -9.8121 18.3796 32.3741 -2.6664 8.5967 14.9109 -0.0000 -0.0000 0.0000 -73.5389 -2.4856 52.1851 54.8066 -54.7593 -30.0580 -0.0000 0.0000 -70.1258 1.4843 36.5670 0.8844 -7.1250 0.0000 -0.0000 -38.9156 62.2333 -17.7201 -0.0000 -0.0000 0.0000 79.6043 7.8632 49.2795 -48.9440 52.5606 -25.3333 0.0000 -0.0000 -55.3091 -4.9125 0.4069 -0.0350 7.1250 -0.0000 -0.0000 16.8045 -29.3519 6.6730
0.9821 18.4974 0.4138 64.3415 84.8841 73.0352 0.0000 0.0000 0.0000 -22.9872 7.8117 -15.0245 0.6664 5.2206 14.5388 0.4848 1.3739 -13.7216 1.6090 -7.9991 -22.7112 0.0000 0.0000 0.0000 11.0835 -0.5282 -12.5111 -0.5362 -4.6920 13.0321 -0.2261 7.0397 -9.1433 -0.4171 4.1454 -11.4862 -1.1558 -0.4928 -4.5794 -0.9632 -0.5591 0.2645 -0.3809 -0.2857 2.8413 11.2829 10.9819 -9.6972 -9.8569 18.7670 32.8793 -2.6571 8.8097 15.1860 -0.0000 -0.0000 0.0000 -74.7814 -0.9866 50.6673 55.2036 -54.8901 -30.3825 -0.0000 0.0000 -68.8732 1.2758 36.7511 0.7634 -7.1250 0.0000 -0.0000 -39.3429 62.3217 -18.0300 -0.0000 -0.0000 0.0000 80.5169 5.8685 47.6870 -49.9780 52.9866 -26.1566 0.0000 -0.0000 -53.9638 -4.1101 -0.7745 0.0557 7.1250 -0.0000 -0.0000 17.6162 -30.4636 6.5319
1.0700 18.4962 0.4253 60.3506 85.0086 69.0000 0.0000 0.0000 0.0000 -22.6479 8.0167 -14.4104 0.6313 5.0839 14.1481 0.4926 1.5969 -13.9327 1.6074 -7.9955 -22.7003 0.0000 0.0000 0.0000 11.3996 -0.3740 -11.6393 -0.4776 -4.4319 12.2951 -0.2272 6.9541 -9.1328 -0.3673 3.8931 -10.7761 -0.6402 -0.5198 -5.7822 -0.8620 -0.6125 -0.1375 -0.5794 -0.3039 3.0977 11.4788 11.0373 -9.5107 -9.6526 18.8993 33.3704 -2.5859 8.9298 15.3961 0.0000 -0.0000 0.0000 -75.9844 0.6200 48.8897 55.8295 -55.0921 -30.8952 -0.0000 0.0000 -68.6669 3.1984 36.7992 1.9172 -7.1250 0.0000 -0.0000 -37.5172 62.8575 -17.5319 0.0000 -0.0000 0.0000 80.8294 3.9045 47.1942 -51.3795 53.5370 -27.2798 0.0000 -0.0000 -52.9651 -5.0185 -0.5021 0.0441 7.1250 -0.0000 -0.0000 16.8753 -30.2278 6.3337
1.1374 18.4954 0.4387 58.6406 85.0395 67.2424 0.0000 0.0000 0.0000 -22.5014 8.2392 -14.0192 0.6133 5.0121 13.9430 0.5026 1.6705 -14.1019 1.6320 -8.0533 -22.8762 0.0000 0.0000 0.0000 11.5484 -0.3694 -11.0437 -0.4387 -4.2502 11.7817 -0.2271 6.9203 -9.1210 -0.3294 3.6886 -10.2021 -0.3843 -0.5289 -6.6701 -0.8142 -0.6326 -0.4720 -0.6827 -0.3082 3.2476 11.5519 11.0535 -9.6567 -9.2980 18.9177 33.9694 -2.4348 8.9830 15.6833 0.0000 0.0000 0.0000 -77.1805 1.7705 47.2910 56.4639 -55.2916 -31.4160 -0.0000 0.0000 -68.7400 3.6050 37.1338 2.1781 -7.1250 0.0000 -0.0000 -37.5308 63.2262 -17.8620 0.0000 0.0000 0.0000 81.3976 2.3440 46.0976 -51.8710 53.7228 -27.6755 0.0000 -0.0000 -50.9810 -4.5875 -1.1840 0.0950 7.1250 -0.0000 -0.0000 17.3246 -30.8696 6.2372
1.1919 18.4913 0.4569 55.2765 84.9772 63.4819 0.0000 0.0000 0.0000 -22.2833 8.6791 -13.2598 0.5855 4.8994 13.6220 0.5159 1.7217 -14.3014 1.5941 -7.9639 -22.6044 0.0000 0.0000 0.0000 11.7163 -0.3609 -10.2722 -0.4209 -4.1641 11.5388 -0.2333 6.9529 -9.2258 -0.3628 3.8691 -10.7086 -0.2999 -0.4491 -7.0754 -0.7222 -0.5309 -0.6466 -0.6283 -0.2558 3.2951 11.4028 11.0002 -9.7695 -8.9149 18.8057 34.3484 -2.2680 8.9610 15.8041 -0.0000 0.0000 0.0000 -78.4589 2.4359 45.9844 55.2740 -54.9131 -30.4400 -0.0000 0.0000 -67.9173 3.7846 37.4315 2.3024 -7.1250 0.0000 -0.0000 -37.7305 63.5065 -18.2169 -0.0000 0.0000 0.0000 82.0571 0.7838 44.6629 -51.6359 53.6344 -27.4861 0.0000 -0.0000 -48.6954 -4.0363 -1.0759 0.0759 7.1250 -0.0000 -0.0000 17.7271 -30.7492 6.4490
1.2229 18.4925 0.4761 55.3104 84.9637 63.4265 0.0000 0.0000 0.0000 -22.2029 8.5573 -12.7887 0.5611 4.7979 13.3329 0.5100 2.0008 -14.3647 1.5561 -7.8729 -22.3287 0.0000 0.0000 0.0000 11.7590 -0.2889 -9.9576 -0.4135 -4.1278 11.4366 -0.2411 6.8951 -9.3276 -0.3380 3.7359 -10.3347 -0.3752 -0.3436 -7.4545 -0.7569 -0.3763 -0.9077 -0.6080 -0.1774 3.2386 11.3695 10.8669 -10.2367 -8.4451 18.5060 34.9205 -2.0961 8.8637 16.0825 -0.0000 -0.0000 0.0000 -79.3082 2.5023 45.6886 53.0775 -54.1637 -28.6509 -0.0000 0.0000 -67.3944 4.7489 37.1387 2.8713 -7.1250 0.0000 -0.0000 -36.3965 63.5343 -17.5068 -0.0000 -0.0000 0.0000 82.8890 -0.5179 43.0412 -50.5509 53.2153 -26.6147 0.0000 -0.0000 -48.1373 -5.4328 -0.5225 0.0497 7.1250 -0.0000 -0.0000 16.5622 -30.2582 6.1941
1.2474 18.4930 0.4954 58.6099 85.0786 66.7648 0.0000 0.0000 0.0000 -22.1865 8.3942 -12.5504 0.5399 4.7078 13.0769 0.4976 2.1098 -14.2587 1.6208 -8.0270 -22.7962 0.0000 0.0000 0.0000 11.8077 -0.3916 -9.7950 -0.4057 -4.0889 11.3270 -0.2614 6.6521 -9.5643 -0.3465 3.7822 -10.4648 -0.5151 -0.3395 -7.9110 -0.8200 -0.3472 -1.2067 -0.5930 -0.1609 3.1849 11.3277 10.7171 -10.5220 -7.8785 18.1429 35.4264 -1.9067 8.7635 16.2661 -0.0000 -0.0000 0.0000 -79.7048 2.8302 46.0417 52.1415 -53.8235 -27.8937 -0.0000 0.0000 -67.4910 5.8748 37.6561 3.5969 -7.1250 0.0000 -0.0000 -35.9254 64.2481 -17.8427 -0.0000 -0.0000 0.0000 83.6742 -1.7240 41.7312 -49.2990 52.7088 -25.6154 0.0000 -0.0000 -48.8852 -5.8888 -0.4052 0.0418 7.1250 -0.0000 -0.0000 16.1938 -30.1567 6.0868
1.2680 18.4951 0.5099 60.9136 85.4808 69.1426 0.0000 0.0000 0.0000 -21.8499 8.3283 -12.5434 0.5329 4.6775 12.9911 0.5066 2.0436 -14.3433 1.6146 -8.0123 -22.7515 0.0000 0.0000 0.0000 12.1801 -0.4209 -9.5150 -0.3796 -3.9568 10.9552 -0.2785 6.2839 -9.7291 -0.3233 3.6550 -10.1079 -0.4215 -0.3895 -8.3312 -0.7526 -0.4166 -1.3629 -0.5858 -0.1925 3.2568 11.3186 10.3744 -9.7604 -8.0503 17.4150 34.1154 -2.1920 8.4749 15.3522 0.0000 0.0000 0.0000 -79.8214 3.1513 46.6739 52.6971 -54.0270 -28.3428 -0.0000 0.0000 -67.5315 6.2578 37.5758 3.8256 -7.1250 0.0000 -0.0000 -35.4327 64.2891 -17.6010 0.0000 0.0000 0.0000 84.1831 -2.4281 40.8977 -48.4404 52.3468 -24.9339 0.0000 -0.0000 -49.0592 -7.0480 -0.4309 0.0533 7.1250 -0.0000 -0.0000 15.3088 -30.2093 5.7110
1.2797 18.4945 0.5243 64.7435 85.5538 72.8900 0.0000 0.0000 0.0000 -21.8436 8.2174 -12.1975 0.5072 4.5655 12.6732 0.5010 2.1020 -14.3003 1.5880 -7.9494 -22.5605 0.0000 0.0000 0.0000 12.1783 -0.7225 -9.3401 -0.3730 -3.9226 10.8589 -0.2814 6.2948 -9.7748 -0.2918 3.4736 -9.6002 -0.6669 -0.3581 -8.5178 -0.8404 -0.3448 -1.4193 -0.5317 -0.1577 3.3037 11.3666 10.1992 -9.9122 -7.8579 16.9944 33.9908 -2.1977 8.3162 15.2486 -0.0000 -0.0000 0.0000 -79.7747 3.2267 47.2027 53.7621 -54.4045 -29.2068 -0.0000 0.0000 -67.7836 5.2300 37.5649 3.1941 -7.1250 0.0000 -0.0000 -36.4576 64.0004 -17.9334 -0.0000 -0.0000 0.0000 84.6253 -3.0692 40.1585 -48.5412 52.3899 -25.0138 0.0000 -0.0000 -49.2521 -7.4966 -0.5363 0.0706 7.1250 -0.0000 -0.0000 14.9800 -30.3224 5.5384
1.2827 18.4966 0.5391 67.5643 85.7882 75.7353 0.0000 0.0000 0.0000 -21.6342 8.0505 -12.1687 0.5041 4.5513 12.6332 0.4931 2.1908 -14.2429 1.5793 -7.9284 -22.4969 0.0000 0.0000 0.0000 12.4180 -0.7410 -9.1768 -0.3593 -3.8508 10.6574 -0.2982 5.9496 -9.9521 -0.3179 3.6246 -10.0228 -0.7069 -0.3313 -8.7046 -0.8534 -0.3010 -1.4422 -0.5187 -0.1356 3.3843 11.3358 10.1119 -10.0549 -7.7974 16.8031 33.9071 -2.1987 8.2311 15.2031 -0.0000 0.0000 0.0000 -79.7683 3.4192 47.2968 54.9514 -54.8072 -30.1763 -0.0000 0.0000 -67.8273 5.4912 36.8621 3.3006 -7.1250 0.0000 -0.0000 -35.3048 63.5123 -16.8954 -0.0000 0.0000 0.0000 84.9610 -3.3022 39.7533 -48.8656 52.5276 -25.2710 0.0000 -0.0000 -48.9123 -7.0002 -0.2976 0.0365 7.1250 -0.0000 -0.0000 15.3249 -30.0787 5.7671
1.2663 18.5004 0.5557 69.1612 86.1821 77.3123 0.0000 0.0000 0.0000 -21.1875 7.9130 -12.3400 0.5219 4.6297 12.8555 0.4930 2.1556 -14.2227 1.6530 -8.1025 -23.0258 0.0000 0.0000 0.0000 12.8892 -0.5746 -8.9380 -0.3402 -3.7479 10.3684 -0.3143 5.4290 -10.1034 -0.3713 3.9138 -10.8342 -0.5663 -0.2520 -8.6577 -0.7876 -0.2126 -1.4221 -0.5195 -0.0910 3.3791 11.3484 10.1217 -10.1916 -7.8015 16.8288 33.9868 -2.1876 8.2384 15.2781 0.0000 0.0000 0.0000 -79.6615 3.1024 47.5712 55.1716 -54.8796 -30.3563 -0.0000 0.0000 -68.0310 3.7492 37.0008 2.2584 -7.1250 0.0000 -0.0000 -37.2212 63.1602 -17.6359 0.0000 0.0000 0.0000 85.1746 -3.1867 39.4549 -48.9363 52.5574 -25.3272 0.0000 -0.0000 -48.5793 -5.7064 0.1222 -0.0122 7.1250 -0.0000 -0.0000 16.2478 -29.6434 6.3166
1.2517 18.5018 0.5628 72.4082 86.2350 80.5351 0.0000 0.0000 0.0000 -21.1844 7.8688 -12.4313 0.5284 4.6581 12.9360 0.4892 2.1018 -14.1432 1.7037 -8.2195 -23.3827 0.0000 0.0000 0.0000 12.9460 -0.8067 -8.9942 -0.3355 -3.7226 10.2976 -0.3118 5.3038 -10.0474 -0.4126 4.1232 -11.4237 -0.5492 -0.2245 -8.5649 -0.8943 -0.1733 -1.5039 -0.6342 -0.0698 3.2425 11.0683 10.1630 -10.2097 -7.4424 16.9170 34.3181 -1.9752 8.2895 15.3757 0.0000 0.0000 0.0000 -79.4603 2.9975 47.5752 54.9069 -54.7925 -30.1399 -0.0000 0.0000 -67.8814 4.5609 37.3026 2.7677 -7.1250 0.0000 -0.0000 -36.7924 63.6133 -17.7911 0.0000 0.0000 0.0000 85.3827 -3.1430 39.4083 -48.7358 52.4727 -25.1681 0.0000 -0.0000 -48.4961 -5.3552 0.2311 -0.0217 7.1250 -0.0000 -0.0000 16.4974 -29.5308 6.4677
1.2273 18.5036 0.5683 77.2256 86.3036 85.3748 0.0000 0.0000 0.0000 -21.1446 7.4281 -12.4488 0.5317 4.6724 12.9766 0.4771 2.2628 -14.0687 1.6769 -8.1580 -23.1949 0.0000 0.0000 0.0000 12.9697 -0.7252 -8.9226 -0.3226 -3.6511 10.0970 -0.3180 4.8702 -10.0894 -0.3393 3.7431 -10.3550 -0.5291 -0.2217 -8.5456 -1.0360 -0.1649 -1.5488 -0.7908 -0.0640 3.1848 11.2067 10.1649 -10.1480 -7.3722 16.9734 34.6614 -1.9554 8.3484 15.5441 0.0000 0.0000 0.0000 -79.1757 2.7861 47.5503 54.6325 -54.7012 -29.9159 -0.0000 0.0000 -67.7734 4.8992 37.2471 2.9698 -7.1250 0.0000 -0.0000 -36.3830 63.6602 -17.6057 0.0000 0.0000 0.0000 85.6321 -2.9173 39.4102 -48.5094 52.3763 -24.9886 0.0000 -0.0000 -48.3219 -5.5386 0.2214 -0.0215 7.1250 -0.0000 -0.0000 16.3596 -29.5441 6.4039
1.2096 18.5044 0.5730 82.2556 86.2123 90.3568 0.0000 0.0000 0.0000 -21.2706 7.3476 -12.4453 0.5324 4.6757 12.9859 0.4749 2.1310 -13.9680 1.7009 -8.2130 -23.3630 0.0000 0.0000 0.0000 12.8625 -0.9704 -8.9608 -0.3228 -3.6520 10.0996 -0.3224 4.7356 -10.1419 -0.3679 3.8961 -10.7846 -0.7337 -0.2129 -8.5278 -1.1532 -0.1293 -1.5528 -0.7929 -0.0471 3.1715 11.2828 10.1360 -10.0532 -7.3555 17.0041 34.9176 -1.9561 8.3852 15.6595 0.0000 0.0000 0.0000 -79.1060 2.6124 47.2132 54.0737 -54.5120 -29.4603 -0.0000 0.0000 -68.0106 4.6190 37.1685 2.7945 -7.1250 0.0000 -0.0000 -36.5643 63.5232 -17.5893 0.0000 0.0000 0.0000 85.7825 -2.6620 39.2315 -48.2666 52.2720 -24.7964 0.0000 -0.0000 -47.9396 -5.4127 0.2022 -0.0192 7.1250 -0.0000 -0.0000 16.4583 -29.5598 6.4392
1.1895 18.5030 0.5719 87.4280 86.4803 95.5039 0.0000 0.0000 0.0000 -20.9730 7.1622 -12.6788 0.5562 4.7773 13.2745 0.4779 2.0276 -13.9534 1.7389 -8.2997 -23.6281 0.0000 0.0000 0.0000 13.1568 -0.9101 -8.7609 -0.3050 -3.5506 9.8158 -0.3283 4.3382 -10.2031 -0.3410 3.7524 -10.3812 -0.5651 -0.2510 -8.4453 -1.0743 -0.2003 -1.5461 -0.8136 -0.0817 3.1316 11.1838 10.1749 -10.1207 -7.3580 17.1542 35.1355 -1.9037 8.4372 15.7924 -0.0000 -0.0000 0.0000 -79.1966 2.5218 47.0251 54.0644 -54.5088 -29.4527 -0.0000 0.0000 -67.8036 5.7015 37.3760 3.4683 -7.1250 0.0000 -0.0000 -35.7391 63.9787 -17.5165 -0.0000 -0.0000 0.0000 85.6654 -2.4250 39.2017 -48.1544 52.2235 -24.7077 0.0000 -0.0000 -47.8250 -5.1591 0.1636 -0.0148 7.1250 -0.0000 -0.0000 16.6572 -29.5913 6.5102
1.1771 18.5061 0.5644 91.7319 86.3700 99.7987 0.0000 0.0000 0.0000 -21.1103 7.0710 -12.6942 0.5537 4.7666 13.2442 0.4689 1.9610 -13.7977 1.7752 -8.3812 -23.8780 0.0000 0.0000 0.0000 13.0377 -1.0847 -8.8911 -0.3128 -3.5953 9.9408 -0.3335 4.2693 -10.2791 -0.3623 3.8668 -10.7021 -0.5997 -0.2337 -8.5329 -1.2162 -0.1666 -1.4886 -0.9379 -0.0645 3.2399 11.2841 10.1701 -10.0766 -7.4333 17.1423 35.0372 -1.9563 8.4383 15.7534 0.0000 0.0000 0.0000 -79.6242 2.4972 45.3933 53.8701 -54.4419 -29.2946 -0.0000 0.0000 -67.8659 3.9005 38.0977 2.4089 -7.1250 0.0000 -0.0000 -38.4863 64.0537 -19.1233 0.0000 0.0000 0.0000 85.7804 -2.0907 38.9088 -47.9356 52.1282 -24.5349 0.0000 -0.0000 -47.8049 -5.4350 0.2987 -0.0284 7.1250 -0.0000 -0.0000 16.4258 -29.4673 6.4633
1.1588 18.5055 0.5590 94.5984 86.1745 102.7660 0.0000 0.0000 0.0000 -21.3437 6.9019 -12.7812 0.5451 4.7300 13.1401 0.4553 1.9634 -13.6129 1.7221 -8.2615 -23.5112 0.0000 0.0000 0.0000 12.8163 -0.9177 -9.0771 -0.3257 -3.6683 10.1453 -0.3456 4.0649 -10.4541 -0.3216 3.6449 -10.0798 -0.8395 -0.2453 -8.6205 -1.2574 -0.1558 -1.4876 -0.8449 -0.0608 3.2903 12.0040 10.2111 -10.1513 -8.2749 17.3802 35.0190 -2.3614 8.5282 15.9988 -0.0000 0.0000 0.0000 -79.7214 2.5626 45.1778 54.3304 -54.5994 -29.6694 -0.0000 0.0000 -67.6198 3.9961 37.8156 2.4526 -7.1250 0.0000 -0.0000 -38.0183 63.8619 -18.6890 -0.0000 0.0000 0.0000 85.7209 -2.0747 38.6224 -48.2773 52.2766 -24.8049 0.0000 -0.0000 -47.0880 -5.9247 -0.2105 0.0218 7.1250 -0.0000 -0.0000 16.1348 -29.9696 6.1382
1.1443 18.5076 0.5487 96.1774 86.1017 104.3250 0.0000 0.0000 0.0000 -21.4751 7.0606 -12.8161 0.5339 4.6822 13.0043 0.4498 1.8613 -13.4826 1.7458 -8.3151 -23.6754 0.0000 0.0000 0.0000 12.7082 -0.8008 -9.2107 -0.3457 -3.7779 10.4526 -0.3592 3.9836 -10.6560 -0.3469 3.7847 -10.4716 -0.8627 -0.1945 -8.5416 -1.3056 -0.0852 -1.5295 -0.8733 -0.0252 3.2036 12.0255 10.2322 -10.0873 -8.3791 17.4828 35.0346 -2.3898 8.5696 16.0241 -0.0000 0.0000 0.0000 -79.7550 2.8372 45.7557 54.7006 -54.7239 -29.9714 -0.0000 0.0000 -65.8866 5.2379 37.2833 3.1785 -7.1250 0.0000 -0.0000 -36.0884 63.7799 -17.5442 -0.0000 0.0000 0.0000 85.7113 -2.2684 38.2208 -48.4665 52.3580 -24.9546 0.0000 -0.0000 -46.2140 -5.5370 0.1271 -0.0123 7.1250 -0.0000 -0.0000 16.3759 -29.6349 6.3738
1.1325 18.5054 0.5312 96.8074 86.0740 104.7790 0.0000 0.0000 0.0000 -21.5594 7.3819 -12.7655 0.5289 4.6605 12.9427 0.4477 1.6241 -13.3333 1.7403 -8.3028 -23.6377 0.0000 0.0000 0.0000 12.6160 -0.9166 -9.1613 -0.3541 -3.8230 10.5791 -0.3578 4.0378 -10.6358 -0.2978 3.5088 -9.6987 -0.7302 -0.1365 -8.3315 -1.3620 -0.0222 -1.5406 -0.9983 0.0075 3.0757 12.1095 10.2806 -10.0031 -8.5113 17.6196 35.0280 -2.4336 8.6299 16.0506 0.0000 0.0000 0.0000 -79.7850 2.9707 45.5157 54.6188 -54.6966 -29.9046 -0.0000 0.0000 -65.6348 4.4853 37.1072 2.7095 -7.1250 0.0000 -0.0000 -36.6209 63.4391 -17.5487 0.0000 0.0000 0.0000 85.7603 -2.5903 37.7184 -48.5593 52.3977 -25.0282 0.0000 -0.0000 -44.7847 -5.3834 0.5379 -0.0507 7.1250 -0.0000 -0.0000 16.4269 -29.2358 6.5585
1.1211 18.5050 0.5185 94.0312 85.6998 102.0710 0.0000 0.0000 0.0000 -22.0848 7.4376 -12.7335 0.5108 4.5812 12.7178 0.4393 1.7625 -13.2860 1.7676 -8.3642 -23.8258 0.0000 0.0000 0.0000 12.1061 -0.9017 -9.4929 -0.3764 -3.9401 10.9082 -0.3569 4.2075 -10.6265 -0.3301 3.6926 -10.2135 -1.0742 -0.1288 -8.4113 -1.4792 0.0266 -1.5435 -0.9210 0.0300 3.1177 12.0918 10.3565 -9.9222 -8.5959 17.7453 34.8537 -2.4453 8.6729 15.9723 -0.0000 -0.0000 0.0000 -80.0869 3.1687 45.0357 54.2428 -54.5697 -29.5980 -0.0000 0.0000 -63.2338 3.9352 36.7815 2.3586 -7.1250 0.0000 -0.0000 -36.7646 63.0366 -17.2826 -0.0000 -0.0000 0.0000 85.7424 -2.5849 37.5435 -48.2172 52.2507 -24.7574 0.0000 -0.0000 -44.0265 -5.7920 0.8253 -0.0837 7.1250 -0.0000 -0.0000 16.0728 -28.9663 6.5139
1.1071 18.5073 0.5097 90.2518 85.6691 98.3420 0.0000 0.0000 0.0000 -22.2354 7.8316 -12.8670 0.4974 4.5218 12.5494 0.4329 1.7287 -13.1775 1.7970 -8.4297 -24.0272 0.0000 0.0000 0.0000 11.9835 -0.7488 -9.7560 -0.3942 -4.0316 11.1655 -0.3536 4.4759 -10.5902 -0.3213 3.6432 -10.0750 -1.1337 -0.1087 -8.3504 -1.4934 0.0580 -1.6103 -0.8984 0.0459 3.0150 11.7421 10.5252 -10.0200 -8.1078 17.8946 34.9419 -2.1497 8.7392 15.9489 0.0000 0.0000 0.0000 -80.3822 3.3968 44.5815 53.7764 -54.4095 -29.2184 -0.0000 0.0000 -60.3508 4.0812 36.0692 2.4055 -7.1250 0.0000 -0.0000 -35.7616 62.5083 -16.3035 0.0000 0.0000 0.0000 85.7841 -2.8430 37.4578 -48.0755 52.1892 -24.6453 0.0000 -0.0000 -42.7229 -6.7234 1.1945 -0.1408 7.1250 -0.0000 -0.0000 15.3136 -28.6241 6.3139
1.0899 18.5072 0.5071 84.8662 85.6601 93.1893 0.0000 0.0000 0.0000 -22.2847 7.7407 -13.1200 0.4955 4.5132 12.5251 0.4327 2.0154 -13.3237 1.7239 -8.2655 -23.5235 0.0000 0.0000 0.0000 11.9473 -0.5372 -10.2104 -0.4008 -4.0648 11.2591 -0.3371 4.7443 -10.3631 -0.3147 3.6065 -9.9721 -1.1768 -0.0784 -8.4229 -1.5373 0.1064 -1.7285 -0.9141 0.0716 2.9334 12.3542 10.5593 -9.8910 -8.8002 18.0389 34.6888 -2.5106 8.7997 15.9901 -0.0000 -0.0000 0.0000 -80.5383 3.6240 44.4224 53.3384 -54.2563 -28.8626 -0.0000 0.0000 -56.2134 5.2198 35.8824 3.0650 -7.1250 0.0000 -0.0000 -34.4025 62.6512 -15.7180 -0.0000 -0.0000 0.0000 85.9307 -2.9563 37.4405 -47.1610 51.7843 -23.9249 0.0000 -0.0000 -39.8100 -7.8847 2.1682 -0.3002 7.1250 -0.0000 -0.0000 14.3059 -27.6878 6.2006
1.0698 18.5083 0.5121 81.4739 85.6405 89.8517 0.0000 0.0000 0.0000 -22.2953 7.7335 -13.1938 0.4911 4.4934 12.4690 0.4236 2.2500 -13.3222 1.7387 -8.2992 -23.6265 0.0000 0.0000 0.0000 11.9581 -0.5203 -10.4693 -0.4108 -4.1143 11.3984 -0.3225 4.9832 -10.1682 -0.3194 3.6331 -10.0465 -1.1990 -0.1168 -8.2519 -1.6225 0.0564 -1.7851 -0.9945 0.0478 2.7796 12.2511 10.6675 -10.1372 -8.4921 18.0121 34.5788 -2.3574 8.7864 15.9312 0.0000 0.0000 0.0000 -80.6269 3.7435 44.5282 51.7403 -53.6737 -27.5702 -0.0000 0.0000 -49.7428 6.6617 35.9239 3.9200 -7.1250 0.0000 -0.0000 -32.9899 63.0596 -15.3111 0.0000 0.0000 0.0000 86.1287 -3.1758 37.7331 -46.3488 51.4124 -23.2883 0.0000 -0.0000 -35.9478 -9.1185 3.3847 -0.5429 7.1250 -0.0000 -0.0000 13.2379 -26.4965 6.0949
1.0658 18.5131 0.5161 72.3980 85.5217 80.7839 0.0000 0.0000 0.0000 -22.2812 7.8503 -13.1248 0.4873 4.4762 12.4203 0.4314 2.5843 -13.6232 1.5944 -7.9646 -22.6067 0.0000 0.0000 0.0000 12.0134 -0.7682 -10.8302 -0.4223 -4.1707 11.5574 -0.2804 5.7231 -9.6414 -0.4419 4.2655 -11.8248 -1.3810 -0.1211 -8.2784 -1.5816 0.0653 -1.7910 -0.8491 0.0507 2.7881 11.7640 10.7818 -10.4396 -7.8365 17.9006 34.3866 -2.0198 8.7256 15.7353 0.0000 0.0000 0.0000 -80.4166 3.6596 45.6528 50.5778 -53.2259 -26.6363 -0.0000 0.0000 -42.7007 8.5499 34.1146 4.8197 -7.1250 0.0000 -0.0000 -29.0664 62.0222 -12.6078 0.0000 0.0000 0.0000 86.0193 -3.0873 38.4930 -44.5752 50.5587 -21.9102 0.0000 -0.0000 -29.9567 -9.8876 4.4627 -0.7770 7.1250 -0.0000 -0.0000 12.5563 -25.4268 6.0883
1.0527 18.5120 0.5293 65.3854 85.3962 73.8768 0.0000 0.0000 0.0000 -22.1999 7.8985 -13.3348 0.4978 4.5234 12.5541 0.4309 2.8855 -13.7940 1.5661 -7.8969 -22.4014 0.0000 0.0000 0.0000 12.0886 -0.5009 -11.0149 -0.4171 -4.1452 11.4855 -0.2580 5.9747 -9.3465 -0.4078 4.0993 -11.3563 -1.6925 -0.2618 -8.3194 -1.4025 -0.1011 -1.8268 -0.5065 -0.0347 2.7738 11.0315 10.7727 -10.8068 -7.4267 17.6798 33.9098 -1.7733 8.5598 15.4089 0.0000 -0.0000 0.0000 -80.5509 3.7148 46.8405 48.4814 -52.3643 -24.9664 -0.0000 0.0000 -34.9956 14.2453 33.8311 8.0453 -7.1250 0.0000 -0.0000 -22.7414 63.2308 -10.3336 0.0000 -0.0000 0.0000 85.6394 -2.8029 39.6291 -42.0308 49.2281 -19.9639 0.0000 -0.0000 -22.7025 -10.8105 5.7466 -1.0953 7.1250 -0.0000 -0.0000 11.7645 -24.1381 6.0480
1.0509 18.5146 0.5397 57.1831 85.3220 65.7070 0.0000 0.0000 0.0000 -21.9018 7.7951 -13.3523 0.5145 4.5973 12.7634 0.4483 3.2783 -14.2760 1.4964 -7.7272 -21.8886 0.0000 0.0000 0.0000 12.3721 -0.3425 -10.9407 -0.3956 -4.0385 11.1850 -0.2281 6.2273 -8.9374 -0.4027 4.0743 -11.2857 -1.6131 -0.3274 -8.2423 -1.3837 -0.1985 -1.9836 -0.5409 -0.0803 2.5691 10.3928 10.4730 -11.5563 -6.8547 16.8290 33.2799 -1.5854 8.1379 15.0210 0.0000 0.0000 0.0000 -80.4774 3.6951 47.8636 45.0436 -50.7898 -22.2725 -0.0000 0.0000 -31.1590 15.1288 33.3893 8.4627 -7.1250 0.0000 -0.0000 -21.3526 63.0580 -9.5853 0.0000 0.0000 0.0000 85.5803 -2.5310 41.1609 -38.2506 46.9986 -17.1487 0.0000 -0.0000 -16.5309 -12.2447 7.1425 -1.5457 7.1250 -0.0000 -0.0000 10.6216 -22.7058 5.7958
1.0517 18.5157 0.5512 50.1595 85.1666 58.8496 0.0000 0.0000 0.0000 -21.6895 7.9304 -13.5947 0.5255 4.6457 12.9007 0.4561 3.5012 -14.5236 1.4628 -7.6438 -21.6373 0.0000 0.0000 0.0000 12.6504 -0.5854 -11.2091 -0.3804 -3.9612 10.9675 -0.1800 6.8196 -8.3366 -0.4010 4.0658 -11.2618 -1.6911 -0.4458 -8.3325 -1.2938 -0.3489 -2.2191 -0.4192 -0.1517 2.3772 9.5567 9.7440 -12.2016 -6.5634 15.3486 31.8595 -1.6191 7.3961 14.2180 0.0000 0.0000 0.0000 -80.6463 3.3571 48.7681 40.5879 -48.4144 -18.8778 -0.0000 0.0000 -30.1864 14.9915 30.4319 7.7244 -7.1250 0.0000 -0.0000 -19.0053 60.2718 -7.2339 0.0000 0.0000 0.0000 85.4466 -1.9025 42.7124 -33.1090 43.4137 -13.4970 0.0000 -0.0000 -11.6891 -14.6025 7.7677 -2.0167 7.1250 -0.0000 -0.0000 8.8811 -21.9892 4.9682
1.0574 18.5165 0.5636 45.3249 84.8794 54.1191 0.0000 0.0000 0.0000 -21.6104 7.8506 -13.5818 0.5246 4.6416 12.8891 0.4517 3.9891 -14.7898 1.4533 -7.6201 -21.5660 0.0000 0.0000 0.0000 12.7028 -0.3893 -11.2138 -0.3673 -3.8931 10.7761 -0.1556 7.0811 -8.0244 -0.3661 3.8869 -10.7587 -2.0331 -0.6365 -8.4116 -1.2445 -0.5712 -2.4009 -0.1987 -0.2594 2.2381 8.3545 8.5975 -13.7520 -5.8942 13.2046 30.6424 -1.5101 6.3267 13.6255 0.0000 0.0000 0.0000 -81.0646 2.7489 48.6603 35.3719 -45.0759 -15.0761 -0.0000 0.0000 -29.5401 8.8463 30.4402 4.5085 -7.1250 0.0000 -0.0000 -25.3983 58.8701 -8.9742 0.0000 0.0000 0.0000 85.7959 -0.8645 44.0383 -27.4870 38.6397 -9.8017 0.0000 -0.0000 -8.6307 -12.9921 8.8135 -2.0246 7.1250 -0.0000 -0.0000 9.9978 -20.9956 5.8398
1.0677 18.5105 0.5754 41.1696 84.7114 49.9591 0.0000 0.0000 0.0000 -21.4046 7.9555 -13.7360 0.5551 4.7725 13.2609 0.4729 4.0560 -15.1122 1.4415 -7.5903 -21.4765 0.0000 0.0000 0.0000 12.9408 -0.7625 -11.0937 -0.3339 -3.7137 10.2727 -0.1129 7.5871 -7.5119 -0.3582 3.8449 -10.6408 -2.2204 -0.7815 -8.3609 -1.1547 -0.7514 -2.7003 -0.0163 -0.3422 1.9063 6.9332 6.9731 -14.8656 -5.3388 10.6366 29.4635 -1.4906 5.0588 12.9908 0.0000 0.0000 0.0000 -82.0267 2.5287 48.0085 30.3613 -41.2011 -11.6469 -0.0000 0.0000 -30.2840 10.0814 30.2844 5.1234 -7.1250 0.0000 -0.0000 -24.0160 59.0061 -8.5275 0.0000 0.0000 0.0000 86.7797 0.1167 42.9263 -21.7883 32.7369 -6.4710 0.0000 -0.0000 -6.9121 -11.9134 8.3636 -1.7577 7.1250 -0.0000 -0.0000 10.7921 -21.4913 6.1965
1.0792 18.5037 0.5854 36.6512 84.4925 45.5110 0.0000 0.0000 0.0000 -21.1680 7.8183 -13.9468 0.5983 4.9516 13.7706 0.5019 4.3388 -15.6767 1.4528 -7.6187 -21.5617 0.0000 0.0000 0.0000 13.1667 -0.6342 -10.7422 -0.2907 -3.4672 9.5823 -0.0842 7.6035 -7.0091 -0.3175 3.6223 -10.0164 -2.2619 -0.8803 -8.5284 -1.1000 -0.8737 -2.8392 0.0502 -0.4000 1.8587 5.2014 5.3458 -16.1316 -4.0057 8.0066 28.3221 -1.1113 3.8182 12.4298 0.0000 -0.0000 0.0000 -83.0496 1.5104 47.0102 25.2960 -36.5050 -8.4654 -0.0000 0.0000 -32.1369 4.1193 32.8985 2.2401 -7.1250 0.0000 -0.0000 -32.3282 59.9207 -12.5537 0.0000 -0.0000 0.0000 88.4803 1.6997 38.1659 -16.1368 25.7057 -3.7051 0.0000 -0.0000 -3.9001 -10.7561 9.3605 -1.7697 7.1250 -0.0000 -0.0000 11.5639 -20.5395 6.9117
1.0893 18.5007 0.5907 34.6491 84.4551 43.5056 0.0000 0.0000 0.0000 -20.9918 7.8350 -13.9630 0.6114 5.0045 13.9213 0.5196 4.2834 -15.8583 1.3740 -7.4180 -20.9597 0.0000 0.0000 0.0000 13.3597 -0.8870 -10.7146 -0.2794 -3.3996 9.3934 -0.0618 7.8910 -6.7531 -0.3506 3.8046 -10.5275 -2.2856 -1.0027 -8.5464 -1.0225 -1.0355 -2.9488 0.1280 -0.4778 1.7602 3.4924 3.6029 -16.8560 -2.8111 5.3682 26.6649 -0.7952 2.5718 11.6798 0.0000 -0.0000 0.0000 -84.3044 0.6417 45.3201 20.9403 -31.7586 -6.0185 -0.0000 0.0000 -34.0032 7.3687 30.9715 3.8075 -7.1250 0.0000 -0.0000 -27.3311 59.0106 -9.8150 0.0000 -0.0000 0.0000 90.4429 3.5416 27.5737 -11.2034 18.5994 -1.8403 0.0000 0.0000 2.2962 -9.9602 9.6369 -1.6839 7.1250 -0.0000 -0.0000 12.1114 -20.2961 7.3216
1.1123 18.4981 0.5903 32.7441 84.2196 41.5610 0.0000 0.0000 0.0000 -20.9796 7.8443 -13.7922 0.6117 5.0058 13.9252 0.5324 4.5339 -16.1871 1.3892 -7.4572 -21.0771 0.0000 0.0000 0.0000 13.3499 -1.0380 -10.6803 -0.2777 -3.3897 9.3656 -0.0407 8.2116 -6.5486 -0.3000 3.5218 -9.7351 -2.3721 -1.0767 -8.6103 -0.9578 -1.1257 -3.0176 0.2337 -0.5209 1.7289 2.0722 2.0620 -17.4053 -1.7899 3.1199 25.0784 -0.5227 1.5106 11.0556 0.0000 0.0000 0.0000 -85.5185 0.0211 41.8462 17.6686 -27.7307 -4.3939 -0.0000 0.0000 -32.0870 9.6451 23.0186 3.8020 -7.1250 0.0000 -0.0000 -19.7949 52.1976 -3.6238 0.0000 0.0000 0.0000 91.7735 4.6113 14.6303 -8.1536 13.8015 -0.9884 0.0000 0.0000 11.6624 -11.4796 9.4652 -1.9128 7.1250 -0.0000 -0.0000 11.0454 -20.4053 6.6238
1.1322 18.4961 0.5958 31.9923 84.0713 40.8334 0.0000 0.0000 0.0000 -21.0180 8.0979 -13.7330 0.6001 4.9590 13.7915 0.5270 4.4796 -16.0838 1.4216 -7.5399 -21.3251 0.0000 0.0000 0.0000 13.3102 -0.8302 -10.6996 -0.2869 -3.4444 9.5185 -0.0370 8.3394 -6.5580 -0.2443 3.1807 -8.7822 -2.5546 -1.1168 -8.5972 -0.8693 -1.1664 -3.0748 0.4241 -0.5389 1.6687 1.1302 0.8581 -17.5928 -0.9960 1.3546 23.2208 -0.3388 0.6869 10.3540 -0.0000 -0.0000 0.0000 -86.3270 -0.1851 39.7606 15.8273 -25.2860 -3.5719 -0.0000 0.0000 -31.5877 10.2693 20.0338 3.5516 -7.1250 0.0000 -0.0000 -17.8101 49.4610 -2.0165 -0.0000 -0.0000 0.0000 92.1179 3.5695 11.1847 -8.0049 13.5608 -0.9533 0.0000 0.0000 11.8201 -12.6406 9.0236 -2.0145 7.1250 -0.0000 -0.0000 10.2399 -20.7989 6.0320
1.1626 18.4963 0.5973 33.6246 84.0893 42.6466 0.0000 0.0000 0.0000 -21.1676 8.1897 -13.7378 0.5770 4.8641 13.5215 0.5283 4.2770 -15.9608 1.3969 -7.4770 -21.1366 0.0000 0.0000 0.0000 13.1737 -0.7089 -10.8537 -0.3021 -3.5340 9.7692 -0.0578 8.2645 -6.8941 -0.2844 3.4298 -9.4778 -2.7637 -1.2106 -8.8617 -0.7859 -1.2645 -3.0289 0.6120 -0.5892 1.8707 0.3265 -0.1360 -18.0989 -0.2765 -0.0729 21.5357 -0.1511 0.0184 9.8281 -0.0000 0.0000 0.0000 -86.8114 0.1267 38.8932 15.4221 -24.7308 -3.4006 -0.0000 0.0000 -32.3290 9.9882 18.1767 3.1446 -7.1250 0.0000 -0.0000 -17.3191 47.6387 -1.1606 -0.0000 0.0000 0.0000 91.6127 1.3716 17.6881 -9.6475 16.1863 -1.3750 0.0000 0.0000 3.2254 -13.7073 8.5711 -2.0819 7.1250 -0.0000 -0.0000 9.4951 -21.2100 5.4912
1.1792 18.5039 0.5955 33.6469 84.0759 42.8212 0.0000 0.0000 0.0000 -21.2337 8.2870 -13.6879 0.5496 4.7494 13.1951 0.5083 4.3475 -15.7623 1.4691 -7.6594 -21.6843 0.0000 0.0000 0.0000 13.1295 -0.4458 -11.1457 -0.3292 -3.6877 10.1996 -0.0771 8.1903 -7.1947 -0.2734 3.3631 -9.2912 -2.8493 -1.3020 -8.7083 -0.6758 -1.3885 -3.0901 0.7644 -0.6485 1.7313 -0.1388 -0.7857 -18.6204 0.3672 -1.0450 20.0142 0.0162 -0.4172 9.3916 -0.0000 -0.0000 0.0000 -86.7515 1.2049 40.1699 16.1930 -25.7817 -3.7295 -0.0000 0.0000 -37.2251 0.4340 30.3285 0.2191 -7.1250 0.0000 -0.0000 -33.5665 56.9642 -10.6575 -0.0000 -0.0000 0.0000 90.8928 -0.7412 23.8563 -11.9170 19.6800 -2.0742 0.0000 -0.0000 -5.0536 -11.4774 7.7244 -1.5632 7.1250 -0.0000 -0.0000 11.1419 -22.1466 6.2354
1.1992 18.5068 0.5884 33.8841 83.9197 43.3579 0.0000 0.0000 0.0000 -21.4505 8.2459 -13.7982 0.5294 4.6626 12.9488 0.4973 4.4325 -15.6840 1.4521 -7.6170 -21.5565 0.0000 0.0000 0.0000 12.9639 -0.3342 -11.6002 -0.3497 -3.7995 10.5133 -0.0809 8.2991 -7.3213 -0.3295 3.6890 -10.2034 -2.8992 -1.3864 -8.8749 -0.5834 -1.4919 -3.1068 0.8738 -0.6999 1.8131 -0.3225 -1.0324 -18.8035 0.6729 -1.4262 18.2388 0.1011 -0.5955 8.8153 -0.0000 -0.0000 0.0000 -86.4609 2.3567 41.1144 17.5201 -27.5384 -4.3251 -0.0000 0.0000 -40.4895 -1.0703 30.2092 -0.5386 -7.1250 0.0000 -0.0000 -34.8890 56.5549 -10.7920 -0.0000 -0.0000 0.0000 90.0802 -2.3797 29.0817 -13.8110 22.4638 -2.7555 0.0000 -0.0000 -12.7603 -12.7112 7.5855 -1.7055 7.1250 -0.0000 -0.0000 10.2587 -22.2449 5.7012
1.2127 18.5057 0.5811 32.6805 83.9003 42.2399 0.0000 0.0000 0.0000 -21.3767 8.1571 -13.8444 0.5331 4.6787 12.9943 0.5148 4.4923 -15.9436 1.4189 -7.5331 -21.3047 0.0000 0.0000 0.0000 13.0205 -0.1050 -11.5593 -0.3462 -3.7807 10.4606 -0.0857 8.2418 -7.3733 -0.3216 3.6454 -10.0812 -2.7030 -1.4578 -8.8286 -0.4192 -1.6118 -3.0767 0.9212 -0.7615 1.8227 -0.2869 -1.0105 -18.7701 0.6267 -1.4048 16.5406 0.0846 -0.6049 8.2316 -0.0000 -0.0000 0.0000 -86.1129 3.3359 42.1501 18.9633 -29.3730 -5.0128 -0.0000 0.0000 -43.7346 -1.9687 30.2954 -0.9934 -7.1250 0.0000 -0.0000 -35.8065 56.4416 -11.0273 -0.0000 -0.0000 0.0000 89.4438 -3.2788 30.9992 -15.2325 24.4690 -3.3216 0.0000 -0.0000 -16.8886 -11.6511 8.0371 -1.6514 7.1250 -0.0000 -0.0000 10.9984 -21.8278 6.2335
1.2297 18.5064 0.5689 34.4369 83.6896 44.0096 0.0000 0.0000 0.0000 -21.7293 8.1039 -13.5989 0.5098 4.5766 12.7047 0.4978 4.6976 -15.8776 1.4351 -7.5743 -21.4283 0.0000 0.0000 0.0000 12.6407 0.0078 -11.6913 -0.3678 -3.8954 10.7826 -0.0927 8.2777 -7.5108 -0.3173 3.6212 -10.0133 -2.7927 -1.4925 -8.8690 -0.4475 -1.6489 -2.9722 0.9359 -0.7835 1.9559 -0.2880 -0.9109 -18.5698 0.8003 -1.3017 14.8341 0.1585 -0.5517 7.6278 0.0000 0.0000 0.0000 -85.6338 3.7785 43.1521 20.0873 -30.7474 -5.5759 -0.0000 0.0000 -46.1819 -3.4172 31.0391 -1.7635 -7.1250 0.0000 -0.0000 -37.8144 56.7433 -12.0663 0.0000 0.0000 0.0000 89.1920 -3.3599 31.3676 -15.7693 25.2068 -3.5471 0.0000 -0.0000 -19.2389 -11.9954 8.1345 -1.7220 7.1250 -0.0000 -0.0000 10.7456 -21.7181 6.1124
1.2409 18.5039 0.5571 35.2522 83.5935 44.7634 0.0000 0.0000 0.0000 -21.9537 8.4513 -13.5389 0.4972 4.5207 12.5463 0.5026 4.4669 -15.7744 1.4812 -7.6897 -21.7754 0.0000 0.0000 0.0000 12.4399 -0.0121 -11.7761 -0.3881 -4.0003 11.0775 -0.0946 8.4204 -7.6182 -0.3265 3.6725 -10.1571 -2.8034 -1.4931 -8.8623 -0.3978 -1.6529 -2.8064 0.9905 -0.7912 2.1256 0.3955 -0.6871 -17.8345 0.0692 -1.0384 12.5650 -0.1540 -0.4729 6.7502 -0.0000 -0.0000 0.0000 -85.4548 3.8251 43.6969 20.8338 -31.6338 -5.9625 -0.0000 0.0000 -47.5965 -3.4099 31.0255 -1.7591 -7.1250 0.0000 -0.0000 -37.7954 56.7339 -12.0499 -0.0000 -0.0000 0.0000 89.0753 -2.6689 30.3281 -15.4525 24.7727 -3.4133 0.0000 -0.0000 -20.6081 -11.5830 8.5636 -1.7481 7.1250 -0.0000 -0.0000 11.0181 -21.3032 6.3790
1.2457 18.5040 0.5472 37.3741 83.6033 46.9062 0.0000 0.0000 0.0000 -22.1778 8.3787 -13.3516 0.4737 4.4142 12.2451 0.4906 4.4263 -15.5947 1.4266 -7.5527 -21.3636 0.0000 0.0000 0.0000 12.2000 -0.0949 -12.0161 -0.4159 -4.1397 11.4699 -0.1022 8.5078 -7.7910 -0.3167 3.6174 -10.0027 -2.9405 -1.4868 -8.8633 -0.3825 -1.6333 -2.7540 1.0845 -0.7832 2.1836 0.8186 -0.5400 -16.8466 -0.3479 -0.8660 10.4564 -0.3279 -0.4144 5.9054 -0.0000 -0.0000 0.0000 -85.3480 3.5996 44.1065 21.1451 -31.9973 -6.1266 -0.0000 0.0000 -48.1092 -3.4772 31.0096 -1.7930 -7.1250 0.0000 -0.0000 -37.8434 56.7072 -12.0429 -0.0000 -0.0000 0.0000 89.1334 -1.8220 28.5213 -14.7438 23.7880 -3.1219 0.0000 -0.0000 -20.4939 -11.7845 8.6048 -1.7879 7.1250 -0.0000 -0.0000 10.8718 -21.2543 6.3034
1.2542 18.5010 0.5424 38.9433 83.7054 48.3958 0.0000 0.0000 0.0000 -22.2529 8.4529 -13.2829 0.4736 4.4135 12.2431 0.4881 4.3272 -15.4939 1.4726 -7.6683 -21.7110 0.0000 0.0000 0.0000 12.1182 -0.0970 -11.8511 -0.4175 -4.1472 11.4911 -0.1220 8.3781 -8.0468 -0.3534 3.8194 -10.5691 -3.0049 -1.4263 -8.8411 -0.3909 -1.5489 -2.6406 1.1200 -0.7449 2.2867 0.8341 -0.4973 -16.2704 -0.2214 -0.8184 8.9958 -0.2790 -0.3844 5.3494 -0.0000 0.0000 0.0000 -85.2867 3.0206 44.2103 21.1718 -32.0284 -6.1408 -0.0000 0.0000 -47.8705 -4.0686 31.2308 -2.1121 -7.1250 0.0000 -0.0000 -38.5925 56.7602 -12.3862 -0.0000 0.0000 0.0000 89.2490 -0.9377 26.6633 -14.0589 22.8188 -2.8509 0.0000 -0.0000 -19.2963 -11.9253 9.4006 -1.9757 7.1250 -0.0000 -0.0000 10.7322 -20.4510 6.4179
1.2583 18.5020 0.5365 39.8928 83.9235 49.4401 0.0000 0.0000 0.0000 -22.2060 8.4672 -13.5298 0.4874 4.4765 12.4212 0.4928 4.0581 -15.3690 1.4945 -7.7225 -21.8745 0.0000 0.0000 0.0000 12.1898 -0.1293 -11.8380 -0.4072 -4.0968 11.3490 -0.1340 8.1354 -8.1233 -0.3402 3.7480 -10.3687 -2.9227 -1.3793 -8.7962 -0.3490 -1.4961 -2.7159 1.1250 -0.7157 2.1808 0.4300 -0.4602 -16.0870 0.4772 -0.7613 8.3657 0.0131 -0.3202 5.1263 -0.0000 0.0000 0.0000 -85.2031 2.5792 44.5307 21.3165 -32.1959 -6.2177 -0.0000 0.0000 -47.8845 -3.6502 31.5979 -1.9144 -7.1250 0.0000 -0.0000 -38.5431 57.1389 -12.7356 -0.0000 0.0000 0.0000 89.2544 -0.3681 25.5964 -13.5876 22.1421 -2.6707 0.0000 -0.0000 -18.2479 -12.4507 9.2753 -2.0381 7.1250 -0.0000 -0.0000 10.3642 -20.5539 6.1659
1.2624 18.5034 0.5315 44.1808 84.2844 53.7571 0.0000 0.0000 0.0000 -22.2748 8.4042 -13.6230 0.4877 4.4777 12.4247 0.4959 3.6758 -15.1563 1.5330 -7.8169 -22.1592 0.0000 0.0000 0.0000 12.1323 -0.2291 -11.7575 -0.4083 -4.1018 11.3633 -0.1669 7.7206 -8.4677 -0.3535 3.8201 -10.5710 -2.9866 -1.4397 -8.7044 -0.3739 -1.5737 -2.6939 1.1284 -0.7546 2.1570 0.4421 -0.4216 -16.0167 0.7417 -0.7342 7.7561 0.0976 -0.2888 4.9250 -0.0000 -0.0000 0.0000 -85.1390 2.0169 44.4063 21.5901 -32.5107 -6.3641 -0.0000 0.0000 -47.3110 -3.3927 32.0889 -1.8038 -7.1250 0.0000 -0.0000 -38.7655 57.5820 -13.2572 -0.0000 -0.0000 0.0000 89.0777 -0.0395 26.0196 -13.5767 22.1263 -2.6666 0.0000 -0.0000 -17.8372 -12.9904 9.5793 -2.1985 7.1250 -0.0000 -0.0000 9.9681 -20.2230 5.9983
1.2621 18.5035 0.5213 49.8679 84.5010 59.5248 0.0000 0.0000 0.0000 -22.5076 8.2177 -13.6493 0.4750 4.4199 12.2610 0.4785 3.4375 -14.7793 1.5779 -7.9252 -22.4870 0.0000 0.0000 0.0000 11.8751 -0.2618 -11.8677 -0.4212 -4.1657 11.5434 -0.2002 7.4155 -8.8726 -0.3539 3.8221 -10.5766 -3.0992 -1.4451 -8.6177 -0.4584 -1.5718 -2.6759 1.1062 -0.7535 2.1282 0.2224 -0.5446 -16.2682 1.0560 -0.8847 7.5622 0.2181 -0.3461 4.9073 -0.0000 0.0000 0.0000 -84.8581 1.5219 45.2408 21.9885 -32.9640 -6.5796 -0.0000 0.0000 -45.6986 -2.4113 32.0001 -1.2783 -7.1250 0.0000 -0.0000 -37.7628 57.7232 -12.9764 -0.0000 0.0000 0.0000 88.8093 0.0317 27.0726 -13.9092 22.6048 -2.7931 0.0000 -0.0000 -17.0385 -13.2406 9.2340 -2.1623 7.1250 -0.0000 -0.0000 9.8032 -20.5599 5.8206
1.2632 18.5018 0.5157 50.4639 84.5786 60.2610 0.0000 0.0000 0.0000 -22.5226 8.1282 -13.8124 0.4813 4.4487 12.3426 0.4912 3.3223 -14.8726 1.4896 -7.7103 -21.8376 0.0000 0.0000 0.0000 11.8922 -0.3944 -12.0636 -0.4215 -4.1670 11.5468 -0.1942 7.5199 -8.8173 -0.3814 3.9663 -10.9819 -2.9937 -1.3457 -8.6480 -0.4888 -1.4462 -2.6813 1.0284 -0.6907 2.1308 0.1311 -0.5833 -16.3507 1.1548 -0.9225 7.2895 0.2606 -0.3604 4.8361 -0.0000 -0.0000 0.0000 -84.5433 1.0857 45.8574 22.2695 -33.2803 -6.7332 -0.0000 0.0000 -42.6249 -0.3747 31.3355 -0.1949 -7.1250 0.0000 -0.0000 -35.2224 57.6245 -11.8585 -0.0000 -0.0000 0.0000 88.5113 0.2181 28.8354 -14.2570 23.1009 -2.9282 0.0000 -0.0000 -15.5512 -13.1180 8.7331 -2.0264 7.1250 -0.0000 -0.0000 9.9111 -21.0714 5.7704
1.2710 18.5040 0.5114 52.8212 84.7813 62.7865 0.0000 0.0000 0.0000 -22.5102 8.0793 -14.0755 0.4879 4.4786 12.4272 0.4840 3.1114 -14.6484 1.5667 -7.8983 -22.4057 0.0000 0.0000 0.0000 11.9263 -0.4101 -12.1386 -0.4194 -4.1566 11.5176 -0.2084 7.3497 -8.9750 -0.3851 3.9853 -11.0354 -2.9858 -1.3588 -8.7166 -0.4444 -1.4619 -2.7364 1.0674 -0.6968 2.1133 0.0590 -0.6433 -16.5707 1.1617 -0.9906 7.4276 0.2677 -0.3939 4.9152 0.0000 -0.0000 0.0000 -84.2811 0.8078 47.5526 22.4222 -33.4508 -6.8171 -0.0000 0.0000 -36.1668 6.2481 31.0138 3.2287 -7.1250 0.0000 -0.0000 -28.4893 58.7974 -10.1260 0.0000 -0.0000 0.0000 87.9797 0.0064 31.9379 -14.7965 23.8618 -3.1431 0.0000 -0.0000 -11.8481 -13.6195 8.4961 -2.0501 7.1250 -0.0000 -0.0000 9.5612 -21.2898 5.5129
1.2758 18.5021 0.5093 54.6721 84.9187 64.6263 0.0000 0.0000 0.0000 -22.4786 8.0154 -14.1676 0.5009 4.5372 12.5932 0.4930 2.9514 -14.6707 1.5562 -7.8729 -22.3288 0.0000 0.0000 0.0000 11.9505 -0.2267 -11.9475 -0.4142 -4.1312 11.4461 -0.2355 6.9414 -9.2558 -0.3946 4.0336 -11.1711 -3.0195 -1.3334 -8.4899 -0.4223 -1.4349 -2.8440 1.1179 -0.6786 1.8770 -0.0020 -0.6919 -16.7312 1.2494 -1.0591 7.7672 0.2980 -0.4213 5.0487 0.0000 -0.0000 0.0000 -83.9910 0.7779 48.9018 22.3832 -33.4074 -6.7957 -0.0000 0.0000 -29.6170 9.8139 30.0572 4.9517 -7.1250 0.0000 -0.0000 -24.1096 58.7411 -8.4080 0.0000 -0.0000 0.0000 87.5000 -0.2595 35.1338 -15.4102 24.7145 -3.3956 0.0000 -0.0000 -8.0771 -14.5933 7.1535 -1.8570 7.1250 -0.0000 -0.0000 8.9127 -22.6158 4.8573
1.2925 18.4987 0.5014 58.0381 84.7909 67.9900 0.0000 0.0000 0.0000 -22.8070 8.0462 -13.9461 0.4758 4.4236 12.2716 0.4830 2.8562 -14.4831 1.5773 -7.9236 -22.4823 0.0000 0.0000 0.0000 11.6127 -0.4142 -12.1483 -0.4424 -4.2676 11.8307 -0.2379 7.1981 -9.3727 -0.3659 3.8856 -10.7549 -3.2394 -1.3760 -8.5214 -0.5163 -1.4676 -2.8987 1.1409 -0.6922 1.8419 -0.0625 -0.7665 -16.8412 1.3549 -1.1680 8.2432 0.3300 -0.4667 5.2180 0.0000 0.0000 0.0000 -83.6754 0.6468 50.1915 21.7848 -32.7330 -6.4691 -0.0000 0.0000 -24.3727 12.0070 28.3059 5.7588 -7.1250 0.0000 -0.0000 -20.5883 57.6092 -6.5405 0.0000 0.0000 0.0000 87.1311 -0.1178 38.1741 -15.5102 24.8520 -3.4375 0.0000 -0.0000 -1.5900 -17.0062 7.1288 -2.1737 7.1250 -0.0000 -0.0000 7.1530 -22.5460 3.8932
1.3079 18.4982 0.4994 57.7692 84.7350 67.7250 0.0000 0.0000 0.0000 -22.8548 8.0818 -13.8930 0.4761 4.4251 12.2758 0.4872 2.8715 -14.5473 1.6229 -8.0320 -22.8113 0.0000 0.0000 0.0000 11.5621 -0.4267 -12.1156 -0.4432 -4.2715 11.8418 -0.2395 7.2086 -9.3989 -0.4022 4.0715 -11.2780 -3.2930 -1.3641 -8.5585 -0.5550 -1.4434 -2.9688 1.1337 -0.6775 1.7892 -0.2981 -0.9147 -17.0329 1.8813 -1.3966 9.0379 0.5113 -0.5414 5.5078 0.0000 -0.0000 0.0000 -83.5134 0.5078 50.3174 20.8053 -31.6004 -5.9476 -0.0000 0.0000 -19.9251 10.9929 27.0415 5.0469 -7.1250 0.0000 -0.0000 -20.7778 56.2200 -5.8968 0.0000 -0.0000 0.0000 86.9858 0.4589 40.7416 -14.9852 24.1255 -3.2199 0.0000 0.0000 4.3195 -16.0763 7.2979 -2.0965 7.1250 -0.0000 -0.0000 7.8266 -22.4102 4.2908
1.3359 18.4947 0.4937 58.4777 84.6632 68.4126 0.0000 0.0000 0.0000 -22.9819 8.1768 -13.6850 0.4622 4.3610 12.0946 0.4903 2.8223 -14.5588 1.5741 -7.9160 -22.4593 0.0000 0.0000 0.0000 11.4402 -0.6995 -12.1543 -0.4529 -4.3172 11.9708 -0.2313 7.5408 -9.3873 -0.3885 4.0027 -11.0841 -3.3771 -1.4377 -8.7824 -0.6053 -1.5205 -3.0257 1.1170 -0.7143 1.8580 0.0386 -1.3214 -16.3542 1.7078 -1.9948 9.0435 0.3488 -0.8384 5.4013 0.0000 0.0000 0.0000 -83.4021 0.7384 52.0630 20.4155 -31.1397 -5.7447 -0.0000 0.0000 -22.9056 15.8042 27.0923 7.3454 -7.1250 0.0000 -0.0000 -15.9047 57.2622 -4.8602 0.0000 0.0000 0.0000 86.9189 1.2011 43.9328 -14.1294 22.9194 -2.8783 0.0000 0.0000 5.9580 -15.9928 7.5422 -2.1544 7.1250 -0.0000 -0.0000 7.8799 -22.1623 4.3655
1.3623 18.4937 0.4928 56.1434 84.7252 66.1023 0.0000 0.0000 0.0000 -22.8002 8.2340 -13.7006 0.4715 4.4041 12.2164 0.4951 2.8825 -14.6571 1.6433 -8.0799 -22.9571 0.0000 0.0000 0.0000 11.6157 -0.6799 -11.9896 -0.4355 -4.2349 11.7384 -0.2214 7.6340 -9.2721 -0.3854 3.9868 -11.0396 -3.2656 -1.4514 -8.9159 -0.6391 -1.5387 -3.2037 1.0172 -0.7174 1.7446 -0.6322 -2.3769 -16.5633 2.7817 -3.4476 10.5396 0.6498 -1.4685 5.9548 0.0000 -0.0000 0.0000 -83.5023 0.6997 50.3637 18.7447 -29.1002 -4.9061 -0.0000 0.0000 -18.2803 10.3367 26.3966 4.6359 -7.1250 0.0000 -0.0000 -21.0255 55.4888 -5.5923 0.0000 -0.0000 0.0000 87.4420 1.7057 45.3431 -13.4989 22.0139 -2.6374 0.0000 0.0000 6.7573 -14.7359 6.9785 -1.8303 7.1250 -0.0000 -0.0000 8.8163 -22.7892 4.7681
1.3899 18.4928 0.4959 53.7746 84.7602 63.7508 0.0000 0.0000 0.0000 -22.6505 8.3629 -13.7278 0.4832 4.4574 12.3673 0.5142 2.9367 -14.9350 1.6390 -8.0697 -22.9261 0.0000 0.0000 0.0000 11.7902 -0.4719 -11.7250 -0.4198 -4.1588 11.5239 -0.2325 7.4251 -9.3660 -0.4185 4.1522 -11.5054 -3.3054 -1.4777 -9.0613 -0.5668 -1.5633 -3.3810 1.1108 -0.7232 1.6452 -2.5836 -4.3825 -16.4678 4.7097 -6.0538 12.0014 1.3005 -2.6289 6.5772 -0.0000 -0.0000 0.0000 -83.9132 0.7221 49.2154 17.4308 -27.4221 -4.2838 -0.0000 0.0000 -14.9386 7.9695 26.7649 3.6074 -7.1250 0.0000 -0.0000 -23.5927 55.3674 -6.2582 -0.0000 -0.0000 0.0000 87.9060 1.9631 46.1422 -12.9213 21.1719 -2.4248 0.0000 0.0000 7.1180 -14.7898 7.6668 -2.0173 7.1250 -0.0000 -0.0000 8.7491 -22.0845 4.8734
1.4204 18.4909 0.4935 51.8324 84.5772 61.7904 0.0000 0.0000 0.0000 -22.7360 8.5731 -13.6307 0.4810 4.4475 12.3391 0.5154 3.0059 -14.9911 1.6579 -8.1139 -23.0606 0.0000 0.0000 0.0000 11.6989 -0.5350 -11.6017 -0.4130 -4.1251 11.4289 -0.2117 7.6731 -9.1417 -0.3263 3.6712 -10.1534 -3.5122 -1.5788 -9.2156 -0.5801 -1.6695 -3.5042 1.1998 -0.7707 1.6123 -4.2193 -6.7243 -16.0888 6.0034 -9.1476 13.2391 1.6193 -4.0584 7.1719 0.0000 -0.0000 0.0000 -84.3179 1.0382 48.3909 16.4888 -26.1789 -3.8591 -0.0000 0.0000 -13.1602 8.6011 26.3162 3.8363 -7.1250 0.0000 -0.0000 -22.6856 55.0786 -5.8357 0.0000 -0.0000 0.0000 88.5391 2.0552 46.8483 -12.7124 20.8643 -2.3498 0.0000 0.0000 7.3219 -13.8720 7.3414 -1.8074 7.1250 -0.0000 -0.0000 9.4292 -22.4507 5.1822
1.4468 18.4883 0.4927 48.9332 84.6387 58.8280 0.0000 0.0000 0.0000 -22.4659 8.4613 -13.3990 0.4875 4.4771 12.4228 0.5284 3.2413 -15.2963 1.7554 -8.3368 -23.7417 0.0000 0.0000 0.0000 11.9346 -0.4460 -11.3394 -0.4029 -4.0750 11.2878 -0.2126 7.6912 -9.1618 -0.3531 3.8179 -10.5650 -3.4248 -1.6504 -9.2753 -0.5638 -1.7692 -3.5561 1.1562 -0.8192 1.5941 -6.2410 -9.1549 -14.9227 7.4383 -12.3475 13.6443 2.0258 -5.5736 7.5004 -0.0000 -0.0000 0.0000 -84.5663 1.4205 47.7689 16.0030 -25.5247 -3.6473 -0.0000 0.0000 -12.0897 9.0150 26.2419 4.0128 -7.1250 0.0000 -0.0000 -22.2330 55.0896 -5.7164 -0.0000 -0.0000 0.0000 89.1241 2.0786 48.0805 -12.7789 20.9625 -2.3736 0.0000 0.0000 7.1318 -13.4845 7.3194 -1.7498 7.1250 -0.0000 -0.0000 9.7117 -22.4868 5.3337
1.4758 18.4857 0.4903 46.2712 84.4247 56.0369 0.0000 0.0000 0.0000 -22.4955 8.7233 -13.1898 0.4862 4.4709 12.4055 0.5370 3.3716 -15.4830 1.7055 -8.2235 -23.3951 0.0000 0.0000 0.0000 11.8951 -0.3575 -11.1323 -0.4022 -4.0714 11.2775 -0.2079 7.8377 -9.1454 -0.3516 3.8098 -10.5421 -3.5973 -1.7696 -9.3134 -0.5524 -1.9111 -3.5282 1.2477 -0.8906 1.6560 -7.2791 -11.1814 -13.8084 7.7265 -15.0450 13.8336 1.9569 -6.9089 7.6639 0.0000 -0.0000 0.0000 -84.8594 2.0103 46.9714 15.8937 -25.3764 -3.6003 -0.0000 0.0000 -11.9112 9.0900 26.4744 4.0798 -7.1250 0.0000 -0.0000 -22.3057 55.3184 -5.8633 0.0000 -0.0000 0.0000 89.5214 1.9572 49.8651 -13.2237 21.6141 -2.5351 0.0000 0.0000 6.4915 -13.6901 7.3881 -1.7941 7.1250 -0.0000 -0.0000 9.5591 -22.4099 5.2646
1.4975 18.4816 0.4840 43.0680 84.1816 52.7172 0.0000 0.0000 0.0000 -22.4643 8.7275 -12.8757 0.4821 4.4523 12.3529 0.5538 3.6366 -15.8539 1.6126 -8.0077 -22.7375 0.0000 0.0000 0.0000 11.9099 -0.4283 -11.1116 -0.4069 -4.0952 11.3448 -0.1815 8.2239 -8.9030 -0.3766 3.9411 -10.9112 -3.6990 -1.8935 -9.2515 -0.5157 -2.0721 -3.4954 1.3262 -0.9718 1.6683 -8.1018 -12.5805 -12.2733 8.1270 -16.9376 13.2939 2.0343 -7.8764 7.4770 0.0000 -0.0000 0.0000 -85.0335 2.6709 46.4886 16.1369 -25.7059 -3.7051 -0.0000 0.0000 -12.1711 8.5897 26.5687 3.8651 -7.1250 0.0000 -0.0000 -22.8576 55.3082 -6.0139 0.0000 -0.0000 0.0000 89.7591 1.7861 52.0264 -13.8799 22.5627 -2.7819 0.0000 0.0000 5.7236 -13.8201 6.4894 -1.5925 7.1250 -0.0000 -0.0000 9.5094 -23.3172 5.0360
1.5134 18.4817 0.4849 39.8897 83.9482 49.5036 0.0000 0.0000 0.0000 -22.3997 8.9377 -12.7550 0.4787 4.4371 12.3098 0.5506 3.8174 -15.9302 1.6530 -8.1025 -23.0259 0.0000 0.0000 0.0000 11.9631 -0.1790 -11.0354 -0.4164 -4.1421 11.4768 -0.1750 8.3745 -8.8704 -0.3426 3.7613 -10.4060 -3.8483 -2.0110 -9.2060 -0.4261 -2.2209 -3.4770 1.4870 -1.0462 1.6786 -8.7577 -13.4734 -11.3258 8.4090 -18.1416 12.9859 2.1083 -8.4966 7.4023 -0.0000 -0.0000 0.0000 -85.1250 3.3445 46.9645 16.6039 -26.3326 -3.9100 -0.0000 0.0000 -12.9458 9.1278 26.4898 4.0992 -7.1250 0.0000 -0.0000 -22.2783 55.3399 -5.8674 -0.0000 -0.0000 0.0000 89.7217 1.6068 54.2214 -14.6912 23.7142 -3.1007 0.0000 0.0000 4.6397 -13.9778 6.4888 -1.6113 7.1250 -0.0000 -0.0000 9.3938 -23.3130 4.9741
1.5230 18.4805 0.4808 37.3744 83.6131 47.0153 0.0000 0.0000 0.0000 -22.4519 8.9546 -12.7465 0.4847 4.4645 12.3872 0.5632 4.0241 -16.2161 1.5997 -7.9772 -22.6449 0.0000 0.0000 0.0000 11.9128 0.0668 -11.0662 -0.4171 -4.1452 11.4855 -0.1645 8.4570 -8.7470 -0.3461 3.7800 -10.4586 -4.0161 -2.1762 -9.1028 -0.3816 -2.4329 -3.5307 1.6080 -1.1486 1.5859 -8.6863 -13.8126 -10.6668 8.0759 -18.5919 12.7740 1.9855 -8.7649 7.2185 0.0000 0.0000 0.0000 -85.1717 3.9640 47.1287 16.9859 -26.8392 -4.0810 -0.0000 0.0000 -13.1709 9.0799 26.5448 4.0852 -7.1250 0.0000 -0.0000 -22.3603 55.3812 -5.9136 0.0000 0.0000 0.0000 89.7837 1.4139 56.0944 -15.3144 24.5822 -3.3556 0.0000 0.0000 3.5338 -13.8736 6.3256 -1.5588 7.1250 -0.0000 -0.0000 9.4788 -23.4818 4.9830
1.5380 18.4816 0.4790 35.2280 83.2985 44.9032 0.0000 0.0000 0.0000 -22.5093 9.2251 -12.7124 0.4761 4.4250 12.2754 0.5564 4.2324 -16.2710 1.6454 -8.0847 -22.9717 0.0000 0.0000 0.0000 11.8711 0.4498 -11.0322 -0.4228 -4.1734 11.5649 -0.1705 8.4269 -8.8243 -0.3614 3.8620 -10.6888 -4.1290 -2.2571 -9.1777 -0.3562 -2.5281 -3.4536 1.6826 -1.1997 1.7181 -8.5641 -13.9273 -10.2843 7.9075 -18.7274 12.2864 1.9422 -8.8649 6.9777 -0.0000 0.0000 0.0000 -85.1111 4.2528 47.7811 17.3424 -27.3070 -4.2432 -0.0000 0.0000 -13.9133 9.3756 26.3143 4.1862 -7.1250 0.0000 -0.0000 -21.9238 55.2258 -5.7052 -0.0000 0.0000 0.0000 89.5867 1.2648 57.7132 -16.0920 25.6453 -3.6857 0.0000 0.0000 2.4341 -13.8438 7.2210 -1.7742 7.1250 -0.0000 -0.0000 9.4553 -22.5739 5.1700
1.5492 18.4833 0.4693 32.4590 83.0148 42.2273 0.0000 0.0000 0.0000 -22.4937 9.4756 -12.7940 0.4734 4.4127 12.2407 0.5714 4.2245 -16.4444 1.6248 -8.0366 -22.8252 0.0000 0.0000 0.0000 11.9292 0.4974 -11.2016 -0.4243 -4.1808 11.5858 -0.1483 8.7029 -8.6160 -0.3791 3.9542 -10.9479 -4.0625 -2.2914 -9.3251 -0.3079 -2.5741 -3.3377 1.6824 -1.2295 1.9217 -8.4732 -13.9113 -9.9082 7.8074 -18.6834 11.7258 1.9506 -8.8760 6.7112 0.0000 0.0000 0.0000 -85.1606 4.2391 48.3472 17.4852 -27.4929 -4.3089 -0.0000 0.0000 -14.1494 10.0244 26.1226 4.4503 -7.1250 0.0000 -0.0000 -21.1656 55.1731 -5.4666 0.0000 0.0000 0.0000 89.3426 1.2401 58.8299 -16.6642 26.4130 -3.9368 0.0000 0.0000 1.4468 -13.8403 7.1783 -1.7633 7.1250 -0.0000 -0.0000 9.4599 -22.6174 5.1630
1.5543 18.4834 0.4550 30.6224 82.6192 40.4580 0.0000 0.0000 0.0000 -22.6157 9.5106 -12.7750 0.4680 4.3877 12.1700 0.5638 4.5197 -16.5532 1.5796 -7.9293 -22.4996 0.0000 0.0000 0.0000 11.8308 0.6156 -11.3836 -0.4298 -4.2073 11.6606 -0.1266 8.9266 -8.3938 -0.3828 3.9732 -11.0013 -4.0072 -2.2634 -9.1892 -0.3583 -2.5487 -3.3625 1.6077 -1.2154 1.8152 -8.4036 -13.7990 -9.6907 7.6004 -18.5018 11.4621 1.9275 -8.8164 6.5481 0.0000 0.0000 0.0000 -85.1742 4.1095 48.5382 17.3550 -27.3234 -4.2490 -0.0000 0.0000 -14.4511 10.5967 25.6937 4.6373 -7.1250 0.0000 -0.0000 -20.3424 54.8825 -5.0941 0.0000 0.0000 0.0000 89.2566 1.1072 59.0486 -16.8810 26.7006 -4.0337 0.0000 0.0000 1.3537 -13.3593 6.1983 -1.4688 7.1250 -0.0000 -0.0000 9.8633 -23.6256 5.1577
1.5510 18.4844 0.4424 29.3834 82.4508 39.2892 0.0000 0.0000 0.0000 -22.6286 9.5148 -12.9458 0.4769 4.4287 12.2860 0.5736 4.6360 -16.7491 1.5790 -7.9278 -22.4951 0.0000 0.0000 0.0000 11.8428 0.7590 -11.4121 -0.4214 -4.1663 11.5450 -0.1249 8.8813 -8.3438 -0.4042 4.0816 -11.3063 -3.8739 -2.2951 -8.9892 -0.4180 -2.6121 -3.4101 1.4727 -1.2446 1.6511 -8.1090 -13.7049 -9.5381 7.2904 -18.3657 11.2950 1.8312 -8.7717 6.4001 0.0000 0.0000 0.0000 -84.9963 4.1035 48.8825 17.4760 -27.4810 -4.3047 -0.0000 0.0000 -14.1534 10.8957 26.0228 4.8273 -7.1250 0.0000 -0.0000 -20.2429 55.2483 -5.2509 0.0000 0.0000 0.0000 89.3114 1.0647 59.0039 -16.6693 26.4197 -3.9391 0.0000 0.0000 1.4463 -13.6767 6.1777 -1.5000 7.1250 -0.0000 -0.0000 9.6315 -23.6375 5.0304
1.5521 18.4847 0.4434 29.7745 82.5121 39.7041 0.0000 0.0000 0.0000 -22.6454 9.5261 -12.9425 0.4728 4.4097 12.2323 0.5709 4.5667 -16.6692 1.5878 -7.9488 -22.5586 0.0000 0.0000 0.0000 11.8297 0.7406 -11.4403 -0.4235 -4.1767 11.5743 -0.1266 8.9081 -8.3846 -0.4072 4.0966 -11.3487 -3.9371 -2.2829 -9.0380 -0.3726 -2.5888 -3.4177 1.5559 -1.2326 1.6735 -8.2252 -13.6849 -9.7355 7.2725 -18.3179 11.4603 1.8277 -8.7448 6.4911 0.0000 0.0000 0.0000 -84.9211 3.6111 49.5288 17.3673 -27.3394 -4.2546 -0.0000 0.0000 -15.9057 11.3936 24.9256 4.8544 -7.1250 0.0000 -0.0000 -19.1156 54.3096 -4.4980 0.0000 0.0000 0.0000 89.3081 1.1734 58.1759 -16.2259 25.8259 -3.7438 0.0000 0.0000 2.0689 -13.5422 6.4538 -1.5508 7.1250 -0.0000 -0.0000 9.7148 -23.3616 5.1378
