HIERARCHY
ROOT Hips
{
	OFFSET 0.00000 0.00000 0.00000
	CHANNELS 6 Xposition Yposition Zposition Zrotation Yrotation Xrotation 
	JOINT LHipJoint
	{
		OFFSET 0 0 0
		CHANNELS 3 Zrotation Yrotation Xrotation
		JOINT LeftUpLeg
		{
			OFFSET 1.85742 -1.74412 1.01653
			CHANNELS 3 Zrotation Yrotation Xrotation
			JOINT LeftLeg
			{
				OFFSET 2.54803 -7.00067 0.00000
				CHANNELS 3 Zrotation Yrotation Xrotation
				JOINT LeftFoot
				{
					OFFSET 2.51202 -6.90173 0.00000
					CHANNELS 3 Zrotation Yrotation Xrotation
					JOINT LeftToeBase
					{
						OFFSET 0.17547 -0.48209 1.64281
						CHANNELS 3 Zrotation Yrotation Xrotation
						End Site
						{
							OFFSET 0.00000 -0.00000 0.86587
						}
					}
				}
			}
		}
	}
	JOINT RHipJoint
	{
		OFFSET 0 0 0
		CHANNELS 3 Zrotation Yrotation Xrotation
		JOINT RightUpLeg
		{
			OFFSET -1.95533 -1.74413 1.01654
			CHANNELS 3 Zrotation Yrotation Xrotation
			JOINT RightLeg
			{
				OFFSET -2.49465 -6.85400 0.00000
				CHANNELS 3 Zrotation Yrotation Xrotation
				JOINT RightFoot
				{
					OFFSET -2.54783 -7.00010 0.00000
					CHANNELS 3 Zrotation Yrotation Xrotation
					JOINT RightToeBase
					{
						OFFSET -0.18513 -0.50864 1.69288
						CHANNELS 3 Zrotation Yrotation Xrotation
						End Site
						{
							OFFSET -0.00000 -0.00000 0.89242
						}
					}
				}
			}
		}
	}
	JOINT LowerBack
	{
		OFFSET 0 0 0
		CHANNELS 3 Zrotation Yrotation Xrotation
		JOINT Spine
		{
			OFFSET 0.02173 2.16290 -0.15998
			CHANNELS 3 Zrotation Yrotation Xrotation
			JOINT Spine1
			{
				OFFSET 0.00940 2.17323 -0.00467
				CHANNELS 3 Zrotation Yrotation Xrotation
				JOINT Neck
				{
					OFFSET 0 0 0
					CHANNELS 3 Zrotation Yrotation Xrotation
					JOINT Neck1
					{
						OFFSET 0.01475 1.85823 0.31113
						CHANNELS 3 Zrotation Yrotation Xrotation
						JOINT Head
						{
							OFFSET 0.01902 1.88783 -0.37187
							CHANNELS 3 Zrotation Yrotation Xrotation
							End Site
							{
								OFFSET 0.00489 1.93211 -0.16169
							}
						}
					}
				}
				JOINT LeftShoulder
				{
					OFFSET 0 0 0
					CHANNELS 3 Zrotation Yrotation Xrotation
					JOINT LeftArm
					{
						OFFSET 3.34199 1.32384 -0.07862
						CHANNELS 3 Zrotation Yrotation Xrotation
						JOINT LeftForeArm
						{
							OFFSET 5.27950 -0.00000 0.00000
							CHANNELS 3 Zrotation Yrotation Xrotation
							JOINT LeftHand
							{
								OFFSET 3.53504 -0.00000 0.00000
								CHANNELS 3 Zrotation Yrotation Xrotation
								JOINT LeftFingerBase
								{
									OFFSET 0 0 0
									CHANNELS 3 Zrotation Yrotation Xrotation
									JOINT LeftHandIndex1
									{
										OFFSET 0.66795 -0.00000 0.00000
										CHANNELS 3 Zrotation Yrotation Xrotation
										End Site
										{
											OFFSET 0.53852 -0.00000 0.00000
										}
									}
								}
								JOINT LThumb
								{
									OFFSET 0 0 0
									CHANNELS 3 Zrotation Yrotation Xrotation
									End Site
									{
										OFFSET 0.54674 -0.00000 0.54674
									}
								}
							}
						}
					}
				}
				JOINT RightShoulder
				{
					OFFSET 0 0 0
					CHANNELS 3 Zrotation Yrotation Xrotation
					JOINT RightArm
					{
						OFFSET -3.16149 1.45719 -0.50507
						CHANNELS 3 Zrotation Yrotation Xrotation
						JOINT RightForeArm
						{
							OFFSET -5.25035 -0.00000 0.00000
							CHANNELS 3 Zrotation Yrotation Xrotation
							JOINT RightHand
							{
								OFFSET -3.58884 -0.00000 0.00000
								CHANNELS 3 Zrotation Yrotation Xrotation
								JOINT RightFingerBase
								{
									OFFSET 0 0 0
									CHANNELS 3 Zrotation Yrotation Xrotation
									JOINT RightHandIndex1
									{
										OFFSET -0.77924 -0.00000 0.00000
										CHANNELS 3 Zrotation Yrotation Xrotation
										End Site
										{
											OFFSET -0.62824 -0.00000 0.00000
										}
									}
								}
								JOINT RThumb
								{
									OFFSET 0 0 0
									CHANNELS 3 Zrotation Yrotation Xrotation
									End Site
									{
										OFFSET -0.63783 -0.00000 0.63783
									}
								}
							}
						}
					}
				}
			}
		}
	}
}
MOTION
Frames: 280
Frame Time: .0333333
-19.8943 17.5295 -0.5823 0 0 0 0 0 0 -21 0 0 0 0 0 0 0 0 0 0 0 0 0 0 21 0 0 0 0 0 0 0 0 0 0 0 0 0 0 0 0 0 0 0 0 0 0 -16 0 0 21 0 0 11 0 0 0 -8 0 0 0 0 0 0 0 0 0 0 0 0 0 0 0 0 0 0 0 0 8 0 0 0 0 0 0 0 0 0 0 0 0 0 0 0 0 0
-19.8943 17.5295 -0.5823 -161.9380 83.7605 -157.6750 0.0000 0.0000 0.0000 -12.2528 -18.2890 -9.1391 1.7664 8.3617 23.8180 0.7468 5.8222 -19.4592 1.7663 -8.3613 -23.8169 0.0000 0.0000 0.0000 25.5620 11.4679 -1.6195 -0.6585 -5.1901 14.4516 0.8121 -17.5845 -15.0433 -0.9336 6.1550 -17.2347 2.8221 0.3642 1.8701 1.8714 0.6369 -1.3049 0.3144 0.2990 -2.3802 -0.3563 0.7074 -16.7051 -0.0187 1.7378 28.4284 0.3664 0.9591 12.1303 0.0000 -0.0000 0.0000 -87.4391 1.9645 41.1490 18.2585 -28.4869 -4.6719 -0.0000 0.0000 -24.3110 32.3619 48.8323 25.5026 -7.1250 0.0000 -0.0000 -32.3982 82.4276 -28.1126 0.0000 -0.0000 0.0000 81.7050 -2.7689 23.1716 -12.3371 20.3083 -2.2179 0.0000 0.0000 5.5325 -19.4930 17.5565 -6.0948 7.1250 -0.0000 -0.0000 5.5758 -11.4945 4.3742
-19.8954 17.5475 -0.7750 -157.1500 84.1652 -152.7410 0.0000 0.0000 0.0000 -12.5527 -17.7246 -9.5856 1.8373 8.5187 24.3010 0.7898 5.5079 -19.6710 1.5500 -7.8581 -22.2839 0.0000 0.0000 0.0000 25.4560 13.6156 -0.4714 -0.5946 -4.9366 13.7278 1.0440 -19.2999 -15.4770 -0.7545 5.5477 -15.4776 3.0522 0.5673 2.3122 1.6748 0.9360 -1.5325 -0.0337 0.4348 -2.8526 0.1241 0.8055 -17.5999 0.4273 1.5429 28.2554 0.4250 0.9642 12.2451 0.0000 -0.0000 0.0000 -87.1807 1.7969 39.9572 17.9858 -28.1390 -4.5425 -0.0000 0.0000 -23.5033 32.5499 48.6618 25.6059 -7.1250 0.0000 -0.0000 -31.1423 82.3989 -26.9871 0.0000 -0.0000 0.0000 81.6666 -3.9204 22.7948 -11.8221 19.5373 -2.0424 0.0000 0.0000 6.6589 -18.9206 17.8158 -5.9871 7.1250 -0.0000 -0.0000 5.9664 -11.2944 4.7086
-19.8926 17.5564 -0.9306 -152.3050 84.6267 -147.7230 0.0000 0.0000 0.0000 -12.8600 -17.0327 -9.7199 1.8222 8.4856 24.1989 0.7848 5.5545 -19.6527 1.6367 -8.0643 -22.9095 0.0000 0.0000 0.0000 25.3803 15.7143 -0.0293 -0.6325 -5.0887 14.1617 1.0345 -20.3429 -18.5259 -0.1293 2.3182 -6.3860 2.8829 0.6708 2.6534 1.5554 1.0859 -1.7807 -0.0748 0.5043 -3.2985 0.1150 0.8017 -18.0857 0.6254 1.4451 28.0794 0.4863 0.9341 12.2731 0.0000 -0.0000 0.0000 -86.9398 2.1918 38.5015 17.5198 -27.5379 -4.3249 -0.0000 0.0000 -24.1543 32.7702 49.0070 25.9139 -7.1250 0.0000 -0.0000 -32.8556 82.7316 -28.7001 0.0000 -0.0000 0.0000 81.9776 -4.1696 21.4025 -11.0682 18.3928 -1.7974 0.0000 0.0000 8.4780 -18.6472 18.0169 -5.9586 7.1250 -0.0000 -0.0000 6.1562 -11.1188 4.8825
-19.8942 17.5824 -1.0674 -151.8530 84.9097 -146.6030 0.0000 0.0000 0.0000 -13.3005 -17.1196 -10.2031 1.7765 8.3842 23.8873 0.7525 5.8876 -19.5627 1.6580 -8.1142 -23.0614 0.0000 0.0000 0.0000 24.6698 16.5622 -0.6827 -0.6691 -5.2310 14.5687 1.0389 -20.5848 -19.0648 -0.0963 2.0018 -5.5105 2.5051 0.5704 2.3539 1.4049 0.9238 -1.9498 -0.0071 0.4288 -3.3101 0.1329 0.7586 -18.7322 0.5344 1.3737 28.0337 0.4403 0.8798 12.3889 -0.0000 -0.0000 0.0000 -86.4021 2.4419 38.2785 16.7413 -26.5154 -3.9711 -0.0000 0.0000 -24.7959 32.8752 49.1875 26.0663 -7.1250 0.0000 -0.0000 -33.8332 82.8973 -29.6724 -0.0000 -0.0000 0.0000 82.5715 -3.7209 20.2854 -10.8687 18.0867 -1.7349 0.0000 0.0000 8.6975 -18.4458 18.0507 -5.9006 7.1250 -0.0000 -0.0000 6.2902 -11.1081 4.9914
-19.8926 17.5908 -1.1835 -147.8900 85.1407 -142.3630 0.0000 0.0000 0.0000 -13.4717 -17.4490 -10.2991 1.7956 8.4266 24.0176 0.6809 6.6584 -19.4074 2.0636 -8.9973 -25.7868 0.0000 0.0000 0.0000 24.3036 16.6276 -0.8617 -0.6351 -5.0989 14.1908 1.0220 -20.2727 -18.5335 -0.1033 2.0728 -5.7069 2.1631 0.4501 2.6116 1.5640 0.7733 -2.1848 0.3529 0.3612 -3.7080 0.2664 0.8605 -18.8412 0.6894 1.4306 28.2085 0.4884 0.9410 12.4810 -0.0000 -0.0000 0.0000 -86.4495 2.8855 37.7281 15.6314 -25.0183 -3.4886 -0.0000 0.0000 -23.2397 33.2569 48.9450 26.3136 -7.1250 0.0000 -0.0000 -31.7631 82.9167 -27.8372 -0.0000 -0.0000 0.0000 82.6487 -4.0881 22.7018 -12.0210 19.8362 -2.1094 0.0000 0.0000 6.5520 -18.4922 17.9667 -5.8900 7.1250 -0.0000 -0.0000 6.2556 -11.1896 4.9531
-19.8883 17.6005 -1.2746 -148.9760 85.6386 -142.9880 0.0000 0.0000 0.0000 -14.1107 -17.9985 -10.4078 1.7770 8.3853 23.8905 0.6176 7.4768 -19.4116 2.1900 -9.2511 -26.5841 0.0000 0.0000 0.0000 23.3964 16.4274 -1.5684 -0.6376 -5.1087 14.2188 1.0943 -20.1285 -16.9991 -0.3647 3.8791 -10.7369 1.4131 0.4067 2.3087 1.5069 0.6744 -2.2801 0.7218 0.3305 -3.6428 0.5231 0.9030 -19.1468 0.6729 1.4036 28.3459 0.4375 0.9521 12.6021 -0.0000 -0.0000 0.0000 -86.5011 3.1066 37.0965 14.8637 -23.9558 -3.1704 -0.0000 0.0000 -23.1079 33.3246 49.1800 26.4534 -7.1250 0.0000 -0.0000 -33.1547 83.1024 -29.1904 -0.0000 -0.0000 0.0000 82.8611 -4.2469 25.8218 -13.6807 22.2764 -2.7059 0.0000 0.0000 3.8765 -18.7441 18.0960 -6.0169 7.1250 -0.0000 -0.0000 6.0966 -11.0251 4.8464
-19.8842 17.6089 -1.3527 -144.5900 85.7267 -138.3410 0.0000 0.0000 0.0000 -14.1373 -19.0582 -10.3194 1.8068 8.4515 24.0939 0.6752 8.2254 -20.6258 1.5344 -7.8203 -22.1695 0.0000 0.0000 0.0000 23.2565 16.3132 -1.7375 -0.5984 -4.9520 13.7718 1.0944 -19.9406 -16.4541 -0.4291 4.2037 -11.6506 1.4045 0.2736 2.0545 1.6134 0.4965 -2.3141 0.8470 0.2451 -3.5349 0.6312 0.9744 -19.4879 0.9045 1.3983 28.6784 0.5141 0.9947 12.8071 -0.0000 0.0000 0.0000 -86.5316 3.3410 37.1373 14.6027 -23.5897 -3.0652 -0.0000 0.0000 -23.2594 33.5098 49.0540 26.5708 -7.1250 0.0000 -0.0000 -32.0705 83.1068 -28.2227 -0.0000 0.0000 0.0000 83.0238 -3.9311 28.4876 -15.1469 24.3503 -3.2863 0.0000 0.0000 2.1199 -18.7665 18.2619 -6.0775 7.1250 -0.0000 -0.0000 6.0904 -10.8505 4.8633
-19.8656 17.6081 -1.4177 -143.4760 86.0866 -137.2960 0.0000 0.0000 0.0000 -14.7410 -20.2811 -9.4534 1.7958 8.4271 24.0191 0.5178 10.1098 -20.7996 1.9168 -8.6906 -24.8323 0.0000 0.0000 0.0000 22.8474 16.0634 -1.7460 -0.6040 -4.9746 13.8360 1.0226 -19.4719 -16.3915 -0.4300 4.2085 -11.6639 1.1779 0.3293 1.8450 1.4955 0.5482 -2.1973 0.8511 0.2743 -3.2964 0.8155 0.9185 -19.9399 1.0779 1.2013 29.1205 0.5269 0.9571 13.0847 -0.0000 0.0000 0.0000 -86.4209 3.2962 37.7652 14.6811 -23.7000 -3.0966 -0.0000 0.0000 -23.0782 33.4071 48.7407 26.3727 -7.1250 0.0000 -0.0000 -30.2854 82.8482 -26.4840 -0.0000 0.0000 0.0000 83.3489 -3.7271 30.0362 -16.3501 25.9930 -3.7981 0.0000 0.0000 0.9479 -18.5894 19.4202 -6.3808 7.1250 -0.0000 -0.0000 6.2690 -9.6740 5.1582
-19.8484 17.6103 -1.4779 -140.4920 86.3796 -134.2550 0.0000 0.0000 0.0000 -15.2159 -21.9724 -8.6008 1.7908 8.4160 23.9848 0.3874 12.1732 -21.6838 1.9288 -8.7163 -24.9117 0.0000 0.0000 0.0000 22.5541 16.0044 -1.8592 -0.6060 -4.9828 13.8596 0.9876 -19.1740 -16.1779 -0.5058 4.5588 -12.6544 1.0929 0.3744 1.4240 1.4910 0.5960 -2.1586 0.8947 0.3010 -3.0198 0.7668 0.9231 -20.1992 1.2088 1.1956 29.5663 0.5948 0.9747 13.3241 0.0000 -0.0000 0.0000 -86.6351 3.2921 37.8927 15.2242 -24.4576 -3.3182 -0.0000 0.0000 -23.5337 33.3566 48.8806 26.3777 -7.1250 0.0000 -0.0000 -31.2138 82.9198 -27.3499 0.0000 -0.0000 0.0000 83.3638 -3.4927 31.2211 -16.8367 26.6420 -4.0139 0.0000 -0.0000 -0.1356 -19.6009 20.4205 -7.0825 7.1250 -0.0000 -0.0000 5.6807 -8.5019 4.8027
-19.8437 17.6051 -1.5309 -138.2460 86.5270 -132.0020 0.0000 0.0000 0.0000 -15.7108 -24.4681 -7.4543 1.8036 8.4445 24.0724 0.3830 14.1360 -23.8865 1.3337 -7.3129 -20.6457 0.0000 0.0000 0.0000 22.3702 16.0956 -1.9537 -0.6209 -5.0427 14.0304 0.9753 -19.1181 -16.2421 -0.5405 4.7105 -13.0846 1.1769 0.4971 1.1754 1.4206 0.7566 -2.2065 0.7709 0.3790 -2.9281 0.6368 0.8062 -20.3454 1.4034 1.0313 30.0625 0.6756 0.9271 13.5635 -0.0000 0.0000 0.0000 -86.7048 3.1951 38.7238 15.8549 -25.3235 -3.5837 -0.0000 0.0000 -24.0923 33.4559 48.9481 26.4873 -7.1250 0.0000 -0.0000 -31.4812 83.0113 -27.6408 -0.0000 0.0000 0.0000 83.5172 -3.4265 30.5360 -17.0952 26.9831 -4.1304 0.0000 0.0000 1.0528 -18.8956 19.1836 -6.4174 7.1250 -0.0000 -0.0000 6.0569 -9.8793 4.9564
-19.8397 17.5979 -1.5701 -136.9330 86.4908 -130.6970 0.0000 0.0000 0.0000 -16.1052 -26.7870 -6.4354 1.8266 8.4951 24.2282 0.2473 16.2625 -25.2903 1.3076 -7.2437 -20.4393 0.0000 0.0000 0.0000 22.3793 16.6292 -1.7821 -0.6350 -5.0986 14.1899 1.0296 -19.5931 -16.6107 -0.5154 4.6012 -12.7746 1.1545 0.4957 0.9220 1.4880 0.7517 -2.2004 0.8551 0.3790 -2.7802 0.4730 0.8174 -20.7036 1.3698 1.1191 30.3407 0.7135 0.9434 13.7574 0.0000 0.0000 0.0000 -86.9597 3.0395 39.2990 16.5514 -26.2626 -3.8868 -0.0000 0.0000 -24.1406 33.1684 49.0785 26.2830 -7.1250 0.0000 -0.0000 -32.7289 82.9635 -28.7262 0.0000 0.0000 0.0000 83.4070 -3.3060 29.9491 -16.5435 26.2521 -3.8833 0.0000 0.0000 0.9756 -19.0586 19.6492 -6.6263 7.1250 -0.0000 -0.0000 5.9792 -9.3756 4.9530
-19.8333 17.5871 -1.6086 -136.3630 86.4221 -130.1890 0.0000 0.0000 0.0000 -16.4673 -28.5267 -5.6758 1.8703 8.5905 24.5224 0.2870 17.2536 -26.8575 0.9875 -6.3251 -17.7306 0.0000 0.0000 0.0000 22.4392 17.3526 -1.3416 -0.6362 -5.1031 14.2029 1.1142 -20.2936 -17.1284 -0.4388 4.2506 -11.7827 1.1721 0.5042 0.7001 1.5133 0.7595 -2.1806 0.8731 0.3836 -2.6351 0.3200 0.7715 -20.9670 1.5193 1.0673 30.6779 0.7992 0.9296 13.9583 0.0000 0.0000 0.0000 -87.0977 2.8874 39.7107 17.1118 -27.0049 -4.1380 -0.0000 0.0000 -24.4871 32.4832 48.7245 25.5701 -7.1250 0.0000 -0.0000 -31.5996 82.4109 -27.3974 0.0000 0.0000 0.0000 83.2265 -3.4202 28.9851 -15.9168 25.4078 -3.6102 0.0000 0.0000 1.9379 -19.2198 18.8802 -6.4364 7.1250 -0.0000 -0.0000 5.8285 -10.1520 4.7352
-19.8281 17.5770 -1.6317 -138.8220 86.3290 -132.6250 0.0000 0.0000 0.0000 -16.6254 -28.7975 -5.6969 1.9042 8.6637 24.7488 0.1346 17.7146 -26.2285 1.3694 -7.4060 -20.9238 0.0000 0.0000 0.0000 22.5646 19.0399 -0.4896 -0.6319 -5.0864 14.1552 1.3724 -22.0892 -18.0864 -0.3464 3.7818 -10.4636 0.9800 0.5022 0.4924 1.4562 0.7473 -2.1913 0.9244 0.3809 -2.5305 0.3051 0.7044 -21.2740 1.7335 0.9096 31.0326 0.8699 0.8969 14.1807 -0.0000 -0.0000 0.0000 -86.9913 2.8558 40.1458 17.5195 -27.5375 -4.3248 -0.0000 0.0000 -24.5391 32.5696 48.8448 25.6855 -7.1250 0.0000 -0.0000 -32.1717 82.5316 -27.9741 -0.0000 -0.0000 0.0000 83.2428 -3.5818 27.5640 -14.9909 24.1334 -3.2222 0.0000 0.0000 2.8229 -18.9158 18.5126 -6.2098 7.1250 -0.0000 -0.0000 6.0061 -10.5720 4.8295
-19.8320 17.5784 -1.6506 -138.0900 86.2799 -131.7990 0.0000 0.0000 0.0000 -16.3211 -27.4602 -6.6056 1.9345 8.7283 24.9490 0.4474 15.9562 -26.5514 0.9745 -6.2845 -17.6123 0.0000 0.0000 0.0000 22.6680 19.9213 0.0748 -0.5916 -4.9242 13.6926 1.5093 -22.9266 -18.4316 -0.2654 3.3139 -9.1540 0.8783 0.5057 0.3445 1.4620 0.7488 -2.2237 0.9884 0.3843 -2.4819 0.2061 0.6882 -21.5824 1.6791 0.9455 31.2931 0.8794 0.8949 14.3625 0.0000 -0.0000 0.0000 -87.0227 2.7880 39.8476 17.4938 -27.5042 -4.3129 -0.0000 0.0000 -24.1769 32.3408 48.9173 25.5133 -7.1250 0.0000 -0.0000 -32.9248 82.4742 -28.6064 0.0000 -0.0000 0.0000 83.2691 -3.8601 26.0807 -14.1666 22.9724 -2.8928 0.0000 0.0000 4.1031 -19.1614 17.7744 -6.0550 7.1250 -0.0000 -0.0000 5.8058 -11.3082 4.5788
-19.8395 17.5849 -1.6679 -134.8500 86.2262 -128.5510 0.0000 0.0000 0.0000 -15.9450 -26.1441 -7.3113 1.9535 8.7685 25.0739 0.5519 14.7362 -25.9909 0.9464 -6.1956 -17.3530 0.0000 0.0000 0.0000 22.7893 19.8346 0.2659 -0.5471 -4.7387 13.1649 1.5356 -22.9370 -18.0265 -0.3105 3.5820 -9.9036 1.1040 0.5633 0.4736 1.3718 0.8303 -2.2547 0.7659 0.4189 -2.5829 0.2306 0.6823 -22.0011 1.7582 0.8944 31.5073 0.9061 0.8881 14.5509 -0.0000 -0.0000 0.0000 -86.7824 2.8338 39.4440 17.2174 -27.1434 -4.1860 -0.0000 0.0000 -24.2455 33.0085 48.8827 26.0771 -7.1250 0.0000 -0.0000 -31.7531 82.7598 -27.7369 -0.0000 -0.0000 0.0000 83.4564 -4.2187 24.8116 -13.3762 21.8360 -2.5915 0.0000 0.0000 5.1507 -18.7019 18.3041 -6.0686 7.1250 -0.0000 -0.0000 6.1350 -10.8147 4.9038
-19.8392 17.5827 -1.6783 -129.7950 86.4591 -123.5830 0.0000 0.0000 0.0000 -15.9070 -25.3149 -7.5116 1.9623 8.7872 25.1319 0.3983 14.8469 -24.8502 1.4181 -7.5310 -21.2984 0.0000 0.0000 0.0000 22.8147 19.9115 0.4268 -0.5340 -4.6826 13.0056 1.5150 -22.7564 -17.7870 -0.3343 3.7155 -10.2776 1.1476 0.7238 0.6874 1.2230 1.0462 -2.3161 0.5796 0.5227 -2.7642 0.1191 0.6700 -22.3378 1.6933 0.9409 31.6811 0.9139 0.8846 14.7027 -0.0000 -0.0000 0.0000 -86.6353 2.9856 38.8289 16.5624 -26.2773 -3.8916 -0.0000 0.0000 -23.8602 33.0122 49.2026 26.1901 -7.1250 0.0000 -0.0000 -33.7402 82.9710 -29.6345 -0.0000 -0.0000 0.0000 83.6417 -4.4883 24.0893 -12.6480 20.7693 -2.3270 0.0000 0.0000 5.9223 -18.2384 18.4838 -5.9642 7.1250 -0.0000 -0.0000 6.4474 -10.6855 5.1738
-19.8387 17.5815 -1.6828 -125.2980 86.5113 -119.2280 0.0000 0.0000 0.0000 -15.8474 -25.0218 -7.4176 1.9720 8.8075 25.1950 0.4764 14.6139 -25.2383 1.2391 -7.0585 -19.8887 0.0000 0.0000 0.0000 22.9951 19.9369 0.7075 -0.5157 -4.6027 12.7787 1.5183 -22.7023 -17.5478 -0.3572 3.8398 -10.6265 1.0364 0.7651 0.9778 1.2737 1.1051 -2.3101 0.6879 0.5544 -2.9249 0.1631 0.7247 -22.8351 1.2127 1.1521 31.6454 0.7503 0.8999 14.7978 0.0000 -0.0000 0.0000 -86.7590 3.1097 38.1111 15.8005 -25.2494 -3.5604 -0.0000 0.0000 -23.6090 33.2238 49.0904 26.3351 -7.1250 0.0000 -0.0000 -32.7238 82.9971 -28.7417 0.0000 -0.0000 0.0000 83.5703 -4.7407 24.2450 -12.4730 20.5102 -2.2653 0.0000 0.0000 6.1586 -18.3456 18.5774 -6.0306 7.1250 -0.0000 -0.0000 6.3820 -10.5756 5.1351
-19.8374 17.5819 -1.6879 -124.0370 86.5490 -117.9930 0.0000 0.0000 0.0000 -15.7239 -23.8852 -7.9431 1.9941 8.8537 25.3387 0.5946 13.4472 -24.9393 1.1124 -6.7006 -18.8312 0.0000 0.0000 0.0000 23.0075 20.0380 0.9561 -0.4912 -4.4935 12.4694 1.5379 -22.7887 -17.4896 -0.3376 3.7340 -10.3294 0.8863 0.8064 1.1331 1.3107 1.1586 -2.2695 0.8060 0.5844 -2.9746 0.0662 0.7772 -23.3248 0.9573 1.3506 31.7455 0.7045 0.9288 14.9519 0.0000 0.0000 0.0000 -86.8788 3.2828 38.1793 15.3609 -24.6464 -3.3750 -0.0000 0.0000 -23.4204 32.8115 48.7287 25.8541 -7.1250 0.0000 -0.0000 -31.1347 82.5649 -27.0759 0.0000 0.0000 0.0000 83.5765 -4.7169 23.9491 -12.6091 20.7118 -2.3132 0.0000 0.0000 6.1329 -18.2260 18.6521 -6.0118 7.1250 -0.0000 -0.0000 6.4639 -10.5133 5.2101
-19.8104 17.5758 -1.7030 -120.3060 86.7635 -114.4600 0.0000 0.0000 0.0000 -15.8730 -22.5646 -8.1545 2.0056 8.8777 25.4136 0.6617 12.5554 -24.5732 1.0345 -6.4691 -18.1518 0.0000 0.0000 0.0000 22.8932 19.6449 1.2338 -0.4721 -4.4068 12.2241 1.4635 -22.2982 -17.1741 -0.3866 3.9927 -11.0562 0.8740 1.0090 1.1702 1.1730 1.4197 -2.1206 0.6626 0.7120 -2.8408 0.3538 0.8271 -23.5690 0.7615 1.3835 31.9450 0.5855 0.9507 15.1027 0.0000 0.0000 0.0000 -86.6560 3.5481 38.8043 15.3178 -24.5870 -3.3571 -0.0000 0.0000 -23.4897 32.9054 48.6926 25.9226 -7.1250 0.0000 -0.0000 -30.7816 82.5835 -26.7744 0.0000 0.0000 0.0000 83.9166 -4.3322 23.3439 -12.6649 20.7943 -2.3330 0.0000 0.0000 6.0981 -18.7522 18.2503 -6.0689 7.1250 -0.0000 -0.0000 6.0992 -10.8642 4.8687
-19.8101 17.5857 -1.7063 -127.6350 86.5470 -121.7560 0.0000 0.0000 0.0000 -15.5212 -19.0039 -9.9373 2.0145 8.8961 25.4710 0.6792 9.5350 -21.8164 1.7166 -8.2489 -23.4727 0.0000 0.0000 0.0000 22.9476 20.2405 1.8447 -0.4368 -4.2410 11.7557 1.6349 -23.2762 -17.4242 -0.3367 3.7288 -10.3150 0.4778 0.8647 1.5060 1.2405 1.2245 -2.2151 0.9548 0.6241 -3.1361 0.2674 0.9470 -23.3312 1.0320 1.5281 32.1692 0.7448 1.0505 15.1489 0.0000 0.0000 0.0000 -86.8905 3.7540 38.5097 15.3282 -24.6013 -3.3614 -0.0000 0.0000 -23.4925 33.9720 49.2414 27.0388 -7.1250 0.0000 -0.0000 -32.6192 83.4462 -28.9148 0.0000 0.0000 0.0000 83.8775 -4.0598 24.2146 -12.9086 21.1532 -2.4202 0.0000 0.0000 5.4247 -18.4260 18.1634 -5.9292 7.1250 -0.0000 -0.0000 6.3087 -10.9939 5.0211
-19.8140 17.5824 -1.7223 -138.9980 85.7868 -132.9000 0.0000 0.0000 0.0000 -15.1676 -15.7630 -12.2483 2.1005 9.0723 26.0216 0.8133 5.5936 -19.9610 1.9370 -8.7335 -24.9652 0.0000 0.0000 0.0000 23.1373 21.3473 2.5174 -0.4130 -4.1252 11.4290 1.9799 -25.1826 -18.2294 -0.2438 3.1777 -8.7738 0.1323 0.7657 1.8567 1.2843 1.0880 -2.3171 1.1937 0.5656 -3.4450 0.2237 0.8150 -23.4113 1.2155 1.3175 32.6081 0.7992 0.9949 15.3716 -0.0000 0.0000 0.0000 -86.8776 3.7031 39.4355 15.5812 -24.9496 -3.4674 -0.0000 0.0000 -23.9455 33.7406 49.2334 26.8341 -7.1250 0.0000 -0.0000 -32.9067 83.3321 -29.1056 -0.0000 0.0000 0.0000 83.9880 -3.7152 24.1408 -13.2081 21.5913 -2.5293 0.0000 0.0000 5.0071 -18.6114 18.0656 -5.9618 7.1250 -0.0000 -0.0000 6.1822 -11.0727 4.9092
-19.8075 17.5752 -1.7578 -142.7650 84.7182 -136.3580 0.0000 0.0000 0.0000 -14.5706 -14.2113 -14.1864 2.2802 9.4269 27.1399 0.9666 2.4644 -19.6152 1.5603 -7.8828 -22.3587 0.0000 0.0000 0.0000 23.7398 22.8488 3.3174 -0.3845 -3.9822 11.0267 2.3037 -27.1028 -20.1159 -0.0736 1.7507 -4.8172 0.0685 0.7288 2.0601 1.4349 1.0445 -2.3309 1.3840 0.5485 -3.5777 0.4553 0.7392 -23.2680 1.0263 1.1865 32.5522 0.6519 0.9438 15.3176 -0.0000 0.0000 0.0000 -86.9723 3.4580 39.8779 16.2035 -25.7957 -3.7341 -0.0000 0.0000 -23.7739 33.6741 48.8650 26.6477 -7.1250 0.0000 -0.0000 -30.6233 83.0570 -26.9018 -0.0000 0.0000 0.0000 84.1921 -3.2812 23.9639 -13.3237 21.7597 -2.5721 0.0000 0.0000 4.7490 -18.9030 18.4904 -6.1981 7.1250 -0.0000 -0.0000 6.0133 -10.5966 4.8324
-19.7486 17.5487 -1.8370 -140.2310 84.4083 -133.8250 0.0000 0.0000 0.0000 -14.3968 -13.2590 -14.9722 2.4642 9.7726 28.2435 1.1016 0.7940 -20.1386 1.1781 -6.8888 -19.3864 0.0000 0.0000 0.0000 24.1613 23.7376 4.3531 -0.3463 -3.7814 10.4624 2.4621 -28.0525 -21.2550 -0.0530 1.4863 -4.0880 0.1574 1.1330 2.2389 1.2977 1.5810 -2.2299 1.1623 0.8100 -3.5810 0.3111 0.5960 -23.1659 1.5818 0.8583 32.7497 0.8517 0.8819 15.3856 -0.0000 -0.0000 0.0000 -86.6668 3.4595 40.5054 17.1880 -27.1050 -4.1726 -0.0000 0.0000 -24.0880 33.3696 48.8227 26.3688 -7.1250 0.0000 -0.0000 -30.8393 82.8867 -26.9978 -0.0000 -0.0000 0.0000 84.3846 -3.3078 24.9255 -13.5060 22.0241 -2.6400 0.0000 0.0000 4.2622 -18.8979 18.9838 -6.3544 7.1250 -0.0000 -0.0000 6.0440 -10.0859 4.9203
-19.6842 17.5351 -1.9380 -142.5720 83.6662 -135.9180 0.0000 0.0000 0.0000 -14.3481 -13.0852 -15.6113 2.5818 9.9852 28.9287 1.0948 -0.1376 -19.7418 1.4811 -7.6894 -21.7745 0.0000 0.0000 0.0000 24.2783 23.9543 5.1167 -0.2912 -3.4704 9.5914 2.6809 -29.0440 -21.8019 -0.0412 1.3097 -3.6015 0.1094 1.4143 2.3846 1.0854 1.9453 -2.1677 0.9482 0.9882 -3.6003 0.2173 0.2191 -23.0228 1.5061 0.3893 32.8455 0.7461 0.6700 15.4031 -0.0000 0.0000 0.0000 -86.5023 3.2023 40.2646 17.7756 -27.8689 -4.4438 -0.0000 0.0000 -24.3003 33.4500 48.8177 26.4367 -7.1250 0.0000 -0.0000 -30.6834 82.9206 -26.8784 -0.0000 0.0000 0.0000 84.7054 -3.4041 25.5786 -13.7300 22.3474 -2.7246 0.0000 0.0000 4.3634 -19.3033 17.6694 -6.0685 7.1250 -0.0000 -0.0000 5.7069 -11.4000 4.4892
-19.5874 17.5209 -2.0734 -144.3280 82.4255 -137.4390 0.0000 0.0000 0.0000 -14.0958 -13.2157 -16.0786 2.6910 10.1773 29.5527 1.2271 -1.8909 -20.4025 0.8387 -5.8420 -16.3266 0.0000 0.0000 0.0000 24.1492 18.5250 4.4411 -0.1868 -2.7833 7.6761 1.8253 -25.0385 -20.2312 -0.0519 1.4695 -4.0416 0.2377 1.5232 2.6146 1.0100 2.0956 -2.2030 0.7833 1.0584 -3.7619 -0.6462 -0.5021 -22.9235 2.3889 -0.6089 33.3449 1.0873 0.2937 15.6371 0.0000 -0.0000 0.0000 -86.4546 3.4141 39.1590 18.2065 -28.4208 -4.6471 -0.0000 0.0000 -24.2396 32.7888 48.9007 25.8935 -7.1250 0.0000 -0.0000 -32.1845 82.6700 -28.0672 0.0000 -0.0000 0.0000 84.6926 -3.5728 26.3288 -13.8099 22.4623 -2.7551 0.0000 0.0000 4.1504 -18.6731 18.5300 -6.1303 7.1250 -0.0000 -0.0000 6.1656 -10.5842 4.9578
-19.4440 17.5269 -2.2321 -147.3960 81.3973 -140.3370 0.0000 0.0000 0.0000 -14.3481 -13.7670 -15.6982 2.6997 10.1923 29.6018 1.2493 -2.8774 -20.3741 0.6628 -5.2067 -14.4991 0.0000 0.0000 0.0000 23.2923 12.8818 4.3354 -0.0748 -1.7645 4.8552 1.2468 -21.2914 -17.7810 -0.1424 2.4318 -6.7006 -0.3398 1.5628 2.7988 0.8805 2.1151 -2.1079 0.9682 1.0797 -3.7841 -1.8129 -1.7012 -23.3022 3.4057 -2.2610 34.2264 1.4242 -0.3646 16.2328 0.0000 -0.0000 0.0000 -86.7185 3.6609 36.2118 18.5186 -28.8162 -4.7966 -0.0000 0.0000 -24.5622 33.6705 49.5123 26.8693 -7.1250 0.0000 -0.0000 -34.9260 83.4749 -31.0132 0.0000 -0.0000 0.0000 84.6675 -3.7532 27.0837 -13.8677 22.5452 -2.7772 0.0000 0.0000 4.1585 -19.6429 19.0012 -6.6287 7.1250 -0.0000 -0.0000 5.5605 -9.9710 4.5357
-19.2869 17.5437 -2.4144 -149.0630 80.5311 -141.6570 0.0000 0.0000 0.0000 -14.8513 -13.6244 -15.2853 2.6081 10.0318 29.0799 1.3069 -3.3878 -20.7617 0.9689 -6.2669 -17.5609 0.0000 0.0000 0.0000 22.3269 8.2659 2.0456 -0.1022 -2.0610 5.6743 0.7666 -17.7568 -16.3198 -0.5092 4.5739 -12.6971 -0.6930 1.8798 2.8567 0.5860 2.5125 -2.2469 0.8330 1.2834 -3.9714 -3.2431 -3.1170 -22.3654 5.0005 -4.3455 34.7515 1.9739 -1.1453 16.4605 -0.0000 -0.0000 0.0000 -86.1928 3.9775 34.7299 18.1989 -28.4111 -4.6435 -0.0000 0.0000 -24.4557 32.7903 49.3038 26.0323 -7.1250 0.0000 -0.0000 -34.6928 82.9315 -30.4623 -0.0000 -0.0000 0.0000 84.7434 -4.7287 27.5014 -14.4617 23.3909 -3.0090 0.0000 0.0000 3.4124 -20.4424 19.1390 -6.9674 7.1250 -0.0000 -0.0000 5.0501 -9.7198 4.1415
-19.1401 17.5815 -2.6055 -150.0490 80.5060 -142.8420 0.0000 0.0000 0.0000 -15.8463 -12.6773 -13.8226 2.3358 9.5331 27.4777 1.2710 -4.4031 -20.3135 0.6647 -5.2140 -14.5200 0.0000 0.0000 0.0000 20.9153 4.9794 -4.3634 -0.7233 -5.4342 15.1514 0.2166 -13.8106 -16.8561 -1.0384 6.4811 -18.1869 -1.4102 2.1818 3.6118 0.2662 2.8543 -1.9781 0.8580 1.4642 -4.1469 -3.7637 -3.9125 -22.1060 5.4987 -5.4965 35.2920 2.0728 -1.5894 16.7935 -0.0000 -0.0000 0.0000 -85.1876 4.0712 34.2196 17.8235 -27.9306 -4.4663 -0.0000 0.0000 -24.3258 34.2862 49.7252 27.4826 -7.1250 0.0000 -0.0000 -35.6755 83.8971 -31.9598 -0.0000 -0.0000 0.0000 84.9060 -4.9247 27.9724 -15.3367 24.6130 -3.3649 0.0000 0.0000 4.1693 -22.0495 19.1616 -7.5728 7.1250 -0.0000 -0.0000 4.0091 -9.4689 3.3033
-19.0075 17.6504 -2.7854 -151.8920 81.2011 -145.4230 0.0000 0.0000 0.0000 -17.7014 -13.2769 -9.9984 1.8202 8.4810 24.1849 1.1881 -1.9921 -20.0414 0.6463 -5.1426 -14.3158 0.0000 0.0000 0.0000 19.0674 3.2381 -12.4070 -2.6276 -10.0662 29.1915 0.0823 -10.6657 -13.8518 -1.1926 6.9296 -19.5070 -2.5179 2.3908 4.9272 -0.1374 3.0224 -1.2866 1.0084 1.5628 -4.2153 -3.9065 -4.1583 -21.8086 5.7778 -5.9007 35.4988 2.1501 -1.7253 16.8789 0.0000 0.0000 0.0000 -84.3367 3.7020 31.9991 16.9394 -26.7779 -4.0600 -0.0000 0.0000 -23.7105 34.5807 49.1629 27.5442 -7.1250 0.0000 -0.0000 -31.1379 83.6824 -27.7164 0.0000 0.0000 0.0000 85.1204 -4.3382 28.0596 -17.0064 26.8662 -4.0902 0.0000 0.0000 2.5458 -20.8638 18.6394 -6.9453 7.1250 -0.0000 -0.0000 4.7420 -10.1854 3.8423
-18.8248 17.6922 -2.9137 -151.2930 81.4786 -145.4140 0.0000 0.0000 0.0000 -18.4691 -11.5256 -7.7035 1.4619 7.6416 21.6308 1.1050 -2.4302 -19.2074 0.5646 -4.8126 -13.3750 0.0000 0.0000 0.0000 18.1492 2.8957 -19.7894 -5.0748 -13.4675 41.1448 0.1357 -8.3590 -8.6305 -0.2070 2.9294 -8.0821 -3.4237 2.4189 5.7956 -0.2223 2.9742 -0.7073 1.4084 1.5528 -4.1454 -3.9345 -4.4044 -21.4981 5.8294 -6.2583 36.1001 2.1312 -1.8450 17.1519 -0.0000 0.0000 0.0000 -83.6669 3.5751 28.8465 15.7251 -25.1465 -3.5283 -0.0000 0.0000 -21.2646 32.9910 49.2120 26.1750 -7.1250 0.0000 -0.0000 -33.8302 82.9671 -29.7126 -0.0000 0.0000 0.0000 84.7049 -3.9660 29.7409 -19.2212 29.6926 -5.1400 0.0000 0.0000 0.9827 -21.0766 18.3725 -6.9261 7.1250 -0.0000 -0.0000 4.5849 -10.4368 3.6906
-18.5592 17.6853 -2.9791 -151.8650 80.7712 -146.2280 0.0000 0.0000 0.0000 -18.5162 -11.0772 -6.2224 1.3814 7.4371 21.0170 1.0426 -2.1413 -18.7009 1.4586 -7.6332 -21.6054 0.0000 0.0000 0.0000 18.6495 2.2624 -25.3574 -5.9915 -14.4201 44.9477 -0.0686 -5.0795 -9.1572 -0.0839 1.8679 -5.1408 -4.0069 2.0016 6.4094 -0.0394 2.3595 -0.5353 1.9675 1.2638 -4.3130 -4.1742 -4.6145 -20.9487 5.7021 -6.3990 36.8475 2.1225 -1.9308 17.4324 0.0000 -0.0000 0.0000 -83.0926 3.8597 26.3144 14.7056 -23.7344 -3.1065 -0.0000 0.0000 -22.1914 32.8188 50.0567 26.3100 -7.1250 0.0000 -0.0000 -39.8574 83.3893 -35.4268 0.0000 -0.0000 0.0000 83.5849 -3.7680 32.9982 -21.5614 32.4778 -6.3487 0.0000 -0.0000 -0.2341 -23.5500 19.0795 -8.1084 7.1250 -0.0000 -0.0000 3.0298 -9.3312 2.5021
-18.2485 17.6517 -3.0305 -149.8400 80.6449 -143.8970 0.0000 0.0000 0.0000 -18.2433 -10.6524 -5.8774 1.4755 7.6754 21.7325 1.2544 -3.2111 -20.3553 0.8069 -5.7327 -16.0109 0.0000 0.0000 0.0000 19.5377 3.7132 -28.3280 -4.5748 -12.8884 38.9521 -0.1713 -4.5421 -10.8147 -0.0470 1.3989 -3.8470 -3.7936 1.9915 6.5943 -0.0754 2.3547 -0.4696 1.8065 1.2557 -4.3377 -4.1218 -5.1433 -20.8680 5.2924 -7.0585 37.3952 1.8043 -2.2305 17.7374 -0.0000 -0.0000 0.0000 -82.6556 3.4144 24.0268 13.9210 -22.6217 -2.7976 -0.0000 0.0000 -22.0253 34.3479 49.9667 27.6206 -7.1250 0.0000 -0.0000 -37.4948 84.0678 -33.7324 -0.0000 -0.0000 0.0000 82.9148 -2.9547 33.3170 -23.1141 34.2134 -7.2024 0.0000 0.0000 0.9688 -30.8984 24.2104 -13.7889 7.1250 -0.0000 -0.0000 -0.9311 -2.3283 -0.8926
-17.8853 17.5792 -3.0395 -150.9500 80.7513 -144.4250 0.0000 0.0000 0.0000 -18.4130 -10.1501 -4.8599 1.4057 7.4996 21.2042 1.3980 -4.2623 -21.3635 0.3404 -3.7492 -10.3722 0.0000 0.0000 0.0000 19.5224 5.8102 -29.7373 -2.4148 -9.6814 27.9510 -0.0785 -5.7770 -10.1882 -0.0715 1.7248 -4.7456 -3.9047 1.9595 6.8777 -0.0570 2.2913 -0.4695 1.8854 1.2295 -4.4990 -4.3648 -5.5797 -20.8337 4.9521 -7.4967 37.5557 1.5978 -2.4915 17.8419 -0.0000 -0.0000 0.0000 -82.4401 3.2183 23.7192 14.1780 -22.9885 -2.8972 -0.0000 0.0000 -22.4873 35.0408 50.0373 28.2579 -7.1250 0.0000 -0.0000 -37.2571 84.4423 -33.7601 -0.0000 -0.0000 0.0000 81.9543 -1.5798 31.6939 -24.7136 35.9098 -8.1213 0.0000 0.0000 6.5682 -42.4307 27.8091 -23.0962 7.1250 -0.0000 -0.0000 -6.8912 5.3409 -7.5554
-17.4611 17.5393 -3.0227 -155.0070 80.9324 -147.3910 0.0000 0.0000 0.0000 -18.9674 -9.6093 -3.9941 1.2508 7.0905 19.9838 1.3477 -4.0492 -20.9900 0.5781 -4.8690 -13.5353 0.0000 0.0000 0.0000 17.6443 9.4294 -29.4034 -0.7314 -5.4642 15.2375 0.1145 -8.6359 -9.7761 -0.2166 2.9964 -8.2687 -4.0032 1.9191 6.5946 0.0117 2.2460 -0.4236 2.0269 1.2063 -4.2954 -4.7427 -5.9927 -20.9263 4.8353 -7.9396 37.4482 1.5053 -2.7496 17.8535 -0.0000 0.0000 0.0000 -82.6971 2.6143 25.2719 15.0860 -24.2658 -3.2612 -0.0000 0.0000 -23.7308 35.5801 49.9842 28.7186 -7.1250 0.0000 -0.0000 -36.1164 84.6741 -32.8574 -0.0000 0.0000 0.0000 80.2536 0.6253 28.8027 -27.4865 38.6392 -9.8014 0.0000 0.0000 7.1918 -45.8137 28.7287 -26.3130 7.1250 -0.0000 -0.0000 -8.5111 7.8291 -9.6918
-16.9265 17.4890 -2.9415 -164.0730 79.8402 -155.9060 0.0000 0.0000 0.0000 -19.4771 -8.8624 -1.8714 1.0091 6.3918 17.9254 1.3065 -5.2930 -20.5126 0.5838 -4.8925 -13.6023 0.0000 0.0000 0.0000 14.8226 11.7089 -25.1447 -0.0132 -0.7417 2.0383 0.3874 -12.4864 -11.0113 -0.0197 0.9071 -2.4934 -4.1854 1.6587 6.5932 0.2557 1.8997 -0.2280 2.4228 1.0350 -4.0823 -5.7274 -6.9288 -20.4446 5.0981 -9.0945 37.1451 1.5455 -3.3348 17.7413 -0.0000 -0.0000 0.0000 -83.1354 1.9719 27.6514 16.3083 -25.9369 -3.7798 -0.0000 0.0000 -23.2350 34.5200 49.9372 27.7621 -7.1250 0.0000 -0.0000 -37.0513 84.1337 -33.3693 -0.0000 -0.0000 0.0000 77.7318 3.1892 25.4626 -29.8010 40.7222 -11.2796 0.0000 0.0000 4.1043 -43.1235 27.1579 -23.1459 7.1250 -0.0000 -0.0000 -7.4437 4.8584 -8.1137
-16.2996 17.3965 -2.8435 -176.0160 77.9375 -167.3800 0.0000 0.0000 0.0000 -20.7559 -8.9347 1.0300 0.7831 5.6495 15.7707 1.1746 -5.9162 -19.3780 1.0309 -6.4584 -18.1205 0.0000 0.0000 0.0000 11.3129 12.8182 -24.0537 0.0000 0.0000 -0.0000 0.5960 -14.5556 -11.1703 -0.1186 2.2206 -6.1158 -4.5527 1.1453 6.5930 0.4753 1.2008 -0.0670 2.9322 0.6917 -3.8751 -7.4936 -8.3633 -19.8101 5.7110 -10.8676 36.9224 1.7440 -4.2262 17.8201 0.0000 0.0000 0.0000 -84.1243 1.4173 29.7597 17.9143 -28.0473 -4.5089 -0.0000 0.0000 -24.1929 36.6682 49.7633 29.6117 -7.1250 0.0000 -0.0000 -32.5102 85.0737 -29.7660 0.0000 0.0000 0.0000 74.5672 5.6625 22.5121 -31.0358 41.7649 -12.0937 0.0000 0.0000 1.1041 -37.6453 22.7218 -16.5911 7.1250 -0.0000 -0.0000 -5.2706 -2.2099 -5.0852
-15.5352 17.3264 -2.7065 -183.1590 75.5916 -173.9490 0.0000 0.0000 0.0000 -21.4083 -8.7723 4.5756 0.5309 4.6690 12.9669 0.9575 -6.0798 -17.4565 0.8913 -6.0176 -16.8354 0.0000 0.0000 0.0000 9.3620 15.3824 -24.9735 -0.1370 -2.3852 6.5714 1.2551 -19.3690 -7.9694 -0.3432 3.7643 -10.4145 -4.2095 0.6936 5.9328 0.7462 0.6603 -0.1999 3.0789 0.4145 -3.5943 -8.7543 -9.4141 -18.6855 6.3269 -12.2730 36.3903 1.9478 -4.9130 17.5754 -0.0000 0.0000 0.0000 -85.1899 1.6264 31.0049 19.6532 -30.2222 -5.3557 -0.0000 0.0000 -25.1621 36.8357 49.3356 29.6052 -7.1250 0.0000 -0.0000 -28.4377 84.8778 -25.9029 -0.0000 0.0000 0.0000 71.8341 6.9205 19.3268 -30.6838 41.4723 -11.8599 0.0000 0.0000 5.1348 -35.7403 21.6620 -14.8766 7.1250 -0.0000 -0.0000 -4.3175 -3.9693 -4.0199
-14.7591 17.3622 -2.5396 -182.9940 73.7960 -173.5430 0.0000 0.0000 0.0000 -19.9775 -8.3665 6.7517 0.4969 4.5194 12.5426 0.6340 -6.2527 -14.2185 1.6193 -8.0234 -22.7852 0.0000 0.0000 0.0000 9.1603 18.0621 -23.8201 -0.2568 -3.2605 9.0048 1.7773 -25.0807 1.8094 -1.1896 6.9212 -19.4820 -1.9891 0.4297 5.9186 1.4311 0.4936 -0.2676 2.5527 0.2999 -3.6267 -9.5119 -10.0543 -18.2358 6.7864 -13.1527 36.1680 2.0963 -5.3116 17.5755 -0.0000 -0.0000 0.0000 -86.3810 2.0191 31.0345 21.0891 -31.9322 -6.0970 -0.0000 0.0000 -25.0913 34.3446 48.7140 27.1780 -7.1250 0.0000 -0.0000 -28.5726 83.2654 -25.1860 -0.0000 -0.0000 0.0000 69.5623 8.0441 16.1192 -28.7603 39.8068 -10.6069 0.0000 0.0000 12.8484 -36.7744 21.9527 -15.6108 7.1250 -0.0000 -0.0000 -4.8938 -3.3522 -4.6165
-14.0217 17.4977 -2.3743 -186.7850 73.5698 -176.9740 0.0000 0.0000 0.0000 -19.2970 -6.4774 6.6957 0.6342 5.0953 14.1806 0.0728 -8.0342 -7.0323 2.1967 -9.2644 -26.6259 0.0000 0.0000 0.0000 10.2858 15.3150 -25.3436 -0.5669 -4.8221 13.4017 1.1534 -20.5477 1.7198 -1.0065 6.3837 -17.9019 -0.7301 0.5586 6.0631 1.6685 0.7686 -0.1544 2.0633 0.4170 -3.5932 -9.5212 -10.2557 -18.1770 6.7610 -13.4183 36.1769 2.0317 -5.4103 17.5970 -0.0000 0.0000 0.0000 -88.1198 1.8755 30.6368 21.3376 -32.2203 -6.2290 -0.0000 0.0000 -26.2539 35.4551 48.8570 28.2033 -7.1250 0.0000 -0.0000 -27.5033 83.8870 -24.5475 -0.0000 0.0000 0.0000 68.0848 9.6416 13.1315 -25.5737 36.7846 -8.6311 0.0000 0.0000 18.9104 -38.5708 22.1397 -16.7273 7.1250 -0.0000 -0.0000 -5.9428 -2.6159 -5.6965
-13.2928 17.6437 -2.1803 -189.9390 72.2611 -179.4120 0.0000 0.0000 0.0000 -18.0184 -4.6208 3.8444 1.0896 6.6337 18.6346 -0.2822 -9.5430 1.5671 0.8139 -5.7569 -16.0807 0.0000 0.0000 0.0000 10.8711 15.0167 -24.3220 -0.7552 -5.5503 15.4850 1.3997 -21.0656 -2.2466 -0.6169 5.0266 -13.9844 -0.0736 0.1278 5.3985 2.2092 0.2628 -0.1319 2.2982 0.1604 -3.1750 -9.1424 -10.0879 -18.6122 6.2145 -13.0297 37.1068 1.8183 -5.2109 18.0768 -0.0000 -0.0000 0.0000 -88.8085 2.1825 33.3791 21.5744 -32.4927 -6.3557 -0.0000 0.0000 -27.7708 34.6428 49.2844 27.6418 -7.1250 0.0000 -0.0000 -31.8963 83.7916 -28.4641 -0.0000 -0.0000 0.0000 66.7240 11.3111 10.7222 -22.4492 33.4810 -6.8320 0.0000 0.0000 23.0710 -39.1855 22.9648 -17.6431 7.1250 -0.0000 -0.0000 -6.1412 -1.4583 -6.0179
-12.6513 17.7665 -2.0503 -188.8800 71.1011 -178.4240 0.0000 0.0000 0.0000 -16.1927 -1.9385 -1.3362 2.3678 9.5935 27.6703 -0.2726 -9.3853 5.3731 0.5146 -4.5981 -12.7656 0.0000 0.0000 0.0000 12.8513 14.3620 -21.1325 -0.6539 -5.1725 14.4013 1.5644 -21.6750 -5.1378 -0.2296 3.0844 -8.5139 2.3223 -0.1812 5.4728 2.9075 0.0624 -0.2197 1.6901 0.0396 -3.3001 -8.7064 -9.9479 -19.1250 6.0520 -12.8328 38.6948 1.7474 -4.9741 19.0609 -0.0000 -0.0000 0.0000 -89.1392 2.5042 36.7311 21.7690 -32.7149 -6.4605 -0.0000 0.0000 -25.5208 32.4837 48.1406 25.3694 -7.1250 0.0000 -0.0000 -28.4220 82.0027 -24.3830 -0.0000 -0.0000 0.0000 65.5499 11.6529 8.2646 -20.1994 30.8819 -5.6333 0.0000 0.0000 25.1817 -39.6819 23.7989 -18.5106 7.1250 -0.0000 -0.0000 -6.2576 -0.3208 -6.2600
-12.1107 17.8796 -1.9361 -187.4600 70.3310 -177.5420 0.0000 0.0000 0.0000 -15.1897 1.3194 -6.8652 4.3484 12.6101 37.9260 0.0610 -3.1724 -4.6044 0.6378 -5.1094 -14.2208 0.0000 0.0000 0.0000 14.9913 13.8649 -16.4327 -0.3705 -3.9098 10.8232 1.7700 -22.8187 -6.9122 -0.0213 0.9429 -2.5918 3.8919 -0.3250 5.7338 3.7092 0.0482 0.0230 1.6415 0.0336 -3.1995 -7.0186 -9.1601 -20.0774 5.7171 -12.0390 39.9364 1.5083 -4.3436 19.7851 0.0000 0.0000 0.0000 -89.4574 2.2000 38.9401 22.1774 -33.1770 -6.6827 -0.0000 0.0000 -24.0952 28.6741 48.4570 22.2608 -7.1250 0.0000 -0.0000 -35.2957 80.5198 -29.4391 0.0000 0.0000 0.0000 64.2390 11.6239 7.2680 -18.4979 28.7901 -4.7866 0.0000 0.0000 25.4137 -38.6109 24.4403 -18.2845 7.1250 -0.0000 -0.0000 -5.4905 0.0806 -5.5236
-11.6574 17.9262 -1.8450 -189.1950 70.1037 -179.4930 0.0000 0.0000 0.0000 -15.9976 3.6552 -12.1256 5.8136 14.2452 44.2288 0.1996 -6.3430 -8.5060 0.6261 -5.0634 -14.0895 0.0000 0.0000 0.0000 15.5842 13.8818 -14.4105 -0.3813 -3.9654 10.9794 1.8499 -23.2274 -8.5338 -0.0120 0.7083 -1.9466 4.1203 -0.2283 5.9397 3.9231 0.2191 0.1717 1.7210 0.1237 -3.1622 -5.5042 -8.0159 -20.8825 5.8346 -10.8286 41.0118 1.6303 -3.5211 20.4616 -0.0000 -0.0000 0.0000 -89.3067 1.8783 40.0608 22.6855 -33.7431 -6.9628 -0.0000 0.0000 -23.5080 26.7729 49.1038 20.8760 -7.1250 0.0000 -0.0000 -40.4807 80.0928 -33.6025 -0.0000 -0.0000 0.0000 64.3891 10.1527 7.2491 -18.2962 28.5348 -4.6899 0.0000 0.0000 24.0277 -37.5707 25.5844 -18.3770 7.1250 -0.0000 -0.0000 -4.6382 1.0646 -4.7390
-11.2568 17.9067 -1.8037 -190.6590 69.9832 -181.0890 0.0000 0.0000 0.0000 -16.9200 4.6360 -16.3515 6.2183 14.6366 45.8516 0.2222 -9.9228 -10.2120 1.0071 -6.3857 -17.9076 0.0000 0.0000 0.0000 15.9702 13.7204 -14.4098 -0.6323 -5.0880 14.1596 1.6707 -22.3758 -12.0651 -0.0008 -0.1878 0.5160 4.4589 -0.1693 5.7478 3.9073 0.3028 0.2806 1.5068 0.1652 -2.9403 -4.6803 -6.9662 -21.0411 6.1006 -9.5667 41.4802 1.9569 -2.8261 20.6580 -0.0000 0.0000 0.0000 -88.7109 2.1416 40.6069 24.2973 -35.4771 -7.8785 -0.0000 0.0000 -23.0417 27.7161 49.8663 21.8837 -7.1250 0.0000 -0.0000 -43.4536 80.9441 -36.8434 -0.0000 0.0000 0.0000 65.6426 7.6886 9.4180 -19.8000 30.4006 -5.4298 0.0000 0.0000 18.3012 -32.8479 23.8983 -14.6578 7.1250 -0.0000 -0.0000 -2.1622 -2.1885 -2.0795
-10.9087 17.8877 -1.7989 -190.8690 70.1147 -181.7400 0.0000 0.0000 0.0000 -16.9717 4.1833 -18.8928 5.6636 14.0943 43.6164 0.5914 -7.6079 -13.9063 1.7653 -8.3590 -23.8100 0.0000 0.0000 0.0000 16.7575 13.4325 -13.5027 -0.7545 -5.5477 15.4774 1.6193 -22.1960 -12.9008 -0.0153 0.7983 -2.1940 5.0726 -0.0959 5.8759 3.8458 0.4474 0.3833 1.0883 0.2320 -2.9009 -3.6515 -6.1540 -21.1181 5.5436 -8.4215 42.0084 1.7940 -2.2655 20.7945 -0.0000 -0.0000 0.0000 -88.3174 2.1481 40.4220 25.6411 -36.8521 -8.6715 -0.0000 0.0000 -22.0774 28.1841 50.0351 22.3273 -7.1250 0.0000 -0.0000 -43.9828 81.2437 -37.5444 -0.0000 -0.0000 0.0000 67.4831 4.7257 10.7532 -21.6832 32.6172 -6.4143 0.0000 0.0000 16.1333 -33.5083 23.2942 -14.6722 7.1250 -0.0000 -0.0000 -2.6674 -2.6953 -2.5418
-10.6223 17.8729 -1.8333 -191.7470 70.7952 -182.9240 0.0000 0.0000 0.0000 -16.7793 3.3564 -21.0655 4.8162 13.1738 40.0226 0.7209 -7.4011 -15.2343 1.7571 -8.3406 -23.7534 0.0000 0.0000 0.0000 17.1308 13.1509 -12.9169 -0.8873 -6.0045 16.7974 1.4482 -21.4418 -14.1931 -0.0114 0.6909 -1.8988 5.1709 -0.1427 6.0483 3.8053 0.3938 0.5811 0.9954 0.2083 -2.7927 -2.6340 -5.1621 -21.2384 4.7588 -6.9200 42.3771 1.5788 -1.6291 20.8216 0.0000 0.0000 0.0000 -88.2626 1.7566 40.0784 27.1443 -38.3165 -9.5885 -0.0000 0.0000 -21.5950 29.8780 50.8531 24.0155 -7.1250 0.0000 -0.0000 -47.8243 82.4151 -41.9329 0.0000 0.0000 0.0000 68.9367 2.9381 11.7084 -23.2772 34.3906 -7.2943 0.0000 0.0000 13.7998 -35.5073 24.2651 -16.3418 7.1250 -0.0000 -0.0000 -3.6899 -1.0567 -3.6288
-10.3827 17.8551 -1.9202 -192.2860 71.9990 -183.5990 0.0000 0.0000 0.0000 -16.1215 2.1646 -22.7894 3.8907 12.0135 35.7799 0.8441 -6.2963 -16.3840 2.4645 -9.7731 -28.2450 0.0000 0.0000 0.0000 17.4295 13.4027 -12.1264 -0.9444 -6.1894 17.3351 1.3416 -20.9683 -14.8631 -0.0517 1.4676 -4.0365 5.4565 -0.0994 6.0333 3.7326 0.4561 0.7641 0.7552 0.2416 -2.5907 -1.8776 -4.2047 -21.4662 4.0913 -5.3958 42.9154 1.4791 -1.0044 21.0765 -0.0000 -0.0000 0.0000 -87.9986 1.1184 40.7753 29.0556 -40.0701 -10.7965 -0.0000 0.0000 -21.1268 30.0253 51.0406 24.1992 -7.1250 0.0000 -0.0000 -49.0452 82.5652 -43.1703 -0.0000 -0.0000 0.0000 70.2066 1.9955 12.6650 -25.0683 36.2738 -8.3303 0.0000 0.0000 12.4806 -43.5378 25.2014 -22.0285 7.1250 -0.0000 -0.0000 -8.1657 2.7136 -8.6296
-10.1857 17.8718 -2.0608 -192.8470 73.6557 -184.2280 0.0000 0.0000 0.0000 -14.5912 -0.3100 -23.2009 2.9234 10.5700 30.8430 0.8720 -4.1932 -16.7333 2.6688 -10.1385 -29.4265 0.0000 0.0000 0.0000 17.6041 13.2864 -11.0099 -0.8679 -5.9400 16.6105 1.3087 -20.4323 -13.4449 -0.2869 3.4448 -9.5198 5.5975 -0.1364 6.0743 3.7495 0.4114 0.9474 0.6974 0.2246 -2.4242 -1.2477 -3.2528 -21.4191 3.1383 -3.7254 43.1096 1.2642 -0.4182 21.0281 -0.0000 0.0000 0.0000 -88.0938 -0.1110 40.4985 31.6786 -42.2894 -12.5240 -0.0000 0.0000 -22.3528 28.8928 52.7641 23.7192 -7.1250 0.0000 -0.0000 -61.9506 82.6118 -55.1930 -0.0000 0.0000 0.0000 70.9962 1.5110 14.1843 -27.9545 39.0743 -10.0950 0.0000 0.0000 3.9152 -39.2019 23.2218 -17.8277 7.1250 -0.0000 -0.0000 -6.0971 -1.1516 -6.0076
-10.0093 17.8884 -2.2568 -193.7900 75.7229 -185.0900 0.0000 0.0000 0.0000 -11.6243 -6.5860 -21.0387 1.9060 8.6676 24.7608 0.4967 -1.3921 -12.9039 3.2054 -11.0204 -32.3488 0.0000 0.0000 0.0000 17.4944 12.9050 -10.2271 -0.7790 -5.6351 15.7293 1.0722 -18.7432 -12.8489 -0.4297 4.2068 -11.6592 5.6579 -0.0977 6.0712 3.5589 0.4455 1.0679 0.4637 0.2410 -2.2941 -0.6246 -2.4779 -20.8944 2.3628 -2.3908 43.2106 1.0596 0.0688 20.8381 0.0000 0.0000 0.0000 -87.9895 -1.6057 38.9433 37.4203 -46.4651 -16.5441 -0.0000 0.0000 -32.8201 20.2359 58.4946 17.4479 -7.1250 0.0000 -0.0000 -92.9015 79.0341 -81.7980 0.0000 0.0000 0.0000 71.1712 -1.3776 20.4756 -34.0809 44.1446 -14.1694 0.0000 -0.0000 -4.0322 -36.3859 20.3605 -14.3799 7.1250 -0.0000 -0.0000 -4.9489 -5.3091 -4.4869
-9.8503 17.9058 -2.4965 -194.9970 78.3846 -186.3110 0.0000 0.0000 0.0000 -8.1580 -11.7285 -18.5262 1.2405 7.0624 19.9004 0.1726 2.7965 -9.3947 2.7723 -10.3171 -30.0097 0.0000 0.0000 0.0000 17.2774 11.9000 -9.4230 -0.6180 -5.0311 13.9973 0.7463 -15.9330 -11.4498 -0.6472 5.1464 -14.3266 5.3425 -0.1650 5.9362 3.1698 0.2847 1.2974 0.2495 0.1638 -1.9848 0.3176 -1.4214 -20.1773 1.9558 -0.8215 43.8027 1.0575 0.7765 20.9766 -0.0000 0.0000 0.0000 -87.7694 -3.7296 37.2719 43.1609 -49.8350 -20.8236 -0.0000 0.0000 -34.8261 17.1162 59.3813 14.8430 -7.1250 0.0000 -0.0000 -95.0183 77.8063 -82.7048 -0.0000 0.0000 0.0000 70.7761 -4.0279 29.6107 -44.1849 50.3628 -21.6092 0.0000 -0.0000 -10.3588 -36.4058 17.3089 -12.3746 7.1250 -0.0000 -0.0000 -5.4863 -8.8916 -4.5941
-9.7234 17.8865 -2.7982 -197.1030 81.6219 -188.4930 0.0000 0.0000 0.0000 -5.6004 -14.7545 -15.7942 0.8427 5.8555 16.3658 -0.0344 6.2035 -7.8544 2.8338 -10.4210 -30.3513 0.0000 0.0000 0.0000 16.8824 12.0556 -9.2168 -0.6113 -5.0043 13.9209 0.4685 -13.3025 -11.0073 -1.0249 6.4400 -18.0665 5.3095 -0.1510 6.0740 2.2385 0.2625 1.1668 -0.6912 0.1310 -2.1916 1.4011 -0.5120 -18.5668 1.6555 0.4540 44.1051 0.9872 1.4174 20.6761 -0.0000 -0.0000 0.0000 -85.7854 -5.8535 38.8922 46.2114 -51.3483 -23.1810 -0.0000 0.0000 -28.9754 18.8418 57.4918 16.0545 -7.1250 0.0000 -0.0000 -86.9560 78.7528 -75.4432 -0.0000 -0.0000 0.0000 71.5667 -5.9803 36.7135 -54.6261 54.6990 -29.9106 0.0000 -0.0000 -10.3213 -35.4654 15.6676 -10.8897 7.1250 -0.0000 -0.0000 -5.1400 -11.0371 -4.0778
-9.6117 17.8172 -3.1932 -195.3240 85.3369 -186.8790 0.0000 0.0000 0.0000 -3.7189 -17.8652 -13.0808 0.6286 5.0733 14.1177 0.0031 3.3597 -4.9486 3.1004 -10.8559 -31.7955 0.0000 0.0000 0.0000 16.7522 12.6134 -9.4444 -0.6735 -5.2479 14.6170 0.1983 -10.3859 -11.0277 -1.2389 7.0580 -19.8872 5.2085 -0.3556 6.0728 1.9544 -0.0483 1.7470 -0.9048 -0.0022 -1.6068 1.7364 0.6441 -18.9731 1.0027 2.3697 44.1745 1.0073 2.0532 20.8580 -0.0000 0.0000 0.0000 -84.3523 -9.8317 41.4295 45.6564 -51.0860 -22.7484 -0.0000 0.0000 -20.6736 21.0354 55.1545 17.5166 -7.1250 0.0000 -0.0000 -75.4056 79.6627 -65.0192 -0.0000 0.0000 0.0000 71.2509 -5.4000 43.7628 -63.0409 57.0673 -36.8826 0.0000 -0.0000 -10.1120 -33.2244 15.3820 -9.8561 7.1250 -0.0000 -0.0000 -3.7126 -11.8046 -2.8808
-9.5073 17.6931 -3.7244 -142.4910 89.3661 -134.2220 0.0000 0.0000 0.0000 -4.0020 -16.5117 -11.1993 0.5827 4.8879 13.5891 0.0302 4.0557 -6.8906 3.1480 -10.9309 -32.0473 0.0000 0.0000 0.0000 16.4855 13.4512 -10.5510 -0.8783 -5.9745 16.7105 -0.0915 -6.9705 -11.8629 -1.6008 7.9798 -22.6527 5.7425 -0.3755 6.2593 1.7125 -0.0495 2.2020 -1.4523 0.0155 -1.2400 2.3719 1.8402 -18.9139 -0.0552 4.4390 44.0475 0.7920 2.7498 20.8288 0.0000 0.0000 0.0000 -83.8514 -13.5324 45.4043 43.6814 -50.1059 -21.2221 -0.0000 0.0000 -13.6252 23.5826 52.8002 19.1730 -7.1250 0.0000 -0.0000 -62.1754 80.3268 -53.1928 0.0000 0.0000 0.0000 70.5812 -4.5861 51.0648 -68.2155 58.1286 -41.2526 0.0000 -0.0000 -11.6708 -32.6593 16.1071 -10.0835 7.1250 -0.0000 -0.0000 -3.2437 -11.0715 -2.5646
-9.4772 17.5802 -4.3268 -195.8780 94.6423 -187.5140 0.0000 0.0000 0.0000 -6.2596 -13.2239 -10.5916 0.6594 5.1937 14.4620 0.2600 5.9174 -13.6031 3.9307 -12.0676 -35.9717 0.0000 0.0000 0.0000 14.9166 14.7194 -12.6334 -1.0988 -6.6609 18.7146 -0.3067 -2.8966 -11.9363 -1.8073 8.4527 -24.0977 4.9802 -0.0342 7.2731 1.0879 0.3939 2.6450 -1.7064 0.2409 -1.3175 2.9144 2.6700 -18.9977 -0.4811 5.5453 43.5256 0.6910 3.1389 20.5589 -0.0000 -0.0000 0.0000 -84.3264 -16.8024 49.0641 42.5290 -49.4989 -20.3419 -0.0000 0.0000 -9.4048 26.0733 47.5441 19.8505 -7.1250 0.0000 -0.0000 -34.5952 78.7835 -27.7006 -0.0000 -0.0000 0.0000 70.4512 -2.2904 57.6758 -69.5788 58.3641 -42.4119 0.0000 -0.0000 -15.7244 -31.8815 16.0735 -9.7712 7.1250 -0.0000 -0.0000 -2.7380 -11.2531 -2.1536
-9.5551 17.6070 -4.9010 -178.5280 98.6664 -169.2230 0.0000 0.0000 0.0000 -10.1563 -11.7816 -12.4328 0.7845 5.6544 15.7850 0.3084 7.0076 -15.3361 3.3111 -11.1824 -32.8977 0.0000 0.0000 0.0000 10.4570 16.7314 -15.2494 -1.1517 -6.8140 19.1655 -0.2755 -1.0054 -10.3311 -2.1325 9.1368 -26.2243 1.0369 0.0831 8.3747 -0.1422 0.2742 3.4435 -0.7548 0.1819 -1.1290 3.7454 3.5773 -19.8843 -1.5631 6.7391 42.3073 0.2351 3.4720 20.1481 0.0000 0.0000 0.0000 -85.2641 -21.1645 52.1605 38.5493 -47.1866 -17.3674 -0.0000 0.0000 -5.0732 29.2516 43.0698 20.9299 -7.1250 0.0000 -0.0000 -16.6972 76.4636 -12.3934 0.0000 0.0000 0.0000 72.0105 1.3344 61.1146 -67.7378 58.0419 -40.8471 0.0000 -0.0000 -16.4157 -31.2614 17.8981 -10.5683 7.1250 -0.0000 -0.0000 -2.0946 -9.2940 -1.7300
-9.6667 17.6592 -5.4193 -181.7520 102.9640 -170.1760 0.0000 0.0000 0.0000 -11.0022 -9.1208 -16.8136 1.0110 6.3977 17.9427 0.4165 6.5836 -16.3615 3.5121 -11.4813 -33.9207 0.0000 0.0000 0.0000 8.3313 19.1716 -18.2755 -0.9468 -6.1971 17.3574 -0.1489 -0.2771 -7.3930 -2.1165 9.1046 -26.1231 -0.5619 0.4353 9.1447 -1.2542 0.6040 3.6998 -1.0396 0.3472 -1.2845 4.0103 4.3654 -20.2010 -1.7719 7.6325 41.0247 0.2469 3.7529 19.4739 0.0000 -0.0000 0.0000 -85.7601 -24.5234 53.4887 34.0371 -44.1122 -14.1388 -0.0000 0.0000 -4.3598 32.7703 38.0882 21.6578 -7.1250 0.0000 -0.0000 -3.1455 72.9468 -2.0853 0.0000 -0.0000 0.0000 74.7123 3.8293 62.6144 -67.1370 57.9297 -40.3377 0.0000 -0.0000 -14.7645 -30.8071 18.0157 -10.4490 7.1250 -0.0000 -0.0000 -1.7857 -9.2486 -1.4762
-9.7767 17.6990 -5.8314 -185.4420 106.3160 -171.6080 0.0000 0.0000 0.0000 -10.7714 -9.2830 -20.3365 1.2679 7.1372 20.1224 0.4438 8.6081 -18.5471 3.0952 -10.8476 -31.7677 0.0000 0.0000 0.0000 8.7910 18.1059 -21.7652 -0.9090 -6.0755 17.0035 -0.1310 -0.8653 -7.2086 -1.0626 6.5537 -18.3996 -1.5515 0.5867 9.8533 -2.1078 0.6876 3.6115 -1.3851 0.3909 -1.7629 4.3733 5.1138 -20.1213 -2.5073 8.7785 40.0456 0.0522 4.1082 18.9844 0.0000 0.0000 0.0000 -85.6527 -26.9528 53.1790 31.3496 -42.0225 -12.3032 -0.0000 0.0000 -2.6060 35.3211 35.2393 22.2373 -7.1250 0.0000 -0.0000 3.3577 70.8411 2.0705 0.0000 0.0000 0.0000 76.7971 5.7212 64.4531 -67.4513 57.9889 -40.6041 0.0000 -0.0000 -14.3278 -31.4016 17.5278 -10.4173 7.1250 -0.0000 -0.0000 -2.2346 -9.6862 -1.8282
-9.8670 17.7316 -6.0048 -188.3210 107.4410 -173.1700 0.0000 0.0000 0.0000 -9.9960 -9.4504 -22.7213 1.4470 7.6041 21.5179 0.4462 9.1851 -19.1371 2.7335 -10.2507 -29.7924 0.0000 0.0000 0.0000 11.7910 15.7582 -22.6041 -0.8606 -5.9156 16.5397 0.0128 -5.2048 -7.0031 -0.5975 4.9484 -13.7613 -2.6699 0.4868 10.2043 -2.7091 0.4562 3.9313 -1.3561 0.2817 -1.6268 4.5657 5.6080 -20.0920 -3.0607 9.5383 39.1430 -0.0971 4.3305 18.5405 0.0000 -0.0000 0.0000 -85.1323 -28.7216 52.1559 30.6452 -41.4401 -11.8344 -0.0000 -0.0000 0.5413 36.6132 33.9870 22.5557 -7.1250 0.0000 -0.0000 6.1216 69.9193 3.6524 0.0000 -0.0000 0.0000 78.6789 7.0646 66.0164 -68.1954 58.1250 -41.2356 0.0000 -0.0000 -13.7780 -32.3933 18.4905 -11.3769 7.1250 -0.0000 -0.0000 -2.7398 -8.3945 -2.3132
-9.9021 17.7279 -6.1067 -191.1930 105.9970 -175.4510 0.0000 0.0000 0.0000 -9.2986 -10.1329 -24.6297 1.6369 8.0649 22.9112 0.5526 7.9532 -19.1350 2.4823 -9.8057 -28.3499 0.0000 0.0000 0.0000 11.8262 15.6645 -20.7807 -0.4895 -4.4859 12.4479 0.1573 -7.2616 -4.6677 -1.6759 8.1556 -23.1878 -2.1648 0.0987 11.2636 -3.2307 -0.0432 3.9995 -2.1331 0.0504 -2.1383 4.3686 5.2995 -19.8304 -3.0613 9.0962 38.7419 -0.1781 4.1347 18.1956 0.0000 -0.0000 0.0000 -85.4524 -30.0749 52.1201 29.7351 -40.6652 -11.2366 -0.0000 -0.0000 2.5220 36.1513 33.9606 22.2015 -7.1250 0.0000 -0.0000 5.3890 69.7432 3.1931 0.0000 -0.0000 0.0000 80.5057 6.7068 66.1253 -67.4429 57.9873 -40.5970 0.0000 -0.0000 -10.9083 -36.1495 18.2897 -12.9124 7.1250 -0.0000 -0.0000 -5.1602 -7.7938 -4.4313
-9.9534 17.7421 -6.1528 -192.9320 106.2510 -176.3770 0.0000 0.0000 0.0000 -8.6165 -10.2993 -26.3157 1.7932 8.4214 24.0016 0.5717 7.9766 -19.3584 2.4436 -9.7346 -28.1216 0.0000 0.0000 0.0000 12.2916 15.3411 -19.4038 -0.2045 -2.9117 8.0330 0.1814 -7.5364 -2.3627 -2.1042 9.0798 -26.0453 -2.8045 0.4398 11.3748 -3.3396 0.3492 4.1710 -1.9373 0.2469 -2.0126 3.8512 5.1822 -20.0542 -2.9500 9.0054 38.3953 -0.0576 4.0296 18.0052 0.0000 0.0000 0.0000 -86.7982 -31.5008 51.7788 29.1559 -40.1588 -10.8611 -0.0000 -0.0000 2.9486 36.8831 33.6508 22.5774 -7.1250 0.0000 -0.0000 6.7043 69.6423 3.9595 0.0000 0.0000 0.0000 81.2769 7.1925 65.9802 -64.6623 57.4295 -38.2463 0.0000 -0.0000 -9.8953 -39.7275 19.3364 -15.3851 7.1250 -0.0000 -0.0000 -7.2018 -5.6176 -6.5151
-9.9858 17.7491 -6.1395 -195.8660 105.9900 -178.6600 0.0000 0.0000 0.0000 -7.2382 -11.6055 -27.0014 1.8730 8.5965 24.5410 0.5535 8.7517 -19.8644 2.2177 -9.3055 -26.7558 0.0000 0.0000 0.0000 13.5217 13.8667 -15.7623 0.0000 0.0000 -0.0000 0.1405 -7.7133 1.3835 -2.0727 9.0159 -25.8449 -2.9923 0.7303 11.3012 -3.3412 0.7151 4.1461 -1.8796 0.4273 -1.9950 3.9282 4.8843 -19.6041 -3.0905 8.5876 38.2021 -0.2407 3.8742 17.7727 -0.0000 -0.0000 0.0000 -87.8287 -31.7839 52.4115 29.4703 -40.4350 -11.0645 -0.0000 -0.0000 3.3835 36.5978 33.2385 22.1483 -7.1250 0.0000 -0.0000 6.4168 69.1052 3.7118 -0.0000 -0.0000 0.0000 82.0369 7.7302 65.2637 -61.8439 56.7816 -35.8795 0.0000 -0.0000 -10.9696 -41.6849 19.2691 -16.3764 7.1250 -0.0000 -0.0000 -8.4138 -5.1237 -7.7143
-10.0021 17.7642 -6.1418 -197.1710 105.6550 -179.5370 0.0000 0.0000 0.0000 -6.5973 -12.7591 -27.1454 1.8544 8.5561 24.4162 0.5043 9.5835 -20.1448 2.1293 -9.1304 -26.2042 0.0000 0.0000 0.0000 13.8112 13.6381 -16.1307 0.0000 0.0000 -0.0000 0.1532 -7.7687 0.9224 -1.8781 8.6073 -24.5745 -3.1502 0.9297 11.2725 -3.2946 0.9622 4.1202 -1.7738 0.5486 -2.0065 3.6248 4.6167 -19.5896 -2.8132 8.2350 38.4416 -0.1331 3.7346 17.8448 0.0000 -0.0000 0.0000 -88.8419 -32.7497 53.2932 28.6417 -39.7003 -10.5310 -0.0000 -0.0000 3.4239 36.5266 33.5190 22.2452 -7.1250 0.0000 -0.0000 6.1872 69.3864 3.6177 0.0000 -0.0000 0.0000 82.2418 7.8726 64.0854 -60.5881 56.4646 -34.8308 0.0000 -0.0000 -10.8604 -43.2216 19.9805 -17.8028 7.1250 -0.0000 -0.0000 -9.1910 -3.7549 -8.6838
-10.0052 17.7703 -6.1544 -197.5100 105.2560 -179.6470 0.0000 0.0000 0.0000 -6.3190 -14.0400 -27.0353 1.8317 8.5064 24.2631 0.4665 10.3470 -20.5198 2.0298 -8.9279 -25.5700 0.0000 0.0000 0.0000 13.7570 13.2702 -16.3866 0.0000 0.0000 -0.0000 0.1523 -7.6615 0.7472 -1.9791 8.8224 -25.2412 -3.2882 1.0370 11.3805 -3.2331 1.0886 4.1575 -1.6505 0.6111 -2.0288 3.7381 4.5632 -19.5164 -3.0879 8.2327 38.3854 -0.2804 3.7163 17.8217 0.0000 0.0000 0.0000 -89.4103 -33.5592 54.6258 28.0863 -39.1956 -10.1782 -0.0000 -0.0000 2.9641 36.5975 34.2240 22.6683 -7.1250 0.0000 -0.0000 5.9876 70.1696 3.6057 0.0000 0.0000 0.0000 81.9058 7.2651 63.3199 -61.3070 56.6483 -35.4307 0.0000 -0.0000 -9.0210 -46.9682 21.9144 -21.7908 7.1250 -0.0000 -0.0000 -10.9405 0.0551 -11.1563
-9.9944 17.7696 -6.1575 -198.9420 104.6880 -180.9370 0.0000 0.0000 0.0000 -6.0196 -14.2980 -27.3403 1.8511 8.5487 24.3936 0.4797 10.0613 -20.3647 1.9718 -8.8071 -25.1939 0.0000 0.0000 0.0000 14.1070 12.7145 -16.4624 0.0000 0.0000 -0.0000 0.1632 -7.8125 0.5199 -1.8271 8.4962 -24.2318 -3.0911 0.9730 11.5119 -2.9948 1.0315 4.2794 -1.5066 0.5821 -1.9755 3.5310 4.4691 -19.6333 -2.9329 8.1439 38.6226 -0.1858 3.6709 17.9578 0.0000 -0.0000 0.0000 -89.5565 -34.0244 55.8200 28.1066 -39.2142 -10.1910 -0.0000 -0.0000 2.4792 36.4444 35.2523 23.0848 -7.1250 0.0000 -0.0000 5.2128 71.2220 3.2601 0.0000 -0.0000 0.0000 81.6034 6.8775 62.8771 -61.0751 56.5897 -35.2371 0.0000 -0.0000 -6.5317 -51.1581 24.1078 -26.8967 7.1250 -0.0000 -0.0000 -12.7237 4.7585 -14.0746
-9.9818 17.7669 -6.1774 -198.1850 104.5430 -180.2420 0.0000 0.0000 0.0000 -6.5439 -13.6037 -27.6126 1.8655 8.5802 24.4907 0.5322 9.1272 -19.9941 2.0059 -8.8784 -25.4157 0.0000 0.0000 0.0000 13.8133 12.5329 -16.4285 0.0000 0.0000 -0.0000 0.1648 -7.8532 0.5247 -1.8832 8.6183 -24.6085 -3.2428 0.9495 11.7327 -2.9560 0.9803 4.3429 -1.3784 0.5575 -2.0322 3.6332 4.5206 -19.5629 -2.9707 8.2469 38.8385 -0.1979 3.7238 18.0775 -0.0000 0.0000 0.0000 -89.4112 -34.3844 56.9327 28.1371 -39.2422 -10.2103 -0.0000 -0.0000 1.2555 36.5605 36.0898 23.5976 -7.1250 0.0000 -0.0000 4.9272 72.1513 3.1821 -0.0000 0.0000 0.0000 81.5307 6.6603 62.6717 -60.5953 56.4665 -34.8368 0.0000 -0.0000 -5.5234 -51.9831 24.4234 -27.8745 7.1250 -0.0000 -0.0000 -13.0885 5.5882 -14.6725
-9.9578 17.7637 -6.1902 -197.8500 104.9550 -179.7990 0.0000 0.0000 0.0000 -6.7260 -12.9062 -27.8446 1.8822 8.6162 24.6020 0.5540 8.7682 -19.8845 1.9765 -8.8170 -25.2246 0.0000 0.0000 0.0000 13.6686 12.9611 -16.4543 0.0000 -0.0000 0.0000 0.1644 -7.8992 0.6503 -1.9447 8.7499 -25.0160 -3.3097 1.0925 11.5838 -2.9214 1.1710 4.3813 -1.3260 0.6497 -1.9129 3.6512 4.4793 -19.4153 -3.0805 8.2279 38.8130 -0.2602 3.7081 18.0326 -0.0000 0.0000 0.0000 -89.3130 -34.4673 57.7362 28.0916 -39.2004 -10.1815 -0.0000 -0.0000 0.3406 37.3838 36.0265 24.2000 -7.1250 0.0000 -0.0000 6.4177 72.3578 4.1758 -0.0000 0.0000 0.0000 81.7067 6.9536 62.6416 -58.6634 55.9431 -33.2313 0.0000 -0.0000 -5.4898 -50.3973 24.4855 -26.6086 7.1250 -0.0000 -0.0000 -12.1996 4.8541 -13.4865
-9.9357 17.7687 -6.2090 -196.6460 105.2640 -178.7470 0.0000 0.0000 0.0000 -7.2238 -12.5608 -27.5376 1.8524 8.5515 24.4022 0.5435 8.8125 -19.8168 1.9789 -8.8220 -25.2401 0.0000 0.0000 0.0000 13.3035 13.2181 -16.2791 0.0000 0.0000 -0.0000 0.1666 -8.0023 0.7607 -1.9410 8.7421 -24.9919 -3.5939 1.2195 11.7921 -2.9477 1.3090 4.5214 -1.2154 0.7187 -1.8842 3.6187 4.5195 -19.3689 -3.0672 8.2729 38.6861 -0.2423 3.7230 17.9473 -0.0000 -0.0000 0.0000 -89.2596 -34.3507 58.1141 28.0492 -39.1615 -10.1547 -0.0000 -0.0000 0.0358 39.0628 35.2937 25.1226 -7.1250 0.0000 -0.0000 9.8037 72.1259 6.3392 -0.0000 -0.0000 0.0000 81.6387 7.4937 63.7641 -55.9108 55.1180 -30.9618 0.0000 -0.0000 -7.4255 -51.6402 25.8573 -28.8571 7.1250 -0.0000 -0.0000 -12.4930 7.2139 -14.2868
-9.9127 17.7702 -6.2262 -195.1910 105.5810 -177.1010 0.0000 0.0000 0.0000 -7.6908 -12.4183 -27.5966 1.8293 8.5010 24.2465 0.5210 9.0090 -19.7660 2.1308 -9.1334 -26.2134 0.0000 0.0000 0.0000 12.7458 13.5633 -16.5184 0.0000 0.0000 -0.0000 0.1661 -8.0706 0.9258 -2.1034 9.0782 -26.0401 -3.9807 1.5006 11.8255 -3.0406 1.6406 4.5887 -1.1396 0.8823 -1.8395 3.5208 4.3766 -19.4202 -2.9059 7.9970 38.5856 -0.2097 3.6214 17.8709 -0.0000 -0.0000 0.0000 -89.7600 -34.4191 58.4901 28.3439 -39.4309 -10.3414 -0.0000 -0.0000 0.4169 38.1948 35.4946 24.5520 -7.1250 0.0000 -0.0000 8.1405 72.0569 5.2469 -0.0000 -0.0000 0.0000 81.5468 7.3017 64.9251 -53.6822 54.3768 -29.1418 0.0000 -0.0000 -7.0492 -56.9366 27.5853 -35.4257 7.1250 -0.0000 -0.0000 -14.7929 12.5238 -18.1917
-9.8908 17.7720 -6.2364 -195.1520 105.3410 -177.0980 0.0000 0.0000 0.0000 -7.8197 -12.5505 -27.4842 1.8239 8.4891 24.2099 0.5399 8.8906 -19.8521 2.1044 -9.0803 -26.0468 0.0000 0.0000 0.0000 12.6809 13.2810 -16.4491 0.0000 -0.0000 0.0000 0.1706 -8.1677 0.9167 -2.0212 8.9101 -25.5145 -4.1117 1.4413 12.1718 -2.8618 1.5456 4.7573 -0.8744 0.8345 -1.8578 3.3997 4.3420 -19.3181 -3.1690 8.0861 38.4488 -0.2947 3.6041 17.7842 0.0000 -0.0000 0.0000 -90.1296 -34.2796 58.2848 28.9461 -39.9727 -10.7261 -0.0000 -0.0000 0.5872 40.8753 35.1139 26.4653 -7.1250 0.0000 -0.0000 13.2877 72.5243 8.7275 0.0000 -0.0000 0.0000 81.1389 7.0145 65.4145 -53.8804 54.4455 -29.3030 0.0000 -0.0000 -6.2512 -59.0349 27.8362 -37.8902 7.1250 -0.0000 -0.0000 -15.8117 14.2798 -19.8848
-9.8742 17.7717 -6.2311 -195.3120 105.2320 -177.3210 0.0000 0.0000 0.0000 -7.8642 -12.4459 -27.4230 1.8298 8.5022 24.2501 0.5592 8.7105 -19.8860 2.0940 -9.0593 -25.9810 0.0000 0.0000 0.0000 12.7563 13.1614 -16.3276 0.0000 0.0000 -0.0000 0.1726 -8.2644 1.0205 -2.0505 8.9704 -25.7027 -4.2028 1.3207 12.3231 -2.8269 1.3816 4.8956 -0.7663 0.7533 -1.7949 3.3420 4.4505 -19.1298 -3.0558 8.2428 38.4782 -0.2062 3.6768 17.7480 0.0000 0.0000 0.0000 -89.8417 -34.0855 58.0666 29.5119 -40.4713 -11.0914 -0.0000 -0.0000 0.3966 40.9587 35.2086 26.5862 -7.1250 0.0000 -0.0000 13.4300 72.6545 8.8598 0.0000 0.0000 0.0000 81.4045 7.2172 65.0764 -53.6841 54.3774 -29.1433 0.0000 -0.0000 -6.0381 -55.8768 25.5815 -32.5053 7.1250 -0.0000 -0.0000 -14.8522 9.3133 -17.6135
-9.8567 17.7696 -6.2283 -195.5860 105.3530 -177.7120 0.0000 0.0000 0.0000 -7.8986 -11.9233 -27.4850 1.8671 8.5835 24.5009 0.5951 8.2831 -19.8714 2.1167 -9.1051 -26.1247 0.0000 0.0000 0.0000 12.8761 13.2640 -16.1217 0.0000 -0.0000 0.0000 0.1722 -8.2586 1.0247 -2.0565 8.9827 -25.7413 -4.0713 1.4663 12.4048 -2.9578 1.5898 4.9805 -1.0061 0.8604 -1.7469 3.4782 4.2826 -19.1113 -2.9175 7.8971 38.6073 -0.2378 3.5814 17.7960 -0.0000 0.0000 0.0000 -89.7140 -34.1865 58.8070 29.4594 -40.4255 -11.0574 -0.0000 -0.0000 0.1263 40.7680 35.2775 26.4712 -7.1250 0.0000 -0.0000 13.0410 72.6671 8.6043 -0.0000 0.0000 0.0000 81.6525 8.0600 64.7130 -52.0446 53.7876 -27.8155 0.0000 -0.0000 -7.7005 -50.9888 23.6990 -26.3882 7.1250 -0.0000 -0.0000 -12.7429 4.1518 -13.9717
-9.8453 17.7631 -6.2213 -196.2120 105.3360 -178.5250 0.0000 0.0000 0.0000 -7.8497 -11.4339 -27.5690 1.9166 8.6901 24.8306 0.6372 7.7340 -19.8286 2.0795 -9.0297 -25.8884 0.0000 0.0000 0.0000 13.1399 13.2153 -15.8279 0.0000 0.0000 -0.0000 0.1804 -8.3425 0.8280 -2.0069 8.8804 -25.4220 -3.8959 1.6487 12.5982 -2.9333 1.8419 5.0148 -1.1196 0.9883 -1.8148 3.5456 4.2047 -18.7677 -2.8829 7.7387 38.4551 -0.2772 3.5466 17.6144 -0.0000 -0.0000 0.0000 -89.9671 -34.4273 59.7590 29.0416 -40.0576 -10.7874 -0.0000 0.0000 -0.2295 40.7736 34.9606 26.2963 -7.1250 0.0000 -0.0000 13.1244 72.3240 8.5620 -0.0000 -0.0000 0.0000 81.1435 8.2201 65.1710 -51.4141 53.5501 -27.3076 0.0000 -0.0000 -8.4688 -52.2478 24.2871 -27.9759 7.1250 -0.0000 -0.0000 -13.2719 5.5547 -14.8820
-9.8390 17.7619 -6.2119 -196.7630 105.3550 -178.9970 0.0000 0.0000 0.0000 -7.7207 -11.1791 -27.8090 1.9461 8.7528 25.0251 0.6554 7.5280 -19.8426 2.0923 -9.0557 -25.9698 0.0000 0.0000 0.0000 13.3155 13.2775 -15.8502 0.0000 0.0000 -0.0000 0.1814 -8.3558 0.8127 -1.9352 8.7298 -24.9538 -3.9865 1.7038 12.5367 -2.8055 1.9137 5.0749 -0.9424 1.0203 -1.7263 3.5637 4.3519 -18.7344 -3.0955 8.0618 38.4648 -0.3105 3.6491 17.6445 0.0000 -0.0000 0.0000 -90.2100 -34.7928 59.7060 28.7658 -39.8117 -10.6104 -0.0000 -0.0000 0.4646 40.2294 35.7530 26.3022 -7.1250 0.0000 -0.0000 11.8577 73.0061 7.9045 0.0000 -0.0000 0.0000 80.9268 7.7750 65.2683 -53.1207 54.1791 -28.6859 0.0000 -0.0000 -7.6806 -54.5398 25.0708 -30.7497 7.1250 -0.0000 -0.0000 -14.2885 7.8456 -16.5957
-9.8337 17.7625 -6.2069 -196.8320 105.2830 -178.9410 0.0000 0.0000 0.0000 -7.6258 -11.4456 -27.8346 1.9343 8.7278 24.9474 0.6483 7.6937 -19.9085 2.0477 -8.9648 -25.6852 0.0000 0.0000 0.0000 13.2998 13.2485 -15.9708 0.0000 0.0000 -0.0000 0.1813 -8.3567 0.8192 -1.8928 8.6392 -24.6730 -4.0320 1.6696 12.5524 -2.8250 1.8615 5.0612 -0.9307 0.9945 -1.7489 3.7420 4.4961 -18.7507 -3.3994 8.3463 38.4424 -0.4199 3.7443 17.6855 0.0000 -0.0000 0.0000 -90.2815 -34.6276 59.3821 29.0883 -40.0990 -10.8175 -0.0000 -0.0000 0.6484 40.9925 35.6112 26.8410 -7.1250 0.0000 -0.0000 13.4061 73.1030 8.9742 0.0000 -0.0000 0.0000 80.9361 7.5102 65.2546 -54.3457 54.6046 -29.6819 0.0000 -0.0000 -6.8563 -55.7964 26.0724 -32.8878 7.1250 -0.0000 -0.0000 -14.6606 9.8891 -17.4922
-9.8275 17.7674 -6.2125 -195.5710 105.2600 -177.6250 0.0000 0.0000 0.0000 -8.0012 -11.6796 -27.6534 1.8901 8.6333 24.6548 0.6122 8.0104 -19.8093 2.0973 -9.0659 -26.0016 0.0000 0.0000 0.0000 12.8739 13.2308 -16.0786 0.0000 -0.0000 0.0000 0.1795 -8.3305 0.8483 -1.8829 8.6177 -24.6066 -4.3435 1.6816 12.5069 -2.9400 1.8436 5.0513 -0.8726 0.9847 -1.7382 3.7022 4.4598 -18.7385 -3.4310 8.2947 38.3147 -0.4397 3.7137 17.6078 0.0000 0.0000 0.0000 -90.2893 -34.4471 59.2497 29.3447 -40.3251 -10.9831 -0.0000 -0.0000 0.8259 40.9826 35.6846 26.8743 -7.1250 0.0000 -0.0000 13.3692 73.1795 8.9713 0.0000 0.0000 0.0000 80.9449 7.7998 65.1818 -52.9338 54.1123 -28.5345 0.0000 -0.0000 -4.9511 -55.5161 25.3533 -31.9398 7.1250 -0.0000 -0.0000 -14.7282 8.7970 -17.3467
-9.8265 17.7656 -6.2126 -195.5650 105.3840 -177.6490 0.0000 0.0000 0.0000 -8.0113 -11.4509 -27.6947 1.8990 8.6524 24.7138 0.6278 7.8566 -19.8365 2.0581 -8.9860 -25.7517 0.0000 0.0000 0.0000 12.8809 13.3677 -16.0245 0.0000 0.0000 -0.0000 0.1831 -8.3920 0.8127 -1.9067 8.6691 -24.7655 -4.3179 1.8309 12.5912 -2.9943 2.0294 4.9700 -0.9745 1.0788 -1.8692 3.7450 4.3157 -18.6908 -3.2866 8.0412 38.5248 -0.4328 3.6442 17.6904 0.0000 -0.0000 0.0000 -90.4147 -34.3342 59.5983 29.3349 -40.3164 -10.9767 -0.0000 -0.0000 0.9755 40.5972 35.8993 26.6806 -7.1250 0.0000 -0.0000 12.5413 73.2854 8.4396 0.0000 -0.0000 0.0000 80.8956 8.0083 65.1297 -51.7161 53.6646 -27.5507 0.0000 -0.0000 -5.8425 -50.6175 22.8312 -25.2989 7.1250 -0.0000 -0.0000 -12.7723 2.8550 -13.7315
-9.8250 17.7618 -6.2134 -196.1850 105.4930 -178.3570 0.0000 0.0000 0.0000 -7.8898 -11.0821 -27.8353 1.9419 8.7440 24.9979 0.6513 7.5362 -19.8077 2.0852 -9.0413 -25.9245 0.0000 0.0000 0.0000 13.1026 13.4799 -15.8645 0.0000 -0.0000 0.0000 0.1828 -8.3829 0.8037 -1.9259 8.7100 -24.8922 -4.2007 1.8796 12.5826 -2.9304 2.1167 5.0712 -0.9832 1.1215 -1.7588 3.7100 4.3529 -18.7801 -3.1989 8.0707 38.5415 -0.3783 3.6597 17.7161 -0.0000 -0.0000 0.0000 -90.5711 -34.5766 59.6108 29.1326 -40.1382 -10.8461 -0.0000 -0.0000 1.0464 40.3920 35.8865 26.5072 -7.1250 0.0000 -0.0000 12.1369 73.2040 8.1440 -0.0000 -0.0000 0.0000 80.2555 7.6351 65.6304 -52.9274 54.1100 -28.5293 0.0000 -0.0000 -6.2888 -51.0240 23.6697 -26.3902 7.1250 -0.0000 -0.0000 -12.7704 4.1320 -13.9992
-9.8243 17.7618 -6.2145 -196.1230 105.4950 -178.2820 0.0000 0.0000 0.0000 -7.8774 -11.1743 -27.8608 1.9542 8.7701 25.0787 0.6596 7.5282 -19.8852 2.0356 -8.9398 -25.6071 0.0000 0.0000 0.0000 13.0656 13.4993 -15.8806 0.0000 0.0000 -0.0000 0.1828 -8.3981 0.8349 -1.9096 8.6752 -24.7844 -4.2640 1.8907 12.5271 -2.9127 2.1309 5.1069 -0.9284 1.1271 -1.6942 3.7522 4.4545 -18.8045 -3.2654 8.2444 38.5584 -0.3787 3.7245 17.7492 -0.0000 -0.0000 0.0000 -90.6925 -34.5690 59.4480 29.0387 -40.0550 -10.7856 -0.0000 -0.0000 1.3585 40.2686 35.1072 25.9747 -7.1250 0.0000 -0.0000 12.1210 72.3189 7.9003 -0.0000 -0.0000 0.0000 79.9344 6.7546 65.8199 -55.9728 55.1376 -31.0126 0.0000 -0.0000 -6.3551 -51.8365 23.9763 -27.3420 7.1250 -0.0000 -0.0000 -13.1336 4.9401 -14.5901
-9.8243 17.7619 -6.2173 -196.3620 105.2970 -178.5520 0.0000 0.0000 0.0000 -7.8511 -11.2955 -27.8118 1.9440 8.7484 25.0115 0.6453 7.5324 -19.7434 2.0549 -8.9795 -25.7312 0.0000 0.0000 0.0000 13.1278 13.2978 -15.8329 0.0000 -0.0000 0.0000 0.1833 -8.3519 0.7140 -1.7977 8.4313 -24.0319 -4.1616 1.7919 12.5688 -2.9212 2.0113 5.1137 -0.9790 1.0696 -1.7045 3.9390 4.5364 -18.6578 -3.4577 8.4148 38.6506 -0.4662 3.7974 17.7992 -0.0000 0.0000 0.0000 -90.6081 -34.5124 59.4430 29.0898 -40.1003 -10.8185 -0.0000 -0.0000 0.7719 40.7510 35.4392 26.5485 -7.1250 0.0000 -0.0000 12.9686 72.8372 8.6040 -0.0000 0.0000 0.0000 79.9818 5.8762 65.9526 -59.1232 56.0717 -33.6126 0.0000 -0.0000 -6.2775 -52.9275 24.3541 -28.6258 7.1250 -0.0000 -0.0000 -13.6238 6.0081 -15.3962
-9.8226 17.7622 -6.2254 -196.0070 104.7640 -178.2710 0.0000 0.0000 0.0000 -8.0426 -11.7230 -27.6809 1.9192 8.6956 24.8478 0.6369 7.4910 -19.6233 2.0290 -8.9262 -25.5648 0.0000 0.0000 0.0000 13.0057 12.7363 -15.8067 0.0000 0.0000 -0.0000 0.1858 -8.3678 0.6328 -1.8419 8.5286 -24.3316 -4.0612 1.5908 12.6676 -2.9787 1.7581 5.1563 -1.0620 0.9477 -1.7054 3.8873 4.5928 -18.6682 -3.4217 8.5242 38.7247 -0.4168 3.8380 17.8444 0.0000 -0.0000 0.0000 -90.6889 -34.5842 59.3054 29.0679 -40.0809 -10.8044 -0.0000 -0.0000 0.6059 40.1725 35.5658 26.1531 -7.1250 0.0000 -0.0000 11.8048 72.7849 7.8122 0.0000 -0.0000 0.0000 80.3753 5.4756 65.7246 -60.9334 56.5536 -35.1188 0.0000 -0.0000 -6.3469 -53.0316 24.3487 -28.7119 7.1250 -0.0000 -0.0000 -13.6822 6.0583 -15.4766
-9.8280 17.7582 -6.2219 -196.6460 104.8750 -179.0120 0.0000 0.0000 0.0000 -7.8291 -11.6325 -27.6300 1.9408 8.7416 24.9904 0.6519 7.3993 -19.7005 1.9749 -8.8135 -25.2137 0.0000 0.0000 0.0000 13.2243 12.8600 -15.6767 0.0000 0.0000 -0.0000 0.1858 -8.3424 0.5744 -1.8584 8.5646 -24.4427 -3.9569 1.6026 12.8328 -2.9831 1.7761 5.1579 -1.1330 0.9590 -1.7904 3.8710 4.6868 -18.6767 -3.3756 8.6752 38.8057 -0.3603 3.9010 17.8969 0.0000 -0.0000 0.0000 -90.4113 -34.6024 59.3695 29.1178 -40.1251 -10.8365 -0.0000 -0.0000 0.2101 39.2244 35.7068 25.4739 -7.1250 0.0000 -0.0000 9.9456 72.6249 6.5399 0.0000 -0.0000 0.0000 80.8705 5.7517 65.6721 -60.7659 56.5106 -34.9791 0.0000 -0.0000 -6.1906 -53.6201 24.4419 -29.3202 7.1250 -0.0000 -0.0000 -13.9752 6.5062 -15.9252
-9.8328 17.7576 -6.2244 -196.4540 104.8680 -178.8810 0.0000 0.0000 0.0000 -7.9281 -11.5207 -27.6623 1.9488 8.7587 25.0434 0.6429 7.4053 -19.6135 2.0867 -9.0444 -25.9344 0.0000 0.0000 0.0000 13.1735 12.8607 -15.6384 0.0000 0.0000 -0.0000 0.1870 -8.3497 0.5315 -1.8555 8.5584 -24.4234 -3.9236 1.6976 12.9314 -3.0841 1.9022 5.1932 -1.2778 1.0247 -1.8030 3.9086 4.6479 -18.8074 -3.3863 8.6266 38.9247 -0.3761 3.8834 17.9997 0.0000 0.0000 0.0000 -90.4543 -34.7809 59.8536 29.2034 -40.2007 -10.8917 -0.0000 -0.0000 0.4777 41.0883 35.8027 27.0267 -7.1250 0.0000 -0.0000 13.5541 73.3421 9.1442 0.0000 0.0000 0.0000 81.0027 5.9938 65.3605 -60.5024 56.4423 -34.7595 0.0000 -0.0000 -5.9860 -53.8736 24.1905 -29.3096 7.1250 -0.0000 -0.0000 -14.1851 6.3251 -16.1393
-9.8349 17.7577 -6.2235 -196.4700 104.9070 -178.9160 0.0000 0.0000 0.0000 -7.9277 -11.4585 -27.6403 1.9482 8.7573 25.0389 0.6426 7.4347 -19.6345 2.1272 -9.1261 -26.1907 0.0000 0.0000 0.0000 13.1863 12.9188 -15.6140 0.0000 0.0000 -0.0000 0.1882 -8.3893 0.5628 -1.8269 8.4958 -24.2303 -3.9851 1.7931 12.9264 -3.0855 2.0299 5.2888 -1.2611 1.0877 -1.7024 3.9952 4.7259 -18.7836 -3.5171 8.7591 38.8298 -0.4245 3.9311 17.9631 -0.0000 0.0000 0.0000 -90.6456 -35.0545 60.1123 29.2110 -40.2074 -10.8967 -0.0000 -0.0000 0.7023 41.1957 36.6229 27.5717 -7.1250 0.0000 -0.0000 13.5695 74.2636 9.4230 -0.0000 0.0000 0.0000 81.1713 6.6627 65.0189 -58.4726 55.8890 -33.0733 0.0000 -0.0000 -4.4254 -53.5204 23.5516 -28.3867 7.1250 -0.0000 -0.0000 -14.1754 5.2967 -15.8982
-9.8415 17.7588 -6.2176 -196.3870 104.8780 -178.7360 0.0000 0.0000 0.0000 -7.8966 -11.5760 -27.6786 1.9315 8.7219 24.9291 0.6221 7.4629 -19.4460 2.0141 -8.8954 -25.4688 0.0000 0.0000 0.0000 13.1414 12.9388 -15.7332 0.0000 -0.0000 0.0000 0.1885 -8.3901 0.5528 -1.8489 8.5440 -24.3789 -4.0922 1.7671 12.8569 -3.1211 1.9815 5.2279 -1.2301 1.0626 -1.7301 4.1710 4.8594 -18.5856 -3.6461 8.9853 38.8833 -0.4716 4.0347 17.9781 -0.0000 -0.0000 0.0000 -90.6731 -35.0842 59.8518 29.0981 -40.1077 -10.8239 -0.0000 -0.0000 1.1989 41.2403 36.8160 27.7150 -7.1250 0.0000 -0.0000 13.6113 74.4863 9.5169 -0.0000 -0.0000 0.0000 81.2421 7.1351 64.6822 -57.5624 55.6246 -32.3209 0.0000 -0.0000 -4.3044 -49.1212 20.3448 -21.8833 7.1250 -0.0000 -0.0000 -12.5725 -1.0582 -12.6482
-9.8494 17.7609 -6.2045 -196.5870 104.7580 -178.8890 0.0000 0.0000 0.0000 -7.7164 -11.9557 -27.6224 1.9216 8.7009 24.8640 0.6030 7.7599 -19.4980 2.0351 -8.9388 -25.6040 0.0000 0.0000 0.0000 13.2216 12.8684 -15.7959 0.0000 -0.0000 0.0000 0.1864 -8.3650 0.5966 -1.8778 8.6067 -24.5725 -4.1765 1.7688 12.7998 -3.1595 1.9699 5.1467 -1.2211 1.0564 -1.7853 4.1251 4.7518 -18.5802 -3.4147 8.7645 39.0249 -0.4028 3.9746 18.0219 -0.0000 -0.0000 0.0000 -90.6514 -35.0215 59.9517 29.0370 -40.0536 -10.7845 -0.0000 -0.0000 1.2694 40.4995 36.9060 27.1520 -7.1250 0.0000 -0.0000 12.0166 74.3375 8.3555 -0.0000 -0.0000 0.0000 80.9005 7.1268 64.9787 -57.8731 55.7160 -32.5774 0.0000 -0.0000 -4.4916 -48.9461 19.9724 -21.4143 7.1250 -0.0000 -0.0000 -12.5652 -1.6200 -12.5123
-9.8544 17.7613 -6.1973 -197.1970 104.6250 -179.4110 0.0000 0.0000 0.0000 -7.4781 -12.1803 -27.6979 1.9250 8.7081 24.8865 0.5913 7.8610 -19.4631 2.0360 -8.9407 -25.6101 0.0000 0.0000 0.0000 13.3855 12.7901 -15.8925 0.0000 -0.0000 0.0000 0.1872 -8.3842 0.6024 -1.7862 8.4057 -23.9534 -4.0593 1.8081 12.7781 -3.1734 2.0299 5.0771 -1.3105 1.0872 -1.8433 4.1398 4.7312 -18.5228 -3.3470 8.7142 39.0549 -0.3857 3.9702 18.0163 -0.0000 0.0000 0.0000 -90.6791 -34.9499 60.3170 28.9139 -39.9441 -10.7054 -0.0000 -0.0000 1.2259 38.6302 37.0661 25.7191 -7.1250 0.0000 -0.0000 8.1720 73.8822 5.5916 -0.0000 0.0000 0.0000 80.5858 6.1839 64.4597 -61.2729 56.6397 -35.4023 0.0000 -0.0000 -4.5985 -48.4905 19.9851 -21.1155 7.1250 -0.0000 -0.0000 -12.2984 -1.7934 -12.1944
-9.8572 17.7630 -6.1838 -197.6620 104.5020 -179.9420 0.0000 0.0000 0.0000 -7.3437 -12.2010 -27.6226 1.9210 8.6995 24.8599 0.5863 7.7841 -19.3443 2.0060 -8.8786 -25.4162 0.0000 0.0000 0.0000 13.5719 12.6773 -15.7889 0.0000 0.0000 -0.0000 0.1898 -8.4106 0.5363 -1.8020 8.4408 -24.0613 -4.0370 1.7698 12.6895 -3.2240 1.9997 5.2025 -1.3654 1.0731 -1.6612 4.3327 4.7471 -18.5817 -3.4551 8.7423 39.2117 -0.4594 3.9928 18.1457 0.0000 -0.0000 0.0000 -90.4123 -35.1608 60.3648 28.8967 -39.9287 -10.6943 -0.0000 -0.0000 1.2788 41.1408 36.4408 27.4256 -7.1250 0.0000 -0.0000 13.5028 74.0493 9.3143 0.0000 -0.0000 0.0000 80.5381 5.8491 64.5283 -63.9618 57.2764 -37.6565 0.0000 -0.0000 -4.4658 -49.4894 20.2840 -22.0849 7.1250 -0.0000 -0.0000 -12.7995 -0.9789 -12.9070
-9.8595 17.7613 -6.1775 -197.6780 104.3980 -179.9890 0.0000 0.0000 0.0000 -7.2797 -12.4729 -27.5061 1.9171 8.6912 24.8339 0.5740 8.0012 -19.4039 2.0435 -8.9561 -25.6580 0.0000 0.0000 0.0000 13.5947 12.5869 -15.7554 0.0000 0.0000 -0.0000 0.1893 -8.3935 0.5220 -1.7821 8.3967 -23.9256 -4.1557 1.6846 12.7197 -3.2084 1.8680 5.1501 -1.2664 1.0067 -1.7352 4.3961 4.8564 -18.4010 -3.5996 8.9812 39.2637 -0.4912 4.0820 18.1598 -0.0000 0.0000 0.0000 -90.5268 -35.1233 59.8163 28.8213 -39.8614 -10.6460 -0.0000 -0.0000 1.4251 40.8511 36.8621 27.4179 -7.1250 0.0000 -0.0000 12.7698 74.4070 8.9022 -0.0000 0.0000 0.0000 80.5981 5.6698 64.7155 -65.0303 57.5078 -38.5565 0.0000 -0.0000 -3.3650 -51.5152 21.7103 -24.9525 7.1250 -0.0000 -0.0000 -13.5753 1.8346 -14.4085
-9.8638 17.7600 -6.1734 -197.7430 104.5100 -180.0980 0.0000 0.0000 0.0000 -7.2528 -12.3237 -27.5175 1.9276 8.7136 24.9034 0.5749 7.9399 -19.3598 2.0112 -8.8893 -25.4497 0.0000 0.0000 0.0000 13.6404 12.7196 -15.7007 0.0000 -0.0000 0.0000 0.1891 -8.4023 0.5506 -1.7989 8.4339 -24.0399 -4.2142 1.7027 12.7720 -3.2117 1.8776 5.1086 -1.2412 1.0114 -1.8085 4.3453 4.7895 -18.4837 -3.6533 8.9392 39.3792 -0.5124 4.0486 18.2476 -0.0000 0.0000 0.0000 -90.5160 -35.0417 59.5675 28.8474 -39.8847 -10.6627 -0.0000 -0.0000 1.5592 40.8758 37.1354 27.5869 -7.1250 0.0000 -0.0000 12.7322 74.7087 8.9576 -0.0000 0.0000 0.0000 80.8840 6.2003 64.8671 -62.4075 56.9181 -36.3515 0.0000 -0.0000 -2.6463 -52.1371 22.0200 -25.7462 7.1250 -0.0000 -0.0000 -13.8387 2.5533 -14.8744
-9.8647 17.7573 -6.1729 -197.9400 104.4600 -180.3990 0.0000 0.0000 0.0000 -7.2820 -12.0832 -27.5499 1.9435 8.7473 25.0081 0.5949 7.6313 -19.3042 2.0143 -8.8958 -25.4698 0.0000 0.0000 0.0000 13.7205 12.6591 -15.5765 0.0000 -0.0000 0.0000 0.1910 -8.4327 0.5281 -1.7705 8.3707 -23.8457 -4.1166 1.6994 12.8626 -3.1769 1.8705 5.0154 -1.2636 1.0088 -1.9539 4.5210 4.6898 -18.2287 -4.0941 8.9283 39.3368 -0.7564 4.0216 18.2036 -0.0000 0.0000 0.0000 -90.5606 -34.8676 59.7498 28.7235 -39.7738 -10.5834 -0.0000 -0.0000 1.1045 38.9586 37.3040 26.1067 -7.1250 0.0000 -0.0000 8.6907 74.2460 6.0158 -0.0000 0.0000 0.0000 81.2487 6.9929 64.3968 -57.7411 55.6773 -32.4684 0.0000 -0.0000 -2.1982 -49.5682 20.4617 -22.3081 7.1250 -0.0000 -0.0000 -12.7995 -0.7112 -12.9687
-9.8734 17.7539 -6.1663 -197.3770 105.0020 -179.7130 0.0000 0.0000 0.0000 -7.3346 -11.5940 -27.8005 1.9650 8.7928 25.1492 0.5956 7.6297 -19.3098 2.0242 -8.9164 -25.5341 0.0000 0.0000 0.0000 13.5746 13.2917 -15.7178 0.0000 0.0000 -0.0000 0.1872 -8.4389 0.7232 -1.8906 8.6343 -24.6579 -4.3307 1.9976 12.6903 -3.2284 2.2298 4.8456 -1.2472 1.1839 -2.0467 4.4801 4.5944 -18.3399 -3.8446 8.7385 39.6131 -0.6680 3.9757 18.3583 0.0000 -0.0000 0.0000 -90.6211 -34.9108 60.1565 28.4875 -39.5612 -10.4327 -0.0000 -0.0000 1.2593 37.6510 37.4074 25.1117 -7.1250 0.0000 -0.0000 6.0768 73.9122 4.1588 0.0000 -0.0000 0.0000 81.0887 7.6924 64.4743 -54.3311 54.5996 -29.6700 0.0000 -0.0000 -2.4172 -50.2413 21.2040 -23.4970 7.1250 -0.0000 -0.0000 -12.9916 0.5639 -13.4685
-9.8670 17.7548 -6.1716 -196.6120 104.8690 -179.0160 0.0000 0.0000 0.0000 -7.6147 -11.7268 -27.6681 1.9482 8.7574 25.0395 0.5897 7.6357 -19.2531 2.0038 -8.8740 -25.4021 0.0000 0.0000 0.0000 13.3197 13.1362 -15.6852 0.0000 -0.0000 0.0000 0.1887 -8.4318 0.6358 -1.7586 8.3441 -23.7641 -4.3364 1.9977 12.8571 -3.2945 2.2113 4.7648 -1.3193 1.1775 -2.2188 4.5875 4.6539 -18.4517 -3.7831 8.8009 39.8141 -0.6392 4.0236 18.5140 0.0000 0.0000 0.0000 -90.4452 -34.8881 60.8187 28.3490 -39.4356 -10.3446 -0.0000 -0.0000 1.3110 37.3535 38.2727 25.3036 -7.1250 0.0000 -0.0000 4.8787 74.7192 3.4223 0.0000 0.0000 0.0000 80.4347 6.7232 64.6809 -57.4955 55.6048 -32.2656 0.0000 -0.0000 -3.6772 -50.7311 21.8658 -24.4906 7.1250 -0.0000 -0.0000 -13.0938 1.6583 -13.8294
-9.8609 17.7572 -6.1794 -197.9540 104.3420 -180.2970 0.0000 0.0000 0.0000 -7.2868 -12.1746 -27.7326 1.9512 8.7638 25.0591 0.5922 7.5899 -19.2402 2.1109 -9.0934 -26.0880 0.0000 0.0000 0.0000 13.6436 12.6053 -15.6918 0.0000 0.0000 -0.0000 0.1935 -8.4566 0.4606 -1.6737 8.1505 -23.1721 -3.8434 1.6898 12.9512 -3.1820 1.8599 4.7496 -1.4293 1.0055 -2.2735 4.7298 4.8105 -18.2535 -3.8945 9.0497 39.7850 -0.6691 4.1319 18.4803 0.0000 -0.0000 0.0000 -90.1536 -34.8549 60.4833 28.3794 -39.4631 -10.3639 -0.0000 -0.0000 1.6438 36.8211 38.3266 24.9046 -7.1250 0.0000 -0.0000 3.8053 74.5912 2.6583 0.0000 -0.0000 0.0000 80.0089 6.0052 65.2166 -60.4087 56.4179 -34.6814 0.0000 -0.0000 -4.2028 -52.3941 22.4984 -26.4175 7.1250 -0.0000 -0.0000 -13.8505 3.3144 -15.0647
-9.8564 17.7594 -6.1803 -198.1210 104.3110 -180.4410 0.0000 0.0000 0.0000 -7.2637 -12.1894 -27.7294 1.9483 8.7576 25.0398 0.5947 7.5757 -19.2544 2.0276 -8.9234 -25.5561 0.0000 0.0000 0.0000 13.6773 12.5900 -15.6922 0.0000 0.0000 -0.0000 0.1940 -8.4604 0.4419 -1.6776 8.1595 -23.1996 -3.8047 1.5997 12.9718 -3.0979 1.7454 4.7474 -1.3468 0.9478 -2.2885 4.4527 4.8301 -18.3662 -3.7806 9.1430 39.8624 -0.5439 4.1374 18.5343 -0.0000 -0.0000 0.0000 -90.1277 -34.7790 60.2184 28.4660 -39.5417 -10.4190 -0.0000 -0.0000 1.8533 36.6521 38.5557 24.8802 -7.1250 0.0000 -0.0000 3.2853 74.7708 2.3076 -0.0000 -0.0000 0.0000 80.1893 5.7884 65.1430 -60.9448 56.5565 -35.1283 0.0000 -0.0000 -2.8730 -54.8903 23.6688 -29.7263 7.1250 -0.0000 -0.0000 -14.8866 6.2321 -16.9693
-9.8567 17.7572 -6.1851 -197.5700 104.2600 -180.0230 0.0000 0.0000 0.0000 -7.5054 -12.0593 -27.6370 1.9414 8.7429 24.9943 0.5861 7.4915 -19.0916 2.1006 -9.0725 -26.0223 0.0000 0.0000 0.0000 13.5182 12.5144 -15.5865 0.0000 -0.0000 0.0000 0.1963 -8.5006 0.4223 -1.6683 8.1379 -23.1338 -3.8610 1.6048 13.1630 -3.0935 1.7300 4.6906 -1.3160 0.9413 -2.4528 4.5804 4.8258 -18.1586 -4.0149 9.2002 39.8087 -0.6696 4.1559 18.4802 -0.0000 0.0000 0.0000 -90.0186 -34.6829 60.1823 28.5057 -39.5776 -10.4443 -0.0000 -0.0000 2.3445 34.4944 38.9256 23.3516 -7.1250 0.0000 -0.0000 -1.0769 74.3965 -0.7476 -0.0000 0.0000 0.0000 80.6302 6.3990 64.6470 -58.0422 55.7653 -32.7172 0.0000 -0.0000 -0.9051 -53.8367 21.7082 -26.8420 7.1250 -0.0000 -0.0000 -14.8658 3.0314 -16.1737
-9.8658 17.7582 -6.1832 -197.0610 104.9090 -179.4770 0.0000 0.0000 0.0000 -7.5759 -11.4609 -27.7469 1.9586 8.7794 25.1076 0.5951 7.4640 -19.1644 2.0928 -9.0568 -25.9733 0.0000 0.0000 0.0000 13.3979 13.2250 -15.6161 0.0000 0.0000 -0.0000 0.1933 -8.5189 0.6114 -1.7435 8.3100 -23.6598 -4.1536 1.8616 13.0727 -3.0730 2.0206 4.5275 -1.1756 1.0820 -2.5862 4.4859 4.6323 -18.0986 -3.7040 8.8532 40.0822 -0.5814 4.0538 18.5691 -0.0000 -0.0000 0.0000 -89.3301 -34.6510 59.8559 28.8279 -39.8673 -10.6502 -0.0000 -0.0000 3.9842 26.7357 38.8792 17.5460 -7.1250 0.0000 -0.0000 -13.2618 71.6679 -8.4624 -0.0000 -0.0000 0.0000 80.8345 7.5434 64.3890 -54.1423 54.5354 -29.5162 0.0000 -0.0000 -1.6503 -49.1334 19.0408 -20.6598 7.1250 -0.0000 -0.0000 -12.9063 -2.7699 -12.5958
-9.8755 17.7535 -6.1904 -197.1040 104.8420 -179.5890 0.0000 0.0000 0.0000 -7.5752 -11.5363 -27.7452 1.9681 8.7993 25.1695 0.5900 7.4114 -19.0658 2.0133 -8.8938 -25.4638 0.0000 0.0000 0.0000 13.4040 13.1650 -15.5824 0.0000 0.0000 -0.0000 0.1952 -8.5649 0.6239 -1.7908 8.4160 -23.9849 -4.0646 2.0224 13.0850 -3.0150 2.2423 4.5206 -1.1994 1.1912 -2.6019 4.0204 4.2071 -18.2555 -2.8520 8.0143 40.3120 -0.2718 3.7729 18.5964 0.0000 0.0000 0.0000 -88.7754 -35.2948 60.9384 29.0600 -40.0739 -10.7993 -0.0000 -0.0000 4.0767 21.8217 39.9627 14.4227 -7.1250 0.0000 -0.0000 -21.4053 71.0150 -13.4711 0.0000 0.0000 0.0000 79.8887 7.6066 64.9814 -54.2727 54.5798 -29.6224 0.0000 -0.0000 -3.1326 -50.7314 20.8496 -23.5250 7.1250 -0.0000 -0.0000 -13.3620 0.3249 -13.8179
-9.8807 17.7564 -6.1941 -197.4020 104.6440 -179.8000 0.0000 0.0000 0.0000 -7.3739 -12.2762 -27.6446 1.9548 8.7712 25.0822 0.5642 7.9983 -19.2984 2.0499 -8.9692 -25.6989 0.0000 0.0000 0.0000 13.4269 13.0055 -15.7178 0.0000 -0.0000 0.0000 0.1964 -8.6041 0.6572 -1.7811 8.3943 -23.9184 -3.9491 1.9787 12.9390 -2.9578 2.2038 4.4709 -1.1936 1.1706 -2.5734 4.0443 4.1804 -18.1861 -2.6857 7.9092 40.3892 -0.2208 3.7623 18.6066 -0.0000 -0.0000 0.0000 -88.3789 -35.7522 61.4286 28.8337 -39.8725 -10.6539 -0.0000 -0.0000 4.5790 18.8425 40.7458 12.5570 -7.1250 0.0000 -0.0000 -26.3481 70.7022 -16.5266 -0.0000 -0.0000 0.0000 79.2877 7.0259 65.2138 -56.6197 55.3398 -31.5441 0.0000 -0.0000 -4.0577 -52.3509 22.4387 -26.3245 7.1250 -0.0000 -0.0000 -13.8429 3.2136 -15.0328
-9.8859 17.7630 -6.1937 -197.3160 104.3680 -179.6330 0.0000 0.0000 0.0000 -7.2728 -13.1925 -27.2938 1.8944 8.6426 24.6836 0.5256 8.7095 -19.5333 1.9724 -8.8083 -25.1973 0.0000 0.0000 0.0000 13.3486 12.7558 -15.8369 0.0000 -0.0000 0.0000 0.1968 -8.6272 0.6867 -1.6478 8.0903 -22.9888 -3.9492 1.8879 12.9990 -2.9542 2.0726 4.3682 -1.1747 1.1063 -2.7127 4.0313 4.1907 -18.1269 -2.8385 7.9901 40.3070 -0.2757 3.7731 18.5566 0.0000 0.0000 0.0000 -88.5276 -35.8240 61.4916 28.7322 -39.7816 -10.5889 -0.0000 -0.0000 5.1868 17.8343 41.0552 11.9314 -7.1250 0.0000 -0.0000 -28.0708 70.6271 -17.6145 0.0000 0.0000 0.0000 79.3622 6.2090 65.0732 -58.0379 55.7640 -32.7137 0.0000 -0.0000 -2.7136 -55.4544 24.6743 -31.2315 7.1250 -0.0000 -0.0000 -14.8970 7.8830 -17.3575
-9.8993 17.7690 -6.1926 -197.4750 104.1640 -179.6990 0.0000 0.0000 0.0000 -7.1613 -13.6468 -27.2236 1.8636 8.5760 24.4778 0.4899 9.0215 -19.4491 1.9479 -8.7567 -25.0372 0.0000 0.0000 0.0000 13.3612 12.6035 -15.9816 0.0000 -0.0000 0.0000 0.1974 -8.6471 0.7033 -1.6406 8.0736 -22.9378 -3.8977 1.8638 13.0223 -2.9397 2.0436 4.3339 -1.1857 1.0922 -2.7601 3.9685 4.2034 -18.1179 -2.9389 8.0658 40.2109 -0.2970 3.7800 18.5048 0.0000 -0.0000 0.0000 -89.2515 -35.7189 60.9810 28.8259 -39.8655 -10.6489 -0.0000 -0.0000 4.5705 18.3027 41.5475 12.3735 -7.1250 0.0000 -0.0000 -28.3944 71.1931 -18.1745 0.0000 -0.0000 0.0000 79.6975 6.0311 64.7582 -56.7683 55.3854 -31.6664 0.0000 -0.0000 -0.3918 -57.8611 24.7189 -33.6482 7.1250 -0.0000 -0.0000 -16.1691 9.4829 -19.3329
-9.9111 17.7678 -6.1850 -197.9070 104.1020 -180.2020 0.0000 0.0000 0.0000 -7.0092 -13.6771 -27.1883 1.8696 8.5889 24.5177 0.4993 8.9590 -19.4898 1.9845 -8.8338 -25.2768 0.0000 0.0000 0.0000 13.5260 12.5644 -15.9154 0.0000 -0.0000 0.0000 0.1956 -8.5873 0.6582 -1.6702 8.1424 -23.1475 -3.7320 1.9105 13.2058 -3.0189 2.1048 4.2242 -1.3808 1.1247 -2.9669 4.0797 4.0895 -18.0549 -2.8501 7.9062 40.6252 -0.3035 3.7556 18.7285 -0.0000 0.0000 0.0000 -89.6016 -35.6017 60.9960 28.7130 -39.7644 -10.5767 -0.0000 -0.0000 4.5863 18.7834 41.8316 12.7801 -7.1250 0.0000 -0.0000 -28.3491 71.5915 -18.3864 -0.0000 0.0000 0.0000 80.1418 6.4757 64.1501 -53.9239 54.4605 -29.3384 0.0000 0.0000 1.6638 -52.0052 20.2016 -23.8491 7.1250 -0.0000 -0.0000 -14.2531 0.0652 -14.7324
-9.9275 17.7639 -6.1803 -197.9730 104.0290 -180.3930 0.0000 0.0000 0.0000 -7.0243 -13.5243 -27.2366 1.8805 8.6126 24.5908 0.4955 8.7761 -19.2757 1.9742 -8.8121 -25.2094 0.0000 0.0000 0.0000 13.5772 12.4962 -15.8219 0.0000 -0.0000 0.0000 0.1971 -8.6064 0.6306 -1.7055 8.2237 -23.3956 -3.7858 1.8836 13.1919 -3.0523 2.0668 4.2637 -1.3781 1.1066 -2.9180 4.0029 3.9803 -17.9822 -2.3548 7.5725 40.7786 -0.1272 3.6851 18.7413 -0.0000 0.0000 0.0000 -89.7865 -35.9244 60.8584 28.4092 -39.4902 -10.3829 -0.0000 -0.0000 4.6273 18.1992 42.1230 12.4354 -7.1250 0.0000 -0.0000 -29.5886 71.6300 -19.2558 -0.0000 0.0000 0.0000 79.7695 7.2007 65.6167 -52.3425 53.8977 -28.0560 0.0000 -0.0000 -2.4686 -51.7101 19.7269 -23.1491 7.1250 -0.0000 -0.0000 -14.2115 -0.7158 -14.4875
-9.9473 17.7608 -6.1716 -197.9600 103.9790 -180.4250 0.0000 0.0000 0.0000 -6.9731 -13.5841 -27.2886 1.8897 8.6325 24.6525 0.4882 8.8000 -19.2201 1.9407 -8.7415 -24.9900 0.0000 0.0000 0.0000 13.5980 12.4857 -15.8412 0.0000 -0.0000 0.0000 0.1969 -8.6250 0.6809 -1.6160 8.0157 -22.7619 -3.9088 1.9102 13.3108 -3.0032 2.0819 4.2756 -1.2645 1.1144 -2.9756 3.9833 3.9829 -17.7749 -2.3596 7.5882 40.6961 -0.1302 3.6936 18.6343 -0.0000 -0.0000 0.0000 -89.8258 -36.2111 61.1759 28.0909 -39.1998 -10.1811 -0.0000 -0.0000 4.9669 17.9527 42.2764 12.2960 -7.1250 0.0000 -0.0000 -30.1715 71.6696 -19.6808 -0.0000 -0.0000 0.0000 79.5482 6.4092 65.2758 -54.5870 54.6859 -29.8787 0.0000 -0.0000 -3.3161 -53.9109 22.1996 -27.3999 7.1250 -0.0000 -0.0000 -14.7698 3.7296 -16.2336
-9.9512 17.7581 -6.1694 -198.7040 103.8300 -181.1200 0.0000 0.0000 0.0000 -6.7558 -13.8029 -27.3724 1.9036 8.6624 24.7448 0.4952 8.8008 -19.2958 1.9136 -8.6838 -24.8110 0.0000 0.0000 0.0000 13.7680 12.3725 -15.9134 0.0000 0.0000 -0.0000 0.1963 -8.6241 0.7047 -1.5604 7.8832 -22.3598 -3.5262 1.8925 13.3687 -3.0309 2.0963 4.1919 -1.5147 1.1218 -3.0820 4.1408 3.9379 -17.6511 -2.4430 7.5627 40.9303 -0.2010 3.7056 18.7572 0.0000 -0.0000 0.0000 -89.8115 -36.1467 61.3648 28.1547 -39.2583 -10.2214 -0.0000 -0.0000 4.6789 18.1258 42.4328 12.4550 -7.1250 0.0000 -0.0000 -30.2755 71.8555 -19.8720 0.0000 -0.0000 0.0000 79.8583 5.4283 64.3828 -55.7084 55.0535 -30.7959 0.0000 -0.0000 -0.9967 -58.8578 25.4557 -35.4252 7.1250 -0.0000 -0.0000 -16.4725 11.1315 -20.1047
-9.9645 17.7564 -6.1650 -198.4170 103.7290 -180.8240 0.0000 0.0000 0.0000 -6.8090 -13.8939 -27.4275 1.8987 8.6519 24.7124 0.4891 8.8311 -19.2593 1.8973 -8.6487 -24.7026 0.0000 0.0000 0.0000 13.6837 12.3097 -15.9845 0.0000 0.0000 -0.0000 0.1937 -8.5961 0.7637 -1.6062 7.9926 -22.6917 -3.6059 1.8855 13.3941 -2.9375 2.0836 4.2628 -1.3693 1.1151 -3.0273 3.9605 3.9772 -17.7601 -2.4471 7.6725 40.8582 -0.1462 3.7154 18.7385 0.0000 -0.0000 0.0000 -90.0787 -36.2994 61.3104 28.0299 -39.1437 -10.1426 -0.0000 -0.0000 4.6404 18.2767 42.1412 12.4946 -7.1250 0.0000 -0.0000 -29.5326 71.6715 -19.2436 0.0000 -0.0000 0.0000 79.9771 5.3008 63.7135 -55.3760 54.9463 -30.5236 0.0000 0.0000 1.7066 -62.3358 26.9775 -40.8719 7.1250 -0.0000 -0.0000 -17.8221 15.7184 -22.9345
-9.9763 17.7535 -6.1615 -198.4970 103.6010 -181.0910 0.0000 0.0000 0.0000 -6.8632 -13.8032 -27.3084 1.8951 8.6442 24.6884 0.4989 8.6243 -19.1689 1.9254 -8.7088 -24.8887 0.0000 0.0000 0.0000 13.7452 12.1665 -15.8276 0.0000 0.0000 -0.0000 0.1946 -8.6072 0.7448 -1.6075 7.9956 -22.7008 -3.5897 1.8220 13.5890 -2.7734 2.0073 4.3997 -1.1984 1.0774 -2.9942 3.9912 4.1157 -17.7351 -2.6804 7.9692 40.7821 -0.2011 3.8027 18.7213 -0.0000 0.0000 0.0000 -90.1005 -36.4055 61.1720 28.1148 -39.2217 -10.1962 -0.0000 -0.0000 4.7377 17.8738 41.7906 12.1289 -7.1250 0.0000 -0.0000 -29.3430 71.2478 -18.8478 -0.0000 0.0000 0.0000 80.0820 6.6876 63.3404 -51.9651 53.7580 -27.7514 0.0000 0.0000 4.3592 -59.7761 25.0215 -35.9803 7.1250 -0.0000 -0.0000 -17.0919 11.2221 -20.9463
-9.9891 17.7511 -6.1647 -198.0650 103.4580 -180.7080 0.0000 0.0000 0.0000 -7.0404 -13.7044 -27.3895 1.8927 8.6389 24.6722 0.4955 8.4255 -18.9472 1.9268 -8.7119 -24.8983 0.0000 0.0000 0.0000 13.6263 12.0473 -15.8561 0.0000 -0.0000 0.0000 0.1935 -8.6244 0.8323 -1.7261 8.2705 -23.5388 -3.4793 1.7615 13.6790 -2.7661 1.9374 4.3924 -1.2449 1.0436 -3.0471 4.1272 4.1347 -17.6556 -2.7400 8.0511 41.0930 -0.2325 3.8537 18.9085 0.0000 -0.0000 0.0000 -89.8687 -36.3851 61.1943 28.2642 -39.3583 -10.2908 -0.0000 -0.0000 4.8465 17.4915 41.7791 11.8577 -7.1250 0.0000 -0.0000 -29.7662 71.1089 -19.0458 0.0000 -0.0000 0.0000 80.3409 8.9020 64.4409 -48.8689 52.5290 -25.2736 0.0000 -0.0000 -0.2304 -52.3572 20.6204 -24.5416 7.1250 -0.0000 -0.0000 -14.3395 0.8013 -15.0143
-9.9896 17.7513 -6.1602 -197.8000 103.2820 -180.4590 0.0000 0.0000 0.0000 -7.1422 -13.7518 -27.3660 1.8770 8.6051 24.5677 0.4799 8.4018 -18.7532 1.9591 -8.7803 -25.1106 0.0000 0.0000 0.0000 13.5578 11.8838 -15.8561 0.0000 0.0000 -0.0000 0.1933 -8.6185 0.8296 -1.7496 8.3238 -23.7020 -3.5509 1.6896 13.7630 -2.7076 1.8288 4.3652 -1.1294 0.9900 -3.1245 4.0451 4.0244 -17.6205 -2.5836 7.8296 41.0813 -0.1925 3.7771 18.8614 0.0000 -0.0000 0.0000 -89.9142 -36.3955 61.0351 28.2521 -39.3473 -10.2831 -0.0000 -0.0000 5.0831 17.8405 42.4522 12.2564 -7.1250 0.0000 -0.0000 -30.6449 71.7725 -20.0737 0.0000 -0.0000 0.0000 80.3134 8.3159 65.0354 -50.9506 53.3718 -26.9352 0.0000 -0.0000 -1.9165 -55.0144 22.7144 -28.8880 7.1250 -0.0000 -0.0000 -15.2278 5.0409 -17.0989
-9.9797 17.7548 -6.1512 -198.4160 103.0190 -180.8210 0.0000 0.0000 0.0000 -6.9876 -13.7630 -27.7201 1.8758 8.6024 24.5594 0.4797 8.1646 -18.5303 2.0098 -8.8865 -25.4410 0.0000 0.0000 0.0000 13.6660 11.6878 -16.0801 0.0000 0.0000 -0.0000 0.1981 -8.6801 0.7429 -1.7127 8.2400 -23.4455 -3.4261 1.6073 13.4722 -2.4916 1.7660 4.4920 -0.9505 0.9549 -2.8377 3.9453 4.1087 -17.6295 -2.7210 8.0663 41.0853 -0.1896 3.8339 18.8844 0.0000 -0.0000 0.0000 -90.3259 -36.4807 60.9637 28.3178 -39.4071 -10.3248 -0.0000 -0.0000 5.1565 18.0931 42.6333 12.4777 -7.1250 0.0000 -0.0000 -30.7112 72.0050 -20.2708 0.0000 -0.0000 0.0000 80.0060 7.2576 64.2421 -54.0938 54.5188 -29.4766 0.0000 -0.0000 -1.1030 -58.1484 24.9696 -34.1949 7.1250 -0.0000 -0.0000 -16.2457 10.0059 -19.5525
-9.9789 17.7544 -6.1536 -198.8950 102.7560 -181.3350 0.0000 0.0000 0.0000 -6.8865 -14.0700 -27.6903 1.8874 8.6276 24.6371 0.4910 8.1032 -18.5996 1.9336 -8.7263 -24.9429 0.0000 0.0000 0.0000 13.7535 11.4140 -16.0411 0.0000 -0.0000 0.0000 0.2012 -8.7040 0.6557 -1.6065 7.9932 -22.6935 -3.3192 1.4695 13.5694 -2.4370 1.6073 4.6307 -0.9286 0.8776 -2.7422 4.3033 4.1881 -17.4441 -2.9394 8.1454 41.0110 -0.3465 3.8933 18.8324 -0.0000 0.0000 0.0000 -90.2203 -36.5920 60.8485 28.4591 -39.5355 -10.4147 -0.0000 -0.0000 5.1051 18.2073 42.1447 12.4462 -7.1250 0.0000 -0.0000 -29.6206 71.6505 -19.2906 -0.0000 0.0000 0.0000 80.1305 6.4273 63.8618 -56.2736 55.2323 -31.2596 0.0000 0.0000 0.5381 -62.0061 26.5133 -40.0230 7.1250 -0.0000 -0.0000 -17.7987 14.8631 -22.7218
-9.9712 17.7552 -6.1595 -198.3000 102.8320 -180.7610 0.0000 0.0000 0.0000 -7.1060 -13.8682 -27.6793 1.8834 8.6188 24.6101 0.4899 8.0305 -18.5207 1.9659 -8.7946 -25.1550 0.0000 0.0000 0.0000 13.5832 11.4912 -16.0137 0.0000 -0.0000 0.0000 0.2019 -8.7156 0.6497 -1.5692 7.9042 -22.4235 -3.4905 1.4653 13.4988 -2.4154 1.5923 4.7328 -0.8034 0.8691 -2.6012 4.3199 4.1781 -17.4188 -3.1259 8.1848 40.9156 -0.4319 3.8844 18.7853 0.0000 0.0000 0.0000 -90.1900 -36.7413 60.7828 28.5180 -39.5888 -10.4522 -0.0000 -0.0000 5.0200 18.1573 42.1344 12.4084 -7.1250 0.0000 -0.0000 -29.6596 71.6249 -19.3011 0.0000 0.0000 0.0000 80.0889 6.5510 63.7023 -55.0510 54.8401 -30.2577 0.0000 0.0000 2.0557 -62.3155 26.0851 -39.9653 7.1250 -0.0000 -0.0000 -18.0988 14.5625 -23.0746
-9.9713 17.7541 -6.1637 -197.6540 103.2040 -180.1360 0.0000 0.0000 0.0000 -7.2660 -13.5024 -27.6247 1.8717 8.5935 24.5319 0.4845 8.0821 -18.5076 2.0030 -8.8723 -25.3968 0.0000 0.0000 0.0000 13.4002 12.1517 -16.7025 -0.0064 -0.5183 1.4241 0.2126 -8.6739 0.0066 -1.6466 8.0876 -22.9806 -3.7053 1.5861 13.4839 -2.3732 1.7258 4.7484 -0.6589 0.9333 -2.5849 4.2690 4.2281 -17.4670 -3.1370 8.3028 41.0029 -0.4006 3.9195 18.8576 0.0000 -0.0000 0.0000 -90.3211 -36.6453 60.5827 28.6667 -39.7228 -10.5470 -0.0000 -0.0000 5.0357 18.2346 42.1783 12.4734 -7.1250 0.0000 -0.0000 -29.6532 71.6871 -19.3361 0.0000 -0.0000 0.0000 79.8113 7.8303 64.0743 -51.3664 53.5319 -27.2692 0.0000 0.0000 2.5333 -55.2790 21.0341 -27.3816 7.1250 -0.0000 -0.0000 -15.8467 2.9189 -17.2945
-9.9771 17.7549 -6.1768 -196.6940 103.2800 -179.0320 0.0000 0.0000 0.0000 -7.5173 -13.3922 -27.8139 1.8615 8.5715 24.4637 0.4758 8.0480 -18.3789 1.9510 -8.7632 -25.0574 0.0000 0.0000 0.0000 13.0544 12.4806 -17.4653 -0.0203 -0.9204 2.5298 0.2211 -8.6617 -0.5416 -1.7361 8.2932 -23.6082 -3.7819 1.6718 13.3707 -2.4733 1.8313 4.7351 -0.7336 0.9854 -2.5381 4.4308 4.2249 -17.5947 -2.9648 8.1390 40.9902 -0.3785 3.9000 18.8711 0.0000 -0.0000 0.0000 -90.8103 -36.8949 60.6637 28.4182 -39.4984 -10.3886 -0.0000 -0.0000 5.2766 18.4884 42.3128 12.6854 -7.1250 0.0000 -0.0000 -29.6161 71.8839 -19.4346 0.0000 -0.0000 0.0000 79.3554 8.3897 64.8915 -50.9919 53.3878 -26.9683 0.0000 -0.0000 -1.1692 -53.3712 21.3305 -26.0712 7.1250 -0.0000 -0.0000 -14.7125 2.2750 -15.8071
-9.9725 17.7546 -6.1821 -196.9860 103.0150 -179.3530 0.0000 0.0000 0.0000 -7.4947 -13.5874 -27.7623 1.8538 8.5547 24.4121 0.4762 7.9561 -18.2987 1.9185 -8.6942 -24.8434 0.0000 0.0000 0.0000 13.1020 12.1778 -17.3579 -0.0184 -0.8768 2.4100 0.2233 -8.6908 -0.5952 -1.6432 8.0797 -22.9564 -3.6672 1.5810 13.3887 -2.3635 1.7375 4.8480 -0.6670 0.9386 -2.4286 4.3596 4.2889 -17.5540 -2.9553 8.2353 40.8562 -0.3445 3.9269 18.7782 -0.0000 -0.0000 0.0000 -91.0454 -37.1349 60.8833 28.2565 -39.3513 -10.2859 -0.0000 -0.0000 5.4057 18.6687 42.5131 12.8613 -7.1250 0.0000 -0.0000 -29.7988 72.1086 -19.7028 -0.0000 -0.0000 0.0000 78.8368 6.9868 64.8680 -55.3560 54.9398 -30.5072 0.0000 -0.0000 -2.2354 -55.3431 23.7008 -30.1753 7.1250 -0.0000 -0.0000 -15.1222 6.5429 -17.3298
-9.9680 17.7528 -6.1881 -197.9540 102.4160 -180.4650 0.0000 0.0000 0.0000 -7.3823 -14.0429 -27.6500 1.8628 8.5743 24.4726 0.4875 7.8160 -18.2985 1.8935 -8.6405 -24.6772 0.0000 0.0000 0.0000 13.3390 11.4190 -16.9013 -0.0102 -0.6535 1.7960 0.2210 -8.7149 -0.3641 -1.6411 8.0747 -22.9413 -3.3289 1.2777 13.5583 -2.3386 1.3883 4.9964 -0.7791 0.7699 -2.3529 4.4228 4.3604 -17.4778 -3.0377 8.3598 40.8310 -0.3715 3.9737 18.7605 -0.0000 0.0000 0.0000 -90.5590 -37.1538 60.7609 28.4815 -39.5557 -10.4289 -0.0000 -0.0000 5.5731 19.1229 42.4952 13.1825 -7.1250 0.0000 -0.0000 -29.2262 72.2526 -19.3948 -0.0000 0.0000 0.0000 78.6922 5.9157 65.0942 -60.6400 56.4781 -34.8741 0.0000 -0.0000 -1.2962 -59.9038 25.7387 -36.8430 7.1250 -0.0000 -0.0000 -16.9369 12.2519 -20.9733
-9.9682 17.7497 -6.1813 -199.6800 102.2730 -182.3690 0.0000 0.0000 0.0000 -7.0320 -13.9865 -27.6083 1.8953 8.6445 24.6895 0.5238 7.4970 -18.4204 1.8786 -8.6085 -24.5783 0.0000 0.0000 0.0000 13.8223 10.8995 -15.7439 0.0000 -0.0000 0.0000 0.2098 -8.7972 0.4634 -1.5155 7.7742 -22.0303 -3.0605 1.1756 13.6736 -2.2674 1.2813 4.9559 -0.8426 0.7183 -2.4535 4.3971 4.2890 -17.2989 -2.9931 8.2963 41.0201 -0.3619 3.9596 18.8179 -0.0000 0.0000 0.0000 -89.7635 -37.0404 61.0820 28.6606 -39.7173 -10.5431 -0.0000 -0.0000 6.2533 19.1735 43.0002 13.3409 -7.1250 0.0000 -0.0000 -30.1968 72.6777 -20.3423 -0.0000 0.0000 0.0000 79.3811 5.6611 64.5533 -62.2029 56.8689 -36.1800 0.0000 0.0000 1.1292 -62.8785 25.9872 -40.5459 7.1250 -0.0000 -0.0000 -18.4272 14.8969 -23.6076
-9.9714 17.7505 -6.1756 -199.8600 102.8960 -182.2550 0.0000 0.0000 0.0000 -6.7217 -13.7536 -27.9782 1.9402 8.7403 24.9863 0.5507 7.6255 -18.8274 1.5803 -7.9309 -22.5044 0.0000 0.0000 0.0000 13.8877 11.6451 -15.9862 0.0000 0.0000 -0.0000 0.2090 -8.8631 0.6523 -1.6261 8.0396 -22.8345 -3.1432 1.4239 13.3402 -2.2192 1.5874 4.6875 -0.7887 0.8637 -2.5614 4.3730 4.2783 -17.4520 -3.1466 8.3842 41.1584 -0.4040 3.9686 18.9627 0.0000 0.0000 0.0000 -88.8123 -36.8838 60.8922 29.3012 -40.2868 -10.9549 -0.0000 -0.0000 10.4765 18.3076 47.2731 13.6610 -7.1250 0.0000 -0.0000 -42.0952 75.4674 -31.3447 0.0000 0.0000 0.0000 79.8192 6.8923 64.1866 -57.1792 55.5102 -32.0049 0.0000 0.0000 2.1719 -59.3379 23.6275 -34.0596 7.1250 -0.0000 -0.0000 -17.2826 9.0498 -20.6738
-9.9604 17.7514 -6.1695 -198.9210 103.3890 -181.3050 0.0000 0.0000 0.0000 -6.8826 -13.3025 -27.9195 1.9346 8.7284 24.9494 0.5237 7.7834 -18.6713 1.9473 -8.7554 -25.0332 0.0000 0.0000 0.0000 13.7089 12.1749 -15.9371 0.0000 -0.0000 0.0000 0.2088 -8.8750 0.6900 -1.5988 7.9749 -22.6379 -3.3767 1.5533 12.9333 -2.2586 1.7332 4.5471 -0.7114 0.9313 -2.4948 4.5510 4.3737 -17.4408 -3.4462 8.6004 41.1313 -0.5316 4.0409 18.9949 -0.0000 0.0000 0.0000 -86.7321 -35.3244 57.1369 31.8603 -42.4355 -12.6464 -0.0000 -0.0000 17.0977 18.4295 50.1764 14.3553 -7.1250 0.0000 -0.0000 -52.1650 77.1665 -41.1965 -0.0000 0.0000 0.0000 80.0196 8.3991 64.0994 -51.4409 53.5604 -27.3291 0.0000 -0.0000 -0.1028 -50.0059 19.1631 -21.3696 7.1250 -0.0000 -0.0000 -13.3813 -2.2400 -13.2180
-9.9472 17.7511 -6.1674 -197.7070 103.4130 -180.2570 0.0000 0.0000 0.0000 -7.2997 -13.0087 -27.6826 1.9103 8.6768 24.7894 0.5387 7.5554 -18.6360 1.8250 -8.4916 -24.2173 0.0000 0.0000 0.0000 13.4494 12.1725 -15.7541 0.0000 0.0000 -0.0000 0.2099 -8.8805 0.6524 -1.6015 7.9814 -22.6575 -3.3037 1.7526 12.9012 -2.3669 2.0042 4.5531 -0.9048 1.0669 -2.4683 4.3885 4.2103 -17.5669 -3.3373 8.3960 41.2951 -0.4875 3.9547 19.0981 0.0000 -0.0000 0.0000 -83.8640 -34.0654 55.0385 33.0372 -43.3586 -13.4476 -0.0000 -0.0000 19.8047 20.7947 51.0493 16.4536 -7.1250 0.0000 -0.0000 -54.2950 78.5363 -44.3341 0.0000 -0.0000 0.0000 79.2919 8.3147 63.9626 -51.7952 53.6944 -27.6144 0.0000 -0.0000 -1.1275 -51.0421 22.4923 -25.3203 7.1250 -0.0000 -0.0000 -13.1005 2.6241 -14.0524
-9.9471 17.7472 -6.1530 -198.9820 103.5420 -181.2960 0.0000 0.0000 0.0000 -6.8067 -12.9571 -28.0737 1.9508 8.7627 25.0559 0.5198 7.6014 -18.4675 2.0615 -8.9930 -25.7735 0.0000 0.0000 0.0000 13.7795 12.4022 -15.9554 0.0000 -0.0000 0.0000 0.2094 -8.8980 0.7132 -1.6323 8.0542 -22.8787 -3.1103 1.8034 12.4138 -2.1710 2.1246 4.6486 -0.8069 1.1214 -2.1074 4.2918 4.2799 -17.4528 -3.2881 8.5466 41.3501 -0.4173 4.0087 19.1002 0.0000 0.0000 0.0000 -80.7743 -33.2408 53.6461 33.0449 -43.3645 -13.4529 -0.0000 -0.0000 19.1671 25.1596 50.5453 19.9342 -7.1250 0.0000 -0.0000 -49.0591 80.1643 -41.1619 0.0000 0.0000 0.0000 78.7118 7.1343 63.7494 -57.3094 55.5493 -32.1122 0.0000 -0.0000 -1.8534 -52.1394 23.6964 -27.3382 7.1250 -0.0000 -0.0000 -13.3782 4.7390 -14.8336
-9.9375 17.7421 -6.1481 -200.7710 102.7970 -183.4220 0.0000 0.0000 0.0000 -6.5835 -13.3208 -27.7885 1.9646 8.7919 25.1464 0.5428 7.2211 -18.3936 1.9796 -8.8234 -25.2444 0.0000 0.0000 0.0000 14.2548 11.5381 -15.5597 0.0000 -0.0000 0.0000 0.2119 -8.8696 0.5330 -1.6092 7.9996 -22.7129 -2.5713 1.5662 12.8562 -2.1359 1.8654 4.7044 -1.0494 0.9998 -2.2721 4.2029 4.1755 -17.1392 -2.9177 8.2947 41.4393 -0.2869 3.9603 19.0147 0.0000 0.0000 0.0000 -78.5991 -32.8441 54.0319 31.3355 -42.0110 -12.2938 -0.0000 -0.0000 18.5548 28.9163 47.0408 22.0119 -7.1250 0.0000 -0.0000 -28.9229 79.6268 -23.5101 0.0000 0.0000 0.0000 78.9774 5.3591 63.4028 -63.6078 57.1971 -37.3587 0.0000 -0.0000 -1.0839 -55.5037 24.9556 -31.5490 7.1250 -0.0000 -0.0000 -14.8401 8.2772 -17.3739
-9.9629 17.7396 -6.1539 -201.4390 102.4940 -184.1930 0.0000 0.0000 0.0000 -6.5094 -13.4616 -27.8937 1.9836 8.8318 25.2707 0.5580 6.9824 -18.3601 1.9394 -8.7386 -24.9811 0.0000 0.0000 0.0000 14.3557 11.2293 -15.5581 0.0000 0.0000 -0.0000 0.2130 -8.8957 0.5422 -1.5261 7.8001 -22.1087 -2.5197 1.5447 13.4511 -2.2257 1.8160 4.6234 -1.1860 0.9798 -2.6736 4.3146 4.1072 -16.8983 -2.8360 8.0990 41.2946 -0.3186 3.9206 18.8459 -0.0000 -0.0000 0.0000 -77.9290 -33.2061 55.4776 30.3270 -41.1720 -11.6243 -0.0000 -0.0000 17.6542 32.4017 45.8487 24.4831 -7.1250 0.0000 -0.0000 -18.8972 80.1594 -15.4605 -0.0000 -0.0000 0.0000 79.7126 4.4960 62.7157 -65.8994 57.6873 -39.2903 0.0000 0.0000 0.1516 -58.6055 25.1551 -34.8582 7.1250 -0.0000 -0.0000 -16.4315 10.5633 -19.9222
-9.9872 17.7389 -6.1623 -200.4100 102.6640 -183.1120 0.0000 0.0000 0.0000 -6.7653 -13.2229 -28.0501 1.9683 8.7998 25.1712 0.5504 6.9914 -18.2837 1.8672 -8.5839 -24.5021 0.0000 0.0000 0.0000 14.0016 11.9575 -17.0514 -0.0214 -0.9440 2.5947 0.2307 -8.7961 -0.7324 -1.5859 7.9442 -22.5447 -2.8584 1.8094 13.7648 -2.3430 2.0948 4.4783 -1.1771 1.1184 -3.0009 3.9901 3.8823 -16.7235 -2.6329 7.8173 41.3523 -0.2275 3.7991 18.7801 0.0000 0.0000 0.0000 -78.7447 -33.2176 55.9422 29.4577 -40.4240 -11.0562 -0.0000 -0.0000 16.3414 34.0569 45.2065 25.6266 -7.1250 0.0000 -0.0000 -13.5964 80.2953 -11.1360 0.0000 0.0000 0.0000 80.3710 5.1717 62.0723 -59.3744 56.1409 -33.8211 0.0000 0.0000 1.9465 -59.7953 24.0200 -34.9635 7.1250 -0.0000 -0.0000 -17.4074 9.9059 -21.0501
-10.0034 17.7369 -6.1707 -198.7380 102.9610 -181.5600 0.0000 0.0000 0.0000 -7.1475 -13.0005 -27.9143 1.9473 8.7554 25.0331 0.5348 7.1225 -18.2210 1.8386 -8.5214 -24.3094 0.0000 0.0000 0.0000 13.5876 12.4202 -17.3979 -0.0362 -1.2280 3.3764 0.2316 -8.7221 -1.0939 -1.6186 8.0220 -22.7808 -3.2894 1.9695 13.9177 -2.5341 2.2295 4.3826 -1.1658 1.1871 -3.1907 3.8864 3.7523 -16.2256 -2.6257 7.7064 41.3880 -0.2424 3.7593 18.6514 0.0000 0.0000 0.0000 -79.3697 -33.0760 55.2932 29.0891 -40.0997 -10.8181 -0.0000 -0.0000 17.5120 33.2822 45.2028 24.9765 -7.1250 0.0000 -0.0000 -15.1383 79.9706 -12.3079 0.0000 0.0000 0.0000 80.3684 6.8726 62.1268 -54.0666 54.5095 -29.4545 0.0000 -0.0000 -1.0210 -48.7082 18.4614 -19.8271 7.1250 -0.0000 -0.0000 -12.8007 -3.7101 -12.2610
-10.0339 17.7361 -6.1807 -197.6500 103.6780 -180.5290 0.0000 0.0000 0.0000 -7.3201 -12.5563 -27.9609 1.9610 8.7844 25.1233 0.5188 7.3742 -18.2584 1.9625 -8.7874 -25.1326 0.0000 0.0000 0.0000 13.3239 13.0894 -17.1552 -0.0258 -1.0373 2.8515 0.2266 -8.7417 -0.6405 -1.5884 7.9501 -22.5627 -3.4538 2.4057 14.2120 -2.7449 2.7486 4.2510 -1.3993 1.4457 -3.4864 3.5788 3.5796 -15.9936 -2.0518 7.2915 41.2679 -0.0116 3.6367 18.4334 0.0000 -0.0000 0.0000 -80.0917 -33.5288 55.8001 28.0407 -39.1537 -10.1494 -0.0000 -0.0000 16.6748 33.2829 45.1840 24.9699 -7.1250 0.0000 -0.0000 -15.0790 79.9542 -12.2545 0.0000 -0.0000 0.0000 79.8209 6.7760 61.9891 -56.1590 55.1964 -31.1655 0.0000 -0.0000 -2.1649 -49.3460 19.9148 -21.6359 7.1250 -0.0000 -0.0000 -12.8105 -1.5260 -12.7914
-10.0487 17.7412 -6.1864 -198.3310 103.9320 -180.4340 0.0000 0.0000 0.0000 -6.8287 -12.7945 -28.8240 1.9742 8.8121 25.2093 0.5176 7.5868 -18.4311 1.8217 -8.4843 -24.1951 0.0000 0.0000 0.0000 13.3684 13.0565 -16.5798 0.0000 0.0000 -0.0000 0.2004 -8.8091 0.9146 -1.6282 8.0444 -22.8491 -3.3371 2.4374 13.5681 -2.7556 2.8150 3.9986 -1.4634 1.4724 -3.3989 3.6825 3.6988 -15.6440 -2.2105 7.4983 41.0578 -0.0770 3.7206 18.2395 0.0000 -0.0000 0.0000 -80.1524 -33.8671 55.8850 27.5093 -38.6605 -9.8156 -0.0000 -0.0000 16.5699 32.8261 45.9723 24.8833 -7.1250 0.0000 -0.0000 -18.5360 80.4435 -15.2664 0.0000 -0.0000 0.0000 79.4340 5.4040 62.2021 -62.6661 56.9795 -36.5682 0.0000 -0.0000 -2.7483 -51.8068 22.0079 -25.4694 7.1250 -0.0000 -0.0000 -13.6580 2.3708 -14.6264
-10.0498 17.7443 -6.1940 -198.6460 103.4410 -180.7940 0.0000 0.0000 0.0000 -6.8129 -13.3369 -28.5741 1.9223 8.7024 24.8686 0.4939 7.7476 -18.3096 1.7732 -8.3767 -23.8643 0.0000 0.0000 0.0000 13.3990 12.5390 -16.5474 0.0000 -0.0000 0.0000 0.2035 -8.7556 0.6643 -1.5512 7.8611 -22.2929 -3.0173 2.1572 13.9460 -2.8792 2.4613 3.8935 -1.7343 1.2995 -3.6958 3.7585 3.6644 -15.5089 -2.2595 7.4841 41.2124 -0.1171 3.7255 18.3026 0.0000 -0.0000 0.0000 -80.1669 -33.4192 55.0349 27.8245 -38.9541 -10.0131 -0.0000 -0.0000 16.9006 33.3251 45.5718 25.1521 -7.1250 0.0000 -0.0000 -16.2210 80.3109 -13.3039 0.0000 -0.0000 0.0000 79.8964 4.3641 62.0885 -67.8166 58.0564 -40.9139 0.0000 -0.0000 -0.5069 -56.8160 24.2211 -32.1011 7.1250 -0.0000 -0.0000 -15.7610 8.1418 -18.4995
-10.0442 17.7429 -6.1930 -198.2660 102.7090 -181.0130 0.0000 0.0000 0.0000 -7.1976 -13.6938 -27.8911 1.9040 8.6631 24.7471 0.5068 7.4696 -18.2071 1.7617 -8.3510 -23.7855 0.0000 0.0000 0.0000 13.3889 11.6371 -15.9363 0.0000 -0.0000 0.0000 0.2079 -8.7426 0.4292 -1.5279 7.8045 -22.1217 -3.1514 1.8761 14.7615 -2.8321 2.0366 3.8563 -1.5709 1.0956 -4.1848 3.8078 3.7273 -15.3013 -2.2050 7.5684 41.2676 -0.0887 3.7809 18.2828 0.0000 0.0000 0.0000 -80.2172 -32.9893 54.7364 27.9640 -39.0831 -10.1010 -0.0000 -0.0000 16.0232 33.4811 45.9364 25.4203 -7.1250 0.0000 -0.0000 -17.1489 80.6910 -14.1992 0.0000 0.0000 0.0000 80.3381 4.5633 62.2981 -65.1829 57.5399 -38.6852 0.0000 0.0000 1.6908 -58.7640 23.4446 -33.2656 7.1250 -0.0000 -0.0000 -17.0317 8.4017 -20.1854
-10.0409 17.7410 -6.1735 -198.5160 103.1080 -181.3980 0.0000 0.0000 0.0000 -7.0761 -13.2121 -27.7370 1.9138 8.6842 24.8125 0.5102 7.4005 -18.1842 1.8076 -8.4532 -24.0993 0.0000 0.0000 0.0000 13.5940 12.0479 -15.6925 0.0000 0.0000 -0.0000 0.2098 -8.7882 0.4457 -1.5763 7.9213 -22.4753 -3.6716 1.9418 14.8382 -2.6632 2.0278 3.6152 -1.1087 1.0932 -4.5041 3.5738 3.7154 -15.4179 -2.0650 7.5986 41.4780 0.0317 3.7734 18.4192 0.0000 -0.0000 0.0000 -80.1757 -32.6926 54.7811 27.5940 -38.7398 -9.8686 -0.0000 -0.0000 15.3359 33.5920 46.7646 25.8223 -7.1250 0.0000 -0.0000 -20.0743 81.4328 -16.9332 0.0000 -0.0000 0.0000 80.2935 5.9783 62.9785 -56.5270 55.3111 -31.4679 0.0000 0.0000 0.6724 -51.8929 19.0583 -22.6036 7.1250 -0.0000 -0.0000 -14.4908 -1.5374 -14.5747
-10.0352 17.7357 -6.1559 -198.5070 103.5230 -181.4030 0.0000 0.0000 0.0000 -7.0134 -12.6896 -27.8287 1.9445 8.7496 25.0150 0.5247 7.2887 -18.2498 1.8964 -8.6468 -24.6966 0.0000 0.0000 0.0000 13.6836 12.5023 -15.6053 0.0000 0.0000 -0.0000 0.2098 -8.8104 0.4953 -1.5902 7.9546 -22.5763 -3.9822 2.1783 14.5694 -2.6183 2.2994 3.5105 -0.9295 1.2270 -4.4847 3.6045 3.6867 -15.5186 -2.2288 7.6268 41.5309 -0.0393 3.7677 18.4941 0.0000 -0.0000 0.0000 -80.9187 -32.7428 54.4008 27.2866 -38.4512 -9.6768 -0.0000 -0.0000 15.6714 32.0106 47.7943 24.8467 -7.1250 0.0000 -0.0000 -27.4672 81.5374 -23.3102 0.0000 -0.0000 0.0000 79.9296 6.6997 62.8472 -53.4129 54.2826 -28.9230 0.0000 -0.0000 -3.7496 -49.0828 21.7048 -23.1070 7.1250 -0.0000 -0.0000 -12.2038 0.6904 -12.6388
-10.0263 17.7272 -6.1547 -199.1040 103.0040 -182.1500 0.0000 0.0000 0.0000 -6.9984 -12.8909 -27.7833 1.9583 8.7786 25.1052 0.5412 6.9044 -18.1083 1.8953 -8.6444 -24.6892 0.0000 0.0000 0.0000 13.7623 12.3819 -16.6699 -0.0179 -0.8650 2.3775 0.2302 -8.7591 -0.8366 -1.6224 8.0308 -22.8075 -3.6769 1.9928 14.6875 -2.5970 2.1014 3.5784 -1.0446 1.1281 -4.4648 3.6985 3.7588 -15.3103 -2.5089 7.8221 41.3771 -0.1565 3.8276 18.3805 0.0000 0.0000 0.0000 -80.9217 -32.9043 54.2993 27.0016 -38.1807 -9.5001 -0.0000 -0.0000 15.9440 32.6737 46.9911 25.1256 -7.1250 0.0000 -0.0000 -22.7317 81.2142 -19.1021 0.0000 0.0000 0.0000 79.1876 5.5351 62.7040 -59.3193 56.1258 -33.7753 0.0000 -0.0000 -5.0764 -49.6955 23.2718 -24.9763 7.1250 -0.0000 -0.0000 -12.1389 2.9775 -13.0431
-10.0150 17.7270 -6.1624 -200.0620 102.2230 -183.2500 0.0000 0.0000 0.0000 -6.9829 -13.4105 -27.6649 1.9602 8.7826 25.1177 0.5406 6.6874 -17.9223 1.9115 -8.6793 -24.7973 0.0000 0.0000 0.0000 13.9047 11.6971 -16.9824 -0.0342 -1.1929 3.2796 0.2349 -8.7195 -1.4045 -1.5389 7.8312 -22.2024 -2.9630 1.6902 14.8742 -2.7626 1.8028 3.6607 -1.5703 0.9781 -4.4504 3.7222 3.7278 -15.1594 -2.1939 7.7115 41.6735 -0.0340 3.8391 18.4913 0.0000 -0.0000 0.0000 -80.6471 -33.0109 54.5341 27.0360 -38.2135 -9.5214 -0.0000 -0.0000 15.9593 31.9376 47.7634 24.7741 -7.1250 0.0000 -0.0000 -27.4384 81.4820 -23.2565 0.0000 -0.0000 0.0000 79.2252 4.1294 62.8544 -65.6580 57.6382 -39.0864 0.0000 -0.0000 -3.6844 -54.0809 25.2753 -30.5160 7.1250 -0.0000 -0.0000 -13.9815 7.8384 -16.2163
-10.0157 17.7295 -6.1587 -200.5240 101.8960 -183.6490 0.0000 0.0000 0.0000 -6.9273 -13.5925 -27.7913 1.9607 8.7837 25.1210 0.5425 6.5350 -17.8185 1.8896 -8.6323 -24.6517 0.0000 0.0000 0.0000 13.9510 11.4886 -17.3275 -0.0467 -1.3948 3.8357 0.2382 -8.7132 -1.8123 -1.5540 7.8677 -22.3131 -3.0168 1.6062 14.8212 -2.5525 1.7030 3.7678 -1.2956 0.9291 -4.3168 3.4298 3.6991 -15.2703 -2.2783 7.7825 41.6002 -0.0060 3.8056 18.4696 -0.0000 0.0000 0.0000 -81.1168 -33.1937 54.5967 26.9344 -38.1165 -9.4586 -0.0000 -0.0000 15.4272 32.6040 47.0274 25.0796 -7.1250 0.0000 -0.0000 -23.0098 81.2124 -19.3377 -0.0000 0.0000 0.0000 79.0983 3.5608 62.7972 -67.7903 58.0516 -40.8917 0.0000 -0.0000 -1.4371 -59.1749 27.0167 -37.2803 7.1250 -0.0000 -0.0000 -16.1493 13.3555 -20.1531
-10.0260 17.7223 -6.1474 -202.2610 101.6900 -185.1880 0.0000 0.0000 0.0000 -6.5822 -13.3506 -28.3221 1.9872 8.8394 25.2942 0.5458 6.1486 -17.5460 1.9188 -8.6948 -24.8451 0.0000 0.0000 0.0000 14.3085 11.2853 -17.3768 -0.0375 -1.2497 3.4362 0.2370 -8.7232 -1.6011 -1.5893 7.9524 -22.5695 -2.6642 1.6137 14.7511 -2.4977 1.7696 3.7733 -1.4458 0.9583 -4.2653 3.6399 3.6649 -15.1194 -2.3598 7.6612 41.3961 -0.1136 3.7841 18.3169 -0.0000 0.0000 0.0000 -81.2076 -33.2762 54.7799 27.1546 -38.3262 -9.5949 -0.0000 -0.0000 16.3128 32.3250 47.3569 24.9605 -7.1250 0.0000 -0.0000 -24.9273 81.3469 -21.0347 -0.0000 0.0000 0.0000 79.4864 4.4359 62.7574 -61.6258 56.7278 -35.6971 0.0000 0.0000 0.6898 -58.5850 23.4231 -33.0583 7.1250 -0.0000 -0.0000 -16.9428 8.2497 -20.0325
-10.0423 17.7256 -6.1499 -198.8760 102.4880 -181.9670 0.0000 0.0000 0.0000 -7.1542 -13.1039 -27.8621 1.9491 8.7592 25.0449 0.5314 6.7093 -17.8359 1.8586 -8.5650 -24.4439 0.0000 0.0000 0.0000 13.6077 12.2921 -17.6856 -0.0581 -1.5548 4.2768 0.2379 -8.6959 -1.8878 -1.6513 8.0986 -23.0138 -3.2567 1.9666 14.8835 -2.7598 2.1337 3.8079 -1.4598 1.1441 -4.3080 3.8489 3.6973 -15.1548 -2.5055 7.7667 41.6574 -0.1910 3.8410 18.5140 0.0000 -0.0000 0.0000 -80.9878 -33.4531 54.9148 27.1748 -38.3454 -9.6074 -0.0000 -0.0000 15.8962 31.9007 47.8896 24.7864 -7.1250 0.0000 -0.0000 -28.0999 81.5583 -23.8669 0.0000 -0.0000 0.0000 80.3890 6.2823 61.0302 -56.6208 55.3401 -31.5450 0.0000 0.0000 0.2156 -44.1254 15.7997 -14.7933 7.1250 -0.0000 -0.0000 -10.6391 -8.7617 -9.0561
-10.0608 17.7228 -6.1496 -198.5450 103.2730 -181.3350 0.0000 0.0000 0.0000 -7.0018 -12.6028 -28.3551 1.9866 8.8382 25.2905 0.5182 6.9303 -17.8709 1.9789 -8.8221 -25.2403 0.0000 0.0000 0.0000 13.4988 13.0881 -17.6786 -0.0399 -1.2894 3.5454 0.2353 -8.7764 -1.1654 -1.7364 8.2940 -23.6108 -3.3336 2.3109 14.5369 -2.7792 2.5856 3.7745 -1.5051 1.3638 -4.1580 3.7266 3.5500 -15.1652 -2.2526 7.4741 41.7103 -0.1080 3.7423 18.5077 -0.0000 0.0000 0.0000 -81.2335 -33.8806 55.1367 26.8069 -37.9944 -9.3800 -0.0000 -0.0000 15.8681 31.6777 47.9840 24.6296 -7.1250 0.0000 -0.0000 -28.9072 81.5272 -24.5473 -0.0000 0.0000 0.0000 79.5391 6.0128 61.9355 -59.5014 56.1756 -33.9266 0.0000 -0.0000 -0.3808 -47.6851 19.6461 -20.2690 7.1250 -0.0000 -0.0000 -11.9127 -2.5601 -11.6261
-10.0647 17.7211 -6.1551 -198.7490 103.0230 -181.3410 0.0000 0.0000 0.0000 -6.8858 -13.0083 -28.6387 2.0068 8.8802 25.4213 0.5242 6.9221 -17.9320 1.9204 -8.6983 -24.8559 0.0000 0.0000 0.0000 13.4665 12.7904 -17.6427 -0.0275 -1.0702 2.9421 0.2321 -8.7872 -0.8644 -1.6742 8.1517 -23.1757 -3.2239 2.0976 14.2609 -2.7014 2.3497 3.9370 -1.4253 1.2465 -3.8364 3.7881 3.7241 -15.0708 -2.4969 7.8279 41.6561 -0.1676 3.8562 18.4893 0.0000 -0.0000 0.0000 -80.5332 -34.4997 55.6533 26.3805 -37.5820 -9.1188 -0.0000 -0.0000 14.4269 32.2382 48.4316 25.2599 -7.1250 0.0000 -0.0000 -30.3399 82.0978 -26.1103 0.0000 -0.0000 0.0000 78.7202 4.8223 62.7787 -66.3729 57.7819 -39.6907 0.0000 -0.0000 -0.1782 -52.0034 22.8232 -26.4060 7.1250 -0.0000 -0.0000 -13.5449 3.5371 -14.7630
-10.0635 17.7276 -6.1517 -198.8760 103.0510 -181.5100 0.0000 0.0000 0.0000 -6.8365 -13.0829 -28.4745 1.9868 8.8385 25.2915 0.5080 7.1204 -17.9166 1.9067 -8.6690 -24.7653 0.0000 0.0000 0.0000 13.5215 12.8227 -17.5624 -0.0274 -1.0683 2.9367 0.2314 -8.7457 -0.9790 -1.5196 7.7841 -22.0603 -2.9604 2.0184 14.4096 -2.8605 2.2730 3.9561 -1.7330 1.2097 -3.8805 3.7687 3.6303 -14.9797 -2.2558 7.6496 41.9425 -0.0844 3.8200 18.6112 0.0000 -0.0000 0.0000 -80.7013 -34.0183 54.3997 26.7414 -37.9314 -9.3397 -0.0000 -0.0000 15.0755 32.3470 47.7055 25.1015 -7.1250 0.0000 -0.0000 -26.4934 81.6215 -22.5139 0.0000 -0.0000 0.0000 79.3340 4.0428 62.6806 -71.0107 58.5927 -43.6325 0.0000 0.0000 2.0982 -56.7287 24.5039 -32.2968 7.1250 -0.0000 -0.0000 -15.6301 8.4574 -18.4074
-10.0689 17.7240 -6.1461 -199.2830 103.3710 -181.9680 0.0000 0.0000 0.0000 -6.6768 -12.7696 -28.4658 2.0009 8.8680 25.3832 0.5080 7.1230 -17.9192 1.9455 -8.7515 -25.0212 0.0000 0.0000 0.0000 13.6927 13.1521 -17.4186 -0.0256 -1.0323 2.8377 0.2329 -8.8138 -0.8215 -1.6245 8.0358 -22.8228 -2.9776 2.0520 14.4616 -2.8277 2.3142 3.9777 -1.6977 1.2299 -3.8876 3.8403 3.6315 -14.8783 -2.3035 7.6325 41.8752 -0.1282 3.8183 18.5487 -0.0000 0.0000 0.0000 -80.2985 -33.9204 54.2184 27.1504 -38.3222 -9.5922 -0.0000 -0.0000 15.3335 32.1292 47.9124 24.9882 -7.1250 0.0000 -0.0000 -27.8464 81.6772 -23.7107 -0.0000 0.0000 0.0000 79.8898 4.5788 62.6782 -67.9758 58.0854 -41.0491 0.0000 0.0000 3.9303 -56.6929 22.0041 -29.6931 7.1250 -0.0000 -0.0000 -16.3416 5.0882 -18.4646
-10.0768 17.7235 -6.1423 -198.4160 103.1310 -181.3820 0.0000 0.0000 0.0000 -6.9813 -12.8450 -28.1526 1.9837 8.8320 25.2713 0.4991 7.0794 -17.7799 1.9863 -8.8375 -25.2883 0.0000 0.0000 0.0000 13.5073 13.0280 -17.6111 -0.0438 -1.3510 3.7151 0.2377 -8.7625 -1.4555 -1.5745 7.9169 -22.4620 -3.2795 1.9930 14.7605 -2.7745 2.1829 3.9830 -1.4612 1.1685 -4.0565 3.8476 3.6179 -14.8537 -2.3590 7.6694 42.0249 -0.1457 3.8298 18.6409 0.0000 -0.0000 0.0000 -79.9367 -34.1082 55.0804 26.9693 -38.1499 -9.4801 -0.0000 -0.0000 14.4128 32.0117 48.5765 25.1155 -7.1250 0.0000 -0.0000 -31.4631 82.0946 -27.0927 0.0000 -0.0000 0.0000 80.2256 6.0687 62.1466 -60.7463 56.5055 -34.9628 0.0000 -0.0000 -0.1402 -44.9235 15.9137 -15.2941 7.1250 -0.0000 -0.0000 -11.1096 -8.3772 -9.5588
-10.0886 17.7249 -6.1300 -198.3920 103.6590 -181.2360 0.0000 0.0000 0.0000 -6.7927 -12.6213 -28.2204 1.9888 8.8428 25.3047 0.4878 7.4121 -17.9415 1.9814 -8.8272 -25.2563 0.0000 0.0000 0.0000 13.5490 13.5824 -17.5471 -0.0371 -1.2431 3.4180 0.2368 -8.7895 -1.2402 -1.5448 7.8456 -22.2460 -3.3424 2.2991 14.5293 -2.8655 2.5836 3.9908 -1.5832 1.3650 -3.9216 3.9998 3.5120 -15.0099 -2.2637 7.4309 42.1717 -0.1672 3.7724 18.7643 0.0000 -0.0000 0.0000 -79.6903 -34.5860 56.4599 26.5967 -37.7919 -9.2509 -0.0000 -0.0000 14.5666 32.6399 48.9065 25.7672 -7.1250 0.0000 -0.0000 -32.4355 82.6051 -28.2514 0.0000 -0.0000 0.0000 79.7475 6.9999 61.8800 -57.2463 55.5304 -32.0602 0.0000 -0.0000 -0.5308 -45.9054 20.3905 -19.7788 7.1250 -0.0000 -0.0000 -10.6910 -2.2907 -10.4407
-10.0922 17.7265 -6.1397 -198.6070 103.2680 -181.3190 0.0000 0.0000 0.0000 -6.6896 -13.3532 -28.2372 1.9687 8.8005 25.1734 0.4556 7.7429 -17.8683 1.9784 -8.8209 -25.2367 0.0000 0.0000 0.0000 13.4539 13.3341 -18.0720 -0.0504 -1.4484 3.9835 0.2376 -8.7521 -1.5052 -1.5861 7.9448 -22.5465 -3.2576 2.0494 14.2853 -2.7741 2.2944 4.1333 -1.4685 1.2217 -3.6406 3.8604 3.7258 -14.6819 -2.2877 7.8200 42.0181 -0.0903 3.9039 18.5928 -0.0000 -0.0000 0.0000 -79.4026 -34.7545 56.1660 26.5146 -37.7124 -9.2006 -0.0000 -0.0000 14.3508 32.8043 48.4200 25.7412 -7.1250 0.0000 -0.0000 -29.3975 82.3477 -25.4230 -0.0000 -0.0000 0.0000 78.2783 6.4354 63.4437 -63.8114 57.2429 -37.5300 0.0000 -0.0000 -2.5242 -47.7631 22.1447 -22.5471 7.1250 -0.0000 -0.0000 -11.3389 0.6785 -11.7029
-10.0933 17.7282 -6.1360 -198.9430 102.9790 -181.6930 0.0000 0.0000 0.0000 -6.6319 -13.6260 -28.1395 1.9588 8.7798 25.1089 0.4594 7.6968 -17.8703 1.9029 -8.6608 -24.7398 0.0000 0.0000 0.0000 13.5598 12.9694 -17.8090 -0.0402 -1.2938 3.5576 0.2372 -8.7678 -1.3838 -1.5292 7.8075 -22.1310 -3.1507 1.8912 14.3412 -2.8035 2.1093 4.2570 -1.5263 1.1322 -3.5358 3.7628 3.7921 -14.6248 -2.1897 7.9583 42.1739 0.0015 3.9567 18.6671 -0.0000 0.0000 0.0000 -79.5734 -34.9679 55.4547 26.8299 -38.0165 -9.3942 -0.0000 -0.0000 14.0407 32.6696 48.6691 25.7114 -7.1250 0.0000 -0.0000 -31.0043 82.4589 -26.8999 -0.0000 0.0000 0.0000 78.2075 5.7538 63.9539 -69.9438 58.4242 -42.7227 0.0000 -0.0000 -1.0131 -52.6048 23.8955 -27.9191 7.1250 -0.0000 -0.0000 -13.5777 5.2428 -15.1770
-10.1054 17.7287 -6.1337 -199.1780 102.8060 -181.9780 0.0000 0.0000 0.0000 -6.5997 -13.7371 -28.1581 1.9599 8.7820 25.1157 0.4490 7.6906 -17.7440 1.8962 -8.6464 -24.6954 0.0000 0.0000 0.0000 13.6050 12.7873 -17.7501 -0.0380 -1.2583 3.4597 0.2376 -8.7764 -1.3772 -1.4848 7.6985 -21.8021 -3.0875 1.9266 14.5564 -2.7716 2.1556 4.2521 -1.5452 1.1558 -3.6561 3.8722 3.7713 -14.4309 -2.3395 7.9736 42.1421 -0.0914 3.9688 18.6132 0.0000 -0.0000 0.0000 -79.8530 -34.9790 55.6076 26.8650 -38.0502 -9.4158 -0.0000 -0.0000 14.2841 32.6517 48.5012 25.6382 -7.1250 0.0000 -0.0000 -30.0854 82.3348 -26.0203 0.0000 -0.0000 0.0000 78.6928 5.6705 63.7888 -69.7030 58.3847 -42.5176 0.0000 0.0000 0.6379 -57.2649 24.4115 -32.7368 7.1250 -0.0000 -0.0000 -15.9440 8.6831 -18.8583
-10.1180 17.7263 -6.1197 -200.7940 102.7760 -183.3290 0.0000 0.0000 0.0000 -6.1647 -13.3511 -28.8052 2.0066 8.8799 25.4202 0.4723 7.1764 -17.5547 1.9741 -8.8120 -25.2090 0.0000 0.0000 0.0000 14.0231 12.6223 -17.3580 -0.0148 -0.7859 2.1599 0.2328 -8.8662 -0.6264 -1.4746 7.6733 -21.7261 -3.0476 1.9780 14.2316 -2.5395 2.2411 4.1589 -1.3279 1.1926 -3.5873 3.8150 3.6932 -14.2262 -2.4782 7.9508 42.1220 -0.1572 3.9418 18.5504 -0.0000 0.0000 0.0000 -80.0442 -35.0025 55.8262 26.8295 -38.0161 -9.3939 -0.0000 -0.0000 14.2445 32.3142 48.8754 25.4762 -7.1250 0.0000 -0.0000 -32.7169 82.4342 -28.3983 -0.0000 0.0000 0.0000 79.2444 6.8051 63.0338 -61.6735 56.7396 -35.7370 0.0000 0.0000 2.0158 -53.9486 19.2523 -24.3694 7.1250 -0.0000 -0.0000 -15.6000 -0.2647 -16.1387
-10.1288 17.7227 -6.1140 -200.5440 103.4390 -183.0630 0.0000 0.0000 0.0000 -5.9892 -13.1298 -28.8042 2.0350 8.9386 25.6035 0.4773 7.5167 -17.9134 1.9677 -8.7985 -25.1671 0.0000 0.0000 0.0000 14.1238 12.9512 -16.2354 0.0000 -0.0000 0.0000 0.2118 -8.9460 0.7100 -1.4752 7.6747 -21.7304 -3.2965 2.1093 13.9736 -2.5257 2.3851 4.0983 -1.1891 1.2616 -3.5217 3.8992 3.7578 -14.2043 -2.6655 8.1625 42.3481 -0.2148 4.0150 18.7170 0.0000 -0.0000 0.0000 -79.9734 -34.8674 55.3474 26.7696 -37.9586 -9.3571 -0.0000 -0.0000 14.1710 32.7860 48.8691 25.8803 -7.1250 0.0000 -0.0000 -32.0000 82.6477 -27.8904 0.0000 -0.0000 0.0000 79.4714 8.2929 61.4620 -56.2748 55.2327 -31.2606 0.0000 -0.0000 -0.9773 -44.0417 17.3637 -16.0991 7.1250 -0.0000 -0.0000 -10.2553 -6.7817 -9.1236
-10.1301 17.7191 -6.1185 -200.0900 103.4700 -182.7950 0.0000 0.0000 0.0000 -6.1689 -12.9973 -28.6429 2.0356 8.9399 25.6076 0.4834 7.4023 -17.8821 1.8968 -8.6477 -24.6995 0.0000 0.0000 0.0000 13.9698 13.3323 -17.0970 -0.0132 -0.7432 2.0425 0.2311 -8.8944 -0.4205 -1.4960 7.7263 -21.8858 -3.4099 2.1733 13.9893 -2.5355 2.4617 4.2038 -1.1465 1.3005 -3.4232 3.5341 3.6115 -14.4127 -2.1817 7.8140 42.3476 0.0149 3.8779 18.6944 -0.0000 0.0000 0.0000 -80.1057 -35.1138 55.5463 26.4907 -37.6892 -9.1860 -0.0000 -0.0000 14.2208 32.9729 48.4112 25.8830 -7.1250 0.0000 -0.0000 -29.0800 82.4186 -25.1826 -0.0000 0.0000 0.0000 78.1278 7.5796 62.0242 -60.4987 56.4414 -34.7563 0.0000 -0.0000 -3.1311 -45.1875 19.6411 -18.6924 7.1250 -0.0000 -0.0000 -10.4411 -3.5036 -9.9530
-10.1270 17.7169 -6.1283 -200.7490 103.0410 -183.5280 0.0000 0.0000 0.0000 -6.1316 -13.2641 -28.6688 2.0473 8.9639 25.6826 0.4835 7.2243 -17.7268 1.9164 -8.6898 -24.8296 0.0000 0.0000 0.0000 14.0705 12.8689 -17.0376 -0.0135 -0.7498 2.0605 0.2338 -8.9035 -0.5617 -1.4630 7.6443 -21.6387 -2.7200 2.0133 14.0632 -2.7676 2.3456 4.3121 -1.7574 1.2465 -3.3131 3.9651 3.6612 -13.9897 -2.3518 7.8251 42.1701 -0.1561 3.9403 18.5075 0.0000 0.0000 0.0000 -79.6129 -35.3181 56.0853 26.5251 -37.7225 -9.2070 -0.0000 -0.0000 13.4683 33.0595 48.7757 26.0842 -7.1250 0.0000 -0.0000 -31.0344 82.7112 -27.0711 0.0000 0.0000 0.0000 78.2982 6.3492 61.7886 -67.6518 58.0261 -40.7742 0.0000 -0.0000 -2.7950 -49.4561 21.9576 -23.6114 7.1250 -0.0000 -0.0000 -12.3503 1.1838 -12.9039
-10.1249 17.7180 -6.1244 -201.1760 102.9550 -184.1130 0.0000 0.0000 0.0000 -6.0691 -13.3210 -28.4368 2.0401 8.9492 25.6364 0.4899 7.1904 -17.7710 1.8554 -8.5581 -24.4225 0.0000 0.0000 0.0000 14.2075 12.8331 -17.0652 -0.0206 -0.9257 2.5444 0.2357 -8.8556 -0.8685 -1.4097 7.5096 -21.2342 -2.7740 1.7881 14.2776 -2.6745 2.0375 4.3282 -1.5857 1.0950 -3.4199 4.0871 3.8384 -13.5967 -2.7023 8.2745 42.2669 -0.2656 4.0997 18.5204 -0.0000 0.0000 0.0000 -79.3782 -35.1137 55.2075 26.6225 -37.8168 -9.2667 -0.0000 -0.0000 13.9275 32.7313 48.5254 25.7149 -7.1250 0.0000 -0.0000 -30.0975 82.3882 -26.0609 -0.0000 0.0000 0.0000 78.7948 5.9355 62.2413 -72.4227 58.7998 -44.8389 0.0000 -0.0000 -1.4324 -54.5983 23.5554 -29.3492 7.1250 -0.0000 -0.0000 -14.7610 5.9127 -16.7426
-10.1330 17.7157 -6.1284 -201.0400 103.0020 -183.9350 0.0000 0.0000 0.0000 -6.0785 -13.2778 -28.6274 2.0647 8.9996 25.7941 0.4872 7.1868 -17.7364 1.8811 -8.6139 -24.5949 0.0000 0.0000 0.0000 14.1535 12.8164 -16.8734 -0.0126 -0.7246 1.9913 0.2334 -8.8892 -0.5840 -1.4752 7.6748 -21.7307 -2.9296 1.8418 14.3361 -2.6161 2.0785 4.2408 -1.4486 1.1142 -3.5505 3.9046 3.7357 -13.6793 -2.4600 8.0492 42.2579 -0.1614 4.0122 18.4936 -0.0000 0.0000 0.0000 -79.5057 -35.0068 55.3339 26.6593 -37.8524 -9.2893 -0.0000 -0.0000 13.8700 32.9145 48.6919 25.9301 -7.1250 0.0000 -0.0000 -30.7635 82.5872 -26.7605 -0.0000 0.0000 0.0000 78.9796 6.5368 62.1565 -67.5380 58.0050 -40.6776 0.0000 0.0000 0.8009 -57.3285 21.0828 -29.2894 7.1250 -0.0000 -0.0000 -16.9492 4.2111 -18.9718
-10.1408 17.7126 -6.1282 -200.5530 103.3790 -183.5260 0.0000 0.0000 0.0000 -6.1902 -12.7953 -28.6488 2.0746 9.0199 25.8574 0.4835 7.1750 -17.6829 1.9119 -8.6800 -24.7994 0.0000 0.0000 0.0000 14.1081 13.1244 -16.5270 -0.0071 -0.5455 1.4990 0.2308 -8.9316 -0.2852 -1.4464 7.6026 -21.5133 -3.1168 1.9151 14.3081 -2.6461 2.1447 4.1945 -1.3864 1.1467 -3.5890 3.7749 3.7054 -13.6782 -2.3334 8.0035 42.3460 -0.0868 3.9902 18.5272 -0.0000 -0.0000 0.0000 -79.2663 -34.8740 55.2195 26.6431 -37.8367 -9.2793 -0.0000 -0.0000 13.7049 32.4459 49.2281 25.7089 -7.1250 0.0000 -0.0000 -34.6683 82.7235 -30.3096 -0.0000 -0.0000 0.0000 79.0365 8.5520 60.7819 -59.8014 56.2568 -34.1759 0.0000 0.0000 1.3242 -42.8406 13.0282 -11.8075 7.1250 -0.0000 -0.0000 -10.3851 -12.6770 -7.9882
-10.1395 17.7112 -6.1286 -200.1400 103.5460 -183.1160 0.0000 0.0000 0.0000 -6.2480 -12.6543 -28.6755 2.0900 9.0511 25.9553 0.4953 7.1154 -17.7671 1.9454 -8.7514 -25.0206 0.0000 0.0000 0.0000 14.0602 13.1685 -16.0822 -0.0014 -0.2409 0.6619 0.2257 -9.0042 0.1930 -1.4993 7.7344 -21.9102 -3.0894 2.0269 14.1652 -2.8730 2.2866 4.0818 -1.6617 1.2170 -3.6199 3.9776 3.5390 -13.5272 -2.0495 7.5734 42.4099 -0.0763 3.8985 18.4930 0.0000 -0.0000 0.0000 -79.0485 -34.9834 55.9024 26.3250 -37.5278 -9.0849 -0.0000 -0.0000 13.6856 33.0095 48.5637 25.9676 -7.1250 0.0000 -0.0000 -29.8774 82.5423 -25.9528 0.0000 -0.0000 0.0000 78.4350 9.1418 61.5637 -57.6647 55.6549 -32.4054 0.0000 -0.0000 -1.7917 -45.3580 17.8269 -17.2230 7.1250 -0.0000 -0.0000 -10.9545 -5.7627 -9.9877
-10.1299 17.7113 -6.1302 -200.3750 103.4810 -183.3040 0.0000 0.0000 0.0000 -6.2164 -12.6980 -28.6837 2.0861 9.0431 25.9304 0.4958 7.0555 -17.7219 1.9316 -8.7222 -24.9301 0.0000 0.0000 0.0000 14.0696 13.1696 -16.2646 -0.0031 -0.3582 0.9842 0.2283 -8.9863 0.0084 -1.5213 7.7883 -22.0730 -3.1456 2.0165 14.0800 -2.7446 2.2862 4.2502 -1.4868 1.2167 -3.4040 3.8132 3.7525 -13.5509 -2.1461 7.9106 41.9963 -0.0362 3.9847 18.2613 0.0000 -0.0000 0.0000 -78.8888 -35.1979 56.1023 26.3527 -37.5549 -9.1018 -0.0000 -0.0000 13.8952 33.2897 49.1555 26.4147 -7.1250 0.0000 -0.0000 -33.0460 83.0703 -29.0737 0.0000 -0.0000 0.0000 77.7119 7.6305 61.5712 -66.0351 57.7146 -39.4050 0.0000 -0.0000 -2.8243 -48.9739 20.6233 -22.0387 7.1250 -0.0000 -0.0000 -12.4174 -0.7580 -12.5517
-10.1052 17.7036 -6.1630 -201.9320 101.5660 -185.6230 0.0000 0.0000 0.0000 -6.5590 -14.0789 -27.8164 2.0538 8.9773 25.7242 0.4946 6.6972 -17.4024 1.9106 -8.6772 -24.7907 0.0000 0.0000 0.0000 14.1884 11.4002 -16.8238 -0.0390 -1.2752 3.5064 0.2461 -8.8654 -1.7672 -1.4807 7.6883 -21.7712 -2.2489 1.0284 15.1724 -2.7691 1.0936 4.4563 -1.8420 0.6376 -3.7614 3.9155 4.0757 -13.0039 -2.2319 8.4962 42.1159 0.0012 4.2339 18.2297 0.0000 -0.0000 0.0000 -78.6335 -34.9128 55.2811 26.4709 -37.6700 -9.1739 -0.0000 -0.0000 13.9368 33.3674 48.4066 26.2213 -7.1250 0.0000 -0.0000 -28.4089 82.5961 -24.6870 0.0000 -0.0000 0.0000 78.0027 7.0653 62.1958 -72.5353 58.8155 -44.9352 0.0000 -0.0000 -2.5720 -52.7308 21.9054 -26.1177 7.1250 -0.0000 -0.0000 -14.1998 2.7071 -15.3241
-10.1090 17.7088 -6.1414 -201.6920 102.3910 -185.1210 0.0000 0.0000 0.0000 -6.3544 -13.2838 -28.1225 2.0666 9.0035 25.8063 0.4978 6.7318 -17.4692 1.8899 -8.6329 -24.6534 0.0000 0.0000 0.0000 14.2662 12.3115 -16.8732 -0.0349 -1.2051 3.3134 0.2455 -8.8763 -1.6339 -1.4471 7.6044 -21.5188 -2.5344 1.5317 14.9020 -2.8727 1.6970 4.2070 -1.8958 0.9307 -3.8737 4.1652 3.8282 -12.8630 -1.9828 7.9718 42.2694 -0.0272 4.1108 18.2532 0.0000 -0.0000 0.0000 -78.6538 -34.6797 56.0540 26.5587 -37.7551 -9.2277 -0.0000 -0.0000 13.8465 33.4960 48.7305 26.4462 -7.1250 0.0000 -0.0000 -30.0825 82.8824 -26.3229 0.0000 -0.0000 0.0000 78.4503 6.9973 62.3342 -69.0929 58.2822 -41.9983 0.0000 0.0000 0.1601 -56.3214 21.2143 -28.5029 7.1250 -0.0000 -0.0000 -16.3653 3.7766 -18.1437
-10.1138 17.7130 -6.1348 -200.7410 103.2530 -184.0030 0.0000 0.0000 0.0000 -6.3830 -12.5162 -28.3213 2.0735 9.0175 25.8502 0.4993 6.7755 -17.5227 1.9630 -8.7886 -25.1362 0.0000 0.0000 0.0000 14.1459 13.0712 -16.4228 -0.0149 -0.7871 2.1633 0.2427 -8.9897 -0.8639 -1.4383 7.5824 -21.4527 -2.9399 1.9518 14.6913 -2.9680 2.1761 3.9879 -1.8516 1.1647 -3.9948 4.1353 3.6459 -13.0620 -1.8249 7.5989 42.2373 -0.0131 3.9763 18.2549 -0.0000 -0.0000 0.0000 -78.9588 -34.4958 56.0002 26.5850 -37.7805 -9.2437 -0.0000 -0.0000 13.7310 33.1399 49.6097 26.4397 -7.1250 0.0000 -0.0000 -36.2932 83.2837 -32.1260 -0.0000 -0.0000 0.0000 78.4958 8.4022 62.3473 -58.2957 55.8384 -32.9269 0.0000 0.0000 1.9627 -48.0639 16.6593 -17.6982 7.1250 -0.0000 -0.0000 -12.8526 -6.3564 -11.6550
-10.1082 17.7061 -6.1417 -199.8600 103.1960 -183.2100 0.0000 0.0000 0.0000 -6.6963 -12.3967 -28.2787 2.0711 9.0127 25.8351 0.4960 6.6912 -17.4132 2.0532 -8.9760 -25.7202 0.0000 0.0000 0.0000 13.8854 13.1201 -16.6626 -0.0243 -1.0059 2.7649 0.2453 -8.9660 -1.1608 -1.4575 7.6306 -21.5975 -3.1212 1.9666 14.7598 -2.9899 2.1607 3.9240 -1.7748 1.1582 -4.1046 3.7762 3.5543 -13.4731 -1.5550 7.4647 42.4516 0.1700 3.8943 18.4509 -0.0000 0.0000 0.0000 -79.3763 -34.5491 56.1932 26.1048 -37.3120 -8.9511 -0.0000 -0.0000 13.9068 33.0338 49.1781 26.2005 -7.1250 0.0000 -0.0000 -33.5530 82.9653 -29.4636 -0.0000 0.0000 0.0000 77.8540 9.2175 62.6656 -54.1402 54.5347 -29.5145 0.0000 0.0000 0.5598 -45.0207 17.1014 -16.3979 7.1250 -0.0000 -0.0000 -10.9107 -6.8087 -9.7226
-10.1058 17.7065 -6.1471 -200.9570 103.0540 -184.2250 0.0000 0.0000 0.0000 -6.4158 -12.6583 -28.4239 2.0997 9.0707 26.0166 0.5007 6.7128 -17.4860 2.0032 -8.8727 -25.3979 0.0000 0.0000 0.0000 14.0903 13.0401 -16.8717 -0.0296 -1.1099 3.0514 0.2470 -8.9658 -1.3100 -1.4123 7.5163 -21.2542 -2.7508 2.0537 14.6626 -2.9053 2.3451 4.0449 -1.9192 1.2469 -3.9132 3.9927 3.6573 -13.1151 -1.7740 7.5614 41.8602 0.0222 3.9437 18.0279 0.0000 -0.0000 0.0000 -79.6533 -34.9175 56.7825 25.8963 -37.1061 -8.8250 -0.0000 -0.0000 14.2129 33.8459 49.3612 26.9703 -7.1250 0.0000 -0.0000 -33.6267 83.4634 -29.8330 0.0000 -0.0000 0.0000 76.7245 7.4866 62.8154 -62.1017 56.8445 -36.0953 0.0000 -0.0000 -4.7759 -45.3504 19.3387 -18.5325 7.1250 -0.0000 -0.0000 -10.6074 -3.8297 -10.0521
-10.0991 17.7103 -6.1475 -201.6850 102.7570 -184.9640 0.0000 0.0000 0.0000 -6.3213 -12.8757 -28.3799 2.0928 9.0568 25.9733 0.5044 6.6375 -17.4661 1.9862 -8.8374 -25.2879 0.0000 0.0000 0.0000 14.2026 12.8239 -17.1137 -0.0415 -1.3140 3.6133 0.2507 -8.9521 -1.7500 -1.2852 7.1837 -20.2607 -2.7854 1.7362 14.6782 -2.6536 1.9491 4.2798 -1.5587 1.0530 -3.6884 3.7387 3.9225 -13.0659 -2.1455 8.2394 41.9351 0.0227 4.1189 18.1055 0.0000 -0.0000 0.0000 -79.2735 -35.0653 56.2327 26.0978 -37.3051 -8.9468 -0.0000 -0.0000 13.3898 34.6731 48.6821 27.4535 -7.1250 0.0000 -0.0000 -27.7931 83.3963 -24.5578 0.0000 -0.0000 0.0000 76.4095 6.4566 62.8004 -69.5943 58.3667 -42.4250 0.0000 -0.0000 -0.8443 -52.1952 22.7344 -26.4795 7.1250 -0.0000 -0.0000 -13.6755 3.5202 -14.9098
-10.0987 17.7090 -6.1522 -201.8780 102.3830 -185.3590 0.0000 0.0000 0.0000 -6.3986 -13.1889 -28.1293 2.0819 9.0346 25.9036 0.5013 6.6400 -17.4328 1.9334 -8.7260 -24.9419 0.0000 0.0000 0.0000 14.2127 12.4513 -17.0826 -0.0474 -1.4052 3.8645 0.2524 -8.9540 -1.9553 -1.3393 7.3275 -20.6893 -2.5243 1.5478 14.9128 -2.7125 1.7449 4.4686 -1.7355 0.9565 -3.6078 3.9924 3.9289 -12.9329 -2.4038 8.2846 41.9045 -0.1383 4.1445 18.0899 -0.0000 0.0000 0.0000 -79.0207 -35.2175 56.1722 26.4173 -37.6178 -9.1412 -0.0000 -0.0000 13.7170 34.4390 48.7460 27.2718 -7.1250 0.0000 -0.0000 -28.6104 83.3319 -25.2548 -0.0000 0.0000 0.0000 76.9981 7.0913 62.6539 -70.7923 58.5590 -43.4462 0.0000 0.0000 2.1739 -56.7696 23.0838 -30.8989 7.1250 -0.0000 -0.0000 -16.0707 6.5993 -18.5158
-10.1082 17.7039 -6.1371 -200.7250 103.2900 -184.0510 0.0000 0.0000 0.0000 -6.4057 -12.4367 -28.3882 2.1098 9.0912 26.0811 0.5006 6.7680 -17.5323 2.0093 -8.8854 -25.4374 0.0000 0.0000 0.0000 14.0515 13.4492 -17.1139 -0.0430 -1.3388 3.6815 0.2539 -9.0286 -1.6463 -1.4498 7.6112 -21.5391 -2.8997 1.9401 14.7099 -2.8448 2.1918 4.2662 -1.7401 1.1743 -3.7144 3.9683 3.7828 -13.1324 -2.0662 7.9779 42.2549 -0.0211 4.0632 18.3119 0.0000 0.0000 0.0000 -78.9307 -35.0016 56.2879 26.5171 -37.7148 -9.2022 -0.0000 -0.0000 13.7681 34.3071 48.8880 27.2073 -7.1250 0.0000 -0.0000 -29.7427 83.3684 -26.2875 0.0000 0.0000 0.0000 78.1102 8.7732 62.1903 -61.6726 56.7394 -35.7363 0.0000 0.0000 4.8946 -52.2731 17.5117 -21.2532 7.1250 -0.0000 -0.0000 -15.1122 -3.4961 -14.6916
-10.1115 17.7055 -6.1307 -200.6230 103.2480 -184.0020 0.0000 0.0000 0.0000 -6.4781 -12.2358 -28.4672 2.1203 9.1124 26.1475 0.4939 6.6281 -17.3357 2.1086 -9.0887 -26.0732 0.0000 0.0000 0.0000 14.0743 13.3769 -16.9224 -0.0379 -1.2559 3.4531 0.2567 -9.0876 -1.6008 -1.4094 7.5090 -21.2325 -2.9088 1.8826 14.6659 -2.8647 2.0961 4.0196 -1.7440 1.1245 -3.9513 4.2485 3.7996 -12.8623 -2.2020 8.0721 42.5517 -0.1168 4.1419 18.4537 0.0000 0.0000 0.0000 -78.6803 -34.4861 56.4335 26.3567 -37.5587 -9.1042 -0.0000 -0.0000 13.2394 34.2140 49.0414 27.1801 -7.1250 0.0000 -0.0000 -30.8999 83.4286 -27.3586 0.0000 0.0000 0.0000 78.8170 10.8953 61.8488 -53.6570 54.3680 -29.1213 0.0000 0.0000 0.0028 -43.2384 16.3917 -14.8617 7.1250 -0.0000 -0.0000 -9.9643 -8.2604 -8.5633
-10.1131 17.7003 -6.1304 -201.4520 103.1230 -184.7820 0.0000 0.0000 0.0000 -6.2922 -12.3620 -28.6473 2.1427 9.1573 26.2885 0.4829 6.6783 -17.2485 2.0812 -9.0332 -25.8992 0.0000 0.0000 0.0000 14.2868 13.1917 -16.7299 -0.0272 -1.0642 2.9254 0.2523 -9.0977 -1.1496 -1.5739 7.9157 -22.4583 -2.5390 2.0092 14.6323 -2.8900 2.3169 4.0272 -2.0163 1.2314 -3.9087 4.0024 3.6525 -13.1407 -1.5376 7.5496 42.3307 0.1410 3.9769 18.3023 -0.0000 0.0000 0.0000 -78.9808 -35.0760 57.3884 25.8461 -37.0563 -8.7947 -0.0000 -0.0000 13.4625 34.0763 49.2287 27.1256 -7.1250 0.0000 -0.0000 -32.3768 83.4872 -28.7207 -0.0000 0.0000 0.0000 78.1070 9.5836 61.2420 -59.2116 56.0962 -33.6859 0.0000 -0.0000 -0.9875 -44.0812 18.6720 -17.2257 7.1250 -0.0000 -0.0000 -9.9954 -5.1086 -9.2099
-10.1053 17.6971 -6.1223 -202.6260 102.8000 -186.0260 0.0000 0.0000 0.0000 -6.0142 -12.7748 -28.5703 2.1620 9.1956 26.4092 0.4847 6.7035 -17.2914 2.0450 -8.9593 -25.6680 0.0000 0.0000 0.0000 14.5931 12.8317 -16.5876 -0.0255 -1.0300 2.8312 0.2510 -9.0898 -1.0818 -1.5995 7.9767 -22.6434 -2.2766 1.6940 14.6355 -2.8772 1.9505 4.1429 -2.0826 1.0519 -3.7863 4.2750 3.9385 -12.7648 -1.9595 8.1380 42.3441 -0.0045 4.2031 18.2862 0.0000 -0.0000 0.0000 -78.3355 -34.7948 56.7018 26.2052 -37.4106 -9.0120 -0.0000 -0.0000 13.4298 33.9771 49.1284 27.0038 -7.1250 0.0000 -0.0000 -31.8499 83.3750 -28.1812 0.0000 -0.0000 0.0000 77.4985 8.9749 62.2512 -66.7805 57.8615 -40.0357 0.0000 -0.0000 -1.1215 -48.7711 21.2286 -22.4500 7.1250 -0.0000 -0.0000 -12.1476 -0.0606 -12.4172
-10.1035 17.6945 -6.1234 -202.6340 102.6200 -186.1780 0.0000 0.0000 0.0000 -6.1073 -12.8120 -28.4344 2.1561 9.1839 26.3722 0.4802 6.6379 -17.1831 2.0693 -9.0089 -25.8232 0.0000 0.0000 0.0000 14.5664 12.7593 -16.8215 -0.0404 -1.2978 3.5686 0.2574 -9.1085 -1.5468 -1.6408 8.0739 -22.9388 -2.3988 1.5661 14.8488 -2.8368 1.7674 4.2469 -1.9442 0.9646 -3.7994 4.3109 4.0374 -12.6751 -1.9964 8.3900 42.6884 0.0253 4.3070 18.4925 0.0000 -0.0000 0.0000 -78.3590 -34.8016 56.3000 26.2296 -37.4345 -9.0268 -0.0000 -0.0000 13.5415 34.3806 49.1772 27.3738 -7.1250 0.0000 -0.0000 -31.5552 83.5973 -28.0443 0.0000 -0.0000 0.0000 77.6299 8.8057 62.5862 -70.4813 58.5104 -43.1808 0.0000 0.0000 0.4251 -54.5832 23.2269 -29.0125 7.1250 -0.0000 -0.0000 -14.8470 5.4715 -16.7434
-10.1048 17.6951 -6.1138 -202.5180 103.0900 -185.9120 0.0000 0.0000 0.0000 -5.9408 -12.5477 -28.5575 2.1679 9.2073 26.4460 0.4811 6.7904 -17.3231 2.1223 -9.1163 -26.1597 0.0000 0.0000 0.0000 14.6394 13.0869 -16.3132 -0.0182 -0.8706 2.3928 0.2534 -9.1886 -0.8636 -1.6404 8.0730 -22.9359 -2.8547 1.8587 14.7947 -2.6958 2.0830 4.1498 -1.5959 1.1184 -3.8882 3.9681 3.8895 -12.8462 -1.8942 8.1853 42.5995 0.0982 4.1815 18.4427 0.0000 0.0000 0.0000 -78.9025 -34.8813 56.3468 26.1541 -37.3604 -8.9810 -0.0000 -0.0000 13.6855 34.1443 49.0610 27.1261 -7.1250 0.0000 -0.0000 -31.1410 83.4089 -27.5640 0.0000 0.0000 0.0000 77.4595 8.9750 63.2247 -63.3136 57.1301 -37.1115 0.0000 0.0000 1.9469 -56.9618 20.2108 -27.9776 7.1250 -0.0000 -0.0000 -16.9978 2.7613 -18.6199
-10.0937 17.7007 -6.1088 -202.3410 103.0930 -185.6270 0.0000 0.0000 0.0000 -5.9820 -12.5309 -28.5745 2.1510 9.1738 26.3405 0.4742 6.8426 -17.2869 2.1241 -9.1200 -26.1713 0.0000 0.0000 0.0000 14.5942 13.0494 -16.1607 -0.0129 -0.7323 2.0126 0.2526 -9.1943 -0.7853 -1.5093 7.7588 -21.9840 -3.1737 1.7560 14.4186 -2.6221 1.9182 4.1139 -1.2963 1.0357 -3.7360 4.0424 4.0879 -12.7166 -2.2478 8.6605 42.6601 0.0078 4.3363 18.5041 0.0000 0.0000 0.0000 -79.0055 -34.7324 55.7590 26.0030 -37.2117 -8.8895 -0.0000 -0.0000 13.7002 33.7950 49.2859 26.8997 -7.1250 0.0000 -0.0000 -33.1832 83.3915 -29.3899 0.0000 0.0000 0.0000 77.5366 9.9061 61.9026 -55.0504 54.8399 -30.2572 0.0000 -0.0000 -0.1586 -40.4043 12.6930 -10.5937 7.1250 -0.0000 -0.0000 -8.8586 -13.6440 -6.6000
-10.0644 17.7108 -6.1018 -201.5840 102.3650 -185.1110 0.0000 0.0000 0.0000 -6.6081 -12.4110 -28.1924 2.0779 9.0265 25.8782 0.4785 6.2240 -16.8172 2.1877 -9.2466 -26.5697 0.0000 0.0000 0.0000 14.2955 12.5670 -16.8113 -0.0457 -1.3800 3.7949 0.2597 -9.0960 -1.8764 -1.5518 7.8624 -22.2970 -3.1516 1.7405 14.1195 -2.7608 1.9322 4.3385 -1.4401 1.0450 -3.3323 3.7035 3.7537 -12.8917 -1.7778 8.0477 42.7437 0.1793 4.1045 18.5115 0.0000 0.0000 0.0000 -79.1631 -35.2283 56.8226 25.8353 -37.0456 -8.7882 -0.0000 -0.0000 13.7437 33.6409 49.4156 26.8101 -7.1250 0.0000 -0.0000 -34.2901 83.4009 -30.3930 0.0000 0.0000 0.0000 76.5424 8.7463 61.3256 -55.6233 55.0261 -30.7261 0.0000 -0.0000 -0.6928 -45.5774 18.6330 -18.0565 7.1250 -0.0000 -0.0000 -10.9042 -4.6514 -10.1738
-10.0618 17.7054 -6.0979 -201.6120 102.2520 -185.1510 0.0000 0.0000 0.0000 -6.6929 -12.2228 -28.2687 2.0688 9.0079 25.8201 0.4760 6.0324 -16.6311 2.2114 -9.2932 -26.7168 0.0000 0.0000 0.0000 14.2507 12.6002 -17.1861 -0.0650 -1.6446 4.5244 0.2645 -9.1286 -2.2846 -1.6179 8.0203 -22.7756 -3.4230 1.4530 14.0438 -2.6583 1.5360 4.4772 -1.1080 0.8492 -3.1546 3.6770 4.0709 -12.7462 -2.2370 8.7451 42.6539 0.0933 4.3097 18.4873 -0.0000 0.0000 0.0000 -78.8592 -35.1538 55.5844 25.9292 -37.1387 -8.8449 -0.0000 -0.0000 13.9008 33.3592 49.5389 26.6067 -7.1250 0.0000 -0.0000 -35.5220 83.3442 -31.4689 -0.0000 0.0000 0.0000 75.6327 7.7527 62.6941 -62.4000 56.9163 -36.3451 0.0000 -0.0000 -2.0335 -51.2238 21.9781 -24.9795 7.1250 -0.0000 -0.0000 -13.3403 2.0431 -14.1923
-10.0736 17.7081 -6.0955 -201.7870 102.4960 -185.2500 0.0000 0.0000 0.0000 -6.5086 -12.2021 -28.3699 2.0854 9.0417 25.9259 0.4779 6.1337 -16.7367 2.1269 -9.1256 -26.1889 0.0000 0.0000 0.0000 14.3176 12.8096 -17.0272 -0.0525 -1.4793 4.0687 0.2635 -9.1410 -2.0322 -1.5299 7.8092 -22.1362 -3.3523 1.6620 14.1457 -2.6531 1.8191 4.5295 -1.1918 0.9895 -3.1545 3.7657 4.0242 -12.5596 -2.3944 8.7433 42.6545 -0.0022 4.3117 18.4559 0.0000 0.0000 0.0000 -79.1535 -35.4314 55.9006 25.9930 -37.2018 -8.8834 -0.0000 -0.0000 13.9951 33.8276 48.7818 26.7519 -7.1250 0.0000 -0.0000 -29.8608 83.0716 -26.2304 0.0000 0.0000 0.0000 75.9938 6.6137 62.3169 -69.0240 58.2704 -41.9397 0.0000 -0.0000 -0.4016 -57.1978 23.6588 -31.9075 7.1250 -0.0000 -0.0000 -16.1318 7.6425 -18.8487
-10.0907 17.7047 -6.1016 -202.4440 102.4300 -185.7360 0.0000 0.0000 0.0000 -6.3174 -12.2795 -28.7228 2.1039 9.0792 26.0434 0.4779 6.1065 -16.7146 2.1512 -9.1742 -26.3417 0.0000 0.0000 0.0000 14.4051 12.7397 -17.0749 -0.0425 -1.3313 3.6610 0.2629 -9.1754 -1.7295 -1.5493 7.8565 -22.2790 -2.9424 1.7158 14.3185 -2.7844 1.9298 4.4728 -1.5861 1.0461 -3.2912 4.0939 3.9333 -12.5979 -2.2750 8.4171 42.5669 -0.0669 4.2502 18.4057 -0.0000 0.0000 0.0000 -78.9070 -35.4277 56.3514 26.4018 -37.6027 -9.1317 -0.0000 -0.0000 13.7955 33.6033 49.2587 26.7232 -7.1250 0.0000 -0.0000 -33.2746 83.2838 -29.4072 -0.0000 0.0000 0.0000 76.9968 7.5873 62.1725 -65.2739 57.5589 -38.7620 0.0000 0.0000 2.3399 -59.6867 22.5523 -33.2640 7.1250 -0.0000 -0.0000 -17.7877 7.8294 -21.0163
-10.1069 17.7003 -6.1109 -201.9740 102.5540 -185.2500 0.0000 0.0000 0.0000 -6.3823 -12.1803 -28.8215 2.1068 9.0851 26.0619 0.4817 6.0931 -16.7488 2.1334 -9.1386 -26.2299 0.0000 0.0000 0.0000 14.2585 13.0051 -17.4086 -0.0565 -1.5344 4.2206 0.2638 -9.1516 -1.9977 -1.5128 7.7676 -22.0105 -2.9012 1.8152 14.5124 -2.8252 2.0410 4.2914 -1.6834 1.1002 -3.5833 4.0944 3.7144 -12.5733 -2.2045 8.1197 42.8707 -0.0837 4.1510 18.5652 -0.0000 0.0000 0.0000 -78.9177 -35.2030 56.8516 26.4234 -37.6237 -9.1449 -0.0000 -0.0000 13.7520 33.6328 49.4193 26.8043 -7.1250 0.0000 -0.0000 -34.3269 83.3993 -30.4252 -0.0000 0.0000 0.0000 77.6900 9.7580 61.1073 -57.8519 55.7098 -32.5600 0.0000 0.0000 3.4931 -43.4530 13.0914 -12.1116 7.1250 -0.0000 -0.0000 -10.7674 -12.4483 -8.3454
-10.1054 17.7053 -6.1124 -201.4840 102.5350 -184.8850 0.0000 0.0000 0.0000 -6.5840 -12.0561 -28.7201 2.1072 9.0858 26.0642 0.4762 6.0292 -16.6304 2.2302 -9.3300 -26.8331 0.0000 0.0000 0.0000 14.1864 12.8715 -16.9845 -0.0420 -1.3229 3.6378 0.2630 -9.1932 -1.6379 -1.5752 7.9186 -22.4671 -3.0499 1.8843 14.2941 -2.8720 2.1261 4.3640 -1.6530 1.1428 -3.3915 3.8645 3.5697 -12.8331 -1.6847 7.6840 42.8040 0.1244 4.0027 18.5181 0.0000 -0.0000 0.0000 -78.6455 -35.7849 58.1737 25.7650 -36.9757 -8.7459 -0.0000 -0.0000 13.4247 34.0874 49.5989 27.2642 -7.1250 0.0000 -0.0000 -34.9912 83.7259 -31.2295 0.0000 -0.0000 0.0000 77.4008 10.4939 61.1866 -56.9357 55.4365 -31.8042 0.0000 0.0000 2.3494 -42.0425 15.3633 -13.4365 7.1250 -0.0000 -0.0000 -9.4208 -9.8927 -7.7708
-10.0862 17.7032 -6.1136 -202.4220 101.9180 -185.8970 0.0000 0.0000 0.0000 -6.6068 -12.3764 -28.7001 2.1168 9.1052 26.1248 0.4761 5.7305 -16.3899 2.0642 -8.9986 -25.7910 0.0000 0.0000 0.0000 14.2805 12.2955 -17.1858 -0.0570 -1.5411 4.2389 0.2649 -9.1520 -2.1367 -1.4828 7.6936 -21.7873 -3.4831 1.4185 14.1417 -2.4968 1.4951 4.6227 -0.8983 0.8288 -3.0597 3.6127 4.0254 -13.1242 -2.1559 8.5053 42.2082 0.0981 4.1981 18.2929 -0.0000 0.0000 0.0000 -78.5751 -35.8256 56.8590 25.6937 -36.9046 -8.7031 -0.0000 -0.0000 13.7439 34.1223 49.5652 27.2831 -7.1250 0.0000 -0.0000 -34.6955 83.7218 -30.9586 -0.0000 0.0000 0.0000 76.1723 9.3358 63.2312 -63.8512 57.2518 -37.5634 0.0000 -0.0000 -2.5589 -45.7451 19.8728 -19.2335 7.1250 -0.0000 -0.0000 -10.7180 -3.0077 -10.3259
-10.0608 17.6967 -6.1178 -203.5850 101.3640 -187.2490 0.0000 0.0000 0.0000 -6.5461 -12.8052 -28.5048 2.1330 9.1377 26.2271 0.4692 5.6355 -16.2294 2.1813 -9.2339 -26.5298 0.0000 0.0000 0.0000 14.4555 11.8313 -17.4548 -0.0887 -1.9208 5.2868 0.2639 -9.0766 -2.8309 -1.4879 7.7062 -21.8251 -2.8363 1.3319 14.4016 -2.8063 1.4446 4.5318 -1.5879 0.8097 -3.2732 4.4360 4.0031 -12.3105 -2.3728 8.2988 41.8166 -0.2218 4.2447 17.8974 -0.0000 -0.0000 0.0000 -78.6884 -35.3586 57.2963 25.9490 -37.1583 -8.8568 -0.0000 -0.0000 14.1493 34.6936 49.5702 27.7872 -7.1250 0.0000 -0.0000 -33.9331 83.9976 -30.4351 -0.0000 -0.0000 0.0000 77.0846 7.0664 62.7689 -71.7382 58.7016 -44.2538 0.0000 0.0000 0.6419 -53.2422 22.9279 -27.5444 7.1250 -0.0000 -0.0000 -14.1988 4.3281 -15.7046
-10.0581 17.7001 -6.1180 -203.6610 102.5820 -186.7500 0.0000 0.0000 0.0000 -6.1187 -11.8241 -29.2951 2.1872 9.2457 26.5668 0.4690 5.7611 -16.3269 2.3078 -9.4797 -27.3079 0.0000 0.0000 0.0000 14.5264 13.1061 -17.6040 -0.0687 -1.6914 4.6535 0.2676 -9.1704 -2.4057 -1.3779 7.4282 -20.9903 -2.8220 1.8896 13.9782 -2.9904 2.1573 4.1536 -1.9034 1.1550 -3.4301 4.6379 3.8174 -12.1407 -2.0333 7.8515 41.9433 -0.1868 4.1544 17.8893 -0.0000 0.0000 0.0000 -78.6231 -35.0154 57.8649 26.1531 -37.3595 -8.9804 -0.0000 -0.0000 13.9632 34.6519 49.5618 27.7475 -7.1250 0.0000 -0.0000 -33.9290 83.9724 -30.4161 -0.0000 0.0000 0.0000 77.6156 6.6413 63.1431 -70.3512 58.4897 -43.0700 0.0000 0.0000 2.7586 -58.7655 22.5332 -32.2892 7.1250 -0.0000 -0.0000 -17.3019 7.1611 -20.2131
-10.0368 17.6977 -6.1334 -203.7080 102.8030 -186.8620 0.0000 0.0000 0.0000 -6.0921 -11.8335 -29.1281 2.2128 9.2959 26.7253 0.4967 5.8084 -16.7019 2.2463 -9.3612 -26.9320 0.0000 0.0000 0.0000 14.5755 13.1826 -17.1395 -0.0527 -1.4808 4.0728 0.2684 -9.2219 -2.0690 -1.4957 7.7256 -21.8837 -2.9475 1.8265 13.9629 -2.9224 2.0561 4.1160 -1.7449 1.1039 -3.4692 4.2603 3.8522 -12.1998 -2.0419 8.0235 41.9794 -0.0903 4.1591 17.9132 0.0000 0.0000 0.0000 -78.8285 -34.5276 57.0100 26.3211 -37.5240 -9.0825 -0.0000 -0.0000 14.3244 34.7819 49.7981 27.9451 -7.1250 0.0000 -0.0000 -35.5951 84.1783 -32.0645 0.0000 0.0000 0.0000 77.9227 8.0467 62.9092 -60.6369 56.4773 -34.8715 0.0000 0.0000 3.6352 -48.4548 14.5880 -15.8668 7.1250 -0.0000 -0.0000 -13.5776 -9.0254 -11.6195
-10.0126 17.6915 -6.1436 -202.8160 102.9420 -186.1910 0.0000 0.0000 0.0000 -6.4209 -11.5493 -28.9239 2.2370 9.3432 26.8748 0.5312 5.5494 -16.9120 2.1783 -9.2280 -26.5111 0.0000 0.0000 0.0000 14.4373 13.2076 -16.6495 -0.0434 -1.3443 3.6968 0.2710 -9.3048 -1.8132 -1.6074 7.9953 -22.6999 -3.3101 1.6825 13.8116 -2.7826 1.8377 4.2281 -1.3496 0.9955 -3.2860 3.7896 4.0653 -12.4202 -2.3897 8.6535 42.0542 -0.0409 4.2799 18.0482 -0.0000 0.0000 0.0000 -78.8780 -34.2471 56.3058 26.3387 -37.5412 -9.0932 -0.0000 -0.0000 14.1645 35.4566 50.0841 28.6439 -7.1250 0.0000 -0.0000 -37.1651 84.6709 -33.8242 -0.0000 0.0000 0.0000 77.8175 9.9912 62.8212 -56.2982 55.2400 -31.2798 0.0000 -0.0000 -0.5649 -41.2871 15.7524 -13.4086 7.1250 -0.0000 -0.0000 -8.8674 -9.5993 -7.3555
-9.9889 17.6883 -6.1579 -203.3020 102.4490 -186.5340 0.0000 0.0000 0.0000 -6.5437 -11.6859 -29.2479 2.2635 9.3946 27.0378 0.5468 5.1857 -16.8250 2.1383 -9.1483 -26.2604 0.0000 0.0000 0.0000 14.3356 12.7725 -17.0033 -0.0529 -1.4838 4.0811 0.2756 -9.3449 -2.0841 -1.6038 7.9868 -22.6739 -2.8951 1.6905 13.5727 -2.7976 1.9097 4.1769 -1.6027 1.0292 -3.1982 3.5771 3.8780 -12.2567 -2.4431 8.4038 41.7307 -0.0857 4.1515 17.7893 -0.0000 0.0000 0.0000 -79.2388 -34.1533 56.9817 26.3843 -37.5857 -9.1210 -0.0000 -0.0000 13.9903 35.5538 50.3036 28.8076 -7.1250 0.0000 -0.0000 -39.0822 84.8388 -35.7120 -0.0000 0.0000 0.0000 76.9741 7.7829 62.7478 -63.5807 57.1910 -37.3360 0.0000 -0.0000 -2.5836 -44.0357 18.5606 -17.1068 7.1250 -0.0000 -0.0000 -9.9924 -5.2643 -9.1772
-9.9570 17.6873 -6.1647 -204.2520 101.8020 -187.7190 0.0000 0.0000 0.0000 -6.6372 -12.0877 -28.8909 2.2540 9.3763 26.9797 0.5700 4.8983 -16.8891 1.9808 -8.8260 -25.2524 0.0000 0.0000 0.0000 14.4574 11.9957 -16.7066 -0.0546 -1.5080 4.1479 0.2782 -9.3534 -2.3935 -1.5077 7.7551 -21.9726 -1.7063 1.7533 13.7827 -3.4177 2.1285 4.1625 -2.9679 1.1444 -3.2605 4.4772 3.6056 -11.4957 -2.4116 7.7988 41.7393 -0.3629 4.0898 17.6115 0.0000 0.0000 0.0000 -78.8105 -34.2902 59.0148 26.2193 -37.4245 -9.0206 -0.0000 -0.0000 13.6128 35.4299 49.8956 28.5536 -7.1250 0.0000 -0.0000 -35.5410 84.5494 -32.2482 0.0000 0.0000 0.0000 78.1239 5.2630 62.0788 -71.9858 58.7376 -44.4654 0.0000 -0.0000 -1.4174 -51.3965 21.9643 -25.1021 7.1250 -0.0000 -0.0000 -13.4406 2.1098 -14.3205
-9.9531 17.6946 -6.1643 -205.1560 101.8940 -188.4290 0.0000 0.0000 0.0000 -6.3558 -12.1059 -29.0799 2.2595 9.3869 27.0133 0.5777 4.8781 -16.9647 1.9208 -8.6991 -24.8586 0.0000 0.0000 0.0000 14.7018 11.8847 -16.1602 -0.0250 -1.0206 2.8056 0.2780 -9.4356 -1.7595 -1.5350 7.8218 -22.1741 -2.1323 1.6080 13.7426 -3.0195 1.8908 4.1745 -2.2681 1.0226 -3.2625 4.2443 3.8457 -11.6422 -2.7908 8.3999 41.8044 -0.3802 4.2351 17.7384 -0.0000 -0.0000 0.0000 -79.2521 -34.2593 58.0175 26.1353 -37.3420 -8.9696 -0.0000 -0.0000 13.9456 35.4049 49.9780 28.5604 -7.1250 0.0000 -0.0000 -36.2890 84.5851 -32.9601 -0.0000 -0.0000 0.0000 78.3304 5.0595 62.5112 -73.6845 58.9699 -45.9193 0.0000 0.0000 0.4643 -57.8157 23.1891 -32.0331 7.1250 -0.0000 -0.0000 -16.6010 7.4165 -19.3866
-9.9458 17.6936 -6.1670 -205.7650 101.9500 -189.0540 0.0000 0.0000 0.0000 -6.2360 -12.0101 -29.1278 2.2830 9.4322 27.1568 0.5880 4.7984 -17.0288 1.9714 -8.8062 -25.1909 0.0000 0.0000 0.0000 14.9433 11.4043 -14.6449 0.0000 -0.0000 0.0000 0.2627 -9.5195 -0.3181 -1.5278 7.8042 -22.1208 -2.2816 1.6823 13.9158 -2.8276 1.9590 4.0762 -2.0028 1.0532 -3.4696 3.9404 3.8061 -11.7016 -2.5988 8.3309 41.7668 -0.2500 4.1848 17.6941 0.0000 -0.0000 0.0000 -79.6332 -33.9313 58.0911 26.2254 -37.4304 -9.0243 -0.0000 -0.0000 13.3752 35.9626 49.8725 29.0198 -7.1250 0.0000 -0.0000 -34.5945 84.7949 -31.5275 0.0000 -0.0000 0.0000 78.5908 6.1949 62.9218 -62.1273 56.8507 -36.1167 0.0000 0.0000 1.7812 -58.3466 19.7742 -28.7569 7.1250 -0.0000 -0.0000 -17.8730 2.9999 -19.7498
-9.9309 17.6944 -6.1726 -204.8910 102.0670 -188.3150 0.0000 0.0000 0.0000 -6.4949 -11.7779 -28.9152 2.2709 9.4089 27.0828 0.5940 4.7069 -17.0344 2.0062 -8.8790 -25.4176 0.0000 0.0000 0.0000 14.7971 11.5099 -14.4463 0.0000 0.0000 -0.0000 0.2617 -9.5050 -0.3051 -1.5227 7.7917 -22.0832 -2.5763 1.5801 13.8526 -2.7786 1.7843 4.0252 -1.7553 0.9665 -3.5018 3.8128 3.9065 -11.8710 -2.7720 8.6598 42.0759 -0.2345 4.2689 17.9474 -0.0000 -0.0000 0.0000 -79.5725 -33.7358 57.4819 26.0962 -37.3035 -8.9459 -0.0000 -0.0000 14.1562 35.2496 50.4907 28.6015 -7.1250 0.0000 -0.0000 -41.1598 84.7869 -37.6077 -0.0000 -0.0000 0.0000 79.1023 8.3344 61.1094 -51.8471 53.7138 -27.6562 0.0000 0.0000 0.5252 -45.0289 16.9777 -16.2933 7.1250 -0.0000 -0.0000 -10.9428 -6.9658 -9.7184
-9.9214 17.6910 -6.1822 -204.1520 102.3490 -187.6410 0.0000 0.0000 0.0000 -6.7221 -11.2588 -28.9324 2.2838 9.4339 27.1621 0.5961 4.5702 -16.9649 2.0721 -9.0146 -25.8411 0.0000 0.0000 0.0000 14.6565 11.7910 -14.3223 0.0000 -0.0000 0.0000 0.2641 -9.5462 -0.3136 -1.5082 7.7563 -21.9764 -2.7802 1.6758 13.6035 -2.7303 1.9001 4.1050 -1.5980 1.0231 -3.2895 3.3812 3.8213 -12.1277 -2.4978 8.5278 42.1450 -0.0471 4.1759 18.0004 -0.0000 0.0000 0.0000 -79.6298 -34.1079 57.5317 25.7935 -37.0041 -8.7631 -0.0000 -0.0000 13.8957 35.5842 50.4089 28.8716 -7.1250 0.0000 -0.0000 -40.0624 84.9088 -36.6712 -0.0000 0.0000 0.0000 77.5858 7.6972 61.6241 -56.2855 55.2360 -31.2695 0.0000 -0.0000 -1.5558 -45.1701 18.5083 -17.7100 7.1250 -0.0000 -0.0000 -10.6882 -4.9518 -9.9033
-9.9123 17.6939 -6.1757 -204.5630 102.3020 -187.9010 0.0000 0.0000 0.0000 -6.6250 -11.2158 -29.1604 2.3002 9.4653 27.2619 0.6133 4.3482 -17.0146 2.0178 -8.9031 -25.4928 0.0000 0.0000 0.0000 14.6860 11.9776 -14.9802 -0.0035 -0.3797 1.0432 0.2726 -9.5258 -0.8978 -1.5051 7.7487 -21.9533 -2.4525 1.7320 13.4420 -2.9774 2.0134 4.0483 -2.0549 1.0798 -3.2412 4.0141 3.8292 -11.7629 -2.6465 8.4797 42.2416 -0.2457 4.2523 18.0100 0.0000 0.0000 0.0000 -79.3547 -34.0620 57.9705 25.7968 -37.0074 -8.7651 -0.0000 -0.0000 13.8685 35.4101 50.2820 28.6718 -7.1250 0.0000 -0.0000 -39.0312 84.7570 -35.6093 0.0000 0.0000 0.0000 77.6225 5.5912 60.9788 -64.1619 57.3207 -37.8248 0.0000 -0.0000 -0.8507 -49.9849 21.1667 -23.2721 7.1250 -0.0000 -0.0000 -12.8558 0.3979 -13.2827
-9.9164 17.6915 -6.1716 -205.2990 102.1770 -188.5470 0.0000 0.0000 0.0000 -6.4401 -11.4019 -29.3015 2.3091 9.4822 27.3156 0.5986 4.5121 -16.9547 2.0493 -8.9680 -25.6952 0.0000 0.0000 0.0000 14.8597 11.6928 -14.5536 0.0000 -0.0000 0.0000 0.2664 -9.5937 -0.2929 -1.5418 7.8381 -22.2235 -2.2499 1.6999 13.6093 -3.0010 1.9872 4.0033 -2.1973 1.0665 -3.3724 4.2078 3.9261 -11.4603 -2.6136 8.5987 42.2659 -0.2525 4.3448 17.9605 0.0000 0.0000 0.0000 -79.3051 -33.9631 58.0501 26.0434 -37.2516 -8.9139 -0.0000 -0.0000 13.7265 35.7917 49.8940 28.8751 -7.1250 0.0000 -0.0000 -35.0297 84.7244 -31.8859 0.0000 0.0000 0.0000 77.6557 4.6129 60.9352 -70.5992 58.5289 -43.2814 0.0000 -0.0000 -1.0092 -55.0166 23.1186 -29.2963 7.1250 -0.0000 -0.0000 -15.1134 5.5801 -17.0911
-9.9258 17.6912 -6.1695 -205.9100 102.1550 -189.1640 0.0000 0.0000 0.0000 -6.2857 -11.3919 -29.3328 2.3087 9.4816 27.3136 0.5976 4.4557 -16.9055 2.0274 -8.9228 -25.5543 0.0000 0.0000 0.0000 15.0049 11.6788 -14.5503 0.0000 -0.0000 0.0000 0.2684 -9.6117 -0.3474 -1.5387 7.8307 -22.2010 -2.2667 1.7058 13.9466 -2.9024 1.9820 3.9937 -2.0969 1.0638 -3.5693 4.0697 3.8270 -11.4990 -2.5753 8.4137 42.0861 -0.2475 4.2508 17.8405 0.0000 0.0000 0.0000 -79.1889 -33.8251 58.0483 26.5729 -37.7688 -9.2363 -0.0000 -0.0000 13.9795 35.6718 50.2962 28.9103 -7.1250 0.0000 -0.0000 -38.8864 84.8926 -35.5662 0.0000 0.0000 0.0000 77.6276 5.7632 62.3156 -64.7951 57.4579 -38.3582 0.0000 0.0000 0.4835 -59.4192 21.2414 -31.5117 7.1250 -0.0000 -0.0000 -18.0281 5.8091 -20.7685
-9.9446 17.6926 -6.1605 -204.7350 102.8730 -187.6970 0.0000 0.0000 0.0000 -6.2435 -10.8303 -29.7149 2.3163 9.4961 27.3597 0.5978 4.5687 -16.9836 2.0878 -9.0465 -25.9410 0.0000 0.0000 0.0000 14.8444 12.5862 -14.8697 0.0000 -0.0000 0.0000 0.2653 -9.6377 -0.1088 -1.5660 7.8968 -22.4009 -2.7383 1.8278 13.7723 -2.8564 2.0727 3.8383 -1.7957 1.1064 -3.6540 4.0104 3.9096 -11.6304 -2.9052 8.7263 42.2355 -0.3241 4.3171 18.0067 0.0000 0.0000 0.0000 -78.9252 -33.6514 57.5985 26.6251 -37.8193 -9.2683 -0.0000 -0.0000 12.9677 35.7263 50.4493 29.0128 -7.1250 0.0000 -0.0000 -40.3242 84.9994 -36.9778 0.0000 0.0000 0.0000 78.1776 8.8963 61.0795 -55.1921 54.8864 -30.3731 0.0000 0.0000 3.6002 -40.7821 10.9105 -9.2732 7.1250 -0.0000 -0.0000 -9.4192 -15.8241 -6.5845
-9.9388 17.6944 -6.1599 -204.6040 102.7590 -187.8120 0.0000 0.0000 0.0000 -6.3372 -10.9651 -29.3641 2.3145 9.4926 27.3486 0.5833 4.6967 -16.9035 2.1295 -9.1308 -26.2053 0.0000 0.0000 0.0000 14.8623 12.4097 -14.5628 0.0000 -0.0000 0.0000 0.2616 -9.4659 -0.4236 -1.6572 8.1121 -23.0552 -2.7677 1.8662 13.8122 -2.8936 2.1183 3.8525 -1.8271 1.1300 -3.6598 4.1145 3.7854 -11.7675 -2.5711 8.4357 42.6299 -0.2291 4.2631 18.2448 0.0000 -0.0000 0.0000 -79.1293 -33.8078 57.7178 26.1692 -37.3753 -8.9902 -0.0000 -0.0000 14.0378 35.3684 50.4264 28.6851 -7.1250 0.0000 -0.0000 -40.4361 84.8123 -36.9522 0.0000 -0.0000 0.0000 76.6457 10.2262 63.9091 -54.4670 54.6456 -29.7808 0.0000 -0.0000 -2.7954 -43.2230 15.5660 -14.1548 7.1250 -0.0000 -0.0000 -10.1240 -9.3178 -8.4884
-9.9220 17.6959 -6.1574 -205.1200 101.9160 -188.3890 0.0000 0.0000 0.0000 -6.4670 -11.6938 -29.1595 2.2793 9.4251 27.1344 0.5796 4.5620 -16.7681 2.0290 -8.9262 -25.5647 0.0000 0.0000 0.0000 14.7210 11.9090 -15.6425 -0.0145 -0.7781 2.1385 0.2757 -9.4011 -1.7264 -1.6494 8.0942 -23.0005 -2.6102 1.6282 13.8793 -2.8970 1.8360 3.9799 -1.8713 0.9930 -3.5603 3.9444 3.8938 -11.6322 -2.4858 8.5645 42.3207 -0.1469 4.3002 18.0101 -0.0000 -0.0000 0.0000 -79.1043 -33.8471 57.8195 26.3128 -37.5160 -9.0775 -0.0000 -0.0000 13.8407 35.6897 50.4347 28.9749 -7.1250 0.0000 -0.0000 -40.2135 84.9739 -36.8569 -0.0000 -0.0000 0.0000 75.8996 8.2728 63.6824 -60.6276 56.4749 -34.8638 0.0000 -0.0000 -4.3934 -47.5131 20.2576 -20.7081 7.1250 -0.0000 -0.0000 -11.6634 -1.8373 -11.5272
-9.9133 17.7021 -6.1549 -204.8640 101.4900 -188.0880 0.0000 0.0000 0.0000 -6.6717 -12.0079 -29.0380 2.2345 9.3383 26.8595 0.5633 4.5945 -16.5991 1.9637 -8.7900 -25.1405 0.0000 0.0000 0.0000 14.4826 11.8421 -16.6720 -0.0518 -1.4683 4.0384 0.2773 -9.3112 -2.7337 -1.6709 8.1440 -23.1524 -2.5054 1.4936 13.8916 -3.1160 1.6806 4.1235 -2.1315 0.9210 -3.4080 4.2388 3.9654 -11.3009 -2.6949 8.7222 42.3196 -0.2779 4.3918 17.9663 -0.0000 0.0000 0.0000 -78.8790 -34.0387 57.9079 26.5981 -37.7932 -9.2518 -0.0000 -0.0000 12.9614 36.1982 49.7018 29.1688 -7.1250 0.0000 -0.0000 -32.7245 84.8059 -29.8088 -0.0000 0.0000 0.0000 76.5504 6.7480 63.6347 -66.8165 57.8684 -40.0662 0.0000 -0.0000 -2.4748 -55.7810 23.0675 -29.9474 7.1250 -0.0000 -0.0000 -15.5422 5.9669 -17.7072
-9.9179 17.7011 -6.1498 -206.3480 101.4850 -189.3790 0.0000 0.0000 0.0000 -6.2736 -12.0721 -29.3714 2.2654 9.3983 27.0494 0.5637 4.5871 -16.5983 2.0566 -8.9830 -25.7422 0.0000 0.0000 0.0000 14.8019 11.7059 -16.3902 -0.0312 -1.1400 3.1340 0.2776 -9.3537 -2.2984 -1.6287 8.0455 -22.8524 -2.5423 1.5624 13.9210 -2.8702 1.7755 4.1885 -1.8677 0.9661 -3.3631 4.0283 3.9168 -11.4054 -2.5356 8.6634 42.4529 -0.1720 4.3536 18.0442 0.0000 -0.0000 0.0000 -79.0093 -34.2388 57.9990 26.9126 -38.0957 -9.4452 -0.0000 -0.0000 13.8531 35.8310 50.1404 28.9977 -7.1250 0.0000 -0.0000 -37.2262 84.8855 -34.0201 0.0000 -0.0000 0.0000 77.0789 6.9738 64.1080 -65.0895 57.5203 -38.6065 0.0000 -0.0000 -0.5742 -61.4111 22.1233 -34.6466 7.1250 -0.0000 -0.0000 -18.8307 8.5034 -22.5718
-9.9265 17.7011 -6.1523 -204.8060 102.0660 -187.6320 0.0000 0.0000 0.0000 -6.3959 -11.6343 -29.6059 2.2708 9.4087 27.0825 0.5629 4.7189 -16.6810 2.1826 -9.2364 -26.5377 0.0000 0.0000 0.0000 14.5295 12.4007 -16.5300 -0.0279 -1.0785 2.9649 0.2794 -9.4191 -2.0263 -1.6944 8.1982 -23.3176 -2.9005 1.7333 13.8508 -2.9246 1.9336 3.9604 -1.7528 1.0419 -3.5718 4.0368 3.8451 -11.5353 -2.6974 8.7068 42.8368 -0.2272 4.3516 18.3306 -0.0000 -0.0000 0.0000 -78.9765 -33.9192 57.7965 27.0108 -38.1895 -9.5058 -0.0000 -0.0000 13.7267 36.0802 50.2483 29.2588 -7.1250 0.0000 -0.0000 -37.9681 85.0674 -34.8284 -0.0000 -0.0000 0.0000 77.7187 8.9554 63.4985 -55.6345 55.0298 -30.7353 0.0000 0.0000 3.4061 -48.5812 11.7783 -13.0279 7.1250 -0.0000 -0.0000 -14.3146 -12.8737 -11.1262
-9.9121 17.7018 -6.1634 -204.7020 101.6860 -188.0200 0.0000 0.0000 0.0000 -6.7589 -11.5789 -29.0321 2.2458 9.3603 26.9290 0.5741 4.3357 -16.5512 2.0250 -8.9179 -25.5389 0.0000 0.0000 0.0000 14.5383 11.8931 -16.0251 -0.0310 -1.1366 3.1246 0.2841 -9.4669 -2.2780 -1.6292 8.0468 -22.8563 -2.5230 1.6537 14.1793 -3.1980 1.8519 3.8454 -2.2547 1.0030 -3.8510 4.5668 3.5973 -11.3740 -2.5009 8.1958 43.2799 -0.3197 4.2769 18.5491 -0.0000 0.0000 0.0000 -79.4667 -33.6204 57.9501 26.2298 -37.4347 -9.0270 -0.0000 -0.0000 14.0047 35.7080 50.7322 29.0951 -7.1250 0.0000 -0.0000 -43.2243 85.1286 -39.7811 -0.0000 0.0000 0.0000 77.5299 9.9197 63.4666 -52.4060 53.9210 -28.1074 0.0000 0.0000 3.7973 -44.3667 13.4369 -12.8054 7.1250 -0.0000 -0.0000 -11.2823 -11.7681 -8.9232
-9.8938 17.7006 -6.1680 -204.9090 101.3700 -188.0690 0.0000 0.0000 0.0000 -6.8369 -11.7840 -29.1763 2.2361 9.3415 26.8696 0.5727 4.1693 -16.4239 1.9511 -8.7634 -25.0581 0.0000 0.0000 0.0000 14.4216 11.6254 -16.2804 -0.0346 -1.2005 3.3007 0.2858 -9.4735 -2.4952 -1.5287 7.8065 -22.1278 -2.1382 1.7073 13.7342 -3.3869 1.9933 3.9047 -2.6749 1.0731 -3.5254 4.6888 3.4998 -11.4329 -2.0681 7.8324 43.3446 -0.2013 4.2126 18.5578 0.0000 0.0000 0.0000 -79.6149 -34.1082 58.7417 25.8590 -37.0691 -8.8025 -0.0000 -0.0000 13.9146 35.7084 50.6474 29.0659 -7.1250 0.0000 -0.0000 -42.3438 85.0888 -38.9275 0.0000 0.0000 0.0000 77.4715 7.3626 62.8193 -59.2029 56.0938 -33.6787 0.0000 -0.0000 -1.1112 -45.4999 17.0230 -16.5893 7.1250 -0.0000 -0.0000 -11.2200 -6.7550 -10.0213
-9.8779 17.7015 -6.1684 -205.2180 101.1430 -188.3290 0.0000 0.0000 0.0000 -6.8376 -11.9952 -29.1630 2.2343 9.3380 26.8583 0.5825 4.0805 -16.4819 1.7794 -8.3907 -23.9072 0.0000 0.0000 0.0000 14.4164 11.4127 -16.3479 -0.0360 -1.2252 3.3685 0.2884 -9.5104 -2.5581 -1.5838 7.9393 -22.5299 -2.1595 1.5836 13.4871 -3.2644 1.8547 4.0872 -2.4967 1.0064 -3.2088 4.7145 3.6439 -10.9749 -2.6531 8.3004 43.0709 -0.4145 4.3354 18.3376 -0.0000 -0.0000 0.0000 -79.8140 -34.0316 58.4114 25.9756 -37.1846 -8.8729 -0.0000 -0.0000 13.3627 36.5483 49.4222 29.3799 -7.1250 0.0000 -0.0000 -29.7185 84.7966 -27.0373 -0.0000 -0.0000 0.0000 77.9737 5.2383 62.4415 -67.7980 58.0530 -40.8982 0.0000 -0.0000 -1.6191 -52.8979 20.9393 -25.2910 7.1250 -0.0000 -0.0000 -14.5560 1.5030 -15.4344
-9.8821 17.7005 -6.1742 -205.6310 101.2170 -188.7700 0.0000 0.0000 0.0000 -6.7599 -11.8859 -29.2481 2.2598 9.3874 27.0149 0.5932 4.0311 -16.5749 1.9624 -8.7873 -25.1322 0.0000 0.0000 0.0000 14.5015 11.5314 -16.4335 -0.0421 -1.3241 3.6410 0.2908 -9.5397 -2.6945 -1.5624 7.8879 -22.3741 -2.0640 1.6505 13.7479 -3.2248 1.9470 4.0965 -2.5338 1.0521 -3.3362 4.6941 3.5524 -10.8977 -2.3651 8.0917 43.2762 -0.3133 4.2926 18.4069 -0.0000 0.0000 0.0000 -79.7288 -34.0529 58.5845 26.3076 -37.5108 -9.0743 -0.0000 -0.0000 13.9550 36.2248 50.1630 29.3581 -7.1250 0.0000 -0.0000 -36.9574 85.0915 -33.9036 -0.0000 0.0000 0.0000 79.0448 4.6189 62.4083 -70.4543 58.5061 -43.1579 0.0000 -0.0000 -1.1132 -60.9199 21.5732 -33.4706 7.1250 -0.0000 -0.0000 -18.7316 7.3552 -22.1184
-9.8683 17.6895 -6.1887 -206.4260 100.9390 -190.2010 0.0000 0.0000 0.0000 -6.8951 -11.9013 -28.5864 2.2690 9.4052 27.0712 0.6053 3.8375 -16.5930 1.8874 -8.6275 -24.6370 0.0000 0.0000 0.0000 14.7298 10.9459 -15.4575 -0.0322 -1.1591 3.1867 0.2956 -9.6152 -2.7337 -1.4768 7.6786 -21.7420 -2.4237 1.2812 14.2995 -2.7137 1.4350 4.4533 -1.7199 0.8025 -3.2948 4.2174 3.7810 -11.1171 -2.6037 8.5914 43.0601 -0.2477 4.3624 18.3520 -0.0000 -0.0000 0.0000 -79.9463 -34.1190 57.4383 26.4090 -37.6098 -9.1362 -0.0000 -0.0000 13.8587 36.3957 50.0796 29.4814 -7.1250 0.0000 -0.0000 -35.9224 85.1285 -32.9646 -0.0000 -0.0000 0.0000 79.1346 6.9666 62.5727 -60.2711 56.3817 -34.5668 0.0000 0.0000 1.1190 -56.4301 15.7584 -22.2558 7.1250 -0.0000 -0.0000 -17.9459 -4.0281 -17.5406
-9.8619 17.6967 -6.2064 -202.7480 101.8620 -186.5940 0.0000 0.0000 0.0000 -7.4995 -11.2145 -28.3460 2.2511 9.3705 26.9614 0.5860 4.2183 -16.6122 2.0300 -8.9282 -25.5711 0.0000 0.0000 0.0000 14.0431 12.1798 -15.9455 -0.0599 -1.5791 4.3439 0.2935 -9.5603 -3.1018 -1.5898 7.9535 -22.5729 -3.7582 1.0396 13.8774 -2.2677 0.9547 4.3412 -0.4121 0.5570 -3.2149 3.7022 4.2833 -11.2006 -3.0929 9.8094 43.4276 -0.1496 4.6825 18.6923 -0.0000 -0.0000 0.0000 -79.9780 -33.3354 54.8857 26.2336 -37.4385 -9.0293 -0.0000 -0.0000 14.3825 35.8399 50.9196 29.2785 -7.1250 0.0000 -0.0000 -45.1625 85.2776 -41.7126 -0.0000 -0.0000 0.0000 77.9284 10.8176 63.5967 -51.3169 53.5130 -27.2294 0.0000 -0.0000 -1.6491 -43.5703 14.2087 -13.1431 7.1250 -0.0000 -0.0000 -10.6185 -10.9700 -8.5559
-9.8453 17.6849 -6.2204 -201.7400 102.1920 -185.6550 0.0000 0.0000 0.0000 -7.7315 -10.8864 -28.3103 2.2776 9.4219 27.1241 0.6064 4.0518 -16.7424 2.0153 -8.8979 -25.4765 0.0000 0.0000 0.0000 13.8156 12.5712 -16.0063 -0.0706 -1.7146 4.7176 0.2987 -9.6401 -3.2581 -1.5689 7.9035 -22.4213 -3.5806 1.4756 13.5487 -2.4182 1.5644 4.3653 -0.7599 0.8563 -3.0158 3.8665 3.8662 -11.5322 -2.3415 8.7078 43.3815 -0.0204 4.3684 18.6288 0.0000 -0.0000 0.0000 -80.3822 -33.6921 56.3009 25.8420 -37.0523 -8.7923 -0.0000 -0.0000 14.1085 35.9352 50.6482 29.2696 -7.1250 0.0000 -0.0000 -42.1814 85.2008 -38.8557 0.0000 -0.0000 0.0000 77.0468 8.8466 61.5058 -59.6442 56.2144 -34.0452 0.0000 -0.0000 -1.0328 -44.3872 15.3658 -14.5405 7.1250 -0.0000 -0.0000 -10.8936 -9.2469 -9.1734
-9.8124 17.6854 -6.2238 -202.1240 102.0700 -186.1820 0.0000 0.0000 0.0000 -7.7602 -11.0212 -27.9833 2.2680 9.4034 27.0656 0.6256 4.0377 -16.9530 1.9670 -8.7970 -25.1622 0.0000 0.0000 0.0000 13.8955 12.3506 -15.6939 -0.0672 -1.6726 4.6017 0.2982 -9.6303 -3.3288 -1.5769 7.9228 -22.4798 -4.1789 0.6915 13.1575 -1.9515 0.5084 4.6123 0.2401 0.3229 -2.5359 3.2940 4.5826 -11.6683 -2.7719 10.1428 43.3289 0.1487 4.7563 18.7156 0.0000 -0.0000 0.0000 -79.8967 -33.3310 53.4873 25.7797 -36.9903 -8.7547 -0.0000 -0.0000 14.2928 36.1155 50.7020 29.4504 -7.1250 0.0000 -0.0000 -42.6257 85.3153 -39.3547 0.0000 -0.0000 0.0000 75.7224 8.6710 63.4707 -69.0290 58.2713 -41.9440 0.0000 -0.0000 -4.6935 -49.2652 17.3248 -19.0747 7.1250 -0.0000 -0.0000 -13.4069 -5.0121 -12.5400
-9.7975 17.6782 -6.2468 -203.8250 101.1930 -188.2760 0.0000 0.0000 0.0000 -7.7756 -11.6040 -27.7167 2.3041 9.4727 27.2856 0.6348 3.7899 -16.9032 1.9059 -8.6673 -24.7601 0.0000 0.0000 0.0000 14.1307 11.3194 -15.3694 -0.0736 -1.7505 4.8166 0.2956 -9.5871 -3.7089 -1.5170 7.7779 -22.0415 -3.6568 0.3242 13.6837 -1.8450 0.0797 4.7200 0.1200 0.1176 -2.6943 3.3965 4.5600 -11.5537 -3.0412 10.1829 43.2428 0.0056 4.7592 18.6679 -0.0000 -0.0000 0.0000 -80.0500 -33.2636 53.5511 25.7808 -36.9915 -8.7554 -0.0000 -0.0000 14.1064 36.5507 50.4293 29.7457 -7.1250 0.0000 -0.0000 -39.3117 85.3960 -36.3023 -0.0000 -0.0000 0.0000 75.5669 7.6901 63.6113 -73.2945 58.9188 -45.5851 0.0000 -0.0000 -4.2559 -57.5557 19.2926 -27.4622 7.1250 -0.0000 -0.0000 -17.5804 1.8121 -19.0355
-9.8085 17.6745 -6.2254 -205.1550 102.3770 -189.2700 0.0000 0.0000 0.0000 -7.0102 -10.6360 -28.3717 2.3965 9.6472 27.8417 0.6689 3.7187 -17.2437 1.9119 -8.6801 -24.7996 0.0000 0.0000 0.0000 14.7239 12.2750 -14.6220 -0.0271 -1.0629 2.9220 0.3018 -9.7362 -2.5098 -1.5711 7.9089 -22.4378 -3.6630 0.8451 13.4095 -1.6692 0.7769 4.7337 0.2015 0.4560 -2.5539 3.1403 4.4376 -11.8991 -2.8707 9.9637 43.2216 0.1024 4.6422 18.6999 0.0000 -0.0000 0.0000 -80.1550 -33.4705 53.9425 25.9761 -37.1851 -8.8732 -0.0000 -0.0000 13.8263 36.6734 50.5507 29.8995 -7.1250 0.0000 -0.0000 -40.5192 85.5186 -37.5189 0.0000 -0.0000 0.0000 75.7737 8.4903 64.8194 -63.9228 57.2677 -37.6237 0.0000 -0.0000 -2.3457 -61.5754 19.3539 -31.4786 7.1250 -0.0000 -0.0000 -19.7228 4.6090 -22.5781
-9.8143 17.6775 -6.2380 -202.3570 102.4460 -186.5370 0.0000 0.0000 0.0000 -7.7005 -10.5328 -28.1910 2.3508 9.5614 27.5676 0.6276 3.9600 -16.9267 2.1408 -9.1534 -26.2764 0.0000 0.0000 0.0000 14.0040 12.6483 -15.2673 -0.0547 -1.5093 4.1513 0.3004 -9.6713 -3.1051 -1.5477 7.8526 -22.2671 -3.7943 0.9015 13.5201 -2.1232 0.8129 4.6449 -0.2072 0.4803 -2.7022 3.4737 4.2402 -11.4602 -2.8676 9.6380 43.4363 -0.0295 4.5863 18.7200 0.0000 -0.0000 0.0000 -79.7720 -33.2093 53.9304 26.1186 -37.3256 -8.9595 -0.0000 -0.0000 14.1087 36.8081 50.3426 29.9466 -7.1250 0.0000 -0.0000 -38.1010 85.4782 -35.2226 0.0000 -0.0000 0.0000 77.0464 11.0997 63.0399 -50.3378 53.1308 -26.4442 0.0000 0.0000 4.2152 -41.1211 10.4521 -8.9995 7.1250 -0.0000 -0.0000 -9.7261 -16.3466 -6.6937
-9.8108 17.6799 -6.2428 -202.1170 102.4720 -186.2430 0.0000 0.0000 0.0000 -7.7769 -10.4382 -28.2241 2.3374 9.5360 27.4870 0.6280 3.8831 -16.8839 2.0256 -8.9193 -25.5431 0.0000 0.0000 0.0000 13.9298 12.6471 -15.1552 -0.0471 -1.4012 3.8536 0.2989 -9.6571 -2.9280 -1.5891 7.9520 -22.5685 -3.7810 1.1801 13.1692 -2.1620 1.2015 4.7003 -0.3074 0.6695 -2.4627 3.1050 3.6519 -11.5661 -2.0701 8.4308 43.4000 0.1860 4.1580 18.5622 0.0000 0.0000 0.0000 -80.0625 -34.0384 55.2981 25.4180 -36.6281 -8.5380 -0.0000 -0.0000 13.3822 37.2908 50.5407 30.4542 -7.1250 0.0000 -0.0000 -39.8345 85.8217 -37.0815 0.0000 0.0000 0.0000 75.3689 10.6358 65.8438 -49.7597 52.8981 -25.9823 0.0000 -0.0000 -1.1200 -48.1417 16.5663 -17.6533 7.1250 -0.0000 -0.0000 -12.9213 -6.4532 -11.6959
-9.7802 17.6946 -6.2366 -203.7380 101.6440 -187.4920 0.0000 0.0000 0.0000 -7.6911 -10.8006 -28.5188 2.2869 9.4396 27.1805 0.6121 3.4246 -16.4190 2.0651 -9.0003 -25.7963 0.0000 0.0000 0.0000 14.1218 11.5052 -14.5661 -0.0136 -0.7542 2.0727 0.3019 -9.7807 -2.1498 -1.4509 7.6139 -21.5474 -3.9059 0.5061 12.5438 -1.7860 0.3312 4.6245 0.2919 0.2272 -2.1861 2.8276 4.1334 -11.3488 -2.3510 9.3700 43.2754 0.2649 4.4452 18.4770 0.0000 -0.0000 0.0000 -79.8142 -33.5097 53.8927 25.2669 -36.4755 -8.4480 -0.0000 -0.0000 13.4283 36.9364 50.6890 30.1863 -7.1250 0.0000 -0.0000 -41.8916 85.7167 -38.9498 0.0000 -0.0000 0.0000 73.7436 7.9194 66.6425 -56.6014 55.3341 -31.5291 0.0000 -0.0000 -4.4304 -50.5305 20.4060 -22.9492 7.1250 -0.0000 -0.0000 -13.3636 -0.3543 -13.6582
-9.7330 17.7065 -6.2235 -204.3160 101.4150 -188.0410 0.0000 0.0000 0.0000 -7.6673 -10.9309 -28.1321 2.2253 9.3203 26.8026 0.6109 3.4822 -16.4394 2.0287 -8.9256 -25.5630 0.0000 0.0000 0.0000 14.3058 10.8315 -13.3101 0.0000 0.0000 -0.0000 0.2992 -9.8658 -1.3988 -1.3793 7.4317 -21.0007 -2.8660 0.8789 12.0968 -2.5590 0.9227 4.3030 -1.1767 0.5311 -2.2744 4.1255 3.4220 -11.3258 -1.6720 7.7130 43.8494 0.0651 4.1139 18.7774 0.0000 -0.0000 0.0000 -79.4940 -33.1518 56.1721 25.0670 -36.2724 -8.3295 -0.0000 -0.0000 13.1105 36.8196 50.6126 30.0535 -7.1250 0.0000 -0.0000 -41.0939 85.6219 -38.1312 0.0000 -0.0000 0.0000 74.1152 2.8872 64.8337 -66.2535 57.7582 -39.5897 0.0000 -0.0000 -7.2676 -51.7919 21.5378 -25.0036 7.1250 -0.0000 -0.0000 -13.7765 1.7438 -14.6133
-9.6600 17.7143 -6.2069 -204.2500 101.4500 -188.1380 0.0000 0.0000 0.0000 -7.7152 -11.0316 -27.4283 2.1892 9.2495 26.5788 0.6043 3.7969 -16.5556 2.1426 -9.1570 -26.2878 0.0000 0.0000 0.0000 14.4143 10.7497 -12.8004 0.0000 0.0000 -0.0000 0.3030 -9.8647 -1.7277 -1.4270 7.5538 -21.3667 -2.9168 0.6890 11.2347 -2.5527 0.6728 3.9380 -1.0965 0.3988 -2.1860 4.2574 3.3113 -11.6040 -1.4077 7.3749 44.0782 0.1206 4.0343 18.9744 -0.0000 0.0000 0.0000 -79.3673 -32.0527 55.7008 24.5011 -35.6897 -7.9971 -0.0000 -0.0000 13.5828 35.6796 50.3501 28.9362 -7.1250 0.0000 -0.0000 -39.3965 84.9249 -36.0625 -0.0000 0.0000 0.0000 73.4344 -0.9417 64.7492 -72.0727 58.7501 -44.5397 0.0000 -0.0000 -9.8568 -51.5306 23.6507 -26.7883 7.1250 -0.0000 -0.0000 -13.0555 4.3644 -14.3776
-9.5688 17.7202 -6.1902 -202.4070 101.9840 -186.4770 0.0000 0.0000 0.0000 -8.0252 -10.9828 -26.4035 2.1259 9.1235 26.1825 0.6156 4.4837 -17.1301 2.1832 -9.2377 -26.5418 0.0000 0.0000 0.0000 14.2212 11.1969 -12.2019 0.0000 -0.0000 0.0000 0.3137 -9.9850 -2.0707 -1.4013 7.4881 -21.1699 -3.2813 0.5020 10.0534 -2.5056 0.4042 3.4589 -0.7977 0.2540 -2.0390 4.1983 3.2044 -12.2896 -1.3194 7.0946 44.2132 0.1465 3.9077 19.2337 0.0000 0.0000 0.0000 -79.3462 -30.8758 54.8020 23.7056 -34.8514 -7.5377 -0.0000 -0.0000 13.6292 35.2511 48.9404 28.0538 -7.1250 0.0000 -0.0000 -28.4529 83.8489 -25.3844 0.0000 0.0000 0.0000 73.0919 -3.2248 64.5091 -70.1771 58.4619 -42.9215 0.0000 -0.0000 -11.8395 -49.7108 25.6185 -27.0232 7.1250 -0.0000 -0.0000 -11.5078 5.9282 -12.8855
-9.4796 17.7193 -6.1597 -200.9040 102.8100 -185.4840 0.0000 0.0000 0.0000 -8.3459 -10.2108 -25.1608 2.0583 8.9866 25.7533 0.5849 5.0260 -17.1526 2.7537 -10.2853 -29.9057 0.0000 0.0000 0.0000 14.2493 11.8616 -11.2204 0.0000 -0.0000 0.0000 0.3177 -10.0204 -2.2816 -1.3939 7.4694 -21.1136 -3.4183 0.4103 9.3255 -2.3244 0.2535 2.7405 -0.5132 0.1737 -2.3841 4.1502 2.9111 -13.0010 -1.2127 6.5964 44.7759 0.1505 3.7144 19.7839 0.0000 0.0000 0.0000 -79.3872 -29.0158 54.0774 22.6362 -33.6886 -6.9354 -0.0000 -0.0000 13.7693 35.8977 47.9939 28.2736 -7.1250 0.0000 -0.0000 -21.1969 83.4504 -18.7050 0.0000 0.0000 0.0000 72.6927 -5.0510 63.9383 -65.6292 57.6323 -39.0621 0.0000 -0.0000 -14.6421 -46.7064 26.8752 -25.6322 7.1250 -0.0000 -0.0000 -9.5089 6.0408 -10.5969
-9.3848 17.7209 -6.1193 -199.6870 102.8260 -184.8880 0.0000 0.0000 0.0000 -8.7324 -10.2002 -23.6351 1.9547 8.7711 25.0818 0.6552 5.0413 -17.9500 2.2192 -9.3085 -26.7652 0.0000 0.0000 0.0000 14.2598 11.6609 -10.1801 0.0000 -0.0000 0.0000 0.3173 -9.9728 -2.6474 -1.3200 7.2766 -20.5375 -3.4101 -0.0692 8.3551 -1.8067 -0.3593 2.2796 0.0855 -0.1392 -2.3118 3.5914 2.5059 -14.0035 -0.9128 5.8929 45.1231 0.2975 3.3670 20.2425 -0.0000 0.0000 0.0000 -79.4825 -27.6325 53.3964 21.2933 -32.1691 -6.2053 -0.0000 -0.0000 13.4526 35.6633 47.3698 27.8327 -7.1250 0.0000 -0.0000 -18.4420 82.8442 -16.0478 -0.0000 0.0000 0.0000 71.3239 -5.0415 64.5622 -58.1666 55.8013 -32.8201 0.0000 -0.0000 -16.9658 -46.8275 25.6361 -24.7578 7.1250 -0.0000 -0.0000 -9.9081 4.6019 -10.8288
-9.2933 17.7149 -6.0348 -196.2570 103.0800 -182.4010 0.0000 0.0000 0.0000 -9.5521 -10.1438 -21.4276 1.8072 8.4523 24.0966 0.6329 5.8582 -18.2938 2.2952 -9.4556 -27.2313 0.0000 0.0000 0.0000 13.8434 12.8028 -11.8464 -0.1103 -2.1419 5.8978 0.2879 -9.7673 -6.1801 -1.1837 6.9047 -19.4335 -3.6458 -0.4156 7.6089 -1.3893 -0.8218 1.8616 0.6904 -0.3721 -2.3081 3.1633 2.0971 -15.0731 -0.6602 5.1645 45.4975 0.3919 3.0290 20.7754 -0.0000 -0.0000 0.0000 -79.7309 -26.4904 52.5509 19.4784 -30.0087 -5.2680 -0.0000 -0.0000 13.4432 35.4819 46.3919 27.2997 -7.1250 0.0000 -0.0000 -14.5942 81.9400 -12.4302 -0.0000 -0.0000 0.0000 70.4204 -4.7324 64.0582 -51.6819 53.6517 -27.5231 0.0000 -0.0000 -19.6954 -49.0306 25.1880 -26.1101 7.1250 -0.0000 -0.0000 -11.2518 5.0657 -12.4344
-9.2037 17.6944 -5.8926 -192.7940 103.0670 -179.9540 0.0000 0.0000 0.0000 -10.2732 -10.2107 -19.0903 1.6482 8.0914 22.9920 0.5703 6.6819 -18.2486 2.5561 -9.9392 -28.7800 0.0000 0.0000 0.0000 13.4902 13.3088 -12.5436 -0.3123 -3.5927 9.9334 0.2087 -9.4763 -8.7712 -1.0307 6.4577 -18.1184 -3.6379 -0.8681 6.8731 -0.8676 -1.4026 1.4423 1.2683 -0.6633 -2.2966 2.8257 1.9734 -15.6348 -0.6732 4.9113 45.2364 0.3980 2.8549 20.7368 0.0000 0.0000 0.0000 -80.3510 -25.2465 50.8661 17.7774 -27.8712 -4.4447 -0.0000 -0.0000 13.9026 35.4039 46.9274 27.4386 -7.1250 0.0000 -0.0000 -16.9849 82.3624 -14.6161 0.0000 0.0000 0.0000 69.7529 -4.5656 62.1841 -47.9699 52.1432 -24.5620 0.0000 -0.0000 -20.8327 -52.6055 24.0514 -28.0651 7.1250 -0.0000 -0.0000 -13.5341 5.4441 -15.1688
-9.1092 17.6736 -5.6840 -190.2980 102.9300 -178.8180 0.0000 0.0000 0.0000 -10.5875 -10.3756 -16.3107 1.5106 7.7621 21.9938 0.5127 7.3896 -18.2036 2.3964 -9.6471 -27.8412 0.0000 0.0000 0.0000 13.9317 12.2200 -12.5178 -0.5272 -4.6531 12.9219 0.0069 -7.8132 -10.9944 -0.8456 5.8654 -16.3944 -3.0375 -1.2993 6.2933 -0.3618 -1.9160 1.1666 1.4849 -0.9250 -2.2360 2.4562 1.9156 -15.9997 -0.2436 4.6395 45.1560 0.6336 2.7387 20.7458 0.0000 0.0000 0.0000 -80.9186 -22.8466 48.0986 17.1647 -27.0744 -4.1620 -0.0000 -0.0000 15.0011 37.4320 46.6138 29.0862 -7.1250 0.0000 -0.0000 -10.5997 82.9775 -9.2330 0.0000 0.0000 0.0000 69.8642 -4.0603 58.6032 -45.9545 51.2276 -22.9805 0.0000 -0.0000 -20.3110 -54.0136 21.8669 -27.1529 7.1250 -0.0000 -0.0000 -14.9190 3.3410 -16.3130
-9.0151 17.6550 -5.4042 -189.3620 102.9490 -179.2000 0.0000 0.0000 0.0000 -10.2240 -10.0474 -13.8624 1.4133 7.5189 21.2621 0.4692 7.7876 -18.0662 2.8094 -10.3799 -30.2159 0.0000 0.0000 0.0000 15.0228 11.4468 -11.5898 -0.6610 -5.1998 14.4794 -0.0909 -7.1664 -12.0869 -0.9457 6.1934 -17.3466 -1.8329 -1.4865 5.5977 0.3029 -2.0658 0.9647 1.4881 -1.0109 -2.0671 2.1745 1.8847 -16.4518 -0.1143 4.5468 45.0941 0.7433 2.6702 20.8213 0.0000 -0.0000 0.0000 -82.0974 -18.7318 44.0192 18.4617 -28.7443 -4.7692 -0.0000 -0.0000 15.2290 39.8915 47.0304 31.4510 -7.1250 0.0000 -0.0000 -4.5149 84.4091 -4.0541 0.0000 -0.0000 0.0000 70.1074 -2.6806 53.9198 -43.7883 50.1609 -21.3042 0.0000 -0.0000 -17.7268 -53.2690 20.8006 -25.4492 7.1250 -0.0000 -0.0000 -14.8005 1.5071 -15.7130
-8.9600 17.6537 -5.0719 -188.1800 102.6130 -179.1330 0.0000 0.0000 0.0000 -9.6666 -9.8799 -11.8087 1.3143 7.2614 20.4921 0.3396 8.1765 -16.8917 3.2774 -11.1311 -32.7233 0.0000 0.0000 0.0000 16.1360 10.6123 -10.4619 -0.7345 -5.4755 15.2700 -0.1721 -6.8037 -13.0905 -0.8603 5.9147 -16.5370 -0.7262 -1.4584 5.1108 0.9582 -1.9487 0.6856 1.5240 -0.9582 -2.1008 2.1166 1.6015 -16.6194 0.0119 4.0196 45.1365 0.7168 2.4933 20.8867 -0.0000 0.0000 0.0000 -83.6768 -13.6345 41.3323 20.9431 -31.7619 -6.0200 -0.0000 -0.0000 13.7555 45.3501 45.6520 35.9008 -7.1250 0.0000 -0.0000 26.3851 84.9929 24.0734 -0.0000 0.0000 0.0000 70.1552 -0.7473 49.9536 -40.8131 48.5443 -19.0464 0.0000 -0.0000 -14.7782 -51.6905 21.3050 -24.6978 7.1250 -0.0000 -0.0000 -13.7822 1.3857 -14.5345
-8.9498 17.6800 -4.6946 -187.0910 101.4680 -178.9620 0.0000 0.0000 0.0000 -8.8212 -10.4344 -10.3494 1.2525 7.0953 19.9979 0.1653 8.5105 -14.8953 3.5120 -11.4810 -33.9199 0.0000 0.0000 0.0000 17.3825 10.1909 -8.7617 -0.7098 -5.3845 15.0087 -0.1508 -7.6527 -13.6843 -0.7311 5.4629 -15.2336 0.4225 -1.1930 4.7087 1.6224 -1.5151 0.5131 1.5265 -0.7468 -2.0787 1.4146 0.7997 -16.8903 0.8448 2.5949 45.1654 0.9814 1.9683 20.9278 -0.0000 -0.0000 0.0000 -85.0657 -9.0611 42.2525 22.8721 -33.9486 -7.0667 -0.0000 -0.0000 9.4191 49.6579 44.5881 39.5753 -7.1250 0.0000 -0.0000 53.1076 84.6144 48.6687 -0.0000 -0.0000 0.0000 70.3288 1.3834 45.6142 -37.7682 46.6906 -16.7967 0.0000 -0.0000 -12.1473 -51.0403 21.5958 -24.4734 7.1250 -0.0000 -0.0000 -13.3394 1.4533 -14.0563
-9.0109 17.7275 -4.3032 -183.8710 99.2222 -176.3970 0.0000 0.0000 0.0000 -8.1638 -10.8240 -10.3614 1.2171 6.9980 19.7095 -0.0533 8.1820 -10.5149 4.7076 -13.0467 -39.5437 0.0000 0.0000 0.0000 18.2899 10.2829 -7.1552 -0.6699 -5.2339 14.5768 0.0108 -10.0384 -14.1210 -0.5891 4.9139 -13.6633 1.3920 -1.0386 4.6902 2.1053 -1.2385 0.4529 1.4625 -0.6114 -2.1468 0.7432 -0.1162 -17.3431 1.5728 0.9865 44.8459 1.1338 1.3551 20.8211 -0.0000 0.0000 0.0000 -86.0846 -5.7824 44.1704 23.7312 -34.8787 -7.5523 -0.0000 -0.0000 6.8454 49.7134 43.9583 39.3135 -7.1250 0.0000 -0.0000 50.6648 84.0507 45.9000 -0.0000 0.0000 0.0000 70.8567 3.6950 41.2180 -34.9409 44.7699 -14.7717 0.0000 -0.0000 -10.5186 -50.4980 22.2619 -24.6806 7.1250 -0.0000 -0.0000 -12.8577 2.0621 -13.6557
-9.1321 17.7725 -3.9251 -176.5710 96.4343 -169.4520 0.0000 0.0000 0.0000 -7.6219 -11.7802 -11.3074 1.2395 7.0598 19.8925 -0.1154 7.2594 -6.9843 4.2932 -12.5407 -37.6725 0.0000 0.0000 0.0000 18.8131 10.1839 -5.7803 -0.5653 -4.8156 13.3834 0.2271 -12.6130 -14.6233 -0.2542 3.2438 -8.9582 2.2540 -0.8991 5.0071 2.4450 -0.9760 0.4525 1.3179 -0.4828 -2.3376 -0.5040 -1.3620 -17.6966 2.6174 -1.1002 43.9182 1.4150 0.4844 20.3243 0.0000 0.0000 0.0000 -87.0021 -3.6788 45.7944 23.7993 -34.9513 -7.5913 -0.0000 -0.0000 2.7968 45.0487 43.7449 34.7075 -7.1250 0.0000 -0.0000 24.0398 82.9756 21.0205 0.0000 0.0000 0.0000 71.1174 6.0495 37.7869 -31.4591 42.1117 -12.3766 0.0000 -0.0000 -7.7012 -51.3158 22.7720 -25.7996 7.1250 -0.0000 -0.0000 -13.1774 3.1224 -14.2495
-9.2392 17.8151 -3.5625 -163.5880 93.8785 -156.5710 0.0000 0.0000 0.0000 -7.0125 -13.3012 -12.3496 1.2502 7.0890 19.9795 -0.1885 7.7225 -3.7649 3.2996 -11.1650 -32.8384 0.0000 0.0000 0.0000 19.5971 10.2969 -4.3951 -0.4275 -4.1959 11.6286 0.5509 -15.5464 -14.8545 -0.0936 1.9732 -5.4316 3.3612 -0.5212 4.9690 2.7518 -0.3966 0.5929 0.9721 -0.1948 -2.1815 -2.4070 -3.2752 -17.4990 3.6822 -3.9859 42.1114 1.6060 -0.8380 19.2679 -0.0000 -0.0000 0.0000 -88.1281 -2.2644 45.7803 23.6289 -34.7694 -7.4939 -0.0000 0.0000 -2.0195 40.1699 43.9391 30.3601 -7.1250 0.0000 -0.0000 5.1667 81.5347 4.3510 -0.0000 -0.0000 0.0000 71.3371 7.6816 33.6761 -28.4765 39.5512 -10.4257 0.0000 -0.0000 -4.0386 -51.7436 23.3229 -26.6611 7.1250 -0.0000 -0.0000 -13.2637 4.0517 -14.5517
-9.3367 17.8495 -3.2434 -108.5170 92.3323 -101.3460 0.0000 0.0000 0.0000 -7.5190 -15.0905 -13.4544 1.2575 7.1089 20.0384 -0.2290 8.4706 -3.7496 1.2013 -6.9541 -19.5794 0.0000 0.0000 0.0000 19.6238 9.9042 -4.4359 -0.4095 -4.1082 11.3812 0.7876 -17.7535 -15.9480 -0.0136 0.7536 -2.0712 3.7411 -0.3966 4.7526 3.1066 -0.2078 0.7476 1.1101 -0.0924 -1.9001 -4.1005 -5.0458 -17.6398 4.4013 -6.4687 40.9317 1.6933 -2.0084 18.8474 -0.0000 -0.0000 0.0000 -89.3702 -1.6438 44.7184 22.9674 -34.0532 -7.1201 -0.0000 0.0000 -7.3771 36.7496 45.8071 28.1645 -7.1250 0.0000 -0.0000 -9.3933 81.9618 -7.9946 -0.0000 -0.0000 0.0000 70.5932 8.7073 31.0253 -27.2230 38.3910 -9.6373 0.0000 -0.0000 -2.5242 -50.9304 22.7626 -25.4831 7.1250 -0.0000 -0.0000 -12.9653 2.9194 -13.9639
-9.4138 17.8359 -2.9550 -53.3753 93.4245 -46.4633 0.0000 0.0000 0.0000 -8.2382 -13.8945 -14.4328 1.3939 7.4694 21.1136 0.1900 2.0836 -9.2735 1.1873 -6.9148 -19.4631 0.0000 0.0000 0.0000 20.2595 9.3742 -5.2223 -0.5317 -4.6726 12.9772 0.9759 -19.4411 -17.1134 -0.0030 0.3512 -0.9650 3.9056 -0.1854 4.5899 3.6274 0.0840 1.1639 1.5351 0.0717 -1.3792 -5.6331 -6.9522 -17.0303 5.7931 -9.4450 39.6447 1.9685 -3.2619 18.3728 -0.0000 0.0000 0.0000 -89.9243 -1.5019 44.8036 21.6087 -32.5320 -6.3741 -0.0000 0.0000 -10.9191 34.4220 46.4156 26.3992 -7.1250 0.0000 -0.0000 -17.0051 81.5023 -14.3498 -0.0000 0.0000 0.0000 69.6397 8.7887 28.8902 -26.9690 38.1496 -9.4800 0.0000 -0.0000 -1.3792 -50.2271 22.2800 -24.4887 7.1250 -0.0000 -0.0000 -12.7007 1.9568 -13.4576
-9.4682 17.8028 -2.7367 -35.7328 95.6568 -29.4921 0.0000 0.0000 0.0000 -9.4610 -12.5956 -14.8717 1.7505 8.3258 23.7080 0.3747 -5.6024 -10.9905 1.9113 -8.6788 -24.7957 0.0000 0.0000 0.0000 20.6434 8.4201 -5.5550 -0.6686 -5.2291 14.5633 1.0789 -20.5613 -18.4198 -0.0002 -0.1001 0.2749 4.2778 0.1644 4.7729 3.5931 0.5740 1.4193 1.2636 0.3229 -1.2136 -6.2791 -8.6356 -15.0201 7.3366 -12.3579 38.1364 2.2042 -4.3825 17.4946 -0.0000 0.0000 0.0000 -89.5289 -0.9594 45.0355 20.3726 -31.0886 -5.7225 -0.0000 0.0000 -11.4873 34.8081 43.9513 25.7582 -7.1250 0.0000 -0.0000 -8.6117 79.4528 -6.8971 -0.0000 0.0000 0.0000 69.5111 7.5345 26.8705 -26.7399 37.9301 -9.3388 0.0000 -0.0000 -0.0312 -50.1050 21.6363 -23.8000 7.1250 -0.0000 -0.0000 -12.8014 1.0651 -13.3730
-9.4874 17.7769 -2.5420 -26.5990 97.7515 -20.7295 0.0000 0.0000 0.0000 -10.2745 -11.0583 -15.4725 2.2576 9.3833 27.0018 0.2415 -9.9739 -10.4826 1.9772 -8.8185 -25.2291 0.0000 0.0000 0.0000 21.4099 9.0724 -5.2417 -0.7621 -5.5750 15.5561 1.3377 -22.7194 -20.3638 -0.0498 -1.4397 3.9595 4.6448 0.4377 4.7245 3.5815 0.9596 1.3237 1.0250 0.5144 -1.2754 -6.9064 -9.8934 -12.8109 8.4014 -14.3741 36.7144 2.4245 -5.2527 16.5893 -0.0000 0.0000 0.0000 -88.9989 0.0243 44.2760 19.7138 -30.2959 -5.3862 -0.0000 0.0000 -12.5116 35.0846 43.8604 25.9523 -7.1250 0.0000 -0.0000 -7.8052 79.4775 -6.2539 -0.0000 0.0000 0.0000 70.0317 5.8264 24.7297 -26.0612 37.2691 -8.9247 0.0000 0.0000 1.9996 -49.0073 20.3774 -21.8342 7.1250 -0.0000 -0.0000 -12.4987 -1.0643 -12.5689
-9.4709 17.7489 -2.4081 -23.5897 99.4550 -18.0413 0.0000 0.0000 0.0000 -11.4079 -9.8815 -15.1281 2.5356 9.9024 28.6612 -0.0037 -12.8969 -9.0020 2.5960 -10.0105 -29.0106 0.0000 0.0000 0.0000 21.7807 9.6013 -4.9210 -0.8611 -5.9173 16.5447 1.4797 -24.2270 -22.4399 -0.1709 -2.6630 7.3418 5.5572 1.1869 4.5602 2.6855 1.9448 1.4132 -0.4526 1.0019 -1.0121 -6.4071 -11.2059 -12.2612 9.4927 -16.7908 36.1412 2.3504 -6.0412 16.5469 -0.0000 -0.0000 0.0000 -87.1166 0.1921 45.4234 19.1293 -29.5791 -5.0945 -0.0000 0.0000 -14.9504 36.1155 44.1605 26.9447 -7.1250 0.0000 -0.0000 -6.2168 80.1720 -5.0669 -0.0000 -0.0000 0.0000 71.9565 4.1306 21.0582 -24.9013 36.1030 -8.2317 0.0000 0.0000 4.5253 -47.8548 20.1919 -20.8767 7.1250 -0.0000 -0.0000 -11.8783 -1.7846 -11.7606
-9.4369 17.7253 -2.3184 -21.5329 100.7090 -16.1346 0.0000 0.0000 0.0000 -12.2510 -9.9256 -13.7843 2.4899 9.8195 28.3943 -0.2045 -12.3839 -5.5777 2.5958 -10.0100 -29.0091 0.0000 0.0000 0.0000 22.1959 10.7431 -4.2148 -0.9125 -6.0867 17.0362 1.5818 -25.6861 -24.8640 -0.4462 -4.2859 11.8824 3.9464 -0.1186 4.3362 4.1221 0.1680 1.7977 2.0181 0.1412 -0.5866 -7.9207 -10.3564 -14.0486 8.4542 -14.8081 36.6670 2.4613 -5.5324 17.0438 0.0000 -0.0000 0.0000 -89.8950 0.3218 39.5279 18.2684 -28.4995 -4.6766 -0.0000 0.0000 -15.0400 36.6610 44.5541 27.5736 -7.1250 0.0000 -0.0000 -5.9007 80.7633 -4.8791 0.0000 -0.0000 0.0000 69.3371 5.3561 24.8186 -24.6982 35.8939 -8.1123 0.0000 0.0000 5.3044 -46.0256 18.9199 -18.5758 7.1250 -0.0000 -0.0000 -11.1059 -4.1241 -10.4810
-9.3883 17.7120 -2.2647 -18.9842 101.7680 -13.5354 0.0000 0.0000 0.0000 -12.7039 -10.8840 -12.4173 2.2277 9.3252 26.8179 -0.2178 -9.5577 -1.6669 1.9102 -8.6764 -24.7882 0.0000 0.0000 0.0000 22.7631 11.7482 -3.4295 -0.8948 -6.0291 16.8688 1.7058 -27.0220 -26.7696 -0.7188 -5.4179 15.1045 3.8180 -0.2486 3.6270 4.2256 -0.0522 1.6927 2.2053 0.0325 -0.2965 -8.0514 -10.5615 -14.1433 8.1836 -14.9812 36.8590 2.3262 -5.6405 17.1731 -0.0000 0.0000 0.0000 -90.0084 0.7568 38.9765 17.6614 -27.7215 -4.3906 -0.0000 0.0000 -15.2701 35.3598 44.3355 26.3776 -7.1250 0.0000 -0.0000 -8.3667 80.0334 -6.7986 -0.0000 0.0000 0.0000 68.8867 4.4573 24.8894 -25.2936 36.5025 -8.4639 0.0000 0.0000 6.7373 -40.1001 14.8451 -12.1748 7.1250 -0.0000 -0.0000 -8.2785 -11.0218 -6.6143
-9.3436 17.7007 -2.2369 -16.9888 102.6980 -11.5543 0.0000 0.0000 0.0000 -12.8681 -12.0468 -11.0417 2.0386 8.9461 25.6269 -0.0980 -7.8419 -3.0518 1.7354 -8.2917 -23.6037 0.0000 0.0000 0.0000 23.2761 12.6411 -2.6338 -0.8778 -5.9731 16.7064 1.8443 -28.2943 -28.4433 -0.9571 -6.2296 17.4521 3.5146 -0.3315 3.0734 4.2296 -0.2075 1.5800 2.3825 -0.0478 -0.0998 -8.2640 -10.8847 -13.7513 8.5358 -15.5349 36.7160 2.4163 -5.8591 17.1430 0.0000 0.0000 0.0000 -90.1911 0.7914 38.4548 17.1412 -27.0435 -4.1513 -0.0000 0.0000 -14.7935 34.8564 44.3100 25.9438 -7.1250 0.0000 -0.0000 -9.3983 79.8065 -7.5958 0.0000 0.0000 0.0000 68.5716 3.6239 24.3283 -25.8708 37.0809 -8.8097 0.0000 0.0000 8.7249 -35.5936 11.0648 -7.8216 7.1250 -0.0000 -0.0000 -5.8804 -16.5038 -3.9889
-9.3102 17.6867 -2.2242 -15.8962 103.5760 -10.5194 0.0000 0.0000 0.0000 -12.9491 -13.0208 -10.0534 1.8867 8.6260 24.6321 -0.0429 -7.1396 -3.9224 2.0814 -9.0337 -25.9008 0.0000 0.0000 0.0000 23.5291 13.0829 -2.1374 -0.8798 -5.9795 16.7249 1.8900 -29.0636 -29.7735 -1.1721 -6.8719 19.3365 3.0927 -0.4231 2.7155 4.1894 -0.3657 1.5117 2.5800 -0.1311 0.0353 -8.8249 -11.1865 -13.4014 9.0480 -16.0161 36.4167 2.6396 -6.0879 17.0994 0.0000 -0.0000 0.0000 -90.2730 0.6821 38.5670 17.4627 -27.4638 -4.2986 -0.0000 0.0000 -15.3541 34.5080 45.2627 26.0286 -7.1250 0.0000 -0.0000 -12.8266 80.5328 -10.5635 0.0000 -0.0000 0.0000 68.4839 3.2605 23.3713 -25.4941 36.7048 -8.5835 0.0000 0.0000 8.5367 -33.8639 10.7344 -7.1244 7.1250 -0.0000 -0.0000 -4.7324 -17.1469 -3.1377
-9.2839 17.6823 -2.2257 -14.1770 104.0860 -9.0155 0.0000 0.0000 0.0000 -12.7366 -13.5912 -9.3215 1.8286 8.4996 24.2421 -0.0083 -6.7796 -4.5420 2.0754 -9.0214 -25.8624 0.0000 0.0000 0.0000 24.0920 13.4882 -1.2896 -0.8418 -5.8522 16.3563 1.9832 -29.8003 -30.6712 -1.3366 -7.3205 20.6684 3.1224 -0.4323 2.6038 4.1862 -0.3824 1.4824 2.5598 -0.1391 0.0680 -8.8528 -11.2673 -13.1176 8.8860 -16.0636 36.1922 2.5678 -6.1557 16.8935 -0.0000 -0.0000 0.0000 -90.2647 0.6223 38.9329 18.2133 -28.4294 -4.6503 -0.0000 0.0000 -15.8329 34.5265 45.2833 26.0522 -7.1250 0.0000 -0.0000 -12.8512 80.5589 -10.5906 -0.0000 -0.0000 0.0000 68.6432 3.1648 21.6178 -24.6267 35.8200 -8.0704 0.0000 0.0000 9.1226 -33.8843 12.2795 -8.1287 7.1250 -0.0000 -0.0000 -4.5578 -15.3199 -3.2019
-9.2594 17.6752 -2.2376 -13.4145 104.7180 -8.3200 0.0000 0.0000 0.0000 -12.8185 -13.9428 -8.9396 1.7791 8.3899 23.9047 0.0173 -6.7919 -5.1723 2.2620 -9.3917 -27.0286 0.0000 0.0000 0.0000 24.4339 14.5507 -0.5062 -0.8375 -5.8379 16.3149 2.1417 -31.0551 -32.2515 -1.5299 -7.8093 22.1364 3.1118 -0.3913 2.3496 4.1648 -0.3412 1.3977 2.5412 -0.1194 0.1224 -9.1498 -11.4796 -13.0103 8.8374 -16.2810 36.1514 2.5508 -6.2942 16.9049 -0.0000 0.0000 0.0000 -90.3547 0.4929 39.6049 19.0688 -29.5041 -5.0647 -0.0000 0.0000 -16.0306 32.1714 46.0219 24.3543 -7.1250 0.0000 -0.0000 -19.9153 80.2075 -16.3207 -0.0000 0.0000 0.0000 68.8175 2.4454 19.0603 -25.3397 36.5492 -8.4914 0.0000 0.0000 13.0946 -32.2283 12.7897 -7.9448 7.1250 -0.0000 -0.0000 -3.3713 -14.9765 -2.3898
-9.2363 17.6644 -2.2484 -12.7874 105.3260 -7.7240 0.0000 0.0000 0.0000 -12.9649 -14.6665 -8.5180 1.7356 8.2922 23.6052 0.0539 -6.2506 -5.6939 2.2630 -9.3936 -27.0344 0.0000 0.0000 0.0000 24.7067 15.4083 0.0500 -0.8460 -5.8665 16.3976 2.1951 -31.9093 -33.7074 -1.7137 -8.2423 23.4526 2.7989 -0.5938 2.1758 4.3156 -0.6217 1.3529 2.8776 -0.2606 0.1850 -9.3282 -11.3836 -13.3326 8.7773 -16.0669 36.3131 2.5863 -6.2212 17.0556 -0.0000 0.0000 0.0000 -90.6264 0.4374 39.9389 20.0293 -30.6777 -5.5463 -0.0000 0.0000 -16.4603 32.2338 46.3918 24.5400 -7.1250 0.0000 -0.0000 -21.1436 80.5399 -17.4762 -0.0000 0.0000 0.0000 68.7292 2.1601 17.5603 -26.1337 37.3405 -8.9686 0.0000 0.0000 16.5274 -29.2776 12.3907 -6.8600 7.1250 -0.0000 -0.0000 -1.3963 -15.8457 -0.9623
-9.2181 17.6567 -2.2515 -11.7237 105.9430 -6.6595 0.0000 0.0000 0.0000 -12.8936 -15.7884 -7.9879 1.6979 8.2063 23.3424 0.0944 -5.5371 -6.2567 2.1173 -9.1063 -26.1284 0.0000 0.0000 0.0000 24.8664 14.7546 -0.0953 -0.8442 -5.8604 16.3799 2.1313 -31.7742 -33.8297 -1.7634 -8.3548 23.7970 2.9218 -0.6048 2.0276 4.1897 -0.6415 1.2188 2.6777 -0.2720 0.1280 -9.5745 -11.5903 -12.9380 9.2250 -16.4685 35.8594 2.7433 -6.3944 16.8662 -0.0000 0.0000 0.0000 -90.3391 0.4461 40.7059 20.7164 -31.4958 -5.9011 -0.0000 0.0000 -16.8101 32.2195 46.2186 24.4656 -7.1250 0.0000 -0.0000 -20.5303 80.3913 -16.9041 -0.0000 0.0000 0.0000 69.1447 1.8116 15.5095 -26.5520 37.7486 -9.2235 0.0000 0.0000 16.7107 -28.8518 12.9291 -7.0273 7.1250 -0.0000 -0.0000 -1.0546 -15.2947 -0.7392
-9.2076 17.6504 -2.2464 -11.2442 106.2880 -6.2273 0.0000 0.0000 0.0000 -12.8766 -16.0262 -7.7531 1.6645 8.1292 23.1071 0.1132 -5.3642 -6.5930 2.2898 -9.4452 -27.1981 0.0000 0.0000 0.0000 24.9518 14.3849 -0.2253 -0.8564 -5.9015 16.4990 2.0737 -31.6626 -33.9616 -1.8076 -8.4532 24.0992 2.6818 -0.7429 2.0533 4.3019 -0.8255 1.2263 2.9324 -0.3644 0.1311 -9.5844 -11.5205 -13.1896 8.8969 -16.2404 35.6769 2.6261 -6.3575 16.7509 -0.0000 -0.0000 0.0000 -90.3971 0.4043 40.6026 21.0940 -31.9379 -6.0996 -0.0000 0.0000 -16.8783 32.2963 46.2726 24.5493 -7.1250 0.0000 -0.0000 -20.5894 80.4686 -16.9845 -0.0000 -0.0000 0.0000 68.9987 1.8452 14.6217 -27.3889 38.5475 -9.7405 0.0000 0.0000 14.9130 -28.7246 12.2124 -6.6128 7.1250 -0.0000 -0.0000 -1.0317 -16.1173 -0.7048
-9.2041 17.6573 -2.2411 -10.5994 106.4430 -5.5235 0.0000 0.0000 0.0000 -12.8150 -16.6929 -7.5897 1.6733 8.1496 23.1692 0.1566 -4.6331 -7.2723 2.5715 -9.9668 -28.8692 0.0000 0.0000 0.0000 24.9071 12.6097 -0.9883 -0.8383 -5.8404 16.3220 2.2737 -31.2766 -31.8243 -1.3048 -7.2362 20.4170 2.7688 -0.6115 1.9982 4.1819 -0.6518 1.1099 2.7558 -0.2794 0.0345 -9.7207 -11.6134 -13.1785 9.1095 -16.4194 35.7546 2.7073 -6.4114 16.8632 0.0000 0.0000 0.0000 -90.1927 0.2939 40.4369 20.7401 -31.5237 -5.9135 -0.0000 0.0000 -16.4693 31.9644 46.3099 24.2854 -7.1250 0.0000 -0.0000 -21.3186 80.3575 -17.5462 0.0000 0.0000 0.0000 69.1593 1.3860 13.5648 -28.4692 39.5446 -10.4211 0.0000 0.0000 17.1151 -27.7273 11.8465 -6.1586 7.1250 -0.0000 -0.0000 -0.3725 -16.6486 -0.2502
-9.2051 17.6531 -2.2305 -10.0463 106.6710 -5.0904 0.0000 0.0000 0.0000 -12.6887 -16.8038 -7.6055 1.6934 8.1959 23.3108 0.1594 -4.6444 -7.3303 2.5052 -9.8473 -28.4837 0.0000 0.0000 0.0000 25.1212 12.8849 -0.6255 -0.8144 -5.7588 16.0860 2.1563 -31.2556 -32.5815 -1.5556 -7.8715 22.3245 2.7106 -0.6427 2.1553 4.1204 -0.6873 1.0897 2.7273 -0.2987 -0.0733 -9.5058 -11.5756 -13.0663 8.9296 -16.3537 35.5843 2.6080 -6.3959 16.6826 -0.0000 0.0000 0.0000 -90.1794 0.3459 39.8577 20.3571 -31.0702 -5.7145 -0.0000 0.0000 -15.9518 32.3360 46.2758 24.5837 -7.1250 0.0000 -0.0000 -20.5292 80.4882 -16.9423 -0.0000 0.0000 0.0000 68.9122 1.3266 13.2782 -29.2595 40.2501 -10.9280 0.0000 0.0000 18.0808 -25.6472 9.8823 -4.7107 7.1250 -0.0000 -0.0000 0.9575 -19.0431 0.5928
-9.2075 17.6472 -2.2317 -9.9243 106.7370 -5.0107 0.0000 0.0000 0.0000 -12.7098 -16.6869 -7.5907 1.6845 8.1754 23.2481 0.1607 -4.5624 -7.3388 2.5420 -9.9138 -28.6981 0.0000 0.0000 0.0000 25.1847 13.1396 -0.5979 -0.8392 -5.8435 16.3310 2.0498 -31.2187 -33.2047 -1.7079 -8.2292 23.4125 2.6542 -0.6243 2.2092 3.9661 -0.6679 1.0947 2.5995 -0.2916 -0.1001 -9.2652 -11.5469 -13.5405 8.7433 -16.3179 35.9415 2.4809 -6.3379 16.9278 0.0000 0.0000 0.0000 -89.9009 0.4927 39.5549 20.0613 -30.7161 -5.5626 -0.0000 0.0000 -15.8248 31.7066 46.1646 24.0186 -7.1250 0.0000 -0.0000 -21.2440 80.1285 -17.3886 0.0000 0.0000 0.0000 68.7402 1.2094 13.1508 -29.9906 40.8854 -11.4035 0.0000 0.0000 20.0761 -23.1594 8.3308 -3.5465 7.1250 -0.0000 -0.0000 2.6783 -20.9348 1.5462
-9.2078 17.6356 -2.2346 -9.4691 106.7450 -4.5766 0.0000 0.0000 0.0000 -12.6283 -16.6733 -7.6354 1.6963 8.2026 23.3310 0.1763 -4.4640 -7.6258 2.6343 -10.0781 -29.2301 0.0000 0.0000 0.0000 25.4771 14.0152 -0.2486 -0.8521 -5.8872 16.4574 2.0841 -31.7664 -34.1084 -1.8121 -8.4631 24.1298 2.5211 -0.6635 2.2444 3.9819 -0.7201 1.0591 2.6923 -0.3188 -0.1532 -9.7409 -11.5763 -13.7083 8.9812 -16.3234 36.0397 2.6538 -6.3637 17.1178 -0.0000 0.0000 0.0000 -89.9607 0.7189 39.1684 19.6969 -30.2754 -5.3777 -0.0000 0.0000 -15.9981 32.4243 46.3537 24.6859 -7.1250 0.0000 -0.0000 -20.6577 80.5902 -17.0907 -0.0000 0.0000 0.0000 68.1715 1.0956 13.6046 -31.1914 41.8930 -12.1975 0.0000 0.0000 22.2211 -19.0901 6.4632 -2.2310 7.1250 -0.0000 -0.0000 5.6383 -23.1519 2.9814
-9.2146 17.6354 -2.2377 -8.9580 106.7730 -4.0202 0.0000 0.0000 0.0000 -12.5055 -16.8915 -7.7175 1.7198 8.2563 23.4952 0.1959 -4.2440 -7.9638 2.5835 -9.9881 -28.9382 0.0000 0.0000 0.0000 25.6591 14.3059 -0.1130 -0.8356 -5.8313 16.2957 2.1636 -32.0717 -34.2407 -1.8376 -8.5192 24.3027 2.4034 -0.7077 2.2564 3.9741 -0.7811 1.0298 2.7521 -0.3505 -0.1867 -9.6578 -11.3817 -13.8909 8.8710 -16.0094 36.0353 2.6502 -6.2385 17.0888 0.0000 0.0000 0.0000 -90.1797 0.7174 38.0545 18.9791 -29.3927 -5.0206 -0.0000 0.0000 -15.3178 31.8367 46.0436 24.0835 -7.1250 0.0000 -0.0000 -20.5878 80.0836 -16.8274 0.0000 0.0000 0.0000 67.4451 1.5955 14.4651 -32.1354 42.6549 -12.8325 0.0000 0.0000 21.6643 -13.3195 3.3735 -0.7982 7.1250 -0.0000 -0.0000 10.0864 -26.4844 4.5967
-9.2286 17.6274 -2.2523 -8.5529 106.7240 -3.6237 0.0000 0.0000 0.0000 -12.4813 -16.7846 -7.7006 1.7096 8.2331 23.4244 0.2087 -4.0476 -8.1784 2.6109 -10.0368 -29.0961 0.0000 0.0000 0.0000 25.6784 13.9152 -0.4625 -0.8591 -5.9107 16.5255 2.2691 -32.0755 -33.5870 -1.6105 -8.0026 22.7221 2.4318 -0.6583 2.3392 3.8590 -0.7134 0.9871 2.6168 -0.3184 -0.2808 -9.3568 -11.3694 -14.0423 8.5662 -15.9706 36.2324 2.4728 -6.2080 17.1470 -0.0000 -0.0000 0.0000 -90.0338 0.8296 38.0729 18.5199 -28.8178 -4.7972 -0.0000 0.0000 -15.2462 31.8776 46.4240 24.2537 -7.1250 0.0000 -0.0000 -21.8939 80.4135 -18.0493 -0.0000 -0.0000 0.0000 66.9735 1.8363 14.9489 -32.6323 43.0455 -13.1704 0.0000 0.0000 23.5579 -8.8901 1.9925 -0.3116 7.1250 -0.0000 -0.0000 13.5695 -27.8672 5.8043
-9.2441 17.6258 -2.2703 -7.7271 106.7690 -2.8022 0.0000 0.0000 0.0000 -12.3806 -16.6013 -7.8666 1.7239 8.2657 23.5240 0.2393 -3.7725 -8.7116 3.1800 -10.9809 -32.2154 0.0000 0.0000 0.0000 25.7735 13.7038 -0.5925 -0.8504 -5.8816 16.4413 2.1484 -31.6848 -33.5362 -1.7144 -8.2439 23.4575 2.5192 -0.6616 2.4348 3.8177 -0.7105 0.9500 2.5264 -0.3174 -0.3742 -9.1685 -11.2605 -14.2370 8.4737 -15.8248 36.1600 2.4204 -6.1370 17.0992 0.0000 -0.0000 0.0000 -90.0005 0.7824 37.9850 18.2068 -28.4212 -4.6472 -0.0000 0.0000 -15.3692 31.4435 45.5049 23.5645 -7.1250 0.0000 -0.0000 -19.4776 79.4673 -15.6727 0.0000 -0.0000 0.0000 66.4238 2.2083 15.3817 -32.7432 43.1317 -13.2462 0.0000 0.0000 24.5555 -7.0749 1.3266 -0.1646 7.1250 -0.0000 -0.0000 15.0290 -28.5006 6.2344
-9.2572 17.6269 -2.2904 -6.9242 106.9500 -2.0188 0.0000 0.0000 0.0000 -12.2815 -16.9665 -7.8430 1.7401 8.3024 23.6363 0.2745 -3.5697 -9.3118 2.9452 -10.6058 -30.9616 0.0000 0.0000 0.0000 25.8511 12.9718 -0.9157 -0.8450 -5.8631 16.3879 2.4389 -31.9661 -32.2220 -1.2717 -7.1474 20.1528 2.3823 -0.7295 2.4637 3.8615 -0.8003 0.9069 2.6517 -0.3627 -0.4298 -9.2312 -11.1801 -14.5333 8.3969 -15.6595 36.3956 2.4240 -6.0682 17.2760 0.0000 -0.0000 0.0000 -90.0990 0.8908 38.0711 18.3472 -28.5994 -4.7143 -0.0000 0.0000 -15.9695 32.1098 45.4082 24.0792 -7.1250 0.0000 -0.0000 -17.9853 79.6620 -14.5304 0.0000 -0.0000 0.0000 66.1364 2.5631 15.1384 -32.5675 42.9949 -13.1262 0.0000 0.0000 24.7376 -6.8882 1.8760 -0.2266 7.1250 -0.0000 -0.0000 15.0940 -27.9639 6.4624
-9.2759 17.6219 -2.3226 -5.3105 106.8570 -0.5757 0.0000 0.0000 0.0000 -12.0006 -17.4091 -7.6703 1.7868 8.4070 23.9574 0.3204 -3.0348 -10.0781 3.1316 -10.9051 -31.9603 0.0000 0.0000 0.0000 26.1354 12.1816 -0.9913 -0.8095 -5.7416 16.0366 2.4367 -31.5762 -31.3460 -1.1422 -6.7867 19.0850 2.6256 -0.6263 2.6660 3.8356 -0.6424 0.8387 2.4866 -0.2838 -0.6208 -8.7723 -11.0456 -14.6752 8.2121 -15.5225 36.5299 2.2964 -5.9608 17.2848 0.0000 0.0000 0.0000 -89.9586 0.9301 38.6519 18.5641 -28.8734 -4.8185 -0.0000 0.0000 -16.1240 32.3740 46.4901 24.6930 -7.1250 0.0000 -0.0000 -21.2637 80.6804 -17.6349 0.0000 0.0000 0.0000 66.0301 2.8752 14.6483 -31.9977 42.5453 -12.7392 0.0000 0.0000 24.4899 -6.8150 2.0023 -0.2392 7.1250 -0.0000 -0.0000 15.1318 -27.8402 6.5257
-9.3079 17.6179 -2.3744 -4.5724 106.6210 0.0956 0.0000 0.0000 0.0000 -11.9322 -16.8233 -7.8696 1.7907 8.4157 23.9840 0.3243 -3.2802 -10.1299 3.2426 -11.0777 -32.5425 0.0000 0.0000 0.0000 26.0302 11.8193 -1.1773 -0.8000 -5.7087 15.9414 2.2459 -30.8684 -31.1099 -1.2921 -7.2022 20.3157 2.6232 -0.5565 2.7799 3.8431 -0.5427 0.8325 2.4938 -0.2341 -0.6934 -8.9757 -10.9363 -14.1627 8.6594 -15.4505 35.8964 2.5502 -5.9524 16.8901 0.0000 -0.0000 0.0000 -89.9422 0.9467 39.1051 18.8245 -29.2001 -4.9450 -0.0000 0.0000 -16.4282 32.4872 46.4028 24.7564 -7.1250 0.0000 -0.0000 -20.7274 80.6576 -17.1763 0.0000 -0.0000 0.0000 65.6454 3.6100 14.7200 -31.2038 41.9031 -12.2057 0.0000 0.0000 25.3512 -7.0313 2.2305 -0.2750 7.1250 -0.0000 -0.0000 14.9390 -27.6203 6.5175
-9.3410 17.6174 -2.4402 -4.4696 106.3720 0.2399 0.0000 0.0000 0.0000 -12.1381 -16.7837 -7.7840 1.7623 8.3525 23.7898 0.3454 -3.2532 -10.4594 3.0982 -10.8524 -31.7836 0.0000 0.0000 0.0000 25.8044 12.2459 -1.2646 -0.8252 -5.7956 16.1926 2.1661 -30.7416 -31.4014 -1.3520 -7.3608 20.7886 2.4720 -0.5462 2.7958 3.8202 -0.5344 0.8134 2.5550 -0.2311 -0.7207 -8.8134 -10.8635 -14.3386 8.3529 -15.2825 36.0172 2.4180 -5.8961 16.9147 -0.0000 0.0000 0.0000 -89.9799 0.8948 39.3178 18.9342 -29.3368 -4.9986 -0.0000 0.0000 -16.5694 32.3276 46.3006 24.5857 -7.1250 0.0000 -0.0000 -20.6360 80.5051 -17.0381 -0.0000 0.0000 0.0000 65.2485 4.2678 15.0953 -31.1127 41.8282 -12.1449 0.0000 0.0000 26.1510 -6.8594 1.9419 -0.2336 7.1250 -0.0000 -0.0000 15.1067 -27.8994 6.4921
-9.3769 17.6213 -2.5074 -3.2765 106.0960 1.5922 0.0000 0.0000 0.0000 -12.0027 -17.1229 -7.7805 1.7418 8.3063 23.6482 0.3814 -2.7321 -11.0442 3.0868 -10.8343 -31.7231 0.0000 0.0000 0.0000 25.8621 12.5735 -1.4696 -0.8263 -5.7995 16.2038 2.1669 -30.6896 -31.2815 -1.3332 -7.3115 20.6416 2.5795 -0.4889 2.7850 3.8524 -0.4487 0.6829 2.5257 -0.1887 -0.8517 -8.7276 -10.8333 -14.3556 8.3552 -15.2671 35.9021 2.4034 -5.8866 16.8454 0.0000 -0.0000 0.0000 -89.7574 0.9213 39.6986 18.9369 -29.3402 -4.9999 -0.0000 0.0000 -16.6353 32.4470 46.0396 24.5908 -7.1250 0.0000 -0.0000 -19.4766 80.3392 -16.0082 0.0000 -0.0000 0.0000 65.1821 4.3274 15.1270 -32.1075 42.6327 -12.8136 0.0000 0.0000 27.0507 -7.4401 2.8296 -0.3694 7.1250 -0.0000 -0.0000 14.5561 -27.0389 6.5465
-9.4196 17.6284 -2.5824 -2.3612 105.7670 2.5058 0.0000 0.0000 0.0000 -11.9903 -16.9821 -7.7768 1.7284 8.2758 23.5549 0.4174 -2.8372 -11.5582 2.8656 -10.4743 -30.5266 0.0000 0.0000 0.0000 25.7258 12.0792 -1.8215 -0.8198 -5.7772 16.1394 2.2170 -30.3147 -30.0658 -1.0634 -6.5561 18.4067 2.4220 -0.5535 3.0354 3.9375 -0.5237 0.6869 2.7075 -0.2254 -0.9837 -8.4279 -10.6316 -14.9675 8.0077 -14.9332 36.0143 2.2436 -5.7425 16.9320 -0.0000 0.0000 0.0000 -89.7063 0.9343 39.6039 18.9838 -29.3986 -5.0229 -0.0000 0.0000 -16.7078 32.8396 46.5373 25.1017 -7.1250 0.0000 -0.0000 -20.5947 80.9198 -17.1707 -0.0000 0.0000 0.0000 64.9973 4.5396 16.3605 -33.0379 43.3591 -13.4480 0.0000 0.0000 27.9353 -11.6467 4.2332 -0.8717 7.1250 -0.0000 -0.0000 11.2698 -25.6368 5.3833
-9.4712 17.6330 -2.6675 -1.0908 105.4150 3.9240 0.0000 0.0000 0.0000 -11.8773 -16.5869 -8.1059 1.7267 8.2720 23.5433 0.4538 -2.9811 -12.0516 2.6999 -10.1926 -29.6028 0.0000 0.0000 0.0000 25.4386 10.6900 -2.8106 -0.8110 -5.7470 16.0520 2.1476 -29.2282 -28.0657 -0.7640 -5.5818 15.5756 2.4320 -0.4795 3.2325 3.8457 -0.4149 0.5679 2.6053 -0.1736 -1.2203 -8.1885 -10.5562 -14.6149 8.0683 -14.9070 35.0812 2.2261 -5.7645 16.3329 -0.0000 0.0000 0.0000 -89.3536 0.9422 39.8375 18.8754 -29.2636 -4.9698 -0.0000 0.0000 -16.3689 32.7825 46.7326 25.1244 -7.1250 0.0000 -0.0000 -21.4715 81.0542 -17.9655 -0.0000 0.0000 0.0000 65.0808 3.0147 19.1095 -34.5568 44.4931 -14.5019 0.0000 0.0000 27.6942 -31.3075 16.4053 -9.7466 7.1250 -0.0000 -0.0000 -2.3188 -10.9785 -1.8363
-9.5227 17.6322 -2.7660 0.8045 105.1850 5.9268 0.0000 0.0000 0.0000 -11.6764 -16.9699 -8.1864 1.7310 8.2816 23.5728 0.5252 -2.7952 -13.0174 2.5014 -9.8405 -28.4618 0.0000 0.0000 0.0000 25.3649 9.6510 -3.5392 -0.7972 -5.6990 15.9136 2.0811 -28.3724 -26.5536 -0.5578 -4.7839 13.2933 2.3168 -0.5152 3.4505 3.8823 -0.4524 0.5071 2.7122 -0.1922 -1.4028 -8.6421 -10.5893 -14.4216 8.4268 -14.9512 34.2473 2.4272 -5.8580 15.9624 0.0000 0.0000 0.0000 -89.0306 1.0726 40.3896 19.1067 -29.5510 -5.0833 -0.0000 0.0000 -16.9504 33.2785 46.7085 25.5354 -7.1250 0.0000 -0.0000 -20.4487 81.2502 -17.1793 0.0000 0.0000 0.0000 64.0805 0.4202 25.9925 -37.8624 46.7512 -16.8653 0.0000 0.0000 24.7242 -49.7842 29.6900 -30.3613 7.1250 -0.0000 -0.0000 -10.3639 10.8717 -12.3158
-9.5739 17.6130 -2.8927 3.4050 104.9340 8.5968 0.0000 0.0000 0.0000 -11.3706 -16.3362 -8.7168 1.7375 8.2964 23.6179 0.5835 -2.9716 -13.7217 3.0232 -10.7325 -31.3829 0.0000 0.0000 0.0000 25.3818 8.5410 -4.5264 -0.8288 -5.8081 16.2285 1.9375 -27.2815 -25.1889 -0.3974 -4.0476 11.2105 2.2238 -0.7130 3.5090 3.8892 -0.7166 0.4764 2.7851 -0.3244 -1.4578 -8.9337 -10.7468 -14.0256 8.0440 -14.9700 32.6328 2.2820 -6.0813 15.0713 -0.0000 -0.0000 0.0000 -88.8006 1.5689 40.2152 19.7079 -30.2888 -5.3833 -0.0000 0.0000 -16.9165 32.6847 47.1504 25.1919 -7.1250 0.0000 -0.0000 -23.3922 81.3449 -19.7226 -0.0000 -0.0000 0.0000 63.2755 -1.9768 35.4153 -41.1048 48.7110 -19.2653 0.0000 0.0000 17.5503 -47.8981 31.8073 -30.2540 7.1250 -0.0000 -0.0000 -8.7204 12.3573 -10.4926
-9.6353 17.6149 -3.0514 6.3566 104.5230 11.3374 0.0000 0.0000 0.0000 -11.2108 -15.9009 -8.7680 1.7884 8.4107 23.9687 0.6584 -3.3646 -14.5549 2.5415 -9.9129 -28.6951 0.0000 0.0000 0.0000 25.4456 7.6022 -4.7640 -0.8000 -5.7087 15.9416 1.9314 -26.5861 -23.4150 -0.2076 -2.9334 8.0935 2.0598 -0.9096 3.7204 3.7978 -0.9816 0.4677 2.7992 -0.4583 -1.5754 -10.0134 -11.3394 -13.0437 8.0833 -15.5845 30.6469 2.3547 -6.6218 14.1337 -0.0000 0.0000 0.0000 -88.2584 2.6528 41.2050 20.7219 -31.5023 -5.9039 -0.0000 0.0000 -17.2328 32.6895 47.2173 25.2199 -7.1250 0.0000 -0.0000 -23.6750 81.3995 -19.9888 -0.0000 0.0000 0.0000 63.8917 -3.9360 43.6011 -40.5278 48.3795 -18.8329 0.0000 0.0000 9.1238 -35.0500 28.3469 -18.4220 7.1250 -0.0000 -0.0000 -2.5950 3.3749 -2.7460
-9.7173 17.6051 -3.2492 8.9248 103.9040 13.7456 0.0000 0.0000 0.0000 -11.5587 -15.5868 -8.6419 1.7815 8.3953 23.9213 0.7209 -2.6030 -15.3669 2.6996 -10.1921 -29.6010 0.0000 0.0000 0.0000 25.0834 6.6187 -5.5778 -0.8404 -5.8475 16.3426 1.7748 -25.3490 -21.8424 -0.0786 -1.8086 4.9769 1.5167 -1.0651 3.7690 3.6558 -1.2228 0.5104 2.9700 -0.5804 -1.5418 -10.8740 -11.7205 -12.5692 8.1444 -15.9548 29.2030 2.4412 -6.9723 13.5437 -0.0000 0.0000 0.0000 -88.5666 3.0847 40.6772 20.7382 -31.5215 -5.9125 -0.0000 0.0000 -16.6393 32.7266 47.0596 25.1950 -7.1250 0.0000 -0.0000 -22.9272 81.2917 -19.3025 -0.0000 0.0000 0.0000 67.1022 -4.9454 46.7683 -34.4500 44.4154 -14.4271 0.0000 0.0000 4.3233 -20.9780 22.2017 -8.2439 7.1250 -0.0000 -0.0000 4.9465 -6.4435 4.3769
-9.8332 17.6089 -3.4902 11.0971 103.5140 15.5494 0.0000 0.0000 0.0000 -12.1887 -15.3566 -8.3870 1.7783 8.3881 23.8991 0.7851 -2.2579 -16.1273 2.5299 -9.8921 -28.6279 0.0000 0.0000 0.0000 24.5212 5.7283 -6.2370 -0.9043 -6.0602 16.9591 1.6532 -24.3705 -20.6380 -0.0244 -1.0082 2.7714 1.0200 -1.1181 4.1110 3.3597 -1.3189 0.4439 2.9571 -0.6306 -1.7931 -11.3861 -12.0551 -12.1601 8.2142 -16.3702 28.5924 2.4790 -7.2503 13.3111 -0.0000 0.0000 0.0000 -88.9662 3.5351 40.1114 20.2028 -30.8859 -5.6351 -0.0000 0.0000 -17.2099 33.0443 47.0761 25.4703 -7.1250 0.0000 -0.0000 -22.4206 81.4443 -18.9374 -0.0000 0.0000 0.0000 72.4037 -6.0815 42.7794 -25.7625 36.9732 -8.7444 0.0000 0.0000 3.5381 -11.8989 19.6318 -4.0494 7.1250 -0.0000 -0.0000 10.5970 -10.2173 8.7034
-10.0313 17.6172 -3.7561 12.3144 102.8570 16.6651 0.0000 0.0000 0.0000 -12.9736 -14.1724 -9.2610 1.8131 8.4655 24.1370 0.7532 -3.1154 -15.6375 2.1396 -9.1509 -26.2686 0.0000 0.0000 0.0000 23.3376 4.4200 -8.1673 -1.0378 -6.4792 18.1812 1.4884 -22.7767 -18.3021 -0.0083 0.5889 -1.6182 -0.0679 -1.1826 4.7103 3.1853 -1.4592 0.5496 3.4114 -0.6966 -1.9906 -11.8560 -11.9485 -12.6016 8.8212 -16.2545 28.0146 2.7722 -7.1945 13.2615 0.0000 -0.0000 0.0000 -89.5472 2.9837 39.9021 19.2558 -29.7353 -5.1571 -0.0000 0.0000 -17.6186 32.5669 46.8269 24.9765 -7.1250 0.0000 -0.0000 -22.2443 81.0364 -18.6114 0.0000 -0.0000 0.0000 76.8401 -6.4374 34.8472 -18.2923 28.5299 -4.6880 0.0000 0.0000 5.3834 -16.1341 19.7584 -5.5853 7.1250 -0.0000 -0.0000 7.8727 -9.6312 6.5080
-10.3042 17.6062 -4.0306 11.9205 101.7730 16.5543 0.0000 0.0000 0.0000 -14.2617 -13.6830 -10.2300 1.7587 8.3442 23.7646 0.7132 -2.7610 -15.2551 2.2899 -9.4454 -27.1988 0.0000 0.0000 0.0000 21.5340 3.5772 -11.1743 -1.2842 -7.1812 20.2534 1.2296 -20.7259 -16.3590 -0.1095 2.1334 -5.8746 -1.7697 -1.3728 5.5255 2.9475 -1.8213 0.6799 4.1722 -0.8673 -2.2448 -11.4660 -11.6096 -12.7412 8.7244 -15.7624 26.5684 2.7498 -7.0184 12.5798 0.0000 -0.0000 0.0000 -89.7032 2.9546 39.6159 19.2460 -29.7232 -5.1522 -0.0000 0.0000 -17.5569 32.8789 46.6536 25.1771 -7.1250 0.0000 -0.0000 -20.9785 81.0318 -17.5396 0.0000 -0.0000 0.0000 79.0446 -6.8317 27.3360 -14.4292 23.3449 -2.9961 0.0000 0.0000 6.4470 -15.9042 17.6687 -4.9428 7.1250 -0.0000 -0.0000 7.9466 -11.7877 6.2173
-10.6257 17.6606 -4.3053 18.2898 99.6061 23.7808 0.0000 0.0000 0.0000 -14.4417 -12.9538 -11.8705 1.6944 8.1982 23.3177 0.6666 -1.5844 -14.9642 2.0861 -9.0431 -25.9304 0.0000 0.0000 0.0000 20.6680 4.3352 -13.3222 -1.2387 -7.0574 19.8857 1.0041 -18.5491 -13.8866 -0.1480 2.4794 -6.8326 -2.5769 -1.1724 6.0080 2.7750 -1.6198 0.7084 4.4505 -0.7581 -2.4848 -11.3877 -11.2237 -13.2638 9.2656 -15.3096 25.6272 2.9897 -6.7749 12.2978 -0.0000 -0.0000 0.0000 -89.1233 3.0593 39.6809 19.5422 -30.0869 -5.2999 -0.0000 0.0000 -18.8503 33.7625 46.9294 26.0283 -7.1250 0.0000 -0.0000 -20.4313 81.6419 -17.3196 -0.0000 -0.0000 0.0000 79.4543 -7.5743 24.5111 -13.6144 22.1807 -2.6808 0.0000 0.0000 8.2111 -13.0530 18.0054 -4.0990 7.1250 -0.0000 -0.0000 9.8260 -11.7334 7.7400
-10.9479 17.7116 -4.5283 34.3680 96.7870 41.1665 0.0000 0.0000 0.0000 -13.9321 -12.3984 -14.3341 1.7471 8.3180 23.6843 0.6868 -0.0405 -15.6498 1.6015 -7.9814 -22.6577 0.0000 0.0000 0.0000 20.2714 5.6903 -14.8473 -0.9816 -6.3067 17.6770 0.6542 -15.1253 -11.3526 -0.1471 2.4720 -6.8119 -3.2569 -0.8571 5.8567 2.4734 -1.2597 0.5578 4.4932 -0.5725 -2.5823 -11.1973 -10.7734 -13.9080 9.2978 -14.6660 25.2121 3.0547 -6.4741 12.1673 -0.0000 -0.0000 0.0000 -88.1390 3.0590 39.1246 19.1685 -29.6275 -5.1139 -0.0000 0.0000 -20.1140 34.3366 47.7216 26.8124 -7.1250 0.0000 -0.0000 -22.9883 82.5275 -19.8981 -0.0000 -0.0000 0.0000 79.2102 -8.0708 25.7706 -14.5146 23.4656 -3.0300 0.0000 0.0000 8.1727 -11.5621 18.4769 -3.7097 7.1250 -0.0000 -0.0000 10.8029 -11.4002 8.6129
-11.3042 17.7409 -4.6243 63.0759 94.8695 70.7666 0.0000 0.0000 0.0000 -13.2024 -12.6552 -16.3486 1.8191 8.4786 24.1774 0.6305 2.3498 -16.0330 1.1393 -6.7785 -19.0609 0.0000 0.0000 0.0000 20.1743 7.3555 -16.3861 -1.0028 -6.3722 17.8682 0.2112 -10.5513 -11.0489 -0.1566 2.5502 -7.0289 -4.4067 -0.7768 6.3823 1.9350 -1.2743 0.3839 4.6009 -0.5571 -3.0432 -11.2690 -10.2691 -14.8832 9.0491 -13.8039 25.2964 3.0858 -6.1099 12.2733 -0.0000 -0.0000 0.0000 -86.5349 3.3913 37.0894 18.5785 -28.8916 -4.8255 -0.0000 0.0000 -20.2045 35.0903 47.8338 27.5077 -7.1250 0.0000 -0.0000 -22.0531 82.9565 -19.2608 -0.0000 -0.0000 0.0000 79.9342 -7.5550 26.5212 -16.2904 25.9128 -3.7720 0.0000 0.0000 6.8317 -13.4918 18.4802 -4.3491 7.1250 -0.0000 -0.0000 9.5468 -11.2134 7.6172
-11.6455 17.7443 -4.6512 84.0502 94.8502 91.8820 0.0000 0.0000 0.0000 -12.5258 -11.6776 -18.1289 1.8836 8.6194 24.6118 0.5462 2.6658 -15.1845 1.1360 -6.7689 -19.0324 0.0000 0.0000 0.0000 21.0871 4.9864 -18.2563 -1.6481 -8.0910 22.9909 -0.1041 -6.8945 -12.0073 -0.2291 3.0810 -8.5044 -4.9562 -1.2937 6.9164 1.5053 -2.0370 0.5986 4.5397 -0.9363 -3.0306 -10.7463 -9.2246 -15.9450 8.1240 -12.1060 25.4285 2.9228 -5.3966 12.2182 -0.0000 0.0000 0.0000 -85.0249 3.0938 34.5611 17.4180 -27.4055 -4.2780 -0.0000 0.0000 -20.6830 36.4743 48.1376 28.8358 -7.1250 0.0000 -0.0000 -20.7167 83.8281 -18.4255 -0.0000 0.0000 0.0000 80.4115 -7.0589 29.1773 -19.8235 30.4291 -5.4417 0.0000 0.0000 3.2296 -14.6515 18.3238 -4.6988 7.1250 -0.0000 -0.0000 8.7864 -11.2533 6.9876
-11.9411 17.7539 -4.6160 92.8688 95.5505 100.1430 0.0000 0.0000 0.0000 -11.5187 -11.2765 -18.6078 1.8604 8.5691 24.4563 0.4402 3.2201 -14.1290 1.1142 -6.7058 -18.8468 0.0000 0.0000 0.0000 21.7567 3.5669 -17.0431 -2.6647 -10.1314 29.4032 -0.2921 -4.0557 -12.5227 -0.1562 2.5464 -7.0183 -4.4489 -1.4730 7.2458 1.2092 -2.2518 0.8590 3.9685 -1.0562 -2.9512 -9.3102 -7.8019 -17.7096 6.4330 -9.9168 27.9780 2.4130 -4.4018 13.1566 0.0000 -0.0000 0.0000 -84.2275 2.3651 32.6849 16.3256 -25.9601 -3.7874 -0.0000 0.0000 -21.6768 37.6086 49.2020 30.2492 -7.1250 0.0000 -0.0000 -25.6482 85.1598 -23.4740 0.0000 -0.0000 0.0000 80.0183 -7.3612 33.1530 -23.8743 35.0310 -7.6343 0.0000 0.0000 0.7395 -16.2038 19.1535 -5.4464 7.1250 -0.0000 -0.0000 7.8025 -10.2398 6.3520
-12.1943 17.7755 -4.4842 96.8209 95.2403 103.7010 0.0000 0.0000 0.0000 -11.4181 -10.9172 -18.1037 1.5935 7.9624 22.6001 0.3023 3.9907 -12.6366 1.3057 -7.2386 -20.4243 0.0000 0.0000 0.0000 20.6385 3.8061 -13.5196 -3.5722 -11.5682 34.2211 -0.3786 -0.7816 -11.9330 -0.1810 2.7401 -7.5561 -4.5679 -1.2762 6.4887 0.7304 -1.9804 0.8740 3.4881 -0.9336 -2.5527 -6.9460 -6.0313 -18.8222 4.7267 -7.4903 31.6345 1.8168 -3.2014 14.5199 0.0000 -0.0000 0.0000 -84.1351 1.6911 32.0530 15.8698 -25.3438 -3.5900 -0.0000 0.0000 -20.9699 39.2540 50.2610 32.1436 -7.1250 0.0000 -0.0000 -33.6238 86.6642 -31.7316 0.0000 -0.0000 0.0000 80.1027 -7.7045 34.9063 -26.7226 37.9133 -9.3281 0.0000 0.0000 1.7670 -16.5979 19.5809 -5.7046 7.1250 -0.0000 -0.0000 7.5655 -9.7570 6.2300
-12.4519 17.8069 -4.2868 96.5497 94.8131 103.1710 0.0000 0.0000 0.0000 -10.9910 -11.7692 -17.2408 1.3027 7.2305 20.4001 0.1437 5.5384 -11.2550 1.2345 -7.0460 -19.8517 0.0000 0.0000 0.0000 19.5197 3.4922 -8.6488 -3.6502 -11.6798 34.6084 -0.2804 0.3210 -9.8931 -0.1655 2.6212 -7.2259 -4.1192 -0.9784 5.3227 0.4495 -1.5123 0.8509 2.8786 -0.7198 -1.9876 -4.6202 -4.2133 -20.0939 3.3819 -4.9538 35.8285 1.4018 -1.8901 16.4832 0.0000 0.0000 0.0000 -84.3657 1.5299 33.5265 16.9208 -26.7533 -4.0516 -0.0000 0.0000 -19.2257 38.4555 48.8798 30.8909 -7.1250 0.0000 -0.0000 -20.7802 85.3310 -19.0616 0.0000 0.0000 0.0000 80.2305 -7.3294 35.6644 -27.7205 38.8577 -9.9478 0.0000 0.0000 1.7764 -16.4196 19.8291 -5.7085 7.1250 -0.0000 -0.0000 7.6917 -9.5251 6.3721
-12.7818 17.7675 -3.9983 96.9639 94.7854 103.4650 0.0000 0.0000 0.0000 -9.6154 -12.9133 -17.7645 1.2510 7.0911 19.9857 0.0067 7.0899 -10.2669 1.3943 -7.4704 -21.1168 0.0000 0.0000 0.0000 19.3076 3.1065 -3.1486 -2.6687 -10.1385 29.4263 -0.1065 -0.8899 -6.5565 -0.0796 1.8202 -5.0089 -3.0758 -0.4616 4.6326 0.5216 -0.7478 0.6831 2.3082 -0.3475 -1.8479 -2.7513 -2.5795 -20.2312 2.4659 -2.6472 37.8896 1.1868 -0.7354 17.4060 0.0000 -0.0000 0.0000 -84.7001 1.7208 35.8128 19.0913 -29.5320 -5.0758 -0.0000 0.0000 -20.7696 37.6662 48.9748 30.2153 -7.1250 0.0000 -0.0000 -23.6337 85.0241 -21.5605 0.0000 -0.0000 0.0000 79.8656 -6.6513 36.3661 -27.9419 39.0627 -10.0870 0.0000 0.0000 1.2574 -15.6366 19.6222 -5.3696 7.1250 -0.0000 -0.0000 8.1880 -9.8281 6.7413
-13.2286 17.6527 -3.5994 95.4933 93.9198 102.5070 0.0000 0.0000 0.0000 -8.3834 -13.8084 -20.6436 1.4038 7.4946 21.1892 -0.0504 7.4700 -9.4453 1.6206 -8.0265 -22.7945 0.0000 0.0000 0.0000 19.0207 2.8473 1.5814 -1.1548 -6.8230 19.1919 -0.2459 0.3718 -9.2408 -0.9787 6.2977 -17.6506 -2.5264 0.0854 4.3121 0.3111 0.0064 0.4257 1.7366 0.0276 -1.9802 -1.4122 -1.5242 -20.2552 2.2138 -1.3480 38.5616 1.1261 -0.0091 17.7100 -0.0000 0.0000 0.0000 -84.5402 1.6648 37.6303 21.6735 -32.6060 -6.4090 -0.0000 0.0000 -23.2007 37.4689 49.1209 30.0931 -7.1250 0.0000 -0.0000 -25.2916 85.0348 -23.0879 -0.0000 0.0000 0.0000 79.9123 -6.1868 36.5125 -28.4491 39.5264 -10.4082 0.0000 0.0000 1.9406 -16.1315 19.8581 -5.6113 7.1250 -0.0000 -0.0000 7.8786 -9.5300 6.5292
-13.7778 17.4847 -3.1144 82.1462 93.5861 89.7768 0.0000 0.0000 0.0000 -6.0915 -14.9287 -24.1190 1.5226 7.7916 22.0829 -0.1219 7.6829 -7.6712 2.3591 -9.5771 -27.6179 0.0000 0.0000 0.0000 20.4559 1.7449 4.9098 -0.2949 -3.4920 9.6516 -0.4118 -1.5134 -12.7673 -1.5389 7.8313 -22.2027 -1.1481 0.2920 4.5204 0.3615 0.3472 0.4794 0.9936 0.1872 -2.0504 -0.5322 -0.4981 -20.6937 2.1078 -0.0728 38.3803 1.1829 0.6218 17.6813 -0.0000 -0.0000 0.0000 -84.4544 1.0424 37.7789 23.8389 -34.9934 -7.6140 -0.0000 0.0000 -23.5989 37.5317 48.6985 29.9897 -7.1250 0.0000 -0.0000 -21.8550 84.7543 -19.8205 -0.0000 -0.0000 0.0000 79.4868 -5.4060 37.3575 -29.3615 40.3398 -10.9939 0.0000 0.0000 8.6790 -16.7715 21.3473 -6.2607 7.1250 -0.0000 -0.0000 7.5431 -7.9320 6.4880
-14.3772 17.3656 -2.6169 73.2253 94.9218 80.7936 0.0000 0.0000 0.0000 -1.9068 -17.1027 -26.1460 1.5780 7.9254 22.4877 -0.0858 8.0255 -9.4452 3.1917 -10.9990 -32.2766 0.0000 0.0000 0.0000 24.1505 0.9800 8.2663 0.0000 0.0000 -0.0000 -0.2413 -5.2018 -12.6513 -0.6952 5.3301 -14.8524 1.6129 0.3460 5.6498 1.1621 0.6113 0.8719 0.2435 0.3058 -2.2659 -0.1503 0.4959 -20.5762 2.3542 1.1525 37.5783 1.4490 1.1956 17.1829 0.0000 0.0000 0.0000 -85.5771 0.3184 35.4582 24.8253 -36.0249 -8.1870 -0.0000 0.0000 -22.7701 37.9437 47.3833 29.8466 -7.1250 0.0000 -0.0000 -12.6559 83.8749 -11.2461 0.0000 0.0000 0.0000 78.1593 -3.8515 38.8325 -28.8825 39.9160 -10.6852 0.0000 0.0000 12.1201 -17.6713 22.8635 -7.0564 7.1250 -0.0000 -0.0000 7.0715 -6.2603 6.3076
-14.8866 17.4188 -2.1813 65.6990 95.6226 73.1702 0.0000 0.0000 0.0000 0.5652 -18.7532 -27.0788 1.5382 7.8294 22.1971 0.3370 6.0634 -14.8566 2.5438 -9.9172 -28.7089 0.0000 0.0000 0.0000 26.1912 2.0790 6.7742 0.0000 -0.0000 0.0000 -0.1915 -5.4462 -12.0365 -0.9081 6.0725 -16.9948 3.7016 0.5600 5.9853 1.5276 1.0559 1.1905 -0.5855 0.5253 -2.0915 0.8036 0.8700 -20.0192 2.2714 1.3990 37.2390 1.2752 1.4313 16.8691 -0.0000 0.0000 0.0000 -86.9564 0.0572 33.2303 24.1819 -35.3561 -7.8116 -0.0000 0.0000 -22.5367 39.4250 47.0596 31.0420 -7.1250 0.0000 -0.0000 -6.3403 84.2368 -5.6731 -0.0000 0.0000 0.0000 78.5067 -2.9921 36.1486 -26.7659 37.9550 -9.3548 0.0000 0.0000 10.5419 -17.3990 21.8597 -6.6549 7.1250 -0.0000 -0.0000 7.1762 -7.3247 6.2533
-15.2590 17.5609 -1.8362 51.9074 94.6457 59.5937 0.0000 0.0000 0.0000 -0.7415 -18.6583 -27.8556 1.6418 8.0764 22.9462 0.4245 5.1505 -15.2800 2.4216 -9.6939 -27.9911 0.0000 0.0000 0.0000 25.8979 3.2589 5.5623 0.0000 0.0000 -0.0000 -0.0869 -6.4336 -11.1350 -0.7725 5.6122 -15.6632 2.8164 0.6570 5.4513 1.6834 1.1074 1.2637 0.0743 0.5605 -1.7361 1.1411 1.0171 -19.9593 2.7821 1.2709 36.9862 1.4089 1.5027 16.7246 0.0000 0.0000 0.0000 -88.4744 0.6158 31.5228 22.0618 -33.0468 -6.6195 -0.0000 0.0000 -21.7281 38.8247 46.7359 30.3706 -7.1250 0.0000 -0.0000 -6.9575 83.6858 -6.1523 0.0000 0.0000 0.0000 78.5219 -2.6390 31.8753 -23.3741 34.4954 -7.3491 0.0000 0.0000 13.3994 -16.4016 21.1644 -6.0662 7.1250 -0.0000 -0.0000 7.7682 -8.1661 6.6491
-15.5488 17.6625 -1.5923 29.6227 94.1814 37.3541 0.0000 0.0000 0.0000 -4.4424 -15.1427 -29.1890 2.2094 9.2892 26.7043 0.3601 -0.2692 -11.2437 2.4316 -9.7124 -28.0505 0.0000 0.0000 0.0000 25.1362 3.9765 4.9417 0.0000 0.0000 -0.0000 -0.0103 -7.5467 -10.9833 -0.6061 4.9831 -13.8603 2.4145 0.7322 5.3650 1.4894 1.1761 1.0142 0.0943 0.5892 -1.9471 0.7688 0.7890 -20.3600 3.2997 0.7907 36.4185 1.5933 1.3134 16.5314 -0.0000 0.0000 0.0000 -88.7212 1.4409 31.5548 19.7348 -30.3214 -5.3968 -0.0000 0.0000 -21.7832 37.9015 46.6246 29.5048 -7.1250 0.0000 -0.0000 -9.3183 83.1895 -8.1533 -0.0000 0.0000 0.0000 78.7275 -3.8438 28.2540 -21.2109 32.0738 -6.1616 0.0000 0.0000 13.1063 -16.8091 20.1344 -5.9367 7.1250 -0.0000 -0.0000 7.4554 -9.1655 6.2270
-15.7834 17.6700 -1.4675 22.5101 94.1203 30.1692 0.0000 0.0000 0.0000 -7.3397 -11.3847 -30.1029 3.4430 11.3798 33.5719 0.2694 -4.8964 -9.3331 2.5266 -9.8861 -28.6085 0.0000 0.0000 0.0000 25.1100 5.3232 4.7873 0.0000 0.0000 -0.0000 0.0926 -8.8873 -10.7617 -0.4995 4.5310 -12.5755 3.4889 0.9245 5.0527 1.4670 1.4816 0.8791 -0.5453 0.7349 -1.8790 0.6131 0.6735 -20.4618 2.8810 0.7458 35.4162 1.3898 1.1799 16.0474 0.0000 0.0000 0.0000 -89.0242 1.6962 29.9006 18.0823 -28.2624 -4.5881 -0.0000 0.0000 -24.5569 40.3475 46.6982 31.7250 -7.1250 0.0000 -0.0000 -1.3997 84.2907 -1.2535 0.0000 0.0000 0.0000 78.4308 -4.9614 26.6482 -19.4447 29.9675 -5.2511 0.0000 0.0000 8.6344 -17.2544 19.8021 -6.0066 7.1250 -0.0000 -0.0000 7.1523 -9.4504 5.9285
-15.9888 17.6188 -1.3695 16.9106 94.0899 23.9270 0.0000 0.0000 0.0000 -9.7175 -7.9511 -29.2783 4.8244 13.1832 40.0583 0.1840 -8.7973 -9.1867 2.3492 -9.5585 -27.5584 0.0000 0.0000 0.0000 25.3209 8.1136 1.3720 -0.2001 -2.8806 7.9465 -0.0090 -10.2027 -14.6742 -0.4715 4.4041 -12.2164 3.7052 0.8985 5.3866 1.6475 1.4858 0.8285 -0.4882 0.7336 -2.1173 0.5667 0.7741 -20.2691 2.8377 0.8950 34.8670 1.3854 1.2152 15.7270 -0.0000 -0.0000 0.0000 -89.1654 1.8242 29.0836 16.6691 -26.4195 -3.9390 -0.0000 0.0000 -23.4357 39.7487 46.9704 31.2971 -7.1250 0.0000 -0.0000 -4.7810 84.2934 -4.2826 -0.0000 -0.0000 0.0000 77.7518 -5.0337 25.7110 -17.1643 27.0739 -4.1618 0.0000 0.0000 8.4420 -16.3779 19.5994 -5.6303 7.1250 -0.0000 -0.0000 7.7085 -9.7644 6.3487
-16.0497 17.5673 -1.3191 19.2077 93.8790 25.5462 0.0000 0.0000 0.0000 -10.7789 -6.2344 -25.7661 5.2375 13.6464 41.8391 0.1973 -9.9144 -9.8812 1.9515 -8.7644 -25.0610 0.0000 0.0000 0.0000 25.6148 9.1156 0.3138 -0.4069 -4.0952 11.3448 -0.1079 -10.3728 -16.3507 -0.4400 4.2564 -11.7992 3.5235 0.8255 4.7436 1.9482 1.3559 0.7999 -0.0576 0.6765 -1.8032 0.9735 0.8205 -20.1760 3.3126 0.6540 35.2158 1.4857 1.2554 15.8853 -0.0000 -0.0000 0.0000 -88.9709 2.4221 30.5019 15.5830 -24.9520 -3.4682 -0.0000 0.0000 -22.3259 38.0485 46.5183 29.5916 -7.1250 0.0000 -0.0000 -8.4596 83.1568 -7.3957 -0.0000 -0.0000 0.0000 77.9495 -4.0912 21.6010 -14.4907 23.4319 -3.0205 0.0000 0.0000 11.9044 -16.5925 19.5440 -5.6925 7.1250 -0.0000 -0.0000 7.5673 -9.7953 6.2256
-16.0355 17.5428 -1.3203 21.8736 93.8263 27.6196 0.0000 0.0000 0.0000 -11.3262 -6.8437 -19.9019 4.0158 12.1814 36.3766 0.4223 -8.0697 -12.0702 2.3383 -9.5379 -27.4928 0.0000 0.0000 0.0000 25.7883 8.7820 0.3216 -0.4802 -4.4437 12.3285 -0.1826 -9.9235 -16.7962 -0.3980 4.0505 -11.2189 3.0415 0.6173 3.9052 2.2702 1.0288 0.5846 0.5716 0.5183 -1.5783 1.0450 0.5948 -20.1370 4.1238 -0.0133 35.4662 1.7083 1.1211 16.0207 -0.0000 0.0000 0.0000 -89.2182 3.0915 31.6938 14.8847 -23.9852 -3.1789 -0.0000 0.0000 -21.5099 37.4640 46.6227 29.1180 -7.1250 0.0000 -0.0000 -10.5479 82.9992 -9.1922 -0.0000 0.0000 0.0000 78.7325 -4.0829 16.2718 -13.4470 21.9387 -2.6179 0.0000 0.0000 12.2685 -18.4930 19.5085 -6.3730 7.1250 -0.0000 -0.0000 6.3365 -9.5953 5.2245
-15.9864 17.5296 -1.3755 17.7868 93.7350 22.7492 0.0000 0.0000 0.0000 -12.6531 -10.1665 -13.1955 2.6476 10.1015 29.3059 0.8502 -3.4441 -16.6025 3.0468 -10.7704 -31.5095 0.0000 0.0000 0.0000 25.4195 8.5568 1.1087 -0.5218 -4.6296 12.8550 -0.2015 -9.9672 -17.0925 -0.4295 4.2058 -11.6564 2.1983 0.3250 3.3241 2.3996 0.5851 0.4298 1.2024 0.3009 -1.4265 1.0555 0.6568 -20.3789 4.4827 -0.1194 35.0662 1.8267 1.1134 15.8861 0.0000 -0.0000 0.0000 -89.4682 3.2173 33.0853 14.6057 -23.5939 -3.0664 -0.0000 0.0000 -21.6261 37.1071 47.2745 29.0621 -7.1250 0.0000 -0.0000 -14.4416 83.4097 -12.7093 0.0000 -0.0000 0.0000 79.2727 -4.8863 15.9012 -13.9461 22.6576 -2.8073 0.0000 0.0000 7.6948 -20.9163 18.6027 -6.9512 7.1250 -0.0000 -0.0000 4.7052 -10.2167 3.8092
-15.9515 17.5166 -1.4634 11.1288 94.2238 15.8449 0.0000 0.0000 0.0000 -14.4525 -14.6808 -8.3303 1.9867 8.8384 25.2912 1.0050 2.8947 -20.1894 2.6694 -10.1396 -29.4299 0.0000 0.0000 0.0000 24.9932 9.1645 1.2879 -0.6083 -4.9920 13.8857 -0.1329 -11.0976 -17.5995 -0.4052 4.0864 -11.3199 1.4210 -0.0056 2.6025 2.5582 0.1028 0.1063 1.8230 0.0636 -1.3529 0.7134 0.6270 -20.8013 4.0812 0.0438 34.5725 1.7267 1.0496 15.7333 0.0000 -0.0000 0.0000 -89.8543 2.7400 34.5483 14.9346 -24.0549 -3.1992 -0.0000 0.0000 -21.5567 35.9686 48.2069 28.4158 -7.1250 0.0000 -0.0000 -22.2822 83.6481 -19.7524 0.0000 -0.0000 0.0000 79.3708 -5.5479 18.2092 -14.5134 23.4638 -3.0295 0.0000 0.0000 5.9590 -21.2971 18.6862 -7.1190 7.1250 -0.0000 -0.0000 4.4627 -10.0768 3.6244
-15.9600 17.5255 -1.5833 9.2142 94.6857 14.0628 0.0000 0.0000 0.0000 -15.6380 -19.2750 -5.5887 1.7455 8.3145 23.6734 0.8258 7.5395 -21.5027 2.8775 -10.4940 -30.5917 0.0000 0.0000 0.0000 24.5960 9.4351 0.7492 -0.7080 -5.3777 14.9889 -0.1291 -11.6526 -18.2573 -0.3994 4.0574 -11.2382 1.0340 -0.1142 2.2572 2.7159 -0.0498 -0.2577 2.2085 -0.0085 -1.5288 0.3437 0.6305 -21.1912 3.6145 0.2937 33.8625 1.6144 1.0051 15.4695 0.0000 0.0000 0.0000 -89.9941 1.9030 36.6392 16.3029 -25.9296 -3.7774 -0.0000 0.0000 -22.1072 34.9757 48.8536 27.7803 -7.1250 0.0000 -0.0000 -28.3614 83.6586 -25.2029 0.0000 0.0000 0.0000 79.5988 -6.0292 20.6878 -14.9739 24.1097 -3.2153 0.0000 0.0000 6.3275 -20.2839 19.2330 -6.9415 7.1250 -0.0000 -0.0000 5.1593 -9.6433 4.2398
-16.0250 17.5554 -1.6904 8.0435 95.0567 13.6984 0.0000 0.0000 0.0000 -15.6384 -19.6327 -6.7477 1.7347 8.2902 23.5991 0.7890 7.2615 -20.9414 3.0416 -10.7621 -31.4816 0.0000 0.0000 0.0000 23.9972 9.8540 -0.5628 -0.7482 -5.5251 15.4124 -0.0747 -12.0236 -18.0706 -0.4506 4.3064 -11.9403 0.5860 -0.0168 2.1231 2.7198 0.0752 -0.7083 2.4613 0.0605 -1.9205 0.0633 0.5811 -21.6803 3.5828 0.2881 33.3582 1.6353 0.9416 15.3405 0.0000 0.0000 0.0000 -89.6225 1.2558 38.7556 18.8951 -29.2881 -4.9794 -0.0000 0.0000 -22.7579 33.8852 49.2634 26.9707 -7.1250 0.0000 -0.0000 -32.8979 83.4195 -29.1499 0.0000 0.0000 0.0000 80.0799 -6.0696 23.1219 -15.4171 24.7239 -3.3985 0.0000 0.0000 5.2634 -18.9849 19.9661 -6.7001 7.1250 -0.0000 -0.0000 6.0464 -9.0574 5.0481
-16.1352 17.5765 -1.7838 13.6800 95.5209 19.8050 0.0000 0.0000 0.0000 -14.8468 -19.0043 -8.5961 1.8223 8.4856 24.1991 0.8024 6.0420 -20.1661 2.9595 -10.6293 -31.0395 0.0000 0.0000 0.0000 24.2673 10.4411 -1.0074 -0.6943 -5.3267 14.8428 0.0815 -12.9242 -17.3246 -0.5051 4.5558 -12.6457 0.8350 0.1607 3.0368 2.6995 0.3520 -1.0077 2.2893 0.1991 -2.7516 -0.0231 0.2690 -21.8463 3.8675 -0.2820 32.7362 1.6418 0.7153 15.1043 0.0000 -0.0000 0.0000 -88.8771 0.9862 40.1203 22.1173 -33.1094 -6.6498 -0.0000 0.0000 -22.9324 33.5360 49.0727 26.6001 -7.1250 0.0000 -0.0000 -32.1514 83.1313 -28.3094 0.0000 -0.0000 0.0000 80.6187 -6.1075 25.9154 -16.5199 26.2205 -3.8728 0.0000 0.0000 4.1441 -18.0236 20.1472 -6.3945 7.1250 -0.0000 -0.0000 6.6756 -8.9978 5.5885
-16.1939 17.5880 -1.9012 16.8298 95.5358 23.4994 0.0000 0.0000 0.0000 -14.7338 -19.4130 -9.6544 1.9191 8.6956 24.8476 0.8029 6.2598 -20.3267 2.7948 -10.3553 -30.1351 0.0000 0.0000 0.0000 24.1671 11.4288 -0.8428 -0.5987 -4.9535 13.7759 0.1890 -13.9474 -17.4674 -0.3029 3.5385 -9.7818 0.9806 0.3781 2.8891 2.5759 0.6378 -0.9591 2.0651 0.3371 -2.6250 -0.5016 -0.0195 -22.1707 4.2423 -0.6686 32.6850 1.8106 0.5447 15.1691 -0.0000 0.0000 0.0000 -88.2542 0.4987 40.8902 24.4117 -35.5966 -7.9450 -0.0000 0.0000 -22.7717 34.1970 48.9126 27.1198 -7.1250 0.0000 -0.0000 -30.0832 83.3336 -26.5733 -0.0000 0.0000 0.0000 80.3117 -5.7262 29.7789 -18.0896 28.2718 -4.5916 0.0000 0.0000 2.4970 -17.8523 19.8963 -6.2550 7.1250 -0.0000 -0.0000 6.7718 -9.2781 5.6320
