HIERARCHY
ROOT Hips
{
	OFFSET 0.00000 0.00000 0.00000
	CHANNELS 6 Xposition Yposition Zposition Zrotation Yrotation Xrotation 
	JOINT LHipJoint
	{
		OFFSET 0 0 0
		CHANNELS 3 Zrotation Yrotation Xrotation
		JOINT LeftUpLeg
		{
			OFFSET 1.53139 -1.83434 0.76626
			CHANNELS 3 Zrotation Yrotation Xrotation
			JOINT LeftLeg
			{
				OFFSET 2.56112 -7.03663 0.00000
				CHANNELS 3 Zrotation Yrotation Xrotation
				JOINT LeftFoot
				{
					OFFSET 2.59983 -7.14299 0.00000
					CHANNELS 3 Zrotation Yrotation Xrotation
					JOINT LeftToeBase
					{
						OFFSET 0.13742 -0.37757 2.00054
						CHANNELS 3 Zrotation Yrotation Xrotation
						End Site
						{
							OFFSET 0.00000 -0.00000 1.02897
						}
					}
				}
			}
		}
	}
	JOINT RHipJoint
	{
		OFFSET 0 0 0
		CHANNELS 3 Zrotation Yrotation Xrotation
		JOINT RightUpLeg
		{
			OFFSET -1.40122 -1.83435 0.76627
			CHANNELS 3 Zrotation Yrotation Xrotation
			JOINT RightLeg
			{
				OFFSET -2.54052 -6.98003 0.00000
				CHANNELS 3 Zrotation Yrotation Xrotation
				JOINT RightFoot
				{
					OFFSET -2.63179 -7.23079 0.00000
					CHANNELS 3 Zrotation Yrotation Xrotation
					JOINT RightToeBase
					{
						OFFSET -0.24131 -0.66299 2.03908
						CHANNELS 3 Zrotation Yrotation Xrotation
						End Site
						{
							OFFSET -0.00000 -0.00000 1.07391
						}
					}
				}
			}
		}
	}
	JOINT LowerBack
	{
		OFFSET 0 0 0
		CHANNELS 3 Zrotation Yrotation Xrotation
		JOINT Spine
		{
			OFFSET 0.01174 2.10302 -0.29778
			CHANNELS 3 Zrotation Yrotation Xrotation
			JOINT Spine1
			{
				OFFSET 0.00772 2.13227 -0.01247
				CHANNELS 3 Zrotation Yrotation Xrotation
				JOINT Neck
				{
					OFFSET 0 0 0
					CHANNELS 3 Zrotation Yrotation Xrotation
					JOINT Neck1
					{
						OFFSET -0.09219 1.60848 0.31481
						CHANNELS 3 Zrotation Yrotation Xrotation
						JOINT Head
						{
							OFFSET 0.13974 1.65456 -0.31134
							CHANNELS 3 Zrotation Yrotation Xrotation
							End Site
							{
								OFFSET 0.04742 1.69515 -0.14578
							}
						}
					}
				}
				JOINT LeftShoulder
				{
					OFFSET 0 0 0
					CHANNELS 3 Zrotation Yrotation Xrotation
					JOINT LeftArm
					{
						OFFSET 3.24909 1.02882 -0.23993
						CHANNELS 3 Zrotation Yrotation Xrotation
						JOINT LeftForeArm
						{
							OFFSET 5.32955 -0.00000 -0.00000
							CHANNELS 3 Zrotation Yrotation Xrotation
							JOINT LeftHand
							{
								OFFSET 3.69232 -0.00000 -0.00000
								CHANNELS 3 Zrotation Yrotation Xrotation
								JOINT LeftFingerBase
								{
									OFFSET 0 0 0
									CHANNELS 3 Zrotation Yrotation Xrotation
									JOINT LeftHandIndex1
									{
										OFFSET 0.53660 -0.00000 -0.00000
										CHANNELS 3 Zrotation Yrotation Xrotation
										End Site
										{
											OFFSET 0.43262 -0.00000 -0.00000
										}
									}
								}
								JOINT LThumb
								{
									OFFSET 0 0 0
									CHANNELS 3 Zrotation Yrotation Xrotation
									End Site
									{
										OFFSET 0.43922 -0.00000 0.43922
									}
								}
							}
						}
					}
				}
				JOINT RightShoulder
				{
					OFFSET 0 0 0
					CHANNELS 3 Zrotation Yrotation Xrotation
					JOINT RightArm
					{
						OFFSET -3.21387 0.93002 -0.34594
						CHANNELS 3 Zrotation Yrotation Xrotation
						JOINT RightForeArm
						{
							OFFSET -5.23431 -0.00000 0.00000
							CHANNELS 3 Zrotation Yrotation Xrotation
							JOINT RightHand
							{
								OFFSET -3.55301 -0.00000 -0.00000
								CHANNELS 3 Zrotation Yrotation Xrotation
								JOINT RightFingerBase
								{
									OFFSET 0 0 0
									CHANNELS 3 Zrotation Yrotation Xrotation
									JOINT RightHandIndex1
									{
										OFFSET -0.77252 -0.00000 -0.00000
										CHANNELS 3 Zrotation Yrotation Xrotation
										End Site
										{
											OFFSET -0.62283 -0.00000 -0.00000
										}
									}
								}
								JOINT RThumb
								{
									OFFSET 0 0 0
									CHANNELS 3 Zrotation Yrotation Xrotation
									End Site
									{
										OFFSET -0.63234 -0.00000 0.63234
									}
								}
							}
						}
					}
				}
			}
		}
	}
}
MOTION
Frames: 202
Frame Time: .0333333
-13.6941 17.792 -12.5121 0 0 0 0 0 0 -21 0 0 0 0 0 0 0 0 0 0 0 0 0 0 21 0 0 0 0 0 0 0 0 0 0 0 0 0 0 0 0 0 0 0 0 0 0 -16 0 0 21 0 0 11 0 0 0 -8 0 0 0 0 0 0 0 0 0 0 0 0 0 0 0 0 0 0 0 0 8 0 0 0 0 0 0 0 0 0 0 0 0 0 0 0 0 0
-13.6941 17.7920 -12.5121 -1.1614 33.4036 1.5603 0.0000 0.0000 0.0000 -18.0462 -9.3391 -20.2364 0.7240 5.4370 15.1594 -0.0281 -3.6705 -0.9535 0.1557 -2.5424 -7.0073 0.0000 0.0000 0.0000 24.7240 -5.3704 11.8378 -0.5092 -4.5742 12.6980 -0.3859 -1.1698 -12.2177 -0.7066 5.3727 -14.9748 2.7558 3.1861 10.5105 0.6506 4.6035 0.6985 -1.5337 2.2202 -4.9904 -12.4061 -7.3867 -16.2342 8.1498 -9.4771 33.0768 3.8731 -4.3834 15.3706 -0.0000 0.0000 0.0000 -89.9409 5.4011 7.7701 13.5431 -22.0778 -2.6539 -0.0000 -0.0000 8.8071 23.3224 25.1091 10.3675 -7.1250 0.0000 -0.0000 -6.9528 56.8810 -2.0311 -0.0000 0.0000 0.0000 88.3231 0.2478 14.2976 -15.0687 24.2417 -3.2541 0.0000 0.0000 7.3930 -17.7530 8.0460 -2.5658 7.1250 -0.0000 -0.0000 6.5909 -21.5588 3.7322
-13.3489 17.8455 -12.1691 -0.3476 33.4601 1.9628 0.0000 0.0000 0.0000 -19.4867 -8.0491 -18.7044 0.6738 5.2490 14.6201 -0.0638 -4.6278 0.4300 0.1375 -2.3897 -6.5839 0.0000 0.0000 0.0000 23.5655 -4.8837 11.2856 -0.8835 -5.9919 16.7609 -0.2665 -1.3570 -10.3433 -0.5044 4.5526 -12.6368 2.0932 3.2033 10.1018 0.3384 4.5202 0.7170 -1.4507 2.1950 -4.7714 -12.5737 -7.4870 -16.2936 8.2228 -9.6047 33.2784 3.9140 -4.4477 15.5180 -0.0000 -0.0000 0.0000 -89.7063 5.1967 7.8186 13.5006 -22.0162 -2.6380 -0.0000 -0.0000 9.1149 23.0422 25.2535 10.2851 -7.1250 0.0000 -0.0000 -7.3153 56.9699 -2.1535 -0.0000 -0.0000 0.0000 88.8063 -0.8317 13.5078 -15.7764 25.2165 -3.5501 0.0000 0.0000 6.4697 -17.7265 7.8806 -2.5095 7.1250 -0.0000 -0.0000 6.6127 -21.7323 3.7185
-12.9932 17.8826 -11.8144 -0.5919 33.6965 1.5113 0.0000 0.0000 0.0000 -19.8117 -5.8993 -17.1312 0.6503 5.1586 14.3614 -0.1303 -6.5165 0.9979 0.0464 -1.3909 -3.8249 0.0000 0.0000 0.0000 23.1325 -4.8545 9.8210 -1.5434 -7.8422 22.2357 -0.1356 -0.8401 -7.3144 -0.1739 2.6866 -7.4073 2.2507 2.9266 10.0223 0.2748 4.1669 0.6063 -1.5559 2.0146 -4.8396 -12.3603 -7.2786 -16.4502 8.1005 -9.3217 33.6545 3.8919 -4.3155 15.6708 -0.0000 0.0000 0.0000 -89.5283 5.5079 7.6961 13.6811 -22.2769 -2.7060 -0.0000 -0.0000 8.9252 23.0340 25.0124 10.1912 -7.1250 0.0000 -0.0000 -7.2217 56.7186 -2.0818 -0.0000 0.0000 0.0000 89.2231 -2.2040 13.1045 -16.3017 25.9280 -3.7769 0.0000 0.0000 5.8837 -17.1794 7.8517 -2.4184 7.1250 -0.0000 -0.0000 7.0102 -21.7889 3.9361
-12.6368 17.9309 -11.4590 0.0178 33.7689 1.4143 0.0000 0.0000 0.0000 -21.0338 -2.7590 -15.4420 0.5757 4.8588 13.5064 -0.3044 -9.8158 2.1965 0.0001 0.0655 0.1800 0.0000 0.0000 0.0000 21.6958 -4.5849 7.1345 -2.6768 -10.1526 29.4722 -0.0098 -0.1449 -1.9269 -0.3433 3.7650 -10.4163 2.2648 3.1938 10.2065 -0.5775 4.4885 0.1373 -2.5240 2.1482 -5.3516 -11.3044 -7.3032 -14.8213 8.2622 -9.9099 33.4263 3.6968 -4.4425 15.1955 -0.0000 0.0000 0.0000 -87.7543 6.2083 10.3420 13.8527 -22.5238 -2.7714 -0.0000 -0.0000 8.1976 23.4485 25.4597 10.5619 -7.1250 0.0000 -0.0000 -6.9654 57.2722 -2.1007 -0.0000 0.0000 0.0000 90.5680 -4.2662 11.6758 -16.6726 26.4241 -3.9405 0.0000 0.0000 5.5579 -17.1204 7.7228 -2.3703 7.1250 -0.0000 -0.0000 7.0557 -21.9254 3.9400
-12.2770 17.9675 -11.1086 1.1086 33.8627 1.5836 0.0000 0.0000 0.0000 -22.7322 -0.3531 -13.0371 0.4520 4.3131 11.9593 -0.4733 -12.1225 3.4535 0.0640 1.6328 4.4918 0.0000 0.0000 0.0000 19.6625 -3.9901 3.3816 -4.2847 -12.5299 37.6332 -0.1073 -0.6990 5.9789 -0.0204 0.9219 -2.5341 0.9060 2.9927 10.0411 -0.5566 4.0611 0.2770 -1.6698 1.9757 -5.2312 -11.4986 -7.1225 -15.2192 8.0636 -9.4835 33.6083 3.7232 -4.3053 15.3160 -0.0000 -0.0000 0.0000 -87.8113 6.0217 10.6302 14.0609 -22.8217 -2.8517 -0.0000 -0.0000 9.3330 23.6026 24.8715 10.4132 -7.1250 0.0000 -0.0000 -6.5531 56.6947 -1.8841 -0.0000 -0.0000 0.0000 89.9876 -4.8909 11.7762 -16.7416 26.5159 -3.9713 0.0000 0.0000 5.9621 -16.6929 8.0924 -2.4173 7.1250 -0.0000 -0.0000 7.3576 -21.5632 4.1724
-11.9287 17.9890 -10.7910 2.5212 33.6471 1.7509 0.0000 0.0000 0.0000 -24.6114 0.8164 -9.6569 0.2881 3.4520 9.5399 -0.4633 -11.9589 4.4949 0.3383 3.7375 10.3392 0.0000 0.0000 0.0000 17.2250 -2.8484 -0.8655 -6.3972 -14.8025 46.5558 -0.4805 -0.3451 12.9809 -0.0085 -0.5942 1.6327 -0.4253 2.8037 10.1426 -0.7671 3.6477 0.5679 -1.0830 1.8044 -5.0652 -11.4517 -6.9650 -15.6817 7.8365 -9.1448 33.6620 3.6729 -4.1796 15.3838 0.0000 0.0000 0.0000 -87.5507 5.8403 12.7164 14.7708 -23.8258 -3.1328 -0.0000 -0.0000 7.8842 23.5416 25.0405 10.4482 -7.1250 0.0000 -0.0000 -6.6881 56.8573 -1.9495 0.0000 0.0000 0.0000 89.4807 -4.7476 11.5764 -16.6037 26.3323 -3.9099 0.0000 0.0000 5.9906 -15.8895 8.0813 -2.2916 7.1250 -0.0000 -0.0000 7.9391 -21.6125 4.4992
-11.6234 17.9899 -10.4781 4.1026 33.5378 1.9711 0.0000 0.0000 0.0000 -26.5104 2.1125 -5.7085 0.1129 2.1667 5.9667 -0.3998 -11.2659 6.0690 0.6709 5.2377 14.5877 0.0000 0.0000 0.0000 15.0736 -1.5536 -4.9509 -8.6684 -16.5895 54.9361 -0.4528 -1.8887 12.1982 -0.0010 0.1995 -0.5483 -1.9017 2.7608 10.6550 -1.0860 3.3949 0.7161 -0.5766 1.7097 -5.2661 -11.7728 -6.9378 -15.8708 8.0286 -9.0600 33.7256 3.8262 -4.1580 15.4821 0.0000 0.0000 0.0000 -86.7634 5.3287 15.0924 15.3089 -24.5746 -3.3533 -0.0000 -0.0000 6.8186 23.7703 26.3777 11.0717 -7.1250 0.0000 -0.0000 -7.0205 58.2949 -2.2905 0.0000 0.0000 0.0000 89.4663 -4.7251 10.9022 -16.5833 26.3051 -3.9009 0.0000 0.0000 5.0931 -16.3043 7.4923 -2.1842 7.1250 -0.0000 -0.0000 7.6547 -22.2004 4.2319
-11.3166 17.9928 -10.1573 5.1744 33.3868 1.8761 0.0000 0.0000 0.0000 -27.9121 3.4367 -2.0163 0.0326 1.1655 3.2043 -0.3987 -11.2759 6.2279 0.6588 5.1914 14.4554 0.0000 0.0000 0.0000 13.6618 0.1955 -8.4863 -10.4373 -17.6485 60.9403 -0.1211 -3.6521 6.3097 -0.0447 -1.3648 3.7533 -3.1631 2.6156 10.7436 -1.1043 3.0574 1.0559 0.1670 1.5691 -5.0217 -11.8060 -6.7727 -16.1493 7.7384 -8.6779 33.9342 3.7817 -4.0363 15.5787 0.0000 0.0000 0.0000 -86.9350 3.2769 14.1965 14.8087 -23.8789 -3.1481 -0.0000 -0.0000 6.9033 25.6346 26.1100 11.9248 -7.1250 0.0000 -0.0000 -4.8374 58.4438 -1.5929 0.0000 0.0000 0.0000 89.0872 -4.0264 9.5916 -16.2396 25.8445 -3.7498 0.0000 0.0000 5.2504 -16.4720 7.0684 -2.0838 7.1250 -0.0000 -0.0000 7.5450 -22.6306 4.0954
-11.0300 17.9744 -9.8361 5.2936 33.4394 1.3712 0.0000 0.0000 0.0000 -28.2290 4.1459 0.4330 0.0215 0.9471 2.6033 -0.4304 -11.5574 5.0544 0.5922 4.9266 13.6994 0.0000 0.0000 0.0000 13.2510 1.9464 -11.7597 -11.4394 -18.1435 64.2005 0.0562 -5.1688 1.3211 -0.0675 -1.6760 4.6111 -3.6308 2.2908 10.8774 -0.7811 2.5826 1.1319 0.8353 1.3471 -5.0381 -11.9879 -6.4477 -15.8924 7.1069 -7.9313 34.1219 3.6939 -3.8376 15.4823 0.0000 0.0000 0.0000 -87.1252 2.9159 14.6433 15.7966 -25.2441 -3.5588 -0.0000 -0.0000 6.7905 24.0615 27.6005 11.6880 -7.1250 0.0000 -0.0000 -7.2805 59.6256 -2.6082 0.0000 0.0000 0.0000 88.5177 -3.8103 8.5339 -15.9515 25.4549 -3.6251 0.0000 0.0000 5.4387 -16.6162 7.0819 -2.1071 7.1250 -0.0000 -0.0000 7.4392 -22.6108 4.0405
-10.7569 17.9378 -9.5191 5.3176 33.8185 0.9956 0.0000 0.0000 0.0000 -28.3954 3.8654 1.1989 0.0806 1.8317 5.0407 -0.4628 -12.0930 2.4977 0.4780 4.4340 12.3009 0.0000 0.0000 0.0000 13.0094 3.5670 -14.9536 -11.6984 -18.2602 65.0295 0.0713 -4.8452 -2.8780 -0.0792 -1.8159 4.9970 -3.5945 1.7372 11.2036 -0.8501 1.8325 1.0885 0.8489 0.9790 -5.2286 -11.7261 -6.1170 -16.0175 6.7539 -7.3961 34.6062 3.6126 -3.6287 15.6404 -0.0000 0.0000 0.0000 -86.3923 2.9235 15.1398 16.7336 -26.5052 -3.9677 -0.0000 -0.0000 5.6507 23.5811 25.8547 10.7774 -7.1250 0.0000 -0.0000 -6.9931 57.7108 -2.1831 -0.0000 0.0000 0.0000 88.6940 -3.6644 7.9355 -15.8739 25.3494 -3.5918 0.0000 0.0000 5.7659 -16.4185 6.7327 -1.9786 7.1250 -0.0000 -0.0000 7.5948 -22.9792 4.0618
-10.4987 17.8699 -9.2019 5.3093 34.4116 0.8138 0.0000 0.0000 0.0000 -28.5813 2.8448 0.6874 0.3070 3.5622 9.8482 -0.4092 -12.6692 -1.5682 0.2346 3.1176 8.6064 0.0000 0.0000 0.0000 12.7966 4.9038 -18.1054 -11.2532 -18.0568 63.6012 -0.0372 -3.7651 -6.7783 -0.1314 -2.3364 6.4362 -3.6810 1.2178 11.5330 -0.7345 1.1247 1.1226 1.1251 0.6353 -5.3492 -11.7681 -6.0048 -16.5607 6.4298 -7.0438 34.8339 3.5438 -3.5268 15.8224 0.0000 -0.0000 0.0000 -85.9954 2.5361 15.6109 17.7498 -27.8356 -4.4318 -0.0000 -0.0000 5.4461 18.2617 22.4961 7.1959 -7.1250 0.0000 -0.0000 -11.1167 53.2005 -2.2646 0.0000 -0.0000 0.0000 88.3117 -3.4328 8.6049 -15.8665 25.3393 -3.5886 0.0000 0.0000 5.3121 -16.5926 6.7907 -2.0179 7.1250 -0.0000 -0.0000 7.4653 -22.9125 4.0028
-10.2453 17.7889 -8.8773 5.4911 34.9654 0.8499 0.0000 0.0000 0.0000 -28.8794 2.3686 0.7875 0.5358 4.6903 13.0272 -0.3134 -13.0091 -4.2963 0.1319 2.3406 6.4480 0.0000 0.0000 0.0000 12.4264 5.9164 -21.0070 -10.1637 -17.5009 60.0342 -0.1884 -3.0542 -9.9135 -0.0822 -1.8498 5.0908 -4.0761 0.9282 11.6768 -0.6182 0.6911 1.1624 1.5382 0.4322 -5.3727 -11.7169 -5.9649 -16.6287 6.2268 -6.9175 34.6771 3.4631 -3.4941 15.7322 -0.0000 0.0000 0.0000 -85.5212 2.2154 17.6939 18.9824 -29.3969 -5.0222 -0.0000 -0.0000 3.9864 21.0472 23.6541 8.7766 -7.1250 0.0000 -0.0000 -8.7524 54.9084 -2.1421 -0.0000 0.0000 0.0000 87.9081 -3.0900 9.0002 -15.5468 24.9024 -3.4529 0.0000 0.0000 5.1873 -16.8214 6.8075 -2.0524 7.1250 -0.0000 -0.0000 7.2972 -22.8862 3.9157
-9.9988 17.7373 -8.5454 5.7982 35.5431 1.2476 0.0000 0.0000 0.0000 -29.1359 2.6382 1.5832 0.6095 4.9971 13.9003 -0.2823 -13.7455 -5.7176 0.2727 3.3590 9.2799 0.0000 0.0000 0.0000 12.0939 6.2979 -23.4638 -8.4610 -16.4481 54.2068 -0.2748 -3.3010 -11.6820 -0.1565 -2.5487 7.0247 -4.5581 0.7190 11.6823 -0.5735 0.3511 1.0875 1.9114 0.2786 -5.4385 -10.9819 -5.8679 -16.0862 5.6565 -6.8565 34.1219 3.0927 -3.4537 15.2586 -0.0000 0.0000 0.0000 -84.9844 1.7583 18.9756 19.8652 -30.4796 -5.4628 -0.0000 -0.0000 4.0825 19.9644 24.3794 8.5279 -7.1250 0.0000 -0.0000 -10.1830 55.4316 -2.6273 -0.0000 0.0000 0.0000 88.0272 -3.3087 8.2669 -16.0257 25.5555 -3.6570 0.0000 0.0000 5.2673 -15.9535 6.8980 -1.9664 7.1250 -0.0000 -0.0000 7.9296 -22.8266 4.2721
-9.7577 17.7164 -8.1882 5.8229 36.2022 1.6056 0.0000 0.0000 0.0000 -28.9930 3.1656 3.3255 0.5149 4.5993 12.7691 -0.2899 -14.1021 -5.9848 0.2222 3.0341 8.3736 0.0000 0.0000 0.0000 12.2790 6.2757 -25.2964 -6.4060 -14.8106 46.5902 -0.2652 -4.3533 -12.3213 -0.2194 -3.0153 8.3213 -5.2593 0.3447 11.2409 -0.2267 -0.1804 1.3140 2.7553 0.0197 -4.9142 -11.2234 -5.8021 -16.7623 5.6522 -6.6067 34.2127 3.1702 -3.3734 15.4443 -0.0000 0.0000 0.0000 -84.9732 0.8664 19.7037 20.4905 -31.2287 -5.7835 -0.0000 -0.0000 3.1425 20.2784 24.3236 8.6532 -7.1250 0.0000 -0.0000 -9.8325 55.4382 -2.5371 -0.0000 0.0000 0.0000 87.7920 -2.8118 8.4217 -16.0730 25.6195 -3.6774 0.0000 0.0000 5.4469 -15.7724 6.7404 -1.8988 7.1250 -0.0000 -0.0000 8.0680 -22.9955 4.3166
-9.5149 17.7120 -7.8247 6.1447 36.7747 2.3085 0.0000 0.0000 0.0000 -29.0430 4.1550 5.3174 0.3681 3.8970 10.7871 -0.3150 -14.5059 -6.0321 0.0458 1.3815 3.7993 0.0000 0.0000 0.0000 12.3827 6.0009 -26.5741 -4.4000 -12.6744 38.1617 -0.0852 -5.4513 -9.9639 -0.2872 -3.4467 9.5250 -5.7005 0.1965 11.0485 -0.2244 -0.4243 1.1716 3.0425 -0.0890 -4.9328 -11.3116 -5.8847 -16.7830 5.7188 -6.7258 34.3836 3.1960 -3.4265 15.5546 -0.0000 -0.0000 0.0000 -84.6465 0.4075 20.4366 20.9056 -31.7180 -6.0002 -0.0000 -0.0000 2.8652 19.9804 24.4255 8.5501 -7.1250 0.0000 -0.0000 -10.1869 55.4815 -2.6407 -0.0000 -0.0000 0.0000 88.0143 -2.8158 7.8891 -15.8294 25.2888 -3.5728 0.0000 0.0000 5.7584 -15.9213 7.0749 -2.0122 7.1250 -0.0000 -0.0000 7.9471 -22.6459 4.3149
-9.2769 17.7137 -7.4446 6.6566 37.6602 2.8943 0.0000 0.0000 0.0000 -29.1919 4.3077 8.5970 0.1792 2.7271 7.5198 -0.3168 -13.5543 -4.9091 0.1021 2.0609 5.6739 0.0000 0.0000 0.0000 12.3862 5.2025 -27.1041 -2.6332 -10.0761 29.2236 -0.0134 -4.5181 -6.9218 -0.2788 -3.3962 9.3839 -6.4734 -0.0148 10.9608 -0.0829 -0.7778 1.2992 3.6778 -0.2564 -4.7034 -11.9644 -5.9894 -17.1716 6.2116 -6.7997 34.5712 3.5093 -3.4722 15.8080 -0.0000 0.0000 0.0000 -84.6446 -0.3128 20.9160 21.1188 -31.9667 -6.1127 -0.0000 -0.0000 2.9488 19.8275 23.9296 8.3205 -7.1250 0.0000 -0.0000 -10.1277 54.9480 -2.4933 -0.0000 0.0000 0.0000 88.0608 -2.5935 7.5972 -15.6233 25.0072 -3.4852 0.0000 0.0000 5.6854 -16.1579 7.2734 -2.1007 7.1250 -0.0000 -0.0000 7.7679 -22.4321 4.2541
-9.0353 17.6894 -7.0448 7.0809 38.2457 3.3465 0.0000 0.0000 0.0000 -29.2760 5.3497 14.0964 0.0000 0.0000 0.0000 -0.3250 -11.4514 -1.6725 0.0811 1.8372 5.0558 0.0000 0.0000 0.0000 11.9237 6.2769 -26.5250 -1.5111 -7.7633 21.9975 -0.0982 -2.7658 -7.6075 -0.0564 -1.5327 4.2159 -7.4126 -0.0233 10.6097 0.2239 -0.8451 1.5268 4.5339 -0.2936 -4.2411 -12.3430 -6.1711 -16.9725 6.1192 -6.9200 34.2550 3.5025 -3.5835 15.6415 -0.0000 -0.0000 0.0000 -85.0008 -0.9641 21.3603 21.1614 -32.0163 -6.1353 -0.0000 -0.0000 3.2137 20.0479 23.9437 8.4241 -7.1250 0.0000 -0.0000 -9.9066 55.0060 -2.4521 -0.0000 -0.0000 0.0000 87.9516 -2.3535 6.9566 -15.3942 24.6924 -3.3889 0.0000 0.0000 5.9894 -15.5858 7.3282 -2.0377 7.1250 -0.0000 -0.0000 8.1830 -22.3991 4.4922
-8.7900 17.6606 -6.6343 7.8134 39.1524 4.1767 0.0000 0.0000 0.0000 -29.6157 4.5744 15.6965 0.0000 -0.0000 -0.0000 -0.2984 -11.1263 -1.8709 0.0022 -0.3044 -0.8363 0.0000 0.0000 0.0000 10.8673 8.2336 -26.1074 -1.0687 -6.5719 18.4531 -0.1939 -3.2352 -10.1586 -0.0080 0.5765 -1.5843 -7.8314 -0.2502 10.5505 0.0458 -1.2009 1.4281 4.6305 -0.4602 -4.2601 -12.1846 -6.1249 -16.8386 6.0048 -6.8755 34.3390 3.4394 -3.5609 15.6307 -0.0000 0.0000 0.0000 -84.7957 -1.0443 21.4834 21.0605 -31.8989 -6.0819 -0.0000 -0.0000 3.4300 20.5306 24.4385 8.8071 -7.1250 0.0000 -0.0000 -9.6204 55.6062 -2.5210 -0.0000 0.0000 0.0000 88.4119 -2.4946 6.5994 -15.0127 24.1639 -3.2312 0.0000 0.0000 6.6021 -16.0032 7.3558 -2.1029 7.1250 -0.0000 -0.0000 7.8780 -22.3536 4.3298
-8.5420 17.6403 -6.2111 8.0032 39.7250 4.7665 0.0000 0.0000 0.0000 -29.3069 4.0743 17.2255 0.0000 0.0000 0.0000 -0.3108 -11.2381 -1.7050 0.0112 -0.6843 -1.8806 0.0000 0.0000 0.0000 11.0751 7.7642 -26.9623 -1.1198 -6.7222 18.8949 -0.1453 -2.8005 -8.7981 -0.0127 0.7269 -1.9977 -7.3101 -0.1920 11.0707 -0.3425 -1.1620 0.7752 3.9390 -0.3981 -5.2664 -12.3294 -6.3172 -16.4065 6.3272 -7.2974 34.9951 3.5539 -3.7223 15.9326 -0.0000 0.0000 0.0000 -84.3690 -0.3870 21.4508 20.7166 -31.4961 -5.9012 -0.0000 -0.0000 3.8530 20.0495 23.7574 8.3640 -7.1250 0.0000 -0.0000 -9.8256 54.8169 -2.3863 -0.0000 0.0000 0.0000 89.3711 -3.5795 5.6566 -14.7433 23.7873 -3.1217 0.0000 0.0000 6.5033 -15.7638 7.4864 -2.1064 7.1250 -0.0000 -0.0000 8.0481 -22.2293 4.4481
-8.2879 17.6134 -5.7707 8.0666 40.2072 4.6835 0.0000 0.0000 0.0000 -28.9253 3.9651 19.2579 0.0000 -0.0000 -0.0000 -0.3133 -10.9768 -1.1156 0.0640 -1.6328 -4.4920 0.0000 0.0000 0.0000 11.4006 8.1028 -26.7290 -1.4039 -7.4948 21.1898 -0.0356 -4.1321 -7.1546 -0.0094 0.6262 -1.7209 -7.1489 -0.1957 11.5899 -0.3642 -1.1905 0.7829 3.8397 -0.4050 -5.5489 -12.2684 -6.3721 -16.3143 6.2517 -7.3788 35.0000 3.4961 -3.7579 15.9167 0.0000 0.0000 0.0000 -84.8458 -0.0518 20.3387 20.4482 -31.1785 -5.7616 -0.0000 -0.0000 4.2370 20.5343 24.4971 8.8283 -7.1250 0.0000 -0.0000 -9.6422 55.6666 -2.5410 0.0000 0.0000 0.0000 89.6054 -3.5498 4.8022 -14.1427 22.9383 -2.8835 0.0000 0.0000 7.7282 -15.4675 7.4321 -2.0499 7.1250 -0.0000 -0.0000 8.2655 -22.2972 4.5578
-7.9956 17.6499 -5.2677 7.7513 41.3711 4.4177 0.0000 0.0000 0.0000 -28.0989 3.2428 21.6324 0.0000 -0.0000 -0.0000 -0.3254 -10.3683 1.0919 0.0609 -1.5926 -4.3812 0.0000 0.0000 0.0000 11.9894 7.9224 -25.8980 -1.6723 -8.1473 23.1624 0.0506 -4.1050 -2.5374 -0.0464 -1.3904 3.8238 -6.7139 -0.5081 11.8126 -0.1866 -1.5638 0.6291 3.8489 -0.5849 -5.7989 -12.2226 -6.3339 -16.1553 6.0096 -7.2663 35.3952 3.4200 -3.7407 16.0480 0.0000 0.0000 0.0000 -85.5527 1.2142 18.8726 20.1665 -30.8424 -5.6165 -0.0000 -0.0000 4.2040 21.4276 23.3570 8.8438 -7.1250 0.0000 -0.0000 -8.2400 54.6784 -1.9691 0.0000 0.0000 0.0000 89.7289 -4.0585 4.0944 -13.6198 22.1886 -2.6828 0.0000 0.0000 8.0464 -15.6365 7.5846 -2.1157 7.1250 -0.0000 -0.0000 8.1376 -22.1338 4.5165
-7.6883 17.7053 -4.7576 5.6328 41.4315 3.3445 0.0000 0.0000 0.0000 -25.7077 3.2953 23.1475 0.0000 -0.0000 -0.0000 -0.2713 -9.3289 5.1529 0.0276 -1.0726 -2.9486 0.0000 0.0000 0.0000 14.2214 7.9042 -25.2483 -1.8596 -8.5672 24.4507 0.0372 -3.4412 -0.8319 -0.0081 -0.5812 1.5972 -5.0653 -0.4523 11.3882 0.3197 -1.2228 0.5067 3.3912 -0.4560 -5.7502 -12.0527 -6.3171 -16.1204 5.8109 -7.2242 35.6963 3.3222 -3.7264 16.1663 0.0000 -0.0000 0.0000 -86.3774 2.2633 17.7619 19.5542 -30.1015 -5.3059 -0.0000 -0.0000 3.9338 20.9874 24.0147 8.8733 -7.1250 0.0000 -0.0000 -8.9633 55.2660 -2.2725 0.0000 -0.0000 0.0000 89.7725 -4.1894 3.0350 -13.0268 21.3265 -2.4630 0.0000 0.0000 8.5278 -16.1075 7.5226 -2.1651 7.1250 -0.0000 -0.0000 7.7972 -22.1776 4.3161
-7.3697 17.7765 -4.2290 4.6716 40.8397 2.3441 0.0000 0.0000 0.0000 -24.7499 2.5557 20.0559 0.2794 3.3999 9.3943 -0.3769 -11.1069 6.8421 0.2122 -2.9660 -8.1842 0.0000 0.0000 0.0000 15.7705 7.4758 -23.5636 -2.0522 -8.9740 25.7141 0.0189 -2.4455 -1.0985 -0.2718 -3.3533 9.2638 -4.2853 -0.1649 11.4181 0.4889 -0.7256 0.7097 3.0483 -0.2369 -5.6056 -11.7997 -6.1775 -16.7954 5.5756 -6.9296 36.4272 3.2446 -3.5951 16.6430 0.0000 -0.0000 0.0000 -87.0375 3.4363 16.2889 18.7753 -29.1386 -4.9210 -0.0000 -0.0000 4.7517 24.0043 25.9971 11.0449 -7.1250 0.0000 -0.0000 -6.5930 57.9534 -2.0960 0.0000 -0.0000 0.0000 89.9810 -4.2302 1.6506 -12.7569 20.9299 -2.3657 0.0000 0.0000 10.0312 -15.7930 7.3737 -2.0789 7.1250 -0.0000 -0.0000 8.0306 -22.3438 4.4171
-7.0683 17.8475 -3.6911 3.9381 40.6635 1.4800 0.0000 0.0000 0.0000 -23.7089 1.2804 16.5928 1.0784 6.6009 18.5382 -0.0509 -10.2093 13.6937 0.0075 -0.5588 -1.5355 0.0000 0.0000 0.0000 17.2265 6.5988 -21.5785 -2.1800 -9.2314 26.5220 -0.0042 -1.2699 -2.2825 -0.1848 -2.7690 7.6363 -3.8268 -0.0722 11.3793 0.6410 -0.5288 0.8805 2.9161 -0.1560 -5.4222 -11.8668 -6.0147 -16.3430 5.6837 -6.7452 36.4798 3.3527 -3.5179 16.5440 0.0000 -0.0000 0.0000 -87.3732 4.9642 16.2538 18.1041 -28.2902 -4.5985 -0.0000 -0.0000 4.2538 25.0703 25.5640 11.4127 -7.1250 0.0000 -0.0000 -5.2389 57.7417 -1.6371 0.0000 -0.0000 0.0000 89.9797 -4.2993 2.3178 -12.5102 20.5654 -2.2783 0.0000 0.0000 9.3901 -15.6465 6.9361 -1.9372 7.1250 -0.0000 -0.0000 8.1528 -22.7991 4.3999
-6.7733 17.9285 -3.1608 2.4317 41.3811 0.3347 0.0000 0.0000 0.0000 -21.4366 -0.1669 11.9154 2.3638 9.5860 27.6461 1.0379 -8.4688 24.0664 0.1260 2.2884 6.3035 0.0000 0.0000 0.0000 19.3047 6.4297 -18.6816 -2.0942 -9.0595 25.9817 -0.0160 -2.1223 -4.0556 -0.2472 -3.1995 8.8346 -2.5483 -0.2323 11.2615 0.8580 -0.5623 0.9323 2.4241 -0.2022 -5.3086 -11.9191 -5.9664 -16.0406 5.7386 -6.7020 36.8178 3.4132 -3.5035 16.6472 -0.0000 0.0000 0.0000 -86.9408 6.4091 17.4926 17.5254 -27.5452 -4.3275 -0.0000 -0.0000 5.2820 19.9900 21.6790 7.6535 -7.1250 0.0000 -0.0000 -9.0687 52.6833 -1.7261 -0.0000 0.0000 0.0000 89.9576 -4.3297 2.9562 -12.6854 20.8245 -2.3403 0.0000 0.0000 10.5351 -14.5127 6.4145 -1.6565 7.1250 -0.0000 -0.0000 9.0054 -23.3720 4.7509
-6.4956 17.9662 -2.6866 0.2386 42.1800 -1.4734 0.0000 0.0000 0.0000 -19.4259 -2.8346 6.7426 4.2239 12.4525 37.3521 1.6798 -11.8031 31.1959 0.1751 2.6953 7.4315 0.0000 0.0000 0.0000 21.8057 5.8042 -15.9556 -2.0065 -8.8796 25.4196 -0.0374 -2.9598 -5.8940 -0.3362 -3.7260 10.3071 -0.6892 -0.4541 11.5758 1.2166 -0.6002 1.0192 1.7587 -0.2573 -5.4055 -11.9211 -5.9742 -15.6635 5.5739 -6.6813 37.1747 3.3628 -3.5217 16.7336 -0.0000 -0.0000 0.0000 -86.7003 7.2116 18.2252 16.9866 -26.8401 -4.0813 -0.0000 -0.0000 7.3813 18.2290 20.3165 6.5234 -7.1250 0.0000 -0.0000 -10.3223 50.9889 -1.5370 -0.0000 -0.0000 0.0000 89.8174 -4.4713 4.7088 -13.3046 21.7319 -2.5650 0.0000 0.0000 9.1319 -15.3461 7.1980 -1.9694 7.1250 -0.0000 -0.0000 8.3624 -22.5419 4.5651
-6.2202 17.9937 -2.2439 -1.0651 42.6343 -2.9594 0.0000 0.0000 0.0000 -18.0503 -5.2224 2.3116 6.2097 14.6285 45.8176 1.2695 -12.7661 29.3222 0.1885 2.7959 7.7110 0.0000 0.0000 0.0000 23.4529 4.8825 -13.2718 -1.9482 -8.7574 25.0395 -0.0917 -2.9972 -7.6296 -0.3052 -3.5519 9.8193 0.6051 -0.3149 12.1396 1.2710 -0.2351 1.2044 1.0297 -0.1044 -5.5427 -12.4496 -6.1920 -15.4408 6.0107 -7.0176 37.6281 3.6103 -3.6781 17.0249 0.0000 -0.0000 0.0000 -86.4888 7.2833 19.0661 16.5660 -26.2821 -3.8932 -0.0000 -0.0000 8.5153 18.1152 21.4247 6.8144 -7.1250 0.0000 -0.0000 -10.8398 52.0925 -1.9112 0.0000 -0.0000 0.0000 89.1493 -3.4022 6.5233 -12.8030 20.9978 -2.3822 0.0000 0.0000 6.9783 -16.6465 7.7458 -2.3077 7.1250 -0.0000 -0.0000 7.3993 -21.9235 4.1353
-5.9424 18.0433 -1.8168 -1.3892 42.7652 -3.3748 0.0000 0.0000 0.0000 -17.1701 -6.7346 -2.0058 7.8104 15.9780 51.8767 0.3774 -11.4751 20.8082 0.1837 2.7604 7.6125 0.0000 0.0000 0.0000 24.2461 3.8633 -10.6843 -1.7650 -8.3584 23.8080 -0.1340 -2.9746 -8.6731 -0.4091 -4.1060 11.3751 0.4410 -0.0100 11.9784 1.7237 0.1721 1.4577 1.5274 0.1050 -5.1939 -12.9007 -6.3437 -15.0161 5.7138 -7.0092 37.8332 3.5698 -3.7800 17.0483 -0.0000 -0.0000 0.0000 -87.5981 7.0297 17.7703 16.2855 -25.9062 -3.7698 -0.0000 -0.0000 9.3032 17.4922 19.9955 6.1507 -7.1250 0.0000 -0.0000 -10.9256 50.5430 -1.5080 -0.0000 -0.0000 0.0000 88.2251 -3.2439 6.7180 -14.0436 22.7970 -2.8450 0.0000 0.0000 6.9221 -16.2393 7.3891 -2.1453 7.1250 -0.0000 -0.0000 7.7051 -22.3095 4.2409
-5.6623 18.0740 -1.4079 -1.6047 42.4087 -3.7049 0.0000 0.0000 0.0000 -16.1811 -6.4328 -6.6592 8.7763 16.6616 55.3132 -0.0707 -8.9673 11.3834 0.0495 -1.4362 -3.9499 0.0000 0.0000 0.0000 24.9062 2.9274 -8.3923 -1.6497 -8.0948 23.0023 -0.2046 -2.3634 -9.7534 -0.3215 -3.6444 10.0782 0.7270 0.6318 11.7537 1.6026 1.0469 1.7219 1.0995 0.5298 -4.8044 -12.5453 -6.6559 -14.5878 5.4571 -7.5350 37.9826 3.3000 -3.9766 17.0584 -0.0000 0.0000 0.0000 -87.4413 7.3970 19.1701 17.0994 -26.9886 -4.1323 -0.0000 -0.0000 6.4497 18.9717 22.0356 7.3494 -7.1250 0.0000 -0.0000 -10.2227 52.8634 -1.9946 -0.0000 0.0000 0.0000 87.9051 -2.1454 6.1966 -14.3012 23.1636 -2.9455 0.0000 0.0000 6.8484 -16.5291 7.3289 -2.1680 7.1250 -0.0000 -0.0000 7.4958 -22.3593 4.1151
-5.3858 18.0492 -1.0133 -1.6399 41.9857 -3.9553 0.0000 0.0000 0.0000 -15.5723 -6.1239 -10.8860 9.1093 16.8775 56.4673 -0.1037 -6.7366 6.2814 0.0000 -0.0265 -0.0727 0.0000 0.0000 0.0000 25.2682 1.9732 -6.5812 -1.6517 -8.0995 23.0166 -0.3041 -1.4488 -11.0471 -0.3439 -3.7681 10.4251 0.8747 1.0476 11.7932 1.5298 1.6128 1.7883 0.8511 0.8060 -4.7587 -13.1865 -6.6892 -14.0248 5.9638 -7.6274 38.1832 3.6473 -4.0440 17.1153 -0.0000 -0.0000 0.0000 -88.1784 6.8585 16.8684 16.5797 -26.3004 -3.8993 -0.0000 -0.0000 6.3997 22.5790 23.7292 9.4996 -7.1250 0.0000 -0.0000 -7.1860 55.2936 -1.8228 -0.0000 -0.0000 0.0000 87.2796 -1.3816 6.6227 -14.6190 23.6126 -3.0717 0.0000 0.0000 6.3676 -17.0956 7.2297 -2.2165 7.1250 -0.0000 -0.0000 7.0851 -22.4376 3.8734
-5.1031 18.0091 -0.6461 -2.4248 41.3914 -4.4436 0.0000 0.0000 0.0000 -14.4728 -5.8447 -14.9565 8.7793 16.6636 55.3237 -0.1000 -5.5988 2.0350 0.0001 0.0480 0.1320 0.0000 0.0000 0.0000 26.1550 1.5379 -4.9845 -1.6612 -8.1215 23.0837 -0.3917 -1.0468 -12.2476 -0.2510 -3.2237 8.9022 1.8255 1.4058 11.7777 1.4661 2.2042 1.7897 0.1578 1.0815 -4.7160 -13.5137 -6.7962 -13.7087 6.4622 -7.9130 38.4058 3.8962 -4.1459 17.2549 -0.0000 -0.0000 0.0000 -88.0704 7.1525 17.1622 17.0718 -26.9523 -4.1198 -0.0000 -0.0000 5.7224 22.8569 23.1714 9.4176 -7.1250 0.0000 -0.0000 -6.6852 54.7698 -1.6097 -0.0000 -0.0000 0.0000 86.8110 -0.5512 7.0504 -15.1598 24.3682 -3.2916 0.0000 0.0000 6.0266 -17.6541 7.7860 -2.4688 7.1250 -0.0000 -0.0000 6.6668 -21.8343 3.7337
-4.8297 17.9508 -0.2762 -3.2975 40.7922 -4.9298 0.0000 0.0000 0.0000 -13.3566 -5.6679 -18.2326 7.7418 15.9260 51.6271 -0.0664 -5.7799 -1.6699 0.0648 -1.6420 -4.5174 0.0000 0.0000 0.0000 27.1941 1.5038 -3.3466 -1.6866 -8.1802 23.2628 -0.5180 -0.8475 -13.9288 -0.2420 -3.1657 8.7405 2.4312 1.7868 11.7605 1.6829 2.7966 1.8430 -0.0457 1.3672 -4.6278 -13.7817 -6.8262 -13.3879 6.5562 -7.9352 38.2545 3.9828 -4.1809 17.1200 -0.0000 -0.0000 0.0000 -88.2914 7.2367 17.4325 17.3656 -27.3373 -4.2539 -0.0000 -0.0000 6.3027 22.3406 22.9670 9.1102 -7.1250 0.0000 -0.0000 -7.1465 54.4547 -1.6666 -0.0000 -0.0000 0.0000 85.8663 0.4581 7.6169 -15.7392 25.1658 -3.5343 0.0000 0.0000 6.2701 -16.6157 7.5056 -2.2322 7.1250 -0.0000 -0.0000 7.4278 -22.1730 4.1090
-4.5387 17.9087 0.0708 -3.4953 40.4488 -4.6763 0.0000 0.0000 0.0000 -13.1773 -6.1418 -20.3976 6.0576 14.4839 45.2124 0.0255 -4.8314 -4.2043 0.0401 -1.2933 -3.5561 0.0000 0.0000 0.0000 27.4102 0.8014 -2.0929 -1.6519 -8.0999 23.0180 -0.6524 -0.2238 -15.3457 -0.2427 -3.1701 8.7527 2.9349 1.9844 11.7621 1.4654 3.1139 1.6220 -0.6076 1.5076 -4.8162 -13.5638 -6.6665 -12.8063 6.6989 -7.8757 38.1609 4.0317 -4.1103 16.9016 -0.0000 0.0000 0.0000 -87.9987 7.4245 17.9241 17.5590 -27.5888 -4.3431 -0.0000 -0.0000 6.0691 22.0390 25.4607 9.8722 -7.1250 0.0000 -0.0000 -8.4822 56.9665 -2.4995 -0.0000 0.0000 0.0000 85.3641 1.0920 8.6738 -16.4120 26.0761 -3.8253 0.0000 0.0000 5.4929 -16.4369 7.8886 -2.3186 7.1250 -0.0000 -0.0000 7.5478 -21.7858 4.2436
-4.2323 17.9119 0.4158 -3.2578 40.0261 -3.9377 0.0000 0.0000 0.0000 -13.3960 -7.0500 -20.9795 3.9241 12.0587 35.9398 0.0780 -2.8389 -5.0453 0.1243 -2.2726 -6.2596 0.0000 0.0000 0.0000 27.1839 0.0711 -0.4931 -1.4832 -7.6944 21.7898 -0.7158 0.2158 -15.9176 -0.1733 -2.6816 7.3936 3.0463 2.2011 11.5743 1.2638 3.3977 1.4801 -0.9181 1.6410 -4.8337 -13.3774 -6.6124 -12.8794 6.5879 -7.7878 38.4036 3.9753 -4.0602 17.0192 0.0000 0.0000 0.0000 -88.2093 7.1680 17.1698 17.3076 -27.2615 -4.2273 -0.0000 -0.0000 6.4325 21.9203 24.8605 9.6022 -7.1250 0.0000 -0.0000 -8.3437 56.3252 -2.3286 0.0000 0.0000 0.0000 84.9312 1.9433 9.1080 -17.1010 26.9907 -4.1331 0.0000 0.0000 5.7417 -16.8597 7.5126 -2.2690 7.1250 -0.0000 -0.0000 7.2500 -22.1550 4.0121
-3.9347 17.8711 0.7581 -4.0697 39.1466 -4.0393 0.0000 0.0000 0.0000 -12.2531 -8.7964 -20.5797 2.1124 9.0964 26.0975 0.0649 0.0666 -4.8342 0.6132 -5.0120 -13.9427 0.0000 0.0000 0.0000 28.0808 0.5458 1.4373 -1.3608 -7.3838 20.8575 -0.7447 -0.1692 -16.3723 -0.1549 -2.5357 6.9887 3.5582 2.3856 11.6345 1.4285 3.7205 1.4217 -1.0852 1.7900 -4.8962 -13.2687 -6.5165 -12.9199 6.3800 -7.5837 38.3714 3.8971 -3.9870 16.9608 -0.0000 0.0000 0.0000 -88.3101 7.1401 17.6687 17.5306 -27.5519 -4.3299 -0.0000 -0.0000 5.2937 21.7529 25.2421 9.6569 -7.1250 0.0000 -0.0000 -8.6894 56.6812 -2.5011 -0.0000 0.0000 0.0000 84.3476 2.9475 10.2881 -17.6244 27.6736 -4.3734 0.0000 0.0000 4.7874 -17.7086 7.4416 -2.3681 7.1250 -0.0000 -0.0000 6.6334 -22.1900 3.6608
-3.6080 17.8390 1.1266 -4.3886 38.1962 -4.0899 0.0000 0.0000 0.0000 -11.1676 -11.1971 -18.8673 0.9207 6.1135 17.1141 0.0633 2.8972 -6.7111 0.3799 -3.9583 -10.9594 0.0000 0.0000 0.0000 28.3893 0.0767 3.5328 -1.2550 -7.1020 20.0179 -0.7709 -0.2053 -16.6698 -0.0389 -1.2733 3.5012 3.7178 2.6668 11.5175 1.4274 4.1032 1.5498 -1.2215 1.9822 -4.6697 -12.9901 -6.3615 -13.1586 6.4403 -7.4227 38.5742 3.9133 -3.8702 17.0899 0.0000 0.0000 0.0000 -88.2664 6.8984 17.7589 17.3271 -27.2870 -4.2362 -0.0000 -0.0000 5.6661 22.3994 25.6031 10.0989 -7.1250 0.0000 -0.0000 -8.1602 57.1908 -2.4480 0.0000 0.0000 0.0000 84.0637 3.8157 10.7731 -18.3163 28.5603 -4.6995 0.0000 0.0000 3.4893 -17.7914 7.7796 -2.4872 7.1250 -0.0000 -0.0000 6.5671 -21.8342 3.6772
-3.2567 17.7890 1.4746 -4.4677 36.9998 -3.8104 0.0000 0.0000 0.0000 -10.7802 -11.7641 -18.2558 0.3802 3.9600 10.9642 0.0709 3.2535 -7.2806 0.2519 -3.2291 -8.9173 0.0000 0.0000 0.0000 28.2551 0.0749 5.0553 -1.2712 -7.1461 20.1489 -0.8502 0.2813 -17.3368 -0.0302 -1.1222 3.0851 3.7911 2.9092 11.3890 1.3402 4.4226 1.4952 -1.3931 2.1374 -4.6288 -12.3113 -6.1423 -12.9221 6.0439 -7.1685 38.6248 3.6662 -3.7217 16.9492 -0.0000 -0.0000 0.0000 -88.1750 6.8396 18.2646 17.2182 -27.1445 -4.1864 -0.0000 -0.0000 5.1789 19.9618 24.6606 8.6175 -7.1250 0.0000 -0.0000 -10.3117 55.7160 -2.7325 -0.0000 -0.0000 0.0000 83.9275 4.4361 11.3399 -18.7547 29.1127 -4.9109 0.0000 0.0000 3.3945 -17.7787 8.2080 -2.6211 7.1250 -0.0000 -0.0000 6.5700 -21.3890 3.7456
-2.9165 17.7525 1.8036 -4.4438 36.7877 -3.4837 0.0000 0.0000 0.0000 -11.2665 -11.2412 -17.6910 0.2238 3.0452 8.4047 0.0413 1.2447 -4.5124 0.3588 -3.8484 -10.6505 0.0000 0.0000 0.0000 28.0820 0.0884 5.7572 -1.4591 -7.6345 21.6092 -0.8041 -0.4709 -17.1221 -0.2218 3.0315 -8.3665 3.5838 2.8482 11.2832 1.3617 4.3090 1.5963 -1.2296 2.0897 -4.4864 -11.7551 -5.9822 -13.1560 5.7034 -6.9363 38.8139 3.4596 -3.5884 17.0237 0.0000 -0.0000 0.0000 -88.2840 6.3690 17.9682 16.8801 -26.6994 -4.0333 -0.0000 -0.0000 6.2513 19.3020 19.5426 6.6821 -7.1250 0.0000 -0.0000 -9.0160 50.3745 -1.2028 0.0000 -0.0000 0.0000 83.6254 5.5171 11.5038 -19.0266 29.4517 -5.0439 0.0000 0.0000 3.7267 -17.2493 8.0025 -2.4751 7.1250 -0.0000 -0.0000 6.9566 -21.6293 3.9310
-2.5572 17.7177 2.1392 -5.0207 36.5146 -4.1989 0.0000 0.0000 0.0000 -11.3881 -11.4619 -17.5207 0.3909 4.0147 11.1179 -0.0003 -0.4016 -0.1480 0.3917 -4.0189 -11.1297 0.0000 0.0000 0.0000 28.3010 0.0049 6.6159 -1.7909 -8.4162 23.9854 -0.8002 -0.1949 -16.9792 -0.3147 3.6065 -9.9721 3.5585 2.4542 11.4044 1.7744 3.8021 1.9798 -0.7095 1.8546 -4.2039 -12.0514 -5.5061 -13.1309 5.8772 -6.1894 38.9150 3.7386 -3.3082 16.9955 -0.0000 -0.0000 0.0000 -88.8655 6.1699 17.4497 16.8602 -26.6730 -4.0244 -0.0000 -0.0000 5.8496 19.8481 21.0253 7.3793 -7.1250 0.0000 -0.0000 -8.9766 51.9878 -1.5548 -0.0000 -0.0000 0.0000 83.2281 6.2434 12.6970 -19.3632 29.8675 -5.2105 0.0000 0.0000 3.5648 -17.4844 7.6744 -2.4088 7.1250 -0.0000 -0.0000 6.7921 -21.9585 3.7856
-2.1760 17.7425 2.4900 -4.0518 35.5408 -4.1025 0.0000 0.0000 0.0000 -12.5413 -11.1674 -16.6007 0.5237 4.6378 12.8783 0.0414 -2.3154 5.4016 0.1947 -2.8417 -7.8382 0.0000 0.0000 0.0000 27.1779 0.5923 6.3895 -2.5479 -9.9245 28.7326 -0.6674 -0.1299 -15.4864 -0.5674 4.8242 -13.4078 2.4892 2.6700 11.9364 1.5767 3.9623 2.1967 -0.3639 1.9464 -4.3231 -11.4237 -5.3453 -13.4028 5.3725 -5.8962 39.8976 3.4877 -3.1685 17.5173 -0.0000 0.0000 0.0000 -88.8847 5.7826 17.0064 16.4317 -26.1025 -3.8339 -0.0000 -0.0000 6.3256 20.2582 20.6785 7.4256 -7.1250 0.0000 -0.0000 -8.4505 51.7027 -1.4032 -0.0000 0.0000 0.0000 83.6040 6.0464 12.3857 -19.7621 30.3546 -5.4106 0.0000 0.0000 4.0581 -17.1637 7.7384 -2.3814 7.1250 -0.0000 -0.0000 7.0239 -21.9071 3.9249
-1.8010 17.7816 2.8537 -2.1892 35.5027 -3.6376 0.0000 0.0000 0.0000 -15.1418 -8.9237 -15.4402 0.5967 4.9452 13.7524 0.0355 -3.7432 6.6974 0.3071 -3.5629 -9.8502 0.0000 0.0000 0.0000 24.9789 0.3812 4.1330 -3.9731 -12.1245 36.1739 -0.3476 -0.2225 -11.2200 -0.1131 2.1687 -5.9720 0.8039 2.6574 12.4396 1.0078 3.7088 2.4975 0.0076 1.8410 -4.3582 -10.8224 -5.1792 -12.9729 5.1835 -5.7999 40.0358 3.3215 -3.0696 17.4249 -0.0000 0.0000 0.0000 -88.6212 5.2669 16.1578 16.0173 -25.5441 -3.6534 -0.0000 -0.0000 7.0719 19.9013 20.6665 7.2811 -7.1250 0.0000 -0.0000 -8.7999 51.6287 -1.4459 -0.0000 0.0000 0.0000 84.5004 5.8429 11.6960 -19.6618 30.2327 -5.3600 0.0000 0.0000 4.6382 -17.2755 8.1972 -2.5389 7.1250 -0.0000 -0.0000 6.9341 -21.4259 3.9503
-1.4174 17.8471 3.1950 -1.1580 35.4560 -3.4530 0.0000 0.0000 0.0000 -17.0075 -6.8669 -14.0722 0.6479 5.1489 14.3337 -0.0706 -6.4516 7.0490 0.0946 -1.9838 -5.4609 0.0000 0.0000 0.0000 22.7004 -0.3177 -0.4184 -6.0824 -14.5077 45.3114 -0.0101 -0.4344 -2.1105 -0.0116 0.6949 -1.9097 -0.0217 2.5576 12.8257 0.7018 3.4555 2.6506 0.1775 1.7246 -4.4392 -10.6993 -5.0771 -12.4539 5.1373 -5.7121 40.2297 3.3085 -3.0292 17.3796 -0.0000 0.0000 0.0000 -88.2239 5.0665 16.2225 15.7949 -25.2418 -3.5581 -0.0000 -0.0000 7.0350 19.2884 20.0488 6.8414 -7.1250 0.0000 -0.0000 -9.1949 50.8913 -1.3444 -0.0000 0.0000 0.0000 85.3071 5.1700 11.1176 -19.7203 30.3039 -5.3895 0.0000 0.0000 4.1519 -16.4481 7.7188 -2.2707 7.1250 -0.0000 -0.0000 7.5441 -21.9603 4.2112
-1.0600 17.9050 3.5081 0.4915 34.9415 -2.8741 0.0000 0.0000 0.0000 -19.1472 -5.7250 -11.7542 0.5819 4.8844 13.5792 -0.0660 -6.2875 6.9115 0.0028 0.3408 0.9363 0.0000 0.0000 0.0000 19.6708 -0.6744 -5.8807 -8.4235 -16.4221 54.0740 -0.1373 -0.5658 6.8204 -0.2620 -3.2928 9.0949 -1.1324 2.5497 13.3982 0.1603 3.2639 2.7798 0.2443 1.6409 -4.6447 -10.9016 -4.9130 -12.1023 5.4321 -5.5533 40.4350 3.5241 -2.9659 17.4078 0.0000 -0.0000 0.0000 -87.4565 4.8504 16.9582 15.8411 -25.3047 -3.5778 -0.0000 -0.0000 7.1103 19.0329 20.5136 6.8929 -7.1250 0.0000 -0.0000 -9.6036 51.3240 -1.5077 0.0000 -0.0000 0.0000 85.9253 4.8347 11.5882 -19.2792 29.7641 -5.1687 0.0000 0.0000 3.9577 -16.3497 8.0245 -2.3451 7.1250 -0.0000 -0.0000 7.6075 -21.6497 4.3015
-0.7350 17.9515 3.7928 2.7014 34.0424 -1.5549 0.0000 0.0000 0.0000 -21.7676 -3.8884 -9.7315 0.4400 4.2561 11.7983 -0.0908 -6.6306 6.6123 0.0006 -0.1563 -0.4296 0.0000 0.0000 0.0000 16.4474 -0.8092 -11.2922 -10.4177 -17.6381 60.8755 -0.0347 -2.4917 3.4983 -0.1469 -2.4704 6.8075 -2.8756 2.7045 13.6563 -0.3749 3.1909 2.8649 0.6654 1.6247 -4.7569 -11.2667 -4.7572 -12.2354 5.6994 -5.2953 40.8292 3.7802 -2.8905 17.6675 0.0000 0.0000 0.0000 -86.6531 4.5647 18.8436 16.4746 -26.1600 -3.8528 -0.0000 -0.0000 6.1460 19.1602 20.4681 6.9275 -7.1250 0.0000 -0.0000 -9.4629 51.2990 -1.4795 0.0000 0.0000 0.0000 86.4194 4.3362 12.1610 -19.5038 30.0398 -5.2807 0.0000 0.0000 4.9921 -16.4269 8.2024 -2.4086 7.1250 -0.0000 -0.0000 7.5474 -21.4625 4.2992
-0.4568 18.0001 4.0700 2.8450 33.6379 -1.5068 0.0000 0.0000 0.0000 -22.2708 -2.8240 -8.3478 0.4209 4.1639 11.5381 -0.1263 -6.8919 5.5253 0.0001 0.0600 0.1648 0.0000 0.0000 0.0000 15.7092 -1.3262 -15.8948 -11.3657 -18.1094 63.9636 0.0937 -5.5191 -0.9053 -0.5195 -4.6193 12.8258 -2.9550 2.6260 14.2444 -0.3602 3.0599 3.0328 0.7278 1.5615 -4.9007 -11.4742 -4.6467 -12.4970 5.5725 -4.9759 41.0651 3.8259 -2.8145 17.8394 0.0000 -0.0000 0.0000 -86.1016 3.5972 19.0593 16.8186 -26.6180 -4.0057 -0.0000 -0.0000 6.6098 20.2814 21.0723 7.5684 -7.1250 0.0000 -0.0000 -8.5617 52.1122 -1.5082 0.0000 -0.0000 0.0000 86.5699 4.6974 12.5007 -19.0787 29.5163 -5.0695 0.0000 0.0000 5.8988 -16.4465 8.3247 -2.4473 7.1250 -0.0000 -0.0000 7.5305 -21.3354 4.3113
-0.1990 18.0313 4.3242 2.4804 33.5145 -1.3107 0.0000 0.0000 0.0000 -22.2521 -3.4733 -7.7827 0.5018 4.5413 12.6046 -0.1114 -6.0689 3.6942 0.0153 0.7994 2.1971 0.0000 0.0000 0.0000 15.7812 -1.6138 -20.1228 -11.3103 -18.0836 63.7853 0.1425 -6.7787 -3.7187 -0.5005 -4.5353 12.5876 -2.5203 2.3136 14.6115 -0.2068 2.7076 3.0199 0.6958 1.3843 -5.0894 -11.3983 -4.4183 -12.3885 5.2063 -4.5130 41.0210 3.7214 -2.6657 17.7052 -0.0000 0.0000 0.0000 -86.0746 2.8899 17.6820 17.5682 -27.6008 -4.3473 -0.0000 -0.0000 5.9785 19.8138 20.9129 7.3284 -7.1250 0.0000 -0.0000 -8.9714 51.8665 -1.5270 -0.0000 0.0000 0.0000 86.7529 4.6758 12.9489 -18.9995 29.4181 -5.0306 0.0000 0.0000 5.9897 -15.7667 8.0441 -2.2626 7.1250 -0.0000 -0.0000 8.0290 -21.6563 4.5431
0.0294 18.0246 4.5886 2.4119 33.4613 -0.7128 0.0000 0.0000 0.0000 -22.3983 -3.9943 -8.3091 0.6978 5.3397 14.8801 -0.1210 -6.2037 1.4560 0.0166 0.8312 2.2846 0.0000 0.0000 0.0000 15.9147 -1.5902 -23.6188 -10.3866 -17.6216 60.7730 0.0554 -5.7413 -6.2907 -0.3936 -4.0281 11.1558 -2.6195 2.1261 14.7231 -0.0883 2.4465 2.9792 0.9214 1.2586 -5.1937 -11.0582 -4.3248 -12.5306 4.7309 -4.2715 41.0203 3.4780 -2.5790 17.6798 -0.0000 0.0000 0.0000 -85.5269 2.8993 18.7485 19.0830 -29.5217 -5.0717 -0.0000 -0.0000 3.0167 20.5726 21.9111 7.9730 -7.1250 0.0000 -0.0000 -8.5671 53.0275 -1.7019 -0.0000 0.0000 0.0000 86.9656 4.4542 13.0434 -19.2352 29.7099 -5.1469 0.0000 0.0000 5.8067 -15.9941 7.9992 -2.2842 7.1250 -0.0000 -0.0000 7.8657 -21.6921 4.4424
0.2269 17.9817 4.8593 2.2975 33.6307 -0.1945 0.0000 0.0000 0.0000 -22.3254 -4.3713 -9.3524 1.0191 6.4222 18.0146 -0.1230 -7.0520 -0.9930 0.0010 0.2026 0.5566 0.0000 0.0000 0.0000 16.3623 -1.7704 -26.0410 -8.7230 -16.6261 55.1271 -0.1418 -3.8584 -9.5962 -0.1578 -2.5594 7.0545 -2.8747 1.8964 14.8059 0.1805 2.1222 3.1695 1.4120 1.1022 -5.0439 -11.3798 -4.3078 -12.8587 4.8841 -4.1802 40.9535 3.6193 -2.5730 17.7363 0.0000 -0.0000 0.0000 -84.9379 2.2593 20.4653 20.6371 -31.4023 -5.8597 -0.0000 -0.0000 0.2236 21.5048 23.6724 8.9895 -7.1250 0.0000 -0.0000 -8.2851 55.0183 -2.0487 0.0000 -0.0000 0.0000 86.8205 4.5720 13.8016 -19.6744 30.2481 -5.3664 0.0000 0.0000 4.9407 -16.3947 7.8934 -2.3138 7.1250 -0.0000 -0.0000 7.5783 -21.7828 4.2616
0.4040 17.9590 5.1395 2.1829 33.8557 0.4781 0.0000 0.0000 0.0000 -22.2325 -4.1231 -10.2989 1.3106 7.2517 20.4633 -0.0830 -8.0220 -3.6729 0.0069 -0.5382 -1.4788 0.0000 0.0000 0.0000 16.9669 -2.3659 -27.8080 -6.6127 -14.9969 47.3938 -0.2681 -1.9955 -10.7217 -0.1955 -2.8473 7.8539 -3.0056 1.6656 14.9132 0.3094 1.8004 3.1205 1.6806 0.9480 -5.1467 -11.1544 -4.1817 -12.7904 4.7203 -3.9997 40.9906 3.5364 -2.4889 17.7002 0.0000 0.0000 0.0000 -84.1253 1.7324 21.2650 21.7844 -32.7326 -6.4689 -0.0000 -0.0000 0.1682 21.7995 23.0734 8.9086 -7.1250 0.0000 -0.0000 -7.7460 54.4589 -1.8085 0.0000 0.0000 0.0000 86.5632 4.6761 14.8752 -20.0293 30.6776 -5.5463 0.0000 0.0000 4.6591 -16.5336 7.9488 -2.3507 7.1250 -0.0000 -0.0000 7.4762 -21.7191 4.2141
0.5653 17.9297 5.4233 2.1648 34.2527 1.2370 0.0000 0.0000 0.0000 -22.1248 -4.3812 -10.5487 1.4118 7.5151 21.2506 -0.0709 -8.6254 -4.5507 0.0046 0.4394 1.2073 0.0000 0.0000 0.0000 17.5272 -2.9442 -28.5487 -4.5652 -12.8767 38.9088 -0.2982 -1.6786 -11.0680 -0.2665 -3.3210 9.1737 -2.9846 1.5977 14.9309 0.3462 1.7173 3.1707 1.7240 0.9064 -5.0992 -11.0690 -4.3024 -12.6947 4.7471 -4.2306 40.9351 3.4893 -2.5637 17.6687 -0.0000 -0.0000 0.0000 -83.0465 0.8883 22.9265 23.0997 -34.1976 -7.1942 -0.0000 -0.0000 0.4370 21.3291 22.7411 8.5836 -7.1250 0.0000 -0.0000 -8.1048 54.0244 -1.8070 -0.0000 -0.0000 0.0000 86.6658 4.8099 15.1393 -20.3779 31.0949 -5.7252 0.0000 0.0000 4.6415 -16.0135 7.8048 -2.2319 7.1250 -0.0000 -0.0000 7.8571 -21.8913 4.4016
0.7090 17.9494 5.7123 2.1410 34.5836 1.8689 0.0000 0.0000 0.0000 -22.0472 -3.8125 -10.2533 1.4505 7.6129 21.5444 -0.0215 -9.3886 -6.1906 0.0589 -1.5665 -4.3092 0.0000 0.0000 0.0000 17.5359 -1.5136 -27.8569 -2.9004 -10.5320 30.7173 -0.2129 -4.5792 -11.6165 -0.2742 -3.3681 9.3053 -2.8569 1.5980 14.8017 0.4045 1.7486 3.3109 1.7119 0.9172 -4.8805 -11.3084 -4.4184 -12.2706 5.0386 -4.4892 40.8422 3.6213 -2.6647 17.5572 -0.0000 0.0000 0.0000 -82.2430 0.0929 24.1718 24.4792 -35.6669 -7.9842 -0.0000 -0.0000 0.0345 21.6912 23.8586 9.1400 -7.1250 0.0000 -0.0000 -8.1659 55.2476 -2.0646 -0.0000 0.0000 0.0000 86.5228 5.0520 15.9701 -20.3089 31.0127 -5.6896 0.0000 0.0000 5.1420 -18.0322 8.3948 -2.7211 7.1250 -0.0000 -0.0000 6.3845 -21.1809 3.6688
0.8414 17.9537 6.0076 2.4389 34.9306 2.3764 0.0000 0.0000 0.0000 -22.1733 -3.6603 -9.3662 1.4520 7.6167 21.5559 0.0224 -9.7133 -7.1880 0.0420 -1.3226 -3.6369 0.0000 0.0000 0.0000 16.7083 0.9405 -26.4818 -2.1143 -9.1002 26.1091 0.0298 -8.3161 -11.2437 -0.3548 -3.8268 10.5898 -2.7783 1.6720 14.7432 0.4367 1.8709 3.6452 1.6843 0.9711 -4.5005 -11.3450 -4.5420 -11.9534 4.7578 -4.5628 40.8406 3.4860 -2.7317 17.4796 -0.0000 0.0000 0.0000 -81.6758 -1.3793 25.5812 25.2834 -36.4922 -8.4578 -0.0000 0.0000 -1.0262 22.9296 25.9759 10.4969 -7.1250 0.0000 -0.0000 -7.7563 57.6909 -2.4195 -0.0000 0.0000 0.0000 86.2685 5.5645 16.9579 -20.2712 30.9678 -5.6703 0.0000 0.0000 4.8208 -16.6373 8.2929 -2.4679 7.1250 -0.0000 -0.0000 7.3935 -21.3588 4.2275
0.9620 17.9158 6.2612 2.9129 35.1255 2.7630 0.0000 0.0000 0.0000 -22.4824 -3.6365 -9.0283 1.5951 7.9662 22.6114 0.0707 -9.9672 -8.1154 0.0235 -0.9903 -2.7221 0.0000 0.0000 0.0000 16.1348 1.2007 -26.1074 -1.9876 -8.8401 25.2965 0.1444 -8.5370 -8.7275 -0.2129 -2.9705 8.1967 -2.4461 1.8018 15.3475 0.4155 2.0785 3.7537 1.4214 1.0726 -4.7116 -12.0808 -4.6895 -11.1011 5.2193 -4.8210 40.9085 3.7996 -2.8884 17.3877 -0.0000 0.0000 0.0000 -81.5096 -1.7402 27.0775 26.7797 -37.9683 -9.3632 -0.0000 0.0000 -0.8961 23.6356 25.8338 10.7968 -7.1250 0.0000 -0.0000 -6.9245 57.7013 -2.1600 -0.0000 0.0000 0.0000 85.8840 5.7155 18.4406 -20.1693 30.8458 -5.6179 0.0000 0.0000 4.8054 -17.1023 8.0920 -2.4800 7.1250 -0.0000 -0.0000 7.0613 -21.5437 4.0049
1.0578 17.8647 6.5160 2.9078 35.5398 2.8348 0.0000 0.0000 0.0000 -22.2083 -3.6906 -9.5627 1.9539 8.7694 25.0766 0.1349 -10.4755 -9.3265 0.0815 -1.8419 -5.0690 0.0000 0.0000 0.0000 16.4872 -0.0441 -26.4028 -2.2463 -9.3614 26.9324 0.0995 -6.6344 -6.2358 -0.4643 -4.3708 12.1223 -1.8172 1.8207 16.0457 0.6464 2.2101 4.0714 1.2699 1.1331 -4.7443 -12.1635 -4.7853 -11.0938 4.6363 -4.6736 40.9906 3.5731 -2.9077 17.4063 0.0000 -0.0000 0.0000 -81.6676 -1.9136 29.6095 29.2616 -40.2520 -10.9294 -0.0000 -0.0000 0.2260 24.9147 27.2474 12.0058 -7.1250 0.0000 -0.0000 -6.1483 59.4634 -2.1767 0.0000 -0.0000 0.0000 85.2344 6.5092 20.4770 -20.0093 30.6536 -5.5361 0.0000 0.0000 4.8757 -17.1389 8.2882 -2.5454 7.1250 -0.0000 -0.0000 7.0313 -21.3385 4.0205
1.1245 17.8520 6.7363 2.3472 35.8236 2.8640 0.0000 0.0000 0.0000 -21.4411 -3.7676 -11.2707 2.5268 9.8865 28.6099 0.1503 -10.5616 -9.5800 0.2154 -2.9882 -8.2458 0.0000 0.0000 0.0000 17.1760 -0.5262 -27.3599 -2.5496 -9.9276 28.7426 0.1006 -6.4906 -5.8382 -0.2721 -3.3556 9.2704 -0.6474 1.9228 16.9780 0.9819 2.5555 4.3508 0.8696 1.2955 -4.9273 -12.3349 -4.9838 -11.0364 4.4983 -4.8628 40.6300 3.4934 -3.0126 17.2186 0.0000 -0.0000 0.0000 -82.0305 -1.6868 31.8478 32.4237 -42.8824 -13.0282 -0.0000 -0.0000 1.1290 25.4256 28.0533 12.6023 -7.1250 0.0000 -0.0000 -5.9547 60.4246 -2.2445 0.0000 -0.0000 0.0000 84.5723 7.6657 22.3458 -19.9221 30.5484 -5.4917 0.0000 0.0000 4.5704 -16.4077 7.5809 -2.2247 7.1250 -0.0000 -0.0000 7.5771 -22.1044 4.2049
1.1576 17.8571 6.9523 1.9905 37.0322 3.0897 0.0000 0.0000 0.0000 -20.5434 -3.9963 -14.5858 3.6121 11.6255 34.4196 -0.0267 -11.0218 -7.3174 0.1573 -2.5557 -7.0442 0.0000 0.0000 0.0000 17.9798 -1.4036 -28.0363 -2.7212 -10.2295 29.7230 0.0899 -6.5211 -6.4137 -0.4606 -4.3537 12.0738 0.1789 1.6980 18.1346 1.3933 2.4448 4.6491 0.8325 1.2389 -5.2083 -12.3659 -5.1970 -10.8106 4.2782 -5.1217 39.9141 3.3290 -3.1324 16.7906 0.0000 -0.0000 0.0000 -82.6767 -1.0972 34.3647 35.9379 -45.4704 -15.4782 -0.0000 -0.0000 0.0632 25.2357 26.3389 11.8113 -7.1250 0.0000 -0.0000 -5.3794 58.5915 -1.7911 0.0000 -0.0000 0.0000 83.8263 9.2485 24.3499 -19.6871 30.2635 -5.3727 0.0000 0.0000 4.4970 -16.4300 7.4729 -2.1963 7.1250 -0.0000 -0.0000 7.5639 -22.2149 4.1782
1.1466 17.8444 7.1408 2.2502 38.7169 3.8804 0.0000 0.0000 0.0000 -19.6638 -4.6065 -19.5785 5.2121 13.6187 41.7310 -0.3309 -12.0404 -2.5308 0.1153 -2.1891 -6.0286 0.0000 0.0000 0.0000 18.1681 -1.9767 -29.0487 -2.9441 -10.6040 30.9558 0.1085 -7.2877 -7.3167 -0.1803 -2.7347 7.5410 0.4791 1.4298 19.5673 1.7815 2.2060 4.9128 1.0984 1.1249 -5.6843 -12.7844 -5.4888 -10.7722 4.6402 -5.5852 39.4125 3.4702 -3.3229 16.6042 -0.0000 0.0000 0.0000 -83.5127 -0.9631 37.3203 38.9058 -47.4081 -17.6294 -0.0000 0.0000 -1.2328 24.7029 25.6197 11.2497 -7.1250 0.0000 -0.0000 -5.6654 57.7173 -1.7676 -0.0000 0.0000 0.0000 83.2455 10.9905 25.7168 -19.5153 30.0539 -5.2864 0.0000 0.0000 4.6637 -16.4993 7.2564 -2.1426 7.1250 -0.0000 -0.0000 7.5195 -22.4354 4.1152
1.1617 17.8529 7.3150 1.1179 39.7236 4.0297 0.0000 0.0000 0.0000 -17.3652 -5.5446 -25.0398 6.9231 15.2668 48.5829 -0.4141 -11.5213 1.9380 0.1525 -2.5164 -6.9353 0.0000 0.0000 0.0000 19.5871 -2.8698 -29.8852 -2.9851 -10.6709 31.1778 0.0809 -7.0060 -7.7385 -0.2553 -3.2508 8.9779 1.6867 1.4546 20.1681 2.5448 2.5529 5.4690 1.1387 1.2956 -5.3916 -12.9285 -6.0040 -10.7643 4.5418 -6.2684 38.8783 3.3133 -3.6189 16.4133 -0.0000 -0.0000 0.0000 -84.3883 -1.6017 41.5380 41.3652 -48.8582 -19.4612 -0.0000 0.0000 -1.8107 25.2652 25.4120 11.4491 -7.1250 0.0000 -0.0000 -4.9633 57.6260 -1.5368 -0.0000 -0.0000 0.0000 82.2022 12.9464 26.9223 -19.5452 30.0905 -5.3014 0.0000 0.0000 3.5554 -16.7464 7.6993 -2.3085 7.1250 -0.0000 -0.0000 7.3279 -21.9670 4.0874
1.1849 17.8263 7.4537 0.8608 40.1994 4.2708 0.0000 0.0000 0.0000 -16.1169 -6.4854 -28.3858 7.7323 15.9188 51.5925 -0.3978 -11.3891 1.4493 0.1944 -2.8396 -7.8325 0.0000 0.0000 0.0000 20.1870 -3.8074 -30.8789 -3.1814 -10.9830 32.2226 0.0310 -6.3271 -8.1580 -0.1043 -2.0821 5.7327 2.4302 1.6546 21.7663 2.8524 3.0536 5.9118 0.8847 1.5395 -5.7267 -12.8082 -6.4525 -10.3786 4.7454 -7.0774 38.4500 3.2367 -3.8973 16.1976 -0.0000 0.0000 0.0000 -84.7835 -1.7335 45.9333 43.8706 -50.2031 -21.3675 -0.0000 0.0000 -1.0213 24.4060 24.2068 10.5394 -7.1250 0.0000 -0.0000 -5.4315 56.1719 -1.4914 -0.0000 0.0000 0.0000 81.5375 14.5930 27.9298 -19.6607 30.2313 -5.3594 0.0000 0.0000 3.2382 -16.9570 7.2435 -2.2017 7.1250 -0.0000 -0.0000 7.1859 -22.4293 3.9307
1.2118 17.8056 7.5522 1.4814 39.7896 5.0388 0.0000 0.0000 0.0000 -15.8666 -7.1159 -30.1332 7.3702 15.6359 50.2610 -0.2836 -10.7953 -1.7271 0.1833 -2.7573 -7.6038 0.0000 0.0000 0.0000 19.8310 -3.9149 -31.8266 -3.4405 -11.3761 33.5591 -0.0338 -5.5391 -8.8433 -0.1767 -2.7074 7.4651 2.3637 1.9288 23.8053 2.9801 3.4839 6.6366 0.8931 1.7560 -5.9911 -13.0400 -6.8079 -10.8730 4.7557 -7.4805 37.9341 3.1825 -4.0809 16.1195 0.0000 -0.0000 0.0000 -85.5321 -2.3128 49.0928 46.0975 -51.2949 -23.0921 -0.0000 -0.0000 1.3354 22.1199 24.3183 9.5023 -7.1250 0.0000 -0.0000 -7.9041 55.8088 -2.1057 0.0000 -0.0000 0.0000 80.6180 17.0790 29.5732 -19.7937 30.3930 -5.4266 0.0000 0.0000 2.7358 -16.6545 6.8935 -2.0563 7.1250 -0.0000 -0.0000 7.4168 -22.8040 3.9950
1.2549 17.7682 7.6155 2.0940 39.1816 6.5082 0.0000 0.0000 0.0000 -15.6074 -8.4274 -31.6114 6.2941 14.7075 46.1511 -0.1551 -9.5147 -3.4398 0.0201 -0.9145 -2.5135 0.0000 0.0000 0.0000 19.3305 -3.3236 -33.5856 -3.7461 -11.8146 35.0792 -0.0811 -4.9982 -9.3630 -0.1478 -2.4777 6.8279 2.5368 2.1371 25.3557 2.8889 3.8408 7.3546 0.5536 1.9377 -5.9615 -13.1440 -6.9987 -11.2362 5.1053 -7.8239 36.8828 3.2545 -4.1798 15.7351 -0.0000 -0.0000 0.0000 -85.7525 -2.9857 52.5240 47.6266 -51.9922 -24.2912 -0.0000 -0.0000 0.6839 23.3722 23.7774 9.8841 -7.1250 0.0000 -0.0000 -6.3699 55.5061 -1.6474 -0.0000 -0.0000 0.0000 79.7959 20.0871 31.2460 -19.6095 30.1690 -5.3337 0.0000 0.0000 3.0245 -17.2440 7.5179 -2.3256 7.1250 -0.0000 -0.0000 6.9702 -22.1321 3.8585
1.3075 17.7256 7.6453 2.8792 38.8371 8.0174 0.0000 0.0000 0.0000 -15.3207 -10.7882 -32.0433 4.8599 13.2243 40.2138 -0.0479 -8.2130 -4.7208 0.4687 -4.3911 -12.1796 0.0000 0.0000 0.0000 18.6531 -3.2190 -35.4518 -4.0785 -12.2641 36.6729 -0.1561 -4.3385 -10.3287 -0.1580 -2.5607 7.0581 2.6801 2.1325 27.6317 2.8781 3.9655 7.9424 0.3492 1.9993 -6.4141 -13.4806 -7.0971 -11.7199 5.3498 -7.9065 35.7848 3.3606 -4.2138 15.3491 -0.0000 0.0000 0.0000 -86.1267 -3.3266 55.2381 49.3901 -52.7465 -25.6879 -0.0000 -0.0000 1.3721 23.8149 23.4917 9.9782 -7.1250 0.0000 -0.0000 -5.7969 55.2983 -1.4692 -0.0000 0.0000 0.0000 78.7971 23.0114 33.1168 -19.6891 30.2660 -5.3738 0.0000 0.0000 3.5026 -17.7510 7.5163 -2.3978 7.1250 -0.0000 -0.0000 6.6011 -22.1103 3.6548
1.3613 17.6567 7.6593 3.1414 37.8261 9.4569 0.0000 0.0000 0.0000 -14.2528 -12.8644 -32.2974 3.4222 11.3490 33.4660 -0.1569 -9.5928 -3.4889 0.3693 -3.9035 -10.8054 0.0000 0.0000 0.0000 18.2087 -2.3080 -37.6827 -4.4831 -12.7769 38.5389 -0.2232 -3.4969 -10.9165 -0.1643 -2.6116 7.1992 2.7131 2.2707 29.9237 2.9457 4.2436 8.7678 0.2453 2.1396 -6.5815 -13.6234 -7.2272 -12.8306 5.3548 -7.9285 34.4874 3.3188 -4.2197 14.9924 -0.0000 0.0000 0.0000 -86.4109 -3.9878 57.3603 50.7672 -53.3003 -26.7880 -0.0000 -0.0000 1.9743 24.8810 20.6063 9.2704 -7.1250 0.0000 -0.0000 -3.7804 52.4535 -0.6943 -0.0000 0.0000 0.0000 77.5649 26.6250 35.1467 -20.0238 30.6710 -5.5435 0.0000 0.0000 3.6225 -17.7503 6.8611 -2.1900 7.1250 -0.0000 -0.0000 6.6150 -22.7925 3.5589
1.4282 17.5694 7.6437 3.1215 36.5467 11.2853 0.0000 0.0000 0.0000 -12.9051 -14.8612 -33.5336 2.5103 9.8567 28.5139 -0.2431 -10.2831 -2.0829 0.5364 -4.6928 -13.0345 0.0000 0.0000 0.0000 17.9823 -1.4701 -40.9050 -4.9439 -13.3203 40.5796 -0.2872 -2.1745 -11.1595 -0.1350 -2.3684 6.5250 3.0201 2.5077 31.9289 2.8198 4.6864 9.5152 -0.2868 2.3563 -6.6201 -13.4527 -7.3871 -13.8803 5.4975 -8.1323 33.0343 3.2498 -4.2450 14.5703 -0.0000 0.0000 0.0000 -85.8152 -4.7099 60.0936 52.9091 -54.1035 -28.5144 -0.0000 -0.0000 3.2126 27.0207 20.2878 10.0279 -7.1250 0.0000 -0.0000 -1.5070 52.5104 -0.2786 -0.0000 0.0000 0.0000 76.3975 30.3861 36.6123 -20.2184 30.9046 -5.6431 0.0000 0.0000 4.9909 -18.7038 6.9452 -2.3443 7.1250 -0.0000 -0.0000 5.9146 -22.6629 3.1955
1.5052 17.4565 7.6027 3.3432 35.3503 14.0711 0.0000 0.0000 0.0000 -12.2054 -15.7252 -36.8171 2.2726 9.4122 27.0936 -0.2575 -9.1307 1.4469 0.5414 -4.7142 -13.0952 0.0000 0.0000 0.0000 17.4765 -0.5137 -45.3508 -5.4996 -13.9253 42.9389 -0.3213 -1.1963 -11.2101 -0.1731 -2.6799 7.3887 2.5247 2.4304 33.4546 3.0278 4.5042 9.7123 0.2540 2.2583 -6.4366 -14.3670 -7.1942 -15.0267 5.4143 -7.4054 31.8787 3.4430 -4.0363 14.2653 0.0000 -0.0000 0.0000 -86.2102 -4.9239 61.0586 55.8787 -55.1078 -30.9355 -0.0000 -0.0000 3.8165 28.3428 20.4414 10.6688 -7.1250 0.0000 -0.0000 -0.1714 52.9316 -0.0334 0.0000 -0.0000 0.0000 74.4841 35.1448 39.7511 -19.8244 30.4302 -5.4421 0.0000 0.0000 5.9245 -20.0425 6.8997 -2.5094 7.1250 -0.0000 -0.0000 4.9337 -22.6481 2.6630
1.5977 17.3535 7.5364 3.9510 34.4898 17.3483 0.0000 0.0000 0.0000 -12.3812 -16.1969 -41.5306 2.8316 10.4173 30.3388 -0.2306 -8.7139 1.0484 0.1327 -2.3479 -6.4682 0.0000 0.0000 0.0000 16.7372 -0.3645 -50.2864 -6.0355 -14.4626 45.1239 -0.3519 0.3090 -11.1012 -0.0980 -2.0188 5.5577 2.5609 2.2908 34.8876 2.7530 4.3564 9.9500 -0.0397 2.1833 -6.6755 -14.6503 -7.2854 -16.0560 5.5272 -7.3411 31.1174 3.5061 -4.0066 14.1656 -0.0000 -0.0000 0.0000 -85.4322 -5.0715 62.9055 58.2509 -55.8255 -32.8898 -0.0000 -0.0000 5.8128 33.8612 20.7879 13.3950 -7.1250 0.0000 -0.0000 5.6753 54.4587 1.3222 -0.0000 -0.0000 0.0000 73.3965 39.7453 40.9512 -18.8566 29.2401 -4.9606 0.0000 0.0000 8.2346 -22.1721 6.1262 -2.4903 7.1250 -0.0000 -0.0000 3.3659 -23.3711 1.7575
1.6828 17.2168 7.4703 4.3250 34.2673 20.5909 0.0000 0.0000 0.0000 -11.7131 -17.3539 -46.7892 3.3196 11.1952 32.9411 -0.2514 -8.9410 1.9135 0.1852 -2.7715 -7.6432 0.0000 0.0000 0.0000 16.0317 -0.0451 -55.3230 -6.6150 -14.9989 47.4026 -0.3783 1.4081 -11.2130 -0.0740 -1.7545 4.8276 3.3818 2.3989 36.4786 2.5116 4.7997 10.1483 -0.8934 2.3937 -6.8043 -13.7009 -7.8968 -16.6507 5.2334 -8.3224 29.7514 3.0053 -4.3294 13.7444 0.0000 -0.0000 0.0000 -83.7570 -5.8290 66.0167 61.0044 -56.5717 -35.1781 -0.0000 -0.0000 8.3586 42.0343 19.9022 17.0603 -7.1250 0.0000 -0.0000 15.0068 55.3319 3.8700 0.0000 -0.0000 0.0000 71.4374 44.2070 38.5665 -17.6839 27.7505 -4.4011 0.0000 0.0000 10.7052 -22.5980 5.1731 -2.1492 7.1250 -0.0000 -0.0000 3.0462 -24.3797 1.5192
1.7466 17.0678 7.4185 4.4246 33.8561 23.6802 0.0000 0.0000 0.0000 -11.0662 -17.3824 -52.2261 3.8504 11.9586 35.5856 -0.3357 -10.3034 2.2908 0.0669 -1.6693 -4.5926 0.0000 0.0000 0.0000 15.1788 1.1585 -60.0247 -7.2562 -15.5439 49.8367 -0.4016 1.8268 -11.4768 -0.0857 -1.8880 5.1963 3.4352 2.5461 37.9533 2.8029 5.0778 10.4827 -0.7545 2.5085 -6.9541 -14.4331 -8.3297 -16.9722 5.2971 -8.6688 28.0701 3.0494 -4.5295 13.1937 -0.0000 0.0000 0.0000 -82.9982 -5.9958 67.3298 65.9135 -57.6902 -39.3023 -0.0000 -0.0000 10.2069 50.3541 21.0240 23.4106 -7.1250 0.0000 -0.0000 26.1760 59.0774 9.4050 -0.0000 0.0000 0.0000 69.1104 48.7051 36.7302 -16.5432 26.2517 -3.8831 0.0000 0.0000 12.2225 -25.0079 4.5142 -2.1026 7.1250 -0.0000 -0.0000 1.2358 -25.0007 0.5979
1.8170 16.9475 7.3908 4.5573 33.6018 26.0303 0.0000 0.0000 0.0000 -11.4391 -16.4595 -56.4844 4.3478 12.6094 37.9233 -0.4766 -12.3215 2.2058 0.0408 -1.3033 -3.5836 0.0000 0.0000 0.0000 14.4844 1.7675 -63.6741 -7.8587 -16.0143 52.0520 -0.4396 2.4339 -11.9221 -0.1118 -2.1559 5.9368 3.7705 2.4922 40.3707 3.0430 5.2678 10.7635 -0.8139 2.5721 -7.4118 -15.3611 -8.7147 -17.0697 5.3812 -8.9179 26.4645 3.1597 -4.7010 12.6520 0.0000 0.0000 0.0000 -82.0564 -5.4653 68.1051 72.0601 -58.7483 -44.5289 -0.0000 -0.0000 9.5229 53.8158 18.4628 23.4102 -7.1250 0.0000 -0.0000 29.7495 56.8753 9.2156 0.0000 0.0000 0.0000 66.6739 52.8952 33.2356 -15.2562 24.5018 -3.3315 0.0000 0.0000 16.1042 -26.5019 4.0996 -2.0416 7.1250 -0.0000 -0.0000 0.1030 -25.4007 0.0489
1.9507 16.7477 7.3467 5.6090 33.1825 30.0152 0.0000 0.0000 0.0000 -12.0207 -17.1631 -62.2332 4.9759 13.3566 40.7185 -0.5342 -13.1789 1.6101 0.0477 -1.4091 -3.8752 0.0000 0.0000 0.0000 12.9514 1.6500 -69.4187 -8.6214 -16.5578 54.7714 -0.4422 3.6896 -11.8416 -0.1046 -2.0855 5.7420 4.3492 2.2363 40.9814 2.7857 5.1638 10.9489 -1.3465 2.5311 -7.3191 -16.5044 -9.3166 -17.0894 6.0489 -9.5908 25.0938 3.4553 -5.0057 12.3046 0.0000 0.0000 0.0000 -80.8655 -4.8663 68.8684 78.1584 -59.4635 -49.7634 -0.0000 -0.0000 12.4442 58.3428 17.4476 25.9329 -7.1250 0.0000 -0.0000 35.7701 57.0670 11.5774 0.0000 0.0000 0.0000 63.2266 56.6035 28.9932 -14.0797 22.8485 -2.8590 0.0000 0.0000 18.0754 -28.4511 3.4966 -1.8928 7.1250 -0.0000 -0.0000 -1.3891 -26.0040 -0.6396
2.0375 16.5791 7.3303 6.7064 33.1449 32.9744 0.0000 0.0000 0.0000 -12.5144 -17.8534 -66.0956 5.4537 13.8772 42.7478 -0.6028 -13.9256 1.9558 0.0035 -0.3836 -1.0541 0.0000 0.0000 0.0000 11.5598 1.3159 -73.6101 -9.3367 -17.0196 57.2475 -0.4749 4.3757 -12.2607 -0.0969 -2.0072 5.5257 4.7959 1.9950 42.3916 2.8219 5.1283 11.3298 -1.5418 2.5217 -7.2771 -17.8723 -10.0047 -16.5948 6.7071 -10.3875 23.3882 3.7658 -5.3867 11.7816 -0.0000 0.0000 0.0000 -79.9556 -4.3070 69.6616 85.1505 -59.9109 -55.8015 -0.0000 -0.0000 16.1958 61.8807 18.6225 30.8612 -7.1250 0.0000 -0.0000 43.2295 59.9627 17.7326 -0.0000 0.0000 0.0000 58.2542 59.9577 23.0716 -12.9800 21.2579 -2.4460 0.0000 0.0000 21.3312 -30.3338 3.6625 -2.1407 7.1250 -0.0000 -0.0000 -2.8046 -25.7372 -1.3100
2.1214 16.4271 7.3345 7.4028 33.2237 35.5450 0.0000 0.0000 0.0000 -12.8636 -18.3390 -69.8142 5.9402 14.3701 44.7412 -0.6992 -14.9876 2.0208 0.0001 0.0505 0.1389 0.0000 0.0000 0.0000 10.5373 1.0127 -77.3704 -9.9811 -17.3992 59.4253 -0.4983 5.0593 -12.5700 -0.1215 -2.2473 6.1897 5.3035 1.8836 43.9293 3.0754 5.3243 11.4349 -1.6402 2.5901 -7.5638 -19.0185 -10.5908 -15.9832 7.1423 -11.0737 22.0106 3.9827 -5.7270 11.3459 0.0000 -0.0000 0.0000 -79.8513 -3.3636 70.1231 91.4772 -59.9918 -61.2792 -0.0000 -0.0000 19.0953 64.8363 21.9137 38.4643 -7.1250 0.0000 -0.0000 55.1086 64.9675 30.6950 0.0000 -0.0000 0.0000 51.8772 62.1003 18.3306 -12.2047 20.1109 -2.1722 0.0000 0.0000 23.1318 -33.5806 3.0323 -2.0114 7.1250 -0.0000 -0.0000 -5.3000 -26.3350 -2.4084
2.1979 16.2786 7.3511 7.7849 33.2975 37.7652 0.0000 0.0000 0.0000 -12.8343 -18.7242 -73.3488 6.5125 14.9073 47.0056 -0.7633 -15.6651 2.0010 0.0296 1.1110 3.0543 0.0000 0.0000 0.0000 10.1431 0.6137 -80.7987 -10.5798 -17.7233 61.4094 -0.5198 5.8127 -12.8774 -0.1351 -2.3692 6.5270 5.9573 1.5751 45.8664 3.0639 5.3738 11.2065 -2.0515 2.5689 -8.2713 -20.0213 -10.9197 -15.4143 7.6737 -11.4763 20.7701 4.2655 -5.9198 10.9405 -0.0000 -0.0000 0.0000 -79.6549 -2.0726 69.8667 95.8116 -59.8720 -65.0308 -0.0000 -0.0000 20.6296 66.4010 21.0993 39.4891 -7.1250 0.0000 -0.0000 57.7618 64.5257 32.0730 -0.0000 -0.0000 0.0000 46.1259 63.8920 13.9980 -11.5564 19.1360 -1.9544 0.0000 0.0000 26.2589 -36.0486 3.0827 -2.2415 7.1250 -0.0000 -0.0000 -7.1562 -26.1580 -3.2926
2.2638 16.1190 7.3760 8.2218 33.1074 40.0408 0.0000 0.0000 0.0000 -12.8118 -19.0666 -76.8667 7.0845 15.4026 49.1931 -0.8229 -16.3326 1.7173 0.0667 1.6657 4.5827 0.0000 0.0000 0.0000 9.7108 0.3502 -84.2588 -11.1928 -18.0282 63.4062 -0.5406 6.4636 -13.1840 -0.1525 -2.5165 6.9353 6.4787 1.1205 49.0113 2.3084 5.2831 9.4104 -2.8164 2.4361 -9.5747 -20.6208 -11.0114 -14.9356 8.4207 -11.7145 20.2646 4.6026 -5.9974 10.7930 -0.0000 -0.0000 0.0000 -78.6960 0.3717 69.7080 101.1926 -59.5213 -69.6775 -0.0000 -0.0000 23.6911 65.5914 19.6087 36.4836 -7.1250 0.0000 -0.0000 52.8288 62.5748 26.2565 -0.0000 -0.0000 0.0000 42.3300 64.9798 11.3055 -11.1820 18.5666 -1.8334 0.0000 0.0000 29.3184 -38.5368 2.7356 -2.1770 7.1250 -0.0000 -0.0000 -9.0656 -26.4618 -4.1247
2.3293 15.9886 7.4182 8.6342 33.4340 41.6386 0.0000 0.0000 0.0000 -12.8682 -19.5904 -79.2456 7.5270 15.7601 50.8403 -0.8840 -17.0306 1.3225 0.0297 1.1132 3.0603 0.0000 0.0000 0.0000 9.9375 -0.6147 -86.9386 -11.7597 -18.2872 65.2249 -0.5645 7.2960 -13.5631 -0.0942 -1.9791 5.4478 7.0929 0.5392 51.8129 1.8546 5.1042 8.6633 -3.5262 2.2837 -10.7280 -19.9891 -11.1391 -15.4508 8.5329 -11.9705 19.9046 4.4804 -6.0407 10.7541 0.0000 0.0000 0.0000 -77.8659 1.7813 69.4935 105.2878 -59.0982 -73.1995 -0.0000 -0.0000 26.9620 65.6523 19.3923 36.2691 -7.1250 0.0000 -0.0000 52.5911 62.3379 25.8154 0.0000 0.0000 0.0000 38.5357 66.1774 6.5589 -10.8782 18.1013 -1.7379 0.0000 0.0000 33.7774 -40.9324 2.3446 -2.0318 7.1250 -0.0000 -0.0000 -10.9167 -26.8369 -4.8958
2.3819 15.8762 7.4527 9.0269 33.9391 43.5108 0.0000 0.0000 0.0000 -12.6408 -20.1971 -81.9380 8.0130 16.1288 52.6095 -0.9165 -17.1387 2.0870 0.2161 2.9924 8.2577 0.0000 0.0000 0.0000 10.2450 -1.4357 -89.6706 -12.2050 -18.4760 66.6373 -0.5747 7.9967 -13.7900 -0.1520 -2.5121 6.9232 7.7322 0.0120 53.6238 1.7386 5.0087 7.8144 -3.9108 2.1443 -11.8528 -21.1335 -11.0008 -14.5192 9.7728 -11.9581 19.2505 5.1432 -6.0087 10.5085 0.0000 -0.0000 0.0000 -77.4839 3.7123 69.9553 108.0118 -58.7380 -75.5326 -0.0000 -0.0000 28.2688 68.3027 21.0031 42.0123 -7.1250 0.0000 -0.0000 63.0448 64.9162 36.5972 0.0000 -0.0000 0.0000 35.1000 66.8620 2.6839 -10.5260 17.5581 -1.6300 0.0000 0.0000 37.7173 -42.4416 2.3813 -2.1759 7.1250 -0.0000 -0.0000 -12.0381 -26.7062 -5.4570
2.4276 15.7767 7.4909 9.3967 34.3893 45.3328 0.0000 0.0000 0.0000 -12.7409 -20.5555 -84.4243 8.4588 16.4465 54.1988 -1.0125 -18.4921 0.4138 0.0805 1.8301 5.0364 0.0000 0.0000 0.0000 10.3862 -1.9679 -92.0606 -12.5518 -18.6143 67.7275 -0.5897 8.4352 -14.0328 -0.0931 -1.9681 5.4174 8.1720 -0.3711 55.0792 1.6065 4.9514 7.2056 -4.2271 2.0448 -12.6595 -21.4547 -10.9279 -14.2906 10.5296 -11.9946 18.9197 5.4722 -5.9780 10.4264 -0.0000 -0.0000 0.0000 -76.9880 5.1083 69.9341 110.4077 -58.3663 -77.5767 -0.0000 -0.0000 30.2696 69.5028 22.3459 45.4839 -7.1250 0.0000 -0.0000 70.0252 66.3733 44.3681 -0.0000 -0.0000 0.0000 31.3998 67.3081 -0.9299 -10.3562 17.2948 -1.5792 0.0000 0.0000 40.1143 -43.8942 2.6078 -2.5066 7.1250 -0.0000 -0.0000 -13.0742 -26.3142 -6.0732
2.4646 15.7243 7.5358 9.3658 34.5882 46.4910 0.0000 0.0000 0.0000 -12.9822 -20.2901 -86.0383 8.6675 16.5889 54.9329 -1.1545 -19.6264 0.6450 0.0522 1.4743 4.0549 0.0000 0.0000 0.0000 10.5454 -1.9721 -93.4809 -12.7368 -18.6851 68.3061 -0.6000 8.7214 -14.1984 -0.1130 -2.1676 5.9691 8.3101 -0.4415 56.5235 1.5266 5.0923 6.6762 -4.4384 2.0349 -13.3788 -21.5437 -10.8375 -13.7809 10.6381 -11.9601 18.5628 5.5456 -5.9657 10.2115 -0.0000 0.0000 0.0000 -76.4033 6.3538 70.1479 111.9126 -58.1056 -78.8562 -0.0000 -0.0000 30.9910 70.5765 22.5608 47.4146 -7.1250 0.0000 -0.0000 74.2462 66.6214 48.5089 -0.0000 0.0000 0.0000 28.4387 67.7110 -4.4404 -10.0224 16.7746 -1.4814 0.0000 0.0000 42.5407 -45.8591 2.3004 -2.3685 7.1250 -0.0000 -0.0000 -14.5829 -26.6044 -6.7136
2.4963 15.6849 7.5721 9.7690 35.0801 47.8770 0.0000 0.0000 0.0000 -13.0859 -20.6731 -87.2725 8.7218 16.6253 55.1230 -1.2359 -20.1314 1.1236 0.1016 2.0558 5.6599 0.0000 0.0000 0.0000 10.4820 -2.2949 -94.8208 -12.8737 -18.7361 68.7327 -0.6356 8.6908 -14.5596 -0.0883 -1.9171 5.2766 8.6432 -0.7506 57.4853 1.4662 5.0442 6.2593 -4.6250 1.9589 -13.9114 -21.4324 -10.8256 -12.6451 9.6528 -11.9292 16.9448 5.1949 -6.0351 9.3541 -0.0000 0.0000 0.0000 -75.8809 7.3085 70.4186 113.2838 -57.8490 -80.0188 -0.0000 -0.0000 31.6129 71.5057 22.5809 48.9414 -7.1250 0.0000 -0.0000 77.6096 66.6326 51.6941 -0.0000 0.0000 0.0000 25.5794 68.0421 -8.3921 -9.7122 16.2882 -1.3932 0.0000 0.0000 44.7207 -46.1318 2.0605 -2.1421 7.1250 -0.0000 -0.0000 -14.8349 -26.9201 -6.7231
2.5232 15.6846 7.6000 9.8166 35.5584 48.6846 0.0000 0.0000 0.0000 -13.0573 -20.8006 -87.9546 8.6904 16.6043 55.0133 -1.3176 -20.5148 2.0068 0.2148 2.9840 8.2342 0.0000 0.0000 0.0000 10.6030 -2.3889 -95.4267 -12.8884 -18.7415 68.7784 -0.6447 8.6307 -14.6418 -0.1092 -2.1312 5.8683 8.9774 -0.9706 58.2642 1.4308 5.0831 5.9679 -4.8200 1.9298 -14.2711 -21.3958 -10.8305 -12.7559 10.0837 -12.0182 17.2493 5.3295 -6.0384 9.5210 -0.0000 0.0000 0.0000 -75.5647 7.8116 70.5768 113.7821 -57.7512 -80.4404 -0.0000 -0.0000 31.8828 72.9297 23.2456 52.1155 -7.1250 0.0000 -0.0000 84.6507 66.9061 59.0866 -0.0000 0.0000 0.0000 23.7069 68.4812 -12.7422 -9.3828 15.7685 -1.3022 0.0000 0.0000 47.2487 -46.5318 2.3520 -2.4790 7.1250 -0.0000 -0.0000 -15.0654 -26.4866 -6.9940
2.5396 15.6824 7.6257 10.2591 35.8605 49.6767 0.0000 0.0000 0.0000 -13.2665 -21.2009 -88.4545 8.6020 16.5447 54.7032 -1.3749 -20.8246 2.4835 0.2499 3.2167 8.8826 0.0000 0.0000 0.0000 10.2734 -2.5480 -96.0500 -12.8880 -18.7414 68.7773 -0.6610 8.4440 -14.7730 -0.0866 -1.8980 5.2238 9.0123 -1.0737 58.5767 1.4218 5.0357 5.7408 -4.8252 1.8836 -14.5630 -21.5475 -10.6325 -13.2596 11.8633 -12.0388 17.9395 5.9992 -5.9007 9.9886 0.0000 0.0000 0.0000 -75.3725 7.9432 70.7148 114.1117 -57.6851 -80.7190 -0.0000 -0.0000 31.5247 72.6891 22.5712 50.9230 -7.1250 0.0000 -0.0000 81.9380 66.5297 55.8106 0.0000 0.0000 0.0000 22.1840 68.4156 -15.0749 -9.1875 15.4587 -1.2496 0.0000 0.0000 47.8076 -47.8961 2.6286 -2.9052 7.1250 -0.0000 -0.0000 -15.9952 -25.9919 -7.6520
2.5622 15.7062 7.6355 10.2871 36.0305 50.0487 0.0000 0.0000 0.0000 -13.6612 -21.2100 -88.5938 8.4675 16.4526 54.2296 -1.4300 -21.2214 2.5060 0.1736 2.6841 7.4006 0.0000 0.0000 0.0000 10.2625 -2.5194 -96.0533 -12.7692 -18.6972 68.4072 -0.6606 8.3392 -14.7510 -0.0687 -1.6906 4.6513 8.9970 -0.9861 58.7181 1.4862 5.1556 5.6728 -4.8025 1.9212 -14.6516 -21.4593 -10.7379 -13.5016 12.0967 -12.2076 17.8852 6.0329 -5.9449 10.0545 0.0000 0.0000 0.0000 -75.4019 7.6999 70.9140 114.4226 -57.6217 -80.9817 -0.0000 -0.0000 31.3748 72.9121 22.8863 51.6753 -7.1250 0.0000 -0.0000 83.6196 66.6938 57.7403 0.0000 0.0000 0.0000 21.1453 68.3661 -17.1061 -9.1379 15.3800 -1.2364 0.0000 0.0000 48.7316 -48.2143 2.8705 -3.2074 7.1250 -0.0000 -0.0000 -16.1669 -25.6182 -7.8884
2.5818 15.7351 7.6349 10.1580 36.5347 50.1491 0.0000 0.0000 0.0000 -12.7849 -21.6909 -88.3545 8.3176 16.3480 53.6988 -1.3754 -20.6749 3.1696 0.2793 3.3994 9.3928 0.0000 0.0000 0.0000 10.7513 -2.7621 -95.9273 -12.6082 -18.6361 67.9042 -0.6504 8.2996 -14.6399 -0.0721 -1.7325 4.7670 9.4065 -1.1576 58.2551 1.4946 5.1537 5.7842 -4.9692 1.9236 -14.4434 -21.4415 -10.8777 -13.8011 12.5323 -12.4408 17.6996 6.1366 -6.0037 10.1163 -0.0000 -0.0000 0.0000 -75.3706 7.0575 71.0447 114.0662 -57.6943 -80.6806 -0.0000 -0.0000 30.4723 72.4491 22.1938 50.0612 -7.1250 0.0000 -0.0000 80.0358 66.3057 53.6089 -0.0000 -0.0000 0.0000 20.5777 68.1847 -17.2925 -9.1487 15.3971 -1.2393 0.0000 0.0000 48.3807 -48.2976 2.9245 -3.2772 7.1250 -0.0000 -0.0000 -16.2137 -25.5331 -7.9467
2.5860 15.8294 7.6303 9.8675 36.4813 49.4588 0.0000 0.0000 0.0000 -13.1161 -21.3224 -87.1051 8.0341 16.1443 52.6856 -1.3813 -20.7099 3.2094 0.2484 3.2073 8.8564 0.0000 0.0000 0.0000 10.9029 -2.5857 -94.6035 -12.2734 -18.5038 66.8527 -0.6416 8.2539 -14.5421 -0.0572 -1.5434 4.2455 9.2171 -0.9400 58.4304 1.4512 5.2935 5.8131 -5.0013 1.9897 -14.4258 -20.9685 -11.0133 -14.3988 11.9730 -12.4952 17.6214 5.8208 -6.0301 10.1310 0.0000 -0.0000 0.0000 -75.3756 6.1860 71.1036 113.3456 -57.8370 -80.0711 -0.0000 -0.0000 29.5973 72.8442 23.1336 51.8411 -7.1250 0.0000 -0.0000 84.0282 66.8553 58.3770 0.0000 -0.0000 0.0000 21.2244 68.1672 -17.7583 -8.9724 15.1164 -1.1929 0.0000 0.0000 48.4663 -47.6856 3.2551 -3.5690 7.1250 -0.0000 -0.0000 -15.6964 -25.1164 -7.8326
2.5968 15.9065 7.6177 9.7245 36.3886 48.9226 0.0000 0.0000 0.0000 -13.3759 -21.1745 -85.9401 7.7303 15.9172 51.5853 -1.3577 -20.4738 3.5269 0.2482 3.2058 8.8522 0.0000 0.0000 0.0000 10.7468 -2.4449 -93.3973 -11.9216 -18.3573 65.7401 -0.6136 8.1827 -14.2383 -0.0708 -1.7161 4.7218 9.1212 -0.7828 57.8072 1.3624 5.3149 6.0158 -5.0775 2.0311 -14.1415 -20.4963 -11.2222 -14.6462 11.2387 -12.6630 17.1036 5.4278 -6.1342 9.9312 0.0000 0.0000 0.0000 -75.5607 4.9639 71.0522 112.0397 -58.0826 -78.9641 -0.0000 -0.0000 28.2313 72.1125 23.1503 50.6159 -7.1250 0.0000 -0.0000 81.3416 66.9757 55.8162 0.0000 0.0000 0.0000 22.8865 68.1053 -17.9833 -8.8572 14.9326 -1.1631 0.0000 0.0000 48.7110 -47.2605 3.3901 -3.6616 7.1250 -0.0000 -0.0000 -15.3607 -24.9650 -7.7092
2.5946 16.0146 7.5936 9.6446 36.5262 48.1291 0.0000 0.0000 0.0000 -13.7708 -21.1959 -84.2480 7.3092 15.5868 50.0342 -1.3273 -20.2729 3.3938 0.1264 2.2918 6.3128 0.0000 0.0000 0.0000 10.4749 -2.2929 -91.5961 -11.4939 -18.1684 64.3753 -0.5885 7.6986 -13.8888 -0.1041 -2.0807 5.7287 9.0882 -0.6843 57.0164 1.3821 5.3180 6.2927 -5.0472 2.0726 -13.7580 -20.0047 -11.3298 -15.2408 11.4886 -12.8821 17.0219 5.3816 -6.1665 10.0280 -0.0000 0.0000 0.0000 -75.8864 3.5336 70.8872 110.6184 -58.3311 -77.7560 -0.0000 -0.0000 26.6639 70.8078 22.9194 48.2091 -7.1250 0.0000 -0.0000 75.9883 66.8983 50.5100 -0.0000 0.0000 0.0000 25.6513 67.6902 -15.3295 -9.0485 15.2377 -1.2128 0.0000 0.0000 46.4796 -47.0547 3.2684 -3.5053 7.1250 -0.0000 -0.0000 -15.2406 -25.1562 -7.5740
2.5987 16.1229 7.5746 9.2251 36.6209 46.6976 0.0000 0.0000 0.0000 -13.5522 -21.0414 -81.9025 6.8458 15.2007 48.2887 -1.2683 -19.7234 3.9794 0.2485 3.2077 8.8577 0.0000 0.0000 0.0000 10.5208 -2.0341 -89.2093 -11.0275 -17.9485 62.8709 -0.5669 7.2450 -13.5819 -0.0831 -1.8591 5.1163 9.0880 -0.5196 56.1364 1.3429 5.3837 6.7710 -5.1171 2.1652 -13.1103 -19.4216 -11.5055 -16.4267 12.2008 -13.2569 17.4605 5.4481 -6.2004 10.4764 -0.0000 -0.0000 0.0000 -76.3603 1.8037 70.7314 108.2079 -58.7095 -75.7002 -0.0000 -0.0000 25.0016 69.6794 21.7014 44.9574 -7.1250 0.0000 -0.0000 69.0355 65.8299 42.7764 -0.0000 -0.0000 0.0000 28.5882 67.2186 -12.1276 -9.4628 15.8950 -1.3240 0.0000 0.0000 43.5332 -46.4235 2.9529 -3.0990 7.1250 -0.0000 -0.0000 -14.8548 -25.6540 -7.1902
2.5968 16.2461 7.5490 8.9316 36.8110 45.3716 0.0000 0.0000 0.0000 -13.8223 -20.9081 -79.5850 6.3538 14.7626 46.3855 -1.1609 -18.7442 5.1211 0.3051 3.5515 9.8182 0.0000 0.0000 0.0000 10.5300 -1.8699 -86.8988 -10.5574 -17.7116 61.3355 -0.5499 6.6898 -13.3172 -0.1048 -2.0871 5.7464 8.9045 -0.2139 54.5254 1.5578 5.4770 7.3881 -4.8397 2.2855 -12.2682 -18.4655 -11.6110 -17.3237 11.5566 -13.3669 17.6053 5.0109 -6.2232 10.5825 0.0000 -0.0000 0.0000 -77.2626 -0.0826 70.4393 105.2313 -59.1050 -73.1510 -0.0000 -0.0000 23.7309 65.2186 19.4179 35.7582 -7.1250 0.0000 -0.0000 51.5922 62.2144 25.0307 0.0000 -0.0000 0.0000 31.6851 66.4203 -7.1614 -10.0817 16.8672 -1.4986 0.0000 0.0000 39.9945 -45.8625 2.7488 -2.8294 7.1250 -0.0000 -0.0000 -14.4906 -25.9824 -6.8873
2.5931 16.3850 7.5269 8.4067 36.5795 43.4810 0.0000 0.0000 0.0000 -13.9605 -20.3641 -76.6334 5.9120 14.3426 44.6277 -1.0775 -18.0555 5.3484 0.2884 3.4535 9.5441 0.0000 0.0000 0.0000 10.3764 -1.2974 -83.8608 -10.0094 -17.4152 59.5199 -0.5286 6.0855 -13.0047 -0.0685 -1.6891 4.6473 8.3564 0.4069 52.7560 1.6608 5.6964 8.2022 -4.5700 2.4884 -11.1822 -17.3577 -11.7714 -17.7589 11.1258 -13.6886 16.8767 4.5991 -6.3356 10.3252 0.0000 -0.0000 0.0000 -78.0003 -2.2630 70.3892 101.5805 -59.4871 -70.0117 -0.0000 -0.0000 21.7907 65.0376 18.8674 34.7868 -7.1250 0.0000 -0.0000 50.2336 61.4735 23.3111 0.0000 -0.0000 0.0000 35.7824 65.4937 -2.2595 -10.9345 18.1877 -1.7554 0.0000 0.0000 36.9164 -45.7137 2.9734 -3.0441 7.1250 -0.0000 -0.0000 -14.3350 -25.6829 -6.9126
2.5926 16.5248 7.5013 8.3056 36.3326 41.8367 0.0000 0.0000 0.0000 -14.5674 -20.0718 -73.6957 5.4962 13.9217 42.9247 -1.0179 -17.5848 4.9985 0.1198 2.2318 6.1467 0.0000 0.0000 0.0000 10.1401 -1.1087 -80.9495 -9.4546 -17.0915 57.6494 -0.5333 5.6347 -13.0259 -0.0998 -2.0368 5.6073 7.7103 0.9863 50.2597 1.6119 5.7614 9.1554 -4.3361 2.6497 -9.8258 -16.3202 -11.9741 -18.9744 11.0906 -14.0920 17.0990 4.3058 -6.4185 10.5988 -0.0000 0.0000 0.0000 -78.6000 -4.9058 70.4944 96.4307 -59.8432 -65.5662 -0.0000 -0.0000 20.3833 64.0998 20.0455 35.2180 -7.1250 0.0000 -0.0000 50.0154 62.5756 24.4667 -0.0000 0.0000 0.0000 39.8574 63.9729 3.0616 -12.0432 19.8695 -2.1170 0.0000 0.0000 33.6114 -45.5272 2.9972 -3.0485 7.1250 -0.0000 -0.0000 -14.1943 -25.6649 -6.8467
2.5940 16.6764 7.4777 7.8931 36.3336 39.7636 0.0000 0.0000 0.0000 -14.9067 -19.6918 -70.4297 5.0834 13.4771 41.1818 -0.9413 -16.9532 4.6166 0.0487 1.4248 3.9185 0.0000 0.0000 0.0000 10.7881 -1.3621 -77.7746 -8.8560 -16.7141 55.5907 -0.4683 5.0713 -12.1901 -0.0281 -1.0821 2.9747 7.1218 1.7007 46.4528 2.2127 5.9952 10.7216 -3.8366 2.8444 -8.7286 -16.3914 -12.0152 -18.2399 11.1581 -14.2337 16.6692 4.3397 -6.5111 10.3447 -0.0000 0.0000 0.0000 -79.8651 -6.7300 71.0293 90.2604 -59.9997 -60.2255 -0.0000 -0.0000 18.7782 62.5635 19.1290 32.2603 -7.1250 0.0000 -0.0000 45.2714 60.8751 19.7840 -0.0000 0.0000 0.0000 44.8057 61.2922 9.5727 -13.2607 21.6680 -2.5487 0.0000 0.0000 30.0540 -45.7750 3.0535 -3.1326 7.1250 -0.0000 -0.0000 -14.3628 -25.5671 -6.9670
2.5960 16.7892 7.4701 7.4836 36.5597 37.3811 0.0000 0.0000 0.0000 -14.6855 -19.7883 -66.8250 4.6288 12.9532 39.1935 -0.7821 -15.4435 5.1863 0.1524 2.5158 6.9333 0.0000 0.0000 0.0000 11.3878 -1.8356 -74.4524 -8.3720 -16.3862 53.8919 -0.4604 5.0305 -12.0866 -0.0339 -1.1881 3.2665 6.6405 2.3352 43.3148 2.5215 6.3132 11.4326 -3.2684 3.0990 -7.1473 -15.6919 -12.2371 -18.7500 10.5903 -14.5503 16.8380 3.9495 -6.6520 10.4339 -0.0000 0.0000 0.0000 -80.8420 -9.3148 72.0171 83.0744 -59.8180 -54.0059 -0.0000 -0.0000 16.8163 59.7140 17.2143 26.8730 -7.1250 0.0000 -0.0000 37.7507 57.2531 12.5267 -0.0000 0.0000 0.0000 48.8800 58.4129 14.2568 -14.4810 23.4181 -3.0166 0.0000 0.0000 27.6189 -45.0127 2.6657 -2.6640 7.1250 -0.0000 -0.0000 -13.8860 -26.1591 -6.5235
2.6219 16.9433 7.4897 6.2140 36.2523 33.5184 0.0000 0.0000 0.0000 -14.9551 -18.3867 -62.2967 4.3609 12.6257 37.9832 -0.7517 -15.2430 3.7882 0.0109 0.6740 1.8522 0.0000 0.0000 0.0000 12.4640 -1.9375 -69.5487 -7.7689 -15.9466 51.7259 -0.4398 5.1688 -11.8264 -0.0613 -1.5973 4.3940 6.2039 3.1350 40.9871 2.6692 6.9226 11.8825 -3.0132 3.4522 -5.9905 -15.1624 -12.4453 -18.5087 10.4829 -14.9954 16.6414 3.7567 -6.8459 10.3279 -0.0000 0.0000 0.0000 -81.3200 -10.9721 73.3274 76.9670 -59.3483 -48.7378 -0.0000 -0.0000 15.3956 57.7576 19.4896 27.8760 -7.1250 0.0000 -0.0000 36.7115 59.5760 14.2224 -0.0000 0.0000 0.0000 53.1204 55.1542 18.8853 -15.3796 24.6723 -3.3828 0.0000 0.0000 25.9335 -45.9470 2.9291 -3.0235 7.1250 -0.0000 -0.0000 -14.5140 -25.7256 -6.9894
2.6501 17.0801 7.5195 5.5063 36.1035 30.1246 0.0000 0.0000 0.0000 -15.2036 -17.6812 -57.7259 4.0681 12.2505 36.6240 -0.6615 -14.3823 3.1051 0.0031 0.3623 0.9953 0.0000 0.0000 0.0000 12.8714 -1.9732 -64.6840 -7.2169 -15.5119 49.6900 -0.4466 4.3554 -11.8878 -0.0230 -0.9791 2.6912 5.7282 3.4469 39.3428 2.3534 6.9987 11.3877 -3.0947 3.4870 -6.0405 -14.3473 -12.3640 -18.7162 10.2005 -15.0733 17.1689 3.5133 -6.8453 10.4706 -0.0000 -0.0000 0.0000 -81.3914 -11.2337 73.9247 71.1968 -58.6210 -43.7913 -0.0000 -0.0000 13.9800 53.3948 19.3844 24.0763 -7.1250 0.0000 -0.0000 29.7186 57.9469 9.9929 -0.0000 -0.0000 0.0000 58.8193 51.3586 24.4324 -16.3196 25.9520 -3.7847 0.0000 0.0000 24.7662 -46.4150 2.9040 -3.0469 7.1250 -0.0000 -0.0000 -14.8594 -25.7231 -7.1677
2.6926 17.1913 7.5662 4.8566 35.8463 27.0432 0.0000 0.0000 0.0000 -15.4640 -16.9472 -53.6305 3.8496 11.9576 35.5820 -0.5767 -13.5624 2.2352 0.0018 0.2733 0.7510 0.0000 0.0000 0.0000 12.7926 -1.4197 -60.0088 -6.7593 -15.1258 47.9578 -0.4664 3.1801 -12.2023 -0.0182 -0.8703 2.3919 5.0120 3.6302 37.1068 1.9909 6.8143 10.8460 -2.9729 3.4020 -5.9506 -14.0369 -12.2626 -19.2472 10.3286 -15.0389 17.5859 3.4961 -6.7725 10.6984 0.0000 -0.0000 0.0000 -81.6037 -11.2688 73.7081 64.5236 -57.3996 -38.1294 -0.0000 -0.0000 12.0136 51.0986 18.7482 21.7177 -7.1250 0.0000 -0.0000 26.1218 56.3920 7.6621 0.0000 -0.0000 0.0000 63.6531 47.5997 30.0930 -17.3954 27.3761 -4.2676 0.0000 0.0000 22.9370 -46.6992 3.5107 -3.7178 7.1250 -0.0000 -0.0000 -14.9314 -24.8485 -7.5207
2.7590 17.3145 7.6639 3.4470 35.4991 23.1520 0.0000 0.0000 0.0000 -15.2534 -15.5983 -49.0964 3.6590 11.6923 34.6520 -0.5213 -13.1434 1.1114 0.0087 -0.6023 -1.6552 0.0000 0.0000 0.0000 13.5612 -0.7139 -54.5934 -6.2818 -14.6959 46.1023 -0.4888 1.9355 -12.6800 -0.0226 -0.9695 2.6649 4.6189 3.8736 34.8910 1.9376 6.8671 10.3022 -2.8006 3.4165 -5.9301 -13.7861 -12.1414 -19.1508 10.1810 -14.9310 17.4454 3.4325 -6.7318 10.5803 0.0000 0.0000 0.0000 -81.8725 -10.6828 73.3392 59.0770 -56.0589 -33.5743 -0.0000 -0.0000 12.0767 48.2032 19.7052 20.6644 -7.1250 0.0000 -0.0000 22.6577 56.7587 6.7695 0.0000 0.0000 0.0000 67.6066 43.2282 34.6172 -18.7015 29.0461 -4.8851 0.0000 0.0000 22.6022 -45.9536 3.2045 -3.3076 7.1250 -0.0000 -0.0000 -14.4604 -25.3428 -7.0957
2.8317 17.4053 7.7639 3.0307 35.4989 19.8868 0.0000 0.0000 0.0000 -15.6750 -15.0079 -44.4047 3.4485 11.3879 33.5995 -0.4538 -12.4599 0.4329 0.0088 -0.6048 -1.6619 0.0000 0.0000 0.0000 13.5782 -0.4276 -49.4399 -5.8904 -14.3213 44.5401 -0.5019 0.6127 -13.1845 -0.0217 -0.9519 2.6165 3.7994 3.6190 32.4894 1.9092 6.1788 10.0793 -2.2721 3.0822 -5.9993 -14.1533 -11.9115 -19.4793 10.5550 -14.5594 17.2371 3.6787 -6.5415 10.5793 0.0000 -0.0000 0.0000 -82.2839 -10.0475 71.7703 54.6158 -54.6956 -29.9022 -0.0000 -0.0000 11.9035 44.7373 20.0332 18.7491 -7.1250 0.0000 -0.0000 18.3157 56.1989 5.1525 0.0000 -0.0000 0.0000 70.8186 39.1639 39.5636 -20.4808 31.2173 -5.7785 0.0000 0.0000 21.5911 -44.7944 2.7433 -2.7206 7.1250 -0.0000 -0.0000 -13.7104 -26.0686 -6.4663
2.9199 17.5054 7.9029 1.9986 35.6362 16.0753 0.0000 0.0000 0.0000 -15.6001 -14.1890 -39.5531 3.3040 11.1716 32.8607 -0.3937 -12.0233 -0.6692 0.0171 -0.8436 -2.3186 0.0000 0.0000 0.0000 14.5551 -0.5952 -43.9199 -5.4564 -13.8800 42.7588 -0.5292 -0.6178 -13.9802 -0.0016 -0.2611 0.7173 3.7318 3.5318 30.6186 1.7892 5.9793 9.3194 -2.2079 2.9784 -6.0183 -14.0357 -11.9552 -19.2039 11.0412 -14.7960 16.8528 3.7994 -6.6082 10.4582 0.0000 -0.0000 0.0000 -82.7113 -8.4574 70.3066 52.2441 -53.8614 -27.9765 -0.0000 -0.0000 11.2876 39.0562 20.0159 15.5216 -7.1250 0.0000 -0.0000 11.5402 54.7402 2.7888 0.0000 -0.0000 0.0000 72.7456 34.3872 42.6103 -22.5459 33.5885 -6.8854 0.0000 0.0000 20.5753 -43.8360 3.3351 -3.1971 7.1250 -0.0000 -0.0000 -12.8953 -25.3381 -6.2882
3.0277 17.5960 8.0531 1.5188 35.1114 12.7541 0.0000 0.0000 0.0000 -16.1538 -13.0057 -34.7184 3.1113 10.8731 31.8532 -0.3302 -11.5123 -1.6327 0.0293 -1.1044 -3.0361 0.0000 0.0000 0.0000 14.9354 -0.8030 -38.6116 -5.0204 -13.4067 40.9106 -0.5371 -1.2337 -14.3453 -0.0038 -0.3985 1.0949 2.7980 3.3333 28.7307 1.5582 5.3864 8.5926 -1.6507 2.6837 -6.0497 -14.3802 -11.7231 -19.9408 11.4826 -14.4251 17.1242 4.0543 -6.3831 10.7066 0.0000 0.0000 0.0000 -83.0713 -7.0845 67.9227 50.6955 -53.2722 -26.7306 -0.0000 -0.0000 9.2795 34.6831 19.8806 13.2420 -7.1250 0.0000 -0.0000 6.6633 53.5950 1.4132 0.0000 0.0000 0.0000 74.1155 30.4593 46.8991 -24.8907 36.0920 -8.2254 0.0000 0.0000 18.8477 -43.0789 3.2076 -2.9951 7.1250 -0.0000 -0.0000 -12.3648 -25.5668 -5.9498
3.1435 17.6542 8.2219 0.8397 34.6042 9.7538 0.0000 0.0000 0.0000 -16.2593 -12.2283 -30.5546 3.0024 10.6990 31.2713 -0.2343 -10.6283 -2.8572 0.0576 -1.5485 -4.2593 0.0000 0.0000 0.0000 15.6163 -1.2230 -33.8636 -4.6046 -12.9242 39.0855 -0.5489 -1.5992 -14.6653 -0.0011 -0.2114 0.5807 2.4071 3.3674 26.6206 1.2940 5.2433 7.6399 -1.5807 2.5999 -6.1111 -14.0709 -11.5938 -19.4314 11.8233 -14.4658 16.7217 4.1403 -6.3728 10.4821 -0.0000 -0.0000 0.0000 -82.8826 -5.2930 66.4854 50.8892 -53.3479 -26.8859 -0.0000 -0.0000 7.3299 31.8940 21.5605 12.8812 -7.1250 0.0000 -0.0000 3.4054 54.9045 0.8291 -0.0000 -0.0000 0.0000 75.1953 26.0315 48.7938 -27.5573 38.7055 -9.8456 0.0000 0.0000 18.2299 -42.8141 3.3721 -3.1193 7.1250 -0.0000 -0.0000 -12.1415 -25.3677 -5.8953
3.2693 17.7139 8.3845 0.2369 34.4203 6.6479 0.0000 0.0000 0.0000 -16.4746 -11.6727 -26.0022 2.8578 10.4613 30.4838 -0.1623 -9.9513 -3.7789 0.0439 -1.3517 -3.7170 0.0000 0.0000 0.0000 16.1238 -1.9304 -29.0347 -4.2178 -12.4448 37.3241 -0.5553 -1.8478 -14.8666 -0.0092 -0.6199 1.7034 2.3386 3.1499 24.9584 1.0429 4.8875 6.7531 -1.6421 2.4137 -6.2653 -14.1019 -11.4774 -19.2922 12.4230 -14.4901 16.8854 4.3633 -6.3250 10.5790 -0.0000 0.0000 0.0000 -83.0104 -3.9746 64.9296 50.9288 -53.3633 -26.9177 -0.0000 -0.0000 5.0894 29.6135 22.9420 12.4926 -7.1250 0.0000 -0.0000 0.6143 55.9391 0.1649 -0.0000 0.0000 0.0000 75.8849 21.8229 50.2030 -30.7954 41.5654 -11.9338 0.0000 0.0000 17.3018 -41.6479 3.4475 -3.0613 7.1250 -0.0000 -0.0000 -11.2730 -25.3548 -5.4605
3.3759 17.7562 8.5658 -0.2883 33.7462 3.8276 0.0000 0.0000 0.0000 -16.6800 -10.5473 -21.8088 2.6974 10.1883 29.5887 -0.0760 -9.2653 -5.0152 0.1086 -2.1245 -5.8498 0.0000 0.0000 0.0000 16.6674 -2.3509 -24.4242 -3.8599 -11.9717 35.6318 -0.5735 -2.1531 -15.2478 -0.0009 -0.1958 0.5379 1.6801 3.1569 23.3507 0.8635 4.6882 5.9111 -1.3435 2.3074 -6.4226 -14.1959 -11.3449 -19.4800 13.0035 -14.4810 17.5310 4.5919 -6.2449 10.9101 -0.0000 0.0000 0.0000 -83.1187 -2.9919 63.3574 51.4694 -53.5712 -27.3520 -0.0000 -0.0000 1.4326 29.2556 24.6664 13.1579 -7.1250 0.0000 -0.0000 -0.2540 57.7410 -0.0792 -0.0000 0.0000 0.0000 76.2165 18.0895 51.3060 -34.7317 44.6196 -14.6246 0.0000 0.0000 15.4522 -39.9450 4.3856 -3.6642 7.1250 -0.0000 -0.0000 -9.8796 -24.2724 -5.0167
3.4850 17.7917 8.7410 -0.8160 32.9011 1.5718 0.0000 0.0000 0.0000 -16.6849 -9.6796 -18.1993 2.5488 9.9262 28.7380 0.0045 -8.3934 -5.9717 0.1418 -2.4272 -6.6880 0.0000 0.0000 0.0000 17.1454 -2.4650 -20.5751 -3.5367 -11.5170 34.0440 -0.5815 -2.2529 -15.3975 -0.0089 -0.6080 1.6708 1.2272 3.1125 21.5228 0.6810 4.4808 4.9714 -1.1548 2.1984 -6.5304 -14.1187 -11.0851 -19.6562 13.2034 -14.2722 18.3417 4.7026 -6.1010 11.2225 -0.0000 0.0000 0.0000 -83.2782 -1.9180 61.5549 52.4497 -53.9370 -28.1427 -0.0000 0.0000 -3.0698 29.9099 25.8327 14.0721 -7.1250 0.0000 -0.0000 0.1363 59.1635 0.0472 -0.0000 0.0000 0.0000 76.5297 14.6498 51.9760 -38.8522 47.3750 -17.5900 0.0000 0.0000 14.4227 -38.9938 6.2822 -5.0627 7.1250 -0.0000 -0.0000 -8.9160 -21.9517 -4.9959
3.5930 17.8158 8.8892 -1.0857 32.3737 -0.1807 0.0000 0.0000 0.0000 -16.8935 -8.9826 -15.2011 2.4181 9.6875 27.9706 0.0560 -7.8625 -6.6285 0.1592 -2.5709 -7.0864 0.0000 0.0000 0.0000 17.3734 -2.9654 -17.3943 -3.2712 -11.1216 32.6911 -0.5915 -2.2654 -15.5256 -0.0135 -0.7515 2.0652 1.0517 2.7979 19.9433 0.3593 3.9851 3.9696 -1.2200 1.9450 -6.7849 -14.0325 -10.7436 -19.6290 13.4765 -13.9890 19.0772 4.8644 -5.9255 11.4666 -0.0000 -0.0000 0.0000 -83.2201 -1.0348 59.8946 53.9380 -54.4653 -29.3498 -0.0000 0.0000 -9.2043 27.8589 26.2491 13.1575 -7.1250 0.0000 -0.0000 -2.3776 59.1156 -0.8203 -0.0000 -0.0000 0.0000 76.8976 11.6275 52.4939 -43.7962 50.1649 -21.3103 0.0000 0.0000 13.6482 -36.9748 7.1829 -5.3777 7.1250 -0.0000 -0.0000 -7.3526 -21.0466 -4.2561
3.6853 17.8381 9.0458 -1.0457 32.1136 -1.7015 0.0000 0.0000 0.0000 -17.3059 -8.3518 -12.1458 2.2529 9.3742 26.9730 0.0968 -7.4736 -7.1730 0.1443 -2.4477 -6.7448 0.0000 0.0000 0.0000 17.3541 -3.2623 -14.1874 -3.0165 -10.7217 31.3468 -0.5935 -2.5956 -15.7253 -0.0220 -0.9569 2.6301 0.4327 2.4619 18.2790 0.2248 3.3942 3.2458 -0.8093 1.6653 -6.7163 -14.2091 -10.7189 -19.8196 13.4134 -13.9809 19.9833 4.8839 -5.9190 11.8515 0.0000 -0.0000 0.0000 -83.5778 -0.7478 58.2783 55.1346 -54.8675 -30.3260 -0.0000 0.0000 -15.3948 26.8258 28.6053 13.6103 -7.1250 0.0000 -0.0000 -4.5956 61.3510 -1.8318 0.0000 -0.0000 0.0000 76.9079 9.2943 52.5689 -49.0410 52.6013 -25.4103 0.0000 0.0000 12.3558 -35.6555 8.7190 -6.2065 7.1250 -0.0000 -0.0000 -6.2250 -19.3247 -3.8369
3.7554 17.8594 9.1712 -1.3012 31.1685 -2.7519 0.0000 0.0000 0.0000 -17.2435 -7.1644 -10.2914 2.1353 9.1425 26.2421 0.1440 -7.0487 -7.8150 0.1972 -2.8595 -7.8879 0.0000 0.0000 0.0000 17.6986 -2.7456 -11.7999 -2.8061 -10.3744 30.1979 -0.5823 -2.9451 -15.7849 -0.0149 -0.7870 2.1629 -0.0401 2.2279 16.4827 0.1633 2.9838 2.5029 -0.4553 1.4725 -6.5649 -13.2614 -10.4744 -20.9505 11.7806 -13.5507 21.7776 4.1960 -5.7676 12.4648 0.0000 0.0000 0.0000 -83.9573 -0.6246 57.0017 56.5565 -55.3202 -31.4921 -0.0000 0.0000 -23.5015 31.7971 31.1957 17.8026 -7.1250 0.0000 -0.0000 0.3700 65.4471 0.1828 0.0000 0.0000 0.0000 77.4386 7.0967 52.6104 -54.5746 54.6818 -29.8686 0.0000 0.0000 11.9734 -34.1920 10.6085 -7.1293 7.1250 -0.0000 -0.0000 -4.9742 -17.2510 -3.2878
3.8257 17.8768 9.2793 -1.2275 30.3245 -3.4880 0.0000 0.0000 0.0000 -17.4782 -6.3575 -8.5036 2.0196 8.9068 25.5043 0.1801 -6.5521 -8.2453 0.1555 -2.5405 -7.0021 0.0000 0.0000 0.0000 17.6289 -2.7157 -9.8945 -2.6372 -10.0833 29.2468 -0.5985 -2.6645 -15.8226 -0.0298 -1.1146 3.0642 -0.5362 1.9388 14.6294 0.0473 2.5122 2.0707 -0.1391 1.2538 -6.0267 -13.7044 -9.9983 -20.5558 12.7107 -13.0178 21.5169 4.7463 -5.4804 12.3253 -0.0000 0.0000 0.0000 -84.2136 -1.1291 55.8631 57.7032 -55.6662 -32.4372 -0.0000 0.0000 -30.3996 33.6948 33.8216 20.3618 -7.1250 0.0000 -0.0000 1.6620 68.8164 0.9492 -0.0000 0.0000 0.0000 77.9866 5.4921 52.6970 -60.2103 56.3657 -34.5161 0.0000 0.0000 11.9563 -32.8855 11.8817 -7.5828 7.1250 -0.0000 -0.0000 -3.9248 -15.9360 -2.7028
3.8873 17.8793 9.3699 -1.1832 29.3362 -4.2018 0.0000 0.0000 0.0000 -17.6403 -5.5203 -6.9023 1.9241 8.7062 24.8804 0.2223 -5.9724 -8.7766 0.1545 -2.5329 -6.9809 0.0000 0.0000 0.0000 17.6104 -2.4912 -8.2226 -2.5059 -9.8487 28.4881 -0.5935 -2.5746 -15.7133 -0.0091 -0.6155 1.6913 -1.0175 1.6662 13.2171 0.0218 2.0845 1.6700 0.2237 1.0544 -5.6856 -13.3765 -9.7099 -20.9220 12.3848 -12.6453 22.0898 4.6477 -5.3060 12.5089 -0.0000 -0.0000 0.0000 -84.5436 -1.3871 54.8737 59.2293 -56.1010 -33.7006 -0.0000 0.0000 -35.4556 35.0157 38.2725 23.4591 -7.1250 0.0000 -0.0000 0.5153 73.9096 0.3523 -0.0000 -0.0000 0.0000 78.4245 3.9581 53.0690 -66.0789 57.7234 -39.4421 0.0000 0.0000 12.6654 -32.5233 12.9172 -8.1123 7.1250 -0.0000 -0.0000 -3.5564 -14.7837 -2.5362
3.9442 17.8829 9.4410 -0.9988 28.1471 -4.6559 0.0000 0.0000 0.0000 -17.8978 -4.6691 -5.6477 1.8342 8.5119 24.2800 0.2548 -5.4123 -9.1812 0.1152 -2.1881 -6.0259 0.0000 0.0000 0.0000 17.4483 -2.1184 -6.9921 -2.4355 -9.7197 28.0736 -0.6105 -2.1852 -15.7119 -0.0056 -0.4851 1.3331 -1.4268 1.4736 12.0306 -0.0635 1.7784 1.2819 0.4437 0.9118 -5.4419 -13.4569 -9.5780 -21.2181 12.5097 -12.5102 22.7332 4.7492 -5.2197 12.8187 -0.0000 -0.0000 0.0000 -84.4625 -1.5771 54.7391 61.3498 -56.6590 -35.4665 -0.0000 0.0000 -40.3813 33.5512 41.8418 23.8639 -7.1250 0.0000 -0.0000 -6.8242 76.9547 -5.1122 -0.0000 -0.0000 0.0000 78.9169 2.6711 53.5613 -71.4294 58.6560 -43.9900 0.0000 0.0000 13.6102 -32.5114 13.9973 -8.7637 7.1250 -0.0000 -0.0000 -3.4178 -13.5332 -2.5277
4.0290 17.8773 9.4677 1.1089 27.1189 -3.6113 0.0000 0.0000 0.0000 -20.2442 -4.2984 -4.8746 1.7220 8.2613 23.5107 0.2814 -4.3382 -9.4662 0.1030 -2.0698 -5.6985 0.0000 0.0000 0.0000 14.9995 -2.4367 -7.1805 -2.4580 -9.7612 28.2068 -0.6441 -0.6272 -15.4021 -0.0007 -0.1652 0.4539 -3.0310 1.3017 10.5493 -0.7134 1.3453 0.8194 0.7621 0.7272 -5.1148 -13.1212 -9.3385 -21.1002 12.3607 -12.2805 22.9397 4.6917 -5.1111 12.8035 -0.0000 0.0000 0.0000 -84.2959 -1.7807 54.8847 63.1977 -57.1035 -37.0142 -0.0000 0.0000 -44.0302 29.7983 43.3392 21.4563 -7.1250 0.0000 -0.0000 -16.4209 76.9159 -12.3400 -0.0000 0.0000 0.0000 79.3610 1.7276 54.3223 -75.6523 59.2077 -47.6076 0.0000 0.0000 14.8204 -32.2366 15.3823 -9.4964 7.1250 -0.0000 -0.0000 -3.0607 -11.9822 -2.3620
4.0586 17.8790 9.5369 -0.6405 25.6232 -5.4387 0.0000 0.0000 0.0000 -18.4959 -3.3800 -3.6056 1.7589 8.3448 23.7662 0.3326 -3.7422 -10.2524 0.0923 -1.9595 -5.3938 0.0000 0.0000 0.0000 16.9489 -1.7807 -5.1354 -2.3125 -9.4887 27.3364 -0.6291 -0.9198 -15.3439 -0.0033 0.3690 -1.0139 -2.0897 1.0424 10.3048 -0.1056 1.1446 0.5860 0.8989 0.6152 -5.2089 -13.0837 -9.2032 -21.1057 12.1798 -12.1483 23.7868 4.6666 -5.0632 13.1069 0.0000 -0.0000 0.0000 -84.0919 -1.2290 55.3276 65.9652 -57.7006 -39.3459 -0.0000 0.0000 -47.1374 28.0574 45.4749 20.8066 -7.1250 0.0000 -0.0000 -24.8000 78.0487 -19.3233 0.0000 -0.0000 0.0000 79.4604 0.7174 55.6478 -79.0793 59.5445 -50.5569 0.0000 0.0000 16.5787 -31.1991 16.6938 -9.8686 7.1250 -0.0000 -0.0000 -2.2112 -10.6702 -1.7649
4.1040 17.8707 9.5544 -0.9568 23.9706 -6.1442 0.0000 0.0000 0.0000 -18.2500 -2.6053 -2.7895 1.7594 8.3459 23.7697 0.3716 -2.7920 -10.8909 0.1145 -2.1818 -6.0082 0.0000 0.0000 0.0000 17.2333 -1.2298 -4.2516 -2.2602 -9.3882 27.0174 -0.6268 -0.1968 -15.0329 -0.0052 0.4638 -1.2744 -1.8746 0.9607 10.1361 0.0148 1.0668 0.3227 0.9150 0.5755 -5.3864 -12.8764 -9.1069 -20.8196 12.1938 -12.1536 24.0010 4.6504 -5.0550 13.1226 0.0000 0.0000 0.0000 -83.6546 -0.4810 56.2633 69.4246 -58.3383 -42.2806 -0.0000 0.0000 -50.2305 22.7979 49.7489 17.7860 -7.1250 0.0000 -0.0000 -47.0436 78.7516 -38.1958 0.0000 0.0000 0.0000 79.6487 -0.0905 56.6312 -81.4674 59.7231 -52.6174 0.0000 0.0000 18.7285 -29.8698 18.2108 -10.1754 7.1250 -0.0000 -0.0000 -1.1552 -9.2068 -0.9557
4.1534 17.8677 9.5864 -0.7384 23.1941 -6.3520 0.0000 0.0000 0.0000 -18.6977 -2.6329 -1.8424 1.7073 8.2278 23.4083 0.3804 -1.7351 -11.1765 0.1238 -2.2681 -6.2472 0.0000 0.0000 0.0000 16.8385 -1.3089 -3.8357 -2.2533 -9.3749 26.9752 -0.6403 0.5340 -14.9460 -0.0115 0.6935 -1.9058 -2.3104 0.5689 9.4966 0.1252 0.5155 0.2064 1.3603 0.3143 -5.1371 -13.2493 -8.9776 -20.6161 12.8607 -12.1030 24.2204 5.0059 -4.9931 13.2486 -0.0000 -0.0000 0.0000 -83.2905 0.2881 57.4035 72.7647 -58.8473 -45.1315 -0.0000 0.0000 -53.0052 20.3839 48.8024 15.6205 -7.1250 0.0000 -0.0000 -45.2985 77.2275 -35.4251 -0.0000 -0.0000 0.0000 79.5298 -0.7670 57.9524 -83.0404 59.8162 -53.9765 0.0000 0.0000 20.4671 -28.7705 20.1973 -10.7344 7.1250 -0.0000 -0.0000 -0.1983 -7.2128 -0.1719
4.1807 17.8628 9.6156 -1.9841 21.9534 -7.4098 0.0000 0.0000 0.0000 -17.4757 -2.2911 -1.0720 1.7407 8.3037 23.6403 0.4143 -0.8694 -11.8860 0.1191 -2.2248 -6.1272 0.0000 0.0000 0.0000 18.2065 -0.8035 -2.7907 -2.1794 -9.2302 26.5181 -0.6248 0.6030 -14.7396 -0.0247 1.0143 -2.7880 -1.5584 0.2444 9.3738 0.6327 0.1941 0.1884 1.5104 0.1429 -5.0724 -12.8860 -8.7904 -20.2445 12.7056 -11.9620 24.2524 4.9203 -4.9329 13.1221 -0.0000 -0.0000 0.0000 -82.8802 1.2690 58.8548 76.4814 -59.2981 -48.3201 -0.0000 0.0000 -54.1384 19.8745 49.0882 15.2796 -7.1250 0.0000 -0.0000 -46.8190 77.1833 -36.6628 -0.0000 -0.0000 0.0000 79.4790 -1.4738 58.8487 -84.4314 59.8825 -55.1793 0.0000 0.0000 22.9612 -26.1460 21.1718 -10.0536 7.1250 -0.0000 -0.0000 1.5830 -6.6492 1.3896
4.2333 17.8665 9.6097 -0.9356 20.0911 -6.4148 0.0000 0.0000 0.0000 -18.6169 -1.5878 -1.5384 1.7255 8.2692 23.5349 0.4161 0.2439 -12.2772 0.1136 -2.1733 -5.9848 0.0000 0.0000 0.0000 17.0326 0.2032 -3.4793 -2.1922 -9.2555 26.5979 -0.6100 1.8084 -14.2447 -0.0288 1.0963 -3.0138 -2.4312 0.2959 8.3816 0.3890 0.1770 -0.0793 1.7505 0.1511 -4.7961 -12.6511 -8.7913 -20.0751 12.8522 -12.1322 24.3652 4.9132 -4.9745 13.1562 -0.0000 0.0000 0.0000 -82.6846 2.4492 59.4140 77.1574 -59.3675 -48.9016 -0.0000 0.0000 -49.2182 18.3225 48.0370 13.8332 -7.1250 0.0000 -0.0000 -44.5157 75.9505 -33.7001 -0.0000 0.0000 0.0000 79.6106 -2.4008 59.9908 -85.1990 59.9127 -55.8435 0.0000 0.0000 22.6382 -26.7935 21.4897 -10.4810 7.1250 -0.0000 -0.0000 1.2129 -6.1841 1.0754
4.2669 17.8629 9.6133 -0.8957 19.2340 -6.5141 0.0000 0.0000 0.0000 -18.8418 -1.5051 -1.2957 1.7381 8.2978 23.6223 0.3966 1.2704 -12.4251 0.1682 -2.6423 -7.2845 0.0000 0.0000 0.0000 16.9866 0.8625 -3.2114 -2.1920 -9.2551 26.5966 -0.5934 1.8279 -14.0399 -0.0538 1.4973 -4.1183 -2.7561 -0.0385 8.2219 0.5303 -0.2903 -0.1636 2.1378 -0.0701 -4.7695 -12.5311 -9.2627 -20.2220 12.4997 -12.8236 24.9352 4.6215 -5.2960 13.4908 -0.0000 0.0000 0.0000 -82.3447 3.8319 60.4260 78.5945 -59.5027 -50.1391 -0.0000 0.0000 -45.8345 20.5937 47.0395 15.3753 -7.1250 0.0000 -0.0000 -39.0188 76.2076 -29.4694 -0.0000 0.0000 0.0000 79.6497 -3.3383 61.0402 -85.6694 59.9290 -56.2505 0.0000 0.0000 20.9336 -27.0810 20.3339 -10.0749 7.1250 -0.0000 -0.0000 0.8920 -7.3841 0.7701
4.2948 17.8640 9.5968 -0.9438 18.3588 -6.6257 0.0000 0.0000 0.0000 -18.9589 -1.5143 -1.0449 1.7346 8.2899 23.5982 0.3810 2.1159 -12.6267 0.1293 -2.3177 -6.3846 0.0000 0.0000 0.0000 17.0392 1.4762 -3.1729 -2.2174 -9.3050 26.7540 -0.5854 1.9384 -13.9183 -0.0585 1.5606 -4.2929 -2.9369 -0.2332 8.2054 0.6575 -0.5591 -0.0629 2.4038 -0.2008 -4.6369 -13.2703 -9.9220 -19.2904 13.3366 -13.8532 24.2974 4.8680 -5.7648 13.3449 0.0000 -0.0000 0.0000 -82.2477 4.5700 61.6928 78.9935 -59.5373 -50.4829 -0.0000 0.0000 -44.6533 23.7027 46.0619 17.5437 -7.1250 0.0000 -0.0000 -32.4302 76.7498 -24.6198 0.0000 -0.0000 0.0000 80.0051 -4.3814 60.4471 -86.1157 59.9429 -56.6367 0.0000 0.0000 20.6875 -25.9263 21.3522 -10.0376 7.1250 -0.0000 -0.0000 1.7427 -6.4952 1.5351
4.3174 17.8685 9.5642 -0.8378 17.8109 -6.5926 0.0000 0.0000 0.0000 -19.1661 -1.3312 -1.1677 1.7308 8.2812 23.5716 0.3524 2.5543 -12.4451 0.1647 -2.6147 -7.2079 0.0000 0.0000 0.0000 16.9226 1.9657 -3.3672 -2.2599 -9.3877 27.0158 -0.5800 1.7909 -13.8827 -0.1451 2.4549 -6.7647 -3.3783 -0.5614 8.1993 0.7324 -1.0320 0.1223 2.7843 -0.4311 -4.4016 -14.1944 -10.8458 -18.1949 14.2635 -15.2575 23.5307 5.0980 -6.4202 13.2288 0.0000 -0.0000 0.0000 -82.3417 5.5970 62.0111 79.9128 -59.6120 -51.2756 -0.0000 0.0000 -45.2482 25.2022 46.0440 18.7154 -7.1250 0.0000 -0.0000 -30.4924 77.3368 -23.4525 0.0000 -0.0000 0.0000 80.1208 -5.1478 60.3002 -85.6387 59.9280 -56.2239 0.0000 0.0000 20.4937 -25.2926 20.1251 -9.2348 7.1250 -0.0000 -0.0000 2.0093 -7.9284 1.7140
4.3476 17.8739 9.5016 -0.8969 17.5993 -6.4300 0.0000 0.0000 0.0000 -19.3427 -1.8117 -1.5077 1.7643 8.3568 23.8031 0.3292 3.0387 -12.3886 0.1406 -2.4165 -6.6583 0.0000 0.0000 0.0000 16.8479 2.3884 -3.7519 -2.2544 -9.3769 26.9817 -0.5324 1.6305 -13.3170 -0.0919 1.9548 -5.3807 -3.4415 -0.9945 8.4734 0.7463 -1.6239 0.1162 2.9103 -0.7201 -4.5167 -15.2796 -11.8163 -15.8083 15.4465 -16.8644 22.1788 5.4385 -7.2396 12.7344 0.0000 0.0000 0.0000 -82.6622 6.8731 61.7986 80.4770 -59.6545 -51.7624 -0.0000 0.0000 -45.5260 26.2482 44.9752 19.2148 -7.1250 0.0000 -0.0000 -25.9333 76.9187 -19.6370 0.0000 0.0000 0.0000 80.2817 -5.8712 60.3268 -84.6020 59.8896 -55.3269 0.0000 0.0000 17.0522 -24.9766 19.0378 -8.6396 7.1250 -0.0000 -0.0000 2.1023 -9.1510 1.7424
4.3684 17.8778 9.4179 -0.4517 17.4068 -5.9446 0.0000 0.0000 0.0000 -20.0498 -2.2307 -1.9867 1.7603 8.3478 23.7755 0.2918 3.6017 -12.1797 0.1438 -2.4438 -6.7339 0.0000 0.0000 0.0000 16.1564 2.5142 -4.5206 -2.2795 -9.4255 27.1358 -0.5100 1.8169 -12.9860 -0.1200 2.2333 -6.1509 -4.0512 -1.3489 8.7857 0.6005 -2.1752 0.1336 3.1766 -0.9787 -4.6165 -15.7435 -12.8796 -13.9883 15.7583 -18.4593 20.8995 5.3263 -8.0801 12.2537 -0.0000 -0.0000 0.0000 -82.9809 7.9386 61.2764 80.6967 -59.6704 -51.9520 -0.0000 0.0000 -44.9770 27.4566 46.2612 20.5769 -7.1250 0.0000 -0.0000 -28.1773 78.4226 -22.2273 -0.0000 -0.0000 0.0000 80.3091 -6.4767 60.0579 -84.0733 59.8669 -54.8696 0.0000 0.0000 16.3821 -24.7441 18.0820 -8.1408 7.1250 -0.0000 -0.0000 2.1635 -10.2170 1.7467
4.3864 17.8897 9.3229 -0.3760 17.2723 -5.5309 0.0000 0.0000 0.0000 -20.2313 -2.2983 -2.7480 1.7438 8.3108 23.6622 0.2844 3.4597 -11.9547 0.1116 -2.1539 -5.9311 0.0000 0.0000 0.0000 15.8878 2.9617 -5.1738 -2.2737 -9.4143 27.1002 -0.4921 1.8571 -12.7407 -0.1140 2.1766 -5.9940 -4.3529 -1.6209 8.9817 0.4873 -2.5773 0.3225 3.2791 -1.1784 -4.4876 -16.0040 -13.8980 -12.2021 16.4694 -20.1329 19.5818 5.3301 -8.9140 11.8364 -0.0000 0.0000 0.0000 -83.2335 8.4025 60.7453 81.0586 -59.6957 -52.2644 -0.0000 0.0000 -44.4013 30.9535 47.1903 23.7490 -7.1250 0.0000 -0.0000 -26.4653 80.6179 -21.9815 -0.0000 0.0000 0.0000 80.7940 -7.3104 59.3512 -84.0717 59.8668 -54.8682 0.0000 0.0000 14.3825 -24.0266 16.9599 -7.4090 7.1250 -0.0000 -0.0000 2.5394 -11.5299 1.9826
4.3999 17.8975 9.2034 -0.3832 17.1943 -5.1268 0.0000 0.0000 0.0000 -20.3088 -2.2658 -3.7902 1.7594 8.3459 23.7698 0.2693 3.2411 -11.5459 0.0506 -1.4512 -3.9913 0.0000 0.0000 0.0000 15.6828 3.3022 -5.9442 -2.2727 -9.4124 27.0940 -0.4730 1.8527 -12.4827 -0.0909 1.9450 -5.3537 -4.5959 -1.8979 9.6613 0.5333 -2.9995 0.3960 3.5440 -1.3749 -4.7401 -16.5213 -14.7432 -10.9319 16.9434 -21.4611 18.8901 5.3454 -9.5977 11.7122 -0.0000 -0.0000 0.0000 -83.6306 8.7317 60.2378 81.9968 -59.7566 -53.0747 -0.0000 0.0000 -43.7562 28.3719 43.3320 20.3350 -7.1250 0.0000 -0.0000 -18.6602 76.3587 -13.8289 -0.0000 -0.0000 0.0000 80.6326 -7.3973 59.0835 -83.5228 59.8409 -54.3935 0.0000 0.0000 11.8490 -22.3188 15.1512 -6.1241 7.1250 -0.0000 -0.0000 3.5554 -13.6874 2.6183
4.4170 17.8957 9.0705 -0.1241 17.2406 -4.6421 0.0000 0.0000 0.0000 -20.7410 -2.6305 -4.6971 1.7826 8.3977 23.9286 0.2610 3.0051 -11.2368 0.0177 -0.8581 -2.3586 0.0000 0.0000 0.0000 15.0924 3.5260 -6.8489 -2.2880 -9.4419 27.1876 -0.4486 2.0790 -12.1051 -0.0595 1.5738 -4.3291 -4.8426 -2.0399 10.4005 0.3603 -3.2639 0.3588 3.5741 -1.4865 -5.1659 -16.9839 -15.3656 -9.5290 17.4746 -22.5528 18.4056 5.4408 -10.1757 11.6120 0.0000 0.0000 0.0000 -83.5326 9.0119 60.2542 82.1100 -59.7635 -53.1725 -0.0000 0.0000 -41.7201 31.3078 45.2236 23.3515 -7.1250 0.0000 -0.0000 -18.8384 79.1718 -15.0418 0.0000 0.0000 0.0000 81.1894 -8.4296 57.8825 -83.7183 59.8504 -54.5627 0.0000 0.0000 8.8794 -20.3034 12.3997 -4.5424 7.1250 -0.0000 -0.0000 4.8142 -16.8161 3.2271
4.4368 17.8947 8.9316 -0.0973 17.1952 -4.2258 0.0000 0.0000 0.0000 -20.9104 -2.8525 -5.7176 1.8110 8.4608 24.1228 0.2474 2.9157 -10.9350 0.0053 -0.4715 -1.2956 0.0000 0.0000 0.0000 14.7351 3.6872 -7.7837 -2.2851 -9.4363 27.1700 -0.4137 2.1569 -11.5960 -0.0506 1.4510 -3.9908 -4.9145 -2.2074 11.0597 0.3478 -3.5241 0.5475 3.6667 -1.6108 -5.3078 -17.2563 -15.8605 -8.8962 17.7203 -23.2783 17.8312 5.4332 -10.5572 11.4938 0.0000 0.0000 0.0000 -83.3325 8.6553 60.1554 83.2762 -59.8285 -54.1804 -0.0000 0.0000 -39.5007 30.8485 41.6815 21.6618 -7.1250 0.0000 -0.0000 -11.3243 75.7886 -8.2200 0.0000 0.0000 0.0000 81.3333 -8.4107 57.4316 -83.3891 59.8342 -54.2780 0.0000 0.0000 5.2667 -18.5783 9.4551 -3.1604 7.1250 -0.0000 -0.0000 5.9864 -20.0418 3.5917
4.4503 17.9027 8.7799 -0.0895 17.0633 -3.8302 0.0000 0.0000 0.0000 -21.0066 -2.6789 -6.8175 1.8120 8.4631 24.1297 0.2333 2.5450 -10.4265 0.0020 -0.2909 -0.7993 0.0000 0.0000 0.0000 14.4269 3.7392 -8.8328 -2.2849 -9.4359 27.1686 -0.3745 2.5034 -10.9661 -0.0218 0.9537 -2.6215 -4.9793 -2.1989 11.8596 0.3381 -3.5596 0.6735 3.7387 -1.6172 -5.6151 -17.5461 -16.2280 -7.9125 18.2941 -23.9022 16.9987 5.5936 -10.9026 11.2543 -0.0000 -0.0000 0.0000 -83.1063 8.2644 60.4324 84.1140 -59.8687 -54.9048 -0.0000 0.0000 -37.4020 29.6349 39.5191 19.9004 -7.1250 0.0000 -0.0000 -9.8730 73.2802 -6.6324 -0.0000 -0.0000 0.0000 81.5204 -8.3366 56.5777 -83.0154 59.8149 -53.9550 0.0000 0.0000 1.6306 -16.2890 7.1942 -2.0958 7.1250 -0.0000 -0.0000 7.6748 -22.5083 4.1888
4.4605 17.9139 8.6491 -0.3287 16.9422 -3.4988 0.0000 0.0000 0.0000 -20.8282 -2.7230 -7.7566 1.8127 8.4645 24.1342 0.2179 2.5697 -10.1511 0.0024 -0.3178 -0.8733 0.0000 0.0000 0.0000 14.4764 4.2391 -9.3604 -2.2220 -9.3140 26.7826 -0.3334 1.9626 -10.4014 -0.0075 0.5577 -1.5326 -4.9225 -2.2188 12.3507 0.4363 -3.5911 0.8754 3.8360 -1.6338 -5.6690 -17.7279 -16.4617 -7.1964 18.8965 -24.3161 16.1972 5.7791 -11.1304 11.0331 -0.0000 0.0000 0.0000 -82.7977 7.3052 60.7301 83.5275 -59.8411 -54.3977 -0.0000 0.0000 -35.5150 29.3142 39.0298 19.4731 -7.1250 0.0000 -0.0000 -9.7049 72.6936 -6.3953 -0.0000 0.0000 0.0000 81.3030 -7.8955 56.7708 -82.3579 59.7782 -53.3867 0.0000 -0.0000 -3.9917 -15.5565 6.5599 -1.8216 7.1250 -0.0000 -0.0000 8.2331 -23.1885 4.3699
4.4676 17.9219 8.5169 -0.4619 16.8026 -3.1368 0.0000 0.0000 0.0000 -20.7458 -2.6125 -8.9165 1.8509 8.5483 24.3921 0.2037 2.2839 -9.6837 0.0011 -0.2096 -0.5759 0.0000 0.0000 0.0000 14.3725 4.2911 -10.1208 -2.1948 -9.2605 26.6137 -0.3393 1.9154 -10.5037 -0.0052 0.4670 -1.2833 -4.9666 -2.1733 12.8113 0.5193 -3.5485 1.0773 3.9607 -1.6123 -5.7073 -17.7097 -16.7802 -6.7143 19.2691 -24.8201 15.5875 5.8188 -11.3851 10.8842 -0.0000 -0.0000 0.0000 -82.3198 6.3724 61.2156 83.0404 -59.8162 -53.9765 -0.0000 0.0000 -33.5878 28.2777 38.5261 18.5244 -7.1250 0.0000 -0.0000 -10.5954 71.8496 -6.7902 -0.0000 -0.0000 0.0000 81.1181 -7.4407 56.5387 -82.0280 59.7585 -53.1016 0.0000 -0.0000 -8.5599 -13.7779 6.7451 -1.6497 7.1250 -0.0000 -0.0000 9.5269 -23.0590 5.1028
4.4631 17.9346 8.3981 -0.8376 16.6558 -2.8502 0.0000 0.0000 0.0000 -20.3875 -2.7406 -9.8621 1.8695 8.5888 24.5172 0.1871 2.3597 -9.3938 0.0012 -0.2220 -0.6100 0.0000 0.0000 0.0000 14.6046 4.2618 -10.9579 -2.2163 -9.3029 26.7474 -0.3973 2.2802 -11.3360 -0.0171 0.8440 -2.3196 -4.8919 -2.1281 13.3112 0.7740 -3.4839 1.1734 4.2030 -1.5746 -5.8776 -17.8491 -17.1801 -6.3748 19.6061 -25.4368 15.1940 5.8282 -11.6846 10.8831 0.0000 -0.0000 0.0000 -82.1621 5.6351 61.2687 83.0983 -59.8192 -54.0266 -0.0000 0.0000 -32.4272 27.5325 37.0329 17.4301 -7.1250 0.0000 -0.0000 -9.9102 70.1430 -5.9745 0.0000 -0.0000 0.0000 80.6960 -7.2226 56.9223 -82.4882 59.7857 -53.4993 0.0000 -0.0000 -12.2053 -13.7439 6.7159 -1.6384 7.1250 -0.0000 -0.0000 9.5532 -23.0897 5.1105
4.4663 17.9388 8.2991 -0.8914 15.9190 -2.2488 0.0000 0.0000 0.0000 -20.3136 -2.5300 -10.9368 1.8636 8.5759 24.4774 0.1776 2.5920 -9.3540 0.0028 0.3396 0.9332 0.0000 0.0000 0.0000 14.5134 3.8581 -12.4870 -2.3311 -9.5241 27.4489 -0.4977 2.8885 -12.6487 -0.0023 0.3117 -0.8565 -4.9676 -1.8639 13.1385 0.7886 -3.1306 1.3187 4.1874 -1.4099 -5.6590 -17.5313 -17.5323 -6.0652 20.1602 -26.0362 14.5514 5.8536 -11.9490 10.7695 0.0000 -0.0000 0.0000 -81.5951 5.2866 61.2777 84.1602 -59.8707 -54.9448 -0.0000 0.0000 -30.5594 26.1562 37.4952 16.6433 -7.1250 0.0000 -0.0000 -12.3256 70.1479 -7.4455 0.0000 -0.0000 0.0000 80.6399 -6.8506 56.8850 -82.9971 59.8139 -53.9391 0.0000 -0.0000 -13.7108 -12.7891 7.0245 -1.5901 7.1250 -0.0000 -0.0000 10.2327 -22.8078 5.5524
4.4572 17.9501 8.1975 -1.0774 15.8750 -2.0663 0.0000 0.0000 0.0000 -20.1332 -2.7594 -11.3881 1.8251 8.4919 24.2183 0.1677 2.5564 -9.1164 0.0324 1.1627 3.1966 0.0000 0.0000 0.0000 14.6787 3.1795 -13.5612 -2.5370 -9.9049 28.6693 -0.5959 1.7154 -14.0952 -0.0018 0.2777 -0.7629 -4.8813 -1.8790 13.5001 0.9273 -3.1454 1.3702 4.3058 -1.4132 -5.7999 -17.6261 -17.7511 -5.2327 20.7987 -26.4229 13.6515 6.0544 -12.1860 10.5020 -0.0000 0.0000 0.0000 -81.3264 4.9915 61.0303 84.7649 -59.8962 -55.4679 -0.0000 0.0000 -28.8962 25.0449 36.9601 15.6924 -7.1250 0.0000 -0.0000 -13.1977 69.2756 -7.7215 -0.0000 0.0000 0.0000 80.3209 -6.4635 57.2890 -83.7205 59.8505 -54.5645 0.0000 -0.0000 -14.7594 -12.1447 6.4332 -1.3812 7.1250 -0.0000 -0.0000 10.7384 -23.4212 5.6821
4.4353 17.9605 8.1187 -0.8768 15.8410 -2.0821 0.0000 0.0000 0.0000 -20.3501 -2.7166 -11.3183 1.7465 8.3168 23.6805 0.1478 2.6321 -8.7276 0.0468 1.3954 3.8375 0.0000 0.0000 0.0000 14.5115 2.8805 -14.0725 -2.8743 -10.4888 30.5746 -0.6714 0.4204 -15.3457 -0.0020 0.2877 -0.7905 -5.1936 -1.8920 13.7394 0.9394 -3.2158 1.5231 4.5147 -1.4448 -5.7442 -17.6837 -17.8931 -4.8243 21.1092 -26.6902 13.3538 6.1355 -12.3343 10.4423 -0.0000 0.0000 0.0000 -80.9181 4.7930 60.6747 85.0552 -59.9074 -55.7190 -0.0000 0.0000 -26.0919 23.6124 37.2142 14.8093 -7.1250 0.0000 -0.0000 -15.3559 69.0661 -8.9320 -0.0000 0.0000 0.0000 80.2679 -6.0540 57.8202 -84.3428 59.8787 -55.1027 0.0000 -0.0000 -15.0515 -11.9998 6.1172 -1.2975 7.1250 -0.0000 -0.0000 10.8654 -23.7421 5.6699
4.4032 17.9720 8.0526 -0.9804 16.0945 -2.3186 0.0000 0.0000 0.0000 -20.2192 -2.9020 -11.0492 1.6739 8.1511 23.1738 0.1208 2.7331 -8.1635 0.0375 1.2496 3.4358 0.0000 0.0000 0.0000 14.7641 2.2519 -14.2338 -3.3923 -11.3046 33.3140 -0.7037 -0.2041 -15.9283 -0.0020 0.2912 -0.8002 -5.0774 -1.9647 14.1385 0.9478 -3.3138 1.5295 4.4971 -1.4873 -5.9533 -17.7429 -18.0741 -4.1225 21.3808 -27.0898 13.2500 6.2006 -12.5605 10.4210 0.0000 -0.0000 0.0000 -80.4396 4.9011 60.4296 85.3051 -59.9165 -55.9352 -0.0000 0.0000 -20.8931 22.7720 36.1740 13.9161 -7.1250 0.0000 -0.0000 -15.2442 67.8173 -8.4373 0.0000 -0.0000 0.0000 80.3343 -5.6052 58.3395 -84.7928 59.8973 -55.4920 0.0000 -0.0000 -15.5491 -12.5407 5.7514 -1.2770 7.1250 -0.0000 -0.0000 10.4929 -24.0971 5.3814
4.3601 17.9831 8.0142 -0.9157 15.7855 -2.2632 0.0000 0.0000 0.0000 -20.1297 -2.2421 -11.1903 1.5921 7.9590 22.5896 0.0891 2.5839 -7.2044 0.0145 0.7778 2.1375 0.0000 0.0000 0.0000 14.8941 1.8902 -14.5239 -4.0765 -12.2616 36.6637 -0.7071 -0.0578 -15.9145 -0.0032 0.3670 -1.0084 -5.2652 -1.8185 13.7179 1.0038 -3.1235 1.5478 4.6058 -1.3992 -5.7087 -17.6666 -18.1780 -4.0056 21.2801 -27.2836 13.4524 6.1226 -12.6506 10.4830 -0.0000 0.0000 0.0000 -80.0116 4.8118 60.2271 86.0242 -59.9402 -56.5575 -0.0000 0.0000 -15.3799 21.5930 35.4297 12.9222 -7.1250 0.0000 -0.0000 -15.9120 66.7560 -8.4303 -0.0000 0.0000 0.0000 80.3652 -5.1375 58.6814 -85.0526 59.9073 -55.7168 0.0000 -0.0000 -14.6922 -13.2530 5.2472 -1.2339 7.1250 -0.0000 -0.0000 10.0005 -24.5902 5.0052
4.3111 17.9975 7.9750 -1.0944 16.7164 -2.7167 0.0000 0.0000 0.0000 -19.8922 -2.3017 -10.6085 1.5010 7.7386 21.9229 0.0751 1.9692 -6.2949 0.0040 0.4082 1.1217 0.0000 0.0000 0.0000 15.1754 0.6375 -13.9340 -4.7865 -13.1392 39.8919 -0.6904 0.0618 -15.6832 -0.0002 -0.0829 0.2279 -4.9858 -2.0613 13.8192 1.1023 -3.4016 1.5392 4.6063 -1.5391 -5.7520 -17.8348 -18.2315 -3.4147 21.3103 -27.4550 13.5421 6.1683 -12.7747 10.4749 0.0000 0.0000 0.0000 -79.6533 4.5780 60.2573 86.3431 -59.9494 -56.8336 -0.0000 0.0000 -10.1113 19.6892 34.7326 11.5234 -7.1250 0.0000 -0.0000 -17.4807 65.5463 -8.7973 0.0000 0.0000 0.0000 80.4800 -5.0765 58.9701 -86.0625 59.9413 -56.5907 0.0000 -0.0000 -13.8525 -13.8448 4.5478 -1.1195 7.1250 -0.0000 -0.0000 9.6070 -25.2872 4.6449
4.2356 18.0152 7.9485 -0.8802 17.6687 -2.9415 0.0000 0.0000 0.0000 -19.9951 -2.0104 -10.2972 1.3876 7.4532 21.0651 0.0542 1.1387 -4.9719 0.0059 -0.4977 -1.3677 0.0000 0.0000 0.0000 15.0378 -0.0218 -12.8987 -5.5189 -13.9453 43.0189 -0.6339 0.2926 -14.9477 -0.0375 1.2498 -3.4365 -5.2037 -2.1586 13.5214 1.0968 -3.5464 1.6027 4.7278 -1.6168 -5.4904 -17.7897 -18.3798 -3.2559 21.1109 -27.6859 13.7261 6.0556 -12.8917 10.5167 -0.0000 0.0000 0.0000 -79.1977 3.6132 60.7670 85.7732 -59.9324 -56.3403 -0.0000 0.0000 -6.1366 17.9068 33.5596 10.1276 -7.1250 0.0000 -0.0000 -18.4140 63.9505 -8.6002 -0.0000 0.0000 0.0000 80.7239 -4.5600 59.0789 -86.3675 59.9501 -56.8546 0.0000 -0.0000 -12.6601 -14.5311 4.2926 -1.1114 7.1250 -0.0000 -0.0000 9.1106 -25.5348 4.3456
4.1330 18.0139 7.9158 -0.7556 18.9070 -3.3764 0.0000 0.0000 0.0000 -19.8971 -1.9484 -9.9522 1.3398 7.3288 20.6932 0.0403 0.0846 -3.8217 0.0788 -1.8103 -4.9817 0.0000 0.0000 0.0000 15.0388 -0.4159 -11.1220 -6.1882 -14.6083 45.7324 -0.5845 0.8745 -14.1685 -0.0859 1.8901 -5.2021 -5.3711 -2.2209 13.5050 1.1005 -3.6519 1.6023 4.8426 -1.6661 -5.4587 -17.9475 -18.4500 -2.7072 21.3723 -27.8890 13.6065 6.1649 -13.0206 10.4914 -0.0000 0.0000 0.0000 -78.4562 1.9551 62.2909 84.2164 -59.8732 -54.9934 -0.0000 0.0000 -3.7827 15.2995 35.5991 9.0479 -7.1250 0.0000 -0.0000 -23.4159 65.1106 -11.6800 -0.0000 0.0000 0.0000 81.0078 -4.6938 58.9562 -87.2977 59.9724 -57.6600 0.0000 -0.0000 -11.6363 -14.6308 4.2247 -1.1017 7.1250 -0.0000 -0.0000 9.0401 -25.6023 4.2968
3.9791 18.0056 7.8651 -1.0192 19.7235 -3.9198 0.0000 0.0000 0.0000 -19.1066 -1.8037 -10.5606 1.4599 7.6364 21.6152 0.0285 -1.4592 -3.0151 0.1679 -2.6394 -7.2763 0.0000 0.0000 0.0000 15.6570 -0.0070 -8.9572 -6.7024 -15.0761 47.7397 -0.5400 2.3833 -13.2675 -0.0230 0.9782 -2.6888 -5.5266 -2.0697 13.5578 1.2689 -3.4681 1.5680 5.0839 -1.5676 -5.5261 -17.8925 -18.6034 -2.1478 21.1320 -28.1001 13.4896 6.0817 -13.1742 10.3388 0.0000 -0.0000 0.0000 -78.0073 0.9286 63.5420 83.7158 -59.8502 -54.5604 -0.0000 0.0000 -3.1119 14.9787 35.8395 8.9033 -7.1250 0.0000 -0.0000 -24.0422 65.2358 -12.0784 0.0000 -0.0000 0.0000 81.3126 -4.5979 58.9310 -88.0729 59.9860 -58.3312 0.0000 -0.0000 -10.6772 -15.2627 3.9758 -1.0839 7.1250 -0.0000 -0.0000 8.5814 -25.8461 4.0245
3.8041 17.9814 7.7973 -1.2445 20.6204 -4.4474 0.0000 0.0000 0.0000 -18.3111 -1.9325 -11.3544 1.6161 8.0161 22.7629 0.0052 -2.7271 -2.2119 0.1540 -2.5286 -6.9690 0.0000 0.0000 0.0000 16.3464 0.7138 -6.4577 -7.0054 -15.3364 48.8946 -0.5667 2.5769 -13.5720 -0.1472 2.4728 -6.8142 -5.5804 -1.8771 13.6097 1.3934 -3.2130 1.6492 5.2047 -1.4429 -5.4896 -17.8452 -18.8060 -2.1645 21.0359 -28.3635 13.4703 5.9769 -13.2933 10.3652 0.0000 -0.0000 0.0000 -77.5370 -0.2632 64.8185 83.5164 -59.8406 -54.3881 -0.0000 0.0000 -0.8028 15.1943 35.2479 8.9079 -7.1250 0.0000 -0.0000 -23.1493 64.7658 -11.3562 0.0000 -0.0000 0.0000 81.5657 -4.3795 59.1513 -89.3472 59.9984 -59.4347 0.0000 -0.0000 -10.8072 -14.4747 3.5081 -0.9050 7.1250 -0.0000 -0.0000 9.2052 -26.3354 4.2173
3.6249 17.9525 7.7137 -1.2919 20.9535 -4.6947 0.0000 0.0000 0.0000 -17.6828 -2.2187 -12.3401 1.7850 8.4032 23.9455 -0.0108 -3.3359 -1.7446 0.2332 -3.1080 -8.5796 0.0000 0.0000 0.0000 16.8769 1.9573 -3.9617 -7.0423 -15.3674 49.0339 -0.4481 4.3367 -11.9078 -0.1024 2.0636 -5.6814 -5.6061 -1.5533 12.9787 1.4195 -2.7469 1.8155 5.1318 -1.2354 -5.0206 -17.9201 -18.9563 -1.8320 21.1212 -28.6087 13.3478 5.9858 -13.4314 10.3417 -0.0000 0.0000 0.0000 -77.2822 -1.5411 65.6071 83.2826 -59.8288 -54.1859 -0.0000 -0.0000 2.8473 16.0220 34.9614 9.3443 -7.1250 0.0000 -0.0000 -21.9202 64.7346 -10.7091 -0.0000 0.0000 0.0000 81.3167 -3.0582 60.0886 -89.2278 59.9977 -59.3313 0.0000 -0.0000 -9.8877 -15.6850 3.2933 -0.9242 7.1250 -0.0000 -0.0000 8.3049 -26.5402 3.7559
3.4192 17.9030 7.6015 -1.2928 21.3484 -5.2361 0.0000 0.0000 0.0000 -17.0873 -2.1168 -12.8766 1.8814 8.6146 24.5969 -0.0338 -4.2059 -1.2968 0.2342 -3.1147 -8.5983 0.0000 0.0000 0.0000 17.4287 2.8969 -1.2426 -6.7695 -15.1347 47.9972 -0.3620 6.8825 -11.0364 -0.1564 2.5484 -7.0239 -5.5041 -1.2919 12.9857 1.3511 -2.3928 1.7285 4.9474 -1.0556 -5.1691 -18.0072 -19.0741 -1.1741 20.8562 -28.8597 13.6378 5.9163 -13.6009 10.3431 -0.0000 0.0000 0.0000 -77.2730 -1.8635 65.6645 83.3030 -59.8298 -54.2035 -0.0000 -0.0000 4.8583 15.7233 35.3024 9.2406 -7.1250 0.0000 -0.0000 -22.6175 64.9613 -11.1846 -0.0000 0.0000 0.0000 81.0558 -2.0502 61.2236 -88.8381 59.9949 -58.9938 0.0000 -0.0000 -8.6175 -15.8575 3.3113 -0.9400 7.1250 -0.0000 -0.0000 8.1732 -26.5195 3.6992
3.1830 17.8376 7.4683 -0.7552 21.6540 -5.4152 0.0000 0.0000 0.0000 -17.0558 -1.9334 -13.5140 1.9026 8.6602 24.7381 -0.0514 -4.5102 -0.5383 0.2619 -3.2925 -9.0941 0.0000 0.0000 0.0000 17.4369 3.5179 1.3024 -6.1189 -14.5425 45.4569 -0.2100 8.7316 -9.5299 -0.1963 2.8531 -7.8702 -5.8435 -1.0348 12.7568 1.1304 -2.1029 1.6090 4.8524 -0.9044 -5.2012 -17.9758 -19.1947 -0.6095 20.3779 -29.0920 14.0970 5.7610 -13.7550 10.3581 0.0000 -0.0000 0.0000 -77.4778 -1.5817 64.5878 83.5830 -59.8438 -54.4456 -0.0000 -0.0000 7.5171 14.9047 35.9993 8.8916 -7.1250 0.0000 -0.0000 -24.3062 65.3572 -12.2861 0.0000 -0.0000 0.0000 80.7226 -0.8557 62.6678 -88.3449 59.9896 -58.5667 0.0000 -0.0000 -7.3548 -16.5571 3.5327 -1.0495 7.1250 -0.0000 -0.0000 7.6310 -26.2809 3.4925
2.9179 17.7902 7.3144 -0.1740 22.0958 -5.2028 0.0000 0.0000 0.0000 -16.9973 -2.0346 -14.4077 1.8852 8.6228 24.6223 -0.0677 -4.7947 0.3410 0.2219 -3.0325 -8.3692 0.0000 0.0000 0.0000 17.4780 3.7721 4.0102 -4.7799 -13.1316 39.8630 -0.0276 9.9195 -7.4098 -0.1786 2.7219 -7.5053 -6.2066 -0.9153 12.1569 0.9296 -1.9712 1.5081 4.8040 -0.8404 -4.9867 -17.9083 -19.4243 -0.6642 19.9857 -29.4591 14.7026 5.5293 -13.9088 10.5760 -0.0000 -0.0000 0.0000 -78.1655 -0.9388 62.8995 83.7451 -59.8516 -54.5858 -0.0000 -0.0000 8.4821 17.1957 34.7063 9.9931 -7.1250 0.0000 -0.0000 -20.3321 64.8245 -9.9439 -0.0000 -0.0000 0.0000 80.6662 0.7466 63.8251 -87.5555 59.9774 -57.8832 0.0000 -0.0000 -6.6752 -15.7808 3.5382 -0.9992 7.1250 -0.0000 -0.0000 8.2175 -26.2871 3.7648
2.6184 17.7619 7.1514 -1.4985 22.1352 -5.6838 0.0000 0.0000 0.0000 -14.8251 -1.8849 -15.6335 1.9055 8.6663 24.7570 -0.0895 -5.3602 1.0875 0.2619 -3.2927 -9.0947 0.0000 0.0000 0.0000 19.5885 3.0719 6.9089 -3.5097 -11.4776 33.9082 -0.3051 9.8628 -11.2267 -0.5690 4.8310 -13.4273 -4.7758 -0.7914 11.2894 1.1790 -1.5615 1.5720 4.1647 -0.6798 -4.5213 -17.8614 -19.6461 -0.2544 20.1925 -29.8296 14.4336 5.5443 -14.1036 10.5155 -0.0000 0.0000 0.0000 -78.7416 -0.0789 60.8616 84.9930 -59.9051 -55.6652 -0.0000 -0.0000 8.8761 17.1941 35.5330 10.1950 -7.1250 0.0000 -0.0000 -21.2031 65.5829 -10.7584 -0.0000 0.0000 0.0000 80.9062 1.8201 64.4762 -87.1689 59.9697 -57.5485 0.0000 -0.0000 -5.5328 -16.3028 3.4438 -1.0065 7.1250 -0.0000 -0.0000 7.8283 -26.3767 3.5667
2.3583 17.7444 6.8708 -0.8196 23.0887 -5.3736 0.0000 0.0000 0.0000 -15.2245 -3.5383 -15.4041 1.6060 7.9921 22.6900 -0.0382 -3.7683 2.9451 0.2047 -2.9130 -8.0367 0.0000 0.0000 0.0000 18.7235 0.4587 7.7687 -2.6522 -10.1095 29.3321 -0.4797 11.0750 -13.6107 -0.3025 3.5361 -9.7749 -4.1450 -0.8205 11.6262 0.7887 -1.5594 1.4276 3.4085 -0.6794 -4.8889 -18.0285 -20.0669 -0.1861 20.4379 -30.4702 14.2654 5.4835 -14.3945 10.6531 -0.0000 0.0000 0.0000 -79.6407 0.7274 59.0008 86.0593 -59.9412 -56.5879 -0.0000 -0.0000 8.2744 17.2512 34.9050 10.0758 -7.1250 0.0000 -0.0000 -20.4728 65.0230 -10.1094 -0.0000 0.0000 0.0000 80.8943 2.5098 64.8371 -87.7307 59.9805 -58.0348 0.0000 -0.0000 -5.7186 -15.7046 3.7835 -1.0629 7.1250 -0.0000 -0.0000 8.2603 -26.0361 3.8338
1.9743 17.7412 6.6398 -2.2163 22.9229 -5.8795 0.0000 0.0000 0.0000 -12.7411 -3.7644 -15.7785 1.3552 7.3692 20.8138 0.0185 -2.6395 4.7635 0.1121 -2.1592 -5.9459 0.0000 0.0000 0.0000 21.3015 -0.3483 8.9585 -1.8986 -8.6516 24.7115 -0.6523 9.7040 -14.9433 -0.1435 2.4410 -6.7261 -3.3372 -0.4098 11.4572 1.2703 -0.8786 1.5572 3.3487 -0.3601 -4.7230 -17.7812 -20.3584 -0.0494 20.7996 -30.8596 13.6336 5.4920 -14.5761 10.5136 0.0000 0.0000 0.0000 -80.5381 1.3254 57.4734 87.1691 -59.9697 -57.5486 -0.0000 -0.0000 7.4556 18.9606 33.9873 10.8714 -7.1250 0.0000 -0.0000 -17.6078 64.6398 -8.4941 0.0000 0.0000 0.0000 81.0385 3.0382 64.9237 -87.6997 59.9800 -58.0080 0.0000 -0.0000 -4.6864 -15.8080 3.9475 -1.1166 7.1250 -0.0000 -0.0000 8.1729 -25.8658 3.8253
1.6755 17.7373 6.3672 -3.1487 22.7846 -6.2410 0.0000 0.0000 0.0000 -10.9406 -5.3503 -15.4702 1.1592 6.8353 19.2283 0.0506 -0.0991 4.2861 0.0913 -1.9483 -5.3627 0.0000 0.0000 0.0000 22.8101 -0.7536 9.2850 -1.4447 -7.5983 21.5006 -0.6986 9.8973 -15.4353 -0.0000 0.0271 -0.0745 -1.8596 -0.2545 11.6211 1.4137 -0.4828 1.5497 2.6044 -0.1869 -4.8658 -17.9369 -20.4673 0.0520 21.4780 -31.0913 13.1838 5.6733 -14.6751 10.5495 0.0000 0.0000 0.0000 -81.3496 2.3440 56.1353 88.3961 -59.9903 -58.6110 -0.0000 -0.0000 5.5742 19.8092 31.0195 10.5157 -7.1250 0.0000 -0.0000 -14.1671 62.0131 -5.9269 0.0000 0.0000 0.0000 80.8684 3.0243 65.4140 -88.2390 59.9883 -58.4750 0.0000 -0.0000 -3.5884 -15.4614 4.3783 -1.2097 7.1250 -0.0000 -0.0000 8.4087 -25.4297 4.0244
1.3978 17.7096 6.0850 -3.0889 22.5859 -6.2129 0.0000 0.0000 0.0000 -10.1626 -7.0564 -14.8633 1.0577 6.5391 18.3569 -0.0020 0.8127 -0.4852 0.0798 -1.8223 -5.0147 0.0000 0.0000 0.0000 23.2920 -0.5671 8.9874 -1.2384 -7.0566 19.8831 -0.7890 10.3233 -16.3694 -0.0002 -0.0850 0.2335 -1.3534 -0.1748 11.9957 1.2359 -0.3260 1.4083 2.1123 -0.1152 -5.2356 -17.7296 -20.4389 0.0213 21.9283 -31.1437 13.0768 5.7807 -14.6667 10.5876 -0.0000 0.0000 0.0000 -81.7049 3.9067 54.9450 91.0849 -59.9956 -60.9395 -0.0000 -0.0000 3.6514 19.2965 30.5146 10.0807 -7.1250 0.0000 -0.0000 -14.3764 61.3922 -5.8050 -0.0000 0.0000 0.0000 80.4041 2.8775 66.4750 -89.2210 59.9977 -59.3254 0.0000 -0.0000 -1.9963 -16.3898 5.2204 -1.5330 7.1250 -0.0000 -0.0000 7.6737 -24.5411 3.8261
1.1354 17.7139 5.7992 -2.2948 22.5518 -5.8919 0.0000 0.0000 0.0000 -10.6184 -6.6174 -14.6567 0.9405 6.1770 17.2989 0.0365 0.7877 -3.9912 0.2106 -2.9545 -8.1522 0.0000 0.0000 0.0000 23.1263 0.3750 7.7585 -1.2858 -7.1855 20.2662 -0.8261 10.2977 -16.6965 -0.0048 -0.4453 1.2237 -1.8670 -0.2934 12.4644 1.0660 -0.5683 1.2894 2.2716 -0.2195 -5.6068 -17.6571 -20.4920 -0.3768 22.2062 -31.3080 13.2911 5.7736 -14.6756 10.8194 -0.0000 -0.0000 0.0000 -82.0676 5.1453 53.9733 93.1644 -59.9621 -62.7401 -0.0000 -0.0000 0.3942 18.5898 32.4496 10.2298 -7.1250 0.0000 -0.0000 -16.6651 63.0801 -7.4204 -0.0000 -0.0000 0.0000 79.4827 3.3483 67.9738 -89.5490 59.9992 -59.6094 0.0000 -0.0000 -0.1111 -15.5969 6.6768 -1.8589 7.1250 -0.0000 -0.0000 8.1989 -23.0671 4.3745
0.9149 17.7642 5.5196 -2.6764 22.7836 -6.0107 0.0000 0.0000 0.0000 -10.1453 -6.1644 -15.0941 1.0939 6.6466 18.6725 0.0734 2.0226 -6.2836 0.1911 -2.8156 -7.7657 0.0000 0.0000 0.0000 23.7853 0.9094 5.9689 -1.4055 -7.4990 21.2025 -0.7099 10.6288 -15.7174 -0.0337 -1.1841 3.2555 -1.1935 -0.7223 12.6020 1.2207 -1.0360 1.2508 2.1360 -0.4613 -5.7085 -17.5916 -20.5016 0.1489 22.6324 -31.3550 12.7135 5.9515 -14.7453 10.6063 0.0000 -0.0000 0.0000 -82.4350 5.8845 53.6529 92.5324 -59.9758 -62.1929 -0.0000 0.0000 -2.6646 16.8524 33.0852 9.3893 -7.1250 0.0000 -0.0000 -19.1672 63.2262 -8.6401 0.0000 -0.0000 0.0000 78.5679 3.5252 69.2428 -89.2344 59.9978 -59.3370 0.0000 0.0000 1.7346 -18.2291 7.4334 -2.4398 7.1250 -0.0000 -0.0000 6.2541 -22.1742 3.4512
0.6814 17.8064 5.2607 -2.6958 22.8859 -5.9903 0.0000 0.0000 0.0000 -10.1950 -4.2450 -16.4219 1.6055 7.9909 22.6863 0.1673 1.2080 -8.2663 0.2995 -3.5188 -9.7266 0.0000 0.0000 0.0000 24.4073 2.0983 4.5675 -1.5196 -7.7843 22.0607 -0.6393 9.5249 -14.7734 -0.0530 -1.4862 4.0877 -1.7391 -0.9922 12.3738 1.5614 -1.4462 1.4202 2.8639 -0.6535 -5.3619 -17.4291 -20.6647 0.1633 22.6457 -31.5300 12.4250 5.8947 -14.8332 10.5119 0.0000 0.0000 0.0000 -82.8447 6.1774 53.8869 90.4308 -59.9993 -60.3731 -0.0000 0.0000 -4.2115 14.9984 34.8664 8.7078 -7.1250 0.0000 -0.0000 -22.9612 64.3684 -11.0479 0.0000 0.0000 0.0000 77.5824 3.5318 69.7797 -88.4805 59.9913 -58.6841 0.0000 0.0000 2.7089 -18.2484 8.1687 -2.6823 7.1250 -0.0000 -0.0000 6.2305 -21.4052 3.5475
0.4433 17.8388 5.0014 -2.8577 22.2467 -6.0727 0.0000 0.0000 0.0000 -10.0129 -1.1991 -17.3541 2.2762 9.4191 27.1154 0.2102 -0.4983 -8.4965 0.3028 -3.5379 -9.7802 0.0000 0.0000 0.0000 25.6946 4.7595 3.3163 -1.7453 -8.3140 23.6720 -0.6982 7.2488 -14.9868 -0.0159 -0.8149 2.2397 -2.4198 -0.9766 12.3691 1.9439 -1.4958 1.4299 3.6615 -0.6611 -5.3180 -17.1040 -20.9303 -0.0773 21.8560 -31.8919 13.2052 5.4920 -14.9649 10.6877 0.0000 -0.0000 0.0000 -82.6812 6.7079 55.1341 89.9308 -60.0000 -59.9401 -0.0000 0.0000 -2.5727 13.4556 35.1480 7.8425 -7.1250 0.0000 -0.0000 -24.9562 64.2019 -11.9674 0.0000 -0.0000 0.0000 76.9354 2.7989 69.6461 -88.2698 59.9887 -58.5017 0.0000 0.0000 2.9601 -17.7716 8.5972 -2.7431 7.1250 -0.0000 -0.0000 6.5702 -20.9843 3.8063
0.2798 17.8796 4.7295 -0.7187 23.4869 -5.1899 0.0000 0.0000 0.0000 -12.6080 -0.4216 -17.3151 3.1472 10.9296 32.0427 0.2394 -1.7751 -8.7936 0.3394 -3.7436 -10.3565 0.0000 0.0000 0.0000 23.5501 4.6228 1.7512 -1.8524 -8.5517 24.4027 -0.6816 6.6394 -14.7584 -0.0165 -0.8300 2.2813 -4.5134 -1.4841 12.1709 1.5661 -2.4687 1.3906 4.5983 -1.1071 -5.0987 -17.0030 -21.0487 -0.0299 21.7976 -32.1540 13.5721 5.4007 -15.0646 10.8389 -0.0000 -0.0000 0.0000 -82.4865 6.5513 56.4000 89.8456 -59.9999 -59.8663 -0.0000 -0.0000 0.0066 10.5377 40.5696 6.8982 -7.1250 0.0000 -0.0000 -35.3337 67.8981 -20.4160 -0.0000 -0.0000 0.0000 76.3391 1.7033 69.2005 -88.7747 59.9943 -58.9389 0.0000 0.0000 1.3159 -17.6133 8.7578 -2.7674 7.1250 -0.0000 -0.0000 6.6824 -20.8259 3.8962
0.1939 17.9187 4.4804 -2.1465 22.5963 -5.7560 0.0000 0.0000 0.0000 -11.1861 0.8181 -17.2152 4.4563 12.7440 38.4175 0.2933 -2.3596 -9.6846 0.3998 -4.0597 -11.2447 0.0000 0.0000 0.0000 24.9547 5.3805 1.2062 -1.7358 -8.2925 23.6062 -0.5380 6.4510 -13.1519 -0.0169 -0.8405 2.3102 -2.5471 -1.8532 11.5997 1.9063 -2.6676 1.3825 3.8470 -1.2482 -4.8422 -16.7141 -21.0959 0.1233 21.5233 -32.3035 14.0470 5.2689 -15.1229 10.9072 0.0000 0.0000 0.0000 -82.2461 6.3793 57.7195 89.6322 -59.9995 -59.6815 -0.0000 -0.0000 0.5996 10.9791 38.5217 6.8894 -7.1250 0.0000 -0.0000 -31.7902 66.3896 -17.1269 0.0000 0.0000 0.0000 75.8519 0.4208 68.7646 -89.6924 59.9996 -59.7336 0.0000 -0.0000 -1.4230 -18.0931 8.4824 -2.7591 7.1250 -0.0000 -0.0000 6.3396 -21.0862 3.6563
0.0993 17.9382 4.2055 -1.7457 22.3669 -5.5937 0.0000 0.0000 0.0000 -11.6921 1.4326 -15.9821 5.6700 14.1008 43.6427 0.2564 -3.5321 -9.0019 0.3255 -3.6671 -10.1420 0.0000 0.0000 0.0000 24.3551 5.9277 -0.3253 -1.8559 -8.5592 24.4257 -0.4575 6.7398 -12.2282 -0.0431 -1.3401 3.6850 -2.6817 -2.2124 11.3169 1.9060 -3.1583 1.2765 3.9832 -1.4898 -4.7484 -16.9742 -21.3340 0.6334 21.7718 -32.8849 14.4315 5.2749 -15.3987 11.1854 -0.0000 0.0000 0.0000 -82.2503 5.9259 58.9039 89.1954 -59.9976 -59.3032 -0.0000 -0.0000 1.8607 12.3913 37.6399 7.6419 -7.1250 0.0000 -0.0000 -29.0801 66.0649 -15.3417 -0.0000 0.0000 0.0000 75.3254 -0.6804 67.9985 -90.6742 59.9983 -60.5838 0.0000 -0.0000 -3.8641 -17.6888 7.4654 -2.3728 7.1250 -0.0000 -0.0000 6.6473 -22.1661 3.6722
0.0110 17.9628 3.9254 -1.6100 22.1668 -5.5330 0.0000 0.0000 0.0000 -11.9793 1.9387 -14.1257 6.5646 14.9540 47.2076 0.1671 -5.3109 -7.6411 0.6649 -5.2150 -14.5227 0.0000 0.0000 0.0000 24.1440 6.7660 -1.5694 -1.9479 -8.7568 25.0373 -0.3953 6.2174 -11.3553 -0.0354 -1.2138 3.3372 -2.7086 -2.7323 11.0711 1.9297 -3.8489 1.1239 4.1118 -1.8303 -4.7093 -16.7747 -21.6211 1.1801 21.7667 -33.5754 15.1288 5.1378 -15.7051 11.4632 -0.0000 0.0000 0.0000 -82.4629 5.7856 59.6565 89.1710 -59.9974 -59.2821 -0.0000 -0.0000 4.0480 12.5602 37.6675 7.7530 -7.1250 0.0000 -0.0000 -28.9326 66.1370 -15.3054 -0.0000 0.0000 0.0000 74.9226 -1.4857 67.4330 -91.1099 59.9953 -60.9612 0.0000 -0.0000 -4.3010 -17.4656 6.9097 -2.1678 7.1250 -0.0000 -0.0000 6.8224 -22.7540 3.6781
-0.0727 17.9971 3.6317 -1.0973 22.1583 -5.3097 0.0000 0.0000 0.0000 -12.8023 2.0344 -11.3452 7.1455 15.4532 49.4226 0.0039 -7.2019 -5.1354 0.6084 -4.9925 -13.8873 0.0000 0.0000 0.0000 23.4060 7.5897 -2.5560 -1.9395 -8.7388 24.9816 -0.3007 5.7987 -9.9613 -0.1099 -2.1372 5.8850 -3.0338 -3.4029 10.9415 1.6985 -4.7927 0.9109 4.1810 -2.2885 -4.7714 -16.6868 -21.9628 2.2002 22.3403 -34.5619 15.7386 5.1701 -16.1601 11.8566 -0.0000 0.0000 0.0000 -82.6097 5.8078 59.9603 88.9009 -59.9954 -59.0482 -0.0000 -0.0000 5.4442 12.5229 37.1994 7.6484 -7.1250 0.0000 -0.0000 -28.3717 65.7285 -14.7237 -0.0000 0.0000 0.0000 74.8357 -2.0185 67.1569 -91.7070 59.9890 -61.4783 0.0000 -0.0000 -4.9903 -17.1430 7.2505 -2.2294 7.1250 -0.0000 -0.0000 7.0500 -22.4140 3.8577
-0.1526 18.0105 3.3293 -0.8324 22.0819 -5.1852 0.0000 0.0000 0.0000 -13.6250 2.2585 -7.9973 7.1910 15.4907 49.5932 -0.1195 -8.5814 -3.2848 0.6228 -5.0501 -14.0517 0.0000 0.0000 0.0000 22.9180 8.2533 -3.7501 -1.9734 -8.8104 25.2040 -0.2454 5.2846 -9.0044 -0.0537 -1.4948 4.1115 -3.6938 -4.0231 10.5558 1.9369 -5.6763 0.8807 4.8803 -2.7240 -4.4202 -17.1990 -22.4705 4.1551 23.7463 -35.7756 15.0584 5.5600 -16.8605 11.9815 -0.0000 0.0000 0.0000 -83.3870 5.4107 60.3769 87.8516 -59.9826 -58.1395 -0.0000 -0.0000 4.5185 15.8320 35.2024 9.2841 -7.1250 0.0000 -0.0000 -22.3884 64.9009 -11.0347 -0.0000 0.0000 0.0000 74.2677 -1.6558 66.9331 -92.1263 59.9829 -61.8413 0.0000 -0.0000 -4.6158 -17.5093 7.1534 -2.2497 7.1250 -0.0000 -0.0000 6.7848 -22.4988 3.6973
-0.2307 18.0103 2.9921 -0.4900 22.2387 -5.0859 0.0000 0.0000 0.0000 -14.9241 1.8239 -3.8979 6.6298 15.0120 47.4598 -0.2204 -9.6546 -1.7462 0.5784 -4.8700 -13.5380 0.0000 0.0000 0.0000 22.2281 8.6058 -5.2283 -2.0447 -8.9586 25.6661 -0.1993 5.0232 -8.1625 -0.0353 -1.2120 3.3324 -4.5515 -4.7579 10.5322 2.2469 -6.7420 0.7966 5.8082 -3.2418 -4.2447 -16.9881 -22.5426 5.2103 23.9795 -36.1806 15.4375 5.6513 -17.0952 12.0645 0.0000 0.0000 0.0000 -84.3713 4.8860 60.5273 87.0777 -59.9677 -57.4695 -0.0000 -0.0000 3.5750 16.8621 35.9809 10.0972 -7.1250 0.0000 -0.0000 -22.0785 65.8958 -11.3802 0.0000 0.0000 0.0000 73.4870 -0.6694 66.9570 -92.5302 59.9758 -62.1910 0.0000 -0.0000 -3.5004 -17.2602 7.3327 -2.2709 7.1250 -0.0000 -0.0000 6.9625 -22.3235 3.8237
-0.3138 18.0095 2.6589 -0.1666 22.1007 -4.4592 0.0000 0.0000 0.0000 -16.4040 1.3377 0.1343 5.5545 13.9823 43.1664 -0.3016 -9.8409 1.7293 0.4339 -4.2269 -11.7160 0.0000 0.0000 0.0000 21.5084 9.7310 -7.1250 -2.1317 -9.1352 26.2193 -0.1575 4.6286 -7.2899 -0.0366 -1.2346 3.3944 -5.4871 -5.2923 9.5939 2.5842 -7.5095 0.7329 6.6506 -3.6408 -3.5272 -16.7484 -23.0828 4.8789 22.6585 -37.2141 17.5451 4.8779 -17.4381 12.8170 0.0000 -0.0000 0.0000 -84.8748 4.3396 60.8131 87.1591 -59.9695 -57.5400 -0.0000 -0.0000 2.7935 18.4227 35.4164 10.9256 -7.1250 0.0000 -0.0000 -19.6628 65.8250 -10.0578 0.0000 -0.0000 0.0000 73.0553 0.1712 66.3026 -94.1587 59.9345 -63.6008 0.0000 -0.0000 -2.3577 -16.3856 7.3258 -2.1472 7.1250 -0.0000 -0.0000 7.6004 -22.3686 4.1719
-0.4002 17.9647 2.2690 -0.0130 22.0871 -4.4845 0.0000 0.0000 0.0000 -17.7227 1.2878 4.5638 4.1972 12.4182 37.2281 -0.2738 -9.2671 4.2874 0.5249 -4.6430 -12.8932 0.0000 0.0000 0.0000 20.8733 10.6667 -8.9110 -2.3014 -9.4675 27.2688 -0.1201 4.3265 -6.4308 -0.0256 -1.0331 2.8400 -5.7353 -5.8675 9.9837 2.5335 -8.3287 0.5194 6.8722 -4.0256 -3.8180 -15.9933 -23.3199 4.8924 21.4248 -37.7006 19.2163 4.3116 -17.5843 13.1256 0.0000 -0.0000 0.0000 -84.4833 4.0342 61.1588 87.9035 -59.9834 -58.1845 -0.0000 -0.0000 1.5443 19.3651 35.6198 11.5685 -7.1250 0.0000 -0.0000 -18.7781 66.2846 -9.7885 0.0000 -0.0000 0.0000 73.2862 0.6667 66.1177 -95.2728 59.8947 -64.5648 0.0000 -0.0000 -1.8225 -16.7845 7.4563 -2.2415 7.1250 -0.0000 -0.0000 7.3062 -22.2166 4.0333
-0.4992 17.8906 1.8424 0.3199 22.0637 -4.3316 0.0000 0.0000 0.0000 -19.0419 1.7732 8.6940 2.7455 10.2712 29.8594 -0.1373 -8.4533 -2.6031 0.9068 -6.0683 -16.9826 0.0000 0.0000 0.0000 19.9759 12.0661 -11.1401 -2.5557 -9.9384 28.7775 -0.0952 3.7146 -5.6917 -0.0609 -1.5918 4.3787 -6.6920 -6.2028 10.4725 2.7467 -8.9117 0.2731 7.7592 -4.2786 -4.0803 -15.7824 -23.4056 5.4218 20.9555 -37.9377 19.8903 4.1624 -17.7133 13.1977 -0.0000 -0.0000 0.0000 -84.2790 3.6056 61.6024 88.7448 -59.9940 -58.9129 -0.0000 -0.0000 0.5282 20.3821 34.4209 11.8609 -7.1250 0.0000 -0.0000 -16.3611 65.4469 -8.1822 -0.0000 -0.0000 0.0000 73.3035 1.1248 65.6254 -96.3895 59.8452 -65.5306 0.0000 -0.0000 -1.2186 -16.0718 8.0311 -2.3050 7.1250 -0.0000 -0.0000 7.8086 -21.6556 4.4161
-0.6215 17.8313 1.3745 0.7342 21.9755 -3.7239 0.0000 0.0000 0.0000 -20.0477 2.4456 10.6727 1.7093 8.2323 23.4218 0.1189 -6.6318 -7.1926 1.4786 -7.6833 -21.7561 0.0000 0.0000 0.0000 18.9096 13.5838 -13.7905 -2.7506 -10.2799 29.8880 -0.0680 2.7813 -4.7350 -0.0915 -1.9511 5.3707 -7.9491 -6.4591 11.0255 3.0324 -9.4418 0.0178 8.8997 -4.4953 -4.3162 -15.2997 -23.4906 5.0859 20.2628 -38.0482 20.6794 3.8406 -17.6978 13.3205 -0.0000 0.0000 0.0000 -83.8928 2.7471 61.8491 89.9510 -60.0000 -59.9576 -0.0000 -0.0000 0.0703 21.2676 34.2082 12.3433 -7.1250 0.0000 -0.0000 -15.1094 65.4940 -7.5591 -0.0000 0.0000 0.0000 73.2492 1.8494 65.4281 -97.6705 59.7765 -66.6378 0.0000 -0.0000 -0.8353 -16.8522 7.8834 -2.3791 7.1250 -0.0000 -0.0000 7.2468 -21.7717 4.0740
-0.7583 17.8064 0.9039 1.7731 21.6423 -2.3859 0.0000 0.0000 0.0000 -21.3881 3.5959 10.1987 1.1222 6.7291 18.9153 0.2628 -5.5263 -9.3290 1.1484 -6.8047 -19.1380 0.0000 0.0000 0.0000 16.9460 14.3648 -16.8005 -2.7675 -10.3088 29.9826 -0.0177 2.8660 -2.9066 -0.0862 -1.8935 5.2114 -9.4832 -6.4538 10.9413 2.8683 -9.6511 -0.3743 9.6051 -4.5448 -4.4292 -15.1455 -23.5775 5.6747 20.5287 -38.4125 20.9338 3.8938 -17.8734 13.4553 -0.0000 0.0000 0.0000 -83.0479 2.3057 62.2518 90.7530 -59.9979 -60.6521 -0.0000 0.0000 -0.3725 21.7230 33.5958 12.4322 -7.1250 0.0000 -0.0000 -14.0142 65.0306 -6.8509 -0.0000 0.0000 0.0000 74.1435 1.4104 64.7453 -98.6139 59.7178 -67.4527 0.0000 0.0000 0.4238 -16.6783 8.4435 -2.5189 7.1250 -0.0000 -0.0000 7.3609 -21.2011 4.2351
-0.9088 17.8202 0.4556 2.3898 21.9259 -1.4734 0.0000 0.0000 0.0000 -21.8804 4.5834 8.9275 0.8089 5.7398 16.0312 0.2813 -6.0468 -9.7192 0.8940 -6.0263 -16.8608 0.0000 0.0000 0.0000 15.4120 14.2761 -18.9853 -2.6047 -10.0258 29.0602 0.0186 3.1242 -0.9681 -0.3525 -3.8147 10.5558 -10.6530 -6.6202 10.8410 2.8104 -10.0216 -0.4610 10.1977 -4.7178 -4.2000 -15.1594 -23.5969 5.7741 20.7333 -38.6215 21.2086 3.9077 -17.9461 13.6715 0.0000 -0.0000 0.0000 -82.2398 1.8001 62.1067 90.7342 -59.9980 -60.6358 -0.0000 0.0000 -0.1889 20.7061 33.0830 11.6581 -7.1250 0.0000 -0.0000 -14.7706 64.2533 -6.9615 0.0000 -0.0000 0.0000 74.7299 2.2607 65.1464 -97.1461 59.8062 -66.1847 0.0000 0.0000 1.0469 -17.2487 7.8454 -2.4268 7.1250 -0.0000 -0.0000 6.9600 -21.7922 3.9070
-1.0402 17.8183 0.0381 2.0997 21.4936 -1.4172 0.0000 0.0000 0.0000 -21.6024 4.8895 7.3650 0.7560 5.5533 15.4936 0.3006 -6.6694 -10.1428 0.5556 -4.7748 -13.2673 0.0000 0.0000 0.0000 15.2695 13.6181 -19.9856 -2.4687 -9.7808 28.2699 0.0459 5.8419 -2.5993 -0.2477 -3.2024 8.8428 -10.5587 -6.4124 10.7107 2.8208 -9.7134 -0.3647 10.1090 -4.5776 -4.1119 -15.0315 -23.8073 5.7537 20.3359 -38.9083 21.5945 3.6888 -18.0622 13.7651 -0.0000 -0.0000 0.0000 -81.4836 1.5884 62.5175 90.4770 -59.9991 -60.4131 -0.0000 0.0000 -0.5450 20.8472 33.4078 11.8417 -7.1250 0.0000 -0.0000 -14.8857 64.6058 -7.1389 -0.0000 -0.0000 0.0000 75.3637 1.6726 65.1475 -97.2226 59.8020 -66.2508 0.0000 0.0000 1.3972 -16.6241 7.9434 -2.3627 7.1250 -0.0000 -0.0000 7.4108 -21.7204 4.1764
-1.1801 17.8582 -0.3676 1.8535 21.2978 -1.8273 0.0000 0.0000 0.0000 -21.6231 4.3401 6.0230 0.8077 5.7355 16.0190 0.3060 -6.0450 -10.0849 0.5965 -4.9445 -13.7503 0.0000 0.0000 0.0000 15.4215 12.5053 -20.7283 -2.8016 -10.3667 30.1724 -0.0172 6.6454 -5.0773 -0.0045 -0.4323 1.1877 -10.1795 -6.1140 11.1480 2.6935 -9.3087 -0.2090 9.7914 -4.3696 -4.3663 -15.2524 -23.8462 5.7799 20.5628 -39.0909 21.6997 3.7154 -18.1315 13.9680 -0.0000 0.0000 0.0000 -80.6827 1.6091 62.5185 90.3138 -59.9996 -60.2718 -0.0000 0.0000 -0.0489 19.1568 33.9841 10.9889 -7.1250 0.0000 -0.0000 -17.3781 64.6908 -8.4006 -0.0000 0.0000 0.0000 75.7142 0.9103 65.5326 -97.5146 59.7855 -66.5031 0.0000 0.0000 1.9907 -17.4831 7.9543 -2.4958 7.1250 -0.0000 -0.0000 6.7880 -21.6676 3.8284
-1.3559 17.9064 -0.7406 1.8303 21.4593 -2.7364 0.0000 0.0000 0.0000 -21.7573 3.6461 5.3097 0.8864 6.0014 16.7886 0.2879 -5.0188 -9.6433 0.6211 -5.0433 -14.0321 0.0000 0.0000 0.0000 15.7618 11.6317 -20.9016 -3.9293 -12.0657 35.9647 -0.1628 3.1797 -7.1864 -0.0048 0.4463 -1.2264 -10.3397 -5.8058 11.8787 2.5197 -8.9851 0.1091 9.7479 -4.2055 -4.5108 -14.7250 -23.9018 5.3438 19.9123 -38.9745 22.0376 3.4603 -18.0323 13.8556 -0.0000 0.0000 0.0000 -80.0154 2.1567 62.7584 90.3388 -59.9996 -60.2934 -0.0000 0.0000 -1.4497 20.7940 32.6159 11.5678 -7.1250 0.0000 -0.0000 -14.2777 63.8245 -6.5818 -0.0000 0.0000 0.0000 75.8521 0.9213 66.5427 -96.7701 59.8261 -65.8596 0.0000 0.0000 1.9215 -16.5578 7.9699 -2.3606 7.1250 -0.0000 -0.0000 7.4583 -21.6963 4.2077
-1.5615 17.9749 -1.0851 1.7170 22.3537 -3.8111 0.0000 0.0000 0.0000 -21.4333 2.9992 4.5983 0.9646 6.2532 17.5208 0.2001 -5.0614 -8.1848 0.5648 -4.8136 -13.3776 0.0000 0.0000 0.0000 16.1197 10.3385 -20.8953 -5.7463 -14.1779 43.9546 -0.1972 0.8194 -8.1368 -0.0759 -1.7769 4.8896 -10.5174 -5.6686 12.6428 2.4349 -8.9034 0.2463 9.8480 -4.1430 -4.7938 -14.8226 -23.7407 5.6937 19.5978 -38.7006 22.2895 3.4982 -17.9575 13.7754 -0.0000 0.0000 0.0000 -79.8604 3.4497 62.2961 90.4440 -59.9993 -60.3845 -0.0000 0.0000 -2.1208 20.3166 32.5506 11.2662 -7.1250 0.0000 -0.0000 -14.7772 63.6334 -6.7510 -0.0000 0.0000 0.0000 75.9693 0.3766 67.4643 -96.2020 59.8542 -65.3684 0.0000 0.0000 1.7482 -16.0667 7.9478 -2.2805 7.1250 -0.0000 -0.0000 7.8145 -21.7417 4.4041
-1.7345 18.0450 -1.3422 2.3341 23.1502 -4.0769 0.0000 0.0000 0.0000 -21.7323 2.8065 4.0647 0.9268 6.1331 17.1711 0.0794 -5.4666 -5.8956 0.4787 -4.4371 -12.3098 0.0000 0.0000 0.0000 15.4102 9.1461 -20.3840 -7.8711 -16.0236 52.0970 -0.1593 1.7110 -7.1357 -0.0422 -1.3253 3.6443 -10.8380 -5.5195 11.7303 2.1320 -8.6660 0.2939 9.5399 -4.0613 -4.2944 -15.1140 -23.6945 6.0579 19.5614 -38.6872 22.4287 3.5578 -17.9884 13.8248 -0.0000 0.0000 0.0000 -79.7346 5.0722 62.1914 90.6916 -59.9982 -60.5989 -0.0000 0.0000 -2.3243 20.7039 32.7735 11.5626 -7.1250 0.0000 -0.0000 -14.5125 63.9533 -6.7359 -0.0000 0.0000 0.0000 75.9140 -0.2625 68.1929 -96.0376 59.8618 -65.2263 0.0000 0.0000 1.7305 -15.0530 7.9481 -2.1297 7.1250 -0.0000 -0.0000 8.5483 -21.7861 4.8178
-1.9401 18.1269 -1.6172 2.2329 25.1029 -4.3504 0.0000 0.0000 0.0000 -21.1222 2.3928 2.9464 0.9025 6.0542 16.9419 -0.0634 -7.0310 -3.2259 0.4725 -4.4088 -12.2297 0.0000 0.0000 0.0000 15.2693 7.4341 -19.0359 -9.6930 -17.2335 58.4572 -0.1092 2.3127 -5.8692 -0.0300 -1.1176 3.0724 -10.7851 -5.5591 11.0156 2.3190 -8.6212 0.3684 9.6004 -4.0824 -3.8051 -15.6591 -23.8037 6.3506 20.1436 -38.8937 21.8675 3.7507 -18.1162 13.8616 -0.0000 -0.0000 0.0000 -79.9823 5.9010 62.3146 91.0371 -59.9959 -60.8982 -0.0000 0.0000 -2.4756 20.6546 32.8313 11.5509 -7.1250 0.0000 -0.0000 -14.6181 63.9958 -6.8004 -0.0000 -0.0000 0.0000 75.5035 -0.6686 68.3001 -96.2347 59.8526 -65.3967 0.0000 0.0000 1.5411 -14.3256 8.1069 -2.0625 7.1250 -0.0000 -0.0000 9.0682 -21.6551 5.1452
-2.1567 18.1941 -1.8794 1.9165 27.5740 -4.8369 0.0000 0.0000 0.0000 -20.3787 1.9912 2.1283 0.8400 5.8461 16.3387 -0.1991 -8.5379 -0.3743 0.2211 -3.0267 -8.3532 0.0000 0.0000 0.0000 15.3736 5.2299 -16.2098 -10.8114 -17.8415 62.1675 -0.0465 2.1069 -3.8818 -0.0001 0.0679 -0.1866 -9.8677 -5.7688 10.6573 2.0554 -8.7725 0.1530 8.7915 -4.1529 -3.9791 -15.6372 -23.8686 6.6592 19.9646 -38.9428 21.9041 3.7285 -18.1672 13.7765 -0.0000 -0.0000 0.0000 -79.3915 6.8970 62.4739 91.1975 -59.9946 -61.0370 -0.0000 0.0000 -2.8590 20.0884 33.1331 11.3043 -7.1250 0.0000 -0.0000 -15.5322 64.1339 -7.2855 -0.0000 -0.0000 0.0000 75.8948 -1.7057 68.5228 -96.5107 59.8392 -65.6354 0.0000 0.0000 1.9362 -13.9632 8.3600 -2.0704 7.1250 -0.0000 -0.0000 9.3195 -21.4131 5.3434
-2.3814 18.2301 -2.1081 4.3445 30.7658 -4.4393 0.0000 0.0000 0.0000 -22.4517 1.8392 3.2645 0.5506 4.7536 13.2070 -0.2788 -9.3145 3.2248 0.1049 -2.0885 -5.7502 0.0000 0.0000 0.0000 12.6375 2.2208 -11.9573 -11.1962 -18.0297 63.4170 0.0382 4.2950 -1.1341 -0.0117 0.6976 -1.9171 -11.8667 -5.7360 10.9535 1.4378 -9.0585 -0.1467 9.3141 -4.2230 -4.2085 -15.9056 -23.9256 6.8251 19.8121 -38.9900 21.9513 3.7068 -18.2071 13.7921 -0.0000 -0.0000 0.0000 -79.4826 8.1513 62.4367 92.2557 -59.9808 -61.9534 -0.0000 0.0000 -2.4310 19.0450 34.0071 10.9278 -7.1250 0.0000 -0.0000 -17.5290 64.6818 -8.4721 -0.0000 -0.0000 0.0000 75.6601 -2.6000 68.7823 -96.9494 59.8167 -66.0146 0.0000 0.0000 1.5068 -13.2142 8.1781 -1.9131 7.1250 -0.0000 -0.0000 9.8664 -21.6282 5.6172
-2.6487 18.2126 -2.3845 3.0844 31.9464 -5.7696 0.0000 0.0000 0.0000 -20.9549 1.5340 1.8979 0.6584 5.1900 14.4512 -0.3362 -10.2204 4.1288 0.0770 -1.7903 -4.9266 0.0000 0.0000 0.0000 14.1713 1.3316 -6.7372 -10.5836 -17.7252 61.4216 0.2138 8.1831 2.4414 -0.0206 0.9272 -2.5486 -10.6086 -5.2845 11.0446 1.6297 -8.2932 -0.0444 8.7787 -3.8549 -4.4737 -15.8715 -23.7840 6.7183 19.6483 -38.6423 21.9253 3.7430 -18.0464 13.6639 0.0000 0.0000 0.0000 -79.3980 8.5562 62.3134 93.1408 -59.9627 -62.7197 -0.0000 0.0000 -1.9514 19.4573 34.9407 11.4384 -7.1250 0.0000 -0.0000 -17.9614 65.6763 -9.0999 0.0000 0.0000 0.0000 75.8627 -2.5501 68.8090 -96.5583 59.8369 -65.6765 0.0000 0.0000 1.2502 -13.0291 8.5584 -1.9723 7.1250 -0.0000 -0.0000 9.9824 -21.2514 5.7718
-2.9421 18.1940 -2.6756 1.1196 32.8060 -6.1721 0.0000 0.0000 0.0000 -18.7304 0.3215 -1.8315 0.9487 6.2030 17.3744 -0.4107 -11.2736 4.3867 0.0264 -1.0496 -2.8853 0.0000 0.0000 0.0000 16.8157 1.4826 -2.6435 -9.2922 -16.9921 57.0953 0.2817 9.6053 5.8323 -0.0090 -0.6123 1.6826 -8.5153 -4.9145 9.8814 1.9963 -7.4217 -0.1931 7.8046 -3.4709 -4.3812 -16.2296 -23.6656 6.4903 19.7647 -38.5675 22.2789 3.7796 -17.9670 13.9598 -0.0000 -0.0000 0.0000 -79.2595 8.4839 61.6280 93.3697 -59.9571 -62.9178 -0.0000 0.0000 -1.5810 19.2526 34.8825 11.2958 -7.1250 0.0000 -0.0000 -18.1421 65.5636 -9.1471 -0.0000 -0.0000 0.0000 76.1406 -2.1497 69.5349 -96.3940 59.8449 -65.5345 0.0000 -0.0000 -0.6362 -15.3747 7.6383 -2.0932 7.1250 -0.0000 -0.0000 8.3258 -22.0897 4.6315
-3.2622 18.1160 -2.9845 0.4121 33.9145 -6.6756 0.0000 0.0000 0.0000 -17.7004 -0.6617 -4.4869 1.1879 6.9164 19.4680 -0.4939 -12.3408 4.7737 0.0388 -1.2714 -3.4958 0.0000 0.0000 0.0000 18.2480 1.0239 2.4149 -7.4706 -15.7157 50.6324 0.1934 9.1150 8.4197 -0.0010 -0.2032 0.5584 -7.4402 -4.3900 9.6808 1.9185 -6.5837 -0.1174 7.0213 -3.0759 -4.4744 -16.3240 -23.6953 6.2531 19.6166 -38.5720 22.5502 3.6985 -17.9330 14.1024 -0.0000 0.0000 0.0000 -79.1157 8.2919 60.8715 93.4950 -59.9538 -63.0262 -0.0000 0.0000 -1.5451 19.4957 34.5786 11.3610 -7.1250 0.0000 -0.0000 -17.5555 65.3466 -8.7551 -0.0000 0.0000 0.0000 76.8634 -1.8682 69.0397 -95.7737 59.8737 -64.9981 0.0000 0.0000 1.0489 -13.3990 8.5040 -2.0175 7.1250 -0.0000 -0.0000 9.7193 -21.2911 5.6064
-3.6262 18.0210 -3.3261 0.0416 34.6359 -6.4517 0.0000 0.0000 0.0000 -16.8415 -2.1922 -7.7680 1.4671 7.6546 21.6699 -0.5370 -12.8670 5.3900 0.0156 -0.8061 -2.2155 0.0000 0.0000 0.0000 19.4032 1.0701 7.0473 -5.3052 -13.7194 42.1250 0.2300 9.7854 8.8218 -0.0024 -0.3174 0.8721 -6.7067 -3.8623 9.0479 1.8934 -5.7495 0.1039 6.4290 -2.7032 -4.1000 -16.1001 -23.7496 5.5219 19.2992 -38.4470 22.6947 3.5155 -17.8028 14.1233 0.0000 0.0000 0.0000 -79.3316 7.1454 59.6586 92.9435 -59.9672 -62.5488 -0.0000 0.0000 -0.9958 18.5127 33.8711 10.5707 -7.1250 0.0000 -0.0000 -18.0134 64.4075 -8.5986 0.0000 0.0000 0.0000 77.3392 -0.1899 69.4377 -95.2553 59.8954 -64.5496 0.0000 0.0000 1.2530 -13.2920 8.3262 -1.9593 7.1250 -0.0000 -0.0000 9.8038 -21.4754 5.6150
-4.0414 17.9067 -3.7181 0.1528 35.4826 -5.7407 0.0000 0.0000 0.0000 -16.3334 -4.1136 -11.0199 1.6718 8.1461 23.1586 -0.5794 -13.3824 6.1089 0.0190 -0.8898 -2.4457 0.0000 0.0000 0.0000 19.9011 0.5789 10.4883 -3.5791 -11.5782 34.2556 0.4810 12.7001 0.8371 -0.0477 1.4088 -3.8744 -6.0421 -3.2772 9.3328 1.5358 -4.9386 -0.0834 5.6342 -2.2855 -4.6699 -15.2656 -23.7932 5.3060 19.0627 -38.2344 22.4546 3.4381 -17.6752 13.7529 -0.0000 -0.0000 0.0000 -79.1114 7.4418 58.2946 94.3342 -59.9289 -63.7526 -0.0000 0.0000 -0.5232 18.1207 34.2727 10.4416 -7.1250 0.0000 -0.0000 -18.8461 64.6770 -9.1273 -0.0000 -0.0000 0.0000 78.2595 0.9982 69.4939 -94.7067 59.9161 -64.0749 0.0000 0.0000 2.0686 -13.5050 8.2325 -1.9696 7.1250 -0.0000 -0.0000 9.6547 -21.5614 5.5080
-4.5040 17.8309 -4.1363 0.1372 36.6096 -4.9820 0.0000 0.0000 0.0000 -15.6319 -5.9595 -13.3934 1.5413 7.8370 22.2200 -0.5291 -13.1374 8.2095 0.0163 -0.8245 -2.2660 0.0000 0.0000 0.0000 20.7696 -0.8187 11.3117 -2.5903 -10.0003 28.9778 0.0625 11.7829 -7.3472 -0.2130 2.9713 -8.1987 -5.5116 -2.8799 9.9085 1.3392 -4.3908 -0.0508 5.1092 -2.0109 -5.0882 -15.1267 -23.8202 5.2672 19.7728 -38.2956 21.9814 3.6302 -17.6660 13.7412 0.0000 -0.0000 0.0000 -79.2189 7.0532 57.0423 95.3012 -59.8935 -64.5894 -0.0000 0.0000 -1.3312 19.9215 32.5577 11.0362 -7.1250 0.0000 -0.0000 -15.2380 63.5350 -6.9313 0.0000 -0.0000 0.0000 78.9376 2.8161 69.3838 -93.7932 59.9456 -63.2844 0.0000 0.0000 3.3824 -13.3075 9.1693 -2.1585 7.1250 -0.0000 -0.0000 9.7581 -20.6223 5.7791
-4.9824 17.8345 -4.5916 -0.5502 37.7739 -4.4603 0.0000 0.0000 0.0000 -14.3620 -7.4052 -15.0413 1.1678 6.8598 19.3006 -0.2872 -11.7047 11.6659 0.0008 -0.1805 -0.4958 0.0000 0.0000 0.0000 22.4940 -1.5762 10.4627 -1.9471 -8.7551 25.0321 -0.3640 8.5530 -11.4931 -0.1100 2.1388 -5.8894 -4.6548 -2.5160 10.5556 1.6003 -3.8135 0.1790 4.8631 -1.7387 -5.3167 -15.4045 -23.7911 4.5642 20.4724 -38.3424 21.8872 3.7414 -17.5786 14.1058 -0.0000 0.0000 0.0000 -80.4067 6.0660 55.2921 94.4515 -59.9250 -63.8541 -0.0000 0.0000 -0.8770 19.6232 31.9281 10.6782 -7.1250 0.0000 -0.0000 -15.0697 62.8483 -6.6104 -0.0000 0.0000 0.0000 79.2319 3.9515 69.7103 -93.4922 59.9539 -63.0238 0.0000 0.0000 3.5166 -14.9264 8.1192 -2.1561 7.1250 -0.0000 -0.0000 8.6339 -21.6168 4.9007
-5.4302 17.8087 -5.0796 -3.9532 37.9302 -6.0776 0.0000 0.0000 0.0000 -10.2847 -10.0371 -16.8122 1.1430 6.7890 19.0917 -0.1749 -9.1925 9.1869 0.2031 -2.9022 -8.0065 0.0000 0.0000 0.0000 26.3989 -0.5881 9.7760 -1.4770 -7.6793 21.7441 -0.4924 5.9082 -12.5528 -0.0510 1.4571 -4.0074 -0.8466 -2.1104 11.5201 2.0651 -2.7724 0.5117 3.0957 -1.3062 -5.7797 -15.3264 -23.4279 4.4465 21.0661 -37.8282 21.7189 4.0612 -17.3094 14.0982 0.0000 -0.0000 0.0000 -81.2153 5.6449 54.2660 93.6409 -59.9499 -63.1526 -0.0000 0.0000 -0.0991 19.7025 31.4444 10.5815 -7.1250 0.0000 -0.0000 -14.6048 62.3997 -6.2475 0.0000 -0.0000 0.0000 79.6096 4.6944 69.4750 -93.2648 59.9597 -62.8270 0.0000 0.0000 2.8866 -14.8634 7.8533 -2.0768 7.1250 -0.0000 -0.0000 8.6889 -21.8911 4.8778
-5.8689 17.7995 -5.4560 -4.7452 38.5332 -6.4670 0.0000 0.0000 0.0000 -9.3707 -8.6861 -18.6543 1.3079 7.2444 20.4414 -0.3877 -11.1170 6.1102 0.8516 -5.8856 -16.4528 0.0000 0.0000 0.0000 27.7117 0.4783 8.6807 -1.3202 -7.2772 20.5393 -0.5829 4.9741 -13.5915 -0.0293 1.1056 -3.0394 -0.1791 -1.7703 11.6791 2.3066 -2.2165 1.1192 2.8726 -1.0535 -5.2753 -15.3218 -23.1535 3.6434 20.6881 -37.3064 22.2610 3.9777 -16.9939 14.2578 -0.0000 -0.0000 0.0000 -82.1911 5.5977 53.8424 94.5884 -59.9203 -63.9726 -0.0000 -0.0000 0.2938 20.2834 32.5544 11.2478 -7.1250 0.0000 -0.0000 -14.8186 63.6281 -6.7685 -0.0000 -0.0000 0.0000 79.5599 5.0900 68.7418 -93.4160 59.9559 -62.9579 0.0000 0.0000 3.5515 -14.1182 8.4297 -2.1117 7.1250 -0.0000 -0.0000 9.2053 -21.3357 5.2926
-6.2682 17.8399 -5.8702 -3.6887 39.4602 -5.0763 0.0000 0.0000 0.0000 -10.6319 -6.9579 -21.1052 2.0357 8.9401 25.6081 -0.5608 -13.1344 4.4842 0.9521 -6.2139 -17.4064 0.0000 0.0000 0.0000 26.8396 1.0046 5.8377 -1.3350 -7.3162 20.6556 -0.6188 4.8542 -14.0077 -0.0017 0.2684 -0.7374 -1.2007 -1.4846 10.9150 2.5476 -1.9593 1.6164 3.6195 -0.9228 -4.2982 -15.2649 -22.5627 2.8570 20.1610 -36.0955 22.3218 4.0453 -16.4309 13.9877 0.0000 -0.0000 0.0000 -83.4414 4.9621 54.2286 94.7319 -59.9152 -64.0968 -0.0000 0.0000 -0.1688 21.5183 33.7198 12.3460 -7.1250 0.0000 -0.0000 -14.3671 65.0934 -7.0476 0.0000 -0.0000 0.0000 78.4677 5.6647 68.2090 -94.1737 59.9341 -63.6137 0.0000 0.0000 3.3678 -13.9381 8.3983 -2.0759 7.1250 -0.0000 -0.0000 9.3360 -21.3753 5.3613
-6.6460 17.8673 -6.2433 -3.0642 40.7151 -4.6512 0.0000 0.0000 0.0000 -11.5360 -5.7321 -22.8975 3.6511 11.6811 34.6128 -0.5847 -13.7306 1.8762 1.0878 -6.6286 -18.6196 0.0000 0.0000 0.0000 26.5873 1.0324 3.8828 -1.3112 -7.2531 20.4675 -0.6632 3.6039 -14.5834 -0.0493 -1.4326 3.9398 -1.1517 -1.3838 11.6375 2.1213 -1.8402 1.1825 3.1649 -0.8509 -5.1788 -15.1251 -22.1134 3.1740 18.9156 -35.3332 23.6805 3.8865 -16.1229 13.9935 0.0000 -0.0000 0.0000 -82.7788 6.0019 55.9041 94.8002 -59.9128 -64.1558 -0.0000 0.0000 -0.4644 21.0402 34.2375 12.2118 -7.1250 0.0000 -0.0000 -15.4077 65.4577 -7.6986 0.0000 -0.0000 0.0000 78.3968 4.1226 67.7507 -94.1703 59.9342 -63.6108 0.0000 0.0000 4.0360 -15.0806 8.5892 -2.3045 7.1250 -0.0000 -0.0000 8.5078 -21.1294 4.9225
-7.0029 17.8796 -6.6180 -3.0576 41.3184 -4.7785 0.0000 0.0000 0.0000 -11.5636 -4.4738 -23.5431 5.6562 14.0867 43.5860 -0.6592 -14.9095 0.6751 1.1419 -6.7860 -19.0828 0.0000 0.0000 0.0000 26.8799 2.1059 2.2874 -1.3345 -7.3149 20.6517 -0.6618 2.2192 -14.7718 -0.0581 -1.5555 4.2786 -0.9057 -1.2830 12.0696 1.9521 -1.6825 1.0927 2.8400 -0.7741 -5.5360 -15.1071 -21.5489 2.3983 17.9050 -34.4307 25.0981 3.6922 -15.6497 14.3080 -0.0000 0.0000 0.0000 -82.2924 6.3547 57.2971 94.2746 -59.9308 -63.7011 -0.0000 -0.0000 0.0081 20.4091 34.5101 11.9037 -7.1250 0.0000 -0.0000 -16.4149 65.5395 -8.2448 -0.0000 0.0000 0.0000 78.2528 2.6435 66.9351 -94.9175 59.9084 -64.2574 0.0000 0.0000 3.1227 -14.3800 8.9881 -2.2937 7.1250 -0.0000 -0.0000 8.9980 -20.7558 5.2899
-7.3427 17.9143 -6.9804 -2.7412 42.2099 -4.5344 0.0000 0.0000 0.0000 -11.7903 -3.6512 -22.6184 7.4750 15.7192 50.6487 -0.7497 -15.6849 1.3588 0.7774 -5.6294 -15.7129 0.0000 0.0000 0.0000 26.5605 2.4770 0.1823 -1.3902 -7.4597 21.0845 -0.5791 1.7091 -13.8896 -0.1129 -2.1667 5.9667 -1.2407 -1.4646 12.1348 1.9635 -1.9679 1.0416 3.0919 -0.9052 -5.5989 -14.8773 -20.9876 1.3230 16.6113 -33.2993 26.0800 3.3961 -15.1056 14.3324 0.0000 -0.0000 0.0000 -82.0203 7.0905 58.2042 94.7086 -59.9161 -64.0766 -0.0000 -0.0000 0.1609 19.7509 34.7433 11.5645 -7.1250 0.0000 -0.0000 -17.4191 65.5739 -8.7765 0.0000 -0.0000 0.0000 77.4765 1.1514 66.7594 -95.9920 59.8639 -65.1868 0.0000 0.0000 1.9881 -13.6460 9.3137 -2.2500 7.1250 -0.0000 -0.0000 9.5114 -20.4602 5.6641
-7.6436 17.9752 -7.3383 -2.0462 42.6258 -4.1271 0.0000 0.0000 0.0000 -12.3883 -2.1668 -19.9692 8.6637 16.5864 54.9198 -0.6902 -15.1185 1.1188 1.0928 -6.6431 -18.6623 0.0000 0.0000 0.0000 25.7761 3.2456 -1.4006 -1.4345 -7.5727 21.4234 -0.4801 1.6764 -12.6164 -0.1216 -2.2485 6.1928 -1.8270 -1.5278 11.9269 1.9483 -2.1307 1.1012 3.4240 -0.9767 -5.3894 -15.3253 -20.4830 1.3361 16.7540 -32.4137 25.4619 3.7168 -14.7911 13.9891 0.0000 -0.0000 0.0000 -82.0285 7.5429 59.2441 94.2533 -59.9315 -63.6826 -0.0000 -0.0000 0.8872 19.7551 35.4306 11.7609 -7.1250 0.0000 -0.0000 -18.1165 66.2210 -9.4072 0.0000 -0.0000 0.0000 76.9544 -0.2069 66.3093 -96.4022 59.8446 -65.5415 0.0000 0.0000 0.9410 -13.5452 9.4183 -2.2576 7.1250 -0.0000 -0.0000 9.5795 -20.3592 5.7279
-7.9120 18.0237 -7.7762 -0.9429 41.7897 -3.0610 0.0000 0.0000 0.0000 -13.7691 -0.3177 -16.7141 9.0023 16.8092 56.0982 -0.6776 -14.4937 3.5978 1.1357 -6.7679 -19.0297 0.0000 0.0000 0.0000 24.1693 4.0109 -4.1414 -1.5202 -7.7856 22.0646 -0.3457 2.7313 -10.5001 -0.1928 -2.8278 7.7996 -1.8472 -1.3501 11.9919 1.6253 -1.9201 0.9442 3.0679 -0.8712 -5.6165 -15.5828 -19.9488 0.5615 16.3775 -31.4138 25.4501 3.7718 -14.3570 13.8825 0.0000 0.0000 0.0000 -82.0930 7.9222 60.1864 93.6872 -59.9486 -63.1926 -0.0000 -0.0000 1.7265 19.3693 35.0014 11.4008 -7.1250 0.0000 -0.0000 -18.1263 65.7083 -9.1993 0.0000 0.0000 0.0000 76.6343 -1.5535 65.7968 -96.6410 59.8327 -65.7481 0.0000 0.0000 0.9910 -13.8564 9.9635 -2.4438 7.1250 -0.0000 -0.0000 9.3409 -19.7912 5.7020
-8.1964 18.0299 -8.1584 -0.0248 41.9571 -2.4372 0.0000 0.0000 0.0000 -14.8321 0.9595 -11.6886 8.4280 16.4252 54.0902 -0.7780 -15.4425 7.0818 1.3441 -7.3402 -20.7273 0.0000 0.0000 0.0000 23.0696 4.6530 -6.4548 -1.6724 -8.1475 23.1630 -0.2983 2.7026 -9.7368 -0.2330 -3.1067 8.5759 -2.5288 -1.5153 11.8154 1.5003 -2.2353 0.9947 3.3639 -1.0166 -5.4233 -16.1075 -19.4205 -0.3736 16.0806 -30.5035 25.8292 3.8404 -13.9435 14.0748 -0.0000 -0.0000 0.0000 -82.4951 8.1717 60.6678 93.3202 -59.9583 -62.8750 -0.0000 -0.0000 1.8470 18.2191 32.9077 10.1387 -7.1250 0.0000 -0.0000 -17.4756 63.4186 -7.9312 -0.0000 -0.0000 0.0000 76.4740 -2.6577 65.1205 -97.1473 59.8061 -66.1857 0.0000 0.0000 1.0219 -13.7741 10.1121 -2.4646 7.1250 -0.0000 -0.0000 9.3948 -19.6448 5.7670
-8.4619 18.0201 -8.5464 0.4419 42.4068 -1.9330 0.0000 0.0000 0.0000 -15.6862 1.8893 -6.1091 7.1353 15.4448 49.3843 -0.9645 -17.6471 11.4419 1.1735 -6.8758 -19.3480 0.0000 0.0000 0.0000 22.2301 5.4793 -8.7154 -1.8179 -8.4761 24.1697 -0.2473 1.9187 -8.9207 -0.1269 -2.2961 6.3246 -2.7246 -1.7520 11.2523 1.3492 -2.5727 1.0149 3.3422 -1.1894 -5.0613 -15.9109 -18.9181 0.2657 15.9997 -29.5153 24.5856 4.1083 -13.6289 13.1485 0.0000 -0.0000 0.0000 -82.3240 7.6963 61.9684 91.6465 -59.9898 -61.4258 -0.0000 -0.0000 2.3516 18.4673 32.4396 10.1562 -7.1250 0.0000 -0.0000 -16.7951 63.0386 -7.4636 0.0000 -0.0000 0.0000 76.7616 -3.7346 63.7376 -97.5834 59.7816 -66.5626 0.0000 0.0000 0.7993 -13.9018 10.2614 -2.5246 7.1250 -0.0000 -0.0000 9.3003 -19.4867 5.7407
-8.7239 17.9790 -8.9307 0.1720 43.3279 -1.8672 0.0000 0.0000 0.0000 -16.2331 1.7616 -0.0268 5.3986 13.8190 42.5174 -1.0398 -19.3272 15.6422 0.8200 -5.7779 -16.1414 0.0000 0.0000 0.0000 21.8597 5.9832 -11.2997 -1.9925 -8.8504 25.3286 -0.2238 1.4488 -8.5459 -0.2491 -3.2116 8.8683 -2.7963 -2.2406 10.6087 1.6183 -3.2037 0.9609 3.7242 -1.5063 -4.6920 -16.3180 -18.5405 0.2114 15.2081 -28.6981 24.6982 4.0598 -13.3657 12.9493 -0.0000 0.0000 0.0000 -82.7449 6.9801 62.8664 90.5538 -59.9988 -60.4796 -0.0000 -0.0000 2.9133 17.2227 32.9055 9.5590 -7.1250 0.0000 -0.0000 -18.5936 63.1546 -8.3410 -0.0000 0.0000 0.0000 76.6864 -4.6188 62.3509 -97.9346 59.7608 -66.8660 0.0000 0.0000 1.1680 -13.4662 9.8817 -2.3532 7.1250 -0.0000 -0.0000 9.6200 -19.8941 5.8547
-9.0063 17.9239 -9.2940 0.2710 44.0215 -1.3341 0.0000 0.0000 0.0000 -17.2610 1.1874 6.3710 3.4823 11.4377 33.7706 -0.5669 -18.1588 20.0331 0.1976 -2.8625 -7.8961 0.0000 0.0000 0.0000 21.2351 7.5276 -13.8859 -2.2267 -9.3231 26.8113 -0.1753 0.3998 -7.7754 -0.2344 -3.1163 8.6026 -3.2094 -2.7220 9.9619 1.5134 -3.8880 0.6649 3.9091 -1.8393 -4.5653 -16.2789 -17.9800 0.3129 14.6663 -27.7428 24.8074 4.0991 -12.9998 12.6743 0.0000 -0.0000 0.0000 -82.7498 6.1454 63.3805 89.1930 -59.9975 -59.3012 -0.0000 -0.0000 4.3910 15.8464 35.0802 9.2652 -7.1250 0.0000 -0.0000 -22.2422 64.7941 -10.9044 0.0000 -0.0000 0.0000 77.3401 -5.6485 61.0952 -97.9701 59.7586 -66.8967 0.0000 0.0000 1.0917 -13.2756 9.6592 -2.2670 7.1250 -0.0000 -0.0000 9.7627 -20.1285 5.8920
-9.3275 17.8360 -9.7094 0.1796 44.2593 -0.6470 0.0000 0.0000 0.0000 -18.5527 -0.1532 12.0145 1.9333 8.7257 24.9409 -0.1252 -16.4913 22.1563 0.3476 3.7884 10.4820 0.0000 0.0000 0.0000 20.6213 10.0219 -16.8947 -2.4893 -9.8184 28.3906 -0.1081 -1.3034 -6.8336 -0.1474 -2.4740 6.8175 -4.1926 -2.7904 9.6301 1.8674 -4.0669 0.3807 4.8449 -1.9018 -4.5686 -16.3700 -17.7611 0.2675 14.5571 -27.2649 24.1802 4.1733 -12.8308 12.3273 -0.0000 0.0000 0.0000 -83.4598 4.9748 64.0802 87.9001 -59.9833 -58.1815 -0.0000 -0.0000 5.7866 15.6701 34.6221 9.0558 -7.1250 0.0000 -0.0000 -21.9621 64.3296 -10.5243 -0.0000 0.0000 0.0000 77.5361 -6.3713 59.3377 -98.4097 59.7311 -67.2764 0.0000 0.0000 0.7612 -11.2031 10.1257 -1.9943 7.1250 -0.0000 -0.0000 11.2096 -19.7575 6.8923
-9.6561 17.7164 -10.1905 0.9710 44.4763 1.1144 0.0000 0.0000 0.0000 -20.6586 -0.9742 15.8524 0.8996 6.0447 16.9142 -1.1504 -18.8500 10.5960 0.0763 1.7814 4.9018 0.0000 0.0000 0.0000 18.8026 12.3787 -20.9760 -2.8316 -10.4174 30.3392 -0.0496 -2.4188 -5.8056 -0.1183 -2.2173 6.1065 -5.6454 -2.7590 9.2095 2.1446 -4.1549 0.2338 5.9439 -1.9195 -4.3554 -16.4877 -17.8062 -0.3321 14.9085 -27.1535 23.0090 4.2699 -12.7699 12.0309 -0.0000 0.0000 0.0000 -84.4431 3.2690 64.7346 87.4830 -59.9760 -57.8204 -0.0000 -0.0000 6.7045 15.4137 34.4147 8.8567 -7.1250 0.0000 -0.0000 -22.0361 64.0713 -10.4291 -0.0000 0.0000 0.0000 77.5494 -6.5267 57.4767 -99.6436 59.6457 -68.3417 0.0000 -0.0000 -1.0983 -11.5487 9.7734 -1.9866 7.1250 -0.0000 -0.0000 10.9819 -20.0940 6.6626
-9.9964 17.6480 -10.6903 2.0390 44.3080 2.5714 0.0000 0.0000 0.0000 -22.3479 0.2070 17.4518 0.3184 3.6269 10.0293 -0.9614 -17.1827 4.1356 0.0503 1.4479 3.9822 0.0000 0.0000 0.0000 16.8508 13.8506 -24.0882 -2.9120 -10.5512 30.7806 0.0092 -3.0394 -3.7832 -0.1603 -2.5796 7.1104 -7.2047 -2.6086 9.6809 2.1117 -4.1528 0.2816 6.8245 -1.8821 -4.4637 -16.3716 -17.6831 -0.5134 16.2940 -27.0305 21.2275 4.7436 -12.6599 11.5726 -0.0000 0.0000 0.0000 -84.9798 1.0958 65.2454 86.4855 -59.9533 -56.9568 -0.0000 -0.0000 7.2260 15.2791 34.1238 8.7127 -7.1250 0.0000 -0.0000 -21.8944 63.7700 -10.2052 -0.0000 0.0000 0.0000 77.9895 -6.2724 55.8519 -100.4537 59.5830 -69.0405 0.0000 -0.0000 -1.8881 -11.8551 10.0135 -2.0904 7.1250 -0.0000 -0.0000 10.7547 -19.8397 6.5822
-10.3361 17.6255 -11.1649 3.6602 44.0073 4.1270 0.0000 0.0000 0.0000 -24.0174 1.1683 18.9364 0.0262 1.0446 2.8715 -0.7463 -15.4059 2.3918 0.0574 1.5461 4.2528 0.0000 0.0000 0.0000 14.6790 14.7192 -26.0192 -2.7452 -10.2706 29.8576 0.0264 -2.9649 -1.8125 -0.4919 -4.4967 12.4783 -9.4741 -2.1971 9.9841 2.0151 -3.8698 0.6958 7.9864 -1.7308 -4.1010 -16.4820 -17.7625 -0.5278 18.1251 -27.2612 19.2944 5.3231 -12.7177 11.2295 -0.0000 -0.0000 0.0000 -85.4483 -1.2174 65.9486 85.0777 -59.9082 -55.7385 -0.0000 -0.0000 8.3209 15.4041 34.3965 8.8470 -7.1250 0.0000 -0.0000 -22.0284 64.0521 -10.4155 -0.0000 -0.0000 0.0000 78.7611 -5.4825 54.0768 -98.9183 59.6973 -67.7156 0.0000 -0.0000 -2.1142 -13.2711 10.1706 -2.3848 7.1250 -0.0000 -0.0000 9.7487 -19.6121 5.9977
-10.6337 17.6183 -11.6236 4.2667 43.5249 4.9083 0.0000 0.0000 0.0000 -24.6920 1.3330 18.0284 0.0000 -0.0000 -0.0000 -0.7689 -15.5785 2.6940 0.3399 3.7466 10.3647 0.0000 0.0000 0.0000 13.6284 14.4891 -27.3181 -2.4486 -9.7438 28.1512 -0.0238 -1.1753 -3.5951 -0.3344 -3.7164 10.2802 -9.7519 -1.9753 10.3479 1.4839 -3.6585 0.8312 7.5671 -1.6200 -4.2223 -16.4340 -17.8538 -0.6066 18.7979 -27.5158 19.0277 5.4806 -12.7921 11.3126 0.0000 -0.0000 0.0000 -84.6728 -2.0615 66.1609 84.1467 -59.8701 -54.9331 -0.0000 -0.0000 9.1768 15.0768 34.0999 8.5883 -7.1250 0.0000 -0.0000 -22.0940 63.6943 -10.2638 0.0000 -0.0000 0.0000 80.4864 -5.2123 53.4113 -97.0476 59.8115 -66.0996 0.0000 -0.0000 -1.7559 -13.7403 9.3429 -2.2732 7.1250 -0.0000 -0.0000 9.4432 -20.4262 5.6297
-10.8725 17.6419 -12.0642 3.7019 42.6062 4.6823 0.0000 0.0000 0.0000 -24.7824 1.4455 15.3961 0.0040 0.4095 1.1252 -0.7875 -16.1897 0.9532 0.4170 4.1451 11.4852 0.0000 0.0000 0.0000 13.9571 13.7370 -27.7492 -2.1043 -9.0800 26.0460 -0.1679 0.0934 -7.7063 -0.0934 -1.9715 5.4268 -8.3546 -2.0126 10.8073 0.8825 -3.6201 0.7524 6.1577 -1.6018 -4.6960 -16.6592 -17.7135 -0.7997 18.6453 -27.4027 19.7898 5.4683 -12.7257 11.6249 -0.0000 0.0000 0.0000 -83.4362 -1.4429 65.1962 84.0796 -59.8671 -54.8751 -0.0000 -0.0000 8.7187 15.3820 33.8179 8.7051 -7.1250 0.0000 -0.0000 -21.4818 63.5177 -9.8773 -0.0000 0.0000 0.0000 81.8520 -5.4145 54.3898 -96.0564 59.8609 -65.2426 0.0000 0.0000 0.4345 -14.0394 8.9972 -2.2394 7.1250 -0.0000 -0.0000 9.2414 -20.7627 5.4352
-11.0739 17.6817 -12.4639 3.2244 41.5163 4.5878 0.0000 0.0000 0.0000 -25.0502 2.2007 13.9528 0.0000 -0.0000 -0.0000 -0.6908 -15.4325 0.1528 0.4210 4.1644 11.5398 0.0000 0.0000 0.0000 14.9355 11.5482 -29.0935 -2.1049 -9.0812 26.0496 -0.2603 -1.2727 -10.1865 -0.0004 -0.1317 0.3618 -7.0878 -2.0538 10.8075 0.4120 -3.5484 0.7022 4.9374 -1.5872 -4.8671 -16.7584 -17.6122 -1.0079 17.9403 -27.0748 19.9413 5.2874 -12.6240 11.5380 -0.0000 -0.0000 0.0000 -82.4755 -0.2340 63.7738 84.9703 -59.9042 -55.6456 -0.0000 -0.0000 6.7324 14.8096 34.5073 8.5184 -7.1250 0.0000 -0.0000 -22.7982 63.9929 -10.7665 -0.0000 -0.0000 0.0000 82.5412 -5.3218 55.4404 -95.3130 59.8931 -64.5995 0.0000 0.0000 5.4102 -11.1366 9.6484 -1.8897 7.1250 -0.0000 -0.0000 11.2794 -20.2368 6.8132
-11.2595 17.7178 -12.8242 2.8801 40.2915 4.6974 0.0000 0.0000 0.0000 -25.3695 2.8211 11.9017 0.0000 -0.0000 -0.0000 -0.5840 -15.3884 -2.4441 0.1335 2.3553 6.4885 0.0000 0.0000 0.0000 15.7295 9.8490 -30.8165 -2.5646 -9.9544 28.8291 -0.3314 -2.6503 -12.1754 -0.0285 -1.0893 2.9944 -6.1873 -2.0316 10.5529 0.1851 -3.4098 0.6056 4.1636 -1.5373 -4.9110 -17.1804 -17.5552 -1.3402 17.2243 -26.7010 19.7144 5.1350 -12.5291 11.3728 -0.0000 -0.0000 0.0000 -81.7862 1.8210 62.3416 86.8033 -59.9614 -57.2319 -0.0000 -0.0000 4.7736 14.8218 33.6632 8.3447 -7.1250 0.0000 -0.0000 -21.9489 63.2287 -9.9541 -0.0000 -0.0000 0.0000 82.2839 -5.3085 57.8104 -95.8636 59.8697 -65.0758 0.0000 0.0000 5.5665 -11.4931 10.1544 -2.0530 7.1250 -0.0000 -0.0000 11.0039 -19.7155 6.7716
-11.4493 17.7393 -13.1628 2.6526 39.1341 4.6713 0.0000 0.0000 0.0000 -25.6295 3.4507 10.1495 0.0000 -0.0000 -0.0000 -0.4507 -14.7250 -4.0187 0.0375 1.2497 3.4360 0.0000 0.0000 0.0000 15.8906 9.3358 -31.8363 -3.3987 -11.3141 33.3467 -0.4022 -3.1011 -13.5220 -0.1208 -2.2410 6.1721 -5.6187 -2.0566 10.7095 -0.0307 -3.3982 0.5752 3.6260 -1.5396 -5.0777 -17.2732 -17.4693 -1.7236 16.9506 -26.2857 18.7177 5.1020 -12.3864 10.9515 -0.0000 -0.0000 0.0000 -81.1720 4.1973 60.8854 88.8131 -59.9947 -58.9722 -0.0000 -0.0000 3.0434 15.9017 33.3813 8.9085 -7.1250 0.0000 -0.0000 -20.4937 63.2525 -9.2759 -0.0000 -0.0000 0.0000 81.8637 -5.0157 60.1316 -96.3124 59.8489 -65.4639 0.0000 0.0000 5.5706 -13.2621 10.1299 -2.3738 7.1250 -0.0000 -0.0000 9.7563 -19.6536 5.9933
-11.6665 17.7372 -13.4644 3.1842 38.1236 5.1052 0.0000 0.0000 0.0000 -26.4730 2.4975 4.9125 0.1733 2.6815 7.3933 -0.3722 -16.0837 -6.9190 0.1826 2.7527 7.5909 0.0000 0.0000 0.0000 14.9240 9.8609 -31.7647 -4.3362 -12.5949 37.8702 -0.4683 -2.5109 -14.0869 -0.1148 -2.1840 6.0146 -6.1660 -2.0651 11.1046 -0.2812 -3.5194 0.5022 3.7096 -1.5763 -5.3480 -17.6461 -17.3254 -2.0793 17.4489 -25.9596 17.6435 5.3502 -12.2458 10.6951 0.0000 -0.0000 0.0000 -81.0086 6.8310 59.4470 90.3014 -59.9997 -60.2610 -0.0000 -0.0000 1.6832 18.1249 34.4363 10.4869 -7.1250 0.0000 -0.0000 -19.0016 64.8309 -9.2730 0.0000 -0.0000 0.0000 81.4252 -4.4210 61.9980 -96.1629 59.8560 -65.3347 0.0000 0.0000 6.5778 -13.8046 10.3664 -2.5316 7.1250 -0.0000 -0.0000 9.3661 -19.3854 5.8039
