HIERARCHY
ROOT Hips
{
	OFFSET 0.00000 0.00000 0.00000
	CHANNELS 6 Xposition Yposition Zposition Zrotation Yrotation Xrotation 
	JOINT LHipJoint
	{
		OFFSET 0 0 0
		CHANNELS 3 Zrotation Yrotation Xrotation
		JOINT LeftUpLeg
		{
			OFFSET 1.36337 -1.57426 1.11036
			CHANNELS 3 Zrotation Yrotation Xrotation
			JOINT LeftLeg
			{
				OFFSET 2.38468 -6.55187 0.00000
				CHANNELS 3 Zrotation Yrotation Xrotation
				JOINT LeftFoot
				{
					OFFSET 2.37166 -6.51609 0.00000
					CHANNELS 3 Zrotation Yrotation Xrotation
					JOINT LeftToeBase
					{
						OFFSET 0.29078 -0.79891 2.01393
						CHANNELS 3 Zrotation Yrotation Xrotation
						End Site
						{
							OFFSET 0.00000 -0.00000 1.07924
						}
					}
				}
			}
		}
	}
	JOINT RHipJoint
	{
		OFFSET 0 0 0
		CHANNELS 3 Zrotation Yrotation Xrotation
		JOINT RightUpLeg
		{
			OFFSET -1.36349 -1.57426 1.11036
			CHANNELS 3 Zrotation Yrotation Xrotation
			JOINT RightLeg
			{
				OFFSET -2.29562 -6.30717 0.00000
				CHANNELS 3 Zrotation Yrotation Xrotation
				JOINT RightFoot
				{
					OFFSET -2.40985 -6.62100 0.00000
					CHANNELS 3 Zrotation Yrotation Xrotation
					JOINT RightToeBase
					{
						OFFSET -0.23197 -0.63733 1.92232
						CHANNELS 3 Zrotation Yrotation Xrotation
						End Site
						{
							OFFSET -0.00000 -0.00000 1.01562
						}
					}
				}
			}
		}
	}
	JOINT LowerBack
	{
		OFFSET 0 0 0
		CHANNELS 3 Zrotation Yrotation Xrotation
		JOINT Spine
		{
			OFFSET -0.08565 2.03602 -0.24562
			CHANNELS 3 Zrotation Yrotation Xrotation
			JOINT Spine1
			{
				OFFSET -0.00036 2.05693 0.00216
				CHANNELS 3 Zrotation Yrotation Xrotation
				JOINT Neck
				{
					OFFSET 0 0 0
					CHANNELS 3 Zrotation Yrotation Xrotation
					JOINT Neck1
					{
						OFFSET -0.03664 1.69515 0.31789
						CHANNELS 3 Zrotation Yrotation Xrotation
						JOINT Head
						{
							OFFSET 0.00932 1.70181 -0.46013
							CHANNELS 3 Zrotation Yrotation Xrotation
							End Site
							{
								OFFSET 0.01243 1.77620 -0.19377
							}
						}
					}
				}
				JOINT LeftShoulder
				{
					OFFSET 0 0 0
					CHANNELS 3 Zrotation Yrotation Xrotation
					JOINT LeftArm
					{
						OFFSET 3.74344 0.81315 -0.36647
						CHANNELS 3 Zrotation Yrotation Xrotation
						JOINT LeftForeArm
						{
							OFFSET 4.97185 -0.00000 -0.00000
							CHANNELS 3 Zrotation Yrotation Xrotation
							JOINT LeftHand
							{
								OFFSET 3.35811 -0.00000 0.00000
								CHANNELS 3 Zrotation Yrotation Xrotation
								JOINT LeftFingerBase
								{
									OFFSET 0 0 0
									CHANNELS 3 Zrotation Yrotation Xrotation
									JOINT LeftHandIndex1
									{
										OFFSET 0.62278 -0.00000 0.00000
										CHANNELS 3 Zrotation Yrotation Xrotation
										End Site
										{
											OFFSET 0.50210 -0.00000 0.00000
										}
									}
								}
								JOINT LThumb
								{
									OFFSET 0 0 0
									CHANNELS 3 Zrotation Yrotation Xrotation
									End Site
									{
										OFFSET 0.50976 -0.00000 0.50976
									}
								}
							}
						}
					}
				}
				JOINT RightShoulder
				{
					OFFSET 0 0 0
					CHANNELS 3 Zrotation Yrotation Xrotation
					JOINT RightArm
					{
						OFFSET -3.75385 0.50666 -0.06525
						CHANNELS 3 Zrotation Yrotation Xrotation
						JOINT RightForeArm
						{
							OFFSET -4.96493 -0.00000 -0.00000
							CHANNELS 3 Zrotation Yrotation Xrotation
							JOINT RightHand
							{
								OFFSET -3.34929 -0.00000 0.00000
								CHANNELS 3 Zrotation Yrotation Xrotation
								JOINT RightFingerBase
								{
									OFFSET 0 0 0
									CHANNELS 3 Zrotation Yrotation Xrotation
									JOINT RightHandIndex1
									{
										OFFSET -0.63804 -0.00000 0.00000
										CHANNELS 3 Zrotation Yrotation Xrotation
										End Site
										{
											OFFSET -0.51441 -0.00000 0.00000
										}
									}
								}
								JOINT RThumb
								{
									OFFSET 0 0 0
									CHANNELS 3 Zrotation Yrotation Xrotation
									End Site
									{
										OFFSET -0.52226 -0.00000 0.52226
									}
								}
							}
						}
					}
				}
			}
		}
	}
}
MOTION
Frames: 274
Frame Time: .0333333
-2.6218 16.8487 -0.6071 0 0 0 0 0 0 -21 0 0 0 0 0 0 0 0 0 0 0 0 0 0 21 0 0 0 0 0 0 0 0 0 0 0 0 0 0 0 0 0 0 0 0 0 0 -16 0 0 21 0 0 11 0 0 0 -8 0 0 0 0 0 0 0 0 0 0 0 0 0 0 0 0 0 0 0 0 8 0 0 0 0 0 0 0 0 0 0 0 0 0 0 0 0 0
-2.6218 16.8487 -0.6071 140.3140 84.9273 144.9170 0.0000 0.0000 0.0000 -18.5283 -9.8797 -3.6617 1.3190 7.2739 20.5293 1.2947 12.4194 -29.1948 0.1353 2.3709 6.5317 0.0000 0.0000 0.0000 10.7513 3.8049 -2.6174 -0.6452 -5.1386 14.3043 -0.0954 -19.0877 -27.7486 -0.0952 -1.9901 5.4784 -6.8297 -0.6580 -5.0009 0.4219 -0.4653 0.5820 4.2394 -0.3647 3.4760 -2.2945 1.7099 -24.4413 -0.2618 3.6858 26.3190 0.9621 1.4332 12.8200 -0.0000 0.0000 0.0000 -92.8195 -3.9453 22.1478 11.2673 -18.6969 -1.8607 -0.0000 0.0000 -2.9918 24.1079 -7.9873 -3.5581 -7.1250 0.0000 -0.0000 -1.9822 21.2426 1.1300 -0.0000 0.0000 0.0000 86.3869 2.9516 18.4115 -12.2414 20.1657 -2.1848 0.0000 -0.0000 -5.3502 -16.4340 -30.6407 8.5491 7.1250 -0.0000 -0.0000 17.6124 -60.8139 -6.9112
-2.6128 16.8494 -0.6289 134.6200 85.2794 139.2870 0.0000 0.0000 0.0000 -18.8991 -9.7861 -3.2886 1.2567 7.1066 20.0315 1.2569 13.1014 -29.5299 0.1346 2.3649 6.5151 0.0000 0.0000 0.0000 10.3441 3.0379 -3.5148 -0.7048 -5.3658 14.9550 -0.1403 -18.0587 -26.7292 -0.0587 -1.5627 4.2987 -6.6754 -0.5053 -5.3040 0.3178 -0.2384 0.7520 4.0616 -0.2628 3.7945 -2.4069 1.6731 -24.7355 -0.1949 3.6583 26.3066 1.0051 1.4139 12.8700 0.0000 0.0000 0.0000 -92.7873 -4.4016 20.7044 10.9430 -18.2008 -1.7581 -0.0000 -0.0000 0.1099 22.3321 -8.3701 -3.4220 -7.1250 0.0000 -0.0000 -3.2771 20.9483 1.8919 0.0000 0.0000 0.0000 86.9142 2.8529 16.0040 -12.8357 21.0460 -2.3940 0.0000 -0.0000 -3.2262 -15.5863 -31.6018 8.3161 7.1250 -0.0000 -0.0000 19.2867 -61.5148 -7.9174
-2.6229 16.8545 -0.6459 131.1510 85.6368 135.9120 0.0000 0.0000 0.0000 -18.9525 -10.1147 -3.2730 1.2670 7.1346 20.1148 1.3613 13.2772 -30.3724 0.1977 2.8632 7.8981 0.0000 0.0000 0.0000 10.2608 3.1370 -3.7640 -0.6844 -5.2892 14.7354 -0.0735 -18.0218 -26.1378 -0.0525 -1.4783 4.0659 -6.4810 -0.4596 -5.2122 0.2992 -0.1969 0.7525 3.9361 -0.2360 3.7365 -2.2446 1.6681 -24.8654 -0.4198 3.6626 26.3603 0.8944 1.3975 12.9272 0.0000 0.0000 0.0000 -92.7917 -4.6317 19.5090 10.7733 -17.9400 -1.7054 -0.0000 -0.0000 1.8001 21.8477 -8.1196 -3.2411 -7.1250 0.0000 -0.0000 -3.6232 21.2486 2.0678 0.0000 0.0000 0.0000 87.1504 2.4578 15.2277 -13.2857 21.7043 -2.5580 0.0000 -0.0000 -2.5017 -15.0772 -31.6216 8.0396 7.1250 -0.0000 -0.0000 19.8540 -61.4079 -8.1101
-2.6165 16.8626 -0.6510 128.8830 85.6521 133.6940 0.0000 0.0000 0.0000 -19.1084 -10.1621 -3.1290 1.2388 7.0577 19.8865 1.3463 13.5081 -30.4751 0.2027 2.8990 7.9978 0.0000 0.0000 0.0000 10.1116 3.1706 -4.0132 -0.7071 -5.3743 14.9794 -0.0437 -18.0448 -25.9220 -0.0419 -1.3216 3.6342 -6.6063 -0.4633 -5.3494 0.2359 -0.1798 0.7556 3.9421 -0.2318 3.8160 -1.9525 1.7477 -24.7437 -0.6571 3.7410 26.4498 0.7682 1.4298 12.9509 0.0000 0.0000 0.0000 -92.6968 -4.7804 19.1196 10.5905 -17.6579 -1.6496 -0.0000 -0.0000 2.1316 21.6170 -8.5635 -3.3769 -7.1250 0.0000 -0.0000 -3.7969 20.7883 2.2069 0.0000 0.0000 0.0000 87.2601 2.2018 15.1116 -13.4228 21.9036 -2.6089 0.0000 -0.0000 -2.3794 -14.8651 -31.7520 7.9516 7.1250 -0.0000 -0.0000 20.1911 -61.4772 -8.2874
-2.6030 16.8593 -0.6564 126.5120 85.6847 131.3330 0.0000 0.0000 0.0000 -19.2539 -9.9726 -3.0223 1.2176 6.9994 19.7135 1.3428 13.4988 -30.4447 0.2087 2.9413 8.1153 0.0000 0.0000 0.0000 9.9567 2.9782 -4.2170 -0.7330 -5.4700 15.2542 -0.0916 -17.6701 -25.8136 -0.0398 -1.2870 3.5388 -6.7176 -0.4253 -5.4553 0.1963 -0.1152 0.6445 3.9692 -0.1963 3.7528 -2.0181 1.7329 -24.1664 -0.7248 3.7509 26.2600 0.7454 1.4295 12.7595 0.0000 -0.0000 0.0000 -92.7219 -4.5373 18.9911 10.6625 -17.7691 -1.6715 -0.0000 -0.0000 2.0831 21.5530 -8.8953 -3.4950 -7.1250 0.0000 -0.0000 -3.8485 20.4378 2.2674 0.0000 -0.0000 0.0000 87.2436 1.9322 14.9808 -13.3659 21.8210 -2.5877 0.0000 -0.0000 -2.3265 -14.7426 -31.8694 7.9097 7.1250 -0.0000 -0.0000 20.4217 -61.5562 -8.4248
-2.5858 16.8502 -0.6487 131.3790 85.4530 135.9830 0.0000 0.0000 0.0000 -19.1202 -9.8521 -2.9995 1.2487 7.0849 19.9672 1.3097 13.3814 -30.1261 0.1547 2.5348 6.9860 0.0000 0.0000 0.0000 10.2159 3.5846 -3.4393 -0.7210 -5.4261 15.1278 -0.0776 -18.4631 -26.7682 -0.0625 -1.6130 4.4373 -6.8887 -0.6362 -5.4490 0.2776 -0.3845 0.7636 4.1267 -0.3433 3.9083 -1.8854 1.8554 -24.4398 -0.9846 3.9771 26.4701 0.6700 1.5000 12.9083 0.0000 0.0000 0.0000 -92.8271 -4.6482 18.6537 10.6920 -17.8146 -1.6805 -0.0000 -0.0000 2.2499 22.1720 -11.2915 -4.5622 -7.1250 0.0000 -0.0000 -3.4732 17.8261 2.2474 0.0000 0.0000 0.0000 87.1694 2.0437 15.1303 -13.2594 21.6661 -2.5482 0.0000 -0.0000 -2.3202 -14.6712 -31.3280 7.7517 7.1250 -0.0000 -0.0000 20.0508 -61.0350 -8.0162
-2.5739 16.8520 -0.6472 129.9630 85.4692 134.7170 0.0000 0.0000 0.0000 -19.1959 -9.9838 -3.0414 1.2514 7.0923 19.9890 1.3293 13.4208 -30.2888 0.1664 2.6282 7.2452 0.0000 0.0000 0.0000 10.1134 3.4843 -3.5924 -0.7174 -5.4124 15.0888 -0.0724 -18.3613 -26.5884 -0.0603 -1.5841 4.3577 -6.9991 -0.6130 -5.7318 0.1957 -0.3202 0.7311 4.1086 -0.3155 4.0268 -2.0164 1.8622 -24.4753 -0.6488 3.9340 26.5254 0.8148 1.5139 12.9249 -0.0000 -0.0000 0.0000 -92.7043 -4.7169 18.9692 10.6821 -17.7994 -1.6775 -0.0000 -0.0000 2.0820 22.4388 -11.1471 -4.5647 -7.1250 0.0000 -0.0000 -3.2806 17.9570 2.1128 -0.0000 -0.0000 0.0000 87.3385 2.1847 14.8507 -13.2411 21.6394 -2.5415 0.0000 -0.0000 -2.0929 -14.7134 -31.4615 7.8040 7.1250 -0.0000 -0.0000 20.1144 -61.1696 -8.1073
-2.5712 16.8544 -0.6455 133.6170 85.6832 138.3390 0.0000 0.0000 0.0000 -18.7606 -9.9706 -3.0453 1.2541 7.0996 20.0107 1.3704 13.1682 -30.3379 0.2074 2.9322 8.0901 0.0000 0.0000 0.0000 10.5672 3.7569 -3.3850 -0.7093 -5.3827 15.0034 -0.0673 -18.6040 -26.8765 -0.0590 -1.5675 4.3119 -6.7028 -0.6078 -5.7220 0.3191 -0.3418 0.7274 4.0687 -0.3214 4.0178 -2.2641 1.8077 -24.5377 -0.4810 3.9113 26.6472 0.9196 1.5004 12.9775 0.0000 -0.0000 0.0000 -92.8172 -4.6434 19.4331 10.7497 -17.9036 -1.6982 -0.0000 -0.0000 1.7989 21.6910 -8.6961 -3.4416 -7.1250 0.0000 -0.0000 -3.7458 20.6415 2.1895 0.0000 -0.0000 0.0000 87.2101 2.2051 15.0917 -13.3737 21.8323 -2.5906 0.0000 -0.0000 -2.4531 -14.7081 -31.5321 7.8167 7.1250 -0.0000 -0.0000 20.1777 -61.2340 -8.1650
-2.5662 16.8535 -0.6442 133.4650 85.5796 138.1490 0.0000 0.0000 0.0000 -18.8598 -9.8380 -3.1052 1.2666 7.1336 20.1117 1.3222 13.2960 -30.1338 0.1501 2.4966 6.8803 0.0000 0.0000 0.0000 10.4791 3.4390 -3.3440 -0.6974 -5.3381 14.8756 -0.0545 -18.5296 -26.6727 -0.0533 -1.4892 4.0960 -6.8185 -0.6213 -5.7587 0.2822 -0.3454 0.7680 4.0949 -0.3284 4.0825 -2.0016 1.7902 -24.7285 -0.8696 3.9239 26.8246 0.7328 1.4734 13.1059 -0.0000 -0.0000 0.0000 -92.8018 -4.6379 19.9415 10.8090 -17.9949 -1.7165 -0.0000 -0.0000 1.2784 21.7842 -7.8691 -3.1319 -7.1250 0.0000 -0.0000 -3.6658 21.5209 2.0696 -0.0000 -0.0000 0.0000 87.2091 2.4395 15.1021 -13.3454 21.7911 -2.5801 0.0000 -0.0000 -2.6007 -14.5530 -31.1236 7.6426 7.1250 -0.0000 -0.0000 20.0127 -60.8157 -7.8956
-2.5660 16.8541 -0.6420 134.9680 85.7501 139.7150 0.0000 0.0000 0.0000 -18.6207 -9.9082 -3.2444 1.2875 7.1899 20.2791 1.3402 13.2876 -30.2442 0.1446 2.4510 6.7538 0.0000 0.0000 0.0000 10.7362 3.7093 -3.2281 -0.6761 -5.2578 14.6453 0.0091 -18.8426 -26.5892 -0.0579 -1.5524 4.2702 -6.6021 -0.6093 -5.7791 0.3028 -0.3470 0.6980 3.9943 -0.3207 4.0188 -1.8217 1.8445 -24.5812 -1.0286 3.9776 26.7887 0.6487 1.4961 13.0696 -0.0000 0.0000 0.0000 -92.8533 -4.6662 19.7608 10.7654 -17.9278 -1.7030 -0.0000 -0.0000 1.3889 21.6673 -8.7599 -3.4625 -7.1250 0.0000 -0.0000 -3.7640 20.5748 2.2058 -0.0000 0.0000 0.0000 87.2064 2.5133 15.3755 -13.3149 21.7468 -2.5688 0.0000 -0.0000 -2.9523 -14.2158 -31.2135 7.4793 7.1250 -0.0000 -0.0000 20.4451 -60.8183 -8.0758
-2.5632 16.8534 -0.6383 134.9860 85.6901 139.7360 0.0000 0.0000 0.0000 -18.6515 -9.9815 -3.2364 1.2891 7.1943 20.2922 1.3592 13.2843 -30.3649 0.1519 2.5112 6.9206 0.0000 0.0000 0.0000 10.7224 3.8025 -3.1613 -0.6738 -5.2488 14.6196 0.0092 -18.9407 -26.7251 -0.0569 -1.5397 4.2353 -6.6213 -0.6146 -5.6716 0.2591 -0.3612 0.6197 3.9585 -0.3208 3.8778 -1.8431 1.8466 -24.5409 -0.9823 3.9831 26.8965 0.6723 1.5030 13.1039 0.0000 0.0000 0.0000 -92.8324 -4.6194 19.6010 10.6326 -17.7229 -1.6623 -0.0000 -0.0000 1.7778 21.4847 -8.7258 -3.4172 -7.1250 0.0000 -0.0000 -3.8949 20.6234 2.2786 0.0000 0.0000 0.0000 87.2879 2.4521 15.3579 -13.2706 21.6824 -2.5524 0.0000 -0.0000 -2.9611 -13.5858 -31.1018 7.1156 7.1250 -0.0000 -0.0000 21.0248 -60.5638 -8.1887
-2.5582 16.8576 -0.6331 136.5690 85.8545 141.3750 0.0000 0.0000 0.0000 -18.4034 -9.9307 -3.3466 1.2963 7.2136 20.3497 1.3435 13.2415 -30.2258 0.1473 2.4731 6.8150 0.0000 0.0000 0.0000 10.9674 3.9236 -3.1001 -0.6607 -5.1986 14.4759 0.0262 -19.0179 -26.6959 -0.0448 -1.3653 3.7546 -6.4023 -0.5531 -5.7575 0.2923 -0.2914 0.5791 3.8761 -0.2809 3.8738 -1.8741 1.8279 -24.5358 -0.9760 3.9766 27.0079 0.6803 1.4975 13.1481 0.0000 0.0000 0.0000 -92.7217 -4.4482 20.4258 10.5839 -17.6476 -1.6476 -0.0000 -0.0000 1.6449 21.8861 -11.0593 -4.4065 -7.1250 0.0000 -0.0000 -3.6661 18.0994 2.3506 0.0000 0.0000 0.0000 87.5411 2.3955 15.0396 -13.2263 21.6179 -2.5361 0.0000 -0.0000 -2.5995 -12.9567 -31.0299 6.7636 7.1250 -0.0000 -0.0000 21.6312 -60.3483 -8.3262
-2.5485 16.8587 -0.6267 135.9910 85.7530 140.9740 0.0000 0.0000 0.0000 -18.4485 -9.7591 -3.5042 1.2823 7.1760 20.2378 1.3143 13.1939 -29.9930 0.1198 2.2318 6.1466 0.0000 0.0000 0.0000 10.8906 4.1051 -3.2178 -0.6725 -5.2438 14.6054 0.0001 -19.0731 -26.9824 -0.0603 -1.5847 4.3593 -6.6046 -0.5933 -6.0421 0.3362 -0.3124 0.5162 4.0339 -0.2975 3.9733 -1.9669 1.8913 -24.3181 -0.9743 4.1158 27.1317 0.7211 1.5529 13.1525 -0.0000 -0.0000 0.0000 -92.6951 -4.4430 21.7468 10.3769 -17.3269 -1.5854 -0.0000 -0.0000 1.5052 21.6791 -10.1957 -4.0251 -7.1250 0.0000 -0.0000 -3.7869 19.0394 2.3495 -0.0000 -0.0000 0.0000 87.7616 2.1007 15.1598 -13.3754 21.8347 -2.5912 0.0000 -0.0000 -2.6878 -13.0533 -31.5886 6.9244 7.1250 -0.0000 -0.0000 21.9906 -60.8850 -8.7548
-2.5526 16.8572 -0.6166 135.4490 85.5287 140.3640 0.0000 0.0000 0.0000 -18.6023 -9.7879 -3.4011 1.2616 7.1201 20.0716 1.2623 13.3780 -29.8101 0.1184 2.2188 6.1106 0.0000 0.0000 0.0000 10.7674 4.3643 -3.1130 -0.6912 -5.3149 14.8088 -0.0436 -19.1720 -27.4629 -0.0777 -1.7983 4.9486 -6.8774 -0.6149 -5.8020 0.2869 -0.3362 0.5536 4.1342 -0.3123 3.8820 -1.7368 2.0404 -24.5519 -1.1311 4.3157 27.4048 0.6651 1.6361 13.3221 -0.0000 0.0000 0.0000 -92.2697 -4.1494 25.0258 10.5319 -17.5672 -1.6318 -0.0000 0.0000 -0.6019 21.3482 -10.2650 -3.9843 -7.1250 0.0000 -0.0000 -4.0235 18.9913 2.5013 -0.0000 0.0000 0.0000 88.0935 2.2653 15.2706 -13.2106 21.5950 -2.5303 0.0000 -0.0000 -2.5478 -12.7241 -31.3837 6.7066 7.1250 -0.0000 -0.0000 22.1669 -60.6181 -8.6877
-2.5401 16.8567 -0.6196 134.3930 85.4514 139.3350 0.0000 0.0000 0.0000 -18.7650 -9.8077 -3.3136 1.2565 7.1061 20.0299 1.2887 13.3429 -29.9543 0.1181 2.2158 6.1025 0.0000 0.0000 0.0000 10.5591 3.6849 -3.3654 -0.6939 -5.3251 14.8382 -0.0760 -18.6830 -27.0523 -0.0545 -1.5060 4.1423 -6.8602 -0.5430 -5.8780 0.2109 -0.2323 0.5431 4.0545 -0.2595 3.9006 -1.4657 2.0469 -24.5719 -1.4012 4.3182 27.5377 0.5169 1.6265 13.3969 -0.0000 0.0000 0.0000 -92.3322 -3.8422 26.4558 10.5196 -17.5482 -1.6281 -0.0000 0.0000 -1.1484 21.9216 -11.1535 -4.4513 -7.1250 0.0000 -0.0000 -3.6443 17.9957 2.3449 -0.0000 0.0000 0.0000 88.3569 2.0769 15.6408 -13.2783 21.6936 -2.5552 0.0000 -0.0000 -3.0483 -12.7006 -31.2501 6.6685 7.1250 -0.0000 -0.0000 22.0810 -60.4900 -8.5843
-2.5377 16.8589 -0.6174 132.3300 85.5338 137.3930 0.0000 0.0000 0.0000 -18.8263 -9.7805 -3.3550 1.2401 7.0615 19.8976 1.2805 13.3946 -29.9452 0.1197 2.2303 6.1426 0.0000 0.0000 0.0000 10.4723 3.7579 -3.5795 -0.7014 -5.3531 14.9184 -0.0757 -18.5817 -26.9132 -0.0651 -1.6465 4.5298 -6.8956 -0.4751 -6.0596 0.1844 -0.1237 0.5311 4.0570 -0.2081 3.9776 -1.5512 2.0445 -24.4702 -1.2554 4.3079 27.6202 0.5864 1.6355 13.4037 0.0000 0.0000 0.0000 -92.4665 -3.6371 27.2112 10.4612 -17.4577 -1.6105 -0.0000 0.0000 -0.4770 22.2210 -11.6805 -4.7280 -7.1250 0.0000 -0.0000 -3.4535 17.4051 2.2665 0.0000 0.0000 0.0000 88.8220 2.3012 14.5867 -13.1492 21.5054 -2.5077 0.0000 -0.0000 -2.4704 -12.2958 -30.7457 6.3581 7.1250 -0.0000 -0.0000 22.0956 -59.9320 -8.2945
-2.5358 16.8573 -0.6157 131.7890 85.4909 136.8360 0.0000 0.0000 0.0000 -18.9066 -9.7703 -3.2912 1.2271 7.0255 19.7908 1.2555 13.5223 -29.8930 0.1125 2.1626 5.9552 0.0000 0.0000 0.0000 10.4152 3.8390 -3.5530 -0.7077 -5.3768 14.9866 -0.0858 -18.6039 -27.0236 -0.0607 -1.5893 4.3720 -6.8759 -0.4417 -6.0190 0.1430 -0.0818 0.5350 4.0065 -0.1856 3.9534 -1.7118 2.0103 -24.4609 -1.1148 4.3036 27.9084 0.6719 1.6354 13.5144 0.0000 0.0000 0.0000 -92.5707 -3.5957 28.1330 10.3886 -17.3451 -1.5888 -0.0000 0.0000 -0.8496 21.7689 -10.9177 -4.3253 -7.1250 0.0000 -0.0000 -3.7441 18.2608 2.3875 0.0000 0.0000 0.0000 89.3065 2.2077 13.5058 -13.3009 21.7265 -2.5636 0.0000 -0.0000 -2.8064 -12.0101 -30.8723 6.2299 7.1250 -0.0000 -0.0000 22.4959 -59.9816 -8.4809
-2.5225 16.8558 -0.6169 132.4540 85.3526 137.4120 0.0000 0.0000 0.0000 -18.9832 -9.5936 -3.1710 1.2204 7.0071 19.7363 1.2545 13.3710 -29.7518 0.1219 2.2511 6.2002 0.0000 0.0000 0.0000 10.3037 3.2066 -3.6381 -0.7176 -5.4135 15.0919 -0.1407 -18.1369 -26.8356 -0.0463 -1.3884 3.8181 -6.8454 -0.3763 -6.1470 0.1247 0.0168 0.6145 3.9798 -0.1428 4.0969 -1.4698 2.0558 -24.4752 -1.6167 4.4764 28.2218 0.4706 1.6638 13.6731 0.0000 0.0000 0.0000 -92.7076 -3.4383 28.8342 10.5652 -17.6187 -1.6419 -0.0000 0.0000 -1.2476 21.8293 -10.7965 -4.2911 -7.1250 0.0000 -0.0000 -3.6978 18.3852 2.3477 0.0000 0.0000 0.0000 89.4556 2.4338 12.6944 -13.2166 21.6038 -2.5325 0.0000 -0.0000 -2.4959 -11.8701 -30.1879 6.0332 7.1250 -0.0000 -0.0000 22.0994 -59.3218 -7.9711
-2.5123 16.8510 -0.6112 132.9410 85.0556 137.8770 0.0000 0.0000 0.0000 -19.1452 -9.6551 -3.0697 1.2086 6.9745 19.6398 1.2615 13.2115 -29.6577 0.1162 2.1982 6.0536 0.0000 0.0000 0.0000 10.1424 3.2896 -3.6396 -0.7454 -5.5149 15.3833 -0.1658 -18.2774 -27.2184 -0.0581 -1.5560 4.2800 -7.0950 -0.4270 -6.2569 0.0669 -0.0167 0.6845 4.0570 -0.1707 4.2377 -1.3175 2.2170 -24.2632 -1.6643 4.6494 28.0594 0.4537 1.7547 13.5659 0.0000 0.0000 0.0000 -92.6457 -3.5834 28.8588 10.5932 -17.6620 -1.6504 -0.0000 0.0000 -1.3530 21.7736 -11.1707 -4.4250 -7.1250 0.0000 -0.0000 -3.7489 17.9902 2.4129 0.0000 0.0000 0.0000 89.3573 2.3185 13.4412 -13.5350 22.0661 -2.6509 0.0000 -0.0000 -2.8890 -11.6371 -31.1304 6.0774 7.1250 -0.0000 -0.0000 23.0961 -60.1301 -8.8042
-2.5065 16.8424 -0.6066 134.1190 84.9030 138.9930 0.0000 0.0000 0.0000 -19.1787 -9.7158 -3.0180 1.2142 6.9898 19.6851 1.2448 13.3728 -29.6887 0.1055 2.0944 5.7665 0.0000 0.0000 0.0000 10.1422 3.3025 -3.4504 -0.7480 -5.5242 15.4101 -0.2402 -18.1088 -27.5759 -0.0772 -1.7927 4.9332 -7.1206 -0.3924 -6.2994 0.0578 0.0367 0.7194 4.0674 -0.1476 4.2919 -1.0788 2.2482 -23.9377 -2.0641 4.7818 28.4584 0.2819 1.7877 13.6892 0.0000 0.0000 0.0000 -92.5784 -3.6471 28.7806 10.6068 -17.6831 -1.6545 -0.0000 0.0000 -1.4422 21.9587 -10.9009 -4.3602 -7.1250 0.0000 -0.0000 -3.6098 18.2626 2.3014 0.0000 0.0000 0.0000 89.1353 2.3677 13.4748 -13.4123 21.8884 -2.6050 0.0000 -0.0000 -2.9878 -12.2141 -31.4664 6.4468 7.1250 -0.0000 -0.0000 22.7727 -60.5724 -8.9146
-2.5074 16.8448 -0.6002 137.0260 84.8829 141.7140 0.0000 0.0000 0.0000 -18.9637 -9.8984 -2.7611 1.2108 6.9804 19.6572 1.2570 13.0776 -29.5101 0.1308 2.3310 6.4213 0.0000 0.0000 0.0000 10.4051 3.4234 -3.1635 -0.7443 -5.5109 15.3716 -0.1768 -18.6125 -27.7415 -0.0808 -1.8335 5.0457 -6.8451 -0.3609 -5.9280 0.0894 0.0252 0.7220 3.9430 -0.1407 4.0847 -0.6662 2.6350 -23.9397 -2.1467 5.3092 29.3621 0.2902 2.0468 14.0964 0.0000 0.0000 0.0000 -92.4283 -3.8313 28.3860 10.5939 -17.6631 -1.6506 -0.0000 0.0000 -1.5462 22.4618 -11.6951 -4.7904 -7.1250 0.0000 -0.0000 -3.2857 17.3671 2.1587 0.0000 0.0000 0.0000 88.9701 2.1572 13.5926 -13.5207 22.0454 -2.6455 0.0000 -0.0000 -3.0059 -12.4979 -31.4258 6.5925 7.1250 -0.0000 -0.0000 22.4402 -60.6028 -8.7929
-2.5254 16.8494 -0.5905 138.2930 85.4350 142.9020 0.0000 0.0000 0.0000 -18.3650 -9.7693 -2.6594 1.2101 6.9785 19.6516 1.3747 12.5650 -29.8534 0.2049 2.9147 8.0413 0.0000 0.0000 0.0000 10.8092 2.5130 -3.5896 -0.7223 -5.4308 15.1416 -0.1905 -17.7316 -26.7016 -0.0682 -1.6844 4.6343 -5.9366 -0.0187 -5.2617 0.1630 0.3595 0.6048 3.5335 0.0628 3.5473 -0.6779 2.6842 -23.8386 -2.2260 5.5932 30.7586 0.3330 2.1558 14.6997 -0.0000 0.0000 0.0000 -92.5662 -4.2529 25.4113 10.5143 -17.5399 -1.6265 -0.0000 -0.0000 0.7722 20.9469 -10.1731 -3.8680 -7.1250 0.0000 -0.0000 -4.3062 19.1201 2.6656 -0.0000 0.0000 0.0000 88.6955 2.3119 13.3102 -13.3958 21.8644 -2.5988 0.0000 -0.0000 -3.0634 -12.3489 -31.5742 6.5394 7.1250 -0.0000 -0.0000 22.7218 -60.7028 -8.9644
-2.5755 16.8453 -0.5440 140.1400 86.0784 144.3600 0.0000 0.0000 0.0000 -17.6088 -9.2342 -2.4580 1.1845 6.9070 19.4400 1.3568 12.4683 -29.6534 0.1902 2.8089 7.7472 0.0000 0.0000 0.0000 11.2810 0.0563 -4.8816 -0.7719 -5.6099 15.6567 -0.3021 -15.2485 -24.5021 -0.0423 -1.3277 3.6508 -4.9811 0.2681 -4.2454 0.4330 0.6177 0.9201 3.2874 0.2066 3.2784 0.0154 3.0113 -23.3787 -3.2367 6.3789 32.0951 -0.0360 2.4383 15.3002 0.0000 0.0000 0.0000 -92.4808 -4.7450 24.0778 10.6999 -17.8268 -1.6829 -0.0000 -0.0000 1.2995 21.2713 -10.7658 -4.1593 -7.1250 0.0000 -0.0000 -4.0907 18.4641 2.5911 0.0000 0.0000 0.0000 88.1695 2.7785 13.8320 -13.6466 22.2272 -2.6930 0.0000 -0.0000 -3.3394 -12.1627 -31.2957 6.3880 7.1250 -0.0000 -0.0000 22.6839 -60.4045 -8.7865
-2.6350 16.8407 -0.4278 140.9140 85.3961 144.5090 0.0000 0.0000 0.0000 -17.6109 -8.8635 -1.9079 1.1084 6.6889 18.7970 1.1791 12.5945 -28.5525 0.1032 2.0718 5.7041 0.0000 0.0000 0.0000 11.0203 -2.4007 -6.3879 -0.9350 -6.1592 17.2470 -0.4300 -13.3189 -23.3710 -0.0467 -1.3944 3.8348 -5.2690 0.2376 -2.5196 0.6254 0.5060 1.5529 3.6289 0.1404 2.9685 0.0037 3.0302 -22.9723 -3.3937 6.6908 33.3573 -0.0299 2.5575 15.8264 -0.0000 -0.0000 0.0000 -91.9449 -4.9232 24.6849 11.4977 -19.0471 -1.9352 -0.0000 -0.0000 0.1756 21.1877 -11.3804 -4.3739 -7.1250 0.0000 -0.0000 -4.1668 17.8175 2.6991 -0.0000 -0.0000 0.0000 87.4214 3.5292 15.2165 -14.4077 23.3145 -2.9876 0.0000 -0.0000 -4.3107 -11.6007 -30.9454 6.0259 7.1250 -0.0000 -0.0000 22.9819 -59.9531 -8.6601
-2.7153 16.8237 -0.2362 143.6330 84.8032 146.4490 0.0000 0.0000 0.0000 -16.9314 -7.7666 -2.0544 1.1031 6.6734 18.7514 0.9636 12.2841 -26.7116 0.0276 1.0724 2.9479 0.0000 0.0000 0.0000 11.3780 -3.9987 -7.2248 -1.0977 -6.6578 18.7054 -0.6307 -11.4987 -23.2424 -0.0450 -1.3685 3.7632 -4.8914 0.3747 0.0562 0.6349 0.5652 2.1952 3.4080 0.1917 2.1773 -0.4036 2.7227 -22.4215 -3.0740 6.5229 34.7267 0.1503 2.5012 16.3372 0.0000 0.0000 0.0000 -90.3718 -4.5159 26.1078 12.7298 -20.8900 -2.3561 -0.0000 0.0000 -1.1336 20.7948 -9.3358 -3.5253 -7.1250 0.0000 -0.0000 -4.3996 20.0207 2.6352 0.0000 0.0000 0.0000 87.3819 3.9789 15.6227 -15.0257 24.1819 -3.2365 0.0000 -0.0000 -5.2299 -10.5091 -31.8724 5.5943 7.1250 -0.0000 -0.0000 24.9014 -60.5338 -9.7841
-2.8261 16.8133 0.0058 155.8660 84.1279 157.9460 0.0000 0.0000 0.0000 -14.6694 -5.1464 -4.2188 1.3139 7.2604 20.4891 0.8778 9.4753 -23.5372 0.0000 -0.0188 -0.0517 0.0000 0.0000 0.0000 13.0271 -5.3613 -7.2145 -1.0882 -6.6298 18.6232 -0.5674 -11.6781 -22.8541 -0.0196 -0.9050 2.4875 -3.1435 0.2846 3.2158 0.8927 0.3684 3.1900 2.6737 0.1392 1.4515 -0.1681 2.9629 -22.6512 -3.5907 7.2438 35.9038 0.0537 2.7467 17.0625 -0.0000 -0.0000 0.0000 -88.4945 -5.0721 26.7777 13.6394 -22.2168 -2.6902 -0.0000 0.0000 -2.9175 20.7691 -9.1750 -3.4605 -7.1250 0.0000 -0.0000 -4.4158 20.1932 2.6279 -0.0000 -0.0000 0.0000 87.2252 4.8428 17.7982 -15.7700 25.2078 -3.5474 0.0000 -0.0000 -7.2124 -10.6899 -31.4202 5.6202 7.1250 -0.0000 -0.0000 24.3233 -60.1706 -9.3287
-2.9571 16.8030 0.2589 164.2180 82.6288 165.8720 0.0000 0.0000 0.0000 -12.6641 -2.5564 -8.5126 1.8326 8.5083 24.2688 0.6499 6.6267 -19.0613 0.1294 -2.3186 -6.3870 0.0000 0.0000 0.0000 14.3834 -6.8959 -7.7830 -1.1253 -6.7381 18.9417 -0.6179 -11.2382 -22.8692 -0.0353 -1.2130 3.3350 -0.9633 0.1403 5.9370 0.8457 0.2672 4.3854 1.3975 0.1548 1.1782 -0.8628 2.5195 -21.7825 -3.0139 6.6527 35.9111 0.2893 2.5272 16.7738 -0.0000 -0.0000 0.0000 -86.6675 -6.2199 26.0119 14.1500 -22.9487 -2.8863 -0.0000 0.0000 -3.8464 21.4998 -10.8595 -4.2443 -7.1250 0.0000 -0.0000 -3.9320 18.3455 2.5005 -0.0000 -0.0000 0.0000 87.1660 5.9358 19.7798 -16.3162 25.9475 -3.7832 0.0000 -0.0000 -9.5815 -11.7119 -31.3868 6.1623 7.1250 -0.0000 -0.0000 23.2317 -60.3809 -8.9991
-3.1046 16.8098 0.5069 163.6920 81.2328 165.2730 0.0000 0.0000 0.0000 -11.9077 -0.4931 -13.2564 2.5139 9.8631 28.5346 0.3664 5.0778 -14.4353 0.3303 -3.6936 -10.2163 0.0000 0.0000 0.0000 14.8016 -7.7705 -9.4569 -1.3005 -7.2247 20.3828 -0.6232 -11.0650 -22.7465 -0.0554 -1.5193 4.1788 -0.0986 0.0556 9.1969 1.0662 0.2859 5.2699 1.1304 0.2166 0.2982 -1.5358 1.8865 -22.2904 -3.0579 6.1366 36.5995 0.2984 2.2021 17.2371 0.0000 -0.0000 0.0000 -86.2504 -7.1356 23.8611 14.4894 -23.4300 -3.0200 -0.0000 0.0000 -3.9713 21.2180 -11.1613 -4.2978 -7.1250 0.0000 -0.0000 -4.1391 18.0478 2.6601 0.0000 -0.0000 0.0000 85.9499 7.4127 21.2693 -16.4359 26.1082 -3.8358 0.0000 -0.0000 -10.2999 -11.9104 -31.5378 6.2957 7.1250 -0.0000 -0.0000 23.1516 -60.5651 -9.0683
-3.2241 16.7918 0.7240 154.8030 81.1441 156.7020 0.0000 0.0000 0.0000 -12.1145 0.2697 -15.5284 2.8373 10.4269 30.3704 0.2404 4.2771 -11.8421 0.4132 -4.1265 -11.4327 0.0000 0.0000 0.0000 14.0821 -7.7833 -12.1752 -1.6788 -8.1623 23.2083 -0.8074 -9.5812 -23.0183 -0.0827 -1.8544 5.1036 -0.3738 0.2811 12.2782 0.9684 0.6272 5.6818 1.1329 0.4128 -0.9550 -1.9101 1.6458 -22.2888 -3.1027 5.9600 36.6160 0.3065 2.0713 17.2356 -0.0000 -0.0000 0.0000 -85.9869 -6.6452 22.0912 14.6611 -23.6719 -3.0886 -0.0000 0.0000 -4.1756 21.1485 -11.3626 -4.3583 -7.1250 0.0000 -0.0000 -4.1938 17.8399 2.7146 -0.0000 -0.0000 0.0000 84.9480 8.7120 21.8970 -16.4657 26.1480 -3.8489 0.0000 -0.0000 -10.0008 -12.6319 -31.3818 6.6565 7.1250 -0.0000 -0.0000 22.2626 -60.5946 -8.7148
-3.3215 16.7585 0.8869 147.1650 81.1991 149.4430 0.0000 0.0000 0.0000 -12.4605 0.7539 -16.5559 2.8923 10.5186 30.6730 0.1938 4.1287 -10.8789 0.6854 -5.2932 -14.7467 0.0000 0.0000 0.0000 13.5092 -8.2515 -15.0444 -2.1121 -9.0958 26.0954 -0.9228 -7.9025 -22.6559 -0.0513 -1.4622 4.0217 0.3368 0.2596 14.0991 0.6475 0.7552 6.4404 0.3704 0.5247 -1.1285 -1.8062 1.5724 -22.4139 -3.4850 5.9046 36.3032 0.1033 2.0006 17.1254 -0.0000 -0.0000 0.0000 -85.6491 -6.4380 20.8983 14.7716 -23.8270 -3.1331 -0.0000 0.0000 -4.6019 21.0188 -11.4031 -4.3443 -7.1250 0.0000 -0.0000 -4.2859 17.8079 2.7776 -0.0000 -0.0000 0.0000 84.2661 11.5735 21.5018 -16.0615 25.6039 -3.6725 0.0000 -0.0000 -9.4829 -12.9673 -30.3202 6.6307 7.1250 -0.0000 -0.0000 21.0588 -59.6950 -7.7636
-3.4293 16.7074 1.0279 140.7560 80.9863 143.6350 0.0000 0.0000 0.0000 -12.9054 1.0902 -18.6162 3.1359 10.9118 31.9830 0.1490 4.2140 -10.0691 0.6795 -5.2707 -14.6822 0.0000 0.0000 0.0000 12.9551 -8.4259 -18.1643 -2.5936 -10.0061 28.9966 -0.9980 -6.7512 -22.4656 -0.0534 -1.4907 4.1001 0.8752 0.0314 16.4102 0.4742 0.6027 6.6942 -0.1109 0.4818 -2.0773 -2.0162 1.4851 -22.6704 -3.6050 5.8689 36.1123 0.0789 1.9265 17.0887 -0.0000 0.0000 0.0000 -85.7815 -6.3457 19.2767 14.5407 -23.5023 -3.0404 -0.0000 0.0000 -3.7333 20.2974 -11.4371 -4.1946 -7.1250 0.0000 -0.0000 -4.7926 17.8329 3.1056 -0.0000 0.0000 0.0000 83.2214 13.7281 21.9722 -16.2958 25.9201 -3.7743 0.0000 -0.0000 -10.0894 -13.2978 -29.3578 6.6095 7.1250 -0.0000 -0.0000 19.9960 -58.8739 -6.9559
-3.5458 16.6526 1.1504 141.5000 80.4397 144.7060 0.0000 0.0000 0.0000 -12.0943 0.7274 -21.5872 3.7414 11.8080 35.0562 0.1291 3.3315 -8.8546 0.7512 -5.5360 -15.4438 0.0000 0.0000 0.0000 13.0688 -9.3110 -20.6683 -3.0051 -10.7033 31.2855 -1.1148 -5.3974 -22.5782 -0.0696 -1.7025 4.6842 1.9254 -0.4556 18.8252 0.5130 0.2685 7.1453 -0.6157 0.3642 -2.8566 -1.8523 1.4750 -23.3396 -3.9101 5.8477 35.8138 -0.0863 1.8695 17.1182 -0.0000 -0.0000 0.0000 -85.4949 -7.0931 20.0568 14.7480 -23.7938 -3.1235 -0.0000 0.0000 -4.5737 19.9219 -11.3025 -4.0630 -7.1250 0.0000 -0.0000 -5.0532 18.0057 3.2564 -0.0000 -0.0000 0.0000 81.9255 15.6073 23.1774 -17.3678 27.3402 -4.2549 0.0000 -0.0000 -11.4391 -13.3569 -31.4127 7.0547 7.1250 -0.0000 -0.0000 21.5218 -60.7963 -8.5123
-3.6636 16.5901 1.1863 136.9310 80.3521 140.3320 0.0000 0.0000 0.0000 -11.8091 0.7350 -23.3608 3.8291 11.9294 35.4828 0.2152 1.6170 -9.5101 0.7531 -5.5427 -15.4632 0.0000 0.0000 0.0000 12.4387 -9.8405 -23.0476 -3.4371 -11.3711 33.5418 -1.1956 -3.9303 -22.4140 -0.0630 -1.6200 4.4566 2.7573 -0.5784 21.2930 0.3138 0.4286 7.8019 -1.3503 0.5012 -3.4037 -2.2897 1.4346 -23.6610 -3.7693 5.7796 35.0654 0.0361 1.7924 16.7829 -0.0000 -0.0000 0.0000 -85.1757 -8.1781 21.8216 15.6244 -25.0087 -3.4856 -0.0000 0.0000 -5.2498 20.2045 -12.4906 -4.5508 -7.1250 0.0000 -0.0000 -4.8855 16.7293 3.2845 -0.0000 -0.0000 0.0000 80.3206 17.3250 24.1979 -18.6886 29.0299 -4.8788 0.0000 -0.0000 -12.8929 -13.0384 -31.9795 6.9921 7.1250 -0.0000 -0.0000 22.3397 -61.2394 -9.0906
-3.7501 16.5247 1.1682 130.4320 80.4786 134.3660 0.0000 0.0000 0.0000 -11.2640 -0.3133 -23.7279 3.1115 10.8733 31.8538 0.2392 4.6661 -12.1480 0.3112 -3.5865 -9.9162 0.0000 0.0000 0.0000 11.5908 -9.4725 -25.4098 -3.9123 -12.0428 35.8836 -1.2583 -3.2264 -22.5726 -0.0564 -1.5327 4.2159 2.9116 -0.5160 23.2396 0.1233 0.6975 8.5383 -1.7257 0.6899 -3.5662 -1.7666 1.8780 -23.9436 -4.7868 6.5134 34.3095 -0.3455 2.0090 16.5575 -0.0000 -0.0000 0.0000 -84.4060 -9.3686 24.3559 16.9254 -26.7593 -4.0537 -0.0000 0.0000 -6.8221 20.5681 -12.9921 -4.8221 -7.1250 0.0000 -0.0000 -4.6499 16.1662 3.1820 -0.0000 -0.0000 0.0000 78.7621 19.7818 24.9911 -19.1682 29.6272 -5.1137 0.0000 -0.0000 -13.4449 -13.3501 -31.9819 7.1641 7.1250 -0.0000 -0.0000 22.0101 -61.3177 -8.9900
-3.8442 16.4395 1.0923 123.2870 80.2366 127.6700 0.0000 0.0000 0.0000 -10.9537 -0.9191 -24.5665 2.5927 10.0046 28.9916 -0.0605 8.5889 -10.9986 0.0786 -1.8087 -4.9772 0.0000 0.0000 0.0000 10.2237 -9.6754 -28.0440 -4.4797 -12.7728 38.5239 -1.3765 -1.5213 -22.7659 -0.0809 -1.8348 5.0495 2.3309 -0.4972 25.9266 -0.1896 0.7749 9.1886 -1.7893 0.7767 -4.1694 -1.0811 2.6542 -24.3596 -5.8790 7.6716 33.4528 -0.6882 2.4057 16.3623 -0.0000 -0.0000 0.0000 -83.4585 -10.6624 25.8328 18.1994 -28.4117 -4.6437 -0.0000 0.0000 -7.8123 20.9215 -13.5143 -5.1051 -7.1250 0.0000 -0.0000 -4.4260 15.5794 3.0841 -0.0000 -0.0000 0.0000 77.5522 22.5562 25.9618 -19.7442 30.3329 -5.4016 0.0000 -0.0000 -13.7540 -13.9262 -31.0344 7.2850 7.1250 -0.0000 -0.0000 20.6094 -60.5825 -8.0278
-3.9203 16.3417 0.9666 121.3180 80.1502 126.5830 0.0000 0.0000 0.0000 -10.6559 -0.6431 -27.2999 2.5824 9.9862 28.9321 -0.3088 10.0620 -6.1620 0.3999 -4.0599 -11.2452 0.0000 0.0000 0.0000 9.4768 -10.0598 -31.0772 -5.1136 -13.5106 41.3110 -1.4632 -0.2788 -22.9846 -0.0496 -1.4373 3.9530 2.2427 -0.6162 28.4845 -0.5628 0.7553 9.6223 -2.1839 0.8143 -4.9021 -0.6069 3.2723 -25.0174 -6.2181 8.4536 33.1080 -0.7413 2.7096 16.4217 0.0000 0.0000 0.0000 -81.8486 -12.3746 27.1724 19.0608 -29.4942 -5.0608 -0.0000 0.0000 -9.2333 21.8025 -14.8536 -5.8550 -7.1250 0.0000 -0.0000 -3.8879 14.0644 2.8332 0.0000 0.0000 0.0000 77.0105 24.4493 26.8611 -21.2264 32.0917 -6.1698 0.0000 -0.0000 -14.8694 -14.9181 -32.1623 8.0718 7.1250 -0.0000 -0.0000 20.4810 -61.8715 -8.6036
-3.9677 16.1789 0.7539 116.4140 80.5461 122.8630 0.0000 0.0000 0.0000 -11.5484 1.0742 -31.4358 3.2679 11.1165 32.6739 -0.2323 8.8691 -5.9208 0.7553 -5.5506 -15.4860 0.0000 0.0000 0.0000 8.3916 -9.4830 -34.7183 -6.0395 -14.4665 45.1399 -1.5569 1.2341 -23.2369 -0.0297 -1.1133 3.0605 1.8501 -0.3535 30.7748 -1.0174 1.0654 9.7989 -2.6143 0.9861 -5.7463 -0.0399 3.7714 -25.3911 -6.9275 9.2027 32.8936 -0.9776 2.9702 16.5254 0.0000 0.0000 0.0000 -80.1005 -13.7423 28.2945 20.0130 -30.6580 -5.5380 -0.0000 0.0000 -10.0522 21.4349 -14.5011 -5.6145 -7.1250 0.0000 -0.0000 -4.1192 14.4798 2.9662 0.0000 0.0000 0.0000 76.7155 26.3585 27.8114 -22.2885 33.3016 -6.7436 0.0000 -0.0000 -15.5918 -14.6122 -32.5422 7.9831 7.1250 -0.0000 -0.0000 21.1437 -62.1462 -9.0330
-3.9877 15.9713 0.5199 118.4860 80.6074 125.9850 0.0000 0.0000 0.0000 -12.5659 2.1185 -36.1732 4.2516 12.4879 37.4807 -0.0346 6.2201 -7.8750 0.5705 -4.8374 -13.4455 0.0000 0.0000 0.0000 7.3863 -9.2160 -38.1411 -7.1355 -15.4450 49.3851 -1.7034 1.8389 -24.1693 -0.0157 -0.8087 2.2227 1.6891 -0.2363 32.2814 -1.2718 1.2880 10.3405 -2.9163 1.1488 -5.7964 0.6846 4.2378 -25.3953 -8.0570 9.8207 31.7876 -1.4416 3.1734 16.1537 0.0000 0.0000 0.0000 -78.1936 -15.7948 29.7565 21.2561 -32.1261 -6.1856 -0.0000 0.0000 -10.5129 22.4090 -13.8619 -5.6421 -7.1250 0.0000 -0.0000 -3.4226 15.0530 2.4207 0.0000 0.0000 0.0000 76.2486 28.2168 28.3460 -23.7468 34.8954 -7.5612 0.0000 -0.0000 -15.4831 -15.8471 -32.4588 8.6621 7.1250 -0.0000 -0.0000 19.7248 -62.3815 -8.5096
-3.9780 15.7217 0.2682 121.2230 79.2924 129.2280 0.0000 0.0000 0.0000 -14.1284 1.4731 -40.3239 5.6278 14.0577 43.4692 0.1493 3.4723 -9.4251 0.3978 -4.0497 -11.2164 0.0000 0.0000 0.0000 4.9520 -10.1645 -40.9569 -8.3522 -16.3723 53.8214 -1.8336 1.9934 -25.0651 -0.0000 0.0202 -0.0556 0.7724 -0.1614 34.9447 -1.7339 1.2562 10.3450 -2.7351 1.2097 -6.2128 0.6638 4.5338 -25.9237 -8.5812 10.3893 31.2646 -1.5225 3.3210 16.1072 -0.0000 0.0000 0.0000 -76.5025 -18.0441 30.9367 22.6141 -33.6641 -6.9232 -0.0000 0.0000 -11.4446 22.8724 -15.4401 -6.4080 -7.1250 0.0000 -0.0000 -3.2001 13.3118 2.3811 -0.0000 0.0000 0.0000 75.4416 29.9867 29.1008 -25.0747 36.2802 -8.3340 0.0000 -0.0000 -15.4720 -16.6451 -31.3029 8.8294 7.1250 -0.0000 -0.0000 17.8936 -61.4945 -7.3154
-3.9784 15.4562 0.0268 125.5890 79.6053 134.5010 0.0000 0.0000 0.0000 -13.5955 1.2969 -45.4395 7.3372 15.6094 50.1385 0.2808 0.7495 -10.3105 0.3877 -3.9984 -11.0722 0.0000 0.0000 0.0000 4.3192 -10.0019 -44.1837 -9.6716 -17.2210 58.3850 -1.9890 2.1043 -26.1105 -0.0288 1.0960 -3.0131 0.8832 0.1668 37.1512 -1.9759 1.7804 10.2790 -3.2893 1.4944 -6.8947 1.5292 5.2445 -25.6022 -9.7089 11.3595 30.4314 -1.9262 3.7045 15.8699 -0.0000 -0.0000 0.0000 -74.4864 -20.4067 31.8737 23.9076 -35.0664 -7.6534 -0.0000 0.0000 -12.3787 23.0288 -14.9255 -6.2480 -7.1250 0.0000 -0.0000 -3.0620 13.8434 2.2437 -0.0000 -0.0000 0.0000 74.9336 31.1135 29.8233 -26.5235 37.7210 -9.2061 0.0000 -0.0000 -14.5878 -17.1022 -31.7639 9.2003 7.1250 -0.0000 -0.0000 17.7606 -62.0458 -7.4910
-3.9432 15.1757 -0.2287 129.4610 78.9665 139.0060 0.0000 0.0000 0.0000 -13.8584 0.1523 -49.1326 8.9638 16.7844 55.9648 0.4531 -1.3782 -12.3107 0.2272 -3.0681 -8.4685 0.0000 0.0000 0.0000 2.8048 -11.5613 -47.1499 -11.0425 -17.9558 62.9194 -2.1063 2.7871 -26.7357 -0.0762 1.7804 -4.8991 0.5456 0.4087 38.4857 -2.3514 2.1062 10.8969 -3.6506 1.7378 -6.6366 1.7980 5.8861 -26.1728 -10.6643 12.5085 29.9915 -2.1013 4.0674 16.0116 -0.0000 -0.0000 0.0000 -72.5374 -23.0577 32.4234 25.4628 -36.6733 -8.5648 -0.0000 0.0000 -13.4656 23.4956 -15.5499 -6.6472 -7.1250 0.0000 -0.0000 -2.7885 13.1157 2.0855 -0.0000 -0.0000 0.0000 74.7412 33.6072 30.4138 -27.0155 38.1939 -9.5087 0.0000 -0.0000 -13.6946 -18.1224 -31.8422 9.7966 7.1250 -0.0000 -0.0000 16.6916 -62.3791 -7.1572
-3.8788 14.9387 -0.4412 138.2410 76.6751 148.0860 0.0000 0.0000 0.0000 -14.1337 -3.4350 -51.2027 10.2691 17.5584 60.3841 0.6491 -2.1540 -14.6365 0.2137 -2.9759 -8.2115 0.0000 0.0000 0.0000 1.1655 -14.0629 -48.4115 -12.1838 -18.4673 66.5701 -2.3660 3.5346 -28.2416 -0.0875 1.9079 -5.2513 0.3530 0.0193 40.3950 -2.4947 1.7603 11.2753 -3.6140 1.6674 -6.8419 1.6501 6.2293 -26.5745 -11.1909 13.1471 29.2627 -2.1303 4.2506 15.8639 0.0000 0.0000 0.0000 -71.3997 -25.6217 32.5105 26.8740 -38.0588 -9.4213 -0.0000 0.0000 -14.3554 23.5317 -14.2647 -6.1245 -7.1250 0.0000 -0.0000 -2.6798 14.4930 1.9260 0.0000 0.0000 0.0000 74.3879 36.2306 31.4390 -27.6243 38.7681 -9.8876 0.0000 -0.0000 -13.0892 -19.5651 -31.8383 10.6186 7.1250 -0.0000 -0.0000 15.0649 -62.7464 -6.5721
-3.8415 14.7073 -0.6425 144.0240 75.5450 155.0040 0.0000 0.0000 0.0000 -13.7935 -5.5371 -54.4945 11.4681 18.1566 64.2925 0.8120 -3.0811 -16.2636 0.2021 -2.8945 -7.9852 0.0000 0.0000 0.0000 0.2845 -14.5982 -50.5995 -13.2919 -18.8850 70.0296 -2.4708 3.0592 -28.9852 -0.1502 2.4976 -6.8831 0.3874 0.3224 41.6655 -2.8364 2.2087 11.2799 -4.2116 1.9246 -7.1845 1.8418 6.4704 -27.0439 -11.2571 13.3824 28.9816 -2.1213 4.3446 15.8769 -0.0000 0.0000 0.0000 -69.5723 -27.7001 33.5606 28.2328 -39.3297 -10.2709 -0.0000 0.0000 -15.5290 23.5412 -15.1659 -6.5023 -7.1250 0.0000 -0.0000 -2.7316 13.5225 2.0195 -0.0000 0.0000 0.0000 74.1527 38.5892 31.6803 -27.8655 38.9921 -10.0389 0.0000 -0.0000 -12.1664 -19.3672 -31.0677 10.2815 7.1250 -0.0000 -0.0000 14.6995 -61.9484 -6.1324
-3.7582 14.5419 -0.7984 149.1770 73.3713 161.0070 0.0000 0.0000 0.0000 -13.9096 -7.0076 -56.9433 12.4698 18.5823 67.4705 0.8799 -4.8783 -16.7584 0.1936 -2.8335 -7.8155 0.0000 0.0000 0.0000 -0.5142 -16.2395 -51.7009 -14.2198 -19.1794 72.8747 -2.6509 2.6078 -30.1653 -0.2547 3.2474 -8.9684 0.5858 0.4257 42.9398 -3.4289 2.5096 11.3888 -5.1127 2.1488 -7.3920 2.8710 6.6271 -26.9954 -11.5924 13.1008 28.2353 -2.4835 4.3208 15.5989 0.0000 0.0000 0.0000 -67.5173 -30.3272 35.1479 28.9583 -39.9836 -10.7339 -0.0000 0.0000 -17.1527 23.6292 -14.5737 -6.2821 -7.1250 0.0000 -0.0000 -2.6332 14.1487 1.9117 0.0000 0.0000 0.0000 74.4776 40.9330 31.1512 -27.8793 39.0049 -10.0476 0.0000 -0.0000 -11.6321 -18.9025 -30.9577 9.9899 7.1250 -0.0000 -0.0000 15.1376 -61.7249 -6.2396
-3.6976 14.3432 -0.9981 152.2120 71.5066 165.7530 0.0000 0.0000 0.0000 -14.1211 -8.8702 -60.3932 13.4778 18.9480 70.6033 0.9563 -6.2492 -17.4449 0.0680 -1.6823 -4.6283 0.0000 0.0000 0.0000 -1.6839 -17.6073 -54.1446 -15.1609 -19.4291 75.7209 -2.6496 2.2602 -30.2391 -0.4310 4.2132 -11.6773 -0.2033 0.3222 42.6577 -3.2145 2.1860 11.7078 -4.3217 2.0237 -6.9944 0.9189 7.0472 -27.8374 -11.4542 14.5878 28.2108 -1.7409 4.7090 15.7502 -0.0000 -0.0000 0.0000 -67.1735 -31.6061 33.4761 29.3895 -40.3643 -11.0121 -0.0000 0.0000 -17.2917 24.1521 -15.6518 -6.8980 -7.1250 0.0000 -0.0000 -2.3551 12.9209 1.7704 -0.0000 -0.0000 0.0000 73.4549 44.2955 33.3340 -27.9015 39.0254 -10.0616 0.0000 -0.0000 -11.2092 -15.8727 -33.5491 8.9306 7.1250 -0.0000 -0.0000 20.6830 -63.3999 -9.4367
-3.6529 14.1915 -1.1725 156.0240 68.4355 169.8380 0.0000 0.0000 0.0000 -14.3229 -11.5868 -61.6254 14.2560 19.1899 72.9849 1.0080 -7.5376 -17.9463 0.0213 -0.9427 -2.5911 0.0000 0.0000 0.0000 -2.6859 -20.7549 -54.0806 -15.7454 -19.5604 77.4722 -2.6835 2.5051 -30.3805 -0.6166 5.0255 -13.9813 1.3432 -0.4116 44.6645 -3.8523 2.0387 11.5425 -5.8241 2.0511 -7.7162 2.0969 6.7696 -27.7303 -11.5261 13.6222 28.0573 -2.1878 4.4361 15.6635 -0.0000 0.0000 0.0000 -66.0923 -33.0867 35.0414 29.8975 -40.8054 -11.3426 -0.0000 0.0000 -18.0664 24.3092 -14.9956 -6.6663 -7.1250 0.0000 -0.0000 -2.2018 13.6090 1.6231 -0.0000 0.0000 0.0000 72.3506 46.2102 31.9848 -27.5222 38.6727 -9.8237 0.0000 -0.0000 -11.2247 -15.2834 -33.1287 8.4938 7.1250 -0.0000 -0.0000 20.9412 -62.8583 -9.2938
-3.5844 14.0759 -1.3606 158.3340 66.9830 172.9420 0.0000 0.0000 0.0000 -14.1768 -13.1539 -63.2253 14.9206 19.3698 74.9975 1.0648 -8.3820 -18.4948 0.0105 -0.6615 -1.8178 0.0000 0.0000 0.0000 -3.2685 -22.5453 -54.5721 -16.1679 -19.6442 78.7316 -2.6802 3.8412 -30.0797 -0.7837 5.6518 -15.7775 1.5140 -0.4532 45.0697 -4.1475 2.1191 11.6055 -6.2795 2.1331 -7.7394 2.6425 7.0026 -27.8967 -11.4038 13.6274 27.9746 -2.2226 4.4987 15.6845 -0.0000 0.0000 0.0000 -65.3269 -33.7751 35.0545 29.7108 -40.6443 -11.2208 -0.0000 0.0000 -17.8023 24.4614 -15.3076 -6.8483 -7.1250 0.0000 -0.0000 -2.1220 13.2521 1.5801 -0.0000 0.0000 0.0000 72.2223 47.9933 32.2377 -27.3475 38.5086 -9.7147 0.0000 -0.0000 -11.0442 -15.8765 -31.9889 8.5683 7.1250 -0.0000 -0.0000 19.2915 -61.9497 -8.1183
-3.5080 13.9783 -1.5575 161.0050 65.6223 175.8540 0.0000 0.0000 0.0000 -13.5992 -15.0389 -63.9753 15.5306 19.5142 76.8300 1.2087 -9.2447 -19.7491 0.0055 -0.4769 -1.3106 0.0000 0.0000 0.0000 -3.4102 -24.3570 -54.1134 -16.3150 -19.6713 79.1687 -2.6155 3.6841 -29.7279 -1.0222 6.4317 -18.0423 2.0367 -0.6882 45.8263 -4.3484 2.1883 11.8000 -6.8150 2.2347 -7.6987 2.7373 7.0237 -28.5160 -11.3447 13.5798 27.9844 -2.2136 4.4620 15.8178 -0.0000 -0.0000 0.0000 -64.9348 -34.5001 35.3820 29.8807 -40.7909 -11.3316 -0.0000 0.0000 -18.3276 24.8054 -14.9826 -6.8137 -7.1250 0.0000 -0.0000 -1.8660 13.5593 1.3773 -0.0000 -0.0000 0.0000 71.8737 49.1471 31.9205 -27.7058 38.8440 -9.9386 0.0000 -0.0000 -11.4607 -16.6559 -31.4615 8.8749 7.1250 -0.0000 -0.0000 18.0078 -61.6475 -7.4291
-3.4388 13.8608 -1.7672 162.3440 63.9683 178.3290 0.0000 0.0000 0.0000 -13.5314 -17.0451 -65.6713 16.1957 19.6494 78.8144 1.2834 -10.4041 -20.4566 0.0075 0.5592 1.5365 0.0000 0.0000 0.0000 -4.0225 -26.3178 -54.9069 -16.6739 -19.7327 80.2335 -2.6199 4.3270 -29.6359 -1.1525 6.8163 -19.1723 2.1047 -0.8896 45.4264 -4.4770 1.9938 11.8659 -6.8953 2.1650 -7.5428 3.8160 7.2009 -27.4258 -12.9647 13.6128 26.2222 -3.0360 4.5009 15.0544 0.0000 -0.0000 0.0000 -64.7890 -34.9274 35.8231 30.1264 -41.0015 -11.4924 -0.0000 0.0000 -18.3961 25.2201 -15.3619 -7.1122 -7.1250 0.0000 -0.0000 -1.6163 13.0923 1.2086 0.0000 -0.0000 0.0000 72.2376 49.5899 31.7151 -28.1590 39.2622 -10.2242 0.0000 -0.0000 -10.8159 -13.3178 -32.3881 7.2265 7.1250 -0.0000 -0.0000 22.3997 -61.6813 -9.3518
-3.3545 13.7273 -1.9815 165.4280 63.1830 182.1860 0.0000 0.0000 0.0000 -12.5568 -17.4420 -67.8312 17.0632 19.7919 81.3846 1.3345 -11.7709 -21.0374 0.0213 0.9412 2.5870 0.0000 0.0000 0.0000 -3.5997 -26.7894 -55.3437 -17.0536 -19.7906 81.3564 -2.5948 4.2798 -29.4951 -1.1488 6.8057 -19.1410 2.5387 -0.7426 44.9360 -4.6637 2.3470 11.9596 -7.4530 2.3493 -7.2589 4.1509 7.3075 -28.1401 -12.2787 13.3492 26.4577 -2.8655 4.4550 15.2222 -0.0000 0.0000 0.0000 -64.0952 -35.2823 36.2745 30.8488 -41.6099 -11.9693 -0.0000 0.0000 -18.4946 25.7311 -15.4071 -7.2963 -7.1250 0.0000 -0.0000 -1.2770 12.9734 0.9580 -0.0000 0.0000 0.0000 72.2549 49.5105 31.8045 -28.7161 39.7671 -10.5786 0.0000 -0.0000 -11.5671 -14.3742 -32.1472 7.7652 7.1250 -0.0000 -0.0000 21.0556 -61.7222 -8.7822
-3.2980 13.6021 -2.2088 167.9730 63.8661 185.2420 0.0000 0.0000 0.0000 -11.6891 -17.0696 -69.5479 17.9186 19.8958 83.9042 1.5363 -12.1828 -22.5278 0.0108 0.6703 1.8420 0.0000 0.0000 0.0000 -3.6957 -26.0325 -56.7139 -17.6825 -19.8707 83.2101 -2.2307 3.8975 -27.3199 -1.3165 7.2674 -20.5100 2.3789 -0.1238 44.9905 -4.9401 2.9843 11.9488 -7.9389 2.6468 -7.2025 3.9814 7.0996 -28.5945 -11.0437 12.6301 26.6496 -2.4903 4.2609 15.1722 -0.0000 0.0000 0.0000 -63.4748 -35.7588 36.8082 31.2121 -41.9100 -12.2113 -0.0000 0.0000 -18.1278 28.3546 -14.2427 -7.5632 -7.1250 0.0000 -0.0000 0.5932 13.8909 -0.4335 -0.0000 0.0000 0.0000 71.9573 49.4829 32.4057 -29.2234 40.2184 -10.9047 0.0000 -0.0000 -12.6278 -21.6434 -28.4019 10.6884 7.1250 -0.0000 -0.0000 10.4117 -59.8671 -3.8028
-3.3161 13.4374 -2.4515 170.8450 66.9936 189.3950 0.0000 0.0000 0.0000 -10.2563 -15.4699 -72.8463 18.8951 19.9707 86.7681 1.8665 -11.6203 -24.6509 0.0023 0.3091 0.8493 0.0000 0.0000 0.0000 -3.7222 -23.6347 -60.3730 -18.4725 -19.9440 85.5299 -1.8747 5.3697 -24.7385 -1.1912 6.9258 -19.4957 1.1264 1.2196 44.0559 -4.7687 3.9221 11.9104 -7.4398 2.9943 -6.9183 0.0874 4.5977 -30.8715 -5.5236 8.7853 27.3900 -0.4117 2.9130 14.9717 -0.0000 0.0000 0.0000 -63.0195 -35.4663 35.2137 32.1865 -42.6953 -12.8671 -0.0000 0.0000 -19.1985 29.3698 -13.6409 -7.5603 -7.1250 0.0000 -0.0000 1.3391 14.4216 -0.9637 -0.0000 0.0000 0.0000 70.2420 50.5495 34.1154 -30.3366 41.1802 -11.6306 0.0000 -0.0000 -13.8719 -15.2759 -30.5383 7.9007 7.1250 -0.0000 -0.0000 18.7822 -60.4396 -7.2208
-3.3678 13.2521 -2.6969 173.7800 69.0385 193.0060 0.0000 0.0000 0.0000 -8.9171 -15.7765 -75.2119 19.9213 19.9999 89.7700 2.2778 -10.2298 -27.1349 0.0012 0.2233 0.6135 0.0000 0.0000 0.0000 -3.8840 -22.8808 -62.7674 -18.9765 -19.9749 87.0064 -1.6329 6.3642 -22.9369 -1.4949 7.7236 -21.8777 1.1084 1.2309 43.0728 -4.2646 3.9408 12.3525 -6.8111 2.9832 -6.1715 -3.9319 -1.1241 -31.5101 2.0590 -0.2461 25.8322 1.4434 -0.1655 14.0593 -0.0000 -0.0000 0.0000 -61.9475 -35.7798 33.8846 32.4674 -42.9166 -13.0580 -0.0000 0.0000 -20.7951 29.9896 -12.5267 -7.1347 -7.1250 0.0000 -0.0000 1.8719 15.5972 -1.3004 -0.0000 -0.0000 0.0000 67.6417 51.9766 33.3140 -32.1591 42.6736 -12.8485 0.0000 -0.0000 -13.0116 -18.0272 -27.6718 8.5945 7.1250 -0.0000 -0.0000 13.9129 -58.3101 -4.5872
-3.4920 13.1123 -2.9471 173.3410 71.8710 193.3750 0.0000 0.0000 0.0000 -9.1070 -16.3887 -77.1820 20.6944 19.9884 92.0307 2.6714 -7.9841 -29.5080 0.0018 0.2745 0.7541 0.0000 0.0000 0.0000 -4.6907 -22.1223 -64.9841 -18.9882 -19.9754 87.0406 -1.5956 7.1183 -22.6290 -1.4663 7.6526 -21.6638 0.3406 0.3733 42.8609 -3.4356 2.5566 12.4362 -4.9565 2.2372 -6.1975 -7.0437 -5.1323 -29.6529 7.4999 -6.2571 22.9820 2.8740 -2.2888 13.0883 0.0000 0.0000 0.0000 -60.9663 -34.9838 30.7410 31.8414 -42.4203 -12.6337 -0.0000 0.0000 -20.6951 29.1243 -10.7342 -5.9244 -7.1250 0.0000 -0.0000 1.4355 17.7383 -0.9302 0.0000 0.0000 0.0000 65.8222 53.0291 34.8018 -34.8792 44.7257 -14.7283 0.0000 -0.0000 -14.3983 -14.5114 -29.7510 7.3190 7.1250 -0.0000 -0.0000 19.0088 -59.5185 -6.8916
-3.6235 12.9467 -3.1622 169.3710 75.5953 190.9030 0.0000 0.0000 0.0000 -10.0197 -16.2861 -79.9904 21.4141 19.9520 94.1379 3.0300 -5.7694 -31.7544 0.0004 0.1314 0.3609 0.0000 0.0000 0.0000 -6.0107 -20.7344 -68.1211 -18.8923 -19.9706 86.7598 -1.7071 7.3444 -23.4212 -1.4327 7.5681 -21.4097 -0.1340 -0.1497 42.0848 -2.8968 1.6036 12.3282 -3.7344 1.6850 -6.1781 -8.3860 -7.4013 -28.1619 10.3236 -9.6925 21.0999 3.4780 -3.5933 12.6264 0.0000 -0.0000 0.0000 -59.7565 -35.0535 29.6078 31.1610 -41.8680 -12.1772 -0.0000 0.0000 -20.5945 28.8585 -9.6939 -5.3015 -7.1250 0.0000 -0.0000 1.3310 18.9447 -0.8270 0.0000 -0.0000 0.0000 62.9500 52.7235 32.6537 -38.0274 46.8568 -16.9856 0.0000 -0.0000 -14.8450 -15.2492 -30.9516 7.9815 7.1250 -0.0000 -0.0000 19.1300 -60.8223 -7.5352
-3.7538 12.8217 -3.3476 166.4550 80.0378 189.4020 0.0000 0.0000 0.0000 -10.1592 -15.0978 -82.9095 22.0160 19.9023 95.9036 3.3002 -3.0540 -33.6985 0.0128 -0.7295 -2.0048 0.0000 0.0000 0.0000 -6.2919 -18.6897 -71.8330 -18.7117 -19.9602 86.2308 -1.6869 7.9872 -23.2655 -1.2315 7.0378 -19.8275 0.1867 -0.4985 41.4531 -2.2907 1.1797 12.2307 -3.0700 1.3919 -6.1309 -10.1221 -8.8277 -27.6453 13.4291 -11.7989 19.8373 4.5137 -4.3016 12.6551 0.0000 0.0000 0.0000 -58.3018 -36.1438 28.6780 30.9639 -41.7054 -12.0458 -0.0000 0.0000 -20.3267 28.8654 -10.1483 -5.5476 -7.1250 0.0000 -0.0000 1.3009 18.4298 -0.8231 0.0000 0.0000 0.0000 58.2857 52.9022 29.0060 -38.2855 47.0207 -17.1741 0.0000 -0.0000 -15.3940 -15.8184 -31.1150 8.3293 7.1250 -0.0000 -0.0000 18.6444 -61.1139 -7.4655
-3.8826 12.6935 -3.4886 155.5320 85.0069 180.9250 0.0000 0.0000 0.0000 -10.0736 -13.6689 -87.1679 22.6015 19.8370 97.6263 3.4744 -0.0938 -35.3676 0.0517 -1.4679 -4.0373 0.0000 0.0000 0.0000 -7.1276 -15.4424 -77.1673 -18.6895 -19.9588 86.1659 -1.5625 8.4017 -22.3801 -1.1557 6.8255 -19.1994 -0.0515 -0.3072 39.4282 -1.7809 1.1292 12.1193 -2.3437 1.2476 -5.6487 -11.5530 -10.6319 -26.6932 16.5305 -14.5069 17.9511 5.3271 -5.3246 12.5793 0.0000 0.0000 0.0000 -56.2391 -37.4752 28.0759 30.6760 -41.4659 -11.8547 -0.0000 0.0000 -19.8839 27.8334 -11.2335 -5.8726 -7.1250 0.0000 -0.0000 0.4939 17.3216 -0.3245 0.0000 0.0000 0.0000 53.2903 52.9198 25.3197 -36.6012 45.9222 -15.9529 0.0000 -0.0000 -15.7268 -17.7385 -30.3019 9.1683 7.1250 -0.0000 -0.0000 15.9427 -60.8045 -6.2320
-3.9533 12.5861 -3.6043 71.2000 88.3498 98.1844 0.0000 0.0000 0.0000 -10.0106 -11.8564 -90.0494 23.1717 19.7571 99.3096 3.7555 2.1269 -37.4959 0.0656 -1.6528 -4.5470 0.0000 0.0000 0.0000 -8.1031 -12.1977 -81.1138 -18.6505 -19.9563 86.0516 -1.3142 9.3185 -20.5774 -1.0230 6.4342 -18.0495 -0.3039 -0.0340 38.5540 -0.9822 1.2601 11.9534 -1.3993 1.2017 -5.5642 -12.7821 -12.4108 -25.2748 19.0164 -17.0157 15.4917 5.8577 -6.4203 12.2244 0.0000 0.0000 0.0000 -54.9255 -38.4422 28.1660 30.8131 -41.5803 -11.9456 -0.0000 0.0000 -20.4639 28.2669 -12.6630 -6.7226 -7.1250 0.0000 -0.0000 0.6774 15.6695 -0.4693 0.0000 0.0000 0.0000 48.2885 52.7047 21.8364 -34.7296 44.6181 -14.6231 0.0000 -0.0000 -15.3341 -16.9718 -31.0855 8.9548 7.1250 -0.0000 -0.0000 17.3664 -61.3685 -7.0404
-3.9564 12.5328 -3.7083 14.9688 85.1064 42.6050 0.0000 0.0000 0.0000 -10.6150 -10.0875 -91.1975 23.5679 19.6920 100.4836 4.0093 3.2573 -39.1228 0.0555 -1.5201 -4.1811 0.0000 0.0000 0.0000 -8.9970 -9.9367 -83.3559 -18.5057 -19.9464 85.6273 -1.1146 10.4362 -19.1494 -0.9302 6.1440 -17.2028 -0.0315 -0.2265 38.2756 -0.1659 1.0702 11.7661 -0.6053 1.0384 -5.6961 -12.9912 -13.4782 -23.8059 20.3723 -18.6678 13.7946 5.9941 -7.2076 11.8338 0.0000 0.0000 0.0000 -53.7106 -38.9442 28.8214 30.8778 -41.6340 -11.9886 -0.0000 0.0000 -20.7167 27.6473 -12.6502 -6.5443 -7.1250 0.0000 -0.0000 0.2527 15.7617 -0.1745 0.0000 0.0000 0.0000 45.0364 52.1778 19.5522 -33.4504 43.6734 -13.7321 0.0000 -0.0000 -15.5738 -16.6984 -31.4721 8.9012 7.1250 -0.0000 -0.0000 17.9696 -61.6681 -7.4216
-3.9021 12.4866 -3.7994 9.6347 81.3053 37.9762 0.0000 0.0000 0.0000 -11.5850 -8.9092 -92.0202 23.9229 19.6270 101.5388 4.3183 4.3571 -40.9638 0.0748 -1.7644 -4.8549 0.0000 0.0000 0.0000 -10.2818 -8.3701 -85.4500 -18.4429 -19.9418 85.4430 -0.9169 11.7668 -17.8071 -0.7714 5.6081 -15.6514 -0.1830 -0.6401 37.5055 0.9691 0.4957 11.5460 0.8887 0.6818 -5.7016 -13.6254 -13.8858 -23.1846 20.7928 -19.0784 13.0747 6.1485 -7.4683 11.6568 0.0000 0.0000 0.0000 -54.0254 -39.0113 28.9004 30.8059 -41.5742 -11.9408 -0.0000 0.0000 -20.0233 26.6551 -12.3410 -6.1236 -7.1250 0.0000 -0.0000 -0.4073 16.2244 0.2773 0.0000 0.0000 0.0000 44.1919 50.4236 18.9494 -35.1577 44.9244 -14.9246 0.0000 -0.0000 -16.2000 -15.5536 -32.1067 8.4149 7.1250 -0.0000 -0.0000 19.7431 -61.9789 -8.3301
-3.8163 12.4853 -3.8198 7.1525 77.1902 35.2612 0.0000 0.0000 0.0000 -12.8596 -6.6585 -91.3572 24.1439 19.5832 102.1975 4.6067 5.3520 -42.6298 0.1103 -2.1415 -5.8969 0.0000 0.0000 0.0000 -11.5661 -5.9212 -86.3731 -18.3573 -19.9352 85.1920 -0.7571 12.4488 -16.6465 -0.5566 4.7790 -13.2794 -0.0143 -0.2983 37.8305 1.4165 0.9259 11.2756 1.1128 0.8396 -6.1226 -13.0109 -14.4541 -22.8140 20.9497 -20.0368 12.4522 5.8678 -7.9148 11.4987 0.0000 -0.0000 0.0000 -53.9082 -40.0256 30.8215 31.3903 -42.0557 -12.3305 -0.0000 0.0000 -20.4555 25.2367 -12.0602 -5.6245 -7.1250 0.0000 -0.0000 -1.3709 16.6925 0.9197 0.0000 -0.0000 0.0000 43.7038 48.6328 16.2727 -35.0523 44.8495 -14.8503 0.0000 -0.0000 -16.0919 -16.4937 -30.5790 8.5661 7.1250 -0.0000 -0.0000 17.5014 -60.7696 -6.8476
-3.7206 12.5339 -3.7556 5.8270 73.4945 32.5301 0.0000 0.0000 0.0000 -14.1435 -3.4864 -89.1859 24.1869 19.5744 102.3256 4.8334 5.6417 -43.7196 0.1308 -2.3316 -6.4231 0.0000 0.0000 0.0000 -12.2895 -3.2262 -85.6611 -18.2654 -19.9277 84.9226 -0.6688 13.2209 -16.1393 -0.4284 4.2003 -11.6408 -2.5606 -0.2686 39.5164 3.4813 0.2705 11.4569 4.8785 0.4391 -6.4884 -15.3654 -13.9344 -23.5591 20.1313 -18.3594 13.0332 6.3347 -7.2859 11.6400 -0.0000 -0.0000 0.0000 -55.3235 -38.7537 28.2405 31.9307 -42.4919 -12.6940 -0.0000 0.0000 -20.0607 28.2387 -13.8206 -7.3109 -7.1250 0.0000 -0.0000 0.5544 14.3785 -0.3994 -0.0000 -0.0000 0.0000 43.1223 50.4595 17.1356 -35.3193 45.0388 -15.0389 0.0000 -0.0000 -17.3134 -16.4807 -29.6785 8.3336 7.1250 -0.0000 -0.0000 16.8615 -59.9060 -6.2406
-3.6174 12.6156 -3.6225 6.3732 70.5262 30.6777 0.0000 0.0000 0.0000 -15.5363 -0.1422 -85.4879 23.9916 19.6136 101.7432 4.9933 5.4840 -44.3363 0.1957 -2.8488 -7.8581 0.0000 0.0000 0.0000 -12.7518 -0.9706 -83.4955 -18.2951 -19.9302 85.0097 -0.6210 14.2695 -16.1234 -0.2571 3.2623 -9.0099 -3.6367 0.0730 42.5670 4.6354 0.4152 11.5428 6.6283 0.4857 -7.3623 -16.0817 -13.9081 -23.8498 20.3108 -18.0699 12.9546 6.5786 -7.1591 11.7010 -0.0000 -0.0000 0.0000 -56.3833 -39.0987 28.2963 32.7665 -43.1498 -13.2621 -0.0000 0.0000 -20.1047 26.9030 -12.9400 -6.4822 -7.1250 0.0000 -0.0000 -0.2821 15.5319 0.1962 -0.0000 -0.0000 0.0000 43.5570 50.4159 15.6926 -35.7230 45.3215 -15.3252 0.0000 -0.0000 -18.6004 -17.3877 -29.9222 8.8781 7.1250 -0.0000 -0.0000 16.0542 -60.3542 -6.1044
-3.5328 12.6737 -3.4603 6.5139 68.5772 29.6213 0.0000 0.0000 0.0000 -15.9797 2.1757 -83.3355 23.8368 19.6433 101.2825 5.0681 5.5741 -44.6832 0.2429 -3.1719 -8.7576 0.0000 0.0000 0.0000 -12.4312 0.4553 -82.5874 -18.4066 -19.9390 85.3367 -0.6263 14.6298 -16.3128 -0.1613 2.5878 -7.1331 -3.4562 -0.1098 44.4600 5.7342 0.3963 11.2717 7.7566 0.4689 -8.2438 -17.5285 -13.9632 -23.2975 21.1858 -17.9849 13.1082 7.1962 -7.1403 11.9139 0.0000 -0.0000 0.0000 -57.7659 -39.2017 28.9489 33.8033 -43.9385 -13.9764 -0.0000 0.0000 -20.6672 27.0915 -13.3521 -6.7372 -7.1250 0.0000 -0.0000 -0.1861 15.0519 0.1314 0.0000 -0.0000 0.0000 44.2514 49.5474 15.0241 -36.1610 45.6236 -15.6374 0.0000 -0.0000 -19.6996 -17.6813 -29.4691 8.9128 7.1250 -0.0000 -0.0000 15.4229 -59.9857 -5.7215
-3.4947 12.7599 -3.2671 7.6263 66.6774 29.9697 0.0000 0.0000 0.0000 -16.5621 4.2534 -81.6140 23.5534 19.6945 100.4405 5.0674 5.3077 -44.5807 0.3217 -3.6457 -10.0820 0.0000 0.0000 0.0000 -12.4335 1.8595 -82.1283 -18.3795 -19.9369 85.2572 -0.6060 15.0530 -16.3179 -0.0604 1.5857 -4.3620 -3.0371 -0.1849 46.1026 6.1946 0.5680 11.3008 7.9793 0.5462 -8.6913 -16.8003 -14.0177 -24.3358 21.0557 -18.1090 13.0692 6.9657 -7.1033 12.0213 -0.0000 0.0000 0.0000 -58.1297 -40.5943 29.9316 34.4163 -44.3908 -14.4035 -0.0000 0.0000 -20.5812 26.1060 -13.1866 -6.3784 -7.1250 0.0000 -0.0000 -0.8477 15.3572 0.5930 -0.0000 0.0000 0.0000 45.6202 51.3656 12.2669 -33.9670 44.0602 -14.0901 0.0000 -0.0000 -18.6421 -18.1066 -28.3193 8.8171 7.1250 -0.0000 -0.0000 14.2196 -58.9634 -4.9149
-3.4560 12.8369 -3.0536 8.0954 64.0713 29.9090 0.0000 0.0000 0.0000 -17.2940 7.2250 -80.2979 23.1910 19.7541 99.3667 4.9298 5.5036 -44.0760 0.4429 -4.2703 -11.8383 0.0000 0.0000 0.0000 -12.6820 4.0144 -81.9849 -18.3415 -19.9339 85.1456 -0.5832 15.5794 -16.3571 -0.0258 1.0366 -2.8496 -1.6582 0.0391 47.1415 5.2968 1.2940 11.3258 5.9462 0.8955 -8.9469 -12.9701 -13.7580 -25.0657 20.0594 -18.6161 12.5616 5.8113 -7.2073 11.5368 -0.0000 -0.0000 0.0000 -56.7198 -42.7796 33.3759 35.0480 -44.8463 -14.8472 -0.0000 0.0000 -21.2285 26.5058 -12.7477 -6.2798 -7.1250 0.0000 -0.0000 -0.5404 15.7927 0.3730 -0.0000 -0.0000 0.0000 47.9973 50.0434 9.1501 -34.1387 44.1873 -14.2097 0.0000 -0.0000 -17.6200 -17.7647 -28.3860 8.6604 7.1250 -0.0000 -0.0000 14.6273 -58.9510 -5.0552
-3.4360 12.8976 -2.9014 10.0121 62.4245 32.2996 0.0000 0.0000 0.0000 -18.3179 7.8214 -80.0915 22.8755 19.8006 98.4343 4.8899 5.8036 -44.0223 0.3508 -3.8052 -10.5293 0.0000 0.0000 0.0000 -13.0486 4.0411 -83.0795 -18.3764 -19.9367 85.2482 -0.5382 16.2103 -16.2760 -0.0165 0.8306 -2.2829 -2.1751 -0.6294 46.8942 6.2739 0.4005 11.2502 7.7013 0.4568 -8.9251 -13.5511 -13.1173 -25.7134 18.7885 -16.9856 11.7065 5.7863 -6.6321 10.9152 -0.0000 -0.0000 0.0000 -58.3627 -42.1717 32.7318 35.6886 -45.2976 -15.3007 -0.0000 0.0000 -22.4123 26.4269 -13.7803 -6.7514 -7.1250 0.0000 -0.0000 -0.6741 14.6639 0.4815 -0.0000 -0.0000 0.0000 47.8024 51.9650 10.7560 -33.3975 43.6333 -13.6956 0.0000 -0.0000 -18.2563 -17.7334 -28.4435 8.6602 7.1250 -0.0000 -0.0000 14.6970 -59.0000 -5.0973
-3.4449 12.9192 -2.7242 10.4930 60.5641 33.3213 0.0000 0.0000 0.0000 -18.8503 9.5128 -80.4656 22.6907 19.8255 97.8891 4.7505 5.8184 -43.4345 0.3970 -4.0456 -11.2050 0.0000 0.0000 0.0000 -13.1625 5.1117 -84.5181 -18.5351 -19.9485 85.7133 -0.5431 16.3637 -16.3882 -0.0301 1.1201 -3.0793 -2.2553 -0.9093 46.4478 6.5801 0.0180 10.8848 8.2658 0.2699 -9.1935 -13.6170 -13.0519 -25.1367 17.9059 -16.1585 7.9529 5.6368 -6.5250 9.2416 -0.0000 0.0000 0.0000 -59.6719 -41.5845 33.3430 36.1574 -45.6211 -15.6349 -0.0000 0.0000 -21.2765 26.7384 -13.5209 -6.7177 -7.1250 0.0000 -0.0000 -0.4409 14.9103 0.3126 -0.0000 0.0000 0.0000 50.4487 52.9725 12.5406 -32.5286 42.9646 -13.0997 0.0000 -0.0000 -17.9305 -19.0445 -29.1006 9.5302 7.1250 -0.0000 -0.0000 13.6975 -59.9471 -5.0533
-3.4390 12.9068 -2.5485 10.5326 59.1824 33.2761 0.0000 0.0000 0.0000 -18.9100 11.3906 -80.2462 22.6553 19.8301 97.7848 4.7137 5.3243 -43.0838 0.4135 -4.1279 -11.4368 0.0000 0.0000 0.0000 -12.7448 5.7996 -85.1988 -18.8208 -19.9666 86.5504 -0.5033 17.0126 -16.3820 -0.0021 0.2976 -0.8176 -0.5304 -1.1305 46.1637 5.7391 0.3305 10.3467 6.3011 0.4248 -9.7274 -11.7109 -13.9191 -24.7353 17.9437 -17.3646 3.6705 5.1320 -7.2403 7.7609 -0.0000 -0.0000 0.0000 -59.7011 -42.6842 37.2025 36.2410 -45.6782 -15.6947 -0.0000 0.0000 -21.6913 25.1112 -13.6270 -6.3010 -7.1250 0.0000 -0.0000 -1.5605 14.9954 1.1040 -0.0000 -0.0000 0.0000 53.3549 51.4779 11.6640 -32.0698 42.6028 -12.7881 0.0000 -0.0000 -17.0630 -17.5938 -27.4232 8.3089 7.1250 -0.0000 -0.0000 14.2260 -57.9703 -4.5763
-3.4416 12.8803 -2.3743 10.5465 57.6115 32.9996 0.0000 0.0000 0.0000 -19.1783 13.4278 -79.8830 22.6663 19.8287 97.8172 4.6681 5.4341 -42.9290 0.4207 -4.1628 -11.5352 0.0000 0.0000 0.0000 -12.5546 6.8286 -85.6918 -19.1390 -19.9822 87.4820 -0.4939 17.5981 -16.6015 -0.0136 -0.7527 2.0685 0.3662 -0.9896 45.6353 4.8636 0.6783 9.8248 4.7238 0.5787 -10.1695 -11.3053 -15.0266 -23.0105 20.1696 -18.9080 -0.0020 5.5759 -8.0901 6.7892 0.0000 -0.0000 0.0000 -59.3484 -43.4436 40.8362 36.4587 -45.8261 -15.8506 -0.0000 0.0000 -23.4083 25.3679 -12.9981 -6.0873 -7.1250 0.0000 -0.0000 -1.3412 15.6518 0.9299 0.0000 -0.0000 0.0000 55.6298 49.5710 10.9287 -31.5298 42.1691 -12.4240 0.0000 -0.0000 -16.6851 -17.1724 -27.4526 8.1080 7.1250 -0.0000 -0.0000 14.6879 -57.9071 -4.7066
-3.4670 12.8686 -2.1969 8.7608 56.3333 30.9758 0.0000 0.0000 0.0000 -17.9263 15.7212 -79.3503 22.6458 19.8313 97.7566 4.5720 5.3493 -42.4769 0.4389 -4.2509 -11.7837 0.0000 0.0000 0.0000 -11.4586 8.8691 -85.5237 -19.3289 -19.9892 88.0376 -0.5171 18.0322 -17.0028 -0.0483 -1.4180 3.8998 -0.8064 -1.1436 45.6265 5.8809 0.1056 9.7416 6.7180 0.3056 -10.2655 -12.9194 -15.2150 -23.3634 20.6545 -18.6033 -0.8893 6.0263 -7.9349 6.7187 -0.0000 -0.0000 0.0000 -60.1700 -41.6973 39.3716 36.8397 -46.0820 -16.1245 -0.0000 0.0000 -24.6269 26.0905 -13.1644 -6.3636 -7.1250 0.0000 -0.0000 -0.8567 15.3835 0.5988 -0.0000 -0.0000 0.0000 57.8061 51.4076 15.0503 -30.4134 41.2451 -11.6812 0.0000 -0.0000 -17.1308 -16.3984 -25.9264 7.3318 7.1250 -0.0000 -0.0000 14.6297 -56.2503 -4.0982
-3.4875 12.8664 -2.0396 8.2014 55.6203 30.3225 0.0000 0.0000 0.0000 -17.0031 16.5234 -78.8421 22.5756 19.8402 97.5497 4.4805 5.8383 -42.2691 0.4493 -4.3007 -11.9241 0.0000 0.0000 0.0000 -10.4101 9.4615 -85.7279 -19.5024 -19.9941 88.5450 -0.5011 18.4795 -17.1117 -0.0875 -1.9084 5.2526 0.5818 -1.4607 45.2365 5.0067 0.1553 9.3309 5.0157 0.3198 -10.5904 -11.0810 -15.5757 -22.8919 21.0686 -19.6220 -1.3585 5.7030 -8.4596 6.5472 -0.0000 0.0000 0.0000 -61.6343 -42.2541 42.1434 36.0323 -45.5353 -15.5455 -0.0000 0.0000 -23.1307 25.9780 -13.3112 -6.4010 -7.1250 0.0000 -0.0000 -0.9447 15.2359 0.6633 -0.0000 0.0000 0.0000 60.2752 50.6262 13.6520 -29.9202 40.8249 -11.3574 0.0000 -0.0000 -16.9094 -16.0395 -25.6079 7.0831 7.1250 -0.0000 -0.0000 14.8266 -55.8657 -4.0157
-3.5012 12.8748 -1.9035 9.0960 54.0801 30.7682 0.0000 0.0000 0.0000 -17.2951 17.2269 -77.7331 22.3872 19.8628 96.9950 4.3867 6.5274 -42.1404 0.4091 -4.1060 -11.3751 0.0000 0.0000 0.0000 -10.7879 10.2189 -85.7386 -19.6449 -19.9970 88.9616 -0.4692 19.1401 -17.2231 -0.1490 -2.4878 6.8557 -0.5231 -1.0937 44.7185 5.2763 0.1028 9.3058 5.9061 0.2980 -10.4933 -10.1868 -14.2568 -25.9854 16.9625 -17.8782 2.7487 4.4637 -7.5109 7.4504 0.0000 -0.0000 0.0000 -63.4084 -41.7433 44.3424 36.4783 -45.8393 -15.8647 -0.0000 0.0000 -26.4072 29.5693 -13.1883 -7.3757 -7.1250 0.0000 -0.0000 1.5196 14.9048 -1.0780 0.0000 -0.0000 0.0000 60.7041 51.3513 14.4047 -29.1814 40.1813 -10.8775 0.0000 -0.0000 -16.8990 -17.4167 -26.6714 8.0153 7.1250 -0.0000 -0.0000 13.9825 -57.1938 -4.2328
-3.5300 12.8961 -1.7539 10.5161 53.5137 31.8336 0.0000 0.0000 0.0000 -17.5683 17.1773 -76.7614 22.0994 19.8940 96.1485 4.2267 7.0776 -41.6670 0.4635 -4.3670 -12.1116 0.0000 0.0000 0.0000 -11.2871 10.5945 -85.5798 -19.7750 -19.9988 89.3422 -0.6051 18.8466 -18.0693 -0.0802 -1.8269 5.0275 -0.8040 -1.4112 44.1028 5.0600 -0.4458 9.5024 6.0452 0.0527 -10.0335 -6.5154 -10.3871 -31.0987 8.4001 -12.8414 9.5819 1.8193 -5.3876 8.8319 -0.0000 0.0000 0.0000 -64.3659 -42.0725 44.3078 36.0483 -45.5463 -15.5569 -0.0000 0.0000 -24.9648 28.2665 -13.1592 -6.9789 -7.1250 0.0000 -0.0000 0.6335 15.1140 -0.4464 -0.0000 0.0000 0.0000 60.7521 52.3378 14.3659 -28.2338 39.3306 -10.2716 0.0000 -0.0000 -16.4361 -17.1745 -26.1533 7.7575 7.1250 -0.0000 -0.0000 13.9504 -56.6331 -4.0326
-3.6176 12.9276 -1.5764 11.2655 53.8802 32.6787 0.0000 0.0000 0.0000 -17.2200 17.4017 -76.5958 21.7239 19.9286 95.0462 3.9294 6.9333 -40.2500 0.5310 -4.6695 -12.9684 0.0000 0.0000 0.0000 -11.0211 11.1400 -85.6101 -19.8326 -19.9993 89.5106 -0.7620 17.9716 -18.7886 -0.0786 -1.8085 4.9766 -0.9735 -1.5164 44.1042 5.4288 -0.5701 9.6110 6.5910 -0.0044 -9.9055 -4.9112 -6.4901 -33.0206 1.7686 -6.9185 12.9674 0.2222 -3.2564 9.5173 -0.0000 0.0000 0.0000 -65.7260 -42.5501 44.5810 35.9677 -45.4909 -15.4995 -0.0000 0.0000 -25.1114 28.6718 -13.6804 -7.3693 -7.1250 0.0000 -0.0000 0.8616 14.4754 -0.6189 -0.0000 0.0000 0.0000 59.2523 52.6865 14.6125 -28.0873 39.1965 -10.1788 0.0000 -0.0000 -17.0446 -16.6599 -25.8147 7.4245 7.1250 -0.0000 -0.0000 14.3004 -56.1942 -3.9836
-3.6972 12.9733 -1.3657 12.4840 54.6194 34.1684 0.0000 0.0000 0.0000 -17.0241 17.5081 -76.5182 21.2739 19.9610 93.7270 3.7111 6.0732 -38.8356 0.5781 -4.8686 -13.5342 0.0000 0.0000 0.0000 -10.7125 11.1121 -85.6754 -19.9021 -19.9998 89.7138 -0.8692 17.5791 -19.3838 -0.1009 -2.0484 5.6393 -1.0535 -1.8389 43.8736 5.1570 -1.0145 9.7075 6.5194 -0.1968 -9.6736 -3.3959 -3.1032 -34.9586 -3.2460 -1.7074 15.9265 -0.9937 -1.4512 10.6937 -0.0000 0.0000 0.0000 -64.5465 -42.5822 43.3575 36.5332 -45.8764 -15.9041 -0.0000 0.0000 -24.7803 27.5164 -13.0739 -6.7206 -7.1250 0.0000 -0.0000 0.1277 15.3065 -0.0894 -0.0000 0.0000 0.0000 59.2753 53.1149 15.4389 -27.3825 38.5415 -9.7365 0.0000 -0.0000 -16.4302 -17.2158 -26.8916 7.9779 7.1250 -0.0000 -0.0000 14.3168 -57.3672 -4.3970
-3.7956 13.0266 -1.1185 13.3533 55.6447 35.0586 0.0000 0.0000 0.0000 -16.3295 17.7584 -76.0832 20.7256 19.9874 92.1221 3.3176 5.8911 -36.8144 0.7770 -5.6280 -15.7088 0.0000 0.0000 0.0000 -10.0456 11.6824 -85.2037 -19.9337 -19.9999 89.8062 -1.0280 16.7245 -20.1682 -0.1382 -2.3956 6.6003 -0.8950 -1.5994 44.5129 4.5063 -0.7297 9.4587 5.6128 -0.0407 -10.1568 -0.4950 0.3099 -35.1570 -7.8919 2.8278 17.1260 -2.3778 0.1273 11.3667 -0.0000 0.0000 0.0000 -64.5671 -42.7969 43.6479 36.0391 -45.5400 -15.5504 -0.0000 0.0000 -23.2249 25.4300 -13.5490 -6.3561 -7.1250 0.0000 -0.0000 -1.3370 15.0420 0.9445 -0.0000 0.0000 0.0000 60.1350 52.5278 14.6860 -26.5951 37.7903 -9.2499 0.0000 -0.0000 -15.4838 -17.2516 -26.4203 7.8671 7.1250 -0.0000 -0.0000 14.0158 -56.9120 -4.1472
-3.8944 13.0577 -0.8781 13.8971 56.6215 36.0397 0.0000 0.0000 0.0000 -15.2161 17.3956 -75.9617 20.2907 19.9980 90.8500 3.0820 5.3892 -35.3672 0.7626 -5.5770 -15.5618 0.0000 0.0000 0.0000 -9.2363 12.2269 -85.3593 -20.0304 -20.0000 90.0889 -1.1688 15.9039 -20.8670 -0.2077 -2.9345 8.0964 -1.9704 -1.9278 44.8720 4.7655 -1.5168 9.4552 6.8129 -0.3779 -10.1635 -1.1829 4.2690 -35.1176 -11.0640 9.4482 16.6935 -2.1537 2.6495 11.7177 -0.0000 0.0000 0.0000 -64.9920 -41.6512 39.5999 35.2382 -44.9815 -14.9815 -0.0000 0.0000 -22.0064 25.7166 -13.2316 -6.2908 -7.1250 0.0000 -0.0000 -1.1181 15.3549 0.7823 -0.0000 0.0000 0.0000 60.4957 53.7586 18.3872 -26.1430 37.3496 -8.9743 0.0000 -0.0000 -16.0686 -17.1512 -26.8197 7.9271 7.1250 -0.0000 -0.0000 14.3435 -57.2829 -4.3762
-3.9630 13.1016 -0.6387 17.0393 57.6784 39.3705 0.0000 0.0000 0.0000 -15.4840 15.9214 -75.4989 19.6840 19.9976 89.0761 2.7860 5.7993 -33.9652 0.8133 -5.7550 -16.0752 0.0000 0.0000 0.0000 -9.3083 11.0354 -85.5737 -20.1697 -19.9993 90.4962 -1.3187 15.3894 -21.7374 -0.1819 -2.7474 7.5761 -2.2350 -1.6923 44.4700 3.9565 -1.4705 9.2356 6.0365 -0.3256 -10.2987 0.3370 7.1638 -34.0036 -14.1222 13.4465 16.0130 -2.6897 4.2360 11.9319 0.0000 0.0000 0.0000 -65.4646 -42.0289 39.7868 34.4969 -44.4495 -14.4599 -0.0000 0.0000 -21.4232 25.5482 -13.2895 -6.2706 -7.1250 0.0000 -0.0000 -1.2377 15.3116 0.8671 0.0000 0.0000 0.0000 59.6401 52.3968 17.7404 -26.1846 37.3904 -8.9995 0.0000 -0.0000 -16.5313 -17.8880 -27.9194 8.5938 7.1250 -0.0000 -0.0000 14.2090 -58.5221 -4.7601
-4.0626 13.1221 -0.3831 18.1329 59.3318 40.5377 0.0000 0.0000 0.0000 -14.1991 15.5410 -75.2466 19.2123 19.9851 87.6964 2.4779 5.3531 -31.9998 0.8118 -5.7496 -16.0596 0.0000 0.0000 0.0000 -8.2542 11.2436 -85.2349 -20.3013 -19.9978 90.8810 -1.5256 14.2312 -22.8339 -0.1942 -2.8380 7.8281 -0.8490 -1.0528 44.8498 2.4624 -0.3136 9.0662 3.1761 0.2123 -10.7009 4.0793 9.3782 -34.3016 -16.6259 15.6271 16.6763 -3.7325 5.0620 13.0356 0.0000 -0.0000 0.0000 -65.0394 -43.7685 42.5097 33.5869 -43.7763 -13.8265 -0.0000 0.0000 -21.3637 26.5818 -12.9683 -6.4068 -7.1250 0.0000 -0.0000 -0.5048 15.5399 0.3511 0.0000 -0.0000 0.0000 59.6070 50.3077 14.5157 -26.2118 37.4171 -9.0160 0.0000 -0.0000 -16.0959 -18.9270 -30.0146 9.7331 7.1250 -0.0000 -0.0000 14.4352 -60.8140 -5.6309
-4.1415 13.1577 -0.1325 20.7559 61.0597 43.0297 0.0000 0.0000 0.0000 -13.7587 14.8545 -74.6819 18.5884 19.9522 85.8696 2.2095 4.7001 -30.0624 0.8263 -5.7996 -16.2040 0.0000 0.0000 0.0000 -7.6825 10.8608 -84.5902 -20.4162 -19.9958 91.2170 -1.7888 12.9174 -24.3109 -0.1409 -2.4196 6.6668 -0.6579 -1.1393 44.4363 1.2316 -0.4987 9.0034 1.8197 0.1584 -10.6435 5.1455 11.1058 -32.1930 -17.7104 17.4891 14.5245 -3.8452 6.1059 12.2847 0.0000 -0.0000 0.0000 -64.7245 -43.5870 41.3675 32.5570 -42.9868 -13.1190 -0.0000 0.0000 -18.7356 24.7386 -13.2329 -6.0209 -7.1250 0.0000 -0.0000 -1.7893 15.4686 1.2479 0.0000 -0.0000 0.0000 60.6369 49.1773 15.7704 -26.3494 37.5517 -9.0998 0.0000 -0.0000 -16.2826 -17.9477 -29.2242 8.9865 7.1250 -0.0000 -0.0000 14.9702 -59.8103 -5.4861
-4.1951 13.1679 0.0978 25.4980 62.7447 47.9790 0.0000 0.0000 0.0000 -14.4346 13.6540 -74.8250 18.0028 19.9041 84.1517 1.9447 3.8731 -27.9600 0.8268 -5.8014 -16.2093 0.0000 0.0000 0.0000 -8.3143 9.6506 -84.5216 -20.6509 -19.9898 91.9034 -1.9732 12.2651 -25.3954 -0.2271 -3.0672 8.4658 -1.9936 -1.2864 43.2429 1.1010 -1.2698 8.7574 2.7011 -0.1606 -10.5283 4.2012 11.8459 -30.3102 -18.7648 18.9126 12.7950 -3.7603 6.8411 11.5521 -0.0000 0.0000 0.0000 -64.9751 -41.5753 38.3116 32.9987 -43.3290 -13.4212 -0.0000 0.0000 -18.5811 24.4502 -13.5470 -6.0793 -7.1250 0.0000 -0.0000 -2.0074 15.1609 1.4134 -0.0000 0.0000 0.0000 61.0570 48.7618 19.7466 -26.4891 37.6876 -9.1851 0.0000 -0.0000 -16.7803 -18.0471 -29.6617 9.1599 7.1250 -0.0000 -0.0000 15.1568 -60.2591 -5.7191
-4.2509 13.1887 0.3412 27.8785 65.2123 49.7138 0.0000 0.0000 0.0000 -13.0610 13.4487 -73.9675 17.4375 19.8418 82.4887 1.7042 2.6783 -25.7476 0.7874 -5.6646 -15.8143 0.0000 0.0000 0.0000 -6.8490 9.8696 -83.0005 -20.7620 -19.9861 92.2286 -2.3011 9.6697 -27.2681 -0.0745 -1.7613 4.8465 -1.2263 -1.1152 43.5143 0.1358 -0.8341 8.7561 1.0684 0.0571 -10.6532 4.3886 11.4064 -31.2065 -18.2359 18.2246 13.4774 -3.7475 6.4912 11.8161 -0.0000 -0.0000 0.0000 -63.3962 -40.8308 36.8228 33.7930 -43.9308 -13.9692 -0.0000 0.0000 -17.1034 23.7115 -13.3593 -5.7947 -7.1250 0.0000 -0.0000 -2.5023 15.4484 1.7471 -0.0000 -0.0000 0.0000 61.6852 47.8001 20.8453 -26.4997 37.6979 -9.1915 0.0000 -0.0000 -16.8004 -18.1169 -28.6167 8.9059 7.1250 -0.0000 -0.0000 14.3945 -59.2568 -5.0785
-4.3104 13.2456 0.5727 31.5248 67.0486 53.1397 0.0000 0.0000 0.0000 -12.6904 12.9728 -73.3068 16.6599 19.7304 80.1918 1.4431 1.8330 -23.4239 0.7666 -5.5910 -15.6022 0.0000 0.0000 0.0000 -6.0482 9.7934 -81.8825 -20.7310 -19.9872 92.1377 -2.5302 7.7209 -28.6997 -0.0745 -1.7606 4.8445 -1.5814 -0.6138 43.2978 -0.3136 -0.4162 8.7373 0.5796 0.2681 -10.6179 4.0437 10.8466 -31.0218 -19.1459 18.0610 14.2813 -4.0800 6.2480 12.1869 0.0000 -0.0000 0.0000 -62.8202 -39.3123 34.9803 34.1765 -44.2151 -14.2360 -0.0000 0.0000 -17.2401 25.0693 -14.6979 -6.7686 -7.1250 0.0000 -0.0000 -1.6665 13.8344 1.2202 0.0000 -0.0000 0.0000 61.4140 47.9275 22.6400 -26.1750 37.3810 -8.9937 0.0000 -0.0000 -16.3962 -18.0967 -29.9412 9.2635 7.1250 -0.0000 -0.0000 15.2956 -60.5421 -5.8764
-4.3368 13.3543 0.7545 37.6793 68.9048 58.7022 0.0000 0.0000 0.0000 -12.8212 11.2338 -71.9504 15.7689 19.5653 77.5425 1.2315 1.5117 -21.5633 0.7082 -5.3784 -14.9909 0.0000 0.0000 0.0000 -5.4680 8.4064 -80.0415 -20.4463 -19.9952 91.3049 -2.6711 6.1401 -29.6727 -0.0430 -1.3381 3.6796 -1.0174 -1.0133 43.6001 -1.6054 -0.7568 8.8614 -0.9638 0.1640 -10.5905 4.0783 10.9593 -29.7935 -20.0483 18.6424 14.9199 -4.3166 6.4382 12.4439 0.0000 0.0000 0.0000 -60.6244 -37.9392 32.2050 34.4102 -44.3863 -14.3992 -0.0000 0.0000 -17.9821 24.4587 -12.8699 -5.7851 -7.1250 0.0000 -0.0000 -1.9590 15.8950 1.3484 0.0000 0.0000 0.0000 62.3263 47.6982 24.8456 -26.7543 37.9439 -9.3477 0.0000 -0.0000 -16.6819 -18.1892 -29.2862 9.1310 7.1250 -0.0000 -0.0000 14.7498 -59.9274 -5.4445
-4.3878 13.4319 0.9646 43.6536 71.0603 64.9167 0.0000 0.0000 0.0000 -12.4498 10.1356 -71.9551 15.0065 19.3914 75.2564 1.0221 0.7133 -19.3773 0.6363 -5.1035 -14.2040 0.0000 0.0000 0.0000 -4.4522 7.6841 -79.3434 -20.2921 -19.9980 90.8542 -2.8041 4.4403 -30.6894 -0.0171 -0.8448 2.3218 -1.2065 -0.7216 43.2584 -2.2397 -0.4854 9.1361 -1.6711 0.3285 -10.1826 3.8255 11.0475 -29.5227 -20.5831 19.6068 17.0423 -4.3057 6.6289 13.4508 -0.0000 0.0000 0.0000 -59.6516 -36.8842 29.2287 33.8426 -43.9677 -14.0037 -0.0000 0.0000 -17.5142 25.7775 -15.1931 -7.2132 -7.1250 0.0000 -0.0000 -1.2281 13.2006 0.9154 -0.0000 0.0000 0.0000 62.2385 47.6552 26.3359 -27.3966 38.5548 -9.7453 0.0000 -0.0000 -16.2691 -18.2584 -29.0895 9.1123 7.1250 -0.0000 -0.0000 14.5452 -59.7516 -5.3058
-4.3971 13.4441 1.1565 53.0425 73.5734 74.2091 0.0000 0.0000 0.0000 -11.9490 8.9224 -72.1079 14.4311 19.2396 73.5167 0.8802 0.0070 -17.7400 0.9706 -6.2721 -17.5759 0.0000 0.0000 0.0000 -3.2163 6.1123 -78.6784 -20.4209 -19.9958 91.2306 -2.9235 2.8213 -31.6881 -0.0041 -0.4120 1.1321 -1.0831 -0.5599 43.3443 -3.0775 -0.2419 9.3386 -2.7510 0.4956 -9.9887 4.3027 10.9828 -28.7620 -21.1261 19.8644 18.2746 -4.5891 6.6670 14.0052 0.0000 -0.0000 0.0000 -58.1057 -35.5951 27.6187 33.8902 -44.0032 -14.0367 -0.0000 0.0000 -17.8588 25.7461 -14.6736 -6.9648 -7.1250 0.0000 -0.0000 -1.2072 13.7726 0.8853 0.0000 -0.0000 0.0000 62.1772 46.5458 27.5770 -28.2508 39.3461 -10.2823 0.0000 -0.0000 -16.4965 -18.6170 -30.4726 9.6945 7.1250 -0.0000 -0.0000 15.1000 -61.1838 -6.0299
-4.3844 13.3952 1.3041 67.1404 75.9011 88.2840 0.0000 0.0000 0.0000 -10.8672 7.1417 -72.7342 14.2331 19.1832 72.9150 0.7706 -1.2944 -16.1977 0.9390 -6.1720 -17.2842 0.0000 0.0000 0.0000 -2.1740 4.1479 -78.4437 -20.7971 -19.9848 92.3310 -2.9915 1.6599 -32.3472 -0.0000 0.0206 -0.0566 -0.7253 -0.6744 43.5001 -3.8226 -0.2293 9.3759 -3.7577 0.5525 -10.0150 4.9310 11.1173 -27.5316 -21.9367 20.2971 18.8338 -4.9544 6.8626 14.2884 0.0000 0.0000 0.0000 -57.2138 -33.9474 26.2857 33.3723 -43.6142 -13.6782 -0.0000 0.0000 -18.0476 26.0527 -13.7658 -6.6354 -7.1250 0.0000 -0.0000 -0.9279 14.7275 0.6616 0.0000 0.0000 0.0000 62.5396 45.7813 28.6590 -28.2328 39.3296 -10.2709 0.0000 -0.0000 -15.2927 -18.3561 -29.8259 9.3710 7.1250 -0.0000 -0.0000 14.9323 -60.4924 -5.7153
-4.3428 13.3310 1.4393 84.3408 76.9784 105.0030 0.0000 0.0000 0.0000 -10.3170 6.0403 -73.2151 14.0239 19.1213 72.2775 0.5266 -3.2837 -12.9795 0.8720 -5.9538 -16.6506 0.0000 0.0000 0.0000 -1.7883 2.5028 -77.5601 -21.3698 -19.9550 94.0078 -3.1253 2.8707 -32.7961 -0.0108 -0.6700 1.8411 -0.8982 -0.4781 43.9839 -4.4614 0.0085 9.6515 -4.4773 0.7437 -9.8363 4.4057 11.1273 -28.0492 -20.8519 20.8241 21.0450 -4.3825 6.9477 15.1847 -0.0000 -0.0000 0.0000 -57.3750 -33.0644 24.9269 32.7404 -43.1295 -13.2442 -0.0000 0.0000 -21.3062 25.0896 -11.4017 -5.2882 -7.1250 0.0000 -0.0000 -1.4342 17.4286 0.9391 -0.0000 -0.0000 0.0000 62.6414 45.1288 28.7713 -28.3680 39.4529 -10.3567 0.0000 -0.0000 -13.9476 -18.7540 -31.4496 10.0457 7.1250 -0.0000 -0.0000 15.6759 -62.1629 -6.6298
-4.2814 13.3392 1.6052 102.6570 76.3142 123.1390 0.0000 0.0000 0.0000 -10.0920 4.1194 -73.1384 13.5620 18.9758 70.8624 0.3634 -4.3425 -10.7263 0.9246 -6.1259 -17.1501 0.0000 0.0000 0.0000 -1.8214 1.3762 -76.6959 -21.6641 -19.9335 94.8708 -3.0607 0.7927 -32.9633 -0.0134 0.7488 -2.0578 -1.0220 -0.2488 44.1757 -5.0828 0.3013 9.8191 -5.2278 0.9541 -9.6902 4.5464 10.9601 -27.4321 -20.8708 20.9818 22.2398 -4.4454 6.9899 15.6500 0.0000 -0.0000 0.0000 -58.6801 -32.2456 24.4114 31.8681 -42.4417 -12.6517 -0.0000 0.0000 -20.9403 26.4044 -10.8970 -5.3621 -7.1250 0.0000 -0.0000 -0.4825 17.8494 0.3114 0.0000 -0.0000 0.0000 62.2283 45.5139 28.4681 -27.2993 38.4631 -9.6847 0.0000 -0.0000 -13.1779 -18.6195 -31.7109 10.0426 7.1250 -0.0000 -0.0000 16.0307 -62.3803 -6.8663
-4.2067 13.3781 1.8240 120.4270 74.7697 140.5740 0.0000 0.0000 0.0000 -9.1604 2.1983 -72.7622 12.9266 18.7555 68.8975 0.1926 -5.5299 -8.1603 0.8943 -6.0274 -16.8639 0.0000 0.0000 0.0000 -1.3065 0.4004 -74.8383 -21.7988 -19.9222 95.2660 -3.0687 1.2867 -32.8718 -0.0073 0.5508 -1.5134 -0.7818 -0.2508 44.4737 -5.3389 0.5386 10.0539 -5.7444 1.1372 -9.4949 4.4037 10.8421 -27.3857 -20.6444 21.2199 23.3307 -4.3198 7.0354 16.1319 -0.0000 0.0000 0.0000 -59.0004 -31.1583 24.6460 31.7781 -42.3696 -12.5910 -0.0000 0.0000 -21.6331 26.9394 -11.5358 -5.8029 -7.1250 0.0000 -0.0000 -0.1517 17.0844 0.1005 -0.0000 0.0000 0.0000 61.8464 46.8127 29.7732 -26.3481 37.5504 -9.0990 0.0000 -0.0000 -13.5681 -18.4729 -32.0034 10.0400 7.1250 -0.0000 -0.0000 16.4293 -62.6231 -7.1359
-4.1203 13.3679 2.1034 133.8700 72.1167 153.8350 0.0000 0.0000 0.0000 -7.8599 0.3900 -72.7973 12.3118 18.5194 66.9738 0.0236 -6.8180 -5.3353 0.7028 -5.3582 -14.9332 0.0000 0.0000 0.0000 -0.3994 -0.5096 -73.6548 -22.0643 -19.8975 96.0455 -3.0892 1.1796 -33.0130 -0.0328 1.1685 -3.2125 -0.6022 -0.0642 44.3691 -5.4922 0.9561 10.1448 -6.1892 1.3812 -9.3295 4.4317 10.7181 -27.5420 -19.9754 21.2862 24.7211 -4.0898 7.0347 16.7141 -0.0000 0.0000 0.0000 -59.3386 -29.4803 25.5812 32.3315 -42.8099 -12.9656 -0.0000 0.0000 -21.0860 26.1530 -12.2003 -5.9245 -7.1250 0.0000 -0.0000 -0.7446 16.4374 0.5035 -0.0000 0.0000 0.0000 62.7514 47.5848 31.7368 -26.3171 37.5202 -9.0801 0.0000 -0.0000 -12.5654 -17.3788 -32.3059 9.4957 7.1250 -0.0000 -0.0000 17.9021 -62.6296 -7.7993
-4.0204 13.3496 2.3820 143.7510 68.2021 162.7450 0.0000 0.0000 0.0000 -7.3331 -1.2979 -72.1393 11.6373 18.2331 64.8343 -0.1364 -8.3439 -2.4880 0.7905 -5.6755 -15.8458 0.0000 0.0000 0.0000 1.2965 -2.4236 -71.7004 -22.3293 -19.8694 96.8246 -3.3023 0.1438 -34.4533 -0.0876 1.9092 -5.2548 -0.0640 -0.4521 44.8546 -5.7262 0.9003 10.3711 -6.7177 1.4498 -9.2199 4.8514 10.8291 -27.2097 -20.0160 21.4212 24.8802 -4.1546 7.1468 16.8020 -0.0000 -0.0000 0.0000 -59.6931 -28.2191 26.0387 32.9444 -43.2873 -13.3839 -0.0000 0.0000 -21.1558 25.8921 -8.7634 -4.2295 -7.1250 0.0000 -0.0000 -0.7259 20.2566 0.4297 -0.0000 -0.0000 0.0000 62.4000 48.8564 34.4883 -26.4454 37.6451 -9.1583 0.0000 -0.0000 -13.2484 -16.7192 -31.3967 8.8939 7.1250 -0.0000 -0.0000 17.8868 -61.6019 -7.3581
-3.9336 13.3649 2.6548 150.3630 63.4856 168.0120 0.0000 0.0000 0.0000 -6.7957 -3.9002 -70.4708 10.8254 17.8486 62.2133 -0.2358 -9.4550 -0.7936 0.9744 -6.2840 -17.6106 0.0000 0.0000 0.0000 3.3574 -5.4481 -69.7666 -22.4112 -19.8600 97.0657 -3.5031 -1.3287 -35.9602 -0.1236 2.2661 -6.2416 0.4387 -1.0617 46.0607 -5.7825 0.6298 10.5350 -6.9622 1.4363 -9.3887 4.7673 10.5927 -27.0253 -19.5716 21.0567 25.1350 -4.0660 7.0454 16.7152 0.0000 -0.0000 0.0000 -60.8805 -27.6554 26.8794 33.2784 -43.5429 -13.6135 -0.0000 0.0000 -22.0998 26.5381 -11.2087 -5.5447 -7.1250 0.0000 -0.0000 -0.4092 17.4906 0.2673 0.0000 -0.0000 0.0000 62.7896 49.5562 35.8926 -26.8867 38.0710 -9.4292 0.0000 -0.0000 -12.6412 -16.2771 -30.7866 8.5000 7.1250 -0.0000 -0.0000 17.8931 -60.9146 -7.0685
-3.8288 13.3780 2.8943 154.8210 59.0189 170.8320 0.0000 0.0000 0.0000 -6.7151 -5.8517 -68.5349 10.1871 17.5137 60.1118 -0.1918 -9.3293 -2.1482 1.0271 -6.4468 -18.0863 0.0000 0.0000 0.0000 5.5418 -8.6402 -67.6504 -22.3217 -19.8703 96.8022 -3.7989 -3.0124 -38.0230 -0.1452 2.4553 -6.7657 0.7330 -1.5491 48.7718 -6.0762 0.4178 9.6034 -7.3641 1.5060 -9.7403 4.6666 10.4040 -27.0958 -19.1519 20.8861 25.6260 -3.9356 6.9873 16.8435 0.0000 0.0000 0.0000 -61.4517 -27.4183 27.4240 32.8079 -43.1819 -13.2904 -0.0000 0.0000 -21.5059 25.2529 -11.4293 -5.3399 -7.1250 0.0000 -0.0000 -1.3216 17.3816 0.8667 0.0000 0.0000 0.0000 63.7161 49.9009 36.3063 -26.8325 38.0190 -9.3958 0.0000 -0.0000 -12.3165 -12.9223 -31.2954 6.7966 7.1250 -0.0000 -0.0000 21.8847 -60.5845 -8.5531
-3.6855 13.3630 3.0802 158.7350 55.4943 173.4890 0.0000 0.0000 0.0000 -6.6055 -5.8500 -67.9981 10.2100 17.5263 60.1881 0.0982 -5.2448 -6.2290 0.4374 -4.2441 -11.7643 0.0000 0.0000 0.0000 7.7205 -10.8917 -66.0865 -22.3784 -19.8638 96.9691 -3.9535 -3.8718 -39.0871 -0.2241 3.0474 -8.4106 0.7677 -1.5253 49.7269 -6.2472 0.6550 9.5714 -7.7136 1.7086 -9.8985 4.4706 10.3625 -27.3251 -18.3812 20.7218 25.9674 -3.6247 6.9493 16.8487 -0.0000 0.0000 0.0000 -61.6895 -27.1877 28.1826 32.9728 -43.3091 -13.4034 -0.0000 0.0000 -20.3875 24.0045 -13.2986 -5.8488 -7.1250 0.0000 -0.0000 -2.2975 15.4810 1.6022 -0.0000 0.0000 0.0000 65.5277 49.5467 36.7152 -26.8600 38.0454 -9.4127 0.0000 -0.0000 -10.7622 -13.5482 -30.4575 6.9640 7.1250 -0.0000 -0.0000 20.5548 -59.9572 -7.6975
-3.5081 13.3574 3.1827 162.1170 53.4490 175.2700 0.0000 0.0000 0.0000 -6.6315 -3.8117 -67.5026 10.3562 17.6054 60.6725 0.2523 -2.0533 -8.9960 0.4445 -4.2779 -11.8599 0.0000 0.0000 0.0000 10.1072 -12.6808 -64.1286 -22.4648 -19.8537 97.2234 -4.1913 -3.9604 -40.2334 -0.3374 3.7327 -10.3259 -0.2196 -0.5012 50.3169 -6.2472 1.5801 9.6278 -7.6701 2.2135 -9.8019 4.1245 10.3648 -27.1929 -17.4746 20.5599 26.1417 -3.2373 6.9482 16.6476 -0.0000 0.0000 0.0000 -62.2077 -26.7342 28.3546 33.6008 -43.7868 -13.8361 -0.0000 0.0000 -21.0110 23.6025 -13.6948 -5.9060 -7.1250 0.0000 -0.0000 -2.5968 15.0986 1.8327 -0.0000 0.0000 0.0000 66.1712 49.1170 37.0074 -26.5620 37.7583 -9.2297 0.0000 -0.0000 -10.4121 -12.6809 -30.0348 6.4258 7.1250 -0.0000 -0.0000 21.1394 -59.3650 -7.6269
-3.3549 13.2959 3.1477 165.2860 50.0310 176.7640 0.0000 0.0000 0.0000 -6.6638 -3.8309 -67.4143 10.6702 17.7699 61.7059 0.2377 1.1961 -9.7243 0.7149 -5.4035 -15.0631 0.0000 0.0000 0.0000 11.3297 -16.8198 -62.6988 -22.9041 -19.7966 98.5188 -4.2608 -2.4617 -40.0209 -0.5233 4.6361 -12.8735 -0.5624 -0.8552 50.8643 -6.3687 1.1840 9.7081 -7.4951 2.1356 -9.8308 4.2649 10.7521 -26.9288 -17.3185 20.9786 25.9216 -3.0851 7.1711 16.5247 -0.0000 -0.0000 0.0000 -61.8689 -26.4750 27.2947 33.2650 -43.5328 -13.6043 -0.0000 0.0000 -21.3292 24.2762 -14.0149 -6.2334 -7.1250 0.0000 -0.0000 -2.1567 14.6743 1.5412 -0.0000 -0.0000 0.0000 66.9818 49.2731 38.5433 -26.1550 37.3614 -8.9816 0.0000 -0.0000 -10.9093 -13.0753 -29.8360 6.5913 7.1250 -0.0000 -0.0000 20.5785 -59.2701 -7.3665
-3.1906 13.2154 3.0388 168.1720 47.4704 178.7230 0.0000 0.0000 0.0000 -6.3102 -3.5379 -68.4022 11.0048 17.9374 62.7971 0.0681 0.2818 -5.0411 0.2835 -3.4245 -9.4629 0.0000 0.0000 0.0000 12.1863 -19.4458 -61.9233 -23.3828 -19.7234 99.9345 -3.8932 -2.2814 -38.2207 -0.6910 5.3140 -14.8064 -1.0942 -0.4772 50.5186 -6.6018 1.4643 9.7445 -7.6192 2.3166 -9.7089 4.7914 11.0741 -26.0874 -17.1171 21.0426 25.5114 -3.0879 7.3416 16.1672 -0.0000 0.0000 0.0000 -61.3319 -27.4325 26.1460 32.2490 -42.7448 -12.9095 -0.0000 0.0000 -21.4457 24.5913 -13.4349 -6.0695 -7.1250 0.0000 -0.0000 -1.9034 15.2660 1.3359 -0.0000 0.0000 0.0000 67.9284 48.4890 38.8683 -26.3012 37.5046 -9.0704 0.0000 -0.0000 -9.5524 -15.0228 -29.6387 7.5601 7.1250 -0.0000 -0.0000 18.3871 -59.5299 -6.6616
-3.0513 13.1745 2.8656 170.7980 44.7965 181.0850 0.0000 0.0000 0.0000 -5.3306 -4.6536 -69.6050 11.5624 18.1995 64.5948 0.0464 2.2401 -5.5246 0.1827 -2.7527 -7.5911 0.0000 0.0000 0.0000 13.2060 -21.1473 -61.7481 -23.6157 -19.6836 100.6255 -3.8700 -2.8162 -38.2969 -0.9987 6.3598 -17.8319 -0.9736 -0.4029 50.4551 -6.9517 1.6644 9.6516 -8.1673 2.4490 -9.7884 5.7967 11.3402 -25.5255 -17.7941 21.2815 25.1357 -3.4729 7.5134 16.1572 0.0000 -0.0000 0.0000 -59.9496 -29.1293 26.0155 31.6251 -42.2462 -12.4880 -0.0000 0.0000 -21.7089 25.6004 -12.6705 -5.9994 -7.1250 0.0000 -0.0000 -1.1589 15.9836 0.7951 0.0000 -0.0000 0.0000 67.5158 47.8191 37.7867 -27.1196 38.2930 -9.5732 0.0000 -0.0000 -9.5290 -14.5818 -29.2464 7.2433 7.1250 -0.0000 -0.0000 18.5741 -59.0579 -6.5210
-2.9339 13.0938 2.6005 171.4060 41.9709 182.3520 0.0000 0.0000 0.0000 -7.0138 -4.4630 -72.0465 12.3106 18.5189 66.9700 0.0397 1.4740 -4.6127 0.1461 -2.4635 -6.7885 0.0000 0.0000 0.0000 12.2364 -23.5932 -61.4158 -24.0918 -19.5938 102.0418 -3.8652 -2.0454 -38.0043 -1.2703 7.1436 -20.1415 -1.2502 -0.5103 50.0558 -7.3601 1.5624 9.9312 -8.4234 2.4987 -9.4317 4.9199 11.1234 -26.1028 -16.8243 21.0368 25.5273 -2.9913 7.3734 16.1314 0.0000 -0.0000 0.0000 -58.3285 -31.6225 26.0478 31.0188 -41.7508 -12.0824 -0.0000 0.0000 -21.9860 26.1244 -13.2074 -6.3934 -7.1250 0.0000 -0.0000 -0.8367 15.3321 0.5858 0.0000 -0.0000 0.0000 65.7777 47.7496 36.5256 -27.6658 38.8067 -9.9135 0.0000 -0.0000 -10.4229 -16.7186 -29.5077 8.4155 7.1250 -0.0000 -0.0000 16.4870 -59.7975 -6.0545
-2.8244 12.9966 2.3022 172.2970 39.8043 184.2230 0.0000 0.0000 0.0000 -8.2699 -3.6734 -75.1130 13.2594 18.8738 69.9294 0.0307 -1.3383 -3.1161 0.0715 -1.7256 -4.7480 0.0000 0.0000 0.0000 11.2618 -24.9495 -61.4997 -24.6303 -19.4780 103.6521 -3.6807 -1.6602 -36.9670 -1.7385 8.2987 -23.6249 -1.8774 0.0824 50.0682 -7.1381 2.0185 9.7505 -8.0881 2.7011 -9.5704 4.8525 10.8935 -26.2479 -16.9989 20.7832 25.3702 -3.1075 7.2495 16.0776 0.0000 0.0000 0.0000 -57.3613 -34.4080 26.5522 30.1053 -40.9835 -11.4786 -0.0000 0.0000 -21.7184 26.2552 -13.4447 -6.5424 -7.1250 0.0000 -0.0000 -0.7651 15.0550 0.5401 0.0000 0.0000 0.0000 64.1719 47.3946 35.3317 -27.9089 39.0322 -10.0663 0.0000 -0.0000 -10.7662 -15.9608 -29.4564 8.0059 7.1250 -0.0000 -0.0000 17.2618 -59.5726 -6.2560
-2.7266 12.8793 1.9321 172.2830 36.6838 184.9430 0.0000 0.0000 0.0000 -9.5137 -5.3779 -76.9182 14.3911 19.2284 73.3955 0.0443 -3.4096 -4.1422 0.0561 -1.5283 -4.2038 0.0000 0.0000 0.0000 8.8402 -28.5909 -60.3351 -25.1451 -19.3531 105.2009 -3.5543 0.0336 -35.7953 -2.2204 9.3109 -26.7728 -1.8728 -0.0892 50.8699 -7.3771 2.0053 9.7813 -8.3980 2.8025 -9.6486 5.1132 10.5229 -27.0712 -16.6263 19.9410 25.5200 -3.1912 6.9040 16.1627 -0.0000 0.0000 0.0000 -56.1807 -37.7401 27.4613 29.5639 -40.5167 -11.1252 -0.0000 0.0000 -21.4700 26.1736 -12.8349 -6.2309 -7.1250 0.0000 -0.0000 -0.7755 15.7361 0.5362 -0.0000 0.0000 0.0000 62.8687 46.8075 33.2952 -27.8614 38.9884 -10.0364 0.0000 -0.0000 -10.9810 -16.1724 -29.1934 8.0512 7.1250 -0.0000 -0.0000 16.8550 -59.3694 -6.0210
-2.6414 12.7602 1.5286 172.2620 34.2765 185.8230 0.0000 0.0000 0.0000 -10.3773 -7.1868 -78.6585 15.5911 19.5274 77.0111 0.0647 -5.1648 -5.4225 0.0117 -0.6975 -1.9167 0.0000 0.0000 0.0000 6.6519 -31.6409 -59.2459 -25.4867 -19.2624 106.2338 -3.4058 0.8708 -34.7904 -2.5243 9.8820 -28.5954 -2.1227 0.2034 51.5411 -7.3347 2.3539 9.6505 -8.4326 3.0124 -9.8371 4.9560 10.1696 -27.6123 -16.1534 19.3597 25.8305 -3.1125 6.6576 16.2390 0.0000 -0.0000 0.0000 -55.6521 -41.3879 28.1846 28.4097 -39.4906 -10.3832 -0.0000 0.0000 -19.9964 26.4837 -13.6234 -6.6931 -7.1250 0.0000 -0.0000 -0.6229 14.8296 0.4428 0.0000 -0.0000 0.0000 61.8845 46.1473 31.6410 -27.8969 39.0211 -10.0587 0.0000 -0.0000 -10.6634 -16.1298 -29.9289 8.2105 7.1250 -0.0000 -0.0000 17.4160 -60.0632 -6.5190
-2.5588 12.6797 1.1105 172.6470 32.3662 186.3730 0.0000 0.0000 0.0000 -10.8401 -8.3238 -79.2488 16.7246 19.7408 80.3835 0.0958 -7.3829 -7.1095 0.0004 -0.1370 -0.3763 0.0000 0.0000 0.0000 4.6507 -34.7284 -57.0819 -25.6024 -19.2302 106.5848 -3.2348 1.4463 -33.7311 -2.9781 10.6596 -31.1402 -2.2328 0.3035 53.0300 -7.4299 2.6007 9.5792 -8.6837 3.2294 -10.0608 5.0181 10.1574 -28.1515 -15.9935 19.0553 25.4658 -3.1094 6.5311 16.1143 0.0000 -0.0000 0.0000 -54.9522 -44.8089 27.5850 27.1926 -38.3622 -9.6184 -0.0000 0.0000 -18.5238 27.3682 -13.8999 -7.0885 -7.1250 0.0000 -0.0000 -0.0438 14.4085 0.0315 0.0000 -0.0000 0.0000 62.4200 47.4689 30.0464 -26.7239 37.9146 -9.3289 0.0000 -0.0000 -9.0042 -17.4059 -30.0130 8.9119 7.1250 -0.0000 -0.0000 16.0988 -60.4461 -6.1572
-2.5072 12.5841 0.7077 173.0980 30.9297 188.2010 0.0000 0.0000 0.0000 -10.7166 -9.9528 -81.2350 17.7889 19.8824 83.5230 0.1943 -8.4649 -9.1936 0.0056 0.4828 1.3267 0.0000 0.0000 0.0000 3.3130 -36.5609 -56.9683 -25.8732 -19.1520 107.4087 -2.9952 2.4536 -32.1736 -3.3442 11.2325 -33.0679 -2.7873 0.5262 52.6331 -7.1680 2.6960 9.7654 -8.1351 3.2817 -9.7855 4.4247 10.2333 -29.1884 -15.6781 19.1417 25.2229 -2.8267 6.4802 16.1111 0.0000 -0.0000 0.0000 -53.4727 -46.8001 26.2310 26.8763 -38.0610 -9.4228 -0.0000 0.0000 -17.9271 27.5295 -13.7019 -7.0382 -7.1250 0.0000 -0.0000 0.0831 14.6067 -0.0595 0.0000 -0.0000 0.0000 63.8063 49.7761 30.5429 -25.8843 37.0942 -8.8178 0.0000 -0.0000 -7.3683 -17.7199 -29.5712 8.9610 7.1250 -0.0000 -0.0000 15.4506 -60.0937 -5.7720
-2.4718 12.5007 0.3261 173.8170 29.5318 189.7770 0.0000 0.0000 0.0000 -10.0959 -11.7299 -82.4605 18.7660 19.9635 86.3899 0.3223 -9.8484 -11.4284 0.0236 0.9922 2.7273 0.0000 0.0000 0.0000 2.4249 -38.6458 -55.9392 -25.9084 -19.1416 107.5161 -2.8336 2.6932 -31.2067 -3.9457 12.0878 -36.0434 -2.5771 0.3990 52.7986 -7.2888 2.7310 9.8228 -8.3914 3.3319 -9.7365 4.3893 10.2235 -29.7568 -15.2107 18.7689 24.9704 -2.7062 6.3430 15.9737 -0.0000 -0.0000 0.0000 -51.4799 -48.3741 25.2369 26.9710 -38.1516 -9.4812 -0.0000 0.0000 -18.3603 28.1124 -13.4781 -7.0976 -7.1250 0.0000 -0.0000 0.4998 14.7781 -0.3558 -0.0000 -0.0000 0.0000 63.5806 52.0478 30.3377 -25.6754 36.8864 -8.6921 0.0000 -0.0000 -7.0966 -20.6490 -30.2138 10.7382 7.1250 -0.0000 -0.0000 12.6535 -61.4330 -5.1081
-2.4810 12.3885 -0.0566 173.7930 28.9737 191.2270 0.0000 0.0000 0.0000 -10.3290 -13.1451 -84.1312 19.6933 19.9977 89.1032 0.5385 -10.2176 -13.9379 0.0017 0.2658 0.7303 0.0000 0.0000 0.0000 0.3142 -39.9676 -56.0341 -26.0870 -19.0874 108.0613 -2.4847 3.7968 -28.9210 -4.1584 12.3682 -37.0473 -2.5337 0.3366 52.1993 -7.7448 2.6509 9.8881 -8.8573 3.3060 -9.6029 4.7577 10.3917 -29.7667 -15.2822 18.7463 24.6585 -2.7948 6.3626 15.8759 0.0000 -0.0000 0.0000 -49.6749 -49.2704 24.1770 26.7653 -37.9545 -9.3544 -0.0000 0.0000 -17.6971 28.8112 -14.2076 -7.6880 -7.1250 0.0000 -0.0000 0.9051 13.8646 -0.6619 0.0000 -0.0000 0.0000 63.5681 54.1085 30.5054 -25.7154 36.9263 -8.7161 0.0000 -0.0000 -7.3509 -18.1344 -29.2645 9.0960 7.1250 -0.0000 -0.0000 14.7948 -59.8933 -5.4495
-2.4207 12.3595 -0.4062 175.1260 29.0682 192.1990 0.0000 0.0000 0.0000 -9.6050 -12.6467 -84.2134 20.5007 19.9940 91.4641 0.6925 -11.7340 -15.8632 0.0046 0.4400 1.2089 0.0000 0.0000 0.0000 -0.1250 -39.9642 -53.5191 -25.7816 -19.1789 107.1296 -2.4180 4.1770 -28.4444 -4.5019 12.7999 -38.6241 -2.8840 0.9914 52.7263 -7.6547 3.2586 9.7603 -8.8942 3.5793 -9.7268 4.8131 10.4891 -29.7296 -15.0908 18.6669 24.3881 -2.7432 6.3641 15.7031 -0.0000 0.0000 0.0000 -48.3554 -49.3296 23.5490 27.0995 -38.2739 -9.5607 -0.0000 0.0000 -18.1227 31.9115 -12.5673 -7.7164 -7.1250 0.0000 -0.0000 3.1811 15.2807 -2.2337 -0.0000 0.0000 0.0000 64.6028 56.3612 31.1936 -25.4289 36.6392 -8.5446 0.0000 -0.0000 -6.1621 -18.2841 -28.6597 9.0046 7.1250 -0.0000 -0.0000 14.2417 -59.3373 -5.0507
-2.3953 12.2981 -0.7411 176.0560 28.8047 193.9810 0.0000 0.0000 0.0000 -8.7868 -13.3158 -85.5912 21.2731 19.9611 93.7247 0.8244 -12.4090 -17.2062 0.0227 0.9729 2.6741 0.0000 0.0000 0.0000 -0.0432 -40.2226 -52.9945 -25.5468 -19.2458 106.4162 -2.3492 4.3238 -27.9931 -4.6321 12.9571 -39.2083 -2.8513 1.0779 51.4448 -7.5767 3.4025 10.0370 -8.7859 3.6073 -9.2437 4.6520 10.6987 -29.7432 -14.9467 18.8418 24.0090 -2.6093 6.4463 15.5103 0.0000 -0.0000 0.0000 -47.4654 -49.7268 21.1839 26.2346 -37.4395 -9.0299 -0.0000 0.0000 -16.5218 30.8006 -13.8843 -8.1409 -7.1250 0.0000 -0.0000 2.2811 13.9346 -1.6660 0.0000 -0.0000 0.0000 64.4644 57.8149 32.4194 -26.1920 37.3977 -9.0040 0.0000 -0.0000 -6.7165 -19.5296 -27.8430 9.4063 7.1250 -0.0000 -0.0000 12.4032 -58.8167 -4.2302
-2.3836 12.2683 -1.0489 176.6220 28.9945 194.8880 0.0000 0.0000 0.0000 -8.4781 -13.9818 -85.6025 21.7799 19.9239 95.2105 1.0891 -12.7224 -19.4025 0.0278 1.0767 2.9599 0.0000 0.0000 0.0000 -0.4616 -39.8151 -51.9734 -25.2385 -19.3289 105.4827 -2.3197 3.7898 -27.9034 -4.5559 12.8655 -38.8670 -2.9865 1.4213 51.2230 -7.5879 3.7781 10.1490 -8.8718 3.7795 -9.0398 4.9292 10.7994 -29.8810 -15.0911 18.8569 23.8816 -2.7021 6.4499 15.5351 0.0000 0.0000 0.0000 -47.4102 -50.5895 20.2640 25.6131 -36.8241 -8.6547 -0.0000 0.0000 -15.4178 31.8515 -13.1096 -8.0210 -7.1250 0.0000 -0.0000 3.0788 14.6633 -2.2024 0.0000 0.0000 0.0000 64.2674 58.6260 31.8102 -26.5660 37.7622 -9.2321 0.0000 -0.0000 -6.3966 -19.5929 -28.0036 9.4879 7.1250 -0.0000 -0.0000 12.4283 -58.9907 -4.2909
-2.4366 12.2356 -1.3347 176.8590 29.6223 195.7110 0.0000 0.0000 0.0000 -8.7648 -14.3701 -86.0682 22.2970 19.8730 96.7296 1.3484 -12.6261 -21.2913 0.0345 1.1993 3.2972 0.0000 0.0000 0.0000 -1.7377 -38.5697 -51.2890 -25.0086 -19.3876 104.7891 -2.1397 3.5921 -26.7894 -4.5102 12.8100 -38.6612 -2.6728 1.1658 50.5878 -7.9634 3.6252 10.3911 -9.3186 3.7249 -8.6970 4.6757 11.1286 -30.0023 -14.5958 19.2092 23.8788 -2.3731 6.6093 15.4883 -0.0000 0.0000 0.0000 -46.8431 -50.9325 18.8927 24.7586 -35.9562 -8.1477 -0.0000 0.0000 -17.0174 31.8231 -14.1980 -8.6547 -7.1250 0.0000 -0.0000 2.9322 13.4143 -2.1748 -0.0000 0.0000 0.0000 64.6649 59.8244 32.4520 -26.1666 37.3727 -8.9886 0.0000 -0.0000 -7.6752 -21.9407 -28.4767 10.8722 7.1250 -0.0000 -0.0000 10.1239 -60.0132 -3.7317
-2.5225 12.2464 -1.5972 177.5650 31.6819 196.2660 0.0000 0.0000 0.0000 -8.4747 -14.4342 -85.5072 22.5894 19.8385 97.5906 1.7657 -11.1466 -23.9467 0.0004 -0.1273 -0.3498 0.0000 0.0000 0.0000 -2.3233 -36.9002 -50.8988 -24.6204 -19.4803 103.6225 -2.0950 3.2871 -26.5563 -4.4888 12.7839 -38.5647 -3.1004 1.5783 50.2542 -7.8362 3.8102 10.4291 -9.0210 3.7518 -8.5850 3.6443 10.7122 -30.2392 -13.3795 18.4277 23.6027 -1.9199 6.3547 15.0135 -0.0000 0.0000 0.0000 -47.5969 -50.1647 17.6863 25.1928 -36.4004 -8.4040 -0.0000 0.0000 -21.9239 30.9193 -10.5957 -6.2848 -7.1250 0.0000 -0.0000 2.7021 17.6870 -1.7554 -0.0000 0.0000 0.0000 67.5248 61.3442 34.1277 -25.2890 36.4979 -8.4612 0.0000 -0.0000 -7.7474 -22.4539 -29.5079 11.5056 7.1250 -0.0000 -0.0000 10.1567 -61.1778 -4.0256
-2.6695 12.2691 -1.8341 178.0750 33.9024 196.2310 0.0000 0.0000 0.0000 -8.9184 -14.4016 -84.3780 22.8223 19.8079 98.2773 2.1973 -9.5102 -26.6306 0.0373 -1.2473 -3.4296 0.0000 0.0000 0.0000 -3.2899 -36.4481 -50.2779 -24.1386 -19.5843 102.1816 -2.1748 4.3206 -26.8873 -4.3083 12.5597 -37.7421 -2.7705 2.0110 50.5089 -7.6544 4.5019 10.6199 -9.2555 4.0633 -8.3185 1.2483 7.1584 -32.2420 -8.5285 12.4852 23.7880 -0.9758 4.2286 14.1657 0.0000 -0.0000 0.0000 -48.8134 -50.3811 19.4865 25.5101 -36.7208 -8.5930 -0.0000 0.0000 -23.6678 29.1896 -9.8997 -5.4861 -7.1250 0.0000 -0.0000 1.5491 18.6771 -0.9718 0.0000 -0.0000 0.0000 68.4911 62.0214 32.4780 -25.0235 36.2280 -8.3038 0.0000 -0.0000 -7.9266 -23.4396 -30.3489 12.3561 7.1250 -0.0000 -0.0000 9.5493 -62.2754 -4.0302
-2.8286 12.3164 -2.0142 179.0840 36.2623 196.7590 0.0000 0.0000 0.0000 -9.0527 -13.7358 -83.8254 22.8832 19.7995 98.4571 2.4507 -8.0767 -28.2057 0.1221 -2.2530 -6.2055 0.0000 0.0000 0.0000 -3.4147 -35.2952 -50.0766 -23.5704 -19.6916 100.4910 -2.0959 4.9913 -26.2716 -3.3594 11.2552 -33.1456 -2.8989 1.9594 50.4795 -7.1558 4.2979 10.7656 -8.5280 3.8977 -8.1959 -3.7042 0.6369 -33.7819 0.6102 2.5830 23.0057 1.3670 0.8684 13.2129 0.0000 -0.0000 0.0000 -48.4328 -49.6317 19.2111 25.1853 -36.3928 -8.3996 -0.0000 0.0000 -21.2327 26.6904 -10.5365 -5.2525 -7.1250 0.0000 -0.0000 -0.2584 18.2200 0.1646 0.0000 -0.0000 0.0000 69.9370 63.0294 34.4837 -25.5661 36.7770 -8.6265 0.0000 -0.0000 -8.8483 -24.2300 -30.6432 12.9192 7.1250 -0.0000 -0.0000 8.8109 -62.7789 -3.8203
-2.9957 12.3853 -2.1534 179.9670 38.4165 197.1760 0.0000 0.0000 0.0000 -9.1720 -13.3066 -83.1333 22.8061 19.8102 98.2295 2.6491 -6.6142 -29.4921 0.1126 -2.1636 -5.9580 0.0000 0.0000 0.0000 -3.2581 -34.2262 -50.1529 -22.9209 -19.7942 98.5683 -2.0871 3.6049 -26.4421 -4.3865 12.6577 -38.1003 -3.0581 2.0586 50.9298 -6.1298 4.1567 10.4964 -7.2914 3.6838 -8.6147 -8.3441 -5.9970 -31.2514 9.4486 -7.1611 19.7127 3.5972 -2.5276 12.3012 0.0000 0.0000 0.0000 -48.8543 -48.4679 20.8153 25.6165 -36.8275 -8.6568 -0.0000 0.0000 -20.9672 25.6606 -10.7814 -5.1353 -7.1250 0.0000 -0.0000 -0.9979 18.0520 0.6397 0.0000 0.0000 0.0000 70.2961 63.2668 35.3552 -26.1636 37.3699 -8.9868 0.0000 -0.0000 -9.0239 -25.4061 -30.6740 13.6205 7.1250 -0.0000 -0.0000 7.4302 -63.1216 -3.2777
-3.1652 12.4237 -2.2786 179.9620 40.7662 196.9510 0.0000 0.0000 0.0000 -10.1664 -12.9956 -82.3928 22.6895 19.8257 97.8855 2.7894 -5.1257 -30.4939 0.0827 -1.8555 -5.1065 0.0000 0.0000 0.0000 -4.4597 -33.4702 -49.9391 -22.3326 -19.8690 96.8344 -2.0931 4.5854 -26.3130 -4.5688 12.8811 -38.9250 -3.0660 1.6523 51.4251 -5.6519 3.4236 10.0881 -6.4943 3.2343 -9.2264 -10.6784 -9.9762 -27.8744 15.0494 -13.0602 15.2608 4.8476 -4.8094 11.3095 -0.0000 0.0000 0.0000 -48.4217 -46.8803 22.1085 25.8153 -37.0258 -8.7762 -0.0000 0.0000 -20.5536 25.0735 -11.0207 -5.1109 -7.1250 0.0000 -0.0000 -1.4240 17.8472 0.9193 -0.0000 0.0000 0.0000 71.1662 62.0483 38.6278 -27.6122 38.7567 -9.8799 0.0000 -0.0000 -11.5172 -27.2148 -30.8482 14.7723 7.1250 -0.0000 -0.0000 5.3342 -63.7895 -2.4332
-3.3102 12.4755 -2.3909 179.8160 43.3141 196.3480 0.0000 0.0000 0.0000 -11.2308 -12.3213 -81.3221 22.6053 19.8365 97.6373 2.9786 -3.9370 -31.7672 0.1356 -2.3730 -6.5378 0.0000 0.0000 0.0000 -5.8232 -32.4454 -49.4895 -21.7282 -19.9282 95.0588 -2.0315 5.6028 -25.7697 -4.3006 12.5500 -37.7065 -3.0512 1.2261 52.2579 -5.2947 2.6702 9.5626 -5.8437 2.7951 -9.9965 -12.0687 -11.9206 -26.5528 18.4040 -15.7938 12.4886 5.6994 -5.8837 10.9686 0.0000 0.0000 0.0000 -47.5977 -45.6797 22.7944 26.0339 -37.2422 -8.9081 -0.0000 0.0000 -21.2081 23.2708 -10.9381 -4.6652 -7.1250 0.0000 -0.0000 -2.6872 18.1072 1.7209 0.0000 0.0000 0.0000 72.2562 61.5406 39.7858 -27.5647 38.7124 -9.8503 0.0000 -0.0000 -12.1407 -25.9460 -30.6634 13.9362 7.1250 -0.0000 -0.0000 6.7734 -63.2552 -3.0077
-3.4357 12.4952 -2.5013 179.9580 46.5552 195.6670 0.0000 0.0000 0.0000 -12.0921 -11.1418 -80.2758 22.6378 19.8324 97.7331 3.1839 -1.1867 -33.5262 0.3143 -3.6042 -9.9657 0.0000 0.0000 0.0000 -7.0194 -30.9673 -49.3214 -21.2965 -19.9597 93.7930 -1.9526 6.3733 -25.1671 -4.0593 12.2389 -36.5823 -3.1107 1.4698 52.6678 -4.7166 2.7574 9.2119 -5.2440 2.7304 -10.4491 -13.0497 -12.5879 -25.8405 19.7451 -16.5189 11.0672 6.1759 -6.2092 10.7108 0.0000 -0.0000 0.0000 -48.1534 -45.8654 23.9236 25.8373 -37.0476 -8.7894 -0.0000 0.0000 -20.6717 23.2784 -10.7698 -4.5963 -7.1250 0.0000 -0.0000 -2.6749 18.2883 1.7023 0.0000 -0.0000 0.0000 73.5392 60.2489 38.9588 -27.2249 38.3928 -9.6385 0.0000 -0.0000 -10.7750 -25.9557 -31.2144 14.1585 7.1250 -0.0000 -0.0000 7.1058 -63.8227 -3.2504
-3.5742 12.5184 -2.6136 179.8530 49.5278 195.0130 0.0000 0.0000 0.0000 -12.5748 -10.9740 -79.3923 22.6249 19.8340 97.6950 3.3086 0.2303 -34.5992 0.1461 -2.4630 -6.7871 0.0000 0.0000 0.0000 -7.9938 -30.0894 -49.7040 -20.8239 -19.9837 92.4096 -1.8891 6.9386 -24.6981 -4.0355 12.2074 -36.4698 -2.1833 1.1159 53.0492 -4.7537 2.6314 8.9184 -5.6832 2.6038 -10.8428 -11.8898 -12.2761 -26.7605 18.6526 -16.1436 11.1810 5.6558 -6.0356 10.6035 -0.0000 0.0000 0.0000 -47.8265 -45.4180 24.4756 26.6042 -37.7991 -9.2555 -0.0000 0.0000 -20.7673 22.7952 -10.3356 -4.3120 -7.1250 0.0000 -0.0000 -2.9999 18.7983 1.8758 -0.0000 0.0000 0.0000 72.4313 58.6479 36.7124 -27.2570 38.4231 -9.6584 0.0000 -0.0000 -11.4317 -27.7815 -31.4798 15.3820 7.1250 -0.0000 -0.0000 5.0081 -64.6003 -2.3787
-3.6579 12.5896 -2.7220 179.5570 52.5911 193.1990 0.0000 0.0000 0.0000 -13.7829 -9.6730 -76.9046 22.4887 19.8509 97.2938 3.4756 2.0135 -36.0530 0.2681 -3.3308 -9.2012 0.0000 0.0000 0.0000 -8.4036 -29.5818 -48.8977 -20.1700 -19.9993 90.4970 -2.0919 6.0970 -26.1131 -3.7040 11.7557 -34.8733 -2.3189 1.0586 54.5189 -4.6110 2.4348 8.7483 -5.4338 2.5156 -11.2045 -11.2041 -11.7957 -27.4976 18.4475 -15.5505 11.0652 5.5904 -5.7062 10.5108 -0.0000 -0.0000 0.0000 -46.4768 -45.1370 24.7623 27.2060 -38.3749 -9.6267 -0.0000 0.0000 -21.2757 22.1915 -10.8321 -4.3838 -7.1250 0.0000 -0.0000 -3.4435 18.3163 2.1908 -0.0000 -0.0000 0.0000 72.3077 57.3980 34.6718 -27.5974 38.7430 -9.8707 0.0000 -0.0000 -10.4452 -26.8665 -31.4263 14.7961 7.1250 -0.0000 -0.0000 6.1194 -64.2903 -2.8641
-3.7864 12.6320 -2.8163 179.2710 55.4617 192.6860 0.0000 0.0000 0.0000 -14.3986 -9.0718 -76.4816 22.3614 19.8658 96.9192 3.6893 3.3222 -37.6013 0.1760 -2.7027 -7.4521 0.0000 0.0000 0.0000 -8.5756 -27.9603 -49.9581 -19.7161 -19.9981 89.1698 -2.0841 5.4273 -26.1371 -3.3983 11.3135 -33.3445 -2.1959 0.8611 54.5873 -4.3105 2.1067 8.4467 -5.0144 2.2821 -11.5884 -11.7508 -11.5015 -25.8371 19.4689 -15.0579 9.6403 6.1638 -5.5517 9.8204 0.0000 0.0000 0.0000 -47.1152 -45.7214 24.6929 27.0759 -38.2515 -9.5461 -0.0000 0.0000 -21.0943 22.0252 -10.1764 -4.0882 -7.1250 0.0000 -0.0000 -3.5408 19.0325 2.1968 0.0000 0.0000 0.0000 70.5708 55.4469 33.2948 -28.2193 39.3173 -10.2623 0.0000 -0.0000 -11.0327 -24.5398 -32.2623 13.6967 7.1250 -0.0000 -0.0000 9.5500 -64.4964 -4.5273
-3.8913 12.6865 -2.8821 178.2930 57.9020 191.8090 0.0000 0.0000 0.0000 -15.3996 -8.5440 -76.1503 22.1110 19.8928 96.1827 3.6054 4.9871 -37.8526 0.2353 -3.1221 -8.6188 0.0000 0.0000 0.0000 -9.2282 -26.2944 -50.5987 -19.2044 -19.9848 87.6732 -2.0193 5.1685 -25.7419 -3.1392 10.9171 -32.0008 -2.6854 0.6887 54.2598 -3.6794 1.5771 8.3407 -3.8272 1.9746 -11.7116 -11.8701 -11.2520 -27.2600 18.5392 -14.5734 11.0474 5.9496 -5.3042 10.3701 -0.0000 -0.0000 0.0000 -46.9847 -45.1088 24.8724 27.5598 -38.7078 -9.8472 -0.0000 0.0000 -22.6373 22.3164 -10.1843 -4.1510 -7.1250 0.0000 -0.0000 -3.3344 19.0005 2.0706 -0.0000 -0.0000 0.0000 68.9441 53.7337 32.4956 -28.9974 40.0183 -10.7590 0.0000 -0.0000 -11.0772 -21.8337 -32.6270 12.1897 7.1250 -0.0000 -0.0000 13.0702 -64.1163 -6.1042
-3.9243 12.8417 -2.8794 178.8080 60.8847 190.1110 0.0000 0.0000 0.0000 -15.8883 -5.2309 -73.1575 21.6433 19.9351 94.8096 3.6918 5.2531 -38.3867 0.2382 -3.1409 -8.6712 0.0000 0.0000 0.0000 -9.1028 -23.3080 -48.2176 -18.4229 -19.9403 85.3843 -2.1007 4.5115 -26.3747 -3.1927 11.0007 -32.2822 -2.2165 1.4782 57.1041 -4.0475 2.6238 7.7465 -5.0669 2.4490 -12.5781 -9.8806 -11.5194 -26.8999 18.7841 -15.7091 10.8171 5.4739 -5.7244 10.2897 -0.0000 0.0000 0.0000 -46.2829 -46.7325 28.6992 28.7084 -39.7602 -10.5737 -0.0000 0.0000 -23.6322 22.2838 -10.8307 -4.4034 -7.1250 0.0000 -0.0000 -3.3783 18.3099 2.1497 -0.0000 0.0000 0.0000 68.1050 50.4274 27.8698 -29.9467 40.8477 -11.3748 0.0000 -0.0000 -11.2999 -22.8561 -30.4827 12.0695 7.1250 -0.0000 -0.0000 10.3136 -62.2596 -4.3525
-3.9694 12.9761 -2.8357 177.4340 64.2710 187.2010 0.0000 0.0000 0.0000 -16.6840 -2.2011 -70.7959 21.1804 19.9666 93.4531 3.8261 4.5707 -38.7527 0.0879 -1.9128 -5.2647 0.0000 0.0000 0.0000 -9.9687 -20.1267 -46.7853 -17.8766 -19.8916 83.7809 -1.9867 4.9251 -25.5564 -3.0211 10.7292 -31.3719 -4.6245 2.7160 59.0507 -2.9696 2.6717 7.3864 -2.8838 2.4769 -13.1163 -10.3150 -10.8293 -28.0300 17.9810 -14.6145 12.5362 5.5007 -5.2053 10.8662 0.0000 -0.0000 0.0000 -46.7693 -45.6762 27.9747 29.5619 -40.5149 -11.1239 -0.0000 0.0000 -22.9340 20.9969 -10.6800 -4.0685 -7.1250 0.0000 -0.0000 -4.2821 18.5776 2.7023 0.0000 -0.0000 0.0000 67.0178 49.7455 28.3764 -30.3339 41.1779 -11.6289 0.0000 -0.0000 -11.1097 -18.3279 -31.3747 9.7852 7.1250 -0.0000 -0.0000 16.0935 -61.9831 -6.7430
-4.0264 13.0881 -2.7383 176.7760 67.2217 185.3990 0.0000 0.0000 0.0000 -16.7255 0.1132 -69.2830 20.6846 19.9888 92.0019 3.5579 6.2968 -38.1946 0.1905 -2.8110 -7.7531 0.0000 0.0000 0.0000 -9.4686 -17.7011 -46.2838 -17.3874 -19.8356 82.3412 -2.1039 4.4743 -26.4010 -2.6857 10.1681 -29.5227 -4.6431 3.3294 60.8996 -2.9375 3.1916 6.8921 -3.1802 2.6821 -13.7604 -9.5707 -10.6961 -28.2067 17.6001 -14.9403 14.4286 5.2046 -5.2667 11.5468 0.0000 0.0000 0.0000 -46.5883 -46.3942 30.1169 30.5946 -41.3976 -11.8008 -0.0000 0.0000 -24.2504 21.5350 -10.7667 -4.2161 -7.1250 0.0000 -0.0000 -3.9046 18.4415 2.4747 0.0000 0.0000 0.0000 66.5745 47.6985 26.7606 -31.1499 41.8588 -12.1697 0.0000 -0.0000 -11.6401 -18.3239 -30.5103 9.5444 7.1250 -0.0000 -0.0000 15.4507 -61.1484 -6.1607
-4.0763 13.2189 -2.5837 174.3580 70.4628 182.2430 0.0000 0.0000 0.0000 -16.8804 2.4092 -67.9381 20.0914 19.9998 90.2671 3.3763 7.7501 -37.9994 0.2478 -3.2030 -8.8445 0.0000 0.0000 0.0000 -9.1709 -14.8454 -46.2185 -16.9545 -19.7762 81.0635 -2.1575 4.3348 -26.7730 -2.1783 9.2281 -26.5114 -7.0196 4.4423 61.9651 -1.7295 3.0326 6.7596 -0.7413 2.6147 -13.9460 -11.2064 -10.0026 -29.3902 17.5212 -13.4982 16.3373 5.8171 -4.6061 12.3634 -0.0000 0.0000 0.0000 -47.8343 -45.2506 27.9188 31.5852 -42.2140 -12.4612 -0.0000 0.0000 -23.7354 22.5394 -9.7292 -4.0118 -7.1250 0.0000 -0.0000 -3.1620 19.4716 1.9301 -0.0000 0.0000 0.0000 66.5827 47.5864 28.9407 -32.5619 42.9905 -13.1224 0.0000 -0.0000 -11.1713 -15.7593 -30.8078 8.2242 7.1250 -0.0000 -0.0000 18.4690 -60.8096 -7.2586
-4.1517 13.3425 -2.3923 169.2700 72.2928 178.1540 0.0000 0.0000 0.0000 -17.6520 2.1267 -67.9450 19.3837 19.9909 88.1978 2.9988 10.6972 -37.7483 0.3418 -3.7570 -10.3941 0.0000 0.0000 0.0000 -9.1506 -13.5768 -48.0964 -16.6068 -19.7217 80.0346 -2.2604 3.9811 -27.4940 -1.3673 7.4007 -20.9080 -7.5402 4.1840 61.4587 -1.7114 2.3614 6.7863 -0.1439 2.3163 -13.8772 -10.9226 -9.5636 -30.1862 16.6249 -12.8388 17.3491 5.5931 -4.3380 12.6711 -0.0000 0.0000 0.0000 -48.4308 -45.4018 27.6892 32.0005 -42.5476 -12.7412 -0.0000 0.0000 -23.6027 23.4221 -9.9945 -4.2996 -7.1250 0.0000 -0.0000 -2.5428 19.1142 1.5715 -0.0000 0.0000 0.0000 66.8223 47.8669 29.5466 -32.3930 42.8582 -13.0073 0.0000 -0.0000 -12.2587 -15.9028 -30.1401 8.1414 7.1250 -0.0000 -0.0000 17.8129 -60.2108 -6.7362
-4.1873 13.5352 -2.1549 169.1610 74.9950 177.2800 0.0000 0.0000 0.0000 -16.0777 4.0317 -66.3723 18.5217 19.9475 85.6742 2.5812 11.7986 -36.3127 0.4256 -4.1868 -11.6029 0.0000 0.0000 0.0000 -7.0062 -10.2851 -47.8458 -16.0879 -19.6290 78.4934 -2.2314 2.7633 -27.5533 -1.0230 6.4344 -18.0502 -7.7280 4.8516 61.9442 -1.1875 3.0034 6.8021 0.2097 2.5424 -13.8997 -10.7906 -9.1752 -30.3440 15.8288 -12.2034 17.9734 5.4160 -4.1301 12.7496 -0.0000 0.0000 0.0000 -49.7903 -45.5131 28.4492 32.3420 -42.8182 -12.9727 -0.0000 0.0000 -23.5792 22.8007 -10.5343 -4.3948 -7.1250 0.0000 -0.0000 -3.0030 18.5840 1.8920 -0.0000 0.0000 0.0000 67.0752 47.2344 29.4243 -32.4466 42.9003 -13.0438 0.0000 -0.0000 -11.9437 -17.3665 -27.9899 8.3499 7.1250 -0.0000 -0.0000 14.8065 -58.4747 -4.9489
-4.2145 13.7731 -1.8857 167.1800 77.3830 174.9060 0.0000 0.0000 0.0000 -14.9989 5.6126 -64.3936 17.3974 19.8368 82.3707 2.2245 13.1543 -35.3647 0.3065 -3.5595 -9.8405 0.0000 0.0000 0.0000 -5.2916 -7.1870 -47.3185 -15.4555 -19.4975 76.6051 -2.2535 2.4280 -27.7707 -0.8867 6.0024 -16.7913 -7.8462 5.2854 62.5739 -1.0030 3.3110 6.5952 0.2928 2.6424 -14.1714 -10.6351 -8.8793 -30.8621 14.9818 -11.6453 18.5235 5.1903 -3.9500 12.8778 0.0000 0.0000 0.0000 -50.2929 -45.0982 30.0402 33.1436 -43.4402 -13.5207 -0.0000 0.0000 -23.6843 22.3307 -10.5675 -4.3080 -7.1250 0.0000 -0.0000 -3.3365 18.5883 2.1024 0.0000 0.0000 0.0000 67.8578 46.8258 29.6555 -32.4630 42.9132 -13.0550 0.0000 -0.0000 -11.5678 -18.3586 -27.6902 8.7665 7.1250 -0.0000 -0.0000 13.5708 -58.4019 -4.5017
-4.2374 13.9583 -1.5769 160.6160 79.2878 168.5960 0.0000 0.0000 0.0000 -14.8686 6.9786 -63.1211 16.2792 19.6648 79.0624 1.6725 15.0077 -33.7574 0.3638 -3.8744 -10.7235 0.0000 0.0000 0.0000 -4.4313 -4.6446 -47.5110 -14.9608 -19.3800 75.1186 -2.2598 2.1553 -27.8762 -0.7669 5.5920 -15.6050 -8.8179 6.2087 61.8176 -0.6323 3.8077 6.7042 0.9135 2.8229 -14.0350 -10.5719 -8.7638 -30.7549 13.9890 -11.1918 18.1103 4.8671 -3.8998 12.5266 0.0000 0.0000 0.0000 -51.1744 -45.1981 31.9283 33.6488 -43.8229 -13.8693 -0.0000 0.0000 -23.3982 21.8543 -10.9029 -4.3382 -7.1250 0.0000 -0.0000 -3.6835 18.2693 2.3480 0.0000 0.0000 0.0000 67.5882 46.3545 29.0971 -32.7870 43.1656 -13.2761 0.0000 -0.0000 -11.8596 -17.5420 -28.0120 8.4445 7.1250 -0.0000 -0.0000 14.6336 -58.5354 -4.9109
-4.2712 14.1017 -1.2828 154.1860 80.2310 162.9520 0.0000 0.0000 0.0000 -14.6652 7.5420 -62.5817 15.2902 19.4596 76.1092 1.3208 15.7845 -32.3712 0.3380 -3.7359 -10.3349 0.0000 0.0000 0.0000 -3.7463 -3.3957 -48.5988 -14.7233 -19.3189 74.4017 -2.2619 2.5736 -27.7908 -0.4676 4.3859 -12.1648 -8.9937 6.0131 60.4371 -0.5166 3.5430 6.8007 1.3142 2.6709 -13.8816 -10.2293 -8.3162 -30.7926 12.3495 -10.2014 17.6065 4.3640 -3.6700 12.0378 0.0000 0.0000 0.0000 -51.7259 -44.1903 33.1990 34.3987 -44.3780 -14.3912 -0.0000 0.0000 -23.6257 21.8257 -11.2345 -4.4615 -7.1250 0.0000 -0.0000 -3.7143 17.9176 2.3965 0.0000 0.0000 0.0000 68.8264 45.7523 29.4732 -33.6503 43.8239 -13.8703 0.0000 -0.0000 -12.3150 -18.3511 -26.7479 8.4910 7.1250 -0.0000 -0.0000 13.0434 -57.4694 -4.0288
-4.3075 14.2167 -0.9499 146.2460 80.8452 155.7840 0.0000 0.0000 0.0000 -14.6012 8.1573 -62.1971 14.3557 19.2184 73.2880 0.9921 16.4807 -30.9904 0.3298 -3.6908 -10.2084 0.0000 0.0000 0.0000 -3.1341 -1.9691 -49.8682 -14.6200 -19.2914 74.0895 -2.2530 1.9258 -27.8899 -0.4097 4.1091 -11.3837 -9.3551 5.9638 58.9207 -0.3588 3.3607 6.8834 1.8049 2.5572 -13.7175 -9.5791 -7.6144 -31.0422 10.5704 -8.9766 17.3435 3.8178 -3.3130 11.6635 -0.0000 -0.0000 0.0000 -52.2493 -42.9699 33.8990 35.6043 -45.2388 -15.2409 -0.0000 0.0000 -24.1544 21.3518 -10.6221 -4.1216 -7.1250 0.0000 -0.0000 -4.0299 18.6107 2.5394 -0.0000 -0.0000 0.0000 69.7132 45.3902 29.4014 -34.6394 44.5529 -14.5598 0.0000 -0.0000 -12.9766 -18.2683 -27.3482 8.6232 7.1250 -0.0000 -0.0000 13.4682 -58.0447 -4.3507
-4.3444 14.3266 -0.6015 140.2770 80.2792 150.4720 0.0000 0.0000 0.0000 -14.7004 7.6414 -61.2592 13.3196 18.8945 70.1152 0.7191 17.0932 -29.8272 0.2987 -3.5143 -9.7140 0.0000 0.0000 0.0000 -2.6555 -1.8979 -51.0013 -14.6232 -19.2923 74.0991 -2.2988 2.0045 -28.1606 -0.2930 3.4809 -9.6207 -9.0597 5.2256 57.5830 -0.3765 2.7861 7.0287 2.0034 2.2862 -13.4574 -9.1203 -7.0520 -30.9880 9.2146 -7.9737 16.5537 3.4179 -3.0222 11.1389 0.0000 0.0000 0.0000 -52.9212 -42.4591 34.5241 35.9935 -45.5086 -15.5178 -0.0000 0.0000 -24.1791 20.4367 -9.0059 -3.3383 -7.1250 0.0000 -0.0000 -4.6523 20.3948 2.7484 0.0000 0.0000 0.0000 71.0757 44.7211 29.1608 -35.9670 45.4904 -15.4990 0.0000 -0.0000 -13.4076 -18.7449 -26.6387 8.6514 7.1250 -0.0000 -0.0000 12.5683 -57.4460 -3.8717
-4.3720 14.3861 -0.2208 137.9610 79.1962 148.9940 0.0000 0.0000 0.0000 -14.7182 7.2535 -61.0307 12.3680 18.5419 67.1505 0.3572 16.8918 -26.9611 0.2265 -3.0632 -8.4549 0.0000 0.0000 0.0000 -2.0531 -2.3518 -52.6040 -14.8430 -19.3501 74.7634 -2.3151 2.2029 -28.2151 -0.1293 2.3182 -6.3858 -8.3421 4.3097 55.8513 -0.2544 2.2843 7.1801 2.1486 2.0227 -13.1698 -8.5297 -6.3800 -30.9634 7.2591 -6.7550 15.8541 2.8198 -2.6926 10.6317 0.0000 -0.0000 0.0000 -54.1511 -42.2367 35.2777 36.0642 -45.5572 -15.5683 -0.0000 0.0000 -24.0490 21.3519 -10.5720 -4.1024 -7.1250 0.0000 -0.0000 -4.0286 18.6641 2.5338 0.0000 -0.0000 0.0000 71.7080 44.1461 28.2421 -36.5878 45.9132 -15.9433 0.0000 -0.0000 -13.2154 -17.2642 -27.3374 8.1224 7.1250 -0.0000 -0.0000 14.5234 -57.8144 -4.6198
-4.3942 14.4465 0.1756 136.3670 78.0842 147.5890 0.0000 0.0000 0.0000 -14.4775 6.6940 -59.8277 11.4085 18.1292 64.1011 0.1011 17.8629 -26.1510 0.3001 -3.5221 -9.7360 0.0000 0.0000 0.0000 -1.3333 -2.3903 -53.2357 -14.9683 -19.3818 75.1411 -2.3662 1.7776 -28.6408 -0.0521 1.4727 -4.0505 -7.7936 3.5298 55.0719 -0.1656 1.7302 7.1042 2.3016 1.7616 -13.1888 -8.1969 -5.7202 -31.5035 5.7743 -5.6020 16.4183 2.4294 -2.3314 10.7614 0.0000 -0.0000 0.0000 -55.0951 -41.8516 35.8046 36.0324 -45.5354 -15.5456 -0.0000 0.0000 -24.0045 21.0088 -10.6131 -4.0458 -7.1250 0.0000 -0.0000 -4.2721 18.6479 2.6893 0.0000 -0.0000 0.0000 72.7852 41.1773 28.9281 -40.5613 48.3989 -18.8579 0.0000 -0.0000 -14.2018 -18.9100 -27.3225 8.9360 7.1250 -0.0000 -0.0000 12.7705 -58.1611 -4.1562
-4.4147 14.4892 0.5812 134.2110 77.3340 145.4320 0.0000 0.0000 0.0000 -14.1444 6.6324 -58.5630 10.5360 17.7005 61.2654 -0.1922 18.0748 -23.8802 0.1419 -2.4279 -6.6897 0.0000 0.0000 0.0000 -0.5569 -1.6808 -53.5278 -15.0888 -19.4116 75.5041 -2.4718 1.2251 -29.4382 -0.0245 1.0104 -2.7774 -7.7583 3.3099 53.9655 0.0270 1.6260 7.3588 2.5945 1.6948 -12.7898 -7.9500 -5.5037 -31.7257 5.2834 -5.3143 17.3286 2.2633 -2.2509 11.0937 -0.0000 -0.0000 0.0000 -55.8323 -41.8480 36.4531 36.1746 -45.6329 -15.6472 -0.0000 0.0000 -24.0517 21.6171 -10.7563 -4.2297 -7.1250 0.0000 -0.0000 -3.8463 18.4459 2.4372 -0.0000 -0.0000 0.0000 73.0283 42.6363 28.4204 -38.0255 46.8556 -16.9842 0.0000 -0.0000 -14.2343 -18.6614 -28.1804 9.0620 7.1250 -0.0000 -0.0000 13.5388 -58.9531 -4.6706
-4.4599 14.4795 0.9441 130.6220 77.0237 142.2050 0.0000 0.0000 0.0000 -13.7880 6.9344 -58.1634 9.9143 17.3614 59.2015 -0.3046 18.3347 -23.2042 0.1997 -2.8776 -7.9383 0.0000 0.0000 0.0000 0.0859 -1.1820 -54.6684 -15.3048 -19.4630 76.1530 -2.5921 1.6827 -30.0417 -0.0003 0.1157 -0.3178 -7.6749 3.0593 52.5391 0.0167 1.4521 7.5366 2.6801 1.5878 -12.4209 -7.4791 -5.2623 -32.8173 4.2916 -4.9343 19.9969 1.8886 -2.1798 12.2349 -0.0000 -0.0000 0.0000 -56.5962 -41.3074 36.9070 36.7545 -46.0251 -16.0631 -0.0000 0.0000 -24.3530 21.7348 -10.9712 -4.3387 -7.1250 0.0000 -0.0000 -3.7698 18.2065 2.4085 -0.0000 -0.0000 0.0000 73.0368 42.9827 28.5276 -37.6552 46.6177 -16.7145 0.0000 -0.0000 -14.2659 -20.2928 -28.0578 9.8665 7.1250 -0.0000 -0.0000 11.6993 -59.2055 -4.0951
-4.5273 14.4543 1.2534 127.7160 76.7527 139.3640 0.0000 0.0000 0.0000 -13.3906 7.0907 -57.6625 9.3933 17.0542 57.4405 -0.3970 17.9736 -21.6562 0.2042 -2.9095 -8.0268 0.0000 0.0000 0.0000 0.6116 -0.3663 -55.4514 -15.4777 -19.5024 76.6715 -2.6435 1.1958 -30.4763 -0.0001 -0.0487 0.1338 -6.9491 2.3568 51.7297 0.0136 1.0419 7.6333 2.5683 1.3759 -12.2125 -7.7019 -5.1729 -32.8386 3.5517 -4.5226 21.8795 1.7269 -2.1342 12.9531 0.0000 -0.0000 0.0000 -57.8912 -40.6178 37.1743 36.9968 -46.1865 -16.2378 -0.0000 0.0000 -24.2722 22.3708 -10.9098 -4.4541 -7.1250 0.0000 -0.0000 -3.3198 18.2175 2.1191 0.0000 -0.0000 0.0000 73.6576 42.3963 28.8109 -38.5550 47.1901 -17.3716 0.0000 -0.0000 -13.6897 -19.4652 -30.1046 10.0527 7.1250 -0.0000 -0.0000 13.9019 -61.0331 -5.4906
-4.5751 14.4420 1.5499 120.2660 76.7347 131.9940 0.0000 0.0000 0.0000 -13.7290 8.1417 -57.1229 8.9329 16.7643 55.8578 -0.3816 17.3794 -20.8135 0.5368 -4.6944 -13.0391 0.0000 0.0000 0.0000 0.4852 1.6706 -55.9344 -15.6445 -19.5390 77.1707 -2.7317 0.8689 -31.0841 -0.0088 -0.6071 1.6682 -7.6543 2.5469 50.6879 0.1181 0.9766 7.8961 3.0726 1.3296 -11.7449 -7.3255 -5.0641 -33.4855 2.6563 -4.2323 23.7503 1.3706 -2.1118 13.7952 0.0000 0.0000 0.0000 -59.7627 -39.9429 37.5404 37.0549 -46.2249 -16.2796 -0.0000 0.0000 -24.0933 23.3773 -11.3829 -4.8764 -7.1250 0.0000 -0.0000 -2.6318 17.6169 1.7137 0.0000 0.0000 0.0000 73.4726 43.0940 29.3079 -38.1889 46.9595 -17.1035 0.0000 -0.0000 -13.6883 -21.4969 -27.2614 10.2263 7.1250 -0.0000 -0.0000 9.9463 -58.6813 -3.3480
-4.6285 14.4608 1.7367 112.3530 77.1939 124.1750 0.0000 0.0000 0.0000 -13.3842 8.8497 -56.2095 8.5712 16.5237 54.5950 -0.1198 15.9364 -21.3853 0.4734 -4.4128 -12.2410 0.0000 0.0000 0.0000 0.7086 3.4984 -56.1609 -15.5234 -19.5126 76.8083 -2.7166 0.5448 -31.0899 -0.0218 -0.9531 2.6197 -7.3821 2.4041 49.7647 0.1248 0.9696 8.0683 2.9923 1.2861 -11.4290 -7.1119 -5.4684 -33.5676 2.5429 -4.8718 25.1667 1.1539 -2.3825 14.4477 0.0000 0.0000 0.0000 -62.5180 -39.6265 38.5772 36.6170 -45.9328 -15.9642 -0.0000 0.0000 -23.7800 24.3893 -10.9754 -4.9336 -7.1250 0.0000 -0.0000 -1.9023 17.9628 1.2236 0.0000 0.0000 0.0000 73.0513 43.4340 29.5333 -37.6767 46.6316 -16.7302 0.0000 -0.0000 -13.7567 -22.9644 -22.4253 9.1823 7.1250 -0.0000 -0.0000 6.3080 -54.0122 -1.4017
-4.6720 14.5330 1.8711 105.1340 77.3677 116.5760 0.0000 0.0000 0.0000 -13.1059 9.1965 -54.5894 8.2257 16.2828 53.3718 0.1897 13.8093 -21.6645 0.4981 -4.5245 -12.5572 0.0000 0.0000 0.0000 0.8063 5.0677 -55.3746 -15.1766 -19.4328 75.7680 -2.6611 0.4413 -30.7961 -0.0292 -1.1039 3.0346 -6.0014 1.5560 49.7430 -0.5641 0.6009 8.4477 1.7701 1.1195 -11.0025 -7.1925 -6.4780 -35.3893 4.4789 -6.9060 28.9072 1.5230 -2.8759 16.7628 0.0000 0.0000 0.0000 -64.6363 -40.6384 40.2474 35.6734 -45.2871 -15.2900 -0.0000 0.0000 -24.2822 25.5429 -11.0765 -5.2458 -7.1250 0.0000 -0.0000 -1.0978 17.7392 0.7113 0.0000 0.0000 0.0000 73.3373 43.7509 28.9409 -37.1166 46.2657 -16.3242 0.0000 -0.0000 -13.6314 -22.6756 -28.2056 11.1706 7.1250 -0.0000 -0.0000 9.1517 -59.9143 -3.3479
-4.7273 14.5657 1.9038 96.4655 77.5527 109.0360 0.0000 0.0000 0.0000 -12.7638 8.9253 -54.9243 8.0569 16.1609 52.7674 0.4721 8.8663 -19.1088 0.8391 -5.8434 -16.3307 0.0000 0.0000 0.0000 0.4775 6.3165 -56.8592 -14.9754 -19.3836 75.1625 -2.5503 1.0064 -29.9741 -0.0308 -1.1331 3.1151 -4.9535 0.7375 47.0064 -0.8097 0.2084 9.6365 1.4082 0.8727 -10.5275 -6.9769 -6.6918 -35.2003 5.7436 -7.9395 32.3153 1.8774 -2.9831 18.6737 -0.0000 -0.0000 0.0000 -66.9951 -40.4574 42.1110 36.0924 -45.5766 -15.5884 -0.0000 0.0000 -22.8347 25.6925 -10.7900 -5.1466 -7.1250 0.0000 -0.0000 -0.9760 18.0394 0.6259 -0.0000 -0.0000 0.0000 73.1013 43.4126 28.7316 -36.9943 46.1848 -16.2359 0.0000 -0.0000 -13.7047 -21.5845 -27.2380 10.2632 7.1250 -0.0000 -0.0000 9.8384 -58.6775 -3.3104
-4.7690 14.5906 1.8632 83.8172 77.4435 96.9631 0.0000 0.0000 0.0000 -12.2277 8.9818 -54.3333 7.9526 16.0843 52.3916 0.3947 6.9380 -16.4017 1.2418 -7.0661 -19.9114 0.0000 0.0000 0.0000 0.0100 7.4545 -57.8748 -14.8251 -19.3455 74.7094 -2.4416 2.4703 -28.9377 -0.0340 -1.1899 3.2716 -4.6133 0.4716 46.4997 -0.7040 0.0454 9.8545 1.4391 0.7622 -10.1521 -6.6831 -6.6571 -34.7480 6.0489 -8.2424 33.7432 1.9440 -2.9805 19.4245 -0.0000 -0.0000 0.0000 -68.7689 -40.5895 44.0289 36.7021 -45.9900 -16.0255 -0.0000 0.0000 -22.5504 26.2520 -11.7063 -5.7143 -7.1250 0.0000 -0.0000 -0.6422 16.9712 0.4268 -0.0000 -0.0000 0.0000 71.9576 43.8630 27.9458 -36.6114 45.9291 -15.9602 0.0000 -0.0000 -13.7351 -21.3477 -28.2818 10.4914 7.1250 -0.0000 -0.0000 10.6704 -59.6762 -3.8499
-4.7962 14.5466 1.7395 68.7096 76.5953 82.5424 0.0000 0.0000 0.0000 -12.0042 10.1612 -54.6918 8.1738 16.2456 53.1863 0.0856 8.1808 -13.2407 1.1342 -6.7639 -19.0177 0.0000 0.0000 0.0000 -0.7538 8.3576 -59.7729 -14.9710 -19.3825 75.1493 -2.2789 4.9932 -27.4473 -0.0650 -1.6456 4.5271 -4.7900 0.4289 46.1913 -0.5763 -0.1416 9.8531 1.7615 0.6383 -10.0634 -6.6713 -6.3957 -34.4826 5.9585 -7.8503 34.7394 2.0395 -2.8294 19.9107 -0.0000 -0.0000 0.0000 -69.8631 -40.4978 45.1104 36.8909 -46.1161 -16.1613 -0.0000 0.0000 -21.7143 24.8918 -11.7896 -5.4158 -7.1250 0.0000 -0.0000 -1.5946 17.0249 1.0583 -0.0000 -0.0000 0.0000 71.5567 44.1716 27.7329 -36.0036 45.5156 -15.5250 0.0000 -0.0000 -13.5718 -21.2589 -28.4355 10.4955 7.1250 -0.0000 -0.0000 10.8571 -59.8097 -3.9529
-4.8047 14.5238 1.5790 56.5749 75.1983 70.8944 0.0000 0.0000 0.0000 -12.0919 11.5771 -55.4832 8.6276 16.5620 54.7930 0.0113 8.8869 -12.8725 0.7654 -5.5868 -15.5902 0.0000 0.0000 0.0000 -1.5515 9.5401 -61.2559 -15.0095 -19.3921 75.2654 -2.0770 6.6923 -25.9631 -0.0845 -1.8755 5.1617 -4.7638 0.2624 46.0559 -0.4612 -0.3640 9.9481 1.9793 0.5049 -9.9102 -6.4895 -6.4065 -34.1063 5.8793 -7.9770 35.4214 1.9616 -2.8565 20.2328 0.0000 -0.0000 0.0000 -70.2222 -41.1844 46.6312 36.4250 -45.8032 -15.8264 -0.0000 0.0000 -22.0120 27.4724 -13.7998 -7.0700 -7.1250 0.0000 -0.0000 0.0358 14.5056 -0.0257 0.0000 -0.0000 0.0000 71.3721 44.7618 27.3136 -34.8446 44.7008 -14.7039 0.0000 -0.0000 -13.4364 -21.1029 -28.2026 10.3363 7.1250 -0.0000 -0.0000 10.8951 -59.5391 -3.8964
-4.7963 14.5519 1.3988 45.1097 73.4504 60.1110 0.0000 0.0000 0.0000 -12.1364 13.2385 -56.1746 9.0107 16.8146 56.1270 0.0262 10.1373 -14.8517 0.2539 -3.2418 -8.9526 0.0000 0.0000 0.0000 -2.1357 11.6618 -62.1842 -14.7880 -19.3358 74.5972 -1.8804 7.8910 -24.5991 -0.0788 -1.8108 4.9830 -5.0393 0.3913 46.0206 0.0187 -0.3242 10.0880 2.6278 0.4775 -9.7375 -7.3427 -7.3545 -33.3660 7.1226 -9.5129 34.8749 2.2973 -3.3870 20.0538 -0.0000 -0.0000 0.0000 -70.1826 -42.5430 47.7286 35.9517 -45.4798 -15.4880 -0.0000 0.0000 -23.5756 27.0465 -11.8110 -5.9658 -7.1250 0.0000 -0.0000 -0.0971 16.7668 0.0650 -0.0000 -0.0000 0.0000 70.6349 45.2556 27.2435 -34.4477 44.4137 -14.4255 0.0000 -0.0000 -13.3971 -20.8080 -27.8810 10.0770 7.1250 -0.0000 -0.0000 11.0359 -59.1476 -3.8439
-4.7832 14.6070 1.1779 35.0666 70.9015 50.9119 0.0000 0.0000 0.0000 -12.5372 15.2507 -56.9256 9.3612 17.0346 57.3310 0.1090 10.8904 -17.0279 0.2240 -3.0466 -8.4086 0.0000 0.0000 0.0000 -2.8518 14.0326 -63.0783 -14.3562 -19.2185 73.2895 -1.6421 8.9451 -22.9618 -0.0641 -1.6339 4.4949 -6.2700 0.7853 46.1283 0.9068 -0.3947 9.9582 4.2575 0.3938 -9.8796 -9.0835 -8.7832 -31.5087 8.7793 -11.4747 33.2361 2.8295 -4.2098 19.1919 -0.0000 -0.0000 0.0000 -70.3450 -42.8414 47.6041 35.5400 -45.1939 -15.1952 -0.0000 0.0000 -23.0624 26.2799 -10.9502 -5.3586 -7.1250 0.0000 -0.0000 -0.5732 17.8035 0.3705 -0.0000 -0.0000 0.0000 70.7005 46.3052 28.6332 -33.2928 43.5539 -13.6234 0.0000 -0.0000 -13.0627 -20.5834 -28.5521 10.1759 7.1250 -0.0000 -0.0000 11.6709 -59.7667 -4.2419
-4.7347 14.6321 0.9213 27.1400 67.7150 43.8905 0.0000 0.0000 0.0000 -13.5604 17.8927 -58.2240 9.7275 17.2538 58.5737 0.2114 11.1163 -18.5786 0.4459 -4.2844 -11.8783 0.0000 0.0000 0.0000 -3.5510 15.6842 -64.3984 -14.0672 -19.1343 72.4097 -1.3793 10.9151 -21.2362 -0.0908 -1.9433 5.3491 -6.9069 1.0229 45.5259 1.2810 -0.4081 9.9912 5.0078 0.3308 -9.6702 -10.2091 -10.1265 -30.0028 9.9351 -13.3799 31.3112 2.9997 -5.0277 18.2674 0.0000 -0.0000 0.0000 -70.2780 -42.8223 47.1985 35.9727 -45.4943 -15.5030 -0.0000 0.0000 -23.1907 26.9660 -11.3326 -5.7093 -7.1250 0.0000 -0.0000 -0.1187 17.3071 0.0780 0.0000 -0.0000 0.0000 71.7221 46.3233 29.7216 -33.2301 43.5062 -13.5802 0.0000 -0.0000 -13.0600 -20.2426 -27.8236 9.7663 7.1250 -0.0000 -0.0000 11.6199 -58.9602 -3.9984
-4.6632 14.6156 0.6478 21.8623 64.6300 39.0134 0.0000 0.0000 0.0000 -14.3221 20.2217 -59.3126 10.3665 17.6108 60.7064 0.3967 11.1578 -20.6586 0.3759 -3.9379 -10.9019 0.0000 0.0000 0.0000 -4.1084 16.6797 -65.4866 -13.9183 -19.0891 71.9548 -1.1016 13.0192 -19.5688 -0.1021 -2.0607 5.6735 -7.3550 0.8967 45.0366 1.6938 -0.7623 9.9308 5.8549 0.1222 -9.5595 -11.1287 -10.6845 -29.6096 10.3823 -13.9314 30.6065 3.1878 -5.3331 18.0257 -0.0000 0.0000 0.0000 -69.6492 -42.8115 45.7788 35.7119 -45.3139 -15.3173 -0.0000 0.0000 -23.3594 24.9352 -10.6549 -4.9132 -7.1250 0.0000 -0.0000 -1.5017 18.2609 0.9558 -0.0000 0.0000 0.0000 73.2724 45.8121 31.4139 -33.3205 43.5750 -13.6425 0.0000 -0.0000 -12.9402 -19.8715 -27.5257 9.4828 7.1250 -0.0000 -0.0000 11.8534 -58.5782 -3.9712
-4.5732 14.5508 0.4055 17.8649 61.3151 35.1432 0.0000 0.0000 0.0000 -14.8319 22.5748 -60.2521 11.1569 18.0110 63.2900 0.6489 11.1032 -23.0148 0.3840 -3.9797 -11.0196 0.0000 0.0000 0.0000 -5.0962 18.7226 -66.4972 -14.0035 -19.1151 72.2151 -0.9130 14.1257 -18.4384 -0.1035 -2.0741 5.7105 -7.7385 0.7945 44.1191 1.5901 -1.0961 9.9068 6.0917 -0.0733 -9.2791 -10.5510 -10.4553 -30.0275 10.2096 -13.7659 30.2456 3.0335 -5.2258 17.8229 -0.0000 0.0000 0.0000 -68.7459 -42.5893 44.0354 35.5078 -45.1714 -15.1724 -0.0000 0.0000 -25.0077 24.3089 -10.7025 -4.7951 -7.1250 0.0000 -0.0000 -1.9454 18.2677 1.2383 -0.0000 0.0000 0.0000 75.3958 45.1711 32.6805 -33.2963 43.5566 -13.6258 0.0000 -0.0000 -12.8111 -18.8023 -27.1221 8.8229 7.1250 -0.0000 -0.0000 12.7727 -57.9385 -4.0883
-4.4828 14.4980 0.1672 15.7042 58.7052 32.5143 0.0000 0.0000 0.0000 -15.1997 23.8980 -60.2789 11.8482 18.3257 65.5067 0.8388 11.5203 -25.0288 0.5016 -4.5403 -12.6020 0.0000 0.0000 0.0000 -5.8673 19.6910 -66.7767 -14.0891 -19.1409 72.4765 -0.6963 15.6100 -17.2820 -0.1698 -2.6543 7.3178 -7.7781 0.4615 44.2265 1.9036 -1.5632 9.6065 6.6704 -0.2976 -9.5891 -10.5593 -10.1436 -30.4261 9.6001 -12.9902 29.6923 2.9314 -5.0165 17.4339 0.0000 -0.0000 0.0000 -68.8079 -41.9131 42.5455 35.4141 -45.1055 -15.1059 -0.0000 0.0000 -25.1291 24.5990 -10.0856 -4.5837 -7.1250 0.0000 -0.0000 -1.7113 18.9140 1.0646 0.0000 -0.0000 0.0000 76.7378 44.0702 33.4115 -33.3279 43.5805 -13.6476 0.0000 -0.0000 -13.0314 -20.2466 -25.1861 8.9209 7.1250 -0.0000 -0.0000 10.2555 -56.3068 -2.8648
-4.4052 14.4391 -0.0245 13.3607 56.1229 29.8357 0.0000 0.0000 0.0000 -15.1004 25.6222 -60.2908 12.4830 18.5874 67.5118 1.0050 11.8090 -26.5927 0.4971 -4.5201 -12.5446 0.0000 0.0000 0.0000 -6.3461 21.4941 -67.0029 -14.1594 -19.1617 72.6908 -0.5596 16.3643 -16.5218 -0.2046 -2.9122 8.0344 -7.0474 0.4605 44.0944 1.4993 -1.3646 9.4920 5.7726 -0.2193 -9.7457 -9.1391 -10.0765 -30.5894 9.3446 -13.3533 28.1250 2.4493 -5.0817 16.5721 -0.0000 0.0000 0.0000 -68.1144 -42.2936 42.6485 34.9814 -44.7988 -14.8002 -0.0000 0.0000 -24.7334 26.4628 -10.2051 -5.0400 -7.1250 0.0000 -0.0000 -0.3982 18.6099 0.2503 -0.0000 0.0000 0.0000 78.5357 42.8705 31.9515 -34.0186 44.0985 -14.1260 0.0000 -0.0000 -13.1395 -20.1551 -25.8391 9.0887 7.1250 -0.0000 -0.0000 10.6647 -56.9477 -3.1468
-4.2944 14.4092 -0.1926 12.1614 53.7508 28.2855 0.0000 0.0000 0.0000 -15.4729 26.6073 -59.9146 12.8971 18.7447 68.8056 1.2037 12.4561 -28.6025 0.5576 -4.7830 -13.2907 0.0000 0.0000 0.0000 -6.8400 22.1603 -67.1261 -14.1483 -19.1584 72.6568 -0.3482 17.8151 -15.5534 -0.2721 -3.3554 9.2698 -7.2845 0.4044 43.6369 1.7701 -1.5381 9.3135 6.2740 -0.3197 -9.7889 -9.2780 -10.1465 -30.2475 9.2480 -13.1474 25.6561 2.4442 -5.1217 15.3114 -0.0000 -0.0000 0.0000 -68.6496 -41.8604 41.3378 34.2992 -44.3052 -14.3216 -0.0000 0.0000 -22.6328 28.5451 -10.2202 -5.5130 -7.1250 0.0000 -0.0000 1.0698 18.3825 -0.6780 -0.0000 -0.0000 0.0000 79.7732 41.0510 31.9101 -35.7427 45.3352 -15.3392 0.0000 -0.0000 -13.8627 -21.7455 -25.4995 9.7435 7.1250 -0.0000 -0.0000 8.8136 -56.9431 -2.5932
-4.1360 14.4145 -0.3367 10.5053 51.4153 25.5284 0.0000 0.0000 0.0000 -15.2737 28.4366 -58.1426 13.1813 18.8467 69.6877 1.5279 12.2357 -30.5775 0.2858 -3.4378 -9.5002 0.0000 0.0000 0.0000 -6.1891 22.6148 -65.7272 -13.9906 -19.1112 72.1757 -0.1211 19.4200 -14.6771 -0.2502 -3.2188 8.8886 -7.1102 0.1067 43.8486 2.0207 -1.8507 9.2095 6.6027 -0.4769 -9.9346 -9.8262 -10.0347 -29.8026 9.3107 -12.4637 22.1355 2.6854 -4.9928 13.6611 0.0000 0.0000 0.0000 -67.8729 -41.4319 39.5884 32.8827 -43.2397 -13.3416 -0.0000 0.0000 -21.6255 30.7181 -11.5959 -6.8109 -7.1250 0.0000 -0.0000 2.4650 16.5633 -1.6616 0.0000 0.0000 0.0000 80.8458 38.9284 32.4446 -38.2083 46.9718 -17.1177 0.0000 -0.0000 -15.1228 -24.7382 -25.6554 11.2817 7.1250 -0.0000 -0.0000 5.6416 -57.7625 -1.7662
-4.0497 14.3780 -0.4322 9.6591 49.6612 24.4737 0.0000 0.0000 0.0000 -15.3906 29.7399 -57.9719 13.4466 18.9375 70.5072 1.7649 11.8315 -31.7426 0.3628 -3.8691 -10.7087 0.0000 0.0000 0.0000 -6.2485 22.9794 -65.8274 -13.9736 -19.1060 72.1240 0.1157 20.8048 -13.7100 -0.3036 -3.5424 9.7926 -7.3223 -0.0320 42.8478 2.1503 -2.1236 8.7555 6.9847 -0.6076 -10.1153 -8.8992 -9.6433 -29.3776 8.1514 -11.7978 19.7671 2.2385 -4.8606 12.3873 0.0000 -0.0000 0.0000 -68.4634 -40.6965 38.8950 29.8035 -40.7244 -11.2812 -0.0000 0.0000 -19.4256 32.3941 -12.3761 -7.7439 -7.1250 0.0000 -0.0000 3.5318 15.4316 -2.4695 0.0000 -0.0000 0.0000 82.3752 36.1220 32.5309 -41.2788 48.8096 -19.3962 0.0000 -0.0000 -16.0268 -26.1585 -24.5764 11.5454 7.1250 -0.0000 -0.0000 3.6686 -56.9421 -1.0745
-3.8947 14.4407 -0.4897 8.5875 47.9913 22.2020 0.0000 0.0000 0.0000 -15.0107 31.4611 -55.6043 13.3123 18.8920 70.0927 1.9717 11.6919 -32.8754 0.3410 -3.7526 -10.3816 0.0000 0.0000 0.0000 -5.1424 23.2926 -63.6431 -13.7025 -19.0213 71.2937 0.3449 21.9140 -12.6921 -0.4666 -4.3811 12.1515 -6.6091 -0.8640 42.3677 1.6576 -2.8937 8.8622 6.3933 -0.9867 -9.7944 -8.0493 -9.0102 -29.9071 7.5567 -10.8761 17.3570 2.0691 -4.5059 11.3639 0.0000 0.0000 0.0000 -68.2126 -40.8411 35.3083 25.5750 -36.7859 -8.6319 -0.0000 0.0000 -17.0888 32.0802 -12.6716 -7.8291 -7.1250 0.0000 -0.0000 3.2841 15.1352 -2.3166 0.0000 0.0000 0.0000 84.7568 34.3013 33.7192 -44.1287 50.3344 -21.5660 0.0000 -0.0000 -15.9157 -28.1188 -24.9241 12.6909 7.1250 -0.0000 -0.0000 1.6154 -57.7565 -0.5045
-3.8180 14.4871 -0.5192 8.7735 47.0579 21.7146 0.0000 0.0000 0.0000 -15.3261 31.9598 -54.1753 13.0561 18.8023 69.2995 1.9083 12.3373 -32.9811 0.2914 -3.4716 -9.5947 0.0000 0.0000 0.0000 -4.9898 23.1143 -62.5208 -13.4758 -18.9473 70.5969 0.4853 22.6484 -12.1559 -0.5083 -4.5702 12.6866 -7.1369 -0.8670 41.8654 2.0024 -3.1111 8.3884 7.1503 -1.0740 -10.1093 -7.5137 -8.4327 -29.6005 6.5630 -9.8962 14.8653 1.8387 -4.2077 10.2096 0.0000 0.0000 0.0000 -69.6169 -41.1305 33.9186 21.6092 -32.5326 -6.3744 -0.0000 0.0000 -16.9280 31.3040 -11.5110 -6.9191 -7.1250 0.0000 -0.0000 2.8782 16.5843 -1.9395 0.0000 0.0000 0.0000 85.1076 32.0923 33.7241 -45.8582 51.1820 -22.9055 0.0000 -0.0000 -16.0722 -27.4833 -23.4751 11.7071 7.1250 -0.0000 -0.0000 1.8619 -56.0538 -0.5050
-3.7243 14.5551 -0.5173 8.7261 46.2238 20.9408 0.0000 0.0000 0.0000 -15.3052 32.3554 -52.2216 12.6349 18.6463 67.9875 1.9119 12.8397 -33.3833 0.2170 -2.9991 -8.2762 0.0000 0.0000 0.0000 -4.5550 23.2514 -60.8239 -13.1006 -18.8182 69.4376 0.5786 23.0273 -11.7157 -0.5214 -4.6278 12.8499 -6.9507 -1.3546 41.0469 1.7507 -3.6633 8.1437 7.0035 -1.3335 -10.0750 -7.8727 -7.3343 -28.7459 6.9638 -8.2571 12.4171 2.3614 -3.4687 9.1167 -0.0000 0.0000 0.0000 -70.5493 -40.4384 31.7594 19.3131 -29.8058 -5.1855 -0.0000 0.0000 -16.8645 26.7346 -10.3495 -5.1707 -7.1250 0.0000 -0.0000 -0.2153 18.4231 0.1362 -0.0000 0.0000 0.0000 85.7733 30.4906 34.5132 -46.4449 51.4570 -23.3635 0.0000 -0.0000 -16.5476 -28.2241 -25.2104 12.8776 7.1250 -0.0000 -0.0000 1.5922 -58.0889 -0.5100
-3.6642 14.6340 -0.4874 8.9364 45.7966 20.7210 0.0000 0.0000 0.0000 -15.4267 32.3991 -50.6026 12.1355 18.4474 66.4177 1.7759 13.5883 -33.1804 0.2125 -2.9680 -8.1897 0.0000 0.0000 0.0000 -4.1522 23.0374 -59.4477 -12.7663 -18.6962 68.3982 0.5684 23.0682 -11.8423 -0.5116 -4.5847 12.7277 -6.9843 -1.3973 40.0440 1.9248 -3.7058 7.7705 7.2259 -1.3563 -10.1611 -7.2900 -5.4413 -30.4008 3.9658 -5.1859 13.6215 1.7077 -2.3321 9.4446 0.0000 -0.0000 0.0000 -71.9722 -38.9204 33.2296 19.0841 -29.5230 -5.0722 -0.0000 0.0000 -16.3886 24.0200 -11.5011 -5.0777 -7.1250 0.0000 -0.0000 -2.1876 17.4271 1.4330 0.0000 -0.0000 0.0000 84.9068 28.6585 34.5058 -46.7447 51.5951 -23.5982 0.0000 -0.0000 -17.2617 -26.8654 -25.1309 12.1412 7.1250 -0.0000 -0.0000 3.0871 -57.6907 -0.9597
-3.5898 14.7586 -0.4271 9.2848 46.1792 20.3421 0.0000 0.0000 0.0000 -15.1351 31.7767 -48.0550 11.4569 18.1515 64.2568 1.8165 13.4319 -33.2919 0.0572 -1.5435 -4.2457 0.0000 0.0000 0.0000 -3.5109 22.6793 -57.0046 -12.2666 -18.5011 66.8313 0.4107 22.5537 -12.6977 -0.3728 -3.9217 10.8566 -5.4958 -1.8704 39.0287 1.0893 -3.7720 7.7205 5.5456 -1.4141 -10.0154 -4.4338 -1.0477 -31.6308 -1.3051 0.8342 15.0893 0.3690 -0.0577 9.8561 0.0000 0.0000 0.0000 -72.5412 -37.3676 36.3554 20.3694 -31.0848 -5.7208 -0.0000 0.0000 -16.1956 23.7488 -11.5640 -5.0405 -7.1250 0.0000 -0.0000 -2.3802 17.3854 1.5617 0.0000 0.0000 0.0000 85.0480 27.0073 34.0847 -46.7188 51.5832 -23.5779 0.0000 -0.0000 -17.5355 -25.6082 -24.3624 11.1839 7.1250 -0.0000 -0.0000 4.1920 -56.5946 -1.1930
-3.5642 14.8903 -0.3409 10.6862 47.3237 20.8265 0.0000 0.0000 0.0000 -15.4485 30.4960 -45.6399 10.6320 17.7503 61.5807 1.5577 14.5927 -32.7294 0.1023 -2.0622 -5.6775 0.0000 0.0000 0.0000 -3.3923 21.8434 -54.7068 -11.8340 -18.3196 65.4617 0.2704 21.7163 -13.1493 -0.3438 -3.7677 10.4242 -4.6242 -1.7859 38.6204 0.1805 -3.4215 7.7149 3.9617 -1.2541 -10.0224 -0.4071 4.1514 -31.8694 -7.7230 7.8291 16.6714 -1.3669 2.5053 10.8770 0.0000 -0.0000 0.0000 -73.8116 -36.5037 39.2755 23.0156 -34.1059 -7.1470 -0.0000 0.0000 -18.2114 22.3883 -11.8287 -4.8266 -7.1250 0.0000 -0.0000 -3.3425 17.2308 2.2061 0.0000 -0.0000 0.0000 84.4523 25.0007 33.5820 -47.6377 51.9971 -24.2999 0.0000 -0.0000 -16.3642 -23.6629 -25.0342 10.5049 7.1250 -0.0000 -0.0000 6.5549 -56.8771 -1.9135
-3.6045 14.9702 -0.2218 11.6618 49.3714 21.6885 0.0000 0.0000 0.0000 -15.0664 29.0404 -44.5470 10.0161 17.4189 59.5423 1.3400 14.6857 -31.4813 0.1206 -2.2386 -6.1656 0.0000 0.0000 0.0000 -3.1190 21.6208 -53.3054 -11.6068 -18.2194 64.7368 -0.0635 19.8669 -14.5064 -0.2823 -3.4174 9.4429 -4.4767 -1.3732 38.1936 -0.1236 -2.8999 7.3394 3.3526 -1.0015 -10.3647 2.3665 8.1374 -29.6923 -12.5466 13.5158 17.4301 -2.4855 4.6695 11.6960 -0.0000 0.0000 0.0000 -75.6494 -34.3657 41.2623 27.7353 -38.8714 -9.9571 -0.0000 0.0000 -18.3853 22.6980 -12.3703 -5.1203 -7.1250 0.0000 -0.0000 -3.1503 16.6200 2.1209 -0.0000 0.0000 0.0000 82.9553 22.3121 34.1741 -49.2561 52.6910 -25.5813 0.0000 -0.0000 -16.4252 -23.2650 -25.2033 10.3750 7.1250 -0.0000 -0.0000 7.0542 -56.9663 -2.0755
-3.6137 15.0293 -0.1007 12.9429 52.4264 22.5266 0.0000 0.0000 0.0000 -14.6157 27.3772 -43.4375 9.5760 17.1644 58.0615 1.2364 14.4186 -30.5778 0.1853 -2.7721 -7.6450 0.0000 0.0000 0.0000 -2.5127 20.1259 -51.6991 -11.4995 -18.1710 64.3934 -0.3608 18.4277 -15.9984 -0.2098 -2.9493 8.1376 -3.9214 -1.1978 38.3353 -0.5502 -2.4930 7.3598 2.4392 -0.8057 -10.4642 3.9183 10.2494 -29.3700 -14.9472 17.0084 19.7940 -2.8858 5.8801 13.3279 -0.0000 0.0000 0.0000 -76.7473 -32.6546 42.8909 34.7244 -44.6143 -14.6195 -0.0000 0.0000 -19.6267 22.5194 -12.7976 -5.2473 -7.1250 0.0000 -0.0000 -3.2939 16.1798 2.2494 -0.0000 0.0000 0.0000 81.5725 20.6577 34.3232 -50.0113 53.0000 -26.1832 0.0000 -0.0000 -16.9031 -21.7389 -23.7125 9.1099 7.1250 -0.0000 -0.0000 8.0575 -55.1065 -2.0092
-3.6667 15.0624 0.0297 14.4896 55.9396 23.9580 0.0000 0.0000 0.0000 -13.9792 25.8756 -43.2489 9.2303 16.9536 56.8832 0.9903 13.8412 -28.3691 0.2744 -3.3693 -9.3086 0.0000 0.0000 0.0000 -1.8170 18.4563 -50.6707 -11.4815 -18.1628 64.3355 -0.6459 16.8010 -17.4007 -0.1959 -2.8504 7.8624 -3.6748 -1.1928 38.2975 -1.0004 -2.3941 7.4983 1.7806 -0.7464 -10.3295 4.2053 11.0438 -29.0681 -15.9331 18.9545 22.2880 -2.8953 6.4561 14.7403 -0.0000 0.0000 0.0000 -77.5698 -30.6050 42.9477 43.0476 -49.7753 -20.7371 -0.0000 0.0000 -18.8206 24.1881 -14.8469 -6.5655 -7.1250 0.0000 -0.0000 -2.2731 13.7851 1.6673 -0.0000 0.0000 0.0000 80.7346 19.1777 35.2992 -51.6442 53.6375 -27.4928 0.0000 -0.0000 -17.2842 -22.3627 -24.3599 9.6309 7.1250 -0.0000 -0.0000 7.6649 -55.9020 -2.0588
-3.7345 15.0678 0.1514 16.5949 59.1430 26.3444 0.0000 0.0000 0.0000 -13.8557 24.5602 -43.9520 8.9797 16.7946 56.0199 0.7841 13.2137 -26.2251 0.4344 -4.2294 -11.7228 0.0000 0.0000 0.0000 -1.5898 17.0297 -50.5527 -11.5855 -18.2099 64.6689 -0.9233 15.0955 -18.8370 -0.1302 -2.3262 6.4082 -4.0714 -0.7295 38.0032 -1.3014 -1.9524 7.6025 1.4781 -0.5242 -10.1215 3.9092 10.9549 -28.3395 -16.1854 19.7835 24.9544 -2.8315 6.6082 15.9319 0.0000 -0.0000 0.0000 -78.2351 -29.1195 42.6483 50.8515 -53.3332 -26.8557 -0.0000 0.0000 -19.1589 25.3978 -14.4964 -6.7777 -7.1250 0.0000 -0.0000 -1.4289 14.0115 1.0408 0.0000 -0.0000 0.0000 80.4465 18.2478 35.4086 -52.5957 53.9902 -28.2607 0.0000 -0.0000 -16.9606 -21.8796 -23.6971 9.1683 7.1250 -0.0000 -0.0000 7.9048 -55.1189 -1.9732
-3.8025 15.1096 0.2485 18.1000 62.5772 27.4210 0.0000 0.0000 0.0000 -12.8772 23.0067 -43.4020 8.6219 16.5582 54.7731 0.6594 12.4005 -24.3967 0.3413 -3.7541 -10.3859 0.0000 0.0000 0.0000 -0.4426 15.4837 -49.1450 -11.4631 -18.1543 64.2764 -1.1167 13.3644 -19.7680 -0.1095 -2.1332 5.8739 -4.1131 -0.4648 39.3482 -1.5532 -1.6601 7.6462 1.1098 -0.3446 -10.5456 4.0408 10.7395 -28.1451 -16.1303 20.2616 27.8555 -2.8093 6.6424 17.4025 0.0000 0.0000 0.0000 -78.2384 -27.5395 41.7270 56.9422 -55.4385 -31.8096 -0.0000 0.0000 -20.3064 25.5157 -13.4412 -6.3311 -7.1250 0.0000 -0.0000 -1.2708 15.1496 0.8947 0.0000 0.0000 0.0000 80.5955 17.4346 35.7810 -53.6166 54.3539 -29.0885 0.0000 -0.0000 -17.4148 -23.2605 -22.4745 9.3315 7.1250 -0.0000 -0.0000 6.0188 -54.1214 -1.3531
-3.8716 15.1332 0.3218 19.8107 65.8786 29.2318 0.0000 0.0000 0.0000 -12.0915 21.0908 -43.7934 8.4505 16.4408 54.1696 0.5259 12.0029 -22.8117 0.3446 -3.7719 -10.4357 0.0000 0.0000 0.0000 0.4685 13.8946 -48.6550 -11.3968 -18.1239 64.0636 -1.2641 11.7695 -20.5204 -0.1098 -2.1368 5.8838 -3.7387 -0.4199 39.9713 -2.0342 -1.4458 7.9660 0.3018 -0.2175 -10.4231 4.0067 10.3973 -28.6094 -15.4784 19.9736 29.4227 -2.6431 6.4799 18.1630 0.0000 0.0000 0.0000 -77.1864 -26.7806 40.8723 59.7672 -56.2476 -34.1475 -0.0000 0.0000 -21.3427 27.5858 -13.9890 -7.1984 -7.1250 0.0000 -0.0000 0.0962 14.2803 -0.0695 0.0000 0.0000 0.0000 81.5352 17.4747 35.4947 -55.3829 54.9485 -30.5292 0.0000 -0.0000 -17.2712 -22.3829 -24.3141 9.6237 7.1250 -0.0000 -0.0000 7.6249 -55.8589 -2.0400
-3.9154 15.1435 0.3746 21.5028 68.4769 30.8427 0.0000 0.0000 0.0000 -11.4846 19.6475 -43.9210 8.2852 16.3251 53.5836 0.4357 11.6656 -21.5987 0.3827 -3.9730 -11.0008 0.0000 0.0000 0.0000 1.1789 12.7825 -48.0602 -11.3616 -18.1075 63.9502 -1.4174 10.2186 -21.4335 -0.0637 -1.6283 4.4796 -3.6323 -0.1446 40.5737 -2.1866 -1.0542 8.0119 -0.0882 -0.0140 -10.5802 3.9770 10.1891 -28.0046 -15.3865 19.8989 30.1241 -2.6645 6.4684 18.3722 0.0000 0.0000 0.0000 -76.5514 -25.6011 40.1709 59.6817 -56.2245 -34.0764 -0.0000 0.0000 -21.1751 27.5640 -12.3660 -6.3784 -7.1250 0.0000 -0.0000 0.2184 16.0886 -0.1493 0.0000 0.0000 0.0000 81.5806 16.8442 35.1246 -56.4614 55.2908 -31.4140 0.0000 -0.0000 -17.5607 -22.4788 -24.3248 9.6725 7.1250 -0.0000 -0.0000 7.5281 -55.8898 -2.0195
-3.9589 15.1370 0.4035 23.6124 70.9223 32.8058 0.0000 0.0000 0.0000 -11.0298 18.4448 -44.3874 8.2338 16.2886 53.4006 0.3107 11.3641 -19.9839 0.4417 -4.2644 -11.8216 0.0000 0.0000 0.0000 1.7998 11.2925 -47.6862 -11.3944 -18.1227 64.0557 -1.5193 9.2178 -22.0974 -0.0435 -1.3468 3.7036 -3.4658 -0.0289 41.0415 -2.2375 -0.8099 8.1117 -0.3398 0.1183 -10.6242 4.2214 10.1529 -28.0159 -15.2768 19.8768 30.6453 -2.6809 6.4769 18.6710 0.0000 0.0000 0.0000 -75.8311 -24.7765 39.2236 58.4801 -55.8911 -33.0795 -0.0000 0.0000 -22.3981 27.4913 -12.6722 -6.5125 -7.1250 0.0000 -0.0000 0.1436 15.7564 -0.0992 0.0000 0.0000 0.0000 82.1290 17.6465 34.7112 -55.2900 54.9183 -30.4532 0.0000 -0.0000 -17.1641 -22.5731 -24.4865 9.7762 7.1250 -0.0000 -0.0000 7.4942 -56.0767 -2.0444
-3.9928 15.1273 0.4301 26.5678 73.2674 35.4045 0.0000 0.0000 0.0000 -10.6126 17.4540 -44.5051 8.2290 16.2851 53.3833 0.4303 9.5502 -19.3284 0.2896 -3.4610 -9.5649 0.0000 0.0000 0.0000 2.3387 9.6731 -47.1835 -11.4597 -18.1528 64.2657 -1.6632 8.2750 -23.0981 -0.0044 -0.4284 1.1771 -3.2651 0.0066 41.2781 -2.1776 -0.6172 8.2928 -0.4662 0.2237 -10.4980 4.1905 10.0014 -27.8697 -15.0070 19.7142 31.1064 -2.6203 6.4367 18.8101 0.0000 -0.0000 0.0000 -74.9804 -24.2739 38.4487 57.0515 -55.4716 -31.8996 -0.0000 0.0000 -22.8326 27.6544 -11.8313 -6.1321 -7.1250 0.0000 -0.0000 0.3232 16.6740 -0.2169 0.0000 -0.0000 0.0000 82.0526 17.8173 34.4687 -56.0438 55.1601 -31.0709 0.0000 -0.0000 -17.3448 -23.3712 -24.3735 10.1117 7.1250 -0.0000 -0.0000 6.6010 -56.1272 -1.8071
-4.0352 15.0926 0.4595 29.7523 75.5078 38.5197 0.0000 0.0000 0.0000 -10.1835 16.4162 -45.2052 8.2753 16.3181 53.5483 0.3519 9.1839 -18.0692 0.3233 -3.6547 -10.1072 0.0000 0.0000 0.0000 2.8929 8.4987 -46.9156 -11.5537 -18.1956 64.5671 -1.8382 7.1892 -24.3379 -0.0010 0.2068 -0.5682 -3.0775 0.0802 41.2789 -2.0610 -0.3895 8.3737 -0.5371 0.3369 -10.4104 4.1607 9.7596 -27.9883 -14.3466 19.1686 31.4839 -2.4736 6.2820 18.8264 0.0000 0.0000 0.0000 -73.9348 -23.6306 38.0250 55.7941 -55.0808 -30.8661 -0.0000 0.0000 -23.3018 27.6643 -12.1800 -6.3113 -7.1250 0.0000 -0.0000 0.3026 16.2837 -0.2056 0.0000 0.0000 0.0000 81.5726 17.6489 34.2655 -56.7452 55.3783 -31.6474 0.0000 -0.0000 -17.7013 -23.3714 -24.5233 10.1689 7.1250 -0.0000 -0.0000 6.6603 -56.2830 -1.8487
-4.0693 15.0654 0.4858 34.5422 77.5247 42.8406 0.0000 0.0000 0.0000 -9.8052 15.2691 -45.3518 8.2851 16.3250 53.5831 0.3780 7.9209 -17.1142 0.4232 -4.1754 -11.5707 0.0000 0.0000 0.0000 3.3964 6.7561 -46.3899 -11.5899 -18.2118 64.6828 -1.9545 6.5154 -25.1681 -0.0154 0.8023 -2.2049 -3.0080 0.1777 41.7055 -1.9874 -0.2053 8.3408 -0.5810 0.4387 -10.5814 3.9207 9.4792 -27.2922 -13.9988 18.7517 31.5642 -2.4119 6.1882 18.5386 0.0000 -0.0000 0.0000 -72.9718 -22.6072 37.0425 53.7928 -54.4152 -29.2317 -0.0000 0.0000 -22.6208 27.1423 -12.1152 -6.1412 -7.1250 0.0000 -0.0000 -0.0534 16.4177 0.0361 0.0000 -0.0000 0.0000 81.1136 17.3312 34.4562 -56.9155 55.4304 -31.7876 0.0000 -0.0000 -17.2554 -23.3004 -24.4669 10.1136 7.1250 -0.0000 -0.0000 6.7135 -56.2093 -1.8515
-4.0692 15.0661 0.5092 40.9140 79.4214 48.6322 0.0000 0.0000 0.0000 -9.3817 13.5859 -44.8414 8.2271 16.2838 53.3766 0.3613 7.5701 -16.5701 0.4556 -4.3303 -12.0078 0.0000 0.0000 0.0000 3.9292 4.5154 -45.5165 -11.5291 -18.1844 64.4883 -2.0150 6.5516 -25.5678 -0.0055 0.4777 -1.3126 -2.2926 0.2453 42.0823 -2.5688 0.2278 8.8824 -1.7678 0.6795 -10.0944 3.7955 9.4679 -27.3655 -13.8305 18.3432 30.3227 -2.3758 6.0989 17.7673 -0.0000 -0.0000 0.0000 -71.6076 -22.4112 35.9917 51.2855 -53.5010 -27.2042 -0.0000 0.0000 -21.1684 28.0118 -14.1784 -7.4240 -7.1250 0.0000 -0.0000 0.3676 14.0108 -0.2676 -0.0000 -0.0000 0.0000 81.2204 17.8357 34.0584 -56.0383 55.1584 -31.0664 0.0000 -0.0000 -16.9055 -22.4698 -23.7861 9.4705 7.1250 -0.0000 -0.0000 7.3227 -55.3303 -1.8643
-4.0470 15.1045 0.5188 50.1498 81.5937 57.6782 0.0000 0.0000 0.0000 -8.6360 10.8856 -44.3722 8.1671 16.2408 53.1622 0.3893 7.3457 -16.7088 0.4299 -4.2077 -11.6616 0.0000 0.0000 0.0000 4.6963 2.3654 -44.7115 -11.3244 -18.0902 63.8306 -2.0676 6.1300 -25.9512 -0.0107 0.6691 -1.8387 -2.2168 0.5335 42.8683 -2.7572 0.6683 9.0709 -2.2161 0.9236 -10.1056 4.0537 10.3881 -26.6799 -14.9740 19.5844 28.3104 -2.5444 6.6402 16.9719 0.0000 -0.0000 0.0000 -71.5120 -21.3260 34.0075 49.2824 -52.7020 -25.6022 -0.0000 0.0000 -20.7769 27.9988 -14.3067 -7.4849 -7.1250 0.0000 -0.0000 0.3468 13.8698 -0.2536 0.0000 -0.0000 0.0000 79.7149 17.9584 35.1535 -55.4926 54.9840 -30.6190 0.0000 -0.0000 -17.2748 -23.9004 -25.2284 10.6961 7.1250 -0.0000 -0.0000 6.3785 -57.1309 -1.9009
-4.0171 15.0873 0.5045 68.6832 83.9731 76.5903 0.0000 0.0000 0.0000 -7.7490 8.7552 -45.5176 8.3389 16.3630 53.7745 0.3871 6.6020 -16.0036 0.4843 -4.4626 -12.3818 0.0000 0.0000 0.0000 5.5814 0.5284 -44.6506 -11.3523 -18.1032 63.9205 -2.1769 5.3337 -26.7511 -0.0196 0.9031 -2.4823 -2.1862 0.9217 42.7528 -2.9867 1.2487 9.4337 -2.7221 1.2340 -9.6416 5.0979 11.2167 -25.4387 -17.2945 20.8679 26.2703 -3.3277 7.2053 16.4450 0.0000 0.0000 0.0000 -71.2686 -20.4006 32.2830 47.1713 -51.7889 -23.9330 -0.0000 0.0000 -20.5018 28.3273 -14.3795 -7.6249 -7.1250 0.0000 -0.0000 0.5617 13.7421 -0.4122 0.0000 0.0000 0.0000 78.8795 17.6398 35.5630 -55.0762 54.8483 -30.2783 0.0000 -0.0000 -16.8973 -23.5393 -24.3913 10.1984 7.1250 -0.0000 -0.0000 6.4288 -56.1812 -1.7682
-3.9646 15.0722 0.4610 105.3230 84.9500 113.3850 0.0000 0.0000 0.0000 -7.2420 7.2612 -46.6336 8.4627 16.4493 54.2128 0.4023 5.3241 -15.1224 0.4964 -4.5171 -12.5361 0.0000 0.0000 0.0000 6.2276 -1.3311 -44.1801 -11.4063 -18.1282 64.0941 -2.3014 4.3880 -27.6831 -0.0286 1.0923 -3.0029 -2.2945 1.5168 42.7988 -3.3647 2.0596 9.9553 -3.4082 1.6811 -9.0274 5.7447 11.8114 -24.5745 -18.7694 22.0803 25.6777 -3.7344 7.7077 16.5508 -0.0000 -0.0000 0.0000 -70.7983 -19.8943 31.2729 44.9763 -50.7569 -22.2204 -0.0000 0.0000 -20.1012 28.4462 -13.6018 -7.2605 -7.1250 0.0000 -0.0000 0.7157 14.5945 -0.5123 -0.0000 -0.0000 0.0000 78.1569 17.8694 35.6912 -53.8701 54.4419 -29.2946 0.0000 -0.0000 -16.9397 -22.9641 -26.2233 10.6051 7.1250 -0.0000 -0.0000 7.8324 -57.9533 -2.4930
-3.8770 15.0982 0.3855 134.8700 83.4633 142.8880 0.0000 0.0000 0.0000 -7.5357 6.2057 -47.0637 8.4601 16.4474 54.2034 0.4373 3.4198 -14.2166 0.4891 -4.4844 -12.4435 0.0000 0.0000 0.0000 6.1947 -2.2521 -42.8683 -11.3125 -18.0846 63.7923 -2.4114 2.0953 -28.8414 -0.1002 2.0414 -5.6200 -2.8754 2.2311 43.9003 -3.9812 2.7520 10.1823 -4.1094 2.0918 -9.0363 6.7744 12.9490 -22.9459 -20.6375 24.2950 25.2075 -4.1219 8.6746 16.9282 0.0000 -0.0000 0.0000 -69.9916 -19.7185 30.4923 42.2344 -49.3394 -20.1182 -0.0000 0.0000 -20.2372 28.1136 -12.9335 -6.8189 -7.1250 0.0000 -0.0000 0.5487 15.3864 -0.3835 0.0000 -0.0000 0.0000 78.0356 17.9567 36.2798 -53.3702 54.2675 -28.8884 0.0000 -0.0000 -17.0121 -23.3393 -26.4206 10.8680 7.1250 -0.0000 -0.0000 7.5139 -58.2413 -2.4429
-3.7751 15.1243 0.2880 153.3710 80.2095 161.5710 0.0000 0.0000 0.0000 -7.9575 4.3435 -47.8245 8.4913 16.4690 54.3135 0.4461 1.7374 -13.3686 0.3835 -3.9770 -11.0121 0.0000 0.0000 0.0000 6.1988 -4.3515 -41.6782 -11.1201 -17.9934 63.1709 -2.4502 0.5211 -29.5086 -0.1896 2.8041 -7.7337 -2.5254 2.3046 44.7150 -4.5917 3.1094 10.5003 -5.1312 2.3618 -8.8521 7.5121 13.8150 -22.0769 -21.3728 25.7071 24.8666 -4.1659 9.3303 17.1348 0.0000 -0.0000 0.0000 -69.5404 -20.0746 30.2400 39.9535 -48.0423 -18.4046 -0.0000 0.0000 -20.7664 27.6932 -12.3758 -6.4182 -7.1250 0.0000 -0.0000 0.3067 16.0618 -0.2099 0.0000 -0.0000 0.0000 78.5936 18.2444 36.7448 -53.0880 54.1675 -28.6594 0.0000 -0.0000 -16.7311 -23.1703 -26.1800 10.6930 7.1250 -0.0000 -0.0000 7.5876 -57.9550 -2.4148
-3.6651 15.1401 0.1936 161.9160 76.4476 169.4580 0.0000 0.0000 0.0000 -8.2294 2.0066 -47.3498 8.5260 16.4928 54.4359 0.4340 0.6790 -12.7090 0.3886 -4.0032 -11.0857 0.0000 0.0000 0.0000 6.2569 -7.5692 -39.6166 -10.8627 -17.8673 62.3350 -2.5129 0.0281 -30.0405 -0.2309 3.0930 -8.5378 -1.6242 2.2902 46.4339 -5.1948 3.5735 10.5213 -6.5442 2.6804 -9.2053 9.3333 13.8832 -20.9729 -21.6522 25.1210 24.2851 -4.7638 9.3515 16.8196 0.0000 -0.0000 0.0000 -69.4463 -20.1773 31.4491 38.4475 -47.1227 -17.2928 -0.0000 0.0000 -20.9282 28.0515 -12.8018 -6.7338 -7.1250 0.0000 -0.0000 0.5176 15.5415 -0.3600 0.0000 -0.0000 0.0000 79.0394 18.4451 36.2449 -52.6315 54.0032 -28.2897 0.0000 -0.0000 -16.4994 -22.8354 -24.6065 9.9449 7.1250 -0.0000 -0.0000 7.2650 -56.2561 -2.0130
-3.5412 15.1366 0.0774 167.9610 74.6040 175.7570 0.0000 0.0000 0.0000 -7.3596 0.3954 -47.9643 8.8714 16.7243 55.6443 0.5137 -0.1025 -13.5072 0.2731 -3.3614 -9.2865 0.0000 0.0000 0.0000 7.1872 -9.0437 -38.9223 -10.6963 -17.7832 61.7913 -2.5683 -0.8093 -30.6466 -0.3410 3.7524 -10.3810 -2.5734 2.5924 45.9621 -4.4952 3.6845 10.7661 -5.3037 2.7344 -8.8387 7.5772 14.3844 -21.9050 -21.3226 25.8302 23.0778 -4.0387 9.5161 16.2188 0.0000 0.0000 0.0000 -71.4427 -19.4355 29.1050 37.7273 -46.6643 -16.7670 -0.0000 0.0000 -19.9917 27.5204 -12.0546 -6.2100 -7.1250 0.0000 -0.0000 0.2129 16.4408 -0.1440 0.0000 0.0000 0.0000 78.4193 20.4290 38.4584 -52.5313 53.9668 -28.2087 0.0000 -0.0000 -16.4231 -21.3659 -26.4218 9.8750 7.1250 -0.0000 -0.0000 9.6595 -57.8005 -3.0454
-3.4538 15.1214 -0.0666 171.7260 72.7355 179.7590 0.0000 0.0000 0.0000 -6.8512 -1.2330 -48.8194 9.3115 17.0040 57.1613 0.5737 -0.7155 -14.0815 0.1906 -2.8115 -7.7545 0.0000 0.0000 0.0000 7.6730 -10.5169 -38.5530 -10.6157 -17.7418 61.5271 -2.5922 -1.4522 -31.0133 -0.3841 3.9798 -11.0197 -2.4887 2.5949 45.2024 -4.1016 3.7860 10.7064 -4.9304 2.7574 -8.7206 6.2840 13.7050 -23.4914 -19.4535 24.1866 22.7539 -3.4598 8.8204 15.4837 0.0000 -0.0000 0.0000 -72.7919 -18.9666 29.1650 35.9904 -45.5065 -15.5157 -0.0000 0.0000 -19.8244 27.4324 -12.9057 -6.6129 -7.1250 0.0000 -0.0000 0.0840 15.5040 -0.0585 0.0000 -0.0000 0.0000 78.3558 21.2949 38.8991 -52.6599 54.0135 -28.3127 0.0000 -0.0000 -16.8411 -19.9226 -27.7532 9.5799 7.1250 -0.0000 -0.0000 11.9268 -58.8168 -4.0647
-3.3787 15.1137 -0.2433 173.6780 71.5345 181.4600 0.0000 0.0000 0.0000 -6.9161 -2.1606 -48.8931 9.6347 17.1992 58.2603 0.6252 -1.1347 -14.5917 0.1294 -2.3184 -6.3865 0.0000 0.0000 0.0000 7.5405 -11.6934 -37.5233 -10.4797 -17.6709 61.0800 -2.5932 -1.4226 -31.0087 -0.2910 3.4688 -9.5869 -2.1359 2.2593 44.8810 -4.1645 3.5135 10.5423 -5.0577 2.6229 -8.8309 3.9176 11.5892 -25.8909 -15.1889 20.1060 22.9480 -2.3925 7.2176 14.3692 -0.0000 0.0000 0.0000 -73.4863 -18.6696 29.6001 34.5742 -44.5057 -14.5141 -0.0000 0.0000 -20.8274 28.7095 -9.9193 -5.3897 -7.1250 0.0000 -0.0000 1.2086 18.7051 -0.7574 -0.0000 0.0000 0.0000 79.2176 21.7989 39.4640 -52.1022 53.8090 -27.8620 0.0000 -0.0000 -16.5230 -19.2923 -28.2147 9.3969 7.1250 -0.0000 -0.0000 12.8786 -59.1311 -4.4930
-3.3321 15.1145 -0.4308 175.5310 71.4774 183.3240 0.0000 0.0000 0.0000 -6.8069 -2.5885 -48.9694 9.9113 17.3597 59.1914 0.7029 -1.2512 -15.4626 0.1100 -2.1386 -5.8890 0.0000 0.0000 0.0000 7.5589 -12.2574 -36.9364 -10.2241 -17.5340 60.2349 -2.5126 -1.5466 -30.5740 -0.3971 4.0459 -11.2059 -2.2324 2.1740 44.4281 -3.9096 3.3157 10.2791 -4.6397 2.4828 -9.0333 1.4532 9.1056 -27.7861 -11.4369 16.0313 22.8104 -1.4583 5.6465 13.4964 -0.0000 0.0000 0.0000 -74.0819 -18.4531 29.2747 32.6248 -43.0397 -13.1653 -0.0000 0.0000 -19.5772 25.8818 -14.0966 -6.7394 -7.1250 0.0000 -0.0000 -1.0698 14.3865 0.7706 -0.0000 0.0000 0.0000 79.7496 22.0562 39.9982 -51.9010 53.7340 -27.6997 0.0000 -0.0000 -16.4693 -18.6613 -28.4233 9.1323 7.1250 -0.0000 -0.0000 13.6872 -59.1922 -4.8017
-3.3115 15.1350 -0.6331 177.7890 72.2736 185.6380 0.0000 0.0000 0.0000 -6.5493 -2.5219 -49.0134 10.1515 17.4942 59.9934 0.8119 -1.0651 -16.6994 0.0831 -1.8595 -5.1176 0.0000 0.0000 0.0000 7.7052 -12.4179 -36.4605 -9.8791 -17.3413 59.0837 -2.4548 -0.7992 -29.9603 -0.4080 4.1005 -11.3597 -2.2697 2.1420 43.9589 -3.5402 3.2221 10.1202 -4.1651 2.3884 -9.1065 -1.2316 6.6769 -29.7110 -7.3830 12.3870 23.0819 -0.2262 4.2842 13.1168 0.0000 -0.0000 0.0000 -74.3659 -18.5593 29.3660 31.0592 -41.7842 -12.1093 -0.0000 0.0000 -18.2695 25.7780 -13.7821 -6.5632 -7.1250 0.0000 -0.0000 -1.1165 14.7441 0.7957 0.0000 -0.0000 0.0000 80.2787 21.9927 39.7151 -52.0777 53.7999 -27.8422 0.0000 -0.0000 -16.4929 -21.4936 -26.0066 9.7963 7.1250 -0.0000 -0.0000 9.3201 -57.4062 -2.8484
-3.3481 15.1203 -0.8457 179.3990 74.7697 188.0760 0.0000 0.0000 0.0000 -6.6917 -1.2521 -50.3005 10.5496 17.7075 61.3101 0.9483 -0.7753 -18.1623 0.0697 -1.7028 -4.6851 0.0000 0.0000 0.0000 7.3482 -11.1324 -37.6032 -9.7384 -17.2601 58.6104 -2.3028 0.0075 -28.7527 -0.4374 4.2440 -11.7642 -2.6207 2.7205 42.7779 -3.5633 3.6401 9.8125 -4.1451 2.5088 -9.1070 -2.2223 4.7003 -29.9546 -5.0979 9.1381 21.9086 0.1407 3.1427 12.3581 -0.0000 0.0000 0.0000 -74.1461 -18.7355 30.5479 30.2106 -41.0732 -11.5477 -0.0000 0.0000 -18.7066 25.6799 -13.7489 -6.5194 -7.1250 0.0000 -0.0000 -1.1809 14.7927 0.8405 -0.0000 0.0000 0.0000 80.6464 21.9257 39.1119 -51.5343 53.5959 -27.4043 0.0000 -0.0000 -16.3983 -22.8843 -25.2756 10.2163 7.1250 -0.0000 -0.0000 7.4945 -56.9586 -2.2046
-3.3581 15.1375 -1.0670 181.4260 76.8300 190.1310 0.0000 0.0000 0.0000 -6.9280 -0.2943 -50.3610 10.8536 17.8627 62.3051 1.0725 -0.2800 -19.4914 0.0818 -1.8454 -5.0786 0.0000 0.0000 0.0000 6.9144 -10.5054 -37.4994 -9.4272 -17.0749 57.5560 -2.1429 1.0083 -27.4252 -0.4187 4.1533 -11.5084 -2.6487 2.8940 42.4520 -3.4839 3.7534 9.6019 -4.0854 2.5150 -9.2510 -3.3563 3.0705 -29.7844 -2.5677 6.4435 20.2262 0.7373 2.2693 11.4631 -0.0000 0.0000 0.0000 -73.3644 -19.0141 31.7435 29.8606 -40.7736 -11.3185 -0.0000 0.0000 -19.5866 26.3588 -12.7088 -6.2212 -7.1250 0.0000 -0.0000 -0.6388 15.8530 0.4400 -0.0000 0.0000 0.0000 80.9005 21.7518 38.4356 -50.6109 53.2389 -26.6628 0.0000 -0.0000 -16.4268 -22.6018 -25.4816 10.1540 7.1250 -0.0000 -0.0000 7.8882 -57.1098 -2.3502
-3.4294 15.1000 -1.2557 186.8940 78.7174 196.6260 0.0000 0.0000 0.0000 -6.3244 0.4753 -52.1976 11.2086 18.0357 63.4572 1.1562 0.0177 -20.3435 0.0437 -1.3485 -3.7083 0.0000 0.0000 0.0000 7.2400 -8.5618 -39.0297 -9.3430 -17.0235 57.2691 -1.9714 0.9677 -26.2940 -0.4507 4.3071 -11.9422 -2.4813 2.9721 41.3666 -2.8769 3.8804 9.4177 -3.5232 2.4960 -9.1603 -4.5744 1.3620 -30.4212 -0.8752 4.0873 18.1117 1.1187 1.4084 10.7071 -0.0000 0.0000 0.0000 -73.4855 -19.9266 31.9250 29.6176 -40.5634 -11.1601 -0.0000 0.0000 -20.1687 27.0317 -11.5765 -5.8461 -7.1250 0.0000 -0.0000 -0.0903 17.0288 0.0599 -0.0000 0.0000 0.0000 80.9520 21.3594 37.9684 -50.3586 53.1391 -26.4608 0.0000 -0.0000 -15.7917 -22.4766 -25.2305 10.0018 7.1250 -0.0000 -0.0000 7.9121 -56.8240 -2.3027
-3.4199 15.1155 -1.4526 182.8810 80.0261 192.0850 0.0000 0.0000 0.0000 -7.9861 0.6542 -51.0582 11.3144 18.0855 63.7985 1.2987 0.3986 -21.6977 0.0383 -1.2632 -3.4732 0.0000 0.0000 0.0000 5.4085 -8.8989 -38.1543 -9.1637 -16.9119 56.6544 -1.8887 1.8858 -25.4769 -0.4798 4.4422 -12.3242 -3.1208 2.7171 41.5149 -2.9121 3.2690 9.3396 -2.9871 2.2123 -9.3270 -5.9470 -0.5762 -29.7049 1.8666 1.2611 15.8113 1.8235 0.4454 9.7633 0.0000 -0.0000 0.0000 -72.8974 -20.0573 31.7957 29.2938 -40.2804 -10.9502 -0.0000 0.0000 -20.2566 25.8547 -12.5289 -6.0011 -7.1250 0.0000 -0.0000 -0.9736 16.1099 0.6653 0.0000 -0.0000 0.0000 81.1589 20.9316 37.6700 -49.6411 52.8497 -25.8878 0.0000 -0.0000 -16.0802 -22.2127 -25.5431 9.9861 7.1250 -0.0000 -0.0000 8.3335 -57.0886 -2.4798
-3.4380 15.1215 -1.6051 185.8530 81.3941 194.7510 0.0000 0.0000 0.0000 -8.1570 1.3269 -50.6961 11.4143 18.1319 64.1197 1.3567 0.9636 -22.3845 0.0501 -1.4441 -3.9716 0.0000 0.0000 0.0000 5.1472 -8.2120 -37.6131 -8.8757 -16.7270 55.6592 -1.7906 2.3019 -24.6857 -0.4993 4.5300 -12.5728 -2.9989 2.6583 41.5445 -2.4345 3.2304 9.1789 -2.5269 2.1561 -9.5405 -7.2707 -2.4510 -29.1836 3.7920 -1.1745 13.6274 2.3080 -0.4805 9.0235 0.0000 -0.0000 0.0000 -72.8118 -20.2450 32.1281 29.5010 -40.4618 -11.0844 -0.0000 0.0000 -20.4077 25.5866 -11.9341 -5.6548 -7.1250 0.0000 -0.0000 -1.1199 16.7929 0.7487 0.0000 -0.0000 0.0000 80.9178 20.7344 37.3280 -48.9252 52.5527 -25.3183 0.0000 -0.0000 -16.1794 -22.0833 -26.0077 10.0877 7.1250 -0.0000 -0.0000 8.6864 -57.5365 -2.6800
-3.4632 15.1174 -1.7290 187.8280 83.1431 196.8800 0.0000 0.0000 0.0000 -8.6399 2.3508 -50.9355 11.5262 18.1831 64.4790 1.4451 1.0593 -23.1282 0.0373 -1.2471 -3.4289 0.0000 0.0000 0.0000 4.6405 -7.3133 -37.9817 -8.7280 -16.6295 55.1446 -1.6641 2.7033 -23.6785 -0.5473 4.7396 -13.1673 -3.3721 2.6421 41.0683 -2.2180 3.0032 8.9283 -1.9949 2.0140 -9.7005 -7.3618 -3.9164 -27.5615 4.9800 -3.3409 10.0118 2.3903 -1.3312 7.6736 0.0000 0.0000 0.0000 -72.4879 -20.1074 31.7883 29.6944 -40.6300 -11.2101 -0.0000 0.0000 -19.8865 24.7287 -11.4771 -5.2359 -7.1250 0.0000 -0.0000 -1.6907 17.3828 1.1089 0.0000 0.0000 0.0000 81.2329 20.5197 37.8473 -48.1996 52.2431 -24.7435 0.0000 -0.0000 -15.8944 -21.9707 -26.0530 10.0479 7.1250 -0.0000 -0.0000 8.8292 -57.5581 -2.7291
-3.4919 15.1195 -1.8153 188.7670 84.4112 197.5430 0.0000 0.0000 0.0000 -9.1247 3.1066 -50.6628 11.5612 18.1989 64.5909 1.4888 1.2749 -23.5537 0.0399 -1.2897 -3.5464 0.0000 0.0000 0.0000 4.1533 -6.7051 -37.8015 -8.5929 -16.5385 54.6715 -1.5796 2.8909 -23.0082 -0.6191 5.0356 -14.0101 -3.1734 2.5981 41.3070 -1.8332 3.0165 8.7702 -1.7038 1.9930 -9.9691 -8.9609 -5.5727 -27.1781 6.7635 -5.2030 7.9655 2.9818 -2.0744 7.1419 -0.0000 0.0000 0.0000 -72.5743 -20.3395 32.7628 30.1387 -41.0120 -11.5005 -0.0000 0.0000 -19.8562 24.3624 -10.3945 -4.6708 -7.1250 0.0000 -0.0000 -1.8931 18.5982 1.1912 -0.0000 0.0000 0.0000 81.0657 20.2880 37.4620 -47.7327 52.0391 -24.3748 0.0000 -0.0000 -15.8057 -22.0662 -25.2698 9.8175 7.1250 -0.0000 -0.0000 8.3679 -56.7765 -2.4270
-3.5165 15.1103 -1.8538 190.8860 85.6248 199.9280 0.0000 0.0000 0.0000 -9.3655 3.9568 -51.1863 11.6314 18.2304 64.8156 1.4920 1.5402 -23.6845 0.0312 -1.1405 -3.1354 0.0000 0.0000 0.0000 3.9094 -5.8225 -38.4160 -8.6032 -16.5455 54.7076 -1.5279 3.1140 -22.5695 -0.6259 5.0627 -14.0875 -3.0054 2.6641 40.7707 -1.5000 3.1351 8.4794 -1.4708 2.0048 -10.1467 -9.6758 -6.3920 -26.8797 7.6013 -6.1332 6.8207 3.2473 -2.4535 6.8438 -0.0000 0.0000 0.0000 -72.8018 -20.5100 33.4198 30.3568 -41.1973 -11.6439 -0.0000 0.0000 -19.8685 24.7112 -10.9082 -4.9770 -7.1250 0.0000 -0.0000 -1.6725 18.0054 1.0741 -0.0000 0.0000 0.0000 80.8200 19.7188 37.3236 -47.4768 51.9257 -24.1732 0.0000 -0.0000 -15.7203 -21.5637 -25.4929 9.6531 7.1250 -0.0000 -0.0000 9.0045 -56.8973 -2.6400
-3.5432 15.1127 -1.8655 187.6170 86.6119 196.6250 0.0000 0.0000 0.0000 -9.9474 4.6356 -51.1375 11.6090 18.2204 64.7440 1.5218 1.6071 -23.9409 0.0330 -1.1732 -3.2255 0.0000 0.0000 0.0000 3.3605 -5.2837 -38.6967 -8.6163 -16.5543 54.7534 -1.4857 3.4222 -22.1861 -0.5855 4.8992 -13.6214 -3.2332 2.5233 40.4747 -1.3103 2.8660 8.3976 -1.0263 1.8690 -10.1607 -9.6733 -6.6759 -27.0328 7.7858 -6.3987 5.3594 3.2754 -2.5361 6.4117 0.0000 -0.0000 0.0000 -72.6739 -20.6174 33.4819 30.7969 -41.5667 -11.9348 -0.0000 0.0000 -20.0153 24.8268 -9.4770 -4.3560 -7.1250 0.0000 -0.0000 -1.5215 19.5599 0.9246 0.0000 -0.0000 0.0000 80.9113 19.7485 37.6580 -47.0376 51.7285 -23.8279 0.0000 -0.0000 -15.7713 -21.4900 -25.2202 9.5232 7.1250 -0.0000 -0.0000 8.9587 -56.6029 -2.5625
-3.5781 15.1158 -1.8452 186.8330 87.4574 195.9480 0.0000 0.0000 0.0000 -10.0783 5.2151 -51.3280 11.5746 18.2050 64.6338 1.5313 1.6623 -24.0359 0.0260 -1.0415 -2.8630 0.0000 0.0000 0.0000 3.2144 -4.6869 -39.2557 -8.6940 -16.6068 55.0259 -1.4689 3.7682 -21.9958 -0.4928 4.5008 -12.4901 -3.0592 2.3876 40.3881 -1.1057 2.7336 8.1072 -0.8455 1.7816 -10.4697 -9.7849 -6.9974 -27.1612 8.0995 -6.6327 3.3637 3.3756 -2.5837 5.8119 0.0000 -0.0000 0.0000 -72.5400 -20.2009 33.6999 32.0415 -42.5803 -12.7689 -0.0000 0.0000 -20.6004 25.0353 -11.6983 -5.4097 -7.1250 0.0000 -0.0000 -1.4893 17.1098 0.9855 0.0000 -0.0000 0.0000 80.7973 19.2619 37.7834 -47.1104 51.7614 -23.8851 0.0000 -0.0000 -15.5902 -22.1130 -24.6660 9.6241 7.1250 -0.0000 -0.0000 8.0565 -56.1656 -2.2165
-3.6111 15.1103 -1.8016 178.2730 88.3320 187.5230 0.0000 0.0000 0.0000 -10.3155 5.6850 -51.4598 11.5313 18.1854 64.4952 1.5485 1.7945 -24.2209 0.0396 -1.2849 -3.5332 0.0000 0.0000 0.0000 2.9139 -4.2385 -39.9854 -8.8136 -16.6863 55.4433 -1.4596 4.2041 -21.8558 -0.4342 4.2284 -11.7200 -3.1717 2.1648 39.9115 -1.1174 2.3723 7.8981 -0.6354 1.6005 -10.5521 -9.5135 -7.6014 -26.7300 8.9397 -7.4485 0.9718 3.5234 -2.8857 5.0843 0.0000 -0.0000 0.0000 -72.2006 -19.7144 33.6341 33.1715 -43.4615 -13.5399 -0.0000 0.0000 -20.4323 25.2374 -11.6389 -5.4321 -7.1250 0.0000 -0.0000 -1.3448 17.1537 0.8886 0.0000 -0.0000 0.0000 81.0508 19.1765 38.1226 -46.7179 51.5828 -23.5772 0.0000 -0.0000 -15.4787 -21.2845 -24.8486 9.2972 7.1250 -0.0000 -0.0000 9.0104 -56.1799 -2.4849
-3.6325 15.1080 -1.7491 138.2360 88.9888 147.3360 0.0000 0.0000 0.0000 -10.8988 6.5496 -51.2921 11.4462 18.1466 64.2224 1.5062 2.0747 -24.0156 0.0810 -1.8358 -5.0521 0.0000 0.0000 0.0000 2.3237 -3.6014 -40.3088 -8.9330 -16.7644 55.8581 -1.4621 4.3745 -21.8515 -0.4630 4.3648 -12.1052 -3.4836 1.9628 39.7219 -1.0030 1.9663 7.6530 -0.1779 1.4058 -10.7712 -10.0849 -8.8261 -26.4655 10.2959 -8.9555 -0.2057 3.8646 -3.5232 4.9110 0.0000 0.0000 0.0000 -72.6866 -19.0084 33.8266 34.5747 -44.5060 -14.5144 -0.0000 0.0000 -20.2556 25.8175 -11.9903 -5.7394 -7.1250 0.0000 -0.0000 -0.9631 16.7060 0.6457 0.0000 0.0000 0.0000 81.0803 19.1384 38.3886 -46.0566 51.2757 -23.0601 0.0000 -0.0000 -15.3043 -23.1473 -22.8175 9.4133 7.1250 -0.0000 -0.0000 6.2554 -54.4581 -1.4580
-3.6576 15.1040 -1.6872 71.4829 89.0161 80.4583 0.0000 0.0000 0.0000 -10.9325 7.2536 -51.0144 11.3484 18.1014 63.9080 1.4895 2.2855 -23.9792 0.0724 -1.7362 -4.7772 0.0000 0.0000 0.0000 2.1861 -2.6278 -40.5956 -9.0319 -16.8282 56.2002 -1.4697 4.5198 -21.8910 -0.4425 4.2682 -11.8324 -3.5423 1.5786 39.4758 -0.9061 1.4352 7.4285 0.1858 1.1498 -10.9375 -11.2836 -10.3439 -26.0920 12.8393 -11.0067 0.2332 4.5749 -4.3742 5.4595 -0.0000 -0.0000 0.0000 -72.8996 -18.3295 34.2742 36.0865 -45.5726 -15.5843 -0.0000 0.0000 -20.6195 25.8278 -11.3028 -5.4191 -7.1250 0.0000 -0.0000 -0.9120 17.4612 0.5964 -0.0000 -0.0000 0.0000 81.2309 19.4418 38.6300 -45.5361 51.0284 -22.6547 0.0000 -0.0000 -15.4954 -22.1811 -23.8518 9.3619 7.1250 -0.0000 -0.0000 7.6511 -55.3397 -1.9504
-3.6795 15.1094 -1.6295 36.4819 87.4461 45.3198 0.0000 0.0000 0.0000 -11.5172 8.5106 -50.6752 11.1903 18.0270 63.3982 1.4574 2.9542 -24.0344 0.1268 -2.2954 -6.3226 0.0000 0.0000 0.0000 1.6184 -1.3926 -40.9599 -9.0926 -16.8670 56.4099 -1.4492 4.9075 -21.6848 -0.3998 4.0598 -11.2449 -4.2000 1.4349 39.4922 -0.7221 0.9354 7.0112 0.9357 0.9215 -11.4069 -13.4343 -12.4999 -24.6354 15.7287 -14.1302 2.1148 5.3302 -5.7731 6.6476 -0.0000 -0.0000 0.0000 -73.5342 -17.3887 35.3597 37.6622 -46.6222 -16.7196 -0.0000 0.0000 -21.3837 26.5210 -12.0607 -5.9529 -7.1250 0.0000 -0.0000 -0.4798 16.5498 0.3233 -0.0000 -0.0000 0.0000 81.1929 19.2096 39.1352 -45.7297 51.1210 -22.8054 0.0000 -0.0000 -15.2049 -21.7529 -24.7117 9.4704 7.1250 -0.0000 -0.0000 8.4566 -56.1374 -2.3219
-3.6883 15.1252 -1.5594 28.2022 86.3819 36.5949 0.0000 0.0000 0.0000 -11.3527 9.3642 -49.8430 11.0580 17.9634 62.9699 1.4450 3.2197 -24.0650 0.1367 -2.3833 -6.5662 0.0000 0.0000 0.0000 1.7580 -0.9858 -40.7749 -9.0394 -16.8330 56.2263 -1.4008 5.1917 -21.2764 -0.4547 4.3258 -11.9950 -4.0411 0.8564 39.9343 -0.6195 0.2524 6.8577 1.2508 0.6097 -11.7051 -15.0341 -14.3712 -23.5169 18.3080 -17.2499 4.8371 5.8189 -7.1125 8.2651 -0.0000 0.0000 0.0000 -73.6337 -17.0747 36.9741 39.0882 -47.5203 -17.7638 -0.0000 0.0000 -21.5269 27.0069 -12.3812 -6.2367 -7.1250 0.0000 -0.0000 -0.1672 16.1385 0.1142 -0.0000 0.0000 0.0000 81.2648 19.4533 39.2437 -45.7645 51.1376 -22.8325 0.0000 -0.0000 -15.1317 -22.3121 -24.1962 9.5477 7.1250 -0.0000 -0.0000 7.6516 -55.7224 -2.0218
-3.6779 15.1457 -1.4895 21.8073 84.7711 29.7837 0.0000 0.0000 0.0000 -11.3206 10.6688 -48.9508 10.9009 17.8863 62.4594 1.4456 3.5848 -24.2487 0.1441 -2.4462 -6.7406 0.0000 0.0000 0.0000 1.7989 -0.3707 -40.8069 -9.0967 -16.8696 56.4241 -1.3894 6.3465 -21.1039 -0.4135 4.1276 -11.4359 -4.2592 0.5586 40.2246 -0.4640 -0.2141 6.8247 1.7332 0.4034 -11.8142 -16.2520 -15.6481 -21.6193 20.3609 -19.5954 6.1309 6.2321 -8.1665 9.1997 0.0000 0.0000 0.0000 -74.0686 -17.0569 38.4588 40.2768 -48.2331 -18.6454 -0.0000 0.0000 -21.6296 26.9064 -12.3360 -6.1877 -7.1250 0.0000 -0.0000 -0.2333 16.2004 0.1590 0.0000 0.0000 0.0000 81.0518 19.6848 39.1576 -45.7703 51.1403 -22.8370 0.0000 -0.0000 -15.3497 -21.8005 -24.3908 9.3792 7.1250 -0.0000 -0.0000 8.2704 -55.8175 -2.2059
-3.6781 15.1227 -1.4411 17.3509 82.1984 25.6234 0.0000 0.0000 0.0000 -11.6370 12.3632 -49.2007 10.9231 17.8972 62.5315 1.4811 3.9875 -24.7241 0.1455 -2.4585 -6.7745 0.0000 0.0000 0.0000 1.4286 0.7848 -42.2267 -9.2903 -16.9909 57.0887 -1.2901 7.7157 -20.3058 -0.3186 3.6283 -10.0333 -4.7790 0.5842 40.3463 -0.2899 -0.4408 6.5778 2.2948 0.3059 -12.1148 -17.1552 -16.5844 -20.2340 21.2591 -21.0170 5.8462 6.3828 -8.8893 9.3686 0.0000 -0.0000 0.0000 -74.6921 -16.8675 39.8626 41.2233 -48.7782 -19.3544 -0.0000 0.0000 -21.6145 27.5531 -12.7820 -6.5846 -7.1250 0.0000 -0.0000 0.1771 15.6266 -0.1228 0.0000 -0.0000 0.0000 80.7339 20.0122 38.8444 -45.2402 50.8856 -22.4249 0.0000 -0.0000 -15.1659 -22.2439 -23.9546 9.4282 7.1250 -0.0000 -0.0000 7.6262 -55.4588 -1.9661
-3.6740 15.1204 -1.3675 15.8898 80.0430 24.2928 0.0000 0.0000 0.0000 -11.8425 13.8877 -49.0779 10.8622 17.8670 62.3333 1.4869 4.2290 -24.8937 0.1389 -2.4021 -6.6183 0.0000 0.0000 0.0000 1.2069 1.8371 -43.1461 -9.4422 -17.0840 57.6072 -1.2181 8.8819 -19.7924 -0.2103 2.9522 -8.1458 -5.3612 0.3771 40.7506 -0.1041 -0.9732 6.3989 3.0359 0.0865 -12.4000 -17.8434 -17.2358 -18.5856 21.8564 -21.7749 3.8575 6.5734 -9.4048 8.7414 0.0000 0.0000 0.0000 -74.9899 -16.5129 40.4591 42.1308 -49.2829 -20.0396 -0.0000 0.0000 -21.6279 26.9894 -12.6121 -6.3455 -7.1250 0.0000 -0.0000 -0.1971 15.8845 0.1356 0.0000 0.0000 0.0000 80.6228 19.8450 38.7962 -45.3830 50.9547 -22.5358 0.0000 -0.0000 -15.3402 -21.3565 -23.7713 8.9570 7.1250 -0.0000 -0.0000 8.4792 -55.0903 -2.1121
-3.6193 15.1512 -1.2879 13.8431 77.4575 21.8202 0.0000 0.0000 0.0000 -11.9076 16.0445 -47.8998 10.6415 17.7551 61.6117 1.4434 4.8110 -24.8765 0.1694 -2.6515 -7.3098 0.0000 0.0000 0.0000 1.1737 3.5965 -42.8819 -9.4544 -17.0914 57.6488 -1.1776 9.4171 -19.5190 -0.1880 2.7929 -7.7026 -5.8967 0.3776 41.4835 -0.0995 -1.2664 6.2990 3.4506 -0.0197 -12.7107 -18.4876 -17.7358 -17.6298 22.1736 -22.1955 1.9642 6.7235 -9.7229 8.1610 -0.0000 -0.0000 0.0000 -75.0111 -16.3106 41.0489 41.8304 -49.1177 -19.8122 -0.0000 0.0000 -21.7107 27.3918 -12.5842 -6.4412 -7.1250 0.0000 -0.0000 0.0822 15.8666 -0.0566 -0.0000 -0.0000 0.0000 80.9316 20.1946 38.9294 -44.0489 50.2939 -21.5045 0.0000 -0.0000 -15.2609 -22.0460 -24.1110 9.3933 7.1250 -0.0000 -0.0000 7.8968 -55.5797 -2.0597
-3.7099 15.1177 -1.1908 17.1745 77.7744 26.6505 0.0000 0.0000 0.0000 -12.2157 14.6882 -49.8885 10.6882 17.7791 61.7648 1.3092 5.6490 -24.3215 0.2394 -3.1487 -8.6930 0.0000 0.0000 0.0000 0.9050 3.0957 -45.7672 -9.8982 -17.3522 59.1476 -1.1846 9.4765 -19.5812 -0.1419 2.4275 -6.6887 -5.6427 -0.9800 41.1364 0.2082 -2.8642 5.6226 4.3902 -0.7220 -13.2488 -18.2080 -18.1132 -17.0337 21.2192 -22.4451 0.3237 6.3806 -9.9876 7.3883 -0.0000 -0.0000 0.0000 -75.1685 -15.9468 40.7483 41.2874 -48.8144 -19.4026 -0.0000 0.0000 -21.5015 27.2716 -12.2638 -6.2491 -7.1250 0.0000 -0.0000 0.0246 16.2374 -0.0167 -0.0000 -0.0000 0.0000 80.7087 19.5687 39.4415 -43.9909 50.2644 -21.4599 0.0000 -0.0000 -15.5008 -22.2076 -24.2598 9.5220 7.1250 -0.0000 -0.0000 7.7876 -55.7665 -2.0664
-3.6523 15.1328 -1.1155 15.9739 75.9367 25.5384 0.0000 0.0000 0.0000 -12.3228 15.9587 -49.3661 10.5673 17.7167 61.3681 1.3112 6.1481 -24.6432 0.2754 -3.3756 -9.3261 0.0000 0.0000 0.0000 0.8239 4.1550 -46.1861 -10.0204 -17.4213 59.5566 -1.1567 10.4584 -19.4864 -0.0840 1.8694 -5.1448 -5.8210 -1.5226 40.9344 0.1241 -3.6491 5.5367 4.7403 -1.0717 -13.1977 -17.6310 -18.5346 -16.7246 20.2470 -22.7317 -1.6780 6.0112 -10.2474 6.5241 -0.0000 -0.0000 0.0000 -74.9807 -15.1513 40.1714 41.2967 -48.8197 -19.4096 -0.0000 0.0000 -22.0241 27.4135 -12.1808 -6.2452 -7.1250 0.0000 -0.0000 0.1291 16.3129 -0.0877 -0.0000 -0.0000 0.0000 81.0434 19.7124 40.0798 -43.1324 49.8201 -20.8019 0.0000 -0.0000 -15.2077 -22.4090 -24.3678 9.6555 7.1250 -0.0000 -0.0000 7.6194 -55.9199 -2.0497
-3.5772 15.1443 -1.0248 14.7340 73.6863 24.3386 0.0000 0.0000 0.0000 -12.5203 17.7789 -48.8230 10.4286 17.6439 60.9116 1.2977 6.7916 -24.9494 0.3969 -4.0450 -11.2033 0.0000 0.0000 0.0000 0.7573 5.3944 -46.4413 -10.0696 -17.4488 59.7206 -1.0715 11.4292 -18.9823 -0.0443 1.3591 -3.7374 -6.4182 -1.8238 40.4263 0.1054 -4.3155 5.3084 5.3230 -1.3581 -13.1795 -17.6742 -18.7545 -16.9971 19.5057 -22.7519 -2.4912 5.8022 -10.2884 6.1891 0.0000 -0.0000 0.0000 -74.9571 -14.0973 39.7814 40.6627 -48.4576 -18.9337 -0.0000 0.0000 -22.1037 26.9671 -12.0234 -6.0502 -7.1250 0.0000 -0.0000 -0.1679 16.5401 0.1132 0.0000 -0.0000 0.0000 81.6127 19.9150 41.2031 -42.0035 49.2131 -19.9432 0.0000 -0.0000 -14.9666 -22.0176 -23.4489 9.1415 7.1250 -0.0000 -0.0000 7.6638 -54.8901 -1.8697
-3.4939 15.1519 -0.9295 13.0333 71.4381 22.3600 0.0000 0.0000 0.0000 -12.2724 19.6421 -47.7074 10.3116 17.5814 60.5248 1.3153 7.1007 -25.2888 0.4421 -4.2664 -11.8273 0.0000 0.0000 0.0000 1.0247 6.7353 -46.2402 -10.1052 -17.4686 59.8394 -1.0207 12.1279 -18.7315 -0.0340 1.1904 -3.2728 -6.5523 -2.0622 40.1277 -0.0881 -4.7265 5.1801 5.3594 -1.5470 -13.1845 -18.1167 -19.1257 -16.2378 20.7012 -23.1385 -4.4708 6.2295 -10.5102 5.7562 0.0000 -0.0000 0.0000 -74.7102 -13.8590 39.9945 39.3555 -47.6834 -17.9612 -0.0000 0.0000 -22.5599 27.2058 -11.5452 -5.8742 -7.1250 0.0000 -0.0000 0.0331 17.0442 -0.0220 0.0000 -0.0000 0.0000 82.1402 19.7980 41.7959 -41.6998 49.0453 -19.7135 0.0000 -0.0000 -14.4878 -22.1341 -23.5343 9.2251 7.1250 -0.0000 -0.0000 7.5756 -55.0019 -1.8687
-3.4475 15.1311 -0.8121 11.9876 69.5725 21.5011 0.0000 0.0000 0.0000 -12.0438 21.1998 -47.4026 10.2298 17.5371 60.2536 1.2855 7.4278 -25.2801 0.5386 -4.7021 -13.0607 0.0000 0.0000 0.0000 1.1804 8.4314 -46.6725 -10.2715 -17.5597 60.3919 -1.0326 12.2901 -18.8628 -0.0236 0.9910 -2.7241 -7.0816 -2.5813 39.0500 -0.2515 -5.6140 4.9916 5.8076 -1.9559 -12.8893 -18.1841 -19.4058 -15.3523 21.8133 -23.5569 -5.9420 6.5691 -10.7703 5.4327 0.0000 -0.0000 0.0000 -74.7086 -12.8266 38.9751 38.7289 -47.2985 -17.4993 -0.0000 0.0000 -22.1150 27.0521 -11.4849 -5.8059 -7.1250 0.0000 -0.0000 -0.0695 17.1283 0.0459 0.0000 -0.0000 0.0000 83.1135 20.2452 43.5271 -40.5244 48.3775 -18.8303 0.0000 -0.0000 -13.9702 -21.3246 -23.4884 8.8438 7.1250 -0.0000 -0.0000 8.3985 -54.7932 -2.0309
-3.3678 15.1329 -0.7049 11.7376 67.3953 21.2058 0.0000 0.0000 0.0000 -12.2112 22.8896 -46.6117 10.1143 17.4736 59.8697 1.2982 7.8363 -25.6578 0.6222 -5.0477 -14.0447 0.0000 0.0000 0.0000 0.9683 10.1231 -46.6331 -10.3508 -17.6025 60.6546 -1.0588 12.6531 -19.1528 -0.0290 1.1001 -3.0243 -7.4591 -3.0437 37.9251 -0.8099 -6.4009 4.8853 5.6787 -2.3353 -12.5296 -17.7371 -20.1765 -15.5670 22.7175 -24.6302 -6.6718 6.5322 -11.2745 5.5229 0.0000 0.0000 0.0000 -74.1312 -11.7509 38.8383 38.4263 -47.1094 -17.2773 -0.0000 0.0000 -22.7961 26.9801 -11.6706 -5.8797 -7.1250 0.0000 -0.0000 -0.1330 16.9300 0.0885 0.0000 0.0000 0.0000 85.1463 21.6008 44.9391 -38.3659 47.0714 -17.2330 0.0000 -0.0000 -13.1812 -21.3051 -23.4621 8.8258 7.1250 -0.0000 -0.0000 8.4083 -54.7623 -2.0270
-3.2971 15.1302 -0.6167 11.2055 65.4392 20.5695 0.0000 0.0000 0.0000 -12.1308 24.2406 -45.7005 10.0117 17.4164 59.5275 1.2953 8.3212 -25.9780 0.5972 -4.9474 -13.7585 0.0000 0.0000 0.0000 0.9576 11.4469 -46.5548 -10.4340 -17.6468 60.9292 -1.0214 13.4207 -19.0644 -0.0096 0.6333 -1.7404 -7.5259 -3.4243 36.9594 -1.2406 -6.9369 4.8117 5.4218 -2.6111 -12.2378 -17.4677 -20.1281 -15.2028 23.3044 -24.5084 -7.9553 6.7640 -11.2711 5.1272 0.0000 -0.0000 0.0000 -73.7092 -11.4212 39.2017 37.6503 -46.6145 -16.7110 -0.0000 0.0000 -22.7889 27.4844 -12.0830 -6.2148 -7.1250 0.0000 -0.0000 0.1858 16.4134 -0.1257 0.0000 -0.0000 0.0000 86.4894 22.0718 45.7252 -37.7755 46.6953 -16.8020 0.0000 -0.0000 -12.6980 -21.5147 -23.4501 8.9156 7.1250 -0.0000 -0.0000 8.1865 -54.7915 -1.9788
-3.2964 15.1024 -0.5477 12.2100 63.8671 22.3470 0.0000 0.0000 0.0000 -12.9255 24.5041 -46.3265 10.0354 17.4297 59.6065 1.3040 9.1726 -26.6630 0.5556 -4.7749 -13.2676 0.0000 0.0000 0.0000 0.0871 12.2414 -48.2546 -10.6873 -17.7786 61.7619 -0.9917 13.6753 -18.9084 -0.0021 0.2930 -0.8051 -8.3224 -3.4934 35.9276 -1.3218 -7.3546 4.3145 5.8850 -2.7784 -12.2790 -17.5578 -20.1134 -15.4916 23.2296 -24.2994 -8.6071 6.8076 -11.1637 4.9269 -0.0000 0.0000 0.0000 -73.9176 -11.3319 39.7511 37.3549 -46.4223 -16.4967 -0.0000 0.0000 -22.6240 26.9298 -11.9216 -5.9905 -7.1250 0.0000 -0.0000 -0.1862 16.6572 0.1250 -0.0000 0.0000 0.0000 86.9378 21.9617 46.0484 -37.9467 46.8052 -16.9267 0.0000 -0.0000 -12.7373 -21.8966 -23.5490 9.1229 7.1250 -0.0000 -0.0000 7.8287 -54.9694 -1.9255
-3.2452 15.1095 -0.4864 11.1254 62.2776 21.3203 0.0000 0.0000 0.0000 -12.6443 25.4209 -45.6573 9.9788 17.3979 59.4174 1.3379 9.7052 -27.3097 0.5088 -4.5723 -12.6925 0.0000 0.0000 0.0000 0.2692 13.6875 -48.1532 -10.7503 -17.8107 61.9681 -0.9770 14.1348 -18.9323 -0.0000 -0.0446 0.1226 -8.2356 -3.3906 35.8233 -1.3762 -7.2259 4.1696 5.7400 -2.7194 -12.4414 -17.1646 -19.7672 -15.9687 22.0375 -23.5403 -9.6463 6.6129 -10.8179 4.2960 -0.0000 -0.0000 0.0000 -73.8681 -11.7428 40.5030 37.5391 -46.5424 -16.6302 -0.0000 0.0000 -23.3054 27.1214 -11.7332 -5.9464 -7.1250 0.0000 -0.0000 -0.0394 16.8446 0.0263 -0.0000 -0.0000 0.0000 86.5222 21.8056 46.4065 -37.9726 46.8218 -16.9456 0.0000 -0.0000 -12.8165 -22.1031 -23.5500 9.2168 7.1250 -0.0000 -0.0000 7.6141 -55.0119 -1.8801
-3.2422 15.1132 -0.4306 11.0626 61.0517 21.7656 0.0000 0.0000 0.0000 -12.9821 25.9957 -46.0051 9.9392 17.3755 59.2849 1.3047 10.0819 -27.3594 0.5138 -4.5946 -12.7557 0.0000 0.0000 0.0000 0.0795 14.5307 -49.0861 -10.8369 -17.8543 62.2506 -0.9618 14.0556 -18.7924 -0.0004 -0.1302 0.3578 -7.8932 -3.3539 35.2262 -1.9119 -7.0588 4.3935 4.9251 -2.6873 -12.1936 -15.5937 -18.6804 -19.1080 18.5562 -21.7113 -8.6870 5.5957 -9.8230 4.0178 0.0000 -0.0000 0.0000 -73.2917 -12.3671 41.0941 38.0846 -46.8932 -17.0273 -0.0000 0.0000 -23.9808 26.0420 -11.5568 -5.5911 -7.1250 0.0000 -0.0000 -0.7785 17.1589 0.5143 0.0000 -0.0000 0.0000 87.5885 23.1022 46.2303 -36.5837 45.9104 -15.9403 0.0000 -0.0000 -12.0729 -22.2015 -23.9801 9.4179 7.1250 -0.0000 -0.0000 7.6808 -55.4764 -1.9836
-3.2131 15.1233 -0.3852 10.7588 59.7825 21.5204 0.0000 0.0000 0.0000 -13.1193 26.9128 -45.7005 9.8408 17.3194 58.9550 1.2855 10.3167 -27.4054 0.5603 -4.7943 -13.3229 0.0000 0.0000 0.0000 0.1193 15.1777 -49.2387 -10.8433 -17.8576 62.2718 -0.9015 14.4161 -18.4433 -0.0136 -0.7539 2.0718 -7.4232 -2.7924 35.6344 -2.0222 -6.2446 4.2393 4.2342 -2.3194 -12.5757 -11.6113 -13.4169 -25.7321 8.1347 -14.3426 -4.1459 2.7540 -6.3873 3.8925 0.0000 -0.0000 0.0000 -73.3690 -13.4197 43.1067 37.3432 -46.4146 -16.4881 -0.0000 0.0000 -24.3509 26.5876 -11.7363 -5.8129 -7.1250 0.0000 -0.0000 -0.4107 16.9010 0.2736 0.0000 -0.0000 0.0000 87.2895 22.8593 45.0538 -36.6813 45.9761 -16.0105 0.0000 -0.0000 -12.1110 -22.1581 -24.1989 9.4770 7.1250 -0.0000 -0.0000 7.8148 -55.6935 -2.0598
-3.2503 15.1136 -0.3349 11.6988 60.0352 23.2664 0.0000 0.0000 0.0000 -13.7247 26.3049 -46.7239 9.7943 17.2926 58.7988 1.2508 10.3655 -27.1936 0.5475 -4.7401 -13.1689 0.0000 0.0000 0.0000 -0.4772 15.2645 -50.4383 -10.9681 -17.9194 62.6779 -0.9342 14.1640 -18.6139 -0.0181 -0.8697 2.3903 -6.8823 -2.4464 35.6061 -1.9993 -5.6361 3.9789 3.7955 -2.0425 -13.0908 -5.1285 -4.0527 -28.4790 -4.5881 -2.9035 -2.1705 -0.9891 -1.5616 3.5583 -0.0000 0.0000 0.0000 -74.2906 -14.3909 44.6096 36.8341 -46.0783 -16.1204 -0.0000 0.0000 -23.8833 27.1185 -11.2465 -5.7039 -7.1250 0.0000 -0.0000 -0.0062 17.3861 0.0041 -0.0000 0.0000 0.0000 86.9621 22.5430 43.5042 -36.1780 45.6352 -15.6496 0.0000 -0.0000 -11.6179 -22.1897 -24.2952 9.5265 7.1250 -0.0000 -0.0000 7.8210 -55.7994 -2.0816
-3.2527 15.1146 -0.2640 12.5002 60.4198 24.3603 0.0000 0.0000 0.0000 -14.1444 26.3633 -47.2924 9.6630 17.2159 58.3558 1.0347 11.0452 -26.1468 0.7188 -5.4177 -15.1038 0.0000 0.0000 0.0000 -0.7810 15.6180 -50.6836 -11.0515 -17.9602 62.9487 -1.0485 13.3653 -19.2555 -0.0091 -0.6166 1.6944 -6.4036 -2.1290 35.8088 -2.1399 -5.0886 3.8999 3.1442 -1.8132 -13.2577 -0.4027 3.4998 -27.4913 -12.1333 5.9501 -2.4796 -3.1632 2.3593 3.8691 0.0000 -0.0000 0.0000 -74.6046 -14.9367 45.6486 37.2596 -46.3599 -16.4276 -0.0000 0.0000 -24.1109 27.1381 -11.4890 -5.8293 -7.1250 0.0000 -0.0000 -0.0099 17.1142 0.0066 0.0000 -0.0000 0.0000 86.7301 21.8452 42.5884 -36.3440 45.7483 -15.7684 0.0000 -0.0000 -11.7630 -22.1576 -24.4368 9.5626 7.1250 -0.0000 -0.0000 7.9132 -55.9387 -2.1331
-3.2337 15.1072 -0.1782 12.6327 60.9209 24.6111 0.0000 0.0000 0.0000 -14.0468 27.0863 -47.2864 9.5423 17.1443 57.9474 1.1039 9.7556 -25.6046 0.5414 -4.7142 -13.0951 0.0000 0.0000 0.0000 -0.5533 15.8755 -50.5228 -11.1798 -18.0220 63.3641 -1.1784 12.7778 -20.0866 -0.0058 -0.4922 1.3525 -6.2663 -1.4546 36.4351 -1.7950 -4.1956 3.6939 3.1051 -1.3914 -13.7917 2.7623 8.0137 -26.2245 -16.3916 11.2111 -3.1971 -4.3550 4.7852 4.2989 0.0000 0.0000 0.0000 -75.8004 -14.8435 46.1657 37.5645 -46.5589 -16.6487 -0.0000 0.0000 -23.6917 26.8369 -11.6341 -5.8257 -7.1250 0.0000 -0.0000 -0.2300 16.9866 0.1528 0.0000 0.0000 0.0000 85.7982 20.8921 41.9245 -36.1842 45.6394 -15.6540 0.0000 -0.0000 -12.0267 -21.7992 -23.3637 9.0125 7.1250 -0.0000 -0.0000 7.8576 -54.7587 -1.8922
-3.2541 15.1029 -0.0934 13.9167 61.9324 26.5156 0.0000 0.0000 0.0000 -14.4135 26.5154 -48.1618 9.4746 17.1036 57.7174 1.0720 9.2003 -24.9119 0.6297 -5.0777 -14.1304 0.0000 0.0000 0.0000 -0.8224 15.4398 -51.3245 -11.3606 -18.1071 63.9470 -1.2716 12.2242 -20.6595 -0.0036 -0.3884 1.0672 -6.0092 -1.1665 36.1665 -1.8308 -3.7328 3.5478 2.7366 -1.1978 -13.9163 4.8179 10.6156 -24.9961 -18.4236 14.1492 -4.2777 -4.9170 6.2463 4.4019 0.0000 0.0000 0.0000 -75.8286 -15.1315 46.8771 37.2879 -46.3784 -16.4481 -0.0000 0.0000 -23.6464 27.1682 -11.6938 -5.9386 -7.1250 0.0000 -0.0000 -0.0040 16.8831 0.0026 0.0000 0.0000 0.0000 85.6320 20.6028 41.5367 -35.6027 45.2377 -15.2397 0.0000 -0.0000 -11.9300 -21.3457 -22.8433 8.6268 7.1250 -0.0000 -0.0000 8.1262 -54.1331 -1.8334
-3.2651 15.1020 -0.0007 14.5456 63.1190 27.3289 0.0000 0.0000 0.0000 -14.1281 25.8326 -48.5834 9.2855 16.9880 57.0724 0.7000 10.7848 -23.1646 1.0579 -6.5397 -18.3588 0.0000 0.0000 0.0000 -0.4359 15.0340 -51.2433 -11.4164 -18.1329 64.1266 -1.3348 11.6457 -21.0186 -0.0163 -0.8231 2.2622 -5.6400 -0.6672 36.3577 -1.5642 -2.9418 3.3917 2.5073 -0.8528 -14.2373 6.2857 12.5975 -23.8976 -19.7933 16.4783 -4.9685 -5.2293 7.4240 4.5561 0.0000 -0.0000 0.0000 -76.6592 -15.6246 47.3587 36.3279 -45.7374 -15.7568 -0.0000 0.0000 -22.4227 26.2748 -10.7465 -5.2595 -7.1250 0.0000 -0.0000 -0.5639 18.0292 0.3617 0.0000 -0.0000 0.0000 85.0440 20.1770 40.5529 -35.4056 45.0996 -15.1000 0.0000 -0.0000 -11.5060 -20.7558 -22.7363 8.3330 7.1250 -0.0000 -0.0000 8.6895 -53.9098 -1.9144
-3.2316 15.1005 0.0952 14.8123 63.8586 26.8496 0.0000 0.0000 0.0000 -13.1941 25.8712 -46.8856 9.1439 16.8994 56.5863 0.9265 8.8913 -23.4684 0.5632 -4.8066 -13.3578 0.0000 0.0000 0.0000 0.2402 15.0681 -49.8826 -11.4826 -18.1633 64.3392 -1.4561 11.2526 -21.8344 -0.0131 -0.7385 2.0296 -5.2623 -0.2459 36.9001 -1.5357 -2.2761 3.4299 2.0577 -0.5694 -14.4633 6.9163 14.3084 -21.5402 -20.1334 18.5716 -6.1401 -5.1993 8.6459 4.1955 -0.0000 0.0000 0.0000 -77.7651 -15.2615 46.6870 36.1240 -45.5983 -15.6110 -0.0000 0.0000 -21.7977 26.4072 -11.2716 -5.5436 -7.1250 0.0000 -0.0000 -0.5049 17.4348 0.3304 -0.0000 0.0000 0.0000 84.4430 19.5234 40.9578 -35.8945 45.4404 -15.4473 0.0000 -0.0000 -12.1474 -21.3215 -23.3606 8.7977 7.1250 -0.0000 -0.0000 8.3512 -54.6611 -1.9924
-3.2467 15.0945 0.1842 16.7474 65.1392 28.6757 0.0000 0.0000 0.0000 -13.2544 25.1244 -46.8418 9.0574 16.8445 56.2883 0.8663 8.5753 -22.6913 0.6152 -5.0200 -13.9655 0.0000 0.0000 0.0000 0.1052 14.6419 -49.6954 -11.6435 -18.2359 64.8543 -1.6067 10.3146 -22.7934 -0.0042 -0.4201 1.1544 -4.9876 0.0707 36.5982 -1.5801 -1.7142 3.7396 1.6131 -0.3483 -14.0289 7.7962 15.1501 -21.1605 -20.6939 19.6877 -5.3333 -5.2820 9.1262 4.6843 0.0000 0.0000 0.0000 -78.1481 -17.0380 46.9496 35.7597 -45.3470 -15.3513 -0.0000 0.0000 -21.9052 24.7859 -9.1789 -4.2128 -7.1250 0.0000 -0.0000 -1.5376 19.8895 0.9231 0.0000 0.0000 0.0000 83.7656 19.9990 40.6307 -35.8445 45.4058 -15.4117 0.0000 -0.0000 -12.4101 -22.3413 -24.3747 9.6263 7.1250 -0.0000 -0.0000 7.6936 -55.9128 -2.0686
-3.2706 15.0898 0.2676 17.7682 66.2407 29.5876 0.0000 0.0000 0.0000 -12.8997 24.8697 -46.7899 8.9893 16.8008 56.0531 0.8788 7.6141 -22.0433 0.4872 -4.4757 -12.4190 0.0000 0.0000 0.0000 0.3917 14.4404 -49.4191 -11.7126 -18.2665 65.0748 -1.6559 9.5495 -23.0836 -0.0033 -0.3721 1.0225 -4.8171 0.1678 36.5262 -1.5753 -1.4969 3.8817 1.4323 -0.2622 -13.8524 8.6500 15.6695 -20.7531 -20.5336 20.5635 -2.5714 -5.1307 9.3552 5.6622 -0.0000 -0.0000 0.0000 -78.4822 -16.8086 47.2886 36.5407 -45.8814 -15.9094 -0.0000 0.0000 -23.3464 25.9528 -10.3812 -5.0122 -7.1250 0.0000 -0.0000 -0.7688 18.4644 0.4858 -0.0000 -0.0000 0.0000 83.5490 21.0630 41.1003 -35.2088 44.9607 -14.9607 0.0000 -0.0000 -12.1049 -21.8719 -23.6062 9.1323 7.1250 -0.0000 -0.0000 7.8769 -55.0236 -1.9478
-3.3222 15.0810 0.3317 18.9477 67.1131 30.6661 0.0000 0.0000 0.0000 -12.7815 24.5881 -46.9701 8.9202 16.7561 55.8137 0.8489 7.1031 -21.3829 0.3823 -3.9710 -10.9951 0.0000 0.0000 0.0000 0.5763 13.9158 -49.4688 -11.7973 -18.3036 65.3447 -1.7011 9.1254 -23.3795 -0.0004 -0.1209 0.3321 -4.7603 0.2487 36.7049 -1.5413 -1.3512 4.0253 1.3744 -0.1964 -13.7604 8.0894 15.5577 -22.0960 -18.1693 20.9569 2.9807 -4.0782 9.1877 7.3024 0.0000 -0.0000 0.0000 -78.5735 -16.7207 47.9207 36.7660 -46.0328 -16.0714 -0.0000 0.0000 -23.2658 26.1263 -10.8942 -5.2959 -7.1250 0.0000 -0.0000 -0.6775 17.8811 0.4368 0.0000 -0.0000 0.0000 83.3140 22.0193 40.8551 -35.4171 45.1077 -15.1081 0.0000 -0.0000 -12.0636 -21.5386 -23.6876 9.0102 7.1250 -0.0000 -0.0000 8.2560 -55.0408 -2.0460
-3.3752 15.0611 0.3659 19.5173 67.3044 30.9738 0.0000 0.0000 0.0000 -12.7354 24.6904 -46.9250 8.8734 16.7256 55.6513 0.7991 6.9987 -20.8367 0.3929 -4.0250 -11.1471 0.0000 0.0000 0.0000 0.6484 13.6646 -49.5423 -11.9041 -18.3498 65.6846 -1.7135 9.0972 -23.4645 -0.0024 -0.3189 0.8761 -5.0722 0.3085 36.7804 -1.5621 -1.3631 4.3421 1.5161 -0.1886 -13.4073 7.5378 15.0309 -24.1705 -15.1942 20.9685 11.1638 -2.8221 8.7261 9.9394 0.0000 -0.0000 0.0000 -78.6737 -16.6945 47.8978 36.6417 -45.9494 -15.9820 -0.0000 0.0000 -23.3988 26.0734 -10.0227 -4.8676 -7.1250 0.0000 -0.0000 -0.6630 18.8489 0.4133 0.0000 -0.0000 0.0000 83.4361 23.2956 41.0085 -35.7157 45.3165 -15.3200 0.0000 -0.0000 -11.9371 -21.8751 -24.4942 9.4508 7.1250 -0.0000 -0.0000 8.2352 -55.9392 -2.2208
-3.4544 15.0354 0.3812 19.5091 67.7261 30.7615 0.0000 0.0000 0.0000 -12.3317 24.4326 -47.2020 8.9404 16.7692 55.8837 0.7282 7.3332 -20.4108 0.5052 -4.5565 -12.6477 0.0000 0.0000 0.0000 0.9651 13.7009 -49.6695 -11.9983 -18.3899 65.9836 -1.7454 8.8227 -23.6778 -0.0006 -0.1590 0.4368 -5.1772 0.3558 37.3162 -1.1774 -1.3162 4.2925 1.9706 -0.1476 -13.6550 7.3498 14.2351 -25.9183 -13.3205 21.0066 20.3835 -1.9672 8.2271 13.4590 0.0000 -0.0000 0.0000 -79.4625 -16.4387 48.0259 36.1476 -45.6144 -15.6279 -0.0000 0.0000 -23.0794 25.4917 -10.3558 -4.8988 -7.1250 0.0000 -0.0000 -1.0930 18.5363 0.6890 0.0000 -0.0000 0.0000 82.7800 23.5384 40.7550 -35.9127 45.4530 -15.4603 0.0000 -0.0000 -12.1679 -21.9329 -24.4808 9.4731 7.1250 -0.0000 -0.0000 8.1686 -55.9374 -2.2023
-3.5139 15.0137 0.3746 19.8582 67.5149 30.9988 0.0000 0.0000 0.0000 -12.5688 24.5422 -47.4482 8.9869 16.7993 56.0448 0.7079 7.4002 -20.2645 0.4646 -4.3723 -12.1265 0.0000 0.0000 0.0000 0.6527 13.9726 -49.9570 -12.0806 -18.4245 66.2440 -1.7516 8.6983 -23.7180 -0.0000 -0.0185 0.0509 -5.3396 0.5079 37.2271 -1.2566 -1.1655 4.5545 1.9009 -0.0808 -13.3208 6.0112 12.9271 -26.7838 -11.0178 19.9615 25.8774 -1.1024 7.5940 15.3680 0.0000 -0.0000 0.0000 -79.6727 -16.6125 48.5147 36.3737 -45.7685 -15.7896 -0.0000 0.0000 -23.2150 25.7724 -10.2092 -4.8913 -7.1250 0.0000 -0.0000 -0.8866 18.6713 0.5562 0.0000 -0.0000 0.0000 82.6345 23.6366 39.8006 -36.1001 45.5819 -15.5939 0.0000 -0.0000 -12.1294 -21.6535 -24.0916 9.2052 7.1250 -0.0000 -0.0000 8.3003 -55.4797 -2.1458
-3.5886 14.9873 0.3583 19.2406 67.2459 30.4051 0.0000 0.0000 0.0000 -12.5917 24.9530 -48.0627 9.0651 16.8495 56.3151 0.6662 7.5840 -19.9980 0.5556 -4.7745 -13.2665 0.0000 0.0000 0.0000 0.6643 14.4667 -50.3427 -12.1175 -18.4399 66.3607 -1.7388 8.5670 -23.6286 -0.0001 0.0549 -0.1508 -5.6582 0.6820 37.3700 -1.1913 -1.0591 4.6659 2.0915 -0.0198 -13.2381 5.0620 11.5722 -28.1543 -9.0589 18.6695 30.9022 -0.4023 6.8931 17.5512 0.0000 -0.0000 0.0000 -80.0146 -16.7189 48.6960 36.4748 -45.8370 -15.8621 -0.0000 0.0000 -23.2406 26.0885 -10.4812 -5.0900 -7.1250 0.0000 -0.0000 -0.6790 18.3409 0.4309 0.0000 -0.0000 0.0000 82.1234 23.2915 39.4350 -36.0209 45.5275 -15.5374 0.0000 -0.0000 -12.3673 -21.9139 -24.2845 9.3942 7.1250 -0.0000 -0.0000 8.1067 -55.7315 -2.1449
-3.6568 14.9700 0.3274 18.6207 67.0563 29.7946 0.0000 0.0000 0.0000 -12.5382 25.2279 -48.5903 9.1949 16.9315 56.7618 0.7153 7.2931 -20.2527 0.5564 -4.7779 -13.2761 0.0000 0.0000 0.0000 0.7657 14.4563 -50.8336 -12.1558 -18.4557 66.4819 -1.7009 8.7713 -23.3692 -0.0004 0.1292 -0.3550 -5.6191 0.5910 37.0189 -1.2153 -1.1144 4.9276 2.0668 -0.0591 -12.8031 3.8333 9.5499 -28.9418 -7.2196 16.5619 35.9048 0.1160 5.9168 19.9292 0.0000 -0.0000 0.0000 -80.3452 -17.0015 48.6171 36.3177 -45.7304 -15.7496 -0.0000 0.0000 -23.4219 25.9086 -10.7119 -5.1592 -7.1250 0.0000 -0.0000 -0.8194 18.1041 0.5243 0.0000 -0.0000 0.0000 82.2434 23.3877 39.0200 -35.1558 44.9231 -14.9233 0.0000 -0.0000 -12.1171 -21.7726 -24.1427 9.2782 7.1250 -0.0000 -0.0000 8.1966 -55.5565 -2.1340
-3.7317 14.9492 0.2956 17.8362 66.6350 28.9348 0.0000 0.0000 0.0000 -12.4710 25.6884 -49.0765 9.3235 17.0114 57.2022 0.7255 7.2294 -20.3026 0.5519 -4.7590 -13.2224 0.0000 0.0000 0.0000 0.7792 15.0278 -51.1277 -12.1654 -18.4597 66.5123 -1.6805 8.4368 -23.2214 -0.0031 0.3614 -0.9930 -5.9321 0.7694 37.2086 -1.0447 -1.0034 4.9228 2.3688 0.0057 -12.8725 2.1777 7.3382 -28.6885 -5.6474 14.2800 39.9628 0.5555 4.9280 21.9267 0.0000 -0.0000 0.0000 -80.4155 -17.3248 49.4651 36.0696 -45.5610 -15.5722 -0.0000 0.0000 -23.5886 26.5199 -11.5945 -5.7273 -7.1250 0.0000 -0.0000 -0.4480 17.0655 0.2968 0.0000 -0.0000 0.0000 82.2009 23.0698 38.3212 -34.7596 44.6397 -14.6442 0.0000 -0.0000 -12.3081 -21.6996 -24.4457 9.3515 7.1250 -0.0000 -0.0000 8.3995 -55.8530 -2.2480
-3.7923 14.9364 0.2600 17.3730 66.1336 28.2365 0.0000 0.0000 0.0000 -12.4869 25.9757 -49.1423 9.4015 17.0592 57.4684 0.7284 7.3647 -20.4384 0.5244 -4.6407 -12.8866 0.0000 0.0000 0.0000 0.6683 15.4657 -51.1319 -12.1239 -18.4425 66.3809 -1.6470 8.7000 -22.9897 -0.0012 0.2228 -0.6123 -6.0699 0.7906 37.3597 -1.1054 -1.0313 5.0838 2.3840 -0.0038 -12.7353 1.1664 5.4239 -28.0309 -4.3541 11.9280 42.6118 0.8455 4.0470 23.9789 0.0000 0.0000 0.0000 -80.2272 -18.0034 49.8457 36.0122 -45.5215 -15.5312 -0.0000 0.0000 -23.1525 25.4054 -10.0735 -4.7489 -7.1250 0.0000 -0.0000 -1.1391 18.8547 0.7100 0.0000 0.0000 0.0000 82.5244 22.6273 37.9260 -34.7900 44.6616 -14.6655 0.0000 -0.0000 -12.2867 -21.8632 -24.3401 9.3904 7.1250 -0.0000 -0.0000 8.1832 -55.7783 -2.1747
-3.8775 14.8977 0.2313 17.6149 65.9526 28.8181 0.0000 0.0000 0.0000 -12.8324 25.8848 -50.2489 9.5823 17.1682 58.0831 0.7248 7.3643 -20.4027 0.4592 -4.3467 -12.0542 0.0000 0.0000 0.0000 0.2945 15.3559 -52.3208 -12.2631 -18.4997 66.8204 -1.6116 9.1158 -22.7532 -0.0017 -0.2650 0.7280 -8.4607 0.6533 37.4787 0.5731 -1.9856 4.4768 5.8942 -0.2901 -13.2525 -1.1839 4.4702 -25.8006 -4.2298 12.0937 44.3513 1.3338 3.7531 24.4810 -0.0000 0.0000 0.0000 -82.8258 -17.0457 46.4312 35.8854 -45.4341 -15.4408 -0.0000 0.0000 -20.7767 25.2439 -9.4843 -4.4425 -7.1250 0.0000 -0.0000 -1.2244 19.5164 0.7452 -0.0000 0.0000 0.0000 80.9767 22.4068 41.1759 -34.2904 44.2988 -14.3155 0.0000 -0.0000 -12.9859 -21.8189 -24.2088 9.3231 7.1250 -0.0000 -0.0000 8.1754 -55.6339 -2.1439
-3.9276 14.8790 0.2144 17.0847 65.2711 28.2924 0.0000 0.0000 0.0000 -12.9208 26.3066 -50.5772 9.6914 17.2327 58.4520 0.7194 7.5825 -20.5249 0.4873 -4.4763 -12.4205 0.0000 0.0000 0.0000 0.1739 15.8170 -52.8095 -12.3351 -18.5287 67.0470 -1.5855 9.3698 -22.5799 -0.0024 -0.3155 0.8669 -6.5583 0.8022 36.8824 -1.1222 -1.1610 5.2934 2.6748 -0.0607 -12.2907 -0.5722 1.7787 -25.9716 -1.5236 6.1774 45.8577 1.1577 2.1595 25.6061 -0.0000 0.0000 0.0000 -80.4344 -19.6840 49.6342 35.9524 -45.4803 -15.4885 -0.0000 0.0000 -21.7216 24.4267 -9.1384 -4.1258 -7.1250 0.0000 -0.0000 -1.7932 19.9628 1.0738 -0.0000 0.0000 0.0000 83.4609 23.0407 37.4426 -33.9362 44.0374 -14.0687 0.0000 -0.0000 -12.1237 -21.0632 -23.4662 8.7191 7.1250 -0.0000 -0.0000 8.6600 -54.7188 -2.0791
-3.9288 14.8846 0.1900 16.3530 64.2715 27.1334 0.0000 0.0000 0.0000 -12.8787 27.0193 -49.9324 9.6797 17.2258 58.4125 0.7265 7.8482 -20.8098 0.4657 -4.3771 -12.1401 0.0000 0.0000 0.0000 0.1999 16.2894 -52.3897 -12.2563 -18.4969 66.7990 -1.5510 9.7539 -22.3584 -0.0000 -0.0120 0.0330 -5.5837 1.3624 37.6632 -1.9630 -0.2066 5.6403 0.8435 0.3338 -12.2733 -0.8911 -0.9338 -25.6729 1.2440 0.2438 45.5608 1.1622 0.4599 25.0307 0.0000 0.0000 0.0000 -79.1053 -21.6727 52.8408 36.1845 -45.6397 -15.6543 -0.0000 0.0000 -22.4612 25.1998 -9.4861 -4.4345 -7.1250 0.0000 -0.0000 -1.2559 19.5182 0.7643 0.0000 0.0000 0.0000 84.5578 23.0813 34.3336 -34.0318 44.1083 -14.1352 0.0000 -0.0000 -11.6616 -20.8891 -22.6747 8.3695 7.1250 -0.0000 -0.0000 8.5298 -53.8720 -1.8710
-3.9479 14.8692 0.1599 15.6292 63.3206 26.4964 0.0000 0.0000 0.0000 -13.0233 27.6731 -50.2098 9.7825 17.2857 58.7588 0.7650 7.8419 -21.1724 0.4852 -4.4668 -12.3938 0.0000 0.0000 0.0000 0.0003 16.7352 -52.9067 -12.2967 -18.5133 66.9263 -1.4719 10.6070 -21.8689 -0.0100 -0.6463 1.7761 -6.7927 1.1256 37.5004 -0.8005 -0.8106 5.6840 2.9924 0.0983 -12.0829 -4.2278 -2.8814 -24.3118 2.8784 -2.2399 44.3500 1.9947 -0.8302 23.5076 0.0000 -0.0000 0.0000 -80.7080 -21.2996 50.6107 36.3117 -45.7264 -15.7453 -0.0000 0.0000 -22.5636 26.2530 -10.6011 -5.1846 -7.1250 0.0000 -0.0000 -0.5703 18.1921 0.3638 0.0000 -0.0000 0.0000 83.2783 23.3162 36.6549 -34.0572 44.1271 -14.1529 0.0000 -0.0000 -11.9620 -20.7359 -23.1246 8.4569 7.1250 -0.0000 -0.0000 8.8612 -54.3044 -2.0383
-3.9432 14.8556 0.1364 15.1736 62.4686 26.0845 0.0000 0.0000 0.0000 -13.2333 28.3113 -50.3766 9.9030 17.3549 59.1636 0.8158 7.7572 -21.5804 0.4880 -4.4791 -12.4286 0.0000 0.0000 0.0000 -0.2676 17.1711 -53.2615 -12.3838 -18.5482 67.2004 -1.4169 11.1322 -21.5380 -0.0182 -0.8719 2.3965 -7.6231 0.9564 37.7221 0.1007 -1.2525 5.6082 4.5941 -0.0668 -12.1678 -7.8868 -5.7057 -22.2196 5.7538 -6.7103 41.8956 2.8950 -2.7165 21.1853 0.0000 -0.0000 0.0000 -81.6557 -21.5217 49.1300 36.5931 -45.9168 -15.9471 -0.0000 0.0000 -22.9953 25.6070 -9.7017 -4.6175 -7.1250 0.0000 -0.0000 -0.9766 19.2456 0.6002 0.0000 -0.0000 0.0000 82.3048 23.4413 37.9806 -33.7340 43.8867 -13.9284 0.0000 -0.0000 -12.1174 -20.8154 -23.5324 8.6310 7.1250 -0.0000 -0.0000 8.9427 -54.7378 -2.1519
-4.0141 14.8127 0.1189 15.2162 62.2734 27.4254 0.0000 0.0000 0.0000 -13.8120 27.6682 -52.5863 10.1560 17.4967 60.0086 0.8287 7.6672 -21.6288 0.6741 -5.2500 -14.6229 0.0000 0.0000 0.0000 -0.8839 17.2349 -55.6723 -12.6213 -18.6411 67.9451 -1.3651 11.2363 -21.1766 -0.0223 -0.9644 2.6508 -8.3541 0.6622 37.1362 0.9941 -1.7562 5.4684 6.1691 -0.2753 -12.0106 -11.9662 -9.7232 -19.7765 10.2654 -13.4147 37.0916 4.0187 -5.4357 19.2751 0.0000 -0.0000 0.0000 -82.1388 -22.1159 48.5137 36.7999 -46.0554 -16.0958 -0.0000 0.0000 -22.6958 26.5363 -10.9909 -5.4386 -7.1250 0.0000 -0.0000 -0.3960 17.7319 0.2566 0.0000 -0.0000 0.0000 81.5654 23.7983 38.5484 -33.9408 44.0408 -14.0719 0.0000 -0.0000 -12.4997 -20.6771 -24.2024 8.7953 7.1250 -0.0000 -0.0000 9.3656 -55.3953 -2.4052
-3.9887 14.8060 0.0919 14.7694 61.2886 27.4302 0.0000 0.0000 0.0000 -14.1663 28.0639 -52.9055 10.2272 17.5357 60.2451 0.8506 8.1728 -22.2276 0.5165 -4.6063 -12.7889 0.0000 0.0000 0.0000 -1.2474 17.4369 -56.4872 -12.6286 -18.6439 67.9680 -1.2763 11.6961 -20.5976 -0.0253 -1.0266 2.8220 -8.4862 0.5605 37.2205 1.4377 -1.9000 5.3359 6.7938 -0.3266 -12.1617 -15.4646 -13.2850 -15.8826 16.0035 -19.7837 31.0940 5.4761 -8.0795 17.6250 -0.0000 -0.0000 0.0000 -82.1289 -22.3071 48.8090 37.1822 -46.3090 -16.3717 -0.0000 0.0000 -22.9860 27.0269 -10.7882 -5.4542 -7.1250 0.0000 -0.0000 -0.0384 17.9057 0.0248 -0.0000 -0.0000 0.0000 81.1762 23.8783 37.9604 -33.4216 43.6516 -13.7123 0.0000 -0.0000 -12.7381 -20.8454 -23.0831 8.4909 7.1250 -0.0000 -0.0000 8.7323 -54.2831 -2.0037
-3.8667 14.8122 0.0605 12.9306 58.9004 25.0355 0.0000 0.0000 0.0000 -13.9318 30.3686 -51.6443 10.3233 17.5877 60.5636 1.0216 7.6600 -23.3217 0.4378 -4.2456 -11.7687 0.0000 0.0000 0.0000 -0.9742 18.6506 -55.6025 -12.5266 -18.6045 67.6484 -1.1628 12.7018 -19.9533 -0.0149 -0.7894 2.1694 -8.2420 0.8520 37.4559 1.5850 -1.4204 5.6932 6.6184 -0.1445 -11.9212 -16.9889 -15.9775 -13.3001 19.4110 -24.3480 26.7783 5.8381 -10.1001 16.8666 -0.0000 0.0000 0.0000 -81.6713 -22.5327 49.4737 37.2566 -46.3579 -16.4254 -0.0000 0.0000 -23.6964 26.4029 -10.6258 -5.2306 -7.1250 0.0000 -0.0000 -0.4663 18.1500 0.2979 -0.0000 0.0000 0.0000 81.0581 23.9324 37.2487 -33.5861 43.7757 -13.8259 0.0000 -0.0000 -12.4799 -21.8294 -24.3997 9.3958 7.1250 -0.0000 -0.0000 8.2436 -55.8326 -2.2018
-3.7892 14.8128 0.0144 12.0425 57.2554 23.6912 0.0000 0.0000 0.0000 -13.8692 31.5917 -50.8069 10.4244 17.6417 60.8976 1.0722 8.0913 -24.0626 0.5431 -4.7216 -13.1161 0.0000 0.0000 0.0000 -1.0377 19.3762 -54.9993 -12.4980 -18.5933 67.5587 -1.0412 13.7983 -19.3191 -0.0478 -1.4107 3.8797 -8.0769 0.6549 37.8629 2.0464 -1.5516 5.9309 7.0909 -0.2208 -11.7805 -17.7913 -17.3223 -12.4932 21.2518 -26.5568 24.5650 6.0053 -11.0868 16.7460 0.0000 -0.0000 0.0000 -81.3235 -22.6097 49.3767 37.1994 -46.3203 -16.3841 -0.0000 0.0000 -23.3435 25.4027 -10.2150 -4.8140 -7.1250 0.0000 -0.0000 -1.1484 18.6994 0.7197 0.0000 -0.0000 0.0000 80.9311 24.5221 36.7258 -33.5395 43.7406 -13.7937 0.0000 -0.0000 -12.3569 -20.2842 -23.1320 8.2615 7.1250 -0.0000 -0.0000 9.3269 -54.2249 -2.1286
-3.6996 14.8030 -0.0462 11.3195 55.4893 23.2855 0.0000 0.0000 0.0000 -14.3433 32.3449 -50.7809 10.5720 17.7192 61.3836 1.2143 8.3146 -25.3556 0.5007 -4.5363 -12.5906 0.0000 0.0000 0.0000 -1.5879 20.0995 -55.5679 -12.5153 -18.6001 67.6131 -0.9271 14.7174 -18.7386 -0.0520 -1.4712 4.0464 -8.0306 0.4155 37.3504 2.6200 -1.7271 5.9924 7.7689 -0.3247 -11.4995 -17.8381 -17.4688 -11.7725 22.7496 -26.9888 22.7399 6.4640 -11.2956 16.1972 0.0000 -0.0000 0.0000 -80.8377 -22.9031 49.4965 37.3081 -46.3917 -16.4628 -0.0000 0.0000 -24.2087 25.6539 -10.1557 -4.8405 -7.1250 0.0000 -0.0000 -0.9675 18.7413 0.6054 0.0000 -0.0000 0.0000 81.1709 25.4082 35.7555 -32.8807 43.2381 -13.3403 0.0000 -0.0000 -11.5111 -19.2543 -22.9077 7.7427 7.1250 -0.0000 -0.0000 10.2848 -53.8006 -2.2437
-3.6275 14.8043 -0.1190 10.3810 53.8200 22.7534 0.0000 0.0000 0.0000 -14.8013 33.2152 -51.1398 10.7234 17.7970 61.8800 1.2839 8.9054 -26.3164 0.6532 -5.1697 -14.3931 0.0000 0.0000 0.0000 -1.8688 20.5738 -56.1958 -12.4653 -18.5805 67.4562 -0.7359 15.9017 -17.7101 -0.0861 -1.8927 5.2094 -7.7742 0.1981 37.0575 3.3310 -1.7835 6.1247 8.4377 -0.3794 -11.2444 -17.5201 -17.4380 -11.8719 23.3251 -27.1340 22.4460 6.6002 -11.2902 16.2124 -0.0000 -0.0000 0.0000 -80.8579 -23.3791 49.3812 37.5053 -46.5204 -16.6057 -0.0000 0.0000 -23.9997 25.5644 -9.9131 -4.7078 -7.1250 0.0000 -0.0000 -1.0179 19.0166 0.6308 -0.0000 -0.0000 0.0000 80.2421 25.7087 34.6245 -33.1875 43.4736 -13.5509 0.0000 -0.0000 -12.3810 -19.6798 -22.8274 7.8996 7.1250 -0.0000 -0.0000 9.8208 -53.7991 -2.1405
-3.5096 14.8237 -0.2137 9.4255 51.4428 21.9445 0.0000 0.0000 0.0000 -15.5109 34.7539 -51.1151 10.8847 17.8782 62.4066 1.4312 9.2449 -27.6321 0.6970 -5.3368 -14.8718 0.0000 0.0000 0.0000 -2.2885 21.3969 -56.3297 -12.3214 -18.5232 67.0040 -0.4974 17.4955 -16.5769 -0.1438 -2.4436 6.7333 -7.3271 0.0835 37.0628 3.9618 -1.6801 6.1798 8.8598 -0.3537 -11.2240 -17.2499 -17.2305 -11.9437 22.9971 -26.8725 22.9635 6.5341 -11.1510 16.2727 -0.0000 -0.0000 0.0000 -81.1569 -23.5444 49.3628 37.5631 -46.5580 -16.6476 -0.0000 0.0000 -23.5326 25.8177 -10.4026 -4.9925 -7.1250 0.0000 -0.0000 -0.8655 18.4538 0.5471 -0.0000 -0.0000 0.0000 79.3210 25.5964 33.2762 -33.4721 43.6898 -13.7471 0.0000 -0.0000 -12.6430 -18.6169 -21.9801 7.1862 7.1250 -0.0000 -0.0000 10.5556 -52.7432 -2.0295
-3.3880 14.7805 -0.3362 8.5061 48.6197 23.0155 0.0000 0.0000 0.0000 -17.7250 36.2194 -54.1149 11.1150 17.9909 63.1544 1.4165 10.3640 -28.3645 0.9579 -6.2322 -17.4595 0.0000 0.0000 0.0000 -3.6787 22.1673 -59.5730 -12.3761 -18.5452 67.1762 -0.0912 19.2817 -14.3385 -0.3524 -3.8140 10.5538 -6.3928 -0.2772 34.5274 4.2972 -1.6546 6.2257 8.6850 -0.4268 -10.3923 -16.7787 -16.7296 -12.4118 22.7333 -26.3652 24.2260 6.5777 -10.8141 16.7146 -0.0000 0.0000 0.0000 -80.6997 -23.9243 49.9184 37.6176 -46.5933 -16.6872 -0.0000 0.0000 -23.4647 25.7501 -10.5485 -5.0462 -7.1250 0.0000 -0.0000 -0.9215 18.2997 0.5856 -0.0000 0.0000 0.0000 78.7792 25.4991 32.0022 -33.9460 44.0447 -14.0755 0.0000 -0.0000 -12.8138 -20.5128 -24.5431 8.8336 7.1250 -0.0000 -0.0000 9.6850 -55.7091 -2.5624
-3.2476 14.8468 -0.4706 9.2343 46.7841 21.9003 0.0000 0.0000 0.0000 -18.2359 36.0890 -51.0237 11.1102 17.9886 63.1390 1.7093 11.0343 -30.7998 0.8105 -5.7452 -16.0469 0.0000 0.0000 0.0000 -4.0719 21.1133 -57.5644 -12.0902 -18.4285 66.2744 0.2159 21.2357 -13.2130 -0.3696 -3.9048 10.8090 -5.1777 -1.1371 37.5108 4.2425 -2.3669 6.3076 8.3036 -0.7390 -11.2088 -15.7029 -16.0542 -13.5496 22.8359 -25.8983 25.7629 6.6775 -10.3442 17.4875 0.0000 -0.0000 0.0000 -80.0098 -24.6986 49.5777 37.5527 -46.5512 -16.6401 -0.0000 0.0000 -23.7407 27.1713 -11.5766 -5.8811 -7.1250 0.0000 -0.0000 0.0068 17.0132 -0.0045 0.0000 -0.0000 0.0000 78.9399 26.2957 30.7808 -33.4129 43.6450 -13.7062 0.0000 -0.0000 -12.8219 -19.7829 -23.4332 8.1403 7.1250 -0.0000 -0.0000 9.9631 -54.4351 -2.3272
-3.1294 14.8413 -0.5585 8.4623 44.3522 21.2977 0.0000 0.0000 0.0000 -18.8037 36.7905 -50.8073 11.2703 18.0648 63.6564 1.9943 11.5077 -32.8744 0.6992 -5.3449 -14.8950 0.0000 0.0000 0.0000 -4.4389 21.7987 -58.1091 -12.0151 -18.3970 66.0366 0.5788 22.6630 -11.3620 -0.6190 -5.0352 14.0088 -5.1686 -1.3755 37.9256 5.2623 -2.5264 6.4542 9.5088 -0.8201 -11.1564 -15.6196 -15.4007 -14.3727 22.2036 -24.9539 27.1098 6.7373 -9.8797 17.9567 -0.0000 0.0000 0.0000 -80.2287 -25.2946 48.6681 37.3181 -46.3982 -16.4700 -0.0000 0.0000 -23.9220 28.6296 -11.8058 -6.3727 -7.1250 0.0000 -0.0000 1.0011 16.5866 -0.6738 -0.0000 0.0000 0.0000 77.6250 26.5708 30.9048 -33.4984 43.7096 -13.7653 0.0000 -0.0000 -14.0324 -21.8027 -24.9205 9.5676 7.1250 -0.0000 -0.0000 8.4944 -56.3621 -2.3787
-3.0598 14.7921 -0.6229 8.1732 42.2716 22.2263 0.0000 0.0000 0.0000 -20.4120 37.2454 -52.7896 11.6056 18.2189 64.7331 2.1426 12.1407 -34.1783 0.5937 -4.9330 -13.7177 0.0000 0.0000 0.0000 -5.5790 22.4111 -60.4487 -12.1303 -18.4452 66.4011 0.7997 23.5044 -10.2544 -0.6604 -5.1976 14.4729 -5.0939 -1.4779 36.9091 5.9003 -2.5276 6.5740 10.1519 -0.8497 -10.7825 -15.2426 -15.1430 -14.7373 21.8193 -24.6420 27.7522 6.6292 -9.6926 18.1388 -0.0000 0.0000 0.0000 -80.1637 -26.5532 48.4146 36.5380 -45.8796 -15.9075 -0.0000 0.0000 -22.8011 26.6451 -11.2970 -5.6136 -7.1250 0.0000 -0.0000 -0.3404 17.3812 0.2232 -0.0000 0.0000 0.0000 77.3800 27.0039 28.9221 -32.7629 43.1470 -13.2596 0.0000 -0.0000 -14.1230 -19.8619 -23.2036 8.1005 7.1250 -0.0000 -0.0000 9.7876 -54.2167 -2.2333
-2.9758 14.8077 -0.6638 7.6124 40.3294 21.5190 0.0000 0.0000 0.0000 -20.8933 38.5735 -52.5340 11.6595 18.2430 64.9054 2.2399 12.3942 -34.8986 0.5854 -4.8991 -13.6210 0.0000 0.0000 0.0000 -5.3963 22.9725 -60.3532 -12.0345 -18.4052 66.0983 0.9884 24.1830 -9.2889 -0.6888 -5.3057 14.7827 -4.2396 -1.8471 37.7816 5.9235 -2.6730 6.7118 9.7894 -0.9456 -10.8204 -14.8167 -14.9156 -14.9767 21.7319 -24.4989 28.2887 6.6034 -9.5627 18.3606 -0.0000 0.0000 0.0000 -79.3293 -27.6684 48.1633 36.2713 -45.6989 -15.7164 -0.0000 0.0000 -23.1780 27.0626 -11.8359 -5.9822 -7.1250 0.0000 -0.0000 -0.0878 16.7373 0.0588 -0.0000 0.0000 0.0000 77.7253 27.2906 27.1704 -32.1930 42.7005 -12.8715 0.0000 -0.0000 -14.0635 -19.3995 -23.9320 8.1297 7.1250 -0.0000 -0.0000 10.5691 -54.8662 -2.5826
-2.9202 14.7906 -0.6889 7.5869 38.6324 22.1113 0.0000 0.0000 0.0000 -22.2819 39.4499 -53.6887 11.7664 18.2902 65.2465 2.2758 12.7040 -35.3154 0.6133 -5.0124 -13.9440 0.0000 0.0000 0.0000 -6.2349 23.3049 -61.6796 -12.0974 -18.4315 66.2972 1.2401 25.1542 -8.1235 -0.8023 -5.7167 15.9647 -4.2218 -2.0052 37.2670 6.0711 -2.8462 6.9442 9.9828 -1.0521 -10.4689 -14.3820 -14.7746 -15.1903 21.3435 -24.3350 28.6573 6.4139 -9.4570 18.3893 0.0000 0.0000 0.0000 -78.7984 -28.6827 47.3645 36.2274 -45.6689 -15.6849 -0.0000 0.0000 -23.3134 27.9171 -12.0082 -6.2907 -7.1250 0.0000 -0.0000 0.4911 16.4454 -0.3320 0.0000 0.0000 0.0000 77.6829 27.4810 26.3457 -31.7477 42.3451 -12.5706 0.0000 -0.0000 -14.0437 -20.5204 -24.5353 8.8345 7.1250 -0.0000 -0.0000 9.6736 -55.7026 -2.5579
-2.8963 14.7748 -0.6964 7.7784 36.7311 22.3946 0.0000 0.0000 0.0000 -23.4550 40.6830 -54.1578 11.7489 18.2825 65.1907 2.3209 12.8114 -35.6348 0.6569 -5.1839 -14.4340 0.0000 0.0000 0.0000 -6.7751 23.4675 -62.5136 -12.1374 -18.4481 66.4238 1.5824 26.6707 -6.9453 -0.8963 -6.0339 16.8828 -5.5655 -1.4707 37.3598 6.8054 -2.6042 6.9847 11.4592 -0.9182 -10.4483 -14.8226 -14.6233 -15.6468 20.5563 -23.7806 29.2331 6.2949 -9.2949 18.5389 0.0000 -0.0000 0.0000 -79.4198 -29.1984 46.6806 36.3396 -45.7453 -15.7652 -0.0000 0.0000 -23.4703 27.7073 -11.9354 -6.1986 -7.1250 0.0000 -0.0000 0.3517 16.5517 -0.2369 0.0000 -0.0000 0.0000 76.4975 27.7639 25.4110 -30.9209 41.6698 -12.0172 0.0000 -0.0000 -13.8878 -20.0651 -24.7256 8.6863 7.1250 -0.0000 -0.0000 10.2337 -55.8029 -2.7331
-2.8812 14.7175 -0.7033 7.2071 36.0473 22.2690 0.0000 0.0000 0.0000 -23.2562 40.8475 -54.8772 12.0748 18.4221 66.2258 2.3951 12.9588 -36.1333 0.7293 -5.4563 -15.2146 0.0000 0.0000 0.0000 -6.7650 24.1492 -63.3572 -12.3181 -18.5219 66.9936 1.5637 26.6652 -7.1193 -0.8660 -5.9339 16.5927 -4.7420 -1.8320 37.1283 6.9425 -2.7248 6.9804 11.1995 -0.9990 -10.3798 -14.7141 -14.4686 -15.6302 20.0720 -23.2804 28.7632 6.1400 -9.1480 17.9781 -0.0000 0.0000 0.0000 -77.8045 -29.0104 47.4253 37.3896 -46.4450 -16.5218 -0.0000 0.0000 -23.5022 29.5003 -10.8590 -6.0841 -7.1250 0.0000 -0.0000 1.6877 17.5538 -1.1006 -0.0000 0.0000 0.0000 76.1224 27.7475 25.4048 -30.8756 41.6322 -11.9871 0.0000 -0.0000 -14.0434 -20.6848 -25.4863 9.2279 7.1250 -0.0000 -0.0000 9.9346 -56.7033 -2.8695
-2.8931 14.6725 -0.6942 7.3661 35.5341 22.4707 0.0000 0.0000 0.0000 -23.4799 41.0505 -55.2459 12.2980 18.5138 66.9305 2.5183 12.5574 -36.4974 0.6682 -5.2274 -14.5582 0.0000 0.0000 0.0000 -7.2972 24.5643 -64.0965 -12.5802 -18.6253 67.8164 1.5863 26.8506 -7.1752 -0.9290 -6.1400 17.1911 -4.4547 -2.0172 36.9214 6.7871 -2.8704 7.0695 10.9075 -1.0869 -10.1869 -14.2624 -14.3531 -16.1508 19.0121 -22.6278 28.0515 5.6600 -8.9308 17.2146 -0.0000 0.0000 0.0000 -77.9315 -29.4879 46.6198 36.8194 -46.0684 -16.1098 -0.0000 0.0000 -22.3150 28.3628 -11.2754 -6.0256 -7.1250 0.0000 -0.0000 0.8596 17.2146 -0.5668 -0.0000 0.0000 0.0000 76.0934 27.9795 25.5480 -31.0921 41.8113 -12.1312 0.0000 -0.0000 -14.9415 -22.8349 -25.4127 10.2428 7.1250 -0.0000 -0.0000 7.6073 -57.0895 -2.2621
-2.9631 14.6164 -0.6803 7.5293 35.1810 23.0311 0.0000 0.0000 0.0000 -23.9228 41.4196 -56.5229 12.5130 18.5992 67.6059 2.5217 12.2413 -36.2993 0.6865 -5.2971 -14.7580 0.0000 0.0000 0.0000 -7.9367 25.2484 -65.3468 -12.8393 -18.7234 68.6257 1.4509 26.5930 -8.0830 -0.7489 -5.5277 15.4199 -5.3601 -1.5214 36.5758 7.2763 -2.5245 7.0487 11.8194 -0.9116 -10.1228 -14.2980 -14.0597 -16.6474 17.5345 -21.4563 27.4985 5.2507 -8.5933 16.4526 -0.0000 0.0000 0.0000 -77.2426 -29.2620 47.8940 37.9740 -46.8227 -16.9466 -0.0000 0.0000 -23.4069 29.8950 -9.6939 -5.5294 -7.1250 0.0000 -0.0000 2.0639 18.8369 -1.2878 -0.0000 0.0000 0.0000 75.0800 28.2930 25.1647 -31.1006 41.8183 -12.1369 0.0000 -0.0000 -14.6405 -21.4670 -25.1076 9.4732 7.1250 -0.0000 -0.0000 8.9327 -56.4831 -2.5290
-2.9736 14.6032 -0.6575 7.8421 35.5555 22.7969 0.0000 0.0000 0.0000 -23.6394 41.6295 -55.9077 12.5172 18.6008 67.6190 2.4963 11.9114 -35.9422 0.7797 -5.6374 -15.7360 0.0000 0.0000 0.0000 -7.9000 25.0537 -64.7527 -12.9504 -18.7642 68.9713 1.3566 26.7580 -9.1498 -0.6470 -5.1456 14.3243 -4.3236 -1.8644 36.7756 6.7674 -2.6252 7.3825 10.6877 -1.0005 -9.8359 -12.7340 -13.1949 -18.4554 15.3352 -19.6347 27.2177 4.4175 -7.8277 15.7180 0.0000 0.0000 0.0000 -78.0564 -29.8814 46.5649 36.9840 -46.1780 -16.2285 -0.0000 0.0000 -22.1224 29.0477 -11.5603 -6.3509 -7.1250 0.0000 -0.0000 1.3120 16.8129 -0.8767 0.0000 0.0000 0.0000 75.3133 29.1224 24.4862 -30.9333 41.6801 -12.0255 0.0000 -0.0000 -13.5877 -20.0567 -25.0327 8.7818 7.1250 -0.0000 -0.0000 10.3832 -56.1122 -2.8518
-3.0627 14.5602 -0.6355 7.9172 35.7382 23.0165 0.0000 0.0000 0.0000 -23.5432 41.9153 -56.6543 12.6050 18.6349 67.8942 2.3891 11.7622 -35.2692 0.8549 -5.8965 -16.4845 0.0000 0.0000 0.0000 -8.0509 25.4881 -65.3459 -13.0934 -18.8156 69.4153 1.2421 26.1299 -9.3595 -0.6938 -5.3248 14.8372 -4.3899 -1.6508 36.8771 6.5558 -2.4112 7.4735 10.3988 -0.9027 -9.8086 -10.3340 -11.7148 -20.5022 11.7586 -16.9046 27.7275 3.1341 -6.7573 15.1095 -0.0000 0.0000 0.0000 -77.5465 -29.6521 46.4598 37.3447 -46.4157 -16.4893 -0.0000 0.0000 -23.2335 28.3355 -11.9297 -6.3604 -7.1250 0.0000 -0.0000 0.7872 16.4829 -0.5315 -0.0000 0.0000 0.0000 75.3128 29.7603 25.0685 -31.0830 41.8038 -12.1252 0.0000 -0.0000 -13.6112 -20.8366 -25.3468 9.2540 7.1250 -0.0000 -0.0000 9.7088 -56.5937 -2.7776
-3.1348 14.5686 -0.6091 8.0583 36.2234 23.0047 0.0000 0.0000 0.0000 -23.1813 41.6625 -56.5263 12.5502 18.6137 67.7224 2.2968 11.8324 -34.8155 0.9214 -6.1154 -17.1198 0.0000 0.0000 0.0000 -7.8808 25.6362 -65.1244 -13.0873 -18.8135 69.3965 1.0687 25.4944 -10.1081 -0.5688 -4.8302 13.4250 -3.5951 -1.3845 37.5747 5.7685 -1.8882 7.5433 8.8940 -0.6675 -9.9639 -8.4371 -10.7494 -21.9907 9.6399 -15.4128 28.4541 2.2646 -6.1189 15.0959 -0.0000 0.0000 0.0000 -76.6122 -30.0644 47.5954 37.1745 -46.3039 -16.3660 -0.0000 0.0000 -22.8789 28.2272 -11.4389 -6.0769 -7.1250 0.0000 -0.0000 0.7521 17.0465 -0.4987 -0.0000 0.0000 0.0000 76.1159 30.3500 23.8822 -31.2441 41.9362 -12.2326 0.0000 -0.0000 -12.9970 -19.8801 -24.7260 8.6008 7.1250 -0.0000 -0.0000 10.4266 -55.7656 -2.7760
-3.1859 14.5789 -0.5862 7.9661 37.2745 22.9112 0.0000 0.0000 0.0000 -22.4196 41.0676 -56.3192 12.5339 18.6074 67.6715 2.2957 11.4441 -34.5423 0.9264 -6.1318 -17.1672 0.0000 0.0000 0.0000 -7.2956 25.2796 -64.7550 -13.0490 -18.7998 69.2776 0.9439 24.9819 -10.6019 -0.5146 -4.5979 12.7650 -2.5315 -1.5353 38.1262 5.2004 -1.7304 7.6540 7.6351 -0.6036 -10.0813 -7.1809 -9.8182 -23.2358 8.4171 -14.0601 28.7223 1.8257 -5.5291 15.0776 -0.0000 0.0000 0.0000 -76.0599 -30.0123 47.5703 37.2077 -46.3257 -16.3901 -0.0000 0.0000 -23.4197 26.9425 -11.7635 -5.9159 -7.1250 0.0000 -0.0000 -0.1660 16.8312 0.1108 -0.0000 0.0000 0.0000 76.4873 31.0368 23.9284 -31.3520 42.0244 -12.3048 0.0000 -0.0000 -12.8447 -20.2746 -24.6152 8.7473 7.1250 -0.0000 -0.0000 9.9655 -55.7338 -2.6437
-3.2643 14.5810 -0.5565 8.3781 37.9710 23.5972 0.0000 0.0000 0.0000 -22.7724 40.8768 -57.1191 12.5050 18.5961 67.5807 2.1387 11.2413 -33.5207 1.0163 -6.4139 -17.9901 0.0000 0.0000 0.0000 -7.5309 25.1421 -65.1888 -13.0752 -18.8091 69.3588 0.8134 24.3279 -11.0136 -0.4672 -4.3839 12.1593 -3.7170 -0.7814 38.2976 5.6894 -1.1820 7.5344 8.6010 -0.3178 -10.3384 -7.2537 -9.2094 -24.0692 6.9504 -12.6290 29.3435 1.5272 -5.0962 15.2551 0.0000 -0.0000 0.0000 -77.3792 -29.4070 47.6694 37.1795 -46.3072 -16.3697 -0.0000 0.0000 -23.0325 27.2767 -11.8665 -6.0524 -7.1250 0.0000 -0.0000 0.0585 16.6786 -0.0392 0.0000 -0.0000 0.0000 75.1211 31.3215 24.4391 -31.4578 42.1106 -12.3757 0.0000 -0.0000 -12.7154 -19.8599 -24.5453 8.5335 7.1250 -0.0000 -0.0000 10.3657 -55.5786 -2.7123
-3.3423 14.5864 -0.5270 8.4737 38.8814 23.8284 0.0000 0.0000 0.0000 -22.5174 40.6046 -57.5662 12.4448 18.5724 67.3918 1.9745 11.2558 -32.5772 1.0031 -6.3731 -17.8710 0.0000 0.0000 0.0000 -7.3666 25.3455 -65.2810 -13.0660 -18.8059 69.3305 0.5532 22.9980 -11.9053 -0.3398 -3.7458 10.3625 -3.3897 -0.6475 38.4026 5.0385 -0.9671 7.8435 7.6018 -0.2349 -10.0512 -5.6840 -7.8988 -25.9092 4.9662 -10.6380 30.4034 0.8325 -4.2997 15.6867 -0.0000 0.0000 0.0000 -76.7086 -29.7362 47.3885 37.3660 -46.4296 -16.5047 -0.0000 0.0000 -24.2007 26.5323 -12.1314 -5.9900 -7.1250 0.0000 -0.0000 -0.4770 16.4703 0.3222 -0.0000 0.0000 0.0000 75.7782 32.4343 24.3201 -31.3081 41.9886 -12.2755 0.0000 -0.0000 -12.9197 -19.7204 -23.7533 8.2159 7.1250 -0.0000 -0.0000 10.1623 -54.7480 -2.4523
-3.4139 14.5973 -0.5025 8.6933 39.9179 23.9942 0.0000 0.0000 0.0000 -22.1122 40.0490 -57.5320 12.3369 18.5295 67.0527 1.9145 10.9614 -32.0094 1.0346 -6.4696 -18.1531 0.0000 0.0000 0.0000 -7.3310 25.4706 -65.0278 -13.0303 -18.7931 69.2197 0.3788 21.9117 -12.4025 -0.3107 -3.5833 9.9073 -3.3567 -0.6698 38.8000 4.6241 -1.0242 7.9499 7.1517 -0.2549 -10.0519 -4.6061 -5.8362 -26.8413 2.3116 -7.1153 31.6855 0.2750 -3.0781 16.0548 -0.0000 0.0000 0.0000 -76.4263 -29.5705 46.5191 37.3580 -46.4243 -16.4989 -0.0000 0.0000 -23.9989 27.1402 -12.5869 -6.3740 -7.1250 0.0000 -0.0000 -0.0913 15.8942 0.0628 -0.0000 0.0000 0.0000 76.1314 33.5503 25.0789 -30.8420 41.6043 -11.9648 0.0000 -0.0000 -11.6608 -18.1320 -22.5444 7.1561 7.1250 -0.0000 -0.0000 11.2663 -53.2254 -2.3026
-3.4777 14.6100 -0.4686 8.9925 41.2918 24.3845 0.0000 0.0000 0.0000 -21.8611 39.3695 -57.7786 12.2499 18.4943 66.7788 1.8041 10.7224 -31.1637 0.8401 -5.8465 -16.3396 0.0000 0.0000 0.0000 -7.2306 25.0208 -64.9134 -12.9715 -18.7719 69.0370 0.3175 21.2699 -12.3751 -0.4045 -4.0832 11.3110 -3.3331 -0.2726 38.8509 4.4400 -0.5282 8.2458 6.7222 -0.0316 -9.7971 -3.8946 -4.6258 -27.9991 0.7667 -5.0266 32.8434 -0.0876 -2.3458 16.7075 0.0000 0.0000 0.0000 -77.1739 -30.2024 46.4380 37.4362 -46.4754 -16.5556 -0.0000 0.0000 -23.8798 27.1226 -12.4160 -6.2848 -7.1250 0.0000 -0.0000 -0.0901 16.0860 0.0616 0.0000 0.0000 0.0000 75.1920 34.4283 25.1178 -31.2029 41.9024 -12.2051 0.0000 -0.0000 -12.0716 -19.8978 -24.2589 8.4585 7.1250 -0.0000 -0.0000 10.1988 -55.2960 -2.5977
-3.5540 14.6217 -0.4363 9.6158 42.8608 24.9546 0.0000 0.0000 0.0000 -21.6404 38.3438 -57.9089 12.1915 18.4704 66.5947 1.7627 10.3519 -30.6391 1.1460 -6.7978 -19.1176 0.0000 0.0000 0.0000 -7.2354 24.5583 -64.6624 -12.9685 -18.7708 69.0277 0.1127 20.2438 -13.3090 -0.3097 -3.5775 9.8911 -3.8650 -0.1360 39.2033 4.4767 -0.5398 8.3091 7.0505 -0.0197 -9.8359 -3.8267 -3.1741 -28.4086 -0.6170 -2.3231 33.4244 -0.1198 -1.4604 16.9977 -0.0000 0.0000 0.0000 -77.9016 -29.9972 45.3489 37.4573 -46.4892 -16.5709 -0.0000 0.0000 -23.5552 26.3567 -12.3906 -6.0685 -7.1250 0.0000 -0.0000 -0.6171 16.2043 0.4204 -0.0000 0.0000 0.0000 74.3511 35.3552 26.0155 -31.1832 41.8862 -12.1920 0.0000 -0.0000 -12.5278 -17.9289 -23.3067 7.2949 7.1250 -0.0000 -0.0000 11.7934 -53.9539 -2.6239
-3.6435 14.6040 -0.4020 10.4263 44.2380 25.7539 0.0000 0.0000 0.0000 -21.6320 37.5705 -58.4211 12.1306 18.4453 66.4022 1.5997 10.3799 -29.6102 1.0789 -6.6022 -18.5421 0.0000 0.0000 0.0000 -7.4167 24.0907 -64.8703 -13.0969 -18.8169 69.4261 -0.1010 19.0906 -14.2923 -0.2088 -2.9418 8.1168 -3.8503 -0.0417 39.3103 3.7703 -0.4870 8.5314 6.2395 0.0104 -9.6112 -2.9620 -1.9314 -28.7532 -2.3233 -0.1942 33.3626 -0.5556 -0.7575 17.0074 -0.0000 -0.0000 0.0000 -77.0888 -30.4408 45.2590 37.3406 -46.4130 -16.4863 -0.0000 0.0000 -23.3783 26.5360 -12.9840 -6.4016 -7.1250 0.0000 -0.0000 -0.5375 15.5282 0.3740 -0.0000 -0.0000 0.0000 74.4923 36.2339 25.5546 -31.1872 41.8895 -12.1946 0.0000 -0.0000 -12.1819 -18.4769 -23.2643 7.5184 7.1250 -0.0000 -0.0000 11.2210 -54.0145 -2.5107
-3.7798 14.5888 -0.3471 10.8025 45.2724 26.2677 0.0000 0.0000 0.0000 -21.3554 37.1578 -59.2706 12.0813 18.4248 66.2463 1.3491 10.6278 -28.1015 1.1663 -6.8556 -19.2882 0.0000 0.0000 0.0000 -7.4337 24.5384 -65.2079 -13.2093 -18.8564 69.7743 -0.3313 17.5704 -15.2775 -0.1570 -2.5528 7.0360 -4.3292 0.4943 39.7237 3.0918 -0.0992 8.6290 5.5906 0.2079 -9.6606 -2.5579 -0.8766 -28.5365 -3.6900 1.6725 32.5657 -0.8017 -0.1525 16.5878 -0.0000 0.0000 0.0000 -76.6528 -30.6600 44.9924 37.5509 -46.5501 -16.6388 -0.0000 0.0000 -23.0567 27.5653 -12.2429 -6.3168 -7.1250 0.0000 -0.0000 0.2291 16.2256 -0.1560 -0.0000 0.0000 0.0000 74.6708 36.6792 26.0577 -31.7909 42.3799 -12.5997 0.0000 -0.0000 -12.7846 -20.4725 -24.4273 8.7766 7.1250 -0.0000 -0.0000 9.6760 -55.5830 -2.5303
-3.8711 14.5802 -0.2849 11.0042 46.9015 26.2988 0.0000 0.0000 0.0000 -20.2200 36.1778 -58.7121 12.0487 18.4112 66.1432 1.4449 9.5665 -27.9634 0.7685 -5.5977 -15.6216 0.0000 0.0000 0.0000 -6.8462 24.3325 -64.7768 -13.2844 -18.8825 70.0066 -0.5202 16.4694 -16.2531 -0.1484 -2.4823 6.8405 -4.9433 0.7990 40.3641 3.1034 0.0568 8.9086 5.8537 0.2922 -9.5610 -2.7387 0.3172 -27.9413 -5.1887 3.8917 30.4634 -0.9024 0.5556 15.5283 -0.0000 0.0000 0.0000 -77.3699 -30.6720 43.5518 38.0369 -46.8629 -16.9926 -0.0000 0.0000 -22.8769 26.5480 -12.6715 -6.2546 -7.1250 0.0000 -0.0000 -0.5056 15.8718 0.3481 -0.0000 0.0000 0.0000 73.8695 37.7594 27.1524 -31.4908 42.1374 -12.3979 0.0000 -0.0000 -13.4531 -19.5483 -23.0092 7.9015 7.1250 -0.0000 -0.0000 10.0278 -53.9592 -2.2257
-3.9251 14.5922 -0.2507 11.8707 49.1956 26.6292 0.0000 0.0000 0.0000 -19.2951 34.2710 -57.8037 11.8971 18.3468 65.6624 1.3577 9.6357 -27.3990 0.6916 -5.3164 -14.8133 0.0000 0.0000 0.0000 -6.1633 22.8039 -63.7436 -13.2006 -18.8534 69.7475 -0.6239 15.7284 -16.7538 -0.0910 -1.9453 5.3546 -4.2524 0.5513 41.3828 2.6195 -0.0075 9.0382 4.9856 0.2859 -9.7203 -2.7646 0.9710 -27.4264 -6.2313 5.1031 29.2296 -1.0610 0.9540 14.9291 -0.0000 -0.0000 0.0000 -77.1452 -30.6295 44.4324 38.8507 -47.3740 -17.5889 -0.0000 0.0000 -23.2089 27.8790 -11.9321 -6.2418 -7.1250 0.0000 -0.0000 0.4709 16.5350 -0.3174 -0.0000 -0.0000 0.0000 73.3901 38.0261 26.7759 -31.4437 42.0992 -12.3663 0.0000 -0.0000 -12.6669 -19.4758 -22.9242 7.8430 7.1250 -0.0000 -0.0000 10.0668 -53.8591 -2.2098
-4.0343 14.5740 -0.1865 11.7062 51.0277 26.9249 0.0000 0.0000 0.0000 -18.2827 33.2277 -58.5275 11.8816 18.3401 65.6130 1.2549 9.3194 -26.4107 0.6158 -5.0224 -13.9726 0.0000 0.0000 0.0000 -5.4545 22.5932 -64.1246 -13.3183 -18.8941 70.1113 -0.7894 14.5351 -17.6070 -0.0702 -1.7088 4.7015 -4.1913 0.6296 41.4738 2.1124 0.0778 9.2095 4.3630 0.3375 -9.5507 -1.7255 2.2116 -27.2164 -8.2389 7.1080 28.6901 -1.6446 1.6514 14.8650 -0.0000 0.0000 0.0000 -76.1925 -30.4115 43.8815 39.4788 -47.7581 -18.0524 -0.0000 0.0000 -23.9100 27.4410 -11.9071 -6.1151 -7.1250 0.0000 -0.0000 0.1694 16.6145 -0.1139 -0.0000 0.0000 0.0000 73.6581 38.8710 26.9697 -30.9405 41.6860 -12.0303 0.0000 -0.0000 -12.0986 -19.6854 -23.0071 7.9601 7.1250 -0.0000 -0.0000 9.8874 -53.9830 -2.1998
-4.1097 14.5884 -0.1335 12.4497 52.5547 27.2773 0.0000 0.0000 0.0000 -17.8438 32.4053 -58.2213 11.7213 18.2703 65.1027 1.1172 9.4174 -25.4387 0.6496 -5.1557 -14.3531 0.0000 0.0000 0.0000 -4.9943 21.9047 -63.4241 -13.2960 -18.8864 70.0422 -0.8951 13.7545 -18.1817 -0.0710 -1.7188 4.7291 -3.5065 1.2026 42.5144 0.9397 0.9108 9.3196 2.3746 0.7514 -9.7745 -0.3632 2.6963 -26.9509 -9.0987 7.4910 28.4398 -2.1452 1.8666 14.8185 -0.0000 0.0000 0.0000 -76.4890 -31.1158 46.3502 39.0468 -47.4949 -17.7333 -0.0000 0.0000 -23.4665 27.6316 -11.5862 -6.0019 -7.1250 0.0000 -0.0000 0.3263 16.9503 -0.2170 -0.0000 0.0000 0.0000 73.8167 38.7705 24.3681 -30.6903 41.4778 -11.8642 0.0000 -0.0000 -11.6945 -19.5012 -22.7015 7.7826 7.1250 -0.0000 -0.0000 9.9514 -53.6374 -2.1300
-4.1540 14.5954 -0.0806 11.7679 53.7796 26.7475 0.0000 0.0000 0.0000 -16.6666 32.1880 -58.2373 11.7381 18.2777 65.1562 1.2257 7.9364 -25.1718 0.3715 -3.9150 -10.8376 0.0000 0.0000 0.0000 -4.0324 21.9054 -63.0731 -13.3149 -18.8929 70.1009 -1.0110 13.1047 -18.8992 -0.0488 -1.4251 3.9194 -3.7888 1.6865 42.8749 0.5910 1.3739 9.7200 1.9407 0.9792 -9.4383 0.0637 3.7157 -27.7088 -10.2455 9.2152 28.2492 -2.3236 2.4591 15.1220 0.0000 -0.0000 0.0000 -75.9002 -31.6979 46.3597 39.1174 -47.5382 -17.7854 -0.0000 0.0000 -23.4727 28.1648 -11.4223 -6.0525 -7.1250 0.0000 -0.0000 0.7100 17.0725 -0.4703 0.0000 -0.0000 0.0000 73.3891 39.3935 25.1316 -31.0000 41.7353 -12.0698 0.0000 -0.0000 -11.7222 -21.8369 -25.2021 9.6832 7.1250 -0.0000 -0.0000 8.5821 -56.6582 -2.4651
-4.2575 14.5262 0.0113 10.4029 54.4942 26.9807 0.0000 0.0000 0.0000 -16.4780 33.2454 -61.3414 11.8692 18.3348 65.5736 0.9927 7.6932 -23.1018 0.5007 -4.5362 -12.5904 0.0000 0.0000 0.0000 -3.5826 23.1124 -65.1253 -13.6254 -18.9965 71.0571 -1.1319 11.7342 -19.5142 -0.0551 -1.5146 4.1660 -4.9077 2.9036 41.3834 0.2953 2.3796 9.6363 1.8024 1.4323 -9.1412 0.9444 4.3844 -27.3505 -11.0301 10.0207 27.8552 -2.6169 2.8165 15.0410 0.0000 -0.0000 0.0000 -75.9271 -31.2944 46.6586 38.9673 -47.4460 -17.6747 -0.0000 0.0000 -22.9866 28.4799 -11.3129 -6.0746 -7.1250 0.0000 -0.0000 0.9382 17.1589 -0.6197 0.0000 -0.0000 0.0000 73.8572 39.5340 25.0964 -30.8438 41.6058 -11.9660 0.0000 -0.0000 -11.7234 -20.9501 -25.0955 9.2234 7.1250 -0.0000 -0.0000 9.4736 -56.3618 -2.6561
-4.2734 14.5130 0.0470 10.4792 56.0179 27.3318 0.0000 0.0000 0.0000 -16.3027 33.0784 -62.2849 11.8913 18.3443 65.6438 0.9468 6.9886 -22.1850 0.5839 -4.8927 -13.6029 0.0000 0.0000 0.0000 -3.2464 22.6622 -65.2634 -13.7612 -19.0400 71.4739 -1.2202 11.0497 -20.0692 -0.0463 -1.3891 3.8200 -3.9123 3.4518 41.4062 -0.8259 3.3241 9.6189 -0.3074 1.8901 -9.1207 3.2735 4.3660 -28.3078 -11.2480 9.0629 28.1737 -3.3269 2.5927 15.4294 0.0000 -0.0000 0.0000 -75.0248 -32.1039 49.6952 38.7449 -47.3084 -17.5110 -0.0000 0.0000 -23.8372 28.1018 -11.9531 -6.3110 -7.1250 0.0000 -0.0000 0.6235 16.4849 -0.4209 0.0000 -0.0000 0.0000 75.0537 39.1882 21.8780 -30.9091 41.6600 -12.0094 0.0000 -0.0000 -11.1593 -20.3630 -23.5060 8.4207 7.1250 -0.0000 -0.0000 9.3981 -54.6221 -2.2364
-4.2784 14.5024 0.0704 10.7891 57.0954 27.5999 0.0000 0.0000 0.0000 -16.1023 32.9930 -62.5356 11.8780 18.3386 65.6016 0.9320 6.1035 -21.4288 0.4742 -4.4162 -12.2507 0.0000 0.0000 0.0000 -2.9220 22.2374 -65.1356 -13.8613 -19.0714 71.7804 -1.2972 10.1754 -20.5335 -0.0235 -0.9892 2.7190 -4.3566 3.8037 41.6542 -0.8966 3.5354 9.2895 -0.2684 1.9926 -9.5785 3.6769 4.6317 -27.4324 -11.9156 9.4261 27.4781 -3.5731 2.7546 15.0386 0.0000 -0.0000 0.0000 -75.1952 -31.1700 50.3760 38.7577 -47.3164 -17.5205 -0.0000 0.0000 -23.9536 28.3551 -11.5529 -6.1688 -7.1250 0.0000 -0.0000 0.8318 16.9037 -0.5541 0.0000 -0.0000 0.0000 74.7993 38.9266 22.2351 -31.0357 41.7648 -12.0936 0.0000 -0.0000 -11.5615 -20.6261 -24.0688 8.7272 7.1250 -0.0000 -0.0000 9.3615 -55.2486 -2.3707
-4.2688 14.4978 0.0742 10.8436 57.7948 27.9650 0.0000 0.0000 0.0000 -16.1844 32.7933 -63.1457 11.8791 18.3391 65.6051 0.8896 5.7884 -20.8235 0.5667 -4.8213 -13.3996 0.0000 0.0000 0.0000 -2.8910 22.0522 -65.4595 -13.9530 -19.0997 72.0610 -1.3549 9.5657 -20.9074 -0.0121 -0.7102 1.9518 -4.8631 3.8576 41.2931 -0.9099 3.4042 9.1386 0.0400 1.9370 -9.6479 3.8805 5.1133 -26.3885 -12.5488 10.1257 26.5144 -3.6869 3.0595 14.5312 0.0000 -0.0000 0.0000 -75.2940 -30.4999 49.4242 38.8227 -47.3567 -17.5682 -0.0000 0.0000 -24.0550 28.6185 -12.0006 -6.4725 -7.1250 0.0000 -0.0000 0.9769 16.3688 -0.6621 0.0000 -0.0000 0.0000 75.5140 38.6850 23.6524 -31.5226 42.1632 -12.4192 0.0000 -0.0000 -11.3207 -20.1467 -23.9814 8.4810 7.1250 -0.0000 -0.0000 9.8207 -55.0639 -2.4444
