HIERARCHY
ROOT Hips
{
	OFFSET 0.00000 0.00000 0.00000
	CHANNELS 6 Xposition Yposition Zposition Zrotation Yrotation Xrotation 
	JOINT LHipJoint
	{
		OFFSET 0 0 0
		CHANNELS 3 Zrotation Yrotation Xrotation
		JOINT LeftUpLeg
		{
			OFFSET 1.36337 -1.57426 1.11036
			CHANNELS 3 Zrotation Yrotation Xrotation
			JOINT LeftLeg
			{
				OFFSET 2.38468 -6.55187 0.00000
				CHANNELS 3 Zrotation Yrotation Xrotation
				JOINT LeftFoot
				{
					OFFSET 2.37166 -6.51609 0.00000
					CHANNELS 3 Zrotation Yrotation Xrotation
					JOINT LeftToeBase
					{
						OFFSET 0.29078 -0.79891 2.01393
						CHANNELS 3 Zrotation Yrotation Xrotation
						End Site
						{
							OFFSET 0.00000 -0.00000 1.07924
						}
					}
				}
			}
		}
	}
	JOINT RHipJoint
	{
		OFFSET 0 0 0
		CHANNELS 3 Zrotation Yrotation Xrotation
		JOINT RightUpLeg
		{
			OFFSET -1.36349 -1.57426 1.11036
			CHANNELS 3 Zrotation Yrotation Xrotation
			JOINT RightLeg
			{
				OFFSET -2.29562 -6.30717 0.00000
				CHANNELS 3 Zrotation Yrotation Xrotation
				JOINT RightFoot
				{
					OFFSET -2.40985 -6.62100 0.00000
					CHANNELS 3 Zrotation Yrotation Xrotation
					JOINT RightToeBase
					{
						OFFSET -0.23197 -0.63733 1.92232
						CHANNELS 3 Zrotation Yrotation Xrotation
						End Site
						{
							OFFSET -0.00000 -0.00000 1.01562
						}
					}
				}
			}
		}
	}
	JOINT LowerBack
	{
		OFFSET 0 0 0
		CHANNELS 3 Zrotation Yrotation Xrotation
		JOINT Spine
		{
			OFFSET -0.08565 2.03602 -0.24562
			CHANNELS 3 Zrotation Yrotation Xrotation
			JOINT Spine1
			{
				OFFSET -0.00036 2.05693 0.00216
				CHANNELS 3 Zrotation Yrotation Xrotation
				JOINT Neck
				{
					OFFSET 0 0 0
					CHANNELS 3 Zrotation Yrotation Xrotation
					JOINT Neck1
					{
						OFFSET -0.03664 1.69515 0.31789
						CHANNELS 3 Zrotation Yrotation Xrotation
						JOINT Head
						{
							OFFSET 0.00932 1.70181 -0.46013
							CHANNELS 3 Zrotation Yrotation Xrotation
							End Site
							{
								OFFSET 0.01243 1.77620 -0.19377
							}
						}
					}
				}
				JOINT LeftShoulder
				{
					OFFSET 0 0 0
					CHANNELS 3 Zrotation Yrotation Xrotation
					JOINT LeftArm
					{
						OFFSET 3.74344 0.81315 -0.36647
						CHANNELS 3 Zrotation Yrotation Xrotation
						JOINT LeftForeArm
						{
							OFFSET 4.97185 -0.00000 -0.00000
							CHANNELS 3 Zrotation Yrotation Xrotation
							JOINT LeftHand
							{
								OFFSET 3.35811 -0.00000 0.00000
								CHANNELS 3 Zrotation Yrotation Xrotation
								JOINT LeftFingerBase
								{
									OFFSET 0 0 0
									CHANNELS 3 Zrotation Yrotation Xrotation
									JOINT LeftHandIndex1
									{
										OFFSET 0.62278 -0.00000 0.00000
										CHANNELS 3 Zrotation Yrotation Xrotation
										End Site
										{
											OFFSET 0.50210 -0.00000 0.00000
										}
									}
								}
								JOINT LThumb
								{
									OFFSET 0 0 0
									CHANNELS 3 Zrotation Yrotation Xrotation
									End Site
									{
										OFFSET 0.50976 -0.00000 0.50976
									}
								}
							}
						}
					}
				}
				JOINT RightShoulder
				{
					OFFSET 0 0 0
					CHANNELS 3 Zrotation Yrotation Xrotation
					JOINT RightArm
					{
						OFFSET -3.75385 0.50666 -0.06525
						CHANNELS 3 Zrotation Yrotation Xrotation
						JOINT RightForeArm
						{
							OFFSET -4.96493 -0.00000 -0.00000
							CHANNELS 3 Zrotation Yrotation Xrotation
							JOINT RightHand
							{
								OFFSET -3.34929 -0.00000 0.00000
								CHANNELS 3 Zrotation Yrotation Xrotation
								JOINT RightFingerBase
								{
									OFFSET 0 0 0
									CHANNELS 3 Zrotation Yrotation Xrotation
									JOINT RightHandIndex1
									{
										OFFSET -0.63804 -0.00000 0.00000
										CHANNELS 3 Zrotation Yrotation Xrotation
										End Site
										{
											OFFSET -0.51441 -0.00000 0.00000
										}
									}
								}
								JOINT RThumb
								{
									OFFSET 0 0 0
									CHANNELS 3 Zrotation Yrotation Xrotation
									End Site
									{
										OFFSET -0.52226 -0.00000 0.52226
									}
								}
							}
						}
					}
				}
			}
		}
	}
}
MOTION
Frames: 236
Frame Time: .0333333
5.2738 16.9819 -1.11 0 0 0 0 0 0 -21 0 0 0 0 0 0 0 0 0 0 0 0 0 0 21 0 0 0 0 0 0 0 0 0 0 0 0 0 0 0 0 0 0 0 0 0 0 -16 0 0 21 0 0 11 0 0 0 -8 0 0 0 0 0 0 0 0 0 0 0 0 0 0 0 0 0 0 0 0 8 0 0 0 0 0 0 0 0 0 0 0 0 0 0 0 0 0
5.2738 16.9819 -1.1100 135.2390 -84.6279 -132.7180 0.0000 0.0000 0.0000 -18.8697 -6.4041 1.7573 0.7293 5.4565 15.2152 0.6615 14.8558 -26.9783 0.0776 1.7970 4.9450 0.0000 0.0000 0.0000 11.1876 -1.7756 2.4618 -0.1266 -2.2933 6.3168 0.2131 -14.9334 -18.7517 -0.0232 -0.9828 2.7016 -5.9889 -1.1882 -7.6834 0.1839 -0.9996 1.8915 3.4304 -0.7288 6.4218 -13.8757 -9.9528 -16.5803 6.4804 -13.2969 30.0857 2.4568 -6.7555 14.5600 0.0000 0.0000 0.0000 -91.7086 -3.0857 22.6949 11.1051 -18.4491 -1.8090 -0.0000 0.0000 -1.8634 21.7768 -12.0559 -4.7698 -7.1250 0.0000 -0.0000 -3.7778 17.0453 2.5100 0.0000 0.0000 0.0000 86.6300 1.4638 18.3829 -13.0056 21.2954 -2.4553 0.0000 -0.0000 -8.7574 -12.0093 -28.0741 5.7169 7.1250 -0.0000 -0.0000 20.4287 -57.3934 -6.3792
5.3020 16.9891 -1.0948 137.5160 -83.7296 -134.9370 0.0000 0.0000 0.0000 -19.5954 -6.7822 1.8397 0.7415 5.5007 15.3422 0.7294 15.4230 -28.0913 0.1118 2.1559 5.9367 0.0000 0.0000 0.0000 10.4025 -1.3518 3.5938 -0.0465 -1.3922 3.8287 0.4550 -15.9940 -17.3603 -0.0120 -0.7087 1.9476 -5.9971 -0.9021 -7.6350 -0.1085 -0.6029 1.9587 3.1797 -0.5305 6.4193 -13.7325 -10.0040 -16.7485 6.3717 -13.3605 30.1702 2.3693 -6.7739 14.6197 0.0000 -0.0000 0.0000 -91.5092 -3.2458 23.1596 11.2487 -18.6685 -1.8548 -0.0000 0.0000 -2.1745 21.7317 -11.7034 -4.6224 -7.1250 0.0000 -0.0000 -3.7963 17.4256 2.4907 0.0000 -0.0000 0.0000 87.3259 1.6007 16.0370 -13.3276 21.7654 -2.5735 0.0000 -0.0000 -6.2922 -11.5992 -28.8160 5.6501 7.1250 -0.0000 -0.0000 21.3602 -57.9960 -7.0022
5.4728 17.0532 -1.1372 153.8960 -83.9655 -150.5140 0.0000 0.0000 0.0000 -17.4129 -7.4800 0.1122 0.7820 5.6455 15.7594 0.5987 16.3278 -28.1266 0.1215 2.2473 6.1895 0.0000 0.0000 0.0000 12.4446 -0.7670 4.1574 0.0000 0.0000 -0.0000 0.7114 -16.9315 -15.2379 -0.0679 -1.6808 4.6242 -5.1111 -0.5740 -5.9147 0.4985 -0.3995 1.2845 3.3518 -0.3484 4.7000 -13.8251 -9.7511 -16.0908 6.6602 -13.0762 29.5747 2.5918 -6.6429 14.2090 -0.0000 0.0000 0.0000 -91.5544 -3.2717 23.7057 11.2955 -18.7398 -1.8697 -0.0000 0.0000 -3.1294 21.7318 -10.7716 -4.2604 -7.1250 0.0000 -0.0000 -3.7658 18.4199 2.3881 -0.0000 0.0000 0.0000 87.4507 1.7425 15.1965 -13.1808 21.5515 -2.5193 0.0000 -0.0000 -5.3489 -10.4572 -29.6344 5.2144 7.1250 -0.0000 -0.0000 23.1276 -58.4992 -7.9053
5.4603 17.0390 -1.1302 145.4530 -84.0519 -142.0550 0.0000 0.0000 0.0000 -18.2084 -7.3962 0.3308 0.7312 5.4633 15.2349 0.5890 16.0317 -27.7226 0.1311 2.3341 6.4300 0.0000 0.0000 0.0000 11.7358 -0.7823 2.5526 -0.0288 -1.0948 3.0096 0.5226 -16.2746 -16.9133 -0.0299 -1.1157 3.0673 -5.6027 -0.8229 -6.3691 0.2682 -0.6508 1.4763 3.3588 -0.5014 5.1889 -13.6293 -9.6749 -16.2361 6.6041 -12.9652 29.5235 2.5558 -6.5735 14.1807 -0.0000 0.0000 0.0000 -91.5870 -3.3254 23.7711 11.3207 -18.7781 -1.8779 -0.0000 0.0000 -3.0820 21.6992 -11.5003 -4.5362 -7.1250 0.0000 -0.0000 -3.8120 17.6450 2.4827 -0.0000 0.0000 0.0000 87.4466 1.9187 15.4351 -13.2332 21.6279 -2.5386 0.0000 -0.0000 -5.4298 -10.4564 -30.6912 5.3812 7.1250 -0.0000 -0.0000 23.9584 -59.4589 -8.7680
5.4027 17.0203 -1.0889 134.5350 -83.8113 -130.9140 0.0000 0.0000 0.0000 -19.6437 -7.4356 0.6633 0.6858 5.2944 14.7503 0.5824 15.8613 -27.4821 0.1118 2.1557 5.9363 0.0000 0.0000 0.0000 10.1305 -0.8727 0.8683 -0.1128 -2.1654 5.9629 0.3937 -15.8288 -17.9160 -0.0014 0.2392 -0.6573 -5.8001 -1.0824 -7.7554 -0.2286 -0.8525 1.8413 2.9087 -0.6396 6.3822 -13.5897 -9.7518 -16.6123 6.7815 -13.0687 29.4494 2.5840 -6.5714 14.2545 0.0000 0.0000 0.0000 -91.5336 -3.5147 24.2416 11.3225 -18.7809 -1.8784 -0.0000 0.0000 -3.1432 22.3268 -11.4265 -4.6513 -7.1250 0.0000 -0.0000 -3.3697 17.6674 2.1919 0.0000 0.0000 0.0000 87.5085 2.2603 15.4299 -13.1859 21.5589 -2.5212 0.0000 -0.0000 -5.6278 -10.0052 -29.5491 4.9725 7.1250 -0.0000 -0.0000 23.5229 -58.3225 -7.9490
5.4295 17.0302 -1.0915 135.8650 -83.9652 -132.1390 0.0000 0.0000 0.0000 -19.3700 -7.6182 0.6251 0.6640 5.2115 14.5127 0.5637 16.0050 -27.5027 0.1164 2.1994 6.0569 0.0000 0.0000 0.0000 10.4062 -0.6905 0.3321 -0.1377 -2.3913 6.5883 0.3448 -15.6843 -18.3177 -0.0171 0.8450 -2.3224 -5.5583 -1.0499 -7.5001 -0.1857 -0.8532 1.8076 2.8209 -0.6259 6.1958 -13.3409 -9.7618 -16.8924 6.4784 -13.0211 29.5742 2.4209 -6.5516 14.3152 -0.0000 -0.0000 0.0000 -91.5700 -3.5504 24.2699 11.3048 -18.7539 -1.8727 -0.0000 0.0000 -3.4219 22.6410 -11.9243 -4.9257 -7.1250 0.0000 -0.0000 -3.1701 17.1042 2.1008 -0.0000 -0.0000 0.0000 87.5012 2.4215 15.4153 -13.0379 21.3427 -2.4670 0.0000 -0.0000 -5.1743 -10.1219 -29.3692 5.0037 7.1250 -0.0000 -0.0000 23.2690 -58.1841 -7.7786
5.4582 17.0261 -1.1026 136.3280 -83.9937 -132.6000 0.0000 0.0000 0.0000 -19.2286 -7.5090 0.5945 0.6421 5.1264 14.2695 0.5236 16.0308 -27.2281 0.1356 2.3736 6.5394 0.0000 0.0000 0.0000 10.5684 -0.4999 -0.1407 -0.1712 -2.6651 7.3478 0.2912 -15.5162 -18.7253 -0.0136 0.7519 -2.0663 -5.6849 -1.0460 -6.7653 -0.0798 -0.9004 1.4916 3.0083 -0.6297 5.4512 -13.2824 -9.5765 -16.6230 6.2336 -12.7454 29.6793 2.3814 -6.4745 14.2425 -0.0000 0.0000 0.0000 -91.8781 -3.0051 23.6819 11.3455 -18.8159 -1.8859 -0.0000 0.0000 -1.8409 25.0591 -12.1003 -5.5978 -7.1250 0.0000 -0.0000 -1.4968 16.6678 1.0049 -0.0000 0.0000 0.0000 87.3867 1.7666 15.9584 -13.2862 21.7052 -2.5582 0.0000 -0.0000 -4.9482 -10.3120 -31.2392 5.3905 7.1250 -0.0000 -0.0000 24.5607 -59.9197 -9.2782
5.4945 17.0322 -1.0992 136.5250 -84.3134 -132.5080 0.0000 0.0000 0.0000 -18.8931 -7.6723 -0.0628 0.6785 5.2669 14.6714 0.5617 15.7734 -27.2269 0.1287 2.3127 6.3706 0.0000 0.0000 0.0000 10.8119 -0.7716 -0.1123 -0.1305 -2.3282 6.4137 0.3657 -15.7822 -18.2126 -0.0099 0.6422 -1.7647 -5.3253 -1.0898 -6.4013 -0.0517 -1.0216 1.2263 2.8287 -0.6612 4.9691 -13.3754 -9.5672 -16.3616 6.2772 -12.7738 29.7103 2.4185 -6.5041 14.2150 0.0000 0.0000 0.0000 -91.7920 -3.1336 23.0232 10.8880 -18.1164 -1.7409 -0.0000 -0.0000 0.6238 26.9517 -14.1334 -7.0774 -7.1250 0.0000 -0.0000 -0.3465 14.2058 0.2509 0.0000 0.0000 0.0000 87.3455 1.2430 16.8589 -13.5242 22.0505 -2.6469 0.0000 -0.0000 -4.9715 -8.6354 -34.4290 4.9076 7.1250 -0.0000 -0.0000 29.3053 -62.3132 -12.9229
5.5003 17.0340 -1.1003 133.8060 -84.2799 -129.7650 0.0000 0.0000 0.0000 -19.1399 -7.6744 -0.0763 0.6797 5.2714 14.6844 0.5836 15.5317 -27.1233 0.1352 2.3702 6.5300 0.0000 0.0000 0.0000 10.5389 -0.9652 -0.1238 -0.1259 -2.2871 6.2997 0.3766 -15.8043 -18.1060 -0.0087 0.6035 -1.6584 -5.5109 -1.1278 -6.4094 -0.0930 -1.0573 1.1658 2.8863 -0.6814 4.9168 -13.3708 -9.4951 -16.3489 6.1325 -12.6606 29.9586 2.3822 -6.4808 14.2950 0.0000 0.0000 0.0000 -91.8875 -3.2938 21.4807 10.3527 -17.2894 -1.5782 -0.0000 -0.0000 3.8083 28.7761 -15.2047 -8.1966 -7.1250 0.0000 -0.0000 0.7809 12.7536 -0.5893 0.0000 0.0000 0.0000 87.2959 1.3068 16.5534 -13.2723 21.6850 -2.5530 0.0000 -0.0000 -2.7214 -5.3928 -36.9556 3.2483 7.1250 -0.0000 -0.0000 35.5200 -63.5607 -17.0516
5.5209 17.0373 -1.1330 139.4810 -84.4945 -135.4850 0.0000 0.0000 0.0000 -18.3902 -7.8849 -0.0575 0.6767 5.2600 14.6517 0.5478 15.9112 -27.2769 0.1264 2.2921 6.3136 0.0000 0.0000 0.0000 11.4515 -0.7221 0.0142 -0.1192 -2.2261 6.1310 0.3509 -15.5639 -18.0218 -0.0005 -0.1390 0.3820 -5.3045 -0.9339 -6.2912 0.0664 -0.8276 1.1959 2.9629 -0.5627 4.8587 -13.1325 -9.4158 -16.2291 5.8844 -12.5576 30.0216 2.2715 -6.4482 14.2424 -0.0000 -0.0000 0.0000 -91.8591 -4.1532 17.7090 9.5486 -16.0304 -1.3476 -0.0000 -0.0000 6.9789 26.5097 -15.8710 -7.7675 -7.1250 0.0000 -0.0000 -0.7968 12.3552 0.6079 -0.0000 -0.0000 0.0000 87.5274 1.6618 15.2257 -12.7096 20.8603 -2.3489 0.0000 0.0000 1.3861 -3.0351 -38.3448 1.8840 7.1250 -0.0000 -0.0000 39.6731 -64.0065 -19.7615
5.5206 17.0330 -1.1379 137.9440 -84.4097 -134.0580 0.0000 0.0000 0.0000 -18.6030 -8.0646 0.1836 0.6712 5.2390 14.5916 0.5425 16.0903 -27.4398 0.1380 2.3944 6.5969 0.0000 0.0000 0.0000 11.2742 -0.7520 0.0083 -0.1290 -2.3151 6.3772 0.3521 -15.5405 -17.9636 -0.0023 -0.3088 0.8485 -5.4108 -0.9392 -7.0497 -0.0347 -0.7564 1.7898 2.9136 -0.5678 5.9100 -13.1652 -9.5839 -16.8188 6.2056 -12.7446 29.7224 2.3443 -6.4541 14.2910 -0.0000 -0.0000 0.0000 -91.7922 -5.7914 13.3981 8.6225 -14.5568 -1.1033 -0.0000 -0.0000 11.0612 25.4718 -15.6986 -7.3446 -7.1250 0.0000 -0.0000 -1.4750 12.6915 1.1153 -0.0000 -0.0000 0.0000 87.8482 3.4306 12.3791 -11.7464 19.4232 -2.0172 0.0000 0.0000 4.2186 -1.2120 -39.0833 0.7642 7.1250 -0.0000 -0.0000 42.4663 -64.0581 -21.4476
5.5325 17.0380 -1.1475 139.1740 -84.5819 -135.2670 0.0000 0.0000 0.0000 -18.2981 -8.1121 -0.0312 0.6883 5.3039 14.7775 0.5390 16.0413 -27.3574 0.1433 2.4393 6.7214 0.0000 0.0000 0.0000 11.5826 -0.8913 0.2803 -0.1053 -2.0925 5.7613 0.3668 -15.5157 -17.7166 -0.0045 -0.4329 1.1895 -5.2783 -0.9114 -6.9860 0.0700 -0.7409 1.7687 2.9516 -0.5551 5.8489 -13.7088 -9.6299 -16.3932 6.7963 -12.8149 29.0618 2.6716 -6.4700 14.0176 0.0000 -0.0000 0.0000 -91.5395 -5.8547 13.5899 8.6772 -14.6445 -1.1171 -0.0000 -0.0000 8.6495 21.5597 -14.0887 -5.4938 -7.1250 0.0000 -0.0000 -4.0142 14.9039 2.8539 0.0000 -0.0000 0.0000 87.8118 3.6654 11.2104 -11.4491 18.9734 -1.9194 0.0000 0.0000 3.8542 1.8239 -39.6978 -1.1652 7.1250 -0.0000 -0.0000 46.2197 -63.6651 -23.3212
5.5279 17.0391 -1.1473 138.4420 -84.6688 -134.4590 0.0000 0.0000 0.0000 -18.2771 -8.0469 -0.2401 0.7045 5.3648 14.9522 0.5282 15.9557 -27.1779 0.1112 2.1501 5.9207 0.0000 0.0000 0.0000 11.5656 -1.0622 0.3968 -0.0902 -1.9373 5.3325 0.4072 -15.6772 -17.4449 -0.0013 -0.2368 0.6506 -5.2559 -0.8764 -6.6895 0.1146 -0.7263 1.4093 2.9922 -0.5269 5.2997 -13.6351 -9.7289 -16.6844 6.4087 -12.8729 29.5187 2.4786 -6.5339 14.2483 0.0000 -0.0000 0.0000 -91.2905 -4.5110 17.6877 9.4425 -15.8629 -1.3185 -0.0000 -0.0000 2.0968 18.8123 -13.2705 -4.4714 -7.1250 0.0000 -0.0000 -5.8688 16.0376 4.0405 0.0000 -0.0000 0.0000 87.6959 2.5710 12.8428 -11.8465 19.5740 -2.0506 0.0000 0.0000 2.2250 0.4280 -37.6094 -0.2612 7.1250 -0.0000 -0.0000 42.0626 -62.5300 -19.7204
5.5259 17.0286 -1.1479 135.1310 -84.4776 -131.2590 0.0000 0.0000 0.0000 -18.6759 -7.7257 0.0764 0.6595 5.1941 14.4629 0.5111 15.8091 -26.8788 0.1239 2.2690 6.2497 0.0000 0.0000 0.0000 11.1744 -0.9391 -0.1876 -0.1427 -2.4345 6.7081 0.3033 -15.2940 -18.1871 -0.0050 -0.4581 1.2587 -5.6220 -0.8270 -6.6052 -0.0136 -0.6265 1.5025 3.0753 -0.4908 5.3450 -13.6574 -9.6866 -16.3976 6.7600 -12.8855 28.9768 2.6344 -6.4968 13.9833 -0.0000 0.0000 0.0000 -91.3659 -3.8750 21.5808 10.2772 -17.1721 -1.5558 -0.0000 0.0000 -1.2948 18.9702 -12.4824 -4.2491 -7.1250 0.0000 -0.0000 -5.7419 16.8468 3.8509 -0.0000 0.0000 0.0000 87.8417 1.9743 15.2463 -12.5699 20.6538 -2.2994 0.0000 -0.0000 -0.6529 -6.3471 -32.9853 3.4655 7.1250 -0.0000 -0.0000 30.1867 -60.5181 -12.0591
5.5250 17.0345 -1.1442 136.4320 -84.6640 -132.5000 0.0000 0.0000 0.0000 -18.4279 -7.7486 -0.1129 0.6783 5.2661 14.6691 0.5237 15.7415 -26.8988 0.1086 2.1247 5.8503 0.0000 0.0000 0.0000 11.4043 -1.0546 0.0109 -0.1223 -2.2542 6.2088 0.3476 -15.4859 -17.9272 -0.0037 -0.3953 1.0860 -5.2932 -0.8014 -6.4851 -0.0027 -0.6330 1.3309 2.9029 -0.4737 5.0915 -13.3978 -9.6287 -16.2749 6.4473 -12.8259 29.1586 2.4861 -6.4934 13.9789 -0.0000 -0.0000 0.0000 -91.8998 -2.9737 23.2465 11.1818 -18.5663 -1.8334 -0.0000 0.0000 -1.7662 21.5132 -12.4058 -4.8404 -7.1250 0.0000 -0.0000 -3.9743 16.6974 2.6713 -0.0000 -0.0000 0.0000 88.1235 1.1794 16.6617 -13.3611 21.8141 -2.5859 0.0000 -0.0000 -4.3715 -8.6351 -31.4840 4.5347 7.1250 -0.0000 -0.0000 26.4893 -59.7501 -9.9594
5.5247 17.0365 -1.1400 134.8620 -84.5249 -130.9620 0.0000 0.0000 0.0000 -18.6348 -7.4745 -0.2225 0.6781 5.2653 14.6667 0.5124 15.6201 -26.6731 0.0950 1.9874 5.4707 0.0000 0.0000 0.0000 11.1496 -1.1116 0.1260 -0.1143 -2.1795 6.0020 0.3487 -15.4483 -17.8441 -0.0082 -0.5838 1.6043 -5.4225 -0.8348 -7.1085 -0.1005 -0.6091 1.7859 2.8688 -0.4949 5.9251 -13.4819 -9.6962 -16.6618 6.7031 -12.8878 29.0119 2.5730 -6.4743 14.0350 0.0000 0.0000 0.0000 -92.1570 -3.9415 24.7272 11.1949 -18.5864 -1.8376 -0.0000 0.0000 -3.3089 22.1940 -12.5098 -5.0501 -7.1250 0.0000 -0.0000 -3.5062 16.5205 2.3689 0.0000 0.0000 0.0000 88.3195 2.2190 17.1941 -13.3915 21.8582 -2.5973 0.0000 -0.0000 -5.1331 -9.1908 -30.9485 4.7565 7.1250 -0.0000 -0.0000 25.4666 -59.4016 -9.3287
5.5258 17.0342 -1.1399 135.4070 -84.4230 -131.4780 0.0000 0.0000 0.0000 -18.6543 -7.1666 -0.2789 0.6673 5.2242 14.5491 0.5001 15.5309 -26.4747 0.1034 2.0740 5.7102 0.0000 0.0000 0.0000 11.1227 -0.9286 -0.0804 -0.1279 -2.3051 6.3496 0.3447 -15.4769 -17.9512 -0.0026 -0.3305 0.9081 -5.5181 -0.7577 -7.1088 -0.1161 -0.5007 1.6551 2.9203 -0.4382 5.7782 -13.2230 -9.6620 -17.0235 6.2651 -12.7851 29.5361 2.3612 -6.4544 14.2688 0.0000 -0.0000 0.0000 -92.2645 -3.7090 26.2256 11.4623 -18.9934 -1.9237 -0.0000 0.0000 -3.7907 22.3012 -11.9842 -4.8679 -7.1250 0.0000 -0.0000 -3.4096 17.0725 2.2624 0.0000 -0.0000 0.0000 88.3084 2.0849 18.1236 -13.4504 21.9435 -2.6192 0.0000 -0.0000 -5.5488 -9.6216 -30.4993 4.9176 7.1250 -0.0000 -0.0000 24.6578 -59.0968 -8.8272
5.5146 17.0313 -1.1323 135.6770 -84.3855 -131.8750 0.0000 0.0000 0.0000 -18.7427 -7.3542 -0.0913 0.6819 5.2799 14.7086 0.5254 15.6316 -26.7877 0.1061 2.1007 5.7840 0.0000 0.0000 0.0000 11.0334 -0.9882 0.2682 -0.1150 -2.1862 6.0204 0.3396 -15.3802 -17.8479 -0.0063 -0.5139 1.4121 -5.6296 -0.8555 -7.0103 -0.0304 -0.6342 1.5722 3.0578 -0.5041 5.6499 -13.5910 -9.3727 -16.0881 6.6023 -12.4216 28.8660 2.6684 -6.3218 13.7912 0.0000 -0.0000 0.0000 -92.4253 -3.5952 26.1485 11.6492 -19.2764 -1.9849 -0.0000 0.0000 -3.8681 22.0706 -11.8030 -4.7410 -7.1250 0.0000 -0.0000 -3.5632 17.2881 2.3479 0.0000 -0.0000 0.0000 87.9985 2.2980 18.7940 -13.2937 21.7161 -2.5609 0.0000 -0.0000 -4.9312 -8.8242 -29.8898 4.4237 7.1250 -0.0000 -0.0000 24.9816 -58.3721 -8.5121
5.4984 17.0331 -1.1248 137.8150 -84.3840 -134.0240 0.0000 0.0000 0.0000 -18.6509 -7.4867 0.0076 0.6949 5.3287 14.8484 0.5685 15.6040 -27.0887 0.1319 2.3406 6.4480 0.0000 0.0000 0.0000 11.1358 -0.9463 0.6073 -0.0967 -2.0054 5.5205 0.3975 -15.6808 -17.5895 -0.0024 -0.3165 0.8697 -5.5126 -0.8180 -7.1392 0.0107 -0.5871 1.6022 3.0399 -0.4807 5.7492 -13.4617 -9.3484 -16.6187 6.3526 -12.2653 29.0476 2.5582 -6.2533 13.9324 0.0000 0.0000 0.0000 -92.3072 -3.7461 26.2901 11.7957 -19.4975 -2.0336 -0.0000 0.0000 -3.7360 22.1398 -10.9962 -4.4377 -7.1250 0.0000 -0.0000 -3.4855 18.1450 2.2309 0.0000 0.0000 0.0000 87.8144 2.2616 19.8409 -13.6501 22.2323 -2.6943 0.0000 -0.0000 -5.9599 -8.7929 -31.5280 4.6243 7.1250 -0.0000 -0.0000 26.3665 -59.8253 -9.9571
5.4840 17.0391 -1.1104 136.6830 -84.2550 -132.7030 0.0000 0.0000 0.0000 -18.8858 -7.5974 -0.1790 0.7023 5.3564 14.9279 0.5555 15.7314 -27.1320 0.1134 2.1711 5.9787 0.0000 0.0000 0.0000 10.8457 -0.9422 0.5240 -0.0914 -1.9501 5.3678 0.4099 -15.7461 -17.5349 -0.0033 -0.3700 1.0167 -5.5459 -0.8240 -7.3814 -0.1474 -0.5742 1.4422 2.8936 -0.4690 5.7155 -13.2746 -9.1967 -16.6164 6.2642 -12.1139 29.3230 2.5236 -6.1888 14.0090 0.0000 -0.0000 0.0000 -91.7547 -3.7385 26.6837 11.5669 -19.1520 -1.9579 -0.0000 0.0000 -3.9342 21.7325 -11.0028 -4.3505 -7.1250 0.0000 -0.0000 -3.7724 18.1730 2.4129 0.0000 -0.0000 0.0000 87.9149 2.0026 20.3687 -13.4573 21.9536 -2.6218 0.0000 -0.0000 -7.2771 -11.2610 -30.0545 5.6947 7.1250 -0.0000 -0.0000 22.6255 -59.0618 -8.0307
5.4592 17.0291 -1.1036 136.9600 -84.2731 -133.0330 0.0000 0.0000 0.0000 -18.9178 -7.6332 0.0371 0.6983 5.3416 14.8855 0.5803 15.7317 -27.3212 0.1068 2.1073 5.8022 0.0000 0.0000 0.0000 10.8272 -0.9116 0.4870 -0.1042 -2.0811 5.7298 0.3987 -15.7162 -17.6377 -0.0000 -0.0048 0.0132 -5.5151 -0.8526 -7.5702 -0.1683 -0.6014 1.4563 2.8495 -0.4845 5.8398 -13.1431 -9.3801 -17.4294 5.8330 -12.2504 30.0820 2.2649 -6.2726 14.4903 0.0000 0.0000 0.0000 -91.6769 -3.7243 25.2204 11.2301 -18.6401 -1.8488 -0.0000 0.0000 -2.0105 22.6686 -11.0489 -4.5764 -7.1250 0.0000 -0.0000 -3.1154 18.0419 2.0003 0.0000 0.0000 0.0000 87.9245 2.0587 20.1248 -13.2885 21.7085 -2.5590 0.0000 -0.0000 -7.0095 -10.6661 -29.8359 5.3531 7.1250 -0.0000 -0.0000 23.0679 -58.7291 -8.0123
5.4432 17.0239 -1.0959 137.1550 -84.0692 -133.4470 0.0000 0.0000 0.0000 -19.1339 -7.7118 0.3743 0.6997 5.3470 14.9009 0.6082 15.8648 -27.6792 0.1261 2.2892 6.3056 0.0000 0.0000 0.0000 10.6668 -0.7976 0.7212 -0.1096 -2.1350 5.8790 0.4015 -15.7629 -17.6856 -0.0007 0.1758 -0.4830 -5.6462 -0.7785 -7.4789 -0.2342 -0.4913 1.5148 2.8682 -0.4351 5.8407 -12.9607 -9.3405 -17.3765 5.7764 -12.2366 30.0534 2.2188 -6.2560 14.4437 -0.0000 0.0000 0.0000 -91.4747 -3.9357 24.6509 10.7740 -17.9411 -1.7057 -0.0000 0.0000 -1.6257 23.0141 -12.0317 -5.0600 -7.1250 0.0000 -0.0000 -2.9151 16.9526 1.9410 -0.0000 0.0000 0.0000 88.0205 1.9879 19.4729 -13.1181 21.4601 -2.4963 0.0000 -0.0000 -6.3895 -10.9387 -29.9710 5.5148 7.1250 -0.0000 -0.0000 22.8923 -58.9132 -8.0494
5.4282 17.0206 -1.0867 134.2120 -83.8572 -130.5070 0.0000 0.0000 0.0000 -19.5993 -7.5623 0.5026 0.6813 5.2775 14.7018 0.5775 15.8364 -27.4176 0.1331 2.3517 6.4786 0.0000 0.0000 0.0000 10.1878 -0.7972 0.4566 -0.1333 -2.3529 6.4819 0.3267 -15.4475 -18.1420 -0.0024 -0.3177 0.8730 -6.0075 -0.8576 -7.6389 -0.2977 -0.5491 1.5017 2.9962 -0.4776 5.9284 -12.9166 -9.2129 -17.2612 5.6404 -12.0443 30.1203 2.2008 -6.1943 14.4107 -0.0000 0.0000 0.0000 -91.5672 -3.8616 23.5688 10.6909 -17.8129 -1.6801 -0.0000 0.0000 -1.1750 22.3130 -11.7086 -4.7608 -7.1250 0.0000 -0.0000 -3.3902 17.3664 2.2277 -0.0000 0.0000 0.0000 87.8681 1.8394 18.8650 -13.3379 21.7803 -2.5773 0.0000 -0.0000 -5.2227 -9.7241 -30.3059 4.9423 7.1250 -0.0000 -0.0000 24.3978 -58.9455 -8.6375
5.4339 17.0260 -1.0859 136.1500 -84.1309 -132.3500 0.0000 0.0000 0.0000 -19.2121 -7.7860 0.3365 0.6991 5.3448 14.8945 0.6055 15.8023 -27.5895 0.1343 2.3624 6.5083 0.0000 0.0000 0.0000 10.6285 -0.9157 0.6599 -0.1090 -2.1287 5.8614 0.3931 -15.7649 -17.8065 -0.0007 -0.1650 0.4532 -5.7108 -0.8611 -7.4959 -0.1692 -0.6028 1.3565 2.9596 -0.4862 5.6952 -12.3156 -8.5091 -17.4185 5.0779 -11.1032 31.0286 2.0584 -5.8239 14.6490 0.0000 0.0000 0.0000 -91.6130 -3.7238 23.0123 10.5243 -17.5555 -1.6295 -0.0000 0.0000 -0.4798 22.4385 -12.1627 -4.9725 -7.1250 0.0000 -0.0000 -3.3215 16.8682 2.2185 0.0000 0.0000 0.0000 87.7917 1.7409 18.3591 -13.1068 21.4436 -2.4922 0.0000 -0.0000 -4.6325 -9.8330 -29.8189 4.9260 7.1250 -0.0000 -0.0000 23.9046 -58.5296 -8.2083
5.4133 17.0239 -1.0862 135.3620 -84.2353 -131.5660 0.0000 0.0000 0.0000 -19.1942 -7.5735 0.4236 0.6854 5.2930 14.7463 0.5886 15.7051 -27.3543 0.1187 2.2216 6.1185 0.0000 0.0000 0.0000 10.6516 -0.9767 0.4542 -0.1308 -2.3312 6.4218 0.3166 -15.4420 -18.2673 -0.0037 -0.3942 1.0830 -5.6587 -0.8663 -7.7315 -0.1917 -0.5980 1.3501 2.9055 -0.4849 5.8210 -10.8835 -7.1125 -18.7689 4.5384 -9.4350 33.3992 1.8865 -5.0565 15.7282 -0.0000 0.0000 0.0000 -91.5123 -3.7017 23.3319 10.4669 -17.4666 -1.6123 -0.0000 0.0000 -0.7693 22.6840 -12.2325 -5.0610 -7.1250 0.0000 -0.0000 -3.1538 16.7692 2.1130 -0.0000 0.0000 0.0000 87.8726 1.6774 17.8360 -12.9908 21.2737 -2.4499 0.0000 -0.0000 -4.3080 -9.9023 -29.9096 4.9748 7.1250 -0.0000 -0.0000 23.9043 -58.6270 -8.2648
5.4036 17.0220 -1.0933 133.3070 -84.0829 -129.6210 0.0000 0.0000 0.0000 -19.4868 -7.7204 0.6884 0.6729 5.2455 14.6101 0.5623 15.9408 -27.4200 0.1087 2.1262 5.8547 0.0000 0.0000 0.0000 10.3896 -1.0643 0.5705 -0.1333 -2.3536 6.4840 0.3171 -15.4148 -18.2132 -0.0012 -0.2205 0.6059 -5.8931 -0.8341 -7.9030 -0.2829 -0.5122 1.4613 2.9509 -0.4575 6.0312 -8.4838 -4.9381 -20.4928 3.5923 -6.8058 36.1683 1.5708 -3.8392 17.0686 -0.0000 0.0000 0.0000 -91.5059 -3.9470 23.3642 10.5323 -17.5679 -1.6320 -0.0000 0.0000 -0.9041 21.9823 -12.0720 -4.8257 -7.1250 0.0000 -0.0000 -3.6352 17.0088 2.4178 -0.0000 0.0000 0.0000 87.8605 1.7744 17.8032 -13.0189 21.3149 -2.4602 0.0000 -0.0000 -4.3968 -9.6347 -29.9295 4.8414 7.1250 -0.0000 -0.0000 24.1919 -58.5859 -8.3477
5.3895 17.0223 -1.1058 132.0420 -84.1080 -128.4190 0.0000 0.0000 0.0000 -19.5692 -7.7534 0.8472 0.6721 5.2425 14.6015 0.5496 15.9986 -27.3893 0.0937 1.9741 5.4342 0.0000 0.0000 0.0000 10.3342 -1.2561 0.7889 -0.1247 -2.2761 6.2692 0.3337 -15.5317 -18.1959 -0.0008 -0.1847 0.5074 -5.9680 -0.8054 -7.8780 -0.2592 -0.4728 1.3723 3.0238 -0.4362 5.9201 -6.4792 -2.8990 -21.3144 2.7695 -4.3276 38.3241 1.3626 -2.7415 18.1272 0.0000 -0.0000 0.0000 -91.5638 -3.7041 23.8878 10.7764 -17.9447 -1.7064 -0.0000 0.0000 -1.5449 21.7580 -11.8854 -4.6992 -7.1250 0.0000 -0.0000 -3.7845 17.2289 2.4993 0.0000 -0.0000 0.0000 87.7581 1.4930 17.9551 -13.2159 21.6027 -2.5322 0.0000 -0.0000 -4.6765 -9.7659 -30.6302 5.0116 7.1250 -0.0000 -0.0000 24.6167 -59.2470 -8.9009
5.3806 17.0104 -1.1173 128.0460 -84.1575 -124.4540 0.0000 0.0000 0.0000 -19.7410 -7.4423 0.9294 0.6494 5.1548 14.3506 0.5371 15.6434 -26.8913 0.0906 1.9417 5.3446 0.0000 0.0000 0.0000 10.1089 -1.4382 0.2618 -0.1745 -2.6910 7.4195 0.2129 -15.0107 -18.8787 -0.0031 -0.3608 0.9912 -6.0032 -0.8084 -7.5720 -0.3116 -0.5045 1.0773 2.9878 -0.4329 5.4368 -5.5124 -1.4361 -20.8760 2.5818 -2.5310 39.2240 1.4948 -1.9619 18.3680 0.0000 0.0000 0.0000 -91.5771 -3.1877 24.7172 10.9856 -18.2661 -1.7714 -0.0000 0.0000 -2.4102 21.5709 -11.5333 -4.5195 -7.1250 0.0000 -0.0000 -3.9029 17.6213 2.5442 0.0000 0.0000 0.0000 87.7381 0.9666 17.7909 -13.2208 21.6098 -2.5340 0.0000 -0.0000 -4.7206 -9.8937 -31.1251 5.1516 7.1250 -0.0000 -0.0000 24.8952 -59.7205 -9.2945
5.3699 17.0188 -1.1436 125.4810 -84.3369 -121.8140 0.0000 0.0000 0.0000 -19.5948 -7.5900 0.8021 0.6537 5.1716 14.3985 0.5271 15.5904 -26.7540 0.0779 1.8007 4.9552 0.0000 0.0000 0.0000 10.2636 -1.7583 0.1968 -0.1725 -2.6756 7.3769 0.2191 -15.0547 -18.8723 -0.0016 -0.2591 0.7118 -6.0681 -0.8833 -7.9423 -0.2190 -0.5674 1.2867 3.1100 -0.4839 5.8773 -4.5542 -0.3137 -21.4452 1.9998 -0.9020 39.7503 1.4041 -1.2647 18.7101 -0.0000 0.0000 0.0000 -91.6831 -3.6238 24.8537 11.0326 -18.3382 -1.7862 -0.0000 0.0000 -2.4277 21.4210 -11.4663 -4.4594 -7.1250 0.0000 -0.0000 -4.0058 17.7059 2.6042 -0.0000 0.0000 0.0000 87.5542 1.2539 18.6548 -13.1082 21.4456 -2.4927 0.0000 -0.0000 -6.1453 -10.5738 -30.6220 5.4317 7.1250 -0.0000 -0.0000 23.7815 -59.4230 -8.6780
5.3525 17.0068 -1.1568 123.2710 -84.4776 -119.6290 0.0000 0.0000 0.0000 -19.5523 -7.2908 0.8339 0.6525 5.1671 14.3858 0.5527 15.1236 -26.4285 0.0792 1.8158 4.9969 0.0000 0.0000 0.0000 10.2486 -1.9989 0.1237 -0.1861 -2.7784 7.6625 0.1747 -14.7861 -18.9945 -0.0081 -0.5829 1.6019 -5.9377 -0.7378 -7.7353 -0.1971 -0.4070 1.1482 3.0822 -0.3899 5.5953 -3.6019 0.3208 -21.4382 1.3812 -0.0928 40.2527 1.1148 -0.9107 18.9663 0.0000 -0.0000 0.0000 -91.9192 -3.1965 24.6184 11.1545 -18.5248 -1.8247 -0.0000 0.0000 -2.1278 21.3613 -11.4647 -4.4452 -7.1250 0.0000 -0.0000 -4.0477 17.7128 2.6309 0.0000 -0.0000 0.0000 87.6181 0.9276 17.8730 -13.1590 21.5198 -2.5113 0.0000 -0.0000 -5.5269 -10.4805 -30.8249 5.4149 7.1250 -0.0000 -0.0000 24.0425 -59.5852 -8.8744
5.3291 17.0075 -1.1863 118.6490 -84.4204 -115.1830 0.0000 0.0000 0.0000 -19.7133 -7.0626 0.9392 0.6536 5.1712 14.3974 0.5271 14.8995 -25.9741 0.0668 1.6674 4.5872 0.0000 0.0000 0.0000 10.0848 -2.4410 0.3486 -0.1883 -2.7949 7.7084 0.1373 -14.7292 -19.3609 -0.0078 -0.5691 1.5637 -6.1623 -0.7753 -8.1501 -0.3148 -0.3864 1.4848 3.0841 -0.4099 6.1882 -2.5994 1.0660 -21.5633 1.0894 0.7768 40.4423 0.9884 -0.4563 19.0872 0.0000 -0.0000 0.0000 -91.8031 -3.5272 24.4599 11.1227 -18.4762 -1.8146 -0.0000 0.0000 -1.7891 21.2677 -11.5465 -4.4549 -7.1250 0.0000 -0.0000 -4.1157 17.6339 2.6825 0.0000 -0.0000 0.0000 87.7638 1.5385 17.3789 -13.1827 21.5543 -2.5200 0.0000 -0.0000 -4.4278 -9.5723 -30.6860 4.9189 7.1250 -0.0000 -0.0000 24.8600 -59.2532 -8.9996
5.3311 17.0055 -1.2153 116.2200 -84.5825 -112.6710 0.0000 0.0000 0.0000 -19.5074 -7.2035 1.0039 0.6217 5.0460 14.0398 0.5223 14.8264 -25.8535 0.0867 1.8990 5.2265 0.0000 0.0000 0.0000 10.3456 -2.5734 -0.1369 -0.2286 -3.0772 8.4938 0.0336 -14.2371 -19.8460 -0.0221 -0.9587 2.6352 -6.0917 -0.6774 -7.8176 -0.3140 -0.3032 1.0915 3.0591 -0.3406 5.5727 -2.2081 1.9485 -20.5771 1.6079 1.6557 40.8802 1.3492 -0.0046 19.0474 0.0000 -0.0000 0.0000 -91.7960 -2.8906 24.4135 11.1149 -18.4641 -1.8121 -0.0000 0.0000 -2.0318 20.7797 -11.4741 -4.3167 -7.1250 0.0000 -0.0000 -4.4555 17.7530 2.8936 0.0000 -0.0000 0.0000 87.8331 0.8859 17.5243 -13.3550 21.8052 -2.5837 0.0000 -0.0000 -4.8181 -9.5781 -30.8574 4.9466 7.1250 -0.0000 -0.0000 24.9953 -59.4084 -9.1463
5.3059 16.9912 -1.2344 111.5060 -84.7623 -108.2850 0.0000 0.0000 0.0000 -19.4814 -7.1008 1.2903 0.6293 5.0762 14.1260 0.5029 14.6182 -25.4617 0.0666 1.6654 4.5818 0.0000 0.0000 0.0000 10.2713 -3.1597 0.2636 -0.2271 -3.0675 8.4666 0.0285 -14.2376 -19.9042 -0.0235 -0.9905 2.7226 -5.9637 -0.7063 -8.1193 -0.2927 -0.3161 1.5241 3.0052 -0.3695 6.2030 -1.4613 2.8149 -21.0081 1.4789 2.7745 41.3239 1.4129 0.5222 19.4276 0.0000 0.0000 0.0000 -91.6904 -3.4261 24.9098 10.9687 -18.2402 -1.7661 -0.0000 0.0000 -3.0480 21.3274 -11.7273 -4.5373 -7.1250 0.0000 -0.0000 -4.0797 17.4364 2.6766 0.0000 0.0000 0.0000 87.8338 1.4029 17.3236 -13.1776 21.5469 -2.5182 0.0000 -0.0000 -4.7178 -9.8903 -29.4594 4.9010 7.1250 -0.0000 -0.0000 23.5717 -58.2158 -7.9055
5.4549 17.0448 -1.3187 126.7120 -86.0709 -122.7290 0.0000 0.0000 0.0000 -16.9317 -7.8708 -0.2343 0.6421 5.1265 14.2696 0.3906 15.3740 -25.4057 0.0821 1.8487 5.0878 0.0000 0.0000 0.0000 13.2640 -2.4324 -0.4831 -0.1747 -2.6921 7.4228 0.0396 -14.0942 -19.5703 -0.1412 -2.4214 6.6719 -5.0638 -0.3077 -6.7968 0.4746 -0.0058 0.9630 3.3417 -0.1489 4.8245 -0.7988 3.4962 -20.8019 1.1845 3.6454 41.8873 1.3454 0.8963 19.7388 -0.0000 -0.0000 0.0000 -91.9969 -3.4798 24.0429 11.2095 -18.6086 -1.8422 -0.0000 0.0000 -2.0613 20.6599 -11.2390 -4.2032 -7.1250 0.0000 -0.0000 -4.5335 18.0122 2.9186 -0.0000 -0.0000 0.0000 87.5850 1.6709 17.2551 -13.1870 21.5606 -2.5216 0.0000 -0.0000 -4.7324 -9.4903 -30.2472 4.8134 7.1250 -0.0000 -0.0000 24.5893 -58.8406 -8.6479
5.3045 16.9896 -1.2811 104.6320 -84.8659 -101.3010 0.0000 0.0000 0.0000 -19.3743 -7.5214 1.3766 0.6008 4.9619 13.8000 0.4558 14.6691 -25.1293 0.0578 1.5509 4.2660 0.0000 0.0000 0.0000 10.4359 -3.6593 -0.2420 -0.2637 -3.3039 9.1259 -0.0364 -14.0216 -20.3299 -0.0127 -0.7281 2.0010 -5.8561 -0.4806 -8.4577 -0.2084 -0.0017 1.6511 3.0764 -0.2233 6.5002 -0.0715 4.2026 -20.5582 1.0844 4.4836 42.2001 1.3536 1.3157 19.8899 0.0000 -0.0000 0.0000 -91.8084 -3.7292 24.6347 10.9968 -18.2834 -1.7749 -0.0000 0.0000 -2.1437 20.2610 -10.9076 -3.9957 -7.1250 0.0000 -0.0000 -4.8065 18.3952 3.0549 0.0000 -0.0000 0.0000 87.7144 1.7720 16.5995 -13.1400 21.4920 -2.5044 0.0000 -0.0000 -4.5298 -9.3619 -29.5891 4.6540 7.1250 -0.0000 -0.0000 24.2054 -58.2185 -8.1360
5.3018 16.9976 -1.2882 101.6710 -85.6183 -98.0398 0.0000 0.0000 0.0000 -18.5668 -8.0026 0.7037 0.6747 5.2523 14.6296 0.5394 14.2867 -25.3924 0.0715 1.7250 4.7464 0.0000 0.0000 0.0000 11.1707 -4.2546 0.1839 -0.1808 -2.7388 7.5522 0.0709 -14.3492 -19.5771 -0.0182 -0.8715 2.3954 -4.8443 -0.4065 -8.4058 -0.0177 -0.0373 1.2162 2.7027 -0.1854 6.0061 0.9183 5.0239 -19.5430 0.5899 5.5356 42.4996 1.1391 1.7978 19.8588 0.0000 0.0000 0.0000 -91.7652 -3.0071 24.9272 11.0407 -18.3506 -1.7887 -0.0000 0.0000 -2.3684 20.4220 -11.3868 -4.2043 -7.1250 0.0000 -0.0000 -4.7041 17.8757 3.0433 0.0000 0.0000 0.0000 87.7122 0.8957 16.7564 -13.3233 21.7591 -2.5719 0.0000 -0.0000 -4.4422 -9.2113 -30.0340 4.6403 7.1250 -0.0000 -0.0000 24.7036 -58.5868 -8.5388
5.3975 17.0310 -1.3376 101.8390 -86.7171 -97.7761 0.0000 0.0000 0.0000 -16.8799 -8.3253 -0.6040 0.7274 5.4493 15.1947 0.5157 14.0993 -24.9887 0.0662 1.6598 4.5663 0.0000 0.0000 0.0000 12.9254 -4.6943 0.7730 -0.0740 -1.7550 4.8290 0.2183 -14.8198 -18.5009 -0.0694 -1.6993 4.6753 -4.1172 -0.2467 -7.2461 0.4033 0.0143 0.7618 2.7368 -0.1099 4.8629 1.9049 5.9267 -19.2005 0.3141 6.6801 42.8210 1.0790 2.3530 20.0539 -0.0000 -0.0000 0.0000 -91.8066 -2.6991 24.8893 11.3146 -18.7688 -1.8759 -0.0000 0.0000 -2.3004 20.9140 -11.4408 -4.3347 -7.1250 0.0000 -0.0000 -4.3604 17.7769 2.8292 -0.0000 -0.0000 0.0000 87.7637 0.7153 16.7798 -13.2671 21.6774 -2.5511 0.0000 -0.0000 -4.0855 -9.4972 -30.2157 4.8124 7.1250 -0.0000 -0.0000 24.5570 -58.8135 -8.6195
5.3205 17.0012 -1.3256 89.9243 -86.0260 -86.3870 0.0000 0.0000 0.0000 -17.9046 -8.0526 0.0919 0.7403 5.4966 15.3307 0.5490 13.5863 -24.7057 0.0387 1.2703 3.4928 0.0000 0.0000 0.0000 11.7343 -5.6711 1.5746 -0.0717 -1.7271 4.7520 0.2274 -14.9009 -18.5163 -0.0355 -1.2166 3.3449 -4.4044 -0.3143 -8.1158 0.1654 0.0201 1.3640 2.6543 -0.1465 5.9906 2.2882 6.4635 -19.1203 0.5110 7.3021 42.9733 1.2530 2.6870 20.1497 0.0000 0.0000 0.0000 -91.9436 -2.9942 24.6124 11.2935 -18.7368 -1.8691 -0.0000 0.0000 -2.1579 20.4800 -11.4531 -4.2414 -7.1250 0.0000 -0.0000 -4.6651 17.8007 3.0257 0.0000 0.0000 0.0000 87.8365 0.8657 16.5496 -13.3586 21.8104 -2.5850 0.0000 -0.0000 -4.0911 -9.6402 -30.1581 4.8776 7.1250 -0.0000 -0.0000 24.3659 -58.7935 -8.5354
5.3468 17.0055 -1.3307 85.2117 -85.7383 -81.6572 0.0000 0.0000 0.0000 -18.1735 -8.3817 0.2676 0.6976 5.3391 14.8784 0.5013 13.7574 -24.4879 0.0475 1.4070 3.8694 0.0000 0.0000 0.0000 11.5809 -5.6326 0.3948 -0.1448 -2.4522 6.7572 0.0785 -14.2657 -19.3636 -0.0410 -1.3065 3.5927 -4.6496 -0.3090 -7.8200 0.1470 0.0368 1.3449 2.7743 -0.1418 5.8016 3.1194 7.1831 -18.6876 0.2861 8.2334 42.9310 1.1914 3.1652 20.0898 0.0000 0.0000 0.0000 -91.8399 -3.4087 24.8564 10.9305 -18.1816 -1.7542 -0.0000 0.0000 -2.7902 20.7649 -12.7197 -4.7722 -7.1250 0.0000 -0.0000 -4.5043 16.4354 3.0554 0.0000 0.0000 0.0000 87.7251 1.1589 16.7294 -13.0745 21.3963 -2.4804 0.0000 -0.0000 -4.2654 -10.1756 -29.7288 5.0864 7.1250 -0.0000 -0.0000 23.4865 -58.5231 -8.0505
5.3546 17.0076 -1.3257 83.6358 -85.6673 -79.9351 0.0000 0.0000 0.0000 -18.2403 -8.5636 0.1081 0.7050 5.3668 14.9577 0.5284 13.6253 -24.5743 0.0584 1.5599 4.2910 0.0000 0.0000 0.0000 11.4659 -5.7750 0.3549 -0.1313 -2.3355 6.4338 0.1037 -14.3874 -19.2453 -0.0283 -1.0867 2.9873 -4.5531 -0.2749 -7.9535 0.1631 0.0772 1.2839 2.7424 -0.1180 5.8095 3.8223 7.9404 -18.2714 -0.1273 9.3720 42.9782 1.1080 3.6661 20.1257 0.0000 0.0000 0.0000 -91.9502 -2.7858 24.5149 11.3586 -18.8359 -1.8901 -0.0000 0.0000 -2.6547 20.6365 -12.5268 -4.6698 -7.1250 0.0000 -0.0000 -4.5869 16.6514 3.0902 0.0000 0.0000 0.0000 87.7055 0.9757 16.8899 -13.1646 21.5280 -2.5134 0.0000 -0.0000 -4.0667 -10.8387 -29.2864 5.3506 7.1250 -0.0000 -0.0000 22.4777 -58.2644 -7.5398
5.3830 17.0120 -1.3303 83.1157 -85.3754 -79.5153 0.0000 0.0000 0.0000 -18.3975 -7.8201 -0.1266 0.6793 5.2699 14.6800 0.4622 13.3304 -23.6727 0.0404 1.2968 3.5658 0.0000 0.0000 0.0000 11.2738 -5.7841 0.1534 -0.1458 -2.4611 6.7817 0.0530 -14.1078 -19.4331 -0.0559 -1.5261 4.1976 -4.8529 -0.1155 -7.4694 0.0752 0.2950 1.2187 2.8433 -0.0093 5.4477 3.9287 8.3666 -17.8622 0.2842 9.8491 42.9094 1.3782 3.9469 19.9398 0.0000 -0.0000 0.0000 -91.8413 -2.7918 24.7405 11.2131 -18.6142 -1.8434 -0.0000 0.0000 -2.9527 20.6534 -12.9289 -4.8208 -7.1250 0.0000 -0.0000 -4.5887 16.2247 3.1340 0.0000 -0.0000 0.0000 87.7859 0.8927 16.5470 -13.1827 21.5543 -2.5200 0.0000 -0.0000 -4.0074 -9.9762 -29.7249 4.9846 7.1250 -0.0000 -0.0000 23.6864 -58.4758 -8.0968
5.4519 17.0297 -1.3306 87.1707 -85.9913 -83.3947 0.0000 0.0000 0.0000 -17.5804 -7.7374 -1.0003 0.7148 5.4029 15.0613 0.4288 13.4122 -23.4651 0.0428 1.3350 3.6710 0.0000 0.0000 0.0000 12.1191 -5.5067 0.4383 -0.0937 -1.9738 5.4333 0.1154 -14.2270 -18.8603 -0.1255 -2.2832 6.2891 -4.6656 0.0710 -6.6564 0.3828 0.4630 0.9754 3.0704 0.0980 4.7151 4.6790 8.8555 -17.2785 -0.2807 10.6101 42.7452 1.1144 4.3017 19.8209 -0.0000 0.0000 0.0000 -92.0442 -2.6212 24.5796 11.3122 -18.7652 -1.8751 -0.0000 0.0000 -3.0868 20.5630 -12.5757 -4.6695 -7.1250 0.0000 -0.0000 -4.6394 16.6066 3.1303 -0.0000 0.0000 0.0000 87.5828 0.7331 16.9479 -13.4228 21.9035 -2.6089 0.0000 -0.0000 -4.2365 -9.6629 -30.2433 4.9016 7.1250 -0.0000 -0.0000 24.4104 -58.8754 -8.6007
5.3621 16.9933 -1.2509 82.8568 -85.1407 -79.5569 0.0000 0.0000 0.0000 -18.9798 -7.3645 -0.1472 0.7300 5.4588 15.2220 0.5390 12.6999 -23.6669 0.0458 1.3818 3.8001 0.0000 0.0000 0.0000 10.4891 -6.0135 0.7790 -0.1288 -2.3131 6.3719 0.0964 -14.2466 -19.1213 -0.0462 -1.3875 3.8156 -4.7634 -0.1096 -7.9202 0.0097 0.3397 1.8036 2.7350 -0.0149 6.3196 4.8747 9.3179 -17.3389 -0.4006 11.3487 42.6251 1.1926 4.6135 19.8193 0.0000 0.0000 0.0000 -91.9247 -3.1434 24.8270 11.4467 -18.9698 -1.9186 -0.0000 0.0000 -3.7567 19.9871 -11.4323 -4.1234 -7.1250 0.0000 -0.0000 -5.0102 17.8637 3.2442 0.0000 0.0000 0.0000 87.4459 1.4623 17.3347 -13.2732 21.6861 -2.5533 0.0000 -0.0000 -4.5139 -10.4793 -30.0486 5.2916 7.1250 -0.0000 -0.0000 23.4235 -58.8814 -8.2312
5.3821 16.9980 -1.1980 87.2174 -85.0213 -83.9829 0.0000 0.0000 0.0000 -19.3572 -7.0533 -0.2218 0.7382 5.4889 15.3084 0.5376 12.7384 -23.6959 0.0437 1.3498 3.7117 0.0000 0.0000 0.0000 10.1111 -5.6651 0.8959 -0.1228 -2.2590 6.2221 0.1363 -14.4273 -18.9096 -0.0378 -1.2554 3.4519 -5.0101 -0.0007 -7.3709 0.0301 0.4736 1.6957 2.9072 0.0546 5.8795 5.3784 9.6468 -16.3817 -0.8804 11.8945 42.5802 0.9424 4.8524 19.6548 0.0000 -0.0000 0.0000 -92.2198 -2.8863 24.0611 11.4796 -19.0197 -1.9293 -0.0000 0.0000 -3.3224 19.9124 -11.8177 -4.2428 -7.1250 0.0000 -0.0000 -5.0711 17.4639 3.3286 0.0000 -0.0000 0.0000 87.2475 1.1767 17.4850 -13.3012 21.7270 -2.5637 0.0000 -0.0000 -4.6167 -10.2974 -29.4865 5.1102 7.1250 -0.0000 -0.0000 23.1787 -58.3293 -7.8282
5.4081 17.0048 -1.1390 91.3150 -85.1386 -88.0844 0.0000 0.0000 0.0000 -19.4160 -7.0281 -0.9048 0.8359 5.8325 16.2992 0.5913 12.5890 -24.0078 0.0404 1.2968 3.5657 0.0000 0.0000 0.0000 9.7130 -6.4031 4.0852 0.0000 -0.0000 0.0000 0.5675 -16.1815 -15.9988 -0.0376 -1.2511 3.4400 -4.8363 0.1689 -7.5546 -0.0497 0.7124 2.2213 2.7604 0.1537 6.5228 5.6513 9.9407 -16.4674 -0.8687 12.2478 42.7343 0.9951 5.0266 19.8284 -0.0000 -0.0000 0.0000 -91.9283 -3.7522 24.6292 11.4236 -18.9347 -1.9111 -0.0000 0.0000 -3.5023 20.0503 -12.1885 -4.4062 -7.1250 0.0000 -0.0000 -4.9843 17.0614 3.3152 -0.0000 -0.0000 0.0000 87.3706 1.9984 17.1286 -13.2880 21.7078 -2.5588 0.0000 -0.0000 -4.2082 -9.6684 -30.3368 4.9181 7.1250 -0.0000 -0.0000 24.4794 -58.9609 -8.6777
5.4466 17.0123 -1.0812 93.6899 -85.1378 -90.3891 0.0000 0.0000 0.0000 -19.5607 -6.9520 -1.3617 0.8532 5.8909 16.4682 0.5589 12.7281 -23.8720 0.0348 1.2045 3.3116 0.0000 0.0000 0.0000 9.5381 -6.1286 3.9013 0.0000 -0.0000 0.0000 0.6004 -16.3365 -15.7906 -0.0266 -1.0527 2.8937 -5.0281 0.2092 -6.4687 -0.1261 0.7172 1.9840 2.7738 0.1769 5.6491 5.7018 10.3066 -15.7530 -0.4509 12.6073 43.0181 1.2282 5.2283 19.7819 0.0000 -0.0000 0.0000 -91.7582 -3.2565 24.6776 11.6459 -19.2715 -1.9839 -0.0000 0.0000 -3.6316 20.0941 -11.4966 -4.1703 -7.1250 0.0000 -0.0000 -4.9366 17.7870 3.2045 0.0000 -0.0000 0.0000 87.4439 1.3939 17.6336 -13.5350 22.0661 -2.6509 0.0000 -0.0000 -4.6444 -9.9056 -29.4528 4.9077 7.1250 -0.0000 -0.0000 23.5513 -58.2132 -7.8966
5.4835 17.0303 -1.0256 97.1461 -85.5425 -93.5416 0.0000 0.0000 0.0000 -19.1612 -6.7826 -1.9608 0.8680 5.9403 16.6114 0.6119 12.3531 -23.9412 0.0633 1.6227 4.4642 0.0000 0.0000 0.0000 9.8811 -5.7389 3.4515 0.0000 -0.0000 0.0000 0.6115 -16.3550 -15.6414 -0.0370 -1.2420 3.4149 -4.9049 0.3218 -6.4626 -0.1512 0.8653 2.2755 2.6965 0.2416 5.9422 5.9429 10.5821 -15.4312 -0.2926 12.8771 42.9540 1.3031 5.4071 19.6695 -0.0000 -0.0000 0.0000 -91.4914 -4.1064 24.5826 11.3613 -18.8400 -1.8910 -0.0000 0.0000 -3.5200 20.4986 -12.8714 -4.7607 -7.1250 0.0000 -0.0000 -4.6937 16.3003 3.1985 -0.0000 -0.0000 0.0000 87.7038 1.8454 17.6267 -13.5131 22.0344 -2.6427 0.0000 -0.0000 -4.6818 -10.0711 -30.2937 5.1195 7.1250 -0.0000 -0.0000 24.0340 -59.0123 -8.5379
5.5187 17.0389 -0.9477 104.0510 -85.6282 -100.0060 0.0000 0.0000 0.0000 -19.2075 -7.1091 -2.5318 0.8891 6.0103 16.8143 0.6486 12.4822 -24.3880 0.1408 2.4187 6.6642 0.0000 0.0000 0.0000 9.8412 -5.0671 2.8950 0.0000 0.0000 -0.0000 0.6706 -16.7441 -15.5179 -0.0245 -1.0109 2.7788 -4.9031 0.3434 -6.0816 -0.2051 0.8705 2.1517 2.6334 0.2563 5.5939 5.9781 10.9484 -14.8401 -0.1033 13.3459 43.0295 1.4491 5.6259 19.5518 0.0000 0.0000 0.0000 -91.3415 -3.9481 24.3234 11.4859 -19.0292 -1.9314 -0.0000 0.0000 -3.2849 20.2218 -11.7848 -4.3024 -7.1250 0.0000 -0.0000 -4.8541 17.4722 3.1843 0.0000 0.0000 0.0000 87.6215 1.4561 18.2735 -13.6653 22.2542 -2.7001 0.0000 -0.0000 -4.6768 -9.8360 -29.7584 4.9185 7.1250 -0.0000 -0.0000 23.8549 -58.4755 -8.1585
5.5542 17.0527 -0.8741 112.1780 -85.5987 -107.9230 0.0000 0.0000 0.0000 -19.2607 -7.1045 -3.0272 0.9204 6.1125 17.1111 0.6626 12.6981 -24.7257 0.1362 2.3790 6.5544 0.0000 0.0000 0.0000 9.7849 -4.3653 2.6356 0.0000 0.0000 -0.0000 0.6888 -16.8332 -15.4089 -0.0325 -1.1639 3.2000 -4.9476 0.5124 -5.5330 -0.3277 1.0716 2.1555 2.5425 0.3639 5.2697 6.0685 10.9024 -14.5620 0.0235 13.1665 42.8195 1.4269 5.6055 19.3249 -0.0000 0.0000 0.0000 -91.0563 -4.0720 24.4732 11.3916 -18.8860 -1.9007 -0.0000 0.0000 -3.3205 20.3879 -12.5541 -4.6185 -7.1250 0.0000 -0.0000 -4.7602 16.6455 3.2084 -0.0000 0.0000 0.0000 87.6683 1.6542 18.3341 -13.6397 22.2173 -2.6904 0.0000 -0.0000 -5.0148 -9.9144 -30.4724 5.0654 7.1250 -0.0000 -0.0000 24.3371 -59.1384 -8.7282
5.5639 17.0536 -0.7999 120.2680 -85.2537 -115.9820 0.0000 0.0000 0.0000 -19.5583 -6.7678 -3.2295 0.9369 6.1654 17.2650 0.6993 12.7668 -25.0988 0.1772 2.7116 7.4768 0.0000 0.0000 0.0000 9.4788 -3.5883 2.5981 0.0000 0.0000 -0.0000 0.7051 -16.9445 -15.3869 -0.0377 -1.2529 3.4448 -5.2230 0.5397 -5.3749 -0.4157 1.1253 2.2842 2.6087 0.3781 5.3086 6.1424 10.9498 -14.4708 -0.0827 13.2628 42.3115 1.3602 5.6714 19.0028 -0.0000 -0.0000 0.0000 -91.0245 -4.5079 23.9246 11.1599 -18.5330 -1.8264 -0.0000 0.0000 -2.3689 20.2656 -11.2800 -4.1309 -7.1250 0.0000 -0.0000 -4.8113 18.0014 3.0999 -0.0000 -0.0000 0.0000 87.5074 1.9886 18.7959 -13.4327 21.9179 -2.6126 0.0000 -0.0000 -5.0348 -9.1005 -31.2382 4.7487 7.1250 -0.0000 -0.0000 25.8031 -59.6392 -9.6106
5.5794 17.0587 -0.7278 127.6600 -84.8289 -123.1780 0.0000 0.0000 0.0000 -19.8385 -6.4514 -3.3372 0.9097 6.0777 17.0099 0.7371 12.8611 -25.5012 0.2354 3.1229 8.6210 0.0000 0.0000 0.0000 9.2184 -2.7571 2.4272 0.0000 0.0000 -0.0000 0.7258 -17.0870 -15.3673 -0.0452 -1.3715 3.7715 -5.3773 0.5927 -5.0627 -0.4761 1.1848 2.1590 2.6312 0.4140 4.9930 5.7425 10.6027 -14.8403 0.1035 12.7670 41.8149 1.4080 5.4624 18.7010 0.0000 0.0000 0.0000 -90.8955 -4.4170 24.1734 11.1222 -18.4754 -1.8145 -0.0000 0.0000 -2.0882 20.5242 -11.8018 -4.3785 -7.1250 0.0000 -0.0000 -4.6434 17.4282 3.0495 0.0000 0.0000 0.0000 87.4420 2.2451 18.8432 -13.4672 21.9680 -2.6255 0.0000 -0.0000 -5.1683 -9.6345 -30.5263 4.9282 7.1250 -0.0000 -0.0000 24.6665 -59.1238 -8.8467
5.5686 17.0648 -0.6602 131.0330 -84.3531 -126.4830 0.0000 0.0000 0.0000 -20.3386 -6.5827 -3.1648 0.8970 6.0362 16.8896 0.7460 13.3856 -26.0997 0.2335 3.1101 8.5855 0.0000 0.0000 0.0000 8.7792 -2.2120 2.4389 0.0000 -0.0000 0.0000 0.7392 -17.1521 -15.2843 -0.0482 -1.4175 3.8984 -5.6799 0.4610 -5.1510 -0.4578 1.0312 2.0226 2.8065 0.3330 4.9094 4.5421 9.8741 -15.2902 0.3534 11.9079 41.6297 1.5477 4.9659 18.5137 -0.0000 -0.0000 0.0000 -91.0226 -4.3271 24.0501 11.0125 -18.3074 -1.7798 -0.0000 0.0000 -1.8751 20.6004 -11.4350 -4.2619 -7.1250 0.0000 -0.0000 -4.5802 17.8097 2.9693 -0.0000 -0.0000 0.0000 87.2415 1.9309 19.6961 -13.6687 22.2592 -2.7014 0.0000 -0.0000 -5.3040 -10.3522 -30.0013 5.2189 7.1250 -0.0000 -0.0000 23.5168 -58.8100 -8.2256
5.5478 17.0596 -0.6086 136.7240 -83.6722 -132.2280 0.0000 0.0000 0.0000 -20.7028 -6.3568 -2.9784 0.8940 6.0265 16.8615 0.7917 13.6770 -26.7471 0.2722 3.3558 9.2710 0.0000 0.0000 0.0000 8.4696 -1.3379 2.6439 0.0000 0.0000 -0.0000 0.7518 -17.2737 -15.3635 -0.0315 -1.1460 3.1507 -5.7699 0.6214 -5.2069 -0.5427 1.2585 2.0314 2.7898 0.4427 4.9304 2.7160 8.2623 -16.5158 1.0950 9.6707 41.8370 1.8011 3.8572 18.6766 0.0000 0.0000 0.0000 -90.8632 -4.6901 24.5524 10.9056 -18.1433 -1.7464 -0.0000 0.0000 -1.7730 21.1735 -12.4652 -4.7792 -7.1250 0.0000 -0.0000 -4.2122 16.6666 2.8349 0.0000 0.0000 0.0000 87.4629 2.5000 19.0891 -13.6019 22.1628 -2.6761 0.0000 -0.0000 -5.4535 -9.5306 -30.5595 4.8790 7.1250 -0.0000 -0.0000 24.7994 -59.1304 -8.9021
5.5345 17.0513 -0.5632 139.1750 -83.1966 -134.8990 0.0000 0.0000 0.0000 -21.0057 -5.3988 -2.9706 0.8945 6.0279 16.8655 0.7918 13.4741 -26.5441 0.2686 3.3341 9.2102 0.0000 0.0000 0.0000 8.1601 -0.8364 2.9314 0.0000 -0.0000 0.0000 0.8066 -17.4989 -14.9161 -0.0133 -0.7439 2.0443 -5.9224 0.4764 -5.0174 -0.5564 1.0562 1.8645 2.8386 0.3492 4.6641 0.5169 6.3637 -17.1350 1.9041 7.1023 41.8865 2.0542 2.5753 18.6545 0.0000 0.0000 0.0000 -90.7125 -4.7494 24.8704 10.9332 -18.1858 -1.7550 -0.0000 0.0000 -2.4048 21.5405 -12.0460 -4.7093 -7.1250 0.0000 -0.0000 -3.9420 17.0780 2.6168 0.0000 0.0000 0.0000 87.4610 2.3969 19.8731 -13.7758 22.4133 -2.7420 0.0000 -0.0000 -5.8701 -9.1289 -30.4277 4.6526 7.1250 -0.0000 -0.0000 25.1014 -58.9219 -8.8923
5.5076 17.0455 -0.5224 142.6270 -82.7953 -138.5100 0.0000 0.0000 0.0000 -21.1679 -5.5070 -2.6226 0.9086 6.0742 16.9999 0.8661 13.7383 -27.3682 0.3106 3.5829 9.9061 0.0000 0.0000 0.0000 8.0849 -0.2759 3.1670 0.0000 0.0000 -0.0000 0.8401 -17.6670 -14.7172 -0.0072 -0.5479 1.5055 -5.7014 0.4490 -5.2813 -0.5523 1.0254 1.9226 2.7208 0.3334 4.8805 -1.6556 4.4615 -17.5453 2.3697 4.7157 41.7378 2.1811 1.3338 18.6007 -0.0000 0.0000 0.0000 -90.7059 -4.9472 25.1090 11.1552 -18.5258 -1.8249 -0.0000 0.0000 -2.4715 21.4257 -11.8176 -4.5947 -7.1250 0.0000 -0.0000 -4.0141 17.3316 2.6426 -0.0000 0.0000 0.0000 87.4675 2.4466 20.6083 -14.0951 22.8705 -2.8650 0.0000 -0.0000 -6.7997 -9.3643 -30.3557 4.7640 7.1250 -0.0000 -0.0000 24.8042 -58.9100 -8.7713
5.4923 17.0456 -0.4946 145.8500 -82.3218 -141.7250 0.0000 0.0000 0.0000 -21.2303 -5.0550 -2.7408 0.9266 6.1324 17.1690 0.8647 13.8601 -27.4781 0.2952 3.4937 9.6566 0.0000 0.0000 0.0000 8.0403 0.3731 3.1977 0.0000 0.0000 -0.0000 0.8778 -17.8796 -14.5588 -0.0002 -0.0902 0.2477 -5.7211 0.2028 -5.5385 -0.3508 0.7108 1.9670 2.9163 0.1676 5.0994 -3.1279 2.9766 -17.9428 2.3306 2.9358 41.7120 2.0734 0.3658 18.7296 -0.0000 -0.0000 0.0000 -90.8822 -5.2945 25.3113 11.1585 -18.5308 -1.8260 -0.0000 0.0000 -2.6457 22.2450 -12.1606 -4.9244 -7.1250 0.0000 -0.0000 -3.4560 16.8890 2.3071 -0.0000 -0.0000 0.0000 87.1093 2.6514 21.7598 -14.3803 23.2758 -2.9768 0.0000 -0.0000 -7.5095 -9.6160 -30.7254 4.9474 7.1250 -0.0000 -0.0000 24.8476 -59.2985 -9.0220
5.4664 17.0436 -0.4785 150.5770 -81.8566 -146.4930 0.0000 0.0000 0.0000 -21.0280 -4.6441 -2.6879 0.9441 6.1884 17.3320 0.9105 13.9385 -27.8908 0.3096 3.5774 9.8907 0.0000 0.0000 0.0000 8.3133 1.1275 3.3409 0.0000 0.0000 -0.0000 0.9244 -18.0972 -14.2212 -0.0013 0.2291 -0.6294 -5.2595 0.1991 -5.5786 -0.3022 0.6701 1.8802 2.7041 0.1657 5.0367 -3.5575 1.9312 -18.3635 1.9224 1.5690 42.1010 1.6840 -0.3404 19.1668 0.0000 0.0000 0.0000 -90.6482 -5.1862 25.9254 11.2659 -18.6947 -1.8603 -0.0000 0.0000 -3.1392 21.9523 -10.7911 -4.3156 -7.1250 0.0000 -0.0000 -3.6109 18.3806 2.2926 0.0000 0.0000 0.0000 87.2601 2.6168 22.5153 -14.2167 23.0436 -2.9124 0.0000 -0.0000 -9.2408 -11.3266 -30.3289 5.7756 7.1250 -0.0000 -0.0000 22.7717 -59.3276 -8.2325
5.4561 17.0499 -0.4689 151.7040 -81.2389 -147.5740 0.0000 0.0000 0.0000 -21.2912 -4.7120 -2.4891 0.9156 6.0967 17.0653 0.8779 14.5175 -28.2292 0.3207 3.6403 10.0667 0.0000 0.0000 0.0000 8.1049 1.7464 3.3587 0.0000 0.0000 -0.0000 0.9288 -18.1377 -14.2518 -0.0014 0.2434 -0.6687 -5.3715 0.1585 -5.4304 -0.2162 0.6052 1.6728 2.8480 0.1413 4.7390 -4.9288 0.9239 -18.2078 2.4950 0.2196 41.9685 1.9223 -1.0197 19.1019 0.0000 -0.0000 0.0000 -90.7349 -4.9303 26.4441 11.3469 -18.8180 -1.8863 -0.0000 0.0000 -3.6083 20.1365 -10.9887 -3.9981 -7.1250 0.0000 -0.0000 -4.8959 18.3195 3.1204 0.0000 -0.0000 0.0000 87.1415 2.6115 21.3878 -14.1199 22.9059 -2.8746 0.0000 -0.0000 -7.5099 -9.4875 -29.9799 4.7736 7.1250 -0.0000 -0.0000 24.3808 -58.5990 -8.4257
5.4452 17.0413 -0.4655 149.8880 -80.4212 -145.8570 0.0000 0.0000 0.0000 -22.0976 -4.3042 -2.0876 0.8483 5.8742 16.4199 0.7937 15.0422 -28.1574 0.2820 3.4155 9.4377 0.0000 0.0000 0.0000 7.3424 2.2659 3.4789 0.0000 0.0000 -0.0000 0.9495 -18.2248 -14.0661 -0.0038 0.3967 -1.0899 -5.8500 -0.0250 -5.9157 -0.4214 0.4467 2.0024 2.8920 0.0247 5.3767 -5.4783 0.1579 -18.1114 2.6701 -0.8409 41.4708 1.8786 -1.4811 18.8408 -0.0000 -0.0000 0.0000 -90.5506 -5.5496 26.6348 11.1332 -18.4921 -1.8179 -0.0000 0.0000 -4.1542 20.7493 -11.7493 -4.4114 -7.1250 0.0000 -0.0000 -4.4845 17.4642 2.9410 -0.0000 -0.0000 0.0000 87.2814 3.1143 20.6004 -13.8646 22.5409 -2.7760 0.0000 -0.0000 -6.3697 -9.1130 -29.5533 4.5237 7.1250 -0.0000 -0.0000 24.4295 -58.1322 -8.1659
5.4228 17.0402 -0.4776 150.1360 -80.0714 -146.1380 0.0000 0.0000 0.0000 -22.2540 -4.1598 -1.7368 0.8095 5.7417 16.0368 0.7833 15.2238 -28.2715 0.3009 3.5269 9.7493 0.0000 0.0000 0.0000 7.2289 2.5512 3.6156 0.0000 0.0000 -0.0000 0.9574 -18.3119 -14.1742 -0.0060 0.5008 -1.3760 -5.9840 -0.1612 -5.8398 -0.3779 0.2640 1.8798 2.9934 -0.0635 5.2216 -5.9963 -0.5751 -17.9932 2.4052 -1.7164 41.3502 1.6579 -1.9524 18.8050 -0.0000 -0.0000 0.0000 -90.6755 -5.0981 26.4007 11.3452 -18.8155 -1.8858 -0.0000 0.0000 -3.9775 20.0183 -11.1694 -4.0369 -7.1250 0.0000 -0.0000 -4.9828 18.1383 3.1961 -0.0000 -0.0000 0.0000 87.2878 2.7527 19.8437 -13.6756 22.2690 -2.7039 0.0000 -0.0000 -5.8210 -9.6603 -30.8135 4.9833 7.1250 -0.0000 -0.0000 24.8750 -59.3877 -9.0864
5.4088 17.0333 -0.5044 151.7900 -80.0229 -147.5390 0.0000 0.0000 0.0000 -21.9018 -3.6102 -1.9571 0.7890 5.6703 15.8306 0.8034 14.8672 -28.0472 0.2992 3.5171 9.7218 0.0000 0.0000 0.0000 7.6080 3.1886 2.1913 -0.0178 -0.8622 2.3698 0.7936 -17.5340 -15.2636 -0.0029 0.3489 -0.9587 -5.7878 -0.2909 -5.9373 -0.2554 0.0724 1.7034 2.9921 -0.1459 5.1090 -6.6351 -1.2703 -17.7571 2.4552 -2.5582 40.7980 1.6203 -2.3581 18.4829 -0.0000 -0.0000 0.0000 -90.7188 -4.8734 26.4168 11.3692 -18.8520 -1.8935 -0.0000 0.0000 -4.3033 20.1009 -11.0223 -4.0024 -7.1250 0.0000 -0.0000 -4.9217 18.2868 3.1404 -0.0000 -0.0000 0.0000 87.2645 2.2991 19.1051 -13.5082 22.0273 -2.6409 0.0000 -0.0000 -5.1998 -9.2091 -30.4430 4.6961 7.1250 -0.0000 -0.0000 25.0323 -58.9536 -8.8850
5.3844 17.0316 -0.5253 151.0960 -79.9156 -146.9040 0.0000 0.0000 0.0000 -22.0650 -3.6385 -1.5882 0.7647 5.5841 15.5824 0.7872 15.0686 -28.1384 0.2708 3.3472 9.2468 0.0000 0.0000 0.0000 7.4778 3.4114 1.6393 -0.0436 -1.3472 3.7046 0.7165 -17.2162 -15.8570 -0.0043 0.4252 -1.1684 -5.7678 -0.3606 -6.2171 -0.3086 0.0049 1.8704 2.9183 -0.1911 5.4507 -7.2524 -2.0946 -17.7689 2.6017 -3.5017 39.6709 1.6090 -2.7426 17.9203 0.0000 0.0000 0.0000 -90.7357 -5.2421 26.4378 11.1204 -18.4725 -1.8139 -0.0000 0.0000 -3.9343 19.9198 -10.7455 -3.8654 -7.1250 0.0000 -0.0000 -5.0442 18.5930 3.1850 0.0000 0.0000 0.0000 87.1030 2.0736 19.1329 -13.5774 22.1274 -2.6669 0.0000 -0.0000 -5.5898 -9.5142 -31.1995 4.9619 7.1250 -0.0000 -0.0000 25.3471 -59.6998 -9.4641
5.3751 17.0375 -0.5700 151.0020 -79.7751 -146.7490 0.0000 0.0000 0.0000 -22.0305 -3.9882 -1.4944 0.7706 5.6052 15.6430 0.8288 15.2500 -28.6248 0.2896 3.4606 9.5638 0.0000 0.0000 0.0000 7.5599 3.3726 2.0508 -0.0276 -1.0731 2.9500 0.7158 -17.2154 -15.8680 -0.0000 0.0073 -0.0200 -5.9636 -0.4301 -6.2784 -0.2710 -0.0723 1.7760 3.0594 -0.2328 5.3951 -7.6817 -2.8154 -17.6630 2.3163 -4.2109 38.7012 1.4147 -3.0826 17.4120 0.0000 0.0000 0.0000 -90.8163 -5.0797 26.5656 11.1412 -18.5044 -1.8205 -0.0000 0.0000 -4.1634 20.5162 -11.1702 -4.1463 -7.1250 0.0000 -0.0000 -4.6327 18.0970 2.9743 0.0000 0.0000 0.0000 87.3090 2.1649 17.8237 -12.9680 21.2403 -2.4417 0.0000 -0.0000 -4.2657 -9.5332 -29.9493 4.7925 7.1250 -0.0000 -0.0000 24.3105 -58.5815 -8.3892
5.3426 17.0463 -0.6153 153.9090 -80.2746 -149.4440 0.0000 0.0000 0.0000 -21.1350 -4.7807 -1.5113 0.8204 5.7793 16.1453 0.9436 15.1369 -29.3115 0.3483 3.7918 10.4916 0.0000 0.0000 0.0000 8.4348 2.6592 3.5616 0.0000 -0.0000 0.0000 0.8750 -17.9044 -14.6904 -0.0002 -0.0947 0.2602 -5.2110 -0.5282 -6.8247 -0.0467 -0.2403 1.7595 2.8522 -0.3003 5.6993 -8.4585 -3.4064 -16.8166 2.5944 -4.8004 36.8774 1.5828 -3.3225 16.3152 -0.0000 -0.0000 0.0000 -91.0745 -4.8871 25.8716 11.1226 -18.4760 -1.8146 -0.0000 0.0000 -3.7520 20.6072 -12.0532 -4.4897 -7.1250 0.0000 -0.0000 -4.5926 17.1550 3.0435 -0.0000 -0.0000 0.0000 87.2080 1.9324 17.5043 -13.0378 21.3426 -2.4670 0.0000 -0.0000 -4.1827 -9.3358 -29.9778 4.6959 7.1250 -0.0000 -0.0000 24.5332 -58.5636 -8.4614
5.3275 17.0430 -0.6695 154.6810 -80.4137 -150.2530 0.0000 0.0000 0.0000 -20.7478 -4.4889 -1.3562 0.8017 5.7145 15.9584 0.9226 15.0590 -29.0886 0.2991 3.5165 9.7203 0.0000 0.0000 0.0000 8.8336 2.5717 3.6710 0.0000 0.0000 -0.0000 0.8815 -17.9123 -14.5771 -0.0001 0.0750 -0.2060 -5.0750 -0.5484 -6.3392 0.0154 -0.3243 1.2840 2.8335 -0.3098 4.9291 -8.8386 -3.8880 -16.7174 2.7113 -5.3916 36.3440 1.5900 -3.5811 16.0900 0.0000 0.0000 0.0000 -91.1320 -4.0149 25.3572 11.3283 -18.7897 -1.8803 -0.0000 0.0000 -2.8420 19.6295 -11.1998 -3.9629 -7.1250 0.0000 -0.0000 -5.2567 18.1373 3.3734 0.0000 0.0000 0.0000 87.2702 1.3234 17.5550 -12.9735 21.2484 -2.4437 0.0000 -0.0000 -4.2716 -9.7299 -29.7954 4.8701 7.1250 -0.0000 -0.0000 23.9911 -58.4856 -8.2145
5.2933 17.0317 -0.7185 151.7310 -80.4197 -147.4220 0.0000 0.0000 0.0000 -21.1805 -5.1421 -0.5358 0.7488 5.5272 15.4187 0.9302 15.4889 -29.5736 0.3563 3.8350 10.6129 0.0000 0.0000 0.0000 8.5409 2.7915 2.2947 -0.0331 -1.1736 3.2267 0.6257 -16.7942 -16.4028 -0.0001 -0.0616 0.1694 -5.3376 -0.6026 -7.0172 -0.1005 -0.3208 1.5281 2.8578 -0.3358 5.5731 -8.8590 -4.2291 -17.1936 2.5820 -5.6849 35.7690 1.4778 -3.6772 15.9384 0.0000 -0.0000 0.0000 -91.2016 -4.2916 25.6873 11.3297 -18.7919 -1.8808 -0.0000 0.0000 -3.4397 20.1326 -10.9169 -3.9715 -7.1250 0.0000 -0.0000 -4.8973 18.3956 3.1130 0.0000 -0.0000 0.0000 87.2032 1.7340 17.4542 -13.0232 21.3212 -2.4617 0.0000 -0.0000 -4.4044 -9.4938 -30.2811 4.8201 7.1250 -0.0000 -0.0000 24.6126 -58.8717 -8.6753
5.2998 17.0396 -0.7842 151.0250 -80.6115 -146.6420 0.0000 0.0000 0.0000 -20.9567 -5.3836 -0.4368 0.7211 5.4264 15.1290 0.8177 15.9260 -29.2506 0.2792 3.3982 9.3895 0.0000 0.0000 0.0000 8.8289 2.8108 1.5257 -0.0618 -1.6047 4.4143 0.5591 -16.5254 -16.8754 -0.0012 -0.2202 0.6051 -5.5535 -0.6767 -7.1803 -0.0472 -0.3907 1.5745 3.0260 -0.3833 5.7246 -9.2504 -4.7257 -17.8180 2.9833 -6.2431 35.0284 1.6036 -3.8489 15.8035 0.0000 -0.0000 0.0000 -91.2897 -4.7680 25.1016 11.1514 -18.5199 -1.8237 -0.0000 0.0000 -2.7120 19.9929 -11.4715 -4.1386 -7.1250 0.0000 -0.0000 -5.0070 17.8219 3.2467 0.0000 -0.0000 0.0000 87.2582 2.2953 18.0088 -12.9572 21.2245 -2.4378 0.0000 -0.0000 -5.0302 -10.4387 -28.6808 5.0529 7.1250 -0.0000 -0.0000 22.4442 -57.6224 -7.1763
5.2766 17.0266 -0.8433 148.5100 -80.9728 -144.2510 0.0000 0.0000 0.0000 -20.9053 -4.9643 -0.2706 0.7061 5.3707 14.9689 0.7499 15.6562 -28.4879 0.2023 2.8961 7.9897 0.0000 0.0000 0.0000 8.8517 2.3819 1.2402 -0.0897 -1.9312 5.3156 0.4845 -16.2426 -17.4183 -0.0003 0.1193 -0.3279 -5.6527 -0.7784 -6.8857 -0.0446 -0.5492 1.2073 3.0687 -0.4430 5.1862 -9.5362 -5.0409 -17.5152 2.9605 -6.5528 34.3022 1.5933 -3.9952 15.4218 -0.0000 -0.0000 0.0000 -91.3857 -3.8632 25.5389 11.3972 -18.8945 -1.9025 -0.0000 0.0000 -3.9963 20.7816 -12.0346 -4.5242 -7.1250 0.0000 -0.0000 -4.4704 17.1592 2.9616 -0.0000 -0.0000 0.0000 87.1453 1.6733 18.8327 -13.5035 22.0205 -2.6391 0.0000 -0.0000 -5.5010 -10.4309 -29.6805 5.2084 7.1250 -0.0000 -0.0000 23.1894 -58.5355 -7.9484
5.2669 17.0249 -0.9131 147.9740 -81.3992 -143.8030 0.0000 0.0000 0.0000 -20.5170 -5.2657 0.1976 0.6693 5.2319 14.5712 0.6868 15.9335 -28.3316 0.1563 2.5475 7.0213 0.0000 0.0000 0.0000 9.3475 2.1422 0.7710 -0.1355 -2.3726 6.5366 0.3473 -15.6625 -18.2451 -0.0009 -0.1909 0.5245 -5.4607 -0.7151 -7.0177 -0.0734 -0.4718 1.2009 2.9388 -0.3998 5.2441 -9.4907 -5.3578 -17.3944 3.1015 -6.9934 33.4756 1.5704 -4.1202 15.0439 0.0000 0.0000 0.0000 -91.2937 -3.8136 25.6283 11.3110 -18.7634 -1.8747 -0.0000 0.0000 -3.9015 20.4264 -11.8054 -4.3571 -7.1250 0.0000 -0.0000 -4.7118 17.4328 3.0943 0.0000 0.0000 0.0000 87.4470 1.7136 18.7185 -13.4150 21.8922 -2.6060 0.0000 -0.0000 -6.0741 -10.0143 -29.6468 4.9920 7.1250 -0.0000 -0.0000 23.5882 -58.4132 -8.0248
5.2505 17.0260 -0.9827 146.5100 -81.9702 -142.3250 0.0000 0.0000 0.0000 -20.1167 -5.6470 0.2397 0.6861 5.2958 14.7541 0.6640 15.9360 -28.1694 0.1296 2.3201 6.3913 0.0000 0.0000 0.0000 9.7269 1.4962 0.9004 -0.1272 -2.2992 6.3334 0.3382 -15.5982 -18.2536 -0.0026 -0.3284 0.9024 -5.4241 -0.8195 -7.7337 0.0614 -0.5648 1.5186 3.0431 -0.4721 5.9970 -9.9428 -5.6817 -17.8524 3.5388 -7.3090 32.8086 1.7625 -4.2041 14.9117 0.0000 -0.0000 0.0000 -91.5096 -4.2312 25.2153 11.4461 -18.9688 -1.9184 -0.0000 0.0000 -3.7188 19.8903 -11.4567 -4.1105 -7.1250 0.0000 -0.0000 -5.0786 17.8458 3.2909 0.0000 -0.0000 0.0000 87.3338 2.4674 18.8823 -13.4059 21.8791 -2.6026 0.0000 -0.0000 -6.1513 -10.3268 -30.4241 5.2719 7.1250 -0.0000 -0.0000 23.8762 -59.1878 -8.5792
5.2413 17.0140 -1.0427 144.6640 -82.4495 -140.4720 0.0000 0.0000 0.0000 -19.9211 -6.2997 0.6983 0.6688 5.2297 14.5650 0.7131 15.8914 -28.4756 0.1630 2.6011 7.1701 0.0000 0.0000 0.0000 9.9806 1.0644 0.5212 -0.1600 -2.5770 7.1032 0.2849 -15.4212 -18.6456 -0.0002 -0.0827 0.2272 -5.2206 -0.7839 -7.6822 0.0624 -0.5483 1.2563 2.9330 -0.4439 5.6855 -9.9671 -5.8737 -17.7110 3.5551 -7.5756 32.5404 1.7273 -4.3103 14.7829 -0.0000 0.0000 0.0000 -91.5296 -3.7097 25.4141 11.4095 -18.9132 -1.9065 -0.0000 0.0000 -3.7877 20.3569 -11.7692 -4.3280 -7.1250 0.0000 -0.0000 -4.7593 17.4771 3.1211 -0.0000 0.0000 0.0000 87.3699 2.0154 18.5633 -13.5136 22.0352 -2.6429 0.0000 -0.0000 -5.4453 -11.4532 -29.1234 5.6314 7.1250 -0.0000 -0.0000 21.7304 -58.2485 -7.2648
5.2374 17.0083 -1.1222 141.2670 -82.8564 -137.1460 0.0000 0.0000 0.0000 -19.7164 -6.6874 0.8782 0.6481 5.1497 14.3360 0.6121 16.2252 -28.1092 0.1304 2.3275 6.4117 0.0000 0.0000 0.0000 10.2363 0.5635 0.2303 -0.1913 -2.8167 7.7690 0.1854 -14.9832 -19.1744 -0.0069 -0.5382 1.4789 -5.3460 -0.8693 -7.6571 0.0751 -0.6547 1.1881 3.0041 -0.4976 5.6112 -10.2299 -6.0452 -17.6755 3.5881 -7.7075 32.1971 1.7624 -4.3799 14.6481 0.0000 -0.0000 0.0000 -91.5329 -3.6110 25.4469 11.3838 -18.8742 -1.8982 -0.0000 0.0000 -3.8735 20.2910 -11.0662 -4.0593 -7.1250 0.0000 -0.0000 -4.7888 18.2253 3.0616 0.0000 -0.0000 0.0000 87.3387 1.7018 19.0177 -13.3796 21.8409 -2.5928 0.0000 -0.0000 -6.5008 -10.7315 -29.1477 5.2740 7.1250 -0.0000 -0.0000 22.4849 -58.1139 -7.4600
5.2268 16.9979 -1.1939 137.4980 -83.2338 -133.5030 0.0000 0.0000 0.0000 -19.5390 -6.5283 1.2620 0.6024 4.9681 13.8177 0.5490 16.0759 -27.4726 0.1031 2.0702 5.6997 0.0000 0.0000 0.0000 10.3735 0.1299 -0.2188 -0.2519 -3.2295 8.9182 0.0519 -14.4180 -19.8974 -0.0101 -0.6491 1.7836 -5.5244 -0.8899 -8.0822 0.0608 -0.6306 1.3914 3.0887 -0.5073 6.0689 -10.4049 -6.3188 -18.0699 3.8288 -8.0485 32.0262 1.8162 -4.4903 14.7131 -0.0000 -0.0000 0.0000 -91.6048 -3.6602 24.7194 11.4594 -18.9889 -1.9227 -0.0000 0.0000 -2.9620 21.8431 -11.4780 -4.5605 -7.1250 0.0000 -0.0000 -3.7105 17.6561 2.4154 -0.0000 -0.0000 0.0000 87.3971 2.1777 18.4500 -13.1622 21.5243 -2.5125 0.0000 -0.0000 -6.1998 -10.5548 -29.5775 5.2548 7.1250 -0.0000 -0.0000 22.9848 -58.4687 -7.8361
5.2209 17.0033 -1.2657 137.2090 -83.8151 -133.2620 0.0000 0.0000 0.0000 -18.8421 -6.6638 1.4098 0.5847 4.8959 13.6118 0.4605 16.2162 -26.9577 0.0634 1.6247 4.4694 0.0000 0.0000 0.0000 11.0705 -0.3067 -0.2069 -0.2562 -3.2567 8.9943 0.0211 -14.2922 -20.0664 -0.0185 -0.8770 2.4105 -5.2209 -0.9365 -8.2685 0.2130 -0.7208 1.3690 3.0645 -0.5451 6.1569 -10.4885 -6.3269 -17.8296 3.8694 -8.0343 31.6757 1.8578 -4.4831 14.5069 0.0000 -0.0000 0.0000 -91.8067 -3.5005 24.2781 11.3929 -18.8880 -1.9012 -0.0000 0.0000 -3.0337 21.7480 -11.5179 -4.5542 -7.1250 0.0000 -0.0000 -3.7785 17.6218 2.4627 0.0000 -0.0000 0.0000 87.3541 1.9566 18.4557 -13.0477 21.3571 -2.4706 0.0000 -0.0000 -5.9068 -10.6801 -29.7080 5.3395 7.1250 -0.0000 -0.0000 22.9558 -58.6155 -7.9074
5.1101 16.9443 -1.3000 122.8530 -83.1569 -119.7550 0.0000 0.0000 0.0000 -20.8296 -6.8152 3.5255 0.5098 4.5770 12.7058 0.4954 16.1413 -27.1396 0.0715 1.7250 4.7464 0.0000 0.0000 0.0000 8.6011 -6.4786 -2.1668 -0.3923 -4.0217 11.1376 -0.3563 -9.1558 -18.0914 -0.0035 0.3827 -1.0515 -6.1762 -1.0964 -9.0250 -0.3819 -0.7350 1.7455 2.9630 -0.6089 7.0017 -10.2044 -6.3382 -18.1233 3.5806 -8.0244 31.9201 1.6851 -4.4821 14.6502 0.0000 -0.0000 0.0000 -91.8526 -2.9611 23.9964 11.5512 -19.1282 -1.9527 -0.0000 0.0000 -2.6986 21.1789 -11.2893 -4.3375 -7.1250 0.0000 -0.0000 -4.1703 17.9151 2.6924 0.0000 -0.0000 0.0000 87.4240 1.4835 18.1641 -13.1532 21.5113 -2.5092 0.0000 -0.0000 -5.8517 -11.2037 -29.3103 5.5383 7.1250 -0.0000 -0.0000 22.1225 -58.3662 -7.4676
5.2178 16.9879 -1.3944 126.3890 -84.2510 -122.6470 0.0000 0.0000 0.0000 -18.9377 -7.8855 2.6132 0.4975 4.5219 12.5499 0.4079 16.5937 -26.9961 0.1055 2.0945 5.7669 0.0000 0.0000 0.0000 10.9737 -1.2420 -1.1436 -0.3802 -3.9602 10.9646 -0.1615 -13.6192 -21.1348 -0.0143 -0.7729 2.1242 -5.5601 -0.9403 -8.2099 0.0227 -0.6879 1.2744 3.0606 -0.5327 6.0233 -10.4023 -6.5169 -17.8872 3.8480 -8.2954 31.5013 1.7848 -4.5753 14.4597 -0.0000 0.0000 0.0000 -91.8214 -3.0860 24.1782 11.3764 -18.8630 -1.8958 -0.0000 0.0000 -2.5938 21.0311 -11.2656 -4.2956 -7.1250 0.0000 -0.0000 -4.2734 17.9529 2.7558 -0.0000 0.0000 0.0000 87.5018 1.6744 17.3868 -13.2119 21.5969 -2.5308 0.0000 -0.0000 -4.6583 -9.7881 -32.2558 5.2605 7.1250 -0.0000 -0.0000 25.9900 -60.7037 -10.3516
5.2469 16.9929 -1.4683 124.1130 -84.9026 -120.3590 0.0000 0.0000 0.0000 -18.1827 -8.3904 2.4919 0.5101 4.5780 12.7087 0.3899 16.6353 -26.9060 0.0903 1.9376 5.3334 0.0000 0.0000 0.0000 11.8286 -1.0528 -0.6828 -0.3375 -3.7334 10.3278 -0.0757 -14.3810 -21.2402 -0.0230 -0.9784 2.6894 -5.3316 -0.9461 -8.2124 0.1657 -0.7198 1.4742 3.0770 -0.5518 6.2378 -10.6111 -6.7758 -18.4898 4.1890 -8.6083 31.3641 1.8825 -4.6586 14.5929 0.0000 -0.0000 0.0000 -91.7765 -3.5311 24.1608 11.3252 -18.7850 -1.8793 -0.0000 0.0000 -2.2445 20.9577 -11.6695 -4.4299 -7.1250 0.0000 -0.0000 -4.3365 17.5306 2.8370 0.0000 -0.0000 0.0000 87.5088 2.1336 17.3947 -12.9459 21.2079 -2.4337 0.0000 -0.0000 -4.5926 -9.8666 -30.4650 5.0395 7.1250 -0.0000 -0.0000 24.3800 -59.1210 -8.7344
5.2494 16.9889 -1.5297 120.1090 -85.3527 -116.5730 0.0000 0.0000 0.0000 -17.6266 -8.0209 2.3048 0.5338 4.6814 13.0021 0.3770 16.1116 -26.1740 0.0458 1.3809 3.7975 0.0000 0.0000 0.0000 12.1724 -2.5127 -0.7781 -0.3227 -3.6513 10.0977 -0.1090 -13.6411 -20.6079 -0.0169 -0.8405 2.3101 -5.1127 -0.9743 -8.2218 0.1627 -0.7748 1.6334 2.9420 -0.5780 6.4132 -10.4809 -6.7511 -18.3934 4.1892 -8.6109 31.2405 1.8644 -4.6424 14.5078 0.0000 -0.0000 0.0000 -91.5950 -3.5870 24.8823 11.3866 -18.8783 -1.8991 -0.0000 0.0000 -3.3076 21.4923 -11.8830 -4.6354 -7.1250 0.0000 -0.0000 -3.9699 17.2557 2.6199 0.0000 -0.0000 0.0000 87.7036 2.0634 17.5387 -13.2335 21.6284 -2.5387 0.0000 -0.0000 -4.6022 -9.3910 -30.5772 4.8091 7.1250 -0.0000 -0.0000 24.9561 -59.1147 -8.9534
5.4412 17.0386 -1.6255 139.1610 -86.4322 -135.0300 0.0000 0.0000 0.0000 -14.7632 -7.2872 -0.5908 0.6537 5.1716 14.3987 0.3645 15.2880 -25.0847 0.0407 1.3025 3.5815 0.0000 0.0000 0.0000 15.1234 -2.3346 -0.7878 -0.1776 -2.7146 7.4851 0.0278 -13.7728 -19.2472 -0.1083 -2.1222 5.8435 -4.2501 -0.6281 -5.8564 0.9510 -0.5671 0.8342 3.3227 -0.3945 4.2062 -10.3991 -6.7053 -18.3976 3.8440 -8.4420 31.2276 1.7428 -4.6058 14.4638 -0.0000 0.0000 0.0000 -91.9866 -3.1232 23.8763 11.8103 -19.5196 -2.0385 -0.0000 0.0000 -3.6917 20.6048 -11.4889 -4.2826 -7.1250 0.0000 -0.0000 -4.5785 17.7523 2.9740 -0.0000 0.0000 0.0000 87.2857 1.7699 18.9246 -13.3856 21.8496 -2.5950 0.0000 -0.0000 -6.6184 -11.1365 -29.8206 5.5910 7.1250 -0.0000 -0.0000 22.5739 -58.8198 -7.8789
5.4806 17.0174 -1.6081 134.5210 -86.5556 -130.9860 0.0000 0.0000 0.0000 -14.6103 -4.4916 -1.8256 0.7298 5.4581 15.2199 0.3593 13.2155 -22.6002 0.0075 0.5610 1.5417 0.0000 0.0000 0.0000 14.9100 -2.6981 -1.2362 -0.2589 -3.2733 9.0407 -0.0957 -13.0057 -19.6228 -0.1073 -2.1120 5.8153 -3.6433 -0.5302 -4.9764 0.8916 -0.5059 1.2104 2.9270 -0.3524 4.0869 -10.5534 -6.8964 -18.4566 3.9996 -8.6618 30.8263 1.7902 -4.6782 14.3369 -0.0000 -0.0000 0.0000 -92.4830 -3.4585 22.0180 12.0209 -19.8360 -2.1094 -0.0000 0.0000 -4.3529 20.1437 -11.1262 -4.0489 -7.1250 0.0000 -0.0000 -4.8937 18.1737 3.1347 -0.0000 -0.0000 0.0000 87.0853 2.4053 17.8969 -13.4711 21.9735 -2.6269 0.0000 -0.0000 -4.8398 -9.3289 -31.0279 4.8400 7.1250 -0.0000 -0.0000 25.3920 -59.5040 -9.3620
5.3693 16.9533 -1.4949 116.1800 -86.0522 -113.7470 0.0000 0.0000 0.0000 -16.0737 -1.7482 -2.6390 0.9905 6.3344 17.7577 0.6133 9.9145 -21.5437 0.0002 0.0982 0.2698 0.0000 0.0000 0.0000 12.3771 -4.0308 -0.0417 -0.2734 -3.3630 9.2911 -0.0500 -13.2451 -19.4201 -0.0077 -0.5652 1.5530 -3.2082 -0.6374 -5.7570 0.5064 -0.6262 2.0933 2.2636 -0.4312 5.4509 -10.1958 -6.8622 -17.9989 3.6165 -8.5771 30.1102 1.6130 -4.6431 13.8734 -0.0000 -0.0000 0.0000 -92.7335 -3.1196 21.3348 12.5473 -20.6203 -2.2914 -0.0000 0.0000 -4.7906 19.5202 -11.7391 -4.1255 -7.1250 0.0000 -0.0000 -5.3435 17.5794 3.4954 -0.0000 -0.0000 0.0000 86.4292 2.5547 18.0340 -13.5992 22.1588 -2.6751 0.0000 -0.0000 -5.4619 -10.7091 -30.1424 5.4248 7.1250 -0.0000 -0.0000 23.2611 -59.0180 -8.2471
5.4124 16.9352 -1.4028 120.1110 -86.0512 -118.0790 0.0000 0.0000 0.0000 -15.9733 -0.1177 -4.0465 1.1914 6.9262 19.4970 0.7069 8.1907 -20.9050 0.0038 0.3990 1.0962 0.0000 0.0000 0.0000 12.1977 -3.9953 0.0697 -0.2917 -3.4729 9.5984 -0.0782 -12.9604 -19.3622 -0.0116 -0.6951 1.9103 -2.7942 -0.6362 -5.0060 0.8426 -0.6980 2.6490 2.3768 -0.4711 5.6086 -9.9083 -6.7146 -18.8129 3.2530 -8.1593 29.7365 1.4801 -4.4416 13.8160 0.0000 0.0000 0.0000 -92.8727 -3.8889 21.3554 12.5691 -20.6526 -2.2991 -0.0000 0.0000 -5.5434 19.4096 -11.9868 -4.1853 -7.1250 0.0000 -0.0000 -5.4258 17.3285 3.5797 0.0000 0.0000 0.0000 85.6795 3.7954 17.7666 -13.3474 21.7941 -2.5808 0.0000 -0.0000 -4.7525 -9.9463 -31.2032 5.1911 7.1250 -0.0000 -0.0000 24.9069 -59.8027 -9.3486
5.5632 16.9546 -1.3241 151.7080 -86.5883 -149.2860 0.0000 0.0000 0.0000 -13.9665 0.4512 -6.3528 1.3813 7.4369 21.0163 0.6890 8.0250 -20.5910 0.0034 0.3771 1.0362 0.0000 0.0000 0.0000 14.7152 -2.6549 -0.3718 -0.2526 -3.2339 8.9307 -0.0130 -13.1178 -18.8082 -0.0669 -1.6686 4.5906 -1.7276 -0.3135 -2.6114 1.7394 -0.4159 1.9010 2.7393 -0.2769 3.4473 -9.1385 -6.0415 -18.4570 2.5504 -7.2754 29.9646 1.2472 -4.0899 13.6925 0.0000 -0.0000 0.0000 -92.8077 -3.1972 21.4858 12.5659 -20.6479 -2.2980 -0.0000 0.0000 -5.6213 20.0805 -11.8506 -4.2932 -7.1250 0.0000 -0.0000 -4.9545 17.4149 3.2568 0.0000 -0.0000 0.0000 85.2826 3.6617 16.4520 -13.2119 21.5969 -2.5308 0.0000 -0.0000 -3.5754 -9.9456 -31.2806 5.2022 7.1250 -0.0000 -0.0000 24.9730 -59.8718 -9.4170
5.4512 16.9258 -1.1168 134.5920 -85.6786 -132.6670 0.0000 0.0000 0.0000 -16.4270 1.1536 -5.8716 1.4842 7.6970 21.7974 0.8549 7.0397 -21.3906 0.0050 0.4573 1.2565 0.0000 0.0000 0.0000 11.6119 -2.8882 0.5984 -0.2456 -3.1888 8.8049 0.0982 -13.8187 -18.4559 -0.0010 0.2080 -0.5714 -2.3852 -0.5450 -3.7135 1.2264 -0.6589 2.6903 2.5569 -0.4378 4.9104 -8.0803 -4.8611 -19.1779 2.0838 -5.6850 30.4330 1.1564 -3.3461 13.8694 0.0000 0.0000 0.0000 -92.4064 -3.5851 20.8698 12.2793 -20.2221 -2.1979 -0.0000 0.0000 -4.3789 19.8738 -12.1175 -4.3393 -7.1250 0.0000 -0.0000 -5.1053 17.1516 3.3863 0.0000 0.0000 0.0000 85.1257 4.0969 16.4303 -13.2920 21.7136 -2.5603 0.0000 -0.0000 -4.0466 -10.0405 -32.0245 5.3638 7.1250 -0.0000 -0.0000 25.5215 -60.5585 -10.0616
5.4473 16.9147 -0.9233 145.2140 -85.5289 -143.1860 0.0000 0.0000 0.0000 -16.5131 1.8547 -6.9824 1.6967 8.2035 23.3340 0.9846 6.2053 -21.9711 0.0064 0.5154 1.4163 0.0000 0.0000 0.0000 11.3733 -2.4426 1.4318 -0.1615 -2.5891 7.1368 0.2590 -14.5246 -17.4665 -0.0046 0.4392 -1.2069 -1.8518 -0.4194 -3.5715 1.2130 -0.5288 2.9341 2.2537 -0.3611 5.0692 -6.3677 -3.4372 -20.0466 1.2617 -3.8629 31.1470 0.8500 -2.4834 14.1788 0.0000 -0.0000 0.0000 -91.7281 -3.9402 20.6802 12.1680 -20.0561 -2.1596 -0.0000 0.0000 -3.6305 20.4098 -12.6641 -4.6636 -7.1250 0.0000 -0.0000 -4.7484 16.5274 3.2126 0.0000 -0.0000 0.0000 85.2444 3.8191 17.2266 -13.6922 22.2929 -2.7102 0.0000 -0.0000 -4.7818 -9.8960 -32.0710 5.2922 7.1250 -0.0000 -0.0000 25.7123 -60.5655 -10.1471
5.4902 16.9209 -0.7353 161.2510 -85.0890 -158.7650 0.0000 0.0000 0.0000 -16.0766 2.3963 -8.4967 1.8742 8.5990 24.5487 1.0489 5.9899 -22.3901 0.0040 0.4097 1.1256 0.0000 0.0000 0.0000 11.9670 -1.4506 1.6881 -0.1032 -2.0714 5.7030 0.3691 -15.0349 -16.7958 -0.0000 0.0089 -0.0244 -1.5244 -0.1962 -2.8686 1.4153 -0.2689 2.8749 2.2997 -0.2202 4.5917 -5.0230 -1.9287 -20.4981 0.5366 -1.8627 31.6937 0.6833 -1.5813 14.3913 0.0000 0.0000 0.0000 -91.1781 -4.1959 20.9902 12.2861 -20.2323 -2.2002 -0.0000 0.0000 -3.9464 20.1320 -12.0603 -4.3799 -7.1250 0.0000 -0.0000 -4.9239 17.1894 3.2610 0.0000 0.0000 0.0000 85.3662 3.7225 17.9371 -13.7616 22.3929 -2.7366 0.0000 -0.0000 -5.0953 -10.1429 -31.6316 5.3601 7.1250 -0.0000 -0.0000 25.0706 -60.2320 -9.6739
5.4995 16.9058 -0.5300 160.0650 -83.9567 -157.6410 0.0000 0.0000 0.0000 -17.3900 2.8074 -8.7607 1.9604 8.7831 25.1190 1.1633 5.7678 -23.2167 0.0550 1.5135 4.1629 0.0000 0.0000 0.0000 10.7194 -0.2612 1.5218 -0.1240 -2.2699 6.2520 0.3725 -15.1785 -17.0135 -0.0000 0.0118 -0.0323 -2.5890 0.0404 -2.1808 1.0775 0.0983 2.9272 2.5706 -0.0620 4.2374 -3.9682 -0.5085 -20.8739 0.0838 -0.0069 32.4999 0.6513 -0.7532 14.7675 -0.0000 -0.0000 0.0000 -90.6676 -4.4100 21.5008 12.3956 -20.3953 -2.2383 -0.0000 0.0000 -3.4847 20.4726 -10.9255 -4.0475 -7.1250 0.0000 -0.0000 -4.6578 18.3593 2.9634 -0.0000 -0.0000 0.0000 85.8053 3.4362 17.8660 -13.8079 22.4594 -2.7543 0.0000 -0.0000 -5.2443 -9.9846 -31.0248 5.1847 7.1250 -0.0000 -0.0000 24.7179 -59.6514 -9.1821
5.4954 16.9163 -0.3193 164.3280 -83.1818 -161.6760 0.0000 0.0000 0.0000 -17.9169 2.7421 -9.3139 2.0721 9.0147 25.8413 1.3042 5.5626 -24.2297 0.1887 2.7978 7.7163 0.0000 0.0000 0.0000 10.1202 0.1527 3.1865 -0.0215 -0.9460 2.6001 0.6872 -16.6622 -15.0106 -0.0015 0.2489 -0.6839 -2.8400 0.2432 -1.9311 0.8778 0.3806 2.8905 2.5188 0.0778 4.0395 -3.0112 0.5640 -20.7333 -0.7564 1.4919 32.8812 0.4120 -0.1394 14.8893 -0.0000 0.0000 0.0000 -90.0842 -4.6774 22.4313 12.2375 -20.1599 -2.1835 -0.0000 0.0000 -4.0029 20.8288 -11.3864 -4.2953 -7.1250 0.0000 -0.0000 -4.4187 17.8418 2.8609 -0.0000 0.0000 0.0000 86.2255 3.3959 17.9513 -13.6812 22.2771 -2.7061 0.0000 -0.0000 -5.1881 -9.6167 -30.6958 4.9435 7.1250 -0.0000 -0.0000 24.8227 -59.2721 -8.9963
5.4806 16.9192 -0.1121 169.5270 -82.6051 -166.7900 0.0000 0.0000 0.0000 -18.2183 2.7959 -9.6721 2.1390 9.1498 26.2652 1.3224 6.0641 -24.6784 0.2087 2.9415 8.1159 0.0000 0.0000 0.0000 9.8826 0.5712 4.4322 0.0000 -0.0000 0.0000 0.9428 -17.9610 -13.3298 -0.0181 0.8691 -2.3888 -2.7689 0.3813 -1.5427 0.7934 0.5539 2.7768 2.3960 0.1750 3.6910 -2.2849 1.5975 -20.7905 -1.4562 2.9792 33.6105 0.2661 0.4414 15.2517 0.0000 0.0000 0.0000 -90.0313 -4.6492 22.2441 12.2559 -20.1874 -2.1898 -0.0000 0.0000 -3.6804 21.0376 -11.6388 -4.4369 -7.1250 0.0000 -0.0000 -4.2796 17.5561 2.7972 0.0000 0.0000 0.0000 86.3873 2.9808 18.7418 -13.7684 22.4026 -2.7392 0.0000 -0.0000 -5.6667 -9.5023 -30.4185 4.8442 7.1250 -0.0000 -0.0000 24.7142 -58.9973 -8.7894
5.4578 16.8967 0.0838 166.5550 -81.6588 -163.9440 0.0000 0.0000 0.0000 -19.7016 3.2352 -9.6788 2.1573 9.1863 26.3798 1.3654 6.4203 -25.2315 0.2629 3.2986 9.1111 0.0000 0.0000 0.0000 8.4709 1.4627 4.5810 0.0000 0.0000 -0.0000 1.0411 -18.6737 -13.4201 -0.0000 -0.0283 0.0778 -3.6557 0.6172 -1.4088 0.3523 0.9068 2.8178 2.4526 0.3321 3.6321 -1.9439 2.3927 -20.7247 -1.5878 4.0738 33.8937 0.3554 0.9111 15.3775 0.0000 -0.0000 0.0000 -89.9027 -5.0969 22.6210 12.0469 -19.8749 -2.1182 -0.0000 0.0000 -3.2113 20.8655 -11.0015 -4.1604 -7.1250 0.0000 -0.0000 -4.3828 18.2470 2.7983 0.0000 -0.0000 0.0000 86.7691 2.8334 18.6719 -13.9064 22.6007 -2.7920 0.0000 -0.0000 -5.5151 -9.2250 -30.9271 4.7715 7.1250 -0.0000 -0.0000 25.4138 -59.3903 -9.3008
5.4038 16.8881 0.2653 166.4620 -81.0424 -163.8550 0.0000 0.0000 0.0000 -20.6368 3.4938 -9.7446 2.2040 9.2786 26.6708 1.4161 6.6032 -25.7295 0.3329 3.7082 10.2571 0.0000 0.0000 0.0000 7.6329 2.1172 4.6706 0.0000 0.0000 -0.0000 1.1452 -19.1819 -12.5889 -0.0409 1.3053 -3.5893 -3.8927 0.6925 -1.8688 0.1231 1.0438 2.8820 2.3625 0.3892 3.9510 -1.3246 3.0148 -20.9475 -2.2925 5.0222 34.5379 0.1292 1.2456 15.7896 -0.0000 -0.0000 0.0000 -89.9990 -5.3156 22.9170 11.8507 -19.5804 -2.0520 -0.0000 0.0000 -3.2386 21.8312 -11.9825 -4.7544 -7.1250 0.0000 -0.0000 -3.7371 17.1187 2.4768 -0.0000 -0.0000 0.0000 86.8873 3.2664 18.9739 -13.7093 22.3176 -2.7167 0.0000 -0.0000 -5.6323 -9.3850 -30.5559 4.8030 7.1250 -0.0000 -0.0000 24.9449 -59.0943 -8.9367
5.3622 16.8833 0.4230 163.8740 -80.6264 -161.1290 0.0000 0.0000 0.0000 -21.8105 3.4334 -9.9980 2.2479 9.3645 26.9423 1.4379 6.7179 -25.9634 0.4748 4.4189 12.2583 0.0000 0.0000 0.0000 6.4822 2.4703 4.5647 0.0000 -0.0000 0.0000 1.1636 -19.3526 -12.8021 -0.0342 1.1931 -3.2803 -4.3219 0.7113 -2.3681 -0.1510 1.1196 2.8083 2.3312 0.4153 4.1517 -0.9383 3.2920 -20.9594 -2.8711 5.4979 34.7709 -0.0961 1.3916 15.9534 -0.0000 0.0000 0.0000 -90.0699 -5.3975 23.6114 11.6905 -19.3388 -1.9986 -0.0000 0.0000 -3.4911 21.7331 -11.3775 -4.4963 -7.1250 0.0000 -0.0000 -3.7841 17.7730 2.4538 -0.0000 0.0000 0.0000 86.9855 3.3274 19.3337 -13.8675 22.5450 -2.7771 0.0000 -0.0000 -5.5512 -9.4395 -30.6849 4.8496 7.1250 -0.0000 -0.0000 24.9947 -59.2223 -9.0335
5.3111 16.8736 0.5323 162.2380 -80.3063 -159.5890 0.0000 0.0000 0.0000 -22.7418 3.9297 -9.9684 2.2488 9.3662 26.9476 1.4860 6.2942 -26.0554 0.2719 3.3542 9.2665 0.0000 0.0000 0.0000 5.7153 2.6959 4.7872 0.0000 0.0000 -0.0000 1.1306 -19.2300 -13.2242 -0.0069 0.5373 -1.4763 -4.6686 0.8239 -2.4465 -0.3139 1.2893 2.5075 2.3648 0.5046 3.8685 -1.0194 3.4186 -20.6037 -2.7727 5.6465 35.2479 -0.0234 1.4293 16.1000 -0.0000 -0.0000 0.0000 -90.1859 -4.9604 23.9704 11.5435 -19.1166 -1.9502 -0.0000 0.0000 -3.3876 20.6590 -11.5990 -4.3353 -7.1250 0.0000 -0.0000 -4.5435 17.6311 2.9633 -0.0000 -0.0000 0.0000 87.0625 2.8903 19.7137 -14.0262 22.7722 -2.8382 0.0000 -0.0000 -6.1276 -9.7309 -30.3381 4.9505 7.1250 -0.0000 -0.0000 24.4166 -58.9760 -8.6627
5.2612 16.8690 0.6051 158.9610 -80.2632 -156.3620 0.0000 0.0000 0.0000 -23.6521 3.8942 -9.5380 2.2125 9.2953 26.7234 1.5449 5.7296 -26.1510 0.3204 3.6384 10.0614 0.0000 0.0000 0.0000 4.8083 2.5281 4.9868 0.0000 -0.0000 0.0000 1.0843 -19.0350 -13.6770 -0.0024 -0.3154 0.8666 -5.0387 0.8116 -2.9067 -0.5073 1.3226 2.5030 2.3825 0.5065 4.1206 -0.9580 3.5289 -20.7510 -2.7248 5.7749 35.6487 0.0107 1.4748 16.3388 0.0000 0.0000 0.0000 -90.1250 -4.9306 24.8874 11.4532 -18.9796 -1.9207 -0.0000 0.0000 -3.6181 20.4493 -11.7393 -4.3385 -7.1250 0.0000 -0.0000 -4.6939 17.5007 3.0755 0.0000 0.0000 0.0000 87.1590 3.0079 20.1826 -14.2098 23.0339 -2.9097 0.0000 -0.0000 -6.5397 -9.8279 -30.3550 5.0031 7.1250 -0.0000 -0.0000 24.3313 -59.0131 -8.6520
5.2304 16.8604 0.6167 156.5630 -80.5047 -153.9270 0.0000 0.0000 0.0000 -24.0114 3.7265 -9.2897 2.1598 9.1912 26.3953 1.5281 5.6444 -25.9795 0.3073 3.5639 9.8528 0.0000 0.0000 0.0000 4.4119 2.1439 5.0793 0.0000 0.0000 -0.0000 1.1202 -19.2606 -13.6235 -0.0037 0.3923 -1.0780 -5.3332 0.8287 -3.1892 -0.5613 1.3777 2.4145 2.4994 0.5262 4.1806 -1.0513 3.5594 -20.9507 -2.6236 5.8168 36.4293 0.0751 1.4481 16.7818 0.0000 0.0000 0.0000 -90.0626 -5.1090 25.3932 11.2254 -18.6330 -1.8473 -0.0000 0.0000 -2.6249 20.3543 -11.1281 -4.0955 -7.1250 0.0000 -0.0000 -4.7455 18.1547 3.0411 0.0000 0.0000 0.0000 87.2145 2.9502 20.7569 -14.4151 23.3251 -2.9905 0.0000 -0.0000 -7.1502 -9.0855 -32.4089 4.8987 7.1250 -0.0000 -0.0000 26.8542 -60.6711 -10.7040
5.2001 16.8642 0.5879 155.6560 -80.9274 -152.9620 0.0000 0.0000 0.0000 -23.8687 3.5904 -9.1085 2.1318 9.1353 26.2196 1.4806 5.9644 -25.8175 0.2521 3.2307 8.9217 0.0000 0.0000 0.0000 4.5573 1.7027 5.1448 0.0000 -0.0000 0.0000 1.1555 -19.4752 -13.5514 -0.0303 1.1239 -3.0899 -5.2341 0.9132 -3.6620 -0.5674 1.5188 2.4486 2.4574 0.5914 4.4755 -1.1578 3.5336 -20.9346 -2.2375 5.6527 37.0642 0.2264 1.3906 17.0857 0.0000 0.0000 0.0000 -89.8561 -5.3977 25.5908 11.1328 -18.4915 -1.8178 -0.0000 0.0000 -2.6518 22.3701 -11.5658 -4.7171 -7.1250 0.0000 -0.0000 -3.3447 17.5142 2.1869 0.0000 0.0000 0.0000 87.3572 2.9255 21.3995 -14.3716 23.2635 -2.9733 0.0000 -0.0000 -8.2480 -10.1596 -30.8885 5.2562 7.1250 -0.0000 -0.0000 24.4249 -59.5690 -9.0165
5.1940 16.8770 0.5180 157.0240 -81.1786 -154.0810 0.0000 0.0000 0.0000 -23.3119 3.1541 -8.9505 2.0678 9.0060 25.8140 1.4746 6.0034 -25.7963 0.2123 2.9665 8.1854 0.0000 0.0000 0.0000 5.1544 1.6100 4.9718 0.0000 -0.0000 0.0000 1.1512 -19.4640 -13.6200 -0.0291 1.1003 -3.0248 -4.9821 0.9463 -3.7997 -0.5244 1.5545 2.3380 2.3654 0.6203 4.4394 -1.0542 3.6904 -21.0650 -2.0868 5.7827 37.6360 0.3010 1.4476 17.4241 0.0000 -0.0000 0.0000 -89.5730 -5.1134 25.9193 11.3522 -18.8261 -1.8880 -0.0000 0.0000 -3.5090 20.1303 -11.0480 -4.0180 -7.1250 0.0000 -0.0000 -4.9015 18.2574 3.1307 0.0000 -0.0000 0.0000 87.5407 2.9927 21.7725 -14.7055 23.7343 -3.1064 0.0000 -0.0000 -7.6453 -9.5878 -32.2493 5.1505 7.1250 -0.0000 -0.0000 26.1909 -60.6501 -10.4046
5.2068 16.8870 0.4135 153.8730 -81.4909 -150.9270 0.0000 0.0000 0.0000 -23.1910 2.7019 -8.5482 2.0019 8.8699 25.3893 1.3463 7.0183 -25.4700 0.3268 3.6742 10.1618 0.0000 0.0000 0.0000 5.2112 1.1404 4.9408 0.0000 -0.0000 0.0000 1.1333 -19.3795 -13.7509 -0.0163 0.8234 -2.2631 -5.3234 0.9801 -3.5058 -0.5895 1.5985 2.2729 2.4844 0.6398 4.1954 -1.0933 3.8711 -21.2278 -1.6573 5.8670 38.8560 0.5182 1.4673 18.1234 -0.0000 0.0000 0.0000 -89.4384 -5.2519 26.0946 11.1767 -18.5587 -1.8318 -0.0000 0.0000 -2.6282 22.3971 -11.7324 -4.7902 -7.1250 0.0000 -0.0000 -3.3324 17.3332 2.1920 -0.0000 0.0000 0.0000 87.4888 3.1009 21.6789 -14.5901 23.5721 -3.0602 0.0000 -0.0000 -7.3551 -9.5058 -30.7446 4.8926 7.1250 -0.0000 -0.0000 24.9761 -59.2909 -9.0677
5.2219 16.8933 0.2762 155.9430 -82.2265 -153.0410 0.0000 0.0000 0.0000 -21.9885 2.3720 -8.3845 2.0193 8.9061 25.5020 1.3537 6.5266 -25.2093 0.2864 3.4419 9.5115 0.0000 0.0000 0.0000 6.3691 0.6553 4.9445 0.0000 0.0000 0.0000 1.1161 -19.2674 -13.7564 -0.0037 0.3930 -1.0798 -4.8708 0.9850 -3.3204 -0.4102 1.5697 2.4691 2.4132 0.6303 4.3019 -0.8715 4.1602 -21.4499 -1.4461 6.1023 39.9079 0.6307 1.5612 18.7997 0.0000 -0.0000 0.0000 -89.4388 -5.4245 26.0306 11.2573 -18.6815 -1.8575 -0.0000 0.0000 -2.4336 21.7154 -11.0101 -4.3496 -7.1250 0.0000 -0.0000 -3.7847 18.1666 2.4213 0.0000 -0.0000 0.0000 87.2792 3.6761 21.8786 -14.4008 23.3048 -2.9849 0.0000 -0.0000 -7.7740 -9.7805 -30.7760 5.0407 7.1250 -0.0000 -0.0000 24.7210 -59.3814 -9.0220
5.2489 16.9073 0.1266 154.7470 -82.9441 -151.9300 0.0000 0.0000 0.0000 -21.1927 2.0289 -8.2243 1.9964 8.8587 25.3542 1.3054 6.4207 -24.7703 0.2576 3.2655 9.0188 0.0000 0.0000 0.0000 7.1069 -0.0402 4.9680 0.0000 -0.0000 0.0000 1.1420 -19.2857 -13.1384 -0.0223 0.9647 -2.6518 -4.8353 0.8562 -3.3173 -0.3096 1.3996 2.8468 2.4904 0.5270 4.7063 -0.7967 4.4146 -21.3061 -1.0667 6.2416 40.7590 0.8246 1.6318 19.2605 -0.0000 -0.0000 0.0000 -89.5811 -5.9714 26.1545 11.2771 -18.7117 -1.8638 -0.0000 0.0000 -2.5780 21.6031 -11.8803 -4.6605 -7.1250 0.0000 -0.0000 -3.8924 17.2486 2.5692 -0.0000 -0.0000 0.0000 87.0147 4.2239 22.1060 -14.5558 23.5237 -3.0464 0.0000 -0.0000 -7.6827 -9.5404 -30.5626 4.8846 7.1250 -0.0000 -0.0000 24.7920 -59.1353 -8.9022
5.2983 16.9221 -0.0400 153.0610 -83.6576 -150.2270 0.0000 0.0000 0.0000 -20.3295 1.4131 -8.1381 1.9485 8.7580 25.0412 1.2780 6.2482 -24.4464 0.2932 3.4819 9.6235 0.0000 0.0000 0.0000 7.9225 -0.7023 4.7600 0.0000 0.0000 -0.0000 1.1425 -19.2723 -13.0691 -0.0183 0.8734 -2.4005 -4.7482 0.9205 -2.5413 -0.2741 1.4308 2.7375 2.4628 0.5605 4.1488 -0.7872 4.4967 -20.8392 -0.3865 5.9637 41.7346 1.0815 1.5681 19.7036 0.0000 0.0000 0.0000 -89.6597 -5.7489 27.3368 11.4717 -19.0077 -1.9268 -0.0000 0.0000 -3.4256 21.6719 -11.3842 -4.4850 -7.1250 0.0000 -0.0000 -3.8273 17.7712 2.4821 0.0000 0.0000 0.0000 86.9517 4.0893 21.3727 -14.3924 23.2928 -2.9815 0.0000 -0.0000 -7.0644 -9.5400 -30.5462 4.8820 7.1250 -0.0000 -0.0000 24.7790 -59.1204 -8.8882
5.3312 16.9207 -0.2009 143.9030 -84.2370 -141.0660 0.0000 0.0000 0.0000 -20.3001 0.9387 -7.8369 1.8606 8.5695 24.4576 1.1892 6.2483 -23.7352 0.2515 3.2268 8.9107 0.0000 0.0000 0.0000 7.9545 -1.0597 2.6551 -0.0438 -1.3510 3.7152 0.9070 -18.1721 -14.8242 -0.0124 0.7183 -1.9741 -5.1826 0.7663 -2.3026 -0.3388 1.2331 2.9328 2.6249 0.4421 4.2272 -0.7313 4.6459 -20.7508 -0.2098 6.0276 42.5529 1.1759 1.5749 20.2098 -0.0000 0.0000 0.0000 -89.8274 -5.8385 28.3240 11.7154 -19.3764 -2.0069 -0.0000 0.0000 -4.2002 21.2812 -11.3583 -4.3866 -7.1250 0.0000 -0.0000 -4.1005 17.8329 2.6546 -0.0000 0.0000 0.0000 86.6040 4.1986 21.3745 -14.2784 23.1312 -2.9366 0.0000 -0.0000 -6.6740 -9.8914 -30.2887 5.0260 7.1250 -0.0000 -0.0000 24.2136 -58.9675 -8.5802
5.3492 16.9345 -0.3556 137.6610 -85.0854 -134.9330 0.0000 0.0000 0.0000 -19.6139 0.5660 -7.7334 1.8564 8.5604 24.4297 1.1245 6.1481 -23.1370 0.1556 2.5417 7.0054 0.0000 0.0000 0.0000 8.5619 -1.8064 1.8674 -0.0868 -1.9006 5.2309 0.8109 -17.7801 -15.5956 -0.0064 0.5169 -1.4203 -4.8254 0.6526 -1.5826 -0.2739 1.0166 2.6617 2.4673 0.3673 3.5572 -0.3922 4.8956 -19.8229 -0.1128 6.0728 43.5652 1.1494 1.5945 20.6412 0.0000 -0.0000 0.0000 -90.0753 -4.7872 28.9493 12.0492 -19.8783 -2.1190 -0.0000 0.0000 -4.7918 21.1661 -11.5917 -4.4487 -7.1250 0.0000 -0.0000 -4.1883 17.5948 2.7337 0.0000 -0.0000 0.0000 86.4256 3.4839 21.0587 -14.1374 22.9308 -2.8814 0.0000 -0.0000 -6.3826 -9.9090 -31.1528 5.1639 7.1250 -0.0000 -0.0000 24.9028 -59.7490 -9.3147
5.4211 16.9486 -0.5342 136.6130 -85.5844 -133.7860 0.0000 0.0000 0.0000 -18.5473 0.5442 -8.1498 1.8166 8.4731 24.1605 1.0216 6.0985 -22.2244 0.1159 2.1947 6.0440 0.0000 0.0000 0.0000 9.6508 -1.6365 0.1268 -0.1838 -2.7614 7.6150 0.5925 -16.6548 -16.6302 -0.0151 0.7941 -2.1825 -4.7337 0.7565 -1.1786 -0.0593 1.1261 2.9214 2.6380 0.4143 3.5869 -0.4469 4.9036 -20.0145 0.4494 5.7977 44.2274 1.4004 1.5224 21.1322 -0.0000 0.0000 0.0000 -90.3002 -5.4118 29.5879 12.0696 -19.9090 -2.1259 -0.0000 0.0000 -5.2979 20.9660 -11.1821 -4.2498 -7.1250 0.0000 -0.0000 -4.3168 18.0471 2.7750 -0.0000 0.0000 0.0000 86.3137 4.0878 20.5269 -13.9464 22.6581 -2.8074 0.0000 -0.0000 -5.9985 -9.9207 -30.8181 5.1202 7.1250 -0.0000 -0.0000 24.6120 -59.4510 -9.0206
5.4774 16.9440 -0.6950 136.2250 -86.3732 -133.4180 0.0000 0.0000 0.0000 -17.3555 -0.0367 -8.2924 1.8245 8.4905 24.2140 0.9316 6.5705 -21.7498 0.0515 1.4649 4.0288 0.0000 0.0000 0.0000 10.8747 -1.9504 -0.5451 -0.2316 -3.0975 8.5504 0.4938 -16.2486 -17.2936 -0.0013 0.2308 -0.6340 -4.2347 0.7415 -0.8448 0.2529 1.0669 3.1337 2.6751 0.3888 3.6241 -0.3110 5.0444 -19.5727 0.5929 5.8098 44.7070 1.4451 1.5421 21.3442 -0.0000 -0.0000 0.0000 -90.4852 -5.4461 30.0965 12.2503 -20.1789 -2.1879 -0.0000 0.0000 -5.5261 21.1174 -11.8722 -4.5430 -7.1250 0.0000 -0.0000 -4.2312 17.3011 2.7891 -0.0000 -0.0000 0.0000 85.9774 4.2822 20.7673 -14.0236 22.7685 -2.8372 0.0000 -0.0000 -6.1244 -10.1812 -30.3282 5.1817 7.1250 -0.0000 -0.0000 23.9487 -59.0682 -8.5378
5.5322 16.9622 -0.8449 128.9380 -86.5555 -126.0640 0.0000 0.0000 0.0000 -16.9546 -0.3455 -8.1758 1.7086 8.2308 23.4172 0.8172 6.9150 -20.9452 0.0344 1.1971 3.2912 0.0000 0.0000 0.0000 11.2549 -2.2126 -1.8404 -0.3315 -3.7003 10.2350 0.3600 -15.5837 -17.9326 -0.0000 0.0153 -0.0421 -4.2334 0.7821 -0.4365 0.2433 1.0998 3.1522 2.6589 0.4091 3.4097 -0.1198 5.1545 -19.2353 0.8815 5.6608 45.3838 1.5273 1.5160 21.7413 -0.0000 -0.0000 0.0000 -90.3342 -5.3876 30.3223 12.2765 -20.2180 -2.1969 -0.0000 0.0000 -5.6155 20.9106 -11.9817 -4.5351 -7.1250 0.0000 -0.0000 -4.3789 17.2036 2.8964 -0.0000 -0.0000 0.0000 85.9911 4.3271 20.8001 -14.1761 22.9859 -2.8965 0.0000 -0.0000 -6.5745 -9.9083 -30.5583 5.0751 7.1250 -0.0000 -0.0000 24.4127 -59.2145 -8.8023
5.5582 16.9586 -0.9871 119.6640 -86.7978 -116.9800 0.0000 0.0000 0.0000 -16.5638 -0.7594 -7.4773 1.5822 7.9355 22.5183 0.7283 7.3074 -20.3913 0.0211 0.9375 2.5769 0.0000 0.0000 0.0000 11.6526 -2.9551 -2.2309 -0.3788 -3.9530 10.9445 0.2587 -15.0288 -18.3234 -0.0025 -0.3206 0.8810 -4.2760 0.6144 -0.4804 0.4042 0.8749 3.5090 2.8455 0.2748 3.8204 -0.2695 5.1629 -18.9723 0.9625 5.6588 45.5007 1.5885 1.4944 21.7311 0.0000 -0.0000 0.0000 -90.4375 -5.7004 29.8613 12.1768 -20.0692 -2.1626 -0.0000 0.0000 -5.4572 21.1041 -11.9704 -4.5767 -7.1250 0.0000 -0.0000 -4.2436 17.1983 2.8069 0.0000 -0.0000 0.0000 85.8372 4.5123 21.2709 -14.3555 23.2406 -2.9669 0.0000 -0.0000 -6.7633 -9.9396 -30.6040 5.0982 7.1250 -0.0000 -0.0000 24.4178 -59.2627 -8.8328
5.6102 16.9687 -1.1225 113.1510 -86.7869 -110.1800 0.0000 0.0000 0.0000 -16.3026 -1.2676 -7.3205 1.4605 7.6382 21.6203 0.6601 7.7831 -20.1018 0.0135 0.7501 2.0614 0.0000 0.0000 0.0000 12.0373 -2.8849 -3.0955 -0.4299 -4.2078 11.6620 0.2239 -14.9498 -18.6415 -0.0038 -0.3985 1.0951 -4.2611 0.6674 -0.1447 0.4301 0.9275 3.3079 2.8592 0.3151 3.4167 -0.2089 5.1421 -18.7513 1.0807 5.4970 45.7531 1.6009 1.4474 21.8534 -0.0000 0.0000 0.0000 -90.3786 -5.4415 29.5864 12.2252 -20.1416 -2.1792 -0.0000 0.0000 -5.2789 20.8100 -11.5304 -4.3444 -7.1250 0.0000 -0.0000 -4.4358 17.6908 2.8868 -0.0000 0.0000 0.0000 85.8451 4.3663 21.2506 -14.4016 23.3059 -2.9852 0.0000 -0.0000 -6.7804 -9.9164 -30.7110 5.1020 7.1250 -0.0000 -0.0000 24.5286 -59.3538 -8.9300
5.6240 16.9776 -1.2469 101.0630 -86.6015 -98.2083 0.0000 0.0000 0.0000 -16.3399 -1.8969 -6.4785 1.3212 7.2799 20.5472 0.5671 8.4078 -19.6932 0.0027 0.3383 0.9294 0.0000 0.0000 0.0000 12.0336 -3.6189 -3.1004 -0.4227 -4.1729 11.5637 0.1920 -14.7201 -18.6745 -0.0052 -0.4651 1.2780 -4.4217 0.5081 -0.2845 0.3966 0.7267 3.4029 2.9112 0.2040 3.6103 -0.1017 5.1810 -18.4250 1.2493 5.3882 45.8735 1.6370 1.4435 21.8376 0.0000 -0.0000 0.0000 -90.2345 -5.4044 29.6794 12.1747 -20.0661 -2.1618 -0.0000 0.0000 -5.6861 20.7599 -11.6464 -4.3759 -7.1250 0.0000 -0.0000 -4.4742 17.5722 2.9236 0.0000 -0.0000 0.0000 85.9252 4.2277 21.2328 -14.5015 23.4472 -3.0248 0.0000 -0.0000 -6.5953 -10.2003 -30.4762 5.2143 7.1250 -0.0000 -0.0000 24.0476 -59.2064 -8.6562
5.6360 16.9905 -1.3543 93.0414 -86.4048 -90.2482 0.0000 0.0000 0.0000 -16.3133 -2.5229 -5.5540 1.1702 6.8666 19.3208 0.4931 9.0661 -19.5262 0.0012 0.2275 0.6250 0.0000 0.0000 0.0000 12.1246 -4.1960 -3.4197 -0.4601 -4.3512 12.0668 0.1127 -14.2479 -18.9242 -0.0125 -0.7220 1.9843 -4.3996 0.4416 -0.5728 0.4160 0.6525 3.5355 2.9204 0.1573 3.9179 0.0118 5.1813 -18.2982 1.1317 5.3846 45.9353 1.5514 1.4459 21.8598 0.0000 -0.0000 0.0000 -90.3312 -5.4500 29.6254 12.1512 -20.0309 -2.1538 -0.0000 0.0000 -5.2469 20.8130 -12.1271 -4.5658 -7.1250 0.0000 -0.0000 -4.4515 17.0583 2.9589 0.0000 -0.0000 0.0000 85.7759 4.3182 21.0651 -14.3605 23.2477 -2.9689 0.0000 -0.0000 -6.7372 -9.7139 -31.1601 5.0618 7.1250 -0.0000 -0.0000 25.1091 -59.7105 -9.3746
5.6558 16.9958 -1.4422 85.8181 -86.7079 -82.9685 0.0000 0.0000 0.0000 -15.7024 -3.3983 -5.1202 1.1067 6.6839 18.7821 0.4464 9.6356 -19.5880 0.0007 0.1660 0.4560 0.0000 0.0000 0.0000 12.8014 -4.7417 -3.5704 -0.4474 -4.2913 11.8977 0.0941 -14.0955 -18.9229 -0.0179 -0.8634 2.3731 -3.8137 0.3445 -1.0396 0.6676 0.5196 3.7365 2.8523 0.0915 4.4037 -0.0683 5.2098 -19.0658 1.1104 5.5156 46.0269 1.6543 1.4488 22.5618 0.0000 -0.0000 0.0000 -90.6961 -5.8028 29.5301 12.2463 -20.1731 -2.1865 -0.0000 0.0000 -5.6890 20.0873 -12.1255 -4.3926 -7.1250 0.0000 -0.0000 -4.9568 17.1246 3.2900 0.0000 -0.0000 0.0000 85.5430 4.7143 20.4339 -14.2051 23.0272 -2.9079 0.0000 -0.0000 -6.2738 -9.8414 -31.0786 5.1172 7.1250 -0.0000 -0.0000 24.9099 -59.6668 -9.2682
5.7011 16.9916 -1.5270 82.5585 -86.7382 -79.8128 0.0000 0.0000 0.0000 -15.3167 -3.3366 -5.2143 1.1010 6.6673 18.7335 0.3970 9.7086 -19.1249 0.0021 -0.2987 -0.8207 0.0000 0.0000 0.0000 13.2211 -4.6140 -3.6283 -0.4546 -4.3253 11.9936 0.1065 -14.2740 -19.0397 -0.0286 -1.0920 3.0021 -3.5724 0.3625 -0.3428 0.7093 0.5084 3.2416 2.7503 0.1228 3.4941 0.2623 5.3393 -18.3825 1.1695 5.4716 46.2917 1.5897 1.4840 22.5508 -0.0000 -0.0000 0.0000 -90.6543 -4.8343 30.3742 12.5920 -20.6865 -2.3072 -0.0000 0.0000 -6.4241 20.4553 -11.7878 -4.3574 -7.1250 0.0000 -0.0000 -4.6910 17.4490 3.0789 -0.0000 -0.0000 0.0000 85.5283 4.0227 20.1348 -14.1119 22.8945 -2.8715 0.0000 -0.0000 -5.7911 -10.2103 -29.7772 5.1115 7.1250 -0.0000 -0.0000 23.4884 -58.5748 -8.0807
5.7371 16.9884 -1.5949 79.1642 -86.3920 -76.6325 0.0000 0.0000 0.0000 -15.4358 -3.8272 -4.6809 1.0384 6.4810 18.1867 0.3391 10.1683 -18.9668 0.0013 -0.2335 -0.6416 0.0000 0.0000 0.0000 13.1452 -4.7036 -3.9298 -0.5129 -4.5903 12.7436 0.0562 -14.1162 -19.4079 -0.0341 -1.1918 3.2766 -3.7159 0.3015 -0.4161 0.7785 0.4299 3.4400 2.9015 0.0683 3.7471 0.2752 5.3060 -18.3108 1.0387 5.4811 46.2156 1.5151 1.4816 22.4663 0.0000 0.0000 0.0000 -90.9217 -5.3053 30.6965 12.5524 -20.6279 -2.2932 -0.0000 0.0000 -7.1331 20.1888 -12.0052 -4.3737 -7.1250 0.0000 -0.0000 -4.8829 17.2424 3.2279 0.0000 0.0000 0.0000 85.3037 4.4185 19.8025 -13.8807 22.5639 -2.7822 0.0000 -0.0000 -5.7730 -9.8323 -30.1592 4.9763 7.1250 -0.0000 -0.0000 24.1711 -58.8373 -8.4876
5.7664 16.9802 -1.6528 77.9041 -86.1847 -75.5311 0.0000 0.0000 0.0000 -15.4215 -3.7753 -4.4701 0.9954 6.3493 17.8015 0.2913 10.3078 -18.5749 0.0025 -0.3226 -0.8864 0.0000 0.0000 0.0000 13.1095 -5.1478 -4.4924 -0.5761 -4.8605 13.5112 -0.0171 -13.5342 -19.4367 -0.0394 -1.2811 3.5227 -3.7038 0.2961 -0.1874 0.8386 0.4119 3.2887 2.9538 0.0680 3.4615 0.6416 5.4245 -17.9499 0.7494 5.6333 46.2634 1.3119 1.5660 22.4166 0.0000 0.0000 0.0000 -91.0990 -4.8197 30.9221 12.9448 -21.2063 -2.4333 -0.0000 0.0000 -7.4260 19.9606 -12.8133 -4.6051 -7.1250 0.0000 -0.0000 -5.0640 16.4116 3.4405 0.0000 0.0000 0.0000 85.2233 4.0310 19.8131 -14.2359 23.0710 -2.9199 0.0000 -0.0000 -6.0006 -10.4300 -31.2288 5.4515 7.1250 -0.0000 -0.0000 24.4301 -59.9377 -9.2358
5.7931 16.9886 -1.7064 71.6497 -86.3540 -69.4286 0.0000 0.0000 0.0000 -14.9180 -4.0304 -4.4387 0.9943 6.3460 17.7918 0.2715 10.3737 -18.4187 0.0089 -0.6091 -1.6738 0.0000 0.0000 0.0000 13.6344 -5.1277 -4.4145 -0.5837 -4.8919 13.6006 -0.0024 -13.8047 -19.6446 -0.0474 -1.4045 3.8625 -3.2746 0.2575 -0.6245 0.9489 0.3613 3.5545 2.8295 0.0379 3.9894 0.6537 5.3416 -18.1693 1.0592 5.3599 46.2157 1.4233 1.5167 22.4397 0.0000 0.0000 0.0000 -91.0383 -5.2761 31.2355 12.9964 -21.2819 -2.4520 -0.0000 0.0000 -7.6411 19.5219 -12.0717 -4.2406 -7.1250 0.0000 -0.0000 -5.3494 17.2301 3.5403 0.0000 0.0000 0.0000 85.3670 4.4720 19.5695 -14.1313 22.9221 -2.8791 0.0000 -0.0000 -5.9945 -9.9071 -31.4686 5.2096 7.1250 -0.0000 -0.0000 25.1731 -60.0312 -9.5950
5.8234 16.9830 -1.7474 68.2095 -86.2367 -66.1933 0.0000 0.0000 0.0000 -14.8063 -4.2458 -4.3114 0.9923 6.3399 17.7740 0.2522 10.4445 -18.2721 0.0104 -0.6588 -1.8105 0.0000 0.0000 0.0000 13.7446 -5.1105 -4.3577 -0.6017 -4.9654 13.8100 -0.0381 -13.8034 -20.0483 -0.0703 -1.7101 4.7051 -3.2587 0.1860 -0.7231 1.1675 0.2586 3.7010 3.0444 -0.0246 4.2053 0.5877 5.4161 -18.3444 1.0721 5.5221 46.2482 1.4910 1.5670 22.5283 -0.0000 -0.0000 0.0000 -91.3096 -5.4282 30.9821 13.0865 -21.4139 -2.4848 -0.0000 0.0000 -7.6322 19.4471 -12.2384 -4.2804 -7.1250 0.0000 -0.0000 -5.4052 17.0614 3.5976 -0.0000 -0.0000 0.0000 85.1952 4.6252 19.4915 -14.0930 22.8675 -2.8642 0.0000 -0.0000 -5.9998 -9.8960 -30.7176 5.0924 7.1250 -0.0000 -0.0000 24.5549 -59.3550 -8.9411
5.8522 16.9716 -1.7713 63.6988 -86.1657 -61.6975 0.0000 0.0000 0.0000 -14.6439 -4.2790 -4.4342 0.9875 6.3249 17.7300 0.2453 10.2821 -18.0030 0.0110 -0.6759 -1.8575 0.0000 0.0000 0.0000 13.8824 -5.4283 -4.9417 -0.6610 -5.2000 14.4799 -0.0760 -13.5952 -20.1878 -0.0691 -1.6963 4.6671 -2.7397 0.2082 -0.5455 1.1526 0.2732 3.3953 2.7346 0.0145 3.7849 0.6261 5.4049 -18.0985 1.2517 5.3635 46.4597 1.5388 1.5271 22.6130 0.0000 0.0000 0.0000 -91.2046 -4.8785 31.4050 13.1002 -21.4339 -2.4898 -0.0000 0.0000 -7.4488 19.9340 -12.4796 -4.4811 -7.1250 0.0000 -0.0000 -5.0729 16.7652 3.4075 0.0000 0.0000 0.0000 85.4129 3.9648 19.2039 -14.1606 22.9639 -2.8905 0.0000 -0.0000 -6.0143 -9.9164 -30.3836 5.0531 7.1250 -0.0000 -0.0000 24.2638 -59.0588 -8.6531
5.8937 16.9669 -1.8021 64.9085 -85.9153 -63.2002 0.0000 0.0000 0.0000 -14.8155 -4.1778 -4.2429 0.9647 6.2535 17.5217 0.2237 10.3457 -17.8141 0.0063 -0.5119 -1.4067 0.0000 0.0000 0.0000 13.6975 -5.2814 -5.0679 -0.7166 -5.4098 15.0811 -0.1055 -13.5327 -20.4275 -0.0604 -1.5852 4.3605 -3.0119 0.2037 -0.2107 1.2814 0.2591 3.3836 3.0187 -0.0002 3.5839 0.5316 5.3279 -17.4741 1.1955 5.3299 46.1497 1.4618 1.5364 21.7869 0.0000 -0.0000 0.0000 -91.4575 -4.7898 31.3819 13.0510 -21.3619 -2.4718 -0.0000 0.0000 -7.8184 20.3892 -12.0756 -4.4462 -7.1250 0.0000 -0.0000 -4.7451 17.1506 3.1457 0.0000 -0.0000 0.0000 85.3777 3.8154 19.1387 -14.1636 22.9680 -2.8916 0.0000 -0.0000 -5.8801 -10.1301 -30.2832 5.1483 7.1250 -0.0000 -0.0000 23.9653 -59.0159 -8.5138
5.9132 16.9660 -1.8153 60.6407 -85.9977 -59.1315 0.0000 0.0000 0.0000 -14.5347 -4.0828 -4.1918 0.9651 6.2550 17.5262 0.2197 10.2010 -17.5964 0.0129 -0.7347 -2.0190 0.0000 0.0000 0.0000 13.9866 -5.4155 -4.6297 -0.6734 -5.2473 14.6154 -0.0716 -13.7736 -20.3786 -0.0593 -1.5715 4.3228 -2.6007 0.1488 -0.3327 1.4607 0.1695 3.5481 2.9711 -0.0437 3.8300 0.5181 5.2400 -17.7222 0.8594 5.4166 45.8643 1.3118 1.5422 21.6670 0.0000 0.0000 0.0000 -91.5670 -5.0308 31.2668 12.9297 -21.1842 -2.4278 -0.0000 0.0000 -7.9916 20.4130 -12.2352 -4.5095 -7.1250 0.0000 -0.0000 -4.7332 16.9800 3.1555 0.0000 0.0000 0.0000 85.2116 4.0025 19.1117 -14.1192 22.9049 -2.8743 0.0000 -0.0000 -5.6289 -9.7480 -30.1749 4.9353 7.1250 -0.0000 -0.0000 24.2694 -58.8327 -8.5221
5.9117 16.9756 -1.8177 61.9920 -85.7241 -60.5255 0.0000 0.0000 0.0000 -14.8830 -4.1333 -3.9078 0.9329 6.1525 17.2276 0.2162 10.3051 -17.6740 0.0056 -0.4846 -1.3316 0.0000 0.0000 0.0000 13.6645 -5.4951 -4.2358 -0.6224 -5.0488 14.0477 -0.0468 -13.9057 -20.2849 -0.0457 -1.3804 3.7962 -2.8008 0.1337 -0.5621 1.4787 0.1634 3.4045 3.1029 -0.0492 3.8116 0.0975 4.8842 -17.6521 1.0659 4.9393 45.5727 1.3804 1.3346 21.3897 0.0000 0.0000 0.0000 -91.6608 -4.2156 31.0156 13.2098 -21.5939 -2.5300 -0.0000 0.0000 -7.7297 19.3655 -11.7089 -4.0799 -7.1250 0.0000 -0.0000 -5.4511 17.6238 3.5611 0.0000 0.0000 0.0000 85.0945 3.9142 18.7140 -13.7813 22.4212 -2.7441 0.0000 -0.0000 -5.4458 -9.8329 -29.4222 4.8666 7.1250 -0.0000 -0.0000 23.6019 -58.1696 -7.8897
5.9385 16.9825 -1.7984 64.5896 -85.4511 -63.1151 0.0000 0.0000 0.0000 -15.3389 -4.2214 -3.7478 0.8948 6.0291 16.8689 0.2022 10.5017 -17.7340 0.0054 -0.4752 -1.3058 0.0000 0.0000 0.0000 13.2407 -5.2599 -3.9286 -0.5800 -4.8768 13.5576 -0.0118 -14.0982 -20.1620 -0.0541 -1.5003 4.1266 -2.9901 0.0819 -0.9875 1.3877 0.1108 3.7065 3.1167 -0.0963 4.3722 0.0307 4.4291 -18.0469 0.4549 4.6408 44.7065 1.0122 1.1792 20.9091 0.0000 -0.0000 0.0000 -91.7902 -4.6545 30.4827 12.9945 -21.2792 -2.4513 -0.0000 0.0000 -7.1626 19.2290 -11.7270 -4.0552 -7.1250 0.0000 -0.0000 -5.5469 17.6159 3.6252 0.0000 -0.0000 0.0000 85.1384 4.3838 18.3692 -13.8760 22.5572 -2.7804 0.0000 -0.0000 -5.2093 -9.4422 -30.4709 4.8206 7.1250 -0.0000 -0.0000 24.8177 -59.0309 -8.8493
5.9436 16.9884 -1.7496 64.1407 -85.4603 -62.5740 0.0000 0.0000 0.0000 -15.4585 -3.8870 -4.0200 0.9040 6.0592 16.9564 0.2193 10.2480 -17.6452 0.0047 -0.4438 -1.2194 0.0000 0.0000 0.0000 13.0607 -5.5168 -3.7198 -0.5262 -4.6487 12.9093 0.0007 -14.0502 -19.9541 -0.0408 -1.3032 3.5834 -2.7819 -0.0131 -1.2041 1.3659 -0.0151 3.6610 2.9712 -0.1512 4.4564 -0.3787 3.9796 -17.9640 0.3554 4.2364 43.6887 0.9381 0.9990 20.1561 -0.0000 -0.0000 0.0000 -91.7858 -4.3588 31.1211 13.0122 -21.3051 -2.4577 -0.0000 0.0000 -7.7505 19.6587 -11.8401 -4.1922 -7.1250 0.0000 -0.0000 -5.2488 17.4616 3.4465 -0.0000 -0.0000 0.0000 85.0139 4.3994 18.1404 -13.7187 22.3311 -2.7203 0.0000 -0.0000 -5.0753 -9.5550 -30.5176 4.8857 7.1250 -0.0000 -0.0000 24.7405 -59.0982 -8.8600
5.9631 16.9913 -1.6820 69.4781 -85.9673 -67.9680 0.0000 0.0000 0.0000 -15.3315 -3.5318 -4.1592 0.9294 6.1414 17.1951 0.2483 10.1722 -17.9127 0.0001 -0.0517 -0.1420 0.0000 0.0000 0.0000 13.1857 -4.8669 -3.1881 -0.4707 -4.4003 12.2056 0.0754 -14.4156 -19.6217 -0.0351 -1.2090 3.3241 -2.4725 0.0358 -0.9036 1.4585 0.0297 3.5350 2.8936 -0.1131 4.1497 -0.6920 3.5077 -17.5158 -0.0301 3.9153 42.0748 0.7223 0.8534 18.9767 0.0000 -0.0000 0.0000 -92.0293 -3.6986 30.9373 13.0866 -21.4140 -2.4848 -0.0000 0.0000 -7.7811 19.8315 -12.0291 -4.2983 -7.1250 0.0000 -0.0000 -5.1326 17.2484 3.3936 0.0000 -0.0000 0.0000 84.7603 4.1577 18.4300 -13.8189 22.4753 -2.7585 0.0000 -0.0000 -5.5421 -9.4657 -31.4843 4.9765 7.1250 -0.0000 -0.0000 25.6403 -59.9425 -9.7325
5.9637 16.9826 -1.5864 78.4223 -85.9212 -77.0097 0.0000 0.0000 0.0000 -15.9227 -2.9374 -4.1500 0.9370 6.1657 17.2659 0.2796 10.0033 -18.0969 0.0008 0.1785 0.4903 0.0000 0.0000 0.0000 12.5060 -4.8755 -3.2900 -0.4866 -4.4728 12.4107 0.0082 -13.7889 -19.4992 -0.0423 -1.3279 3.6514 -2.6658 0.0590 -1.0096 1.3772 0.0701 3.6780 2.9211 -0.1044 4.3568 -1.0123 3.1857 -18.0001 -0.2301 3.7534 41.0583 0.6626 0.7644 18.4848 0.0000 0.0000 0.0000 -92.1276 -3.8391 31.0048 13.0467 -21.3556 -2.4703 -0.0000 0.0000 -7.3124 19.4932 -11.4779 -4.0292 -7.1250 0.0000 -0.0000 -5.3574 17.8559 3.4719 0.0000 0.0000 0.0000 84.6419 4.3986 18.0614 -13.7959 22.4421 -2.7497 0.0000 -0.0000 -5.2677 -9.9965 -30.2905 5.0805 7.1250 -0.0000 -0.0000 24.1077 -58.9927 -8.5546
5.9757 16.9778 -1.4831 85.5284 -86.5989 -83.8449 0.0000 0.0000 0.0000 -15.5768 -2.6156 -5.0632 1.0546 6.5298 18.3295 0.3686 9.4948 -18.5856 0.0013 0.2324 0.6385 0.0000 0.0000 0.0000 12.8405 -4.2827 -3.2527 -0.4429 -4.2699 11.8373 0.1335 -14.3272 -18.7897 -0.0179 -0.8644 2.3757 -2.2624 -0.0433 -1.2004 1.4935 -0.0772 3.4804 2.8072 -0.1604 4.2678 -1.2037 2.9186 -17.6002 -0.2382 3.5146 39.4579 0.6400 0.7166 17.4448 -0.0000 -0.0000 0.0000 -91.9395 -3.7026 31.3478 13.0601 -21.3752 -2.4752 -0.0000 0.0000 -7.4039 20.4637 -11.4333 -4.2305 -7.1250 0.0000 -0.0000 -4.6760 17.8231 3.0305 -0.0000 -0.0000 0.0000 84.6191 4.2508 18.3982 -13.8283 22.4887 -2.7621 0.0000 -0.0000 -5.4541 -9.8071 -30.4725 5.0097 7.1250 -0.0000 -0.0000 24.4469 -59.1143 -8.7563
5.9624 16.9712 -1.3740 98.0358 -86.1141 -96.7920 0.0000 0.0000 0.0000 -16.4927 -1.8762 -4.8446 1.1025 6.6718 18.7467 0.4172 9.2976 -18.9300 0.0030 0.3555 0.9767 0.0000 0.0000 0.0000 11.8424 -4.2903 -2.8576 -0.4393 -4.2530 11.7896 0.1016 -13.8185 -18.4120 -0.0074 -0.5545 1.5238 -2.9227 0.0282 -0.7437 1.2364 0.0397 3.3835 2.9162 -0.1112 3.9018 -1.2770 2.6509 -17.1789 -0.2365 3.1992 38.1315 0.5877 0.6379 16.6166 0.0000 0.0000 0.0000 -91.6669 -3.5925 31.1819 12.9309 -21.1860 -2.4283 -0.0000 0.0000 -7.0348 20.9834 -11.5759 -4.4009 -7.1250 0.0000 -0.0000 -4.3157 17.6276 2.8142 0.0000 0.0000 0.0000 84.9564 3.9152 18.0983 -13.7611 22.3922 -2.7364 0.0000 -0.0000 -5.3079 -9.6512 -30.5007 4.9331 7.1250 -0.0000 -0.0000 24.6287 -59.1046 -8.8206
5.9389 16.9644 -1.2657 111.4450 -86.3738 -110.3560 0.0000 0.0000 0.0000 -16.3319 -1.1226 -5.1812 1.1954 6.9374 19.5301 0.4700 9.1053 -19.3171 0.0022 0.3017 0.8288 0.0000 0.0000 0.0000 11.9832 -3.6356 -1.9615 -0.3701 -3.9078 10.8174 0.2056 -14.3534 -17.9055 -0.0035 -0.3840 1.0551 -2.7651 0.0246 -0.6690 1.2476 0.0315 3.1410 2.8377 -0.1003 3.6075 -1.5271 2.5486 -17.2618 -0.1485 3.1405 37.5947 0.6605 0.6114 16.3484 0.0000 -0.0000 0.0000 -91.5080 -3.2411 30.3554 12.9725 -21.2470 -2.4433 -0.0000 0.0000 -6.5866 20.8681 -11.5030 -4.3475 -7.1250 0.0000 -0.0000 -4.3944 17.7148 2.8574 0.0000 -0.0000 0.0000 85.3187 3.2696 18.3245 -13.7450 22.3690 -2.7303 0.0000 -0.0000 -5.4465 -9.8428 -30.4457 5.0243 7.1250 -0.0000 -0.0000 24.3888 -59.0981 -8.7243
5.9077 16.9554 -1.1538 120.7180 -85.7412 -119.9020 0.0000 0.0000 0.0000 -17.0424 -0.7470 -5.0741 1.2643 7.1274 20.0935 0.5608 8.9762 -20.1475 0.0176 0.8560 2.3528 0.0000 0.0000 0.0000 11.2001 -3.3159 -1.3693 -0.3438 -3.7677 10.4241 0.2176 -14.1618 -17.4280 -0.0076 -0.5622 1.5449 -3.2663 0.1488 -0.7999 0.9840 0.2230 3.2707 2.8555 -0.0214 3.8037 -1.5632 2.3870 -17.6535 -0.2250 3.0258 36.8178 0.6198 0.5866 16.0493 -0.0000 0.0000 0.0000 -91.1470 -3.9126 30.4738 12.6881 -20.8286 -2.3412 -0.0000 0.0000 -6.5498 21.3282 -11.5983 -4.4885 -7.1250 0.0000 -0.0000 -4.0751 17.5736 2.6613 -0.0000 0.0000 0.0000 85.8360 3.3312 17.7842 -13.6946 22.2964 -2.7111 0.0000 -0.0000 -5.3304 -9.4939 -30.1719 4.8045 7.1250 -0.0000 -0.0000 24.5257 -58.7735 -8.5838
5.8654 16.9475 -1.0418 136.7300 -85.7733 -135.9500 0.0000 0.0000 0.0000 -16.5838 0.0256 -5.3126 1.3593 7.3799 20.8460 0.6751 8.5827 -20.9312 0.0194 0.9000 2.4738 0.0000 0.0000 0.0000 11.6034 -3.2224 -0.8375 -0.2946 -3.4901 9.6465 0.2242 -13.9213 -16.9326 -0.0036 -0.3896 1.0704 -2.7912 0.1291 -1.4850 1.0941 0.1964 3.4936 2.7058 -0.0364 4.4260 -1.8394 2.3646 -18.4444 -0.2175 3.1862 36.2788 0.7144 0.6440 15.9619 -0.0000 0.0000 0.0000 -91.1978 -4.3324 29.6414 12.6739 -20.8075 -2.3362 -0.0000 0.0000 -6.3074 21.4522 -11.3292 -4.4141 -7.1250 0.0000 -0.0000 -3.9796 17.8491 2.5745 -0.0000 0.0000 0.0000 86.0209 3.4936 18.2842 -13.6986 22.3022 -2.7127 0.0000 -0.0000 -5.3984 -9.2919 -30.5869 4.7591 7.1250 -0.0000 -0.0000 25.0650 -59.1012 -8.9874
5.8189 16.9389 -0.9303 141.5940 -84.9160 -141.0340 0.0000 0.0000 0.0000 -17.3097 0.5818 -4.9943 1.3868 7.4511 21.0588 0.7623 8.5281 -21.7124 0.0431 1.3398 3.6843 0.0000 0.0000 0.0000 10.8352 -3.0457 -0.4503 -0.2850 -3.4332 9.4874 0.1988 -13.5025 -16.5985 -0.0001 -0.0524 0.1440 -3.2884 0.2023 -1.4576 0.8460 0.3246 3.2496 2.7336 0.0261 4.1478 -1.9198 2.3080 -18.2580 -0.3116 3.1671 35.9507 0.6801 0.6208 15.7554 -0.0000 0.0000 0.0000 -91.0615 -4.1044 29.2391 12.5841 -20.6749 -2.3044 -0.0000 0.0000 -6.1348 21.1918 -11.0036 -4.2323 -7.1250 0.0000 -0.0000 -4.1531 18.2178 2.6535 -0.0000 0.0000 0.0000 86.3376 2.6903 18.4815 -13.9779 22.7031 -2.8196 0.0000 -0.0000 -5.5770 -9.2993 -31.2888 4.8608 7.1250 -0.0000 -0.0000 25.6430 -59.7299 -9.6022
5.7742 16.9257 -0.8180 143.9680 -84.0673 -143.6560 0.0000 0.0000 0.0000 -18.0944 1.3963 -4.9108 1.4403 7.5872 21.4672 0.8203 8.4025 -22.1400 0.0446 1.3624 3.7467 0.0000 0.0000 0.0000 10.0007 -2.3965 0.2103 -0.2752 -3.3742 9.3223 0.1688 -13.3245 -16.7379 -0.0033 -0.3695 1.0152 -3.9541 0.1563 -1.5553 0.6579 0.2981 3.2175 2.9121 -0.0051 4.1727 -2.2584 1.9938 -18.2207 -0.5291 2.9389 35.1005 0.6047 0.4830 15.3357 -0.0000 -0.0000 0.0000 -91.1599 -3.9854 28.7962 12.4108 -20.4178 -2.2435 -0.0000 0.0000 -5.8455 21.8738 -11.5826 -4.6084 -7.1250 0.0000 -0.0000 -3.6927 17.5415 2.4131 -0.0000 -0.0000 0.0000 86.3052 2.6556 19.0346 -13.8542 22.5259 -2.7720 0.0000 -0.0000 -6.0000 -9.6931 -30.3695 4.9356 7.1250 -0.0000 -0.0000 24.4804 -58.9960 -8.6989
5.7232 16.9244 -0.7081 149.5350 -83.2708 -149.2620 0.0000 0.0000 0.0000 -18.4457 2.0805 -4.8858 1.4740 7.6717 21.7214 0.8755 8.5084 -22.7177 0.0476 1.4079 3.8719 0.0000 0.0000 0.0000 9.6570 -1.4923 0.6151 -0.2600 -3.2806 9.0609 0.2202 -13.6215 -16.4840 -0.0022 0.3041 -0.8355 -4.2179 0.1793 -2.0911 0.5801 0.3676 3.3300 2.9877 0.0107 4.5898 -3.7540 0.9020 -19.0867 0.1373 1.6770 34.7690 0.9274 -0.1349 15.3716 -0.0000 0.0000 0.0000 -91.2931 -4.1037 28.4019 12.3498 -20.3272 -2.2223 -0.0000 0.0000 -5.8804 22.2064 -11.8068 -4.7747 -7.1250 0.0000 -0.0000 -3.4685 17.2713 2.2866 -0.0000 0.0000 0.0000 86.3169 2.8441 19.1546 -13.8131 22.4670 -2.7563 0.0000 -0.0000 -5.9023 -9.7756 -31.5238 5.1475 7.1250 -0.0000 -0.0000 25.3560 -60.0498 -9.6816
5.6779 16.9168 -0.6079 154.4000 -82.5418 -154.0620 0.0000 0.0000 0.0000 -18.5748 2.6283 -5.1328 1.5500 7.8581 22.2838 0.9741 8.2108 -23.3355 0.0843 1.8729 5.1545 0.0000 0.0000 0.0000 9.5830 -0.7712 1.2415 -0.2071 -2.9303 8.0846 0.3120 -14.0466 -15.8342 -0.0085 0.5965 -1.6391 -4.3985 0.2289 -2.4529 0.4250 0.4668 3.2876 2.9368 0.0544 4.7441 -4.6315 -0.1915 -18.8676 -0.2700 0.5720 33.2832 0.7129 -0.7111 14.6636 -0.0000 0.0000 0.0000 -91.1330 -3.8061 28.4259 12.4973 -20.5463 -2.2738 -0.0000 0.0000 -6.0287 22.0795 -10.6939 -4.3046 -7.1250 0.0000 -0.0000 -3.5180 18.4739 2.2262 -0.0000 0.0000 0.0000 86.5217 2.8449 18.7670 -13.7364 22.3566 -2.7270 0.0000 -0.0000 -5.5728 -9.4754 -31.2922 4.9545 7.1250 -0.0000 -0.0000 25.4656 -59.7734 -9.5571
5.6356 16.9167 -0.4947 155.8620 -81.7865 -155.4960 0.0000 0.0000 0.0000 -19.1863 2.9916 -5.1461 1.5698 7.9058 22.4282 1.0153 8.4600 -23.8731 0.0854 1.8854 5.1890 0.0000 0.0000 0.0000 9.0090 -0.2702 2.0781 -0.1426 -2.4333 6.7047 0.4211 -14.4844 -14.8675 -0.0081 0.5821 -1.5995 -4.8192 0.1803 -2.2618 0.2825 0.4136 3.0390 3.0194 0.0307 4.3802 -6.1140 -1.7372 -18.7309 -0.3580 -1.1330 32.2347 0.6381 -1.5953 14.2338 -0.0000 0.0000 0.0000 -91.2794 -3.4060 28.0906 12.3917 -20.3894 -2.2369 -0.0000 0.0000 -5.7916 19.5772 -10.4203 -3.6804 -7.1250 0.0000 -0.0000 -5.2817 18.9612 3.2929 -0.0000 0.0000 0.0000 86.4959 2.6637 19.0898 -13.7062 22.3131 -2.7156 0.0000 -0.0000 -5.8105 -9.7817 -30.6371 5.0209 7.1250 -0.0000 -0.0000 24.6061 -59.2567 -8.9026
5.5858 16.9266 -0.3731 156.3700 -81.2375 -155.6250 0.0000 0.0000 0.0000 -19.8968 3.0194 -5.2248 1.5341 7.8195 22.1671 1.0732 8.5930 -24.4492 0.1627 2.5987 7.1633 0.0000 0.0000 0.0000 8.3542 0.0960 2.3836 -0.1008 -2.0472 5.6360 0.5039 -14.8808 -14.2030 -0.0328 1.1699 -3.2164 -4.9762 0.1349 -3.0343 -0.0146 0.4176 3.0729 2.8047 0.0203 4.8572 -7.3837 -3.1603 -18.7656 0.0130 -2.8435 31.1066 0.7156 -2.3779 13.8487 0.0000 -0.0000 0.0000 -91.1133 -3.6861 27.7307 12.2128 -20.1230 -2.1750 -0.0000 0.0000 -5.4527 19.8218 -11.0582 -3.9550 -7.1250 0.0000 -0.0000 -5.1188 18.2712 3.2690 0.0000 -0.0000 0.0000 86.6773 3.0493 18.9002 -13.6000 22.1600 -2.6754 0.0000 -0.0000 -5.6592 -9.2060 -31.2303 4.8033 7.1250 -0.0000 -0.0000 25.6887 -59.6564 -9.5751
5.5332 16.9314 -0.2673 157.7250 -80.4414 -156.9010 0.0000 0.0000 0.0000 -20.4379 3.3465 -5.1686 1.5176 7.7792 22.0454 1.1046 8.7992 -24.8589 0.1788 2.7234 7.5097 0.0000 0.0000 0.0000 7.8881 0.4944 3.6194 -0.0404 -1.2980 3.5692 0.6162 -15.5162 -13.4734 -0.0434 1.3450 -3.6987 -5.4546 0.1633 -2.9366 -0.1151 0.4713 2.7237 2.9706 0.0520 4.4314 -8.0029 -3.9621 -18.6496 -0.0782 -3.7700 30.6246 0.6276 -2.8454 13.6793 0.0000 -0.0000 0.0000 -91.1933 -3.2554 27.1902 12.0000 -19.8046 -2.1023 -0.0000 0.0000 -5.1592 20.1918 -10.8999 -3.9781 -7.1250 0.0000 -0.0000 -4.8552 18.4089 3.0846 0.0000 -0.0000 0.0000 86.5519 2.2681 19.9220 -13.7680 22.4021 -2.7391 0.0000 -0.0000 -6.9149 -11.0051 -29.6288 5.4917 7.1250 -0.0000 -0.0000 22.5633 -58.6149 -7.7628
5.5185 16.9374 -0.1468 157.6710 -80.0066 -156.6870 0.0000 0.0000 0.0000 -21.1805 2.9758 -5.1658 1.4987 7.7329 21.9056 1.1139 9.3492 -25.3596 0.2153 2.9872 8.2432 0.0000 0.0000 0.0000 7.2475 0.5942 4.4201 -0.0093 -0.6226 1.7108 0.7258 -15.9985 -12.2619 -0.0755 1.7730 -4.8787 -5.7982 0.1567 -3.0941 -0.2918 0.4978 2.8458 2.9827 0.0467 4.6474 -8.6426 -4.6623 -18.8277 0.2649 -4.5944 29.6806 0.7361 -3.1809 13.3890 -0.0000 -0.0000 0.0000 -90.9853 -3.7411 27.4050 11.9126 -19.6735 -2.0728 -0.0000 0.0000 -4.9842 20.3587 -11.0020 -4.0508 -7.1250 0.0000 -0.0000 -4.7397 18.2877 3.0234 -0.0000 -0.0000 0.0000 86.6962 2.8187 19.1269 -13.7344 22.3537 -2.7263 0.0000 -0.0000 -5.7651 -9.9952 -29.8279 5.0098 7.1250 -0.0000 -0.0000 23.7465 -58.5736 -8.1754
5.4744 16.9357 -0.0176 159.0770 -79.5960 -157.6870 0.0000 0.0000 0.0000 -21.6473 2.9170 -5.5507 1.5169 7.7775 22.0404 1.1540 9.5235 -25.8060 0.2883 3.4528 9.5421 0.0000 0.0000 0.0000 6.7632 0.7985 5.0284 0.0000 0.0000 -0.0000 0.8996 -17.1181 -11.2861 -0.0294 1.1076 -3.0450 -5.8062 0.1769 -3.5053 -0.3809 0.5526 2.5998 2.9012 0.0828 4.6194 -9.3130 -5.2047 -18.4126 0.7082 -5.3213 29.0611 0.9107 -3.4920 13.1225 0.0000 0.0000 0.0000 -90.9090 -3.6636 27.2195 11.8325 -19.5529 -2.0459 -0.0000 0.0000 -5.1311 20.3218 -11.6091 -4.2621 -7.1250 0.0000 -0.0000 -4.7798 17.6492 3.1166 0.0000 0.0000 0.0000 86.7966 2.6712 18.7818 -13.6757 22.2693 -2.7040 0.0000 -0.0000 -5.6280 -11.1671 -28.7692 5.4273 7.1250 -0.0000 -0.0000 21.7679 -57.8595 -7.0718
5.4429 16.9255 0.1004 158.8460 -79.0886 -157.4580 0.0000 0.0000 0.0000 -22.3844 2.9625 -5.4265 1.5518 7.8624 22.2968 1.3000 9.1511 -26.6182 0.4267 4.1922 11.6182 0.0000 0.0000 0.0000 6.0909 1.2359 5.1036 0.0000 -0.0000 0.0000 0.8907 -17.0716 -11.3842 -0.0220 0.9567 -2.6298 -6.0937 0.2533 -3.5243 -0.4939 0.6725 2.5243 2.9533 0.1383 4.5399 -9.2745 -5.4571 -18.4078 0.2187 -5.5274 28.7578 0.6827 -3.6319 12.9945 0.0000 -0.0000 0.0000 -90.6763 -3.5610 27.7024 12.0253 -19.8426 -2.1109 -0.0000 0.0000 -5.5892 20.2231 -11.3909 -4.1613 -7.1250 0.0000 -0.0000 -4.8437 17.8879 3.1330 0.0000 -0.0000 0.0000 86.8617 2.5081 19.1251 -13.8498 22.5196 -2.7703 0.0000 -0.0000 -5.9688 -11.1718 -29.4846 5.5520 7.1250 -0.0000 -0.0000 22.2843 -58.5194 -7.6088
5.4005 16.9300 0.2050 158.4580 -78.7748 -156.9670 0.0000 0.0000 0.0000 -23.1190 3.2664 -5.5350 1.5255 7.7985 22.1038 1.1013 10.3168 -26.0415 0.2545 3.2457 8.9634 0.0000 0.0000 0.0000 5.5212 1.5019 5.0127 0.0000 -0.0000 0.0000 0.9311 -17.3572 -11.2711 -0.0585 1.5611 -4.2941 -6.2205 0.2459 -3.5925 -0.5949 0.6718 2.3299 2.9191 0.1451 4.3756 -9.8191 -5.6762 -18.2473 0.5405 -5.7755 28.4961 0.8607 -3.7481 12.9025 -0.0000 -0.0000 0.0000 -90.5294 -3.3510 27.4935 11.8523 -19.5828 -2.0525 -0.0000 0.0000 -5.0154 21.1530 -12.3743 -4.7400 -7.1250 0.0000 -0.0000 -4.2232 16.7650 2.8333 -0.0000 -0.0000 0.0000 87.0995 2.1538 19.5597 -13.9030 22.5958 -2.7907 0.0000 -0.0000 -6.4896 -10.9977 -29.6202 5.4865 7.1250 -0.0000 -0.0000 22.5644 -58.6054 -7.7579
5.3754 16.9258 0.2829 156.8900 -78.6484 -155.2470 0.0000 0.0000 0.0000 -23.7149 3.1532 -5.6808 1.5418 7.8381 22.2235 1.2171 9.6303 -26.3671 0.4143 4.1319 11.4480 0.0000 0.0000 0.0000 4.8426 1.4751 4.9094 0.0000 0.0000 -0.0000 0.9146 -17.3318 -11.7122 -0.0301 1.1201 -3.0794 -6.4387 0.1844 -3.9256 -0.7163 0.6337 2.4046 2.9154 0.1103 4.6477 -9.9078 -5.8988 -18.5885 0.2990 -5.9200 28.2221 0.7520 -3.8344 12.8678 0.0000 -0.0000 0.0000 -90.2368 -4.0129 26.9875 11.5912 -19.1888 -1.9659 -0.0000 0.0000 -4.4243 19.9035 -10.9642 -3.9394 -7.1250 0.0000 -0.0000 -5.0596 18.3637 3.2205 0.0000 -0.0000 0.0000 87.3674 2.1916 20.0755 -14.1127 22.8957 -2.8718 0.0000 -0.0000 -6.8501 -11.4776 -29.3468 5.6828 7.1250 -0.0000 -0.0000 21.8688 -58.4599 -7.4263
5.3610 16.9110 0.3362 155.6990 -78.5890 -154.2550 0.0000 0.0000 0.0000 -24.1831 3.2128 -5.4939 1.5620 7.8870 22.3714 1.2626 9.3873 -26.5192 0.4604 4.3524 12.0702 0.0000 0.0000 0.0000 4.3728 1.4229 5.0195 0.0000 -0.0000 0.0000 0.9681 -17.6590 -11.3711 -0.0644 1.6374 -4.5045 -6.5929 0.2457 -3.9453 -0.7356 0.7310 2.5538 2.9895 0.1445 4.8056 -10.2303 -6.0276 -18.2719 0.2324 -6.0051 27.8203 0.7791 -3.9033 12.6588 -0.0000 -0.0000 0.0000 -90.2520 -4.1119 26.6897 11.5103 -19.0663 -1.9394 -0.0000 0.0000 -4.1710 20.6147 -11.1752 -4.1698 -7.1250 0.0000 -0.0000 -4.5636 18.0836 2.9309 -0.0000 -0.0000 0.0000 87.4367 2.2591 20.5934 -14.1920 23.0085 -2.9027 0.0000 -0.0000 -7.1718 -10.9045 -29.5558 5.4285 7.1250 -0.0000 -0.0000 22.6112 -58.5258 -7.7314
5.3575 16.9067 0.3459 156.2530 -78.8990 -154.8510 0.0000 0.0000 0.0000 -23.9705 3.2168 -5.7115 1.6228 8.0318 22.8107 1.2760 9.1898 -26.4693 0.3473 3.7866 10.4771 0.0000 0.0000 0.0000 4.6140 1.1761 5.0280 0.0000 -0.0000 0.0000 0.9769 -17.6927 -11.2192 -0.0820 1.8474 -5.0840 -6.3513 0.3405 -3.8086 -0.7636 0.8369 2.6667 2.8323 0.2014 4.8374 -10.6413 -6.3759 -18.4298 0.8436 -6.5211 27.7099 0.9876 -4.0794 12.7181 -0.0000 -0.0000 0.0000 -90.0973 -4.4445 25.4176 11.3178 -18.7738 -1.8769 -0.0000 0.0000 -2.2669 20.1462 -11.2061 -4.0780 -7.1250 0.0000 -0.0000 -4.8936 18.0893 3.1438 -0.0000 -0.0000 0.0000 87.8607 2.4611 20.4593 -14.0202 22.7635 -2.8359 0.0000 -0.0000 -7.1773 -11.6301 -28.8276 5.6675 7.1250 -0.0000 -0.0000 21.3370 -58.0134 -7.0031
5.3582 16.9181 0.3208 155.4030 -79.4610 -153.8460 0.0000 0.0000 0.0000 -23.7236 2.6311 -5.8523 1.6541 8.1051 23.0337 1.2828 9.0673 -26.4281 0.4249 4.1834 11.5931 0.0000 0.0000 0.0000 4.7776 0.5719 4.8879 0.0000 -0.0000 0.0000 0.9491 -17.5342 -11.4549 -0.0582 1.5564 -4.2813 -6.4176 0.2256 -3.3856 -0.6231 0.6402 2.3713 2.9961 0.1245 4.3038 -10.8481 -6.3792 -18.2307 0.8755 -6.4989 27.6570 1.0430 -4.0893 12.6664 0.0000 0.0000 0.0000 -90.0839 -4.1018 25.3842 11.2416 -18.6576 -1.8525 -0.0000 0.0000 -2.8374 19.6776 -11.4450 -4.0589 -7.1250 0.0000 -0.0000 -5.2275 17.8756 3.3847 0.0000 0.0000 0.0000 87.7835 1.8573 21.0796 -14.1642 22.9690 -2.8919 0.0000 -0.0000 -7.5672 -10.6529 -29.7685 5.3354 7.1250 -0.0000 -0.0000 23.0299 -58.6647 -7.9622
5.3856 16.9142 0.2624 156.0960 -80.0951 -154.5990 0.0000 0.0000 0.0000 -23.0151 2.4231 -5.8995 1.6680 8.1373 23.1318 1.2514 8.8609 -26.0400 0.4180 4.1496 11.4980 0.0000 0.0000 0.0000 5.4259 0.0727 4.7620 0.0000 0.0000 -0.0000 0.9688 -17.5657 -10.8890 -0.0671 1.6714 -4.5982 -6.1804 0.3698 -3.1722 -0.4673 0.8047 2.5255 3.0347 0.2069 4.3270 -11.0506 -6.7132 -18.1638 0.7225 -6.8757 27.6372 0.9529 -4.2932 12.6770 -0.0000 0.0000 0.0000 -90.2081 -4.1556 25.6127 11.3346 -18.7994 -1.8823 -0.0000 0.0000 -3.1032 20.2701 -11.1672 -4.0912 -7.1250 0.0000 -0.0000 -4.8057 18.1203 3.0836 -0.0000 0.0000 0.0000 87.6800 1.9418 20.7323 -14.2879 23.1448 -2.9403 0.0000 -0.0000 -7.0997 -9.9365 -30.7854 5.1236 7.1250 -0.0000 -0.0000 24.5690 -59.4252 -8.9883
5.3689 16.8857 0.1886 147.2790 -80.4583 -146.1590 0.0000 0.0000 0.0000 -24.0517 2.6016 -5.4525 1.6243 8.0353 22.8213 1.0984 9.1022 -25.0443 0.1829 2.7542 7.5952 0.0000 0.0000 0.0000 4.3096 -0.6589 3.8302 -0.0210 -0.9345 2.5686 0.8153 -16.6778 -12.1474 -0.0634 1.6244 -4.4688 -7.1029 0.2425 -2.5756 -0.8265 0.6291 2.3953 3.1597 0.1123 3.8695 -11.2948 -6.7938 -17.8392 0.8326 -7.0156 27.8262 1.0158 -4.3792 12.7144 -0.0000 -0.0000 0.0000 -90.2061 -3.5277 25.4511 11.4315 -18.9467 -1.9137 -0.0000 0.0000 -3.1115 20.0471 -10.8422 -3.9266 -7.1250 0.0000 -0.0000 -4.9562 18.4812 3.1413 -0.0000 -0.0000 0.0000 87.5949 1.6240 20.5772 -14.0754 22.8424 -2.8573 0.0000 -0.0000 -6.5716 -8.7730 -29.9372 4.4040 7.1250 -0.0000 -0.0000 25.0705 -58.4035 -8.5641
5.4174 16.8854 0.0648 146.6290 -81.5248 -145.6240 0.0000 0.0000 0.0000 -22.8469 2.0071 -5.4820 1.6682 8.1378 23.1334 1.1910 8.0231 -24.9636 0.2824 3.4175 9.4434 0.0000 0.0000 0.0000 5.4325 -0.9724 1.8212 -0.1255 -2.2838 6.2907 0.6276 -15.7212 -13.7716 -0.0609 1.5922 -4.3799 -6.7762 0.2975 -2.4616 -0.6679 0.6938 2.9726 3.1461 0.1180 4.4020 -11.2142 -7.0840 -18.2739 0.6623 -7.3098 27.6364 0.8763 -4.4998 12.7365 0.0000 0.0000 0.0000 -90.2398 -4.5161 25.5568 11.3163 -18.7715 -1.8765 -0.0000 0.0000 -3.5417 20.3480 -11.5625 -4.2513 -7.1250 0.0000 -0.0000 -4.7603 17.6962 3.0988 0.0000 0.0000 0.0000 87.4400 2.6222 20.3773 -14.0153 22.7566 -2.8340 0.0000 -0.0000 -6.5014 -9.6813 -30.7189 4.9805 7.1250 -0.0000 -0.0000 24.7757 -59.3075 -8.9992
5.4301 16.8679 -0.0689 140.2400 -82.4339 -139.4440 0.0000 0.0000 0.0000 -22.4710 1.4123 -5.3232 1.7063 8.2255 23.4012 1.2053 7.3841 -24.6249 0.2634 3.3020 9.1206 0.0000 0.0000 0.0000 5.6042 -1.8148 0.4828 -0.2600 -3.2806 9.0610 0.4812 -14.9844 -14.8619 -0.0800 1.8244 -5.0207 -6.8068 0.2583 -1.7808 -0.7378 0.5831 2.9039 3.0782 0.0785 3.9547 -11.4610 -7.2775 -18.1159 0.7670 -7.5913 27.9975 0.9035 -4.6497 12.8898 0.0000 -0.0000 0.0000 -90.4163 -4.1248 25.2096 11.4802 -19.0206 -1.9295 -0.0000 0.0000 -3.3984 22.1042 -11.8929 -4.7845 -7.1250 0.0000 -0.0000 -3.5432 17.1888 2.3424 0.0000 -0.0000 0.0000 87.3037 2.2653 20.3150 -14.0549 22.8131 -2.8493 0.0000 -0.0000 -6.4995 -9.6569 -30.5660 4.9455 7.1250 -0.0000 -0.0000 24.6759 -59.1647 -8.8748
5.4508 16.8661 -0.2353 131.6800 -83.1084 -131.0570 0.0000 0.0000 0.0000 -22.0926 1.1594 -5.3329 1.6995 8.2100 23.3537 1.1212 7.0730 -23.7320 0.1926 2.8263 7.7956 0.0000 0.0000 0.0000 5.7958 -2.6565 -0.7869 -0.4171 -4.1454 11.4862 0.3264 -14.3200 -16.1139 -0.0459 1.3831 -3.8035 -7.1592 0.2208 -0.9498 -0.7804 0.4656 2.7674 3.2198 0.0329 3.3531 -11.8926 -7.3654 -17.6681 1.1783 -7.7934 28.1448 1.1062 -4.7423 12.9152 0.0000 0.0000 0.0000 -90.5461 -3.4633 25.2854 11.7227 -19.3874 -2.0093 -0.0000 0.0000 -3.2930 21.4784 -11.5317 -4.4976 -7.1250 0.0000 -0.0000 -3.9677 17.6311 2.5858 0.0000 0.0000 0.0000 87.1045 1.9955 20.3862 -14.1821 22.9944 -2.8989 0.0000 -0.0000 -6.4851 -9.1180 -31.0937 4.7382 7.1250 -0.0000 -0.0000 25.6627 -59.5146 -9.4766
5.4716 16.8611 -0.4163 123.5660 -83.9393 -122.8980 0.0000 0.0000 0.0000 -21.2572 0.6329 -5.3487 1.6928 8.1944 23.3062 1.0959 6.5157 -23.1404 0.1592 2.5706 7.0855 0.0000 0.0000 0.0000 6.5350 -3.6784 -1.9256 -0.5552 -4.7730 13.2623 0.2173 -13.7732 -16.7825 -0.0524 1.4774 -4.0633 -6.9328 0.2050 -1.0142 -0.7869 0.4541 3.0713 3.0866 0.0127 3.7081 -12.0132 -7.4129 -17.9404 1.6674 -7.9498 28.5492 1.2718 -4.7637 13.1777 -0.0000 -0.0000 0.0000 -90.5885 -3.7576 25.3452 11.7486 -19.4266 -2.0179 -0.0000 0.0000 -3.3832 21.5301 -11.5845 -4.5297 -7.1250 0.0000 -0.0000 -3.9332 17.5704 2.5685 -0.0000 -0.0000 0.0000 86.9824 2.5799 20.2646 -14.1506 22.9497 -2.8866 0.0000 -0.0000 -6.7576 -9.1976 -30.8185 4.7422 7.1250 -0.0000 -0.0000 25.3515 -59.2871 -9.2128
5.4949 16.8583 -0.6167 114.2480 -84.3843 -113.4110 0.0000 0.0000 0.0000 -20.5886 0.4197 -5.4047 1.6289 8.0462 22.8545 0.9858 6.3794 -22.1004 0.0893 1.9270 5.3040 0.0000 0.0000 0.0000 7.1548 -4.3410 -3.5026 -0.7672 -5.5934 15.6090 -0.0123 -12.5382 -17.9901 -0.0537 1.4960 -4.1147 -7.0586 0.2239 -1.4274 -0.8127 0.5310 3.4280 3.1361 0.0166 4.3090 -10.2109 -6.2006 -19.1023 1.2424 -6.5273 29.6906 1.0279 -4.0267 13.6729 -0.0000 -0.0000 0.0000 -90.4699 -4.2742 25.6845 11.6910 -19.3396 -1.9988 -0.0000 0.0000 -3.7005 21.3224 -11.1996 -4.3355 -7.1250 0.0000 -0.0000 -4.0669 17.9982 2.6179 -0.0000 -0.0000 0.0000 86.9968 3.1852 20.0762 -14.0646 22.8270 -2.8531 0.0000 -0.0000 -6.1962 -9.5888 -30.6863 4.9276 7.1250 -0.0000 -0.0000 24.8434 -59.2573 -8.9955
5.5215 16.8555 -0.8247 103.7280 -84.4025 -103.1060 0.0000 0.0000 0.0000 -20.1477 -0.0187 -5.0167 1.5569 7.8748 22.3345 0.8790 6.5035 -21.2219 0.0344 1.1975 3.2923 0.0000 0.0000 0.0000 7.5255 -5.0790 -3.9500 -0.8875 -6.0049 16.7988 -0.1712 -11.9184 -19.0909 -0.0207 0.9296 -2.5550 -7.5773 0.2640 0.1779 -0.7292 0.4235 2.7243 3.4990 0.0243 2.6749 -7.9386 -3.6994 -19.4081 0.8141 -3.5633 31.1799 0.9991 -2.6086 14.0852 0.0000 0.0000 0.0000 -90.8787 -2.7669 24.9468 11.7065 -19.3630 -2.0039 -0.0000 0.0000 -3.2203 20.8305 -12.1117 -4.5642 -7.1250 0.0000 -0.0000 -4.4388 17.0731 2.9489 0.0000 0.0000 0.0000 86.6290 2.0535 20.7378 -14.2645 23.1115 -2.9311 0.0000 -0.0000 -6.5974 -9.7535 -30.9322 5.0494 7.1250 -0.0000 -0.0000 24.8779 -59.5155 -9.1644
5.5612 16.8685 -1.0412 94.7403 -85.0744 -93.8580 0.0000 0.0000 0.0000 -18.6813 -0.7535 -5.3712 1.5238 7.7945 22.0915 0.7991 6.5707 -20.5169 0.0137 0.7555 2.0762 0.0000 0.0000 0.0000 9.0372 -5.4530 -4.4536 -0.9127 -6.0875 17.0386 -0.1923 -12.1255 -19.5877 -0.0030 0.3557 -0.9772 -7.0116 0.3696 -0.2649 -0.5455 0.6108 3.2587 3.3818 0.0873 3.4604 -5.4392 -1.5403 -20.1003 0.1915 -0.9755 31.4138 0.7828 -1.2807 14.1549 0.0000 -0.0000 0.0000 -90.7344 -3.4717 26.1922 11.8262 -19.5435 -2.0438 -0.0000 0.0000 -4.1869 20.8999 -12.7552 -4.8192 -7.1250 0.0000 -0.0000 -4.4122 16.3850 2.9974 0.0000 -0.0000 0.0000 86.6068 3.2854 20.0454 -14.2194 23.0476 -2.9135 0.0000 -0.0000 -6.3839 -9.9403 -30.8703 5.1383 7.1250 -0.0000 -0.0000 24.6351 -59.5025 -9.0604
5.5687 16.8745 -1.2393 82.6626 -85.3553 -81.6744 0.0000 0.0000 0.0000 -17.6593 -1.4137 -5.1566 1.4589 7.6342 21.6083 0.7422 6.6241 -20.0005 0.0020 0.2856 0.7846 0.0000 0.0000 0.0000 10.0976 -6.3600 -4.7744 -0.9360 -6.1624 17.2565 -0.2764 -11.8128 -20.1336 -0.0003 0.1113 -0.3058 -6.5565 0.3106 -0.2152 -0.3559 0.5167 3.2412 3.3208 0.0542 3.4229 -3.3542 0.3585 -20.0794 -0.5085 1.2872 32.0050 0.5431 -0.1774 14.3435 0.0000 -0.0000 0.0000 -90.9367 -3.3032 26.0998 11.9324 -19.7032 -2.0795 -0.0000 0.0000 -4.0562 20.2910 -11.7331 -4.2998 -7.1250 0.0000 -0.0000 -4.8045 17.5208 3.1463 0.0000 -0.0000 0.0000 86.4185 3.1284 20.2249 -14.3939 23.2950 -2.9821 0.0000 -0.0000 -6.6763 -10.0701 -30.7928 5.1947 7.1250 -0.0000 -0.0000 24.4381 -59.4624 -8.9587
5.5755 16.8790 -1.4457 72.4870 -84.9673 -71.3727 0.0000 0.0000 0.0000 -17.1843 -2.2361 -4.4667 1.2994 7.2219 20.3744 0.6363 7.1229 -19.3139 0.0000 -0.0136 -0.0375 0.0000 0.0000 0.0000 10.6905 -6.9379 -5.0033 -0.9600 -6.2389 17.4792 -0.3504 -11.6622 -20.7387 -0.0061 -0.5043 1.3857 -6.7965 0.2590 -0.5651 -0.2779 0.4870 3.5324 3.5384 0.0056 3.9291 -2.1470 1.2742 -20.1365 -1.1367 2.4294 32.0514 0.2852 0.3725 14.3833 0.0000 0.0000 0.0000 -90.9964 -3.6064 26.3989 12.0342 -19.8559 -2.1139 -0.0000 0.0000 -4.4937 20.2277 -12.6315 -4.6068 -7.1250 0.0000 -0.0000 -4.8737 16.5787 3.2925 0.0000 0.0000 0.0000 86.3518 3.2646 20.2946 -14.5757 23.5517 -3.0544 0.0000 -0.0000 -6.6613 -10.0071 -31.0311 5.1975 7.1250 -0.0000 -0.0000 24.7000 -59.6624 -9.1815
5.5789 16.9027 -1.6355 61.6143 -85.2738 -60.0019 0.0000 0.0000 0.0000 -15.8703 -3.2753 -4.0410 1.1385 6.7760 19.0534 0.5093 8.0643 -18.7662 0.0032 -0.3658 -1.0050 0.0000 0.0000 0.0000 12.2565 -7.1597 -5.2669 -0.8935 -6.0247 16.8561 -0.3172 -12.1358 -20.9375 -0.0095 -0.6280 1.7258 -6.0453 0.2644 -1.0208 -0.0149 0.5035 3.4183 3.3947 0.0360 4.0644 -2.2402 1.3631 -19.8522 -0.9120 2.5114 31.8643 0.4060 0.4387 14.2297 -0.0000 -0.0000 0.0000 -91.1496 -3.5911 26.3616 12.2000 -20.1039 -2.1705 -0.0000 0.0000 -4.3150 19.4548 -11.9904 -4.1970 -7.1250 0.0000 -0.0000 -5.3944 17.3209 3.5596 -0.0000 -0.0000 0.0000 86.3219 3.2925 19.6812 -14.3548 23.2397 -2.9667 0.0000 -0.0000 -6.4066 -9.6223 -30.5380 4.9235 7.1250 -0.0000 -0.0000 24.6884 -59.1316 -8.8599
5.5744 16.9106 -1.8038 57.7894 -84.3181 -55.9984 0.0000 0.0000 0.0000 -16.1159 -4.4621 -3.1537 0.9826 6.3098 17.6859 0.3961 9.1400 -18.5343 0.0127 -0.7268 -1.9974 0.0000 0.0000 0.0000 12.1742 -8.0621 -5.5816 -0.8916 -6.0186 16.8384 -0.3573 -11.9058 -21.0840 -0.0135 -0.7503 2.0621 -6.5958 0.1418 -0.6331 -0.0916 0.3193 3.0270 3.6134 -0.0410 3.4569 -2.3817 1.3228 -19.4058 -0.8326 2.4416 31.9760 0.4454 0.3967 14.1776 -0.0000 -0.0000 0.0000 -91.2105 -2.8274 26.7651 12.3803 -20.3726 -2.2329 -0.0000 0.0000 -5.0000 19.9196 -12.0753 -4.3353 -7.1250 0.0000 -0.0000 -5.0724 17.1920 3.3598 -0.0000 -0.0000 0.0000 86.2284 2.5717 19.7043 -14.4931 23.4352 -3.0214 0.0000 -0.0000 -6.1220 -9.9285 -30.1572 5.0254 7.1250 -0.0000 -0.0000 24.0715 -58.8570 -8.4615
5.5760 16.9141 -1.9585 50.6460 -84.4601 -48.5982 0.0000 0.0000 0.0000 -15.0151 -5.3460 -2.8685 0.9252 6.1279 17.1560 0.3666 9.6658 -18.7414 0.0130 -0.7370 -2.0253 0.0000 0.0000 0.0000 13.4513 -7.8832 -5.6519 -0.8751 -5.9641 16.6802 -0.3985 -12.0715 -21.6794 -0.0356 -1.2171 3.3463 -6.0324 0.0410 -1.3128 0.1797 0.2201 3.2965 3.5787 -0.1049 4.1324 -2.4840 1.0167 -19.5828 -0.9056 2.0770 31.6686 0.3726 0.2317 14.0853 0.0000 -0.0000 0.0000 -91.4331 -3.1756 26.6796 12.4626 -20.4948 -2.2617 -0.0000 0.0000 -4.7876 19.9865 -11.6897 -4.2145 -7.1250 0.0000 -0.0000 -5.0163 17.5925 3.2782 0.0000 -0.0000 0.0000 85.9646 3.3069 19.8298 -14.2372 23.0728 -2.9204 0.0000 -0.0000 -6.2515 -10.3465 -30.0612 5.2253 7.1250 -0.0000 -0.0000 23.5692 -58.8631 -8.2756
5.5663 16.9226 -2.0915 49.6316 -84.2391 -47.5186 0.0000 0.0000 0.0000 -14.7256 -5.9346 -2.0749 0.8046 5.7249 15.9883 0.2595 10.5944 -18.5306 0.0178 -0.8605 -2.3651 0.0000 0.0000 0.0000 13.8938 -7.6134 -5.7785 -0.9117 -6.0843 17.0291 -0.4348 -12.2316 -22.2067 -0.0417 -1.3184 3.6253 -6.1428 -0.0080 -1.2564 0.3258 0.1486 3.1882 3.7893 -0.1387 3.9955 -2.6362 0.8987 -19.2689 -0.8246 1.9237 31.2404 0.4039 0.1748 13.8281 -0.0000 0.0000 0.0000 -91.6215 -3.0838 27.1781 12.3138 -20.2735 -2.2098 -0.0000 0.0000 -5.4079 19.8613 -12.0997 -4.3301 -7.1250 0.0000 -0.0000 -5.1135 17.1714 3.3895 -0.0000 0.0000 0.0000 85.6978 3.3120 19.7129 -14.2739 23.1249 -2.9348 0.0000 -0.0000 -6.1278 -10.1329 -30.3020 5.1527 7.1250 -0.0000 -0.0000 23.9774 -59.0336 -8.5287
5.5518 16.9138 -2.1869 48.4157 -84.0587 -46.1911 0.0000 0.0000 0.0000 -14.5779 -6.4081 -1.0891 0.6679 5.2265 14.5556 0.1455 11.5043 -18.2687 0.0206 -0.9268 -2.5474 0.0000 0.0000 0.0000 14.1643 -8.1678 -6.4329 -0.9884 -6.3279 17.7389 -0.5324 -11.5709 -22.4217 -0.0468 -1.3957 3.8383 -5.8994 -0.0923 -1.3487 0.4271 0.0296 2.9902 3.7526 -0.1811 3.8526 -2.6033 0.9404 -19.3333 -0.8556 1.9677 31.7545 0.3918 0.1725 14.0673 -0.0000 0.0000 0.0000 -91.7795 -2.6018 27.4577 12.5212 -20.5817 -2.2822 -0.0000 0.0000 -5.5169 19.8357 -12.3603 -4.4154 -7.1250 0.0000 -0.0000 -5.1380 16.8995 3.4365 -0.0000 0.0000 0.0000 85.6218 3.1467 19.1328 -14.2691 23.1181 -2.9329 0.0000 -0.0000 -5.7825 -10.0032 -30.8418 5.1670 7.1250 -0.0000 -0.0000 24.5470 -59.4912 -9.0188
5.5444 16.9187 -2.2683 49.1888 -84.1397 -46.8904 0.0000 0.0000 0.0000 -14.3625 -7.1696 -0.5625 0.6323 5.0877 14.1590 0.1154 12.2251 -18.8293 0.0128 -0.7305 -2.0077 0.0000 0.0000 0.0000 14.4963 -8.2444 -6.4806 -0.9715 -6.2750 17.5843 -0.5036 -11.5717 -22.1519 -0.0371 -1.2432 3.4183 -5.6415 -0.2292 -1.7651 0.5039 -0.1356 3.0333 3.6795 -0.2658 4.1500 -1.8197 1.3192 -20.2795 -1.3635 2.4151 33.4441 0.1253 0.3210 15.0619 -0.0000 -0.0000 0.0000 -91.7370 -3.0138 27.4767 12.3958 -20.3956 -2.2383 -0.0000 0.0000 -5.7651 19.3473 -11.7026 -4.0737 -7.1250 0.0000 -0.0000 -5.4637 17.6319 3.5684 -0.0000 -0.0000 0.0000 85.5657 3.3756 19.2359 -14.3575 23.2435 -2.9677 0.0000 -0.0000 -5.7487 -9.7708 -30.4691 4.9905 7.1250 -0.0000 -0.0000 24.4811 -59.1031 -8.7628
5.5230 16.9116 -2.3339 48.0932 -84.3356 -46.0219 0.0000 0.0000 0.0000 -13.9902 -7.6883 0.0855 0.6200 5.0392 14.0205 0.0861 12.8233 -19.2709 0.0141 -0.7659 -2.1049 0.0000 0.0000 0.0000 14.9024 -8.8892 -6.3826 -0.9702 -6.2708 17.5721 -0.5502 -10.9523 -21.9566 -0.0488 -1.4260 3.9217 -5.1055 -0.2585 -1.9327 0.7151 -0.1916 3.0720 3.5946 -0.2845 4.2872 -2.0932 1.4534 -20.4009 -0.9796 2.5260 34.7072 0.3474 0.3331 15.6787 -0.0000 0.0000 0.0000 -91.8087 -3.0623 28.0686 12.6010 -20.6999 -2.3104 -0.0000 0.0000 -6.3307 19.3086 -11.1192 -3.8655 -7.1250 0.0000 -0.0000 -5.4810 18.2472 3.5052 -0.0000 0.0000 0.0000 85.4349 3.4279 19.3732 -14.4102 23.3181 -2.9886 0.0000 -0.0000 -6.2682 -10.5914 -31.0973 5.5165 7.1250 -0.0000 -0.0000 24.1533 -59.8566 -9.0764
5.5452 16.9068 -2.3972 48.5732 -84.5642 -46.6085 0.0000 0.0000 0.0000 -13.5969 -7.7594 0.2829 0.5870 4.9054 13.6389 -0.0040 13.3888 -18.9843 0.0303 -1.1241 -3.0904 0.0000 0.0000 0.0000 15.3949 -8.0851 -6.5076 -1.0339 -6.4674 18.1467 -0.5344 -11.5153 -22.3824 -0.0517 -1.4669 4.0346 -4.7606 -0.2355 -1.3565 0.8783 -0.2128 2.6688 3.5693 -0.2575 3.5393 -1.9036 1.7147 -19.5453 -0.7776 2.6320 35.9145 0.4036 0.3717 16.0673 0.0000 -0.0000 0.0000 -91.7023 -2.6519 28.4748 12.8934 -21.1308 -2.4147 -0.0000 0.0000 -6.5268 19.7497 -11.0297 -3.9294 -7.1250 0.0000 -0.0000 -5.1691 18.3068 3.2973 0.0000 -0.0000 0.0000 85.3900 2.7611 19.2978 -14.4778 23.4136 -3.0154 0.0000 -0.0000 -6.2145 -9.7886 -30.6821 5.0311 7.1250 -0.0000 -0.0000 24.6357 -59.2987 -8.9392
5.5452 16.8851 -2.4331 54.1798 -83.8725 -52.5735 0.0000 0.0000 0.0000 -14.4905 -7.3791 0.9807 0.5341 4.6830 13.0065 -0.0075 13.2912 -18.8033 0.0245 -1.0112 -2.7796 0.0000 0.0000 0.0000 14.3766 -8.6466 -6.7902 -1.1517 -6.8139 19.1652 -0.6706 -10.5736 -22.7008 -0.0566 -1.5354 4.2234 -5.2797 -0.3055 -1.5085 0.8090 -0.2768 3.0702 3.7864 -0.3286 4.0558 -2.1449 1.9998 -19.8726 -0.0505 2.7706 37.7595 0.7921 0.4158 17.0791 0.0000 0.0000 0.0000 -91.8648 -3.2687 28.6817 13.3369 -21.7788 -2.5769 -0.0000 0.0000 -6.8339 19.0184 -10.3965 -3.5593 -7.1250 0.0000 -0.0000 -5.6772 19.0267 3.5335 0.0000 0.0000 0.0000 85.2504 3.3264 18.9873 -14.2517 23.0934 -2.9261 0.0000 -0.0000 -6.3564 -9.7819 -30.5371 5.0062 7.1250 -0.0000 -0.0000 24.5248 -59.1669 -8.8176
5.5535 16.8818 -2.4634 56.2610 -83.3123 -54.8438 0.0000 0.0000 0.0000 -15.0832 -7.3338 1.6257 0.4623 4.3613 12.0955 -0.0841 13.7315 -18.5018 0.0173 -0.8484 -2.3317 0.0000 0.0000 0.0000 13.7586 -8.7874 -7.1626 -1.2696 -7.1417 20.1358 -0.7412 -10.2278 -23.0112 -0.0633 -1.6227 4.4641 -5.4987 -0.4358 -1.7849 0.8454 -0.4261 3.3299 3.9386 -0.4310 4.5045 -1.7346 2.6811 -20.5100 0.0320 3.4368 40.7155 0.9054 0.6018 18.9397 -0.0000 0.0000 0.0000 -91.8651 -3.5118 29.4850 13.6993 -22.3032 -2.7129 -0.0000 0.0000 -7.5139 19.5159 -10.3923 -3.6582 -7.1250 0.0000 -0.0000 -5.3248 18.9952 3.3159 -0.0000 0.0000 0.0000 85.1432 3.5160 18.4832 -14.2409 23.0780 -2.9219 0.0000 -0.0000 -5.7575 -9.8301 -30.5276 5.0299 7.1250 -0.0000 -0.0000 24.4678 -59.1691 -8.7968
5.5704 16.8691 -2.4961 51.6377 -83.9819 -50.2242 0.0000 0.0000 0.0000 -13.9689 -7.2999 1.1272 0.5146 4.5980 12.7654 -0.0264 13.3291 -18.6278 0.0289 -1.0982 -3.0190 0.0000 0.0000 0.0000 14.8531 -8.7115 -7.2412 -1.2723 -7.1490 20.1574 -0.7559 -10.2073 -23.1224 -0.0879 -1.9121 5.2629 -4.1728 -0.4065 -1.7529 1.2032 -0.4554 3.2868 3.5623 -0.4037 4.4277 -1.1779 3.0957 -20.1865 -0.2230 3.7748 42.4287 0.7449 0.6847 19.9661 0.0000 0.0000 0.0000 -91.8246 -3.3580 30.0692 13.8417 -22.5079 -2.7672 -0.0000 0.0000 -7.4936 19.9805 -11.2574 -4.0599 -7.1250 0.0000 -0.0000 -5.0111 18.0485 3.2244 0.0000 0.0000 0.0000 85.1439 3.2865 18.2543 -14.0675 22.8311 -2.8543 0.0000 -0.0000 -5.7330 -10.0621 -29.8441 5.0463 7.1250 -0.0000 -0.0000 23.6909 -58.6029 -8.1717
5.6113 16.8650 -2.5373 51.4960 -83.9660 -50.2519 0.0000 0.0000 0.0000 -13.7688 -7.3193 1.0817 0.5184 4.6144 12.8120 -0.0331 13.3380 -18.5578 0.0289 -1.0980 -3.0184 0.0000 0.0000 0.0000 15.0732 -8.2085 -7.2944 -1.3160 -7.2661 20.5060 -0.7593 -10.5977 -23.5092 -0.1088 -2.1270 5.8568 -3.8184 -0.3940 -1.4619 1.3802 -0.4740 3.4443 3.5465 -0.4093 4.4252 -0.9831 3.4511 -20.0961 -0.1897 4.1688 43.1316 0.8118 0.8339 20.4167 -0.0000 -0.0000 0.0000 -91.8398 -3.1385 30.3930 14.3053 -23.1694 -2.9472 -0.0000 0.0000 -7.8296 20.2313 -11.4757 -4.1936 -7.1250 0.0000 -0.0000 -4.8400 17.7977 3.1403 -0.0000 -0.0000 0.0000 85.1209 3.2808 18.2746 -14.0951 22.8705 -2.8650 0.0000 -0.0000 -5.8290 -9.7744 -30.7859 5.0389 7.1250 -0.0000 -0.0000 24.7355 -59.3889 -9.0322
5.6264 16.8564 -2.5718 54.1954 -83.1861 -53.1253 0.0000 0.0000 0.0000 -14.5534 -7.2009 1.4081 0.4789 4.4380 12.3124 -0.0867 13.4341 -18.0230 0.0570 -1.5412 -4.2393 0.0000 0.0000 0.0000 14.1896 -8.9193 -7.7385 -1.4064 -7.5013 21.2093 -0.8236 -9.9664 -23.4961 -0.1009 -2.0488 5.6405 -4.1150 -0.4443 -1.2849 1.2994 -0.5353 3.5064 3.6271 -0.4499 4.3988 -0.9879 3.5043 -19.7100 -0.2008 4.2412 43.0392 0.8150 0.8668 20.2377 -0.0000 0.0000 0.0000 -91.8277 -3.3972 30.6137 13.8040 -22.4538 -2.7528 -0.0000 0.0000 -7.9678 20.0748 -10.6460 -3.8624 -7.1250 0.0000 -0.0000 -4.9330 18.6860 3.1041 -0.0000 0.0000 0.0000 85.2437 3.1249 17.4509 -14.0462 22.8007 -2.8460 0.0000 -0.0000 -4.8035 -9.7603 -30.7088 5.0202 7.1250 -0.0000 -0.0000 24.6866 -59.3164 -8.9696
5.6517 16.8472 -2.6259 51.9961 -83.5404 -50.9277 0.0000 0.0000 0.0000 -13.8099 -7.1930 0.9833 0.5168 4.6076 12.7927 -0.0599 13.2287 -18.0615 0.0661 -1.6588 -4.5636 0.0000 0.0000 0.0000 14.8888 -8.8741 -8.0900 -1.4355 -7.5752 21.4312 -0.8321 -9.9170 -23.5258 -0.1030 -2.0691 5.6967 -3.3169 -0.3998 -0.8103 1.4927 -0.5235 3.1529 3.3809 -0.4000 3.7499 -0.6442 3.6305 -19.2500 -0.4606 4.3729 43.1277 0.6409 0.9318 20.1876 0.0000 -0.0000 0.0000 -91.7792 -2.6977 29.5868 13.5739 -22.1222 -2.6655 -0.0000 0.0000 -7.2468 19.7309 -11.1148 -3.9552 -7.1250 0.0000 -0.0000 -5.1839 18.2187 3.3169 0.0000 -0.0000 0.0000 85.3819 2.3725 17.3568 -14.0117 22.7515 -2.8327 0.0000 -0.0000 -4.9685 -9.7801 -30.4565 4.9934 7.1250 -0.0000 -0.0000 24.4615 -59.0938 -8.7498
5.6844 16.8306 -2.6906 55.3949 -82.5730 -54.5440 0.0000 0.0000 0.0000 -14.7429 -7.4750 1.5326 0.4664 4.3805 12.1498 -0.1266 13.6062 -17.7641 0.0928 -1.9649 -5.4087 0.0000 0.0000 0.0000 13.9193 -9.0562 -8.3859 -1.5375 -7.8279 22.1925 -0.9106 -9.5360 -23.8660 -0.1336 -2.3562 6.4911 -4.0035 -0.5142 -1.0117 1.3890 -0.6492 3.5714 3.6530 -0.5054 4.3215 -0.9001 3.5785 -19.5165 -0.4571 4.4608 42.7160 0.7170 0.9517 19.9777 0.0000 -0.0000 0.0000 -91.9718 -3.0409 28.2817 13.3170 -21.7499 -2.5696 -0.0000 0.0000 -5.6671 19.6139 -12.1335 -4.2836 -7.1250 0.0000 -0.0000 -5.2867 17.1573 3.5070 0.0000 -0.0000 0.0000 85.2486 2.9089 17.4777 -14.0483 22.8038 -2.8468 0.0000 -0.0000 -5.1163 -10.0792 -30.6070 5.1713 7.1250 -0.0000 -0.0000 24.2773 -59.2971 -8.7983
5.7318 16.8199 -2.7770 49.4469 -83.2087 -48.6072 0.0000 0.0000 0.0000 -13.2774 -7.6485 1.1015 0.4877 4.4779 12.4253 -0.1282 13.4229 -17.4582 0.1179 -2.2135 -6.0960 0.0000 0.0000 0.0000 15.3352 -9.3237 -8.9476 -1.5838 -7.9393 22.5298 -0.9334 -9.3094 -23.8684 -0.1317 -2.3392 6.4440 -2.4781 -0.5441 -0.6499 1.7311 -0.7611 3.4634 3.1456 -0.5097 3.9909 -0.8419 3.7671 -19.5659 -0.5908 4.7792 43.0565 0.7106 1.0452 20.2310 -0.0000 -0.0000 0.0000 -91.7914 -2.8112 28.0855 13.3219 -21.7571 -2.5714 -0.0000 0.0000 -6.0587 19.5525 -11.7347 -4.1313 -7.1250 0.0000 -0.0000 -5.3208 17.5814 3.4802 -0.0000 -0.0000 0.0000 85.2358 2.8323 17.9034 -13.9954 22.7281 -2.8263 0.0000 -0.0000 -5.5379 -9.5975 -30.5775 4.9163 7.1250 -0.0000 -0.0000 24.7459 -59.1616 -8.9001
5.7763 16.8023 -2.8993 51.5690 -82.8574 -51.1752 0.0000 0.0000 0.0000 -13.2262 -6.9437 1.5436 0.4252 4.1850 11.5977 -0.2127 13.4434 -16.2941 0.1286 -2.3114 -6.3670 0.0000 0.0000 0.0000 15.3311 -8.4935 -8.7879 -1.6953 -8.2003 23.3241 -1.0346 -9.4791 -24.8364 -0.2320 -3.0998 8.5568 -2.5007 -0.3320 -0.1911 1.7543 -0.4952 3.7263 3.1955 -0.3853 3.9853 -0.7869 3.7054 -19.4781 -0.8445 4.7822 43.0004 0.5742 1.0282 20.1845 -0.0000 0.0000 0.0000 -91.6912 -3.1256 27.7096 13.2411 -21.6395 -2.5415 -0.0000 0.0000 -5.4767 19.1740 -11.9920 -4.1324 -7.1250 0.0000 -0.0000 -5.5902 17.3428 3.6874 -0.0000 0.0000 0.0000 85.0844 2.9801 17.9084 -14.0662 22.8293 -2.8538 0.0000 -0.0000 -5.5937 -10.0479 -30.4605 5.1328 7.1250 -0.0000 -0.0000 24.1909 -59.1577 -8.6831
5.8142 16.7873 -2.9761 50.6639 -81.4950 -50.2970 0.0000 0.0000 0.0000 -13.9651 -6.8628 1.0509 0.4365 4.2393 11.7510 -0.2243 12.8700 -15.1250 0.1273 -2.2995 -6.3341 0.0000 0.0000 0.0000 14.3643 -10.2502 -9.5354 -1.7439 -8.3110 23.6626 -1.0600 -8.6068 -24.3535 -0.1788 -2.7234 7.5095 -2.2085 -0.4080 -0.4018 1.4710 -0.5930 3.9502 2.7318 -0.4274 4.3371 -0.9669 3.6339 -19.5547 -0.8202 4.7549 43.0374 0.6171 0.9970 20.2239 -0.0000 0.0000 0.0000 -91.4722 -3.0463 28.2591 13.7139 -22.3242 -2.7185 -0.0000 0.0000 -6.3109 19.0370 -11.4737 -3.9264 -7.1250 0.0000 -0.0000 -5.6771 17.8968 3.6759 -0.0000 0.0000 0.0000 84.9688 3.3888 17.3307 -13.8442 22.5115 -2.7682 0.0000 -0.0000 -4.8231 -9.6537 -29.9965 4.8608 7.1250 -0.0000 -0.0000 24.2250 -58.6507 -8.3982
5.8753 16.7977 -3.0910 45.0592 -81.3986 -44.5869 0.0000 0.0000 0.0000 -12.6409 -6.5536 -1.0635 0.5932 4.9310 13.7118 -0.1023 11.1196 -14.2262 0.2056 -2.9193 -8.0541 0.0000 0.0000 0.0000 15.4795 -10.0506 -9.6002 -1.6775 -8.1593 23.1990 -1.0485 -9.1963 -24.7207 -0.2369 -3.1324 8.6477 -0.8346 -0.2926 0.4025 1.6028 -0.4724 3.4922 2.1040 -0.3079 3.3835 -0.8626 3.4708 -19.4948 -0.8116 4.3965 43.6451 0.5190 0.8485 20.6317 -0.0000 -0.0000 0.0000 -91.3628 -2.0297 28.9117 14.1586 -22.9610 -2.8897 -0.0000 0.0000 -8.5983 19.8188 -12.6475 -4.5118 -7.1250 0.0000 -0.0000 -5.1574 16.5990 3.4835 -0.0000 -0.0000 0.0000 84.8841 2.8421 16.8584 -13.7051 22.3115 -2.7151 0.0000 -0.0000 -4.9992 -9.9082 -31.2289 5.1747 7.1250 -0.0000 -0.0000 24.9678 -59.8169 -9.3818
5.9432 16.7844 -3.1714 42.8400 -80.2635 -42.4990 0.0000 0.0000 0.0000 -12.6532 -5.5674 -2.6023 0.7009 5.3513 14.9132 0.0238 8.8502 -13.0453 0.2930 -3.4810 -9.6208 0.0000 0.0000 0.0000 15.2283 -10.4133 -9.8390 -1.7041 -8.2205 23.3858 -1.0270 -9.6765 -24.9354 -0.2843 -3.4293 9.4764 -0.8733 -0.4041 0.5142 1.6279 -0.6327 3.8079 2.1476 -0.3974 3.6557 -0.9043 3.3299 -19.5047 -0.9538 4.3134 43.1721 0.4437 0.8261 20.3123 0.0000 -0.0000 0.0000 -91.8751 -2.3245 27.4178 14.5032 -23.4495 -3.0255 -0.0000 0.0000 -7.4786 19.0330 -12.3632 -4.2243 -7.1250 0.0000 -0.0000 -5.6958 16.9662 3.8048 0.0000 -0.0000 0.0000 84.2783 3.4892 16.7013 -13.5336 22.0641 -2.6504 0.0000 -0.0000 -4.3271 -8.6373 -33.2408 4.7598 7.1250 -0.0000 -0.0000 28.1018 -61.2897 -11.6629
5.9661 16.8106 -3.2104 39.8721 -79.9243 -39.5883 0.0000 0.0000 0.0000 -12.1560 -4.9086 -3.5327 0.7613 5.5722 15.5480 0.0731 8.0234 -12.8251 0.2290 -3.0798 -8.5010 0.0000 0.0000 0.0000 15.5648 -10.7431 -9.5809 -1.6165 -8.0170 22.7657 -0.9870 -10.0302 -24.9079 -0.2790 -3.3974 9.3873 -0.3558 -0.3979 0.3577 1.7922 -0.6520 4.0996 2.0246 -0.4012 4.0445 -1.0857 3.2147 -20.0866 -0.8973 4.2549 43.0640 0.5076 0.7951 20.4027 0.0000 0.0000 0.0000 -92.5441 -2.6635 25.2578 14.5269 -23.4830 -3.0349 -0.0000 0.0000 -5.8365 16.8921 -11.7716 -3.5451 -7.1250 0.0000 -0.0000 -7.1805 17.7508 4.6866 0.0000 0.0000 0.0000 83.4664 4.2940 15.6924 -13.3444 21.7898 -2.5797 0.0000 -0.0000 -3.8216 -8.2633 -34.1022 4.6551 7.1250 -0.0000 -0.0000 29.3493 -61.9398 -12.6849
5.9711 16.8347 -3.2181 41.0525 -79.9316 -40.8290 0.0000 0.0000 0.0000 -12.1643 -5.0940 -3.1996 0.7076 5.3762 14.9849 0.0968 8.1421 -13.3816 0.1138 -2.1754 -5.9907 0.0000 0.0000 0.0000 15.4389 -10.4892 -9.0846 -1.5246 -7.7963 22.0971 -0.9625 -10.2456 -24.8935 -0.3264 -3.6720 10.1557 -0.5472 -0.2729 0.3363 1.7239 -0.4751 4.0375 2.0671 -0.3161 3.9860 -0.8583 3.2522 -19.9176 -0.6709 4.0964 43.1089 0.5433 0.8062 20.3789 -0.0000 0.0000 0.0000 -92.5288 -1.8645 24.9593 14.4326 -23.3498 -2.9974 -0.0000 0.0000 -6.0694 17.3712 -12.2819 -3.8072 -7.1250 0.0000 -0.0000 -6.8496 17.1869 4.5526 -0.0000 0.0000 0.0000 83.1120 4.3549 14.8348 -13.1310 21.4789 -2.5011 0.0000 -0.0000 -3.2597 -9.1112 -32.9513 4.9854 7.1250 -0.0000 -0.0000 27.3348 -61.1529 -11.2275
5.9679 16.8401 -3.1727 42.8883 -80.4131 -42.4145 0.0000 0.0000 0.0000 -12.0833 -5.4963 -2.9324 0.6725 5.2438 14.6054 0.0935 8.3481 -13.5811 0.1641 -2.6099 -7.1946 0.0000 0.0000 0.0000 15.4021 -10.2241 -9.0973 -1.4719 -7.6665 21.7057 -0.9255 -10.1040 -24.4715 -0.2907 -3.4671 9.5821 -0.4250 -0.1795 0.0765 1.5930 -0.3395 3.8409 1.8668 -0.2371 3.9210 -0.8617 3.1986 -19.3050 -0.4896 3.9178 42.6239 0.5843 0.7868 19.8608 0.0000 -0.0000 0.0000 -92.2949 -1.2618 24.3329 14.2208 -23.0495 -2.9140 -0.0000 0.0000 -5.7244 16.6674 -11.0695 -3.2899 -7.1250 0.0000 -0.0000 -7.3384 18.4912 4.6705 0.0000 -0.0000 0.0000 82.9289 4.6710 13.7498 -12.9249 21.1771 -2.4261 0.0000 -0.0000 -2.9604 -9.7046 -31.5097 5.1076 7.1250 -0.0000 -0.0000 25.4168 -60.0208 -9.6888
5.9793 16.8455 -3.1044 42.7254 -81.2353 -41.9789 0.0000 0.0000 0.0000 -11.5501 -5.7480 -3.0920 0.6730 5.2458 14.6110 0.0152 8.9981 -13.0966 0.3697 -3.9054 -10.8107 0.0000 0.0000 0.0000 15.9000 -9.3812 -9.1165 -1.4430 -7.5941 21.4878 -0.8842 -10.3805 -24.3711 -0.3097 -3.5780 9.8923 -0.3193 -0.2184 0.0549 1.7023 -0.3971 3.7861 1.9182 -0.2640 3.8787 -0.6677 3.4007 -19.5901 -0.6351 4.2361 42.6286 0.5515 0.9161 19.9604 0.0000 0.0000 0.0000 -92.2196 -1.2625 23.4848 13.7873 -22.4298 -2.7464 -0.0000 0.0000 -5.2099 16.6544 -11.9322 -3.5392 -7.1250 0.0000 -0.0000 -7.3467 17.6027 4.8209 0.0000 0.0000 0.0000 82.7083 4.9640 14.5984 -13.1503 21.5070 -2.5081 0.0000 -0.0000 -3.9273 -10.2157 -31.0705 5.3135 7.1250 -0.0000 -0.0000 24.5184 -59.7457 -9.1582
5.9775 16.8366 -2.9738 43.4534 -81.6364 -42.8915 0.0000 0.0000 0.0000 -11.9278 -5.7035 -2.8440 0.6908 5.3134 14.8046 0.0103 9.5343 -13.7596 0.3517 -3.8104 -10.5439 0.0000 0.0000 0.0000 15.5441 -9.2855 -9.0285 -1.4791 -7.6845 21.7597 -0.8808 -10.1625 -24.1519 -0.2537 -3.2405 8.9491 -0.3993 -0.2574 0.3074 1.6564 -0.4543 4.0022 1.9148 -0.2989 3.9627 -0.8204 3.3689 -19.4605 -0.6187 4.2463 42.3310 0.5864 0.9094 19.7190 -0.0000 0.0000 0.0000 -92.1500 -1.6734 24.6819 13.1873 -21.5610 -2.5217 -0.0000 0.0000 -5.9960 19.6042 -14.2892 -5.0238 -7.1250 0.0000 -0.0000 -5.3566 14.8964 3.8166 -0.0000 0.0000 0.0000 82.5574 5.2831 15.0591 -13.4425 21.9321 -2.6162 0.0000 -0.0000 -4.1721 -10.8799 -29.9440 5.4802 7.1250 -0.0000 -0.0000 22.9318 -58.8754 -8.0432
6.0049 16.8145 -2.8107 42.2552 -82.6033 -41.7109 0.0000 0.0000 0.0000 -11.7599 -4.7131 -3.9550 0.8327 5.8214 16.2671 0.0438 9.2798 -13.9674 0.2937 -3.4848 -9.6316 0.0000 0.0000 0.0000 15.8056 -8.4875 -9.1127 -1.5312 -7.8124 22.1457 -0.8646 -10.2985 -24.1359 -0.2725 -3.3576 9.2758 -0.0338 -0.2291 1.1093 1.7384 -0.4209 3.9017 1.7981 -0.2703 3.4013 -1.0881 3.3051 -19.3175 -0.0693 3.9701 42.4180 0.8403 0.8283 19.6996 0.0000 0.0000 0.0000 -91.7161 -2.2466 25.5102 13.1173 -21.4589 -2.4960 -0.0000 0.0000 -4.7652 18.8983 -12.0149 -4.0763 -7.1250 0.0000 -0.0000 -5.7829 17.3417 3.8159 0.0000 0.0000 0.0000 82.7140 5.1235 15.4657 -13.6446 22.2243 -2.6922 0.0000 -0.0000 -4.8750 -10.2063 -30.8936 5.2815 7.1250 -0.0000 -0.0000 24.3812 -59.5843 -9.0082
6.0159 16.8060 -2.5969 43.3021 -83.5102 -42.8698 0.0000 0.0000 0.0000 -11.9240 -4.3303 -4.8132 1.0125 6.4022 17.9561 0.1811 8.5538 -15.1751 0.1248 -2.2776 -6.2735 0.0000 0.0000 0.0000 15.5141 -8.3683 -9.1119 -1.5448 -7.8456 22.2461 -0.8093 -10.0832 -23.4757 -0.2014 -2.8895 7.9712 0.2005 -0.1751 1.7231 1.8011 -0.3567 4.0343 1.7345 -0.2359 3.1897 -0.8441 3.4109 -18.9681 -0.5255 4.2022 42.3533 0.6120 0.8893 19.5857 0.0000 0.0000 0.0000 -91.4733 -2.6619 27.6957 13.6432 -22.2223 -2.6917 -0.0000 0.0000 -5.7666 18.7361 -11.7947 -3.9660 -7.1250 0.0000 -0.0000 -5.8925 17.5850 3.8575 0.0000 0.0000 0.0000 82.6398 5.2019 16.3185 -13.7408 22.3629 -2.7287 0.0000 -0.0000 -5.1709 -10.6656 -30.7255 5.4962 7.1250 -0.0000 -0.0000 23.7709 -59.5377 -8.7398
6.0365 16.8151 -2.3677 48.4161 -84.3146 -47.9858 0.0000 0.0000 0.0000 -12.4346 -3.1901 -6.1635 1.2343 7.0454 19.8499 0.2485 7.7601 -15.2624 0.1416 -2.4253 -6.6825 0.0000 0.0000 0.0000 14.8405 -7.9989 -8.9999 -1.4911 -7.7141 21.8489 -0.6771 -10.2336 -22.4394 -0.1124 -2.1616 5.9524 0.1898 0.0052 2.3507 1.7313 -0.1229 4.3008 1.6718 -0.1241 3.1056 -1.2354 3.3792 -18.6812 -0.2614 4.2033 41.8756 0.8049 0.8888 19.1699 -0.0000 0.0000 0.0000 -91.1297 -3.4589 30.1343 13.9690 -22.6903 -2.8161 -0.0000 0.0000 -6.0516 19.2679 -11.7982 -4.0882 -7.1250 0.0000 -0.0000 -5.5210 17.5383 3.6176 -0.0000 0.0000 0.0000 82.8571 5.5716 16.3300 -13.5971 22.1558 -2.6743 0.0000 -0.0000 -4.7364 -10.6680 -30.4744 5.4571 7.1250 -0.0000 -0.0000 23.5660 -59.3106 -8.5298
6.0710 16.8278 -2.1503 53.3421 -85.7052 -52.7494 0.0000 0.0000 0.0000 -12.2231 -2.1438 -7.6509 1.4523 7.6175 21.5581 0.3293 7.2401 -15.8402 0.1036 -2.0752 -5.7135 0.0000 0.0000 0.0000 15.0124 -6.6503 -8.8956 -1.4416 -7.5906 21.4774 -0.5486 -10.8366 -21.8247 -0.0753 -1.7703 4.8712 0.5394 0.1414 3.4866 1.7576 0.0698 4.2486 1.5009 -0.0198 2.4090 -0.8100 3.6261 -18.2690 -0.7707 4.6355 41.4116 0.5640 1.0729 18.8034 -0.0000 -0.0000 0.0000 -90.6793 -3.6314 31.8622 14.4698 -23.4023 -3.0122 -0.0000 0.0000 -6.8104 19.4927 -11.9214 -4.1821 -7.1250 0.0000 -0.0000 -5.3665 17.3903 3.5329 -0.0000 -0.0000 0.0000 83.5212 5.1112 17.1851 -14.0629 22.8246 -2.8525 0.0000 -0.0000 -5.3986 -10.0619 -30.9637 5.2162 7.1250 -0.0000 -0.0000 24.5876 -59.6143 -9.1080
6.0821 16.8433 -1.9197 64.4696 -86.6501 -63.5626 0.0000 0.0000 0.0000 -12.5797 -1.4429 -8.5811 1.5940 7.9636 22.6034 0.4084 6.9539 -16.5880 0.0774 -1.7950 -4.9394 0.0000 0.0000 0.0000 14.6347 -5.9628 -8.8977 -1.3584 -7.3774 20.8384 -0.4410 -10.9331 -20.8690 -0.0360 -1.2241 3.3657 0.5037 0.2784 3.8693 1.7403 0.2386 4.5412 1.5005 0.0569 2.4940 -1.0134 3.5986 -18.0094 -1.0053 4.8185 40.3593 0.5241 1.1342 18.1045 -0.0000 -0.0000 0.0000 -90.4969 -4.3004 33.0427 14.5473 -23.5116 -3.0430 -0.0000 0.0000 -7.3344 20.2573 -12.6649 -4.6261 -7.1250 0.0000 -0.0000 -4.8542 16.5406 3.2833 -0.0000 -0.0000 0.0000 83.8250 5.2142 18.4311 -14.5172 23.4692 -3.0310 0.0000 -0.0000 -6.7015 -10.2719 -31.1124 5.3497 7.1250 -0.0000 -0.0000 24.4955 -59.7964 -9.1789
6.0894 16.8637 -1.7049 81.4656 -86.6847 -79.9732 0.0000 0.0000 0.0000 -13.6323 -1.2674 -9.1347 1.6390 8.0698 22.9263 0.4991 6.8211 -17.5599 0.0129 -0.7335 -2.0158 0.0000 0.0000 0.0000 13.6052 -5.2577 -8.9388 -1.2563 -7.1056 20.0285 -0.3723 -10.9253 -20.1517 -0.0323 -1.1598 3.1886 -0.3692 0.2970 3.9647 1.5478 0.2435 4.7307 1.7925 0.0333 2.6336 -1.2249 3.7120 -17.9687 -1.0993 5.1623 39.4144 0.5879 1.2754 17.5479 -0.0000 0.0000 0.0000 -90.3570 -4.6953 33.4400 14.4805 -23.4174 -3.0164 -0.0000 0.0000 -7.4715 20.6759 -13.0122 -4.8569 -7.1250 0.0000 -0.0000 -4.5762 16.1346 3.1344 -0.0000 0.0000 0.0000 84.1848 5.3832 19.3919 -14.7058 23.7347 -3.1066 0.0000 -0.0000 -7.5619 -9.7938 -30.6278 5.0258 7.1250 -0.0000 -0.0000 24.5862 -59.2511 -8.8915
6.0858 16.8999 -1.5007 99.5408 -86.8904 -97.4703 0.0000 0.0000 0.0000 -14.1508 -0.9681 -9.9981 1.7001 8.2114 23.3580 0.5325 7.1090 -18.1840 0.0024 -0.3183 -0.8747 0.0000 0.0000 0.0000 13.1555 -4.3346 -8.5586 -1.0660 -6.5640 18.4300 -0.2097 -11.5619 -19.0960 -0.0215 -0.9460 2.6003 -0.2887 0.3429 4.1329 1.1345 0.3182 4.6609 1.3195 0.0830 2.4664 -0.8140 3.8305 -17.5408 -1.5353 5.3609 38.7156 0.3481 1.3870 17.0896 0.0000 0.0000 0.0000 -89.6142 -4.6052 34.0306 14.4627 -23.3923 -3.0094 -0.0000 0.0000 -7.6941 21.3331 -12.7474 -4.9253 -7.1250 0.0000 -0.0000 -4.1122 16.3516 2.7954 0.0000 0.0000 0.0000 85.1421 5.0396 19.9432 -14.9917 24.1346 -3.2226 0.0000 -0.0000 -7.8955 -9.5714 -30.6523 4.9136 7.1250 -0.0000 -0.0000 24.8335 -59.2229 -8.9710
6.0603 16.9223 -1.3123 119.4910 -86.8933 -117.2770 0.0000 0.0000 0.0000 -14.4863 -0.4236 -10.0864 1.7224 8.2621 23.5130 0.6007 7.1362 -18.9501 0.0004 0.1302 0.3577 0.0000 0.0000 0.0000 12.8953 -3.7101 -7.5526 -0.8673 -5.9383 16.6054 -0.0640 -12.1155 -18.0601 -0.0124 -0.7193 1.9767 -0.2866 0.3859 4.3278 0.8994 0.3749 4.7329 1.0747 0.1134 2.4318 -0.2921 4.0509 -17.4059 -1.9780 5.6797 38.3623 0.1175 1.5430 16.9113 0.0000 0.0000 0.0000 -89.1569 -4.6726 34.0402 14.1551 -22.9560 -2.8883 -0.0000 0.0000 -8.2935 19.6214 -10.8309 -3.8326 -7.1250 0.0000 -0.0000 -5.2562 18.5258 3.3278 0.0000 0.0000 0.0000 85.6947 4.8686 20.6230 -15.1265 24.3220 -3.2779 0.0000 -0.0000 -7.8356 -9.2076 -31.8940 4.8952 7.1250 -0.0000 -0.0000 26.2638 -60.2458 -10.1810
6.0294 16.9395 -1.1389 135.1370 -86.4974 -132.5150 0.0000 0.0000 0.0000 -14.9428 -0.1225 -10.5584 1.8083 8.4549 24.1045 0.6843 7.1901 -19.8611 0.0027 0.3342 0.9182 0.0000 0.0000 0.0000 12.5252 -3.1060 -6.7913 -0.6854 -5.2931 14.7466 0.0423 -12.4826 -17.1969 -0.0048 -0.4459 1.2253 -0.9310 0.4472 4.0630 1.0484 0.4449 4.6553 1.5892 0.1285 2.4927 -0.4321 4.3247 -17.4188 -1.9719 6.1244 38.5824 0.2271 1.6863 17.0335 -0.0000 -0.0000 0.0000 -89.4845 -4.6143 33.7208 13.8771 -22.5587 -2.7808 -0.0000 0.0000 -8.5710 20.1780 -11.5711 -4.2158 -7.1250 0.0000 -0.0000 -4.8795 17.7014 3.1764 -0.0000 -0.0000 0.0000 85.5641 4.8707 20.3895 -14.8304 23.9094 -3.1569 0.0000 -0.0000 -7.2663 -9.3619 -31.0574 4.8615 7.1250 -0.0000 -0.0000 25.3831 -59.5380 -9.3793
6.0193 16.9623 -0.9992 149.2460 -86.1265 -146.3010 0.0000 0.0000 0.0000 -14.9287 0.0579 -10.9333 1.8314 8.5056 24.2608 0.6655 7.6662 -20.0590 0.0003 0.1050 0.2884 0.0000 0.0000 0.0000 12.6621 -1.8813 -5.7692 -0.5237 -4.6378 12.8784 0.2300 -13.7148 -16.4988 -0.0010 -0.2021 0.5552 -1.5133 0.5355 3.9565 1.2848 0.5486 4.6132 2.1582 0.1597 2.4990 -0.4980 4.6070 -17.3294 -1.9670 6.5611 38.6128 0.3209 1.8494 17.0293 0.0000 -0.0000 0.0000 -89.8016 -4.7206 33.0195 13.8464 -22.5146 -2.7690 -0.0000 0.0000 -7.9495 20.0593 -11.5552 -4.1833 -7.1250 0.0000 -0.0000 -4.9624 17.7282 3.2278 0.0000 -0.0000 0.0000 85.2972 4.9983 21.0805 -14.9947 24.1388 -3.2238 0.0000 -0.0000 -7.6494 -9.7087 -32.3899 5.2365 7.1250 -0.0000 -0.0000 26.1941 -60.8034 -10.5021
5.9907 16.9668 -0.8562 151.3350 -85.3170 -148.3000 0.0000 0.0000 0.0000 -15.8127 0.7016 -11.1277 1.8572 8.5621 24.4348 0.7120 7.6012 -20.4678 0.0001 -0.0535 -0.1469 0.0000 0.0000 0.0000 11.8001 -1.6889 -5.3180 -0.4542 -4.3233 11.9881 0.2536 -13.6066 -15.9549 -0.0003 -0.1160 0.3187 -2.4442 0.6146 4.2242 1.2041 0.6414 4.2889 2.5922 0.1962 2.0026 -0.5603 4.8556 -16.8298 -1.8727 6.8711 38.7467 0.4160 1.9685 16.9694 0.0000 0.0000 0.0000 -90.0344 -4.7369 32.7287 13.6187 -22.1870 -2.6824 -0.0000 0.0000 -7.8094 19.9562 -10.9705 -3.9529 -7.1250 0.0000 -0.0000 -5.0225 18.3529 3.1979 0.0000 0.0000 0.0000 85.0398 4.3405 21.4894 -15.1244 24.3191 -3.2770 0.0000 -0.0000 -8.3070 -9.4297 -31.5495 4.9665 7.1250 -0.0000 -0.0000 25.7335 -59.9921 -9.8016
5.9716 16.9774 -0.7317 157.3680 -84.7945 -154.1500 0.0000 0.0000 0.0000 -15.9882 0.7254 -11.5555 1.9627 8.7880 25.1344 0.7973 7.5360 -21.2339 0.0063 0.5127 1.4088 0.0000 0.0000 0.0000 11.5806 -1.4459 -4.8944 -0.3733 -3.9242 10.8634 0.3103 -13.6662 -15.1514 -0.0011 -0.2124 0.5835 -2.8432 0.7052 4.0553 1.3523 0.7503 4.4288 2.9697 0.2301 2.2301 -0.3180 5.2567 -16.9744 -2.5765 7.6971 38.5956 0.2229 2.2431 16.9995 0.0000 -0.0000 0.0000 -90.4019 -5.3294 33.0930 13.8021 -22.4511 -2.7521 -0.0000 0.0000 -8.0278 20.0449 -10.6212 -3.8473 -7.1250 0.0000 -0.0000 -4.9538 18.7145 3.1141 0.0000 -0.0000 0.0000 84.5980 4.6336 22.2289 -15.3687 24.6572 -3.3783 0.0000 -0.0000 -9.0037 -9.4427 -31.1017 4.9103 7.1250 -0.0000 -0.0000 25.3377 -59.5959 -9.3966
5.9641 16.9709 -0.6311 161.6860 -84.5400 -158.4280 0.0000 0.0000 0.0000 -16.0182 1.1657 -12.0590 2.0505 8.9705 25.7030 0.8343 7.2875 -21.3873 0.0082 0.5864 1.6113 0.0000 0.0000 0.0000 11.5383 -0.9962 -4.4153 -0.3283 -3.6823 10.1847 0.3673 -14.0381 -14.8999 -0.0014 -0.2413 0.6629 -3.0007 0.7154 4.2383 1.2644 0.7550 4.4331 2.9655 0.2305 2.1315 0.2437 5.6207 -16.7625 -2.6944 8.0759 38.6955 0.1383 2.4566 17.0482 0.0000 -0.0000 0.0000 -90.1186 -5.6937 33.9478 13.9231 -22.6247 -2.7985 -0.0000 0.0000 -8.9394 20.0274 -11.2653 -4.0731 -7.1250 0.0000 -0.0000 -4.9784 18.0363 3.2045 0.0000 -0.0000 0.0000 84.8059 4.6754 22.3891 -15.5261 24.8739 -3.4442 0.0000 -0.0000 -9.1672 -9.2919 -30.9621 4.8114 7.1250 -0.0000 -0.0000 25.3747 -59.4368 -9.3139
5.9345 16.9712 -0.5394 161.0230 -84.2406 -157.6490 0.0000 0.0000 0.0000 -16.5419 1.2345 -12.1073 2.0650 9.0001 25.7957 0.8956 7.0903 -21.8006 0.0239 0.9985 2.7447 0.0000 0.0000 0.0000 11.0307 -0.9109 -4.0831 -0.2809 -3.4087 9.4188 0.4322 -14.4335 -14.5587 -0.0001 0.0664 -0.1825 -2.3865 0.7681 3.7142 0.3178 0.8650 4.6815 1.6498 0.3054 2.6927 0.7908 5.8611 -16.9087 -1.9433 7.9724 38.4944 0.3657 2.6218 16.9470 0.0000 -0.0000 0.0000 -88.8042 -6.1896 35.2984 14.3155 -23.1839 -2.9512 -0.0000 0.0000 -9.9178 20.0134 -10.6916 -3.8658 -7.1250 0.0000 -0.0000 -4.9772 18.6426 3.1369 0.0000 -0.0000 0.0000 86.1591 5.2073 22.3901 -15.6386 25.0281 -3.4916 0.0000 -0.0000 -9.3846 -9.5579 -31.9768 5.0956 7.1250 -0.0000 -0.0000 25.9772 -60.4018 -10.1580
5.9173 16.9831 -0.4643 165.0930 -83.9940 -161.4170 0.0000 0.0000 0.0000 -16.5021 1.4801 -12.5343 2.1063 9.0841 26.0588 0.9204 7.1482 -22.0665 0.0170 0.8420 2.3143 0.0000 0.0000 0.0000 11.2015 -0.7123 -3.5273 -0.1976 -2.8622 7.8954 0.5329 -14.9259 -13.7317 -0.0036 0.3881 -1.0665 -2.5274 0.8864 3.4235 0.3693 1.0333 4.5568 1.7826 0.3883 2.7158 1.1595 6.0716 -16.7641 -2.0805 8.2218 38.3083 0.2852 2.7705 16.8484 0.0000 0.0000 0.0000 -88.6674 -6.2281 36.9001 14.6254 -23.6217 -3.0743 -0.0000 0.0000 -10.8001 20.4239 -10.5728 -3.9086 -7.1250 0.0000 -0.0000 -4.6849 18.7365 2.9416 0.0000 0.0000 0.0000 86.2969 5.2642 21.9457 -15.4540 24.7748 -3.4139 0.0000 -0.0000 -9.0474 -9.2044 -30.8612 4.7516 7.1250 -0.0000 -0.0000 25.3800 -59.3269 -9.2484
5.8690 16.9948 -0.3935 165.1900 -83.8535 -161.2560 0.0000 0.0000 0.0000 -16.8603 1.2874 -12.3919 2.0800 9.0308 25.8917 0.9440 7.2424 -22.3449 0.0359 1.2229 3.3624 0.0000 0.0000 0.0000 10.9114 -0.8383 -2.7721 -0.1272 -2.2989 6.3325 0.6082 -15.3082 -13.0891 -0.0044 0.4266 -1.1721 -2.8953 0.8302 3.3486 0.3897 0.9673 4.0837 2.0082 0.3641 2.2661 1.0050 6.1929 -16.4336 -1.8909 8.3924 37.8213 0.4140 2.8765 16.4871 0.0000 0.0000 0.0000 -88.9596 -5.5288 36.4640 14.7820 -23.8416 -3.1373 -0.0000 0.0000 -10.7108 20.0394 -10.7690 -3.8989 -7.1250 0.0000 -0.0000 -4.9602 18.5590 3.1353 0.0000 0.0000 0.0000 86.2448 4.4772 22.1850 -15.6935 25.1033 -3.5149 0.0000 -0.0000 -9.0950 -9.4810 -31.2045 4.9450 7.1250 -0.0000 -0.0000 25.3854 -59.6965 -9.4774
5.8259 16.9978 -0.3383 169.5430 -83.8309 -165.3420 0.0000 0.0000 0.0000 -16.5563 1.3118 -12.5753 2.0862 9.0434 25.9311 0.9751 7.0582 -22.4839 0.0601 1.5816 4.3508 0.0000 0.0000 0.0000 11.2200 -1.2041 -1.2588 -0.0335 -1.1819 3.2495 0.7626 -16.1302 -11.6827 -0.0145 0.7764 -2.1338 -2.6362 0.8415 2.8110 0.4390 1.0095 3.9080 1.9193 0.3958 2.3860 1.0194 6.1651 -16.4891 -1.9847 8.4228 37.0474 0.3774 2.9243 16.1086 -0.0000 0.0000 0.0000 -89.0697 -5.3275 35.9282 14.6851 -23.7056 -3.0982 -0.0000 0.0000 -10.3397 20.3546 -10.8095 -3.9801 -7.1250 0.0000 -0.0000 -4.7385 18.4915 3.0013 -0.0000 0.0000 0.0000 86.4392 4.4329 21.9791 -15.4721 24.7996 -3.4215 0.0000 -0.0000 -8.9295 -9.3625 -31.1755 4.8784 7.1250 -0.0000 -0.0000 25.4822 -59.6435 -9.4839
5.7713 16.9987 -0.2881 167.1050 -83.6801 -162.9390 0.0000 0.0000 0.0000 -17.0907 1.3533 -12.3259 2.0800 9.0308 25.8916 1.0037 7.0435 -22.7215 0.0783 1.8055 4.9686 0.0000 0.0000 0.0000 10.6388 -1.6175 0.2595 -0.0023 -0.3096 0.8507 0.8617 -16.7207 -10.8348 -0.0136 0.7524 -2.0678 -2.9241 0.8837 2.1029 0.2924 1.0903 4.0767 1.9418 0.4195 2.9527 0.9169 5.8736 -16.6280 -2.3041 8.2075 35.4032 0.2235 2.8710 15.3368 -0.0000 -0.0000 0.0000 -88.9927 -5.7175 35.9738 14.0661 -22.8291 -2.8537 -0.0000 0.0000 -9.9251 20.7528 -11.2974 -4.2454 -7.1250 0.0000 -0.0000 -4.4697 17.9426 2.8841 -0.0000 -0.0000 0.0000 86.4783 4.5445 22.2878 -15.5558 24.9147 -3.4567 0.0000 -0.0000 -9.3649 -9.7641 -30.6453 5.0129 7.1250 -0.0000 -0.0000 24.6308 -59.2601 -8.9143
5.7256 16.9946 -0.2581 164.7660 -83.4940 -160.5200 0.0000 0.0000 0.0000 -17.5932 1.4265 -12.2217 2.0580 8.9858 25.7510 0.9917 7.3024 -22.8047 0.0591 1.5691 4.3161 0.0000 0.0000 0.0000 10.1869 -1.3234 -0.1783 -0.0120 -0.7068 1.9425 0.8086 -16.4176 -11.3599 -0.0219 0.9561 -2.6281 -3.3514 0.9269 1.8152 0.2233 1.1645 3.8878 2.1133 0.4516 2.9096 0.4269 5.5171 -16.5786 -2.3523 7.8906 34.0971 0.2271 2.7394 14.6778 0.0000 0.0000 0.0000 -89.0846 -5.5036 34.6620 13.7841 -22.4252 -2.7452 -0.0000 0.0000 -9.1927 19.6746 -10.9578 -3.8881 -7.1250 0.0000 -0.0000 -5.2208 18.3884 3.3211 0.0000 0.0000 0.0000 86.6016 4.5054 22.1638 -15.5979 24.9724 -3.4745 0.0000 -0.0000 -9.1912 -9.8364 -31.0946 5.1169 7.1250 -0.0000 -0.0000 24.9284 -59.6800 -9.2835
5.7003 16.9940 -0.2420 170.7990 -83.6305 -166.5060 0.0000 0.0000 0.0000 -16.8622 1.4929 -12.4087 2.1158 9.1031 26.1185 0.9918 7.2868 -22.7947 0.0517 1.4680 4.0374 0.0000 0.0000 0.0000 10.8709 -1.5972 0.9431 0.0000 -0.0000 0.0000 0.8843 -16.8695 -10.6865 -0.0149 0.7873 -2.1638 -2.7848 0.9077 1.7420 0.4164 1.1411 3.6873 1.9940 0.4610 2.7495 -0.0282 5.0490 -15.7925 -2.1354 7.2642 32.1981 0.2563 2.5514 13.6061 0.0000 0.0000 0.0000 -89.0160 -5.2194 34.0340 13.5356 -22.0669 -2.6511 -0.0000 0.0000 -8.6260 20.2319 -10.6380 -3.8923 -7.1250 0.0000 -0.0000 -4.8218 18.6824 3.0340 0.0000 0.0000 0.0000 86.5789 4.4789 22.3075 -15.4856 24.8182 -3.4272 0.0000 -0.0000 -9.1642 -9.3141 -30.6822 4.7839 7.1250 -0.0000 -0.0000 25.1204 -59.1916 -9.0639
5.6634 16.9941 -0.2255 168.2460 -83.4493 -163.8940 0.0000 0.0000 0.0000 -17.3191 1.5160 -12.2733 2.1203 9.1123 26.1471 1.0288 7.2237 -23.0656 0.0588 1.5649 4.3046 0.0000 0.0000 0.0000 10.4352 -1.4712 1.0163 0.0000 -0.0000 0.0000 0.8902 -16.9124 -10.6687 -0.0150 0.7915 -2.1754 -3.1182 0.8952 1.3626 0.3845 1.1410 3.6840 2.1544 0.4499 2.9553 -0.2028 4.6701 -16.5643 -2.3278 6.8844 31.6910 0.1700 2.3612 13.5529 -0.0000 -0.0000 0.0000 -89.1559 -5.2491 33.2124 13.2163 -21.6034 -2.5324 -0.0000 0.0000 -7.8543 20.0853 -10.4808 -3.8054 -7.1250 0.0000 -0.0000 -4.9228 18.8596 3.0786 -0.0000 -0.0000 0.0000 86.5709 4.5314 22.4140 -15.7103 25.1262 -3.5220 0.0000 -0.0000 -9.3002 -9.3999 -31.0798 4.8846 7.1250 -0.0000 -0.0000 25.3631 -59.5666 -9.3889
5.6364 16.9916 -0.2212 168.2070 -83.3563 -163.7840 0.0000 0.0000 0.0000 -17.3873 1.4668 -12.2560 2.1203 9.1123 26.1471 1.0226 7.4338 -23.1652 0.0454 1.3750 3.7813 0.0000 0.0000 0.0000 10.3818 -1.3405 1.0432 0.0000 -0.0000 0.0000 0.9251 -17.1774 -10.6241 -0.0212 0.9394 -2.5821 -3.1322 0.8651 1.1291 0.4015 1.1116 3.5813 2.1824 0.4373 2.9818 -0.2867 4.3452 -16.7624 -2.4832 6.5088 31.0772 0.0670 2.1957 13.3324 -0.0000 -0.0000 0.0000 -89.1312 -5.2573 33.0746 12.9614 -21.2307 -2.4393 -0.0000 0.0000 -7.8780 19.7504 -9.5737 -3.4174 -7.1250 0.0000 -0.0000 -5.1494 19.8406 3.1085 -0.0000 -0.0000 0.0000 86.5352 4.4230 22.6744 -15.7866 25.2304 -3.5545 0.0000 -0.0000 -9.6556 -9.5106 -31.2344 4.9650 7.1250 -0.0000 -0.0000 25.3804 -59.7301 -9.4960
5.5919 16.9893 -0.2351 169.6680 -82.9856 -165.3320 0.0000 0.0000 0.0000 -17.2854 1.7245 -11.8357 2.0875 9.0460 25.9393 1.0450 7.5029 -23.4036 0.0435 1.3462 3.7020 0.0000 0.0000 0.0000 10.5190 -0.9453 1.3446 0.0000 -0.0000 0.0000 0.8954 -17.0212 -10.9915 -0.0242 1.0050 -2.7626 -3.0195 0.9600 0.7805 0.4120 1.2510 3.5741 2.1383 0.5078 3.1642 -0.3047 3.8636 -16.7715 -2.7482 5.9109 30.2193 -0.1278 1.9367 12.9764 0.0000 -0.0000 0.0000 -89.1338 -5.1876 32.5160 12.8186 -21.0208 -2.3878 -0.0000 0.0000 -7.5190 19.9781 -10.9090 -3.9357 -7.1250 0.0000 -0.0000 -5.0060 18.4161 3.1803 0.0000 -0.0000 0.0000 86.6058 4.3328 22.7311 -15.8627 25.3341 -3.5870 0.0000 -0.0000 -9.8318 -9.7460 -30.6062 4.9977 7.1250 -0.0000 -0.0000 24.6176 -59.2209 -8.8857
5.5604 16.9899 -0.2586 166.4230 -82.8271 -162.0610 0.0000 0.0000 0.0000 -17.7104 1.7189 -11.5032 2.0240 8.9159 25.5327 1.0273 7.7218 -23.4159 0.0442 1.3572 3.7323 0.0000 0.0000 0.0000 10.1042 -0.9034 1.4915 0.0000 0.0000 -0.0000 0.9493 -17.4577 -11.0903 -0.0027 0.3384 -0.9297 -3.5494 0.8043 0.7373 0.5052 1.0503 3.4284 2.5274 0.3971 3.0408 -1.4757 3.4487 -17.4801 -2.1225 5.5241 29.9220 0.2651 1.7295 12.9350 0.0000 0.0000 0.0000 -89.6057 -5.0910 31.9170 12.7976 -20.9899 -2.3803 -0.0000 0.0000 -7.1843 20.1570 -10.8879 -3.9663 -7.1250 0.0000 -0.0000 -4.8794 18.4243 3.0984 0.0000 0.0000 0.0000 86.3461 4.3670 23.0478 -15.6740 25.0766 -3.5066 0.0000 -0.0000 -9.6971 -9.6895 -30.9797 5.0227 7.1250 -0.0000 -0.0000 24.9828 -59.5433 -9.2229
5.5411 16.9994 -0.2868 166.3510 -82.9435 -161.9360 0.0000 0.0000 0.0000 -17.6075 1.4273 -11.1737 1.9477 8.7562 25.0357 0.9901 8.0984 -23.3848 0.0341 1.1916 3.2763 0.0000 0.0000 0.0000 10.2618 -0.9539 1.4542 0.0000 -0.0000 0.0000 0.9378 -17.3799 -11.1362 -0.0276 1.0723 -2.9477 -3.3575 0.6861 0.5336 0.5370 0.8990 3.3817 2.4525 0.3267 3.1195 -1.5712 3.1828 -17.8470 -2.4375 5.2986 29.4818 0.1314 1.5953 12.8405 0.0000 0.0000 0.0000 -89.8109 -5.0640 31.6842 12.9890 -21.2710 -2.4493 -0.0000 0.0000 -7.3185 19.9142 -10.3091 -3.7094 -7.1250 0.0000 -0.0000 -5.0413 19.0535 3.1315 0.0000 0.0000 0.0000 86.4193 4.4187 22.7000 -15.5266 24.8746 -3.4444 0.0000 -0.0000 -9.4313 -9.8014 -31.2278 5.1179 7.1250 -0.0000 -0.0000 25.0765 -59.7912 -9.4103
5.5015 16.9985 -0.3299 159.6490 -82.7600 -155.3900 0.0000 0.0000 0.0000 -18.4789 1.2591 -10.2286 1.8056 8.4488 24.0857 0.9378 8.5281 -23.2738 0.0340 1.1901 3.2720 0.0000 0.0000 0.0000 9.4449 -0.8407 0.9704 -0.0079 -0.5741 1.5775 0.8546 -16.9356 -11.9670 -0.0335 1.1810 -3.2469 -3.9435 0.5798 0.0871 0.2597 0.7930 3.4646 2.4990 0.2529 3.4635 -1.5857 2.9594 -18.2068 -2.5019 5.0277 29.2183 0.0726 1.4774 12.8085 0.0000 0.0000 0.0000 -89.6597 -5.2412 32.3568 12.9483 -21.2114 -2.4345 -0.0000 0.0000 -8.1176 20.1962 -11.1206 -4.0583 -7.1250 0.0000 -0.0000 -4.8566 18.1754 3.1106 0.0000 0.0000 0.0000 86.5656 4.3896 22.4067 -15.3812 24.6745 -3.3835 0.0000 -0.0000 -9.0193 -9.5361 -31.2775 4.9846 7.1250 -0.0000 -0.0000 25.3909 -59.7745 -9.5274
5.4969 17.0056 -0.4034 159.3770 -82.8721 -155.1710 0.0000 0.0000 0.0000 -18.1619 1.1046 -10.0501 1.7927 8.4202 23.9977 0.9294 8.6006 -23.2600 0.0295 1.1083 3.0469 0.0000 0.0000 0.0000 9.7801 -0.5391 0.0134 -0.0406 -1.3004 3.5756 0.7745 -16.5697 -12.8628 -0.0106 0.6645 -1.8260 -3.8721 0.5445 0.0221 0.3305 0.7458 3.4963 2.5318 0.2284 3.5364 -2.0509 2.5949 -18.6504 -2.2715 4.6103 29.2568 0.1796 1.2706 12.8958 0.0000 0.0000 0.0000 -89.7840 -5.4647 32.5408 13.2183 -21.6063 -2.5331 -0.0000 0.0000 -8.1770 20.4683 -10.6521 -3.9468 -7.1250 0.0000 -0.0000 -4.6551 18.6491 2.9318 0.0000 0.0000 0.0000 86.5484 4.4524 22.2304 -15.2788 24.5331 -3.3409 0.0000 -0.0000 -9.0704 -9.6267 -31.1842 5.0192 7.1250 -0.0000 -0.0000 25.2189 -59.7120 -9.4197
5.4862 17.0027 -0.4850 156.1980 -83.1412 -152.1580 0.0000 0.0000 0.0000 -18.1785 0.8386 -9.3603 1.7036 8.2193 23.3822 0.8927 8.6711 -22.9998 0.0318 1.1506 3.1633 0.0000 0.0000 0.0000 9.7536 -0.3803 -1.3606 -0.1349 -2.3671 6.5212 0.5846 -15.5793 -14.2899 -0.0273 1.0670 -2.9331 -3.9105 0.4841 0.2932 0.3334 0.6538 3.3085 2.5499 0.1928 3.1946 -2.4830 2.3438 -18.7914 -2.1276 4.3438 29.9229 0.2651 1.0906 13.1877 0.0000 0.0000 0.0000 -89.8642 -5.0643 33.2057 13.5554 -22.0955 -2.6586 -0.0000 0.0000 -8.7446 20.9144 -11.1246 -4.2170 -7.1250 0.0000 -0.0000 -4.3516 18.1123 2.7912 0.0000 0.0000 0.0000 86.4663 3.8427 21.9616 -15.3863 24.6815 -3.3856 0.0000 -0.0000 -8.7834 -9.3903 -31.2637 4.9054 7.1250 -0.0000 -0.0000 25.5285 -59.7285 -9.5550
5.5017 16.9944 -0.5861 151.1960 -83.3461 -147.1920 0.0000 0.0000 0.0000 -18.2769 0.7994 -9.0416 1.6109 8.0036 22.7249 0.8403 8.6304 -22.5061 0.0235 0.9888 2.7179 0.0000 0.0000 0.0000 9.5963 -0.2321 -2.9319 -0.2728 -3.3598 9.2821 0.4574 -15.1112 -15.5476 -0.0268 1.0569 -2.9055 -4.2252 0.3939 -0.0678 0.3050 0.5570 3.5826 2.6994 0.1184 3.6899 -2.8927 1.9169 -18.9908 -2.1306 3.8685 30.2624 0.2558 0.8173 13.3673 -0.0000 -0.0000 0.0000 -89.8392 -5.6287 33.7584 13.8146 -22.4691 -2.7569 -0.0000 0.0000 -9.4426 20.6556 -10.7536 -4.0236 -7.1250 0.0000 -0.0000 -4.5249 18.5269 2.8616 -0.0000 -0.0000 0.0000 86.3791 4.3282 21.6718 -15.1419 24.3434 -3.2842 0.0000 -0.0000 -8.5673 -9.2253 -31.1527 4.8029 7.1250 -0.0000 -0.0000 25.6029 -59.5916 -9.5004
5.5088 16.9716 -0.6997 147.8940 -83.8783 -144.1470 0.0000 0.0000 0.0000 -17.8700 0.4373 -8.5940 1.5891 7.9519 22.5682 0.8279 8.5555 -22.3332 0.0177 0.8592 2.3616 0.0000 0.0000 0.0000 9.9558 -1.2395 -3.9232 -0.3957 -4.0390 11.1865 0.2881 -14.0174 -16.1545 -0.0240 0.9996 -2.7478 -4.0257 0.3165 0.5275 0.3178 0.4198 3.4647 2.5919 0.0674 3.2414 -3.2573 1.5614 -19.1814 -2.0886 3.4531 31.2491 0.2606 0.5483 13.8270 -0.0000 -0.0000 0.0000 -89.7418 -5.2556 33.8305 14.1614 -22.9650 -2.8908 -0.0000 0.0000 -10.0917 19.9471 -10.6576 -3.8399 -7.1250 0.0000 -0.0000 -5.0235 18.6836 3.1617 -0.0000 -0.0000 0.0000 86.4117 4.0785 21.5859 -15.0475 24.2122 -3.2454 0.0000 -0.0000 -8.3588 -9.4528 -30.9917 4.9001 7.1250 -0.0000 -0.0000 25.2351 -59.5001 -9.2971
5.5278 16.9548 -0.8322 143.4490 -84.2250 -140.0340 0.0000 0.0000 0.0000 -17.5583 0.5268 -8.3290 1.5848 7.9416 22.5368 0.7761 8.3970 -21.7305 0.0045 0.4316 1.1858 0.0000 0.0000 0.0000 10.1884 -1.4931 -4.8749 -0.5661 -4.8187 13.3921 0.1162 -13.2392 -17.3359 -0.0063 0.5127 -1.4088 -4.1143 0.3921 0.9574 0.3741 0.4981 3.5423 2.6985 0.1037 3.0727 -3.8313 1.1706 -19.0082 -2.0255 3.0297 31.6969 0.3063 0.2815 13.9797 0.0000 0.0000 0.0000 -89.8933 -5.1986 33.8244 14.1647 -22.9697 -2.8921 -0.0000 0.0000 -9.6355 20.5509 -11.0386 -4.1058 -7.1250 0.0000 -0.0000 -4.6052 18.2333 2.9426 0.0000 0.0000 0.0000 86.3079 3.8115 21.3503 -15.2052 24.4312 -3.3104 0.0000 -0.0000 -8.3741 -9.4566 -30.8897 4.8876 7.1250 -0.0000 -0.0000 25.1462 -59.4096 -9.2067
5.5480 16.9489 -0.9728 135.8990 -84.8858 -132.5680 0.0000 0.0000 0.0000 -17.0808 0.1247 -8.3248 1.5751 7.9185 22.4669 0.7345 8.1917 -21.1698 0.0008 0.1872 0.5143 0.0000 0.0000 0.0000 10.5833 -2.1936 -5.7382 -0.6961 -5.3335 14.8623 0.0044 -12.7595 -18.0891 -0.0007 0.1718 -0.4719 -4.5405 0.2398 1.0898 0.7944 0.2819 3.5795 3.3690 -0.0235 3.0532 -4.0767 0.9320 -18.6333 -2.7699 2.9631 31.9387 0.0310 0.0987 14.0264 0.0000 -0.0000 0.0000 -90.7127 -5.1266 32.8286 13.9976 -22.7313 -2.8272 -0.0000 0.0000 -8.8881 22.2170 -11.8049 -4.7764 -7.1250 0.0000 -0.0000 -3.4611 17.2722 2.2816 0.0000 -0.0000 0.0000 85.5498 3.7368 21.8188 -15.2579 24.5042 -3.3322 0.0000 -0.0000 -8.7517 -9.6888 -30.9611 5.0196 7.1250 -0.0000 -0.0000 24.9682 -59.5265 -9.2069
5.5483 16.9284 -1.1089 124.0850 -85.0390 -120.8610 0.0000 0.0000 0.0000 -17.1650 -0.5785 -7.8934 1.5255 7.7987 22.1043 0.7404 8.0681 -21.1240 0.0097 0.6358 1.7473 0.0000 0.0000 0.0000 10.4226 -3.3907 -6.6212 -0.8405 -5.8480 16.3442 -0.1385 -11.8771 -18.6561 -0.0010 0.2071 -0.5691 -4.4155 0.1706 0.2587 0.3832 0.2390 4.3126 2.8768 -0.0831 4.2919 -4.1859 0.2891 -19.6573 -2.4978 2.0642 32.3733 0.0028 -0.2761 14.4463 0.0000 0.0000 0.0000 -90.4882 -5.8790 31.9642 14.0280 -22.7748 -2.8390 -0.0000 0.0000 -8.1727 21.5090 -11.3941 -4.4518 -7.1250 0.0000 -0.0000 -3.9418 17.7750 2.5563 0.0000 0.0000 0.0000 86.0188 5.0172 21.2353 -14.9468 24.0719 -3.2042 0.0000 -0.0000 -8.3573 -9.3716 -31.3476 4.9073 7.1250 -0.0000 -0.0000 25.6192 -59.7989 -9.6352
5.5625 16.9354 -1.2640 117.1220 -85.5519 -113.9820 0.0000 0.0000 0.0000 -16.3881 -1.0080 -7.4720 1.4329 7.5686 21.4113 0.6681 8.2747 -20.5978 0.0016 0.2556 0.7024 0.0000 0.0000 0.0000 11.2073 -3.3552 -6.7836 -0.8989 -6.0425 16.9077 -0.1496 -12.2579 -19.2695 -0.0002 0.0919 -0.2525 -4.0735 0.0429 0.5781 0.2931 0.0505 4.0430 2.5846 -0.1458 3.8424 -3.6239 0.0934 -19.3564 -2.9767 1.6782 33.1171 -0.3746 -0.4780 14.7310 0.0000 -0.0000 0.0000 -90.1575 -4.8289 31.5180 13.9724 -22.6952 -2.8174 -0.0000 0.0000 -8.5556 21.4455 -11.4275 -4.4502 -7.1250 0.0000 -0.0000 -3.9874 17.7451 2.5887 0.0000 -0.0000 0.0000 86.3402 4.5227 21.3340 -14.8795 23.9779 -3.1768 0.0000 -0.0000 -8.0445 -9.6742 -30.7977 4.9883 7.1250 -0.0000 -0.0000 24.8476 -59.3766 -9.0689
5.5699 16.9350 -1.4124 108.7110 -85.7583 -105.4050 0.0000 0.0000 0.0000 -15.8953 -1.6112 -7.2861 1.3452 7.3429 20.7354 0.5815 8.6514 -20.0612 0.0036 -0.3854 -1.0591 0.0000 0.0000 0.0000 11.7500 -3.7614 -7.0022 -0.9227 -6.1197 17.1321 -0.2282 -12.0203 -19.8577 -0.0040 -0.4068 1.1177 -3.7494 0.0726 0.3043 0.1000 0.1046 4.0535 2.2051 -0.1067 4.0027 -3.8815 -0.3549 -19.2983 -2.6728 0.9937 33.2462 -0.3293 -0.7594 14.7737 0.0000 -0.0000 0.0000 -89.9646 -4.6909 30.8916 13.8038 -22.4536 -2.7527 -0.0000 0.0000 -7.8367 21.0546 -11.5931 -4.4236 -7.1250 0.0000 -0.0000 -4.2664 17.6032 2.7841 0.0000 -0.0000 0.0000 86.7106 4.5017 20.8849 -14.9494 24.0756 -3.2053 0.0000 -0.0000 -7.7445 -9.6917 -30.9599 5.0210 7.1250 -0.0000 -0.0000 24.9641 -59.5262 -9.2051
5.5653 16.9440 -1.5382 96.9359 -85.9475 -93.6801 0.0000 0.0000 0.0000 -15.5063 -2.4551 -6.5205 1.2400 7.0612 19.8967 0.5010 9.1876 -19.7270 0.0088 -0.6073 -1.6689 0.0000 0.0000 0.0000 12.2358 -4.5224 -6.8938 -0.9037 -6.0581 16.9532 -0.2496 -12.0203 -20.0900 -0.0079 -0.5729 1.5742 -3.4270 -0.0044 0.4763 0.0617 -0.0084 3.8573 1.9815 -0.1412 3.7063 -4.0932 -0.7144 -19.3811 -2.5789 0.4945 33.6895 -0.3542 -1.0029 15.0012 -0.0000 -0.0000 0.0000 -90.0368 -4.0054 30.4696 13.7283 -22.3450 -2.7240 -0.0000 0.0000 -7.8204 20.8955 -11.4896 -4.3487 -7.1250 0.0000 -0.0000 -4.3748 17.7267 2.8434 -0.0000 -0.0000 0.0000 86.6920 4.3445 20.4648 -14.7240 23.7602 -3.1139 0.0000 -0.0000 -7.3958 -10.1010 -29.9587 5.0837 7.1250 -0.0000 -0.0000 23.7399 -58.7154 -8.2548
5.5549 16.9422 -1.6592 89.8618 -85.7979 -86.5179 0.0000 0.0000 0.0000 -15.3645 -2.7369 -5.9654 1.1072 6.6855 18.7870 0.3700 9.9450 -19.0734 0.0452 -1.3727 -3.7748 0.0000 0.0000 0.0000 12.5088 -4.6211 -7.0031 -0.9160 -6.0983 17.0698 -0.2674 -12.1848 -20.4762 -0.0131 -0.7379 2.0278 -4.1569 -0.0279 0.4742 0.4797 -0.0372 3.5922 2.8226 -0.1733 3.4399 -4.6583 -1.0873 -19.0578 -2.8853 0.2050 33.8513 -0.4403 -1.2552 15.0153 0.0000 0.0000 0.0000 -90.7232 -3.4516 30.1100 13.6652 -22.2540 -2.7000 -0.0000 0.0000 -7.6986 20.3440 -11.8524 -4.3550 -7.1250 0.0000 -0.0000 -4.7705 17.3903 3.1376 0.0000 0.0000 0.0000 85.8867 3.9980 20.5176 -14.7484 23.7945 -3.1237 0.0000 -0.0000 -7.3888 -10.2685 -30.4703 5.2488 7.1250 -0.0000 -0.0000 23.9728 -59.2163 -8.6331
5.5573 16.9531 -1.7601 83.6613 -85.6958 -80.2254 0.0000 0.0000 0.0000 -15.1454 -3.7274 -5.1958 0.9982 6.3582 17.8272 0.2938 10.7130 -19.0591 0.0292 -1.1037 -3.0342 0.0000 0.0000 0.0000 12.8354 -5.0459 -7.2258 -0.9195 -6.1095 17.1025 -0.2539 -12.2578 -20.4201 -0.0056 -0.4831 1.3273 -4.2477 -0.1542 0.0232 0.5612 -0.1843 3.7674 2.9532 -0.2645 3.8910 -5.1511 -1.3751 -19.3156 -2.6363 -0.0898 33.5928 -0.3002 -1.3916 14.9606 -0.0000 -0.0000 0.0000 -90.9940 -3.5236 29.7711 13.8244 -22.4831 -2.7606 -0.0000 0.0000 -8.3061 20.4910 -12.6374 -4.6741 -7.1250 0.0000 -0.0000 -4.6913 16.5480 3.1716 -0.0000 -0.0000 0.0000 85.6174 4.5230 20.4660 -14.7756 23.8326 -3.1347 0.0000 -0.0000 -7.6102 -9.5361 -30.7833 4.9140 7.1250 -0.0000 -0.0000 24.9770 -59.3324 -9.0932
5.5580 16.9620 -1.8385 79.9480 -85.5726 -76.4090 0.0000 0.0000 0.0000 -14.9462 -4.0350 -4.9939 0.9435 6.1864 17.3261 0.2561 10.9794 -18.9355 0.0312 -1.1401 -3.1344 0.0000 0.0000 0.0000 13.0788 -5.2921 -7.2348 -0.8979 -6.0393 16.8986 -0.2405 -12.3589 -20.3990 -0.0059 -0.4961 1.3631 -4.2739 -0.2121 -0.1898 0.5704 -0.2498 3.7173 2.9749 -0.2978 3.9654 -6.1619 -2.0261 -18.8259 -2.0186 -0.9432 32.9570 -0.0055 -1.7639 14.5850 0.0000 -0.0000 0.0000 -91.0201 -3.4647 30.0752 13.8041 -22.4539 -2.7528 -0.0000 0.0000 -8.3783 20.7171 -12.2633 -4.5929 -7.1250 0.0000 -0.0000 -4.5225 16.9228 3.0198 0.0000 -0.0000 0.0000 85.3821 4.5395 20.8403 -14.9584 24.0881 -3.2089 0.0000 -0.0000 -7.7859 -10.2754 -31.1377 5.3554 7.1250 -0.0000 -0.0000 24.5130 -59.8199 -9.1999
5.5702 16.9618 -1.8854 77.7330 -85.5117 -74.2709 0.0000 0.0000 0.0000 -14.8001 -4.3317 -4.8494 0.9315 6.1483 17.2152 0.2402 11.1423 -18.9447 0.0199 -0.9106 -2.5029 0.0000 0.0000 0.0000 13.2233 -5.2493 -6.9532 -0.8737 -5.9593 16.6664 -0.2668 -12.3478 -20.6640 -0.0195 -0.9024 2.4804 -4.1189 -0.1335 0.3382 0.5598 -0.1726 3.4586 2.8807 -0.2356 3.3890 -7.4349 -3.0651 -18.4704 -1.5817 -2.2299 32.7476 0.1685 -2.4003 14.4806 0.0000 -0.0000 0.0000 -91.1554 -3.1063 30.2465 14.1158 -22.8999 -2.8730 -0.0000 0.0000 -8.1460 20.0813 -11.6473 -4.2211 -7.1250 0.0000 -0.0000 -4.9490 17.6291 3.2299 0.0000 -0.0000 0.0000 85.2713 4.3935 20.2709 -14.8062 23.8755 -3.1471 0.0000 -0.0000 -7.5075 -9.8816 -30.3138 5.0247 7.1250 -0.0000 -0.0000 24.2436 -58.9879 -8.6036
5.5802 16.9514 -1.9067 81.6830 -85.5980 -78.3863 0.0000 0.0000 0.0000 -14.7257 -4.2673 -4.5640 0.9223 6.1184 17.1283 0.2375 11.3721 -19.1856 0.0219 -0.9558 -2.6271 0.0000 0.0000 0.0000 13.3127 -5.0620 -6.9507 -0.9061 -6.0661 16.9763 -0.2976 -12.1108 -20.7055 -0.0207 -0.9297 2.5555 -4.1256 -0.0423 0.5504 0.6177 -0.0637 3.5585 2.9472 -0.1852 3.3641 -8.7067 -4.4165 -18.1091 -1.1383 -3.9513 31.8730 0.2802 -3.1879 14.1291 -0.0000 0.0000 0.0000 -91.2863 -3.1838 31.2239 14.3095 -23.1754 -2.9488 -0.0000 0.0000 -9.0628 20.6898 -12.3335 -4.6121 -7.1250 0.0000 -0.0000 -4.5437 16.8510 3.0411 -0.0000 0.0000 0.0000 85.0577 4.6090 20.3018 -14.8971 24.0025 -3.1840 0.0000 -0.0000 -7.7873 -10.6879 -29.8578 5.3678 7.1250 -0.0000 -0.0000 23.0624 -58.7540 -8.0242
5.5806 16.9576 -1.8983 85.5721 -85.5840 -82.1964 0.0000 0.0000 0.0000 -14.8077 -4.0944 -4.7264 0.9358 6.1620 17.2553 0.2446 11.3819 -19.2773 0.0360 -1.2255 -3.3695 0.0000 0.0000 0.0000 13.2367 -4.9757 -6.9214 -0.8817 -5.9859 16.7436 -0.2981 -11.9768 -20.5550 -0.0199 -0.9104 2.5023 -4.3221 -0.1439 0.1357 0.7156 -0.1792 3.7111 3.1556 -0.2631 3.7698 -10.0700 -5.4767 -17.7136 -0.4782 -5.2972 31.0726 0.5560 -3.8020 13.8373 -0.0000 -0.0000 0.0000 -91.5720 -3.5351 31.2501 14.4690 -23.4012 -3.0119 -0.0000 0.0000 -9.0685 20.3633 -11.3980 -4.1952 -7.1250 0.0000 -0.0000 -4.7456 17.8687 3.0711 -0.0000 -0.0000 0.0000 84.7865 4.9438 20.5117 -15.0218 24.1765 -3.2349 0.0000 -0.0000 -8.0167 -10.1088 -31.5888 5.3353 7.1250 -0.0000 -0.0000 25.0688 -60.1858 -9.6454
5.5845 16.9617 -1.8712 95.6959 -86.0777 -92.3621 0.0000 0.0000 0.0000 -14.3507 -3.6867 -4.7756 0.9576 6.2312 17.4568 0.2759 11.4152 -19.6647 0.0158 -0.8127 -2.2336 0.0000 0.0000 0.0000 13.7091 -4.2535 -6.4813 -0.8265 -5.8002 16.2058 -0.2424 -12.2431 -20.2792 -0.0227 -0.9737 2.6764 -3.5430 -0.1155 -0.2586 0.3725 -0.1318 3.9836 2.3631 -0.2233 4.2647 -9.8813 -6.1784 -17.6014 -0.1790 -6.4426 30.2326 0.4628 -4.1945 13.5156 0.0000 -0.0000 0.0000 -90.6240 -4.2318 31.5665 14.0971 -22.8734 -2.8658 -0.0000 0.0000 -8.7274 20.9001 -11.5107 -4.3576 -7.1250 0.0000 -0.0000 -4.3722 17.7040 2.8439 0.0000 -0.0000 0.0000 85.7952 5.5749 20.0627 -14.8743 23.9707 -3.1747 0.0000 -0.0000 -7.5618 -9.2868 -31.8305 4.9291 7.1250 -0.0000 -0.0000 26.1263 -60.2082 -10.0996
5.5649 16.9671 -1.8083 102.0720 -85.9428 -98.6876 0.0000 0.0000 0.0000 -14.7141 -3.2699 -4.6414 0.9397 6.1744 17.2913 0.2684 11.5662 -19.7584 0.0223 -0.9632 -2.6474 0.0000 0.0000 0.0000 13.3330 -4.6248 -6.6191 -0.8254 -5.7966 16.1954 -0.2823 -11.5731 -19.9172 -0.0157 -0.8098 2.2257 -3.8041 -0.2796 -0.5383 0.4242 -0.3321 3.8488 2.5546 -0.3300 4.3002 -10.5108 -6.6941 -17.2960 0.1581 -7.1374 29.8794 0.5894 -4.5129 13.3907 0.0000 -0.0000 0.0000 -90.7307 -3.8834 31.2820 14.1558 -22.9570 -2.8886 -0.0000 0.0000 -9.0203 21.1978 -11.6697 -4.4855 -7.1250 0.0000 -0.0000 -4.1685 17.5091 2.7285 0.0000 -0.0000 0.0000 85.7488 5.0294 20.6069 -15.0175 24.1705 -3.2331 0.0000 -0.0000 -7.8749 -10.4766 -30.7352 5.3987 7.1250 -0.0000 -0.0000 23.9734 -59.5033 -8.7996
5.5413 16.9633 -1.7435 114.2230 -85.8399 -110.9260 0.0000 0.0000 0.0000 -14.8034 -2.6739 -4.5082 0.9558 6.2256 17.4403 0.3018 11.5997 -20.1581 0.0184 -0.8757 -2.4068 0.0000 0.0000 0.0000 13.2196 -4.5474 -6.3384 -0.7829 -5.6487 15.7684 -0.2740 -11.1641 -19.3521 -0.0077 -0.5663 1.5561 -4.1169 -0.3018 -1.0526 0.5990 -0.3348 3.9572 2.9095 -0.3568 4.7122 -10.7702 -6.9536 -17.2463 0.2136 -7.4431 29.5518 0.6063 -4.6560 13.2796 0.0000 0.0000 0.0000 -90.9040 -4.1036 30.4841 14.0371 -22.7877 -2.8425 -0.0000 0.0000 -8.0882 21.2407 -11.7927 -4.5419 -7.1250 0.0000 -0.0000 -4.1425 17.3747 2.7236 0.0000 0.0000 0.0000 85.6339 5.0036 20.6191 -14.9051 24.0137 -3.1872 0.0000 -0.0000 -7.9950 -9.6722 -31.8147 5.1341 7.1250 -0.0000 -0.0000 25.7160 -60.2847 -9.9754
5.5486 16.9730 -1.6774 127.8150 -85.5905 -124.4260 0.0000 0.0000 0.0000 -14.7184 -2.3087 -4.7811 0.9891 6.3300 17.7450 0.3140 11.8938 -20.6255 0.0219 -0.9557 -2.6270 0.0000 0.0000 0.0000 13.3559 -3.3469 -5.8973 -0.7177 -5.4138 15.0926 -0.1927 -11.6361 -18.9901 -0.0079 -0.5752 1.5806 -4.1154 -0.2938 -0.4699 0.6540 -0.3521 3.5322 2.9680 -0.3395 3.9386 -10.7482 -7.0391 -17.4805 0.0967 -7.5200 29.7037 0.5305 -4.7072 13.3920 0.0000 0.0000 0.0000 -90.7849 -3.5567 29.9133 14.2046 -23.0265 -2.9077 -0.0000 0.0000 -8.2788 21.3906 -11.4891 -4.4612 -7.1250 0.0000 -0.0000 -4.0279 17.6842 2.6205 0.0000 0.0000 0.0000 85.7710 4.2940 20.9819 -14.9033 24.0112 -3.1865 0.0000 -0.0000 -8.0661 -10.1647 -31.4055 5.3375 7.1250 -0.0000 -0.0000 24.8537 -60.0347 -9.4661
5.5394 16.9718 -1.5966 135.0430 -84.7665 -131.7690 0.0000 0.0000 0.0000 -15.2848 -1.5603 -4.6446 0.9814 6.3061 17.6751 0.3320 12.0140 -20.9488 0.0118 -0.7009 -1.9263 0.0000 0.0000 0.0000 12.7353 -3.1199 -5.9334 -0.7239 -5.4367 15.1586 -0.2013 -11.1413 -18.4900 -0.0021 -0.2974 0.8172 -4.6134 -0.2709 -0.5393 0.5436 -0.3019 3.4905 3.1354 -0.3277 3.9356 -11.1695 -7.1626 -17.5786 0.6445 -7.7434 29.8438 0.7641 -4.7813 13.5346 0.0000 0.0000 0.0000 -90.5141 -3.9041 29.6891 13.7980 -22.4452 -2.7505 -0.0000 0.0000 -7.7588 21.7253 -11.8717 -4.6862 -7.1250 0.0000 -0.0000 -3.8069 17.2466 2.5126 0.0000 0.0000 0.0000 86.1359 4.0605 20.5911 -14.7807 23.8397 -3.1368 0.0000 -0.0000 -7.5887 -9.8795 -31.7181 5.2315 7.1250 -0.0000 -0.0000 25.4176 -60.2474 -9.8277
5.5242 16.9749 -1.5164 143.0730 -84.2081 -139.8600 0.0000 0.0000 0.0000 -15.4243 -0.8932 -4.5026 0.9865 6.3218 17.7211 0.3522 12.2472 -21.4189 0.0220 -0.9586 -2.6350 0.0000 0.0000 0.0000 12.6737 -2.3269 -5.4215 -0.6731 -5.2464 14.6126 -0.1485 -11.3449 -18.1050 -0.0002 -0.0807 0.2218 -4.6221 -0.3572 -0.7857 0.5649 -0.4046 3.5198 3.1571 -0.3843 4.1156 -11.2459 -7.0787 -18.0283 0.8575 -7.6118 30.0509 0.8639 -4.7055 13.7223 -0.0000 0.0000 0.0000 -90.4509 -4.0200 28.8718 13.7566 -22.3856 -2.7347 -0.0000 0.0000 -7.5072 21.8203 -11.7433 -4.6586 -7.1250 0.0000 -0.0000 -3.7359 17.3748 2.4550 -0.0000 0.0000 0.0000 86.2173 3.8518 20.6991 -14.8716 23.9669 -3.1736 0.0000 -0.0000 -7.8084 -9.5973 -31.3250 5.0238 7.1250 -0.0000 -0.0000 25.3686 -59.8309 -9.5529
5.5059 16.9800 -1.4430 147.6280 -83.3215 -144.4990 0.0000 0.0000 0.0000 -15.8764 -0.5989 -4.1615 0.9803 6.3027 17.6651 0.4123 12.5198 -22.3108 0.0089 -0.6105 -1.6776 0.0000 0.0000 0.0000 12.2529 -1.8677 -4.9430 -0.6168 -5.0263 13.9836 -0.1291 -11.1479 -17.6148 -0.0000 -0.0265 0.0728 -5.0294 -0.3907 -0.9033 0.3969 -0.4258 3.4367 3.2102 -0.4028 4.1018 -11.8336 -7.3463 -18.0267 2.1753 -8.2546 30.0618 1.3607 -4.8704 13.8702 0.0000 -0.0000 0.0000 -90.7369 -3.8087 24.7576 14.2893 -23.1468 -2.9409 -0.0000 0.0000 -11.7446 19.4333 -11.8243 -4.1350 -7.1250 0.0000 -0.0000 -5.4060 17.4971 3.5464 0.0000 -0.0000 0.0000 86.7788 3.5633 19.7559 -14.9354 24.0560 -3.1996 0.0000 -0.0000 -8.7029 -9.4076 -30.9303 4.8677 7.1250 -0.0000 -0.0000 25.2301 -59.4348 -9.2553
5.5150 16.9937 -1.3649 154.7160 -82.9568 -151.4190 0.0000 0.0000 0.0000 -15.4931 -0.5913 -4.5923 1.0496 6.5149 18.2859 0.5380 12.2062 -23.1358 0.0101 0.6493 1.7843 0.0000 0.0000 0.0000 12.6286 -1.1181 -4.4065 -0.5171 -4.6090 12.7965 -0.0202 -11.7150 -16.9466 -0.0000 0.0225 -0.0618 -4.9358 -0.4660 -0.4723 0.5230 -0.5588 3.2181 3.2866 -0.4511 3.6420 -12.8079 -8.2585 -16.9890 3.9573 -9.9633 29.0770 1.9450 -5.4715 13.5483 0.0000 0.0000 0.0000 -91.7297 -3.8077 16.3443 15.8387 -25.3015 -3.5768 -0.0000 0.0000 -25.6486 18.0973 -8.9936 -2.9245 -7.1250 0.0000 -0.0000 -6.3324 20.5529 3.7287 0.0000 0.0000 0.0000 87.3184 2.1620 17.9317 -17.7041 27.7767 -4.4105 0.0000 -0.0000 -26.8701 -7.8789 -34.0927 4.4356 7.1250 -0.0000 -0.0000 29.7348 -61.8357 -12.7945
5.5145 16.9902 -1.2917 157.6510 -82.1386 -154.2610 0.0000 0.0000 0.0000 -15.7446 -0.2200 -4.7886 1.0567 6.5361 18.3481 0.5806 12.2830 -23.5961 0.0195 0.9009 2.4761 0.0000 0.0000 0.0000 12.3613 -0.4115 -4.1731 -0.4730 -4.4110 12.2358 0.0266 -11.8154 -16.4433 -0.0004 0.1274 -0.3499 -5.3285 -0.4583 -0.4421 0.4366 -0.5397 3.1046 3.4192 -0.4454 3.5103 -13.4235 -8.8868 -16.4450 5.2555 -11.2128 28.8325 2.3352 -5.9234 13.5941 0.0000 -0.0000 0.0000 -91.3443 -3.7793 14.6683 17.2431 -27.1772 -4.1978 -0.0000 0.0000 -29.5837 20.9497 -8.0733 -3.0777 -7.1250 0.0000 -0.0000 -4.2735 21.3532 2.4307 0.0000 -0.0000 0.0000 87.7129 0.9738 16.9139 -21.0460 31.8821 -6.0742 0.0000 -0.0000 -35.8070 -8.0105 -34.7651 4.5879 7.1250 -0.0000 -0.0000 30.3080 -62.4405 -13.5000
5.4978 17.0007 -1.2094 160.4350 -81.5188 -157.0660 0.0000 0.0000 0.0000 -15.9517 0.2634 -4.8181 1.0961 6.6529 18.6911 0.6592 12.1400 -24.1325 0.0295 1.1089 3.0485 0.0000 0.0000 0.0000 12.1956 0.0046 -3.4495 -0.3987 -4.0542 11.2292 0.0460 -11.8346 -16.1948 -0.0008 -0.1805 0.4959 -5.3430 -0.6326 -1.1940 0.5047 -0.7257 3.4679 3.4818 -0.5715 4.3365 -13.3869 -8.5621 -16.5639 5.3172 -10.7522 28.8477 2.4386 -5.7126 13.5728 0.0000 -0.0000 0.0000 -90.1516 -4.8435 15.9862 16.7683 -26.5513 -3.9832 -0.0000 0.0000 -24.0456 24.9475 -9.1021 -4.2088 -7.1250 0.0000 -0.0000 -1.4187 19.9608 0.8494 0.0000 -0.0000 0.0000 86.7192 2.0630 19.2217 -22.2221 33.2271 -6.7071 0.0000 -0.0000 -34.9126 -11.2324 -32.3577 6.0671 7.1250 -0.0000 -0.0000 24.5789 -61.1424 -10.0058
5.5091 17.0040 -1.1199 164.5100 -80.2890 -161.1700 0.0000 0.0000 0.0000 -16.0534 1.1254 -5.1085 1.1383 6.7755 19.0520 0.6453 12.4804 -24.3584 0.0233 0.9861 2.7105 0.0000 0.0000 0.0000 12.1458 0.6907 -3.4968 -0.3883 -4.0015 11.0809 0.0744 -11.5620 -15.3647 -0.0085 0.5941 -1.6327 -5.2004 -0.4942 -0.9040 0.5357 -0.5650 3.2631 3.4451 -0.4712 3.9390 -12.9189 -8.0875 -16.8370 4.7272 -10.0277 29.3478 2.2574 -5.4375 13.6894 0.0000 -0.0000 0.0000 -88.6471 -4.9852 20.1074 15.4757 -24.8046 -3.4230 -0.0000 0.0000 -17.5288 22.7453 -9.2461 -3.8537 -7.1250 0.0000 -0.0000 -3.0010 19.9761 1.7976 0.0000 -0.0000 0.0000 85.3729 3.2152 22.7858 -21.0525 31.8896 -6.0776 0.0000 -0.0000 -29.7479 -11.2398 -32.9580 6.1704 7.1250 -0.0000 -0.0000 25.1235 -61.6808 -10.5654
5.5403 17.0018 -1.0235 164.9540 -79.3499 -161.6140 0.0000 0.0000 0.0000 -16.5920 1.7216 -5.4585 1.1801 6.8945 19.4032 0.7210 12.2367 -24.7485 0.0510 1.4571 4.0074 0.0000 0.0000 0.0000 11.6319 1.4828 -3.7615 -0.4029 -4.0750 11.2878 0.1101 -11.6912 -15.0044 -0.0073 0.5534 -1.5206 -5.4005 -0.4181 -0.4435 0.4039 -0.4849 3.1196 3.4276 -0.4211 3.5219 -12.7840 -8.0277 -17.0065 4.5490 -9.8946 29.3438 2.1844 -5.3843 13.6888 -0.0000 -0.0000 0.0000 -87.7766 -5.5395 23.6356 13.8992 -22.5904 -2.7893 -0.0000 0.0000 -10.2516 23.4014 -11.3789 -4.8803 -7.1250 0.0000 -0.0000 -2.6147 17.6190 1.7024 -0.0000 -0.0000 0.0000 84.9019 4.6515 24.6774 -19.0059 29.4260 -5.0337 0.0000 -0.0000 -20.1284 -13.4339 -30.3619 6.8842 7.1250 -0.0000 -0.0000 20.6014 -59.8418 -7.6587
5.5022 16.9959 -0.9317 166.8580 -78.7959 -163.6900 0.0000 0.0000 0.0000 -16.7567 2.4023 -5.5887 1.2427 7.0684 19.9183 0.7805 12.1503 -25.1526 0.0328 1.1694 3.2151 0.0000 0.0000 0.0000 11.4469 1.6554 -2.8111 -0.3173 -3.6210 10.0128 0.1663 -11.8153 -14.2759 -0.0086 0.6004 -1.6498 -5.2935 -0.4417 -1.0819 0.4515 -0.4791 3.4675 3.4119 -0.4447 4.2456 -13.0600 -8.4906 -16.7917 4.4082 -10.4708 29.1978 2.0694 -5.6808 13.6561 0.0000 -0.0000 0.0000 -88.3484 -5.7441 23.9780 13.6818 -22.2779 -2.7063 -0.0000 0.0000 -8.2552 23.8351 -11.2373 -4.9206 -7.1250 0.0000 -0.0000 -2.3041 17.7310 1.4942 0.0000 -0.0000 0.0000 85.0473 5.7591 25.7087 -17.2803 27.2258 -4.2148 0.0000 -0.0000 -15.4463 -14.7010 -29.6970 7.4057 7.1250 -0.0000 -0.0000 18.7694 -59.5111 -6.7976
