HIERARCHY
ROOT Hips
{
	OFFSET 0.00000 0.00000 0.00000
	CHANNELS 6 Xposition Yposition Zposition Zrotation Yrotation Xrotation 
	JOINT LHipJoint
	{
		OFFSET 0 0 0
		CHANNELS 3 Zrotation Yrotation Xrotation
		JOINT LeftUpLeg
		{
			OFFSET 1.09156 -1.61406 0.76500
			CHANNELS 3 Zrotation Yrotation Xrotation
			JOINT LeftLeg
			{
				OFFSET 2.33750 -6.42225 0.00000
				CHANNELS 3 Zrotation Yrotation Xrotation
				JOINT LeftFoot
				{
					OFFSET 2.49247 -6.84800 0.00000
					CHANNELS 3 Zrotation Yrotation Xrotation
					JOINT LeftToeBase
					{
						OFFSET 0.15312 -0.42069 1.45461
						CHANNELS 3 Zrotation Yrotation Xrotation
						End Site
						{
							OFFSET 0.00000 -0.00000 0.77046
						}
					}
				}
			}
		}
	}
	JOINT RHipJoint
	{
		OFFSET 0 0 0
		CHANNELS 3 Zrotation Yrotation Xrotation
		JOINT RightUpLeg
		{
			OFFSET -0.99883 -1.61406 0.76500
			CHANNELS 3 Zrotation Yrotation Xrotation
			JOINT RightLeg
			{
				OFFSET -2.36877 -6.50815 0.00000
				CHANNELS 3 Zrotation Yrotation Xrotation
				JOINT RightFoot
				{
					OFFSET -2.53452 -6.96353 0.00000
					CHANNELS 3 Zrotation Yrotation Xrotation
					JOINT RightToeBase
					{
						OFFSET -0.13156 -0.36145 1.63237
						CHANNELS 3 Zrotation Yrotation Xrotation
						End Site
						{
							OFFSET -0.00000 -0.00000 0.84979
						}
					}
				}
			}
		}
	}
	JOINT LowerBack
	{
		OFFSET 0 0 0
		CHANNELS 3 Zrotation Yrotation Xrotation
		JOINT Spine
		{
			OFFSET -0.02431 1.98242 -0.13616
			CHANNELS 3 Zrotation Yrotation Xrotation
			JOINT Spine1
			{
				OFFSET 0.03629 1.98974 -0.02954
				CHANNELS 3 Zrotation Yrotation Xrotation
				JOINT Neck
				{
					OFFSET 0 0 0
					CHANNELS 3 Zrotation Yrotation Xrotation
					JOINT Neck1
					{
						OFFSET 0.09349 1.40783 0.22333
						CHANNELS 3 Zrotation Yrotation Xrotation
						JOINT Head
						{
							OFFSET -0.04273 1.44500 -0.06495
							CHANNELS 3 Zrotation Yrotation Xrotation
							End Site
							{
								OFFSET -0.02251 1.44600 -0.04544
							}
						}
					}
				}
				JOINT LeftShoulder
				{
					OFFSET 0 0 0
					CHANNELS 3 Zrotation Yrotation Xrotation
					JOINT LeftArm
					{
						OFFSET 3.49137 0.85126 -0.29740
						CHANNELS 3 Zrotation Yrotation Xrotation
						JOINT LeftForeArm
						{
							OFFSET 5.06035 -0.00000 0.00000
							CHANNELS 3 Zrotation Yrotation Xrotation
							JOINT LeftHand
							{
								OFFSET 3.14780 -0.00000 0.00000
								CHANNELS 3 Zrotation Yrotation Xrotation
								JOINT LeftFingerBase
								{
									OFFSET 0 0 0
									CHANNELS 3 Zrotation Yrotation Xrotation
									JOINT LeftHandIndex1
									{
										OFFSET 0.60675 -0.00000 0.00000
										CHANNELS 3 Zrotation Yrotation Xrotation
										End Site
										{
											OFFSET 0.48918 -0.00000 0.00000
										}
									}
								}
								JOINT LThumb
								{
									OFFSET 0 0 0
									CHANNELS 3 Zrotation Yrotation Xrotation
									End Site
									{
										OFFSET 0.49664 -0.00000 0.49664
									}
								}
							}
						}
					}
				}
				JOINT RightShoulder
				{
					OFFSET 0 0 0
					CHANNELS 3 Zrotation Yrotation Xrotation
					JOINT RightArm
					{
						OFFSET -3.28101 0.69707 0.00747
						CHANNELS 3 Zrotation Yrotation Xrotation
						JOINT RightForeArm
						{
							OFFSET -5.12273 -0.00000 -0.00000
							CHANNELS 3 Zrotation Yrotation Xrotation
							JOINT RightHand
							{
								OFFSET -3.42200 -0.00000 0.00000
								CHANNELS 3 Zrotation Yrotation Xrotation
								JOINT RightFingerBase
								{
									OFFSET 0 0 0
									CHANNELS 3 Zrotation Yrotation Xrotation
									JOINT RightHandIndex1
									{
										OFFSET -0.70460 -0.00000 0.00000
										CHANNELS 3 Zrotation Yrotation Xrotation
										End Site
										{
											OFFSET -0.56807 -0.00000 0.00000
										}
									}
								}
								JOINT RThumb
								{
									OFFSET 0 0 0
									CHANNELS 3 Zrotation Yrotation Xrotation
									End Site
									{
										OFFSET -0.57674 -0.00000 0.57674
									}
								}
							}
						}
					}
				}
			}
		}
	}
}
MOTION
Frames: 563
Frame Time: .0333333
19.2822 2.8832 4.6367 0 0 0 0 0 0 -21 0 0 0 0 0 0 0 0 0 0 0 0 0 0 21 0 0 0 0 0 0 0 0 0 0 0 0 0 0 0 0 0 0 0 0 0 0 -16 0 0 21 0 0 11 0 0 0 -8 0 0 0 0 0 0 0 0 0 0 0 0 0 0 0 0 0 0 0 0 8 0 0 0 0 0 0 0 0 0 0 0 0 0 0 0 0 0
19.2822 2.8832 4.6367 171.3180 84.0128 146.2140 0.0000 0.0000 0.0000 -15.7279 -7.6084 -99.9682 14.6076 19.2881 74.0519 2.5673 17.1202 29.5338 4.4569 12.7447 38.4203 0.0000 0.0000 0.0000 10.2021 2.6732 -107.3963 -21.8262 -19.9198 95.3464 -0.1053 8.5433 14.0155 -0.0801 -1.8262 5.0255 -6.0861 0.3295 43.6121 2.3017 0.2088 12.4262 5.3946 0.7973 -6.5027 8.1791 4.8843 -11.6747 -5.7419 5.8066 -8.1142 -3.0691 2.8513 -0.1692 -0.0000 0.0000 0.0000 -35.1313 -71.8773 60.7657 31.0013 -41.7364 -12.0707 -0.0000 0.0000 -21.5146 9.2464 33.1992 5.0938 -7.1250 0.0000 -0.0000 -27.4328 61.4025 -11.4345 -0.0000 0.0000 0.0000 11.7258 70.4310 54.2311 -39.5722 47.8144 -18.1216 0.0000 0.0000 11.5579 -57.7792 53.0737 -51.7483 7.1250 -0.0000 -0.0000 -3.4564 38.1032 -4.8568
19.2825 2.8842 4.6370 169.9080 84.0184 144.8780 0.0000 0.0000 0.0000 -15.7241 -7.6161 -100.0151 14.6047 19.2873 74.0430 2.5524 17.2096 29.4713 4.4996 12.7971 38.6135 0.0000 0.0000 0.0000 10.0619 2.7560 -107.4777 -21.8200 -19.9204 95.3281 -0.1026 8.6398 14.0905 -0.0751 -1.7680 4.8648 -6.3457 0.4023 43.1853 2.3097 0.2484 12.7388 5.5261 0.8000 -6.0334 8.0903 4.9225 -11.9299 -5.7624 5.8561 -8.1819 -3.0524 2.8796 -0.1475 -0.0000 0.0000 0.0000 -34.0859 -72.1100 59.4767 30.9366 -41.6828 -12.0276 -0.0000 0.0000 -21.4753 9.0689 33.0577 4.9761 -7.1250 0.0000 -0.0000 -27.4801 61.2355 -11.3466 -0.0000 0.0000 0.0000 10.6629 70.5429 52.9640 -39.5233 47.7849 -18.0854 0.0000 0.0000 11.5154 -57.7787 52.9974 -51.7199 7.1250 -0.0000 -0.0000 -3.5055 38.0458 -4.9253
19.2800 2.8863 4.6352 170.8500 84.0869 145.9250 0.0000 0.0000 0.0000 -15.5475 -7.6656 -100.1140 14.5861 19.2823 73.9869 2.5619 17.2788 29.5348 4.5186 12.8203 38.6994 0.0000 0.0000 0.0000 10.2426 2.8074 -107.5751 -21.7961 -19.9225 95.2580 -0.1081 8.6104 14.1413 -0.0676 -1.6780 4.6166 -6.2204 0.3623 43.1719 2.3229 0.2404 12.6790 5.4793 0.7970 -6.0997 7.8730 4.9031 -12.0777 -5.5399 5.8483 -7.9834 -2.9301 2.8798 -0.0740 0.0000 -0.0000 0.0000 -34.0685 -72.1091 59.4415 30.9401 -41.6857 -12.0300 -0.0000 0.0000 -21.5177 9.1883 32.9803 5.0320 -7.1250 0.0000 -0.0000 -27.2829 61.1970 -11.2330 0.0000 -0.0000 0.0000 11.0161 70.4996 53.0630 -39.4370 47.7328 -18.0215 0.0000 0.0000 11.6404 -57.8681 53.0119 -51.8216 7.1250 -0.0000 -0.0000 -3.5272 38.1043 -4.9565
19.2811 2.8862 4.6349 172.8320 84.0524 147.9010 0.0000 0.0000 0.0000 -15.4300 -7.7785 -100.1062 14.5687 19.2775 73.9340 2.5963 17.1390 29.6910 4.4639 12.7534 38.4521 0.0000 0.0000 0.0000 10.4064 2.6832 -107.6022 -21.8049 -19.9217 95.2838 -0.1061 8.6256 14.1295 -0.0593 -1.5717 4.3233 -6.0012 0.2465 43.2308 2.3359 0.1882 12.6513 5.4010 0.7784 -6.1468 7.9728 4.7761 -11.7849 -5.6873 5.6851 -8.2767 -3.0182 2.7976 -0.2213 0.0000 -0.0000 0.0000 -34.1522 -72.1176 59.5799 30.9488 -41.6929 -12.0357 -0.0000 0.0000 -21.5909 9.1746 33.1332 5.0449 -7.1250 0.0000 -0.0000 -27.4434 61.3272 -11.3901 0.0000 -0.0000 0.0000 11.1971 70.4293 53.0190 -39.4074 47.7149 -17.9996 0.0000 0.0000 11.6548 -57.8064 53.0979 -51.7865 7.1250 -0.0000 -0.0000 -3.4503 38.1360 -4.8485
19.2812 2.8866 4.6358 173.6000 84.2718 148.6430 0.0000 0.0000 0.0000 -15.1960 -7.6110 -100.2105 14.6683 19.3043 74.2356 2.5787 16.9867 29.5698 4.4370 12.7202 38.3301 0.0000 0.0000 0.0000 10.7534 2.8176 -107.5462 -21.8340 -19.9192 95.3693 -0.1001 8.6158 14.0215 -0.0517 -1.4676 4.0365 -5.9330 0.2898 43.3279 2.3622 0.2630 12.6246 5.3628 0.8154 -6.2144 7.8902 4.6851 -11.5231 -5.7171 5.5907 -8.5089 -3.0270 2.7547 -0.3489 -0.0000 0.0000 0.0000 -33.7588 -72.1629 59.6454 31.0252 -41.7561 -12.0866 -0.0000 0.0000 -22.1043 9.4052 33.4757 5.2203 -7.1250 0.0000 -0.0000 -27.5379 61.6829 -11.6658 -0.0000 0.0000 0.0000 11.1783 70.4169 52.9540 -39.4618 47.7478 -18.0398 0.0000 0.0000 11.3482 -57.7491 53.4633 -51.8572 7.1250 -0.0000 -0.0000 -3.1932 38.3781 -4.4889
19.4074 2.8742 4.6274 173.4060 84.2996 148.5620 0.0000 0.0000 0.0000 -14.9157 -7.4913 -101.1446 15.1954 19.4373 75.8246 2.4769 16.6573 28.9646 4.5121 12.8123 38.6698 0.0000 0.0000 0.0000 10.6174 2.7158 -108.3396 -22.2856 -19.8743 96.6962 -0.0603 8.6851 13.4550 -0.0495 -1.4362 3.9500 -5.9703 0.3071 43.1688 2.3599 0.2786 12.6852 5.3754 0.8177 -6.1037 7.8802 4.4721 -11.3286 -5.9699 5.3185 -8.9595 -3.1366 2.6231 -0.5397 0.0000 -0.0000 0.0000 -32.6827 -72.2906 59.5562 31.2987 -41.9809 -12.2692 -0.0000 0.0000 -22.7541 10.2127 34.3422 5.8032 -7.1250 0.0000 -0.0000 -27.5705 62.6406 -12.3051 0.0000 -0.0000 0.0000 10.9137 70.3614 52.4878 -39.4729 47.7545 -18.0481 0.0000 0.0000 10.6968 -57.4508 54.0867 -51.7587 7.1250 -0.0000 -0.0000 -2.6830 38.6832 -3.7731
19.4043 2.8722 4.6299 172.1290 84.0966 147.1380 0.0000 0.0000 0.0000 -15.4453 -7.4068 -100.9788 15.1737 19.4321 75.7593 2.4955 16.4918 29.0356 4.4660 12.7560 38.4618 0.0000 0.0000 0.0000 10.4704 2.5075 -108.2803 -22.3024 -19.8724 96.7455 -0.0559 8.7799 13.5058 -0.0417 -1.3178 3.6236 -6.0868 0.3151 43.4337 2.3127 0.2303 12.6379 5.4004 0.8028 -6.2191 7.9444 4.2030 -11.3673 -6.2618 4.9392 -9.0456 -3.2678 2.4306 -0.5774 -0.0000 0.0000 0.0000 -32.3702 -72.1302 60.1631 31.8199 -42.4031 -12.6192 -0.0000 0.0000 -22.9332 10.7526 35.5134 6.2950 -7.1250 0.0000 -0.0000 -28.2654 63.7949 -13.4052 -0.0000 0.0000 0.0000 11.2242 70.0640 52.5661 -39.7023 47.8925 -18.2181 0.0000 0.0000 9.8526 -56.8691 55.0470 -51.4699 7.1250 -0.0000 -0.0000 -1.8520 39.0888 -2.6058
19.4076 2.8745 4.6301 172.8380 84.1484 147.8530 0.0000 0.0000 0.0000 -15.4803 -7.3028 -101.0073 15.1116 19.4172 75.5728 2.5097 16.4558 29.1057 4.3555 12.6190 37.9584 0.0000 0.0000 0.0000 10.7396 2.4303 -108.4039 -22.2698 -19.8760 96.6497 -0.0681 8.8805 13.8395 -0.0291 -1.1019 3.0293 -6.0615 0.2333 43.2771 2.2827 0.1715 12.8247 5.3809 0.7726 -5.9597 7.7492 4.0368 -12.1925 -6.2308 4.6895 -8.6552 -3.2108 2.3032 -0.3350 -0.0000 0.0000 0.0000 -30.4414 -72.0437 59.4304 32.4583 -42.9095 -13.0518 -0.0000 0.0000 -23.4960 10.4818 36.6302 6.2991 -7.1250 0.0000 -0.0000 -29.8581 64.6733 -14.8338 -0.0000 0.0000 0.0000 10.7639 70.0105 51.8525 -39.9963 48.0677 -18.4365 0.0000 0.0000 8.3088 -56.5336 55.9414 -51.4132 7.1250 -0.0000 -0.0000 -1.1403 39.5673 -1.6055
19.2809 2.8949 4.6283 176.6840 84.9368 151.8430 0.0000 0.0000 0.0000 -15.0105 -6.8586 -100.6722 14.6770 19.3066 74.2617 2.5983 16.5339 29.5950 4.1385 12.3424 36.9543 0.0000 0.0000 0.0000 11.8066 2.9986 -107.9250 -21.7797 -19.9239 95.2099 -0.0994 9.7070 15.3824 -0.0000 -0.0038 0.0105 -5.5396 0.1794 43.0070 2.3114 0.3222 12.9019 5.0867 0.8430 -5.8299 6.5479 3.7231 -12.8999 -5.2403 4.4070 -8.3218 -2.6453 2.1921 -0.1881 0.0000 -0.0000 0.0000 -29.1559 -71.8869 59.2639 33.0258 -43.3499 -13.4398 -0.0000 0.0000 -24.0078 10.2411 37.8916 6.3317 -7.1250 0.0000 -0.0000 -31.7175 65.6582 -16.5588 0.0000 -0.0000 0.0000 11.4843 69.8623 51.8053 -40.1482 48.1575 -18.5496 0.0000 0.0000 6.9849 -56.2757 56.7885 -51.4152 7.1250 -0.0000 -0.0000 -0.4781 40.0440 -0.6736
19.2690 2.8958 4.6300 175.7270 84.8773 150.8210 0.0000 0.0000 0.0000 -15.3302 -6.7618 -100.5616 14.6329 19.2949 74.1283 2.6572 16.0721 29.8341 3.9314 12.0685 35.9748 0.0000 0.0000 0.0000 11.5369 2.8704 -108.1809 -21.7898 -19.9230 95.2395 -0.1540 10.1242 16.6613 -0.0013 0.2372 -0.6518 -5.6989 0.1600 43.1743 2.2543 0.2207 12.8681 5.1459 0.7963 -5.8971 6.2985 3.3589 -12.8234 -5.2862 3.9561 -8.5648 -2.6401 1.9745 -0.3111 -0.0000 0.0000 0.0000 -28.4232 -71.5836 59.3967 33.4132 -43.6453 -13.7065 -0.0000 0.0000 -23.6510 9.2601 38.9341 5.8501 -7.1250 0.0000 -0.0000 -34.1881 66.2219 -18.4157 -0.0000 0.0000 0.0000 12.9639 69.5850 52.1689 -40.3653 48.2848 -18.7114 0.0000 0.0000 5.4868 -56.1134 56.7931 -51.2453 7.1250 -0.0000 -0.0000 -0.4248 39.9696 -0.5984
19.2660 2.8946 4.6289 173.6940 85.0326 148.7930 0.0000 0.0000 0.0000 -15.5314 -6.4749 -100.6372 14.6370 19.2960 74.1407 2.6647 16.0055 29.8639 3.8896 12.0120 35.7744 0.0000 0.0000 0.0000 11.3068 3.0587 -108.3308 -21.7935 -19.9227 95.2504 -0.2639 9.4831 17.3273 -0.0045 -0.4327 1.1889 -5.9109 0.2240 43.2091 2.1902 0.2050 12.9005 5.1920 0.7849 -5.8617 5.7753 3.0878 -12.8803 -4.9943 3.6698 -8.7636 -2.4598 1.8492 -0.4015 -0.0000 -0.0000 0.0000 -27.3802 -71.2123 59.2146 33.6445 -43.8196 -13.8663 -0.0000 0.0000 -23.4299 9.1545 39.4563 5.8472 -7.1250 0.0000 -0.0000 -35.0588 66.6059 -19.2363 -0.0000 -0.0000 0.0000 14.1967 69.2369 52.1593 -40.4689 48.3453 -18.7889 0.0000 0.0000 2.5513 -52.9460 55.7416 -47.5876 7.1250 -0.0000 -0.0000 -0.1129 37.7068 -0.1583
19.2745 2.8936 4.6277 175.4270 85.2887 150.5450 0.0000 0.0000 0.0000 -15.1848 -6.3005 -100.8093 14.6928 19.3108 74.3095 2.6880 15.7301 29.9472 3.8651 11.9786 35.6564 0.0000 0.0000 0.0000 11.4829 3.3163 -108.3278 -21.8128 -19.9210 95.3069 -0.2759 9.3097 17.2858 -0.0061 -0.5027 1.3814 -5.7627 0.1721 43.1090 2.1796 0.2188 13.0224 5.1006 0.7917 -5.7026 5.4126 2.8587 -12.7250 -4.8506 3.4292 -9.2620 -2.3632 1.7481 -0.6121 0.0000 -0.0000 0.0000 -26.3491 -70.8946 58.6292 33.6648 -43.8348 -13.8804 -0.0000 0.0000 -24.0522 7.6569 40.4102 4.9808 -7.1250 0.0000 -0.0000 -38.0601 66.8995 -21.3265 0.0000 -0.0000 0.0000 15.5006 68.8381 51.8643 -40.1417 48.1536 -18.5447 0.0000 -0.0000 -1.5229 -48.4548 55.1455 -42.8013 7.1250 -0.0000 -0.0000 1.0381 35.2216 1.4469
19.4210 2.8844 4.6137 175.1990 85.2626 150.3950 0.0000 0.0000 0.0000 -14.9229 -6.2253 -101.7332 15.2155 19.4421 75.8849 2.6235 15.2117 29.5281 3.8492 11.9570 35.5800 0.0000 0.0000 0.0000 11.1198 3.1694 -109.1661 -22.2855 -19.8743 96.6958 -0.2378 9.2542 16.7413 -0.0050 -0.4567 1.2550 -5.8248 0.1191 43.1239 2.1500 0.1219 13.0088 5.1393 0.7441 -5.7089 5.3962 2.5493 -12.5556 -5.0927 3.0166 -9.5512 -2.4638 1.5451 -0.7506 -0.0000 0.0000 0.0000 -26.1165 -70.5792 58.2743 33.3858 -43.6244 -13.6875 -0.0000 0.0000 -24.1261 7.1508 40.8706 4.6931 -7.1250 0.0000 -0.0000 -39.3083 67.0940 -22.2831 -0.0000 0.0000 0.0000 17.0807 68.3820 51.7778 -39.6122 47.8385 -18.1513 0.0000 -0.0000 -3.7622 -45.0395 55.1274 -39.4051 7.1250 -0.0000 -0.0000 2.2186 33.7690 3.0787
19.4277 2.8850 4.6079 177.9620 85.3204 153.0360 0.0000 0.0000 0.0000 -14.6761 -6.2085 -101.7565 15.4155 19.4885 76.4852 2.5648 15.0332 29.1846 3.8975 12.0228 35.8126 0.0000 0.0000 0.0000 11.2646 3.1747 -108.9318 -22.4129 -19.8598 97.0706 -0.1959 9.2352 16.1659 -0.0010 -0.2023 0.5559 -5.5388 -0.0084 43.2381 2.1512 0.1069 13.1230 4.9984 0.7491 -5.6178 5.2441 2.0845 -12.8243 -5.1529 2.4092 -9.7477 -2.4796 1.2483 -0.8049 0.0000 -0.0000 0.0000 -25.6527 -70.4177 57.6029 33.1969 -43.4808 -13.5574 -0.0000 0.0000 -22.8472 6.5398 41.2879 4.3258 -7.1250 0.0000 -0.0000 -40.6052 67.2176 -23.2263 0.0000 -0.0000 0.0000 18.8820 67.5683 51.0403 -39.0569 47.5011 -17.7407 0.0000 -0.0000 -4.0465 -39.6468 53.5718 -33.6927 7.1250 -0.0000 -0.0000 3.4015 30.3329 4.6586
19.4237 2.8876 4.6065 178.1030 85.2175 153.0990 0.0000 0.0000 0.0000 -14.8099 -6.2391 -101.5517 15.2460 19.4493 75.9766 2.5949 15.3940 29.3985 3.9324 12.0699 35.9798 0.0000 0.0000 0.0000 11.1225 3.1065 -108.8337 -22.3075 -19.8719 96.7607 -0.2173 9.1938 16.4051 -0.0004 -0.1358 0.3731 -5.5642 -0.0489 43.2981 2.1223 0.0726 13.2580 4.9934 0.7378 -5.4776 4.9051 1.8067 -13.0836 -4.8858 2.0894 -9.8799 -2.3391 1.1019 -0.8307 0.0000 0.0000 0.0000 -24.8348 -70.3891 56.7534 32.9613 -43.3003 -13.3955 -0.0000 0.0000 -22.0185 4.2866 42.5789 2.9033 -7.1250 0.0000 -0.0000 -45.0240 67.4449 -26.3721 0.0000 0.0000 0.0000 20.8204 66.6675 49.7644 -38.1419 46.9297 -17.0692 0.0000 -0.0000 -4.5258 -33.8986 51.0481 -27.5892 7.1250 -0.0000 -0.0000 4.5863 26.0179 6.1466
19.2666 2.8977 4.6167 182.0010 84.9757 156.8140 0.0000 0.0000 0.0000 -15.0301 -6.5982 -100.4498 14.7622 19.3291 74.5192 2.6604 15.6414 29.7867 3.8535 11.9629 35.6008 0.0000 0.0000 0.0000 11.5021 3.0069 -107.8968 -21.8882 -19.9143 95.5282 -0.2495 9.0667 16.6834 -0.0000 -0.0012 0.0034 -5.3163 -0.2661 43.6481 2.1838 -0.0679 13.2904 4.9845 0.6868 -5.5286 4.2698 1.3664 -13.2154 -4.4360 1.6018 -10.0961 -2.0928 0.8827 -0.9145 -0.0000 0.0000 0.0000 -24.2519 -70.1825 56.5760 32.8045 -43.1793 -13.2881 -0.0000 0.0000 -21.8295 0.6904 43.9798 0.4795 -7.1250 0.0000 -0.0000 -50.9086 67.2522 -30.2837 -0.0000 0.0000 0.0000 22.4511 65.6859 48.4383 -37.3185 46.3985 -16.4703 0.0000 -0.0000 -5.8961 -28.1657 48.5509 -21.8668 7.1250 -0.0000 -0.0000 6.1405 21.8717 8.0205
19.4141 2.8855 4.6066 179.2690 84.8267 154.1640 0.0000 0.0000 0.0000 -15.1191 -6.5183 -101.3809 15.3356 19.4702 76.2455 2.5484 15.3277 29.1363 3.9621 12.1098 36.1213 0.0000 0.0000 0.0000 11.0266 2.7530 -108.8199 -22.4366 -19.8571 97.1405 -0.1758 9.3099 15.9792 -0.0002 0.0983 -0.2701 -5.7619 -0.1788 43.4899 2.2269 -0.1139 13.4430 5.2799 0.6476 -5.2983 3.3983 0.9149 -13.5978 -3.8653 1.1357 -10.2286 -1.7643 0.6825 -0.9267 -0.0000 0.0000 0.0000 -23.3191 -69.9837 56.1426 32.7251 -43.1177 -13.2338 -0.0000 0.0000 -22.3444 -2.0353 45.1738 -1.4438 -7.1250 0.0000 -0.0000 -55.5583 67.1219 -33.5533 -0.0000 0.0000 0.0000 23.1177 64.8460 46.5802 -36.2614 45.6921 -15.7093 0.0000 -0.0000 -6.9577 -24.3964 45.9983 -18.0686 7.1250 -0.0000 -0.0000 7.1003 18.3722 9.0321
19.4151 2.8840 4.6048 178.4090 84.7900 153.3390 0.0000 0.0000 0.0000 -15.2039 -6.4920 -101.3741 15.3520 19.4739 76.2947 2.4260 16.0942 28.5873 4.4580 12.7461 38.4252 0.0000 0.0000 0.0000 10.9389 2.7963 -108.8385 -22.4170 -19.8594 97.0829 -0.1468 9.5570 15.8732 -0.0028 0.3396 -0.9330 -6.0461 -0.1416 43.6580 2.2574 -0.1856 13.4383 5.4858 0.6066 -5.3325 3.2222 0.6022 -13.3771 -4.0341 0.7459 -10.7954 -1.8074 0.5056 -1.1600 -0.0000 0.0000 0.0000 -22.9371 -69.5942 55.7961 32.6075 -43.0262 -13.1535 -0.0000 0.0000 -22.3241 -4.0729 45.9482 -2.9296 -7.1250 0.0000 -0.0000 -58.7660 66.9185 -35.7643 -0.0000 0.0000 0.0000 24.0815 63.9930 44.9908 -35.1262 44.9020 -14.9024 0.0000 -0.0000 -8.0122 -20.5559 43.4203 -14.4536 7.1250 -0.0000 -0.0000 8.3027 14.9133 10.2517
19.4200 2.8831 4.6051 176.7570 84.6501 151.7000 0.0000 0.0000 0.0000 -15.6290 -6.4058 -101.4368 15.3693 19.4779 76.3466 2.4463 15.8073 28.6512 4.3856 12.6565 38.0960 0.0000 0.0000 0.0000 10.6371 2.8476 -108.6691 -22.4007 -19.8613 97.0348 -0.0587 10.1334 15.3383 -0.0226 0.9701 -2.6665 -6.3400 -0.1534 43.7386 2.1858 -0.3446 13.3628 5.6223 0.5256 -5.4088 2.5420 0.3136 -13.2915 -3.6520 0.4597 -10.7966 -1.5715 0.3846 -1.1863 -0.0000 0.0000 0.0000 -22.4954 -69.2192 55.5938 32.6587 -43.0661 -13.1884 -0.0000 0.0000 -22.3524 -6.2433 46.1126 -4.5082 -7.1250 0.0000 -0.0000 -60.8501 66.3310 -36.6748 -0.0000 0.0000 0.0000 25.1281 63.0224 44.3303 -34.0968 44.1563 -14.1805 0.0000 -0.0000 -9.2282 -19.4364 40.7868 -12.9805 7.1250 -0.0000 -0.0000 8.3303 12.0827 9.9836
19.4114 2.8821 4.6069 179.9580 84.8961 154.8110 0.0000 0.0000 0.0000 -15.4126 -6.1323 -101.4412 15.2846 19.4583 76.0924 2.5067 15.7973 28.9801 4.2627 12.5020 37.5317 0.0000 0.0000 0.0000 10.8778 3.1788 -108.1184 -22.2650 -19.8766 96.6355 0.0673 10.8419 14.3783 -0.0630 1.6191 -4.4542 -6.2402 -0.2700 43.6073 2.1666 -0.4246 13.5204 5.5833 0.4838 -5.1907 2.2781 -0.0075 -13.5219 -3.5242 0.0677 -10.7420 -1.4954 0.1954 -1.1450 0.0000 0.0000 0.0000 -21.0445 -68.8759 54.5504 32.7644 -43.1482 -13.2607 -0.0000 0.0000 -22.6722 -6.7326 46.2081 -4.8707 -7.1250 0.0000 -0.0000 -61.4257 66.2297 -37.0026 0.0000 0.0000 0.0000 26.4673 62.0049 43.9004 -33.2216 43.4997 -13.5744 0.0000 -0.0000 -10.3208 -21.2172 39.6616 -13.9166 7.1250 -0.0000 -0.0000 7.2163 11.3783 8.5592
19.2666 2.8924 4.6161 184.5290 85.2929 159.2590 0.0000 0.0000 0.0000 -15.2574 -5.8691 -100.6456 14.7252 19.3194 74.4075 2.6462 16.0998 29.7798 4.1671 12.3795 37.0882 0.0000 0.0000 0.0000 11.0437 3.8810 -106.9474 -21.7161 -19.9292 95.0233 -0.0378 9.9624 14.7927 -0.0087 0.6040 -1.6598 -6.1233 -0.3379 43.4739 2.2231 -0.4156 13.7784 5.5818 0.4815 -4.8722 1.8583 -0.2724 -13.7594 -3.1851 -0.2088 -10.9260 -1.3226 0.0766 -1.1748 -0.0000 0.0000 0.0000 -19.9148 -68.5443 53.3878 32.6939 -43.0935 -13.2125 -0.0000 0.0000 -23.0539 -5.3826 46.2544 -3.8940 -7.1250 0.0000 -0.0000 -60.4295 66.6730 -36.7667 -0.0000 0.0000 0.0000 28.2983 60.7150 43.6588 -32.6870 43.0881 -13.2078 0.0000 -0.0000 -11.1334 -24.3433 37.8081 -15.5012 7.1250 -0.0000 -0.0000 5.2389 10.2891 6.1136
19.4094 2.8803 4.5993 185.4290 85.4249 160.0100 0.0000 0.0000 0.0000 -14.9371 -5.5697 -101.4759 15.3477 19.4730 76.2818 2.5636 15.5013 29.2446 4.2185 12.4456 37.3270 0.0000 0.0000 0.0000 10.8302 3.9058 -107.2904 -22.2137 -19.8821 96.4846 0.0859 10.2654 13.1564 -0.0138 0.7592 -2.0864 -6.2573 -0.4038 43.5532 2.1735 -0.5562 13.8140 5.6520 0.4101 -4.8313 1.4395 -0.5745 -14.2637 -3.0686 -0.5566 -10.4838 -1.2233 -0.0937 -0.9615 0.0000 -0.0000 0.0000 -19.3115 -68.0577 52.7120 32.6377 -43.0497 -13.1741 -0.0000 0.0000 -23.2949 -5.7235 46.0825 -4.1295 -7.1250 0.0000 -0.0000 -60.3725 66.4763 -36.4794 0.0000 -0.0000 0.0000 31.5328 58.8390 44.4490 -32.1842 42.6935 -12.8655 0.0000 -0.0000 -11.5424 -26.9059 36.5401 -16.8113 7.1250 -0.0000 -0.0000 3.6311 9.6759 4.1975
19.4056 2.8773 4.5953 182.0850 85.7522 156.6010 0.0000 0.0000 0.0000 -15.0255 -5.1907 -101.5349 15.4521 19.4967 76.5948 2.5219 15.3447 28.9943 4.1727 12.3867 37.1140 0.0000 0.0000 0.0000 10.6026 4.4405 -107.0291 -22.2028 -19.8833 96.4527 0.0523 9.7627 12.9903 -0.0098 0.6402 -1.7593 -6.7148 -0.2219 43.5183 2.0770 -0.5416 13.8258 5.7775 0.4006 -4.7916 0.8744 -0.9286 -13.9559 -2.6667 -0.9369 -10.8314 -1.0107 -0.2575 -1.1256 -0.0000 0.0000 0.0000 -19.2091 -67.7068 52.3914 32.4742 -42.9220 -13.0626 -0.0000 0.0000 -23.3058 -5.5963 46.0288 -4.0338 -7.1250 0.0000 -0.0000 -60.1662 66.4872 -36.3312 -0.0000 0.0000 0.0000 34.8779 56.8214 44.8636 -31.2503 41.9413 -12.2368 0.0000 -0.0000 -11.4232 -28.2581 35.9353 -17.5075 7.1250 -0.0000 -0.0000 2.7849 9.4293 3.2070
19.4007 2.8779 4.5909 178.2010 85.7373 152.6420 0.0000 0.0000 0.0000 -15.3944 -5.0932 -101.3263 15.2676 19.4544 76.0415 2.5706 15.5168 29.2848 4.1416 12.3465 36.9690 0.0000 0.0000 0.0000 10.0772 4.5602 -106.9245 -22.0809 -19.8959 96.0942 -0.0248 9.3333 13.7245 -0.0025 0.3206 -0.8808 -7.1801 -0.1656 43.4644 1.9569 -0.6801 13.8240 5.9410 0.3196 -4.7409 0.3881 -1.2129 -13.4332 -2.2288 -1.2398 -11.2815 -0.7980 -0.3847 -1.3505 0.0000 -0.0000 0.0000 -19.0007 -67.3014 52.2715 32.4406 -42.8957 -13.0398 -0.0000 0.0000 -23.6210 -5.0818 46.2655 -3.6765 -7.1250 0.0000 -0.0000 -60.2081 66.7728 -36.7148 0.0000 -0.0000 0.0000 38.3827 54.8212 45.2814 -29.7030 40.6375 -11.2157 0.0000 -0.0000 -10.7389 -29.8334 35.4773 -18.4093 7.1250 -0.0000 -0.0000 1.8454 9.4076 2.1233
19.2566 2.8909 4.6006 179.9710 85.8076 154.2570 0.0000 0.0000 0.0000 -15.5987 -5.0996 -100.3713 14.7821 19.3343 74.5796 2.6441 15.8021 29.7229 4.1066 12.3009 36.8048 0.0000 0.0000 0.0000 10.2284 4.7853 -105.9358 -21.6247 -19.9366 94.7552 -0.0343 9.5508 14.1785 -0.0030 0.3531 -0.9701 -7.2805 -0.2138 43.4878 1.9630 -0.7729 13.8832 6.0350 0.2687 -4.6647 -0.3052 -1.4549 -12.8332 -1.5902 -1.4402 -12.1203 -0.4864 -0.4426 -1.7068 -0.0000 0.0000 0.0000 -18.7020 -67.0428 51.9064 32.3054 -42.7893 -12.9478 -0.0000 0.0000 -23.7958 -5.4804 46.4948 -3.9808 -7.1250 0.0000 -0.0000 -60.9784 66.7681 -37.3181 -0.0000 0.0000 0.0000 42.5200 52.5617 44.1930 -27.8074 38.9384 -10.0024 0.0000 -0.0000 -4.6133 -30.9974 35.8377 -19.3800 7.1250 -0.0000 -0.0000 1.3099 10.1266 1.5202
19.2573 2.8903 4.6032 183.0870 85.6360 157.2560 0.0000 0.0000 0.0000 -15.5084 -5.2717 -100.2176 14.7676 19.3305 74.5357 2.6556 15.7454 29.7766 4.0434 12.2180 36.5075 0.0000 0.0000 0.0000 10.3632 4.6244 -105.8693 -21.6502 -19.9346 94.8299 -0.0527 9.3112 14.1541 -0.0057 0.4888 -1.3431 -7.2963 -0.3538 43.5155 1.9843 -0.9247 13.9947 6.1246 0.1933 -4.5267 -1.0267 -1.7695 -13.0028 -0.8913 -1.7109 -12.4939 -0.1557 -0.5412 -1.7905 0.0000 -0.0000 0.0000 -18.1271 -66.8660 51.2859 32.2045 -42.7096 -12.8793 -0.0000 0.0000 -23.8304 -5.7985 46.6509 -4.2234 -7.1250 0.0000 -0.0000 -61.5393 66.7490 -37.7413 0.0000 -0.0000 0.0000 46.7412 50.1402 41.6275 -25.9614 37.1705 -8.8643 0.0000 0.0000 4.1773 -31.1912 37.3505 -20.1681 7.1250 -0.0000 -0.0000 1.5718 11.7442 1.8595
19.2594 2.8862 4.6088 183.9810 85.5153 158.1520 0.0000 0.0000 0.0000 -15.4660 -5.3556 -100.3253 14.9427 19.3754 75.0641 2.5793 15.6175 29.3469 4.0727 12.2565 36.6455 0.0000 0.0000 0.0000 10.4739 4.5373 -105.9447 -21.7768 -19.9241 95.2014 -0.0395 9.2118 13.8058 -0.0125 0.7222 -1.9848 -7.4150 -0.3775 43.4420 1.9941 -0.9889 14.0485 6.2210 0.1545 -4.4326 -1.5183 -2.0663 -12.9684 -0.4791 -2.0035 -13.0137 0.0492 -0.6541 -1.9579 -0.0000 0.0000 0.0000 -17.8506 -66.7894 50.8652 32.1300 -42.6505 -12.8288 -0.0000 0.0000 -23.7739 -5.8859 46.4884 -4.2758 -7.1250 0.0000 -0.0000 -61.2899 66.6379 -37.4045 -0.0000 0.0000 0.0000 50.5900 47.1803 38.8725 -24.8258 36.0254 -8.1872 0.0000 0.0000 10.3196 -32.3185 37.8422 -21.2117 7.1250 -0.0000 -0.0000 1.1138 12.6044 1.3303
19.4012 2.8701 4.6025 182.5690 85.6267 156.7220 0.0000 0.0000 0.0000 -15.2562 -5.0612 -101.2062 15.4562 19.4976 76.6071 2.4891 15.2146 28.7947 4.0412 12.2150 36.4970 0.0000 0.0000 0.0000 10.3302 4.4940 -106.6786 -22.2296 -19.8804 96.5313 -0.0063 9.2331 13.2674 -0.0114 0.6890 -1.8935 -7.6440 -0.3170 43.2900 1.8897 -1.0002 14.1485 6.2304 0.1382 -4.2662 -1.7603 -2.3445 -12.5932 -0.2351 -2.3101 -13.9982 0.1675 -0.7718 -2.3402 -0.0000 0.0000 0.0000 -17.2341 -66.5219 50.3040 32.1510 -42.6673 -12.8431 -0.0000 0.0000 -23.7444 -5.3646 46.4920 -3.8962 -7.1250 0.0000 -0.0000 -60.8800 66.8029 -37.2830 -0.0000 0.0000 0.0000 54.0620 43.9027 36.6229 -24.1985 35.3735 -7.8212 0.0000 0.0000 13.9501 -35.3704 38.2129 -23.7075 7.1250 -0.0000 -0.0000 -0.3437 14.0137 -0.4167
19.4053 2.8716 4.6033 181.2760 85.7871 155.3580 0.0000 0.0000 0.0000 -15.3052 -4.8175 -101.1174 15.3324 19.4694 76.2358 2.4964 15.5831 28.8900 4.0877 12.2762 36.7163 0.0000 0.0000 0.0000 10.4280 4.5992 -106.6044 -22.1334 -19.8905 96.2486 -0.0131 9.2998 13.4789 -0.0100 0.6444 -1.7708 -7.7824 -0.2558 43.1963 1.8001 -0.9830 14.1977 6.1982 0.1407 -4.1806 -1.9834 -2.5593 -12.1728 -0.0089 -2.5453 -14.8076 0.2818 -0.8603 -2.6775 0.0000 -0.0000 0.0000 -17.0512 -66.2436 50.0329 32.1205 -42.6430 -12.8223 -0.0000 0.0000 -23.5637 -5.4437 46.4142 -3.9488 -7.1250 0.0000 -0.0000 -60.7906 66.7376 -37.1315 0.0000 -0.0000 0.0000 57.3046 40.0406 34.2131 -23.8543 35.0098 -7.6228 0.0000 0.0000 17.6080 -38.5509 39.0616 -26.6641 7.1250 -0.0000 -0.0000 -1.6880 16.0639 -2.0900
19.4030 2.8699 4.6072 179.9540 85.9789 154.0150 0.0000 0.0000 0.0000 -15.3015 -4.5797 -101.1535 15.3363 19.4703 76.2477 2.4893 15.5877 28.8521 4.0754 12.2600 36.6581 0.0000 0.0000 0.0000 10.5551 4.7482 -106.5610 -22.1333 -19.8905 96.2483 -0.0042 9.3769 13.4332 -0.0074 0.5550 -1.5249 -8.0137 -0.1972 43.2850 1.7739 -1.0272 14.1508 6.3049 0.1112 -4.2392 -2.3908 -2.7141 -11.9066 0.3358 -2.6705 -15.4501 0.4669 -0.8904 -2.9333 -0.0000 0.0000 0.0000 -16.7458 -65.7758 49.6930 32.0746 -42.6066 -12.7913 -0.0000 0.0000 -23.8503 -5.1102 46.4227 -3.7067 -7.1250 0.0000 -0.0000 -60.5394 66.8465 -37.0667 -0.0000 0.0000 0.0000 60.2925 36.0163 32.1555 -23.6117 34.7510 -7.4841 0.0000 0.0000 20.9817 -40.5324 39.9194 -28.7536 7.1250 -0.0000 -0.0000 -2.3875 17.7338 -3.0034
19.4075 2.8673 4.6112 180.1430 85.9120 154.1190 0.0000 0.0000 0.0000 -15.2805 -4.5847 -101.1257 15.5096 19.5095 76.7669 2.3879 15.6526 28.3027 4.2796 12.5234 37.6098 0.0000 0.0000 0.0000 10.6729 4.6180 -106.5429 -22.2680 -19.8762 96.6444 0.0086 9.2942 13.0901 -0.0113 0.6854 -1.8836 -8.1438 -0.3226 43.3282 1.7493 -1.2211 14.2347 6.4183 0.0113 -4.1229 -2.5530 -2.8638 -12.0571 0.4959 -2.8175 -15.7817 0.5450 -0.9453 -3.0184 0.0000 -0.0000 0.0000 -16.3767 -65.3453 49.0503 31.8809 -42.4520 -12.6604 -0.0000 0.0000 -23.9153 -5.7529 46.6760 -4.1918 -7.1250 0.0000 -0.0000 -61.5525 66.7761 -37.7855 0.0000 -0.0000 0.0000 63.0726 31.8596 30.0680 -23.7338 34.8814 -7.5538 0.0000 0.0000 23.1458 -42.8239 41.1969 -31.4010 7.1250 -0.0000 -0.0000 -3.0492 20.0013 -3.9125
19.4078 2.8681 4.6086 177.5580 85.7818 151.5580 0.0000 0.0000 0.0000 -15.5099 -4.6574 -101.0899 15.5121 19.5101 76.7744 2.3699 15.6827 28.2079 4.2813 12.5256 37.6177 0.0000 0.0000 0.0000 10.5479 4.4642 -106.6443 -22.2810 -19.8748 96.6827 0.0161 9.3849 13.0866 -0.0117 0.6988 -1.9205 -8.3117 -0.4766 43.1895 1.6083 -1.4783 14.2785 6.4500 -0.1203 -3.9909 -2.6964 -2.9753 -11.9139 0.8671 -2.9154 -16.1154 0.6942 -0.9874 -3.1509 -0.0000 -0.0000 0.0000 -16.0061 -64.8238 48.6762 31.8124 -42.3971 -12.6141 -0.0000 0.0000 -24.1170 -6.5351 46.6913 -4.7651 -7.1250 0.0000 -0.0000 -62.2023 66.5391 -38.0102 -0.0000 -0.0000 0.0000 65.9096 27.2542 27.3985 -24.7671 35.9650 -8.1527 0.0000 0.0000 25.0329 -47.7214 44.0267 -37.3929 7.1250 -0.0000 -0.0000 -4.2002 25.0651 -5.5945
19.4065 2.8655 4.6088 174.3350 85.6209 148.3760 0.0000 0.0000 0.0000 -15.8102 -4.7441 -101.0502 15.4938 19.5060 76.7198 2.3754 15.6271 28.2291 4.2616 12.5006 37.5268 0.0000 0.0000 0.0000 10.2919 4.3653 -106.7502 -22.2959 -19.8731 96.7265 0.0285 9.4938 13.0221 -0.0134 0.7468 -2.0525 -8.5824 -0.6434 42.9349 1.4760 -1.7624 14.4438 6.5515 -0.2765 -3.6801 -2.6495 -3.0450 -12.0185 0.8268 -3.0124 -16.1901 0.6714 -1.0353 -3.1596 0.0000 -0.0000 0.0000 -15.2828 -64.2338 47.8526 31.7689 -42.3621 -12.5848 -0.0000 0.0000 -24.4783 -5.9533 46.5546 -4.3296 -7.1250 0.0000 -0.0000 -61.4731 66.6510 -37.5667 0.0000 -0.0000 0.0000 68.6716 22.7504 24.8622 -26.5647 37.7609 -9.2313 0.0000 0.0000 25.8176 -53.4011 45.3758 -43.7826 7.1250 -0.0000 -0.0000 -6.0730 29.2949 -8.2968
19.4057 2.8608 4.6113 173.5600 85.8410 147.4690 0.0000 0.0000 0.0000 -15.6156 -4.5111 -100.9557 15.5134 19.5104 76.7786 2.3129 16.0644 27.9560 4.5266 12.8300 38.7354 0.0000 0.0000 0.0000 10.3971 4.5717 -106.5460 -22.3047 -19.8722 96.7522 0.0431 9.5226 12.7963 -0.0103 0.6541 -1.7976 -8.8324 -0.7793 42.8997 1.4853 -2.0275 14.5066 6.7875 -0.4276 -3.5456 -2.9800 -3.0156 -12.0363 1.0417 -2.9342 -16.0755 0.7970 -0.9907 -3.1100 0.0000 -0.0000 0.0000 -14.7757 -63.2797 47.4172 31.8217 -42.4046 -12.6204 -0.0000 0.0000 -24.9084 -5.9220 46.3195 -4.2900 -7.1250 0.0000 -0.0000 -60.9899 66.5390 -37.0437 0.0000 -0.0000 0.0000 70.9990 18.1601 23.5267 -29.0033 40.0236 -10.7628 0.0000 0.0000 24.3199 -56.4812 46.5270 -47.6127 7.1250 -0.0000 -0.0000 -6.7907 32.0712 -9.3976
19.3960 2.8562 4.6118 176.8920 86.0457 150.7190 0.0000 0.0000 0.0000 -15.2343 -4.4509 -100.9787 15.5150 19.5107 76.7833 2.3960 15.6434 28.3463 4.2917 12.5388 37.6657 0.0000 0.0000 0.0000 10.7904 4.6619 -106.4497 -22.2519 -19.8780 96.5970 0.0265 9.4924 13.0559 -0.0147 0.7841 -2.1550 -8.7779 -1.1253 42.8777 1.4618 -2.4484 14.4875 6.8911 -0.6400 -3.5035 -3.1419 -2.8646 -11.6062 1.3476 -2.7286 -16.0782 0.9338 -0.8992 -3.1809 -0.0000 0.0000 0.0000 -14.8266 -62.0708 47.5602 31.8446 -42.4229 -12.6359 -0.0000 0.0000 -24.8045 -5.4760 46.3025 -3.9649 -7.1250 0.0000 -0.0000 -60.5984 66.6691 -36.8952 -0.0000 0.0000 0.0000 73.0396 13.7874 22.9311 -31.0197 41.7515 -12.0829 0.0000 0.0000 23.0092 -58.5604 46.7799 -50.0057 7.1250 -0.0000 -0.0000 -7.5146 33.5217 -10.4636
19.3946 2.8519 4.6106 175.3970 86.3744 149.1060 0.0000 0.0000 0.0000 -14.9413 -4.1832 -100.9693 15.5499 19.5184 76.8878 2.4164 15.5116 28.4380 4.2416 12.4751 37.4341 0.0000 0.0000 0.0000 10.9917 4.9640 -106.3277 -22.2078 -19.8827 96.4674 0.0182 9.5320 13.2626 -0.0243 1.0063 -2.7660 -8.9911 -1.4138 42.2649 1.2082 -2.8298 14.8505 6.8560 -0.8635 -2.8607 -3.1774 -2.8106 -11.2176 1.8525 -2.6292 -16.3177 1.1163 -0.8651 -3.3272 -0.0000 0.0000 0.0000 -13.3841 -60.8740 46.9115 32.0069 -42.5526 -12.7455 -0.0000 0.0000 -25.1253 -3.9673 46.2402 -2.8676 -7.1250 0.0000 -0.0000 -59.2540 67.1090 -36.3740 -0.0000 0.0000 0.0000 74.9171 10.2367 22.4672 -32.5391 42.9727 -13.1068 0.0000 0.0000 22.6871 -60.8431 47.0149 -52.6695 7.1250 -0.0000 -0.0000 -8.3183 35.1256 -11.6525
19.3909 2.8470 4.6064 174.1790 86.5488 147.7290 0.0000 0.0000 0.0000 -14.7321 -4.0549 -100.8096 15.5827 19.5256 76.9859 2.3633 15.7914 28.1893 4.3394 12.5988 37.8848 0.0000 0.0000 0.0000 11.0437 5.0380 -106.1610 -22.2167 -19.8818 96.4934 0.0362 9.6730 13.1483 -0.0238 0.9960 -2.7379 -9.2802 -1.6989 41.9055 1.0773 -3.2809 14.9752 7.0170 -1.1196 -2.5324 -2.9107 -2.7257 -11.0495 1.8543 -2.5802 -16.0181 1.0707 -0.8754 -3.2528 0.0000 -0.0000 0.0000 -12.9622 -59.6224 46.9296 32.1453 -42.6627 -12.8392 -0.0000 0.0000 -25.2214 -3.3792 46.3520 -2.4465 -7.1250 0.0000 -0.0000 -58.9974 67.3546 -36.4675 0.0000 -0.0000 0.0000 76.1839 6.8137 22.3225 -33.1857 43.4723 -13.5496 0.0000 0.0000 23.3722 -62.9727 46.4229 -54.8484 7.1250 -0.0000 -0.0000 -9.5381 36.0171 -13.4157
19.3825 2.8461 4.6030 177.2670 86.4452 150.5810 0.0000 0.0000 0.0000 -14.6219 -4.1975 -100.5441 15.5813 19.5253 76.9816 2.4194 15.4428 28.4438 4.2232 12.4516 37.3489 0.0000 0.0000 0.0000 11.1968 4.7077 -105.9340 -22.2279 -19.8806 96.5264 0.0500 9.7640 13.0361 -0.0242 1.0043 -2.7607 -9.2613 -2.1679 41.8657 1.0192 -3.8612 14.9767 7.1469 -1.4119 -2.4342 -3.0764 -2.6933 -11.1086 2.1351 -2.5296 -15.5357 1.1850 -0.8672 -3.0687 0.0000 -0.0000 0.0000 -13.2650 -58.5109 47.1678 32.0782 -42.6095 -12.7938 -0.0000 0.0000 -24.9916 -4.1138 46.3598 -2.9795 -7.1250 0.0000 -0.0000 -59.6103 67.1266 -36.6749 0.0000 -0.0000 0.0000 76.9174 3.7526 22.6060 -33.7344 43.8870 -13.9286 0.0000 0.0000 22.0532 -63.5861 47.5863 -56.0683 7.1250 -0.0000 -0.0000 -9.0891 37.3431 -12.8154
19.3792 2.8431 4.6009 179.9270 86.3773 152.9540 0.0000 0.0000 0.0000 -14.4500 -4.2973 -100.1330 15.4368 19.4933 76.5491 2.4436 15.8090 28.6365 4.2924 12.5396 37.6688 0.0000 0.0000 0.0000 11.2892 4.4478 -105.6641 -22.1707 -19.8867 96.3582 0.0650 9.8941 12.9593 -0.0159 0.8131 -2.2348 -9.2350 -2.6693 41.4926 0.8491 -4.4390 15.1616 7.1372 -1.7149 -2.0426 -3.2098 -2.5813 -10.9478 2.3739 -2.3765 -15.3351 1.2880 -0.8028 -3.0261 -0.0000 0.0000 0.0000 -13.1331 -57.3267 47.3002 32.0720 -42.6045 -12.7895 -0.0000 0.0000 -25.0432 -3.6127 46.2519 -2.6114 -7.1250 0.0000 -0.0000 -58.9877 67.2271 -36.3074 -0.0000 0.0000 0.0000 77.6879 0.9881 22.6768 -34.2072 44.2376 -14.2574 0.0000 0.0000 22.6483 -65.8829 47.4613 -58.7179 7.1250 -0.0000 -0.0000 -10.0921 38.7818 -14.2870
19.2329 2.8494 4.6070 179.8800 86.8772 152.6750 0.0000 0.0000 0.0000 -14.2229 -4.0111 -99.1546 14.9986 19.3894 75.2325 2.3686 16.8434 28.4102 4.5534 12.8625 38.8558 0.0000 0.0000 0.0000 11.9215 4.9489 -104.5727 -21.6683 -19.9331 94.8831 0.0359 9.8880 13.4738 -0.0100 0.6471 -1.7783 -9.4490 -2.8133 41.0950 0.7872 -4.6772 15.3254 7.2460 -1.8738 -1.6891 -3.3265 -2.5110 -10.8339 2.5509 -2.2841 -15.1327 1.3664 -0.7670 -2.9747 0.0000 0.0000 0.0000 -12.9513 -56.3219 47.3674 31.9711 -42.5242 -12.7213 -0.0000 0.0000 -25.2860 -2.5531 46.0556 -1.8388 -7.1250 0.0000 -0.0000 -57.7245 67.4556 -35.5952 0.0000 0.0000 0.0000 78.1957 -1.3284 22.8055 -34.0722 44.1381 -14.1633 0.0000 0.0000 22.4609 -67.7674 47.7185 -61.0800 7.1250 -0.0000 -0.0000 -10.6831 40.2715 -15.1669
19.2170 2.8458 4.6015 181.8800 87.5303 154.4100 0.0000 0.0000 0.0000 -13.5456 -3.5439 -99.0198 15.0366 19.3988 75.3468 2.3309 16.9860 28.2317 4.5551 12.8646 38.8637 0.0000 0.0000 0.0000 12.6483 5.4002 -104.0515 -21.5551 -19.9419 94.5510 0.0294 9.8032 13.4624 -0.0115 0.6928 -1.9038 -9.5755 -2.8861 40.9373 0.7060 -4.8373 15.3434 7.2719 -1.9747 -1.5899 -3.0591 -2.4447 -11.1266 2.5375 -2.2542 -14.3525 1.3015 -0.7859 -2.6583 0.0000 -0.0000 0.0000 -12.9647 -55.4320 47.7778 31.7796 -42.3707 -12.5920 -0.0000 0.0000 -25.4722 -2.0570 46.0086 -1.4802 -7.1250 0.0000 -0.0000 -57.2187 67.5872 -35.3580 0.0000 -0.0000 0.0000 78.6282 -3.6341 23.1876 -34.2063 44.2370 -14.2568 0.0000 0.0000 21.4263 -68.0765 47.7361 -61.4608 7.1250 -0.0000 -0.0000 -10.7955 40.5006 -15.3327
19.3494 2.8287 4.5866 176.4820 87.7367 148.8170 0.0000 0.0000 0.0000 -13.1724 -3.2681 -99.6730 15.6224 19.5342 77.1046 2.2089 16.7052 27.4978 4.6778 13.0115 39.4115 0.0000 0.0000 0.0000 12.6379 5.2878 -104.5248 -22.0327 -19.9006 95.9527 0.0742 9.8042 12.6455 -0.0071 0.5433 -1.4930 -9.9496 -2.9215 40.8363 0.5800 -5.0642 15.2362 7.4009 -2.1086 -1.6109 -3.0598 -2.4233 -10.7957 2.8296 -2.2347 -14.2133 1.4003 -0.7950 -2.6635 -0.0000 0.0000 0.0000 -13.2878 -54.9121 48.4197 31.3576 -42.0290 -12.3085 -0.0000 0.0000 -25.4134 -2.6423 46.1192 -1.9052 -7.1250 0.0000 -0.0000 -57.9258 67.4622 -35.7591 -0.0000 0.0000 0.0000 78.9053 -6.2054 23.5893 -34.6351 44.5498 -14.5568 0.0000 0.0000 20.4606 -66.9490 47.6486 -60.0670 7.1250 -0.0000 -0.0000 -10.4004 39.6521 -14.7486
19.3438 2.8226 4.5818 163.4920 87.9405 135.7360 0.0000 0.0000 0.0000 -13.2534 -2.9669 -99.6827 15.7435 19.5600 77.4667 2.1925 16.3045 27.3250 4.5464 12.8540 38.8244 0.0000 0.0000 0.0000 12.5369 5.4281 -104.3151 -22.0733 -19.8966 96.0719 0.1582 10.3546 11.8758 -0.0000 -0.0305 0.0839 -10.4942 -2.7779 40.3823 0.4566 -5.0796 15.2884 7.5344 -2.1649 -1.3619 -3.1060 -2.4205 -10.6451 3.1960 -2.2196 -14.0182 1.5281 -0.8020 -2.6186 0.0000 -0.0000 0.0000 -13.4276 -54.7164 48.7590 30.9589 -41.7012 -12.0425 -0.0000 0.0000 -25.2673 -2.9220 46.2717 -2.1124 -7.1250 0.0000 -0.0000 -58.4620 67.4564 -36.1697 0.0000 -0.0000 0.0000 79.2316 -8.2857 23.5846 -34.8342 44.6934 -14.6966 0.0000 0.0000 19.6385 -67.0392 47.6806 -60.1878 7.1250 -0.0000 -0.0000 -10.4157 39.7378 -14.7723
19.3361 2.8161 4.5783 169.6680 88.7976 141.6870 0.0000 0.0000 0.0000 -12.4176 -2.3731 -99.7455 15.8089 19.5735 77.6619 2.2167 16.1447 27.4309 4.4277 12.7088 38.2880 0.0000 0.0000 0.0000 13.5846 5.7563 -103.8577 -21.9987 -19.9039 95.8529 0.1610 10.3744 11.8523 -0.0016 -0.2564 0.7044 -10.3851 -2.6943 40.2943 0.7273 -4.9805 15.1033 7.7455 -2.1326 -1.5553 -3.3323 -2.4357 -9.8231 3.1486 -2.2816 -14.0276 1.5635 -0.8394 -2.7568 -0.0000 0.0000 0.0000 -14.5468 -54.3851 49.8711 30.6114 -41.4117 -11.8119 -0.0000 0.0000 -25.1028 -3.0058 46.3122 -2.1745 -7.1250 0.0000 -0.0000 -58.6125 67.4517 -36.2817 -0.0000 0.0000 0.0000 79.1632 -10.3412 23.5245 -34.3455 44.3391 -14.3540 0.0000 0.0000 18.7909 -67.5869 47.6223 -60.8247 7.1250 -0.0000 -0.0000 -10.6743 40.0761 -15.1507
19.3322 2.8101 4.5737 158.4270 88.9526 130.2140 0.0000 0.0000 0.0000 -12.3551 -2.1717 -99.5536 15.8494 19.5819 77.7827 2.1858 16.1519 27.2570 4.4212 12.7007 38.2582 0.0000 0.0000 0.0000 13.7023 5.7311 -103.5920 -21.9949 -19.9043 95.8418 0.1769 10.5198 11.7741 -0.0086 -0.6004 1.6499 -10.7704 -2.6566 40.0811 0.7075 -5.0753 15.1220 7.9431 -2.2162 -1.4114 -3.3388 -2.4068 -9.6749 3.2547 -2.2591 -13.8038 1.5986 -0.8402 -2.7049 0.0000 0.0000 0.0000 -14.8317 -54.0892 50.1768 30.2547 -41.1107 -11.5767 -0.0000 0.0000 -24.9744 -3.3518 46.0987 -2.4164 -7.1250 0.0000 -0.0000 -58.4692 67.2267 -35.9024 0.0000 0.0000 0.0000 79.3756 -12.0194 23.4083 -33.9789 44.0691 -14.0984 0.0000 0.0000 18.2308 -68.3765 47.3291 -61.6694 7.1250 -0.0000 -0.0000 -11.1886 40.4222 -15.8983
19.3304 2.8102 4.5709 163.2040 88.7292 134.9150 0.0000 0.0000 0.0000 -12.4200 -2.4516 -99.3609 15.8281 19.5775 77.7191 2.1461 16.4114 27.0830 4.4778 12.7704 38.5150 0.0000 0.0000 0.0000 13.6728 5.3261 -103.6061 -22.0888 -19.8951 96.1174 0.1975 10.5020 11.2755 -0.0033 -0.3733 1.0256 -10.8444 -2.8736 39.5816 0.5839 -5.3074 15.3306 7.8998 -2.3610 -0.9843 -3.3490 -2.4317 -10.0496 3.5147 -2.2724 -13.4020 1.6739 -0.8540 -2.5016 0.0000 0.0000 0.0000 -14.3171 -54.0667 49.8812 30.0509 -40.9370 -11.4429 -0.0000 0.0000 -24.9719 -4.3113 45.8441 -3.0960 -7.1250 0.0000 -0.0000 -58.7597 66.7874 -35.6016 0.0000 0.0000 0.0000 79.8370 -13.3833 23.1222 -34.0443 44.1175 -14.1439 0.0000 0.0000 17.0915 -67.7654 47.7743 -61.0989 7.1250 -0.0000 -0.0000 -10.6452 40.3101 -15.1129
19.3279 2.8076 4.5700 155.1140 88.5386 126.6590 0.0000 0.0000 0.0000 -12.6465 -2.4928 -99.1187 15.8127 19.5743 77.6731 2.1684 16.2108 27.1696 4.3771 12.6460 38.0575 0.0000 0.0000 0.0000 13.5048 5.1883 -103.5399 -22.1543 -19.8884 96.3100 0.1970 10.4082 11.1020 -0.0002 -0.0842 0.2313 -11.1830 -2.8376 39.3481 0.4879 -5.3660 15.3895 7.9758 -2.4177 -0.8019 -3.3099 -2.5189 -10.0093 3.7928 -2.3677 -13.4872 1.7597 -0.9084 -2.5315 0.0000 -0.0000 0.0000 -14.2886 -54.1535 49.9910 29.8346 -40.7512 -11.3015 -0.0000 0.0000 -25.1089 -4.8040 46.0598 -3.4631 -7.1250 0.0000 -0.0000 -59.5816 66.7501 -36.1958 0.0000 -0.0000 0.0000 80.3648 -14.4852 22.4872 -33.3451 43.5936 -13.6595 0.0000 0.0000 17.3682 -68.5362 47.6521 -61.9873 7.1250 -0.0000 -0.0000 -11.0369 40.7651 -15.6849
19.3236 2.8040 4.5691 165.4170 88.6760 136.7120 0.0000 0.0000 0.0000 -12.2231 -2.5813 -98.8404 15.8167 19.5752 77.6851 2.1330 16.4722 27.0211 4.5067 12.8058 38.6458 0.0000 0.0000 0.0000 13.9050 5.0329 -103.2812 -22.1511 -19.8887 96.3005 0.1902 10.2759 11.0032 -0.0002 0.0850 -0.2335 -11.0348 -2.9050 39.5358 0.6071 -5.4358 15.2461 8.0626 -2.4393 -1.0173 -3.7115 -2.5869 -9.6093 4.2696 -2.4035 -13.6445 1.9976 -0.9223 -2.6440 0.0000 -0.0000 0.0000 -15.0677 -53.9926 50.5373 29.6343 -40.5779 -11.1710 -0.0000 0.0000 -25.2275 -4.8265 46.1243 -3.4831 -7.1250 0.0000 -0.0000 -59.7255 66.7776 -36.3418 0.0000 -0.0000 0.0000 80.7372 -15.2792 21.4909 -31.7391 42.3382 -12.5648 0.0000 0.0000 18.8989 -71.5579 47.5194 -65.6693 7.1250 -0.0000 -0.0000 -12.3553 42.8656 -17.6125
19.3196 2.8009 4.5648 166.8100 88.6202 138.0000 0.0000 0.0000 0.0000 -12.2123 -2.6807 -98.7027 15.8052 19.5728 77.6507 2.1894 16.1156 27.2706 4.3370 12.5958 37.8738 0.0000 0.0000 0.0000 13.9624 4.8072 -103.1721 -22.1451 -19.8893 96.2829 0.2240 10.5752 10.7834 -0.0029 -0.3488 0.9585 -11.3003 -2.9314 39.4969 0.7504 -5.5743 15.1738 8.3956 -2.5363 -1.0173 -3.7901 -2.4976 -9.3480 4.0821 -2.3026 -13.8050 1.9574 -0.8676 -2.7491 0.0000 -0.0000 0.0000 -15.5926 -53.6870 50.7542 29.4038 -40.3768 -11.0213 -0.0000 0.0000 -25.4268 -4.3479 45.9530 -3.1280 -7.1250 0.0000 -0.0000 -59.0012 66.8351 -35.8465 0.0000 -0.0000 0.0000 80.7345 -15.3542 21.0153 -30.0527 40.9385 -11.4441 0.0000 0.0000 20.1971 -74.9807 46.9115 -69.8268 7.1250 -0.0000 -0.0000 -14.2300 45.0977 -20.3313
19.3125 2.7957 4.5537 171.1530 88.8986 142.1860 0.0000 0.0000 0.0000 -11.8796 -2.5901 -98.5768 15.8111 19.5740 77.6685 2.1278 16.5476 27.0069 4.5134 12.8139 38.6758 0.0000 0.0000 0.0000 14.4451 4.8372 -102.9875 -22.0861 -19.8953 96.1096 0.2038 10.4519 11.0272 -0.0010 -0.2082 0.5719 -11.1356 -2.9734 39.4083 0.7780 -5.5551 15.2319 8.3322 -2.5280 -0.9472 -3.8843 -2.5639 -9.3962 4.1587 -2.3835 -13.7042 1.9962 -0.9069 -2.7014 0.0000 -0.0000 0.0000 -15.5556 -53.7812 50.8038 29.0728 -40.0853 -10.8076 -0.0000 0.0000 -25.6589 -4.3058 45.8595 -3.0928 -7.1250 0.0000 -0.0000 -58.7852 66.7975 -35.6335 0.0000 -0.0000 0.0000 80.8288 -15.1094 21.1709 -29.2000 40.1978 -10.8896 0.0000 0.0000 19.9727 -76.3504 46.7544 -71.5627 7.1250 -0.0000 -0.0000 -14.9408 46.0931 -21.3527
19.3085 2.7895 4.5463 164.1630 89.0391 135.0930 0.0000 0.0000 0.0000 -11.8534 -2.4486 -98.5134 15.8374 19.5794 77.7469 2.0768 16.8045 26.7712 4.6608 12.9913 39.3358 0.0000 0.0000 0.0000 14.6880 4.8833 -102.9678 -22.0361 -19.9003 95.9627 0.1985 10.4999 11.2494 -0.0000 -0.0062 0.0169 -11.3906 -2.9668 39.3557 0.7964 -5.6515 15.1976 8.5097 -2.5988 -0.9184 -4.5452 -2.5820 -10.1602 4.7953 -2.3155 -12.7909 2.3002 -0.8572 -2.2544 -0.0000 0.0000 0.0000 -15.7296 -53.4526 50.9938 28.8484 -39.8856 -10.6634 -0.0000 0.0000 -25.8561 -3.8513 45.8124 -2.7637 -7.1250 0.0000 -0.0000 -58.3191 66.9137 -35.4125 -0.0000 0.0000 0.0000 80.5739 -14.3297 22.0972 -28.4119 39.4927 -10.3846 0.0000 0.0000 18.8624 -76.2053 47.5508 -71.5953 7.1250 -0.0000 -0.0000 -14.2576 46.4358 -20.3503
19.3030 2.7873 4.5444 153.4700 89.0478 124.3580 0.0000 0.0000 0.0000 -11.9633 -2.3258 -98.4753 15.8337 19.5786 77.7360 2.1166 16.4166 26.9159 4.4379 12.7214 38.3343 0.0000 0.0000 0.0000 14.7259 4.9560 -102.9951 -22.0077 -19.9031 95.8792 0.1813 10.4443 11.5350 -0.0466 1.3929 -3.8306 -11.7101 -2.9256 39.1102 0.7772 -5.6974 15.2442 8.6541 -2.6566 -0.7421 -4.5094 -2.7058 -10.0437 4.8007 -2.4946 -12.8105 2.2944 -0.9521 -2.2717 0.0000 -0.0000 0.0000 -15.7075 -53.2996 51.0453 28.7197 -39.7704 -10.5809 -0.0000 0.0000 -26.0876 -3.1873 46.1398 -2.2993 -7.1250 0.0000 -0.0000 -58.4159 67.3009 -35.9493 0.0000 -0.0000 0.0000 80.6763 -12.8359 22.5854 -26.9188 38.1016 -9.4490 0.0000 0.0000 17.8228 -77.8933 47.1990 -73.7037 7.1250 -0.0000 -0.0000 -15.2599 47.5837 -21.7805
19.3001 2.7846 4.5462 157.2950 89.3176 128.0980 0.0000 0.0000 0.0000 -11.6807 -2.1400 -98.4481 15.8268 19.5772 77.7153 2.1129 16.5806 26.9291 4.5158 12.8169 38.6867 0.0000 0.0000 0.0000 15.0738 5.1220 -102.8698 -21.9172 -19.9116 95.6136 0.1641 10.3924 11.8179 -0.0702 1.7099 -4.7047 -11.6443 -2.8794 39.0236 0.8675 -5.6087 15.2589 8.6894 -2.6203 -0.7177 -4.2735 -2.8020 -9.7863 4.4435 -2.6819 -12.9327 2.1357 -1.0543 -2.3529 0.0000 -0.0000 0.0000 -15.8828 -53.3131 51.1783 28.5948 -39.6581 -10.5011 -0.0000 0.0000 -25.8666 -4.2151 45.9600 -3.0327 -7.1250 0.0000 -0.0000 -58.9058 66.8804 -35.8270 0.0000 -0.0000 0.0000 80.9746 -11.7862 22.5758 -25.1724 36.3797 -8.3920 0.0000 0.0000 18.9456 -83.0590 46.5081 -80.4742 7.1250 -0.0000 -0.0000 -18.2077 51.5479 -25.8700
19.2925 2.7838 4.5441 137.9190 89.2388 108.8700 0.0000 0.0000 0.0000 -11.8839 -2.0284 -98.5710 15.8011 19.5719 77.6387 2.0766 16.7808 26.7650 4.6023 12.9215 39.0752 0.0000 0.0000 0.0000 14.9553 5.2531 -102.9974 -21.8461 -19.9181 95.4046 0.1702 10.5131 11.9085 -0.0638 1.6294 -4.4826 -11.7726 -2.7719 38.7414 0.8231 -5.5049 15.2608 8.6666 -2.5832 -0.6345 -4.7375 -3.0885 -10.0172 5.0257 -2.9824 -12.7485 2.4014 -1.1920 -2.2251 0.0000 -0.0000 0.0000 -15.7640 -53.5860 51.0607 28.4391 -39.5174 -10.4019 -0.0000 0.0000 -25.7566 -4.2880 45.8558 -3.0798 -7.1250 0.0000 -0.0000 -58.7633 66.8011 -35.6209 0.0000 -0.0000 0.0000 81.3985 -10.7268 22.5821 -23.6076 34.7465 -7.4817 0.0000 0.0000 19.6233 -87.7549 45.0790 -86.8309 7.1250 -0.0000 -0.0000 -22.0551 55.1486 -31.0819
19.2839 2.7834 4.5402 121.0120 88.9102 92.0527 0.0000 0.0000 0.0000 -12.3086 -1.8969 -98.6140 15.7726 19.5660 77.5536 2.1042 16.4701 26.8560 4.3983 12.6724 38.1540 0.0000 0.0000 0.0000 14.5970 5.3816 -103.0770 -21.7924 -19.9228 95.2471 0.1785 10.6476 11.9784 -0.0636 1.6275 -4.4772 -12.0300 -2.6787 38.3591 0.6258 -5.4378 15.3796 8.5468 -2.5734 -0.3754 -5.0699 -3.3462 -10.7753 5.6835 -3.2361 -12.1895 2.6542 -1.3064 -1.8831 -0.0000 0.0000 0.0000 -15.2141 -53.7233 50.5169 28.3933 -39.4758 -10.3728 -0.0000 0.0000 -25.5682 -4.8080 45.6286 -3.4408 -7.1250 0.0000 -0.0000 -58.7555 66.5156 -35.2698 -0.0000 0.0000 0.0000 81.9290 -9.2343 22.9660 -22.7350 33.7977 -6.9903 0.0000 0.0000 17.4637 -90.1865 -45.5108 90.2614 7.1250 -0.0000 -0.0000 -23.0224 57.4920 -32.1299
19.2746 2.7794 4.5400 118.6200 88.7540 89.4517 0.0000 0.0000 0.0000 -12.5348 -1.8073 -98.3613 15.7443 19.5601 77.4689 2.0875 16.5698 26.7817 4.4525 12.7394 38.4007 0.0000 0.0000 0.0000 14.4729 5.3559 -102.8630 -21.7734 -19.9244 95.1914 0.1834 10.7041 11.9777 -0.0664 1.6623 -4.5733 -12.2483 -2.6655 38.4775 0.4875 -5.4905 15.4866 8.5202 -2.6067 -0.2652 -4.9409 -3.4918 -11.3890 5.8507 -3.4156 -11.8272 2.6648 -1.3952 -1.6494 -0.0000 0.0000 0.0000 -14.8536 -53.4739 50.0307 28.4308 -39.5098 -10.3966 -0.0000 0.0000 -25.7695 -4.9812 45.7893 -3.5748 -7.1250 0.0000 -0.0000 -59.2051 66.5494 -35.6585 -0.0000 0.0000 0.0000 82.4295 -8.1426 22.3875 -22.0406 33.0228 -6.6079 0.0000 0.0000 17.4621 -96.2878 -44.4557 98.9409 7.1250 -0.0000 -0.0000 -28.5559 62.8458 -38.7553
19.2619 2.7724 4.5434 126.2790 89.1151 96.8768 0.0000 0.0000 0.0000 -12.2006 -1.8155 -98.1306 15.7056 19.5520 77.3535 2.1067 16.6147 26.9007 4.4194 12.6985 38.2500 0.0000 0.0000 0.0000 14.8495 5.3029 -102.5492 -21.7365 -19.9276 95.0830 0.1828 10.6651 11.9174 -0.0763 1.7823 -4.9044 -11.9460 -2.7836 38.8333 0.4968 -5.5395 15.5680 8.3994 -2.6040 -0.3147 -4.8036 -3.7136 -11.8258 5.8765 -3.7186 -11.5268 2.6258 -1.5475 -1.4627 -0.0000 0.0000 0.0000 -14.6413 -53.3190 49.4726 28.3825 -39.4660 -10.3659 -0.0000 0.0000 -26.0189 -5.5987 45.8227 -4.0215 -7.1250 0.0000 -0.0000 -59.7740 66.3764 -35.8886 -0.0000 0.0000 0.0000 82.6834 -8.3122 22.1743 -22.4812 33.5166 -6.8497 0.0000 0.0000 16.9656 -95.4147 -44.6088 97.6869 7.1250 -0.0000 -0.0000 -27.6623 62.0687 -37.7228
19.2482 2.7708 4.5442 140.9000 89.5178 111.2840 0.0000 0.0000 0.0000 -11.7706 -1.7941 -97.9152 15.6846 19.5475 77.2905 2.0986 16.8106 26.8971 4.4950 12.7915 38.5930 0.0000 0.0000 0.0000 15.3168 5.2788 -102.2086 -21.6863 -19.9317 94.9357 0.1730 10.5771 11.9651 -0.0786 1.8087 -4.9771 -11.5555 -2.9305 38.9475 0.4924 -5.5688 15.6916 8.2059 -2.5973 -0.2566 -4.7841 -4.1117 -12.1106 6.0128 -4.2649 -11.0528 2.6354 -1.8244 -1.2266 0.0000 -0.0000 0.0000 -14.5094 -53.1812 48.9718 28.3264 -39.4150 -10.3303 -0.0000 0.0000 -26.0893 -5.4675 45.8048 -3.9258 -7.1250 0.0000 -0.0000 -59.6329 66.4073 -35.8168 0.0000 -0.0000 0.0000 82.6521 -8.3930 22.5561 -22.9000 33.9793 -7.0823 0.0000 0.0000 16.1974 -93.7704 -45.6925 95.2616 7.1250 -0.0000 -0.0000 -25.0482 60.7693 -34.3861
19.2390 2.7728 4.5423 132.8880 89.2857 103.1140 0.0000 0.0000 0.0000 -12.0808 -1.7843 -97.6343 15.6454 19.5392 77.1735 2.0713 16.8946 26.7598 4.5486 12.8566 38.8341 0.0000 0.0000 0.0000 15.0477 5.1911 -102.0362 -21.6757 -19.9325 94.9048 0.1907 10.7412 11.8903 -0.0904 1.9397 -5.3391 -11.7921 -2.9438 38.9452 0.3712 -5.6726 15.7057 8.2232 -2.6583 -0.1996 -5.1903 -4.3004 -11.6230 6.3284 -4.4994 -11.0003 2.8166 -1.9424 -1.2586 0.0000 0.0000 0.0000 -14.5045 -53.0231 48.8268 28.2272 -39.3246 -10.2674 -0.0000 0.0000 -26.4926 -5.4034 45.6784 -3.8714 -7.1250 0.0000 -0.0000 -59.3403 66.3588 -35.5304 0.0000 0.0000 0.0000 82.4245 -8.1002 23.2473 -22.8239 33.8957 -7.0399 0.0000 0.0000 15.5270 -93.1815 -45.6649 94.4437 7.1250 -0.0000 -0.0000 -24.7003 60.2341 -34.0090
19.2319 2.7739 4.5414 126.2510 89.0051 96.3971 0.0000 0.0000 0.0000 -12.4209 -1.7699 -97.4663 15.6191 19.5335 77.0946 2.0583 16.8882 26.6840 4.5422 12.8490 38.8056 0.0000 0.0000 0.0000 14.7310 5.1673 -101.9671 -21.6676 -19.9332 94.8809 0.1982 10.8588 11.9505 -0.1047 2.0867 -5.7454 -12.2856 -2.9217 39.0099 0.2958 -5.8576 15.5919 8.4490 -2.7732 -0.2534 -5.4064 -4.2629 -11.0428 6.3600 -4.4721 -10.9861 2.8798 -1.9373 -1.3457 0.0000 -0.0000 0.0000 -15.0450 -52.5075 48.8942 28.1434 -39.2480 -10.2143 -0.0000 0.0000 -26.7284 -5.5027 45.7128 -3.9450 -7.1250 0.0000 -0.0000 -59.4868 66.3468 -35.6292 0.0000 -0.0000 0.0000 82.0121 -8.1737 24.3042 -22.8653 33.9412 -7.0629 0.0000 0.0000 15.0808 -92.5657 -45.4299 93.5992 7.1250 -0.0000 -0.0000 -24.5972 59.6275 -33.9834
19.2286 2.7744 4.5428 127.0660 89.2330 97.0810 0.0000 0.0000 0.0000 -12.0989 -1.7352 -97.3246 15.6291 19.5356 77.1246 2.0041 17.2142 26.4487 4.7022 13.0404 39.5199 0.0000 0.0000 0.0000 14.9609 5.2026 -101.7454 -21.6425 -19.9352 94.8073 0.2049 10.8987 11.8818 -0.1040 2.0798 -5.7261 -12.1618 -3.0043 38.9642 0.2725 -5.9031 15.6676 8.3709 -2.7958 -0.1639 -5.5034 -4.3612 -10.9614 6.3921 -4.6232 -10.6707 2.8989 -2.0174 -1.2430 -0.0000 -0.0000 0.0000 -14.9869 -52.2752 48.8562 28.1675 -39.2699 -10.2295 -0.0000 0.0000 -27.0565 -5.7527 45.8017 -4.1310 -7.1250 0.0000 -0.0000 -59.8600 66.3175 -35.8830 -0.0000 -0.0000 0.0000 81.9248 -8.1307 24.6740 -23.0630 34.1576 -7.1736 0.0000 0.0000 14.1120 -91.8685 -46.5368 92.5736 7.1250 -0.0000 -0.0000 -22.8080 59.2529 -31.5358
19.2243 2.7754 4.5400 123.3470 89.1112 93.3790 0.0000 0.0000 0.0000 -12.2003 -1.7864 -97.2713 15.5975 19.5288 77.0300 2.0225 17.1426 26.5375 4.6686 13.0006 39.3707 0.0000 0.0000 0.0000 14.8009 5.2026 -101.7532 -21.6245 -19.9366 94.7546 0.2143 11.0279 11.9259 -0.0913 1.9484 -5.3631 -12.4583 -3.0170 38.4857 0.2465 -5.9058 16.0499 8.4596 -2.8611 0.4552 -5.6791 -4.4992 -11.2206 6.5995 -4.7520 -10.8322 2.9951 -2.0682 -1.2354 -0.0000 0.0000 0.0000 -14.3021 -52.2850 47.9808 28.0970 -39.2053 -10.1849 -0.0000 0.0000 -27.0120 -5.1465 45.6538 -3.6853 -7.1250 0.0000 -0.0000 -59.0826 66.4247 -35.4117 -0.0000 0.0000 0.0000 81.8411 -7.4246 24.8872 -23.0543 34.1481 -7.1687 0.0000 0.0000 13.6878 -91.0044 -46.8085 91.3776 7.1250 -0.0000 -0.0000 -21.9893 58.5580 -30.4972
19.2243 2.7753 4.5370 123.2400 89.0896 93.3300 0.0000 0.0000 0.0000 -12.2087 -1.8645 -97.3075 15.5909 19.5274 77.0104 2.0484 17.0611 26.6666 4.5951 12.9127 39.0427 0.0000 0.0000 0.0000 14.7757 5.1945 -101.8316 -21.6182 -19.9371 94.7360 0.2116 11.0501 12.0280 -0.0908 1.9437 -5.3502 -12.4818 -3.0255 38.3123 0.2646 -5.8916 16.1343 8.4781 -2.8695 0.6072 -5.8183 -4.5828 -11.4283 6.6791 -4.8347 -10.7745 3.0394 -2.1005 -1.1712 0.0000 0.0000 0.0000 -14.1246 -52.4198 47.7473 28.0600 -39.1714 -10.1616 -0.0000 0.0000 -26.7987 -5.2702 45.6832 -3.7760 -7.1250 0.0000 -0.0000 -59.2400 66.4025 -35.5062 0.0000 0.0000 0.0000 81.8674 -7.3900 24.7038 -23.0023 34.0914 -7.1396 0.0000 0.0000 13.7645 -91.8813 -46.5092 92.5923 7.1250 -0.0000 -0.0000 -22.8493 59.2579 -31.5930
19.2240 2.7757 4.5376 131.5600 89.2612 101.6230 0.0000 0.0000 0.0000 -11.9787 -1.9645 -97.2789 15.5922 19.5277 77.0141 2.0815 16.9533 26.8310 4.6070 12.9270 39.0960 0.0000 0.0000 0.0000 14.9997 5.1351 -101.7932 -21.6131 -19.9375 94.7212 0.2126 11.0259 11.9594 -0.0972 2.0105 -5.5347 -12.1580 -3.0140 38.7190 0.3428 -5.8583 15.8203 8.4179 -2.7972 0.0813 -5.8203 -4.6532 -11.4433 6.6060 -4.9583 -10.3771 3.0019 -2.1674 -1.0319 -0.0000 -0.0000 0.0000 -14.4343 -52.6519 48.5939 28.2034 -39.3028 -10.2522 -0.0000 0.0000 -27.0985 -5.3237 46.0880 -3.8405 -7.1250 0.0000 -0.0000 -60.0589 66.6033 -36.3899 -0.0000 -0.0000 0.0000 82.0939 -7.9092 24.0895 -22.8559 33.9308 -7.0577 0.0000 0.0000 13.6803 -92.2292 -47.0086 93.0463 7.1250 -0.0000 -0.0000 -22.4298 59.6721 -30.9335
19.2238 2.7744 4.5385 135.9320 89.0922 106.0310 0.0000 0.0000 0.0000 -12.1751 -2.1020 -97.2724 15.5740 19.5237 76.9598 2.1029 16.8628 26.9330 4.5180 12.8196 38.6967 0.0000 0.0000 0.0000 14.8712 5.0515 -101.8914 -21.6200 -19.9370 94.7412 0.2046 10.9367 11.9612 -0.1002 2.0409 -5.6188 -12.1268 -2.9060 38.9410 0.3492 -5.7683 15.6049 8.3988 -2.7228 -0.2511 -5.7353 -4.7933 -11.2545 6.5889 -5.1712 -10.3420 2.9752 -2.2818 -1.0406 -0.0000 0.0000 0.0000 -14.8567 -53.0981 49.1483 28.2325 -39.3294 -10.2707 -0.0000 0.0000 -26.9963 -6.1565 46.2020 -4.4519 -7.1250 0.0000 -0.0000 -60.9515 66.4048 -36.8465 -0.0000 0.0000 0.0000 82.2258 -8.5408 23.9111 -22.9099 33.9902 -7.0879 0.0000 0.0000 13.2132 -91.1551 -47.7163 91.5612 7.1250 -0.0000 -0.0000 -20.9762 58.9021 -29.0189
19.2230 2.7725 4.5403 134.7360 88.9348 104.7370 0.0000 0.0000 0.0000 -12.3118 -2.1334 -97.1299 15.5705 19.5229 76.9494 2.0788 17.0470 26.8368 4.5688 12.8810 38.9248 0.0000 0.0000 0.0000 14.7314 4.9829 -101.8250 -21.6338 -19.9359 94.7818 0.2138 11.0215 11.9226 -0.1014 2.0534 -5.6533 -12.1142 -2.7892 38.8779 0.2708 -5.5727 15.7743 8.2409 -2.6241 -0.0862 -5.7136 -4.9683 -11.5206 6.8159 -5.3673 -10.4475 3.0367 -2.3720 -1.0120 -0.0000 0.0000 0.0000 -14.3602 -53.7331 48.8110 28.2099 -39.3087 -10.2564 -0.0000 0.0000 -26.8889 -6.3683 46.0782 -4.5961 -7.1250 0.0000 -0.0000 -60.8852 66.2744 -36.6319 -0.0000 0.0000 0.0000 82.3675 -8.6002 23.9543 -22.8647 33.9406 -7.0626 0.0000 0.0000 12.7146 -91.3611 -47.6256 91.8421 7.1250 -0.0000 -0.0000 -21.1944 59.0576 -29.3015
19.2210 2.7700 4.5438 142.0480 88.9467 111.9880 0.0000 0.0000 0.0000 -12.2721 -2.2233 -97.0469 15.5488 19.5182 76.8844 2.0862 16.9257 26.8517 4.5026 12.8007 38.6269 0.0000 0.0000 0.0000 14.8221 4.9145 -101.7791 -21.6458 -19.9349 94.8171 0.2109 10.9638 11.8742 -0.1094 2.1324 -5.8716 -11.8774 -2.7787 38.8943 0.2354 -5.4497 15.8762 8.0443 -2.5441 -0.0331 -5.6549 -5.0386 -11.8778 6.9008 -5.4427 -10.3326 3.0412 -2.4029 -0.9092 0.0000 -0.0000 0.0000 -14.1318 -54.2198 48.4070 28.1201 -39.2266 -10.1996 -0.0000 0.0000 -26.7605 -6.8641 46.2026 -4.9658 -7.1250 0.0000 -0.0000 -61.5207 66.1863 -37.0234 0.0000 -0.0000 0.0000 82.3295 -8.8375 24.4800 -22.9832 34.0704 -7.1289 0.0000 0.0000 11.7608 -90.5078 -48.0551 90.6827 7.1250 -0.0000 -0.0000 -20.2391 58.4313 -28.0513
19.2180 2.7692 4.5496 148.3300 88.9977 118.3130 0.0000 0.0000 0.0000 -12.2119 -2.2573 -97.0893 15.5193 19.5117 76.7960 2.1049 17.0199 26.9787 4.5318 12.8363 38.7588 0.0000 0.0000 0.0000 14.9486 4.9304 -101.8066 -21.6469 -19.9348 94.8201 0.2079 10.8987 11.8137 -0.1340 2.3592 -6.4994 -11.7046 -2.7288 39.0307 0.2946 -5.3475 15.7916 7.9985 -2.4721 -0.2070 -5.8822 -5.0527 -11.8793 7.1593 -5.4160 -10.4233 3.1750 -2.3796 -0.9254 0.0000 -0.0000 0.0000 -14.5742 -54.4118 48.0718 27.9670 -39.0859 -10.1029 -0.0000 0.0000 -26.6442 -6.7832 45.9390 -4.8854 -7.1250 0.0000 -0.0000 -60.9560 66.0734 -36.4362 0.0000 -0.0000 0.0000 82.2971 -8.7390 24.4165 -22.5670 33.6119 -6.8971 0.0000 0.0000 10.9024 -90.3358 -49.2103 90.4435 7.1250 -0.0000 -0.0000 -18.7650 58.5574 -25.9654
19.2189 2.7713 4.5545 159.8630 89.1502 129.8950 0.0000 0.0000 0.0000 -12.0728 -2.2442 -97.2004 15.5107 19.5098 76.7703 2.2253 16.7493 27.5986 4.4864 12.7810 38.5541 0.0000 0.0000 0.0000 15.2893 4.9327 -101.8515 -21.6639 -19.9335 94.8700 0.2020 10.7749 11.7068 -0.1551 2.5380 -6.9950 -11.4916 -2.7217 39.1708 0.4257 -5.2977 15.6456 8.0278 -2.4285 -0.4405 -6.0743 -4.9895 -11.8417 7.1110 -5.3164 -10.3989 3.1990 -2.3236 -0.9265 -0.0000 -0.0000 0.0000 -15.2391 -54.3544 48.1764 27.9260 -39.0480 -10.0770 -0.0000 0.0000 -26.9214 -6.7007 45.8929 -4.8220 -7.1250 0.0000 -0.0000 -60.8024 66.0744 -36.3169 -0.0000 -0.0000 0.0000 82.0922 -8.8250 24.7808 -22.2725 33.2836 -6.7348 0.0000 0.0000 10.7860 -90.1798 -48.7049 90.2393 7.1250 -0.0000 -0.0000 -19.3032 58.3113 -26.7519
19.2234 2.7742 4.5579 188.3150 89.4631 158.3020 0.0000 0.0000 0.0000 -11.7029 -2.0520 -97.3017 15.5281 19.5136 76.8225 2.3525 16.6356 28.2820 4.6522 12.9811 39.2976 0.0000 0.0000 0.0000 15.8136 5.0471 -101.7040 -21.6497 -19.9346 94.8285 0.1877 10.6339 11.7519 -0.1742 2.6883 -7.4121 -11.0519 -2.7953 39.3970 0.4884 -5.2824 15.4856 7.8827 -2.3819 -0.7420 -6.1575 -4.8477 -11.9226 7.0382 -5.1273 -10.2007 3.1926 -2.2262 -0.8609 -0.0000 -0.0000 0.0000 -15.7933 -54.1118 48.4696 27.8807 -39.0062 -10.0485 -0.0000 0.0000 -27.4882 -6.9475 46.0273 -5.0118 -7.1250 0.0000 -0.0000 -61.2551 66.0692 -36.6663 -0.0000 -0.0000 0.0000 82.1097 -8.8118 24.9179 -21.8337 32.7886 -6.4956 0.0000 0.0000 11.3809 -90.0490 -47.9237 90.0660 7.1250 -0.0000 -0.0000 -20.1672 58.0109 -28.0078
19.2263 2.7721 4.5609 215.5460 89.4978 185.5130 0.0000 0.0000 0.0000 -11.3110 -2.0693 -97.3184 15.5489 19.5182 76.8847 2.3481 16.8476 28.2985 4.7771 13.1283 39.8507 0.0000 0.0000 0.0000 16.1207 5.0998 -101.6659 -21.6422 -19.9352 94.8064 0.1575 10.4327 12.0312 -0.1362 2.3782 -6.5522 -10.7630 -2.8853 39.5279 0.4524 -5.3216 15.3957 7.7182 -2.3729 -0.9136 -5.5999 -4.8103 -12.4759 6.5857 -5.1434 -9.8117 2.9151 -2.2440 -0.6711 -0.0000 -0.0000 0.0000 -16.0466 -53.8013 48.4270 27.8059 -38.9369 -10.0014 -0.0000 0.0000 -28.0580 -7.3464 46.0559 -5.3035 -7.1250 0.0000 -0.0000 -61.6292 65.9616 -36.8258 -0.0000 -0.0000 0.0000 82.2860 -8.6293 24.8025 -21.1738 32.0306 -6.1418 0.0000 0.0000 12.9097 -91.5919 -46.1126 92.2083 7.1250 -0.0000 -0.0000 -23.1608 58.9095 -32.0914
19.2302 2.7699 4.5597 219.0550 89.5672 189.0370 0.0000 0.0000 0.0000 -11.2996 -1.9727 -97.4035 15.5737 19.5236 76.9589 2.3391 16.6001 28.2013 4.6034 12.9227 39.0800 0.0000 0.0000 0.0000 16.1956 5.1589 -101.7033 -21.6499 -19.9346 94.8291 0.1833 10.6389 11.8585 -0.0765 1.7847 -4.9110 -10.7709 -2.9223 39.5536 0.4151 -5.3877 15.3468 7.7052 -2.4027 -0.9666 -5.7806 -4.6825 -12.6102 6.6191 -4.9455 -9.7271 2.9654 -2.1365 -0.6277 0.0000 -0.0000 0.0000 -16.2610 -53.4680 48.2640 27.6949 -38.8338 -9.9318 -0.0000 0.0000 -28.3389 -7.7546 46.0858 -5.6027 -7.1250 0.0000 -0.0000 -62.0122 65.8521 -36.9899 0.0000 -0.0000 0.0000 82.3252 -8.3952 24.6442 -20.9243 31.7398 -6.0100 0.0000 0.0000 13.2667 -92.1046 -46.3063 92.9096 7.1250 -0.0000 -0.0000 -23.2300 59.4097 -32.1016
19.2324 2.7696 4.5572 175.3690 89.5347 145.4310 0.0000 0.0000 0.0000 -11.7035 -1.9554 -97.4572 15.5744 19.5238 76.9611 2.2530 16.7067 27.7450 4.4944 12.7907 38.5900 0.0000 0.0000 0.0000 15.8928 5.1171 -101.8767 -21.6749 -19.9326 94.9022 0.1978 10.8344 11.9120 -0.0631 1.6207 -4.4584 -11.0537 -2.8878 39.5406 0.3113 -5.4711 15.2556 7.7643 -2.4505 -1.0232 -5.6959 -4.6218 -12.7490 6.4614 -4.8782 -9.6066 2.8947 -2.1041 -0.5770 0.0000 -0.0000 0.0000 -16.3893 -53.2255 48.1581 27.7158 -38.8533 -9.9449 -0.0000 0.0000 -28.6291 -7.6551 46.1616 -5.5374 -7.1250 0.0000 -0.0000 -62.0752 65.9216 -37.1284 0.0000 -0.0000 0.0000 82.4391 -8.5716 24.4213 -21.1122 31.9591 -6.1092 0.0000 0.0000 13.4233 -91.9962 -46.5784 92.7474 7.1250 -0.0000 -0.0000 -22.8312 59.3747 -31.5474
19.2349 2.7692 4.5555 156.6140 89.3644 126.7000 0.0000 0.0000 0.0000 -11.9866 -1.9563 -97.4600 15.5833 19.5257 76.9877 2.2001 16.8199 27.4721 4.5133 12.8138 38.6756 0.0000 0.0000 0.0000 15.6641 5.0545 -101.9754 -21.7042 -19.9302 94.9885 0.2094 10.9662 11.9125 -0.1067 2.1065 -5.8000 -11.2947 -2.8600 39.5855 0.2415 -5.5408 15.2027 7.8344 -2.4907 -1.0592 -5.3331 -4.7124 -12.8511 6.2894 -5.0308 -9.7725 2.7627 -2.1879 -0.6210 0.0000 -0.0000 0.0000 -16.3650 -53.0677 48.1628 27.7928 -38.9248 -9.9932 -0.0000 0.0000 -28.7913 -7.4281 46.3449 -5.3887 -7.1250 0.0000 -0.0000 -62.2415 66.0856 -37.4691 0.0000 -0.0000 0.0000 82.5508 -8.7514 24.1552 -21.0227 31.8548 -6.0619 0.0000 0.0000 14.7834 -93.6665 -45.6923 95.1171 7.1250 -0.0000 -0.0000 -24.9804 60.6760 -34.3108
19.2361 2.7714 4.5529 151.4620 89.3358 121.5950 0.0000 0.0000 0.0000 -12.0865 -1.9215 -97.5199 15.5957 19.5284 77.0248 2.1972 16.6201 27.4145 4.4104 12.6874 38.2093 0.0000 0.0000 0.0000 15.6243 5.0481 -102.0266 -21.7170 -19.9292 95.0260 0.2178 11.0148 11.8220 -0.1319 2.3411 -6.4494 -11.3868 -2.8447 39.5179 0.2464 -5.5548 15.1880 7.8888 -2.5062 -1.0405 -5.3959 -4.7383 -12.9575 6.2230 -5.0578 -9.7023 2.7474 -2.1980 -0.5796 -0.0000 -0.0000 0.0000 -16.3283 -53.0119 48.2160 27.8250 -38.9546 -10.0134 -0.0000 0.0000 -28.7529 -7.2346 46.3021 -5.2438 -7.1250 0.0000 -0.0000 -62.0061 66.1234 -37.3293 -0.0000 -0.0000 0.0000 82.5985 -8.8121 24.0902 -21.4850 32.3901 -6.3077 0.0000 0.0000 13.9856 -92.2807 -46.2558 93.1554 7.1250 -0.0000 -0.0000 -23.3976 59.5548 -32.3111
19.2332 2.7741 4.5522 152.8720 89.2893 122.9690 0.0000 0.0000 0.0000 -12.1501 -1.9382 -97.4461 15.5867 19.5265 76.9979 2.1894 16.6190 27.3704 4.3926 12.6653 38.1282 0.0000 0.0000 0.0000 15.5927 4.9822 -101.9720 -21.7197 -19.9289 95.0338 0.2180 11.0044 11.7974 -0.1988 2.8714 -7.9209 -11.4381 -2.8457 39.5289 0.2507 -5.5643 15.2332 7.9202 -2.5162 -0.9848 -5.4433 -4.8203 -13.1017 6.2784 -5.1527 -9.6555 2.7670 -2.2409 -0.5320 -0.0000 0.0000 0.0000 -16.1661 -53.0508 48.2912 27.8272 -38.9567 -10.0148 -0.0000 0.0000 -28.5062 -8.1733 46.0638 -5.9049 -7.1250 0.0000 -0.0000 -62.3052 65.7127 -37.0444 -0.0000 0.0000 0.0000 82.5980 -8.9047 23.9901 -21.4424 32.3411 -6.2849 0.0000 0.0000 14.9257 -93.7874 -45.5210 95.3007 7.1250 -0.0000 -0.0000 -25.2829 60.7515 -34.7174
19.2307 2.7762 4.5499 158.7570 89.2692 128.8450 0.0000 0.0000 0.0000 -12.1624 -1.9921 -97.4169 15.5848 19.5260 76.9920 2.1799 16.6795 27.3293 4.4392 12.7230 38.3404 0.0000 0.0000 0.0000 15.6347 4.8698 -101.9608 -21.7238 -19.9286 95.0459 0.2336 11.1210 11.6800 -0.2112 2.9590 -8.1645 -11.4402 -2.8999 39.4722 0.2525 -5.6162 15.2914 7.9351 -2.5488 -0.8923 -5.3893 -4.9512 -13.1220 6.3748 -5.3307 -9.6570 2.7808 -2.3316 -0.5168 0.0000 0.0000 0.0000 -15.9920 -53.0139 48.1905 27.8468 -38.9748 -10.0272 -0.0000 0.0000 -28.2275 -8.7579 45.8265 -6.3053 -7.1250 0.0000 -0.0000 -62.3339 65.4125 -36.6812 0.0000 0.0000 0.0000 82.6151 -8.9219 24.1161 -21.9681 32.9409 -6.5685 0.0000 0.0000 13.7885 -91.5644 -46.2921 92.1637 7.1250 -0.0000 -0.0000 -22.9283 58.9275 -31.7606
19.2288 2.7757 4.5464 151.2930 89.1983 121.3400 0.0000 0.0000 0.0000 -12.3288 -1.9386 -97.3776 15.5941 19.5281 77.0201 2.1655 16.6805 27.2486 4.5097 12.8094 38.6590 0.0000 0.0000 0.0000 15.5205 4.8538 -101.9256 -21.7262 -19.9284 95.0530 0.2184 10.9960 11.7731 -0.2112 2.9585 -8.1631 -11.6114 -2.8280 39.4162 0.2662 -5.5671 15.3660 8.0154 -2.5414 -0.7777 -5.3781 -5.0603 -13.1801 6.4475 -5.4834 -9.4998 2.7923 -2.4093 -0.4445 -0.0000 0.0000 0.0000 -15.7962 -53.1676 47.9851 27.8349 -38.9638 -10.0197 -0.0000 0.0000 -27.9703 -9.2063 45.8284 -6.6309 -7.1250 0.0000 -0.0000 -62.6953 65.2780 -36.7931 -0.0000 0.0000 0.0000 82.5036 -8.9418 24.2375 -22.1724 33.1714 -6.6799 0.0000 0.0000 13.7215 -91.2484 -46.1387 91.7312 7.1250 -0.0000 -0.0000 -22.9261 58.6098 -31.8109
19.2276 2.7756 4.5445 150.7680 89.1930 120.8180 0.0000 0.0000 0.0000 -12.3292 -1.9345 -97.3761 15.5945 19.5282 77.0211 2.1206 16.8775 27.0368 4.5909 12.9077 39.0240 0.0000 0.0000 0.0000 15.5052 4.8537 -101.9197 -21.7280 -19.9283 95.0580 0.2158 11.0109 11.8585 -0.1845 2.7664 -7.6290 -11.5964 -2.8086 39.4432 0.2617 -5.5456 15.3362 7.9984 -2.5259 -0.8255 -5.4230 -5.1961 -13.0019 6.5355 -5.6733 -9.4598 2.8239 -2.5082 -0.4445 0.0000 -0.0000 0.0000 -15.8214 -53.2631 48.0245 27.8029 -38.9341 -9.9996 -0.0000 0.0000 -27.7916 -9.0631 45.7272 -6.5158 -7.1250 0.0000 -0.0000 -62.3967 65.2689 -36.5452 0.0000 -0.0000 0.0000 82.4441 -9.2443 24.4753 -22.5051 33.5431 -6.8628 0.0000 0.0000 13.5053 -91.1497 -46.0044 91.5980 7.1250 -0.0000 -0.0000 -23.0271 58.4884 -31.9739
19.2271 2.7760 4.5463 149.7490 88.9898 119.7930 0.0000 0.0000 0.0000 -12.5916 -1.9965 -97.3039 15.5645 19.5216 76.9313 2.0970 17.0073 26.9310 4.6796 13.0136 39.4196 0.0000 0.0000 0.0000 15.2902 4.7569 -101.9573 -21.7470 -19.9267 95.1138 0.2692 11.4200 11.4751 -0.2457 3.1897 -8.8074 -11.7983 -2.7834 39.4180 0.2540 -5.5768 15.3625 8.0983 -2.5553 -0.7573 -5.6240 -5.3087 -12.7619 6.6615 -5.8083 -9.5422 2.9032 -2.5746 -0.4913 0.0000 -0.0000 0.0000 -15.7758 -53.2692 47.8246 27.7522 -38.8871 -9.9677 -0.0000 0.0000 -27.6555 -9.2076 45.7065 -6.6183 -7.1250 0.0000 -0.0000 -62.4748 65.2146 -36.5364 0.0000 -0.0000 0.0000 82.3767 -9.2902 24.5598 -22.5524 33.5957 -6.8890 0.0000 0.0000 13.5082 -91.5458 -46.0867 92.1453 7.1250 -0.0000 -0.0000 -23.1644 58.8621 -32.1047
19.2259 2.7751 4.5478 159.1270 89.1075 129.0890 0.0000 0.0000 0.0000 -12.4288 -1.9896 -97.2435 15.5599 19.5206 76.9176 2.1068 16.9161 26.9664 4.5989 12.9174 39.0599 0.0000 0.0000 0.0000 15.4843 4.7269 -101.8384 -21.7496 -19.9264 95.1215 0.2700 11.3696 11.3477 -0.2172 3.0005 -8.2800 -11.6812 -2.8170 39.4255 0.3113 -5.5556 15.4481 8.0918 -2.5463 -0.6781 -6.0440 -5.3701 -12.1584 7.2270 -5.8207 -10.1725 3.1985 -2.5737 -0.7621 -0.0000 0.0000 0.0000 -15.5009 -53.2648 47.6166 27.7926 -38.9246 -9.9931 -0.0000 0.0000 -27.9820 -8.3367 45.6550 -5.9825 -7.1250 0.0000 -0.0000 -61.6819 65.4506 -36.2169 -0.0000 0.0000 0.0000 82.3594 -9.2153 24.5026 -22.4266 33.4558 -6.8195 0.0000 0.0000 13.9021 -92.0654 -45.8137 92.8791 7.1250 -0.0000 -0.0000 -23.8101 59.2631 -32.9439
19.2245 2.7759 4.5481 159.0390 89.1129 129.0180 0.0000 0.0000 0.0000 -12.4317 -1.9711 -97.2710 15.5756 19.5240 76.9645 2.0835 17.0144 26.8564 4.6362 12.9620 39.2264 0.0000 0.0000 0.0000 15.5031 4.7395 -101.8384 -21.7469 -19.9267 95.1135 0.2423 11.1699 11.5796 -0.2006 2.8840 -7.9561 -11.6732 -2.8212 39.1904 0.2798 -5.5031 15.6317 8.0241 -2.5363 -0.4126 -6.2796 -5.5503 -11.9299 7.5940 -6.0163 -10.4815 3.3714 -2.6662 -0.8669 -0.0000 0.0000 0.0000 -15.0264 -53.3882 47.1747 27.8383 -38.9669 -10.0218 -0.0000 0.0000 -28.3721 -8.1069 45.7427 -5.8251 -7.1250 0.0000 -0.0000 -61.6579 65.5662 -36.3459 -0.0000 0.0000 0.0000 82.4449 -9.0739 24.4280 -22.4352 33.4653 -6.8243 0.0000 0.0000 14.1162 -92.5115 -45.5557 93.5156 7.1250 -0.0000 -0.0000 -24.4069 59.6064 -33.7198
19.2258 2.7753 4.5502 174.4430 89.3490 144.3330 0.0000 0.0000 0.0000 -12.0711 -1.8797 -97.2633 15.6014 19.5297 77.0417 2.0881 16.9826 26.8750 4.6247 12.9482 39.1749 0.0000 0.0000 0.0000 15.8524 4.8191 -101.6720 -21.7394 -19.9273 95.0915 0.2569 11.2483 11.4012 -0.2304 3.0893 -8.5273 -11.4526 -2.8388 39.2896 0.3275 -5.4491 15.6524 7.9509 -2.4964 -0.4543 -6.2705 -5.6779 -11.7886 7.6215 -6.2040 -10.4309 3.3727 -2.7658 -0.8594 0.0000 -0.0000 0.0000 -14.9052 -53.3557 47.1116 27.9009 -39.0249 -10.0612 -0.0000 0.0000 -28.8040 -7.4613 45.9377 -5.3763 -7.1250 0.0000 -0.0000 -61.4999 65.8648 -36.6012 0.0000 -0.0000 0.0000 82.4723 -9.0260 24.4391 -22.3599 33.3814 -6.7828 0.0000 0.0000 14.0655 -92.3781 -45.5925 93.3271 7.1250 -0.0000 -0.0000 -24.2768 59.4943 -33.5581
19.2264 2.7754 4.5521 183.1220 89.4050 152.9780 0.0000 0.0000 0.0000 -11.9537 -1.8367 -97.2597 15.6053 19.5305 77.0535 2.0784 17.1902 26.8673 4.7462 13.0921 39.7142 0.0000 0.0000 0.0000 16.0016 4.8401 -101.6093 -21.7410 -19.9272 95.0964 0.2719 11.3063 11.1645 -0.2166 2.9960 -8.2677 -11.5441 -2.8229 39.4284 0.3962 -5.4753 15.6291 8.0831 -2.5158 -0.5020 -5.9903 -6.0141 -12.1964 7.2785 -6.7126 -9.8795 3.1553 -3.0276 -0.5990 0.0000 0.0000 0.0000 -15.0919 -53.0672 46.9047 27.9786 -39.0965 -10.1102 -0.0000 0.0000 -28.8299 -7.2318 45.9224 -5.2087 -7.1250 0.0000 -0.0000 -61.2867 65.9271 -36.5122 0.0000 0.0000 0.0000 82.3006 -8.9011 24.6858 -22.4242 33.4532 -6.8182 0.0000 0.0000 13.1842 -90.8282 -46.3147 91.1453 7.1250 -0.0000 -0.0000 -22.4739 58.2805 -31.2257
19.2279 2.7748 4.5523 181.5080 89.4002 151.4120 0.0000 0.0000 0.0000 -12.0096 -1.8296 -97.3234 15.6032 19.5301 77.0472 2.1108 16.8870 26.9830 4.5504 12.8588 38.8423 0.0000 0.0000 0.0000 16.0227 4.8485 -101.6770 -21.7485 -19.9265 95.1184 0.2917 11.4847 11.0685 -0.1996 2.8765 -7.9352 -11.7165 -2.7821 39.4363 0.4504 -5.4860 15.6263 8.2312 -2.5370 -0.4800 -6.1612 -6.2590 -12.2824 7.2314 -7.0603 -9.3187 3.1392 -3.2027 -0.3729 0.0000 -0.0000 0.0000 -15.2060 -52.9313 46.6963 28.0252 -39.1394 -10.1396 -0.0000 0.0000 -28.7712 -7.3957 46.1919 -5.3514 -7.1250 0.0000 -0.0000 -61.9254 66.0170 -37.1305 0.0000 -0.0000 0.0000 82.1698 -8.8297 24.7634 -22.2920 33.3055 -6.7455 0.0000 0.0000 13.4290 -91.3691 -46.2088 91.8963 7.1250 -0.0000 -0.0000 -22.9136 58.7343 -31.7724
19.2286 2.7760 4.5505 181.9800 89.4173 151.9040 0.0000 0.0000 0.0000 -11.9790 -1.8309 -97.3297 15.6026 19.5299 77.0452 2.0918 16.9928 26.8986 4.6065 12.9264 39.0936 0.0000 0.0000 0.0000 16.0951 4.8298 -101.7000 -21.7502 -19.9264 95.1233 0.3357 11.8069 10.6818 -0.1632 2.6030 -7.1754 -11.8285 -2.7823 39.4454 0.4660 -5.5236 15.6478 8.3146 -2.5670 -0.4361 -6.2959 -6.5218 -12.2615 7.3601 -7.4267 -8.9149 3.1806 -3.3889 -0.2073 0.0000 -0.0000 0.0000 -15.0233 -52.8472 46.4725 28.0368 -39.1501 -10.1469 -0.0000 0.0000 -28.7695 -7.5648 46.0372 -5.4604 -7.1250 0.0000 -0.0000 -61.7691 65.8850 -36.8393 0.0000 -0.0000 0.0000 82.0610 -8.6010 24.8371 -22.1587 33.1560 -6.6725 0.0000 0.0000 13.4845 -91.1428 -46.1728 91.5838 7.1250 -0.0000 -0.0000 -22.8237 58.5242 -31.6805
19.2292 2.7754 4.5499 179.3360 89.3929 149.2310 0.0000 0.0000 0.0000 -12.0331 -1.8230 -97.3014 15.6052 19.5305 77.0532 2.0866 17.0106 26.8727 4.5979 12.9162 39.0555 0.0000 0.0000 0.0000 16.1276 4.7850 -101.6967 -21.7559 -19.9259 95.1400 0.3451 11.8511 10.5358 -0.1793 2.7272 -7.5203 -12.1598 -2.7384 39.6323 0.5402 -5.6124 15.5936 8.5941 -2.6311 -0.4894 -6.2825 -6.8973 -12.3172 7.3919 -7.9796 -8.2300 3.1425 -3.6748 0.0655 -0.0000 0.0000 0.0000 -15.0044 -52.6154 46.4047 28.0086 -39.1242 -10.1291 -0.0000 0.0000 -28.8911 -7.4288 46.1005 -5.3674 -7.1250 0.0000 -0.0000 -61.7794 65.9596 -36.9420 -0.0000 0.0000 0.0000 81.7101 -8.6028 25.2705 -22.1888 33.1897 -6.6889 0.0000 0.0000 13.5775 -91.6690 -45.9718 92.3207 7.1250 -0.0000 -0.0000 -23.3765 58.9448 -32.3895
19.2306 2.7779 4.5449 165.9340 89.2919 136.0250 0.0000 0.0000 0.0000 -12.2597 -1.8856 -97.4720 15.5950 19.5283 77.0227 2.0813 17.0313 26.8474 4.6230 12.9463 39.1676 0.0000 0.0000 0.0000 16.0312 4.7283 -101.9659 -21.7587 -19.9257 95.1483 0.3415 11.8633 10.6652 -0.2242 3.0479 -8.4121 -12.5917 -2.7309 39.5255 0.5922 -5.7422 15.6321 8.9001 -2.7397 -0.3270 -6.4663 -7.4379 -12.2940 7.7849 -8.7218 -7.6787 3.2545 -4.0478 0.3254 -0.0000 0.0000 0.0000 -14.7248 -52.3262 45.8512 28.0281 -39.1421 -10.1415 -0.0000 0.0000 -28.9439 -7.8283 46.1088 -5.6584 -7.1250 0.0000 -0.0000 -62.1144 65.8414 -37.0574 -0.0000 0.0000 0.0000 81.4429 -8.1661 25.4604 -22.0339 33.0153 -6.6043 0.0000 0.0000 14.0857 -92.1366 -45.5531 92.9915 7.1250 -0.0000 -0.0000 -24.1721 59.2670 -33.4531
19.2319 2.7787 4.5422 195.6460 89.5324 165.7000 0.0000 0.0000 0.0000 -11.7959 -1.8053 -97.5123 15.6225 19.5342 77.1048 2.0673 17.1537 26.7959 4.7126 13.0527 39.5659 0.0000 0.0000 0.0000 16.5363 4.7644 -101.8606 -21.7410 -19.9272 95.0963 0.3246 11.6970 10.7132 -0.2198 3.0178 -8.3283 -12.6114 -2.7519 39.6328 0.8194 -5.7850 15.6126 9.1738 -2.7798 -0.3533 -7.6781 -8.1119 -10.7434 9.0514 -9.5864 -7.9591 3.9183 -4.4886 0.1806 0.0000 -0.0000 0.0000 -15.1885 -52.0207 45.6279 27.9038 -39.0276 -10.0631 -0.0000 0.0000 -28.7173 -8.1108 46.0837 -5.8615 -7.1250 0.0000 -0.0000 -62.2925 65.7420 -37.0718 0.0000 -0.0000 0.0000 80.9904 -7.9302 25.6982 -22.0438 33.0265 -6.6097 0.0000 0.0000 13.7730 -91.6011 -45.9413 92.2275 7.1250 -0.0000 -0.0000 -23.3723 58.8768 -32.3954
19.2300 2.7780 4.5351 174.3050 89.5329 144.4040 0.0000 0.0000 0.0000 -11.8936 -1.8532 -97.5048 15.6188 19.5334 77.0939 2.0452 17.2315 26.6881 4.7393 13.0840 39.6837 0.0000 0.0000 0.0000 16.4573 4.7471 -101.9430 -21.7303 -19.9281 95.0650 0.3237 11.7393 10.8386 -0.2366 3.1306 -8.6425 -13.1607 -2.7059 39.7774 0.9081 -5.9670 15.4919 9.6080 -2.9068 -0.4141 -8.0082 -8.7732 -9.9599 9.4705 -10.5562 -7.3867 4.0775 -4.9968 0.3677 0.0000 -0.0000 0.0000 -15.5155 -51.4802 45.5043 27.8178 -38.9479 -10.0089 -0.0000 0.0000 -28.6861 -8.1164 46.2534 -5.8821 -7.1250 0.0000 -0.0000 -62.6151 65.8274 -37.4379 0.0000 -0.0000 0.0000 80.4163 -7.9634 26.5037 -22.2408 33.2481 -6.7174 0.0000 0.0000 13.7099 -91.4452 -45.8047 92.0153 7.1250 -0.0000 -0.0000 -23.4412 58.7039 -32.5228
19.2314 2.7756 4.5322 177.4960 89.5505 147.5230 0.0000 0.0000 0.0000 -11.8284 -1.8837 -97.4543 15.6364 19.5372 77.1464 2.0637 17.1176 26.7672 4.7398 13.0847 39.6863 0.0000 0.0000 0.0000 16.5884 4.6674 -101.9080 -21.7373 -19.9275 95.0854 0.3118 11.6560 10.9524 -0.3359 3.7243 -10.3024 -13.7535 -2.6890 40.0183 1.1877 -6.1977 15.3989 10.2896 -3.0768 -0.4362 -8.7746 -9.5178 -9.4533 10.2415 -11.5776 -6.5146 3.9908 -5.5117 0.6984 0.0000 -0.0000 0.0000 -16.3151 -50.7360 45.3965 27.6763 -38.8165 -9.9201 -0.0000 0.0000 -28.5355 -8.5820 46.2679 -6.2234 -7.1250 0.0000 -0.0000 -63.0109 65.6923 -37.5806 0.0000 -0.0000 0.0000 79.5425 -7.7280 27.2459 -22.2166 33.2209 -6.7041 0.0000 0.0000 13.7550 -91.7695 -45.4910 92.4805 7.1250 -0.0000 -0.0000 -24.0161 58.9202 -33.2967
19.2353 2.7738 4.5268 147.9150 89.6100 117.8430 0.0000 0.0000 0.0000 -11.9030 -1.7323 -97.3769 15.6619 19.5427 77.2227 2.0584 17.0918 26.7308 4.7533 13.1005 39.7458 0.0000 0.0000 0.0000 16.5676 4.7447 -101.8164 -21.7428 -19.9270 95.1016 0.3092 11.6490 11.0027 -0.3752 3.9341 -10.8912 -14.2004 -2.6296 40.0936 1.2073 -6.2818 15.4871 10.5552 -3.1613 -0.2749 -9.4346 -10.4690 -8.7320 11.0989 -12.9136 -5.9797 4.2604 -6.1894 0.9719 0.0000 -0.0000 0.0000 -16.1966 -50.3534 45.1344 27.5909 -38.7369 -9.8667 -0.0000 0.0000 -28.5146 -7.8159 46.1737 -5.6555 -7.1250 0.0000 -0.0000 -62.2261 65.8786 -37.1935 0.0000 -0.0000 0.0000 79.3517 -7.0676 27.0996 -21.9277 32.8952 -6.5465 0.0000 0.0000 14.7794 -92.9322 -44.8408 94.1547 7.1250 -0.0000 -0.0000 -25.5712 59.8315 -35.3130
19.2348 2.7772 4.5189 132.5110 89.6245 102.5570 0.0000 0.0000 0.0000 -11.8697 -1.7340 -97.4929 15.6759 19.5457 77.2646 2.0490 17.0606 26.6700 4.7399 13.0848 39.6867 0.0000 0.0000 0.0000 16.6092 4.7987 -101.9157 -21.7240 -19.9286 95.0464 0.3046 11.6382 11.0944 -0.4115 4.1181 -11.4090 -14.5093 -2.7080 40.0637 1.3265 -6.4891 15.4951 10.8997 -3.3077 -0.1521 -10.0207 -11.4341 -8.3545 11.5667 -14.2673 -5.2595 4.3692 -6.8671 1.3350 0.0000 -0.0000 0.0000 -16.2687 -49.7547 45.0101 27.6102 -38.7549 -9.8787 -0.0000 0.0000 -28.4173 -7.2350 46.0892 -5.2256 -7.1250 0.0000 -0.0000 -61.6027 66.0131 -36.8700 0.0000 -0.0000 0.0000 78.8022 -6.6895 27.6320 -22.2768 33.2884 -6.7371 0.0000 0.0000 13.9789 -92.3060 -45.4711 93.2330 7.1250 -0.0000 -0.0000 -24.3799 59.4015 -33.7208
19.2441 2.7806 4.5128 62.9674 89.7501 33.0457 0.0000 0.0000 0.0000 -11.5456 -1.4500 -97.6411 15.7291 19.5569 77.4236 2.0447 17.0596 26.6452 4.7280 13.0707 39.6338 0.0000 0.0000 0.0000 16.9096 5.0914 -101.8397 -21.7147 -19.9294 95.0192 0.3254 11.8139 10.9746 -0.4802 4.4441 -12.3294 -14.7319 -2.7666 40.1033 1.4915 -6.6534 15.4957 11.2423 -3.4296 -0.0758 -11.2752 -12.2027 -7.6598 12.3383 -15.3331 -4.7221 4.6960 -7.3993 1.6557 -0.0000 -0.0000 0.0000 -16.7729 -48.8795 44.9234 27.6199 -38.7639 -9.8848 -0.0000 0.0000 -27.9811 -7.4617 45.9491 -5.3776 -7.1250 0.0000 -0.0000 -61.5216 65.8706 -36.6258 -0.0000 -0.0000 0.0000 78.2570 -6.2287 28.0205 -22.3440 33.3636 -6.7741 0.0000 0.0000 13.6088 -92.2970 -45.9630 93.1935 7.1250 -0.0000 -0.0000 -23.7696 59.5044 -32.8429
19.2507 2.7817 4.5100 82.5523 89.6068 52.6627 0.0000 0.0000 0.0000 -11.6802 -1.4870 -97.6470 15.7391 19.5590 77.4534 2.0409 17.0540 26.6224 4.6286 12.9530 39.1927 0.0000 0.0000 0.0000 16.7367 5.0965 -101.9200 -21.7382 -19.9274 95.0882 0.4211 12.4965 10.0600 -0.4912 4.4938 -12.4702 -15.1756 -2.8589 40.0603 1.4389 -6.9062 15.6252 11.4669 -3.6092 0.2113 -11.6772 -12.8882 -6.8018 13.2038 -16.3327 -4.8522 4.9611 -7.9207 1.7096 -0.0000 0.0000 0.0000 -16.6213 -48.1925 44.5719 27.6379 -38.7807 -9.8961 -0.0000 0.0000 -27.5507 -7.7859 45.7397 -5.5929 -7.1250 0.0000 -0.0000 -61.3935 65.6620 -36.2604 -0.0000 0.0000 0.0000 78.1393 -5.5971 28.2133 -22.2998 33.3142 -6.7498 0.0000 0.0000 13.9138 -92.7794 -45.7970 93.8743 7.1250 -0.0000 -0.0000 -24.2766 59.9004 -33.4804
19.2542 2.7838 4.5055 101.0150 89.2534 71.2109 0.0000 0.0000 0.0000 -12.0920 -1.5918 -97.6617 15.7326 19.5577 77.4340 2.0437 16.9696 26.6190 4.5903 12.9070 39.0213 0.0000 0.0000 0.0000 16.3541 5.0136 -102.1059 -21.7611 -19.9255 95.1553 0.4367 12.6502 10.0315 -0.5072 4.5655 -12.6732 -15.4693 -2.9988 39.3007 1.2127 -7.0245 16.0434 11.3431 -3.7510 0.9769 -11.8915 -13.6577 -5.5177 14.0826 -17.4753 -5.3770 5.2305 -8.5401 1.5958 -0.0000 0.0000 0.0000 -15.8553 -48.1648 44.0355 27.6641 -38.8051 -9.9125 -0.0000 0.0000 -27.5503 -8.4094 45.7790 -6.0477 -7.1250 0.0000 -0.0000 -61.9675 65.4934 -36.4962 -0.0000 0.0000 0.0000 78.4113 -4.6190 27.9600 -22.0133 32.9921 -6.5931 0.0000 0.0000 14.9449 -92.9146 -44.8985 94.1255 7.1250 -0.0000 -0.0000 -25.4876 59.8280 -35.1960
19.2569 2.7862 4.5049 86.5313 89.3727 56.7199 0.0000 0.0000 0.0000 -11.8245 -1.5104 -97.7018 15.7595 19.5633 77.5143 2.0640 16.8101 26.6997 4.5433 12.8502 38.8104 0.0000 0.0000 0.0000 16.5894 5.1387 -102.0206 -21.7476 -19.9266 95.1157 0.4401 12.6521 9.9257 -0.5044 4.5527 -12.6370 -15.3962 -3.1558 39.1153 1.2463 -7.1076 16.3547 11.3432 -3.8357 1.4022 -12.8177 -14.3594 -5.4915 15.3163 -18.4391 -5.0316 5.5862 -9.0016 2.0291 0.0000 -0.0000 0.0000 -15.7125 -47.9015 43.2700 27.6288 -38.7722 -9.8903 -0.0000 0.0000 -27.2205 -7.9720 45.7546 -5.7288 -7.1250 0.0000 -0.0000 -61.5707 65.6133 -36.3376 0.0000 -0.0000 0.0000 78.3392 -4.1040 27.8010 -22.1621 33.1597 -6.6743 0.0000 0.0000 15.3063 -93.2635 -45.0328 94.6077 7.1250 -0.0000 -0.0000 -25.5566 60.1767 -35.2207
19.2581 2.7883 4.5047 64.0027 89.4836 34.1583 0.0000 0.0000 0.0000 -11.4809 -1.4333 -97.6997 15.7749 19.5665 77.5604 2.0732 16.7898 26.7475 4.4880 12.7829 38.5610 0.0000 0.0000 0.0000 16.9469 5.1965 -101.9186 -21.7290 -19.9282 95.0612 0.4182 12.4736 10.0843 -0.5226 4.6329 -12.8644 -15.6327 -3.2344 39.4783 1.5254 -7.3350 16.3091 11.8473 -3.9872 1.3630 -13.4276 -14.7785 -5.6705 15.7572 -19.0263 -4.4444 5.6844 -9.2695 2.4135 -0.0000 0.0000 0.0000 -16.5387 -47.0878 42.6431 27.5755 -38.7225 -9.8570 -0.0000 0.0000 -26.8101 -7.4301 45.5141 -5.3154 -7.1250 0.0000 -0.0000 -60.6899 65.6505 -35.6967 -0.0000 0.0000 0.0000 77.4280 -4.0135 28.6883 -22.5090 33.5475 -6.8650 0.0000 0.0000 14.8716 -92.6147 -45.4666 93.6655 7.1250 -0.0000 -0.0000 -24.5835 59.6799 -33.9540
19.2603 2.7891 4.5036 76.1492 89.2475 46.4884 0.0000 0.0000 0.0000 -11.6590 -1.4876 -97.8281 15.7696 19.5654 77.5445 2.0566 16.8483 26.6657 4.4975 12.7946 38.6043 0.0000 0.0000 0.0000 16.7642 5.2302 -102.1689 -21.7281 -19.9282 95.0585 0.4086 12.4226 10.2325 -0.5130 4.5909 -12.7453 -16.3115 -3.0507 40.3193 1.8541 -7.5928 15.6022 12.6939 -4.0954 0.5161 -13.4507 -15.1667 -5.1692 15.3864 -19.6539 -3.9215 5.5215 -9.6015 2.5313 -0.0000 0.0000 0.0000 -18.2125 -46.1075 42.9514 27.6395 -38.7822 -9.8970 -0.0000 0.0000 -26.4905 -7.6072 45.5223 -5.4436 -7.1250 0.0000 -0.0000 -60.8491 65.6013 -35.7582 -0.0000 0.0000 0.0000 76.4950 -4.5495 29.5440 -22.6379 33.6905 -6.9364 0.0000 0.0000 14.8751 -92.5311 -45.4350 93.5504 7.1250 -0.0000 -0.0000 -24.5688 59.5973 -33.9493
19.2629 2.7874 4.5059 70.6200 89.2286 40.9535 0.0000 0.0000 0.0000 -11.4643 -1.5125 -97.8178 15.7839 19.5684 77.5871 2.0709 16.7794 26.7318 4.4490 12.7351 38.3847 0.0000 0.0000 0.0000 16.8970 5.2565 -102.1699 -21.7275 -19.9283 95.0566 0.4106 12.4419 10.2254 -0.4691 4.3927 -12.1843 -16.4931 -2.9985 40.6626 2.0525 -7.6505 15.4914 13.0435 -4.1314 0.3531 -13.6034 -15.8285 -4.7232 15.8591 -20.6048 -4.0402 5.5908 -10.0907 2.6250 -0.0000 0.0000 0.0000 -18.8114 -45.7837 42.4312 27.6288 -38.7723 -9.8904 -0.0000 0.0000 -26.6897 -7.2696 45.5626 -5.2043 -7.1250 0.0000 -0.0000 -60.6488 65.7251 -35.7587 -0.0000 0.0000 0.0000 76.0544 -4.5622 29.7070 -22.7166 33.7774 -6.9801 0.0000 0.0000 14.9227 -92.8937 -45.6545 94.0430 7.1250 -0.0000 -0.0000 -24.5283 59.9727 -33.8195
19.2593 2.7891 4.5097 75.4686 89.2014 45.8594 0.0000 0.0000 0.0000 -11.3971 -1.6549 -97.7604 15.7527 19.5619 77.4939 2.0561 16.9204 26.6788 4.4830 12.7768 38.5387 0.0000 0.0000 0.0000 16.9731 5.1476 -102.2612 -21.7126 -19.9295 95.0130 0.3960 12.3553 10.4178 -0.4465 4.2871 -11.8858 -16.9458 -3.0189 40.9185 2.3203 -7.8998 15.3375 13.6600 -4.2979 0.2797 -13.9806 -16.4175 -4.0882 16.2387 -21.4647 -4.1920 5.6859 -10.5426 2.6832 -0.0000 0.0000 0.0000 -19.5888 -45.1616 41.8696 27.5310 -38.6809 -9.8292 -0.0000 0.0000 -27.0507 -7.6932 45.7749 -5.5291 -7.1250 0.0000 -0.0000 -61.3836 65.7087 -36.3120 -0.0000 0.0000 0.0000 75.2264 -4.3827 30.4199 -22.5791 33.6253 -6.9038 0.0000 0.0000 15.0452 -93.3139 -45.4915 94.6419 7.1250 -0.0000 -0.0000 -25.0076 60.3180 -34.4222
19.2559 2.7882 4.5138 82.1378 89.0999 52.5609 0.0000 0.0000 0.0000 -11.4215 -1.7522 -97.7152 15.7432 19.5599 77.4656 2.0183 17.1694 26.5195 4.6292 12.9536 39.1950 0.0000 0.0000 0.0000 17.0377 4.9913 -102.3741 -21.7024 -19.9304 94.9831 0.4330 12.6496 10.1452 -0.3963 4.0419 -11.1944 -17.3295 -3.0212 41.1438 2.4809 -8.1156 15.1331 14.1153 -4.4240 0.1292 -14.4214 -17.0350 -3.4258 16.7271 -22.4018 -4.0746 5.7929 -11.0298 2.8557 0.0000 -0.0000 0.0000 -20.4260 -44.5645 41.5939 27.4453 -38.6005 -9.7756 -0.0000 0.0000 -27.1981 -8.2781 46.0764 -5.9824 -7.1250 0.0000 -0.0000 -62.4123 65.6873 -37.0968 0.0000 -0.0000 0.0000 74.5454 -4.5213 31.1383 -22.5372 33.5788 -6.8806 0.0000 0.0000 14.9560 -93.6524 -45.4820 95.1156 7.1250 -0.0000 -0.0000 -25.2437 60.6220 -34.6897
19.2595 2.7877 4.5160 72.3624 89.2342 42.7825 0.0000 0.0000 0.0000 -11.0903 -1.7647 -97.7359 15.7634 19.5641 77.5261 2.0235 17.2458 26.5676 4.6976 13.0350 39.4995 0.0000 0.0000 0.0000 17.4822 4.8724 -102.4089 -21.6990 -19.9306 94.9732 0.4193 12.5498 10.2735 -0.3663 3.8876 -10.7607 -17.3658 -3.0818 41.3861 2.6282 -8.2723 14.9493 14.3697 -4.4923 -0.0818 -14.5991 -17.5916 -2.8896 16.9400 -23.2772 -3.6321 5.7718 -11.4801 3.0765 0.0000 -0.0000 0.0000 -21.2920 -43.9330 41.4254 27.3800 -38.5392 -9.7350 -0.0000 0.0000 -27.2012 -8.7531 46.1767 -6.3388 -7.1250 0.0000 -0.0000 -62.9763 65.5937 -37.4257 0.0000 -0.0000 0.0000 74.0679 -4.7178 31.8084 -22.5112 33.5499 -6.8662 0.0000 0.0000 15.1813 -93.7507 -45.0737 95.2900 7.1250 -0.0000 -0.0000 -25.8381 60.6304 -35.5187
19.2596 2.7888 4.5156 74.0461 89.0656 44.5136 0.0000 0.0000 0.0000 -11.1500 -1.7259 -97.7766 15.7899 19.5696 77.6052 2.0063 17.2362 26.4668 4.6877 13.0233 39.4557 0.0000 0.0000 0.0000 17.5712 4.7696 -102.5158 -21.6797 -19.9322 94.9166 0.3510 11.9992 10.7497 -0.2729 3.3603 -9.2834 -17.7108 -3.1308 41.5281 2.7202 -8.4977 14.8849 14.7187 -4.6370 -0.0539 -14.3577 -18.0734 -3.2151 16.8838 -23.9398 -3.2414 5.5828 -11.7884 3.3023 0.0000 0.0000 0.0000 -21.7271 -43.3250 40.9378 27.2958 -38.4598 -9.6825 -0.0000 0.0000 -27.3555 -8.9076 46.2549 -6.4599 -7.1250 0.0000 -0.0000 -63.2438 65.5863 -37.6302 0.0000 0.0000 0.0000 73.5974 -4.3111 32.2269 -22.4359 33.4661 -6.8247 0.0000 0.0000 15.3035 -93.9903 -45.1761 95.6169 7.1250 -0.0000 -0.0000 -25.8703 60.8688 -35.5120
19.2627 2.7900 4.5182 48.7664 89.1592 19.1309 0.0000 0.0000 0.0000 -10.6436 -1.5346 -97.7579 15.8249 19.5768 77.7095 2.0074 17.3265 26.4944 4.7211 13.0627 39.6035 0.0000 0.0000 0.0000 18.2401 4.7436 -102.3504 -21.6297 -19.9362 94.7697 0.3322 11.8826 10.9629 -0.2282 3.0747 -8.4867 -17.3992 -3.2780 41.5960 2.6940 -8.5403 15.0394 14.5391 -4.6552 0.0556 -14.4396 -18.4098 -2.6810 17.7953 -24.4634 -3.6303 5.8213 -12.0760 3.3194 0.0000 0.0000 0.0000 -21.6597 -43.0095 40.4713 27.2968 -38.4608 -9.6832 -0.0000 0.0000 -27.3200 -8.5508 46.1908 -6.1927 -7.1250 0.0000 -0.0000 -62.8422 65.6626 -37.4075 0.0000 0.0000 0.0000 73.6772 -3.9955 32.1997 -22.4928 33.5295 -6.8561 0.0000 0.0000 15.4279 -93.7022 -45.5476 95.1794 7.1250 -0.0000 -0.0000 -25.1917 60.6798 -34.6050
19.2617 2.7927 4.5198 40.9632 89.2328 11.3482 0.0000 0.0000 0.0000 -10.4759 -1.5885 -97.7542 15.8155 19.5749 77.6814 2.0203 17.3546 26.5749 4.7515 13.0984 39.7379 0.0000 0.0000 0.0000 18.5938 4.5352 -102.4657 -21.6280 -19.9363 94.7647 0.3373 12.0013 11.1157 -0.2341 3.1140 -8.5963 -17.1816 -3.4055 41.6660 2.7207 -8.6330 14.9797 14.4967 -4.6794 -0.0405 -14.2238 -18.6885 -2.2250 18.1182 -24.8939 -3.8253 5.8695 -12.3185 3.2751 0.0000 -0.0000 0.0000 -22.2922 -42.7522 40.5103 27.2304 -38.3980 -9.6419 -0.0000 0.0000 -26.7953 -8.2181 45.9982 -5.9311 -7.1250 0.0000 -0.0000 -62.2190 65.6652 -36.9152 0.0000 -0.0000 0.0000 73.6923 -3.9957 31.9450 -22.4347 33.4648 -6.8240 0.0000 0.0000 15.6713 -94.1116 -45.8410 95.7220 7.1250 -0.0000 -0.0000 -25.0765 61.1031 -34.3556
19.2617 2.7946 4.5223 27.3838 89.2528 -2.1830 0.0000 0.0000 0.0000 -10.1753 -1.6322 -97.7845 15.8161 19.5750 77.6834 2.0376 17.2414 26.6469 4.6649 12.9962 39.3543 0.0000 0.0000 0.0000 18.9110 4.4511 -102.5039 -21.6212 -19.9369 94.7449 0.3474 12.0781 11.0416 -0.2185 3.0091 -8.3041 -16.9976 -3.6132 41.6323 2.7461 -8.8068 15.0206 14.4793 -4.7707 0.0400 -14.2570 -18.8121 -2.4627 18.2570 -25.0809 -3.4980 5.8406 -12.3899 3.4621 0.0000 -0.0000 0.0000 -22.5298 -42.3787 40.3945 27.1811 -38.3514 -9.6113 -0.0000 0.0000 -26.5323 -8.5137 45.8077 -6.1263 -7.1250 0.0000 -0.0000 -62.1038 65.4767 -36.5822 0.0000 -0.0000 0.0000 73.5458 -3.8449 32.1658 -22.5837 33.6304 -6.9063 0.0000 0.0000 15.8479 -93.9137 -45.9713 95.4354 7.1250 -0.0000 -0.0000 -24.7757 60.9503 -33.9688
19.2627 2.7962 4.5228 19.3906 89.1942 -10.1258 0.0000 0.0000 0.0000 -9.9580 -1.6199 -97.8424 15.8350 19.5789 77.7398 1.9928 17.4177 26.4328 4.7311 13.0745 39.6479 0.0000 0.0000 0.0000 19.1836 4.4486 -102.5426 -21.6125 -19.9375 94.7195 0.3480 12.0658 10.9944 -0.2086 2.9405 -8.1132 -16.7445 -3.7193 41.5434 2.8467 -8.8230 15.0177 14.4716 -4.7726 0.0343 -15.0440 -18.9389 -2.1319 18.9807 -25.3232 -3.4477 6.1038 -12.5128 3.6674 0.0000 -0.0000 0.0000 -22.4743 -42.3581 40.9391 27.3499 -38.5109 -9.7162 -0.0000 0.0000 -26.9223 -7.5892 45.7573 -5.4523 -7.1250 0.0000 -0.0000 -61.2671 65.7311 -36.2490 0.0000 -0.0000 0.0000 73.3876 -3.9425 31.8998 -22.7828 33.8504 -7.0169 0.0000 0.0000 16.1092 -94.0862 -46.0324 95.6685 7.1250 -0.0000 -0.0000 -24.8060 61.1152 -33.9769
19.2657 2.7979 4.5229 33.5459 89.1750 4.0621 0.0000 0.0000 0.0000 -10.0402 -1.6860 -97.8097 15.8523 19.5824 77.7912 1.9262 17.5564 26.0851 4.7779 13.1292 39.8541 0.0000 0.0000 0.0000 19.0253 4.3989 -102.6281 -21.6195 -19.9370 94.7400 0.3580 12.1787 11.0117 -0.2095 2.9472 -8.1319 -16.8919 -3.7117 41.6489 2.9323 -8.9028 14.8907 14.6798 -4.8122 -0.0791 -15.0276 -18.9961 -1.7596 19.3945 -25.4070 -3.9232 6.2562 -12.5851 3.5418 -0.0000 0.0000 0.0000 -22.9416 -42.0650 41.2013 27.4095 -38.5669 -9.7533 -0.0000 0.0000 -26.7356 -7.3787 45.8988 -5.3130 -7.1250 0.0000 -0.0000 -61.3608 65.8697 -36.4980 -0.0000 0.0000 0.0000 73.1056 -4.2410 31.9637 -22.8911 33.9695 -7.0774 0.0000 0.0000 17.0124 -93.9794 -45.0007 95.6186 7.1250 -0.0000 -0.0000 -26.0915 60.8247 -35.8306
19.2644 2.7974 4.5233 28.0331 89.0257 -1.4781 0.0000 0.0000 0.0000 -9.8320 -1.5580 -97.8136 15.8853 19.5891 77.8899 1.8847 17.7226 25.8877 4.8534 13.2167 40.1853 0.0000 0.0000 0.0000 19.2133 4.5471 -102.5249 -21.5969 -19.9387 94.6737 0.3563 12.1489 10.9828 -0.2336 3.1105 -8.5864 -16.8996 -3.7374 41.7469 2.9991 -8.9568 14.8532 14.7836 -4.8410 -0.1245 -14.9077 -19.0918 -1.8256 19.3086 -25.5359 -3.8447 6.1890 -12.6451 3.5674 0.0000 -0.0000 0.0000 -23.2916 -41.7042 41.1138 27.4047 -38.5624 -9.7503 -0.0000 0.0000 -26.5609 -7.7764 45.9637 -5.6071 -7.1250 0.0000 -0.0000 -61.8015 65.7822 -36.7342 0.0000 -0.0000 0.0000 72.8902 -4.2581 32.1998 -22.9496 34.0337 -7.1101 0.0000 0.0000 17.4424 -93.6984 -44.6605 95.2541 7.1250 -0.0000 -0.0000 -26.3330 60.4987 -36.2402
19.2644 2.7976 4.5217 43.0744 88.9224 13.5259 0.0000 0.0000 0.0000 -10.0442 -1.5804 -97.7048 15.8865 19.5894 77.8933 1.8677 17.6659 25.7746 4.8213 13.1796 40.0447 0.0000 0.0000 0.0000 19.0229 4.5224 -102.5493 -21.6150 -19.9374 94.7266 0.3596 12.1733 10.9555 -0.2495 3.2138 -8.8747 -17.3545 -3.8418 41.9464 2.8990 -9.3259 14.7420 15.0107 -5.0451 -0.1203 -14.5899 -18.9712 -2.0980 18.9736 -25.3734 -3.4617 6.0499 -12.5463 3.6093 -0.0000 0.0000 0.0000 -23.3353 -40.8088 40.8285 27.4067 -38.5643 -9.7516 -0.0000 0.0000 -26.4751 -7.8459 45.9123 -5.6526 -7.1250 0.0000 -0.0000 -61.7615 65.7342 -36.6416 -0.0000 0.0000 0.0000 72.6295 -3.9828 32.9542 -22.8299 33.9023 -7.0432 0.0000 0.0000 17.7443 -93.8147 -44.3042 95.4531 7.1250 -0.0000 -0.0000 -26.8731 60.5332 -36.9897
19.2627 2.7988 4.5230 27.4200 88.9702 -2.1419 0.0000 0.0000 0.0000 -9.6490 -1.6035 -97.6994 15.8866 19.5894 77.8936 1.8627 17.7807 25.7758 4.8259 13.1850 40.0649 0.0000 0.0000 0.0000 19.3944 4.5278 -102.4564 -21.5907 -19.9392 94.6553 0.3585 12.1352 10.8902 -0.2384 3.1421 -8.6747 -16.8449 -4.0160 41.7835 2.9726 -9.3097 14.7724 14.8314 -5.0149 -0.1293 -14.4132 -19.1045 -2.1512 18.5050 -25.5509 -3.2527 5.8646 -12.6303 3.6130 0.0000 -0.0000 0.0000 -23.7528 -40.8763 40.9176 27.3659 -38.5259 -9.7262 -0.0000 0.0000 -26.3699 -7.3623 45.7778 -5.2903 -7.1250 0.0000 -0.0000 -61.1219 65.8111 -36.2364 0.0000 -0.0000 0.0000 72.5152 -4.2783 32.8583 -23.1694 34.2736 -7.2335 0.0000 0.0000 17.4878 -93.6785 -44.5155 95.2393 7.1250 -0.0000 -0.0000 -26.5040 60.4505 -36.4907
19.2613 2.7991 4.5211 36.8078 88.8319 7.2450 0.0000 0.0000 0.0000 -9.7607 -1.5661 -97.6816 15.8983 19.5918 77.9285 1.8734 17.6152 25.7944 4.7154 13.0559 39.5781 0.0000 0.0000 0.0000 19.3650 4.5714 -102.5103 -21.5873 -19.9395 94.6453 0.3547 12.1372 10.9936 -0.2455 3.1885 -8.8040 -16.8528 -3.9802 41.7074 2.9794 -9.2691 14.7212 14.8324 -4.9889 -0.1754 -14.8247 -19.0672 -1.4536 18.6467 -25.5416 -3.5811 6.0313 -12.6664 3.4766 -0.0000 0.0000 0.0000 -24.1097 -40.9820 40.9859 27.2786 -38.4436 -9.6719 -0.0000 0.0000 -26.3327 -6.9377 45.7480 -4.9812 -7.1250 0.0000 -0.0000 -60.7227 65.9250 -36.0675 -0.0000 0.0000 0.0000 72.4230 -4.4953 32.8399 -23.4305 34.5562 -7.3810 0.0000 0.0000 17.3897 -94.0468 -44.3297 95.7811 7.1250 -0.0000 -0.0000 -27.0113 60.7541 -37.1326
19.2630 2.8000 4.5238 47.0845 88.8647 17.5645 0.0000 0.0000 0.0000 -9.9325 -1.6959 -97.6735 15.8865 19.5894 77.8933 1.8974 17.5101 25.9064 4.6535 12.9826 39.3035 0.0000 0.0000 0.0000 19.2626 4.4412 -102.6780 -21.6160 -19.9373 94.7296 0.3574 12.1842 11.0405 -0.2714 3.3509 -9.2573 -16.8541 -4.0858 41.5474 2.8272 -9.3705 14.8107 14.6690 -5.0475 -0.0129 -14.4295 -19.1515 -1.5718 18.4049 -25.6416 -3.5281 5.8971 -12.7141 3.4401 0.0000 -0.0000 0.0000 -23.9732 -40.9827 40.4886 27.1447 -38.3168 -9.5887 -0.0000 0.0000 -26.0942 -7.7126 45.6499 -5.5315 -7.1250 0.0000 -0.0000 -61.1687 65.6370 -36.0526 0.0000 -0.0000 0.0000 72.7530 -4.3488 32.6303 -23.5475 34.6821 -7.4475 0.0000 0.0000 17.5014 -93.7499 -44.4903 95.3431 7.1250 -0.0000 -0.0000 -26.5878 60.5114 -36.5946
19.2622 2.7966 4.5268 54.0142 88.8015 24.3606 0.0000 0.0000 0.0000 -10.1259 -1.6605 -97.5148 15.8669 19.5854 77.8350 1.9161 17.5156 26.0165 4.6984 13.0358 39.5027 0.0000 0.0000 0.0000 19.1807 4.3375 -102.5932 -21.6173 -19.9372 94.7335 0.3658 12.2694 11.0327 -0.2624 3.2952 -9.1017 -16.8938 -4.0828 41.5255 2.7578 -9.3560 14.9284 14.5934 -5.0518 0.1217 -14.3565 -19.2345 -1.3763 18.3022 -25.7499 -3.7196 5.8752 -12.7842 3.3434 -0.0000 -0.0000 0.0000 -23.8459 -41.0877 40.3486 27.1005 -38.2749 -9.5613 -0.0000 0.0000 -26.0008 -7.4368 45.7038 -5.3374 -7.1250 0.0000 -0.0000 -61.0450 65.7493 -36.0982 -0.0000 -0.0000 0.0000 72.9647 -4.0807 32.3047 -23.5204 34.6530 -7.4321 0.0000 0.0000 17.5074 -93.2932 -44.7234 94.6747 7.1250 -0.0000 -0.0000 -25.9675 60.1384 -35.8057
19.2647 2.7942 4.5266 54.2906 88.8308 24.6518 0.0000 0.0000 0.0000 -10.2006 -1.6312 -97.5657 15.8706 19.5862 77.8458 1.8871 17.5810 25.8648 4.7117 13.0515 39.5617 0.0000 0.0000 0.0000 19.3023 4.2588 -102.6657 -21.6229 -19.9367 94.7498 0.3667 12.2627 10.9916 -0.2621 3.2937 -9.0976 -17.1835 -4.1793 41.7766 2.8594 -9.6440 14.8000 14.9532 -5.2148 0.0611 -14.5685 -19.0357 -1.4966 17.9639 -25.4803 -3.4191 5.8249 -12.6367 3.3869 -0.0000 0.0000 0.0000 -23.8889 -40.2588 40.2727 27.1947 -38.3642 -9.6197 -0.0000 0.0000 -26.0528 -7.2500 45.6696 -5.1996 -7.1250 0.0000 -0.0000 -60.8302 65.7881 -35.9793 -0.0000 0.0000 0.0000 72.4497 -3.8778 33.2558 -23.5247 34.6575 -7.4345 0.0000 0.0000 17.3475 -93.8145 -44.6659 95.4181 7.1250 -0.0000 -0.0000 -26.4087 60.6069 -36.3223
19.2680 2.7917 4.5302 47.3737 88.8715 17.6787 0.0000 0.0000 0.0000 -10.0987 -1.4970 -97.5929 15.9011 19.5923 77.9369 1.8460 17.7122 25.6603 4.8441 13.2061 40.1449 0.0000 0.0000 0.0000 19.5397 4.2801 -102.5907 -21.6270 -19.9364 94.7618 0.3615 12.1588 10.8686 -0.2476 3.2022 -8.8422 -17.1014 -4.2001 41.8369 2.8898 -9.6453 14.7959 14.9525 -5.2097 0.0269 -14.8017 -19.0211 -1.0654 18.2689 -25.5079 -3.5582 5.9741 -12.6727 3.3573 -0.0000 0.0000 0.0000 -23.9053 -40.0825 40.5434 27.2390 -38.4062 -9.6473 -0.0000 0.0000 -25.8943 -7.1048 45.6882 -5.0966 -7.1250 0.0000 -0.0000 -60.7471 65.8422 -35.9826 -0.0000 0.0000 0.0000 72.2935 -4.0764 33.6220 -23.7471 34.8957 -7.5614 0.0000 0.0000 17.1394 -93.5679 -44.5696 95.0774 7.1250 -0.0000 -0.0000 -26.3560 60.3595 -36.3032
19.2680 2.7899 4.5312 49.4519 88.8403 19.7539 0.0000 0.0000 0.0000 -10.2100 -1.4068 -97.6546 15.9257 19.5973 78.0102 1.8260 17.7017 25.5413 4.8050 13.1608 39.9733 0.0000 0.0000 0.0000 19.4423 4.2979 -102.5911 -21.6291 -19.9362 94.7680 0.3716 12.2485 10.8229 -0.2391 3.1471 -8.6886 -17.1621 -4.1705 41.8256 2.9159 -9.6310 14.7879 15.0085 -5.2086 0.0320 -14.8708 -19.0610 -0.9436 18.4213 -25.5833 -3.5596 6.0211 -12.7154 3.3810 0.0000 -0.0000 0.0000 -24.0669 -40.0672 40.5767 27.1836 -38.3537 -9.6128 -0.0000 0.0000 -25.6171 -6.9700 45.7278 -5.0028 -7.1250 0.0000 -0.0000 -60.7113 65.9044 -36.0328 0.0000 -0.0000 0.0000 72.2532 -4.2904 33.5236 -23.7496 34.8983 -7.5628 0.0000 0.0000 17.8372 -94.2813 -44.0447 96.1460 7.1250 -0.0000 -0.0000 -27.5569 60.9157 -37.8582
19.2675 2.7908 4.5302 47.5419 88.8649 17.9141 0.0000 0.0000 0.0000 -10.2383 -1.3629 -97.7604 15.9185 19.5958 77.9889 1.8233 17.7388 25.5355 4.8548 13.2184 40.1916 0.0000 0.0000 0.0000 19.4601 4.3048 -102.6518 -21.6180 -19.9371 94.7356 0.3780 12.3360 10.8759 -0.2512 3.2249 -8.9056 -17.0612 -4.1594 41.8177 2.9850 -9.5794 14.7435 15.0288 -5.1725 -0.0428 -14.3522 -19.1315 -1.1302 18.1500 -25.6460 -3.5593 5.8689 -12.7434 3.3143 -0.0000 0.0000 0.0000 -24.1479 -40.1993 40.7373 27.1792 -38.3495 -9.6101 -0.0000 0.0000 -25.7518 -7.4992 45.8993 -5.4002 -7.1250 0.0000 -0.0000 -61.4585 65.8332 -36.5286 -0.0000 0.0000 0.0000 72.0211 -4.7158 33.8612 -24.2792 35.4581 -7.8679 0.0000 0.0000 16.9416 -93.2812 -44.4950 94.6765 7.1250 -0.0000 -0.0000 -26.2463 60.0782 -36.2104
19.2693 2.7914 4.5300 52.1651 88.8539 22.4313 0.0000 0.0000 0.0000 -10.4021 -1.3428 -97.6392 15.9198 19.5961 77.9928 1.8257 17.7068 25.5407 4.8748 13.2414 40.2788 0.0000 0.0000 0.0000 19.3316 4.2738 -102.5892 -21.6426 -19.9352 94.8075 0.3792 12.3440 10.8620 -0.2797 3.4016 -9.3988 -17.1204 -4.0908 41.8735 3.0258 -9.5142 14.7629 15.0887 -5.1445 -0.0412 -13.8804 -19.2329 -1.3653 17.7981 -25.7482 -3.5162 5.6885 -12.7872 3.2668 0.0000 -0.0000 0.0000 -24.3742 -40.3581 40.6450 27.0845 -38.2596 -9.5514 -0.0000 0.0000 -25.5866 -8.0396 45.8550 -5.7874 -7.1250 0.0000 -0.0000 -61.8107 65.6453 -36.5670 0.0000 -0.0000 0.0000 71.8681 -4.9046 33.9525 -24.4767 35.6644 -7.9828 0.0000 0.0000 16.7044 -93.2134 -44.5446 94.5761 7.1250 -0.0000 -0.0000 -26.1360 60.0261 -36.0666
19.2723 2.7911 4.5283 54.1600 88.9274 24.4653 0.0000 0.0000 0.0000 -10.4585 -1.4284 -97.6812 15.9150 19.5951 77.9784 1.8444 17.5594 25.6107 4.7855 13.1381 39.8876 0.0000 0.0000 0.0000 19.2322 4.2470 -102.6599 -21.6638 -19.9335 94.8697 0.3815 12.3396 10.7895 -0.2675 3.3271 -9.1908 -17.0801 -4.1176 41.8499 3.0733 -9.5318 14.7236 15.1309 -5.1501 -0.0745 -14.0059 -19.2017 -1.1715 17.9208 -25.7205 -3.6097 5.7614 -12.7839 3.2389 0.0000 -0.0000 0.0000 -24.5514 -40.3815 40.6828 27.0589 -38.2353 -9.5355 -0.0000 0.0000 -25.5497 -7.8666 45.6951 -5.6469 -7.1250 0.0000 -0.0000 -61.3766 65.6141 -36.1863 0.0000 -0.0000 0.0000 71.9280 -4.9029 33.5977 -24.2618 35.4398 -7.8578 0.0000 0.0000 17.2204 -94.0733 -44.0654 95.8463 7.1250 -0.0000 -0.0000 -27.3726 60.7256 -37.6453
19.2716 2.7925 4.5267 68.0850 88.8080 38.4556 0.0000 0.0000 0.0000 -10.8146 -1.5065 -97.6873 15.8950 19.5911 77.9188 1.8521 17.4503 25.6278 4.7478 13.0940 39.7215 0.0000 0.0000 0.0000 18.8143 4.2187 -102.7644 -21.6826 -19.9320 94.9249 0.3951 12.4541 10.7148 -0.2968 3.5031 -9.6827 -17.3115 -4.0813 41.7373 3.0404 -9.5686 14.7052 15.2113 -5.1863 -0.0095 -14.2320 -19.2056 -1.0048 18.1857 -25.7496 -3.6619 5.8676 -12.8049 3.2699 -0.0000 0.0000 0.0000 -24.5931 -40.4052 40.5774 27.0542 -38.2308 -9.5326 -0.0000 0.0000 -25.7130 -7.8911 45.6920 -5.6643 -7.1250 0.0000 -0.0000 -61.3903 65.6050 -36.1854 -0.0000 0.0000 0.0000 71.8731 -4.9841 33.5807 -24.2681 35.4465 -7.8615 0.0000 0.0000 17.5112 -94.3258 -43.8997 96.2258 7.1250 -0.0000 -0.0000 -27.7799 60.9288 -38.1671
19.2710 2.7916 4.5267 60.2179 88.8863 30.6005 0.0000 0.0000 0.0000 -10.6113 -1.4662 -97.7570 15.9142 19.5950 77.9761 1.8446 17.5713 25.6155 4.7842 13.1366 39.8820 0.0000 0.0000 0.0000 18.9357 4.3337 -102.7181 -21.6694 -19.9331 94.8862 0.3938 12.4352 10.6987 -0.3060 3.5566 -9.8326 -17.2078 -4.1007 41.8032 3.0473 -9.5589 14.7145 15.1688 -5.1730 -0.0410 -13.9446 -19.2645 -1.1148 18.0808 -25.8123 -3.6791 5.7915 -12.8344 3.2394 0.0000 0.0000 0.0000 -24.4578 -40.3478 40.5036 27.0782 -38.2536 -9.5475 -0.0000 0.0000 -25.8107 -7.9941 45.7160 -5.7410 -7.1250 0.0000 -0.0000 -61.5176 65.5863 -36.2615 0.0000 0.0000 0.0000 72.0143 -4.8947 33.4207 -24.1545 35.3272 -7.7957 0.0000 0.0000 17.9481 -94.3291 -43.6581 96.2579 7.1250 -0.0000 -0.0000 -28.0966 60.8836 -38.6216
19.2711 2.7928 4.5254 58.5096 88.9276 28.9274 0.0000 0.0000 0.0000 -10.5598 -1.5001 -97.7723 15.9120 19.5945 77.9694 1.8248 17.6884 25.5308 4.8505 13.2135 40.1730 0.0000 0.0000 0.0000 18.9062 4.3412 -102.7148 -21.6587 -19.9339 94.8549 0.4015 12.4998 10.6567 -0.2758 3.3780 -9.3330 -17.0505 -4.1307 41.7411 2.9825 -9.5181 14.7687 14.9977 -5.1417 -0.0129 -13.7973 -19.3729 -1.2449 18.1802 -25.9644 -3.5767 5.7599 -12.9018 3.3092 -0.0000 -0.0000 0.0000 -24.2182 -40.4895 40.6421 27.1537 -38.3254 -9.5943 -0.0000 0.0000 -25.8481 -7.5254 45.8166 -5.4117 -7.1250 0.0000 -0.0000 -61.3259 65.7818 -36.3593 -0.0000 -0.0000 0.0000 72.3167 -4.7194 33.0732 -23.9809 35.1440 -7.6955 0.0000 0.0000 17.9418 -94.5936 -43.8213 96.6188 7.1250 -0.0000 -0.0000 -28.0909 61.1646 -38.5443
19.2723 2.7929 4.5254 53.6620 88.9969 24.0795 0.0000 0.0000 0.0000 -10.4779 -1.4832 -97.8169 15.9240 19.5969 78.0051 1.8457 17.6027 25.6299 4.8465 13.2088 40.1553 0.0000 0.0000 0.0000 19.0507 4.3421 -102.6906 -21.6616 -19.9337 94.8633 0.4011 12.4511 10.5357 -0.3086 3.5715 -9.8742 -16.8959 -4.1582 41.7339 2.9489 -9.4866 14.7967 14.8720 -5.1132 -0.0231 -13.4571 -19.4962 -1.4283 17.8998 -26.1215 -3.4141 5.6029 -12.9706 3.3230 0.0000 -0.0000 0.0000 -24.1067 -40.5612 40.8087 27.2137 -38.3822 -9.6315 -0.0000 0.0000 -25.8882 -7.3352 45.7934 -5.2721 -7.1250 0.0000 -0.0000 -61.1292 65.8276 -36.2629 0.0000 -0.0000 0.0000 72.5081 -4.6687 32.8646 -23.8364 34.9908 -7.6126 0.0000 0.0000 18.1088 -94.6054 -43.8159 96.6365 7.1250 -0.0000 -0.0000 -28.1072 61.1746 -38.5646
19.2726 2.7925 4.5258 43.3046 89.0829 13.7767 0.0000 0.0000 0.0000 -10.2790 -1.4864 -97.9000 15.9196 19.5960 77.9919 1.8465 17.6808 25.6553 4.8772 13.2442 40.2896 0.0000 0.0000 0.0000 19.2942 4.3654 -102.7294 -21.6441 -19.9351 94.8121 0.3986 12.4387 10.5717 -0.3187 3.6290 -10.0351 -16.6182 -4.2015 41.6986 2.9150 -9.4213 14.8307 14.6746 -5.0586 -0.0519 -13.1334 -19.5935 -1.6034 17.6937 -26.2543 -3.2028 5.4692 -13.0262 3.3597 0.0000 0.0000 0.0000 -23.8437 -40.6905 41.0025 27.3210 -38.4836 -9.6982 -0.0000 0.0000 -26.0665 -6.9648 45.8672 -5.0108 -7.1250 0.0000 -0.0000 -60.9677 65.9798 -36.3280 0.0000 0.0000 0.0000 72.7812 -4.6266 32.5545 -23.6778 34.8217 -7.5218 0.0000 0.0000 18.6869 -94.9387 -43.4091 97.1669 7.1250 -0.0000 -0.0000 -28.9128 61.4109 -39.6296
19.2699 2.7936 4.5256 41.6254 89.0385 12.1564 0.0000 0.0000 0.0000 -10.2640 -1.4505 -97.9552 15.9083 19.5938 77.9585 1.8500 17.6532 25.6684 4.8486 13.2112 40.1644 0.0000 0.0000 0.0000 19.3328 4.4059 -102.7831 -21.6309 -19.9361 94.7734 0.4059 12.5497 10.6671 -0.3224 3.6499 -10.0936 -16.5705 -4.1772 41.6484 2.8857 -9.3716 14.8216 14.6021 -5.0262 -0.0759 -13.0430 -19.6481 -1.6480 17.6543 -26.3394 -3.0663 5.4256 -13.0635 3.4020 0.0000 0.0000 0.0000 -23.7470 -40.7531 41.0953 27.3477 -38.5087 -9.7148 -0.0000 0.0000 -26.0937 -6.7479 45.8797 -4.8550 -7.1250 0.0000 -0.0000 -60.8157 66.0529 -36.3005 0.0000 0.0000 0.0000 72.9616 -4.6491 32.4391 -24.0422 35.2089 -7.7309 0.0000 0.0000 17.3093 -93.3770 -44.6929 94.7959 7.1250 -0.0000 -0.0000 -26.0646 60.2091 -35.9268
19.2723 2.7944 4.5238 45.4715 88.9794 15.9362 0.0000 0.0000 0.0000 -10.3324 -1.4184 -97.8881 15.9279 19.5977 78.0167 1.8432 17.6088 25.6172 4.8418 13.2034 40.1346 0.0000 0.0000 0.0000 19.2655 4.3803 -102.7412 -21.6511 -19.9345 94.8327 0.4122 12.5978 10.6208 -0.3320 3.7032 -10.2432 -16.6550 -4.1505 41.6348 2.8532 -9.3676 14.8474 14.6022 -5.0317 -0.0321 -12.9750 -19.6452 -1.6708 17.5902 -26.3323 -3.0514 5.4007 -13.0596 3.3906 -0.0000 0.0000 0.0000 -23.7806 -40.7495 41.0400 27.3314 -38.4934 -9.7047 -0.0000 0.0000 -26.0591 -6.8377 45.7466 -4.9089 -7.1250 0.0000 -0.0000 -60.6390 65.9548 -36.0396 -0.0000 0.0000 0.0000 72.9537 -4.6786 32.4024 -24.0262 35.1919 -7.7216 0.0000 0.0000 17.4131 -93.2182 -44.6439 94.5748 7.1250 -0.0000 -0.0000 -26.0151 60.0520 -35.8910
19.2726 2.7942 4.5239 47.2392 88.9790 17.6554 0.0000 0.0000 0.0000 -10.3926 -1.4017 -97.8489 15.9335 19.5988 78.0336 1.8758 17.3408 25.7381 4.7158 13.0564 39.5801 0.0000 0.0000 0.0000 19.2290 4.3602 -102.6911 -21.6574 -19.9340 94.8511 0.4169 12.6112 10.5228 -0.3279 3.6805 -10.1794 -16.6674 -4.1461 41.7181 2.8348 -9.3839 14.8147 14.5985 -5.0310 -0.0893 -13.0365 -19.6328 -1.6339 17.6052 -26.3335 -2.9275 5.4077 -13.0579 3.4324 0.0000 -0.0000 0.0000 -23.7954 -40.7151 41.1113 27.3401 -38.5016 -9.7101 -0.0000 0.0000 -26.2815 -6.5725 45.6472 -4.7097 -7.1250 0.0000 -0.0000 -60.2378 65.9829 -35.7622 0.0000 -0.0000 0.0000 72.9194 -4.7855 32.5069 -24.0732 35.2415 -7.7487 0.0000 0.0000 17.3106 -93.2545 -44.6292 94.6275 7.1250 -0.0000 -0.0000 -26.0590 60.0824 -35.9462
19.2726 2.7943 4.5254 35.5821 89.1043 6.0938 0.0000 0.0000 0.0000 -10.1439 -1.4767 -97.9477 15.9142 19.5950 77.9760 1.8555 17.6068 25.6881 4.8162 13.1737 40.0224 0.0000 0.0000 0.0000 19.4670 4.4003 -102.7544 -21.6419 -19.9352 94.8055 0.4069 12.5003 10.5017 -0.3376 3.7340 -10.3295 -16.4833 -4.2098 41.7839 2.9317 -9.4076 14.7361 14.6365 -5.0254 -0.2128 -13.0655 -19.6163 -1.5024 17.5469 -26.3134 -2.9858 5.4155 -13.0563 3.3864 0.0000 -0.0000 0.0000 -23.9313 -40.6465 41.1249 27.3233 -38.4858 -9.6997 -0.0000 0.0000 -26.3545 -6.3016 45.7051 -4.5193 -7.1250 0.0000 -0.0000 -60.1255 66.0969 -35.8167 0.0000 -0.0000 0.0000 72.9902 -4.7418 32.3158 -23.9825 35.1457 -7.6965 0.0000 0.0000 17.3777 -93.4537 -44.7266 94.9017 7.1250 -0.0000 -0.0000 -26.0757 60.2869 -35.9258
19.2722 2.7927 4.5236 53.2886 88.9637 23.7528 0.0000 0.0000 0.0000 -10.4744 -1.4780 -97.8528 15.9116 19.5944 77.9683 1.8277 17.6695 25.5425 4.8284 13.1879 40.0760 0.0000 0.0000 0.0000 19.1173 4.3841 -102.7745 -21.6629 -19.9336 94.8670 0.4144 12.5720 10.4845 -0.3277 3.6793 -10.1762 -16.7542 -4.1584 41.7025 2.8260 -9.4363 14.7907 14.6462 -5.0623 -0.0801 -13.0676 -19.6251 -1.5751 17.5154 -26.3315 -2.8592 5.3908 -13.0585 3.4336 0.0000 0.0000 0.0000 -23.8610 -40.6498 41.0163 27.3006 -38.4644 -9.6856 -0.0000 0.0000 -26.2619 -6.5654 45.6380 -4.7039 -7.1250 0.0000 -0.0000 -60.2150 65.9801 -35.7409 0.0000 0.0000 0.0000 73.0009 -4.7062 32.3248 -23.9752 35.1381 -7.6923 0.0000 0.0000 17.5618 -93.3432 -44.7571 94.7427 7.1250 -0.0000 -0.0000 -25.9599 60.1917 -35.7837
19.2703 2.7935 4.5227 58.6575 88.9687 29.1708 0.0000 0.0000 0.0000 -10.6057 -1.5351 -97.8791 15.9005 19.5922 77.9351 1.8455 17.6313 25.6360 4.8054 13.1612 39.9750 0.0000 0.0000 0.0000 19.0142 4.3369 -102.8465 -21.6696 -19.9330 94.8868 0.4224 12.6379 10.4364 -0.3487 3.7940 -10.4978 -16.8186 -4.1945 41.7007 2.8320 -9.5138 14.7485 14.7090 -5.1037 -0.0900 -13.1414 -19.6481 -1.5851 17.4487 -26.3707 -2.7425 5.3679 -13.0739 3.4746 -0.0000 0.0000 0.0000 -23.9177 -40.5721 41.0343 27.2869 -38.4514 -9.6770 -0.0000 0.0000 -26.1123 -6.6405 45.6694 -4.7605 -7.1250 0.0000 -0.0000 -60.3348 65.9740 -35.8264 -0.0000 0.0000 0.0000 72.8379 -4.7764 32.6007 -24.0831 35.2520 -7.7544 0.0000 0.0000 17.3916 -93.3560 -44.6642 94.7686 7.1250 -0.0000 -0.0000 -26.0861 60.1836 -35.9626
19.2716 2.7932 4.5224 60.9254 88.9279 31.4398 0.0000 0.0000 0.0000 -10.6631 -1.5300 -97.8848 15.9094 19.5940 77.9618 1.8491 17.5355 25.6321 4.7714 13.1217 39.8257 0.0000 0.0000 0.0000 18.9678 4.3429 -102.8587 -21.6749 -19.9326 94.9022 0.4268 12.6745 10.4079 -0.3711 3.9126 -10.8309 -16.9834 -4.1570 41.8241 2.9520 -9.5669 14.6187 14.9602 -5.1336 -0.2100 -13.9993 -19.5871 -1.2072 17.9237 -26.3551 -2.6468 5.6090 -13.0716 3.6241 0.0000 -0.0000 0.0000 -24.3214 -40.3846 41.1023 27.2602 -38.4262 -9.6604 -0.0000 0.0000 -25.9830 -6.5651 45.7549 -4.7130 -7.1250 0.0000 -0.0000 -60.4333 66.0427 -35.9889 0.0000 -0.0000 0.0000 72.6682 -4.7044 32.4081 -23.7781 34.9288 -7.5792 0.0000 0.0000 18.0547 -93.8991 -44.3280 95.5709 7.1250 -0.0000 -0.0000 -26.9047 60.6165 -37.0149
19.2733 2.7929 4.5245 46.0751 89.0425 16.5280 0.0000 0.0000 0.0000 -10.3463 -1.4677 -97.8789 15.9203 19.5962 77.9942 1.8638 17.5096 25.7112 4.7591 13.1073 39.7714 0.0000 0.0000 0.0000 19.3102 4.3783 -102.7488 -21.6758 -19.9325 94.9051 0.4220 12.5983 10.3332 -0.3716 3.9154 -10.8386 -16.7579 -4.2066 41.8943 3.0344 -9.5335 14.6610 14.9363 -5.1099 -0.2254 -14.3504 -19.6300 -1.1636 18.2274 -26.4432 -2.5659 5.7073 -13.1099 3.7462 -0.0000 0.0000 0.0000 -24.3169 -40.3559 41.1125 27.2771 -38.4422 -9.6709 -0.0000 0.0000 -26.0065 -6.6782 45.7587 -4.7949 -7.1250 0.0000 -0.0000 -60.5324 66.0102 -36.0255 -0.0000 0.0000 0.0000 72.6135 -4.6528 32.5086 -24.0213 35.1868 -7.7188 0.0000 0.0000 17.2915 -93.9980 -44.9111 95.6537 7.1250 -0.0000 -0.0000 -26.2214 60.8243 -36.0121
19.2734 2.7930 4.5229 67.0659 88.8167 37.5878 0.0000 0.0000 0.0000 -10.8498 -1.5218 -97.8767 15.9028 19.5927 77.9420 1.8494 17.5454 25.6365 4.7571 13.1049 39.7626 0.0000 0.0000 0.0000 18.8640 4.3226 -102.9396 -21.6840 -19.9319 94.9289 0.4317 12.7340 10.4347 -0.3712 3.9134 -10.8333 -17.0443 -4.1528 41.8135 2.9447 -9.5872 14.5983 14.9882 -5.1450 -0.2127 -14.6017 -19.6036 -0.7916 18.5327 -26.4343 -2.8193 5.8633 -13.1280 3.6905 -0.0000 0.0000 0.0000 -24.4367 -40.3997 41.1582 27.2677 -38.4333 -9.6651 -0.0000 0.0000 -25.9158 -6.8408 45.8093 -4.9163 -7.1250 0.0000 -0.0000 -60.7589 65.9872 -36.1738 -0.0000 0.0000 0.0000 72.6473 -4.6642 32.4632 -24.2447 35.4219 -7.8479 0.0000 0.0000 16.5837 -93.5241 -45.5677 94.9292 7.1250 -0.0000 -0.0000 -25.0481 60.5232 -34.4370
19.2739 2.7917 4.5260 55.6374 88.8996 26.1352 0.0000 0.0000 0.0000 -10.5583 -1.4317 -97.9067 15.9123 19.5946 77.9704 1.8490 17.5725 25.6415 4.7777 13.1290 39.8534 0.0000 0.0000 0.0000 19.1160 4.4470 -102.8193 -21.6660 -19.9333 94.8764 0.4289 12.6783 10.3573 -0.3791 3.9541 -10.9475 -16.9272 -4.1522 41.9058 3.0695 -9.5533 14.5584 15.0747 -5.1213 -0.3023 -15.2041 -19.5129 -0.3246 18.9459 -26.3748 -2.9180 6.0930 -13.1191 3.7205 0.0000 -0.0000 0.0000 -24.9335 -40.3305 41.0930 27.1190 -38.2924 -9.5728 -0.0000 0.0000 -25.5638 -6.9569 45.6396 -4.9858 -7.1250 0.0000 -0.0000 -60.5367 65.8615 -35.8428 0.0000 -0.0000 0.0000 72.4831 -4.7174 32.4126 -24.1033 35.2733 -7.7661 0.0000 0.0000 17.3480 -93.7322 -44.8262 95.2867 7.1250 -0.0000 -0.0000 -26.1442 60.5636 -35.9616
19.2736 2.7915 4.5260 67.5242 88.7423 38.0201 0.0000 0.0000 0.0000 -10.8424 -1.4838 -97.8515 15.9128 19.5947 77.9717 1.8384 17.5661 25.5774 4.8047 13.1604 39.9719 0.0000 0.0000 0.0000 18.6796 4.4336 -102.8348 -21.6832 -19.9319 94.9266 0.4457 12.8140 10.2451 -0.3769 3.9431 -10.9167 -17.2009 -4.1100 41.9690 3.0593 -9.6393 14.4528 15.2328 -5.1690 -0.3623 -14.8572 -19.5616 -0.4023 18.6530 -26.4122 -2.9309 5.9693 -13.1379 3.6443 0.0000 -0.0000 0.0000 -25.2127 -40.1682 41.1844 27.0842 -38.2594 -9.5512 -0.0000 0.0000 -25.5330 -6.5930 45.6450 -4.7243 -7.1250 0.0000 -0.0000 -60.2506 65.9755 -35.7628 0.0000 -0.0000 0.0000 72.3846 -4.7871 32.4729 -24.2444 35.4217 -7.8478 0.0000 0.0000 17.0591 -93.0139 -45.1104 94.2503 7.1250 -0.0000 -0.0000 -25.2901 59.9652 -34.8903
19.2756 2.7919 4.5241 67.4668 88.7002 37.9226 0.0000 0.0000 0.0000 -10.8272 -1.4718 -97.8037 15.9271 19.5975 78.0144 1.8176 17.6168 25.4693 4.8386 13.1997 40.1206 0.0000 0.0000 0.0000 18.4896 4.4895 -102.7381 -21.6848 -19.9318 94.9314 0.4584 12.9114 10.1424 -0.3587 3.8478 -10.6489 -17.2568 -4.1424 41.9890 3.0617 -9.7102 14.4322 15.2851 -5.2089 -0.3577 -14.7990 -19.5856 -0.4158 18.5952 -26.4461 -2.8756 5.9389 -13.1534 3.6517 0.0000 -0.0000 0.0000 -25.4336 -39.9830 41.2067 27.0227 -38.2008 -9.5131 -0.0000 0.0000 -25.6226 -6.4283 45.6746 -4.6081 -7.1250 0.0000 -0.0000 -60.1716 66.0417 -35.7839 0.0000 -0.0000 0.0000 72.2238 -4.8904 32.7113 -24.4577 35.6445 -7.9717 0.0000 0.0000 16.8379 -92.8540 -45.3544 94.0082 7.1250 -0.0000 -0.0000 -24.8788 59.8725 -34.3312
19.2760 2.7939 4.5232 53.3206 88.8583 23.7728 0.0000 0.0000 0.0000 -10.3487 -1.4681 -97.8327 15.9527 19.6026 78.0906 1.8074 17.6992 25.4319 4.8760 13.2428 40.2841 0.0000 0.0000 0.0000 18.8067 4.6203 -102.6414 -21.6759 -19.9325 94.9054 0.4504 12.8223 10.1223 -0.3837 3.9780 -11.0147 -16.8940 -4.2717 41.9696 3.0877 -9.7080 14.5064 15.1297 -5.1952 -0.3348 -14.9539 -19.6553 -0.4604 18.8113 -26.5678 -2.7233 5.9772 -13.2047 3.7767 -0.0000 0.0000 0.0000 -25.3289 -39.9534 41.1096 27.0496 -38.2265 -9.5298 -0.0000 0.0000 -25.8667 -6.6784 45.8972 -4.8062 -7.1250 0.0000 -0.0000 -60.7926 66.0835 -36.3207 -0.0000 0.0000 0.0000 72.2366 -4.8552 32.7279 -24.4633 35.6503 -7.9750 0.0000 0.0000 17.2677 -93.1616 -45.0231 94.4649 7.1250 -0.0000 -0.0000 -25.4995 60.0816 -35.1604
19.2713 2.7955 4.5231 46.3476 88.8129 16.7608 0.0000 0.0000 0.0000 -10.0955 -1.4422 -97.7711 15.9640 19.6049 78.1245 1.8050 17.6901 25.4150 4.8400 13.2013 40.1268 0.0000 0.0000 0.0000 18.8376 4.7692 -102.4564 -21.6385 -19.9355 94.7957 0.4561 12.8546 10.0388 -0.3790 3.9536 -10.9463 -16.7503 -4.3088 41.9131 3.0572 -9.6774 14.5886 15.0054 -5.1797 -0.2661 -14.9213 -19.7279 -0.3754 18.8854 -26.6853 -2.6884 5.9806 -13.2667 3.7995 -0.0000 0.0000 0.0000 -25.2369 -39.9621 40.9776 27.0378 -38.2152 -9.5225 -0.0000 0.0000 -25.9209 -6.8736 46.0065 -4.9565 -7.1250 0.0000 -0.0000 -61.1564 66.0810 -36.6034 -0.0000 0.0000 0.0000 72.3179 -4.7981 32.6585 -24.4608 35.6477 -7.9735 0.0000 0.0000 17.7726 -93.2443 -44.7348 94.6046 7.1250 -0.0000 -0.0000 -25.9192 60.0958 -35.7470
19.1303 2.8094 4.5313 44.3593 88.7563 14.7994 0.0000 0.0000 0.0000 -10.2255 -1.5611 -96.9791 15.4833 19.5037 76.6884 1.8381 18.1092 25.7223 4.8467 13.2091 40.1562 0.0000 0.0000 0.0000 19.0367 5.0547 -101.6704 -21.1719 -19.9670 93.4282 0.4438 12.8735 10.4795 -0.3987 4.0539 -11.2282 -16.7142 -4.4023 41.8374 3.0083 -9.7750 14.6002 14.9523 -5.2316 -0.2132 -14.8361 -19.7668 -0.2538 18.9774 -26.7658 -2.6162 5.9918 -13.3119 3.8184 -0.0000 0.0000 0.0000 -25.2449 -39.7021 40.9290 27.0385 -38.2159 -9.5230 -0.0000 0.0000 -25.9011 -6.6625 45.9990 -4.8029 -7.1250 0.0000 -0.0000 -60.9720 66.1421 -36.5349 -0.0000 0.0000 0.0000 72.1468 -4.8903 33.2552 -24.9567 36.1597 -8.2644 0.0000 0.0000 17.0474 -92.3424 -45.0158 93.3100 7.1250 -0.0000 -0.0000 -24.9593 59.3298 -34.5513
19.1302 2.8120 4.5268 38.9671 88.6574 9.4349 0.0000 0.0000 0.0000 -10.0064 -1.5554 -96.9191 15.3427 19.4718 76.2669 1.8765 18.3005 25.9960 4.7799 13.1316 39.8630 0.0000 0.0000 0.0000 19.1181 5.1925 -101.6306 -21.0365 -19.9742 93.0318 0.4445 12.9896 10.7955 -0.4096 4.1085 -11.3821 -16.6601 -4.4964 41.7990 3.0054 -9.8774 14.5734 14.9504 -5.2831 -0.2108 -14.5303 -19.8191 -0.6805 18.4868 -26.8501 -1.8715 5.7403 -13.3152 4.0049 -0.0000 -0.0000 0.0000 -25.4593 -39.4392 40.9863 26.9316 -38.1139 -9.4569 -0.0000 0.0000 -25.7480 -6.3174 45.7794 -4.5363 -7.1250 0.0000 -0.0000 -60.2777 66.1318 -35.9785 -0.0000 -0.0000 0.0000 71.8673 -4.7895 33.8976 -25.1196 36.3260 -8.3607 0.0000 0.0000 16.6074 -91.7858 -45.1817 92.5168 7.1250 -0.0000 -0.0000 -24.3964 58.8601 -33.8452
19.1296 2.8136 4.5235 30.4433 88.5638 0.8489 0.0000 0.0000 0.0000 -9.6119 -1.5444 -96.8410 15.3564 19.4750 76.3080 1.8879 18.2718 26.0534 4.6857 13.0208 39.4465 0.0000 0.0000 0.0000 19.3682 5.3135 -101.4861 -21.0168 -19.9752 92.9740 0.4325 12.8771 10.8183 -0.4139 4.1299 -11.4423 -16.6045 -4.6153 41.9242 2.9954 -10.0286 14.5522 14.9615 -5.3544 -0.2369 -14.6100 -19.8286 -0.6037 18.5473 -26.9138 -1.5561 5.7457 -13.3410 4.1179 -0.0000 -0.0000 0.0000 -25.3311 -38.9335 41.1812 26.9756 -38.1560 -9.4841 -0.0000 0.0000 -25.8206 -6.7603 45.6979 -4.8491 -7.1250 0.0000 -0.0000 -60.4854 65.9526 -35.9170 -0.0000 -0.0000 0.0000 71.6853 -4.4256 34.4322 -24.8911 36.0924 -8.2256 0.0000 0.0000 16.7851 -91.7207 -45.1041 92.4283 7.1250 -0.0000 -0.0000 -24.4469 58.7816 -33.9313
19.2648 2.8009 4.5108 35.7613 88.5521 6.2788 0.0000 0.0000 0.0000 -9.4090 -1.5569 -97.7018 15.8790 19.5879 77.8710 1.8435 17.7876 25.6661 4.7170 13.0579 39.5855 0.0000 0.0000 0.0000 18.9701 5.1958 -102.3585 -21.5100 -19.9452 94.4188 0.4585 12.9120 10.1405 -0.4029 4.0752 -11.2883 -16.8590 -4.7095 41.9904 3.0221 -10.2886 14.3957 15.2040 -5.4944 -0.2972 -14.7060 -19.7371 -0.2978 18.3644 -26.8216 -1.4436 5.7504 -13.3107 4.0737 0.0000 0.0000 0.0000 -25.5141 -38.2999 41.3205 27.0198 -38.1981 -9.5114 -0.0000 0.0000 -25.7961 -6.6153 45.6347 -4.7396 -7.1250 0.0000 -0.0000 -60.2494 65.9631 -35.7464 0.0000 0.0000 0.0000 71.3693 -4.1830 35.0547 -24.8500 36.0502 -8.2014 0.0000 0.0000 16.5359 -91.8101 -45.2263 92.5490 7.1250 -0.0000 -0.0000 -24.3587 58.8931 -33.7858
19.2629 2.8014 4.5070 34.2559 88.3611 4.8459 0.0000 0.0000 0.0000 -9.2941 -1.4507 -97.8060 15.9387 19.5999 78.0489 1.8545 17.6573 25.6956 4.7929 13.1467 39.9201 0.0000 0.0000 0.0000 19.0301 5.3592 -102.3494 -21.5387 -19.9431 94.5029 0.4670 12.9575 10.0103 -0.4057 4.0888 -11.3268 -16.8586 -4.7638 41.8264 3.0055 -10.3341 14.4423 15.1822 -5.5342 -0.1832 -14.2779 -19.9037 -0.7777 18.0640 -27.0338 -0.9794 5.5231 -13.3811 4.2180 0.0000 -0.0000 0.0000 -25.3133 -38.1350 41.6218 27.0744 -38.2501 -9.5452 -0.0000 0.0000 -25.8752 -6.7305 45.5487 -4.8154 -7.1250 0.0000 -0.0000 -60.1838 65.8818 -35.5941 0.0000 -0.0000 0.0000 71.3569 -4.0337 35.0735 -24.9641 36.1673 -8.2687 0.0000 0.0000 16.6441 -91.0866 -45.2761 91.5292 7.1250 -0.0000 -0.0000 -23.8420 58.2462 -33.1697
19.2595 2.7994 4.5072 37.9310 88.2724 8.4734 0.0000 0.0000 0.0000 -9.5867 -1.2826 -97.8068 15.9226 19.5967 78.0012 1.9273 17.4754 26.0706 4.8311 13.1911 40.0879 0.0000 0.0000 0.0000 18.9256 5.3700 -102.2955 -21.5281 -19.9439 94.4720 0.4746 13.0269 9.9828 -0.3824 3.9711 -10.9954 -16.7997 -4.7890 41.6806 2.8774 -10.3046 14.5791 14.9762 -5.5262 -0.0241 -14.0729 -20.0262 -0.7097 18.3233 -27.2378 -0.9026 5.5393 -13.4810 4.2754 -0.0000 0.0000 0.0000 -24.8865 -38.3422 41.9863 27.1073 -38.2813 -9.5655 -0.0000 0.0000 -25.7731 -5.9422 45.7256 -4.2621 -7.1250 0.0000 -0.0000 -59.8708 66.2183 -35.7690 -0.0000 0.0000 0.0000 71.7228 -3.9094 34.6060 -25.0567 36.2618 -8.3234 0.0000 0.0000 16.9305 -90.9781 -45.3464 91.3748 7.1250 -0.0000 -0.0000 -23.6929 58.1657 -32.9719
19.2622 2.7987 4.5077 39.9025 88.2340 10.5634 0.0000 0.0000 0.0000 -9.6676 -1.2652 -97.9456 15.9169 19.5955 77.9839 1.9397 17.4972 26.1477 4.8455 13.2076 40.1507 0.0000 0.0000 0.0000 18.9208 5.3885 -102.4503 -21.5243 -19.9442 94.4606 0.4770 13.0580 10.0043 -0.3444 3.7709 -10.4331 -16.9209 -4.7235 41.8424 3.1560 -10.3084 14.3805 15.3867 -5.5285 -0.2311 -14.5015 -20.0612 -0.9583 18.0601 -27.3063 -0.3141 5.4456 -13.4842 4.5174 0.0000 -0.0000 0.0000 -25.2959 -38.4432 42.4448 27.0112 -38.1898 -9.5060 -0.0000 0.0000 -25.4943 -5.7022 45.7192 -4.0890 -7.1250 0.0000 -0.0000 -59.6625 66.2887 -35.6941 0.0000 -0.0000 0.0000 71.3340 -4.0517 34.4564 -25.2255 36.4335 -8.4234 0.0000 0.0000 17.0003 -90.8830 -45.4766 91.2384 7.1250 -0.0000 -0.0000 -23.4835 58.1135 -32.6836
19.2649 2.7975 4.5085 46.1290 88.1521 16.7459 0.0000 0.0000 0.0000 -9.8185 -1.2942 -97.8686 15.9231 19.5967 78.0025 1.9356 17.4492 26.1122 4.8330 13.1932 40.0961 0.0000 0.0000 0.0000 18.7628 5.3440 -102.4850 -21.5478 -19.9425 94.5297 0.4836 13.1288 10.0167 -0.3563 3.8348 -10.6123 -16.8623 -4.8754 41.5172 2.9219 -10.4037 14.6147 15.0698 -5.6005 0.1176 -13.9362 -20.1579 -1.3452 17.8879 -27.4222 -0.0708 5.2757 -13.5170 4.5675 -0.0000 -0.0000 0.0000 -24.7730 -38.4084 42.4007 27.1193 -38.2927 -9.5730 -0.0000 0.0000 -25.2317 -5.5516 45.9651 -3.9972 -7.1250 0.0000 -0.0000 -60.0076 66.4671 -36.1824 -0.0000 -0.0000 0.0000 71.7474 -3.8844 34.1203 -25.3497 36.5593 -8.4973 0.0000 0.0000 17.2523 -90.8738 -45.6996 91.2208 7.1250 -0.0000 -0.0000 -23.2192 58.1633 -32.3002
19.2695 2.7941 4.5097 46.4221 88.0310 16.9927 0.0000 0.0000 0.0000 -9.7620 -1.2433 -97.8342 15.9516 19.6024 78.0876 1.9293 17.4331 26.0720 4.8319 13.1920 40.0914 0.0000 0.0000 0.0000 18.7592 5.4027 -102.4690 -21.5697 -19.9408 94.5940 0.4909 13.1974 9.9993 -0.3909 4.0148 -11.1182 -16.8983 -4.8973 41.5042 2.9387 -10.4430 14.6214 15.1152 -5.6288 0.1518 -14.2752 -20.0111 -0.8486 18.4195 -27.2724 -0.3661 5.5369 -13.4719 4.5076 0.0000 -0.0000 0.0000 -25.2505 -38.2920 42.2660 26.9213 -38.1040 -9.4505 -0.0000 0.0000 -24.4047 -5.7475 45.6077 -4.1137 -7.1250 0.0000 -0.0000 -59.4892 66.2145 -35.4685 0.0000 -0.0000 0.0000 71.7804 -3.8214 33.9777 -25.4204 36.6306 -8.5395 0.0000 0.0000 17.5811 -90.7139 -45.8050 90.9957 7.1250 -0.0000 -0.0000 -23.0013 58.0470 -32.0104
19.2689 2.7922 4.5131 49.1675 87.9310 19.7621 0.0000 0.0000 0.0000 -9.8173 -1.2494 -97.8263 15.9495 19.6020 78.0811 1.9369 17.3291 26.0896 4.7614 13.1100 39.7816 0.0000 0.0000 0.0000 18.6701 5.4563 -102.5190 -21.5725 -19.9406 94.6022 0.4970 13.2734 10.0462 -0.4009 4.0652 -11.2603 -17.1324 -4.8116 41.6175 3.1474 -10.4658 14.4389 15.5009 -5.6494 -0.0034 -14.6829 -19.9826 -0.6168 18.3515 -27.2708 -0.1672 5.5737 -13.4774 4.5743 -0.0000 0.0000 0.0000 -25.9537 -38.1365 42.4089 26.8154 -38.0026 -9.3852 -0.0000 0.0000 -24.0703 -5.5571 45.1867 -3.9484 -7.1250 0.0000 -0.0000 -58.5472 66.0421 -34.5340 -0.0000 0.0000 0.0000 71.3245 -4.0420 34.2092 -25.6978 36.9088 -8.7056 0.0000 0.0000 17.3769 -90.7818 -45.9438 91.0878 7.1250 -0.0000 -0.0000 -22.8803 58.1441 -31.8230
19.2720 2.7889 4.5156 50.5930 87.9330 21.1264 0.0000 0.0000 0.0000 -9.7645 -1.3281 -97.7569 15.9612 19.6043 78.1160 1.9562 17.2101 26.1721 4.6760 13.0094 39.4036 0.0000 0.0000 0.0000 18.6792 5.4118 -102.5224 -21.5915 -19.9392 94.6578 0.4974 13.2737 10.0351 -0.4172 4.1457 -11.4870 -16.9051 -4.9251 41.3782 3.0077 -10.4578 14.6270 15.1934 -5.6495 0.2137 -14.2220 -20.1837 -0.9438 18.2446 -27.5443 0.1282 5.4063 -13.5861 4.6787 0.0000 0.0000 0.0000 -25.4454 -38.3887 42.5930 26.8579 -38.0434 -9.4114 -0.0000 0.0000 -24.3238 -5.5144 45.5002 -3.9391 -7.1250 0.0000 -0.0000 -59.0956 66.2276 -35.1810 0.0000 0.0000 0.0000 71.4409 -3.9028 34.2272 -25.7594 36.9701 -8.7425 0.0000 0.0000 17.2172 -90.7806 -45.8859 91.0873 7.1250 -0.0000 -0.0000 -22.9469 58.1280 -31.9200
19.2742 2.7895 4.5200 46.6958 88.0934 17.1604 0.0000 0.0000 0.0000 -9.5102 -1.4181 -97.6893 15.9719 19.6065 78.1480 1.9729 17.1048 26.2435 4.6423 12.9693 39.2535 0.0000 0.0000 0.0000 18.9784 5.2889 -102.4749 -21.6062 -19.9380 94.7009 0.4932 13.2128 9.9736 -0.4242 4.1803 -11.5845 -16.7563 -4.9729 41.7139 3.1842 -10.5071 14.4963 15.3716 -5.6466 -0.0238 -14.9130 -20.0402 -0.4954 18.7099 -27.4568 0.3628 5.6448 -13.5525 4.8339 -0.0000 0.0000 0.0000 -25.7430 -38.3514 42.7829 26.7837 -37.9721 -9.3657 -0.0000 0.0000 -24.3286 -5.3374 45.7181 -3.8265 -7.1250 0.0000 -0.0000 -59.3613 66.4006 -35.5979 -0.0000 0.0000 0.0000 70.9129 -4.2718 34.9521 -26.1614 37.3677 -8.9854 0.0000 0.0000 16.5718 -90.1318 -45.8403 90.1837 7.1250 -0.0000 -0.0000 -22.6175 57.5340 -31.5469
19.2770 2.7889 4.5223 49.9336 88.0903 20.4242 0.0000 0.0000 0.0000 -9.5921 -1.4833 -97.6942 15.9729 19.6066 78.1509 1.9892 17.0502 26.3249 4.6160 12.9379 39.1364 0.0000 0.0000 0.0000 18.9450 5.2349 -102.5684 -21.6258 -19.9365 94.7583 0.4941 13.2190 9.9628 -0.4195 4.1572 -11.5194 -16.6467 -4.9558 41.8138 3.2520 -10.4539 14.4351 15.3949 -5.5986 -0.1523 -14.3071 -20.1846 -1.1853 18.0911 -27.6094 0.9681 5.2987 -13.5785 4.9705 0.0000 -0.0000 0.0000 -25.9987 -38.5864 42.7277 26.6621 -37.8550 -9.2910 -0.0000 0.0000 -23.9523 -5.6655 45.5648 -4.0519 -7.1250 0.0000 -0.0000 -59.3411 66.2164 -35.3564 0.0000 -0.0000 0.0000 70.8407 -4.4739 34.6472 -26.2479 37.4525 -9.0380 0.0000 0.0000 16.6531 -90.2548 -45.7115 90.3559 7.1250 -0.0000 -0.0000 -22.8358 57.6091 -31.8457
19.2784 2.7903 4.5244 49.7579 88.0513 20.2128 0.0000 0.0000 0.0000 -9.5401 -1.4568 -97.6380 15.9708 19.6062 78.1448 1.9896 17.0581 26.3289 4.6288 12.9532 39.1936 0.0000 0.0000 0.0000 19.0204 5.2439 -102.5232 -21.6321 -19.9360 94.7769 0.4947 13.2024 9.8872 -0.4432 4.2717 -11.8425 -16.4690 -5.0402 41.6255 3.1168 -10.4447 14.5930 15.1224 -5.5966 0.0249 -14.4909 -20.0792 -1.0502 18.4278 -27.5492 1.2879 5.4148 -13.5396 5.1177 -0.0000 0.0000 0.0000 -25.6547 -38.6964 42.5916 26.6317 -37.8257 -9.2724 -0.0000 0.0000 -23.8774 -5.3533 45.5559 -3.8274 -7.1250 0.0000 -0.0000 -59.0677 66.3076 -35.2572 -0.0000 0.0000 0.0000 71.0024 -4.5936 34.6794 -26.4776 37.6765 -9.1780 0.0000 0.0000 16.4815 -90.2458 -45.7146 90.3433 7.1250 -0.0000 -0.0000 -22.8270 57.6018 -31.8343
19.2810 2.7880 4.5246 47.4348 88.0481 17.8511 0.0000 0.0000 0.0000 -9.3873 -1.4542 -97.6115 15.9811 19.6083 78.1754 1.9825 17.0556 26.2871 4.5931 12.9103 39.0337 0.0000 0.0000 0.0000 19.1551 5.2575 -102.5008 -21.6354 -19.9358 94.7867 0.4933 13.1948 9.9076 -0.4332 4.2239 -11.7074 -16.1946 -5.0859 41.6013 3.0771 -10.3632 14.7209 14.9080 -5.5435 0.0908 -14.8649 -19.9950 -0.7566 19.1734 -27.5339 1.3097 5.6798 -13.5341 5.2471 -0.0000 -0.0000 0.0000 -25.3407 -38.9982 42.5677 26.6096 -37.8043 -9.2588 -0.0000 0.0000 -23.8969 -5.2320 45.5908 -3.7427 -7.1250 0.0000 -0.0000 -59.0335 66.3639 -35.2997 -0.0000 -0.0000 0.0000 71.2240 -4.7896 34.4847 -26.8433 38.0294 -9.4025 0.0000 0.0000 16.5433 -90.1366 -45.7660 90.1907 7.1250 -0.0000 -0.0000 -22.7043 57.5178 -31.6730
19.2837 2.7873 4.5257 52.4110 88.0770 22.8133 0.0000 0.0000 0.0000 -9.5264 -1.5573 -97.5747 15.9867 19.6094 78.1921 1.9773 17.0744 26.2616 4.6086 12.9290 39.1032 0.0000 0.0000 0.0000 19.0112 5.1339 -102.5654 -21.6590 -19.9339 94.8559 0.4987 13.2321 9.8490 -0.4421 4.2664 -11.8274 -16.0350 -5.1166 41.5677 3.0432 -10.3222 14.7566 14.7748 -5.5073 0.0921 -15.0530 -19.9061 -0.6997 19.5113 -27.4824 1.5585 5.7936 -13.4966 5.3872 0.0000 -0.0000 0.0000 -25.2462 -39.3335 42.7487 26.5819 -37.7775 -9.2418 -0.0000 0.0000 -23.8036 -5.6099 45.3507 -3.9973 -7.1250 0.0000 -0.0000 -58.8950 66.1164 -34.8907 0.0000 -0.0000 0.0000 71.2631 -5.1642 34.3997 -27.3131 38.4762 -9.6933 0.0000 0.0000 16.2917 -89.8181 45.7815 -89.7462 7.1250 -0.0000 -0.0000 -22.5008 57.2362 -31.4265
19.2857 2.7870 4.5267 51.9761 88.1660 22.4032 0.0000 0.0000 0.0000 -9.4553 -1.6349 -97.6084 15.9913 19.6103 78.2058 1.9783 17.0614 26.2642 4.5951 12.9128 39.0430 0.0000 0.0000 0.0000 19.1307 5.0790 -102.6109 -21.6706 -19.9330 94.8897 0.4937 13.1476 9.7332 -0.4598 4.3497 -12.0626 -15.8691 -5.1986 41.5253 3.0720 -10.3311 14.8399 14.7186 -5.5133 0.1744 -14.8157 -19.9127 -1.3794 19.1375 -27.5231 2.5466 5.5528 -13.4452 5.7148 0.0000 -0.0000 0.0000 -25.1826 -39.4300 42.6731 26.5768 -37.7726 -9.2387 -0.0000 0.0000 -23.6890 -4.7470 45.0492 -3.3633 -7.1250 0.0000 -0.0000 -57.6165 66.2127 -34.0342 0.0000 -0.0000 0.0000 71.2655 -5.0443 34.3255 -27.2855 38.4501 -9.6761 0.0000 0.0000 16.2128 -89.7753 45.8719 -89.6869 7.1250 -0.0000 -0.0000 -22.3749 57.2236 -31.2491
19.2873 2.7873 4.5305 55.7830 88.2562 26.2375 0.0000 0.0000 0.0000 -9.5611 -1.7379 -97.6071 15.9850 19.6090 78.1869 1.9669 17.1407 26.2177 4.6455 12.9731 39.2679 0.0000 0.0000 0.0000 19.0949 4.9568 -102.7028 -21.6965 -19.9309 94.9658 0.4948 13.1293 9.6290 -0.4888 4.4830 -12.4396 -15.8776 -5.2097 41.6205 3.1239 -10.3617 14.7773 14.8021 -5.5209 0.0939 -15.2147 -19.6910 -1.5780 19.3105 -27.3695 3.6893 5.6071 -13.3111 6.1606 0.0000 -0.0000 0.0000 -25.1422 -39.4825 42.7403 26.6170 -37.8115 -9.2634 -0.0000 0.0000 -23.6377 -4.8735 45.1692 -3.4604 -7.1250 0.0000 -0.0000 -57.9455 66.2414 -34.3181 0.0000 -0.0000 0.0000 71.2014 -5.1514 34.3405 -27.3860 38.5448 -9.7387 0.0000 0.0000 16.1091 -89.9856 45.7840 -89.9799 7.1250 -0.0000 -0.0000 -22.5954 57.3866 -31.5383
19.2897 2.7851 4.5348 54.6735 88.2606 25.1631 0.0000 0.0000 0.0000 -9.5185 -1.7033 -97.6836 15.9961 19.6112 78.2200 1.9741 17.1122 26.2523 4.6379 12.9640 39.2338 0.0000 0.0000 0.0000 19.1371 4.9773 -102.7443 -21.7013 -19.9305 94.9797 0.4992 13.1652 9.5977 -0.4638 4.3685 -12.1159 -15.7408 -5.2074 41.3929 3.0741 -10.2521 14.9385 14.6202 -5.4768 0.2773 -14.9987 -19.5866 -1.9571 19.5496 -27.3497 4.5628 5.5884 -13.2300 6.5036 -0.0000 -0.0000 0.0000 -24.7360 -39.7742 42.5712 26.6545 -37.8477 -9.2864 -0.0000 0.0000 -23.6310 -5.4400 45.0582 -3.8563 -7.1250 0.0000 -0.0000 -58.2128 66.0063 -34.2360 -0.0000 -0.0000 0.0000 71.3111 -5.2408 34.2629 -27.6435 38.7860 -9.8996 0.0000 0.0000 15.9473 -89.8764 45.8427 -89.8277 7.1250 -0.0000 -0.0000 -22.4659 57.3055 -31.3663
19.2903 2.7850 4.5355 52.3195 88.2461 22.7976 0.0000 0.0000 0.0000 -9.4433 -1.6493 -97.6893 15.9985 19.6117 78.2271 1.9794 17.1135 26.2828 4.6233 12.9467 39.1691 0.0000 0.0000 0.0000 19.2785 5.0102 -102.7235 -21.7002 -19.9305 94.9767 0.4969 13.1374 9.5840 -0.4816 4.4500 -12.3462 -15.7282 -5.1360 41.4647 3.1609 -10.1617 14.9248 14.6957 -5.4302 0.2224 -15.2451 -19.4673 -2.6307 19.4763 -27.3551 6.2629 5.4747 -13.1190 7.1775 -0.0000 0.0000 0.0000 -24.7538 -39.8713 42.6107 26.6836 -37.8758 -9.3042 -0.0000 0.0000 -23.7500 -5.3390 45.1319 -3.7894 -7.1250 0.0000 -0.0000 -58.2646 66.0783 -34.3629 -0.0000 0.0000 0.0000 71.1168 -5.4256 34.4310 -27.7966 38.9283 -9.9956 0.0000 0.0000 15.6725 -89.8038 45.7639 -89.7262 7.1250 -0.0000 -0.0000 -22.5121 57.2181 -31.4454
19.2894 2.7856 4.5365 57.3621 88.2334 27.9072 0.0000 0.0000 0.0000 -9.6258 -1.7200 -97.7262 15.9877 19.6096 78.1949 1.9787 17.1181 26.2801 4.6471 12.9751 39.2752 0.0000 0.0000 0.0000 19.1177 4.9273 -102.8310 -21.7058 -19.9301 94.9929 0.5107 13.2706 9.5583 -0.5010 4.5376 -12.5943 -16.1392 -4.9172 41.8145 3.5272 -10.1131 14.6456 15.3548 -5.4182 -0.0812 -15.1208 -19.3193 -3.3182 18.5551 -27.1809 7.8548 5.1245 -12.9576 7.6063 -0.0000 0.0000 0.0000 -25.5891 -39.8547 42.7919 26.6031 -37.7980 -9.2548 -0.0000 0.0000 -23.6719 -5.0029 45.0076 -3.5425 -7.1250 0.0000 -0.0000 -57.7541 66.1111 -34.0157 -0.0000 0.0000 0.0000 70.3370 -5.9885 34.7343 -28.1848 39.2858 -10.2405 0.0000 0.0000 15.4150 -89.8985 45.7179 -89.8582 7.1250 -0.0000 -0.0000 -22.6191 57.2906 -31.5869
19.2904 2.7854 4.5382 55.5905 88.2941 26.1435 0.0000 0.0000 0.0000 -9.5599 -1.7186 -97.7664 15.9938 19.6108 78.2134 1.9914 17.0290 26.3323 4.5892 12.9057 39.0165 0.0000 0.0000 0.0000 19.2265 4.9195 -102.8314 -21.7105 -19.9297 95.0069 0.5061 13.1966 9.4560 -0.4827 4.4551 -12.3608 -15.8603 -5.0379 41.4987 3.3312 -10.0933 14.8545 14.9471 -5.4084 0.1621 -14.6221 -19.1562 -3.7996 18.4169 -27.0778 8.9363 4.9812 -12.8210 7.9317 0.0000 -0.0000 0.0000 -24.9878 -40.0068 42.6578 26.6856 -37.8777 -9.3054 -0.0000 0.0000 -23.9079 -4.7507 45.2887 -3.3800 -7.1250 0.0000 -0.0000 -58.0660 66.3457 -34.5358 0.0000 -0.0000 0.0000 70.8022 -6.0362 34.4681 -28.2298 39.3270 -10.2690 0.0000 0.0000 15.6516 -90.3162 -45.5641 90.4428 7.1250 -0.0000 -0.0000 -23.0399 57.6241 -32.1337
19.2913 2.7844 4.5379 57.2859 88.2177 27.8102 0.0000 0.0000 0.0000 -9.6457 -1.6761 -97.7333 15.9971 19.6114 78.2230 1.9765 17.0788 26.2580 4.6218 12.9448 39.1624 0.0000 0.0000 0.0000 19.1451 4.9115 -102.8142 -21.7184 -19.9291 95.0299 0.5164 13.2931 9.4254 -0.5051 4.5559 -12.6460 -15.9186 -5.0176 41.4166 3.2357 -10.0640 14.9786 14.8420 -5.4083 0.3164 -14.5024 -18.8903 -4.0350 18.4183 -26.7908 9.5812 4.9920 -12.6352 8.1202 -0.0000 0.0000 0.0000 -24.6773 -40.0417 42.4155 26.6883 -37.8803 -9.3071 -0.0000 0.0000 -23.8802 -4.5839 45.3037 -3.2619 -7.1250 0.0000 -0.0000 -57.9551 66.4053 -34.5232 -0.0000 0.0000 0.0000 71.0407 -5.9131 34.3389 -28.3231 39.4120 -10.3282 0.0000 0.0000 15.5148 -89.7563 45.7935 -89.6601 7.1250 -0.0000 -0.0000 -22.4515 57.1841 -31.3642
19.2902 2.7818 4.5358 50.5798 88.2738 21.0723 0.0000 0.0000 0.0000 -9.4380 -1.5933 -97.7760 16.0195 19.6158 78.2898 1.9788 17.0913 26.2741 4.6382 12.9644 39.2354 0.0000 0.0000 0.0000 19.4392 4.9634 -102.7559 -21.7082 -19.9299 95.0001 0.5100 13.2303 9.4334 -0.5238 4.6384 -12.8800 -15.6023 -5.0848 41.3207 3.1712 -9.9866 15.1391 14.5721 -5.3595 0.4327 -14.5446 -18.5668 -3.9763 18.6974 -26.3865 9.5721 5.1694 -12.4345 8.0910 0.0000 0.0000 0.0000 -24.3160 -40.1855 42.1979 26.6964 -37.8881 -9.3121 -0.0000 0.0000 -23.7475 -5.3496 45.4121 -3.8153 -7.1250 0.0000 -0.0000 -58.7946 66.2300 -34.9525 0.0000 0.0000 0.0000 71.3202 -5.9867 34.1434 -28.7199 39.7705 -10.5810 0.0000 0.0000 15.2765 -89.2962 46.1104 -89.0234 7.1250 -0.0000 -0.0000 -21.8368 56.8645 -30.5346
19.2905 2.7813 4.5362 51.3109 88.2970 21.7397 0.0000 0.0000 0.0000 -9.5112 -1.5641 -97.7224 16.0216 19.6162 78.2960 1.9778 17.0903 26.2682 4.6648 12.9961 39.3539 0.0000 0.0000 0.0000 19.4237 4.9111 -102.6982 -21.7065 -19.9300 94.9949 0.5144 13.2616 9.3852 -0.5191 4.6178 -12.8217 -15.3670 -5.1072 41.2561 3.0756 -9.8890 15.2824 14.3049 -5.2963 0.5263 -14.4884 -18.3323 -4.4955 18.5012 -26.0621 10.0979 5.1127 -12.2319 8.2596 -0.0000 0.0000 0.0000 -23.8701 -40.5370 42.1778 26.7277 -37.9183 -9.3313 -0.0000 0.0000 -23.8041 -5.7083 45.5006 -4.0781 -7.1250 0.0000 -0.0000 -59.2562 66.1684 -35.2320 -0.0000 0.0000 0.0000 71.7453 -6.0134 33.5945 -28.8475 39.8849 -10.6628 0.0000 0.0000 15.5552 -89.3982 46.0041 -89.1635 7.1250 -0.0000 -0.0000 -22.0114 56.9238 -30.7752
19.2889 2.7808 4.5367 54.3934 88.0632 24.8115 0.0000 0.0000 0.0000 -9.7100 -1.3954 -97.7084 16.0151 19.6149 78.2766 1.9654 17.1328 26.2069 4.6890 13.0248 39.4613 0.0000 0.0000 0.0000 19.2215 5.0519 -102.6663 -21.6944 -19.9310 94.9594 0.5262 13.3926 9.4264 -0.5283 4.6576 -12.9346 -15.4610 -4.9972 41.1316 2.9703 -9.7546 15.4232 14.1765 -5.2438 0.6862 -14.4946 -18.1007 -5.0048 18.3827 -25.7171 10.4029 5.0962 -12.0298 8.3723 0.0000 -0.0000 0.0000 -23.2997 -40.7630 42.0455 26.7990 -37.9868 -9.3751 -0.0000 0.0000 -23.9643 -6.1208 45.5182 -4.3752 -7.1250 0.0000 -0.0000 -59.6279 66.0515 -35.3748 0.0000 -0.0000 0.0000 71.9977 -5.8557 33.2449 -28.6126 39.6741 -10.5125 0.0000 0.0000 16.6012 -90.4371 -45.0685 90.6173 7.1250 -0.0000 -0.0000 -23.6745 57.5972 -33.0420
19.2866 2.7798 4.5391 50.7600 88.0481 21.0681 0.0000 0.0000 0.0000 -9.6212 -1.2646 -97.6201 16.0183 19.6156 78.2863 1.9598 17.1380 26.1756 4.6915 13.0277 39.4723 0.0000 0.0000 0.0000 19.3572 5.1245 -102.4818 -21.6724 -19.9328 94.8949 0.5236 13.3569 9.3907 -0.5314 4.6712 -12.9731 -15.3951 -4.9314 41.1538 3.0114 -9.6263 15.5239 14.1504 -5.1848 0.7485 -14.3236 -17.8733 -5.2540 17.8522 -25.3135 10.5460 4.9727 -11.8448 8.2891 -0.0000 0.0000 0.0000 -23.0675 -40.9389 41.9834 26.8277 -38.0144 -9.3928 -0.0000 0.0000 -24.0107 -5.7844 45.5238 -4.1343 -7.1250 0.0000 -0.0000 -59.3623 66.1577 -35.3006 -0.0000 0.0000 0.0000 72.0677 -5.8597 33.0452 -28.8087 39.8502 -10.6379 0.0000 0.0000 16.1917 -89.8708 45.5017 -89.8188 7.1250 -0.0000 -0.0000 -22.8445 57.2040 -31.9214
19.2854 2.7799 4.5425 53.2160 88.0107 23.4906 0.0000 0.0000 0.0000 -9.7425 -1.2450 -97.5757 16.0136 19.6147 78.2723 1.9752 17.0170 26.2360 4.6189 12.9414 39.1494 0.0000 0.0000 0.0000 19.2740 5.1320 -102.4472 -21.6741 -19.9327 94.9000 0.5249 13.3518 9.3233 -0.5377 4.6985 -13.0507 -15.3542 -4.8595 41.0717 2.9160 -9.4971 15.6186 13.9752 -5.1155 0.8213 -14.2590 -17.5190 -4.9595 17.7372 -24.7966 10.3425 5.0637 -11.6344 8.0601 0.0000 -0.0000 0.0000 -22.6243 -41.3085 41.8915 26.8502 -38.0360 -9.4067 -0.0000 0.0000 -24.1632 -5.8891 45.5280 -4.2097 -7.1250 0.0000 -0.0000 -59.4561 66.1279 -35.3364 0.0000 -0.0000 0.0000 72.6083 -5.9441 32.5551 -28.9405 39.9678 -10.7225 0.0000 0.0000 16.0504 -89.4701 45.9250 -89.2625 7.1250 -0.0000 -0.0000 -22.1403 56.9654 -30.9529
19.2844 2.7783 4.5444 54.4567 87.9123 24.7305 0.0000 0.0000 0.0000 -9.8398 -1.1640 -97.5897 16.0137 19.6147 78.2726 1.9760 17.0034 26.2375 4.6322 12.9572 39.2086 0.0000 0.0000 0.0000 19.1997 5.2174 -102.4401 -21.6733 -19.9327 94.8976 0.5227 13.3318 9.3309 -0.5488 4.7459 -13.1852 -15.2764 -4.7435 40.9816 2.7857 -9.2843 15.7865 13.7143 -5.0035 0.9441 -13.7582 -17.4227 -5.4894 17.2697 -24.6157 10.6243 4.8463 -11.5158 8.0804 -0.0000 -0.0000 0.0000 -21.8610 -41.8358 41.7625 26.8895 -38.0736 -9.4309 -0.0000 0.0000 -24.3617 -5.9479 45.4867 -4.2489 -7.1250 0.0000 -0.0000 -59.4272 66.0874 -35.2641 -0.0000 -0.0000 0.0000 72.7360 -6.2116 32.6497 -29.1421 40.1466 -10.8522 0.0000 0.0000 16.0389 -90.2131 -45.4223 90.2992 7.1250 -0.0000 -0.0000 -23.1380 57.4911 -32.2946
19.2823 2.7758 4.5431 57.4844 87.7842 27.7313 0.0000 0.0000 0.0000 -9.9723 -1.1373 -97.5056 16.0047 19.6129 78.2457 1.9001 17.4460 25.9061 4.8490 13.2117 40.1662 0.0000 0.0000 0.0000 19.0394 5.2516 -102.4428 -21.6604 -19.9338 94.8597 0.5308 13.4185 9.3476 -0.5541 4.7682 -13.2487 -15.4945 -4.5976 41.0224 2.7868 -9.1844 15.8060 13.7975 -4.9683 0.9649 -14.0646 -16.8317 -5.3798 17.1174 -23.7446 10.6284 5.0134 -11.1315 7.9398 0.0000 -0.0000 0.0000 -21.7724 -41.9724 41.6136 26.9050 -38.0885 -9.4405 -0.0000 0.0000 -24.1786 -5.6158 45.4300 -4.0070 -7.1250 0.0000 -0.0000 -59.0479 66.1582 -35.0592 0.0000 -0.0000 0.0000 72.4555 -6.5833 33.0790 -29.6416 40.5842 -11.1757 0.0000 0.0000 14.9731 -89.4159 45.9018 -89.1866 7.1250 -0.0000 -0.0000 -22.1348 56.9096 -30.9532
19.2809 2.7748 4.5399 54.7746 87.7558 24.9815 0.0000 0.0000 0.0000 -9.8560 -1.0856 -97.4909 16.0112 19.6142 78.2650 1.8940 17.4361 25.8681 4.8138 13.1709 40.0118 0.0000 0.0000 0.0000 19.1872 5.3234 -102.3242 -21.6309 -19.9361 94.7734 0.5238 13.3240 9.2573 -0.5399 4.7077 -13.0768 -15.5915 -4.4272 41.3154 2.9854 -9.0386 15.7383 14.0540 -4.8961 0.7994 -14.2133 -16.4937 -5.3477 16.7857 -23.1737 10.4078 5.0426 -10.8980 7.7420 -0.0000 0.0000 0.0000 -21.9939 -42.0967 41.4168 26.8699 -38.0548 -9.4188 -0.0000 0.0000 -23.9868 -6.0167 45.4103 -4.2926 -7.1250 0.0000 -0.0000 -59.3416 66.0248 -35.1210 -0.0000 0.0000 0.0000 72.1477 -6.7463 33.1752 -29.5953 40.5439 -11.1456 0.0000 0.0000 15.2499 -90.1879 -45.5935 90.2630 7.1250 -0.0000 -0.0000 -22.9302 57.5167 -31.9946
19.2779 2.7762 4.5407 63.9509 87.7896 34.2114 0.0000 0.0000 0.0000 -10.2694 -1.2979 -97.4841 15.9734 19.6067 78.1524 1.9258 17.2231 25.9996 4.6567 12.9864 39.3175 0.0000 0.0000 0.0000 18.8633 5.1294 -102.5143 -21.6513 -19.9345 94.8332 0.5267 13.3533 9.2575 -0.5794 4.8740 -13.5495 -15.7959 -4.3732 41.3658 3.0042 -9.0456 15.7302 14.1815 -4.9118 0.8178 -14.1753 -16.0884 -5.2285 16.6433 -22.5301 9.8821 5.1296 -10.6274 7.4252 0.0000 0.0000 0.0000 -21.9143 -42.2951 41.2621 26.8591 -38.0445 -9.4121 -0.0000 0.0000 -23.9667 -6.3179 45.3541 -4.5039 -7.1250 0.0000 -0.0000 -59.4856 65.9022 -35.0803 0.0000 0.0000 0.0000 72.1707 -6.8198 33.0785 -29.5734 40.5249 -11.1314 0.0000 0.0000 15.2063 -90.2747 -45.4945 90.3852 7.1250 -0.0000 -0.0000 -23.0938 57.5673 -32.2195
19.2776 2.7752 4.5398 68.5937 87.6318 38.8882 0.0000 0.0000 0.0000 -10.6084 -1.2685 -97.5048 15.9629 19.6047 78.1210 1.8997 17.3532 25.8803 4.7460 13.0919 39.7135 0.0000 0.0000 0.0000 18.4971 5.1351 -102.5645 -21.6601 -19.9338 94.8589 0.5440 13.5101 9.1844 -0.5982 4.9512 -13.7693 -15.7746 -4.2822 41.1523 2.8210 -8.8750 15.8899 13.8931 -4.8255 0.9855 -14.5020 -15.7289 -5.1689 16.8992 -22.0188 9.6447 5.3498 -10.3935 7.3287 -0.0000 0.0000 0.0000 -21.1381 -42.7921 41.3276 26.9420 -38.1239 -9.4633 -0.0000 0.0000 -24.2420 -6.2989 45.4431 -4.4972 -7.1250 0.0000 -0.0000 -59.6345 65.9564 -35.2621 -0.0000 0.0000 0.0000 72.6637 -7.0089 32.6994 -29.9339 40.8367 -11.3664 0.0000 0.0000 14.7239 -89.6771 45.8900 -89.5503 7.1250 -0.0000 -0.0000 -22.2979 57.1405 -31.1517
19.2785 2.7738 4.5384 69.6518 87.5215 39.9838 0.0000 0.0000 0.0000 -10.8131 -1.2009 -97.5598 15.9504 19.6022 78.0838 1.9215 17.2542 25.9825 4.6988 13.0364 39.5047 0.0000 0.0000 0.0000 18.3720 5.2120 -102.6290 -21.6602 -19.9338 94.8593 0.5446 13.5323 9.2491 -0.5808 4.8799 -13.5662 -15.6753 -4.2344 41.0040 2.6548 -8.7397 16.0310 13.6009 -4.7493 1.1120 -14.0597 -15.5515 -5.7749 15.9730 -21.6453 9.9662 5.0196 -10.2100 7.3069 -0.0000 0.0000 0.0000 -20.3919 -43.1444 41.4762 27.0016 -38.1807 -9.5001 -0.0000 0.0000 -24.4499 -6.2096 45.4604 -4.4345 -7.1250 0.0000 -0.0000 -59.5932 65.9931 -35.2757 -0.0000 0.0000 0.0000 73.1675 -7.1035 32.2638 -29.9039 40.8109 -11.3467 0.0000 0.0000 15.2813 -90.3751 -45.4529 90.5263 7.1250 -0.0000 -0.0000 -23.2014 57.6468 -32.3599
19.2773 2.7726 4.5408 69.2024 87.6544 39.4924 0.0000 0.0000 0.0000 -10.7575 -1.2088 -97.5250 15.9381 19.5997 78.0472 1.9197 17.4110 26.0109 4.8141 13.1714 40.0134 0.0000 0.0000 0.0000 18.4473 5.1966 -102.5878 -21.6709 -19.9329 94.8906 0.5386 13.4613 9.2090 -0.5987 4.9535 -13.7759 -15.3904 -4.2612 40.8898 2.5551 -8.6136 16.2256 13.2942 -4.6725 1.2682 -14.0065 -15.3227 -6.0316 15.5806 -21.2426 9.9423 4.9415 -10.0275 7.2262 0.0000 -0.0000 0.0000 -19.6280 -43.5834 41.5346 27.0615 -38.2377 -9.5371 -0.0000 0.0000 -24.5558 -5.9770 45.3583 -4.2603 -7.1250 0.0000 -0.0000 -59.2125 66.0085 -35.0017 0.0000 -0.0000 0.0000 73.6489 -7.0997 31.8012 -30.0230 40.9131 -11.4247 0.0000 0.0000 15.1600 -90.2059 -45.6513 90.2880 7.1250 -0.0000 -0.0000 -22.8752 57.5485 -31.9113
19.2725 2.7710 4.5441 69.4715 87.7703 39.7729 0.0000 0.0000 0.0000 -10.7562 -1.2413 -97.5651 15.9222 19.5966 77.9998 1.9478 17.2649 26.1370 4.6948 13.0317 39.4871 0.0000 0.0000 0.0000 18.4524 5.1617 -102.5812 -21.6571 -19.9340 94.8501 0.5454 13.5214 9.1725 -0.6240 5.0549 -14.0652 -15.3765 -4.2328 40.9157 2.5904 -8.5723 16.2238 13.3178 -4.6508 1.2483 -14.2168 -14.8516 -6.2199 15.1151 -20.4909 10.0675 4.9358 -9.6902 7.1509 0.0000 -0.0000 0.0000 -19.3106 -43.6753 41.8720 27.1739 -38.3445 -9.6068 -0.0000 0.0000 -24.6513 -5.5539 45.2884 -3.9531 -7.1250 0.0000 -0.0000 -58.7330 66.0993 -34.7457 0.0000 -0.0000 0.0000 73.6155 -7.1858 31.8950 -29.9128 40.8185 -11.3526 0.0000 0.0000 15.2056 -90.6093 -45.4054 90.8556 7.1250 -0.0000 -0.0000 -23.3980 57.8464 -32.6069
19.2667 2.7700 4.5449 71.5763 87.6962 41.8571 0.0000 0.0000 0.0000 -10.9178 -1.2107 -97.5073 15.8978 19.5917 77.9269 1.9000 17.4791 25.9140 4.7434 13.0889 39.7021 0.0000 0.0000 0.0000 18.3200 5.1469 -102.5625 -21.6335 -19.9359 94.7808 0.5543 13.6196 9.2122 -0.6179 5.0307 -13.9961 -15.3657 -4.1536 40.8836 2.4779 -8.4386 16.3609 13.1383 -4.5816 1.3605 -14.2753 -14.5567 -6.5492 15.0338 -20.0090 9.8760 4.9774 -9.4569 7.0701 0.0000 -0.0000 0.0000 -18.7878 -44.0270 41.6534 27.2276 -38.3953 -9.6401 -0.0000 0.0000 -24.4176 -5.6676 45.3024 -4.0352 -7.1250 0.0000 -0.0000 -58.8534 66.0723 -34.8048 0.0000 -0.0000 0.0000 73.9056 -7.0650 31.7340 -29.8198 40.7385 -11.2918 0.0000 0.0000 15.1266 -90.6887 -45.3803 90.9676 7.1250 -0.0000 -0.0000 -23.4754 57.9117 -32.7060
19.2631 2.7685 4.5443 66.1942 87.8528 36.3552 0.0000 0.0000 0.0000 -10.6827 -1.1153 -97.4335 15.9047 19.5931 77.9478 1.8878 17.4529 25.8366 4.7865 13.1393 39.8922 0.0000 0.0000 0.0000 18.6696 5.1756 -102.3872 -21.6136 -19.9375 94.7226 0.5433 13.5124 9.2213 -0.6309 5.0824 -14.1438 -15.0114 -4.1086 40.9860 2.3772 -8.2258 16.5305 12.7857 -4.4397 1.3888 -14.3102 -14.2056 -6.5542 15.2899 -19.4933 9.2781 5.1547 -9.2141 6.8361 -0.0000 0.0000 0.0000 -18.1286 -44.4525 41.3889 27.2763 -38.4414 -9.6704 -0.0000 0.0000 -24.3338 -5.7573 45.2485 -4.0955 -7.1250 0.0000 -0.0000 -58.8278 66.0153 -34.7153 -0.0000 0.0000 0.0000 74.4245 -6.9428 31.3743 -29.5878 40.5375 -11.1407 0.0000 0.0000 15.4034 -91.1695 -45.1530 91.6493 7.1250 -0.0000 -0.0000 -24.0372 58.2899 -33.4392
19.2617 2.7666 4.5431 67.9124 87.8445 38.0049 0.0000 0.0000 0.0000 -10.7774 -1.1282 -97.3739 15.9132 19.5948 77.9731 1.8856 17.3875 25.8069 4.6616 12.9922 39.3394 0.0000 0.0000 0.0000 18.6320 5.1135 -102.3522 -21.6165 -19.9372 94.7310 0.5441 13.5168 9.2074 -0.6314 5.0843 -14.1492 -14.9017 -4.0617 40.8907 2.1781 -8.0853 16.7090 12.4536 -4.3562 1.5404 -13.6585 -13.7867 -6.8367 14.7901 -18.8557 9.0486 4.9955 -8.9079 6.5971 0.0000 0.0000 0.0000 -17.3319 -44.8063 41.0273 27.3807 -38.5399 -9.7354 -0.0000 0.0000 -24.4868 -6.1913 45.2572 -4.4060 -7.1250 0.0000 -0.0000 -59.2026 65.8878 -34.8453 0.0000 0.0000 0.0000 74.8979 -6.8292 31.1698 -29.5942 40.5430 -11.1449 0.0000 0.0000 15.0968 -90.6608 -45.2429 90.9306 7.1250 -0.0000 -0.0000 -23.6155 57.8494 -32.9156
19.2594 2.7690 4.5399 74.9129 87.6673 45.1276 0.0000 0.0000 0.0000 -11.1899 -1.2397 -97.4260 15.8834 19.5888 77.8843 1.8874 17.3615 25.8105 4.5954 12.9131 39.0442 0.0000 0.0000 0.0000 18.2352 5.0196 -102.5449 -21.6193 -19.9370 94.7393 0.5633 13.7023 9.1813 -0.6591 5.1927 -14.4590 -15.0055 -4.0029 40.5837 1.9823 -7.9978 16.8386 12.2401 -4.3228 1.7530 -13.6289 -13.3687 -7.2720 14.5522 -18.2296 9.2902 4.9817 -8.5929 6.6287 0.0000 -0.0000 0.0000 -16.7665 -45.1372 40.7566 27.4634 -38.6175 -9.7869 -0.0000 0.0000 -24.8186 -5.4167 45.2256 -3.8509 -7.1250 0.0000 -0.0000 -58.5025 66.1065 -34.5785 0.0000 -0.0000 0.0000 75.3113 -6.6452 30.8162 -29.3786 40.3548 -11.0050 0.0000 0.0000 15.2632 -90.9219 -45.0633 91.3022 7.1250 -0.0000 -0.0000 -23.9845 58.0398 -33.4081
19.2595 2.7699 4.5424 68.5590 87.9974 38.7081 0.0000 0.0000 0.0000 -10.8426 -1.1939 -97.4295 15.8882 19.5897 77.8986 1.9099 17.2993 25.9263 4.5533 12.8623 38.8553 0.0000 0.0000 0.0000 18.6705 5.0134 -102.4060 -21.6132 -19.9375 94.7215 0.5517 13.5663 9.0956 -0.6623 5.2048 -14.4937 -14.6285 -4.0284 40.6529 1.9975 -7.8846 16.8928 12.0405 -4.2335 1.7007 -13.3600 -12.9430 -7.4888 14.2677 -17.5980 9.1676 4.9382 -8.2897 6.4826 0.0000 0.0000 0.0000 -16.6546 -45.3232 40.6559 27.4966 -38.6487 -9.8077 -0.0000 0.0000 -24.8646 -5.5054 45.3549 -3.9229 -7.1250 0.0000 -0.0000 -58.8164 66.1507 -34.8724 0.0000 0.0000 0.0000 75.5082 -6.7953 30.6279 -29.3083 40.2930 -10.9595 0.0000 0.0000 15.5539 -91.5274 -44.9132 92.1629 7.1250 -0.0000 -0.0000 -24.5472 58.5567 -34.1147
19.2593 2.7693 4.5439 66.9927 88.1323 37.1085 0.0000 0.0000 0.0000 -10.7941 -1.1788 -97.4354 15.8958 19.5913 77.9212 1.9071 17.3039 25.9107 4.5768 12.8908 38.9609 0.0000 0.0000 0.0000 18.7652 4.9961 -102.3452 -21.6099 -19.9377 94.7117 0.5476 13.5069 9.0195 -0.6546 5.1752 -14.4090 -14.3064 -4.0239 40.5552 1.8231 -7.7307 17.0127 11.6340 -4.1199 1.7532 -12.4502 -12.2075 -7.6530 13.9038 -16.5727 8.6486 4.8391 -7.7912 6.0914 -0.0000 0.0000 0.0000 -16.1216 -45.7187 40.4237 27.5354 -38.6850 -9.8319 -0.0000 0.0000 -25.1235 -5.8033 45.3018 -4.1321 -7.1250 0.0000 -0.0000 -58.9645 66.0306 -34.8387 -0.0000 0.0000 0.0000 76.0217 -7.2244 30.2684 -29.4995 40.4605 -11.0834 0.0000 0.0000 15.7535 -91.8590 -44.7240 92.6408 7.1250 -0.0000 -0.0000 -24.9889 58.8149 -34.6926
19.2586 2.7709 4.5427 77.6524 87.9499 47.8562 0.0000 0.0000 0.0000 -11.3276 -1.2991 -97.4597 15.8784 19.5877 77.8692 1.8957 17.3154 25.8474 4.6440 12.9713 39.2612 0.0000 0.0000 0.0000 18.2999 4.8771 -102.5504 -21.6304 -19.9361 94.7719 0.5556 13.5903 9.0316 -0.6668 5.2223 -14.5437 -14.6547 -3.9103 40.4450 1.7267 -7.7357 16.8876 11.7023 -4.1339 1.6928 -11.3952 -10.9564 -7.9829 13.0931 -14.8282 8.4805 4.6458 -6.9465 5.7118 0.0000 -0.0000 0.0000 -15.9882 -45.7995 40.6549 27.6279 -38.7715 -9.8898 -0.0000 0.0000 -25.5307 -5.7792 45.2945 -4.1143 -7.1250 0.0000 -0.0000 -58.9309 66.0339 -34.8170 0.0000 -0.0000 0.0000 76.1805 -7.5337 30.2346 -29.5780 40.5289 -11.1344 0.0000 0.0000 15.4370 -91.2611 -44.9648 91.7842 7.1250 -0.0000 -0.0000 -24.3147 58.3251 -33.8269
19.2575 2.7708 4.5417 71.7419 88.1894 41.8673 0.0000 0.0000 0.0000 -11.1044 -1.1967 -97.4595 15.8907 19.5902 77.9058 1.9008 17.3180 25.8777 4.7117 13.0516 39.5618 0.0000 0.0000 0.0000 18.5898 4.8637 -102.3985 -21.6173 -19.9372 94.7334 0.5602 13.6240 8.9795 -0.6743 5.2509 -14.6255 -14.2344 -3.9282 40.3887 1.6386 -7.5910 16.9491 11.3521 -4.0200 1.6630 -9.6481 -9.1763 -8.4665 12.0999 -12.4158 8.1390 4.3339 -5.7596 5.2064 0.0000 -0.0000 0.0000 -15.5722 -46.0646 40.7647 27.7260 -38.8628 -9.9513 -0.0000 0.0000 -25.8059 -5.9583 45.1949 -4.2350 -7.1250 0.0000 -0.0000 -58.8952 65.9244 -34.6553 0.0000 -0.0000 0.0000 76.6222 -7.7422 29.8209 -29.6449 40.5871 -11.1779 0.0000 0.0000 15.3937 -90.5868 -45.3422 90.8249 7.1250 -0.0000 -0.0000 -23.4565 57.8089 -32.6962
19.2590 2.7723 4.5397 68.9201 88.2108 39.0668 0.0000 0.0000 0.0000 -11.1606 -1.0624 -97.5269 15.8813 19.5883 77.8779 1.9025 17.3445 25.8941 4.7057 13.0445 39.5354 0.0000 0.0000 0.0000 18.6188 4.9265 -102.3789 -21.6151 -19.9373 94.7271 0.5643 13.6586 8.9511 -0.6474 5.1471 -14.3285 -13.8367 -3.8554 40.1605 1.4269 -7.3201 17.0549 10.8328 -3.8384 1.6984 -7.0363 -7.0567 -8.6545 11.0411 -9.6443 7.2323 3.8688 -4.3927 4.4697 -0.0000 0.0000 0.0000 -14.8590 -46.6584 40.9082 27.8806 -39.0060 -10.0484 -0.0000 0.0000 -26.1675 -6.3403 45.1951 -4.5077 -7.1250 0.0000 -0.0000 -59.2116 65.8084 -34.7541 -0.0000 0.0000 0.0000 77.4902 -7.9943 28.9251 -29.8444 40.7596 -11.3079 0.0000 0.0000 15.4134 -90.1930 -45.6201 90.2701 7.1250 -0.0000 -0.0000 -22.9029 57.5283 -31.9540
19.2562 2.7736 4.5381 72.1366 88.1341 42.3005 0.0000 0.0000 0.0000 -11.4102 -1.0363 -97.5296 15.8627 19.5846 77.8223 1.9073 17.3012 25.9115 4.6962 13.0333 39.4932 0.0000 0.0000 0.0000 18.3672 4.8672 -102.4357 -21.6228 -19.9367 94.7494 0.5888 13.9223 9.0438 -0.6378 5.1095 -14.2212 -13.9276 -3.6648 40.1364 1.4244 -7.1583 16.8500 10.8407 -3.7416 1.4470 -4.8870 -4.5169 -8.2751 9.8165 -6.2933 6.4879 3.4207 -2.7712 3.7612 0.0000 -0.0000 0.0000 -15.2439 -46.8739 41.7023 28.0198 -39.1345 -10.1362 -0.0000 0.0000 -26.3366 -6.0486 45.3740 -4.3127 -7.1250 0.0000 -0.0000 -59.3004 65.9952 -35.0528 0.0000 -0.0000 0.0000 77.7769 -8.5655 28.3853 -29.8108 40.7307 -11.2860 0.0000 0.0000 15.8384 -90.7928 -45.4121 91.1131 7.1250 -0.0000 -0.0000 -23.5027 58.0147 -32.7275
19.2567 2.7723 4.5368 69.2081 88.1975 39.3136 0.0000 0.0000 0.0000 -11.3146 -0.9779 -97.5126 15.8797 19.5880 77.8732 1.9052 17.3001 25.8987 4.6988 13.0364 39.5047 0.0000 0.0000 0.0000 18.4754 4.8776 -102.3343 -21.6295 -19.9362 94.7691 0.5858 13.8596 8.8916 -0.6215 5.0450 -14.0369 -13.4624 -3.4910 39.9670 1.3043 -6.7360 16.9541 10.3496 -3.4798 1.4328 -2.1699 -1.9344 -8.0637 8.1498 -2.8989 5.2673 2.9606 -1.1466 3.3532 -0.0000 0.0000 0.0000 -14.7638 -47.8037 42.0762 28.1173 -39.2240 -10.1978 -0.0000 0.0000 -26.4888 -5.4750 45.5990 -3.9175 -7.1250 0.0000 -0.0000 -59.2491 66.2937 -35.3802 -0.0000 0.0000 0.0000 78.6671 -8.8519 27.2122 -29.8443 40.7596 -11.3078 0.0000 0.0000 15.9834 -90.7329 -45.3703 91.0298 7.1250 -0.0000 -0.0000 -23.5140 57.9491 -32.7545
19.2562 2.7718 4.5362 65.4467 88.3414 35.5298 0.0000 0.0000 0.0000 -11.2043 -0.9384 -97.5429 15.8833 19.5887 77.8839 1.9154 17.3022 25.9588 4.7175 13.0584 39.5874 0.0000 0.0000 0.0000 18.6100 4.8563 -102.2674 -21.6256 -19.9365 94.7576 0.5915 13.8984 8.8098 -0.6382 5.1110 -14.2254 -12.7640 -3.3370 39.7551 1.1863 -6.2358 17.1178 9.7182 -3.1626 1.4573 0.9738 0.5687 -7.7663 6.2669 0.3339 4.1539 1.8836 0.4236 2.6889 -0.0000 0.0000 0.0000 -14.1848 -49.0837 42.2060 28.1218 -39.2281 -10.2006 -0.0000 0.0000 -26.4379 -5.9536 45.7092 -4.2691 -7.1250 0.0000 -0.0000 -59.8490 66.2060 -35.7369 -0.0000 0.0000 0.0000 79.8138 -9.2163 25.6964 -30.2257 41.0861 -11.5577 0.0000 0.0000 16.0234 -90.1634 -45.6524 90.2285 7.1250 -0.0000 -0.0000 -22.8487 57.5104 -31.8796
19.2553 2.7708 4.5348 60.9517 88.4599 31.0570 0.0000 0.0000 0.0000 -11.0816 -0.9268 -97.5998 15.8722 19.5865 77.8507 1.9198 17.3377 25.9932 4.7525 13.0995 39.7421 0.0000 0.0000 0.0000 18.7731 4.8574 -102.2675 -21.6069 -19.9380 94.7031 0.5928 13.9158 8.8307 -0.6284 5.0723 -14.1149 -11.8132 -3.2838 39.2972 0.8947 -5.7375 17.4439 8.8020 -2.8241 1.5533 3.5807 2.7237 -6.8888 4.7014 3.1870 2.5180 0.9978 1.7825 1.9484 0.0000 0.0000 0.0000 -13.2321 -50.4335 42.3564 28.2145 -39.3130 -10.2593 -0.0000 0.0000 -26.5373 -6.0119 45.6634 -4.3077 -7.1250 0.0000 -0.0000 -59.8106 66.1634 -35.6544 0.0000 0.0000 0.0000 81.2941 -9.4324 23.8797 -30.0531 40.9388 -11.4444 0.0000 0.0000 17.1011 -90.7788 -45.1006 91.0994 7.1250 -0.0000 -0.0000 -23.8518 57.9192 -33.2401
19.2566 2.7716 4.5343 65.8306 88.3344 35.9138 0.0000 0.0000 0.0000 -11.3024 -0.8944 -97.5579 15.8702 19.5861 77.8448 1.9015 17.3920 25.9005 4.7807 13.1325 39.8666 0.0000 0.0000 0.0000 18.5707 4.8489 -102.2844 -21.6245 -19.9366 94.7544 0.5993 13.9749 8.8096 -0.6461 5.1421 -14.3142 -11.4344 -3.1053 39.1258 0.7132 -5.3632 17.4678 8.3026 -2.5834 1.4965 5.4107 4.6198 -5.3909 3.0012 5.8206 0.6428 0.1869 3.0091 1.1613 0.0000 -0.0000 0.0000 -12.8681 -51.5134 42.7087 28.2066 -39.3057 -10.2543 -0.0000 0.0000 -26.5426 -6.1921 45.6109 -4.4334 -7.1250 0.0000 -0.0000 -59.8597 66.0799 -35.5891 0.0000 -0.0000 0.0000 82.2808 -9.8252 22.5106 -29.9203 40.8250 -11.3575 0.0000 0.0000 17.8717 -91.6757 -44.6433 92.3841 7.1250 -0.0000 -0.0000 -24.9624 58.6257 -34.6909
19.2571 2.7721 4.5326 74.3558 88.1562 44.5701 0.0000 0.0000 0.0000 -11.6929 -0.9827 -97.6544 15.8578 19.5836 77.8077 1.9123 17.2700 25.9325 4.7171 13.0579 39.5856 0.0000 0.0000 0.0000 18.2646 4.8383 -102.4871 -21.6289 -19.9363 94.7674 0.5940 13.9147 8.7712 -0.6185 5.0329 -14.0023 -10.8715 -2.9035 39.2076 0.4900 -4.9607 17.2031 7.6311 -2.2885 1.1691 6.9055 6.0963 -4.3923 1.5441 7.8662 -0.8306 -0.4954 3.9722 0.6748 0.0000 -0.0000 0.0000 -12.4349 -52.8889 43.4770 28.2568 -39.3516 -10.2861 -0.0000 0.0000 -26.7440 -5.8032 45.6447 -4.1563 -7.1250 0.0000 -0.0000 -59.6045 66.2174 -35.5613 0.0000 -0.0000 0.0000 83.4275 -10.5130 21.0649 -30.3605 41.2004 -11.6464 0.0000 0.0000 17.3464 -90.4615 -45.2173 90.6502 7.1250 -0.0000 -0.0000 -23.5212 57.6603 -32.8130
19.2556 2.7708 4.5353 75.5454 88.1941 45.6961 0.0000 0.0000 0.0000 -11.7449 -0.9723 -97.5938 15.8459 19.5811 77.7724 1.9099 17.3349 25.9349 4.7767 13.1279 39.8490 0.0000 0.0000 0.0000 18.2364 4.7945 -102.4224 -21.6347 -19.9358 94.7843 0.5991 13.9500 8.6990 -0.6356 5.1010 -14.1968 -10.5603 -2.7864 39.5649 0.4295 -4.7665 16.9853 7.3660 -2.1319 0.7401 7.3313 7.4754 -3.6315 0.5079 9.7887 -1.8591 -0.8783 4.8985 0.3539 -0.0000 -0.0000 0.0000 -12.4317 -53.4145 44.0841 28.3265 -39.4151 -10.3303 -0.0000 0.0000 -26.9147 -5.4159 45.4846 -3.8675 -7.1250 0.0000 -0.0000 -58.9851 66.2494 -35.1225 -0.0000 -0.0000 0.0000 83.9857 -11.1095 20.2761 -30.0162 40.9073 -11.4202 0.0000 0.0000 18.8333 -92.3296 -43.9323 93.3557 7.1250 -0.0000 -0.0000 -26.2560 59.0594 -36.4399
19.2558 2.7711 4.5398 71.7150 88.4025 41.8144 0.0000 0.0000 0.0000 -11.5436 -0.9395 -97.5958 15.8521 19.5824 77.7907 1.9307 17.1963 26.0214 4.7035 13.0419 39.5256 0.0000 0.0000 0.0000 18.5016 4.8037 -102.3471 -21.6355 -19.9357 94.7868 0.5895 13.8552 8.6986 -0.6624 5.2053 -14.4951 -9.9681 -2.7070 39.5982 0.3523 -4.4249 17.1144 6.8794 -1.9043 0.7485 8.1487 8.4728 -3.5276 -0.8711 11.1184 -2.8430 -1.4267 5.5378 0.2057 0.0000 -0.0000 0.0000 -11.6697 -54.3147 44.0262 28.4318 -39.5108 -10.3973 -0.0000 0.0000 -27.1575 -5.0574 45.4719 -3.6100 -7.1250 0.0000 -0.0000 -58.6648 66.3527 -35.0023 0.0000 -0.0000 0.0000 84.8139 -11.2644 19.3612 -30.1802 41.0474 -11.5278 0.0000 0.0000 18.6871 -91.9259 -44.1613 92.7633 7.1250 -0.0000 -0.0000 -25.6998 58.7370 -35.7160
19.2583 2.7716 4.5399 77.7333 88.2491 47.8455 0.0000 0.0000 0.0000 -11.8612 -0.9470 -97.5971 15.8525 19.5825 77.7918 1.9336 17.1532 26.0278 4.6654 12.9968 39.3564 0.0000 0.0000 0.0000 18.2449 4.7606 -102.4227 -21.6525 -19.9344 94.8367 0.5959 13.9130 8.6718 -0.6707 5.2372 -14.5862 -9.7076 -2.5600 39.5366 0.1105 -4.1169 17.2351 6.3915 -1.7065 0.8146 9.1247 9.1755 -3.3385 -2.3897 12.0461 -3.8922 -2.0709 5.9786 0.0482 -0.0000 0.0000 0.0000 -10.7673 -55.2146 43.8421 28.5286 -39.5983 -10.4589 -0.0000 0.0000 -27.3981 -4.6865 45.5740 -3.3505 -7.1250 0.0000 -0.0000 -58.5512 66.5232 -35.1217 -0.0000 0.0000 0.0000 85.7372 -11.1123 18.2890 -29.7870 40.7101 -11.2704 0.0000 0.0000 19.0136 -92.4240 -43.8262 93.4982 7.1250 -0.0000 -0.0000 -26.4506 59.1225 -36.7026
19.2609 2.7702 4.5383 79.3141 88.2465 49.3721 0.0000 0.0000 0.0000 -11.9592 -0.9418 -97.5645 15.8651 19.5850 77.8294 1.9363 17.1586 26.0445 4.6909 13.0271 39.4699 0.0000 0.0000 0.0000 18.2864 4.7012 -102.4240 -21.6721 -19.9328 94.8940 0.5877 13.8271 8.6497 -0.6879 5.3027 -14.7739 -9.4956 -2.4516 39.6157 0.0207 -3.9128 17.2084 6.1280 -1.5715 0.7044 8.8932 9.8175 -3.0661 -2.9302 12.9470 -4.7827 -2.2157 6.4248 -0.2065 -0.0000 0.0000 0.0000 -10.6026 -55.7273 44.0008 28.5682 -39.6340 -10.4841 -0.0000 0.0000 -27.3845 -5.4429 45.6332 -3.8967 -7.1250 0.0000 -0.0000 -59.2872 66.3221 -35.4444 -0.0000 0.0000 0.0000 86.2327 -11.2729 17.7396 -29.9446 40.8458 -11.3733 0.0000 0.0000 18.2143 -90.6668 -44.5216 90.9510 7.1250 -0.0000 -0.0000 -24.4376 57.6569 -34.1203
19.2647 2.7702 4.5392 82.9284 88.1397 53.0593 0.0000 0.0000 0.0000 -12.2042 -0.9325 -97.6522 15.8603 19.5841 77.8152 1.9418 17.1470 26.0737 4.7264 13.0689 39.6268 0.0000 0.0000 0.0000 18.0859 4.7041 -102.5371 -21.6810 -19.9321 94.9203 0.5928 13.8661 8.5885 -0.7052 5.3675 -14.9597 -9.7498 -2.2568 39.6455 0.1255 -3.7953 17.0268 6.3364 -1.5306 0.5048 8.4471 10.4375 -1.2278 -3.6898 13.9654 -6.9820 -2.5575 6.9277 -1.1343 0.0000 -0.0000 0.0000 -11.2209 -55.8896 44.3710 28.5129 -39.5841 -10.4489 -0.0000 0.0000 -27.0744 -6.4330 45.3875 -4.5890 -7.1250 0.0000 -0.0000 -59.6418 65.8853 -35.1796 0.0000 -0.0000 0.0000 86.0102 -11.7804 18.0790 -31.2435 41.9356 -12.2322 0.0000 0.0000 16.0873 -87.3544 45.7676 -86.3102 7.1250 -0.0000 -0.0000 -21.1245 55.0234 -29.7563
19.2684 2.7721 4.5347 85.8968 87.9602 56.2019 0.0000 0.0000 0.0000 -12.4903 -0.9577 -97.8340 15.8522 19.5824 77.7911 1.9358 17.2028 26.0523 4.7451 13.0908 39.7095 0.0000 0.0000 0.0000 17.9010 4.7453 -102.7797 -21.6792 -19.9323 94.9151 0.5930 13.8798 8.6490 -0.7181 5.4151 -15.0965 -9.6443 -2.0615 39.5157 -0.0160 -3.5359 16.8969 6.0525 -1.3766 0.3435 9.2756 10.6155 -1.5047 -4.7909 14.1245 -7.0318 -3.0184 7.0098 -0.9508 -0.0000 0.0000 0.0000 -11.0000 -56.6145 44.6429 28.5303 -39.5999 -10.4600 -0.0000 0.0000 -27.2010 -6.5380 45.4170 -4.6666 -7.1250 0.0000 -0.0000 -59.7827 65.8694 -35.2684 -0.0000 0.0000 0.0000 86.2017 -12.3123 18.3289 -32.6673 43.0728 -13.1943 0.0000 0.0000 13.7369 -86.9821 45.7698 -85.7919 7.1250 -0.0000 -0.0000 -20.9190 54.6916 -29.4997
19.2716 2.7713 4.5342 91.2147 87.8348 61.6861 0.0000 0.0000 0.0000 -12.8074 -1.0688 -97.9995 15.8315 19.5782 77.7293 1.9543 17.0655 26.1265 4.6944 13.0312 39.4852 0.0000 0.0000 0.0000 17.6998 4.7044 -103.0538 -21.7131 -19.9295 95.0143 0.5842 13.7818 8.5960 -0.7386 5.4903 -15.3124 -9.5713 -1.9659 39.4049 -0.1955 -3.3966 16.8406 5.7806 -1.2852 0.2798 9.0995 10.8284 -1.5788 -4.9830 14.4132 -7.7048 -3.0673 7.1586 -1.1345 -0.0000 0.0000 0.0000 -10.3873 -57.1794 44.7415 28.6355 -39.6947 -10.5271 -0.0000 0.0000 -27.4873 -6.3613 45.5557 -4.5507 -7.1250 0.0000 -0.0000 -59.8949 65.9983 -35.5153 -0.0000 0.0000 0.0000 86.5179 -12.3186 18.0181 -34.1580 44.2014 -14.2231 0.0000 0.0000 12.3398 -86.3969 45.3054 -84.9379 7.1250 -0.0000 -0.0000 -21.0613 53.9977 -29.7849
19.2775 2.7699 4.5333 92.6711 87.7194 63.1849 0.0000 0.0000 0.0000 -13.0569 -1.0037 -98.1074 15.8487 19.5817 77.7806 1.9483 17.0467 26.0874 4.7324 13.0759 39.6533 0.0000 0.0000 0.0000 17.5170 4.7567 -103.1447 -21.7445 -19.9269 95.1067 0.5809 13.7340 8.5246 -0.7780 5.6317 -15.7194 -9.1522 -1.8832 38.9269 -0.4813 -3.0422 17.2071 5.1460 -1.0708 0.7409 9.0166 10.9053 -2.2860 -5.0820 14.4814 -8.3984 -3.0659 7.1961 -1.2343 0.0000 0.0000 0.0000 -8.8888 -58.3238 44.1638 28.6809 -39.7356 -10.5562 -0.0000 0.0000 -27.8031 -5.6537 45.7224 -4.0543 -7.1250 0.0000 -0.0000 -59.6286 66.3054 -35.6883 0.0000 0.0000 0.0000 87.2821 -11.3239 16.5395 -35.5455 45.1977 -15.1991 0.0000 0.0000 11.7669 -85.6444 44.4884 -83.7969 7.1250 -0.0000 -0.0000 -21.4244 52.9961 -30.4229
19.2813 2.7726 4.5327 93.9986 87.8383 64.5726 0.0000 0.0000 0.0000 -13.0361 -1.0499 -98.1818 15.8503 19.5820 77.7854 1.9424 17.0870 26.0627 4.7318 13.0753 39.6509 0.0000 0.0000 0.0000 17.5101 4.7612 -103.2161 -21.7635 -19.9253 95.1622 0.5800 13.7288 8.5439 -0.8047 5.7252 -15.9890 -8.9139 -1.8806 38.8064 -0.6107 -2.9522 17.2077 4.8596 -1.0006 0.7415 9.1093 10.9982 -2.8857 -5.3546 14.5422 -8.3913 -3.1221 7.2301 -1.0970 0.0000 0.0000 0.0000 -8.7627 -58.6287 44.2687 28.7089 -39.7608 -10.5741 -0.0000 0.0000 -27.8075 -6.3901 45.6975 -4.5824 -7.1250 0.0000 -0.0000 -60.1832 66.0657 -35.8228 0.0000 0.0000 0.0000 87.3851 -10.5186 15.9136 -37.3735 46.4344 -16.5101 0.0000 0.0000 10.0725 -86.8790 44.2580 -85.5326 7.1250 -0.0000 -0.0000 -22.3604 54.0473 -31.6645
19.2845 2.7735 4.5362 96.9681 88.0171 67.5324 0.0000 0.0000 0.0000 -13.0445 -1.0856 -98.2181 15.8460 19.5812 77.7727 2.0058 16.6738 26.3342 4.4997 12.7973 38.6142 0.0000 0.0000 0.0000 17.3928 4.7149 -103.1724 -21.7697 -19.9247 95.1805 0.5881 13.8056 8.5210 -0.7500 5.5315 -15.4309 -8.7769 -1.8506 38.7821 -0.6085 -2.8629 17.2034 4.7652 -0.9443 0.7218 9.6383 10.9984 -3.2320 -6.3206 14.4545 -8.5425 -3.5066 7.1885 -0.9765 0.0000 -0.0000 0.0000 -9.0176 -58.8546 44.2549 28.6249 -39.6852 -10.5204 -0.0000 0.0000 -27.4575 -6.9615 45.5933 -4.9852 -7.1250 0.0000 -0.0000 -60.4546 65.8353 -35.7462 0.0000 -0.0000 0.0000 87.0120 -9.3580 15.6890 -39.3812 47.6990 -17.9802 0.0000 0.0000 9.6897 -86.5459 46.2060 -85.2201 7.1250 -0.0000 -0.0000 -20.2457 54.4600 -28.5554
19.2849 2.7730 4.5340 97.0888 87.9987 67.7249 0.0000 0.0000 0.0000 -13.1694 -1.0283 -98.3568 15.8606 19.5841 77.8160 2.0133 16.6616 26.3748 4.5209 12.8231 38.7099 0.0000 0.0000 0.0000 17.1949 4.8598 -103.2124 -21.7772 -19.9241 95.2024 0.5863 13.7897 8.5322 -0.7447 5.5123 -15.3757 -8.7667 -1.7351 38.7429 -0.6288 -2.7286 17.1301 4.6980 -0.8730 0.6342 10.5584 11.1155 -2.8154 -7.7092 14.5716 -9.3123 -4.1812 7.2509 -1.1092 -0.0000 0.0000 0.0000 -8.9860 -59.1336 44.3596 28.6316 -39.6912 -10.5246 -0.0000 0.0000 -27.5245 -6.5916 45.5656 -4.7170 -7.1250 0.0000 -0.0000 -60.1017 65.9333 -35.5946 -0.0000 0.0000 0.0000 86.3222 -7.7042 16.0196 -41.3994 48.8775 -19.4869 0.0000 0.0000 9.4471 -87.0962 47.4009 -86.0581 7.1250 -0.0000 -0.0000 -19.2921 55.3461 -27.0902
19.2865 2.7725 4.5356 96.2335 88.1053 66.8133 0.0000 0.0000 0.0000 -13.0801 -0.9691 -98.3235 15.8715 19.5863 77.8486 1.9584 17.0776 26.1532 4.7798 13.1314 39.8624 0.0000 0.0000 0.0000 17.0368 5.0241 -103.0220 -21.7759 -19.9242 95.1988 0.5823 13.7068 8.3153 -0.7267 5.4468 -15.1876 -8.5998 -1.6299 38.7386 -0.6464 -2.5275 17.1713 4.5324 -0.7560 0.6444 10.9367 11.0859 -2.5860 -8.4321 14.5204 -10.1391 -4.5521 7.2325 -1.3418 0.0000 -0.0000 0.0000 -8.6453 -59.5853 44.3799 28.6480 -39.7060 -10.5351 -0.0000 0.0000 -27.8067 -6.6799 45.6249 -4.7852 -7.1250 0.0000 -0.0000 -60.2839 65.9382 -35.7421 0.0000 -0.0000 0.0000 85.3453 -5.7614 16.7981 -44.2844 50.4130 -21.6858 0.0000 0.0000 7.6488 -86.0677 48.4513 -84.7521 7.1250 -0.0000 -0.0000 -17.7084 54.8318 -24.8791
19.2884 2.7730 4.5333 94.3891 88.2072 64.9424 0.0000 0.0000 0.0000 -13.0135 -0.8930 -98.3431 15.8802 19.5881 77.8746 1.9604 17.0311 26.1535 4.7300 13.0731 39.6428 0.0000 0.0000 0.0000 16.8978 5.1602 -102.9051 -21.7647 -19.9252 95.1659 0.5961 13.8468 8.3210 -0.7262 5.4451 -15.1826 -8.3424 -1.5363 38.8576 -0.6621 -2.3438 17.0827 4.3292 -0.6367 0.4671 10.6374 11.0668 -3.7614 -8.1230 14.4022 -9.4038 -4.2777 7.1674 -0.9509 0.0000 0.0000 0.0000 -8.8772 -59.9798 44.6200 28.6559 -39.7131 -10.5402 -0.0000 0.0000 -27.9068 -6.6042 45.8325 -4.7474 -7.1250 0.0000 -0.0000 -60.6108 66.0720 -36.1641 0.0000 0.0000 0.0000 84.2332 -3.2711 17.5443 -46.8782 51.6561 -23.7028 0.0000 0.0000 5.0626 -84.1411 48.9657 -82.2532 7.1250 -0.0000 -0.0000 -16.3468 53.4427 -23.0477
19.2839 2.7738 4.5340 95.1601 88.4059 65.6693 0.0000 0.0000 0.0000 -12.9359 -0.8945 -98.3357 15.8815 19.5884 77.8783 2.0371 16.5343 26.4843 4.4959 12.7926 38.5969 0.0000 0.0000 0.0000 16.8979 5.1686 -102.8169 -21.7817 -19.9237 95.2157 0.5949 13.8279 8.2836 -0.7566 5.5553 -15.4994 -7.9460 -1.4746 38.9946 -0.6930 -2.1461 17.0034 4.0338 -0.4985 0.2849 10.6117 10.9742 -3.9274 -7.9946 14.2767 -9.6299 -4.2366 7.1025 -1.0228 -0.0000 -0.0000 0.0000 -8.8090 -60.5409 44.7351 28.6612 -39.7178 -10.5435 -0.0000 0.0000 -27.9625 -6.4708 45.9228 -4.6582 -7.1250 0.0000 -0.0000 -60.6728 66.1609 -36.3235 -0.0000 -0.0000 0.0000 82.9571 -0.9971 18.5604 -50.5107 53.1994 -26.5826 0.0000 0.0000 2.3849 -80.4347 49.1527 -77.4414 7.1250 -0.0000 -0.0000 -14.6437 50.5734 -20.7726
19.2833 2.7726 4.5389 97.3097 88.6487 67.7927 0.0000 0.0000 0.0000 -12.7534 -0.9466 -98.3180 15.8723 19.5865 77.8510 2.0122 16.7370 26.3852 4.6158 12.9376 39.1355 0.0000 0.0000 0.0000 16.8521 5.1919 -102.7046 -21.7655 -19.9251 95.1682 0.6010 13.8818 8.2447 -0.6975 5.3386 -14.8768 -7.7350 -1.3969 39.1359 -0.6283 -2.0028 16.8710 3.9502 -0.4098 0.0656 10.6959 10.8589 -3.4625 -8.2776 14.1558 -10.3240 -4.4223 7.0489 -1.3176 0.0000 -0.0000 0.0000 -8.9048 -60.9355 44.9739 28.6619 -39.7185 -10.5440 -0.0000 0.0000 -28.0853 -7.0659 45.8903 -5.0859 -7.1250 0.0000 -0.0000 -61.0926 65.9610 -36.4024 0.0000 -0.0000 0.0000 81.4025 1.6909 19.7340 -53.2317 54.2186 -28.7760 0.0000 0.0000 0.7261 -75.9813 49.3412 -71.7824 7.1250 -0.0000 -0.0000 -12.7245 47.2590 -18.1121
19.2828 2.7714 4.5445 105.9710 88.5251 76.5420 0.0000 0.0000 0.0000 -12.9827 -1.0925 -98.3592 15.8497 19.5819 77.7836 2.0027 16.8394 26.3536 4.6829 13.0176 39.4342 0.0000 0.0000 0.0000 16.5308 5.1635 -102.8214 -21.8005 -19.9221 95.2709 0.6023 13.8626 8.0560 -0.7075 5.3760 -14.9841 -7.9731 -1.2491 39.0380 -0.5869 -1.8836 16.8949 4.0774 -0.3680 0.1279 10.7540 10.8159 -4.0318 -8.3724 14.0437 -10.3302 -4.4297 6.9903 -1.2200 -0.0000 -0.0000 0.0000 -8.4783 -61.4273 44.6939 28.5515 -39.6190 -10.4735 -0.0000 0.0000 -28.2847 -7.8562 45.7785 -5.6473 -7.1250 0.0000 -0.0000 -61.5217 65.6610 -36.3598 -0.0000 -0.0000 0.0000 79.8017 4.5534 20.8817 -57.2365 55.5274 -32.0521 0.0000 -0.0000 -1.3641 -73.1620 49.5188 -68.3030 7.1250 -0.0000 -0.0000 -11.4992 45.2891 -16.3701
19.2810 2.7706 4.5473 109.7770 88.1702 80.3775 0.0000 0.0000 0.0000 -13.4398 -1.1369 -98.3111 15.8201 19.5758 77.6952 1.9809 16.9078 26.2437 4.7078 13.0470 39.5445 0.0000 0.0000 0.0000 15.8720 5.1784 -102.8538 -21.8511 -19.9176 95.4194 0.6218 14.0434 7.9707 -0.6306 5.0812 -14.1404 -8.1729 -1.0765 38.9515 -0.6830 -1.7130 16.9618 4.0231 -0.2857 0.2242 10.4422 10.7717 -5.2324 -8.1510 13.8980 -9.8877 -4.2030 6.9150 -0.9193 -0.0000 0.0000 0.0000 -8.2505 -61.9254 44.3636 28.4851 -39.5590 -10.4312 -0.0000 0.0000 -28.3090 -8.2811 45.7467 -5.9516 -7.1250 0.0000 -0.0000 -61.8050 65.5154 -36.3965 -0.0000 0.0000 0.0000 78.3480 8.0524 21.5588 -60.2961 56.3883 -34.5875 0.0000 -0.0000 -3.2932 -73.8908 50.0833 -69.3660 7.1250 -0.0000 -0.0000 -11.3274 46.1414 -16.1146
19.2744 2.7689 4.5501 114.2370 88.0690 84.9564 0.0000 0.0000 0.0000 -13.6008 -1.2920 -98.3603 15.7628 19.5640 77.5240 2.0096 16.7494 26.3734 4.6064 12.9263 39.0933 0.0000 0.0000 0.0000 15.5261 5.2096 -102.9802 -21.8656 -19.9163 95.4621 0.6265 14.0843 7.9359 -0.5709 4.8388 -13.4494 -7.9766 -0.9912 39.0165 -0.7587 -1.5644 16.8213 3.7955 -0.1851 0.0181 10.3086 10.5934 -5.5203 -7.8353 13.6577 -9.8226 -4.0655 6.7913 -0.9062 -0.0000 -0.0000 0.0000 -8.4045 -62.4599 44.5501 28.4590 -39.5353 -10.4146 -0.0000 0.0000 -28.2469 -8.5235 45.8890 -6.1417 -7.1250 0.0000 -0.0000 -62.2612 65.5159 -36.7569 -0.0000 -0.0000 0.0000 76.7661 10.8307 22.0438 -64.6651 57.4301 -38.2486 0.0000 -0.0000 -4.6792 -73.5052 50.3126 -68.9536 7.1250 -0.0000 -0.0000 -11.0006 45.9970 -15.6457
19.2740 2.7654 4.5550 119.3690 88.4077 90.1319 0.0000 0.0000 0.0000 -13.1208 -1.5018 -98.3988 15.7493 19.5612 77.4838 1.9971 16.9231 26.3404 4.6130 12.9343 39.1231 0.0000 0.0000 0.0000 15.5241 5.3182 -102.9235 -21.8100 -19.9213 95.2987 0.6341 14.1768 8.0419 -0.4499 4.3033 -11.9315 -7.4186 -0.9871 39.2236 -0.6856 -1.3765 16.7496 3.5274 -0.0494 -0.1770 10.3610 10.4678 -5.8307 -7.7279 13.4704 -9.8301 -4.0295 6.6933 -0.8782 -0.0000 -0.0000 0.0000 -8.5207 -63.0265 44.4679 28.3886 -39.4715 -10.3698 -0.0000 0.0000 -28.1950 -8.7227 46.0461 -6.3029 -7.1250 0.0000 -0.0000 -62.7100 65.5363 -37.1393 -0.0000 -0.0000 0.0000 74.9993 13.7827 22.2767 -69.6004 58.3677 -42.4303 0.0000 -0.0000 -6.4734 -72.4796 50.0451 -67.6166 7.1250 -0.0000 -0.0000 -10.8325 45.1149 -15.4105
19.2716 2.7655 4.5560 119.9380 88.5628 90.6742 0.0000 0.0000 0.0000 -12.8069 -1.5813 -98.3080 15.7451 19.5603 77.4713 1.9483 17.1398 26.1097 4.6737 13.0067 39.3934 0.0000 0.0000 0.0000 15.5028 5.5698 -102.7752 -21.8047 -19.9217 95.2831 0.6146 13.9746 7.9926 -0.5484 4.7440 -13.1797 -7.0490 -0.9163 39.4204 -0.6338 -1.1558 16.7460 3.3208 0.0917 -0.2811 10.2783 10.3875 -6.3427 -7.6272 13.3300 -9.7132 -3.9515 6.6220 -0.7787 -0.0000 -0.0000 0.0000 -8.6569 -63.5540 44.2287 28.3461 -39.4329 -10.3428 -0.0000 0.0000 -28.2323 -8.8236 46.1274 -6.3850 -7.1250 0.0000 -0.0000 -62.9406 65.5472 -37.3370 -0.0000 -0.0000 0.0000 72.9070 17.2283 22.0483 -74.1994 59.0353 -46.3606 0.0000 -0.0000 -8.1144 -70.2126 50.0240 -64.8506 7.1250 -0.0000 -0.0000 -10.0058 43.5244 -14.2235
19.2708 2.7658 4.5519 120.8350 88.3239 91.6023 0.0000 0.0000 0.0000 -13.0638 -1.6659 -98.2763 15.7417 19.5596 77.4613 1.9356 17.1541 26.0392 4.6736 13.0065 39.3928 0.0000 0.0000 0.0000 14.9495 5.7516 -102.8169 -21.7908 -19.9229 95.2424 0.6199 14.0613 8.1898 -0.5969 4.9458 -13.7540 -7.1084 -0.8491 39.5206 -0.6691 -1.0864 16.7593 3.2904 0.1323 -0.2988 10.1395 10.4669 -6.5495 -7.4806 13.4391 -9.7815 -3.8614 6.6802 -0.7783 0.0000 0.0000 0.0000 -8.6480 -63.7174 43.9502 28.4038 -39.4853 -10.3794 -0.0000 0.0000 -28.6614 -8.1892 46.1192 -5.9220 -7.1250 0.0000 -0.0000 -62.4214 65.7364 -37.1670 0.0000 0.0000 0.0000 70.7620 21.0723 21.4254 -78.7299 59.5146 -50.2557 0.0000 -0.0000 -8.3700 -69.9375 50.0008 -64.5111 7.1250 -0.0000 -0.0000 -9.9209 43.3216 -14.1009
19.2678 2.7652 4.5499 120.8260 88.3679 91.5830 0.0000 0.0000 0.0000 -13.0131 -1.6893 -98.2589 15.7345 19.5581 77.4397 1.9376 17.1886 26.0593 4.6617 12.9923 39.3398 0.0000 0.0000 0.0000 14.6620 6.0444 -102.6595 -21.7292 -19.9282 95.0617 0.6165 14.0582 8.3630 -0.5421 4.7173 -13.1041 -6.9185 -0.8600 39.6349 -0.6864 -1.0232 16.8019 3.1539 0.1832 -0.3012 10.7565 10.5639 -6.1984 -8.1463 13.5443 -10.1775 -4.2271 6.7288 -0.8643 -0.0000 -0.0000 0.0000 -8.3618 -63.8600 43.6095 28.4442 -39.5219 -10.4051 -0.0000 0.0000 -29.0473 -8.5615 46.1715 -6.1985 -7.1250 0.0000 -0.0000 -62.8145 65.6495 -37.3685 -0.0000 -0.0000 0.0000 68.4879 24.8728 20.5532 -84.6340 59.8909 -55.3546 0.0000 -0.0000 -7.8749 -70.1817 49.5060 -64.6441 7.1250 -0.0000 -0.0000 -10.3771 43.1718 -14.7564
19.2681 2.7623 4.5473 122.8850 88.6451 93.4876 0.0000 0.0000 0.0000 -12.6999 -1.6796 -98.1260 15.7445 19.5602 77.4694 1.9164 17.4287 25.9961 4.8257 13.1848 40.0642 0.0000 0.0000 0.0000 14.7314 6.2588 -102.4307 -21.6681 -19.9332 94.8823 0.6137 14.1127 8.7928 -0.5556 4.7747 -13.2670 -6.3987 -0.9461 39.8763 -0.6466 -0.9159 16.9249 2.8946 0.2799 -0.2710 11.4094 10.6914 -6.4568 -9.1274 13.5854 -10.2917 -4.2170 6.7543 -0.6477 0.0000 0.0000 0.0000 -7.7189 -64.2303 43.0920 28.4329 -39.5117 -10.3980 -0.0000 0.0000 -29.3716 -9.2375 46.2060 -6.6957 -7.1250 0.0000 -0.0000 -63.4136 65.4612 -37.6038 0.0000 0.0000 0.0000 65.9250 28.8335 19.2819 -91.6247 59.9900 -61.4070 0.0000 -0.0000 -7.7986 -68.8531 48.6591 -62.7425 7.1250 -0.0000 -0.0000 -10.4720 41.6871 -14.8823
19.2683 2.7644 4.5469 124.6820 88.4716 95.3551 0.0000 0.0000 0.0000 -12.9115 -1.7773 -98.1805 15.7374 19.5587 77.4483 1.9799 16.9963 26.2581 4.5890 12.9055 39.0156 0.0000 0.0000 0.0000 14.4052 6.5126 -102.4717 -21.5550 -19.9419 94.5507 0.6076 14.1771 9.3627 -0.6106 5.0012 -13.9120 -6.2998 -0.9533 39.9028 -0.6860 -0.8573 17.0409 2.7840 0.3258 -0.1583 11.4595 10.9262 -6.7723 -9.0546 13.8777 -10.1906 -4.1638 6.8982 -0.5465 0.0000 -0.0000 0.0000 -6.9236 -64.4980 42.4954 28.4864 -39.5602 -10.4320 -0.0000 0.0000 -29.5793 -9.2586 46.2095 -6.7115 -7.1250 0.0000 -0.0000 -63.4366 65.4565 -37.6162 0.0000 -0.0000 0.0000 62.9861 32.8465 17.8342 -99.5369 59.6535 -68.2496 0.0000 -0.0000 -9.0474 -68.3405 48.3273 -62.0020 7.1250 -0.0000 -0.0000 -10.5003 41.1015 -14.9160
19.2690 2.7695 4.5459 130.3640 88.3231 101.1380 0.0000 0.0000 0.0000 -13.0980 -1.9920 -98.1627 15.6904 19.5488 77.3080 1.9930 16.9280 26.3179 4.5459 12.8534 38.8223 0.0000 0.0000 0.0000 14.0371 6.5610 -102.5413 -21.5378 -19.9432 94.5004 0.6079 14.1889 9.4016 -0.6059 4.9824 -13.8584 -6.0627 -1.0479 39.9885 -0.7038 -0.8797 17.0497 2.6509 0.3383 -0.1839 11.8933 11.1470 -6.5392 -9.3615 14.1643 -10.4052 -4.3181 7.0400 -0.5652 0.0000 0.0000 0.0000 -6.7659 -64.6586 42.2999 28.5656 -39.6318 -10.4825 -0.0000 0.0000 -29.5123 -9.4296 46.0660 -6.8202 -7.1250 0.0000 -0.0000 -63.3074 65.3320 -37.3505 0.0000 0.0000 0.0000 59.6610 37.0849 16.2923 -106.6353 58.9281 -74.3548 0.0000 -0.0000 -9.6021 -69.2817 47.9531 -63.0085 7.1250 -0.0000 -0.0000 -11.1310 41.5038 -15.8304
19.2713 2.7709 4.5531 152.4620 88.6383 123.2300 0.0000 0.0000 0.0000 -12.5869 -2.2887 -98.1609 15.6700 19.5444 77.2468 2.0041 17.1341 26.4298 4.6105 12.9312 39.1115 0.0000 0.0000 0.0000 14.4778 6.4067 -102.5019 -21.5740 -19.9405 94.6064 0.5929 14.0043 9.2316 -0.6678 5.2258 -14.5538 -5.2860 -1.3405 40.0490 -0.5389 -0.9302 17.1399 2.4456 0.3593 -0.1338 12.0511 11.3197 -6.5256 -9.4389 14.3868 -10.2591 -4.3426 7.1491 -0.4856 0.0000 0.0000 0.0000 -6.6424 -64.8160 42.1190 28.6631 -39.7196 -10.5448 -0.0000 0.0000 -29.3290 -9.1948 46.1136 -6.6542 -7.1250 0.0000 -0.0000 -63.2089 65.4273 -37.3959 0.0000 0.0000 0.0000 55.9234 41.2743 14.5763 -113.3738 57.8315 -80.0949 0.0000 -0.0000 -9.9062 -70.0091 47.6014 -63.7740 7.1250 -0.0000 -0.0000 -11.6669 41.7847 -16.6077
19.2724 2.7715 4.5612 152.1810 88.4226 123.0550 0.0000 0.0000 0.0000 -12.8022 -2.3868 -98.2063 15.6501 19.5402 77.1873 1.9404 17.5851 26.1739 4.8177 13.1755 40.0289 0.0000 0.0000 0.0000 14.2593 6.4097 -102.6515 -21.5881 -19.9394 94.6479 0.5704 13.8732 9.5923 -0.6259 5.0625 -14.0869 -5.2378 -1.3405 39.9729 -0.5607 -0.9064 17.1408 2.3906 0.3771 -0.1142 12.1434 11.4866 -6.1458 -9.2786 14.6549 -10.1975 -4.3121 7.2833 -0.5081 0.0000 0.0000 0.0000 -6.7022 -64.9566 42.2745 28.7361 -39.7851 -10.5914 -0.0000 0.0000 -29.1663 -8.5181 45.9174 -6.1408 -7.1250 0.0000 -0.0000 -62.3090 65.5322 -36.8157 0.0000 0.0000 0.0000 52.1146 45.0112 12.6664 -119.3141 56.4900 -85.0876 0.0000 -0.0000 -10.0022 -70.3106 47.4737 -64.1006 7.1250 -0.0000 -0.0000 -11.8781 41.9172 -16.9147
19.2715 2.7691 4.5685 150.0650 88.3132 120.9550 0.0000 0.0000 0.0000 -12.9371 -2.3689 -98.2064 15.6373 19.5374 77.1492 1.9640 17.3914 26.2616 4.7669 13.1164 39.8058 0.0000 0.0000 0.0000 14.1613 6.4177 -102.6777 -21.5885 -19.9394 94.6488 0.5782 13.9552 9.6190 -0.6173 5.0283 -13.9894 -5.0868 -1.3077 40.0512 -0.6503 -0.8121 17.1237 2.1870 0.4459 -0.1693 13.6570 11.3198 -3.8389 -11.1140 14.5317 -12.2380 -5.2946 7.2492 -1.2104 0.0000 0.0000 0.0000 -6.5285 -65.2914 42.3675 28.7398 -39.7884 -10.5938 -0.0000 0.0000 -29.2659 -8.4346 45.9108 -6.0794 -7.1250 0.0000 -0.0000 -62.2300 65.5542 -36.7815 0.0000 0.0000 0.0000 47.8958 48.6523 10.1614 -124.3650 55.0299 -89.2643 0.0000 -0.0000 -9.7663 -69.4799 47.5520 -63.1043 7.1250 -0.0000 -0.0000 -11.4864 41.3692 -16.3422
19.2725 2.7693 4.5751 146.3380 88.3757 117.2180 0.0000 0.0000 0.0000 -12.8848 -2.2444 -98.2212 15.6409 19.5382 77.1599 1.9888 17.1809 26.3533 4.7030 13.0413 39.5233 0.0000 0.0000 0.0000 14.2824 6.5025 -102.6391 -21.5845 -19.9397 94.6373 0.5743 13.9176 9.6177 -0.5865 4.9032 -13.6328 -4.8323 -1.1991 40.2144 -0.6883 -0.5824 17.1208 1.9394 0.5882 -0.2441 16.4175 10.4977 0.4993 -14.9131 13.6542 -16.5996 -7.3789 6.9310 -2.7561 -0.0000 -0.0000 0.0000 -6.2814 -65.7756 42.2002 28.7027 -39.7551 -10.5701 -0.0000 0.0000 -29.2999 -8.6670 45.8920 -6.2462 -7.1250 0.0000 -0.0000 -62.3814 65.4740 -36.7980 -0.0000 -0.0000 0.0000 42.9139 52.1465 6.5618 -128.2190 53.6890 -92.3970 0.0000 -0.0000 -9.5491 -71.9461 47.9262 -66.2922 7.1250 -0.0000 -0.0000 -12.2205 43.4179 -17.4186
19.2720 2.7717 4.5795 150.4990 88.5268 121.3650 0.0000 0.0000 0.0000 -12.6777 -2.2291 -98.2692 15.6523 19.5406 77.1939 2.0265 17.0333 26.5349 4.5820 12.8970 38.9842 0.0000 0.0000 0.0000 14.6513 6.4051 -102.5932 -21.5853 -19.9396 94.6397 0.5776 13.8824 9.3450 -0.5795 4.8745 -13.5509 -4.4804 -1.1992 40.2866 -0.6685 -0.4253 17.2306 1.7291 0.6975 -0.1638 17.5215 10.3973 1.8944 -16.1183 13.6327 -17.8737 -8.0871 6.9635 -3.1726 -0.0000 0.0000 0.0000 -5.6025 -66.1840 41.4858 28.6924 -39.7459 -10.5635 -0.0000 0.0000 -29.4660 -8.9398 45.9831 -6.4542 -7.1250 0.0000 -0.0000 -62.7663 65.4381 -37.0571 -0.0000 0.0000 0.0000 37.6265 55.5857 2.3444 -131.7598 52.2606 -95.2245 0.0000 -0.0000 -9.7700 -73.4626 48.1867 -68.2784 7.1250 -0.0000 -0.0000 -12.6391 44.7082 -18.0221
19.2717 2.7735 4.5852 153.4750 88.5463 124.4010 0.0000 0.0000 0.0000 -12.5697 -2.2897 -98.3183 15.6431 19.5387 77.1665 2.0343 16.9415 26.5590 4.5145 12.8153 38.6810 0.0000 0.0000 0.0000 14.9678 6.2674 -102.7092 -21.5838 -19.9398 94.6352 0.5692 13.8494 9.5467 -0.5976 4.9487 -13.7624 -4.2366 -1.1972 40.3164 -0.6975 -0.3331 17.2193 1.5426 0.7643 -0.1981 18.0459 10.0493 3.2200 -16.7283 13.3082 -19.0393 -8.5468 6.8369 -3.6974 0.0000 0.0000 0.0000 -4.9812 -66.4237 41.2247 28.8307 -39.8698 -10.6520 -0.0000 0.0000 -29.6869 -8.7223 45.9574 -6.2932 -7.1250 0.0000 -0.0000 -62.5458 65.4909 -36.9502 0.0000 0.0000 0.0000 31.8174 58.5813 -2.3765 -135.2393 50.6507 -97.9465 0.0000 -0.0000 -10.7301 -74.6176 48.2517 -69.7585 7.1250 -0.0000 -0.0000 -13.0552 45.6167 -18.6171
19.2716 2.7727 4.5892 151.1950 88.5664 122.2170 0.0000 0.0000 0.0000 -12.5135 -2.2812 -98.4130 15.6376 19.5375 77.1500 2.0325 17.0618 26.5761 4.5952 12.9129 39.0432 0.0000 0.0000 0.0000 15.1698 6.1991 -102.8944 -21.5768 -19.9403 94.6147 0.5737 13.9459 9.7529 -0.5762 4.8608 -13.5120 -4.0491 -1.0939 40.2474 -0.6991 -0.1168 17.2944 1.3753 0.8895 -0.1093 18.5404 9.6481 5.2283 -17.5279 12.9967 -21.0755 -9.1916 6.7469 -4.5909 -0.0000 -0.0000 0.0000 -4.1648 -67.0114 40.6012 28.8382 -39.8765 -10.6568 -0.0000 0.0000 -29.8769 -8.9821 45.9573 -6.4822 -7.1250 0.0000 -0.0000 -62.7527 65.4120 -37.0125 -0.0000 -0.0000 0.0000 25.0713 61.1050 -8.4120 -138.4086 48.9850 -100.3683 0.0000 -0.0000 -11.9145 -75.7958 48.5633 -71.3438 7.1250 -0.0000 -0.0000 -13.2839 46.6908 -18.9321
19.2657 2.7751 4.5892 150.1720 88.1297 121.1900 0.0000 0.0000 0.0000 -12.9977 -2.5150 -98.2526 15.5966 19.5286 77.0275 2.0452 16.9756 26.6287 4.5552 12.8646 38.8638 0.0000 0.0000 0.0000 14.8271 5.7516 -103.0373 -21.5799 -19.9400 94.6237 0.6330 14.4415 9.4665 -0.5193 4.6185 -12.8236 -4.1358 -1.0782 40.3500 -0.7970 -0.1106 17.3217 1.3136 0.9046 -0.1054 16.4217 12.0052 -1.4335 -13.3850 15.5953 -13.0061 -6.4640 7.8016 -1.2635 -0.0000 -0.0000 0.0000 -3.4431 -67.3931 40.1370 28.9199 -39.9494 -10.7092 -0.0000 0.0000 -30.0041 -9.2238 46.1675 -6.6814 -7.1250 0.0000 -0.0000 -63.3314 65.4458 -37.5179 -0.0000 -0.0000 0.0000 19.3293 62.9350 -13.6336 -140.6604 47.6737 -102.0505 0.0000 -0.0000 -12.4523 -78.3533 47.8484 -74.4627 7.1250 -0.0000 -0.0000 -14.9223 48.2965 -21.2668
19.2718 2.7728 4.5900 140.5930 86.9353 111.5100 0.0000 0.0000 0.0000 -14.4831 -2.7289 -97.9167 15.5576 19.5201 76.9109 2.0591 16.5834 26.6220 4.4138 12.6916 38.2248 0.0000 0.0000 0.0000 13.5577 5.2493 -103.3037 -21.6941 -19.9311 94.9586 0.6531 14.6347 9.4874 -0.5838 4.8923 -13.6015 -5.0419 -0.8516 40.2697 -1.0908 -0.1236 17.4137 1.4740 0.8724 0.0549 14.8039 12.6486 -4.3184 -10.9144 16.2492 -9.8676 -5.1276 8.0671 -0.1784 -0.0000 -0.0000 0.0000 -2.9531 -67.7712 39.9084 28.9257 -39.9545 -10.7129 -0.0000 0.0000 -29.8579 -9.3101 46.1300 -6.7402 -7.1250 0.0000 -0.0000 -63.3304 65.4006 -37.4583 -0.0000 -0.0000 0.0000 13.7909 64.6469 -18.7944 -142.5794 46.4653 -103.4557 0.0000 -0.0000 -13.1108 -80.8161 47.3734 -77.6071 7.1250 -0.0000 -0.0000 -16.3965 50.0558 -23.3324
19.2808 2.7734 4.5848 135.5670 86.0793 106.3820 0.0000 0.0000 0.0000 -15.5888 -2.7583 -97.6780 15.5647 19.5217 76.9320 2.0270 16.4506 26.4077 4.3776 12.6466 38.0598 0.0000 0.0000 0.0000 12.6686 4.8915 -103.4353 -21.7804 -19.9238 95.2118 0.6977 14.9825 9.1842 -0.5475 4.7405 -13.1698 -5.6216 -0.6518 40.0547 -1.3753 -0.0242 17.6281 1.4443 0.9154 0.3778 14.2224 12.8328 -5.3484 -9.9740 16.4292 -8.7674 -4.6480 8.1444 0.1872 0.0000 0.0000 0.0000 -1.9986 -68.1689 39.1970 28.9776 -40.0008 -10.7463 -0.0000 0.0000 -29.8468 -9.1931 46.1929 -6.6617 -7.1250 0.0000 -0.0000 -63.3543 65.4680 -37.5651 0.0000 0.0000 0.0000 7.3147 65.5919 -25.1971 -144.4432 45.2057 -104.7928 0.0000 -0.0000 -14.9772 -80.9531 48.2752 -77.9573 7.1250 -0.0000 -0.0000 -15.6533 50.5860 -22.2287
19.2732 2.7762 4.5931 150.7930 87.7271 122.0200 0.0000 0.0000 0.0000 -13.5521 -2.6957 -98.3961 15.5543 19.5194 76.9008 1.9974 17.3667 26.4468 4.7411 13.0862 39.6921 0.0000 0.0000 0.0000 14.6294 5.3528 -103.4608 -21.6343 -19.9358 94.7832 0.6464 14.5374 9.3279 -0.5368 4.6947 -13.0398 -3.8776 -0.8952 40.1985 -1.0339 0.2552 17.4626 0.8158 1.1366 0.0779 14.1117 13.0261 -4.7319 -9.7872 16.7845 -9.1175 -4.6106 8.3347 -0.0006 -0.0000 0.0000 0.0000 -1.7999 -68.5771 38.9228 28.9412 -39.9684 -10.7229 -0.0000 0.0000 -29.5631 -9.6613 46.1138 -6.9949 -7.1250 0.0000 -0.0000 -63.5779 65.2860 -37.5069 -0.0000 0.0000 0.0000 2.0695 65.9271 -30.4270 -145.7835 44.2445 -105.7361 0.0000 -0.0000 -15.3583 -81.2361 48.1613 -78.3091 7.1250 -0.0000 -0.0000 -15.8770 50.7628 -22.5426
19.2740 2.7756 4.5940 150.7530 87.4452 122.0130 0.0000 0.0000 0.0000 -13.9190 -2.8132 -98.3289 15.5285 19.5137 76.8235 2.0576 16.8412 26.6700 4.5394 12.8455 38.7930 0.0000 0.0000 0.0000 14.3805 5.1728 -103.6080 -21.6532 -19.9343 94.8388 0.6350 14.4859 9.5798 -0.5527 4.7626 -13.2325 -3.9877 -0.8434 40.3031 -1.1211 0.2604 17.3433 0.7742 1.1386 -0.0821 15.3526 12.9411 -3.6150 -10.9667 16.7130 -9.0983 -5.1880 8.2964 0.0435 -0.0000 -0.0000 0.0000 -2.1605 -68.7290 39.3089 28.9196 -39.9492 -10.7091 -0.0000 0.0000 -29.5671 -9.2128 46.0356 -6.6587 -7.1250 0.0000 -0.0000 -63.0797 65.3822 -37.2340 -0.0000 -0.0000 0.0000 -2.1340 65.9256 -34.3006 -147.0313 43.3059 -106.5994 0.0000 -0.0000 -15.4316 -81.5614 48.0195 -78.7137 7.1250 -0.0000 -0.0000 -16.1460 50.9630 -22.9205
19.2734 2.7764 4.5916 149.1850 87.5000 120.4280 0.0000 0.0000 0.0000 -13.9375 -2.6895 -98.3485 15.5463 19.5176 76.8769 2.0248 16.8863 26.4918 4.5532 12.8622 38.8549 0.0000 0.0000 0.0000 14.4039 5.2271 -103.5676 -21.6534 -19.9343 94.8393 0.6499 14.5860 9.4026 -0.5531 4.7643 -13.2375 -4.0306 -0.7893 40.3127 -1.1670 0.3296 17.4303 0.7266 1.1786 0.0120 15.8315 13.1116 -3.0254 -11.5660 16.9826 -9.1855 -5.4429 8.4399 0.0597 0.0000 0.0000 0.0000 -1.7019 -68.7504 38.7132 28.9083 -39.9391 -10.7018 -0.0000 0.0000 -29.7589 -8.4034 46.1520 -6.0812 -7.1250 0.0000 -0.0000 -62.6528 65.6878 -37.2889 0.0000 0.0000 0.0000 -5.6949 65.7806 -37.4368 -147.9874 42.5572 -107.2507 0.0000 -0.0000 -14.7571 -82.7922 48.1093 -80.3583 7.1250 -0.0000 -0.0000 -16.5992 52.0080 -23.5108
19.2760 2.7740 4.5869 148.8340 87.6925 120.0530 0.0000 0.0000 0.0000 -13.8705 -2.5048 -98.4029 15.5525 19.5190 76.8953 1.9940 17.0067 26.3422 4.5921 12.9092 39.0295 0.0000 0.0000 0.0000 14.5709 5.3263 -103.5211 -21.6405 -19.9354 94.8015 0.6726 14.7580 9.2170 -0.5889 4.9131 -13.6609 -3.8668 -0.7683 40.4095 -1.2043 0.4441 17.5618 0.5671 1.2596 0.1242 15.8104 13.3244 -3.0584 -11.6013 17.2644 -9.0138 -5.4143 8.5840 0.1527 -0.0000 -0.0000 0.0000 -0.9607 -68.8507 37.8272 28.8610 -39.8969 -10.6715 -0.0000 0.0000 -29.8509 -8.6557 46.1336 -6.2632 -7.1250 0.0000 -0.0000 -62.8189 65.6014 -37.3101 -0.0000 -0.0000 0.0000 -8.7690 65.4053 -40.0959 -148.7846 41.9126 -107.7866 0.0000 -0.0000 -13.6351 -84.4548 48.0671 -82.5647 7.1250 -0.0000 -0.0000 -17.3764 53.3604 -24.5307
19.2777 2.7701 4.5834 147.5580 87.9260 118.7740 0.0000 0.0000 0.0000 -13.7728 -2.2716 -98.5214 15.5908 19.5274 77.0100 1.9527 17.2053 26.1511 4.7660 13.1153 39.8015 0.0000 0.0000 0.0000 14.8308 5.5057 -103.5165 -21.6152 -19.9373 94.7273 0.6563 14.6521 9.4344 -0.7378 5.4872 -15.3036 -3.6877 -0.7174 40.3816 -1.2336 0.6187 17.7782 0.3931 1.3730 0.3668 15.2692 13.4877 -3.1549 -11.1596 17.5042 -9.0281 -5.1923 8.7122 0.1018 0.0000 0.0000 0.0000 0.1518 -68.9348 36.6849 28.9310 -39.9593 -10.7164 -0.0000 0.0000 -30.1042 -9.4897 46.1560 -6.8743 -7.1250 0.0000 -0.0000 -63.5203 65.3593 -37.5565 0.0000 0.0000 0.0000 -11.9663 64.8667 -42.8404 -149.6657 41.1782 -108.3709 0.0000 -0.0000 -12.9023 -86.3657 48.2510 -85.1339 7.1250 -0.0000 -0.0000 -18.0525 55.0114 -25.3535
19.2771 2.7715 4.5807 147.2340 88.0376 118.4010 0.0000 0.0000 0.0000 -13.7678 -2.1441 -98.5246 15.6086 19.5312 77.0634 1.9643 17.0907 26.1904 4.6821 13.0166 39.4308 0.0000 0.0000 0.0000 14.9340 5.5119 -103.4328 -21.6053 -19.9381 94.6983 0.6745 14.7990 9.3328 -0.6277 5.0697 -14.1074 -3.6760 -0.6951 40.3886 -1.2322 0.6787 17.9060 0.3724 1.4112 0.5066 15.3026 13.5739 -3.2087 -11.2440 17.6072 -8.6666 -5.1890 8.7630 0.2420 0.0000 -0.0000 0.0000 0.6601 -68.7802 36.1877 29.0647 -40.0781 -10.8023 -0.0000 0.0000 -30.3549 -8.5891 46.1742 -6.2189 -7.1250 0.0000 -0.0000 -62.8419 65.6425 -37.3813 0.0000 -0.0000 0.0000 -14.3484 64.4557 -44.6322 -150.2343 40.6917 -108.7435 0.0000 -0.0000 -11.2897 -85.8559 48.1605 -84.4453 7.1250 -0.0000 -0.0000 -17.9148 54.5571 -25.1996
19.2757 2.7731 4.5776 149.6700 88.3786 120.7650 0.0000 0.0000 0.0000 -13.4624 -1.9702 -98.5395 15.6189 19.5335 77.0942 1.9786 17.0554 26.2650 4.6904 13.0264 39.4675 0.0000 0.0000 0.0000 15.3922 5.5968 -103.2881 -21.5894 -19.9393 94.6515 0.6711 14.7761 9.3725 -0.7191 5.4190 -15.1075 -3.3692 -0.6902 40.4932 -1.2034 0.8020 17.9391 0.2043 1.4964 0.5044 14.6921 13.7330 -2.3274 -10.6193 17.9739 -9.0504 -4.9900 8.9664 -0.0817 -0.0000 -0.0000 0.0000 0.8651 -68.8542 35.9093 29.1278 -40.1339 -10.8430 -0.0000 0.0000 -30.4530 -9.0934 45.9933 -6.5671 -7.1250 0.0000 -0.0000 -62.9073 65.3968 -37.1157 -0.0000 -0.0000 0.0000 -15.6765 63.9100 -45.5926 -150.9136 40.0973 -109.1837 0.0000 -0.0000 -9.3125 -84.9860 47.8643 -83.2526 7.1250 -0.0000 -0.0000 -17.8186 53.7262 -25.1356
19.2786 2.7732 4.5752 146.3680 88.2985 117.4680 0.0000 0.0000 0.0000 -13.5986 -1.9512 -98.5345 15.6193 19.5335 77.0953 1.9807 17.0155 26.2676 4.6942 13.0309 39.4842 0.0000 0.0000 0.0000 15.3613 5.5991 -103.3500 -21.6190 -19.9370 94.7384 0.6758 14.8157 9.3539 -0.8026 5.7177 -15.9674 -3.4413 -0.6306 40.5528 -1.2846 0.8438 17.9087 0.1398 1.5194 0.4554 14.2680 13.8928 -2.0777 -9.8892 18.2587 -8.7763 -4.7168 9.1093 -0.1214 0.0000 0.0000 0.0000 1.1048 -68.8918 35.9130 29.2145 -40.2105 -10.8989 -0.0000 0.0000 -30.6898 -8.9565 45.8158 -6.4482 -7.1250 0.0000 -0.0000 -62.4730 65.3469 -36.7064 0.0000 0.0000 0.0000 -16.7866 63.4327 -46.6744 -151.5156 39.5584 -109.5692 0.0000 -0.0000 -7.7543 -84.0401 48.3294 -82.0440 7.1250 -0.0000 -0.0000 -16.9340 53.1191 -23.9140
19.2804 2.7740 4.5769 148.3580 88.3092 119.4870 0.0000 0.0000 0.0000 -13.5660 -1.9832 -98.5764 15.6277 19.5353 77.1204 1.9863 16.9728 26.2895 4.6725 13.0052 39.3879 0.0000 0.0000 0.0000 15.5107 5.5398 -103.4253 -21.6295 -19.9362 94.7693 0.6733 14.7648 9.2187 -0.8093 5.7410 -16.0349 -3.4199 -0.6372 40.5159 -1.3357 0.8575 17.9720 0.0732 1.5350 0.5373 14.6767 13.9862 -1.5834 -10.2726 18.4244 -8.9024 -4.9049 9.1968 -0.1405 -0.0000 -0.0000 0.0000 1.6279 -68.8988 35.4389 29.2948 -40.2813 -10.9508 -0.0000 0.0000 -30.7459 -9.0007 45.8692 -6.4861 -7.1250 0.0000 -0.0000 -62.6059 65.3611 -36.8301 -0.0000 -0.0000 0.0000 -17.5191 63.1612 -47.2659 -152.2966 38.8418 -110.0629 0.0000 -0.0000 -7.0587 -82.3563 48.3364 -79.8158 7.1250 -0.0000 -0.0000 -16.1966 51.7480 -22.9470
19.2817 2.7768 4.5801 149.9620 88.3237 121.2030 0.0000 0.0000 0.0000 -13.5206 -2.0200 -98.6917 15.6257 19.5349 77.1144 1.9975 16.9701 26.3538 4.6547 12.9841 39.3089 0.0000 0.0000 0.0000 15.7184 5.5256 -103.5895 -21.6116 -19.9376 94.7167 0.6610 14.6792 9.3574 -0.9730 6.2796 -17.5978 -3.4459 -0.5947 40.5421 -1.3441 0.8987 17.9546 0.0629 1.5541 0.5104 14.9501 13.9888 -1.2367 -10.4983 18.4610 -9.0254 -5.0318 9.2177 -0.1783 0.0000 -0.0000 0.0000 1.9544 -68.9734 35.0751 29.3057 -40.2908 -10.9578 -0.0000 0.0000 -30.6344 -8.8517 45.9766 -6.3894 -7.1250 0.0000 -0.0000 -62.6843 65.4615 -37.0221 0.0000 -0.0000 0.0000 -17.8837 62.8802 -47.4999 -152.8578 38.3145 -110.4129 0.0000 -0.0000 -7.3534 -80.0966 48.3264 -76.8441 7.1250 -0.0000 -0.0000 -15.2462 49.9238 -21.6721
19.2808 2.7800 4.5801 147.1230 88.1861 118.4160 0.0000 0.0000 0.0000 -13.7295 -2.0314 -98.7034 15.6047 19.5304 77.0517 2.0112 16.8866 26.4138 4.6321 12.9571 39.2083 0.0000 0.0000 0.0000 15.6698 5.4577 -103.6944 -21.6152 -19.9373 94.7272 0.6740 14.8016 9.3676 -0.9976 6.3562 -17.8215 -3.6548 -0.5441 40.5121 -1.3838 0.8972 18.0016 0.1305 1.5443 0.5766 14.6793 13.9528 -1.4744 -10.4041 18.3840 -8.8121 -4.9480 9.1804 -0.1195 -0.0000 -0.0000 0.0000 2.4102 -69.0237 34.4873 29.2662 -40.2561 -10.9323 -0.0000 0.0000 -30.5856 -8.9591 46.0666 -6.4772 -7.1250 0.0000 -0.0000 -62.9354 65.4750 -37.2394 -0.0000 -0.0000 0.0000 -18.1207 62.6906 -47.5243 -153.1918 37.9957 -110.6192 0.0000 -0.0000 -7.9102 -79.3885 48.7712 -76.0117 7.1250 -0.0000 -0.0000 -14.5615 49.5762 -20.6970
19.2814 2.7795 4.5819 149.5710 88.1963 120.8220 0.0000 0.0000 0.0000 -13.6927 -2.0756 -98.6401 15.5920 19.5276 77.0136 2.0155 16.8748 26.4355 4.5988 12.9172 39.0592 0.0000 0.0000 0.0000 15.7800 5.3159 -103.6688 -21.6753 -19.9326 94.9036 0.6626 14.6468 9.1258 -0.8965 6.0345 -16.8846 -3.7145 -0.5670 40.5270 -1.3915 0.8653 18.0767 0.1652 1.5294 0.6586 14.5543 14.0317 -2.2417 -10.2747 18.3952 -8.0254 -4.7958 9.1755 0.2095 -0.0000 -0.0000 0.0000 2.7143 -68.9875 34.0677 29.2273 -40.2218 -10.9072 -0.0000 0.0000 -30.5295 -9.0844 46.0612 -6.5680 -7.1250 0.0000 -0.0000 -63.0250 65.4341 -37.2579 -0.0000 -0.0000 0.0000 -18.0639 62.6755 -47.3290 -152.9722 38.2057 -110.4837 0.0000 -0.0000 -8.3754 -80.0324 49.4568 -76.9783 7.1250 -0.0000 -0.0000 -14.2071 50.3990 -20.1517
19.2791 2.7791 4.5833 150.3290 88.1876 121.5630 0.0000 0.0000 0.0000 -13.6896 -2.0847 -98.6178 15.5963 19.5286 77.0265 2.0170 16.8874 26.4472 4.6249 12.9485 39.1759 0.0000 0.0000 0.0000 15.8307 5.2801 -103.6560 -21.6176 -19.9371 94.7343 0.6789 14.8435 9.3531 -0.8761 5.9673 -16.6895 -3.7864 -0.5713 40.4846 -1.4322 0.8426 18.1208 0.1687 1.5170 0.7230 14.4882 14.0390 -2.4315 -10.2470 18.3818 -7.8544 -4.7577 9.1667 0.2796 -0.0000 0.0000 0.0000 2.9089 -68.9046 33.8578 29.2295 -40.2238 -10.9086 -0.0000 0.0000 -30.6901 -9.5456 46.1853 -6.9185 -7.1250 0.0000 -0.0000 -63.6184 65.3572 -37.6325 -0.0000 0.0000 0.0000 -17.4108 62.7363 -46.7384 -152.6542 38.5069 -110.2864 0.0000 -0.0000 -9.9303 -79.3505 49.2642 -76.0629 7.1250 -0.0000 -0.0000 -14.1105 49.7823 -20.0381
19.2777 2.7765 4.5846 154.0370 88.2861 125.2120 0.0000 0.0000 0.0000 -13.5398 -2.0832 -98.5791 15.5897 19.5271 77.0067 2.0206 16.9147 26.4740 4.6018 12.9208 39.0727 0.0000 0.0000 0.0000 16.0672 5.2943 -103.6142 -21.5459 -19.9426 94.5241 0.6869 14.9879 9.6859 -0.8278 5.8046 -16.2186 -3.7409 -0.5610 40.4274 -1.3332 0.8944 18.2122 0.2369 1.5426 0.8385 14.8869 13.9477 -1.7644 -11.2879 18.2917 -8.3796 -5.1801 9.1403 0.1596 0.0000 -0.0000 0.0000 3.3872 -69.0396 33.3493 29.1675 -40.1690 -10.8686 -0.0000 0.0000 -30.8546 -9.4440 46.0690 -6.8310 -7.1250 0.0000 -0.0000 -63.3241 65.3291 -37.3601 0.0000 -0.0000 0.0000 -16.2946 62.7617 -45.7519 -152.2924 38.8456 -110.0603 0.0000 -0.0000 -12.2419 -78.6187 49.1337 -75.0946 7.1250 -0.0000 -0.0000 -13.9347 49.1539 -19.8077
19.2755 2.7735 4.5825 154.7740 88.3091 125.8370 0.0000 0.0000 0.0000 -13.5454 -2.0442 -98.4977 15.5986 19.5291 77.0335 2.0253 16.8324 26.4826 4.5725 12.8855 38.9415 0.0000 0.0000 0.0000 16.1164 5.2354 -103.5018 -21.5448 -19.9427 94.5209 0.6840 14.9626 9.6934 -0.8289 5.8084 -16.2296 -3.7744 -0.5530 40.4087 -1.3033 0.9135 18.3005 0.2825 1.5526 0.9430 14.8388 13.9316 -1.9595 -11.3224 18.2445 -8.1772 -5.1623 9.1143 0.2443 0.0000 0.0000 0.0000 3.6766 -69.0459 32.9772 29.0983 -40.1078 -10.8240 -0.0000 0.0000 -30.8911 -9.8921 46.0387 -7.1546 -7.1250 0.0000 -0.0000 -63.6230 65.1784 -37.4018 0.0000 0.0000 0.0000 -15.3795 62.8778 -45.2455 -151.7905 39.3084 -109.7439 0.0000 -0.0000 -13.6530 -77.4975 48.9880 -73.6239 7.1250 -0.0000 -0.0000 -13.6140 48.2194 -19.3741
19.2709 2.7720 4.5823 162.0400 88.4080 132.9590 0.0000 0.0000 0.0000 -13.3354 -2.0774 -98.3493 15.5871 19.5265 76.9989 2.0124 16.9643 26.4384 4.6584 12.9884 39.3251 0.0000 0.0000 0.0000 16.2767 5.1003 -103.3003 -21.5892 -19.9393 94.6511 0.6749 14.7948 9.2934 -0.7406 5.4976 -15.3333 -3.4948 -0.6306 40.5694 -1.3180 0.9193 18.2871 0.1185 1.5823 0.8765 14.9414 13.8543 -2.1382 -11.2141 18.1227 -7.9236 -5.1297 9.0445 0.3294 0.0000 -0.0000 0.0000 3.8198 -69.1709 33.0170 29.0569 -40.0712 -10.7973 -0.0000 0.0000 -30.8173 -10.0465 46.0951 -7.2742 -7.1250 0.0000 -0.0000 -63.8477 65.1602 -37.5581 0.0000 -0.0000 0.0000 -14.0203 62.9159 -44.2620 -151.1011 39.9307 -109.3043 0.0000 -0.0000 -14.6194 -78.0218 49.2954 -74.3650 7.1250 -0.0000 -0.0000 -13.5587 48.7762 -19.2776
19.2655 2.7698 4.5804 176.0800 88.5810 146.8140 0.0000 0.0000 0.0000 -12.8888 -2.1282 -98.1899 15.6004 19.5294 77.0388 1.9961 17.0762 26.3707 4.6896 13.0255 39.4640 0.0000 0.0000 0.0000 16.7703 5.0068 -103.0947 -21.5639 -19.9413 94.5767 0.6701 14.7644 9.3600 -0.8234 5.7895 -16.1748 -3.0583 -0.7779 40.7828 -1.2805 0.9027 18.2996 -0.0635 1.6100 0.8211 15.0781 13.7737 -1.7597 -11.3828 18.0530 -8.2723 -5.2462 9.0163 0.1890 0.0000 -0.0000 0.0000 3.8267 -69.2289 33.0324 29.0276 -40.0452 -10.7785 -0.0000 0.0000 -30.7430 -10.0472 46.0411 -7.2682 -7.1250 0.0000 -0.0000 -63.7498 65.1328 -37.4435 0.0000 -0.0000 0.0000 -13.0479 62.8218 -43.2593 -150.2873 40.6458 -108.7780 0.0000 -0.0000 -15.9180 -76.8419 49.0788 -72.8086 7.1250 -0.0000 -0.0000 -13.2783 47.7666 -18.9008
19.2661 2.7672 4.5784 195.3020 88.7906 165.8020 0.0000 0.0000 0.0000 -12.3821 -1.9883 -98.0923 15.6455 19.5392 77.1738 2.0079 16.9931 26.4192 4.6773 13.0109 39.4094 0.0000 0.0000 0.0000 17.3127 5.0223 -102.7791 -21.5478 -19.9425 94.5296 0.6558 14.6492 9.4427 -0.9285 6.1385 -17.1867 -2.6626 -0.8795 40.9986 -1.1893 0.9317 18.3319 -0.1822 1.6531 0.7880 15.1848 13.7751 -1.6865 -11.3760 18.0644 -8.2399 -5.2609 9.0204 0.1967 -0.0000 -0.0000 0.0000 3.7545 -69.2068 33.0978 28.9939 -40.0152 -10.7568 -0.0000 0.0000 -30.7197 -9.6715 45.8413 -6.9705 -7.1250 0.0000 -0.0000 -63.0892 65.1444 -36.9316 -0.0000 -0.0000 0.0000 -12.1014 62.6013 -42.2252 -149.5942 41.2387 -108.3238 0.0000 -0.0000 -17.9161 -75.8665 49.1513 -71.5884 7.1250 -0.0000 -0.0000 -12.8355 47.0695 -18.2761
19.2637 2.7688 4.5772 191.9240 88.7757 162.4610 0.0000 0.0000 0.0000 -12.5346 -1.9674 -98.1459 15.6393 19.5379 77.1553 2.0461 16.7497 26.5834 4.5290 12.8329 38.7460 0.0000 0.0000 0.0000 17.2111 5.0309 -102.8031 -21.5363 -19.9433 94.4958 0.6678 14.7395 9.3450 -0.8873 6.0045 -16.7975 -2.6945 -0.8774 40.9563 -1.2189 0.9223 18.3366 -0.1932 1.6477 0.8064 15.1692 13.7861 -1.7992 -11.2264 18.0722 -8.1957 -5.2060 9.0204 0.2102 0.0000 0.0000 0.0000 3.8721 -69.1923 33.0776 29.0157 -40.0346 -10.7708 -0.0000 0.0000 -30.7760 -9.3942 45.7972 -6.7639 -7.1250 0.0000 -0.0000 -62.7885 65.2053 -36.7724 0.0000 0.0000 0.0000 -11.5553 62.3856 -41.4906 -148.9108 41.8089 -107.8708 0.0000 -0.0000 -19.2216 -75.5063 49.0000 -71.0928 7.1250 -0.0000 -0.0000 -12.8174 46.7160 -18.2565
19.2619 2.7679 4.5769 204.2460 88.8590 174.6830 0.0000 0.0000 0.0000 -12.2345 -1.8819 -98.1257 15.6578 19.5418 77.2106 2.0717 16.6034 26.6986 4.4119 12.6893 38.2161 0.0000 0.0000 0.0000 17.5508 5.0921 -102.6480 -21.5048 -19.9456 94.4035 0.6615 14.6977 9.4193 -0.9198 6.1104 -17.1052 -2.4435 -0.9278 41.0602 -1.1624 0.9542 18.3406 -0.2742 1.6800 0.7766 15.3498 13.7476 -2.1360 -11.1897 17.9783 -7.7535 -5.1797 8.9617 0.3932 -0.0000 0.0000 0.0000 3.8180 -69.2218 33.0764 28.9987 -40.0196 -10.7599 -0.0000 0.0000 -30.7909 -9.9390 45.8825 -7.1702 -7.1250 0.0000 -0.0000 -63.3763 65.0849 -37.0821 -0.0000 0.0000 0.0000 -11.6107 62.5206 -41.3397 -148.3717 42.2489 -107.5098 0.0000 -0.0000 -20.4628 -72.8790 49.3843 -67.9126 7.1250 -0.0000 -0.0000 -11.4956 45.0051 -16.3668
19.2631 2.7690 4.5780 195.8070 88.8058 166.3130 0.0000 0.0000 0.0000 -12.4315 -1.9330 -98.1550 15.6437 19.5388 77.1684 2.0733 16.6080 26.7084 4.4224 12.7022 38.2636 0.0000 0.0000 0.0000 17.4021 5.0687 -102.7749 -21.5258 -19.9441 94.4651 0.6672 14.7406 9.3742 -0.9629 6.2479 -17.5055 -2.6334 -0.9116 40.9637 -1.1671 0.9168 18.3993 -0.1660 1.6495 0.8730 15.7459 13.6906 -2.4244 -11.4286 17.8520 -7.4237 -5.2712 8.8875 0.5787 0.0000 0.0000 0.0000 4.0693 -69.1339 32.7086 28.9969 -40.0179 -10.7587 -0.0000 0.0000 -30.8514 -10.1578 45.9250 -7.3347 -7.1250 0.0000 -0.0000 -63.6262 65.0407 -37.2235 0.0000 0.0000 0.0000 -12.0440 62.0966 -41.6193 -148.1630 42.4168 -107.3693 0.0000 -0.0000 -19.4506 -73.8208 48.6788 -68.8775 7.1250 -0.0000 -0.0000 -12.4064 45.2721 -17.6808
19.2621 2.7707 4.5785 171.8850 88.5133 142.5780 0.0000 0.0000 0.0000 -13.0424 -2.1226 -98.1688 15.6035 19.5301 77.0480 2.0408 16.7415 26.5512 4.5241 12.8269 38.7239 0.0000 0.0000 0.0000 16.7920 4.9925 -103.1014 -21.5356 -19.9434 94.4939 0.6796 14.8689 9.4444 -1.0635 6.5564 -18.4077 -3.1797 -0.7670 40.8459 -1.2290 0.8946 18.3755 0.0566 1.6009 0.8901 16.0522 13.6106 -2.3060 -11.6477 17.7497 -7.4187 -5.3902 8.8347 0.5979 0.0000 0.0000 0.0000 4.0465 -69.1532 32.6446 29.0300 -40.0473 -10.7800 -0.0000 0.0000 -30.8767 -9.7657 46.0017 -7.0580 -7.1250 0.0000 -0.0000 -63.4555 65.1978 -37.2934 0.0000 0.0000 0.0000 -12.5973 61.7747 -42.1556 -148.4928 42.1507 -107.5912 0.0000 -0.0000 -18.7862 -73.9084 48.9150 -69.0567 7.1250 -0.0000 -0.0000 -12.2579 45.4772 -17.4641
19.2595 2.7725 4.5809 163.8430 88.3308 134.5990 0.0000 0.0000 0.0000 -13.3692 -2.1483 -98.1211 15.5616 19.5210 76.9228 2.0192 16.8965 26.4617 4.5859 12.9017 39.0015 0.0000 0.0000 0.0000 16.4350 4.9352 -103.1435 -21.5499 -19.9423 94.5357 0.6923 14.9617 9.3265 -0.9423 6.1826 -17.3152 -3.4802 -0.6921 40.8213 -1.2473 0.8900 18.4145 0.1940 1.5809 0.9470 16.0315 13.4990 -2.1836 -11.5646 17.6194 -7.5762 -5.3929 8.7709 0.5052 0.0000 0.0000 0.0000 4.4934 -69.1131 32.2830 29.0986 -40.1081 -10.8242 -0.0000 0.0000 -31.2310 -9.6561 46.0223 -6.9804 -7.1250 0.0000 -0.0000 -63.4066 65.2413 -37.3113 0.0000 0.0000 0.0000 -13.0764 61.7441 -42.7039 -149.0079 41.7287 -107.9354 0.0000 -0.0000 -18.1953 -74.4953 48.9213 -69.7957 7.1250 -0.0000 -0.0000 -12.4830 45.9157 -17.7848
19.2631 2.7749 4.5846 159.6570 88.1009 130.5340 0.0000 0.0000 0.0000 -13.6778 -2.2377 -98.1491 15.5326 19.5146 76.8360 2.0052 17.0249 26.4107 4.6383 12.9645 39.2357 0.0000 0.0000 0.0000 16.1094 4.8091 -103.2911 -21.5854 -19.9396 94.6400 0.7016 14.9654 8.8992 -0.6777 5.2638 -14.6625 -3.7777 -0.6322 40.7048 -1.2362 0.8525 18.3917 0.3715 1.5350 0.9611 15.9501 13.3899 -1.7983 -11.4776 17.5281 -7.7855 -5.4043 8.7315 0.3565 -0.0000 0.0000 0.0000 4.2878 -69.0253 32.4379 29.1534 -40.1566 -10.8595 -0.0000 0.0000 -31.2999 -9.1938 45.9155 -6.6315 -7.1250 0.0000 -0.0000 -62.8444 65.3265 -36.9745 -0.0000 0.0000 0.0000 -13.9781 61.7751 -43.5542 -149.4693 41.3440 -108.2414 0.0000 -0.0000 -17.4391 -74.1709 49.0426 -69.4226 7.1250 -0.0000 -0.0000 -12.2606 45.7459 -17.4653
19.2695 2.7775 4.5844 156.1770 88.1006 127.1700 0.0000 0.0000 0.0000 -13.7568 -2.1690 -98.3037 15.5522 19.5189 76.8946 2.0090 16.9498 26.4153 4.6513 12.9800 39.2935 0.0000 0.0000 0.0000 16.1459 4.8334 -103.4461 -21.6255 -19.9365 94.7574 0.6908 14.8597 8.8661 -0.8460 5.8666 -16.3977 -3.8421 -0.5829 40.5701 -1.2744 0.8834 18.3835 0.3565 1.5435 0.9917 16.2362 13.3886 -1.2695 -11.6103 17.5927 -8.0838 -5.5268 8.7691 0.2313 -0.0000 0.0000 0.0000 4.0514 -68.9717 32.5694 29.1966 -40.1947 -10.8874 -0.0000 0.0000 -31.3259 -8.8520 45.8466 -6.3757 -7.1250 0.0000 -0.0000 -62.4460 65.3944 -36.7465 -0.0000 0.0000 0.0000 -14.4432 61.7493 -44.3457 -150.0792 40.8254 -108.6422 0.0000 -0.0000 -17.7354 -73.2270 49.3109 -68.3224 7.1250 -0.0000 -0.0000 -11.6859 45.2127 -16.6400
19.2759 2.7790 4.5852 153.4290 88.0888 124.5110 0.0000 0.0000 0.0000 -13.7870 -2.1343 -98.4102 15.5711 19.5231 76.9512 2.0032 16.9723 26.3874 4.6770 13.0106 39.4080 0.0000 0.0000 0.0000 16.1285 4.8620 -103.5742 -21.6408 -19.9353 94.8024 0.6970 14.9209 8.8914 -0.7734 5.6153 -15.6722 -3.8927 -0.5451 40.4848 -1.3112 0.9088 18.3829 0.3371 1.5524 1.0168 16.0555 13.5285 -1.1747 -11.1724 17.8136 -7.9213 -5.3604 8.8786 0.2304 0.0000 0.0000 0.0000 4.0619 -68.9575 32.5666 29.2420 -40.2347 -10.9167 -0.0000 0.0000 -31.5287 -8.7662 45.9268 -6.3219 -7.1250 0.0000 -0.0000 -62.5245 65.4619 -36.8958 0.0000 0.0000 0.0000 -15.0352 61.7984 -45.3700 -150.5944 40.3784 -108.9775 0.0000 -0.0000 -19.4623 -71.2971 49.9975 -66.1572 7.1250 -0.0000 -0.0000 -10.4293 44.2578 -14.8329
19.2755 2.7795 4.5850 152.0200 88.0220 123.1220 0.0000 0.0000 0.0000 -13.8514 -2.1638 -98.4021 15.5658 19.5219 76.9353 2.0055 16.9965 26.4059 4.6982 13.0356 39.5020 0.0000 0.0000 0.0000 16.0226 4.8003 -103.6187 -21.6735 -19.9327 94.8984 0.7170 15.0410 8.5065 -0.8170 5.7677 -16.1119 -3.9373 -0.5253 40.4599 -1.2991 0.9195 18.3869 0.3699 1.5538 1.0289 15.8531 13.5739 -1.3668 -10.7120 17.8674 -7.4032 -5.1609 8.8998 0.3547 -0.0000 -0.0000 0.0000 3.8435 -69.0300 32.5665 29.1664 -40.1680 -10.8679 -0.0000 0.0000 -31.2950 -9.5607 45.7849 -6.8834 -7.1250 0.0000 -0.0000 -62.8989 65.1488 -36.7863 -0.0000 -0.0000 0.0000 -15.3739 61.4767 -45.6164 -150.2639 40.6661 -108.7627 0.0000 -0.0000 -19.6946 -72.3812 49.2147 -67.2452 7.1250 -0.0000 -0.0000 -11.4346 44.5443 -16.2808
19.2770 2.7800 4.5846 154.3700 88.0795 125.4770 0.0000 0.0000 0.0000 -13.7458 -2.2016 -98.4178 15.5722 19.5233 76.9546 2.0176 16.9001 26.4535 4.5810 12.8958 38.9797 0.0000 0.0000 0.0000 16.2481 4.7612 -103.6788 -21.6712 -19.9329 94.8915 0.7002 14.8988 8.5906 -0.9725 6.2781 -17.5934 -3.8353 -0.5922 40.3590 -1.2909 0.8912 18.4739 0.3404 1.5481 1.1541 15.7665 13.8312 -1.6561 -10.4856 18.1823 -6.9237 -5.0139 9.0542 0.5481 -0.0000 0.0000 0.0000 4.1762 -68.9813 32.2529 29.1926 -40.1912 -10.8848 -0.0000 0.0000 -31.4263 -8.7003 45.9892 -6.2806 -7.1250 0.0000 -0.0000 -62.5870 65.5139 -37.0126 -0.0000 0.0000 0.0000 -15.8113 61.4953 -45.9377 -149.7063 41.1438 -108.3976 0.0000 -0.0000 -21.7616 -70.6203 49.5191 -65.1813 7.1250 -0.0000 -0.0000 -10.5338 43.4856 -14.9829
19.2742 2.7772 4.5856 151.5730 88.0686 122.5840 0.0000 0.0000 0.0000 -13.7690 -2.1234 -98.3086 15.5644 19.5216 76.9311 1.9916 17.0066 26.3284 4.6453 12.9729 39.2670 0.0000 0.0000 0.0000 16.1299 4.8078 -103.5336 -21.6736 -19.9327 94.8986 0.7124 14.9869 8.4351 -0.7987 5.7042 -15.9286 -3.9430 -0.5816 40.4238 -1.3226 0.8781 18.5295 0.3666 1.5408 1.2014 16.2094 13.8531 -1.6101 -10.6525 18.2106 -6.8835 -5.1154 9.0637 0.6107 0.0000 -0.0000 0.0000 4.1216 -68.8370 32.2318 29.2087 -40.2054 -10.8952 -0.0000 0.0000 -31.2863 -8.4828 46.0046 -6.1241 -7.1250 0.0000 -0.0000 -62.4422 65.5880 -36.9931 0.0000 -0.0000 0.0000 -16.2959 61.5712 -45.8973 -148.8874 41.8281 -107.8552 0.0000 -0.0000 -23.8764 -68.5840 48.8900 -62.5002 7.1250 -0.0000 -0.0000 -10.2061 41.6575 -14.4993
19.2726 2.7772 4.5860 149.7160 88.0810 120.7130 0.0000 0.0000 0.0000 -13.7870 -2.0697 -98.2883 15.5576 19.5201 76.9108 1.9960 17.0015 26.3522 4.6649 12.9962 39.3542 0.0000 0.0000 0.0000 16.1101 4.8907 -103.4801 -21.6899 -19.9314 94.9464 0.6956 14.8226 8.3846 -0.8099 5.7431 -16.0408 -3.9558 -0.5726 40.3923 -1.3552 0.8876 18.5522 0.3371 1.5473 1.2367 17.1927 13.6411 -2.1271 -11.2378 17.8246 -6.2538 -5.3726 8.8507 0.9736 -0.0000 -0.0000 0.0000 4.1480 -68.8314 32.1237 29.1717 -40.1727 -10.8713 -0.0000 0.0000 -31.1050 -9.2540 45.9207 -6.6759 -7.1250 0.0000 -0.0000 -62.9019 65.3110 -37.0000 -0.0000 -0.0000 0.0000 -15.7298 61.4527 -44.9374 -147.9884 42.5565 -107.2513 0.0000 -0.0000 -25.4766 -69.6397 48.3506 -63.5888 7.1250 -0.0000 -0.0000 -10.9969 42.0297 -15.6421
19.2699 2.7761 4.5864 154.5160 88.1651 125.4810 0.0000 0.0000 0.0000 -13.6084 -2.1360 -98.2631 15.5569 19.5200 76.9086 2.0046 17.0313 26.4088 4.6513 12.9800 39.2935 0.0000 0.0000 0.0000 16.2620 4.8543 -103.4293 -21.6930 -19.9311 94.9554 0.6951 14.7857 8.1746 -0.9740 6.2829 -17.6076 -3.7060 -0.6740 40.4442 -1.3727 0.8467 18.5299 0.2025 1.5474 1.1923 17.6916 13.5968 -1.7061 -11.6075 17.8130 -6.5780 -5.5886 8.8469 0.8907 -0.0000 -0.0000 0.0000 4.2216 -68.8327 32.2780 29.2382 -40.2314 -10.9142 -0.0000 0.0000 -31.2410 -8.8591 46.0492 -6.4025 -7.1250 0.0000 -0.0000 -62.8240 65.4965 -37.1785 -0.0000 -0.0000 0.0000 -14.9610 61.5363 -43.9794 -147.3098 43.0905 -106.7901 0.0000 -0.0000 -27.1665 -69.5941 47.9466 -63.3885 7.1250 -0.0000 -0.0000 -11.2607 41.7227 -16.0199
19.2673 2.7750 4.5869 156.3820 88.1323 127.3230 0.0000 0.0000 0.0000 -13.6041 -2.1830 -98.2389 15.5613 19.5209 76.9218 1.9922 17.0613 26.3447 4.6739 13.0069 39.3942 0.0000 0.0000 0.0000 16.2340 4.7884 -103.3946 -21.6572 -19.9340 94.8503 0.7078 14.9179 8.2597 -0.7979 5.7015 -15.9208 -3.6315 -0.6887 40.5032 -1.3600 0.8568 18.5180 0.1730 1.5596 1.1600 17.5665 13.5745 -1.6973 -11.4294 17.7907 -6.7270 -5.5322 8.8358 0.8122 -0.0000 -0.0000 0.0000 4.2500 -68.9403 32.2154 29.2184 -40.2139 -10.9014 -0.0000 0.0000 -31.0103 -9.3675 46.0363 -6.7715 -7.1250 0.0000 -0.0000 -63.2035 65.3356 -37.2723 -0.0000 -0.0000 0.0000 -14.2744 61.6270 -43.2082 -146.4990 43.7116 -106.2329 0.0000 -0.0000 -28.3854 -68.4842 47.9462 -62.0346 7.1250 -0.0000 -0.0000 -10.8171 40.9349 -15.3703
19.2693 2.7736 4.5868 155.9310 88.1652 126.8730 0.0000 0.0000 0.0000 -13.6089 -2.1510 -98.2630 15.5630 19.5213 76.9270 2.0003 16.9753 26.3712 4.6245 12.9480 39.1740 0.0000 0.0000 0.0000 16.2935 4.8234 -103.4053 -21.6503 -19.9346 94.8301 0.7027 14.8780 8.3150 -0.8130 5.7539 -16.0720 -3.7087 -0.6176 40.5589 -1.2707 0.9172 18.5062 0.2855 1.5779 1.1297 17.4264 13.6191 -1.5755 -11.5014 17.8670 -6.9776 -5.5481 8.8793 0.7254 -0.0000 0.0000 0.0000 4.3918 -69.0539 32.0175 29.1676 -40.1692 -10.8687 -0.0000 0.0000 -30.9722 -9.8841 45.9604 -7.1394 -7.1250 0.0000 -0.0000 -63.4740 65.1411 -37.2338 -0.0000 0.0000 0.0000 -13.9542 61.6069 -42.6769 -145.8283 44.2115 -105.7673 0.0000 -0.0000 -29.3973 -68.0240 47.9969 -61.4962 7.1250 -0.0000 -0.0000 -10.5993 40.6485 -15.0522
19.2686 2.7736 4.5859 157.7660 88.2248 128.6690 0.0000 0.0000 0.0000 -13.5175 -2.1306 -98.2482 15.5726 19.5234 76.9556 1.9943 17.0584 26.3561 4.6763 13.0097 39.4048 0.0000 0.0000 0.0000 16.4460 4.7683 -103.3657 -21.6590 -19.9339 94.8557 0.6925 14.8276 8.5954 -0.8875 6.0051 -16.7993 -3.5838 -0.6070 40.6427 -1.2066 0.9706 18.4692 0.2690 1.6101 1.0593 17.0558 13.6909 -1.4819 -11.1382 17.9923 -7.0771 -5.3984 8.9462 0.6278 0.0000 0.0000 0.0000 4.0766 -69.2199 32.1987 29.1326 -40.1382 -10.8461 -0.0000 0.0000 -30.9348 -9.6417 45.9951 -6.9668 -7.1250 0.0000 -0.0000 -63.3454 65.2318 -37.2500 0.0000 0.0000 0.0000 -14.2661 61.7002 -42.5166 -145.0659 44.7650 -105.2331 0.0000 -0.0000 -29.3337 -67.9643 47.0371 -61.0533 7.1250 -0.0000 -0.0000 -11.2128 39.9180 -15.9242
19.2684 2.7730 4.5870 157.7390 88.1482 128.5980 0.0000 0.0000 0.0000 -13.6273 -2.1323 -98.2092 15.5719 19.5232 76.9535 2.0032 17.0078 26.3953 4.6808 13.0151 39.4250 0.0000 0.0000 0.0000 16.5113 4.7136 -103.3865 -21.6449 -19.9350 94.8144 0.7018 14.9049 8.5391 -0.8970 6.0362 -16.8895 -3.5319 -0.5332 40.7564 -1.0791 1.0836 18.4319 0.3366 1.6653 0.9793 16.7350 13.6194 -1.3491 -10.9142 17.9258 -7.1601 -5.3147 8.9176 0.5240 -0.0000 0.0000 0.0000 3.9839 -69.5840 32.2158 29.1304 -40.1363 -10.8447 -0.0000 0.0000 -31.1006 -9.3510 46.0321 -6.7591 -7.1250 0.0000 -0.0000 -63.1829 65.3386 -37.2596 -0.0000 0.0000 0.0000 -14.1776 61.4197 -41.9565 -144.8850 44.8941 -105.1055 0.0000 -0.0000 -28.9990 -68.3663 46.8810 -61.4827 7.1250 -0.0000 -0.0000 -11.4804 40.0924 -16.3140
19.2698 2.7741 4.5852 159.6850 88.1191 130.6190 0.0000 0.0000 0.0000 -13.6361 -2.2135 -98.2959 15.5743 19.5238 76.9606 2.0294 16.8800 26.5167 4.5810 12.8958 38.9797 0.0000 0.0000 0.0000 16.6188 4.6459 -103.5298 -21.6396 -19.9354 94.7988 0.6998 14.8951 8.5876 -1.0071 6.3856 -17.9075 -3.5252 -0.5714 40.7269 -1.0244 1.0478 18.4650 0.4043 1.6445 1.0242 17.0370 13.5792 -1.6533 -11.1498 17.8175 -6.9308 -5.3958 8.8565 0.6754 -0.0000 0.0000 0.0000 4.2397 -69.5062 31.9683 29.1630 -40.1651 -10.8657 -0.0000 0.0000 -31.3161 -8.6288 45.8894 -6.2182 -7.1250 0.0000 -0.0000 -62.3461 65.4842 -36.7832 -0.0000 0.0000 0.0000 -14.3685 61.3820 -42.3484 -145.8137 44.2223 -105.7572 0.0000 -0.0000 -29.3493 -67.6853 47.0738 -60.7285 7.1250 -0.0000 -0.0000 -11.0744 39.7469 -15.7212
19.2715 2.7749 4.5881 158.2590 88.0426 129.2440 0.0000 0.0000 0.0000 -13.7526 -2.2411 -98.2995 15.5540 19.5193 76.9001 2.0247 16.9000 26.4944 4.5561 12.8658 38.8681 0.0000 0.0000 0.0000 16.4844 4.6053 -103.5780 -21.6604 -19.9338 94.8599 0.7122 14.9629 8.2840 -0.8843 5.9945 -16.7685 -3.7925 -0.5969 40.6240 -1.1241 0.9605 18.6597 0.4725 1.5957 1.2822 17.3835 13.7171 -2.2127 -11.3007 17.9116 -6.8553 -5.4289 8.8918 0.8393 0.0000 0.0000 0.0000 5.2215 -69.1244 31.0394 29.1907 -40.1895 -10.8836 -0.0000 0.0000 -31.3802 -8.7593 45.9737 -6.3219 -7.1250 0.0000 -0.0000 -62.6053 65.4880 -36.9937 0.0000 0.0000 0.0000 -15.8184 61.8871 -44.2690 -146.3840 43.7982 -106.1534 0.0000 -0.0000 -29.5654 -65.5266 47.9758 -58.5034 7.1250 -0.0000 -0.0000 -9.6198 38.9254 -13.6129
19.2701 2.7789 4.5891 156.8090 88.0116 127.9060 0.0000 0.0000 0.0000 -13.7946 -2.2306 -98.4360 15.5586 19.5203 76.9137 2.0455 16.7939 26.5897 4.5381 12.8439 38.7871 0.0000 0.0000 0.0000 16.5214 4.6321 -103.7010 -21.6432 -19.9351 94.8093 0.7102 14.9672 8.4373 -0.9851 6.3177 -17.7089 -3.8722 -0.5758 40.4761 -1.1227 0.9752 18.7428 0.5159 1.5971 1.4194 16.9792 13.7699 -2.5823 -10.8736 17.9473 -6.7355 -5.2208 8.9078 0.8567 0.0000 -0.0000 0.0000 5.4507 -69.0627 30.7192 29.2358 -40.2293 -10.9127 -0.0000 0.0000 -31.3374 -8.7645 46.0307 -6.3317 -7.1250 0.0000 -0.0000 -62.7146 65.5157 -37.1163 0.0000 -0.0000 0.0000 -16.1958 61.7992 -44.9642 -147.3848 43.0322 -106.8412 0.0000 -0.0000 -28.9991 -66.6679 48.0471 -59.8869 7.1250 -0.0000 -0.0000 -10.0267 39.7500 -14.2134
19.2742 2.7805 4.5880 154.5240 87.9264 125.6370 0.0000 0.0000 0.0000 -13.9706 -2.2135 -98.4435 15.5670 19.5222 76.9389 2.0386 16.7546 26.5414 4.5385 12.8444 38.7888 0.0000 0.0000 0.0000 16.3489 4.5820 -103.7406 -21.6776 -19.9324 94.9104 0.7322 15.1377 8.2131 -0.8384 5.8407 -16.3229 -3.9703 -0.5490 40.4554 -1.1331 0.9737 18.7411 0.5559 1.5893 1.4258 16.8669 13.7731 -2.6389 -10.7052 17.9504 -6.6333 -5.1498 8.9091 0.8689 0.0000 0.0000 0.0000 5.2976 -69.0175 30.8397 29.3430 -40.3235 -10.9820 -0.0000 0.0000 -31.4245 -9.0758 46.1547 -6.5719 -7.1250 0.0000 -0.0000 -63.1908 65.4843 -37.4555 0.0000 0.0000 0.0000 -16.0561 61.6441 -45.0790 -148.3662 42.2533 -107.5061 0.0000 -0.0000 -28.3655 -69.0956 47.8888 -62.7576 7.1250 -0.0000 -0.0000 -11.1008 41.3275 -15.7846
19.2723 2.7827 4.5871 157.1410 88.0023 128.2730 0.0000 0.0000 0.0000 -13.8117 -2.2647 -98.4633 15.5656 19.5219 76.9346 2.0549 16.6826 26.6194 4.4958 12.7925 38.5965 0.0000 0.0000 0.0000 16.4578 4.5452 -103.7199 -21.6636 -19.9335 94.8692 0.7251 15.0823 8.2827 -0.8104 5.7448 -16.0457 -3.8727 -0.5879 40.4265 -1.0902 0.9611 18.7497 0.5562 1.5860 1.4411 16.6482 13.8342 -2.7434 -10.4557 18.0287 -6.5276 -5.0318 8.9491 0.8812 -0.0000 0.0000 0.0000 5.1785 -68.9864 30.9380 29.3399 -40.3208 -10.9800 -0.0000 0.0000 -31.4182 -8.6911 46.1258 -6.2882 -7.1250 0.0000 -0.0000 -62.8324 65.5867 -37.3017 -0.0000 0.0000 0.0000 -16.5164 61.8563 -45.7854 -148.8712 41.8415 -107.8444 0.0000 -0.0000 -28.2182 -68.1815 48.4300 -61.8479 7.1250 -0.0000 -0.0000 -10.3674 41.0628 -14.7243
19.2771 2.7826 4.5868 156.5700 87.9545 127.7800 0.0000 0.0000 0.0000 -13.8632 -2.3096 -98.5193 15.5680 19.5224 76.9419 2.0364 16.8176 26.5427 4.5885 12.9048 39.0131 0.0000 0.0000 0.0000 16.3813 4.5280 -103.8235 -21.6803 -19.9322 94.9182 0.7330 15.1379 8.1630 -0.7319 5.4660 -15.2427 -3.9249 -0.5655 40.4145 -1.0575 0.9584 18.6956 0.6166 1.5743 1.3839 16.1928 13.8715 -2.7977 -9.9127 18.0979 -6.5226 -4.8120 8.9867 0.8032 -0.0000 -0.0000 0.0000 4.9192 -68.9812 31.1550 29.3563 -40.3352 -10.9906 -0.0000 0.0000 -31.4667 -8.5643 46.1993 -6.2034 -7.1250 0.0000 -0.0000 -62.8688 65.6628 -37.4290 -0.0000 -0.0000 0.0000 -16.8472 61.9544 -46.1795 -149.1978 41.5712 -108.0616 0.0000 -0.0000 -28.3417 -67.8527 48.9023 -61.6262 7.1250 -0.0000 -0.0000 -9.9148 41.1654 -14.0748
19.2788 2.7833 4.5838 152.7040 87.9353 123.9330 0.0000 0.0000 0.0000 -13.9368 -2.2480 -98.5601 15.5833 19.5257 76.9877 2.0365 16.7488 26.5283 4.5520 12.8608 38.8496 0.0000 0.0000 0.0000 16.3758 4.6320 -103.8791 -21.6844 -19.9318 94.9301 0.7150 14.9972 8.3444 -1.0287 6.4516 -18.1004 -4.0281 -0.5132 40.3530 -1.0937 0.9828 18.6944 0.6246 1.5791 1.4025 15.8027 13.8881 -2.5754 -9.4476 18.1789 -6.7988 -4.6567 9.0325 0.6135 -0.0000 0.0000 0.0000 4.7862 -68.9528 31.2769 29.3625 -40.3407 -10.9946 -0.0000 0.0000 -31.4900 -8.8580 46.2530 -6.4235 -7.1250 0.0000 -0.0000 -63.2010 65.6004 -37.6142 -0.0000 0.0000 0.0000 -16.8248 61.9558 -46.1593 -149.4711 41.3425 -108.2425 0.0000 -0.0000 -29.1975 -67.6929 48.8565 -61.4181 7.1250 -0.0000 -0.0000 -9.8843 41.0242 -14.0292
19.2813 2.7829 4.5844 154.9010 88.0085 126.0950 0.0000 0.0000 0.0000 -13.8849 -2.2191 -98.5295 15.5823 19.5255 76.9845 2.0240 16.8489 26.4788 4.6344 12.9599 39.2186 0.0000 0.0000 0.0000 16.4581 4.6182 -103.8293 -21.6952 -19.9310 94.9620 0.7250 15.0655 8.1704 -0.8531 5.8906 -16.4672 -3.9766 -0.5567 40.3136 -1.0798 0.9516 18.7230 0.6247 1.5657 1.4455 15.7841 13.8842 -2.1577 -9.4767 18.2354 -7.1512 -4.7065 9.0651 0.4522 0.0000 -0.0000 0.0000 4.6763 -68.8572 31.3137 29.3586 -40.3373 -10.9921 -0.0000 0.0000 -31.3983 -8.7959 46.1665 -6.3689 -7.1250 0.0000 -0.0000 -62.9911 65.5755 -37.4139 0.0000 -0.0000 0.0000 -16.9510 62.0852 -46.0253 -148.9882 41.7451 -107.9223 0.0000 -0.0000 -30.0237 -67.1638 48.6204 -60.6983 7.1250 -0.0000 -0.0000 -9.8396 40.4989 -13.9575
19.2757 2.7837 4.5846 156.9810 88.0741 128.1290 0.0000 0.0000 0.0000 -13.7341 -2.2360 -98.4803 15.5800 19.5250 76.9776 2.0211 16.8558 26.4634 4.5985 12.9169 39.0582 0.0000 0.0000 0.0000 16.5296 4.5984 -103.7264 -21.6648 -19.9334 94.8727 0.7341 15.1503 8.1770 -0.7790 5.6349 -15.7287 -3.9254 -0.5926 40.3225 -1.0261 0.9305 18.7476 0.6626 1.5557 1.4690 16.1093 13.7974 -2.3011 -9.6898 18.0841 -7.0068 -4.8016 8.9838 0.5495 -0.0000 0.0000 0.0000 4.4788 -68.8580 31.3825 29.2823 -40.2702 -10.9427 -0.0000 0.0000 -31.2478 -8.7339 46.1420 -6.3211 -7.1250 0.0000 -0.0000 -62.8965 65.5819 -37.3468 -0.0000 0.0000 0.0000 -17.0864 62.0102 -45.6928 -148.3379 42.2762 -107.4871 0.0000 -0.0000 -31.3962 -66.7034 48.2935 -60.0248 7.1250 -0.0000 -0.0000 -9.8779 39.9524 -14.0034
19.2723 2.7831 4.5849 155.9670 88.0784 127.0020 0.0000 0.0000 0.0000 -13.7213 -2.1953 -98.3467 15.5772 19.5244 76.9694 2.0158 16.8725 26.4366 4.6249 12.9485 39.1761 0.0000 0.0000 0.0000 16.6155 4.6171 -103.6238 -21.6469 -19.9348 94.8201 0.7272 15.0968 8.2471 -0.9271 6.1338 -17.1733 -3.9590 -0.5809 40.4411 -1.0457 0.9384 18.7623 0.6545 1.5635 1.4524 16.6028 13.7202 -2.5784 -9.9746 17.9190 -6.6782 -4.9216 8.8921 0.7413 0.0000 0.0000 0.0000 4.7041 -68.8416 31.3466 29.2830 -40.2708 -10.9432 -0.0000 0.0000 -31.2905 -8.4999 46.1542 -6.1518 -7.1250 0.0000 -0.0000 -62.7336 65.6594 -37.3168 0.0000 0.0000 0.0000 -16.9580 61.9634 -45.2809 -147.5929 42.8694 -106.9830 0.0000 -0.0000 -33.0314 -65.4792 48.1994 -58.5368 7.1250 -0.0000 -0.0000 -9.4567 39.0595 -13.3822
19.2755 2.7828 4.5836 152.7740 88.0090 123.8360 0.0000 0.0000 0.0000 -13.8805 -2.1708 -98.3467 15.5669 19.5222 76.9386 2.0037 16.8952 26.3724 4.6553 12.9847 39.3113 0.0000 0.0000 0.0000 16.5721 4.6759 -103.7037 -21.6672 -19.9332 94.8799 0.7135 14.9692 8.2456 -1.0310 6.4585 -18.1206 -4.0470 -0.5557 40.4397 -1.1095 0.9217 18.6997 0.6356 1.5496 1.3859 16.8912 13.7147 -2.4433 -10.2883 17.9152 -6.6619 -5.0554 8.8895 0.7822 -0.0000 0.0000 0.0000 4.4499 -68.7904 31.6082 29.2630 -40.2532 -10.9302 -0.0000 0.0000 -31.1778 -8.2572 46.1077 -5.9703 -7.1250 0.0000 -0.0000 -62.4541 65.7097 -37.1588 -0.0000 0.0000 0.0000 -16.4860 61.9278 -44.4680 -146.9775 43.3474 -106.5625 0.0000 -0.0000 -34.1305 -64.1840 47.5685 -56.7579 7.1250 -0.0000 -0.0000 -9.3404 37.7229 -13.1843
19.2682 2.7796 4.5877 155.1520 88.0291 126.1660 0.0000 0.0000 0.0000 -13.7840 -2.1898 -98.3297 15.5576 19.5201 76.9107 2.0336 16.7710 26.5166 4.5487 12.8568 38.8348 0.0000 0.0000 0.0000 16.5978 4.6455 -103.6038 -21.6755 -19.9326 94.9041 0.7283 15.0596 7.8979 -0.9121 6.0856 -17.0329 -3.8646 -0.5110 40.5306 -0.9690 1.0187 18.5654 0.6529 1.5985 1.1989 16.5236 13.6038 -2.2878 -9.9389 17.8041 -6.4147 -4.9204 8.8387 0.7529 0.0000 0.0000 0.0000 3.7637 -69.1566 32.3235 29.2845 -40.2722 -10.9442 -0.0000 0.0000 -31.1534 -8.2214 46.0852 -5.9421 -7.1250 0.0000 -0.0000 -62.3837 65.7091 -37.1020 0.0000 0.0000 0.0000 -15.6042 61.4825 -43.1288 -146.7204 43.5438 -106.3857 0.0000 -0.0000 -34.5939 -64.4464 46.9024 -56.7835 7.1250 -0.0000 -0.0000 -9.8573 37.3808 -13.9142
19.2710 2.7795 4.5889 154.4820 87.9602 125.5600 0.0000 0.0000 0.0000 -13.8740 -2.2168 -98.3883 15.5611 19.5209 76.9214 2.0277 16.7885 26.4865 4.5193 12.8211 38.7023 0.0000 0.0000 0.0000 16.5673 4.6541 -103.7282 -21.6793 -19.9323 94.9153 0.7180 14.9890 8.0889 -0.9813 6.3056 -17.6738 -3.8918 -0.5555 40.4515 -1.1185 0.9735 18.6616 0.5287 1.5891 1.3351 16.2282 13.7711 -2.9945 -9.4507 17.9452 -6.0416 -4.6641 8.9045 0.9128 -0.0000 -0.0000 0.0000 4.5383 -69.0378 31.6701 29.3098 -40.2944 -10.9605 -0.0000 0.0000 -31.1565 -8.3686 46.0551 -6.0461 -7.1250 0.0000 -0.0000 -62.4449 65.6487 -37.0732 -0.0000 -0.0000 0.0000 -15.7589 61.3781 -43.2410 -147.1727 43.1969 -106.6963 0.0000 -0.0000 -35.1893 -63.7602 46.4709 -55.7893 7.1250 -0.0000 -0.0000 -9.8356 36.5795 -13.8589
19.2748 2.7792 4.5899 153.5720 87.8717 124.6760 0.0000 0.0000 0.0000 -13.9481 -2.2590 -98.4090 15.5719 19.5233 76.9536 2.0196 16.7956 26.4413 4.5400 12.8463 38.7958 0.0000 0.0000 0.0000 16.5422 4.6417 -103.8186 -21.6630 -19.9336 94.8675 0.7180 15.0056 8.2095 -1.1136 6.7042 -18.8418 -3.9640 -0.5561 40.3993 -1.1901 0.9607 18.7192 0.4972 1.5855 1.4186 16.2186 13.7811 -2.6218 -9.7282 18.0083 -6.5642 -4.7872 8.9416 0.7355 -0.0000 -0.0000 0.0000 4.9488 -68.9992 31.2570 29.2942 -40.2807 -10.9504 -0.0000 0.0000 -31.1266 -8.9686 45.9512 -6.4716 -7.1250 0.0000 -0.0000 -62.7306 65.4130 -36.9962 -0.0000 -0.0000 0.0000 -15.8533 61.3016 -43.5069 -148.0933 42.4727 -107.3222 0.0000 -0.0000 -35.6884 -63.7062 46.3482 -55.6717 7.1250 -0.0000 -0.0000 -9.8863 36.4460 -13.9270
19.2771 2.7794 4.5894 149.3590 87.6885 120.4760 0.0000 0.0000 0.0000 -14.2302 -2.2432 -98.3880 15.5661 19.5220 76.9363 2.0246 16.7523 26.4602 4.5574 12.8673 38.8737 0.0000 0.0000 0.0000 16.2561 4.5763 -103.8500 -21.7217 -19.9288 95.0397 0.7219 15.0122 7.9903 -1.0101 6.3949 -17.9345 -4.0833 -0.4996 40.4411 -1.3387 0.9736 18.6515 0.3942 1.5940 1.3357 16.6282 13.7204 -2.4794 -10.1066 17.9285 -6.7158 -4.9699 8.8988 0.7326 -0.0000 -0.0000 0.0000 5.1467 -69.1600 31.3726 29.2939 -40.2804 -10.9502 -0.0000 0.0000 -31.3283 -9.2936 46.0635 -6.7208 -7.1250 0.0000 -0.0000 -63.1950 65.3719 -37.3127 -0.0000 -0.0000 0.0000 -15.2545 61.3320 -43.4194 -149.0313 41.7094 -107.9510 0.0000 -0.0000 -35.6676 -64.9612 46.6446 -57.2812 7.1250 -0.0000 -0.0000 -10.2266 37.5286 -14.4475
19.2843 2.7798 4.5903 149.5830 87.7328 120.6730 0.0000 0.0000 0.0000 -14.2049 -2.1989 -98.3812 15.5824 19.5255 76.9848 2.0188 16.7800 26.4334 4.5967 12.9147 39.0501 0.0000 0.0000 0.0000 16.2436 4.5108 -103.8007 -21.7510 -19.9263 95.1257 0.7363 15.1172 7.7499 -0.8295 5.8104 -16.2352 -3.9752 -0.4989 40.4457 -1.4065 1.0101 18.6415 0.2553 1.6264 1.3214 17.0291 13.6702 -2.1990 -10.4848 17.8872 -7.1335 -5.1718 8.8772 0.6323 -0.0000 0.0000 0.0000 5.5220 -69.2693 31.2394 29.4057 -40.3786 -11.0226 -0.0000 0.0000 -31.6205 -8.9105 46.2941 -6.4662 -7.1250 0.0000 -0.0000 -63.3193 65.6052 -37.7152 -0.0000 0.0000 0.0000 -14.6762 61.4202 -43.5539 -150.1934 40.7270 -108.7168 0.0000 -0.0000 -35.5722 -65.1933 46.5054 -57.4972 7.1250 -0.0000 -0.0000 -10.4077 37.5795 -14.7088
19.2881 2.7803 4.5893 152.0400 87.7300 123.2040 0.0000 0.0000 0.0000 -14.1522 -2.3001 -98.4671 15.5975 19.5288 77.0301 2.0121 16.8416 26.4084 4.6327 12.9579 39.2109 0.0000 0.0000 0.0000 16.3663 4.3898 -103.9421 -21.7461 -19.9267 95.1113 0.7465 15.2243 7.8564 -0.8054 5.7274 -15.9955 -3.9078 -0.5338 40.4744 -1.4034 0.9647 18.5286 0.2346 1.6020 1.1853 16.7922 13.5872 -2.0630 -10.3502 17.8046 -7.3373 -5.1316 8.8386 0.5071 -0.0000 -0.0000 0.0000 5.2897 -69.2336 31.5457 29.4816 -40.4449 -11.0718 -0.0000 0.0000 -31.8689 -8.7707 46.3574 -6.3707 -7.1250 0.0000 -0.0000 -63.3273 65.6798 -37.8183 -0.0000 -0.0000 0.0000 -13.9943 61.5373 -43.4119 -150.9512 40.0640 -109.2079 0.0000 -0.0000 -35.4585 -65.8630 46.7059 -58.3815 7.1250 -0.0000 -0.0000 -10.5605 38.1962 -14.9453
19.2862 2.7833 4.5903 152.7250 87.7115 124.0340 0.0000 0.0000 0.0000 -14.1671 -2.3450 -98.6236 15.5970 19.5287 77.0286 1.9964 16.9609 26.3455 4.6290 12.9534 39.1941 0.0000 0.0000 0.0000 16.4223 4.4037 -104.0988 -21.7392 -19.9273 95.0910 0.7299 15.1158 8.2068 -0.9034 6.0572 -16.9505 -4.0167 -0.5469 40.3684 -1.4279 0.8945 18.4838 0.2877 1.5524 1.1694 15.7858 13.7191 -1.4612 -9.6796 18.1154 -8.2309 -4.8810 9.0099 0.0309 0.0000 0.0000 0.0000 5.1649 -68.9983 31.7541 29.5389 -40.4949 -11.1090 -0.0000 0.0000 -31.9317 -8.8111 46.3517 -6.3996 -7.1250 0.0000 -0.0000 -63.3485 65.6646 -37.8157 0.0000 0.0000 0.0000 -13.5559 61.9853 -43.3915 -151.4861 39.5851 -109.5505 0.0000 -0.0000 -35.3984 -66.1982 46.7334 -58.7947 7.1250 -0.0000 -0.0000 -10.6813 38.4497 -15.1257
19.2884 2.7843 4.5873 149.6650 87.7982 121.0090 0.0000 0.0000 0.0000 -14.1207 -2.2362 -98.6755 15.6069 19.5308 77.0581 2.0080 16.8484 26.3864 4.6159 12.9377 39.1358 0.0000 0.0000 0.0000 16.5417 4.5323 -104.1480 -21.7320 -19.9279 95.0699 0.7443 15.2364 8.1208 -0.8795 5.9786 -16.7224 -4.1568 -0.4396 40.2941 -1.3976 0.9742 18.4886 0.3673 1.5758 1.1970 15.7356 13.5725 -1.9061 -9.7669 17.8489 -8.0693 -4.8789 8.8730 0.1226 -0.0000 -0.0000 0.0000 4.8502 -68.9832 31.8498 29.5158 -40.4748 -11.0940 -0.0000 0.0000 -31.8425 -8.7473 46.2711 -6.3445 -7.1250 0.0000 -0.0000 -63.1477 65.6434 -37.6270 -0.0000 -0.0000 0.0000 -13.2655 62.0891 -43.3336 -151.4533 39.6147 -109.5295 0.0000 -0.0000 -35.6087 -66.2727 46.7498 -58.8910 7.1250 -0.0000 -0.0000 -10.7017 38.5140 -15.1566
19.2875 2.7849 4.5852 149.7290 87.7631 121.0630 0.0000 0.0000 0.0000 -14.1833 -2.2628 -98.6541 15.5941 19.5281 77.0200 2.0363 16.7308 26.5231 4.5495 12.8578 38.8386 0.0000 0.0000 0.0000 16.4909 4.4469 -104.1571 -21.7764 -19.9242 95.2003 0.7321 15.1023 7.9489 -0.9305 6.1451 -17.2059 -4.1552 -0.4184 40.3519 -1.4415 0.9767 18.3824 0.3147 1.5768 1.0615 16.2323 13.4325 -1.6201 -10.3624 17.6712 -8.3719 -5.1595 8.7836 0.0713 0.0000 0.0000 0.0000 4.3636 -69.0753 32.3732 29.4944 -40.4561 -11.0801 -0.0000 0.0000 -31.7178 -9.1469 46.1989 -6.6286 -7.1250 0.0000 -0.0000 -63.3289 65.4851 -37.5671 0.0000 0.0000 0.0000 -12.0732 62.3837 -42.2455 -151.1801 39.8601 -109.3549 0.0000 -0.0000 -36.2700 -67.1667 46.5155 -59.8733 7.1250 -0.0000 -0.0000 -11.2197 38.9665 -15.9139
19.2743 2.7860 4.5851 149.5800 87.6591 120.9550 0.0000 0.0000 0.0000 -14.1040 -2.4845 -98.4834 15.5334 19.5148 76.8382 1.9691 17.1381 26.2297 4.6510 12.9796 39.2922 0.0000 0.0000 0.0000 16.2648 4.3670 -104.1511 -21.7573 -19.9258 95.1442 0.7644 15.3782 7.7627 -0.8983 6.0405 -16.9018 -4.2687 -0.3846 40.1938 -1.4626 0.9976 18.4591 0.3497 1.5814 1.1961 16.2580 13.3982 -2.2204 -10.3701 17.5385 -8.2226 -5.1248 8.7097 0.1945 0.0000 0.0000 0.0000 4.8441 -69.2140 31.9776 29.4494 -40.4167 -11.0509 -0.0000 0.0000 -31.6696 -9.3067 46.1923 -6.7447 -7.1250 0.0000 -0.0000 -63.4429 65.4332 -37.5909 0.0000 0.0000 0.0000 -11.9789 62.5066 -42.2261 -150.7423 40.2486 -109.0732 0.0000 -0.0000 -37.8517 -67.7276 45.9427 -60.3205 7.1250 -0.0000 -0.0000 -11.8175 38.9388 -16.7768
19.2791 2.7846 4.5849 148.6280 87.4613 119.9830 0.0000 0.0000 0.0000 -14.5575 -2.4076 -98.5766 15.5522 19.5189 76.8947 2.0515 16.5854 26.5783 4.4233 12.7033 38.2678 0.0000 0.0000 0.0000 15.8742 4.2363 -104.1747 -21.8011 -19.9220 95.2728 0.7893 15.5743 7.4367 -0.7553 5.5507 -15.4863 -4.3999 -0.3313 40.2579 -1.5156 0.9983 18.3605 0.3561 1.5749 1.0706 15.8876 13.3566 -2.9546 -10.1548 17.3875 -7.7431 -4.9528 8.6292 0.3807 -0.0000 0.0000 0.0000 4.3381 -69.3698 32.4805 29.4192 -40.3903 -11.0313 -0.0000 0.0000 -31.5567 -9.1304 46.1268 -6.6087 -7.1250 0.0000 -0.0000 -63.1823 65.4536 -37.4087 -0.0000 0.0000 0.0000 -10.0729 62.5761 -40.4341 -149.8682 41.0061 -108.5040 0.0000 -0.0000 -39.4358 -69.4832 45.3439 -62.2521 7.1250 -0.0000 -0.0000 -12.9496 39.7941 -18.4388
19.2825 2.7839 4.5836 148.7530 87.6172 120.0850 0.0000 0.0000 0.0000 -14.6735 -2.1324 -98.7379 15.5734 19.5236 76.9582 2.1104 16.2821 26.8528 4.3485 12.6103 37.9266 0.0000 0.0000 0.0000 16.0079 4.3872 -104.1373 -21.7910 -19.9229 95.2431 0.7699 15.4249 7.7241 -0.8232 5.7891 -16.1736 -4.3393 -0.2680 40.5118 -1.5413 1.0363 18.1091 0.2719 1.5922 0.7129 16.4911 13.1444 -2.4554 -10.8966 17.1323 -8.2087 -5.3206 8.5017 0.2602 0.0000 0.0000 0.0000 3.5481 -69.3158 33.5357 29.4707 -40.4354 -11.0647 -0.0000 0.0000 -31.4707 -8.9937 46.2114 -6.5181 -7.1250 0.0000 -0.0000 -63.2309 65.5381 -37.5573 0.0000 0.0000 0.0000 -7.6817 62.8350 -38.1895 -148.8036 41.8971 -107.7992 0.0000 -0.0000 -41.1482 -70.0734 45.5293 -63.0690 7.1250 -0.0000 -0.0000 -13.0856 40.3764 -18.6477
19.2730 2.7835 4.5845 149.3440 88.0719 120.6980 0.0000 0.0000 0.0000 -14.2374 -1.8648 -98.9166 15.5871 19.5266 76.9991 2.1411 16.1536 27.0026 4.2832 12.5280 37.6263 0.0000 0.0000 0.0000 16.3262 4.7606 -103.9496 -21.6940 -19.9311 94.9585 0.8023 15.7240 7.7736 -0.7603 5.5684 -15.5373 -4.1388 -0.2083 40.6071 -1.4855 1.1909 18.1714 0.1775 1.6826 0.7470 15.2193 13.4198 -2.6864 -9.9592 17.5434 -8.8996 -4.8762 8.7229 -0.0614 -0.0000 -0.0000 0.0000 4.4760 -69.2751 32.7751 29.5398 -40.4956 -11.1095 -0.0000 0.0000 -31.5159 -8.9338 46.4527 -6.5002 -7.1250 0.0000 -0.0000 -63.6343 65.6778 -38.0628 -0.0000 -0.0000 0.0000 -6.8000 62.7673 -37.0699 -146.9841 43.3423 -106.5670 0.0000 -0.0000 -42.3223 -70.2900 45.5929 -63.3673 7.1250 -0.0000 -0.0000 -13.1378 40.5869 -18.7272
19.2733 2.7832 4.5822 147.8520 87.9584 119.2230 0.0000 0.0000 0.0000 -14.4058 -1.8868 -98.9341 15.5966 19.5286 77.0276 2.1397 16.0753 26.9791 4.2625 12.5018 37.5311 0.0000 0.0000 0.0000 16.1531 4.8390 -103.9894 -21.6940 -19.9311 94.9584 0.7706 15.4581 7.9698 -0.8801 5.9807 -16.7285 -4.2587 -0.1765 40.5716 -1.5252 1.2051 18.2389 0.1953 1.6883 0.8363 15.2131 13.3575 -3.9593 -10.1295 17.2754 -8.2740 -4.8226 8.5754 0.3069 -0.0000 -0.0000 0.0000 5.0563 -69.3409 32.3056 29.4849 -40.4478 -11.0739 -0.0000 0.0000 -31.3686 -9.5848 46.3952 -6.9714 -7.1250 0.0000 -0.0000 -64.0374 65.4504 -38.0919 -0.0000 -0.0000 0.0000 -5.8554 62.6136 -35.4958 -144.7272 45.0059 -104.9941 0.0000 -0.0000 -42.8728 -71.8012 45.3095 -65.1820 7.1250 -0.0000 -0.0000 -13.9851 41.5547 -19.9766
19.2724 2.7825 4.5812 145.9440 88.0207 117.3530 0.0000 0.0000 0.0000 -14.3603 -1.8096 -98.9986 15.6002 19.5294 77.0381 2.1150 16.1887 26.8605 4.2715 12.5132 37.5725 0.0000 0.0000 0.0000 15.9470 4.9898 -103.9009 -21.6582 -19.9339 94.8533 0.8008 15.7142 7.8154 -0.7222 5.4304 -15.1404 -4.2430 -0.0893 40.5473 -1.5006 1.3226 18.2537 0.1759 1.7471 0.8567 15.0903 13.3240 -4.5269 -10.2375 17.1552 -8.1872 -4.8032 8.5119 0.4075 -0.0000 0.0000 0.0000 5.4918 -69.4880 32.0935 29.5473 -40.5022 -11.1144 -0.0000 0.0000 -31.2760 -9.1855 46.3919 -6.6782 -7.1250 0.0000 -0.0000 -63.7182 65.5704 -37.9909 -0.0000 0.0000 0.0000 -5.9129 62.3378 -34.4808 -142.0299 46.8202 -103.0562 0.0000 -0.0000 -43.6095 -70.7317 44.0771 -63.3190 7.1250 -0.0000 -0.0000 -14.3080 39.8270 -20.4232
19.2732 2.7823 4.5809 147.3580 87.9417 118.8020 0.0000 0.0000 0.0000 -14.4508 -1.8869 -99.0198 15.5959 19.5285 77.0255 2.1161 16.1575 26.8603 4.2563 12.4939 37.5024 0.0000 0.0000 0.0000 15.7863 4.9585 -103.9402 -21.6756 -19.9326 94.9044 0.7904 15.6043 7.6528 -0.7255 5.4425 -15.1750 -4.2828 -0.0897 40.6081 -1.4770 1.2889 18.1618 0.2275 1.7225 0.7366 14.5599 13.3258 -4.9262 -9.7332 17.1464 -8.0690 -4.5602 8.5093 0.4087 -0.0000 -0.0000 0.0000 5.1748 -69.4767 32.5512 29.5971 -40.5455 -11.1468 -0.0000 0.0000 -31.0949 -8.8110 46.4420 -6.4091 -7.1250 0.0000 -0.0000 -63.5176 65.7099 -38.0105 -0.0000 -0.0000 0.0000 -5.7182 62.6033 -32.5773 -138.0179 49.2013 -100.0730 0.0000 -0.0000 -43.3282 -69.3307 43.4099 -61.2348 7.1250 -0.0000 -0.0000 -14.0815 38.2140 -20.0507
19.2736 2.7799 4.5789 142.8270 88.0248 114.3190 0.0000 0.0000 0.0000 -14.4233 -1.7460 -99.1178 15.6007 19.5295 77.0398 2.1121 16.2200 26.8502 4.3213 12.5761 37.8018 0.0000 0.0000 0.0000 15.8108 5.2003 -103.9619 -21.6522 -19.9344 94.8358 0.7953 15.6677 7.8419 -0.8241 5.7920 -16.1821 -4.3372 -0.0024 40.6200 -1.4817 1.3604 18.1090 0.2247 1.7504 0.6734 14.2398 13.3724 -4.7920 -9.4645 17.2589 -8.5722 -4.4683 8.5747 0.1966 0.0000 -0.0000 0.0000 5.1105 -69.4776 32.7048 29.6101 -40.5569 -11.1553 -0.0000 0.0000 -30.9330 -8.6829 46.3479 -6.3054 -7.1250 0.0000 -0.0000 -63.2405 65.7019 -37.7771 0.0000 -0.0000 0.0000 -4.9362 62.7542 -29.9044 -133.1656 51.6362 -96.3315 0.0000 -0.0000 -42.5965 -68.7671 43.6196 -60.6117 7.1250 -0.0000 -0.0000 -13.7001 37.9381 -19.4845
19.2767 2.7796 4.5794 147.4830 88.0212 118.9520 0.0000 0.0000 0.0000 -14.3825 -1.8629 -99.0767 15.5905 19.5273 77.0092 2.1237 16.2313 26.9186 4.3439 12.6045 37.9054 0.0000 0.0000 0.0000 15.8096 5.1171 -103.9333 -21.6488 -19.9347 94.8258 0.7879 15.5821 7.6517 -0.6896 5.3089 -14.7918 -4.1396 -0.1031 40.6691 -1.5008 1.3095 18.1047 0.1192 1.7431 0.6526 14.1880 13.1934 -4.7517 -9.6497 17.0205 -8.8922 -4.5511 8.4587 0.0855 -0.0000 0.0000 0.0000 5.0941 -69.5618 32.7577 29.5635 -40.5163 -11.1249 -0.0000 0.0000 -30.5167 -9.2487 45.9721 -6.6778 -7.1250 0.0000 -0.0000 -62.9919 65.3389 -37.1078 -0.0000 0.0000 0.0000 -4.7415 62.6582 -27.3792 -127.4625 53.9690 -91.7863 0.0000 -0.0000 -42.1753 -67.4573 43.5837 -58.9484 7.1250 -0.0000 -0.0000 -13.1316 36.9056 -18.6207
19.2788 2.7819 4.5802 149.1050 87.7930 120.5780 0.0000 0.0000 0.0000 -14.6001 -2.0187 -99.0139 15.5859 19.5263 76.9955 2.1290 16.2013 26.9430 4.3542 12.6174 37.9528 0.0000 0.0000 0.0000 15.5889 5.0045 -104.0134 -21.6863 -19.9317 94.9359 0.7714 15.4247 7.5911 -0.8117 5.7494 -16.0590 -4.1567 -0.1324 40.6398 -1.5007 1.2951 18.1876 0.1363 1.7425 0.7550 14.3746 13.0836 -5.0324 -10.0670 16.8135 -8.9790 -4.6943 8.3524 0.1376 -0.0000 0.0000 0.0000 5.3171 -69.6981 32.5132 29.5905 -40.5398 -11.1425 -0.0000 0.0000 -30.3184 -9.3745 45.7244 -6.7413 -7.1250 0.0000 -0.0000 -62.6408 65.1737 -36.6144 -0.0000 0.0000 0.0000 -4.6129 62.3642 -24.6089 -121.5539 55.8814 -86.9486 0.0000 -0.0000 -41.4727 -63.4657 42.3251 -53.4403 7.1250 -0.0000 -0.0000 -12.0292 32.8975 -16.8395
19.2792 2.7809 4.5818 149.6390 87.7399 121.0780 0.0000 0.0000 0.0000 -14.6268 -2.0581 -98.9642 15.5825 19.5256 76.9854 2.1319 16.1918 26.9577 4.3225 12.5776 37.8073 0.0000 0.0000 0.0000 15.4760 5.0133 -103.9703 -21.6710 -19.9329 94.8909 0.7851 15.5560 7.6528 -0.7611 5.5714 -15.5458 -4.0446 -0.1441 40.7789 -1.5314 1.3039 18.0965 0.0374 1.7579 0.6117 14.6483 12.9212 -4.9390 -10.4207 16.5797 -9.1054 -4.8619 8.2326 0.1173 0.0000 -0.0000 0.0000 5.0896 -69.8654 32.9700 29.6086 -40.5555 -11.1543 -0.0000 0.0000 -30.2948 -8.9765 45.6947 -6.4496 -7.1250 0.0000 -0.0000 -62.2683 65.2781 -36.4559 0.0000 -0.0000 0.0000 -4.5008 62.2825 -21.5923 -114.4627 57.6135 -81.0155 0.0000 -0.0000 -39.8257 -59.9379 41.5323 -48.8809 7.1250 -0.0000 -0.0000 -10.8259 29.7277 -14.9327
19.2822 2.7821 4.5841 150.3670 87.8294 121.8330 0.0000 0.0000 0.0000 -14.5455 -2.0055 -99.0362 15.5950 19.5283 77.0227 2.1479 16.1128 27.0336 4.3153 12.5685 37.7740 0.0000 0.0000 0.0000 15.5225 5.1117 -103.9670 -21.6760 -19.9325 94.9055 0.7870 15.5602 7.5089 -0.7489 5.5275 -15.4195 -3.9187 -0.0836 40.8441 -1.4040 1.4104 18.0192 0.0679 1.8082 0.4989 14.5832 12.6650 -4.5717 -10.8939 16.2631 -9.6936 -5.0656 8.0884 -0.1048 0.0000 0.0000 0.0000 4.6716 -70.1358 33.3677 29.5997 -40.5478 -11.1485 -0.0000 0.0000 -30.1970 -8.7863 45.7066 -6.3131 -7.1250 0.0000 -0.0000 -62.1375 65.3417 -36.4350 0.0000 0.0000 0.0000 -4.9735 62.1610 -18.6466 -106.4198 58.9564 -74.1702 0.0000 -0.0000 -38.1457 -57.5341 40.1797 -45.4002 7.1250 -0.0000 -0.0000 -10.3484 26.8522 -14.0592
19.2812 2.7831 4.5839 158.5450 88.0395 130.0780 0.0000 0.0000 0.0000 -14.1556 -2.1140 -99.1458 15.6038 19.5302 77.0488 2.1684 16.0965 27.1472 4.2858 12.5313 37.6383 0.0000 0.0000 0.0000 15.8367 5.1368 -104.0131 -21.6765 -19.9325 94.9070 0.7777 15.4753 7.5145 -0.9159 6.0979 -17.0688 -3.4687 -0.1927 40.7252 -1.2673 1.4660 18.1264 -0.0293 1.8610 0.6425 14.5384 12.5087 -4.8802 -11.2907 15.9976 -9.7564 -5.1762 7.9590 -0.0693 0.0000 0.0000 0.0000 5.1786 -70.4078 32.8615 29.5587 -40.5121 -11.1219 -0.0000 0.0000 -29.9993 -8.5718 45.6738 -6.1544 -7.1250 0.0000 -0.0000 -61.9056 65.3893 -36.3139 0.0000 0.0000 0.0000 -6.0935 62.0748 -16.2504 -97.4348 59.7901 -66.4342 0.0000 -0.0000 -36.1144 -54.9283 39.5223 -42.1900 7.1250 -0.0000 -0.0000 -9.4155 24.5715 -12.5977
19.2821 2.7820 4.5850 163.0890 88.0439 134.6370 0.0000 0.0000 0.0000 -14.0436 -2.2045 -99.1510 15.5893 19.5270 77.0057 2.1558 16.2401 27.1039 4.3646 12.6304 38.0002 0.0000 0.0000 0.0000 15.8557 5.1411 -104.0311 -21.6803 -19.9322 94.9181 0.7705 15.4305 7.7303 -0.9503 6.2080 -17.3893 -3.2370 -0.2442 40.8297 -1.2186 1.4946 18.1287 -0.1082 1.8932 0.6110 14.4045 12.3962 -5.9087 -11.1732 15.7315 -8.9706 -5.0440 7.8053 0.2690 0.0000 -0.0000 0.0000 5.9016 -70.6115 32.5053 29.5457 -40.5008 -11.1134 -0.0000 0.0000 -29.8953 -9.0159 45.7413 -6.4832 -7.1250 0.0000 -0.0000 -62.3847 65.2904 -36.5636 0.0000 -0.0000 0.0000 -7.2436 62.1297 -13.6619 -87.6402 59.9789 -57.9565 0.0000 -0.0000 -33.1510 -51.8794 38.8371 -38.6315 7.1250 -0.0000 -0.0000 -8.2509 22.0958 -10.8321
19.2824 2.7827 4.5851 162.5990 88.0103 134.1230 0.0000 0.0000 0.0000 -14.1053 -2.1969 -99.1262 15.5940 19.5281 77.0197 2.1604 16.1756 27.1175 4.3021 12.5518 37.7133 0.0000 0.0000 0.0000 15.7067 5.2048 -103.9535 -21.6587 -19.9339 94.8548 0.7759 15.4853 7.7775 -0.8524 5.8881 -16.4602 -3.1666 -0.2367 40.8021 -1.1711 1.5444 18.1784 -0.1080 1.9240 0.6722 13.9168 12.2536 -6.7746 -10.8082 15.4766 -8.2334 -4.8077 7.6656 0.5213 -0.0000 -0.0000 0.0000 5.9626 -70.7514 32.5135 29.5137 -40.4729 -11.0926 -0.0000 0.0000 -29.6032 -8.5047 45.5536 -6.0935 -7.1250 0.0000 -0.0000 -61.6329 65.3466 -36.0452 -0.0000 -0.0000 0.0000 -8.3935 62.3546 -10.7477 -77.9134 59.4407 -49.5523 0.0000 -0.0000 -31.0405 -49.3326 38.2404 -35.7705 7.1250 -0.0000 -0.0000 -7.2552 20.0952 -9.3646
19.2831 2.7776 4.5927 194.0200 88.4178 165.1060 0.0000 0.0000 0.0000 -13.0214 -2.0355 -98.8812 15.6124 19.5321 77.0748 2.1873 16.3008 27.2946 4.3661 12.6323 38.0073 0.0000 0.0000 0.0000 16.7669 5.2605 -103.3261 -21.6471 -19.9348 94.8208 0.7346 15.0889 7.6412 -0.9872 6.3240 -17.7274 -2.1724 -0.4954 41.1692 -0.9097 1.6477 18.3750 -0.3758 2.0521 0.7747 13.4761 12.0931 -7.5363 -10.6199 15.2100 -7.7645 -4.6498 7.5245 0.6990 -0.0000 0.0000 0.0000 6.6027 -70.8700 31.8721 29.4900 -40.4522 -11.0772 -0.0000 0.0000 -29.3655 -7.8778 45.3424 -5.6211 -7.1250 0.0000 -0.0000 -60.7414 65.4234 -35.4492 -0.0000 0.0000 0.0000 -9.9875 62.7104 -8.3109 -69.2225 58.3043 -42.1086 0.0000 -0.0000 -28.9627 -47.5688 38.1092 -34.0249 7.1250 -0.0000 -0.0000 -6.4459 19.0562 -8.2385
19.2804 2.7800 4.5915 171.9000 88.0506 143.4620 0.0000 0.0000 0.0000 -13.9720 -2.2318 -99.2115 15.5507 19.5186 76.8901 2.1805 16.2836 27.2527 4.3185 12.5726 37.7891 0.0000 0.0000 0.0000 15.9543 5.2680 -103.9785 -21.6304 -19.9361 94.7720 0.7571 15.3204 7.8401 -1.1016 6.6690 -18.7383 -2.6126 -0.3284 41.0589 -1.0060 1.6774 18.2803 -0.2633 2.0370 0.7041 13.3101 11.8673 -8.2387 -10.7705 14.8402 -7.4304 -4.6475 7.3277 0.8683 0.0000 -0.0000 0.0000 7.1631 -71.1844 31.2696 29.4870 -40.4496 -11.0753 -0.0000 0.0000 -29.1708 -7.3122 45.2442 -5.2065 -7.1250 0.0000 -0.0000 -60.1010 65.5410 -35.1032 0.0000 -0.0000 0.0000 -10.2030 63.1011 -5.4073 -62.2855 56.8888 -36.2492 0.0000 -0.0000 -26.5867 -46.2107 40.3404 -34.0303 7.1250 -0.0000 -0.0000 -4.9717 20.6876 -6.4261
19.2794 2.7846 4.5943 168.8640 87.8676 140.7070 0.0000 0.0000 0.0000 -14.2896 -2.3398 -99.4339 15.5117 19.5100 76.7734 2.1922 16.2555 27.3136 4.3080 12.5593 37.7406 0.0000 0.0000 0.0000 15.6652 5.3202 -104.2929 -21.5766 -19.9403 94.6141 0.7873 15.6156 8.0242 -0.9671 6.2611 -17.5440 -2.5860 -0.2581 40.8783 -0.9602 1.8217 18.4606 -0.2641 2.1205 0.9557 12.7347 11.5858 -9.3684 -10.5154 14.4031 -6.9215 -4.4484 7.0970 1.0827 -0.0000 0.0000 0.0000 8.4728 -71.5976 29.7479 29.4564 -40.4229 -11.0555 -0.0000 0.0000 -28.9693 -7.1432 45.1387 -5.0763 -7.1250 0.0000 -0.0000 -59.7711 65.5347 -34.8419 -0.0000 0.0000 0.0000 -10.8443 63.3719 -3.3779 -57.1984 55.5160 -32.0207 0.0000 -0.0000 -24.6964 -44.5725 41.5735 -33.1747 7.1250 -0.0000 -0.0000 -3.7364 21.1621 -4.8411
19.2758 2.7833 4.5990 168.7460 88.2056 140.4640 0.0000 0.0000 0.0000 -14.0394 -1.9939 -99.4195 15.5366 19.5155 76.8478 2.1951 16.2719 27.3331 4.3460 12.6072 37.9152 0.0000 0.0000 0.0000 15.8098 5.6851 -104.0075 -21.5377 -19.9432 94.5000 0.7731 15.5160 8.2511 -0.8798 5.9798 -16.7257 -2.4079 -0.0998 41.2108 -0.8501 2.1096 18.5289 -0.3395 2.2846 0.9339 12.1320 11.2532 -10.0581 -10.2808 13.9529 -6.4652 -4.2808 6.8655 1.2177 -0.0000 -0.0000 0.0000 8.7709 -71.8779 29.0330 29.4327 -40.4022 -11.0401 -0.0000 0.0000 -28.6902 -7.5631 44.9352 -5.3574 -7.1250 0.0000 -0.0000 -59.7511 65.2973 -34.5285 -0.0000 -0.0000 0.0000 -10.3125 63.9790 -1.0487 -53.7329 54.3944 -29.1830 0.0000 -0.0000 -23.7785 -42.3789 42.2152 -31.5120 7.1250 -0.0000 -0.0000 -2.4708 20.8273 -3.1901
19.2743 2.7849 4.5999 172.6370 88.1051 144.3420 0.0000 0.0000 0.0000 -14.0645 -2.1058 -99.3845 15.5275 19.5135 76.8207 2.2022 16.1972 27.3589 4.2967 12.5451 37.6886 0.0000 0.0000 0.0000 15.7538 5.6032 -104.0376 -21.5357 -19.9434 94.4942 0.8031 15.7698 8.1340 -1.0056 6.3809 -17.8937 -2.0536 -0.1624 41.4414 -0.7819 2.1879 18.5490 -0.4795 2.3580 0.8906 11.1290 10.7683 -11.1077 -9.6344 13.3241 -5.6612 -3.9224 6.5429 1.4383 0.0000 0.0000 0.0000 8.9191 -72.1805 28.4007 29.4568 -40.4232 -11.0557 -0.0000 0.0000 -28.6046 -8.3970 45.0252 -5.9615 -7.1250 0.0000 -0.0000 -60.5964 65.0970 -34.9221 0.0000 0.0000 0.0000 -8.8842 64.3944 1.4671 -51.7719 53.6856 -27.5957 0.0000 -0.0000 -22.6911 -41.1832 42.2780 -30.4803 7.1250 -0.0000 -0.0000 -1.8876 20.3812 -2.4278
19.2824 2.7844 4.6006 182.8650 87.9846 154.5050 0.0000 0.0000 0.0000 -13.8561 -2.3166 -99.3202 15.5213 19.5121 76.8022 2.2044 16.2765 27.3867 4.3193 12.5736 37.7927 0.0000 0.0000 0.0000 15.9704 5.4285 -103.9678 -21.5669 -19.9410 94.5857 0.7570 15.3424 8.0352 -0.9989 6.3603 -17.8333 -1.4309 -0.3469 41.6475 -0.7026 2.2394 18.6568 -0.7309 2.4451 0.9558 10.3335 10.3718 -12.0917 -9.3009 12.8140 -4.8106 -3.6792 6.2726 1.7212 0.0000 -0.0000 0.0000 9.5683 -72.5961 27.2949 29.4432 -40.4113 -11.0469 -0.0000 0.0000 -28.5796 -8.0579 44.7999 -5.6968 -7.1250 0.0000 -0.0000 -59.9190 65.0754 -34.3763 0.0000 -0.0000 0.0000 -7.7455 64.6445 3.3630 -50.5233 53.2044 -26.5926 0.0000 -0.0000 -21.4153 -40.5847 43.2025 -30.3889 7.1250 -0.0000 -0.0000 -1.2761 21.0489 -1.6496
19.2879 2.7868 4.6025 174.6620 87.6617 146.4560 0.0000 0.0000 0.0000 -14.4137 -2.4945 -99.3812 15.4925 19.5057 76.7158 2.2177 16.1961 27.4465 4.2782 12.5217 37.6035 0.0000 0.0000 0.0000 15.4060 5.3108 -104.2246 -21.6039 -19.9382 94.6940 0.7769 15.5087 7.9115 -0.9221 6.1179 -17.1268 -1.4424 -0.3184 41.8382 -0.7881 2.2762 18.5881 -0.8356 2.4754 0.8300 10.0960 9.9767 -12.2601 -9.2910 12.3046 -4.5905 -3.6716 6.0127 1.7541 0.0000 0.0000 0.0000 9.7566 -72.8670 27.0161 29.6153 -40.5614 -11.1586 -0.0000 0.0000 -28.7898 -6.9358 44.6613 -4.8873 -7.1250 0.0000 -0.0000 -58.7434 65.3334 -33.8094 0.0000 0.0000 0.0000 -6.5699 64.9134 5.3420 -49.5022 52.7928 -25.7772 0.0000 -0.0000 -20.0960 -40.0684 44.1722 -30.3754 7.1250 -0.0000 -0.0000 -0.6851 21.7895 -0.8905
19.2943 2.7912 4.6031 173.5640 87.6313 145.4640 0.0000 0.0000 0.0000 -14.4819 -2.5144 -99.4847 15.4998 19.5074 76.7377 2.2034 16.2287 27.3717 4.2962 12.5444 37.6862 0.0000 0.0000 0.0000 15.3277 5.4390 -104.3494 -21.6337 -19.9359 94.7817 0.7532 15.3231 8.1583 -1.0554 6.5322 -18.3368 -1.2646 -0.2914 42.0609 -0.7556 2.3580 18.4391 -0.9324 2.5220 0.6025 9.5377 9.6933 -12.3118 -8.8456 11.9926 -4.1789 -3.4703 5.8612 1.7948 -0.0000 0.0000 0.0000 9.1368 -73.0088 27.4874 29.8325 -40.7494 -11.3001 -0.0000 0.0000 -28.9225 -6.3631 44.4255 -4.4634 -7.1250 0.0000 -0.0000 -57.8462 65.3717 -33.1838 -0.0000 0.0000 0.0000 -5.6891 64.9644 7.9917 -48.7570 52.4817 -25.1848 0.0000 -0.0000 -18.5859 -40.2724 41.5976 -29.3566 7.1250 -0.0000 -0.0000 -1.6957 19.3255 -2.1621
19.3051 2.7936 4.6046 177.5630 87.4630 149.5040 0.0000 0.0000 0.0000 -14.5204 -2.6712 -99.5443 15.5079 19.5092 76.7621 2.2217 16.1706 27.4640 4.2837 12.5286 37.6286 0.0000 0.0000 0.0000 15.2235 5.3822 -104.3669 -21.6827 -19.9320 94.9252 0.7398 15.1584 7.8275 -0.9622 6.2457 -17.4990 -1.0044 -0.4067 42.1607 -0.6249 2.3549 18.5346 -0.9240 2.5445 0.6802 8.9116 9.4373 -12.8044 -8.4648 11.7009 -3.8142 -3.2586 5.7158 1.8933 -0.0000 0.0000 0.0000 9.4723 -73.0157 26.8299 30.1511 -41.0226 -11.5087 -0.0000 0.0000 -28.6914 -5.6911 43.8928 -3.9524 -7.1250 0.0000 -0.0000 -56.3442 65.2644 -31.9443 -0.0000 0.0000 0.0000 -6.3291 64.8878 9.5135 -48.1471 52.2203 -24.7019 0.0000 -0.0000 -17.9643 -39.1238 41.5975 -28.3686 7.1250 -0.0000 -0.0000 -1.1483 18.8632 -1.4581
19.3162 2.8027 4.6050 184.4460 87.2137 156.5050 0.0000 0.0000 0.0000 -14.5112 -2.9117 -99.6765 15.5199 19.5118 76.7979 2.2485 16.0782 27.5978 4.2437 12.4778 37.4440 0.0000 0.0000 0.0000 15.3979 5.1583 -104.5054 -21.7384 -19.9274 95.0886 0.6861 14.6560 7.8632 -0.9686 6.2659 -17.5578 -0.6962 -0.6329 42.1589 -0.4710 2.2191 18.5935 -0.8701 2.4947 0.7424 9.2664 9.4276 -12.6365 -8.8478 11.6569 -3.7495 -3.4331 5.6824 1.9311 -0.0000 0.0000 0.0000 9.1776 -72.8054 26.6719 30.6239 -41.4222 -11.8202 -0.0000 0.0000 -27.9223 -5.6619 43.4078 -3.8975 -7.1250 0.0000 -0.0000 -55.4878 64.9862 -30.9890 -0.0000 0.0000 0.0000 -8.0393 64.7551 11.0792 -47.8396 52.0861 -24.4591 0.0000 -0.0000 -17.8855 -37.6780 42.1882 -27.4129 7.1250 -0.0000 -0.0000 -0.2625 18.8915 -0.3333
19.3275 2.8101 4.6048 182.6980 87.1681 155.1310 0.0000 0.0000 0.0000 -14.7065 -2.9757 -100.0656 15.5153 19.5108 76.7841 2.2705 16.0017 27.7073 4.2390 12.4718 37.4223 0.0000 0.0000 0.0000 15.0385 5.3165 -104.8825 -21.7489 -19.9265 95.1193 0.7118 14.8880 7.7648 -0.8950 6.0299 -16.8711 -0.7790 -0.6390 42.1129 -0.4340 2.1708 18.5641 -0.7731 2.4552 0.7188 8.9921 9.4750 -13.1000 -8.3474 11.7235 -3.3426 -3.2084 5.7159 2.0774 0.0000 -0.0000 0.0000 8.8438 -72.5250 26.4159 31.0394 -41.7678 -12.0961 -0.0000 0.0000 -27.2065 -6.0220 42.9438 -4.1108 -7.1250 0.0000 -0.0000 -55.0241 64.6026 -30.1972 0.0000 -0.0000 0.0000 -10.1238 64.6290 12.6477 -47.3992 51.8912 -24.1122 0.0000 -0.0000 -17.6910 -37.0836 43.9940 -27.6994 7.1250 -0.0000 -0.0000 0.6244 20.4520 0.8033
19.3317 2.8186 4.6061 189.0940 87.2678 161.5760 0.0000 0.0000 0.0000 -14.3984 -2.9354 -100.1630 15.5275 19.5135 76.8206 2.2736 16.0449 27.7327 4.3094 12.5612 37.7472 0.0000 0.0000 0.0000 15.1534 5.4749 -104.8382 -21.7462 -19.9267 95.1116 0.7158 14.9314 7.8066 -0.9228 6.1203 -17.1337 -0.2080 -0.7930 42.5091 -0.4498 2.1950 18.4388 -1.1038 2.5094 0.4788 8.8645 9.3967 -13.6174 -7.8018 11.5952 -2.6929 -3.0004 5.6477 2.2955 0.0000 -0.0000 0.0000 9.0341 -72.5189 26.2906 31.5110 -42.1538 -12.4114 -0.0000 0.0000 -27.0928 -6.2557 42.8685 -4.2650 -7.1250 0.0000 -0.0000 -55.1029 64.4896 -30.1167 0.0000 -0.0000 0.0000 -10.7843 64.2622 15.5026 -47.1643 51.7858 -23.9274 0.0000 -0.0000 -17.0670 -37.3601 43.8260 -27.8641 7.1250 -0.0000 -0.0000 0.4387 20.3913 0.5641
19.3372 2.8226 4.6057 192.7200 87.4333 165.3170 0.0000 0.0000 0.0000 -14.1766 -2.8275 -100.3598 15.5408 19.5164 76.8604 2.2833 16.0135 27.7814 4.3088 12.5604 37.7445 0.0000 0.0000 0.0000 15.3790 5.6874 -104.9056 -21.7505 -19.9264 95.1241 0.7089 14.8724 7.8542 -1.0070 6.3853 -17.9065 -0.0661 -0.8318 42.7216 -0.3069 2.2311 18.5090 -1.0391 2.5359 0.4985 9.3046 9.4656 -13.6639 -8.4438 11.6353 -2.8469 -3.2543 5.6500 2.3283 -0.0000 0.0000 0.0000 9.2666 -72.1965 25.8787 32.0890 -42.6180 -12.8010 -0.0000 0.0000 -27.0222 -5.3730 42.9949 -3.6698 -7.1250 0.0000 -0.0000 -54.5440 64.8218 -30.1201 -0.0000 0.0000 0.0000 -11.7136 64.1290 17.9379 -47.4311 51.9054 -24.1373 0.0000 -0.0000 -16.0696 -37.5005 43.9942 -28.0569 7.1250 -0.0000 -0.0000 0.4317 20.6089 0.5560
19.3414 2.8281 4.6102 192.3040 87.4937 164.9960 0.0000 0.0000 0.0000 -14.1772 -2.7437 -100.4772 15.5518 19.5188 76.8933 2.2975 15.9356 27.8468 4.2763 12.5192 37.5944 0.0000 0.0000 0.0000 15.4650 5.8619 -104.9647 -21.7625 -19.9254 95.1593 0.6861 14.6635 7.9156 -1.0278 6.4488 -18.0922 -0.3009 -0.8206 42.7382 -0.1392 2.2031 18.7154 -0.7238 2.5084 0.7166 9.0649 9.5684 -14.1124 -8.5653 11.7864 -2.7417 -3.2199 5.7163 2.4354 0.0000 -0.0000 0.0000 10.3309 -71.7902 24.7915 32.4725 -42.9207 -13.0615 -0.0000 0.0000 -27.1657 -4.8063 43.0997 -3.2881 -7.1250 0.0000 -0.0000 -54.2244 65.0509 -30.1653 0.0000 -0.0000 0.0000 -11.6832 64.3803 20.2596 -47.8919 52.1091 -24.5004 0.0000 -0.0000 -13.6657 -38.3056 45.2400 -29.2874 7.1250 -0.0000 -0.0000 0.5062 22.1296 0.6596
19.3423 2.8337 4.6182 179.9530 87.3836 152.9470 0.0000 0.0000 0.0000 -14.7444 -2.7475 -100.6628 15.5151 19.5107 76.7834 2.3039 16.0159 27.8969 4.3262 12.5822 37.8240 0.0000 0.0000 0.0000 15.1406 5.9373 -105.3557 -21.7680 -19.9249 95.1755 0.6780 14.6037 8.0449 -1.1207 6.7246 -18.9020 -0.7172 -0.6365 42.7219 -0.2403 2.2701 18.7159 -0.6414 2.5201 0.7212 9.1356 9.5025 -14.3782 -8.6052 11.6733 -2.6399 -3.2393 5.6528 2.5035 -0.0000 -0.0000 0.0000 10.6388 -71.6853 24.7855 33.0893 -43.3986 -13.4834 -0.0000 0.0000 -27.0699 -3.3461 43.0228 -2.2844 -7.1250 0.0000 -0.0000 -52.8102 65.4327 -29.6123 -0.0000 -0.0000 0.0000 -9.3636 64.4742 23.2331 -48.3155 52.2931 -24.8351 0.0000 -0.0000 -10.3884 -39.1470 46.6362 -30.6177 7.1250 -0.0000 -0.0000 0.6543 23.7962 0.8628
19.3407 2.8361 4.6167 185.4400 87.4368 158.4380 0.0000 0.0000 0.0000 -14.4424 -2.8272 -100.6594 15.5125 19.5102 76.7756 2.3304 15.8524 28.0163 4.2552 12.4925 37.4971 0.0000 0.0000 0.0000 15.5707 5.8356 -105.2509 -21.7301 -19.9281 95.0642 0.6642 14.4430 7.8522 -0.9966 6.3531 -17.8123 -0.1443 -0.7560 43.1127 -0.1782 2.3566 18.6253 -0.9100 2.6056 0.5228 9.4584 9.5009 -14.1860 -8.9286 11.6429 -2.8045 -3.3982 5.6333 2.4632 0.0000 -0.0000 0.0000 10.5930 -71.8094 25.0783 33.8348 -43.9619 -13.9982 -0.0000 0.0000 -26.7374 -2.5558 42.9348 -1.7415 -7.1250 0.0000 -0.0000 -51.9577 65.6112 -29.2183 0.0000 -0.0000 0.0000 -7.3110 64.1432 26.0395 -49.2329 52.6814 -25.5628 0.0000 -0.0000 -9.0096 -39.3530 46.7629 -30.8549 7.1250 -0.0000 -0.0000 0.6130 23.9981 0.8093
19.3456 2.8412 4.6091 184.9760 87.6803 158.0430 0.0000 0.0000 0.0000 -14.2315 -2.7121 -100.7650 15.5405 19.5164 76.8597 2.3249 15.7301 27.9645 4.2043 12.4275 37.2615 0.0000 0.0000 0.0000 15.9320 5.9403 -105.2067 -21.6959 -19.9309 94.9640 0.6524 14.3172 7.7814 -1.0410 6.4888 -18.2094 -0.0566 -0.7422 43.2302 -0.1185 2.4293 18.7091 -0.9149 2.6521 0.5869 9.4131 9.6730 -14.1155 -9.0212 11.8890 -2.9245 -3.4018 5.7593 2.4412 -0.0000 0.0000 0.0000 10.8788 -71.6037 24.7187 34.5698 -44.5025 -14.5110 -0.0000 0.0000 -26.2597 -2.1820 42.8723 -1.4849 -7.1250 0.0000 -0.0000 -51.5170 65.6824 -28.9913 -0.0000 0.0000 0.0000 -7.2350 64.1559 27.0095 -49.8387 52.9302 -26.0454 0.0000 -0.0000 -8.4883 -38.5578 47.8578 -30.5841 7.1250 -0.0000 -0.0000 1.3854 24.7238 1.8383
19.3458 2.8470 4.6055 179.5510 87.4499 152.8210 0.0000 0.0000 0.0000 -14.5111 -2.9684 -100.8235 15.5276 19.5135 76.8211 2.2967 15.8526 27.8279 4.3040 12.5543 37.7223 0.0000 0.0000 0.0000 16.3516 5.4399 -105.5882 -21.7108 -19.9297 95.0078 0.6237 14.0131 7.6487 -0.9355 6.1611 -17.2526 -0.3705 -0.8183 43.1609 -0.1232 2.2194 18.7451 -0.6855 2.5247 0.6382 9.6975 9.9786 -13.4686 -9.3817 12.3071 -3.0911 -3.5428 5.9701 2.3730 -0.0000 -0.0000 0.0000 10.6526 -71.2458 24.5507 35.1940 -44.9502 -14.9503 -0.0000 0.0000 -25.6686 -2.3120 42.3568 -1.5581 -7.1250 0.0000 -0.0000 -50.7692 65.3150 -28.0659 -0.0000 -0.0000 0.0000 -7.8373 64.4081 27.2570 -50.2164 53.0824 -26.3471 0.0000 -0.0000 -8.2754 -37.3893 47.9105 -29.5601 7.1250 -0.0000 -0.0000 1.9090 24.3312 2.5270
19.3523 2.8518 4.6094 186.0010 87.1654 159.2210 0.0000 0.0000 0.0000 -14.3548 -3.2842 -100.7215 15.5233 19.5126 76.8081 2.3211 15.8737 27.9680 4.3282 12.5848 37.8333 0.0000 0.0000 0.0000 16.7744 4.8885 -105.6440 -21.7577 -19.9258 95.1454 0.6226 13.9340 7.1207 -1.0250 6.4403 -18.0674 -0.0828 -1.1036 43.3211 -0.1216 1.9898 18.6906 -0.7573 2.4327 0.5360 9.9951 10.1855 -13.0893 -9.0306 12.5622 -2.6193 -3.4618 6.0999 2.4705 0.0000 -0.0000 0.0000 10.1537 -71.1218 24.9299 35.9210 -45.4587 -15.4661 -0.0000 0.0000 -24.8503 -1.5966 41.9912 -1.0683 -7.1250 0.0000 -0.0000 -49.5194 65.2861 -27.1870 0.0000 -0.0000 0.0000 -6.9393 64.5638 28.1676 -50.0158 53.0019 -26.1868 0.0000 -0.0000 -8.7160 -36.7656 46.4548 -28.4384 7.1250 -0.0000 -0.0000 1.6378 22.7164 2.1439
19.3619 2.8523 4.6190 185.3050 87.1622 158.6570 0.0000 0.0000 0.0000 -14.3458 -3.2483 -100.9069 15.5470 19.5178 76.8792 2.3151 15.9428 27.9465 4.3614 12.6264 37.9855 0.0000 0.0000 0.0000 16.8900 4.8250 -105.8938 -21.7977 -19.9223 95.2628 0.6376 14.0847 7.1015 -0.9845 6.3157 -17.7032 -0.2836 -1.0770 43.3719 -0.1540 1.9000 18.5058 -0.6685 2.3560 0.3123 10.6459 10.5760 -12.3474 -9.1386 13.0575 -2.2351 -3.5634 6.3439 2.5657 -0.0000 -0.0000 0.0000 9.3723 -70.7942 25.8669 36.7989 -46.0548 -16.0951 -0.0000 0.0000 -24.4697 -1.4541 41.5778 -0.9651 -7.1250 0.0000 -0.0000 -48.7222 65.0539 -26.4031 -0.0000 -0.0000 0.0000 -5.2211 64.7997 29.4856 -49.6994 52.8735 -25.9343 0.0000 -0.0000 -11.1406 -34.6376 45.0146 -26.0406 7.1250 -0.0000 -0.0000 2.0959 20.5598 2.6998
19.3720 2.8521 4.6300 183.2350 86.8980 156.6640 0.0000 0.0000 0.0000 -14.6300 -3.3856 -100.9847 15.5580 19.5202 76.9119 2.3487 15.7369 28.0984 4.3063 12.5573 37.7330 0.0000 0.0000 0.0000 16.4509 4.6139 -106.2527 -21.9040 -19.9129 95.5747 0.6866 14.5881 7.2535 -1.0808 6.6078 -18.5586 -0.5697 -1.1395 43.3726 -0.1970 1.7020 18.4526 -0.5028 2.2350 0.2498 11.2283 10.9223 -11.7581 -9.3982 13.5022 -2.1332 -3.7052 6.5641 2.6048 -0.0000 -0.0000 0.0000 9.1657 -70.4157 25.9661 37.5678 -46.5611 -16.6511 -0.0000 0.0000 -24.7242 -2.4374 41.4967 -1.6155 -7.1250 0.0000 -0.0000 -49.4944 64.7177 -26.5476 -0.0000 -0.0000 0.0000 -4.9689 64.7970 30.0741 -49.7832 52.9077 -26.0011 0.0000 -0.0000 -13.9520 -33.9570 42.8269 -24.5974 7.1250 -0.0000 -0.0000 1.7116 18.1765 2.1609
19.3828 2.8518 4.6305 169.6130 86.6431 143.5760 0.0000 0.0000 0.0000 -15.4509 -3.4703 -101.4583 15.5584 19.5203 76.9131 2.3618 15.6258 28.1528 4.3046 12.5551 37.7252 0.0000 0.0000 0.0000 15.5061 4.7228 -107.0342 -21.9404 -19.9095 95.6817 0.7358 15.0682 7.3285 -1.0242 6.4378 -18.0602 -1.3065 -0.9174 42.9750 -0.4035 1.6284 18.3393 -0.3180 2.1388 0.2293 11.6542 11.1164 -11.0561 -9.6933 13.7772 -2.3333 -3.8665 6.7076 2.5154 -0.0000 -0.0000 0.0000 9.5883 -70.2261 25.6420 38.1475 -46.9332 -17.0732 -0.0000 0.0000 -25.2984 -4.0560 41.2648 -2.6776 -7.1250 0.0000 -0.0000 -50.6027 64.1063 -26.5962 -0.0000 -0.0000 0.0000 -5.0565 64.5173 30.4032 -49.8475 52.9338 -26.0524 0.0000 -0.0000 -14.9451 -33.5340 42.7562 -24.2239 7.1250 -0.0000 -0.0000 1.8914 17.9621 2.3836
19.3970 2.8526 4.6304 164.9830 86.5852 139.1140 0.0000 0.0000 0.0000 -15.6044 -3.4554 -101.6579 15.6040 19.5302 77.0495 2.3653 15.5659 28.1625 4.3177 12.5716 37.7854 0.0000 0.0000 0.0000 15.5400 4.6753 -107.4973 -21.9885 -19.9049 95.8228 0.7697 15.4124 7.6229 -1.2350 7.0473 -19.8557 -1.4661 -0.8092 42.9412 -0.5072 1.6654 18.2201 -0.3634 2.1428 0.1071 11.9211 11.2072 -10.4150 -9.7830 13.9279 -2.4520 -3.9522 6.7926 2.4214 0.0000 -0.0000 0.0000 9.5850 -70.3043 25.8696 38.5211 -47.1689 -17.3467 -0.0000 0.0000 -25.2527 -4.0643 41.2394 -2.6818 -7.1250 0.0000 -0.0000 -50.5712 64.0873 -26.5539 0.0000 -0.0000 0.0000 -4.8375 64.1533 31.2053 -50.0913 53.0322 -26.2471 0.0000 -0.0000 -15.5348 -33.0461 41.6146 -23.3664 7.1250 -0.0000 -0.0000 1.7856 16.6615 2.2235
19.3998 2.8526 4.6323 172.5810 86.8012 146.5400 0.0000 0.0000 0.0000 -15.0125 -3.4873 -101.5164 15.6122 19.5320 77.0740 2.3745 15.6251 28.2238 4.3447 12.6055 37.9092 0.0000 0.0000 0.0000 16.0873 4.5440 -107.3113 -22.0032 -19.9035 95.8660 0.7712 15.4133 7.4865 -1.2193 7.0041 -19.7274 -0.8811 -0.9417 43.0746 -0.2894 1.7680 18.3108 -0.4650 2.2315 0.1690 11.5967 11.2326 -9.9819 -9.7733 14.0391 -2.5449 -3.9175 6.8598 2.3168 -0.0000 0.0000 0.0000 9.8208 -70.6771 25.3791 38.4445 -47.1208 -17.2906 -0.0000 0.0000 -25.0847 -3.4529 41.1247 -2.2726 -7.1250 0.0000 -0.0000 -49.8409 64.1838 -26.1832 -0.0000 0.0000 0.0000 -5.4076 63.6623 31.3460 -49.9951 52.9935 -26.1703 0.0000 -0.0000 -15.7430 -32.0713 42.4305 -22.9170 7.1250 -0.0000 -0.0000 2.4949 17.1514 3.1221
19.3942 2.8523 4.6327 171.6030 86.8595 145.5060 0.0000 0.0000 0.0000 -14.9863 -3.4239 -101.4540 15.6035 19.5301 77.0481 2.3878 15.5341 28.2829 4.2833 12.5281 37.6268 0.0000 0.0000 0.0000 16.0934 4.4845 -107.1284 -21.9707 -19.9066 95.7706 0.7786 15.4585 7.2210 -0.9008 6.0486 -16.9256 -0.8948 -0.8896 43.1281 -0.2498 1.8614 18.4419 -0.4440 2.2879 0.3018 11.2250 11.3840 -10.3779 -9.5001 14.2498 -2.1795 -3.7323 6.9608 2.4601 0.0000 0.0000 0.0000 10.5790 -70.8899 24.5742 38.1588 -46.9404 -17.0816 -0.0000 0.0000 -25.1658 -2.8581 41.2777 -1.8864 -7.1250 0.0000 -0.0000 -49.5354 64.4530 -26.2824 0.0000 0.0000 0.0000 -6.1242 63.4586 31.0279 -49.8010 52.9149 -26.0153 0.0000 -0.0000 -15.8207 -31.4013 43.0262 -22.6127 7.1250 -0.0000 -0.0000 2.9895 17.5231 3.7550
19.3970 2.8487 4.6318 173.5800 86.8929 147.4440 0.0000 0.0000 0.0000 -14.8576 -3.4633 -101.3652 15.5881 19.5268 77.0020 2.3400 15.9145 28.0807 4.4617 12.7507 38.4424 0.0000 0.0000 0.0000 16.3224 4.3472 -107.1081 -22.0453 -19.8994 95.9896 0.7382 15.0527 6.8689 -0.9460 6.1944 -17.3496 -0.7475 -0.9187 43.1969 -0.2055 1.9012 18.4882 -0.4851 2.3219 0.3358 11.6182 11.4838 -10.3941 -9.7736 14.3499 -1.9085 -3.8483 6.9979 2.6038 -0.0000 0.0000 0.0000 11.1775 -71.0102 24.0436 37.9265 -46.7923 -16.9120 -0.0000 0.0000 -25.1834 -2.9878 41.3430 -1.9746 -7.1250 0.0000 -0.0000 -49.7554 64.4594 -26.4343 -0.0000 0.0000 0.0000 -6.4311 63.3403 30.9349 -49.6496 52.8532 -25.8946 0.0000 -0.0000 -15.6952 -31.2112 43.3405 -22.5795 7.1250 -0.0000 -0.0000 3.1717 17.7717 3.9934
19.3931 2.8510 4.6307 169.6940 86.6556 143.6250 0.0000 0.0000 0.0000 -15.2176 -3.5879 -101.3228 15.5572 19.5200 76.9094 2.3210 15.9622 27.9834 4.4824 12.7761 38.5358 0.0000 0.0000 0.0000 15.9839 4.1445 -107.1726 -22.0571 -19.8982 96.0243 0.7383 15.0240 6.3339 -0.8309 5.8154 -16.2499 -0.9868 -0.9021 43.1113 -0.2994 1.8403 18.5529 -0.4370 2.2871 0.4326 11.7189 11.7089 -10.4097 -9.7709 14.6422 -1.7719 -3.8271 7.1417 2.6824 -0.0000 0.0000 0.0000 11.6324 -70.9202 23.7536 37.8267 -46.7283 -16.8393 -0.0000 0.0000 -24.9169 -3.3119 41.5982 -2.2001 -7.1250 0.0000 -0.0000 -50.4493 64.5347 -26.9781 -0.0000 0.0000 0.0000 -6.6511 63.3463 30.7230 -49.6335 52.8466 -25.8818 0.0000 -0.0000 -15.4548 -31.1247 43.2192 -22.4648 7.1250 -0.0000 -0.0000 3.1776 17.6244 3.9955
19.3891 2.8518 4.6302 170.6310 86.5276 144.5190 0.0000 0.0000 0.0000 -15.2775 -3.6898 -101.2768 15.5606 19.5208 76.9198 2.3321 15.8292 28.0219 4.3929 12.6656 38.1293 0.0000 0.0000 0.0000 16.0157 3.9570 -107.1431 -22.0391 -19.9000 95.9715 0.7413 15.0460 6.1372 -0.8231 5.7885 -16.1718 -0.8987 -0.9642 43.1272 -0.3284 1.8212 18.6235 -0.5029 2.2961 0.5094 12.1692 11.7885 -10.1679 -10.0459 14.7271 -1.8793 -3.9784 7.1828 2.6763 0.0000 0.0000 0.0000 11.8970 -70.9420 23.6939 37.7393 -46.6720 -16.7757 -0.0000 0.0000 -24.0000 -2.7978 41.9548 -1.8713 -7.1250 0.0000 -0.0000 -50.5523 64.9142 -27.4720 0.0000 0.0000 0.0000 -6.7795 63.1703 30.4587 -49.6830 52.8669 -25.9212 0.0000 -0.0000 -15.5086 -30.5970 43.7098 -22.2255 7.1250 -0.0000 -0.0000 3.5707 17.9399 4.5040
19.3870 2.8497 4.6296 172.0690 86.3738 145.9720 0.0000 0.0000 0.0000 -15.4125 -3.8301 -101.2972 15.5546 19.5195 76.9017 2.3625 15.6239 28.1569 4.2787 12.5223 37.6057 0.0000 0.0000 0.0000 16.3579 3.6950 -107.3351 -22.0743 -19.8965 96.0748 0.6968 14.6256 6.4913 -1.0550 6.5310 -18.3332 -0.7934 -1.0318 43.0982 -0.2961 1.7882 18.6356 -0.5098 2.2879 0.5299 12.4126 11.8234 -10.1089 -10.2333 14.7588 -1.8492 -4.0661 7.1942 2.7129 -0.0000 0.0000 0.0000 11.9125 -71.0567 23.7005 37.4877 -46.5090 -16.5929 -0.0000 0.0000 -23.3575 -3.4279 42.1598 -2.3024 -7.1250 0.0000 -0.0000 -51.4513 64.8643 -28.0247 -0.0000 0.0000 0.0000 -6.7938 62.9876 30.3582 -49.7077 52.8769 -25.9409 0.0000 -0.0000 -15.7532 -30.1671 43.7453 -21.8954 7.1250 -0.0000 -0.0000 3.7844 17.8400 4.7703
19.3890 2.8505 4.6295 172.0510 86.3328 145.9560 0.0000 0.0000 0.0000 -15.5012 -3.8036 -101.3273 15.5622 19.5211 76.9245 2.3367 15.7391 28.0321 4.3338 12.5918 37.8591 0.0000 0.0000 0.0000 16.2422 3.6271 -107.3531 -22.0555 -19.8984 96.0197 0.7490 15.1345 6.5045 -0.8802 5.9810 -16.7292 -0.8574 -0.9976 43.0005 -0.2001 1.8226 18.7150 -0.3820 2.2980 0.6416 12.4636 11.9027 -10.3533 -10.4340 14.8463 -1.6766 -4.1039 7.2252 2.8333 -0.0000 0.0000 0.0000 11.9264 -71.1046 23.5372 37.2629 -46.3620 -16.4300 -0.0000 0.0000 -22.8901 -3.2924 42.6258 -2.2309 -7.1250 0.0000 -0.0000 -52.0953 65.1999 -28.8480 -0.0000 0.0000 0.0000 -7.1037 62.8721 30.0739 -49.7186 52.8814 -25.9496 0.0000 -0.0000 -15.7856 -29.8421 43.3485 -21.4942 7.1250 -0.0000 -0.0000 3.8257 17.3499 4.8012
19.3916 2.8506 4.6273 171.9460 86.2993 145.8680 0.0000 0.0000 0.0000 -15.5919 -3.8079 -101.3585 15.5674 19.5223 76.9400 2.3352 15.6907 28.0156 4.3172 12.5709 37.7827 0.0000 0.0000 0.0000 16.3211 3.5838 -107.4368 -22.0416 -19.8998 95.9788 0.7582 15.2359 6.7617 -0.8270 5.8021 -16.2111 -0.7611 -0.9997 42.9143 -0.2171 1.8577 18.7315 -0.4582 2.3248 0.6840 12.6765 11.8868 -10.1003 -10.7314 14.8317 -1.8686 -4.2422 7.2186 2.7766 -0.0000 0.0000 0.0000 12.2620 -71.2940 23.3160 37.0038 -46.1911 -16.2428 -0.0000 0.0000 -22.5827 -4.4342 43.0262 -3.0289 -7.1250 0.0000 -0.0000 -53.7751 65.1149 -29.9230 -0.0000 0.0000 0.0000 -7.0506 62.7215 29.9948 -49.5950 52.8309 -25.8511 0.0000 -0.0000 -15.8109 -29.7879 42.9206 -21.2965 7.1250 -0.0000 -0.0000 3.7317 16.9116 4.6640
19.3969 2.8491 4.6265 172.5020 86.2936 146.3870 0.0000 0.0000 0.0000 -15.5642 -3.8073 -101.3449 15.5786 19.5247 76.9736 2.3191 15.8330 27.9499 4.3891 12.6609 38.1122 0.0000 0.0000 0.0000 15.9030 3.7252 -107.3752 -22.0949 -19.8945 96.1353 0.7707 15.3435 6.5564 -0.8600 5.9137 -16.5342 -0.7348 -1.0270 42.7856 -0.3079 1.8116 18.6862 -0.5510 2.3030 0.6697 13.2351 12.0310 -9.5307 -11.1393 15.0312 -2.0331 -4.4552 7.3212 2.7374 0.0000 0.0000 0.0000 12.1485 -71.2295 23.7449 36.7886 -46.0479 -16.0877 -0.0000 0.0000 -22.7912 -5.1586 43.4186 -3.5507 -7.1250 0.0000 -0.0000 -55.0708 65.1405 -30.8743 0.0000 0.0000 0.0000 -6.6966 62.8959 30.2643 -49.3986 52.7500 -25.6946 0.0000 -0.0000 -15.9618 -29.4289 42.7575 -20.9564 7.1250 -0.0000 -0.0000 3.8593 16.6416 4.8119
19.3923 2.8480 4.6262 174.7420 86.3598 148.5280 0.0000 0.0000 0.0000 -15.3864 -3.7982 -101.2602 15.5758 19.5241 76.9653 2.3309 15.7617 28.0035 4.3378 12.5968 37.8775 0.0000 0.0000 0.0000 16.0351 3.7182 -107.2724 -22.1077 -19.8932 96.1731 0.7644 15.2870 6.6114 -1.0902 6.6357 -18.6403 -0.4369 -1.0337 42.7824 -0.1989 1.9526 18.8053 -0.6295 2.4013 0.8046 12.9449 12.0911 -10.0686 -11.2156 15.0977 -1.8314 -4.3933 7.3393 2.8752 -0.0000 0.0000 0.0000 12.9558 -71.6487 22.8383 36.5034 -45.8563 -15.8827 -0.0000 0.0000 -22.8071 -5.7118 43.6229 -3.9475 -7.1250 0.0000 -0.0000 -55.8969 65.0994 -31.4200 -0.0000 0.0000 0.0000 -6.8694 62.4518 30.0532 -49.1682 52.6544 -25.5113 0.0000 -0.0000 -15.6499 -29.5478 42.5663 -20.9798 7.1250 -0.0000 -0.0000 3.7495 16.4885 4.6678
19.3880 2.8473 4.6265 175.4740 86.4866 149.1740 0.0000 0.0000 0.0000 -15.2716 -3.6879 -101.1984 15.5722 19.5233 76.9544 2.3346 15.7341 28.0192 4.3191 12.5733 37.7917 0.0000 0.0000 0.0000 16.2875 3.7342 -107.1216 -22.0752 -19.8964 96.0776 0.7650 15.2869 6.4914 -0.9286 6.1389 -17.1879 -0.4912 -0.9982 42.7647 -0.2164 1.9580 18.7628 -0.6238 2.3945 0.7614 13.2688 12.1518 -9.2974 -11.4309 15.2181 -2.2797 -4.5459 7.4183 2.6778 0.0000 0.0000 0.0000 12.1591 -71.5677 23.5269 36.2579 -45.6897 -15.7068 -0.0000 0.0000 -22.8718 -6.1090 43.5829 -4.2200 -7.1250 0.0000 -0.0000 -56.1698 64.9590 -31.4478 0.0000 0.0000 0.0000 -6.4279 62.6339 30.4235 -48.9320 52.5556 -25.3237 0.0000 -0.0000 -15.3460 -29.0788 42.7525 -20.6817 7.1250 -0.0000 -0.0000 4.0266 16.5305 5.0161
19.3896 2.8467 4.6270 178.4900 86.5508 152.1390 0.0000 0.0000 0.0000 -15.0701 -3.6790 -101.1901 15.5823 19.5255 76.9847 2.3406 15.7574 28.0571 4.3250 12.5808 37.8188 0.0000 0.0000 0.0000 16.5246 3.7154 -107.0118 -22.0624 -19.8977 96.0400 0.7488 15.1204 6.2036 -0.8325 5.8209 -16.2656 -0.4481 -1.0441 42.6559 -0.2029 1.9181 18.8065 -0.6136 2.3761 0.8390 13.2287 12.2868 -9.0130 -11.2739 15.4242 -2.4553 -4.4942 7.5342 2.5867 -0.0000 0.0000 0.0000 11.9022 -71.4289 23.6844 36.0709 -45.5619 -15.5731 -0.0000 0.0000 -23.0354 -5.8592 43.6859 -4.0543 -7.1250 0.0000 -0.0000 -56.1314 65.0931 -31.5824 -0.0000 0.0000 0.0000 -6.4514 62.8633 30.4008 -48.6226 52.4246 -25.0783 0.0000 -0.0000 -15.4004 -28.4467 42.9624 -20.2648 7.1250 -0.0000 -0.0000 4.3875 16.5491 5.4688
19.3851 2.8477 4.6263 179.3360 86.5236 152.9950 0.0000 0.0000 0.0000 -15.0399 -3.7339 -101.1678 15.5663 19.5220 76.9367 2.3399 15.7879 28.0585 4.3202 12.5747 37.7965 0.0000 0.0000 0.0000 16.5672 3.6864 -106.9893 -22.0478 -19.8992 95.9971 0.7345 14.9828 6.2128 -0.8955 6.0314 -16.8755 -0.2062 -0.9946 42.5634 -0.0726 2.1122 18.9605 -0.6547 2.4983 1.0371 12.5352 12.1737 -9.5810 -11.0321 15.2844 -2.3399 -4.3058 7.4598 2.6213 0.0000 -0.0000 0.0000 13.3763 -72.0493 22.0756 35.8789 -45.4296 -15.4362 -0.0000 0.0000 -23.1100 -6.3494 44.0874 -4.4269 -7.1250 0.0000 -0.0000 -57.2425 65.1823 -32.5037 0.0000 -0.0000 0.0000 -7.0251 62.2159 29.9088 -48.4696 52.3593 -24.9571 0.0000 -0.0000 -15.4235 -28.1378 43.2883 -20.1377 7.1250 -0.0000 -0.0000 4.6233 16.7782 5.7766
19.3865 2.8457 4.6285 176.1360 86.2626 149.7810 0.0000 0.0000 0.0000 -15.4529 -3.8515 -101.0638 15.5306 19.5142 76.8301 2.3718 15.6610 28.2145 4.3098 12.5616 37.7489 0.0000 0.0000 0.0000 16.2679 3.5204 -107.1466 -22.0927 -19.8947 96.1289 0.7415 15.0514 6.2234 -1.0609 6.5487 -18.3850 -0.4834 -0.9689 42.5497 -0.1561 2.0362 18.9361 -0.5774 2.4455 1.0126 12.5413 12.2029 -9.3726 -11.0884 15.3395 -2.5408 -4.3357 7.4943 2.5404 -0.0000 0.0000 0.0000 13.3326 -72.0521 22.1196 35.6872 -45.2966 -15.2997 -0.0000 0.0000 -23.0484 -6.3709 44.0494 -4.4390 -7.1250 0.0000 -0.0000 -57.1945 65.1540 -32.4337 -0.0000 0.0000 0.0000 -6.9537 62.2507 30.1346 -48.2780 52.2769 -24.8054 0.0000 -0.0000 -15.2241 -27.4530 43.7499 -19.7612 7.1250 -0.0000 -0.0000 5.0739 17.0317 6.3580
19.3901 2.8443 4.6289 175.0250 86.1531 148.6660 0.0000 0.0000 0.0000 -15.6332 -3.9124 -101.0225 15.5329 19.5147 76.8367 2.3870 15.5967 28.2888 4.3236 12.5789 37.8121 0.0000 0.0000 0.0000 16.1443 3.4448 -107.2396 -22.1152 -19.8924 96.1952 0.7503 15.1403 6.3540 -1.0560 6.5341 -18.3423 -0.5558 -0.9624 42.5287 -0.2598 2.0048 18.8915 -0.6411 2.4291 0.9706 12.4543 12.2668 -9.7055 -10.9340 15.4085 -2.0954 -4.2376 7.5161 2.7126 -0.0000 -0.0000 0.0000 13.2496 -72.0413 22.3380 35.5680 -45.2135 -15.2151 -0.0000 0.0000 -23.0627 -6.5756 43.8776 -4.5681 -7.1250 0.0000 -0.0000 -57.0719 64.9942 -32.1478 -0.0000 -0.0000 0.0000 -6.6940 62.2785 30.3981 -47.9137 52.1186 -24.5176 0.0000 -0.0000 -14.8396 -27.0974 43.4260 -19.3783 7.1250 -0.0000 -0.0000 5.1580 16.6128 6.4390
19.3872 2.8423 4.6295 178.9530 86.2272 152.4870 0.0000 0.0000 0.0000 -15.4190 -3.9001 -101.0004 15.5307 19.5142 76.8303 2.4729 15.2124 28.7053 4.1757 12.3906 37.1283 0.0000 0.0000 0.0000 16.3748 3.3866 -107.0811 -22.1240 -19.8915 96.2209 0.7522 15.1573 6.3095 -0.9620 6.2452 -17.4977 -0.2665 -1.0274 42.6409 -0.2526 2.0253 18.8128 -0.7937 2.4570 0.8547 12.5562 12.3154 -9.6517 -11.0922 15.4780 -1.9171 -4.2873 7.5438 2.7880 0.0000 -0.0000 0.0000 13.2906 -72.2079 22.4998 35.3750 -45.0781 -15.0783 -0.0000 0.0000 -23.2518 -5.8717 44.0927 -4.0931 -7.1250 0.0000 -0.0000 -56.8458 65.3270 -32.3880 0.0000 -0.0000 0.0000 -6.2478 62.1573 30.8456 -47.5693 51.9668 -24.2460 0.0000 -0.0000 -14.1189 -26.1949 43.6951 -18.7703 7.1250 -0.0000 -0.0000 5.6592 16.6224 7.0701
19.3846 2.8399 4.6324 182.5520 86.0804 155.9700 0.0000 0.0000 0.0000 -15.4801 -4.0311 -100.9000 15.4793 19.5028 76.6764 2.6610 14.6169 29.6553 4.0358 12.2079 36.4714 0.0000 0.0000 0.0000 16.4537 3.1637 -107.0413 -22.1500 -19.8888 96.2973 0.7633 15.2642 6.3369 -0.9834 6.3122 -17.6931 -0.0824 -1.1300 42.8103 -0.2141 1.9725 18.7358 -0.8360 2.4411 0.7231 12.6114 12.3231 -9.8436 -11.1279 15.4725 -1.6312 -4.2857 7.5296 2.9108 0.0000 0.0000 0.0000 13.5485 -72.3989 22.1785 35.0226 -44.8283 -14.8293 -0.0000 0.0000 -23.5887 -7.3562 44.3017 -5.1523 -7.1250 0.0000 -0.0000 -58.4631 65.0064 -33.1919 0.0000 0.0000 0.0000 -6.0806 62.0775 31.1482 -47.1772 51.7916 -23.9376 0.0000 -0.0000 -13.7851 -25.7241 43.5215 -18.3543 7.1250 -0.0000 -0.0000 5.8401 16.3228 7.2776
19.3837 2.8388 4.6326 182.6770 86.0213 156.0080 0.0000 0.0000 0.0000 -15.6380 -4.1013 -100.7159 15.3956 19.4839 76.4255 2.8588 14.4065 30.6924 4.2212 12.4491 37.3399 0.0000 0.0000 0.0000 16.3848 3.0768 -106.9276 -22.1626 -19.8875 96.3345 0.7470 15.1014 6.1340 -0.9149 6.0945 -17.0589 -0.0193 -1.1353 42.9166 -0.3250 1.9816 18.6636 -0.9938 2.4570 0.6183 12.6144 12.3494 -9.9738 -10.8607 15.4888 -1.4563 -4.1935 7.5378 2.9603 -0.0000 0.0000 0.0000 13.3231 -72.6354 22.1766 34.6552 -44.5643 -14.5709 -0.0000 0.0000 -24.0325 -8.6391 44.2958 -6.0567 -7.1250 0.0000 -0.0000 -59.5227 64.6252 -33.5045 -0.0000 0.0000 0.0000 -5.3601 61.9838 31.6575 -46.7273 51.5872 -23.5846 0.0000 -0.0000 -13.4592 -25.3161 43.2829 -17.9688 7.1250 -0.0000 -0.0000 5.9764 15.9782 7.4245
19.3723 2.8403 4.6310 178.8030 86.1510 152.1620 0.0000 0.0000 0.0000 -15.8216 -4.0626 -100.7008 15.3548 19.4746 76.3030 3.0670 13.5212 31.7112 4.1192 12.3173 36.8640 0.0000 0.0000 0.0000 16.3129 3.2914 -106.8832 -22.1011 -19.8938 96.1536 0.7498 15.1286 6.1518 -1.0671 6.5672 -18.4392 -0.3793 -0.9425 42.8471 -0.3883 2.0859 18.7460 -0.9079 2.4915 0.7296 12.7701 12.4401 -9.7213 -11.2349 15.6188 -1.9337 -4.3397 7.6087 2.8379 0.0000 -0.0000 0.0000 13.3685 -72.7956 21.7008 34.2563 -44.2737 -14.2917 -0.0000 0.0000 -24.4112 -8.9046 44.3695 -6.2525 -7.1250 0.0000 -0.0000 -59.8695 64.5883 -33.7182 0.0000 -0.0000 0.0000 -5.5608 61.9360 31.5179 -46.6666 51.5593 -23.5370 0.0000 -0.0000 -13.5614 -24.8125 43.4204 -17.6292 7.1250 -0.0000 -0.0000 6.2524 15.9777 7.7707
19.3648 2.8408 4.6312 177.4010 86.2074 150.6600 0.0000 0.0000 0.0000 -15.8447 -4.1039 -100.5874 15.3283 19.4685 76.2235 3.1062 13.5051 31.9137 4.0326 12.2037 36.4564 0.0000 0.0000 0.0000 16.4942 3.2509 -106.7995 -22.0637 -19.8976 96.0436 0.7576 15.2089 6.3018 -0.9842 6.3148 -17.7007 -0.6382 -0.7829 42.8019 -0.3096 2.2192 18.9085 -0.7295 2.5469 0.9211 12.9758 12.5266 -9.6692 -11.8520 15.7342 -2.1418 -4.5447 7.6578 2.8545 0.0000 -0.0000 0.0000 14.2220 -73.1599 20.3406 33.8106 -43.9439 -13.9815 -0.0000 0.0000 -24.9161 -8.5074 44.5825 -5.9940 -7.1250 0.0000 -0.0000 -59.9091 64.8227 -34.0477 0.0000 -0.0000 0.0000 -5.9287 61.7824 31.2795 -46.6276 51.5414 -23.5064 0.0000 -0.0000 -13.6003 -25.1923 43.2830 -17.8749 7.1250 -0.0000 -0.0000 6.0360 15.9450 7.4969
19.3498 2.8411 4.6346 176.8440 86.1830 149.9990 0.0000 0.0000 0.0000 -15.7729 -4.2248 -100.3396 15.2625 19.4532 76.0261 3.1156 13.7389 31.9784 4.0516 12.2287 36.5460 0.0000 0.0000 0.0000 16.3129 3.2794 -106.5468 -22.0329 -19.9006 95.9532 0.7484 15.1139 6.0960 -0.8959 6.0327 -16.8794 -0.7608 -0.6879 42.8685 -0.3141 2.3120 18.9755 -0.7015 2.5944 0.9791 13.1838 12.5840 -9.4296 -12.1441 15.8143 -2.4317 -4.6731 7.7031 2.7832 0.0000 -0.0000 0.0000 14.7304 -73.5495 19.4251 33.4107 -43.6433 -13.7047 -0.0000 0.0000 -24.9029 -9.3901 44.4901 -6.6105 -7.1250 0.0000 -0.0000 -60.4768 64.5122 -34.0799 0.0000 -0.0000 0.0000 -5.7951 61.6921 31.3137 -46.3494 51.4127 -23.2888 0.0000 -0.0000 -13.5011 -24.9956 43.0264 -17.6466 7.1250 -0.0000 -0.0000 6.0681 15.6407 7.5149
19.3349 2.8417 4.6360 179.8550 86.2767 152.9040 0.0000 0.0000 0.0000 -15.3023 -4.3759 -100.1176 15.2166 19.4423 75.8884 3.1657 13.5726 32.2254 4.0604 12.2404 36.5877 0.0000 0.0000 0.0000 16.3448 3.3893 -106.2499 -21.9744 -19.9063 95.7814 0.7481 15.1086 5.9886 -0.8793 5.9781 -16.7208 -0.5372 -0.7204 42.8945 -0.3242 2.3717 19.0279 -0.8437 2.6488 1.0353 13.2092 12.5625 -9.2106 -12.2502 15.7962 -2.7948 -4.7345 7.7054 2.6503 -0.0000 -0.0000 0.0000 15.3282 -73.7754 18.7706 33.2723 -43.5383 -13.6093 -0.0000 0.0000 -25.0431 -9.5373 44.6618 -6.7354 -7.1250 0.0000 -0.0000 -60.8933 64.5625 -34.4621 -0.0000 -0.0000 0.0000 -5.5559 61.6463 31.3256 -46.0132 51.2553 -23.0263 0.0000 -0.0000 -13.3198 -23.9220 43.5349 -16.9904 7.1250 -0.0000 -0.0000 6.7078 15.8554 8.3333
19.3328 2.8408 4.6344 178.2720 86.3821 151.2990 0.0000 0.0000 0.0000 -15.2178 -4.3484 -100.0839 15.2161 19.4422 75.8868 3.1652 13.4203 32.2132 3.9869 12.1430 36.2397 0.0000 0.0000 0.0000 16.4247 3.5031 -106.2467 -21.9753 -19.9062 95.7842 0.7392 15.0236 6.0590 -1.0461 6.5043 -18.2547 -0.6236 -0.6557 42.8424 -0.4202 2.4057 19.0204 -0.9117 2.6636 1.0441 12.8645 12.5963 -9.6563 -11.8729 15.8371 -2.2867 -4.5293 7.7129 2.8143 0.0000 -0.0000 0.0000 15.4350 -73.9483 18.5633 33.0713 -43.3847 -13.4710 -0.0000 0.0000 -25.0766 -10.4069 44.7771 -7.3709 -7.1250 0.0000 -0.0000 -61.8011 64.3692 -34.9067 0.0000 -0.0000 0.0000 -5.3503 61.7917 31.4800 -45.7429 51.1273 -22.8157 0.0000 -0.0000 -12.9969 -23.5841 44.0222 -16.8768 7.1250 -0.0000 -0.0000 6.9860 16.2429 8.7153
19.3473 2.8387 4.6362 180.5830 86.2420 153.5930 0.0000 0.0000 0.0000 -15.1426 -4.4992 -100.1292 15.2587 19.4523 76.0148 3.1573 13.3265 32.1672 3.9120 12.0423 35.8819 0.0000 0.0000 0.0000 16.6719 3.2447 -106.4774 -22.0499 -19.8990 96.0031 0.7526 15.1604 6.2865 -1.0715 6.5802 -18.4774 -0.5070 -0.7364 42.7224 -0.4406 2.3493 19.0254 -0.9702 2.6452 1.0828 12.6567 12.5712 -9.6836 -11.6160 15.8180 -2.1593 -4.4222 7.7061 2.8145 0.0000 -0.0000 0.0000 16.2000 -74.0604 18.3164 32.9654 -43.3034 -13.3983 -0.0000 0.0000 -25.1693 -9.9159 44.6813 -7.0078 -7.1250 0.0000 -0.0000 -61.2365 64.4619 -34.5940 0.0000 -0.0000 0.0000 -5.1511 61.8338 31.7183 -45.4663 50.9949 -22.6006 0.0000 -0.0000 -12.5549 -23.6599 43.8315 -16.8792 7.1250 -0.0000 -0.0000 6.9042 16.0773 8.5985
19.3522 2.8389 4.6368 178.2030 86.2320 151.2740 0.0000 0.0000 0.0000 -15.2877 -4.4545 -100.2049 15.2898 19.4596 76.1081 3.1295 13.2319 32.0178 3.8752 11.9925 35.7054 0.0000 0.0000 0.0000 16.2057 3.4224 -106.4538 -22.0440 -19.8995 95.9858 0.7675 15.2993 6.1648 -0.9363 6.1633 -17.2591 -0.5877 -0.6697 42.7029 -0.5455 2.3737 18.9294 -1.0525 2.6502 0.9831 13.0450 12.5935 -9.1943 -12.1186 15.8598 -2.5323 -4.6583 7.7339 2.7094 -0.0000 0.0000 0.0000 16.7459 -74.1000 18.5020 32.9998 -43.3298 -13.4219 -0.0000 0.0000 -25.1676 -9.7819 44.6446 -6.9077 -7.1250 0.0000 -0.0000 -61.0637 64.4813 -34.4870 -0.0000 0.0000 0.0000 -4.8705 61.7558 32.0294 -45.2874 50.9085 -22.4616 0.0000 -0.0000 -12.6321 -22.0258 44.0594 -15.7127 7.1250 -0.0000 -0.0000 7.7380 15.8877 9.6346
19.3575 2.8378 4.6365 178.4220 86.2135 151.5370 0.0000 0.0000 0.0000 -15.3719 -4.4271 -100.3176 15.3270 19.4682 76.2196 3.1134 13.0779 31.9252 3.7755 11.8555 35.2226 0.0000 0.0000 0.0000 16.1648 3.3779 -106.5307 -22.0746 -19.8965 96.0758 0.7659 15.2802 6.0049 -0.9116 6.0840 -17.0284 -0.4942 -0.6710 42.6181 -0.5873 2.3992 18.9132 -1.1512 2.6706 0.9907 13.2707 12.6009 -9.1375 -12.4092 15.8610 -2.5589 -4.7782 7.7295 2.7381 -0.0000 0.0000 0.0000 17.0308 -74.1465 18.7154 33.0175 -43.3435 -13.4341 -0.0000 0.0000 -24.8856 -9.2956 44.6639 -6.5634 -7.1250 0.0000 -0.0000 -60.6989 64.6347 -34.4072 -0.0000 0.0000 0.0000 -4.7052 61.6322 32.1942 -45.1529 50.8432 -22.3573 0.0000 -0.0000 -12.4652 -22.1321 44.1840 -15.8261 7.1250 -0.0000 -0.0000 7.7159 16.0350 9.6201
19.3622 2.8361 4.6359 176.8500 86.2460 150.0600 0.0000 0.0000 0.0000 -15.5904 -4.2638 -100.5145 15.3539 19.4744 76.3003 3.0922 13.1409 31.8188 3.7768 11.8573 35.2289 0.0000 0.0000 0.0000 16.1143 3.4785 -106.6611 -22.0723 -19.8967 96.0691 0.7789 15.4056 6.0581 -0.9010 6.0493 -16.9274 -0.5882 -0.5939 42.5350 -0.6016 2.4454 18.8904 -1.1331 2.6825 0.9872 13.4535 12.6161 -8.8667 -12.7170 15.8929 -2.7858 -4.9131 7.7505 2.6760 -0.0000 0.0000 0.0000 16.9236 -74.0659 18.9928 33.0240 -43.3485 -13.4386 -0.0000 0.0000 -24.6859 -8.8483 44.6929 -6.2481 -7.1250 0.0000 -0.0000 -60.3820 64.7825 -34.3557 -0.0000 0.0000 0.0000 -4.7357 61.5848 32.3344 -45.1131 50.8238 -22.3264 0.0000 -0.0000 -12.3662 -22.1865 44.0238 -15.8236 7.1250 -0.0000 -0.0000 7.6533 15.8929 9.5279
19.3662 2.8346 4.6336 177.3280 86.2095 150.6020 0.0000 0.0000 0.0000 -15.7659 -4.2197 -100.6502 15.3646 19.4768 76.3325 3.0822 13.1024 31.7640 3.7173 11.7744 34.9387 0.0000 0.0000 0.0000 16.2006 3.4491 -106.8007 -22.0843 -19.8955 96.1042 0.7714 15.3401 6.3005 -1.0902 6.6355 -18.6400 -0.5788 -0.6303 42.4326 -0.5797 2.4085 18.9330 -1.0975 2.6639 1.0611 13.5034 12.6477 -8.8076 -12.8803 15.9395 -2.8541 -4.9680 7.7739 2.6720 -0.0000 0.0000 0.0000 16.6723 -73.9098 19.0857 32.9410 -43.2847 -13.3816 -0.0000 0.0000 -24.6256 -8.9917 44.5029 -6.3291 -7.1250 0.0000 -0.0000 -60.1708 64.6362 -34.0075 -0.0000 0.0000 0.0000 -4.9096 61.6024 32.2831 -45.0360 50.7861 -22.2666 0.0000 -0.0000 -12.4109 -21.1100 44.3725 -15.1088 7.1250 -0.0000 -0.0000 8.2449 15.9701 10.2846
19.3756 2.8337 4.6303 176.8500 86.2522 150.1530 0.0000 0.0000 0.0000 -15.9342 -4.0646 -100.8190 15.4203 19.4895 76.4994 3.0775 12.9816 31.7329 3.6922 11.7391 34.8152 0.0000 0.0000 0.0000 16.5231 3.3724 -107.0040 -22.0983 -19.8941 96.1454 0.7731 15.3570 6.3345 -1.1666 6.8563 -19.2905 -0.5816 -0.5997 42.4522 -0.5752 2.4489 18.9466 -1.1047 2.6852 1.0717 13.4363 12.7313 -9.0215 -12.8091 16.0403 -2.7100 -4.9090 7.8176 2.7483 0.0000 -0.0000 0.0000 16.8048 -73.8575 18.9295 32.8961 -43.2501 -13.3508 -0.0000 0.0000 -24.9393 -9.2272 44.4611 -6.4915 -7.1250 0.0000 -0.0000 -60.2930 64.5441 -33.9816 0.0000 -0.0000 0.0000 -4.9750 61.5441 32.1295 -44.8449 50.6923 -22.1187 0.0000 -0.0000 -12.4318 -20.7321 44.7641 -14.9247 7.1250 -0.0000 -0.0000 8.5115 16.2603 10.6524
19.3742 2.8354 4.6299 178.5060 86.1617 151.8920 0.0000 0.0000 0.0000 -16.1047 -4.0889 -100.9252 15.3974 19.4843 76.4310 3.1229 12.8532 31.9629 3.6665 11.7028 34.6887 0.0000 0.0000 0.0000 16.4384 3.3215 -107.0491 -22.0775 -19.8962 96.0844 0.7726 15.3489 6.2149 -1.0942 6.6473 -18.6745 -0.5256 -0.6961 42.3942 -0.5631 2.3563 18.9741 -1.0866 2.6429 1.1168 13.2334 12.9287 -9.5156 -12.6308 16.2863 -2.3020 -4.7574 7.9231 2.9432 -0.0000 -0.0000 0.0000 16.9007 -73.6004 18.8915 32.8907 -43.2458 -13.3471 -0.0000 0.0000 -25.2100 -9.0401 44.6170 -6.3762 -7.1250 0.0000 -0.0000 -60.4079 64.6845 -34.2495 -0.0000 -0.0000 0.0000 -5.2914 61.6112 31.8287 -44.7470 50.6439 -22.0429 0.0000 -0.0000 -12.4449 -19.7301 44.6273 -14.1411 7.1250 -0.0000 -0.0000 8.9555 15.8944 11.1806
19.3731 2.8340 4.6296 178.0700 86.3950 151.4250 0.0000 0.0000 0.0000 -16.1117 -3.7854 -101.0225 15.4063 19.4864 76.4575 3.1539 12.7031 32.1172 3.6258 11.6451 34.4878 0.0000 0.0000 0.0000 16.5105 3.5395 -106.9585 -22.0988 -19.8941 96.1469 0.7778 15.3999 6.2842 -1.0646 6.5599 -18.4178 -0.5796 -0.5758 42.5463 -0.5537 2.4674 18.8936 -1.0944 2.6873 0.9862 13.4435 12.9891 -9.1940 -12.8572 16.3827 -2.4115 -4.8636 7.9762 2.9113 0.0000 -0.0000 0.0000 16.4481 -73.5076 19.2602 32.8923 -43.2471 -13.3482 -0.0000 0.0000 -25.6398 -10.0747 44.5898 -7.1098 -7.1250 0.0000 -0.0000 -61.2091 64.3660 -34.4479 0.0000 -0.0000 0.0000 -5.2309 61.5904 31.9783 -44.7898 50.6651 -22.0760 0.0000 -0.0000 -12.5889 -19.2589 44.0694 -13.6588 7.1250 -0.0000 -0.0000 9.0620 15.2461 11.2457
19.3750 2.8372 4.6185 177.6640 86.8894 151.0150 0.0000 0.0000 0.0000 -15.7714 -3.3936 -101.1722 15.4634 19.4992 76.6287 3.1317 12.7901 32.0059 3.7026 11.7537 34.8662 0.0000 0.0000 0.0000 16.7138 3.9519 -106.7856 -22.0912 -19.8948 96.1245 0.7756 15.3762 6.1430 -1.0852 6.6209 -18.5969 -0.5621 -0.4427 42.5101 -0.5315 2.6235 18.9146 -1.1302 2.7596 1.0216 13.9204 13.0779 -8.7846 -13.5122 16.5117 -2.6552 -5.1374 8.0424 2.8949 0.0000 -0.0000 0.0000 16.2535 -73.3503 19.2549 32.9211 -43.2693 -13.3680 -0.0000 0.0000 -26.1336 -9.2128 44.5827 -6.4951 -7.1250 0.0000 -0.0000 -60.4904 64.6149 -34.2227 0.0000 -0.0000 0.0000 -5.5150 61.6507 31.8301 -44.8902 50.7146 -22.1537 0.0000 -0.0000 -12.7029 -18.9444 43.2777 -13.2411 7.1250 -0.0000 -0.0000 9.0525 14.4077 11.1401
19.3750 2.8340 4.6108 187.3250 87.2073 160.5640 0.0000 0.0000 0.0000 -15.0436 -3.2953 -101.2097 15.5016 19.5078 76.7430 3.1480 12.8569 32.0938 3.8216 11.9191 35.4463 0.0000 0.0000 0.0000 17.1639 4.0833 -106.5208 -22.0555 -19.8984 96.0197 0.7814 15.4308 6.1331 -1.0679 6.5696 -18.4465 -0.1739 -0.5792 42.6308 -0.4600 2.5647 18.7628 -1.2436 2.7360 0.8200 14.6769 13.1876 -7.7798 -14.3361 16.7109 -3.0468 -5.5328 8.1604 2.7932 -0.0000 0.0000 0.0000 14.4522 -73.0904 20.8524 32.9439 -43.2868 -13.3836 -0.0000 0.0000 -26.6419 -8.4123 44.4658 -5.9143 -7.1250 0.0000 -0.0000 -59.6279 64.7864 -33.7888 -0.0000 0.0000 0.0000 -5.0436 62.0005 32.4685 -45.0226 50.7795 -22.2562 0.0000 -0.0000 -12.8862 -18.0988 43.4970 -12.6783 7.1250 -0.0000 -0.0000 9.5043 14.4350 11.7125
19.3738 2.8353 4.6062 191.8690 87.3899 165.0280 0.0000 0.0000 0.0000 -14.6564 -3.2295 -101.1638 15.5170 19.5112 76.7893 3.1607 12.7940 32.1567 3.7790 11.8603 35.2396 0.0000 0.0000 0.0000 17.2644 4.2987 -106.3196 -22.0143 -19.9024 95.8985 0.7969 15.5800 6.2947 -1.0670 6.5669 -18.4386 -0.2443 -0.5948 42.7216 -0.4156 2.4774 18.6041 -1.1422 2.6640 0.6120 15.0830 13.3993 -7.2543 -14.7280 17.0447 -2.8975 -5.6899 8.3294 2.8758 0.0000 -0.0000 0.0000 12.6031 -72.7622 22.3289 32.8444 -43.2101 -13.3154 -0.0000 0.0000 -27.3885 -9.3328 44.6731 -6.5909 -7.1250 0.0000 -0.0000 -60.7453 64.6289 -34.4350 0.0000 -0.0000 0.0000 -4.5389 62.4828 33.0859 -45.1097 50.8221 -22.3238 0.0000 -0.0000 -12.5350 -17.2518 43.4141 -12.0476 7.1250 -0.0000 -0.0000 9.8978 14.1749 12.1776
19.3786 2.8348 4.5995 185.6480 87.2567 158.7740 0.0000 0.0000 0.0000 -14.9830 -3.3546 -101.0664 15.5343 19.5150 76.8411 3.1654 12.6126 32.1733 3.7386 11.8042 35.0427 0.0000 0.0000 0.0000 16.8480 4.1942 -106.4026 -22.0553 -19.8984 96.0191 0.8035 15.6382 6.0957 -1.0797 6.6047 -18.5495 -0.5213 -0.5841 42.6784 -0.5124 2.3674 18.5447 -1.0682 2.5904 0.5546 15.2628 13.4364 -6.9866 -14.8675 17.1163 -2.9100 -5.7640 8.3699 2.8699 0.0000 0.0000 0.0000 11.6354 -72.7435 23.1851 32.7311 -43.1223 -13.2379 -0.0000 0.0000 -27.6815 -9.1994 44.5842 -6.4858 -7.1250 0.0000 -0.0000 -60.4820 64.6196 -34.2224 0.0000 0.0000 0.0000 -4.2106 62.5939 33.5301 -45.2348 50.8830 -22.4208 0.0000 -0.0000 -11.9906 -16.4676 43.3550 -11.4714 7.1250 -0.0000 -0.0000 10.2661 13.9554 12.6150
19.3786 2.8349 4.5972 185.6600 87.2683 158.8420 0.0000 0.0000 0.0000 -14.9469 -3.4104 -101.1107 15.5327 19.5146 76.8361 3.1712 12.8832 32.2153 3.8518 11.9605 35.5925 0.0000 0.0000 0.0000 16.7841 4.2631 -106.4573 -22.0841 -19.8955 96.1038 0.7882 15.4928 6.0175 -1.0638 6.5574 -18.4106 -0.5694 -0.5703 42.6823 -0.5182 2.3434 18.4550 -1.0463 2.5656 0.4517 15.3163 13.4583 -6.8823 -14.8873 17.1614 -2.7913 -5.7742 8.3917 2.9019 -0.0000 0.0000 0.0000 11.2294 -72.7844 23.5615 32.6557 -43.0637 -13.1864 -0.0000 0.0000 -27.8457 -9.9489 44.6458 -7.0270 -7.1250 0.0000 -0.0000 -61.2024 64.4330 -34.5302 -0.0000 0.0000 0.0000 -4.1472 62.6628 33.8494 -45.3301 50.9292 -22.4947 0.0000 -0.0000 -11.7035 -16.2925 42.4995 -11.1698 7.1250 -0.0000 -0.0000 10.1993 13.0897 12.4176
19.3789 2.8339 4.5982 185.6190 87.3025 158.7630 0.0000 0.0000 0.0000 -14.9369 -3.3903 -101.0717 15.5299 19.5140 76.8280 3.1711 13.2708 32.2348 4.0748 12.2593 36.6555 0.0000 0.0000 0.0000 16.5184 4.4593 -106.3152 -22.0524 -19.8987 96.0107 0.7963 15.5711 6.1046 -1.0676 6.5688 -18.4440 -0.5261 -0.5106 42.6518 -0.5093 2.4307 18.4458 -1.0883 2.6112 0.4510 15.2807 13.4070 -6.7737 -14.8666 17.1084 -2.7759 -5.7764 8.3687 2.8770 0.0000 -0.0000 0.0000 11.3014 -73.0779 23.5137 32.6152 -43.0321 -13.1587 -0.0000 0.0000 -28.0345 -9.9297 44.8193 -7.0346 -7.1250 0.0000 -0.0000 -61.4860 64.5320 -34.8772 0.0000 -0.0000 0.0000 -4.1164 62.5278 34.0399 -45.3086 50.9187 -22.4780 0.0000 -0.0000 -11.6668 -14.3466 42.0878 -9.7277 7.1250 -0.0000 -0.0000 11.0877 12.3112 13.4211
19.3757 2.8360 4.5989 187.4210 87.2076 160.5880 0.0000 0.0000 0.0000 -14.9319 -3.4965 -101.0530 15.5091 19.5094 76.7657 3.2007 13.1954 32.3832 4.0334 12.2047 36.4601 0.0000 0.0000 0.0000 16.4172 4.4377 -106.2926 -22.0336 -19.9006 95.9552 0.7983 15.5891 6.0937 -1.0503 6.5169 -18.2918 -0.3974 -0.5763 42.6285 -0.5987 2.3885 18.4024 -1.2352 2.6028 0.4131 15.4139 13.5130 -6.8807 -14.8404 17.2402 -2.5371 -5.7554 8.4245 2.9916 0.0000 -0.0000 0.0000 11.3978 -73.1597 23.5579 32.5929 -43.0148 -13.1435 -0.0000 0.0000 -28.1291 -10.0034 44.9088 -7.0983 -7.1250 0.0000 -0.0000 -61.7012 64.5581 -35.0773 0.0000 -0.0000 0.0000 -3.9531 62.6091 34.2953 -45.2061 50.8691 -22.3985 0.0000 -0.0000 -11.6591 -12.6869 41.4174 -8.4705 7.1250 -0.0000 -0.0000 11.8095 11.3603 14.1770
19.3725 2.8360 4.6016 188.4390 87.1301 161.5630 0.0000 0.0000 0.0000 -14.9593 -3.5455 -100.9869 15.4931 19.5059 76.7175 3.2332 13.0865 32.5442 4.0667 12.2486 36.6173 0.0000 0.0000 0.0000 16.4233 4.3632 -106.2286 -22.0179 -19.9021 95.9091 0.8050 15.6547 6.2334 -1.0003 6.3645 -17.8457 -0.1694 -0.5800 42.7736 -0.6171 2.4618 18.2910 -1.4046 2.6538 0.2550 15.3965 13.4648 -6.9625 -14.7436 17.1792 -2.2538 -5.7179 8.3864 3.0687 0.0000 -0.0000 0.0000 11.2318 -73.5702 23.7825 32.5377 -42.9716 -13.1059 -0.0000 0.0000 -28.1403 -9.9496 44.8346 -7.0506 -7.1250 0.0000 -0.0000 -61.5285 64.5343 -34.9129 0.0000 -0.0000 0.0000 -3.3036 62.3102 34.9304 -44.9417 50.7399 -22.1936 0.0000 -0.0000 -11.3655 -10.2056 41.0330 -6.7404 7.1250 -0.0000 -0.0000 12.9947 10.5753 15.5250
19.3710 2.8351 4.6039 184.8050 87.0694 157.9420 0.0000 0.0000 0.0000 -15.2171 -3.5268 -100.9846 15.4805 19.5031 76.6800 3.2561 12.9930 32.6572 4.1429 12.3482 36.9751 0.0000 0.0000 0.0000 16.2215 4.3478 -106.2593 -22.0095 -19.9029 95.8846 0.8188 15.7803 6.0661 -0.9408 6.1778 -17.3011 -0.3768 -0.4837 42.7203 -0.6535 2.4984 18.2918 -1.3487 2.6602 0.2692 15.2778 13.5309 -7.1109 -14.5873 17.2682 -1.9979 -5.6264 8.4230 3.1546 0.0000 0.0000 0.0000 11.3566 -73.6212 23.4436 32.4532 -42.9055 -13.0483 -0.0000 0.0000 -28.5671 -10.3883 44.9958 -7.3855 -7.1250 0.0000 -0.0000 -62.1639 64.4909 -35.3474 0.0000 0.0000 0.0000 -3.0882 62.3570 35.2250 -44.4593 50.5008 -21.8207 0.0000 -0.0000 -11.2023 -8.4049 39.8803 -5.4119 7.1250 -0.0000 -0.0000 13.7706 9.1909 16.2315
19.3614 2.8348 4.6064 184.6940 87.0173 157.7920 0.0000 0.0000 0.0000 -15.0803 -3.6901 -100.7891 15.4150 19.4883 76.4835 3.2825 13.0971 32.7966 4.1275 12.3282 36.9029 0.0000 0.0000 0.0000 16.4562 4.2386 -106.2844 -21.9766 -19.9061 95.7880 0.8128 15.7260 6.2074 -1.0972 6.6561 -18.7005 -0.2544 -0.4799 42.7883 -0.6961 2.5433 18.2284 -1.4761 2.6927 0.1847 14.9879 13.5128 -7.2878 -14.3085 17.2538 -1.6609 -5.4847 8.4082 3.2278 0.0000 -0.0000 0.0000 10.8193 -73.8087 23.7594 32.3072 -42.7907 -12.9490 -0.0000 0.0000 -28.8639 -10.8952 45.0021 -7.7509 -7.1250 0.0000 -0.0000 -62.5836 64.3451 -35.4813 0.0000 -0.0000 0.0000 -2.8911 62.1983 35.7763 -44.2064 50.3737 -21.6257 0.0000 -0.0000 -11.2162 -6.9561 39.3513 -4.4237 7.1250 -0.0000 -0.0000 14.4541 8.4808 16.9364
19.3465 2.8346 4.6069 189.1670 87.0809 162.1390 0.0000 0.0000 0.0000 -14.5480 -3.8764 -100.4980 15.3451 19.4724 76.2740 3.2994 13.2257 32.8888 4.0750 12.2596 36.6565 0.0000 0.0000 0.0000 16.7921 4.2401 -106.0908 -21.9017 -19.9131 95.5679 0.8163 15.7626 6.3983 -1.1355 6.7674 -19.0281 0.0305 -0.5511 42.8550 -0.7267 2.5661 18.2150 -1.6634 2.7275 0.1588 15.2082 13.5930 -7.2891 -14.4445 17.3583 -1.5109 -5.5362 8.4533 3.3201 -0.0000 0.0000 0.0000 10.1770 -73.9085 24.0439 32.0890 -42.6181 -12.8011 -0.0000 0.0000 -29.2001 -11.4705 45.1146 -8.1814 -7.1250 0.0000 -0.0000 -63.2396 64.2350 -35.8475 -0.0000 0.0000 0.0000 -2.6511 62.1887 36.0333 -43.8008 50.1673 -21.3138 0.0000 -0.0000 -11.0910 -5.0847 38.8336 -3.1935 7.1250 -0.0000 -0.0000 15.3634 7.7455 17.9079
19.3392 2.8315 4.6070 193.6220 87.1129 166.3730 0.0000 0.0000 0.0000 -14.2321 -3.9074 -100.2555 15.3414 19.4715 76.2630 3.2564 13.4533 32.6827 4.2802 12.5243 37.6128 0.0000 0.0000 0.0000 17.2781 4.0901 -105.9107 -21.8767 -19.9154 95.4944 0.8192 15.7930 6.5207 -1.1895 6.9210 -19.4815 0.3244 -0.6257 43.0208 -0.7438 2.5951 18.1896 -1.8462 2.7671 0.0938 14.9955 13.5905 -7.3702 -14.1425 17.3561 -1.3753 -5.4095 8.4524 3.3233 0.0000 -0.0000 0.0000 10.2586 -74.1759 23.7812 31.8035 -42.3900 -12.6081 -0.0000 0.0000 -29.5640 -11.5279 44.8809 -8.1899 -7.1250 0.0000 -0.0000 -62.8847 64.0963 -35.3843 0.0000 -0.0000 0.0000 -2.3743 62.1550 36.3403 -43.5289 50.0271 -21.1053 0.0000 -0.0000 -11.0683 -4.1651 38.7250 -2.6084 7.1250 -0.0000 -0.0000 15.8234 7.5328 18.4341
19.3257 2.8310 4.6079 192.0100 87.0313 164.5630 0.0000 0.0000 0.0000 -14.3415 -3.9970 -99.9237 15.2874 19.4590 76.1008 3.2803 13.2758 32.7943 4.2520 12.4884 37.4825 0.0000 0.0000 0.0000 17.0853 3.9786 -105.6228 -21.8764 -19.9154 95.4937 0.8177 15.7752 6.3861 -1.1106 6.6954 -18.8161 0.2418 -0.6458 43.1223 -0.8052 2.5499 18.2025 -1.8556 2.7497 0.0813 15.0485 13.6670 -7.3349 -14.2810 17.4671 -1.3552 -5.4444 8.5053 3.3583 -0.0000 -0.0000 0.0000 9.7305 -74.3288 23.9659 31.5151 -42.1572 -12.4141 -0.0000 0.0000 -29.8819 -10.5656 44.9810 -7.5110 -7.1250 0.0000 -0.0000 -62.2812 64.4309 -35.3595 -0.0000 -0.0000 0.0000 -2.3542 62.2373 36.3612 -43.1886 49.8496 -20.8448 0.0000 -0.0000 -11.4294 -3.1767 39.5007 -2.0219 7.1250 -0.0000 -0.0000 16.3725 8.1645 19.2809
19.3132 2.8319 4.6078 190.5310 86.9803 163.0610 0.0000 0.0000 0.0000 -14.3643 -4.0956 -99.7556 15.2188 19.4429 75.8949 3.2467 13.5801 32.6407 4.2236 12.4521 37.3507 0.0000 0.0000 0.0000 16.8222 3.9697 -105.4423 -21.8190 -19.9205 95.3252 0.8206 15.7987 6.2154 -1.0013 6.3676 -17.8549 0.0532 -0.6091 43.0227 -0.7555 2.5397 18.3015 -1.6962 2.7354 0.2130 14.9684 13.7994 -7.5154 -14.4155 17.6311 -1.4778 -5.4436 8.5822 3.3799 0.0000 0.0000 0.0000 9.4536 -74.4544 23.5353 31.1412 -41.8517 -12.1640 -0.0000 0.0000 -29.9876 -11.4389 45.0630 -8.1513 -7.1250 0.0000 -0.0000 -63.1252 64.2174 -35.7342 0.0000 0.0000 0.0000 -3.0733 62.3355 35.9572 -43.1222 49.8147 -20.7941 0.0000 -0.0000 -11.8299 -3.6481 39.3050 -2.3128 7.1250 -0.0000 -0.0000 16.1230 8.0299 18.9312
19.3071 2.8285 4.6101 191.0510 87.0485 163.4510 0.0000 0.0000 0.0000 -13.9920 -4.1253 -99.5299 15.2190 19.4429 75.8955 3.1048 14.3043 31.9671 4.2283 12.4582 37.3726 0.0000 0.0000 0.0000 16.6329 4.1470 -105.1665 -21.7903 -19.9230 95.2411 0.8203 15.7940 5.9852 -0.9520 6.2137 -17.4056 -0.0185 -0.5576 42.9608 -0.7139 2.5658 18.2858 -1.6241 2.7361 0.2092 14.9345 13.8605 -7.3384 -14.5158 17.7437 -1.4699 -5.4647 8.6414 3.3782 -0.0000 0.0000 0.0000 9.1548 -74.5635 23.6738 30.8634 -41.6220 -11.9790 -0.0000 0.0000 -30.2036 -12.0405 45.0788 -8.5885 -7.1250 0.0000 -0.0000 -63.6335 64.0496 -35.9076 -0.0000 0.0000 0.0000 -3.0599 62.5025 36.2105 -42.8790 49.6860 -20.6084 0.0000 -0.0000 -11.9935 -4.6077 39.0342 -2.9056 7.1250 -0.0000 -0.0000 15.6199 7.8809 18.2608
19.3089 2.8256 4.6164 191.7650 86.7303 164.0570 0.0000 0.0000 0.0000 -14.1588 -4.3012 -99.4043 15.2314 19.4458 75.9328 3.0514 14.3321 31.6938 4.1791 12.3950 37.1441 0.0000 0.0000 0.0000 16.5565 3.8919 -105.2068 -21.8607 -19.9168 95.4475 0.7996 15.6009 6.0226 -1.0483 6.5110 -18.2744 -0.1226 -0.6267 42.9074 -0.6248 2.4600 18.3324 -1.4372 2.6754 0.2675 15.1564 13.9999 -7.2318 -15.0105 17.9430 -1.6164 -5.6242 8.7382 3.4188 0.0000 -0.0000 0.0000 9.0042 -74.6506 23.5205 30.5662 -41.3738 -11.7821 -0.0000 0.0000 -30.4099 -12.9738 45.1877 -9.2824 -7.1250 0.0000 -0.0000 -64.5611 63.8332 -36.3466 0.0000 -0.0000 0.0000 -2.8615 62.7523 36.2086 -42.3446 49.3992 -20.2018 0.0000 -0.0000 -11.8782 -4.7388 39.0690 -2.9907 7.1250 -0.0000 -0.0000 15.5560 7.9292 18.1917
19.3052 2.8207 4.6240 191.0880 86.4373 163.2130 0.0000 0.0000 0.0000 -14.2972 -4.4933 -99.1605 15.2133 19.4416 75.8784 3.0131 14.5157 31.5123 4.1814 12.3979 37.1546 0.0000 0.0000 0.0000 16.4010 3.6514 -105.1794 -21.9009 -19.9131 95.5657 0.8060 15.6604 6.0571 -1.1199 6.7224 -18.8954 -0.1152 -0.6823 42.9388 -0.6424 2.4107 18.3432 -1.4428 2.6602 0.2710 15.3205 14.0945 -7.2902 -15.2205 18.0637 -1.5797 -5.6862 8.7909 3.4937 0.0000 -0.0000 0.0000 8.8607 -74.8841 23.7206 30.4075 -41.2402 -11.6773 -0.0000 0.0000 -30.6510 -13.3255 45.6532 -9.6137 -7.1250 0.0000 -0.0000 -65.6357 63.9639 -37.3871 0.0000 -0.0000 0.0000 -2.6135 62.7858 36.3383 -42.0152 49.2195 -19.9521 0.0000 -0.0000 -11.7067 -4.3106 39.0846 -2.7208 7.1250 -0.0000 -0.0000 15.7738 7.8942 18.4576
19.3070 2.8204 4.6279 187.2560 86.2336 159.4520 0.0000 0.0000 0.0000 -14.6532 -4.6073 -99.1536 15.1888 19.4357 75.8047 3.0242 14.3493 31.5543 3.9371 12.0763 36.0023 0.0000 0.0000 0.0000 16.1359 3.5375 -105.3886 -21.9033 -19.9129 95.5726 0.8113 15.7136 6.2484 -1.2269 7.0250 -19.7896 -0.1846 -0.6131 42.7577 -0.6994 2.4525 18.2909 -1.4801 2.6752 0.2621 15.3746 14.0638 -7.2727 -15.3139 18.0254 -1.5776 -5.7272 8.7706 3.5013 0.0000 -0.0000 0.0000 8.6098 -75.2561 23.9878 30.2439 -41.1016 -11.5696 -0.0000 0.0000 -30.6345 -12.8996 45.6297 -9.2976 -7.1250 0.0000 -0.0000 -65.2619 64.0774 -37.2414 0.0000 -0.0000 0.0000 -2.5470 62.6071 36.6216 -41.9378 49.1770 -19.8935 0.0000 -0.0000 -11.9339 -4.0864 39.1696 -2.5837 7.1250 -0.0000 -0.0000 15.8930 7.9502 18.6211
19.3067 2.8164 4.6326 188.9840 86.1776 161.1290 0.0000 0.0000 0.0000 -14.5414 -4.6488 -99.1131 15.1860 19.4351 75.7963 3.0102 14.2077 31.4687 3.7860 11.8701 35.2738 0.0000 0.0000 0.0000 16.0585 3.5023 -105.3136 -21.9134 -19.9120 95.6023 0.8271 15.8565 6.0477 -0.9761 6.2894 -17.6264 -0.0203 -0.6051 42.6276 -0.6404 2.5204 18.2793 -1.5216 2.7141 0.2854 15.6144 14.0742 -7.1662 -15.5873 18.0416 -1.6653 -5.8474 8.7791 3.5122 -0.0000 0.0000 0.0000 7.9292 -75.6213 24.5742 29.9384 -40.8406 -11.3693 -0.0000 0.0000 -30.3979 -13.2929 45.7231 -9.6010 -7.1250 0.0000 -0.0000 -65.7313 64.0080 -37.5252 -0.0000 0.0000 0.0000 -2.3480 62.4686 36.9321 -41.7006 49.0458 -19.7141 0.0000 -0.0000 -11.8397 -4.3423 39.4332 -2.7613 7.1250 -0.0000 -0.0000 15.7822 8.2315 18.5473
19.3083 2.8140 4.6346 188.5010 85.9933 160.6830 0.0000 0.0000 0.0000 -14.7608 -4.7417 -99.1507 15.1818 19.4340 75.7836 3.0308 13.8822 31.5489 3.6528 11.6835 34.6215 0.0000 0.0000 0.0000 15.9135 3.3575 -105.4499 -21.9424 -19.9093 95.6876 0.8289 15.8732 6.0531 -0.9685 6.2655 -17.5567 0.1574 -0.6295 42.6020 -0.7127 2.5073 18.0373 -1.6952 2.7036 0.0259 15.6585 14.1109 -7.1249 -15.3242 18.1038 -1.2877 -5.7584 8.8053 3.6021 0.0000 -0.0000 0.0000 6.2780 -75.9105 26.3680 29.7213 -40.6533 -11.2276 -0.0000 0.0000 -30.2437 -13.3793 45.8457 -9.6843 -7.1250 0.0000 -0.0000 -66.0113 64.0429 -37.8005 0.0000 -0.0000 0.0000 -1.1527 62.3017 38.0862 -41.4556 48.9090 -19.5293 0.0000 -0.0000 -11.7870 -4.4422 39.5873 -2.8342 7.1250 -0.0000 -0.0000 15.7429 8.3908 18.5348
19.3092 2.8121 4.6340 186.9280 85.9655 159.0620 0.0000 0.0000 0.0000 -14.8692 -4.7293 -99.0855 15.1874 19.4354 75.8005 3.0300 13.6981 31.5306 3.6119 11.6252 34.4188 0.0000 0.0000 0.0000 15.7917 3.3745 -105.4767 -21.9451 -19.9090 95.6953 0.8440 16.0161 6.3959 -1.1362 6.7696 -19.0345 0.2164 -0.5985 42.5595 -0.8230 2.5208 17.8498 -1.8545 2.7039 -0.1674 16.1645 14.1156 -6.6293 -15.6710 18.1526 -1.2781 -5.9550 8.8382 3.6173 -0.0000 0.0000 0.0000 5.4607 -76.0569 27.7261 29.5451 -40.5002 -11.1130 -0.0000 0.0000 -30.1673 -13.5101 45.6234 -9.7445 -7.1250 0.0000 -0.0000 -65.7287 63.8951 -37.3674 -0.0000 0.0000 0.0000 -0.0920 62.2334 39.2343 -41.2269 48.7802 -19.3571 0.0000 -0.0000 -11.5408 -5.2335 38.9589 -3.2962 7.1250 -0.0000 -0.0000 15.2969 7.8840 17.8566
19.3154 2.8093 4.6323 182.4870 85.8661 154.6340 0.0000 0.0000 0.0000 -15.2931 -4.6982 -99.0944 15.2044 19.4394 75.8515 3.0202 13.7028 31.4798 3.6339 11.6566 34.5279 0.0000 0.0000 0.0000 15.4136 3.3084 -105.5768 -21.9943 -19.9044 95.8400 0.8564 16.1252 6.1315 -1.0433 6.4958 -18.2299 -0.0218 -0.5499 42.5293 -1.0152 2.4128 17.5580 -1.9123 2.6176 -0.4863 16.5201 14.1834 -5.9538 -15.5291 18.3043 -1.1787 -5.9829 8.9348 3.5780 0.0000 0.0000 0.0000 3.2626 -75.9611 30.2440 29.3658 -40.3435 -10.9967 -0.0000 0.0000 -29.8817 -14.0361 45.4073 -10.0944 -7.1250 0.0000 -0.0000 -65.7702 63.6345 -37.0397 0.0000 0.0000 0.0000 1.3054 62.4605 40.6241 -40.8250 48.5511 -19.0553 0.0000 -0.0000 -11.3175 -4.7543 39.2782 -3.0140 7.1250 -0.0000 -0.0000 15.5632 8.1318 18.2478
19.3218 2.8075 4.6305 181.7940 85.9324 154.0120 0.0000 0.0000 0.0000 -15.2960 -4.6155 -99.2496 15.2458 19.4492 75.9760 3.0053 13.9448 31.4210 3.8849 12.0056 35.7518 0.0000 0.0000 0.0000 15.4309 3.3817 -105.6584 -22.0128 -19.9026 95.8943 0.8487 16.0548 6.0539 -1.0358 6.4732 -18.1638 0.0537 -0.4785 42.3643 -0.9814 2.5002 17.4738 -1.9450 2.6506 -0.5336 16.2714 14.1703 -5.9727 -15.3956 18.3050 -1.0486 -5.9048 8.9342 3.5833 0.0000 -0.0000 0.0000 1.9432 -76.2654 31.4086 29.0655 -40.0788 -10.8028 -0.0000 0.0000 -29.3703 -14.6283 45.0354 -10.4632 -7.1250 0.0000 -0.0000 -65.6096 63.2776 -36.4122 0.0000 -0.0000 0.0000 1.8896 62.2843 41.3716 -40.3702 48.2877 -18.7151 0.0000 -0.0000 -11.6513 -6.1222 39.6859 -3.9184 7.1250 -0.0000 -0.0000 14.9048 8.6924 17.5457
19.3266 2.8082 4.6302 183.0860 86.1004 155.3850 0.0000 0.0000 0.0000 -15.0951 -4.5062 -99.4308 15.2868 19.4588 76.0990 3.0036 13.8695 31.4063 3.8749 11.9921 35.7040 0.0000 0.0000 0.0000 15.6421 3.4897 -105.7028 -21.9960 -19.9042 95.8448 0.8503 16.0699 6.0944 -1.0426 6.4936 -18.2236 0.1729 -0.4560 42.1974 -1.0150 2.5331 17.3747 -2.0528 2.6599 -0.5949 16.3005 14.3331 -6.0255 -15.4133 18.5460 -0.6627 -5.8643 9.0424 3.7481 -0.0000 0.0000 0.0000 1.1777 -76.2260 32.2143 28.7955 -39.8383 -10.6295 -0.0000 0.0000 -29.2575 -14.2936 44.4594 -10.1178 -7.1250 0.0000 -0.0000 -64.3946 63.0798 -35.1748 -0.0000 0.0000 0.0000 2.4602 62.3663 42.0184 -39.6905 47.8855 -18.2093 0.0000 -0.0000 -11.9094 -7.9469 39.9346 -5.1205 7.1250 -0.0000 -0.0000 14.0073 9.1785 16.5241
19.3308 2.8102 4.6320 183.5050 86.0230 155.8090 0.0000 0.0000 0.0000 -15.1250 -4.5622 -99.4296 15.2899 19.4596 76.1083 3.0091 13.7397 31.4247 3.6753 11.7153 34.7322 0.0000 0.0000 0.0000 15.6662 3.3747 -105.7671 -22.0355 -19.9004 95.9608 0.8511 16.0769 6.0050 -0.9785 6.2970 -17.6486 0.2454 -0.4870 42.1009 -1.0798 2.5151 17.3675 -2.1497 2.6585 -0.5734 16.0497 14.6126 -6.9671 -15.1929 18.8816 0.3255 -5.6219 9.1557 4.1974 -0.0000 0.0000 0.0000 0.9782 -76.2968 32.6560 28.4391 -39.5173 -10.4019 -0.0000 0.0000 -29.7521 -13.5261 43.8819 -9.4670 -7.1250 0.0000 -0.0000 -62.8421 62.9935 -33.8558 -0.0000 0.0000 0.0000 3.0362 62.3589 42.4437 -38.8450 47.3705 -17.5847 0.0000 -0.0000 -12.5700 -8.2946 40.6240 -5.4223 7.1250 -0.0000 -0.0000 13.9027 9.8919 16.5355
19.3391 2.8133 4.6322 184.0690 86.1411 156.3930 0.0000 0.0000 0.0000 -15.0036 -4.4605 -99.5141 15.3190 19.4663 76.1957 3.0175 13.6365 31.4608 3.8368 11.9399 35.5199 0.0000 0.0000 0.0000 15.8601 3.4447 -105.8175 -22.0873 -19.8952 96.1130 0.8376 15.9533 5.9295 -1.0627 6.5542 -18.4010 0.2960 -0.3901 42.0082 -1.0834 2.6122 17.2201 -2.2173 2.6915 -0.7083 15.7702 14.7369 -6.9949 -14.9626 19.0858 0.7145 -5.4737 9.2505 4.2974 -0.0000 0.0000 0.0000 -0.4474 -76.5345 34.3007 27.9382 -39.0592 -10.0847 -0.0000 0.0000 -29.9704 -13.3097 43.2733 -9.2111 -7.1250 0.0000 -0.0000 -61.6980 62.7243 -32.6237 -0.0000 0.0000 0.0000 3.9974 62.2623 43.4944 -38.0332 46.8605 -16.9898 0.0000 -0.0000 -13.1614 -9.6406 40.3684 -6.2786 7.1250 -0.0000 -0.0000 13.2000 9.8461 15.6473
19.3505 2.8150 4.6315 186.5780 86.2451 158.9880 0.0000 0.0000 0.0000 -14.7812 -4.3966 -99.7254 15.3790 19.4801 76.3756 3.0128 13.6169 31.4351 3.7680 11.8451 35.1863 0.0000 0.0000 0.0000 16.1370 3.5478 -105.9604 -22.0941 -19.8945 96.1330 0.8454 16.0255 6.1675 -1.1658 6.8540 -19.2836 0.4956 -0.3498 41.9919 -1.1359 2.6375 16.7947 -2.4033 2.6723 -1.1718 15.9678 14.9116 -6.8436 -14.8662 19.3813 1.4768 -5.4151 9.3857 4.5553 -0.0000 0.0000 0.0000 -3.6054 -76.6876 37.8406 27.5143 -38.6653 -9.8188 -0.0000 0.0000 -30.2158 -13.0414 43.0511 -8.9853 -7.1250 0.0000 -0.0000 -61.1298 62.6763 -32.1367 -0.0000 0.0000 0.0000 6.1686 62.1258 45.5350 -37.3591 46.4251 -16.4997 0.0000 -0.0000 -13.3259 -10.7919 40.9772 -7.1248 7.1250 -0.0000 -0.0000 12.6953 10.6146 15.1573
19.3629 2.8169 4.6290 191.8340 86.2753 164.3400 0.0000 0.0000 0.0000 -14.4838 -4.4026 -99.9797 15.4353 19.4929 76.5444 3.0191 13.5394 31.4625 3.6155 11.6303 34.4365 0.0000 0.0000 0.0000 16.4483 3.5434 -106.0724 -22.1180 -19.8921 96.2035 0.8422 15.9958 6.1303 -1.1778 6.8881 -19.3842 1.0184 -0.4081 41.9689 -1.2836 2.6488 16.2850 -2.8538 2.6611 -1.7156 16.5264 15.1347 -6.2474 -15.0263 19.7731 1.9441 -5.5041 9.5880 4.7324 0.0000 -0.0000 0.0000 -7.5124 -76.8581 42.0753 27.1691 -38.3400 -9.6038 -0.0000 0.0000 -29.8424 -12.7090 43.1575 -8.7694 -7.1250 0.0000 -0.0000 -61.0225 62.8277 -32.2628 0.0000 -0.0000 0.0000 8.9168 61.7867 47.8391 -36.9618 46.1632 -16.2125 0.0000 -0.0000 -13.4442 -10.6944 41.6490 -7.1534 7.1250 -0.0000 -0.0000 12.8286 11.2479 15.4360
19.3615 2.8236 4.6268 189.2510 86.2883 161.9910 0.0000 0.0000 0.0000 -14.7094 -4.4076 -100.1729 15.4094 19.4871 76.4668 3.0264 13.4451 31.4939 3.7464 11.8150 35.0807 0.0000 0.0000 0.0000 16.1165 3.7176 -106.1401 -22.0878 -19.8952 96.1145 0.8207 15.7970 5.8058 -1.2029 6.9585 -19.5925 0.8290 -0.2279 41.8345 -1.3209 2.7267 16.0052 -2.8333 2.6571 -1.9890 16.2311 15.4671 -6.5145 -14.9205 20.2310 2.2321 -5.3358 9.7959 4.8895 -0.0000 0.0000 0.0000 -9.7624 -76.9678 43.9731 26.9461 -38.1277 -9.4658 -0.0000 0.0000 -28.4493 -12.7787 42.8935 -8.7755 -7.1250 0.0000 -0.0000 -60.6672 62.6610 -31.7757 -0.0000 0.0000 0.0000 10.3703 61.5213 49.1429 -36.7568 46.0266 -16.0647 0.0000 -0.0000 -13.6320 -10.4585 41.6589 -6.9950 7.1250 -0.0000 -0.0000 12.9465 11.2196 15.5796
19.3652 2.8299 4.6220 181.8150 85.9989 154.7610 0.0000 0.0000 0.0000 -15.3063 -4.6537 -100.1894 15.3860 19.4817 76.3966 2.9965 13.5324 31.3430 3.8307 11.9317 35.4908 0.0000 0.0000 0.0000 15.3893 3.6257 -106.4414 -22.1106 -19.8929 96.1816 0.8288 15.8726 5.8793 -1.1710 6.8689 -19.3275 0.4931 -0.0254 41.7638 -1.4516 2.7665 15.6358 -2.8290 2.6302 -2.3808 16.2754 15.7223 -6.4796 -15.1990 20.6300 2.4526 -5.3556 9.9789 5.0492 -0.0000 0.0000 0.0000 -14.3435 -77.1779 47.2886 26.7250 -37.9157 -9.3296 -0.0000 0.0000 -26.2787 -12.9538 42.5518 -8.8416 -7.1250 0.0000 -0.0000 -60.2851 62.4202 -31.1714 -0.0000 0.0000 0.0000 11.9157 61.0299 50.8460 -36.5988 45.9206 -15.9512 0.0000 -0.0000 -12.8145 -10.5752 42.1013 -7.1346 7.1250 -0.0000 -0.0000 12.9456 11.6648 15.6567
19.3788 2.8351 4.6208 182.7270 85.6483 155.7040 0.0000 0.0000 0.0000 -15.3595 -5.0475 -100.1373 15.4133 19.4880 76.4787 2.9950 13.3429 31.3222 3.7460 11.8146 35.0791 0.0000 0.0000 0.0000 15.0903 3.2671 -106.7043 -22.2166 -19.8818 96.4931 0.8710 16.2570 6.0176 -1.1549 6.8230 -19.1922 0.6704 -0.0662 41.6387 -1.5204 2.7399 15.4225 -2.9893 2.6091 -2.5772 16.2704 15.9505 -6.4719 -15.3648 20.9817 2.6532 -5.3410 10.1403 5.1822 0.0000 -0.0000 0.0000 -19.0202 -77.2623 49.6012 26.5005 -37.6987 -9.1920 -0.0000 0.0000 -24.0567 -11.7580 42.5891 -8.0179 -7.1250 0.0000 -0.0000 -59.3460 62.7710 -30.9635 0.0000 -0.0000 0.0000 13.0774 60.7229 52.1893 -36.3835 45.7752 -15.7967 0.0000 -0.0000 -11.4206 -9.3721 42.8629 -6.4060 7.1250 -0.0000 -0.0000 13.6303 12.2075 16.6265
19.3916 2.8388 4.6223 184.7290 85.4496 157.6280 0.0000 0.0000 0.0000 -15.1582 -5.3204 -100.0169 15.4560 19.4976 76.6065 2.9623 13.4795 31.1594 3.7770 11.8576 35.2302 0.0000 0.0000 0.0000 14.9324 3.0709 -106.7741 -22.2920 -19.8736 96.7149 0.9036 16.5476 6.2642 -1.1339 6.7629 -19.0147 0.9053 -0.0560 41.5611 -1.5499 2.8197 15.2941 -3.1732 2.6499 -2.6870 16.5923 16.2170 -6.1710 -15.9940 21.4183 2.5610 -5.5181 10.3515 5.2854 -0.0000 0.0000 0.0000 -24.3098 -77.1696 50.9802 26.1551 -37.3615 -8.9816 -0.0000 0.0000 -21.6694 -11.3625 42.8347 -7.7799 -7.1250 0.0000 -0.0000 -59.3977 63.0215 -31.3323 -0.0000 0.0000 0.0000 13.7159 60.4785 53.2600 -36.2072 45.6552 -15.6705 0.0000 -0.0000 -10.4749 -8.7239 43.1632 -5.9924 7.1250 -0.0000 -0.0000 13.9812 12.3972 17.1132
19.3928 2.8443 4.6269 182.6140 85.1573 155.5950 0.0000 0.0000 0.0000 -15.1871 -5.7488 -99.8695 15.4250 19.4906 76.5135 2.9083 13.9366 30.9105 3.8794 11.9982 35.7257 0.0000 0.0000 0.0000 14.3401 2.9549 -106.8453 -22.3255 -19.8698 96.8136 0.9181 16.6747 6.1325 -0.9875 6.3248 -17.7298 0.7513 0.0027 41.4116 -1.6703 2.7950 15.1513 -3.2151 2.6223 -2.8034 16.8430 16.4827 -5.3516 -16.8594 21.8907 1.8344 -5.8076 10.6149 5.1448 -0.0000 0.0000 0.0000 -29.1643 -76.2818 50.6888 26.0785 -37.2861 -8.9352 -0.0000 0.0000 -19.9276 -9.3909 43.6016 -6.5068 -7.1250 0.0000 -0.0000 -58.9820 64.0167 -32.3240 -0.0000 0.0000 0.0000 14.5746 60.5261 54.3669 -35.8712 45.4243 -15.4307 0.0000 -0.0000 -9.6300 -8.8507 42.7168 -6.0300 7.1250 -0.0000 -0.0000 13.8652 11.9867 16.8880
19.3863 2.8468 4.6313 180.5170 85.0885 153.6200 0.0000 0.0000 0.0000 -15.3068 -5.8612 -99.8920 15.3729 19.4788 76.3575 2.9277 13.7633 30.9982 3.8811 12.0004 35.7335 0.0000 0.0000 0.0000 13.9273 3.1628 -106.9134 -22.2868 -19.8742 96.6997 0.9382 16.8488 6.2965 -1.0995 6.6630 -18.7207 0.6984 0.1952 41.4036 -1.8213 2.9282 14.7652 -3.4135 2.6539 -3.2174 17.4072 16.6799 -4.5491 -17.3510 22.2719 1.6855 -6.0239 10.8315 5.1588 -0.0000 -0.0000 0.0000 -35.4174 -75.0149 50.9864 25.9607 -37.1699 -8.8639 -0.0000 0.0000 -17.8845 -6.3211 43.7007 -4.3765 -7.1250 0.0000 -0.0000 -56.5519 64.9659 -31.7335 -0.0000 -0.0000 0.0000 16.0681 60.2903 56.1287 -35.5825 45.2236 -15.2254 0.0000 -0.0000 -9.2370 -8.5932 43.2021 -5.9062 7.1250 -0.0000 -0.0000 14.0489 12.4140 17.2038
19.3774 2.8558 4.6285 180.4960 85.1911 153.5980 0.0000 0.0000 0.0000 -14.8571 -6.0485 -99.6846 15.3293 19.4687 76.2266 2.8654 14.4818 30.7350 4.1844 12.4018 37.1686 0.0000 0.0000 0.0000 13.8384 3.3022 -106.7564 -22.2524 -19.8779 96.5985 0.9327 16.8013 6.2355 -1.1115 6.6981 -18.8239 0.9123 0.3091 41.4025 -1.8636 3.0995 14.5152 -3.6424 2.7225 -3.4767 17.3488 16.8752 -4.1028 -17.4228 22.6330 1.7965 -6.0088 11.0231 5.1835 -0.0000 -0.0000 0.0000 -39.3442 -73.6111 49.1424 25.9759 -37.1849 -8.8731 -0.0000 0.0000 -16.9794 -3.7779 43.5486 -2.6048 -7.1250 0.0000 -0.0000 -54.0927 65.6276 -30.7467 -0.0000 -0.0000 0.0000 17.1681 59.9367 57.3113 -35.3856 45.0855 -15.0857 0.0000 -0.0000 -8.8989 -8.7539 43.3628 -6.0353 7.1250 -0.0000 -0.0000 13.9914 12.5933 17.1625
19.3697 2.8634 4.6205 176.3390 85.3134 149.6330 0.0000 0.0000 0.0000 -14.5227 -6.3129 -99.5948 15.2839 19.4582 76.0902 2.8101 14.7787 30.4741 4.3106 12.5626 37.7525 0.0000 0.0000 0.0000 13.5115 3.5763 -106.8672 -22.1940 -19.8842 96.4267 0.9631 17.0622 6.3295 -1.1014 6.6685 -18.7369 0.9421 0.5316 41.0929 -2.0449 3.2946 14.2110 -3.9249 2.7896 -3.7033 17.7330 17.0930 -3.3992 -17.6948 23.0594 1.9049 -6.1154 11.2566 5.2547 0.0000 -0.0000 0.0000 -41.8446 -71.3823 46.7448 26.1810 -37.3869 -8.9973 -0.0000 0.0000 -16.7076 -0.9701 42.6605 -0.6574 -7.1250 0.0000 -0.0000 -50.0631 65.9068 -28.2329 0.0000 -0.0000 0.0000 18.8856 59.4248 58.6979 -35.1827 44.9421 -14.9422 0.0000 -0.0000 -8.8748 -8.6299 43.3972 -5.9529 7.1250 -0.0000 -0.0000 14.0553 12.6069 17.2476
19.3854 2.8667 4.6159 181.1330 85.3628 154.3860 0.0000 0.0000 0.0000 -13.7042 -6.7184 -99.5257 15.3440 19.4721 76.2707 2.7980 14.6085 30.3906 4.0908 12.2803 36.7309 0.0000 0.0000 0.0000 13.9468 3.5559 -106.9456 -22.2037 -19.8832 96.4553 0.9583 17.0236 6.6733 -1.3553 7.3695 -20.8147 1.6273 0.4813 40.9699 -1.9726 3.4545 13.9903 -4.2658 2.8636 -3.8810 17.3276 17.3583 -3.6258 -17.0569 23.4518 2.7522 -5.7684 11.4256 5.4803 0.0000 0.0000 0.0000 -44.4821 -68.5729 44.3235 26.3504 -37.5526 -9.1004 -0.0000 0.0000 -14.3018 1.9921 41.1970 1.3124 -7.1250 0.0000 -0.0000 -44.8876 65.7955 -24.6616 0.0000 0.0000 0.0000 19.9618 58.7838 59.3612 -34.8540 44.7076 -14.7105 0.0000 -0.0000 -8.8322 -9.3390 43.4522 -6.4529 7.1250 -0.0000 -0.0000 13.7215 12.7689 16.8451
19.4220 2.8678 4.6134 187.4470 85.5296 160.5830 0.0000 0.0000 0.0000 -13.1222 -6.6147 -99.7579 15.5233 19.5126 76.8082 2.8373 14.4678 30.5849 4.1662 12.3784 37.0840 0.0000 0.0000 0.0000 14.3284 3.6065 -106.8460 -22.3450 -19.8676 96.8710 0.9205 16.6953 6.3106 -1.2714 7.1467 -20.1506 2.5692 0.4703 41.1083 -2.0079 3.7500 13.6243 -4.9205 3.0036 -4.2634 18.0164 17.4943 -3.2342 -17.1508 23.7160 3.0974 -5.8514 11.5661 5.6600 0.0000 -0.0000 0.0000 -47.1847 -65.1818 42.1493 26.4560 -37.6555 -9.1648 -0.0000 0.0000 -10.6076 3.7127 40.5724 2.4167 -7.1250 0.0000 -0.0000 -42.2428 65.8534 -23.0259 0.0000 -0.0000 0.0000 21.3705 57.9064 59.9943 -34.6535 44.5631 -14.5697 0.0000 -0.0000 -9.0090 -9.9435 42.4578 -6.7491 7.1250 -0.0000 -0.0000 13.3009 11.9076 16.1512
19.4349 2.8727 4.6127 183.5760 85.4730 156.9090 0.0000 0.0000 0.0000 -13.3769 -6.6792 -99.9694 15.5713 19.5231 76.9518 2.8658 14.0530 30.6955 4.0262 12.1952 36.4260 0.0000 0.0000 0.0000 13.9664 3.7894 -107.1138 -22.3343 -19.8688 96.8395 0.9191 16.6844 6.4800 -1.3957 7.4740 -21.1274 2.3962 0.7431 41.0543 -1.9700 3.9699 13.3433 -4.8855 3.0679 -4.5495 18.0065 17.7552 -3.0715 -17.1226 24.1161 3.2238 -5.7791 11.7655 5.7340 0.0000 -0.0000 0.0000 -48.8201 -61.3507 38.4392 26.2333 -37.4382 -9.0291 -0.0000 0.0000 -8.4050 5.8286 39.9724 3.7520 -7.1250 0.0000 -0.0000 -39.2295 66.0272 -21.3038 0.0000 -0.0000 0.0000 21.6613 57.3217 60.1975 -34.6861 44.5867 -14.5926 0.0000 -0.0000 -9.5993 -9.1570 42.5847 -6.2250 7.1250 -0.0000 -0.0000 13.7002 11.9068 16.6616
19.4384 2.8765 4.6129 185.9300 85.1911 159.3600 0.0000 0.0000 0.0000 -13.2555 -7.0916 -99.9937 15.5692 19.5227 76.9455 2.8784 14.1157 30.7678 4.0774 12.2626 36.6675 0.0000 0.0000 0.0000 13.9098 3.6227 -107.1584 -22.3500 -19.8671 96.8857 0.8645 16.1989 6.1956 -1.3569 7.3735 -20.8267 2.9301 0.7967 40.8406 -1.8727 4.2108 13.1366 -5.1487 3.1728 -4.6732 18.4058 17.7453 -2.4703 -17.1811 24.1716 3.1217 -5.8890 11.8265 5.6704 -0.0000 0.0000 0.0000 -50.5638 -57.4220 35.1982 25.4182 -36.6284 -8.5382 -0.0000 0.0000 -7.6582 8.5730 38.9113 5.4093 -7.1250 0.0000 -0.0000 -34.8709 66.0039 -18.6509 -0.0000 0.0000 0.0000 22.1003 56.3309 60.3632 -34.6885 44.5884 -14.5942 0.0000 -0.0000 -10.2175 -8.7776 42.6045 -5.9671 7.1250 -0.0000 -0.0000 13.8872 11.8686 16.8943
19.4416 2.8757 4.6192 187.3530 84.9770 160.5450 0.0000 0.0000 0.0000 -13.2893 -7.2117 -99.7382 15.5772 19.5244 76.9694 2.8653 14.1960 30.7062 4.1014 12.2941 36.7805 0.0000 0.0000 0.0000 13.8611 3.4647 -106.8566 -22.3760 -19.8641 96.9622 0.8231 15.8191 5.9333 -1.3795 7.4323 -21.0027 3.2641 0.9178 40.8521 -1.6894 4.5194 13.1340 -5.2392 3.3311 -4.6438 18.3567 17.7703 -2.5385 -17.1256 24.2122 3.2648 -5.8493 11.8413 5.7186 0.0000 -0.0000 0.0000 -52.4857 -53.5934 31.0541 23.8904 -35.0481 -7.6435 -0.0000 0.0000 -5.9081 10.1881 39.3083 6.4950 -7.1250 0.0000 -0.0000 -33.7564 66.7944 -18.5939 0.0000 -0.0000 0.0000 22.1344 55.4813 60.1270 -34.6090 44.5309 -14.5385 0.0000 -0.0000 -10.4008 -8.2385 42.6577 -5.6034 7.1250 -0.0000 -0.0000 14.1554 11.8391 17.2336
19.4474 2.8709 4.6225 189.3630 84.8908 162.2970 0.0000 0.0000 0.0000 -13.1049 -7.2720 -99.4994 15.6114 19.5318 77.0718 2.8185 14.3293 30.4707 4.0592 12.2388 36.5820 0.0000 0.0000 0.0000 13.8841 3.4142 -106.6158 -22.4244 -19.8585 97.1045 0.8021 15.6238 5.9361 -1.3860 7.4490 -21.0527 3.7183 0.9198 40.9107 -1.6186 4.7302 13.1887 -5.4727 3.4588 -4.5578 18.4831 17.7343 -2.2490 -17.4402 24.1818 2.8118 -6.0001 11.8456 5.5874 -0.0000 0.0000 0.0000 -54.0384 -49.2546 25.5436 22.1483 -33.1443 -6.6668 -0.0000 0.0000 -2.1560 13.7983 38.5038 8.6930 -7.1250 0.0000 -0.0000 -28.7032 67.2088 -15.8700 -0.0000 0.0000 0.0000 22.0603 55.0153 59.8279 -34.4120 44.3877 -14.4005 0.0000 -0.0000 -10.1864 -7.8094 43.1126 -5.3549 7.1250 -0.0000 -0.0000 14.4160 12.2131 17.6413
19.4543 2.8671 4.6255 192.7030 85.0610 165.6060 0.0000 0.0000 0.0000 -12.6731 -7.1403 -99.5789 15.6402 19.5380 77.1578 2.7797 14.2813 30.2581 4.0790 12.2648 36.6753 0.0000 0.0000 0.0000 14.1686 3.7035 -106.5415 -22.4383 -19.8569 97.1454 0.7803 15.4189 6.0683 -1.3918 7.4639 -21.0971 4.1609 1.0604 40.7233 -1.4611 5.0941 13.2926 -5.6478 3.6586 -4.3319 18.0500 17.8009 -3.1138 -16.9254 24.1714 3.3902 -5.7081 11.7935 5.7780 -0.0000 0.0000 0.0000 -55.7384 -44.7308 19.1100 20.4127 -31.1363 -5.7432 -0.0000 -0.0000 2.4508 21.4482 35.6103 12.8849 -7.1250 0.0000 -0.0000 -16.2755 66.8849 -8.6750 -0.0000 0.0000 0.0000 21.3052 54.5862 59.6951 -34.5976 44.5227 -14.5305 0.0000 -0.0000 -10.7497 -8.5580 41.8600 -5.7345 7.1250 -0.0000 -0.0000 13.9074 11.1196 16.7792
19.4459 2.8642 4.6274 195.5950 85.1642 168.4190 0.0000 0.0000 0.0000 -12.4359 -7.0164 -99.5431 15.6195 19.5336 77.0960 2.8354 13.9903 30.5276 3.9586 12.1051 36.1046 0.0000 0.0000 0.0000 14.1515 3.9230 -106.2771 -22.4194 -19.8591 97.0898 0.7765 15.3819 6.0108 -1.2729 7.1507 -20.1625 4.5416 1.1222 40.7216 -1.4169 5.3254 13.2899 -5.8779 3.7845 -4.2858 17.8224 17.8539 -3.5428 -16.4192 24.1663 3.7081 -5.4894 11.7736 5.8449 -0.0000 0.0000 0.0000 -57.3233 -39.3899 12.0553 19.1564 -29.6125 -5.1079 -0.0000 -0.0000 4.8384 26.5458 34.4517 15.7812 -7.1250 0.0000 -0.0000 -8.7559 67.2716 -4.7077 -0.0000 0.0000 0.0000 21.3535 54.3127 59.5868 -34.3234 44.3229 -14.3386 0.0000 -0.0000 -10.5891 -7.0065 42.8088 -4.7741 7.1250 -0.0000 -0.0000 14.7693 11.8079 18.0208
19.4531 2.8624 4.6230 196.4060 84.9641 169.1660 0.0000 0.0000 0.0000 -12.5151 -7.1537 -99.4649 15.5960 19.5285 77.0257 2.7442 15.0569 30.1564 4.6435 12.9707 39.2588 0.0000 0.0000 0.0000 13.9447 3.7852 -106.3585 -22.4614 -19.8541 97.2136 0.8007 15.6140 6.2214 -1.2940 7.2073 -20.3311 4.6656 1.0820 40.6576 -1.3938 5.3388 13.3629 -5.9136 3.8076 -4.1773 18.0594 17.7973 -3.3748 -16.5175 24.0908 3.5514 -5.5782 11.7482 5.7990 0.0000 -0.0000 0.0000 -58.8879 -33.6791 5.2885 18.2603 -28.4892 -4.6727 -0.0000 -0.0000 2.9979 29.3258 34.6993 17.7341 -7.1250 0.0000 -0.0000 -5.2297 68.3692 -2.9367 0.0000 -0.0000 0.0000 21.0168 54.1313 59.2989 -34.4155 44.3902 -14.4029 0.0000 -0.0000 -10.1435 -6.6330 42.8321 -4.5203 7.1250 -0.0000 -0.0000 14.9523 11.7790 18.2526
19.4540 2.8606 4.6211 196.1540 84.8445 168.8800 0.0000 0.0000 0.0000 -12.6164 -7.2304 -99.4123 15.6026 19.5299 77.0452 2.6888 15.3674 29.9006 4.8166 13.1743 40.0244 0.0000 0.0000 0.0000 13.7424 3.7054 -106.4601 -22.4928 -19.8504 97.3060 0.8311 15.9004 6.4529 -1.3311 7.3060 -20.6250 4.3610 1.2215 40.4308 -1.1515 5.4408 13.6471 -5.5064 3.8743 -3.8264 18.1021 17.6960 -3.2651 -16.7600 23.9655 3.3239 -5.6926 11.6932 5.7302 -0.0000 0.0000 0.0000 -60.5102 -28.1070 -1.0481 17.2911 -27.2399 -4.2197 -0.0000 0.0000 -0.0232 31.9257 35.2759 19.7903 -7.1250 0.0000 -0.0000 -1.9536 69.7815 -1.1582 -0.0000 0.0000 0.0000 19.8102 54.1125 58.4329 -34.5234 44.4688 -14.4785 0.0000 -0.0000 -10.0986 -6.3078 43.0384 -4.3143 7.1250 -0.0000 -0.0000 15.1308 11.9319 18.5158
19.4532 2.8591 4.6174 198.2110 84.3577 170.8190 0.0000 0.0000 0.0000 -12.6475 -7.6766 -99.2073 15.5629 19.5213 76.9265 2.7109 15.3655 30.0183 4.7914 13.1450 39.9136 0.0000 0.0000 0.0000 13.8330 3.2855 -106.5435 -22.4730 -19.8527 97.2478 0.8472 16.0643 6.9509 -1.4002 7.4855 -21.1620 4.5732 1.1542 40.4302 -1.0134 5.4921 13.8072 -5.4752 3.9305 -3.6397 17.9037 17.6450 -4.0595 -16.1510 23.7687 3.8440 -5.4437 11.5629 5.8777 0.0000 -0.0000 0.0000 -62.0678 -22.9793 -6.9913 15.7529 -25.1845 -3.5402 -0.0000 -0.0000 0.0862 35.1158 35.1088 22.0207 -7.1250 0.0000 -0.0000 3.1043 70.6359 1.9000 0.0000 -0.0000 0.0000 19.1073 53.5876 57.6162 -34.6581 44.5665 -14.5729 0.0000 -0.0000 -10.2819 -5.5365 43.4992 -3.8172 7.1250 -0.0000 -0.0000 15.5482 12.2706 19.1317
19.4503 2.8550 4.6116 195.6520 84.2572 168.3680 0.0000 0.0000 0.0000 -13.0100 -7.7775 -99.2617 15.5373 19.5157 76.8500 2.6980 15.4588 29.9625 4.7191 13.0603 39.5946 0.0000 0.0000 0.0000 13.5031 3.2401 -106.7258 -22.4243 -19.8585 97.1041 0.8697 16.2730 7.1291 -1.3879 7.4540 -21.0675 4.1720 1.5376 40.2329 -0.8527 5.8394 13.9527 -5.2021 4.0994 -3.4297 18.1426 17.3662 -4.0390 -16.2202 23.3641 3.7208 -5.5705 11.3721 5.8082 0.0000 -0.0000 0.0000 -63.9789 -17.9851 -12.2620 14.1541 -22.9546 -2.8879 -0.0000 -0.0000 2.2674 37.9334 35.6688 24.4407 -7.1250 0.0000 -0.0000 7.5883 72.1575 4.9065 0.0000 -0.0000 0.0000 18.2236 52.7264 56.8651 -34.8844 44.7294 -14.7319 0.0000 -0.0000 -10.6366 -5.5006 43.6469 -3.8027 7.1250 -0.0000 -0.0000 15.5805 12.4077 19.2023
19.4493 2.8499 4.6036 196.0400 84.2679 168.6500 0.0000 0.0000 0.0000 -13.0526 -7.7655 -99.1811 15.5369 19.5156 76.8489 2.6786 15.4839 29.8620 4.6272 12.9513 39.1863 0.0000 0.0000 0.0000 13.5912 3.1892 -106.6954 -22.4325 -19.8575 97.1285 0.8772 16.3456 7.2500 -1.4336 7.5704 -21.4165 3.9530 1.8562 40.0824 -0.6317 6.2185 14.2881 -4.9551 4.3152 -3.0163 18.6853 17.1846 -3.9052 -16.6869 23.1085 3.3598 -5.8381 11.2555 5.7594 -0.0000 -0.0000 0.0000 -65.9017 -13.6136 -17.7817 12.5136 -20.5705 -2.2795 -0.0000 -0.0000 5.3801 39.1120 35.1599 25.0885 -7.1250 0.0000 -0.0000 9.9438 71.9975 6.4024 -0.0000 -0.0000 0.0000 16.7643 51.9662 55.7298 -35.2076 44.9598 -14.9599 0.0000 -0.0000 -11.1949 -5.6368 43.7113 -3.9017 7.1250 -0.0000 -0.0000 15.5223 12.4866 19.1417
19.4462 2.8449 4.6018 201.4760 84.0417 173.9120 0.0000 0.0000 0.0000 -12.6002 -7.9501 -99.0910 15.5525 19.5190 76.8954 2.6720 15.6097 29.8444 4.7014 13.0394 39.5163 0.0000 0.0000 0.0000 14.0234 2.9632 -106.5503 -22.4381 -19.8569 97.1449 0.8706 16.2895 7.2768 -1.4233 7.5444 -21.3386 4.4072 1.9622 39.6506 -0.3891 6.5998 14.7882 -4.9938 4.5874 -2.2819 19.0300 16.9339 -3.9571 -16.8547 22.6971 2.9467 -6.0107 11.0611 5.6323 0.0000 -0.0000 0.0000 -67.8922 -10.4948 -24.3882 10.8692 -18.0875 -1.7351 -0.0000 -0.0000 10.4477 40.5268 34.1872 25.6579 -7.1250 0.0000 -0.0000 12.8234 71.3992 8.1042 0.0000 -0.0000 0.0000 15.7364 50.9107 54.4423 -35.4080 45.1013 -15.1017 0.0000 -0.0000 -11.2445 -7.5498 42.8742 -5.1528 7.1250 -0.0000 -0.0000 14.5140 11.9475 17.7173
19.4333 2.8420 4.6031 201.3920 83.5845 173.6770 0.0000 0.0000 0.0000 -12.8486 -8.3035 -98.8375 15.5138 19.5105 76.7796 2.6948 15.5476 29.9576 4.5975 12.9157 39.0536 0.0000 0.0000 0.0000 13.7447 2.5445 -106.3967 -22.4506 -19.8554 97.1817 0.8622 16.2079 7.1478 -1.3812 7.4366 -21.0154 4.0350 2.2749 39.4656 0.0392 6.9406 15.1558 -4.4287 4.7705 -1.8700 19.1630 16.6752 -3.7766 -17.0482 22.3120 2.3434 -6.1858 10.8924 5.3926 -0.0000 0.0000 0.0000 -70.3119 -7.6546 -30.8006 9.5804 -16.0806 -1.3564 -0.0000 -0.0000 16.1550 41.8464 34.9217 27.1428 -7.1250 0.0000 -0.0000 15.2370 72.6300 10.0583 -0.0000 0.0000 0.0000 14.4428 49.9223 53.4653 -35.6908 45.2992 -15.3023 0.0000 -0.0000 -11.3041 -8.2357 42.6599 -5.6017 7.1250 -0.0000 -0.0000 14.1570 11.8407 17.2360
19.4204 2.8367 4.6039 197.3090 83.1612 169.5230 0.0000 0.0000 0.0000 -13.6848 -8.5904 -98.5465 15.4284 19.4914 76.5239 2.7177 15.5446 30.0788 4.5559 12.8655 38.8669 0.0000 0.0000 0.0000 12.8999 2.1660 -106.3516 -22.4769 -19.8523 97.2592 0.8802 16.3603 7.0261 -1.3489 7.3527 -20.7647 3.3544 2.6868 39.3293 0.1945 7.2588 15.3692 -4.0022 4.9201 -1.6499 18.6875 16.7011 -4.9493 -15.8728 22.1543 3.2818 -5.6867 10.7711 5.6343 -0.0000 0.0000 0.0000 -72.5619 -5.3047 -37.2102 8.6602 -14.6172 -1.1128 -0.0000 -0.0000 20.9885 42.9594 35.3670 28.3240 -7.1250 0.0000 -0.0000 17.5024 73.4752 11.8959 -0.0000 0.0000 0.0000 13.7889 48.9072 52.6272 -35.7701 45.3543 -15.3587 0.0000 -0.0000 -11.2568 -8.2735 43.0099 -5.6646 7.1250 -0.0000 -0.0000 14.1801 12.1827 17.3302
19.4150 2.8332 4.6073 195.2710 82.8431 167.4630 0.0000 0.0000 0.0000 -14.1909 -8.8162 -98.3602 15.3560 19.4749 76.3067 2.7121 15.5751 30.0533 4.4944 12.7907 38.5900 0.0000 0.0000 0.0000 12.3817 1.9855 -106.4467 -22.4974 -19.8498 97.3195 0.9082 16.6081 7.1215 -1.3786 7.4298 -20.9951 2.6055 3.1198 39.0069 0.5461 7.5752 15.6243 -3.3209 5.0490 -1.3640 18.9206 16.5320 -4.4691 -15.9212 21.9335 2.7690 -5.8225 10.6959 5.3937 0.0000 -0.0000 0.0000 -75.2977 -3.2553 -41.4165 8.2862 -14.0157 -1.0203 -0.0000 -0.0000 22.7576 43.9214 36.3691 29.7294 -7.1250 0.0000 -0.0000 19.6709 74.8716 13.9794 0.0000 -0.0000 0.0000 12.7544 48.1510 52.2111 -36.0094 45.5196 -15.5292 0.0000 -0.0000 -11.3447 -8.9663 42.3381 -6.0659 7.1250 -0.0000 -0.0000 13.7633 11.6408 16.6932
19.4048 2.8300 4.6184 195.5970 82.6055 167.4750 0.0000 0.0000 0.0000 -14.3733 -8.8859 -97.9337 15.2754 19.4562 76.0650 2.7512 15.4838 30.2487 4.3406 12.6004 37.8903 0.0000 0.0000 0.0000 12.0144 1.9678 -106.0318 -22.4732 -19.8527 97.2483 0.9043 16.5834 7.3062 -1.3613 7.3849 -20.8608 3.0357 3.4568 39.6248 0.4147 8.1589 15.2716 -3.9380 5.3450 -1.8410 19.3470 16.2966 -4.7459 -14.7246 21.5045 3.7693 -5.5443 10.4982 5.5670 0.0000 0.0000 0.0000 -76.4329 -1.3599 -42.0527 7.8838 -13.3643 -0.9251 -0.0000 -0.0000 22.1625 43.9624 37.3924 30.3560 -7.1250 0.0000 -0.0000 19.8282 75.9882 14.5555 0.0000 0.0000 0.0000 13.7263 46.3573 52.6344 -36.1560 45.6201 -15.6339 0.0000 -0.0000 -11.6710 -9.8069 41.3773 -6.5183 7.1250 -0.0000 -0.0000 13.2344 10.8448 15.8752
19.3980 2.8255 4.6254 196.7430 82.1657 168.1140 0.0000 0.0000 0.0000 -14.6359 -9.0465 -97.3217 15.2289 19.4453 75.9253 2.8270 15.0054 30.5898 4.1923 12.4120 37.2054 0.0000 0.0000 0.0000 11.7411 1.6255 -105.4986 -22.5248 -19.8465 97.4003 0.8870 16.4275 7.1776 -1.4042 7.4957 -21.1924 3.2527 3.5847 39.8830 0.5615 8.4645 15.3222 -4.0078 5.5222 -1.8377 19.1968 16.2462 -4.6697 -13.7598 21.3799 4.0054 -5.2621 10.4671 5.4700 -0.0000 0.0000 0.0000 -78.0501 -0.6536 -45.4951 7.3863 -12.5533 -0.8135 -0.0000 -0.0000 25.0457 44.0150 38.0812 30.7918 -7.1250 0.0000 -0.0000 19.9924 76.7428 14.9895 -0.0000 0.0000 0.0000 13.7463 45.4065 52.7127 -35.9809 45.5000 -15.5088 0.0000 -0.0000 -11.6719 -10.5364 41.1657 -6.9800 7.1250 -0.0000 -0.0000 12.8462 10.7556 15.3711
19.3879 2.8228 4.6309 197.7270 82.0638 168.8190 0.0000 0.0000 0.0000 -14.7331 -8.9682 -97.0200 15.1949 19.4372 75.8231 2.8445 14.9567 30.6766 4.1202 12.3187 36.8688 0.0000 0.0000 0.0000 11.5146 1.7400 -105.0756 -22.5264 -19.8463 97.4050 0.8656 16.2396 7.1747 -1.4028 7.4921 -21.1816 3.5761 3.8172 40.0925 0.5665 8.8853 15.1802 -4.3308 5.7392 -1.9883 19.9594 16.2675 -4.1226 -13.6821 21.4554 4.1134 -5.3577 10.5368 5.4971 0.0000 -0.0000 0.0000 -79.1265 -0.2278 -47.1399 6.8603 -11.6891 -0.7031 -0.0000 -0.0000 28.4190 43.4730 38.1895 30.3770 -7.1250 0.0000 -0.0000 18.5886 76.6868 13.9011 0.0000 -0.0000 0.0000 14.1458 44.4520 53.0715 -35.8003 45.3752 -15.3802 0.0000 -0.0000 -11.5220 -10.9296 41.0180 -7.2228 7.1250 -0.0000 -0.0000 12.6317 10.6768 15.0888
19.3685 2.8214 4.6420 203.5560 82.1553 174.4040 0.0000 0.0000 0.0000 -14.0206 -8.7249 -96.9145 15.1421 19.4245 75.6644 2.8407 15.2050 30.6857 4.0176 12.1838 36.3854 0.0000 0.0000 0.0000 11.9764 2.1920 -104.4198 -22.3494 -19.8671 96.8837 0.8437 16.0584 7.3708 -1.2921 7.2023 -20.3160 4.5713 3.9455 40.2200 0.7159 9.4505 15.1610 -4.8607 6.0701 -1.8983 20.1236 16.3078 -3.4503 -13.3659 21.5485 3.5729 -5.3408 10.6229 5.2130 -0.0000 0.0000 0.0000 -79.8726 -0.9063 -49.0382 6.1685 -10.5429 -0.5697 -0.0000 -0.0000 33.3412 43.2920 37.9193 30.0692 -7.1250 0.0000 -0.0000 18.1479 76.3400 13.4372 -0.0000 0.0000 0.0000 14.1321 43.4408 52.7600 -35.6345 45.2599 -15.2623 0.0000 -0.0000 -11.5860 -10.2421 41.6056 -6.8414 7.1250 -0.0000 -0.0000 13.0468 11.1336 15.6909
19.3352 2.8153 4.6549 206.7850 81.8689 177.1950 0.0000 0.0000 0.0000 -13.7952 -8.8077 -96.3443 15.0065 19.3914 75.2564 2.8926 14.8882 30.9215 3.7259 11.7865 34.9808 0.0000 0.0000 0.0000 12.0448 2.2371 -103.6329 -22.2640 -19.8767 96.6324 0.7800 15.4828 7.3636 -1.2996 7.2223 -20.3758 5.2043 3.9641 40.3809 0.9107 9.7903 15.3081 -5.0733 6.2979 -1.6985 20.4964 16.5139 -1.9654 -13.6816 22.0308 2.5091 -5.5575 10.9140 4.8035 0.0000 -0.0000 0.0000 -80.8374 -2.0281 -47.6281 5.8304 -9.9790 -0.5095 -0.0000 -0.0000 35.7172 44.8520 37.5319 31.2186 -7.1250 0.0000 -0.0000 22.1233 76.4152 16.4670 0.0000 -0.0000 0.0000 13.9826 42.6745 52.7027 -35.4890 45.1582 -15.1590 0.0000 -0.0000 -11.5954 -9.5174 42.5402 -6.4670 7.1250 -0.0000 -0.0000 13.5192 11.9197 16.4321
19.3213 2.8046 4.6548 197.4080 82.0628 167.3320 0.0000 0.0000 0.0000 -15.2878 -8.4822 -95.5150 14.9349 19.3735 75.0406 2.8195 14.8283 30.5294 3.6070 11.6182 34.3945 0.0000 0.0000 0.0000 10.3728 2.4875 -103.0614 -22.2776 -19.8752 96.6726 0.8053 15.7024 7.2113 -1.2887 7.1933 -20.2892 3.9429 4.4385 40.2194 0.2875 9.9131 15.5060 -5.1060 6.3728 -1.4821 22.3196 17.2800 -0.2063 -14.0923 23.3627 2.1091 -5.8219 11.6398 4.8712 -0.0000 0.0000 0.0000 -81.2657 -3.2094 -45.1531 6.0906 -10.4131 -0.5555 -0.0000 -0.0000 36.9940 50.3977 38.9313 37.2177 -7.1250 0.0000 -0.0000 41.0114 79.3180 33.4772 -0.0000 0.0000 0.0000 14.6973 42.8447 53.5173 -35.2887 45.0172 -15.0172 0.0000 -0.0000 -11.1270 -9.9766 42.3461 -6.7576 7.1250 -0.0000 -0.0000 13.2705 11.8046 16.0941
19.3022 2.8058 4.6648 194.3350 81.2927 164.0230 0.0000 0.0000 0.0000 -16.1632 -8.9930 -94.8255 14.8184 19.3437 74.6891 2.7238 15.3372 30.0837 3.7403 11.8065 35.0508 0.0000 0.0000 0.0000 9.1596 2.1287 -102.8732 -22.3127 -19.8713 96.7760 0.8274 15.9274 7.5449 -1.2839 7.1802 -20.2503 4.8432 4.7033 40.4418 0.1345 10.6652 15.5042 -5.9582 6.8481 -1.3202 21.9744 17.4805 0.1474 -12.8285 23.6345 2.1859 -5.4096 11.8089 4.6721 0.0000 0.0000 0.0000 -81.3077 -5.8755 -44.2151 6.2541 -10.6854 -0.5855 -0.0000 -0.0000 41.0230 59.0341 42.8259 48.5644 -7.1250 0.0000 -0.0000 89.8061 -81.5647 -98.3321 0.0000 0.0000 0.0000 14.7092 40.2491 53.6965 -35.0772 44.8672 -14.8678 0.0000 -0.0000 -9.4488 -9.3041 42.7836 -6.3496 7.1250 -0.0000 -0.0000 13.6533 12.1203 16.6403
19.2786 2.7981 4.6827 196.4500 80.6105 165.4440 0.0000 0.0000 0.0000 -16.2357 -9.4054 -93.8665 14.7255 19.3195 74.4083 2.7100 15.2838 30.0028 3.7442 11.8121 35.0704 0.0000 0.0000 0.0000 9.1981 1.4870 -102.0737 -22.3534 -19.8667 96.8955 0.7725 15.3989 7.1842 -1.2417 7.0658 -19.9105 5.9404 4.7661 40.9515 0.2298 11.3125 15.6312 -6.6170 7.2915 -1.1039 22.0206 17.8267 0.3853 -12.1878 24.1259 2.3698 -5.1665 12.0739 4.6857 0.0000 -0.0000 0.0000 -81.2222 -8.8284 -48.9886 6.3596 -10.8606 -0.6052 -0.0000 -0.0000 47.5190 66.1753 45.7744 58.3587 -7.1250 0.0000 -0.0000 129.5899 -78.4288 -139.1700 0.0000 -0.0000 0.0000 14.3239 38.3198 54.4245 -35.1455 44.9157 -14.9160 0.0000 -0.0000 -6.6798 -9.3905 42.8624 -6.4186 7.1250 -0.0000 -0.0000 13.6213 12.2099 16.6155
19.2585 2.7922 4.7016 197.7720 79.9485 166.2570 0.0000 0.0000 0.0000 -16.3874 -9.8371 -93.1037 14.6483 19.2990 74.1750 2.7070 15.2659 29.9844 3.6960 11.7446 34.8342 0.0000 0.0000 0.0000 9.1155 1.0017 -101.4886 -22.3674 -19.8651 96.9367 0.7289 14.9799 7.0740 -1.2984 7.2192 -20.3663 6.4009 4.8360 41.1178 0.3808 11.7094 15.9056 -6.7794 7.5850 -0.7507 21.9453 18.4485 0.6423 -12.0926 25.0329 2.6837 -4.9884 12.5298 4.8621 -0.0000 0.0000 0.0000 -81.1292 -11.7472 -60.5312 6.3967 -10.9222 -0.6122 -0.0000 -0.0000 57.8031 67.9496 44.9650 60.1796 -7.1250 0.0000 -0.0000 129.1074 -77.3445 -139.7330 -0.0000 0.0000 0.0000 13.4048 37.5103 55.5007 -35.3964 45.0931 -15.0934 0.0000 -0.0000 -3.5333 -9.7967 42.6334 -6.6705 7.1250 -0.0000 -0.0000 13.3949 12.0526 16.2971
19.2457 2.7903 4.7177 200.9780 79.4772 169.0430 0.0000 0.0000 0.0000 -16.1003 -10.1380 -92.6042 14.5831 19.2814 73.9777 2.7214 15.3734 30.0758 3.7422 11.8092 35.0603 0.0000 0.0000 0.0000 9.6079 0.6140 -101.0227 -22.3506 -19.8670 96.8873 0.7053 14.7623 7.1733 -1.3423 7.3353 -20.7126 7.7780 4.9236 41.4642 0.4226 12.4356 15.7627 -7.6528 8.0438 -0.6810 22.0802 18.5162 1.4645 -11.9540 25.3149 2.9515 -4.9846 12.7012 4.8591 0.0000 -0.0000 0.0000 -80.7089 -12.3601 -56.2845 6.7670 -11.5352 -0.6843 -0.0000 -0.0000 55.8102 68.0477 44.8500 60.2516 -7.1250 0.0000 -0.0000 128.7735 -77.2881 -139.4980 0.0000 -0.0000 0.0000 13.8527 35.6143 56.7031 -35.6950 45.3020 -15.3053 0.0000 -0.0000 -0.0400 -9.9934 43.1887 -6.8765 7.1250 -0.0000 -0.0000 13.3718 12.6186 16.3675
19.2402 2.7948 4.7312 195.3420 78.4699 163.5460 0.0000 0.0000 0.0000 -17.8571 -10.7625 -92.0872 14.3961 19.2298 73.4106 2.7382 15.1090 30.1309 3.6015 11.6104 34.3672 0.0000 0.0000 0.0000 8.1138 -0.1485 -101.3576 -22.4156 -19.8595 97.0785 0.7458 15.1571 7.2732 -1.4524 7.6178 -21.5591 7.2297 5.0830 40.8505 -0.0318 12.4853 16.2453 -7.7489 8.1919 0.0442 22.0788 19.0778 1.1218 -12.4819 26.0748 3.4282 -4.9367 13.0480 5.2566 0.0000 -0.0000 0.0000 -80.1258 -13.1129 -46.9454 7.2696 -12.3622 -0.7884 -0.0000 -0.0000 49.3781 68.7374 45.0878 61.2123 -7.1250 0.0000 -0.0000 131.0932 -76.8142 -141.9030 0.0000 -0.0000 0.0000 14.1162 35.0103 56.5691 -35.7574 45.3454 -15.3496 0.0000 0.0000 2.0638 -8.4924 43.0768 -5.8228 7.1250 -0.0000 -0.0000 14.0823 12.2790 17.2220
19.2300 2.7990 4.7448 196.6530 77.5686 164.5030 0.0000 0.0000 0.0000 -18.1762 -11.3851 -91.3865 14.2875 19.1989 73.0806 2.7193 15.1557 30.0361 3.6961 11.7447 34.8346 0.0000 0.0000 0.0000 7.8891 -0.8718 -101.0192 -22.4311 -19.8577 97.1242 0.7515 15.2297 7.4815 -1.5442 7.8441 -22.2416 8.0474 4.9965 41.6751 -0.3183 12.7728 15.7864 -8.6620 8.3628 -0.4583 22.8228 19.0580 1.9288 -13.2604 26.3198 3.7132 -5.2436 13.1872 5.4699 -0.0000 -0.0000 0.0000 -79.2234 -10.7627 -29.2520 8.8935 -14.9905 -1.1724 -0.0000 -0.0000 34.2063 69.9043 45.7474 62.9425 -7.1250 0.0000 -0.0000 135.7058 -75.9433 -146.4865 -0.0000 -0.0000 0.0000 15.7861 33.1469 57.3531 -36.1051 45.5853 -15.5975 0.0000 0.0000 3.1138 -7.4832 42.7796 -5.0980 7.1250 -0.0000 -0.0000 14.5356 11.8465 17.7256
19.2100 2.7979 4.7583 197.8690 77.0483 165.2790 0.0000 0.0000 0.0000 -18.2956 -11.6910 -90.7074 14.1948 19.1721 72.7986 2.7118 15.1860 29.9996 3.7818 11.8643 35.2535 0.0000 0.0000 0.0000 7.8351 -1.1914 -100.4149 -22.3810 -19.8635 96.9767 0.7320 15.0635 7.6344 -1.5828 7.9369 -22.5227 8.8378 5.2918 42.2300 -0.0732 13.5975 15.7223 -9.0746 8.8360 -0.4492 22.0705 19.0645 1.6041 -13.2212 26.3899 4.8930 -5.0673 13.1954 5.8059 0.0000 -0.0000 0.0000 -79.9856 -10.0700 -21.0837 10.7554 -17.9123 -1.6999 -0.0000 -0.0000 29.0378 71.2791 46.2507 64.8673 -7.1250 0.0000 -0.0000 139.4903 -74.8974 -150.3701 0.0000 -0.0000 0.0000 16.4119 30.2642 57.2729 -36.4589 45.8262 -15.8508 0.0000 0.0000 2.8388 -6.8083 42.3561 -4.5988 7.1250 -0.0000 -0.0000 14.8172 11.3462 17.9906
19.1954 2.7947 4.7592 194.7580 76.0700 162.3070 0.0000 0.0000 0.0000 -19.6158 -12.4798 -90.1792 14.0060 19.1159 72.2228 2.7901 14.3985 30.3259 3.5630 11.5550 34.1755 0.0000 0.0000 0.0000 6.4545 -1.9223 -100.5753 -22.3902 -19.8625 97.0039 0.7681 15.4081 7.7258 -1.5883 7.9501 -22.5626 9.0325 5.5526 42.5803 -0.6172 14.0580 15.4328 -9.9423 9.1108 -0.6236 22.1054 19.1708 1.2990 -12.8015 26.5626 5.8860 -4.8488 13.2770 6.1374 0.0000 -0.0000 0.0000 -79.8366 -9.6115 -14.9798 12.6337 -20.7482 -2.3219 -0.0000 -0.0000 25.0523 73.1521 46.9750 67.4988 -7.1250 0.0000 -0.0000 144.0634 -73.4073 -155.0013 0.0000 -0.0000 0.0000 17.6961 27.7065 57.4309 -36.7353 46.0122 -16.0493 0.0000 0.0000 1.3701 -6.4209 41.0584 -4.2275 7.1250 -0.0000 -0.0000 14.8782 10.0492 17.8024
19.1819 2.7941 4.7764 197.3250 75.2128 164.5290 0.0000 0.0000 0.0000 -19.5020 -13.1550 -89.5626 13.8860 19.0791 71.8561 2.7891 14.1012 30.2903 3.6266 11.6462 34.4915 0.0000 0.0000 0.0000 6.4866 -2.5618 -100.1930 -22.4030 -19.8610 97.0417 0.7632 15.3999 8.0426 -1.5725 7.9123 -22.4480 9.8288 5.5363 42.6831 -0.5458 14.4629 15.4573 -10.3504 9.4049 -0.4007 22.4081 18.9761 2.5110 -13.6132 26.5470 4.9637 -5.2711 13.3038 5.8140 0.0000 -0.0000 0.0000 -80.2758 -9.7745 -11.5693 14.2665 -23.1145 -2.9319 -0.0000 -0.0000 22.9852 75.2244 47.5949 70.3433 -7.1250 0.0000 -0.0000 147.8385 -71.7438 -158.8934 0.0000 -0.0000 0.0000 18.8518 25.6833 56.6103 -36.2947 45.7148 -15.7331 0.0000 0.0000 1.2940 -5.9451 41.9453 -3.9817 7.1250 -0.0000 -0.0000 15.1966 10.8374 18.3762
19.1789 2.7933 4.7950 197.0880 74.1292 164.0630 0.0000 0.0000 0.0000 -20.2333 -13.8396 -88.8921 13.7914 19.0495 71.5663 2.7778 13.6785 30.1903 3.4000 11.3160 33.3531 0.0000 0.0000 0.0000 5.7047 -3.3449 -99.9846 -22.4560 -19.8548 97.1976 0.7810 15.5755 8.1608 -1.5724 7.9120 -22.4471 9.6281 5.6967 42.3850 -0.6865 14.6220 15.5428 -10.4022 9.5332 -0.1955 23.2140 19.1713 3.3646 -14.3691 27.1074 4.9706 -5.5370 13.6050 5.9978 -0.0000 0.0000 0.0000 -80.1780 -8.4026 -7.3722 16.5428 -26.2512 -3.8830 -0.0000 -0.0000 19.6217 76.5331 47.8994 72.1127 -7.1250 0.0000 -0.0000 149.7206 -70.6947 -160.8767 -0.0000 0.0000 0.0000 19.9541 24.3293 56.2510 -36.1412 45.6100 -15.6233 0.0000 0.0000 1.4631 -7.2227 41.1407 -4.7662 7.1250 -0.0000 -0.0000 14.4892 10.2374 17.3460
19.1735 2.7941 4.8078 196.5430 73.1158 163.3010 0.0000 0.0000 0.0000 -21.1479 -14.3819 -88.2265 13.7189 19.0266 71.3443 2.7898 12.8278 30.1899 3.2163 11.0373 32.4057 0.0000 0.0000 0.0000 4.7781 -4.0587 -99.7361 -22.4600 -19.8543 97.2093 0.8351 16.0897 8.4533 -1.5512 7.8609 -22.2925 9.6726 5.8596 42.4089 -0.8022 14.9395 15.6049 -10.6200 9.7599 -0.0291 23.3469 18.9414 4.4308 -15.1131 27.0045 4.0438 -5.9297 13.5908 5.6543 -0.0000 -0.0000 0.0000 -79.7854 -8.8642 -4.2766 17.5065 -27.5207 -4.3188 -0.0000 -0.0000 17.9152 78.4403 47.9395 74.5974 -7.1250 0.0000 -0.0000 151.2788 -69.2211 -162.8359 -0.0000 -0.0000 0.0000 20.5076 22.5466 56.1643 -36.4015 45.7874 -15.8096 0.0000 0.0000 1.0425 -8.4763 40.2604 -5.5013 7.1250 -0.0000 -0.0000 13.7736 9.5677 16.3098
19.1652 2.7884 4.8205 198.4820 72.1542 164.7860 0.0000 0.0000 0.0000 -21.3143 -15.0010 -87.4932 13.6296 18.9978 71.0701 2.7987 12.3605 30.2104 3.0763 10.8176 31.6672 0.0000 0.0000 0.0000 4.5632 -4.8095 -99.2356 -22.4982 -19.8497 97.3219 0.8488 16.2384 8.6977 -1.5044 7.7469 -21.9480 10.7578 5.6266 42.9783 -1.1345 15.2041 15.2724 -11.6520 9.9746 -0.1934 23.7496 18.9362 4.2889 -14.9510 27.0972 4.7922 -5.8597 13.6384 5.9543 0.0000 -0.0000 0.0000 -78.9405 -9.4308 -3.4396 18.1076 -28.2948 -4.6001 -0.0000 -0.0000 18.5655 78.3770 48.1585 74.5654 -7.1250 0.0000 -0.0000 151.7339 -69.2330 -163.1162 0.0000 -0.0000 0.0000 22.3285 20.6569 55.5793 -35.8747 45.4267 -15.4332 0.0000 0.0000 1.2732 -8.5908 41.2373 -5.6869 7.1250 -0.0000 -0.0000 13.8213 10.5259 16.5563
19.1565 2.7882 4.8250 198.8260 70.8897 164.8470 0.0000 0.0000 0.0000 -22.2216 -15.7568 -86.5792 13.4396 18.9352 70.4853 2.8319 12.2367 30.3847 3.0569 10.7865 31.5633 0.0000 0.0000 0.0000 3.7822 -5.7860 -98.8698 -22.5518 -19.8432 97.4796 0.8579 16.3329 8.8262 -1.5210 7.7875 -22.0705 10.9813 5.4821 43.0058 -1.1609 15.2119 15.3263 -11.7779 10.0412 -0.0862 23.9866 18.8655 4.5392 -15.8616 27.1840 4.8033 -6.1493 13.6760 6.1089 -0.0000 0.0000 0.0000 -79.2341 -10.2157 -4.3755 18.7865 -29.1525 -4.9264 -0.0000 -0.0000 20.6825 77.9667 47.9333 73.9790 -7.1250 0.0000 -0.0000 150.9094 -69.5893 -162.3674 -0.0000 0.0000 0.0000 23.0814 19.3046 55.0026 -35.7088 45.3117 -15.3151 0.0000 0.0000 0.5918 -9.5776 41.6863 -6.4028 7.1250 -0.0000 -0.0000 13.3850 11.1073 16.1134
19.1510 2.7907 4.8288 198.2420 69.9363 164.0540 0.0000 0.0000 0.0000 -23.3533 -16.1525 -85.7929 13.2542 18.8720 69.9132 2.8502 12.7555 30.5127 3.1365 10.9127 31.9862 0.0000 0.0000 0.0000 2.8469 -6.3980 -98.4809 -22.5960 -19.8376 97.6100 0.8622 16.3898 8.9711 -1.5493 7.8564 -22.2787 11.1060 5.5390 43.3659 -1.3823 15.4393 15.1776 -12.1957 10.1885 -0.2197 23.4688 18.7461 4.8039 -15.5959 27.0105 4.4806 -6.1032 13.6028 5.8234 0.0000 -0.0000 0.0000 -79.0004 -10.3406 -3.0797 19.7479 -30.3374 -5.4034 -0.0000 -0.0000 20.8422 78.0014 47.7267 73.9746 -7.1250 0.0000 -0.0000 150.4502 -69.5981 -162.0666 0.0000 -0.0000 0.0000 24.0917 17.6023 54.5550 -35.5523 45.2025 -15.2039 0.0000 -0.0000 -0.6633 -11.0673 41.6284 -7.4033 7.1250 -0.0000 -0.0000 12.6415 11.2888 15.2075
19.1429 2.7784 4.8287 200.5250 69.9187 165.9920 0.0000 0.0000 0.0000 -22.7919 -16.1423 -85.5845 13.1129 18.8225 69.4757 2.8819 13.0304 30.7005 3.0750 10.8155 31.6603 0.0000 0.0000 0.0000 3.0860 -6.0260 -97.9720 -22.4972 -19.8498 97.3189 0.8638 16.4894 9.5379 -1.5175 7.7791 -22.0451 11.9513 5.5434 43.6564 -1.5124 15.8612 14.9852 -12.8878 10.4607 -0.1895 22.6300 19.1288 4.0738 -14.4370 27.3792 5.3485 -5.5191 13.7547 5.9850 0.0000 -0.0000 0.0000 -78.7738 -10.6604 -2.7186 20.4690 -31.2032 -5.7723 -0.0000 -0.0000 21.6551 77.6171 47.6905 73.4647 -7.1250 0.0000 -0.0000 150.0625 -69.9022 -161.6185 0.0000 -0.0000 0.0000 25.0720 16.5376 54.3448 -35.3464 45.0579 -15.0580 0.0000 -0.0000 -1.7725 -12.2541 41.8739 -8.2491 7.1250 -0.0000 -0.0000 12.0881 11.7263 14.5851
18.9799 2.7966 4.8392 201.3540 68.3738 166.4630 0.0000 0.0000 0.0000 -24.0940 -17.1029 -83.3825 12.3096 18.5185 66.9668 3.0424 13.3025 31.5680 2.9665 10.6406 31.0770 0.0000 0.0000 0.0000 2.6621 -7.1948 -96.7206 -22.0651 -19.8974 96.0480 0.8784 16.7016 10.0700 -1.5722 7.9114 -22.4454 12.0765 5.2165 43.2206 -1.1983 15.5596 15.2642 -12.4353 10.3684 0.1139 21.7333 19.4108 3.8880 -13.9986 27.6969 5.5558 -5.2302 13.8915 5.9463 0.0000 -0.0000 0.0000 -79.2339 -10.7907 -2.3269 21.2596 -32.1301 -6.1874 -0.0000 -0.0000 22.0708 78.2992 47.7009 74.3574 -7.1250 0.0000 -0.0000 150.6198 -69.3717 -162.3212 0.0000 -0.0000 0.0000 25.0376 16.0603 54.2963 -35.1539 44.9217 -14.9219 0.0000 -0.0000 -2.3480 -12.2865 41.8335 -8.2649 7.1250 -0.0000 -0.0000 12.0664 11.6933 14.5525
18.9693 2.7983 4.8316 201.3170 67.7755 166.0770 0.0000 0.0000 0.0000 -24.7091 -17.3775 -82.5973 12.2115 18.4786 66.6578 3.0310 13.2332 31.5039 2.9765 10.6569 31.1314 0.0000 0.0000 0.0000 2.0518 -7.4077 -96.1275 -22.0897 -19.8950 96.1201 0.8573 16.5559 10.2036 -1.7076 8.2284 -23.4101 12.3347 5.2582 43.7590 -1.3426 15.8268 15.0074 -12.8809 10.5033 -0.1648 21.5304 19.1806 4.3343 -13.6592 27.3626 4.9191 -5.2591 13.7591 5.5410 0.0000 -0.0000 0.0000 -78.8456 -10.7150 -0.8628 21.8561 -32.8140 -6.5077 -0.0000 -0.0000 22.0316 78.9695 47.7904 75.2554 -7.1250 0.0000 -0.0000 151.3347 -68.8336 -163.1158 0.0000 -0.0000 0.0000 25.6689 14.8398 54.6165 -35.1258 44.9018 -14.9021 0.0000 -0.0000 -2.4074 -13.3050 40.8403 -8.7911 7.1250 -0.0000 -0.0000 11.4192 10.9104 13.6205
18.9641 2.8017 4.8256 201.5670 67.0422 166.1280 0.0000 0.0000 0.0000 -25.1645 -17.8371 -82.0273 12.1790 18.4653 66.5550 3.0284 12.9475 31.4734 2.9407 10.5985 30.9373 0.0000 0.0000 0.0000 1.3928 -7.6618 -95.6903 -22.0813 -19.8958 96.0955 0.8774 16.7947 10.5920 -1.7323 8.2846 -23.5819 12.3146 5.2795 43.7319 -1.2299 15.8680 14.9492 -12.7713 10.5056 -0.2482 22.8029 19.0570 4.8248 -15.6276 27.5382 4.8011 -5.9407 13.8431 5.9326 -0.0000 -0.0000 0.0000 -79.0486 -10.9284 -0.5444 22.2493 -33.2576 -6.7221 -0.0000 -0.0000 22.7805 79.3456 48.0225 75.7987 -7.1250 0.0000 -0.0000 152.1249 -68.5021 -163.8126 -0.0000 -0.0000 0.0000 25.7755 14.3569 55.1459 -35.0615 44.8560 -14.8567 0.0000 -0.0000 -2.4611 -13.2910 41.5068 -8.8973 7.1250 -0.0000 -0.0000 11.5221 11.5543 13.8491
18.9629 2.8086 4.8219 202.4130 66.2890 166.7490 0.0000 0.0000 0.0000 -25.4232 -18.3122 -81.4488 12.1011 18.4330 66.3088 3.0618 13.0628 31.6555 2.9300 10.5809 30.8791 0.0000 0.0000 0.0000 0.8204 -7.9489 -95.1144 -22.0935 -19.8946 96.1313 0.8833 16.8761 10.7584 -1.5581 7.8777 -22.3432 12.5645 5.2979 43.6375 -1.0127 16.0208 14.9021 -12.6878 10.5803 -0.2368 23.1008 19.0163 4.9462 -16.1238 27.5942 4.8297 -6.1086 13.8707 6.0511 -0.0000 0.0000 0.0000 -79.2572 -11.0254 0.0683 22.7135 -33.7740 -6.9784 -0.0000 -0.0000 23.4088 79.7203 48.1307 76.3120 -7.1250 0.0000 -0.0000 152.6246 -68.1915 -164.3082 -0.0000 0.0000 0.0000 25.9082 13.6435 55.4331 -34.9135 44.7503 -14.7524 0.0000 -0.0000 -2.4618 -13.9870 41.0164 -9.2840 7.1250 -0.0000 -0.0000 11.1029 11.2042 13.2746
18.9587 2.8168 4.8197 202.1520 65.8631 166.5220 0.0000 0.0000 0.0000 -25.8423 -18.5815 -81.1293 12.0471 18.4105 66.1379 3.0378 13.0172 31.5268 3.0218 10.7303 31.3754 0.0000 0.0000 0.0000 0.1100 -7.8875 -94.8252 -22.1094 -19.8930 96.1781 0.8806 16.8649 10.8045 -1.5802 7.9308 -22.5040 12.4700 5.5126 43.6880 -1.0685 16.2657 14.7791 -12.7954 10.6863 -0.3345 23.1919 19.0115 4.9587 -16.2812 27.5884 4.6398 -6.1707 13.8668 6.0254 -0.0000 0.0000 0.0000 -78.9891 -11.1613 1.1242 23.0344 -34.1264 -7.1576 -0.0000 -0.0000 23.4343 80.1988 48.1272 76.9386 -7.1250 0.0000 -0.0000 152.9487 -67.8164 -164.7309 -0.0000 0.0000 0.0000 26.3017 12.9677 55.4831 -34.6608 44.5684 -14.5748 0.0000 -0.0000 -2.4156 -13.4579 41.9867 -9.0949 7.1250 -0.0000 -0.0000 11.5104 12.0490 13.9112
18.9547 2.8207 4.8172 202.2540 65.2630 166.5430 0.0000 0.0000 0.0000 -26.1624 -19.0066 -80.7248 12.0189 18.3986 66.0488 3.0317 12.6296 31.4743 2.9329 10.5857 30.8949 0.0000 0.0000 0.0000 -0.4585 -8.1218 -94.4117 -22.1488 -19.8889 96.2938 1.0403 18.0054 10.3262 -1.8232 8.4877 -24.2056 12.6504 5.5584 43.8146 -1.1870 16.4369 14.6177 -13.0888 10.7772 -0.4345 23.3262 19.1441 4.5513 -15.9669 27.7127 4.9552 -6.0128 13.9121 6.1784 0.0000 -0.0000 0.0000 -77.8193 -10.6135 4.7533 23.8313 -34.9853 -7.6096 -0.0000 -0.0000 20.8917 81.6560 48.5012 78.9202 -7.1250 0.0000 -0.0000 154.6672 -66.6137 -166.4386 0.0000 -0.0000 0.0000 26.8214 12.1564 55.5942 -34.5600 44.4953 -14.5041 0.0000 -0.0000 -2.3106 -13.9301 42.8674 -9.5777 7.1250 -0.0000 -0.0000 11.4150 12.9882 13.9329
18.9558 2.8195 4.8140 201.8800 65.0590 166.2600 0.0000 0.0000 0.0000 -26.5408 -19.0828 -80.6529 11.9824 18.3832 65.9329 3.0268 12.6862 31.4513 2.9302 10.5812 30.8800 0.0000 0.0000 0.0000 -1.0543 -7.9187 -94.2352 -22.1761 -19.8861 96.3741 1.1463 18.7502 10.0884 -1.8559 8.5592 -24.4258 12.3678 5.9970 43.7187 -1.0119 16.8696 14.6041 -12.8770 10.9647 -0.4256 23.2369 19.1228 4.6228 -16.1235 27.6779 4.7261 -6.0722 13.8946 6.1018 0.0000 -0.0000 0.0000 -78.1475 -11.4626 4.7279 23.4685 -34.5972 -7.4026 -0.0000 -0.0000 22.1170 81.5321 48.6831 78.7880 -7.1250 0.0000 -0.0000 154.9460 -66.6872 -166.5540 0.0000 -0.0000 0.0000 26.8140 11.2007 55.6667 -34.5361 44.4780 -14.4874 0.0000 -0.0000 -2.2568 -14.5225 41.9526 -9.8245 7.1250 -0.0000 -0.0000 10.9796 12.2127 13.2715
18.9577 2.8166 4.8105 201.1720 65.2011 165.8270 0.0000 0.0000 0.0000 -26.7827 -18.9879 -80.9069 11.9456 18.3676 65.8163 2.9925 12.6809 31.2694 2.8701 10.4817 30.5510 0.0000 0.0000 0.0000 -1.6822 -7.3456 -94.3298 -22.1769 -19.8860 96.3764 1.1628 18.9065 10.3749 -1.8116 8.4621 -24.1267 12.2680 6.4125 44.1098 -1.3421 17.3384 14.1902 -13.4262 11.1363 -0.8089 23.6398 19.0802 4.7467 -16.0210 27.6510 4.6403 -6.1022 13.8976 6.0867 0.0000 -0.0000 0.0000 -77.5949 -12.2117 5.1275 22.8702 -33.9465 -7.0657 -0.0000 -0.0000 22.8592 81.4742 48.8072 78.7331 -7.1250 0.0000 -0.0000 155.1535 -66.7157 -166.6552 0.0000 -0.0000 0.0000 27.4427 10.2774 55.9361 -34.5060 44.4562 -14.4663 0.0000 -0.0000 -2.2633 -15.6928 40.7072 -10.3834 7.1250 -0.0000 -0.0000 10.1995 11.2256 12.1643
18.9574 2.8174 4.8117 200.0790 64.7268 165.0090 0.0000 0.0000 0.0000 -27.6287 -19.2090 -80.7017 11.8069 18.3078 65.3755 3.0224 12.8888 31.4384 2.9767 10.6572 31.1322 0.0000 0.0000 0.0000 -2.6871 -7.4038 -94.3897 -22.1779 -19.8859 96.3794 1.1878 19.1556 10.8801 -1.9026 8.6601 -24.7379 11.7741 6.7170 44.2084 -1.4076 17.4899 13.9870 -13.3727 11.1336 -1.1284 23.2417 19.1684 4.8687 -15.7542 27.7077 4.3106 -6.0062 13.9307 5.8783 -0.0000 0.0000 0.0000 -76.4834 -11.6659 8.7662 23.2306 -34.3400 -7.2679 -0.0000 -0.0000 19.9509 83.4821 49.1638 81.4126 -7.1250 0.0000 -0.0000 156.9857 -65.0911 -168.5406 -0.0000 0.0000 0.0000 27.4184 9.6951 56.3572 -34.5586 44.4943 -14.5031 0.0000 -0.0000 -2.1691 -15.5523 40.3077 -10.2059 7.1250 -0.0000 -0.0000 10.2079 10.8088 12.1160
18.9471 2.8229 4.8152 201.3970 63.8733 166.0160 0.0000 0.0000 0.0000 -27.8351 -19.6209 -79.9771 11.6778 18.2511 64.9639 3.0842 13.0508 31.7716 2.9747 10.6540 31.1216 0.0000 0.0000 0.0000 -2.8053 -7.8718 -93.8668 -22.1672 -19.8870 96.3479 1.1564 19.0378 11.4816 -1.7632 8.3543 -23.7955 12.3361 6.3399 44.3279 -1.2393 17.3293 13.9717 -13.4194 11.0776 -1.1343 23.2279 19.3008 4.9204 -16.0971 27.9067 4.1191 -6.0729 14.0207 5.9000 0.0000 0.0000 0.0000 -76.2690 -11.9554 9.7114 23.1212 -34.2211 -7.2064 -0.0000 -0.0000 19.6746 84.0170 49.3310 82.1329 -7.1250 0.0000 -0.0000 157.5736 -64.6516 -169.0749 0.0000 0.0000 0.0000 27.2793 9.5923 56.4857 -34.4078 44.3846 -14.3976 0.0000 -0.0000 -2.1370 -14.5993 42.3994 -9.9614 7.1250 -0.0000 -0.0000 11.0130 12.6609 13.3784
18.9386 2.8186 4.8102 201.7430 64.4632 166.2080 0.0000 0.0000 0.0000 -27.6203 -19.0095 -80.1184 11.6592 18.2428 64.9043 3.0743 13.2423 31.7313 2.9836 10.6684 31.1696 0.0000 0.0000 0.0000 -2.7839 -6.8640 -93.5647 -22.0465 -19.8993 95.9931 1.1358 19.0165 12.1109 -1.6919 8.1926 -23.3005 12.2645 6.7819 44.5840 -1.0250 17.8907 13.9254 -13.3440 11.3281 -1.1891 22.9869 19.3210 4.7952 -15.9546 27.8758 4.1023 -6.0049 13.9988 5.8535 -0.0000 0.0000 0.0000 -76.5998 -12.3263 10.2417 22.8664 -33.9424 -7.0636 -0.0000 -0.0000 20.0530 84.2655 49.4709 82.4737 -7.1250 0.0000 -0.0000 157.9491 -64.4416 -169.3738 -0.0000 0.0000 0.0000 27.0491 9.2519 56.6466 -34.2252 44.2509 -14.2700 0.0000 -0.0000 -2.1070 -15.1361 41.5977 -10.1808 7.1250 -0.0000 -0.0000 10.6193 11.9855 12.7899
18.9431 2.8193 4.8039 201.2720 64.4308 165.8780 0.0000 0.0000 0.0000 -28.0739 -18.8479 -80.1825 11.6431 18.2357 64.8531 3.0509 13.4390 31.6216 3.0966 10.8498 31.7750 0.0000 0.0000 0.0000 -3.2149 -6.6394 -93.5637 -22.0308 -19.9008 95.9471 1.1980 19.4129 11.9728 -1.7823 8.3970 -23.9265 12.1356 6.9881 44.7188 -1.1759 18.0748 13.7183 -13.5526 11.3782 -1.3987 23.0043 19.4028 4.5670 -15.5375 27.9153 4.2031 -5.8537 14.0153 5.8622 -0.0000 -0.0000 0.0000 -76.1403 -12.4059 11.0078 22.7092 -33.7693 -6.9760 -0.0000 -0.0000 19.8065 84.2045 49.5246 82.4001 -7.1250 0.0000 -0.0000 158.0091 -64.4851 -169.3819 -0.0000 -0.0000 0.0000 27.2589 9.0639 56.7830 -34.0527 44.1237 -14.1497 0.0000 -0.0000 -2.1161 -15.1356 41.8619 -10.2321 7.1250 -0.0000 -0.0000 10.6620 12.2416 12.8794
18.9348 2.8276 4.7987 201.4290 63.8217 165.9500 0.0000 0.0000 0.0000 -28.5587 -19.0652 -79.7543 11.6083 18.2201 64.7416 3.0429 13.4182 31.5787 3.0745 10.8147 31.6576 0.0000 0.0000 0.0000 -3.4065 -7.1287 -93.2605 -22.0510 -19.8988 96.0064 1.1831 19.2333 11.5447 -1.8231 8.4875 -24.2049 12.2210 6.7360 44.6731 -1.2222 17.8106 13.7230 -13.5665 11.2587 -1.4167 22.8050 19.6835 4.2324 -15.2263 28.2064 4.3234 -5.6498 14.1409 5.9263 0.0000 -0.0000 0.0000 -75.8523 -12.5062 11.1003 22.6340 -33.6861 -6.9342 -0.0000 -0.0000 19.7024 84.0983 49.5639 82.2659 -7.1250 0.0000 -0.0000 158.0222 -64.5644 -169.3481 0.0000 -0.0000 0.0000 27.3099 9.3581 57.0515 -34.1254 44.1774 -14.2004 0.0000 -0.0000 -2.1365 -16.0157 40.8250 -10.6282 7.1250 -0.0000 -0.0000 10.0560 11.4041 12.0127
18.9313 2.8282 4.7952 201.6170 63.7108 166.0500 0.0000 0.0000 0.0000 -28.5995 -19.0034 -79.5893 11.6148 18.2230 64.7625 2.9724 13.5771 31.2196 3.1848 10.9884 32.2409 0.0000 0.0000 0.0000 -3.2579 -7.3114 -93.2139 -22.0238 -19.9015 95.9266 1.1501 19.1054 12.0660 -1.8262 8.4943 -24.2257 12.3456 6.6267 44.8601 -1.3305 17.7447 13.6090 -13.7656 11.2167 -1.5515 22.8281 19.8153 4.1483 -15.1678 28.3386 4.1715 -5.6055 14.2021 5.9079 -0.0000 -0.0000 0.0000 -75.5251 -12.4392 11.3546 22.5917 -33.6393 -6.9108 -0.0000 -0.0000 19.4242 84.5234 49.4896 82.8127 -7.1250 0.0000 -0.0000 158.1167 -64.2363 -169.5626 -0.0000 -0.0000 0.0000 27.6965 9.5095 56.8713 -33.9240 44.0284 -14.0602 0.0000 -0.0000 -1.6839 -16.2878 40.8606 -10.8219 7.1250 -0.0000 -0.0000 9.9251 11.4933 11.8641
18.9315 2.8283 4.7908 201.3460 63.6104 165.8350 0.0000 0.0000 0.0000 -28.8252 -18.9521 -79.5010 11.5967 18.2149 64.7047 2.9108 13.9221 30.9223 3.3934 11.3062 33.3196 0.0000 0.0000 0.0000 -3.6424 -7.1663 -93.1116 -21.8978 -19.9134 95.5566 1.2485 19.8777 12.6382 -1.8561 8.5596 -24.4272 12.2249 6.6318 44.9922 -1.3716 17.6848 13.4763 -13.7865 11.1405 -1.7711 23.0406 19.7793 4.3890 -15.3735 28.3343 3.9433 -5.7167 14.2115 5.8602 -0.0000 0.0000 0.0000 -75.4990 -12.2120 11.5672 22.5486 -33.5915 -6.8869 -0.0000 -0.0000 19.3137 84.8199 49.4136 83.1925 -7.1250 0.0000 -0.0000 158.1428 -64.0088 -169.6913 -0.0000 0.0000 0.0000 27.7473 9.5112 56.9025 -33.9765 44.0673 -14.0967 0.0000 -0.0000 -1.8222 -16.4044 40.1447 -10.7472 7.1250 -0.0000 -0.0000 9.7505 10.8162 11.5592
18.9275 2.8296 4.7916 201.8640 63.4607 166.1670 0.0000 0.0000 0.0000 -28.8301 -18.9229 -79.3061 11.5914 18.2125 64.6877 2.9171 13.8939 30.9530 3.3936 11.3065 33.3207 0.0000 0.0000 0.0000 -3.4301 -7.3846 -92.8702 -21.9530 -19.9083 95.7187 1.1716 19.2527 12.0698 -1.8787 8.6087 -24.5788 12.3391 6.5187 45.0642 -1.2345 17.6119 13.4672 -13.6841 11.0901 -1.8326 23.0552 19.8270 4.4187 -15.5076 28.3909 3.7925 -5.7521 14.2376 5.8423 0.0000 -0.0000 0.0000 -75.6060 -12.0538 11.5071 22.4986 -33.5359 -6.8593 -0.0000 -0.0000 19.4029 84.8533 49.4152 83.2364 -7.1250 0.0000 -0.0000 158.1635 -63.9818 -169.7153 0.0000 -0.0000 0.0000 27.6373 9.5762 57.0319 -34.0554 44.1257 -14.1516 0.0000 -0.0000 -1.9526 -16.7005 39.8083 -10.8730 7.1250 -0.0000 -0.0000 9.5463 10.5467 11.2751
18.9290 2.8264 4.7906 202.3590 63.6329 166.5720 0.0000 0.0000 0.0000 -28.5720 -18.7527 -79.3887 11.6077 18.2198 64.7398 2.9098 13.9874 30.9226 3.4626 11.4088 33.6712 0.0000 0.0000 0.0000 -3.3533 -7.0273 -92.7159 -21.9826 -19.9055 95.8056 1.1762 19.2115 11.6870 -1.8393 8.5230 -24.3142 12.4544 6.5316 45.0573 -1.1141 17.6853 13.5049 -13.6166 11.1307 -1.7752 22.7402 19.8659 4.3722 -15.4149 28.3781 3.6049 -5.7054 14.2275 5.7309 0.0000 0.0000 0.0000 -75.7469 -12.0167 11.3316 22.4730 -33.5074 -6.8451 -0.0000 -0.0000 19.6586 84.9487 49.6160 83.3809 -7.1250 0.0000 -0.0000 158.5497 -63.8906 -169.9511 0.0000 0.0000 0.0000 27.4225 9.6238 57.1436 -34.1118 44.1674 -14.1909 0.0000 -0.0000 -2.2619 -16.5483 40.7500 -10.9765 7.1250 -0.0000 -0.0000 9.7760 11.4368 11.6736
18.9291 2.8274 4.7936 203.1410 63.5595 167.1170 0.0000 0.0000 0.0000 -28.3202 -18.6931 -79.3091 11.6539 18.2405 64.8876 2.9263 13.9710 31.0083 3.4980 11.4606 33.8493 0.0000 0.0000 0.0000 -3.0564 -7.0462 -92.4374 -21.9482 -19.9088 95.7045 1.2044 19.4074 11.7079 -1.8723 8.5948 -24.5359 12.6307 6.3682 45.0095 -0.9367 17.5814 13.6117 -13.4518 11.0975 -1.6775 22.7430 19.8675 4.4550 -15.6848 28.3826 3.3817 -5.7962 14.2289 5.6939 -0.0000 -0.0000 0.0000 -75.9111 -11.9631 10.7712 22.4520 -33.4841 -6.8335 -0.0000 -0.0000 19.9109 84.7191 49.7136 83.0912 -7.1250 0.0000 -0.0000 158.5967 -64.0634 -169.8880 -0.0000 -0.0000 0.0000 27.3393 9.9159 57.0943 -33.9252 44.0292 -14.0610 0.0000 -0.0000 -2.1715 -16.7524 39.8999 -10.9284 7.1250 -0.0000 -0.0000 9.5345 10.6468 11.2741
18.9310 2.8233 4.7955 203.1810 63.9399 167.2520 0.0000 0.0000 0.0000 -28.0190 -18.4919 -79.6042 11.6753 18.2500 64.9558 2.8926 14.1280 30.8445 3.5252 11.5003 33.9864 0.0000 0.0000 0.0000 -2.8906 -6.6709 -92.5931 -21.9521 -19.9084 95.7159 1.1849 19.2455 11.5474 -1.8815 8.6149 -24.5978 12.5525 6.4958 45.0099 -0.9495 17.6841 13.5964 -13.4602 11.1371 -1.6827 23.2090 19.7762 4.5035 -16.1786 28.3191 3.3215 -5.9907 14.1971 5.8006 0.0000 0.0000 0.0000 -75.8356 -11.8587 10.7271 22.4508 -33.4828 -6.8329 -0.0000 -0.0000 19.7643 84.4016 49.6046 82.6659 -7.1250 0.0000 -0.0000 158.2497 -64.3222 -169.5856 0.0000 0.0000 0.0000 27.2696 10.0494 57.0803 -33.9911 44.0781 -14.1069 0.0000 -0.0000 -2.2429 -16.6178 39.9069 -10.8392 7.1250 -0.0000 -0.0000 9.6041 10.6259 11.3558
18.9389 2.8201 4.7933 203.2730 63.9706 167.3720 0.0000 0.0000 0.0000 -28.0235 -18.4302 -79.7197 11.6955 18.2589 65.0204 2.8950 14.2253 30.8660 3.5550 11.5435 34.1355 0.0000 0.0000 0.0000 -2.7750 -6.7064 -92.6985 -21.8983 -19.9134 95.5580 1.2113 19.4756 11.8286 -1.9013 8.6574 -24.7293 12.6830 6.4254 45.0673 -0.9847 17.6499 13.5429 -13.5620 11.1160 -1.7247 23.2798 19.7487 4.5849 -16.2831 28.2925 3.2046 -6.0446 14.1880 5.7733 0.0000 -0.0000 0.0000 -75.8128 -11.8623 10.6460 22.2917 -33.3052 -6.7453 -0.0000 -0.0000 19.8257 84.2752 49.5823 82.4986 -7.1250 0.0000 -0.0000 158.1458 -64.4238 -169.4820 0.0000 -0.0000 0.0000 27.3763 10.0515 56.9789 -33.9809 44.0706 -14.0998 0.0000 -0.0000 -2.4076 -16.4755 40.1632 -10.7993 7.1250 -0.0000 -0.0000 9.7174 10.8489 11.5233
18.9446 2.8197 4.7975 203.2170 63.9652 167.3360 0.0000 0.0000 0.0000 -28.1034 -18.3272 -79.8097 11.7205 18.2700 65.1001 2.9050 14.4148 30.9373 3.6371 11.6612 34.5436 0.0000 0.0000 0.0000 -2.7019 -6.7768 -92.7998 -21.8965 -19.9135 95.5528 1.2170 19.5373 11.9553 -1.9434 8.7471 -25.0073 12.7109 6.3762 45.1953 -1.0440 17.6022 13.4567 -13.6580 11.0738 -1.8450 22.8581 19.8534 4.3456 -15.7094 28.3442 3.3992 -5.8070 14.2061 5.7290 -0.0000 -0.0000 0.0000 -75.6686 -11.7121 10.7266 22.2437 -33.2513 -6.7190 -0.0000 -0.0000 19.6171 84.5134 49.6206 82.8134 -7.1250 0.0000 -0.0000 158.3345 -64.2329 -169.6730 -0.0000 -0.0000 0.0000 27.6240 10.0348 56.7403 -33.8791 43.9949 -14.0290 0.0000 -0.0000 -2.4238 -16.2918 40.6153 -10.7722 7.1250 -0.0000 -0.0000 9.8832 11.2547 11.7805
18.9468 2.8188 4.7977 202.7840 63.9815 167.0690 0.0000 0.0000 0.0000 -28.2586 -18.3079 -79.9444 11.7195 18.2695 65.0970 2.9064 14.3921 30.9425 3.6850 11.7290 34.7799 0.0000 0.0000 0.0000 -2.7305 -6.9319 -93.1093 -21.9500 -19.9086 95.7099 1.2281 19.5979 11.8796 -1.9143 8.6853 -24.8158 12.2028 6.5619 44.6520 -0.6232 17.5557 13.7800 -12.8541 11.0431 -1.5923 22.2982 19.8581 4.2230 -15.7756 28.3452 3.6671 -5.7523 14.1898 5.7687 -0.0000 0.0000 0.0000 -77.0493 -12.3412 8.4284 21.6123 -32.5361 -6.3761 -0.0000 -0.0000 21.5844 83.6625 49.5848 81.7005 -7.1250 0.0000 -0.0000 157.8307 -64.9048 -169.0763 -0.0000 0.0000 0.0000 26.8234 10.2034 56.5382 -34.0045 44.0880 -14.1162 0.0000 -0.0000 -2.6020 -16.3677 41.1018 -10.9282 7.1250 -0.0000 -0.0000 9.9247 11.7440 11.8973
18.9492 2.8164 4.7985 203.3900 64.1852 167.5790 0.0000 0.0000 0.0000 -27.9646 -18.0634 -80.1047 11.7597 18.2872 65.2249 2.9025 14.4442 30.9272 3.7564 11.8290 35.1298 0.0000 0.0000 0.0000 -2.2874 -6.9239 -93.1268 -21.9661 -19.9071 95.7572 1.2264 19.5671 11.7730 -1.8651 8.5792 -24.4875 12.2823 6.5567 44.4526 -0.3040 17.5729 13.9393 -12.5027 11.0573 -1.4271 22.2306 19.7622 4.3437 -16.1032 28.2821 3.7554 -5.8585 14.1579 5.8117 -0.0000 -0.0000 0.0000 -77.5160 -12.1882 8.3027 21.4554 -32.3561 -6.2919 -0.0000 -0.0000 20.8428 83.4471 49.1190 81.3611 -7.1250 0.0000 -0.0000 156.8862 -65.1233 -168.4714 -0.0000 -0.0000 0.0000 26.3569 10.3885 56.3064 -34.0450 44.1180 -14.1444 0.0000 -0.0000 -2.6625 -15.6845 42.2263 -10.6867 7.1250 -0.0000 -0.0000 10.4512 12.7030 12.6806
18.9532 2.8100 4.8010 203.1330 64.7840 167.4290 0.0000 0.0000 0.0000 -27.7574 -17.5943 -80.5816 11.8218 18.3143 65.4229 2.8660 14.4929 30.7395 3.7569 11.8297 35.1322 0.0000 0.0000 0.0000 -2.0597 -6.4531 -93.3962 -21.9294 -19.9105 95.6492 1.2387 19.6610 11.8365 -1.8255 8.4928 -24.2211 12.3011 6.5919 44.6739 -0.6169 17.5991 13.7714 -12.9033 11.0569 -1.5727 22.7002 19.5527 4.5263 -16.2467 28.0317 3.5462 -6.0181 14.0523 5.7594 0.0000 -0.0000 0.0000 -76.6550 -11.4273 9.8628 21.7533 -32.6971 -6.4521 -0.0000 -0.0000 18.1239 84.2484 48.8021 82.3756 -7.1250 0.0000 -0.0000 156.7814 -64.5166 -168.7420 0.0000 -0.0000 0.0000 26.8849 10.7315 55.9802 -33.8023 43.9377 -13.9757 0.0000 -0.0000 -2.4212 -16.3132 41.7340 -11.0244 7.1250 -0.0000 -0.0000 10.0577 12.3495 12.1427
18.9506 2.8049 4.8014 202.6440 65.3944 167.0370 0.0000 0.0000 0.0000 -27.6363 -17.1242 -80.9745 11.8677 18.3342 65.5689 2.8152 14.6906 30.4913 3.8366 11.9397 35.5189 0.0000 0.0000 0.0000 -1.8858 -6.0074 -93.6245 -21.8509 -19.9177 95.4188 1.2858 19.9937 11.9583 -1.8677 8.5849 -24.5053 12.1034 6.6166 44.8283 -0.8187 17.5267 13.7433 -13.0354 11.0123 -1.6534 22.5319 19.5407 4.1764 -15.8671 27.9005 3.6311 -5.8827 13.9767 5.7327 0.0000 -0.0000 0.0000 -76.7063 -12.0737 7.8180 20.6602 -31.4295 -5.8717 -0.0000 -0.0000 18.6218 83.4419 48.2081 81.2343 -7.1250 0.0000 -0.0000 155.2410 -65.2216 -167.5494 0.0000 -0.0000 0.0000 26.9171 11.3594 55.9309 -33.8400 43.9658 -14.0018 0.0000 -0.0000 -2.8958 -16.4871 42.0115 -11.2044 7.1250 -0.0000 -0.0000 10.0190 12.6542 12.1350
18.9528 2.8016 4.7974 202.4590 65.6959 167.0240 0.0000 0.0000 0.0000 -27.5173 -16.9853 -81.2773 11.8806 18.3397 65.6100 2.7888 15.0122 30.3881 3.9346 12.0729 35.9903 0.0000 0.0000 0.0000 -1.6073 -5.9688 -93.9876 -21.8617 -19.9167 95.4505 1.2730 19.9021 11.9171 -1.8482 8.5424 -24.3741 11.7725 6.7188 44.3498 -0.5495 17.4514 14.0226 -12.4765 10.9811 -1.3848 22.3511 19.3255 3.7234 -15.8662 27.4732 3.5804 -5.9027 13.7476 5.6882 0.0000 -0.0000 0.0000 -76.8216 -12.2294 7.1848 19.9860 -30.6254 -5.5242 -0.0000 -0.0000 17.7725 82.8938 47.9440 80.4687 -7.1250 0.0000 -0.0000 154.4019 -65.6915 -166.8264 0.0000 -0.0000 0.0000 26.2448 11.9713 55.6410 -33.8704 43.9885 -14.0230 0.0000 -0.0000 -3.2202 -16.0762 42.3503 -10.9867 7.1250 -0.0000 -0.0000 10.2797 12.9014 12.4931
18.9534 2.8001 4.7936 202.1450 66.0600 166.8800 0.0000 0.0000 0.0000 -27.3441 -16.8199 -81.6118 11.9173 18.3555 65.7265 2.7774 14.9498 30.3200 3.9441 12.0856 36.0356 0.0000 0.0000 0.0000 -1.3595 -5.8535 -94.3094 -21.8888 -19.9142 95.5301 1.2515 19.7064 11.6055 -1.8866 8.6258 -24.6315 11.5442 6.7569 44.1077 -0.4563 17.3323 14.0863 -12.2071 10.8947 -1.3565 22.3261 18.9242 3.4070 -15.6394 26.7956 3.4293 -5.9415 13.4126 5.5319 -0.0000 0.0000 0.0000 -76.9592 -11.9889 7.1303 19.5222 -30.0624 -5.2899 -0.0000 -0.0000 16.9717 82.9480 47.9477 80.5414 -7.1250 0.0000 -0.0000 154.4450 -65.6470 -166.8759 -0.0000 0.0000 0.0000 25.9824 12.5440 55.5351 -33.8850 43.9993 -14.0331 0.0000 -0.0000 -3.5549 -16.2919 41.6295 -10.9877 7.1250 -0.0000 -0.0000 10.0506 12.2433 12.1197
18.9547 2.7972 4.7925 202.0060 66.5467 166.7750 0.0000 0.0000 0.0000 -27.0599 -16.5121 -81.9020 11.9709 18.3783 65.8965 2.7521 14.9163 30.1816 3.9454 12.0873 36.0416 0.0000 0.0000 0.0000 -1.0077 -5.6128 -94.4999 -21.8721 -19.9158 95.4809 1.2637 19.7765 11.5381 -1.8796 8.6108 -24.5851 11.2111 6.5905 44.1004 -0.4965 16.9344 14.1309 -11.9919 10.6621 -1.4660 20.7705 18.5061 2.9347 -14.4450 25.8274 2.3166 -5.6375 12.9329 4.7212 -0.0000 -0.0000 0.0000 -77.2242 -11.6851 5.6010 19.0375 -29.4652 -5.0493 -0.0000 -0.0000 16.9142 82.5233 47.9016 79.9697 -7.1250 0.0000 -0.0000 154.0760 -65.9951 -166.4688 -0.0000 -0.0000 0.0000 25.8017 13.8521 55.4887 -33.6497 43.8235 -13.8699 0.0000 -0.0000 -3.5700 -16.5685 41.8650 -11.2303 7.1250 -0.0000 -0.0000 9.9535 12.5285 12.0370
18.9524 2.7943 4.7892 202.2260 66.7677 166.9410 0.0000 0.0000 0.0000 -26.6688 -16.5140 -81.9991 12.0067 18.3935 66.0102 2.7574 14.5720 30.1696 3.7410 11.8075 35.0545 0.0000 0.0000 0.0000 -0.6247 -5.6520 -94.5344 -21.8475 -19.9180 95.4087 1.2408 19.5956 11.3677 -1.8476 8.5411 -24.3699 10.7822 6.4175 43.7334 -0.1462 16.5021 14.4627 -11.2206 10.4364 -1.2873 20.3436 17.7186 2.6245 -14.7931 24.5468 1.0183 -5.9295 12.2934 4.1634 -0.0000 -0.0000 0.0000 -77.6567 -11.0505 4.6659 18.8788 -29.2678 -4.9715 -0.0000 -0.0000 15.9139 81.8189 47.8291 79.0223 -7.1250 0.0000 -0.0000 153.4585 -66.5698 -165.7799 -0.0000 -0.0000 0.0000 24.8143 15.2801 55.5469 -33.6579 43.8296 -13.8756 0.0000 -0.0000 -4.0484 -15.9935 41.2014 -10.6916 7.1250 -0.0000 -0.0000 10.1282 11.7664 12.1513
18.9486 2.7956 4.7812 201.9830 66.8994 167.0310 0.0000 0.0000 0.0000 -26.5426 -16.6494 -82.3459 12.0070 18.3936 66.0111 2.7496 14.6693 30.1391 3.7098 11.7638 34.9016 0.0000 0.0000 0.0000 -0.4841 -5.7623 -94.9265 -21.7749 -19.9243 95.1959 1.2460 19.6552 11.5176 -1.8293 8.5010 -24.2465 10.6623 5.9697 43.4761 -0.4536 15.7750 14.3989 -11.2712 10.0489 -1.3918 19.7514 17.0463 1.7954 -13.7062 23.3522 0.3894 -5.7005 11.6885 3.6944 -0.0000 0.0000 0.0000 -77.5406 -10.4154 3.2558 18.6223 -28.9467 -4.8467 -0.0000 -0.0000 15.1087 81.6938 47.6988 78.8338 -7.1250 0.0000 -0.0000 153.1148 -66.6868 -165.5133 -0.0000 0.0000 0.0000 24.7914 17.0810 55.6887 -33.2413 43.5147 -13.5879 0.0000 -0.0000 -4.3046 -15.8832 41.7180 -10.7221 7.1250 -0.0000 -0.0000 10.2682 12.2480 12.3903
18.9498 2.7972 4.7754 201.8850 67.0194 167.1470 0.0000 0.0000 0.0000 -26.4223 -16.7130 -82.6247 12.0317 18.4040 66.0893 2.7684 14.5536 30.2266 3.5707 11.5661 34.2136 0.0000 0.0000 0.0000 -0.2069 -5.9359 -95.3230 -21.7465 -19.9267 95.1124 1.2958 20.0014 11.6119 -1.8546 8.5564 -24.4173 10.2031 5.7785 43.0472 -0.2691 15.2462 14.5190 -10.6593 9.7317 -1.3978 17.8446 16.4821 0.6639 -11.2526 22.2694 0.0764 -4.8797 11.1414 3.0964 0.0000 -0.0000 0.0000 -78.2303 -9.8056 1.9307 18.2704 -28.5020 -4.6776 -0.0000 -0.0000 14.4182 81.1912 47.3250 78.0976 -7.1250 0.0000 -0.0000 151.9987 -67.1393 -164.5871 0.0000 -0.0000 0.0000 24.1423 18.5914 55.9647 -33.1501 43.4451 -13.5252 0.0000 -0.0000 -4.7025 -15.9550 41.3064 -10.6869 7.1250 -0.0000 -0.0000 10.1646 11.8612 12.2091
18.9465 2.7946 4.7748 201.9630 67.4427 167.3490 0.0000 0.0000 0.0000 -26.1208 -16.4246 -83.0452 12.0959 18.4309 66.2923 2.7653 14.5807 30.2131 3.5996 11.6076 34.3577 0.0000 0.0000 0.0000 0.1978 -5.6936 -95.6281 -21.6985 -19.9307 94.9715 1.3247 20.2279 11.8443 -1.8740 8.5986 -24.5476 10.0232 5.6574 42.9714 -0.2797 14.9573 14.4927 -10.5049 9.5485 -1.5007 18.2294 15.7967 0.2850 -10.8065 21.2526 -0.4906 -4.9206 10.6365 2.8305 -0.0000 -0.0000 0.0000 -78.5423 -9.4539 0.4651 17.6253 -27.6747 -4.3738 -0.0000 -0.0000 14.2914 81.3044 47.3509 78.2533 -7.1250 0.0000 -0.0000 152.1356 -67.0447 -164.7266 -0.0000 -0.0000 0.0000 23.9417 19.8006 55.9269 -32.9473 43.2895 -13.3859 0.0000 -0.0000 -4.5356 -16.0199 41.4356 -10.7586 7.1250 -0.0000 -0.0000 10.1535 11.9997 12.2143
18.9503 2.7844 4.7768 202.7290 68.5414 167.9640 0.0000 0.0000 0.0000 -25.2458 -15.5769 -83.6720 12.2410 18.4907 66.7506 2.7251 14.7641 30.0187 3.6596 11.6932 34.6550 0.0000 0.0000 0.0000 1.1882 -4.8587 -95.7095 -21.6491 -19.9347 94.8267 1.3123 20.1388 11.7952 -1.9204 8.6982 -24.8558 9.8820 5.6740 43.2898 -0.2757 14.9063 14.4481 -10.4652 9.4835 -1.6798 18.8611 15.3431 -0.2895 -10.7111 20.5328 -0.8246 -5.0217 10.2694 2.7697 0.0000 -0.0000 0.0000 -78.5906 -9.3188 -1.3061 16.5801 -26.3009 -3.8995 -0.0000 -0.0000 14.6926 80.5781 47.2317 77.2625 -7.1250 0.0000 -0.0000 151.3403 -67.6441 -163.8763 0.0000 -0.0000 0.0000 23.8429 21.1695 55.6375 -32.7492 43.1364 -13.2503 0.0000 -0.0000 -4.4815 -15.6100 41.6476 -10.5183 7.1250 -0.0000 -0.0000 10.3921 12.1254 12.5273
18.9359 2.7846 4.7693 202.5620 69.2570 167.9260 0.0000 0.0000 0.0000 -24.9735 -15.1156 -84.0279 12.2357 18.4885 66.7339 2.7175 14.9141 29.9961 3.7066 11.7594 34.8859 0.0000 0.0000 0.0000 1.6840 -4.4098 -95.8889 -21.6027 -19.9383 94.6905 1.2361 19.6116 11.6555 -1.9025 8.6600 -24.7376 9.2423 5.5535 43.1480 -0.0966 14.4362 14.6307 -9.8087 9.1990 -1.7024 18.4220 15.2695 -0.4853 -10.3920 20.3785 -1.4254 -4.9116 10.1889 2.5180 0.0000 -0.0000 0.0000 -78.4286 -7.9195 -0.6667 16.1494 -25.7228 -3.7106 -0.0000 -0.0000 11.5620 80.5496 47.0526 77.1887 -7.1250 0.0000 -0.0000 150.9402 -67.6913 -163.6055 0.0000 -0.0000 0.0000 22.7372 23.1800 55.6572 -32.6809 43.0833 -13.2036 0.0000 -0.0000 -5.0193 -15.6921 41.1492 -10.4737 7.1250 -0.0000 -0.0000 10.2704 11.6564 12.3115
18.9298 2.7888 4.7518 200.9450 69.1721 166.8230 0.0000 0.0000 0.0000 -25.5409 -15.3900 -84.1657 12.1501 18.4534 66.4638 2.7341 14.9862 30.0939 3.6744 11.7141 34.7280 0.0000 0.0000 0.0000 1.4726 -4.8979 -96.5386 -21.6285 -19.9363 94.7663 1.2072 19.3949 11.5308 -1.8506 8.5477 -24.3903 8.2598 5.3558 42.5001 0.1634 13.7006 14.9418 -8.7567 8.7795 -1.5586 17.8613 15.0668 -0.0952 -10.2588 20.1444 -2.5996 -4.9235 10.0771 2.0047 0.0000 -0.0000 0.0000 -79.3572 -7.2802 -1.3889 15.7470 -25.1764 -3.5376 -0.0000 -0.0000 10.4567 80.4466 47.0556 77.0519 -7.1250 0.0000 -0.0000 150.8654 -67.7735 -163.5070 0.0000 -0.0000 0.0000 21.5654 24.8484 55.3049 -32.7863 43.1651 -13.2757 0.0000 -0.0000 -5.2045 -15.0540 40.9195 -9.9911 7.1250 -0.0000 -0.0000 10.5536 11.3097 12.6118
18.9325 2.7890 4.7390 200.7680 69.4878 166.6960 0.0000 0.0000 0.0000 -25.3524 -15.2465 -84.3549 12.2009 18.4743 66.6241 2.7099 15.3714 30.0139 3.7721 11.8509 35.2064 0.0000 0.0000 0.0000 1.9688 -5.0834 -96.8666 -21.6388 -19.9355 94.7965 1.2193 19.4698 11.4859 -1.8322 8.5074 -24.2662 8.0949 5.0074 42.6688 0.1285 13.1986 15.0122 -8.5729 8.5193 -1.6353 17.5380 14.9209 -0.8329 -9.5553 19.8406 -2.8906 -4.6782 9.9182 1.8803 0.0000 -0.0000 0.0000 -79.5326 -7.0031 -2.7297 15.0804 -24.2579 -3.2589 -0.0000 -0.0000 10.3947 79.6895 47.2911 76.0946 -7.1250 0.0000 -0.0000 150.7767 -68.3447 -163.0825 0.0000 -0.0000 0.0000 21.1309 26.1505 54.8020 -32.8297 43.1988 -13.3054 0.0000 -0.0000 -5.4598 -15.0152 40.5394 -9.8898 7.1250 -0.0000 -0.0000 10.5148 10.9323 12.5095
18.9107 2.7868 4.7355 203.8430 70.8198 169.5330 0.0000 0.0000 0.0000 -23.4942 -14.4124 -84.9810 12.3075 18.5176 66.9602 2.6767 15.6559 29.8763 3.8641 11.9774 35.6520 0.0000 0.0000 0.0000 3.6144 -3.8620 -96.5882 -21.4539 -19.9492 94.2544 1.1684 19.1796 11.8040 -1.7917 8.4180 -23.9911 8.7041 4.9733 43.0516 0.5603 13.4323 15.0344 -8.5107 8.6240 -1.6594 16.7442 14.6160 -2.1965 -8.4388 19.2461 -2.3888 -4.2052 9.6137 1.9753 0.0000 0.0000 0.0000 -80.1147 -7.6577 -6.0517 13.6025 -22.1636 -2.6763 -0.0000 -0.0000 12.8168 78.3637 47.1954 74.3214 -7.1250 0.0000 -0.0000 149.4904 -69.4051 -161.5755 0.0000 0.0000 0.0000 20.4858 26.8525 54.1283 -32.7849 43.1640 -13.2747 0.0000 -0.0000 -5.5944 -14.6393 41.2498 -9.7721 7.1250 -0.0000 -0.0000 10.8121 11.5529 12.9666
18.9047 2.7864 4.7236 202.8730 71.3041 169.0560 0.0000 0.0000 0.0000 -23.4240 -14.3093 -85.5696 12.3112 18.5191 66.9717 2.6644 15.9573 29.8549 3.9851 12.1406 36.2312 0.0000 0.0000 0.0000 3.7532 -3.7390 -97.2535 -21.3197 -19.9582 93.8610 1.2286 19.6795 12.2977 -1.7265 8.2714 -23.5415 7.7801 4.8550 42.5204 0.6100 12.7948 15.2134 -7.7605 8.2451 -1.5925 16.8316 14.4847 -2.3668 -8.2400 19.0479 -2.7104 -4.1831 9.5130 1.8663 -0.0000 0.0000 0.0000 -80.8914 -7.7785 -9.2810 12.7809 -20.9653 -2.3743 -0.0000 -0.0000 14.0275 77.8867 47.1105 73.6728 -7.1250 0.0000 -0.0000 148.8864 -69.7925 -160.9239 -0.0000 0.0000 0.0000 19.5093 28.8057 54.1367 -32.9823 43.3164 -13.4099 0.0000 -0.0000 -6.0680 -13.6342 41.8679 -9.1956 7.1250 -0.0000 -0.0000 11.4054 11.9658 13.7670
18.8969 2.7857 4.7128 201.4860 71.6582 167.9620 0.0000 0.0000 0.0000 -23.5475 -14.2440 -85.8229 12.2851 18.5086 66.8896 2.6821 15.9103 29.9421 3.9185 12.0512 35.9133 0.0000 0.0000 0.0000 3.9187 -3.7747 -97.9436 -21.2393 -19.9631 93.6255 1.2616 20.0817 13.2044 -1.6981 8.2066 -23.3434 7.1088 4.7585 42.4467 0.6868 12.3792 15.3571 -7.2125 7.9981 -1.6054 16.2260 14.1108 -2.9204 -7.5655 18.4951 -3.0336 -3.9504 9.2362 1.6684 0.0000 0.0000 0.0000 -81.1985 -6.9878 -10.0577 12.4623 -20.4943 -2.2615 -0.0000 -0.0000 13.4731 76.6882 47.1215 72.1056 -7.1250 0.0000 -0.0000 147.8719 -70.7187 -159.6177 0.0000 0.0000 0.0000 18.5828 29.7668 53.6982 -33.3288 43.5813 -13.6482 0.0000 -0.0000 -6.3313 -13.5965 41.7158 -9.1429 7.1250 -0.0000 -0.0000 11.4013 11.8116 13.7383
18.9049 2.7865 4.7026 199.9150 71.8472 166.6930 0.0000 0.0000 0.0000 -23.8297 -14.2799 -86.1205 12.3092 18.5183 66.9657 2.7436 15.3960 30.1965 3.6589 11.6921 34.6511 0.0000 0.0000 0.0000 3.9097 -4.1105 -98.2527 -21.3200 -19.9582 93.8620 1.2664 19.8411 11.8141 -1.7047 8.2217 -23.3897 6.9718 4.5834 42.8138 0.3616 12.0480 15.0275 -7.4608 7.7760 -2.0789 16.8740 13.6178 -2.5926 -7.4514 17.8918 -3.6427 -4.1077 8.9314 1.4082 -0.0000 -0.0000 0.0000 -80.9596 -6.2653 -11.3856 12.0247 -19.8417 -2.1107 -0.0000 -0.0000 14.3940 76.2900 47.2715 71.6283 -7.1250 0.0000 -0.0000 147.9075 -70.9972 -159.4507 -0.0000 -0.0000 0.0000 19.4264 29.8795 52.9705 -33.3102 43.5671 -13.6354 0.0000 -0.0000 -5.5640 -12.9489 42.7697 -8.8742 7.1250 -0.0000 -0.0000 11.8780 12.7149 14.4774
18.9036 2.7875 4.6991 199.1200 72.4151 166.0090 0.0000 0.0000 0.0000 -23.7142 -13.9076 -86.4920 12.3404 18.5309 67.0639 2.7904 15.4109 30.4466 3.4851 11.4418 33.7847 0.0000 0.0000 0.0000 4.4048 -3.9865 -98.4923 -21.3625 -19.9554 93.9866 1.2269 19.4671 11.1514 -1.7183 8.2528 -23.4847 6.3147 4.6253 42.7142 0.6950 11.8514 15.3343 -6.6921 7.6541 -1.9091 16.8901 13.2154 -2.0541 -8.1082 17.4426 -5.0284 -4.4380 8.6944 0.9261 0.0000 -0.0000 0.0000 -81.7798 -6.1122 -13.4448 11.5761 -19.1660 -1.9609 -0.0000 -0.0000 15.7893 75.3297 47.4119 70.4256 -7.1250 0.0000 -0.0000 147.4314 -71.7005 -158.6396 0.0000 -0.0000 0.0000 18.2342 30.6448 51.9771 -33.7899 43.9285 -13.9671 0.0000 -0.0000 -5.4101 -12.7361 41.9196 -8.5869 7.1250 -0.0000 -0.0000 11.8567 11.8547 14.3152
18.9083 2.7900 4.7019 201.9140 73.0878 168.8060 0.0000 0.0000 0.0000 -22.2807 -13.6034 -87.0810 12.4512 18.5749 67.4119 2.7789 15.7314 30.4289 3.4999 11.4634 33.8592 0.0000 0.0000 0.0000 5.9248 -3.7351 -98.6305 -21.3260 -19.9578 93.8795 1.1695 19.0683 11.1293 -1.7069 8.2270 -23.4056 6.4440 4.2981 42.5137 1.0150 11.4988 15.6280 -6.2515 7.4935 -1.6122 16.9778 13.1083 -2.4941 -8.2207 17.2388 -5.4371 -4.4866 8.5851 0.8644 0.0000 -0.0000 0.0000 -82.2396 -6.0257 -14.8705 11.2415 -18.6575 -1.8524 -0.0000 -0.0000 15.9108 74.7008 47.3192 69.5892 -7.1250 0.0000 -0.0000 146.6039 -72.1909 -157.7173 0.0000 -0.0000 0.0000 17.4028 31.9840 50.9025 -34.4158 44.3904 -14.4031 0.0000 -0.0000 -5.1577 -12.1165 42.0443 -8.1816 7.1250 -0.0000 -0.0000 12.1799 11.8675 14.7236
18.9120 2.7885 4.7012 201.8650 73.3385 168.7570 0.0000 0.0000 0.0000 -22.0229 -13.4984 -87.2031 12.5140 18.5996 67.6089 2.7745 15.5477 30.3805 3.4891 11.4476 33.8047 0.0000 0.0000 0.0000 6.5770 -4.0503 -98.9365 -21.3333 -19.9573 93.9010 1.1723 19.0910 11.1522 -1.7686 8.3665 -23.8329 5.9607 4.0087 42.1865 1.3370 11.0116 16.2381 -5.4259 7.2917 -1.0330 15.8824 12.7499 -3.6273 -8.0200 16.6244 -5.6629 -4.2734 8.2758 0.8004 -0.0000 0.0000 0.0000 -83.1015 -6.5969 -17.7853 10.7188 -17.8560 -1.6887 -0.0000 -0.0000 17.6119 73.9086 46.9958 68.4726 -7.1250 0.0000 -0.0000 144.8997 -72.8445 -156.0268 -0.0000 0.0000 0.0000 16.0284 33.0695 49.3996 -35.2303 44.9759 -14.9759 0.0000 -0.0000 -5.1991 -11.2189 43.2620 -7.7411 7.1250 -0.0000 -0.0000 12.7897 12.8892 15.6668
18.9199 2.7895 4.7050 201.6890 73.8850 168.7770 0.0000 0.0000 0.0000 -21.6815 -13.1304 -87.6770 12.5878 18.6282 67.8402 2.7902 15.4125 30.4455 3.4461 11.3844 33.5876 0.0000 0.0000 0.0000 6.8559 -3.7582 -99.3333 -21.3222 -19.9580 93.8685 1.2217 19.4907 11.5156 -1.7652 8.3590 -23.8098 5.6267 3.8271 42.0368 1.4343 10.6841 16.6384 -4.9972 7.1530 -0.6457 14.4768 11.9285 -5.0868 -7.5017 15.3948 -5.7723 -3.9486 7.6604 0.7161 0.0000 0.0000 0.0000 -83.5275 -7.3033 -21.0549 10.0305 -16.7873 -1.4838 -0.0000 -0.0000 19.8802 73.2385 46.5056 67.4530 -7.1250 0.0000 -0.0000 142.6875 -73.4307 -153.9601 0.0000 0.0000 0.0000 15.0720 33.9234 48.0809 -35.9803 45.4996 -15.5085 0.0000 -0.0000 -5.8041 -11.8450 42.0460 -7.9956 7.1250 -0.0000 -0.0000 12.3139 11.8231 14.8851
18.9323 2.7920 4.7083 199.7020 74.1054 167.2340 0.0000 0.0000 0.0000 -21.9506 -13.0166 -88.1744 12.6552 18.6541 68.0511 2.7796 15.3706 30.3845 3.5217 11.4952 33.9686 0.0000 0.0000 0.0000 7.0264 -4.0399 -100.0380 -21.3868 -19.9538 94.0577 1.1737 19.1182 11.2554 -1.7616 8.3508 -23.7846 4.9202 3.6907 42.3659 1.1747 10.1380 16.2406 -4.8272 6.7687 -1.2880 14.2625 10.5800 -4.6185 -7.3266 13.6824 -6.8215 -4.0610 6.7918 0.1330 0.0000 -0.0000 0.0000 -83.4982 -6.9111 -25.0402 9.4265 -15.8375 -1.3141 -0.0000 -0.0000 22.7347 72.1971 46.1142 65.9845 -7.1250 0.0000 -0.0000 140.1778 -74.2596 -151.4118 0.0000 -0.0000 0.0000 15.4283 34.8317 48.2756 -36.4185 45.7989 -15.8218 0.0000 -0.0000 -5.6941 -12.2314 42.1957 -8.2843 7.1250 -0.0000 -0.0000 12.1448 12.0334 14.7064
18.9402 2.7964 4.7112 199.0720 74.7696 166.9310 0.0000 0.0000 0.0000 -21.6505 -12.5451 -88.8033 12.7356 18.6846 68.3021 2.7530 15.4790 30.2574 3.6353 11.6586 34.5346 0.0000 0.0000 0.0000 7.3974 -3.5954 -100.5884 -21.4204 -19.9516 94.1563 1.1799 19.1958 11.4571 -1.9165 8.6900 -24.8305 4.0446 3.7466 42.3281 1.4415 9.7997 16.2091 -4.0192 6.4939 -1.5033 12.9196 9.2822 -4.9494 -6.7002 11.9940 -7.2439 -4.1789 5.9423 -0.2280 -0.0000 0.0000 0.0000 -83.9768 -6.8750 -30.5630 8.6754 -14.6417 -1.1167 -0.0000 -0.0000 27.1467 70.2823 46.1681 63.5804 -7.1250 0.0000 -0.0000 137.8673 -75.6170 -148.5034 -0.0000 0.0000 0.0000 14.6619 36.0609 48.4332 -36.7710 46.0361 -16.0750 0.0000 -0.0000 -5.7928 -11.6853 41.7313 -7.8386 7.1250 -0.0000 -0.0000 12.3494 11.4912 14.8747
18.9505 2.8014 4.7178 198.5420 74.6505 166.5550 0.0000 0.0000 0.0000 -21.7689 -12.6205 -88.9251 12.7613 18.6943 68.3825 2.7763 15.3344 30.3624 3.5334 11.5121 34.0271 0.0000 0.0000 0.0000 7.4870 -4.0831 -100.8990 -21.5006 -19.9459 94.3912 1.1389 18.8798 11.2808 -1.7496 8.3239 -23.7022 3.5308 3.2676 42.3063 1.4824 9.0036 16.3380 -3.4424 6.0708 -1.4807 11.5990 8.1049 -5.7972 -6.0529 10.4108 -7.5319 -3.7699 5.1589 -0.4485 0.0000 0.0000 0.0000 -84.1986 -7.4076 -37.4966 7.8629 -13.3304 -0.9203 -0.0000 -0.0000 32.8255 68.8030 46.4354 61.8437 -7.1250 0.0000 -0.0000 136.8612 -76.5996 -146.8851 0.0000 0.0000 0.0000 13.9176 37.6700 48.5384 -37.0039 46.1912 -16.2429 0.0000 -0.0000 -6.3669 -11.1952 41.9722 -7.5399 7.1250 -0.0000 -0.0000 12.6237 11.6425 15.2458
18.9607 2.8045 4.7224 197.7480 75.3349 166.0200 0.0000 0.0000 0.0000 -21.5528 -12.0707 -89.5075 12.8468 18.7262 68.6491 2.7579 15.5679 30.2954 3.5748 11.5721 34.2345 0.0000 0.0000 0.0000 7.8670 -3.7028 -101.1816 -21.4911 -19.9466 94.3633 1.1024 18.6099 11.2165 -1.6343 8.0588 -22.8927 2.7598 3.1963 42.1575 1.5277 8.5918 16.5455 -2.8454 5.8233 -1.3263 9.2580 7.0439 -7.1851 -4.2793 9.0766 -7.6110 -2.7520 4.5294 -0.5620 -0.0000 0.0000 0.0000 -84.3614 -7.7287 -44.3785 7.0425 -11.9892 -0.7405 -0.0000 -0.0000 38.4425 67.8237 46.3945 60.6242 -7.1250 0.0000 -0.0000 135.2545 -77.2708 -145.0008 -0.0000 0.0000 0.0000 13.1829 39.2884 48.1876 -36.9858 46.1791 -16.2298 0.0000 -0.0000 -6.2132 -11.2948 41.5981 -7.5533 7.1250 -0.0000 -0.0000 12.5249 11.2973 15.0624
18.9727 2.8074 4.7239 198.4530 76.3347 166.8070 0.0000 0.0000 0.0000 -20.8030 -11.2492 -90.1634 12.9936 18.7799 69.1057 2.7259 15.8551 30.1665 3.7356 11.8000 35.0282 0.0000 0.0000 0.0000 8.5697 -2.8999 -101.2991 -21.4705 -19.9481 94.3030 1.0957 18.6164 11.5083 -1.5967 7.9701 -22.6233 2.4119 3.1618 42.1031 1.5225 8.3801 16.6665 -2.5906 5.6917 -1.2229 7.8538 6.2951 -8.7485 -2.9176 8.0974 -7.0946 -2.0275 4.0701 -0.3239 -0.0000 0.0000 0.0000 -84.0708 -7.9233 -51.4327 6.1637 -10.5349 -0.5688 -0.0000 -0.0000 44.3923 67.3193 46.0319 59.8582 -7.1250 0.0000 -0.0000 132.8369 -77.6566 -142.6380 -0.0000 0.0000 0.0000 12.7441 40.8083 48.0387 -37.0309 46.2090 -16.2623 0.0000 -0.0000 -6.5634 -10.4710 42.1010 -7.0634 7.1250 -0.0000 -0.0000 12.9968 11.6481 15.7187
18.9800 2.8088 4.7297 198.5930 76.6805 167.1010 0.0000 0.0000 0.0000 -20.4784 -10.9986 -90.5255 13.0549 18.8019 69.2961 2.7406 15.9329 30.2552 3.8083 11.9009 35.3821 0.0000 0.0000 0.0000 9.0742 -2.6920 -101.5400 -21.4641 -19.9485 94.2843 1.0585 18.3683 11.5942 -1.6369 8.0648 -22.9111 2.1264 3.0302 42.6593 1.5428 8.0501 16.3195 -2.3867 5.4554 -1.8091 6.7084 5.6331 -10.4538 -1.6397 7.2067 -6.1191 -1.3862 3.6585 0.1216 -0.0000 0.0000 0.0000 -83.7371 -7.8102 -62.0280 5.3217 -9.1262 -0.4250 -0.0000 -0.0000 54.6840 66.7905 45.8480 59.1361 -7.1250 0.0000 -0.0000 131.0706 -78.0246 -140.8087 -0.0000 0.0000 0.0000 12.6805 41.9531 48.1960 -36.9522 46.1569 -16.2056 0.0000 -0.0000 -6.3398 -10.0500 42.2507 -6.7955 7.1250 -0.0000 -0.0000 13.2225 11.7246 16.0188
18.9876 2.8114 4.7263 198.0060 77.0752 166.8550 0.0000 0.0000 0.0000 -20.2354 -10.8257 -91.0193 13.1111 18.8219 69.4704 2.7067 16.1422 30.1071 3.8940 12.0180 35.7957 0.0000 0.0000 0.0000 9.2028 -2.3788 -101.9356 -21.4476 -19.9497 94.2359 1.0532 18.3788 11.8303 -1.6198 8.0247 -22.7891 1.4160 2.9342 42.4408 1.4594 7.5276 16.0538 -1.9497 5.1035 -2.1216 6.5989 5.3151 -10.5721 -1.0631 6.8001 -6.1525 -1.1995 3.4599 0.0852 0.0000 -0.0000 0.0000 -83.2610 -7.9462 -82.9048 4.9337 -8.4725 -0.3657 -0.0000 -0.0000 74.5762 65.0155 45.2892 56.7475 -7.1250 0.0000 -0.0000 124.7149 -79.1828 -134.1801 0.0000 -0.0000 0.0000 12.8788 43.6467 48.9872 -37.0604 46.2286 -16.2836 0.0000 -0.0000 -6.1168 -10.5056 41.5877 -7.0172 7.1250 -0.0000 -0.0000 12.9141 11.1579 15.5279
19.1364 2.7994 4.7064 198.1880 77.8332 167.0900 0.0000 0.0000 0.0000 -19.3106 -10.3404 -92.2001 13.6271 18.9970 71.0624 2.6323 15.8776 29.6712 3.8929 12.0166 35.7906 0.0000 0.0000 0.0000 9.3350 -1.9164 -102.7091 -21.8277 -19.9197 95.3508 1.0353 18.2375 11.7691 -1.5895 7.9529 -22.5712 0.7366 2.9255 42.2073 1.3360 7.1160 15.7762 -1.6039 4.8121 -2.4208 7.0814 5.0883 -9.6369 -0.7809 6.5388 -6.7090 -1.2353 3.3082 -0.2483 -0.0000 0.0000 0.0000 -82.4587 -7.9376 -105.2514 5.0569 -8.6805 -0.3841 -0.0000 -0.0000 95.7449 64.0868 44.4675 55.2555 -7.1250 0.0000 -0.0000 117.8636 -79.7111 -127.4508 -0.0000 0.0000 0.0000 13.4073 45.4875 50.2335 -37.1268 46.2724 -16.3316 0.0000 -0.0000 -5.8113 -10.6515 41.9265 -7.1627 7.1250 -0.0000 -0.0000 12.8855 11.5086 15.5533
18.9936 2.8091 4.7075 197.6550 77.9379 166.4110 0.0000 0.0000 0.0000 -19.3638 -10.5283 -91.1792 13.2632 18.8752 69.9411 2.6648 16.0005 29.8636 3.9474 12.0901 36.0516 0.0000 0.0000 0.0000 9.5331 -1.8606 -101.8735 -21.4201 -19.9516 94.1552 1.0372 18.3663 12.2908 -1.5809 7.9323 -22.5086 0.2671 2.7675 42.1074 1.4532 6.7551 15.9480 -1.0974 4.6138 -2.2611 6.7653 4.6976 -10.5941 -0.5821 5.9811 -6.4991 -1.1129 3.0441 -0.0639 -0.0000 0.0000 0.0000 -81.9420 -9.2697 -126.6330 5.8690 -10.0435 -0.5162 -0.0000 -0.0000 116.5560 62.9735 44.1402 53.7782 -7.1250 0.0000 -0.0000 112.7630 -80.2833 -122.1246 -0.0000 0.0000 0.0000 12.5400 46.6956 50.0153 -37.1601 46.2944 -16.3557 0.0000 -0.0000 -5.3965 -10.3639 42.5582 -7.0512 7.1250 -0.0000 -0.0000 13.1087 12.0709 15.9349
18.9876 2.8112 4.6923 196.9450 78.1042 165.6920 0.0000 0.0000 0.0000 -19.1084 -10.6814 -91.0870 13.3033 18.8889 70.0649 2.6492 15.4679 29.7022 3.7911 11.8771 35.2985 0.0000 0.0000 0.0000 9.5180 -1.8256 -101.8537 -21.3916 -19.9535 94.0718 1.0161 18.2726 12.5279 -1.5652 7.8947 -22.3947 0.1838 2.8146 41.9444 1.7547 6.9298 16.6271 -0.7364 4.7517 -1.5014 5.6235 3.7789 -13.8345 -0.1023 4.7200 -5.8740 -0.7543 2.4799 0.5786 0.0000 -0.0000 0.0000 -81.9531 -11.3847 -138.6319 6.7309 -11.4754 -0.6771 -0.0000 -0.0000 128.9300 62.5040 43.4642 52.8882 -7.1250 0.0000 -0.0000 107.1080 -80.3889 -116.6393 0.0000 -0.0000 0.0000 10.0451 46.7522 47.8756 -37.2894 46.3794 -16.4492 0.0000 -0.0000 -5.0728 -10.2134 42.3341 -6.9182 7.1250 -0.0000 -0.0000 13.1532 11.8311 15.9494
18.9773 2.8090 4.6814 197.6240 78.0419 166.2300 0.0000 0.0000 0.0000 -18.7672 -10.9954 -90.8084 13.2598 18.8740 69.9304 2.6908 15.4160 29.9181 3.7571 11.8300 35.1332 0.0000 0.0000 0.0000 9.6184 -1.9801 -101.6609 -21.3705 -19.9549 94.0100 0.9735 17.9898 12.6168 -1.5185 7.7816 -22.0526 0.0840 2.5434 42.0643 1.8520 6.5704 16.6728 -0.4609 4.5647 -1.5058 6.3972 3.1937 -13.4338 -1.1500 3.8984 -7.0956 -1.2755 2.0307 0.1425 -0.0000 0.0000 0.0000 -82.3031 -10.8932 -140.6226 6.9293 -11.8029 -0.7171 -0.0000 -0.0000 130.2460 61.7470 43.3157 51.9269 -7.1250 0.0000 -0.0000 103.5856 -80.7022 -112.9095 -0.0000 0.0000 0.0000 8.9521 47.7025 47.6325 -37.4832 46.5060 -16.5896 0.0000 -0.0000 -5.1264 -10.1092 42.0967 -6.8159 7.1250 -0.0000 -0.0000 13.1739 11.5856 15.9323
18.9683 2.8061 4.6647 196.2440 78.1162 164.9880 0.0000 0.0000 0.0000 -18.8730 -11.1951 -90.7670 13.1863 18.8484 69.7030 2.6599 15.9057 29.8229 3.7945 11.8817 35.3149 0.0000 0.0000 0.0000 9.3159 -1.9351 -101.7390 -21.3259 -19.9578 93.8792 0.9569 17.8907 12.6993 -1.5000 7.7361 -21.9154 -0.3238 2.4265 42.1613 1.7359 6.2358 16.5897 -0.2705 4.3690 -1.6403 9.4926 2.5237 -11.1047 -4.4353 2.8049 -10.1829 -3.0388 1.3683 -1.1804 0.0000 -0.0000 0.0000 -82.8800 -10.0145 -138.2875 6.6539 -11.3483 -0.6619 -0.0000 -0.0000 127.1510 61.5077 43.1847 51.5809 -7.1250 0.0000 -0.0000 101.8971 -80.7680 -111.1951 0.0000 -0.0000 0.0000 8.6073 48.7273 47.4375 -37.1905 46.3144 -16.3776 0.0000 -0.0000 -4.7399 -10.0201 41.9688 -6.7386 7.1250 -0.0000 -0.0000 13.2016 11.4483 15.9429
18.9525 2.8035 4.6619 200.1130 78.1653 168.5370 0.0000 0.0000 0.0000 -17.9316 -11.3138 -90.5431 13.1687 18.8422 69.6487 2.6524 16.1293 29.8170 3.8447 11.9509 35.5584 0.0000 0.0000 0.0000 10.0632 -1.9542 -101.2662 -21.2759 -19.9609 93.7327 0.8951 17.4511 12.7479 -1.4671 7.6544 -21.6692 0.1677 2.1782 42.1628 2.0319 6.1650 16.7439 -0.1707 4.3579 -1.4703 8.8155 2.3795 -12.7955 -3.5862 2.5616 -9.0919 -2.5981 1.2726 -0.5792 0.0000 -0.0000 0.0000 -83.2013 -10.0930 -138.8353 6.7454 -11.4994 -0.6800 -0.0000 -0.0000 127.4900 61.8109 42.9886 51.8319 -7.1250 0.0000 -0.0000 101.7541 -80.5726 -111.2605 0.0000 -0.0000 0.0000 8.1088 49.1942 46.8868 -36.8199 46.0688 -16.1102 0.0000 -0.0000 -3.9520 -9.6942 42.4184 -6.5732 7.1250 -0.0000 -0.0000 13.4177 11.8304 16.2864
18.9314 2.8060 4.6563 200.8880 78.3870 169.1450 0.0000 0.0000 0.0000 -17.6014 -11.2122 -90.3270 13.1293 18.8283 69.5266 2.6286 16.2295 29.7064 3.8853 12.0062 35.7538 0.0000 0.0000 0.0000 10.4021 -1.7919 -100.7979 -21.1619 -19.9676 93.3989 0.8192 16.7950 12.4550 -1.4065 7.5015 -21.2099 0.1399 2.2375 42.2174 2.1445 6.2067 16.6465 -0.0654 4.3566 -1.6094 8.2964 2.1266 -13.8006 -2.8537 2.1883 -7.9630 -2.2570 1.1045 -0.0859 -0.0000 -0.0000 0.0000 -83.2523 -10.1602 -140.4670 6.9282 -11.8010 -0.7169 -0.0000 -0.0000 128.8300 61.8417 43.0618 51.9060 -7.1250 0.0000 -0.0000 102.3212 -80.5826 -111.8037 -0.0000 -0.0000 0.0000 8.1762 49.4225 47.2371 -36.4814 45.8414 -15.8669 0.0000 -0.0000 -3.8529 -9.7831 42.3688 -6.6280 7.1250 -0.0000 -0.0000 13.3680 11.7961 16.2168
18.9138 2.8033 4.6540 203.3650 78.5447 171.3650 0.0000 0.0000 0.0000 -16.9855 -11.1562 -90.1561 13.1099 18.8215 69.4665 2.6495 16.1656 29.8073 3.7928 11.8794 35.3068 0.0000 0.0000 0.0000 10.8387 -1.6102 -100.3675 -21.0704 -19.9725 93.1310 0.7793 16.5549 12.6945 -1.3783 7.4291 -20.9930 0.4114 2.2170 42.2991 2.3757 6.2986 16.6382 0.0014 4.4019 -1.6498 5.2957 1.5982 -16.6985 0.4922 1.6776 -4.9539 -0.6452 0.9989 1.2697 0.0000 -0.0000 0.0000 -83.2598 -10.4570 -142.4185 7.1740 -12.2053 -0.7680 -0.0000 -0.0000 130.3270 61.8066 43.1176 51.8939 -7.1250 0.0000 -0.0000 102.5457 -80.6156 -111.9881 0.0000 -0.0000 0.0000 7.9712 49.4941 47.4020 -36.1843 45.6395 -15.6541 0.0000 -0.0000 -3.9840 -10.2815 42.7324 -7.0174 7.1250 -0.0000 -0.0000 13.1718 12.2252 16.0423
18.9032 2.8020 4.6518 205.3410 78.7729 173.1450 0.0000 0.0000 0.0000 -16.5540 -10.9176 -90.0983 13.1261 18.8272 69.5168 2.6075 16.2660 29.5992 3.8108 11.9043 35.3941 0.0000 0.0000 0.0000 11.2052 -1.3787 -100.0694 -21.0123 -19.9754 92.9610 0.7504 16.4306 13.0176 -1.3525 7.3622 -20.7929 0.6919 2.3058 42.2074 2.5776 6.5278 16.6875 -0.0021 4.5218 -1.5743 2.6150 0.6650 -17.9231 3.2407 0.8036 -3.8620 0.6563 0.7046 1.8048 0.0000 -0.0000 0.0000 -83.5763 -10.5877 -140.8719 6.9733 -11.8753 -0.7261 -0.0000 -0.0000 128.5330 62.4757 43.3445 52.7940 -7.1250 0.0000 -0.0000 106.2738 -80.3730 -115.8541 0.0000 -0.0000 0.0000 7.8202 49.2156 47.4809 -35.9381 45.4705 -15.4784 0.0000 -0.0000 -4.2492 -10.0571 43.2920 -6.9340 7.1250 -0.0000 -0.0000 13.3547 12.7275 16.3646
18.8976 2.7993 4.6481 205.0100 78.9272 172.7710 0.0000 0.0000 0.0000 -16.6123 -10.7489 -90.1278 13.1464 18.8344 69.5796 2.6149 16.1410 29.6188 3.7510 11.8214 35.1031 0.0000 0.0000 0.0000 11.0743 -1.2150 -100.0069 -20.9786 -19.9770 92.8623 0.7344 16.4097 13.3356 -1.3375 7.3229 -20.6754 0.4790 2.5267 41.8214 2.7382 6.7096 16.7719 0.2340 4.5905 -1.4120 1.6704 -0.0694 -17.9342 4.1308 -0.0021 -3.9013 1.0548 0.3421 1.8051 0.0000 -0.0000 0.0000 -83.8770 -10.6935 -140.1245 6.9482 -11.8340 -0.7210 -0.0000 -0.0000 127.7340 63.0762 43.2934 53.4765 -7.1250 0.0000 -0.0000 107.9388 -80.0712 -117.7661 0.0000 -0.0000 0.0000 7.5918 49.0260 47.7551 -35.8185 45.3879 -15.3932 0.0000 -0.0000 -4.3836 -10.2626 43.7543 -7.1370 7.1250 -0.0000 -0.0000 13.3187 13.2052 16.4007
18.8942 2.7957 4.6492 205.9500 78.8553 173.4520 0.0000 0.0000 0.0000 -16.4939 -10.7212 -89.8742 13.1510 18.8360 69.5937 2.6088 16.0232 29.5679 3.7723 11.8510 35.2070 0.0000 0.0000 0.0000 11.1342 -1.2847 -99.7554 -20.9814 -19.9769 92.8703 0.7088 16.2824 13.5469 -1.3381 7.3243 -20.6797 0.6407 2.5408 41.8409 2.8524 6.7969 16.7419 0.2369 4.6365 -1.4535 1.4362 -0.5712 -17.7459 4.4302 -0.6221 -4.0066 1.1488 0.0395 1.7497 0.0000 -0.0000 0.0000 -84.0790 -10.6066 -138.0434 6.8444 -11.6628 -0.6998 -0.0000 -0.0000 125.7250 63.6097 43.4285 54.1786 -7.1250 0.0000 -0.0000 110.4251 -79.8325 -120.3799 0.0000 -0.0000 0.0000 7.5774 48.8092 48.2953 -35.8149 45.3853 -15.3906 0.0000 -0.0000 -4.8412 -10.3935 43.4675 -7.1916 7.1250 -0.0000 -0.0000 13.2164 12.9505 16.2251
18.8884 2.7941 4.6529 205.0010 78.6309 172.4990 0.0000 0.0000 0.0000 -16.8204 -10.8538 -89.7817 13.1408 18.8324 69.5623 2.6439 15.7358 29.7125 3.6416 11.6676 34.5659 0.0000 0.0000 0.0000 10.8228 -1.4640 -99.8106 -20.9928 -19.9763 92.9040 0.6874 16.2096 13.8108 -1.3401 7.3295 -20.6953 0.5220 2.5559 41.7427 2.8848 6.7514 16.6431 0.3423 4.5954 -1.5501 0.8540 -1.0457 -17.1167 4.8023 -1.0865 -4.7105 1.3342 -0.1898 1.4213 -0.0000 -0.0000 0.0000 -84.3651 -10.1398 -134.8617 6.5504 -11.1770 -0.6416 -0.0000 -0.0000 122.5060 63.9532 43.3714 54.5604 -7.1250 0.0000 -0.0000 111.1404 -79.6452 -121.2497 -0.0000 -0.0000 0.0000 7.6086 48.7420 48.7502 -35.6508 45.2713 -15.2739 0.0000 -0.0000 -4.9775 -10.3160 43.7404 -7.1728 7.1250 -0.0000 -0.0000 13.2912 13.2008 16.3644
18.8870 2.7937 4.6518 203.7320 78.6241 171.3020 0.0000 0.0000 0.0000 -17.0831 -10.8578 -89.7624 13.1299 18.8286 69.5285 2.6088 15.6764 29.5149 3.6865 11.7311 34.7872 0.0000 0.0000 0.0000 10.4823 -1.4681 -99.9095 -20.9990 -19.9761 92.9220 0.6748 16.2087 14.0759 -1.3177 7.2706 -20.5196 0.4431 2.6391 41.5514 2.8197 6.8004 16.6032 0.3038 4.6129 -1.5395 0.8032 -1.3776 -17.3512 4.6841 -1.5217 -4.6858 1.2772 -0.4057 1.4779 0.0000 -0.0000 0.0000 -84.4160 -10.0203 -132.6823 6.3850 -10.9028 -0.6100 -0.0000 -0.0000 120.5030 64.2195 43.6272 55.0065 -7.1250 0.0000 -0.0000 113.4002 -79.5463 -123.4741 0.0000 -0.0000 0.0000 7.6933 48.6607 49.1062 -35.5299 45.1869 -15.1881 0.0000 -0.0000 -4.9676 -10.6509 43.1290 -7.3262 7.1250 -0.0000 -0.0000 13.0458 12.6674 15.9576
18.8824 2.7922 4.6525 203.8290 78.6458 171.3540 0.0000 0.0000 0.0000 -17.0495 -10.8543 -89.6961 13.1068 18.8204 69.4568 2.5919 15.7436 29.4340 3.7320 11.7950 35.0107 0.0000 0.0000 0.0000 10.4623 -1.4247 -99.8477 -20.9807 -19.9769 92.8683 0.6441 16.0620 14.3182 -1.2784 7.1654 -20.2062 0.5778 2.6498 41.3078 2.9043 6.8870 16.7650 0.3217 4.6736 -1.2917 0.3829 -1.6159 -17.8162 4.7146 -1.7635 -4.6070 1.3464 -0.5090 1.5973 0.0000 -0.0000 0.0000 -84.8772 -9.7583 -127.4614 6.0333 -10.3177 -0.5452 -0.0000 -0.0000 115.4780 64.3869 43.8525 55.3179 -7.1250 0.0000 -0.0000 115.1609 -79.4849 -125.1776 0.0000 -0.0000 0.0000 7.1978 48.6043 49.0835 -35.5387 45.1930 -15.1943 0.0000 -0.0000 -5.0873 -11.1660 42.3654 -7.5766 7.1250 -0.0000 -0.0000 12.6910 12.0161 15.3943
18.8795 2.7921 4.6558 202.4750 78.5703 169.9430 0.0000 0.0000 0.0000 -17.3269 -10.9107 -89.5207 13.0704 18.8074 69.3441 2.5985 15.7260 29.4667 3.6921 11.7390 34.8149 0.0000 0.0000 0.0000 10.1164 -1.4743 -99.7950 -20.9873 -19.9766 92.8879 0.6182 15.9376 14.5169 -1.2390 7.0583 -19.8882 0.4792 2.6794 41.1715 2.8723 6.8926 16.8286 0.3492 4.6801 -1.1862 -0.3097 -1.9627 -17.8305 5.1536 -2.0696 -4.8853 1.5916 -0.6366 1.5339 -0.0000 0.0000 0.0000 -84.8894 -10.1821 -127.9392 6.1596 -10.5281 -0.5681 -0.0000 -0.0000 116.0670 64.3878 43.9056 55.3448 -7.1250 0.0000 -0.0000 115.4648 -79.4905 -125.4541 -0.0000 0.0000 0.0000 7.1757 48.6568 49.2234 -35.4024 45.0973 -15.0977 0.0000 -0.0000 -5.0059 -11.3543 42.0193 -7.6556 7.1250 -0.0000 -0.0000 12.5517 11.7144 15.1671
18.8779 2.7910 4.6570 200.9730 78.4042 168.4460 0.0000 0.0000 0.0000 -17.5697 -11.1519 -89.3456 13.0256 18.7914 69.2050 2.6101 15.6917 29.5239 3.6509 11.6808 34.6119 0.0000 0.0000 0.0000 9.6996 -1.6235 -99.8436 -21.0058 -19.9757 92.9420 0.5987 15.8612 14.7054 -1.2323 7.0399 -19.8338 0.1783 2.6344 40.9626 2.9171 6.7370 16.9500 0.6231 4.5917 -1.0203 -0.5708 -1.9963 -17.6161 4.9855 -2.0205 -5.4023 1.5835 -0.6171 1.3222 0.0000 -0.0000 0.0000 -85.0768 -10.4215 -128.3490 6.1973 -10.5907 -0.5750 -0.0000 -0.0000 116.2910 64.4607 44.1524 55.5516 -7.1250 0.0000 -0.0000 117.0634 -79.4746 -126.9487 0.0000 -0.0000 0.0000 6.4960 49.0570 49.2716 -35.3957 45.0926 -15.0929 0.0000 -0.0000 -5.3006 -10.9625 42.1386 -7.4046 7.1250 -0.0000 -0.0000 12.7604 11.7641 15.4393
18.8765 2.7890 4.6605 201.3900 78.3008 168.8220 0.0000 0.0000 0.0000 -17.3856 -11.3673 -89.2626 13.0086 18.7853 69.1521 2.6184 15.8923 29.5990 3.6327 11.6550 34.5220 0.0000 0.0000 0.0000 9.7081 -1.7133 -99.8174 -21.0136 -19.9753 92.9648 0.5583 15.6184 14.8853 -1.1667 6.8566 -19.2911 0.3570 2.4630 40.8386 2.9201 6.6106 17.0689 0.5983 4.5512 -0.8373 -0.2277 -2.0058 -17.8326 4.3349 -2.0812 -5.5118 1.3056 -0.6669 1.3041 -0.0000 0.0000 0.0000 -85.0925 -10.5278 -128.5039 6.1929 -10.5835 -0.5742 -0.0000 -0.0000 116.3470 64.4555 44.1199 55.5297 -7.1250 0.0000 -0.0000 116.8652 -79.4746 -126.7658 -0.0000 0.0000 0.0000 6.2717 49.3298 48.9495 -35.2213 44.9695 -14.9695 0.0000 -0.0000 -5.1739 -10.5035 42.2548 -7.1064 7.1250 -0.0000 -0.0000 13.0009 11.8014 15.7506
18.8758 2.7887 4.6640 200.5860 78.1764 168.0660 0.0000 0.0000 0.0000 -17.4308 -11.6102 -89.1779 12.9788 18.7745 69.0595 2.6400 15.6414 29.6776 3.5059 11.4721 33.8892 0.0000 0.0000 0.0000 9.4665 -1.8000 -99.9024 -21.0364 -19.9742 93.0316 0.5324 15.4868 15.0558 -1.1691 6.8636 -19.3118 0.2835 2.3882 40.8240 2.8658 6.4745 17.0008 0.6208 4.4753 -0.9062 -0.2887 -2.1274 -17.5465 4.3133 -2.2054 -5.8855 1.3005 -0.7332 1.1335 -0.0000 -0.0000 0.0000 -85.0884 -10.2122 -127.7916 6.1036 -10.4348 -0.5579 -0.0000 -0.0000 115.5770 64.5211 44.1717 55.6332 -7.1250 0.0000 -0.0000 117.3332 -79.4423 -127.2297 -0.0000 -0.0000 0.0000 5.8491 49.5895 49.3085 -35.4345 45.1199 -15.1204 0.0000 -0.0000 -5.8877 -10.7593 41.6129 -7.1924 7.1250 -0.0000 -0.0000 12.7919 11.2239 15.3855
18.8763 2.7888 4.6656 199.4970 78.0061 167.0130 0.0000 0.0000 0.0000 -17.6040 -11.8433 -89.0600 12.9547 18.7657 68.9847 2.6595 15.4299 29.7524 3.4180 11.3427 33.4447 0.0000 0.0000 0.0000 9.1291 -1.9702 -99.9867 -21.0634 -19.9729 93.1107 0.5144 15.4152 15.2165 -1.1279 6.7455 -18.9637 0.1732 2.2719 40.8767 2.7553 6.2614 16.8647 0.6210 4.3566 -1.0649 -0.4391 -2.1665 -17.3624 4.4468 -2.2220 -6.0357 1.3691 -0.7391 1.0581 -0.0000 0.0000 0.0000 -84.9703 -9.9222 -128.2054 6.0922 -10.4158 -0.5558 -0.0000 -0.0000 115.8430 64.5706 44.2013 55.7068 -7.1250 0.0000 -0.0000 117.6319 -79.4167 -127.5301 -0.0000 0.0000 0.0000 6.1683 49.8310 49.4899 -35.3196 45.0390 -15.0391 0.0000 -0.0000 -5.6807 -10.8094 41.6681 -7.2340 7.1250 -0.0000 -0.0000 12.7742 11.2853 15.3740
18.8703 2.7897 4.6694 198.4390 78.2226 166.0020 0.0000 0.0000 0.0000 -17.6405 -11.7034 -89.0907 12.9483 18.7634 68.9648 2.6303 15.4707 29.6007 3.4536 11.3954 33.6253 0.0000 0.0000 0.0000 8.9568 -1.7291 -100.0012 -21.0366 -19.9742 93.0319 0.4920 15.3867 15.5432 -1.1105 6.6952 -18.8153 0.0144 2.3810 40.8125 2.6540 6.3221 16.8728 0.5787 4.3807 -1.0372 -0.2922 -2.2648 -17.4100 4.2909 -2.3850 -5.9876 1.2825 -0.8276 1.0800 0.0000 -0.0000 0.0000 -84.9436 -9.7866 -127.3220 6.0499 -10.3454 -0.5482 -0.0000 -0.0000 114.9890 64.5447 44.1670 55.6593 -7.1250 0.0000 -0.0000 117.3705 -79.4286 -127.2777 0.0000 -0.0000 0.0000 6.3125 49.8687 49.4154 -35.2405 44.9831 -14.9831 0.0000 -0.0000 -5.8814 -10.7984 41.6013 -7.2172 7.1250 -0.0000 -0.0000 12.7710 11.2188 15.3583
18.8684 2.7888 4.6725 198.2890 78.2585 165.7210 0.0000 0.0000 0.0000 -17.5783 -11.6791 -88.9293 12.9434 18.7616 68.9496 2.5955 15.7095 29.4483 3.6094 11.6216 34.4063 0.0000 0.0000 0.0000 8.9234 -1.7108 -99.8586 -21.0375 -19.9742 93.0347 0.4572 15.1448 15.6219 -1.0516 6.5209 -18.3036 -0.1425 2.3326 40.6788 2.7138 6.2306 17.0521 0.7738 4.3363 -0.8164 -0.0985 -2.2864 -17.4064 3.9950 -2.4476 -6.0500 1.1490 -0.8718 1.0498 0.0000 -0.0000 0.0000 -85.1431 -9.9091 -127.5877 6.0967 -10.4234 -0.5566 -0.0000 -0.0000 114.9820 64.3584 44.1027 55.4050 -7.1250 0.0000 -0.0000 116.5041 -79.5274 -126.3794 0.0000 -0.0000 0.0000 5.4541 50.2659 49.5231 -35.4739 45.1476 -15.1484 0.0000 -0.0000 -6.8463 -11.6547 40.4099 -7.6160 7.1250 -0.0000 -0.0000 12.1910 10.2075 14.4596
18.8665 2.7863 4.6745 198.5630 78.5397 165.9490 0.0000 0.0000 0.0000 -17.3511 -11.4597 -88.9941 12.9640 18.7691 69.0136 2.5886 15.7535 29.4175 3.6082 11.6199 34.4002 0.0000 0.0000 0.0000 9.0907 -1.4992 -99.7851 -21.0082 -19.9756 92.9490 0.4294 14.9944 15.7750 -1.0201 6.4253 -18.0236 -0.0881 2.3412 40.7701 2.6934 6.2498 17.0179 0.7109 4.3452 -0.8745 0.0425 -2.2979 -17.0189 3.9625 -2.4803 -6.2721 1.1132 -0.9003 0.9081 0.0000 0.0000 0.0000 -85.1152 -9.8650 -128.1888 6.1424 -10.4995 -0.5649 -0.0000 -0.0000 115.4750 64.0886 44.0144 55.0394 -7.1250 0.0000 -0.0000 115.2520 -79.6674 -125.0776 0.0000 0.0000 0.0000 5.8720 50.4145 49.2974 -35.1758 44.9372 -14.9374 0.0000 -0.0000 -6.2679 -11.3707 40.7765 -7.4826 7.1250 -0.0000 -0.0000 12.3805 10.5156 14.7476
18.8626 2.7862 4.6740 197.4640 78.5044 164.9510 0.0000 0.0000 0.0000 -17.6421 -11.4476 -89.0102 12.9302 18.7568 68.9086 2.5841 15.8645 29.4104 3.6237 11.6420 34.4771 0.0000 0.0000 0.0000 8.9250 -1.5810 -99.9425 -21.0026 -19.9759 92.9327 0.4002 14.8797 16.0181 -0.9913 6.3369 -17.7650 -0.2891 2.3370 40.6705 2.7577 6.1777 17.0840 0.9145 4.2964 -0.7931 -0.3084 -2.3747 -16.9269 3.9471 -2.5126 -6.4204 1.1673 -0.9124 0.8507 -0.0000 0.0000 0.0000 -85.2541 -10.1090 -129.8043 6.3211 -10.7967 -0.5979 -0.0000 -0.0000 117.0060 63.8326 44.0465 54.7497 -7.1250 0.0000 -0.0000 114.7156 -79.8110 -124.4332 -0.0000 0.0000 0.0000 5.1536 50.4893 49.2817 -35.4947 45.1622 -15.1631 0.0000 -0.0000 -6.7612 -10.8706 41.4627 -7.2465 7.1250 -0.0000 -0.0000 12.7175 11.0971 15.2699
18.8616 2.7872 4.6745 196.4610 78.3605 164.0450 0.0000 0.0000 0.0000 -18.0519 -11.4461 -89.0366 12.9025 18.7467 68.8223 2.6102 15.7199 29.5290 3.5544 11.5426 34.1324 0.0000 0.0000 0.0000 8.8239 -1.8503 -100.1296 -21.0166 -19.9752 92.9736 0.3750 14.7439 16.1546 -0.9688 6.2665 -17.5598 -0.3613 2.3137 40.5696 2.7294 6.1195 17.0906 0.9476 4.2649 -0.7572 -0.4109 -2.5109 -16.8712 4.0719 -2.6791 -6.4103 1.2156 -0.9928 0.8532 0.0000 -0.0000 0.0000 -85.1556 -10.2061 -130.6908 6.3847 -10.9023 -0.6099 -0.0000 -0.0000 117.9910 64.0872 44.0059 55.0336 -7.1250 0.0000 -0.0000 115.1993 -79.6672 -125.0289 0.0000 -0.0000 0.0000 4.8828 50.3838 49.3777 -35.7160 45.3167 -15.3202 0.0000 -0.0000 -7.1665 -11.0882 41.5435 -7.4053 7.1250 -0.0000 -0.0000 12.6200 11.2103 15.1670
18.8663 2.7842 4.6768 196.8060 78.2864 164.3350 0.0000 0.0000 0.0000 -18.0555 -11.4473 -89.0259 12.9123 18.7503 68.8528 2.6176 15.7267 29.5700 3.5254 11.5005 33.9870 0.0000 0.0000 0.0000 8.9426 -2.0544 -100.1928 -21.0504 -19.9735 93.0724 0.3476 14.5934 16.2951 -0.9365 6.1640 -17.2610 -0.2591 2.2171 40.5577 2.7413 6.0466 17.1228 0.9371 4.2382 -0.7110 -0.1806 -2.5242 -16.7894 4.0145 -2.7449 -6.3701 1.1537 -1.0347 0.8482 0.0000 -0.0000 0.0000 -85.1037 -10.1333 -130.7229 6.3564 -10.8553 -0.6046 -0.0000 -0.0000 117.9890 64.1229 44.0777 55.1112 -7.1250 0.0000 -0.0000 115.7141 -79.6555 -125.5189 0.0000 -0.0000 0.0000 5.2805 50.3703 49.1866 -35.5162 45.1772 -15.1783 0.0000 -0.0000 -6.8675 -10.9187 42.4982 -7.4251 7.1250 -0.0000 -0.0000 12.8299 12.1040 15.5857
18.8683 2.7865 4.6758 195.1780 78.0624 162.9590 0.0000 0.0000 0.0000 -18.5119 -11.6214 -89.1344 12.8850 18.7402 68.7680 2.6187 15.7369 29.5772 3.5073 11.4741 33.8961 0.0000 0.0000 0.0000 8.6551 -2.3184 -100.5839 -21.0813 -19.9719 93.1630 0.3195 14.4534 16.4653 -0.9069 6.0686 -16.9835 -0.3036 2.1920 40.4473 2.5590 5.9695 17.0239 0.7944 4.1987 -0.7694 0.1299 -2.6357 -16.6576 3.9944 -2.9422 -6.4560 1.0831 -1.1422 0.7946 -0.0000 0.0000 0.0000 -84.8395 -10.0608 -130.7966 6.3068 -10.7729 -0.5953 -0.0000 -0.0000 118.2850 64.1063 44.0496 55.0777 -7.1250 0.0000 -0.0000 115.5056 -79.6617 -125.3191 -0.0000 0.0000 0.0000 5.5643 50.1276 49.2882 -35.5823 45.2235 -15.2252 0.0000 -0.0000 -7.2096 -11.2014 41.7869 -7.5173 7.1250 -0.0000 -0.0000 12.5960 11.4638 15.1802
18.8706 2.7866 4.6807 196.0890 77.9291 163.8690 0.0000 0.0000 0.0000 -18.3916 -11.7351 -89.1296 12.8787 18.7379 68.7484 2.6331 15.6347 29.6397 3.4875 11.4452 33.7964 0.0000 0.0000 0.0000 8.8028 -2.4652 -100.6538 -21.1209 -19.9698 93.2789 0.2718 14.1453 16.6271 -0.8501 5.8805 -16.4381 -0.1855 2.0477 40.4070 2.6432 5.8481 17.0730 0.8701 4.1446 -0.7030 0.3516 -2.7929 -17.3974 3.4947 -3.2430 -5.7579 0.8601 -1.3006 1.1391 0.0000 -0.0000 0.0000 -84.9638 -10.0191 -130.2763 6.2504 -10.6791 -0.5848 -0.0000 -0.0000 117.6610 64.1346 44.0982 55.1350 -7.1250 0.0000 -0.0000 115.8633 -79.6513 -125.6615 0.0000 -0.0000 0.0000 5.3332 50.2710 49.1657 -35.5570 45.2058 -15.2073 0.0000 -0.0000 -7.3984 -11.4538 41.6830 -7.6738 7.1250 -0.0000 -0.0000 12.4574 11.4059 14.9960
18.8712 2.7865 4.6821 195.7050 78.0945 163.4680 0.0000 0.0000 0.0000 -18.3896 -11.5639 -89.1741 12.8910 18.7425 68.7866 2.6264 15.7370 29.6183 3.5280 11.5043 34.0002 0.0000 0.0000 0.0000 8.7277 -2.2871 -100.5972 -21.1112 -19.9704 93.2504 0.2401 13.9744 16.7945 -0.8007 5.7112 -15.9487 -0.3522 2.0603 40.4956 2.6463 5.8013 17.0810 0.9696 4.1098 -0.7300 0.9886 -2.9794 -19.0488 2.3080 -3.7071 -4.1776 0.3112 -1.5628 1.9226 0.0000 -0.0000 0.0000 -85.1869 -9.8498 -129.3068 6.1808 -10.5635 -0.5719 -0.0000 -0.0000 116.3840 64.0786 44.1444 55.0905 -7.1250 0.0000 -0.0000 115.9759 -79.6871 -125.7300 0.0000 -0.0000 0.0000 5.4389 50.5787 49.0078 -35.2704 45.0042 -15.0042 0.0000 -0.0000 -7.2993 -11.4764 42.4313 -7.7999 7.1250 -0.0000 -0.0000 12.5481 12.1319 15.2326
18.8706 2.7866 4.6845 195.2560 78.0420 163.0620 0.0000 0.0000 0.0000 -18.5010 -11.5911 -89.1828 12.8835 18.7397 68.7631 2.6327 15.7639 29.6564 3.5467 11.5315 34.0940 0.0000 0.0000 0.0000 8.6510 -2.3531 -100.6922 -21.1166 -19.9701 93.2662 0.2077 13.8150 16.9895 -0.7824 5.6471 -15.7637 -0.4806 2.0534 40.5121 2.6622 5.7354 17.0306 1.0688 4.0627 -0.7997 0.7122 -3.0037 -17.3852 2.6873 -3.5950 -5.7743 0.5192 -1.5098 1.1080 0.0000 0.0000 0.0000 -85.3190 -9.6977 -128.8783 6.1453 -10.5042 -0.5654 -0.0000 -0.0000 115.8240 64.2493 44.0587 55.2531 -7.1250 0.0000 -0.0000 115.9543 -79.5836 -125.8140 0.0000 0.0000 0.0000 5.8713 50.6782 49.0071 -35.0458 44.8448 -14.8456 0.0000 -0.0000 -6.7533 -11.5670 42.3931 -7.8567 7.1250 -0.0000 -0.0000 12.4985 12.1104 15.1661
18.8699 2.7865 4.6861 195.6200 78.0751 163.3920 0.0000 0.0000 0.0000 -18.3965 -11.5837 -89.1555 12.8773 18.7374 68.7439 2.6330 15.7528 29.6561 3.5805 11.5803 34.2629 0.0000 0.0000 0.0000 8.7487 -2.3694 -100.6725 -21.1153 -19.9702 93.2625 0.1715 13.6165 17.1725 -0.7338 5.4727 -15.2617 -0.3561 1.9924 40.6130 2.6037 5.6977 16.9763 0.9487 4.0518 -0.8739 1.3270 -3.1520 -16.5218 2.0934 -3.8597 -6.5681 0.2307 -1.6807 0.6736 0.0000 -0.0000 0.0000 -85.2704 -9.4975 -128.0048 6.0854 -10.4046 -0.5546 -0.0000 -0.0000 114.9120 63.9352 44.1084 54.9020 -7.1250 0.0000 -0.0000 115.3672 -79.7623 -125.0891 0.0000 -0.0000 0.0000 5.9706 50.7312 49.0998 -35.1106 44.8909 -14.8913 0.0000 -0.0000 -6.7378 -11.8472 42.1326 -8.0104 7.1250 -0.0000 -0.0000 12.3248 11.9065 14.9127
18.8675 2.7867 4.6867 195.6480 78.1225 163.4900 0.0000 0.0000 0.0000 -18.3034 -11.6208 -89.2224 12.8692 18.7344 68.7188 2.6260 15.8047 29.6268 3.5991 11.6069 34.3550 0.0000 0.0000 0.0000 8.7398 -2.3313 -100.7412 -21.1029 -19.9708 93.2263 0.1407 13.4604 17.3477 -0.7081 5.3781 -14.9902 -0.3008 1.9725 40.6693 2.5355 5.6694 16.8696 0.8485 4.0346 -0.9973 0.4411 -2.9598 -17.5509 3.3015 -3.5277 -5.2642 0.7611 -1.4548 1.3284 0.0000 -0.0000 0.0000 -85.1924 -9.3347 -127.8545 6.0750 -10.3872 -0.5527 -0.0000 -0.0000 114.7250 63.7818 44.2102 54.7687 -7.1250 0.0000 -0.0000 115.5313 -79.8577 -125.1456 0.0000 -0.0000 0.0000 6.2366 50.7766 49.3243 -35.1345 44.9079 -14.9082 0.0000 -0.0000 -6.7455 -11.8287 41.7444 -7.9383 7.1250 -0.0000 -0.0000 12.2803 11.5285 14.7941
18.8667 2.7859 4.6880 194.3920 78.0390 162.2950 0.0000 0.0000 0.0000 -18.5682 -11.6866 -89.1671 12.8405 18.7238 68.6294 2.6059 15.9248 29.5369 3.6455 11.6731 34.5850 0.0000 0.0000 0.0000 8.4142 -2.3989 -100.8416 -21.1200 -19.9699 93.2763 0.1127 13.3403 17.5388 -0.6691 5.2310 -14.5685 -0.4989 1.9959 40.7387 2.4190 5.6081 16.7917 0.8390 3.9935 -1.1021 0.3341 -2.9344 -16.9469 3.5522 -3.4404 -5.8136 0.8730 -1.4111 1.0495 0.0000 -0.0000 0.0000 -85.0911 -9.1070 -127.4845 6.0445 -10.3363 -0.5472 -0.0000 -0.0000 114.3630 63.7751 44.2754 54.7924 -7.1250 0.0000 -0.0000 115.8961 -79.8683 -125.4740 0.0000 -0.0000 0.0000 6.4233 50.8383 49.4705 -35.1734 44.9355 -14.9357 0.0000 -0.0000 -6.7789 -11.7688 41.5750 -7.8716 7.1250 -0.0000 -0.0000 12.2870 11.3543 14.7733
18.8650 2.7868 4.6887 194.5720 77.9273 162.5210 0.0000 0.0000 0.0000 -18.5819 -11.8063 -89.1662 12.8216 18.7168 68.5706 2.6147 15.9708 29.5912 3.6396 11.6647 34.5560 0.0000 0.0000 0.0000 8.3617 -2.5179 -100.9188 -21.1303 -19.9693 93.3064 0.0793 13.1652 17.7153 -0.6233 5.0520 -14.0571 -0.3666 1.8828 40.7444 2.3405 5.5084 16.7501 0.7218 3.9537 -1.1317 0.5211 -3.0905 -18.5934 3.1271 -3.7996 -4.0292 0.6551 -1.5855 1.9268 0.0000 -0.0000 0.0000 -84.9385 -9.1187 -128.2524 6.1194 -10.4611 -0.5607 -0.0000 -0.0000 115.2180 63.7504 44.2096 54.7312 -7.1250 0.0000 -0.0000 115.4398 -79.8748 -125.0433 0.0000 -0.0000 0.0000 6.6251 50.9099 49.5255 -35.1536 44.9215 -14.9217 0.0000 -0.0000 -6.8444 -11.6293 41.8089 -7.8121 7.1250 -0.0000 -0.0000 12.3877 11.5572 14.9338
18.8623 2.7882 4.6895 194.8230 77.9690 162.7690 0.0000 0.0000 0.0000 -18.5406 -11.7557 -89.1719 12.8103 18.7126 68.5353 2.6138 15.9837 29.5882 3.6252 11.6442 34.4848 0.0000 0.0000 0.0000 8.4235 -2.4913 -100.9012 -21.1195 -19.9699 93.2749 0.0424 12.9284 17.8458 -0.5911 4.9223 -13.6872 -0.3434 1.8623 40.7205 2.3531 5.4978 16.7919 0.7313 3.9518 -1.0781 0.9831 -3.1763 -19.1597 2.4182 -4.0260 -3.5096 0.3165 -1.7239 2.1784 0.0000 0.0000 0.0000 -84.9100 -9.2774 -129.3470 6.1929 -10.5835 -0.5742 -0.0000 -0.0000 116.2350 63.7018 44.1489 54.6439 -7.1250 0.0000 -0.0000 114.9447 -79.8945 -124.5624 0.0000 0.0000 0.0000 6.4874 50.9986 49.4304 -35.1755 44.9370 -14.9372 0.0000 -0.0000 -6.9246 -11.5179 41.8980 -7.7494 7.1250 -0.0000 -0.0000 12.4548 11.6244 15.0296
18.8604 2.7881 4.6880 193.6240 77.9370 161.6720 0.0000 0.0000 0.0000 -18.8879 -11.7052 -89.2171 12.7885 18.7045 68.4673 2.6362 15.9312 29.7005 3.6088 11.6209 34.4036 0.0000 0.0000 0.0000 8.1705 -2.5176 -101.0518 -21.1243 -19.9697 93.2890 0.0096 12.7736 18.0442 -0.5569 4.7800 -13.2822 -0.6236 1.9306 40.6445 2.3503 5.4789 16.8282 0.8831 3.9269 -1.0319 1.0072 -3.3269 -19.1355 2.1216 -4.2201 -3.5768 0.2018 -1.8341 2.1432 -0.0000 0.0000 0.0000 -85.0072 -9.4286 -130.1548 6.2469 -10.6734 -0.5841 -0.0000 -0.0000 117.0270 63.7217 44.1496 54.6680 -7.1250 0.0000 -0.0000 115.0061 -79.8837 -124.6305 -0.0000 0.0000 0.0000 6.4115 51.0347 49.2554 -35.1539 44.9217 -14.9219 0.0000 -0.0000 -6.8179 -11.4220 42.3120 -7.7449 7.1250 -0.0000 -0.0000 12.5583 12.0078 15.2248
18.8609 2.7864 4.6868 193.8120 77.9056 161.8720 0.0000 0.0000 0.0000 -18.8836 -11.7262 -89.2390 12.7889 18.7046 68.4684 2.6357 16.0238 29.7119 3.6446 11.6718 34.5807 0.0000 0.0000 0.0000 8.1550 -2.5746 -101.0942 -21.1287 -19.9694 93.3018 -0.0245 12.5873 18.2116 -0.5169 4.6081 -12.7940 -0.6310 1.8851 40.5874 2.3651 5.4197 16.8442 0.9268 3.8958 -0.9984 0.7619 -3.4004 -19.0445 2.2540 -4.2758 -3.5386 0.2841 -1.8575 2.1505 0.0000 -0.0000 0.0000 -84.9674 -9.5120 -131.5341 6.3438 -10.8344 -0.6022 -0.0000 -0.0000 118.3530 63.6933 44.0886 54.6045 -7.1250 0.0000 -0.0000 114.5646 -79.8918 -124.2107 0.0000 -0.0000 0.0000 6.2699 51.1173 49.3310 -35.2386 44.9817 -14.9818 0.0000 -0.0000 -6.9545 -11.6929 42.1696 -7.9099 7.1250 -0.0000 -0.0000 12.4058 11.9167 15.0167
18.8590 2.7861 4.6849 193.9920 77.9795 161.9740 0.0000 0.0000 0.0000 -18.8290 -11.6507 -89.1843 12.7939 18.7065 68.4842 2.6115 16.0352 29.5842 3.6235 11.6418 34.4762 0.0000 0.0000 0.0000 8.1467 -2.5399 -100.9795 -21.1182 -19.9700 93.2709 -0.0530 12.4160 18.3300 -0.4815 4.4499 -12.3461 -0.6284 1.9149 40.6235 2.4182 5.4696 16.8851 0.9648 3.9221 -0.9699 0.3386 -3.4812 -19.0767 2.5506 -4.3076 -3.4660 0.4506 -1.8580 2.2014 -0.0000 -0.0000 0.0000 -85.0393 -9.6297 -132.2158 6.4109 -10.9457 -0.6149 -0.0000 -0.0000 119.0820 63.7156 44.0247 54.5998 -7.1250 0.0000 -0.0000 114.2523 -79.8717 -123.9393 -0.0000 -0.0000 0.0000 6.0739 51.0330 49.2426 -35.3229 45.0413 -15.0414 0.0000 -0.0000 -7.0335 -11.6829 41.9700 -7.8730 7.1250 -0.0000 -0.0000 12.3832 11.7214 14.9556
18.8571 2.7887 4.6839 194.8320 78.0626 162.7970 0.0000 0.0000 0.0000 -18.6293 -11.6028 -89.2062 12.7908 18.7053 68.4745 2.5834 16.1669 29.4543 3.6629 11.6977 34.6708 0.0000 0.0000 0.0000 8.3579 -2.5045 -100.9541 -21.1052 -19.9707 93.2328 -0.0916 12.1620 18.4618 -0.4541 4.3229 -11.9869 -0.3966 1.9141 40.6365 2.4583 5.5681 16.9307 0.8581 3.9880 -0.9153 0.2092 -3.5882 -19.2034 2.6490 -4.4188 -3.4910 0.4950 -1.9048 2.2227 0.0000 -0.0000 0.0000 -84.9598 -9.8392 -132.9890 6.4659 -11.0369 -0.6253 -0.0000 -0.0000 120.1030 63.6248 44.0307 54.4948 -7.1250 0.0000 -0.0000 114.0258 -79.9214 -123.6772 0.0000 -0.0000 0.0000 6.1233 50.8308 48.9786 -35.2182 44.9673 -14.9674 0.0000 -0.0000 -6.8858 -11.3059 42.3445 -7.6698 7.1250 -0.0000 -0.0000 12.6197 12.0199 15.3046
18.8551 2.7908 4.6804 193.6640 78.0280 161.7610 0.0000 0.0000 0.0000 -18.8882 -11.6335 -89.2651 12.7730 18.6987 68.4189 2.5766 16.1631 29.4173 3.6525 11.6831 34.6199 0.0000 0.0000 0.0000 8.0649 -2.5247 -101.0884 -21.0885 -19.9716 93.1840 -0.1213 12.0515 18.6751 -0.4204 4.1614 -11.5313 -0.6728 1.9846 40.5186 2.4128 5.5445 16.9450 0.9656 3.9600 -0.8766 0.3922 -3.5467 -19.1001 2.5244 -4.3902 -3.6381 0.4276 -1.8980 2.1441 0.0000 -0.0000 0.0000 -84.9514 -9.8537 -133.3236 6.4592 -11.0258 -0.6241 -0.0000 -0.0000 120.4130 63.5464 44.0945 54.4330 -7.1250 0.0000 -0.0000 114.1769 -79.9720 -123.7673 0.0000 -0.0000 0.0000 6.1133 50.8627 48.9560 -35.2697 45.0037 -15.0037 0.0000 -0.0000 -7.0236 -11.5568 41.9210 -7.7795 7.1250 -0.0000 -0.0000 12.4386 11.6532 15.0141
18.8507 2.7927 4.6773 195.9610 78.0617 163.9180 0.0000 0.0000 0.0000 -18.4342 -11.6715 -89.2092 12.7847 18.7030 68.4555 2.5727 16.2410 29.4090 3.6861 11.7306 34.7854 0.0000 0.0000 0.0000 8.5138 -2.6034 -100.9017 -21.0754 -19.9722 93.1458 -0.1594 11.7413 18.7322 -0.3753 3.9346 -10.8926 -0.1924 1.8190 40.6697 2.4937 5.5366 16.9597 0.8034 3.9860 -0.8834 0.3707 -3.6496 -19.3365 2.5666 -4.5315 -3.4611 0.4289 -1.9633 2.2507 0.0000 -0.0000 0.0000 -84.9565 -9.8933 -133.3783 6.4508 -11.0118 -0.6225 -0.0000 -0.0000 120.5050 63.3565 44.1153 54.2180 -7.1250 0.0000 -0.0000 113.7478 -80.0766 -123.2595 0.0000 -0.0000 0.0000 6.1911 50.8033 48.8974 -35.2902 45.0182 -15.0182 0.0000 -0.0000 -6.9735 -11.6644 41.9170 -7.8524 7.1250 -0.0000 -0.0000 12.3851 11.6671 14.9489
18.8508 2.7931 4.6778 197.3760 78.1018 165.2830 0.0000 0.0000 0.0000 -18.0970 -11.6838 -89.2494 12.8103 18.7126 68.5353 2.5737 16.1769 29.4039 3.6670 11.7035 34.6911 0.0000 0.0000 0.0000 8.7745 -2.5819 -100.8326 -21.0759 -19.9722 93.1473 -0.1943 11.4742 18.8112 -0.3494 3.7982 -10.5095 0.0277 1.7390 40.7326 2.5671 5.5394 17.0184 0.7692 4.0031 -0.8303 0.1423 -3.7080 -19.7504 2.7041 -4.5765 -3.1685 0.5013 -1.9720 2.4384 0.0000 -0.0000 0.0000 -84.9501 -10.0282 -134.1945 6.5000 -11.0934 -0.6319 -0.0000 -0.0000 121.3240 63.3510 44.0545 54.1818 -7.1250 0.0000 -0.0000 113.3671 -80.0711 -122.9082 0.0000 -0.0000 0.0000 6.0837 50.8110 48.6915 -35.3399 45.0534 -15.0535 0.0000 -0.0000 -6.9418 -11.6292 41.4696 -7.7609 7.1250 -0.0000 -0.0000 12.3420 11.2291 14.8213
18.8520 2.7912 4.6787 198.5610 78.0832 166.3890 0.0000 0.0000 0.0000 -17.8641 -11.6984 -89.2271 12.8144 18.7141 68.5482 2.5808 16.2714 29.4573 3.7124 11.7675 34.9145 0.0000 0.0000 0.0000 9.0329 -2.6419 -100.7996 -21.0880 -19.9716 93.1827 -0.2320 11.2072 18.9268 -0.3234 3.6550 -10.1080 0.1820 1.6362 40.7714 2.6649 5.5068 17.1567 0.8134 4.0055 -0.6877 0.0703 -3.7040 -20.0671 2.6841 -4.5523 -3.0872 0.5041 -1.9540 2.5251 -0.0000 0.0000 0.0000 -85.0727 -10.2130 -134.3056 6.5146 -11.1176 -0.6347 -0.0000 -0.0000 121.5050 63.2398 44.2231 54.1328 -7.1250 0.0000 -0.0000 114.0567 -80.1535 -123.4711 -0.0000 0.0000 0.0000 5.7547 50.8560 48.3157 -35.4393 45.1233 -15.1238 0.0000 -0.0000 -6.8119 -11.9837 41.1386 -7.9495 7.1250 -0.0000 -0.0000 12.1214 10.9690 14.5019
18.8500 2.7912 4.6774 198.1280 78.1244 165.9810 0.0000 0.0000 0.0000 -17.9855 -11.6398 -89.2318 12.8005 18.7089 68.5047 2.5721 16.4745 29.4446 3.7954 11.8831 35.3196 0.0000 0.0000 0.0000 8.9837 -2.6511 -100.8370 -21.0715 -19.9725 93.1342 -0.2629 11.0434 19.0872 -0.2800 3.4035 -9.4041 0.1154 1.6537 40.8297 2.6125 5.5041 17.1569 0.7907 4.0039 -0.7025 -0.0233 -3.6977 -20.1128 2.7800 -4.5265 -3.0678 0.5535 -1.9354 2.5456 -0.0000 0.0000 0.0000 -85.0143 -10.1441 -134.4924 6.5161 -11.1202 -0.6350 -0.0000 -0.0000 121.8840 62.8614 44.0467 53.6001 -7.1250 0.0000 -0.0000 111.8476 -80.3273 -121.2165 -0.0000 0.0000 0.0000 5.7887 50.8127 48.2425 -35.5766 45.2195 -15.2212 0.0000 -0.0000 -6.9898 -11.9754 41.2283 -7.9579 7.1250 -0.0000 -0.0000 12.1375 11.0541 14.5362
18.8489 2.7908 4.6770 198.5600 78.1048 166.4590 0.0000 0.0000 0.0000 -17.9404 -11.6505 -89.3076 12.7987 18.7083 68.4992 2.5764 16.4535 29.4640 3.7881 11.8730 35.2842 0.0000 0.0000 0.0000 9.1739 -2.7440 -100.9549 -21.0681 -19.9726 93.1244 -0.2995 10.7994 19.2206 -0.2600 3.2808 -9.0615 0.1497 1.5995 40.8300 2.6558 5.4557 17.1803 0.8369 3.9807 -0.6784 0.2930 -3.6718 -20.0375 2.4207 -4.5505 -3.1074 0.3791 -1.9674 2.4981 -0.0000 0.0000 0.0000 -84.9944 -10.1830 -135.5501 6.5677 -11.2057 -0.6450 -0.0000 -0.0000 123.4250 62.3922 44.0522 53.0524 -7.1250 0.0000 -0.0000 110.4200 -80.5691 -119.6165 -0.0000 0.0000 0.0000 5.7295 50.8757 47.9268 -35.5406 45.1943 -15.1957 0.0000 -0.0000 -7.1132 -11.8371 41.4871 -7.9045 7.1250 -0.0000 -0.0000 12.2412 11.2815 14.7038
18.8492 2.7908 4.6762 198.4710 78.1316 166.4510 0.0000 0.0000 0.0000 -17.9534 -11.6340 -89.4085 12.7992 18.7085 68.5007 2.5766 16.4608 29.4662 3.7565 11.8292 35.1304 0.0000 0.0000 0.0000 9.2125 -2.7728 -101.1088 -21.0748 -19.9723 93.1439 -0.3427 10.6117 19.4902 -0.2206 3.0232 -8.3434 0.1285 1.5645 40.7855 2.6223 5.3941 17.1689 0.8352 3.9469 -0.6751 0.5486 -3.5793 -19.7387 2.2582 -4.4785 -3.2282 0.2928 -1.9463 2.3896 -0.0000 -0.0000 0.0000 -84.8014 -10.1474 -137.5087 6.6690 -11.3733 -0.6648 -0.0000 -0.0000 126.0970 62.2564 44.0646 52.8998 -7.1250 0.0000 -0.0000 110.0663 -80.6400 -119.2075 -0.0000 -0.0000 0.0000 6.0448 50.9066 47.5348 -35.5268 45.1847 -15.1859 0.0000 -0.0000 -6.9775 -11.7926 41.7441 -7.9136 7.1250 -0.0000 -0.0000 12.2982 11.5218 14.8154
18.8455 2.7918 4.6746 198.4430 78.1501 166.4030 0.0000 0.0000 0.0000 -18.0346 -11.5616 -89.3871 12.7944 18.7067 68.4857 2.5778 16.4294 29.4675 3.7802 11.8620 35.2455 0.0000 0.0000 0.0000 9.2979 -2.8787 -101.1291 -21.0640 -19.9728 93.1123 -0.3739 10.4358 19.6395 -0.2011 2.8873 -7.9652 0.2524 1.4919 41.0580 2.5100 5.3296 16.9980 0.6522 3.9177 -0.9230 0.5210 -3.5797 -18.9105 2.5456 -4.4708 -3.6344 0.4087 -1.9446 2.1095 -0.0000 0.0000 0.0000 -84.7146 -9.7689 -136.1440 6.5619 -11.1960 -0.6439 -0.0000 -0.0000 125.3430 61.9451 44.7495 52.8741 -7.1250 0.0000 -0.0000 113.5052 -80.9117 -122.1891 -0.0000 0.0000 0.0000 7.3016 50.7041 46.9445 -35.5493 45.2004 -15.2018 0.0000 -0.0000 -6.3958 -10.5202 43.5638 -7.2931 7.1250 -0.0000 -0.0000 13.1687 13.0640 16.1831
18.8460 2.7879 4.6775 199.5330 78.3456 167.5830 0.0000 0.0000 0.0000 -17.7307 -11.3738 -89.6114 12.7995 18.7086 68.5015 2.5423 16.7950 29.3409 3.9874 12.1437 36.2422 0.0000 0.0000 0.0000 9.7893 -2.7483 -101.2990 -21.0428 -19.9739 93.0502 -0.4183 10.1296 19.7922 -0.1808 2.7391 -7.5532 0.5209 1.4601 41.1897 2.5373 5.3866 16.9453 0.5153 3.9554 -1.0059 0.2092 -3.7587 -19.0809 2.7211 -4.6642 -3.3924 0.5001 -2.0307 2.2400 -0.0000 -0.0000 0.0000 -84.5889 -10.0032 -137.8774 6.7502 -11.5074 -0.6809 -0.0000 -0.0000 127.7150 61.6324 44.7532 52.5139 -7.1250 0.0000 -0.0000 112.5651 -81.0761 -121.1356 -0.0000 -0.0000 0.0000 8.3372 50.2205 45.7207 -35.8783 45.4292 -15.4357 0.0000 -0.0000 -6.8088 -11.3874 44.1116 -7.9804 7.1250 -0.0000 -0.0000 12.8322 13.7355 15.8605
18.8456 2.7872 4.6784 199.5120 78.4023 167.6400 0.0000 0.0000 0.0000 -17.8203 -11.2417 -89.7233 12.7919 18.7057 68.4780 2.5419 16.7759 29.3354 4.0223 12.1900 36.4074 0.0000 0.0000 0.0000 9.9376 -2.7502 -101.4474 -21.0121 -19.9754 92.9603 -0.4621 9.9300 20.0506 -0.1637 2.6065 -7.1850 0.6225 1.3840 41.2335 2.4638 5.3340 16.9706 0.4059 3.9426 -0.9755 0.0247 -3.8576 -19.1553 2.8563 -4.7542 -3.4535 0.5687 -2.0663 2.2427 -0.0000 0.0000 0.0000 -84.4563 -10.0143 -138.3614 6.7853 -11.5654 -0.6880 -0.0000 -0.0000 128.6460 60.9092 44.7279 51.6699 -7.1250 0.0000 -0.0000 110.0613 -81.4409 -118.3854 -0.0000 0.0000 0.0000 9.7883 49.7411 43.6156 -36.2303 45.6709 -15.6870 0.0000 -0.0000 -6.9890 -12.7299 44.7180 -9.0318 7.1250 -0.0000 -0.0000 12.2887 14.5527 15.2861
18.8335 2.7887 4.6802 197.7240 78.3965 165.9710 0.0000 0.0000 0.0000 -18.3171 -11.1480 -89.7072 12.7211 18.6791 68.2571 2.5739 16.7830 29.5080 3.9626 12.1105 36.1239 0.0000 0.0000 0.0000 9.6409 -2.6778 -101.4779 -20.9582 -19.9780 92.8027 -0.5020 9.4293 19.9707 -0.1104 2.1425 -5.8996 0.3352 1.4236 41.2686 2.3389 5.2672 16.9641 0.4418 3.8988 -0.9967 0.2545 -3.7612 -18.7338 2.7025 -4.6389 -3.9874 0.4991 -2.0210 1.9699 0.0000 -0.0000 0.0000 -84.3667 -9.8103 -137.8105 6.6602 -11.3586 -0.6631 -0.0000 -0.0000 128.3300 60.6433 44.7085 51.3562 -7.1250 0.0000 -0.0000 109.0290 -81.5691 -117.2669 0.0000 -0.0000 0.0000 12.1794 48.9473 40.1645 -36.6959 45.9858 -16.0210 0.0000 -0.0000 -5.8725 -12.6180 45.3308 -9.0457 7.1250 -0.0000 -0.0000 12.4420 15.1220 15.5714
18.8444 2.7888 4.6851 195.3420 78.2787 163.8370 0.0000 0.0000 0.0000 -18.9434 -11.1096 -89.8906 12.7217 18.6794 68.2588 2.6012 16.5840 29.6185 3.9187 12.0514 35.9142 0.0000 0.0000 0.0000 8.8605 -2.6276 -102.0086 -21.0328 -19.9744 93.0210 -0.6749 7.7536 20.2256 -0.0014 0.2446 -0.6721 -0.0980 1.5094 41.2168 2.2455 5.2163 17.0318 0.5882 3.8586 -0.9217 0.1651 -3.8459 -18.7640 2.8387 -4.7059 -4.3445 0.5566 -2.0434 1.8594 0.0000 0.0000 0.0000 -84.3284 -10.0472 -137.8705 6.6375 -11.3211 -0.6586 -0.0000 -0.0000 128.7130 60.1555 44.6730 50.7836 -7.1250 0.0000 -0.0000 107.0745 -81.7975 -115.1536 0.0000 0.0000 0.0000 14.5397 48.0508 35.2387 -37.4557 46.4881 -16.5697 0.0000 -0.0000 -5.5169 -11.4308 45.7274 -8.2379 7.1250 -0.0000 -0.0000 13.0605 15.2940 16.4073
18.8416 2.7908 4.6852 194.0920 78.2491 162.7290 0.0000 0.0000 0.0000 -19.2983 -11.0551 -89.9359 12.6749 18.6616 68.1127 2.5866 16.8221 29.5820 4.0390 12.2121 36.4866 0.0000 0.0000 0.0000 8.8773 -2.6942 -102.1922 -20.9876 -19.9766 92.8887 -0.5638 7.6018 18.9479 -0.0138 -0.7596 2.0875 -0.3019 1.5381 41.1992 2.2759 5.2014 17.1556 0.7383 3.8483 -0.7929 -1.3580 -3.8852 -17.4133 4.5002 -4.3855 -5.9764 1.4076 -1.8198 1.1674 -0.0000 -0.0000 0.0000 -84.6303 -9.9572 -135.3940 6.4332 -10.9827 -0.6191 -0.0000 -0.0000 126.5330 59.1946 45.1238 49.9225 -7.1250 0.0000 -0.0000 106.9103 -82.3573 -114.4237 -0.0000 -0.0000 0.0000 16.9830 47.1919 29.2504 -38.0576 46.8760 -17.0076 0.0000 -0.0000 -4.7070 -11.1279 46.1820 -8.0778 7.1250 -0.0000 -0.0000 13.2735 15.6777 16.7483
18.8359 2.7910 4.6858 194.0880 78.5842 162.7960 0.0000 0.0000 0.0000 -19.1290 -10.7731 -90.1213 12.6945 18.6690 68.1738 2.4575 17.7558 29.0744 4.4142 12.6921 38.2264 0.0000 0.0000 0.0000 9.1897 -1.8336 -99.6448 -20.6716 -19.9892 91.9641 0.0610 10.2484 13.5777 -0.1261 2.2893 -6.3058 -0.6008 1.6654 41.5790 2.4538 5.2304 17.0048 1.0359 3.8186 -1.1033 -1.7304 -3.7831 -17.1370 4.5610 -4.1864 -6.1019 1.5085 -1.7196 1.0863 -0.0000 0.0000 0.0000 -85.1463 -9.5191 -133.9891 6.3482 -10.8416 -0.6030 -0.0000 -0.0000 125.0620 59.3011 45.2313 50.0945 -7.1250 0.0000 -0.0000 108.1248 -82.3300 -115.6246 -0.0000 0.0000 0.0000 19.8656 46.8010 23.6896 -38.2745 47.0137 -17.1661 0.0000 -0.0000 -3.9961 -12.4506 45.5606 -8.9585 7.1250 -0.0000 -0.0000 12.5584 15.3126 15.7520
18.8780 2.7873 4.6850 192.7750 78.9627 161.5190 0.0000 0.0000 0.0000 -19.0697 -10.3759 -90.5473 12.9036 18.7471 68.8257 2.3340 18.1465 28.4972 4.6433 12.9704 39.2579 0.0000 0.0000 0.0000 9.2053 -1.3384 -99.5622 -20.6692 -19.9893 91.9569 0.0509 9.4921 12.6044 -0.0271 1.0619 -2.9190 -1.0075 1.8797 41.8108 2.4294 5.3196 16.9258 1.1675 3.8312 -1.2775 -0.7537 -3.8016 -18.3933 3.1660 -4.4805 -4.4248 0.8437 -1.9190 1.8018 -0.0000 0.0000 0.0000 -85.2185 -9.5154 -134.9546 6.4572 -11.0226 -0.6237 -0.0000 -0.0000 125.8900 59.5304 44.9106 50.1946 -7.1250 0.0000 -0.0000 106.5428 -82.1492 -114.2804 -0.0000 0.0000 0.0000 23.1800 46.5791 18.1288 -37.9139 46.7842 -16.9028 0.0000 -0.0000 -3.0789 -15.8576 44.0177 -11.1658 7.1250 -0.0000 -0.0000 10.6797 14.4728 13.2079
18.8998 2.7868 4.6882 195.2040 78.9968 163.7860 0.0000 0.0000 0.0000 -18.5635 -10.3348 -90.6652 13.0318 18.7936 69.2241 2.3462 18.0695 28.5457 4.6369 12.9629 39.2297 0.0000 0.0000 0.0000 9.1065 -0.9641 -99.1531 -20.6895 -19.9886 92.0164 -0.0728 7.8056 12.5444 -0.0514 -1.4626 4.0227 -0.8213 1.7060 42.0307 2.5412 5.1694 16.8196 1.2264 3.7528 -1.4544 -1.2597 -3.6562 -16.9775 3.9250 -4.1815 -5.3527 1.2185 -1.7614 1.2761 0.0000 -0.0000 0.0000 -85.3250 -9.1877 -135.1919 6.4874 -11.0726 -0.6295 -0.0000 -0.0000 125.5730 59.2786 44.9666 49.9394 -7.1250 0.0000 -0.0000 106.0271 -82.2807 -113.6465 0.0000 -0.0000 0.0000 27.0935 46.1982 13.3105 -37.6974 46.6449 -16.7452 0.0000 -0.0000 -1.9626 -20.4492 42.7436 -14.2020 7.1250 -0.0000 -0.0000 8.2127 14.2284 10.0687
18.9298 2.7851 4.6875 196.1100 78.9076 164.6790 0.0000 0.0000 0.0000 -18.3476 -10.4223 -90.8708 13.1762 18.8449 69.6720 2.3523 17.9173 28.5446 4.5926 12.9097 39.0315 0.0000 0.0000 0.0000 9.0084 -0.8666 -99.5178 -20.8309 -19.9834 92.4301 -0.1187 7.1216 12.5354 -0.1890 -2.7995 7.7210 -0.8836 1.5034 42.0185 2.4260 4.8625 16.7211 1.2415 3.5913 -1.5443 -1.0687 -3.5469 -16.6666 4.0246 -4.1141 -5.0303 1.2234 -1.7412 1.3275 -0.0000 0.0000 0.0000 -85.3136 -8.6304 -134.0785 6.3721 -10.8813 -0.6075 -0.0000 -0.0000 123.3620 59.3862 44.8761 50.0154 -7.1250 0.0000 -0.0000 105.7487 -82.2083 -113.4506 -0.0000 0.0000 0.0000 31.8702 45.6120 9.3528 -37.5487 46.5486 -16.6372 0.0000 -0.0000 -1.2612 -24.2953 42.4199 -16.9360 7.1250 -0.0000 -0.0000 6.2639 14.8598 7.7001
18.9603 2.7791 4.6843 199.9410 78.8859 168.1900 0.0000 0.0000 0.0000 -17.4889 -10.4747 -90.9377 13.3542 18.9063 70.2219 2.3207 17.9012 28.3702 4.6368 12.9628 39.2292 0.0000 0.0000 0.0000 9.3672 -0.7496 -99.1671 -20.9652 -19.9776 92.8232 -0.0782 7.0756 11.7365 -0.2056 -2.9195 8.0547 -0.3487 1.0078 42.2068 2.3150 4.4726 16.7776 0.9914 3.4425 -1.4870 -0.3294 -3.3636 -17.9896 3.3231 -4.0736 -3.6150 0.8502 -1.7371 1.9952 0.0000 -0.0000 0.0000 -85.2784 -8.1980 -132.6259 6.1792 -10.5608 -0.5716 -0.0000 -0.0000 120.5160 59.1436 44.8361 49.7235 -7.1250 0.0000 -0.0000 104.5250 -82.3095 -112.1580 0.0000 -0.0000 0.0000 36.3725 44.7842 6.1808 -37.2167 46.3317 -16.3966 0.0000 -0.0000 -1.9124 -26.6261 40.9063 -18.1742 7.1250 -0.0000 -0.0000 4.7568 13.9912 5.7829
19.1128 2.7674 4.6680 196.3600 78.7266 164.8880 0.0000 0.0000 0.0000 -17.9257 -10.5838 -92.0095 13.9518 19.0994 72.0574 2.2163 17.4314 27.6942 4.6271 12.9511 39.1858 0.0000 0.0000 0.0000 7.7581 -0.6807 -100.0250 -21.5527 -19.9421 94.5441 -0.0292 7.1884 10.8960 -0.2745 -3.3702 9.3111 -1.0291 0.9406 41.9328 1.8459 4.0665 16.7302 0.9977 3.2168 -1.4440 -0.0128 -3.2999 -17.6681 3.4046 -4.0451 -3.8330 0.8282 -1.7289 1.8571 0.0000 -0.0000 0.0000 -85.1784 -7.7236 -130.2316 6.0090 -10.2771 -0.5409 -0.0000 -0.0000 116.3790 58.6292 45.0829 49.2714 -7.1250 0.0000 -0.0000 104.4281 -82.6092 -111.7568 0.0000 -0.0000 0.0000 41.1957 43.2309 3.7736 -36.4016 45.7874 -15.8097 0.0000 -0.0000 -2.1210 -29.1150 40.3191 -19.8172 7.1250 -0.0000 -0.0000 3.3705 14.1219 4.0971
19.1112 2.7656 4.6710 196.2380 78.9272 164.6890 0.0000 0.0000 0.0000 -17.8030 -10.4219 -91.9402 13.8743 19.0755 71.8201 2.2133 17.7753 27.7549 4.7026 13.0409 39.5217 0.0000 0.0000 0.0000 7.6046 -0.2040 -99.8678 -21.4866 -19.9469 94.3502 -0.0654 6.9005 11.2701 -0.2752 -3.3745 9.3232 -1.4587 0.9038 41.8418 1.6422 3.8326 16.7757 1.0922 3.0827 -1.3610 -1.5284 -3.3137 -15.6528 5.4220 -3.7068 -5.7474 1.7942 -1.5144 0.9611 0.0000 -0.0000 0.0000 -85.6135 -7.2555 -122.2258 5.5935 -9.5824 -0.4692 -0.0000 -0.0000 104.8580 58.9378 45.4098 49.7752 -7.1250 0.0000 -0.0000 108.1765 -82.5424 -115.4596 0.0000 -0.0000 0.0000 45.7177 41.1695 2.3169 -35.0830 44.8713 -14.8719 0.0000 -0.0000 -2.1847 -31.2014 39.8824 -21.2239 7.1250 -0.0000 -0.0000 2.2135 14.3226 2.6940
18.9623 2.7777 4.6882 197.4820 79.1205 165.7430 0.0000 0.0000 0.0000 -17.6689 -10.3256 -90.9388 13.3842 18.9165 70.3146 2.2397 18.4139 28.0500 4.7640 13.1130 39.7931 0.0000 0.0000 0.0000 7.9153 0.3280 -98.8250 -21.0208 -19.9750 92.9858 -0.1186 6.5426 11.8699 -0.2882 -3.4525 9.5411 -1.5942 0.7913 41.8357 1.4650 3.6224 16.7966 1.0516 2.9767 -1.3210 -2.2421 -3.5150 -14.8861 6.2049 -3.8496 -6.2129 2.1779 -1.5757 0.7285 -0.0000 -0.0000 0.0000 -85.8430 -6.5445 -111.8913 5.2346 -8.9797 -0.4113 -0.0000 -0.0000 90.7903 58.9196 46.6498 50.3438 -7.1250 0.0000 -0.0000 117.9961 -82.7089 -124.6643 -0.0000 -0.0000 0.0000 49.7398 38.4909 1.3816 -33.0840 43.3945 -13.4798 0.0000 -0.0000 -1.2419 -32.8602 39.5914 -22.3753 7.1250 -0.0000 -0.0000 1.3044 14.5645 1.5909
18.9532 2.7766 4.6908 197.9210 79.2800 165.9790 0.0000 0.0000 0.0000 -17.3565 -10.2642 -90.7516 13.3957 18.9204 70.3503 2.2409 18.2490 28.0169 4.6808 13.0150 39.4248 0.0000 0.0000 0.0000 7.8781 0.6877 -98.4657 -21.0057 -19.9757 92.9415 -0.1318 6.1573 11.6866 -0.3183 -3.6265 10.0282 -1.8170 0.7678 41.8153 1.3018 3.5059 16.8765 1.0404 2.9180 -1.2173 -2.4142 -3.5945 -15.0435 6.2255 -3.9500 -5.9639 2.2083 -1.6212 0.8468 -0.0000 0.0000 0.0000 -85.5248 -6.6146 -109.6768 5.1700 -8.8709 -0.4013 -0.0000 -0.0000 85.2014 58.4570 47.5534 50.2444 -7.1250 0.0000 -0.0000 124.0293 -82.9646 -130.0867 -0.0000 0.0000 0.0000 53.2516 35.0597 0.6041 -31.0058 41.7401 -12.0737 0.0000 0.0000 0.2919 -33.5433 39.5369 -22.8813 7.1250 -0.0000 -0.0000 0.9475 14.7371 1.1575
18.9441 2.7732 4.6899 198.4920 79.5892 166.3520 0.0000 0.0000 0.0000 -16.9581 -10.1236 -90.6356 13.4180 18.9279 70.4188 2.2475 18.0227 27.9995 4.5127 12.8130 38.6725 0.0000 0.0000 0.0000 7.8032 1.1197 -98.0892 -20.9556 -19.9781 92.7949 -0.1405 6.0411 11.7219 -0.3639 -3.8749 10.7249 -1.9743 0.7747 41.8464 1.1062 3.4435 16.9267 0.9391 2.8896 -1.1581 -2.7248 -3.6308 -15.1061 6.3907 -3.9589 -5.8607 2.3187 -1.6163 0.9062 -0.0000 -0.0000 0.0000 -85.0122 -7.0452 -111.0091 5.2316 -8.9746 -0.4108 -0.0000 -0.0000 83.1442 57.9753 47.9876 49.9088 -7.1250 0.0000 -0.0000 126.4279 -83.2101 -132.1044 -0.0000 -0.0000 0.0000 56.7116 31.4693 -0.4642 -28.3581 39.4439 -10.3504 0.0000 0.0000 3.4937 -35.7577 40.1635 -24.9123 7.1250 -0.0000 -0.0000 0.0293 16.1438 0.0362
18.9364 2.7695 4.6836 197.6170 79.4899 165.4190 0.0000 0.0000 0.0000 -17.0196 -10.3676 -90.4292 13.3927 18.9194 70.3409 2.2651 17.7422 28.0318 4.4037 12.6790 38.1786 0.0000 0.0000 0.0000 7.4895 1.0145 -98.0488 -20.9344 -19.9791 92.7330 -0.1521 6.0064 11.8973 -0.3823 -3.9707 10.9943 -2.2497 0.7541 41.7062 1.0040 3.3227 17.0210 1.0248 2.8235 -1.0100 -3.1604 -3.8389 -14.9076 6.5294 -4.1535 -6.1578 2.4350 -1.7075 0.8013 0.0000 0.0000 0.0000 -84.7561 -7.5217 -109.2676 5.1079 -8.7663 -0.3918 -0.0000 -0.0000 78.4618 59.4451 49.4557 52.1579 -7.1250 0.0000 -0.0000 140.1108 -82.0365 -145.5013 0.0000 0.0000 0.0000 60.0051 27.6489 -2.5969 -25.8901 37.1000 -8.8213 0.0000 0.0000 6.6845 -38.4511 40.5079 -27.2834 7.1250 -0.0000 -0.0000 -1.1823 17.5003 -1.4833
18.9259 2.7709 4.6738 196.1800 79.3138 164.0040 0.0000 0.0000 0.0000 -17.2891 -10.6351 -90.2310 13.3478 18.9041 70.2022 2.2691 17.6331 28.0293 4.3703 12.6375 38.0264 0.0000 0.0000 0.0000 7.1661 0.8004 -98.1427 -20.9185 -19.9798 92.6865 -0.1767 5.8563 12.1808 -0.3578 -3.8430 10.6355 -2.8113 0.7314 41.3567 0.9685 3.0911 17.1470 1.3737 2.6739 -0.7727 -3.7248 -3.6704 -14.6933 6.6910 -3.8394 -6.3259 2.6137 -1.5422 0.7152 -0.0000 -0.0000 0.0000 -84.5321 -7.9616 -112.4709 5.0903 -8.7367 -0.3891 -0.0000 -0.0000 79.7740 59.2313 50.0323 52.1583 -7.1250 0.0000 -0.0000 143.7093 -81.9915 -148.7230 -0.0000 -0.0000 0.0000 63.4453 23.9111 -5.0517 -23.7174 34.8640 -7.5444 0.0000 0.0000 8.0638 -43.3943 41.0146 -31.8180 7.1250 -0.0000 -0.0000 -3.3856 20.0689 -4.3477
18.9243 2.7723 4.6661 196.2790 79.3991 164.0890 0.0000 0.0000 0.0000 -17.1390 -10.6699 -90.1969 13.3520 18.9056 70.2154 2.2437 17.7491 27.9161 4.4447 12.7297 38.3649 0.0000 0.0000 0.0000 7.2211 0.8077 -98.1440 -20.9080 -19.9802 92.6557 -0.1887 5.6991 12.2343 -0.3576 -3.8415 10.6312 -3.0267 0.6566 41.2543 0.8240 2.8809 17.0810 1.4052 2.5521 -0.8044 -3.8417 -3.6043 -14.8275 6.6128 -3.7527 -6.0737 2.6127 -1.4985 0.8172 0.0000 -0.0000 0.0000 -83.9453 -8.1033 -118.9133 5.1844 -8.8952 -0.4035 -0.0000 -0.0000 85.4263 58.7927 50.6969 51.9433 -7.1250 0.0000 -0.0000 147.6663 -82.0236 -152.1857 0.0000 -0.0000 0.0000 67.6693 20.4613 -9.5111 -21.5131 32.4224 -6.3228 0.0000 0.0000 9.3988 -51.7389 43.0894 -40.8995 7.1250 -0.0000 -0.0000 -6.4045 26.2405 -8.6124
18.9237 2.7710 4.6613 195.7270 79.4561 163.5360 0.0000 0.0000 0.0000 -17.1818 -10.6561 -90.1852 13.3593 18.9081 70.2377 2.2206 17.8662 27.8164 4.5047 12.8033 38.6366 0.0000 0.0000 0.0000 7.1035 0.8123 -98.1814 -20.9048 -19.9804 92.6462 -0.1997 5.6525 12.3771 -0.3585 -3.8463 10.6447 -3.8087 0.6267 41.0470 0.7989 2.5166 17.0513 1.9103 2.3055 -0.7689 -3.5268 -3.1777 -15.1009 6.1327 -3.2569 -5.6882 2.4206 -1.2651 0.9423 -0.0000 0.0000 0.0000 -83.7303 -8.1146 -127.1200 5.4399 -9.3249 -0.4440 -0.0000 -0.0000 92.7455 58.6302 50.5377 51.7020 -7.1250 0.0000 -0.0000 146.5552 -82.1844 -151.1109 -0.0000 0.0000 0.0000 72.0988 17.4701 -15.3229 -19.7732 30.3681 -5.4162 0.0000 0.0000 10.9171 -60.7477 43.4566 -50.8440 7.1250 -0.0000 -0.0000 -10.2250 32.0221 -14.2201
18.9247 2.7719 4.6578 194.1520 79.4847 162.1150 0.0000 0.0000 0.0000 -17.5201 -10.5796 -90.2995 13.3476 18.9041 70.2017 2.1873 18.2478 27.7239 4.6760 13.0094 39.4035 0.0000 0.0000 0.0000 6.8458 0.8404 -98.4176 -20.9533 -19.9782 92.7881 -0.1960 5.6886 12.3488 -0.3451 -3.7745 10.4430 -4.5668 0.6009 40.6083 0.6452 2.1822 17.0942 2.2672 2.0823 -0.5707 -3.0970 -2.8481 -14.8465 5.7496 -2.8625 -6.1198 2.2367 -1.0869 0.7174 0.0000 -0.0000 0.0000 -83.5701 -8.2956 -133.6454 5.7832 -9.9002 -0.5013 -0.0000 -0.0000 98.8493 58.4034 50.5214 51.4475 -7.1250 0.0000 -0.0000 146.3079 -82.3302 -150.8026 0.0000 -0.0000 0.0000 76.1060 14.9658 -22.4973 -17.6153 27.6618 -4.3692 0.0000 0.0000 10.5481 -66.9529 43.0890 -58.0860 7.1250 -0.0000 -0.0000 -13.1896 36.1218 -18.6741
18.9220 2.7694 4.6507 191.7430 79.7863 159.8350 0.0000 0.0000 0.0000 -17.8506 -10.2434 -90.4692 13.3527 18.9058 70.2173 2.1678 18.3387 27.6390 4.6952 13.0322 39.4890 0.0000 0.0000 0.0000 6.4065 1.1416 -98.4835 -20.8827 -19.9813 92.5815 -0.2202 5.6654 12.7332 -0.3945 -4.0330 11.1695 -5.3792 0.7082 40.2242 0.3821 1.9662 17.0250 2.4883 1.9154 -0.5061 -3.3125 -2.6279 -14.8741 6.0805 -2.5480 -5.9587 2.4050 -0.9207 0.7733 0.0000 0.0000 0.0000 -83.7790 -7.7184 -133.4217 5.7581 -9.8580 -0.4970 -0.0000 -0.0000 97.9355 58.8041 50.7838 51.9904 -7.1250 0.0000 -0.0000 148.2178 -81.9826 -152.6934 0.0000 0.0000 0.0000 79.2483 11.6919 -28.4620 -15.4205 24.7287 -3.3999 0.0000 0.0000 7.5198 -69.6626 42.7878 -61.3809 7.1250 -0.0000 -0.0000 -14.6054 37.9918 -20.8118
18.9127 2.7610 4.6501 194.3670 80.6467 161.9240 0.0000 0.0000 0.0000 -17.0133 -9.4149 -90.3535 13.4550 18.9403 70.5330 2.0943 18.6746 27.3201 4.7915 13.1450 39.9139 0.0000 0.0000 0.0000 7.0970 1.8512 -97.7377 -20.7544 -19.9863 92.2063 -0.2423 5.5313 12.9668 -0.4329 -4.2221 11.7023 -5.6624 0.8024 40.2863 0.3856 1.9479 17.0444 2.6420 1.8757 -0.4991 -3.1732 -2.3605 -15.1301 6.2316 -2.2332 -5.6010 2.4494 -0.7597 0.9201 -0.0000 -0.0000 0.0000 -84.3994 -6.4140 -128.4133 5.4312 -9.3102 -0.4426 -0.0000 -0.0000 91.7833 59.6485 51.0781 53.0333 -7.1250 0.0000 -0.0000 150.3214 -81.3425 -154.8892 -0.0000 -0.0000 0.0000 81.2122 9.1912 -37.6551 -12.1709 20.0604 -2.1605 0.0000 0.0000 11.6969 -70.7459 41.9207 -62.3986 7.1250 -0.0000 -0.0000 -15.6280 38.1970 -22.3244
18.8982 2.7553 4.6423 196.9080 81.1723 164.0640 0.0000 0.0000 0.0000 -16.4614 -8.9314 -90.1654 13.4920 18.9527 70.6468 2.0900 18.5283 27.2580 4.7199 13.0612 39.5980 0.0000 0.0000 0.0000 7.7223 2.2277 -97.2458 -20.7265 -19.9873 92.1245 -0.2520 5.1928 12.8171 -0.3686 -3.8997 10.7947 -5.7257 0.6202 40.1109 0.2083 1.6733 17.0935 2.5879 1.7294 -0.3663 -2.2996 -1.9459 -14.7338 5.6992 -1.8107 -5.9015 2.1329 -0.5843 0.7076 -0.0000 0.0000 0.0000 -84.6883 -5.6873 -127.0630 5.4049 -9.2660 -0.4383 -0.0000 -0.0000 89.4592 60.0040 51.1814 53.4655 -7.1250 0.0000 -0.0000 151.0185 -81.0796 -155.6341 -0.0000 0.0000 0.0000 82.3030 7.0812 -51.5335 -8.9447 15.0722 -1.1857 0.0000 0.0000 23.7508 -69.4580 41.0341 -60.2832 7.1250 -0.0000 -0.0000 -15.5167 36.4158 -22.0946
18.8779 2.7509 4.6318 199.9470 81.1673 166.4300 0.0000 0.0000 0.0000 -16.1049 -8.8872 -89.4575 13.4713 18.9458 70.5830 2.0897 18.4848 27.2453 4.7679 13.1175 39.8100 0.0000 0.0000 0.0000 8.1556 1.9966 -96.4795 -20.7286 -19.9873 92.1306 -0.2397 5.0817 12.5190 -0.3546 -3.8259 10.5874 -5.7042 0.1751 40.0696 0.0881 1.1282 17.1987 2.6386 1.4593 -0.1958 -2.4450 -1.6031 -14.7045 6.0065 -1.3623 -5.5686 2.2874 -0.3557 0.8006 0.0000 0.0000 0.0000 -84.9619 -4.9390 -127.4300 5.4219 -9.2946 -0.4411 -0.0000 -0.0000 89.0053 59.7602 51.2997 53.2419 -7.1250 0.0000 -0.0000 151.5959 -81.1812 -156.0735 0.0000 0.0000 0.0000 82.7550 5.3409 -73.1495 -6.6938 11.4143 -0.6697 0.0000 0.0000 44.0073 -66.0783 39.8216 -55.2905 7.1250 -0.0000 -0.0000 -14.5353 32.6320 -20.4477
18.8520 2.7412 4.6231 201.2280 81.3491 167.2490 0.0000 0.0000 0.0000 -15.8980 -8.7200 -88.9667 13.4168 18.9275 70.4150 2.1938 17.9086 27.6786 4.4834 12.7772 38.5402 0.0000 0.0000 0.0000 8.2154 2.1163 -95.8737 -20.6873 -19.9887 92.0100 -0.2444 5.6019 13.0662 -0.2187 -3.0105 8.3079 -6.0889 0.0025 39.7907 0.0382 0.7522 17.2132 2.9151 1.2291 -0.0603 -2.3555 -1.1985 -14.6224 5.9414 -0.8761 -5.1957 2.2771 -0.1221 0.8855 0.0000 -0.0000 0.0000 -85.2139 -4.4044 -130.8104 5.6239 -9.6334 -0.4743 -0.0000 -0.0000 91.2953 59.7499 51.4490 53.2877 -7.1250 0.0000 -0.0000 152.4096 -81.1237 -156.8006 0.0000 -0.0000 0.0000 83.8923 2.7559 -84.2348 -6.1367 10.4899 -0.5639 0.0000 0.0000 52.8670 -59.4055 35.5332 -44.5067 7.1250 -0.0000 -0.0000 -13.2212 23.3840 -17.7257
18.8209 2.7344 4.6064 202.9430 81.3716 168.5380 0.0000 0.0000 0.0000 -15.7187 -8.7722 -88.4302 13.3511 18.9053 70.2125 2.2953 16.9587 28.0305 4.1246 12.3243 36.8892 0.0000 0.0000 0.0000 8.1211 2.0028 -95.1582 -20.6024 -19.9913 91.7615 0.0593 10.8659 14.5459 -0.2012 2.8880 -7.9671 -6.2395 -0.3361 39.4050 -0.0243 0.2642 17.2574 3.0959 0.9563 0.1466 -1.9831 -0.7033 -13.9440 5.5580 -0.2856 -5.3626 2.1053 0.1406 0.6824 -0.0000 0.0000 0.0000 -85.4044 -4.3284 -135.7620 5.9597 -10.1949 -0.5321 -0.0000 -0.0000 94.3439 60.1009 51.0891 53.5369 -7.1250 0.0000 -0.0000 150.5456 -81.0573 -155.2414 -0.0000 0.0000 0.0000 85.2668 -0.0183 -82.8208 -5.9847 10.2366 -0.5365 0.0000 0.0000 48.8426 -52.2571 30.8657 -33.5346 7.1250 -0.0000 -0.0000 -11.2927 13.5907 -13.8660
18.7956 2.7267 4.5861 198.5390 81.4942 163.7100 0.0000 0.0000 0.0000 -16.4259 -8.6405 -87.7270 13.2613 18.8745 69.9353 2.2528 16.6235 27.7268 4.0736 12.2577 36.6500 0.0000 0.0000 0.0000 7.3947 2.0711 -94.5907 -20.5463 -19.9928 91.5975 0.0896 11.1189 14.4371 -0.2661 3.3184 -9.1665 -7.1680 -0.3635 38.9546 -0.3446 -0.1140 17.2718 3.3629 0.7033 0.3716 -1.0689 -0.1923 -13.7854 4.7463 0.2139 -4.9066 1.7007 0.3516 0.7729 -0.0000 0.0000 0.0000 -85.4346 -4.3743 -140.2908 6.3661 -10.8714 -0.6064 -0.0000 -0.0000 96.3208 61.4893 50.6975 54.9321 -7.1250 0.0000 -0.0000 149.0700 -80.3390 -154.3964 -0.0000 0.0000 0.0000 86.5424 -1.9772 -80.5458 -5.8901 10.0787 -0.5198 0.0000 0.0000 44.4183 -48.6656 28.2905 -28.3168 7.1250 -0.0000 -0.0000 -10.1808 8.6520 -11.7701
18.7582 2.7154 4.5743 197.3950 81.6404 161.8040 0.0000 0.0000 0.0000 -16.6760 -8.4328 -86.7465 13.1485 18.8351 69.5860 2.2679 16.1100 27.7125 3.8508 11.9592 35.5879 0.0000 0.0000 0.0000 7.2443 2.1446 -93.6439 -20.4261 -19.9956 91.2460 0.0752 11.1024 14.6475 -0.3411 3.7529 -10.3825 -7.9475 -0.4176 38.6861 -0.4717 -0.4743 17.2685 3.7454 0.4573 0.5215 -0.1730 0.4595 -13.3392 4.1230 0.8986 -4.3298 1.3741 0.6555 0.8605 0.0000 0.0000 0.0000 -85.6905 -4.0494 -142.9332 6.6690 -11.3733 -0.6648 -0.0000 -0.0000 95.7341 62.7519 50.5634 56.3044 -7.1250 0.0000 -0.0000 149.0756 -79.5843 -154.8478 0.0000 0.0000 0.0000 86.8469 -2.6538 -86.4493 -5.4808 9.3935 -0.4506 0.0000 0.0000 51.0492 -48.9747 28.4915 -28.7346 7.1250 -0.0000 -0.0000 -10.2888 9.0447 -11.9577
18.7205 2.7006 4.5738 204.0180 81.6031 167.4680 0.0000 0.0000 0.0000 -15.8200 -8.4579 -85.7458 13.0687 18.8068 69.3386 2.2993 15.6457 27.8063 3.7364 11.8012 35.0322 0.0000 0.0000 0.0000 8.1475 2.0700 -92.3571 -20.2633 -19.9983 90.7698 0.0417 10.7182 14.6094 -0.3995 4.0580 -11.2399 -7.7643 -0.7636 38.6684 -0.2086 -0.8667 17.2512 4.0550 0.2403 0.5348 1.4848 1.2248 -12.7126 2.9029 1.6674 -4.0869 0.7324 0.9813 0.8253 0.0000 -0.0000 0.0000 -85.9865 -3.8036 -146.8115 7.0976 -12.0798 -0.7519 -0.0000 -0.0000 96.2767 62.8303 50.2256 56.2644 -7.1250 0.0000 -0.0000 147.4833 -79.6524 -153.4745 0.0000 -0.0000 0.0000 86.9062 -2.9417 -88.6462 -5.1308 8.8050 -0.3953 0.0000 0.0000 54.9940 -52.2679 29.9309 -32.8150 7.1250 -0.0000 -0.0000 -11.5979 12.5030 -14.0908
18.6844 2.6843 4.5678 207.1280 81.7135 169.5030 0.0000 0.0000 0.0000 -15.3845 -8.2823 -84.5507 13.0038 18.7835 69.1373 2.2711 15.0486 27.5479 3.5360 11.5159 34.0403 0.0000 0.0000 0.0000 8.5648 2.1874 -90.9068 -20.1187 -19.9997 90.3471 0.0219 10.4085 14.4743 -0.4037 4.0792 -11.2995 -7.9157 -0.7473 38.3412 -0.0437 -0.8868 17.3751 4.3400 0.1913 0.6270 2.7220 1.6273 -11.9684 2.6393 2.0304 -3.7037 0.4526 1.1345 0.8313 -0.0000 0.0000 0.0000 -85.8447 -3.7696 -151.6853 7.5664 -12.8476 -0.8531 -0.0000 -0.0000 98.1526 62.5585 49.7090 55.7542 -7.1250 0.0000 -0.0000 144.6725 -79.9959 -150.8802 -0.0000 0.0000 0.0000 87.4528 -3.3406 -82.6370 -5.0327 8.6397 -0.3804 0.0000 0.0000 50.8120 -56.3837 31.0366 -37.7950 7.1250 -0.0000 -0.0000 -13.3670 16.3105 -16.9712
18.6446 2.6655 4.5625 212.3200 81.8748 173.5050 0.0000 0.0000 0.0000 -14.6047 -8.0345 -83.3441 12.9516 18.7646 68.9750 2.2468 14.5333 27.3292 3.2858 11.1439 32.7669 0.0000 0.0000 0.0000 9.2204 2.4240 -89.3044 -19.9420 -19.9999 89.8304 -0.0061 10.1477 14.5511 -0.4096 4.1086 -11.3823 -7.6693 -0.6485 38.0806 0.3016 -0.6787 17.3731 4.5162 0.2794 0.6661 3.1156 1.8166 -11.2634 3.3901 2.2301 -3.2160 0.6249 1.2424 0.8648 0.0000 0.0000 0.0000 -85.9553 -3.4559 -153.1104 7.6701 -13.0167 -0.8763 -0.0000 -0.0000 98.1018 63.4754 49.6430 56.7757 -7.1250 0.0000 -0.0000 145.1088 -79.4245 -151.6278 0.0000 0.0000 0.0000 87.7936 -3.1610 -80.1681 -5.2336 8.9781 -0.4112 0.0000 0.0000 49.2587 -60.5262 30.5203 -41.9418 7.1250 -0.0000 -0.0000 -15.6771 18.6152 -20.4811
18.6000 2.6444 4.5491 220.1100 82.0845 180.0530 0.0000 0.0000 0.0000 -13.4882 -7.6420 -82.1874 12.9139 18.7509 68.8579 2.2310 14.0285 27.1661 3.1023 10.8588 31.8051 0.0000 0.0000 0.0000 10.3014 2.8076 -87.5450 -19.7117 -19.9980 89.1571 -0.0481 9.7483 14.6634 -0.4121 4.1207 -11.4164 -7.2055 -0.5578 37.7567 0.8943 -0.3851 17.4580 4.8173 0.4086 0.7980 3.8306 1.7989 -11.0111 3.4305 2.0736 -2.3485 0.5162 1.1678 1.1087 -0.0000 0.0000 0.0000 -86.1709 -3.4228 -156.0401 7.8204 -13.2614 -0.9105 -0.0000 -0.0000 100.5610 63.7370 49.6419 57.0757 -7.1250 0.0000 -0.0000 145.3204 -79.2549 -151.9174 -0.0000 0.0000 0.0000 86.9608 -1.6294 -88.1359 -5.1736 8.8771 -0.4019 0.0000 0.0000 57.0460 -65.3122 29.7387 -47.1784 7.1250 -0.0000 -0.0000 -18.4510 21.6140 -24.9373
18.5608 2.6192 4.5254 210.3160 82.1884 169.7950 0.0000 0.0000 0.0000 -14.9317 -7.6681 -81.1792 12.7683 18.6969 68.4043 2.1455 13.3604 26.5749 2.7024 10.1970 29.6171 0.0000 0.0000 0.0000 8.7141 2.7778 -86.9626 -19.6040 -19.9962 88.8420 -0.0513 9.9279 14.9535 -0.3936 4.0284 -11.1566 -8.8917 -0.0402 36.7216 1.0397 -0.3022 17.2782 5.8338 0.2839 0.9942 4.4264 1.8133 -9.8104 3.4465 2.0389 -1.7204 0.4112 1.1397 1.1102 0.0000 -0.0000 0.0000 -86.5064 -3.0867 -159.0808 7.9164 -13.4173 -0.9326 -0.0000 -0.0000 103.0090 63.7656 49.7072 57.1338 -7.1250 0.0000 -0.0000 145.6568 -79.2161 -152.2241 0.0000 -0.0000 0.0000 85.0361 1.0801 -112.2754 -5.4780 9.3887 -0.4502 0.0000 0.0000 78.9925 -73.3013 30.8199 -59.6500 7.1250 -0.0000 -0.0000 -22.5028 30.7916 -32.3465
18.6611 2.5806 4.4906 199.0910 82.3825 158.3010 0.0000 0.0000 0.0000 -16.0156 -7.4811 -81.3444 13.1908 18.8500 69.7172 1.9510 12.0654 25.2349 2.0170 8.9014 25.4872 0.0000 0.0000 0.0000 6.7281 3.1365 -87.1793 -20.0047 -20.0000 90.0137 -0.0142 9.9188 14.3602 -0.3161 3.6140 -9.9931 -10.7125 0.5913 35.4479 1.0480 -0.0984 16.9790 6.7440 0.2117 1.1431 4.8429 1.8511 -8.3188 4.2501 2.0804 -0.9214 0.5834 1.1751 1.1058 0.0000 -0.0000 0.0000 -86.7887 -2.5225 -160.7916 7.9310 -13.4410 -0.9360 -0.0000 -0.0000 103.7110 65.0436 50.0696 58.7466 -7.1250 0.0000 -0.0000 148.2334 -78.2639 -154.9556 0.0000 -0.0000 0.0000 82.1952 3.7500 -141.5080 -7.1874 12.2273 -0.7708 0.0000 0.0000 102.2080 -84.6018 34.5394 -80.5377 7.1250 -0.0000 -0.0000 -28.6214 47.0853 -41.9685
18.6136 2.5492 4.4660 186.6340 81.7880 145.3170 0.0000 0.0000 0.0000 -17.9416 -7.5141 -80.1718 13.0203 18.7895 69.1887 1.8571 11.8280 24.6121 1.4455 7.6004 21.5067 0.0000 0.0000 0.0000 4.5239 3.1490 -86.5410 -20.0623 -19.9999 90.1821 0.0121 9.9865 14.0246 -0.4120 4.1203 -11.4153 -12.7346 1.0724 34.4131 0.8077 -0.1049 16.6802 7.5507 0.0490 1.2862 5.4428 1.8931 -6.9101 5.3385 2.0878 0.4582 0.8204 1.2280 1.3007 0.0000 -0.0000 0.0000 -86.2354 -2.2415 -166.4128 8.4063 -14.2094 -1.0496 -0.0000 -0.0000 108.2880 66.3523 49.9070 60.2135 -7.1250 0.0000 -0.0000 148.4376 -77.4475 -155.6273 0.0000 -0.0000 0.0000 81.5089 3.8949 -143.5974 -7.7462 13.1406 -0.8935 0.0000 0.0000 101.0220 -87.0403 35.3774 -84.8969 7.1250 -0.0000 -0.0000 -30.1685 50.4348 -43.8851
18.5516 2.5237 4.4613 198.1660 82.8079 154.7160 0.0000 0.0000 0.0000 -15.9943 -6.9220 -78.0413 12.8263 18.7186 68.5852 1.8582 11.7736 24.6135 1.2403 7.0619 19.8989 0.0000 0.0000 0.0000 6.3978 3.6526 -83.6884 -19.7408 -19.9984 89.2422 -0.0314 9.5360 14.1116 -0.4944 4.5082 -12.5111 -11.3216 1.0527 34.5088 1.1858 0.3206 16.8837 7.1028 0.3414 1.3096 6.5289 1.5663 -6.0282 6.4990 1.5085 2.3125 0.9984 1.0466 1.7500 0.0000 -0.0000 0.0000 -85.2160 -2.0519 -171.8168 8.7875 -14.8212 -1.1452 -0.0000 -0.0000 113.1400 67.6899 49.5265 61.6569 -7.1250 0.0000 -0.0000 147.9024 -76.6607 -155.6992 0.0000 -0.0000 0.0000 80.8850 3.0849 -147.5009 -7.7506 13.1478 -0.8945 0.0000 0.0000 107.9010 -86.8231 34.9308 -84.4632 7.1250 -0.0000 -0.0000 -30.3038 49.9618 -44.1773
18.3433 2.5250 4.4656 217.1690 83.8513 171.8470 0.0000 0.0000 0.0000 -13.6988 -6.1965 -75.5118 12.3268 18.5254 67.0210 1.8634 12.1437 24.6878 1.4043 7.4960 21.1933 0.0000 0.0000 0.0000 9.1826 4.5512 -80.0799 -18.9022 -19.9711 86.7887 -0.1058 8.9900 14.5768 -0.5095 4.5753 -12.7012 -9.2615 0.8432 35.0208 1.4524 0.6311 16.8917 6.2089 0.6448 0.9922 8.0027 1.3641 -4.8104 7.3695 1.2050 3.2615 1.0200 0.9794 1.8501 -0.0000 -0.0000 0.0000 -84.4690 -1.7837 -173.9623 8.9625 -15.1006 -1.1903 -0.0000 -0.0000 115.2640 67.9436 50.5207 62.3036 -7.1250 0.0000 -0.0000 151.7087 -76.1831 -158.9465 -0.0000 -0.0000 0.0000 80.6675 2.7625 -150.1394 -7.8918 13.3773 -0.9269 0.0000 0.0000 111.6490 -87.0794 35.8884 -85.0260 7.1250 -0.0000 -0.0000 -29.8123 50.7200 -43.2853
18.2762 2.5246 4.4547 217.6020 84.0630 171.1000 0.0000 0.0000 0.0000 -13.7633 -5.9425 -73.7717 12.1093 18.4365 66.3347 1.7542 11.9975 23.9631 1.3785 7.4296 20.9944 0.0000 0.0000 0.0000 9.1734 4.7911 -78.2038 -18.6318 -19.9551 85.9968 -0.1034 8.8933 14.4194 -0.5144 4.5971 -12.7630 -9.4840 0.7083 35.3028 1.2082 0.3684 16.9623 6.1389 0.5126 1.0315 8.4812 1.5638 -4.7615 8.8651 1.3615 4.1561 1.4440 1.1802 2.1381 -0.0000 0.0000 0.0000 -84.1519 -1.8003 -175.9960 9.1275 -15.3634 -1.2337 -0.0000 -0.0000 116.3610 68.3557 50.6966 62.8503 -7.1250 0.0000 -0.0000 152.5334 -75.8479 -159.7664 -0.0000 0.0000 0.0000 80.6222 3.8018 -147.8368 -7.8314 13.2792 -0.9130 0.0000 0.0000 108.9770 -88.0382 35.8352 -86.6516 7.1250 -0.0000 -0.0000 -30.7338 51.8178 -44.4978
18.2259 2.5197 4.4532 218.7570 83.8774 171.6450 0.0000 0.0000 0.0000 -13.7569 -6.0507 -72.6886 11.8994 18.3478 65.6694 1.6736 11.6408 23.3854 1.2957 7.2120 20.3451 0.0000 0.0000 0.0000 9.1157 4.8793 -77.0781 -18.4230 -19.9403 85.3848 -0.1123 8.5953 14.1903 -0.5202 4.6224 -12.8346 -9.2035 0.4564 35.2758 0.9989 0.1048 16.8549 5.8479 0.4093 0.9528 9.2783 1.4927 -4.8888 9.4716 1.1450 4.7623 1.5172 1.1650 2.3718 -0.0000 0.0000 0.0000 -83.7549 -1.6731 -176.9551 9.1374 -15.3791 -1.2363 -0.0000 -0.0000 117.0770 69.5983 50.8333 64.3721 -7.1250 0.0000 -0.0000 153.5849 -74.9606 -161.0457 -0.0000 0.0000 0.0000 80.6240 4.2598 -147.6518 -7.8197 13.2602 -0.9103 0.0000 0.0000 108.8650 -88.7728 36.1220 -87.9188 7.1250 -0.0000 -0.0000 -31.1933 52.7942 -44.9996
18.1755 2.5129 4.4526 213.8760 84.0339 166.3270 0.0000 0.0000 0.0000 -14.3995 -5.6932 -71.8820 11.7109 18.2657 65.0695 1.6153 11.2645 22.9465 1.1236 6.7330 18.9268 0.0000 0.0000 0.0000 8.4418 5.2538 -76.2296 -18.2189 -19.9238 84.7860 -0.1086 8.6235 14.1659 -0.5428 4.7203 -13.1126 -9.6706 0.5152 35.5089 0.7059 -0.0738 16.4898 5.8214 0.3132 0.5251 9.8366 1.4090 -5.1740 9.2322 0.9050 5.3338 1.3514 1.0974 2.6244 0.0000 0.0000 0.0000 -83.5747 -1.2015 -177.6563 9.1890 -15.4611 -1.2500 -0.0000 -0.0000 117.3530 70.6473 50.8631 65.6379 -7.1250 0.0000 -0.0000 154.1694 -74.2314 -161.8695 0.0000 0.0000 0.0000 80.8657 3.8508 -145.2865 -7.5103 12.7559 -0.8407 0.0000 0.0000 107.2090 -88.9403 36.3985 -88.2146 7.1250 -0.0000 -0.0000 -31.1178 53.0999 -44.8194
18.1271 2.4952 4.4517 217.5000 84.4294 169.2250 0.0000 0.0000 0.0000 -14.1488 -5.0424 -71.2358 11.6646 18.2453 64.9218 1.5924 10.7300 22.7314 0.8709 5.9499 16.6393 0.0000 0.0000 0.0000 8.8378 5.7314 -75.0656 -18.0111 -19.9049 84.1761 -0.1129 8.4882 14.0677 -0.6107 5.0019 -13.9139 -9.2992 0.3973 35.9761 0.5333 -0.1907 16.3012 5.4694 0.3021 0.1626 9.9958 1.4351 -5.3209 9.2479 0.9237 5.1775 1.3300 1.1047 2.5996 -0.0000 0.0000 0.0000 -83.3732 -0.6566 -178.4253 9.3273 -15.6805 -1.2871 -0.0000 -0.0000 117.7250 70.6202 50.9309 65.6260 -7.1250 0.0000 -0.0000 154.3612 -74.2298 -162.0093 -0.0000 0.0000 0.0000 80.6068 3.9144 -147.9366 -7.6770 13.0280 -0.8779 0.0000 0.0000 110.6540 -89.6523 36.3739 -89.4138 7.1250 -0.0000 -0.0000 -31.8317 53.9098 -45.7193
