HIERARCHY
ROOT Hips
{
	OFFSET 0.00000 0.00000 0.00000
	CHANNELS 6 Xposition Yposition Zposition Zrotation Yrotation Xrotation 
	JOINT LHipJoint
	{
		OFFSET 0 0 0
		CHANNELS 3 Zrotation Yrotation Xrotation
		JOINT LeftUpLeg
		{
			OFFSET 1.75344 -1.53157 0.77399
			CHANNELS 3 Zrotation Yrotation Xrotation
			JOINT LeftLeg
			{
				OFFSET 2.25415 -6.19323 0.00000
				CHANNELS 3 Zrotation Yrotation Xrotation
				JOINT LeftFoot
				{
					OFFSET 2.30342 -6.32861 0.00000
					CHANNELS 3 Zrotation Yrotation Xrotation
					JOINT LeftToeBase
					{
						OFFSET 0.10958 -0.30108 1.49206
						CHANNELS 3 Zrotation Yrotation Xrotation
						End Site
						{
							OFFSET 0.00000 -0.00000 0.77783
						}
					}
				}
			}
		}
	}
	JOINT RHipJoint
	{
		OFFSET 0 0 0
		CHANNELS 3 Zrotation Yrotation Xrotation
		JOINT RightUpLeg
		{
			OFFSET -1.81912 -1.53156 0.77399
			CHANNELS 3 Zrotation Yrotation Xrotation
			JOINT RightLeg
			{
				OFFSET -2.22882 -6.12365 0.00000
				CHANNELS 3 Zrotation Yrotation Xrotation
				JOINT RightFoot
				{
					OFFSET -2.21943 -6.09785 0.00000
					CHANNELS 3 Zrotation Yrotation Xrotation
					JOINT RightToeBase
					{
						OFFSET -0.18931 -0.52012 1.59379
						CHANNELS 3 Zrotation Yrotation Xrotation
						End Site
						{
							OFFSET -0.00000 -0.00000 0.84686
						}
					}
				}
			}
		}
	}
	JOINT LowerBack
	{
		OFFSET 0 0 0
		CHANNELS 3 Zrotation Yrotation Xrotation
		JOINT Spine
		{
			OFFSET -0.00200 1.66634 -0.14248
			CHANNELS 3 Zrotation Yrotation Xrotation
			JOINT Spine1
			{
				OFFSET -0.00875 1.64542 0.09514
				CHANNELS 3 Zrotation Yrotation Xrotation
				JOINT Neck
				{
					OFFSET 0 0 0
					CHANNELS 3 Zrotation Yrotation Xrotation
					JOINT Neck1
					{
						OFFSET 0.02257 1.59605 0.00839
						CHANNELS 3 Zrotation Yrotation Xrotation
						JOINT Head
						{
							OFFSET -0.10214 1.57530 -0.23335
							CHANNELS 3 Zrotation Yrotation Xrotation
							End Site
							{
								OFFSET -0.03588 1.60717 -0.08062
							}
						}
					}
				}
				JOINT LeftShoulder
				{
					OFFSET 0 0 0
					CHANNELS 3 Zrotation Yrotation Xrotation
					JOINT LeftArm
					{
						OFFSET 2.54983 1.10186 0.40078
						CHANNELS 3 Zrotation Yrotation Xrotation
						JOINT LeftForeArm
						{
							OFFSET 4.28840 -0.00000 0.00000
							CHANNELS 3 Zrotation Yrotation Xrotation
							JOINT LeftHand
							{
								OFFSET 3.06552 -0.00000 -0.00000
								CHANNELS 3 Zrotation Yrotation Xrotation
								JOINT LeftFingerBase
								{
									OFFSET 0 0 0
									CHANNELS 3 Zrotation Yrotation Xrotation
									JOINT LeftHandIndex1
									{
										OFFSET 0.75304 -0.00000 0.00000
										CHANNELS 3 Zrotation Yrotation Xrotation
										End Site
										{
											OFFSET 0.60712 -0.00000 0.00000
										}
									}
								}
								JOINT LThumb
								{
									OFFSET 0 0 0
									CHANNELS 3 Zrotation Yrotation Xrotation
									End Site
									{
										OFFSET 0.61639 -0.00000 0.61639
									}
								}
							}
						}
					}
				}
				JOINT RightShoulder
				{
					OFFSET 0 0 0
					CHANNELS 3 Zrotation Yrotation Xrotation
					JOINT RightArm
					{
						OFFSET -2.60909 1.35448 0.21802
						CHANNELS 3 Zrotation Yrotation Xrotation
						JOINT RightForeArm
						{
							OFFSET -4.52172 -0.00000 -0.00000
							CHANNELS 3 Zrotation Yrotation Xrotation
							JOINT RightHand
							{
								OFFSET -2.89140 -0.00000 0.00000
								CHANNELS 3 Zrotation Yrotation Xrotation
								JOINT RightFingerBase
								{
									OFFSET 0 0 0
									CHANNELS 3 Zrotation Yrotation Xrotation
									JOINT RightHandIndex1
									{
										OFFSET -0.68054 -0.00000 0.00000
										CHANNELS 3 Zrotation Yrotation Xrotation
										End Site
										{
											OFFSET -0.54867 -0.00000 0.00000
										}
									}
								}
								JOINT RThumb
								{
									OFFSET 0 0 0
									CHANNELS 3 Zrotation Yrotation Xrotation
									End Site
									{
										OFFSET -0.55705 -0.00000 0.55705
									}
								}
							}
						}
					}
				}
			}
		}
	}
}
MOTION
Frames: 601
Frame Time: .0333333
8.1408 14.9911 41.6989 0 0 0 0 0 0 -21 0 0 0 0 0 0 0 0 0 0 0 0 0 0 21 0 0 0 0 0 0 0 0 0 0 0 0 0 0 0 0 0 0 0 0 0 0 -16 0 0 21 0 0 11 0 0 0 -8 0 0 0 0 0 0 0 0 0 0 0 0 0 0 0 0 0 0 0 0 8 0 0 0 0 0 0 0 0 0 0 0 0 0 0 0 0 0
8.1408 14.9911 41.6989 177.5320 -14.5359 177.1480 0.0000 0.0000 0.0000 -29.5690 -19.4740 2.0658 2.4284 9.7066 28.0318 1.9347 -2.2843 -25.6970 2.5898 -9.9993 -28.9745 0.0000 0.0000 0.0000 20.4314 6.5345 0.4621 -3.0182 -10.7244 31.3560 -2.3558 -15.2284 -37.6068 -0.3062 -3.5577 9.8356 -1.7466 1.3220 5.3379 -0.1797 1.5543 -3.7206 0.6194 0.8188 -6.9250 7.7361 14.3852 -5.1985 -3.5645 19.0207 13.3923 -0.8757 9.3361 5.9874 -0.0000 0.0000 0.0000 -87.0515 17.2100 21.9496 19.1482 -29.6024 -5.1038 -0.0000 -0.0000 13.3208 10.2524 -33.2427 -5.6625 -7.1250 0.0000 -0.0000 -12.2035 -3.0168 13.1238 -0.0000 0.0000 0.0000 81.4644 -14.6694 54.7967 -18.6824 29.0221 -4.8758 0.0000 0.0000 8.8643 -11.5928 -48.7974 8.7740 7.1250 -0.0000 -0.0000 52.7234 -73.8092 -38.4475
8.1458 14.9943 41.6802 178.0690 -13.9751 177.0820 0.0000 0.0000 0.0000 -28.9436 -19.4142 1.8679 2.4941 9.8272 28.4188 1.9901 -2.0777 -26.1245 2.5766 -9.9758 -28.8985 0.0000 0.0000 0.0000 21.1168 6.8558 0.7272 -2.9178 -10.5608 30.8124 -2.2043 -15.4731 -37.0259 -0.3027 -3.5376 9.7794 -1.2457 1.3717 4.9828 -0.0615 1.6824 -3.5415 0.4589 0.8619 -6.5203 8.2371 14.3538 -5.6248 -3.8004 18.9425 13.0694 -0.9920 9.3118 6.0227 -0.0000 -0.0000 0.0000 -87.1047 16.6756 21.6564 18.9695 -29.3808 -5.0159 -0.0000 -0.0000 13.9042 10.2262 -32.5381 -5.5421 -7.1250 0.0000 -0.0000 -12.1653 -2.3248 12.9393 -0.0000 -0.0000 0.0000 82.4533 -14.6128 52.6631 -18.8756 29.2638 -4.9699 0.0000 0.0000 8.1219 -12.5996 -49.6849 9.6722 7.1250 -0.0000 -0.0000 54.7031 -74.6424 -40.9242
8.1500 15.0015 41.6739 177.9110 -13.3930 177.4190 0.0000 0.0000 0.0000 -28.9399 -19.3077 1.5871 2.4743 9.7911 28.3028 2.0228 -2.1630 -26.3245 2.3878 -9.6309 -27.7897 0.0000 0.0000 0.0000 20.9983 7.5422 0.5696 -2.9214 -10.5668 30.8324 -2.2489 -15.3916 -37.1905 -0.3212 -3.6428 10.0738 -1.2700 1.5161 4.8157 -0.1167 1.8704 -3.5533 0.3994 0.9531 -6.4392 8.1403 14.3802 -5.1179 -3.9885 19.0245 11.6524 -1.1214 9.3772 5.5049 0.0000 -0.0000 0.0000 -87.2796 16.0413 21.2710 18.7947 -29.1628 -4.9304 -0.0000 -0.0000 13.9519 11.2821 -32.6004 -6.1348 -7.1250 0.0000 -0.0000 -11.5817 -2.5359 12.3332 0.0000 -0.0000 0.0000 83.5983 -15.0000 49.8629 -18.7814 29.1461 -4.9239 0.0000 0.0000 9.5541 -15.0974 -49.6076 11.6107 7.1250 -0.0000 -0.0000 52.5583 -75.5636 -40.0172
8.1473 14.9983 41.6698 177.8480 -12.5984 177.3410 0.0000 0.0000 0.0000 -29.1399 -19.2421 1.8136 2.4756 9.7934 28.3104 2.0694 -1.4785 -26.8105 2.6180 -10.0494 -29.1368 0.0000 0.0000 0.0000 20.8045 7.5262 0.4185 -2.9497 -10.6132 30.9863 -2.1565 -15.2401 -36.5944 -0.2219 -3.0323 8.3687 -0.9537 1.7783 4.9263 -0.2809 2.2454 -3.3155 0.0135 1.1231 -6.2384 8.2055 14.2818 -4.3251 -4.5340 18.9554 9.2309 -1.4496 9.3751 4.6749 0.0000 0.0000 0.0000 -87.0994 15.4704 21.6787 19.0135 -29.4354 -5.0375 -0.0000 -0.0000 13.9348 12.3461 -33.1285 -6.8214 -7.1250 0.0000 -0.0000 -11.0351 -3.2136 11.8534 0.0000 0.0000 0.0000 83.9044 -15.1050 49.1135 -18.9282 29.3294 -4.9956 0.0000 0.0000 9.6081 -12.4513 -52.7497 9.9684 7.1250 -0.0000 -0.0000 65.6554 -75.8262 -51.7534
8.1495 14.9948 41.6790 177.7800 -12.1246 177.1260 0.0000 0.0000 0.0000 -29.2133 -18.8691 1.9375 2.4688 9.7809 28.2701 2.0624 -1.3649 -26.7947 2.5231 -9.8798 -28.5883 0.0000 0.0000 0.0000 20.5830 7.2193 0.2745 -2.9930 -10.6836 31.2202 -2.2417 -14.2596 -36.2810 -0.2439 -3.1784 8.7757 -0.8229 1.9221 5.4052 -0.3832 2.4487 -3.0758 -0.1995 1.2191 -6.2521 8.3365 14.2635 -3.3399 -5.0603 18.9844 7.0098 -1.7778 9.4169 3.8973 -0.0000 -0.0000 0.0000 -87.0134 14.4586 21.7454 19.4006 -29.9134 -5.2291 -0.0000 -0.0000 12.5562 8.8995 -32.1019 -4.7569 -7.1250 0.0000 -0.0000 -12.8758 -1.7211 13.6008 -0.0000 -0.0000 0.0000 83.2450 -15.2078 50.9407 -19.1283 29.5778 -5.0940 0.0000 0.0000 7.4551 -14.1744 -53.0253 11.4076 7.1250 -0.0000 -0.0000 66.0200 -76.5755 -52.8884
8.1616 15.0014 41.6823 178.0500 -11.4349 177.4560 0.0000 0.0000 0.0000 -28.5574 -18.3799 1.1734 2.4724 9.7875 28.2913 2.0274 -1.1327 -26.6250 2.5817 -9.9850 -28.9281 0.0000 0.0000 0.0000 20.9046 7.8922 -0.0863 -2.9851 -10.6709 31.1780 -2.1954 -14.2415 -36.0233 -0.1949 -2.8428 7.8413 -0.2953 2.2803 5.3913 -0.5357 2.9583 -3.1763 -0.7094 1.4429 -6.3174 8.3325 14.0761 -2.6182 -4.7158 18.7112 5.0914 -2.0329 9.3330 3.4722 0.0000 0.0000 0.0000 -86.5555 13.3539 21.9295 19.1171 -29.5639 -5.0885 -0.0000 -0.0000 13.2603 11.7289 -33.5180 -6.5402 -7.1250 0.0000 -0.0000 -11.4112 -3.5018 12.3279 0.0000 0.0000 0.0000 83.3204 -15.6592 50.1717 -19.1013 29.5443 -5.0807 0.0000 0.0000 8.4758 -10.8208 -54.4314 8.8373 7.1250 -0.0000 -0.0000 72.7401 -75.6372 -58.1050
8.1637 15.0113 41.6792 178.0530 -10.9578 177.5710 0.0000 0.0000 0.0000 -28.6588 -18.6924 1.3392 2.4441 9.7356 28.1247 2.0618 -0.4701 -27.0497 2.6446 -10.0962 -29.2889 0.0000 0.0000 0.0000 20.7787 7.8045 -0.5078 -3.0130 -10.7161 31.3283 -2.0833 -14.7494 -35.8207 -0.0299 -1.1161 3.0684 0.0328 2.5314 5.6322 -0.7026 3.3079 -3.2818 -1.1189 1.5939 -6.5364 7.9029 13.9734 -2.1661 -4.2627 18.5767 4.2578 -1.9085 9.2797 2.9858 -0.0000 -0.0000 0.0000 -86.4717 11.9182 21.3188 18.7407 -29.0952 -4.9041 -0.0000 -0.0000 13.9514 10.8499 -32.5694 -5.8907 -7.1250 0.0000 -0.0000 -11.8202 -2.4432 12.5796 -0.0000 -0.0000 0.0000 83.2458 -16.5675 49.7389 -19.1637 29.6215 -5.1115 0.0000 0.0000 8.1985 -11.6767 -53.4163 9.4224 7.1250 -0.0000 -0.0000 68.5338 -75.7225 -54.2754
8.1615 15.0104 41.6706 178.4570 -10.6646 177.6570 0.0000 0.0000 0.0000 -28.2190 -18.8742 1.1538 2.5049 9.8469 28.4822 2.1168 -0.2663 -27.4758 2.6213 -10.0551 -29.1554 0.0000 0.0000 0.0000 21.2238 8.0616 -0.4426 -2.9811 -10.6643 31.1560 -2.2229 -14.0696 -36.0383 -0.0624 -1.6116 4.4335 0.7064 2.8122 5.6521 -0.7030 3.7361 -3.5020 -1.5502 1.7692 -6.7314 7.8014 13.7577 -1.9907 -4.2623 18.3038 4.3755 -1.9219 9.1445 2.9662 0.0000 0.0000 0.0000 -86.6064 11.4308 20.7776 18.8970 -29.2905 -4.9804 -0.0000 -0.0000 14.3457 12.3712 -32.1951 -6.6656 -7.1250 0.0000 -0.0000 -10.9392 -2.2995 11.5791 0.0000 0.0000 0.0000 83.3537 -17.3385 48.7524 -18.7948 29.1629 -4.9305 0.0000 0.0000 9.2194 -9.9453 -53.2837 8.0008 7.1250 -0.0000 -0.0000 68.7399 -75.0310 -53.7031
8.1545 15.0159 41.6722 178.2920 -9.3856 177.8790 0.0000 0.0000 0.0000 -28.4817 -18.7899 1.0388 2.4841 9.8089 28.3600 2.1026 0.8882 -27.7689 2.6427 -10.0928 -29.2777 0.0000 0.0000 0.0000 20.8396 8.6046 -0.8878 -3.0142 -10.7179 31.3344 -2.0300 -14.2566 -35.1452 -0.0049 -0.4511 1.2394 0.9340 3.2961 5.8484 -0.8671 4.3873 -3.7440 -1.9425 2.0646 -7.0544 7.9613 13.7107 -2.2381 -4.4524 18.2423 5.1520 -1.9599 9.1057 3.3174 0.0000 0.0000 0.0000 -86.7876 11.4244 19.7634 19.5440 -30.0890 -5.3008 -0.0000 -0.0000 13.2778 9.9915 -32.1202 -5.3514 -7.1250 0.0000 -0.0000 -12.2667 -1.8841 12.9603 0.0000 0.0000 0.0000 83.2537 -17.5320 48.8083 -18.3545 28.6087 -4.7178 0.0000 0.0000 9.3426 -8.6325 -53.8780 6.9914 7.1250 -0.0000 -0.0000 71.4175 -74.6962 -55.8089
8.1757 15.0138 41.6519 178.3030 -9.6163 177.9490 0.0000 0.0000 0.0000 -28.2638 -18.6178 0.8837 2.4945 9.8279 28.4213 2.1142 -0.0491 -27.5275 2.2816 -9.4295 -27.1482 0.0000 0.0000 0.0000 21.0731 8.8009 -0.6071 -2.9513 -10.6158 30.9950 -2.0232 -14.4082 -35.2273 -0.0129 -0.7327 2.0136 0.7079 3.1797 5.7492 -0.8167 4.2116 -3.7774 -1.7395 1.9894 -7.0588 7.6116 13.8503 -3.1164 -3.9753 18.3775 6.3464 -1.6360 9.1613 3.8127 -0.0000 0.0000 0.0000 -86.6794 12.0092 20.0211 20.5845 -31.3401 -5.8323 -0.0000 -0.0000 11.7620 9.9121 -32.0128 -5.2924 -7.1250 0.0000 -0.0000 -12.3038 -1.7684 12.9770 -0.0000 0.0000 0.0000 83.1886 -17.4932 49.2358 -17.4010 27.3834 -4.2701 0.0000 0.0000 13.4892 -10.7465 -51.9162 8.4964 7.1250 -0.0000 -0.0000 63.4575 -74.8938 -48.7719
8.1993 15.0240 41.6280 178.3280 -10.1268 177.8780 0.0000 0.0000 0.0000 -28.3419 -19.1672 1.5015 2.4380 9.7243 28.0886 2.0959 0.2876 -27.5180 2.3331 -9.5280 -27.4613 0.0000 0.0000 0.0000 21.3581 8.6838 -0.1946 -2.9332 -10.5861 30.8964 -2.0558 -14.6428 -35.5890 -0.0153 -0.7974 2.1914 0.3952 2.8564 5.6653 -0.6950 3.7586 -3.7586 -1.3814 1.7857 -7.0322 8.1086 14.0268 -2.8546 -4.8419 18.6705 6.3418 -1.9767 9.2894 3.9475 -0.0000 -0.0000 0.0000 -86.8011 12.6293 19.7129 21.1697 -32.0259 -6.1397 -0.0000 -0.0000 10.9014 11.1850 -32.0988 -5.9981 -7.1250 0.0000 -0.0000 -11.5966 -2.0301 12.2504 -0.0000 -0.0000 0.0000 82.8127 -17.3587 49.8399 -17.2577 27.1963 -4.2045 0.0000 0.0000 13.9724 -10.9326 -50.7665 8.5093 7.1250 -0.0000 -0.0000 59.4198 -74.5086 -44.8161
8.2315 15.0226 41.6134 178.6130 -11.4929 177.8900 0.0000 0.0000 0.0000 -27.8619 -19.6590 1.4076 2.4845 9.8096 28.3624 2.1121 -0.4971 -27.3738 2.4848 -9.8103 -28.3645 0.0000 0.0000 0.0000 21.9697 8.2211 0.1353 -2.8550 -10.4566 30.4683 -2.0855 -15.2178 -36.2047 -0.0667 -1.6665 4.5850 0.1430 2.2462 5.1232 -0.4848 2.9409 -3.4656 -0.8949 1.4110 -6.4494 8.7460 14.1313 -2.3902 -5.9639 18.8869 5.9570 -2.2030 9.3703 3.5444 0.0000 -0.0000 0.0000 -86.5989 13.1740 20.2519 21.4859 -32.3911 -6.3082 -0.0000 -0.0000 9.3173 11.0935 -32.1125 -5.9504 -7.1250 0.0000 -0.0000 -11.6490 -2.0304 12.3081 0.0000 -0.0000 0.0000 82.6333 -16.8330 49.6961 -17.4793 27.4852 -4.3062 0.0000 0.0000 14.5655 -10.7545 -51.2255 8.4231 7.1250 -0.0000 -0.0000 61.0717 -74.6322 -46.3850
8.2569 15.0179 41.6104 178.3700 -12.3546 177.6550 0.0000 0.0000 0.0000 -27.8752 -18.9714 1.2307 2.5104 9.8568 28.5142 2.0753 -1.8158 -26.7617 2.5150 -9.8652 -28.5413 0.0000 0.0000 0.0000 21.8525 7.6763 0.4397 -2.8394 -10.4304 30.3821 -2.1614 -15.3204 -36.6839 -0.0828 -1.8557 5.1070 -0.4833 1.8475 5.2122 -0.4121 2.3765 -3.0552 -0.4040 1.1692 -6.1034 8.1334 14.4074 -2.7164 -4.8572 19.1743 5.4217 -1.9897 9.5493 3.6337 -0.0000 0.0000 0.0000 -86.0558 13.7031 21.7436 21.3512 -32.2360 -6.2362 -0.0000 -0.0000 8.5002 11.0342 -32.3201 -5.9520 -7.1250 0.0000 -0.0000 -11.6981 -2.2254 12.4010 -0.0000 0.0000 0.0000 82.5563 -16.3146 48.6140 -18.4439 28.7219 -4.7607 0.0000 0.0000 10.5634 -7.7472 -53.1695 6.2145 7.1250 -0.0000 -0.0000 69.3131 -74.1784 -53.2762
8.2853 15.0155 41.6077 178.4110 -12.8557 177.4760 0.0000 0.0000 0.0000 -27.6725 -18.7491 1.2110 2.5208 9.8755 28.5747 2.0667 -2.3437 -26.5744 2.4837 -9.8083 -28.3580 0.0000 0.0000 0.0000 22.0643 7.4582 0.5586 -2.8537 -10.4544 30.4611 -2.1271 -15.8542 -36.9330 -0.0997 -2.0362 5.6058 -0.8882 1.5656 5.3635 -0.2460 1.9822 -2.9003 0.0345 0.9972 -6.0473 8.3756 14.4159 -2.4250 -4.9677 19.1977 5.2167 -2.0885 9.5690 3.5521 -0.0000 -0.0000 0.0000 -85.9365 13.7573 21.7769 20.0319 -30.6808 -5.5476 -0.0000 -0.0000 11.1596 12.3449 -32.1127 -6.6360 -7.1250 0.0000 -0.0000 -10.9470 -2.2143 11.5719 -0.0000 -0.0000 0.0000 82.5490 -16.1460 48.5885 -18.7241 29.0744 -4.8961 0.0000 0.0000 9.5993 -7.9598 -54.0898 6.4612 7.1250 -0.0000 -0.0000 72.4272 -74.4979 -56.5290
8.2995 15.0150 41.6075 178.3570 -13.0441 177.4530 0.0000 0.0000 0.0000 -27.6434 -18.7610 1.1406 2.5241 9.8815 28.5939 2.0385 -2.3362 -26.3882 2.6048 -10.0260 -29.0611 0.0000 0.0000 0.0000 22.0557 7.3879 0.5210 -2.8851 -10.5066 30.6334 -2.2694 -15.3875 -37.2922 -0.1727 -2.6771 7.3809 -1.1019 1.4724 5.4812 -0.1130 1.8509 -2.8028 0.3047 0.9452 -6.0226 8.2613 14.5424 -2.3600 -4.9083 19.3741 5.2427 -2.0434 9.6567 3.5405 -0.0000 0.0000 0.0000 -86.0550 13.3220 21.0712 18.5804 -28.8939 -4.8264 -0.0000 -0.0000 13.6889 12.2328 -33.4320 -6.8116 -7.1250 0.0000 -0.0000 -11.1254 -3.4943 12.0058 -0.0000 0.0000 0.0000 82.5641 -16.2422 48.3884 -18.7889 29.1555 -4.9276 0.0000 0.0000 9.7432 -8.5422 -53.7493 6.9066 7.1250 -0.0000 -0.0000 70.9928 -74.6307 -55.3393
8.3013 15.0200 41.6028 178.4290 -13.0606 177.6740 0.0000 0.0000 0.0000 -27.5156 -18.9940 0.9749 2.5240 9.8814 28.5935 2.0495 -2.4451 -26.4363 2.5439 -9.9174 -28.7095 0.0000 0.0000 0.0000 22.1505 7.5604 0.3626 -2.8727 -10.4860 30.5653 -2.2154 -15.6638 -37.2339 -0.1340 -2.3592 6.4995 -0.7313 1.5414 5.5057 -0.1872 1.9613 -3.0391 0.0035 0.9808 -6.2718 8.1713 14.4857 -2.3262 -4.7445 19.2999 5.6495 -1.9719 9.6209 3.6414 -0.0000 0.0000 0.0000 -86.1155 12.9795 20.2210 17.6205 -27.6685 -4.3716 -0.0000 -0.0000 15.4975 10.0215 -32.0223 -5.3532 -7.1250 0.0000 -0.0000 -12.2431 -1.7926 12.9150 -0.0000 0.0000 0.0000 83.0636 -16.5889 47.8514 -18.6191 28.9426 -4.8451 0.0000 0.0000 9.5554 -8.7893 -53.3158 7.0682 7.1250 -0.0000 -0.0000 69.3530 -74.6071 -53.7950
8.2823 15.0235 41.6037 177.9730 -12.7541 178.1600 0.0000 0.0000 0.0000 -28.2608 -19.7874 1.2892 2.4543 9.7544 28.1849 2.0517 -1.4507 -26.7005 2.4512 -9.7486 -28.1663 0.0000 0.0000 0.0000 21.4553 7.6604 -0.2271 -2.9290 -10.5792 30.8736 -2.1210 -15.7954 -36.8541 -0.0895 -1.9297 5.3114 -0.3912 1.7326 5.4483 -0.5107 2.2149 -3.2974 -0.5543 1.0789 -6.4875 8.1270 14.4849 -2.7286 -4.5986 19.2801 6.4847 -1.8552 9.6019 3.9890 -0.0000 -0.0000 0.0000 -86.5864 13.0295 18.6785 17.4946 -27.5052 -4.3133 -0.0000 -0.0000 16.7388 10.0615 -32.5104 -5.4474 -7.1250 0.0000 -0.0000 -12.2551 -2.2749 13.0289 -0.0000 -0.0000 0.0000 83.3700 -16.9133 47.5230 -18.3994 28.6655 -4.7393 0.0000 0.0000 10.2686 -9.0067 -53.2996 7.2426 7.1250 -0.0000 -0.0000 69.2008 -74.6837 -53.7405
8.2827 15.0202 41.5934 177.7470 -12.1513 178.1700 0.0000 0.0000 0.0000 -28.6732 -20.0521 1.6924 2.4303 9.7100 28.0427 2.0778 -0.8174 -27.0518 2.1273 -9.1263 -26.1913 0.0000 0.0000 0.0000 21.1956 7.9216 -0.1879 -2.9387 -10.5951 30.9262 -2.1444 -15.5126 -36.7482 -0.0638 -1.6294 4.4825 -0.3352 1.9776 5.3588 -0.5660 2.5456 -3.2411 -0.6745 1.2389 -6.3701 8.1032 14.4659 -2.4737 -4.8398 19.2888 6.4751 -1.9477 9.6001 3.9670 -0.0000 -0.0000 0.0000 -87.2260 13.3697 17.8653 18.2802 -28.5145 -4.6823 -0.0000 -0.0000 15.2029 9.7125 -32.3813 -5.2373 -7.1250 0.0000 -0.0000 -12.4405 -2.1013 13.1988 -0.0000 -0.0000 0.0000 83.3191 -16.9347 47.4845 -18.2075 28.4221 -4.6476 0.0000 0.0000 10.7537 -8.8415 -52.9958 7.0810 7.1250 -0.0000 -0.0000 68.2057 -74.5341 -52.6605
8.2804 15.0259 41.5941 177.6980 -11.8714 178.5010 0.0000 0.0000 0.0000 -28.6283 -20.0381 1.4778 2.3930 9.6406 27.8207 2.0831 -0.4747 -27.1896 2.3976 -9.6494 -27.8486 0.0000 0.0000 0.0000 21.0519 8.0577 -0.6154 -2.9760 -10.6562 31.1288 -2.1770 -15.1406 -36.6231 -0.0568 -1.5373 4.2285 0.1212 2.1538 4.9919 -0.8346 2.8032 -3.1339 -1.2168 1.3433 -6.0088 8.3314 14.4025 -2.6634 -4.7029 19.1686 6.3571 -1.9370 9.5511 3.9615 0.0000 -0.0000 0.0000 -87.0195 13.8154 19.0813 19.2189 -29.6898 -5.1388 -0.0000 -0.0000 11.9062 11.3149 -32.3937 -6.1185 -7.1250 0.0000 -0.0000 -11.5470 -2.3380 12.2560 0.0000 -0.0000 0.0000 83.5062 -16.5301 47.7184 -17.9896 28.1438 -4.5443 0.0000 0.0000 10.5298 -8.4467 -53.3406 6.7934 7.1250 -0.0000 -0.0000 69.5901 -74.4865 -53.8780
8.2966 15.0225 41.6039 177.5680 -12.0340 178.5870 0.0000 0.0000 0.0000 -28.6093 -19.8790 1.2541 2.3859 9.6274 27.7783 2.0546 -0.6442 -26.9492 2.5515 -9.9309 -28.7533 0.0000 0.0000 0.0000 20.9344 8.0427 -0.8753 -3.0254 -10.7361 31.3949 -2.1762 -15.2146 -36.6770 -0.0662 -1.6603 4.5677 -0.1461 2.0449 4.9592 -0.7861 2.6473 -2.9155 -0.9944 1.2828 -5.7776 8.5410 14.5242 -2.8893 -5.1878 19.3564 6.7532 -1.8525 9.6126 3.8030 0.0000 -0.0000 0.0000 -86.8711 14.3381 20.9690 19.8515 -30.4630 -5.4558 -0.0000 -0.0000 8.6946 10.6812 -32.0321 -5.7128 -7.1250 0.0000 -0.0000 -11.8742 -1.8932 12.5287 0.0000 -0.0000 0.0000 82.6751 -16.0216 49.9581 -17.6432 27.6979 -4.3821 0.0000 0.0000 12.3794 -10.2324 -51.7146 8.0645 7.1250 -0.0000 -0.0000 63.0479 -74.6251 -48.1182
8.3241 15.0251 41.6132 177.5040 -12.6427 178.4980 0.0000 0.0000 0.0000 -28.3532 -19.3351 0.9048 2.3873 9.6301 27.7869 1.9888 -1.5458 -26.2521 2.5941 -10.0071 -28.9997 0.0000 0.0000 0.0000 21.0040 7.7186 -0.9177 -3.0532 -10.7806 31.5435 -2.2345 -15.4134 -37.1343 -0.0753 -1.7699 4.8703 -0.4827 1.7664 5.1850 -0.7249 2.2589 -2.7106 -0.7081 1.1083 -5.7122 8.2179 14.6937 -3.2694 -4.4552 19.5253 7.1432 -1.5511 9.7088 3.8890 0.0000 0.0000 0.0000 -86.4133 14.0183 22.3341 19.3504 -29.8518 -5.2041 -0.0000 -0.0000 9.3960 11.2824 -33.1642 -6.2283 -7.1250 0.0000 -0.0000 -11.6276 -3.0885 12.4917 0.0000 0.0000 0.0000 81.9546 -15.2424 51.9402 -17.6833 27.7498 -4.4008 0.0000 0.0000 12.3785 -9.5358 -53.0366 7.6447 7.1250 -0.0000 -0.0000 68.0304 -74.8061 -52.8029
8.3460 15.0220 41.6127 177.2990 -13.3393 178.4050 0.0000 0.0000 0.0000 -28.5736 -19.7012 1.1335 2.3786 9.6138 27.7350 1.9470 -1.9042 -25.8743 2.4607 -9.7660 -28.2223 0.0000 0.0000 0.0000 20.8947 7.4228 -0.7743 -3.0575 -10.7875 31.5665 -2.3825 -15.0789 -37.6273 -0.1591 -2.5696 7.0827 -0.8585 1.4957 5.4269 -0.7689 1.8637 -2.6616 -0.5100 0.9263 -5.8126 8.7716 14.7115 -3.2731 -4.6029 19.5418 7.8422 -1.6253 9.7181 4.1741 0.0000 -0.0000 0.0000 -85.9804 13.7834 23.0615 18.4408 -28.7179 -4.7591 -0.0000 -0.0000 12.7969 12.3415 -33.7598 -6.9324 -7.1250 0.0000 -0.0000 -11.0956 -3.8330 12.0343 0.0000 -0.0000 0.0000 82.1699 -14.8664 52.0893 -17.4969 27.5082 -4.3144 0.0000 0.0000 12.7282 -9.5686 -52.1607 7.5831 7.1250 -0.0000 -0.0000 64.9470 -74.5363 -49.7138
8.3602 15.0289 41.6029 177.5910 -13.5273 178.5770 0.0000 0.0000 0.0000 -28.1413 -19.9879 0.8322 2.4081 9.6688 27.9107 1.9652 -1.8825 -26.0042 2.4431 -9.7337 -28.1186 0.0000 0.0000 0.0000 21.3578 7.6823 -0.7584 -3.0085 -10.7088 31.3040 -2.3838 -15.3379 -37.8317 -0.2079 -2.9360 8.1007 -0.7499 1.4579 5.2691 -0.5490 1.8330 -2.8206 -0.3376 0.9111 -5.8931 8.6800 14.8066 -3.7601 -3.9899 19.6063 9.3482 -1.3342 9.7504 4.6516 0.0000 -0.0000 0.0000 -85.9683 13.6097 23.8276 17.9082 -28.0394 -4.5060 -0.0000 -0.0000 14.7953 8.4921 -32.3509 -4.5680 -7.1250 0.0000 -0.0000 -13.1181 -1.9111 13.9133 0.0000 -0.0000 0.0000 82.2860 -14.9967 51.3590 -17.5188 27.5366 -4.3245 0.0000 0.0000 12.5276 -10.4169 -51.3387 8.1691 7.1250 -0.0000 -0.0000 61.6605 -74.5499 -46.8135
8.3661 15.0333 41.5951 177.8270 -13.4574 178.8220 0.0000 0.0000 0.0000 -27.8058 -20.2878 0.5451 2.4466 9.7401 28.1393 1.9907 -1.5655 -26.2597 2.8008 -10.3654 -30.1683 0.0000 0.0000 0.0000 21.6367 7.7767 -0.9134 -2.9462 -10.6075 30.9672 -2.2076 -15.9004 -37.3821 -0.1478 -2.4776 6.8276 -0.4341 1.5230 4.9874 -0.4220 1.9504 -2.9248 -0.3881 0.9586 -5.8351 8.4987 14.7835 -3.7280 -3.9784 19.5918 9.5764 -1.3035 9.7345 4.6978 0.0000 0.0000 0.0000 -86.3367 13.1692 23.1276 17.8927 -28.0195 -4.4987 -0.0000 -0.0000 16.3597 9.7516 -32.9490 -5.3401 -7.1250 0.0000 -0.0000 -12.4586 -2.6604 13.3369 0.0000 0.0000 0.0000 82.6214 -15.2403 50.2961 -17.5201 27.5384 -4.3251 0.0000 0.0000 13.8695 -11.4023 -50.0517 8.7889 7.1250 -0.0000 -0.0000 56.7616 -74.3653 -42.3864
8.3756 15.0422 41.5968 178.2080 -13.2856 179.0710 0.0000 0.0000 0.0000 -27.1920 -20.3813 0.0083 2.4936 9.8263 28.4160 2.0042 -1.4876 -26.3717 2.6717 -10.1436 -29.4429 0.0000 0.0000 0.0000 22.0898 8.0884 -1.0191 -2.8923 -10.5187 30.6732 -2.2953 -15.4484 -37.4708 -0.1700 -2.6562 7.3229 0.0816 1.6623 5.0808 -0.3408 2.1759 -3.1208 -0.6218 1.0481 -6.0783 8.6980 14.7264 -3.8631 -4.3222 19.5326 9.7192 -1.4118 9.6897 4.8145 0.0000 -0.0000 0.0000 -86.7215 12.9619 22.6191 18.5314 -28.8323 -4.8028 -0.0000 -0.0000 14.6585 8.8111 -31.7703 -4.6658 -7.1250 0.0000 -0.0000 -12.9053 -1.3868 13.5593 0.0000 -0.0000 0.0000 83.1469 -15.7289 49.4272 -17.4301 27.4213 -4.2835 0.0000 0.0000 15.2317 -13.1202 -50.2406 10.1583 7.1250 -0.0000 -0.0000 56.1717 -75.1069 -42.6369
8.3809 15.0380 41.6000 178.2470 -13.1604 178.9700 0.0000 0.0000 0.0000 -27.1200 -20.1848 -0.0337 2.5145 9.8643 28.5384 2.0347 -1.8014 -26.4943 2.7000 -10.1927 -29.6031 0.0000 0.0000 0.0000 22.1470 8.1313 -0.9248 -2.8876 -10.5109 30.6475 -2.2629 -15.4260 -37.2892 -0.1872 -2.7869 7.6861 0.7256 2.2457 5.2433 -0.9700 2.9789 -2.7915 -1.7138 1.4122 -5.7510 9.6646 14.2344 -3.5473 -5.0080 18.8582 7.7702 -1.8885 9.3868 4.2745 0.0000 0.0000 0.0000 -85.2191 12.0118 24.9251 18.9925 -29.4094 -5.0272 -0.0000 -0.0000 11.6658 14.0033 -32.6648 -7.6660 -7.1250 0.0000 -0.0000 -10.0687 -3.0191 10.7489 0.0000 0.0000 0.0000 85.0698 -15.5203 46.9203 -17.2016 27.1228 -4.1789 0.0000 0.0000 15.2802 -13.1778 -50.6162 10.2577 7.1250 -0.0000 -0.0000 57.4274 -75.2995 -43.9110
8.3913 15.0276 41.6092 177.9620 -13.3612 178.5760 0.0000 0.0000 0.0000 -27.5717 -20.1585 0.4890 2.5045 9.8462 28.4800 2.0276 -2.0308 -26.3889 2.5726 -9.9687 -28.8754 0.0000 0.0000 0.0000 21.8783 7.7197 -0.7830 -2.9442 -10.6041 30.9562 -2.2520 -15.5990 -37.3694 -0.1309 -2.3319 6.4238 0.3694 2.2848 5.5986 -0.9393 3.0175 -2.2950 -1.4886 1.4549 -5.4514 9.7141 14.3095 -3.7347 -5.2308 18.9541 7.2801 -1.9539 9.4269 4.1861 0.0000 0.0000 0.0000 -84.9580 11.9788 26.9219 19.9391 -30.5689 -5.5004 -0.0000 -0.0000 8.5373 14.8891 -32.9098 -8.2198 -7.1250 0.0000 -0.0000 -9.5994 -3.4089 10.2953 0.0000 0.0000 0.0000 84.5934 -15.0459 47.6779 -17.0913 26.9780 -4.1287 0.0000 0.0000 15.2530 -13.0694 -50.4450 10.1477 7.1250 -0.0000 -0.0000 56.9068 -75.1812 -43.3423
8.4083 15.0183 41.6189 178.1000 -13.4980 177.9920 0.0000 0.0000 0.0000 -27.3366 -19.3707 0.5501 2.5415 9.9130 28.6954 2.0302 -1.9867 -26.4176 2.9476 -10.6097 -30.9747 0.0000 0.0000 0.0000 22.0518 7.1580 -0.5064 -2.9761 -10.6562 31.1291 -2.3090 -15.1955 -37.3449 -0.2246 -3.0505 8.4194 0.4870 2.1886 6.3890 -0.8561 2.9105 -2.0441 -1.4864 1.4006 -5.6399 9.8137 14.4905 -3.6390 -5.2565 19.1995 7.1702 -1.9625 9.5519 4.1663 -0.0000 0.0000 0.0000 -84.5276 11.7959 28.3954 20.0191 -30.6654 -5.5411 -0.0000 -0.0000 8.3052 14.9342 -32.4137 -8.1364 -7.1250 0.0000 -0.0000 -9.5221 -2.9246 10.1337 -0.0000 0.0000 0.0000 83.9909 -14.6249 49.2355 -17.1153 27.0095 -4.1395 0.0000 0.0000 14.0805 -12.1960 -51.3681 9.5833 7.1250 -0.0000 -0.0000 60.6932 -75.2382 -46.6926
8.4277 15.0193 41.6179 178.1480 -13.8869 178.0870 0.0000 0.0000 0.0000 -27.2349 -19.8124 0.4658 2.5524 9.9325 28.7584 2.0243 -2.1476 -26.3384 2.9390 -10.5956 -30.9279 0.0000 0.0000 0.0000 22.1280 6.8166 -0.6967 -2.9517 -10.6165 30.9970 -2.2497 -15.4915 -37.2732 -0.1670 -2.6328 7.2579 0.2689 2.0504 6.3445 -0.7032 2.7172 -1.9830 -1.1811 1.3171 -5.5729 9.3661 14.5617 -4.0148 -4.6859 19.2517 7.5911 -1.6978 9.5817 4.2603 0.0000 -0.0000 0.0000 -84.7071 11.0441 28.4514 19.4365 -29.9575 -5.2470 -0.0000 -0.0000 9.7237 13.2346 -33.0353 -7.3062 -7.1250 0.0000 -0.0000 -10.5331 -3.2611 11.3036 0.0000 -0.0000 0.0000 83.1727 -14.2275 50.8356 -17.2201 27.1471 -4.1873 0.0000 0.0000 13.6536 -11.2774 -51.7928 8.9053 7.1250 -0.0000 -0.0000 62.7279 -75.0502 -48.2910
8.4382 15.0266 41.6065 178.5640 -14.0911 178.1070 0.0000 0.0000 0.0000 -26.6623 -19.8658 0.1591 2.6079 10.0316 29.0790 2.0597 -2.5914 -26.4708 3.0375 -10.7554 -31.4595 0.0000 0.0000 0.0000 22.7130 7.0451 -0.3143 -2.8342 -10.4216 30.3531 -2.2855 -15.3428 -37.3390 -0.2364 -3.1290 8.6380 0.8370 2.0620 6.4725 -0.6918 2.7824 -2.2263 -1.5064 1.3247 -5.8740 9.4000 14.4963 -4.2226 -4.3111 19.1246 8.6262 -1.5487 9.5257 4.5720 0.0000 -0.0000 0.0000 -84.7326 10.5029 28.3017 18.6805 -29.0197 -4.8749 -0.0000 -0.0000 11.6969 12.5450 -32.8683 -6.8859 -7.1250 0.0000 -0.0000 -10.9011 -2.9884 11.6633 0.0000 -0.0000 0.0000 83.0021 -14.4592 51.3439 -17.1808 27.0955 -4.1693 0.0000 0.0000 13.9519 -10.8002 -51.4166 8.4814 7.1250 -0.0000 -0.0000 61.6954 -74.7255 -47.0318
8.4400 15.0346 41.5911 178.7450 -14.0429 178.4520 0.0000 0.0000 0.0000 -26.4600 -20.4850 0.0083 2.6255 10.0625 29.1794 2.0983 -2.4693 -26.7549 2.7819 -10.3333 -30.0628 0.0000 0.0000 0.0000 22.9426 7.2290 -0.4836 -2.7752 -10.3219 30.0254 -2.1823 -15.9625 -37.3035 -0.1918 -2.8204 7.7790 1.0931 2.1642 6.0333 -0.5727 2.9412 -2.4818 -1.5307 1.3932 -5.8808 9.1479 14.4382 -3.8505 -4.4308 19.1076 8.8047 -1.5748 9.5067 4.5550 -0.0000 0.0000 0.0000 -85.6874 9.5588 25.5265 17.6750 -27.7390 -4.3969 -0.0000 -0.0000 15.0961 10.1289 -32.4807 -5.4800 -7.1250 0.0000 -0.0000 -12.2154 -2.2552 12.9806 -0.0000 0.0000 0.0000 82.8849 -14.8642 51.1295 -17.3443 27.3095 -4.2441 0.0000 0.0000 14.0555 -9.9399 -51.9655 7.8589 7.1250 -0.0000 -0.0000 64.0738 -74.6070 -49.0105
8.4446 15.0421 41.5865 178.7110 -13.8361 178.8680 0.0000 0.0000 0.0000 -26.6324 -21.5573 0.2051 2.6016 10.0204 29.0429 2.0677 -1.7357 -26.7319 2.4628 -9.7699 -28.2346 0.0000 0.0000 0.0000 22.9376 7.7397 -0.6773 -2.7437 -10.2681 29.8493 -2.1603 -15.9544 -37.1844 -0.2144 -2.9809 8.2257 1.3598 2.3290 6.1841 -0.7420 3.1701 -2.9047 -1.9008 1.4784 -6.3826 8.8214 14.5223 -3.8273 -3.9649 19.1993 9.0371 -1.3889 9.5615 4.5520 0.0000 0.0000 0.0000 -86.1785 9.1949 23.4796 17.8405 -27.9524 -4.4742 -0.0000 -0.0000 15.9223 9.3804 -33.2871 -5.1806 -7.1250 0.0000 -0.0000 -12.6878 -2.9394 13.6540 0.0000 0.0000 0.0000 83.3231 -15.2318 50.6066 -17.3483 27.3147 -4.2459 0.0000 0.0000 14.0752 -9.5690 -51.8643 7.5532 7.1250 -0.0000 -0.0000 63.9348 -74.4308 -48.6950
8.4444 15.0441 41.5648 178.9170 -13.5256 179.0320 0.0000 0.0000 0.0000 -26.4394 -21.7671 0.1960 2.6084 10.0324 29.0818 2.0969 -1.3136 -27.0377 2.4032 -9.6597 -27.8815 0.0000 0.0000 0.0000 23.2120 8.0613 -0.5333 -2.6919 -10.1787 29.5574 -2.1606 -15.9293 -37.1660 -0.2623 -3.2947 9.1002 1.7114 2.6047 6.0169 -0.7771 3.5620 -3.0807 -2.1738 1.6517 -6.4343 8.6042 14.4369 -3.6068 -4.0133 19.1141 8.7013 -1.4154 9.5168 4.3916 -0.0000 -0.0000 0.0000 -86.6575 9.2406 22.6196 19.0746 -29.5113 -5.0676 -0.0000 -0.0000 13.7946 10.1059 -31.8387 -5.3714 -7.1250 0.0000 -0.0000 -12.1833 -1.6245 12.8138 -0.0000 -0.0000 0.0000 83.7394 -15.3628 50.1914 -17.3415 27.3058 -4.2428 0.0000 0.0000 13.8633 -9.3037 -51.9971 7.3556 7.1250 -0.0000 -0.0000 64.5329 -74.3793 -49.1716
8.4234 15.0390 41.5364 179.0050 -12.9010 178.7700 0.0000 0.0000 0.0000 -26.8256 -22.1036 0.9593 2.6176 10.0487 29.1347 2.1678 -0.2377 -27.8173 2.3062 -9.4768 -27.2984 0.0000 0.0000 0.0000 23.1870 7.9910 -0.2185 -2.6857 -10.1681 29.5227 -2.1466 -15.7490 -36.9490 -0.1911 -2.8150 7.7640 2.3151 2.9525 5.7468 -0.9210 4.0677 -2.8553 -2.6878 1.8868 -5.9667 8.4709 14.2504 -3.3078 -4.3617 18.9107 7.7952 -1.5752 9.4107 4.0733 0.0000 -0.0000 0.0000 -86.8515 9.6332 22.3962 20.6072 -31.3670 -5.8442 -0.0000 -0.0000 10.8908 9.8059 -31.8254 -5.2076 -7.1250 0.0000 -0.0000 -12.3508 -1.5708 12.9870 0.0000 -0.0000 0.0000 84.0671 -15.4224 49.6008 -17.5000 27.5122 -4.3158 0.0000 0.0000 14.3211 -8.7006 -52.4176 6.9147 7.1250 -0.0000 -0.0000 66.2828 -74.2989 -50.6528
8.4491 15.0326 41.5170 178.5010 -13.2223 178.7190 0.0000 0.0000 0.0000 -27.4608 -22.4273 1.5017 2.5560 9.9390 28.7793 2.1450 0.2513 -27.8268 2.5884 -9.9969 -28.9666 0.0000 0.0000 0.0000 22.8318 7.9991 -0.1760 -2.7651 -10.3047 29.9690 -2.2036 -15.6020 -37.1246 -0.2705 -3.3455 9.2423 1.2630 2.9799 5.6880 -0.9546 4.0133 -2.7324 -2.1233 1.9037 -5.8745 8.3720 14.2183 -3.3079 -4.3631 18.8699 7.5719 -1.5764 9.3901 3.9929 0.0000 0.0000 0.0000 -86.7295 9.9693 22.5769 21.5136 -32.4230 -6.3231 -0.0000 -0.0000 8.0966 10.4395 -32.3351 -5.6282 -7.1250 0.0000 -0.0000 -12.0315 -2.1559 12.7561 0.0000 0.0000 0.0000 84.0605 -15.2352 49.5742 -17.5216 27.5403 -4.3258 0.0000 0.0000 14.5261 -8.0572 -52.9575 6.4465 7.1250 -0.0000 -0.0000 68.4433 -74.2306 -52.5381
8.4733 15.0329 41.5053 178.2380 -13.8625 178.5870 0.0000 0.0000 0.0000 -27.6617 -22.3140 1.7869 2.4986 9.8353 28.4449 2.0772 0.2398 -27.3784 3.0983 -10.8525 -31.7839 0.0000 0.0000 0.0000 22.7356 7.6784 -0.0879 -2.8179 -10.3943 30.2633 -2.3131 -15.8730 -37.8924 -0.2884 -3.4538 9.5449 0.5403 2.8781 5.8702 -0.9278 3.8195 -2.6920 -1.6832 1.8349 -5.9929 8.4102 14.2095 -3.4759 -4.3409 18.8488 7.9271 -1.5488 9.3755 4.1292 0.0000 0.0000 0.0000 -86.5830 10.7568 22.8371 22.3831 -33.4073 -6.7956 -0.0000 -0.0000 6.9312 10.1757 -31.7334 -5.3931 -7.1250 0.0000 -0.0000 -12.1368 -1.5311 12.7432 0.0000 0.0000 0.0000 83.9827 -15.0664 49.7447 -17.2491 27.1850 -4.2005 0.0000 0.0000 15.1840 -9.3521 -52.1507 7.4094 7.1250 -0.0000 -0.0000 65.0287 -74.4516 -49.6941
8.4854 15.0311 41.4961 178.5410 -14.3895 178.3810 0.0000 0.0000 0.0000 -27.2703 -22.2551 1.7355 2.5316 9.8952 28.6380 2.0746 -0.3318 -27.1775 2.9736 -10.6521 -31.1154 0.0000 0.0000 0.0000 23.1544 7.2824 0.1345 -2.7835 -10.3361 30.0720 -2.2753 -15.9610 -37.7723 -0.2897 -3.4614 9.5661 0.4623 2.7311 5.8765 -0.6533 3.6348 -2.6867 -1.3356 1.7534 -6.0190 8.3090 14.3418 -3.7436 -4.1089 19.0089 8.8078 -1.4004 9.4475 4.4217 0.0000 -0.0000 0.0000 -86.7218 10.8026 22.1017 21.7896 -32.7384 -6.4717 -0.0000 -0.0000 8.1325 10.4873 -32.5648 -5.6900 -7.1250 0.0000 -0.0000 -12.0218 -2.3874 12.7924 0.0000 -0.0000 0.0000 83.6442 -14.7927 49.7432 -17.1756 27.0888 -4.1670 0.0000 0.0000 14.7789 -9.3333 -52.1087 7.3902 7.1250 -0.0000 -0.0000 64.8957 -74.4299 -49.5513
8.5230 15.0478 41.5152 178.4170 -15.6609 179.2440 0.0000 0.0000 0.0000 -26.6143 -22.4145 0.4101 2.5171 9.8690 28.5535 1.9912 -1.9887 -26.1541 2.8500 -10.4482 -30.4407 0.0000 0.0000 0.0000 23.1372 7.0950 -0.7555 -2.7665 -10.3071 29.9771 -2.2995 -16.2248 -38.1024 -0.3650 -3.8808 10.7416 -0.2171 2.4058 5.7067 -0.6123 3.1307 -3.1678 -0.8663 1.5230 -6.4800 8.3653 14.3746 -3.4967 -4.0550 19.0608 8.9773 -1.3997 9.4783 4.4379 0.0000 -0.0000 0.0000 -86.4582 10.7027 21.6793 20.6674 -31.4380 -5.8755 -0.0000 -0.0000 10.1145 10.2178 -32.3946 -5.5158 -7.1250 0.0000 -0.0000 -12.1596 -2.1834 12.9038 0.0000 -0.0000 0.0000 83.5316 -14.6710 49.4102 -17.1724 27.0845 -4.1655 0.0000 0.0000 15.2250 -9.5898 -51.1308 7.4939 7.1250 -0.0000 -0.0000 61.4793 -74.1558 -46.2323
8.5319 15.0476 41.4936 178.2220 -16.3483 179.3700 0.0000 0.0000 0.0000 -26.7942 -22.6475 0.4410 2.5186 9.8716 28.5620 1.9834 -1.8119 -26.1463 3.0962 -10.8491 -31.7727 0.0000 0.0000 0.0000 23.0591 6.9158 -0.6542 -2.7531 -10.2842 29.9021 -2.4111 -16.3411 -38.7428 -0.3801 -3.9593 10.9622 -0.8321 2.2294 5.3494 -0.5239 2.8465 -3.2331 -0.3855 1.4106 -6.3819 8.3722 14.3947 -3.3666 -3.9605 19.0886 9.1883 -1.3730 9.4955 4.4754 0.0000 0.0000 0.0000 -86.5952 10.4848 20.2355 19.4238 -29.9419 -5.2407 -0.0000 -0.0000 13.0169 9.3028 -32.6359 -5.0484 -7.1250 0.0000 -0.0000 -12.6856 -2.2945 13.5137 0.0000 0.0000 0.0000 83.3277 -14.6741 48.9839 -17.4179 27.4054 -4.2779 0.0000 0.0000 14.7608 -7.9252 -51.7738 6.2411 7.1250 -0.0000 -0.0000 64.5735 -73.7849 -48.5534
8.5311 15.0447 41.4861 178.5480 -16.6190 179.3240 0.0000 0.0000 0.0000 -26.4269 -22.8361 0.2658 2.5767 9.9760 28.8992 2.0081 -2.2441 -26.2058 3.0402 -10.7599 -31.4743 0.0000 0.0000 0.0000 23.4193 6.7180 -0.5997 -2.7104 -10.2108 29.6622 -2.3572 -16.5630 -38.6547 -0.3927 -4.0236 11.1430 -0.5157 2.1644 5.2455 -0.5333 2.7815 -3.3485 -0.5633 1.3630 -6.4278 8.4646 14.4068 -3.2021 -3.7175 19.0825 9.1629 -1.3307 9.5099 4.4257 0.0000 -0.0000 0.0000 -86.6837 10.4118 18.6207 18.5236 -28.8224 -4.7990 -0.0000 -0.0000 15.5324 9.5050 -31.7625 -5.0368 -7.1250 0.0000 -0.0000 -12.5156 -1.4695 13.1470 0.0000 -0.0000 0.0000 83.7005 -14.3112 48.0843 -17.3714 27.3448 -4.2565 0.0000 0.0000 15.0169 -7.9068 -51.6700 6.2176 7.1250 -0.0000 -0.0000 64.2492 -73.7396 -48.2154
8.5045 15.0272 41.4485 178.5910 -15.9303 178.4750 0.0000 0.0000 0.0000 -27.1533 -22.8999 1.7135 2.5864 9.9933 28.9550 2.0964 -1.1694 -27.0742 3.0223 -10.7311 -31.3783 0.0000 0.0000 0.0000 23.4336 6.5767 0.4008 -2.7123 -10.2141 29.6729 -2.3919 -16.0984 -38.4595 -0.4174 -4.1471 11.4909 -0.1704 2.4687 5.2232 -0.6788 3.2174 -3.0507 -0.9432 1.5658 -6.0713 8.7132 14.3407 -3.1973 -3.6764 18.9731 9.3536 -1.3509 9.4638 4.4972 0.0000 0.0000 0.0000 -86.5450 10.5931 17.4331 18.0797 -28.2591 -4.5869 -0.0000 -0.0000 16.3932 8.6956 -32.3281 -4.6758 -7.1250 0.0000 -0.0000 -13.0035 -1.9150 13.7861 0.0000 0.0000 0.0000 84.1170 -14.3922 47.7007 -17.4603 27.4606 -4.2975 0.0000 0.0000 14.9582 -9.7531 -50.7686 7.5839 7.1250 -0.0000 -0.0000 60.1983 -74.0663 -45.0223
8.5096 15.0277 41.4505 178.5670 -16.1646 178.6050 0.0000 0.0000 0.0000 -27.0428 -22.8934 1.4729 2.5880 9.9962 28.9643 2.0744 -1.3668 -26.8739 3.1306 -10.9035 -31.9552 0.0000 0.0000 0.0000 23.4728 6.6167 0.3493 -2.7021 -10.1965 29.6154 -2.3713 -16.4943 -38.6695 -0.3776 -3.9465 10.9262 -0.2963 2.4986 5.2351 -0.7379 3.2376 -3.2166 -0.9423 1.5758 -6.2568 8.2135 14.1569 -3.6385 -2.9758 18.6574 9.7830 -1.0687 9.3166 4.5685 0.0000 -0.0000 0.0000 -86.5794 11.0776 17.2975 18.3291 -28.5765 -4.7056 -0.0000 -0.0000 15.4597 8.6951 -32.3468 -4.6779 -7.1250 0.0000 -0.0000 -13.0049 -1.9331 13.7917 0.0000 -0.0000 0.0000 84.3401 -14.3408 46.9400 -18.1778 28.3843 -4.6335 0.0000 0.0000 12.1571 -8.9318 -51.4912 7.0112 7.1250 -0.0000 -0.0000 63.0612 -74.0525 -47.5088
8.5070 15.0317 41.4517 178.5150 -16.2120 178.6700 0.0000 0.0000 0.0000 -27.1354 -23.0475 1.5712 2.5708 9.9655 28.8650 2.0642 -1.1505 -26.8661 3.1628 -10.9541 -32.1252 0.0000 0.0000 0.0000 23.4143 6.5940 0.3588 -2.6932 -10.1810 29.5650 -2.3727 -16.4082 -38.6081 -0.4517 -4.3119 11.9558 -0.3439 2.5721 5.2529 -0.8787 3.3154 -3.3921 -1.0769 1.6082 -6.4463 7.9643 13.8089 -4.1936 -2.2989 18.0930 10.6601 -0.8161 9.0503 4.8148 -0.0000 0.0000 0.0000 -86.4471 11.6329 17.5255 18.7454 -29.1011 -4.9064 -0.0000 -0.0000 14.1480 8.7877 -31.8282 -4.6608 -7.1250 0.0000 -0.0000 -12.9219 -1.4401 13.5895 -0.0000 0.0000 0.0000 84.5623 -14.4478 47.1720 -17.9220 28.0572 -4.5125 0.0000 0.0000 14.3612 -9.4699 -50.9290 7.3787 7.1250 -0.0000 -0.0000 60.8991 -74.0280 -45.5894
8.5021 15.0312 41.4555 179.1170 -16.0527 178.4280 0.0000 0.0000 0.0000 -26.3735 -22.6192 1.1392 2.6641 10.1304 29.4001 2.1098 -1.7399 -27.0093 2.9881 -10.6757 -31.1939 0.0000 0.0000 0.0000 24.0378 6.5954 0.7371 -2.5932 -10.0055 28.9944 -2.2005 -16.7146 -38.0039 -0.3392 -3.7425 10.3534 0.3249 2.7753 5.4499 -1.0194 3.6253 -3.6686 -1.6497 1.7195 -6.7981 7.9902 12.9983 -4.6578 -1.6000 16.8623 11.7721 -0.6459 8.4701 5.1184 0.0000 -0.0000 0.0000 -86.2733 11.9276 16.2979 18.8822 -29.2720 -4.9731 -0.0000 -0.0000 13.9718 8.7623 -32.5475 -4.7404 -7.1250 0.0000 -0.0000 -12.9800 -2.1372 13.8091 0.0000 -0.0000 0.0000 85.2536 -14.5191 46.3043 -17.7533 27.8402 -4.4334 0.0000 0.0000 15.0856 -9.0959 -50.0119 6.9933 7.1250 -0.0000 -0.0000 58.2786 -73.4860 -42.7601
8.4982 15.0300 41.4618 179.0060 -16.0123 178.5220 0.0000 0.0000 0.0000 -26.3438 -22.2142 0.8247 2.6710 10.1424 29.4393 2.1176 -2.1149 -26.9661 2.9229 -10.5691 -30.8400 0.0000 0.0000 0.0000 23.8925 6.6389 0.6505 -2.6024 -10.0217 29.0471 -2.1689 -16.8704 -37.9737 -0.3046 -3.5482 9.8090 -0.1062 2.6273 5.4299 -0.8227 3.3843 -4.0995 -1.1915 1.6136 -7.2896 6.3099 12.0585 -4.5281 0.0078 15.5160 12.6617 -0.0451 7.8182 5.0484 -0.0000 -0.0000 0.0000 -87.3351 13.0763 13.9690 19.1415 -29.5941 -5.1005 -0.0000 -0.0000 14.4142 9.3485 -32.7645 -5.0912 -7.1250 0.0000 -0.0000 -12.6690 -2.4259 13.5233 -0.0000 -0.0000 0.0000 84.7582 -14.5739 46.1842 -18.1090 28.2965 -4.6008 0.0000 0.0000 12.1975 -8.3722 -50.9890 6.5238 7.1250 -0.0000 -0.0000 61.7934 -73.6448 -45.9539
8.4831 15.0309 41.4638 179.0300 -16.0126 178.4250 0.0000 0.0000 0.0000 -26.3122 -21.8570 0.7200 2.6690 10.1388 29.4275 2.0938 -2.3319 -26.7575 3.1351 -10.9106 -31.9789 0.0000 0.0000 0.0000 23.8068 6.5440 0.6656 -2.6093 -10.0340 29.0869 -2.2681 -16.3722 -38.0636 -0.3783 -3.9500 10.9361 -0.3368 2.4006 5.2657 -0.6128 3.0720 -4.1578 -0.8014 1.4767 -7.2856 5.2207 10.5258 -5.5006 0.0623 13.4598 13.8427 0.0673 6.7433 5.4325 -0.0000 0.0000 0.0000 -87.8311 13.3792 13.0106 19.2357 -29.7105 -5.1472 -0.0000 -0.0000 13.4745 8.6371 -32.6603 -4.6862 -7.1250 0.0000 -0.0000 -13.0566 -2.2307 13.9158 -0.0000 0.0000 0.0000 84.2579 -14.2091 46.0055 -18.1811 28.3885 -4.6350 0.0000 0.0000 12.6082 -8.7508 -49.7451 6.7001 7.1250 -0.0000 -0.0000 57.7244 -73.2341 -42.0250
8.4629 15.0210 41.4640 179.0940 -15.6810 178.1280 0.0000 0.0000 0.0000 -26.5114 -21.7238 1.0774 2.6836 10.1643 29.5105 2.1228 -1.8801 -27.0590 3.1740 -10.9715 -32.1838 0.0000 0.0000 0.0000 23.7854 6.6144 0.9897 -2.5921 -10.0035 28.9879 -2.1049 -16.6718 -37.4881 -0.2459 -3.1912 8.8115 -0.5070 2.3411 5.2149 -0.5633 2.9837 -4.0925 -0.6407 1.4449 -7.1986 3.0144 8.7055 -6.6705 1.7420 10.9346 14.5250 0.7894 5.5001 5.5501 -0.0000 0.0000 0.0000 -88.0505 13.5447 11.9563 19.0902 -29.5305 -5.0752 -0.0000 -0.0000 14.0913 8.6027 -32.5142 -4.6489 -7.1250 0.0000 -0.0000 -13.0666 -2.0841 13.8944 -0.0000 0.0000 0.0000 84.2600 -13.6600 45.1965 -18.4530 28.7333 -4.7650 0.0000 0.0000 12.1756 -7.8125 -50.7520 6.0651 7.1250 -0.0000 -0.0000 61.4184 -73.3397 -45.2960
8.4352 15.0279 41.4689 179.1250 -15.0239 178.0050 0.0000 0.0000 0.0000 -26.7610 -21.7808 1.5225 2.6533 10.1114 29.3381 2.1679 -1.7069 -27.3974 2.6965 -10.1867 -29.5833 0.0000 0.0000 0.0000 23.6700 6.7951 1.0119 -2.6286 -10.0680 29.1972 -2.0664 -16.5263 -37.1713 -0.1524 -2.5156 6.9329 -0.6700 2.2704 5.0484 -0.5039 2.8757 -4.1449 -0.4693 1.4001 -7.1700 1.4930 6.8700 -6.1388 2.2489 8.5781 13.6592 0.9711 4.3073 5.0809 0.0000 -0.0000 0.0000 -87.8541 13.5772 12.0205 18.6411 -28.9703 -4.8558 -0.0000 -0.0000 14.3819 8.6660 -32.4310 -4.6728 -7.1250 0.0000 -0.0000 -13.0263 -2.0113 13.8330 0.0000 -0.0000 0.0000 84.0198 -13.1975 44.8110 -18.5559 28.8631 -4.8146 0.0000 0.0000 12.1168 -7.8254 -50.2161 6.0289 7.1250 -0.0000 -0.0000 59.7862 -73.1117 -43.6447
8.4053 15.0288 41.4728 179.0110 -14.3931 177.8540 0.0000 0.0000 0.0000 -26.9845 -21.0648 1.6489 2.6044 10.0253 29.0588 2.1384 -1.2753 -27.3210 2.8987 -10.5293 -30.7083 0.0000 0.0000 0.0000 23.5401 7.4656 1.3430 -2.6601 -10.1234 29.3773 -2.0959 -16.2298 -37.0782 -0.1968 -2.8564 7.8791 -0.9285 2.1936 4.9395 -0.5470 2.7440 -4.1963 -0.3520 1.3451 -7.1724 -0.7036 4.8681 -6.1969 3.4595 5.9502 13.3937 1.5276 2.9862 4.9074 0.0000 0.0000 0.0000 -87.7952 14.0610 11.3163 18.5950 -28.9124 -4.8335 -0.0000 -0.0000 16.0440 8.7741 -32.8423 -4.7848 -7.1250 0.0000 -0.0000 -12.9924 -2.4256 13.8866 0.0000 0.0000 0.0000 84.0177 -13.0691 43.9559 -18.6868 29.0277 -4.8780 0.0000 0.0000 13.1546 -4.0599 -53.1240 3.2496 7.1250 -0.0000 -0.0000 70.9368 -72.8188 -53.2115
8.3664 15.0279 41.4813 179.3090 -13.6028 177.3670 0.0000 0.0000 0.0000 -27.0205 -20.7125 2.1521 2.6061 10.0283 29.0686 2.1645 -0.9215 -27.5906 2.7331 -10.2499 -29.7899 0.0000 0.0000 0.0000 23.7502 7.6789 1.9046 -2.6301 -10.0708 29.2063 -2.0575 -16.1250 -36.7939 -0.1704 -2.6593 7.3316 -0.5704 2.0605 5.1749 -0.5762 2.5947 -4.1700 -0.5746 1.2535 -7.2617 -3.4551 3.1497 -5.3634 5.8158 3.6500 12.1356 2.5331 1.8629 4.3231 -0.0000 -0.0000 0.0000 -87.2000 14.4488 12.6665 18.4885 -28.7781 -4.7821 -0.0000 -0.0000 14.9618 10.0195 -32.3513 -5.4008 -7.1250 0.0000 -0.0000 -12.2671 -2.1138 13.0088 -0.0000 -0.0000 0.0000 84.0037 -12.5004 43.7332 -18.6302 28.9566 -4.8505 0.0000 0.0000 12.5902 -6.6424 -51.3651 5.1977 7.1250 -0.0000 -0.0000 64.0482 -73.1585 -47.3927
8.3108 15.0323 41.4997 179.2550 -11.6030 177.3940 0.0000 0.0000 0.0000 -27.3696 -20.1280 2.1102 2.5985 10.0148 29.0246 2.2061 0.2823 -28.2322 2.5732 -9.9698 -28.8790 0.0000 0.0000 0.0000 23.2386 8.4728 1.6299 -2.6700 -10.1406 29.4334 -1.9016 -15.7156 -35.6305 -0.0764 -1.7826 4.9053 -0.3652 2.3181 5.0336 -0.7690 2.9330 -4.3203 -0.9264 1.3984 -7.3187 -4.0247 1.1238 -5.8801 5.4074 0.9979 12.5524 2.3803 0.5113 4.6662 -0.0000 0.0000 0.0000 -87.0695 14.8312 12.1431 18.6702 -29.0068 -4.8699 -0.0000 -0.0000 15.2219 9.4982 -32.0529 -5.0741 -7.1250 0.0000 -0.0000 -12.5381 -1.7519 13.2327 -0.0000 0.0000 0.0000 84.0488 -12.1510 43.5705 -18.5592 28.8672 -4.8162 0.0000 0.0000 13.0357 -7.3947 -50.6777 5.7332 7.1250 -0.0000 -0.0000 61.4677 -73.1551 -45.1371
8.2835 15.0294 41.5319 179.6830 -10.3451 177.1970 0.0000 0.0000 0.0000 -26.9160 -19.3893 1.9328 2.6284 10.0677 29.1963 2.2356 0.6745 -28.5531 2.4816 -9.8043 -28.3453 0.0000 0.0000 0.0000 23.5530 8.8505 1.6156 -2.6861 -10.1687 29.5248 -1.7848 -15.5156 -34.8235 -0.0224 -0.9663 2.6561 -0.5763 2.2072 5.3324 -0.4403 2.7815 -4.4885 -0.4653 1.3407 -7.7016 -6.0081 -0.3374 -5.2285 6.7109 -0.9404 11.7947 2.9996 -0.4656 4.4297 -0.0000 -0.0000 0.0000 -87.5063 15.1073 11.3397 18.8572 -29.2409 -4.9609 -0.0000 -0.0000 15.3751 8.5809 -32.1457 -4.5903 -7.1250 0.0000 -0.0000 -13.0564 -1.7228 13.8022 -0.0000 -0.0000 0.0000 83.2332 -11.9139 44.7255 -18.6096 28.9307 -4.8405 0.0000 0.0000 12.5024 -8.1376 -50.3767 6.2852 7.1250 -0.0000 -0.0000 60.0548 -73.2975 -44.0750
8.2320 15.0291 41.5714 179.2930 -8.9732 177.0470 0.0000 0.0000 0.0000 -27.6862 -19.0343 2.2520 2.5730 9.9694 28.8778 2.2483 1.5197 -28.9376 2.2956 -9.4565 -27.2340 0.0000 0.0000 0.0000 22.8071 9.4308 1.4667 -2.7590 -10.2943 29.9352 -1.7939 -14.9784 -34.4224 -0.0149 -0.7891 2.1688 -1.1472 2.1217 5.4474 -0.4886 2.6225 -4.2621 -0.1774 1.2960 -7.5509 -7.2939 -1.6238 -5.4739 7.8616 -2.6319 11.1261 3.4741 -1.2761 4.4089 0.0000 -0.0000 0.0000 -87.5902 14.7706 11.5623 18.9076 -29.3036 -4.9855 -0.0000 -0.0000 14.7037 8.2565 -32.1433 -4.4147 -7.1250 0.0000 -0.0000 -13.2371 -1.6793 13.9939 0.0000 -0.0000 0.0000 82.7160 -10.9608 45.7116 -18.5541 28.8608 -4.8137 0.0000 0.0000 11.9044 -5.2671 -53.1701 4.2201 7.1250 -0.0000 -0.0000 70.4894 -73.2691 -53.3210
8.1766 15.0299 41.5884 179.7080 -7.2239 176.9070 0.0000 0.0000 0.0000 -27.6516 -18.8022 2.4906 2.5737 9.9707 28.8819 2.3156 2.6742 -29.8121 1.9500 -8.7612 -25.0510 0.0000 0.0000 0.0000 22.9869 10.2390 1.5182 -2.7517 -10.2818 29.8943 -1.6684 -14.8615 -33.6090 -0.0005 -0.1456 0.4000 -0.7429 2.4389 5.3719 -0.7494 3.0495 -4.4869 -0.7297 1.4690 -7.7152 -7.3071 -2.8916 -4.4079 8.6808 -4.5176 10.4377 3.6295 -2.2062 4.1860 0.0000 0.0000 0.0000 -86.7057 15.0300 12.6566 18.8309 -29.2080 -4.9481 -0.0000 -0.0000 15.0515 9.5572 -32.4508 -5.1623 -7.1250 0.0000 -0.0000 -12.5317 -2.1480 13.3104 0.0000 0.0000 0.0000 83.1487 -11.2605 45.9573 -18.4202 28.6919 -4.7493 0.0000 0.0000 11.7916 -7.6845 -51.5013 6.0280 7.1250 -0.0000 -0.0000 63.8414 -73.5937 -47.6936
8.1225 15.0270 41.6170 179.9850 -6.0990 176.7120 0.0000 0.0000 0.0000 -27.4374 -17.8945 2.2811 2.5900 9.9997 28.9757 2.3500 2.7401 -30.0518 1.8164 -8.4727 -24.1594 0.0000 0.0000 0.0000 23.0598 10.7443 1.6311 -2.7405 -10.2626 29.8315 -1.6169 -14.5761 -33.0660 -0.0033 -0.3721 1.0223 -0.5573 2.5424 5.3673 -1.1010 3.1681 -4.5818 -1.2179 1.5008 -7.7835 -6.5029 -3.8171 -3.7441 9.0930 -5.9242 9.8210 3.5536 -2.8898 3.9937 -0.0000 0.0000 0.0000 -85.5374 14.9972 14.3684 18.6219 -28.9462 -4.8465 -0.0000 -0.0000 15.8845 10.6311 -32.9373 -5.8275 -7.1250 0.0000 -0.0000 -11.9703 -2.7721 12.8127 -0.0000 0.0000 0.0000 84.8572 -11.3050 42.3518 -17.9378 28.0775 -4.5199 0.0000 0.0000 14.5667 -7.2201 -50.6338 5.5938 7.1250 -0.0000 -0.0000 61.4506 -73.0725 -45.0320
8.0614 15.0212 41.6470 179.9390 -4.4219 176.4830 0.0000 0.0000 0.0000 -27.9241 -17.4847 2.7318 2.5509 9.9298 28.7497 2.3907 3.4952 -30.6200 1.6294 -8.0472 -22.8577 0.0000 0.0000 0.0000 22.7056 11.4533 1.6002 -2.7903 -10.3476 30.1097 -1.5970 -13.8435 -32.3282 -0.0005 -0.1377 0.3782 -1.0915 2.1912 5.2539 -0.4162 2.7175 -4.3573 -0.1382 1.3380 -7.5422 -8.8311 -3.8048 -3.7536 10.2087 -5.7819 9.3277 4.2951 -2.8417 3.9310 -0.0000 0.0000 0.0000 -87.0676 14.6512 13.8623 18.6479 -28.9788 -4.8591 -0.0000 -0.0000 15.8779 10.8269 -32.8941 -5.9297 -7.1250 0.0000 -0.0000 -11.8583 -2.7577 12.6847 -0.0000 0.0000 0.0000 83.2376 -10.8367 44.1682 -17.8594 27.9768 -4.4831 0.0000 0.0000 14.1297 -5.9494 -51.6403 4.6716 7.1250 -0.0000 -0.0000 65.3139 -73.0102 -48.3449
7.9936 15.0176 41.6726 180.0770 -3.6222 176.3440 0.0000 0.0000 0.0000 -27.9516 -16.9196 2.6254 2.5327 9.8971 28.6441 2.3710 3.6739 -30.5787 1.5728 -7.9129 -22.4500 0.0000 0.0000 0.0000 22.5119 11.5651 1.5025 -2.8006 -10.3651 30.1672 -1.5715 -13.6355 -31.9995 -0.0015 -0.2506 0.6887 -1.0602 2.0374 5.1146 -0.4722 2.5131 -4.2883 -0.1831 1.2348 -7.3810 -8.8881 -4.2964 -3.2085 10.5827 -6.4606 8.4769 4.3935 -3.1853 3.6654 0.0000 -0.0000 0.0000 -86.6021 14.5391 15.9187 18.9344 -29.3371 -4.9987 -0.0000 -0.0000 15.4590 11.0950 -33.1384 -6.1188 -7.1250 0.0000 -0.0000 -11.7292 -3.0357 12.5952 0.0000 -0.0000 0.0000 83.3422 -10.9946 44.1400 -17.9273 28.0640 -4.5150 0.0000 0.0000 13.7713 -6.6840 -52.2777 5.2959 7.1250 -0.0000 -0.0000 66.8947 -73.5056 -50.3169
7.9171 15.0128 41.7108 179.8630 -2.2635 176.2010 0.0000 0.0000 0.0000 -28.5353 -16.4825 2.7158 2.4860 9.8124 28.3714 2.2985 4.7620 -30.6407 1.6833 -8.1728 -23.2400 0.0000 0.0000 0.0000 21.8153 11.8405 1.1103 -2.8742 -10.4885 30.5736 -1.5965 -12.6837 -31.3714 -0.0020 0.2923 -0.8032 -1.5041 1.8315 5.4127 -0.3802 2.1893 -4.4639 0.1853 1.0988 -7.7627 -8.9506 -4.2321 -3.0321 10.4513 -6.3604 8.3712 4.3727 -3.1483 3.5920 0.0000 -0.0000 0.0000 -86.8322 14.8706 17.4044 17.9311 -28.0689 -4.5168 -0.0000 -0.0000 21.4578 25.8640 -35.5912 -15.7565 -7.1250 0.0000 -0.0000 -3.9921 -8.4346 4.5448 0.0000 -0.0000 0.0000 83.1683 -11.3926 44.5795 -17.7187 27.7955 -4.4173 0.0000 0.0000 14.1349 -7.7471 -51.3569 6.0653 7.1250 -0.0000 -0.0000 63.3455 -73.5611 -47.2206
7.8437 14.9975 41.7364 180.1230 -1.5578 175.5600 0.0000 0.0000 0.0000 -28.6692 -15.9711 3.2918 2.4979 9.8342 28.4414 2.4621 4.1727 -31.3494 0.9917 -6.3381 -17.7685 0.0000 0.0000 0.0000 22.1395 12.3855 1.8580 -2.8861 -10.5084 30.6392 -1.4864 -13.4195 -31.2919 -0.0208 0.9321 -2.5621 -1.4439 1.6446 5.5621 -0.3104 1.9668 -4.1796 0.2522 0.9946 -7.5403 -8.8063 -4.3586 -2.5223 10.4745 -6.4909 7.4555 4.3638 -3.2220 3.2436 -0.0000 -0.0000 0.0000 -85.9779 14.4712 20.9780 19.4606 -29.9870 -5.2591 -0.0000 -0.0000 14.6702 2.5869 -24.4463 -1.0712 -7.1250 0.0000 -0.0000 -16.3663 6.3145 15.1123 -0.0000 -0.0000 0.0000 83.3247 -11.6062 44.3629 -17.6267 27.6766 -4.3745 0.0000 0.0000 14.3180 -8.6084 -50.2441 6.6384 7.1250 -0.0000 -0.0000 59.3272 -73.4119 -43.5748
7.7667 14.9820 41.7634 179.7680 0.4521 175.2420 0.0000 0.0000 0.0000 -29.3566 -14.9536 3.3599 2.4596 9.7640 28.2160 2.5114 4.7160 -31.8907 0.7380 -5.4880 -15.3059 0.0000 0.0000 0.0000 21.2661 12.9328 1.3207 -3.0268 -10.7383 31.4023 -1.5010 -12.3954 -30.5343 -0.0744 1.7591 -4.8404 -1.8138 1.7122 5.5948 -0.4470 2.2048 -4.2411 0.2739 1.2068 -7.6376 -8.6680 -4.1746 -2.2005 10.5158 -6.2917 7.4358 4.3714 -3.1354 3.1604 0.0000 0.0000 0.0000 -85.8829 14.0483 21.9108 19.2421 -29.7184 -5.1503 -0.0000 -0.0000 15.3202 10.1877 -32.6332 -5.5351 -7.1250 0.0000 -0.0000 -12.1937 -2.4124 12.9890 0.0000 0.0000 0.0000 83.7391 -12.1517 43.8294 -17.4818 27.4886 -4.3074 0.0000 0.0000 15.3633 -7.3512 -50.5153 5.6862 7.1250 -0.0000 -0.0000 61.0067 -73.0698 -44.6461
7.6844 14.9741 41.7867 179.5470 1.5753 175.0420 0.0000 0.0000 0.0000 -29.9299 -14.4033 3.5164 2.4073 9.6673 27.9059 2.5007 5.4621 -32.1863 0.6738 -5.2491 -14.6204 0.0000 0.0000 0.0000 20.5097 12.9710 0.8623 -3.1329 -10.9071 31.9674 -1.5919 -11.1509 -30.1380 -0.0570 1.5409 -4.2386 -2.1237 1.7001 5.3229 -0.5180 2.1659 -4.2077 0.3874 1.2023 -7.4527 -8.3318 -3.9396 -2.1809 10.1755 -5.9746 7.5775 4.2263 -2.9809 3.1483 0.0000 -0.0000 0.0000 -85.5878 13.8314 24.5368 19.3171 -29.8107 -5.1875 -0.0000 -0.0000 15.5288 1.6992 -25.8158 -0.7401 -7.1250 0.0000 -0.0000 -16.8665 5.0656 16.0378 0.0000 -0.0000 0.0000 84.0079 -12.8857 43.2756 -17.5979 27.6392 -4.3611 0.0000 0.0000 15.4738 -7.4113 -50.2123 5.7080 7.1250 -0.0000 -0.0000 60.0624 -72.9587 -43.7152
7.6011 14.9741 41.8158 179.6610 2.5043 174.9010 0.0000 0.0000 0.0000 -30.0679 -13.8789 3.5628 2.3634 9.5852 27.6437 2.4832 5.7618 -32.2339 0.6422 -5.1266 -14.2700 0.0000 0.0000 0.0000 20.2929 13.3385 0.6431 -3.1980 -11.0089 32.3098 -1.6396 -10.5448 -29.9919 -0.0499 1.4420 -3.9658 -2.3424 1.5070 5.0915 -0.2569 1.9142 -4.2880 0.8181 1.1000 -7.4150 -8.4306 -3.6290 -1.5622 9.9634 -5.5595 7.3929 4.2099 -2.8026 2.9476 -0.0000 0.0000 0.0000 -86.0648 13.6589 25.7467 19.2418 -29.7180 -5.1502 -0.0000 -0.0000 15.8371 8.7565 -32.2768 -4.7022 -7.1250 0.0000 -0.0000 -12.9664 -1.8730 13.7354 -0.0000 0.0000 0.0000 83.6420 -13.6383 43.5924 -17.6200 27.6678 -4.3713 0.0000 0.0000 15.0432 -7.1267 -50.6389 5.5216 7.1250 -0.0000 -0.0000 61.5281 -73.0406 -45.0640
7.5263 14.9610 41.8362 179.3520 2.6290 174.5310 0.0000 0.0000 0.0000 -30.7570 -13.6614 4.0215 2.3121 9.4879 27.3337 2.4580 5.7585 -32.0849 0.5792 -4.8732 -13.5473 0.0000 0.0000 0.0000 19.7125 13.2765 0.5690 -3.2991 -11.1641 32.8354 -1.5849 -10.5981 -29.6751 -0.0767 1.7861 -4.9149 -2.6545 1.2294 5.0359 -0.5064 1.5070 -4.3068 0.7796 0.9118 -7.3906 -8.1249 -3.3686 -1.3271 9.9389 -5.2574 7.4600 4.1690 -2.6599 2.8906 -0.0000 0.0000 0.0000 -85.8120 13.6830 27.3682 19.4938 -30.0276 -5.2757 -0.0000 -0.0000 15.4192 7.6395 -32.9055 -4.1676 -7.1250 0.0000 -0.0000 -13.6231 -2.3423 14.5802 -0.0000 0.0000 0.0000 84.0080 -14.6840 42.7471 -17.6100 27.6549 -4.3667 0.0000 0.0000 15.8459 -7.6457 -50.2383 5.8916 7.1250 -0.0000 -0.0000 59.9772 -73.0559 -43.7477
7.4497 14.9516 41.8539 179.0350 3.4240 173.9510 0.0000 0.0000 0.0000 -31.3836 -12.7626 4.5480 2.2262 9.3221 26.8082 2.3987 6.0088 -31.8645 0.5775 -4.8663 -13.5276 0.0000 0.0000 0.0000 19.0285 13.2645 0.4528 -3.4514 -11.3923 33.6145 -1.7624 -9.0224 -29.7142 -0.0235 0.9892 -2.7190 -3.2464 1.1060 4.9896 -0.4745 1.2913 -4.1671 1.1729 0.8313 -7.2238 -7.3756 -3.5027 -1.0721 8.8385 -4.8092 7.5914 3.7395 -2.2106 2.8136 -0.0000 -0.0000 0.0000 -86.2347 13.3908 28.1041 19.5321 -30.0745 -5.2949 -0.0000 -0.0000 15.2755 7.5672 -33.6527 -4.2104 -7.1250 0.0000 -0.0000 -13.7072 -3.0576 14.8408 -0.0000 -0.0000 0.0000 83.9364 -15.4593 43.3468 -17.6826 27.7489 -4.4005 0.0000 0.0000 14.7683 -9.1904 -50.1126 7.0768 7.1250 -0.0000 -0.0000 58.5189 -73.5672 -43.0503
7.3694 14.9357 41.8861 178.9350 4.4014 173.5960 0.0000 0.0000 0.0000 -31.8966 -12.4476 4.9323 2.1615 9.1946 26.4060 2.2962 7.1939 -31.8962 0.6907 -5.3130 -14.8035 0.0000 0.0000 0.0000 18.5182 13.4169 -0.2017 -3.6633 -11.6983 34.6729 -1.7450 -8.6358 -29.3431 -0.0617 1.6025 -4.4083 -3.2653 1.1291 5.2012 -0.5749 1.3111 -4.3350 1.0681 0.8480 -7.5256 -7.2167 -3.1905 -0.7195 8.5861 -4.3924 8.0675 3.6571 -1.9992 2.8535 -0.0000 -0.0000 0.0000 -86.0822 14.2430 29.8485 20.2377 -30.9277 -5.6530 -0.0000 -0.0000 14.4107 8.6854 -33.2923 -4.7932 -7.1250 0.0000 -0.0000 -13.0709 -2.8515 14.0689 -0.0000 -0.0000 0.0000 83.9954 -16.1572 43.6311 -17.6024 27.6450 -4.3632 0.0000 0.0000 14.7113 -10.3828 -49.0425 7.8780 7.1250 -0.0000 -0.0000 54.4109 -73.4885 -39.5193
7.2984 14.9244 41.9156 178.6990 5.3570 173.5220 0.0000 0.0000 0.0000 -32.3188 -11.9671 4.7983 2.1160 9.1036 26.1200 2.3027 7.3574 -32.0269 0.6348 -5.0976 -14.1873 0.0000 0.0000 0.0000 17.9258 13.6330 -1.0160 -3.8338 -11.9359 35.5054 -1.6612 -8.7079 -28.8361 -0.1495 2.4913 -6.8656 -3.5732 1.0652 4.8242 -0.5559 1.2243 -4.3991 1.2767 0.8250 -7.3798 -7.2635 -2.9147 -0.5777 8.4090 -4.0181 8.3514 3.6260 -1.8175 2.8819 0.0000 -0.0000 0.0000 -86.6295 14.2196 29.8101 20.1819 -30.8609 -5.6244 -0.0000 -0.0000 14.8336 7.2797 -33.1070 -3.9913 -7.1250 0.0000 -0.0000 -13.8327 -2.4933 14.8536 0.0000 -0.0000 0.0000 83.8246 -16.3383 44.0061 -17.5309 27.5523 -4.3301 0.0000 0.0000 13.9694 -6.1724 -52.6714 4.9151 7.1250 -0.0000 -0.0000 68.4326 -73.4475 -51.6427
7.2275 14.9224 41.9347 178.4780 5.7791 173.2350 0.0000 0.0000 0.0000 -32.8166 -11.6933 4.9879 2.0843 9.0395 25.9190 2.3681 6.8655 -32.1390 0.4388 -4.2506 -11.7828 0.0000 0.0000 0.0000 17.4255 13.5310 -1.2689 -3.9320 -12.0694 35.9780 -1.6272 -8.6543 -28.5709 -0.1090 2.1287 -5.8613 -3.5390 1.0050 4.5584 -0.8252 1.1501 -4.3905 0.9886 0.7804 -7.2049 -6.7955 -2.7999 -0.7382 8.0584 -3.8442 9.3520 3.4473 -1.6951 3.1782 -0.0000 -0.0000 0.0000 -86.6084 14.4214 30.0567 20.2444 -30.9357 -5.6564 -0.0000 -0.0000 14.4341 7.0753 -33.4958 -3.9185 -7.1250 0.0000 -0.0000 -13.9669 -2.8448 15.0894 -0.0000 -0.0000 0.0000 84.3593 -16.3221 42.3808 -17.5269 27.5472 -4.3282 0.0000 0.0000 14.6268 0.2568 -55.1277 -0.2106 7.1250 -0.0000 -0.0000 78.9685 -71.7739 -59.5832
7.1647 14.9203 41.9600 178.5290 5.8849 172.9300 0.0000 0.0000 0.0000 -33.0860 -11.8448 5.3030 2.0684 9.0071 25.8175 2.4943 6.1660 -32.5035 0.1012 -2.0511 -5.6469 0.0000 0.0000 0.0000 17.3176 13.4413 -1.3385 -3.9933 -12.1515 36.2700 -1.6153 -8.7229 -28.5369 -0.0320 1.1542 -3.1732 -3.6808 0.8452 4.5140 -0.7528 0.9321 -4.4373 1.1676 0.6844 -7.2236 -6.8068 -2.6355 -1.0139 7.8567 -3.5912 10.4911 3.3979 -1.5399 3.5432 0.0000 -0.0000 0.0000 -87.0280 14.3941 30.1762 19.7527 -30.3433 -5.4059 -0.0000 -0.0000 14.5719 7.6632 -33.3898 -4.2349 -7.1250 0.0000 -0.0000 -13.6387 -2.8149 14.7068 0.0000 -0.0000 0.0000 83.7293 -16.4888 43.3155 -17.6501 27.7068 -4.3853 0.0000 0.0000 13.8382 -1.0613 -54.2393 0.8612 7.1250 -0.0000 -0.0000 75.7573 -72.0450 -56.8140
7.1156 14.9200 41.9787 178.6260 6.0726 172.5170 0.0000 0.0000 0.0000 -33.1613 -11.3217 5.6111 2.0308 8.9299 25.5764 2.4504 6.1972 -32.2648 0.1184 -2.2183 -6.1092 0.0000 0.0000 0.0000 17.4304 13.5254 -1.1936 -4.0813 -12.2678 36.6861 -1.6255 -8.8000 -28.6584 -0.0177 0.8594 -2.3620 -3.7318 0.8077 4.4308 -0.7611 0.8823 -4.4307 1.1942 0.6618 -7.1667 -7.0267 -2.5540 -0.8417 8.0634 -3.4725 11.3718 3.5110 -1.4469 3.7769 0.0000 0.0000 0.0000 -86.9516 14.9637 30.5796 19.7983 -30.3986 -5.4289 -0.0000 -0.0000 14.1396 7.5241 -32.7638 -4.0885 -7.1250 0.0000 -0.0000 -13.6787 -2.1907 14.6081 0.0000 0.0000 0.0000 83.2896 -16.8671 45.7649 -17.7842 27.8800 -4.4479 0.0000 0.0000 10.8644 -10.5938 -51.2484 8.2987 7.1250 -0.0000 -0.0000 61.2479 -74.5807 -46.4845
7.0633 14.9080 41.9958 178.6590 5.9047 172.1490 0.0000 0.0000 0.0000 -33.4289 -11.2217 5.9088 2.0324 8.9333 25.5868 2.4551 6.0505 -32.2168 0.0905 -1.9406 -5.3416 0.0000 0.0000 0.0000 17.3259 13.2491 -1.1586 -4.1629 -12.3741 37.0686 -1.5054 -9.3908 -28.2544 -0.0824 1.8514 -5.0951 -3.7889 0.6679 4.2664 -0.8242 0.6956 -4.3469 1.1834 0.5668 -6.9723 -6.5937 -2.4461 -0.6547 7.6691 -3.2998 11.7020 3.3281 -1.3488 3.8197 -0.0000 -0.0000 0.0000 -86.7357 14.8993 30.8845 19.4309 -29.9506 -5.2443 -0.0000 -0.0000 14.1067 7.1132 -33.5698 -3.9474 -7.1250 0.0000 -0.0000 -13.9504 -2.9211 15.0883 -0.0000 -0.0000 0.0000 82.9954 -16.8793 46.2522 -17.8981 28.0265 -4.5013 0.0000 0.0000 12.1981 -4.0039 -54.9509 3.2796 7.1250 -0.0000 -0.0000 76.8053 -73.2441 -59.2380
7.0290 14.9207 42.0294 178.8760 5.5776 172.2590 0.0000 0.0000 0.0000 -33.2219 -11.3016 5.6307 2.0355 8.9396 25.6066 2.4301 5.8564 -31.9711 0.1046 -2.0853 -5.7415 0.0000 0.0000 0.0000 17.4871 13.4285 -1.3246 -4.1832 -12.4003 37.1630 -1.4958 -9.4802 -28.2532 -0.0175 0.8543 -2.3480 -4.0158 0.5753 4.0029 -0.7927 0.5767 -4.4157 1.3573 0.5240 -6.8909 -6.6988 -2.5068 -0.8974 8.0392 -3.3787 12.6234 3.4632 -1.3310 4.1508 0.0000 0.0000 0.0000 -86.5494 14.9329 30.9319 19.2028 -29.6699 -5.1308 -0.0000 -0.0000 14.5958 5.9174 -33.0983 -3.2394 -7.1250 0.0000 -0.0000 -14.5800 -2.3239 15.6672 0.0000 0.0000 0.0000 82.7869 -16.9040 47.4452 -17.8056 27.9075 -4.4579 0.0000 0.0000 10.9214 -9.0845 -51.5312 7.1358 7.1250 -0.0000 -0.0000 63.1014 -74.1248 -47.6231
6.9805 14.9245 42.0703 178.9860 5.0840 172.0040 0.0000 0.0000 0.0000 -33.3485 -11.5045 5.9408 2.0094 8.8856 25.4382 2.5180 4.7951 -31.9664 0.0274 -1.0683 -2.9366 0.0000 0.0000 0.0000 17.4163 13.2791 -1.4293 -4.2773 -12.5206 37.5995 -1.4522 -9.7652 -28.1606 -0.0043 0.4257 -1.1698 -3.8882 0.5262 4.3350 -0.9604 0.4944 -4.4376 1.1150 0.4766 -7.0987 -6.4438 -2.6540 -1.0148 7.9115 -3.5535 13.2210 3.3775 -1.3823 4.3592 0.0000 -0.0000 0.0000 -86.2233 15.0511 31.0049 19.0961 -29.5379 -5.0781 -0.0000 -0.0000 15.4194 6.8060 -33.7737 -3.7959 -7.1250 0.0000 -0.0000 -14.1297 -3.0809 15.3324 0.0000 -0.0000 0.0000 83.0962 -16.8709 47.4422 -17.6708 27.7336 -4.3950 0.0000 0.0000 11.4490 -7.7292 -52.8547 6.1747 7.1250 -0.0000 -0.0000 68.2532 -74.0778 -52.1928
6.9572 14.9291 42.0993 179.4330 4.7398 172.0270 0.0000 0.0000 0.0000 -32.8376 -11.4553 5.5914 2.0493 8.9681 25.6955 2.4986 4.8393 -31.8738 0.1224 -2.2554 -6.2121 0.0000 0.0000 0.0000 17.8107 13.2450 -1.6456 -4.3422 -12.6024 37.8977 -1.3058 -10.2087 -27.4665 -0.0019 0.2791 -0.7670 -4.0147 0.6226 4.3415 -0.7564 0.6268 -4.5614 1.3836 0.5596 -7.2465 -6.9817 -2.7726 -1.0301 8.4911 -3.7254 13.7377 3.6474 -1.4326 4.5502 -0.0000 -0.0000 0.0000 -86.0235 15.0954 31.1584 18.8799 -29.2692 -4.9720 -0.0000 -0.0000 15.0698 6.4877 -33.2608 -3.5688 -7.1250 0.0000 -0.0000 -14.2757 -2.5470 15.3727 -0.0000 -0.0000 0.0000 83.1096 -17.3595 46.8894 -17.7975 27.8972 -4.4541 0.0000 0.0000 11.3295 -9.3245 -51.7013 7.3426 7.1250 -0.0000 -0.0000 63.5256 -74.2789 -48.1662
6.9224 14.9372 42.1315 179.2940 3.9344 171.9980 0.0000 0.0000 0.0000 -33.2873 -12.0614 5.9978 1.9753 8.8144 25.2165 2.4751 4.9634 -31.7945 0.1161 -2.1970 -6.0504 0.0000 0.0000 0.0000 17.3746 12.9518 -2.0662 -4.4450 -12.7301 38.3662 -1.1253 -10.5776 -26.4382 -0.0004 0.1237 -0.3398 -4.3490 0.4820 4.3472 -0.8738 0.4094 -4.5087 1.4711 0.4664 -7.1850 -7.1034 -2.9375 -1.4619 8.5296 -3.9323 14.2283 3.6704 -1.5150 4.7934 -0.0000 -0.0000 0.0000 -85.9660 15.1732 30.3379 19.0675 -29.5025 -5.0640 -0.0000 -0.0000 15.0103 6.7221 -33.1405 -3.6868 -7.1250 0.0000 -0.0000 -14.1409 -2.4585 15.1970 -0.0000 -0.0000 0.0000 82.8544 -17.1238 47.6265 -18.0500 28.2212 -4.5729 0.0000 0.0000 12.2156 -4.7181 -56.0175 3.9150 7.1250 -0.0000 -0.0000 80.1519 -73.6705 -62.9903
6.8853 14.9594 42.1595 179.6470 3.2220 171.7840 0.0000 0.0000 0.0000 -33.1022 -12.1342 6.5675 1.8807 8.6131 24.5924 2.4345 4.7487 -31.4530 0.1339 -2.3586 -6.4977 0.0000 0.0000 0.0000 17.5789 12.5802 -2.1240 -4.5389 -12.8450 38.7908 -1.0184 -10.8601 -25.8617 -0.0025 -0.3212 0.8827 -4.0999 0.5901 4.6777 -0.9525 0.5510 -4.5701 1.2295 0.5264 -7.4466 -7.2893 -3.2615 -1.1355 8.8741 -4.3858 14.3742 3.7938 -1.7121 4.8303 0.0000 -0.0000 0.0000 -85.2571 15.5094 30.8875 19.2517 -29.7302 -5.1551 -0.0000 -0.0000 14.4559 -1.6596 -28.5676 0.7938 -7.1250 0.0000 -0.0000 -18.7360 2.6614 18.8999 0.0000 -0.0000 0.0000 83.0127 -17.3318 48.1035 -17.5565 27.5855 -4.3419 0.0000 0.0000 11.8449 -11.9046 -50.7232 9.2685 7.1250 -0.0000 -0.0000 58.6375 -74.8587 -44.5042
6.8597 14.9557 42.1909 179.5500 2.3330 171.6170 0.0000 0.0000 0.0000 -33.2445 -12.0615 6.6668 1.8366 8.5171 24.2960 2.3900 4.6492 -31.1400 0.2695 -3.3394 -9.2251 0.0000 0.0000 0.0000 17.2731 12.2299 -2.7497 -4.7973 -13.1518 39.9395 -0.8539 -11.8854 -25.4912 -0.0003 -0.1128 0.3100 -4.4392 0.5880 4.7756 -1.0352 0.5109 -4.4478 1.3375 0.5182 -7.3750 -7.6061 -3.5375 -1.1960 9.1131 -4.7716 14.3522 3.9012 -1.9031 4.8795 0.0000 -0.0000 0.0000 -84.9655 15.6255 30.9904 19.4132 -29.9289 -5.2354 -0.0000 -0.0000 14.4504 6.5482 -32.5955 -3.5385 -7.1250 0.0000 -0.0000 -14.2089 -1.9108 15.1421 0.0000 -0.0000 0.0000 82.7041 -17.0881 49.1418 -17.5888 27.6274 -4.3569 0.0000 0.0000 11.1484 -13.4550 -50.0220 10.3889 7.1250 -0.0000 -0.0000 55.1923 -75.1327 -41.8272
6.8406 14.9730 42.2234 179.6980 1.1568 171.3840 0.0000 0.0000 0.0000 -33.2628 -12.4047 7.0824 1.7936 8.4223 24.0044 2.4160 3.8883 -30.9463 0.4916 -4.4957 -12.4757 0.0000 0.0000 0.0000 17.2885 11.6933 -3.2082 -5.0426 -13.4316 41.0064 -0.8223 -11.7747 -25.1333 -0.0073 -0.5528 1.5190 -4.7812 0.5922 5.2034 -1.0548 0.4593 -4.4035 1.5103 0.5121 -7.5794 -8.0191 -2.6449 -1.0421 9.7085 -5.3671 14.2702 4.0713 -2.9201 4.8775 0.0000 -0.0000 0.0000 -84.7613 15.4048 30.4368 19.0833 -29.5220 -5.0718 -0.0000 -0.0000 15.3744 6.6404 -32.8460 -3.6131 -7.1250 0.0000 -0.0000 -14.1705 -2.1640 15.1599 0.0000 -0.0000 0.0000 82.5937 -17.0272 48.6812 -17.8791 28.0020 -4.4923 0.0000 0.0000 13.0302 -8.6820 -53.0113 6.9540 7.1250 -0.0000 -0.0000 68.3341 -74.4792 -52.7166
6.8166 14.9798 42.2488 179.7790 -0.0266 171.0680 0.0000 0.0000 0.0000 -33.4310 -12.6765 7.7000 1.7338 8.2882 23.5928 2.3654 3.0031 -30.2553 0.3139 -3.6020 -9.9594 0.0000 0.0000 0.0000 17.0669 10.8959 -3.7115 -5.2931 -13.7065 42.0742 -0.6792 -11.9025 -24.0662 -0.0120 -0.7085 1.9472 -4.8526 0.8906 5.3132 -1.3196 0.5347 -4.2107 1.2802 0.4140 -7.4503 -7.9096 -3.0981 -1.0443 10.0876 -6.0764 14.2845 4.1321 -3.2506 4.9555 -0.0000 -0.0000 0.0000 -84.1348 15.2000 30.2393 19.0033 -29.4228 -5.0325 -0.0000 -0.0000 15.5485 6.6270 -32.9532 -3.6161 -7.1250 0.0000 -0.0000 -14.1834 -2.2660 15.1993 -0.0000 -0.0000 0.0000 82.8633 -16.6244 48.8571 -17.7734 27.8660 -4.4428 0.0000 0.0000 12.3739 -8.7895 -51.7347 6.9219 7.1250 -0.0000 -0.0000 63.9460 -74.0915 -48.3341
6.8027 14.9924 42.2682 180.3950 -1.0036 171.0570 0.0000 0.0000 0.0000 -32.8587 -12.9943 7.8208 1.7168 8.2495 23.4744 2.3574 2.9042 -30.1651 0.5817 -4.8836 -13.5767 0.0000 0.0000 0.0000 17.5890 10.5908 -4.4405 -5.5519 -13.9796 43.1557 -0.4606 -12.7131 -22.9756 -0.0736 -1.7497 4.8143 -4.6018 0.8353 5.2897 -1.2317 0.4848 -4.3426 1.2372 0.3830 -7.5714 -8.5284 -3.2215 -0.7152 10.7338 -6.4363 14.6424 4.4276 -3.4629 5.0772 -0.0000 0.0000 0.0000 -84.0348 15.4913 29.0754 18.9066 -29.3025 -4.9851 -0.0000 -0.0000 15.8255 6.9867 -33.4826 -3.8678 -7.1250 0.0000 -0.0000 -14.0146 -2.8212 15.1386 -0.0000 0.0000 0.0000 83.3248 -16.1915 47.8520 -17.0998 26.9892 -4.1325 0.0000 0.0000 13.8042 -7.7249 -52.9782 6.1812 7.1250 -0.0000 -0.0000 68.6727 -74.1137 -52.6162
6.7940 15.0012 42.2837 180.6410 -2.0380 170.8410 0.0000 0.0000 0.0000 -32.5190 -12.6600 8.0776 1.6622 8.1238 23.0908 2.3040 2.9371 -29.8497 0.9835 -6.3125 -17.6938 0.0000 0.0000 0.0000 17.7341 10.3722 -4.9712 -5.8541 -14.2854 44.3932 -0.3535 -13.2083 -22.5369 -0.0526 -1.4804 4.0718 -4.9085 0.9022 5.0113 -1.2041 0.5832 -4.1512 1.4309 0.4422 -7.2159 -9.2401 -3.4186 -0.7664 11.4063 -6.8657 15.0951 4.7374 -3.6919 5.3100 -0.0000 -0.0000 0.0000 -84.2485 15.6703 26.7845 19.2276 -29.7005 -5.1431 -0.0000 -0.0000 16.0576 8.1903 -32.9803 -4.4799 -7.1250 0.0000 -0.0000 -13.3237 -2.4842 14.2736 -0.0000 -0.0000 0.0000 83.1924 -15.9868 47.9943 -17.2953 27.2454 -4.2216 0.0000 0.0000 13.2629 -8.9182 -52.3543 7.0828 7.1250 -0.0000 -0.0000 65.9541 -74.3590 -50.4232
6.7913 15.0174 42.3093 181.0290 -3.4358 170.4670 0.0000 0.0000 0.0000 -32.0453 -12.4986 8.3296 1.6410 8.0745 22.9406 2.3846 2.0895 -30.0035 1.7518 -8.3288 -23.7173 0.0000 0.0000 0.0000 17.8772 9.2719 -5.6856 -6.1733 -14.5942 45.6735 -0.2501 -13.3249 -21.6695 -0.0355 -1.2165 3.3446 -5.2032 0.8823 5.5331 -1.3036 0.4873 -4.1847 1.4962 0.4142 -7.5546 -9.6434 -3.7062 -0.2199 12.1994 -7.4802 15.0847 5.0346 -4.0194 5.3182 -0.0000 0.0000 0.0000 -84.6644 16.6083 21.6199 20.4632 -31.1964 -5.7694 -0.0000 -0.0000 15.3631 5.1054 -33.6882 -2.8370 -7.1250 0.0000 -0.0000 -15.0502 -2.8015 16.3306 -0.0000 0.0000 0.0000 83.7947 -15.9034 45.5970 -17.3086 27.2629 -4.2277 0.0000 0.0000 15.8162 -6.8559 -50.9155 5.3317 7.1250 -0.0000 -0.0000 62.5403 -73.0572 -45.9601
6.7892 15.0410 42.3416 182.0300 -5.0684 170.7100 0.0000 0.0000 0.0000 -30.8546 -13.2743 7.8105 1.6956 8.2009 23.3260 2.4576 0.4917 -29.8733 1.7262 -8.2708 -23.5397 0.0000 0.0000 0.0000 18.4304 7.8928 -7.3691 -6.4453 -14.8464 46.7437 -0.1053 -13.6273 -20.5506 -0.0315 -1.1450 3.1479 -4.8364 0.5955 5.1893 -1.2671 0.1659 -4.1640 1.3705 0.2353 -7.3052 -9.8992 -3.9429 -0.0450 12.7316 -7.8962 14.9506 5.2274 -4.2231 5.3228 -0.0000 0.0000 0.0000 -85.0698 16.0503 14.0516 21.0208 -31.8526 -6.0609 -0.0000 -0.0000 13.4524 0.3748 -33.8060 -0.2085 -7.1250 0.0000 -0.0000 -17.6004 -2.4607 19.2562 -0.0000 0.0000 0.0000 84.2442 -15.8938 40.5949 -18.3805 28.6416 -4.7302 0.0000 0.0000 19.6474 -0.8419 -47.8737 0.6244 7.1250 -0.0000 -0.0000 58.8779 -69.5295 -38.9126
6.8092 15.0657 42.3280 181.4470 -6.9819 169.8390 0.0000 0.0000 0.0000 -31.6011 -12.8130 9.7813 1.4379 7.5812 21.4491 2.4154 -0.3145 -29.3573 2.3933 -9.6413 -27.8227 0.0000 0.0000 0.0000 17.2572 6.0659 -7.7579 -6.8681 -15.2198 48.3738 -0.1071 -13.2588 -20.0846 -0.1685 -2.6442 7.2897 -6.5144 0.5826 5.5694 -1.6714 -0.0495 -3.8202 1.9095 0.1871 -7.1636 -10.5201 -4.2260 0.6519 13.6359 -8.5391 14.9122 5.6038 -4.5837 5.3254 -0.0000 0.0000 0.0000 -83.7242 15.4986 8.9635 21.6825 -32.6163 -6.4138 -0.0000 -0.0000 9.4476 -1.8774 -33.1550 1.0270 -7.1250 0.0000 -0.0000 -18.7961 -1.6763 20.4588 -0.0000 0.0000 0.0000 84.6831 -15.3800 33.7732 -19.1270 29.5761 -5.0934 0.0000 0.0000 20.2101 9.8549 -46.3605 -7.1655 7.1250 -0.0000 -0.0000 64.1845 -65.3510 -38.0804
6.8274 15.0983 42.3432 182.1940 -8.3294 170.0400 0.0000 0.0000 0.0000 -30.8024 -13.6665 10.1366 1.3684 7.4034 20.9162 2.5279 -0.8671 -29.8791 2.9819 -10.6656 -31.1604 0.0000 0.0000 0.0000 17.4003 5.0075 -9.6638 -7.1802 -15.4818 49.5525 0.0287 -13.6920 -19.1201 -0.0453 -1.3735 3.7772 -6.9092 0.6156 4.2292 -1.6489 0.1294 -3.2177 2.1446 0.2472 -5.7662 -10.8415 -4.7977 0.2370 14.1383 -9.3653 14.9658 5.7522 -4.9555 5.5592 -0.0000 -0.0000 0.0000 -81.3940 12.5920 3.8868 20.7606 -31.5478 -5.9242 -0.0000 -0.0000 9.8459 0.9887 -32.1998 -0.5269 -7.1250 0.0000 -0.0000 -17.2484 -0.9791 18.3890 -0.0000 -0.0000 0.0000 83.7836 -13.7701 29.1646 -19.7421 30.3303 -5.4005 0.0000 0.0000 16.1352 9.9561 -44.3347 -6.9938 7.1250 -0.0000 -0.0000 60.6771 -64.2618 -33.9071
6.8524 15.1356 42.3602 183.1620 -9.2408 169.8750 0.0000 0.0000 0.0000 -29.8236 -14.3236 10.3305 1.3736 7.4169 20.9565 2.5924 -1.3881 -30.1213 3.4675 -11.4160 -33.6960 0.0000 0.0000 0.0000 17.6119 4.4988 -11.3171 -7.4064 -15.6648 50.3952 0.0807 -13.4091 -18.0621 -0.0409 -1.3055 3.5897 -6.7236 0.7844 5.0984 -1.8474 0.2238 -3.7835 1.8130 0.3135 -6.8772 -11.6338 -4.8469 0.8465 15.5903 -9.9739 15.5819 6.3478 -5.3218 5.8232 0.0000 -0.0000 0.0000 -77.4813 12.0431 0.9627 20.4478 -31.1780 -5.7614 -0.0000 -0.0000 9.8920 2.5474 -31.7318 -1.3404 -7.1250 0.0000 -0.0000 -16.3876 -0.6657 17.2969 0.0000 -0.0000 0.0000 82.5178 -13.6464 25.5335 -19.6908 30.2680 -5.3746 0.0000 0.0000 14.4262 14.7405 -46.5121 -10.8069 7.1250 -0.0000 -0.0000 68.2208 -63.9596 -39.5093
6.8813 15.1682 42.3629 183.1170 -10.6357 169.4480 0.0000 0.0000 0.0000 -30.3784 -15.2647 12.0290 1.1936 6.9324 19.5153 2.4969 0.3632 -30.0694 4.1198 -12.3181 -36.8667 0.0000 0.0000 0.0000 16.4683 4.1176 -12.5155 -7.5678 -15.7919 50.9904 0.2021 -13.7816 -17.0136 -0.0750 -1.7669 4.8620 -7.9351 0.9594 5.5589 -2.1250 0.2819 -3.6284 2.1868 0.3836 -7.0060 -12.2242 -5.1543 1.4958 16.3122 -10.5913 15.3953 6.6653 -5.6703 5.8083 -0.0000 0.0000 0.0000 -74.2100 10.1353 -3.7022 20.1745 -30.8520 -5.6205 -0.0000 -0.0000 13.0815 6.7901 -31.6261 -3.5727 -7.1250 0.0000 -0.0000 -14.0290 -1.0007 14.7172 -0.0000 0.0000 0.0000 80.3150 -12.7989 23.2095 -19.0377 29.4655 -5.0494 0.0000 0.0000 14.0931 4.0631 -47.8449 -3.0144 7.1250 -0.0000 -0.0000 62.6300 -67.8987 -40.0432
6.9171 15.2112 42.3643 183.8650 -11.9303 169.0990 0.0000 0.0000 0.0000 -30.1181 -16.7209 13.5477 1.0704 6.5770 18.4682 2.4788 0.1788 -29.9000 3.7885 -11.8735 -35.2858 0.0000 0.0000 0.0000 16.0781 4.0117 -13.7390 -7.4535 -15.7022 50.5695 0.4562 -14.3792 -13.9863 -0.0225 -0.9680 2.6608 -8.4331 1.0737 5.7140 -2.3034 0.3778 -3.3385 2.2667 0.4331 -6.8036 -12.3168 -5.6064 1.7650 16.8825 -11.2266 14.7658 6.8270 -5.9702 5.7035 -0.0000 0.0000 0.0000 -69.8027 9.0662 -3.9836 20.5410 -31.2887 -5.8097 -0.0000 -0.0000 10.7687 9.5926 -29.4974 -4.7569 -7.1250 0.0000 -0.0000 -12.3342 0.7333 12.4689 -0.0000 0.0000 0.0000 78.3726 -11.7125 19.7672 -18.3585 28.6138 -4.7197 0.0000 0.0000 17.3363 -5.0143 -45.5439 3.5836 7.1250 -0.0000 -0.0000 50.1518 -69.6124 -32.2039
6.9526 15.2563 42.3659 185.2200 -13.0389 168.6440 0.0000 0.0000 0.0000 -29.3131 -18.3310 14.7744 1.0174 6.4171 17.9995 2.4781 0.8135 -30.1066 3.7319 -11.7949 -35.0101 0.0000 0.0000 0.0000 16.2373 4.5053 -14.4098 -6.9298 -15.2725 48.6081 0.7191 -15.5077 -10.6954 -0.1032 -2.0720 5.7048 -8.4460 1.1158 6.2136 -2.2034 0.4149 -3.1504 2.3713 0.4607 -6.8942 -12.7253 -5.9199 2.1309 17.5994 -11.6869 14.1157 7.1118 -6.2049 5.5777 -0.0000 -0.0000 0.0000 -66.4707 8.2348 -5.8651 21.2477 -32.1163 -6.1811 -0.0000 -0.0000 8.3312 12.0165 -30.3944 -6.1468 -7.1250 0.0000 -0.0000 -10.9977 -0.4735 11.2977 -0.0000 -0.0000 0.0000 76.5936 -10.9499 16.5390 -18.1483 28.3466 -4.6194 0.0000 0.0000 18.3637 -8.1689 -49.1452 6.1967 7.1250 -0.0000 -0.0000 56.4176 -72.7300 -40.4004
6.9847 15.2963 42.3541 186.3820 -13.7074 168.2390 0.0000 0.0000 0.0000 -28.7013 -19.6982 16.0136 0.9641 6.2517 17.5165 2.4137 2.6524 -30.4045 4.2059 -12.4295 -37.2688 0.0000 0.0000 0.0000 16.1878 5.5474 -14.7694 -6.2095 -14.6283 45.8167 0.9030 -16.6027 -7.7635 -0.0731 -1.7444 4.7998 -8.4023 1.2072 6.4642 -2.1155 0.5405 -3.0225 2.4223 0.5254 -6.9139 -12.9028 -6.1811 2.3934 17.6052 -11.9300 13.6266 7.1314 -6.3259 5.4364 -0.0000 0.0000 0.0000 -63.7608 8.7838 -5.2643 23.1440 -34.2459 -7.2191 -0.0000 -0.0000 1.1910 14.7819 -28.9244 -7.2730 -7.1250 0.0000 -0.0000 -9.2828 0.5727 9.3130 -0.0000 0.0000 0.0000 74.8797 -10.9011 15.2601 -18.6001 28.9188 -4.8360 0.0000 0.0000 15.9120 -5.5110 -49.7737 4.2131 7.1250 -0.0000 -0.0000 60.1472 -72.0738 -42.8197
7.0084 15.3419 42.3330 187.2940 -14.3483 167.7720 0.0000 0.0000 0.0000 -28.2842 -20.7345 17.2832 0.8975 6.0379 16.8944 2.3330 3.4110 -30.2316 4.1777 -12.3932 -37.1375 0.0000 0.0000 0.0000 15.9054 7.2396 -14.3943 -5.3518 -13.7694 42.3213 1.1001 -18.1896 -6.3649 -0.1917 -2.8195 7.7767 -8.7144 1.2029 6.5580 -1.9174 0.5483 -2.6838 2.8073 0.5357 -6.6128 -13.4309 -6.3394 2.3188 18.0084 -12.0313 13.0658 7.3431 -6.3610 5.3527 -0.0000 0.0000 0.0000 -62.1229 9.4426 -6.8666 24.9981 -36.2021 -8.2888 -0.0000 0.0000 -2.3292 13.9422 -28.4447 -6.7437 -7.1250 0.0000 -0.0000 -9.7364 1.1778 9.6758 -0.0000 0.0000 0.0000 73.4272 -10.8727 15.2676 -19.3227 29.8177 -5.1903 0.0000 0.0000 13.0206 -4.8751 -50.4215 3.7612 7.1250 -0.0000 -0.0000 62.4065 -72.1337 -44.8156
7.0259 15.3716 42.3147 188.1510 -14.4525 167.3910 0.0000 0.0000 0.0000 -27.5767 -21.0204 17.9699 0.8601 5.9141 16.5353 2.3451 3.1330 -30.1862 3.7904 -11.8761 -35.2952 0.0000 0.0000 0.0000 15.6478 9.5194 -13.8050 -4.4258 -12.7065 38.2793 1.2760 -19.5620 -5.9262 -0.5676 -4.8252 13.4107 -8.4888 1.2998 6.6639 -2.0078 0.6956 -2.4858 2.5697 0.5867 -6.4715 -13.3804 -6.3611 2.6368 18.2825 -12.0234 12.5256 7.4390 -6.3625 5.1454 -0.0000 0.0000 0.0000 -60.3812 10.8103 -6.8228 26.6630 -37.8559 -9.2916 -0.0000 0.0000 -7.2415 15.1201 -27.8962 -7.2050 -7.1250 0.0000 -0.0000 -9.0000 1.5489 8.8644 -0.0000 0.0000 0.0000 73.2329 -11.2532 15.4492 -20.1258 30.7937 -5.5956 0.0000 0.0000 11.2390 -5.0995 -49.6655 3.8916 7.1250 -0.0000 -0.0000 60.1455 -71.8772 -42.6011
7.0436 15.3945 42.2953 189.1080 -14.4774 166.9420 0.0000 0.0000 0.0000 -26.5665 -21.1285 18.3563 0.8577 5.9061 16.5122 2.3752 2.4323 -30.0813 3.0869 -10.8344 -31.7233 0.0000 0.0000 0.0000 15.7331 11.9383 -12.7768 -3.5188 -11.4910 33.9541 1.4902 -21.1052 -5.7297 -0.2969 -3.5036 9.6841 -8.3542 1.2597 6.9611 -1.8295 0.6540 -2.4038 2.6848 0.5720 -6.5480 -13.7994 -6.2722 2.4311 18.6728 -11.9074 12.4892 7.6451 -6.2979 5.1972 -0.0000 0.0000 0.0000 -59.9306 12.6171 -7.9848 28.1109 -39.2181 -10.1937 -0.0000 0.0000 -9.9103 16.1243 -27.3833 -7.5740 -7.1250 0.0000 -0.0000 -8.3625 1.9086 8.1677 -0.0000 0.0000 0.0000 73.1598 -11.3761 17.0004 -20.5894 31.3459 -5.8349 0.0000 0.0000 10.5073 -6.3060 -48.7981 4.7529 7.1250 -0.0000 -0.0000 56.8951 -71.8869 -39.9011
7.0571 15.4194 42.2661 189.7610 -14.1119 166.3240 0.0000 0.0000 0.0000 -25.6962 -20.3475 18.8622 0.8155 5.7624 16.0967 2.1094 2.4352 -28.4072 2.8080 -10.3776 -30.2085 0.0000 0.0000 0.0000 15.7381 15.4628 -11.0200 -2.6932 -10.1810 29.5649 1.7627 -22.7548 -7.1991 -0.2844 -3.4300 9.4783 -8.3122 1.4533 7.2867 -1.8747 0.8825 -2.3145 2.5800 0.6821 -6.6632 -13.2118 -6.3575 2.6024 18.1752 -12.0011 12.6219 7.3747 -6.3431 5.1608 0.0000 -0.0000 0.0000 -60.1419 14.1776 -9.4932 28.7954 -39.8383 -10.6294 -0.0000 0.0000 -10.6429 17.4721 -27.6965 -8.3232 -7.1250 0.0000 -0.0000 -7.5900 1.3756 7.4719 0.0000 -0.0000 0.0000 74.4515 -11.8859 18.2061 -20.9792 31.8040 -6.0390 0.0000 0.0000 9.8246 -8.8391 -49.7141 6.7651 7.1250 -0.0000 -0.0000 57.5681 -73.2518 -41.9118
7.0721 15.4278 42.2224 190.3450 -13.6364 165.9850 0.0000 0.0000 0.0000 -25.6529 -21.0444 20.0360 0.7984 5.7031 15.9253 2.0734 2.8752 -28.3582 2.0569 -8.9835 -25.7438 0.0000 0.0000 0.0000 15.8349 19.1022 -9.4797 -2.0113 -8.8897 25.4508 2.1153 -24.7797 -7.5187 -0.0291 -1.1009 3.0266 -8.5747 1.3834 7.2444 -1.5928 0.7989 -2.3146 3.0352 0.6634 -6.6401 -13.4042 -6.1703 2.0196 17.7516 -11.7380 13.4700 7.2675 -6.1957 5.4623 0.0000 -0.0000 0.0000 -61.7732 16.5120 -11.0236 29.1249 -40.1314 -10.8412 -0.0000 0.0000 -11.5907 18.7943 -27.6519 -8.9752 -7.1250 0.0000 -0.0000 -6.8014 1.1959 6.7057 0.0000 -0.0000 0.0000 75.8597 -12.0637 19.6058 -21.1986 32.0594 -6.1550 0.0000 0.0000 10.6371 -7.8506 -49.9689 6.0267 7.1250 -0.0000 -0.0000 59.0347 -73.0088 -42.8939
7.0901 15.4370 42.1634 190.7750 -13.1689 165.5610 0.0000 0.0000 0.0000 -25.1904 -20.6090 20.8234 0.7686 5.5983 15.6231 2.0753 3.1397 -28.4860 2.0704 -9.0113 -25.8307 0.0000 0.0000 0.0000 16.0403 22.0437 -8.3044 -1.5781 -7.9256 22.4885 2.2637 -25.5436 -8.0219 -0.1007 -2.0464 5.6339 -8.5912 1.5879 7.0607 -1.8785 1.0709 -2.0734 2.7147 0.7651 -6.3042 -12.6602 -6.2915 1.8766 17.9998 -11.9514 13.2830 7.1971 -6.2680 5.4367 -0.0000 0.0000 0.0000 -62.7210 17.7183 -12.0027 28.1375 -39.2425 -10.2106 -0.0000 0.0000 -11.3884 19.3791 -27.0549 -9.0897 -7.1250 0.0000 -0.0000 -6.3916 1.7028 6.2382 -0.0000 0.0000 0.0000 79.6288 -12.1249 17.9949 -21.4905 32.3965 -6.3107 0.0000 0.0000 13.1096 -6.5792 -45.3258 4.6888 7.1250 -0.0000 -0.0000 48.2606 -69.9988 -31.1792
7.1069 15.4547 42.1049 191.7110 -12.7322 165.2690 0.0000 0.0000 0.0000 -24.2707 -20.6972 21.5209 0.7501 5.5318 15.4318 2.0891 3.2062 -28.6050 1.9695 -8.8022 -25.1784 0.0000 0.0000 0.0000 16.8059 24.7437 -7.4931 -1.2307 -7.0354 19.8203 2.3078 -25.8235 -7.4015 -0.0415 -1.3152 3.6165 -8.4698 1.5599 6.8207 -1.6607 1.0951 -2.1263 2.8768 0.7819 -6.2256 -12.1107 -6.3346 1.1496 17.2579 -11.9909 14.1879 6.8231 -6.2419 5.7736 -0.0000 -0.0000 0.0000 -65.0273 19.3184 -13.2271 26.4697 -37.6687 -9.1732 -0.0000 0.0000 -10.1451 18.4885 -26.3011 -8.4274 -7.1250 0.0000 -0.0000 -6.8512 2.6240 6.5782 -0.0000 -0.0000 0.0000 83.0985 -12.8309 16.1714 -21.9245 32.8915 -6.5448 0.0000 0.0000 14.3337 -7.4872 -47.0749 5.4970 7.1250 -0.0000 -0.0000 51.4969 -71.3690 -35.0220
7.1167 15.4691 42.0497 191.9490 -12.6411 165.1850 0.0000 0.0000 0.0000 -23.8046 -20.2448 21.9011 0.6868 5.2982 14.7611 1.9453 3.2188 -27.6621 1.4669 -7.6540 -21.6679 0.0000 0.0000 0.0000 16.6314 26.2425 -7.7411 -1.0730 -6.5847 18.4906 2.0705 -24.7148 -5.7466 -0.0038 0.3958 -1.0875 -9.0618 1.2836 6.6196 -1.4495 0.6920 -2.3989 3.4790 0.6262 -6.3723 -12.7113 -5.8132 2.0133 17.6416 -11.3832 13.9645 7.1445 -6.0231 5.5052 0.0000 -0.0000 0.0000 -68.5220 21.4495 -15.0332 24.4486 -35.6350 -7.9664 -0.0000 0.0000 -7.6333 16.3061 -25.5762 -7.1978 -7.1250 0.0000 -0.0000 -8.1092 3.7034 7.6468 0.0000 -0.0000 0.0000 85.6079 -13.8120 14.8784 -22.1435 33.1388 -6.6641 0.0000 0.0000 15.7510 -4.8697 -45.5568 3.4808 7.1250 -0.0000 -0.0000 50.3093 -69.5724 -32.2809
7.1322 15.4878 42.0072 192.8740 -12.9149 164.5970 0.0000 0.0000 0.0000 -22.8046 -20.1272 22.4392 0.6712 5.2389 14.5913 1.8764 3.0881 -27.1368 1.3584 -7.3775 -20.8387 0.0000 0.0000 0.0000 17.2628 27.4723 -7.1522 -0.9056 -6.0643 16.9711 1.9219 -24.0657 -4.3635 -0.0313 1.1428 -3.1417 -9.1182 0.9705 6.8758 -1.1807 0.2861 -2.2225 3.8449 0.4341 -6.2788 -12.7699 -5.7045 2.0125 18.0115 -11.2027 13.5235 7.2916 -5.9278 5.3632 -0.0000 0.0000 0.0000 -72.0264 22.4368 -16.2141 22.2306 -33.2366 -6.7118 -0.0000 0.0000 -3.8049 14.4501 -24.4621 -6.0908 -7.1250 0.0000 -0.0000 -9.1675 5.0880 8.4293 -0.0000 0.0000 0.0000 86.9729 -14.3426 14.7822 -21.6701 32.6022 -6.4072 0.0000 0.0000 15.8957 -7.0800 -44.1415 4.9437 7.1250 -0.0000 -0.0000 45.3100 -69.3945 -28.4408
7.1284 15.5003 41.9648 193.0120 -12.7974 164.2930 0.0000 0.0000 0.0000 -23.1165 -20.4183 23.7226 0.5938 4.9333 13.7185 1.7603 4.0923 -26.8086 1.1523 -6.8157 -19.1706 0.0000 0.0000 0.0000 16.8987 28.4759 -7.2808 -0.8322 -5.8197 16.2621 1.5765 -22.4494 -1.7571 -0.1453 2.4564 -6.7687 -9.3663 0.9505 6.7792 -1.2841 0.2437 -2.0778 3.8811 0.4040 -6.0664 -12.2689 -5.8771 1.5223 17.6113 -11.4184 13.9251 7.0336 -5.9963 5.5598 -0.0000 -0.0000 0.0000 -75.5071 23.1751 -16.8261 20.1983 -30.8805 -5.6328 -0.0000 -0.0000 1.4423 12.6437 -24.3535 -5.2851 -7.1250 0.0000 -0.0000 -10.2696 5.4286 9.4078 -0.0000 -0.0000 0.0000 87.2180 -14.4383 13.5778 -20.3857 31.1043 -5.7293 0.0000 0.0000 18.1391 -6.1024 -43.0396 4.1733 7.1250 -0.0000 -0.0000 44.1144 -68.3300 -26.5949
7.1236 15.5051 41.9133 192.6530 -13.1545 163.8730 0.0000 0.0000 0.0000 -23.7729 -20.1333 25.1245 0.4839 4.4608 12.3769 1.5811 4.4599 -25.7152 0.9854 -6.3183 -17.7109 0.0000 0.0000 0.0000 15.9007 29.0200 -7.4635 -0.8221 -5.7853 16.1628 1.4198 -21.4506 -1.3797 -0.1737 2.6845 -7.4016 -9.9990 1.0099 6.9910 -1.6386 0.1958 -1.9889 3.8650 0.3831 -6.0967 -12.3637 -5.8853 1.8987 18.1828 -11.5529 13.6408 7.2456 -6.0885 5.4642 0.0000 0.0000 0.0000 -78.9515 24.0972 -15.5461 18.9666 -29.3771 -5.0144 -0.0000 -0.0000 6.6938 12.1972 -24.2714 -5.0776 -7.1250 0.0000 -0.0000 -10.5397 5.5647 9.6362 0.0000 0.0000 0.0000 87.0125 -14.3474 9.7915 -18.6071 28.9276 -4.8393 0.0000 0.0000 20.7548 -7.1300 -46.8768 5.2167 7.1250 -0.0000 -0.0000 51.3229 -71.1296 -34.6436
7.1230 15.5132 41.8683 193.4690 -13.0401 163.6070 0.0000 0.0000 0.0000 -22.9643 -20.1813 25.5739 0.4694 4.3941 12.1881 1.5909 4.4916 -25.8031 0.9700 -6.2702 -17.5704 0.0000 0.0000 0.0000 16.2409 29.4614 -7.5549 -0.7210 -5.4260 15.1277 1.4578 -22.1345 -0.1304 -0.1514 2.5075 -6.9104 -9.6446 0.9418 6.8938 -1.3855 0.1811 -2.0417 3.9368 0.3779 -6.0893 -12.8321 -5.8576 1.9381 18.2179 -11.4771 13.6147 7.3471 -6.0636 5.4653 -0.0000 0.0000 0.0000 -82.7464 24.6791 -14.3213 18.2846 -28.5201 -4.6844 -0.0000 -0.0000 12.0843 13.1546 -29.0809 -6.4807 -7.1250 0.0000 -0.0000 -10.2442 0.6610 10.2918 -0.0000 0.0000 0.0000 85.6323 -14.1027 6.0179 -16.9643 26.8108 -4.0712 0.0000 0.0000 22.2678 -9.0741 -46.8523 6.6463 7.1250 -0.0000 -0.0000 49.5557 -71.7952 -33.9292
7.1314 15.5290 41.8239 193.1310 -13.3558 163.5160 0.0000 0.0000 0.0000 -23.1721 -19.7146 26.7339 0.3295 3.6891 10.2037 1.3627 5.1845 -24.4658 1.0623 -6.5529 -18.3973 0.0000 0.0000 0.0000 15.3876 29.0868 -8.4573 -0.7495 -5.5297 15.4259 1.5852 -22.9849 -0.2586 -0.2419 3.1651 -8.7388 -10.1920 1.1770 6.8055 -1.7258 0.4276 -1.7678 3.8553 0.4777 -5.7900 -12.8706 -6.1558 1.5205 18.3567 -11.7338 13.1927 7.3575 -6.1435 5.4677 0.0000 -0.0000 0.0000 -85.4660 23.9449 -12.3563 18.1026 -28.2883 -4.5978 -0.0000 -0.0000 15.5057 14.2993 -30.1398 -7.2931 -7.1250 0.0000 -0.0000 -9.6663 -0.5629 9.9023 0.0000 -0.0000 0.0000 84.9628 -13.9544 2.5265 -16.0779 25.6262 -3.6796 0.0000 0.0000 21.4973 -10.3499 -48.7421 7.8174 7.1250 -0.0000 -0.0000 53.5584 -73.3200 -38.6461
7.1445 15.5359 41.7755 193.5330 -13.4584 163.4000 0.0000 0.0000 0.0000 -22.6095 -19.5674 26.9430 0.3159 3.6130 9.9904 1.3907 4.9716 -24.5617 1.1034 -6.6744 -18.7544 0.0000 0.0000 0.0000 15.3421 29.8652 -8.3703 -0.6679 -5.2264 14.5555 2.1767 -25.7964 -3.1880 -0.0251 1.0225 -2.8106 -9.9754 1.3639 6.8158 -1.8421 0.6719 -1.9082 3.5801 0.5979 -5.9756 -12.4911 -6.3234 1.7110 17.8848 -11.7928 12.8021 7.1319 -6.1635 5.2794 0.0000 -0.0000 0.0000 -87.7098 23.4960 -10.3615 18.2609 -28.4899 -4.6730 -0.0000 -0.0000 14.5470 16.0977 -30.5632 -8.3483 -7.1250 0.0000 -0.0000 -8.6725 -1.2775 8.9662 0.0000 -0.0000 0.0000 84.4251 -15.1633 0.5766 -16.3929 26.0504 -3.8169 0.0000 0.0000 21.3319 -9.7411 -51.0370 7.6031 7.1250 -0.0000 -0.0000 61.0767 -74.1741 -45.9006
7.1583 15.5603 41.7361 193.8000 -14.1386 163.4690 0.0000 0.0000 0.0000 -22.7395 -20.5343 27.5515 0.2899 3.4625 9.5691 1.3714 5.4382 -24.6807 1.2054 -6.9654 -19.6128 0.0000 0.0000 0.0000 14.9307 30.2766 -8.5172 -0.6127 -5.0100 13.9371 2.7979 -28.3659 -6.4853 -0.0490 -1.4284 3.9285 -9.7923 1.3182 6.7318 -2.0017 0.6229 -1.9038 3.3173 0.5582 -5.9102 -12.4381 -6.4119 1.6306 17.6528 -11.7043 12.2931 7.0462 -6.0965 5.1115 0.0000 0.0000 0.0000 -89.6534 22.1364 -8.9341 18.4443 -28.7224 -4.7608 -0.0000 -0.0000 12.2127 17.1987 -30.4792 -8.9226 -7.1250 0.0000 -0.0000 -8.0317 -1.3832 8.3045 0.0000 0.0000 0.0000 83.9358 -16.0941 0.0399 -16.8259 26.6277 -4.0090 0.0000 0.0000 19.9206 -9.7269 -50.3085 7.5142 7.1250 -0.0000 -0.0000 58.7528 -73.8552 -43.5542
7.1823 15.5862 41.7018 194.3690 -14.1808 163.4110 0.0000 0.0000 0.0000 -22.3157 -21.0368 27.8832 0.2897 3.4615 9.5665 1.2374 6.8305 -24.5037 1.6386 -8.0688 -22.9231 0.0000 0.0000 0.0000 15.3474 29.6693 -9.1169 -0.5517 -4.7580 13.2196 2.9846 -29.4251 -5.3280 -0.0380 -1.2584 3.4601 -9.4283 1.2999 6.9201 -1.7710 0.6348 -2.0076 3.3529 0.5761 -6.1238 -12.4903 -6.3778 2.1200 17.2575 -11.3219 11.0446 6.9715 -5.9154 4.5745 0.0000 -0.0000 0.0000 -91.0457 21.3393 -7.0760 18.8776 -29.2663 -4.9709 -0.0000 -0.0000 11.4765 17.5152 -30.3475 -9.0596 -7.1250 0.0000 -0.0000 -7.8354 -1.3067 8.0874 0.0000 -0.0000 0.0000 83.1010 -16.6415 0.8383 -17.0421 26.9132 -4.1064 0.0000 0.0000 18.7689 -10.2376 -49.7551 7.8490 7.1250 -0.0000 -0.0000 56.6696 -73.7884 -41.7144
7.2131 15.5922 41.6484 194.3800 -13.9832 163.2070 0.0000 0.0000 0.0000 -22.5891 -21.0880 29.1373 0.2262 3.0616 8.4504 1.0597 8.3240 -24.1347 1.8052 -8.4479 -24.0829 0.0000 0.0000 0.0000 15.5270 29.8091 -9.8152 -0.5902 -4.9185 13.6763 2.7951 -28.7459 -4.3095 -0.0300 -1.1176 3.0723 -9.3941 1.3496 7.1902 -1.8492 0.6749 -1.8363 3.2454 0.5849 -6.0989 -12.4662 -6.2849 1.3974 17.5453 -10.9664 10.2753 7.0582 -5.6806 4.4295 -0.0000 0.0000 0.0000 -90.7219 20.2033 -4.3727 19.1599 -29.6169 -5.1096 -0.0000 -0.0000 11.5885 18.0878 -31.1563 -9.5914 -7.1250 0.0000 -0.0000 -7.5996 -2.2241 7.9581 -0.0000 0.0000 0.0000 82.9732 -16.6929 2.5453 -17.2330 27.1640 -4.1932 0.0000 0.0000 18.3130 -9.1542 -48.6279 6.8952 7.1250 -0.0000 -0.0000 54.1894 -72.8227 -38.6593
7.2623 15.6018 41.6153 194.7200 -13.5729 163.6360 0.0000 0.0000 0.0000 -22.1028 -21.6042 29.0183 0.2313 3.0957 8.5454 1.0724 8.4384 -24.3255 1.3482 -7.3508 -20.7589 0.0000 0.0000 0.0000 15.8925 30.1169 -10.8898 -0.5374 -4.6969 13.0461 2.4292 -27.4821 -2.0196 -0.0119 -0.7055 1.9387 -9.1729 1.1855 7.2931 -1.6435 0.4846 -1.9653 3.3608 0.5051 -6.2680 -12.4541 -6.1769 1.7765 17.4729 -10.4196 8.2486 7.0871 -5.4141 3.6783 0.0000 -0.0000 0.0000 -89.7816 19.7683 -0.5595 19.9719 -30.6084 -5.5170 -0.0000 -0.0000 10.8404 19.0019 -31.1730 -10.1069 -7.1250 0.0000 -0.0000 -7.0808 -2.4121 7.4286 0.0000 -0.0000 0.0000 82.7170 -16.2031 5.9335 -17.0197 26.8837 -4.0962 0.0000 0.0000 17.0602 -9.8561 -48.5085 7.4148 7.1250 -0.0000 -0.0000 53.2883 -73.0150 -38.1179
7.3286 15.5943 41.5698 194.8030 -12.8333 163.5530 0.0000 0.0000 0.0000 -21.8816 -21.4559 29.5512 0.2240 3.0462 8.4075 1.0537 8.9945 -24.6036 1.4619 -7.6415 -21.6304 0.0000 0.0000 0.0000 16.6663 30.4003 -11.3422 -0.5008 -4.5370 12.5924 1.9089 -25.1822 0.0137 -0.0498 1.4398 -3.9599 -8.9735 1.2771 7.7911 -1.7142 0.5746 -1.7775 3.1605 0.5371 -6.3590 -11.5986 -6.3140 1.4598 16.9009 -10.2385 6.8337 6.7606 -5.2875 3.2221 -0.0000 0.0000 0.0000 -87.3934 18.4443 2.3231 20.1667 -30.8426 -5.6165 -0.0000 -0.0000 10.8527 18.4505 -32.3297 -10.1165 -7.1250 0.0000 -0.0000 -7.5381 -3.4720 8.0490 -0.0000 0.0000 0.0000 83.7607 -15.4495 7.9687 -17.2997 27.2512 -4.2237 0.0000 0.0000 18.3079 -4.8025 -48.4244 3.5964 7.1250 -0.0000 -0.0000 57.0930 -71.1672 -39.2866
7.3923 15.5885 41.5209 194.1530 -12.4303 164.2960 0.0000 0.0000 0.0000 -22.3754 -21.7965 29.0408 0.2532 3.2374 8.9403 1.0858 9.6088 -25.3459 1.3915 -7.4630 -21.0946 0.0000 0.0000 0.0000 16.3444 30.3265 -12.4324 -0.4442 -4.2762 11.8550 1.4366 -22.2509 0.5878 -0.2844 3.4299 -9.4779 -9.6242 1.1249 7.7951 -1.6722 0.2940 -1.8892 3.6043 0.4301 -6.4582 -12.2273 -6.1174 1.3549 17.1318 -9.7185 5.4997 6.9767 -5.0280 2.8181 -0.0000 -0.0000 0.0000 -85.6836 17.4340 2.7545 20.6053 -31.3647 -5.8431 -0.0000 -0.0000 10.6964 17.0815 -32.7679 -9.4427 -7.1250 0.0000 -0.0000 -8.3595 -3.6545 8.9688 -0.0000 -0.0000 0.0000 84.6018 -14.5519 9.6265 -17.6226 27.6713 -4.3726 0.0000 0.0000 18.7764 -3.3330 -45.2367 2.3679 7.1250 -0.0000 -0.0000 51.0064 -68.8713 -32.0752
7.4469 15.5791 41.4680 193.9540 -12.0356 164.6090 0.0000 0.0000 0.0000 -22.3350 -21.6277 28.4593 0.3048 3.5498 9.8134 1.2898 8.7845 -26.2719 1.8067 -8.4512 -24.0931 0.0000 0.0000 0.0000 16.6319 30.9378 -12.4466 -0.3685 -3.8995 10.7940 1.2267 -20.7294 0.7687 -0.7065 5.3724 -14.9738 -9.5750 0.9810 8.1756 -1.5961 0.0677 -1.9460 3.6864 0.3338 -6.7063 -12.1129 -5.9459 1.8136 16.8787 -9.1912 3.5891 6.9392 -4.7905 2.0931 0.0000 -0.0000 0.0000 -83.5565 15.5071 0.6424 19.9548 -30.5878 -5.5083 -0.0000 -0.0000 10.6584 15.8452 -32.7154 -8.7210 -7.1250 0.0000 -0.0000 -9.0445 -3.3806 9.6807 0.0000 -0.0000 0.0000 85.6688 -13.9796 11.1893 -18.1288 28.3218 -4.6102 0.0000 0.0000 18.3145 2.0857 -45.5576 -1.4894 7.1250 -0.0000 -0.0000 56.3473 -67.3255 -34.3857
7.4987 15.5611 41.3913 193.7460 -11.4858 164.8960 0.0000 0.0000 0.0000 -21.8126 -20.7079 27.8435 0.3294 3.6888 10.2029 1.2770 9.0481 -26.3708 2.2811 -9.4286 -27.1455 0.0000 0.0000 0.0000 17.2251 31.1528 -12.5446 -0.3455 -3.7767 10.4494 1.1187 -19.4343 -0.3345 -0.8949 6.0295 -16.8701 -9.3950 0.9631 8.2418 -1.4654 0.0746 -1.9304 3.7235 0.3374 -6.7255 -11.9489 -5.8366 1.8456 16.3932 -8.8175 2.4320 6.7894 -4.6010 1.6714 0.0000 0.0000 0.0000 -81.6099 13.9299 -2.3723 19.9902 -30.6306 -5.5264 -0.0000 -0.0000 10.7549 14.9675 -31.8904 -8.0390 -7.1250 0.0000 -0.0000 -9.4498 -2.4105 9.9733 0.0000 0.0000 0.0000 86.2421 -13.6703 12.6091 -18.9303 29.3320 -4.9967 0.0000 0.0000 17.1575 8.1229 -43.2057 -5.5809 7.1250 -0.0000 -0.0000 57.2602 -64.1529 -31.2421
7.5496 15.5396 41.2984 193.1920 -10.9740 165.3000 0.0000 0.0000 0.0000 -22.1191 -20.4360 27.7230 0.3536 3.8206 10.5725 1.3059 9.6654 -27.0481 2.2992 -9.4634 -27.2559 0.0000 0.0000 0.0000 17.5155 31.1495 -12.4956 -0.3316 -3.7010 10.2369 1.0520 -18.4896 -1.5490 -0.9334 6.1542 -17.2325 -9.3055 1.1036 8.1690 -1.6478 0.2646 -1.8142 3.4550 0.4084 -6.5828 -11.5283 -5.8663 1.5463 16.4073 -8.7066 1.4185 6.7302 -4.5469 1.3972 -0.0000 0.0000 0.0000 -78.9277 12.3947 -4.1944 20.0985 -30.7609 -5.5817 -0.0000 -0.0000 9.7209 15.8526 -30.5298 -8.2083 -7.1250 0.0000 -0.0000 -8.8098 -1.2029 9.1002 -0.0000 0.0000 0.0000 86.6092 -13.2188 13.9594 -19.5327 30.0753 -5.2952 0.0000 0.0000 16.0517 13.3197 -42.2099 -9.0379 7.1250 -0.0000 -0.0000 60.0700 -62.1257 -30.6167
7.5982 15.5039 41.1985 193.0870 -10.5018 165.5310 0.0000 0.0000 0.0000 -22.6334 -21.1012 28.0105 0.4275 4.1962 11.6294 1.4325 10.0679 -28.2506 1.9775 -8.8190 -25.2307 0.0000 0.0000 0.0000 18.2018 31.3647 -11.4846 -0.2783 -3.3931 9.3752 1.1065 -18.7006 -2.5618 -0.8374 5.8376 -16.3140 -8.7232 1.0359 8.0851 -1.4601 0.2747 -1.8363 3.3273 0.4021 -6.5498 -11.6623 -5.7258 2.0615 15.9899 -8.3979 0.4751 6.6671 -4.4100 0.9834 -0.0000 -0.0000 0.0000 -76.9156 11.4963 -6.9066 20.2298 -30.9182 -5.6489 -0.0000 -0.0000 10.3470 16.6413 -28.8513 -8.2072 -7.1250 0.0000 -0.0000 -8.1891 0.3484 8.2238 -0.0000 -0.0000 0.0000 86.1146 -13.3186 14.7630 -20.1003 30.7630 -5.5826 0.0000 0.0000 15.7497 14.5914 -41.7599 -9.8360 7.1250 -0.0000 -0.0000 60.4579 -61.5264 -30.0703
7.6455 15.4727 41.0831 192.2340 -10.5855 166.0210 0.0000 0.0000 0.0000 -22.7961 -20.3124 27.1918 0.4736 4.4135 12.2431 1.5617 8.4627 -27.9932 1.3440 -7.3397 -20.7259 0.0000 0.0000 0.0000 17.9661 30.7844 -11.3087 -0.3130 -3.5966 9.9444 1.0946 -18.3002 -4.2971 -1.0044 6.3771 -17.8827 -8.8765 1.0404 8.0809 -1.5721 0.2505 -1.8183 3.2982 0.3886 -6.5275 -11.6073 -5.6887 1.9962 15.7480 -8.2411 -0.1930 6.5961 -4.3291 0.7679 0.0000 0.0000 0.0000 -74.4064 10.8566 -6.4986 20.6692 -31.4401 -5.8764 -0.0000 -0.0000 6.4221 17.5023 -28.0211 -8.4269 -7.1250 0.0000 -0.0000 -7.6032 1.0421 7.5307 0.0000 0.0000 0.0000 85.5863 -13.2257 14.7513 -20.3084 31.0121 -5.6894 0.0000 0.0000 15.3688 12.1046 -42.6854 -8.2729 7.1250 -0.0000 -0.0000 59.7847 -62.7302 -31.2258
7.6981 15.4403 40.9422 191.1180 -10.4809 166.9370 0.0000 0.0000 0.0000 -23.5105 -20.0606 26.8573 0.4723 4.4074 12.2258 1.6545 7.6287 -28.0818 0.9133 -6.0895 -17.0442 0.0000 0.0000 0.0000 17.4235 30.4109 -11.7702 -0.4113 -4.1169 11.4057 1.0945 -18.1956 -5.3215 -1.3213 7.2801 -20.5477 -9.3658 1.1403 7.3727 -1.6371 0.3960 -1.8843 3.4872 0.4619 -6.2195 -11.5614 -5.8005 2.1523 15.3821 -8.3109 -0.8218 6.4878 -4.3657 0.5533 0.0000 0.0000 0.0000 -72.5319 10.3485 -7.4299 21.0190 -31.8505 -6.0600 -0.0000 -0.0000 5.5429 18.0439 -28.5811 -8.8582 -7.1250 0.0000 -0.0000 -7.3402 0.3832 7.3517 0.0000 0.0000 0.0000 85.1859 -13.1514 13.7958 -20.0349 30.6844 -5.5492 0.0000 0.0000 15.7094 7.1473 -44.3315 -5.0079 7.1250 -0.0000 -0.0000 58.3399 -65.0851 -33.1980
7.7521 15.3959 40.7810 190.7030 -10.5831 167.1480 0.0000 0.0000 0.0000 -23.3235 -19.2110 26.5642 0.5117 4.5852 12.7293 1.8030 7.3073 -28.8798 1.5671 -7.8994 -22.4089 0.0000 0.0000 0.0000 17.9412 30.0401 -10.7323 -0.4845 -4.4635 12.3845 1.2060 -18.9987 -7.4115 -0.9891 6.3300 -17.7449 -9.1333 1.1295 7.4158 -1.5375 0.4151 -1.8759 3.4599 0.4690 -6.2334 -11.6444 -5.7267 2.4821 15.2263 -8.1607 -1.4762 6.4826 -4.3027 0.2862 -0.0000 0.0000 0.0000 -70.7862 10.4331 -7.6690 21.7355 -32.6768 -6.4425 -0.0000 -0.0000 4.4459 18.4116 -28.5137 -9.0292 -7.1250 0.0000 -0.0000 -7.1172 0.3874 7.1243 -0.0000 0.0000 0.0000 84.8532 -13.2144 12.6322 -19.5219 30.0620 -5.2897 0.0000 0.0000 16.2809 3.1448 -45.1968 -2.2324 7.1250 -0.0000 -0.0000 56.5447 -66.7898 -33.9104
7.8060 15.3523 40.6113 189.9290 -10.5676 167.9030 0.0000 0.0000 0.0000 -23.8997 -19.2655 26.0509 0.5974 4.9479 13.7599 1.9869 7.1658 -29.9852 1.4579 -7.6315 -21.6004 0.0000 0.0000 0.0000 18.0737 28.1581 -10.6361 -0.5415 -4.7147 13.0965 1.0063 -17.4983 -8.3123 -1.1127 6.7014 -18.8337 -9.1671 1.2102 7.1972 -1.5140 0.5362 -2.0212 3.4881 0.5363 -6.2806 -11.4609 -5.7771 2.6403 14.9106 -8.1602 -2.1508 6.3734 -4.3082 0.0441 0.0000 -0.0000 0.0000 -69.2880 11.3091 -6.5110 22.8992 -33.9784 -7.0819 -0.0000 -0.0000 2.2488 18.6508 -28.9293 -9.2729 -7.1250 0.0000 -0.0000 -7.0216 -0.0765 7.0844 0.0000 -0.0000 0.0000 84.6856 -13.0662 10.6667 -18.5384 28.8411 -4.8062 0.0000 0.0000 16.8061 -0.7682 -45.1085 0.5442 7.1250 -0.0000 -0.0000 53.0104 -67.9679 -32.5983
7.8733 15.3000 40.4193 189.5320 -10.2193 168.5050 0.0000 0.0000 0.0000 -24.1352 -19.2590 25.8936 0.6834 5.2854 14.7243 2.1988 6.8640 -31.1274 1.4727 -7.6684 -21.7112 0.0000 0.0000 0.0000 18.8764 27.5536 -9.7348 -0.6021 -4.9669 13.8142 0.9686 -17.3986 -9.9522 -1.2548 7.1014 -20.0161 -8.8089 1.3042 6.7260 -1.4052 0.7671 -1.9833 3.3796 0.6306 -5.9918 -11.1901 -5.7530 2.8561 14.6290 -8.0532 -3.0272 6.2716 -4.2686 -0.2824 0.0000 -0.0000 0.0000 -68.1482 12.2137 -5.5313 23.8206 -34.9739 -7.6035 -0.0000 -0.0000 0.1762 19.0010 -28.9274 -9.4564 -7.1250 0.0000 -0.0000 -6.8167 -0.1377 6.8819 0.0000 -0.0000 0.0000 84.7308 -12.6387 8.8486 -17.4942 27.5047 -4.3131 0.0000 0.0000 17.7763 -0.5441 -46.2283 0.3929 7.1250 -0.0000 -0.0000 55.4931 -68.5459 -35.1216
7.9461 15.2322 40.1999 188.7970 -9.9370 169.1010 0.0000 0.0000 0.0000 -24.2751 -18.4985 25.5370 0.7529 5.5420 15.4613 2.4369 6.1333 -32.1527 1.6297 -8.0480 -22.8599 0.0000 0.0000 0.0000 19.4540 26.2501 -9.1176 -0.7168 -5.4105 15.0832 0.7908 -16.3484 -11.6475 -1.2493 7.0866 -19.9721 -8.7607 1.3789 6.3798 -1.3297 0.9183 -1.9688 3.4188 0.6987 -5.7969 -11.0596 -5.8051 2.7416 14.2268 -8.0683 -3.3613 6.1282 -4.2637 -0.3811 -0.0000 -0.0000 0.0000 -67.5548 13.3588 -5.3033 24.4334 -35.6193 -7.9576 -0.0000 0.0000 -0.8631 19.3064 -28.8648 -9.5988 -7.1250 0.0000 -0.0000 -6.6309 -0.1297 6.6908 -0.0000 -0.0000 0.0000 84.8955 -12.6079 7.9759 -16.8959 26.7203 -4.0404 0.0000 0.0000 18.7685 -1.1578 -47.1730 0.8492 7.1250 -0.0000 -0.0000 57.0333 -69.2676 -37.1372
8.0209 15.1586 39.9681 188.0230 -9.8134 169.8690 0.0000 0.0000 0.0000 -24.4099 -17.8628 25.0259 0.8347 5.8281 16.2864 2.6544 5.5197 -33.0956 1.9714 -8.8063 -25.1912 0.0000 0.0000 0.0000 19.8674 25.0974 -8.6506 -0.8643 -5.9281 16.5761 0.3512 -14.8635 -16.7436 -0.7812 5.6427 -15.7513 -8.6488 1.2908 5.9151 -1.2962 0.8546 -2.1175 3.4038 0.6644 -5.6788 -11.3605 -5.6118 3.2343 14.3264 -7.7904 -4.1873 6.2531 -4.1471 -0.7211 -0.0000 0.0000 0.0000 -67.2406 15.1644 -4.8474 24.7812 -35.9795 -8.1610 -0.0000 0.0000 -1.9018 18.9151 -29.0724 -9.4535 -7.1250 0.0000 -0.0000 -6.8830 -0.2693 6.9656 -0.0000 0.0000 0.0000 85.0270 -12.9729 7.9664 -16.4090 26.0720 -3.8239 0.0000 0.0000 19.6212 0.2113 -47.9382 -0.1569 7.1250 -0.0000 -0.0000 59.8525 -69.2100 -39.3357
8.1182 15.0789 39.7049 187.1230 -9.2344 170.9500 0.0000 0.0000 0.0000 -25.0141 -17.7898 25.1022 0.8729 5.9569 16.6595 2.8609 5.5450 -34.2542 1.8520 -8.5507 -24.3998 0.0000 0.0000 0.0000 20.4099 24.0453 -8.6752 -1.0900 -6.6350 18.6385 0.1866 -15.1391 -19.4072 -1.1252 6.7378 -18.9408 -8.8035 1.3879 5.1424 -1.2926 1.0391 -2.2849 3.4832 0.7538 -5.4427 -11.0976 -5.6369 2.8177 13.8283 -7.7729 -4.1638 6.0395 -4.1113 -0.6798 0.0000 -0.0000 0.0000 -67.6530 16.4790 -5.6260 24.4900 -35.6782 -7.9906 -0.0000 0.0000 -1.1370 19.0680 -28.7236 -9.4317 -7.1250 0.0000 -0.0000 -6.7547 0.0574 6.7953 0.0000 -0.0000 0.0000 85.6167 -13.3045 7.7297 -16.2821 25.9017 -3.7684 0.0000 0.0000 19.7189 1.9918 -47.6677 -1.4727 7.1250 -0.0000 -0.0000 60.6422 -68.4856 -39.1271
8.2179 14.9940 39.4219 185.9940 -8.5778 171.9340 0.0000 0.0000 0.0000 -25.8103 -17.3635 25.3090 0.8864 6.0013 16.7882 3.0267 6.1183 -35.4168 2.1807 -9.2327 -26.5260 0.0000 0.0000 0.0000 20.7085 22.5691 -8.7358 -1.3642 -7.3926 20.8838 -0.1872 -13.9802 -21.8555 -0.9501 6.2075 -17.3876 -9.0184 1.3376 4.7437 -1.3045 0.9643 -2.6401 3.5996 0.7349 -5.5898 -10.8504 -5.4839 2.9689 13.2116 -7.5310 -4.6092 5.8294 -3.9813 -0.9009 -0.0000 -0.0000 0.0000 -68.4167 18.7951 -6.2714 23.9560 -35.1176 -7.6812 -0.0000 0.0000 -1.1963 19.0367 -28.5437 -9.3622 -7.1250 0.0000 -0.0000 -6.7533 0.2458 6.7715 -0.0000 -0.0000 0.0000 86.0733 -13.7016 7.6895 -16.1435 25.7149 -3.7080 0.0000 0.0000 19.8251 3.5339 -46.7260 -2.5745 7.1250 -0.0000 -0.0000 59.8794 -67.5035 -37.3417
8.3262 14.8890 39.1081 185.2120 -8.0668 172.7380 0.0000 0.0000 0.0000 -26.4198 -17.1058 26.2127 0.8602 5.9144 16.5364 3.3190 5.4854 -36.6378 1.6407 -8.0738 -22.9385 0.0000 0.0000 0.0000 21.3918 21.0974 -8.3256 -1.6222 -8.0304 22.8064 -0.3455 -13.8663 -23.2319 -1.5153 7.7736 -22.0285 -8.7455 1.3020 4.2093 -1.2951 0.9798 -2.8123 3.4620 0.7309 -5.4610 -10.5276 -5.3737 2.6535 12.5818 -7.3318 -4.7827 5.5788 -3.8588 -0.9623 -0.0000 -0.0000 0.0000 -69.5806 20.4452 -7.3537 22.9868 -34.0744 -7.1309 -0.0000 0.0000 -0.3894 18.6010 -28.7214 -9.1871 -7.1250 0.0000 -0.0000 -7.0282 0.1432 7.0640 -0.0000 -0.0000 0.0000 86.4272 -14.3185 7.5835 -16.2625 25.8752 -3.7598 0.0000 0.0000 18.5052 6.3308 -46.0019 -4.5631 7.1250 -0.0000 -0.0000 60.7097 -66.2458 -36.4583
8.4394 14.8849 38.7706 184.3670 -8.0045 173.6870 0.0000 0.0000 0.0000 -26.6286 -16.5610 28.0832 0.5821 4.8855 13.5821 3.0826 6.3851 -35.8384 2.0875 -9.0460 -25.9393 0.0000 0.0000 0.0000 20.9638 21.7305 -8.9791 -1.8050 -8.4475 24.0819 -0.3570 -13.9240 -23.4047 -1.2011 6.9534 -19.5773 -8.3779 1.2282 4.1166 -1.3673 0.8779 -3.1653 3.1881 0.6805 -5.7594 -10.3677 -5.3202 2.3898 12.1534 -7.2149 -5.1701 5.4232 -3.7870 -1.0693 -0.0000 0.0000 0.0000 -71.2644 21.9333 -8.4205 21.8569 -32.8149 -6.5081 -0.0000 -0.0000 0.8198 18.8748 -28.2815 -9.2012 -7.1250 0.0000 -0.0000 -6.8200 0.5414 6.8038 -0.0000 0.0000 0.0000 86.7243 -15.0558 6.8231 -16.5069 26.2031 -3.8671 0.0000 0.0000 17.5940 7.3332 -44.7834 -5.1800 7.1250 -0.0000 -0.0000 59.2909 -65.2825 -34.1599
8.5509 14.8699 38.4718 184.9010 -7.6097 174.2380 0.0000 0.0000 0.0000 -24.9194 -15.2718 27.8761 0.6021 4.9671 13.8146 3.2150 4.6718 -35.7455 1.6631 -8.1258 -23.0969 0.0000 0.0000 0.0000 21.8980 18.5858 -11.6079 -2.2116 -9.2936 26.7181 -0.4389 -10.9699 -20.8870 -1.4996 7.7352 -21.9127 -7.0574 1.1230 4.0140 -0.8570 0.9014 -3.1493 2.9847 0.6644 -5.6552 -9.8442 -5.2883 1.5405 11.6261 -7.0990 -5.3356 5.1539 -3.7086 -1.0319 -0.0000 0.0000 0.0000 -74.4459 22.1737 -11.3772 20.5287 -31.2741 -5.8033 -0.0000 -0.0000 3.2216 18.9641 -27.2559 -8.9432 -7.1250 0.0000 -0.0000 -6.6598 1.5699 6.5195 -0.0000 0.0000 0.0000 86.3543 -14.5991 5.8985 -16.1421 25.7129 -3.7074 0.0000 0.0000 18.3427 7.9350 -46.4440 -5.7680 7.1250 -0.0000 -0.0000 62.8315 -65.9799 -37.8063
8.6641 14.8717 38.1966 184.9320 -8.0643 174.6130 0.0000 0.0000 0.0000 -23.1945 -13.7995 27.0285 0.6702 5.2350 14.5802 2.9914 2.8854 -33.8186 2.1349 -9.1415 -26.2390 0.0000 0.0000 0.0000 22.1998 15.5676 -13.3233 -2.5118 -9.8593 28.5224 -0.5880 -8.5671 -20.0514 -1.4879 7.7061 -21.8249 -6.1376 0.8663 4.7194 -0.5651 0.6028 -3.1783 2.7960 0.5083 -6.0419 -9.3773 -5.2888 0.4231 11.0571 -7.0427 -4.8118 4.8572 -3.6427 -0.7418 -0.0000 0.0000 0.0000 -78.3743 21.6336 -14.9280 19.4692 -29.9976 -5.2634 -0.0000 -0.0000 5.9728 18.8026 -24.6892 -8.0941 -7.1250 0.0000 -0.0000 -6.5146 4.2203 6.0576 -0.0000 0.0000 0.0000 85.9189 -13.5356 3.7665 -15.4324 24.7450 -3.4049 0.0000 0.0000 21.0867 4.9511 -46.8381 -3.6157 7.1250 -0.0000 -0.0000 61.2389 -67.1117 -37.9491
8.7972 14.8949 37.8878 184.5980 -8.4575 174.3000 0.0000 0.0000 0.0000 -22.2048 -12.2230 27.5589 0.6751 5.2540 14.6345 2.6539 1.3120 -31.3255 1.8960 -8.6461 -24.6944 0.0000 0.0000 0.0000 22.7568 13.2266 -12.6354 -2.5776 -9.9776 28.9042 -0.7101 -7.2083 -20.1337 -1.2884 7.1924 -20.2868 -6.1135 0.8468 5.4467 -0.2523 0.5658 -3.0708 3.1089 0.5106 -6.3451 -9.2304 -5.3433 0.4241 10.7205 -7.1142 -4.7010 4.7276 -3.6678 -0.7215 0.0000 -0.0000 0.0000 -82.1059 20.8028 -16.4622 18.8407 -29.2202 -4.9528 -0.0000 -0.0000 7.3106 17.3337 -24.1548 -7.2782 -7.1250 0.0000 -0.0000 -7.3742 4.9922 6.7620 0.0000 -0.0000 0.0000 85.3854 -13.7310 3.6127 -15.8399 25.3031 -3.5772 0.0000 0.0000 22.1748 3.1493 -48.0099 -2.3418 7.1250 -0.0000 -0.0000 62.2848 -68.2762 -40.2187
8.9259 14.9433 37.5539 184.3920 -9.5214 174.2610 0.0000 0.0000 0.0000 -20.6182 -10.9674 26.9523 0.7917 5.6799 15.8584 2.1364 -1.2788 -27.3065 1.8156 -8.4709 -24.1537 0.0000 0.0000 0.0000 23.4297 11.9273 -11.4294 -2.5982 -10.0143 29.0232 -0.8291 -7.2778 -21.3317 -1.4327 7.5682 -21.4100 -5.9530 0.7023 5.5108 -0.0648 0.3955 -3.1185 3.2341 0.4295 -6.4143 -9.2911 -5.6159 -0.2572 10.5848 -7.4877 -3.1292 4.6320 -3.8112 -0.1160 0.0000 -0.0000 0.0000 -85.3555 20.0845 -15.1568 18.5725 -28.8841 -4.8226 -0.0000 -0.0000 7.3294 15.4423 -24.3127 -6.4885 -7.1250 0.0000 -0.0000 -8.5493 5.1033 7.8446 0.0000 -0.0000 0.0000 84.8396 -14.1014 4.0471 -16.0696 25.6149 -3.6760 0.0000 0.0000 21.0285 2.0425 -49.0342 -1.5426 7.1250 -0.0000 -0.0000 63.7593 -69.1246 -42.4721
9.0707 15.0005 37.2444 184.6780 -10.1945 174.4050 0.0000 0.0000 0.0000 -17.9636 -9.5466 24.0259 1.2517 7.0932 19.9917 1.6028 -4.5502 -22.8973 1.6883 -8.1843 -23.2752 0.0000 0.0000 0.0000 24.8963 12.1160 -9.4455 -2.4034 -9.6600 27.8827 -0.8953 -8.1398 -22.5988 -1.0496 6.5149 -18.2860 -5.5681 0.5482 5.2840 0.1347 0.2389 -3.3164 3.2450 0.3453 -6.4741 -8.8175 -5.8101 -0.9057 10.1547 -7.8079 -0.8436 4.3515 -3.9283 0.6540 0.0000 -0.0000 0.0000 -87.9856 19.0739 -13.4629 18.4168 -28.6876 -4.7476 -0.0000 -0.0000 9.6964 11.2198 -26.6819 -5.0901 -7.1250 0.0000 -0.0000 -11.2387 3.2966 10.7867 0.0000 -0.0000 0.0000 84.6130 -13.8083 3.6443 -15.8212 25.2776 -3.5693 0.0000 0.0000 20.5499 1.6809 -47.5237 -1.2399 7.1250 -0.0000 -0.0000 60.0840 -68.5145 -38.7095
9.2138 15.0608 36.9728 186.0330 -11.1929 175.1070 0.0000 0.0000 0.0000 -13.6075 -8.6261 18.4769 2.1587 9.1891 26.3887 0.9013 -8.9434 -17.1337 1.0822 -6.6120 -18.5707 0.0000 0.0000 0.0000 27.2670 12.3872 -8.1158 -2.0586 -8.9870 25.7548 -0.8198 -9.0943 -22.7104 -0.7995 5.7069 -15.9363 -3.5403 0.3511 4.7584 0.2967 0.1350 -3.9403 2.2870 0.2128 -6.8026 -9.2260 -6.0482 -1.0491 10.7624 -8.2955 1.4815 4.5372 -4.1541 1.4494 -0.0000 -0.0000 0.0000 -89.6722 18.3425 -8.5092 18.9198 -29.3190 -4.9915 -0.0000 -0.0000 9.3050 6.8883 -27.5208 -3.1950 -7.1250 0.0000 -0.0000 -13.8300 2.9711 13.4997 -0.0000 -0.0000 0.0000 84.9730 -13.7622 3.2571 -15.9368 25.4349 -3.6188 0.0000 0.0000 20.4300 2.3280 -49.3367 -1.7663 7.1250 -0.0000 -0.0000 64.6727 -69.1653 -43.2957
9.3353 15.0723 36.7139 186.6270 -11.9961 174.2650 0.0000 0.0000 0.0000 -10.9003 -7.9355 15.2592 3.2384 11.0713 32.5208 0.1628 -10.7385 -9.8373 0.5734 -4.8494 -13.4796 0.0000 0.0000 0.0000 29.1584 12.0912 -5.1613 -1.7975 -8.4310 24.0310 -0.7612 -10.2205 -23.1802 -0.5775 4.8665 -13.5282 -2.3523 0.3310 5.7119 0.4198 0.1963 -3.9552 1.7414 0.2012 -7.3637 -9.2579 -6.3652 -1.3044 10.4272 -8.8307 3.3267 4.3793 -4.4071 2.0735 -0.0000 0.0000 0.0000 -90.8228 17.5699 -3.6937 19.4089 -29.9236 -5.2333 -0.0000 -0.0000 10.7344 2.8885 -30.6855 -1.4750 -7.1250 0.0000 -0.0000 -16.1808 0.3062 16.7787 -0.0000 0.0000 0.0000 84.6822 -13.4737 3.9619 -16.1094 25.6688 -3.6932 0.0000 0.0000 21.0187 3.8544 -52.9595 -3.0783 7.1250 -0.0000 -0.0000 74.6408 -69.9934 -53.2501
9.4334 15.1073 36.4652 186.7210 -11.9040 173.8770 0.0000 0.0000 0.0000 -9.4831 -8.0595 12.0574 4.4375 12.7209 38.3325 -0.2810 -11.2771 -2.6035 0.2258 -3.0584 -8.4413 0.0000 0.0000 0.0000 30.1985 11.4693 -3.0618 -1.5630 -7.8894 22.3788 -0.5820 -10.7343 -22.0399 -0.3978 4.0496 -11.2162 -1.2110 0.4840 6.2164 0.3677 0.4987 -3.9786 1.0062 0.2937 -7.6813 -9.8713 -6.4697 -1.2398 10.7662 -9.1330 4.8621 4.5448 -4.5655 2.5889 0.0000 0.0000 0.0000 -90.8736 16.6087 1.4036 20.0825 -30.7416 -5.5735 -0.0000 -0.0000 11.3200 -3.4893 -33.1256 1.9085 -7.1250 0.0000 -0.0000 -19.6507 -1.5510 21.4658 0.0000 0.0000 0.0000 83.7886 -13.0123 6.7818 -16.4609 26.1416 -3.8468 0.0000 0.0000 20.6143 2.2547 -49.6689 -1.7192 7.1250 -0.0000 -0.0000 65.4047 -69.3355 -44.1283
9.5777 15.1289 36.2152 186.6120 -13.4217 173.9750 0.0000 0.0000 0.0000 -8.1764 -9.9660 8.1898 5.9612 14.3907 44.8259 -0.3839 -10.9485 2.9745 0.2237 -3.0442 -8.4018 0.0000 0.0000 0.0000 31.2211 11.4739 -1.2344 -1.3829 -7.4410 21.0287 -0.4274 -12.2889 -22.1993 -0.1080 2.1192 -5.8353 -1.6946 0.2383 6.2301 0.3957 0.1201 -4.0687 1.3562 0.1344 -7.7786 -9.5828 -6.7903 -1.4432 10.2594 -9.6611 6.2300 4.2885 -4.8307 3.0445 0.0000 -0.0000 0.0000 -89.9259 16.4560 7.6194 22.4450 -33.4763 -6.8297 -0.0000 -0.0000 9.7737 -6.1306 -33.4342 3.3868 -7.1250 0.0000 -0.0000 -21.0271 -1.7188 23.2552 0.0000 -0.0000 0.0000 83.0487 -12.1733 8.9119 -16.7603 26.5406 -3.9796 0.0000 0.0000 20.1538 3.0519 -50.9695 -2.3717 7.1250 -0.0000 -0.0000 69.1014 -69.5940 -47.6814
9.6807 15.1538 35.9751 186.5850 -14.3501 173.7040 0.0000 0.0000 0.0000 -7.4558 -11.3737 4.3902 7.7824 15.9569 51.7752 -0.2442 -9.2391 6.6446 0.3378 -3.7352 -10.3329 0.0000 0.0000 0.0000 32.1249 10.8655 0.7757 -1.1907 -6.9243 19.4914 -0.4306 -12.8080 -22.8042 -0.0426 1.3318 -3.6621 -1.4980 0.2046 6.4803 0.3616 0.0928 -4.0215 1.2133 0.1121 -7.8713 -9.7781 -6.9412 -1.1905 10.3059 -9.9788 6.9856 4.3137 -5.0070 3.2711 -0.0000 0.0000 0.0000 -88.6777 15.9649 12.1288 24.5031 -35.6918 -7.9982 -0.0000 -0.0000 8.5223 -2.9119 -34.1367 1.6350 -7.1250 0.0000 -0.0000 -19.3394 -2.5412 21.4143 -0.0000 0.0000 0.0000 82.1515 -11.4747 11.7139 -17.3066 27.2601 -4.2268 0.0000 0.0000 19.7270 3.4734 -50.8058 -2.6932 7.1250 -0.0000 -0.0000 68.9741 -69.3888 -47.3143
9.7509 15.1811 35.7592 186.2380 -14.7810 173.6880 0.0000 0.0000 0.0000 -7.6987 -12.3741 0.0654 9.8079 17.3004 58.8442 0.0237 -5.7073 8.7989 0.3676 -3.8947 -10.7806 0.0000 0.0000 0.0000 32.3622 9.7956 1.9784 -1.0677 -6.5689 18.4442 -0.3887 -12.6687 -22.2533 -0.0001 0.0705 -0.1936 -1.4637 0.2931 6.6723 0.4214 0.2194 -4.0066 1.2401 0.1759 -7.9716 -9.7892 -7.0596 -0.8574 10.0454 -10.1941 7.3770 4.2304 -5.1347 3.3419 -0.0000 -0.0000 0.0000 -88.1589 15.4072 13.9463 26.6409 -37.8346 -9.2780 -0.0000 -0.0000 8.2480 3.2175 -34.5295 -1.8251 -7.1250 0.0000 -0.0000 -16.1017 -3.4105 17.7289 -0.0000 -0.0000 0.0000 80.7772 -10.5790 15.2696 -17.4564 27.4555 -4.2957 0.0000 0.0000 18.1789 0.3390 -51.0063 -0.2635 7.1250 -0.0000 -0.0000 67.4411 -70.5375 -47.3542
9.7952 15.1665 35.5565 186.3900 -14.9538 173.2510 0.0000 0.0000 0.0000 -7.8944 -12.8221 -4.2935 11.9750 18.3801 65.9097 0.2018 0.5154 8.3166 0.2232 -3.0412 -8.3933 0.0000 0.0000 0.0000 33.1283 9.0777 3.4443 -0.9845 -6.3155 17.7027 -0.3852 -12.6517 -22.2008 -0.0088 -0.6049 1.6621 -0.7710 0.4082 7.0537 0.5585 0.4628 -3.8003 0.9602 0.2654 -7.9737 -10.1005 -7.0721 -0.8625 10.0764 -10.2269 7.6280 4.2832 -5.1578 3.4384 -0.0000 -0.0000 0.0000 -87.3674 14.7342 14.6200 28.5461 -39.6141 -10.4700 -0.0000 -0.0000 5.9129 7.6632 -34.3363 -4.3401 -7.1250 0.0000 -0.0000 -13.6982 -3.7320 14.9839 -0.0000 -0.0000 0.0000 79.7523 -9.7904 18.5026 -18.1544 28.3544 -4.6223 0.0000 0.0000 18.1734 -0.5492 -50.6186 0.4245 7.1250 -0.0000 -0.0000 65.8469 -70.6918 -46.1365
9.8256 15.1638 35.3522 186.6420 -15.3280 173.3370 0.0000 0.0000 0.0000 -8.2639 -13.6179 -9.0324 13.8200 19.0585 71.6541 0.0294 1.8941 3.1261 0.3588 -3.8479 -10.6493 0.0000 0.0000 0.0000 33.9183 8.7030 4.3798 -0.9125 -6.0868 17.0364 -0.3227 -13.1893 -22.2197 -0.0019 -0.2800 0.7694 0.0147 0.5024 6.9571 0.6961 0.6797 -3.7535 0.6343 0.3330 -7.8636 -9.9744 -7.1585 -0.5854 9.7911 -10.2973 7.2390 4.1885 -5.1988 3.2634 0.0000 0.0000 0.0000 -86.4691 14.1199 15.1060 29.7626 -40.6890 -11.2545 -0.0000 -0.0000 3.5218 11.2494 -34.2956 -6.3947 -7.1250 0.0000 -0.0000 -11.7434 -4.1909 12.8345 0.0000 0.0000 0.0000 79.2561 -8.8175 21.3445 -18.3817 28.6432 -4.7308 0.0000 0.0000 17.2726 -3.0819 -50.8253 2.3900 7.1250 -0.0000 -0.0000 64.7322 -71.6632 -46.2972
9.8383 15.1271 35.1535 186.5520 -15.1966 173.0330 0.0000 0.0000 0.0000 -9.4238 -13.6408 -12.9646 14.9637 19.3807 75.1273 0.0074 -0.6740 -1.5347 0.6621 -5.2041 -14.4917 0.0000 0.0000 0.0000 34.5173 8.7498 5.4577 -0.9569 -6.2289 17.4500 -0.3245 -13.7709 -22.9240 -0.0108 -0.6702 1.8417 0.3701 0.6554 7.2598 0.8578 0.9405 -3.5478 0.5664 0.4492 -7.8189 -10.1160 -7.1651 -0.5598 9.5342 -10.2435 7.0267 4.1399 -5.1746 3.1853 0.0000 0.0000 0.0000 -85.6237 13.3260 14.8948 30.1330 -41.0072 -11.4968 -0.0000 -0.0000 0.9414 12.7064 -33.1304 -7.0253 -7.1250 0.0000 -0.0000 -10.8354 -3.2713 11.6415 0.0000 0.0000 0.0000 78.6954 -8.0744 24.1721 -18.8408 29.2204 -4.9529 0.0000 0.0000 16.6715 -3.3856 -50.4971 2.6135 7.1250 -0.0000 -0.0000 63.6237 -71.6355 -45.3019
9.8428 15.0847 34.9499 186.4690 -15.0139 172.9580 0.0000 0.0000 0.0000 -10.6790 -13.7002 -16.6383 15.3217 19.4670 76.2039 0.0451 -1.4514 -3.7707 1.3673 -7.4005 -20.9074 0.0000 0.0000 0.0000 35.0156 8.8822 5.9087 -1.0894 -6.6333 18.6334 -0.4552 -13.9015 -24.2518 -0.0027 -0.3337 0.9168 0.8337 0.7387 7.2898 0.8979 1.1057 -3.3581 0.3253 0.5097 -7.6264 -9.9715 -7.1355 -0.2655 9.1081 -10.1303 6.4631 4.0152 -5.1231 2.9296 -0.0000 0.0000 0.0000 -84.5284 12.8380 14.6082 29.6205 -40.5659 -11.1620 -0.0000 0.0000 -0.2409 14.8226 -32.8784 -8.1751 -7.1250 0.0000 -0.0000 -9.6331 -3.3665 10.3258 -0.0000 0.0000 0.0000 79.2187 -6.2704 25.0590 -18.2429 28.4671 -4.6644 0.0000 0.0000 17.2902 -2.8695 -50.3235 2.2093 7.1250 -0.0000 -0.0000 63.5002 -71.3800 -44.9024
9.8348 15.0426 34.7203 186.6970 -14.7414 172.8360 0.0000 0.0000 0.0000 -11.6937 -13.7267 -19.6265 14.8409 19.3495 74.7569 0.1255 -4.2500 -6.5318 1.4451 -7.5993 -21.5035 0.0000 0.0000 0.0000 35.6212 8.5986 6.1877 -1.2365 -7.0516 19.8683 -0.6427 -13.4568 -25.3454 -0.0011 -0.2148 0.5901 1.7081 0.8971 7.6078 0.9017 1.4138 -3.6169 -0.2103 0.6075 -8.0698 -9.8513 -6.9952 0.4421 8.6728 -9.9467 6.1383 3.9085 -5.0546 2.6719 -0.0000 -0.0000 0.0000 -83.2361 13.5812 14.6380 28.8079 -39.8494 -10.6374 -0.0000 0.0000 -0.3138 14.7057 -31.6718 -7.8460 -7.1250 0.0000 -0.0000 -9.5760 -2.1502 10.0682 -0.0000 -0.0000 0.0000 80.0569 -5.5396 25.4928 -17.7198 27.7970 -4.4178 0.0000 0.0000 18.3389 -3.8345 -49.3506 2.9111 7.1250 -0.0000 -0.0000 60.2243 -71.2834 -42.0065
9.8074 14.9820 34.4961 186.4210 -14.4674 172.6710 0.0000 0.0000 0.0000 -13.3806 -13.9533 -21.7813 13.7196 19.0268 71.3463 0.2482 -6.4988 -9.3244 1.7414 -8.3053 -23.6454 0.0000 0.0000 0.0000 35.6985 8.3652 6.4069 -1.4677 -7.6561 21.6744 -0.8784 -12.7868 -26.5358 -0.0066 -0.5265 1.4469 1.6110 0.9543 7.2101 0.9984 1.4771 -3.1455 -0.0534 0.6586 -7.3370 -9.5071 -6.9412 0.1506 8.0440 -9.7819 6.0645 3.6635 -4.9633 2.6357 0.0000 0.0000 0.0000 -82.8515 12.8931 11.7592 26.3899 -37.5912 -9.1245 -0.0000 -0.0000 2.3928 11.9983 -32.9581 -6.5952 -7.1250 0.0000 -0.0000 -11.2130 -2.9933 12.0108 0.0000 0.0000 0.0000 80.6650 -3.7597 26.0975 -16.9228 26.7558 -4.0525 0.0000 0.0000 19.8925 -5.2292 -46.2674 3.7835 7.1250 -0.0000 -0.0000 51.5574 -70.1207 -33.7922
9.7788 14.9430 34.2749 186.1390 -14.0291 173.1050 0.0000 0.0000 0.0000 -14.5894 -14.8678 -23.8871 12.1345 18.4469 66.4146 0.3521 -7.7359 -11.1111 2.3037 -9.4719 -27.2830 0.0000 0.0000 0.0000 35.8619 8.9519 6.4492 -1.6705 -8.1430 23.1493 -1.0735 -12.0881 -27.3506 -0.0158 -0.8120 2.2318 1.3809 0.9078 6.9849 1.1089 1.3897 -3.2850 0.2065 0.6264 -7.3646 -9.6380 -6.6582 0.3679 7.9067 -9.3928 5.9001 3.6724 -4.7779 2.5164 0.0000 0.0000 0.0000 -82.8428 13.4819 8.8614 24.2613 -35.4394 -7.8576 -0.0000 -0.0000 4.4423 13.0423 -32.1006 -7.0177 -7.1250 0.0000 -0.0000 -10.5542 -2.3091 11.1589 0.0000 0.0000 0.0000 81.2673 -3.1784 26.9600 -17.0274 26.8938 -4.0997 0.0000 0.0000 21.4216 -3.0974 -46.3668 2.2428 7.1250 -0.0000 -0.0000 53.6238 -69.4643 -34.6882
9.7383 14.9321 34.0420 186.0060 -13.6741 173.1610 0.0000 0.0000 0.0000 -15.2444 -16.2998 -24.9719 10.3241 17.5881 60.5660 0.4979 -8.0847 -12.9560 3.7599 -11.8339 -35.1470 0.0000 0.0000 0.0000 36.2435 9.2607 7.5091 -1.6894 -8.1867 23.2827 -0.9952 -12.9292 -27.5429 -0.0389 -1.2731 3.5005 1.2283 0.8730 7.1365 1.1993 1.3369 -3.2445 0.3920 0.6104 -7.4153 -9.4604 -6.5070 -0.1163 7.5178 -9.1190 6.0573 3.5198 -4.6322 2.5927 0.0000 -0.0000 0.0000 -82.9871 13.9938 5.7884 22.4324 -33.4622 -6.8227 -0.0000 -0.0000 5.8306 13.0148 -30.8680 -6.7631 -7.1250 0.0000 -0.0000 -10.4640 -1.0875 10.8419 0.0000 -0.0000 0.0000 81.9178 -2.7727 26.7508 -17.5887 27.6274 -4.3568 0.0000 0.0000 21.6402 -0.8862 -45.4457 0.6315 7.1250 -0.0000 -0.0000 53.5839 -68.2056 -33.2886
9.6782 14.9098 33.8267 185.3520 -13.4197 173.7610 0.0000 0.0000 0.0000 -15.6697 -18.2688 -25.6976 8.5671 16.5209 54.5805 0.6244 -7.0304 -14.1851 3.0998 -10.8549 -31.7921 0.0000 0.0000 0.0000 35.7255 9.2775 7.6368 -1.7834 -8.3995 23.9342 -1.0872 -12.7696 -28.0605 -0.1391 -2.4038 6.6231 0.8156 0.8694 7.0404 0.9445 1.2776 -3.2069 0.3652 0.5981 -7.3218 -9.3591 -6.4540 -0.1736 7.7012 -8.9953 5.3434 3.5743 -4.5523 2.3828 -0.0000 -0.0000 0.0000 -83.0457 14.5557 2.7330 20.8742 -31.6813 -5.9838 -0.0000 -0.0000 7.5937 11.5188 -30.7079 -5.9414 -7.1250 0.0000 -0.0000 -11.3048 -0.7115 11.6728 -0.0000 -0.0000 0.0000 82.4634 -2.4737 26.3951 -18.8083 29.1797 -4.9370 0.0000 0.0000 18.4428 7.1316 -46.9436 -5.2235 7.1250 -0.0000 -0.0000 63.1652 -66.4796 -38.7122
9.6034 14.8886 33.6227 185.5180 -12.6028 173.8660 0.0000 0.0000 0.0000 -14.3466 -21.0067 -25.6171 7.1436 15.4516 49.4153 0.6913 -3.8447 -14.8750 4.8136 -13.1708 -40.0112 0.0000 0.0000 0.0000 36.1200 9.2200 8.4997 -1.7768 -8.3847 23.8888 -0.9435 -13.5492 -27.7527 -0.0162 -0.8213 2.2573 1.0753 0.9040 7.2933 0.9591 1.3571 -3.0578 0.2210 0.6268 -7.3036 -9.0403 -6.3376 -0.2912 7.3262 -8.7453 4.4754 3.8054 -4.4308 2.3205 0.0000 -0.0000 0.0000 -83.7043 15.4778 -1.2354 20.4222 -31.1477 -5.7482 -0.0000 -0.0000 9.4701 9.2120 -30.1359 -4.6549 -7.1250 0.0000 -0.0000 -12.5864 0.1567 12.8665 0.0000 -0.0000 0.0000 82.1895 -2.7554 27.6867 -19.9857 30.6251 -5.5241 0.0000 0.0000 16.8666 5.8519 -45.9305 -4.2116 7.1250 -0.0000 -0.0000 60.1856 -66.3558 -36.1842
9.5179 14.8721 33.4215 185.3070 -11.3195 174.3520 0.0000 0.0000 0.0000 -12.4871 -23.8323 -25.5335 6.0119 14.4399 45.0296 0.7716 -2.4995 -15.9373 3.8769 -11.9947 -35.7133 0.0000 0.0000 0.0000 35.8388 9.5038 8.7357 -1.8682 -8.5859 24.5083 -1.1033 -12.7599 -28.1662 -0.0492 -1.4308 3.9349 0.8849 1.0386 7.3529 0.7851 1.5104 -3.0762 0.1232 0.7075 -7.3572 -8.8924 -6.1204 -0.1857 7.5982 -8.4428 3.8920 3.8947 -4.2701 2.0854 0.0000 -0.0000 0.0000 -84.0916 16.5878 -5.0722 19.9158 -30.5408 -5.4885 -0.0000 -0.0000 9.1492 7.5329 -29.0119 -3.6696 -7.1250 0.0000 -0.0000 -13.5005 1.4520 13.5384 0.0000 -0.0000 0.0000 81.9976 -3.0054 28.0502 -20.8312 31.6308 -5.9612 0.0000 0.0000 16.7078 4.7568 -44.5327 -3.3399 7.1250 -0.0000 -0.0000 56.6800 -65.9156 -32.9752
9.4229 14.8405 33.2256 184.8010 -9.8709 174.9190 0.0000 0.0000 0.0000 -10.5206 -26.6895 -25.1597 5.1868 13.5911 41.6235 0.7777 -1.1924 -16.3008 3.3827 -11.2903 -33.2652 0.0000 0.0000 0.0000 35.1314 9.8526 8.5108 -2.0997 -9.0707 26.0166 -1.2901 -11.5387 -28.4240 -0.0437 -1.3491 3.7100 0.3567 1.1747 7.2284 0.5529 1.6258 -2.9832 0.1636 0.7864 -7.1932 -9.1453 -5.8545 -0.4100 8.4722 -8.1047 3.8685 3.8257 -4.0741 1.9296 0.0000 -0.0000 0.0000 -84.7890 17.3635 -9.8138 19.6950 -30.2731 -5.3767 -0.0000 -0.0000 9.6468 5.1944 -29.3243 -2.5493 -7.1250 0.0000 -0.0000 -14.8524 1.3971 15.0028 0.0000 -0.0000 0.0000 81.3807 -2.3105 28.1583 -20.5671 31.3196 -5.8233 0.0000 0.0000 17.3748 3.1544 -45.3857 -2.2466 7.1250 -0.0000 -0.0000 56.9136 -66.8937 -34.3121
9.3206 14.8095 33.0344 184.5900 -8.3646 174.8770 0.0000 0.0000 0.0000 -8.5381 -28.4230 -24.1677 4.5617 12.8725 38.8930 0.8241 -1.0846 -16.8215 2.9466 -10.6081 -30.9692 0.0000 0.0000 0.0000 34.7892 9.9631 8.8442 -2.3126 -9.4890 27.3372 -1.4079 -10.9903 -28.7924 -0.0809 -1.8347 5.0491 0.3601 1.2128 8.2580 0.0424 1.6526 -3.1403 -0.4044 0.7829 -7.9421 -8.7562 -5.5093 -0.1319 8.4126 -7.6553 3.4612 4.1945 -3.8711 1.8951 -0.0000 0.0000 0.0000 -84.2762 18.6242 -13.7047 19.7184 -30.3016 -5.3885 -0.0000 -0.0000 9.0013 0.2715 -29.0692 -0.1319 -7.1250 0.0000 -0.0000 -17.6431 2.0608 17.8760 -0.0000 0.0000 0.0000 81.1979 -2.4430 27.9998 -21.0194 31.8509 -6.0602 0.0000 0.0000 15.8037 6.5412 -48.2419 -4.8889 7.1250 -0.0000 -0.0000 65.3432 -67.2886 -41.5377
9.2008 14.7859 32.8317 183.7530 -7.5990 175.0770 0.0000 0.0000 0.0000 -7.8220 -29.9444 -22.9209 4.0371 12.2097 36.4778 0.8324 -1.4107 -16.8202 2.7799 -10.3299 -30.0516 0.0000 0.0000 0.0000 33.5933 9.6266 8.4560 -2.6621 -10.1269 29.3886 -1.4996 -10.5628 -29.0820 -0.0633 -1.6233 4.4656 -0.5369 1.2077 8.0603 -0.3781 1.5165 -2.8452 -0.3140 0.7520 -7.5242 -9.3488 -5.1889 -0.0767 9.8128 -7.2702 3.1262 4.3165 -3.6613 1.6370 0.0000 0.0000 0.0000 -83.1604 19.2612 -15.5161 19.4822 -30.0134 -5.2699 -0.0000 -0.0000 9.0981 -1.6623 -29.2731 0.8130 -7.1250 0.0000 -0.0000 -18.7220 1.9924 19.1214 0.0000 0.0000 0.0000 79.8058 -2.3112 27.9715 -21.2459 32.1143 -6.1802 0.0000 0.0000 14.8427 6.9479 -48.7132 -5.2319 7.1250 -0.0000 -0.0000 66.6351 -67.3714 -42.7370
9.0785 14.7267 32.6325 183.2000 -7.0833 175.2210 0.0000 0.0000 0.0000 -7.1882 -31.3307 -21.9580 3.8474 11.9545 35.5713 0.8195 -1.5359 -16.6544 2.3982 -9.6504 -27.8520 0.0000 0.0000 0.0000 32.8622 9.6875 7.7726 -3.2011 -11.0136 32.3258 -1.6483 -10.1667 -29.7718 -0.0695 -1.7010 4.6800 -1.4666 1.3282 8.1826 -0.6662 1.5473 -2.7710 -0.1011 0.8012 -7.5343 -9.7627 -5.1429 0.4878 10.3129 -7.2178 2.3514 4.5638 -3.6510 1.3449 0.0000 -0.0000 0.0000 -81.4173 19.9028 -16.4511 19.4005 -29.9133 -5.2291 -0.0000 -0.0000 10.9421 -3.8795 -29.5722 1.9168 -7.1250 0.0000 -0.0000 -19.9386 1.8264 20.5944 0.0000 -0.0000 0.0000 78.2410 -2.9517 26.9391 -21.7849 32.7331 -6.4692 0.0000 0.0000 14.2388 6.8643 -49.6154 -5.2391 7.1250 -0.0000 -0.0000 68.5210 -67.7862 -44.8970
8.9393 14.6404 32.4234 182.6860 -7.1265 175.0760 0.0000 0.0000 0.0000 -7.7004 -31.3628 -20.8925 3.8154 11.9106 35.4165 0.9166 -1.5203 -17.6445 2.5433 -9.9163 -28.7061 0.0000 0.0000 0.0000 31.9608 8.7212 7.6924 -3.6031 -11.6126 34.3751 -1.8952 -9.8425 -31.1107 -0.0574 -1.5458 4.2521 -2.2658 1.3980 8.5905 -1.0236 1.5054 -2.6522 -0.0303 0.8046 -7.6564 -10.1513 -5.1796 0.5859 10.7720 -7.2960 2.3241 4.7672 -3.6956 1.3598 -0.0000 0.0000 0.0000 -79.1243 20.4774 -16.9824 19.9342 -30.5630 -5.4979 -0.0000 -0.0000 11.0787 -5.9984 -29.1529 2.9302 -7.1250 0.0000 -0.0000 -21.1117 2.3040 21.8007 -0.0000 0.0000 0.0000 76.6288 -3.8489 25.5212 -22.3624 33.3842 -6.7842 0.0000 0.0000 13.3691 8.1910 -50.1943 -6.3101 7.1250 -0.0000 -0.0000 70.7044 -67.5868 -46.5698
8.8038 14.5644 32.2005 182.6110 -8.4689 175.1390 0.0000 0.0000 0.0000 -8.7525 -28.7074 -22.5148 4.2372 12.4695 37.4139 0.9011 -2.6329 -17.2440 3.1825 -10.9847 -32.2283 0.0000 0.0000 0.0000 31.6892 7.2976 8.9660 -3.3941 -11.3072 33.3231 -2.2755 -10.3338 -33.6869 -0.1610 -2.5855 7.1267 -2.7183 1.2155 8.5563 -1.3378 1.1791 -2.5371 -0.0541 0.6519 -7.5118 -10.9347 -5.3772 0.5490 11.7504 -7.6247 2.4771 5.1790 -3.8652 1.5131 -0.0000 0.0000 0.0000 -76.5570 20.1534 -17.4020 20.6918 -31.4668 -5.8882 -0.0000 -0.0000 10.0742 -4.0757 -28.6841 1.9588 -7.1250 0.0000 -0.0000 -20.0775 2.6733 20.4341 -0.0000 0.0000 0.0000 75.2793 -5.1181 22.8223 -22.7321 33.7945 -6.9887 0.0000 0.0000 13.0411 7.2991 -51.2181 -5.7020 7.1250 -0.0000 -0.0000 72.4236 -68.2624 -48.9990
8.6506 14.4765 31.9606 183.1430 -10.2774 174.9590 0.0000 0.0000 0.0000 -9.1952 -27.7117 -24.5756 4.9767 13.3575 40.7218 0.8005 -6.4900 -15.9635 3.5770 -11.5752 -34.2454 0.0000 0.0000 0.0000 32.4426 6.2110 11.9374 -2.7869 -10.3418 30.0907 -2.5188 -12.0174 -36.1323 -0.1882 -2.7942 7.7062 -2.4788 1.2063 8.1723 -1.3760 1.2230 -2.0142 -0.2165 0.6562 -6.7273 -12.0521 -5.9097 0.4290 12.8020 -8.3274 1.9449 5.6584 -4.2160 1.5514 -0.0000 -0.0000 0.0000 -74.1164 18.2283 -17.2765 21.2831 -32.1573 -6.1999 -0.0000 -0.0000 8.6849 1.4771 -29.3563 -0.7242 -7.1250 0.0000 -0.0000 -16.9628 1.6973 17.2330 -0.0000 -0.0000 0.0000 73.8403 -6.9598 19.5735 -23.4559 34.5836 -7.3955 0.0000 0.0000 11.0938 5.2774 -53.0760 -4.2232 7.1250 -0.0000 -0.0000 75.7236 -69.5430 -53.7062
8.4853 14.4072 31.7289 183.4490 -12.4679 175.3910 0.0000 0.0000 0.0000 -9.7744 -28.2878 -26.0854 5.5531 13.9809 43.1608 0.8976 -7.2656 -16.9329 4.2826 -12.5272 -37.6236 0.0000 0.0000 0.0000 32.9364 5.4190 14.0337 -2.2946 -9.4545 27.2277 -2.3908 -14.8130 -37.4679 -0.1279 -2.3055 6.3508 -2.5047 1.4300 7.7808 -1.6215 1.5057 -2.1509 -0.4906 0.7874 -6.6470 -12.8640 -6.6688 1.4318 13.7670 -9.4691 1.3506 6.0817 -4.8289 1.4440 -0.0000 -0.0000 0.0000 -71.4980 16.8120 -15.6116 22.4649 -33.4985 -6.8407 -0.0000 -0.0000 6.0998 6.2476 -30.0407 -3.1370 -7.1250 0.0000 -0.0000 -14.2724 0.5953 14.5848 -0.0000 -0.0000 0.0000 72.9051 -10.5068 15.9495 -24.5099 35.6988 -8.0021 0.0000 0.0000 9.4400 6.1606 -54.3856 -5.0148 7.1250 -0.0000 -0.0000 79.5398 -69.5863 -57.4390
8.3212 14.3714 31.4998 183.9500 -13.4028 175.3690 0.0000 0.0000 0.0000 -10.2340 -28.4248 -26.3203 6.0459 14.4726 45.1655 1.1476 -9.1700 -19.2523 4.6283 -12.9526 -39.1912 0.0000 0.0000 0.0000 33.3541 4.6437 15.7204 -2.0532 -8.9761 25.7206 -2.2913 -15.5379 -37.5204 -0.1993 -2.8747 7.9301 -2.5483 1.9107 7.7996 -1.7987 2.1260 -2.1073 -0.7351 1.0869 -6.6145 -13.0872 -7.3127 1.8097 14.5288 -10.3708 0.6636 6.3363 -5.3047 1.3585 0.0000 0.0000 0.0000 -69.4704 15.6858 -13.9598 24.1459 -35.3182 -7.7908 -0.0000 -0.0000 2.9675 11.1927 -30.9128 -5.8044 -7.1250 0.0000 -0.0000 -11.5050 -0.8670 11.9192 0.0000 0.0000 0.0000 72.5206 -12.7648 12.2213 -24.4637 35.6508 -7.9752 0.0000 0.0000 9.3661 7.9319 -53.3171 -6.3756 7.1250 -0.0000 -0.0000 77.7787 -68.7175 -54.6166
8.1743 14.4020 31.2924 183.5650 -14.1426 175.7830 0.0000 0.0000 0.0000 -11.5084 -28.5123 -25.7438 6.1284 14.5517 45.4950 1.3234 -10.9670 -20.8322 4.2080 -12.4321 -37.2782 0.0000 0.0000 0.0000 32.5389 4.0688 15.8993 -2.1118 -9.0952 26.0936 -1.9283 -15.9370 -35.9584 -0.2555 -3.2520 8.9811 -3.6035 2.2897 7.7350 -2.2128 2.4697 -2.1492 -0.6242 1.2771 -6.6575 -13.3855 -7.8343 2.0724 15.0386 -11.0916 0.1637 6.5244 -5.6835 1.3191 0.0000 0.0000 0.0000 -67.5866 14.2297 -13.4291 24.9676 -36.1709 -8.2708 -0.0000 -0.0000 1.1916 13.5254 -31.3683 -7.1371 -7.1250 0.0000 -0.0000 -10.2163 -1.6607 10.6774 0.0000 0.0000 0.0000 72.4840 -13.5357 8.7561 -23.3395 34.4580 -7.3295 0.0000 0.0000 11.5656 10.4756 -52.6780 -8.3648 7.1250 -0.0000 -0.0000 77.7101 -67.6912 -53.2099
8.0262 14.4526 31.0945 183.5500 -14.8222 176.1010 0.0000 0.0000 0.0000 -12.4763 -28.5131 -24.9416 6.0781 14.5036 45.2943 1.5368 -11.8807 -22.4862 4.4472 -12.7328 -38.3764 0.0000 0.0000 0.0000 31.6831 3.3548 14.4809 -2.6436 -10.0944 29.2829 -1.8583 -14.0506 -34.0263 -0.2165 -2.9954 8.2661 -3.7361 2.3518 7.6854 -2.7203 2.4785 -2.2186 -1.0823 1.2642 -6.6884 -13.7144 -8.0850 2.3560 15.3879 -11.4498 -0.1932 6.6856 -5.8793 1.2619 -0.0000 -0.0000 0.0000 -65.7040 12.9934 -13.1964 25.0863 -36.2920 -8.3409 -0.0000 0.0000 -0.1422 12.9068 -30.7245 -6.6777 -7.1250 0.0000 -0.0000 -10.5138 -0.9296 10.8665 -0.0000 -0.0000 0.0000 72.2751 -14.0954 7.6240 -22.8071 33.8772 -7.0305 0.0000 0.0000 13.5077 9.7866 -50.1380 -7.5422 7.1250 -0.0000 -0.0000 71.6613 -67.0480 -46.7210
7.8735 14.5263 30.9203 183.4290 -15.1495 176.5380 0.0000 0.0000 0.0000 -13.4331 -28.2834 -24.0663 5.9179 14.3483 44.6513 1.7185 -12.3678 -23.7771 4.2505 -12.4865 -37.4755 0.0000 0.0000 0.0000 30.3978 2.7970 11.2080 -3.6765 -11.7170 34.7382 -1.3978 -11.9943 -29.5319 -0.2768 -3.3842 9.3503 -3.7424 2.2812 7.5648 -3.1964 2.3286 -2.2865 -1.5536 1.1683 -6.6717 -13.9402 -8.0415 2.1959 15.5316 -11.3639 -0.3217 6.7658 -5.8320 1.2608 0.0000 0.0000 0.0000 -64.3045 12.3905 -12.5919 24.9078 -36.1096 -8.2355 -0.0000 0.0000 -0.4995 12.8510 -30.1891 -6.5442 -7.1250 0.0000 -0.0000 -10.5035 -0.3920 10.7570 0.0000 0.0000 0.0000 71.5708 -13.5214 7.6571 -22.1834 33.1836 -6.6859 0.0000 0.0000 15.4550 10.7981 -49.5352 -8.2563 7.1250 -0.0000 -0.0000 71.0907 -66.4869 -45.4631
7.7558 14.6011 30.7715 183.3610 -15.1474 176.3340 0.0000 0.0000 0.0000 -14.4347 -27.4063 -22.4681 5.6516 14.0820 43.5667 1.7940 -14.0047 -24.5198 3.6006 -11.6091 -34.3627 0.0000 0.0000 0.0000 29.5029 2.1972 7.9333 -5.0029 -13.3871 40.8352 -0.9074 -11.0276 -25.1332 -0.5599 -4.7930 13.3190 -4.0948 2.4955 8.1855 -3.5050 2.5011 -2.0890 -1.7267 1.2481 -6.8234 -14.1903 -8.0950 2.7133 15.7458 -11.3885 -1.5048 6.9236 -5.8730 0.8661 -0.0000 0.0000 0.0000 -63.2174 11.0553 -11.7906 24.0720 -35.2403 -7.7480 -0.0000 -0.0000 0.5509 12.3993 -30.1690 -6.3049 -7.1250 0.0000 -0.0000 -10.7614 -0.3062 11.0145 -0.0000 0.0000 0.0000 70.7267 -13.2366 8.3495 -22.6673 33.7230 -6.9527 0.0000 0.0000 14.8601 10.7465 -48.6627 -8.1102 7.1250 -0.0000 -0.0000 69.2849 -66.1416 -43.4109
7.6500 14.6811 30.6433 182.9200 -15.3593 176.0330 0.0000 0.0000 0.0000 -15.9083 -26.4108 -20.4880 5.2511 13.6611 41.8964 1.7335 -12.8624 -23.9461 4.1128 -12.3090 -36.8341 0.0000 0.0000 0.0000 28.2058 0.4208 4.4347 -6.3532 -14.7621 46.3832 -0.3237 -11.9394 -20.7778 -0.8433 -5.8573 16.3709 -4.8816 2.5250 8.9234 -3.7334 2.3586 -1.9402 -1.5381 1.1914 -7.1170 -14.1227 -8.0748 2.6737 15.0974 -11.3340 -1.2769 6.7068 -5.8248 0.8856 0.0000 -0.0000 0.0000 -62.7507 9.7687 -10.6829 23.1180 -34.2176 -7.2045 -0.0000 -0.0000 1.5211 12.0135 -29.6300 -6.0059 -7.1250 0.0000 -0.0000 -10.9451 0.2809 11.0960 0.0000 -0.0000 0.0000 69.6561 -12.2213 9.0637 -23.2625 34.3746 -7.2859 0.0000 0.0000 14.2904 10.3401 -48.7190 -7.8072 7.1250 -0.0000 -0.0000 69.1050 -66.2935 -43.4574
7.5469 14.7513 30.5093 183.0280 -15.9344 175.7370 0.0000 0.0000 0.0000 -16.6599 -25.7366 -19.0000 4.9546 13.3324 40.6260 1.5615 -13.1265 -22.8551 3.8469 -11.9539 -35.5690 0.0000 0.0000 0.0000 27.6731 -1.9070 1.9003 -7.3129 -15.5898 50.0480 -0.1392 -11.9201 -18.7188 -1.0540 -6.5280 18.3243 -4.9387 2.4145 8.9585 -3.7478 2.1962 -1.9959 -1.5005 1.1146 -7.1968 -14.4130 -7.9078 3.2334 14.6012 -11.2184 -0.5220 6.6150 -5.7674 0.9803 0.0000 -0.0000 0.0000 -62.8220 8.9602 -8.5724 22.3730 -33.3960 -6.7900 -0.0000 -0.0000 2.0041 13.4284 -28.7428 -6.5496 -7.1250 0.0000 -0.0000 -10.0595 0.9567 10.0470 0.0000 -0.0000 0.0000 68.6791 -11.5016 9.7636 -23.9297 35.0898 -7.6661 0.0000 0.0000 13.3682 9.4205 -48.7523 -7.1108 7.1250 -0.0000 -0.0000 68.5099 -66.5986 -43.3453
7.4599 14.8103 30.3837 183.1140 -16.8790 175.5880 0.0000 0.0000 0.0000 -17.3135 -25.4476 -17.7621 4.6984 13.0359 39.5029 1.5089 -12.9464 -22.4680 4.5768 -12.8907 -38.9607 0.0000 0.0000 0.0000 27.4141 -4.1398 -0.5794 -8.0202 -16.1341 52.6353 0.1892 -11.6979 -13.6664 -0.1476 -2.4758 6.8226 -5.1338 2.4058 8.4544 -3.6863 2.2289 -1.6650 -1.2952 1.1326 -6.5657 -14.3433 -8.1320 3.0650 13.8847 -11.5066 0.0572 6.3448 -5.8892 1.1703 -0.0000 0.0000 0.0000 -64.5333 5.9091 -7.4280 21.4741 -32.3775 -6.3019 -0.0000 -0.0000 4.2415 14.2026 -28.5441 -6.8955 -7.1250 0.0000 -0.0000 -9.5912 1.0401 9.5511 -0.0000 0.0000 0.0000 68.1855 -9.6064 9.3334 -24.0007 35.1650 -7.7069 0.0000 0.0000 12.8709 6.0128 -49.8103 -4.6003 7.1250 -0.0000 -0.0000 68.3605 -68.1454 -45.2144
7.4030 14.8565 30.2766 183.2880 -17.5502 175.1290 0.0000 0.0000 0.0000 -17.7590 -25.0792 -16.3381 4.4715 12.7627 38.4866 1.3400 -14.1938 -21.5727 3.8681 -11.9828 -35.6712 0.0000 0.0000 0.0000 27.7034 -5.8622 -2.0075 -8.4375 -16.4318 54.1238 0.8499 -16.3302 -9.2692 -0.8785 -5.9755 16.7133 -5.0138 2.6263 8.7690 -3.8692 2.4836 -1.7288 -1.6097 1.2463 -6.8055 -13.5461 -8.4387 3.8277 12.9134 -11.9681 0.2456 5.9347 -6.1317 1.0567 0.0000 0.0000 0.0000 -66.0112 4.5310 -3.6502 21.6931 -32.6285 -6.4196 -0.0000 -0.0000 4.1100 15.4911 -28.8180 -7.6095 -7.1250 0.0000 -0.0000 -8.8592 0.5682 8.8780 0.0000 0.0000 0.0000 68.5962 -8.5326 9.5747 -23.7880 34.9393 -7.5848 0.0000 0.0000 11.9301 3.8596 -53.3273 -3.0973 7.1250 -0.0000 -0.0000 75.6070 -70.0976 -54.2917
7.3549 14.8900 30.1963 183.4600 -17.9426 174.8500 0.0000 0.0000 0.0000 -18.0265 -24.7002 -15.4990 4.3539 12.6170 37.9512 1.3868 -13.7332 -21.7890 4.4830 -12.7767 -38.5384 0.0000 0.0000 0.0000 27.8571 -6.5584 -2.5016 -8.3161 -16.3469 53.6934 1.3931 -20.3681 -6.5986 -1.3671 -7.4001 20.9062 -4.9450 2.7924 8.9041 -3.7452 2.7244 -1.6632 -1.5581 1.3680 -6.8175 -14.2697 -8.4789 4.0908 13.1264 -12.0790 0.2234 6.1187 -6.1944 1.0798 -0.0000 0.0000 0.0000 -68.6456 3.5797 0.4323 22.3253 -33.3427 -6.7638 -0.0000 -0.0000 3.2905 16.1679 -29.3223 -8.0808 -7.1250 0.0000 -0.0000 -8.5102 -0.0464 8.6126 -0.0000 0.0000 0.0000 69.0030 -6.3407 10.1900 -22.8148 33.8856 -7.0348 0.0000 0.0000 11.2618 -4.1157 -50.0585 3.1577 7.1250 -0.0000 -0.0000 61.9198 -71.7054 -43.9162
7.3064 14.9384 30.1092 184.0670 -18.3031 174.6500 0.0000 0.0000 0.0000 -17.7174 -24.3602 -14.8607 4.2386 12.4713 37.4202 1.2583 -13.7720 -20.8988 4.6104 -12.9311 -39.1112 0.0000 0.0000 0.0000 28.1240 -7.6903 -1.9139 -7.8238 -15.9882 51.9257 1.5539 -21.8153 -3.7994 -1.4031 -7.4928 21.1839 -4.1234 2.8030 8.5906 -3.6406 2.8871 -1.6100 -1.9093 1.4270 -6.5421 -14.1777 -8.6486 4.0574 12.6351 -12.2770 0.2589 5.9415 -6.2826 1.0859 0.0000 0.0000 0.0000 -71.9059 2.9566 3.3055 22.9302 -34.0124 -7.0992 -0.0000 -0.0000 3.2160 17.0092 -29.9419 -8.6811 -7.1250 0.0000 -0.0000 -8.0839 -0.8103 8.2798 0.0000 0.0000 0.0000 69.8378 -3.7496 11.9865 -21.5382 32.4512 -6.3363 0.0000 0.0000 11.5055 -5.7532 -52.2295 4.5535 7.1250 -0.0000 -0.0000 67.2534 -73.1488 -50.2355
7.2660 14.9810 30.0247 184.1970 -18.9060 174.6460 0.0000 0.0000 0.0000 -17.8986 -24.1795 -14.4587 4.1275 12.3281 36.9027 1.0631 -13.3375 -19.3593 4.5487 -12.8568 -38.8349 0.0000 0.0000 0.0000 27.7629 -8.6636 -0.5929 -7.1647 -15.4690 49.4945 1.3647 -20.9077 -1.8600 -0.9735 -6.2813 17.6029 -4.0772 2.8016 8.3894 -3.4474 2.9263 -1.7442 -1.7331 1.4569 -6.5766 -14.4565 -8.6857 3.9221 12.2885 -12.3349 0.7067 5.8563 -6.3033 1.2415 -0.0000 0.0000 0.0000 -76.2467 2.9243 4.6218 23.4138 -34.5382 -7.3716 -0.0000 -0.0000 3.9607 15.5736 -30.7157 -8.1021 -7.1250 0.0000 -0.0000 -8.9880 -1.3420 9.3104 -0.0000 0.0000 0.0000 70.9323 -1.3729 14.3124 -20.2705 30.9669 -5.6699 0.0000 0.0000 13.1196 -4.4714 -52.8605 3.5671 7.1250 -0.0000 -0.0000 69.9085 -72.8881 -52.3470
7.2220 15.0219 29.9249 184.7680 -19.3433 174.5720 0.0000 0.0000 0.0000 -17.5577 -24.1452 -13.9985 4.0709 12.2542 36.6373 1.0232 -13.8359 -19.1942 4.3025 -12.5524 -37.7154 0.0000 0.0000 0.0000 27.9499 -9.2835 0.9416 -6.4072 -14.8116 46.5948 1.1757 -20.1775 0.4101 -0.6142 -5.0157 13.9535 -3.5080 2.7515 8.0743 -3.2154 2.9721 -1.9410 -1.8043 1.4750 -6.5845 -14.4333 -8.6055 4.0785 12.1407 -12.2294 0.5564 5.8255 -6.2519 1.1470 -0.0000 0.0000 0.0000 -80.4639 3.9350 6.4037 23.8873 -35.0449 -7.6418 -0.0000 -0.0000 3.3191 14.0971 -30.3949 -7.2412 -7.1250 0.0000 -0.0000 -9.8047 -0.7850 10.0862 -0.0000 0.0000 0.0000 72.7435 1.0248 17.1361 -18.8290 29.2056 -4.9471 0.0000 0.0000 15.7680 -4.4750 -51.5550 3.5076 7.1250 -0.0000 -0.0000 65.9439 -72.4446 -48.2613
7.1695 15.0809 29.8139 184.8980 -19.6438 175.1220 0.0000 0.0000 0.0000 -17.4898 -24.2071 -13.9586 4.0366 12.2089 36.4750 1.1020 -13.5741 -19.7126 4.7879 -13.1408 -39.8980 0.0000 0.0000 0.0000 27.8752 -9.8855 1.9916 -5.7136 -14.1449 43.8212 1.0917 -20.0346 1.7221 -0.5813 -4.8822 13.5730 -3.3465 2.8759 7.3336 -3.1837 3.1948 -2.1843 -1.8595 1.5831 -6.4104 -13.8464 -8.9298 3.4918 11.5981 -12.5629 0.7472 5.5190 -6.3960 1.2703 -0.0000 0.0000 0.0000 -84.3641 5.0583 6.8863 23.8262 -34.9800 -7.6067 -0.0000 -0.0000 5.9098 10.1868 -32.3808 -5.4968 -7.1250 0.0000 -0.0000 -12.1759 -2.1655 12.9182 -0.0000 0.0000 0.0000 75.3391 3.1925 19.6491 -17.7638 27.8537 -4.4383 0.0000 0.0000 18.4674 -3.6507 -50.9477 2.8365 7.1250 -0.0000 -0.0000 64.7053 -71.9144 -46.5625
7.1132 15.1158 29.6905 185.4760 -19.9460 174.7680 0.0000 0.0000 0.0000 -17.3410 -24.0796 -13.0162 3.9599 12.1069 36.1112 0.8527 -14.3655 -18.0471 3.6038 -11.6136 -34.3785 0.0000 0.0000 0.0000 28.2195 -10.8983 3.5544 -5.1258 -13.5240 41.3632 1.2106 -21.1034 1.9220 -1.0055 -6.3808 17.8933 -2.7364 2.8317 7.5316 -2.9390 3.2201 -2.2799 -1.9626 1.5862 -6.6016 -13.7434 -9.0341 3.0602 11.4635 -12.6234 0.5409 5.4418 -6.4103 1.2721 -0.0000 0.0000 0.0000 -87.7745 6.3403 5.3669 23.1304 -34.2311 -7.2115 -0.0000 -0.0000 10.3599 2.4881 -34.8229 -1.4214 -7.1250 0.0000 -0.0000 -16.5007 -3.6195 18.2639 -0.0000 0.0000 0.0000 77.4573 4.2742 25.0819 -17.5183 27.5360 -4.3242 0.0000 0.0000 20.5720 -5.2472 -46.8781 3.8349 7.1250 -0.0000 -0.0000 52.9475 -70.4821 -35.2438
7.0557 15.1517 29.5605 185.7840 -20.2504 174.4770 0.0000 0.0000 0.0000 -17.5259 -24.1048 -11.8904 3.8988 12.0245 35.8186 0.8276 -14.2704 -17.8177 3.4601 -11.4050 -33.6582 0.0000 0.0000 0.0000 28.3765 -11.5172 5.2002 -4.5831 -12.8984 38.9893 1.2209 -21.8534 3.2587 -0.8933 -6.0241 16.8542 -2.3565 2.8989 7.8936 -2.9260 3.3324 -2.4593 -2.2059 1.6266 -6.9764 -13.5454 -9.1796 3.2885 11.7545 -12.8046 -0.2281 5.5235 -6.5081 1.0395 -0.0000 -0.0000 0.0000 -88.9289 7.4977 5.1316 21.2144 -32.0778 -6.1634 -0.0000 -0.0000 12.8068 -3.8130 -37.0442 2.2992 -7.1250 0.0000 -0.0000 -19.8057 -5.2387 22.8875 -0.0000 -0.0000 0.0000 79.9069 4.3581 30.0764 -18.4701 28.7549 -4.7732 0.0000 0.0000 21.2055 0.3245 -44.7023 -0.2283 7.1250 -0.0000 -0.0000 53.1741 -67.3793 -32.0701
7.0131 15.1760 29.4132 187.2810 -20.4453 174.3880 0.0000 0.0000 0.0000 -15.9335 -24.2907 -12.1066 4.0217 12.1893 36.4048 0.8477 -14.7873 -18.1540 3.1452 -10.9265 -32.0326 0.0000 0.0000 0.0000 30.2609 -11.4549 6.5415 -3.9712 -12.1220 36.1650 1.4156 -23.6584 3.8896 -1.0669 -6.5665 18.4373 -1.2012 2.8630 7.6557 -2.4589 3.4732 -2.7072 -2.3767 1.6706 -7.0563 -13.7719 -9.2999 2.9372 12.0821 -12.9279 -0.4175 5.6344 -6.5631 1.0938 -0.0000 -0.0000 0.0000 -88.8082 7.7909 2.6648 19.2479 -29.7256 -5.1532 -0.0000 -0.0000 17.2192 -11.2921 -36.0486 6.7017 -7.1250 0.0000 -0.0000 -23.5333 -4.0615 27.5014 -0.0000 -0.0000 0.0000 81.6259 3.9251 35.1761 -20.2562 30.9497 -5.6625 0.0000 0.0000 20.2097 5.5314 -43.3502 -3.8033 7.1250 -0.0000 -0.0000 55.2775 -64.9900 -30.8426
6.9066 15.2200 29.1949 186.1820 -20.1052 175.0480 0.0000 0.0000 0.0000 -17.5791 -23.5866 -10.4830 3.7400 11.8062 35.0497 0.8583 -14.4031 -18.1038 2.9390 -10.5957 -30.9282 0.0000 0.0000 0.0000 28.8104 -11.4967 8.3551 -3.5743 -11.5713 34.2316 1.3082 -23.7559 5.3828 -0.9183 -6.1056 17.0912 -1.9633 3.1924 6.6635 -2.6888 3.8316 -2.7938 -2.1792 1.8703 -6.6055 -14.4196 -9.3023 2.9783 12.9731 -12.9495 -0.9450 6.0153 -6.5850 1.0398 -0.0000 0.0000 0.0000 -87.8407 7.9767 -2.6667 17.8476 -27.9616 -4.4775 -0.0000 -0.0000 20.5714 -12.8646 -33.8631 7.2523 -7.1250 0.0000 -0.0000 -24.4155 -2.0261 27.8947 -0.0000 0.0000 0.0000 82.4925 3.6480 39.9970 -22.2590 33.2685 -6.7273 0.0000 0.0000 17.7650 11.9629 -42.2901 -8.1140 7.1250 -0.0000 -0.0000 59.0582 -62.5423 -30.4535
6.8099 15.2542 28.9784 185.6900 -19.4971 175.5270 0.0000 0.0000 0.0000 -18.3657 -22.7439 -9.3054 3.5281 11.5045 34.0009 0.8025 -14.7947 -17.8042 2.2740 -9.4148 -27.1017 0.0000 0.0000 0.0000 28.2058 -10.8033 10.0845 -3.2065 -11.0221 32.3543 1.4448 -24.9155 5.6697 -1.2460 -7.0774 19.9448 -2.1631 3.7048 6.0993 -2.9539 4.4697 -3.1802 -2.4013 2.1778 -6.6758 -14.0979 -9.5416 2.8467 12.8628 -13.2655 -0.7277 5.9014 -6.7409 1.1387 0.0000 0.0000 0.0000 -85.6381 8.7761 -7.4999 17.2027 -27.1242 -4.1793 -0.0000 -0.0000 24.2859 -5.7859 -33.5796 3.2077 -7.1250 0.0000 -0.0000 -20.8448 -1.8693 23.0779 0.0000 0.0000 0.0000 83.0708 2.6766 44.8480 -24.2849 35.4641 -7.8712 0.0000 0.0000 14.6635 6.8923 -43.2667 -4.7361 7.1250 -0.0000 -0.0000 56.3098 -64.5437 -31.0423
6.6910 15.2799 28.7661 185.3320 -19.1830 176.1350 0.0000 0.0000 0.0000 -19.1189 -22.4058 -8.2599 3.3574 11.2523 33.1357 0.8001 -15.0550 -17.8803 1.6421 -8.0770 -22.9483 0.0000 0.0000 0.0000 27.6146 -10.3178 11.1521 -2.9645 -10.6373 31.0663 1.6400 -26.5066 6.1160 -1.5779 -7.9251 22.4868 -2.0166 3.8831 5.7179 -3.1470 4.7010 -3.4549 -2.6958 2.2746 -6.7157 -13.7535 -9.9435 1.8947 12.4705 -13.6841 -0.5165 5.6451 -6.9185 1.3587 0.0000 -0.0000 0.0000 -83.4092 10.1455 -8.1932 17.8740 -27.9955 -4.4899 -0.0000 -0.0000 19.7815 5.9226 -31.1261 -3.0696 -7.1250 0.0000 -0.0000 -14.4941 -0.4195 15.0895 0.0000 -0.0000 0.0000 82.7545 2.3838 49.9250 -26.0862 37.2937 -8.9398 0.0000 0.0000 14.9376 5.8416 -43.9768 -4.0635 7.1250 -0.0000 -0.0000 56.6186 -65.2688 -32.1504
6.5555 15.3142 28.5518 185.0760 -18.5826 176.8910 0.0000 0.0000 0.0000 -19.7271 -22.2662 -7.0732 3.1223 10.8905 31.9114 0.8105 -15.3581 -18.0736 1.3508 -7.3576 -20.7792 0.0000 0.0000 0.0000 26.8399 -9.6726 11.3409 -2.9694 -10.6454 31.0930 1.8100 -27.5402 6.0585 -2.2619 -9.3915 27.0278 -1.6063 3.9971 5.0823 -3.2129 4.8812 -3.8855 -2.9838 2.3373 -6.7615 -14.4023 -9.9259 1.9382 12.9094 -13.6621 -0.9165 5.8875 -6.9105 1.3084 -0.0000 0.0000 0.0000 -81.3675 12.7872 -7.6203 19.6510 -30.2196 -5.3546 -0.0000 -0.0000 13.5629 15.3359 -29.9980 -7.8073 -7.1250 0.0000 -0.0000 -9.0559 -0.5867 9.2642 -0.0000 0.0000 0.0000 81.7743 1.8921 55.9452 -27.4842 38.6370 -9.7999 0.0000 0.0000 13.2907 0.6884 -45.0010 -0.4868 7.1250 -0.0000 -0.0000 54.0670 -67.4432 -32.8029
6.4429 15.3503 28.3523 184.2700 -17.6730 177.5990 0.0000 0.0000 0.0000 -20.8181 -21.8133 -5.4428 2.7869 10.3418 30.0907 0.7831 -15.4189 -17.8848 0.9060 -6.0655 -16.9746 0.0000 0.0000 0.0000 25.4059 -8.3689 10.7450 -3.4144 -11.3375 33.4268 1.5800 -26.7260 7.0512 -2.0059 -8.8784 25.4158 -1.7517 4.3259 5.3141 -3.6533 5.2256 -4.2339 -3.4440 2.4797 -7.2301 -14.3516 -10.0525 1.6626 13.3189 -13.7775 -1.5418 5.9974 -6.9695 1.2136 0.0000 0.0000 0.0000 -78.8407 14.5502 -8.0965 21.0920 -31.9356 -6.0985 -0.0000 -0.0000 6.8642 18.4893 -30.4140 -9.6081 -7.1250 0.0000 -0.0000 -7.2828 -1.5497 7.5377 0.0000 0.0000 0.0000 81.3681 1.3161 60.1342 -28.9178 39.9476 -10.7079 0.0000 0.0000 13.3187 -0.7806 -44.3459 0.5457 7.1250 -0.0000 -0.0000 51.5169 -67.5082 -30.9992
6.3365 15.3923 28.1641 183.2720 -16.5766 178.2250 0.0000 0.0000 0.0000 -22.1815 -20.7893 -3.5381 2.3504 9.5607 27.5655 0.8803 -14.0558 -18.1614 1.5053 -7.7492 -21.9550 0.0000 0.0000 0.0000 23.3120 -6.8840 8.9879 -4.3891 -12.6609 38.1119 0.8902 -23.3873 9.2820 -1.1652 -6.8524 19.2788 -2.2256 4.4442 5.7630 -3.9553 5.2700 -4.3328 -3.5537 2.4987 -7.6135 -14.5695 -10.0787 0.9932 13.9308 -13.7082 -2.3272 6.2027 -6.9293 1.1457 0.0000 0.0000 0.0000 -76.8887 16.1268 -9.2682 22.3496 -33.3699 -6.7771 -0.0000 -0.0000 0.3132 19.2343 -29.9402 -9.8783 -7.1250 0.0000 -0.0000 -6.7977 -1.2084 6.9885 0.0000 0.0000 0.0000 80.8739 0.7526 63.2555 -30.6664 41.4578 -11.8484 0.0000 0.0000 12.5061 -0.0918 -44.2603 0.0641 7.1250 -0.0000 -0.0000 51.9681 -67.2403 -31.0352
6.2740 15.4363 27.9888 182.6150 -15.5988 178.4330 0.0000 0.0000 0.0000 -23.0792 -19.7364 -1.3674 1.9141 8.6848 24.8143 0.8934 -13.0779 -17.9652 1.5175 -7.7789 -22.0446 0.0000 0.0000 0.0000 21.9146 -4.9430 6.5348 -5.7495 -14.1811 43.9679 0.2522 -19.7510 11.6746 -0.3332 -3.7094 10.2606 -3.0527 4.5579 6.5686 -4.1109 5.2704 -4.2854 -3.3371 2.5218 -8.0987 -14.7663 -9.9917 0.9641 15.1156 -13.5512 -3.7349 6.6435 -6.8898 0.8253 0.0000 0.0000 0.0000 -74.7796 17.2418 -10.3146 22.7669 -33.8329 -7.0081 -0.0000 0.0000 -3.1666 17.3085 -29.0737 -8.6109 -7.1250 0.0000 -0.0000 -7.8211 0.0122 7.8933 0.0000 0.0000 0.0000 81.2486 -0.3914 63.5112 -32.2877 42.7753 -12.9358 0.0000 0.0000 11.6875 2.3233 -43.7604 -1.6073 7.1250 -0.0000 -0.0000 53.1893 -66.1930 -30.7488
6.2166 15.4753 27.8097 181.4910 -14.8569 179.2240 0.0000 0.0000 0.0000 -24.3698 -19.1031 0.4440 1.5270 7.8023 22.1151 0.9331 -12.3220 -18.0781 1.7020 -8.2157 -23.3710 0.0000 0.0000 0.0000 20.0691 -2.9826 2.7180 -7.4858 -15.7277 50.6887 -0.1567 -15.8157 12.6908 -0.1417 -2.4262 6.6851 -4.4128 4.4120 6.4390 -4.3286 4.9133 -3.9247 -2.7339 2.3986 -7.7532 -14.8574 -9.9431 0.2884 16.1002 -13.3594 -5.2306 6.9801 -6.8269 0.5591 -0.0000 0.0000 0.0000 -73.3820 17.2993 -12.4437 22.3266 -33.3442 -6.7645 -0.0000 0.0000 -2.4798 17.3642 -28.4026 -8.4600 -7.1250 0.0000 -0.0000 -7.7217 0.6798 7.7001 -0.0000 0.0000 0.0000 81.6078 -1.3647 62.7227 -33.6376 43.8144 -13.8615 0.0000 0.0000 10.0043 2.1601 -43.4680 -1.4864 7.1250 -0.0000 -0.0000 52.5278 -66.0622 -30.1284
6.2049 15.5048 27.6727 181.4870 -14.4593 179.0620 0.0000 0.0000 0.0000 -24.3881 -18.3604 2.1528 1.2617 7.1203 20.0721 0.9153 -11.7439 -17.7877 1.9949 -8.8555 -25.3443 0.0000 0.0000 0.0000 19.6793 -1.4678 -1.1962 -9.2929 -16.9926 57.0977 -0.2347 -12.6851 11.7095 -0.0003 -0.1160 0.3186 -5.2897 4.1100 7.7052 -4.1184 4.3636 -3.5339 -2.0356 2.1801 -8.1621 -15.0818 -9.8392 -0.2363 17.3697 -13.1320 -6.6289 7.4384 -6.7712 0.3260 0.0000 -0.0000 0.0000 -72.0763 17.2178 -13.6019 21.5543 -32.4696 -6.3449 -0.0000 0.0000 -0.6071 17.4965 -27.6284 -8.3168 -7.1250 0.0000 -0.0000 -7.5692 1.4403 7.4423 0.0000 -0.0000 0.0000 82.1743 -2.6672 60.4617 -34.9233 44.7573 -14.7593 0.0000 0.0000 6.8217 2.5643 -45.2805 -1.8227 7.1250 -0.0000 -0.0000 56.2134 -67.0179 -33.9268
6.1997 15.5471 27.5220 181.5930 -15.1664 179.0620 0.0000 0.0000 0.0000 -24.4166 -18.6421 4.0007 1.0349 6.4705 18.1559 0.9239 -10.7370 -17.6356 2.1802 -9.2318 -26.5231 0.0000 0.0000 0.0000 19.5675 -0.9915 -5.1592 -10.7497 -17.8104 61.9660 0.0656 -12.6294 7.9657 -0.0140 0.7631 -2.0973 -6.0240 3.5413 8.7305 -3.9306 3.4734 -3.1318 -1.3425 1.7890 -8.3752 -15.1714 -9.8419 -0.5244 18.3728 -13.0842 -7.7852 7.7913 -6.8137 0.1241 0.0000 -0.0000 0.0000 -71.2864 16.3355 -14.9808 20.6735 -31.4452 -5.8787 -0.0000 -0.0000 2.3187 17.6834 -26.5239 -8.1031 -7.1250 0.0000 -0.0000 -7.3558 2.5293 7.0834 0.0000 -0.0000 0.0000 82.7361 -4.3576 57.5500 -34.8964 44.7380 -14.7404 0.0000 0.0000 7.4953 0.4670 -44.5727 -0.3278 7.1250 -0.0000 -0.0000 53.0519 -67.2567 -31.8441
6.2102 15.5662 27.3817 181.6720 -15.7302 178.5270 0.0000 0.0000 0.0000 -24.6358 -18.5328 6.0050 0.8709 5.9503 16.6402 0.8946 -10.3564 -17.3097 2.0508 -8.9712 -25.7053 0.0000 0.0000 0.0000 19.4142 -0.5962 -8.3986 -11.6701 -18.2477 64.9392 0.3057 -11.7636 2.7257 -0.0414 1.3125 -3.6092 -6.9229 3.0308 10.1989 -3.6111 2.6080 -2.5470 -0.4138 1.4224 -8.6322 -15.7561 -9.7723 -0.8796 19.4456 -12.9406 -8.6079 8.2400 -6.7902 0.0547 0.0000 0.0000 0.0000 -71.2291 15.1742 -15.7536 20.2286 -30.9167 -5.6483 -0.0000 -0.0000 3.8418 17.1881 -25.7219 -7.6461 -7.1250 0.0000 -0.0000 -7.5859 3.4217 7.1839 0.0000 0.0000 0.0000 82.4463 -6.1915 55.2761 -34.2471 44.2670 -14.2853 0.0000 0.0000 7.1517 -6.3539 -43.5476 4.3870 7.1250 -0.0000 -0.0000 44.8333 -68.7582 -27.5000
6.2116 15.5690 27.2114 181.3760 -16.4292 178.3340 0.0000 0.0000 0.0000 -25.2003 -18.7381 7.6046 0.8050 5.7262 15.9920 0.8352 -10.6896 -16.8615 1.5405 -7.8350 -22.2140 0.0000 0.0000 0.0000 18.8589 -0.2583 -11.4355 -11.9621 -18.3746 65.8685 0.3949 -11.1082 -2.9585 -0.0206 0.9274 -2.5492 -8.1149 2.5454 10.7519 -3.6281 1.7215 -2.3598 0.3763 1.0418 -8.7556 -15.5480 -9.2168 0.7899 20.5493 -12.3029 -10.1340 8.7716 -6.6490 -0.6900 0.0000 0.0000 0.0000 -70.9658 14.9045 -14.6808 20.4664 -31.2001 -5.7710 -0.0000 -0.0000 3.4374 17.7486 -25.6464 -7.8872 -7.1250 0.0000 -0.0000 -7.2398 3.4106 6.8520 0.0000 0.0000 0.0000 82.6632 -8.5833 52.3714 -32.4046 42.8674 -13.0153 0.0000 0.0000 7.8248 -2.0585 -45.4994 1.4685 7.1250 -0.0000 -0.0000 52.6737 -68.6156 -33.0504
6.2221 15.5731 27.0796 181.6920 -18.1280 179.3860 0.0000 0.0000 0.0000 -24.5066 -20.3575 6.6115 0.9098 6.0780 17.0110 0.8431 -11.3416 -17.0821 1.7005 -8.2121 -23.3603 0.0000 0.0000 0.0000 19.0702 -0.4050 -16.1689 -11.6655 -18.2456 64.9245 0.2381 -10.5667 -10.4016 -0.0248 1.0176 -2.7973 -7.7945 1.8487 10.7800 -3.7842 0.8325 -2.1728 0.2055 0.5807 -8.4918 -15.2651 -9.3620 0.9846 21.0462 -12.4772 -11.2585 8.9348 -6.8351 -0.9874 0.0000 0.0000 0.0000 -70.6505 12.3730 -12.3893 20.4934 -31.2322 -5.7850 -0.0000 -0.0000 2.8205 17.6295 -26.1752 -7.9797 -7.1250 0.0000 -0.0000 -7.3575 2.8920 7.0360 0.0000 0.0000 0.0000 83.0678 -9.8066 48.0971 -29.3190 40.3025 -10.9665 0.0000 0.0000 9.9222 -4.3057 -44.8507 3.0395 7.1250 -0.0000 -0.0000 49.3375 -68.9487 -30.9217
6.2360 15.5544 26.9206 182.0090 -17.7461 179.6140 0.0000 0.0000 0.0000 -24.3675 -21.1889 6.8188 1.0382 6.4806 18.1853 1.0959 -10.5059 -19.0109 1.7944 -8.4241 -24.0099 0.0000 0.0000 0.0000 19.2233 1.5341 -19.3938 -10.7692 -17.8203 62.0298 0.0480 -11.5780 -15.7867 -0.0089 0.6103 -1.6772 -7.9545 1.9538 10.9874 -3.6553 0.9606 -1.9367 0.4098 0.6487 -8.3682 -15.4251 -9.5263 0.9245 21.1801 -12.6850 -11.5460 8.9969 -6.9515 -0.9987 -0.0000 0.0000 0.0000 -71.2680 9.9209 -9.4613 20.8925 -31.7026 -5.9933 -0.0000 -0.0000 2.5745 17.6966 -26.8183 -8.1917 -7.1250 0.0000 -0.0000 -7.3746 2.2283 7.1424 -0.0000 0.0000 0.0000 83.3344 -10.3268 43.5645 -24.8927 36.0941 -8.2266 0.0000 0.0000 11.4359 -5.4833 -44.5985 3.8560 7.1250 -0.0000 -0.0000 47.7407 -69.1722 -29.9797
6.2683 15.5181 26.7729 182.0460 -17.6566 179.7260 0.0000 0.0000 0.0000 -24.3472 -21.5966 6.9674 1.1722 6.8721 19.3371 1.2096 -10.8604 -19.9582 1.4681 -7.6570 -21.6772 0.0000 0.0000 0.0000 19.0702 3.1359 -21.5569 -9.4210 -17.0711 57.5350 -0.3108 -12.0806 -20.8072 -0.0005 0.1512 -0.4154 -8.2846 2.0309 11.5995 -3.6548 0.9546 -1.6462 0.5868 0.6511 -8.4140 -15.2100 -9.7561 0.3543 20.9192 -12.9582 -11.3010 8.8089 -7.0570 -0.8220 -0.0000 -0.0000 0.0000 -71.9143 7.3851 -5.8755 21.3285 -32.2097 -6.2241 -0.0000 -0.0000 2.1618 17.6086 -27.6835 -8.3880 -7.1250 0.0000 -0.0000 -7.5079 1.3660 7.3910 -0.0000 -0.0000 0.0000 83.3791 -9.7850 38.5439 -20.1832 30.8624 -5.6250 0.0000 0.0000 14.7715 -4.4471 -46.1026 3.2076 7.1250 -0.0000 -0.0000 51.8737 -69.7603 -33.6595
6.3200 15.4969 26.6016 182.3400 -17.5668 179.5640 0.0000 0.0000 0.0000 -23.7797 -21.0317 7.0688 1.2618 7.1207 20.0734 1.2667 -11.5898 -20.5079 1.3914 -7.4628 -21.0939 0.0000 0.0000 0.0000 19.1822 5.1960 -22.7242 -7.6782 -15.8774 51.3950 -0.4272 -14.1180 -24.2546 -0.0126 0.7253 -1.9932 -8.4340 2.2053 12.3166 -3.6294 1.0942 -1.3331 0.6588 0.7165 -8.5005 -15.0723 -9.8555 0.4210 21.0480 -13.0840 -11.6449 8.8383 -7.1528 -0.9064 0.0000 -0.0000 0.0000 -72.6666 4.6407 -1.6836 21.5837 -32.5034 -6.3607 -0.0000 -0.0000 2.2192 18.3599 -28.3296 -8.9500 -7.1250 0.0000 -0.0000 -7.1284 0.5831 7.1109 0.0000 -0.0000 0.0000 83.8299 -8.9777 31.3414 -15.9372 25.4354 -3.6189 0.0000 0.0000 20.2635 -1.6892 -48.1030 1.2575 7.1250 -0.0000 -0.0000 58.7473 -69.9321 -39.2645
6.3675 15.4791 26.4156 182.1990 -17.3479 179.6700 0.0000 0.0000 0.0000 -23.7073 -20.4661 7.6549 1.2357 7.0492 19.8611 1.2158 -11.8946 -20.1829 1.1510 -6.8119 -19.1592 0.0000 0.0000 0.0000 18.5890 7.5124 -23.2044 -5.8466 -14.2780 44.3629 -0.4956 -15.8579 -26.8141 -0.0005 0.1498 -0.4117 -8.7540 2.5884 12.5903 -3.8926 1.4614 -1.3948 0.4670 0.8956 -8.7622 -14.2884 -9.8139 2.7770 20.7977 -13.1349 -12.7617 8.8471 -7.3104 -1.6908 -0.0000 0.0000 0.0000 -73.3127 2.6050 3.1847 21.7246 -32.6644 -6.4366 -0.0000 -0.0000 2.5104 17.8135 -29.0819 -8.8769 -7.1250 0.0000 -0.0000 -7.5271 -0.0832 7.6039 -0.0000 0.0000 0.0000 84.5206 -9.6205 23.3664 -13.6163 22.1835 -2.6815 0.0000 0.0000 29.2448 2.4562 -49.9137 -1.8796 7.1250 -0.0000 -0.0000 66.1304 -69.3721 -44.7987
6.4467 15.4886 26.1914 182.3760 -17.7321 179.4460 0.0000 0.0000 0.0000 -22.8633 -19.2123 8.4202 1.1817 6.8992 19.4170 1.1055 -12.8379 -19.5543 1.1185 -6.7184 -18.8836 0.0000 0.0000 0.0000 18.1088 10.3725 -21.9201 -4.0159 -12.1816 36.3774 -0.4250 -17.3241 -27.9993 -0.0320 -1.1550 3.1755 -9.1941 2.6177 12.7995 -3.8491 1.4201 -1.0755 0.7708 0.8776 -8.5460 -13.8724 -9.8163 3.6807 20.8072 -13.1516 -13.5198 8.8900 -7.3980 -2.0878 0.0000 -0.0000 0.0000 -74.0983 0.8349 8.7083 21.8935 -32.8565 -6.5280 -0.0000 -0.0000 2.7297 18.0741 -28.7580 -8.9232 -7.1250 0.0000 -0.0000 -7.3408 0.1989 7.3761 0.0000 -0.0000 0.0000 84.3294 -9.9891 19.9865 -12.4271 20.4421 -2.2492 0.0000 0.0000 35.0647 0.5524 -52.0077 -0.4353 7.1250 -0.0000 -0.0000 70.2312 -70.8285 -50.2051
6.5304 15.4577 25.9725 182.3450 -18.0158 179.2860 0.0000 0.0000 0.0000 -22.1210 -17.8598 8.5731 1.2018 6.9555 19.5835 0.8924 -14.8701 -18.5257 0.6932 -5.3226 -14.8311 0.0000 0.0000 0.0000 17.1563 13.6683 -20.2025 -2.5473 -9.9234 28.7291 -0.0232 -19.9597 -28.3873 -0.2982 -3.5111 9.7052 -9.7459 2.3411 13.2409 -3.5860 0.9718 -0.4236 1.4614 0.6547 -8.0640 -14.3932 -9.8604 2.0788 20.9310 -13.1372 -13.1308 8.8778 -7.3198 -1.6591 0.0000 0.0000 0.0000 -75.7516 -1.7302 12.5693 21.6993 -32.6355 -6.4229 -0.0000 -0.0000 2.7915 17.6598 -30.0427 -9.0562 -7.1250 0.0000 -0.0000 -7.7188 -1.0254 7.9275 0.0000 0.0000 0.0000 83.4702 -9.4304 20.4328 -12.5654 20.6471 -2.2978 0.0000 0.0000 34.4707 1.4404 -52.8161 -1.1476 7.1250 -0.0000 -0.0000 72.9311 -70.7817 -52.6268
6.6139 15.4515 25.7377 182.0170 -18.3531 179.5850 0.0000 0.0000 0.0000 -21.7794 -17.3065 9.0280 1.1679 6.8600 19.3011 0.7474 -15.2454 -17.5393 0.7740 -5.6173 -15.6779 0.0000 0.0000 0.0000 15.3621 17.9471 -18.3802 -1.5387 -7.8308 22.2013 0.2251 -23.1682 -31.1771 -0.7816 -5.6442 15.7554 -10.0420 2.0656 13.3778 -3.6062 0.5463 -0.1083 1.6979 0.4326 -7.7606 -14.8660 -9.8453 1.2090 21.0039 -13.0659 -13.1052 8.9205 -7.2451 -1.4782 -0.0000 0.0000 0.0000 -77.1470 -4.1515 16.2883 20.9382 -31.7562 -6.0174 -0.0000 -0.0000 5.7537 17.0850 -30.9038 -8.9705 -7.1250 0.0000 -0.0000 -8.1431 -1.7893 8.4785 -0.0000 0.0000 0.0000 83.3352 -10.7645 21.6976 -14.7237 23.7598 -3.1138 0.0000 0.0000 29.2033 2.1476 -49.9548 -1.6444 7.1250 -0.0000 -0.0000 66.0148 -69.4936 -44.8464
6.7211 15.4513 25.4564 181.9550 -18.8490 179.3990 0.0000 0.0000 0.0000 -21.1554 -16.6504 10.0363 1.1376 6.7736 19.0464 0.4777 -16.7663 -16.0531 0.3488 -3.7947 -10.4999 0.0000 0.0000 0.0000 13.8464 23.6880 -15.0154 -0.8897 -6.0124 16.8203 0.6958 -28.1984 -35.8936 -1.8575 -8.5627 24.4368 -10.1107 2.0211 13.3144 -3.7016 0.4826 0.1976 1.6560 0.3703 -7.3859 -14.6569 -9.9385 1.3243 20.4236 -13.1919 -13.3377 8.7154 -7.2916 -1.6109 0.0000 -0.0000 0.0000 -77.8293 -5.5844 22.1981 20.6937 -31.4690 -5.8892 -0.0000 -0.0000 7.2491 16.3403 -30.9491 -8.5743 -7.1250 0.0000 -0.0000 -8.5734 -1.7049 8.9241 0.0000 -0.0000 0.0000 84.0572 -11.2949 22.1210 -16.0031 25.5248 -3.6473 0.0000 0.0000 22.8899 3.9552 -48.7915 -2.9776 7.1250 -0.0000 -0.0000 64.6120 -68.3800 -42.2854
6.8244 15.4264 25.1698 181.5310 -18.7573 179.3910 0.0000 0.0000 0.0000 -21.1606 -16.2181 11.3507 1.0985 6.6600 18.7121 0.5227 -16.4142 -16.2465 0.6551 -5.1769 -14.4137 0.0000 0.0000 0.0000 12.6926 26.8024 -13.0767 -0.6072 -4.9876 13.8732 0.5903 -30.9075 -40.5139 -2.8372 -10.4267 30.3697 -10.4546 1.9853 13.2023 -3.8181 0.3732 0.2297 1.7463 0.3142 -7.2821 -14.5208 -9.6974 1.3589 19.5425 -12.8715 -13.2438 8.4375 -7.0742 -1.7351 0.0000 0.0000 0.0000 -78.6137 -5.9036 27.0514 20.6989 -31.4752 -5.8919 -0.0000 -0.0000 9.5639 15.4147 -31.6583 -8.2343 -7.1250 0.0000 -0.0000 -9.1734 -2.2547 9.6498 0.0000 0.0000 0.0000 84.3554 -11.3580 23.6322 -16.9179 26.7494 -4.0503 0.0000 0.0000 18.6109 5.4970 -48.0355 -4.0929 7.1250 -0.0000 -0.0000 64.1263 -67.5275 -40.8211
6.9267 15.3831 24.8906 181.1410 -17.8191 179.8170 0.0000 0.0000 0.0000 -21.1421 -15.7491 11.9256 1.1142 6.7059 18.8469 0.4852 -16.5048 -15.9841 0.3142 -3.6033 -9.9631 0.0000 0.0000 0.0000 12.3233 25.9998 -13.2613 -0.4946 -4.5090 12.5133 0.7526 -30.6434 -39.3562 -2.8302 -10.4149 30.3311 -10.4441 2.2704 12.2193 -3.8338 0.8993 0.2459 1.6429 0.5498 -6.7649 -15.0913 -9.6806 1.4712 19.0533 -12.8682 -13.4104 8.3905 -7.0152 -1.8084 0.0000 0.0000 0.0000 -80.0382 -6.1024 31.0053 21.0887 -31.9318 -6.0968 -0.0000 -0.0000 11.4226 14.5778 -33.0174 -8.0656 -7.1250 0.0000 -0.0000 -9.7842 -3.4629 10.5080 0.0000 0.0000 0.0000 84.2589 -11.1109 25.3696 -18.0302 28.1958 -4.5635 0.0000 0.0000 18.1294 5.9809 -47.6850 -4.4299 7.1250 -0.0000 -0.0000 63.7648 -67.2053 -40.1183
7.0769 15.3243 24.5425 181.0530 -18.0765 179.6840 0.0000 0.0000 0.0000 -20.2639 -15.0478 12.6965 1.1873 6.9147 19.4629 0.2527 -17.6150 -14.6434 0.1325 -2.3459 -6.4626 0.0000 0.0000 0.0000 13.5341 23.5308 -12.3775 -0.4784 -4.4355 12.3053 0.7510 -29.6433 -37.8339 -2.6735 -10.1468 29.4534 -10.5302 2.0491 12.2607 -3.8493 0.5809 0.1576 1.7302 0.4046 -6.8511 -14.4484 -9.5233 0.5533 17.5741 -12.6190 -12.8212 7.7580 -6.7910 -1.7014 -0.0000 0.0000 0.0000 -81.2473 -4.8145 32.4423 22.2631 -33.2731 -6.7296 -0.0000 -0.0000 12.2340 13.3844 -34.0871 -7.5960 -7.1250 0.0000 -0.0000 -10.5547 -4.3212 11.5108 -0.0000 0.0000 0.0000 84.1947 -10.2741 28.6148 -18.1968 28.4084 -4.6425 0.0000 0.0000 17.9615 1.4662 -46.6756 -1.0668 7.1250 -0.0000 -0.0000 58.0999 -68.1403 -36.6892
7.2338 15.2896 24.1648 180.8830 -17.9818 179.4330 0.0000 0.0000 0.0000 -19.5671 -14.3952 14.2564 1.1695 6.8646 19.3149 0.1541 -17.8800 -13.9580 0.3705 -3.9095 -10.8221 0.0000 0.0000 0.0000 15.1461 21.2099 -11.4841 -0.4682 -4.3889 12.1733 0.3086 -29.4940 -39.7877 -3.0548 -10.7833 31.5524 -10.5308 2.1065 12.2763 -3.9943 0.6134 -0.1463 1.5614 0.4388 -7.1933 -14.2116 -9.5014 0.1378 16.7026 -12.5808 -12.0873 7.3938 -6.6976 -1.5165 -0.0000 0.0000 0.0000 -82.6173 -3.0563 32.4073 23.2358 -34.3456 -7.2709 -0.0000 -0.0000 11.2059 12.2632 -34.0652 -6.9417 -7.1250 0.0000 -0.0000 -11.1675 -4.1206 12.1676 -0.0000 0.0000 0.0000 84.5707 -9.2951 30.3960 -18.0245 28.1885 -4.5608 0.0000 0.0000 19.8666 2.6864 -46.3315 -1.9439 7.1250 -0.0000 -0.0000 58.3900 -67.5637 -36.2403
7.4042 15.3239 23.7713 181.5990 -17.5769 179.2830 0.0000 0.0000 0.0000 -17.9228 -14.1292 15.6739 1.1123 6.7004 18.8308 -0.2213 -17.8279 -10.3561 0.0322 -1.1588 -3.1857 0.0000 0.0000 0.0000 17.6690 18.8421 -11.8565 -0.5128 -4.5901 12.7430 1.6897 -31.4234 -35.7795 -2.4233 -9.6972 28.0015 -10.0492 2.1097 11.6361 -3.7590 0.8245 -0.3117 1.5170 0.5462 -7.0198 -13.5026 -9.4624 -0.6040 15.5121 -12.5124 -12.0116 6.8797 -6.6195 -1.5308 0.0000 0.0000 0.0000 -84.2059 -1.1296 31.1144 24.1843 -35.3586 -7.8130 -0.0000 -0.0000 8.5416 13.4157 -33.7914 -7.5567 -7.1250 0.0000 -0.0000 -10.5073 -4.0351 11.4086 0.0000 0.0000 0.0000 84.5987 -7.5408 33.1388 -17.5812 27.6175 -4.3533 0.0000 0.0000 20.0534 1.9692 -46.8682 -1.4374 7.1250 -0.0000 -0.0000 58.9125 -68.0805 -37.2609
7.5812 15.3442 23.3795 183.4360 -16.1564 178.6470 0.0000 0.0000 0.0000 -14.8039 -12.5809 15.3417 1.4081 7.5055 21.2220 -0.5172 -17.6679 -6.7595 0.0088 0.6071 1.6683 0.0000 0.0000 0.0000 21.7800 15.0546 -12.1539 -0.5172 -4.6091 12.7970 2.1019 -30.1653 -30.5953 -1.2831 -7.1782 20.2445 -9.1888 2.1667 10.9673 -2.9768 1.2386 -0.4895 1.8091 0.7718 -6.8575 -12.2490 -9.2504 -1.8029 13.7903 -12.2180 -11.6277 6.1013 -6.4199 -1.4842 0.0000 0.0000 0.0000 -86.5020 0.9924 25.3288 24.1901 -35.3647 -7.8163 -0.0000 -0.0000 7.9161 12.0228 -35.2150 -7.0014 -7.1250 0.0000 -0.0000 -11.4102 -5.2094 12.6425 0.0000 0.0000 0.0000 84.4104 -4.8004 36.0955 -16.4094 26.0726 -3.8241 0.0000 0.0000 21.3158 1.9100 -46.4336 -1.3842 7.1250 -0.0000 -0.0000 57.9611 -67.8669 -36.2614
7.7478 15.3482 22.9666 184.8120 -14.4395 178.1120 0.0000 0.0000 0.0000 -12.0025 -10.5241 14.0412 1.9727 8.8089 25.1995 -0.7018 -16.7794 -2.5804 0.2055 2.9189 8.0530 0.0000 0.0000 0.0000 25.0855 12.2915 -11.1252 -0.4650 -4.3739 12.1311 1.9084 -28.4021 -28.1532 -0.8409 -5.8494 16.3481 -8.2536 2.2094 9.6335 -2.5125 1.6510 -0.6151 1.7464 0.9608 -6.2514 -12.4168 -8.8199 -2.9079 13.8307 -11.5448 -10.6132 6.0706 -6.0324 -1.0805 0.0000 0.0000 0.0000 -88.1748 2.9433 17.5785 23.3265 -34.4439 -7.3221 -0.0000 -0.0000 8.3918 9.8092 -35.4970 -5.7329 -7.1250 0.0000 -0.0000 -12.6284 -5.1504 14.0433 0.0000 0.0000 0.0000 84.3223 -2.0435 38.6468 -16.0219 25.5504 -3.6554 0.0000 0.0000 24.6093 4.6479 -45.5154 -3.3195 7.1250 -0.0000 -0.0000 58.4079 -66.5029 -34.9870
7.9433 15.3486 22.5806 186.1160 -13.4685 177.3770 0.0000 0.0000 0.0000 -8.6815 -8.8302 11.5186 2.9352 10.5894 30.9073 -0.8696 -16.3333 4.2875 0.9297 6.1424 17.1982 0.0000 0.0000 0.0000 27.9926 10.2153 -8.2448 -0.2798 -3.4019 9.3996 1.6248 -26.4077 -26.1144 -0.2766 -3.3827 9.3462 -7.4569 2.1699 9.2829 -2.0378 1.7871 -0.9663 1.7830 1.0451 -6.4216 -12.0258 -8.6394 -3.7758 13.2211 -11.2475 -9.0662 5.7389 -5.8122 -0.5922 0.0000 0.0000 0.0000 -88.6400 4.5057 9.2788 21.8430 -32.7991 -6.5006 -0.0000 -0.0000 10.6691 5.3411 -35.1094 -3.0779 -7.1250 0.0000 -0.0000 -14.9939 -4.1964 16.6125 0.0000 0.0000 0.0000 83.9147 0.0904 40.6133 -16.8442 26.6519 -4.0172 0.0000 0.0000 26.6515 8.7638 -45.1062 -6.2326 7.1250 -0.0000 -0.0000 61.0395 -65.0312 -35.1791
8.1291 15.3334 22.1944 187.8350 -12.8703 176.1940 0.0000 0.0000 0.0000 -5.1530 -8.2137 8.7789 4.2873 12.5332 37.6453 -0.4015 -12.4611 10.5510 1.9006 8.6558 24.7244 0.0000 0.0000 0.0000 31.2949 7.5193 -1.3523 0.0000 0.0000 -0.0000 2.0661 -26.8108 -22.4559 -0.3056 -3.5541 9.8254 -6.0959 2.0190 8.9795 -1.4430 1.8466 -1.1998 1.6434 1.0670 -6.4670 -11.6981 -8.5803 -4.0925 12.6773 -11.1513 -7.6859 5.4660 -5.7080 -0.2050 0.0000 -0.0000 0.0000 -87.3972 5.4222 2.9943 19.7044 -30.2846 -5.3815 -0.0000 -0.0000 12.9073 2.1517 -33.0188 -1.1729 -7.1250 0.0000 -0.0000 -16.6302 -1.8620 17.9245 0.0000 -0.0000 0.0000 83.0210 1.5681 42.0120 -19.0416 29.4703 -5.0513 0.0000 0.0000 23.6255 9.7929 -43.8098 -6.8138 7.1250 -0.0000 -0.0000 59.6619 -64.0184 -32.8292
8.3035 15.3393 21.8353 189.4220 -12.4346 174.9400 0.0000 0.0000 0.0000 -2.2575 -9.0141 5.9486 6.0671 14.4930 45.2503 -0.0432 -10.7835 14.6825 0.4700 4.3972 12.1969 0.0000 0.0000 0.0000 34.3497 6.2356 0.7713 0.0000 -0.0000 0.0000 1.6134 -25.0455 -22.9630 -0.3244 -3.6610 10.1248 -5.0105 1.8284 8.5797 -0.7594 1.8248 -0.9297 1.7734 1.0308 -5.9322 -11.0381 -8.3767 -4.7343 12.0911 -10.8681 -7.0157 5.1534 -5.5424 -0.0148 -0.0000 -0.0000 0.0000 -85.2849 5.4496 -2.9747 18.0592 -28.2328 -4.5772 -0.0000 -0.0000 17.8685 -2.0964 -32.3049 1.1207 -7.1250 0.0000 -0.0000 -18.9171 -0.8560 20.3328 -0.0000 -0.0000 0.0000 81.3301 3.5796 43.3564 -21.7871 32.7355 -6.4703 0.0000 0.0000 19.6360 4.1379 -43.0438 -2.8270 7.1250 -0.0000 -0.0000 53.5442 -65.2126 -29.8743
8.4605 15.3235 21.5260 190.6660 -11.9020 174.1380 0.0000 0.0000 0.0000 0.0166 -9.8056 2.1074 8.1124 16.2013 52.9665 0.4933 -7.9843 18.5163 0.5532 4.7647 13.2388 0.0000 0.0000 0.0000 36.8782 5.2395 2.3738 0.0000 -0.0000 0.0000 1.1724 -23.2390 -23.5410 -0.3909 -4.0144 11.1173 -4.1715 1.7869 8.2822 -0.2963 1.9188 -0.8829 1.7831 1.0613 -5.7050 -10.5660 -8.1632 -4.8864 12.0534 -10.5961 -6.5257 5.0619 -5.3997 0.0969 0.0000 0.0000 0.0000 -82.3437 6.5192 -5.8106 17.9845 -28.1373 -4.5419 -0.0000 -0.0000 20.5297 -3.4612 -31.7307 1.8219 -7.1250 0.0000 -0.0000 -19.6570 -0.2335 21.0119 0.0000 0.0000 0.0000 79.5920 5.4165 43.3892 -24.6058 35.7984 -8.0582 0.0000 0.0000 14.7095 0.5401 -43.3940 -0.3711 7.1250 -0.0000 -0.0000 50.9497 -66.5053 -29.5031
8.6084 15.3280 21.2440 190.8580 -11.0938 173.5380 0.0000 0.0000 0.0000 0.7783 -9.7384 -2.4818 10.3438 17.5987 60.6314 0.7728 -4.3287 18.7291 0.0381 1.2597 3.4635 0.0000 0.0000 0.0000 38.1996 4.5226 4.0260 0.0000 0.0000 -0.0000 0.9305 -22.0478 -23.5691 -0.5657 -4.8171 13.3876 -4.0599 2.1635 8.1205 -0.2449 2.4421 -1.1703 1.7015 1.3266 -5.9471 -10.4309 -8.0370 -3.1848 12.1438 -10.5167 -6.6997 5.1523 -5.3882 -0.2351 0.0000 0.0000 0.0000 -79.0893 8.4241 -6.5996 18.7183 -29.0671 -4.8932 -0.0000 -0.0000 19.3877 -0.5553 -30.9652 0.2857 -7.1250 0.0000 -0.0000 -18.0890 0.3140 18.9620 0.0000 0.0000 0.0000 78.0302 6.2175 41.5500 -26.9009 38.0846 -9.4379 0.0000 0.0000 12.4891 1.1250 -46.0444 -0.8099 7.1250 -0.0000 -0.0000 56.5134 -67.9042 -35.1805
8.7287 15.3222 20.9798 190.6440 -9.8379 173.2470 0.0000 0.0000 0.0000 0.6085 -8.8584 -7.1744 12.5091 18.5977 67.5937 0.4921 2.7938 12.5867 0.0095 0.6307 1.7333 0.0000 0.0000 0.0000 38.9384 4.3919 5.5237 0.0000 -0.0000 0.0000 0.8499 -20.9886 -22.2987 -0.7234 -5.4347 15.1528 -4.1282 2.6837 7.7190 -0.3752 3.1363 -1.3551 1.5200 1.6708 -5.9543 -10.4475 -8.0533 -2.5300 12.2961 -10.5799 -5.9119 5.2018 -5.4077 -0.0912 -0.0000 -0.0000 0.0000 -76.3226 8.7857 -8.1162 19.3301 -29.8268 -5.1940 -0.0000 -0.0000 15.5386 4.8211 -29.5559 -2.3824 -7.1250 0.0000 -0.0000 -15.0704 1.2106 15.2908 -0.0000 -0.0000 0.0000 76.6315 7.5148 39.6352 -27.7742 38.9076 -9.9816 0.0000 0.0000 12.2387 -1.3838 -47.9133 1.0270 7.1250 -0.0000 -0.0000 58.5421 -69.7321 -38.8712
8.8382 15.3194 20.7432 190.4240 -8.8574 173.5810 0.0000 0.0000 0.0000 0.1783 -8.8792 -12.4407 14.3026 19.2033 73.1265 0.1113 3.1899 5.9999 0.0240 0.9998 2.7484 0.0000 0.0000 0.0000 39.6058 4.4765 6.2412 0.0000 0.0000 -0.0000 0.9852 -20.9765 -20.6940 -0.8348 -5.8285 16.2876 -4.2548 3.0683 6.9152 -0.6718 3.6532 -1.4597 1.2511 1.9196 -5.6281 -10.1167 -8.1024 -2.1470 12.5615 -10.6862 -5.8824 5.2412 -5.4831 -0.1327 0.0000 -0.0000 0.0000 -73.2955 9.2871 -8.7180 20.6430 -31.4092 -5.8628 -0.0000 -0.0000 11.4451 11.2410 -29.3847 -5.5699 -7.1250 0.0000 -0.0000 -11.3757 0.6290 11.4795 0.0000 -0.0000 0.0000 75.5232 9.3695 38.0892 -27.9536 39.0735 -10.0944 0.0000 0.0000 11.1309 0.7190 -49.7038 -0.5484 7.1250 -0.0000 -0.0000 64.4034 -69.8703 -43.9126
8.9464 15.2853 20.5416 190.7010 -7.5739 173.2840 0.0000 0.0000 0.0000 0.0276 -9.5861 -16.5284 15.4950 19.5063 76.7233 0.0196 0.4735 2.5168 0.3653 -3.8822 -10.7456 0.0000 0.0000 0.0000 40.8746 4.4514 7.3715 0.0000 -0.0000 0.0000 1.2516 -21.4799 -18.2455 -0.7961 -5.6951 15.9023 -3.7662 3.5527 7.2615 -0.8240 4.3126 -1.6276 0.7098 2.2296 -5.9896 -10.6607 -8.1118 -1.5193 13.3424 -10.7389 -5.6809 5.5797 -5.5235 -0.0893 -0.0000 0.0000 0.0000 -70.5956 10.1180 -8.3296 22.2202 -33.2250 -6.7061 -0.0000 -0.0000 4.4955 16.4009 -29.4886 -8.2439 -7.1250 0.0000 -0.0000 -8.3908 -0.2518 8.5193 -0.0000 0.0000 0.0000 74.4073 10.2821 38.0248 -27.9107 39.0339 -10.0674 0.0000 0.0000 10.6698 1.8046 -49.6872 -1.3763 7.1250 -0.0000 -0.0000 65.1307 -69.4951 -44.0861
9.0348 15.2324 20.3568 190.8810 -6.4280 172.7120 0.0000 0.0000 0.0000 -0.4938 -10.9450 -19.7563 16.1486 19.6406 78.6742 -0.0015 -0.6949 0.3074 0.9146 -6.0935 -17.0561 0.0000 0.0000 0.0000 41.9522 4.1328 8.5734 0.0000 0.0000 -0.0000 1.5287 -22.2434 -15.6566 -1.4766 -7.6781 21.7406 -3.3337 3.8548 7.5900 -0.9539 4.7347 -1.3480 0.2708 2.4131 -5.8526 -10.5257 -8.1064 -0.8848 13.1632 -10.7553 -6.2114 5.5510 -5.5572 -0.3644 0.0000 -0.0000 0.0000 -68.3384 10.8361 -8.2588 23.7761 -34.9265 -7.5780 -0.0000 0.0000 -0.6754 19.0578 -28.9179 -9.4835 -7.1250 0.0000 -0.0000 -6.7824 -0.1383 6.8468 0.0000 -0.0000 0.0000 73.6060 11.5922 38.5031 -27.5413 38.6905 -9.8356 0.0000 0.0000 10.2108 2.3372 -49.4800 -1.7771 7.1250 -0.0000 -0.0000 65.0157 -69.2254 -43.6613
9.1101 15.1629 20.1802 190.9550 -5.6346 172.4400 0.0000 0.0000 0.0000 -1.1835 -13.1023 -22.9252 16.3478 19.6772 79.2663 -0.0052 -2.1116 -1.0184 1.1092 -6.6913 -18.8040 0.0000 0.0000 0.0000 42.7392 3.6803 9.4464 0.0000 -0.0000 0.0000 1.4858 -21.7838 -14.7440 -1.9039 -8.6629 24.7463 -2.8976 4.0337 8.0121 -1.1759 4.9795 -1.2484 -0.2587 2.5102 -5.9370 -10.8112 -7.9709 -0.4176 13.5216 -10.5969 -6.3205 5.7356 -5.4943 -0.4525 -0.0000 -0.0000 0.0000 -66.7358 11.2686 -8.9022 24.7581 -35.9557 -8.1474 -0.0000 0.0000 -3.6947 19.1315 -28.8182 -9.4929 -7.1250 0.0000 -0.0000 -6.7281 -0.0504 6.7809 -0.0000 -0.0000 0.0000 73.2936 12.9811 38.7887 -26.6245 37.8187 -9.2679 0.0000 0.0000 10.8855 3.5782 -49.1560 -2.7084 7.1250 -0.0000 -0.0000 65.1575 -68.6686 -43.1027
9.1825 15.1085 20.0125 190.8670 -5.4927 172.5310 0.0000 0.0000 0.0000 -1.9633 -16.5555 -25.7714 16.1287 19.6368 78.6149 0.0209 -3.8891 -3.5440 1.4558 -7.6263 -21.5847 0.0000 0.0000 0.0000 43.2439 3.2715 9.0153 -0.0046 -0.4387 1.2055 1.5144 -21.7349 -13.7375 -1.2682 -7.1378 20.1242 -2.8494 4.0244 8.1445 -1.3762 4.9474 -1.2338 -0.4975 2.4856 -5.9739 -10.8916 -7.9972 0.1016 13.4428 -10.6591 -6.4291 5.7502 -5.5331 -0.5622 -0.0000 -0.0000 0.0000 -65.8448 11.3300 -9.6845 24.9709 -36.1743 -8.2727 -0.0000 0.0000 -4.6740 20.7887 -27.1175 -9.8176 -7.1250 0.0000 -0.0000 -5.5573 1.3853 5.4472 -0.0000 -0.0000 0.0000 73.1599 13.8566 38.8368 -25.9636 37.1727 -8.8656 0.0000 0.0000 12.2096 2.9495 -48.4169 -2.2071 7.1250 -0.0000 -0.0000 63.0290 -68.5368 -41.1502
9.2563 15.0628 19.8452 190.5590 -4.6611 172.4260 0.0000 0.0000 0.0000 -2.6948 -19.1948 -27.5489 15.5186 19.5115 76.7940 0.0760 -4.4788 -5.4312 2.0810 -9.0328 -25.8980 0.0000 0.0000 0.0000 43.7342 4.5954 6.2132 -0.2387 -3.1446 8.6815 1.1566 -20.6800 -17.5139 -1.2534 -7.0977 20.0052 -2.9131 4.3731 8.2331 -1.7242 5.3635 -1.4204 -0.8982 2.6811 -6.2018 -11.2381 -7.8599 2.0604 13.8314 -10.5922 -6.7398 6.0303 -5.5492 -0.9385 0.0000 0.0000 0.0000 -64.8960 11.5099 -9.2780 24.4158 -35.6009 -7.9473 -0.0000 0.0000 -3.7871 21.5520 -26.4827 -9.9887 -7.1250 0.0000 -0.0000 -5.0281 1.8985 4.8778 0.0000 0.0000 0.0000 73.7313 13.8274 38.7517 -25.2167 36.4247 -8.4183 0.0000 0.0000 13.6989 1.0861 -47.3596 -0.7990 7.1250 -0.0000 -0.0000 59.2547 -68.6251 -38.1719
9.3146 15.0219 19.6941 190.3200 -4.2296 172.1960 0.0000 0.0000 0.0000 -3.2530 -22.3191 -28.4707 14.5245 19.2655 73.8002 0.1409 -3.8562 -6.7932 2.2467 -9.3620 -26.9344 0.0000 0.0000 0.0000 43.9081 4.3322 5.4890 -0.4126 -4.1234 11.4240 0.8868 -19.6364 -18.9450 -1.3161 -7.2664 20.5071 -3.0354 4.4065 8.5472 -1.8249 5.3674 -1.2920 -0.9549 2.6792 -6.2465 -11.3763 -7.7256 2.4029 13.5051 -10.4493 -6.2460 5.9576 -5.4545 -0.8818 -0.0000 0.0000 0.0000 -65.3111 10.5336 -10.7941 23.2215 -34.3301 -7.2628 -0.0000 0.0000 -1.9109 19.7865 -26.8771 -9.2376 -7.1250 0.0000 -0.0000 -6.1295 1.8131 5.9671 -0.0000 0.0000 0.0000 74.0136 14.2130 39.4043 -25.0145 36.2188 -8.2985 0.0000 0.0000 14.5159 1.3689 -48.1768 -1.0202 7.1250 -0.0000 -0.0000 61.2896 -68.9436 -40.1987
9.3651 14.9996 19.5401 190.3890 -3.7991 172.0750 0.0000 0.0000 0.0000 -3.3063 -25.2499 -28.8915 13.2971 18.8868 70.0459 0.3215 -2.7122 -10.1179 2.2103 -9.2911 -26.7101 0.0000 0.0000 0.0000 44.3430 3.7548 5.8343 -0.4462 -4.2858 11.8821 0.8083 -19.2020 -19.0492 -1.1873 -6.9148 19.4631 -2.8727 4.4632 8.8298 -1.9793 5.4308 -1.1647 -1.2300 2.6958 -6.2422 -11.1907 -7.7049 1.9946 13.4460 -10.4241 -5.3616 5.8630 -5.4191 -0.5738 -0.0000 0.0000 0.0000 -65.6807 9.3750 -12.2145 22.1092 -33.1002 -6.6454 -0.0000 -0.0000 1.4869 14.9025 -28.8645 -7.3207 -7.1250 0.0000 -0.0000 -9.2073 0.6140 9.2284 -0.0000 0.0000 0.0000 74.4745 14.4692 40.6642 -24.6365 35.8302 -8.0762 0.0000 0.0000 15.5494 0.6610 -46.9275 -0.4829 7.1250 -0.0000 -0.0000 57.9776 -68.5369 -37.0523
9.4205 14.9928 19.3846 190.1960 -3.6148 172.5040 0.0000 0.0000 0.0000 -3.2485 -28.0723 -29.4702 11.8444 18.3241 65.4948 0.4679 -0.2060 -12.8534 3.7398 -11.8059 -35.0486 0.0000 0.0000 0.0000 44.5535 3.9709 6.2494 -0.4371 -4.2425 11.7600 0.8135 -19.2235 -19.0259 -1.4333 -7.5696 21.4142 -3.0968 4.5067 8.6506 -2.2413 5.4398 -1.4011 -1.3791 2.7004 -6.3874 -11.1228 -7.6398 2.1526 13.5806 -10.3874 -4.5853 5.8781 -5.3967 -0.3741 -0.0000 0.0000 0.0000 -66.3424 9.0644 -12.3496 21.6892 -32.6240 -6.4175 -0.0000 -0.0000 4.5923 11.6482 -28.4555 -5.6098 -7.1250 0.0000 -0.0000 -11.0816 1.4901 10.9990 -0.0000 0.0000 0.0000 75.1551 14.1066 41.1245 -24.3130 35.4935 -7.8876 0.0000 0.0000 16.6959 2.9451 -45.1594 -2.0892 7.1250 -0.0000 -0.0000 56.3044 -66.8303 -33.7765
9.4669 15.0000 19.2361 190.1850 -3.2501 172.8330 0.0000 0.0000 0.0000 -2.8072 -30.6013 -29.4542 10.2369 17.5409 60.2773 0.4937 0.1089 -13.3163 3.2186 -11.0407 -32.4173 0.0000 0.0000 0.0000 44.7370 3.5499 7.1671 -0.3477 -3.7889 10.4835 0.8133 -18.9895 -18.5027 -1.2778 -7.1638 20.2014 -2.9897 4.5341 8.4540 -2.2689 5.4969 -1.3888 -1.4565 2.7252 -6.2498 -11.6450 -7.5142 1.8866 13.8427 -10.2271 -4.1835 6.0215 -5.2990 -0.1910 -0.0000 0.0000 0.0000 -67.7965 8.6919 -12.6217 21.8642 -32.8232 -6.5121 -0.0000 -0.0000 7.6132 7.7033 -29.5323 -3.8145 -7.1250 0.0000 -0.0000 -13.4224 0.9264 13.5836 -0.0000 0.0000 0.0000 75.5053 14.1508 41.2328 -24.0437 35.2105 -7.7317 0.0000 0.0000 16.7442 3.5483 -44.3740 -2.4831 7.1250 -0.0000 -0.0000 55.3597 -66.1897 -32.3228
9.5077 15.0215 19.0929 189.9380 -2.7875 173.4230 0.0000 0.0000 0.0000 -2.4267 -32.6763 -29.2882 8.4488 16.4397 54.1637 0.5077 -0.8917 -13.1810 3.1457 -10.9272 -32.0348 0.0000 0.0000 0.0000 44.5469 3.1279 8.1338 -0.2430 -3.1722 8.7585 0.7094 -18.3516 -18.5610 -1.4874 -7.7050 21.8217 -2.7483 4.7480 8.0456 -2.6334 5.7880 -1.5181 -1.9776 2.8500 -6.0933 -11.0330 -7.5572 1.9107 13.3258 -10.2637 -4.2811 5.7706 -5.3158 -0.2810 0.0000 0.0000 0.0000 -68.5238 8.4996 -11.5818 22.2864 -33.2992 -6.7424 -0.0000 -0.0000 7.8913 4.2105 -30.3620 -2.1311 -7.1250 0.0000 -0.0000 -15.4336 0.4936 15.8893 0.0000 0.0000 0.0000 76.2915 13.8815 40.6028 -23.6368 34.7778 -7.4984 0.0000 0.0000 16.7986 4.4962 -45.2450 -3.1961 7.1250 -0.0000 -0.0000 57.7717 -66.3995 -34.3765
9.5503 15.0450 18.9727 189.8480 -2.3594 173.7500 0.0000 0.0000 0.0000 -2.0952 -34.1532 -28.7514 6.7693 15.1345 47.9961 0.5424 -1.6581 -13.4393 4.0280 -12.1976 -36.4346 0.0000 0.0000 0.0000 44.5536 2.4722 9.6447 -0.1220 -2.2519 6.2024 0.7059 -18.1247 -18.1190 -1.2480 -7.0828 19.9610 -2.7251 4.7846 8.0857 -2.5694 5.8449 -1.5309 -1.9363 2.8800 -6.1334 -11.2939 -7.4149 1.6340 13.2360 -10.0550 -4.1142 5.7742 -5.1918 -0.2044 0.0000 0.0000 0.0000 -70.0669 8.7330 -11.4987 22.9066 -33.9865 -7.0860 -0.0000 -0.0000 7.3184 2.4971 -31.4822 -1.3047 -7.1250 0.0000 -0.0000 -16.4109 -0.4222 17.2527 0.0000 0.0000 0.0000 76.2647 14.0562 40.7695 -22.9341 34.0167 -7.1014 0.0000 0.0000 17.0185 2.8538 -45.3828 -2.0322 7.1250 -0.0000 -0.0000 56.6550 -66.9858 -34.2238
9.5860 15.0668 18.8494 189.4130 -2.0615 174.1760 0.0000 0.0000 0.0000 -2.3403 -35.4490 -28.2301 5.3883 13.8082 42.4744 0.5742 -1.8653 -13.7949 3.4373 -11.3713 -33.5427 0.0000 0.0000 0.0000 43.9773 1.6093 11.6373 -0.0216 -0.9499 2.6110 0.6974 -17.6525 -17.1984 -1.2106 -6.9799 19.6560 -2.7018 4.9347 8.0206 -2.7984 6.0224 -1.6479 -2.2119 2.9578 -6.1923 -11.2800 -7.4112 1.7819 13.1750 -10.0520 -4.2451 5.7641 -5.1938 -0.2713 -0.0000 -0.0000 0.0000 -70.6979 8.6463 -11.9039 23.0471 -34.1402 -7.1647 -0.0000 -0.0000 6.4640 -0.3994 -32.2452 0.2131 -7.1250 0.0000 -0.0000 -18.0025 -0.9147 19.2581 -0.0000 -0.0000 0.0000 76.3650 14.4308 39.5818 -21.9018 32.8659 -6.5325 0.0000 0.0000 18.3225 2.2769 -45.1279 -1.6140 7.1250 -0.0000 -0.0000 55.6763 -67.0200 -33.5244
9.6216 15.0951 18.7200 189.2570 -1.5673 174.3620 0.0000 0.0000 0.0000 -2.5080 -36.1667 -27.7696 4.4588 12.7471 38.4291 0.5912 -1.6667 -14.0479 3.8667 -11.9809 -35.6646 0.0000 0.0000 0.0000 43.8018 0.9075 13.3255 0.0000 -0.0000 0.0000 0.7779 -17.8363 -16.3253 -1.0875 -6.6277 18.6169 -2.5319 4.9568 7.7776 -2.7203 6.0946 -1.5563 -2.2029 2.9937 -5.9467 -11.3156 -7.2491 1.2949 12.8624 -9.8034 -3.8716 5.6513 -5.0401 -0.1292 -0.0000 -0.0000 0.0000 -71.2498 8.8932 -12.7942 23.0145 -34.1047 -7.1464 -0.0000 -0.0000 6.6097 -1.7132 -31.9639 0.9071 -7.1250 0.0000 -0.0000 -18.7133 -0.5570 19.9878 -0.0000 -0.0000 0.0000 76.5151 15.4336 37.4664 -20.4487 31.1792 -5.7619 0.0000 0.0000 20.3248 5.4555 -45.5642 -3.9012 7.1250 -0.0000 -0.0000 59.1675 -66.2807 -35.3013
9.6503 15.1014 18.6099 188.8540 -1.3882 174.4780 0.0000 0.0000 0.0000 -3.0382 -36.9284 -27.5334 3.8180 11.9142 35.4293 0.6605 -2.4734 -14.7086 4.2853 -12.5307 -37.6360 0.0000 0.0000 0.0000 43.4267 0.4233 13.5425 0.0000 -0.0000 0.0000 0.7091 -17.4313 -16.4997 -1.1656 -6.8535 19.2821 -2.5140 4.9703 7.8228 -2.7986 6.1045 -1.4600 -2.2927 2.9942 -5.8602 -11.1205 -7.1979 1.1827 12.6249 -9.7154 -3.9389 5.5485 -4.9909 -0.1639 0.0000 0.0000 0.0000 -70.9929 8.9704 -14.0136 22.5894 -33.6368 -6.9095 -0.0000 -0.0000 7.7992 -2.9457 -31.7335 1.5503 -7.1250 0.0000 -0.0000 -19.3801 -0.2642 20.6880 0.0000 0.0000 0.0000 76.3878 16.5379 34.8558 -19.1032 29.5467 -5.0817 0.0000 0.0000 21.7292 6.4883 -46.1287 -4.6870 7.1250 -0.0000 -0.0000 61.0781 -66.2638 -36.7705
9.6837 15.1078 18.4989 188.5950 -1.1467 174.8250 0.0000 0.0000 0.0000 -3.0156 -37.8609 -27.7354 3.4064 11.3256 33.3858 0.6650 -3.7948 -14.5855 4.1799 -12.3960 -37.1478 0.0000 0.0000 0.0000 43.2237 0.1402 13.5951 0.0000 -0.0000 0.0000 0.6213 -16.8029 -16.4935 -1.3328 -7.3105 20.6385 -2.5796 4.9871 7.7196 -2.8192 6.1207 -1.5711 -2.2778 3.0043 -5.9236 -11.0935 -7.2044 1.0349 12.6105 -9.7257 -3.6500 5.5253 -4.9881 -0.0564 -0.0000 0.0000 0.0000 -70.2158 9.1327 -15.5339 22.0938 -33.0829 -6.6370 -0.0000 -0.0000 8.6197 -3.8680 -30.7533 1.9801 -7.1250 0.0000 -0.0000 -19.8981 0.7106 20.9613 -0.0000 0.0000 0.0000 75.9987 17.3315 32.3473 -18.1041 28.2903 -4.5985 0.0000 0.0000 23.0467 5.2290 -45.8953 -3.7598 7.1250 -0.0000 -0.0000 59.6108 -66.5298 -35.9497
9.7153 15.1092 18.3885 188.2730 -0.9953 174.9340 0.0000 0.0000 0.0000 -3.0821 -39.1354 -27.6400 3.1190 10.8852 31.8938 0.5812 -4.4965 -13.5757 4.1432 -12.3486 -36.9766 0.0000 0.0000 0.0000 42.9447 -0.3541 13.7271 0.0000 0.0000 -0.0000 0.5718 -16.2925 -16.1725 -1.2080 -6.9728 19.6349 -2.7855 4.9702 7.7716 -2.7684 6.0765 -1.6505 -2.1180 2.9900 -6.0653 -11.2595 -7.0656 1.0821 12.6809 -9.5518 -3.4604 5.5762 -4.8972 -0.0178 -0.0000 -0.0000 0.0000 -69.0142 9.6051 -16.7121 21.5561 -32.4717 -6.3459 -0.0000 -0.0000 9.4786 -1.9560 -29.7281 0.9703 -7.1250 0.0000 -0.0000 -18.8758 1.5783 19.4446 -0.0000 -0.0000 0.0000 75.3739 17.4793 30.1994 -17.8029 27.9041 -4.4566 0.0000 0.0000 23.4315 4.8219 -46.2983 -3.4899 7.1250 -0.0000 -0.0000 60.0624 -66.8715 -36.7208
9.7419 15.0978 18.2719 188.3920 -0.9238 175.0240 0.0000 0.0000 0.0000 -2.8381 -39.8877 -27.5655 3.0381 10.7564 31.4627 0.6097 -5.1799 -13.9032 3.9492 -12.0925 -36.0598 0.0000 0.0000 0.0000 43.0805 -0.9714 13.8700 0.0000 0.0000 -0.0000 0.5182 -15.8146 -16.0195 -1.2014 -6.9544 19.5804 -2.7343 5.0177 7.4922 -2.5873 6.1825 -1.6007 -1.9412 3.0505 -5.8675 -10.9818 -7.0245 1.3423 12.5181 -9.5029 -3.6433 5.5004 -4.8816 -0.1417 0.0000 0.0000 0.0000 -67.7501 10.0793 -17.3761 21.4315 -32.3285 -6.2791 -0.0000 -0.0000 9.6207 -0.5815 -28.8974 0.2810 -7.1250 0.0000 -0.0000 -18.1247 2.2821 18.3424 0.0000 0.0000 0.0000 74.5984 17.5493 28.3692 -17.7179 27.7944 -4.4169 0.0000 0.0000 22.4909 0.6694 -46.9534 -0.4892 7.1250 -0.0000 -0.0000 58.0401 -68.5480 -37.1145
9.7698 15.0872 18.1622 188.3920 -0.7401 175.2260 0.0000 0.0000 0.0000 -2.7659 -40.2341 -27.5400 2.9962 10.6889 31.2377 0.6532 -4.7556 -14.3984 3.5826 -11.5832 -34.2730 0.0000 0.0000 0.0000 43.1079 -1.4226 14.0107 0.0000 -0.0000 0.0000 0.4603 -15.3817 -16.0585 -1.1602 -6.8382 19.2370 -2.7370 5.0582 7.1532 -2.5379 6.2581 -1.6462 -1.8676 3.0925 -5.7285 -10.7935 -6.9946 1.3829 12.4643 -9.4793 -3.3398 5.4490 -4.8681 -0.0747 -0.0000 0.0000 0.0000 -66.5944 11.2999 -16.5451 22.0744 -33.0611 -6.6264 -0.0000 -0.0000 8.3781 1.4520 -27.7038 -0.6751 -7.1250 0.0000 -0.0000 -16.9850 3.2784 16.7513 -0.0000 0.0000 0.0000 73.5776 17.3188 28.5596 -17.8225 27.9293 -4.4658 0.0000 0.0000 22.1172 -3.0042 -46.8197 2.1916 7.1250 -0.0000 -0.0000 54.7120 -69.6902 -35.7772
9.7975 15.0687 18.0478 188.2430 -0.5224 175.4310 0.0000 0.0000 0.0000 -3.2455 -39.8903 -27.3513 2.9285 10.5784 30.8709 0.6981 -3.0355 -15.0451 4.7095 -13.0490 -39.5522 0.0000 0.0000 0.0000 43.0293 -1.8326 14.1464 0.0000 -0.0000 0.0000 0.4062 -14.9159 -15.9939 -1.1617 -6.8423 19.2491 -2.9033 5.1538 6.9090 -2.5894 6.3727 -1.7259 -1.8252 3.1531 -5.6864 -10.6502 -6.8542 1.3156 12.4985 -9.2982 -3.1005 5.4337 -4.7759 -0.0201 -0.0000 -0.0000 0.0000 -65.3405 12.1572 -16.0794 22.8963 -33.9752 -7.0802 -0.0000 -0.0000 6.7792 1.3659 -27.1606 -0.6236 -7.1250 0.0000 -0.0000 -17.0404 3.8038 16.6392 -0.0000 -0.0000 0.0000 73.1851 17.0388 28.0413 -18.0853 28.2663 -4.5896 0.0000 0.0000 22.9062 -3.1252 -46.0035 2.2493 7.1250 -0.0000 -0.0000 52.8084 -69.2625 -33.8466
9.8264 15.0645 17.9299 187.7730 -0.5011 175.5550 0.0000 0.0000 0.0000 -4.0781 -40.2208 -26.7208 2.8655 10.4741 30.5261 0.7448 -2.0521 -15.7366 4.7605 -13.1089 -39.7775 0.0000 0.0000 0.0000 42.5840 -2.4488 14.3027 0.0000 -0.0000 0.0000 0.3466 -14.4635 -16.0664 -1.2087 -6.9747 19.6404 -3.5045 5.1781 6.6091 -2.6140 6.3573 -1.6720 -1.4882 3.1608 -5.5253 -10.6173 -6.9912 1.1610 12.4209 -9.4754 -2.9923 5.3899 -4.8579 0.0517 0.0000 -0.0000 0.0000 -64.7215 12.8269 -16.8119 23.8000 -34.9521 -7.5917 -0.0000 -0.0000 5.3873 0.8836 -27.5303 -0.4085 -7.1250 0.0000 -0.0000 -17.3130 3.4850 17.0389 0.0000 -0.0000 0.0000 72.8613 17.1901 27.4474 -18.2105 28.4258 -4.6490 0.0000 0.0000 22.3540 -1.8983 -45.8113 1.3614 7.1250 -0.0000 -0.0000 53.4617 -68.7474 -33.7888
9.8482 15.0493 17.8198 187.8740 -0.6379 175.7500 0.0000 0.0000 0.0000 -4.4576 -39.7980 -26.6973 2.8440 10.4381 30.4075 0.7915 -2.0604 -16.2375 4.9861 -13.3681 -40.7625 0.0000 0.0000 0.0000 42.6632 -3.1502 14.2552 0.0000 0.0000 -0.0000 0.1712 -12.9220 -16.0460 -1.3786 -7.4298 20.9950 -3.1801 5.1329 6.5618 -2.6039 6.3309 -1.8204 -1.6562 3.1416 -5.6187 -11.0529 -7.1009 1.1292 12.5152 -9.6501 -2.4874 5.4671 -4.9320 0.2506 -0.0000 -0.0000 0.0000 -64.1572 13.4207 -17.3419 24.5800 -35.7716 -8.0431 -0.0000 -0.0000 3.8518 3.7860 -28.5396 -1.8109 -7.1250 0.0000 -0.0000 -15.6458 2.2865 15.6097 -0.0000 -0.0000 0.0000 72.6423 17.0218 27.1837 -18.3369 28.5864 -4.7094 0.0000 0.0000 21.0581 -1.6399 -45.4655 1.1691 7.1250 -0.0000 -0.0000 52.9692 -68.4599 -33.1042
9.8801 15.0588 17.7082 187.6050 -1.1799 176.1970 0.0000 0.0000 0.0000 -5.0302 -40.1820 -26.5706 2.7538 10.2854 29.9058 0.8101 -2.8393 -16.2824 3.9114 -12.0416 -35.8793 0.0000 0.0000 0.0000 42.3439 -3.9920 13.8602 0.0000 -0.0000 0.0000 0.1476 -12.7667 -16.1454 -1.2090 -6.9755 19.6428 -3.5652 5.2005 6.0882 -2.7132 6.3956 -1.8976 -1.5246 3.1817 -5.4633 -10.9639 -7.2751 1.4288 12.4280 -9.8816 -2.9200 5.4421 -5.0596 0.0937 -0.0000 -0.0000 0.0000 -63.5983 13.4196 -17.4639 25.0604 -36.2657 -8.3256 -0.0000 -0.0000 2.6966 6.9946 -29.7285 -3.4816 -7.1250 0.0000 -0.0000 -13.8357 0.8159 14.0553 -0.0000 -0.0000 0.0000 72.9406 16.9935 25.8587 -18.3559 28.6104 -4.7184 0.0000 0.0000 20.5659 -1.6271 -45.0004 1.1507 7.1250 -0.0000 -0.0000 52.0404 -68.1769 -32.1050
9.9044 15.0609 17.6029 187.4790 -2.0315 176.7900 0.0000 0.0000 0.0000 -5.5515 -40.1450 -27.1076 2.7249 10.2357 29.7436 0.7995 -2.8313 -16.1730 4.3834 -12.6538 -38.0860 0.0000 0.0000 0.0000 42.1455 -4.9764 13.1659 0.0000 0.0000 -0.0000 0.0665 -11.9753 -16.1075 -1.1854 -6.9095 19.4477 -3.5962 5.1846 5.9331 -2.8789 6.3573 -2.0750 -1.6707 3.1589 -5.5466 -10.9056 -7.5123 1.2918 12.3697 -10.1960 -2.7767 5.3939 -5.2110 0.1886 -0.0000 0.0000 0.0000 -63.4806 13.1632 -17.4437 25.4869 -36.6975 -8.5792 -0.0000 -0.0000 1.6635 10.7431 -29.9704 -5.4144 -7.1250 0.0000 -0.0000 -11.6993 0.1201 11.9262 -0.0000 0.0000 0.0000 73.1519 16.9716 25.2223 -18.2438 28.4682 -4.6649 0.0000 0.0000 19.7385 -0.9975 -45.3703 0.7099 7.1250 -0.0000 -0.0000 53.3347 -68.1968 -33.0916
9.9295 15.0872 17.4931 187.4610 -2.5634 177.4390 0.0000 0.0000 0.0000 -5.8142 -40.4184 -27.4487 2.7337 10.2509 29.7933 0.8624 -2.5421 -16.8732 4.8109 -13.1676 -39.9990 0.0000 0.0000 0.0000 42.0485 -5.6887 12.6444 0.0000 0.0000 -0.0000 -0.0327 -10.9723 -16.0947 -1.2645 -7.1280 20.0951 -3.6751 5.1655 5.4560 -2.8053 6.3586 -2.1730 -1.5108 3.1676 -5.3960 -11.4424 -7.5172 1.1119 12.5242 -10.1794 -2.9480 5.5215 -5.1943 0.2025 0.0000 -0.0000 0.0000 -64.0021 13.1950 -17.3016 25.8206 -37.0310 -8.7794 -0.0000 -0.0000 0.5347 14.4135 -29.4067 -7.1923 -7.1250 0.0000 -0.0000 -9.5377 0.1488 9.6476 0.0000 -0.0000 0.0000 73.3436 17.4661 24.8228 -17.7782 27.8722 -4.4450 0.0000 0.0000 20.5092 -0.1936 -45.0793 0.1371 7.1250 -0.0000 -0.0000 53.4538 -67.7679 -32.7082
9.9467 15.1001 17.3914 187.3590 -2.8918 178.0940 0.0000 0.0000 0.0000 -6.1377 -40.6426 -27.8278 2.7343 10.2519 29.7964 0.9170 -2.2131 -17.4853 4.7662 -13.1156 -39.8027 0.0000 0.0000 0.0000 41.8809 -6.2133 12.1650 0.0000 -0.0000 0.0000 -0.1275 -10.0577 -16.2225 -1.2939 -7.2072 20.3308 -3.4696 5.3035 5.1886 -2.9685 6.5588 -2.2249 -1.7866 3.2560 -5.2574 -11.8038 -7.7813 0.9861 12.8109 -10.5077 -3.4025 5.6576 -5.3626 0.1663 -0.0000 -0.0000 0.0000 -64.4331 13.0614 -16.7043 26.1998 -37.4054 -9.0088 -0.0000 -0.0000 0.3747 12.1145 -30.3990 -6.1989 -7.1250 0.0000 -0.0000 -10.9419 -0.4921 11.2418 -0.0000 -0.0000 0.0000 73.8147 18.2395 25.0929 -17.2909 27.2396 -4.2196 0.0000 0.0000 21.0965 2.7375 -46.0175 -1.9705 7.1250 -0.0000 -0.0000 57.8012 -67.3763 -35.5613
9.9566 15.1115 17.2988 187.0690 -2.9073 179.0280 0.0000 0.0000 0.0000 -6.3711 -40.9336 -28.3627 2.7034 10.1986 29.6224 0.9470 -2.3806 -17.7436 4.6401 -12.9667 -39.2440 0.0000 0.0000 0.0000 41.5797 -6.2945 11.5960 0.0000 0.0000 -0.0000 -0.1903 -9.4300 -16.3173 -1.1449 -6.7945 19.1079 -3.3044 5.5052 5.0888 -3.2118 6.8140 -2.4496 -2.1574 3.3686 -5.3879 -11.8152 -7.8338 1.0630 12.7648 -10.5383 -4.3647 5.6752 -5.3917 -0.1251 0.0000 0.0000 0.0000 -65.1080 13.4965 -16.0439 26.7104 -37.9016 -9.3206 -0.0000 0.0000 -0.0514 10.5508 -30.5544 -5.4089 -7.1250 0.0000 -0.0000 -11.8464 -0.4271 12.1973 0.0000 0.0000 0.0000 74.4858 18.9664 25.5088 -16.9041 26.7311 -4.0441 0.0000 0.0000 22.7130 2.5247 -44.8144 -1.7800 7.1250 -0.0000 -0.0000 55.2935 -66.7612 -32.9389
9.9710 15.1284 17.2105 186.7220 -2.6962 179.6680 0.0000 0.0000 0.0000 -6.9493 -40.9790 -28.5220 2.6751 10.1495 29.4623 0.9430 -2.6904 -17.6441 5.1724 -13.5754 -41.5623 0.0000 0.0000 0.0000 41.2016 -6.3953 11.3568 0.0000 -0.0000 0.0000 -0.2482 -8.6992 -16.2634 -1.3201 -7.2768 20.5381 -3.2807 5.6469 5.2416 -3.2757 6.9935 -2.4139 -2.2685 3.4541 -5.4253 -12.0178 -8.0100 0.3531 12.5644 -10.6959 -4.8011 5.6192 -5.4529 -0.1193 0.0000 -0.0000 0.0000 -66.5191 14.2084 -15.7513 27.5280 -38.6781 -9.8273 -0.0000 -0.0000 0.2191 8.1012 -30.8921 -4.1799 -7.1250 0.0000 -0.0000 -13.2569 -0.4434 13.7308 0.0000 -0.0000 0.0000 75.0495 20.4990 26.6142 -16.6995 26.4599 -3.9525 0.0000 0.0000 22.7434 2.1561 -44.8689 -1.5215 7.1250 -0.0000 -0.0000 55.0798 -66.9072 -32.9481
9.9847 15.1295 17.1318 186.5070 -1.9815 180.2160 0.0000 0.0000 0.0000 -7.2297 -41.1107 -28.5888 2.6715 10.1432 29.4418 0.9618 -2.9983 -17.7698 5.2180 -13.6252 -41.7562 0.0000 0.0000 0.0000 40.9602 -6.1242 11.3524 0.0000 -0.0000 0.0000 -0.2651 -8.2379 -15.9930 -1.3418 -7.3341 20.7091 -3.1589 5.9790 5.6006 -3.3867 7.4212 -2.3432 -2.5287 3.6568 -5.5206 -11.7367 -8.0397 0.1445 12.4164 -10.6883 -5.9216 5.5566 -5.4679 -0.4383 -0.0000 -0.0000 0.0000 -67.9105 14.5704 -16.3039 27.7725 -38.9059 -9.9805 -0.0000 -0.0000 0.5936 5.9747 -31.6369 -3.1422 -7.1250 0.0000 -0.0000 -14.4847 -0.9188 15.2064 -0.0000 -0.0000 0.0000 75.9386 22.0650 27.7367 -16.7079 26.4711 -3.9562 0.0000 0.0000 22.4121 3.2457 -44.7573 -2.2866 7.1250 -0.0000 -0.0000 55.8044 -66.5060 -33.0224
9.9959 15.1283 17.0475 186.3550 -1.5412 180.8080 0.0000 0.0000 0.0000 -7.5260 -41.3239 -28.6394 2.6466 10.0997 29.3003 0.9231 -3.2928 -17.3475 5.3779 -13.7972 -42.4309 0.0000 0.0000 0.0000 40.7924 -6.0332 11.1388 0.0000 -0.0000 0.0000 -0.2407 -7.9102 -15.3112 -1.2157 -6.9939 19.6974 -3.0568 6.1354 5.7138 -3.3159 7.6500 -2.1974 -2.5367 3.7713 -5.4240 -11.7725 -7.9576 0.3563 12.4703 -10.5681 -7.3428 5.6408 -5.4406 -0.8978 -0.0000 -0.0000 0.0000 -69.2019 14.6952 -16.8914 26.9512 -38.1327 -9.4690 -0.0000 -0.0000 1.4639 6.1221 -31.0463 -3.1662 -7.1250 0.0000 -0.0000 -14.3791 -0.3642 14.9477 -0.0000 -0.0000 0.0000 76.8072 23.7105 29.0192 -16.8734 26.6905 -4.0303 0.0000 0.0000 23.3023 2.7172 -44.2314 -1.8961 7.1250 -0.0000 -0.0000 54.3820 -66.3580 -31.8014
10.0080 15.1205 16.9531 186.8090 -0.9245 181.3380 0.0000 0.0000 0.0000 -7.1163 -41.3862 -28.8472 2.6666 10.1347 29.4142 0.9179 -3.4635 -17.2721 4.7698 -13.1197 -39.8184 0.0000 0.0000 0.0000 41.2513 -5.8449 11.1064 0.0000 0.0000 -0.0000 -0.2533 -7.5936 -15.1560 -1.3068 -7.2415 20.4330 -2.4331 6.2750 5.9838 -3.1346 7.9069 -2.1952 -2.7454 3.8895 -5.5095 -11.6536 -7.8413 0.3055 12.4819 -10.3995 -8.0204 5.6533 -5.3744 -1.1137 -0.0000 0.0000 0.0000 -70.4216 15.7264 -16.6794 26.4743 -37.6732 -9.1760 -0.0000 -0.0000 1.1425 5.9905 -30.6092 -3.0585 -7.1250 0.0000 -0.0000 -14.4374 0.0728 14.9002 -0.0000 0.0000 0.0000 77.8429 25.0269 31.5645 -17.1494 27.0542 -4.1550 0.0000 0.0000 22.3156 3.1887 -44.2164 -2.2249 7.1250 -0.0000 -0.0000 54.7636 -66.2057 -31.9042
10.0262 15.1186 16.8412 186.6870 -0.5852 181.7040 0.0000 0.0000 0.0000 -7.7962 -41.2723 -28.5273 2.6335 10.0767 29.2256 0.9225 -3.1028 -17.3715 5.1506 -13.5514 -41.4693 0.0000 0.0000 0.0000 41.1380 -6.0269 11.1205 0.0000 0.0000 -0.0000 -0.1833 -7.8271 -14.3866 -1.1258 -6.7396 18.9462 -2.4762 6.3363 5.9098 -3.0267 8.0092 -1.8983 -2.5878 3.9486 -5.1748 -11.4561 -7.8208 0.2418 12.2759 -10.3686 -8.6841 5.5827 -5.3727 -1.3254 -0.0000 0.0000 0.0000 -71.8940 16.1332 -17.3657 25.6001 -36.8111 -8.6470 -0.0000 -0.0000 1.5368 6.8619 -30.2560 -3.4698 -7.1250 0.0000 -0.0000 -13.9311 0.3190 14.2829 -0.0000 0.0000 0.0000 79.0021 26.5256 34.2567 -17.6861 27.7533 -4.4021 0.0000 0.0000 20.3228 5.1438 -46.2585 -3.7210 7.1250 -0.0000 -0.0000 60.2446 -66.7497 -36.7153
10.0691 15.1154 16.7162 186.7790 -0.2971 182.1280 0.0000 0.0000 0.0000 -8.1438 -40.7922 -28.4016 2.6074 10.0306 29.0757 0.9606 -3.2383 -17.7182 5.1657 -13.5680 -41.5335 0.0000 0.0000 0.0000 41.2786 -6.2276 11.1163 0.0000 -0.0000 0.0000 -0.2252 -6.8860 -14.0171 -1.0794 -6.6036 18.5462 -2.6864 6.4587 6.1503 -2.9639 8.1479 -1.9259 -2.4598 4.0230 -5.3763 -11.3130 -7.8534 0.1479 12.3420 -10.4035 -8.8934 5.5825 -5.4021 -1.3706 0.0000 0.0000 0.0000 -72.7411 16.5559 -17.6904 24.4768 -35.6644 -7.9829 -0.0000 -0.0000 2.2531 7.3461 -29.9009 -3.6772 -7.1250 0.0000 -0.0000 -13.6415 0.6090 13.8969 0.0000 0.0000 0.0000 80.0300 27.6927 38.2039 -17.8508 27.9657 -4.4790 0.0000 0.0000 18.8150 3.0792 -46.3826 -2.2302 7.1250 -0.0000 -0.0000 58.8142 -67.4662 -36.4569
10.0955 15.1129 16.5733 187.0580 0.1477 182.6520 0.0000 0.0000 0.0000 -8.0185 -40.9604 -28.1119 2.5448 9.9189 28.7145 1.0165 -2.1059 -18.4658 4.9731 -13.3534 -40.7063 0.0000 0.0000 0.0000 41.5532 -6.2647 11.2339 0.0000 0.0000 -0.0000 -0.2126 -6.5977 -13.5281 -0.9182 -6.1054 17.0906 -2.3420 6.4337 6.0660 -2.9666 8.3696 -1.9770 -2.6696 4.2088 -5.3252 -11.1321 -7.9371 0.2373 12.1794 -10.5262 -9.0759 5.5129 -5.4693 -1.4447 0.0000 0.0000 0.0000 -73.5445 17.1642 -17.5303 23.6155 -34.7550 -7.4862 -0.0000 -0.0000 3.2532 6.2577 -29.6666 -3.1066 -7.1250 0.0000 -0.0000 -14.2545 0.9563 14.4722 0.0000 0.0000 0.0000 81.4240 28.5231 41.7570 -18.1253 28.3173 -4.6085 0.0000 0.0000 18.5526 3.2671 -46.0816 -2.3546 7.1250 -0.0000 -0.0000 58.3659 -67.2441 -35.8428
10.1347 15.1054 16.4219 187.2160 0.5635 183.2820 0.0000 0.0000 0.0000 -8.0208 -40.6776 -28.0172 2.5306 9.8933 28.6319 1.1075 -1.5555 -19.4358 4.4984 -12.7957 -38.6083 0.0000 0.0000 0.0000 41.7594 -6.2698 11.2797 0.0000 -0.0000 0.0000 -0.1974 -6.3181 -12.9989 -0.7496 -5.5300 15.4268 -2.5119 6.4718 5.9923 -2.9172 8.4026 -2.1533 -2.5385 4.2284 -5.5006 -11.3732 -7.7706 0.7319 12.5735 -10.3233 -9.6711 5.7218 -5.3968 -1.6853 0.0000 -0.0000 0.0000 -74.1957 18.1098 -17.1853 23.0735 -34.1691 -7.1795 -0.0000 -0.0000 4.0821 5.2882 -30.1555 -2.6622 -7.1250 0.0000 -0.0000 -14.8202 0.5852 15.1868 0.0000 -0.0000 0.0000 82.5847 29.1411 45.9675 -18.5398 28.8428 -4.8068 0.0000 0.0000 18.4107 3.8385 -45.2589 -2.7285 7.1250 -0.0000 -0.0000 57.2468 -66.6101 -34.2295
10.1773 15.0827 16.2527 187.6340 1.4063 183.6370 0.0000 0.0000 0.0000 -7.8547 -40.0999 -27.4699 2.5931 10.0052 28.9937 1.1796 -0.0692 -20.5193 5.2805 -13.6929 -42.0210 0.0000 0.0000 0.0000 42.1689 -6.1339 11.8337 0.0000 -0.0000 0.0000 -0.1921 -5.9252 -12.5164 -0.9210 -6.1143 17.1165 -2.3147 6.7164 5.9477 -2.9256 8.7426 -2.1536 -2.6816 4.3887 -5.4392 -11.1626 -7.8155 0.5989 12.4936 -10.3778 -9.7646 5.6607 -5.4309 -1.7009 -0.0000 -0.0000 0.0000 -74.8798 18.4833 -16.2872 22.8298 -33.9022 -7.0431 -0.0000 -0.0000 3.9993 6.6334 -29.5781 -3.2854 -7.1250 0.0000 -0.0000 -14.0369 1.0015 14.2255 -0.0000 -0.0000 0.0000 83.8293 29.6262 49.7874 -19.0831 29.5218 -5.0717 0.0000 0.0000 18.5108 6.6334 -45.3581 -4.7302 7.1250 -0.0000 -0.0000 59.7525 -65.8085 -35.1694
10.2277 15.0710 16.0644 187.8320 2.2482 183.9960 0.0000 0.0000 0.0000 -7.2790 -40.7483 -26.8007 2.6204 10.0536 29.1505 1.1462 0.2113 -20.3227 4.6387 -12.9650 -39.2375 0.0000 0.0000 0.0000 42.3804 -6.0391 12.4591 0.0000 -0.0000 0.0000 -0.1682 -5.8569 -12.0318 -0.7839 -5.6524 15.7791 -2.1438 7.0917 5.9091 -3.3075 9.2582 -2.4256 -3.2371 4.6389 -5.6027 -10.6561 -7.8353 1.7233 12.5864 -10.4562 -10.6049 5.6973 -5.5287 -2.1434 0.0000 -0.0000 0.0000 -74.6046 18.7311 -15.3625 22.3503 -33.3706 -6.7775 -0.0000 -0.0000 4.1319 6.9439 -30.2553 -3.5115 -7.1250 0.0000 -0.0000 -13.8845 0.3105 14.2342 0.0000 -0.0000 0.0000 84.9803 30.0182 54.1801 -19.4431 29.9655 -5.2503 0.0000 0.0000 17.4750 8.8777 -45.8941 -6.3994 7.1250 -0.0000 -0.0000 62.5533 -65.4112 -36.8532
10.2895 15.0796 15.8687 187.5270 2.8176 184.5200 0.0000 0.0000 0.0000 -6.9630 -41.1604 -26.5565 2.5907 10.0009 28.9798 1.0353 -0.4794 -19.0829 3.4226 -11.3497 -33.4684 0.0000 0.0000 0.0000 42.0372 -6.0854 12.8689 0.0000 0.0000 -0.0000 -0.1842 -5.3658 -11.8300 -0.7625 -5.5763 15.5599 -3.0484 7.0268 5.7097 -3.3399 9.1174 -2.3834 -2.7477 4.6045 -5.5871 -11.4524 -7.6981 1.4078 12.9932 -10.2676 -11.0283 5.9514 -5.4351 -2.1705 0.0000 -0.0000 0.0000 -75.6168 18.1349 -15.6495 21.7265 -32.6665 -6.4376 -0.0000 -0.0000 4.4215 8.6231 -29.7617 -4.3050 -7.1250 0.0000 -0.0000 -12.9048 0.5946 13.1082 0.0000 -0.0000 0.0000 85.2724 30.8140 60.9571 -20.0721 30.7291 -5.5681 0.0000 0.0000 16.3566 6.1260 -46.3809 -4.4429 7.1250 -0.0000 -0.0000 61.2725 -66.5075 -37.2285
10.3511 15.0978 15.6707 187.2590 2.4240 184.8370 0.0000 0.0000 0.0000 -7.4958 -40.0772 -26.6113 2.6262 10.0639 29.1838 0.8293 -2.8891 -16.4730 1.7851 -8.4034 -23.9461 0.0000 0.0000 0.0000 41.7148 -7.0251 12.9411 0.0000 0.0000 -0.0000 -0.1826 -4.8862 -11.3463 -0.5363 -4.6922 13.0327 -3.0975 6.9739 5.9275 -3.8784 9.0475 -2.5006 -3.3098 4.5783 -5.7548 -11.6125 -7.7234 1.8737 13.3620 -10.3189 -11.3357 6.1239 -5.4876 -2.2983 0.0000 0.0000 0.0000 -75.4350 16.6261 -15.4673 20.8900 -31.6998 -5.9921 -0.0000 -0.0000 6.0434 9.5605 -29.4428 -4.7328 -7.1250 0.0000 -0.0000 -12.3499 0.7908 12.4728 0.0000 0.0000 0.0000 86.1328 30.5854 64.6157 -20.9123 31.7258 -6.0038 0.0000 0.0000 16.9172 5.2722 -45.6207 -3.7734 7.1250 -0.0000 -0.0000 59.1232 -66.3679 -35.3738
10.4106 15.1304 15.4835 187.1490 1.9401 185.3670 0.0000 0.0000 0.0000 -7.9763 -38.2051 -27.4021 2.7374 10.2573 29.8139 0.6381 -4.0196 -14.2622 2.1838 -9.2389 -26.5454 0.0000 0.0000 0.0000 41.5585 -7.8130 12.6175 0.0000 0.0000 -0.0000 -0.1138 -4.5295 -9.6158 -0.3536 -3.8204 10.5720 -3.0852 6.8653 6.2180 -4.0946 8.8995 -2.3530 -3.5496 4.5071 -5.7304 -11.7770 -7.8210 1.0110 12.9199 -10.4394 -11.6609 5.9835 -5.5224 -2.2600 -0.0000 -0.0000 0.0000 -76.4985 14.0015 -15.7607 20.4345 -31.1623 -5.7545 -0.0000 -0.0000 7.8914 10.6767 -28.4701 -5.1355 -7.1250 0.0000 -0.0000 -11.6505 1.6033 11.5636 -0.0000 -0.0000 0.0000 85.9841 30.8617 68.9204 -21.9324 32.9005 -6.5491 0.0000 0.0000 15.7522 4.9142 -45.5946 -3.5150 7.1250 -0.0000 -0.0000 58.7785 -66.4641 -35.2251
10.4667 15.1638 15.2774 187.4150 1.5009 185.5670 0.0000 0.0000 0.0000 -8.2674 -36.8891 -27.7790 2.9471 10.6089 30.9718 0.5524 -5.0485 -13.2314 2.6552 -10.1149 -29.3495 0.0000 0.0000 0.0000 41.7096 -8.8126 12.7386 0.0000 0.0000 -0.0000 -0.0691 -3.9928 -7.9746 -0.3865 -3.9922 11.0547 -2.8002 6.9323 6.4078 -4.1985 9.0082 -2.2367 -3.8344 4.5516 -5.6505 -11.9741 -7.9352 0.9600 12.9783 -10.5990 -11.9599 6.0385 -5.6055 -2.3062 -0.0000 0.0000 0.0000 -77.6625 12.0140 -14.1992 21.0010 -31.8295 -6.0505 -0.0000 -0.0000 6.8892 10.4229 -28.1338 -4.9572 -7.1250 0.0000 -0.0000 -11.7815 1.9663 11.6212 -0.0000 0.0000 0.0000 85.2826 30.6540 72.7657 -23.1845 34.2899 -7.2419 0.0000 0.0000 13.9658 4.5518 -45.3383 -3.2410 7.1250 -0.0000 -0.0000 57.9935 -66.4345 -34.5875
10.5202 15.1962 15.0597 187.5410 1.6128 185.8180 0.0000 0.0000 0.0000 -8.5744 -35.9914 -27.8664 3.1553 10.9423 32.0855 0.5652 -5.4621 -13.3953 2.5706 -9.9651 -28.8639 0.0000 0.0000 0.0000 41.5786 -9.3737 13.1977 0.0000 0.0000 0.0000 -0.0197 -3.8581 -6.2876 -0.4221 -4.1699 11.5551 -2.7954 7.0144 6.6439 -4.2478 9.1035 -2.2957 -3.9398 4.5951 -5.8342 -12.2686 -7.9001 0.7040 13.0866 -10.5323 -11.8072 6.0995 -5.5587 -2.2046 0.0000 -0.0000 0.0000 -79.0552 10.7298 -11.7599 22.1205 -33.1130 -6.6516 -0.0000 -0.0000 4.7790 10.6354 -28.0124 -5.0402 -7.1250 0.0000 -0.0000 -11.6506 2.0589 11.4667 0.0000 -0.0000 0.0000 84.9830 30.4606 76.2702 -24.1131 35.2837 -7.7718 0.0000 0.0000 13.7545 6.5276 -44.8530 -4.6138 7.1250 -0.0000 -0.0000 58.7461 -65.5628 -34.0958
10.5735 15.2273 14.8079 187.6820 2.1883 186.0010 0.0000 0.0000 0.0000 -8.8603 -35.6297 -27.4489 3.4036 11.3214 33.3715 0.6515 -5.1211 -14.3744 3.5167 -11.4879 -33.9437 0.0000 0.0000 0.0000 41.3987 -9.5865 13.8847 0.0000 0.0000 -0.0000 0.0201 -3.8595 -4.5190 -0.3485 -3.7931 10.4953 -2.7736 7.2753 6.6169 -4.3966 9.4517 -2.5071 -4.1628 4.7652 -6.0011 -11.8851 -7.8732 0.8374 12.9974 -10.4934 -11.6463 6.0130 -5.5463 -2.2096 -0.0000 0.0000 0.0000 -79.5703 10.4152 -7.6171 23.7394 -34.8875 -7.5570 -0.0000 -0.0000 2.3249 9.4620 -28.1378 -4.4940 -7.1250 0.0000 -0.0000 -12.3443 2.0807 12.1771 -0.0000 0.0000 0.0000 85.1959 29.8736 78.8384 -24.7416 35.9388 -8.1378 0.0000 0.0000 13.9497 8.0407 -44.3165 -5.6363 7.1250 -0.0000 -0.0000 59.0608 -64.8128 -33.3958
10.6351 15.2568 14.5462 187.4080 2.6580 186.2890 0.0000 0.0000 0.0000 -9.4492 -35.8146 -26.7269 3.5632 11.5553 34.1765 0.6051 -6.1099 -13.8890 1.7928 -8.4205 -23.9986 0.0000 0.0000 0.0000 40.7754 -9.8551 14.4795 0.0000 0.0000 -0.0000 0.0391 -3.6147 -2.2474 -0.3284 -3.6831 10.1868 -3.2127 7.3217 6.3272 -4.5836 9.5022 -2.5923 -4.0959 4.8137 -5.9653 -12.3850 -7.7806 0.0807 13.5657 -10.2918 -10.9579 6.2032 -5.4264 -1.8433 0.0000 -0.0000 0.0000 -80.0608 9.9453 -5.0936 25.4950 -36.7056 -8.5840 -0.0000 -0.0000 2.6038 5.6594 -31.4524 -2.9600 -7.1250 0.0000 -0.0000 -14.6534 -0.7062 15.3411 0.0000 -0.0000 0.0000 85.6775 29.8294 80.9982 -24.8104 36.0096 -8.1782 0.0000 0.0000 14.0013 7.9868 -43.8239 -5.5491 7.1250 -0.0000 -0.0000 58.1744 -64.5498 -32.4063
10.6828 15.2703 14.2721 187.0930 3.3405 186.2350 0.0000 0.0000 0.0000 -10.5068 -35.5636 -25.6379 3.7521 11.8230 35.1087 0.5460 -6.2514 -13.2246 0.8369 -5.8358 -16.3087 0.0000 0.0000 0.0000 39.8020 -10.1746 15.5339 0.0000 -0.0000 0.0000 0.0347 -3.4823 -0.0936 -0.5836 -4.8914 13.5990 -3.2707 7.3513 6.3970 -4.9443 9.5458 -2.8020 -4.4783 4.8434 -6.1733 -12.2105 -7.6430 0.4167 13.6281 -10.1240 -10.9760 6.2173 -5.3575 -1.9295 0.0000 0.0000 0.0000 -79.7789 9.6439 -3.7010 26.8050 -37.9926 -9.3788 -0.0000 -0.0000 3.3295 3.1102 -32.5359 -1.6739 -7.1250 0.0000 -0.0000 -16.0965 -1.4887 17.1956 0.0000 0.0000 0.0000 86.3880 29.2300 83.0942 -24.8993 36.1009 -8.2305 0.0000 0.0000 13.5524 6.9339 -44.7382 -4.8926 7.1250 -0.0000 -0.0000 58.8787 -65.3769 -33.9656
10.7381 15.2879 13.9832 186.7880 4.4723 186.1970 0.0000 0.0000 0.0000 -11.6135 -34.6645 -24.4837 3.8826 12.0026 35.7411 0.5339 -6.9716 -13.1699 0.3853 -3.9859 -11.0370 0.0000 0.0000 0.0000 38.7375 -10.0727 16.7301 0.0000 -0.0000 0.0000 -0.0004 -3.2665 2.3095 -0.5312 -4.6703 12.9705 -3.5309 7.4679 6.2276 -5.1309 9.6993 -2.9069 -4.5380 4.9352 -6.1932 -12.5597 -7.4461 -0.0766 13.8218 -9.8195 -10.4377 6.2964 -5.1793 -1.6999 -0.0000 -0.0000 0.0000 -79.4338 8.9138 -3.3951 27.3923 -38.5508 -9.7426 -0.0000 -0.0000 2.6827 2.5595 -32.6627 -1.3820 -7.1250 0.0000 -0.0000 -16.4004 -1.5585 17.5685 -0.0000 -0.0000 0.0000 86.7135 28.9738 85.1033 -24.7302 35.9270 -8.1311 0.0000 0.0000 13.7491 5.8606 -44.9555 -4.1481 7.1250 -0.0000 -0.0000 58.3759 -65.8212 -34.1336
10.7962 15.3091 13.6867 186.6570 5.4728 186.1160 0.0000 0.0000 0.0000 -12.6014 -34.3133 -22.8329 4.0055 12.1677 36.3280 0.7093 -6.2292 -15.0235 0.8602 -5.9143 -16.5360 0.0000 0.0000 0.0000 37.8387 -10.0704 17.9029 0.0000 -0.0000 0.0000 -0.0953 -2.8650 5.5380 -0.1935 -2.8331 7.8144 -3.5294 7.5871 6.1325 -5.4494 9.8713 -3.2979 -4.9200 5.0251 -6.4917 -12.5100 -7.3691 0.4116 14.0040 -9.7433 -10.2510 6.3622 -5.1529 -1.7255 0.0000 -0.0000 0.0000 -78.4706 8.4669 -3.8678 27.2823 -38.4471 -9.6741 -0.0000 -0.0000 2.3707 4.5618 -31.5031 -2.3874 -7.1250 0.0000 -0.0000 -15.2668 -0.6398 16.0132 0.0000 -0.0000 0.0000 87.0975 28.1803 87.3954 -24.6377 35.8314 -8.0768 0.0000 0.0000 13.3086 3.3627 -45.8620 -2.4146 7.1250 -0.0000 -0.0000 58.0116 -67.0939 -35.3899
10.8472 15.3243 13.3864 186.6550 6.5217 186.0480 0.0000 0.0000 0.0000 -13.4983 -34.1526 -21.0088 4.1066 12.3009 36.8050 0.8795 -5.8810 -16.7231 0.5305 -4.6671 -12.9615 0.0000 0.0000 0.0000 37.0598 -9.6123 17.9519 -0.0107 -0.6693 1.8393 -0.2192 -3.7610 8.3461 -0.2267 -3.0649 8.4596 -3.4284 7.4508 6.0563 -5.5524 9.6994 -3.5067 -5.0736 4.9369 -6.6442 -12.7595 -7.1004 -0.1656 14.2459 -9.3412 -9.6707 6.4417 -4.9306 -1.4873 -0.0000 0.0000 0.0000 -77.3934 7.5906 -5.9216 26.1326 -37.3394 -8.9680 -0.0000 -0.0000 1.9119 5.8985 -32.5490 -3.1815 -7.1250 0.0000 -0.0000 -14.5653 -1.7914 15.5176 -0.0000 0.0000 0.0000 87.3580 27.3879 89.7912 -24.6333 35.8269 -8.0743 0.0000 0.0000 13.6855 2.1290 -46.0131 -1.5322 7.1250 -0.0000 -0.0000 57.2879 -67.5668 -35.3877
10.8995 15.3556 13.0819 186.3190 7.8156 186.0070 0.0000 0.0000 0.0000 -14.8621 -33.9746 -18.9988 4.1111 12.3068 36.8261 1.1065 -4.4058 -18.9037 0.8639 -5.9267 -16.5719 0.0000 0.0000 0.0000 36.0707 -7.7433 14.3513 -0.3673 -3.8928 10.7754 -0.2320 -2.4682 8.5788 -0.0511 -1.4587 4.0118 -3.7087 7.4215 5.1389 -5.6660 9.7153 -3.4427 -4.8866 4.9749 -6.0797 -12.7584 -6.8017 -0.3095 14.3761 -8.9282 -9.5320 6.4848 -4.7256 -1.4710 0.0000 0.0000 0.0000 -76.2160 6.3362 -7.8198 24.5409 -35.7310 -8.0203 -0.0000 -0.0000 2.3075 9.4204 -31.2815 -4.9239 -7.1250 0.0000 -0.0000 -12.5332 -0.9888 13.0621 0.0000 0.0000 0.0000 86.7757 27.1737 92.5322 -24.9680 36.1713 -8.2710 0.0000 0.0000 12.6884 2.2998 -46.4539 -1.6674 7.1250 -0.0000 -0.0000 58.3224 -67.7530 -36.4107
10.9473 15.3890 12.7969 185.9840 9.1883 185.9140 0.0000 0.0000 0.0000 -16.2452 -33.2894 -16.6413 3.9252 12.0602 35.9453 1.2649 -3.1831 -20.4482 0.8592 -5.9112 -16.5270 0.0000 0.0000 0.0000 33.9938 -8.3688 10.8311 -1.0057 -6.3814 17.8951 -0.3827 -0.5276 11.5131 -0.1186 -2.2198 6.1135 -3.7789 7.5597 4.9970 -5.9121 9.9146 -3.6954 -5.1328 5.0831 -6.2270 -12.7228 -6.7391 -0.6766 14.5347 -8.8249 -8.7744 6.4896 -4.6546 -1.1959 -0.0000 -0.0000 0.0000 -74.7745 5.0660 -9.4669 22.4233 -33.4521 -6.8177 -0.0000 -0.0000 3.6379 11.7054 -30.9174 -6.0765 -7.1250 0.0000 -0.0000 -11.2137 -0.9441 11.6204 -0.0000 -0.0000 0.0000 86.5990 25.8132 93.2755 -25.0674 36.2728 -8.3298 0.0000 0.0000 11.8590 2.1288 -46.6892 -1.5494 7.1250 -0.0000 -0.0000 58.6680 -67.9340 -36.8953
10.9940 15.4419 12.5173 185.2620 10.4573 185.5800 0.0000 0.0000 0.0000 -18.1902 -32.6339 -13.7764 3.6066 11.6176 34.3923 1.3723 -1.4796 -21.7178 1.6736 -8.1502 -23.1713 0.0000 0.0000 0.0000 31.5501 -8.8789 6.8241 -2.0597 -8.9894 25.7622 -0.6446 0.0715 15.1989 -0.1108 -2.1461 5.9097 -4.2312 7.2086 5.2987 -5.9716 9.3921 -3.8022 -4.9706 4.8433 -6.6025 -12.7647 -6.3912 -2.0812 14.2190 -8.2785 -7.4071 6.3214 -4.3049 -0.6586 0.0000 0.0000 0.0000 -73.8485 4.2259 -12.4758 20.5199 -31.2636 -5.7988 -0.0000 -0.0000 6.1944 12.2516 -29.5978 -6.1217 -7.1250 0.0000 -0.0000 -10.8052 0.2791 10.9492 0.0000 0.0000 0.0000 86.4624 24.7239 94.9029 -25.1410 36.3478 -8.3734 0.0000 0.0000 10.1898 1.7869 -46.1600 -1.2891 7.1250 -0.0000 -0.0000 57.3001 -67.7568 -35.6183
11.0292 15.4838 12.2608 184.5550 11.7856 185.3080 0.0000 0.0000 0.0000 -20.0463 -31.8616 -10.8946 3.2353 11.0666 32.5047 1.4643 -2.1204 -22.2903 0.1397 -2.4088 -6.6369 0.0000 0.0000 0.0000 28.9166 -9.7806 1.7117 -3.6656 -11.7016 34.6844 -0.8975 0.1862 17.9771 -0.0618 -1.6045 4.4138 -4.6956 7.1612 5.2793 -6.0740 9.3020 -3.9173 -4.8374 4.8239 -6.7770 -12.5004 -6.0033 -1.9922 14.1165 -7.7707 -7.3119 6.2670 -4.0547 -0.7295 -0.0000 0.0000 0.0000 -73.2388 3.6967 -13.6207 19.6417 -30.2082 -5.3499 -0.0000 -0.0000 8.8715 11.9852 -27.7056 -5.6367 -7.1250 0.0000 -0.0000 -10.8390 2.1861 10.6115 -0.0000 0.0000 0.0000 85.8399 22.9328 94.7016 -25.3111 36.5202 -8.4743 0.0000 0.0000 9.8232 1.2427 -47.1521 -0.9111 7.1250 -0.0000 -0.0000 58.9304 -68.4658 -37.7265
11.0707 15.5238 12.0194 183.8150 13.1995 184.7770 0.0000 0.0000 0.0000 -21.9291 -30.6540 -8.0294 2.8626 10.4692 30.5099 1.4617 -0.7746 -22.6320 0.1051 -2.0908 -5.7566 0.0000 0.0000 0.0000 26.6669 -9.5142 -3.3266 -5.6699 -14.1006 43.6420 -1.0993 0.2267 19.9083 -0.0025 -0.3211 0.8821 -5.5284 6.9520 5.5514 -6.0896 8.9588 -3.4251 -4.3641 4.6903 -6.5467 -11.4513 -5.7729 -4.3319 13.4795 -7.3734 -6.5755 5.8176 -3.8139 -0.2581 -0.0000 -0.0000 0.0000 -73.0838 2.6532 -13.4669 19.6567 -30.2265 -5.3574 -0.0000 -0.0000 10.6667 12.9448 -25.4502 -5.6411 -7.1250 0.0000 -0.0000 -10.1396 4.2984 9.5040 -0.0000 -0.0000 0.0000 85.8119 21.8958 93.0743 -25.1517 36.3586 -8.3797 0.0000 0.0000 9.8575 5.6242 -46.3181 -4.0736 7.1250 -0.0000 -0.0000 60.7482 -66.6311 -36.9665
11.1101 15.5581 11.7887 183.6290 14.6332 184.1750 0.0000 0.0000 0.0000 -23.2402 -29.3952 -5.4365 2.5784 9.9790 28.9089 1.4469 1.7608 -23.4235 1.0589 -6.5428 -18.3678 0.0000 0.0000 0.0000 25.2142 -8.4123 -7.7468 -7.6485 -15.8545 51.2863 -0.7929 2.1269 17.7186 -0.1680 2.6403 -7.2789 -5.7478 7.0323 5.4610 -5.5760 9.0275 -3.2211 -3.6851 4.7171 -6.3953 -11.7023 -5.3626 -3.6986 13.0839 -6.8366 -6.8599 5.7844 -3.5438 -0.5210 -0.0000 0.0000 0.0000 -73.6796 2.8566 -11.2841 20.0260 -30.6737 -5.5446 -0.0000 -0.0000 9.0660 13.2956 -27.7647 -6.2820 -7.1250 0.0000 -0.0000 -10.0686 1.9477 9.8759 -0.0000 0.0000 0.0000 84.9474 19.3365 90.3937 -24.8149 36.0142 -8.1808 0.0000 0.0000 9.6455 0.9578 -46.5238 -0.6951 7.1250 -0.0000 -0.0000 57.3647 -68.2225 -36.2078
11.1590 15.5899 11.5556 183.4270 15.2896 183.7570 0.0000 0.0000 0.0000 -24.4097 -28.7279 -2.9006 2.3523 9.5643 27.5769 1.5271 1.5315 -23.9509 0.1661 -2.6256 -7.2381 0.0000 0.0000 0.0000 24.2067 -7.0761 -11.9283 -9.2185 -16.9463 56.8427 -0.1295 6.2066 11.6985 -0.7467 5.5197 -15.3969 -5.8779 6.7853 5.7882 -5.3448 8.6412 -3.1928 -3.3768 4.5246 -6.6122 -11.3413 -5.0537 -4.0113 12.7955 -6.4225 -6.4864 5.6333 -3.3239 -0.4369 -0.0000 -0.0000 0.0000 -73.9515 3.1803 -8.2590 20.6745 -31.4464 -5.8792 -0.0000 -0.0000 6.9691 14.0961 -29.4947 -7.0478 -7.1250 0.0000 -0.0000 -9.7292 0.1099 9.8537 -0.0000 -0.0000 0.0000 85.0503 16.2937 85.8655 -24.1513 35.3239 -7.7939 0.0000 0.0000 10.4395 -0.0350 -47.1863 0.0257 7.1250 -0.0000 -0.0000 57.9750 -68.9030 -37.4710
11.2042 15.5866 11.3241 183.6110 15.3707 182.9610 0.0000 0.0000 0.0000 -25.3203 -28.0859 -0.4222 2.2495 9.3676 26.9520 1.6015 1.4959 -24.4985 0.0809 -1.8347 -5.0490 0.0000 0.0000 0.0000 23.7762 -5.8080 -15.4523 -10.3766 -17.6163 60.7399 0.1721 7.6379 5.0745 -1.4673 7.6551 -21.6712 -5.6938 6.2838 6.7964 -5.1368 7.9088 -2.5576 -3.2374 4.1405 -6.5162 -9.8367 -4.8446 -6.9839 12.1502 -6.1142 -5.1770 5.0979 -3.1198 0.3149 0.0000 -0.0000 0.0000 -73.9131 2.7106 -5.2563 21.5488 -32.4633 -6.3419 -0.0000 -0.0000 5.8694 14.9838 -29.9311 -7.6065 -7.1250 0.0000 -0.0000 -9.2530 -0.4632 9.4513 0.0000 -0.0000 0.0000 85.5818 14.4233 80.6787 -23.3346 34.4527 -7.3267 0.0000 0.0000 11.5814 0.8059 -46.9743 -0.5892 7.1250 -0.0000 -0.0000 58.1956 -68.5145 -37.1990
11.2882 15.5715 11.0896 183.4920 15.7007 182.5190 0.0000 0.0000 0.0000 -26.0546 -27.0294 1.2838 2.1693 9.2101 26.4548 1.7190 1.3708 -25.3123 0.1268 -2.2956 -6.3234 0.0000 0.0000 0.0000 23.4605 -3.7290 -18.9180 -11.0343 -17.9518 62.8930 0.0328 6.3777 -3.5454 -1.6366 8.0643 -22.9094 -6.3742 6.0881 6.6260 -4.6730 7.5907 -2.4799 -2.3215 4.0048 -6.4933 -9.9100 -4.6220 -7.2302 12.0671 -5.7970 -4.2989 5.0785 -2.9206 0.5759 -0.0000 -0.0000 0.0000 -74.7186 2.2966 -1.9594 21.8999 -32.8637 -6.5315 -0.0000 -0.0000 5.7881 14.9426 -30.4857 -7.7105 -7.1250 0.0000 -0.0000 -9.3276 -1.0093 9.6179 -0.0000 -0.0000 0.0000 85.4952 10.9335 73.7586 -22.7933 33.8620 -7.0228 0.0000 0.0000 12.0636 -0.4308 -46.3796 0.3119 7.1250 -0.0000 -0.0000 55.9077 -68.5938 -35.4960
11.3575 15.5564 10.8438 183.1650 15.1864 182.0360 0.0000 0.0000 0.0000 -27.1786 -26.8033 3.4649 2.0527 8.9750 25.7172 1.8318 2.0208 -26.3715 0.3648 -3.8797 -10.7386 0.0000 0.0000 0.0000 22.8468 -2.3401 -21.9732 -10.9667 -17.9187 62.6733 -0.3786 2.5463 -11.0226 -1.7716 8.3732 -23.8534 -6.4888 5.6890 6.9398 -4.6252 7.0062 -2.6903 -2.1896 3.7279 -6.9080 -9.1249 -4.4099 -6.7323 11.4357 -5.5855 -3.7678 4.7675 -2.8105 0.5833 0.0000 -0.0000 0.0000 -74.9872 2.2320 2.0992 21.9643 -32.9367 -6.5664 -0.0000 -0.0000 5.5968 14.9609 -30.2453 -7.6659 -7.1250 0.0000 -0.0000 -9.2949 -0.7728 9.5452 0.0000 -0.0000 0.0000 85.9132 7.1376 66.3111 -21.8091 32.7606 -6.4822 0.0000 0.0000 13.9375 -2.4306 -45.1270 1.7230 7.1250 -0.0000 -0.0000 51.5840 -68.5119 -32.1251
11.4508 15.5394 10.5950 183.0800 14.5125 181.8810 0.0000 0.0000 0.0000 -27.6064 -26.2588 5.0276 1.9518 8.7649 25.0626 1.9370 2.0739 -27.1161 0.6874 -5.3004 -14.7674 0.0000 0.0000 0.0000 22.6368 -0.1471 -24.2106 -10.0875 -17.4588 59.7805 -0.6643 0.7714 -15.1549 -1.8861 8.6247 -24.6283 -6.7505 5.2341 6.7551 -4.3496 6.3812 -2.7855 -1.6596 3.4342 -6.9537 -9.0182 -4.0904 -6.7191 11.2923 -5.1656 -3.0174 4.7139 -2.5736 0.7508 -0.0000 -0.0000 0.0000 -75.3956 2.0976 6.3966 22.0553 -33.0395 -6.6160 -0.0000 -0.0000 5.7139 14.9713 -29.6245 -7.5300 -7.1250 0.0000 -0.0000 -9.2329 -0.1555 9.3804 -0.0000 -0.0000 0.0000 86.0741 3.8741 58.2939 -21.3202 32.2002 -6.2197 0.0000 0.0000 14.3867 -0.6781 -45.6450 0.4848 7.1250 -0.0000 -0.0000 54.1691 -68.2553 -33.7853
11.5525 15.5318 10.3366 183.0000 13.5992 181.8450 0.0000 0.0000 0.0000 -28.1107 -26.2035 6.8957 1.8173 8.4746 24.1652 2.0315 1.9499 -27.7002 0.9015 -6.0509 -16.9323 0.0000 0.0000 0.0000 22.1543 2.6171 -25.1820 -8.5436 -16.5049 54.4979 -0.9235 -0.1181 -18.2111 -1.5264 7.8009 -22.1109 -6.9541 4.7924 6.3787 -4.1167 5.8052 -2.8485 -1.1909 3.1623 -6.8332 -9.1533 -3.9533 -6.2544 11.3568 -4.9930 -2.7448 4.7683 -2.4820 0.7439 -0.0000 0.0000 0.0000 -75.9003 1.4143 10.0489 21.4612 -32.3627 -6.2950 -0.0000 -0.0000 6.7427 14.7104 -30.8791 -7.6740 -7.1250 0.0000 -0.0000 -9.4973 -1.3634 9.8558 -0.0000 0.0000 0.0000 85.9794 1.7693 51.0141 -19.5796 30.1325 -5.3187 0.0000 0.0000 15.8966 0.4412 -46.0080 -0.3174 7.1250 -0.0000 -0.0000 55.8650 -68.1031 -34.9087
11.6640 15.5236 10.0678 183.0600 12.8931 181.6590 0.0000 0.0000 0.0000 -28.5539 -25.9710 8.8961 1.7107 8.2356 23.4319 2.1152 1.9166 -28.2362 1.0861 -6.6236 -18.6048 0.0000 0.0000 0.0000 21.9630 5.6556 -24.9348 -6.6611 -15.0398 47.5807 -1.0545 -3.4701 -20.9404 -1.6555 8.1082 -23.0432 -6.8067 4.4986 6.3988 -4.0520 5.4151 -2.9946 -1.1621 2.9693 -6.9771 -9.1286 -3.8760 -5.6781 11.3891 -4.9200 -2.5764 4.7855 -2.4491 0.6931 -0.0000 -0.0000 0.0000 -76.4281 1.0540 13.6385 21.1704 -32.0268 -6.1401 -0.0000 -0.0000 7.7702 14.6863 -30.9526 -7.6772 -7.1250 0.0000 -0.0000 -9.5179 -1.4325 9.8891 -0.0000 -0.0000 0.0000 85.8218 0.1786 44.4420 -17.4514 27.4490 -4.2933 0.0000 0.0000 17.8664 -0.9234 -45.9397 0.6636 7.1250 -0.0000 -0.0000 54.5670 -68.5049 -34.3646
11.7981 15.5093 9.7973 183.1760 12.1462 181.4830 0.0000 0.0000 0.0000 -28.7853 -25.6767 10.9031 1.6017 7.9818 22.6589 2.1224 2.9238 -28.6967 2.2083 -9.2870 -26.6974 0.0000 0.0000 0.0000 21.7469 9.1537 -23.4972 -4.7025 -13.0408 39.5212 -1.0910 -7.4878 -23.7752 -1.5083 7.7564 -21.9765 -6.9901 4.2158 6.9254 -3.8786 4.9608 -3.0561 -0.8698 2.7590 -7.3623 -8.8101 -3.8927 -6.1112 11.1400 -4.9451 -2.4663 4.6464 -2.4558 0.7821 -0.0000 0.0000 0.0000 -77.1733 0.6684 16.8100 21.2745 -32.1474 -6.1954 -0.0000 -0.0000 8.2978 13.1693 -30.6326 -6.7988 -7.1250 0.0000 -0.0000 -10.3564 -0.8782 10.6890 -0.0000 0.0000 0.0000 85.2722 -0.2250 37.6055 -15.2556 24.5009 -3.3312 0.0000 0.0000 22.5692 0.3644 -45.6108 -0.2604 7.1250 -0.0000 -0.0000 54.9926 -67.9014 -34.0143
11.9464 15.4955 9.5160 183.4560 11.6672 181.2210 0.0000 0.0000 0.0000 -28.6131 -24.6769 12.7964 1.5017 7.7403 21.9280 2.1881 2.7924 -29.0615 2.6006 -10.0185 -29.0367 0.0000 0.0000 0.0000 21.7188 12.8698 -20.9245 -2.9764 -10.6567 31.1308 -0.9116 -9.9150 -24.1948 -1.7497 8.3241 -23.7029 -7.1219 4.0732 6.5926 -3.5628 4.7985 -2.7877 -0.3949 2.6725 -6.9147 -8.7880 -3.8660 -5.8612 10.8979 -4.9041 -2.8028 4.5791 -2.4470 0.6304 0.0000 -0.0000 0.0000 -78.3780 0.1013 18.5522 21.1844 -32.0429 -6.1475 -0.0000 -0.0000 8.7883 11.9597 -31.6040 -6.3341 -7.1250 0.0000 -0.0000 -11.1222 -1.6564 11.6585 0.0000 -0.0000 0.0000 84.4324 -0.4650 30.2201 -13.5360 22.0675 -2.6513 0.0000 0.0000 28.2569 2.8812 -47.4520 -2.1235 7.1250 -0.0000 -0.0000 60.8744 -68.0870 -38.8397
12.1002 15.4578 9.1992 183.6140 11.0899 180.8800 0.0000 0.0000 0.0000 -28.6031 -23.7834 14.9497 1.4177 7.5301 21.2956 2.3258 1.6543 -29.4742 2.7693 -10.3119 -29.9927 0.0000 0.0000 0.0000 21.7266 15.8965 -17.9377 -1.8096 -8.4577 24.1130 -0.7388 -11.3215 -24.0112 -1.7861 8.4057 -23.9531 -6.9700 4.0357 6.6278 -3.5922 4.7535 -2.9366 -0.5151 2.6500 -7.0760 -8.6265 -3.9721 -5.9693 10.9465 -5.0751 -1.9269 4.5479 -2.5075 0.9196 -0.0000 -0.0000 0.0000 -79.1033 0.5509 20.6420 21.2419 -32.1097 -6.1780 -0.0000 -0.0000 9.2168 12.5227 -32.3535 -6.7784 -7.1250 0.0000 -0.0000 -10.8679 -2.4783 11.5337 -0.0000 -0.0000 0.0000 84.0399 -1.4278 22.4154 -12.4249 20.4388 -2.2485 0.0000 0.0000 33.9042 3.8233 -47.6501 -2.8275 7.1250 -0.0000 -0.0000 62.0305 -67.8809 -39.5302
12.2707 15.4169 8.8813 183.3220 10.2336 180.7340 0.0000 0.0000 0.0000 -28.5919 -22.9572 16.6761 1.3090 7.2475 20.4506 2.4211 -0.8128 -29.2443 1.5604 -7.8832 -22.3600 0.0000 0.0000 0.0000 21.2205 19.5430 -15.2128 -1.2599 -7.1153 20.0575 -0.2776 -14.4507 -23.3076 -1.2460 7.0775 -19.9453 -7.4051 3.8793 6.1521 -3.5579 4.5607 -3.0436 -0.1845 2.5819 -6.9469 -8.7808 -4.0928 -5.6291 10.7926 -5.2385 -1.5550 4.5216 -2.5803 0.9886 -0.0000 -0.0000 0.0000 -80.5046 1.1490 20.7268 21.5089 -32.4176 -6.3206 -0.0000 -0.0000 9.4274 11.6904 -33.2453 -6.4717 -7.1250 0.0000 -0.0000 -11.4087 -3.2286 12.2735 -0.0000 -0.0000 0.0000 82.9445 -2.7688 17.9689 -12.6950 20.8386 -2.3437 0.0000 0.0000 34.4239 5.6903 -48.6502 -4.2778 7.1250 -0.0000 -0.0000 65.5791 -67.7494 -42.3186
12.4553 15.4003 8.5412 182.9210 9.3682 180.6130 0.0000 0.0000 0.0000 -28.6405 -22.0877 18.6652 1.1379 6.7744 19.0488 2.3093 -2.9936 -27.9982 0.7561 -5.5536 -15.4946 0.0000 0.0000 0.0000 21.0347 22.5578 -12.7564 -1.1816 -6.8988 19.4158 0.7245 -18.0149 -17.6009 -0.0419 1.3210 -3.6325 -7.8236 3.7289 5.5018 -3.6162 4.4061 -3.1600 0.0457 2.5322 -6.7175 -8.7309 -4.1927 -5.7237 10.3360 -5.3612 -1.0217 4.3610 -2.6247 1.1562 -0.0000 0.0000 0.0000 -81.7794 2.0083 19.9376 21.9152 -32.8811 -6.5398 -0.0000 -0.0000 8.8575 10.3215 -32.8527 -5.6423 -7.1250 0.0000 -0.0000 -12.1356 -2.6455 12.9719 -0.0000 0.0000 0.0000 82.0428 -3.8645 14.6281 -13.2094 21.5932 -2.5298 0.0000 0.0000 33.3771 7.6112 -48.2287 -5.6913 7.1250 -0.0000 -0.0000 66.1124 -66.9410 -41.7417
12.6408 15.4296 8.2089 183.6170 8.2610 180.8950 0.0000 0.0000 0.0000 -27.1316 -21.3194 19.4823 1.1180 6.7168 18.8790 2.0747 -4.0334 -26.2821 0.8284 -5.8068 -16.2250 0.0000 0.0000 0.0000 22.9510 20.5786 -12.3849 -1.2795 -7.1685 20.2156 0.7492 -17.2220 -15.2784 -0.0746 1.7618 -4.8479 -7.1368 3.5593 5.2184 -3.4779 4.2405 -3.5909 -0.1672 2.4351 -6.9588 -8.8959 -4.2273 -5.1418 10.2769 -5.4159 -1.1517 4.3808 -2.6617 1.0313 0.0000 0.0000 0.0000 -83.0918 3.1737 17.8999 21.6313 -32.5579 -6.3863 -0.0000 -0.0000 8.9847 13.5080 -34.2847 -7.7065 -7.1250 0.0000 -0.0000 -10.5073 -4.5359 11.4939 0.0000 0.0000 0.0000 81.4354 -4.7637 12.4658 -13.6766 22.2705 -2.7043 0.0000 0.0000 30.5318 6.3666 -48.4310 -4.7718 7.1250 -0.0000 -0.0000 65.6108 -67.4314 -41.9441
12.8143 15.4484 7.9016 184.8890 7.7085 180.9440 0.0000 0.0000 0.0000 -24.7711 -19.6982 18.8513 1.3749 7.4202 20.9665 1.8727 -6.3386 -24.6287 0.5322 -4.6748 -12.9834 0.0000 0.0000 0.0000 25.2441 18.0675 -11.8258 -1.3238 -7.2866 20.5672 0.5086 -14.9710 -14.3214 -0.0311 1.1388 -3.1309 -6.2702 3.4931 4.8881 -2.9741 4.2273 -3.6588 -0.0890 2.3813 -6.8086 -8.7595 -4.0757 -4.5761 10.1790 -5.2282 -1.8382 4.3557 -2.5924 0.7131 -0.0000 0.0000 0.0000 -84.6097 4.5273 15.3562 21.4789 -32.3831 -6.3045 -0.0000 -0.0000 9.3712 14.9368 -34.0356 -8.4922 -7.1250 0.0000 -0.0000 -9.6963 -4.5316 10.5797 -0.0000 0.0000 0.0000 80.6294 -4.6541 11.0654 -14.0162 22.7579 -2.8344 0.0000 0.0000 29.3375 2.3606 -47.3412 -1.7364 7.1250 -0.0000 -0.0000 60.2273 -68.1996 -38.4520
12.9989 15.4615 7.5779 185.3340 7.5195 180.1360 0.0000 0.0000 0.0000 -22.9446 -16.7217 18.3368 1.6579 8.1138 23.0602 1.3858 -9.6241 -21.1441 0.0247 -1.0153 -2.7909 0.0000 0.0000 0.0000 26.7145 15.6763 -10.2725 -1.3671 -7.4000 20.9059 0.2702 -12.8219 -14.2531 -0.0010 0.2018 -0.5544 -6.0001 3.5750 4.9151 -2.8891 4.3524 -3.5431 -0.1574 2.4233 -6.6916 -8.3975 -4.3086 -4.8364 9.4162 -5.5581 -1.1276 4.4828 -2.7488 1.0642 -0.0000 -0.0000 0.0000 -84.9371 6.7829 13.7593 21.5895 -32.5100 -6.3638 -0.0000 -0.0000 8.7481 13.4850 -32.4093 -7.3238 -7.1250 0.0000 -0.0000 -10.3340 -2.6832 10.9833 -0.0000 -0.0000 0.0000 80.4031 -4.4515 9.9807 -14.5949 23.5788 -3.0621 0.0000 0.0000 28.0616 2.6884 -47.5764 -1.9852 7.1250 -0.0000 -0.0000 60.9896 -68.2123 -39.0832
13.1944 15.4779 7.2777 185.9250 6.2116 179.6480 0.0000 0.0000 0.0000 -19.6746 -13.3533 15.5580 2.2407 9.3505 26.8979 0.5728 -13.7406 -15.4952 0.0668 1.6671 4.5864 0.0000 0.0000 0.0000 28.3347 13.5093 -8.8741 -1.3455 -7.3438 20.7381 0.2426 -12.5586 -14.2548 -0.0221 0.9601 -2.6392 -5.8598 3.1420 5.1132 -2.6172 3.7637 -3.5181 0.1078 2.1271 -6.7588 -8.0620 -4.1409 -5.7526 9.4461 -5.3382 0.4050 3.9666 -2.5872 1.5330 0.0000 -0.0000 0.0000 -84.7649 8.8150 12.6671 21.5667 -32.4839 -6.3516 -0.0000 -0.0000 8.1154 10.1737 -31.1157 -5.2983 -7.1250 0.0000 -0.0000 -12.0970 -0.9263 12.5728 0.0000 -0.0000 0.0000 79.6860 -3.2015 10.1976 -14.9211 24.0360 -3.1937 0.0000 0.0000 26.8773 4.3637 -47.6774 -3.2292 7.1250 -0.0000 -0.0000 62.5065 -67.7199 -39.7227
13.3810 15.4729 6.9712 186.6810 4.8154 178.9870 0.0000 0.0000 0.0000 -16.3903 -10.8708 11.9659 3.3528 11.2453 33.1119 -0.4290 -17.1769 -7.3491 0.8613 5.9181 16.5470 0.0000 0.0000 0.0000 30.2981 11.6481 -7.0535 -1.2928 -7.2042 20.3216 0.1970 -12.8237 -15.4836 -0.0364 1.2311 -3.3848 -5.2833 2.9961 4.9567 -2.3639 3.6210 -3.7359 0.0716 2.0379 -6.8696 -8.2466 -4.1587 -4.4418 9.5253 -5.4562 1.2383 4.0335 -2.6554 1.5834 -0.0000 -0.0000 0.0000 -84.1427 10.3740 12.5144 20.6595 -31.4287 -5.8714 -0.0000 -0.0000 9.4321 7.3277 -31.9716 -3.8953 -7.1250 0.0000 -0.0000 -13.7455 -1.3986 14.4966 -0.0000 -0.0000 0.0000 78.9044 -2.4598 9.6525 -14.9879 24.1293 -3.2210 0.0000 0.0000 26.4277 6.0711 -47.3877 -4.4757 7.1250 -0.0000 -0.0000 63.2266 -67.0324 -39.4593
13.5622 15.4308 6.7060 188.2540 3.9968 178.3110 0.0000 0.0000 0.0000 -12.4226 -9.4915 7.2934 5.2609 13.6717 41.9378 -0.8652 -16.9653 0.9297 0.8995 6.0445 16.9136 0.0000 0.0000 0.0000 33.2491 11.0235 -4.6393 -1.1704 -6.8673 19.3228 0.2855 -14.0746 -16.2967 -0.0050 0.4551 -1.2505 -4.0593 2.9217 5.4668 -1.7761 3.5727 -3.6729 -0.0099 1.9501 -7.0496 -7.9728 -4.2777 -4.3373 8.7442 -5.6285 1.7343 4.1532 -2.7570 1.8816 -0.0000 -0.0000 0.0000 -83.4768 11.6383 11.7711 20.4489 -31.1793 -5.7619 -0.0000 -0.0000 11.3959 4.7614 -31.8829 -2.5191 -7.1250 0.0000 -0.0000 -15.1681 -1.0260 16.0049 -0.0000 -0.0000 0.0000 77.7534 -0.8256 10.5373 -15.2820 24.5375 -3.3422 0.0000 0.0000 25.6017 5.7777 -47.8954 -4.2932 7.1250 -0.0000 -0.0000 64.0456 -67.3709 -40.5582
13.7100 15.3802 6.4583 189.6340 3.9829 177.6480 0.0000 0.0000 0.0000 -9.4075 -9.4399 2.0292 7.9800 16.1045 52.4906 -0.6766 -14.5086 7.4213 0.3858 3.9887 11.0449 0.0000 0.0000 0.0000 35.8681 10.4112 -2.6942 -1.1232 -6.7320 18.9239 0.3763 -14.6400 -15.9326 -0.0655 1.6517 -4.5441 -2.7255 3.2854 5.3919 -1.3016 4.1692 -3.4909 -0.3089 2.1744 -6.7668 -8.2924 -4.4494 -3.0567 9.5732 -5.9515 1.5769 4.0621 -2.9282 1.5040 0.0000 -0.0000 0.0000 -82.8479 12.2894 10.7833 20.3090 -31.0128 -5.6897 -0.0000 -0.0000 12.6861 5.0556 -32.3725 -2.7119 -7.1250 0.0000 -0.0000 -15.0229 -1.5287 15.9719 0.0000 -0.0000 0.0000 76.8965 0.8414 10.7952 -15.6824 25.0882 -3.5102 0.0000 0.0000 25.8373 3.5905 -49.0339 -2.7127 7.1250 -0.0000 -0.0000 64.8890 -68.6099 -42.8024
13.8187 15.2881 6.2519 190.6450 3.7700 176.7890 0.0000 0.0000 0.0000 -7.6397 -10.3881 -3.2860 11.0966 17.9820 63.0948 -0.3053 -11.6871 11.1900 0.0120 -0.7070 -1.9428 0.0000 0.0000 0.0000 37.6590 9.2785 -2.0004 -1.2955 -7.2115 20.3435 0.2724 -14.3608 -16.9945 -0.0161 0.8193 -2.2518 -1.7885 3.2775 6.2454 -0.9258 4.2049 -3.0882 -0.4765 2.1400 -6.7885 -7.6496 -4.4650 -3.9018 8.8890 -5.9675 2.2369 4.1331 -2.9311 1.9933 -0.0000 0.0000 0.0000 -82.5501 11.9448 7.7225 20.0095 -30.6537 -5.5362 -0.0000 -0.0000 13.0837 7.6697 -31.8801 -4.0682 -7.1250 0.0000 -0.0000 -13.5500 -1.3511 14.2671 -0.0000 0.0000 0.0000 76.2191 3.6919 11.9988 -15.8647 25.3368 -3.5878 0.0000 0.0000 25.7720 -1.1049 -48.4964 0.8275 7.1250 -0.0000 -0.0000 60.1358 -69.9304 -40.3992
13.8987 15.2171 6.0647 191.0870 3.4978 175.8990 0.0000 0.0000 0.0000 -7.2670 -11.7535 -8.4252 13.9426 19.0965 72.0290 0.2188 -6.4896 13.5160 0.0673 -1.6735 -4.6042 0.0000 0.0000 0.0000 38.3425 7.4313 -2.3073 -1.6037 -7.9865 22.6731 -0.1041 -12.0511 -18.4675 -0.0001 0.0600 -0.1648 -1.0612 3.5724 6.6625 -0.6578 4.6594 -2.8627 -0.6740 2.3293 -6.7565 -7.6374 -4.6945 -3.1195 8.7703 -6.3260 2.4190 4.0870 -3.1256 1.9369 -0.0000 -0.0000 0.0000 -82.3158 12.0928 5.9158 19.9374 -30.5668 -5.4995 -0.0000 -0.0000 12.3081 9.8337 -31.1265 -5.1202 -7.1250 0.0000 -0.0000 -12.2901 -0.8916 12.7757 -0.0000 -0.0000 0.0000 75.4128 5.7545 13.0287 -15.9845 25.4996 -3.6393 0.0000 0.0000 25.2374 -3.0173 -48.9189 2.2753 7.1250 -0.0000 -0.0000 59.7209 -70.7924 -41.0354
13.9520 15.1239 5.8986 191.1880 3.2597 175.0150 0.0000 0.0000 0.0000 -8.0170 -13.5101 -12.9183 16.2047 19.6511 78.8410 0.4461 -2.4126 13.7288 0.0288 -1.0956 -3.0118 0.0000 0.0000 0.0000 38.5313 5.6537 -3.3212 -2.1011 -9.0735 26.0255 -0.2693 -11.0223 -19.1356 -0.0015 0.2499 -0.6867 -0.7357 3.7516 6.9769 -0.4195 4.9280 -2.4391 -0.6423 2.4481 -6.4815 -7.6581 -4.7595 -3.1205 8.6934 -6.4257 2.7584 4.0587 -3.1742 2.0565 0.0000 0.0000 0.0000 -82.2387 12.1443 4.1577 20.2208 -30.9075 -5.6443 -0.0000 -0.0000 11.5456 10.8041 -30.7766 -5.5771 -7.1250 0.0000 -0.0000 -11.7167 -0.6795 12.1097 0.0000 0.0000 0.0000 74.9993 8.1500 14.2082 -16.2488 25.8568 -3.7538 0.0000 0.0000 24.4865 -3.3639 -48.9771 2.5391 7.1250 -0.0000 -0.0000 59.6080 -70.9408 -41.1083
13.9812 15.0211 5.7505 191.1310 3.9014 174.2370 0.0000 0.0000 0.0000 -9.0565 -14.3015 -16.9520 17.7630 19.8796 83.4467 0.0452 -6.6438 10.5246 0.1783 -2.7200 -7.5001 0.0000 0.0000 0.0000 38.7511 5.1220 -3.5083 -2.5835 -9.9881 28.9381 -0.5296 -10.1703 -20.9772 -0.0046 -0.4401 1.2094 -0.3177 4.0607 7.6432 -0.2680 5.3818 -2.3417 -0.8207 2.6513 -6.7358 -7.7780 -4.7497 -2.5142 8.7779 -6.4533 2.7697 4.1240 -3.2019 1.9603 0.0000 -0.0000 0.0000 -81.6199 12.7354 3.4212 20.3751 -31.0916 -5.7238 -0.0000 -0.0000 10.2550 10.6801 -31.4954 -5.6270 -7.1250 0.0000 -0.0000 -11.8363 -1.3674 12.3802 0.0000 -0.0000 0.0000 75.2787 11.0492 15.3116 -15.9077 25.3954 -3.6063 0.0000 0.0000 24.8059 -1.9921 -48.2233 1.4859 7.1250 -0.0000 -0.0000 58.7969 -70.0960 -39.4901
13.9949 14.8991 5.5976 190.5870 4.2115 173.5290 0.0000 0.0000 0.0000 -10.8896 -14.8573 -20.7262 18.8289 19.9671 86.5743 -0.0862 -7.4238 8.3484 0.1964 -2.8535 -7.8712 0.0000 0.0000 0.0000 38.6060 5.0574 -3.0619 -2.9877 -10.6751 31.1919 -0.8535 -10.1115 -23.8784 -0.0031 -0.3595 0.9878 -0.0597 4.2212 7.7650 -0.3245 5.6165 -2.1245 -1.0508 2.7564 -6.5430 -7.6279 -4.6434 -2.2470 8.3296 -6.3217 3.0747 3.9448 -3.1420 1.9725 -0.0000 0.0000 0.0000 -80.8781 13.3963 3.4522 20.7316 -31.5137 -5.9090 -0.0000 -0.0000 9.2704 10.1023 -31.5484 -5.3258 -7.1250 0.0000 -0.0000 -12.1657 -1.3401 12.7349 -0.0000 0.0000 0.0000 75.9170 12.8959 18.2738 -16.5602 26.2743 -3.8906 0.0000 0.0000 23.4073 -1.3012 -47.8761 0.9652 7.1250 -0.0000 -0.0000 58.5208 -69.6852 -38.8008
13.9946 14.7835 5.4479 190.4200 4.1440 172.9940 0.0000 0.0000 0.0000 -12.3245 -15.3045 -24.2539 19.4519 19.9928 88.3974 -0.0308 -6.0736 7.7592 0.1503 -2.4984 -6.8852 0.0000 0.0000 0.0000 38.7382 4.8882 -3.0234 -3.4186 -11.3437 33.4480 -1.0674 -10.6972 -26.0998 -0.0000 0.0398 -0.1094 0.5271 4.2037 7.8600 -0.2111 5.6571 -1.9623 -1.2603 2.7573 -6.3793 -7.5872 -4.5541 -1.7829 7.9018 -6.1960 2.9472 3.8000 -3.0895 1.8128 0.0000 -0.0000 0.0000 -80.1968 13.8752 3.8112 20.9295 -31.7460 -6.0128 -0.0000 -0.0000 9.1504 9.7899 -29.9119 -4.9179 -7.1250 0.0000 -0.0000 -12.2431 0.3025 12.4668 0.0000 -0.0000 0.0000 76.2723 14.3055 22.6937 -17.5807 27.6169 -4.3531 0.0000 0.0000 20.5861 -0.7126 -48.9718 0.5376 7.1250 -0.0000 -0.0000 61.5781 -70.0255 -41.7059
13.9836 14.6692 5.3010 190.0420 3.4485 172.4420 0.0000 0.0000 0.0000 -13.8961 -16.1552 -27.1401 19.7448 19.9984 89.2538 0.0243 -4.9546 7.8337 0.0084 0.5907 1.6232 0.0000 0.0000 0.0000 38.4388 4.5436 -3.2890 -3.9646 -12.1131 36.1332 -1.3994 -10.9412 -28.6955 -0.0008 -0.1814 0.4984 0.8435 4.1113 8.1482 -0.2655 5.5649 -1.9139 -1.5001 2.6970 -6.4583 -7.4893 -4.6055 -1.3969 7.7066 -6.2678 2.6873 3.7191 -3.1325 1.6503 0.0000 -0.0000 0.0000 -79.4637 13.9622 3.4010 20.3498 -31.0615 -5.7107 -0.0000 -0.0000 10.3491 10.4880 -30.5118 -5.3694 -7.1250 0.0000 -0.0000 -11.8795 -0.3770 12.2224 0.0000 -0.0000 0.0000 77.2492 15.1276 26.0633 -18.2916 28.5290 -4.6877 0.0000 0.0000 20.3579 -1.8399 -47.4429 1.3555 7.1250 -0.0000 -0.0000 57.0896 -69.6398 -37.5995
13.9629 14.5562 5.1558 189.6680 2.8671 171.7670 0.0000 0.0000 0.0000 -14.8413 -16.6210 -29.0510 19.8486 19.9995 89.5574 0.0902 -2.3336 7.0355 0.0055 0.4775 1.3121 0.0000 0.0000 0.0000 37.9312 3.8394 -3.5593 -4.5357 -12.8410 38.7761 -1.6957 -10.8596 -30.5840 -0.0080 0.5778 -1.5878 0.8477 3.9990 8.3488 -0.0433 5.4284 -1.7099 -1.2600 2.6357 -6.3816 -8.0144 -4.5630 -1.2449 7.6032 -6.1950 2.7076 3.7904 -3.1017 1.6405 -0.0000 0.0000 0.0000 -79.6192 13.4473 1.9069 19.5845 -30.1384 -5.3211 -0.0000 -0.0000 11.8940 10.7761 -30.2349 -5.4744 -7.1250 0.0000 -0.0000 -11.6972 -0.1440 11.9786 -0.0000 0.0000 0.0000 77.8915 15.4132 30.2646 -19.3053 29.7963 -5.1817 0.0000 0.0000 19.3965 -1.7329 -47.2574 1.2728 7.1250 -0.0000 -0.0000 56.7543 -69.5048 -37.1818
13.9241 14.4510 4.9969 189.3600 1.7799 171.0810 0.0000 0.0000 0.0000 -14.9799 -17.6035 -29.7930 19.6632 19.9973 89.0152 -0.1201 -6.4724 4.5689 1.6603 -8.1195 -23.0777 0.0000 0.0000 0.0000 37.1837 2.5304 -3.8173 -5.0585 -13.4494 41.0748 -2.1573 -9.9443 -32.7524 -0.0050 0.4551 -1.2506 0.9898 3.8804 8.4429 -0.0270 5.2867 -1.6127 -1.3052 2.5623 -6.3239 -7.9948 -4.6727 -0.2791 7.3989 -6.3713 2.1030 3.7358 -3.2056 1.2738 -0.0000 -0.0000 0.0000 -79.5080 13.4504 1.8328 19.4372 -29.9583 -5.2474 -0.0000 -0.0000 12.0547 10.4204 -29.6312 -5.1953 -7.1250 0.0000 -0.0000 -11.8645 0.4960 12.0227 -0.0000 -0.0000 0.0000 78.5758 15.1029 34.5647 -20.1346 30.8041 -5.6001 0.0000 0.0000 18.2453 -1.3067 -46.1293 0.9421 7.1250 -0.0000 -0.0000 54.6385 -68.7382 -34.6775
13.8701 14.3699 4.8375 188.8410 0.5812 170.8770 0.0000 0.0000 0.0000 -14.2324 -19.1107 -30.6086 19.2894 19.9879 87.9221 -0.3048 -9.9440 1.4739 0.4191 -4.1553 -11.5139 0.0000 0.0000 0.0000 36.1146 1.3652 -4.4139 -5.5191 -13.9456 43.0198 -2.4434 -9.6849 -34.2140 -0.0136 0.7517 -2.0658 0.8513 3.6697 8.7261 -0.1667 4.9819 -1.7306 -1.3594 2.4078 -6.6162 -7.9826 -4.7308 -0.8377 7.2180 -6.4151 2.4367 3.6526 -3.2185 1.4787 0.0000 -0.0000 0.0000 -79.9312 13.1983 0.1527 19.4526 -29.9772 -5.2551 -0.0000 -0.0000 12.0771 10.0396 -30.3335 -5.1093 -7.1250 0.0000 -0.0000 -12.1245 -0.1427 12.4361 0.0000 -0.0000 0.0000 79.5587 14.3921 38.3842 -21.1144 31.9617 -6.1104 0.0000 0.0000 16.3364 3.3686 -46.8144 -2.4575 7.1250 -0.0000 -0.0000 59.9276 -67.6025 -37.4989
13.8216 14.2976 4.6840 188.9050 -0.1084 170.7840 0.0000 0.0000 0.0000 -11.5471 -20.2503 -31.4303 18.8681 19.9693 86.6890 -0.1013 -11.2922 -6.3191 1.3660 -7.3972 -20.8977 0.0000 0.0000 0.0000 35.8658 0.7808 -4.5625 -5.8649 -14.2961 44.4371 -2.8797 -8.9117 -36.1020 -0.0015 -0.2502 0.6873 0.7745 3.5606 8.6432 -0.0205 4.8358 -1.6624 -1.1354 2.3438 -6.5193 -8.0241 -4.8588 -0.6660 7.2061 -6.5725 1.9516 3.6594 -3.2973 1.3040 -0.0000 0.0000 0.0000 -80.5226 12.5837 -2.0447 19.3748 -29.8817 -5.2163 -0.0000 -0.0000 10.6084 9.5092 -30.9457 -4.9231 -7.1250 0.0000 -0.0000 -12.4629 -0.6723 12.9163 -0.0000 0.0000 0.0000 80.2129 14.1457 42.6773 -21.6947 32.6302 -6.4204 0.0000 0.0000 14.1076 7.2206 -48.3724 -5.4099 7.1250 -0.0000 -0.0000 66.1200 -67.1309 -41.9917
13.7559 14.2124 4.5418 188.5190 -0.6264 170.7250 0.0000 0.0000 0.0000 -8.3449 -22.1482 -31.3107 18.0800 19.9114 84.3785 0.6475 -8.1856 -14.5914 1.9695 -8.8023 -25.1790 0.0000 0.0000 0.0000 35.0615 0.2765 -4.7720 -6.2393 -14.6563 45.9348 -3.1249 -8.6471 -37.2136 -0.0050 0.4559 -1.2526 0.3036 3.5387 8.9043 -0.1343 4.7436 -1.5110 -0.9919 2.3122 -6.5380 -8.3791 -4.8387 -0.5363 7.7987 -6.5167 0.7720 3.9524 -3.2684 0.9324 0.0000 0.0000 0.0000 -81.1627 12.3437 -2.3558 20.0774 -30.7355 -5.5709 -0.0000 -0.0000 7.9006 11.4213 -29.9902 -5.7663 -7.1250 0.0000 -0.0000 -11.3108 0.0084 11.5362 0.0000 0.0000 0.0000 80.8033 14.2109 46.9754 -21.7337 32.6747 -6.4415 0.0000 0.0000 14.1826 5.9762 -47.3988 -4.4063 7.1250 -0.0000 -0.0000 63.1759 -67.0679 -39.4624
13.6716 14.1999 4.3741 187.8620 -0.1728 170.4860 0.0000 0.0000 0.0000 -5.0412 -23.8501 -29.1142 16.5924 19.7193 79.9918 1.3383 -3.1477 -21.0622 1.8670 -8.5834 -24.5005 0.0000 0.0000 0.0000 33.9050 -0.2404 -4.0366 -6.3853 -14.7916 46.5093 -3.2214 -8.6185 -37.6815 -0.0541 1.5004 -4.1269 -0.3502 3.8008 9.3586 -0.3849 4.9932 -1.4263 -0.9563 2.4481 -6.7374 -8.2077 -4.9019 -0.2823 7.8826 -6.5894 -0.1010 3.9642 -3.3094 0.6071 -0.0000 -0.0000 0.0000 -81.6722 11.8644 -3.9455 19.8262 -30.4324 -5.4430 -0.0000 -0.0000 8.1552 12.2021 -30.0298 -6.1765 -7.1250 0.0000 -0.0000 -10.8647 -0.1404 11.0924 -0.0000 -0.0000 0.0000 81.8363 13.8609 51.0098 -21.5312 32.4431 -6.3325 0.0000 0.0000 14.6524 6.9046 -46.5818 -5.0267 7.1250 -0.0000 -0.0000 62.2814 -66.3686 -37.8590
13.5660 14.1877 4.2143 187.5140 -0.1637 170.2520 0.0000 0.0000 0.0000 -1.5997 -26.1470 -26.0835 14.6357 19.2956 74.1367 1.9073 0.6722 -26.3808 0.8477 -5.8722 -16.4142 0.0000 0.0000 0.0000 33.1628 -0.4107 -3.0756 -6.4192 -14.8226 46.6417 -3.3185 -8.8302 -38.2734 -0.0560 1.5268 -4.1997 -0.8898 4.0630 9.9948 -0.5806 5.2469 -1.3304 -0.9453 2.5800 -7.0267 -8.5671 -5.0295 -0.6877 8.5529 -6.7445 -0.2480 4.2580 -3.3851 0.6891 -0.0000 -0.0000 0.0000 -82.1438 10.8786 -4.8522 19.1809 -29.6428 -5.1200 -0.0000 -0.0000 9.3063 12.3061 -29.7061 -6.1699 -7.1250 0.0000 -0.0000 -10.7814 0.1644 10.9461 -0.0000 -0.0000 0.0000 82.8057 13.8391 53.5404 -20.9080 31.7208 -6.0015 0.0000 0.0000 15.7382 6.8923 -46.1467 -4.9817 7.1250 -0.0000 -0.0000 61.4368 -66.1485 -36.9094
13.4388 14.1913 4.0487 187.2260 -0.4298 170.7160 0.0000 0.0000 0.0000 1.5395 -28.0127 -23.5226 12.3639 18.5403 67.1376 2.2840 3.4875 -29.9632 0.7736 -5.6160 -15.6743 0.0000 0.0000 0.0000 32.4672 -0.2177 -2.7642 -6.4720 -14.8706 46.8477 -3.4392 -9.0403 -38.9699 -0.0413 1.3122 -3.6082 -1.3937 4.1070 10.2511 -0.8908 5.2050 -1.3627 -1.0062 2.5660 -7.2240 -8.5247 -5.1500 -1.1305 8.9248 -6.8601 -1.0769 4.3769 -3.4442 0.5244 -0.0000 -0.0000 0.0000 -82.7375 10.0437 -5.2838 18.8511 -29.2333 -4.9579 -0.0000 -0.0000 9.8689 12.1576 -28.5625 -5.8809 -7.1250 0.0000 -0.0000 -10.7903 1.3153 10.7332 -0.0000 -0.0000 0.0000 84.0642 13.8080 55.7376 -20.3326 31.0410 -5.7019 0.0000 0.0000 15.7303 7.3790 -46.9669 -5.4076 7.1250 -0.0000 -0.0000 63.4037 -66.4139 -38.8224
13.2711 14.1828 3.8779 186.8540 -0.7465 171.6180 0.0000 0.0000 0.0000 3.6397 -29.0311 -20.8296 9.7425 17.2625 58.6241 2.4982 3.5244 -31.2771 0.7436 -5.5084 -15.3646 0.0000 0.0000 0.0000 31.5311 0.4447 -3.0763 -6.6515 -15.0313 47.5436 -3.5252 -9.4917 -39.6188 -0.0520 1.4709 -4.0456 -1.6928 4.1672 10.1897 -1.2677 5.2108 -1.5642 -1.2422 2.5686 -7.3963 -8.8740 -5.2190 -1.6086 9.6660 -6.9128 -1.8646 4.7088 -3.4768 0.4054 0.0000 -0.0000 0.0000 -83.4951 9.7073 -4.4089 18.7678 -29.1291 -4.9173 -0.0000 -0.0000 9.5987 11.9994 -28.3084 -5.7556 -7.1250 0.0000 -0.0000 -10.8669 1.5881 10.7585 0.0000 -0.0000 0.0000 85.0368 13.2120 57.1468 -19.9426 30.5731 -5.5021 0.0000 0.0000 16.4202 6.6652 -47.0130 -4.8859 7.1250 -0.0000 -0.0000 62.9375 -66.6601 -38.7557
13.0611 14.1557 3.7041 186.6810 -1.4758 172.7210 0.0000 0.0000 0.0000 4.7965 -29.6628 -18.0436 6.9509 15.2904 48.6882 2.3666 3.2415 -30.3642 1.4730 -7.6691 -21.7135 0.0000 0.0000 0.0000 30.5351 0.7556 -3.6222 -6.8078 -15.1679 48.1437 -3.5575 -10.1892 -40.1468 -0.0747 1.7629 -4.8510 -1.7640 3.9847 10.0206 -1.4649 4.9441 -1.6765 -1.3578 2.4364 -7.4084 -8.8232 -5.4047 -2.4451 9.6492 -7.0973 -2.4864 4.6691 -3.5650 0.3688 -0.0000 0.0000 0.0000 -84.5454 8.8799 -4.5068 18.4929 -28.7837 -4.7842 -0.0000 -0.0000 11.4889 9.5561 -29.0308 -4.6705 -7.1250 0.0000 -0.0000 -12.3315 1.1946 12.3635 -0.0000 0.0000 0.0000 85.3059 13.1225 58.9255 -19.6963 30.2747 -5.3774 0.0000 0.0000 16.6370 7.4226 -46.9113 -5.4349 7.1250 -0.0000 -0.0000 63.3292 -66.3728 -38.7096
12.8381 14.1687 3.5423 186.3370 -2.9443 173.9700 0.0000 0.0000 0.0000 4.8732 -28.9068 -17.8632 5.7691 14.2008 44.0478 1.3949 3.2501 -23.6880 5.7960 -14.2277 -44.1575 0.0000 0.0000 0.0000 29.3090 1.0226 -4.2968 -6.9111 -15.2566 48.5375 -3.7240 -10.0834 -40.8576 -0.0151 0.7935 -2.1808 -1.9032 3.6503 10.1996 -1.6726 4.4484 -2.2866 -1.4620 2.1914 -8.1623 -8.9381 -5.4933 -2.3478 10.0104 -7.1917 -3.0145 4.3427 -3.6207 0.1917 -0.0000 -0.0000 0.0000 -85.5390 9.4153 -2.4996 18.4771 -28.7638 -4.7766 -0.0000 -0.0000 11.8260 9.9013 -31.4248 -5.2000 -7.1250 0.0000 -0.0000 -12.2709 -1.1922 12.8188 -0.0000 -0.0000 0.0000 85.3715 12.1296 59.0055 -19.6231 30.1856 -5.3405 0.0000 0.0000 17.4151 9.5258 -46.1624 -6.9015 7.1250 -0.0000 -0.0000 63.5604 -65.3516 -37.5786
12.5895 14.1443 3.4167 185.7850 -4.6543 175.3870 0.0000 0.0000 0.0000 4.2750 -26.8697 -23.3055 6.6413 15.0223 47.5044 1.3387 0.7424 -22.1536 5.1177 -13.5151 -41.3287 0.0000 0.0000 0.0000 27.8767 1.6808 -5.4456 -7.2165 -15.5116 49.6886 -3.5904 -11.4699 -41.0152 -0.0458 1.3816 -3.7993 -2.2984 3.3959 10.2417 -1.7702 4.0406 -2.3273 -1.2798 2.0069 -8.2539 -9.0996 -5.7843 -3.5316 9.9274 -7.4994 -3.4442 4.3057 -3.7624 0.2881 -0.0000 0.0000 0.0000 -86.4563 8.0890 -1.0438 18.3502 -28.6033 -4.7157 -0.0000 -0.0000 13.4964 5.9346 -32.3007 -3.1794 -7.1250 0.0000 -0.0000 -14.5345 -1.5557 15.4234 -0.0000 0.0000 0.0000 85.1255 12.4460 57.8539 -19.1286 29.5782 -5.0942 0.0000 0.0000 17.2731 8.0227 -46.4217 -5.8300 7.1250 -0.0000 -0.0000 62.8584 -65.9416 -37.7790
12.3341 14.1240 3.2983 185.5680 -6.3669 175.8380 0.0000 0.0000 0.0000 3.3281 -26.7532 -25.7348 7.2073 15.5040 49.6542 1.4139 -2.0753 -21.9024 4.8093 -13.1658 -39.9924 0.0000 0.0000 0.0000 26.9072 1.5867 -5.0789 -7.2136 -15.5092 49.6778 -3.6057 -12.6085 -41.7485 -0.0619 1.6060 -4.4179 -2.0104 3.4300 10.9463 -1.8019 4.1016 -2.1971 -1.5259 2.0181 -8.4960 -9.7794 -6.0542 -2.7590 10.5213 -7.8627 -4.6530 4.6310 -3.9750 -0.1031 -0.0000 0.0000 0.0000 -86.5532 6.7301 1.2354 18.1950 -28.4061 -4.6416 -0.0000 -0.0000 14.3900 1.7371 -33.7751 -0.9659 -7.1250 0.0000 -0.0000 -16.8712 -2.5477 18.4071 -0.0000 0.0000 0.0000 84.8367 12.1410 54.7416 -18.5744 28.8864 -4.8235 0.0000 0.0000 17.6959 4.0390 -46.1285 -2.9141 7.1250 -0.0000 -0.0000 59.0918 -67.0266 -36.1479
12.0906 14.1638 3.1729 185.6460 -7.5891 175.9490 0.0000 0.0000 0.0000 2.2673 -26.0500 -26.3604 7.3275 15.6016 50.1024 1.4303 -3.8817 -21.6747 5.0498 -13.4397 -41.0374 0.0000 0.0000 0.0000 26.7109 1.8688 -3.2112 -6.7178 -15.0895 47.7986 -3.5544 -14.0713 -42.4164 -0.0131 0.7393 -2.0318 -1.6552 3.6224 11.6915 -1.7163 4.3990 -2.2778 -1.7464 2.1430 -8.9917 -9.6168 -6.3081 -1.6431 10.4609 -8.2616 -5.0077 4.6209 -4.1963 -0.3570 -0.0000 0.0000 0.0000 -85.9707 7.1102 5.4436 19.6300 -30.1940 -5.3440 -0.0000 -0.0000 12.8304 0.4551 -33.2031 -0.2492 -7.1250 0.0000 -0.0000 -17.5490 -1.8926 19.0226 -0.0000 0.0000 0.0000 84.8377 11.5891 51.4279 -17.4482 27.4449 -4.2919 0.0000 0.0000 19.2054 -0.3956 -45.8168 0.2837 7.1250 -0.0000 -0.0000 54.7630 -68.2636 -34.2459
11.8368 14.2275 3.0246 185.8820 -7.9013 176.5890 0.0000 0.0000 0.0000 1.5587 -25.1503 -27.0656 7.4778 15.7214 50.6590 1.5740 -5.4799 -22.5751 4.4752 -12.7673 -38.5035 0.0000 0.0000 0.0000 26.7774 3.0731 -1.3048 -6.0727 -14.4984 45.2728 -3.2392 -16.1494 -42.4122 -0.0116 0.6953 -1.9108 -1.2487 3.9117 11.1509 -1.3794 4.9047 -2.1141 -1.6603 2.3899 -8.4907 -10.2815 -6.7374 -2.2718 10.5352 -8.7913 -4.1402 4.6859 -4.4222 0.0846 0.0000 -0.0000 0.0000 -85.6315 6.5242 6.4555 20.9176 -31.7321 -6.0066 -0.0000 -0.0000 12.2204 0.1513 -33.7752 -0.0841 -7.1250 0.0000 -0.0000 -17.7192 -2.4133 19.3852 0.0000 -0.0000 0.0000 85.0283 12.6143 47.8821 -15.4545 24.7755 -3.4142 0.0000 0.0000 22.8124 1.3853 -47.4426 -1.0205 7.1250 -0.0000 -0.0000 59.6733 -68.5698 -38.4435
11.6009 14.2964 2.8699 185.4790 -8.6962 177.1720 0.0000 0.0000 0.0000 -0.0191 -25.1744 -27.0791 7.4844 15.7266 50.6835 1.6679 -6.1513 -23.2056 4.4778 -12.7705 -38.5152 0.0000 0.0000 0.0000 26.0464 3.7801 0.4034 -5.5697 -13.9980 43.2294 -2.8765 -17.7342 -41.9711 -0.0136 0.7519 -2.0665 -1.5051 4.0320 10.8474 -1.4872 5.0235 -2.3502 -1.6430 2.4568 -8.5836 -10.3202 -6.9428 -1.2881 10.6797 -9.1365 -3.9559 4.7552 -4.6073 0.0249 -0.0000 -0.0000 0.0000 -84.2773 7.0634 6.7017 22.2990 -33.3133 -6.7493 -0.0000 -0.0000 9.6461 2.9764 -34.6776 -1.6945 -7.1250 0.0000 -0.0000 -16.2358 -3.5283 17.9209 -0.0000 -0.0000 0.0000 85.9414 12.2762 43.6617 -14.3095 23.1755 -2.9488 0.0000 0.0000 27.1809 0.5787 -47.8977 -0.4293 7.1250 -0.0000 -0.0000 60.0476 -69.0674 -39.3286
11.3709 14.3415 2.7416 185.3520 -10.0090 177.7950 0.0000 0.0000 0.0000 -1.1421 -25.5493 -27.6752 7.5725 15.7956 51.0078 1.6978 -6.8440 -23.3763 4.4586 -12.7469 -38.4282 0.0000 0.0000 0.0000 25.1643 3.4741 1.4134 -5.1671 -13.5696 41.5398 -2.7598 -17.7213 -41.4421 -0.0035 0.3797 -1.0433 -1.2902 3.8562 10.8810 -1.5811 4.8088 -2.4976 -1.8333 2.3376 -8.7378 -10.3588 -7.3265 -1.3435 10.6018 -9.6542 -3.6044 4.7070 -4.8574 0.1883 -0.0000 0.0000 0.0000 -82.4849 7.1275 6.7168 23.3151 -34.4316 -7.3157 -0.0000 -0.0000 5.7645 6.9715 -34.3767 -3.9496 -7.1250 0.0000 -0.0000 -14.0753 -3.6842 15.4108 -0.0000 0.0000 0.0000 86.3768 12.0366 41.9984 -14.1612 22.9647 -2.8907 0.0000 0.0000 29.3351 1.4271 -48.9759 -1.0767 7.1250 -0.0000 -0.0000 63.1714 -69.3040 -42.1920
11.1643 14.3802 2.6250 185.2800 -11.3362 178.0710 0.0000 0.0000 0.0000 -2.2489 -25.8926 -27.8009 7.5858 15.8060 51.0568 1.6252 -7.3891 -22.8356 4.2155 -12.4418 -37.3134 0.0000 0.0000 0.0000 24.2525 2.7725 2.5372 -4.8116 -13.1684 40.0022 -2.3113 -18.3620 -39.8988 -0.0802 1.8271 -5.0282 -1.1814 3.7110 11.0731 -1.5427 4.6320 -2.4052 -1.8304 2.2475 -8.7451 -10.7920 -7.5402 -1.0186 10.8504 -9.9474 -3.9905 4.8608 -5.0113 0.0884 0.0000 0.0000 0.0000 -80.7766 6.0492 5.3620 23.3364 -34.4546 -7.3277 -0.0000 -0.0000 3.9746 10.4570 -32.7500 -5.7017 -7.1250 0.0000 -0.0000 -12.0526 -2.5642 12.8627 0.0000 0.0000 0.0000 85.9749 11.6380 42.9668 -14.8599 23.9506 -3.1688 0.0000 0.0000 27.9335 2.0912 -48.6233 -1.5695 7.1250 -0.0000 -0.0000 62.8501 -68.9180 -41.4608
10.9653 14.4260 2.5279 185.2060 -12.1791 178.9290 0.0000 0.0000 0.0000 -3.0221 -25.9894 -28.4277 7.5376 15.7683 50.8793 1.6118 -7.7859 -22.7325 4.2835 -12.5284 -37.6280 0.0000 0.0000 0.0000 23.2000 2.2717 2.5875 -4.5780 -12.8922 38.9663 -2.0075 -18.3458 -38.4241 -0.1510 2.5043 -6.9016 -1.2152 3.6770 10.6562 -1.4779 4.5996 -2.4450 -1.7078 2.2402 -8.5557 -10.8825 -7.6444 -0.8773 10.7251 -10.0833 -4.3833 4.8488 -5.0822 -0.0381 0.0000 0.0000 0.0000 -79.2222 4.7170 3.0239 22.5740 -33.6197 -6.9010 -0.0000 -0.0000 4.7014 13.4307 -32.5469 -7.3208 -7.1250 0.0000 -0.0000 -10.3773 -2.8105 11.0530 0.0000 0.0000 0.0000 85.3876 11.2191 45.1602 -15.8461 25.3115 -3.5799 0.0000 0.0000 24.0500 2.4867 -48.1911 -1.8540 7.1250 -0.0000 -0.0000 62.1768 -68.5812 -40.4975
10.7803 14.4742 2.4281 185.4420 -12.3338 179.3150 0.0000 0.0000 0.0000 -3.5375 -25.7586 -28.4385 7.5580 15.7843 50.9545 1.6217 -8.4505 -22.8060 4.0399 -12.2132 -36.4906 0.0000 0.0000 0.0000 22.5698 2.0359 3.2555 -4.2850 -12.5303 37.6349 -1.6863 -18.0892 -36.5628 -0.2344 3.1157 -8.6012 -0.9087 3.8196 10.5909 -1.4632 4.8377 -2.5698 -1.9064 2.3413 -8.6251 -10.7383 -7.7881 -0.5780 10.6314 -10.3000 -4.3371 4.8020 -5.1948 -0.0627 0.0000 -0.0000 0.0000 -77.3290 4.0935 1.0522 21.9177 -32.8839 -6.5411 -0.0000 -0.0000 5.6139 14.4740 -31.9583 -7.7802 -7.1250 0.0000 -0.0000 -9.7350 -2.3965 10.2807 0.0000 -0.0000 0.0000 85.6181 10.7874 45.8612 -16.6138 26.3458 -3.9144 0.0000 0.0000 21.9273 1.9198 -46.8202 -1.4002 7.1250 -0.0000 -0.0000 58.7719 -68.0711 -37.1385
10.6150 14.5060 2.3303 185.4270 -12.2734 179.6660 0.0000 0.0000 0.0000 -4.2374 -25.7912 -28.1316 7.5837 15.8043 51.0489 1.6817 -9.1944 -23.2473 3.4447 -11.3824 -33.5806 0.0000 0.0000 0.0000 21.8775 2.0378 3.8523 -4.0966 -12.2879 36.7580 -1.4494 -17.9240 -35.1340 -0.2146 2.9823 -8.2296 -1.1418 3.8540 10.3426 -1.3719 4.8650 -2.6150 -1.6688 2.3713 -8.5583 -10.3464 -7.7606 -0.5388 10.0801 -10.2660 -4.3678 4.5815 -5.1743 -0.1343 0.0000 -0.0000 0.0000 -75.9639 3.6232 -1.9719 21.3452 -32.2290 -6.2330 -0.0000 -0.0000 7.0555 14.4529 -30.7419 -7.5055 -7.1250 0.0000 -0.0000 -9.6317 -1.1856 9.9698 0.0000 -0.0000 0.0000 86.0350 10.7439 46.9843 -17.0952 26.9832 -4.1305 0.0000 0.0000 20.5818 1.7513 -46.4463 -1.2694 7.1250 -0.0000 -0.0000 57.8568 -67.9247 -36.2473
10.4616 14.5191 2.2589 186.0350 -12.5893 180.0080 0.0000 0.0000 0.0000 -4.0827 -26.7742 -28.3407 7.7271 15.9148 51.5735 1.7783 -8.6377 -23.9006 3.3258 -11.2046 -32.9732 0.0000 0.0000 0.0000 21.7912 1.5742 3.8389 -3.9767 -12.1293 36.1908 -1.3202 -17.5019 -34.0004 -0.2034 2.9040 -8.0116 -0.3642 3.7268 10.4078 -1.3862 4.8023 -2.8695 -2.1228 2.2976 -8.8053 -10.1827 -7.6776 -0.6118 10.2629 -10.1610 -3.9457 4.5994 -5.1216 -0.0063 0.0000 0.0000 0.0000 -74.4376 3.3152 -4.7218 20.7784 -31.5687 -5.9335 -0.0000 -0.0000 8.5228 14.1297 -30.4580 -7.2719 -7.1250 0.0000 -0.0000 -9.7915 -0.8526 10.0837 0.0000 0.0000 0.0000 86.8709 10.6893 47.6794 -17.3889 27.3676 -4.2646 0.0000 0.0000 20.7376 0.3719 -46.5522 -0.2700 7.1250 -0.0000 -0.0000 56.9410 -68.4281 -36.1125
10.3596 14.5413 2.1777 186.3630 -11.4305 180.3590 0.0000 0.0000 0.0000 -4.1699 -26.6751 -28.0536 7.8477 16.0061 52.0121 1.9332 -7.4587 -24.9681 3.3653 -11.2641 -33.1758 0.0000 0.0000 0.0000 21.7991 2.8488 4.1643 -3.9184 -12.0510 35.9125 -1.2034 -17.4520 -33.2703 -0.2957 3.4967 -9.6648 -0.9460 4.1558 10.1484 -1.1558 5.3218 -2.9134 -1.6305 2.5898 -8.7667 -10.2580 -7.6717 -0.8958 10.5702 -10.1293 -4.1744 4.6977 -5.1095 -0.0090 0.0000 0.0000 0.0000 -73.1526 4.3644 -3.2830 21.4882 -32.3938 -6.3095 -0.0000 -0.0000 5.3622 14.5266 -29.5209 -7.2759 -7.1250 0.0000 -0.0000 -9.4817 0.0176 9.6113 0.0000 0.0000 0.0000 87.2653 11.0893 48.6229 -17.7573 27.8453 -4.4353 0.0000 0.0000 20.4158 1.1593 -46.5851 -0.8422 7.1250 -0.0000 -0.0000 57.6589 -68.1907 -36.4014
10.2532 14.5561 2.0980 186.5000 -10.9663 180.8280 0.0000 0.0000 0.0000 -4.4452 -27.5144 -27.7037 7.9400 16.0750 52.3464 2.0809 -6.4411 -26.0093 3.1966 -11.0067 -32.3023 0.0000 0.0000 0.0000 21.3744 2.9161 4.1084 -3.8556 -11.9658 35.6110 -1.0486 -17.2961 -32.1782 -0.3968 4.0445 -11.2019 -1.2963 4.3229 9.5990 -1.0921 5.5135 -2.9545 -1.3589 2.7078 -8.5314 -10.6120 -7.8068 -1.3075 10.9716 -10.2842 -4.0218 4.8435 -5.1798 0.1602 -0.0000 -0.0000 0.0000 -72.5796 4.2701 -4.3960 21.6884 -32.6231 -6.4170 -0.0000 -0.0000 4.8973 14.5840 -28.9831 -7.1855 -7.1250 0.0000 -0.0000 -9.4033 0.5447 9.4419 -0.0000 -0.0000 0.0000 87.9033 11.0764 49.2065 -18.2047 28.4184 -4.6462 0.0000 0.0000 19.9011 1.7816 -46.6749 -1.2963 7.1250 -0.0000 -0.0000 58.3555 -68.0381 -36.7712
10.1717 14.5597 2.0320 186.5760 -10.3994 181.2160 0.0000 0.0000 0.0000 -4.6574 -27.7877 -27.6687 8.0536 16.1585 52.7555 2.1808 -5.6097 -26.7418 3.1960 -11.0057 -32.2992 0.0000 0.0000 0.0000 21.0363 3.3521 4.2895 -3.7483 -11.8177 35.0901 -0.9685 -17.0163 -31.3887 -0.5137 4.5939 -12.7537 -1.7811 4.5788 9.2924 -1.1456 5.7905 -3.1177 -1.1783 2.8652 -8.5745 -10.1514 -7.7810 -0.9876 10.8956 -10.2671 -4.5468 4.7793 -5.1929 -0.0752 0.0000 -0.0000 0.0000 -71.9951 4.9110 -3.3877 22.5240 -33.5642 -6.8733 -0.0000 -0.0000 2.9179 14.8084 -28.7193 -7.2397 -7.1250 0.0000 -0.0000 -9.2502 0.7735 9.2463 0.0000 -0.0000 0.0000 88.2546 11.1911 50.5690 -18.4013 28.6680 -4.7402 0.0000 0.0000 19.1585 1.5796 -46.2977 -1.1421 7.1250 -0.0000 -0.0000 57.4097 -67.8988 -35.8684
10.0985 14.5424 1.9756 187.1340 -10.2956 181.3000 0.0000 0.0000 0.0000 -4.3129 -28.0428 -27.9058 8.2974 16.3337 53.6270 2.3051 -5.5290 -27.5388 3.1055 -10.8639 -31.8224 0.0000 0.0000 0.0000 21.2338 3.1494 4.8163 -3.5524 -11.5396 34.1222 -0.8532 -17.0777 -30.7075 -0.7090 5.3815 -14.9999 -1.6478 4.6920 8.8632 -1.0496 5.9798 -3.1167 -1.1425 2.9584 -8.3212 -10.1909 -7.9012 -0.7508 11.1504 -10.4378 -4.9051 4.8757 -5.2939 -0.1833 -0.0000 -0.0000 0.0000 -72.0214 4.9796 -3.1154 23.1003 -34.1983 -7.1946 -0.0000 -0.0000 2.4931 14.3534 -29.1326 -7.1011 -7.1250 0.0000 -0.0000 -9.5500 0.4310 9.6127 -0.0000 -0.0000 0.0000 88.2103 11.3252 51.9935 -18.5778 28.8907 -4.8252 0.0000 0.0000 19.2239 -4.2762 -45.8307 3.0700 7.1250 -0.0000 -0.0000 51.4284 -69.5413 -33.0923
10.0433 14.5177 1.9275 187.5370 -10.1520 181.3830 0.0000 0.0000 0.0000 -4.0424 -27.8100 -28.2735 8.5370 16.5004 54.4749 2.3949 -5.7133 -28.0720 3.1225 -10.8908 -31.9125 0.0000 0.0000 0.0000 21.3899 3.0861 5.3711 -3.3749 -11.2786 33.2252 -0.8234 -17.1205 -30.5569 -0.9344 6.1574 -17.2417 -1.4909 4.8708 8.9270 -1.0955 6.2308 -3.3015 -1.3351 3.0682 -8.5363 -10.2998 -8.0151 -0.7273 11.3304 -10.5940 -4.8806 4.9403 -5.3744 -0.1466 0.0000 -0.0000 0.0000 -72.3362 5.4849 -2.2724 24.0341 -35.2003 -7.7262 -0.0000 -0.0000 1.6881 14.6337 -29.6343 -7.3566 -7.1250 0.0000 -0.0000 -9.4294 -0.1121 9.5784 0.0000 -0.0000 0.0000 88.3654 11.4157 52.6444 -18.4678 28.7520 -4.7721 0.0000 0.0000 19.4495 -2.5764 -46.1349 1.8581 7.1250 -0.0000 -0.0000 53.5651 -69.1579 -34.3127
9.9863 14.4818 1.8985 188.0530 -10.8806 181.4260 0.0000 0.0000 0.0000 -3.5415 -28.2871 -28.9894 8.7899 16.6706 55.3605 2.4426 -6.1176 -28.3157 3.1171 -10.8823 -31.8839 0.0000 0.0000 0.0000 21.5558 2.0325 5.7848 -3.1462 -10.9280 32.0374 -0.9289 -16.6350 -30.7385 -0.8741 5.9606 -16.6701 -0.9406 4.7132 8.6084 -1.0523 6.1021 -3.1124 -1.5272 2.9870 -8.0917 -10.4004 -8.0694 -0.5557 11.6182 -10.6617 -5.5608 5.0677 -5.4296 -0.3431 0.0000 0.0000 0.0000 -73.1269 5.5939 -0.9733 24.8961 -36.0976 -8.2286 -0.0000 -0.0000 0.3144 15.3299 -28.9944 -7.5690 -7.1250 0.0000 -0.0000 -8.9688 0.4173 9.0147 0.0000 0.0000 0.0000 88.3149 11.9789 52.9629 -18.2901 28.5271 -4.6870 0.0000 0.0000 19.7166 1.7011 -46.7017 -1.2382 7.1250 -0.0000 -0.0000 58.3460 -68.0785 -36.8109
9.9777 14.4659 1.8501 188.5350 -11.0298 181.1600 0.0000 0.0000 0.0000 -3.1326 -27.9139 -29.0650 8.9848 16.7980 56.0377 2.5249 -6.6769 -28.7526 3.1726 -10.9694 -32.1766 0.0000 0.0000 0.0000 22.0439 1.6672 6.9179 -2.8988 -10.5295 30.7089 -0.9404 -16.6235 -30.8017 -1.0258 6.4428 -18.0746 -1.1642 4.8515 8.8700 -1.0258 6.2560 -3.2802 -1.4376 3.0680 -8.4514 -10.4514 -8.1579 -0.0457 11.9876 -10.8160 -5.5747 5.2041 -5.5251 -0.3865 0.0000 0.0000 0.0000 -74.0309 5.6956 -0.4861 24.9140 -36.1160 -8.2392 -0.0000 -0.0000 0.6281 14.8339 -29.9625 -7.5349 -7.1250 0.0000 -0.0000 -9.3424 -0.4707 9.5462 0.0000 0.0000 0.0000 88.4150 11.8339 53.0543 -18.0198 28.1825 -4.5586 0.0000 0.0000 19.9814 0.5922 -46.2578 -0.4278 7.1250 -0.0000 -0.0000 56.5070 -68.1943 -35.5078
9.9585 14.4473 1.8104 188.7150 -11.5940 180.9630 0.0000 0.0000 0.0000 -3.1322 -28.2723 -29.0415 9.1279 16.8893 56.5314 2.5988 -6.6940 -29.1891 3.3709 -11.2725 -33.2047 0.0000 0.0000 0.0000 22.1258 0.9412 7.9186 -2.6584 -10.1204 29.3675 -0.9496 -16.6587 -30.8977 -1.0648 6.5603 -18.4190 -1.4668 4.7916 8.5272 -0.9693 6.1541 -2.9667 -1.1443 3.0430 -7.9546 -10.8656 -8.3576 -0.4230 12.4595 -11.0622 -5.5119 5.3785 -5.6445 -0.2259 0.0000 -0.0000 0.0000 -75.5185 5.5020 -0.1986 24.9238 -36.1260 -8.2450 -0.0000 -0.0000 1.0152 14.7762 -29.9098 -7.4928 -7.1250 0.0000 -0.0000 -9.3710 -0.4091 9.5662 0.0000 -0.0000 0.0000 88.3515 12.3201 52.5516 -17.7716 27.8637 -4.4420 0.0000 0.0000 20.5434 0.9849 -46.8714 -0.7188 7.1250 -0.0000 -0.0000 58.1210 -68.4013 -37.0090
9.9369 14.4323 1.7765 189.2320 -11.8503 180.8450 0.0000 0.0000 0.0000 -2.6471 -28.5880 -29.2572 9.3029 16.9987 57.1319 2.6329 -7.0439 -29.3557 3.0606 -10.7926 -31.5835 0.0000 0.0000 0.0000 22.5279 0.5057 8.3736 -2.5283 -9.8891 28.6183 -0.9927 -16.4170 -30.9299 -1.0686 6.5718 -18.4527 -1.1917 4.9108 8.4823 -1.0284 6.3408 -3.1217 -1.3905 3.1177 -8.0578 -10.8897 -8.5249 -0.1024 12.8761 -11.3152 -5.5149 5.5114 -5.7893 -0.2202 0.0000 0.0000 0.0000 -76.7915 5.9187 0.7101 24.6690 -35.8638 -8.0952 -0.0000 -0.0000 1.5355 14.0240 -30.4999 -7.2248 -7.1250 0.0000 -0.0000 -9.8557 -0.8777 10.1561 0.0000 0.0000 0.0000 88.4336 11.9810 51.5971 -17.5297 27.5507 -4.3295 0.0000 0.0000 20.8838 1.5914 -47.0969 -1.1658 7.1250 -0.0000 -0.0000 59.0921 -68.3233 -37.6888
9.9203 14.4267 1.7259 189.5710 -12.0423 180.4510 0.0000 0.0000 0.0000 -2.6342 -28.9720 -28.7026 9.4449 17.0857 57.6165 2.7320 -6.9393 -29.9401 2.9844 -10.6698 -31.1743 0.0000 0.0000 0.0000 22.7999 -0.3566 9.5624 -2.2616 -9.3910 27.0262 -0.8220 -16.9375 -30.3521 -1.2133 6.9874 -19.6781 -1.0870 5.0342 8.6504 -1.1426 6.5053 -3.1519 -1.6110 3.1869 -8.1612 -10.8772 -8.9321 -0.2334 12.9920 -11.8690 -5.2856 5.5043 -6.0637 -0.0597 0.0000 0.0000 0.0000 -78.0459 6.6094 2.0012 24.2980 -35.4778 -7.8789 -0.0000 -0.0000 1.7728 14.3959 -30.1382 -7.3436 -7.1250 0.0000 -0.0000 -9.6105 -0.5765 9.8457 0.0000 0.0000 0.0000 88.4806 11.5728 50.9753 -17.2541 27.1915 -4.2028 0.0000 0.0000 21.5887 1.7032 -46.4092 -1.2338 7.1250 -0.0000 -0.0000 57.7409 -67.9199 -36.1512
9.9051 14.4058 1.7022 189.9600 -12.7551 180.3470 0.0000 0.0000 0.0000 -2.2695 -29.6966 -28.8990 9.6063 17.1824 58.1641 2.7631 -6.9721 -30.1150 2.9672 -10.6418 -31.0812 0.0000 0.0000 0.0000 23.0737 -1.4732 9.8569 -2.1150 -9.1016 26.1138 -0.9111 -16.6613 -30.6490 -1.1407 6.7826 -19.0729 -1.0164 5.0671 8.4503 -1.0398 6.5728 -3.0296 -1.5241 3.2247 -7.9173 -11.7841 -9.1229 0.2031 14.1020 -12.1320 -6.1702 6.0140 -6.2361 -0.2221 -0.0000 0.0000 0.0000 -79.9643 6.5721 2.4452 23.3069 -34.4227 -7.3110 -0.0000 -0.0000 3.1532 14.0315 -31.1859 -7.3736 -7.1250 0.0000 -0.0000 -9.9125 -1.5594 10.3329 -0.0000 0.0000 0.0000 88.0714 11.3229 50.0985 -17.1644 27.0739 -4.1619 0.0000 0.0000 21.7078 1.7667 -46.6721 -1.2853 7.1250 -0.0000 -0.0000 58.3377 -68.0415 -36.7610
9.9045 14.3830 1.6664 190.6790 -12.9333 180.2710 0.0000 0.0000 0.0000 -1.3690 -29.4732 -29.3901 9.8074 17.3001 58.8428 2.8171 -7.4629 -30.3786 2.8510 -10.4498 -30.4459 0.0000 0.0000 0.0000 23.6848 -2.1160 10.0748 -1.9989 -8.8637 25.3700 -0.9239 -16.4934 -30.5593 -1.1904 6.9236 -19.4893 -0.7850 5.1391 8.3070 -0.9351 6.7081 -3.1103 -1.5521 3.2839 -7.9057 -12.2457 -9.4407 0.0814 14.6293 -12.5504 -6.4104 6.2215 -6.4551 -0.1498 -0.0000 0.0000 0.0000 -81.5260 7.7673 4.1309 23.2493 -34.3603 -7.2785 -0.0000 -0.0000 2.9860 13.5508 -30.4663 -6.9672 -7.1250 0.0000 -0.0000 -10.1241 -0.7714 10.4228 -0.0000 0.0000 0.0000 88.0030 10.8469 49.6765 -16.8826 26.7027 -4.0344 0.0000 0.0000 22.2446 2.4617 -46.2823 -1.7797 7.1250 -0.0000 -0.0000 58.1055 -67.6085 -36.0711
9.8994 14.3771 1.6183 191.1360 -13.5947 180.0480 0.0000 0.0000 0.0000 -0.9796 -29.7396 -29.3906 9.8953 17.3505 59.1378 2.8331 -7.5697 -30.4601 2.9770 -10.6577 -31.1339 0.0000 0.0000 0.0000 24.1322 -3.0998 11.1802 -1.7122 -8.2390 23.4425 -0.7734 -16.9162 -30.0031 -1.3161 7.2663 -20.5067 -0.7042 5.2458 8.0705 -1.0316 6.8557 -3.0407 -1.6884 3.3538 -7.6712 -12.2964 -9.7084 0.1515 15.1909 -12.8956 -7.2056 6.4112 -6.6697 -0.2991 -0.0000 -0.0000 0.0000 -82.3687 8.3032 5.4644 21.9027 -32.8669 -6.5330 -0.0000 -0.0000 5.7831 12.7682 -31.0024 -6.6575 -7.1250 0.0000 -0.0000 -10.6155 -1.1834 11.0219 -0.0000 -0.0000 0.0000 88.0350 10.7438 48.6344 -16.4771 26.1633 -3.8539 0.0000 0.0000 22.1042 1.7846 -45.3397 -1.2696 7.1250 -0.0000 -0.0000 55.6662 -67.2960 -33.8351
9.8920 14.3586 1.5832 191.3230 -14.0460 179.7570 0.0000 0.0000 0.0000 -0.9334 -29.8001 -29.3505 10.0420 17.4334 59.6287 2.8717 -8.3685 -30.6215 2.6605 -10.1240 -29.3792 0.0000 0.0000 0.0000 24.2970 -3.6945 12.1781 -1.5392 -7.8319 22.2047 -0.7085 -17.1461 -29.8132 -1.3782 7.4288 -20.9921 -1.0067 5.2323 8.1431 -0.9821 6.8070 -2.9106 -1.4645 3.3465 -7.6165 -13.0007 -9.7291 0.1338 16.0061 -12.9008 -7.9181 6.7897 -6.7022 -0.3907 0.0000 -0.0000 0.0000 -83.5481 9.0894 7.6833 20.9849 -31.8107 -6.0420 -0.0000 -0.0000 6.3509 12.4964 -30.3421 -6.3882 -7.1250 0.0000 -0.0000 -10.7187 -0.4913 11.0039 0.0000 -0.0000 0.0000 87.9875 10.4026 48.0996 -16.1734 25.7552 -3.7210 0.0000 0.0000 22.5230 1.0312 -45.1731 -0.7314 7.1250 -0.0000 -0.0000 54.6973 -67.4363 -33.2661
9.8738 14.3391 1.5408 191.6110 -14.3990 179.7110 0.0000 0.0000 0.0000 -0.6724 -29.8902 -29.5641 10.1821 17.5110 60.0952 2.9392 -8.5636 -30.9847 2.7629 -10.3010 -29.9572 0.0000 0.0000 0.0000 24.6121 -3.9261 13.0558 -1.3761 -7.4234 20.9759 -0.6946 -17.2396 -29.8222 -1.3537 7.3652 -20.8020 -0.9996 5.2708 7.7935 -1.0187 6.8621 -2.8530 -1.4734 3.3770 -7.3479 -12.7978 -10.0343 -0.5210 15.6751 -13.2673 -7.8361 6.5943 -6.8629 -0.2495 -0.0000 -0.0000 0.0000 -84.4622 9.7918 9.0269 19.9940 -30.6351 -5.5283 -0.0000 -0.0000 10.0492 10.8576 -32.3504 -5.8599 -7.1250 0.0000 -0.0000 -11.7991 -2.2299 12.5136 -0.0000 -0.0000 0.0000 88.1031 9.9485 47.1843 -15.8808 25.3588 -3.5948 0.0000 0.0000 23.5454 1.2469 -45.1541 -0.8841 7.1250 -0.0000 -0.0000 54.8456 -67.3575 -33.2878
9.8547 14.3261 1.5065 192.0470 -14.9618 179.5560 0.0000 0.0000 0.0000 -0.2599 -30.0952 -29.7937 10.3055 17.5781 60.5046 2.9633 -8.8291 -31.1038 2.8311 -10.4165 -30.3363 0.0000 0.0000 0.0000 25.1333 -4.3508 13.8652 -1.2060 -6.9672 19.6182 -0.5128 -17.9335 -29.3561 -1.3665 7.3985 -20.9015 -0.7766 5.1939 7.9849 -1.0279 6.7807 -2.9086 -1.6165 3.3242 -7.4902 -13.2286 -10.1694 -0.7138 16.0445 -13.4305 -7.9854 6.7536 -6.9456 -0.1785 0.0000 0.0000 0.0000 -85.1464 10.7363 9.7447 19.3537 -29.8558 -5.2058 -0.0000 -0.0000 13.4889 7.8308 -32.2503 -4.1974 -7.1250 0.0000 -0.0000 -13.4801 -1.7302 14.2774 0.0000 0.0000 0.0000 87.9824 9.5089 47.3786 -15.8727 25.3477 -3.5913 0.0000 0.0000 22.7994 3.5660 -45.8987 -2.5624 7.1250 -0.0000 -0.0000 58.2515 -67.0503 -35.5234
9.8244 14.3149 1.4713 192.2010 -15.0291 179.7130 0.0000 0.0000 0.0000 -0.1158 -29.9599 -30.1223 10.4210 17.6399 60.8865 2.9918 -9.1209 -31.2465 2.8344 -10.4220 -30.3543 0.0000 0.0000 0.0000 25.2350 -4.2861 14.1727 -1.1402 -6.7811 19.0684 -0.4951 -17.9986 -29.3089 -1.3001 7.2236 -20.3796 -0.8003 5.3374 7.6981 -1.1548 6.9638 -2.8414 -1.7255 3.4159 -7.2382 -13.6927 -10.1736 -0.9003 16.6550 -13.3974 -8.6615 7.0262 -6.9546 -0.2652 0.0000 -0.0000 0.0000 -85.5651 11.0643 10.5922 18.6234 -28.9480 -4.8472 -0.0000 -0.0000 14.9746 7.0423 -33.0862 -3.8581 -7.1250 0.0000 -0.0000 -13.9620 -2.4443 14.9894 0.0000 -0.0000 0.0000 88.1281 9.1203 46.9407 -15.9140 25.4039 -3.6090 0.0000 0.0000 23.1890 3.8208 -46.7519 -2.7850 7.1250 -0.0000 -0.0000 60.1627 -67.4257 -37.4729
9.7902 14.3006 1.4318 192.2160 -15.3922 179.5430 0.0000 0.0000 0.0000 -0.4119 -30.0461 -29.9550 10.5119 17.6878 61.1859 3.0474 -9.2257 -31.5443 2.8162 -10.3915 -30.2539 0.0000 0.0000 0.0000 25.1944 -4.5324 14.8321 -1.0782 -6.6002 18.5362 -0.4273 -18.2773 -29.1626 -1.3173 7.2695 -20.5162 -0.8634 5.4540 7.7376 -1.2369 7.1066 -2.6497 -1.7862 3.4892 -7.0516 -14.0153 -10.5476 -1.4867 16.5626 -13.8485 -8.7104 6.9799 -7.1543 -0.1042 0.0000 -0.0000 0.0000 -85.9270 11.6308 12.6063 18.8252 -29.2010 -4.9453 -0.0000 -0.0000 14.4758 6.7693 -31.3931 -3.5382 -7.1250 0.0000 -0.0000 -14.0302 -0.7725 14.6625 0.0000 -0.0000 0.0000 88.2425 8.7998 46.2581 -15.9729 25.4840 -3.6343 0.0000 0.0000 23.5345 2.5652 -46.2672 -1.8541 7.1250 -0.0000 -0.0000 58.1602 -67.5673 -36.0653
9.7545 14.2812 1.3974 192.4820 -15.7123 179.4570 0.0000 0.0000 0.0000 -0.2842 -30.0334 -30.0688 10.6284 17.7484 61.5689 3.0878 -9.3995 -31.7552 2.8849 -10.5064 -30.6326 0.0000 0.0000 0.0000 25.3523 -4.8811 15.0540 -1.0544 -6.5291 18.3276 -0.3329 -18.5487 -28.8194 -1.4327 7.5681 -21.4098 -0.8016 5.3483 7.8290 -1.2490 6.9701 -2.5611 -1.8171 3.4198 -7.0023 -14.0675 -10.5919 -2.0791 16.3909 -13.8516 -8.9991 6.9122 -7.1457 -0.1045 -0.0000 -0.0000 0.0000 -86.0620 12.1247 12.6986 18.9524 -29.3594 -5.0075 -0.0000 -0.0000 14.7157 6.5283 -32.0478 -3.4749 -7.1250 0.0000 -0.0000 -14.1941 -1.3787 14.9950 -0.0000 -0.0000 0.0000 88.1275 8.6174 47.3671 -16.1232 25.6874 -3.6992 0.0000 0.0000 22.6015 0.6083 -46.5597 -0.4417 7.1250 -0.0000 -0.0000 57.1519 -68.3554 -36.1942
9.7052 14.2774 1.3651 192.4310 -15.9657 179.7410 0.0000 0.0000 0.0000 -0.4144 -30.1147 -30.4029 10.6951 17.7826 61.7873 3.0901 -9.8321 -31.7537 2.7519 -10.2821 -29.8952 0.0000 0.0000 0.0000 25.2048 -4.8860 14.9435 -1.0564 -6.5353 18.3457 -0.3441 -18.5226 -28.8680 -1.3173 7.2694 -20.5160 -1.0332 5.3372 7.5330 -1.2756 6.9332 -2.4835 -1.6768 3.4144 -6.7757 -14.5408 -10.6679 -2.2507 16.4547 -13.9196 -9.4268 7.0048 -7.1764 -0.1535 -0.0000 0.0000 0.0000 -86.0481 12.1661 13.3007 19.1724 -29.6323 -5.1158 -0.0000 -0.0000 13.9417 6.1116 -31.9763 -3.2453 -7.1250 0.0000 -0.0000 -14.4225 -1.2622 15.2231 -0.0000 0.0000 0.0000 87.9908 8.4654 48.0817 -16.3011 25.9272 -3.7766 0.0000 0.0000 21.9115 1.8094 -46.8161 -1.3196 7.1250 -0.0000 -0.0000 58.6738 -68.1045 -37.1001
9.6546 14.2623 1.3252 192.5620 -16.0252 179.8540 0.0000 0.0000 0.0000 -0.4526 -29.9968 -30.5839 10.8223 17.8470 62.2031 3.1342 -9.7551 -31.9914 2.6938 -10.1820 -29.5683 0.0000 0.0000 0.0000 25.1956 -4.7692 14.6783 -1.1268 -6.7423 18.9540 -0.2989 -18.5384 -28.5590 -1.3220 7.2818 -20.5531 -1.0111 5.3542 7.4623 -1.3995 6.9489 -2.5212 -1.8138 3.4180 -6.7568 -14.3882 -10.7002 -2.7685 16.1180 -13.9255 -9.4196 6.8492 -7.1635 -0.1097 0.0000 -0.0000 0.0000 -85.7951 11.8939 12.6752 19.0880 -29.5279 -5.0742 -0.0000 -0.0000 14.2719 7.2450 -31.8957 -3.8428 -7.1250 0.0000 -0.0000 -13.7878 -1.3152 14.5240 0.0000 -0.0000 0.0000 88.5636 8.1201 47.8257 -16.3211 25.9541 -3.7854 0.0000 0.0000 22.0651 2.5315 -46.7232 -1.8436 7.1250 -0.0000 -0.0000 59.0650 -67.8227 -37.0774
9.6029 14.2674 1.2813 192.4090 -15.9605 179.8790 0.0000 0.0000 0.0000 -0.9853 -29.8975 -30.2536 10.8496 17.8607 62.2922 3.2107 -9.6781 -32.3994 2.7357 -10.2544 -29.8045 0.0000 0.0000 0.0000 24.7792 -4.8393 14.7295 -1.1679 -6.8602 19.3019 -0.2864 -18.2483 -28.1017 -1.3116 7.2544 -20.4712 -1.4109 5.3750 7.5848 -1.5493 6.9166 -2.5655 -1.7640 3.4107 -6.9045 -14.2652 -10.6604 -2.9241 15.7816 -13.8661 -9.3510 6.7231 -7.1225 -0.1132 -0.0000 -0.0000 0.0000 -85.0103 11.4512 11.8626 18.6990 -29.0429 -4.8839 -0.0000 -0.0000 14.8313 7.3823 -33.4690 -4.0869 -7.1250 0.0000 -0.0000 -13.7973 -2.8566 14.8978 -0.0000 -0.0000 0.0000 88.8817 7.7999 48.5969 -16.4230 26.0908 -3.8301 0.0000 0.0000 21.5365 1.3452 -46.8865 -0.9821 7.1250 -0.0000 -0.0000 58.4461 -68.2923 -37.1394
9.5368 14.2569 1.2376 192.5640 -15.9465 179.7530 0.0000 0.0000 0.0000 -1.2736 -29.7745 -29.9337 10.9205 17.8960 62.5232 3.3073 -9.8795 -32.8992 2.7777 -10.3262 -30.0395 0.0000 0.0000 0.0000 24.5283 -5.1352 14.8286 -1.1910 -6.9253 19.4943 -0.2582 -17.7788 -27.2942 -1.3797 7.4328 -21.0040 -1.5197 5.3883 7.5108 -1.4896 6.9311 -2.4372 -1.6282 3.4259 -6.7463 -14.2974 -10.6134 -2.9478 15.6003 -13.7989 -9.9084 6.7023 -7.0996 -0.2969 0.0000 -0.0000 0.0000 -84.4433 10.6411 11.7644 18.6946 -29.0374 -4.8817 -0.0000 -0.0000 15.2271 8.1659 -32.2087 -4.3737 -7.1250 0.0000 -0.0000 -13.2913 -1.7316 14.0664 0.0000 -0.0000 0.0000 89.1107 7.5202 49.0654 -16.5983 26.3251 -3.9075 0.0000 0.0000 21.3256 -1.8192 -45.7721 1.3038 7.1250 -0.0000 -0.0000 53.4479 -68.6987 -33.7253
9.4752 14.2552 1.1989 192.8250 -16.0885 179.7250 0.0000 0.0000 0.0000 -1.2779 -29.8687 -29.8707 10.9854 17.9279 62.7341 3.3088 -10.2534 -32.8962 2.5232 -9.8801 -28.5892 0.0000 0.0000 0.0000 24.6573 -4.9790 14.7216 -1.2507 -7.0902 19.9830 -0.2305 -17.7163 -26.9987 -1.3406 7.3309 -20.6994 -1.5317 5.3306 7.5085 -1.4419 6.8575 -2.3928 -1.5592 3.3921 -6.7057 -14.4135 -10.6084 -3.2700 15.3400 -13.7660 -9.9359 6.6270 -7.0667 -0.2752 0.0000 -0.0000 0.0000 -83.4980 9.5633 11.7497 18.4460 -28.7245 -4.7617 -0.0000 -0.0000 16.0881 8.7878 -32.8714 -4.7961 -7.1250 0.0000 -0.0000 -12.9867 -2.4556 13.8868 0.0000 -0.0000 0.0000 89.0509 7.1817 50.6444 -16.9463 26.7869 -4.0631 0.0000 0.0000 20.2841 -4.0718 -45.8931 2.9261 7.1250 -0.0000 -0.0000 51.7437 -69.5107 -33.2994
9.3971 14.2436 1.1626 193.0310 -15.9646 179.8050 0.0000 0.0000 0.0000 -1.4038 -29.7093 -29.8692 11.0679 17.9682 63.0019 3.3768 -10.2459 -33.2481 2.5022 -9.8418 -28.4660 0.0000 0.0000 0.0000 24.4654 -4.9174 14.4825 -1.3098 -7.2496 20.4569 -0.1159 -17.6983 -26.0535 -1.3058 7.2388 -20.4249 -1.3005 5.2968 7.5558 -1.5261 6.8285 -2.4269 -1.7750 3.3660 -6.7309 -14.2794 -10.4940 -3.1717 15.1317 -13.6321 -10.4068 6.5823 -7.0149 -0.4759 -0.0000 0.0000 0.0000 -82.3735 8.5647 12.1726 18.4701 -28.7549 -4.7732 -0.0000 -0.0000 16.2125 9.1316 -32.6272 -4.9532 -7.1250 0.0000 -0.0000 -12.7802 -2.2632 13.6128 -0.0000 0.0000 0.0000 89.2372 6.7921 52.4982 -16.9924 26.8477 -4.0839 0.0000 0.0000 20.8323 -3.0089 -46.2769 2.1754 7.1250 -0.0000 -0.0000 53.5026 -69.3831 -34.5075
9.3344 14.2493 1.1123 193.1070 -15.7984 180.0790 0.0000 0.0000 0.0000 -1.5315 -29.4219 -29.9391 11.1070 17.9870 63.1286 3.4077 -10.5943 -33.3991 2.2969 -9.4589 -27.2416 0.0000 0.0000 0.0000 24.4426 -4.4627 14.0792 -1.4150 -7.5232 21.2748 0.0298 -17.8176 -24.9779 -1.1903 6.9234 -19.4885 -1.6855 5.3026 7.2823 -1.5819 6.7953 -2.5554 -1.5996 3.3636 -6.7509 -13.9190 -10.5088 -3.5229 14.4385 -13.6505 -10.1203 6.2885 -7.0017 -0.4211 -0.0000 0.0000 0.0000 -81.2274 7.4963 12.5786 18.5864 -28.9016 -4.8293 -0.0000 -0.0000 16.4324 10.0140 -32.2400 -5.3813 -7.1250 0.0000 -0.0000 -12.2624 -2.0042 12.9806 -0.0000 0.0000 0.0000 89.1837 6.4427 55.0272 -17.5346 27.5572 -4.3318 0.0000 0.0000 18.9786 1.5072 -47.1630 -1.1053 7.1250 -0.0000 -0.0000 59.1662 -68.3852 -37.8205
9.2652 14.2462 1.0592 193.0330 -15.8090 180.2620 0.0000 0.0000 0.0000 -1.8955 -29.4087 -29.8313 11.1704 18.0175 63.3338 3.4502 -11.2254 -33.6085 1.9516 -8.7646 -25.0618 0.0000 0.0000 0.0000 24.0513 -4.4901 13.6910 -1.5112 -7.7635 21.9981 -0.0100 -17.2791 -24.5758 -1.0499 6.5156 -18.2880 -2.1032 5.2441 7.0649 -1.6509 6.6736 -2.5092 -1.4024 3.3191 -6.6193 -14.2379 -10.2742 -3.2399 14.8596 -13.3439 -10.6707 6.5248 -6.8723 -0.6103 0.0000 -0.0000 0.0000 -80.1431 6.3022 12.8911 18.8622 -29.2471 -4.9633 -0.0000 -0.0000 16.2255 9.6788 -30.3082 -4.9193 -7.1250 0.0000 -0.0000 -12.3291 -0.0710 12.6404 0.0000 -0.0000 0.0000 89.2222 6.2120 57.1484 -17.9393 28.0793 -4.5206 0.0000 0.0000 17.6533 -0.0267 -46.6852 0.0194 7.1250 -0.0000 -0.0000 56.8946 -68.6307 -36.3072
9.1743 14.2480 1.0329 193.1030 -15.4617 180.3790 0.0000 0.0000 0.0000 -2.2827 -29.2221 -29.7468 11.2099 18.0363 63.4613 3.5012 -10.7295 -33.8719 2.0522 -8.9740 -25.7139 0.0000 0.0000 0.0000 23.6249 -4.1782 13.0598 -1.6544 -8.1057 23.0355 -0.0516 -16.7094 -24.1642 -1.0381 6.4802 -18.1843 -1.9460 5.2681 7.3015 -1.8028 6.6984 -2.6423 -1.6821 3.3175 -6.8590 -14.0122 -10.2042 -3.1504 14.4723 -13.2806 -10.8894 6.3956 -6.8446 -0.7469 -0.0000 0.0000 0.0000 -78.9784 5.3131 13.3985 19.2202 -29.6914 -5.1395 -0.0000 -0.0000 15.1444 10.2954 -31.5431 -5.4284 -7.1250 0.0000 -0.0000 -12.0565 -1.3612 12.6197 -0.0000 0.0000 0.0000 89.7972 5.6248 57.6978 -18.1932 28.4039 -4.6408 0.0000 0.0000 18.1123 0.4683 -46.9315 -0.3421 7.1250 -0.0000 -0.0000 57.8295 -68.6020 -37.0102
9.0832 14.2392 0.9933 193.1360 -14.8358 180.3410 0.0000 0.0000 0.0000 -2.8361 -28.7946 -29.3129 11.2969 18.0773 63.7419 3.6070 -10.3086 -34.4149 2.0990 -9.0692 -26.0122 0.0000 0.0000 0.0000 23.1623 -3.9807 12.8463 -1.7629 -8.3537 23.7937 0.0900 -16.6312 -22.7159 -1.1645 6.8504 -19.2728 -2.0718 5.3249 7.2804 -1.9096 6.7505 -2.6495 -1.7295 3.3442 -6.8565 -13.4791 -10.0950 -3.2865 13.9066 -13.1534 -10.6419 6.1378 -6.7734 -0.7532 -0.0000 -0.0000 0.0000 -78.1598 4.3172 12.6675 19.5059 -30.0425 -5.2817 -0.0000 -0.0000 14.3838 10.6395 -32.1036 -5.7014 -7.1250 0.0000 -0.0000 -11.9027 -1.9574 12.5732 -0.0000 -0.0000 0.0000 89.9688 5.3396 59.5613 -18.5924 28.9090 -4.8322 0.0000 0.0000 16.2096 -0.0988 -47.3223 0.0726 7.1250 -0.0000 -0.0000 58.2234 -68.9958 -37.7755
8.9862 14.2378 0.9617 193.6000 -14.1106 180.2410 0.0000 0.0000 0.0000 -2.8475 -28.2018 -29.0243 11.3786 18.1154 64.0050 3.6785 -10.4562 -34.7668 1.8350 -8.5135 -24.2851 0.0000 0.0000 0.0000 23.1399 -3.5261 12.5481 -1.8692 -8.5880 24.5149 0.2289 -16.4709 -21.0266 -1.0537 6.5270 -18.3214 -1.6477 5.3953 7.5745 -1.9430 6.8767 -2.7986 -2.0536 3.3844 -7.1274 -13.4997 -9.9375 -2.7730 14.1210 -12.9800 -10.9189 6.2575 -6.7088 -0.9183 -0.0000 -0.0000 0.0000 -77.4979 3.2968 12.3025 19.7127 -30.2947 -5.3857 -0.0000 -0.0000 12.8938 11.7885 -31.4276 -6.2105 -7.1250 0.0000 -0.0000 -11.2051 -1.4579 11.7106 -0.0000 -0.0000 0.0000 90.3982 5.0105 59.6410 -18.8460 29.2269 -4.9554 0.0000 0.0000 16.6129 0.7329 -47.3003 -0.5386 7.1250 -0.0000 -0.0000 58.8427 -68.7102 -37.9409
8.9026 14.2382 0.9215 193.5740 -13.6988 180.4240 0.0000 0.0000 0.0000 -3.3285 -28.0754 -28.7254 11.3843 18.1181 64.0234 3.7353 -9.9627 -35.0658 1.8825 -8.6169 -24.6041 0.0000 0.0000 0.0000 22.8231 -2.9934 12.3070 -1.9688 -8.8008 25.1742 0.1857 -16.0873 -20.9014 -0.9187 6.1068 -17.0945 -2.0520 5.3511 7.4216 -1.9017 6.7818 -2.7413 -1.7581 3.3570 -7.0336 -13.6478 -9.8383 -2.9183 14.2101 -12.8313 -10.8559 6.3050 -6.6306 -0.8797 0.0000 -0.0000 0.0000 -77.1741 2.1059 11.8786 20.0018 -30.6445 -5.5323 -0.0000 -0.0000 11.1280 12.6165 -30.9166 -6.5603 -7.1250 0.0000 -0.0000 -10.6949 -1.0760 11.0875 0.0000 -0.0000 0.0000 90.2946 5.0823 60.7482 -19.1814 29.6435 -5.1203 0.0000 0.0000 15.6012 -0.9594 -47.2528 0.7046 7.1250 -0.0000 -0.0000 57.3733 -69.2444 -37.3810
8.8084 14.2527 0.8790 193.5430 -13.1253 180.6090 0.0000 0.0000 0.0000 -3.9157 -27.8470 -28.2114 11.3434 18.0991 63.8918 3.8076 -9.5509 -35.4421 1.7614 -8.3502 -23.7830 0.0000 0.0000 0.0000 22.4048 -2.5313 11.9879 -2.0614 -8.9929 25.7730 0.2747 -16.1763 -20.0308 -1.0150 6.4099 -17.9785 -2.4601 5.3589 7.3458 -1.8694 6.7513 -2.7961 -1.4955 3.3592 -7.1020 -13.5946 -9.7392 -2.6784 14.2007 -12.7251 -11.0693 6.3241 -6.5902 -0.9987 -0.0000 0.0000 0.0000 -76.7963 1.4319 11.1688 20.4336 -31.1612 -5.7541 -0.0000 -0.0000 11.5427 11.2936 -30.7047 -5.8224 -7.1250 0.0000 -0.0000 -11.4329 -0.6767 11.8036 -0.0000 0.0000 0.0000 89.8237 5.3125 62.0849 -19.4325 29.9526 -5.2450 0.0000 0.0000 15.0234 0.0015 -47.3841 -0.0011 7.1250 -0.0000 -0.0000 58.4413 -68.9951 -37.9488
8.7199 14.2458 0.8426 194.0850 -12.4359 180.5230 0.0000 0.0000 0.0000 -3.7853 -27.3828 -27.9839 11.4412 18.1443 64.2061 3.9024 -9.3892 -35.9148 1.6815 -8.1685 -23.2271 0.0000 0.0000 0.0000 22.5594 -2.0224 11.5471 -2.2135 -9.2972 26.7296 0.3198 -15.9866 -19.1659 -1.1330 6.7603 -19.0070 -2.1867 5.3213 7.3670 -1.7886 6.7388 -2.7922 -1.5602 3.3452 -7.0869 -13.5431 -9.5778 -2.4568 14.3976 -12.5209 -11.0217 6.3980 -6.5009 -1.0333 -0.0000 -0.0000 0.0000 -76.3424 0.6134 11.0404 20.4670 -31.2009 -5.7713 -0.0000 -0.0000 11.1895 11.1659 -30.8450 -5.7789 -7.1250 0.0000 -0.0000 -11.5154 -0.7967 11.9164 -0.0000 -0.0000 0.0000 89.9988 5.4654 62.1569 -19.6465 30.2141 -5.3523 0.0000 0.0000 14.9019 -0.7955 -47.5960 0.5874 7.1250 -0.0000 -0.0000 58.2790 -69.3707 -38.2482
8.6248 14.2607 0.8154 194.1410 -11.7230 180.7830 0.0000 0.0000 0.0000 -4.1623 -27.1313 -27.7681 11.4018 18.1261 64.0796 3.9222 -9.5312 -36.0028 1.3233 -7.2854 -20.5637 0.0000 0.0000 0.0000 22.2696 -1.1617 10.8911 -2.3804 -9.6172 27.7457 0.2543 -15.5442 -19.2361 -0.6253 5.0602 -14.0804 -2.3403 5.1372 7.5081 -1.6905 6.4777 -2.8761 -1.3597 3.2250 -7.2870 -13.9710 -9.4275 -2.9581 14.5571 -12.2612 -10.3539 6.4709 -6.3364 -0.7538 -0.0000 0.0000 0.0000 -76.2659 0.3896 11.1912 20.6492 -31.4166 -5.8660 -0.0000 -0.0000 10.7449 11.6847 -30.2154 -5.9419 -7.1250 0.0000 -0.0000 -11.1750 -0.2501 11.4432 -0.0000 0.0000 0.0000 89.7975 5.6918 62.4470 -19.7994 30.3999 -5.4295 0.0000 0.0000 14.8709 -0.9993 -47.5128 0.7370 7.1250 -0.0000 -0.0000 57.9269 -69.3953 -37.9937
8.5326 14.2847 0.7675 194.1550 -11.0666 180.7880 0.0000 0.0000 0.0000 -4.8338 -26.8066 -26.9225 11.2901 18.0741 63.7201 3.9963 -9.2759 -36.3768 1.2326 -7.0406 -19.8358 0.0000 0.0000 0.0000 21.9248 -0.7359 10.6717 -2.4732 -9.7891 28.2964 0.4047 -15.9579 -18.0032 -0.8700 5.9473 -16.6315 -2.6655 5.1609 7.4482 -1.6553 6.4799 -2.8118 -1.1364 3.2412 -7.2260 -13.5780 -9.3713 -2.9940 14.0748 -12.2046 -10.0455 6.2548 -6.2971 -0.7282 0.0000 -0.0000 0.0000 -75.9894 -0.0389 11.9448 20.5213 -31.2653 -5.7995 -0.0000 -0.0000 10.7859 11.6608 -30.3969 -5.9614 -7.1250 0.0000 -0.0000 -11.2015 -0.4253 11.5058 0.0000 -0.0000 0.0000 89.8116 5.8862 61.5286 -19.8325 30.4400 -5.4462 0.0000 0.0000 15.6937 -2.1692 -47.2984 1.5945 7.1250 -0.0000 -0.0000 56.4913 -69.6731 -37.1603
8.4395 14.3004 0.7442 194.5430 -10.5375 181.0830 0.0000 0.0000 0.0000 -4.7375 -26.7267 -26.9301 11.2358 18.0485 63.5449 3.9808 -9.2399 -36.3045 0.9360 -6.1624 -17.2564 0.0000 0.0000 0.0000 22.0323 -0.0030 9.9844 -2.5911 -10.0017 28.9822 0.5888 -16.5426 -16.4429 -0.3289 3.6857 -10.1940 -2.3005 5.0929 7.4461 -1.6830 6.4242 -2.9454 -1.3645 3.1974 -7.3215 -13.7859 -9.3329 -2.9433 14.5381 -12.1385 -9.4910 6.4096 -6.2579 -0.5322 -0.0000 -0.0000 0.0000 -75.8496 -0.4355 12.6050 20.2829 -30.9816 -5.6762 -0.0000 -0.0000 10.9391 12.3937 -30.1770 -6.3035 -7.1250 0.0000 -0.0000 -10.7653 -0.3133 11.0199 -0.0000 -0.0000 0.0000 89.7246 6.3366 61.3826 -19.7758 30.3713 -5.4176 0.0000 0.0000 14.8885 -2.2421 -47.3587 1.6497 7.1250 -0.0000 -0.0000 56.5698 -69.7299 -37.2859
8.3567 14.3305 0.7013 194.3620 -10.2582 181.7710 0.0000 0.0000 0.0000 -5.1341 -26.6457 -27.0498 11.0963 17.9819 63.0940 3.9856 -8.7485 -36.3627 1.0201 -6.4255 -18.0240 0.0000 0.0000 0.0000 21.7152 0.9125 9.1860 -2.7215 -10.2300 29.7248 0.6993 -16.8344 -15.2182 -0.3846 3.9827 -11.0281 -2.8458 5.0023 6.9146 -1.7654 6.2470 -3.1784 -1.0916 3.1321 -7.3166 -13.5798 -9.1057 -2.6349 14.4086 -11.8605 -9.1093 6.3574 -6.1135 -0.5295 0.0000 -0.0000 0.0000 -75.6941 -0.3012 13.7319 20.2256 -30.9132 -5.6468 -0.0000 -0.0000 10.9656 12.2986 -30.8414 -6.3773 -7.1250 0.0000 -0.0000 -10.8701 -0.9549 11.2529 0.0000 -0.0000 0.0000 89.9534 6.3758 59.9854 -19.5784 30.1310 -5.3181 0.0000 0.0000 15.9131 -2.7958 -46.7088 2.0358 7.1250 -0.0000 -0.0000 54.6386 -69.5584 -35.5766
8.2630 14.3713 0.6524 194.3970 -9.6520 181.9460 0.0000 0.0000 0.0000 -5.6286 -26.2526 -26.4336 10.9121 17.8918 62.4957 4.0177 -8.1744 -36.5659 1.1078 -6.6871 -18.7916 0.0000 0.0000 0.0000 21.5492 1.9042 9.1309 -2.7917 -10.3500 30.1176 0.8088 -17.1221 -13.7767 -0.3111 3.5860 -9.9146 -3.0803 5.0284 6.7895 -1.7318 6.2652 -3.1766 -0.9195 3.1528 -7.2735 -13.3548 -9.3386 -2.8908 14.1392 -12.1697 -8.3936 6.1811 -6.2446 -0.2723 0.0000 -0.0000 0.0000 -76.1652 -0.6938 13.5870 19.8097 -30.4124 -5.4347 -0.0000 -0.0000 11.8792 13.1891 -31.0914 -6.9003 -7.1250 0.0000 -0.0000 -10.3834 -1.3349 10.7998 0.0000 -0.0000 0.0000 89.9734 6.6591 58.3596 -19.4033 29.9167 -5.2305 0.0000 0.0000 16.3410 1.1784 -47.3100 -0.8662 7.1250 -0.0000 -0.0000 59.2205 -68.5692 -38.0791
8.1633 14.3962 0.6674 195.0270 -8.3231 181.9290 0.0000 0.0000 0.0000 -5.3776 -25.2753 -26.2554 10.8216 17.8467 62.2008 3.9962 -8.4148 -36.4406 0.8635 -5.9253 -16.5679 0.0000 0.0000 0.0000 21.6925 3.3786 8.2220 -3.0451 -10.7677 31.5005 0.8528 -16.9587 -12.1101 -0.2941 3.4870 -9.6377 -2.3936 5.1929 7.4296 -1.5993 6.5495 -3.2539 -1.2650 3.2639 -7.6642 -13.5597 -9.1421 -2.3516 14.5389 -11.9380 -8.4442 6.3776 -6.1449 -0.3606 0.0000 0.0000 0.0000 -76.6844 -0.3638 14.1460 20.1866 -30.8665 -5.6268 -0.0000 -0.0000 11.6516 12.9219 -30.7751 -6.6955 -7.1250 0.0000 -0.0000 -10.5093 -0.9818 10.8712 0.0000 0.0000 0.0000 89.7370 7.0214 57.7408 -19.2581 29.7381 -5.1582 0.0000 0.0000 16.0217 2.2996 -47.7176 -1.7017 7.1250 -0.0000 -0.0000 60.9916 -68.4099 -39.3210
8.0790 14.4222 0.6450 195.0920 -7.6447 182.0260 0.0000 0.0000 0.0000 -5.7739 -24.7658 -25.8602 10.6829 17.7764 61.7475 3.9935 -8.4276 -36.4264 0.6728 -5.2452 -14.6092 0.0000 0.0000 0.0000 21.3076 4.0917 7.2485 -3.3772 -11.2819 33.2366 0.8428 -16.6302 -11.1031 -0.2491 3.2113 -8.8677 -2.3977 5.1886 7.5623 -1.6736 6.5277 -3.3659 -1.3584 3.2484 -7.8528 -13.3531 -8.8994 -1.8269 14.7578 -11.6569 -8.1592 6.4454 -6.0182 -0.3950 -0.0000 -0.0000 0.0000 -76.8884 0.1324 14.8735 20.1646 -30.8401 -5.6155 -0.0000 -0.0000 11.2638 13.0927 -31.1416 -6.8584 -7.1250 0.0000 -0.0000 -10.4424 -1.3699 10.8696 -0.0000 -0.0000 0.0000 90.1432 6.8400 56.1875 -18.9682 29.3792 -5.0152 0.0000 0.0000 17.1366 -0.9212 -46.6365 0.6698 7.1250 -0.0000 -0.0000 56.0486 -68.8970 -35.9461
7.9993 14.4686 0.6072 195.0740 -7.5604 182.1490 0.0000 0.0000 0.0000 -6.3140 -24.9148 -25.1469 10.4201 17.6394 60.8835 3.9505 -8.2158 -36.2363 0.5004 -4.5349 -12.5866 0.0000 0.0000 0.0000 21.1648 4.6060 6.4691 -3.6475 -11.6759 34.5950 0.9338 -17.1587 -10.1503 -0.2013 2.8892 -7.9703 -2.5969 5.0063 7.4441 -1.6201 6.2694 -3.3579 -1.1440 3.1338 -7.8032 -13.1929 -8.7352 -1.4670 14.6120 -11.4709 -7.7412 6.3902 -5.9187 -0.3767 0.0000 -0.0000 0.0000 -77.3802 0.2488 15.2855 19.7683 -30.3622 -5.4138 -0.0000 -0.0000 11.3929 13.3016 -31.4851 -7.0391 -7.1250 0.0000 -0.0000 -10.3534 -1.7414 10.8397 0.0000 -0.0000 0.0000 89.9648 7.0766 55.5164 -18.8105 29.1825 -4.9381 0.0000 0.0000 17.2760 -0.0691 -47.0998 0.0506 7.1250 -0.0000 -0.0000 57.7575 -68.8682 -37.2585
7.9234 14.5181 0.5749 194.9940 -7.2957 182.2730 0.0000 0.0000 0.0000 -6.9585 -24.9320 -24.3652 10.1295 17.4820 59.9203 3.9430 -7.8685 -36.2319 0.4000 -4.0608 -11.2478 0.0000 0.0000 0.0000 20.9803 5.0446 5.1734 -4.0634 -12.2443 36.6017 1.0870 -18.2200 -9.3153 -0.0185 0.8779 -2.4130 -2.6645 4.9846 7.5404 -1.7600 6.2103 -3.4656 -1.2611 3.1006 -7.9663 -13.0371 -8.7102 -1.0785 14.7825 -11.4776 -7.4072 6.4250 -5.9309 -0.3376 -0.0000 -0.0000 0.0000 -77.5511 0.5261 16.3713 19.4881 -30.0207 -5.2728 -0.0000 -0.0000 12.1199 13.2831 -31.2135 -6.9750 -7.1250 0.0000 -0.0000 -10.3404 -1.4701 10.7776 -0.0000 -0.0000 0.0000 90.2348 6.8912 54.0634 -18.7890 29.1556 -4.9276 0.0000 0.0000 17.2591 0.8102 -47.0680 -0.5932 7.1250 -0.0000 -0.0000 58.4010 -68.5628 -37.4179
7.8530 14.5505 0.5530 194.8830 -6.8346 182.3220 0.0000 0.0000 0.0000 -7.6874 -24.7649 -23.5221 9.8601 17.3304 59.0198 3.9225 -6.1134 -36.3379 0.6898 -5.3097 -14.7940 0.0000 0.0000 0.0000 20.7978 5.5579 3.3717 -4.7024 -13.0406 39.5207 1.1159 -18.4979 -9.8459 -0.0078 -0.5704 1.5673 -2.8110 4.9804 7.5089 -1.7207 6.1975 -3.3222 -1.1256 3.1038 -7.8145 -13.2275 -8.6036 -1.2347 14.9249 -11.3303 -6.8462 6.4789 -5.8370 -0.1481 -0.0000 -0.0000 0.0000 -78.2470 0.1482 16.8471 18.9312 -29.3331 -4.9971 -0.0000 -0.0000 13.3285 12.9136 -31.2057 -6.7746 -7.1250 0.0000 -0.0000 -10.5495 -1.4059 10.9915 -0.0000 -0.0000 0.0000 90.0269 7.0833 52.9256 -18.8350 29.2131 -4.9500 0.0000 0.0000 17.1563 -1.1200 -46.6375 0.8143 7.1250 -0.0000 -0.0000 55.8854 -68.9630 -35.8926
7.7870 14.5997 0.5384 194.6200 -6.7312 182.5780 0.0000 0.0000 0.0000 -8.4573 -25.2612 -22.8816 9.5623 17.1562 58.0150 3.8026 -5.0766 -35.9017 0.5791 -4.8728 -13.5463 0.0000 0.0000 0.0000 20.6908 6.0404 1.1635 -5.4258 -13.8478 42.6313 1.1519 -19.0191 -11.5524 -0.1999 -2.8792 7.9427 -3.0491 4.9166 7.3156 -1.7346 6.0918 -3.2803 -0.9733 3.0633 -7.6814 -12.6900 -8.5573 -0.8496 14.3124 -11.3027 -6.7589 6.2270 -5.8229 -0.2632 -0.0000 0.0000 0.0000 -78.5641 0.4064 18.1874 18.8410 -29.2206 -4.9530 -0.0000 -0.0000 13.3713 12.5384 -31.1518 -6.5629 -7.1250 0.0000 -0.0000 -10.7582 -1.2966 11.1965 -0.0000 0.0000 0.0000 89.9897 7.0061 50.5407 -18.9807 29.3946 -5.0214 0.0000 0.0000 18.5931 2.0101 -46.4145 -1.4563 7.1250 -0.0000 -0.0000 58.0041 -67.8245 -36.2454
7.7206 14.6538 0.5024 194.4710 -6.4764 182.5150 0.0000 0.0000 0.0000 -9.3682 -25.7418 -21.6735 9.2672 16.9766 57.0098 3.7627 -4.2018 -35.8550 0.2925 -3.4777 -9.6117 0.0000 0.0000 0.0000 20.9551 6.6194 -0.7492 -6.2285 -14.6462 45.8921 1.1984 -19.4010 -11.8945 -0.3133 -3.5983 9.9492 -2.7331 4.8775 7.4239 -1.8122 6.0626 -3.2773 -1.2320 3.0310 -7.6967 -12.5533 -8.3862 -0.5317 14.0613 -11.0968 -6.6475 6.1524 -5.7172 -0.3349 0.0000 -0.0000 0.0000 -79.0735 0.9276 18.9120 19.0093 -29.4303 -5.0354 -0.0000 -0.0000 13.8662 12.4030 -31.5022 -6.5554 -7.1250 0.0000 -0.0000 -10.8634 -1.6218 11.3707 0.0000 -0.0000 0.0000 89.9411 6.8571 48.9932 -19.1494 29.6039 -5.1044 0.0000 0.0000 17.7679 0.0953 -46.7776 -0.0694 7.1250 -0.0000 -0.0000 57.1932 -68.6410 -36.5534
7.6651 14.6922 0.4772 193.9040 -6.5723 182.6460 0.0000 0.0000 0.0000 -10.6851 -26.7523 -20.5326 8.9497 16.7752 55.9159 3.6408 -2.4349 -35.6063 0.2306 -3.0911 -8.5324 0.0000 0.0000 0.0000 20.9393 7.0875 -3.3791 -7.2930 -15.5737 49.9739 1.1474 -19.1459 -12.3536 -0.3066 -3.5597 9.8412 -3.0282 4.7135 7.6409 -1.8958 5.7811 -3.4869 -1.1511 2.9001 -8.0683 -12.6791 -8.2440 -0.1761 14.1262 -10.9450 -6.1060 6.1987 -5.6321 -0.2438 -0.0000 0.0000 0.0000 -79.1441 1.9375 20.6759 19.2784 -29.7632 -5.1683 -0.0000 -0.0000 12.6404 12.3293 -31.1402 -6.4488 -7.1250 0.0000 -0.0000 -10.8761 -1.2541 11.3157 -0.0000 0.0000 0.0000 89.8068 6.2635 47.2261 -19.3712 29.8773 -5.2145 0.0000 0.0000 17.4839 0.5490 -46.7118 -0.3996 7.1250 -0.0000 -0.0000 57.4253 -68.4574 -36.5255
7.5836 14.7133 0.4778 193.6270 -6.8714 182.4400 0.0000 0.0000 0.0000 -11.8073 -27.9120 -19.4214 8.7302 16.6309 55.1524 3.5014 -1.2139 -35.1944 0.1748 -2.6933 -7.4261 0.0000 0.0000 0.0000 21.1912 7.0551 -6.1692 -8.4360 -16.4308 54.1185 1.0357 -18.3524 -12.2754 -0.3528 -3.8163 10.5605 -2.1902 4.4678 8.0910 -2.0816 5.5198 -3.3526 -1.7968 2.7233 -8.0772 -12.0526 -8.2322 0.1417 13.4444 -10.9447 -6.4093 5.9203 -5.6391 -0.4642 0.0000 -0.0000 0.0000 -79.3974 2.5196 20.9410 19.3986 -29.9109 -5.2281 -0.0000 -0.0000 13.0615 12.4868 -31.7272 -6.6425 -7.1250 0.0000 -0.0000 -10.8347 -1.8560 11.3829 0.0000 -0.0000 0.0000 89.5064 6.4312 45.6512 -19.3223 29.8172 -5.1901 0.0000 0.0000 18.1598 0.5866 -46.4455 -0.4251 7.1250 -0.0000 -0.0000 56.8941 -68.2998 -35.9293
7.5439 14.7707 0.4346 192.8040 -6.3424 182.5670 0.0000 0.0000 0.0000 -13.3606 -28.0872 -18.0194 8.3335 16.3592 53.7553 3.4112 -0.3438 -34.9671 0.0673 -1.6732 -4.6035 0.0000 0.0000 0.0000 21.3077 7.8736 -8.6977 -9.4770 -17.1051 57.7256 0.8858 -17.3656 -12.6875 -0.1822 -2.7492 7.5812 -2.9561 4.5107 7.9678 -2.2086 5.4676 -3.4294 -1.4958 2.7269 -8.1537 -11.7437 -8.0083 0.2061 13.2743 -10.6557 -6.0374 5.8242 -5.4886 -0.4302 0.0000 0.0000 0.0000 -79.6972 2.9606 20.7195 19.0731 -29.5093 -5.0668 -0.0000 -0.0000 13.4578 12.6273 -31.9092 -6.7532 -7.1250 0.0000 -0.0000 -10.7709 -2.0566 11.3501 0.0000 0.0000 0.0000 89.2463 6.2016 43.9874 -19.1864 29.6497 -5.1227 0.0000 0.0000 18.2061 -0.0875 -45.8944 0.0629 7.1250 -0.0000 -0.0000 55.1845 -68.2088 -34.5063
7.5208 14.8179 0.3920 192.7880 -5.8909 182.3140 0.0000 0.0000 0.0000 -13.8085 -27.5906 -16.7593 7.9653 16.0936 52.4374 3.3284 -0.0452 -34.6205 0.0734 -1.7472 -4.8076 0.0000 0.0000 0.0000 22.5759 8.6134 -10.9591 -10.3834 -17.6199 60.7621 0.7603 -16.6119 -13.3392 -0.1456 -2.4587 6.7750 -2.9806 4.5191 8.1829 -2.0529 5.4821 -3.4877 -1.3449 2.7407 -8.3597 -11.7397 -7.8655 0.4362 13.3310 -10.4810 -5.9993 5.8577 -5.4060 -0.4750 0.0000 -0.0000 0.0000 -79.7036 4.1290 21.3787 19.2883 -29.7753 -5.1732 -0.0000 -0.0000 12.8049 12.3855 -31.8469 -6.6095 -7.1250 0.0000 -0.0000 -10.9017 -1.9588 11.4750 0.0000 -0.0000 0.0000 89.0033 5.9124 42.0082 -19.1204 29.5680 -5.0901 0.0000 0.0000 18.2896 1.5963 -46.1830 -1.1519 7.1250 -0.0000 -0.0000 57.1886 -67.8303 -35.6173
7.4757 14.8812 0.3289 192.1350 -4.9056 182.1590 0.0000 0.0000 0.0000 -15.0599 -26.4483 -15.2466 7.4978 15.7371 50.7328 3.3119 -0.2639 -34.4688 0.0117 -0.6975 -1.9167 0.0000 0.0000 0.0000 22.9900 9.3679 -13.1556 -11.1181 -17.9924 63.1645 0.6166 -15.5974 -13.6800 -0.0677 -1.6790 4.6195 -3.2525 4.6065 8.1025 -2.1802 5.5505 -3.5055 -1.3341 2.7805 -8.3484 -11.8209 -7.6023 0.5683 13.6155 -10.1453 -5.7631 5.9689 -5.2426 -0.4480 0.0000 -0.0000 0.0000 -79.5863 5.1852 21.3748 19.3016 -29.7918 -5.1799 -0.0000 -0.0000 12.7402 12.2030 -31.8632 -6.5129 -7.1250 0.0000 -0.0000 -11.0059 -1.9475 11.5867 0.0000 -0.0000 0.0000 88.8564 5.5933 40.1120 -18.9191 29.3180 -4.9912 0.0000 0.0000 18.9968 1.1065 -45.2597 -0.7860 7.1250 -0.0000 -0.0000 54.9309 -67.4630 -33.4717
7.4576 14.9361 0.2676 191.8000 -4.0465 181.5220 0.0000 0.0000 0.0000 -15.6275 -24.2898 -13.9274 7.0647 15.3861 49.1184 3.2632 -1.1551 -33.9605 0.0461 -1.3863 -3.8123 0.0000 0.0000 0.0000 24.0051 9.8723 -15.0129 -11.6382 -18.2335 64.8372 0.4812 -14.8253 -14.5097 -0.0022 0.3052 -0.8387 -3.4625 4.6053 8.7179 -2.1662 5.4915 -3.5056 -1.2512 2.7588 -8.7293 -11.6416 -7.3051 0.7684 13.4618 -9.7632 -5.6248 5.9133 -5.0517 -0.5071 0.0000 0.0000 0.0000 -79.3482 6.5600 21.1926 19.2933 -29.7815 -5.1757 -0.0000 -0.0000 13.2910 12.6010 -31.4470 -6.6521 -7.1250 0.0000 -0.0000 -10.7468 -1.5970 11.2396 0.0000 0.0000 0.0000 88.8051 4.9184 38.1079 -19.0160 29.4385 -5.0387 0.0000 0.0000 19.1795 1.6814 -46.2929 -1.2156 7.1250 -0.0000 -0.0000 57.4838 -67.8635 -35.8851
7.4425 14.9990 0.1867 191.2430 -2.8386 181.0190 0.0000 0.0000 0.0000 -16.2895 -21.3634 -12.6714 6.5499 14.9409 47.1507 3.2899 -1.8729 -33.9174 0.2709 -3.3479 -9.2489 0.0000 0.0000 0.0000 24.7388 10.8244 -16.8550 -11.9742 -18.3797 65.9071 0.3614 -14.4450 -15.7957 -0.0703 1.7103 -4.7056 -3.9939 4.8305 8.6252 -2.3010 5.7148 -3.3336 -1.1197 2.8859 -8.5351 -11.3537 -6.9928 1.3537 13.7530 -9.3695 -6.0672 6.0089 -4.8959 -0.7788 0.0000 -0.0000 0.0000 -79.1675 6.8925 19.5863 18.7681 -29.1295 -4.9174 -0.0000 -0.0000 14.3072 11.7682 -31.6708 -6.2423 -7.1250 0.0000 -0.0000 -11.2355 -1.6941 11.7892 0.0000 -0.0000 0.0000 88.6207 4.7155 36.9852 -18.7502 29.1071 -4.9087 0.0000 0.0000 18.6438 0.1716 -46.0183 -0.1235 7.1250 -0.0000 -0.0000 55.6588 -68.1957 -34.8551
7.3895 15.0316 0.1245 190.5310 -3.2426 180.6830 0.0000 0.0000 0.0000 -17.1693 -19.8755 -11.7938 6.1037 14.5281 45.3965 3.1593 -2.8601 -32.9832 0.4021 -4.0712 -11.2772 0.0000 0.0000 0.0000 24.8593 10.4753 -19.4283 -12.1091 -18.4364 66.3342 0.1045 -13.7087 -18.2091 -0.0953 1.9906 -5.4797 -3.7667 4.3247 8.8301 -2.3695 5.0542 -3.1078 -1.2087 2.5480 -8.3667 -12.0576 -6.7183 0.9283 14.1014 -8.9905 -5.6226 6.2098 -4.6802 -0.5761 0.0000 0.0000 0.0000 -79.4721 7.3205 18.0991 18.4007 -28.6672 -4.7399 -0.0000 -0.0000 14.6448 11.9234 -31.5741 -6.3092 -7.1250 0.0000 -0.0000 -11.1403 -1.6218 11.6716 0.0000 0.0000 0.0000 87.8667 4.3637 35.6085 -18.8851 29.2757 -4.9746 0.0000 0.0000 18.5534 1.1208 -46.1150 -0.8079 7.1250 -0.0000 -0.0000 56.6541 -67.9449 -35.3359
7.3633 15.0969 0.0309 189.8600 -3.4251 180.2510 0.0000 0.0000 0.0000 -18.0513 -18.4332 -10.2341 5.5949 14.0239 43.3333 3.0720 -3.7476 -32.3216 0.3947 -4.0338 -11.1718 0.0000 0.0000 0.0000 25.2238 10.3492 -21.4460 -11.8317 -18.3186 65.4545 -0.1126 -13.1225 -19.9669 -0.0503 1.4480 -3.9824 -3.9132 4.0639 9.0605 -2.5225 4.6507 -3.0678 -1.2378 2.3486 -8.4509 -11.9025 -6.6845 0.9664 13.7436 -8.9669 -5.0809 6.0620 -4.6490 -0.4549 -0.0000 -0.0000 0.0000 -79.1895 8.5627 17.3356 18.5910 -28.9073 -4.8315 -0.0000 -0.0000 14.5810 11.4069 -30.6494 -5.8725 -7.1250 0.0000 -0.0000 -11.3644 -0.6382 11.7223 -0.0000 -0.0000 0.0000 87.5966 3.0395 33.6716 -19.2782 29.7628 -5.1682 0.0000 0.0000 18.7288 1.6029 -46.1662 -1.1564 7.1250 -0.0000 -0.0000 57.1600 -67.8189 -35.5820
7.3218 15.1315 -0.0798 188.7890 -2.2877 179.8100 0.0000 0.0000 0.0000 -19.5343 -16.1446 -8.6979 5.1149 13.5120 41.3168 3.0817 -4.0359 -32.3197 0.5264 -4.6494 -12.9112 0.0000 0.0000 0.0000 24.9795 11.1252 -23.4786 -11.3857 -18.1187 64.0277 -0.2302 -12.8637 -20.9040 -0.0695 1.7005 -4.6787 -4.4159 4.2408 9.1217 -2.7608 4.7778 -3.0538 -1.2380 2.4185 -8.4995 -11.8574 -6.5207 0.9685 13.6021 -8.7582 -4.7663 6.0098 -4.5347 -0.4004 0.0000 -0.0000 0.0000 -79.6193 8.6903 13.9825 17.9626 -28.1092 -4.5316 -0.0000 -0.0000 16.2107 10.3703 -31.3890 -5.4446 -7.1250 0.0000 -0.0000 -12.0038 -1.2204 12.5328 0.0000 -0.0000 0.0000 86.9566 1.5894 31.9170 -19.7448 30.3337 -5.4019 0.0000 0.0000 18.8365 1.3303 -45.9947 -0.9570 7.1250 -0.0000 -0.0000 56.5844 -67.8108 -35.1279
7.2814 15.1819 -0.2081 187.8590 -2.9451 179.0950 0.0000 0.0000 0.0000 -20.7974 -14.7986 -6.5224 4.5597 12.8701 38.8841 2.9396 -4.9222 -31.3776 0.6811 -5.2769 -14.6999 0.0000 0.0000 0.0000 24.9391 10.1886 -25.1565 -10.4936 -17.6782 61.1258 -0.5152 -12.1769 -22.8970 -0.0223 0.9639 -2.6495 -4.5066 3.8996 9.5511 -2.9821 4.2570 -2.7867 -1.3487 2.1527 -8.4391 -12.1469 -6.3726 0.3133 13.7835 -8.5444 -3.9714 6.0742 -4.3961 -0.0674 0.0000 -0.0000 0.0000 -79.5384 8.7332 12.2064 17.7720 -27.8643 -4.4422 -0.0000 -0.0000 16.2362 8.9176 -30.2381 -4.5181 -7.1250 0.0000 -0.0000 -12.7600 0.0937 13.0675 0.0000 -0.0000 0.0000 86.2339 0.6402 29.8680 -19.7392 30.3269 -5.3991 0.0000 0.0000 18.5917 1.4989 -46.1914 -1.0818 7.1250 -0.0000 -0.0000 57.1252 -67.8662 -35.6097
7.2597 15.2449 -0.3349 187.0410 -3.2092 179.0600 0.0000 0.0000 0.0000 -21.3351 -12.5681 -5.4081 4.0219 12.1895 36.4058 2.8717 -6.1461 -30.8223 1.0990 -6.6613 -18.7159 0.0000 0.0000 0.0000 24.8709 10.3511 -27.0795 -9.2250 -16.9503 56.8649 -0.6034 -12.0334 -23.5401 -0.0940 1.9771 -5.4423 -4.9960 3.6358 9.3434 -3.2491 3.7966 -2.9559 -1.2753 1.9356 -8.5136 -11.7688 -6.2381 0.8061 13.6606 -8.4190 -3.7239 5.9925 -4.3462 -0.1158 -0.0000 0.0000 0.0000 -79.1997 8.2667 8.9704 16.7951 -26.5869 -3.9952 -0.0000 -0.0000 18.1182 8.1312 -30.3689 -4.1315 -7.1250 0.0000 -0.0000 -13.2145 0.0622 13.5661 -0.0000 0.0000 0.0000 85.8811 -0.8745 27.4571 -19.5505 30.0970 -5.3041 0.0000 0.0000 19.1476 1.7032 -45.7636 -1.2205 7.1250 -0.0000 -0.0000 56.4326 -67.5626 -34.7251
7.2531 15.2957 -0.4996 186.2010 -3.3588 178.8940 0.0000 0.0000 0.0000 -21.7637 -10.1261 -4.1273 3.4971 11.4593 33.8451 2.7070 -8.5342 -29.6825 1.1324 -6.7587 -19.0023 0.0000 0.0000 0.0000 24.6766 10.9572 -27.8338 -7.6516 -15.8569 51.2979 -0.7152 -11.7027 -24.1771 -0.2213 3.0285 -8.3580 -5.6977 3.4691 9.1675 -3.4034 3.4652 -2.8669 -0.9767 1.7930 -8.3482 -12.5472 -6.0054 0.5968 14.5094 -8.1188 -3.5144 6.3802 -4.1963 0.0138 0.0000 0.0000 0.0000 -78.9188 7.2606 6.7959 16.3395 -25.9788 -3.7935 -0.0000 -0.0000 20.0351 7.1094 -29.6851 -3.5345 -7.1250 0.0000 -0.0000 -13.7685 0.8453 13.9755 0.0000 0.0000 0.0000 85.2275 -1.7311 24.8917 -19.0170 29.4398 -5.0392 0.0000 0.0000 19.6249 1.5945 -45.6576 -1.1405 7.1250 -0.0000 -0.0000 56.1301 -67.5372 -34.4648
7.2462 15.3684 -0.6706 184.9370 -3.7597 178.8640 0.0000 0.0000 0.0000 -22.8819 -8.2898 -2.2027 2.8521 10.4516 30.4520 2.4403 -8.8362 -28.1140 1.7125 -8.2397 -23.4444 0.0000 0.0000 0.0000 23.3692 11.9906 -28.5362 -6.0282 -14.4556 45.0949 -0.8629 -10.7601 -24.5316 -0.1030 2.0692 -5.6969 -6.7199 3.2303 8.8728 -3.7309 2.9737 -2.8201 -0.6546 1.5716 -8.1600 -12.4981 -6.0394 0.1930 14.1168 -8.1499 -2.9509 6.2219 -4.1813 0.2268 0.0000 -0.0000 0.0000 -78.1884 6.4566 5.9915 16.3688 -26.0181 -3.8063 -0.0000 -0.0000 20.3524 6.8303 -30.1023 -3.4379 -7.1250 0.0000 -0.0000 -13.9433 0.4717 14.2580 0.0000 -0.0000 0.0000 84.5460 -2.7459 22.4106 -18.5295 28.8298 -4.8018 0.0000 0.0000 19.8559 3.0224 -46.6802 -2.1998 7.1250 -0.0000 -0.0000 59.3734 -67.6427 -37.1074
7.2293 15.4226 -0.8447 184.1380 -4.3084 178.7770 0.0000 0.0000 0.0000 -23.9748 -7.9894 0.3126 2.3025 9.4696 27.2757 2.1297 -8.7333 -26.2090 1.2280 -7.0281 -19.7987 0.0000 0.0000 0.0000 22.2326 13.1149 -28.4393 -4.4182 -12.6971 38.2449 -0.8072 -10.9047 -24.1996 -0.1125 2.1624 -5.9546 -6.8890 2.9422 9.0489 -4.0003 2.4881 -2.9529 -0.7807 1.3279 -8.3850 -12.7580 -5.9465 0.4309 14.0494 -8.0472 -2.8322 6.2533 -4.1276 0.2153 0.0000 -0.0000 0.0000 -77.3558 5.8985 5.9358 16.7458 -26.5215 -3.9732 -0.0000 -0.0000 19.8513 7.3718 -30.1047 -3.7129 -7.1250 0.0000 -0.0000 -13.6351 0.4080 13.9392 0.0000 -0.0000 0.0000 83.9305 -3.7499 19.2257 -17.6154 27.6619 -4.3692 0.0000 0.0000 21.0459 3.0840 -46.6411 -2.2433 7.1250 -0.0000 -0.0000 59.3433 -67.6024 -37.0356
7.2153 15.4661 -1.0396 183.8680 -5.3058 178.6150 0.0000 0.0000 0.0000 -24.9744 -9.3286 3.6450 1.8366 8.5171 24.2960 2.0678 -6.5598 -25.9141 1.3238 -7.2867 -20.5675 0.0000 0.0000 0.0000 21.1578 15.0683 -27.4224 -3.0306 -10.7444 31.4225 -0.4979 -13.1848 -23.8278 -0.1692 2.6496 -7.3048 -6.6231 2.6752 8.8276 -4.0269 2.1933 -2.8990 -0.8924 1.1691 -8.1698 -12.7491 -6.0988 -0.0013 13.5722 -8.2517 -1.8491 6.0603 -4.1932 0.5760 -0.0000 0.0000 0.0000 -76.7507 4.8765 7.0084 17.3191 -27.2765 -4.2325 -0.0000 -0.0000 18.6412 8.0922 -30.1295 -4.0822 -7.1250 0.0000 -0.0000 -13.2255 0.2999 13.5220 -0.0000 0.0000 0.0000 83.0291 -4.9910 15.8080 -16.9741 26.8236 -4.0756 0.0000 0.0000 21.9796 3.5256 -47.0372 -2.5815 7.1250 -0.0000 -0.0000 60.5123 -67.6677 -38.0440
7.2007 15.4961 -1.2503 183.3120 -5.8518 178.5330 0.0000 0.0000 0.0000 -26.7299 -11.2831 7.5827 1.3884 7.4550 21.0706 1.9874 -3.0192 -25.8924 1.3390 -7.3268 -20.6872 0.0000 0.0000 0.0000 19.1106 18.8058 -25.8938 -2.0605 -8.9909 25.7669 -0.5225 -15.5794 -26.7051 -0.0006 0.1608 -0.4417 -6.8038 2.7017 8.5213 -4.0524 2.2242 -2.9740 -0.8129 1.1895 -8.0830 -12.5554 -6.1576 0.3300 12.9975 -8.3553 -1.6331 5.8545 -4.2416 0.5624 0.0000 0.0000 0.0000 -76.5316 3.8905 8.3067 17.9111 -28.0432 -4.5074 -0.0000 -0.0000 16.0116 9.8839 -30.9279 -5.1173 -7.1250 0.0000 -0.0000 -12.2493 -0.7040 12.6911 0.0000 0.0000 0.0000 81.9726 -6.3046 12.1982 -16.2896 25.9117 -3.7716 0.0000 0.0000 22.7128 2.5125 -47.0330 -1.8391 7.1250 -0.0000 -0.0000 59.6954 -67.9914 -37.7783
7.1970 15.4951 -1.4673 183.3950 -6.1943 178.4240 0.0000 0.0000 0.0000 -27.7916 -13.1439 10.9889 1.1129 6.7020 18.8353 1.9227 -0.4482 -26.1158 1.1294 -6.7499 -18.9765 0.0000 0.0000 0.0000 17.6021 23.0968 -24.2228 -1.3558 -7.3706 20.8182 -0.0874 -20.0547 -28.9899 -0.0860 -1.8916 5.2063 -6.3736 2.7409 8.6030 -3.9726 2.3234 -3.2191 -0.9983 1.2319 -8.3808 -12.7734 -6.1909 0.4150 13.1865 -8.4535 -1.0366 5.9358 -4.2890 0.7526 0.0000 -0.0000 0.0000 -76.2113 3.1084 9.8627 18.7612 -29.1209 -4.9141 -0.0000 -0.0000 13.5736 10.8914 -30.2768 -5.5410 -7.1250 0.0000 -0.0000 -11.6338 -0.2008 11.9226 0.0000 -0.0000 0.0000 81.3458 -8.1089 8.9017 -16.3162 25.9476 -3.7833 0.0000 0.0000 23.2575 1.9644 -47.0385 -1.4378 7.1250 -0.0000 -0.0000 59.2678 -68.1716 -37.6504
7.1986 15.4921 -1.7031 183.1980 -6.7900 178.4120 0.0000 0.0000 0.0000 -28.4367 -13.4994 13.6808 0.8557 5.8994 16.4929 1.8361 0.5523 -25.8440 1.0857 -6.6225 -18.6016 0.0000 0.0000 0.0000 16.7244 24.9869 -23.3392 -0.9615 -6.2435 17.4925 0.9794 -24.9603 -28.6537 -0.0057 0.4880 -1.3409 -6.5094 2.5612 8.2145 -3.8317 2.1253 -3.2211 -0.7228 1.1484 -8.1605 -12.9382 -6.1652 0.2581 13.3178 -8.4172 -0.8792 5.9962 -4.2656 0.8325 0.0000 0.0000 0.0000 -76.3131 2.5607 10.4722 19.8600 -30.4733 -5.4601 -0.0000 -0.0000 11.1924 12.4994 -31.5218 -6.6112 -7.1250 0.0000 -0.0000 -10.8105 -1.6555 11.3195 0.0000 0.0000 0.0000 80.7127 -9.2682 5.9512 -16.5514 26.2625 -3.8867 0.0000 0.0000 23.4562 1.8880 -47.1575 -1.3846 7.1250 -0.0000 -0.0000 59.4595 -68.2584 -37.9058
7.2153 15.4853 -1.9482 182.7880 -7.1184 178.3910 0.0000 0.0000 0.0000 -28.9113 -13.1433 16.4740 0.5692 4.8320 13.4299 1.7234 0.2380 -24.9317 0.7043 -5.3641 -14.9500 0.0000 0.0000 0.0000 15.8953 26.7021 -23.0577 -0.8513 -5.8846 16.4501 1.2941 -26.7700 -29.6190 -0.0083 0.5884 -1.6169 -6.8884 2.4207 7.9067 -3.8338 1.9254 -3.1117 -0.4654 1.0611 -7.8723 -13.2358 -6.2133 -0.1303 13.5183 -8.4637 -0.6079 6.0857 -4.2758 1.0038 0.0000 0.0000 0.0000 -76.4709 1.0972 9.6678 19.7508 -30.3409 -5.4049 -0.0000 -0.0000 9.8259 13.8057 -31.3916 -7.2940 -7.1250 0.0000 -0.0000 -10.0594 -1.7276 10.5197 0.0000 0.0000 0.0000 80.3427 -10.0470 3.9453 -16.8188 26.6183 -4.0058 0.0000 0.0000 22.8672 2.0167 -46.8043 -1.4705 7.1250 -0.0000 -0.0000 58.8168 -68.0313 -37.1273
7.2283 15.4513 -2.1988 182.2410 -7.6258 178.4920 0.0000 0.0000 0.0000 -29.4757 -12.6694 18.3477 0.4327 4.2212 11.6997 1.5982 -0.0275 -23.9181 0.3104 -3.5816 -9.9025 0.0000 0.0000 0.0000 15.0118 28.1098 -22.7486 -0.8336 -5.8246 16.2764 1.1134 -27.1365 -31.5837 -0.0323 -1.1604 3.1904 -7.2017 2.2036 7.7470 -3.9328 1.5898 -3.1465 -0.3403 0.9023 -7.8124 -13.1719 -6.2471 -0.5934 12.9735 -8.4634 -0.1124 5.8814 -4.2516 1.1957 -0.0000 0.0000 0.0000 -77.0456 -0.3757 7.5223 18.9325 -29.3347 -4.9977 -0.0000 -0.0000 10.8229 15.7100 -30.7778 -8.1904 -7.1250 0.0000 -0.0000 -8.9162 -1.4267 9.2471 -0.0000 0.0000 0.0000 80.2544 -11.1169 2.5721 -17.3725 27.3463 -4.2571 0.0000 0.0000 21.9413 2.4705 -46.9120 -1.8048 7.1250 -0.0000 -0.0000 59.4083 -67.9417 -37.4906
7.2474 15.4134 -2.4700 182.1060 -8.6088 178.5140 0.0000 0.0000 0.0000 -29.5512 -12.4485 19.3232 0.4486 4.2973 11.9145 1.5633 -0.2971 -23.5663 0.4144 -4.1324 -11.4494 0.0000 0.0000 0.0000 15.6775 27.2852 -22.0086 -0.7896 -5.6724 15.8369 1.7188 -28.8629 -30.6286 -0.0048 -0.4464 1.2266 -7.2078 1.8266 7.6318 -3.9001 1.1013 -3.1656 -0.2260 0.6657 -7.7413 -13.0963 -6.2854 -1.2003 12.5167 -8.4715 0.6061 5.6946 -4.2310 1.4814 0.0000 -0.0000 0.0000 -78.2260 -2.2626 3.9192 17.4014 -27.3839 -4.2703 -0.0000 -0.0000 14.8515 17.7125 -30.2687 -9.1453 -7.1250 0.0000 -0.0000 -7.7133 -1.2624 7.9532 0.0000 -0.0000 0.0000 80.0396 -12.1002 1.9579 -17.6225 27.6711 -4.3725 0.0000 0.0000 20.8654 4.8991 -47.9226 -3.6403 7.1250 -0.0000 -0.0000 63.4343 -67.6662 -40.4199
7.2736 15.3699 -2.7756 181.9190 -9.4894 178.6490 0.0000 0.0000 0.0000 -29.5603 -12.2239 20.0159 0.4979 4.5236 12.5546 1.6164 -1.3254 -23.6617 0.2806 -3.4072 -9.4145 0.0000 0.0000 0.0000 16.5691 26.2525 -20.6371 -0.7398 -5.4947 15.3252 1.3123 -28.2342 -32.2299 -0.1165 -2.2009 6.0612 -7.4862 1.5966 7.2153 -3.8620 0.8028 -3.2305 0.0214 0.5302 -7.5620 -13.1906 -6.4985 -2.5669 12.2392 -8.6901 2.1906 5.5424 -4.2954 2.1895 -0.0000 -0.0000 0.0000 -79.8108 -3.9073 1.3710 16.1156 -25.6771 -3.6959 -0.0000 -0.0000 20.1137 18.7792 -29.9872 -9.6450 -7.1250 0.0000 -0.0000 -7.0661 -1.1716 7.2641 -0.0000 -0.0000 0.0000 79.7688 -12.8937 0.7805 -17.6003 27.6423 -4.3622 0.0000 0.0000 20.4013 3.9971 -45.9593 -2.8756 7.1250 -0.0000 -0.0000 58.7254 -66.9482 -35.7685
7.3115 15.3210 -3.1184 181.4670 -10.6056 179.2230 0.0000 0.0000 0.0000 -29.3991 -11.9508 20.3727 0.5406 4.7109 13.0858 1.6001 -2.5414 -23.2371 0.4951 -4.5115 -12.5202 0.0000 0.0000 0.0000 17.6630 24.2229 -19.8711 -0.7678 -5.5954 15.6148 0.7978 -27.2099 -33.7347 -0.3873 -3.9965 11.0669 -8.2341 1.4067 6.3299 -3.9618 0.5118 -3.4907 0.3829 0.4051 -7.3312 -13.1883 -6.5116 -1.9468 12.3647 -8.7903 2.1497 5.5967 -4.3645 2.0939 0.0000 0.0000 0.0000 -81.1266 -3.6889 3.9424 16.1053 -25.6632 -3.6915 -0.0000 -0.0000 21.1064 18.5256 -28.2239 -9.0049 -7.1250 0.0000 -0.0000 -7.0197 0.6614 6.9911 0.0000 0.0000 0.0000 79.8221 -13.9634 -1.1642 -17.4807 27.4871 -4.3069 0.0000 0.0000 20.7931 5.5004 -46.1499 -3.9725 7.1250 -0.0000 -0.0000 60.3220 -66.5812 -36.5691
7.3524 15.2977 -3.4855 180.9760 -11.6813 179.9060 0.0000 0.0000 0.0000 -28.9844 -11.5305 21.4213 0.4581 4.3417 12.0399 1.4453 -3.9297 -21.7852 0.5302 -4.6661 -12.9586 0.0000 0.0000 0.0000 18.7554 22.6784 -19.3668 -0.9865 -6.3220 17.7215 -0.3301 -24.3522 -36.1129 -0.8951 -6.0301 16.8719 -8.9349 1.1414 5.5602 -4.1397 0.0983 -3.8108 0.6399 0.2140 -7.2179 -13.3432 -6.7609 -3.2984 12.2718 -9.0792 3.7940 5.5078 -4.4676 2.8409 0.0000 -0.0000 0.0000 -82.1019 -3.4071 7.8275 15.9870 -25.5030 -3.6404 -0.0000 -0.0000 20.7670 15.9348 -28.8802 -7.8515 -7.1250 0.0000 -0.0000 -8.6051 0.4348 8.6378 0.0000 -0.0000 0.0000 79.7674 -15.0041 -3.4912 -17.0629 26.9407 -4.1158 0.0000 0.0000 21.6537 6.7048 -45.1987 -4.7682 7.1250 -0.0000 -0.0000 59.5192 -65.7000 -34.8551
7.3941 15.2344 -3.8764 180.7830 -12.9863 180.2760 0.0000 0.0000 0.0000 -28.2359 -11.1252 22.4370 0.4489 4.2988 11.9187 1.2833 -5.8333 -20.2849 0.6801 -5.2730 -14.6888 0.0000 0.0000 0.0000 20.1750 21.5894 -17.5573 -1.0596 -6.5449 18.3740 0.0399 -25.0960 -35.0418 -0.5982 -4.9511 13.7692 -9.1239 0.9086 5.2412 -4.3095 -0.2652 -4.1269 0.6057 0.0361 -7.3529 -13.4636 -6.7959 -3.1530 12.4862 -9.1783 4.0121 5.5898 -4.5215 2.9101 0.0000 -0.0000 0.0000 -82.6625 -2.9237 12.4627 16.0760 -25.6236 -3.6788 -0.0000 -0.0000 21.0913 9.3123 -32.1085 -4.9812 -7.1250 0.0000 -0.0000 -12.6457 -1.7815 13.3584 0.0000 -0.0000 0.0000 79.0304 -15.8788 -5.7109 -16.4676 26.1505 -3.8497 0.0000 0.0000 22.2471 10.0848 -44.7899 -7.1419 7.1250 -0.0000 -0.0000 61.5613 -64.4706 -34.8549
7.4507 15.2761 -4.2927 181.3640 -14.4553 180.8200 0.0000 0.0000 0.0000 -26.6981 -11.6588 24.1615 0.3354 3.7216 10.2948 0.9499 -6.9588 -17.3992 0.2703 -3.3442 -9.2386 0.0000 0.0000 0.0000 20.3015 26.8982 -15.3259 -0.9923 -6.3399 17.7739 0.7216 -29.0866 -37.1286 -1.9677 -8.7985 25.1671 -8.7630 0.7242 4.8412 -4.2415 -0.4549 -4.4467 0.4978 -0.0638 -7.4463 -13.8723 -7.1052 -3.3382 12.9018 -9.5870 4.0178 5.7490 -4.7174 3.0378 -0.0000 -0.0000 0.0000 -83.3038 -3.4195 16.1519 15.9256 -25.4197 -3.6140 -0.0000 -0.0000 23.2724 2.0286 -34.1351 -1.1386 -7.1250 0.0000 -0.0000 -16.7244 -2.9182 18.3373 -0.0000 -0.0000 0.0000 77.9444 -16.6984 -8.0053 -15.8749 25.3507 -3.5922 0.0000 0.0000 23.0457 11.1796 -44.7134 -7.9161 7.1250 -0.0000 -0.0000 62.3183 -64.1095 -34.9624
7.5043 15.3230 -4.6983 182.2990 -15.3255 181.3130 0.0000 0.0000 0.0000 -25.0729 -12.2594 25.0139 0.3276 3.6787 10.1746 0.7229 -6.5409 -15.1823 0.2946 -3.4903 -9.6469 0.0000 0.0000 0.0000 22.1520 24.9241 -15.5628 -1.0096 -6.3933 17.9300 1.8535 -29.6476 -31.2821 -2.7416 -10.2645 29.8375 -8.3000 0.5692 4.3054 -4.0614 -0.5333 -4.5285 0.4424 -0.1178 -7.2075 -13.5349 -7.3373 -3.7180 13.0616 -9.8559 3.5579 5.7156 -4.8354 2.9937 -0.0000 0.0000 0.0000 -83.6690 -3.7593 19.8334 16.3026 -25.9292 -3.7773 -0.0000 -0.0000 23.4511 -0.5645 -33.8408 0.3143 -7.1250 0.0000 -0.0000 -18.1008 -2.4202 19.8499 -0.0000 0.0000 0.0000 76.9847 -16.6635 -10.8944 -15.6956 25.1062 -3.5158 0.0000 0.0000 25.2977 11.1279 -44.5342 -7.8544 7.1250 -0.0000 -0.0000 61.9723 -64.0290 -34.5889
7.5771 15.3713 -5.0988 182.5000 -15.7805 181.6480 0.0000 0.0000 0.0000 -24.3472 -12.7188 26.1016 0.3219 3.6471 10.0859 0.5018 -5.9919 -12.6743 0.0080 -0.5772 -1.5862 0.0000 0.0000 0.0000 23.4546 22.5772 -15.9350 -1.1240 -6.7343 18.9307 2.5417 -29.7237 -25.6963 -1.7145 -8.2443 23.4585 -8.7055 0.5366 4.3458 -4.1439 -0.6574 -4.6844 0.5899 -0.1613 -7.3982 -13.8918 -7.3741 -3.6729 14.0721 -9.9627 3.2363 6.0867 -4.8874 2.9794 0.0000 0.0000 0.0000 -83.0867 -3.3342 22.8123 16.7385 -26.5117 -3.9699 -0.0000 -0.0000 22.5773 -0.2978 -34.0166 0.1666 -7.1250 0.0000 -0.0000 -17.9611 -2.6079 19.7379 0.0000 0.0000 0.0000 76.0691 -17.0757 -11.2352 -16.5400 26.2474 -3.8817 0.0000 0.0000 23.4234 12.2174 -47.8108 -9.1143 7.1250 -0.0000 -0.0000 68.6997 -65.3125 -41.7870
7.6500 15.4123 -5.5126 182.2570 -16.5468 182.0670 0.0000 0.0000 0.0000 -23.8663 -13.1276 27.2951 0.2872 3.4464 9.5240 0.2316 -5.4226 -8.8034 0.3295 3.6895 10.2047 0.0000 0.0000 0.0000 24.1725 20.7128 -16.1086 -1.2721 -7.1486 20.1563 2.3270 -27.9386 -22.6900 -2.0526 -8.9748 25.7164 -9.4310 0.2596 4.3131 -4.3020 -1.1218 -4.6630 0.8724 -0.3717 -7.3285 -13.9764 -7.6262 -4.5675 14.3862 -10.2782 3.7891 6.1343 -5.0072 3.3589 -0.0000 -0.0000 0.0000 -82.3202 -3.3473 24.8346 16.9917 -26.8469 -4.0836 -0.0000 -0.0000 21.9768 2.3535 -34.7184 -1.3409 -7.1250 0.0000 -0.0000 -16.5687 -3.5066 18.3148 -0.0000 -0.0000 0.0000 74.7203 -17.1667 -10.3531 -17.6333 27.6851 -4.3775 0.0000 0.0000 21.0088 10.5100 -46.5882 -7.6754 7.1250 -0.0000 -0.0000 65.1158 -65.2641 -38.7227
7.7295 15.4605 -5.9493 182.3210 -17.5194 182.3980 0.0000 0.0000 0.0000 -22.9335 -13.7708 27.6582 0.3308 3.6965 10.2245 0.0638 -4.4035 -5.0841 0.6721 5.2424 14.6013 0.0000 0.0000 0.0000 25.3420 19.2205 -15.5290 -1.3073 -7.2429 20.4370 2.2913 -27.2116 -20.7103 -2.8518 -10.4512 30.4507 -9.8721 -0.0399 4.1101 -4.3925 -1.5517 -4.6343 1.0621 -0.5781 -7.1448 -13.9181 -7.7983 -4.9161 14.6701 -10.5160 3.8315 6.1801 -5.1104 3.4779 -0.0000 0.0000 0.0000 -81.3750 -3.5959 26.0347 16.9630 -26.8090 -4.0706 -0.0000 -0.0000 21.9147 4.4525 -34.6036 -2.5320 -7.1250 0.0000 -0.0000 -15.4439 -3.6107 16.9993 -0.0000 0.0000 0.0000 73.5500 -17.6087 -9.5517 -19.2526 29.7314 -5.1555 0.0000 0.0000 17.4535 9.7957 -44.8742 -6.9453 7.1250 -0.0000 -0.0000 61.4721 -64.6008 -34.9562
7.7985 15.4779 -6.3799 182.4720 -18.2897 182.8190 0.0000 0.0000 0.0000 -21.9001 -14.4222 27.7852 0.3902 4.0110 11.1077 -0.0106 -2.6920 -1.1229 2.0444 8.9580 25.6640 0.0000 0.0000 0.0000 26.6157 18.3803 -15.0208 -1.3802 -7.4340 21.0077 2.2757 -26.8644 -19.6529 -3.1325 -10.9065 31.9653 -9.9828 -0.2703 3.9710 -4.4247 -1.8872 -4.8083 1.1193 -0.7385 -7.2244 -14.1555 -7.9095 -5.1478 14.8554 -10.6773 4.2065 6.2502 -5.1781 3.6751 -0.0000 0.0000 0.0000 -80.1999 -3.4754 27.9832 17.2665 -27.2078 -4.2085 -0.0000 -0.0000 20.6621 5.4920 -34.5149 -3.1183 -7.1250 0.0000 -0.0000 -14.8814 -3.6413 16.3432 -0.0000 0.0000 0.0000 72.1341 -18.6731 -8.2483 -21.6272 32.5531 -6.3841 0.0000 0.0000 12.8537 10.8603 -46.1617 -7.8786 7.1250 -0.0000 -0.0000 64.6075 -64.9483 -37.8896
7.8592 15.4963 -6.7930 182.7230 -18.7196 183.2250 0.0000 0.0000 0.0000 -20.7407 -14.7503 26.9476 0.5407 4.7114 13.0873 0.0003 -1.2127 1.7699 3.0713 10.8096 31.6404 0.0000 0.0000 0.0000 27.9735 17.7273 -14.4681 -1.4260 -7.5512 21.3589 2.3611 -26.9374 -18.4340 -2.4010 -9.6556 27.8684 -9.7599 -0.4409 3.7564 -4.5127 -2.0980 -4.8995 0.9212 -0.8619 -7.1866 -14.0736 -8.0061 -5.4475 14.9093 -10.8211 4.5156 6.2266 -5.2346 3.8371 0.0000 -0.0000 0.0000 -78.9277 -3.4026 29.3721 17.6676 -27.7295 -4.3935 -0.0000 -0.0000 19.7517 7.0693 -34.2443 -3.9919 -7.1250 0.0000 -0.0000 -14.0143 -3.5683 15.3130 0.0000 -0.0000 0.0000 70.9258 -18.4634 -8.9622 -22.9428 34.0262 -7.1062 0.0000 0.0000 11.6387 11.3197 -47.2596 -8.3635 7.1250 -0.0000 -0.0000 66.9878 -65.3370 -40.3696
7.9146 15.5033 -7.1688 182.6330 -18.6725 183.4620 0.0000 0.0000 0.0000 -19.8067 -14.3576 25.7555 0.7444 5.5115 15.3734 0.0767 0.0493 5.2136 3.3669 11.2666 33.1843 0.0000 0.0000 0.0000 28.9168 16.7562 -14.1108 -1.5380 -7.8289 22.1956 2.0946 -25.7416 -18.3530 -2.4096 -9.6716 27.9198 -9.5814 -0.3961 4.1480 -4.7247 -2.1250 -4.9912 0.6092 -0.8850 -7.5271 -14.8052 -7.7667 -4.5552 16.2739 -10.5996 3.4879 6.8448 -5.1648 3.4731 0.0000 -0.0000 0.0000 -77.8470 -3.1053 29.2981 17.9954 -28.1513 -4.5471 -0.0000 -0.0000 19.3021 8.3334 -34.5265 -4.7460 -7.1250 0.0000 -0.0000 -13.3479 -4.0036 14.6387 0.0000 -0.0000 0.0000 69.8007 -18.2266 -9.6640 -23.9993 35.1635 -7.7062 0.0000 0.0000 11.3722 9.9046 -46.9126 -7.2671 7.1250 -0.0000 -0.0000 65.2549 -65.6062 -39.2893
7.9642 15.5205 -7.5327 181.9120 -18.3335 183.9860 0.0000 0.0000 0.0000 -19.5869 -13.9047 24.4000 0.9727 6.2789 17.5957 0.2356 0.7529 8.9314 1.3442 7.3404 20.7277 0.0000 0.0000 0.0000 29.1307 16.1196 -13.6272 -1.6416 -8.0758 22.9446 1.8718 -24.7023 -18.3428 -2.1687 -9.2091 26.4515 -10.0784 -0.3890 4.2004 -5.0673 -2.2374 -4.9733 0.5327 -0.9460 -7.5430 -14.4809 -8.1956 -6.0040 15.5691 -11.1124 5.0157 6.4496 -5.3475 4.1875 -0.0000 -0.0000 0.0000 -76.8615 -2.4098 28.1007 18.7608 -29.1204 -4.9139 -0.0000 -0.0000 17.8892 9.0920 -34.3575 -5.1607 -7.1250 0.0000 -0.0000 -12.9239 -3.9416 14.1359 -0.0000 -0.0000 0.0000 68.4768 -17.3774 -9.5769 -24.6038 35.7963 -8.0570 0.0000 0.0000 11.1417 8.2030 -46.4432 -5.9640 7.1250 -0.0000 -0.0000 63.0417 -65.8971 -37.8690
8.0124 15.5406 -7.8720 181.2550 -17.8708 184.4760 0.0000 0.0000 0.0000 -18.7133 -12.4096 21.8907 1.3268 7.2945 20.5909 0.4569 0.1083 12.7337 0.5916 4.9244 13.6931 0.0000 0.0000 0.0000 29.4152 15.5675 -12.8061 -1.6678 -8.1369 23.1306 1.6521 -23.7786 -18.8421 -2.1876 -9.2463 26.5690 -10.5858 -0.4008 4.1309 -5.3534 -2.3617 -5.0008 0.5191 -1.0116 -7.5339 -14.3095 -8.1263 -6.0375 15.3743 -11.0288 5.2266 6.3654 -5.3043 4.2210 0.0000 0.0000 0.0000 -76.2271 -1.4608 25.3069 19.5663 -30.1163 -5.3120 -0.0000 -0.0000 16.3190 8.3851 -34.0883 -4.7227 -7.1250 0.0000 -0.0000 -13.2892 -3.5852 14.4793 0.0000 0.0000 0.0000 66.9949 -16.6350 -9.1249 -25.0743 36.2798 -8.3338 0.0000 0.0000 10.8392 10.9639 -47.6970 -8.1538 7.1250 -0.0000 -0.0000 67.5523 -65.6476 -41.2621
8.0612 15.5627 -8.1813 180.9470 -17.5171 184.9280 0.0000 0.0000 0.0000 -16.8052 -9.4128 17.5607 2.0090 8.8848 25.4356 0.5978 -1.7023 15.3191 0.1009 2.0486 5.6401 0.0000 0.0000 0.0000 29.9438 15.4348 -11.6562 -1.5819 -7.9347 22.5159 1.6118 -23.6116 -18.9488 -2.1315 -9.1348 26.2180 -10.5805 -0.4537 4.2221 -5.6823 -2.5495 -5.1676 0.1889 -1.1260 -7.7785 -14.4531 -7.5476 -4.5373 16.1330 -10.3647 3.8933 6.7613 -5.0459 3.5243 0.0000 0.0000 0.0000 -75.8201 -0.8740 21.0268 19.8066 -30.4086 -5.4331 -0.0000 -0.0000 15.6809 7.3179 -33.6614 -4.0715 -7.1250 0.0000 -0.0000 -13.8439 -3.0350 14.9926 0.0000 0.0000 0.0000 65.6140 -16.3481 -8.5165 -25.6389 36.8499 -8.6702 0.0000 0.0000 10.3802 13.4110 -47.8533 -10.0254 7.1250 -0.0000 -0.0000 69.6586 -64.9657 -42.1363
8.1069 15.5635 -8.4535 181.4010 -17.1308 184.6580 0.0000 0.0000 0.0000 -14.4470 -6.3980 12.4158 3.2993 11.1644 32.8365 0.5436 -4.3219 16.1777 0.1771 -2.7106 -7.4740 0.0000 0.0000 0.0000 31.3209 14.9677 -9.6552 -1.3849 -7.4461 21.0439 1.5193 -23.3324 -19.5102 -2.5049 -9.8468 28.4821 -9.8848 -0.3494 4.4307 -5.7536 -2.3224 -4.8718 -0.2841 -1.0547 -7.6042 -14.3509 -7.6174 -4.3277 15.9439 -10.4342 3.5922 6.6875 -5.0916 3.3950 0.0000 0.0000 0.0000 -75.4184 -0.9441 16.9503 19.8073 -30.4095 -5.4335 -0.0000 -0.0000 14.4861 8.0138 -33.7367 -4.4709 -7.1250 0.0000 -0.0000 -13.4684 -3.1958 14.5984 0.0000 0.0000 0.0000 63.9962 -14.5547 -9.9048 -24.8274 36.0271 -8.1882 0.0000 0.0000 11.1747 16.1464 -45.4703 -11.6615 7.1250 -0.0000 -0.0000 67.5155 -63.0551 -37.6402
8.1509 15.5686 -8.6945 181.7110 -16.8947 184.2780 0.0000 0.0000 0.0000 -12.6766 -4.1081 7.2243 5.0436 13.4328 41.0109 0.4240 -3.2702 13.9375 0.4182 -4.1507 -11.5010 0.0000 0.0000 0.0000 32.4086 14.3344 -7.7282 -1.2125 -6.9851 19.6713 1.5644 -23.2633 -18.6007 -2.2172 -9.3045 26.7527 -9.4363 -0.1824 4.8423 -5.9098 -2.0702 -4.5081 -0.7129 -0.9621 -7.4751 -13.9896 -7.7382 -4.0292 15.7275 -10.6115 3.3337 6.5573 -5.1941 3.2639 0.0000 0.0000 0.0000 -74.9258 -1.5628 13.4513 19.5925 -30.1482 -5.3252 -0.0000 -0.0000 14.0841 9.2515 -32.1363 -4.9520 -7.1250 0.0000 -0.0000 -12.6815 -1.8007 13.4023 0.0000 0.0000 0.0000 62.7644 -14.0042 -10.5050 -25.2492 36.4576 -8.4375 0.0000 0.0000 10.8770 16.9940 -46.8045 -12.5604 7.1250 -0.0000 -0.0000 70.4217 -63.4284 -40.6206
8.1924 15.5747 -8.9400 181.3270 -16.4966 184.0180 0.0000 0.0000 0.0000 -11.9645 -2.3772 2.1598 7.0080 15.3387 48.9047 0.1903 -4.2522 10.9201 1.5249 -7.7971 -22.0995 0.0000 0.0000 0.0000 32.7151 13.2889 -6.1358 -1.1078 -6.6873 18.7921 1.5016 -22.7734 -18.0711 -1.9724 -8.8083 25.1974 -9.9787 0.0128 5.0107 -6.1824 -1.9256 -4.3690 -0.7174 -0.8929 -7.4397 -13.9772 -7.4552 -2.4552 16.1260 -10.3767 2.5585 6.7716 -5.1514 2.7593 0.0000 0.0000 0.0000 -74.3791 -0.9939 10.7211 19.6052 -30.1637 -5.3315 -0.0000 -0.0000 14.0662 11.2398 -33.3551 -6.2357 -7.1250 0.0000 -0.0000 -11.6672 -3.2692 12.5711 0.0000 0.0000 0.0000 61.2030 -14.1618 -9.6874 -25.8387 37.0490 -8.7903 0.0000 0.0000 10.0467 16.7933 -47.8764 -12.6170 7.1250 -0.0000 -0.0000 72.1618 -63.9523 -42.8975
8.2376 15.5813 -9.1472 182.4010 -15.7139 183.7860 0.0000 0.0000 0.0000 -9.7699 -1.1085 -3.1850 8.9079 16.7481 55.7711 -0.1150 -6.9002 6.1465 2.8420 -10.4348 -30.3965 0.0000 0.0000 0.0000 34.3634 12.8754 -4.4992 -0.9060 -6.0656 16.9749 1.3697 -21.9256 -17.6275 -2.2293 -9.3282 26.8275 -9.1217 0.1200 5.0456 -5.9953 -1.6405 -4.3005 -1.0194 -0.7727 -7.3960 -14.0524 -7.5576 -2.6466 15.9489 -10.5310 3.1372 6.7014 -5.2128 2.9775 -0.0000 -0.0000 0.0000 -73.4475 -0.0050 9.9527 20.1000 -30.7627 -5.5824 -0.0000 -0.0000 12.8152 11.5781 -31.7526 -6.1535 -7.1250 0.0000 -0.0000 -11.3490 -1.7469 11.9233 -0.0000 -0.0000 0.0000 59.6875 -14.0164 -8.6873 -26.9445 38.1262 -9.4649 0.0000 0.0000 9.0561 16.6569 -50.0741 -12.9226 7.1250 -0.0000 -0.0000 76.1486 -64.8529 -47.8307
8.2836 15.5549 -9.3208 183.1850 -15.1853 183.4500 0.0000 0.0000 0.0000 -7.9492 -0.8515 -7.6147 10.4260 17.6425 60.9028 -0.2451 -9.0579 0.7767 2.3256 -9.5137 -27.4159 0.0000 0.0000 0.0000 35.7689 12.5248 -3.0285 -0.7743 -5.6184 15.6810 1.4139 -21.9180 -16.8073 -2.1714 -9.2143 26.4680 -8.5819 0.2851 5.3191 -6.0330 -1.3783 -4.1657 -1.3834 -0.6661 -7.4234 -13.9288 -7.5543 -1.9278 16.1492 -10.6201 2.9098 6.7693 -5.2909 2.8087 -0.0000 0.0000 0.0000 -72.5383 -0.0772 7.9159 19.7489 -30.3386 -5.4039 -0.0000 -0.0000 13.8672 10.7508 -31.5279 -5.6701 -7.1250 0.0000 -0.0000 -11.7987 -1.4089 12.3476 -0.0000 0.0000 0.0000 58.7371 -13.4468 -9.0596 -27.8045 38.9356 -10.0006 0.0000 0.0000 8.8191 17.5365 -49.0132 -13.4163 7.1250 -0.0000 -0.0000 74.7534 -64.1864 -45.5766
8.3178 15.5365 -9.4919 182.2210 -15.1252 183.1370 0.0000 0.0000 0.0000 -8.4153 -1.8933 -10.6508 11.1595 18.0123 63.2986 -0.0373 -8.9941 -5.5848 2.1186 -9.1089 -26.1365 0.0000 0.0000 0.0000 35.2588 11.9608 -2.6403 -0.9164 -6.0995 17.0733 1.2683 -21.4368 -17.8517 -2.1229 -9.1174 26.1633 -9.4745 0.3733 6.1911 -6.3861 -1.5112 -3.8590 -1.2454 -0.7176 -7.6062 -14.3060 -7.2258 -1.3969 16.5691 -10.2114 2.5277 7.0225 -5.1151 2.5884 0.0000 -0.0000 0.0000 -71.5438 1.1034 8.7590 20.1074 -30.7715 -5.5862 -0.0000 -0.0000 12.5276 10.8454 -31.0107 -5.6370 -7.1250 0.0000 -0.0000 -11.7091 -0.9149 12.1496 0.0000 -0.0000 0.0000 57.6390 -13.2831 -8.9836 -29.3622 40.3404 -10.9944 0.0000 0.0000 7.9745 17.9911 -48.1064 -13.5898 7.1250 -0.0000 -0.0000 73.4321 -63.6889 -43.6508
8.3385 15.4995 -9.6317 182.2820 -15.1828 183.1390 0.0000 0.0000 0.0000 -7.5397 -3.5314 -13.6403 11.3025 18.0799 63.7599 0.4290 -9.4278 -12.5254 3.1064 -10.8653 -31.8268 0.0000 0.0000 0.0000 35.6569 11.8350 -2.5273 -1.0208 -6.4276 18.0304 1.1717 -21.0697 -18.3538 -1.8644 -8.5777 24.4830 -9.4832 0.4958 6.4896 -6.5185 -1.3829 -3.6441 -1.3939 -0.6659 -7.5571 -14.3348 -7.2878 -0.9433 16.9123 -10.3264 2.0200 7.1526 -5.2003 2.4045 -0.0000 -0.0000 0.0000 -71.0378 0.6697 7.4813 18.9592 -29.3679 -5.0108 -0.0000 -0.0000 14.7589 11.2121 -31.6321 -5.9352 -7.1250 0.0000 -0.0000 -11.5461 -1.5760 12.1052 -0.0000 -0.0000 0.0000 56.9952 -13.3881 -9.5649 -30.7298 41.5108 -11.8903 0.0000 0.0000 7.0577 17.4321 -47.9810 -13.1309 7.1250 -0.0000 -0.0000 72.8088 -63.8046 -43.2599
8.3539 15.4981 -9.7843 182.8120 -15.3299 182.9990 0.0000 0.0000 0.0000 -6.1461 -6.1832 -15.9051 10.4819 17.6721 61.0874 0.9432 -6.4779 -17.3260 3.3769 -11.2816 -33.2354 0.0000 0.0000 0.0000 36.4638 11.4224 -1.6893 -0.9457 -6.1935 17.3469 1.2063 -21.0692 -17.8032 -1.6587 -8.1156 23.0658 -9.1100 0.4926 6.7874 -6.3061 -1.2849 -3.3237 -1.3799 -0.6167 -7.3757 -13.9394 -7.6408 -1.3140 15.9510 -10.6723 2.0042 6.7407 -5.3455 2.4400 0.0000 -0.0000 0.0000 -71.1903 0.6346 6.3662 18.6111 -28.9326 -4.8413 -0.0000 -0.0000 15.9410 10.6757 -30.6582 -5.4907 -7.1250 0.0000 -0.0000 -11.7819 -0.5457 12.1525 0.0000 -0.0000 0.0000 55.9876 -13.1741 -9.6889 -31.9127 42.4775 -12.6818 0.0000 0.0000 6.6627 16.9716 -47.3283 -12.6471 7.1250 -0.0000 -0.0000 71.3183 -63.6653 -41.7409
8.3643 15.5023 -9.9210 182.8390 -15.5790 183.1320 0.0000 0.0000 0.0000 -5.2280 -10.1195 -16.6096 8.8693 16.7228 55.6369 1.3842 -2.7482 -21.5133 3.7850 -11.8687 -35.2689 0.0000 0.0000 0.0000 36.7039 11.4708 -1.4483 -0.9623 -6.2460 17.5000 1.2452 -21.2707 -17.7472 -1.7008 -8.2129 23.3625 -9.2733 0.4848 7.2730 -6.3036 -1.3872 -3.3512 -1.2758 -0.6497 -7.6841 -13.8935 -7.2931 -0.0259 16.3677 -10.2732 0.9284 6.9636 -5.2156 1.8729 0.0000 0.0000 0.0000 -71.3454 2.2938 6.7172 19.2852 -29.7715 -5.1717 -0.0000 -0.0000 14.7678 10.5608 -30.9204 -5.4723 -7.1250 0.0000 -0.0000 -11.8646 -0.7873 12.2917 0.0000 0.0000 0.0000 55.7278 -13.4348 -9.7461 -33.2799 43.5441 -13.6145 0.0000 0.0000 6.5093 16.4462 -47.9409 -12.3619 7.1250 -0.0000 -0.0000 72.0277 -64.0836 -42.9673
8.3439 15.5055 -10.0616 182.5660 -15.2636 183.1650 0.0000 0.0000 0.0000 -4.8969 -14.3991 -15.8243 7.0656 15.3869 49.1221 1.7122 -1.7340 -24.2605 3.0414 -10.7618 -31.4808 0.0000 0.0000 0.0000 36.5564 10.7547 -0.8371 -0.9401 -6.1756 17.2949 1.2100 -20.9592 -17.4234 -1.9667 -8.7963 25.1603 -9.5967 0.4951 7.4330 -6.1994 -1.3936 -3.1692 -0.9828 -0.6363 -7.5725 -13.9541 -7.1289 0.2677 16.2206 -9.9975 0.3038 6.9669 -5.0920 1.5962 -0.0000 -0.0000 0.0000 -72.5182 2.6701 4.9539 18.6706 -29.0073 -4.8701 -0.0000 -0.0000 14.1130 11.8665 -30.0953 -6.0147 -7.1250 0.0000 -0.0000 -11.0622 -0.1573 11.3051 -0.0000 -0.0000 0.0000 55.4332 -12.9714 -9.6040 -34.4574 44.4208 -14.4322 0.0000 0.0000 6.4076 15.5570 -47.8440 -11.6610 7.1250 -0.0000 -0.0000 71.2082 -64.3104 -42.5683
8.3232 15.4990 -10.1656 182.6640 -14.2655 183.0550 0.0000 0.0000 0.0000 -4.2218 -17.7912 -15.1373 5.9958 14.4242 44.9647 1.4072 -1.8695 -21.8986 1.9863 -8.8375 -25.2884 0.0000 0.0000 0.0000 36.9039 10.6575 -0.5129 -0.9805 -6.3032 17.6669 1.1896 -20.8955 -17.5806 -2.1527 -9.1772 26.3511 -9.5413 0.5516 7.6617 -6.0584 -1.2885 -2.9519 -0.8736 -0.5815 -7.4682 -13.3529 -7.2003 -0.2831 15.3318 -9.9978 0.5200 6.5626 -5.0579 1.6708 -0.0000 0.0000 0.0000 -73.5348 4.1886 4.8315 19.3033 -29.7938 -5.1807 -0.0000 -0.0000 12.0335 11.9685 -29.2931 -5.9215 -7.1250 0.0000 -0.0000 -10.9482 0.6197 11.0332 -0.0000 0.0000 0.0000 55.9094 -11.9603 -9.3525 -36.0477 45.5459 -15.5565 0.0000 0.0000 6.3283 13.6168 -47.0236 -10.0500 7.1250 -0.0000 -0.0000 68.2839 -64.5313 -40.3604
8.2693 15.4961 -10.2645 182.5970 -11.9846 182.8420 0.0000 0.0000 0.0000 -4.6989 -19.4489 -13.5145 5.8305 14.2620 44.2975 0.7250 0.4596 -16.2616 0.4807 -4.4461 -12.3351 0.0000 0.0000 0.0000 36.9948 10.6634 0.1299 -1.0448 -6.5004 18.2434 1.1091 -20.3967 -17.5048 -2.2105 -9.2914 26.7112 -9.1323 0.7548 7.7350 -6.0377 -0.9735 -2.9178 -1.1201 -0.4448 -7.4895 -13.0327 -6.8849 -1.0716 14.8435 -9.5047 1.0306 6.3485 -4.7734 1.8366 -0.0000 -0.0000 0.0000 -74.8400 5.3511 3.0107 18.8819 -29.2716 -4.9729 -0.0000 -0.0000 11.8455 12.2301 -29.7926 -6.1470 -7.1250 0.0000 -0.0000 -10.8314 0.0898 11.0131 -0.0000 -0.0000 0.0000 56.9204 -10.4183 -8.3418 -37.6143 46.5912 -16.6848 0.0000 0.0000 6.7750 11.0255 -46.7826 -8.0816 7.1250 -0.0000 -0.0000 65.8734 -65.2015 -39.2612
8.2109 15.5032 -10.3568 182.1110 -9.1209 182.7560 0.0000 0.0000 0.0000 -6.3526 -19.1633 -11.3901 5.7945 14.2262 44.1514 0.5848 2.8189 -15.7439 0.5071 -4.5649 -12.6715 0.0000 0.0000 0.0000 36.4947 10.7419 0.5653 -1.1211 -6.7260 18.9060 0.8368 -19.2658 -18.7972 -2.3809 -9.6181 27.7487 -9.1815 0.8857 7.4385 -6.0142 -0.7957 -3.0682 -1.0935 -0.3610 -7.4901 -12.3119 -6.1583 -1.1735 14.0357 -8.5051 1.3549 6.0280 -4.2636 1.7362 0.0000 0.0000 0.0000 -76.3864 7.6898 1.8679 18.9659 -29.3763 -5.0141 -0.0000 -0.0000 12.1636 12.0563 -29.9084 -6.0789 -7.1250 0.0000 -0.0000 -10.9398 0.0001 11.1448 0.0000 0.0000 0.0000 58.2498 -9.2396 -5.6709 -39.6727 47.8748 -18.1961 0.0000 0.0000 6.0698 3.4787 -43.8405 -2.4111 7.1250 -0.0000 -0.0000 54.3432 -65.8933 -31.2358
8.1570 15.5012 -10.4596 181.4990 -6.0005 182.6380 0.0000 0.0000 0.0000 -8.3661 -17.7432 -9.2171 5.5668 13.9950 43.2173 0.4613 5.7961 -16.2600 0.8673 -5.9380 -16.6047 0.0000 0.0000 0.0000 35.8815 11.0440 1.8389 -1.1153 -6.7092 18.8567 0.5841 -18.3608 -20.2075 -2.5816 -9.9848 28.9275 -9.5603 1.0652 7.0498 -5.9952 -0.6245 -3.4694 -0.8943 -0.2627 -7.7153 -11.4596 -5.3018 -1.1473 13.2010 -7.3977 2.1836 5.6751 -3.7030 1.7580 0.0000 -0.0000 0.0000 -78.0382 10.1135 0.9700 18.7459 -29.1017 -4.9066 -0.0000 -0.0000 12.1228 12.0354 -29.1536 -5.9296 -7.1250 0.0000 -0.0000 -10.9002 0.7481 10.9579 0.0000 -0.0000 0.0000 60.0553 -8.5936 -2.5730 -41.9412 49.1788 -19.8960 0.0000 0.0000 6.1201 -6.4558 -43.7405 4.4734 7.1250 -0.0000 -0.0000 45.1100 -68.9218 -27.8501
8.1292 15.5027 -10.5683 181.1390 -3.6165 182.7100 0.0000 0.0000 0.0000 -9.5535 -16.7600 -7.5622 5.3484 13.7658 42.3071 0.4538 7.0899 -17.2602 0.4038 -4.0796 -11.3008 0.0000 0.0000 0.0000 35.5126 11.7124 3.1345 -1.0513 -6.5198 18.3004 0.4816 -17.8018 -20.3976 -2.4403 -9.7286 28.1021 -9.5051 0.9588 6.5616 -6.0026 -0.7431 -3.6798 -0.9152 -0.3340 -7.6550 -10.7999 -4.6674 -2.3280 12.4330 -6.5152 3.4797 5.3263 -3.2150 2.1730 0.0000 -0.0000 0.0000 -79.3369 11.4720 -0.6808 18.1643 -28.3671 -4.6271 -0.0000 -0.0000 13.3934 11.3427 -29.3443 -5.6143 -7.1250 0.0000 -0.0000 -11.3142 0.6551 11.4096 0.0000 -0.0000 0.0000 62.6684 -7.9207 0.2459 -43.5998 50.0638 -21.1596 0.0000 0.0000 6.9002 -15.8413 -43.5871 11.0692 7.1250 -0.0000 -0.0000 35.2285 -71.9622 -23.4207
8.1234 15.5092 -10.6723 180.5940 -2.1435 182.9380 0.0000 0.0000 0.0000 -10.5329 -16.2728 -6.6849 5.2427 13.6520 41.8609 0.3556 8.1617 -17.0752 0.5313 -4.6706 -12.9713 0.0000 0.0000 0.0000 34.9546 12.1531 3.7774 -1.0468 -6.5063 18.2607 0.3145 -17.1653 -21.2060 -2.4195 -9.6901 27.9790 -9.6408 0.7090 6.1829 -6.0259 -1.1071 -3.9468 -0.8203 -0.5159 -7.7095 -9.7849 -4.1633 -3.2830 11.3476 -5.7879 4.2967 4.8305 -2.8197 2.4231 -0.0000 0.0000 0.0000 -80.6059 12.3897 -1.1498 17.7175 -27.7940 -4.4167 -0.0000 -0.0000 14.0443 11.5600 -29.6309 -5.7746 -7.1250 0.0000 -0.0000 -11.2071 0.3431 11.3597 -0.0000 0.0000 0.0000 65.8907 -9.0482 3.2392 -45.8442 51.1754 -22.8946 0.0000 0.0000 6.6346 -23.8312 -45.5438 17.4991 7.1250 -0.0000 -0.0000 30.7367 -76.4111 -23.0796
8.1391 15.4926 -10.7500 180.6850 -1.2714 182.9880 0.0000 0.0000 0.0000 -10.2063 -15.4929 -7.1339 5.5254 13.9521 43.0460 0.3923 7.4989 -16.8891 0.3791 -3.9545 -10.9488 0.0000 0.0000 0.0000 35.0718 12.1116 4.9126 -0.9321 -6.1502 17.2207 0.2316 -16.7560 -21.4482 -2.0414 -8.9518 25.6448 -9.2550 0.3763 6.2010 -5.8601 -1.5080 -4.1136 -0.8071 -0.7113 -7.8742 -9.7656 -3.6655 -3.3954 11.2067 -5.1244 4.6413 4.8115 -2.4870 2.4668 -0.0000 0.0000 0.0000 -81.3837 13.1550 0.0727 17.7931 -27.8914 -4.4520 -0.0000 -0.0000 14.4991 10.8490 -29.2639 -5.3520 -7.1250 0.0000 -0.0000 -11.5952 0.8003 11.6749 -0.0000 0.0000 0.0000 69.3636 -10.3118 5.9760 -46.3561 51.4158 -23.2940 0.0000 0.0000 5.8104 -26.7584 -46.5679 20.1108 7.1250 -0.0000 -0.0000 30.1714 -78.3663 -23.8103
8.1867 15.4940 -10.8393 180.6620 -0.5834 182.7060 0.0000 0.0000 0.0000 -9.7473 -14.2543 -8.3350 6.1361 14.5589 45.5254 0.2998 6.9540 -15.1658 0.3029 -3.5386 -9.7822 0.0000 0.0000 0.0000 35.3280 12.3203 6.8251 -0.7552 -5.5502 15.4847 0.3827 -17.1126 -20.3424 -1.3909 -7.4617 21.0905 -9.0139 0.2519 6.4458 -5.7589 -1.6475 -4.0399 -0.8120 -0.7790 -7.9257 -10.0819 -3.2906 -3.6342 11.4582 -4.5726 4.3895 4.9645 -2.2050 2.3861 -0.0000 0.0000 0.0000 -81.7611 12.4771 1.0998 17.5638 -27.5950 -4.3453 -0.0000 -0.0000 16.9741 9.6482 -30.1281 -4.8772 -7.1250 0.0000 -0.0000 -12.3364 0.1091 12.6089 -0.0000 0.0000 0.0000 73.1945 -11.8802 7.6183 -44.7078 50.6245 -22.0127 0.0000 0.0000 5.9568 -27.5185 -44.7071 20.1278 7.1250 -0.0000 -0.0000 23.3810 -77.2029 -17.7981
8.2387 15.4766 -10.9125 181.0730 -0.4096 182.7470 0.0000 0.0000 0.0000 -8.4046 -13.4703 -11.7204 7.4234 15.6783 50.4579 0.1953 6.6819 -13.3392 0.6873 -5.3003 -14.7669 0.0000 0.0000 0.0000 35.9549 12.3203 9.2244 -0.4520 -4.3132 11.9596 0.5051 -17.3480 -19.2697 -1.2825 -7.1766 20.2396 -8.2500 0.0397 6.4825 -5.5606 -1.8077 -4.1183 -1.0026 -0.8689 -8.0215 -9.5732 -3.5019 -4.3868 10.3753 -4.6139 5.3457 4.5323 -2.1225 2.7649 -0.0000 0.0000 0.0000 -81.9051 11.7500 3.1722 17.7758 -27.8691 -4.4439 -0.0000 -0.0000 16.7438 9.7698 -31.0368 -5.0733 -7.1250 0.0000 -0.0000 -12.3207 -0.7954 12.7883 -0.0000 0.0000 0.0000 77.0426 -13.4050 8.3923 -40.6749 48.4647 -18.9429 0.0000 0.0000 7.8047 -25.2238 -43.2529 17.8895 7.1250 -0.0000 -0.0000 23.0558 -75.0937 -16.5459
8.2944 15.4349 -10.9785 181.6390 -0.5722 182.7720 0.0000 0.0000 0.0000 -6.9018 -13.7861 -16.1187 9.3020 16.9982 57.1289 0.0907 6.6473 -11.4621 0.3273 -3.6769 -10.1695 0.0000 0.0000 0.0000 36.4096 10.2653 13.1145 -0.0604 -1.5861 4.3632 0.6256 -16.9651 -16.7857 -1.2702 -7.1434 20.1409 -7.2995 -0.1561 6.6238 -5.2467 -1.8791 -4.0223 -1.1846 -0.9141 -7.9916 -9.7556 -3.1958 -4.6499 10.2692 -4.1644 5.2806 4.5477 -1.9048 2.7446 -0.0000 0.0000 0.0000 -81.9960 10.0849 5.2834 18.3618 -28.6179 -4.7212 -0.0000 -0.0000 16.6527 10.9171 -31.8328 -5.8089 -7.1250 0.0000 -0.0000 -11.7270 -1.7312 12.3342 -0.0000 0.0000 0.0000 79.6429 -14.7020 9.8013 -35.0622 44.8565 -14.8572 0.0000 0.0000 9.4169 -21.0112 -43.9778 14.9334 7.1250 -0.0000 -0.0000 30.1591 -74.1196 -21.2222
8.3471 15.3892 -11.0488 182.0660 -0.9861 182.7450 0.0000 0.0000 0.0000 -5.9446 -14.8530 -20.6004 11.2763 18.0676 63.6755 0.0848 6.5125 -11.1864 0.0920 -1.9560 -5.3841 0.0000 0.0000 0.0000 36.6623 8.0339 15.1171 0.0000 0.0000 -0.0000 0.5075 -16.0217 -16.6255 -1.2953 -7.2108 20.3415 -6.4483 -0.2250 6.9874 -4.9132 -1.8282 -4.0480 -1.3092 -0.8892 -8.2300 -9.3556 -3.3001 -5.0027 9.2949 -4.2752 5.5734 4.1686 -1.9826 2.8713 0.0000 -0.0000 0.0000 -81.9465 8.5982 8.0114 19.2512 -29.7296 -5.1548 -0.0000 -0.0000 14.6859 10.4827 -31.1932 -5.4739 -7.1250 0.0000 -0.0000 -11.9271 -1.0440 12.4127 0.0000 -0.0000 0.0000 81.2995 -15.3253 11.4230 -28.1295 39.2352 -10.2055 0.0000 0.0000 9.9387 -19.8758 -44.2294 14.1532 7.1250 -0.0000 -0.0000 32.1059 -73.8976 -22.5115
8.3879 15.3567 -11.1247 182.2920 -1.1440 182.7420 0.0000 0.0000 0.0000 -5.7573 -16.2745 -24.9471 12.9530 18.7651 68.9794 0.2540 4.5971 -12.3374 0.1954 -2.8463 -7.8510 0.0000 0.0000 0.0000 36.8930 6.8129 15.0483 0.0000 0.0000 -0.0000 0.3402 -15.0017 -17.1589 -1.2061 -6.9674 19.6189 -6.0583 -0.1680 7.2811 -4.5718 -1.6578 -4.0659 -1.1874 -0.7891 -8.4152 -9.9474 -3.1191 -4.4037 9.8628 -4.1725 5.0210 4.4533 -2.0000 2.6202 -0.0000 -0.0000 0.0000 -82.1212 7.3531 9.8870 20.3328 -31.0412 -5.7019 -0.0000 -0.0000 12.6728 11.4061 -32.8073 -6.2382 -7.1250 0.0000 -0.0000 -11.5295 -2.7569 12.3180 -0.0000 -0.0000 0.0000 82.6337 -15.7909 12.7646 -22.1495 33.1455 -6.6674 0.0000 0.0000 13.3108 -19.8642 -42.0857 13.6122 7.1250 -0.0000 -0.0000 27.5353 -72.1750 -18.1776
8.4223 15.3258 -11.2194 182.8990 -0.8714 182.4970 0.0000 0.0000 0.0000 -5.6886 -17.0641 -28.9718 14.0710 19.1354 72.4212 0.4704 2.0629 -13.8713 0.5378 -4.6988 -13.0515 0.0000 0.0000 0.0000 37.5097 5.8239 15.4037 0.0000 0.0000 -0.0000 0.1693 -13.7833 -17.4716 -1.4047 -7.4971 21.1966 -5.2340 0.0182 7.4270 -4.2901 -1.2419 -3.9796 -1.4082 -0.5993 -8.4118 -9.8999 -3.2269 -4.5936 9.7176 -4.3129 5.3273 4.3907 -2.0676 2.7525 -0.0000 0.0000 0.0000 -81.9030 6.7687 11.7540 21.8574 -32.8155 -6.5084 -0.0000 -0.0000 10.4416 12.2555 -33.4836 -6.8338 -7.1250 0.0000 -0.0000 -11.1175 -3.5485 12.0069 -0.0000 0.0000 0.0000 84.3747 -15.8273 12.2534 -17.2871 27.2347 -4.2179 0.0000 0.0000 20.7725 -13.9168 -41.3826 9.3028 7.1250 -0.0000 -0.0000 33.0758 -69.6063 -20.2332
8.4651 15.3044 -11.3308 182.9000 -0.4786 182.0940 0.0000 0.0000 0.0000 -6.8288 -17.6473 -31.9938 14.2127 19.1773 72.8530 0.6435 0.1492 -15.2136 0.9049 -6.0622 -16.9650 0.0000 0.0000 0.0000 37.4977 4.8101 15.9446 0.0000 -0.0000 0.0000 0.1496 -13.0884 -16.6331 -0.9795 -6.3002 17.6578 -5.0125 0.2311 7.8293 -4.2005 -0.9206 -3.8236 -1.4835 -0.4410 -8.4796 -9.4139 -3.5556 -5.7386 8.7838 -4.6881 6.5428 3.9834 -2.2430 3.3090 -0.0000 0.0000 0.0000 -81.2956 6.6233 13.7399 23.8734 -35.0301 -7.6338 -0.0000 -0.0000 8.1006 11.3973 -32.1819 -6.1282 -7.1250 0.0000 -0.0000 -11.4841 -2.1422 12.1485 -0.0000 0.0000 0.0000 86.2297 -16.3060 10.8912 -15.0911 24.2729 -3.2633 0.0000 0.0000 25.4689 -8.8432 -42.8472 6.0396 7.1250 -0.0000 -0.0000 41.0580 -69.0707 -25.1645
8.5035 15.3158 -11.4895 182.5890 -0.1155 181.7290 0.0000 0.0000 0.0000 -8.7351 -18.3893 -34.2227 13.4654 18.9438 70.5649 0.7937 -0.6308 -16.6347 1.4501 -7.6120 -21.5416 0.0000 0.0000 0.0000 37.1053 3.6808 16.7402 0.0000 -0.0000 0.0000 0.0809 -12.4796 -16.6615 -0.8678 -5.9399 16.6101 -4.8233 0.2833 7.9489 -4.2651 -0.8113 -3.5047 -1.6694 -0.4012 -8.2058 -8.9089 -3.3376 -5.9361 8.2520 -4.3375 6.0472 3.7539 -2.0665 3.1385 0.0000 -0.0000 0.0000 -80.3770 6.9844 15.2159 25.8974 -37.1072 -8.8257 -0.0000 -0.0000 6.1140 11.3577 -32.5351 -6.1658 -7.1250 0.0000 -0.0000 -11.5343 -2.4830 12.2703 0.0000 -0.0000 0.0000 87.1728 -17.0099 11.8962 -15.2567 24.5025 -3.3317 0.0000 0.0000 24.9831 -4.2035 -44.4556 2.9467 7.1250 -0.0000 -0.0000 48.6332 -68.6650 -30.1194
8.5339 15.3143 -11.6380 183.0690 0.7445 181.8340 0.0000 0.0000 0.0000 -9.5395 -18.7865 -36.6062 12.2015 18.4745 66.6261 1.0009 -1.0965 -18.5747 1.1969 -6.9418 -19.5430 0.0000 0.0000 0.0000 37.5639 3.3316 17.2211 0.0000 0.0000 -0.0000 -0.0080 -11.8323 -16.9450 -0.9662 -6.2584 17.5359 -4.0549 -0.0511 8.0900 -3.9737 -0.5813 -3.6364 -1.8634 -0.0731 -8.4097 -8.0593 -3.2752 -6.4976 7.0823 -4.1349 6.2081 3.2598 -1.9479 3.2207 -0.0000 0.0000 0.0000 -79.5076 8.1006 15.8374 27.6350 -38.7781 -9.8943 -0.0000 -0.0000 4.5298 11.4932 -32.3652 -6.2119 -7.1250 0.0000 -0.0000 -11.4450 -2.3361 12.1430 -0.0000 0.0000 0.0000 86.9640 -17.5765 13.1995 -16.1744 25.7565 -3.7214 0.0000 0.0000 23.2189 0.1058 -45.0766 -0.0749 7.1250 -0.0000 -0.0000 53.7088 -67.6715 -32.7913
8.5588 15.3120 -11.8053 183.5190 2.0855 182.0890 0.0000 0.0000 0.0000 -10.2540 -19.0952 -38.2645 10.4493 17.6549 60.9797 1.0745 -0.6213 -19.4011 1.1050 -6.6789 -18.7675 0.0000 0.0000 0.0000 38.0742 3.4452 17.8392 0.0000 0.0000 -0.0000 -0.0626 -11.3735 -17.0474 -1.1766 -6.8846 19.3740 -3.3138 0.0765 7.8709 -3.7302 -0.3324 -3.7665 -2.0558 0.0013 -8.4213 -8.1021 -2.7602 -5.1231 7.5407 -3.5038 4.6709 3.4590 -1.6444 2.4955 -0.0000 0.0000 0.0000 -78.8740 9.5873 15.0813 29.0228 -40.0409 -10.7754 -0.0000 -0.0000 3.7857 11.3259 -32.6128 -6.1611 -7.1250 0.0000 -0.0000 -11.5583 -2.5545 12.3108 -0.0000 0.0000 0.0000 86.1878 -17.1871 13.3189 -16.8610 26.6741 -4.0247 0.0000 0.0000 21.7888 2.6736 -46.6861 -1.9460 7.1250 -0.0000 -0.0000 59.1036 -67.7574 -37.0306
8.5899 15.3002 -12.0048 183.3050 3.4836 182.3330 0.0000 0.0000 0.0000 -11.3825 -19.8379 -38.6203 8.2933 16.3308 53.6123 1.1752 -1.0552 -20.1738 1.5705 -7.9073 -22.4330 0.0000 0.0000 0.0000 37.9597 3.5399 18.5690 0.0000 0.0000 -0.0000 -0.0705 -11.2396 -16.9747 -1.1824 -6.9011 19.4226 -3.4419 0.1976 7.5819 -3.7224 -0.1652 -3.7001 -1.9942 0.0875 -8.1784 -7.1689 -2.7558 -6.5589 6.4450 -3.4347 5.1528 3.2859 -1.6223 3.1480 -0.0000 0.0000 0.0000 -77.9171 10.6679 13.5783 29.3111 -40.2955 -10.9613 -0.0000 -0.0000 3.2978 10.6218 -33.0915 -5.8462 -7.1250 0.0000 -0.0000 -11.9875 -2.9214 12.8620 -0.0000 0.0000 0.0000 85.4470 -16.2108 12.5313 -17.8326 27.9423 -4.4705 0.0000 0.0000 21.4233 2.2545 -47.5162 -1.6630 7.1250 -0.0000 -0.0000 60.5194 -68.3232 -38.8347
8.6210 15.3117 -12.2085 183.0420 5.1259 182.5640 0.0000 0.0000 0.0000 -11.7339 -21.9464 -37.6517 6.0154 14.4432 45.0434 1.1809 -1.3529 -20.1409 2.1675 -9.2067 -26.4440 0.0000 0.0000 0.0000 37.7828 3.8053 19.4874 0.0000 -0.0000 0.0000 -0.0823 -11.1358 -16.9936 -1.2026 -6.9576 19.5899 -3.5329 0.3778 7.3819 -3.7459 0.0804 -3.5217 -1.9945 0.2065 -7.8674 -7.5389 -2.3227 -6.4440 7.1693 -2.8228 4.0029 3.6337 -1.2980 2.7161 0.0000 -0.0000 0.0000 -77.0811 11.5697 10.7502 29.0035 -40.0238 -10.7630 -0.0000 -0.0000 4.0882 8.5635 -33.5677 -4.7595 -7.1250 0.0000 -0.0000 -13.1563 -3.1032 14.2212 0.0000 -0.0000 0.0000 84.4804 -13.9221 10.7726 -18.3404 28.5909 -4.7110 0.0000 0.0000 21.4451 2.1575 -47.8818 -1.6007 7.1250 -0.0000 -0.0000 61.2403 -68.5381 -39.6767
8.6512 15.3048 -12.4327 183.2640 6.5831 182.8700 0.0000 0.0000 0.0000 -10.1944 -26.5264 -35.8159 4.1142 12.3108 36.8406 1.3241 0.1554 -21.8226 2.8591 -10.4633 -30.4906 0.0000 0.0000 0.0000 37.9826 3.9798 20.2819 0.0000 0.0000 -0.0000 -0.0928 -10.9016 -16.8276 -1.3424 -7.3356 20.7135 -3.1553 0.4779 7.3256 -3.7036 0.2465 -3.6384 -2.1866 0.2660 -7.9566 -7.2208 -1.9526 -6.8493 7.0829 -2.3249 4.0801 3.5666 -1.0400 2.7673 0.0000 -0.0000 0.0000 -76.1658 12.7248 5.8931 27.9616 -39.0809 -10.0995 -0.0000 -0.0000 6.3922 4.5207 -33.9243 -2.5266 -7.1250 0.0000 -0.0000 -15.3773 -2.9650 16.7546 0.0000 -0.0000 0.0000 83.4843 -13.2644 9.9478 -20.4135 31.1373 -5.7436 0.0000 0.0000 19.2530 2.5469 -47.8845 -1.8898 7.1250 -0.0000 -0.0000 61.5475 -68.4118 -39.7769
8.6923 15.2748 -12.6910 183.9980 8.1722 183.3580 0.0000 0.0000 0.0000 -6.2675 -34.0696 -33.8966 2.9532 10.6190 31.0053 1.5971 4.9192 -26.0763 3.2762 -11.1294 -32.7174 0.0000 0.0000 0.0000 38.6427 4.2681 21.2986 0.0000 -0.0000 0.0000 -0.1661 -10.4111 -17.1700 -1.1376 -6.7736 19.0463 -2.4520 0.7262 6.7541 -3.5002 0.6700 -3.8090 -2.4144 0.4341 -7.7929 -7.2465 -1.4603 -6.2245 7.3432 -1.6954 3.7094 3.6849 -0.7280 2.4782 0.0000 -0.0000 0.0000 -74.9373 13.6099 0.0525 26.0112 -37.2197 -8.8944 -0.0000 -0.0000 8.6222 1.6274 -33.6483 -0.9019 -7.1250 0.0000 -0.0000 -16.9272 -2.4167 18.4360 0.0000 -0.0000 0.0000 81.8889 -12.6807 8.9456 -22.9793 34.0662 -7.1267 0.0000 0.0000 15.8885 4.7773 -47.8130 -3.5435 7.1250 -0.0000 -0.0000 63.1100 -67.6527 -40.1356
8.7363 15.2251 -12.9566 184.8650 9.8727 183.9830 0.0000 0.0000 0.0000 -1.9933 -41.6181 -32.8063 2.4551 9.7559 28.1898 2.2146 9.1395 -32.5709 1.8380 -8.5202 -24.3056 0.0000 0.0000 0.0000 39.3541 4.7286 22.3088 0.0000 -0.0000 0.0000 -0.1721 -9.9920 -16.7411 -0.6442 -5.1347 14.2932 -1.9349 0.9163 6.6252 -3.2357 0.9733 -3.9386 -2.4643 0.5533 -7.8444 -6.8862 -1.2329 -7.2090 7.4598 -1.3733 3.9651 3.6814 -0.5376 2.7198 -0.0000 0.0000 0.0000 -73.4558 14.7653 -5.8641 24.7001 -35.8959 -8.1134 -0.0000 -0.0000 9.5233 1.6910 -31.5793 -0.8857 -7.1250 0.0000 -0.0000 -16.8567 -0.4449 17.7720 -0.0000 0.0000 0.0000 79.8126 -11.7208 8.6641 -25.9794 37.1884 -8.8752 0.0000 0.0000 12.7862 5.1267 -48.0746 -3.8189 7.1250 -0.0000 -0.0000 63.9288 -67.6653 -40.8286
8.7972 15.1528 -13.2646 185.5810 11.7524 184.5720 0.0000 0.0000 0.0000 -1.1489 -43.9716 -31.2134 2.3806 9.6176 27.7469 2.6150 10.1132 -35.4133 1.2762 -7.1594 -20.1886 0.0000 0.0000 0.0000 39.8830 5.2339 23.6274 0.0000 -0.0000 0.0000 -0.2101 -9.3976 -16.5425 -0.6695 -5.2327 14.5733 -1.5646 1.1972 5.6506 -3.1930 1.4221 -3.9353 -2.6513 0.7571 -7.2529 -7.0083 -0.9070 -7.0042 8.6256 -0.9415 3.3660 3.7099 -0.2674 2.2139 -0.0000 0.0000 0.0000 -71.5080 16.1237 -11.8827 23.3640 -34.4845 -7.3434 -0.0000 -0.0000 8.9598 2.9898 -28.6620 -1.4351 -7.1250 0.0000 -0.0000 -16.1026 2.2384 16.1189 -0.0000 0.0000 0.0000 78.0249 -10.3130 7.5336 -28.3858 39.4690 -10.3680 0.0000 0.0000 11.2434 4.1977 -49.4070 -3.1900 7.1250 -0.0000 -0.0000 66.1734 -68.5736 -43.8545
8.8581 15.0505 -13.5785 185.9690 13.2810 185.2930 0.0000 0.0000 0.0000 -4.6501 -39.0768 -29.1868 2.5485 9.9256 28.7362 2.2183 9.2561 -32.6654 2.7282 -10.2414 -29.7622 0.0000 0.0000 0.0000 40.0649 5.5097 24.7086 0.0000 0.0000 -0.0000 -0.2495 -8.8274 -16.4205 -0.6002 -4.9595 13.7930 -1.4517 1.3996 5.2107 -3.3305 1.7229 -4.2730 -2.8915 0.9042 -7.3419 -6.7174 -0.9789 -8.1223 8.8460 -1.0414 3.9975 3.7295 -0.2705 2.5930 -0.0000 0.0000 0.0000 -69.2824 17.6259 -17.9391 21.8910 -32.8536 -6.5266 -0.0000 -0.0000 8.5162 6.9084 -29.5495 -3.4196 -7.1250 0.0000 -0.0000 -13.8786 0.9992 14.0555 -0.0000 0.0000 0.0000 76.0471 -9.5584 7.4559 -31.0664 41.7901 -12.1141 0.0000 0.0000 9.5067 2.4530 -50.3518 -1.8892 7.1250 -0.0000 -0.0000 67.1877 -69.5546 -45.9418
8.9557 15.0664 -13.9357 186.1060 15.3126 186.0180 0.0000 0.0000 0.0000 -2.9393 -45.2212 -27.1727 2.6298 10.0703 29.2045 2.0600 12.6174 -34.0616 0.9172 -6.1021 -17.0810 0.0000 0.0000 0.0000 39.8257 6.2530 25.9843 0.0000 -0.0000 0.0000 -0.2824 -8.2016 -16.1843 -0.4050 -4.0856 11.3175 -2.0404 1.8107 4.3735 -3.5845 2.2736 -4.4954 -2.8631 1.2159 -7.0873 -7.3903 -1.1593 -8.6601 10.1040 -1.2021 3.6898 4.2223 -0.2892 2.6181 -0.0000 -0.0000 0.0000 -67.1810 19.0526 -22.6905 21.2522 -32.1215 -6.1835 -0.0000 -0.0000 6.7759 10.3897 -27.2301 -4.7955 -7.1250 0.0000 -0.0000 -11.7576 2.8592 11.4027 -0.0000 -0.0000 0.0000 74.5178 -8.3772 7.4761 -33.1855 43.4721 -13.5495 0.0000 0.0000 7.6714 -2.0373 -51.1513 1.5869 7.1250 -0.0000 -0.0000 66.3070 -71.4231 -47.4008
9.0668 15.1110 -14.2880 184.9220 16.1907 186.3470 0.0000 0.0000 0.0000 -4.7233 -44.2157 -26.3961 2.5902 10.0000 28.9769 1.1683 15.2198 -30.8859 0.2063 -2.9248 -8.0695 0.0000 0.0000 0.0000 38.2394 5.9214 26.6711 0.0000 -0.0000 0.0000 -0.2317 -7.6574 -14.9166 -0.3417 -3.7562 10.3917 -3.7420 1.8807 4.0640 -4.3952 2.2972 -4.7905 -2.7752 1.3361 -7.2646 -8.0241 -1.2498 -8.9469 11.3005 -1.2361 3.2844 4.6981 -0.2509 2.5646 0.0000 -0.0000 0.0000 -65.0592 20.4257 -25.8973 21.3782 -32.2672 -6.2506 -0.0000 -0.0000 4.9369 14.3361 -23.4092 -5.7977 -7.1250 0.0000 -0.0000 -9.1809 6.1603 8.2519 0.0000 -0.0000 0.0000 73.9726 -7.3724 7.6454 -33.5856 43.7753 -13.8256 0.0000 0.0000 6.1830 -7.3124 -50.7585 5.6757 7.1250 -0.0000 -0.0000 61.7667 -73.1590 -45.4002
9.1528 15.1670 -14.6162 184.7260 16.2501 186.7490 0.0000 0.0000 0.0000 -6.3909 -40.8478 -26.3793 2.7086 10.2076 29.6517 0.2012 16.4984 -25.1985 0.2622 -3.2945 -9.0997 0.0000 0.0000 0.0000 37.4769 5.0020 26.9604 0.0000 0.0000 -0.0000 -0.0819 -7.2052 -11.9662 -0.2590 -3.2743 9.0432 -3.7378 2.0135 4.0502 -5.0373 2.4938 -4.7133 -3.4747 1.4346 -7.1445 -8.4667 -1.5559 -9.4245 11.6411 -1.5013 2.5149 4.8628 -0.3590 2.4498 -0.0000 0.0000 0.0000 -64.1414 19.4735 -29.8277 21.6228 -32.5481 -6.3817 -0.0000 -0.0000 4.0710 17.5487 -23.5978 -7.2148 -7.1250 0.0000 -0.0000 -7.2003 5.5283 6.5260 -0.0000 0.0000 0.0000 73.7822 -6.5496 8.0228 -33.6350 43.8125 -13.8598 0.0000 0.0000 6.0772 -6.7062 -51.5970 5.2647 7.1250 -0.0000 -0.0000 64.7282 -73.2703 -48.1180
9.2023 15.2434 -14.9186 184.8000 15.9366 186.9950 0.0000 0.0000 0.0000 -7.8250 -38.1362 -26.3417 2.8193 10.3967 30.2710 0.1402 13.7811 -21.1216 0.6554 -5.1782 -14.4175 0.0000 0.0000 0.0000 36.8362 3.8373 26.9575 0.0000 -0.0000 0.0000 0.0697 -7.0739 -8.2277 -0.1544 -2.5320 6.9783 -3.1744 2.2185 5.0721 -5.3293 2.7319 -4.7165 -4.1893 1.5106 -7.6964 -8.6223 -1.8680 -10.1409 11.1421 -1.8414 2.5491 4.7152 -0.5301 2.6054 -0.0000 -0.0000 0.0000 -64.5411 17.7609 -31.7336 21.9628 -32.9349 -6.5656 -0.0000 -0.0000 1.6699 20.8985 -23.7144 -8.7304 -7.1250 0.0000 -0.0000 -5.1350 4.8831 4.6985 -0.0000 -0.0000 0.0000 72.4993 -5.3503 10.0153 -31.9051 42.4714 -12.6767 0.0000 0.0000 6.2975 -7.1378 -51.7017 5.6129 7.1250 -0.0000 -0.0000 64.8015 -73.4678 -48.4035
9.2467 15.3051 -15.2635 185.1930 16.0251 187.0640 0.0000 0.0000 0.0000 -8.8524 -36.9162 -25.7256 3.0296 10.7428 31.4174 0.3516 10.2622 -19.2084 0.5170 -4.6083 -12.7947 0.0000 0.0000 0.0000 36.3334 2.8896 27.4974 0.0000 -0.0000 0.0000 0.0974 -6.1863 -5.2208 -0.0146 -0.7796 2.1427 -2.3581 2.6822 5.3992 -5.3121 3.3841 -4.6065 -4.7164 1.7736 -7.6917 -8.6560 -1.9717 -10.1398 10.6596 -1.9865 2.7569 4.5621 -0.6282 2.6737 0.0000 -0.0000 0.0000 -66.1447 16.5668 -30.2078 23.2946 -34.4093 -7.3041 -0.0000 0.0000 -2.8478 22.1607 -24.3513 -9.5332 -7.1250 0.0000 -0.0000 -4.4217 4.0019 4.1148 0.0000 -0.0000 0.0000 70.3678 -3.6190 12.9662 -28.9873 40.0094 -10.7526 0.0000 0.0000 8.2226 -5.8940 -51.0760 4.5918 7.1250 -0.0000 -0.0000 63.6396 -72.7721 -46.6022
9.2782 15.3416 -15.6301 185.4260 16.3131 187.3450 0.0000 0.0000 0.0000 -10.0454 -35.4041 -25.1338 3.2293 11.0573 32.4734 0.3400 7.9181 -16.6394 0.2066 -2.9264 -8.0739 0.0000 0.0000 0.0000 35.4190 2.2904 28.0084 0.0000 -0.0000 0.0000 0.0797 -5.0829 -0.8886 -0.0336 -1.1836 3.2540 -1.4863 3.1429 5.2396 -5.2963 4.0715 -4.6874 -5.2566 2.0599 -7.5847 -9.3224 -2.0644 -10.1909 11.6957 -2.1463 3.6445 4.9940 -0.6658 2.9855 0.0000 -0.0000 0.0000 -67.7172 14.7753 -28.8642 23.3198 -34.4366 -7.3183 -0.0000 0.0000 -5.1003 20.2191 -26.1453 -9.2184 -7.1250 0.0000 -0.0000 -5.7929 2.4879 5.5649 0.0000 -0.0000 0.0000 68.8063 -0.3133 14.3426 -24.8337 36.0335 -8.1919 0.0000 0.0000 11.9515 -2.1925 -50.0839 1.6820 7.1250 -0.0000 -0.0000 63.3270 -71.0397 -44.3615
9.3384 15.3657 -16.0126 185.1260 16.9893 187.4680 0.0000 0.0000 0.0000 -11.5048 -33.7814 -24.4559 3.3812 11.2880 33.2574 0.2897 6.9953 -15.0661 0.3640 -3.8756 -10.7269 0.0000 0.0000 0.0000 33.9848 1.9973 28.5891 0.0000 0.0000 -0.0000 0.0134 -4.8134 2.8816 -0.0685 -1.6883 4.6449 -1.3975 3.6802 4.8886 -5.3511 4.8174 -4.8128 -5.4222 2.4268 -7.4480 -9.1762 -2.4692 -11.0383 11.2835 -2.7853 5.4416 4.8076 -0.9699 3.7202 0.0000 0.0000 0.0000 -68.5597 12.7172 -27.2988 22.2497 -33.2581 -6.7223 -0.0000 0.0000 -2.8788 13.3352 -27.6602 -6.2795 -7.1250 0.0000 -0.0000 -10.0382 2.0461 9.8271 0.0000 0.0000 0.0000 67.7400 2.8071 16.2840 -21.4388 32.3370 -6.2830 0.0000 0.0000 15.2047 0.1100 -50.0604 -0.0844 7.1250 -0.0000 -0.0000 64.8629 -70.2324 -44.7378
9.4059 15.3931 -16.4021 183.8480 17.3422 186.7250 0.0000 0.0000 0.0000 -14.1884 -33.4743 -22.5111 3.4602 11.4051 33.6587 0.5339 5.4640 -16.8794 0.0052 0.4670 1.2831 0.0000 0.0000 0.0000 31.5708 1.0510 29.4815 0.0000 0.0000 -0.0000 -0.1629 -5.2428 7.5435 -0.1486 -2.4840 6.8454 -1.8929 3.9665 4.7971 -5.7362 5.1896 -4.8445 -5.5920 2.6460 -7.4109 -9.4349 -2.6351 -10.8262 11.5295 -3.0914 6.4551 4.9153 -1.1142 4.0306 0.0000 -0.0000 0.0000 -67.8285 10.3055 -26.7555 19.9260 -30.5531 -5.4937 -0.0000 -0.0000 6.5957 0.3688 -26.2154 -0.1629 -7.1250 0.0000 -0.0000 -17.6344 4.7733 16.9462 0.0000 -0.0000 0.0000 68.0495 6.0881 17.0576 -18.6581 28.9916 -4.8640 0.0000 0.0000 19.7194 -2.1286 -49.7539 1.6250 7.1250 -0.0000 -0.0000 62.5100 -70.8723 -43.4704
9.4833 15.3895 -16.7835 182.7270 17.1900 185.8530 0.0000 0.0000 0.0000 -17.3585 -32.2457 -19.9857 3.4718 11.4222 33.7173 0.5483 5.2018 -16.8538 0.1055 -2.0941 -5.7659 0.0000 0.0000 0.0000 29.2796 -0.2666 30.1395 0.0000 0.0000 -0.0000 -0.5374 -5.6412 13.0756 -0.0909 -1.9448 5.3533 -2.3467 4.0878 5.1538 -5.9314 5.3139 -5.0867 -5.6250 2.7316 -7.8955 -9.6003 -2.6129 -10.9650 11.4297 -3.1497 8.2059 4.9226 -1.1369 4.5895 -0.0000 -0.0000 0.0000 -66.5466 8.8416 -25.6041 18.4987 -28.7910 -4.7870 -0.0000 -0.0000 17.0889 -17.8501 -29.9433 9.1315 -7.1250 0.0000 -0.0000 -27.1837 1.4370 30.1504 -0.0000 -0.0000 0.0000 68.9347 8.1034 18.7635 -17.3426 27.3073 -4.2433 0.0000 0.0000 23.0858 -3.1346 -50.1300 2.4068 7.1250 -0.0000 -0.0000 62.7964 -71.3902 -44.3087
9.5614 15.4098 -17.1591 182.1850 16.7741 185.6050 0.0000 0.0000 0.0000 -19.2620 -32.0077 -17.9540 3.4618 11.4076 33.6671 0.6478 4.6140 -17.5789 0.0260 -1.0405 -2.8603 0.0000 0.0000 0.0000 27.5625 -1.4379 30.1097 0.0000 0.0000 -0.0000 -1.1608 -6.6143 19.2428 -0.0004 -0.1270 0.3488 -2.2614 4.2259 4.6839 -5.9577 5.5455 -5.2713 -5.6920 2.8516 -7.7934 -9.7400 -2.8196 -10.8472 11.2568 -3.4736 9.2961 4.8771 -1.3038 4.9361 -0.0000 0.0000 0.0000 -65.1183 5.9118 -26.4366 17.6013 -27.6436 -4.3627 -0.0000 -0.0000 23.3491 -28.8307 -27.0735 14.0648 -7.1250 0.0000 -0.0000 -32.5970 2.7128 37.9423 -0.0000 0.0000 0.0000 70.4250 8.5267 20.6100 -17.9475 28.0899 -4.5245 0.0000 0.0000 22.1963 -5.0667 -50.0939 3.8909 7.1250 -0.0000 -0.0000 61.3539 -72.0596 -43.8298
9.6339 15.4352 -17.5377 181.7710 16.2434 185.3750 0.0000 0.0000 0.0000 -21.0127 -31.5950 -15.7255 3.3986 11.3139 33.3459 0.7442 4.2952 -18.4115 0.0769 -1.7887 -4.9221 0.0000 0.0000 0.0000 26.7341 -1.5084 25.7278 -0.2197 -3.0174 8.3271 -1.4139 -6.2367 21.3002 -0.0000 0.0181 -0.0496 -2.2303 4.2780 4.1230 -5.7651 5.6575 -5.5000 -5.4746 2.9160 -7.7204 -9.4368 -2.8247 -10.7893 10.8980 -3.5482 10.3789 4.7174 -1.3375 5.2541 0.0000 -0.0000 0.0000 -63.8602 4.4464 -23.8559 18.2734 -28.5059 -4.6790 -0.0000 -0.0000 20.5887 -26.5171 -24.2853 11.5967 -7.1250 0.0000 -0.0000 -32.0169 5.6684 34.8580 0.0000 -0.0000 0.0000 71.8546 8.0088 24.3180 -18.9425 29.3471 -5.0026 0.0000 0.0000 18.6985 -11.0870 -48.8395 8.3923 7.1250 -0.0000 -0.0000 53.2543 -73.6436 -38.7201
9.6897 15.4621 -17.8669 181.5640 15.4276 185.2050 0.0000 0.0000 0.0000 -22.3426 -31.1803 -13.6430 3.2564 11.0990 32.6144 0.8171 3.7435 -18.8293 0.1177 -2.2115 -6.0906 0.0000 0.0000 0.0000 25.6230 -2.1507 17.8868 -1.4547 -7.6236 21.5766 -1.5021 -6.3500 21.9696 -0.1068 -2.1074 5.8027 -1.9509 4.2193 3.5728 -5.4071 5.6228 -5.4866 -5.1815 2.8911 -7.3942 -8.5814 -2.9777 -10.8425 9.5981 -3.7753 11.1025 4.1417 -1.4965 5.4690 -0.0000 0.0000 0.0000 -62.6951 2.5734 -22.7682 18.7997 -29.1690 -4.9328 -0.0000 -0.0000 17.6965 -15.2434 -29.1375 7.5582 -7.1250 0.0000 -0.0000 -25.9698 2.3079 27.9931 -0.0000 0.0000 0.0000 73.2063 7.6562 27.8602 -19.2478 29.7255 -5.1532 0.0000 0.0000 17.9486 -14.2944 -45.8983 10.3686 7.1250 -0.0000 -0.0000 42.2515 -73.0595 -29.4648
9.7397 15.4962 -18.1718 181.1220 14.9727 184.4750 0.0000 0.0000 0.0000 -24.1549 -30.6890 -10.4859 2.9630 10.6350 31.0584 0.9875 2.7688 -19.9624 0.1011 2.0508 5.6462 0.0000 0.0000 0.0000 23.3505 -4.5178 10.7047 -3.3990 -11.3145 33.3479 -1.3331 -3.2630 20.9985 -0.1175 2.2101 -6.0867 -1.9108 4.1829 3.9544 -5.0549 5.5350 -5.1521 -4.8303 2.8345 -7.2912 -8.2767 -3.0577 -11.3742 9.1625 -3.8553 11.1422 3.9401 -1.5456 5.5651 -0.0000 0.0000 0.0000 -61.3454 0.5003 -20.1884 19.9153 -30.5401 -5.4882 -0.0000 -0.0000 12.4445 -1.4060 -29.4508 0.6914 -7.1250 0.0000 -0.0000 -18.5761 1.8084 19.0188 -0.0000 0.0000 0.0000 75.6028 7.8645 28.7346 -18.9957 29.4133 -5.0287 0.0000 0.0000 18.6199 -14.2808 -45.0089 10.2048 7.1250 -0.0000 -0.0000 40.0867 -72.4463 -27.3276
9.7961 15.5391 -18.4373 180.3900 14.8695 183.7330 0.0000 0.0000 0.0000 -26.0391 -29.6026 -7.3253 2.5296 9.8915 28.6261 0.9831 2.8495 -19.9620 0.0523 1.4761 4.0600 0.0000 0.0000 0.0000 21.0171 -5.4585 3.5160 -6.0342 -14.4614 45.1189 -0.8482 1.4713 17.9899 -0.5619 4.8013 -13.3427 -2.5575 4.0987 4.5569 -4.5912 5.3317 -5.0573 -4.0162 2.7590 -7.6553 -7.5515 -2.8758 -10.9212 8.1017 -3.6123 10.7025 3.4990 -1.4915 5.2962 0.0000 -0.0000 0.0000 -60.3196 -0.6618 -18.2601 21.1089 -31.9552 -6.1074 -0.0000 -0.0000 8.4134 10.9102 -30.5092 -5.5890 -7.1250 0.0000 -0.0000 -11.6384 -0.4315 11.9747 0.0000 -0.0000 0.0000 78.2033 7.4878 29.1847 -18.5879 28.9034 -4.8300 0.0000 0.0000 19.1180 -11.3964 -46.4387 8.3102 7.1250 -0.0000 -0.0000 46.4073 -72.3663 -32.0333
9.8537 15.5585 -18.6935 179.2450 15.1619 182.8270 0.0000 0.0000 0.0000 -28.2813 -28.5425 -4.1299 2.1438 9.1594 26.2951 0.9522 3.1218 -19.8108 0.0847 1.8771 5.1662 0.0000 0.0000 0.0000 18.5331 -4.5639 -3.0639 -8.8562 -16.7143 55.5916 -0.1312 8.4024 14.2515 -0.8910 6.0166 -16.8325 -3.5149 4.0208 4.7513 -4.2745 5.1394 -4.8110 -3.1345 2.7143 -7.6279 -7.0428 -2.4586 -10.2878 7.3885 -3.0642 10.3014 3.2336 -1.2693 5.0014 0.0000 -0.0000 0.0000 -59.2066 -1.6513 -16.2450 22.3086 -33.3241 -6.7546 -0.0000 -0.0000 4.7465 18.8385 -29.7288 -9.6028 -7.1250 0.0000 -0.0000 -7.0020 -0.9209 7.1670 0.0000 -0.0000 0.0000 81.1092 7.5537 28.7538 -17.3468 27.3126 -4.2452 0.0000 0.0000 21.9897 -3.7929 -47.7564 2.8097 7.1250 -0.0000 -0.0000 56.2447 -70.4690 -37.8394
9.9124 15.5699 -18.9633 178.7200 15.7272 182.1680 0.0000 0.0000 0.0000 -29.9006 -27.5862 -1.2085 1.8633 8.5753 24.4755 0.9801 3.7541 -20.4141 0.0982 2.0204 5.5620 0.0000 0.0000 0.0000 17.0055 -2.7999 -9.2119 -11.2729 -18.0660 63.6646 0.5191 12.8495 7.2161 -1.4981 7.7314 -21.9013 -3.8552 3.8713 4.4528 -3.7672 4.9249 -4.4831 -2.3378 2.6222 -7.1812 -6.4107 -1.8244 -9.5007 6.5707 -2.2252 9.3027 2.9312 -0.9110 4.4835 -0.0000 -0.0000 0.0000 -58.9668 -2.5000 -15.5633 23.4964 -34.6271 -7.4184 -0.0000 -0.0000 2.3389 21.1669 -28.2721 -10.3929 -7.1250 0.0000 -0.0000 -5.4693 0.1270 5.4822 -0.0000 -0.0000 0.0000 83.8920 7.9455 27.9185 -15.9380 25.4366 -3.6193 0.0000 0.0000 24.5604 2.8686 -47.7663 -2.1247 7.1250 -0.0000 -0.0000 61.5394 -68.2483 -39.5739
9.9752 15.5752 -19.2344 178.3900 15.9698 181.2970 0.0000 0.0000 0.0000 -31.4046 -26.6491 1.9404 1.6381 8.0678 22.9201 0.9955 4.1510 -20.7801 0.1756 2.6996 7.4434 0.0000 0.0000 0.0000 15.9772 -0.7137 -14.8139 -12.8604 -18.7312 68.6915 0.4086 12.6010 -1.4520 -1.8188 8.4780 -24.1756 -3.8222 3.6675 4.1993 -3.2919 4.6600 -3.8189 -1.7632 2.4732 -6.3644 -5.5794 -1.4152 -9.6962 5.4458 -1.6593 8.6638 2.4784 -0.6781 4.2667 0.0000 -0.0000 0.0000 -59.1423 -3.2202 -13.7989 24.9292 -36.1315 -8.2481 -0.0000 0.0000 -1.1526 20.4408 -27.2021 -9.6690 -7.1250 0.0000 -0.0000 -5.7741 1.3622 5.6643 0.0000 -0.0000 0.0000 86.0044 8.1837 27.4318 -15.0611 24.2312 -3.2510 0.0000 0.0000 25.5777 9.2239 -47.3143 -6.8073 7.1250 -0.0000 -0.0000 65.5020 -66.0084 -40.0215
10.0414 15.5683 -19.4619 178.0900 15.7868 180.2800 0.0000 0.0000 0.0000 -32.6176 -25.3997 4.6806 1.4453 7.6000 21.5057 0.9782 4.3647 -20.7456 0.0872 1.9041 5.2408 0.0000 0.0000 0.0000 15.1179 2.0023 -19.4339 -13.3213 -18.8951 70.1206 -0.0017 11.0643 -7.7849 -1.3037 7.2334 -20.4086 -4.0435 3.3835 5.2565 -2.7810 4.1887 -3.6689 -1.1287 2.2437 -6.8681 -4.7534 -0.7808 -8.1748 4.4719 -0.8519 7.0645 2.3132 -0.3426 3.8524 0.0000 -0.0000 0.0000 -60.1386 -3.4593 -11.7294 25.9251 -37.1346 -8.8424 -0.0000 0.0000 -3.7223 19.9026 -26.6705 -9.2303 -7.1250 0.0000 -0.0000 -6.0382 2.0043 5.8563 0.0000 -0.0000 0.0000 87.3688 7.1843 26.6414 -14.9668 24.0999 -3.2124 0.0000 0.0000 25.6090 16.5719 -46.4181 -12.1648 7.1250 -0.0000 -0.0000 69.4410 -63.3776 -39.7095
10.1097 15.5476 -19.6820 178.2870 15.1597 179.5180 0.0000 0.0000 0.0000 -33.2151 -24.3933 6.8542 1.3561 7.3715 20.8206 0.9440 4.8954 -20.7509 0.0001 -0.0597 -0.1641 0.0000 0.0000 0.0000 14.8541 4.8410 -23.1650 -12.5909 -18.6294 67.8500 -0.7248 7.9145 -15.3337 -2.1686 9.2088 -26.4506 -3.8878 3.0427 6.0498 -2.0895 3.6967 -3.1598 -0.4580 1.9806 -6.8109 -3.8692 -0.4405 -8.6162 3.3042 -0.3916 6.9494 1.7781 -0.1436 3.8500 0.0000 -0.0000 0.0000 -62.2249 -3.8659 -8.6518 27.3286 -38.4908 -9.7030 -0.0000 0.0000 -6.0188 19.8403 -26.7206 -9.2152 -7.1250 0.0000 -0.0000 -6.0808 1.9639 5.9025 0.0000 -0.0000 0.0000 87.4608 7.6170 25.6305 -14.6001 23.5861 -3.0642 0.0000 0.0000 25.6055 21.9676 -44.6754 -15.8336 7.1250 -0.0000 -0.0000 70.6912 -61.0436 -37.2694
10.2051 15.5544 -19.9302 179.2100 14.1005 179.1330 0.0000 0.0000 0.0000 -32.7930 -23.8695 8.6247 1.3371 7.3217 20.6720 1.0495 4.1805 -21.2857 0.0002 0.0943 0.2592 0.0000 0.0000 0.0000 15.3661 7.9113 -25.1300 -10.7042 -17.7873 61.8173 -1.1574 0.4399 -20.2031 -1.6060 7.9922 -22.6903 -3.5138 2.5816 6.6593 -1.0894 3.1014 -3.2803 0.4197 1.6836 -7.3102 -3.6181 0.1454 -6.8876 3.0277 0.3443 6.0504 1.6496 0.2080 3.1641 0.0000 0.0000 0.0000 -65.1457 -3.0986 -5.4120 28.1613 -39.2643 -10.2256 -0.0000 0.0000 -5.5317 20.3728 -28.8702 -10.1652 -7.1250 0.0000 -0.0000 -6.0077 -0.3339 6.0761 0.0000 0.0000 0.0000 86.8316 6.7733 23.4751 -14.6460 23.6507 -3.0825 0.0000 0.0000 25.7318 21.5675 -44.3465 -15.4451 7.1250 -0.0000 -0.0000 69.8837 -60.9982 -36.5249
10.2690 15.5565 -20.1573 179.6370 12.8198 178.9950 0.0000 0.0000 0.0000 -32.7131 -23.3589 10.0051 1.3012 7.2266 20.3884 1.1223 3.2346 -21.4192 0.0019 0.2791 0.7668 0.0000 0.0000 0.0000 14.5053 11.0036 -25.9641 -8.1333 -16.2164 53.0414 -1.3114 -4.8975 -23.8983 -1.3665 7.3985 -20.9016 -2.8174 2.1014 6.9848 -0.6193 2.5267 -3.1539 0.5927 1.3715 -7.3285 -2.6149 0.0812 -7.3572 1.7920 0.2578 6.3665 1.0633 0.1410 3.3559 -0.0000 -0.0000 0.0000 -68.2488 -2.8899 -1.1472 29.0477 -40.0630 -10.7914 -0.0000 0.0000 -6.0544 20.3873 -28.7208 -10.1258 -7.1250 0.0000 -0.0000 -5.9813 -0.1840 6.0334 -0.0000 -0.0000 0.0000 85.6824 7.3732 20.5907 -14.4023 23.3069 -2.9854 0.0000 0.0000 25.8706 19.4229 -44.9254 -13.9825 7.1250 -0.0000 -0.0000 69.1471 -61.8652 -37.2384
10.3820 15.5623 -20.4080 180.0720 11.7615 178.8310 0.0000 0.0000 0.0000 -32.1480 -22.6517 11.0921 1.2797 7.1690 20.2169 1.2883 1.3032 -21.9555 0.0863 1.8945 5.2143 0.0000 0.0000 0.0000 13.2852 15.8314 -24.5726 -5.4016 -13.8222 42.5300 -1.2265 -7.6589 -24.9823 -2.0223 8.9124 -25.5217 -2.8911 1.8772 7.7196 -0.0403 2.2239 -3.3190 1.2560 1.2457 -7.9488 -2.5509 0.0436 -8.0204 1.4797 0.2415 6.8806 0.9567 0.1216 3.6642 -0.0000 0.0000 0.0000 -71.9832 -2.3258 3.1349 29.4026 -40.3758 -11.0205 -0.0000 0.0000 -4.9068 19.6815 -29.4431 -9.9721 -7.1250 0.0000 -0.0000 -6.4794 -0.7875 6.6100 -0.0000 0.0000 0.0000 83.9952 6.9707 16.6090 -14.8956 24.0005 -3.1834 0.0000 0.0000 26.7923 16.6960 -44.4863 -11.8696 7.1250 -0.0000 -0.0000 66.3371 -62.4144 -35.7647
10.4985 15.5421 -20.6534 180.6830 11.1542 178.8450 0.0000 0.0000 0.0000 -31.0297 -21.5683 11.1025 1.3912 7.4625 21.0929 1.5002 -1.1147 -22.8338 0.1320 2.3416 6.4507 0.0000 0.0000 0.0000 12.2944 21.1918 -22.0271 -3.2369 -11.0691 32.5132 -0.9331 -11.4483 -25.7149 -2.2161 9.3024 -26.7460 -2.6500 1.7324 7.8648 0.4060 2.0860 -3.5077 1.6048 1.1850 -8.2383 -2.4197 -0.1629 -8.4276 1.3331 -0.0259 7.3752 0.8751 -0.0134 3.9248 -0.0000 -0.0000 0.0000 -76.0261 -0.9070 7.4435 29.7510 -40.6790 -11.2470 -0.0000 0.0000 -3.8798 19.2222 -30.0816 -9.9132 -7.1250 0.0000 -0.0000 -6.8215 -1.3496 7.0298 -0.0000 -0.0000 0.0000 81.7169 6.8495 14.1848 -15.2191 24.4505 -3.3161 0.0000 0.0000 26.1513 13.3262 -45.2144 -9.5433 7.1250 -0.0000 -0.0000 64.8851 -63.7443 -36.4823
10.6164 15.5202 -20.9085 181.2060 10.5660 178.9660 0.0000 0.0000 0.0000 -30.1496 -20.7361 11.6925 1.3988 7.4819 21.1510 1.6144 -2.3547 -23.3865 0.5086 4.5715 12.6904 0.0000 0.0000 0.0000 11.2344 26.9802 -18.9873 -1.8473 -8.5405 24.3682 -0.8311 -16.0006 -29.4216 -0.8111 5.7473 -16.0531 -2.2946 1.6156 8.2115 0.5419 1.9820 -3.8881 1.5493 1.1328 -8.8391 -2.3537 -0.2324 -8.6042 1.3189 -0.1205 7.5970 0.8551 -0.0586 4.0408 -0.0000 -0.0000 0.0000 -79.7869 1.6056 11.7692 30.1559 -41.0266 -11.5118 -0.0000 0.0000 -2.4617 17.7151 -31.0063 -9.3442 -7.1250 0.0000 -0.0000 -7.7947 -2.0051 8.1374 -0.0000 -0.0000 0.0000 79.4663 6.2890 11.7652 -15.5939 24.9669 -3.4728 0.0000 0.0000 25.0755 9.6269 -46.9263 -7.0632 7.1250 -0.0000 -0.0000 65.0672 -65.6981 -39.2559
10.7531 15.4718 -21.3579 180.2240 9.8735 177.8180 0.0000 0.0000 0.0000 -32.1388 -19.1371 17.2582 0.9013 6.0503 16.9305 1.4820 -1.3321 -22.6309 0.7931 5.6848 15.8725 0.0000 0.0000 0.0000 10.4349 30.1633 -15.4693 -1.4125 -7.5167 21.2556 -0.9667 -18.0585 -32.4642 -0.8211 5.7816 -16.1521 -3.0062 1.4488 5.9687 0.0071 1.7152 -3.3583 1.4871 1.0015 -6.9563 -2.5417 -0.4600 -8.6195 2.0379 -0.4671 7.7909 1.1116 -0.1993 4.1281 -0.0000 -0.0000 0.0000 -83.6443 3.0625 13.1829 28.1338 -39.2391 -10.2082 -0.0000 -0.0000 1.0640 14.6227 -32.5382 -7.9882 -7.1250 0.0000 -0.0000 -9.7095 -2.9959 10.3503 -0.0000 -0.0000 0.0000 77.3894 5.2523 9.7392 -16.1253 25.6902 -3.7001 0.0000 0.0000 22.8290 4.9911 -45.5255 -3.5659 7.1250 -0.0000 -0.0000 58.7114 -66.4025 -35.0986
10.9168 15.4035 -21.6854 181.0480 9.2874 177.1400 0.0000 0.0000 0.0000 -30.9746 -17.1982 18.6975 0.9623 6.2461 17.5001 1.6608 -1.8305 -23.8588 0.1171 -2.2059 -6.0749 0.0000 0.0000 0.0000 13.1949 30.5868 -12.2335 -1.0851 -6.6207 18.5963 -0.5786 -16.3595 -28.0145 -1.5732 7.9139 -22.4528 -2.8507 1.3641 6.2851 0.0206 1.6094 -3.5915 1.4159 0.9521 -7.3781 -2.7835 -0.6294 -8.6256 2.9539 -0.7452 8.0962 1.4525 -0.2943 4.2595 0.0000 0.0000 0.0000 -87.3307 4.5558 13.1789 24.6755 -35.8705 -8.0990 -0.0000 -0.0000 3.7166 13.1452 -34.8431 -7.6000 -7.1250 0.0000 -0.0000 -10.7638 -5.0253 11.8688 0.0000 0.0000 0.0000 75.2313 3.4475 8.0175 -16.8312 26.6347 -4.0114 0.0000 0.0000 21.1455 4.1502 -46.2115 -2.9985 7.1250 -0.0000 -0.0000 59.3458 -67.0361 -36.3580
11.1047 15.3039 -22.0413 181.4950 8.6109 176.3640 0.0000 0.0000 0.0000 -30.7742 -16.2113 20.5213 1.1144 6.7066 18.8489 1.8247 -1.9340 -25.0164 0.0716 -1.7264 -4.7502 0.0000 0.0000 0.0000 16.6966 29.2902 -9.0958 -1.1579 -6.8318 19.2179 -0.9895 -13.0640 -27.6275 -2.2616 9.3910 -27.0264 -2.9170 1.3281 5.4634 -0.3363 1.5697 -3.4954 1.1043 0.9229 -6.7891 -3.1405 -1.0363 -9.4760 4.2169 -1.3649 9.8830 1.7249 -0.5017 4.5628 0.0000 0.0000 0.0000 -89.6575 5.3772 12.9375 20.2014 -30.8842 -5.6344 -0.0000 -0.0000 7.8466 9.6917 -34.0424 -5.4612 -7.1250 0.0000 -0.0000 -12.5731 -3.7180 13.6869 0.0000 0.0000 0.0000 73.9616 2.0418 4.0967 -17.0299 26.8971 -4.1008 0.0000 0.0000 21.6148 6.0828 -47.1000 -4.4637 7.1250 -0.0000 -0.0000 62.6558 -66.8866 -38.8117
11.3006 15.2804 -22.3981 180.8560 6.6374 176.7600 0.0000 0.0000 0.0000 -31.0867 -16.0117 21.6219 1.0963 6.6536 18.6931 1.7644 -2.1980 -24.5227 0.0558 -1.5241 -4.1921 0.0000 0.0000 0.0000 17.5324 31.3593 -6.5015 -1.2453 -7.0757 19.9399 -1.1526 -10.0686 -26.2290 -1.4150 7.5232 -21.2748 -4.2198 0.8592 4.3112 -1.0969 0.9109 -4.3876 1.1143 0.6935 -7.0579 -3.6423 -1.5714 -9.6886 5.5636 -2.1598 11.6796 2.1806 -0.7750 5.2033 -0.0000 -0.0000 0.0000 -91.1409 6.6734 8.5134 16.3284 -25.9638 -3.7886 -0.0000 -0.0000 20.1746 -3.1449 -34.5587 1.7851 -7.1250 0.0000 -0.0000 -19.4597 -2.9267 21.6928 -0.0000 -0.0000 0.0000 72.5830 -0.5299 1.3135 -17.1511 27.0566 -4.1558 0.0000 0.0000 20.6400 6.8770 -46.6294 -5.0104 7.1250 -0.0000 -0.0000 62.3518 -66.4013 -37.9568
11.5052 15.3223 -22.7645 182.7190 4.3903 176.6810 0.0000 0.0000 0.0000 -28.4502 -15.9067 22.7806 1.2029 6.9585 19.5924 1.7045 -3.5697 -23.8021 0.0058 -0.4901 -1.3466 0.0000 0.0000 0.0000 20.4839 31.5242 -3.6366 -1.0256 -6.4423 18.0732 -0.0756 -10.8225 -16.4917 -1.1071 6.6850 -18.7855 -3.1547 0.3458 3.6226 -1.1234 0.3420 -4.5018 0.5551 0.3622 -6.7360 -4.1728 -2.0974 -10.7690 6.6215 -2.9190 12.8719 2.5471 -1.0441 5.8196 -0.0000 0.0000 0.0000 -91.4815 7.2654 1.5956 14.3723 -23.2644 -2.9736 -0.0000 -0.0000 32.7550 -22.9890 -33.7314 13.2563 -7.1250 0.0000 -0.0000 -29.1912 -2.4781 35.3010 -0.0000 0.0000 0.0000 71.1304 -2.4051 -2.5742 -16.7596 26.5397 -3.9793 0.0000 0.0000 20.5821 8.9643 -45.8631 -6.4590 7.1250 -0.0000 -0.0000 62.5656 -65.3690 -36.8084
11.6924 15.3584 -23.0628 183.3450 2.2219 176.6320 0.0000 0.0000 0.0000 -26.4181 -15.5220 22.0471 1.5031 7.7437 21.9384 1.4217 -6.2288 -21.3615 0.0067 0.5266 1.4470 0.0000 0.0000 0.0000 21.2472 27.2068 -3.3978 -0.9140 -6.0917 17.0509 0.0780 -9.4788 -12.0516 -1.3925 7.4658 -21.1027 -3.4433 0.0257 3.6187 -1.3951 -0.1009 -4.6245 0.4721 0.1642 -6.8504 -5.2705 -2.5235 -11.1134 8.1550 -3.5012 12.5426 3.1656 -1.2577 5.8557 0.0000 -0.0000 0.0000 -90.8724 7.0630 -7.2804 14.1364 -22.9293 -2.8810 -0.0000 -0.0000 36.9093 -30.8846 -30.1957 16.7428 -7.1250 0.0000 -0.0000 -33.0077 -0.5400 40.8591 0.0000 -0.0000 0.0000 69.8932 -4.8558 -5.8206 -17.2563 27.1944 -4.2038 0.0000 0.0000 19.0642 8.9190 -49.2174 -6.7767 7.1250 -0.0000 -0.0000 69.1134 -66.9562 -44.3399
11.9039 15.4066 -23.3431 183.1830 0.9047 176.5960 0.0000 0.0000 0.0000 -25.1613 -14.9788 21.6007 1.6871 8.1813 23.2662 1.0306 -7.4476 -18.1404 0.0000 0.0350 0.0962 0.0000 0.0000 0.0000 21.5498 24.1089 -3.8102 -1.0103 -6.3955 17.9363 -0.0771 -5.9803 -10.3969 -1.0053 6.3802 -17.8916 -5.2768 0.1199 3.6940 -1.5279 -0.0871 -4.6571 1.3536 0.2746 -6.9402 -5.7920 -2.6636 -10.9130 8.5375 -3.9786 11.0948 3.3070 -1.6907 5.4184 0.0000 -0.0000 0.0000 -89.5257 7.4471 -10.6155 15.3382 -24.6151 -3.3655 -0.0000 -0.0000 30.5564 -21.3381 -30.6661 11.2683 -7.1250 0.0000 -0.0000 -28.7692 0.5043 33.0235 0.0000 -0.0000 0.0000 68.2228 -7.6031 -8.2339 -17.7839 27.8795 -4.4477 0.0000 0.0000 18.1051 9.0592 -52.8859 -7.2460 7.1250 -0.0000 -0.0000 77.3772 -68.2199 -53.5844
12.1114 15.4479 -23.6303 183.6180 -0.0162 176.4160 0.0000 0.0000 0.0000 -23.3948 -14.2328 21.6974 1.8072 8.4524 24.0968 0.6547 -7.9649 -14.6307 0.0000 -0.0124 -0.0341 0.0000 0.0000 0.0000 23.1374 21.5462 -3.5063 -1.0544 -6.5294 18.3283 -0.1114 -4.6470 -9.6816 -0.8448 5.8626 -16.3862 -6.1390 0.5266 3.9811 -1.6582 -0.0730 -4.5865 1.7185 0.1381 -7.0609 -5.9358 -3.0972 -11.6780 8.3793 -4.4220 10.6777 3.2351 -1.8953 5.4523 0.0000 -0.0000 0.0000 -87.0054 8.4626 -9.1092 17.6598 -27.7193 -4.3898 -0.0000 -0.0000 17.0706 -7.1675 -32.2459 3.8385 -7.1250 0.0000 -0.0000 -21.6044 -0.5666 23.5524 0.0000 -0.0000 0.0000 66.9113 -9.6138 -11.5299 -17.6549 27.7130 -4.3876 0.0000 0.0000 19.1705 9.1813 -49.5148 -7.0083 7.1250 -0.0000 -0.0000 69.9227 -66.9951 -45.1018
12.3007 15.4704 -23.9569 184.1060 -1.0884 176.1640 0.0000 0.0000 0.0000 -22.0555 -13.7747 22.4801 1.8763 8.6036 24.5629 0.4536 -8.1254 -12.4544 0.0033 0.3712 1.0198 0.0000 0.0000 0.0000 24.9488 19.1350 -2.3800 -1.0558 -6.5335 18.3405 -0.1579 -4.4202 -10.4403 -0.8506 5.8820 -16.4426 -6.4296 0.5747 3.6939 -1.9520 -0.0464 -4.5863 1.5713 0.1435 -6.9013 -6.5260 -3.4214 -11.0856 9.0090 -4.7960 9.5861 3.5024 -2.0852 5.0730 0.0000 -0.0000 0.0000 -83.8317 9.6685 -7.9432 20.1563 -30.8302 -5.6113 -0.0000 -0.0000 4.3935 6.2323 -34.5293 -3.5421 -7.1250 0.0000 -0.0000 -14.4835 -3.7419 15.9008 0.0000 -0.0000 0.0000 65.8872 -11.6002 -13.7479 -17.6067 27.6506 -4.3652 0.0000 0.0000 18.7283 7.6148 -50.2783 -5.8711 7.1250 -0.0000 -0.0000 70.5012 -67.8076 -46.6747
12.4823 15.4840 -24.2805 184.6540 -2.0875 176.3390 0.0000 0.0000 0.0000 -20.6086 -13.6105 22.4778 2.0338 8.9362 25.5960 0.2781 -7.3829 -10.0132 0.0579 1.5523 4.2700 0.0000 0.0000 0.0000 26.4872 17.7666 -1.7354 -1.0740 -6.5878 18.4997 -0.2246 -4.1093 -11.4271 -0.6480 5.1496 -14.3356 -6.4574 0.5192 2.8742 -2.2452 -0.1028 -4.6229 1.2891 0.0844 -6.4638 -6.8830 -3.6457 -10.4920 9.0143 -4.9785 8.4844 3.5533 -2.2051 4.6590 -0.0000 0.0000 0.0000 -80.6124 10.0840 -8.3983 22.8358 -33.9087 -7.0465 -0.0000 0.0000 -2.0698 15.9955 -31.6570 -8.5559 -7.1250 0.0000 -0.0000 -8.8444 -2.3525 9.3098 -0.0000 0.0000 0.0000 65.4026 -13.3864 -14.6898 -17.9378 28.0775 -4.5199 0.0000 0.0000 17.2375 5.6277 -50.7304 -4.3624 7.1250 -0.0000 -0.0000 70.2082 -68.6374 -47.4746
12.6461 15.4872 -24.5688 185.3250 -2.7902 176.7990 0.0000 0.0000 0.0000 -18.9249 -13.5158 21.4714 2.3341 9.5299 27.4674 0.1702 -7.0180 -8.2461 0.0351 1.2099 3.3264 0.0000 0.0000 0.0000 27.9687 16.6633 -1.4256 -1.0742 -6.5883 18.5014 -0.3043 -3.6664 -12.4281 -0.5637 4.8090 -13.3645 -6.1817 0.4539 2.1448 -2.5276 -0.1857 -4.8656 0.8493 0.0032 -6.2955 -6.6245 -3.7440 -9.8763 8.3783 -5.0308 7.5993 3.3167 -2.2715 4.2669 0.0000 0.0000 0.0000 -77.2274 10.1202 -10.1936 24.1366 -35.3083 -7.7853 -0.0000 0.0000 -3.3866 21.3294 -31.2279 -11.4443 -7.1250 0.0000 -0.0000 -5.7630 -2.9302 6.0803 0.0000 0.0000 0.0000 65.4446 -14.9441 -14.9545 -18.5063 28.8007 -4.7907 0.0000 0.0000 16.3375 2.8370 -49.9058 -2.1710 7.1250 -0.0000 -0.0000 66.3763 -69.2406 -44.8511
12.8080 15.4659 -24.8345 185.8920 -3.0704 176.5010 0.0000 0.0000 0.0000 -17.6553 -13.2481 21.6587 2.5489 9.9263 28.7383 0.0589 -6.4798 -5.9243 0.0004 0.1237 0.3398 0.0000 0.0000 0.0000 29.5660 15.5301 -0.4198 -1.0886 -6.6309 18.6263 -0.3684 -3.1745 -13.0772 -0.5503 4.7522 -13.2030 -6.3681 0.4893 2.1980 -2.5571 -0.1360 -4.7172 0.9192 0.0346 -6.1729 -6.8081 -3.7603 -10.0088 8.2677 -4.9573 6.9848 3.3172 -2.2432 4.0979 0.0000 -0.0000 0.0000 -74.3532 9.8919 -11.5323 24.6704 -35.8652 -8.0960 -0.0000 0.0000 -3.6475 23.8021 -29.4949 -12.2528 -7.1250 0.0000 -0.0000 -4.0953 -1.6743 4.2239 0.0000 -0.0000 0.0000 65.4738 -15.2712 -15.4159 -18.7658 29.1267 -4.9164 0.0000 0.0000 15.4160 1.3026 -50.3312 -1.0028 7.1250 -0.0000 -0.0000 66.3581 -69.9373 -45.6815
12.9574 15.4732 -25.0973 186.3820 -3.4766 176.3310 0.0000 0.0000 0.0000 -16.4546 -13.3276 21.6577 2.7328 10.2494 29.7883 -0.0552 -6.1628 -2.5932 0.0360 1.2243 3.3661 0.0000 0.0000 0.0000 30.8908 14.0149 0.6360 -1.0145 -6.4084 17.9741 -0.4026 -2.6748 -13.2657 -0.3656 3.8842 -10.7510 -6.5721 0.4640 2.1039 -2.6168 -0.1812 -4.7023 0.9742 0.0155 -6.1029 -7.4984 -3.5079 -9.3601 9.1575 -4.6110 6.1999 3.7409 -2.0739 3.7647 0.0000 -0.0000 0.0000 -71.7047 9.9934 -12.8017 24.4774 -35.6651 -7.9832 -0.0000 0.0000 -3.0753 22.1693 -29.1457 -11.2245 -7.1250 0.0000 -0.0000 -4.9943 -0.9701 5.0975 0.0000 -0.0000 0.0000 66.1684 -15.7455 -15.0463 -19.3269 29.8228 -5.1924 0.0000 0.0000 13.5723 -1.0211 -50.2092 0.7847 7.1250 -0.0000 -0.0000 64.4631 -70.6858 -44.9276
13.0902 15.4950 -25.3608 185.9490 -4.0694 176.6350 0.0000 0.0000 0.0000 -16.2319 -13.4214 21.4585 2.8254 10.4069 30.3046 -0.0770 -5.1775 0.1570 0.0377 1.2536 3.4469 0.0000 0.0000 0.0000 30.9200 12.4153 1.0924 -0.9551 -6.2233 17.4336 -0.4742 -1.5583 -13.6669 -0.1660 2.6246 -7.2354 -7.5865 0.3499 1.5709 -2.9419 -0.4191 -4.8228 1.2154 -0.0923 -5.9246 -7.2951 -3.4490 -9.6125 8.9285 -4.5415 6.5730 3.6380 -2.0343 3.9029 0.0000 -0.0000 0.0000 -69.6174 10.3257 -13.2348 24.0562 -35.2237 -7.7390 -0.0000 0.0000 -4.8017 21.5732 -28.5417 -10.6980 -7.1250 0.0000 -0.0000 -5.2641 -0.2293 5.3075 0.0000 -0.0000 0.0000 67.6231 -15.9841 -13.9949 -20.0495 30.7020 -5.5566 0.0000 0.0000 11.7632 -4.5684 -51.5307 3.5797 7.1250 -0.0000 -0.0000 65.8151 -72.4691 -48.1751
13.2149 15.5054 -25.6128 186.4230 -3.9589 176.9240 0.0000 0.0000 0.0000 -14.8672 -13.0559 20.7782 3.0224 10.7312 31.3785 -0.0422 -4.1096 3.5268 0.0493 1.4334 3.9421 0.0000 0.0000 0.0000 32.0718 11.4490 2.2684 -0.8036 -5.7212 15.9777 -0.4880 -1.0061 -13.5986 -0.0648 1.6427 -4.5193 -7.5906 0.3678 1.0940 -2.9932 -0.3767 -4.9290 1.1613 -0.0841 -5.7682 -7.8536 -3.4077 -9.8501 9.7052 -4.4782 6.4908 3.9738 -1.9808 3.9438 0.0000 -0.0000 0.0000 -68.1050 11.5660 -12.4089 24.3439 -35.5258 -7.9055 -0.0000 0.0000 -6.3333 20.7635 -27.1812 -9.8257 -7.1250 0.0000 -0.0000 -5.5795 1.3244 5.4753 0.0000 -0.0000 0.0000 69.5596 -15.6866 -12.1830 -20.3588 31.0722 -5.7154 0.0000 0.0000 10.0460 -9.3865 -51.0763 7.3284 7.1250 -0.0000 -0.0000 61.4290 -74.0576 -46.0828
13.3225 15.5008 -25.8419 186.4360 -3.6044 177.1250 0.0000 0.0000 0.0000 -14.1905 -12.6441 20.3419 3.1975 11.0081 32.3072 0.0304 -3.3433 6.0608 0.1103 2.1410 5.8955 0.0000 0.0000 0.0000 32.7617 11.0561 3.2976 -0.7331 -5.4702 15.2548 -0.4890 -0.8511 -13.5456 -0.2676 3.3276 -9.1923 -7.8537 0.4045 1.2533 -3.1501 -0.4184 -5.1517 1.1443 -0.0978 -6.1020 -8.1609 -3.4107 -11.2878 10.2041 -4.4701 7.4240 4.1700 -1.9174 4.4842 0.0000 -0.0000 0.0000 -67.0862 12.7982 -13.3023 23.9403 -35.1011 -7.6722 -0.0000 0.0000 -3.6964 19.2215 -27.1915 -9.0526 -7.1250 0.0000 -0.0000 -6.4998 1.5908 6.3582 0.0000 -0.0000 0.0000 71.9458 -15.8774 -8.0454 -20.8386 31.6394 -5.9650 0.0000 0.0000 7.4585 -13.2345 -51.2123 10.3880 7.1250 -0.0000 -0.0000 59.5100 -75.5752 -46.0049
13.4203 15.4990 -26.0702 186.4170 -3.0817 177.5160 0.0000 0.0000 0.0000 -13.9106 -12.7828 20.0275 3.3572 11.2520 33.1344 0.1735 -2.1812 8.9857 0.2997 3.5198 9.7295 0.0000 0.0000 0.0000 33.5259 11.7232 4.3283 -0.7021 -5.3560 14.9267 -0.5110 -1.1264 -13.9575 -0.1168 2.2035 -6.0684 -8.0017 0.3616 0.8676 -3.3735 -0.4780 -5.1088 0.9978 -0.1484 -5.8349 -7.7152 -3.3946 -13.3519 9.8580 -4.3786 7.8234 3.9787 -1.8202 4.9223 -0.0000 0.0000 0.0000 -66.9611 14.6170 -12.5050 24.4300 -35.6157 -7.9556 -0.0000 0.0000 -3.9266 20.2820 -27.9520 -9.8274 -7.1250 0.0000 -0.0000 -5.9532 0.6224 5.9204 -0.0000 0.0000 0.0000 74.7353 -15.2195 -3.2419 -20.7878 31.5798 -5.9384 0.0000 0.0000 7.4872 -12.4989 -52.0623 9.9168 7.1250 -0.0000 -0.0000 63.0418 -75.6157 -49.1731
13.5100 15.4885 -26.2925 186.2710 -2.8295 177.9140 0.0000 0.0000 0.0000 -13.7429 -13.0315 19.4722 3.5603 11.5511 34.1619 0.3039 -2.2866 11.5080 0.2541 3.2435 8.9575 0.0000 0.0000 0.0000 34.0696 11.8139 5.1748 -0.6745 -5.2516 14.6274 -0.5590 -1.3429 -14.6730 -0.2036 2.9055 -8.0157 -8.2924 0.2428 0.8156 -3.5540 -0.7003 -5.2178 0.9829 -0.2615 -5.9123 -7.4176 -3.2821 -15.3998 9.3228 -4.1088 8.1619 3.7723 -1.6552 5.3208 0.0000 -0.0000 0.0000 -67.8966 17.1855 -11.7204 25.2180 -36.4259 -8.4190 -0.0000 0.0000 -4.7194 20.7450 -28.4590 -10.2314 -7.1250 0.0000 -0.0000 -5.7401 0.0160 5.7675 0.0000 -0.0000 0.0000 77.7925 -14.9240 1.8478 -20.5476 31.2964 -5.8131 0.0000 0.0000 9.2827 -12.6143 -49.3978 9.6431 7.1250 -0.0000 -0.0000 53.7697 -74.5046 -40.0033
13.5929 15.4773 -26.4992 186.8780 -2.4947 178.4420 0.0000 0.0000 0.0000 -12.5150 -13.0462 18.2233 3.8918 12.0151 35.7853 0.5079 -1.6360 14.1549 0.3464 3.7818 10.4636 0.0000 0.0000 0.0000 35.3805 12.2980 6.4336 -0.5408 -4.7117 13.0882 -0.4726 -1.7927 -13.7616 -0.0050 0.4580 -1.2585 -7.7193 0.1719 0.6635 -3.4727 -0.7717 -5.4167 0.7542 -0.3170 -6.0268 -7.3163 -3.3315 -16.7291 8.2862 -3.9576 8.0133 3.4301 -1.6143 5.4495 -0.0000 0.0000 0.0000 -69.3087 18.6980 -11.5554 24.6102 -35.8029 -8.0608 -0.0000 0.0000 -4.4289 21.2331 -29.2469 -10.7486 -7.1250 0.0000 -0.0000 -5.5526 -0.8862 5.6644 -0.0000 0.0000 0.0000 81.4156 -14.0287 4.6038 -19.9387 30.5684 -5.5001 0.0000 0.0000 13.7550 -5.9166 -48.0829 4.4096 7.1250 -0.0000 -0.0000 55.3361 -71.3788 -38.0872
13.6605 15.4657 -26.6898 186.8220 -1.9949 178.6350 0.0000 0.0000 0.0000 -12.0629 -12.3695 17.1659 4.2358 12.4678 37.4076 0.7726 -0.5615 16.8218 0.9255 6.1288 17.1586 0.0000 0.0000 0.0000 35.9396 12.5627 7.6029 -0.4901 -4.4888 12.4560 -0.4613 -2.0464 -13.7388 -0.0283 -1.0853 2.9836 -7.7581 0.1930 0.8123 -3.4652 -0.7595 -5.4096 0.7833 -0.3061 -6.1060 -7.0130 -3.1537 -17.8722 7.0706 -3.5413 7.5823 3.0250 -1.4694 5.4305 -0.0000 0.0000 0.0000 -71.6261 19.4404 -12.4595 23.5528 -34.6878 -7.4505 -0.0000 0.0000 -3.2623 20.3544 -28.9923 -10.1938 -7.1250 0.0000 -0.0000 -6.0333 -0.4552 6.1149 -0.0000 0.0000 0.0000 84.8039 -12.8751 6.9473 -19.0768 29.5140 -5.0686 0.0000 0.0000 16.0006 1.2985 -45.3704 -0.9241 7.1250 -0.0000 -0.0000 55.3120 -67.4666 -33.7630
13.7066 15.4340 -26.8715 186.9580 -1.7360 178.8910 0.0000 0.0000 0.0000 -11.2183 -11.1218 15.2062 4.8783 13.2454 40.2943 0.7634 -0.1432 16.5662 0.4848 4.4648 12.3882 0.0000 0.0000 0.0000 36.4029 12.4074 8.2857 -0.4652 -4.3747 12.1333 -0.5250 -1.5023 -14.3130 -0.1853 -2.7727 7.6466 -7.5106 0.2196 0.8840 -3.3856 -0.7364 -5.5928 0.7275 -0.2968 -6.3430 -6.5390 -2.8025 -17.4685 5.6300 -3.0002 6.1622 2.5417 -1.3101 4.8452 0.0000 -0.0000 0.0000 -74.2424 19.5642 -13.8253 21.6780 -32.6112 -6.4115 -0.0000 0.0000 -1.2718 19.6732 -28.3337 -9.6304 -7.1250 0.0000 -0.0000 -6.3557 0.3443 6.3567 0.0000 -0.0000 0.0000 87.0248 -11.9743 10.4678 -17.6008 27.6431 -4.3625 0.0000 0.0000 15.2666 9.3904 -42.8479 -6.4168 7.1250 -0.0000 -0.0000 57.7583 -63.5828 -30.8797
13.7291 15.4035 -27.0317 187.4300 -2.0094 179.0210 0.0000 0.0000 0.0000 -9.8638 -9.8327 11.9027 6.0652 14.4913 45.2430 0.7653 -0.0187 16.5424 0.2313 3.0952 8.5439 0.0000 0.0000 0.0000 36.9999 11.6018 9.0792 -0.3936 -4.0281 11.1558 -0.5387 -1.1278 -14.3181 -0.1383 -2.3969 6.6039 -6.6859 0.1808 0.9434 -3.1716 -0.6546 -5.2828 0.4902 -0.2755 -6.0370 -6.0016 -2.2784 -18.2275 3.8116 -2.2152 5.1093 1.9487 -1.0453 4.5518 -0.0000 0.0000 0.0000 -77.7834 18.3189 -16.5805 20.0493 -30.7017 -5.5565 -0.0000 -0.0000 2.9917 18.3104 -27.0900 -8.5698 -7.1250 0.0000 -0.0000 -7.0332 1.8506 6.8548 -0.0000 0.0000 0.0000 88.0871 -10.9851 14.4328 -17.0049 26.8643 -4.0896 0.0000 0.0000 14.4221 19.4722 -42.3043 -13.3862 7.1250 -0.0000 -0.0000 65.2118 -60.5334 -32.1145
13.7470 15.3562 -27.1625 188.4050 -2.5884 179.1470 0.0000 0.0000 0.0000 -8.1345 -8.9876 7.5403 7.7666 15.9449 51.7176 0.6173 0.1612 14.7931 0.0223 0.9648 2.6520 0.0000 0.0000 0.0000 38.1141 10.8680 9.4541 -0.3464 -3.7816 10.4630 -0.5162 -1.1057 -14.0172 -0.0095 -0.6286 1.7274 -5.6188 0.2600 1.3371 -2.7495 -0.4029 -4.9906 0.3222 -0.1576 -5.9487 -5.2292 -2.0277 -19.1745 1.4669 -1.8544 4.3885 1.1138 -1.0316 4.4180 0.0000 -0.0000 0.0000 -81.0822 16.2269 -18.9540 18.1846 -28.3929 -4.6367 -0.0000 -0.0000 9.1788 15.8842 -25.7407 -7.0451 -7.1250 0.0000 -0.0000 -8.3772 3.6000 7.9212 0.0000 -0.0000 0.0000 87.9699 -10.5498 18.9224 -17.0138 26.8759 -4.0936 0.0000 0.0000 15.6299 22.7765 -43.3937 -16.0907 7.1250 -0.0000 -0.0000 69.3804 -60.2147 -34.8838
13.7418 15.3224 -27.2711 188.7980 -3.3159 179.0700 0.0000 0.0000 0.0000 -7.6619 -8.6091 2.7569 9.8048 17.2986 58.8340 0.4317 1.5566 11.9688 0.0323 1.1604 3.1902 0.0000 0.0000 0.0000 38.6091 10.2277 9.9508 -0.3152 -3.6093 9.9800 -0.5237 -1.3245 -14.2135 -0.0033 0.3724 -1.0231 -4.7653 0.4623 2.2450 -2.6759 -0.0721 -4.6815 -0.1011 -0.0046 -6.1463 -4.9693 -1.6095 -18.4739 0.2902 -1.4666 1.9254 0.7492 -0.9393 3.5180 0.0000 -0.0000 0.0000 -84.4523 14.2072 -18.8588 17.2091 -27.1326 -4.1822 -0.0000 -0.0000 13.1828 15.0976 -25.7608 -6.6873 -7.1250 0.0000 -0.0000 -8.8547 3.6941 8.3681 0.0000 -0.0000 0.0000 87.3104 -10.3909 23.6314 -17.3611 27.3314 -4.2518 0.0000 0.0000 18.0747 18.2201 -45.2587 -13.1598 7.1250 -0.0000 -0.0000 68.7610 -62.3620 -37.6583
13.7214 15.2826 -27.3989 189.3760 -3.7982 178.4490 0.0000 0.0000 0.0000 -7.5335 -8.4480 -1.3850 11.8778 18.3385 65.6010 0.1221 0.6005 6.4140 0.0000 -0.0207 -0.0569 0.0000 0.0000 0.0000 39.4436 9.7868 11.7449 -0.2344 -3.1159 8.6016 -0.4853 -2.0145 -14.0460 -0.0083 0.5869 -1.6127 -3.6772 0.7414 3.0135 -2.6263 0.4224 -4.0846 -0.6970 0.2165 -5.9522 -5.0904 -1.2632 -17.7232 -0.3256 -1.1958 -0.7654 0.6918 -0.8627 2.8839 0.0000 0.0000 0.0000 -87.2788 12.6495 -14.8643 16.7319 -26.5030 -3.9670 -0.0000 -0.0000 14.2584 14.4023 -27.2375 -6.7033 -7.1250 0.0000 -0.0000 -9.3756 2.3147 9.1136 0.0000 0.0000 0.0000 86.3978 -9.7244 28.8774 -17.1180 27.0131 -4.1408 0.0000 0.0000 19.9609 10.2656 -48.1318 -7.6811 7.1250 -0.0000 -0.0000 67.8807 -66.0603 -42.0922
13.6925 15.2411 -27.5003 189.7240 -4.7184 178.2810 0.0000 0.0000 0.0000 -7.7450 -8.9657 -6.2923 13.6616 19.0082 71.1684 0.0105 0.1463 1.8878 0.0323 -1.1602 -3.1897 0.0000 0.0000 0.0000 39.9908 9.5741 12.6189 -0.2014 -2.8900 7.9726 -0.4555 -2.9378 -14.1640 -0.0221 0.9590 -2.6360 -3.0890 0.8608 3.5071 -2.4828 0.6613 -3.7160 -0.8993 0.3292 -5.8397 -4.4303 -1.2791 -17.1556 -2.1849 -1.5334 -2.4706 -0.0560 -1.1404 2.1611 0.0000 -0.0000 0.0000 -89.7617 11.6219 -8.4509 16.6763 -26.4291 -3.9422 -0.0000 -0.0000 14.5036 12.7402 -29.4759 -6.3482 -7.1250 0.0000 -0.0000 -10.5137 0.3298 10.6339 0.0000 -0.0000 0.0000 85.7601 -9.0090 31.9956 -16.9345 26.7713 -4.0578 0.0000 0.0000 21.8839 -1.3744 -48.7512 1.0334 7.1250 -0.0000 -0.0000 60.5456 -70.1461 -40.9855
13.6724 15.2017 -27.6129 189.9430 -6.2301 178.2500 0.0000 0.0000 0.0000 -8.2885 -10.2498 -11.3151 14.8663 19.3560 74.8336 0.0301 -0.3141 -3.1770 0.4199 -4.1590 -11.5245 0.0000 0.0000 0.0000 40.4859 9.2913 12.1589 -0.2734 -3.3631 9.2913 -0.5276 -3.7658 -15.6146 -0.0210 0.9365 -2.5740 -2.7342 0.7894 4.0235 -2.4567 0.5904 -3.5819 -1.0710 0.2883 -5.9885 -4.8809 -1.3363 -15.9163 -2.3215 -1.7880 -4.3000 -0.0182 -1.2642 1.3232 -0.0000 -0.0000 0.0000 -90.1942 11.9087 2.7295 17.3773 -27.3525 -4.2592 -0.0000 -0.0000 15.1806 14.6102 -31.7742 -7.8157 -7.1250 0.0000 -0.0000 -9.6400 -2.2362 10.1514 -0.0000 -0.0000 0.0000 85.7051 -8.7307 34.1642 -16.8831 26.7034 -4.0347 0.0000 0.0000 22.9609 -5.1139 -49.0622 3.8675 7.1250 -0.0000 -0.0000 58.5098 -71.5956 -40.9211
13.6524 15.1593 -27.7398 189.9510 -7.8820 178.2810 0.0000 0.0000 0.0000 -9.0141 -12.4015 -16.1277 15.5887 19.5269 77.0038 0.1767 -0.7568 -7.7074 0.2760 -3.3792 -9.3364 0.0000 0.0000 0.0000 40.8465 9.2698 11.6683 -0.3725 -3.9200 10.8517 -0.5875 -5.2796 -17.3644 -0.0321 1.1561 -3.1783 -2.5929 0.7315 4.1967 -2.4223 0.5445 -3.3264 -1.1091 0.2664 -5.8161 -4.4746 -1.5191 -14.3277 -3.9408 -2.5117 -6.5300 -0.5974 -1.6710 0.3000 0.0000 -0.0000 0.0000 -88.7131 11.9829 12.5374 19.1208 -29.5685 -5.0903 -0.0000 -0.0000 22.6770 20.3105 -32.5931 -11.2753 -7.1250 0.0000 -0.0000 -6.5301 -4.1059 7.0253 0.0000 -0.0000 0.0000 85.5280 -7.9992 37.2824 -16.7597 26.5399 -3.9794 0.0000 0.0000 20.9766 -4.6739 -49.1934 3.5411 7.1250 -0.0000 -0.0000 59.1878 -71.5039 -41.3846
13.6171 15.1087 -27.8560 190.2630 -9.0951 178.8470 0.0000 0.0000 0.0000 -9.0641 -14.4663 -21.2446 15.7523 19.5618 77.4928 0.4573 -1.0215 -12.4602 1.0338 -6.4671 -18.1459 0.0000 0.0000 0.0000 41.3038 9.4859 11.3411 -0.3965 -4.0432 11.1982 -0.5843 -6.3940 -18.1724 -0.0485 1.4209 -3.9078 -2.0113 0.7487 4.1447 -2.2630 0.6308 -3.3650 -1.2773 0.2951 -5.8194 -4.9058 -1.6336 -13.4049 -4.2924 -2.8615 -7.8524 -0.6234 -1.8319 -0.2753 0.0000 -0.0000 0.0000 -86.5290 11.3335 19.8982 20.9392 -31.7573 -6.0179 -0.0000 -0.0000 23.9937 19.4904 -36.3366 -11.8440 -7.1250 0.0000 -0.0000 -7.5383 -7.6920 8.5492 0.0000 -0.0000 0.0000 85.7436 -7.9002 39.0475 -17.3098 27.2643 -4.2283 0.0000 0.0000 19.4211 -2.2616 -48.6913 1.6992 7.1250 -0.0000 -0.0000 59.7258 -70.4208 -40.6202
13.5748 15.0667 -27.9927 190.9910 -9.6672 178.9040 0.0000 0.0000 0.0000 -8.1715 -16.2952 -25.4075 15.3106 19.4644 76.1705 0.7338 -1.4489 -15.7565 1.6471 -8.0887 -22.9839 0.0000 0.0000 0.0000 42.2959 9.6080 12.3144 -0.3342 -3.7155 10.2775 -0.5428 -7.1241 -18.3108 -0.0355 1.2169 -3.3459 -1.1370 0.9170 4.2332 -2.0043 0.9569 -3.2460 -1.5284 0.4381 -5.7294 -4.6061 -1.7436 -12.5649 -4.8406 -3.2504 -8.7913 -0.8333 -2.0200 -0.7164 0.0000 -0.0000 0.0000 -84.2550 10.2003 25.1680 22.4546 -33.4870 -6.8350 -0.0000 -0.0000 17.4687 14.7467 -37.5387 -9.1113 -7.1250 0.0000 -0.0000 -10.2270 -7.9483 11.7189 0.0000 -0.0000 0.0000 86.4630 -7.7179 39.3859 -17.9516 28.0951 -4.5264 0.0000 0.0000 18.2012 1.0613 -47.7308 -0.7854 7.1250 -0.0000 -0.0000 60.0518 -68.8234 -39.0467
13.5144 15.0610 -28.1536 190.4910 -10.3656 179.0200 0.0000 0.0000 0.0000 -8.4929 -18.5201 -28.0340 14.0790 19.1378 72.4455 0.9714 -1.8787 -18.0899 0.4859 -4.4700 -12.4028 0.0000 0.0000 0.0000 41.8814 9.0491 13.3750 -0.2723 -3.3568 9.2737 -0.5753 -7.4968 -18.9813 -0.0031 0.3601 -0.9895 -1.3402 1.0313 4.4940 -2.1146 1.0820 -3.2153 -1.5459 0.5047 -5.8468 -4.6924 -1.7006 -12.3158 -4.8243 -3.1616 -8.7665 -0.8078 -1.9568 -0.7453 0.0000 -0.0000 0.0000 -82.8783 9.4101 26.5677 23.9017 -35.0601 -7.6500 -0.0000 -0.0000 10.1512 10.3774 -35.0138 -5.9983 -7.1250 0.0000 -0.0000 -12.2804 -4.7625 13.5619 0.0000 -0.0000 0.0000 87.0613 -7.7513 40.1709 -18.6156 28.9382 -4.8434 0.0000 0.0000 16.8952 3.8537 -47.3285 -2.8354 7.1250 -0.0000 -0.0000 61.3773 -67.7107 -38.7923
13.4341 15.0834 -28.3207 189.9980 -10.5604 179.4710 0.0000 0.0000 0.0000 -8.2546 -20.4315 -30.5028 12.6016 18.6335 67.8834 1.1788 -0.3962 -20.4050 0.9687 -6.2661 -17.5585 0.0000 0.0000 0.0000 40.9469 7.7221 14.8985 -0.1273 -2.2998 6.3350 -0.5019 -6.9332 -17.6873 -0.0247 1.0142 -2.7879 -1.2729 1.1957 4.4261 -2.2382 1.2954 -3.2610 -1.7317 0.6024 -5.8485 -3.6186 -1.6556 -10.3273 -6.2287 -3.6739 -10.6022 -1.4015 -2.1921 -1.6973 0.0000 -0.0000 0.0000 -81.9176 8.5708 25.7809 24.3998 -35.5842 -7.9380 -0.0000 -0.0000 5.2002 9.5382 -32.8385 -5.2062 -7.1250 0.0000 -0.0000 -12.5689 -2.5236 13.4319 0.0000 -0.0000 0.0000 87.3545 -7.5508 41.4830 -19.3482 29.8491 -5.2030 0.0000 0.0000 16.2425 2.9831 -46.9311 -2.1802 7.1250 -0.0000 -0.0000 59.8596 -67.7869 -37.6656
13.3520 15.0775 -28.4967 189.9590 -11.1028 179.7380 0.0000 0.0000 0.0000 -6.7928 -22.8146 -32.4452 10.9698 17.9203 62.6836 1.3529 -0.1402 -21.9596 0.6795 -5.2706 -14.6820 0.0000 0.0000 0.0000 40.1456 5.5009 17.9392 0.0000 -0.0000 0.0000 -0.2915 -6.3867 -14.5092 -0.0027 0.3376 -0.9276 -1.2021 0.9827 4.3493 -2.0525 1.0408 -3.1488 -1.5506 0.4828 -5.6927 -4.3424 -1.4530 -10.6248 -5.3379 -3.1805 -10.3227 -0.9934 -1.9242 -1.5208 0.0000 -0.0000 0.0000 -82.1569 7.4058 20.7776 23.7195 -34.8662 -7.5456 -0.0000 -0.0000 6.0412 11.6558 -33.3382 -6.4680 -7.1250 0.0000 -0.0000 -11.4358 -3.3146 12.3202 0.0000 -0.0000 0.0000 87.0965 -6.7725 43.5993 -20.0372 30.6871 -5.5503 0.0000 0.0000 16.0897 4.7546 -45.9432 -3.4207 7.1250 -0.0000 -0.0000 59.3153 -66.7029 -35.9308
13.2372 15.0805 -28.6725 189.5590 -11.5946 179.7750 0.0000 0.0000 0.0000 -5.4722 -25.7502 -33.1384 9.1299 16.8906 56.5383 1.3628 1.3235 -22.5751 1.2073 -6.9707 -19.6285 0.0000 0.0000 0.0000 39.3485 4.1420 18.3674 0.0000 -0.0000 0.0000 -0.3864 -5.8663 -15.3564 -0.0028 -0.3393 0.9321 -0.9660 0.6156 4.8956 -2.0501 0.5627 -3.0610 -1.6437 0.2395 -5.9190 -4.5835 -1.0154 -10.3997 -4.8455 -2.5582 -10.6237 -0.7843 -1.5924 -1.6371 0.0000 0.0000 0.0000 -81.6644 7.9210 17.5810 23.9306 -35.0908 -7.6666 -0.0000 -0.0000 6.0669 15.1465 -32.3323 -8.2377 -7.1250 0.0000 -0.0000 -9.3945 -2.8796 9.9871 0.0000 0.0000 0.0000 86.6535 -5.9642 45.8675 -20.6974 31.4734 -5.8911 0.0000 0.0000 16.1343 3.0294 -46.1585 -2.1860 7.1250 -0.0000 -0.0000 58.3233 -67.3610 -35.9484
13.1340 15.0883 -28.8819 189.5290 -11.1639 180.1550 0.0000 0.0000 0.0000 -2.8890 -28.0575 -33.5684 7.3857 15.6482 50.3183 1.3907 2.1363 -23.1400 0.9474 -6.1989 -17.3627 0.0000 0.0000 0.0000 39.0401 3.8044 18.8806 0.0000 -0.0000 0.0000 -0.4175 -5.5959 -15.5417 -0.0001 0.0502 -0.1379 -0.9817 0.4143 4.6135 -1.8582 0.3124 -3.0615 -1.4072 0.1223 -5.7636 -4.1015 -0.3460 -8.6451 -4.7038 -1.9739 -12.4707 -0.7962 -1.2629 -2.5365 0.0000 0.0000 0.0000 -81.1469 8.3240 13.5838 22.8218 -33.8934 -7.0387 -0.0000 -0.0000 6.4630 18.7174 -32.2181 -10.2395 -7.1250 0.0000 -0.0000 -7.3737 -3.4111 7.8633 0.0000 0.0000 0.0000 86.0827 -4.8664 48.7263 -21.0910 31.9344 -6.0980 0.0000 0.0000 15.5507 1.3297 -46.4722 -0.9642 7.1250 -0.0000 -0.0000 57.5634 -68.0743 -36.1919
13.0129 15.1031 -29.1045 189.0270 -10.8519 180.7630 0.0000 0.0000 0.0000 -0.5660 -30.5171 -33.4289 5.7705 14.2022 44.0535 1.5073 3.3566 -24.6085 0.6452 -5.1385 -14.3040 0.0000 0.0000 0.0000 38.1215 3.4550 19.2974 0.0000 0.0000 -0.0000 -0.4620 -5.2562 -15.8442 -0.0077 0.5671 -1.5582 -1.5175 0.0041 4.3540 -1.7748 -0.2769 -3.1872 -0.9635 -0.1504 -5.7549 -2.4340 0.0785 -7.2086 -5.7046 -1.8576 -13.9663 -1.4050 -1.2321 -3.3289 -0.0000 0.0000 0.0000 -80.6513 9.2851 9.6454 21.5094 -32.4181 -6.3208 -0.0000 -0.0000 6.7114 19.9448 -31.2687 -10.6669 -7.1250 0.0000 -0.0000 -6.5561 -2.6919 6.9013 -0.0000 0.0000 0.0000 85.5380 -3.9077 51.6321 -21.3280 32.2092 -6.2238 0.0000 0.0000 15.7299 0.1582 -46.7304 -0.1152 7.1250 -0.0000 -0.0000 57.1437 -68.5949 -36.4618
12.8799 15.1140 -29.3496 188.9540 -10.1363 181.3510 0.0000 0.0000 0.0000 2.5296 -33.0996 -32.7378 4.3157 12.5690 37.7759 1.3971 5.7521 -25.0640 0.5719 -4.8431 -13.4616 0.0000 0.0000 0.0000 37.5924 3.4921 19.8539 0.0000 0.0000 -0.0000 -0.4637 -5.0708 -15.7247 -0.0069 0.5378 -1.4779 -1.6848 -0.2972 4.0758 -1.6068 -0.6876 -3.3738 -0.6582 -0.3461 -5.7902 -2.5010 0.6375 -7.0649 -4.3921 -0.9281 -14.2173 -0.9679 -0.7797 -3.4049 0.0000 -0.0000 0.0000 -80.2345 9.8246 5.0425 19.3467 -29.8472 -5.2023 -0.0000 -0.0000 8.4530 18.8628 -30.4783 -9.8311 -7.1250 0.0000 -0.0000 -7.0757 -1.6840 7.3362 0.0000 -0.0000 0.0000 85.3643 -3.5982 52.8052 -21.7832 32.7311 -6.4682 0.0000 0.0000 16.0680 0.6349 -46.4926 -0.4605 7.1250 -0.0000 -0.0000 57.0331 -68.3101 -36.0494
12.7117 15.1117 -29.6065 189.2160 -9.3846 181.7410 0.0000 0.0000 0.0000 5.9195 -36.4519 -31.5882 3.3231 11.2005 32.9591 1.3332 8.0773 -26.0886 0.5403 -4.7097 -13.0825 0.0000 0.0000 0.0000 37.2752 3.4623 20.6747 0.0000 0.0000 -0.0000 -0.4661 -4.6855 -15.4683 -0.0084 0.5922 -1.6272 -1.2676 -0.4829 3.8917 -1.3903 -0.8933 -3.4816 -0.6500 -0.4596 -5.7994 -2.7122 0.8441 -6.1424 -2.9759 -0.6017 -15.2989 -0.4701 -0.6334 -3.9446 0.0000 -0.0000 0.0000 -80.1027 10.9949 1.6158 17.7974 -27.8970 -4.4541 -0.0000 -0.0000 10.9935 16.7695 -29.0899 -8.3348 -7.1250 0.0000 -0.0000 -8.1373 0.0871 8.2082 0.0000 -0.0000 0.0000 85.4015 -4.0859 51.8663 -22.5232 33.5633 -6.8729 0.0000 0.0000 15.4097 1.8035 -46.1892 -1.3017 7.1250 -0.0000 -0.0000 57.3733 -67.7675 -35.6876
12.5418 15.1126 -29.8927 189.3340 -8.1662 182.1370 0.0000 0.0000 0.0000 8.5364 -39.5851 -29.7193 2.7084 10.2073 29.6506 1.3320 10.3321 -27.7492 0.0702 -1.7095 -4.7034 0.0000 0.0000 0.0000 36.7987 3.8046 21.7763 0.0000 -0.0000 0.0000 -0.4345 -4.4425 -14.8805 -0.0066 0.5230 -1.4371 -1.5360 -0.5371 3.5289 -1.0949 -0.9500 -3.3766 -0.1925 -0.4692 -5.4718 -3.5380 1.2828 -5.7215 -0.6535 0.1025 -16.7923 0.4446 -0.3538 -4.5803 -0.0000 -0.0000 0.0000 -80.5470 12.2358 -1.3384 17.2255 -27.1541 -4.1897 -0.0000 -0.0000 13.9715 13.7005 -27.5175 -6.4263 -7.1250 0.0000 -0.0000 -9.8121 2.1363 9.5827 -0.0000 -0.0000 0.0000 85.4242 -4.5803 49.5065 -23.1711 34.2753 -7.2344 0.0000 0.0000 13.6441 3.3567 -45.9412 -2.4136 7.1250 -0.0000 -0.0000 58.1624 -67.1392 -35.5603
12.3493 15.1003 -30.2121 189.6530 -6.9875 182.6110 0.0000 0.0000 0.0000 9.9155 -41.4639 -27.7725 2.4739 9.7903 28.3002 1.1695 13.8461 -29.6113 0.0631 -1.6209 -4.4592 0.0000 0.0000 0.0000 36.4949 4.1525 22.8910 0.0000 0.0000 -0.0000 -0.3758 -4.2872 -13.9587 -0.0002 0.0795 -0.2185 -1.5381 -0.5068 2.9847 -0.8806 -0.8924 -3.4473 0.0205 -0.4396 -5.2313 -3.2045 1.1107 -6.4205 0.5517 0.0259 -16.4804 0.7915 -0.4744 -4.3296 -0.0000 -0.0000 0.0000 -81.2675 13.8173 -4.1279 17.0922 -26.9792 -4.1291 -0.0000 -0.0000 15.7811 11.5376 -27.4692 -5.3792 -7.1250 0.0000 -0.0000 -11.0902 2.4786 10.8072 -0.0000 -0.0000 0.0000 85.8882 -5.7375 44.8110 -23.6520 34.7941 -7.5070 0.0000 0.0000 11.9492 6.5114 -45.5228 -4.6559 7.1250 -0.0000 -0.0000 59.9567 -65.9347 -35.4842
12.1208 15.0530 -30.5470 190.4420 -5.4168 182.8160 0.0000 0.0000 0.0000 9.2778 -40.5998 -24.8880 2.4464 9.7399 28.1384 1.3653 15.4115 -32.2978 0.0131 0.7381 2.0283 0.0000 0.0000 0.0000 36.6699 4.6926 24.4756 0.0000 0.0000 -0.0000 -0.2839 -4.7631 -12.9578 -0.0147 0.7834 -2.1529 -1.0386 -0.3611 2.6144 -0.4987 -0.6441 -3.4809 0.1143 -0.3274 -5.0572 -3.7374 1.1221 -6.4650 2.5646 0.2470 -16.7691 1.5729 -0.4347 -4.4530 -0.0000 0.0000 0.0000 -82.8588 14.9243 -8.8038 17.4377 -27.4311 -4.2870 -0.0000 -0.0000 15.8720 9.4075 -28.4707 -4.5160 -7.1250 0.0000 -0.0000 -12.3911 1.7613 12.2983 -0.0000 0.0000 0.0000 86.0406 -6.7375 39.3016 -23.4752 34.6044 -7.4064 0.0000 0.0000 10.9360 10.7325 -45.7139 -7.7269 7.1250 -0.0000 -0.0000 63.7024 -64.7615 -36.9149
11.8760 15.1027 -30.9332 189.2100 -4.6600 183.2050 0.0000 0.0000 0.0000 6.4176 -42.9212 -21.7906 2.2958 9.4568 27.2350 1.4775 18.6015 -35.9342 0.2412 3.1605 8.7258 0.0000 0.0000 0.0000 34.5292 4.4878 25.7959 0.0000 -0.0000 0.0000 -0.1429 -5.3517 -11.0485 -0.0050 -0.4580 1.2585 -2.2700 -0.3457 2.2031 -0.8388 -0.7174 -3.6271 0.4549 -0.3354 -4.9684 -4.3747 0.6594 -7.3841 4.5817 -0.1170 -16.1176 2.3677 -0.6569 -4.0481 -0.0000 0.0000 0.0000 -84.2860 15.1559 -13.6804 17.3580 -27.3273 -4.2504 -0.0000 -0.0000 12.7392 9.9458 -28.7165 -4.8159 -7.1250 0.0000 -0.0000 -12.0895 1.4540 12.0524 -0.0000 0.0000 0.0000 86.7514 -7.5351 31.4196 -22.3106 33.3263 -6.7557 0.0000 0.0000 12.6878 6.5653 -45.5943 -4.7004 7.1250 -0.0000 -0.0000 60.1334 -65.9567 -35.6485
11.6360 15.1926 -31.2626 186.6720 -4.8697 182.4570 0.0000 0.0000 0.0000 -0.1438 -40.1594 -18.6662 2.0921 9.0554 25.9686 0.4580 18.7702 -29.9706 0.0468 -1.3956 -3.8379 0.0000 0.0000 0.0000 31.1000 2.8405 27.4499 0.0000 0.0000 -0.0000 0.0841 -6.6598 -6.9444 -0.0150 0.7901 -2.1713 -4.5938 -0.1776 3.4609 -1.7653 -0.7249 -3.2369 0.8049 -0.2772 -5.2763 -5.2285 -0.2942 -7.8120 6.1054 -1.2693 -16.1145 3.0616 -1.2586 -3.9135 -0.0000 -0.0000 0.0000 -84.7552 12.7600 -19.4002 16.1969 -25.7869 -3.7312 -0.0000 -0.0000 12.8762 11.1873 -28.6804 -5.4221 -7.1250 0.0000 -0.0000 -11.3642 1.3298 11.3241 -0.0000 -0.0000 0.0000 86.8230 -8.9041 24.4944 -21.6228 32.5481 -6.3817 0.0000 0.0000 13.6436 0.9023 -46.5824 -0.6554 7.1250 -0.0000 -0.0000 57.4420 -68.2724 -36.3258
11.3525 15.2820 -31.5916 186.8490 -5.8428 182.2310 0.0000 0.0000 0.0000 -2.3156 -37.5574 -18.4397 2.1083 9.0882 26.0716 0.1547 15.8301 -23.9253 0.7048 -5.3659 -14.9551 0.0000 0.0000 0.0000 30.3033 1.2310 27.7731 0.0000 -0.0000 0.0000 0.2008 -8.0261 -1.5278 -0.0428 1.3346 -3.6700 -3.0319 0.1407 4.0118 -2.2747 -0.2608 -3.2658 -0.6345 -0.1142 -5.6446 -6.6347 -1.8312 -8.3661 7.1440 -3.0635 -14.9658 3.6307 -2.0521 -3.2617 -0.0000 0.0000 0.0000 -84.7599 10.0892 -22.4417 15.7060 -25.1205 -3.5202 -0.0000 -0.0000 15.7815 11.7491 -26.1488 -5.2371 -7.1250 0.0000 -0.0000 -10.8962 3.7574 10.3509 -0.0000 0.0000 0.0000 86.2778 -10.5851 18.4826 -19.2804 29.7656 -5.1693 0.0000 0.0000 14.7781 -4.8967 -47.3555 3.6059 7.1250 -0.0000 -0.0000 54.3750 -70.6305 -36.5229
11.0656 15.3607 -31.9685 186.2320 -6.1644 181.4140 0.0000 0.0000 0.0000 -5.9507 -34.0129 -16.7823 2.1382 9.1483 26.2603 0.4552 11.1119 -21.2001 0.9322 -6.1504 -17.2215 0.0000 0.0000 0.0000 28.7916 0.3075 27.5050 -0.0291 -1.1009 3.0264 0.2111 -9.9777 2.5458 -0.0006 0.1594 -0.4380 -2.2571 0.8895 4.2690 -3.0162 0.7199 -3.2379 -1.9311 0.3140 -5.7538 -8.3953 -3.0514 -7.3199 8.5429 -4.3196 -14.2845 4.0227 -2.5758 -2.6866 0.0000 -0.0000 0.0000 -84.5645 7.7899 -21.4896 15.9853 -25.5008 -3.6397 -0.0000 -0.0000 18.0701 11.5407 -25.7140 -5.0629 -7.1250 0.0000 -0.0000 -11.0013 4.2137 10.3597 0.0000 -0.0000 0.0000 85.2545 -13.4133 13.3983 -17.6552 27.7134 -4.3877 0.0000 0.0000 17.2373 -3.7063 -48.1329 2.7617 7.1250 -0.0000 -0.0000 57.2295 -70.6369 -38.8178
10.7524 15.4170 -32.3752 186.1790 -5.6441 180.5540 0.0000 0.0000 0.0000 -8.6522 -31.1138 -14.3286 2.1041 9.0796 26.0448 0.4876 9.8976 -20.2818 1.1913 -6.9260 -19.4963 0.0000 0.0000 0.0000 27.8011 0.7223 24.3831 -0.4344 -4.2293 11.7228 0.1480 -10.1433 4.3214 -0.0108 -0.6702 1.8418 -0.7131 1.8526 3.6307 -3.4266 2.1192 -3.1073 -3.3228 0.9438 -5.1538 -9.3900 -4.3811 -7.4243 7.5446 -5.8607 -11.1015 4.1221 -3.1227 -1.7939 -0.0000 0.0000 0.0000 -84.3374 5.3633 -18.2335 16.3478 -25.9900 -3.7971 -0.0000 -0.0000 17.1552 10.3301 -25.7141 -4.5218 -7.1250 0.0000 -0.0000 -11.7306 4.3585 11.0438 -0.0000 0.0000 0.0000 83.4125 -15.9844 9.5309 -16.0009 25.5219 -3.6464 0.0000 0.0000 21.3243 0.8341 -48.1556 -0.6214 7.1250 -0.0000 -0.0000 60.8302 -69.1109 -40.0187
10.4576 15.4799 -32.7673 185.3250 -4.9359 179.8310 0.0000 0.0000 0.0000 -12.0460 -28.4148 -11.3186 1.9468 8.7544 25.0300 0.5698 8.4629 -19.7710 0.9420 -6.1816 -17.3124 0.0000 0.0000 0.0000 25.0118 -0.1038 22.2980 -0.9523 -6.2145 17.4082 -0.0234 -10.5202 7.7425 -0.2097 -2.9483 8.1348 -0.0867 2.7228 3.9630 -4.0380 3.2203 -3.7079 -4.4445 1.4185 -5.8525 -9.6989 -5.1784 -5.5614 6.3322 -6.8495 -8.9627 3.7180 -3.4973 -1.3441 0.0000 -0.0000 0.0000 -83.9991 5.0118 -11.7088 18.1315 -28.3252 -4.6115 -0.0000 -0.0000 12.0546 9.4244 -25.6344 -4.1074 -7.1250 0.0000 -0.0000 -12.2728 4.5400 11.5360 0.0000 -0.0000 0.0000 81.7157 -19.5249 6.5707 -15.5933 24.9661 -3.4725 0.0000 0.0000 24.3132 8.4705 -48.4706 -6.3615 7.1250 -0.0000 -0.0000 67.2428 -66.7767 -42.4893
10.1911 15.5497 -33.1567 182.9210 -4.5011 179.5770 0.0000 0.0000 0.0000 -16.9118 -26.4236 -7.7497 1.5712 7.9091 22.4382 0.4227 9.2645 -18.9572 1.2381 -7.0557 -19.8806 0.0000 0.0000 0.0000 20.5140 -0.8498 18.8168 -1.9661 -8.7952 25.1567 -0.2715 -8.7495 10.3775 -0.1853 -2.7726 7.6462 -1.8098 3.2473 3.0397 -4.7626 3.7011 -3.8399 -4.2223 1.6726 -5.4974 -9.9635 -5.5260 -3.1484 5.4993 -7.4347 -8.4788 3.5421 -3.7344 -1.5802 -0.0000 -0.0000 0.0000 -83.5926 4.1944 -8.0162 19.9711 -30.6075 -5.5166 -0.0000 -0.0000 10.0969 6.5490 -30.6181 -3.3463 -7.1250 0.0000 -0.0000 -14.1224 0.0030 14.5713 -0.0000 -0.0000 0.0000 79.9598 -21.3153 3.6248 -15.8252 25.2831 -3.5710 0.0000 0.0000 25.3982 12.6083 -48.4800 -9.5073 7.1250 -0.0000 -0.0000 70.2668 -65.4828 -43.3764
9.9584 15.6017 -33.4988 182.4560 -3.9562 179.2210 0.0000 0.0000 0.0000 -19.2011 -25.0332 -4.7610 1.3113 7.2535 20.4685 0.4006 9.7932 -19.2522 1.4648 -7.6489 -21.6527 0.0000 0.0000 0.0000 18.5554 -1.0904 14.5708 -3.4396 -11.3749 33.5548 -0.3450 -10.0307 11.7657 -0.3306 -3.6951 10.2204 -1.9163 3.3635 2.5523 -4.8477 3.8274 -4.0965 -4.2405 1.7241 -5.4841 -10.3115 -5.2378 -0.2450 5.4405 -7.2593 -9.0099 3.7340 -3.6093 -2.2848 -0.0000 0.0000 0.0000 -82.6782 4.0744 -4.6272 21.9769 -32.9509 -6.5733 -0.0000 -0.0000 7.5011 5.2487 -31.7367 -2.7665 -7.1250 0.0000 -0.0000 -14.8926 -0.9364 15.6696 -0.0000 0.0000 0.0000 78.5113 -22.2675 1.2370 -16.9424 26.7818 -4.0613 0.0000 0.0000 23.3124 11.9557 -49.3089 -9.1213 7.1250 -0.0000 -0.0000 71.4367 -66.0296 -45.1552
9.7700 15.6341 -33.7814 181.8330 -3.4007 179.0590 0.0000 0.0000 0.0000 -21.2311 -23.9480 -1.9981 1.0561 6.5343 18.3427 0.4556 10.1883 -20.2445 1.2885 -7.1926 -20.2874 0.0000 0.0000 0.0000 16.7616 -1.5437 9.2454 -5.4974 -13.9230 42.9298 -0.2351 -11.6644 11.1963 -0.1765 -2.7058 7.4608 -2.5425 3.1094 1.9369 -4.8493 3.4629 -4.0584 -3.8259 1.5603 -5.1529 -10.4131 -4.9108 1.5966 5.2590 -6.9855 -9.3810 3.7893 -3.4479 -2.7796 -0.0000 -0.0000 0.0000 -81.5109 3.2091 -4.0733 22.9588 -34.0437 -7.1152 -0.0000 -0.0000 6.6184 6.3080 -31.5348 -3.3089 -7.1250 0.0000 -0.0000 -14.2944 -0.8573 14.9779 -0.0000 -0.0000 0.0000 77.2693 -22.0115 0.3036 -19.1423 29.5951 -5.1009 0.0000 0.0000 18.5623 9.3125 -49.6243 -7.1206 7.1250 -0.0000 -0.0000 70.2454 -66.9976 -45.3902
9.6287 15.6561 -34.0353 181.3730 -2.9766 178.4310 0.0000 0.0000 0.0000 -23.0244 -23.2004 1.1077 0.8494 5.8781 16.4312 0.4685 10.9307 -21.1418 1.3218 -7.2814 -20.5518 0.0000 0.0000 0.0000 15.6142 -1.6277 4.4918 -7.7928 -15.9647 51.8129 -0.0882 -9.2038 7.9425 -0.0040 -0.4082 1.1216 -3.4379 2.5927 2.3110 -4.7238 2.7119 -3.9100 -3.1612 1.2224 -5.2975 -10.3147 -4.2286 3.1374 5.6987 -6.1488 -10.3359 3.6081 -3.0565 -3.0977 0.0000 0.0000 0.0000 -80.0304 3.5287 -3.4602 24.5340 -35.7239 -8.0162 -0.0000 -0.0000 5.5822 8.9496 -30.7408 -4.6023 -7.1250 0.0000 -0.0000 -12.7685 -0.4008 13.1884 0.0000 0.0000 0.0000 76.5089 -21.6802 0.6151 -22.6914 33.7496 -6.9661 0.0000 0.0000 12.6191 3.9840 -48.3594 -2.9795 7.1250 -0.0000 -0.0000 63.6803 -68.1705 -41.2460
9.4996 15.6811 -34.2483 180.6690 -2.7336 177.3340 0.0000 0.0000 0.0000 -25.4554 -23.1074 5.4394 0.5795 4.8746 13.5512 0.3225 12.5542 -21.4757 0.8701 -5.9474 -16.6319 0.0000 0.0000 0.0000 14.4633 -1.4367 0.2441 -10.1758 -17.5075 60.0742 0.0227 -5.4043 3.0336 -0.1152 2.1879 -6.0253 -4.5088 1.8843 3.4896 -4.6029 1.6520 -3.5507 -2.3948 0.7450 -5.6648 -9.9523 -3.6982 4.0476 5.3959 -5.4913 -10.2667 3.4674 -2.7217 -3.2986 -0.0000 -0.0000 0.0000 -78.0419 3.7391 -3.4269 24.8555 -36.0559 -8.2047 -0.0000 -0.0000 4.7206 10.5606 -30.0975 -5.3412 -7.1250 0.0000 -0.0000 -11.8119 0.0198 12.0671 -0.0000 -0.0000 0.0000 75.6794 -20.3512 1.3017 -26.4086 37.6093 -9.1359 0.0000 0.0000 8.0803 0.4414 -46.8496 -0.3221 7.1250 -0.0000 -0.0000 57.6313 -68.5668 -36.8133
9.4027 15.6813 -34.4296 180.5690 -2.1964 176.6910 0.0000 0.0000 0.0000 -27.0796 -23.8001 8.5469 0.4659 4.3779 12.1423 0.1952 14.5258 -22.6258 0.4444 -4.2771 -11.8577 0.0000 0.0000 0.0000 14.3734 -0.8979 -4.8325 -12.4080 -18.5579 67.2765 0.0312 -3.1315 -1.1583 -0.2081 2.9371 -8.1038 -5.4299 1.1784 4.3031 -4.1939 0.6473 -3.2992 -1.3799 0.3087 -5.8931 -9.0951 -3.0306 4.4746 4.7261 -4.5853 -9.7634 3.0994 -2.2643 -3.3240 -0.0000 0.0000 0.0000 -76.0213 3.8782 -3.8618 24.1480 -35.3204 -7.7920 -0.0000 -0.0000 4.1257 12.0947 -31.4600 -6.3812 -7.1250 0.0000 -0.0000 -11.0344 -1.5346 11.5399 -0.0000 0.0000 0.0000 74.6672 -18.7010 2.9406 -29.8582 40.7716 -11.3169 0.0000 0.0000 5.6219 -1.3552 -46.0611 0.9759 7.1250 -0.0000 -0.0000 54.4532 -68.7150 -34.5098
9.3131 15.6636 -34.5887 179.9300 -1.3117 176.6940 0.0000 0.0000 0.0000 -28.7577 -24.0595 9.6539 0.4631 4.3649 12.1057 0.0851 15.9191 -23.4020 0.2681 -3.3310 -9.2016 0.0000 0.0000 0.0000 14.0824 0.7855 -10.2033 -14.1436 -19.1570 72.6425 -0.0385 -3.0280 -6.0080 -0.3217 3.6455 -10.0815 -6.7306 0.7196 4.5211 -3.9351 -0.0730 -3.2965 -0.3203 0.0117 -6.0150 -8.5043 -2.5473 5.3620 4.2072 -3.9697 -9.4888 2.8381 -1.9474 -3.4538 0.0000 -0.0000 0.0000 -73.9135 3.7822 -4.1996 22.7479 -33.8119 -6.9975 -0.0000 -0.0000 5.7697 13.2882 -30.9173 -6.9188 -7.1250 0.0000 -0.0000 -10.3122 -1.1779 10.6954 0.0000 -0.0000 0.0000 73.9503 -16.8990 4.7363 -32.0568 42.5924 -12.7793 0.0000 0.0000 4.6262 -3.9279 -46.1895 2.8366 7.1250 -0.0000 -0.0000 52.5177 -69.6380 -34.0234
9.2489 15.6439 -34.7646 180.1130 0.2934 176.0540 0.0000 0.0000 0.0000 -29.3963 -23.2320 10.7762 0.5083 4.5701 12.6863 0.1261 16.6693 -24.7737 0.2675 -3.3270 -9.1905 0.0000 0.0000 0.0000 15.5784 4.0800 -13.6573 -14.9611 -19.3800 75.1194 -0.2263 -3.7111 -11.1396 -0.5344 4.6842 -13.0101 -7.2395 0.0414 4.5107 -3.5806 -0.3324 -2.8720 0.3384 0.1590 -5.5124 -6.9713 -2.4651 6.0115 2.6475 -3.6148 -8.7976 2.3101 -1.6121 -3.7857 -0.0000 0.0000 0.0000 -71.6931 4.0224 -4.5219 21.3240 -32.2046 -6.2217 -0.0000 -0.0000 7.3756 14.8506 -30.9675 -7.7693 -7.1250 0.0000 -0.0000 -9.4256 -1.4740 9.7972 -0.0000 0.0000 0.0000 74.0527 -14.0810 6.9157 -32.4518 42.9044 -13.0474 0.0000 0.0000 3.8346 -6.0586 -46.5946 4.4094 7.1250 -0.0000 -0.0000 51.5846 -70.5954 -34.3021
9.1702 15.5934 -34.9182 179.4610 2.0216 175.3360 0.0000 0.0000 0.0000 -31.3750 -23.1794 12.6512 0.5341 4.6827 13.0057 0.4729 16.8874 -27.8383 0.0031 -0.3612 -0.9925 0.0000 0.0000 0.0000 15.8887 7.8512 -16.3595 -15.0402 -19.3997 75.3577 -0.4774 -3.8051 -15.0026 -0.6371 5.1067 -14.2131 -7.9214 -0.1592 4.8049 -3.5777 -0.6582 -2.4959 0.7531 0.0063 -5.2606 -6.0082 -2.0076 6.4601 1.8075 -3.0351 -8.5658 1.8305 -1.3355 -3.8419 -0.0000 0.0000 0.0000 -70.1160 4.9652 -4.9306 20.6563 -31.4250 -5.8697 -0.0000 -0.0000 9.7032 14.6245 -30.2669 -7.4926 -7.1250 0.0000 -0.0000 -9.4904 -0.7406 9.7463 -0.0000 0.0000 0.0000 74.8381 -10.9122 9.3695 -31.0588 41.7838 -12.1090 0.0000 0.0000 3.2477 -9.9477 -45.9473 7.1843 7.1250 -0.0000 -0.0000 46.5545 -71.5444 -31.3825
9.1068 15.5492 -35.0756 179.4950 4.0434 175.0100 0.0000 0.0000 0.0000 -32.0970 -22.6045 12.9254 0.6604 5.1977 14.4733 0.9469 16.6325 -30.8532 0.0867 1.8990 5.2266 0.0000 0.0000 0.0000 16.6485 12.0070 -18.6776 -14.3272 -19.2103 73.2013 -0.7363 -3.4748 -17.8344 -0.2887 3.4556 -9.5500 -7.8437 -0.3040 4.8923 -3.3080 -0.8770 -2.4799 1.0138 -0.1140 -5.2756 -5.1635 -1.6107 6.6443 0.4057 -2.5661 -7.6713 1.1753 -1.0952 -3.6032 -0.0000 -0.0000 0.0000 -68.8738 7.0729 -3.3869 20.5808 -31.3358 -5.8304 -0.0000 -0.0000 8.7213 14.8520 -28.9852 -7.3226 -7.1250 0.0000 -0.0000 -9.2470 0.5013 9.2879 -0.0000 -0.0000 0.0000 76.0357 -8.1115 12.5046 -28.2489 39.3444 -10.2811 0.0000 0.0000 2.4937 -11.2095 -46.9234 8.2368 7.1250 -0.0000 -0.0000 47.8209 -72.5988 -33.3464
9.0361 15.4896 -35.2526 179.1360 5.3281 174.7790 0.0000 0.0000 0.0000 -33.5557 -22.6505 13.3033 0.8276 5.8040 16.2168 1.3446 16.9182 -33.5817 0.1529 2.5194 6.9434 0.0000 0.0000 0.0000 16.6631 14.4872 -20.1818 -13.1365 -18.8309 69.5490 -0.9831 -4.3287 -20.7700 -0.5178 4.6121 -12.8055 -7.4731 -0.3239 4.8287 -3.2392 -0.8741 -2.2662 0.8828 -0.1454 -5.0164 -5.0690 -1.3040 5.9298 -0.5949 -2.1584 -6.5927 0.7857 -0.8785 -3.1122 -0.0000 0.0000 0.0000 -69.0459 7.2585 -4.4832 20.0619 -30.7169 -5.5629 -0.0000 -0.0000 9.8688 15.4780 -28.9452 -7.6331 -7.1250 0.0000 -0.0000 -8.8780 0.4430 8.9171 -0.0000 0.0000 0.0000 77.9064 -5.5029 14.6413 -24.9044 36.1061 -8.2335 0.0000 0.0000 3.9761 -9.9925 -48.4714 7.5141 7.1250 -0.0000 -0.0000 53.0728 -73.0449 -37.9722
8.9738 15.4251 -35.4167 178.9620 6.0396 174.7140 0.0000 0.0000 0.0000 -34.1621 -21.9138 12.6983 1.0171 6.4163 17.9972 1.6640 16.2134 -34.7555 0.1731 2.6802 7.3896 0.0000 0.0000 0.0000 16.6007 16.2171 -20.9747 -11.5708 -18.2033 64.6217 -1.2260 -4.8328 -23.1703 -0.6687 5.2293 -14.5637 -7.2662 -0.5566 4.4887 -2.9713 -1.1511 -2.2783 1.0699 -0.3016 -4.8134 -4.4255 -1.1323 5.7707 -2.2981 -1.9241 -5.1973 0.1015 -0.7430 -2.6320 0.0000 -0.0000 0.0000 -70.1642 8.0602 -5.2618 20.0441 -30.6954 -5.5538 -0.0000 -0.0000 9.1181 16.1499 -28.7573 -7.9312 -7.1250 0.0000 -0.0000 -8.4681 0.5233 8.4838 0.0000 -0.0000 0.0000 80.3074 -3.6078 15.6664 -21.1640 32.0193 -6.1367 0.0000 0.0000 8.9017 -6.1504 -47.6009 4.5498 7.1250 -0.0000 -0.0000 53.9314 -71.1996 -36.7714
8.9239 15.3828 -35.5975 178.7700 5.9974 174.7610 0.0000 0.0000 0.0000 -34.6182 -21.0269 12.4952 1.1110 6.6966 18.8197 1.7209 15.6120 -34.5496 0.0820 1.8472 5.0835 0.0000 0.0000 0.0000 16.3517 17.7175 -20.3021 -9.6846 -17.2286 58.4290 -1.5995 -3.3276 -25.2836 -0.4395 4.2539 -11.7922 -6.9525 -0.7024 4.0549 -2.6495 -1.3041 -2.4657 1.2386 -0.3901 -4.7501 -3.8604 -1.1691 6.0573 -4.3256 -1.9422 -3.8073 -0.6435 -0.7080 -2.2497 -0.0000 -0.0000 0.0000 -72.3734 8.4692 -5.8365 20.2835 -30.9824 -5.6766 -0.0000 -0.0000 8.5676 17.0240 -28.2936 -8.2577 -7.1250 0.0000 -0.0000 -7.9114 0.8467 7.8694 -0.0000 -0.0000 0.0000 83.3636 -3.2968 12.7967 -18.6626 28.9973 -4.8662 0.0000 0.0000 17.5069 -0.7019 -46.0606 0.5055 7.1250 -0.0000 -0.0000 55.0078 -68.5022 -34.6992
8.8807 15.3465 -35.7812 178.3660 5.0501 174.4440 0.0000 0.0000 0.0000 -35.0237 -19.2068 12.4427 1.1627 6.8453 19.2578 1.7162 14.2250 -33.3522 0.0023 0.3067 0.8427 0.0000 0.0000 0.0000 15.7599 19.4024 -17.8695 -7.5504 -15.7784 50.9266 -1.7929 -2.9202 -26.4845 -0.9751 6.2864 -17.6178 -6.7664 -0.7610 4.4043 -2.3766 -1.4247 -2.7835 1.4344 -0.4354 -5.2726 -3.9105 -1.3119 6.3077 -5.7802 -2.0328 -2.1069 -1.0917 -0.7265 -1.7571 -0.0000 0.0000 0.0000 -75.0575 8.9938 -4.6196 20.5354 -31.2820 -5.8068 -0.0000 -0.0000 7.6198 18.0763 -28.7770 -8.9296 -7.1250 0.0000 -0.0000 -7.3416 0.1793 7.3794 -0.0000 0.0000 0.0000 85.9348 -3.9539 8.1302 -16.4912 26.1821 -3.8601 0.0000 0.0000 21.4220 8.3763 -45.5865 -6.0042 7.1250 -0.0000 -0.0000 61.5888 -65.4026 -36.0825
8.8468 15.3093 -35.9665 178.5070 3.6269 175.0150 0.0000 0.0000 0.0000 -34.8228 -18.8237 11.7492 1.2797 7.1689 20.2166 1.8947 12.5396 -33.0546 0.0014 0.2396 0.6582 0.0000 0.0000 0.0000 15.5381 21.6890 -15.3483 -5.7203 -14.1517 43.8484 -2.0891 -1.3925 -27.8647 -1.1208 6.7249 -18.9030 -6.2705 -0.8993 3.3513 -1.8489 -1.4945 -2.9782 1.6974 -0.4956 -4.8659 -3.7701 -1.7596 5.9341 -7.3801 -2.3946 -0.2702 -1.6125 -0.8975 -1.1351 0.0000 0.0000 0.0000 -78.2944 8.3100 -3.4672 20.3328 -31.0412 -5.7019 -0.0000 -0.0000 7.2366 17.8770 -28.8988 -8.8597 -7.1250 0.0000 -0.0000 -7.4710 0.0908 7.5234 0.0000 0.0000 0.0000 87.0302 -5.3707 5.7828 -15.4199 24.7278 -3.3996 0.0000 0.0000 17.9456 16.5010 -46.0768 -12.0444 7.1250 -0.0000 -0.0000 68.8059 -63.2405 -38.9767
8.8052 15.2547 -36.1742 178.0150 1.1303 174.8040 0.0000 0.0000 0.0000 -35.3971 -17.7795 11.7885 1.4006 7.4864 21.1645 1.9126 10.5071 -31.6771 0.0063 -0.5124 -1.4079 0.0000 0.0000 0.0000 15.0556 23.0755 -11.0551 -4.3120 -12.5644 37.7591 -2.0944 -1.4282 -27.9128 -1.5637 7.8911 -22.3839 -6.0116 -1.1480 3.1360 -1.6463 -1.7970 -3.3075 1.7823 -0.6369 -5.0657 -3.4295 -2.3071 6.3220 -9.5331 -2.7981 1.5768 -2.3604 -1.0462 -0.6751 -0.0000 -0.0000 0.0000 -81.7705 8.4382 -1.5724 20.2746 -30.9717 -5.6720 -0.0000 -0.0000 7.3072 16.5211 -28.8247 -8.1385 -7.1250 0.0000 -0.0000 -8.2570 0.3950 8.2866 -0.0000 -0.0000 0.0000 86.8331 -7.2203 1.0306 -14.4089 23.3163 -2.9881 0.0000 0.0000 18.6863 28.5596 -45.2814 -21.1448 7.1250 -0.0000 -0.0000 76.4643 -59.5231 -39.8654
8.7774 15.2072 -36.3800 177.7660 -1.5196 174.9230 0.0000 0.0000 0.0000 -35.3503 -16.8137 11.4013 1.5224 7.7911 22.0813 2.0186 7.6269 -30.4580 0.0214 -0.9446 -2.5965 0.0000 0.0000 0.0000 15.2447 24.3297 -6.8409 -3.3277 -11.2075 32.9828 -2.0025 -2.4661 -27.7179 -1.5376 7.8280 -22.1929 -5.4084 -1.2080 2.6619 -1.4876 -2.1454 -3.7778 1.6411 -0.9528 -5.2886 -3.3449 -2.8324 6.1398 -11.3586 -2.9826 3.9304 -2.9954 -1.1297 0.0592 -0.0000 -0.0000 0.0000 -85.4176 9.0757 -0.1015 20.5425 -31.2904 -5.8105 -0.0000 -0.0000 8.0292 14.2143 -29.9341 -7.2040 -7.1250 0.0000 -0.0000 -9.6976 -0.3452 9.8983 -0.0000 -0.0000 0.0000 85.8335 -9.2648 -3.2410 -13.9357 22.6427 -2.8033 0.0000 0.0000 20.6577 30.5095 -46.9162 -23.2858 7.1250 -0.0000 -0.0000 80.2956 -59.6332 -43.7077
8.7435 15.2059 -36.5852 178.3450 -4.0044 175.2150 0.0000 0.0000 0.0000 -34.5105 -16.5008 11.3023 1.6023 7.9834 22.6637 2.0064 5.3780 -29.1168 0.0931 -1.9681 -5.4175 0.0000 0.0000 0.0000 16.9553 26.7911 -2.2933 -2.7258 -10.2374 29.7490 -0.9154 -5.9402 -21.1658 -1.1669 6.8572 -19.2931 -3.5966 -1.2353 1.8449 -1.1944 -2.0614 -4.2848 0.9146 -0.9761 -5.3979 -3.7563 -3.6894 5.2520 -13.1829 -3.3367 6.8792 -3.5993 -1.3518 1.1229 0.0000 -0.0000 0.0000 -89.1928 8.7016 -0.9594 19.7805 -30.3770 -5.4199 -0.0000 -0.0000 11.2378 11.2142 -32.0951 -6.0135 -7.1250 0.0000 -0.0000 -11.5800 -2.0306 12.2321 0.0000 -0.0000 0.0000 84.7284 -11.9983 -6.7165 -14.5732 23.5483 -3.0534 0.0000 0.0000 22.4589 24.3621 -49.4841 -18.9959 7.1250 -0.0000 -0.0000 80.2284 -62.3097 -47.9866
8.6843 15.2241 -36.7569 178.2790 -6.7005 175.4590 0.0000 0.0000 0.0000 -34.6613 -16.4251 11.7400 1.6151 8.0135 22.7550 1.9510 3.8168 -27.9756 0.1957 -2.8490 -7.8586 0.0000 0.0000 0.0000 17.2376 26.9322 -0.2553 -2.5742 -9.9715 28.8846 -0.3815 -10.3407 -19.6196 -1.0945 6.6482 -18.6772 -1.9291 -1.2588 1.4121 -1.1602 -2.0570 -4.9143 0.0180 -1.0542 -5.8622 -3.0278 -2.3418 3.5834 -16.6982 -3.8271 11.3445 -4.6459 -3.3340 2.4604 -0.0000 -0.0000 0.0000 -91.0491 10.7309 5.3435 19.7741 -30.3692 -5.4167 -0.0000 -0.0000 8.3925 7.9210 -32.6629 -4.2943 -7.1250 0.0000 -0.0000 -13.4536 -2.1421 14.3425 -0.0000 -0.0000 0.0000 83.3440 -14.6638 -9.0460 -14.9860 24.1266 -3.2202 0.0000 0.0000 20.5454 10.4734 -51.9855 -8.2864 7.1250 -0.0000 -0.0000 76.1445 -67.4782 -51.4328
8.6582 15.2318 -36.8950 179.1270 -8.9531 174.7880 0.0000 0.0000 0.0000 -33.8594 -16.0985 12.3504 1.6873 8.1818 23.2677 1.9061 2.8954 -27.2541 0.5681 -4.8271 -13.4160 0.0000 0.0000 0.0000 18.6880 25.4262 1.6214 -2.5091 -9.8545 28.5067 -0.3942 -11.0968 -20.5669 -0.7840 5.6527 -15.7800 -0.1969 -1.4226 1.7327 -0.6373 -2.1452 -4.9193 -0.3927 -1.1521 -6.0883 -2.7483 -2.2927 2.3972 -19.3815 -3.6081 13.4530 -5.6440 -3.7020 3.2300 0.0000 -0.0000 0.0000 -92.4455 11.3720 6.0719 19.5837 -30.1375 -5.3208 -0.0000 -0.0000 16.2070 -6.7563 -36.7098 4.0507 -7.1250 0.0000 -0.0000 -21.2806 -4.7792 24.6847 0.0000 -0.0000 0.0000 81.5251 -16.1532 -10.6417 -15.5312 24.8809 -3.4464 0.0000 0.0000 16.8627 -1.5819 -50.5836 1.2222 7.1250 -0.0000 -0.0000 65.0665 -71.0371 -45.8620
8.6501 15.2356 -36.9851 178.7530 -10.8707 175.1580 0.0000 0.0000 0.0000 -33.6820 -15.3989 12.1882 1.6177 8.0198 22.7742 1.8180 1.8032 -26.1870 1.0800 -6.6056 -18.5522 0.0000 0.0000 0.0000 17.8652 23.9925 1.2728 -2.5911 -10.0017 28.9822 -0.3821 -11.3933 -20.7660 -1.1055 6.6806 -18.7725 -0.0660 -1.4916 2.0691 -0.3007 -2.2158 -5.0843 -0.0974 -1.1828 -6.4486 -2.5666 -2.4370 0.5829 -21.8482 -3.5669 14.7360 -6.5934 -4.1143 3.8696 0.0000 0.0000 0.0000 -91.9234 11.0601 5.9959 19.3291 -29.8255 -5.1935 -0.0000 -0.0000 22.0626 -24.3265 -38.0438 15.5677 -7.1250 0.0000 -0.0000 -29.3606 -6.5813 37.5860 0.0000 0.0000 0.0000 79.8428 -16.3720 -13.2620 -16.5665 26.2827 -3.8934 0.0000 0.0000 15.5982 -5.3275 -52.4286 4.2270 7.1250 -0.0000 -0.0000 68.1096 -73.0607 -50.9078
8.6527 15.2338 -37.0823 178.1740 -12.5854 175.5880 0.0000 0.0000 0.0000 -34.0362 -15.2706 12.5084 1.4999 7.7358 21.9145 1.8474 0.1481 -25.7850 0.5767 -4.8632 -13.5188 0.0000 0.0000 0.0000 16.9844 22.6261 0.7376 -2.7212 -10.2294 29.7227 -0.5127 -10.6954 -21.3361 -0.7547 5.5486 -15.4801 -0.4175 -1.5285 2.3533 -0.1019 -2.2764 -5.2083 0.3224 -1.1877 -6.7233 -2.5743 -2.5386 0.2859 -22.4707 -3.7067 14.1469 -6.7799 -4.1732 3.7137 -0.0000 -0.0000 0.0000 -90.7614 10.9106 4.8684 19.8624 -30.4762 -5.4614 -0.0000 -0.0000 19.5749 -30.4288 -30.8959 16.7836 -7.1250 0.0000 -0.0000 -32.7273 -1.0703 40.6664 -0.0000 -0.0000 0.0000 77.1832 -17.5185 -9.3741 -17.6837 27.7503 -4.4010 0.0000 0.0000 9.7745 -5.7547 -54.0205 4.6623 7.1250 -0.0000 -0.0000 73.0554 -73.6733 -56.1745
8.6517 15.2268 -37.1913 177.2750 -14.3776 175.8020 0.0000 0.0000 0.0000 -35.1045 -15.4494 13.1462 1.4675 7.6556 21.6727 1.7712 0.3475 -25.3133 0.9121 -6.0857 -17.0332 0.0000 0.0000 0.0000 16.4696 22.3503 1.7018 -2.7618 -10.2991 29.9508 -0.6004 -11.4586 -22.9309 -0.4834 4.4584 -12.3701 -0.8752 -1.5121 2.2487 -0.1895 -2.2442 -4.7826 0.4701 -1.1408 -6.1974 -2.3301 -2.6071 -0.1506 -22.4204 -3.7363 13.2320 -6.7712 -4.0447 3.5074 -0.0000 0.0000 0.0000 -89.3123 10.0550 2.5493 19.8123 -30.4155 -5.4360 -0.0000 -0.0000 18.3952 -19.8315 -30.4597 10.3605 -7.1250 0.0000 -0.0000 -28.0832 0.8241 31.8027 -0.0000 0.0000 0.0000 75.1706 -17.4149 -7.3086 -18.3912 28.6552 -4.7353 0.0000 0.0000 7.7617 -7.7803 -53.4043 6.2601 7.1250 -0.0000 -0.0000 70.1036 -74.2569 -54.0930
8.6458 15.2291 -37.2513 178.4970 -15.7496 176.3700 0.0000 0.0000 0.0000 -33.9483 -16.8750 12.6312 1.5953 7.9666 22.6127 1.8941 -1.2254 -25.6900 0.0581 -1.5557 -4.2791 0.0000 0.0000 0.0000 17.6583 21.6235 1.4540 -2.6756 -10.1503 29.4650 -0.4881 -12.5430 -23.0424 -0.5245 4.6414 -12.8886 1.0240 -1.5127 2.2170 0.2163 -2.1399 -5.0643 -0.1707 -1.1790 -6.5325 -1.9069 -2.6246 -0.7727 -22.7312 -3.6253 13.2180 -6.9635 -3.9948 3.6065 -0.0000 0.0000 0.0000 -88.1529 9.5027 -0.6494 19.4337 -29.9540 -5.2456 -0.0000 -0.0000 15.7820 -0.3959 -32.4506 0.2125 -7.1250 0.0000 -0.0000 -18.0013 -1.1104 19.3190 -0.0000 0.0000 0.0000 73.2906 -17.5248 -4.1542 -18.7029 29.0478 -4.8857 0.0000 0.0000 7.5403 -7.1063 -52.8179 5.6723 7.1250 -0.0000 -0.0000 68.4372 -73.8363 -52.0881
8.6626 15.2474 -37.3201 178.4360 -16.9148 177.1740 0.0000 0.0000 0.0000 -33.6507 -17.3664 11.7007 1.6590 8.1165 23.0686 1.9738 -1.6682 -26.1181 0.2641 -3.3059 -9.1316 0.0000 0.0000 0.0000 17.8599 22.0171 1.3587 -2.6741 -10.1478 29.4565 -0.4416 -13.7239 -23.9322 -0.4270 4.1935 -11.6218 1.3580 -1.4094 2.2451 0.2180 -1.9971 -5.2958 -0.3603 -1.1339 -6.8055 -2.0151 -2.6162 -0.2896 -21.6649 -3.6454 12.3304 -6.5333 -3.7665 3.2824 0.0000 0.0000 0.0000 -87.1176 9.2239 -3.6333 19.5581 -30.1063 -5.3079 -0.0000 -0.0000 12.2927 17.8288 -33.4540 -10.0539 -7.1250 0.0000 -0.0000 -8.0292 -4.4800 8.7150 0.0000 0.0000 0.0000 72.1210 -17.0178 -1.7717 -18.7233 29.0734 -4.8957 0.0000 0.0000 9.0894 -4.7968 -54.3960 3.9032 7.1250 -0.0000 -0.0000 74.6849 -73.4137 -57.4111
8.6804 15.2554 -37.3527 177.8460 -17.9036 178.1660 0.0000 0.0000 0.0000 -33.8167 -17.8460 10.8909 1.6830 8.1720 23.2376 1.9256 -2.1320 -25.6710 0.3750 -3.9332 -10.8888 0.0000 0.0000 0.0000 17.1696 21.9650 0.4421 -2.7773 -10.3255 30.0373 -0.4041 -14.3490 -24.3190 -0.5234 4.6364 -12.8743 1.5011 -1.2738 2.4407 -0.1457 -1.8227 -5.3480 -0.8275 -1.0664 -6.9888 -2.0116 -2.8950 -0.3289 -20.7187 -3.9909 11.5417 -6.1943 -3.7367 3.0438 0.0000 -0.0000 0.0000 -85.8319 8.9385 -6.3353 20.0847 -30.7442 -5.5746 -0.0000 -0.0000 11.2851 26.3017 -32.0023 -14.6782 -7.1250 0.0000 -0.0000 -3.0784 -4.8553 3.3326 0.0000 -0.0000 0.0000 72.0966 -15.8386 -0.4281 -18.5731 28.8847 -4.8229 0.0000 0.0000 10.2226 -5.9865 -52.8442 4.7775 7.1250 -0.0000 -0.0000 69.0846 -73.4336 -52.2211
8.7017 15.2639 -37.3763 177.3420 -19.0436 178.5340 0.0000 0.0000 0.0000 -33.8834 -17.7654 10.6973 1.6451 8.0841 22.9698 1.8473 -3.2017 -24.8907 0.3617 -3.8637 -10.6936 0.0000 0.0000 0.0000 16.5935 21.3347 -0.0763 -2.8887 -10.5126 30.6533 -0.3825 -14.4067 -24.1980 -0.5204 4.6233 -12.8372 1.2337 -1.3393 2.8202 -0.1077 -1.8723 -4.8225 -0.6356 -1.0510 -6.6391 -2.2102 -2.9631 -0.3462 -20.3043 -4.1842 10.2248 -5.9795 -3.6630 2.6539 -0.0000 0.0000 0.0000 -85.3519 8.5374 -7.6815 21.1785 -32.0361 -6.1444 -0.0000 -0.0000 9.0054 26.0507 -29.1540 -13.3948 -7.1250 0.0000 -0.0000 -2.7406 -1.8243 2.8296 -0.0000 0.0000 0.0000 71.9361 -13.6667 0.8009 -18.7170 29.0655 -4.8926 0.0000 0.0000 10.5622 -4.1928 -53.4790 3.3716 7.1250 -0.0000 -0.0000 71.9854 -72.9675 -54.3558
8.7242 15.2604 -37.3886 176.6030 -20.3557 178.9910 0.0000 0.0000 0.0000 -34.2025 -17.6220 10.7547 1.5314 7.8130 22.1476 1.7152 -4.6031 -23.7134 0.0817 -1.8432 -5.0726 0.0000 0.0000 0.0000 15.7218 20.6066 -0.6532 -3.0337 -10.7493 31.4391 -0.5435 -14.1148 -25.2367 -0.4593 4.3476 -12.0566 0.8830 -1.3329 3.4601 -0.1588 -1.8517 -4.5163 -0.4839 -1.0100 -6.6730 -2.3480 -3.1514 -0.6230 -20.5128 -4.4385 9.9823 -6.0249 -3.7907 2.6049 -0.0000 0.0000 0.0000 -84.6726 8.7277 -6.4520 21.6513 -32.5807 -6.3971 -0.0000 -0.0000 4.8121 23.1433 -28.3019 -11.4560 -7.1250 0.0000 -0.0000 -4.3111 -0.2982 4.3457 -0.0000 0.0000 0.0000 71.9957 -12.1185 2.8141 -18.9637 29.3736 -5.0131 0.0000 0.0000 8.5025 -5.7948 -52.2875 4.5900 7.1250 -0.0000 -0.0000 67.4127 -73.1836 -50.4187
8.7479 15.2867 -37.4224 176.7420 -21.7860 179.2680 0.0000 0.0000 0.0000 -33.6221 -17.7237 10.2549 1.5471 7.8511 22.2628 1.6384 -5.0123 -23.1015 0.2581 -3.2685 -9.0271 0.0000 0.0000 0.0000 15.9583 20.0783 -0.5918 -2.9918 -10.6817 31.2139 -0.4837 -14.7264 -25.4260 -0.3025 3.5360 -9.7747 1.1459 -1.3312 3.3177 0.0692 -1.7950 -4.0385 -0.4122 -0.9740 -6.0847 -2.6900 -3.3444 -0.1182 -20.0383 -4.8011 9.3035 -5.7792 -3.8511 2.3058 0.0000 -0.0000 0.0000 -84.0819 8.0719 -4.9898 20.9524 -31.7727 -6.0249 -0.0000 -0.0000 4.1431 19.9239 -29.1937 -10.0262 -7.1250 0.0000 -0.0000 -6.3086 -0.5791 6.4109 0.0000 -0.0000 0.0000 72.7899 -9.8815 3.1170 -18.9345 29.3372 -4.9987 0.0000 0.0000 7.7598 -6.8886 -51.7496 5.4197 7.1250 -0.0000 -0.0000 65.0988 -73.3939 -48.5849
8.7584 15.3017 -37.4098 175.8680 -23.1642 180.4460 0.0000 0.0000 0.0000 -34.0450 -18.2708 9.3854 1.5408 7.8358 22.2165 1.5407 -5.9046 -22.2892 0.1611 -2.5860 -7.1282 0.0000 0.0000 0.0000 14.7553 19.5753 -1.3867 -2.9793 -10.6615 31.1466 -0.4760 -14.8926 -25.5517 -0.2640 3.3057 -9.1311 1.1826 -1.2829 3.5295 -0.1827 -1.7484 -4.2992 -0.6886 -0.9656 -6.4913 -2.4630 -3.5729 0.0311 -20.6199 -5.0032 10.5105 -6.0400 -4.0895 2.5928 0.0000 -0.0000 0.0000 -83.6518 8.3962 -2.6107 20.3051 -31.0082 -5.6877 -0.0000 -0.0000 6.4146 17.2668 -29.6377 -8.7385 -7.1250 0.0000 -0.0000 -7.9032 -0.5488 8.0553 0.0000 -0.0000 0.0000 74.0404 -8.4523 3.8553 -18.8482 29.2296 -4.9565 0.0000 0.0000 7.8474 -9.9790 -50.9518 7.7810 7.1250 -0.0000 -0.0000 60.6471 -74.2280 -45.5841
8.7989 15.3168 -37.4329 176.3480 -24.6504 180.6570 0.0000 0.0000 0.0000 -32.9616 -18.5621 8.6103 1.6035 7.9861 22.6717 1.4897 -7.0950 -21.8463 0.2377 -3.1374 -8.6616 0.0000 0.0000 0.0000 15.8135 19.9801 -0.8621 -2.9063 -10.5418 30.7495 -0.2352 -16.8887 -25.9810 -0.2503 3.2191 -8.8893 1.5822 -1.2441 3.4551 0.1435 -1.6423 -4.0617 -0.5888 -0.9158 -6.1966 -2.8447 -3.8488 -0.0871 -20.4439 -5.2179 11.6791 -5.9729 -4.3149 2.9615 0.0000 -0.0000 0.0000 -83.8287 8.3932 0.7163 19.8552 -30.4675 -5.4578 -0.0000 -0.0000 9.3902 16.7508 -28.7653 -8.2413 -7.1250 0.0000 -0.0000 -8.1168 0.4168 8.1399 0.0000 -0.0000 0.0000 75.1222 -6.3925 5.3458 -18.3566 28.6114 -4.7188 0.0000 0.0000 8.5076 -9.3325 -51.8891 7.3677 7.1250 -0.0000 -0.0000 64.1514 -74.3511 -48.8007
8.8281 15.3204 -37.4446 175.9140 -26.3262 181.1430 0.0000 0.0000 0.0000 -32.8676 -18.7825 8.1182 1.6264 8.0402 22.8361 1.3474 -7.8839 -20.7586 0.2850 -3.4334 -9.4877 0.0000 0.0000 0.0000 15.7838 19.8241 -0.5663 -2.8794 -10.4972 30.6024 -0.1360 -18.1234 -26.7804 -0.1691 2.6488 -7.3025 1.6512 -1.1444 3.7748 0.0637 -1.5065 -4.2710 -0.7118 -0.8594 -6.6038 -3.0084 -3.9579 0.5795 -20.2929 -5.2384 13.5820 -5.9567 -4.4863 3.4248 0.0000 -0.0000 0.0000 -84.2944 9.0384 3.0842 19.1081 -29.5528 -5.0841 -0.0000 -0.0000 13.6397 16.0083 -31.1642 -8.4450 -7.1250 0.0000 -0.0000 -8.7852 -1.8629 9.1734 0.0000 -0.0000 0.0000 76.5618 -5.6428 7.4899 -18.3866 28.6493 -4.7331 0.0000 0.0000 9.2947 -7.2253 -52.6843 5.7575 7.1250 -0.0000 -0.0000 67.9350 -73.8383 -51.6333
8.8542 15.3375 -37.4636 175.5860 -28.0441 181.4770 0.0000 0.0000 0.0000 -32.8342 -19.2774 8.1010 1.6092 7.9997 22.7130 1.1885 -9.1945 -19.5838 0.1482 -2.4808 -6.8364 0.0000 0.0000 0.0000 15.9913 20.0024 -0.0140 -2.8734 -10.4873 30.5695 -0.1304 -19.2087 -28.1757 -0.0757 1.7746 -4.8832 1.5844 -1.1780 3.4219 0.1324 -1.5462 -3.9268 -0.6134 -0.8631 -6.0330 -3.2325 -3.9621 0.1046 -20.2994 -4.9663 15.9999 -6.0582 -4.6381 4.2780 0.0000 -0.0000 0.0000 -85.6748 8.6623 4.2150 18.6318 -28.9586 -4.8513 -0.0000 -0.0000 16.6064 15.2882 -31.9656 -8.2343 -7.1250 0.0000 -0.0000 -9.2766 -2.5391 9.8056 0.0000 -0.0000 0.0000 77.7737 -3.7990 10.4173 -18.1047 28.2911 -4.5988 0.0000 0.0000 10.4971 -5.6722 -52.3231 4.4948 7.1250 -0.0000 -0.0000 67.5916 -73.1510 -50.5428
8.8724 15.3435 -37.4654 174.8500 -29.9460 181.9370 0.0000 0.0000 0.0000 -33.0506 -19.2389 7.6736 1.6196 8.0241 22.7873 0.9028 -10.7138 -17.4516 0.0004 0.1220 0.3351 0.0000 0.0000 0.0000 15.5379 19.0970 0.1958 -2.8530 -10.4532 30.4571 -0.2085 -19.8112 -29.5350 -0.0239 0.9981 -2.7435 1.7740 -1.0767 3.8278 -0.0160 -1.3979 -4.0645 -0.8765 -0.8051 -6.4179 -3.5929 -3.9482 0.0188 -20.4342 -4.7217 19.0086 -6.2206 -4.8923 5.2606 0.0000 -0.0000 0.0000 -87.6670 9.3183 5.1908 18.8601 -29.2445 -4.9623 -0.0000 -0.0000 17.4849 12.9008 -32.1831 -6.9555 -7.1250 0.0000 -0.0000 -10.6410 -2.3686 11.2646 0.0000 -0.0000 0.0000 79.2498 -3.2943 12.4467 -18.2136 28.4298 -4.6505 0.0000 0.0000 12.2889 -4.6836 -51.4563 3.6664 7.1250 -0.0000 -0.0000 65.5250 -72.4826 -47.9336
8.9041 15.3721 -37.4761 175.0430 -32.0355 182.2730 0.0000 0.0000 0.0000 -32.2559 -19.6709 6.5476 1.7512 8.3275 23.7133 0.6598 -12.7837 -15.9083 0.1436 2.4421 6.7292 0.0000 0.0000 0.0000 16.2305 18.7652 0.8044 -2.6835 -10.1641 29.5099 -0.0670 -21.3140 -30.5461 -0.0010 0.2044 -0.5616 2.1848 -1.1129 3.5681 0.2769 -1.4125 -4.0914 -0.8050 -0.8252 -6.3008 -6.6203 -2.8654 -2.3063 -17.4636 -2.7116 24.0889 -5.0875 -4.5274 7.7079 0.0000 -0.0000 0.0000 -89.9873 10.6089 6.2793 19.9438 -30.5746 -5.5027 -0.0000 -0.0000 14.9857 9.7981 -32.0855 -5.2413 -7.1250 0.0000 -0.0000 -12.3725 -1.8239 13.0647 0.0000 -0.0000 0.0000 80.1599 -2.5630 15.8255 -18.2626 28.4921 -4.6738 0.0000 0.0000 11.2894 -2.7900 -51.0551 2.1706 7.1250 -0.0000 -0.0000 65.5605 -71.6514 -47.0093
8.9447 15.3950 -37.4725 174.3600 -34.2218 182.8440 0.0000 0.0000 0.0000 -32.2112 -19.6318 5.7000 1.8058 8.4493 24.0874 0.3928 -14.3131 -14.1137 0.0869 1.9015 5.2336 0.0000 0.0000 0.0000 16.0729 18.1209 1.2388 -2.5958 -10.0100 29.0091 -0.1035 -22.2393 -32.0309 -0.0170 -0.8415 2.3129 2.2829 -0.8663 4.0690 0.2471 -1.0589 -4.1520 -0.9146 -0.6575 -6.6454 -7.6067 -3.1475 -1.7426 -16.9626 -3.1862 26.3787 -4.9351 -5.0336 8.4163 -0.0000 -0.0000 0.0000 -90.5654 9.7066 9.0053 17.9308 -28.0685 -4.5167 -0.0000 -0.0000 12.6786 5.3894 -33.8477 -3.0079 -7.1250 0.0000 -0.0000 -14.9036 -2.9867 16.2066 -0.0000 -0.0000 0.0000 81.3966 -2.7131 16.7838 -19.0128 29.4345 -5.0371 0.0000 0.0000 10.7561 -2.2911 -50.4847 1.7678 7.1250 -0.0000 -0.0000 64.3267 -71.2446 -45.4607
9.0115 15.4354 -37.4550 175.2730 -36.8647 183.1570 0.0000 0.0000 0.0000 -30.4277 -20.2678 3.4322 2.0422 8.9535 25.6499 0.0107 -16.0207 -11.3657 0.6950 5.3292 14.8499 0.0000 0.0000 0.0000 17.6515 18.4390 1.7321 -2.3550 -9.5693 27.5930 0.0101 -24.3316 -34.1660 -0.2572 -3.2629 9.0116 3.5776 -0.7549 4.0189 0.5403 -0.8080 -4.1759 -1.3585 -0.5913 -6.6537 -5.9056 -3.3043 -1.7342 -18.6327 -3.2469 28.2432 -5.9735 -5.2711 8.9647 -0.0000 -0.0000 0.0000 -91.2003 10.1827 8.9109 19.6922 -30.2697 -5.3753 -0.0000 -0.0000 16.5438 -8.0810 -35.9104 4.7603 -7.1250 0.0000 -0.0000 -21.9556 -3.9833 25.3070 -0.0000 -0.0000 0.0000 82.7316 -3.0398 17.4165 -19.7897 30.3881 -5.4246 0.0000 0.0000 10.2154 -2.3696 -49.1752 1.7936 7.1250 -0.0000 -0.0000 60.8531 -70.6904 -41.8639
9.0297 15.4474 -37.4659 173.8440 -38.7559 184.2590 0.0000 0.0000 0.0000 -31.6246 -20.7821 3.4576 2.0414 8.9518 25.6448 -0.1237 -15.9430 -9.8593 1.1398 6.7797 19.0645 0.0000 0.0000 0.0000 17.0242 18.2141 2.3014 -2.3288 -9.5198 27.4353 -0.1033 -25.3553 -36.1867 -0.5087 -4.5720 12.6918 3.1944 -0.4269 3.7950 0.2883 -0.4090 -3.8933 -1.4504 -0.3667 -6.2008 -1.5258 -3.7383 -0.9529 -23.2183 -3.6362 29.0958 -8.4842 -5.5831 8.7407 0.0000 -0.0000 0.0000 -90.5888 9.8375 8.5077 20.1274 -30.7955 -5.5964 -0.0000 -0.0000 17.9848 -17.9415 -36.1978 10.8256 -7.1250 0.0000 -0.0000 -26.6784 -4.3550 32.2288 0.0000 -0.0000 0.0000 83.1243 -2.7018 18.7971 -19.6762 30.2503 -5.3673 0.0000 0.0000 9.5327 -4.6559 -49.0606 3.5204 7.1250 -0.0000 -0.0000 58.8508 -71.4333 -41.0261
9.1083 15.4434 -37.4507 172.7720 -41.5611 185.4210 0.0000 0.0000 0.0000 -31.8456 -21.5829 2.5077 2.1348 9.1414 26.2385 -0.3520 -16.9781 -8.1046 1.6341 8.0584 22.8916 0.0000 0.0000 0.0000 17.0249 17.8991 2.6198 -2.2949 -9.4551 27.2295 -0.9231 -25.4592 -40.3998 -0.9987 -6.3596 17.8313 2.7632 -0.3950 4.2928 0.3713 -0.3641 -3.7180 -1.1250 -0.3171 -6.2943 -5.9465 -2.9711 -2.8616 -18.6742 -2.4864 32.8268 -6.4858 -5.4077 10.9992 0.0000 -0.0000 0.0000 -89.3088 9.3361 9.8069 20.7096 -31.4878 -5.8975 -0.0000 -0.0000 14.4444 -16.3834 -33.4771 9.2116 -7.1250 0.0000 -0.0000 -26.1532 -1.7594 30.2542 0.0000 -0.0000 0.0000 82.8203 -1.9286 19.3808 -19.2652 29.7468 -5.1617 0.0000 0.0000 11.2329 0.0480 -48.4754 -0.0360 7.1250 -0.0000 -0.0000 60.9661 -69.5304 -40.6214
9.1711 15.4660 -37.4419 172.1950 -44.2768 186.8060 0.0000 0.0000 0.0000 -31.3650 -22.4866 0.9537 2.2202 9.3103 26.7710 -0.6271 -18.0306 -5.7218 2.8073 10.3763 30.2042 0.0000 0.0000 0.0000 17.2836 17.7240 2.4404 -2.2128 -9.2960 26.7256 -1.4807 -26.0851 -43.5178 -0.7463 -5.5180 15.3922 2.9896 -0.4420 4.0233 0.6180 -0.4090 -3.5458 -0.9938 -0.3368 -5.9597 -5.2071 -2.8818 -3.2115 -19.7885 -2.1327 34.0424 -7.2059 -5.4103 11.5541 -0.0000 0.0000 0.0000 -89.0861 8.2318 6.9802 20.9195 -31.7342 -6.0075 -0.0000 -0.0000 13.2301 -6.4354 -32.6474 3.4821 -7.1250 0.0000 -0.0000 -21.2084 -0.9673 23.2042 -0.0000 0.0000 0.0000 81.9517 -1.5090 21.5434 -19.2371 29.7122 -5.1478 0.0000 0.0000 12.3087 0.2464 -49.8632 -0.1884 7.1250 -0.0000 -0.0000 64.4643 -70.1010 -44.2390
9.2383 15.4973 -37.4263 171.6320 -46.7980 188.3580 0.0000 0.0000 0.0000 -30.6732 -23.4281 -0.5206 2.2167 9.3036 26.7496 -0.9237 -19.3434 -3.2657 3.5138 11.4837 33.9292 0.0000 0.0000 0.0000 17.4235 17.7509 1.7583 -2.1842 -9.2396 26.5478 -2.1202 -25.4025 -45.4041 -0.6124 -5.0087 13.9333 3.4017 -0.4916 3.9419 0.6772 -0.4495 -3.6051 -1.1593 -0.3752 -5.9821 -5.3427 -2.5687 -3.1876 -19.0115 -1.7602 35.2527 -6.9972 -5.2421 12.1110 0.0000 0.0000 0.0000 -88.1365 8.1683 6.2040 21.5051 -32.4132 -6.3185 -0.0000 -0.0000 8.3483 8.8598 -32.5134 -4.7893 -7.1250 0.0000 -0.0000 -12.9237 -2.1166 13.7415 0.0000 0.0000 0.0000 81.4051 -1.4980 23.3677 -18.9495 29.3559 -5.0061 0.0000 0.0000 13.6805 -2.0304 -49.2213 1.5377 7.1250 -0.0000 -0.0000 61.2200 -70.5948 -42.0622
9.3188 15.4941 -37.4124 170.5180 -49.0995 189.9160 0.0000 0.0000 0.0000 -30.4084 -23.8444 -1.5906 2.1931 9.2571 26.6030 -1.2246 -20.6643 -0.6492 3.8014 11.8913 35.3487 0.0000 0.0000 0.0000 17.6050 18.8524 1.7115 -2.2407 -9.3504 26.8977 -3.2500 -23.0952 -47.6746 -1.0261 -6.4438 18.0777 3.3537 -0.4401 4.3731 0.7607 -0.3569 -3.4852 -1.0522 -0.3228 -6.0980 -5.4119 -2.3625 -3.3071 -18.5210 -1.4463 36.0982 -6.8745 -5.0853 12.5425 -0.0000 -0.0000 0.0000 -88.0585 7.0774 2.4812 21.5292 -32.4409 -6.3314 -0.0000 -0.0000 8.9888 18.7287 -33.2620 -10.5340 -7.1250 0.0000 -0.0000 -7.5044 -4.4619 8.1333 -0.0000 -0.0000 0.0000 80.3185 -1.6438 25.1362 -18.7658 29.1267 -4.9164 0.0000 0.0000 15.2032 6.4164 -49.8424 -4.9124 7.1250 -0.0000 -0.0000 68.7121 -68.0261 -45.3709
9.4061 15.5043 -37.4104 168.9520 -51.9076 192.0290 0.0000 0.0000 0.0000 -30.0770 -24.5924 -3.0310 2.1850 9.2412 26.5528 -1.4397 -21.1110 3.3191 4.8616 13.2262 40.2214 0.0000 0.0000 0.0000 17.6210 19.7835 1.5411 -2.2796 -9.4257 27.1362 -2.8415 -23.1108 -46.1449 -0.5721 -4.8441 13.4644 3.0961 -0.5872 4.4287 0.7762 -0.5653 -3.2900 -0.8732 -0.4069 -5.9292 -5.7031 -2.2231 -3.5120 -17.3360 -1.3276 36.8739 -6.4239 -4.9309 12.9596 0.0000 -0.0000 0.0000 -87.0869 6.5005 2.5490 21.7288 -32.6692 -6.4388 -0.0000 -0.0000 6.1255 24.4781 -32.4097 -13.7126 -7.1250 0.0000 -0.0000 -4.1696 -4.8355 4.5178 0.0000 -0.0000 0.0000 79.5648 -1.6571 26.4845 -18.5550 28.8620 -4.8142 0.0000 0.0000 15.6099 2.0386 -48.9074 -1.5367 7.1250 -0.0000 -0.0000 63.4628 -69.0679 -42.1541
9.4944 15.5067 -37.4189 167.3550 -54.8959 193.9360 0.0000 0.0000 0.0000 -29.7093 -25.0677 -4.1999 2.1950 9.2610 26.6153 -1.6423 -21.9861 7.6360 5.7179 14.1492 43.8386 0.0000 0.0000 0.0000 18.1445 21.7847 2.3088 -2.2974 -9.4598 27.2445 -2.0232 -23.0077 -42.7347 -0.0703 -1.7110 4.7077 2.9120 -0.8045 4.8643 0.9439 -0.8407 -3.2090 -0.5639 -0.5306 -6.0988 -5.7842 -2.0431 -3.9959 -16.8769 -1.0070 37.9034 -6.3486 -4.7955 13.5741 0.0000 -0.0000 0.0000 -87.4874 5.6166 0.3150 21.7563 -32.7005 -6.4537 -0.0000 -0.0000 7.2920 24.1900 -31.4983 -13.2082 -7.1250 0.0000 -0.0000 -4.1815 -3.8307 4.4631 0.0000 -0.0000 0.0000 78.5327 -2.1826 28.0571 -18.4461 28.7246 -4.7617 0.0000 0.0000 15.4396 0.6858 -48.7032 -0.5152 7.1250 -0.0000 -0.0000 61.9815 -69.4253 -41.3402
9.5846 15.4875 -37.4281 165.3880 -58.0097 196.1320 0.0000 0.0000 0.0000 -29.4688 -25.7070 -5.4096 2.2580 9.3839 27.0039 -1.6050 -22.0547 12.5151 6.9332 15.2754 48.6214 0.0000 0.0000 0.0000 18.7095 23.7025 3.2633 -2.3173 -9.4979 27.3656 -2.5408 -19.1442 -41.5945 -0.0407 -1.3017 3.5792 2.7134 -1.0446 5.1651 1.2065 -1.1518 -3.0207 -0.1448 -0.6665 -6.0729 -5.5766 -1.8735 -4.1922 -16.6261 -0.7093 38.4649 -6.3277 -4.6038 13.9023 -0.0000 0.0000 0.0000 -87.8709 4.7327 0.0601 21.1082 -31.9544 -6.1071 -0.0000 -0.0000 6.5507 21.4958 -30.8351 -11.4125 -7.1250 0.0000 -0.0000 -5.6133 -2.5639 5.8866 -0.0000 0.0000 0.0000 77.4133 -2.7781 29.3768 -18.4394 28.7161 -4.7585 0.0000 0.0000 15.2016 -0.2375 -49.0029 0.1792 7.1250 -0.0000 -0.0000 62.0060 -69.8785 -41.8926
9.6766 15.4694 -37.4584 163.0470 -61.1758 198.6980 0.0000 0.0000 0.0000 -29.2469 -26.5398 -6.7329 2.3909 9.6368 27.8084 -1.6234 -22.8927 16.1976 7.5188 15.7536 50.8101 0.0000 0.0000 0.0000 19.6114 25.8868 4.7385 -2.2861 -9.4383 27.1761 -2.6185 -16.0249 -39.4978 -0.0004 -0.1321 0.3628 2.9161 -0.9166 5.2385 1.1025 -0.9669 -2.7882 -0.3884 -0.5794 -5.8713 -5.6470 -2.1769 -4.1687 -15.4384 -1.3028 39.0623 -5.9199 -4.6780 14.1258 -0.0000 -0.0000 0.0000 -86.8091 4.2185 4.4072 20.6698 -31.4408 -5.8767 -0.0000 -0.0000 5.9371 18.0383 -30.2363 -9.3131 -7.1250 0.0000 -0.0000 -7.5219 -1.2882 7.7557 -0.0000 -0.0000 0.0000 77.0878 -3.8478 29.3590 -18.4436 28.7215 -4.7605 0.0000 0.0000 15.0111 -0.6828 -48.9345 0.5148 7.1250 -0.0000 -0.0000 61.5096 -69.9978 -41.6165
9.7809 15.4687 -37.4949 158.7910 -64.7191 203.1090 0.0000 0.0000 0.0000 -29.4699 -27.3068 -7.4580 2.3069 9.4780 27.3023 -0.9708 -20.6501 20.1397 8.5162 16.4861 54.4013 0.0000 0.0000 0.0000 19.4661 26.5633 4.5928 -2.3790 -9.6146 27.7374 -2.9185 -11.6827 -37.9540 -1.4509 -7.6140 21.5476 2.1570 -1.2356 5.8258 1.1283 -1.4259 -2.9269 0.1279 -0.7769 -6.3466 -4.0592 -1.8507 -4.0919 -15.3726 -0.9266 39.4356 -6.1601 -4.2400 14.2524 -0.0000 -0.0000 0.0000 -87.0003 4.2977 6.4094 20.2863 -30.9858 -5.6780 -0.0000 -0.0000 9.6944 14.8789 -29.9542 -7.5567 -7.1250 0.0000 -0.0000 -9.3158 -0.4696 9.5181 -0.0000 -0.0000 0.0000 76.6492 -5.1806 30.1213 -18.3771 28.6373 -4.7286 0.0000 0.0000 15.0157 -0.4632 -49.3679 0.3515 7.1250 -0.0000 -0.0000 62.7307 -70.1238 -42.7891
9.8941 15.4755 -37.5153 157.3260 -68.7867 205.0560 0.0000 0.0000 0.0000 -27.8437 -27.9368 -8.8019 2.3209 9.5047 27.3871 -0.5129 -19.8997 23.7570 8.7476 16.6425 55.2131 0.0000 0.0000 0.0000 20.8536 24.9439 3.6503 -2.3338 -9.5292 27.4652 -1.2505 -18.0439 -34.1313 -0.5212 -4.6269 12.8473 3.6199 -1.3380 6.6370 1.4370 -1.3841 -3.0187 -0.3502 -0.8204 -6.9445 -3.7232 -2.2172 -4.0575 -14.7216 -1.5190 39.4733 -5.9765 -4.2868 14.1894 0.0000 0.0000 0.0000 -86.9991 3.9280 10.8189 19.7149 -30.2973 -5.3868 -0.0000 -0.0000 12.2828 13.3890 -30.8663 -6.9624 -7.1250 0.0000 -0.0000 -10.2504 -1.1429 10.6230 0.0000 0.0000 0.0000 76.3981 -6.5973 30.3363 -18.2032 28.4165 -4.6455 0.0000 0.0000 14.3451 -1.7658 -49.3372 1.3397 7.1250 -0.0000 -0.0000 61.7063 -70.5573 -42.4278
9.9990 15.4926 -37.5501 152.9130 -72.4489 210.3270 0.0000 0.0000 0.0000 -26.9707 -28.4819 -10.5230 2.3002 9.4653 27.2620 0.3673 -17.9415 28.3205 9.5192 17.1305 57.8689 0.0000 0.0000 0.0000 21.0839 23.8039 2.5432 -2.2706 -9.4083 27.0811 -1.1854 -19.7459 -35.4885 -0.5978 -4.9495 13.7645 4.1107 -1.3778 6.4976 1.6870 -1.3845 -3.1863 -0.3618 -0.8431 -7.0513 -4.1615 -2.5875 -3.8956 -13.2739 -2.3030 39.7492 -5.3666 -4.4461 14.2464 -0.0000 0.0000 0.0000 -87.0440 4.6213 17.3678 20.5469 -31.2957 -5.8128 -0.0000 -0.0000 11.9408 12.6217 -30.4349 -6.4715 -7.1250 0.0000 -0.0000 -10.6541 -0.6012 10.9557 -0.0000 0.0000 0.0000 76.1817 -8.0026 30.5880 -17.8378 27.9490 -4.4730 0.0000 0.0000 12.8825 -5.5471 -49.8798 4.2473 7.1250 -0.0000 -0.0000 60.4168 -72.1352 -43.1159
10.0967 15.4873 -37.5971 147.6920 -75.1061 215.1510 0.0000 0.0000 0.0000 -27.0652 -28.7848 -10.5737 2.3125 9.4888 27.3365 0.7930 -16.7330 29.9385 9.8393 17.3185 58.9499 0.0000 0.0000 0.0000 21.4189 21.8621 2.3541 -2.2395 -9.3481 26.8905 -1.0822 -20.6220 -35.8450 -0.6492 -5.1540 14.3483 3.3701 -1.3517 7.2624 2.6787 -1.3431 -2.7365 1.0976 -0.7639 -6.9675 -6.3587 -2.2274 -4.8580 -10.0314 -2.2300 41.1041 -3.7764 -4.3385 15.2823 0.0000 -0.0000 0.0000 -90.2134 4.5181 19.0242 20.5037 -31.2444 -5.7903 -0.0000 -0.0000 13.0800 13.8808 -31.3255 -7.3211 -7.1250 0.0000 -0.0000 -10.0108 -1.6739 10.4581 0.0000 -0.0000 0.0000 74.4262 -8.4522 31.9455 -17.3400 27.3038 -4.2421 0.0000 0.0000 12.2747 -6.9760 -50.0912 5.3619 7.1250 -0.0000 -0.0000 60.0104 -72.7460 -43.4398
10.2171 15.4988 -37.6163 142.4910 -78.0529 221.1620 0.0000 0.0000 0.0000 -25.9116 -29.3265 -12.6607 2.4465 9.7399 28.1385 0.9794 -16.4205 30.8473 9.7236 17.2515 58.5604 0.0000 0.0000 0.0000 21.8883 20.6340 0.9060 -2.1612 -9.1941 26.4044 -0.9253 -21.4974 -35.9469 -0.6928 -5.3209 14.8262 4.8957 -0.5442 7.3234 2.3228 -0.1296 -2.6796 -0.2912 -0.2435 -6.9428 -5.3471 -3.1210 -5.0250 -7.9109 -4.3517 41.9722 -3.3685 -4.7437 15.6735 -0.0000 0.0000 0.0000 -89.2716 5.3348 27.5977 21.4557 -32.3564 -6.2921 -0.0000 -0.0000 10.0292 14.1134 -31.4797 -7.4799 -7.1250 0.0000 -0.0000 -9.8930 -1.8637 10.3633 -0.0000 0.0000 0.0000 75.8720 -9.2965 29.7378 -16.5663 26.2825 -3.8934 0.0000 0.0000 14.0298 -8.1025 -50.6205 6.2797 7.1250 -0.0000 -0.0000 60.8228 -73.3905 -44.8363
10.3318 15.4951 -37.6517 136.0260 -79.8727 227.5100 0.0000 0.0000 0.0000 -25.7012 -29.1528 -13.3356 2.5028 9.8430 28.4697 1.0133 -15.7159 30.3585 9.5895 17.1725 58.1074 0.0000 0.0000 0.0000 22.7497 20.6885 1.3254 -2.1100 -9.0916 26.0822 -0.9926 -22.3641 -37.2609 -1.1484 -6.8045 19.1375 4.8973 -0.4797 8.1833 3.0128 0.0345 -2.3812 0.4164 -0.1521 -7.1147 -6.0570 -3.1425 -5.4941 -7.0519 -4.5148 42.7688 -2.9863 -4.8007 16.2773 0.0000 0.0000 0.0000 -90.2354 7.0175 33.8802 22.8933 -33.9719 -7.0786 -0.0000 -0.0000 7.8755 12.3560 -30.6192 -6.3664 -7.1250 0.0000 -0.0000 -10.8202 -0.7442 11.1598 0.0000 0.0000 0.0000 74.5395 -8.8548 31.4540 -15.7444 25.1729 -3.5365 0.0000 0.0000 16.3892 -7.5010 -50.7914 5.8254 7.1250 -0.0000 -0.0000 61.7436 -73.2419 -45.4711
10.4570 15.5160 -37.6982 124.8170 -81.7290 239.3980 0.0000 0.0000 0.0000 -25.1974 -29.0560 -14.5584 2.4081 9.6688 27.9107 1.0049 -15.9837 30.5717 9.1894 16.9280 56.7427 0.0000 0.0000 0.0000 23.2994 21.4602 0.2218 -2.1637 -9.1991 26.4202 -0.9480 -24.0440 -38.9114 -1.6189 -8.0225 22.7824 4.8918 -0.3958 8.4538 3.3776 0.1832 -2.3974 0.7868 -0.0767 -7.2859 -6.5515 -3.4862 -5.1734 -5.9487 -5.4101 43.2585 -2.5600 -5.0882 16.5229 -0.0000 -0.0000 0.0000 -90.0816 8.3963 40.2691 23.9032 -35.0618 -7.6509 -0.0000 -0.0000 8.0606 8.3278 -31.4447 -4.3668 -7.1250 0.0000 -0.0000 -13.1581 -1.0088 13.7530 -0.0000 -0.0000 0.0000 74.1269 -8.0952 32.4919 -15.1268 24.3224 -3.2780 0.0000 0.0000 19.6109 -3.5240 -51.0318 2.7412 7.1250 -0.0000 -0.0000 65.0249 -71.9028 -46.8291
10.6312 15.5219 -37.7745 97.9507 -82.7837 268.4110 0.0000 0.0000 0.0000 -24.4765 -30.3406 -17.1738 2.2570 9.3821 26.9980 1.1396 -15.5597 31.0272 8.8769 16.7278 55.6633 0.0000 0.0000 0.0000 22.6809 22.5872 -2.5971 -2.2659 -9.3993 27.0525 -1.5629 -24.5501 -42.2713 -2.7117 -10.2131 29.6695 4.1954 -1.1302 7.9539 3.7549 -0.8488 -3.2305 1.7411 -0.5539 -7.8972 -7.3282 -2.9930 -4.5776 -4.8557 -4.9623 43.3426 -1.8530 -4.8758 16.5062 -0.0000 0.0000 0.0000 -90.8855 10.1539 42.6093 24.5218 -35.7112 -8.0091 -0.0000 -0.0000 10.4066 2.9519 -34.4045 -1.6689 -7.1250 0.0000 -0.0000 -16.2391 -3.2643 17.8533 -0.0000 0.0000 0.0000 73.4011 -6.9553 35.7173 -14.9398 24.0622 -3.2014 0.0000 0.0000 21.0651 -4.0068 -51.1369 3.1219 7.1250 -0.0000 -0.0000 65.0161 -72.1165 -47.0665
10.7208 15.5334 -37.8234 85.5127 -83.0527 280.7770 0.0000 0.0000 0.0000 -24.5437 -30.0789 -17.0481 2.1954 9.2618 26.6177 0.6423 -16.4046 28.5287 8.0643 16.1664 52.7940 0.0000 0.0000 0.0000 23.1494 21.9284 -2.5926 -2.1385 -9.1488 26.2620 -1.3002 -25.5626 -42.1983 -2.6553 -10.1150 29.3500 3.8643 -0.8391 8.6707 4.1744 -0.4421 -2.8839 2.3198 -0.3277 -7.9333 -7.0290 -3.0078 -4.5509 -4.5981 -5.0921 43.5980 -1.8150 -4.8193 16.6351 -0.0000 0.0000 0.0000 -90.8697 10.7432 46.7671 24.6339 -35.8275 -8.0747 -0.0000 -0.0000 9.8819 1.3652 -33.3743 -0.7511 -7.1250 0.0000 -0.0000 -17.0624 -2.1320 18.5140 -0.0000 0.0000 0.0000 72.8025 -5.6962 37.9334 -15.1475 24.3512 -3.2865 0.0000 0.0000 20.3944 -5.9159 -51.8257 4.6570 7.1250 -0.0000 -0.0000 65.9047 -73.0660 -48.9333
10.8358 15.5546 -37.8651 70.8606 -82.8281 296.5610 0.0000 0.0000 0.0000 -24.0151 -30.5244 -18.4285 2.1339 9.1397 26.2332 0.1517 -16.8211 25.1947 7.1102 15.4240 49.2898 0.0000 0.0000 0.0000 23.3319 23.6406 -3.3079 -2.0475 -8.9644 25.6841 -1.4268 -27.1162 -44.3910 -3.0486 -10.7734 31.5193 4.7680 -0.7688 8.5261 3.7328 -0.2744 -2.8916 1.3145 -0.2985 -7.8685 -6.4992 -2.8566 -4.7893 -3.6155 -5.2387 43.8602 -1.5048 -4.6334 16.8456 -0.0000 -0.0000 0.0000 -90.3410 10.4078 46.8319 23.9589 -35.1207 -7.6829 -0.0000 -0.0000 10.8865 6.0672 -33.6807 -3.3734 -7.1250 0.0000 -0.0000 -14.5270 -2.9033 15.7487 -0.0000 -0.0000 0.0000 73.8695 -4.1699 38.8972 -15.7732 25.2122 -3.5488 0.0000 0.0000 19.1744 -6.6093 -53.1156 5.2949 7.1250 -0.0000 -0.0000 69.6660 -73.7434 -53.1070
10.9413 15.5695 -37.9112 60.7637 -82.2774 307.4340 0.0000 0.0000 0.0000 -23.7816 -33.2375 -17.9553 2.0035 8.8734 25.4000 -0.4944 -16.3528 17.4916 4.9055 13.2766 40.4130 0.0000 0.0000 0.0000 22.9103 22.7308 -5.0076 -2.0104 -8.8878 25.4450 -1.5051 -26.7874 -44.3566 -3.2229 -11.0474 32.4398 5.0300 -0.6716 8.5967 3.5613 -0.1239 -2.7381 0.9600 -0.2373 -7.7438 -6.1875 -2.4280 -5.2196 -2.7407 -4.8942 44.3057 -1.1473 -4.3026 17.2191 -0.0000 -0.0000 0.0000 -89.6329 9.3347 46.6447 23.4243 -34.5495 -7.3775 -0.0000 -0.0000 11.4638 7.0907 -33.8971 -3.9685 -7.1250 0.0000 -0.0000 -13.9817 -3.2350 15.1978 -0.0000 -0.0000 0.0000 74.3759 -2.4454 38.0408 -16.5313 26.2358 -3.8779 0.0000 0.0000 19.2806 -1.8452 -48.2793 1.3775 7.1250 -0.0000 -0.0000 59.0455 -70.0742 -39.6685
11.0370 15.5766 -37.9538 52.8958 -81.5030 316.2690 0.0000 0.0000 0.0000 -23.8674 -33.7252 -18.6411 1.9232 8.7043 24.8745 -0.7040 -15.5075 11.1890 1.9861 8.8371 25.2872 0.0000 0.0000 0.0000 22.7040 24.2772 -5.9364 -2.0160 -8.8994 25.4810 -1.7212 -27.7388 -46.1892 -3.4744 -11.4260 33.7305 4.3686 -0.6163 8.1162 4.1428 -0.1442 -2.5516 1.9358 -0.1995 -7.2611 -6.9989 -1.8919 -5.3943 -1.9572 -4.1485 44.6271 -0.5463 -4.0109 17.4997 -0.0000 -0.0000 0.0000 -91.4123 8.0300 43.7766 22.5961 -33.6442 -6.9132 -0.0000 -0.0000 14.7340 6.8456 -32.7697 -3.7178 -7.1250 0.0000 -0.0000 -14.0535 -2.1143 15.0149 -0.0000 -0.0000 0.0000 73.4994 -0.6881 38.7265 -17.7166 27.7927 -4.4163 0.0000 0.0000 15.8328 -1.8185 -49.4458 1.3818 7.1250 -0.0000 -0.0000 61.9427 -70.6254 -42.7055
11.1326 15.5765 -37.9909 43.0139 -80.4230 327.0970 0.0000 0.0000 0.0000 -23.4182 -34.9611 -19.1526 1.8810 8.6136 24.5938 -0.6134 -13.7489 6.1272 0.5786 4.8709 13.5408 0.0000 0.0000 0.0000 22.5164 23.9874 -7.7529 -2.0515 -8.9725 25.7093 -2.1694 -27.3105 -47.4251 -3.8484 -11.9559 35.5762 4.5017 -0.7300 7.8497 4.3444 -0.2905 -2.6077 2.0920 -0.2740 -7.1685 -6.9396 -1.4387 -5.2880 -1.1683 -3.8010 45.0807 -0.1465 -3.7548 17.7501 0.0000 0.0000 0.0000 -90.9189 6.9227 43.9447 22.4236 -33.4524 -6.8179 -0.0000 -0.0000 14.9328 7.2425 -32.3445 -3.8896 -7.1250 0.0000 -0.0000 -13.8120 -1.7500 14.6548 0.0000 0.0000 0.0000 73.3470 0.8094 38.9902 -18.4795 28.7668 -4.7778 0.0000 0.0000 12.8486 -2.7423 -49.8547 2.0969 7.1250 -0.0000 -0.0000 62.3383 -71.1313 -43.6215
11.2225 15.5687 -38.0325 33.2005 -78.3729 337.5760 0.0000 0.0000 0.0000 -23.1083 -35.7107 -19.7211 1.8820 8.6158 24.6008 -0.5208 -12.9158 2.0561 0.5589 -4.7886 -13.3064 0.0000 0.0000 0.0000 22.6646 23.9961 -8.9279 -2.0625 -8.9950 25.7797 -2.2783 -28.6060 -49.0634 -3.9901 -12.1472 36.2548 4.7386 -0.8924 7.5830 4.4302 -0.5004 -2.5792 2.0723 -0.3838 -6.9865 -6.7827 -1.3049 -5.1955 -0.2571 -4.0480 45.6550 0.2046 -3.7072 18.1111 0.0000 -0.0000 0.0000 -91.2434 5.0451 43.3911 21.3902 -32.2810 -6.2571 -0.0000 -0.0000 16.9272 9.3408 -34.0095 -5.2566 -7.1250 0.0000 -0.0000 -12.7623 -3.6373 13.8863 0.0000 -0.0000 0.0000 73.2936 2.3883 38.3843 -18.6843 29.0245 -4.8767 0.0000 0.0000 11.6784 -5.5370 -49.9468 4.2437 7.1250 -0.0000 -0.0000 60.6112 -72.1619 -43.3106
11.2968 15.5638 -38.0894 27.5174 -77.2540 342.9220 0.0000 0.0000 0.0000 -22.3885 -36.0108 -19.3775 2.0408 8.9505 25.6407 -0.3925 -11.8631 -0.3226 0.1151 2.1874 6.0238 0.0000 0.0000 0.0000 23.5021 23.6454 -8.6298 -1.9707 -8.8049 25.1868 -2.3601 -29.1439 -49.8591 -4.1828 -12.3998 37.1614 4.9412 -0.3253 8.1453 4.0370 0.2782 -2.0523 1.4316 -0.0078 -6.7431 -5.8061 -1.8547 -5.2189 0.6646 -5.5651 46.2352 0.2161 -4.0151 18.5612 0.0000 -0.0000 0.0000 -89.9072 3.2094 45.6437 21.2438 -32.1119 -6.1790 -0.0000 -0.0000 16.6453 9.7966 -33.2727 -5.4115 -7.1250 0.0000 -0.0000 -12.4573 -2.9824 13.4028 0.0000 -0.0000 0.0000 74.2944 4.1016 35.4243 -18.2535 28.4805 -4.6695 0.0000 0.0000 13.6965 -6.6606 -49.7300 5.0917 7.1250 -0.0000 -0.0000 59.1967 -72.4664 -42.4457
11.3604 15.5462 -38.1415 23.6395 -75.4235 347.1410 0.0000 0.0000 0.0000 -22.3301 -35.3605 -19.6015 2.0759 9.0224 25.8654 -0.2532 -12.0226 -4.2573 1.5624 -7.8880 -22.3744 0.0000 0.0000 0.0000 23.5711 23.7520 -9.4050 -2.0022 -8.8707 25.3917 -2.6341 -29.5699 -51.1641 -4.6238 -12.9472 39.1712 5.1637 0.3507 8.1550 3.2102 1.1662 -1.9334 0.3111 0.4129 -6.5871 -4.6357 -2.7339 -4.9665 1.7015 -7.6686 46.4491 0.1718 -4.4968 18.7559 -0.0000 -0.0000 0.0000 -88.1903 1.8655 48.5082 21.6361 -32.5633 -6.3889 -0.0000 -0.0000 15.7532 9.1266 -32.6768 -4.9571 -7.1250 0.0000 -0.0000 -12.7862 -2.3108 13.6299 -0.0000 -0.0000 0.0000 75.5405 5.1334 32.4718 -17.5579 27.5874 -4.3426 0.0000 0.0000 14.6140 -9.4485 -49.9066 7.2553 7.1250 -0.0000 -0.0000 57.7057 -73.5674 -42.3599
11.4130 15.5387 -38.1829 19.9847 -73.1440 350.7140 0.0000 0.0000 0.0000 -21.7691 -35.4562 -19.2927 2.1286 9.1290 26.1995 -0.3322 -12.8091 -3.6487 0.0011 -0.2140 -0.5881 0.0000 0.0000 0.0000 23.9147 23.0641 -9.8003 -2.0097 -8.8863 25.4402 -2.8397 -30.3749 -52.5569 -4.8812 -13.2487 40.3069 4.3752 -0.2865 8.5915 4.0123 0.3104 -2.0503 1.7225 0.0319 -6.9977 -6.4567 -2.2992 -4.2785 1.9454 -6.7832 46.7719 0.7781 -4.4487 18.8541 0.0000 0.0000 0.0000 -90.3824 1.9138 45.7749 22.0895 -33.0781 -6.6346 -0.0000 -0.0000 15.0347 8.9535 -32.6332 -4.8563 -7.1250 0.0000 -0.0000 -12.8794 -2.2455 13.7201 0.0000 0.0000 0.0000 73.8925 6.0835 34.7217 -17.2309 27.1612 -4.1922 0.0000 0.0000 14.5929 -11.2200 -50.1535 8.6596 7.1250 -0.0000 -0.0000 57.2187 -74.3439 -42.7536
11.4497 15.5217 -38.2058 18.0097 -71.0524 352.6060 0.0000 0.0000 0.0000 -22.3117 -33.1203 -19.0242 2.1107 9.0930 26.0867 -0.0865 -12.6983 -7.7234 2.4875 -9.8152 -28.3802 0.0000 0.0000 0.0000 23.9670 22.9378 -10.1666 -2.1166 -9.1049 26.1239 -3.9126 -29.5405 -55.0534 -5.5756 -14.0040 43.2535 4.8809 -0.0436 8.8137 3.3524 0.6770 -2.0081 0.6884 0.1804 -7.0652 -5.9594 -2.7819 -4.0559 2.3788 -7.7710 46.7968 0.7529 -4.6793 18.8881 -0.0000 0.0000 0.0000 -90.1646 2.2889 46.0977 23.5973 -34.7355 -7.4759 -0.0000 -0.0000 12.1577 10.1995 -33.1150 -5.6138 -7.1250 0.0000 -0.0000 -12.2229 -2.8847 13.1187 -0.0000 0.0000 0.0000 74.5797 6.1273 33.4686 -17.0793 26.9622 -4.1232 0.0000 0.0000 14.7307 -10.3531 -51.0840 8.0901 7.1250 -0.0000 -0.0000 60.8465 -74.4232 -45.9659
11.4636 15.5149 -38.2299 16.8663 -69.2212 353.5090 0.0000 0.0000 0.0000 -22.5876 -31.8972 -18.5617 2.1744 9.2202 26.4866 -0.0055 -12.0862 -8.4023 2.1906 -9.2522 -26.5875 0.0000 0.0000 0.0000 24.0421 22.2579 -10.1893 -2.1205 -9.1127 26.1485 -4.2474 -29.6956 -56.1388 -5.9754 -14.4044 44.8828 4.5725 -0.0441 8.7764 3.3081 0.6212 -1.6853 0.8175 0.1748 -6.7016 -6.2538 -2.6753 -4.0784 2.6331 -7.4457 46.4889 0.9970 -4.5315 18.6988 -0.0000 -0.0000 0.0000 -90.5028 1.9497 45.9428 25.0804 -36.2860 -8.3374 -0.0000 -0.0000 8.9244 10.2221 -33.3062 -5.6550 -7.1250 0.0000 -0.0000 -12.2251 -3.0745 13.1599 -0.0000 -0.0000 0.0000 74.0559 6.2665 35.8771 -17.1500 27.0552 -4.1554 0.0000 0.0000 13.8605 -11.5812 -51.7021 9.1365 7.1250 -0.0000 -0.0000 62.2357 -75.1322 -47.9418
11.4762 15.5059 -38.2426 14.5402 -67.0925 355.5320 0.0000 0.0000 0.0000 -22.6169 -29.7127 -18.4430 2.1935 9.2580 26.6057 -0.0014 -12.7264 -8.9111 1.9128 -8.6821 -24.8057 0.0000 0.0000 0.0000 24.5910 21.3637 -10.3825 -2.1485 -9.1688 26.3249 -5.1732 -29.2745 -58.3877 -6.5095 -14.9046 46.9939 4.0762 -0.5469 9.0211 4.2253 -0.0442 -1.6878 2.1659 -0.1199 -6.8578 -7.9983 -2.2939 -4.1041 2.4993 -6.3313 46.5626 1.4317 -4.3883 18.7588 0.0000 0.0000 0.0000 -92.4572 2.8804 44.0873 26.6514 -37.8447 -9.2844 -0.0000 -0.0000 7.7838 11.6927 -33.7276 -6.5552 -7.1250 0.0000 -0.0000 -11.4497 -3.7017 12.4089 0.0000 0.0000 0.0000 70.6390 5.9227 44.6619 -17.8326 27.9423 -4.4705 0.0000 0.0000 12.3941 -13.5378 -52.1107 10.7591 7.1250 -0.0000 -0.0000 62.6882 -76.0345 -49.2992
11.4753 15.4895 -38.2554 13.1680 -64.6848 356.7540 0.0000 0.0000 0.0000 -22.5725 -29.6016 -18.0306 2.1564 9.1846 26.3743 -0.1140 -14.1842 -8.5565 1.3444 -7.3408 -20.7290 0.0000 0.0000 0.0000 24.7041 19.7316 -11.0335 -2.2054 -9.2814 26.6796 -4.7949 -29.9422 -57.8445 -6.3707 -14.7782 46.4520 4.1674 -0.2781 8.9300 3.9983 0.3057 -1.6075 1.8191 0.0474 -6.7200 -7.4369 -2.6602 -3.8885 2.8622 -7.0049 46.1923 1.4185 -4.4721 18.5056 -0.0000 0.0000 0.0000 -91.8483 3.0318 46.4055 27.6911 -38.8303 -9.9294 -0.0000 -0.0000 6.6336 12.0407 -33.7364 -6.7558 -7.1250 0.0000 -0.0000 -11.2591 -3.7635 12.2055 -0.0000 0.0000 0.0000 67.9688 4.9888 54.9224 -18.5529 28.8593 -4.8131 0.0000 0.0000 12.7405 -21.8022 -54.3123 17.9988 7.1250 -0.0000 -0.0000 70.8376 -79.8895 -60.8777
11.4619 15.4675 -38.2478 11.7483 -62.3585 357.8450 0.0000 0.0000 0.0000 -22.7674 -30.2095 -17.1928 2.1037 9.0788 26.0422 0.0931 -13.2772 -10.4451 3.8558 -11.9661 -35.6121 0.0000 0.0000 0.0000 24.9626 17.3784 -11.7121 -2.2674 -9.4022 27.0616 -4.6961 -29.7240 -57.4126 -6.5135 -14.9081 47.0093 4.9476 0.1772 8.8158 3.3635 0.9617 -1.5946 0.6161 0.3311 -6.6177 -6.1115 -3.2911 -3.7937 3.1471 -8.3600 46.4515 1.1083 -4.7270 18.7099 0.0000 0.0000 0.0000 -89.9023 2.9713 49.3115 28.3301 -39.4183 -10.3326 -0.0000 -0.0000 6.0916 11.2339 -33.7322 -6.2941 -7.1250 0.0000 -0.0000 -11.7025 -3.6375 12.6820 0.0000 0.0000 0.0000 66.1449 4.1912 65.7323 -18.8355 29.2137 -4.9503 0.0000 0.0000 15.2784 -24.8885 -53.6611 20.4916 7.1250 -0.0000 -0.0000 67.3915 -81.0611 -58.8082
11.4366 15.4409 -38.2402 10.2355 -59.9165 358.9110 0.0000 0.0000 0.0000 -22.8096 -30.2255 -16.5150 1.9766 8.8171 25.2250 -0.2379 -15.7352 -8.3261 2.3727 -9.6026 -27.6992 0.0000 0.0000 0.0000 25.4123 13.6273 -13.1999 -2.4338 -9.7165 28.0634 -3.9296 -30.2214 -55.6540 -6.1077 -14.5319 45.4124 5.1567 0.2982 8.8542 3.3771 1.1602 -1.7431 0.4863 0.4162 -6.7903 -6.0397 -3.5351 -3.0976 3.9562 -9.0275 46.1637 1.4094 -4.8785 18.4590 0.0000 -0.0000 0.0000 -89.9044 3.4790 50.1834 27.8221 -38.9519 -10.0116 -0.0000 -0.0000 7.0434 10.1998 -33.3683 -5.6517 -7.1250 0.0000 -0.0000 -12.2421 -3.1321 13.1909 0.0000 -0.0000 0.0000 64.3170 3.6887 73.9993 -19.4257 29.9442 -5.2417 0.0000 0.0000 17.8676 -16.2509 -48.2159 12.2627 7.1250 -0.0000 -0.0000 46.9891 -75.2506 -35.1084
11.4113 15.4235 -38.2310 8.8389 -57.2436 359.4610 0.0000 0.0000 0.0000 -23.0299 -31.7581 -14.6922 1.8470 8.5399 24.3665 -0.5501 -16.7459 -5.1408 0.1212 -2.2442 -6.1811 0.0000 0.0000 0.0000 25.9432 10.3370 -14.0302 -2.6485 -10.1031 29.3113 -4.0859 -29.3199 -55.3809 -6.1088 -14.5329 45.4167 5.1078 0.0632 8.9981 3.6919 0.8691 -1.7209 0.8880 0.2802 -6.8642 -16.2028 -4.9455 1.2864 18.8602 -15.4660 40.0497 9.5020 -7.9466 17.6165 -0.0000 -0.0000 0.0000 -89.7339 3.4183 50.6703 27.1960 -38.3655 -9.6205 -0.0000 -0.0000 7.0412 9.5776 -33.8181 -5.3650 -7.1250 0.0000 -0.0000 -12.6184 -3.4837 13.6898 -0.0000 -0.0000 0.0000 63.4151 3.3563 79.2313 -20.2595 30.9538 -5.6642 0.0000 0.0000 17.9912 -4.4641 -48.3119 3.3367 7.1250 -0.0000 -0.0000 57.0745 -70.9915 -39.0801
11.3790 15.3664 -38.2260 7.5542 -54.6253 359.8970 0.0000 0.0000 0.0000 -23.3456 -31.3579 -14.1165 1.8478 8.5416 24.3716 -0.8430 -19.0188 -3.9943 0.2322 -3.1011 -8.5604 0.0000 0.0000 0.0000 26.3978 7.2416 -14.7529 -2.7856 -10.3395 30.0834 -2.5346 -31.1094 -52.3019 -5.2086 -13.6149 41.7161 5.4106 0.2332 8.4856 3.4437 1.0467 -1.2561 0.4276 0.3720 -6.0627 -24.9586 -0.9717 9.7489 40.6081 -14.3309 27.5011 27.4661 -9.7303 14.2496 0.0000 0.0000 0.0000 -88.9824 3.0599 50.3912 26.7999 -37.9877 -9.3757 -0.0000 -0.0000 8.6290 8.8291 -34.6042 -5.0411 -7.1250 0.0000 -0.0000 -13.0851 -4.1455 14.3652 0.0000 0.0000 0.0000 65.7826 2.4217 76.5659 -19.8829 30.5010 -5.4718 0.0000 0.0000 16.3974 6.0980 -48.2441 -4.5567 7.1250 -0.0000 -0.0000 65.0172 -67.4319 -41.4451
11.3419 15.3525 -38.2293 6.3815 -51.7023 360.0210 0.0000 0.0000 0.0000 -23.5516 -31.3618 -13.2728 1.9035 8.6620 24.7436 -1.1514 -21.1499 -2.9799 0.3740 -3.9281 -10.8746 0.0000 0.0000 0.0000 26.9224 4.1778 -14.8036 -2.8566 -10.4592 30.4768 -3.8034 -28.1496 -53.6055 -5.9497 -14.3795 44.7797 5.0559 0.1064 8.8235 3.7669 0.8731 -1.0732 0.9870 0.3055 -6.0770 4.7183 -5.0528 -13.5125 -7.1332 -10.6862 52.8107 -8.0426 -4.0868 25.5068 0.0000 0.0000 0.0000 -89.5621 2.1524 48.9849 25.0472 -36.2522 -8.3178 -0.0000 -0.0000 9.3810 9.4810 -34.1546 -5.3563 -7.1250 0.0000 -0.0000 -12.6968 -3.7978 13.8449 0.0000 0.0000 0.0000 69.2270 0.9107 67.6497 -18.3535 28.6074 -4.7173 0.0000 0.0000 18.6996 10.9665 -47.3374 -8.1097 7.1250 -0.0000 -0.0000 66.8682 -65.4814 -40.4631
11.3097 15.3335 -38.2419 5.4911 -49.2069 360.3350 0.0000 0.0000 0.0000 -23.3683 -31.2556 -12.7051 1.8638 8.5764 24.4791 -1.4566 -23.0268 -2.0629 0.0096 0.6314 1.7351 0.0000 0.0000 0.0000 27.3976 3.1315 -14.7678 -2.9851 -10.6709 31.1778 -3.5956 -28.9942 -53.6633 -5.4187 -13.8403 42.6016 4.8820 0.3687 9.0799 3.7401 1.2290 -1.1280 1.0058 0.4834 -6.2767 6.7147 -4.6630 -14.7853 -10.3574 -9.7119 54.2661 -10.9982 -3.2403 27.7942 -0.0000 -0.0000 0.0000 -89.3755 1.6090 47.2843 23.9129 -35.0720 -7.6564 -0.0000 -0.0000 11.5703 6.1722 -33.3402 -3.4015 -7.1250 0.0000 -0.0000 -14.4524 -2.5867 15.5853 -0.0000 -0.0000 0.0000 74.7060 -0.4359 52.2130 -16.1403 25.7106 -3.7066 0.0000 0.0000 23.1972 5.4154 -46.4603 -3.9311 7.1250 -0.0000 -0.0000 60.8584 -66.7705 -37.2259
11.2676 15.3535 -38.2327 5.0894 -46.1926 360.6460 0.0000 0.0000 0.0000 -23.5103 -30.0986 -12.7110 1.8024 8.4419 24.0644 -0.7986 -22.5910 -9.2547 0.1111 -2.1494 -5.9188 0.0000 0.0000 0.0000 27.4922 2.3311 -14.5908 -3.0242 -10.7341 31.3882 -3.2573 -29.8921 -53.4022 -4.8987 -13.2688 40.3830 4.6669 0.4524 8.5128 3.6648 1.2837 -1.2827 1.0429 0.5200 -6.1185 6.7728 -4.5520 -15.1111 -10.7475 -9.4019 54.6575 -11.5401 -2.9266 28.8754 -0.0000 0.0000 0.0000 -89.3237 1.7859 45.4750 22.8122 -33.8828 -7.0333 -0.0000 -0.0000 11.6713 9.5485 -32.0961 -5.1074 -7.1250 0.0000 -0.0000 -12.5129 -1.8008 13.2153 -0.0000 0.0000 0.0000 79.7618 -1.4533 35.6441 -15.2569 24.5028 -3.3318 0.0000 0.0000 25.4315 -3.7652 -50.8394 2.9211 7.1250 -0.0000 -0.0000 64.3256 -71.9116 -46.2275
11.2616 15.3626 -38.1799 4.6555 -39.1656 360.4350 0.0000 0.0000 0.0000 -24.8663 -32.1007 -10.9601 1.7280 8.2749 23.5521 -0.3350 -22.3305 -13.1298 1.3905 -7.4607 -21.0876 0.0000 0.0000 0.0000 27.4452 -0.6196 -14.1833 -3.0454 -10.7682 31.5019 -5.3582 -27.0615 -57.3768 -5.8731 -14.3042 44.4702 5.7614 -1.2558 8.1082 3.6731 -0.8886 -1.5613 0.7369 -0.5877 -6.2356 6.2309 -4.1391 -14.9592 -10.3771 -8.4774 54.6794 -11.0609 -2.6083 29.3823 0.0000 0.0000 0.0000 -90.1134 2.1308 42.2612 22.0058 -32.9836 -6.5890 -0.0000 -0.0000 12.7389 11.0623 -34.4664 -6.3137 -7.1250 0.0000 -0.0000 -11.8607 -4.3299 12.9950 0.0000 0.0000 0.0000 83.1409 -2.2822 24.2350 -15.8097 25.2620 -3.5644 0.0000 0.0000 21.6122 -11.8061 -52.2630 9.3862 7.1250 -0.0000 -0.0000 64.1400 -75.4198 -49.9478
11.2332 15.4086 -38.1900 4.4709 -40.6955 361.1270 0.0000 0.0000 0.0000 -24.2057 -30.8463 -11.6178 1.7051 8.2228 23.3928 0.9194 -18.0814 -19.9412 2.8217 -10.4007 -30.2842 0.0000 0.0000 0.0000 27.2309 1.0092 -13.5867 -3.0656 -10.8004 31.6098 -3.9188 -27.7549 -53.6442 -4.6912 -13.0273 39.4708 4.5284 0.2431 8.0990 3.7832 0.9966 -1.7148 1.2887 0.3819 -6.3495 4.8136 -4.3994 -15.0247 -8.7266 -8.8189 54.2809 -9.5589 -2.9469 29.0782 0.0000 -0.0000 0.0000 -89.9155 3.1349 40.2517 22.3818 -33.4058 -6.7949 -0.0000 -0.0000 12.8093 10.5869 -34.2362 -6.0029 -7.1250 0.0000 -0.0000 -12.0999 -4.0348 13.2107 0.0000 -0.0000 0.0000 84.8628 -2.9349 20.9817 -16.9222 26.7552 -4.0523 0.0000 0.0000 11.7847 -26.9216 -55.4289 22.6916 7.1250 -0.0000 -0.0000 80.5406 -81.9439 -72.4247
11.2325 15.4329 -38.1754 3.4604 -39.0022 362.0080 0.0000 0.0000 0.0000 -23.5543 -31.8560 -11.3455 1.7273 8.2733 23.5473 1.8763 -14.6493 -25.1478 4.4687 -12.7593 -38.4739 0.0000 0.0000 0.0000 27.4992 1.2998 -13.0526 -3.0806 -10.8244 31.6900 -2.8340 -28.4160 -50.7578 -3.9293 -12.0658 35.9651 4.8379 0.7001 8.0966 3.7342 1.6383 -1.7495 0.9786 0.6839 -6.3691 3.6152 -4.9140 -15.2458 -6.3074 -10.0344 53.6113 -7.7165 -3.5065 28.1847 0.0000 -0.0000 0.0000 -89.2871 3.6089 38.4959 22.8721 -33.9487 -7.0668 -0.0000 -0.0000 12.3432 8.4051 -34.6650 -4.8040 -7.1250 0.0000 -0.0000 -13.3190 -4.1475 14.6366 0.0000 -0.0000 0.0000 84.7766 -3.4462 21.5954 -18.1265 28.3189 -4.6091 0.0000 0.0000 8.8975 -13.1448 -55.7963 10.9316 7.1250 -0.0000 -0.0000 77.8910 -76.7062 -64.2274
11.2419 15.4480 -38.1399 2.8811 -36.4014 362.5180 0.0000 0.0000 0.0000 -23.4168 -32.3326 -11.5326 1.7499 8.3245 23.7041 2.0965 -13.0644 -26.2447 4.8538 -13.2172 -40.1871 0.0000 0.0000 0.0000 27.4383 -0.0842 -13.1065 -3.1284 -10.9000 31.9435 -2.7393 -26.8881 -49.0626 -3.5794 -11.5786 34.2571 5.2327 0.6330 8.0433 3.5360 1.5871 -1.9113 0.5579 0.6371 -6.4963 2.0626 -5.4449 -14.5669 -3.7950 -11.1899 52.7791 -5.8014 -4.1120 27.0842 0.0000 0.0000 0.0000 -89.0391 4.0221 36.1284 22.7626 -33.8282 -7.0057 -0.0000 -0.0000 11.6785 9.8012 -34.2141 -5.5481 -7.1250 0.0000 -0.0000 -12.5268 -3.9007 13.6716 0.0000 0.0000 0.0000 83.7542 -3.6491 23.3563 -18.3931 28.6575 -4.7362 0.0000 0.0000 11.2057 -7.3056 -46.2285 5.2891 7.1250 -0.0000 -0.0000 49.6305 -70.8043 -33.0103
11.2613 15.4475 -38.1124 2.4024 -34.7534 362.8240 0.0000 0.0000 0.0000 -23.5492 -34.9491 -10.0762 1.6816 8.1688 23.2280 2.4091 -8.1695 -27.9509 5.6914 -14.1225 -43.7303 0.0000 0.0000 0.0000 27.3278 -0.2889 -13.3021 -3.3309 -11.2124 32.9996 -2.2497 -26.8649 -47.2905 -3.1818 -10.9837 32.2250 4.5166 0.6973 8.2832 4.0971 1.6540 -1.9880 1.5382 0.7049 -6.7505 0.0166 -5.6971 -13.6406 -1.6355 -11.5106 51.7728 -3.9395 -4.5264 26.0157 0.0000 0.0000 0.0000 -90.0780 4.5678 32.9650 22.7772 -33.8443 -7.0138 -0.0000 -0.0000 11.1028 9.9350 -33.9385 -5.5853 -7.1250 0.0000 -0.0000 -12.4319 -3.6509 13.5121 0.0000 0.0000 0.0000 80.8937 -3.4472 26.0782 -18.0287 28.1939 -4.5628 0.0000 0.0000 13.0131 -5.2935 -47.1422 3.8854 7.1250 -0.0000 -0.0000 53.5328 -70.6478 -35.8764
11.2882 15.4585 -38.0805 1.8749 -32.7009 363.1930 0.0000 0.0000 0.0000 -23.2563 -32.2516 -11.3083 1.6307 8.0504 22.8672 1.7780 -17.1982 -25.1255 3.0372 -10.7550 -31.4580 0.0000 0.0000 0.0000 27.2251 -0.6128 -13.7287 -3.6150 -11.6297 34.4341 -2.0964 -25.9188 -45.8073 -2.7525 -10.2831 29.8985 4.4548 0.7283 8.4797 4.1799 1.7027 -1.8672 1.6507 0.7345 -6.7388 -1.2223 -6.0802 -13.1231 0.5288 -12.4590 50.7259 -2.5189 -4.9281 25.1765 -0.0000 0.0000 0.0000 -90.1010 4.2397 30.3247 22.1946 -33.1963 -6.6921 -0.0000 -0.0000 11.5841 9.4259 -34.3273 -5.3483 -7.1250 0.0000 -0.0000 -12.7400 -3.9582 13.9280 -0.0000 0.0000 0.0000 79.1689 -1.8814 24.9854 -17.2852 27.2322 -4.2170 0.0000 0.0000 18.4748 4.1415 -47.2792 -3.0451 7.1250 -0.0000 -0.0000 61.5007 -67.5935 -38.7496
11.3166 15.4757 -38.0604 1.5313 -31.2259 363.4630 0.0000 0.0000 0.0000 -23.3174 -33.2764 -10.6011 1.5290 7.8072 22.1300 1.3333 -19.2587 -23.0832 1.1333 -6.7612 -19.0098 0.0000 0.0000 0.0000 26.7638 -1.2231 -14.4911 -3.9759 -12.1283 36.1874 -0.8143 -26.2008 -40.7578 -1.4266 -7.5526 21.3632 4.1958 0.9271 8.6618 4.1039 1.9436 -1.7494 1.6784 0.8634 -6.7218 -2.0766 -6.3853 -12.1867 2.5693 -13.3875 49.7109 -1.2883 -5.2641 24.2794 -0.0000 0.0000 0.0000 -89.7232 3.9607 27.3040 21.8203 -32.7733 -6.4883 -0.0000 -0.0000 12.2806 8.1276 -34.8509 -4.6655 -7.1250 0.0000 -0.0000 -13.4822 -4.2909 14.8576 -0.0000 0.0000 0.0000 77.8027 0.1440 21.9982 -15.7745 25.2139 -3.5493 0.0000 0.0000 20.1578 3.6343 -46.7322 -2.6480 7.1250 -0.0000 -0.0000 59.9729 -67.4748 -37.3814
11.3511 15.4991 -38.0133 1.1693 -29.3216 363.5660 0.0000 0.0000 0.0000 -23.4663 -33.7082 -9.9999 1.4390 7.5841 21.4577 1.4651 -18.0924 -23.4924 2.0381 -8.9450 -25.6235 0.0000 0.0000 0.0000 26.0623 -1.6973 -14.9018 -4.4281 -12.7093 38.2899 0.3070 -25.7578 -34.4375 -0.3297 -3.6903 10.2069 3.8911 0.8875 8.9209 4.3804 1.8850 -1.6175 2.1463 0.8530 -6.7497 -2.6393 -6.4038 -11.6122 4.1433 -13.7241 48.7862 -0.3187 -5.3528 23.5643 -0.0000 -0.0000 0.0000 -89.8267 3.6305 23.6878 21.5780 -32.4968 -6.3576 -0.0000 -0.0000 11.1739 8.0773 -34.1937 -4.5601 -7.1250 0.0000 -0.0000 -13.4638 -3.6472 14.6941 -0.0000 -0.0000 0.0000 75.9631 2.9108 15.1839 -14.1360 22.9287 -2.8809 0.0000 0.0000 26.0588 5.9391 -47.8410 -4.4097 7.1250 -0.0000 -0.0000 64.0553 -67.2933 -40.4689
11.3878 15.5093 -37.9928 1.1153 -27.7170 363.4240 0.0000 0.0000 0.0000 -23.9298 -33.7590 -9.2050 1.3694 7.4060 20.9239 1.5100 -18.0498 -23.7543 2.7229 -10.2324 -29.7326 0.0000 0.0000 0.0000 24.9557 -1.2035 -15.0189 -4.9855 -13.3674 40.7598 0.4032 -23.2150 -30.0200 -0.2503 -3.2189 8.8889 3.5116 0.7915 9.3179 4.4336 1.7400 -1.5185 2.4332 0.7980 -6.8824 -3.2493 -6.2937 -10.5087 5.4041 -13.7582 48.1895 0.5481 -5.3915 22.9198 0.0000 -0.0000 0.0000 -89.2308 3.4291 20.9247 21.3002 -32.1771 -6.2090 -0.0000 -0.0000 11.3306 7.7138 -33.2992 -4.2529 -7.1250 0.0000 -0.0000 -13.6054 -2.7333 14.6502 0.0000 -0.0000 0.0000 74.2002 5.5183 8.7113 -13.1698 21.5355 -2.5153 0.0000 0.0000 30.7747 3.2640 -51.3603 -2.5506 7.1250 -0.0000 -0.0000 70.2083 -69.6672 -48.7641
11.4098 15.4967 -37.9736 1.1837 -26.3516 363.2660 0.0000 0.0000 0.0000 -24.5111 -33.3743 -8.7468 1.2371 7.0530 19.8725 1.3457 -19.1337 -23.1140 3.3021 -11.1687 -32.8509 0.0000 0.0000 0.0000 23.8030 0.9084 -14.6313 -5.6299 -14.0599 43.4779 -0.0535 -20.1031 -28.8076 -0.2586 -3.2720 9.0369 3.0004 1.1215 9.8842 4.2279 2.1354 -1.3571 2.4341 1.0078 -7.0503 -3.2853 -6.5950 -9.8057 6.5438 -14.5785 47.5132 1.0246 -5.6023 22.3869 0.0000 0.0000 0.0000 -87.9426 2.3794 19.1525 20.5380 -31.2851 -5.8082 -0.0000 -0.0000 11.8638 8.2618 -33.5686 -4.5903 -7.1250 0.0000 -0.0000 -13.3217 -3.0647 14.4014 0.0000 0.0000 0.0000 72.3007 7.1055 4.5003 -13.4313 21.9159 -2.6121 0.0000 0.0000 31.9471 -3.9355 -53.3808 3.1605 7.1250 -0.0000 -0.0000 71.7991 -72.8475 -54.0428
11.4371 15.4876 -37.9472 1.3472 -23.8974 363.4050 0.0000 0.0000 0.0000 -25.0175 -33.2528 -8.4484 1.0935 6.6453 18.6688 1.2771 -18.6885 -22.5268 4.1654 -12.3774 -37.0803 0.0000 0.0000 0.0000 22.9045 2.1597 -14.8751 -6.1360 -14.5589 45.5252 0.4121 -19.0478 -23.3061 -0.0049 -0.4510 1.2393 2.6134 0.8240 9.6316 4.2816 1.6812 -1.3221 2.7824 0.8044 -6.8702 -3.9076 -6.5618 -8.0523 7.7232 -14.5875 46.5753 1.8197 -5.6693 21.1749 -0.0000 0.0000 0.0000 -87.1157 1.8891 17.0577 20.2289 -30.9171 -5.6485 -0.0000 -0.0000 12.7056 8.8569 -32.7233 -4.8150 -7.1250 0.0000 -0.0000 -12.9388 -2.3205 13.8033 -0.0000 0.0000 0.0000 69.5703 7.8017 5.0355 -14.3937 23.2948 -2.9820 0.0000 0.0000 27.1562 -9.1760 -55.4405 7.5775 7.1250 -0.0000 -0.0000 77.0198 -75.2003 -61.6979
11.4710 15.4931 -37.9160 1.4719 -21.2717 363.4950 0.0000 0.0000 0.0000 -25.5905 -33.4680 -8.2013 1.0200 6.4251 18.0229 1.1860 -19.1532 -22.1266 4.7330 -13.0767 -39.6561 0.0000 0.0000 0.0000 22.0516 3.2057 -14.8750 -6.6013 -14.9867 47.3497 0.3185 -17.0051 -20.8964 -0.0002 -0.0803 0.2206 2.7576 0.6057 9.4199 4.1023 1.3730 -1.0853 2.5564 0.6467 -6.4788 -4.0435 -6.6684 -7.2368 8.6924 -14.8234 45.4600 2.3011 -5.7188 20.3121 -0.0000 -0.0000 0.0000 -85.9544 0.8554 16.0149 20.0625 -30.7176 -5.5633 -0.0000 -0.0000 13.3188 9.3216 -31.6956 -4.9291 -7.1250 0.0000 -0.0000 -12.6143 -1.3800 13.2365 -0.0000 -0.0000 0.0000 67.2208 8.4255 4.8148 -15.9256 25.4197 -3.6140 0.0000 0.0000 23.4475 -11.4074 -53.6049 9.2251 7.1250 -0.0000 -0.0000 69.3596 -75.6695 -54.9804
11.4932 15.4891 -37.8848 1.5363 -19.8253 363.0380 0.0000 0.0000 0.0000 -26.2785 -32.7081 -7.9909 1.0299 6.4552 18.1111 1.3119 -18.0261 -22.5125 4.6870 -13.0224 -39.4524 0.0000 0.0000 0.0000 21.5372 4.7851 -14.0225 -6.9372 -15.2788 48.6365 0.4756 -16.3429 -17.7421 -0.1830 2.7555 -7.5988 2.4930 0.5772 10.1332 4.2091 1.3421 -0.9393 2.8207 0.6424 -6.7383 -4.6697 -6.4685 -6.1360 9.3495 -14.3666 44.6121 2.8503 -5.6257 19.4995 0.0000 -0.0000 0.0000 -85.2953 0.5590 15.2935 20.0187 -30.6649 -5.5409 -0.0000 -0.0000 13.3345 11.4625 -30.8396 -5.9345 -7.1250 0.0000 -0.0000 -11.3463 -0.8331 11.7414 0.0000 -0.0000 0.0000 64.7023 8.4454 6.7635 -17.5451 27.5708 -4.3366 0.0000 0.0000 16.0010 -12.4067 -50.3665 9.6158 7.1250 -0.0000 -0.0000 57.0942 -74.8917 -43.2089
11.5141 15.4686 -37.8673 1.6584 -18.0217 363.3060 0.0000 0.0000 0.0000 -26.5354 -32.5249 -8.6090 1.0574 6.5383 18.3546 1.4912 -17.8646 -23.5806 5.1541 -13.5553 -41.4844 0.0000 0.0000 0.0000 21.1761 6.0019 -14.2404 -7.2822 -15.5650 49.9338 0.5158 -15.8763 -16.1902 -0.2251 3.0540 -8.4290 2.3463 0.5152 10.3304 4.2087 1.2631 -1.1180 2.9179 0.6098 -7.0419 -5.1259 -6.2310 -4.8894 10.0943 -13.9306 43.6699 3.3900 -5.5018 18.6116 0.0000 0.0000 0.0000 -84.6207 0.2845 14.0502 19.9938 -30.6349 -5.5282 -0.0000 -0.0000 11.6636 8.7309 -33.7792 -4.8804 -7.1250 0.0000 -0.0000 -13.0791 -3.3308 14.1828 0.0000 0.0000 0.0000 62.8166 8.2250 8.0401 -19.1550 29.6108 -5.1072 0.0000 0.0000 12.2710 -8.9560 -48.6085 6.7428 7.1250 -0.0000 -0.0000 54.2936 -72.7406 -38.6605
11.5344 15.4669 -37.8427 1.9235 -15.8431 363.3410 0.0000 0.0000 0.0000 -27.2253 -32.4800 -8.1747 0.9922 6.3396 17.7731 1.6486 -17.5856 -24.4563 5.4552 -13.8788 -42.7540 0.0000 0.0000 0.0000 20.7835 6.1550 -14.3209 -7.4975 -15.7369 50.7316 0.5766 -16.0629 -15.5776 -0.2645 3.3088 -9.1398 2.3556 0.4567 10.3817 4.0503 1.1807 -1.1241 2.7576 0.5666 -7.0704 -5.3973 -6.1797 -3.6285 10.8275 -13.8184 42.6602 3.8118 -5.4741 17.7463 -0.0000 -0.0000 0.0000 -84.0951 -0.2017 15.0253 20.0165 -30.6622 -5.5398 -0.0000 -0.0000 10.8133 10.4271 -33.5172 -5.8022 -7.1250 0.0000 -0.0000 -12.1286 -3.3096 13.0987 -0.0000 -0.0000 0.0000 61.7024 7.8167 8.4815 -20.4733 31.2083 -5.7746 0.0000 0.0000 10.0441 -11.2265 -51.9515 8.8838 7.1250 -0.0000 -0.0000 63.3192 -75.0890 -48.8585
11.5548 15.4610 -37.8081 2.2244 -13.7264 363.3840 0.0000 0.0000 0.0000 -27.9726 -31.6504 -8.1295 0.9432 6.1855 17.3236 1.7095 -17.5404 -24.8091 5.5230 -13.9496 -43.0360 0.0000 0.0000 0.0000 20.3789 6.0001 -14.4978 -7.7591 -15.9392 51.6904 0.6170 -16.1141 -14.9724 -0.2352 3.1209 -8.6156 2.1521 0.5132 10.7516 4.0663 1.2603 -1.3032 2.8791 0.6147 -7.4811 -5.5528 -6.3876 -3.5669 10.8291 -14.0246 42.6107 3.8127 -5.5613 17.7490 -0.0000 0.0000 0.0000 -84.3585 -0.3682 16.7283 19.9159 -30.5408 -5.4885 -0.0000 -0.0000 11.0144 10.8693 -32.6916 -5.9210 -7.1250 0.0000 -0.0000 -11.8188 -2.5656 12.6025 -0.0000 0.0000 0.0000 60.9516 7.1257 8.0348 -21.2224 32.0870 -6.1676 0.0000 0.0000 9.7884 -8.7838 -51.4941 6.8946 7.1250 -0.0000 -0.0000 63.1588 -73.9984 -47.5359
11.5938 15.4573 -37.7768 2.2329 -11.0770 363.6720 0.0000 0.0000 0.0000 -28.4174 -31.8075 -8.2450 0.9212 6.1150 17.1184 1.8715 -16.2460 -25.4489 5.8162 -14.2479 -44.2396 0.0000 0.0000 0.0000 20.1689 5.4706 -15.0678 -7.9773 -16.1025 52.4808 0.6269 -15.6958 -13.7206 -0.0935 1.9719 -5.4279 2.4692 0.3890 10.5843 4.1812 1.1363 -1.2774 2.8427 0.5444 -7.3504 -5.5811 -6.6052 -3.7867 11.0048 -14.3025 42.3829 3.8412 -5.6277 17.7396 -0.0000 0.0000 0.0000 -84.7484 -0.2204 19.9277 20.6272 -31.3906 -5.8545 -0.0000 -0.0000 10.0873 9.8160 -32.1544 -5.2610 -7.1250 0.0000 -0.0000 -12.3671 -1.8936 13.0735 -0.0000 0.0000 0.0000 60.7071 6.6598 7.6694 -21.6997 32.6359 -6.4231 0.0000 0.0000 8.7667 -9.5208 -48.5755 7.1678 7.1250 -0.0000 -0.0000 53.7480 -72.9284 -38.4058
11.6194 15.4413 -37.7510 2.2824 -9.1613 363.8010 0.0000 0.0000 0.0000 -28.8403 -31.6727 -8.2166 0.9154 6.0962 17.0637 1.8900 -14.3927 -25.1853 6.2910 -14.7045 -46.1386 0.0000 0.0000 0.0000 19.8299 5.2982 -15.4388 -8.2372 -16.2910 53.4126 0.6003 -14.9347 -12.2230 -0.2061 2.9228 -8.0639 2.5308 0.4723 11.0515 4.2760 1.2977 -1.4310 2.8849 0.6226 -7.7904 -5.7543 -6.8157 -3.6167 11.2409 -14.5771 42.1361 3.9378 -5.7310 17.6420 -0.0000 -0.0000 0.0000 -85.3381 0.4023 24.4270 20.8564 -31.6604 -5.9744 -0.0000 -0.0000 11.2474 13.2594 -30.7655 -6.8731 -7.1250 0.0000 -0.0000 -10.3159 -1.0233 10.6718 -0.0000 -0.0000 0.0000 61.2980 5.8870 7.8030 -22.0222 33.0021 -6.5979 0.0000 0.0000 7.8440 -11.4315 -51.8597 9.0364 7.1250 -0.0000 -0.0000 62.8802 -75.1336 -48.5155
11.6457 15.4384 -37.7235 2.5633 -6.5921 364.0410 0.0000 0.0000 0.0000 -29.6299 -31.2709 -7.6798 0.7852 5.6571 15.7926 1.8384 -14.1072 -24.8161 6.4598 -14.8596 -46.8004 0.0000 0.0000 0.0000 19.1397 4.6302 -16.0192 -8.4462 -16.4379 54.1545 0.5901 -14.1738 -10.0250 -0.3998 4.0594 -11.2437 2.4067 0.3401 10.7434 4.3813 1.0895 -1.2756 3.1001 0.5302 -7.4444 -5.9902 -7.0130 -3.5979 11.5733 -14.8071 41.6779 4.0798 -5.8131 17.4700 -0.0000 -0.0000 0.0000 -86.2150 0.0367 29.0313 20.7669 -31.5553 -5.9275 -0.0000 -0.0000 10.9955 13.7219 -29.1072 -6.7738 -7.1250 0.0000 -0.0000 -9.9158 0.5515 9.9708 -0.0000 -0.0000 0.0000 62.5612 6.4241 6.2298 -20.8017 31.5962 -5.9457 0.0000 0.0000 9.7896 -10.6969 -49.0678 8.1217 7.1250 -0.0000 -0.0000 54.2407 -73.6177 -39.5091
11.6707 15.4400 -37.6926 2.8291 -4.1074 364.3720 0.0000 0.0000 0.0000 -30.2530 -30.9835 -7.8689 0.7638 5.5811 15.5737 1.8633 -13.8411 -24.9255 6.2410 -14.6579 -45.9414 0.0000 0.0000 0.0000 18.5826 3.8051 -16.3658 -8.5714 -16.5239 54.5959 0.5044 -12.9346 -8.4836 -0.1156 2.1917 -6.0359 2.3494 0.2176 10.6418 4.4123 0.9176 -1.2765 3.1942 0.4505 -7.3822 -6.1046 -7.2336 -3.4939 11.8695 -15.1008 41.2836 4.1772 -5.9117 17.3131 0.0000 0.0000 0.0000 -87.1155 0.6581 33.4705 21.1442 -31.9963 -6.1262 -0.0000 -0.0000 10.9754 12.2341 -30.7284 -6.3223 -7.1250 0.0000 -0.0000 -10.8982 -0.8342 11.2602 0.0000 0.0000 0.0000 64.5237 6.5129 5.9631 -19.9661 30.6015 -5.5141 0.0000 0.0000 9.9118 -13.1288 -51.3060 10.3172 7.1250 -0.0000 -0.0000 59.9132 -75.5723 -46.3557
11.6866 15.4226 -37.6684 2.9224 -1.9014 364.6530 0.0000 0.0000 0.0000 -30.6906 -30.1235 -8.1549 0.7664 5.5903 15.6001 2.0818 -14.5639 -26.3700 6.6891 -15.0644 -47.6885 0.0000 0.0000 0.0000 18.3472 3.2122 -16.8033 -8.7608 -16.6513 55.2591 0.4788 -12.4673 -7.5928 -0.0329 1.1704 -3.2179 2.2647 0.2074 10.9866 4.5060 0.9239 -1.3463 3.3456 0.4606 -7.6586 -6.3085 -7.5054 -3.5799 12.2225 -15.5175 41.0477 4.2977 -6.0569 17.3440 0.0000 0.0000 0.0000 -88.0846 1.2735 38.5730 21.2230 -32.0877 -6.1680 -0.0000 -0.0000 11.2864 11.5692 -31.2814 -6.0674 -7.1250 0.0000 -0.0000 -11.3181 -1.2826 11.7993 0.0000 0.0000 0.0000 67.0125 6.8444 5.1190 -18.5778 28.8906 -4.8251 0.0000 0.0000 11.8656 -14.3726 -49.7671 11.0687 7.1250 -0.0000 -0.0000 53.6525 -75.3625 -40.7472
11.7008 15.4430 -37.6420 3.0560 0.1805 365.1040 0.0000 0.0000 0.0000 -30.9900 -28.3458 -8.4913 0.6709 5.2380 14.5887 1.8637 -13.6306 -24.8941 7.2917 -15.5727 -49.9691 0.0000 0.0000 0.0000 18.1168 2.2654 -17.6364 -8.9208 -16.7565 55.8157 0.4830 -12.2831 -6.0283 -0.0265 1.0515 -2.8906 1.8848 0.2913 10.9446 4.6093 0.9909 -1.3223 3.6594 0.5131 -7.6203 -6.2872 -7.6973 -3.5571 12.7036 -15.8378 40.5302 4.4405 -6.1279 17.1615 0.0000 0.0000 0.0000 -89.1088 1.9055 43.4042 21.1292 -31.9789 -6.1182 -0.0000 -0.0000 12.0304 11.0895 -33.0247 -6.0973 -7.1250 0.0000 -0.0000 -11.7231 -2.9236 12.5663 0.0000 0.0000 0.0000 69.9453 7.2751 4.5477 -17.2447 27.1792 -4.1985 0.0000 0.0000 14.3381 -16.3983 -47.3473 12.2126 7.1250 -0.0000 -0.0000 44.1781 -74.7810 -32.4324
11.7075 15.4254 -37.6252 3.4135 2.8208 365.6640 0.0000 0.0000 0.0000 -31.5230 -27.0844 -7.9317 0.4965 4.5177 12.5379 2.0137 -12.9668 -25.7283 7.2540 -15.5421 -49.8287 0.0000 0.0000 0.0000 17.7012 0.6669 -19.2175 -9.3517 -17.0288 57.2986 0.4757 -12.1388 -5.3131 -0.0076 -0.5613 1.5423 1.4470 0.0698 10.9315 4.5412 0.6336 -1.3437 3.8977 0.3571 -7.6206 -6.2815 -7.9038 -3.5975 13.2573 -16.2619 40.2296 4.6120 -6.2342 17.1625 -0.0000 0.0000 0.0000 -89.9436 2.7651 47.6837 21.6480 -32.5770 -6.3953 -0.0000 -0.0000 11.4878 8.9792 -32.7980 -4.8922 -7.1250 0.0000 -0.0000 -12.8759 -2.4094 13.7521 -0.0000 0.0000 0.0000 73.3403 7.4670 5.4360 -16.3485 25.9909 -3.7974 0.0000 0.0000 16.3911 -20.3199 -46.9091 15.1322 7.1250 -0.0000 -0.0000 38.9005 -76.0122 -29.2266
11.7233 15.4242 -37.6255 3.5375 4.5158 366.2780 0.0000 0.0000 0.0000 -31.8162 -24.8978 -8.5314 0.3997 4.0592 11.2432 2.0841 -10.4730 -25.9504 7.4053 -15.6639 -50.3910 0.0000 0.0000 0.0000 17.4874 -1.2135 -21.4492 -9.8832 -17.3436 59.0972 0.4242 -11.4528 -4.3740 -0.0722 -1.7337 4.7701 1.1397 0.1425 11.2108 4.4718 0.6937 -1.2901 3.9898 0.3989 -7.7288 -5.9372 -8.1475 -3.8948 13.5783 -16.6519 39.6550 4.5843 -6.2991 16.9880 -0.0000 -0.0000 0.0000 -90.0297 4.1033 52.1039 22.8297 -33.9021 -7.0431 -0.0000 -0.0000 11.5157 9.2538 -34.1965 -5.2320 -7.1250 0.0000 -0.0000 -12.8238 -3.8072 13.9925 -0.0000 -0.0000 0.0000 76.6800 7.4519 8.4755 -16.2220 25.8208 -3.7421 0.0000 0.0000 18.6430 -7.2217 -53.9312 5.8481 7.1250 -0.0000 -0.0000 72.1578 -74.1880 -55.9240
11.7359 15.4280 -37.6404 3.6115 6.2324 366.9180 0.0000 0.0000 0.0000 -32.1348 -22.4292 -9.6012 0.3521 3.8124 10.5494 2.0368 -3.7401 -26.0824 8.8406 -16.7040 -55.5371 0.0000 0.0000 0.0000 17.7942 -3.9932 -23.8216 -10.3493 -17.6017 60.6496 0.1373 -6.6382 -3.5423 -0.0250 -1.0212 2.8072 0.8270 0.1601 11.7423 4.4459 0.6907 -1.2523 4.1469 0.4130 -7.9959 -5.7429 -8.4110 -4.0778 13.8712 -17.0466 39.1340 4.5762 -6.3999 16.8328 0.0000 -0.0000 0.0000 -89.9576 4.7854 56.3487 23.8981 -35.0563 -7.6479 -0.0000 -0.0000 9.0716 7.4472 -33.4295 -4.1189 -7.1250 0.0000 -0.0000 -13.7594 -2.8263 14.8474 0.0000 -0.0000 0.0000 79.7225 7.4558 14.0877 -15.9685 25.4779 -3.6324 0.0000 0.0000 18.4397 -8.4991 -52.8636 6.7936 7.1250 -0.0000 -0.0000 67.9096 -74.3664 -52.2030
11.7506 15.4350 -37.6652 3.3265 7.5993 367.3820 0.0000 0.0000 0.0000 -32.0957 -20.5375 -12.3007 0.5859 4.9011 13.6266 1.9854 -0.0791 -26.6600 9.0442 -16.8361 -56.2430 0.0000 0.0000 0.0000 19.4104 -7.8624 -26.3489 -10.6756 -17.7726 61.7234 -0.0143 1.1247 -2.1494 -0.0008 0.1803 -0.4954 0.9023 0.1583 12.8032 4.5265 0.7446 -1.2096 4.1951 0.4433 -8.5631 -5.8790 -8.5697 -3.9257 14.5997 -17.2937 38.1308 4.8343 -6.4869 16.4101 -0.0000 0.0000 0.0000 -89.3859 5.0759 60.1093 24.8588 -36.0594 -8.2067 -0.0000 -0.0000 8.1496 6.4942 -35.1052 -3.7454 -7.1250 0.0000 -0.0000 -14.3770 -4.3292 15.9146 -0.0000 0.0000 0.0000 81.8950 7.5549 22.8074 -15.7580 25.1915 -3.5423 0.0000 0.0000 19.0284 -8.7660 -51.0392 6.8373 7.1250 -0.0000 -0.0000 61.7018 -73.8113 -46.0547
11.7458 15.3732 -37.7013 2.6488 8.1218 367.6010 0.0000 0.0000 0.0000 -31.1734 -19.2345 -15.0524 0.8180 5.7712 16.1219 1.7237 -2.2974 -24.2058 7.0423 -15.3674 -49.0342 0.0000 0.0000 0.0000 22.1566 -11.3743 -29.1410 -11.0657 -17.9671 62.9947 0.1332 6.8205 0.1483 -0.2538 3.2414 -8.9515 0.6634 0.4632 13.8869 4.7606 1.1572 -0.8567 4.5068 0.6610 -8.8399 -5.8940 -8.7876 -3.7941 15.2712 -17.5869 36.9641 5.0181 -6.5943 15.9066 0.0000 0.0000 0.0000 -88.6933 4.4315 63.2899 25.7205 -36.9313 -8.7191 -0.0000 -0.0000 7.3028 5.5312 -34.3199 -3.1252 -7.1250 0.0000 -0.0000 -14.8502 -3.4578 16.2614 0.0000 0.0000 0.0000 83.2885 8.2033 33.9491 -16.3407 25.9805 -3.7940 0.0000 0.0000 18.2129 -2.7371 -52.7464 2.1792 7.1250 -0.0000 -0.0000 70.4701 -72.2299 -52.0933
11.7478 15.3197 -37.7327 2.0145 8.6909 367.7050 0.0000 0.0000 0.0000 -30.6539 -17.0485 -17.6164 0.9938 6.3444 17.7871 1.3245 -3.0053 -20.9762 7.7554 -15.9364 -51.6767 0.0000 0.0000 0.0000 25.3046 -15.1019 -31.7057 -11.1507 -18.0080 63.2699 0.3303 10.2278 5.3024 -0.4970 4.5197 -12.5436 0.2568 0.7627 14.6138 5.0537 1.5117 -0.2700 4.9779 0.8517 -8.6625 -5.8848 -8.9717 -3.8558 15.7605 -17.8084 36.0504 5.1328 -6.6686 15.5569 0.0000 -0.0000 0.0000 -87.9875 2.9962 66.0716 26.2691 -37.4732 -9.0509 -0.0000 -0.0000 7.1295 5.6427 -34.3011 -3.1869 -7.1250 0.0000 -0.0000 -14.7891 -3.4526 16.1885 0.0000 -0.0000 0.0000 83.1474 9.0233 47.6414 -18.0428 28.2119 -4.5695 0.0000 0.0000 15.0339 -10.7980 -48.3031 8.1049 7.1250 -0.0000 -0.0000 51.9337 -73.2483 -37.2482
11.7620 15.2762 -37.7733 1.6177 8.6913 368.2330 0.0000 0.0000 0.0000 -30.6394 -14.5855 -21.0701 1.3417 7.3339 20.7084 1.2373 -3.9720 -20.0883 8.7458 -16.6413 -55.2066 0.0000 0.0000 0.0000 28.5713 -17.7928 -34.0120 -10.7873 -17.8294 62.0888 0.1499 9.4770 10.4432 -1.0384 6.4811 -18.1868 -0.0637 1.0034 15.2619 5.0728 1.7845 0.0013 5.1209 0.9960 -8.7690 -6.1401 -8.9923 -3.5515 16.4665 -17.8343 35.1698 5.4419 -6.7035 15.1765 -0.0000 -0.0000 0.0000 -87.3010 1.8398 67.1440 26.8749 -38.0597 -9.4219 -0.0000 -0.0000 7.3396 6.8468 -33.7359 -3.8150 -7.1250 0.0000 -0.0000 -14.1053 -3.0492 15.2968 -0.0000 -0.0000 0.0000 82.5347 9.9050 60.3177 -20.6051 31.3645 -5.8430 0.0000 0.0000 14.3967 -9.4984 -49.6395 7.2655 7.1250 -0.0000 -0.0000 56.8616 -73.4590 -41.5341
11.7638 15.2227 -37.8170 1.2694 7.0791 368.0110 0.0000 0.0000 0.0000 -30.2459 -12.5651 -23.6669 1.6808 8.1670 23.2225 0.8813 -8.7632 -16.9295 6.3500 -14.7592 -46.3709 0.0000 0.0000 0.0000 30.7726 -17.8582 -33.6343 -10.0817 -17.4555 59.7609 -0.2996 3.0284 11.9071 -0.0682 1.6843 -4.6340 -0.9390 1.8412 16.9754 4.9716 2.7400 0.4737 5.2752 1.4906 -9.3440 -6.3000 -8.9215 -3.7343 16.7856 -17.7269 34.8710 5.6004 -6.6526 15.1147 0.0000 -0.0000 0.0000 -87.0481 0.3570 66.2892 26.5664 -37.7626 -9.2324 -0.0000 -0.0000 7.5057 8.2311 -34.5477 -4.6897 -7.1250 0.0000 -0.0000 -13.4048 -4.0107 14.7061 0.0000 -0.0000 0.0000 82.5203 11.9462 71.1244 -22.3462 33.3660 -6.7753 0.0000 0.0000 11.7282 -3.9118 -48.9506 2.9520 7.1250 -0.0000 -0.0000 59.1266 -71.1190 -40.9074
11.8398 15.1757 -37.9001 1.4977 8.9573 370.3480 0.0000 0.0000 0.0000 -30.1544 -14.9121 -27.0443 1.9147 8.6861 24.8181 0.4380 -10.8959 -13.1139 4.2113 -12.4364 -37.2938 0.0000 0.0000 0.0000 31.7962 -17.2226 -35.2162 -9.4782 -17.1058 57.7295 -0.2814 3.1848 11.7109 -0.0630 -1.6192 4.4545 0.1618 1.1880 15.8116 4.6991 2.0406 0.2096 4.5186 1.0962 -8.8511 -6.6921 -8.8962 -3.6261 16.9191 -17.6002 34.7090 5.7444 -6.6486 15.0454 -0.0000 0.0000 0.0000 -87.9926 -1.6407 63.2332 25.0504 -36.2555 -8.3197 -0.0000 -0.0000 9.0400 11.5695 -35.0583 -6.7067 -7.1250 0.0000 -0.0000 -11.6399 -4.9854 12.8659 -0.0000 0.0000 0.0000 81.9423 14.2774 79.8646 -24.7580 35.9556 -8.1474 0.0000 0.0000 8.9588 -7.1451 -49.8499 5.4732 7.1250 -0.0000 -0.0000 59.1911 -72.6972 -42.6910
11.8525 15.1545 -37.9611 0.8337 7.5956 370.5210 0.0000 0.0000 0.0000 -29.2838 -14.3732 -28.9209 2.1938 9.2585 26.6074 0.5134 -9.8093 -13.5587 4.3921 -12.6646 -38.1257 0.0000 0.0000 0.0000 32.0149 -14.7953 -33.4475 -8.9562 -16.7795 55.9386 -0.2013 5.7840 12.5327 -0.3724 -3.9198 10.8510 -0.2842 1.9473 16.8065 4.9614 2.9903 0.7183 4.8217 1.5726 -8.9704 -6.8997 -8.7716 -3.4614 16.8041 -17.2581 34.5491 5.7827 -6.5521 14.8623 0.0000 0.0000 0.0000 -90.0730 -4.1367 57.7509 23.0238 -34.1148 -7.1516 -0.0000 -0.0000 9.7178 9.8682 -35.3677 -5.7497 -7.1250 0.0000 -0.0000 -12.5856 -5.0331 13.9698 0.0000 0.0000 0.0000 81.1740 16.4677 85.6809 -26.4019 37.6028 -9.1318 0.0000 0.0000 5.9412 -5.2773 -46.2437 3.8169 7.1250 -0.0000 -0.0000 51.4616 -70.1228 -33.7210
